territorio,anno,tavola,genere,eta,eta_anni,cittadinanza,titolo_studio,condizione,valore
082023,2018,lavoro,F,Y_GE15,,TOTAL,ALL,1,1019.0
082023,2019,lavoro,F,Y_GE15,,TOTAL,ALL,1,1008.0
082023,2021,lavoro,F,Y_GE15,,TOTAL,ALL,1,1152.0
082023,2022,lavoro,F,Y_GE15,,TOTAL,ALL,1,1212.0
082023,2023,lavoro,F,Y_GE15,,TOTAL,ALL,1,1247.0
082023,2024,lavoro,F,Y_GE15,,TOTAL,ALL,1,1353.0
082023,2018,lavoro,F,Y_GE15,,TOTAL,ALL,12,521.0
082023,2019,lavoro,F,Y_GE15,,TOTAL,ALL,12,512.0
082023,2021,lavoro,F,Y_GE15,,TOTAL,ALL,12,269.535561619956
082023,2022,lavoro,F,Y_GE15,,TOTAL,ALL,12,261.774389212545
082023,2023,lavoro,F,Y_GE15,,TOTAL,ALL,12,292.8841622076508
082023,2024,lavoro,F,Y_GE15,,TOTAL,ALL,12,233.4328919980834
082023,2018,lavoro,F,Y_GE15,,TOTAL,ALL,22,1540.0
082023,2019,lavoro,F,Y_GE15,,TOTAL,ALL,22,1520.0
082023,2021,lavoro,F,Y_GE15,,TOTAL,ALL,22,1421.53556161996
082023,2022,lavoro,F,Y_GE15,,TOTAL,ALL,22,1473.77438921255
082023,2023,lavoro,F,Y_GE15,,TOTAL,ALL,22,1539.884162207651
082023,2024,lavoro,F,Y_GE15,,TOTAL,ALL,22,1586.4328919980835
082023,2018,lavoro,F,Y_GE15,,TOTAL,ALL,23,3349.0
082023,2019,lavoro,F,Y_GE15,,TOTAL,ALL,23,3400.0
082023,2021,lavoro,F,Y_GE15,,TOTAL,ALL,23,3558.46443838004
082023,2022,lavoro,F,Y_GE15,,TOTAL,ALL,23,3559.22561078745
082023,2023,lavoro,F,Y_GE15,,TOTAL,ALL,23,3510.1158377923493
082023,2024,lavoro,F,Y_GE15,,TOTAL,ALL,23,3519.5671080019165
082023,2018,lavoro,F,Y_GE15,,TOTAL,ALL,24,614.0
082023,2019,lavoro,F,Y_GE15,,TOTAL,ALL,24,621.0
082023,2021,lavoro,F,Y_GE15,,TOTAL,ALL,24,671.519962070809
082023,2022,lavoro,F,Y_GE15,,TOTAL,ALL,24,619.977849168164
082023,2023,lavoro,F,Y_GE15,,TOTAL,ALL,24,572.9734256342799
082023,2024,lavoro,F,Y_GE15,,TOTAL,ALL,24,637.4243275154745
082023,2018,lavoro,F,Y_GE15,,TOTAL,ALL,4,1897.0
082023,2019,lavoro,F,Y_GE15,,TOTAL,ALL,4,1964.0
082023,2021,lavoro,F,Y_GE15,,TOTAL,ALL,4,2068.12076752763
082023,2022,lavoro,F,Y_GE15,,TOTAL,ALL,4,2032.86065483425
082023,2023,lavoro,F,Y_GE15,,TOTAL,ALL,4,1970.808454841868
082023,2024,lavoro,F,Y_GE15,,TOTAL,ALL,4,1955.2029322054805
082023,2018,lavoro,F,Y_GE15,,TOTAL,ALL,5,404.0
082023,2019,lavoro,F,Y_GE15,,TOTAL,ALL,5,428.0
082023,2021,lavoro,F,Y_GE15,,TOTAL,ALL,5,441.574384347332
082023,2022,lavoro,F,Y_GE15,,TOTAL,ALL,5,494.623164919699
082023,2023,lavoro,F,Y_GE15,,TOTAL,ALL,5,486.0243197605998
082023,2024,lavoro,F,Y_GE15,,TOTAL,ALL,5,503.2039910309769
082023,2018,lavoro,F,Y_GE15,,TOTAL,ALL,7,434.0
082023,2019,lavoro,F,Y_GE15,,TOTAL,ALL,7,388.0
082023,2021,lavoro,F,Y_GE15,,TOTAL,ALL,7,377.249324434276
082023,2022,lavoro,F,Y_GE15,,TOTAL,ALL,7,411.763941865338
082023,2023,lavoro,F,Y_GE15,,TOTAL,ALL,7,480.3096375556016
082023,2024,lavoro,F,Y_GE15,,TOTAL,ALL,7,423.73585724998486
082023,2018,lavoro,F,Y_GE15,,TOTAL,ALL,99,4889.0
082023,2019,lavoro,F,Y_GE15,,TOTAL,ALL,99,4920.0
082023,2021,lavoro,F,Y_GE15,,TOTAL,ALL,99,4980.0
082023,2022,lavoro,F,Y_GE15,,TOTAL,ALL,99,5033.0
082023,2023,lavoro,F,Y_GE15,,TOTAL,ALL,99,5050.0
082023,2024,lavoro,F,Y_GE15,,TOTAL,ALL,99,5106.0
082023,2018,lavoro,F,Y_GE65,,TOTAL,ALL,1,31.0
082023,2019,lavoro,F,Y_GE65,,TOTAL,ALL,1,33.0
082023,2021,lavoro,F,Y_GE65,,TOTAL,ALL,1,35.0
082023,2022,lavoro,F,Y_GE65,,TOTAL,ALL,1,36.0
082023,2023,lavoro,F,Y_GE65,,TOTAL,ALL,1,35.0
082023,2024,lavoro,F,Y_GE65,,TOTAL,ALL,1,38.0
082023,2018,lavoro,F,Y_GE65,,TOTAL,ALL,12,6.0
082023,2019,lavoro,F,Y_GE65,,TOTAL,ALL,12,6.0
082023,2021,lavoro,F,Y_GE65,,TOTAL,ALL,12,3.90113857093569
082023,2022,lavoro,F,Y_GE65,,TOTAL,ALL,12,2.21470126901076
082023,2023,lavoro,F,Y_GE65,,TOTAL,ALL,12,3.4863928225274354
082023,2024,lavoro,F,Y_GE65,,TOTAL,ALL,12,2.8484658336344024
082023,2018,lavoro,F,Y_GE65,,TOTAL,ALL,22,37.0
082023,2019,lavoro,F,Y_GE65,,TOTAL,ALL,22,39.0
082023,2021,lavoro,F,Y_GE65,,TOTAL,ALL,22,38.9011385709357
082023,2022,lavoro,F,Y_GE65,,TOTAL,ALL,22,38.2147012690108
082023,2023,lavoro,F,Y_GE65,,TOTAL,ALL,22,38.48639282252744
082023,2024,lavoro,F,Y_GE65,,TOTAL,ALL,22,40.8484658336344
082023,2018,lavoro,F,Y_GE65,,TOTAL,ALL,23,1146.0
082023,2019,lavoro,F,Y_GE65,,TOTAL,ALL,23,1166.0
082023,2021,lavoro,F,Y_GE65,,TOTAL,ALL,23,1223.09886142906
082023,2022,lavoro,F,Y_GE65,,TOTAL,ALL,23,1244.78529873099
082023,2023,lavoro,F,Y_GE65,,TOTAL,ALL,23,1257.5136071774723
082023,2024,lavoro,F,Y_GE65,,TOTAL,ALL,23,1275.1515341663655
082023,2018,lavoro,F,Y_GE65,,TOTAL,ALL,24,567.0
082023,2019,lavoro,F,Y_GE65,,TOTAL,ALL,24,572.0
082023,2021,lavoro,F,Y_GE65,,TOTAL,ALL,24,627.534584461641
082023,2022,lavoro,F,Y_GE65,,TOTAL,ALL,24,582.345249442414
082023,2023,lavoro,F,Y_GE65,,TOTAL,ALL,24,540.3763068425391
082023,2024,lavoro,F,Y_GE65,,TOTAL,ALL,24,601.0534485542585
082023,2018,lavoro,F,Y_GE65,,TOTAL,ALL,4,397.0
082023,2019,lavoro,F,Y_GE65,,TOTAL,ALL,4,421.0
082023,2021,lavoro,F,Y_GE65,,TOTAL,ALL,4,441.631050175285
082023,2022,lavoro,F,Y_GE65,,TOTAL,ALL,4,479.072223522447
082023,2023,lavoro,F,Y_GE65,,TOTAL,ALL,4,486.9735168548544
082023,2024,lavoro,F,Y_GE65,,TOTAL,ALL,4,482.1491382466963
082023,2018,lavoro,F,Y_GE65,,TOTAL,ALL,5,0.0
082023,2019,lavoro,F,Y_GE65,,TOTAL,ALL,5,0.0
082023,2021,lavoro,F,Y_GE65,,TOTAL,ALL,5,1.06337451644034e-05
082023,2022,lavoro,F,Y_GE65,,TOTAL,ALL,5,0.243175796529831
082023,2023,lavoro,F,Y_GE65,,TOTAL,ALL,5,0.4692656878807719
082023,2024,lavoro,F,Y_GE65,,TOTAL,ALL,5,0.1965557373486554
082023,2018,lavoro,F,Y_GE65,,TOTAL,ALL,7,182.0
082023,2019,lavoro,F,Y_GE65,,TOTAL,ALL,7,173.0
082023,2021,lavoro,F,Y_GE65,,TOTAL,ALL,7,153.933216158393
082023,2022,lavoro,F,Y_GE65,,TOTAL,ALL,7,183.124649969598
082023,2023,lavoro,F,Y_GE65,,TOTAL,ALL,7,229.69451779219827
082023,2024,lavoro,F,Y_GE65,,TOTAL,ALL,7,191.75239162806213
082023,2018,lavoro,F,Y_GE65,,TOTAL,ALL,99,1183.0
082023,2019,lavoro,F,Y_GE65,,TOTAL,ALL,99,1205.0
082023,2020,lavoro,F,Y_GE65,,TOTAL,ALL,99,1234.0
082023,2021,lavoro,F,Y_GE65,,TOTAL,ALL,99,1262.0
082023,2022,lavoro,F,Y_GE65,,TOTAL,ALL,99,1283.0
082023,2023,lavoro,F,Y_GE65,,TOTAL,ALL,99,1296.0
082023,2024,lavoro,F,Y_GE65,,TOTAL,ALL,99,1316.0
082023,2018,lavoro,F,Y15-24,,TOTAL,ALL,1,32.0
082023,2019,lavoro,F,Y15-24,,TOTAL,ALL,1,30.0
082023,2021,lavoro,F,Y15-24,,TOTAL,ALL,1,32.0
082023,2022,lavoro,F,Y15-24,,TOTAL,ALL,1,39.0
082023,2023,lavoro,F,Y15-24,,TOTAL,ALL,1,41.0
082023,2024,lavoro,F,Y15-24,,TOTAL,ALL,1,52.0
082023,2018,lavoro,F,Y15-24,,TOTAL,ALL,12,97.0
082023,2019,lavoro,F,Y15-24,,TOTAL,ALL,12,84.0
082023,2021,lavoro,F,Y15-24,,TOTAL,ALL,12,46.9458942799954
082023,2022,lavoro,F,Y15-24,,TOTAL,ALL,12,42.8124723056208
082023,2023,lavoro,F,Y15-24,,TOTAL,ALL,12,49.803442401059904
082023,2024,lavoro,F,Y15-24,,TOTAL,ALL,12,38.02019906191706
082023,2018,lavoro,F,Y15-24,,TOTAL,ALL,22,129.0
082023,2019,lavoro,F,Y15-24,,TOTAL,ALL,22,114.0
082023,2021,lavoro,F,Y15-24,,TOTAL,ALL,22,78.9458942799954
082023,2022,lavoro,F,Y15-24,,TOTAL,ALL,22,81.8124723056208
082023,2023,lavoro,F,Y15-24,,TOTAL,ALL,22,90.80344240105993
082023,2024,lavoro,F,Y15-24,,TOTAL,ALL,22,90.02019906191705
082023,2018,lavoro,F,Y15-24,,TOTAL,ALL,23,470.0
082023,2019,lavoro,F,Y15-24,,TOTAL,ALL,23,465.0
082023,2021,lavoro,F,Y15-24,,TOTAL,ALL,23,500.054105720005
082023,2022,lavoro,F,Y15-24,,TOTAL,ALL,23,512.187527694379
082023,2023,lavoro,F,Y15-24,,TOTAL,ALL,23,525.1965575989402
082023,2024,lavoro,F,Y15-24,,TOTAL,ALL,23,533.979800938083
082023,2018,lavoro,F,Y15-24,,TOTAL,ALL,24,1.0
082023,2019,lavoro,F,Y15-24,,TOTAL,ALL,24,1.0
082023,2021,lavoro,F,Y15-24,,TOTAL,ALL,24,0.346026561996336
082023,2022,lavoro,F,Y15-24,,TOTAL,ALL,24,0.327123095555821
082023,2023,lavoro,F,Y15-24,,TOTAL,ALL,24,0.2578668609011266
082023,2024,lavoro,F,Y15-24,,TOTAL,ALL,24,0.4587086024815478
082023,2018,lavoro,F,Y15-24,,TOTAL,ALL,4,76.0
082023,2019,lavoro,F,Y15-24,,TOTAL,ALL,4,67.0
082023,2021,lavoro,F,Y15-24,,TOTAL,ALL,4,93.9035623984499
082023,2022,lavoro,F,Y15-24,,TOTAL,ALL,4,69.738747272781
082023,2023,lavoro,F,Y15-24,,TOTAL,ALL,4,72.5003630033879
082023,2024,lavoro,F,Y15-24,,TOTAL,ALL,4,71.30964870603093
082023,2018,lavoro,F,Y15-24,,TOTAL,ALL,5,344.0
082023,2019,lavoro,F,Y15-24,,TOTAL,ALL,5,363.0
082023,2021,lavoro,F,Y15-24,,TOTAL,ALL,5,373.497981878973
082023,2022,lavoro,F,Y15-24,,TOTAL,ALL,5,414.476343599433
082023,2023,lavoro,F,Y15-24,,TOTAL,ALL,5,422.2857061136218
082023,2024,lavoro,F,Y15-24,,TOTAL,ALL,5,433.622137807068
082023,2018,lavoro,F,Y15-24,,TOTAL,ALL,7,49.0
082023,2019,lavoro,F,Y15-24,,TOTAL,ALL,7,34.0
082023,2021,lavoro,F,Y15-24,,TOTAL,ALL,7,32.3065348805854
082023,2022,lavoro,F,Y15-24,,TOTAL,ALL,7,27.6453137266099
082023,2023,lavoro,F,Y15-24,,TOTAL,ALL,7,30.152621621029365
082023,2024,lavoro,F,Y15-24,,TOTAL,ALL,7,28.58930582250248
082023,2018,lavoro,F,Y15-24,,TOTAL,ALL,99,599.0
082023,2019,lavoro,F,Y15-24,,TOTAL,ALL,99,579.0
082023,2021,lavoro,F,Y15-24,,TOTAL,ALL,99,579.0
082023,2022,lavoro,F,Y15-24,,TOTAL,ALL,99,594.0
082023,2023,lavoro,F,Y15-24,,TOTAL,ALL,99,616.0000000000001
082023,2024,lavoro,F,Y15-24,,TOTAL,ALL,99,624.0
082023,2018,lavoro,F,Y25-49,,TOTAL,ALL,1,667.0
082023,2019,lavoro,F,Y25-49,,TOTAL,ALL,1,641.0
082023,2021,lavoro,F,Y25-49,,TOTAL,ALL,1,735.0
082023,2022,lavoro,F,Y25-49,,TOTAL,ALL,1,745.0
082023,2023,lavoro,F,Y25-49,,TOTAL,ALL,1,746.0
082023,2024,lavoro,F,Y25-49,,TOTAL,ALL,1,810.0
082023,2018,lavoro,F,Y25-49,,TOTAL,ALL,12,333.0
082023,2019,lavoro,F,Y25-49,,TOTAL,ALL,12,335.0
082023,2021,lavoro,F,Y25-49,,TOTAL,ALL,12,167.257155680191
082023,2022,lavoro,F,Y25-49,,TOTAL,ALL,12,165.490422935187
082023,2023,lavoro,F,Y25-49,,TOTAL,ALL,12,176.26680373708984
082023,2024,lavoro,F,Y25-49,,TOTAL,ALL,12,139.31740462066958
082023,2018,lavoro,F,Y25-49,,TOTAL,ALL,22,1000.0
082023,2019,lavoro,F,Y25-49,,TOTAL,ALL,22,976.0
082023,2021,lavoro,F,Y25-49,,TOTAL,ALL,22,902.257155680191
082023,2022,lavoro,F,Y25-49,,TOTAL,ALL,22,910.490422935187
082023,2023,lavoro,F,Y25-49,,TOTAL,ALL,22,922.2668037370898
082023,2024,lavoro,F,Y25-49,,TOTAL,ALL,22,949.3174046206695
082023,2018,lavoro,F,Y25-49,,TOTAL,ALL,23,1026.0
082023,2019,lavoro,F,Y25-49,,TOTAL,ALL,23,1039.0
082023,2021,lavoro,F,Y25-49,,TOTAL,ALL,23,1054.74284431981
082023,2022,lavoro,F,Y25-49,,TOTAL,ALL,23,1005.50957706481
082023,2023,lavoro,F,Y25-49,,TOTAL,ALL,23,958.7331962629102
082023,2024,lavoro,F,Y25-49,,TOTAL,ALL,23,918.6825953793305
082023,2018,lavoro,F,Y25-49,,TOTAL,ALL,24,11.0
082023,2019,lavoro,F,Y25-49,,TOTAL,ALL,24,11.0
082023,2021,lavoro,F,Y25-49,,TOTAL,ALL,24,9.80376159123083
082023,2022,lavoro,F,Y25-49,,TOTAL,ALL,24,8.09329195347723
082023,2023,lavoro,F,Y25-49,,TOTAL,ALL,24,7.351369798976595
082023,2024,lavoro,F,Y25-49,,TOTAL,ALL,24,8.404139671071988
082023,2018,lavoro,F,Y25-49,,TOTAL,ALL,4,822.0
082023,2019,lavoro,F,Y25-49,,TOTAL,ALL,4,849.0
082023,2021,lavoro,F,Y25-49,,TOTAL,ALL,4,861.087560517321
082023,2022,lavoro,F,Y25-49,,TOTAL,ALL,4,804.407921857422
082023,2023,lavoro,F,Y25-49,,TOTAL,ALL,4,764.3884119630371
082023,2024,lavoro,F,Y25-49,,TOTAL,ALL,4,729.5784768548897
082023,2018,lavoro,F,Y25-49,,TOTAL,ALL,5,59.0
082023,2019,lavoro,F,Y25-49,,TOTAL,ALL,5,64.0
082023,2021,lavoro,F,Y25-49,,TOTAL,ALL,5,66.7296866863124
082023,2022,lavoro,F,Y25-49,,TOTAL,ALL,5,77.7710500569085
082023,2023,lavoro,F,Y25-49,,TOTAL,ALL,5,61.25342554290655
082023,2024,lavoro,F,Y25-49,,TOTAL,ALL,5,66.55604991846496
082023,2018,lavoro,F,Y25-49,,TOTAL,ALL,7,134.0
082023,2019,lavoro,F,Y25-49,,TOTAL,ALL,7,115.0
082023,2021,lavoro,F,Y25-49,,TOTAL,ALL,7,117.121835524945
082023,2022,lavoro,F,Y25-49,,TOTAL,ALL,7,115.237313197006
082023,2023,lavoro,F,Y25-49,,TOTAL,ALL,7,125.73998895798992
082023,2024,lavoro,F,Y25-49,,TOTAL,ALL,7,114.14392893490378
082023,2018,lavoro,F,Y25-49,,TOTAL,ALL,99,2026.0
082023,2019,lavoro,F,Y25-49,,TOTAL,ALL,99,2015.0
082023,2020,lavoro,F,Y25-49,,TOTAL,ALL,99,1980.0
082023,2021,lavoro,F,Y25-49,,TOTAL,ALL,99,1957.0
082023,2022,lavoro,F,Y25-49,,TOTAL,ALL,99,1916.0
082023,2023,lavoro,F,Y25-49,,TOTAL,ALL,99,1881.0
082023,2024,lavoro,F,Y25-49,,TOTAL,ALL,99,1868.0
082023,2018,lavoro,F,Y50-64,,TOTAL,ALL,1,289.0
082023,2019,lavoro,F,Y50-64,,TOTAL,ALL,1,304.0
082023,2021,lavoro,F,Y50-64,,TOTAL,ALL,1,350.0
082023,2022,lavoro,F,Y50-64,,TOTAL,ALL,1,392.0
082023,2023,lavoro,F,Y50-64,,TOTAL,ALL,1,425.0
082023,2024,lavoro,F,Y50-64,,TOTAL,ALL,1,453.0
082023,2018,lavoro,F,Y50-64,,TOTAL,ALL,12,85.0
082023,2019,lavoro,F,Y50-64,,TOTAL,ALL,12,87.0
082023,2021,lavoro,F,Y50-64,,TOTAL,ALL,12,51.4313730888335
082023,2022,lavoro,F,Y50-64,,TOTAL,ALL,12,51.2567927027273
082023,2023,lavoro,F,Y50-64,,TOTAL,ALL,12,63.32752324697361
082023,2024,lavoro,F,Y50-64,,TOTAL,ALL,12,53.24682248186235
082023,2018,lavoro,F,Y50-64,,TOTAL,ALL,22,374.0
082023,2019,lavoro,F,Y50-64,,TOTAL,ALL,22,391.0
082023,2021,lavoro,F,Y50-64,,TOTAL,ALL,22,401.431373088834
082023,2022,lavoro,F,Y50-64,,TOTAL,ALL,22,443.256792702727
082023,2023,lavoro,F,Y50-64,,TOTAL,ALL,22,488.3275232469736
082023,2024,lavoro,F,Y50-64,,TOTAL,ALL,22,506.2468224818624
082023,2018,lavoro,F,Y50-64,,TOTAL,ALL,23,707.0
082023,2019,lavoro,F,Y50-64,,TOTAL,ALL,23,730.0
082023,2021,lavoro,F,Y50-64,,TOTAL,ALL,23,780.568626911167
082023,2022,lavoro,F,Y50-64,,TOTAL,ALL,23,796.743207297273
082023,2023,lavoro,F,Y50-64,,TOTAL,ALL,23,768.6724767530263
082023,2024,lavoro,F,Y50-64,,TOTAL,ALL,23,791.7531775181376
082023,2018,lavoro,F,Y50-64,,TOTAL,ALL,24,35.0
082023,2019,lavoro,F,Y50-64,,TOTAL,ALL,24,37.0
082023,2021,lavoro,F,Y50-64,,TOTAL,ALL,24,33.8355894559408
082023,2022,lavoro,F,Y50-64,,TOTAL,ALL,24,29.2121846767163
082023,2023,lavoro,F,Y50-64,,TOTAL,ALL,24,24.987882131863135
082023,2024,lavoro,F,Y50-64,,TOTAL,ALL,24,27.508030687662423
082023,2018,lavoro,F,Y50-64,,TOTAL,ALL,4,602.0
082023,2019,lavoro,F,Y50-64,,TOTAL,ALL,4,626.0
082023,2021,lavoro,F,Y50-64,,TOTAL,ALL,4,671.498594436572
082023,2022,lavoro,F,Y50-64,,TOTAL,ALL,4,679.641762181604
082023,2023,lavoro,F,Y50-64,,TOTAL,ALL,4,646.9461630205885
082023,2024,lavoro,F,Y50-64,,TOTAL,ALL,4,672.1656683978636
082023,2018,lavoro,F,Y50-64,,TOTAL,ALL,5,1.0
082023,2019,lavoro,F,Y50-64,,TOTAL,ALL,5,1.0
082023,2021,lavoro,F,Y50-64,,TOTAL,ALL,5,1.34670514830184
082023,2022,lavoro,F,Y50-64,,TOTAL,ALL,5,2.13259546682853
082023,2023,lavoro,F,Y50-64,,TOTAL,ALL,5,2.015922416190664
082023,2024,lavoro,F,Y50-64,,TOTAL,ALL,5,2.829247568095165
082023,2018,lavoro,F,Y50-64,,TOTAL,ALL,7,69.0
082023,2019,lavoro,F,Y50-64,,TOTAL,ALL,7,66.0
082023,2021,lavoro,F,Y50-64,,TOTAL,ALL,7,73.887737870352
082023,2022,lavoro,F,Y50-64,,TOTAL,ALL,7,85.7566649721244
082023,2023,lavoro,F,Y50-64,,TOTAL,ALL,7,94.722509184384
082023,2024,lavoro,F,Y50-64,,TOTAL,ALL,7,89.25023086451647
082023,2018,lavoro,F,Y50-64,,TOTAL,ALL,99,1081.0
082023,2019,lavoro,F,Y50-64,,TOTAL,ALL,99,1121.0
082023,2020,lavoro,F,Y50-64,,TOTAL,ALL,99,1167.0
082023,2021,lavoro,F,Y50-64,,TOTAL,ALL,99,1182.0
082023,2022,lavoro,F,Y50-64,,TOTAL,ALL,99,1240.0
082023,2023,lavoro,F,Y50-64,,TOTAL,ALL,99,1257.0
082023,2024,lavoro,F,Y50-64,,TOTAL,ALL,99,1298.0
082023,2018,lavoro,M,Y_GE15,,TOTAL,ALL,1,2046.0
082023,2019,lavoro,M,Y_GE15,,TOTAL,ALL,1,2066.0
082023,2021,lavoro,M,Y_GE15,,TOTAL,ALL,1,2216.0
082023,2022,lavoro,M,Y_GE15,,TOTAL,ALL,1,2267.0
082023,2023,lavoro,M,Y_GE15,,TOTAL,ALL,1,2361.0
082023,2024,lavoro,M,Y_GE15,,TOTAL,ALL,1,2466.0
082023,2018,lavoro,M,Y_GE15,,TOTAL,ALL,12,638.0
082023,2019,lavoro,M,Y_GE15,,TOTAL,ALL,12,635.0
082023,2021,lavoro,M,Y_GE15,,TOTAL,ALL,12,372.895504230455
082023,2022,lavoro,M,Y_GE15,,TOTAL,ALL,12,342.28336783437
082023,2023,lavoro,M,Y_GE15,,TOTAL,ALL,12,333.6074287723182
082023,2024,lavoro,M,Y_GE15,,TOTAL,ALL,12,286.4834320133107
082023,2018,lavoro,M,Y_GE15,,TOTAL,ALL,22,2684.0
082023,2019,lavoro,M,Y_GE15,,TOTAL,ALL,22,2701.0
082023,2021,lavoro,M,Y_GE15,,TOTAL,ALL,22,2588.89550423045
082023,2022,lavoro,M,Y_GE15,,TOTAL,ALL,22,2609.28336783437
082023,2023,lavoro,M,Y_GE15,,TOTAL,ALL,22,2694.607428772318
082023,2024,lavoro,M,Y_GE15,,TOTAL,ALL,22,2752.483432013311
082023,2018,lavoro,M,Y_GE15,,TOTAL,ALL,23,1979.0
082023,2019,lavoro,M,Y_GE15,,TOTAL,ALL,23,1998.0
082023,2021,lavoro,M,Y_GE15,,TOTAL,ALL,23,2214.10449576955
082023,2022,lavoro,M,Y_GE15,,TOTAL,ALL,23,2184.71663216563
082023,2023,lavoro,M,Y_GE15,,TOTAL,ALL,23,2136.392571227682
082023,2024,lavoro,M,Y_GE15,,TOTAL,ALL,23,2150.5165679866896
082023,2018,lavoro,M,Y_GE15,,TOTAL,ALL,24,906.0
082023,2019,lavoro,M,Y_GE15,,TOTAL,ALL,24,950.0
082023,2021,lavoro,M,Y_GE15,,TOTAL,ALL,24,995.314214174763
082023,2022,lavoro,M,Y_GE15,,TOTAL,ALL,24,971.587316037021
082023,2023,lavoro,M,Y_GE15,,TOTAL,ALL,24,909.2678442020562
082023,2024,lavoro,M,Y_GE15,,TOTAL,ALL,24,965.907501924388
082023,2018,lavoro,M,Y_GE15,,TOTAL,ALL,4,82.0
082023,2019,lavoro,M,Y_GE15,,TOTAL,ALL,4,87.0
082023,2021,lavoro,M,Y_GE15,,TOTAL,ALL,4,160.922064313166
082023,2022,lavoro,M,Y_GE15,,TOTAL,ALL,4,156.414911378693
082023,2023,lavoro,M,Y_GE15,,TOTAL,ALL,4,155.7800734500413
082023,2024,lavoro,M,Y_GE15,,TOTAL,ALL,4,143.87444334717247
082023,2018,lavoro,M,Y_GE15,,TOTAL,ALL,5,366.0
082023,2019,lavoro,M,Y_GE15,,TOTAL,ALL,5,392.0
082023,2021,lavoro,M,Y_GE15,,TOTAL,ALL,5,436.117930972757
082023,2022,lavoro,M,Y_GE15,,TOTAL,ALL,5,450.213062360437
082023,2023,lavoro,M,Y_GE15,,TOTAL,ALL,5,424.3355211631357
082023,2024,lavoro,M,Y_GE15,,TOTAL,ALL,5,442.2768837453784
082023,2018,lavoro,M,Y_GE15,,TOTAL,ALL,7,625.0
082023,2019,lavoro,M,Y_GE15,,TOTAL,ALL,7,570.0
082023,2021,lavoro,M,Y_GE15,,TOTAL,ALL,7,621.75028630886
082023,2022,lavoro,M,Y_GE15,,TOTAL,ALL,7,606.501342389479
082023,2023,lavoro,M,Y_GE15,,TOTAL,ALL,7,647.0091324124488
082023,2024,lavoro,M,Y_GE15,,TOTAL,ALL,7,598.4577389697507
082023,2018,lavoro,M,Y_GE15,,TOTAL,ALL,99,4663.0
082023,2019,lavoro,M,Y_GE15,,TOTAL,ALL,99,4699.0
082023,2021,lavoro,M,Y_GE15,,TOTAL,ALL,99,4803.0
082023,2022,lavoro,M,Y_GE15,,TOTAL,ALL,99,4794.0
082023,2023,lavoro,M,Y_GE15,,TOTAL,ALL,99,4831.0
082023,2024,lavoro,M,Y_GE15,,TOTAL,ALL,99,4903.0
082023,2018,lavoro,M,Y_GE65,,TOTAL,ALL,1,78.0
082023,2019,lavoro,M,Y_GE65,,TOTAL,ALL,1,76.0
082023,2021,lavoro,M,Y_GE65,,TOTAL,ALL,1,69.0
082023,2022,lavoro,M,Y_GE65,,TOTAL,ALL,1,76.0
082023,2023,lavoro,M,Y_GE65,,TOTAL,ALL,1,79.0
082023,2024,lavoro,M,Y_GE65,,TOTAL,ALL,1,80.0
082023,2018,lavoro,M,Y_GE65,,TOTAL,ALL,12,3.0
082023,2019,lavoro,M,Y_GE65,,TOTAL,ALL,12,4.0
082023,2021,lavoro,M,Y_GE65,,TOTAL,ALL,12,2.59474057957098
082023,2022,lavoro,M,Y_GE65,,TOTAL,ALL,12,1.48780342311516
082023,2023,lavoro,M,Y_GE65,,TOTAL,ALL,12,1.6190366685378936
082023,2024,lavoro,M,Y_GE65,,TOTAL,ALL,12,1.8096862338362796
082023,2018,lavoro,M,Y_GE65,,TOTAL,ALL,22,81.0
082023,2019,lavoro,M,Y_GE65,,TOTAL,ALL,22,80.0
082023,2021,lavoro,M,Y_GE65,,TOTAL,ALL,22,71.594740579571
082023,2022,lavoro,M,Y_GE65,,TOTAL,ALL,22,77.4878034231152
082023,2023,lavoro,M,Y_GE65,,TOTAL,ALL,22,80.61903666853789
082023,2024,lavoro,M,Y_GE65,,TOTAL,ALL,22,81.80968623383627
082023,2018,lavoro,M,Y_GE65,,TOTAL,ALL,23,916.0
082023,2019,lavoro,M,Y_GE65,,TOTAL,ALL,23,933.0
082023,2021,lavoro,M,Y_GE65,,TOTAL,ALL,23,990.405259420429
082023,2022,lavoro,M,Y_GE65,,TOTAL,ALL,23,997.512196576885
082023,2023,lavoro,M,Y_GE65,,TOTAL,ALL,23,999.380963331462
082023,2024,lavoro,M,Y_GE65,,TOTAL,ALL,23,1016.190313766164
082023,2018,lavoro,M,Y_GE65,,TOTAL,ALL,24,785.0
082023,2019,lavoro,M,Y_GE65,,TOTAL,ALL,24,807.0
082023,2021,lavoro,M,Y_GE65,,TOTAL,ALL,24,858.976751352582
082023,2022,lavoro,M,Y_GE65,,TOTAL,ALL,24,851.063722665599
082023,2023,lavoro,M,Y_GE65,,TOTAL,ALL,24,812.0648032809628
082023,2024,lavoro,M,Y_GE65,,TOTAL,ALL,24,857.9724310720266
082023,2018,lavoro,M,Y_GE65,,TOTAL,ALL,4,8.0
082023,2019,lavoro,M,Y_GE65,,TOTAL,ALL,4,9.0
082023,2021,lavoro,M,Y_GE65,,TOTAL,ALL,4,13.0894267478088
082023,2022,lavoro,M,Y_GE65,,TOTAL,ALL,4,16.0417217491174
082023,2023,lavoro,M,Y_GE65,,TOTAL,ALL,4,18.227813067907057
082023,2024,lavoro,M,Y_GE65,,TOTAL,ALL,4,18.227121097303748
082023,2018,lavoro,M,Y_GE65,,TOTAL,ALL,5,0.0
082023,2019,lavoro,M,Y_GE65,,TOTAL,ALL,5,0.0
082023,2021,lavoro,M,Y_GE65,,TOTAL,ALL,5,3.26195060123296e-06
082023,2022,lavoro,M,Y_GE65,,TOTAL,ALL,5,0.0872285829286624
082023,2023,lavoro,M,Y_GE65,,TOTAL,ALL,5,0.1093700288269665
082023,2024,lavoro,M,Y_GE65,,TOTAL,ALL,5,0.0494601201844272
082023,2018,lavoro,M,Y_GE65,,TOTAL,ALL,7,123.0
082023,2019,lavoro,M,Y_GE65,,TOTAL,ALL,7,117.0
082023,2021,lavoro,M,Y_GE65,,TOTAL,ALL,7,118.339078058088
082023,2022,lavoro,M,Y_GE65,,TOTAL,ALL,7,130.31952357924
082023,2023,lavoro,M,Y_GE65,,TOTAL,ALL,7,168.97897695376537
082023,2024,lavoro,M,Y_GE65,,TOTAL,ALL,7,139.94130147664927
082023,2018,lavoro,M,Y_GE65,,TOTAL,ALL,99,997.0
082023,2019,lavoro,M,Y_GE65,,TOTAL,ALL,99,1013.0
082023,2020,lavoro,M,Y_GE65,,TOTAL,ALL,99,1053.0
082023,2021,lavoro,M,Y_GE65,,TOTAL,ALL,99,1062.0
082023,2022,lavoro,M,Y_GE65,,TOTAL,ALL,99,1075.0
082023,2023,lavoro,M,Y_GE65,,TOTAL,ALL,99,1080.0
082023,2024,lavoro,M,Y_GE65,,TOTAL,ALL,99,1098.0000000000002
082023,2018,lavoro,M,Y15-24,,TOTAL,ALL,1,88.0
082023,2019,lavoro,M,Y15-24,,TOTAL,ALL,1,91.0
082023,2021,lavoro,M,Y15-24,,TOTAL,ALL,1,105.0
082023,2022,lavoro,M,Y15-24,,TOTAL,ALL,1,108.0
082023,2023,lavoro,M,Y15-24,,TOTAL,ALL,1,126.0
082023,2024,lavoro,M,Y15-24,,TOTAL,ALL,1,126.0
082023,2018,lavoro,M,Y15-24,,TOTAL,ALL,12,98.0
082023,2019,lavoro,M,Y15-24,,TOTAL,ALL,12,101.0
082023,2021,lavoro,M,Y15-24,,TOTAL,ALL,12,69.2613708195433
082023,2022,lavoro,M,Y15-24,,TOTAL,ALL,12,58.185562393133
082023,2023,lavoro,M,Y15-24,,TOTAL,ALL,12,65.45160853548803
082023,2024,lavoro,M,Y15-24,,TOTAL,ALL,12,59.02905891813795
082023,2018,lavoro,M,Y15-24,,TOTAL,ALL,22,186.0
082023,2019,lavoro,M,Y15-24,,TOTAL,ALL,22,192.0
082023,2021,lavoro,M,Y15-24,,TOTAL,ALL,22,174.261370819543
082023,2022,lavoro,M,Y15-24,,TOTAL,ALL,22,166.185562393133
082023,2023,lavoro,M,Y15-24,,TOTAL,ALL,22,191.45160853548805
082023,2024,lavoro,M,Y15-24,,TOTAL,ALL,22,185.02905891813796
082023,2018,lavoro,M,Y15-24,,TOTAL,ALL,23,449.0
082023,2019,lavoro,M,Y15-24,,TOTAL,ALL,23,443.0
082023,2021,lavoro,M,Y15-24,,TOTAL,ALL,23,507.738629180457
082023,2022,lavoro,M,Y15-24,,TOTAL,ALL,23,490.814437606867
082023,2023,lavoro,M,Y15-24,,TOTAL,ALL,23,484.54839146451184
082023,2024,lavoro,M,Y15-24,,TOTAL,ALL,23,506.97094108186207
082023,2018,lavoro,M,Y15-24,,TOTAL,ALL,24,1.0
082023,2019,lavoro,M,Y15-24,,TOTAL,ALL,24,2.0
082023,2021,lavoro,M,Y15-24,,TOTAL,ALL,24,1.59433814090262
082023,2022,lavoro,M,Y15-24,,TOTAL,ALL,24,1.89447801515376
082023,2023,lavoro,M,Y15-24,,TOTAL,ALL,24,1.1625556397733858
082023,2024,lavoro,M,Y15-24,,TOTAL,ALL,24,2.595382878097341
082023,2018,lavoro,M,Y15-24,,TOTAL,ALL,4,5.0
082023,2019,lavoro,M,Y15-24,,TOTAL,ALL,4,6.0
082023,2021,lavoro,M,Y15-24,,TOTAL,ALL,4,10.5836229583642
082023,2022,lavoro,M,Y15-24,,TOTAL,ALL,4,7.7341168503462
082023,2023,lavoro,M,Y15-24,,TOTAL,ALL,4,9.689019282191971
082023,2024,lavoro,M,Y15-24,,TOTAL,ALL,4,10.027498518775628
082023,2018,lavoro,M,Y15-24,,TOTAL,ALL,5,336.0
082023,2019,lavoro,M,Y15-24,,TOTAL,ALL,5,357.0
082023,2021,lavoro,M,Y15-24,,TOTAL,ALL,5,402.765824247198
082023,2022,lavoro,M,Y15-24,,TOTAL,ALL,5,406.878011407633
082023,2023,lavoro,M,Y15-24,,TOTAL,ALL,5,393.61388982027233
082023,2024,lavoro,M,Y15-24,,TOTAL,ALL,5,406.18486132390296
082023,2018,lavoro,M,Y15-24,,TOTAL,ALL,7,107.0
082023,2019,lavoro,M,Y15-24,,TOTAL,ALL,7,78.0
082023,2021,lavoro,M,Y15-24,,TOTAL,ALL,7,92.7948438339918
082023,2022,lavoro,M,Y15-24,,TOTAL,ALL,7,74.3078313337335
082023,2023,lavoro,M,Y15-24,,TOTAL,ALL,7,80.08292672227415
082023,2024,lavoro,M,Y15-24,,TOTAL,ALL,7,88.16319836108612
082023,2018,lavoro,M,Y15-24,,TOTAL,ALL,99,635.0
082023,2019,lavoro,M,Y15-24,,TOTAL,ALL,99,635.0
082023,2021,lavoro,M,Y15-24,,TOTAL,ALL,99,682.0
082023,2022,lavoro,M,Y15-24,,TOTAL,ALL,99,657.0
082023,2023,lavoro,M,Y15-24,,TOTAL,ALL,99,675.9999999999999
082023,2024,lavoro,M,Y15-24,,TOTAL,ALL,99,692.0
082023,2018,lavoro,M,Y25-49,,TOTAL,ALL,1,1250.0
082023,2019,lavoro,M,Y25-49,,TOTAL,ALL,1,1209.0
082023,2021,lavoro,M,Y25-49,,TOTAL,ALL,1,1263.0
082023,2022,lavoro,M,Y25-49,,TOTAL,ALL,1,1294.0
082023,2023,lavoro,M,Y25-49,,TOTAL,ALL,1,1303.0
082023,2024,lavoro,M,Y25-49,,TOTAL,ALL,1,1351.0
082023,2018,lavoro,M,Y25-49,,TOTAL,ALL,12,382.0
082023,2019,lavoro,M,Y25-49,,TOTAL,ALL,12,378.0
082023,2021,lavoro,M,Y25-49,,TOTAL,ALL,12,207.129956805981
082023,2022,lavoro,M,Y25-49,,TOTAL,ALL,12,186.099518122717
082023,2023,lavoro,M,Y25-49,,TOTAL,ALL,12,176.9082130547035
082023,2024,lavoro,M,Y25-49,,TOTAL,ALL,12,144.6859330989722
082023,2018,lavoro,M,Y25-49,,TOTAL,ALL,22,1632.0
082023,2019,lavoro,M,Y25-49,,TOTAL,ALL,22,1587.0
082023,2021,lavoro,M,Y25-49,,TOTAL,ALL,22,1470.12995680598
082023,2022,lavoro,M,Y25-49,,TOTAL,ALL,22,1480.09951812272
082023,2023,lavoro,M,Y25-49,,TOTAL,ALL,22,1479.9082130547035
082023,2024,lavoro,M,Y25-49,,TOTAL,ALL,22,1495.685933098972
082023,2018,lavoro,M,Y25-49,,TOTAL,ALL,23,339.0
082023,2019,lavoro,M,Y25-49,,TOTAL,ALL,23,343.0
082023,2021,lavoro,M,Y25-49,,TOTAL,ALL,23,382.870043194019
082023,2022,lavoro,M,Y25-49,,TOTAL,ALL,23,354.900481877283
082023,2023,lavoro,M,Y25-49,,TOTAL,ALL,23,339.0917869452965
082023,2024,lavoro,M,Y25-49,,TOTAL,ALL,23,316.3140669010279
082023,2018,lavoro,M,Y25-49,,TOTAL,ALL,24,24.0
082023,2019,lavoro,M,Y25-49,,TOTAL,ALL,24,33.0
082023,2021,lavoro,M,Y25-49,,TOTAL,ALL,24,30.7661522789149
082023,2022,lavoro,M,Y25-49,,TOTAL,ALL,24,28.7134879166986
082023,2023,lavoro,M,Y25-49,,TOTAL,ALL,24,23.402705428754917
082023,2024,lavoro,M,Y25-49,,TOTAL,ALL,24,27.528304042023933
082023,2018,lavoro,M,Y25-49,,TOTAL,ALL,4,38.0
082023,2019,lavoro,M,Y25-49,,TOTAL,ALL,4,39.0
082023,2021,lavoro,M,Y25-49,,TOTAL,ALL,4,72.5531030833857
082023,2022,lavoro,M,Y25-49,,TOTAL,ALL,4,63.0003611450421
082023,2023,lavoro,M,Y25-49,,TOTAL,ALL,4,64.04672110927555
082023,2024,lavoro,M,Y25-49,,TOTAL,ALL,4,53.37697527087658
082023,2018,lavoro,M,Y25-49,,TOTAL,ALL,5,30.0
082023,2019,lavoro,M,Y25-49,,TOTAL,ALL,5,35.0
082023,2021,lavoro,M,Y25-49,,TOTAL,ALL,5,32.7225387602623
082023,2022,lavoro,M,Y25-49,,TOTAL,ALL,5,42.1063423480815
082023,2023,lavoro,M,Y25-49,,TOTAL,ALL,5,29.682229471563087
082023,2024,lavoro,M,Y25-49,,TOTAL,ALL,5,34.584728049019
082023,2018,lavoro,M,Y25-49,,TOTAL,ALL,7,247.0
082023,2019,lavoro,M,Y25-49,,TOTAL,ALL,7,236.0
082023,2021,lavoro,M,Y25-49,,TOTAL,ALL,7,246.828249071456
082023,2022,lavoro,M,Y25-49,,TOTAL,ALL,7,221.080290467461
082023,2023,lavoro,M,Y25-49,,TOTAL,ALL,7,221.96013093570295
082023,2024,lavoro,M,Y25-49,,TOTAL,ALL,7,200.8240595391084
082023,2018,lavoro,M,Y25-49,,TOTAL,ALL,99,1971.0
082023,2019,lavoro,M,Y25-49,,TOTAL,ALL,99,1930.0
082023,2020,lavoro,M,Y25-49,,TOTAL,ALL,99,1877.0
082023,2021,lavoro,M,Y25-49,,TOTAL,ALL,99,1853.0
082023,2022,lavoro,M,Y25-49,,TOTAL,ALL,99,1835.0
082023,2023,lavoro,M,Y25-49,,TOTAL,ALL,99,1819.0
082023,2024,lavoro,M,Y25-49,,TOTAL,ALL,99,1812.0
082023,2018,lavoro,M,Y50-64,,TOTAL,ALL,1,630.0
082023,2019,lavoro,M,Y50-64,,TOTAL,ALL,1,690.0
082023,2021,lavoro,M,Y50-64,,TOTAL,ALL,1,779.0
082023,2022,lavoro,M,Y50-64,,TOTAL,ALL,1,789.0
082023,2023,lavoro,M,Y50-64,,TOTAL,ALL,1,853.0
082023,2024,lavoro,M,Y50-64,,TOTAL,ALL,1,909.0
082023,2018,lavoro,M,Y50-64,,TOTAL,ALL,12,155.0
082023,2019,lavoro,M,Y50-64,,TOTAL,ALL,12,152.0
082023,2021,lavoro,M,Y50-64,,TOTAL,ALL,12,93.9094360253596
082023,2022,lavoro,M,Y50-64,,TOTAL,ALL,12,96.5104838954053
082023,2023,lavoro,M,Y50-64,,TOTAL,ALL,12,89.62857051358876
082023,2024,lavoro,M,Y50-64,,TOTAL,ALL,12,80.9587537623643
082023,2018,lavoro,M,Y50-64,,TOTAL,ALL,22,785.0
082023,2019,lavoro,M,Y50-64,,TOTAL,ALL,22,842.0
082023,2021,lavoro,M,Y50-64,,TOTAL,ALL,22,872.90943602536
082023,2022,lavoro,M,Y50-64,,TOTAL,ALL,22,885.510483895405
082023,2023,lavoro,M,Y50-64,,TOTAL,ALL,22,942.6285705135888
082023,2024,lavoro,M,Y50-64,,TOTAL,ALL,22,989.9587537623644
082023,2018,lavoro,M,Y50-64,,TOTAL,ALL,23,275.0
082023,2019,lavoro,M,Y50-64,,TOTAL,ALL,23,279.0
082023,2021,lavoro,M,Y50-64,,TOTAL,ALL,23,333.09056397464
082023,2022,lavoro,M,Y50-64,,TOTAL,ALL,23,341.489516104595
082023,2023,lavoro,M,Y50-64,,TOTAL,ALL,23,313.37142948641133
082023,2024,lavoro,M,Y50-64,,TOTAL,ALL,23,311.04124623763573
082023,2018,lavoro,M,Y50-64,,TOTAL,ALL,24,96.0
082023,2019,lavoro,M,Y50-64,,TOTAL,ALL,24,107.0
082023,2021,lavoro,M,Y50-64,,TOTAL,ALL,24,103.976972402364
082023,2022,lavoro,M,Y50-64,,TOTAL,ALL,24,89.91562743957
082023,2023,lavoro,M,Y50-64,,TOTAL,ALL,24,72.63777985256505
082023,2024,lavoro,M,Y50-64,,TOTAL,ALL,24,77.8113839322403
082023,2018,lavoro,M,Y50-64,,TOTAL,ALL,4,31.0
082023,2019,lavoro,M,Y50-64,,TOTAL,ALL,4,33.0
082023,2021,lavoro,M,Y50-64,,TOTAL,ALL,4,64.6959115236073
082023,2022,lavoro,M,Y50-64,,TOTAL,ALL,4,69.6387116341873
082023,2023,lavoro,M,Y50-64,,TOTAL,ALL,4,63.81651999066671
082023,2024,lavoro,M,Y50-64,,TOTAL,ALL,4,62.24284846021652
082023,2018,lavoro,M,Y50-64,,TOTAL,ALL,5,0.0
082023,2019,lavoro,M,Y50-64,,TOTAL,ALL,5,0.0
082023,2021,lavoro,M,Y50-64,,TOTAL,ALL,5,0.629564703345504
082023,2022,lavoro,M,Y50-64,,TOTAL,ALL,5,1.14148002179303
082023,2023,lavoro,M,Y50-64,,TOTAL,ALL,5,0.930031842473249
082023,2024,lavoro,M,Y50-64,,TOTAL,ALL,5,1.45783425227195
082023,2018,lavoro,M,Y50-64,,TOTAL,ALL,7,148.0
082023,2019,lavoro,M,Y50-64,,TOTAL,ALL,7,139.0
082023,2021,lavoro,M,Y50-64,,TOTAL,ALL,7,163.788115345324
082023,2022,lavoro,M,Y50-64,,TOTAL,ALL,7,180.793697009044
082023,2023,lavoro,M,Y50-64,,TOTAL,ALL,7,175.9870978007063
082023,2024,lavoro,M,Y50-64,,TOTAL,ALL,7,169.52917959290696
082023,2018,lavoro,M,Y50-64,,TOTAL,ALL,99,1060.0
082023,2019,lavoro,M,Y50-64,,TOTAL,ALL,99,1121.0
082023,2020,lavoro,M,Y50-64,,TOTAL,ALL,99,1154.0
082023,2021,lavoro,M,Y50-64,,TOTAL,ALL,99,1206.0
082023,2022,lavoro,M,Y50-64,,TOTAL,ALL,99,1227.0
082023,2023,lavoro,M,Y50-64,,TOTAL,ALL,99,1256.0
082023,2024,lavoro,M,Y50-64,,TOTAL,ALL,99,1301.0
082023,2018,lavoro,T,Y_GE15,,TOTAL,ALL,1,3065.0
082023,2019,lavoro,T,Y_GE15,,TOTAL,ALL,1,3074.0
082023,2021,lavoro,T,Y_GE15,,TOTAL,ALL,1,3368.0
082023,2022,lavoro,T,Y_GE15,,TOTAL,ALL,1,3479.0
082023,2023,lavoro,T,Y_GE15,,TOTAL,ALL,1,3608.0
082023,2024,lavoro,T,Y_GE15,,TOTAL,ALL,1,3819.0
082023,2018,lavoro,T,Y_GE15,,TOTAL,ALL,12,1159.0
082023,2019,lavoro,T,Y_GE15,,TOTAL,ALL,12,1147.0
082023,2021,lavoro,T,Y_GE15,,TOTAL,ALL,12,642.43106585041
082023,2022,lavoro,T,Y_GE15,,TOTAL,ALL,12,604.057757046916
082023,2023,lavoro,T,Y_GE15,,TOTAL,ALL,12,626.491590979969
082023,2024,lavoro,T,Y_GE15,,TOTAL,ALL,12,519.9163240113941
082023,2018,lavoro,T,Y_GE15,,TOTAL,ALL,22,4224.0
082023,2019,lavoro,T,Y_GE15,,TOTAL,ALL,22,4221.0
082023,2021,lavoro,T,Y_GE15,,TOTAL,ALL,22,4010.43106585041
082023,2022,lavoro,T,Y_GE15,,TOTAL,ALL,22,4083.05775704692
082023,2023,lavoro,T,Y_GE15,,TOTAL,ALL,22,4234.491590979969
082023,2024,lavoro,T,Y_GE15,,TOTAL,ALL,22,4338.916324011394
082023,2018,lavoro,T,Y_GE15,,TOTAL,ALL,23,5328.0
082023,2019,lavoro,T,Y_GE15,,TOTAL,ALL,23,5398.0
082023,2021,lavoro,T,Y_GE15,,TOTAL,ALL,23,5772.56893414959
082023,2022,lavoro,T,Y_GE15,,TOTAL,ALL,23,5743.94224295308
082023,2023,lavoro,T,Y_GE15,,TOTAL,ALL,23,5646.508409020031
082023,2024,lavoro,T,Y_GE15,,TOTAL,ALL,23,5670.083675988606
082023,2018,lavoro,T,Y_GE15,,TOTAL,ALL,24,1520.0
082023,2019,lavoro,T,Y_GE15,,TOTAL,ALL,24,1571.0
082023,2021,lavoro,T,Y_GE15,,TOTAL,ALL,24,1666.83417624557
082023,2022,lavoro,T,Y_GE15,,TOTAL,ALL,24,1591.56516520518
082023,2023,lavoro,T,Y_GE15,,TOTAL,ALL,24,1482.241269836336
082023,2024,lavoro,T,Y_GE15,,TOTAL,ALL,24,1603.3318294398623
082023,2018,lavoro,T,Y_GE15,,TOTAL,ALL,4,1979.0
082023,2019,lavoro,T,Y_GE15,,TOTAL,ALL,4,2050.0
082023,2021,lavoro,T,Y_GE15,,TOTAL,ALL,4,2229.04283184079
082023,2022,lavoro,T,Y_GE15,,TOTAL,ALL,4,2189.27556621295
082023,2023,lavoro,T,Y_GE15,,TOTAL,ALL,4,2126.5885282919094
082023,2024,lavoro,T,Y_GE15,,TOTAL,ALL,4,2099.077375552653
082023,2018,lavoro,T,Y_GE15,,TOTAL,ALL,5,770.0
082023,2019,lavoro,T,Y_GE15,,TOTAL,ALL,5,820.0
082023,2021,lavoro,T,Y_GE15,,TOTAL,ALL,5,877.692315320089
082023,2022,lavoro,T,Y_GE15,,TOTAL,ALL,5,944.836227280136
082023,2023,lavoro,T,Y_GE15,,TOTAL,ALL,5,910.3598409237354
082023,2024,lavoro,T,Y_GE15,,TOTAL,ALL,5,945.4808747763552
082023,2018,lavoro,T,Y_GE15,,TOTAL,ALL,7,1059.0
082023,2019,lavoro,T,Y_GE15,,TOTAL,ALL,7,958.0
082023,2021,lavoro,T,Y_GE15,,TOTAL,ALL,7,998.999610743135
082023,2022,lavoro,T,Y_GE15,,TOTAL,ALL,7,1018.26528425482
082023,2023,lavoro,T,Y_GE15,,TOTAL,ALL,7,1127.3187699680502
082023,2024,lavoro,T,Y_GE15,,TOTAL,ALL,7,1022.1935962197356
082023,2018,lavoro,T,Y_GE15,,TOTAL,ALL,99,9552.0
082023,2019,lavoro,T,Y_GE15,,TOTAL,ALL,99,9619.0
082023,2021,lavoro,T,Y_GE15,,TOTAL,ALL,99,9783.0
082023,2022,lavoro,T,Y_GE15,,TOTAL,ALL,99,9827.0
082023,2023,lavoro,T,Y_GE15,,TOTAL,ALL,99,9881.0
082023,2024,lavoro,T,Y_GE15,,TOTAL,ALL,99,10009.0
082023,2018,lavoro,T,Y_GE65,,TOTAL,ALL,1,109.0
082023,2019,lavoro,T,Y_GE65,,TOTAL,ALL,1,109.0
082023,2021,lavoro,T,Y_GE65,,TOTAL,ALL,1,104.0
082023,2022,lavoro,T,Y_GE65,,TOTAL,ALL,1,112.0
082023,2023,lavoro,T,Y_GE65,,TOTAL,ALL,1,114.0
082023,2024,lavoro,T,Y_GE65,,TOTAL,ALL,1,118.0
082023,2018,lavoro,T,Y_GE65,,TOTAL,ALL,12,9.0
082023,2019,lavoro,T,Y_GE65,,TOTAL,ALL,12,10.0
082023,2021,lavoro,T,Y_GE65,,TOTAL,ALL,12,6.49587915050667
082023,2022,lavoro,T,Y_GE65,,TOTAL,ALL,12,3.70250469212591
082023,2023,lavoro,T,Y_GE65,,TOTAL,ALL,12,5.105429491065329
082023,2024,lavoro,T,Y_GE65,,TOTAL,ALL,12,4.658152067470682
082023,2018,lavoro,T,Y_GE65,,TOTAL,ALL,22,118.0
082023,2019,lavoro,T,Y_GE65,,TOTAL,ALL,22,119.0
082023,2021,lavoro,T,Y_GE65,,TOTAL,ALL,22,110.495879150507
082023,2022,lavoro,T,Y_GE65,,TOTAL,ALL,22,115.702504692126
082023,2023,lavoro,T,Y_GE65,,TOTAL,ALL,22,119.10542949106532
082023,2024,lavoro,T,Y_GE65,,TOTAL,ALL,22,122.65815206747068
082023,2018,lavoro,T,Y_GE65,,TOTAL,ALL,23,2062.0
082023,2019,lavoro,T,Y_GE65,,TOTAL,ALL,23,2099.0
082023,2021,lavoro,T,Y_GE65,,TOTAL,ALL,23,2213.50412084949
082023,2022,lavoro,T,Y_GE65,,TOTAL,ALL,23,2242.29749530787
082023,2023,lavoro,T,Y_GE65,,TOTAL,ALL,23,2256.8945705089345
082023,2024,lavoro,T,Y_GE65,,TOTAL,ALL,23,2291.3418479325296
082023,2018,lavoro,T,Y_GE65,,TOTAL,ALL,24,1352.0
082023,2019,lavoro,T,Y_GE65,,TOTAL,ALL,24,1379.0
082023,2021,lavoro,T,Y_GE65,,TOTAL,ALL,24,1486.51133581422
082023,2022,lavoro,T,Y_GE65,,TOTAL,ALL,24,1433.40897210801
082023,2023,lavoro,T,Y_GE65,,TOTAL,ALL,24,1352.441110123502
082023,2024,lavoro,T,Y_GE65,,TOTAL,ALL,24,1459.0258796262851
082023,2018,lavoro,T,Y_GE65,,TOTAL,ALL,4,405.0
082023,2019,lavoro,T,Y_GE65,,TOTAL,ALL,4,430.0
082023,2021,lavoro,T,Y_GE65,,TOTAL,ALL,4,454.720476923094
082023,2022,lavoro,T,Y_GE65,,TOTAL,ALL,4,495.113945271565
082023,2023,lavoro,T,Y_GE65,,TOTAL,ALL,4,505.20132992276143
082023,2024,lavoro,T,Y_GE65,,TOTAL,ALL,4,500.37625934400006
082023,2018,lavoro,T,Y_GE65,,TOTAL,ALL,5,0.0
082023,2019,lavoro,T,Y_GE65,,TOTAL,ALL,5,0.0
082023,2021,lavoro,T,Y_GE65,,TOTAL,ALL,5,1.38956957656364e-05
082023,2022,lavoro,T,Y_GE65,,TOTAL,ALL,5,0.330404379458493
082023,2023,lavoro,T,Y_GE65,,TOTAL,ALL,5,0.5786357167077384
082023,2024,lavoro,T,Y_GE65,,TOTAL,ALL,5,0.2460158575330827
082023,2018,lavoro,T,Y_GE65,,TOTAL,ALL,7,305.0
082023,2019,lavoro,T,Y_GE65,,TOTAL,ALL,7,290.0
082023,2021,lavoro,T,Y_GE65,,TOTAL,ALL,7,272.272294216481
082023,2022,lavoro,T,Y_GE65,,TOTAL,ALL,7,313.444173548838
082023,2023,lavoro,T,Y_GE65,,TOTAL,ALL,7,398.6734947459637
082023,2024,lavoro,T,Y_GE65,,TOTAL,ALL,7,331.6936931047114
082023,2018,lavoro,T,Y_GE65,,TOTAL,ALL,99,2180.0
082023,2019,lavoro,T,Y_GE65,,TOTAL,ALL,99,2218.0
082023,2020,lavoro,T,Y_GE65,,TOTAL,ALL,99,2287.0
082023,2021,lavoro,T,Y_GE65,,TOTAL,ALL,99,2324.0
082023,2022,lavoro,T,Y_GE65,,TOTAL,ALL,99,2358.0
082023,2023,lavoro,T,Y_GE65,,TOTAL,ALL,99,2376.0
082023,2024,lavoro,T,Y_GE65,,TOTAL,ALL,99,2414.0
082023,2018,lavoro,T,Y15-24,,TOTAL,ALL,1,120.0
082023,2019,lavoro,T,Y15-24,,TOTAL,ALL,1,121.0
082023,2021,lavoro,T,Y15-24,,TOTAL,ALL,1,137.0
082023,2022,lavoro,T,Y15-24,,TOTAL,ALL,1,147.0
082023,2023,lavoro,T,Y15-24,,TOTAL,ALL,1,167.0
082023,2024,lavoro,T,Y15-24,,TOTAL,ALL,1,178.0
082023,2018,lavoro,T,Y15-24,,TOTAL,ALL,12,195.0
082023,2019,lavoro,T,Y15-24,,TOTAL,ALL,12,185.0
082023,2021,lavoro,T,Y15-24,,TOTAL,ALL,12,116.207265099539
082023,2022,lavoro,T,Y15-24,,TOTAL,ALL,12,100.998034698754
082023,2023,lavoro,T,Y15-24,,TOTAL,ALL,12,115.25505093654796
082023,2024,lavoro,T,Y15-24,,TOTAL,ALL,12,97.049257980055
082023,2018,lavoro,T,Y15-24,,TOTAL,ALL,22,315.0
082023,2019,lavoro,T,Y15-24,,TOTAL,ALL,22,306.0
082023,2021,lavoro,T,Y15-24,,TOTAL,ALL,22,253.207265099539
082023,2022,lavoro,T,Y15-24,,TOTAL,ALL,22,247.998034698754
082023,2023,lavoro,T,Y15-24,,TOTAL,ALL,22,282.25505093654795
082023,2024,lavoro,T,Y15-24,,TOTAL,ALL,22,275.049257980055
082023,2018,lavoro,T,Y15-24,,TOTAL,ALL,23,919.0
082023,2019,lavoro,T,Y15-24,,TOTAL,ALL,23,908.0
082023,2021,lavoro,T,Y15-24,,TOTAL,ALL,23,1007.79273490046
082023,2022,lavoro,T,Y15-24,,TOTAL,ALL,23,1003.00196530125
082023,2023,lavoro,T,Y15-24,,TOTAL,ALL,23,1009.744949063452
082023,2024,lavoro,T,Y15-24,,TOTAL,ALL,23,1040.950742019945
082023,2018,lavoro,T,Y15-24,,TOTAL,ALL,24,2.0
082023,2019,lavoro,T,Y15-24,,TOTAL,ALL,24,3.0
082023,2021,lavoro,T,Y15-24,,TOTAL,ALL,24,1.94036470289895
082023,2022,lavoro,T,Y15-24,,TOTAL,ALL,24,2.22160111070958
082023,2023,lavoro,T,Y15-24,,TOTAL,ALL,24,1.4204225006745124
082023,2024,lavoro,T,Y15-24,,TOTAL,ALL,24,3.054091480578889
082023,2018,lavoro,T,Y15-24,,TOTAL,ALL,4,81.0
082023,2019,lavoro,T,Y15-24,,TOTAL,ALL,4,73.0
082023,2021,lavoro,T,Y15-24,,TOTAL,ALL,4,104.487185356814
082023,2022,lavoro,T,Y15-24,,TOTAL,ALL,4,77.4728641231272
082023,2023,lavoro,T,Y15-24,,TOTAL,ALL,4,82.18938228557987
082023,2024,lavoro,T,Y15-24,,TOTAL,ALL,4,81.33714722480656
082023,2018,lavoro,T,Y15-24,,TOTAL,ALL,5,680.0
082023,2019,lavoro,T,Y15-24,,TOTAL,ALL,5,720.0
082023,2021,lavoro,T,Y15-24,,TOTAL,ALL,5,776.263806126171
082023,2022,lavoro,T,Y15-24,,TOTAL,ALL,5,821.354355007066
082023,2023,lavoro,T,Y15-24,,TOTAL,ALL,5,815.8995959338941
082023,2024,lavoro,T,Y15-24,,TOTAL,ALL,5,839.806999130971
082023,2018,lavoro,T,Y15-24,,TOTAL,ALL,7,156.0
082023,2019,lavoro,T,Y15-24,,TOTAL,ALL,7,112.0
082023,2021,lavoro,T,Y15-24,,TOTAL,ALL,7,125.101378714577
082023,2022,lavoro,T,Y15-24,,TOTAL,ALL,7,101.953145060343
082023,2023,lavoro,T,Y15-24,,TOTAL,ALL,7,110.23554834330352
082023,2024,lavoro,T,Y15-24,,TOTAL,ALL,7,116.7525041835886
082023,2018,lavoro,T,Y15-24,,TOTAL,ALL,99,1234.0
082023,2019,lavoro,T,Y15-24,,TOTAL,ALL,99,1214.0
082023,2021,lavoro,T,Y15-24,,TOTAL,ALL,99,1261.0
082023,2022,lavoro,T,Y15-24,,TOTAL,ALL,99,1251.0
082023,2023,lavoro,T,Y15-24,,TOTAL,ALL,99,1292.0
082023,2024,lavoro,T,Y15-24,,TOTAL,ALL,99,1316.0
082023,2018,lavoro,T,Y25-49,,TOTAL,ALL,1,1917.0
082023,2019,lavoro,T,Y25-49,,TOTAL,ALL,1,1850.0
082023,2021,lavoro,T,Y25-49,,TOTAL,ALL,1,1998.0
082023,2022,lavoro,T,Y25-49,,TOTAL,ALL,1,2039.0
082023,2023,lavoro,T,Y25-49,,TOTAL,ALL,1,2049.0
082023,2024,lavoro,T,Y25-49,,TOTAL,ALL,1,2161.0
082023,2018,lavoro,T,Y25-49,,TOTAL,ALL,12,715.0
082023,2019,lavoro,T,Y25-49,,TOTAL,ALL,12,713.0
082023,2021,lavoro,T,Y25-49,,TOTAL,ALL,12,374.387112486172
082023,2022,lavoro,T,Y25-49,,TOTAL,ALL,12,351.589941057903
082023,2023,lavoro,T,Y25-49,,TOTAL,ALL,12,353.1750167917934
082023,2024,lavoro,T,Y25-49,,TOTAL,ALL,12,284.00333771964176
082023,2018,lavoro,T,Y25-49,,TOTAL,ALL,22,2632.0
082023,2019,lavoro,T,Y25-49,,TOTAL,ALL,22,2563.0
082023,2021,lavoro,T,Y25-49,,TOTAL,ALL,22,2372.38711248617
082023,2022,lavoro,T,Y25-49,,TOTAL,ALL,22,2390.5899410579
082023,2023,lavoro,T,Y25-49,,TOTAL,ALL,22,2402.175016791793
082023,2024,lavoro,T,Y25-49,,TOTAL,ALL,22,2445.003337719642
082023,2018,lavoro,T,Y25-49,,TOTAL,ALL,23,1365.0
082023,2019,lavoro,T,Y25-49,,TOTAL,ALL,23,1382.0
082023,2021,lavoro,T,Y25-49,,TOTAL,ALL,23,1437.61288751383
082023,2022,lavoro,T,Y25-49,,TOTAL,ALL,23,1360.4100589421
082023,2023,lavoro,T,Y25-49,,TOTAL,ALL,23,1297.8249832082067
082023,2024,lavoro,T,Y25-49,,TOTAL,ALL,23,1234.9966622803584
082023,2018,lavoro,T,Y25-49,,TOTAL,ALL,24,35.0
082023,2019,lavoro,T,Y25-49,,TOTAL,ALL,24,44.0
082023,2021,lavoro,T,Y25-49,,TOTAL,ALL,24,40.5699138701457
082023,2022,lavoro,T,Y25-49,,TOTAL,ALL,24,36.8067798701758
082023,2023,lavoro,T,Y25-49,,TOTAL,ALL,24,30.75407522773151
082023,2024,lavoro,T,Y25-49,,TOTAL,ALL,24,35.93244371309592
082023,2018,lavoro,T,Y25-49,,TOTAL,ALL,4,860.0
082023,2019,lavoro,T,Y25-49,,TOTAL,ALL,4,888.0
082023,2021,lavoro,T,Y25-49,,TOTAL,ALL,4,933.640663600706
082023,2022,lavoro,T,Y25-49,,TOTAL,ALL,4,867.408283002464
082023,2023,lavoro,T,Y25-49,,TOTAL,ALL,4,828.4351330723127
082023,2024,lavoro,T,Y25-49,,TOTAL,ALL,4,782.9554521257663
082023,2018,lavoro,T,Y25-49,,TOTAL,ALL,5,89.0
082023,2019,lavoro,T,Y25-49,,TOTAL,ALL,5,99.0
082023,2021,lavoro,T,Y25-49,,TOTAL,ALL,5,99.4522254465747
082023,2022,lavoro,T,Y25-49,,TOTAL,ALL,5,119.87739240499
082023,2023,lavoro,T,Y25-49,,TOTAL,ALL,5,90.93565501446965
082023,2024,lavoro,T,Y25-49,,TOTAL,ALL,5,101.14077796748396
082023,2018,lavoro,T,Y25-49,,TOTAL,ALL,7,381.0
082023,2019,lavoro,T,Y25-49,,TOTAL,ALL,7,351.0
082023,2021,lavoro,T,Y25-49,,TOTAL,ALL,7,363.950084596401
082023,2022,lavoro,T,Y25-49,,TOTAL,ALL,7,336.317603664467
082023,2023,lavoro,T,Y25-49,,TOTAL,ALL,7,347.7001198936929
082023,2024,lavoro,T,Y25-49,,TOTAL,ALL,7,314.9679884740122
082023,2018,lavoro,T,Y25-49,,TOTAL,ALL,99,3997.0
082023,2019,lavoro,T,Y25-49,,TOTAL,ALL,99,3945.0
082023,2020,lavoro,T,Y25-49,,TOTAL,ALL,99,3857.0
082023,2021,lavoro,T,Y25-49,,TOTAL,ALL,99,3810.0
082023,2022,lavoro,T,Y25-49,,TOTAL,ALL,99,3751.0
082023,2023,lavoro,T,Y25-49,,TOTAL,ALL,99,3700.0
082023,2024,lavoro,T,Y25-49,,TOTAL,ALL,99,3680.0
082023,2018,lavoro,T,Y50-64,,TOTAL,ALL,1,919.0
082023,2019,lavoro,T,Y50-64,,TOTAL,ALL,1,994.0
082023,2021,lavoro,T,Y50-64,,TOTAL,ALL,1,1129.0
082023,2022,lavoro,T,Y50-64,,TOTAL,ALL,1,1181.0
082023,2023,lavoro,T,Y50-64,,TOTAL,ALL,1,1278.0
082023,2024,lavoro,T,Y50-64,,TOTAL,ALL,1,1362.0
082023,2018,lavoro,T,Y50-64,,TOTAL,ALL,12,240.0
082023,2019,lavoro,T,Y50-64,,TOTAL,ALL,12,239.0
082023,2021,lavoro,T,Y50-64,,TOTAL,ALL,12,145.340809114193
082023,2022,lavoro,T,Y50-64,,TOTAL,ALL,12,147.767276598133
082023,2023,lavoro,T,Y50-64,,TOTAL,ALL,12,152.95609376056237
082023,2024,lavoro,T,Y50-64,,TOTAL,ALL,12,134.20557624422665
082023,2018,lavoro,T,Y50-64,,TOTAL,ALL,22,1159.0
082023,2019,lavoro,T,Y50-64,,TOTAL,ALL,22,1233.0
082023,2021,lavoro,T,Y50-64,,TOTAL,ALL,22,1274.34080911419
082023,2022,lavoro,T,Y50-64,,TOTAL,ALL,22,1328.76727659813
082023,2023,lavoro,T,Y50-64,,TOTAL,ALL,22,1430.9560937605625
082023,2024,lavoro,T,Y50-64,,TOTAL,ALL,22,1496.205576244227
082023,2018,lavoro,T,Y50-64,,TOTAL,ALL,23,982.0
082023,2019,lavoro,T,Y50-64,,TOTAL,ALL,23,1009.0
082023,2021,lavoro,T,Y50-64,,TOTAL,ALL,23,1113.65919088581
082023,2022,lavoro,T,Y50-64,,TOTAL,ALL,23,1138.23272340187
082023,2023,lavoro,T,Y50-64,,TOTAL,ALL,23,1082.0439062394375
082023,2024,lavoro,T,Y50-64,,TOTAL,ALL,23,1102.794423755773
082023,2018,lavoro,T,Y50-64,,TOTAL,ALL,24,131.0
082023,2019,lavoro,T,Y50-64,,TOTAL,ALL,24,144.0
082023,2021,lavoro,T,Y50-64,,TOTAL,ALL,24,137.812561858304
082023,2022,lavoro,T,Y50-64,,TOTAL,ALL,24,119.127812116286
082023,2023,lavoro,T,Y50-64,,TOTAL,ALL,24,97.62566198442818
082023,2024,lavoro,T,Y50-64,,TOTAL,ALL,24,105.31941461990272
082023,2018,lavoro,T,Y50-64,,TOTAL,ALL,4,633.0
082023,2019,lavoro,T,Y50-64,,TOTAL,ALL,4,659.0
082023,2021,lavoro,T,Y50-64,,TOTAL,ALL,4,736.194505960179
082023,2022,lavoro,T,Y50-64,,TOTAL,ALL,4,749.280473815791
082023,2023,lavoro,T,Y50-64,,TOTAL,ALL,4,710.7626830112553
082023,2024,lavoro,T,Y50-64,,TOTAL,ALL,4,734.40851685808
082023,2018,lavoro,T,Y50-64,,TOTAL,ALL,5,1.0
082023,2019,lavoro,T,Y50-64,,TOTAL,ALL,5,1.0
082023,2021,lavoro,T,Y50-64,,TOTAL,ALL,5,1.97626985164735
082023,2022,lavoro,T,Y50-64,,TOTAL,ALL,5,3.27407548862157
082023,2023,lavoro,T,Y50-64,,TOTAL,ALL,5,2.9459542586639125
082023,2024,lavoro,T,Y50-64,,TOTAL,ALL,5,4.287081820367115
082023,2018,lavoro,T,Y50-64,,TOTAL,ALL,7,217.0
082023,2019,lavoro,T,Y50-64,,TOTAL,ALL,7,205.0
082023,2021,lavoro,T,Y50-64,,TOTAL,ALL,7,237.675853215676
082023,2022,lavoro,T,Y50-64,,TOTAL,ALL,7,266.550361981169
082023,2023,lavoro,T,Y50-64,,TOTAL,ALL,7,270.7096069850903
082023,2024,lavoro,T,Y50-64,,TOTAL,ALL,7,258.7794104574234
082023,2018,lavoro,T,Y50-64,,TOTAL,ALL,99,2141.0
082023,2019,lavoro,T,Y50-64,,TOTAL,ALL,99,2242.0
082023,2020,lavoro,T,Y50-64,,TOTAL,ALL,99,2321.0
082023,2021,lavoro,T,Y50-64,,TOTAL,ALL,99,2388.0
082023,2022,lavoro,T,Y50-64,,TOTAL,ALL,99,2467.0
082023,2023,lavoro,T,Y50-64,,TOTAL,ALL,99,2513.0
082023,2024,lavoro,T,Y50-64,,TOTAL,ALL,99,2599.0
082035,2018,lavoro,F,Y_GE15,,TOTAL,ALL,1,1090.0
082035,2019,lavoro,F,Y_GE15,,TOTAL,ALL,1,1137.0
082035,2021,lavoro,F,Y_GE15,,TOTAL,ALL,1,1254.0
082035,2022,lavoro,F,Y_GE15,,TOTAL,ALL,1,1253.0
082035,2023,lavoro,F,Y_GE15,,TOTAL,ALL,1,1306.0
082035,2024,lavoro,F,Y_GE15,,TOTAL,ALL,1,1401.0
082035,2018,lavoro,F,Y_GE15,,TOTAL,ALL,12,692.0
082035,2019,lavoro,F,Y_GE15,,TOTAL,ALL,12,694.0
082035,2021,lavoro,F,Y_GE15,,TOTAL,ALL,12,422.213002554497
082035,2022,lavoro,F,Y_GE15,,TOTAL,ALL,12,500.88394433304
082035,2023,lavoro,F,Y_GE15,,TOTAL,ALL,12,439.1316628529044
082035,2024,lavoro,F,Y_GE15,,TOTAL,ALL,12,413.0968085792971
082035,2018,lavoro,F,Y_GE15,,TOTAL,ALL,22,1782.0
082035,2019,lavoro,F,Y_GE15,,TOTAL,ALL,22,1831.0
082035,2021,lavoro,F,Y_GE15,,TOTAL,ALL,22,1676.2130025545
082035,2022,lavoro,F,Y_GE15,,TOTAL,ALL,22,1753.88394433304
082035,2023,lavoro,F,Y_GE15,,TOTAL,ALL,22,1745.1316628529044
082035,2024,lavoro,F,Y_GE15,,TOTAL,ALL,22,1814.096808579297
082035,2018,lavoro,F,Y_GE15,,TOTAL,ALL,23,3470.0
082035,2019,lavoro,F,Y_GE15,,TOTAL,ALL,23,3507.0
082035,2021,lavoro,F,Y_GE15,,TOTAL,ALL,23,3737.7869974455
082035,2022,lavoro,F,Y_GE15,,TOTAL,ALL,23,3703.11605566696
082035,2023,lavoro,F,Y_GE15,,TOTAL,ALL,23,3674.868337147096
082035,2024,lavoro,F,Y_GE15,,TOTAL,ALL,23,3672.903191420704
082035,2018,lavoro,F,Y_GE15,,TOTAL,ALL,24,514.0
082035,2019,lavoro,F,Y_GE15,,TOTAL,ALL,24,543.0
082035,2021,lavoro,F,Y_GE15,,TOTAL,ALL,24,623.716750442955
082035,2022,lavoro,F,Y_GE15,,TOTAL,ALL,24,498.944144358841
082035,2023,lavoro,F,Y_GE15,,TOTAL,ALL,24,472.97049432533095
082035,2024,lavoro,F,Y_GE15,,TOTAL,ALL,24,532.164038029997
082035,2018,lavoro,F,Y_GE15,,TOTAL,ALL,4,2084.0
082035,2019,lavoro,F,Y_GE15,,TOTAL,ALL,4,2131.0
082035,2021,lavoro,F,Y_GE15,,TOTAL,ALL,4,2188.35328838473
082035,2022,lavoro,F,Y_GE15,,TOTAL,ALL,4,2196.64583992046
082035,2023,lavoro,F,Y_GE15,,TOTAL,ALL,4,2223.438847803056
082035,2024,lavoro,F,Y_GE15,,TOTAL,ALL,4,2129.955841713439
082035,2018,lavoro,F,Y_GE15,,TOTAL,ALL,5,470.0
082035,2019,lavoro,F,Y_GE15,,TOTAL,ALL,5,511.0
082035,2021,lavoro,F,Y_GE15,,TOTAL,ALL,5,530.982110062783
082035,2022,lavoro,F,Y_GE15,,TOTAL,ALL,5,537.968843067318
082035,2023,lavoro,F,Y_GE15,,TOTAL,ALL,5,503.9996899930834
082035,2024,lavoro,F,Y_GE15,,TOTAL,ALL,5,548.8638492237495
082035,2018,lavoro,F,Y_GE15,,TOTAL,ALL,7,402.0
082035,2019,lavoro,F,Y_GE15,,TOTAL,ALL,7,322.0
082035,2021,lavoro,F,Y_GE15,,TOTAL,ALL,7,394.734848555031
082035,2022,lavoro,F,Y_GE15,,TOTAL,ALL,7,469.557228320339
082035,2023,lavoro,F,Y_GE15,,TOTAL,ALL,7,474.45930502562544
082035,2024,lavoro,F,Y_GE15,,TOTAL,ALL,7,461.9194624535178
082035,2018,lavoro,F,Y_GE15,,TOTAL,ALL,99,5252.0
082035,2019,lavoro,F,Y_GE15,,TOTAL,ALL,99,5338.0
082035,2021,lavoro,F,Y_GE15,,TOTAL,ALL,99,5414.0
082035,2022,lavoro,F,Y_GE15,,TOTAL,ALL,99,5457.0
082035,2023,lavoro,F,Y_GE15,,TOTAL,ALL,99,5420.0
082035,2024,lavoro,F,Y_GE15,,TOTAL,ALL,99,5487.000000000001
082035,2018,lavoro,F,Y_GE65,,TOTAL,ALL,1,22.0
082035,2019,lavoro,F,Y_GE65,,TOTAL,ALL,1,21.0
082035,2021,lavoro,F,Y_GE65,,TOTAL,ALL,1,21.0
082035,2022,lavoro,F,Y_GE65,,TOTAL,ALL,1,22.0
082035,2023,lavoro,F,Y_GE65,,TOTAL,ALL,1,26.0
082035,2024,lavoro,F,Y_GE65,,TOTAL,ALL,1,34.0
082035,2018,lavoro,F,Y_GE65,,TOTAL,ALL,12,5.0
082035,2019,lavoro,F,Y_GE65,,TOTAL,ALL,12,5.0
082035,2021,lavoro,F,Y_GE65,,TOTAL,ALL,12,3.41678143838871
082035,2022,lavoro,F,Y_GE65,,TOTAL,ALL,12,3.22153218836435
082035,2023,lavoro,F,Y_GE65,,TOTAL,ALL,12,3.582032517740555
082035,2024,lavoro,F,Y_GE65,,TOTAL,ALL,12,3.6425279264834742
082035,2018,lavoro,F,Y_GE65,,TOTAL,ALL,22,27.0
082035,2019,lavoro,F,Y_GE65,,TOTAL,ALL,22,26.0
082035,2021,lavoro,F,Y_GE65,,TOTAL,ALL,22,24.4167814383887
082035,2022,lavoro,F,Y_GE65,,TOTAL,ALL,22,25.2215321883644
082035,2023,lavoro,F,Y_GE65,,TOTAL,ALL,22,29.582032517740554
082035,2024,lavoro,F,Y_GE65,,TOTAL,ALL,22,37.642527926483474
082035,2018,lavoro,F,Y_GE65,,TOTAL,ALL,23,936.0
082035,2019,lavoro,F,Y_GE65,,TOTAL,ALL,23,972.0
082035,2021,lavoro,F,Y_GE65,,TOTAL,ALL,23,1045.58321856161
082035,2022,lavoro,F,Y_GE65,,TOTAL,ALL,23,1074.77846781164
082035,2023,lavoro,F,Y_GE65,,TOTAL,ALL,23,1061.41796748226
082035,2024,lavoro,F,Y_GE65,,TOTAL,ALL,23,1068.3574720735166
082035,2018,lavoro,F,Y_GE65,,TOTAL,ALL,24,471.0
082035,2019,lavoro,F,Y_GE65,,TOTAL,ALL,24,494.0
082035,2021,lavoro,F,Y_GE65,,TOTAL,ALL,24,566.839642372056
082035,2022,lavoro,F,Y_GE65,,TOTAL,ALL,24,466.619594476845
082035,2023,lavoro,F,Y_GE65,,TOTAL,ALL,24,441.4586323907654
082035,2024,lavoro,F,Y_GE65,,TOTAL,ALL,24,494.25847796997175
082035,2018,lavoro,F,Y_GE65,,TOTAL,ALL,4,319.0
082035,2019,lavoro,F,Y_GE65,,TOTAL,ALL,4,356.0
082035,2021,lavoro,F,Y_GE65,,TOTAL,ALL,4,350.817101029996
082035,2022,lavoro,F,Y_GE65,,TOTAL,ALL,4,421.379373421369
082035,2023,lavoro,F,Y_GE65,,TOTAL,ALL,4,430.39529384689126
082035,2024,lavoro,F,Y_GE65,,TOTAL,ALL,4,407.200056875299
082035,2018,lavoro,F,Y_GE65,,TOTAL,ALL,5,0.0
082035,2019,lavoro,F,Y_GE65,,TOTAL,ALL,5,0.0
082035,2021,lavoro,F,Y_GE65,,TOTAL,ALL,5,9.34161328444493e-06
082035,2022,lavoro,F,Y_GE65,,TOTAL,ALL,5,0.21978030811481
082035,2023,lavoro,F,Y_GE65,,TOTAL,ALL,5,0.318738987305899
082035,2024,lavoro,F,Y_GE65,,TOTAL,ALL,5,0.1892317530355758
082035,2018,lavoro,F,Y_GE65,,TOTAL,ALL,7,146.0
082035,2019,lavoro,F,Y_GE65,,TOTAL,ALL,7,122.0
082035,2021,lavoro,F,Y_GE65,,TOTAL,ALL,7,127.926465817945
082035,2022,lavoro,F,Y_GE65,,TOTAL,ALL,7,186.559719605307
082035,2023,lavoro,F,Y_GE65,,TOTAL,ALL,7,189.24530225729728
082035,2024,lavoro,F,Y_GE65,,TOTAL,ALL,7,166.70970547521028
082035,2018,lavoro,F,Y_GE65,,TOTAL,ALL,99,963.0
082035,2019,lavoro,F,Y_GE65,,TOTAL,ALL,99,998.0
082035,2020,lavoro,F,Y_GE65,,TOTAL,ALL,99,1061.0
082035,2021,lavoro,F,Y_GE65,,TOTAL,ALL,99,1070.0
082035,2022,lavoro,F,Y_GE65,,TOTAL,ALL,99,1100.0
082035,2023,lavoro,F,Y_GE65,,TOTAL,ALL,99,1091.0
082035,2024,lavoro,F,Y_GE65,,TOTAL,ALL,99,1106.0000000000002
082035,2018,lavoro,F,Y15-24,,TOTAL,ALL,1,47.0
082035,2019,lavoro,F,Y15-24,,TOTAL,ALL,1,64.0
082035,2021,lavoro,F,Y15-24,,TOTAL,ALL,1,71.0
082035,2022,lavoro,F,Y15-24,,TOTAL,ALL,1,64.0
082035,2023,lavoro,F,Y15-24,,TOTAL,ALL,1,65.0
082035,2024,lavoro,F,Y15-24,,TOTAL,ALL,1,68.0
082035,2018,lavoro,F,Y15-24,,TOTAL,ALL,12,140.0
082035,2019,lavoro,F,Y15-24,,TOTAL,ALL,12,132.0
082035,2021,lavoro,F,Y15-24,,TOTAL,ALL,12,73.5979291183368
082035,2022,lavoro,F,Y15-24,,TOTAL,ALL,12,88.5587406260451
082035,2023,lavoro,F,Y15-24,,TOTAL,ALL,12,88.4320136535386
082035,2024,lavoro,F,Y15-24,,TOTAL,ALL,12,72.81188779712382
082035,2018,lavoro,F,Y15-24,,TOTAL,ALL,22,187.0
082035,2019,lavoro,F,Y15-24,,TOTAL,ALL,22,196.0
082035,2021,lavoro,F,Y15-24,,TOTAL,ALL,22,144.597929118337
082035,2022,lavoro,F,Y15-24,,TOTAL,ALL,22,152.558740626045
082035,2023,lavoro,F,Y15-24,,TOTAL,ALL,22,153.4320136535386
082035,2024,lavoro,F,Y15-24,,TOTAL,ALL,22,140.8118877971238
082035,2018,lavoro,F,Y15-24,,TOTAL,ALL,23,548.0
082035,2019,lavoro,F,Y15-24,,TOTAL,ALL,23,558.0
082035,2021,lavoro,F,Y15-24,,TOTAL,ALL,23,581.402070881663
082035,2022,lavoro,F,Y15-24,,TOTAL,ALL,23,571.441259373955
082035,2023,lavoro,F,Y15-24,,TOTAL,ALL,23,578.5679863464612
082035,2024,lavoro,F,Y15-24,,TOTAL,ALL,23,610.1881122028764
082035,2018,lavoro,F,Y15-24,,TOTAL,ALL,24,1.0
082035,2019,lavoro,F,Y15-24,,TOTAL,ALL,24,1.0
082035,2021,lavoro,F,Y15-24,,TOTAL,ALL,24,2.37398353407015
082035,2022,lavoro,F,Y15-24,,TOTAL,ALL,24,0.374162738110587
082035,2023,lavoro,F,Y15-24,,TOTAL,ALL,24,0.3757766053496902
082035,2024,lavoro,F,Y15-24,,TOTAL,ALL,24,0.8097820244213051
082035,2018,lavoro,F,Y15-24,,TOTAL,ALL,4,95.0
082035,2019,lavoro,F,Y15-24,,TOTAL,ALL,4,92.0
082035,2021,lavoro,F,Y15-24,,TOTAL,ALL,4,93.2340027942868
082035,2022,lavoro,F,Y15-24,,TOTAL,ALL,4,77.3347296160095
082035,2023,lavoro,F,Y15-24,,TOTAL,ALL,4,97.41820696679112
082035,2024,lavoro,F,Y15-24,,TOTAL,ALL,4,87.8306014454065
082035,2018,lavoro,F,Y15-24,,TOTAL,ALL,5,403.0
082035,2019,lavoro,F,Y15-24,,TOTAL,ALL,5,436.0
082035,2021,lavoro,F,Y15-24,,TOTAL,ALL,5,450.71049218553
082035,2022,lavoro,F,Y15-24,,TOTAL,ALL,5,457.994080357593
082035,2023,lavoro,F,Y15-24,,TOTAL,ALL,5,440.6425594650783
082035,2024,lavoro,F,Y15-24,,TOTAL,ALL,5,478.7044677578692
082035,2018,lavoro,F,Y15-24,,TOTAL,ALL,7,49.0
082035,2019,lavoro,F,Y15-24,,TOTAL,ALL,7,29.0
082035,2021,lavoro,F,Y15-24,,TOTAL,ALL,7,35.0835923677762
082035,2022,lavoro,F,Y15-24,,TOTAL,ALL,7,35.738286662242
082035,2023,lavoro,F,Y15-24,,TOTAL,ALL,7,40.13144330924221
082035,2024,lavoro,F,Y15-24,,TOTAL,ALL,7,42.84326097517938
082035,2018,lavoro,F,Y15-24,,TOTAL,ALL,99,735.0
082035,2019,lavoro,F,Y15-24,,TOTAL,ALL,99,754.0
082035,2021,lavoro,F,Y15-24,,TOTAL,ALL,99,726.0
082035,2022,lavoro,F,Y15-24,,TOTAL,ALL,99,724.0
082035,2023,lavoro,F,Y15-24,,TOTAL,ALL,99,731.9999999999999
082035,2024,lavoro,F,Y15-24,,TOTAL,ALL,99,751.0000000000002
082035,2018,lavoro,F,Y25-49,,TOTAL,ALL,1,705.0
082035,2019,lavoro,F,Y25-49,,TOTAL,ALL,1,721.0
082035,2021,lavoro,F,Y25-49,,TOTAL,ALL,1,787.0
082035,2022,lavoro,F,Y25-49,,TOTAL,ALL,1,791.0
082035,2023,lavoro,F,Y25-49,,TOTAL,ALL,1,820.0
082035,2024,lavoro,F,Y25-49,,TOTAL,ALL,1,864.0
082035,2018,lavoro,F,Y25-49,,TOTAL,ALL,12,444.0
082035,2019,lavoro,F,Y25-49,,TOTAL,ALL,12,446.0
082035,2021,lavoro,F,Y25-49,,TOTAL,ALL,12,277.022504246928
082035,2022,lavoro,F,Y25-49,,TOTAL,ALL,12,323.407290659298
082035,2023,lavoro,F,Y25-49,,TOTAL,ALL,12,259.1023443214765
082035,2024,lavoro,F,Y25-49,,TOTAL,ALL,12,247.9076139782973
082035,2018,lavoro,F,Y25-49,,TOTAL,ALL,22,1149.0
082035,2019,lavoro,F,Y25-49,,TOTAL,ALL,22,1167.0
082035,2021,lavoro,F,Y25-49,,TOTAL,ALL,22,1064.02250424693
082035,2022,lavoro,F,Y25-49,,TOTAL,ALL,22,1114.4072906593
082035,2023,lavoro,F,Y25-49,,TOTAL,ALL,22,1079.1023443214765
082035,2024,lavoro,F,Y25-49,,TOTAL,ALL,22,1111.9076139782974
082035,2018,lavoro,F,Y25-49,,TOTAL,ALL,23,1224.0
082035,2019,lavoro,F,Y25-49,,TOTAL,ALL,23,1195.0
082035,2021,lavoro,F,Y25-49,,TOTAL,ALL,23,1243.97749575307
082035,2022,lavoro,F,Y25-49,,TOTAL,ALL,23,1194.5927093407
082035,2023,lavoro,F,Y25-49,,TOTAL,ALL,23,1157.8976556785235
082035,2024,lavoro,F,Y25-49,,TOTAL,ALL,23,1100.092386021703
082035,2018,lavoro,F,Y25-49,,TOTAL,ALL,24,10.0
082035,2019,lavoro,F,Y25-49,,TOTAL,ALL,24,11.0
082035,2021,lavoro,F,Y25-49,,TOTAL,ALL,24,11.4635249451786
082035,2022,lavoro,F,Y25-49,,TOTAL,ALL,24,5.67785930290197
082035,2023,lavoro,F,Y25-49,,TOTAL,ALL,24,6.308101229844406
082035,2024,lavoro,F,Y25-49,,TOTAL,ALL,24,8.541949663808502
082035,2018,lavoro,F,Y25-49,,TOTAL,ALL,4,1009.0
082035,2019,lavoro,F,Y25-49,,TOTAL,ALL,4,998.0
082035,2021,lavoro,F,Y25-49,,TOTAL,ALL,4,1002.68884921797
082035,2022,lavoro,F,Y25-49,,TOTAL,ALL,4,965.764461467352
082035,2023,lavoro,F,Y25-49,,TOTAL,ALL,4,948.4551903332358
082035,2024,lavoro,F,Y25-49,,TOTAL,ALL,4,880.8156610235122
082035,2018,lavoro,F,Y25-49,,TOTAL,ALL,5,67.0
082035,2019,lavoro,F,Y25-49,,TOTAL,ALL,5,75.0
082035,2021,lavoro,F,Y25-49,,TOTAL,ALL,5,77.9910667924111
082035,2022,lavoro,F,Y25-49,,TOTAL,ALL,5,77.6864593259338
082035,2023,lavoro,F,Y25-49,,TOTAL,ALL,5,61.35158103833837
082035,2024,lavoro,F,Y25-49,,TOTAL,ALL,5,66.41271856011505
082035,2018,lavoro,F,Y25-49,,TOTAL,ALL,7,138.0
082035,2019,lavoro,F,Y25-49,,TOTAL,ALL,7,111.0
082035,2021,lavoro,F,Y25-49,,TOTAL,ALL,7,151.834054797509
082035,2022,lavoro,F,Y25-49,,TOTAL,ALL,7,145.463929244514
082035,2023,lavoro,F,Y25-49,,TOTAL,ALL,7,141.782783077105
082035,2024,lavoro,F,Y25-49,,TOTAL,ALL,7,144.32205677426717
082035,2018,lavoro,F,Y25-49,,TOTAL,ALL,99,2373.0
082035,2019,lavoro,F,Y25-49,,TOTAL,ALL,99,2362.0
082035,2020,lavoro,F,Y25-49,,TOTAL,ALL,99,2312.0
082035,2021,lavoro,F,Y25-49,,TOTAL,ALL,99,2308.0
082035,2022,lavoro,F,Y25-49,,TOTAL,ALL,99,2309.0
082035,2023,lavoro,F,Y25-49,,TOTAL,ALL,99,2237.0
082035,2024,lavoro,F,Y25-49,,TOTAL,ALL,99,2212.0000000000005
082035,2018,lavoro,F,Y50-64,,TOTAL,ALL,1,316.0
082035,2019,lavoro,F,Y50-64,,TOTAL,ALL,1,331.0
082035,2021,lavoro,F,Y50-64,,TOTAL,ALL,1,375.0
082035,2022,lavoro,F,Y50-64,,TOTAL,ALL,1,376.0
082035,2023,lavoro,F,Y50-64,,TOTAL,ALL,1,395.0
082035,2024,lavoro,F,Y50-64,,TOTAL,ALL,1,435.0
082035,2018,lavoro,F,Y50-64,,TOTAL,ALL,12,103.0
082035,2019,lavoro,F,Y50-64,,TOTAL,ALL,12,111.0
082035,2021,lavoro,F,Y50-64,,TOTAL,ALL,12,68.1757877508437
082035,2022,lavoro,F,Y50-64,,TOTAL,ALL,12,85.6963808593328
082035,2023,lavoro,F,Y50-64,,TOTAL,ALL,12,88.01527236014877
082035,2024,lavoro,F,Y50-64,,TOTAL,ALL,12,88.73477887739253
082035,2018,lavoro,F,Y50-64,,TOTAL,ALL,22,419.0
082035,2019,lavoro,F,Y50-64,,TOTAL,ALL,22,442.0
082035,2021,lavoro,F,Y50-64,,TOTAL,ALL,22,443.175787750844
082035,2022,lavoro,F,Y50-64,,TOTAL,ALL,22,461.696380859333
082035,2023,lavoro,F,Y50-64,,TOTAL,ALL,22,483.0152723601488
082035,2024,lavoro,F,Y50-64,,TOTAL,ALL,22,523.7347788773925
082035,2018,lavoro,F,Y50-64,,TOTAL,ALL,23,762.0
082035,2019,lavoro,F,Y50-64,,TOTAL,ALL,23,782.0
082035,2021,lavoro,F,Y50-64,,TOTAL,ALL,23,866.824212249156
082035,2022,lavoro,F,Y50-64,,TOTAL,ALL,23,862.303619140667
082035,2023,lavoro,F,Y50-64,,TOTAL,ALL,23,876.9847276398511
082035,2024,lavoro,F,Y50-64,,TOTAL,ALL,23,894.2652211226074
082035,2018,lavoro,F,Y50-64,,TOTAL,ALL,24,32.0
082035,2019,lavoro,F,Y50-64,,TOTAL,ALL,24,37.0
082035,2021,lavoro,F,Y50-64,,TOTAL,ALL,24,43.0395995916498
082035,2022,lavoro,F,Y50-64,,TOTAL,ALL,24,26.272527840984
082035,2023,lavoro,F,Y50-64,,TOTAL,ALL,24,24.82798409937146
082035,2024,lavoro,F,Y50-64,,TOTAL,ALL,24,28.55382837179542
082035,2018,lavoro,F,Y50-64,,TOTAL,ALL,4,661.0
082035,2019,lavoro,F,Y50-64,,TOTAL,ALL,4,685.0
082035,2021,lavoro,F,Y50-64,,TOTAL,ALL,4,741.613335342478
082035,2022,lavoro,F,Y50-64,,TOTAL,ALL,4,732.16727541573
082035,2023,lavoro,F,Y50-64,,TOTAL,ALL,4,747.1701566561378
082035,2024,lavoro,F,Y50-64,,TOTAL,ALL,4,754.1095223692213
082035,2018,lavoro,F,Y50-64,,TOTAL,ALL,5,0.0
082035,2019,lavoro,F,Y50-64,,TOTAL,ALL,5,0.0
082035,2021,lavoro,F,Y50-64,,TOTAL,ALL,5,2.2805417432282
082035,2022,lavoro,F,Y50-64,,TOTAL,ALL,5,2.0685230756771
082035,2023,lavoro,F,Y50-64,,TOTAL,ALL,5,1.6868105023608924
082035,2024,lavoro,F,Y50-64,,TOTAL,ALL,5,3.557431152729665
082035,2018,lavoro,F,Y50-64,,TOTAL,ALL,7,69.0
082035,2019,lavoro,F,Y50-64,,TOTAL,ALL,7,60.0
082035,2021,lavoro,F,Y50-64,,TOTAL,ALL,7,79.8907355718004
082035,2022,lavoro,F,Y50-64,,TOTAL,ALL,7,101.795292808276
082035,2023,lavoro,F,Y50-64,,TOTAL,ALL,7,103.29977638198096
082035,2024,lavoro,F,Y50-64,,TOTAL,ALL,7,108.044439228861
082035,2018,lavoro,F,Y50-64,,TOTAL,ALL,99,1181.0
082035,2019,lavoro,F,Y50-64,,TOTAL,ALL,99,1224.0
082035,2020,lavoro,F,Y50-64,,TOTAL,ALL,99,1254.0
082035,2021,lavoro,F,Y50-64,,TOTAL,ALL,99,1310.0
082035,2022,lavoro,F,Y50-64,,TOTAL,ALL,99,1324.0
082035,2023,lavoro,F,Y50-64,,TOTAL,ALL,99,1360.0
082035,2024,lavoro,F,Y50-64,,TOTAL,ALL,99,1418.0
082035,2018,lavoro,M,Y_GE15,,TOTAL,ALL,1,2256.0
082035,2019,lavoro,M,Y_GE15,,TOTAL,ALL,1,2330.0
082035,2021,lavoro,M,Y_GE15,,TOTAL,ALL,1,2465.0
082035,2022,lavoro,M,Y_GE15,,TOTAL,ALL,1,2483.0
082035,2023,lavoro,M,Y_GE15,,TOTAL,ALL,1,2518.0
082035,2024,lavoro,M,Y_GE15,,TOTAL,ALL,1,2557.0
082035,2018,lavoro,M,Y_GE15,,TOTAL,ALL,12,831.0
082035,2019,lavoro,M,Y_GE15,,TOTAL,ALL,12,837.0
082035,2021,lavoro,M,Y_GE15,,TOTAL,ALL,12,513.561140214074
082035,2022,lavoro,M,Y_GE15,,TOTAL,ALL,12,567.903842769889
082035,2023,lavoro,M,Y_GE15,,TOTAL,ALL,12,479.2037156781364
082035,2024,lavoro,M,Y_GE15,,TOTAL,ALL,12,453.25751962020166
082035,2018,lavoro,M,Y_GE15,,TOTAL,ALL,22,3087.0
082035,2019,lavoro,M,Y_GE15,,TOTAL,ALL,22,3167.0
082035,2021,lavoro,M,Y_GE15,,TOTAL,ALL,22,2978.56114021407
082035,2022,lavoro,M,Y_GE15,,TOTAL,ALL,22,3050.90384276989
082035,2023,lavoro,M,Y_GE15,,TOTAL,ALL,22,2997.203715678136
082035,2024,lavoro,M,Y_GE15,,TOTAL,ALL,22,3010.257519620201
082035,2018,lavoro,M,Y_GE15,,TOTAL,ALL,23,1926.0
082035,2019,lavoro,M,Y_GE15,,TOTAL,ALL,23,1917.0
082035,2021,lavoro,M,Y_GE15,,TOTAL,ALL,23,2189.43885978593
082035,2022,lavoro,M,Y_GE15,,TOTAL,ALL,23,2154.09615723011
082035,2023,lavoro,M,Y_GE15,,TOTAL,ALL,23,2148.796284321864
082035,2024,lavoro,M,Y_GE15,,TOTAL,ALL,23,2186.742480379798
082035,2018,lavoro,M,Y_GE15,,TOTAL,ALL,24,724.0
082035,2019,lavoro,M,Y_GE15,,TOTAL,ALL,24,786.0
082035,2021,lavoro,M,Y_GE15,,TOTAL,ALL,24,837.381927917904
082035,2022,lavoro,M,Y_GE15,,TOTAL,ALL,24,794.59689993126
082035,2023,lavoro,M,Y_GE15,,TOTAL,ALL,24,787.0976549126764
082035,2024,lavoro,M,Y_GE15,,TOTAL,ALL,24,849.3425320086995
082035,2018,lavoro,M,Y_GE15,,TOTAL,ALL,4,103.0
082035,2019,lavoro,M,Y_GE15,,TOTAL,ALL,4,115.0
082035,2021,lavoro,M,Y_GE15,,TOTAL,ALL,4,169.204584449975
082035,2022,lavoro,M,Y_GE15,,TOTAL,ALL,4,166.425653850857
082035,2023,lavoro,M,Y_GE15,,TOTAL,ALL,4,189.113514759257
082035,2024,lavoro,M,Y_GE15,,TOTAL,ALL,4,155.50579887851006
082035,2018,lavoro,M,Y_GE15,,TOTAL,ALL,5,458.0
082035,2019,lavoro,M,Y_GE15,,TOTAL,ALL,5,489.0
082035,2021,lavoro,M,Y_GE15,,TOTAL,ALL,5,481.559303749675
082035,2022,lavoro,M,Y_GE15,,TOTAL,ALL,5,489.987525521768
082035,2023,lavoro,M,Y_GE15,,TOTAL,ALL,5,461.6162600302849
082035,2024,lavoro,M,Y_GE15,,TOTAL,ALL,5,499.3338498726511
082035,2018,lavoro,M,Y_GE15,,TOTAL,ALL,7,642.0
082035,2019,lavoro,M,Y_GE15,,TOTAL,ALL,7,527.0
082035,2021,lavoro,M,Y_GE15,,TOTAL,ALL,7,701.293043668371
082035,2022,lavoro,M,Y_GE15,,TOTAL,ALL,7,703.086077926225
082035,2023,lavoro,M,Y_GE15,,TOTAL,ALL,7,710.9688546196452
082035,2024,lavoro,M,Y_GE15,,TOTAL,ALL,7,682.5602996199374
082035,2018,lavoro,M,Y_GE15,,TOTAL,ALL,99,5013.0
082035,2019,lavoro,M,Y_GE15,,TOTAL,ALL,99,5084.0
082035,2021,lavoro,M,Y_GE15,,TOTAL,ALL,99,5168.0
082035,2022,lavoro,M,Y_GE15,,TOTAL,ALL,99,5205.0
082035,2023,lavoro,M,Y_GE15,,TOTAL,ALL,99,5146.0
082035,2024,lavoro,M,Y_GE15,,TOTAL,ALL,99,5197.0
082035,2018,lavoro,M,Y_GE65,,TOTAL,ALL,1,56.0
082035,2019,lavoro,M,Y_GE65,,TOTAL,ALL,1,65.0
082035,2021,lavoro,M,Y_GE65,,TOTAL,ALL,1,62.0
082035,2022,lavoro,M,Y_GE65,,TOTAL,ALL,1,62.0
082035,2023,lavoro,M,Y_GE65,,TOTAL,ALL,1,60.0
082035,2024,lavoro,M,Y_GE65,,TOTAL,ALL,1,67.0
082035,2018,lavoro,M,Y_GE65,,TOTAL,ALL,12,4.0
082035,2019,lavoro,M,Y_GE65,,TOTAL,ALL,12,5.0
082035,2021,lavoro,M,Y_GE65,,TOTAL,ALL,12,2.75056986450673
082035,2022,lavoro,M,Y_GE65,,TOTAL,ALL,12,2.49922400996508
082035,2023,lavoro,M,Y_GE65,,TOTAL,ALL,12,1.7542588185413075
082035,2024,lavoro,M,Y_GE65,,TOTAL,ALL,12,1.7938142550347769
082035,2018,lavoro,M,Y_GE65,,TOTAL,ALL,22,60.0
082035,2019,lavoro,M,Y_GE65,,TOTAL,ALL,22,70.0
082035,2021,lavoro,M,Y_GE65,,TOTAL,ALL,22,64.7505698645067
082035,2022,lavoro,M,Y_GE65,,TOTAL,ALL,22,64.4992240099651
082035,2023,lavoro,M,Y_GE65,,TOTAL,ALL,22,61.75425881854131
082035,2024,lavoro,M,Y_GE65,,TOTAL,ALL,22,68.79381425503477
082035,2018,lavoro,M,Y_GE65,,TOTAL,ALL,23,727.0
082035,2019,lavoro,M,Y_GE65,,TOTAL,ALL,23,744.0
082035,2021,lavoro,M,Y_GE65,,TOTAL,ALL,23,838.249430135493
082035,2022,lavoro,M,Y_GE65,,TOTAL,ALL,23,863.500775990035
082035,2023,lavoro,M,Y_GE65,,TOTAL,ALL,23,872.2457411814586
082035,2024,lavoro,M,Y_GE65,,TOTAL,ALL,23,885.2061857449651
082035,2018,lavoro,M,Y_GE65,,TOTAL,ALL,24,603.0
082035,2019,lavoro,M,Y_GE65,,TOTAL,ALL,24,641.0
082035,2021,lavoro,M,Y_GE65,,TOTAL,ALL,24,710.75413834563
082035,2022,lavoro,M,Y_GE65,,TOTAL,ALL,24,693.646682104169
082035,2023,lavoro,M,Y_GE65,,TOTAL,ALL,24,692.5594644362662
082035,2024,lavoro,M,Y_GE65,,TOTAL,ALL,24,738.6207895440639
082035,2018,lavoro,M,Y_GE65,,TOTAL,ALL,4,7.0
082035,2019,lavoro,M,Y_GE65,,TOTAL,ALL,4,10.0
082035,2021,lavoro,M,Y_GE65,,TOTAL,ALL,4,12.5152088540833
082035,2022,lavoro,M,Y_GE65,,TOTAL,ALL,4,16.3490215543825
082035,2023,lavoro,M,Y_GE65,,TOTAL,ALL,4,17.15739920936928
082035,2024,lavoro,M,Y_GE65,,TOTAL,ALL,4,13.743214695792544
082035,2018,lavoro,M,Y_GE65,,TOTAL,ALL,5,1.0
082035,2019,lavoro,M,Y_GE65,,TOTAL,ALL,5,0.0
082035,2021,lavoro,M,Y_GE65,,TOTAL,ALL,5,2.85686180259071e-06
082035,2022,lavoro,M,Y_GE65,,TOTAL,ALL,5,0.0702108083660914
082035,2023,lavoro,M,Y_GE65,,TOTAL,ALL,5,0.0728167019810803
082035,2024,lavoro,M,Y_GE65,,TOTAL,ALL,5,0.0442639575680295
082035,2018,lavoro,M,Y_GE65,,TOTAL,ALL,7,116.0
082035,2019,lavoro,M,Y_GE65,,TOTAL,ALL,7,93.0
082035,2021,lavoro,M,Y_GE65,,TOTAL,ALL,7,114.980080078918
082035,2022,lavoro,M,Y_GE65,,TOTAL,ALL,7,153.434861523118
082035,2023,lavoro,M,Y_GE65,,TOTAL,ALL,7,162.456060833842
082035,2024,lavoro,M,Y_GE65,,TOTAL,ALL,7,132.79791754754064
082035,2018,lavoro,M,Y_GE65,,TOTAL,ALL,99,787.0
082035,2019,lavoro,M,Y_GE65,,TOTAL,ALL,99,814.0
082035,2020,lavoro,M,Y_GE65,,TOTAL,ALL,99,868.0
082035,2021,lavoro,M,Y_GE65,,TOTAL,ALL,99,903.0
082035,2022,lavoro,M,Y_GE65,,TOTAL,ALL,99,928.0
082035,2023,lavoro,M,Y_GE65,,TOTAL,ALL,99,934.0
082035,2024,lavoro,M,Y_GE65,,TOTAL,ALL,99,954.0
082035,2018,lavoro,M,Y15-24,,TOTAL,ALL,1,101.0
082035,2019,lavoro,M,Y15-24,,TOTAL,ALL,1,108.0
082035,2021,lavoro,M,Y15-24,,TOTAL,ALL,1,113.0
082035,2022,lavoro,M,Y15-24,,TOTAL,ALL,1,128.0
082035,2023,lavoro,M,Y15-24,,TOTAL,ALL,1,118.0
082035,2024,lavoro,M,Y15-24,,TOTAL,ALL,1,114.0
082035,2018,lavoro,M,Y15-24,,TOTAL,ALL,12,158.0
082035,2019,lavoro,M,Y15-24,,TOTAL,ALL,12,162.0
082035,2021,lavoro,M,Y15-24,,TOTAL,ALL,12,111.826312366149
082035,2022,lavoro,M,Y15-24,,TOTAL,ALL,12,115.404557569135
082035,2023,lavoro,M,Y15-24,,TOTAL,ALL,12,114.52331984806828
082035,2024,lavoro,M,Y15-24,,TOTAL,ALL,12,94.4029471816659
082035,2018,lavoro,M,Y15-24,,TOTAL,ALL,22,259.0
082035,2019,lavoro,M,Y15-24,,TOTAL,ALL,22,270.0
082035,2021,lavoro,M,Y15-24,,TOTAL,ALL,22,224.826312366149
082035,2022,lavoro,M,Y15-24,,TOTAL,ALL,22,243.404557569135
082035,2023,lavoro,M,Y15-24,,TOTAL,ALL,22,232.52331984806827
082035,2024,lavoro,M,Y15-24,,TOTAL,ALL,22,208.4029471816659
082035,2018,lavoro,M,Y15-24,,TOTAL,ALL,23,543.0
082035,2019,lavoro,M,Y15-24,,TOTAL,ALL,23,540.0
082035,2021,lavoro,M,Y15-24,,TOTAL,ALL,23,560.173687633851
082035,2022,lavoro,M,Y15-24,,TOTAL,ALL,23,536.595442430865
082035,2023,lavoro,M,Y15-24,,TOTAL,ALL,23,547.4766801519319
082035,2024,lavoro,M,Y15-24,,TOTAL,ALL,23,568.5970528183342
082035,2018,lavoro,M,Y15-24,,TOTAL,ALL,24,1.0
082035,2019,lavoro,M,Y15-24,,TOTAL,ALL,24,2.0
082035,2021,lavoro,M,Y15-24,,TOTAL,ALL,24,1.20945340168637
082035,2022,lavoro,M,Y15-24,,TOTAL,ALL,24,1.40236515828869
082035,2023,lavoro,M,Y15-24,,TOTAL,ALL,24,1.6343415612944985
082035,2024,lavoro,M,Y15-24,,TOTAL,ALL,24,2.6124999962252025
082035,2018,lavoro,M,Y15-24,,TOTAL,ALL,4,7.0
082035,2019,lavoro,M,Y15-24,,TOTAL,ALL,4,8.0
082035,2021,lavoro,M,Y15-24,,TOTAL,ALL,4,15.5274720599836
082035,2022,lavoro,M,Y15-24,,TOTAL,ALL,4,8.2896327887703
082035,2023,lavoro,M,Y15-24,,TOTAL,ALL,4,13.461102060875085
082035,2024,lavoro,M,Y15-24,,TOTAL,ALL,4,10.558678810878124
082035,2018,lavoro,M,Y15-24,,TOTAL,ALL,5,413.0
082035,2019,lavoro,M,Y15-24,,TOTAL,ALL,5,444.0
082035,2021,lavoro,M,Y15-24,,TOTAL,ALL,5,439.88332998856
082035,2022,lavoro,M,Y15-24,,TOTAL,ALL,5,441.497233411744
082035,2023,lavoro,M,Y15-24,,TOTAL,ALL,5,429.76633165679567
082035,2024,lavoro,M,Y15-24,,TOTAL,ALL,5,453.3489019736442
082035,2018,lavoro,M,Y15-24,,TOTAL,ALL,7,122.0
082035,2019,lavoro,M,Y15-24,,TOTAL,ALL,7,86.0
082035,2021,lavoro,M,Y15-24,,TOTAL,ALL,7,103.553432183621
082035,2022,lavoro,M,Y15-24,,TOTAL,ALL,7,85.4062110720621
082035,2023,lavoro,M,Y15-24,,TOTAL,ALL,7,102.6149048729666
082035,2024,lavoro,M,Y15-24,,TOTAL,ALL,7,102.07697203758666
082035,2018,lavoro,M,Y15-24,,TOTAL,ALL,99,802.0
082035,2019,lavoro,M,Y15-24,,TOTAL,ALL,99,810.0
082035,2021,lavoro,M,Y15-24,,TOTAL,ALL,99,785.0
082035,2022,lavoro,M,Y15-24,,TOTAL,ALL,99,780.0
082035,2023,lavoro,M,Y15-24,,TOTAL,ALL,99,780.0000000000001
082035,2024,lavoro,M,Y15-24,,TOTAL,ALL,99,777.0000000000001
082035,2018,lavoro,M,Y25-49,,TOTAL,ALL,1,1433.0
082035,2019,lavoro,M,Y25-49,,TOTAL,ALL,1,1447.0
082035,2021,lavoro,M,Y25-49,,TOTAL,ALL,1,1501.0
082035,2022,lavoro,M,Y25-49,,TOTAL,ALL,1,1478.0
082035,2023,lavoro,M,Y25-49,,TOTAL,ALL,1,1470.0
082035,2024,lavoro,M,Y25-49,,TOTAL,ALL,1,1476.0
082035,2018,lavoro,M,Y25-49,,TOTAL,ALL,12,485.0
082035,2019,lavoro,M,Y25-49,,TOTAL,ALL,12,486.0
082035,2021,lavoro,M,Y25-49,,TOTAL,ALL,12,279.578981954988
082035,2022,lavoro,M,Y25-49,,TOTAL,ALL,12,312.888273293764
082035,2023,lavoro,M,Y25-49,,TOTAL,ALL,12,247.75061122421397
082035,2024,lavoro,M,Y25-49,,TOTAL,ALL,12,233.9106745728156
082035,2018,lavoro,M,Y25-49,,TOTAL,ALL,22,1918.0
082035,2019,lavoro,M,Y25-49,,TOTAL,ALL,22,1933.0
082035,2021,lavoro,M,Y25-49,,TOTAL,ALL,22,1780.57898195499
082035,2022,lavoro,M,Y25-49,,TOTAL,ALL,22,1790.88827329376
082035,2023,lavoro,M,Y25-49,,TOTAL,ALL,22,1717.750611224214
082035,2024,lavoro,M,Y25-49,,TOTAL,ALL,22,1709.9106745728157
082035,2018,lavoro,M,Y25-49,,TOTAL,ALL,23,361.0
082035,2019,lavoro,M,Y25-49,,TOTAL,ALL,23,343.0
082035,2021,lavoro,M,Y25-49,,TOTAL,ALL,23,423.421018045012
082035,2022,lavoro,M,Y25-49,,TOTAL,ALL,23,393.111726706236
082035,2023,lavoro,M,Y25-49,,TOTAL,ALL,23,379.2493887757861
082035,2024,lavoro,M,Y25-49,,TOTAL,ALL,23,376.08932542718446
082035,2018,lavoro,M,Y25-49,,TOTAL,ALL,24,22.0
082035,2019,lavoro,M,Y25-49,,TOTAL,ALL,24,31.0
082035,2021,lavoro,M,Y25-49,,TOTAL,ALL,24,23.5296856628916
082035,2022,lavoro,M,Y25-49,,TOTAL,ALL,24,18.4769480458317
082035,2023,lavoro,M,Y25-49,,TOTAL,ALL,24,18.814037120344494
082035,2024,lavoro,M,Y25-49,,TOTAL,ALL,24,26.57814427725063
082035,2018,lavoro,M,Y25-49,,TOTAL,ALL,4,49.0
082035,2019,lavoro,M,Y25-49,,TOTAL,ALL,4,54.0
082035,2021,lavoro,M,Y25-49,,TOTAL,ALL,4,77.2264246810736
082035,2022,lavoro,M,Y25-49,,TOTAL,ALL,4,72.5027302994171
082035,2023,lavoro,M,Y25-49,,TOTAL,ALL,4,82.2568361747746
082035,2024,lavoro,M,Y25-49,,TOTAL,ALL,4,62.84288748904395
082035,2018,lavoro,M,Y25-49,,TOTAL,ALL,5,43.0
082035,2019,lavoro,M,Y25-49,,TOTAL,ALL,5,44.0
082035,2021,lavoro,M,Y25-49,,TOTAL,ALL,5,41.0190015160063
082035,2022,lavoro,M,Y25-49,,TOTAL,ALL,5,47.2783438939288
082035,2023,lavoro,M,Y25-49,,TOTAL,ALL,5,31.023216230008572
082035,2024,lavoro,M,Y25-49,,TOTAL,ALL,5,44.25678551950007
082035,2018,lavoro,M,Y25-49,,TOTAL,ALL,7,247.0
082035,2019,lavoro,M,Y25-49,,TOTAL,ALL,7,214.0
082035,2021,lavoro,M,Y25-49,,TOTAL,ALL,7,281.645906185041
082035,2022,lavoro,M,Y25-49,,TOTAL,ALL,7,254.853704467058
082035,2023,lavoro,M,Y25-49,,TOTAL,ALL,7,247.15529925065843
082035,2024,lavoro,M,Y25-49,,TOTAL,ALL,7,242.41150814138985
082035,2018,lavoro,M,Y25-49,,TOTAL,ALL,99,2279.0
082035,2019,lavoro,M,Y25-49,,TOTAL,ALL,99,2276.0
082035,2020,lavoro,M,Y25-49,,TOTAL,ALL,99,2206.0
082035,2021,lavoro,M,Y25-49,,TOTAL,ALL,99,2204.0
082035,2022,lavoro,M,Y25-49,,TOTAL,ALL,99,2184.0
082035,2023,lavoro,M,Y25-49,,TOTAL,ALL,99,2097.0
082035,2024,lavoro,M,Y25-49,,TOTAL,ALL,99,2086.0
082035,2018,lavoro,M,Y50-64,,TOTAL,ALL,1,666.0
082035,2019,lavoro,M,Y50-64,,TOTAL,ALL,1,710.0
082035,2021,lavoro,M,Y50-64,,TOTAL,ALL,1,789.0
082035,2022,lavoro,M,Y50-64,,TOTAL,ALL,1,815.0
082035,2023,lavoro,M,Y50-64,,TOTAL,ALL,1,870.0
082035,2024,lavoro,M,Y50-64,,TOTAL,ALL,1,900.0
082035,2018,lavoro,M,Y50-64,,TOTAL,ALL,12,184.0
082035,2019,lavoro,M,Y50-64,,TOTAL,ALL,12,184.0
082035,2021,lavoro,M,Y50-64,,TOTAL,ALL,12,119.40527602843
082035,2022,lavoro,M,Y50-64,,TOTAL,ALL,12,137.111787897025
082035,2023,lavoro,M,Y50-64,,TOTAL,ALL,12,115.17552578731284
082035,2024,lavoro,M,Y50-64,,TOTAL,ALL,12,123.15008361068544
082035,2018,lavoro,M,Y50-64,,TOTAL,ALL,22,850.0
082035,2019,lavoro,M,Y50-64,,TOTAL,ALL,22,894.0
082035,2021,lavoro,M,Y50-64,,TOTAL,ALL,22,908.40527602843
082035,2022,lavoro,M,Y50-64,,TOTAL,ALL,22,952.111787897025
082035,2023,lavoro,M,Y50-64,,TOTAL,ALL,22,985.1755257873128
082035,2024,lavoro,M,Y50-64,,TOTAL,ALL,22,1023.1500836106854
082035,2018,lavoro,M,Y50-64,,TOTAL,ALL,23,295.0
082035,2019,lavoro,M,Y50-64,,TOTAL,ALL,23,290.0
082035,2021,lavoro,M,Y50-64,,TOTAL,ALL,23,367.59472397157
082035,2022,lavoro,M,Y50-64,,TOTAL,ALL,23,360.888212102975
082035,2023,lavoro,M,Y50-64,,TOTAL,ALL,23,349.82447421268705
082035,2024,lavoro,M,Y50-64,,TOTAL,ALL,23,356.84991638931444
082035,2018,lavoro,M,Y50-64,,TOTAL,ALL,24,97.0
082035,2019,lavoro,M,Y50-64,,TOTAL,ALL,24,112.0
082035,2021,lavoro,M,Y50-64,,TOTAL,ALL,24,101.888650507696
082035,2022,lavoro,M,Y50-64,,TOTAL,ALL,24,81.0709046229709
082035,2023,lavoro,M,Y50-64,,TOTAL,ALL,24,74.08981179477121
082035,2024,lavoro,M,Y50-64,,TOTAL,ALL,24,81.5310981911599
082035,2018,lavoro,M,Y50-64,,TOTAL,ALL,4,40.0
082035,2019,lavoro,M,Y50-64,,TOTAL,ALL,4,43.0
082035,2021,lavoro,M,Y50-64,,TOTAL,ALL,4,63.9354788548349
082035,2022,lavoro,M,Y50-64,,TOTAL,ALL,4,69.2842692082873
082035,2023,lavoro,M,Y50-64,,TOTAL,ALL,4,76.23817731423804
082035,2024,lavoro,M,Y50-64,,TOTAL,ALL,4,68.36101788279545
082035,2018,lavoro,M,Y50-64,,TOTAL,ALL,5,1.0
082035,2019,lavoro,M,Y50-64,,TOTAL,ALL,5,1.0
082035,2021,lavoro,M,Y50-64,,TOTAL,ALL,5,0.656969388247322
082035,2022,lavoro,M,Y50-64,,TOTAL,ALL,5,1.14173740772964
082035,2023,lavoro,M,Y50-64,,TOTAL,ALL,5,0.7538954414995771
082035,2024,lavoro,M,Y50-64,,TOTAL,ALL,5,1.6838984219387825
082035,2018,lavoro,M,Y50-64,,TOTAL,ALL,7,157.0
082035,2019,lavoro,M,Y50-64,,TOTAL,ALL,7,134.0
082035,2021,lavoro,M,Y50-64,,TOTAL,ALL,7,201.113625220792
082035,2022,lavoro,M,Y50-64,,TOTAL,ALL,7,209.391300863987
082035,2023,lavoro,M,Y50-64,,TOTAL,ALL,7,198.74258966217823
082035,2024,lavoro,M,Y50-64,,TOTAL,ALL,7,205.27390189342032
082035,2018,lavoro,M,Y50-64,,TOTAL,ALL,99,1145.0
082035,2019,lavoro,M,Y50-64,,TOTAL,ALL,99,1184.0
082035,2020,lavoro,M,Y50-64,,TOTAL,ALL,99,1214.0
082035,2021,lavoro,M,Y50-64,,TOTAL,ALL,99,1276.0
082035,2022,lavoro,M,Y50-64,,TOTAL,ALL,99,1313.0
082035,2023,lavoro,M,Y50-64,,TOTAL,ALL,99,1335.0
082035,2024,lavoro,M,Y50-64,,TOTAL,ALL,99,1379.9999999999998
082035,2018,lavoro,T,Y_GE15,,TOTAL,ALL,1,3346.0
082035,2019,lavoro,T,Y_GE15,,TOTAL,ALL,1,3467.0
082035,2021,lavoro,T,Y_GE15,,TOTAL,ALL,1,3719.0
082035,2022,lavoro,T,Y_GE15,,TOTAL,ALL,1,3736.0
082035,2023,lavoro,T,Y_GE15,,TOTAL,ALL,1,3824.0
082035,2024,lavoro,T,Y_GE15,,TOTAL,ALL,1,3958.0
082035,2018,lavoro,T,Y_GE15,,TOTAL,ALL,12,1523.0
082035,2019,lavoro,T,Y_GE15,,TOTAL,ALL,12,1531.0
082035,2021,lavoro,T,Y_GE15,,TOTAL,ALL,12,935.774142768571
082035,2022,lavoro,T,Y_GE15,,TOTAL,ALL,12,1068.78778710293
082035,2023,lavoro,T,Y_GE15,,TOTAL,ALL,12,918.3353785310408
082035,2024,lavoro,T,Y_GE15,,TOTAL,ALL,12,866.3543281994987
082035,2018,lavoro,T,Y_GE15,,TOTAL,ALL,22,4869.0
082035,2019,lavoro,T,Y_GE15,,TOTAL,ALL,22,4998.0
082035,2021,lavoro,T,Y_GE15,,TOTAL,ALL,22,4654.77414276857
082035,2022,lavoro,T,Y_GE15,,TOTAL,ALL,22,4804.78778710293
082035,2023,lavoro,T,Y_GE15,,TOTAL,ALL,22,4742.335378531041
082035,2024,lavoro,T,Y_GE15,,TOTAL,ALL,22,4824.354328199499
082035,2018,lavoro,T,Y_GE15,,TOTAL,ALL,23,5396.0
082035,2019,lavoro,T,Y_GE15,,TOTAL,ALL,23,5424.0
082035,2021,lavoro,T,Y_GE15,,TOTAL,ALL,23,5927.22585723143
082035,2022,lavoro,T,Y_GE15,,TOTAL,ALL,23,5857.21221289707
082035,2023,lavoro,T,Y_GE15,,TOTAL,ALL,23,5823.664621468959
082035,2024,lavoro,T,Y_GE15,,TOTAL,ALL,23,5859.645671800502
082035,2018,lavoro,T,Y_GE15,,TOTAL,ALL,24,1238.0
082035,2019,lavoro,T,Y_GE15,,TOTAL,ALL,24,1329.0
082035,2021,lavoro,T,Y_GE15,,TOTAL,ALL,24,1461.09867836086
082035,2022,lavoro,T,Y_GE15,,TOTAL,ALL,24,1293.5410442901
082035,2023,lavoro,T,Y_GE15,,TOTAL,ALL,24,1260.0681492380072
082035,2024,lavoro,T,Y_GE15,,TOTAL,ALL,24,1381.5065700386965
082035,2018,lavoro,T,Y_GE15,,TOTAL,ALL,4,2187.0
082035,2019,lavoro,T,Y_GE15,,TOTAL,ALL,4,2246.0
082035,2021,lavoro,T,Y_GE15,,TOTAL,ALL,4,2357.55787283471
082035,2022,lavoro,T,Y_GE15,,TOTAL,ALL,4,2363.07149377132
082035,2023,lavoro,T,Y_GE15,,TOTAL,ALL,4,2412.552362562313
082035,2024,lavoro,T,Y_GE15,,TOTAL,ALL,4,2285.461640591949
082035,2018,lavoro,T,Y_GE15,,TOTAL,ALL,5,928.0
082035,2019,lavoro,T,Y_GE15,,TOTAL,ALL,5,1000.0
082035,2021,lavoro,T,Y_GE15,,TOTAL,ALL,5,1012.54141381246
082035,2022,lavoro,T,Y_GE15,,TOTAL,ALL,5,1027.95636858909
082035,2023,lavoro,T,Y_GE15,,TOTAL,ALL,5,965.6159500233684
082035,2024,lavoro,T,Y_GE15,,TOTAL,ALL,5,1048.1976990964006
082035,2018,lavoro,T,Y_GE15,,TOTAL,ALL,7,1044.0
082035,2019,lavoro,T,Y_GE15,,TOTAL,ALL,7,849.0
082035,2021,lavoro,T,Y_GE15,,TOTAL,ALL,7,1096.0278922234
082035,2022,lavoro,T,Y_GE15,,TOTAL,ALL,7,1172.64330624656
082035,2023,lavoro,T,Y_GE15,,TOTAL,ALL,7,1185.4281596452706
082035,2024,lavoro,T,Y_GE15,,TOTAL,ALL,7,1144.4797620734553
082035,2018,lavoro,T,Y_GE15,,TOTAL,ALL,99,10265.0
082035,2019,lavoro,T,Y_GE15,,TOTAL,ALL,99,10422.0
082035,2021,lavoro,T,Y_GE15,,TOTAL,ALL,99,10582.0
082035,2022,lavoro,T,Y_GE15,,TOTAL,ALL,99,10662.0
082035,2023,lavoro,T,Y_GE15,,TOTAL,ALL,99,10566.0
082035,2024,lavoro,T,Y_GE15,,TOTAL,ALL,99,10684.0
082035,2018,lavoro,T,Y_GE65,,TOTAL,ALL,1,78.0
082035,2019,lavoro,T,Y_GE65,,TOTAL,ALL,1,86.0
082035,2021,lavoro,T,Y_GE65,,TOTAL,ALL,1,83.0
082035,2022,lavoro,T,Y_GE65,,TOTAL,ALL,1,84.0
082035,2023,lavoro,T,Y_GE65,,TOTAL,ALL,1,86.0
082035,2024,lavoro,T,Y_GE65,,TOTAL,ALL,1,101.0
082035,2018,lavoro,T,Y_GE65,,TOTAL,ALL,12,9.0
082035,2019,lavoro,T,Y_GE65,,TOTAL,ALL,12,10.0
082035,2021,lavoro,T,Y_GE65,,TOTAL,ALL,12,6.16735130289544
082035,2022,lavoro,T,Y_GE65,,TOTAL,ALL,12,5.72075619832943
082035,2023,lavoro,T,Y_GE65,,TOTAL,ALL,12,5.336291336281863
082035,2024,lavoro,T,Y_GE65,,TOTAL,ALL,12,5.436342181518252
082035,2018,lavoro,T,Y_GE65,,TOTAL,ALL,22,87.0
082035,2019,lavoro,T,Y_GE65,,TOTAL,ALL,22,96.0
082035,2021,lavoro,T,Y_GE65,,TOTAL,ALL,22,89.1673513028954
082035,2022,lavoro,T,Y_GE65,,TOTAL,ALL,22,89.7207561983294
082035,2023,lavoro,T,Y_GE65,,TOTAL,ALL,22,91.33629133628186
082035,2024,lavoro,T,Y_GE65,,TOTAL,ALL,22,106.43634218151826
082035,2018,lavoro,T,Y_GE65,,TOTAL,ALL,23,1663.0
082035,2019,lavoro,T,Y_GE65,,TOTAL,ALL,23,1716.0
082035,2021,lavoro,T,Y_GE65,,TOTAL,ALL,23,1883.8326486971
082035,2022,lavoro,T,Y_GE65,,TOTAL,ALL,23,1938.27924380167
082035,2023,lavoro,T,Y_GE65,,TOTAL,ALL,23,1933.6637086637184
082035,2024,lavoro,T,Y_GE65,,TOTAL,ALL,23,1953.5636578184815
082035,2018,lavoro,T,Y_GE65,,TOTAL,ALL,24,1074.0
082035,2019,lavoro,T,Y_GE65,,TOTAL,ALL,24,1135.0
082035,2021,lavoro,T,Y_GE65,,TOTAL,ALL,24,1277.59378071769
082035,2022,lavoro,T,Y_GE65,,TOTAL,ALL,24,1160.26627658101
082035,2023,lavoro,T,Y_GE65,,TOTAL,ALL,24,1134.0180968270315
082035,2024,lavoro,T,Y_GE65,,TOTAL,ALL,24,1232.8792675140355
082035,2018,lavoro,T,Y_GE65,,TOTAL,ALL,4,326.0
082035,2019,lavoro,T,Y_GE65,,TOTAL,ALL,4,366.0
082035,2021,lavoro,T,Y_GE65,,TOTAL,ALL,4,363.33230988408
082035,2022,lavoro,T,Y_GE65,,TOTAL,ALL,4,437.728394975751
082035,2023,lavoro,T,Y_GE65,,TOTAL,ALL,4,447.5526930562605
082035,2024,lavoro,T,Y_GE65,,TOTAL,ALL,4,420.9432715710916
082035,2018,lavoro,T,Y_GE65,,TOTAL,ALL,5,1.0
082035,2019,lavoro,T,Y_GE65,,TOTAL,ALL,5,0.0
082035,2021,lavoro,T,Y_GE65,,TOTAL,ALL,5,1.21984750870356e-05
082035,2022,lavoro,T,Y_GE65,,TOTAL,ALL,5,0.289991116480902
082035,2023,lavoro,T,Y_GE65,,TOTAL,ALL,5,0.3915556892869793
082035,2024,lavoro,T,Y_GE65,,TOTAL,ALL,5,0.2334957106036053
082035,2018,lavoro,T,Y_GE65,,TOTAL,ALL,7,262.0
082035,2019,lavoro,T,Y_GE65,,TOTAL,ALL,7,215.0
082035,2021,lavoro,T,Y_GE65,,TOTAL,ALL,7,242.906545896863
082035,2022,lavoro,T,Y_GE65,,TOTAL,ALL,7,339.994581128425
082035,2023,lavoro,T,Y_GE65,,TOTAL,ALL,7,351.7013630911393
082035,2024,lavoro,T,Y_GE65,,TOTAL,ALL,7,299.5076230227509
082035,2018,lavoro,T,Y_GE65,,TOTAL,ALL,99,1750.0
082035,2019,lavoro,T,Y_GE65,,TOTAL,ALL,99,1812.0
082035,2020,lavoro,T,Y_GE65,,TOTAL,ALL,99,1929.0
082035,2021,lavoro,T,Y_GE65,,TOTAL,ALL,99,1973.0
082035,2022,lavoro,T,Y_GE65,,TOTAL,ALL,99,2028.0
082035,2023,lavoro,T,Y_GE65,,TOTAL,ALL,99,2025.0
082035,2024,lavoro,T,Y_GE65,,TOTAL,ALL,99,2060.0
082035,2018,lavoro,T,Y15-24,,TOTAL,ALL,1,148.0
082035,2019,lavoro,T,Y15-24,,TOTAL,ALL,1,172.0
082035,2021,lavoro,T,Y15-24,,TOTAL,ALL,1,184.0
082035,2022,lavoro,T,Y15-24,,TOTAL,ALL,1,192.0
082035,2023,lavoro,T,Y15-24,,TOTAL,ALL,1,183.0
082035,2024,lavoro,T,Y15-24,,TOTAL,ALL,1,182.0
082035,2018,lavoro,T,Y15-24,,TOTAL,ALL,12,298.0
082035,2019,lavoro,T,Y15-24,,TOTAL,ALL,12,294.0
082035,2021,lavoro,T,Y15-24,,TOTAL,ALL,12,185.424241484486
082035,2022,lavoro,T,Y15-24,,TOTAL,ALL,12,203.96329819518
082035,2023,lavoro,T,Y15-24,,TOTAL,ALL,12,202.95533350160687
082035,2024,lavoro,T,Y15-24,,TOTAL,ALL,12,167.2148349787897
082035,2018,lavoro,T,Y15-24,,TOTAL,ALL,22,446.0
082035,2019,lavoro,T,Y15-24,,TOTAL,ALL,22,466.0
082035,2021,lavoro,T,Y15-24,,TOTAL,ALL,22,369.424241484486
082035,2022,lavoro,T,Y15-24,,TOTAL,ALL,22,395.96329819518
082035,2023,lavoro,T,Y15-24,,TOTAL,ALL,22,385.9553335016069
082035,2024,lavoro,T,Y15-24,,TOTAL,ALL,22,349.2148349787897
082035,2018,lavoro,T,Y15-24,,TOTAL,ALL,23,1091.0
082035,2019,lavoro,T,Y15-24,,TOTAL,ALL,23,1098.0
082035,2021,lavoro,T,Y15-24,,TOTAL,ALL,23,1141.57575851551
082035,2022,lavoro,T,Y15-24,,TOTAL,ALL,23,1108.03670180482
082035,2023,lavoro,T,Y15-24,,TOTAL,ALL,23,1126.044666498393
082035,2024,lavoro,T,Y15-24,,TOTAL,ALL,23,1178.7851650212106
082035,2018,lavoro,T,Y15-24,,TOTAL,ALL,24,2.0
082035,2019,lavoro,T,Y15-24,,TOTAL,ALL,24,3.0
082035,2021,lavoro,T,Y15-24,,TOTAL,ALL,24,3.58343693575652
082035,2022,lavoro,T,Y15-24,,TOTAL,ALL,24,1.77652789639928
082035,2023,lavoro,T,Y15-24,,TOTAL,ALL,24,2.0101181666441885
082035,2024,lavoro,T,Y15-24,,TOTAL,ALL,24,3.422282020646508
082035,2018,lavoro,T,Y15-24,,TOTAL,ALL,4,102.0
082035,2019,lavoro,T,Y15-24,,TOTAL,ALL,4,100.0
082035,2021,lavoro,T,Y15-24,,TOTAL,ALL,4,108.76147485427
082035,2022,lavoro,T,Y15-24,,TOTAL,ALL,4,85.6243624047798
082035,2023,lavoro,T,Y15-24,,TOTAL,ALL,4,110.8793090276662
082035,2024,lavoro,T,Y15-24,,TOTAL,ALL,4,98.38928025628462
082035,2018,lavoro,T,Y15-24,,TOTAL,ALL,5,816.0
082035,2019,lavoro,T,Y15-24,,TOTAL,ALL,5,880.0
082035,2021,lavoro,T,Y15-24,,TOTAL,ALL,5,890.59382217409
082035,2022,lavoro,T,Y15-24,,TOTAL,ALL,5,899.491313769337
082035,2023,lavoro,T,Y15-24,,TOTAL,ALL,5,870.4088911218739
082035,2024,lavoro,T,Y15-24,,TOTAL,ALL,5,932.0533697315134
082035,2018,lavoro,T,Y15-24,,TOTAL,ALL,7,171.0
082035,2019,lavoro,T,Y15-24,,TOTAL,ALL,7,115.0
082035,2021,lavoro,T,Y15-24,,TOTAL,ALL,7,138.637024551397
082035,2022,lavoro,T,Y15-24,,TOTAL,ALL,7,121.144497734304
082035,2023,lavoro,T,Y15-24,,TOTAL,ALL,7,142.7463481822088
082035,2024,lavoro,T,Y15-24,,TOTAL,ALL,7,144.92023301276603
082035,2018,lavoro,T,Y15-24,,TOTAL,ALL,99,1537.0
082035,2019,lavoro,T,Y15-24,,TOTAL,ALL,99,1564.0
082035,2021,lavoro,T,Y15-24,,TOTAL,ALL,99,1511.0
082035,2022,lavoro,T,Y15-24,,TOTAL,ALL,99,1504.0
082035,2023,lavoro,T,Y15-24,,TOTAL,ALL,99,1512.0
082035,2024,lavoro,T,Y15-24,,TOTAL,ALL,99,1528.0000000000002
082035,2018,lavoro,T,Y25-49,,TOTAL,ALL,1,2138.0
082035,2019,lavoro,T,Y25-49,,TOTAL,ALL,1,2168.0
082035,2021,lavoro,T,Y25-49,,TOTAL,ALL,1,2288.0
082035,2022,lavoro,T,Y25-49,,TOTAL,ALL,1,2269.0
082035,2023,lavoro,T,Y25-49,,TOTAL,ALL,1,2290.0
082035,2024,lavoro,T,Y25-49,,TOTAL,ALL,1,2340.0
082035,2018,lavoro,T,Y25-49,,TOTAL,ALL,12,929.0
082035,2019,lavoro,T,Y25-49,,TOTAL,ALL,12,932.0
082035,2021,lavoro,T,Y25-49,,TOTAL,ALL,12,556.601486201915
082035,2022,lavoro,T,Y25-49,,TOTAL,ALL,12,636.295563953062
082035,2023,lavoro,T,Y25-49,,TOTAL,ALL,12,506.8529555456904
082035,2024,lavoro,T,Y25-49,,TOTAL,ALL,12,481.81828855111286
082035,2018,lavoro,T,Y25-49,,TOTAL,ALL,22,3067.0
082035,2019,lavoro,T,Y25-49,,TOTAL,ALL,22,3100.0
082035,2021,lavoro,T,Y25-49,,TOTAL,ALL,22,2844.60148620192
082035,2022,lavoro,T,Y25-49,,TOTAL,ALL,22,2905.29556395306
082035,2023,lavoro,T,Y25-49,,TOTAL,ALL,22,2796.8529555456903
082035,2024,lavoro,T,Y25-49,,TOTAL,ALL,22,2821.818288551113
082035,2018,lavoro,T,Y25-49,,TOTAL,ALL,23,1585.0
082035,2019,lavoro,T,Y25-49,,TOTAL,ALL,23,1538.0
082035,2021,lavoro,T,Y25-49,,TOTAL,ALL,23,1667.39851379808
082035,2022,lavoro,T,Y25-49,,TOTAL,ALL,23,1587.70443604694
082035,2023,lavoro,T,Y25-49,,TOTAL,ALL,23,1537.1470444543097
082035,2024,lavoro,T,Y25-49,,TOTAL,ALL,23,1476.1817114488874
082035,2018,lavoro,T,Y25-49,,TOTAL,ALL,24,32.0
082035,2019,lavoro,T,Y25-49,,TOTAL,ALL,24,42.0
082035,2021,lavoro,T,Y25-49,,TOTAL,ALL,24,34.9932106080702
082035,2022,lavoro,T,Y25-49,,TOTAL,ALL,24,24.1548073487337
082035,2023,lavoro,T,Y25-49,,TOTAL,ALL,24,25.1221383501889
082035,2024,lavoro,T,Y25-49,,TOTAL,ALL,24,35.12009394105913
082035,2018,lavoro,T,Y25-49,,TOTAL,ALL,4,1058.0
082035,2019,lavoro,T,Y25-49,,TOTAL,ALL,4,1052.0
082035,2021,lavoro,T,Y25-49,,TOTAL,ALL,4,1079.91527389905
082035,2022,lavoro,T,Y25-49,,TOTAL,ALL,4,1038.26719176677
082035,2023,lavoro,T,Y25-49,,TOTAL,ALL,4,1030.7120265080105
082035,2024,lavoro,T,Y25-49,,TOTAL,ALL,4,943.6585485125562
082035,2018,lavoro,T,Y25-49,,TOTAL,ALL,5,110.0
082035,2019,lavoro,T,Y25-49,,TOTAL,ALL,5,119.0
082035,2021,lavoro,T,Y25-49,,TOTAL,ALL,5,119.010068308417
082035,2022,lavoro,T,Y25-49,,TOTAL,ALL,5,124.964803219863
082035,2023,lavoro,T,Y25-49,,TOTAL,ALL,5,92.37479726834694
082035,2024,lavoro,T,Y25-49,,TOTAL,ALL,5,110.66950407961512
082035,2018,lavoro,T,Y25-49,,TOTAL,ALL,7,385.0
082035,2019,lavoro,T,Y25-49,,TOTAL,ALL,7,325.0
082035,2021,lavoro,T,Y25-49,,TOTAL,ALL,7,433.47996098255
082035,2022,lavoro,T,Y25-49,,TOTAL,ALL,7,400.317633711572
082035,2023,lavoro,T,Y25-49,,TOTAL,ALL,7,388.9380823277634
082035,2024,lavoro,T,Y25-49,,TOTAL,ALL,7,386.733564915657
082035,2018,lavoro,T,Y25-49,,TOTAL,ALL,99,4652.0
082035,2019,lavoro,T,Y25-49,,TOTAL,ALL,99,4638.0
082035,2020,lavoro,T,Y25-49,,TOTAL,ALL,99,4518.0
082035,2021,lavoro,T,Y25-49,,TOTAL,ALL,99,4512.0
082035,2022,lavoro,T,Y25-49,,TOTAL,ALL,99,4493.0
082035,2023,lavoro,T,Y25-49,,TOTAL,ALL,99,4334.0
082035,2024,lavoro,T,Y25-49,,TOTAL,ALL,99,4298.0
082035,2018,lavoro,T,Y50-64,,TOTAL,ALL,1,982.0
082035,2019,lavoro,T,Y50-64,,TOTAL,ALL,1,1041.0
082035,2021,lavoro,T,Y50-64,,TOTAL,ALL,1,1164.0
082035,2022,lavoro,T,Y50-64,,TOTAL,ALL,1,1191.0
082035,2023,lavoro,T,Y50-64,,TOTAL,ALL,1,1265.0
082035,2024,lavoro,T,Y50-64,,TOTAL,ALL,1,1335.0
082035,2018,lavoro,T,Y50-64,,TOTAL,ALL,12,287.0
082035,2019,lavoro,T,Y50-64,,TOTAL,ALL,12,295.0
082035,2021,lavoro,T,Y50-64,,TOTAL,ALL,12,187.581063779274
082035,2022,lavoro,T,Y50-64,,TOTAL,ALL,12,222.808168756358
082035,2023,lavoro,T,Y50-64,,TOTAL,ALL,12,203.1907981474616
082035,2024,lavoro,T,Y50-64,,TOTAL,ALL,12,211.88486248807797
082035,2018,lavoro,T,Y50-64,,TOTAL,ALL,22,1269.0
082035,2019,lavoro,T,Y50-64,,TOTAL,ALL,22,1336.0
082035,2021,lavoro,T,Y50-64,,TOTAL,ALL,22,1351.58106377927
082035,2022,lavoro,T,Y50-64,,TOTAL,ALL,22,1413.80816875636
082035,2023,lavoro,T,Y50-64,,TOTAL,ALL,22,1468.1907981474617
082035,2024,lavoro,T,Y50-64,,TOTAL,ALL,22,1546.884862488078
082035,2018,lavoro,T,Y50-64,,TOTAL,ALL,23,1057.0
082035,2019,lavoro,T,Y50-64,,TOTAL,ALL,23,1072.0
082035,2021,lavoro,T,Y50-64,,TOTAL,ALL,23,1234.41893622073
082035,2022,lavoro,T,Y50-64,,TOTAL,ALL,23,1223.19183124364
082035,2023,lavoro,T,Y50-64,,TOTAL,ALL,23,1226.8092018525383
082035,2024,lavoro,T,Y50-64,,TOTAL,ALL,23,1251.1151375119218
082035,2018,lavoro,T,Y50-64,,TOTAL,ALL,24,129.0
082035,2019,lavoro,T,Y50-64,,TOTAL,ALL,24,149.0
082035,2021,lavoro,T,Y50-64,,TOTAL,ALL,24,144.928250099346
082035,2022,lavoro,T,Y50-64,,TOTAL,ALL,24,107.343432463955
082035,2023,lavoro,T,Y50-64,,TOTAL,ALL,24,98.91779589414269
082035,2024,lavoro,T,Y50-64,,TOTAL,ALL,24,110.08492656295532
082035,2018,lavoro,T,Y50-64,,TOTAL,ALL,4,701.0
082035,2019,lavoro,T,Y50-64,,TOTAL,ALL,4,728.0
082035,2021,lavoro,T,Y50-64,,TOTAL,ALL,4,805.548814197313
082035,2022,lavoro,T,Y50-64,,TOTAL,ALL,4,801.451544624018
082035,2023,lavoro,T,Y50-64,,TOTAL,ALL,4,823.4083339703759
082035,2024,lavoro,T,Y50-64,,TOTAL,ALL,4,822.4705402520167
082035,2018,lavoro,T,Y50-64,,TOTAL,ALL,5,1.0
082035,2019,lavoro,T,Y50-64,,TOTAL,ALL,5,1.0
082035,2021,lavoro,T,Y50-64,,TOTAL,ALL,5,2.93751113147553
082035,2022,lavoro,T,Y50-64,,TOTAL,ALL,5,3.21026048340674
082035,2023,lavoro,T,Y50-64,,TOTAL,ALL,5,2.4407059438604697
082035,2024,lavoro,T,Y50-64,,TOTAL,ALL,5,5.241329574668447
082035,2018,lavoro,T,Y50-64,,TOTAL,ALL,7,226.0
082035,2019,lavoro,T,Y50-64,,TOTAL,ALL,7,194.0
082035,2021,lavoro,T,Y50-64,,TOTAL,ALL,7,281.004360792592
082035,2022,lavoro,T,Y50-64,,TOTAL,ALL,7,311.186593672263
082035,2023,lavoro,T,Y50-64,,TOTAL,ALL,7,302.0423660441592
082035,2024,lavoro,T,Y50-64,,TOTAL,ALL,7,313.3183411222813
082035,2018,lavoro,T,Y50-64,,TOTAL,ALL,99,2326.0
082035,2019,lavoro,T,Y50-64,,TOTAL,ALL,99,2408.0
082035,2020,lavoro,T,Y50-64,,TOTAL,ALL,99,2468.0
082035,2021,lavoro,T,Y50-64,,TOTAL,ALL,99,2586.0
082035,2022,lavoro,T,Y50-64,,TOTAL,ALL,99,2637.0
082035,2023,lavoro,T,Y50-64,,TOTAL,ALL,99,2695.0
082035,2024,lavoro,T,Y50-64,,TOTAL,ALL,99,2798.0
082048,2018,lavoro,F,Y_GE15,,TOTAL,ALL,1,2204.0
082048,2019,lavoro,F,Y_GE15,,TOTAL,ALL,1,2220.0
082048,2021,lavoro,F,Y_GE15,,TOTAL,ALL,1,2449.0
082048,2022,lavoro,F,Y_GE15,,TOTAL,ALL,1,2485.0
082048,2023,lavoro,F,Y_GE15,,TOTAL,ALL,1,2610.0
082048,2024,lavoro,F,Y_GE15,,TOTAL,ALL,1,2839.0
082048,2018,lavoro,F,Y_GE15,,TOTAL,ALL,12,1447.0
082048,2019,lavoro,F,Y_GE15,,TOTAL,ALL,12,1533.0
082048,2021,lavoro,F,Y_GE15,,TOTAL,ALL,12,818.088850083169
082048,2022,lavoro,F,Y_GE15,,TOTAL,ALL,12,853.383449781576
082048,2023,lavoro,F,Y_GE15,,TOTAL,ALL,12,843.3913871520933
082048,2024,lavoro,F,Y_GE15,,TOTAL,ALL,12,678.4397199091119
082048,2018,lavoro,F,Y_GE15,,TOTAL,ALL,22,3651.0
082048,2019,lavoro,F,Y_GE15,,TOTAL,ALL,22,3753.0
082048,2021,lavoro,F,Y_GE15,,TOTAL,ALL,22,3267.08885008317
082048,2022,lavoro,F,Y_GE15,,TOTAL,ALL,22,3338.38344978158
082048,2023,lavoro,F,Y_GE15,,TOTAL,ALL,22,3453.3913871520936
082048,2024,lavoro,F,Y_GE15,,TOTAL,ALL,22,3517.439719909112
082048,2018,lavoro,F,Y_GE15,,TOTAL,ALL,23,8511.0
082048,2019,lavoro,F,Y_GE15,,TOTAL,ALL,23,8477.0
082048,2021,lavoro,F,Y_GE15,,TOTAL,ALL,23,9034.91114991683
082048,2022,lavoro,F,Y_GE15,,TOTAL,ALL,23,8934.61655021842
082048,2023,lavoro,F,Y_GE15,,TOTAL,ALL,23,8875.608612847906
082048,2024,lavoro,F,Y_GE15,,TOTAL,ALL,23,8950.56028009089
082048,2018,lavoro,F,Y_GE15,,TOTAL,ALL,24,1301.0
082048,2019,lavoro,F,Y_GE15,,TOTAL,ALL,24,1387.0
082048,2021,lavoro,F,Y_GE15,,TOTAL,ALL,24,1504.45056481871
082048,2022,lavoro,F,Y_GE15,,TOTAL,ALL,24,1266.77215231821
082048,2023,lavoro,F,Y_GE15,,TOTAL,ALL,24,1165.707624392497
082048,2024,lavoro,F,Y_GE15,,TOTAL,ALL,24,1372.0366811197978
082048,2018,lavoro,F,Y_GE15,,TOTAL,ALL,4,5120.0
082048,2019,lavoro,F,Y_GE15,,TOTAL,ALL,4,5146.0
082048,2021,lavoro,F,Y_GE15,,TOTAL,ALL,4,5428.93426050544
082048,2022,lavoro,F,Y_GE15,,TOTAL,ALL,4,5378.17135797824
082048,2023,lavoro,F,Y_GE15,,TOTAL,ALL,4,5460.168503594688
082048,2024,lavoro,F,Y_GE15,,TOTAL,ALL,4,5270.956184583263
082048,2018,lavoro,F,Y_GE15,,TOTAL,ALL,5,976.0
082048,2019,lavoro,F,Y_GE15,,TOTAL,ALL,5,1044.0
082048,2021,lavoro,F,Y_GE15,,TOTAL,ALL,5,1079.6131600993
082048,2022,lavoro,F,Y_GE15,,TOTAL,ALL,5,1115.13736091498
082048,2023,lavoro,F,Y_GE15,,TOTAL,ALL,5,1005.8532092954014
082048,2024,lavoro,F,Y_GE15,,TOTAL,ALL,5,1093.147614189934
082048,2018,lavoro,F,Y_GE15,,TOTAL,ALL,7,1114.0
082048,2019,lavoro,F,Y_GE15,,TOTAL,ALL,7,901.0
082048,2021,lavoro,F,Y_GE15,,TOTAL,ALL,7,1021.91316449338
082048,2022,lavoro,F,Y_GE15,,TOTAL,ALL,7,1174.53567900699
082048,2023,lavoro,F,Y_GE15,,TOTAL,ALL,7,1243.879275565319
082048,2024,lavoro,F,Y_GE15,,TOTAL,ALL,7,1214.4198001978934
082048,2018,lavoro,F,Y_GE15,,TOTAL,ALL,99,12162.0
082048,2019,lavoro,F,Y_GE15,,TOTAL,ALL,99,12230.0
082048,2021,lavoro,F,Y_GE15,,TOTAL,ALL,99,12302.0
082048,2022,lavoro,F,Y_GE15,,TOTAL,ALL,99,12273.0
082048,2023,lavoro,F,Y_GE15,,TOTAL,ALL,99,12328.999999999998
082048,2024,lavoro,F,Y_GE15,,TOTAL,ALL,99,12468.0
082048,2018,lavoro,F,Y_GE65,,TOTAL,ALL,1,60.0
082048,2019,lavoro,F,Y_GE65,,TOTAL,ALL,1,65.0
082048,2021,lavoro,F,Y_GE65,,TOTAL,ALL,1,49.0
082048,2022,lavoro,F,Y_GE65,,TOTAL,ALL,1,59.0
082048,2023,lavoro,F,Y_GE65,,TOTAL,ALL,1,70.0
082048,2024,lavoro,F,Y_GE65,,TOTAL,ALL,1,69.0
082048,2018,lavoro,F,Y_GE65,,TOTAL,ALL,12,13.0
082048,2019,lavoro,F,Y_GE65,,TOTAL,ALL,12,15.0
082048,2021,lavoro,F,Y_GE65,,TOTAL,ALL,12,9.00727515154258
082048,2022,lavoro,F,Y_GE65,,TOTAL,ALL,12,5.71179397148708
082048,2023,lavoro,F,Y_GE65,,TOTAL,ALL,12,8.328559701934639
082048,2024,lavoro,F,Y_GE65,,TOTAL,ALL,12,7.011744034928519
082048,2018,lavoro,F,Y_GE65,,TOTAL,ALL,22,73.0
082048,2019,lavoro,F,Y_GE65,,TOTAL,ALL,22,80.0
082048,2021,lavoro,F,Y_GE65,,TOTAL,ALL,22,58.0072751515426
082048,2022,lavoro,F,Y_GE65,,TOTAL,ALL,22,64.7117939714871
082048,2023,lavoro,F,Y_GE65,,TOTAL,ALL,22,78.32855970193464
082048,2024,lavoro,F,Y_GE65,,TOTAL,ALL,22,76.01174403492851
082048,2018,lavoro,F,Y_GE65,,TOTAL,ALL,23,2563.0
082048,2019,lavoro,F,Y_GE65,,TOTAL,ALL,23,2615.0
082048,2021,lavoro,F,Y_GE65,,TOTAL,ALL,23,2765.99272484846
082048,2022,lavoro,F,Y_GE65,,TOTAL,ALL,23,2797.28820602851
082048,2023,lavoro,F,Y_GE65,,TOTAL,ALL,23,2832.671440298065
082048,2024,lavoro,F,Y_GE65,,TOTAL,ALL,23,2923.9882559650714
082048,2018,lavoro,F,Y_GE65,,TOTAL,ALL,24,1188.0
082048,2019,lavoro,F,Y_GE65,,TOTAL,ALL,24,1259.0
082048,2021,lavoro,F,Y_GE65,,TOTAL,ALL,24,1371.41179356116
082048,2022,lavoro,F,Y_GE65,,TOTAL,ALL,24,1171.95074022914
082048,2023,lavoro,F,Y_GE65,,TOTAL,ALL,24,1081.328244188638
082048,2024,lavoro,F,Y_GE65,,TOTAL,ALL,24,1273.306859068956
082048,2018,lavoro,F,Y_GE65,,TOTAL,ALL,4,938.0
082048,2019,lavoro,F,Y_GE65,,TOTAL,ALL,4,984.0
082048,2021,lavoro,F,Y_GE65,,TOTAL,ALL,4,1018.5423269238
082048,2022,lavoro,F,Y_GE65,,TOTAL,ALL,4,1146.74816286517
082048,2023,lavoro,F,Y_GE65,,TOTAL,ALL,4,1212.4668725665829
082048,2024,lavoro,F,Y_GE65,,TOTAL,ALL,4,1163.2504109797285
082048,2018,lavoro,F,Y_GE65,,TOTAL,ALL,5,0.0
082048,2019,lavoro,F,Y_GE65,,TOTAL,ALL,5,0.0
082048,2021,lavoro,F,Y_GE65,,TOTAL,ALL,5,1.78060619737845e-05
082048,2022,lavoro,F,Y_GE65,,TOTAL,ALL,5,0.421565374678726
082048,2023,lavoro,F,Y_GE65,,TOTAL,ALL,5,0.7599605654160438
082048,2024,lavoro,F,Y_GE65,,TOTAL,ALL,5,0.4439115301995611
082048,2018,lavoro,F,Y_GE65,,TOTAL,ALL,7,437.0
082048,2019,lavoro,F,Y_GE65,,TOTAL,ALL,7,372.0
082048,2021,lavoro,F,Y_GE65,,TOTAL,ALL,7,376.038586557439
082048,2022,lavoro,F,Y_GE65,,TOTAL,ALL,7,478.167737559525
082048,2023,lavoro,F,Y_GE65,,TOTAL,ALL,7,538.1163629774286
082048,2024,lavoro,F,Y_GE65,,TOTAL,ALL,7,486.9870743861878
082048,2018,lavoro,F,Y_GE65,,TOTAL,ALL,99,2636.0
082048,2019,lavoro,F,Y_GE65,,TOTAL,ALL,99,2695.0
082048,2020,lavoro,F,Y_GE65,,TOTAL,ALL,99,2756.0
082048,2021,lavoro,F,Y_GE65,,TOTAL,ALL,99,2824.0
082048,2022,lavoro,F,Y_GE65,,TOTAL,ALL,99,2862.0
082048,2023,lavoro,F,Y_GE65,,TOTAL,ALL,99,2911.0
082048,2024,lavoro,F,Y_GE65,,TOTAL,ALL,99,3000.0
082048,2018,lavoro,F,Y15-24,,TOTAL,ALL,1,108.0
082048,2019,lavoro,F,Y15-24,,TOTAL,ALL,1,98.0
082048,2021,lavoro,F,Y15-24,,TOTAL,ALL,1,124.0
082048,2022,lavoro,F,Y15-24,,TOTAL,ALL,1,114.0
082048,2023,lavoro,F,Y15-24,,TOTAL,ALL,1,102.0
082048,2024,lavoro,F,Y15-24,,TOTAL,ALL,1,139.0
082048,2018,lavoro,F,Y15-24,,TOTAL,ALL,12,322.0
082048,2019,lavoro,F,Y15-24,,TOTAL,ALL,12,308.0
082048,2021,lavoro,F,Y15-24,,TOTAL,ALL,12,153.828373651226
082048,2022,lavoro,F,Y15-24,,TOTAL,ALL,12,169.240369148605
082048,2023,lavoro,F,Y15-24,,TOTAL,ALL,12,184.0796691016496
082048,2024,lavoro,F,Y15-24,,TOTAL,ALL,12,125.85443788309104
082048,2018,lavoro,F,Y15-24,,TOTAL,ALL,22,430.0
082048,2019,lavoro,F,Y15-24,,TOTAL,ALL,22,406.0
082048,2021,lavoro,F,Y15-24,,TOTAL,ALL,22,277.828373651226
082048,2022,lavoro,F,Y15-24,,TOTAL,ALL,22,283.240369148605
082048,2023,lavoro,F,Y15-24,,TOTAL,ALL,22,286.0796691016496
082048,2024,lavoro,F,Y15-24,,TOTAL,ALL,22,264.85443788309107
082048,2018,lavoro,F,Y15-24,,TOTAL,ALL,23,1214.0
082048,2019,lavoro,F,Y15-24,,TOTAL,ALL,23,1184.0
082048,2021,lavoro,F,Y15-24,,TOTAL,ALL,23,1265.17162634877
082048,2022,lavoro,F,Y15-24,,TOTAL,ALL,23,1236.75963085139
082048,2023,lavoro,F,Y15-24,,TOTAL,ALL,23,1232.92033089835
082048,2024,lavoro,F,Y15-24,,TOTAL,ALL,23,1270.1455621169089
082048,2018,lavoro,F,Y15-24,,TOTAL,ALL,24,1.0
082048,2019,lavoro,F,Y15-24,,TOTAL,ALL,24,2.0
082048,2021,lavoro,F,Y15-24,,TOTAL,ALL,24,0.962705870527452
082048,2022,lavoro,F,Y15-24,,TOTAL,ALL,24,0.923568053236634
082048,2023,lavoro,F,Y15-24,,TOTAL,ALL,24,0.7746570716786428
082048,2024,lavoro,F,Y15-24,,TOTAL,ALL,24,1.2890570977018188
082048,2018,lavoro,F,Y15-24,,TOTAL,ALL,4,238.0
082048,2019,lavoro,F,Y15-24,,TOTAL,ALL,4,211.0
082048,2021,lavoro,F,Y15-24,,TOTAL,ALL,4,250.317559429619
082048,2022,lavoro,F,Y15-24,,TOTAL,ALL,4,199.709692749296
082048,2023,lavoro,F,Y15-24,,TOTAL,ALL,4,251.1740753299151
082048,2024,lavoro,F,Y15-24,,TOTAL,ALL,4,221.25835051888427
082048,2018,lavoro,F,Y15-24,,TOTAL,ALL,5,840.0
082048,2019,lavoro,F,Y15-24,,TOTAL,ALL,5,890.0
082048,2021,lavoro,F,Y15-24,,TOTAL,ALL,5,923.861682395693
082048,2022,lavoro,F,Y15-24,,TOTAL,ALL,5,947.250569970115
082048,2023,lavoro,F,Y15-24,,TOTAL,ALL,5,883.4290392848139
082048,2024,lavoro,F,Y15-24,,TOTAL,ALL,5,947.1280671294452
082048,2018,lavoro,F,Y15-24,,TOTAL,ALL,7,135.0
082048,2019,lavoro,F,Y15-24,,TOTAL,ALL,7,81.0
082048,2021,lavoro,F,Y15-24,,TOTAL,ALL,7,90.0296786529345
082048,2022,lavoro,F,Y15-24,,TOTAL,ALL,7,88.8758000787471
082048,2023,lavoro,F,Y15-24,,TOTAL,ALL,7,97.54255921194256
082048,2024,lavoro,F,Y15-24,,TOTAL,ALL,7,100.47008737087766
082048,2018,lavoro,F,Y15-24,,TOTAL,ALL,99,1644.0
082048,2019,lavoro,F,Y15-24,,TOTAL,ALL,99,1590.0
082048,2021,lavoro,F,Y15-24,,TOTAL,ALL,99,1543.0
082048,2022,lavoro,F,Y15-24,,TOTAL,ALL,99,1520.0
082048,2023,lavoro,F,Y15-24,,TOTAL,ALL,99,1518.9999999999998
082048,2024,lavoro,F,Y15-24,,TOTAL,ALL,99,1535.0
082048,2018,lavoro,F,Y25-49,,TOTAL,ALL,1,1386.0
082048,2019,lavoro,F,Y25-49,,TOTAL,ALL,1,1399.0
082048,2021,lavoro,F,Y25-49,,TOTAL,ALL,1,1557.0
082048,2022,lavoro,F,Y25-49,,TOTAL,ALL,1,1591.0
082048,2023,lavoro,F,Y25-49,,TOTAL,ALL,1,1674.0
082048,2024,lavoro,F,Y25-49,,TOTAL,ALL,1,1802.0
082048,2018,lavoro,F,Y25-49,,TOTAL,ALL,12,893.0
082048,2019,lavoro,F,Y25-49,,TOTAL,ALL,12,943.0
082048,2021,lavoro,F,Y25-49,,TOTAL,ALL,12,509.000151894011
082048,2022,lavoro,F,Y25-49,,TOTAL,ALL,12,525.106161532351
082048,2023,lavoro,F,Y25-49,,TOTAL,ALL,12,475.8215739985103
082048,2024,lavoro,F,Y25-49,,TOTAL,ALL,12,396.2896751212296
082048,2018,lavoro,F,Y25-49,,TOTAL,ALL,22,2279.0
082048,2019,lavoro,F,Y25-49,,TOTAL,ALL,22,2342.0
082048,2021,lavoro,F,Y25-49,,TOTAL,ALL,22,2066.00015189401
082048,2022,lavoro,F,Y25-49,,TOTAL,ALL,22,2116.10616153235
082048,2023,lavoro,F,Y25-49,,TOTAL,ALL,22,2149.8215739985103
082048,2024,lavoro,F,Y25-49,,TOTAL,ALL,22,2198.2896751212297
082048,2018,lavoro,F,Y25-49,,TOTAL,ALL,23,2766.0
082048,2019,lavoro,F,Y25-49,,TOTAL,ALL,23,2652.0
082048,2021,lavoro,F,Y25-49,,TOTAL,ALL,23,2778.99984810599
082048,2022,lavoro,F,Y25-49,,TOTAL,ALL,23,2631.89383846765
082048,2023,lavoro,F,Y25-49,,TOTAL,ALL,23,2562.178426001489
082048,2024,lavoro,F,Y25-49,,TOTAL,ALL,23,2485.7103248787703
082048,2018,lavoro,F,Y25-49,,TOTAL,ALL,24,25.0
082048,2019,lavoro,F,Y25-49,,TOTAL,ALL,24,28.0
082048,2021,lavoro,F,Y25-49,,TOTAL,ALL,24,23.7045906095343
082048,2022,lavoro,F,Y25-49,,TOTAL,ALL,24,17.8711123577705
082048,2023,lavoro,F,Y25-49,,TOTAL,ALL,24,15.630588084981126
082048,2024,lavoro,F,Y25-49,,TOTAL,ALL,24,20.626957866367007
082048,2018,lavoro,F,Y25-49,,TOTAL,ALL,4,2262.0
082048,2019,lavoro,F,Y25-49,,TOTAL,ALL,4,2198.0
082048,2021,lavoro,F,Y25-49,,TOTAL,ALL,4,2275.78763514648
082048,2022,lavoro,F,Y25-49,,TOTAL,ALL,4,2120.68989443824
082048,2023,lavoro,F,Y25-49,,TOTAL,ALL,4,2102.619642712756
082048,2024,lavoro,F,Y25-49,,TOTAL,ALL,4,1985.364911216764
082048,2018,lavoro,F,Y25-49,,TOTAL,ALL,5,135.0
082048,2019,lavoro,F,Y25-49,,TOTAL,ALL,5,153.0
082048,2021,lavoro,F,Y25-49,,TOTAL,ALL,5,152.782639633641
082048,2022,lavoro,F,Y25-49,,TOTAL,ALL,5,162.913726536638
082048,2023,lavoro,F,Y25-49,,TOTAL,ALL,5,117.81367455253172
082048,2024,lavoro,F,Y25-49,,TOTAL,ALL,5,138.71197264731163
082048,2018,lavoro,F,Y25-49,,TOTAL,ALL,7,344.0
082048,2019,lavoro,F,Y25-49,,TOTAL,ALL,7,273.0
082048,2021,lavoro,F,Y25-49,,TOTAL,ALL,7,326.724982716332
082048,2022,lavoro,F,Y25-49,,TOTAL,ALL,7,330.419105134998
082048,2023,lavoro,F,Y25-49,,TOTAL,ALL,7,326.11452065122046
082048,2024,lavoro,F,Y25-49,,TOTAL,ALL,7,341.00648314832813
082048,2018,lavoro,F,Y25-49,,TOTAL,ALL,99,5045.0
082048,2019,lavoro,F,Y25-49,,TOTAL,ALL,99,4994.0
082048,2020,lavoro,F,Y25-49,,TOTAL,ALL,99,4907.0
082048,2021,lavoro,F,Y25-49,,TOTAL,ALL,99,4845.0
082048,2022,lavoro,F,Y25-49,,TOTAL,ALL,99,4748.0
082048,2023,lavoro,F,Y25-49,,TOTAL,ALL,99,4712.0
082048,2024,lavoro,F,Y25-49,,TOTAL,ALL,99,4684.0
082048,2018,lavoro,F,Y50-64,,TOTAL,ALL,1,650.0
082048,2019,lavoro,F,Y50-64,,TOTAL,ALL,1,658.0
082048,2021,lavoro,F,Y50-64,,TOTAL,ALL,1,719.0
082048,2022,lavoro,F,Y50-64,,TOTAL,ALL,1,721.0
082048,2023,lavoro,F,Y50-64,,TOTAL,ALL,1,764.0
082048,2024,lavoro,F,Y50-64,,TOTAL,ALL,1,829.0
082048,2018,lavoro,F,Y50-64,,TOTAL,ALL,12,219.0
082048,2019,lavoro,F,Y50-64,,TOTAL,ALL,12,267.0
082048,2021,lavoro,F,Y50-64,,TOTAL,ALL,12,146.25304938639
082048,2022,lavoro,F,Y50-64,,TOTAL,ALL,12,153.325125129133
082048,2023,lavoro,F,Y50-64,,TOTAL,ALL,12,175.16158434999892
082048,2024,lavoro,F,Y50-64,,TOTAL,ALL,12,149.28386286986284
082048,2018,lavoro,F,Y50-64,,TOTAL,ALL,22,869.0
082048,2019,lavoro,F,Y50-64,,TOTAL,ALL,22,925.0
082048,2021,lavoro,F,Y50-64,,TOTAL,ALL,22,865.25304938639
082048,2022,lavoro,F,Y50-64,,TOTAL,ALL,22,874.325125129133
082048,2023,lavoro,F,Y50-64,,TOTAL,ALL,22,939.161584349999
082048,2024,lavoro,F,Y50-64,,TOTAL,ALL,22,978.2838628698628
082048,2018,lavoro,F,Y50-64,,TOTAL,ALL,23,1968.0
082048,2019,lavoro,F,Y50-64,,TOTAL,ALL,23,2026.0
082048,2021,lavoro,F,Y50-64,,TOTAL,ALL,23,2224.74695061361
082048,2022,lavoro,F,Y50-64,,TOTAL,ALL,23,2268.67487487087
082048,2023,lavoro,F,Y50-64,,TOTAL,ALL,23,2247.838415650001
082048,2024,lavoro,F,Y50-64,,TOTAL,ALL,23,2270.716137130137
082048,2018,lavoro,F,Y50-64,,TOTAL,ALL,24,87.0
082048,2019,lavoro,F,Y50-64,,TOTAL,ALL,24,97.0
082048,2021,lavoro,F,Y50-64,,TOTAL,ALL,24,108.371474777492
082048,2022,lavoro,F,Y50-64,,TOTAL,ALL,24,76.0267316780682
082048,2023,lavoro,F,Y50-64,,TOTAL,ALL,24,67.97413504719952
082048,2024,lavoro,F,Y50-64,,TOTAL,ALL,24,76.81380708677312
082048,2018,lavoro,F,Y50-64,,TOTAL,ALL,4,1682.0
082048,2019,lavoro,F,Y50-64,,TOTAL,ALL,4,1753.0
082048,2021,lavoro,F,Y50-64,,TOTAL,ALL,4,1884.28673900554
082048,2022,lavoro,F,Y50-64,,TOTAL,ALL,4,1911.02360792554
082048,2023,lavoro,F,Y50-64,,TOTAL,ALL,4,1893.9079129854345
082048,2024,lavoro,F,Y50-64,,TOTAL,ALL,4,1901.082511867887
082048,2018,lavoro,F,Y50-64,,TOTAL,ALL,5,1.0
082048,2019,lavoro,F,Y50-64,,TOTAL,ALL,5,1.0
082048,2021,lavoro,F,Y50-64,,TOTAL,ALL,5,2.96882026390315
082048,2022,lavoro,F,Y50-64,,TOTAL,ALL,5,4.55149903354766
082048,2023,lavoro,F,Y50-64,,TOTAL,ALL,5,3.850534892639703
082048,2024,lavoro,F,Y50-64,,TOTAL,ALL,5,6.863662882977735
082048,2018,lavoro,F,Y50-64,,TOTAL,ALL,7,198.0
082048,2019,lavoro,F,Y50-64,,TOTAL,ALL,7,175.0
082048,2021,lavoro,F,Y50-64,,TOTAL,ALL,7,229.119916566678
082048,2022,lavoro,F,Y50-64,,TOTAL,ALL,7,277.073036233716
082048,2023,lavoro,F,Y50-64,,TOTAL,ALL,7,282.1058327247272
082048,2024,lavoro,F,Y50-64,,TOTAL,ALL,7,285.9561552924997
082048,2018,lavoro,F,Y50-64,,TOTAL,ALL,99,2837.0
082048,2019,lavoro,F,Y50-64,,TOTAL,ALL,99,2951.0
082048,2020,lavoro,F,Y50-64,,TOTAL,ALL,99,2986.0
082048,2021,lavoro,F,Y50-64,,TOTAL,ALL,99,3090.0
082048,2022,lavoro,F,Y50-64,,TOTAL,ALL,99,3143.0
082048,2023,lavoro,F,Y50-64,,TOTAL,ALL,99,3187.0
082048,2024,lavoro,F,Y50-64,,TOTAL,ALL,99,3249.0000000000005
082048,2018,lavoro,M,Y_GE15,,TOTAL,ALL,1,5058.0
082048,2019,lavoro,M,Y_GE15,,TOTAL,ALL,1,5104.0
082048,2021,lavoro,M,Y_GE15,,TOTAL,ALL,1,5402.0
082048,2022,lavoro,M,Y_GE15,,TOTAL,ALL,1,5508.0
082048,2023,lavoro,M,Y_GE15,,TOTAL,ALL,1,5648.0
082048,2024,lavoro,M,Y_GE15,,TOTAL,ALL,1,5814.0
082048,2018,lavoro,M,Y_GE15,,TOTAL,ALL,12,1775.0
082048,2019,lavoro,M,Y_GE15,,TOTAL,ALL,12,1860.0
082048,2021,lavoro,M,Y_GE15,,TOTAL,ALL,12,1097.05082508926
082048,2022,lavoro,M,Y_GE15,,TOTAL,ALL,12,1036.65409032936
082048,2023,lavoro,M,Y_GE15,,TOTAL,ALL,12,973.3661711243172
082048,2024,lavoro,M,Y_GE15,,TOTAL,ALL,12,794.1559897986672
082048,2018,lavoro,M,Y_GE15,,TOTAL,ALL,22,6833.0
082048,2019,lavoro,M,Y_GE15,,TOTAL,ALL,22,6964.0
082048,2021,lavoro,M,Y_GE15,,TOTAL,ALL,22,6499.05082508926
082048,2022,lavoro,M,Y_GE15,,TOTAL,ALL,22,6544.65409032936
082048,2023,lavoro,M,Y_GE15,,TOTAL,ALL,22,6621.366171124317
082048,2024,lavoro,M,Y_GE15,,TOTAL,ALL,22,6608.155989798667
082048,2018,lavoro,M,Y_GE15,,TOTAL,ALL,23,4854.0
082048,2019,lavoro,M,Y_GE15,,TOTAL,ALL,23,4794.0
082048,2021,lavoro,M,Y_GE15,,TOTAL,ALL,23,5443.94917491074
082048,2022,lavoro,M,Y_GE15,,TOTAL,ALL,23,5368.34590967064
082048,2023,lavoro,M,Y_GE15,,TOTAL,ALL,23,5352.633828875683
082048,2024,lavoro,M,Y_GE15,,TOTAL,ALL,23,5410.844010201333
082048,2018,lavoro,M,Y_GE15,,TOTAL,ALL,24,2058.0
082048,2019,lavoro,M,Y_GE15,,TOTAL,ALL,24,2227.0
082048,2021,lavoro,M,Y_GE15,,TOTAL,ALL,24,2330.61714657906
082048,2022,lavoro,M,Y_GE15,,TOTAL,ALL,24,2180.02262641124
082048,2023,lavoro,M,Y_GE15,,TOTAL,ALL,24,2118.386368800748
082048,2024,lavoro,M,Y_GE15,,TOTAL,ALL,24,2279.2838498609626
082048,2018,lavoro,M,Y_GE15,,TOTAL,ALL,4,237.0
082048,2019,lavoro,M,Y_GE15,,TOTAL,ALL,4,249.0
082048,2021,lavoro,M,Y_GE15,,TOTAL,ALL,4,413.468840459532
082048,2022,lavoro,M,Y_GE15,,TOTAL,ALL,4,411.37566893445
082048,2023,lavoro,M,Y_GE15,,TOTAL,ALL,4,450.7203589916516
082048,2024,lavoro,M,Y_GE15,,TOTAL,ALL,4,376.34892146854327
082048,2018,lavoro,M,Y_GE15,,TOTAL,ALL,5,887.0
082048,2019,lavoro,M,Y_GE15,,TOTAL,ALL,5,975.0
082048,2021,lavoro,M,Y_GE15,,TOTAL,ALL,5,1018.49427220089
082048,2022,lavoro,M,Y_GE15,,TOTAL,ALL,5,1012.55938292762
082048,2023,lavoro,M,Y_GE15,,TOTAL,ALL,5,930.3301083851944
082048,2024,lavoro,M,Y_GE15,,TOTAL,ALL,5,971.4544857100926
082048,2018,lavoro,M,Y_GE15,,TOTAL,ALL,7,1672.0
082048,2019,lavoro,M,Y_GE15,,TOTAL,ALL,7,1344.0
082048,2021,lavoro,M,Y_GE15,,TOTAL,ALL,7,1681.36891567126
082048,2022,lavoro,M,Y_GE15,,TOTAL,ALL,7,1764.38823139732
082048,2023,lavoro,M,Y_GE15,,TOTAL,ALL,7,1853.1969926980892
082048,2024,lavoro,M,Y_GE15,,TOTAL,ALL,7,1783.756753161734
082048,2018,lavoro,M,Y_GE15,,TOTAL,ALL,99,11686.0
082048,2019,lavoro,M,Y_GE15,,TOTAL,ALL,99,11758.0
082048,2021,lavoro,M,Y_GE15,,TOTAL,ALL,99,11943.0
082048,2022,lavoro,M,Y_GE15,,TOTAL,ALL,99,11913.0
082048,2023,lavoro,M,Y_GE15,,TOTAL,ALL,99,11974.0
082048,2024,lavoro,M,Y_GE15,,TOTAL,ALL,99,12019.0
082048,2018,lavoro,M,Y_GE65,,TOTAL,ALL,1,146.0
082048,2019,lavoro,M,Y_GE65,,TOTAL,ALL,1,156.0
082048,2021,lavoro,M,Y_GE65,,TOTAL,ALL,1,146.0
082048,2022,lavoro,M,Y_GE65,,TOTAL,ALL,1,182.0
082048,2023,lavoro,M,Y_GE65,,TOTAL,ALL,1,176.0
082048,2024,lavoro,M,Y_GE65,,TOTAL,ALL,1,215.0
082048,2018,lavoro,M,Y_GE65,,TOTAL,ALL,12,7.0
082048,2019,lavoro,M,Y_GE65,,TOTAL,ALL,12,9.0
082048,2021,lavoro,M,Y_GE65,,TOTAL,ALL,12,7.89880847993015
082048,2022,lavoro,M,Y_GE65,,TOTAL,ALL,12,4.17316224603627
082048,2023,lavoro,M,Y_GE65,,TOTAL,ALL,12,3.871260663300258
082048,2024,lavoro,M,Y_GE65,,TOTAL,ALL,12,3.969245979729248
082048,2018,lavoro,M,Y_GE65,,TOTAL,ALL,22,153.0
082048,2019,lavoro,M,Y_GE65,,TOTAL,ALL,22,165.0
082048,2021,lavoro,M,Y_GE65,,TOTAL,ALL,22,153.89880847993
082048,2022,lavoro,M,Y_GE65,,TOTAL,ALL,22,186.173162246036
082048,2023,lavoro,M,Y_GE65,,TOTAL,ALL,22,179.87126066330026
082048,2024,lavoro,M,Y_GE65,,TOTAL,ALL,22,218.96924597972924
082048,2018,lavoro,M,Y_GE65,,TOTAL,ALL,23,2134.0
082048,2019,lavoro,M,Y_GE65,,TOTAL,ALL,23,2174.0
082048,2021,lavoro,M,Y_GE65,,TOTAL,ALL,23,2342.10119152007
082048,2022,lavoro,M,Y_GE65,,TOTAL,ALL,23,2331.82683775396
082048,2023,lavoro,M,Y_GE65,,TOTAL,ALL,23,2406.1287393367
082048,2024,lavoro,M,Y_GE65,,TOTAL,ALL,23,2449.030754020271
082048,2018,lavoro,M,Y_GE65,,TOTAL,ALL,24,1782.0
082048,2019,lavoro,M,Y_GE65,,TOTAL,ALL,24,1893.0
082048,2021,lavoro,M,Y_GE65,,TOTAL,ALL,24,2024.8467108513
082048,2022,lavoro,M,Y_GE65,,TOTAL,ALL,24,1920.28126817204
082048,2023,lavoro,M,Y_GE65,,TOTAL,ALL,24,1896.7080110090617
082048,2024,lavoro,M,Y_GE65,,TOTAL,ALL,24,2023.6358272091784
082048,2018,lavoro,M,Y_GE65,,TOTAL,ALL,4,16.0
082048,2019,lavoro,M,Y_GE65,,TOTAL,ALL,4,20.0
082048,2021,lavoro,M,Y_GE65,,TOTAL,ALL,4,28.2319006221463
082048,2022,lavoro,M,Y_GE65,,TOTAL,ALL,4,37.7347715520422
082048,2023,lavoro,M,Y_GE65,,TOTAL,ALL,4,47.202822349153706
082048,2024,lavoro,M,Y_GE65,,TOTAL,ALL,4,39.26808283513411
082048,2018,lavoro,M,Y_GE65,,TOTAL,ALL,5,0.0
082048,2019,lavoro,M,Y_GE65,,TOTAL,ALL,5,0.0
082048,2021,lavoro,M,Y_GE65,,TOTAL,ALL,5,6.1925657457401e-06
082048,2022,lavoro,M,Y_GE65,,TOTAL,ALL,5,0.148156262882133
082048,2023,lavoro,M,Y_GE65,,TOTAL,ALL,5,0.1801147340122483
082048,2024,lavoro,M,Y_GE65,,TOTAL,ALL,5,0.1046037512427134
082048,2018,lavoro,M,Y_GE65,,TOTAL,ALL,7,336.0
082048,2019,lavoro,M,Y_GE65,,TOTAL,ALL,7,261.0
082048,2021,lavoro,M,Y_GE65,,TOTAL,ALL,7,289.022573854059
082048,2022,lavoro,M,Y_GE65,,TOTAL,ALL,7,373.662641766998
082048,2023,lavoro,M,Y_GE65,,TOTAL,ALL,7,462.037791244472
082048,2024,lavoro,M,Y_GE65,,TOTAL,ALL,7,386.022240224716
082048,2018,lavoro,M,Y_GE65,,TOTAL,ALL,99,2287.0
082048,2019,lavoro,M,Y_GE65,,TOTAL,ALL,99,2339.0
082048,2020,lavoro,M,Y_GE65,,TOTAL,ALL,99,2424.0
082048,2021,lavoro,M,Y_GE65,,TOTAL,ALL,99,2496.0
082048,2022,lavoro,M,Y_GE65,,TOTAL,ALL,99,2518.0
082048,2023,lavoro,M,Y_GE65,,TOTAL,ALL,99,2586.0
082048,2024,lavoro,M,Y_GE65,,TOTAL,ALL,99,2668.0000000000005
082048,2018,lavoro,M,Y15-24,,TOTAL,ALL,1,236.0
082048,2019,lavoro,M,Y15-24,,TOTAL,ALL,1,219.0
082048,2021,lavoro,M,Y15-24,,TOTAL,ALL,1,273.0
082048,2022,lavoro,M,Y15-24,,TOTAL,ALL,1,276.0
082048,2023,lavoro,M,Y15-24,,TOTAL,ALL,1,257.0
082048,2024,lavoro,M,Y15-24,,TOTAL,ALL,1,304.0
082048,2018,lavoro,M,Y15-24,,TOTAL,ALL,12,346.0
082048,2019,lavoro,M,Y15-24,,TOTAL,ALL,12,377.0
082048,2021,lavoro,M,Y15-24,,TOTAL,ALL,12,208.104669605182
082048,2022,lavoro,M,Y15-24,,TOTAL,ALL,12,214.977425501648
082048,2023,lavoro,M,Y15-24,,TOTAL,ALL,12,233.7130705113366
082048,2024,lavoro,M,Y15-24,,TOTAL,ALL,12,175.37816604144206
082048,2018,lavoro,M,Y15-24,,TOTAL,ALL,22,582.0
082048,2019,lavoro,M,Y15-24,,TOTAL,ALL,22,596.0
082048,2021,lavoro,M,Y15-24,,TOTAL,ALL,22,481.104669605182
082048,2022,lavoro,M,Y15-24,,TOTAL,ALL,22,490.977425501648
082048,2023,lavoro,M,Y15-24,,TOTAL,ALL,22,490.7130705113366
082048,2024,lavoro,M,Y15-24,,TOTAL,ALL,22,479.37816604144206
082048,2018,lavoro,M,Y15-24,,TOTAL,ALL,23,1142.0
082048,2019,lavoro,M,Y15-24,,TOTAL,ALL,23,1148.0
082048,2021,lavoro,M,Y15-24,,TOTAL,ALL,23,1201.89533039482
082048,2022,lavoro,M,Y15-24,,TOTAL,ALL,23,1155.02257449835
082048,2023,lavoro,M,Y15-24,,TOTAL,ALL,23,1160.2869294886636
082048,2024,lavoro,M,Y15-24,,TOTAL,ALL,23,1199.6218339585575
082048,2018,lavoro,M,Y15-24,,TOTAL,ALL,24,3.0
082048,2019,lavoro,M,Y15-24,,TOTAL,ALL,24,6.0
082048,2021,lavoro,M,Y15-24,,TOTAL,ALL,24,3.86336031975524
082048,2022,lavoro,M,Y15-24,,TOTAL,ALL,24,3.81739511943703
082048,2023,lavoro,M,Y15-24,,TOTAL,ALL,24,3.943942854318717
082048,2024,lavoro,M,Y15-24,,TOTAL,ALL,24,6.355148591460579
082048,2018,lavoro,M,Y15-24,,TOTAL,ALL,4,16.0
082048,2019,lavoro,M,Y15-24,,TOTAL,ALL,4,19.0
082048,2021,lavoro,M,Y15-24,,TOTAL,ALL,4,29.6264156086298
082048,2022,lavoro,M,Y15-24,,TOTAL,ALL,4,22.4411254225712
082048,2023,lavoro,M,Y15-24,,TOTAL,ALL,4,33.698451056395385
082048,2024,lavoro,M,Y15-24,,TOTAL,ALL,4,29.61125101323113
082048,2018,lavoro,M,Y15-24,,TOTAL,ALL,5,808.0
082048,2019,lavoro,M,Y15-24,,TOTAL,ALL,5,895.0
082048,2021,lavoro,M,Y15-24,,TOTAL,ALL,5,921.718178546453
082048,2022,lavoro,M,Y15-24,,TOTAL,ALL,5,906.551811566873
082048,2023,lavoro,M,Y15-24,,TOTAL,ALL,5,855.8852981317132
082048,2024,lavoro,M,Y15-24,,TOTAL,ALL,5,884.5717610130075
082048,2018,lavoro,M,Y15-24,,TOTAL,ALL,7,315.0
082048,2019,lavoro,M,Y15-24,,TOTAL,ALL,7,228.0
082048,2021,lavoro,M,Y15-24,,TOTAL,ALL,7,246.68737591998
082048,2022,lavoro,M,Y15-24,,TOTAL,ALL,7,222.212242389471
082048,2023,lavoro,M,Y15-24,,TOTAL,ALL,7,266.75923744623634
082048,2024,lavoro,M,Y15-24,,TOTAL,ALL,7,279.0836733408583
082048,2018,lavoro,M,Y15-24,,TOTAL,ALL,99,1724.0
082048,2019,lavoro,M,Y15-24,,TOTAL,ALL,99,1744.0
082048,2021,lavoro,M,Y15-24,,TOTAL,ALL,99,1683.0
082048,2022,lavoro,M,Y15-24,,TOTAL,ALL,99,1646.0
082048,2023,lavoro,M,Y15-24,,TOTAL,ALL,99,1651.0000000000002
082048,2024,lavoro,M,Y15-24,,TOTAL,ALL,99,1678.9999999999995
082048,2018,lavoro,M,Y25-49,,TOTAL,ALL,1,2998.0
082048,2019,lavoro,M,Y25-49,,TOTAL,ALL,1,2990.0
082048,2021,lavoro,M,Y25-49,,TOTAL,ALL,1,3097.0
082048,2022,lavoro,M,Y25-49,,TOTAL,ALL,1,3149.0
082048,2023,lavoro,M,Y25-49,,TOTAL,ALL,1,3218.0
082048,2024,lavoro,M,Y25-49,,TOTAL,ALL,1,3232.0
082048,2018,lavoro,M,Y25-49,,TOTAL,ALL,12,1037.0
082048,2019,lavoro,M,Y25-49,,TOTAL,ALL,12,1056.0
082048,2021,lavoro,M,Y25-49,,TOTAL,ALL,12,631.896604028498
082048,2022,lavoro,M,Y25-49,,TOTAL,ALL,12,576.002722008532
082048,2023,lavoro,M,Y25-49,,TOTAL,ALL,12,501.48602530529695
082048,2024,lavoro,M,Y25-49,,TOTAL,ALL,12,409.1807435402061
082048,2018,lavoro,M,Y25-49,,TOTAL,ALL,22,4035.0
082048,2019,lavoro,M,Y25-49,,TOTAL,ALL,22,4046.0
082048,2021,lavoro,M,Y25-49,,TOTAL,ALL,22,3728.8966040285
082048,2022,lavoro,M,Y25-49,,TOTAL,ALL,22,3725.00272200853
082048,2023,lavoro,M,Y25-49,,TOTAL,ALL,22,3719.486025305297
082048,2024,lavoro,M,Y25-49,,TOTAL,ALL,22,3641.180743540206
082048,2018,lavoro,M,Y25-49,,TOTAL,ALL,23,866.0
082048,2019,lavoro,M,Y25-49,,TOTAL,ALL,23,786.0
082048,2021,lavoro,M,Y25-49,,TOTAL,ALL,23,1031.1033959715
082048,2022,lavoro,M,Y25-49,,TOTAL,ALL,23,970.997277991468
082048,2023,lavoro,M,Y25-49,,TOTAL,ALL,23,911.5139746947032
082048,2024,lavoro,M,Y25-49,,TOTAL,ALL,23,910.8192564597936
082048,2018,lavoro,M,Y25-49,,TOTAL,ALL,24,48.0
082048,2019,lavoro,M,Y25-49,,TOTAL,ALL,24,66.0
082048,2021,lavoro,M,Y25-49,,TOTAL,ALL,24,58.511003312472
082048,2022,lavoro,M,Y25-49,,TOTAL,ALL,24,47.3404367503714
082048,2023,lavoro,M,Y25-49,,TOTAL,ALL,24,41.19811384865066
082048,2024,lavoro,M,Y25-49,,TOTAL,ALL,24,58.62825125689241
082048,2018,lavoro,M,Y25-49,,TOTAL,ALL,4,115.0
082048,2019,lavoro,M,Y25-49,,TOTAL,ALL,4,118.0
082048,2021,lavoro,M,Y25-49,,TOTAL,ALL,4,196.56476322571
082048,2022,lavoro,M,Y25-49,,TOTAL,ALL,4,180.903501920023
082048,2023,lavoro,M,Y25-49,,TOTAL,ALL,4,188.99824741952392
082048,2024,lavoro,M,Y25-49,,TOTAL,ALL,4,156.9545737771887
082048,2018,lavoro,M,Y25-49,,TOTAL,ALL,5,77.0
082048,2019,lavoro,M,Y25-49,,TOTAL,ALL,5,79.0
082048,2021,lavoro,M,Y25-49,,TOTAL,ALL,5,95.3218020848789
082048,2022,lavoro,M,Y25-49,,TOTAL,ALL,5,103.404545287694
082048,2023,lavoro,M,Y25-49,,TOTAL,ALL,5,72.6575034907721
082048,2024,lavoro,M,Y25-49,,TOTAL,ALL,5,83.37522461556736
082048,2018,lavoro,M,Y25-49,,TOTAL,ALL,7,626.0
082048,2019,lavoro,M,Y25-49,,TOTAL,ALL,7,523.0
082048,2021,lavoro,M,Y25-49,,TOTAL,ALL,7,680.705827348441
082048,2022,lavoro,M,Y25-49,,TOTAL,ALL,7,639.34879403338
082048,2023,lavoro,M,Y25-49,,TOTAL,ALL,7,608.6601099357565
082048,2024,lavoro,M,Y25-49,,TOTAL,ALL,7,611.8612068101453
082048,2018,lavoro,M,Y25-49,,TOTAL,ALL,99,4901.0
082048,2019,lavoro,M,Y25-49,,TOTAL,ALL,99,4832.0
082048,2020,lavoro,M,Y25-49,,TOTAL,ALL,99,4709.0
082048,2021,lavoro,M,Y25-49,,TOTAL,ALL,99,4760.0
082048,2022,lavoro,M,Y25-49,,TOTAL,ALL,99,4696.0
082048,2023,lavoro,M,Y25-49,,TOTAL,ALL,99,4631.0
082048,2024,lavoro,M,Y25-49,,TOTAL,ALL,99,4552.0
082048,2018,lavoro,M,Y50-64,,TOTAL,ALL,1,1678.0
082048,2019,lavoro,M,Y50-64,,TOTAL,ALL,1,1739.0
082048,2021,lavoro,M,Y50-64,,TOTAL,ALL,1,1886.0
082048,2022,lavoro,M,Y50-64,,TOTAL,ALL,1,1901.0
082048,2023,lavoro,M,Y50-64,,TOTAL,ALL,1,1997.0
082048,2024,lavoro,M,Y50-64,,TOTAL,ALL,1,2063.0
082048,2018,lavoro,M,Y50-64,,TOTAL,ALL,12,385.0
082048,2019,lavoro,M,Y50-64,,TOTAL,ALL,12,418.0
082048,2021,lavoro,M,Y50-64,,TOTAL,ALL,12,249.150742975649
082048,2022,lavoro,M,Y50-64,,TOTAL,ALL,12,241.500780573146
082048,2023,lavoro,M,Y50-64,,TOTAL,ALL,12,234.29581464438328
082048,2024,lavoro,M,Y50-64,,TOTAL,ALL,12,205.62783423728985
082048,2018,lavoro,M,Y50-64,,TOTAL,ALL,22,2063.0
082048,2019,lavoro,M,Y50-64,,TOTAL,ALL,22,2157.0
082048,2021,lavoro,M,Y50-64,,TOTAL,ALL,22,2135.15074297565
082048,2022,lavoro,M,Y50-64,,TOTAL,ALL,22,2142.50078057315
082048,2023,lavoro,M,Y50-64,,TOTAL,ALL,22,2231.2958146443834
082048,2024,lavoro,M,Y50-64,,TOTAL,ALL,22,2268.62783423729
082048,2018,lavoro,M,Y50-64,,TOTAL,ALL,23,711.0
082048,2019,lavoro,M,Y50-64,,TOTAL,ALL,23,686.0
082048,2021,lavoro,M,Y50-64,,TOTAL,ALL,23,868.849257024351
082048,2022,lavoro,M,Y50-64,,TOTAL,ALL,23,910.499219426855
082048,2023,lavoro,M,Y50-64,,TOTAL,ALL,23,874.7041853556173
082048,2024,lavoro,M,Y50-64,,TOTAL,ALL,23,851.3721657627101
082048,2018,lavoro,M,Y50-64,,TOTAL,ALL,24,225.0
082048,2019,lavoro,M,Y50-64,,TOTAL,ALL,24,262.0
082048,2021,lavoro,M,Y50-64,,TOTAL,ALL,24,243.396072095533
082048,2022,lavoro,M,Y50-64,,TOTAL,ALL,24,208.583526369392
082048,2023,lavoro,M,Y50-64,,TOTAL,ALL,24,176.53630108871695
082048,2024,lavoro,M,Y50-64,,TOTAL,ALL,24,190.6646228034312
082048,2018,lavoro,M,Y50-64,,TOTAL,ALL,4,90.0
082048,2019,lavoro,M,Y50-64,,TOTAL,ALL,4,92.0
082048,2021,lavoro,M,Y50-64,,TOTAL,ALL,4,159.045761003046
082048,2022,lavoro,M,Y50-64,,TOTAL,ALL,4,170.296270039814
082048,2023,lavoro,M,Y50-64,,TOTAL,ALL,4,180.8208381665786
082048,2024,lavoro,M,Y50-64,,TOTAL,ALL,4,150.5150138429893
082048,2018,lavoro,M,Y50-64,,TOTAL,ALL,5,1.0
082048,2019,lavoro,M,Y50-64,,TOTAL,ALL,5,1.0
082048,2021,lavoro,M,Y50-64,,TOTAL,ALL,5,1.45428537699373
082048,2022,lavoro,M,Y50-64,,TOTAL,ALL,5,2.45486981017437
082048,2023,lavoro,M,Y50-64,,TOTAL,ALL,5,1.6071920286970949
082048,2024,lavoro,M,Y50-64,,TOTAL,ALL,5,3.402896330275044
082048,2018,lavoro,M,Y50-64,,TOTAL,ALL,7,395.0
082048,2019,lavoro,M,Y50-64,,TOTAL,ALL,7,331.0
082048,2021,lavoro,M,Y50-64,,TOTAL,ALL,7,464.953138548779
082048,2022,lavoro,M,Y50-64,,TOTAL,ALL,7,529.164553207474
082048,2023,lavoro,M,Y50-64,,TOTAL,ALL,7,515.7398540716246
082048,2024,lavoro,M,Y50-64,,TOTAL,ALL,7,506.7896327860145
082048,2018,lavoro,M,Y50-64,,TOTAL,ALL,99,2774.0
082048,2019,lavoro,M,Y50-64,,TOTAL,ALL,99,2843.0
082048,2020,lavoro,M,Y50-64,,TOTAL,ALL,99,2911.0
082048,2021,lavoro,M,Y50-64,,TOTAL,ALL,99,3004.0
082048,2022,lavoro,M,Y50-64,,TOTAL,ALL,99,3053.0
082048,2023,lavoro,M,Y50-64,,TOTAL,ALL,99,3106.0
082048,2024,lavoro,M,Y50-64,,TOTAL,ALL,99,3120.0
082048,2018,lavoro,T,Y_GE15,,TOTAL,ALL,1,7262.0
082048,2019,lavoro,T,Y_GE15,,TOTAL,ALL,1,7324.0
082048,2021,lavoro,T,Y_GE15,,TOTAL,ALL,1,7851.0
082048,2022,lavoro,T,Y_GE15,,TOTAL,ALL,1,7993.0
082048,2023,lavoro,T,Y_GE15,,TOTAL,ALL,1,8258.0
082048,2024,lavoro,T,Y_GE15,,TOTAL,ALL,1,8653.0
082048,2018,lavoro,T,Y_GE15,,TOTAL,ALL,12,3222.0
082048,2019,lavoro,T,Y_GE15,,TOTAL,ALL,12,3393.0
082048,2021,lavoro,T,Y_GE15,,TOTAL,ALL,12,1915.13967517243
082048,2022,lavoro,T,Y_GE15,,TOTAL,ALL,12,1890.03754011094
082048,2023,lavoro,T,Y_GE15,,TOTAL,ALL,12,1816.7575582764105
082048,2024,lavoro,T,Y_GE15,,TOTAL,ALL,12,1472.5957097077792
082048,2018,lavoro,T,Y_GE15,,TOTAL,ALL,22,10484.0
082048,2019,lavoro,T,Y_GE15,,TOTAL,ALL,22,10717.0
082048,2021,lavoro,T,Y_GE15,,TOTAL,ALL,22,9766.13967517243
082048,2022,lavoro,T,Y_GE15,,TOTAL,ALL,22,9883.03754011094
082048,2023,lavoro,T,Y_GE15,,TOTAL,ALL,22,10074.757558276411
082048,2024,lavoro,T,Y_GE15,,TOTAL,ALL,22,10125.59570970778
082048,2018,lavoro,T,Y_GE15,,TOTAL,ALL,23,13365.0
082048,2019,lavoro,T,Y_GE15,,TOTAL,ALL,23,13271.0
082048,2021,lavoro,T,Y_GE15,,TOTAL,ALL,23,14478.8603248276
082048,2022,lavoro,T,Y_GE15,,TOTAL,ALL,23,14302.9624598891
082048,2023,lavoro,T,Y_GE15,,TOTAL,ALL,23,14228.242441723589
082048,2024,lavoro,T,Y_GE15,,TOTAL,ALL,23,14361.40429029222
082048,2018,lavoro,T,Y_GE15,,TOTAL,ALL,24,3359.0
082048,2019,lavoro,T,Y_GE15,,TOTAL,ALL,24,3613.0
082048,2021,lavoro,T,Y_GE15,,TOTAL,ALL,24,3835.06771139777
082048,2022,lavoro,T,Y_GE15,,TOTAL,ALL,24,3446.79477872946
082048,2023,lavoro,T,Y_GE15,,TOTAL,ALL,24,3284.093993193245
082048,2024,lavoro,T,Y_GE15,,TOTAL,ALL,24,3651.32053098076
082048,2018,lavoro,T,Y_GE15,,TOTAL,ALL,4,5357.0
082048,2019,lavoro,T,Y_GE15,,TOTAL,ALL,4,5395.0
082048,2021,lavoro,T,Y_GE15,,TOTAL,ALL,4,5842.40310096497
082048,2022,lavoro,T,Y_GE15,,TOTAL,ALL,4,5789.54702691269
082048,2023,lavoro,T,Y_GE15,,TOTAL,ALL,4,5910.888862586339
082048,2024,lavoro,T,Y_GE15,,TOTAL,ALL,4,5647.305106051806
082048,2018,lavoro,T,Y_GE15,,TOTAL,ALL,5,1863.0
082048,2019,lavoro,T,Y_GE15,,TOTAL,ALL,5,2019.0
082048,2021,lavoro,T,Y_GE15,,TOTAL,ALL,5,2098.10743230019
082048,2022,lavoro,T,Y_GE15,,TOTAL,ALL,5,2127.6967438426
082048,2023,lavoro,T,Y_GE15,,TOTAL,ALL,5,1936.183317680596
082048,2024,lavoro,T,Y_GE15,,TOTAL,ALL,5,2064.6020999000266
082048,2018,lavoro,T,Y_GE15,,TOTAL,ALL,7,2786.0
082048,2019,lavoro,T,Y_GE15,,TOTAL,ALL,7,2244.0
082048,2021,lavoro,T,Y_GE15,,TOTAL,ALL,7,2703.28208016464
082048,2022,lavoro,T,Y_GE15,,TOTAL,ALL,7,2938.92391040431
082048,2023,lavoro,T,Y_GE15,,TOTAL,ALL,7,3097.076268263409
082048,2024,lavoro,T,Y_GE15,,TOTAL,ALL,7,2998.176553359628
082048,2018,lavoro,T,Y_GE15,,TOTAL,ALL,99,23848.0
082048,2019,lavoro,T,Y_GE15,,TOTAL,ALL,99,23988.0
082048,2021,lavoro,T,Y_GE15,,TOTAL,ALL,99,24245.0
082048,2022,lavoro,T,Y_GE15,,TOTAL,ALL,99,24186.0
082048,2023,lavoro,T,Y_GE15,,TOTAL,ALL,99,24303.0
082048,2024,lavoro,T,Y_GE15,,TOTAL,ALL,99,24487.0
082048,2018,lavoro,T,Y_GE65,,TOTAL,ALL,1,206.0
082048,2019,lavoro,T,Y_GE65,,TOTAL,ALL,1,221.0
082048,2021,lavoro,T,Y_GE65,,TOTAL,ALL,1,195.0
082048,2022,lavoro,T,Y_GE65,,TOTAL,ALL,1,241.0
082048,2023,lavoro,T,Y_GE65,,TOTAL,ALL,1,246.0
082048,2024,lavoro,T,Y_GE65,,TOTAL,ALL,1,284.0
082048,2018,lavoro,T,Y_GE65,,TOTAL,ALL,12,20.0
082048,2019,lavoro,T,Y_GE65,,TOTAL,ALL,12,24.0
082048,2021,lavoro,T,Y_GE65,,TOTAL,ALL,12,16.9060836314727
082048,2022,lavoro,T,Y_GE65,,TOTAL,ALL,12,9.88495621752334
082048,2023,lavoro,T,Y_GE65,,TOTAL,ALL,12,12.1998203652349
082048,2024,lavoro,T,Y_GE65,,TOTAL,ALL,12,10.980990014657769
082048,2018,lavoro,T,Y_GE65,,TOTAL,ALL,22,226.0
082048,2019,lavoro,T,Y_GE65,,TOTAL,ALL,22,245.0
082048,2021,lavoro,T,Y_GE65,,TOTAL,ALL,22,211.906083631473
082048,2022,lavoro,T,Y_GE65,,TOTAL,ALL,22,250.884956217523
082048,2023,lavoro,T,Y_GE65,,TOTAL,ALL,22,258.19982036523487
082048,2024,lavoro,T,Y_GE65,,TOTAL,ALL,22,294.9809900146578
082048,2018,lavoro,T,Y_GE65,,TOTAL,ALL,23,4697.0
082048,2019,lavoro,T,Y_GE65,,TOTAL,ALL,23,4789.0
082048,2021,lavoro,T,Y_GE65,,TOTAL,ALL,23,5108.09391636853
082048,2022,lavoro,T,Y_GE65,,TOTAL,ALL,23,5129.11504378248
082048,2023,lavoro,T,Y_GE65,,TOTAL,ALL,23,5238.800179634764
082048,2024,lavoro,T,Y_GE65,,TOTAL,ALL,23,5373.019009985343
082048,2018,lavoro,T,Y_GE65,,TOTAL,ALL,24,2970.0
082048,2019,lavoro,T,Y_GE65,,TOTAL,ALL,24,3152.0
082048,2021,lavoro,T,Y_GE65,,TOTAL,ALL,24,3396.25850441245
082048,2022,lavoro,T,Y_GE65,,TOTAL,ALL,24,3092.23200840118
082048,2023,lavoro,T,Y_GE65,,TOTAL,ALL,24,2978.0362551977
082048,2024,lavoro,T,Y_GE65,,TOTAL,ALL,24,3296.9426862781343
082048,2018,lavoro,T,Y_GE65,,TOTAL,ALL,4,954.0
082048,2019,lavoro,T,Y_GE65,,TOTAL,ALL,4,1004.0
082048,2021,lavoro,T,Y_GE65,,TOTAL,ALL,4,1046.77422754595
082048,2022,lavoro,T,Y_GE65,,TOTAL,ALL,4,1184.48293441721
082048,2023,lavoro,T,Y_GE65,,TOTAL,ALL,4,1259.6696949157365
082048,2024,lavoro,T,Y_GE65,,TOTAL,ALL,4,1202.5184938148625
082048,2018,lavoro,T,Y_GE65,,TOTAL,ALL,5,0.0
082048,2019,lavoro,T,Y_GE65,,TOTAL,ALL,5,0.0
082048,2021,lavoro,T,Y_GE65,,TOTAL,ALL,5,2.39986277195246e-05
082048,2022,lavoro,T,Y_GE65,,TOTAL,ALL,5,0.569721637560859
082048,2023,lavoro,T,Y_GE65,,TOTAL,ALL,5,0.9400752994282922
082048,2024,lavoro,T,Y_GE65,,TOTAL,ALL,5,0.5485152814422746
082048,2018,lavoro,T,Y_GE65,,TOTAL,ALL,7,773.0
082048,2019,lavoro,T,Y_GE65,,TOTAL,ALL,7,633.0
082048,2021,lavoro,T,Y_GE65,,TOTAL,ALL,7,665.061160411498
082048,2022,lavoro,T,Y_GE65,,TOTAL,ALL,7,851.830379326523
082048,2023,lavoro,T,Y_GE65,,TOTAL,ALL,7,1000.1541542219009
082048,2024,lavoro,T,Y_GE65,,TOTAL,ALL,7,873.0093146109039
082048,2018,lavoro,T,Y_GE65,,TOTAL,ALL,99,4923.0
082048,2019,lavoro,T,Y_GE65,,TOTAL,ALL,99,5034.0
082048,2020,lavoro,T,Y_GE65,,TOTAL,ALL,99,5180.0
082048,2021,lavoro,T,Y_GE65,,TOTAL,ALL,99,5320.0
082048,2022,lavoro,T,Y_GE65,,TOTAL,ALL,99,5380.0
082048,2023,lavoro,T,Y_GE65,,TOTAL,ALL,99,5497.0
082048,2024,lavoro,T,Y_GE65,,TOTAL,ALL,99,5668.0
082048,2018,lavoro,T,Y15-24,,TOTAL,ALL,1,344.0
082048,2019,lavoro,T,Y15-24,,TOTAL,ALL,1,317.0
082048,2021,lavoro,T,Y15-24,,TOTAL,ALL,1,397.0
082048,2022,lavoro,T,Y15-24,,TOTAL,ALL,1,390.0
082048,2023,lavoro,T,Y15-24,,TOTAL,ALL,1,359.0
082048,2024,lavoro,T,Y15-24,,TOTAL,ALL,1,443.0
082048,2018,lavoro,T,Y15-24,,TOTAL,ALL,12,668.0
082048,2019,lavoro,T,Y15-24,,TOTAL,ALL,12,685.0
082048,2021,lavoro,T,Y15-24,,TOTAL,ALL,12,361.933043256408
082048,2022,lavoro,T,Y15-24,,TOTAL,ALL,12,384.217794650253
082048,2023,lavoro,T,Y15-24,,TOTAL,ALL,12,417.79273961298617
082048,2024,lavoro,T,Y15-24,,TOTAL,ALL,12,301.23260392453307
082048,2018,lavoro,T,Y15-24,,TOTAL,ALL,22,1012.0
082048,2019,lavoro,T,Y15-24,,TOTAL,ALL,22,1002.0
082048,2021,lavoro,T,Y15-24,,TOTAL,ALL,22,758.933043256408
082048,2022,lavoro,T,Y15-24,,TOTAL,ALL,22,774.217794650253
082048,2023,lavoro,T,Y15-24,,TOTAL,ALL,22,776.7927396129862
082048,2024,lavoro,T,Y15-24,,TOTAL,ALL,22,744.2326039245331
082048,2018,lavoro,T,Y15-24,,TOTAL,ALL,23,2356.0
082048,2019,lavoro,T,Y15-24,,TOTAL,ALL,23,2332.0
082048,2021,lavoro,T,Y15-24,,TOTAL,ALL,23,2467.06695674359
082048,2022,lavoro,T,Y15-24,,TOTAL,ALL,23,2391.78220534975
082048,2023,lavoro,T,Y15-24,,TOTAL,ALL,23,2393.207260387014
082048,2024,lavoro,T,Y15-24,,TOTAL,ALL,23,2469.7673960754664
082048,2018,lavoro,T,Y15-24,,TOTAL,ALL,24,4.0
082048,2019,lavoro,T,Y15-24,,TOTAL,ALL,24,8.0
082048,2021,lavoro,T,Y15-24,,TOTAL,ALL,24,4.82606619028269
082048,2022,lavoro,T,Y15-24,,TOTAL,ALL,24,4.74096317267367
082048,2023,lavoro,T,Y15-24,,TOTAL,ALL,24,4.71859992599736
082048,2024,lavoro,T,Y15-24,,TOTAL,ALL,24,7.644205689162398
082048,2018,lavoro,T,Y15-24,,TOTAL,ALL,4,254.0
082048,2019,lavoro,T,Y15-24,,TOTAL,ALL,4,230.0
082048,2021,lavoro,T,Y15-24,,TOTAL,ALL,4,279.943975038248
082048,2022,lavoro,T,Y15-24,,TOTAL,ALL,4,222.150818171868
082048,2023,lavoro,T,Y15-24,,TOTAL,ALL,4,284.8725263863105
082048,2024,lavoro,T,Y15-24,,TOTAL,ALL,4,250.86960153211535
082048,2018,lavoro,T,Y15-24,,TOTAL,ALL,5,1648.0
082048,2019,lavoro,T,Y15-24,,TOTAL,ALL,5,1785.0
082048,2021,lavoro,T,Y15-24,,TOTAL,ALL,5,1845.57986094215
082048,2022,lavoro,T,Y15-24,,TOTAL,ALL,5,1853.80238153699
082048,2023,lavoro,T,Y15-24,,TOTAL,ALL,5,1739.314337416527
082048,2024,lavoro,T,Y15-24,,TOTAL,ALL,5,1831.6998281424528
082048,2018,lavoro,T,Y15-24,,TOTAL,ALL,7,450.0
082048,2019,lavoro,T,Y15-24,,TOTAL,ALL,7,309.0
082048,2021,lavoro,T,Y15-24,,TOTAL,ALL,7,336.717054572915
082048,2022,lavoro,T,Y15-24,,TOTAL,ALL,7,311.088042468218
082048,2023,lavoro,T,Y15-24,,TOTAL,ALL,7,364.3017966581789
082048,2024,lavoro,T,Y15-24,,TOTAL,ALL,7,379.553760711736
082048,2018,lavoro,T,Y15-24,,TOTAL,ALL,99,3368.0
082048,2019,lavoro,T,Y15-24,,TOTAL,ALL,99,3334.0
082048,2021,lavoro,T,Y15-24,,TOTAL,ALL,99,3226.0
082048,2022,lavoro,T,Y15-24,,TOTAL,ALL,99,3166.0
082048,2023,lavoro,T,Y15-24,,TOTAL,ALL,99,3170.0
082048,2024,lavoro,T,Y15-24,,TOTAL,ALL,99,3213.9999999999995
082048,2018,lavoro,T,Y25-49,,TOTAL,ALL,1,4384.0
082048,2019,lavoro,T,Y25-49,,TOTAL,ALL,1,4389.0
082048,2021,lavoro,T,Y25-49,,TOTAL,ALL,1,4654.0
082048,2022,lavoro,T,Y25-49,,TOTAL,ALL,1,4740.0
082048,2023,lavoro,T,Y25-49,,TOTAL,ALL,1,4892.0
082048,2024,lavoro,T,Y25-49,,TOTAL,ALL,1,5034.0
082048,2018,lavoro,T,Y25-49,,TOTAL,ALL,12,1930.0
082048,2019,lavoro,T,Y25-49,,TOTAL,ALL,12,1999.0
082048,2021,lavoro,T,Y25-49,,TOTAL,ALL,12,1140.89675592251
082048,2022,lavoro,T,Y25-49,,TOTAL,ALL,12,1101.10888354088
082048,2023,lavoro,T,Y25-49,,TOTAL,ALL,12,977.3075993038073
082048,2024,lavoro,T,Y25-49,,TOTAL,ALL,12,805.4704186614356
082048,2018,lavoro,T,Y25-49,,TOTAL,ALL,22,6314.0
082048,2019,lavoro,T,Y25-49,,TOTAL,ALL,22,6388.0
082048,2021,lavoro,T,Y25-49,,TOTAL,ALL,22,5794.89675592251
082048,2022,lavoro,T,Y25-49,,TOTAL,ALL,22,5841.10888354088
082048,2023,lavoro,T,Y25-49,,TOTAL,ALL,22,5869.307599303807
082048,2024,lavoro,T,Y25-49,,TOTAL,ALL,22,5839.470418661435
082048,2018,lavoro,T,Y25-49,,TOTAL,ALL,23,3632.0
082048,2019,lavoro,T,Y25-49,,TOTAL,ALL,23,3438.0
082048,2021,lavoro,T,Y25-49,,TOTAL,ALL,23,3810.10324407749
082048,2022,lavoro,T,Y25-49,,TOTAL,ALL,23,3602.89111645912
082048,2023,lavoro,T,Y25-49,,TOTAL,ALL,23,3473.692400696192
082048,2024,lavoro,T,Y25-49,,TOTAL,ALL,23,3396.529581338564
082048,2018,lavoro,T,Y25-49,,TOTAL,ALL,24,73.0
082048,2019,lavoro,T,Y25-49,,TOTAL,ALL,24,94.0
082048,2021,lavoro,T,Y25-49,,TOTAL,ALL,24,82.2155939220063
082048,2022,lavoro,T,Y25-49,,TOTAL,ALL,24,65.2115491081419
082048,2023,lavoro,T,Y25-49,,TOTAL,ALL,24,56.82870193363179
082048,2024,lavoro,T,Y25-49,,TOTAL,ALL,24,79.25520912325942
082048,2018,lavoro,T,Y25-49,,TOTAL,ALL,4,2377.0
082048,2019,lavoro,T,Y25-49,,TOTAL,ALL,4,2316.0
082048,2021,lavoro,T,Y25-49,,TOTAL,ALL,4,2472.35239837219
082048,2022,lavoro,T,Y25-49,,TOTAL,ALL,4,2301.59339635827
082048,2023,lavoro,T,Y25-49,,TOTAL,ALL,4,2291.617890132279
082048,2024,lavoro,T,Y25-49,,TOTAL,ALL,4,2142.3194849939523
082048,2018,lavoro,T,Y25-49,,TOTAL,ALL,5,212.0
082048,2019,lavoro,T,Y25-49,,TOTAL,ALL,5,232.0
082048,2021,lavoro,T,Y25-49,,TOTAL,ALL,5,248.10444171852
082048,2022,lavoro,T,Y25-49,,TOTAL,ALL,5,266.318271824333
082048,2023,lavoro,T,Y25-49,,TOTAL,ALL,5,190.4711780433038
082048,2024,lavoro,T,Y25-49,,TOTAL,ALL,5,222.08719726287904
082048,2018,lavoro,T,Y25-49,,TOTAL,ALL,7,970.0
082048,2019,lavoro,T,Y25-49,,TOTAL,ALL,7,796.0
082048,2021,lavoro,T,Y25-49,,TOTAL,ALL,7,1007.43081006477
082048,2022,lavoro,T,Y25-49,,TOTAL,ALL,7,969.767899168377
082048,2023,lavoro,T,Y25-49,,TOTAL,ALL,7,934.774630586977
082048,2024,lavoro,T,Y25-49,,TOTAL,ALL,7,952.8676899584732
082048,2018,lavoro,T,Y25-49,,TOTAL,ALL,99,9946.0
082048,2019,lavoro,T,Y25-49,,TOTAL,ALL,99,9826.0
082048,2020,lavoro,T,Y25-49,,TOTAL,ALL,99,9616.0
082048,2021,lavoro,T,Y25-49,,TOTAL,ALL,99,9605.0
082048,2022,lavoro,T,Y25-49,,TOTAL,ALL,99,9444.0
082048,2023,lavoro,T,Y25-49,,TOTAL,ALL,99,9343.0
082048,2024,lavoro,T,Y25-49,,TOTAL,ALL,99,9236.0
082048,2018,lavoro,T,Y50-64,,TOTAL,ALL,1,2328.0
082048,2019,lavoro,T,Y50-64,,TOTAL,ALL,1,2397.0
082048,2021,lavoro,T,Y50-64,,TOTAL,ALL,1,2605.0
082048,2022,lavoro,T,Y50-64,,TOTAL,ALL,1,2622.0
082048,2023,lavoro,T,Y50-64,,TOTAL,ALL,1,2761.0
082048,2024,lavoro,T,Y50-64,,TOTAL,ALL,1,2892.0
082048,2018,lavoro,T,Y50-64,,TOTAL,ALL,12,604.0
082048,2019,lavoro,T,Y50-64,,TOTAL,ALL,12,685.0
082048,2021,lavoro,T,Y50-64,,TOTAL,ALL,12,395.403792362039
082048,2022,lavoro,T,Y50-64,,TOTAL,ALL,12,394.825905702278
082048,2023,lavoro,T,Y50-64,,TOTAL,ALL,12,409.45739899438223
082048,2024,lavoro,T,Y50-64,,TOTAL,ALL,12,354.9116971071527
082048,2018,lavoro,T,Y50-64,,TOTAL,ALL,22,2932.0
082048,2019,lavoro,T,Y50-64,,TOTAL,ALL,22,3082.0
082048,2021,lavoro,T,Y50-64,,TOTAL,ALL,22,3000.40379236204
082048,2022,lavoro,T,Y50-64,,TOTAL,ALL,22,3016.82590570228
082048,2023,lavoro,T,Y50-64,,TOTAL,ALL,22,3170.4573989943824
082048,2024,lavoro,T,Y50-64,,TOTAL,ALL,22,3246.9116971071526
082048,2018,lavoro,T,Y50-64,,TOTAL,ALL,23,2679.0
082048,2019,lavoro,T,Y50-64,,TOTAL,ALL,23,2712.0
082048,2021,lavoro,T,Y50-64,,TOTAL,ALL,23,3093.59620763796
082048,2022,lavoro,T,Y50-64,,TOTAL,ALL,23,3179.17409429772
082048,2023,lavoro,T,Y50-64,,TOTAL,ALL,23,3122.542601005618
082048,2024,lavoro,T,Y50-64,,TOTAL,ALL,23,3122.0883028928474
082048,2018,lavoro,T,Y50-64,,TOTAL,ALL,24,312.0
082048,2019,lavoro,T,Y50-64,,TOTAL,ALL,24,359.0
082048,2021,lavoro,T,Y50-64,,TOTAL,ALL,24,351.767546873025
082048,2022,lavoro,T,Y50-64,,TOTAL,ALL,24,284.61025804746
082048,2023,lavoro,T,Y50-64,,TOTAL,ALL,24,244.51043613591648
082048,2024,lavoro,T,Y50-64,,TOTAL,ALL,24,267.47842989020427
082048,2018,lavoro,T,Y50-64,,TOTAL,ALL,4,1772.0
082048,2019,lavoro,T,Y50-64,,TOTAL,ALL,4,1845.0
082048,2021,lavoro,T,Y50-64,,TOTAL,ALL,4,2043.33250000858
082048,2022,lavoro,T,Y50-64,,TOTAL,ALL,4,2081.31987796535
082048,2023,lavoro,T,Y50-64,,TOTAL,ALL,4,2074.728751152013
082048,2024,lavoro,T,Y50-64,,TOTAL,ALL,4,2051.597525710876
082048,2018,lavoro,T,Y50-64,,TOTAL,ALL,5,2.0
082048,2019,lavoro,T,Y50-64,,TOTAL,ALL,5,2.0
082048,2021,lavoro,T,Y50-64,,TOTAL,ALL,5,4.42310564089688
082048,2022,lavoro,T,Y50-64,,TOTAL,ALL,5,7.00636884372203
082048,2023,lavoro,T,Y50-64,,TOTAL,ALL,5,5.457726921336798
082048,2024,lavoro,T,Y50-64,,TOTAL,ALL,5,10.26655921325278
082048,2018,lavoro,T,Y50-64,,TOTAL,ALL,7,593.0
082048,2019,lavoro,T,Y50-64,,TOTAL,ALL,7,506.0
082048,2021,lavoro,T,Y50-64,,TOTAL,ALL,7,694.073055115456
082048,2022,lavoro,T,Y50-64,,TOTAL,ALL,7,806.23758944119
082048,2023,lavoro,T,Y50-64,,TOTAL,ALL,7,797.8456867963517
082048,2024,lavoro,T,Y50-64,,TOTAL,ALL,7,792.7457880785142
082048,2018,lavoro,T,Y50-64,,TOTAL,ALL,99,5611.0
082048,2019,lavoro,T,Y50-64,,TOTAL,ALL,99,5794.0
082048,2020,lavoro,T,Y50-64,,TOTAL,ALL,99,5897.0
082048,2021,lavoro,T,Y50-64,,TOTAL,ALL,99,6094.0
082048,2022,lavoro,T,Y50-64,,TOTAL,ALL,99,6196.0
082048,2023,lavoro,T,Y50-64,,TOTAL,ALL,99,6293.0
082048,2024,lavoro,T,Y50-64,,TOTAL,ALL,99,6369.0
082067,2018,lavoro,F,Y_GE15,,TOTAL,ALL,1,969.0
082067,2019,lavoro,F,Y_GE15,,TOTAL,ALL,1,991.0
082067,2021,lavoro,F,Y_GE15,,TOTAL,ALL,1,1078.0
082067,2022,lavoro,F,Y_GE15,,TOTAL,ALL,1,1104.0
082067,2023,lavoro,F,Y_GE15,,TOTAL,ALL,1,1176.0
082067,2024,lavoro,F,Y_GE15,,TOTAL,ALL,1,1264.0
082067,2018,lavoro,F,Y_GE15,,TOTAL,ALL,12,479.0
082067,2019,lavoro,F,Y_GE15,,TOTAL,ALL,12,501.0
082067,2021,lavoro,F,Y_GE15,,TOTAL,ALL,12,267.982915282987
082067,2022,lavoro,F,Y_GE15,,TOTAL,ALL,12,255.752293282532
082067,2023,lavoro,F,Y_GE15,,TOTAL,ALL,12,267.34906057336525
082067,2024,lavoro,F,Y_GE15,,TOTAL,ALL,12,189.20473109918345
082067,2018,lavoro,F,Y_GE15,,TOTAL,ALL,22,1448.0
082067,2019,lavoro,F,Y_GE15,,TOTAL,ALL,22,1492.0
082067,2021,lavoro,F,Y_GE15,,TOTAL,ALL,22,1345.98291528299
082067,2022,lavoro,F,Y_GE15,,TOTAL,ALL,22,1359.75229328253
082067,2023,lavoro,F,Y_GE15,,TOTAL,ALL,22,1443.3490605733653
082067,2024,lavoro,F,Y_GE15,,TOTAL,ALL,22,1453.2047310991834
082067,2018,lavoro,F,Y_GE15,,TOTAL,ALL,23,3384.0
082067,2019,lavoro,F,Y_GE15,,TOTAL,ALL,23,3359.0
082067,2021,lavoro,F,Y_GE15,,TOTAL,ALL,23,3524.01708471701
082067,2022,lavoro,F,Y_GE15,,TOTAL,ALL,23,3535.24770671747
082067,2023,lavoro,F,Y_GE15,,TOTAL,ALL,23,3470.6509394266354
082067,2024,lavoro,F,Y_GE15,,TOTAL,ALL,23,3477.7952689008166
082067,2018,lavoro,F,Y_GE15,,TOTAL,ALL,24,614.0
082067,2019,lavoro,F,Y_GE15,,TOTAL,ALL,24,651.0
082067,2021,lavoro,F,Y_GE15,,TOTAL,ALL,24,668.358280131977
082067,2022,lavoro,F,Y_GE15,,TOTAL,ALL,24,623.007843686054
082067,2023,lavoro,F,Y_GE15,,TOTAL,ALL,24,570.0962063768504
082067,2024,lavoro,F,Y_GE15,,TOTAL,ALL,24,629.5924358918443
082067,2018,lavoro,F,Y_GE15,,TOTAL,ALL,4,1959.0
082067,2019,lavoro,F,Y_GE15,,TOTAL,ALL,4,1936.0
082067,2021,lavoro,F,Y_GE15,,TOTAL,ALL,4,2015.34891186592
082067,2022,lavoro,F,Y_GE15,,TOTAL,ALL,4,2001.41718707806
082067,2023,lavoro,F,Y_GE15,,TOTAL,ALL,4,1966.97598923333
082067,2024,lavoro,F,Y_GE15,,TOTAL,ALL,4,1924.873331134952
082067,2018,lavoro,F,Y_GE15,,TOTAL,ALL,5,383.0
082067,2019,lavoro,F,Y_GE15,,TOTAL,ALL,5,425.0
082067,2021,lavoro,F,Y_GE15,,TOTAL,ALL,5,448.608183436518
082067,2022,lavoro,F,Y_GE15,,TOTAL,ALL,5,459.653471347017
082067,2023,lavoro,F,Y_GE15,,TOTAL,ALL,5,434.83315257291554
082067,2024,lavoro,F,Y_GE15,,TOTAL,ALL,5,471.8580425143604
082067,2018,lavoro,F,Y_GE15,,TOTAL,ALL,7,428.0
082067,2019,lavoro,F,Y_GE15,,TOTAL,ALL,7,347.0
082067,2021,lavoro,F,Y_GE15,,TOTAL,ALL,7,391.701709282597
082067,2022,lavoro,F,Y_GE15,,TOTAL,ALL,7,451.16920460634
082067,2023,lavoro,F,Y_GE15,,TOTAL,ALL,7,498.7455912435393
082067,2024,lavoro,F,Y_GE15,,TOTAL,ALL,7,451.4714593596599
082067,2018,lavoro,F,Y_GE15,,TOTAL,ALL,99,4831.0
082067,2019,lavoro,F,Y_GE15,,TOTAL,ALL,99,4851.0
082067,2021,lavoro,F,Y_GE15,,TOTAL,ALL,99,4870.0
082067,2022,lavoro,F,Y_GE15,,TOTAL,ALL,99,4895.0
082067,2023,lavoro,F,Y_GE15,,TOTAL,ALL,99,4914.000000000001
082067,2024,lavoro,F,Y_GE15,,TOTAL,ALL,99,4931.0
082067,2018,lavoro,F,Y_GE65,,TOTAL,ALL,1,37.0
082067,2019,lavoro,F,Y_GE65,,TOTAL,ALL,1,46.0
082067,2021,lavoro,F,Y_GE65,,TOTAL,ALL,1,31.0
082067,2022,lavoro,F,Y_GE65,,TOTAL,ALL,1,35.0
082067,2023,lavoro,F,Y_GE65,,TOTAL,ALL,1,40.0
082067,2024,lavoro,F,Y_GE65,,TOTAL,ALL,1,39.0
082067,2018,lavoro,F,Y_GE65,,TOTAL,ALL,12,5.0
082067,2019,lavoro,F,Y_GE65,,TOTAL,ALL,12,6.0
082067,2021,lavoro,F,Y_GE65,,TOTAL,ALL,12,3.83121683047419
082067,2022,lavoro,F,Y_GE65,,TOTAL,ALL,12,2.221115221924
082067,2023,lavoro,F,Y_GE65,,TOTAL,ALL,12,3.4824124438606447
082067,2024,lavoro,F,Y_GE65,,TOTAL,ALL,12,2.534396284559662
082067,2018,lavoro,F,Y_GE65,,TOTAL,ALL,22,42.0
082067,2019,lavoro,F,Y_GE65,,TOTAL,ALL,22,52.0
082067,2021,lavoro,F,Y_GE65,,TOTAL,ALL,22,34.8312168304742
082067,2022,lavoro,F,Y_GE65,,TOTAL,ALL,22,37.221115221924
082067,2023,lavoro,F,Y_GE65,,TOTAL,ALL,22,43.482412443860646
082067,2024,lavoro,F,Y_GE65,,TOTAL,ALL,22,41.53439628455966
082067,2018,lavoro,F,Y_GE65,,TOTAL,ALL,23,1184.0
082067,2019,lavoro,F,Y_GE65,,TOTAL,ALL,23,1196.0
082067,2021,lavoro,F,Y_GE65,,TOTAL,ALL,23,1242.16878316953
082067,2022,lavoro,F,Y_GE65,,TOTAL,ALL,23,1268.77888477808
082067,2023,lavoro,F,Y_GE65,,TOTAL,ALL,23,1296.5175875561397
082067,2024,lavoro,F,Y_GE65,,TOTAL,ALL,23,1326.4656037154405
082067,2018,lavoro,F,Y_GE65,,TOTAL,ALL,24,567.0
082067,2019,lavoro,F,Y_GE65,,TOTAL,ALL,24,598.0
082067,2021,lavoro,F,Y_GE65,,TOTAL,ALL,24,613.078190679981
082067,2022,lavoro,F,Y_GE65,,TOTAL,ALL,24,583.074988730865
082067,2023,lavoro,F,Y_GE65,,TOTAL,ALL,24,536.500254109305
082067,2024,lavoro,F,Y_GE65,,TOTAL,ALL,24,594.7480718417778
082067,2018,lavoro,F,Y_GE65,,TOTAL,ALL,4,429.0
082067,2019,lavoro,F,Y_GE65,,TOTAL,ALL,4,440.0
082067,2021,lavoro,F,Y_GE65,,TOTAL,ALL,4,460.396138081263
082067,2022,lavoro,F,Y_GE65,,TOTAL,ALL,4,489.394752941232
082067,2023,lavoro,F,Y_GE65,,TOTAL,ALL,4,522.9501736330817
082067,2024,lavoro,F,Y_GE65,,TOTAL,ALL,4,523.9158633829251
082067,2018,lavoro,F,Y_GE65,,TOTAL,ALL,5,0.0
082067,2019,lavoro,F,Y_GE65,,TOTAL,ALL,5,0.0
082067,2021,lavoro,F,Y_GE65,,TOTAL,ALL,5,1.17449650365099e-05
082067,2022,lavoro,F,Y_GE65,,TOTAL,ALL,5,0.262446801116553
082067,2023,lavoro,F,Y_GE65,,TOTAL,ALL,5,0.4282854331732978
082067,2024,lavoro,F,Y_GE65,,TOTAL,ALL,5,0.1979232965843385
082067,2018,lavoro,F,Y_GE65,,TOTAL,ALL,7,188.0
082067,2019,lavoro,F,Y_GE65,,TOTAL,ALL,7,158.0
082067,2021,lavoro,F,Y_GE65,,TOTAL,ALL,7,168.694442663317
082067,2022,lavoro,F,Y_GE65,,TOTAL,ALL,7,196.046696304862
082067,2023,lavoro,F,Y_GE65,,TOTAL,ALL,7,236.63887438057932
082067,2024,lavoro,F,Y_GE65,,TOTAL,ALL,7,207.6037451941531
082067,2018,lavoro,F,Y_GE65,,TOTAL,ALL,99,1226.0
082067,2019,lavoro,F,Y_GE65,,TOTAL,ALL,99,1248.0
082067,2020,lavoro,F,Y_GE65,,TOTAL,ALL,99,1257.0
082067,2021,lavoro,F,Y_GE65,,TOTAL,ALL,99,1277.0
082067,2022,lavoro,F,Y_GE65,,TOTAL,ALL,99,1306.0
082067,2023,lavoro,F,Y_GE65,,TOTAL,ALL,99,1340.0
082067,2024,lavoro,F,Y_GE65,,TOTAL,ALL,99,1368.0
082067,2018,lavoro,F,Y15-24,,TOTAL,ALL,1,32.0
082067,2019,lavoro,F,Y15-24,,TOTAL,ALL,1,38.0
082067,2021,lavoro,F,Y15-24,,TOTAL,ALL,1,45.0
082067,2022,lavoro,F,Y15-24,,TOTAL,ALL,1,42.0
082067,2023,lavoro,F,Y15-24,,TOTAL,ALL,1,50.0
082067,2024,lavoro,F,Y15-24,,TOTAL,ALL,1,45.0
082067,2018,lavoro,F,Y15-24,,TOTAL,ALL,12,100.0
082067,2019,lavoro,F,Y15-24,,TOTAL,ALL,12,97.0
082067,2021,lavoro,F,Y15-24,,TOTAL,ALL,12,48.9137300345942
082067,2022,lavoro,F,Y15-24,,TOTAL,ALL,12,48.6884045815493
082067,2023,lavoro,F,Y15-24,,TOTAL,ALL,12,52.23547438200778
082067,2024,lavoro,F,Y15-24,,TOTAL,ALL,12,33.348630179485
082067,2018,lavoro,F,Y15-24,,TOTAL,ALL,22,132.0
082067,2019,lavoro,F,Y15-24,,TOTAL,ALL,22,135.0
082067,2021,lavoro,F,Y15-24,,TOTAL,ALL,22,93.9137300345942
082067,2022,lavoro,F,Y15-24,,TOTAL,ALL,22,90.6884045815493
082067,2023,lavoro,F,Y15-24,,TOTAL,ALL,22,102.23547438200778
082067,2024,lavoro,F,Y15-24,,TOTAL,ALL,22,78.348630179485
082067,2018,lavoro,F,Y15-24,,TOTAL,ALL,23,450.0
082067,2019,lavoro,F,Y15-24,,TOTAL,ALL,23,455.0
082067,2021,lavoro,F,Y15-24,,TOTAL,ALL,23,496.086269965406
082067,2022,lavoro,F,Y15-24,,TOTAL,ALL,23,495.311595418451
082067,2023,lavoro,F,Y15-24,,TOTAL,ALL,23,488.76452561799215
082067,2024,lavoro,F,Y15-24,,TOTAL,ALL,23,499.651369820515
082067,2018,lavoro,F,Y15-24,,TOTAL,ALL,24,1.0
082067,2019,lavoro,F,Y15-24,,TOTAL,ALL,24,1.0
082067,2021,lavoro,F,Y15-24,,TOTAL,ALL,24,1.31184105710631
082067,2022,lavoro,F,Y15-24,,TOTAL,ALL,24,0.45215840369527
082067,2023,lavoro,F,Y15-24,,TOTAL,ALL,24,0.3158764748015998
082067,2024,lavoro,F,Y15-24,,TOTAL,ALL,24,0.4607854953639657
082067,2018,lavoro,F,Y15-24,,TOTAL,ALL,4,79.0
082067,2019,lavoro,F,Y15-24,,TOTAL,ALL,4,71.0
082067,2021,lavoro,F,Y15-24,,TOTAL,ALL,4,82.2079135917062
082067,2022,lavoro,F,Y15-24,,TOTAL,ALL,4,69.3716292898118
082067,2023,lavoro,F,Y15-24,,TOTAL,ALL,4,74.51706804506406
082067,2024,lavoro,F,Y15-24,,TOTAL,ALL,4,63.62454324843746
082067,2018,lavoro,F,Y15-24,,TOTAL,ALL,5,325.0
082067,2019,lavoro,F,Y15-24,,TOTAL,ALL,5,358.0
082067,2021,lavoro,F,Y15-24,,TOTAL,ALL,5,375.852712413794
082067,2022,lavoro,F,Y15-24,,TOTAL,ALL,5,391.798475425932
082067,2023,lavoro,F,Y15-24,,TOTAL,ALL,5,379.57234167846406
082067,2024,lavoro,F,Y15-24,,TOTAL,ALL,5,404.3571091487544
082067,2018,lavoro,F,Y15-24,,TOTAL,ALL,7,45.0
082067,2019,lavoro,F,Y15-24,,TOTAL,ALL,7,25.0
082067,2021,lavoro,F,Y15-24,,TOTAL,ALL,7,36.7138029027993
082067,2022,lavoro,F,Y15-24,,TOTAL,ALL,7,33.6893322990111
082067,2023,lavoro,F,Y15-24,,TOTAL,ALL,7,34.359239419662416
082067,2024,lavoro,F,Y15-24,,TOTAL,ALL,7,31.20893192795913
082067,2018,lavoro,F,Y15-24,,TOTAL,ALL,99,582.0
082067,2019,lavoro,F,Y15-24,,TOTAL,ALL,99,590.0
082067,2021,lavoro,F,Y15-24,,TOTAL,ALL,99,590.0
082067,2022,lavoro,F,Y15-24,,TOTAL,ALL,99,586.0
082067,2023,lavoro,F,Y15-24,,TOTAL,ALL,99,590.9999999999999
082067,2024,lavoro,F,Y15-24,,TOTAL,ALL,99,578.0
082067,2018,lavoro,F,Y25-49,,TOTAL,ALL,1,565.0
082067,2019,lavoro,F,Y25-49,,TOTAL,ALL,1,564.0
082067,2021,lavoro,F,Y25-49,,TOTAL,ALL,1,634.0
082067,2022,lavoro,F,Y25-49,,TOTAL,ALL,1,655.0
082067,2023,lavoro,F,Y25-49,,TOTAL,ALL,1,692.0
082067,2024,lavoro,F,Y25-49,,TOTAL,ALL,1,744.0
082067,2018,lavoro,F,Y25-49,,TOTAL,ALL,12,290.0
082067,2019,lavoro,F,Y25-49,,TOTAL,ALL,12,305.0
082067,2021,lavoro,F,Y25-49,,TOTAL,ALL,12,163.130028339264
082067,2022,lavoro,F,Y25-49,,TOTAL,ALL,12,157.477134310193
082067,2023,lavoro,F,Y25-49,,TOTAL,ALL,12,153.3190695572363
082067,2024,lavoro,F,Y25-49,,TOTAL,ALL,12,112.96526132964745
082067,2018,lavoro,F,Y25-49,,TOTAL,ALL,22,855.0
082067,2019,lavoro,F,Y25-49,,TOTAL,ALL,22,869.0
082067,2021,lavoro,F,Y25-49,,TOTAL,ALL,22,797.130028339264
082067,2022,lavoro,F,Y25-49,,TOTAL,ALL,22,812.477134310193
082067,2023,lavoro,F,Y25-49,,TOTAL,ALL,22,845.3190695572363
082067,2024,lavoro,F,Y25-49,,TOTAL,ALL,22,856.9652613296474
082067,2018,lavoro,F,Y25-49,,TOTAL,ALL,23,978.0
082067,2019,lavoro,F,Y25-49,,TOTAL,ALL,23,934.0
082067,2021,lavoro,F,Y25-49,,TOTAL,ALL,23,956.869971660736
082067,2022,lavoro,F,Y25-49,,TOTAL,ALL,23,951.522865689807
082067,2023,lavoro,F,Y25-49,,TOTAL,ALL,23,895.680930442764
082067,2024,lavoro,F,Y25-49,,TOTAL,ALL,23,881.0347386703525
082067,2018,lavoro,F,Y25-49,,TOTAL,ALL,24,9.0
082067,2019,lavoro,F,Y25-49,,TOTAL,ALL,24,10.0
082067,2021,lavoro,F,Y25-49,,TOTAL,ALL,24,8.90502729823647
082067,2022,lavoro,F,Y25-49,,TOTAL,ALL,24,6.85984816728762
082067,2023,lavoro,F,Y25-49,,TOTAL,ALL,24,5.910855379448859
082067,2024,lavoro,F,Y25-49,,TOTAL,ALL,24,7.700360803250133
082067,2018,lavoro,F,Y25-49,,TOTAL,ALL,4,794.0
082067,2019,lavoro,F,Y25-49,,TOTAL,ALL,4,762.0
082067,2021,lavoro,F,Y25-49,,TOTAL,ALL,4,773.691023013983
082067,2022,lavoro,F,Y25-49,,TOTAL,ALL,4,756.753851564648
082067,2023,lavoro,F,Y25-49,,TOTAL,ALL,4,715.2842869139587
082067,2024,lavoro,F,Y25-49,,TOTAL,ALL,4,692.928926327945
082067,2018,lavoro,F,Y25-49,,TOTAL,ALL,5,57.0
082067,2019,lavoro,F,Y25-49,,TOTAL,ALL,5,66.0
082067,2021,lavoro,F,Y25-49,,TOTAL,ALL,5,71.7309488465603
082067,2022,lavoro,F,Y25-49,,TOTAL,ALL,5,65.8048752445986
082067,2023,lavoro,F,Y25-49,,TOTAL,ALL,5,53.15976854050585
082067,2024,lavoro,F,Y25-49,,TOTAL,ALL,5,64.80539169626203
082067,2018,lavoro,F,Y25-49,,TOTAL,ALL,7,118.0
082067,2019,lavoro,F,Y25-49,,TOTAL,ALL,7,96.0
082067,2021,lavoro,F,Y25-49,,TOTAL,ALL,7,102.542972501956
082067,2022,lavoro,F,Y25-49,,TOTAL,ALL,7,122.104290713272
082067,2023,lavoro,F,Y25-49,,TOTAL,ALL,7,121.32601960885052
082067,2024,lavoro,F,Y25-49,,TOTAL,ALL,7,115.60005984289532
082067,2018,lavoro,F,Y25-49,,TOTAL,ALL,99,1833.0
082067,2019,lavoro,F,Y25-49,,TOTAL,ALL,99,1803.0
082067,2020,lavoro,F,Y25-49,,TOTAL,ALL,99,1748.0
082067,2021,lavoro,F,Y25-49,,TOTAL,ALL,99,1754.0
082067,2022,lavoro,F,Y25-49,,TOTAL,ALL,99,1764.0
082067,2023,lavoro,F,Y25-49,,TOTAL,ALL,99,1741.0
082067,2024,lavoro,F,Y25-49,,TOTAL,ALL,99,1737.9999999999998
082067,2018,lavoro,F,Y50-64,,TOTAL,ALL,1,334.0
082067,2019,lavoro,F,Y50-64,,TOTAL,ALL,1,343.0
082067,2021,lavoro,F,Y50-64,,TOTAL,ALL,1,368.0
082067,2022,lavoro,F,Y50-64,,TOTAL,ALL,1,372.0
082067,2023,lavoro,F,Y50-64,,TOTAL,ALL,1,394.0
082067,2024,lavoro,F,Y50-64,,TOTAL,ALL,1,436.0
082067,2018,lavoro,F,Y50-64,,TOTAL,ALL,12,84.0
082067,2019,lavoro,F,Y50-64,,TOTAL,ALL,12,93.0
082067,2021,lavoro,F,Y50-64,,TOTAL,ALL,12,52.1079400786542
082067,2022,lavoro,F,Y50-64,,TOTAL,ALL,12,47.3656391688659
082067,2023,lavoro,F,Y50-64,,TOTAL,ALL,12,58.31210419026053
082067,2024,lavoro,F,Y50-64,,TOTAL,ALL,12,40.356443305491325
082067,2018,lavoro,F,Y50-64,,TOTAL,ALL,22,418.0
082067,2019,lavoro,F,Y50-64,,TOTAL,ALL,22,436.0
082067,2021,lavoro,F,Y50-64,,TOTAL,ALL,22,420.107940078654
082067,2022,lavoro,F,Y50-64,,TOTAL,ALL,22,419.365639168866
082067,2023,lavoro,F,Y50-64,,TOTAL,ALL,22,452.3121041902605
082067,2024,lavoro,F,Y50-64,,TOTAL,ALL,22,476.3564433054913
082067,2018,lavoro,F,Y50-64,,TOTAL,ALL,23,772.0
082067,2019,lavoro,F,Y50-64,,TOTAL,ALL,23,774.0
082067,2021,lavoro,F,Y50-64,,TOTAL,ALL,23,828.892059921346
082067,2022,lavoro,F,Y50-64,,TOTAL,ALL,23,819.634360831134
082067,2023,lavoro,F,Y50-64,,TOTAL,ALL,23,789.6878958097398
082067,2024,lavoro,F,Y50-64,,TOTAL,ALL,23,770.6435566945088
082067,2018,lavoro,F,Y50-64,,TOTAL,ALL,24,37.0
082067,2019,lavoro,F,Y50-64,,TOTAL,ALL,24,42.0
082067,2021,lavoro,F,Y50-64,,TOTAL,ALL,24,45.0632210966534
082067,2022,lavoro,F,Y50-64,,TOTAL,ALL,24,32.6208483842057
082067,2023,lavoro,F,Y50-64,,TOTAL,ALL,24,27.36922041329486
082067,2024,lavoro,F,Y50-64,,TOTAL,ALL,24,26.68321775145238
082067,2018,lavoro,F,Y50-64,,TOTAL,ALL,4,657.0
082067,2019,lavoro,F,Y50-64,,TOTAL,ALL,4,663.0
082067,2021,lavoro,F,Y50-64,,TOTAL,ALL,4,699.053837178969
082067,2022,lavoro,F,Y50-64,,TOTAL,ALL,4,685.896953282365
082067,2023,lavoro,F,Y50-64,,TOTAL,ALL,4,654.2244606412255
082067,2024,lavoro,F,Y50-64,,TOTAL,ALL,4,644.4039981756445
082067,2018,lavoro,F,Y50-64,,TOTAL,ALL,5,1.0
082067,2019,lavoro,F,Y50-64,,TOTAL,ALL,5,1.0
082067,2021,lavoro,F,Y50-64,,TOTAL,ALL,5,1.02451043119874
082067,2022,lavoro,F,Y50-64,,TOTAL,ALL,5,1.78767387536916
082067,2023,lavoro,F,Y50-64,,TOTAL,ALL,5,1.6727569207723108
082067,2024,lavoro,F,Y50-64,,TOTAL,ALL,5,2.497618372759538
082067,2018,lavoro,F,Y50-64,,TOTAL,ALL,7,77.0
082067,2019,lavoro,F,Y50-64,,TOTAL,ALL,7,68.0
082067,2021,lavoro,F,Y50-64,,TOTAL,ALL,7,83.7504912145246
082067,2022,lavoro,F,Y50-64,,TOTAL,ALL,7,99.3288852891944
082067,2023,lavoro,F,Y50-64,,TOTAL,ALL,7,106.42145783444704
082067,2024,lavoro,F,Y50-64,,TOTAL,ALL,7,97.0587223946523
082067,2018,lavoro,F,Y50-64,,TOTAL,ALL,99,1190.0
082067,2019,lavoro,F,Y50-64,,TOTAL,ALL,99,1210.0
082067,2020,lavoro,F,Y50-64,,TOTAL,ALL,99,1207.0
082067,2021,lavoro,F,Y50-64,,TOTAL,ALL,99,1249.0
082067,2022,lavoro,F,Y50-64,,TOTAL,ALL,99,1239.0
082067,2023,lavoro,F,Y50-64,,TOTAL,ALL,99,1242.0
082067,2024,lavoro,F,Y50-64,,TOTAL,ALL,99,1247.0
082067,2018,lavoro,M,Y_GE15,,TOTAL,ALL,1,1962.0
082067,2019,lavoro,M,Y_GE15,,TOTAL,ALL,1,1958.0
082067,2021,lavoro,M,Y_GE15,,TOTAL,ALL,1,2076.0
082067,2022,lavoro,M,Y_GE15,,TOTAL,ALL,1,2129.0
082067,2023,lavoro,M,Y_GE15,,TOTAL,ALL,1,2211.0
082067,2024,lavoro,M,Y_GE15,,TOTAL,ALL,1,2200.0
082067,2018,lavoro,M,Y_GE15,,TOTAL,ALL,12,640.0
082067,2019,lavoro,M,Y_GE15,,TOTAL,ALL,12,670.0
082067,2021,lavoro,M,Y_GE15,,TOTAL,ALL,12,371.201433881451
082067,2022,lavoro,M,Y_GE15,,TOTAL,ALL,12,324.13854916636
082067,2023,lavoro,M,Y_GE15,,TOTAL,ALL,12,308.3461244909414
082067,2024,lavoro,M,Y_GE15,,TOTAL,ALL,12,257.19984028658683
082067,2018,lavoro,M,Y_GE15,,TOTAL,ALL,22,2602.0
082067,2019,lavoro,M,Y_GE15,,TOTAL,ALL,22,2628.0
082067,2021,lavoro,M,Y_GE15,,TOTAL,ALL,22,2447.20143388145
082067,2022,lavoro,M,Y_GE15,,TOTAL,ALL,22,2453.13854916636
082067,2023,lavoro,M,Y_GE15,,TOTAL,ALL,22,2519.3461244909413
082067,2024,lavoro,M,Y_GE15,,TOTAL,ALL,22,2457.199840286587
082067,2018,lavoro,M,Y_GE15,,TOTAL,ALL,23,1956.0
082067,2019,lavoro,M,Y_GE15,,TOTAL,ALL,23,1918.0
082067,2021,lavoro,M,Y_GE15,,TOTAL,ALL,23,2112.79856611855
082067,2022,lavoro,M,Y_GE15,,TOTAL,ALL,23,2130.86145083364
082067,2023,lavoro,M,Y_GE15,,TOTAL,ALL,23,2105.6538755090587
082067,2024,lavoro,M,Y_GE15,,TOTAL,ALL,23,2205.800159713413
082067,2018,lavoro,M,Y_GE15,,TOTAL,ALL,24,850.0
082067,2019,lavoro,M,Y_GE15,,TOTAL,ALL,24,907.0
082067,2021,lavoro,M,Y_GE15,,TOTAL,ALL,24,948.866275721543
082067,2022,lavoro,M,Y_GE15,,TOTAL,ALL,24,926.75576960994
082067,2023,lavoro,M,Y_GE15,,TOTAL,ALL,24,894.1752837167705
082067,2024,lavoro,M,Y_GE15,,TOTAL,ALL,24,971.4952948705331
082067,2018,lavoro,M,Y_GE15,,TOTAL,ALL,4,102.0
082067,2019,lavoro,M,Y_GE15,,TOTAL,ALL,4,105.0
082067,2021,lavoro,M,Y_GE15,,TOTAL,ALL,4,144.750260576999
082067,2022,lavoro,M,Y_GE15,,TOTAL,ALL,4,159.172104151607
082067,2023,lavoro,M,Y_GE15,,TOTAL,ALL,4,159.5427835932215
082067,2024,lavoro,M,Y_GE15,,TOTAL,ALL,4,158.93907387371337
082067,2018,lavoro,M,Y_GE15,,TOTAL,ALL,5,334.0
082067,2019,lavoro,M,Y_GE15,,TOTAL,ALL,5,355.0
082067,2021,lavoro,M,Y_GE15,,TOTAL,ALL,5,356.488340649295
082067,2022,lavoro,M,Y_GE15,,TOTAL,ALL,5,383.985013979643
082067,2023,lavoro,M,Y_GE15,,TOTAL,ALL,5,366.3511071321677
082067,2024,lavoro,M,Y_GE15,,TOTAL,ALL,5,396.2769021170155
082067,2018,lavoro,M,Y_GE15,,TOTAL,ALL,7,670.0
082067,2019,lavoro,M,Y_GE15,,TOTAL,ALL,7,552.0
082067,2021,lavoro,M,Y_GE15,,TOTAL,ALL,7,662.693689170712
082067,2022,lavoro,M,Y_GE15,,TOTAL,ALL,7,660.94856309245
082067,2023,lavoro,M,Y_GE15,,TOTAL,ALL,7,685.5847010668991
082067,2024,lavoro,M,Y_GE15,,TOTAL,ALL,7,679.0888888521511
082067,2018,lavoro,M,Y_GE15,,TOTAL,ALL,99,4557.0
082067,2019,lavoro,M,Y_GE15,,TOTAL,ALL,99,4546.0
082067,2021,lavoro,M,Y_GE15,,TOTAL,ALL,99,4560.0
082067,2022,lavoro,M,Y_GE15,,TOTAL,ALL,99,4584.0
082067,2023,lavoro,M,Y_GE15,,TOTAL,ALL,99,4625.0
082067,2024,lavoro,M,Y_GE15,,TOTAL,ALL,99,4663.0
082067,2018,lavoro,M,Y_GE65,,TOTAL,ALL,1,106.0
082067,2019,lavoro,M,Y_GE65,,TOTAL,ALL,1,106.0
082067,2021,lavoro,M,Y_GE65,,TOTAL,ALL,1,97.0
082067,2022,lavoro,M,Y_GE65,,TOTAL,ALL,1,116.0
082067,2023,lavoro,M,Y_GE65,,TOTAL,ALL,1,101.0
082067,2024,lavoro,M,Y_GE65,,TOTAL,ALL,1,105.0
082067,2018,lavoro,M,Y_GE65,,TOTAL,ALL,12,4.0
082067,2019,lavoro,M,Y_GE65,,TOTAL,ALL,12,7.0
082067,2021,lavoro,M,Y_GE65,,TOTAL,ALL,12,2.46277423630766
082067,2022,lavoro,M,Y_GE65,,TOTAL,ALL,12,1.48902838920993
082067,2023,lavoro,M,Y_GE65,,TOTAL,ALL,12,1.807521062653357
082067,2024,lavoro,M,Y_GE65,,TOTAL,ALL,12,1.3150577743144114
082067,2018,lavoro,M,Y_GE65,,TOTAL,ALL,22,110.0
082067,2019,lavoro,M,Y_GE65,,TOTAL,ALL,22,113.0
082067,2021,lavoro,M,Y_GE65,,TOTAL,ALL,22,99.4627742363077
082067,2022,lavoro,M,Y_GE65,,TOTAL,ALL,22,117.48902838921
082067,2023,lavoro,M,Y_GE65,,TOTAL,ALL,22,102.80752106265336
082067,2024,lavoro,M,Y_GE65,,TOTAL,ALL,22,106.3150577743144
082067,2018,lavoro,M,Y_GE65,,TOTAL,ALL,23,896.0
082067,2019,lavoro,M,Y_GE65,,TOTAL,ALL,23,904.0
082067,2021,lavoro,M,Y_GE65,,TOTAL,ALL,23,968.537225763693
082067,2022,lavoro,M,Y_GE65,,TOTAL,ALL,23,982.51097161079
082067,2023,lavoro,M,Y_GE65,,TOTAL,ALL,23,1007.1924789373468
082067,2024,lavoro,M,Y_GE65,,TOTAL,ALL,23,1041.6849422256855
082067,2018,lavoro,M,Y_GE65,,TOTAL,ALL,24,739.0
082067,2019,lavoro,M,Y_GE65,,TOTAL,ALL,24,769.0
082067,2021,lavoro,M,Y_GE65,,TOTAL,ALL,24,821.838080381955
082067,2022,lavoro,M,Y_GE65,,TOTAL,ALL,24,820.91529602011
082067,2023,lavoro,M,Y_GE65,,TOTAL,ALL,24,799.9576205255927
082067,2024,lavoro,M,Y_GE65,,TOTAL,ALL,24,863.1717782562034
082067,2018,lavoro,M,Y_GE65,,TOTAL,ALL,4,11.0
082067,2019,lavoro,M,Y_GE65,,TOTAL,ALL,4,13.0
082067,2021,lavoro,M,Y_GE65,,TOTAL,ALL,4,13.4566048921775
082067,2022,lavoro,M,Y_GE65,,TOTAL,ALL,4,17.9384398085235
082067,2023,lavoro,M,Y_GE65,,TOTAL,ALL,4,20.75341325632448
082067,2024,lavoro,M,Y_GE65,,TOTAL,ALL,4,18.778154957538923
082067,2018,lavoro,M,Y_GE65,,TOTAL,ALL,5,0.0
082067,2019,lavoro,M,Y_GE65,,TOTAL,ALL,5,0.0
082067,2021,lavoro,M,Y_GE65,,TOTAL,ALL,5,2.63009883789404e-06
082067,2022,lavoro,M,Y_GE65,,TOTAL,ALL,5,0.0763961670087637
082067,2023,lavoro,M,Y_GE65,,TOTAL,ALL,5,0.0944465084841249
082067,2024,lavoro,M,Y_GE65,,TOTAL,ALL,5,0.0470359006240527
082067,2018,lavoro,M,Y_GE65,,TOTAL,ALL,7,146.0
082067,2019,lavoro,M,Y_GE65,,TOTAL,ALL,7,122.0
082067,2021,lavoro,M,Y_GE65,,TOTAL,ALL,7,133.242537859461
082067,2022,lavoro,M,Y_GE65,,TOTAL,ALL,7,143.580839615148
082067,2023,lavoro,M,Y_GE65,,TOTAL,ALL,7,186.3869986469456
082067,2024,lavoro,M,Y_GE65,,TOTAL,ALL,7,159.68797311131925
082067,2018,lavoro,M,Y_GE65,,TOTAL,ALL,99,1006.0
082067,2019,lavoro,M,Y_GE65,,TOTAL,ALL,99,1017.0
082067,2020,lavoro,M,Y_GE65,,TOTAL,ALL,99,1049.0
082067,2021,lavoro,M,Y_GE65,,TOTAL,ALL,99,1068.0
082067,2022,lavoro,M,Y_GE65,,TOTAL,ALL,99,1100.0
082067,2023,lavoro,M,Y_GE65,,TOTAL,ALL,99,1110.0
082067,2024,lavoro,M,Y_GE65,,TOTAL,ALL,99,1148.0
082067,2018,lavoro,M,Y15-24,,TOTAL,ALL,1,90.0
082067,2019,lavoro,M,Y15-24,,TOTAL,ALL,1,79.0
082067,2021,lavoro,M,Y15-24,,TOTAL,ALL,1,93.0
082067,2022,lavoro,M,Y15-24,,TOTAL,ALL,1,98.0
082067,2023,lavoro,M,Y15-24,,TOTAL,ALL,1,111.0
082067,2024,lavoro,M,Y15-24,,TOTAL,ALL,1,107.0
082067,2018,lavoro,M,Y15-24,,TOTAL,ALL,12,108.0
082067,2019,lavoro,M,Y15-24,,TOTAL,ALL,12,108.0
082067,2021,lavoro,M,Y15-24,,TOTAL,ALL,12,66.4649487884148
082067,2022,lavoro,M,Y15-24,,TOTAL,ALL,12,58.6599248999231
082067,2023,lavoro,M,Y15-24,,TOTAL,ALL,12,62.77590453078085
082067,2024,lavoro,M,Y15-24,,TOTAL,ALL,12,42.29006793044472
082067,2018,lavoro,M,Y15-24,,TOTAL,ALL,22,198.0
082067,2019,lavoro,M,Y15-24,,TOTAL,ALL,22,187.0
082067,2021,lavoro,M,Y15-24,,TOTAL,ALL,22,159.464948788415
082067,2022,lavoro,M,Y15-24,,TOTAL,ALL,22,156.659924899923
082067,2023,lavoro,M,Y15-24,,TOTAL,ALL,22,173.77590453078085
082067,2024,lavoro,M,Y15-24,,TOTAL,ALL,22,149.29006793044474
082067,2018,lavoro,M,Y15-24,,TOTAL,ALL,23,408.0
082067,2019,lavoro,M,Y15-24,,TOTAL,ALL,23,394.0
082067,2021,lavoro,M,Y15-24,,TOTAL,ALL,23,421.535051211585
082067,2022,lavoro,M,Y15-24,,TOTAL,ALL,23,431.340075100077
082067,2023,lavoro,M,Y15-24,,TOTAL,ALL,23,430.2240954692191
082067,2024,lavoro,M,Y15-24,,TOTAL,ALL,23,449.7099320695553
082067,2018,lavoro,M,Y15-24,,TOTAL,ALL,24,1.0
082067,2019,lavoro,M,Y15-24,,TOTAL,ALL,24,2.0
082067,2021,lavoro,M,Y15-24,,TOTAL,ALL,24,2.18584125169178
082067,2022,lavoro,M,Y15-24,,TOTAL,ALL,24,1.75559050803818
082067,2023,lavoro,M,Y15-24,,TOTAL,ALL,24,1.209120606083676
082067,2024,lavoro,M,Y15-24,,TOTAL,ALL,24,2.086467281249788
082067,2018,lavoro,M,Y15-24,,TOTAL,ALL,4,5.0
082067,2019,lavoro,M,Y15-24,,TOTAL,ALL,4,5.0
082067,2021,lavoro,M,Y15-24,,TOTAL,ALL,4,7.93930393314312
082067,2022,lavoro,M,Y15-24,,TOTAL,ALL,4,7.02659891315639
082067,2023,lavoro,M,Y15-24,,TOTAL,ALL,4,9.080141380062276
082067,2024,lavoro,M,Y15-24,,TOTAL,ALL,4,7.59392937488361
082067,2018,lavoro,M,Y15-24,,TOTAL,ALL,5,293.0
082067,2019,lavoro,M,Y15-24,,TOTAL,ALL,5,312.0
082067,2021,lavoro,M,Y15-24,,TOTAL,ALL,5,321.222942530964
082067,2022,lavoro,M,Y15-24,,TOTAL,ALL,5,344.785243906639
082067,2023,lavoro,M,Y15-24,,TOTAL,ALL,5,337.981994418855
082067,2024,lavoro,M,Y15-24,,TOTAL,ALL,5,364.5488823962506
082067,2018,lavoro,M,Y15-24,,TOTAL,ALL,7,109.0
082067,2019,lavoro,M,Y15-24,,TOTAL,ALL,7,75.0
082067,2021,lavoro,M,Y15-24,,TOTAL,ALL,7,90.1869634957864
082067,2022,lavoro,M,Y15-24,,TOTAL,ALL,7,77.7726417722434
082067,2023,lavoro,M,Y15-24,,TOTAL,ALL,7,81.95283906421815
082067,2024,lavoro,M,Y15-24,,TOTAL,ALL,7,75.48065301717129
082067,2018,lavoro,M,Y15-24,,TOTAL,ALL,99,606.0
082067,2019,lavoro,M,Y15-24,,TOTAL,ALL,99,581.0
082067,2021,lavoro,M,Y15-24,,TOTAL,ALL,99,581.0
082067,2022,lavoro,M,Y15-24,,TOTAL,ALL,99,588.0
082067,2023,lavoro,M,Y15-24,,TOTAL,ALL,99,604.0
082067,2024,lavoro,M,Y15-24,,TOTAL,ALL,99,599.0
082067,2018,lavoro,M,Y25-49,,TOTAL,ALL,1,1092.0
082067,2019,lavoro,M,Y25-49,,TOTAL,ALL,1,1129.0
082067,2021,lavoro,M,Y25-49,,TOTAL,ALL,1,1166.0
082067,2022,lavoro,M,Y25-49,,TOTAL,ALL,1,1186.0
082067,2023,lavoro,M,Y25-49,,TOTAL,ALL,1,1183.0
082067,2024,lavoro,M,Y25-49,,TOTAL,ALL,1,1165.0
082067,2018,lavoro,M,Y25-49,,TOTAL,ALL,12,375.0
082067,2019,lavoro,M,Y25-49,,TOTAL,ALL,12,371.0
082067,2021,lavoro,M,Y25-49,,TOTAL,ALL,12,207.371724106223
082067,2022,lavoro,M,Y25-49,,TOTAL,ALL,12,179.463655820005
082067,2023,lavoro,M,Y25-49,,TOTAL,ALL,12,164.04299782941493
082067,2024,lavoro,M,Y25-49,,TOTAL,ALL,12,140.7742195804909
082067,2018,lavoro,M,Y25-49,,TOTAL,ALL,22,1467.0
082067,2019,lavoro,M,Y25-49,,TOTAL,ALL,22,1500.0
082067,2021,lavoro,M,Y25-49,,TOTAL,ALL,22,1373.37172410622
082067,2022,lavoro,M,Y25-49,,TOTAL,ALL,22,1365.46365582001
082067,2023,lavoro,M,Y25-49,,TOTAL,ALL,22,1347.0429978294148
082067,2024,lavoro,M,Y25-49,,TOTAL,ALL,22,1305.7742195804908
082067,2018,lavoro,M,Y25-49,,TOTAL,ALL,23,360.0
082067,2019,lavoro,M,Y25-49,,TOTAL,ALL,23,317.0
082067,2021,lavoro,M,Y25-49,,TOTAL,ALL,23,374.628275893778
082067,2022,lavoro,M,Y25-49,,TOTAL,ALL,23,369.536344179995
082067,2023,lavoro,M,Y25-49,,TOTAL,ALL,23,341.9570021705852
082067,2024,lavoro,M,Y25-49,,TOTAL,ALL,23,372.22578041950914
082067,2018,lavoro,M,Y25-49,,TOTAL,ALL,24,24.0
082067,2019,lavoro,M,Y25-49,,TOTAL,ALL,24,28.0
082067,2021,lavoro,M,Y25-49,,TOTAL,ALL,24,22.9077267092565
082067,2022,lavoro,M,Y25-49,,TOTAL,ALL,24,22.1471740490008
082067,2023,lavoro,M,Y25-49,,TOTAL,ALL,24,19.87481400310469
082067,2024,lavoro,M,Y25-49,,TOTAL,ALL,24,30.706748138292557
082067,2018,lavoro,M,Y25-49,,TOTAL,ALL,4,43.0
082067,2019,lavoro,M,Y25-49,,TOTAL,ALL,4,40.0
082067,2021,lavoro,M,Y25-49,,TOTAL,ALL,4,64.0123475279484
082067,2022,lavoro,M,Y25-49,,TOTAL,ALL,4,63.8511447989238
082067,2023,lavoro,M,Y25-49,,TOTAL,ALL,4,62.50148059715406
082067,2024,lavoro,M,Y25-49,,TOTAL,ALL,4,62.59705374437067
082067,2018,lavoro,M,Y25-49,,TOTAL,ALL,5,41.0
082067,2019,lavoro,M,Y25-49,,TOTAL,ALL,5,42.0
082067,2021,lavoro,M,Y25-49,,TOTAL,ALL,5,33.5739116727446
082067,2022,lavoro,M,Y25-49,,TOTAL,ALL,5,37.9022447197295
082067,2023,lavoro,M,Y25-49,,TOTAL,ALL,5,27.408891664427017
082067,2024,lavoro,M,Y25-49,,TOTAL,ALL,5,30.209185934824287
082067,2018,lavoro,M,Y25-49,,TOTAL,ALL,7,252.0
082067,2019,lavoro,M,Y25-49,,TOTAL,ALL,7,207.0
082067,2021,lavoro,M,Y25-49,,TOTAL,ALL,7,254.134289983828
082067,2022,lavoro,M,Y25-49,,TOTAL,ALL,7,245.635780612341
082067,2023,lavoro,M,Y25-49,,TOTAL,ALL,7,232.1718159058994
082067,2024,lavoro,M,Y25-49,,TOTAL,ALL,7,248.71279260202164
082067,2018,lavoro,M,Y25-49,,TOTAL,ALL,99,1827.0
082067,2019,lavoro,M,Y25-49,,TOTAL,ALL,99,1817.0
082067,2020,lavoro,M,Y25-49,,TOTAL,ALL,99,1751.0
082067,2021,lavoro,M,Y25-49,,TOTAL,ALL,99,1748.0
082067,2022,lavoro,M,Y25-49,,TOTAL,ALL,99,1735.0
082067,2023,lavoro,M,Y25-49,,TOTAL,ALL,99,1689.0
082067,2024,lavoro,M,Y25-49,,TOTAL,ALL,99,1678.0
082067,2018,lavoro,M,Y50-64,,TOTAL,ALL,1,674.0
082067,2019,lavoro,M,Y50-64,,TOTAL,ALL,1,644.0
082067,2021,lavoro,M,Y50-64,,TOTAL,ALL,1,720.0
082067,2022,lavoro,M,Y50-64,,TOTAL,ALL,1,729.0
082067,2023,lavoro,M,Y50-64,,TOTAL,ALL,1,816.0
082067,2024,lavoro,M,Y50-64,,TOTAL,ALL,1,823.0
082067,2018,lavoro,M,Y50-64,,TOTAL,ALL,12,153.0
082067,2019,lavoro,M,Y50-64,,TOTAL,ALL,12,184.0
082067,2021,lavoro,M,Y50-64,,TOTAL,ALL,12,94.9019867505064
082067,2022,lavoro,M,Y50-64,,TOTAL,ALL,12,84.5259400572219
082067,2023,lavoro,M,Y50-64,,TOTAL,ALL,12,79.71970106809226
082067,2024,lavoro,M,Y50-64,,TOTAL,ALL,12,72.82049500133681
082067,2018,lavoro,M,Y50-64,,TOTAL,ALL,22,827.0
082067,2019,lavoro,M,Y50-64,,TOTAL,ALL,22,828.0
082067,2021,lavoro,M,Y50-64,,TOTAL,ALL,22,814.901986750506
082067,2022,lavoro,M,Y50-64,,TOTAL,ALL,22,813.525940057222
082067,2023,lavoro,M,Y50-64,,TOTAL,ALL,22,895.7197010680923
082067,2024,lavoro,M,Y50-64,,TOTAL,ALL,22,895.8204950013368
082067,2018,lavoro,M,Y50-64,,TOTAL,ALL,23,291.0
082067,2019,lavoro,M,Y50-64,,TOTAL,ALL,23,303.0
082067,2021,lavoro,M,Y50-64,,TOTAL,ALL,23,348.098013249494
082067,2022,lavoro,M,Y50-64,,TOTAL,ALL,23,347.474059942778
082067,2023,lavoro,M,Y50-64,,TOTAL,ALL,23,326.28029893190774
082067,2024,lavoro,M,Y50-64,,TOTAL,ALL,23,342.1795049986631
082067,2018,lavoro,M,Y50-64,,TOTAL,ALL,24,86.0
082067,2019,lavoro,M,Y50-64,,TOTAL,ALL,24,108.0
082067,2021,lavoro,M,Y50-64,,TOTAL,ALL,24,101.934627378639
082067,2022,lavoro,M,Y50-64,,TOTAL,ALL,24,81.9377090327909
082067,2023,lavoro,M,Y50-64,,TOTAL,ALL,24,73.13372858198949
082067,2024,lavoro,M,Y50-64,,TOTAL,ALL,24,75.5303011947875
082067,2018,lavoro,M,Y50-64,,TOTAL,ALL,4,43.0
082067,2019,lavoro,M,Y50-64,,TOTAL,ALL,4,47.0
082067,2021,lavoro,M,Y50-64,,TOTAL,ALL,4,59.3420042237298
082067,2022,lavoro,M,Y50-64,,TOTAL,ALL,4,70.3559206310036
082067,2023,lavoro,M,Y50-64,,TOTAL,ALL,4,67.20774835968066
082067,2024,lavoro,M,Y50-64,,TOTAL,ALL,4,69.96993579692017
082067,2018,lavoro,M,Y50-64,,TOTAL,ALL,5,0.0
082067,2019,lavoro,M,Y50-64,,TOTAL,ALL,5,0.0
082067,2021,lavoro,M,Y50-64,,TOTAL,ALL,5,1.69148381548781
082067,2022,lavoro,M,Y50-64,,TOTAL,ALL,5,1.2211291862658
082067,2023,lavoro,M,Y50-64,,TOTAL,ALL,5,0.8657745404016165
082067,2024,lavoro,M,Y50-64,,TOTAL,ALL,5,1.4717978853165186
082067,2018,lavoro,M,Y50-64,,TOTAL,ALL,7,162.0
082067,2019,lavoro,M,Y50-64,,TOTAL,ALL,7,148.0
082067,2021,lavoro,M,Y50-64,,TOTAL,ALL,7,185.129897831637
082067,2022,lavoro,M,Y50-64,,TOTAL,ALL,7,193.959301092718
082067,2023,lavoro,M,Y50-64,,TOTAL,ALL,7,185.073047449836
082067,2024,lavoro,M,Y50-64,,TOTAL,ALL,7,195.2074701216389
082067,2018,lavoro,M,Y50-64,,TOTAL,ALL,99,1118.0
082067,2019,lavoro,M,Y50-64,,TOTAL,ALL,99,1131.0
082067,2020,lavoro,M,Y50-64,,TOTAL,ALL,99,1118.0
082067,2021,lavoro,M,Y50-64,,TOTAL,ALL,99,1163.0
082067,2022,lavoro,M,Y50-64,,TOTAL,ALL,99,1161.0
082067,2023,lavoro,M,Y50-64,,TOTAL,ALL,99,1222.0
082067,2024,lavoro,M,Y50-64,,TOTAL,ALL,99,1238.0
082067,2018,lavoro,T,Y_GE15,,TOTAL,ALL,1,2930.0
082067,2019,lavoro,T,Y_GE15,,TOTAL,ALL,1,2949.0
082067,2021,lavoro,T,Y_GE15,,TOTAL,ALL,1,3154.0
082067,2022,lavoro,T,Y_GE15,,TOTAL,ALL,1,3233.0
082067,2023,lavoro,T,Y_GE15,,TOTAL,ALL,1,3387.0
082067,2024,lavoro,T,Y_GE15,,TOTAL,ALL,1,3464.0
082067,2018,lavoro,T,Y_GE15,,TOTAL,ALL,12,1119.0
082067,2019,lavoro,T,Y_GE15,,TOTAL,ALL,12,1171.0
082067,2021,lavoro,T,Y_GE15,,TOTAL,ALL,12,639.184349164438
082067,2022,lavoro,T,Y_GE15,,TOTAL,ALL,12,579.890842448892
082067,2023,lavoro,T,Y_GE15,,TOTAL,ALL,12,575.6951850643067
082067,2024,lavoro,T,Y_GE15,,TOTAL,ALL,12,446.4045713857703
082067,2018,lavoro,T,Y_GE15,,TOTAL,ALL,22,4049.0
082067,2019,lavoro,T,Y_GE15,,TOTAL,ALL,22,4120.0
082067,2021,lavoro,T,Y_GE15,,TOTAL,ALL,22,3793.18434916444
082067,2022,lavoro,T,Y_GE15,,TOTAL,ALL,22,3812.89084244889
082067,2023,lavoro,T,Y_GE15,,TOTAL,ALL,22,3962.6951850643063
082067,2024,lavoro,T,Y_GE15,,TOTAL,ALL,22,3910.4045713857695
082067,2018,lavoro,T,Y_GE15,,TOTAL,ALL,23,5339.0
082067,2019,lavoro,T,Y_GE15,,TOTAL,ALL,23,5277.0
082067,2021,lavoro,T,Y_GE15,,TOTAL,ALL,23,5636.81565083556
082067,2022,lavoro,T,Y_GE15,,TOTAL,ALL,23,5666.10915755111
082067,2023,lavoro,T,Y_GE15,,TOTAL,ALL,23,5576.304814935694
082067,2024,lavoro,T,Y_GE15,,TOTAL,ALL,23,5683.59542861423
082067,2018,lavoro,T,Y_GE15,,TOTAL,ALL,24,1464.0
082067,2019,lavoro,T,Y_GE15,,TOTAL,ALL,24,1558.0
082067,2021,lavoro,T,Y_GE15,,TOTAL,ALL,24,1617.22455585352
082067,2022,lavoro,T,Y_GE15,,TOTAL,ALL,24,1549.76361329599
082067,2023,lavoro,T,Y_GE15,,TOTAL,ALL,24,1464.271490093621
082067,2024,lavoro,T,Y_GE15,,TOTAL,ALL,24,1601.0877307623775
082067,2018,lavoro,T,Y_GE15,,TOTAL,ALL,4,2061.0
082067,2019,lavoro,T,Y_GE15,,TOTAL,ALL,4,2041.0
082067,2021,lavoro,T,Y_GE15,,TOTAL,ALL,4,2160.09917244292
082067,2022,lavoro,T,Y_GE15,,TOTAL,ALL,4,2160.58929122966
082067,2023,lavoro,T,Y_GE15,,TOTAL,ALL,4,2126.5187728265514
082067,2024,lavoro,T,Y_GE15,,TOTAL,ALL,4,2083.8124050086653
082067,2018,lavoro,T,Y_GE15,,TOTAL,ALL,5,717.0
082067,2019,lavoro,T,Y_GE15,,TOTAL,ALL,5,780.0
082067,2021,lavoro,T,Y_GE15,,TOTAL,ALL,5,805.096524085813
082067,2022,lavoro,T,Y_GE15,,TOTAL,ALL,5,843.63848532666
082067,2023,lavoro,T,Y_GE15,,TOTAL,ALL,5,801.1842597050833
082067,2024,lavoro,T,Y_GE15,,TOTAL,ALL,5,868.1349446313758
082067,2018,lavoro,T,Y_GE15,,TOTAL,ALL,7,1097.0
082067,2019,lavoro,T,Y_GE15,,TOTAL,ALL,7,899.0
082067,2021,lavoro,T,Y_GE15,,TOTAL,ALL,7,1054.39539845331
082067,2022,lavoro,T,Y_GE15,,TOTAL,ALL,7,1112.11776769879
082067,2023,lavoro,T,Y_GE15,,TOTAL,ALL,7,1184.3302923104384
082067,2024,lavoro,T,Y_GE15,,TOTAL,ALL,7,1130.5603482118108
082067,2018,lavoro,T,Y_GE15,,TOTAL,ALL,99,9388.0
082067,2019,lavoro,T,Y_GE15,,TOTAL,ALL,99,9397.0
082067,2021,lavoro,T,Y_GE15,,TOTAL,ALL,99,9430.0
082067,2022,lavoro,T,Y_GE15,,TOTAL,ALL,99,9479.0
082067,2023,lavoro,T,Y_GE15,,TOTAL,ALL,99,9539.0
082067,2024,lavoro,T,Y_GE15,,TOTAL,ALL,99,9594.0
082067,2018,lavoro,T,Y_GE65,,TOTAL,ALL,1,143.0
082067,2019,lavoro,T,Y_GE65,,TOTAL,ALL,1,152.0
082067,2021,lavoro,T,Y_GE65,,TOTAL,ALL,1,128.0
082067,2022,lavoro,T,Y_GE65,,TOTAL,ALL,1,151.0
082067,2023,lavoro,T,Y_GE65,,TOTAL,ALL,1,141.0
082067,2024,lavoro,T,Y_GE65,,TOTAL,ALL,1,144.0
082067,2018,lavoro,T,Y_GE65,,TOTAL,ALL,12,9.0
082067,2019,lavoro,T,Y_GE65,,TOTAL,ALL,12,13.0
082067,2021,lavoro,T,Y_GE65,,TOTAL,ALL,12,6.29399106678185
082067,2022,lavoro,T,Y_GE65,,TOTAL,ALL,12,3.71014361113393
082067,2023,lavoro,T,Y_GE65,,TOTAL,ALL,12,5.289933506514003
082067,2024,lavoro,T,Y_GE65,,TOTAL,ALL,12,3.849454058874073
082067,2018,lavoro,T,Y_GE65,,TOTAL,ALL,22,152.0
082067,2019,lavoro,T,Y_GE65,,TOTAL,ALL,22,165.0
082067,2021,lavoro,T,Y_GE65,,TOTAL,ALL,22,134.293991066782
082067,2022,lavoro,T,Y_GE65,,TOTAL,ALL,22,154.710143611134
082067,2023,lavoro,T,Y_GE65,,TOTAL,ALL,22,146.289933506514
082067,2024,lavoro,T,Y_GE65,,TOTAL,ALL,22,147.84945405887407
082067,2018,lavoro,T,Y_GE65,,TOTAL,ALL,23,2080.0
082067,2019,lavoro,T,Y_GE65,,TOTAL,ALL,23,2100.0
082067,2021,lavoro,T,Y_GE65,,TOTAL,ALL,23,2210.70600893322
082067,2022,lavoro,T,Y_GE65,,TOTAL,ALL,23,2251.28985638887
082067,2023,lavoro,T,Y_GE65,,TOTAL,ALL,23,2303.7100664934865
082067,2024,lavoro,T,Y_GE65,,TOTAL,ALL,23,2368.150545941126
082067,2018,lavoro,T,Y_GE65,,TOTAL,ALL,24,1306.0
082067,2019,lavoro,T,Y_GE65,,TOTAL,ALL,24,1367.0
082067,2021,lavoro,T,Y_GE65,,TOTAL,ALL,24,1434.91627106194
082067,2022,lavoro,T,Y_GE65,,TOTAL,ALL,24,1403.99028475098
082067,2023,lavoro,T,Y_GE65,,TOTAL,ALL,24,1336.4578746348975
082067,2024,lavoro,T,Y_GE65,,TOTAL,ALL,24,1457.9198500979812
082067,2018,lavoro,T,Y_GE65,,TOTAL,ALL,4,440.0
082067,2019,lavoro,T,Y_GE65,,TOTAL,ALL,4,453.0
082067,2021,lavoro,T,Y_GE65,,TOTAL,ALL,4,473.85274297344
082067,2022,lavoro,T,Y_GE65,,TOTAL,ALL,4,507.333192749755
082067,2023,lavoro,T,Y_GE65,,TOTAL,ALL,4,543.7035868894061
082067,2024,lavoro,T,Y_GE65,,TOTAL,ALL,4,542.694018340464
082067,2018,lavoro,T,Y_GE65,,TOTAL,ALL,5,0.0
082067,2019,lavoro,T,Y_GE65,,TOTAL,ALL,5,0.0
082067,2021,lavoro,T,Y_GE65,,TOTAL,ALL,5,1.4375063874404e-05
082067,2022,lavoro,T,Y_GE65,,TOTAL,ALL,5,0.338842968125317
082067,2023,lavoro,T,Y_GE65,,TOTAL,ALL,5,0.5227319416574229
082067,2024,lavoro,T,Y_GE65,,TOTAL,ALL,5,0.2449591972083912
082067,2018,lavoro,T,Y_GE65,,TOTAL,ALL,7,334.0
082067,2019,lavoro,T,Y_GE65,,TOTAL,ALL,7,280.0
082067,2021,lavoro,T,Y_GE65,,TOTAL,ALL,7,301.936980522778
082067,2022,lavoro,T,Y_GE65,,TOTAL,ALL,7,339.62753592001
082067,2023,lavoro,T,Y_GE65,,TOTAL,ALL,7,423.02587302752494
082067,2024,lavoro,T,Y_GE65,,TOTAL,ALL,7,367.29171830547233
082067,2018,lavoro,T,Y_GE65,,TOTAL,ALL,99,2232.0
082067,2019,lavoro,T,Y_GE65,,TOTAL,ALL,99,2265.0
082067,2020,lavoro,T,Y_GE65,,TOTAL,ALL,99,2306.0
082067,2021,lavoro,T,Y_GE65,,TOTAL,ALL,99,2345.0
082067,2022,lavoro,T,Y_GE65,,TOTAL,ALL,99,2406.0
082067,2023,lavoro,T,Y_GE65,,TOTAL,ALL,99,2450.0
082067,2024,lavoro,T,Y_GE65,,TOTAL,ALL,99,2516.0
082067,2018,lavoro,T,Y15-24,,TOTAL,ALL,1,122.0
082067,2019,lavoro,T,Y15-24,,TOTAL,ALL,1,117.0
082067,2021,lavoro,T,Y15-24,,TOTAL,ALL,1,138.0
082067,2022,lavoro,T,Y15-24,,TOTAL,ALL,1,140.0
082067,2023,lavoro,T,Y15-24,,TOTAL,ALL,1,161.0
082067,2024,lavoro,T,Y15-24,,TOTAL,ALL,1,152.0
082067,2018,lavoro,T,Y15-24,,TOTAL,ALL,12,208.0
082067,2019,lavoro,T,Y15-24,,TOTAL,ALL,12,205.0
082067,2021,lavoro,T,Y15-24,,TOTAL,ALL,12,115.378678823009
082067,2022,lavoro,T,Y15-24,,TOTAL,ALL,12,107.348329481472
082067,2023,lavoro,T,Y15-24,,TOTAL,ALL,12,115.01137891278864
082067,2024,lavoro,T,Y15-24,,TOTAL,ALL,12,75.63869810992972
082067,2018,lavoro,T,Y15-24,,TOTAL,ALL,22,330.0
082067,2019,lavoro,T,Y15-24,,TOTAL,ALL,22,322.0
082067,2021,lavoro,T,Y15-24,,TOTAL,ALL,22,253.378678823009
082067,2022,lavoro,T,Y15-24,,TOTAL,ALL,22,247.348329481472
082067,2023,lavoro,T,Y15-24,,TOTAL,ALL,22,276.01137891278864
082067,2024,lavoro,T,Y15-24,,TOTAL,ALL,22,227.6386981099297
082067,2018,lavoro,T,Y15-24,,TOTAL,ALL,23,858.0
082067,2019,lavoro,T,Y15-24,,TOTAL,ALL,23,849.0
082067,2021,lavoro,T,Y15-24,,TOTAL,ALL,23,917.621321176991
082067,2022,lavoro,T,Y15-24,,TOTAL,ALL,23,926.651670518528
082067,2023,lavoro,T,Y15-24,,TOTAL,ALL,23,918.9886210872112
082067,2024,lavoro,T,Y15-24,,TOTAL,ALL,23,949.3613018900704
082067,2018,lavoro,T,Y15-24,,TOTAL,ALL,24,2.0
082067,2019,lavoro,T,Y15-24,,TOTAL,ALL,24,3.0
082067,2021,lavoro,T,Y15-24,,TOTAL,ALL,24,3.49768230879809
082067,2022,lavoro,T,Y15-24,,TOTAL,ALL,24,2.20774891173345
082067,2023,lavoro,T,Y15-24,,TOTAL,ALL,24,1.524997080885276
082067,2024,lavoro,T,Y15-24,,TOTAL,ALL,24,2.547252776613754
082067,2018,lavoro,T,Y15-24,,TOTAL,ALL,4,84.0
082067,2019,lavoro,T,Y15-24,,TOTAL,ALL,4,76.0
082067,2021,lavoro,T,Y15-24,,TOTAL,ALL,4,90.1472175248494
082067,2022,lavoro,T,Y15-24,,TOTAL,ALL,4,76.3982282029682
082067,2023,lavoro,T,Y15-24,,TOTAL,ALL,4,83.59720942512635
082067,2024,lavoro,T,Y15-24,,TOTAL,ALL,4,71.21847262332108
082067,2018,lavoro,T,Y15-24,,TOTAL,ALL,5,618.0
082067,2019,lavoro,T,Y15-24,,TOTAL,ALL,5,670.0
082067,2021,lavoro,T,Y15-24,,TOTAL,ALL,5,697.075654944758
082067,2022,lavoro,T,Y15-24,,TOTAL,ALL,5,736.583719332571
082067,2023,lavoro,T,Y15-24,,TOTAL,ALL,5,717.554336097319
082067,2024,lavoro,T,Y15-24,,TOTAL,ALL,5,768.905991545005
082067,2018,lavoro,T,Y15-24,,TOTAL,ALL,7,154.0
082067,2019,lavoro,T,Y15-24,,TOTAL,ALL,7,100.0
082067,2021,lavoro,T,Y15-24,,TOTAL,ALL,7,126.900766398586
082067,2022,lavoro,T,Y15-24,,TOTAL,ALL,7,111.461974071255
082067,2023,lavoro,T,Y15-24,,TOTAL,ALL,7,116.31207848388055
082067,2024,lavoro,T,Y15-24,,TOTAL,ALL,7,106.68958494513042
082067,2018,lavoro,T,Y15-24,,TOTAL,ALL,99,1188.0
082067,2019,lavoro,T,Y15-24,,TOTAL,ALL,99,1171.0
082067,2021,lavoro,T,Y15-24,,TOTAL,ALL,99,1171.0
082067,2022,lavoro,T,Y15-24,,TOTAL,ALL,99,1174.0
082067,2023,lavoro,T,Y15-24,,TOTAL,ALL,99,1194.9999999999998
082067,2024,lavoro,T,Y15-24,,TOTAL,ALL,99,1177.0
082067,2018,lavoro,T,Y25-49,,TOTAL,ALL,1,1657.0
082067,2019,lavoro,T,Y25-49,,TOTAL,ALL,1,1693.0
082067,2021,lavoro,T,Y25-49,,TOTAL,ALL,1,1800.0
082067,2022,lavoro,T,Y25-49,,TOTAL,ALL,1,1841.0
082067,2023,lavoro,T,Y25-49,,TOTAL,ALL,1,1875.0
082067,2024,lavoro,T,Y25-49,,TOTAL,ALL,1,1909.0
082067,2018,lavoro,T,Y25-49,,TOTAL,ALL,12,665.0
082067,2019,lavoro,T,Y25-49,,TOTAL,ALL,12,676.0
082067,2021,lavoro,T,Y25-49,,TOTAL,ALL,12,370.501752445487
082067,2022,lavoro,T,Y25-49,,TOTAL,ALL,12,336.940790130198
082067,2023,lavoro,T,Y25-49,,TOTAL,ALL,12,317.36206738665123
082067,2024,lavoro,T,Y25-49,,TOTAL,ALL,12,253.73948091013835
082067,2018,lavoro,T,Y25-49,,TOTAL,ALL,22,2322.0
082067,2019,lavoro,T,Y25-49,,TOTAL,ALL,22,2369.0
082067,2021,lavoro,T,Y25-49,,TOTAL,ALL,22,2170.50175244549
082067,2022,lavoro,T,Y25-49,,TOTAL,ALL,22,2177.9407901302
082067,2023,lavoro,T,Y25-49,,TOTAL,ALL,22,2192.3620673866512
082067,2024,lavoro,T,Y25-49,,TOTAL,ALL,22,2162.7394809101384
082067,2018,lavoro,T,Y25-49,,TOTAL,ALL,23,1338.0
082067,2019,lavoro,T,Y25-49,,TOTAL,ALL,23,1251.0
082067,2021,lavoro,T,Y25-49,,TOTAL,ALL,23,1331.49824755451
082067,2022,lavoro,T,Y25-49,,TOTAL,ALL,23,1321.0592098698
082067,2023,lavoro,T,Y25-49,,TOTAL,ALL,23,1237.6379326133492
082067,2024,lavoro,T,Y25-49,,TOTAL,ALL,23,1253.2605190898616
082067,2018,lavoro,T,Y25-49,,TOTAL,ALL,24,33.0
082067,2019,lavoro,T,Y25-49,,TOTAL,ALL,24,38.0
082067,2021,lavoro,T,Y25-49,,TOTAL,ALL,24,31.8127540074929
082067,2022,lavoro,T,Y25-49,,TOTAL,ALL,24,29.0070222162885
082067,2023,lavoro,T,Y25-49,,TOTAL,ALL,24,25.78566938255355
082067,2024,lavoro,T,Y25-49,,TOTAL,ALL,24,38.40710894154269
082067,2018,lavoro,T,Y25-49,,TOTAL,ALL,4,837.0
082067,2019,lavoro,T,Y25-49,,TOTAL,ALL,4,802.0
082067,2021,lavoro,T,Y25-49,,TOTAL,ALL,4,837.703370541931
082067,2022,lavoro,T,Y25-49,,TOTAL,ALL,4,820.604996363572
082067,2023,lavoro,T,Y25-49,,TOTAL,ALL,4,777.7857675111128
082067,2024,lavoro,T,Y25-49,,TOTAL,ALL,4,755.5259800723156
082067,2018,lavoro,T,Y25-49,,TOTAL,ALL,5,98.0
082067,2019,lavoro,T,Y25-49,,TOTAL,ALL,5,108.0
082067,2021,lavoro,T,Y25-49,,TOTAL,ALL,5,105.304860519305
082067,2022,lavoro,T,Y25-49,,TOTAL,ALL,5,103.707119964328
082067,2023,lavoro,T,Y25-49,,TOTAL,ALL,5,80.56866020493287
082067,2024,lavoro,T,Y25-49,,TOTAL,ALL,5,95.01457763108633
082067,2018,lavoro,T,Y25-49,,TOTAL,ALL,7,370.0
082067,2019,lavoro,T,Y25-49,,TOTAL,ALL,7,303.0
082067,2021,lavoro,T,Y25-49,,TOTAL,ALL,7,356.677262485784
082067,2022,lavoro,T,Y25-49,,TOTAL,ALL,7,367.740071325613
082067,2023,lavoro,T,Y25-49,,TOTAL,ALL,7,353.4978355147499
082067,2024,lavoro,T,Y25-49,,TOTAL,ALL,7,364.3128524449169
082067,2018,lavoro,T,Y25-49,,TOTAL,ALL,99,3660.0
082067,2019,lavoro,T,Y25-49,,TOTAL,ALL,99,3620.0
082067,2020,lavoro,T,Y25-49,,TOTAL,ALL,99,3499.0
082067,2021,lavoro,T,Y25-49,,TOTAL,ALL,99,3502.0
082067,2022,lavoro,T,Y25-49,,TOTAL,ALL,99,3499.0
082067,2023,lavoro,T,Y25-49,,TOTAL,ALL,99,3430.0
082067,2024,lavoro,T,Y25-49,,TOTAL,ALL,99,3416.0
082067,2018,lavoro,T,Y50-64,,TOTAL,ALL,1,1008.0
082067,2019,lavoro,T,Y50-64,,TOTAL,ALL,1,987.0
082067,2021,lavoro,T,Y50-64,,TOTAL,ALL,1,1088.0
082067,2022,lavoro,T,Y50-64,,TOTAL,ALL,1,1101.0
082067,2023,lavoro,T,Y50-64,,TOTAL,ALL,1,1210.0
082067,2024,lavoro,T,Y50-64,,TOTAL,ALL,1,1259.0
082067,2018,lavoro,T,Y50-64,,TOTAL,ALL,12,237.0
082067,2019,lavoro,T,Y50-64,,TOTAL,ALL,12,277.0
082067,2021,lavoro,T,Y50-64,,TOTAL,ALL,12,147.009926829161
082067,2022,lavoro,T,Y50-64,,TOTAL,ALL,12,131.891579226088
082067,2023,lavoro,T,Y50-64,,TOTAL,ALL,12,138.03180525835282
082067,2024,lavoro,T,Y50-64,,TOTAL,ALL,12,113.17693830682812
082067,2018,lavoro,T,Y50-64,,TOTAL,ALL,22,1245.0
082067,2019,lavoro,T,Y50-64,,TOTAL,ALL,22,1264.0
082067,2021,lavoro,T,Y50-64,,TOTAL,ALL,22,1235.00992682916
082067,2022,lavoro,T,Y50-64,,TOTAL,ALL,22,1232.89157922609
082067,2023,lavoro,T,Y50-64,,TOTAL,ALL,22,1348.0318052583527
082067,2024,lavoro,T,Y50-64,,TOTAL,ALL,22,1372.176938306828
082067,2018,lavoro,T,Y50-64,,TOTAL,ALL,23,1063.0
082067,2019,lavoro,T,Y50-64,,TOTAL,ALL,23,1077.0
082067,2021,lavoro,T,Y50-64,,TOTAL,ALL,23,1176.99007317084
082067,2022,lavoro,T,Y50-64,,TOTAL,ALL,23,1167.10842077391
082067,2023,lavoro,T,Y50-64,,TOTAL,ALL,23,1115.9681947416475
082067,2024,lavoro,T,Y50-64,,TOTAL,ALL,23,1112.823061693172
082067,2018,lavoro,T,Y50-64,,TOTAL,ALL,24,123.0
082067,2019,lavoro,T,Y50-64,,TOTAL,ALL,24,150.0
082067,2021,lavoro,T,Y50-64,,TOTAL,ALL,24,146.997848475293
082067,2022,lavoro,T,Y50-64,,TOTAL,ALL,24,114.558557416997
082067,2023,lavoro,T,Y50-64,,TOTAL,ALL,24,100.50294899528434
082067,2024,lavoro,T,Y50-64,,TOTAL,ALL,24,102.21351894623989
082067,2018,lavoro,T,Y50-64,,TOTAL,ALL,4,700.0
082067,2019,lavoro,T,Y50-64,,TOTAL,ALL,4,710.0
082067,2021,lavoro,T,Y50-64,,TOTAL,ALL,4,758.395841402699
082067,2022,lavoro,T,Y50-64,,TOTAL,ALL,4,756.252873913368
082067,2023,lavoro,T,Y50-64,,TOTAL,ALL,4,721.4322090009063
082067,2024,lavoro,T,Y50-64,,TOTAL,ALL,4,714.3739339725647
082067,2018,lavoro,T,Y50-64,,TOTAL,ALL,5,1.0
082067,2019,lavoro,T,Y50-64,,TOTAL,ALL,5,1.0
082067,2021,lavoro,T,Y50-64,,TOTAL,ALL,5,2.71599424668655
082067,2022,lavoro,T,Y50-64,,TOTAL,ALL,5,3.00880306163496
082067,2023,lavoro,T,Y50-64,,TOTAL,ALL,5,2.538531461173928
082067,2024,lavoro,T,Y50-64,,TOTAL,ALL,5,3.969416258076056
082067,2018,lavoro,T,Y50-64,,TOTAL,ALL,7,239.0
082067,2019,lavoro,T,Y50-64,,TOTAL,ALL,7,216.0
082067,2021,lavoro,T,Y50-64,,TOTAL,ALL,7,268.880389046161
082067,2022,lavoro,T,Y50-64,,TOTAL,ALL,7,293.288186381912
082067,2023,lavoro,T,Y50-64,,TOTAL,ALL,7,291.49450528428304
082067,2024,lavoro,T,Y50-64,,TOTAL,ALL,7,292.2661925162912
082067,2018,lavoro,T,Y50-64,,TOTAL,ALL,99,2308.0
082067,2019,lavoro,T,Y50-64,,TOTAL,ALL,99,2341.0
082067,2020,lavoro,T,Y50-64,,TOTAL,ALL,99,2325.0
082067,2021,lavoro,T,Y50-64,,TOTAL,ALL,99,2412.0
082067,2022,lavoro,T,Y50-64,,TOTAL,ALL,99,2400.0
082067,2023,lavoro,T,Y50-64,,TOTAL,ALL,99,2464.0
082067,2024,lavoro,T,Y50-64,,TOTAL,ALL,99,2485.0
082079,2018,lavoro,F,Y_GE15,,TOTAL,ALL,1,1438.0
082079,2019,lavoro,F,Y_GE15,,TOTAL,ALL,1,1516.0
082079,2021,lavoro,F,Y_GE15,,TOTAL,ALL,1,1639.0
082079,2022,lavoro,F,Y_GE15,,TOTAL,ALL,1,1659.0
082079,2023,lavoro,F,Y_GE15,,TOTAL,ALL,1,1703.0
082079,2024,lavoro,F,Y_GE15,,TOTAL,ALL,1,1825.0
082079,2018,lavoro,F,Y_GE15,,TOTAL,ALL,12,993.0
082079,2019,lavoro,F,Y_GE15,,TOTAL,ALL,12,1005.0
082079,2021,lavoro,F,Y_GE15,,TOTAL,ALL,12,537.361869931535
082079,2022,lavoro,F,Y_GE15,,TOTAL,ALL,12,605.435222410825
082079,2023,lavoro,F,Y_GE15,,TOTAL,ALL,12,583.3746823404233
082079,2024,lavoro,F,Y_GE15,,TOTAL,ALL,12,487.3702175386639
082079,2018,lavoro,F,Y_GE15,,TOTAL,ALL,22,2431.0
082079,2019,lavoro,F,Y_GE15,,TOTAL,ALL,22,2521.0
082079,2021,lavoro,F,Y_GE15,,TOTAL,ALL,22,2176.36186993153
082079,2022,lavoro,F,Y_GE15,,TOTAL,ALL,22,2264.43522241083
082079,2023,lavoro,F,Y_GE15,,TOTAL,ALL,22,2286.3746823404235
082079,2024,lavoro,F,Y_GE15,,TOTAL,ALL,22,2312.370217538664
082079,2018,lavoro,F,Y_GE15,,TOTAL,ALL,23,5868.0
082079,2019,lavoro,F,Y_GE15,,TOTAL,ALL,23,5777.0
082079,2021,lavoro,F,Y_GE15,,TOTAL,ALL,23,6137.63813006847
082079,2022,lavoro,F,Y_GE15,,TOTAL,ALL,23,6067.56477758918
082079,2023,lavoro,F,Y_GE15,,TOTAL,ALL,23,6043.6253176595765
082079,2024,lavoro,F,Y_GE15,,TOTAL,ALL,23,6079.629782461337
082079,2018,lavoro,F,Y_GE15,,TOTAL,ALL,24,753.0
082079,2019,lavoro,F,Y_GE15,,TOTAL,ALL,24,745.0
082079,2021,lavoro,F,Y_GE15,,TOTAL,ALL,24,840.936208090521
082079,2022,lavoro,F,Y_GE15,,TOTAL,ALL,24,683.114540020851
082079,2023,lavoro,F,Y_GE15,,TOTAL,ALL,24,654.1821251454688
082079,2024,lavoro,F,Y_GE15,,TOTAL,ALL,24,823.1677617032087
082079,2018,lavoro,F,Y_GE15,,TOTAL,ALL,4,3769.0
082079,2019,lavoro,F,Y_GE15,,TOTAL,ALL,4,3803.0
082079,2021,lavoro,F,Y_GE15,,TOTAL,ALL,4,3964.6214588802
082079,2022,lavoro,F,Y_GE15,,TOTAL,ALL,4,3864.48509112289
082079,2023,lavoro,F,Y_GE15,,TOTAL,ALL,4,3904.550163902788
082079,2024,lavoro,F,Y_GE15,,TOTAL,ALL,4,3731.362490954904
082079,2018,lavoro,F,Y_GE15,,TOTAL,ALL,5,709.0
082079,2019,lavoro,F,Y_GE15,,TOTAL,ALL,5,708.0
082079,2021,lavoro,F,Y_GE15,,TOTAL,ALL,5,737.877824654852
082079,2022,lavoro,F,Y_GE15,,TOTAL,ALL,5,771.438575126982
082079,2023,lavoro,F,Y_GE15,,TOTAL,ALL,5,692.9964416922329
082079,2024,lavoro,F,Y_GE15,,TOTAL,ALL,5,769.8531054776375
082079,2018,lavoro,F,Y_GE15,,TOTAL,ALL,7,637.0
082079,2019,lavoro,F,Y_GE15,,TOTAL,ALL,7,522.0
082079,2021,lavoro,F,Y_GE15,,TOTAL,ALL,7,594.202638442891
082079,2022,lavoro,F,Y_GE15,,TOTAL,ALL,7,748.52657131845
082079,2023,lavoro,F,Y_GE15,,TOTAL,ALL,7,791.8965869190872
082079,2024,lavoro,F,Y_GE15,,TOTAL,ALL,7,755.2464243255863
082079,2018,lavoro,F,Y_GE15,,TOTAL,ALL,99,8298.0
082079,2019,lavoro,F,Y_GE15,,TOTAL,ALL,99,8297.0
082079,2021,lavoro,F,Y_GE15,,TOTAL,ALL,99,8314.0
082079,2022,lavoro,F,Y_GE15,,TOTAL,ALL,99,8332.0
082079,2023,lavoro,F,Y_GE15,,TOTAL,ALL,99,8330.0
082079,2024,lavoro,F,Y_GE15,,TOTAL,ALL,99,8392.0
082079,2018,lavoro,F,Y_GE65,,TOTAL,ALL,1,38.0
082079,2019,lavoro,F,Y_GE65,,TOTAL,ALL,1,40.0
082079,2021,lavoro,F,Y_GE65,,TOTAL,ALL,1,35.0
082079,2022,lavoro,F,Y_GE65,,TOTAL,ALL,1,38.0
082079,2023,lavoro,F,Y_GE65,,TOTAL,ALL,1,43.0
082079,2024,lavoro,F,Y_GE65,,TOTAL,ALL,1,47.0
082079,2018,lavoro,F,Y_GE65,,TOTAL,ALL,12,8.0
082079,2019,lavoro,F,Y_GE65,,TOTAL,ALL,12,9.0
082079,2021,lavoro,F,Y_GE65,,TOTAL,ALL,12,5.43348501077738
082079,2022,lavoro,F,Y_GE65,,TOTAL,ALL,12,3.9812642033966
082079,2023,lavoro,F,Y_GE65,,TOTAL,ALL,12,4.881178325287715
082079,2024,lavoro,F,Y_GE65,,TOTAL,ALL,12,4.385414203975471
082079,2018,lavoro,F,Y_GE65,,TOTAL,ALL,22,46.0
082079,2019,lavoro,F,Y_GE65,,TOTAL,ALL,22,49.0
082079,2021,lavoro,F,Y_GE65,,TOTAL,ALL,22,40.4334850107774
082079,2022,lavoro,F,Y_GE65,,TOTAL,ALL,22,41.9812642033966
082079,2023,lavoro,F,Y_GE65,,TOTAL,ALL,22,47.88117832528771
082079,2024,lavoro,F,Y_GE65,,TOTAL,ALL,22,51.38541420397547
082079,2018,lavoro,F,Y_GE65,,TOTAL,ALL,23,1539.0
082079,2019,lavoro,F,Y_GE65,,TOTAL,ALL,23,1603.0
082079,2021,lavoro,F,Y_GE65,,TOTAL,ALL,23,1681.56651498922
082079,2022,lavoro,F,Y_GE65,,TOTAL,ALL,23,1715.0187357966
082079,2023,lavoro,F,Y_GE65,,TOTAL,ALL,23,1749.118821674712
082079,2024,lavoro,F,Y_GE65,,TOTAL,ALL,23,1826.6145857960248
082079,2018,lavoro,F,Y_GE65,,TOTAL,ALL,24,686.0
082079,2019,lavoro,F,Y_GE65,,TOTAL,ALL,24,684.0
082079,2021,lavoro,F,Y_GE65,,TOTAL,ALL,24,767.442472988626
082079,2022,lavoro,F,Y_GE65,,TOTAL,ALL,24,637.725893953565
082079,2023,lavoro,F,Y_GE65,,TOTAL,ALL,24,609.152785223987
082079,2024,lavoro,F,Y_GE65,,TOTAL,ALL,24,765.8560103478686
082079,2018,lavoro,F,Y_GE65,,TOTAL,ALL,4,610.0
082079,2019,lavoro,F,Y_GE65,,TOTAL,ALL,4,696.0
082079,2021,lavoro,F,Y_GE65,,TOTAL,ALL,4,694.616174601994
082079,2022,lavoro,F,Y_GE65,,TOTAL,ALL,4,766.151818954501
082079,2023,lavoro,F,Y_GE65,,TOTAL,ALL,4,799.9343658293928
082079,2024,lavoro,F,Y_GE65,,TOTAL,ALL,4,762.133462294197
082079,2018,lavoro,F,Y_GE65,,TOTAL,ALL,5,0.0
082079,2019,lavoro,F,Y_GE65,,TOTAL,ALL,5,0.0
082079,2021,lavoro,F,Y_GE65,,TOTAL,ALL,5,1.20223013113761e-05
082079,2022,lavoro,F,Y_GE65,,TOTAL,ALL,5,0.304296888502517
082079,2023,lavoro,F,Y_GE65,,TOTAL,ALL,5,0.463325921615467
082079,2024,lavoro,F,Y_GE65,,TOTAL,ALL,5,0.272327649979489
082079,2018,lavoro,F,Y_GE65,,TOTAL,ALL,7,243.0
082079,2019,lavoro,F,Y_GE65,,TOTAL,ALL,7,223.0
082079,2021,lavoro,F,Y_GE65,,TOTAL,ALL,7,219.507855376302
082079,2022,lavoro,F,Y_GE65,,TOTAL,ALL,7,310.836726000035
082079,2023,lavoro,F,Y_GE65,,TOTAL,ALL,7,339.56834469971665
082079,2024,lavoro,F,Y_GE65,,TOTAL,ALL,7,298.3527855039795
082079,2018,lavoro,F,Y_GE65,,TOTAL,ALL,99,1585.0
082079,2019,lavoro,F,Y_GE65,,TOTAL,ALL,99,1652.0
082079,2020,lavoro,F,Y_GE65,,TOTAL,ALL,99,1721.0
082079,2021,lavoro,F,Y_GE65,,TOTAL,ALL,99,1722.0
082079,2022,lavoro,F,Y_GE65,,TOTAL,ALL,99,1757.0
082079,2023,lavoro,F,Y_GE65,,TOTAL,ALL,99,1797.0
082079,2024,lavoro,F,Y_GE65,,TOTAL,ALL,99,1878.0
082079,2018,lavoro,F,Y15-24,,TOTAL,ALL,1,64.0
082079,2019,lavoro,F,Y15-24,,TOTAL,ALL,1,76.0
082079,2021,lavoro,F,Y15-24,,TOTAL,ALL,1,68.0
082079,2022,lavoro,F,Y15-24,,TOTAL,ALL,1,98.0
082079,2023,lavoro,F,Y15-24,,TOTAL,ALL,1,112.0
082079,2024,lavoro,F,Y15-24,,TOTAL,ALL,1,107.0
082079,2018,lavoro,F,Y15-24,,TOTAL,ALL,12,235.0
082079,2019,lavoro,F,Y15-24,,TOTAL,ALL,12,226.0
082079,2021,lavoro,F,Y15-24,,TOTAL,ALL,12,118.810950374343
082079,2022,lavoro,F,Y15-24,,TOTAL,ALL,12,127.421136262997
082079,2023,lavoro,F,Y15-24,,TOTAL,ALL,12,131.44722189421333
082079,2024,lavoro,F,Y15-24,,TOTAL,ALL,12,99.0312309107885
082079,2018,lavoro,F,Y15-24,,TOTAL,ALL,22,299.0
082079,2019,lavoro,F,Y15-24,,TOTAL,ALL,22,302.0
082079,2021,lavoro,F,Y15-24,,TOTAL,ALL,22,186.810950374343
082079,2022,lavoro,F,Y15-24,,TOTAL,ALL,22,225.421136262997
082079,2023,lavoro,F,Y15-24,,TOTAL,ALL,22,243.44722189421333
082079,2024,lavoro,F,Y15-24,,TOTAL,ALL,22,206.03123091078848
082079,2018,lavoro,F,Y15-24,,TOTAL,ALL,23,908.0
082079,2019,lavoro,F,Y15-24,,TOTAL,ALL,23,862.0
082079,2021,lavoro,F,Y15-24,,TOTAL,ALL,23,935.189049625657
082079,2022,lavoro,F,Y15-24,,TOTAL,ALL,23,885.578863737002
082079,2023,lavoro,F,Y15-24,,TOTAL,ALL,23,870.5527781057868
082079,2024,lavoro,F,Y15-24,,TOTAL,ALL,23,923.9687690892116
082079,2018,lavoro,F,Y15-24,,TOTAL,ALL,24,1.0
082079,2019,lavoro,F,Y15-24,,TOTAL,ALL,24,1.0
082079,2021,lavoro,F,Y15-24,,TOTAL,ALL,24,0.751234929113171
082079,2022,lavoro,F,Y15-24,,TOTAL,ALL,24,0.60138375417209
082079,2023,lavoro,F,Y15-24,,TOTAL,ALL,24,0.5056697820514623
082079,2024,lavoro,F,Y15-24,,TOTAL,ALL,24,0.9096720419391614
082079,2018,lavoro,F,Y15-24,,TOTAL,ALL,4,204.0
082079,2019,lavoro,F,Y15-24,,TOTAL,ALL,4,193.0
082079,2021,lavoro,F,Y15-24,,TOTAL,ALL,4,232.002285583344
082079,2022,lavoro,F,Y15-24,,TOTAL,ALL,4,168.491247210738
082079,2023,lavoro,F,Y15-24,,TOTAL,ALL,4,193.7290930708799
082079,2024,lavoro,F,Y15-24,,TOTAL,ALL,4,182.0677226787444
082079,2018,lavoro,F,Y15-24,,TOTAL,ALL,5,616.0
082079,2019,lavoro,F,Y15-24,,TOTAL,ALL,5,616.0
082079,2021,lavoro,F,Y15-24,,TOTAL,ALL,5,638.016700247631
082079,2022,lavoro,F,Y15-24,,TOTAL,ALL,5,651.015271987669
082079,2023,lavoro,F,Y15-24,,TOTAL,ALL,5,608.1827605781002
082079,2024,lavoro,F,Y15-24,,TOTAL,ALL,5,668.6398690918382
082079,2018,lavoro,F,Y15-24,,TOTAL,ALL,7,87.0
082079,2019,lavoro,F,Y15-24,,TOTAL,ALL,7,52.0
082079,2021,lavoro,F,Y15-24,,TOTAL,ALL,7,64.4188288655693
082079,2022,lavoro,F,Y15-24,,TOTAL,ALL,7,65.4709607844237
082079,2023,lavoro,F,Y15-24,,TOTAL,ALL,7,68.13525467475517
082079,2024,lavoro,F,Y15-24,,TOTAL,ALL,7,72.35150527668979
082079,2018,lavoro,F,Y15-24,,TOTAL,ALL,99,1207.0
082079,2019,lavoro,F,Y15-24,,TOTAL,ALL,99,1164.0
082079,2021,lavoro,F,Y15-24,,TOTAL,ALL,99,1122.0
082079,2022,lavoro,F,Y15-24,,TOTAL,ALL,99,1111.0
082079,2023,lavoro,F,Y15-24,,TOTAL,ALL,99,1114.0000000000002
082079,2024,lavoro,F,Y15-24,,TOTAL,ALL,99,1130.0
082079,2018,lavoro,F,Y25-49,,TOTAL,ALL,1,946.0
082079,2019,lavoro,F,Y25-49,,TOTAL,ALL,1,972.0
082079,2021,lavoro,F,Y25-49,,TOTAL,ALL,1,1095.0
082079,2022,lavoro,F,Y25-49,,TOTAL,ALL,1,1079.0
082079,2023,lavoro,F,Y25-49,,TOTAL,ALL,1,1075.0
082079,2024,lavoro,F,Y25-49,,TOTAL,ALL,1,1136.0
082079,2018,lavoro,F,Y25-49,,TOTAL,ALL,12,606.0
082079,2019,lavoro,F,Y25-49,,TOTAL,ALL,12,610.0
082079,2021,lavoro,F,Y25-49,,TOTAL,ALL,12,326.981302010596
082079,2022,lavoro,F,Y25-49,,TOTAL,ALL,12,371.421267936197
082079,2023,lavoro,F,Y25-49,,TOTAL,ALL,12,334.3160332324001
082079,2024,lavoro,F,Y25-49,,TOTAL,ALL,12,284.00555522495824
082079,2018,lavoro,F,Y25-49,,TOTAL,ALL,22,1552.0
082079,2019,lavoro,F,Y25-49,,TOTAL,ALL,22,1582.0
082079,2021,lavoro,F,Y25-49,,TOTAL,ALL,22,1421.9813020106
082079,2022,lavoro,F,Y25-49,,TOTAL,ALL,22,1450.4212679362
082079,2023,lavoro,F,Y25-49,,TOTAL,ALL,22,1409.3160332324
082079,2024,lavoro,F,Y25-49,,TOTAL,ALL,22,1420.0055552249582
082079,2018,lavoro,F,Y25-49,,TOTAL,ALL,23,2032.0
082079,2019,lavoro,F,Y25-49,,TOTAL,ALL,23,1944.0
082079,2021,lavoro,F,Y25-49,,TOTAL,ALL,23,2054.0186979894
082079,2022,lavoro,F,Y25-49,,TOTAL,ALL,23,1944.5787320638
082079,2023,lavoro,F,Y25-49,,TOTAL,ALL,23,1892.6839667675997
082079,2024,lavoro,F,Y25-49,,TOTAL,ALL,23,1800.994444775042
082079,2018,lavoro,F,Y25-49,,TOTAL,ALL,24,15.0
082079,2019,lavoro,F,Y25-49,,TOTAL,ALL,24,14.0
082079,2021,lavoro,F,Y25-49,,TOTAL,ALL,24,15.0410440156461
082079,2022,lavoro,F,Y25-49,,TOTAL,ALL,24,9.89850553872956
082079,2023,lavoro,F,Y25-49,,TOTAL,ALL,24,9.250291854029284
082079,2024,lavoro,F,Y25-49,,TOTAL,ALL,24,13.6932321836123
082079,2018,lavoro,F,Y25-49,,TOTAL,ALL,4,1727.0
082079,2019,lavoro,F,Y25-49,,TOTAL,ALL,4,1685.0
082079,2021,lavoro,F,Y25-49,,TOTAL,ALL,4,1747.17816673406
082079,2022,lavoro,F,Y25-49,,TOTAL,ALL,4,1601.60857083074
082079,2023,lavoro,F,Y25-49,,TOTAL,ALL,4,1584.7132581899425
082079,2024,lavoro,F,Y25-49,,TOTAL,ALL,4,1472.8702364237424
082079,2018,lavoro,F,Y25-49,,TOTAL,ALL,5,92.0
082079,2019,lavoro,F,Y25-49,,TOTAL,ALL,5,91.0
082079,2021,lavoro,F,Y25-49,,TOTAL,ALL,5,98.248542431558
082079,2022,lavoro,F,Y25-49,,TOTAL,ALL,5,117.327778993348
082079,2023,lavoro,F,Y25-49,,TOTAL,ALL,5,82.03844120989841
082079,2024,lavoro,F,Y25-49,,TOTAL,ALL,5,96.75577588492338
082079,2018,lavoro,F,Y25-49,,TOTAL,ALL,7,198.0
082079,2019,lavoro,F,Y25-49,,TOTAL,ALL,7,154.0
082079,2021,lavoro,F,Y25-49,,TOTAL,ALL,7,193.550944808137
082079,2022,lavoro,F,Y25-49,,TOTAL,ALL,7,215.743876700982
082079,2023,lavoro,F,Y25-49,,TOTAL,ALL,7,216.68197551372955
082079,2024,lavoro,F,Y25-49,,TOTAL,ALL,7,217.6752002827638
082079,2018,lavoro,F,Y25-49,,TOTAL,ALL,99,3584.0
082079,2019,lavoro,F,Y25-49,,TOTAL,ALL,99,3526.0
082079,2020,lavoro,F,Y25-49,,TOTAL,ALL,99,3490.0
082079,2021,lavoro,F,Y25-49,,TOTAL,ALL,99,3476.0
082079,2022,lavoro,F,Y25-49,,TOTAL,ALL,99,3395.0
082079,2023,lavoro,F,Y25-49,,TOTAL,ALL,99,3302.0
082079,2024,lavoro,F,Y25-49,,TOTAL,ALL,99,3221.0
082079,2018,lavoro,F,Y50-64,,TOTAL,ALL,1,389.0
082079,2019,lavoro,F,Y50-64,,TOTAL,ALL,1,428.0
082079,2021,lavoro,F,Y50-64,,TOTAL,ALL,1,441.0
082079,2022,lavoro,F,Y50-64,,TOTAL,ALL,1,444.0
082079,2023,lavoro,F,Y50-64,,TOTAL,ALL,1,473.0
082079,2024,lavoro,F,Y50-64,,TOTAL,ALL,1,535.0
082079,2018,lavoro,F,Y50-64,,TOTAL,ALL,12,144.0
082079,2019,lavoro,F,Y50-64,,TOTAL,ALL,12,159.0
082079,2021,lavoro,F,Y50-64,,TOTAL,ALL,12,86.1361325358183
082079,2022,lavoro,F,Y50-64,,TOTAL,ALL,12,102.611554008234
082079,2023,lavoro,F,Y50-64,,TOTAL,ALL,12,112.73024888852215
082079,2024,lavoro,F,Y50-64,,TOTAL,ALL,12,99.94801719894171
082079,2018,lavoro,F,Y50-64,,TOTAL,ALL,22,533.0
082079,2019,lavoro,F,Y50-64,,TOTAL,ALL,22,587.0
082079,2021,lavoro,F,Y50-64,,TOTAL,ALL,22,527.136132535818
082079,2022,lavoro,F,Y50-64,,TOTAL,ALL,22,546.611554008234
082079,2023,lavoro,F,Y50-64,,TOTAL,ALL,22,585.7302488885222
082079,2024,lavoro,F,Y50-64,,TOTAL,ALL,22,634.9480171989417
082079,2018,lavoro,F,Y50-64,,TOTAL,ALL,23,1389.0
082079,2019,lavoro,F,Y50-64,,TOTAL,ALL,23,1368.0
082079,2021,lavoro,F,Y50-64,,TOTAL,ALL,23,1466.86386746418
082079,2022,lavoro,F,Y50-64,,TOTAL,ALL,23,1522.38844599177
082079,2023,lavoro,F,Y50-64,,TOTAL,ALL,23,1531.269751111478
082079,2024,lavoro,F,Y50-64,,TOTAL,ALL,23,1528.051982801058
082079,2018,lavoro,F,Y50-64,,TOTAL,ALL,24,51.0
082079,2019,lavoro,F,Y50-64,,TOTAL,ALL,24,45.0
082079,2021,lavoro,F,Y50-64,,TOTAL,ALL,24,57.7014561571363
082079,2022,lavoro,F,Y50-64,,TOTAL,ALL,24,34.8887567743838
082079,2023,lavoro,F,Y50-64,,TOTAL,ALL,24,35.27337828540102
082079,2024,lavoro,F,Y50-64,,TOTAL,ALL,24,42.70884712978867
082079,2018,lavoro,F,Y50-64,,TOTAL,ALL,4,1228.0
082079,2019,lavoro,F,Y50-64,,TOTAL,ALL,4,1229.0
082079,2021,lavoro,F,Y50-64,,TOTAL,ALL,4,1290.8248319608
082079,2022,lavoro,F,Y50-64,,TOTAL,ALL,4,1328.23345412691
082079,2023,lavoro,F,Y50-64,,TOTAL,ALL,4,1326.1734468125724
082079,2024,lavoro,F,Y50-64,,TOTAL,ALL,4,1314.2910695582198
082079,2018,lavoro,F,Y50-64,,TOTAL,ALL,5,1.0
082079,2019,lavoro,F,Y50-64,,TOTAL,ALL,5,1.0
082079,2021,lavoro,F,Y50-64,,TOTAL,ALL,5,1.61256995336165
082079,2022,lavoro,F,Y50-64,,TOTAL,ALL,5,2.79122725746229
082079,2023,lavoro,F,Y50-64,,TOTAL,ALL,5,2.31191398261872
082079,2024,lavoro,F,Y50-64,,TOTAL,ALL,5,4.185132850896417
082079,2018,lavoro,F,Y50-64,,TOTAL,ALL,7,109.0
082079,2019,lavoro,F,Y50-64,,TOTAL,ALL,7,93.0
082079,2021,lavoro,F,Y50-64,,TOTAL,ALL,7,116.725009392883
082079,2022,lavoro,F,Y50-64,,TOTAL,ALL,7,156.475007833009
082079,2023,lavoro,F,Y50-64,,TOTAL,ALL,7,167.5110120308858
082079,2024,lavoro,F,Y50-64,,TOTAL,ALL,7,166.8669332621532
082079,2018,lavoro,F,Y50-64,,TOTAL,ALL,99,1922.0
082079,2019,lavoro,F,Y50-64,,TOTAL,ALL,99,1955.0
082079,2020,lavoro,F,Y50-64,,TOTAL,ALL,99,1937.0
082079,2021,lavoro,F,Y50-64,,TOTAL,ALL,99,1994.0
082079,2022,lavoro,F,Y50-64,,TOTAL,ALL,99,2069.0
082079,2023,lavoro,F,Y50-64,,TOTAL,ALL,99,2117.0
082079,2024,lavoro,F,Y50-64,,TOTAL,ALL,99,2163.0
082079,2018,lavoro,M,Y_GE15,,TOTAL,ALL,1,3386.0
082079,2019,lavoro,M,Y_GE15,,TOTAL,ALL,1,3460.0
082079,2021,lavoro,M,Y_GE15,,TOTAL,ALL,1,3682.0
082079,2022,lavoro,M,Y_GE15,,TOTAL,ALL,1,3635.0
082079,2023,lavoro,M,Y_GE15,,TOTAL,ALL,1,3642.0
082079,2024,lavoro,M,Y_GE15,,TOTAL,ALL,1,3752.0
082079,2018,lavoro,M,Y_GE15,,TOTAL,ALL,12,1312.0
082079,2019,lavoro,M,Y_GE15,,TOTAL,ALL,12,1338.0
082079,2021,lavoro,M,Y_GE15,,TOTAL,ALL,12,759.468529486996
082079,2022,lavoro,M,Y_GE15,,TOTAL,ALL,12,770.486160533833
082079,2023,lavoro,M,Y_GE15,,TOTAL,ALL,12,712.7979699535599
082079,2024,lavoro,M,Y_GE15,,TOTAL,ALL,12,585.1040724962115
082079,2018,lavoro,M,Y_GE15,,TOTAL,ALL,22,4698.0
082079,2019,lavoro,M,Y_GE15,,TOTAL,ALL,22,4798.0
082079,2021,lavoro,M,Y_GE15,,TOTAL,ALL,22,4441.468529487
082079,2022,lavoro,M,Y_GE15,,TOTAL,ALL,22,4405.48616053383
082079,2023,lavoro,M,Y_GE15,,TOTAL,ALL,22,4354.79796995356
082079,2024,lavoro,M,Y_GE15,,TOTAL,ALL,22,4337.104072496211
082079,2018,lavoro,M,Y_GE15,,TOTAL,ALL,23,3034.0
082079,2019,lavoro,M,Y_GE15,,TOTAL,ALL,23,2986.0
082079,2021,lavoro,M,Y_GE15,,TOTAL,ALL,23,3404.531470513
082079,2022,lavoro,M,Y_GE15,,TOTAL,ALL,23,3403.51383946617
082079,2023,lavoro,M,Y_GE15,,TOTAL,ALL,23,3412.20203004644
082079,2024,lavoro,M,Y_GE15,,TOTAL,ALL,23,3445.895927503788
082079,2018,lavoro,M,Y_GE15,,TOTAL,ALL,24,1155.0
082079,2019,lavoro,M,Y_GE15,,TOTAL,ALL,24,1210.0
082079,2021,lavoro,M,Y_GE15,,TOTAL,ALL,24,1294.1566710916
082079,2022,lavoro,M,Y_GE15,,TOTAL,ALL,24,1192.59183388296
082079,2023,lavoro,M,Y_GE15,,TOTAL,ALL,24,1147.499728978185
082079,2024,lavoro,M,Y_GE15,,TOTAL,ALL,24,1310.8926831896897
082079,2018,lavoro,M,Y_GE15,,TOTAL,ALL,4,208.0
082079,2019,lavoro,M,Y_GE15,,TOTAL,ALL,4,225.0
082079,2021,lavoro,M,Y_GE15,,TOTAL,ALL,4,362.959933585203
082079,2022,lavoro,M,Y_GE15,,TOTAL,ALL,4,329.602935229764
082079,2023,lavoro,M,Y_GE15,,TOTAL,ALL,4,376.87315227265657
082079,2024,lavoro,M,Y_GE15,,TOTAL,ALL,4,301.23433711085465
082079,2018,lavoro,M,Y_GE15,,TOTAL,ALL,5,620.0
082079,2019,lavoro,M,Y_GE15,,TOTAL,ALL,5,660.0
082079,2021,lavoro,M,Y_GE15,,TOTAL,ALL,5,680.509827813391
082079,2022,lavoro,M,Y_GE15,,TOTAL,ALL,5,703.782291699899
082079,2023,lavoro,M,Y_GE15,,TOTAL,ALL,5,649.2400223651484
082079,2024,lavoro,M,Y_GE15,,TOTAL,ALL,5,668.995574269451
082079,2018,lavoro,M,Y_GE15,,TOTAL,ALL,7,1051.0
082079,2019,lavoro,M,Y_GE15,,TOTAL,ALL,7,892.0
082079,2021,lavoro,M,Y_GE15,,TOTAL,ALL,7,1066.90503802281
082079,2022,lavoro,M,Y_GE15,,TOTAL,ALL,7,1177.53677865355
082079,2023,lavoro,M,Y_GE15,,TOTAL,ALL,7,1238.58912643045
082079,2024,lavoro,M,Y_GE15,,TOTAL,ALL,7,1164.7733329337932
082079,2018,lavoro,M,Y_GE15,,TOTAL,ALL,99,7731.0
082079,2019,lavoro,M,Y_GE15,,TOTAL,ALL,99,7783.0
082079,2021,lavoro,M,Y_GE15,,TOTAL,ALL,99,7846.0
082079,2022,lavoro,M,Y_GE15,,TOTAL,ALL,99,7809.0
082079,2023,lavoro,M,Y_GE15,,TOTAL,ALL,99,7767.0
082079,2024,lavoro,M,Y_GE15,,TOTAL,ALL,99,7783.0
082079,2018,lavoro,M,Y_GE65,,TOTAL,ALL,1,98.0
082079,2019,lavoro,M,Y_GE65,,TOTAL,ALL,1,115.0
082079,2021,lavoro,M,Y_GE65,,TOTAL,ALL,1,105.0
082079,2022,lavoro,M,Y_GE65,,TOTAL,ALL,1,121.0
082079,2023,lavoro,M,Y_GE65,,TOTAL,ALL,1,141.0
082079,2024,lavoro,M,Y_GE65,,TOTAL,ALL,1,141.0
082079,2018,lavoro,M,Y_GE65,,TOTAL,ALL,12,6.0
082079,2019,lavoro,M,Y_GE65,,TOTAL,ALL,12,9.0
082079,2021,lavoro,M,Y_GE65,,TOTAL,ALL,12,4.30496833579736
082079,2022,lavoro,M,Y_GE65,,TOTAL,ALL,12,2.92414992400122
082079,2023,lavoro,M,Y_GE65,,TOTAL,ALL,12,2.8122474605763874
082079,2024,lavoro,M,Y_GE65,,TOTAL,ALL,12,3.2169032970545075
082079,2018,lavoro,M,Y_GE65,,TOTAL,ALL,22,104.0
082079,2019,lavoro,M,Y_GE65,,TOTAL,ALL,22,124.0
082079,2021,lavoro,M,Y_GE65,,TOTAL,ALL,22,109.304968335797
082079,2022,lavoro,M,Y_GE65,,TOTAL,ALL,22,123.924149924001
082079,2023,lavoro,M,Y_GE65,,TOTAL,ALL,22,143.8122474605764
082079,2024,lavoro,M,Y_GE65,,TOTAL,ALL,22,144.2169032970545
082079,2018,lavoro,M,Y_GE65,,TOTAL,ALL,23,1189.0
082079,2019,lavoro,M,Y_GE65,,TOTAL,ALL,23,1209.0
082079,2021,lavoro,M,Y_GE65,,TOTAL,ALL,23,1284.6950316642
082079,2022,lavoro,M,Y_GE65,,TOTAL,ALL,23,1327.075850076
082079,2023,lavoro,M,Y_GE65,,TOTAL,ALL,23,1341.187752539424
082079,2024,lavoro,M,Y_GE65,,TOTAL,ALL,23,1420.7830967029456
082079,2018,lavoro,M,Y_GE65,,TOTAL,ALL,24,981.0
082079,2019,lavoro,M,Y_GE65,,TOTAL,ALL,24,1016.0
082079,2021,lavoro,M,Y_GE65,,TOTAL,ALL,24,1087.75874100366
082079,2022,lavoro,M,Y_GE65,,TOTAL,ALL,24,1045.30015532681
082079,2023,lavoro,M,Y_GE65,,TOTAL,ALL,24,1013.3000871626743
082079,2024,lavoro,M,Y_GE65,,TOTAL,ALL,24,1142.826982604354
082079,2018,lavoro,M,Y_GE65,,TOTAL,ALL,4,13.0
082079,2019,lavoro,M,Y_GE65,,TOTAL,ALL,4,18.0
082079,2021,lavoro,M,Y_GE65,,TOTAL,ALL,4,22.8278302647072
082079,2022,lavoro,M,Y_GE65,,TOTAL,ALL,4,30.3159808307751
082079,2023,lavoro,M,Y_GE65,,TOTAL,ALL,4,38.40495935593226
082079,2024,lavoro,M,Y_GE65,,TOTAL,ALL,4,35.410717616595456
082079,2018,lavoro,M,Y_GE65,,TOTAL,ALL,5,0.0
082079,2019,lavoro,M,Y_GE65,,TOTAL,ALL,5,0.0
082079,2021,lavoro,M,Y_GE65,,TOTAL,ALL,5,4.13010774339164e-06
082079,2022,lavoro,M,Y_GE65,,TOTAL,ALL,5,0.105301226595293
082079,2023,lavoro,M,Y_GE65,,TOTAL,ALL,5,0.1287416669244463
082079,2024,lavoro,M,Y_GE65,,TOTAL,ALL,5,0.080483566546415
082079,2018,lavoro,M,Y_GE65,,TOTAL,ALL,7,195.0
082079,2019,lavoro,M,Y_GE65,,TOTAL,ALL,7,175.0
082079,2021,lavoro,M,Y_GE65,,TOTAL,ALL,7,174.108456265731
082079,2022,lavoro,M,Y_GE65,,TOTAL,ALL,7,251.354412691814
082079,2023,lavoro,M,Y_GE65,,TOTAL,ALL,7,289.3539643538927
082079,2024,lavoro,M,Y_GE65,,TOTAL,ALL,7,242.46491291544967
082079,2018,lavoro,M,Y_GE65,,TOTAL,ALL,99,1293.0
082079,2019,lavoro,M,Y_GE65,,TOTAL,ALL,99,1333.0
082079,2020,lavoro,M,Y_GE65,,TOTAL,ALL,99,1381.0
082079,2021,lavoro,M,Y_GE65,,TOTAL,ALL,99,1394.0
082079,2022,lavoro,M,Y_GE65,,TOTAL,ALL,99,1451.0
082079,2023,lavoro,M,Y_GE65,,TOTAL,ALL,99,1485.0
082079,2024,lavoro,M,Y_GE65,,TOTAL,ALL,99,1565.0000000000002
082079,2018,lavoro,M,Y15-24,,TOTAL,ALL,1,149.0
082079,2019,lavoro,M,Y15-24,,TOTAL,ALL,1,153.0
082079,2021,lavoro,M,Y15-24,,TOTAL,ALL,1,180.0
082079,2022,lavoro,M,Y15-24,,TOTAL,ALL,1,185.0
082079,2023,lavoro,M,Y15-24,,TOTAL,ALL,1,207.0
082079,2024,lavoro,M,Y15-24,,TOTAL,ALL,1,222.0
082079,2018,lavoro,M,Y15-24,,TOTAL,ALL,12,249.0
082079,2019,lavoro,M,Y15-24,,TOTAL,ALL,12,272.0
082079,2021,lavoro,M,Y15-24,,TOTAL,ALL,12,152.657383424646
082079,2022,lavoro,M,Y15-24,,TOTAL,ALL,12,164.872824379747
082079,2023,lavoro,M,Y15-24,,TOTAL,ALL,12,175.00177388462563
082079,2024,lavoro,M,Y15-24,,TOTAL,ALL,12,133.83387473001295
082079,2018,lavoro,M,Y15-24,,TOTAL,ALL,22,398.0
082079,2019,lavoro,M,Y15-24,,TOTAL,ALL,22,425.0
082079,2021,lavoro,M,Y15-24,,TOTAL,ALL,22,332.657383424646
082079,2022,lavoro,M,Y15-24,,TOTAL,ALL,22,349.872824379747
082079,2023,lavoro,M,Y15-24,,TOTAL,ALL,22,382.00177388462566
082079,2024,lavoro,M,Y15-24,,TOTAL,ALL,22,355.8338747300129
082079,2018,lavoro,M,Y15-24,,TOTAL,ALL,23,783.0
082079,2019,lavoro,M,Y15-24,,TOTAL,ALL,23,776.0
082079,2021,lavoro,M,Y15-24,,TOTAL,ALL,23,820.342616575354
082079,2022,lavoro,M,Y15-24,,TOTAL,ALL,23,814.127175620253
082079,2023,lavoro,M,Y15-24,,TOTAL,ALL,23,816.9982261153743
082079,2024,lavoro,M,Y15-24,,TOTAL,ALL,23,840.166125269987
082079,2018,lavoro,M,Y15-24,,TOTAL,ALL,24,2.0
082079,2019,lavoro,M,Y15-24,,TOTAL,ALL,24,3.0
082079,2021,lavoro,M,Y15-24,,TOTAL,ALL,24,2.59562351895871
082079,2022,lavoro,M,Y15-24,,TOTAL,ALL,24,2.45467631389316
082079,2023,lavoro,M,Y15-24,,TOTAL,ALL,24,2.617057573443732
082079,2024,lavoro,M,Y15-24,,TOTAL,ALL,24,5.36062002272096
082079,2018,lavoro,M,Y15-24,,TOTAL,ALL,4,13.0
082079,2019,lavoro,M,Y15-24,,TOTAL,ALL,4,20.0
082079,2021,lavoro,M,Y15-24,,TOTAL,ALL,4,32.461092732367
082079,2022,lavoro,M,Y15-24,,TOTAL,ALL,4,18.7750138172474
082079,2023,lavoro,M,Y15-24,,TOTAL,ALL,4,27.10085057606244
082079,2024,lavoro,M,Y15-24,,TOTAL,ALL,4,23.222599067076413
082079,2018,lavoro,M,Y15-24,,TOTAL,ALL,5,567.0
082079,2019,lavoro,M,Y15-24,,TOTAL,ALL,5,607.0
082079,2021,lavoro,M,Y15-24,,TOTAL,ALL,5,623.063324731507
082079,2022,lavoro,M,Y15-24,,TOTAL,ALL,5,632.689184190605
082079,2023,lavoro,M,Y15-24,,TOTAL,ALL,5,600.1961340528363
082079,2024,lavoro,M,Y15-24,,TOTAL,ALL,5,616.2639618205419
082079,2018,lavoro,M,Y15-24,,TOTAL,ALL,7,201.0
082079,2019,lavoro,M,Y15-24,,TOTAL,ALL,7,146.0
082079,2021,lavoro,M,Y15-24,,TOTAL,ALL,7,162.222575592521
082079,2022,lavoro,M,Y15-24,,TOTAL,ALL,7,160.208301298508
082079,2023,lavoro,M,Y15-24,,TOTAL,ALL,7,187.08418391303184
082079,2024,lavoro,M,Y15-24,,TOTAL,ALL,7,195.31894435964773
082079,2018,lavoro,M,Y15-24,,TOTAL,ALL,99,1181.0
082079,2019,lavoro,M,Y15-24,,TOTAL,ALL,99,1201.0
082079,2021,lavoro,M,Y15-24,,TOTAL,ALL,99,1153.0
082079,2022,lavoro,M,Y15-24,,TOTAL,ALL,99,1164.0
082079,2023,lavoro,M,Y15-24,,TOTAL,ALL,99,1199.0
082079,2024,lavoro,M,Y15-24,,TOTAL,ALL,99,1196.0
082079,2018,lavoro,M,Y25-49,,TOTAL,ALL,1,2052.0
082079,2019,lavoro,M,Y25-49,,TOTAL,ALL,1,2045.0
082079,2021,lavoro,M,Y25-49,,TOTAL,ALL,1,2162.0
082079,2022,lavoro,M,Y25-49,,TOTAL,ALL,1,2070.0
082079,2023,lavoro,M,Y25-49,,TOTAL,ALL,1,2032.0
082079,2024,lavoro,M,Y25-49,,TOTAL,ALL,1,2062.0
082079,2018,lavoro,M,Y25-49,,TOTAL,ALL,12,757.0
082079,2019,lavoro,M,Y25-49,,TOTAL,ALL,12,759.0
082079,2021,lavoro,M,Y25-49,,TOTAL,ALL,12,420.116858972093
082079,2022,lavoro,M,Y25-49,,TOTAL,ALL,12,426.665964411058
082079,2023,lavoro,M,Y25-49,,TOTAL,ALL,12,372.5601334678205
082079,2024,lavoro,M,Y25-49,,TOTAL,ALL,12,308.6316770917093
082079,2018,lavoro,M,Y25-49,,TOTAL,ALL,22,2809.0
082079,2019,lavoro,M,Y25-49,,TOTAL,ALL,22,2804.0
082079,2021,lavoro,M,Y25-49,,TOTAL,ALL,22,2582.11685897209
082079,2022,lavoro,M,Y25-49,,TOTAL,ALL,22,2496.66596441106
082079,2023,lavoro,M,Y25-49,,TOTAL,ALL,22,2404.5601334678204
082079,2024,lavoro,M,Y25-49,,TOTAL,ALL,22,2370.631677091709
082079,2018,lavoro,M,Y25-49,,TOTAL,ALL,23,588.0
082079,2019,lavoro,M,Y25-49,,TOTAL,ALL,23,537.0
082079,2021,lavoro,M,Y25-49,,TOTAL,ALL,23,681.883141027907
082079,2022,lavoro,M,Y25-49,,TOTAL,ALL,23,663.334035588942
082079,2023,lavoro,M,Y25-49,,TOTAL,ALL,23,647.4398665321794
082079,2024,lavoro,M,Y25-49,,TOTAL,ALL,23,619.3683229082907
082079,2018,lavoro,M,Y25-49,,TOTAL,ALL,24,34.0
082079,2019,lavoro,M,Y25-49,,TOTAL,ALL,24,39.0
082079,2021,lavoro,M,Y25-49,,TOTAL,ALL,24,41.7873776370423
082079,2022,lavoro,M,Y25-49,,TOTAL,ALL,24,27.3381267831167
082079,2023,lavoro,M,Y25-49,,TOTAL,ALL,24,25.59431445118738
082079,2024,lavoro,M,Y25-49,,TOTAL,ALL,24,42.01339485784578
082079,2018,lavoro,M,Y25-49,,TOTAL,ALL,4,100.0
082079,2019,lavoro,M,Y25-49,,TOTAL,ALL,4,103.0
082079,2021,lavoro,M,Y25-49,,TOTAL,ALL,4,162.118982632014
082079,2022,lavoro,M,Y25-49,,TOTAL,ALL,4,142.189815137048
082079,2023,lavoro,M,Y25-49,,TOTAL,ALL,4,155.8052622692695
082079,2024,lavoro,M,Y25-49,,TOTAL,ALL,4,122.63549507696574
082079,2018,lavoro,M,Y25-49,,TOTAL,ALL,5,52.0
082079,2019,lavoro,M,Y25-49,,TOTAL,ALL,5,52.0
082079,2021,lavoro,M,Y25-49,,TOTAL,ALL,5,56.4010209275667
082079,2022,lavoro,M,Y25-49,,TOTAL,ALL,5,69.3034797803208
082079,2023,lavoro,M,Y25-49,,TOTAL,ALL,5,47.73405123821346
082079,2024,lavoro,M,Y25-49,,TOTAL,ALL,5,50.39235522871568
082079,2018,lavoro,M,Y25-49,,TOTAL,ALL,7,402.0
082079,2019,lavoro,M,Y25-49,,TOTAL,ALL,7,343.0
082079,2021,lavoro,M,Y25-49,,TOTAL,ALL,7,421.575759831284
082079,2022,lavoro,M,Y25-49,,TOTAL,ALL,7,424.502613888456
082079,2023,lavoro,M,Y25-49,,TOTAL,ALL,7,418.30623857350906
082079,2024,lavoro,M,Y25-49,,TOTAL,ALL,7,404.3270777447634
082079,2018,lavoro,M,Y25-49,,TOTAL,ALL,99,3397.0
082079,2019,lavoro,M,Y25-49,,TOTAL,ALL,99,3341.0
082079,2020,lavoro,M,Y25-49,,TOTAL,ALL,99,3259.0
082079,2021,lavoro,M,Y25-49,,TOTAL,ALL,99,3264.0
082079,2022,lavoro,M,Y25-49,,TOTAL,ALL,99,3160.0
082079,2023,lavoro,M,Y25-49,,TOTAL,ALL,99,3052.0
082079,2024,lavoro,M,Y25-49,,TOTAL,ALL,99,2990.0
082079,2018,lavoro,M,Y50-64,,TOTAL,ALL,1,1087.0
082079,2019,lavoro,M,Y50-64,,TOTAL,ALL,1,1147.0
082079,2021,lavoro,M,Y50-64,,TOTAL,ALL,1,1235.0
082079,2022,lavoro,M,Y50-64,,TOTAL,ALL,1,1259.0
082079,2023,lavoro,M,Y50-64,,TOTAL,ALL,1,1262.0
082079,2024,lavoro,M,Y50-64,,TOTAL,ALL,1,1327.0
082079,2018,lavoro,M,Y50-64,,TOTAL,ALL,12,300.0
082079,2019,lavoro,M,Y50-64,,TOTAL,ALL,12,298.0
082079,2021,lavoro,M,Y50-64,,TOTAL,ALL,12,182.38931875446
082079,2022,lavoro,M,Y50-64,,TOTAL,ALL,12,176.023221819026
082079,2023,lavoro,M,Y50-64,,TOTAL,ALL,12,162.4238151405374
082079,2024,lavoro,M,Y50-64,,TOTAL,ALL,12,139.42161737743476
082079,2018,lavoro,M,Y50-64,,TOTAL,ALL,22,1387.0
082079,2019,lavoro,M,Y50-64,,TOTAL,ALL,22,1445.0
082079,2021,lavoro,M,Y50-64,,TOTAL,ALL,22,1417.38931875446
082079,2022,lavoro,M,Y50-64,,TOTAL,ALL,22,1435.02322181903
082079,2023,lavoro,M,Y50-64,,TOTAL,ALL,22,1424.4238151405375
082079,2024,lavoro,M,Y50-64,,TOTAL,ALL,22,1466.4216173774348
082079,2018,lavoro,M,Y50-64,,TOTAL,ALL,23,473.0
082079,2019,lavoro,M,Y50-64,,TOTAL,ALL,23,463.0
082079,2021,lavoro,M,Y50-64,,TOTAL,ALL,23,617.61068124554
082079,2022,lavoro,M,Y50-64,,TOTAL,ALL,23,598.976778180973
082079,2023,lavoro,M,Y50-64,,TOTAL,ALL,23,606.5761848594624
082079,2024,lavoro,M,Y50-64,,TOTAL,ALL,23,565.5783826225651
082079,2018,lavoro,M,Y50-64,,TOTAL,ALL,24,138.0
082079,2019,lavoro,M,Y50-64,,TOTAL,ALL,24,152.0
082079,2021,lavoro,M,Y50-64,,TOTAL,ALL,24,162.014928931942
082079,2022,lavoro,M,Y50-64,,TOTAL,ALL,24,117.498875459132
082079,2023,lavoro,M,Y50-64,,TOTAL,ALL,24,105.9882697908794
082079,2024,lavoro,M,Y50-64,,TOTAL,ALL,24,120.69168570476862
082079,2018,lavoro,M,Y50-64,,TOTAL,ALL,4,82.0
082079,2019,lavoro,M,Y50-64,,TOTAL,ALL,4,83.0
082079,2021,lavoro,M,Y50-64,,TOTAL,ALL,4,145.552027956115
082079,2022,lavoro,M,Y50-64,,TOTAL,ALL,4,138.322125444693
082079,2023,lavoro,M,Y50-64,,TOTAL,ALL,4,155.56208007139236
082079,2024,lavoro,M,Y50-64,,TOTAL,ALL,4,119.96552535021702
082079,2018,lavoro,M,Y50-64,,TOTAL,ALL,5,0.0
082079,2019,lavoro,M,Y50-64,,TOTAL,ALL,5,0.0
082079,2021,lavoro,M,Y50-64,,TOTAL,ALL,5,1.04547802420948
082079,2022,lavoro,M,Y50-64,,TOTAL,ALL,5,1.68432650237829
082079,2023,lavoro,M,Y50-64,,TOTAL,ALL,5,1.1810954071741342
082079,2024,lavoro,M,Y50-64,,TOTAL,ALL,5,2.258773653647061
082079,2018,lavoro,M,Y50-64,,TOTAL,ALL,7,253.0
082079,2019,lavoro,M,Y50-64,,TOTAL,ALL,7,228.0
082079,2021,lavoro,M,Y50-64,,TOTAL,ALL,7,308.998246333274
082079,2022,lavoro,M,Y50-64,,TOTAL,ALL,7,341.47145077477
082079,2023,lavoro,M,Y50-64,,TOTAL,ALL,7,343.8447395900165
082079,2024,lavoro,M,Y50-64,,TOTAL,ALL,7,322.6623979139324
082079,2018,lavoro,M,Y50-64,,TOTAL,ALL,99,1860.0
082079,2019,lavoro,M,Y50-64,,TOTAL,ALL,99,1908.0
082079,2020,lavoro,M,Y50-64,,TOTAL,ALL,99,1960.0
082079,2021,lavoro,M,Y50-64,,TOTAL,ALL,99,2035.0
082079,2022,lavoro,M,Y50-64,,TOTAL,ALL,99,2034.0
082079,2023,lavoro,M,Y50-64,,TOTAL,ALL,99,2031.0
082079,2024,lavoro,M,Y50-64,,TOTAL,ALL,99,2032.0
082079,2018,lavoro,T,Y_GE15,,TOTAL,ALL,1,4823.0
082079,2019,lavoro,T,Y_GE15,,TOTAL,ALL,1,4976.0
082079,2021,lavoro,T,Y_GE15,,TOTAL,ALL,1,5321.0
082079,2022,lavoro,T,Y_GE15,,TOTAL,ALL,1,5294.0
082079,2023,lavoro,T,Y_GE15,,TOTAL,ALL,1,5345.0
082079,2024,lavoro,T,Y_GE15,,TOTAL,ALL,1,5577.0
082079,2018,lavoro,T,Y_GE15,,TOTAL,ALL,12,2305.0
082079,2019,lavoro,T,Y_GE15,,TOTAL,ALL,12,2342.0
082079,2021,lavoro,T,Y_GE15,,TOTAL,ALL,12,1296.83039941853
082079,2022,lavoro,T,Y_GE15,,TOTAL,ALL,12,1375.92138294466
082079,2023,lavoro,T,Y_GE15,,TOTAL,ALL,12,1296.1726522939832
082079,2024,lavoro,T,Y_GE15,,TOTAL,ALL,12,1072.4742900348754
082079,2018,lavoro,T,Y_GE15,,TOTAL,ALL,22,7128.0
082079,2019,lavoro,T,Y_GE15,,TOTAL,ALL,22,7318.0
082079,2021,lavoro,T,Y_GE15,,TOTAL,ALL,22,6617.83039941853
082079,2022,lavoro,T,Y_GE15,,TOTAL,ALL,22,6669.92138294466
082079,2023,lavoro,T,Y_GE15,,TOTAL,ALL,22,6641.172652293983
082079,2024,lavoro,T,Y_GE15,,TOTAL,ALL,22,6649.474290034876
082079,2018,lavoro,T,Y_GE15,,TOTAL,ALL,23,8901.0
082079,2019,lavoro,T,Y_GE15,,TOTAL,ALL,23,8762.0
082079,2021,lavoro,T,Y_GE15,,TOTAL,ALL,23,9542.16960058147
082079,2022,lavoro,T,Y_GE15,,TOTAL,ALL,23,9471.07861705534
082079,2023,lavoro,T,Y_GE15,,TOTAL,ALL,23,9455.827347706016
082079,2024,lavoro,T,Y_GE15,,TOTAL,ALL,23,9525.525709965124
082079,2018,lavoro,T,Y_GE15,,TOTAL,ALL,24,1908.0
082079,2019,lavoro,T,Y_GE15,,TOTAL,ALL,24,1954.0
082079,2021,lavoro,T,Y_GE15,,TOTAL,ALL,24,2135.09287918212
082079,2022,lavoro,T,Y_GE15,,TOTAL,ALL,24,1875.70637390381
082079,2023,lavoro,T,Y_GE15,,TOTAL,ALL,24,1801.6818541236537
082079,2024,lavoro,T,Y_GE15,,TOTAL,ALL,24,2134.060444892898
082079,2018,lavoro,T,Y_GE15,,TOTAL,ALL,4,3977.0
082079,2019,lavoro,T,Y_GE15,,TOTAL,ALL,4,4027.0
082079,2021,lavoro,T,Y_GE15,,TOTAL,ALL,4,4327.5813924654
082079,2022,lavoro,T,Y_GE15,,TOTAL,ALL,4,4194.08802635266
082079,2023,lavoro,T,Y_GE15,,TOTAL,ALL,4,4281.423316175444
082079,2024,lavoro,T,Y_GE15,,TOTAL,ALL,4,4032.5968280657594
082079,2018,lavoro,T,Y_GE15,,TOTAL,ALL,5,1328.0
082079,2019,lavoro,T,Y_GE15,,TOTAL,ALL,5,1367.0
082079,2021,lavoro,T,Y_GE15,,TOTAL,ALL,5,1418.38765246824
082079,2022,lavoro,T,Y_GE15,,TOTAL,ALL,5,1475.22086682688
082079,2023,lavoro,T,Y_GE15,,TOTAL,ALL,5,1342.2364640573812
082079,2024,lavoro,T,Y_GE15,,TOTAL,ALL,5,1438.8486797470885
082079,2018,lavoro,T,Y_GE15,,TOTAL,ALL,7,1688.0
082079,2019,lavoro,T,Y_GE15,,TOTAL,ALL,7,1414.0
082079,2021,lavoro,T,Y_GE15,,TOTAL,ALL,7,1661.1076764657
082079,2022,lavoro,T,Y_GE15,,TOTAL,ALL,7,1926.063349972
082079,2023,lavoro,T,Y_GE15,,TOTAL,ALL,7,2030.4857133495373
082079,2024,lavoro,T,Y_GE15,,TOTAL,ALL,7,1920.0197572593795
082079,2018,lavoro,T,Y_GE15,,TOTAL,ALL,99,16029.0
082079,2019,lavoro,T,Y_GE15,,TOTAL,ALL,99,16080.0
082079,2021,lavoro,T,Y_GE15,,TOTAL,ALL,99,16160.0
082079,2022,lavoro,T,Y_GE15,,TOTAL,ALL,99,16141.0
082079,2023,lavoro,T,Y_GE15,,TOTAL,ALL,99,16097.0
082079,2024,lavoro,T,Y_GE15,,TOTAL,ALL,99,16175.0
082079,2018,lavoro,T,Y_GE65,,TOTAL,ALL,1,136.0
082079,2019,lavoro,T,Y_GE65,,TOTAL,ALL,1,155.0
082079,2021,lavoro,T,Y_GE65,,TOTAL,ALL,1,140.0
082079,2022,lavoro,T,Y_GE65,,TOTAL,ALL,1,159.0
082079,2023,lavoro,T,Y_GE65,,TOTAL,ALL,1,184.0
082079,2024,lavoro,T,Y_GE65,,TOTAL,ALL,1,188.0
082079,2018,lavoro,T,Y_GE65,,TOTAL,ALL,12,14.0
082079,2019,lavoro,T,Y_GE65,,TOTAL,ALL,12,18.0
082079,2021,lavoro,T,Y_GE65,,TOTAL,ALL,12,9.73845334657474
082079,2022,lavoro,T,Y_GE65,,TOTAL,ALL,12,6.90541412739782
082079,2023,lavoro,T,Y_GE65,,TOTAL,ALL,12,7.693425785864103
082079,2024,lavoro,T,Y_GE65,,TOTAL,ALL,12,7.602317501029979
082079,2018,lavoro,T,Y_GE65,,TOTAL,ALL,22,150.0
082079,2019,lavoro,T,Y_GE65,,TOTAL,ALL,22,173.0
082079,2021,lavoro,T,Y_GE65,,TOTAL,ALL,22,149.738453346575
082079,2022,lavoro,T,Y_GE65,,TOTAL,ALL,22,165.905414127398
082079,2023,lavoro,T,Y_GE65,,TOTAL,ALL,22,191.6934257858641
082079,2024,lavoro,T,Y_GE65,,TOTAL,ALL,22,195.60231750103
082079,2018,lavoro,T,Y_GE65,,TOTAL,ALL,23,2728.0
082079,2019,lavoro,T,Y_GE65,,TOTAL,ALL,23,2812.0
082079,2021,lavoro,T,Y_GE65,,TOTAL,ALL,23,2966.26154665342
082079,2022,lavoro,T,Y_GE65,,TOTAL,ALL,23,3042.0945858726
082079,2023,lavoro,T,Y_GE65,,TOTAL,ALL,23,3090.306574214136
082079,2024,lavoro,T,Y_GE65,,TOTAL,ALL,23,3247.3976824989704
082079,2018,lavoro,T,Y_GE65,,TOTAL,ALL,24,1667.0
082079,2019,lavoro,T,Y_GE65,,TOTAL,ALL,24,1700.0
082079,2021,lavoro,T,Y_GE65,,TOTAL,ALL,24,1855.20121399228
082079,2022,lavoro,T,Y_GE65,,TOTAL,ALL,24,1683.02604928038
082079,2023,lavoro,T,Y_GE65,,TOTAL,ALL,24,1622.4528723866615
082079,2024,lavoro,T,Y_GE65,,TOTAL,ALL,24,1908.6829929522228
082079,2018,lavoro,T,Y_GE65,,TOTAL,ALL,4,623.0
082079,2019,lavoro,T,Y_GE65,,TOTAL,ALL,4,714.0
082079,2021,lavoro,T,Y_GE65,,TOTAL,ALL,4,717.444004866701
082079,2022,lavoro,T,Y_GE65,,TOTAL,ALL,4,796.467799785276
082079,2023,lavoro,T,Y_GE65,,TOTAL,ALL,4,838.3393251853252
082079,2024,lavoro,T,Y_GE65,,TOTAL,ALL,4,797.5441799107925
082079,2018,lavoro,T,Y_GE65,,TOTAL,ALL,5,0.0
082079,2019,lavoro,T,Y_GE65,,TOTAL,ALL,5,0.0
082079,2021,lavoro,T,Y_GE65,,TOTAL,ALL,5,1.61524090547677e-05
082079,2022,lavoro,T,Y_GE65,,TOTAL,ALL,5,0.409598115097811
082079,2023,lavoro,T,Y_GE65,,TOTAL,ALL,5,0.5920675885399134
082079,2024,lavoro,T,Y_GE65,,TOTAL,ALL,5,0.3528112165259039
082079,2018,lavoro,T,Y_GE65,,TOTAL,ALL,7,438.0
082079,2019,lavoro,T,Y_GE65,,TOTAL,ALL,7,398.0
082079,2021,lavoro,T,Y_GE65,,TOTAL,ALL,7,393.616311642033
082079,2022,lavoro,T,Y_GE65,,TOTAL,ALL,7,562.191138691849
082079,2023,lavoro,T,Y_GE65,,TOTAL,ALL,7,628.9223090536093
082079,2024,lavoro,T,Y_GE65,,TOTAL,ALL,7,540.8176984194291
082079,2018,lavoro,T,Y_GE65,,TOTAL,ALL,99,2878.0
082079,2019,lavoro,T,Y_GE65,,TOTAL,ALL,99,2985.0
082079,2020,lavoro,T,Y_GE65,,TOTAL,ALL,99,3102.0
082079,2021,lavoro,T,Y_GE65,,TOTAL,ALL,99,3116.0
082079,2022,lavoro,T,Y_GE65,,TOTAL,ALL,99,3208.0
082079,2023,lavoro,T,Y_GE65,,TOTAL,ALL,99,3282.0
082079,2024,lavoro,T,Y_GE65,,TOTAL,ALL,99,3443.0
082079,2018,lavoro,T,Y15-24,,TOTAL,ALL,1,213.0
082079,2019,lavoro,T,Y15-24,,TOTAL,ALL,1,229.0
082079,2021,lavoro,T,Y15-24,,TOTAL,ALL,1,248.0
082079,2022,lavoro,T,Y15-24,,TOTAL,ALL,1,283.0
082079,2023,lavoro,T,Y15-24,,TOTAL,ALL,1,319.0
082079,2024,lavoro,T,Y15-24,,TOTAL,ALL,1,329.0
082079,2018,lavoro,T,Y15-24,,TOTAL,ALL,12,484.0
082079,2019,lavoro,T,Y15-24,,TOTAL,ALL,12,498.0
082079,2021,lavoro,T,Y15-24,,TOTAL,ALL,12,271.468333798989
082079,2022,lavoro,T,Y15-24,,TOTAL,ALL,12,292.293960642745
082079,2023,lavoro,T,Y15-24,,TOTAL,ALL,12,306.448995778839
082079,2024,lavoro,T,Y15-24,,TOTAL,ALL,12,232.86510564080143
082079,2018,lavoro,T,Y15-24,,TOTAL,ALL,22,697.0
082079,2019,lavoro,T,Y15-24,,TOTAL,ALL,22,727.0
082079,2021,lavoro,T,Y15-24,,TOTAL,ALL,22,519.468333798989
082079,2022,lavoro,T,Y15-24,,TOTAL,ALL,22,575.293960642745
082079,2023,lavoro,T,Y15-24,,TOTAL,ALL,22,625.4489957788389
082079,2024,lavoro,T,Y15-24,,TOTAL,ALL,22,561.8651056408014
082079,2018,lavoro,T,Y15-24,,TOTAL,ALL,23,1691.0
082079,2019,lavoro,T,Y15-24,,TOTAL,ALL,23,1638.0
082079,2021,lavoro,T,Y15-24,,TOTAL,ALL,23,1755.53166620101
082079,2022,lavoro,T,Y15-24,,TOTAL,ALL,23,1699.70603935726
082079,2023,lavoro,T,Y15-24,,TOTAL,ALL,23,1687.5510042211613
082079,2024,lavoro,T,Y15-24,,TOTAL,ALL,23,1764.1348943591986
082079,2018,lavoro,T,Y15-24,,TOTAL,ALL,24,3.0
082079,2019,lavoro,T,Y15-24,,TOTAL,ALL,24,4.0
082079,2021,lavoro,T,Y15-24,,TOTAL,ALL,24,3.34685844807188
082079,2022,lavoro,T,Y15-24,,TOTAL,ALL,24,3.05606006806525
082079,2023,lavoro,T,Y15-24,,TOTAL,ALL,24,3.122727355495194
082079,2024,lavoro,T,Y15-24,,TOTAL,ALL,24,6.270292064660122
082079,2018,lavoro,T,Y15-24,,TOTAL,ALL,4,217.0
082079,2019,lavoro,T,Y15-24,,TOTAL,ALL,4,213.0
082079,2021,lavoro,T,Y15-24,,TOTAL,ALL,4,264.463378315711
082079,2022,lavoro,T,Y15-24,,TOTAL,ALL,4,187.266261027985
082079,2023,lavoro,T,Y15-24,,TOTAL,ALL,4,220.82994364694235
082079,2024,lavoro,T,Y15-24,,TOTAL,ALL,4,205.2903217458208
082079,2018,lavoro,T,Y15-24,,TOTAL,ALL,5,1183.0
082079,2019,lavoro,T,Y15-24,,TOTAL,ALL,5,1223.0
082079,2021,lavoro,T,Y15-24,,TOTAL,ALL,5,1261.08002497914
082079,2022,lavoro,T,Y15-24,,TOTAL,ALL,5,1283.70445617827
082079,2023,lavoro,T,Y15-24,,TOTAL,ALL,5,1208.3788946309369
082079,2024,lavoro,T,Y15-24,,TOTAL,ALL,5,1284.90383091238
082079,2018,lavoro,T,Y15-24,,TOTAL,ALL,7,288.0
082079,2019,lavoro,T,Y15-24,,TOTAL,ALL,7,198.0
082079,2021,lavoro,T,Y15-24,,TOTAL,ALL,7,226.641404458091
082079,2022,lavoro,T,Y15-24,,TOTAL,ALL,7,225.679262082931
082079,2023,lavoro,T,Y15-24,,TOTAL,ALL,7,255.21943858778704
082079,2024,lavoro,T,Y15-24,,TOTAL,ALL,7,267.67044963633754
082079,2018,lavoro,T,Y15-24,,TOTAL,ALL,99,2388.0
082079,2019,lavoro,T,Y15-24,,TOTAL,ALL,99,2365.0
082079,2021,lavoro,T,Y15-24,,TOTAL,ALL,99,2275.0
082079,2022,lavoro,T,Y15-24,,TOTAL,ALL,99,2275.0
082079,2023,lavoro,T,Y15-24,,TOTAL,ALL,99,2313.0
082079,2024,lavoro,T,Y15-24,,TOTAL,ALL,99,2326.0
082079,2018,lavoro,T,Y25-49,,TOTAL,ALL,1,2998.0
082079,2019,lavoro,T,Y25-49,,TOTAL,ALL,1,3017.0
082079,2021,lavoro,T,Y25-49,,TOTAL,ALL,1,3257.0
082079,2022,lavoro,T,Y25-49,,TOTAL,ALL,1,3149.0
082079,2023,lavoro,T,Y25-49,,TOTAL,ALL,1,3107.0
082079,2024,lavoro,T,Y25-49,,TOTAL,ALL,1,3198.0
082079,2018,lavoro,T,Y25-49,,TOTAL,ALL,12,1363.0
082079,2019,lavoro,T,Y25-49,,TOTAL,ALL,12,1369.0
082079,2021,lavoro,T,Y25-49,,TOTAL,ALL,12,747.098160982689
082079,2022,lavoro,T,Y25-49,,TOTAL,ALL,12,798.087232347255
082079,2023,lavoro,T,Y25-49,,TOTAL,ALL,12,706.8761667002206
082079,2024,lavoro,T,Y25-49,,TOTAL,ALL,12,592.6372323166676
082079,2018,lavoro,T,Y25-49,,TOTAL,ALL,22,4361.0
082079,2019,lavoro,T,Y25-49,,TOTAL,ALL,22,4386.0
082079,2021,lavoro,T,Y25-49,,TOTAL,ALL,22,4004.09816098269
082079,2022,lavoro,T,Y25-49,,TOTAL,ALL,22,3947.08723234725
082079,2023,lavoro,T,Y25-49,,TOTAL,ALL,22,3813.876166700221
082079,2024,lavoro,T,Y25-49,,TOTAL,ALL,22,3790.637232316668
082079,2018,lavoro,T,Y25-49,,TOTAL,ALL,23,2620.0
082079,2019,lavoro,T,Y25-49,,TOTAL,ALL,23,2481.0
082079,2021,lavoro,T,Y25-49,,TOTAL,ALL,23,2735.90183901731
082079,2022,lavoro,T,Y25-49,,TOTAL,ALL,23,2607.91276765275
082079,2023,lavoro,T,Y25-49,,TOTAL,ALL,23,2540.123833299779
082079,2024,lavoro,T,Y25-49,,TOTAL,ALL,23,2420.3627676833325
082079,2018,lavoro,T,Y25-49,,TOTAL,ALL,24,49.0
082079,2019,lavoro,T,Y25-49,,TOTAL,ALL,24,53.0
082079,2021,lavoro,T,Y25-49,,TOTAL,ALL,24,56.8284216526884
082079,2022,lavoro,T,Y25-49,,TOTAL,ALL,24,37.2366323218463
082079,2023,lavoro,T,Y25-49,,TOTAL,ALL,24,34.844606305216665
082079,2024,lavoro,T,Y25-49,,TOTAL,ALL,24,55.70662704145808
082079,2018,lavoro,T,Y25-49,,TOTAL,ALL,4,1827.0
082079,2019,lavoro,T,Y25-49,,TOTAL,ALL,4,1788.0
082079,2021,lavoro,T,Y25-49,,TOTAL,ALL,4,1909.29714936608
082079,2022,lavoro,T,Y25-49,,TOTAL,ALL,4,1743.79838596779
082079,2023,lavoro,T,Y25-49,,TOTAL,ALL,4,1740.518520459212
082079,2024,lavoro,T,Y25-49,,TOTAL,ALL,4,1595.5057315007082
082079,2018,lavoro,T,Y25-49,,TOTAL,ALL,5,144.0
082079,2019,lavoro,T,Y25-49,,TOTAL,ALL,5,143.0
082079,2021,lavoro,T,Y25-49,,TOTAL,ALL,5,154.649563359125
082079,2022,lavoro,T,Y25-49,,TOTAL,ALL,5,186.631258773669
082079,2023,lavoro,T,Y25-49,,TOTAL,ALL,5,129.77249244811188
082079,2024,lavoro,T,Y25-49,,TOTAL,ALL,5,147.14813111363907
082079,2018,lavoro,T,Y25-49,,TOTAL,ALL,7,600.0
082079,2019,lavoro,T,Y25-49,,TOTAL,ALL,7,497.0
082079,2021,lavoro,T,Y25-49,,TOTAL,ALL,7,615.126704639421
082079,2022,lavoro,T,Y25-49,,TOTAL,ALL,7,640.246490589439
082079,2023,lavoro,T,Y25-49,,TOTAL,ALL,7,634.9882140872386
082079,2024,lavoro,T,Y25-49,,TOTAL,ALL,7,622.0022780275272
082079,2018,lavoro,T,Y25-49,,TOTAL,ALL,99,6981.0
082079,2019,lavoro,T,Y25-49,,TOTAL,ALL,99,6867.0
082079,2020,lavoro,T,Y25-49,,TOTAL,ALL,99,6749.0
082079,2021,lavoro,T,Y25-49,,TOTAL,ALL,99,6740.0
082079,2022,lavoro,T,Y25-49,,TOTAL,ALL,99,6555.0
082079,2023,lavoro,T,Y25-49,,TOTAL,ALL,99,6354.0
082079,2024,lavoro,T,Y25-49,,TOTAL,ALL,99,6211.0
082079,2018,lavoro,T,Y50-64,,TOTAL,ALL,1,1476.0
082079,2019,lavoro,T,Y50-64,,TOTAL,ALL,1,1575.0
082079,2021,lavoro,T,Y50-64,,TOTAL,ALL,1,1676.0
082079,2022,lavoro,T,Y50-64,,TOTAL,ALL,1,1703.0
082079,2023,lavoro,T,Y50-64,,TOTAL,ALL,1,1735.0
082079,2024,lavoro,T,Y50-64,,TOTAL,ALL,1,1862.0
082079,2018,lavoro,T,Y50-64,,TOTAL,ALL,12,444.0
082079,2019,lavoro,T,Y50-64,,TOTAL,ALL,12,457.0
082079,2021,lavoro,T,Y50-64,,TOTAL,ALL,12,268.525451290279
082079,2022,lavoro,T,Y50-64,,TOTAL,ALL,12,278.63477582726
082079,2023,lavoro,T,Y50-64,,TOTAL,ALL,12,275.15406402905955
082079,2024,lavoro,T,Y50-64,,TOTAL,ALL,12,239.36963457637648
082079,2018,lavoro,T,Y50-64,,TOTAL,ALL,22,1920.0
082079,2019,lavoro,T,Y50-64,,TOTAL,ALL,22,2032.0
082079,2021,lavoro,T,Y50-64,,TOTAL,ALL,22,1944.52545129028
082079,2022,lavoro,T,Y50-64,,TOTAL,ALL,22,1981.63477582726
082079,2023,lavoro,T,Y50-64,,TOTAL,ALL,22,2010.15406402906
082079,2024,lavoro,T,Y50-64,,TOTAL,ALL,22,2101.3696345763765
082079,2018,lavoro,T,Y50-64,,TOTAL,ALL,23,1862.0
082079,2019,lavoro,T,Y50-64,,TOTAL,ALL,23,1831.0
082079,2021,lavoro,T,Y50-64,,TOTAL,ALL,23,2084.47454870972
082079,2022,lavoro,T,Y50-64,,TOTAL,ALL,23,2121.36522417274
082079,2023,lavoro,T,Y50-64,,TOTAL,ALL,23,2137.8459359709404
082079,2024,lavoro,T,Y50-64,,TOTAL,ALL,23,2093.630365423623
082079,2018,lavoro,T,Y50-64,,TOTAL,ALL,24,189.0
082079,2019,lavoro,T,Y50-64,,TOTAL,ALL,24,197.0
082079,2021,lavoro,T,Y50-64,,TOTAL,ALL,24,219.716385089078
082079,2022,lavoro,T,Y50-64,,TOTAL,ALL,24,152.387632233516
082079,2023,lavoro,T,Y50-64,,TOTAL,ALL,24,141.2616480762804
082079,2024,lavoro,T,Y50-64,,TOTAL,ALL,24,163.40053283455728
082079,2018,lavoro,T,Y50-64,,TOTAL,ALL,4,1310.0
082079,2019,lavoro,T,Y50-64,,TOTAL,ALL,4,1312.0
082079,2021,lavoro,T,Y50-64,,TOTAL,ALL,4,1436.37685991692
082079,2022,lavoro,T,Y50-64,,TOTAL,ALL,4,1466.5555795716
082079,2023,lavoro,T,Y50-64,,TOTAL,ALL,4,1481.735526883965
082079,2024,lavoro,T,Y50-64,,TOTAL,ALL,4,1434.256594908437
082079,2018,lavoro,T,Y50-64,,TOTAL,ALL,5,1.0
082079,2019,lavoro,T,Y50-64,,TOTAL,ALL,5,1.0
082079,2021,lavoro,T,Y50-64,,TOTAL,ALL,5,2.65804797757113
082079,2022,lavoro,T,Y50-64,,TOTAL,ALL,5,4.47555375984058
082079,2023,lavoro,T,Y50-64,,TOTAL,ALL,5,3.4930093897928542
082079,2024,lavoro,T,Y50-64,,TOTAL,ALL,5,6.443906504543478
082079,2018,lavoro,T,Y50-64,,TOTAL,ALL,7,362.0
082079,2019,lavoro,T,Y50-64,,TOTAL,ALL,7,321.0
082079,2021,lavoro,T,Y50-64,,TOTAL,ALL,7,425.723255726157
082079,2022,lavoro,T,Y50-64,,TOTAL,ALL,7,497.946458607779
082079,2023,lavoro,T,Y50-64,,TOTAL,ALL,7,511.3557516209023
082079,2024,lavoro,T,Y50-64,,TOTAL,ALL,7,489.5293311760856
082079,2018,lavoro,T,Y50-64,,TOTAL,ALL,99,3782.0
082079,2019,lavoro,T,Y50-64,,TOTAL,ALL,99,3863.0
082079,2020,lavoro,T,Y50-64,,TOTAL,ALL,99,3897.0
082079,2021,lavoro,T,Y50-64,,TOTAL,ALL,99,4029.0
082079,2022,lavoro,T,Y50-64,,TOTAL,ALL,99,4103.0
082079,2023,lavoro,T,Y50-64,,TOTAL,ALL,99,4148.0
082079,2024,lavoro,T,Y50-64,,TOTAL,ALL,99,4195.0
082023,2018,istruzione,F,Y_GE65,,TOTAL,ALL,99,1183.0
082023,2019,istruzione,F,Y_GE65,,TOTAL,ALL,99,1205.0
082023,2020,istruzione,F,Y_GE65,,TOTAL,ALL,99,1234.0
082023,2021,istruzione,F,Y_GE65,,TOTAL,ALL,99,1262.0
082023,2022,istruzione,F,Y_GE65,,TOTAL,ALL,99,1283.0
082023,2023,istruzione,F,Y_GE65,,TOTAL,ALL,99,1296.0
082023,2024,istruzione,F,Y_GE65,,TOTAL,ALL,99,1316.0
082023,2018,istruzione,F,Y_GE65,,TOTAL,BL,99,2.0
082023,2019,istruzione,F,Y_GE65,,TOTAL,BL,99,1.0
082023,2020,istruzione,F,Y_GE65,,TOTAL,BL,99,1.0
082023,2021,istruzione,F,Y_GE65,,TOTAL,BL,99,4.0
082023,2022,istruzione,F,Y_GE65,,TOTAL,BL,99,2.0
082023,2023,istruzione,F,Y_GE65,,TOTAL,BL,99,5.0
082023,2024,istruzione,F,Y_GE65,,TOTAL,BL,99,7.0
082023,2018,istruzione,F,Y_GE65,,TOTAL,LSE,99,227.0
082023,2019,istruzione,F,Y_GE65,,TOTAL,LSE,99,246.0
082023,2020,istruzione,F,Y_GE65,,TOTAL,LSE,99,239.0
082023,2021,istruzione,F,Y_GE65,,TOTAL,LSE,99,305.0
082023,2022,istruzione,F,Y_GE65,,TOTAL,LSE,99,303.0
082023,2023,istruzione,F,Y_GE65,,TOTAL,LSE,99,317.0
082023,2024,istruzione,F,Y_GE65,,TOTAL,LSE,99,334.0
082023,2018,istruzione,F,Y_GE65,,TOTAL,ML_RDD,99,38.0
082023,2019,istruzione,F,Y_GE65,,TOTAL,ML_RDD,99,53.0
082023,2020,istruzione,F,Y_GE65,,TOTAL,ML_RDD,99,58.0
082023,2021,istruzione,F,Y_GE65,,TOTAL,ML_RDD,99,63.0
082023,2022,istruzione,F,Y_GE65,,TOTAL,ML_RDD,99,75.0
082023,2023,istruzione,F,Y_GE65,,TOTAL,ML_RDD,99,81.0
082023,2024,istruzione,F,Y_GE65,,TOTAL,ML_RDD,99,81.0
082023,2018,istruzione,F,Y_GE65,,TOTAL,NED,99,215.0
082023,2019,istruzione,F,Y_GE65,,TOTAL,NED,99,190.0
082023,2020,istruzione,F,Y_GE65,,TOTAL,NED,99,212.0
082023,2021,istruzione,F,Y_GE65,,TOTAL,NED,99,199.0
082023,2022,istruzione,F,Y_GE65,,TOTAL,NED,99,159.0
082023,2023,istruzione,F,Y_GE65,,TOTAL,NED,99,177.0
082023,2024,istruzione,F,Y_GE65,,TOTAL,NED,99,171.0
082023,2018,istruzione,F,Y_GE65,,TOTAL,PSE,99,583.0
082023,2019,istruzione,F,Y_GE65,,TOTAL,PSE,99,581.0
082023,2020,istruzione,F,Y_GE65,,TOTAL,PSE,99,584.0
082023,2021,istruzione,F,Y_GE65,,TOTAL,PSE,99,538.0
082023,2022,istruzione,F,Y_GE65,,TOTAL,PSE,99,570.0
082023,2023,istruzione,F,Y_GE65,,TOTAL,PSE,99,530.0
082023,2024,istruzione,F,Y_GE65,,TOTAL,PSE,99,525.0
082023,2018,istruzione,F,Y_GE65,,TOTAL,USE_IF,99,118.0
082023,2019,istruzione,F,Y_GE65,,TOTAL,USE_IF,99,134.0
082023,2020,istruzione,F,Y_GE65,,TOTAL,USE_IF,99,140.0
082023,2021,istruzione,F,Y_GE65,,TOTAL,USE_IF,99,153.0
082023,2022,istruzione,F,Y_GE65,,TOTAL,USE_IF,99,174.0
082023,2023,istruzione,F,Y_GE65,,TOTAL,USE_IF,99,186.0
082023,2024,istruzione,F,Y_GE65,,TOTAL,USE_IF,99,198.0
082023,2018,istruzione,F,Y_GE9,,TOTAL,ALL,99,5252.0
082023,2019,istruzione,F,Y_GE9,,TOTAL,ALL,99,5304.0
082023,2020,istruzione,F,Y_GE9,,TOTAL,ALL,99,5342.0
082023,2021,istruzione,F,Y_GE9,,TOTAL,ALL,99,5361.0
082023,2022,istruzione,F,Y_GE9,,TOTAL,ALL,99,5425.0
082023,2023,istruzione,F,Y_GE9,,TOTAL,ALL,99,5447.0
082023,2024,istruzione,F,Y_GE9,,TOTAL,ALL,99,5496.0
082023,2018,istruzione,F,Y_GE9,,TOTAL,BL,99,152.0
082023,2019,istruzione,F,Y_GE9,,TOTAL,BL,99,154.0
082023,2020,istruzione,F,Y_GE9,,TOTAL,BL,99,169.0
082023,2021,istruzione,F,Y_GE9,,TOTAL,BL,99,174.0
082023,2022,istruzione,F,Y_GE9,,TOTAL,BL,99,174.0
082023,2023,istruzione,F,Y_GE9,,TOTAL,BL,99,198.0
082023,2024,istruzione,F,Y_GE9,,TOTAL,BL,99,203.0
082023,2018,istruzione,F,Y_GE9,,TOTAL,IL,99,57.0
082023,2019,istruzione,F,Y_GE9,,TOTAL,IL,99,60.0
082023,2020,istruzione,F,Y_GE9,,TOTAL,IL,99,70.0
082023,2021,istruzione,F,Y_GE9,,TOTAL,IL,99,55.0
082023,2022,istruzione,F,Y_GE9,,TOTAL,IL,99,46.0
082023,2023,istruzione,F,Y_GE9,,TOTAL,IL,99,46.0
082023,2024,istruzione,F,Y_GE9,,TOTAL,IL,99,43.0
082023,2018,istruzione,F,Y_GE9,,TOTAL,LBNA,99,322.0
082023,2019,istruzione,F,Y_GE9,,TOTAL,LBNA,99,303.0
082023,2020,istruzione,F,Y_GE9,,TOTAL,LBNA,99,302.0
082023,2021,istruzione,F,Y_GE9,,TOTAL,LBNA,99,293.0
082023,2022,istruzione,F,Y_GE9,,TOTAL,LBNA,99,292.0
082023,2023,istruzione,F,Y_GE9,,TOTAL,LBNA,99,293.0
082023,2024,istruzione,F,Y_GE9,,TOTAL,LBNA,99,278.0
082023,2018,istruzione,F,Y_GE9,,TOTAL,LSE,99,1716.0
082023,2019,istruzione,F,Y_GE9,,TOTAL,LSE,99,1795.0
082023,2020,istruzione,F,Y_GE9,,TOTAL,LSE,99,1770.0
082023,2021,istruzione,F,Y_GE9,,TOTAL,LSE,99,1796.0
082023,2022,istruzione,F,Y_GE9,,TOTAL,LSE,99,1782.0
082023,2023,istruzione,F,Y_GE9,,TOTAL,LSE,99,1819.0
082023,2024,istruzione,F,Y_GE9,,TOTAL,LSE,99,1824.0
082023,2018,istruzione,F,Y_GE9,,TOTAL,ML,99,379.0
082023,2019,istruzione,F,Y_GE9,,TOTAL,ML,99,385.0
082023,2020,istruzione,F,Y_GE9,,TOTAL,ML,99,429.0
082023,2021,istruzione,F,Y_GE9,,TOTAL,ML,99,447.0
082023,2022,istruzione,F,Y_GE9,,TOTAL,ML,99,483.0
082023,2023,istruzione,F,Y_GE9,,TOTAL,ML,99,459.0
082023,2024,istruzione,F,Y_GE9,,TOTAL,ML,99,480.0
082023,2018,istruzione,F,Y_GE9,,TOTAL,ML_RDD,99,388.0
082023,2019,istruzione,F,Y_GE9,,TOTAL,ML_RDD,99,397.0
082023,2020,istruzione,F,Y_GE9,,TOTAL,ML_RDD,99,441.0
082023,2021,istruzione,F,Y_GE9,,TOTAL,ML_RDD,99,457.0
082023,2022,istruzione,F,Y_GE9,,TOTAL,ML_RDD,99,501.0
082023,2023,istruzione,F,Y_GE9,,TOTAL,ML_RDD,99,473.0
082023,2024,istruzione,F,Y_GE9,,TOTAL,ML_RDD,99,493.0
082023,2018,istruzione,F,Y_GE9,,TOTAL,NED,99,379.0
082023,2019,istruzione,F,Y_GE9,,TOTAL,NED,99,362.0
082023,2020,istruzione,F,Y_GE9,,TOTAL,NED,99,372.0
082023,2021,istruzione,F,Y_GE9,,TOTAL,NED,99,348.0
082023,2022,istruzione,F,Y_GE9,,TOTAL,NED,99,338.0
082023,2023,istruzione,F,Y_GE9,,TOTAL,NED,99,339.0
082023,2024,istruzione,F,Y_GE9,,TOTAL,NED,99,321.0
082023,2018,istruzione,F,Y_GE9,,TOTAL,PSE,99,1070.0
082023,2019,istruzione,F,Y_GE9,,TOTAL,PSE,99,1059.0
082023,2020,istruzione,F,Y_GE9,,TOTAL,PSE,99,1028.0
082023,2021,istruzione,F,Y_GE9,,TOTAL,PSE,99,981.0
082023,2022,istruzione,F,Y_GE9,,TOTAL,PSE,99,982.0
082023,2023,istruzione,F,Y_GE9,,TOTAL,PSE,99,952.0
082023,2024,istruzione,F,Y_GE9,,TOTAL,PSE,99,931.0
082023,2018,istruzione,F,Y_GE9,,TOTAL,RDD,99,9.0
082023,2019,istruzione,F,Y_GE9,,TOTAL,RDD,99,11.0
082023,2020,istruzione,F,Y_GE9,,TOTAL,RDD,99,12.0
082023,2021,istruzione,F,Y_GE9,,TOTAL,RDD,99,10.0
082023,2022,istruzione,F,Y_GE9,,TOTAL,RDD,99,18.0
082023,2023,istruzione,F,Y_GE9,,TOTAL,RDD,99,14.0
082023,2024,istruzione,F,Y_GE9,,TOTAL,RDD,99,13.0
082023,2018,istruzione,F,Y_GE9,,TOTAL,USE_IF,99,1547.0
082023,2019,istruzione,F,Y_GE9,,TOTAL,USE_IF,99,1538.0
082023,2020,istruzione,F,Y_GE9,,TOTAL,USE_IF,99,1562.0
082023,2021,istruzione,F,Y_GE9,,TOTAL,USE_IF,99,1605.0
082023,2022,istruzione,F,Y_GE9,,TOTAL,USE_IF,99,1648.0
082023,2023,istruzione,F,Y_GE9,,TOTAL,USE_IF,99,1666.0
082023,2024,istruzione,F,Y_GE9,,TOTAL,USE_IF,99,1724.0
082023,2018,istruzione,F,Y25-49,,TOTAL,ALL,99,2026.0
082023,2019,istruzione,F,Y25-49,,TOTAL,ALL,99,2015.0
082023,2020,istruzione,F,Y25-49,,TOTAL,ALL,99,1980.0
082023,2021,istruzione,F,Y25-49,,TOTAL,ALL,99,1957.0
082023,2022,istruzione,F,Y25-49,,TOTAL,ALL,99,1916.0
082023,2023,istruzione,F,Y25-49,,TOTAL,ALL,99,1881.0
082023,2024,istruzione,F,Y25-49,,TOTAL,ALL,99,1868.0
082023,2018,istruzione,F,Y25-49,,TOTAL,BL,99,115.0
082023,2019,istruzione,F,Y25-49,,TOTAL,BL,99,120.0
082023,2020,istruzione,F,Y25-49,,TOTAL,BL,99,115.0
082023,2021,istruzione,F,Y25-49,,TOTAL,BL,99,124.0
082023,2022,istruzione,F,Y25-49,,TOTAL,BL,99,130.0
082023,2023,istruzione,F,Y25-49,,TOTAL,BL,99,141.0
082023,2024,istruzione,F,Y25-49,,TOTAL,BL,99,146.0
082023,2018,istruzione,F,Y25-49,,TOTAL,LSE,99,703.0
082023,2019,istruzione,F,Y25-49,,TOTAL,LSE,99,707.0
082023,2020,istruzione,F,Y25-49,,TOTAL,LSE,99,666.0
082023,2021,istruzione,F,Y25-49,,TOTAL,LSE,99,621.0
082023,2022,istruzione,F,Y25-49,,TOTAL,LSE,99,604.0
082023,2023,istruzione,F,Y25-49,,TOTAL,LSE,99,594.0
082023,2024,istruzione,F,Y25-49,,TOTAL,LSE,99,572.0
082023,2018,istruzione,F,Y25-49,,TOTAL,ML_RDD,99,265.0
082023,2019,istruzione,F,Y25-49,,TOTAL,ML_RDD,99,253.0
082023,2020,istruzione,F,Y25-49,,TOTAL,ML_RDD,99,295.0
082023,2021,istruzione,F,Y25-49,,TOTAL,ML_RDD,99,302.0
082023,2022,istruzione,F,Y25-49,,TOTAL,ML_RDD,99,321.0
082023,2023,istruzione,F,Y25-49,,TOTAL,ML_RDD,99,290.0
082023,2024,istruzione,F,Y25-49,,TOTAL,ML_RDD,99,300.0
082023,2018,istruzione,F,Y25-49,,TOTAL,NED,99,14.0
082023,2019,istruzione,F,Y25-49,,TOTAL,NED,99,11.0
082023,2020,istruzione,F,Y25-49,,TOTAL,NED,99,9.0
082023,2021,istruzione,F,Y25-49,,TOTAL,NED,99,11.0
082023,2022,istruzione,F,Y25-49,,TOTAL,NED,99,17.0
082023,2023,istruzione,F,Y25-49,,TOTAL,NED,99,17.0
082023,2024,istruzione,F,Y25-49,,TOTAL,NED,99,15.0
082023,2018,istruzione,F,Y25-49,,TOTAL,PSE,99,72.0
082023,2019,istruzione,F,Y25-49,,TOTAL,PSE,99,74.0
082023,2020,istruzione,F,Y25-49,,TOTAL,PSE,99,59.0
082023,2021,istruzione,F,Y25-49,,TOTAL,PSE,99,53.0
082023,2022,istruzione,F,Y25-49,,TOTAL,PSE,99,42.0
082023,2023,istruzione,F,Y25-49,,TOTAL,PSE,99,39.0
082023,2024,istruzione,F,Y25-49,,TOTAL,PSE,99,35.0
082023,2018,istruzione,F,Y25-49,,TOTAL,USE_IF,99,857.0
082023,2019,istruzione,F,Y25-49,,TOTAL,USE_IF,99,850.0
082023,2020,istruzione,F,Y25-49,,TOTAL,USE_IF,99,836.0
082023,2021,istruzione,F,Y25-49,,TOTAL,USE_IF,99,846.0
082023,2022,istruzione,F,Y25-49,,TOTAL,USE_IF,99,802.0
082023,2023,istruzione,F,Y25-49,,TOTAL,USE_IF,99,800.0
082023,2024,istruzione,F,Y25-49,,TOTAL,USE_IF,99,800.0
082023,2018,istruzione,F,Y50-64,,TOTAL,ALL,99,1081.0
082023,2019,istruzione,F,Y50-64,,TOTAL,ALL,99,1121.0
082023,2020,istruzione,F,Y50-64,,TOTAL,ALL,99,1167.0
082023,2021,istruzione,F,Y50-64,,TOTAL,ALL,99,1182.0
082023,2022,istruzione,F,Y50-64,,TOTAL,ALL,99,1240.0
082023,2023,istruzione,F,Y50-64,,TOTAL,ALL,99,1257.0
082023,2024,istruzione,F,Y50-64,,TOTAL,ALL,99,1298.0
082023,2018,istruzione,F,Y50-64,,TOTAL,BL,99,13.0
082023,2019,istruzione,F,Y50-64,,TOTAL,BL,99,13.0
082023,2020,istruzione,F,Y50-64,,TOTAL,BL,99,22.0
082023,2021,istruzione,F,Y50-64,,TOTAL,BL,99,19.0
082023,2022,istruzione,F,Y50-64,,TOTAL,BL,99,16.0
082023,2023,istruzione,F,Y50-64,,TOTAL,BL,99,25.0
082023,2024,istruzione,F,Y50-64,,TOTAL,BL,99,24.0
082023,2018,istruzione,F,Y50-64,,TOTAL,LSE,99,435.0
082023,2019,istruzione,F,Y50-64,,TOTAL,LSE,99,473.0
082023,2020,istruzione,F,Y50-64,,TOTAL,LSE,99,499.0
082023,2021,istruzione,F,Y50-64,,TOTAL,LSE,99,499.0
082023,2022,istruzione,F,Y50-64,,TOTAL,LSE,99,506.0
082023,2023,istruzione,F,Y50-64,,TOTAL,LSE,99,521.0
082023,2024,istruzione,F,Y50-64,,TOTAL,LSE,99,540.0
082023,2018,istruzione,F,Y50-64,,TOTAL,ML_RDD,99,83.0
082023,2019,istruzione,F,Y50-64,,TOTAL,ML_RDD,99,89.0
082023,2020,istruzione,F,Y50-64,,TOTAL,ML_RDD,99,86.0
082023,2021,istruzione,F,Y50-64,,TOTAL,ML_RDD,99,89.0
082023,2022,istruzione,F,Y50-64,,TOTAL,ML_RDD,99,100.0
082023,2023,istruzione,F,Y50-64,,TOTAL,ML_RDD,99,94.0
082023,2024,istruzione,F,Y50-64,,TOTAL,ML_RDD,99,107.0
082023,2018,istruzione,F,Y50-64,,TOTAL,NED,99,35.0
082023,2019,istruzione,F,Y50-64,,TOTAL,NED,99,37.0
082023,2020,istruzione,F,Y50-64,,TOTAL,NED,99,36.0
082023,2021,istruzione,F,Y50-64,,TOTAL,NED,99,20.0
082023,2022,istruzione,F,Y50-64,,TOTAL,NED,99,23.0
082023,2023,istruzione,F,Y50-64,,TOTAL,NED,99,25.0
082023,2024,istruzione,F,Y50-64,,TOTAL,NED,99,24.0
082023,2018,istruzione,F,Y50-64,,TOTAL,PSE,99,215.0
082023,2019,istruzione,F,Y50-64,,TOTAL,PSE,99,218.0
082023,2020,istruzione,F,Y50-64,,TOTAL,PSE,99,183.0
082023,2021,istruzione,F,Y50-64,,TOTAL,PSE,99,192.0
082023,2022,istruzione,F,Y50-64,,TOTAL,PSE,99,182.0
082023,2023,istruzione,F,Y50-64,,TOTAL,PSE,99,174.0
082023,2024,istruzione,F,Y50-64,,TOTAL,PSE,99,163.0
082023,2018,istruzione,F,Y50-64,,TOTAL,USE_IF,99,300.0
082023,2019,istruzione,F,Y50-64,,TOTAL,USE_IF,99,291.0
082023,2020,istruzione,F,Y50-64,,TOTAL,USE_IF,99,341.0
082023,2021,istruzione,F,Y50-64,,TOTAL,USE_IF,99,363.0
082023,2022,istruzione,F,Y50-64,,TOTAL,USE_IF,99,413.0
082023,2023,istruzione,F,Y50-64,,TOTAL,USE_IF,99,418.0
082023,2024,istruzione,F,Y50-64,,TOTAL,USE_IF,99,440.0
082023,2018,istruzione,F,Y9-24,,TOTAL,ALL,99,962.0
082023,2019,istruzione,F,Y9-24,,TOTAL,ALL,99,963.0
082023,2020,istruzione,F,Y9-24,,TOTAL,ALL,99,961.0
082023,2021,istruzione,F,Y9-24,,TOTAL,ALL,99,960.0
082023,2022,istruzione,F,Y9-24,,TOTAL,ALL,99,986.0
082023,2023,istruzione,F,Y9-24,,TOTAL,ALL,99,1013.0
082023,2024,istruzione,F,Y9-24,,TOTAL,ALL,99,1014.0
082023,2018,istruzione,F,Y9-24,,TOTAL,BL,99,22.0
082023,2019,istruzione,F,Y9-24,,TOTAL,BL,99,20.0
082023,2020,istruzione,F,Y9-24,,TOTAL,BL,99,31.0
082023,2021,istruzione,F,Y9-24,,TOTAL,BL,99,27.0
082023,2022,istruzione,F,Y9-24,,TOTAL,BL,99,26.0
082023,2023,istruzione,F,Y9-24,,TOTAL,BL,99,27.0
082023,2024,istruzione,F,Y9-24,,TOTAL,BL,99,26.0
082023,2018,istruzione,F,Y9-24,,TOTAL,LSE,99,351.0
082023,2019,istruzione,F,Y9-24,,TOTAL,LSE,99,368.0
082023,2020,istruzione,F,Y9-24,,TOTAL,LSE,99,366.0
082023,2021,istruzione,F,Y9-24,,TOTAL,LSE,99,371.0
082023,2022,istruzione,F,Y9-24,,TOTAL,LSE,99,369.0
082023,2023,istruzione,F,Y9-24,,TOTAL,LSE,99,387.0
082023,2024,istruzione,F,Y9-24,,TOTAL,LSE,99,378.0
082023,2018,istruzione,F,Y9-24,,TOTAL,ML_RDD,99,2.0
082023,2019,istruzione,F,Y9-24,,TOTAL,ML_RDD,99,2.0
082023,2020,istruzione,F,Y9-24,,TOTAL,ML_RDD,99,2.0
082023,2021,istruzione,F,Y9-24,,TOTAL,ML_RDD,99,3.0
082023,2022,istruzione,F,Y9-24,,TOTAL,ML_RDD,99,5.0
082023,2023,istruzione,F,Y9-24,,TOTAL,ML_RDD,99,8.0
082023,2024,istruzione,F,Y9-24,,TOTAL,ML_RDD,99,5.0
082023,2018,istruzione,F,Y9-24,,TOTAL,NED,99,115.0
082023,2019,istruzione,F,Y9-24,,TOTAL,NED,99,124.0
082023,2020,istruzione,F,Y9-24,,TOTAL,NED,99,115.0
082023,2021,istruzione,F,Y9-24,,TOTAL,NED,99,118.0
082023,2022,istruzione,F,Y9-24,,TOTAL,NED,99,139.0
082023,2023,istruzione,F,Y9-24,,TOTAL,NED,99,120.0
082023,2024,istruzione,F,Y9-24,,TOTAL,NED,99,111.0
082023,2018,istruzione,F,Y9-24,,TOTAL,PSE,99,200.0
082023,2019,istruzione,F,Y9-24,,TOTAL,PSE,99,186.0
082023,2020,istruzione,F,Y9-24,,TOTAL,PSE,99,202.0
082023,2021,istruzione,F,Y9-24,,TOTAL,PSE,99,198.0
082023,2022,istruzione,F,Y9-24,,TOTAL,PSE,99,188.0
082023,2023,istruzione,F,Y9-24,,TOTAL,PSE,99,209.0
082023,2024,istruzione,F,Y9-24,,TOTAL,PSE,99,208.0
082023,2018,istruzione,F,Y9-24,,TOTAL,USE_IF,99,272.0
082023,2019,istruzione,F,Y9-24,,TOTAL,USE_IF,99,263.0
082023,2020,istruzione,F,Y9-24,,TOTAL,USE_IF,99,245.0
082023,2021,istruzione,F,Y9-24,,TOTAL,USE_IF,99,243.0
082023,2022,istruzione,F,Y9-24,,TOTAL,USE_IF,99,259.0
082023,2023,istruzione,F,Y9-24,,TOTAL,USE_IF,99,262.0
082023,2024,istruzione,F,Y9-24,,TOTAL,USE_IF,99,286.0
082023,2018,istruzione,M,Y_GE65,,TOTAL,ALL,99,997.0
082023,2019,istruzione,M,Y_GE65,,TOTAL,ALL,99,1013.0
082023,2020,istruzione,M,Y_GE65,,TOTAL,ALL,99,1053.0
082023,2021,istruzione,M,Y_GE65,,TOTAL,ALL,99,1062.0
082023,2022,istruzione,M,Y_GE65,,TOTAL,ALL,99,1075.0
082023,2023,istruzione,M,Y_GE65,,TOTAL,ALL,99,1080.0
082023,2024,istruzione,M,Y_GE65,,TOTAL,ALL,99,1098.0000000000002
082023,2018,istruzione,M,Y_GE65,,TOTAL,BL,99,7.0
082023,2019,istruzione,M,Y_GE65,,TOTAL,BL,99,1.0
082023,2020,istruzione,M,Y_GE65,,TOTAL,BL,99,5.0
082023,2021,istruzione,M,Y_GE65,,TOTAL,BL,99,3.0
082023,2022,istruzione,M,Y_GE65,,TOTAL,BL,99,5.0
082023,2023,istruzione,M,Y_GE65,,TOTAL,BL,99,8.0
082023,2024,istruzione,M,Y_GE65,,TOTAL,BL,99,9.0
082023,2018,istruzione,M,Y_GE65,,TOTAL,LSE,99,250.0
082023,2019,istruzione,M,Y_GE65,,TOTAL,LSE,99,256.0
082023,2020,istruzione,M,Y_GE65,,TOTAL,LSE,99,271.0
082023,2021,istruzione,M,Y_GE65,,TOTAL,LSE,99,280.0
082023,2022,istruzione,M,Y_GE65,,TOTAL,LSE,99,305.0
082023,2023,istruzione,M,Y_GE65,,TOTAL,LSE,99,319.0
082023,2024,istruzione,M,Y_GE65,,TOTAL,LSE,99,346.0
082023,2018,istruzione,M,Y_GE65,,TOTAL,ML_RDD,99,67.0
082023,2019,istruzione,M,Y_GE65,,TOTAL,ML_RDD,99,77.0
082023,2020,istruzione,M,Y_GE65,,TOTAL,ML_RDD,99,71.0
082023,2021,istruzione,M,Y_GE65,,TOTAL,ML_RDD,99,77.0
082023,2022,istruzione,M,Y_GE65,,TOTAL,ML_RDD,99,80.0
082023,2023,istruzione,M,Y_GE65,,TOTAL,ML_RDD,99,81.0
082023,2024,istruzione,M,Y_GE65,,TOTAL,ML_RDD,99,81.0
082023,2018,istruzione,M,Y_GE65,,TOTAL,NED,99,126.0
082023,2019,istruzione,M,Y_GE65,,TOTAL,NED,99,104.0
082023,2020,istruzione,M,Y_GE65,,TOTAL,NED,99,110.0
082023,2021,istruzione,M,Y_GE65,,TOTAL,NED,99,117.0
082023,2022,istruzione,M,Y_GE65,,TOTAL,NED,99,91.0
082023,2023,istruzione,M,Y_GE65,,TOTAL,NED,99,84.0
082023,2024,istruzione,M,Y_GE65,,TOTAL,NED,99,85.0
082023,2018,istruzione,M,Y_GE65,,TOTAL,PSE,99,414.0
082023,2019,istruzione,M,Y_GE65,,TOTAL,PSE,99,415.0
082023,2020,istruzione,M,Y_GE65,,TOTAL,PSE,99,415.0
082023,2021,istruzione,M,Y_GE65,,TOTAL,PSE,99,392.0
082023,2022,istruzione,M,Y_GE65,,TOTAL,PSE,99,390.0
082023,2023,istruzione,M,Y_GE65,,TOTAL,PSE,99,370.0
082023,2024,istruzione,M,Y_GE65,,TOTAL,PSE,99,353.0
082023,2018,istruzione,M,Y_GE65,,TOTAL,USE_IF,99,133.0
082023,2019,istruzione,M,Y_GE65,,TOTAL,USE_IF,99,160.0
082023,2020,istruzione,M,Y_GE65,,TOTAL,USE_IF,99,181.0
082023,2021,istruzione,M,Y_GE65,,TOTAL,USE_IF,99,193.0
082023,2022,istruzione,M,Y_GE65,,TOTAL,USE_IF,99,204.0
082023,2023,istruzione,M,Y_GE65,,TOTAL,USE_IF,99,218.0
082023,2024,istruzione,M,Y_GE65,,TOTAL,USE_IF,99,224.0
082023,2018,istruzione,M,Y_GE9,,TOTAL,ALL,99,5052.0
082023,2019,istruzione,M,Y_GE9,,TOTAL,ALL,99,5108.0
082023,2020,istruzione,M,Y_GE9,,TOTAL,ALL,99,5136.0
082023,2021,istruzione,M,Y_GE9,,TOTAL,ALL,99,5214.0
082023,2022,istruzione,M,Y_GE9,,TOTAL,ALL,99,5213.0
082023,2023,istruzione,M,Y_GE9,,TOTAL,ALL,99,5237.0
082023,2024,istruzione,M,Y_GE9,,TOTAL,ALL,99,5313.0
082023,2018,istruzione,M,Y_GE9,,TOTAL,BL,99,105.0
082023,2019,istruzione,M,Y_GE9,,TOTAL,BL,99,121.0
082023,2020,istruzione,M,Y_GE9,,TOTAL,BL,99,135.0
082023,2021,istruzione,M,Y_GE9,,TOTAL,BL,99,136.0
082023,2022,istruzione,M,Y_GE9,,TOTAL,BL,99,125.0
082023,2023,istruzione,M,Y_GE9,,TOTAL,BL,99,164.0
082023,2024,istruzione,M,Y_GE9,,TOTAL,BL,99,180.0
082023,2018,istruzione,M,Y_GE9,,TOTAL,IL,99,58.0
082023,2019,istruzione,M,Y_GE9,,TOTAL,IL,99,56.0
082023,2020,istruzione,M,Y_GE9,,TOTAL,IL,99,48.0
082023,2021,istruzione,M,Y_GE9,,TOTAL,IL,99,48.0
082023,2022,istruzione,M,Y_GE9,,TOTAL,IL,99,37.0
082023,2023,istruzione,M,Y_GE9,,TOTAL,IL,99,35.0
082023,2024,istruzione,M,Y_GE9,,TOTAL,IL,99,34.0
082023,2018,istruzione,M,Y_GE9,,TOTAL,LBNA,99,233.0
082023,2019,istruzione,M,Y_GE9,,TOTAL,LBNA,99,229.0
082023,2020,istruzione,M,Y_GE9,,TOTAL,LBNA,99,240.0
082023,2021,istruzione,M,Y_GE9,,TOTAL,LBNA,99,231.0
082023,2022,istruzione,M,Y_GE9,,TOTAL,LBNA,99,217.0
082023,2023,istruzione,M,Y_GE9,,TOTAL,LBNA,99,194.0
082023,2024,istruzione,M,Y_GE9,,TOTAL,LBNA,99,204.0
082023,2018,istruzione,M,Y_GE9,,TOTAL,LSE,99,1895.0
082023,2019,istruzione,M,Y_GE9,,TOTAL,LSE,99,1970.0
082023,2020,istruzione,M,Y_GE9,,TOTAL,LSE,99,1910.0
082023,2021,istruzione,M,Y_GE9,,TOTAL,LSE,99,1942.0
082023,2022,istruzione,M,Y_GE9,,TOTAL,LSE,99,1871.0
082023,2023,istruzione,M,Y_GE9,,TOTAL,LSE,99,1897.0
082023,2024,istruzione,M,Y_GE9,,TOTAL,LSE,99,1951.0
082023,2018,istruzione,M,Y_GE9,,TOTAL,ML,99,336.0
082023,2019,istruzione,M,Y_GE9,,TOTAL,ML,99,324.0
082023,2020,istruzione,M,Y_GE9,,TOTAL,ML,99,328.0
082023,2021,istruzione,M,Y_GE9,,TOTAL,ML,99,346.0
082023,2022,istruzione,M,Y_GE9,,TOTAL,ML,99,366.0
082023,2023,istruzione,M,Y_GE9,,TOTAL,ML,99,346.0
082023,2024,istruzione,M,Y_GE9,,TOTAL,ML,99,356.0
082023,2018,istruzione,M,Y_GE9,,TOTAL,ML_RDD,99,356.0
082023,2019,istruzione,M,Y_GE9,,TOTAL,ML_RDD,99,341.0
082023,2020,istruzione,M,Y_GE9,,TOTAL,ML_RDD,99,343.0
082023,2021,istruzione,M,Y_GE9,,TOTAL,ML_RDD,99,363.0
082023,2022,istruzione,M,Y_GE9,,TOTAL,ML_RDD,99,375.0
082023,2023,istruzione,M,Y_GE9,,TOTAL,ML_RDD,99,360.0
082023,2024,istruzione,M,Y_GE9,,TOTAL,ML_RDD,99,374.0
082023,2018,istruzione,M,Y_GE9,,TOTAL,NED,99,291.0
082023,2019,istruzione,M,Y_GE9,,TOTAL,NED,99,286.0
082023,2020,istruzione,M,Y_GE9,,TOTAL,NED,99,288.0
082023,2021,istruzione,M,Y_GE9,,TOTAL,NED,99,279.0
082023,2022,istruzione,M,Y_GE9,,TOTAL,NED,99,254.0
082023,2023,istruzione,M,Y_GE9,,TOTAL,NED,99,229.0
082023,2024,istruzione,M,Y_GE9,,TOTAL,NED,99,238.0
082023,2018,istruzione,M,Y_GE9,,TOTAL,PSE,99,856.0
082023,2019,istruzione,M,Y_GE9,,TOTAL,PSE,99,805.0
082023,2020,istruzione,M,Y_GE9,,TOTAL,PSE,99,812.0
082023,2021,istruzione,M,Y_GE9,,TOTAL,PSE,99,818.0
082023,2022,istruzione,M,Y_GE9,,TOTAL,PSE,99,783.0
082023,2023,istruzione,M,Y_GE9,,TOTAL,PSE,99,762.0
082023,2024,istruzione,M,Y_GE9,,TOTAL,PSE,99,710.0
082023,2018,istruzione,M,Y_GE9,,TOTAL,RDD,99,20.0
082023,2019,istruzione,M,Y_GE9,,TOTAL,RDD,99,18.0
082023,2020,istruzione,M,Y_GE9,,TOTAL,RDD,99,15.0
082023,2021,istruzione,M,Y_GE9,,TOTAL,RDD,99,17.0
082023,2022,istruzione,M,Y_GE9,,TOTAL,RDD,99,9.0
082023,2023,istruzione,M,Y_GE9,,TOTAL,RDD,99,14.0
082023,2024,istruzione,M,Y_GE9,,TOTAL,RDD,99,18.0
082023,2018,istruzione,M,Y_GE9,,TOTAL,USE_IF,99,1550.0
082023,2019,istruzione,M,Y_GE9,,TOTAL,USE_IF,99,1585.0
082023,2020,istruzione,M,Y_GE9,,TOTAL,USE_IF,99,1648.0
082023,2021,istruzione,M,Y_GE9,,TOTAL,USE_IF,99,1676.0
082023,2022,istruzione,M,Y_GE9,,TOTAL,USE_IF,99,1805.0
082023,2023,istruzione,M,Y_GE9,,TOTAL,USE_IF,99,1825.0
082023,2024,istruzione,M,Y_GE9,,TOTAL,USE_IF,99,1860.0
082023,2018,istruzione,M,Y25-49,,TOTAL,ALL,99,1971.0
082023,2019,istruzione,M,Y25-49,,TOTAL,ALL,99,1930.0
082023,2020,istruzione,M,Y25-49,,TOTAL,ALL,99,1877.0
082023,2021,istruzione,M,Y25-49,,TOTAL,ALL,99,1853.0
082023,2022,istruzione,M,Y25-49,,TOTAL,ALL,99,1835.0
082023,2023,istruzione,M,Y25-49,,TOTAL,ALL,99,1819.0
082023,2024,istruzione,M,Y25-49,,TOTAL,ALL,99,1812.0
082023,2018,istruzione,M,Y25-49,,TOTAL,BL,99,74.0
082023,2019,istruzione,M,Y25-49,,TOTAL,BL,99,83.0
082023,2020,istruzione,M,Y25-49,,TOTAL,BL,99,87.0
082023,2021,istruzione,M,Y25-49,,TOTAL,BL,99,91.0
082023,2022,istruzione,M,Y25-49,,TOTAL,BL,99,80.0
082023,2023,istruzione,M,Y25-49,,TOTAL,BL,99,97.0
082023,2024,istruzione,M,Y25-49,,TOTAL,BL,99,114.0
082023,2018,istruzione,M,Y25-49,,TOTAL,LSE,99,760.0
082023,2019,istruzione,M,Y25-49,,TOTAL,LSE,99,761.0
082023,2020,istruzione,M,Y25-49,,TOTAL,LSE,99,689.0
082023,2021,istruzione,M,Y25-49,,TOTAL,LSE,99,694.0
082023,2022,istruzione,M,Y25-49,,TOTAL,LSE,99,639.0
082023,2023,istruzione,M,Y25-49,,TOTAL,LSE,99,643.0
082023,2024,istruzione,M,Y25-49,,TOTAL,LSE,99,623.0
082023,2018,istruzione,M,Y25-49,,TOTAL,ML_RDD,99,191.0
082023,2019,istruzione,M,Y25-49,,TOTAL,ML_RDD,99,169.0
082023,2020,istruzione,M,Y25-49,,TOTAL,ML_RDD,99,177.0
082023,2021,istruzione,M,Y25-49,,TOTAL,ML_RDD,99,181.0
082023,2022,istruzione,M,Y25-49,,TOTAL,ML_RDD,99,185.0
082023,2023,istruzione,M,Y25-49,,TOTAL,ML_RDD,99,179.0
082023,2024,istruzione,M,Y25-49,,TOTAL,ML_RDD,99,189.0
082023,2018,istruzione,M,Y25-49,,TOTAL,NED,99,6.0
082023,2019,istruzione,M,Y25-49,,TOTAL,NED,99,15.0
082023,2020,istruzione,M,Y25-49,,TOTAL,NED,99,12.0
082023,2021,istruzione,M,Y25-49,,TOTAL,NED,99,13.0
082023,2022,istruzione,M,Y25-49,,TOTAL,NED,99,14.0
082023,2023,istruzione,M,Y25-49,,TOTAL,NED,99,8.0
082023,2024,istruzione,M,Y25-49,,TOTAL,NED,99,7.0
082023,2018,istruzione,M,Y25-49,,TOTAL,PSE,99,87.0
082023,2019,istruzione,M,Y25-49,,TOTAL,PSE,99,66.0
082023,2020,istruzione,M,Y25-49,,TOTAL,PSE,99,66.0
082023,2021,istruzione,M,Y25-49,,TOTAL,PSE,99,62.0
082023,2022,istruzione,M,Y25-49,,TOTAL,PSE,99,46.0
082023,2023,istruzione,M,Y25-49,,TOTAL,PSE,99,45.0
082023,2024,istruzione,M,Y25-49,,TOTAL,PSE,99,42.0
082023,2018,istruzione,M,Y25-49,,TOTAL,USE_IF,99,853.0
082023,2019,istruzione,M,Y25-49,,TOTAL,USE_IF,99,836.0
082023,2020,istruzione,M,Y25-49,,TOTAL,USE_IF,99,846.0
082023,2021,istruzione,M,Y25-49,,TOTAL,USE_IF,99,812.0
082023,2022,istruzione,M,Y25-49,,TOTAL,USE_IF,99,871.0
082023,2023,istruzione,M,Y25-49,,TOTAL,USE_IF,99,847.0
082023,2024,istruzione,M,Y25-49,,TOTAL,USE_IF,99,837.0
082023,2018,istruzione,M,Y50-64,,TOTAL,ALL,99,1060.0
082023,2019,istruzione,M,Y50-64,,TOTAL,ALL,99,1121.0
082023,2020,istruzione,M,Y50-64,,TOTAL,ALL,99,1154.0
082023,2021,istruzione,M,Y50-64,,TOTAL,ALL,99,1206.0
082023,2022,istruzione,M,Y50-64,,TOTAL,ALL,99,1227.0
082023,2023,istruzione,M,Y50-64,,TOTAL,ALL,99,1256.0
082023,2024,istruzione,M,Y50-64,,TOTAL,ALL,99,1301.0
082023,2018,istruzione,M,Y50-64,,TOTAL,BL,99,15.0
082023,2019,istruzione,M,Y50-64,,TOTAL,BL,99,24.0
082023,2020,istruzione,M,Y50-64,,TOTAL,BL,99,25.0
082023,2021,istruzione,M,Y50-64,,TOTAL,BL,99,22.0
082023,2022,istruzione,M,Y50-64,,TOTAL,BL,99,25.0
082023,2023,istruzione,M,Y50-64,,TOTAL,BL,99,31.0
082023,2024,istruzione,M,Y50-64,,TOTAL,BL,99,32.0
082023,2018,istruzione,M,Y50-64,,TOTAL,LSE,99,448.0
082023,2019,istruzione,M,Y50-64,,TOTAL,LSE,99,491.0
082023,2020,istruzione,M,Y50-64,,TOTAL,LSE,99,512.0
082023,2021,istruzione,M,Y50-64,,TOTAL,LSE,99,546.0
082023,2022,istruzione,M,Y50-64,,TOTAL,LSE,99,528.0
082023,2023,istruzione,M,Y50-64,,TOTAL,LSE,99,551.0
082023,2024,istruzione,M,Y50-64,,TOTAL,LSE,99,560.0
082023,2018,istruzione,M,Y50-64,,TOTAL,ML_RDD,99,97.0
082023,2019,istruzione,M,Y50-64,,TOTAL,ML_RDD,99,95.0
082023,2020,istruzione,M,Y50-64,,TOTAL,ML_RDD,99,95.0
082023,2021,istruzione,M,Y50-64,,TOTAL,ML_RDD,99,100.0
082023,2022,istruzione,M,Y50-64,,TOTAL,ML_RDD,99,107.0
082023,2023,istruzione,M,Y50-64,,TOTAL,ML_RDD,99,96.0
082023,2024,istruzione,M,Y50-64,,TOTAL,ML_RDD,99,102.0
082023,2018,istruzione,M,Y50-64,,TOTAL,NED,99,33.0
082023,2019,istruzione,M,Y50-64,,TOTAL,NED,99,30.0
082023,2020,istruzione,M,Y50-64,,TOTAL,NED,99,31.0
082023,2021,istruzione,M,Y50-64,,TOTAL,NED,99,17.0
082023,2022,istruzione,M,Y50-64,,TOTAL,NED,99,24.0
082023,2023,istruzione,M,Y50-64,,TOTAL,NED,99,25.0
082023,2024,istruzione,M,Y50-64,,TOTAL,NED,99,24.0
082023,2018,istruzione,M,Y50-64,,TOTAL,PSE,99,150.0
082023,2019,istruzione,M,Y50-64,,TOTAL,PSE,99,126.0
082023,2020,istruzione,M,Y50-64,,TOTAL,PSE,99,127.0
082023,2021,istruzione,M,Y50-64,,TOTAL,PSE,99,131.0
082023,2022,istruzione,M,Y50-64,,TOTAL,PSE,99,120.0
082023,2023,istruzione,M,Y50-64,,TOTAL,PSE,99,113.0
082023,2024,istruzione,M,Y50-64,,TOTAL,PSE,99,108.0
082023,2018,istruzione,M,Y50-64,,TOTAL,USE_IF,99,317.0
082023,2019,istruzione,M,Y50-64,,TOTAL,USE_IF,99,355.0
082023,2020,istruzione,M,Y50-64,,TOTAL,USE_IF,99,364.0
082023,2021,istruzione,M,Y50-64,,TOTAL,USE_IF,99,390.0
082023,2022,istruzione,M,Y50-64,,TOTAL,USE_IF,99,423.0
082023,2023,istruzione,M,Y50-64,,TOTAL,USE_IF,99,440.0
082023,2024,istruzione,M,Y50-64,,TOTAL,USE_IF,99,475.0
082023,2018,istruzione,M,Y9-24,,TOTAL,ALL,99,1024.0
082023,2019,istruzione,M,Y9-24,,TOTAL,ALL,99,1044.0
082023,2020,istruzione,M,Y9-24,,TOTAL,ALL,99,1052.0
082023,2021,istruzione,M,Y9-24,,TOTAL,ALL,99,1093.0
082023,2022,istruzione,M,Y9-24,,TOTAL,ALL,99,1076.0
082023,2023,istruzione,M,Y9-24,,TOTAL,ALL,99,1082.0
082023,2024,istruzione,M,Y9-24,,TOTAL,ALL,99,1102.0
082023,2018,istruzione,M,Y9-24,,TOTAL,BL,99,8.0
082023,2019,istruzione,M,Y9-24,,TOTAL,BL,99,13.0
082023,2020,istruzione,M,Y9-24,,TOTAL,BL,99,18.0
082023,2021,istruzione,M,Y9-24,,TOTAL,BL,99,20.0
082023,2022,istruzione,M,Y9-24,,TOTAL,BL,99,15.0
082023,2023,istruzione,M,Y9-24,,TOTAL,BL,99,28.0
082023,2024,istruzione,M,Y9-24,,TOTAL,BL,99,25.0
082023,2018,istruzione,M,Y9-24,,TOTAL,LSE,99,437.0
082023,2019,istruzione,M,Y9-24,,TOTAL,LSE,99,462.0
082023,2020,istruzione,M,Y9-24,,TOTAL,LSE,99,438.0
082023,2021,istruzione,M,Y9-24,,TOTAL,LSE,99,422.0
082023,2022,istruzione,M,Y9-24,,TOTAL,LSE,99,399.0
082023,2023,istruzione,M,Y9-24,,TOTAL,LSE,99,384.0
082023,2024,istruzione,M,Y9-24,,TOTAL,LSE,99,422.0
082023,2018,istruzione,M,Y9-24,,TOTAL,ML_RDD,99,1.0
082023,2019,istruzione,M,Y9-24,,TOTAL,ML_RDD,99,0.0
082023,2021,istruzione,M,Y9-24,,TOTAL,ML_RDD,99,5.0
082023,2022,istruzione,M,Y9-24,,TOTAL,ML_RDD,99,3.0
082023,2023,istruzione,M,Y9-24,,TOTAL,ML_RDD,99,4.0
082023,2024,istruzione,M,Y9-24,,TOTAL,ML_RDD,99,2.0
082023,2018,istruzione,M,Y9-24,,TOTAL,NED,99,126.0
082023,2019,istruzione,M,Y9-24,,TOTAL,NED,99,137.0
082023,2020,istruzione,M,Y9-24,,TOTAL,NED,99,135.0
082023,2021,istruzione,M,Y9-24,,TOTAL,NED,99,132.0
082023,2022,istruzione,M,Y9-24,,TOTAL,NED,99,125.0
082023,2023,istruzione,M,Y9-24,,TOTAL,NED,99,112.0
082023,2024,istruzione,M,Y9-24,,TOTAL,NED,99,122.0
082023,2018,istruzione,M,Y9-24,,TOTAL,PSE,99,205.0
082023,2019,istruzione,M,Y9-24,,TOTAL,PSE,99,198.0
082023,2020,istruzione,M,Y9-24,,TOTAL,PSE,99,204.0
082023,2021,istruzione,M,Y9-24,,TOTAL,PSE,99,233.0
082023,2022,istruzione,M,Y9-24,,TOTAL,PSE,99,227.0
082023,2023,istruzione,M,Y9-24,,TOTAL,PSE,99,234.0
082023,2024,istruzione,M,Y9-24,,TOTAL,PSE,99,207.0
082023,2018,istruzione,M,Y9-24,,TOTAL,USE_IF,99,247.0
082023,2019,istruzione,M,Y9-24,,TOTAL,USE_IF,99,234.0
082023,2020,istruzione,M,Y9-24,,TOTAL,USE_IF,99,257.0
082023,2021,istruzione,M,Y9-24,,TOTAL,USE_IF,99,281.0
082023,2022,istruzione,M,Y9-24,,TOTAL,USE_IF,99,307.0
082023,2023,istruzione,M,Y9-24,,TOTAL,USE_IF,99,320.0
082023,2024,istruzione,M,Y9-24,,TOTAL,USE_IF,99,324.0
082023,2018,istruzione,T,Y_GE65,,TOTAL,ALL,99,2180.0
082023,2019,istruzione,T,Y_GE65,,TOTAL,ALL,99,2218.0
082023,2020,istruzione,T,Y_GE65,,TOTAL,ALL,99,2287.0
082023,2021,istruzione,T,Y_GE65,,TOTAL,ALL,99,2324.0
082023,2022,istruzione,T,Y_GE65,,TOTAL,ALL,99,2358.0
082023,2023,istruzione,T,Y_GE65,,TOTAL,ALL,99,2376.0
082023,2024,istruzione,T,Y_GE65,,TOTAL,ALL,99,2414.0
082023,2018,istruzione,T,Y_GE65,,TOTAL,BL,99,9.0
082023,2019,istruzione,T,Y_GE65,,TOTAL,BL,99,2.0
082023,2020,istruzione,T,Y_GE65,,TOTAL,BL,99,6.0
082023,2021,istruzione,T,Y_GE65,,TOTAL,BL,99,7.0
082023,2022,istruzione,T,Y_GE65,,TOTAL,BL,99,7.0
082023,2023,istruzione,T,Y_GE65,,TOTAL,BL,99,13.0
082023,2024,istruzione,T,Y_GE65,,TOTAL,BL,99,16.0
082023,2018,istruzione,T,Y_GE65,,TOTAL,LSE,99,477.0
082023,2019,istruzione,T,Y_GE65,,TOTAL,LSE,99,502.0
082023,2020,istruzione,T,Y_GE65,,TOTAL,LSE,99,510.0
082023,2021,istruzione,T,Y_GE65,,TOTAL,LSE,99,585.0
082023,2022,istruzione,T,Y_GE65,,TOTAL,LSE,99,608.0
082023,2023,istruzione,T,Y_GE65,,TOTAL,LSE,99,636.0
082023,2024,istruzione,T,Y_GE65,,TOTAL,LSE,99,680.0
082023,2018,istruzione,T,Y_GE65,,TOTAL,ML_RDD,99,105.0
082023,2019,istruzione,T,Y_GE65,,TOTAL,ML_RDD,99,130.0
082023,2020,istruzione,T,Y_GE65,,TOTAL,ML_RDD,99,129.0
082023,2021,istruzione,T,Y_GE65,,TOTAL,ML_RDD,99,140.0
082023,2022,istruzione,T,Y_GE65,,TOTAL,ML_RDD,99,155.0
082023,2023,istruzione,T,Y_GE65,,TOTAL,ML_RDD,99,162.0
082023,2024,istruzione,T,Y_GE65,,TOTAL,ML_RDD,99,162.0
082023,2018,istruzione,T,Y_GE65,,TOTAL,NED,99,341.0
082023,2019,istruzione,T,Y_GE65,,TOTAL,NED,99,294.0
082023,2020,istruzione,T,Y_GE65,,TOTAL,NED,99,322.0
082023,2021,istruzione,T,Y_GE65,,TOTAL,NED,99,316.0
082023,2022,istruzione,T,Y_GE65,,TOTAL,NED,99,250.0
082023,2023,istruzione,T,Y_GE65,,TOTAL,NED,99,261.0
082023,2024,istruzione,T,Y_GE65,,TOTAL,NED,99,256.0
082023,2018,istruzione,T,Y_GE65,,TOTAL,PSE,99,997.0
082023,2019,istruzione,T,Y_GE65,,TOTAL,PSE,99,996.0
082023,2020,istruzione,T,Y_GE65,,TOTAL,PSE,99,999.0
082023,2021,istruzione,T,Y_GE65,,TOTAL,PSE,99,930.0
082023,2022,istruzione,T,Y_GE65,,TOTAL,PSE,99,960.0
082023,2023,istruzione,T,Y_GE65,,TOTAL,PSE,99,900.0
082023,2024,istruzione,T,Y_GE65,,TOTAL,PSE,99,878.0
082023,2018,istruzione,T,Y_GE65,,TOTAL,USE_IF,99,251.0
082023,2019,istruzione,T,Y_GE65,,TOTAL,USE_IF,99,294.0
082023,2020,istruzione,T,Y_GE65,,TOTAL,USE_IF,99,321.0
082023,2021,istruzione,T,Y_GE65,,TOTAL,USE_IF,99,346.0
082023,2022,istruzione,T,Y_GE65,,TOTAL,USE_IF,99,378.0
082023,2023,istruzione,T,Y_GE65,,TOTAL,USE_IF,99,404.0
082023,2024,istruzione,T,Y_GE65,,TOTAL,USE_IF,99,422.0
082023,2018,istruzione,T,Y_GE9,,TOTAL,ALL,99,10304.0
082023,2019,istruzione,T,Y_GE9,,TOTAL,ALL,99,10412.0
082023,2020,istruzione,T,Y_GE9,,TOTAL,ALL,99,10478.0
082023,2021,istruzione,T,Y_GE9,,TOTAL,ALL,99,10575.0
082023,2022,istruzione,T,Y_GE9,,TOTAL,ALL,99,10638.0
082023,2023,istruzione,T,Y_GE9,,TOTAL,ALL,99,10684.0
082023,2024,istruzione,T,Y_GE9,,TOTAL,ALL,99,10809.0
082023,2018,istruzione,T,Y_GE9,,TOTAL,BL,99,257.0
082023,2019,istruzione,T,Y_GE9,,TOTAL,BL,99,275.0
082023,2020,istruzione,T,Y_GE9,,TOTAL,BL,99,304.0
082023,2021,istruzione,T,Y_GE9,,TOTAL,BL,99,310.0
082023,2022,istruzione,T,Y_GE9,,TOTAL,BL,99,299.0
082023,2023,istruzione,T,Y_GE9,,TOTAL,BL,99,362.0
082023,2024,istruzione,T,Y_GE9,,TOTAL,BL,99,383.0
082023,2018,istruzione,T,Y_GE9,,TOTAL,IL,99,115.0
082023,2019,istruzione,T,Y_GE9,,TOTAL,IL,99,116.0
082023,2020,istruzione,T,Y_GE9,,TOTAL,IL,99,118.0
082023,2021,istruzione,T,Y_GE9,,TOTAL,IL,99,103.0
082023,2022,istruzione,T,Y_GE9,,TOTAL,IL,99,83.0
082023,2023,istruzione,T,Y_GE9,,TOTAL,IL,99,81.0
082023,2024,istruzione,T,Y_GE9,,TOTAL,IL,99,77.0
082023,2018,istruzione,T,Y_GE9,,TOTAL,LBNA,99,555.0
082023,2019,istruzione,T,Y_GE9,,TOTAL,LBNA,99,532.0
082023,2020,istruzione,T,Y_GE9,,TOTAL,LBNA,99,542.0
082023,2021,istruzione,T,Y_GE9,,TOTAL,LBNA,99,524.0
082023,2022,istruzione,T,Y_GE9,,TOTAL,LBNA,99,509.0
082023,2023,istruzione,T,Y_GE9,,TOTAL,LBNA,99,487.0
082023,2024,istruzione,T,Y_GE9,,TOTAL,LBNA,99,482.0
082023,2018,istruzione,T,Y_GE9,,TOTAL,LSE,99,3611.0
082023,2019,istruzione,T,Y_GE9,,TOTAL,LSE,99,3765.0
082023,2020,istruzione,T,Y_GE9,,TOTAL,LSE,99,3680.0
082023,2021,istruzione,T,Y_GE9,,TOTAL,LSE,99,3738.0
082023,2022,istruzione,T,Y_GE9,,TOTAL,LSE,99,3653.0
082023,2023,istruzione,T,Y_GE9,,TOTAL,LSE,99,3716.0
082023,2024,istruzione,T,Y_GE9,,TOTAL,LSE,99,3775.0
082023,2018,istruzione,T,Y_GE9,,TOTAL,ML,99,715.0
082023,2019,istruzione,T,Y_GE9,,TOTAL,ML,99,709.0
082023,2020,istruzione,T,Y_GE9,,TOTAL,ML,99,757.0
082023,2021,istruzione,T,Y_GE9,,TOTAL,ML,99,793.0
082023,2022,istruzione,T,Y_GE9,,TOTAL,ML,99,849.0
082023,2023,istruzione,T,Y_GE9,,TOTAL,ML,99,805.0
082023,2024,istruzione,T,Y_GE9,,TOTAL,ML,99,836.0
082023,2018,istruzione,T,Y_GE9,,TOTAL,ML_RDD,99,744.0
082023,2019,istruzione,T,Y_GE9,,TOTAL,ML_RDD,99,738.0
082023,2020,istruzione,T,Y_GE9,,TOTAL,ML_RDD,99,784.0
082023,2021,istruzione,T,Y_GE9,,TOTAL,ML_RDD,99,820.0
082023,2022,istruzione,T,Y_GE9,,TOTAL,ML_RDD,99,876.0
082023,2023,istruzione,T,Y_GE9,,TOTAL,ML_RDD,99,833.0
082023,2024,istruzione,T,Y_GE9,,TOTAL,ML_RDD,99,867.0
082023,2018,istruzione,T,Y_GE9,,TOTAL,NED,99,670.0
082023,2019,istruzione,T,Y_GE9,,TOTAL,NED,99,648.0
082023,2020,istruzione,T,Y_GE9,,TOTAL,NED,99,660.0
082023,2021,istruzione,T,Y_GE9,,TOTAL,NED,99,627.0
082023,2022,istruzione,T,Y_GE9,,TOTAL,NED,99,592.0
082023,2023,istruzione,T,Y_GE9,,TOTAL,NED,99,568.0
082023,2024,istruzione,T,Y_GE9,,TOTAL,NED,99,559.0
082023,2018,istruzione,T,Y_GE9,,TOTAL,PSE,99,1926.0
082023,2019,istruzione,T,Y_GE9,,TOTAL,PSE,99,1864.0
082023,2020,istruzione,T,Y_GE9,,TOTAL,PSE,99,1840.0
082023,2021,istruzione,T,Y_GE9,,TOTAL,PSE,99,1799.0
082023,2022,istruzione,T,Y_GE9,,TOTAL,PSE,99,1765.0
082023,2023,istruzione,T,Y_GE9,,TOTAL,PSE,99,1714.0
082023,2024,istruzione,T,Y_GE9,,TOTAL,PSE,99,1641.0
082023,2018,istruzione,T,Y_GE9,,TOTAL,RDD,99,29.0
082023,2019,istruzione,T,Y_GE9,,TOTAL,RDD,99,29.0
082023,2020,istruzione,T,Y_GE9,,TOTAL,RDD,99,27.0
082023,2021,istruzione,T,Y_GE9,,TOTAL,RDD,99,27.0
082023,2022,istruzione,T,Y_GE9,,TOTAL,RDD,99,27.0
082023,2023,istruzione,T,Y_GE9,,TOTAL,RDD,99,28.0
082023,2024,istruzione,T,Y_GE9,,TOTAL,RDD,99,31.0
082023,2018,istruzione,T,Y_GE9,,TOTAL,USE_IF,99,3097.0
082023,2019,istruzione,T,Y_GE9,,TOTAL,USE_IF,99,3123.0
082023,2020,istruzione,T,Y_GE9,,TOTAL,USE_IF,99,3210.0
082023,2021,istruzione,T,Y_GE9,,TOTAL,USE_IF,99,3281.0
082023,2022,istruzione,T,Y_GE9,,TOTAL,USE_IF,99,3453.0
082023,2023,istruzione,T,Y_GE9,,TOTAL,USE_IF,99,3491.0
082023,2024,istruzione,T,Y_GE9,,TOTAL,USE_IF,99,3584.0
082023,2018,istruzione,T,Y25-49,,TOTAL,ALL,99,3997.0
082023,2019,istruzione,T,Y25-49,,TOTAL,ALL,99,3945.0
082023,2020,istruzione,T,Y25-49,,TOTAL,ALL,99,3857.0
082023,2021,istruzione,T,Y25-49,,TOTAL,ALL,99,3810.0
082023,2022,istruzione,T,Y25-49,,TOTAL,ALL,99,3751.0
082023,2023,istruzione,T,Y25-49,,TOTAL,ALL,99,3700.0
082023,2024,istruzione,T,Y25-49,,TOTAL,ALL,99,3680.0
082023,2018,istruzione,T,Y25-49,,TOTAL,BL,99,189.0
082023,2019,istruzione,T,Y25-49,,TOTAL,BL,99,203.0
082023,2020,istruzione,T,Y25-49,,TOTAL,BL,99,202.0
082023,2021,istruzione,T,Y25-49,,TOTAL,BL,99,215.0
082023,2022,istruzione,T,Y25-49,,TOTAL,BL,99,210.0
082023,2023,istruzione,T,Y25-49,,TOTAL,BL,99,238.0
082023,2024,istruzione,T,Y25-49,,TOTAL,BL,99,260.0
082023,2018,istruzione,T,Y25-49,,TOTAL,LSE,99,1463.0
082023,2019,istruzione,T,Y25-49,,TOTAL,LSE,99,1468.0
082023,2020,istruzione,T,Y25-49,,TOTAL,LSE,99,1355.0
082023,2021,istruzione,T,Y25-49,,TOTAL,LSE,99,1315.0
082023,2022,istruzione,T,Y25-49,,TOTAL,LSE,99,1243.0
082023,2023,istruzione,T,Y25-49,,TOTAL,LSE,99,1237.0
082023,2024,istruzione,T,Y25-49,,TOTAL,LSE,99,1195.0
082023,2018,istruzione,T,Y25-49,,TOTAL,ML_RDD,99,456.0
082023,2019,istruzione,T,Y25-49,,TOTAL,ML_RDD,99,422.0
082023,2020,istruzione,T,Y25-49,,TOTAL,ML_RDD,99,472.0
082023,2021,istruzione,T,Y25-49,,TOTAL,ML_RDD,99,483.0
082023,2022,istruzione,T,Y25-49,,TOTAL,ML_RDD,99,506.0
082023,2023,istruzione,T,Y25-49,,TOTAL,ML_RDD,99,469.0
082023,2024,istruzione,T,Y25-49,,TOTAL,ML_RDD,99,489.0
082023,2018,istruzione,T,Y25-49,,TOTAL,NED,99,20.0
082023,2019,istruzione,T,Y25-49,,TOTAL,NED,99,26.0
082023,2020,istruzione,T,Y25-49,,TOTAL,NED,99,21.0
082023,2021,istruzione,T,Y25-49,,TOTAL,NED,99,24.0
082023,2022,istruzione,T,Y25-49,,TOTAL,NED,99,31.0
082023,2023,istruzione,T,Y25-49,,TOTAL,NED,99,25.0
082023,2024,istruzione,T,Y25-49,,TOTAL,NED,99,22.0
082023,2018,istruzione,T,Y25-49,,TOTAL,PSE,99,159.0
082023,2019,istruzione,T,Y25-49,,TOTAL,PSE,99,140.0
082023,2020,istruzione,T,Y25-49,,TOTAL,PSE,99,125.0
082023,2021,istruzione,T,Y25-49,,TOTAL,PSE,99,115.0
082023,2022,istruzione,T,Y25-49,,TOTAL,PSE,99,88.0
082023,2023,istruzione,T,Y25-49,,TOTAL,PSE,99,84.0
082023,2024,istruzione,T,Y25-49,,TOTAL,PSE,99,77.0
082023,2018,istruzione,T,Y25-49,,TOTAL,USE_IF,99,1710.0
082023,2019,istruzione,T,Y25-49,,TOTAL,USE_IF,99,1686.0
082023,2020,istruzione,T,Y25-49,,TOTAL,USE_IF,99,1682.0
082023,2021,istruzione,T,Y25-49,,TOTAL,USE_IF,99,1658.0
082023,2022,istruzione,T,Y25-49,,TOTAL,USE_IF,99,1673.0
082023,2023,istruzione,T,Y25-49,,TOTAL,USE_IF,99,1647.0
082023,2024,istruzione,T,Y25-49,,TOTAL,USE_IF,99,1637.0
082023,2018,istruzione,T,Y50-64,,TOTAL,ALL,99,2141.0
082023,2019,istruzione,T,Y50-64,,TOTAL,ALL,99,2242.0
082023,2020,istruzione,T,Y50-64,,TOTAL,ALL,99,2321.0
082023,2021,istruzione,T,Y50-64,,TOTAL,ALL,99,2388.0
082023,2022,istruzione,T,Y50-64,,TOTAL,ALL,99,2467.0
082023,2023,istruzione,T,Y50-64,,TOTAL,ALL,99,2513.0
082023,2024,istruzione,T,Y50-64,,TOTAL,ALL,99,2599.0
082023,2018,istruzione,T,Y50-64,,TOTAL,BL,99,28.0
082023,2019,istruzione,T,Y50-64,,TOTAL,BL,99,37.0
082023,2020,istruzione,T,Y50-64,,TOTAL,BL,99,47.0
082023,2021,istruzione,T,Y50-64,,TOTAL,BL,99,41.0
082023,2022,istruzione,T,Y50-64,,TOTAL,BL,99,41.0
082023,2023,istruzione,T,Y50-64,,TOTAL,BL,99,56.0
082023,2024,istruzione,T,Y50-64,,TOTAL,BL,99,56.0
082023,2018,istruzione,T,Y50-64,,TOTAL,LSE,99,883.0
082023,2019,istruzione,T,Y50-64,,TOTAL,LSE,99,964.0
082023,2020,istruzione,T,Y50-64,,TOTAL,LSE,99,1011.0
082023,2021,istruzione,T,Y50-64,,TOTAL,LSE,99,1045.0
082023,2022,istruzione,T,Y50-64,,TOTAL,LSE,99,1034.0
082023,2023,istruzione,T,Y50-64,,TOTAL,LSE,99,1072.0
082023,2024,istruzione,T,Y50-64,,TOTAL,LSE,99,1100.0
082023,2018,istruzione,T,Y50-64,,TOTAL,ML_RDD,99,180.0
082023,2019,istruzione,T,Y50-64,,TOTAL,ML_RDD,99,184.0
082023,2020,istruzione,T,Y50-64,,TOTAL,ML_RDD,99,181.0
082023,2021,istruzione,T,Y50-64,,TOTAL,ML_RDD,99,189.0
082023,2022,istruzione,T,Y50-64,,TOTAL,ML_RDD,99,207.0
082023,2023,istruzione,T,Y50-64,,TOTAL,ML_RDD,99,190.0
082023,2024,istruzione,T,Y50-64,,TOTAL,ML_RDD,99,209.0
082023,2018,istruzione,T,Y50-64,,TOTAL,NED,99,68.0
082023,2019,istruzione,T,Y50-64,,TOTAL,NED,99,67.0
082023,2020,istruzione,T,Y50-64,,TOTAL,NED,99,67.0
082023,2021,istruzione,T,Y50-64,,TOTAL,NED,99,37.0
082023,2022,istruzione,T,Y50-64,,TOTAL,NED,99,47.0
082023,2023,istruzione,T,Y50-64,,TOTAL,NED,99,50.0
082023,2024,istruzione,T,Y50-64,,TOTAL,NED,99,48.0
082023,2018,istruzione,T,Y50-64,,TOTAL,PSE,99,365.0
082023,2019,istruzione,T,Y50-64,,TOTAL,PSE,99,344.0
082023,2020,istruzione,T,Y50-64,,TOTAL,PSE,99,310.0
082023,2021,istruzione,T,Y50-64,,TOTAL,PSE,99,323.0
082023,2022,istruzione,T,Y50-64,,TOTAL,PSE,99,302.0
082023,2023,istruzione,T,Y50-64,,TOTAL,PSE,99,287.0
082023,2024,istruzione,T,Y50-64,,TOTAL,PSE,99,271.0
082023,2018,istruzione,T,Y50-64,,TOTAL,USE_IF,99,617.0
082023,2019,istruzione,T,Y50-64,,TOTAL,USE_IF,99,646.0
082023,2020,istruzione,T,Y50-64,,TOTAL,USE_IF,99,705.0
082023,2021,istruzione,T,Y50-64,,TOTAL,USE_IF,99,753.0
082023,2022,istruzione,T,Y50-64,,TOTAL,USE_IF,99,836.0
082023,2023,istruzione,T,Y50-64,,TOTAL,USE_IF,99,858.0
082023,2024,istruzione,T,Y50-64,,TOTAL,USE_IF,99,915.0
082023,2018,istruzione,T,Y9-24,,TOTAL,ALL,99,1986.0
082023,2019,istruzione,T,Y9-24,,TOTAL,ALL,99,2007.0
082023,2020,istruzione,T,Y9-24,,TOTAL,ALL,99,2013.0
082023,2021,istruzione,T,Y9-24,,TOTAL,ALL,99,2053.0
082023,2022,istruzione,T,Y9-24,,TOTAL,ALL,99,2062.0
082023,2023,istruzione,T,Y9-24,,TOTAL,ALL,99,2095.0
082023,2024,istruzione,T,Y9-24,,TOTAL,ALL,99,2116.0
082023,2018,istruzione,T,Y9-24,,TOTAL,BL,99,30.0
082023,2019,istruzione,T,Y9-24,,TOTAL,BL,99,33.0
082023,2020,istruzione,T,Y9-24,,TOTAL,BL,99,49.0
082023,2021,istruzione,T,Y9-24,,TOTAL,BL,99,47.0
082023,2022,istruzione,T,Y9-24,,TOTAL,BL,99,41.0
082023,2023,istruzione,T,Y9-24,,TOTAL,BL,99,55.0
082023,2024,istruzione,T,Y9-24,,TOTAL,BL,99,51.0
082023,2018,istruzione,T,Y9-24,,TOTAL,LSE,99,788.0
082023,2019,istruzione,T,Y9-24,,TOTAL,LSE,99,830.0
082023,2020,istruzione,T,Y9-24,,TOTAL,LSE,99,804.0
082023,2021,istruzione,T,Y9-24,,TOTAL,LSE,99,793.0
082023,2022,istruzione,T,Y9-24,,TOTAL,LSE,99,768.0
082023,2023,istruzione,T,Y9-24,,TOTAL,LSE,99,771.0
082023,2024,istruzione,T,Y9-24,,TOTAL,LSE,99,800.0
082023,2018,istruzione,T,Y9-24,,TOTAL,ML_RDD,99,3.0
082023,2019,istruzione,T,Y9-24,,TOTAL,ML_RDD,99,2.0
082023,2020,istruzione,T,Y9-24,,TOTAL,ML_RDD,99,2.0
082023,2021,istruzione,T,Y9-24,,TOTAL,ML_RDD,99,8.0
082023,2022,istruzione,T,Y9-24,,TOTAL,ML_RDD,99,8.0
082023,2023,istruzione,T,Y9-24,,TOTAL,ML_RDD,99,12.0
082023,2024,istruzione,T,Y9-24,,TOTAL,ML_RDD,99,7.0
082023,2018,istruzione,T,Y9-24,,TOTAL,NED,99,241.0
082023,2019,istruzione,T,Y9-24,,TOTAL,NED,99,261.0
082023,2020,istruzione,T,Y9-24,,TOTAL,NED,99,250.0
082023,2021,istruzione,T,Y9-24,,TOTAL,NED,99,250.0
082023,2022,istruzione,T,Y9-24,,TOTAL,NED,99,264.0
082023,2023,istruzione,T,Y9-24,,TOTAL,NED,99,232.0
082023,2024,istruzione,T,Y9-24,,TOTAL,NED,99,233.0
082023,2018,istruzione,T,Y9-24,,TOTAL,PSE,99,405.0
082023,2019,istruzione,T,Y9-24,,TOTAL,PSE,99,384.0
082023,2020,istruzione,T,Y9-24,,TOTAL,PSE,99,406.0
082023,2021,istruzione,T,Y9-24,,TOTAL,PSE,99,431.0
082023,2022,istruzione,T,Y9-24,,TOTAL,PSE,99,415.0
082023,2023,istruzione,T,Y9-24,,TOTAL,PSE,99,443.0
082023,2024,istruzione,T,Y9-24,,TOTAL,PSE,99,415.0
082023,2018,istruzione,T,Y9-24,,TOTAL,USE_IF,99,519.0
082023,2019,istruzione,T,Y9-24,,TOTAL,USE_IF,99,497.0
082023,2020,istruzione,T,Y9-24,,TOTAL,USE_IF,99,502.0
082023,2021,istruzione,T,Y9-24,,TOTAL,USE_IF,99,524.0
082023,2022,istruzione,T,Y9-24,,TOTAL,USE_IF,99,566.0
082023,2023,istruzione,T,Y9-24,,TOTAL,USE_IF,99,582.0
082023,2024,istruzione,T,Y9-24,,TOTAL,USE_IF,99,610.0
082035,2018,istruzione,F,Y_GE65,,TOTAL,ALL,99,963.0
082035,2019,istruzione,F,Y_GE65,,TOTAL,ALL,99,998.0
082035,2020,istruzione,F,Y_GE65,,TOTAL,ALL,99,1061.0
082035,2021,istruzione,F,Y_GE65,,TOTAL,ALL,99,1070.0
082035,2022,istruzione,F,Y_GE65,,TOTAL,ALL,99,1100.0
082035,2023,istruzione,F,Y_GE65,,TOTAL,ALL,99,1091.0
082035,2024,istruzione,F,Y_GE65,,TOTAL,ALL,99,1106.0000000000002
082035,2018,istruzione,F,Y_GE65,,TOTAL,BL,99,7.0
082035,2019,istruzione,F,Y_GE65,,TOTAL,BL,99,2.0
082035,2020,istruzione,F,Y_GE65,,TOTAL,BL,99,6.0
082035,2021,istruzione,F,Y_GE65,,TOTAL,BL,99,7.0
082035,2022,istruzione,F,Y_GE65,,TOTAL,BL,99,8.0
082035,2023,istruzione,F,Y_GE65,,TOTAL,BL,99,7.0
082035,2024,istruzione,F,Y_GE65,,TOTAL,BL,99,8.0
082035,2018,istruzione,F,Y_GE65,,TOTAL,LSE,99,175.0
082035,2019,istruzione,F,Y_GE65,,TOTAL,LSE,99,190.0
082035,2020,istruzione,F,Y_GE65,,TOTAL,LSE,99,228.0
082035,2021,istruzione,F,Y_GE65,,TOTAL,LSE,99,222.0
082035,2022,istruzione,F,Y_GE65,,TOTAL,LSE,99,246.0
082035,2023,istruzione,F,Y_GE65,,TOTAL,LSE,99,256.0
082035,2024,istruzione,F,Y_GE65,,TOTAL,LSE,99,279.0
082035,2018,istruzione,F,Y_GE65,,TOTAL,ML_RDD,99,28.0
082035,2019,istruzione,F,Y_GE65,,TOTAL,ML_RDD,99,33.0
082035,2020,istruzione,F,Y_GE65,,TOTAL,ML_RDD,99,33.0
082035,2021,istruzione,F,Y_GE65,,TOTAL,ML_RDD,99,35.0
082035,2022,istruzione,F,Y_GE65,,TOTAL,ML_RDD,99,36.0
082035,2023,istruzione,F,Y_GE65,,TOTAL,ML_RDD,99,33.0
082035,2024,istruzione,F,Y_GE65,,TOTAL,ML_RDD,99,36.0
082035,2018,istruzione,F,Y_GE65,,TOTAL,NED,99,154.0
082035,2019,istruzione,F,Y_GE65,,TOTAL,NED,99,150.0
082035,2020,istruzione,F,Y_GE65,,TOTAL,NED,99,135.0
082035,2021,istruzione,F,Y_GE65,,TOTAL,NED,99,153.0
082035,2022,istruzione,F,Y_GE65,,TOTAL,NED,99,120.0
082035,2023,istruzione,F,Y_GE65,,TOTAL,NED,99,132.0
082035,2024,istruzione,F,Y_GE65,,TOTAL,NED,99,121.0
082035,2018,istruzione,F,Y_GE65,,TOTAL,PSE,99,493.0
082035,2019,istruzione,F,Y_GE65,,TOTAL,PSE,99,521.0
082035,2020,istruzione,F,Y_GE65,,TOTAL,PSE,99,534.0
082035,2021,istruzione,F,Y_GE65,,TOTAL,PSE,99,529.0
082035,2022,istruzione,F,Y_GE65,,TOTAL,PSE,99,560.0
082035,2023,istruzione,F,Y_GE65,,TOTAL,PSE,99,516.0
082035,2024,istruzione,F,Y_GE65,,TOTAL,PSE,99,508.0
082035,2018,istruzione,F,Y_GE65,,TOTAL,USE_IF,99,106.0
082035,2019,istruzione,F,Y_GE65,,TOTAL,USE_IF,99,102.0
082035,2020,istruzione,F,Y_GE65,,TOTAL,USE_IF,99,125.0
082035,2021,istruzione,F,Y_GE65,,TOTAL,USE_IF,99,124.0
082035,2022,istruzione,F,Y_GE65,,TOTAL,USE_IF,99,130.0
082035,2023,istruzione,F,Y_GE65,,TOTAL,USE_IF,99,147.0
082035,2024,istruzione,F,Y_GE65,,TOTAL,USE_IF,99,154.0
082035,2018,istruzione,F,Y_GE9,,TOTAL,ALL,99,5719.0
082035,2019,istruzione,F,Y_GE9,,TOTAL,ALL,99,5798.0
082035,2020,istruzione,F,Y_GE9,,TOTAL,ALL,99,5819.0
082035,2021,istruzione,F,Y_GE9,,TOTAL,ALL,99,5907.0
082035,2022,istruzione,F,Y_GE9,,TOTAL,ALL,99,5972.0
082035,2023,istruzione,F,Y_GE9,,TOTAL,ALL,99,5921.0
082035,2024,istruzione,F,Y_GE9,,TOTAL,ALL,99,5966.0
082035,2018,istruzione,F,Y_GE9,,TOTAL,BL,99,158.0
082035,2019,istruzione,F,Y_GE9,,TOTAL,BL,99,173.0
082035,2020,istruzione,F,Y_GE9,,TOTAL,BL,99,174.0
082035,2021,istruzione,F,Y_GE9,,TOTAL,BL,99,188.0
082035,2022,istruzione,F,Y_GE9,,TOTAL,BL,99,194.0
082035,2023,istruzione,F,Y_GE9,,TOTAL,BL,99,208.0
082035,2024,istruzione,F,Y_GE9,,TOTAL,BL,99,208.0
082035,2018,istruzione,F,Y_GE9,,TOTAL,IL,99,43.0
082035,2019,istruzione,F,Y_GE9,,TOTAL,IL,99,45.0
082035,2020,istruzione,F,Y_GE9,,TOTAL,IL,99,41.0
082035,2021,istruzione,F,Y_GE9,,TOTAL,IL,99,36.0
082035,2022,istruzione,F,Y_GE9,,TOTAL,IL,99,36.0
082035,2023,istruzione,F,Y_GE9,,TOTAL,IL,99,36.0
082035,2024,istruzione,F,Y_GE9,,TOTAL,IL,99,31.0
082035,2018,istruzione,F,Y_GE9,,TOTAL,LBNA,99,313.0
082035,2019,istruzione,F,Y_GE9,,TOTAL,LBNA,99,319.0
082035,2020,istruzione,F,Y_GE9,,TOTAL,LBNA,99,288.0
082035,2021,istruzione,F,Y_GE9,,TOTAL,LBNA,99,302.0
082035,2022,istruzione,F,Y_GE9,,TOTAL,LBNA,99,290.0
082035,2023,istruzione,F,Y_GE9,,TOTAL,LBNA,99,288.0
082035,2024,istruzione,F,Y_GE9,,TOTAL,LBNA,99,263.0
082035,2018,istruzione,F,Y_GE9,,TOTAL,LSE,99,2102.0
082035,2019,istruzione,F,Y_GE9,,TOTAL,LSE,99,2101.0
082035,2020,istruzione,F,Y_GE9,,TOTAL,LSE,99,2105.0
082035,2021,istruzione,F,Y_GE9,,TOTAL,LSE,99,2101.0
082035,2022,istruzione,F,Y_GE9,,TOTAL,LSE,99,2167.0
082035,2023,istruzione,F,Y_GE9,,TOTAL,LSE,99,2115.0
082035,2024,istruzione,F,Y_GE9,,TOTAL,LSE,99,2157.0
082035,2018,istruzione,F,Y_GE9,,TOTAL,ML,99,312.0
082035,2019,istruzione,F,Y_GE9,,TOTAL,ML,99,322.0
082035,2020,istruzione,F,Y_GE9,,TOTAL,ML,99,352.0
082035,2021,istruzione,F,Y_GE9,,TOTAL,ML,99,370.0
082035,2022,istruzione,F,Y_GE9,,TOTAL,ML,99,355.0
082035,2023,istruzione,F,Y_GE9,,TOTAL,ML,99,350.0
082035,2024,istruzione,F,Y_GE9,,TOTAL,ML,99,382.0
082035,2018,istruzione,F,Y_GE9,,TOTAL,ML_RDD,99,325.0
082035,2019,istruzione,F,Y_GE9,,TOTAL,ML_RDD,99,335.0
082035,2020,istruzione,F,Y_GE9,,TOTAL,ML_RDD,99,362.0
082035,2021,istruzione,F,Y_GE9,,TOTAL,ML_RDD,99,382.0
082035,2022,istruzione,F,Y_GE9,,TOTAL,ML_RDD,99,366.0
082035,2023,istruzione,F,Y_GE9,,TOTAL,ML_RDD,99,361.0
082035,2024,istruzione,F,Y_GE9,,TOTAL,ML_RDD,99,392.0
082035,2018,istruzione,F,Y_GE9,,TOTAL,NED,99,355.0
082035,2019,istruzione,F,Y_GE9,,TOTAL,NED,99,364.0
082035,2020,istruzione,F,Y_GE9,,TOTAL,NED,99,329.0
082035,2021,istruzione,F,Y_GE9,,TOTAL,NED,99,338.0
082035,2022,istruzione,F,Y_GE9,,TOTAL,NED,99,326.0
082035,2023,istruzione,F,Y_GE9,,TOTAL,NED,99,324.0
082035,2024,istruzione,F,Y_GE9,,TOTAL,NED,99,294.0
082035,2018,istruzione,F,Y_GE9,,TOTAL,PSE,99,1128.0
082035,2019,istruzione,F,Y_GE9,,TOTAL,PSE,99,1127.0
082035,2020,istruzione,F,Y_GE9,,TOTAL,PSE,99,1142.0
082035,2021,istruzione,F,Y_GE9,,TOTAL,PSE,99,1153.0
082035,2022,istruzione,F,Y_GE9,,TOTAL,PSE,99,1156.0
082035,2023,istruzione,F,Y_GE9,,TOTAL,PSE,99,1097.0
082035,2024,istruzione,F,Y_GE9,,TOTAL,PSE,99,1058.0
082035,2018,istruzione,F,Y_GE9,,TOTAL,RDD,99,13.0
082035,2019,istruzione,F,Y_GE9,,TOTAL,RDD,99,12.0
082035,2020,istruzione,F,Y_GE9,,TOTAL,RDD,99,10.0
082035,2021,istruzione,F,Y_GE9,,TOTAL,RDD,99,12.0
082035,2022,istruzione,F,Y_GE9,,TOTAL,RDD,99,11.0
082035,2023,istruzione,F,Y_GE9,,TOTAL,RDD,99,11.0
082035,2024,istruzione,F,Y_GE9,,TOTAL,RDD,99,10.0
082035,2018,istruzione,F,Y_GE9,,TOTAL,USE_IF,99,1652.0
082035,2019,istruzione,F,Y_GE9,,TOTAL,USE_IF,99,1699.0
082035,2020,istruzione,F,Y_GE9,,TOTAL,USE_IF,99,1707.0
082035,2021,istruzione,F,Y_GE9,,TOTAL,USE_IF,99,1745.0
082035,2022,istruzione,F,Y_GE9,,TOTAL,USE_IF,99,1763.0
082035,2023,istruzione,F,Y_GE9,,TOTAL,USE_IF,99,1816.0
082035,2024,istruzione,F,Y_GE9,,TOTAL,USE_IF,99,1857.0
082035,2018,istruzione,F,Y25-49,,TOTAL,ALL,99,2373.0
082035,2019,istruzione,F,Y25-49,,TOTAL,ALL,99,2362.0
082035,2020,istruzione,F,Y25-49,,TOTAL,ALL,99,2312.0
082035,2021,istruzione,F,Y25-49,,TOTAL,ALL,99,2308.0
082035,2022,istruzione,F,Y25-49,,TOTAL,ALL,99,2309.0
082035,2023,istruzione,F,Y25-49,,TOTAL,ALL,99,2237.0
082035,2024,istruzione,F,Y25-49,,TOTAL,ALL,99,2212.0000000000005
082035,2018,istruzione,F,Y25-49,,TOTAL,BL,99,116.0
082035,2019,istruzione,F,Y25-49,,TOTAL,BL,99,143.0
082035,2020,istruzione,F,Y25-49,,TOTAL,BL,99,139.0
082035,2021,istruzione,F,Y25-49,,TOTAL,BL,99,127.0
082035,2022,istruzione,F,Y25-49,,TOTAL,BL,99,134.0
082035,2023,istruzione,F,Y25-49,,TOTAL,BL,99,146.0
082035,2024,istruzione,F,Y25-49,,TOTAL,BL,99,139.0
082035,2018,istruzione,F,Y25-49,,TOTAL,LSE,99,916.0
082035,2019,istruzione,F,Y25-49,,TOTAL,LSE,99,904.0
082035,2020,istruzione,F,Y25-49,,TOTAL,LSE,99,854.0
082035,2021,istruzione,F,Y25-49,,TOTAL,LSE,99,820.0
082035,2022,istruzione,F,Y25-49,,TOTAL,LSE,99,865.0
082035,2023,istruzione,F,Y25-49,,TOTAL,LSE,99,776.0
082035,2024,istruzione,F,Y25-49,,TOTAL,LSE,99,749.0
082035,2018,istruzione,F,Y25-49,,TOTAL,ML_RDD,99,225.0
082035,2019,istruzione,F,Y25-49,,TOTAL,ML_RDD,99,210.0
082035,2020,istruzione,F,Y25-49,,TOTAL,ML_RDD,99,240.0
082035,2021,istruzione,F,Y25-49,,TOTAL,ML_RDD,99,259.0
082035,2022,istruzione,F,Y25-49,,TOTAL,ML_RDD,99,241.0
082035,2023,istruzione,F,Y25-49,,TOTAL,ML_RDD,99,238.0
082035,2024,istruzione,F,Y25-49,,TOTAL,ML_RDD,99,259.0
082035,2018,istruzione,F,Y25-49,,TOTAL,NED,99,18.0
082035,2019,istruzione,F,Y25-49,,TOTAL,NED,99,15.0
082035,2020,istruzione,F,Y25-49,,TOTAL,NED,99,9.0
082035,2021,istruzione,F,Y25-49,,TOTAL,NED,99,7.0
082035,2022,istruzione,F,Y25-49,,TOTAL,NED,99,8.0
082035,2023,istruzione,F,Y25-49,,TOTAL,NED,99,10.0
082035,2024,istruzione,F,Y25-49,,TOTAL,NED,99,9.0
082035,2018,istruzione,F,Y25-49,,TOTAL,PSE,99,129.0
082035,2019,istruzione,F,Y25-49,,TOTAL,PSE,99,97.0
082035,2020,istruzione,F,Y25-49,,TOTAL,PSE,99,100.0
082035,2021,istruzione,F,Y25-49,,TOTAL,PSE,99,94.0
082035,2022,istruzione,F,Y25-49,,TOTAL,PSE,99,82.0
082035,2023,istruzione,F,Y25-49,,TOTAL,PSE,99,74.0
082035,2024,istruzione,F,Y25-49,,TOTAL,PSE,99,67.0
082035,2018,istruzione,F,Y25-49,,TOTAL,USE_IF,99,969.0
082035,2019,istruzione,F,Y25-49,,TOTAL,USE_IF,99,993.0
082035,2020,istruzione,F,Y25-49,,TOTAL,USE_IF,99,970.0
082035,2021,istruzione,F,Y25-49,,TOTAL,USE_IF,99,1001.0
082035,2022,istruzione,F,Y25-49,,TOTAL,USE_IF,99,979.0
082035,2023,istruzione,F,Y25-49,,TOTAL,USE_IF,99,993.0
082035,2024,istruzione,F,Y25-49,,TOTAL,USE_IF,99,989.0
082035,2018,istruzione,F,Y50-64,,TOTAL,ALL,99,1181.0
082035,2019,istruzione,F,Y50-64,,TOTAL,ALL,99,1224.0
082035,2020,istruzione,F,Y50-64,,TOTAL,ALL,99,1254.0
082035,2021,istruzione,F,Y50-64,,TOTAL,ALL,99,1310.0
082035,2022,istruzione,F,Y50-64,,TOTAL,ALL,99,1324.0
082035,2023,istruzione,F,Y50-64,,TOTAL,ALL,99,1360.0
082035,2024,istruzione,F,Y50-64,,TOTAL,ALL,99,1418.0
082035,2018,istruzione,F,Y50-64,,TOTAL,BL,99,19.0
082035,2019,istruzione,F,Y50-64,,TOTAL,BL,99,15.0
082035,2020,istruzione,F,Y50-64,,TOTAL,BL,99,11.0
082035,2021,istruzione,F,Y50-64,,TOTAL,BL,99,26.0
082035,2022,istruzione,F,Y50-64,,TOTAL,BL,99,24.0
082035,2023,istruzione,F,Y50-64,,TOTAL,BL,99,27.0
082035,2024,istruzione,F,Y50-64,,TOTAL,BL,99,25.0
082035,2018,istruzione,F,Y50-64,,TOTAL,LSE,99,492.0
082035,2019,istruzione,F,Y50-64,,TOTAL,LSE,99,500.0
082035,2020,istruzione,F,Y50-64,,TOTAL,LSE,99,550.0
082035,2021,istruzione,F,Y50-64,,TOTAL,LSE,99,586.0
082035,2022,istruzione,F,Y50-64,,TOTAL,LSE,99,608.0
082035,2023,istruzione,F,Y50-64,,TOTAL,LSE,99,608.0
082035,2024,istruzione,F,Y50-64,,TOTAL,LSE,99,639.0
082035,2018,istruzione,F,Y50-64,,TOTAL,ML_RDD,99,71.0
082035,2019,istruzione,F,Y50-64,,TOTAL,ML_RDD,99,88.0
082035,2020,istruzione,F,Y50-64,,TOTAL,ML_RDD,99,83.0
082035,2021,istruzione,F,Y50-64,,TOTAL,ML_RDD,99,80.0
082035,2022,istruzione,F,Y50-64,,TOTAL,ML_RDD,99,84.0
082035,2023,istruzione,F,Y50-64,,TOTAL,ML_RDD,99,85.0
082035,2024,istruzione,F,Y50-64,,TOTAL,ML_RDD,99,89.0
082035,2018,istruzione,F,Y50-64,,TOTAL,NED,99,30.0
082035,2019,istruzione,F,Y50-64,,TOTAL,NED,99,38.0
082035,2020,istruzione,F,Y50-64,,TOTAL,NED,99,39.0
082035,2021,istruzione,F,Y50-64,,TOTAL,NED,99,27.0
082035,2022,istruzione,F,Y50-64,,TOTAL,NED,99,22.0
082035,2023,istruzione,F,Y50-64,,TOTAL,NED,99,30.0
082035,2024,istruzione,F,Y50-64,,TOTAL,NED,99,28.0
082035,2018,istruzione,F,Y50-64,,TOTAL,PSE,99,281.0
082035,2019,istruzione,F,Y50-64,,TOTAL,PSE,99,268.0
082035,2020,istruzione,F,Y50-64,,TOTAL,PSE,99,256.0
082035,2021,istruzione,F,Y50-64,,TOTAL,PSE,99,251.0
082035,2022,istruzione,F,Y50-64,,TOTAL,PSE,99,246.0
082035,2023,istruzione,F,Y50-64,,TOTAL,PSE,99,239.0
082035,2024,istruzione,F,Y50-64,,TOTAL,PSE,99,226.0
082035,2018,istruzione,F,Y50-64,,TOTAL,USE_IF,99,288.0
082035,2019,istruzione,F,Y50-64,,TOTAL,USE_IF,99,315.0
082035,2020,istruzione,F,Y50-64,,TOTAL,USE_IF,99,315.0
082035,2021,istruzione,F,Y50-64,,TOTAL,USE_IF,99,340.0
082035,2022,istruzione,F,Y50-64,,TOTAL,USE_IF,99,340.0
082035,2023,istruzione,F,Y50-64,,TOTAL,USE_IF,99,371.0
082035,2024,istruzione,F,Y50-64,,TOTAL,USE_IF,99,411.0
082035,2018,istruzione,F,Y9-24,,TOTAL,ALL,99,1202.0
082035,2019,istruzione,F,Y9-24,,TOTAL,ALL,99,1214.0
082035,2020,istruzione,F,Y9-24,,TOTAL,ALL,99,1192.0
082035,2021,istruzione,F,Y9-24,,TOTAL,ALL,99,1219.0
082035,2022,istruzione,F,Y9-24,,TOTAL,ALL,99,1239.0
082035,2023,istruzione,F,Y9-24,,TOTAL,ALL,99,1233.0
082035,2024,istruzione,F,Y9-24,,TOTAL,ALL,99,1230.0
082035,2018,istruzione,F,Y9-24,,TOTAL,BL,99,16.0
082035,2019,istruzione,F,Y9-24,,TOTAL,BL,99,13.0
082035,2020,istruzione,F,Y9-24,,TOTAL,BL,99,18.0
082035,2021,istruzione,F,Y9-24,,TOTAL,BL,99,28.0
082035,2022,istruzione,F,Y9-24,,TOTAL,BL,99,28.0
082035,2023,istruzione,F,Y9-24,,TOTAL,BL,99,28.0
082035,2024,istruzione,F,Y9-24,,TOTAL,BL,99,36.0
082035,2018,istruzione,F,Y9-24,,TOTAL,LSE,99,519.0
082035,2019,istruzione,F,Y9-24,,TOTAL,LSE,99,507.0
082035,2020,istruzione,F,Y9-24,,TOTAL,LSE,99,473.0
082035,2021,istruzione,F,Y9-24,,TOTAL,LSE,99,473.0
082035,2022,istruzione,F,Y9-24,,TOTAL,LSE,99,448.0
082035,2023,istruzione,F,Y9-24,,TOTAL,LSE,99,475.0
082035,2024,istruzione,F,Y9-24,,TOTAL,LSE,99,490.0
082035,2018,istruzione,F,Y9-24,,TOTAL,ML_RDD,99,1.0
082035,2019,istruzione,F,Y9-24,,TOTAL,ML_RDD,99,3.0
082035,2020,istruzione,F,Y9-24,,TOTAL,ML_RDD,99,6.0
082035,2021,istruzione,F,Y9-24,,TOTAL,ML_RDD,99,8.0
082035,2022,istruzione,F,Y9-24,,TOTAL,ML_RDD,99,5.0
082035,2023,istruzione,F,Y9-24,,TOTAL,ML_RDD,99,5.0
082035,2024,istruzione,F,Y9-24,,TOTAL,ML_RDD,99,8.0
082035,2018,istruzione,F,Y9-24,,TOTAL,NED,99,153.0
082035,2019,istruzione,F,Y9-24,,TOTAL,NED,99,161.0
082035,2020,istruzione,F,Y9-24,,TOTAL,NED,99,146.0
082035,2021,istruzione,F,Y9-24,,TOTAL,NED,99,151.0
082035,2022,istruzione,F,Y9-24,,TOTAL,NED,99,176.0
082035,2023,istruzione,F,Y9-24,,TOTAL,NED,99,152.0
082035,2024,istruzione,F,Y9-24,,TOTAL,NED,99,136.0
082035,2018,istruzione,F,Y9-24,,TOTAL,PSE,99,224.0
082035,2019,istruzione,F,Y9-24,,TOTAL,PSE,99,241.0
082035,2020,istruzione,F,Y9-24,,TOTAL,PSE,99,252.0
082035,2021,istruzione,F,Y9-24,,TOTAL,PSE,99,279.0
082035,2022,istruzione,F,Y9-24,,TOTAL,PSE,99,268.0
082035,2023,istruzione,F,Y9-24,,TOTAL,PSE,99,268.0
082035,2024,istruzione,F,Y9-24,,TOTAL,PSE,99,257.0
082035,2018,istruzione,F,Y9-24,,TOTAL,USE_IF,99,289.0
082035,2019,istruzione,F,Y9-24,,TOTAL,USE_IF,99,289.0
082035,2020,istruzione,F,Y9-24,,TOTAL,USE_IF,99,297.0
082035,2021,istruzione,F,Y9-24,,TOTAL,USE_IF,99,280.0
082035,2022,istruzione,F,Y9-24,,TOTAL,USE_IF,99,314.0
082035,2023,istruzione,F,Y9-24,,TOTAL,USE_IF,99,305.0
082035,2024,istruzione,F,Y9-24,,TOTAL,USE_IF,99,303.0
082035,2018,istruzione,M,Y_GE65,,TOTAL,ALL,99,787.0
082035,2019,istruzione,M,Y_GE65,,TOTAL,ALL,99,814.0
082035,2020,istruzione,M,Y_GE65,,TOTAL,ALL,99,868.0
082035,2021,istruzione,M,Y_GE65,,TOTAL,ALL,99,903.0
082035,2022,istruzione,M,Y_GE65,,TOTAL,ALL,99,928.0
082035,2023,istruzione,M,Y_GE65,,TOTAL,ALL,99,934.0
082035,2024,istruzione,M,Y_GE65,,TOTAL,ALL,99,954.0
082035,2018,istruzione,M,Y_GE65,,TOTAL,BL,99,3.0
082035,2019,istruzione,M,Y_GE65,,TOTAL,BL,99,4.0
082035,2020,istruzione,M,Y_GE65,,TOTAL,BL,99,8.0
082035,2021,istruzione,M,Y_GE65,,TOTAL,BL,99,5.0
082035,2022,istruzione,M,Y_GE65,,TOTAL,BL,99,7.0
082035,2023,istruzione,M,Y_GE65,,TOTAL,BL,99,5.0
082035,2024,istruzione,M,Y_GE65,,TOTAL,BL,99,6.0
082035,2018,istruzione,M,Y_GE65,,TOTAL,LSE,99,200.0
082035,2019,istruzione,M,Y_GE65,,TOTAL,LSE,99,209.0
082035,2020,istruzione,M,Y_GE65,,TOTAL,LSE,99,246.0
082035,2021,istruzione,M,Y_GE65,,TOTAL,LSE,99,281.0
082035,2022,istruzione,M,Y_GE65,,TOTAL,LSE,99,287.0
082035,2023,istruzione,M,Y_GE65,,TOTAL,LSE,99,308.0
082035,2024,istruzione,M,Y_GE65,,TOTAL,LSE,99,324.0
082035,2018,istruzione,M,Y_GE65,,TOTAL,ML_RDD,99,34.0
082035,2019,istruzione,M,Y_GE65,,TOTAL,ML_RDD,99,38.0
082035,2020,istruzione,M,Y_GE65,,TOTAL,ML_RDD,99,44.0
082035,2021,istruzione,M,Y_GE65,,TOTAL,ML_RDD,99,39.0
082035,2022,istruzione,M,Y_GE65,,TOTAL,ML_RDD,99,38.0
082035,2023,istruzione,M,Y_GE65,,TOTAL,ML_RDD,99,38.0
082035,2024,istruzione,M,Y_GE65,,TOTAL,ML_RDD,99,41.0
082035,2018,istruzione,M,Y_GE65,,TOTAL,NED,99,91.0
082035,2019,istruzione,M,Y_GE65,,TOTAL,NED,99,89.0
082035,2020,istruzione,M,Y_GE65,,TOTAL,NED,99,78.0
082035,2021,istruzione,M,Y_GE65,,TOTAL,NED,99,89.0
082035,2022,istruzione,M,Y_GE65,,TOTAL,NED,99,68.0
082035,2023,istruzione,M,Y_GE65,,TOTAL,NED,99,76.0
082035,2024,istruzione,M,Y_GE65,,TOTAL,NED,99,72.0
082035,2018,istruzione,M,Y_GE65,,TOTAL,PSE,99,356.0
082035,2019,istruzione,M,Y_GE65,,TOTAL,PSE,99,345.0
082035,2020,istruzione,M,Y_GE65,,TOTAL,PSE,99,356.0
082035,2021,istruzione,M,Y_GE65,,TOTAL,PSE,99,332.0
082035,2022,istruzione,M,Y_GE65,,TOTAL,PSE,99,353.0
082035,2023,istruzione,M,Y_GE65,,TOTAL,PSE,99,338.0
082035,2024,istruzione,M,Y_GE65,,TOTAL,PSE,99,325.0
082035,2018,istruzione,M,Y_GE65,,TOTAL,USE_IF,99,103.0
082035,2019,istruzione,M,Y_GE65,,TOTAL,USE_IF,99,129.0
082035,2020,istruzione,M,Y_GE65,,TOTAL,USE_IF,99,136.0
082035,2021,istruzione,M,Y_GE65,,TOTAL,USE_IF,99,157.0
082035,2022,istruzione,M,Y_GE65,,TOTAL,USE_IF,99,175.0
082035,2023,istruzione,M,Y_GE65,,TOTAL,USE_IF,99,169.0
082035,2024,istruzione,M,Y_GE65,,TOTAL,USE_IF,99,186.0
082035,2018,istruzione,M,Y_GE9,,TOTAL,ALL,99,5499.0
082035,2019,istruzione,M,Y_GE9,,TOTAL,ALL,99,5570.0
082035,2020,istruzione,M,Y_GE9,,TOTAL,ALL,99,5561.0
082035,2021,istruzione,M,Y_GE9,,TOTAL,ALL,99,5660.0
082035,2022,istruzione,M,Y_GE9,,TOTAL,ALL,99,5690.0
082035,2023,istruzione,M,Y_GE9,,TOTAL,ALL,99,5600.0
082035,2024,istruzione,M,Y_GE9,,TOTAL,ALL,99,5642.0
082035,2018,istruzione,M,Y_GE9,,TOTAL,BL,99,141.0
082035,2019,istruzione,M,Y_GE9,,TOTAL,BL,99,132.0
082035,2020,istruzione,M,Y_GE9,,TOTAL,BL,99,129.0
082035,2021,istruzione,M,Y_GE9,,TOTAL,BL,99,144.0
082035,2022,istruzione,M,Y_GE9,,TOTAL,BL,99,154.0
082035,2023,istruzione,M,Y_GE9,,TOTAL,BL,99,135.0
082035,2024,istruzione,M,Y_GE9,,TOTAL,BL,99,148.0
082035,2018,istruzione,M,Y_GE9,,TOTAL,IL,99,40.0
082035,2019,istruzione,M,Y_GE9,,TOTAL,IL,99,50.0
082035,2020,istruzione,M,Y_GE9,,TOTAL,IL,99,53.0
082035,2021,istruzione,M,Y_GE9,,TOTAL,IL,99,42.0
082035,2022,istruzione,M,Y_GE9,,TOTAL,IL,99,38.0
082035,2023,istruzione,M,Y_GE9,,TOTAL,IL,99,38.0
082035,2024,istruzione,M,Y_GE9,,TOTAL,IL,99,35.0
082035,2018,istruzione,M,Y_GE9,,TOTAL,LBNA,99,252.0
082035,2019,istruzione,M,Y_GE9,,TOTAL,LBNA,99,232.0
082035,2020,istruzione,M,Y_GE9,,TOTAL,LBNA,99,226.0
082035,2021,istruzione,M,Y_GE9,,TOTAL,LBNA,99,232.0
082035,2022,istruzione,M,Y_GE9,,TOTAL,LBNA,99,213.0
082035,2023,istruzione,M,Y_GE9,,TOTAL,LBNA,99,201.0
082035,2024,istruzione,M,Y_GE9,,TOTAL,LBNA,99,206.0
082035,2018,istruzione,M,Y_GE9,,TOTAL,LSE,99,2211.0
082035,2019,istruzione,M,Y_GE9,,TOTAL,LSE,99,2285.0
082035,2020,istruzione,M,Y_GE9,,TOTAL,LSE,99,2207.0
082035,2021,istruzione,M,Y_GE9,,TOTAL,LSE,99,2239.0
082035,2022,istruzione,M,Y_GE9,,TOTAL,LSE,99,2259.0
082035,2023,istruzione,M,Y_GE9,,TOTAL,LSE,99,2255.0
082035,2024,istruzione,M,Y_GE9,,TOTAL,LSE,99,2253.0
082035,2018,istruzione,M,Y_GE9,,TOTAL,ML,99,227.0
082035,2019,istruzione,M,Y_GE9,,TOTAL,ML,99,228.0
082035,2020,istruzione,M,Y_GE9,,TOTAL,ML,99,254.0
082035,2021,istruzione,M,Y_GE9,,TOTAL,ML,99,256.0
082035,2022,istruzione,M,Y_GE9,,TOTAL,ML,99,266.0
082035,2023,istruzione,M,Y_GE9,,TOTAL,ML,99,261.0
082035,2024,istruzione,M,Y_GE9,,TOTAL,ML,99,283.0
082035,2018,istruzione,M,Y_GE9,,TOTAL,ML_RDD,99,234.0
082035,2019,istruzione,M,Y_GE9,,TOTAL,ML_RDD,99,243.0
082035,2020,istruzione,M,Y_GE9,,TOTAL,ML_RDD,99,265.0
082035,2021,istruzione,M,Y_GE9,,TOTAL,ML_RDD,99,264.0
082035,2022,istruzione,M,Y_GE9,,TOTAL,ML_RDD,99,282.0
082035,2023,istruzione,M,Y_GE9,,TOTAL,ML_RDD,99,271.0
082035,2024,istruzione,M,Y_GE9,,TOTAL,ML_RDD,99,292.0
082035,2018,istruzione,M,Y_GE9,,TOTAL,NED,99,292.0
082035,2019,istruzione,M,Y_GE9,,TOTAL,NED,99,282.0
082035,2020,istruzione,M,Y_GE9,,TOTAL,NED,99,279.0
082035,2021,istruzione,M,Y_GE9,,TOTAL,NED,99,274.0
082035,2022,istruzione,M,Y_GE9,,TOTAL,NED,99,251.0
082035,2023,istruzione,M,Y_GE9,,TOTAL,NED,99,239.0
082035,2024,istruzione,M,Y_GE9,,TOTAL,NED,99,241.0
082035,2018,istruzione,M,Y_GE9,,TOTAL,PSE,99,946.0
082035,2019,istruzione,M,Y_GE9,,TOTAL,PSE,99,910.0
082035,2020,istruzione,M,Y_GE9,,TOTAL,PSE,99,919.0
082035,2021,istruzione,M,Y_GE9,,TOTAL,PSE,99,890.0
082035,2022,istruzione,M,Y_GE9,,TOTAL,PSE,99,887.0
082035,2023,istruzione,M,Y_GE9,,TOTAL,PSE,99,832.0
082035,2024,istruzione,M,Y_GE9,,TOTAL,PSE,99,789.0
082035,2018,istruzione,M,Y_GE9,,TOTAL,RDD,99,6.0
082035,2019,istruzione,M,Y_GE9,,TOTAL,RDD,99,16.0
082035,2020,istruzione,M,Y_GE9,,TOTAL,RDD,99,11.0
082035,2021,istruzione,M,Y_GE9,,TOTAL,RDD,99,8.0
082035,2022,istruzione,M,Y_GE9,,TOTAL,RDD,99,16.0
082035,2023,istruzione,M,Y_GE9,,TOTAL,RDD,99,10.0
082035,2024,istruzione,M,Y_GE9,,TOTAL,RDD,99,9.0
082035,2018,istruzione,M,Y_GE9,,TOTAL,USE_IF,99,1676.0
082035,2019,istruzione,M,Y_GE9,,TOTAL,USE_IF,99,1718.0
082035,2020,istruzione,M,Y_GE9,,TOTAL,USE_IF,99,1762.0
082035,2021,istruzione,M,Y_GE9,,TOTAL,USE_IF,99,1849.0
082035,2022,istruzione,M,Y_GE9,,TOTAL,USE_IF,99,1857.0
082035,2023,istruzione,M,Y_GE9,,TOTAL,USE_IF,99,1868.0
082035,2024,istruzione,M,Y_GE9,,TOTAL,USE_IF,99,1919.0
082035,2018,istruzione,M,Y25-49,,TOTAL,ALL,99,2279.0
082035,2019,istruzione,M,Y25-49,,TOTAL,ALL,99,2276.0
082035,2020,istruzione,M,Y25-49,,TOTAL,ALL,99,2206.0
082035,2021,istruzione,M,Y25-49,,TOTAL,ALL,99,2204.0
082035,2022,istruzione,M,Y25-49,,TOTAL,ALL,99,2184.0
082035,2023,istruzione,M,Y25-49,,TOTAL,ALL,99,2097.0
082035,2024,istruzione,M,Y25-49,,TOTAL,ALL,99,2086.0
082035,2018,istruzione,M,Y25-49,,TOTAL,BL,99,109.0
082035,2019,istruzione,M,Y25-49,,TOTAL,BL,99,100.0
082035,2020,istruzione,M,Y25-49,,TOTAL,BL,99,82.0
082035,2021,istruzione,M,Y25-49,,TOTAL,BL,99,94.0
082035,2022,istruzione,M,Y25-49,,TOTAL,BL,99,102.0
082035,2023,istruzione,M,Y25-49,,TOTAL,BL,99,86.0
082035,2024,istruzione,M,Y25-49,,TOTAL,BL,99,100.0
082035,2018,istruzione,M,Y25-49,,TOTAL,LSE,99,935.0
082035,2019,istruzione,M,Y25-49,,TOTAL,LSE,99,940.0
082035,2020,istruzione,M,Y25-49,,TOTAL,LSE,99,875.0
082035,2021,istruzione,M,Y25-49,,TOTAL,LSE,99,855.0
082035,2022,istruzione,M,Y25-49,,TOTAL,LSE,99,848.0
082035,2023,istruzione,M,Y25-49,,TOTAL,LSE,99,764.0
082035,2024,istruzione,M,Y25-49,,TOTAL,LSE,99,742.0
082035,2018,istruzione,M,Y25-49,,TOTAL,ML_RDD,99,134.0
082035,2019,istruzione,M,Y25-49,,TOTAL,ML_RDD,99,146.0
082035,2020,istruzione,M,Y25-49,,TOTAL,ML_RDD,99,158.0
082035,2021,istruzione,M,Y25-49,,TOTAL,ML_RDD,99,152.0
082035,2022,istruzione,M,Y25-49,,TOTAL,ML_RDD,99,167.0
082035,2023,istruzione,M,Y25-49,,TOTAL,ML_RDD,99,160.0
082035,2024,istruzione,M,Y25-49,,TOTAL,ML_RDD,99,170.0
082035,2018,istruzione,M,Y25-49,,TOTAL,NED,99,13.0
082035,2019,istruzione,M,Y25-49,,TOTAL,NED,99,14.0
082035,2020,istruzione,M,Y25-49,,TOTAL,NED,99,15.0
082035,2021,istruzione,M,Y25-49,,TOTAL,NED,99,7.0
082035,2022,istruzione,M,Y25-49,,TOTAL,NED,99,11.0
082035,2023,istruzione,M,Y25-49,,TOTAL,NED,99,9.0
082035,2024,istruzione,M,Y25-49,,TOTAL,NED,99,8.0
082035,2018,istruzione,M,Y25-49,,TOTAL,PSE,99,123.0
082035,2019,istruzione,M,Y25-49,,TOTAL,PSE,99,116.0
082035,2020,istruzione,M,Y25-49,,TOTAL,PSE,99,110.0
082035,2021,istruzione,M,Y25-49,,TOTAL,PSE,99,105.0
082035,2022,istruzione,M,Y25-49,,TOTAL,PSE,99,89.0
082035,2023,istruzione,M,Y25-49,,TOTAL,PSE,99,83.0
082035,2024,istruzione,M,Y25-49,,TOTAL,PSE,99,76.0
082035,2018,istruzione,M,Y25-49,,TOTAL,USE_IF,99,965.0
082035,2019,istruzione,M,Y25-49,,TOTAL,USE_IF,99,960.0
082035,2020,istruzione,M,Y25-49,,TOTAL,USE_IF,99,966.0
082035,2021,istruzione,M,Y25-49,,TOTAL,USE_IF,99,991.0
082035,2022,istruzione,M,Y25-49,,TOTAL,USE_IF,99,967.0
082035,2023,istruzione,M,Y25-49,,TOTAL,USE_IF,99,995.0
082035,2024,istruzione,M,Y25-49,,TOTAL,USE_IF,99,990.0
082035,2018,istruzione,M,Y50-64,,TOTAL,ALL,99,1145.0
082035,2019,istruzione,M,Y50-64,,TOTAL,ALL,99,1184.0
082035,2020,istruzione,M,Y50-64,,TOTAL,ALL,99,1214.0
082035,2021,istruzione,M,Y50-64,,TOTAL,ALL,99,1276.0
082035,2022,istruzione,M,Y50-64,,TOTAL,ALL,99,1313.0
082035,2023,istruzione,M,Y50-64,,TOTAL,ALL,99,1335.0
082035,2024,istruzione,M,Y50-64,,TOTAL,ALL,99,1379.9999999999998
082035,2018,istruzione,M,Y50-64,,TOTAL,BL,99,16.0
082035,2019,istruzione,M,Y50-64,,TOTAL,BL,99,13.0
082035,2020,istruzione,M,Y50-64,,TOTAL,BL,99,15.0
082035,2021,istruzione,M,Y50-64,,TOTAL,BL,99,21.0
082035,2022,istruzione,M,Y50-64,,TOTAL,BL,99,20.0
082035,2023,istruzione,M,Y50-64,,TOTAL,BL,99,25.0
082035,2024,istruzione,M,Y50-64,,TOTAL,BL,99,26.0
082035,2018,istruzione,M,Y50-64,,TOTAL,LSE,99,540.0
082035,2019,istruzione,M,Y50-64,,TOTAL,LSE,99,575.0
082035,2020,istruzione,M,Y50-64,,TOTAL,LSE,99,577.0
082035,2021,istruzione,M,Y50-64,,TOTAL,LSE,99,610.0
082035,2022,istruzione,M,Y50-64,,TOTAL,LSE,99,633.0
082035,2023,istruzione,M,Y50-64,,TOTAL,LSE,99,669.0
082035,2024,istruzione,M,Y50-64,,TOTAL,LSE,99,675.0
082035,2018,istruzione,M,Y50-64,,TOTAL,ML_RDD,99,60.0
082035,2019,istruzione,M,Y50-64,,TOTAL,ML_RDD,99,58.0
082035,2020,istruzione,M,Y50-64,,TOTAL,ML_RDD,99,63.0
082035,2021,istruzione,M,Y50-64,,TOTAL,ML_RDD,99,70.0
082035,2022,istruzione,M,Y50-64,,TOTAL,ML_RDD,99,74.0
082035,2023,istruzione,M,Y50-64,,TOTAL,ML_RDD,99,69.0
082035,2024,istruzione,M,Y50-64,,TOTAL,ML_RDD,99,76.0
082035,2018,istruzione,M,Y50-64,,TOTAL,NED,99,28.0
082035,2019,istruzione,M,Y50-64,,TOTAL,NED,99,28.0
082035,2020,istruzione,M,Y50-64,,TOTAL,NED,99,27.0
082035,2021,istruzione,M,Y50-64,,TOTAL,NED,99,28.0
082035,2022,istruzione,M,Y50-64,,TOTAL,NED,99,30.0
082035,2023,istruzione,M,Y50-64,,TOTAL,NED,99,29.0
082035,2024,istruzione,M,Y50-64,,TOTAL,NED,99,28.0
082035,2018,istruzione,M,Y50-64,,TOTAL,PSE,99,190.0
082035,2019,istruzione,M,Y50-64,,TOTAL,PSE,99,184.0
082035,2020,istruzione,M,Y50-64,,TOTAL,PSE,99,182.0
082035,2021,istruzione,M,Y50-64,,TOTAL,PSE,99,175.0
082035,2022,istruzione,M,Y50-64,,TOTAL,PSE,99,183.0
082035,2023,istruzione,M,Y50-64,,TOTAL,PSE,99,157.0
082035,2024,istruzione,M,Y50-64,,TOTAL,PSE,99,164.0
082035,2018,istruzione,M,Y50-64,,TOTAL,USE_IF,99,311.0
082035,2019,istruzione,M,Y50-64,,TOTAL,USE_IF,99,326.0
082035,2020,istruzione,M,Y50-64,,TOTAL,USE_IF,99,350.0
082035,2021,istruzione,M,Y50-64,,TOTAL,USE_IF,99,372.0
082035,2022,istruzione,M,Y50-64,,TOTAL,USE_IF,99,373.0
082035,2023,istruzione,M,Y50-64,,TOTAL,USE_IF,99,386.0
082035,2024,istruzione,M,Y50-64,,TOTAL,USE_IF,99,411.0
082035,2018,istruzione,M,Y9-24,,TOTAL,ALL,99,1288.0
082035,2019,istruzione,M,Y9-24,,TOTAL,ALL,99,1296.0
082035,2020,istruzione,M,Y9-24,,TOTAL,ALL,99,1273.0
082035,2021,istruzione,M,Y9-24,,TOTAL,ALL,99,1277.0
082035,2022,istruzione,M,Y9-24,,TOTAL,ALL,99,1265.0
082035,2023,istruzione,M,Y9-24,,TOTAL,ALL,99,1234.0
082035,2024,istruzione,M,Y9-24,,TOTAL,ALL,99,1222.0
082035,2018,istruzione,M,Y9-24,,TOTAL,BL,99,13.0
082035,2019,istruzione,M,Y9-24,,TOTAL,BL,99,15.0
082035,2020,istruzione,M,Y9-24,,TOTAL,BL,99,24.0
082035,2021,istruzione,M,Y9-24,,TOTAL,BL,99,24.0
082035,2022,istruzione,M,Y9-24,,TOTAL,BL,99,25.0
082035,2023,istruzione,M,Y9-24,,TOTAL,BL,99,19.0
082035,2024,istruzione,M,Y9-24,,TOTAL,BL,99,16.0
082035,2018,istruzione,M,Y9-24,,TOTAL,LSE,99,536.0
082035,2019,istruzione,M,Y9-24,,TOTAL,LSE,99,561.0
082035,2020,istruzione,M,Y9-24,,TOTAL,LSE,99,509.0
082035,2021,istruzione,M,Y9-24,,TOTAL,LSE,99,493.0
082035,2022,istruzione,M,Y9-24,,TOTAL,LSE,99,491.0
082035,2023,istruzione,M,Y9-24,,TOTAL,LSE,99,514.0
082035,2024,istruzione,M,Y9-24,,TOTAL,LSE,99,512.0
082035,2018,istruzione,M,Y9-24,,TOTAL,ML_RDD,99,5.0
082035,2019,istruzione,M,Y9-24,,TOTAL,ML_RDD,99,1.0
082035,2021,istruzione,M,Y9-24,,TOTAL,ML_RDD,99,3.0
082035,2022,istruzione,M,Y9-24,,TOTAL,ML_RDD,99,3.0
082035,2023,istruzione,M,Y9-24,,TOTAL,ML_RDD,99,4.0
082035,2024,istruzione,M,Y9-24,,TOTAL,ML_RDD,99,5.0
082035,2018,istruzione,M,Y9-24,,TOTAL,NED,99,160.0
082035,2019,istruzione,M,Y9-24,,TOTAL,NED,99,151.0
082035,2020,istruzione,M,Y9-24,,TOTAL,NED,99,159.0
082035,2021,istruzione,M,Y9-24,,TOTAL,NED,99,150.0
082035,2022,istruzione,M,Y9-24,,TOTAL,NED,99,142.0
082035,2023,istruzione,M,Y9-24,,TOTAL,NED,99,125.0
082035,2024,istruzione,M,Y9-24,,TOTAL,NED,99,133.0
082035,2018,istruzione,M,Y9-24,,TOTAL,PSE,99,277.0
082035,2019,istruzione,M,Y9-24,,TOTAL,PSE,99,265.0
082035,2020,istruzione,M,Y9-24,,TOTAL,PSE,99,271.0
082035,2021,istruzione,M,Y9-24,,TOTAL,PSE,99,278.0
082035,2022,istruzione,M,Y9-24,,TOTAL,PSE,99,262.0
082035,2023,istruzione,M,Y9-24,,TOTAL,PSE,99,254.0
082035,2024,istruzione,M,Y9-24,,TOTAL,PSE,99,224.0
082035,2018,istruzione,M,Y9-24,,TOTAL,USE_IF,99,297.0
082035,2019,istruzione,M,Y9-24,,TOTAL,USE_IF,99,303.0
082035,2020,istruzione,M,Y9-24,,TOTAL,USE_IF,99,310.0
082035,2021,istruzione,M,Y9-24,,TOTAL,USE_IF,99,329.0
082035,2022,istruzione,M,Y9-24,,TOTAL,USE_IF,99,342.0
082035,2023,istruzione,M,Y9-24,,TOTAL,USE_IF,99,318.0
082035,2024,istruzione,M,Y9-24,,TOTAL,USE_IF,99,332.0
082035,2018,istruzione,T,Y_GE65,,TOTAL,ALL,99,1750.0
082035,2019,istruzione,T,Y_GE65,,TOTAL,ALL,99,1812.0
082035,2020,istruzione,T,Y_GE65,,TOTAL,ALL,99,1929.0
082035,2021,istruzione,T,Y_GE65,,TOTAL,ALL,99,1973.0
082035,2022,istruzione,T,Y_GE65,,TOTAL,ALL,99,2028.0
082035,2023,istruzione,T,Y_GE65,,TOTAL,ALL,99,2025.0
082035,2024,istruzione,T,Y_GE65,,TOTAL,ALL,99,2060.0
082035,2018,istruzione,T,Y_GE65,,TOTAL,BL,99,10.0
082035,2019,istruzione,T,Y_GE65,,TOTAL,BL,99,6.0
082035,2020,istruzione,T,Y_GE65,,TOTAL,BL,99,14.0
082035,2021,istruzione,T,Y_GE65,,TOTAL,BL,99,12.0
082035,2022,istruzione,T,Y_GE65,,TOTAL,BL,99,15.0
082035,2023,istruzione,T,Y_GE65,,TOTAL,BL,99,12.0
082035,2024,istruzione,T,Y_GE65,,TOTAL,BL,99,14.0
082035,2018,istruzione,T,Y_GE65,,TOTAL,LSE,99,375.0
082035,2019,istruzione,T,Y_GE65,,TOTAL,LSE,99,399.0
082035,2020,istruzione,T,Y_GE65,,TOTAL,LSE,99,474.0
082035,2021,istruzione,T,Y_GE65,,TOTAL,LSE,99,503.0
082035,2022,istruzione,T,Y_GE65,,TOTAL,LSE,99,533.0
082035,2023,istruzione,T,Y_GE65,,TOTAL,LSE,99,564.0
082035,2024,istruzione,T,Y_GE65,,TOTAL,LSE,99,603.0
082035,2018,istruzione,T,Y_GE65,,TOTAL,ML_RDD,99,62.0
082035,2019,istruzione,T,Y_GE65,,TOTAL,ML_RDD,99,71.0
082035,2020,istruzione,T,Y_GE65,,TOTAL,ML_RDD,99,77.0
082035,2021,istruzione,T,Y_GE65,,TOTAL,ML_RDD,99,74.0
082035,2022,istruzione,T,Y_GE65,,TOTAL,ML_RDD,99,74.0
082035,2023,istruzione,T,Y_GE65,,TOTAL,ML_RDD,99,71.0
082035,2024,istruzione,T,Y_GE65,,TOTAL,ML_RDD,99,77.0
082035,2018,istruzione,T,Y_GE65,,TOTAL,NED,99,245.0
082035,2019,istruzione,T,Y_GE65,,TOTAL,NED,99,239.0
082035,2020,istruzione,T,Y_GE65,,TOTAL,NED,99,213.0
082035,2021,istruzione,T,Y_GE65,,TOTAL,NED,99,242.0
082035,2022,istruzione,T,Y_GE65,,TOTAL,NED,99,188.0
082035,2023,istruzione,T,Y_GE65,,TOTAL,NED,99,208.0
082035,2024,istruzione,T,Y_GE65,,TOTAL,NED,99,193.0
082035,2018,istruzione,T,Y_GE65,,TOTAL,PSE,99,849.0
082035,2019,istruzione,T,Y_GE65,,TOTAL,PSE,99,866.0
082035,2020,istruzione,T,Y_GE65,,TOTAL,PSE,99,890.0
082035,2021,istruzione,T,Y_GE65,,TOTAL,PSE,99,861.0
082035,2022,istruzione,T,Y_GE65,,TOTAL,PSE,99,913.0
082035,2023,istruzione,T,Y_GE65,,TOTAL,PSE,99,854.0
082035,2024,istruzione,T,Y_GE65,,TOTAL,PSE,99,833.0
082035,2018,istruzione,T,Y_GE65,,TOTAL,USE_IF,99,209.0
082035,2019,istruzione,T,Y_GE65,,TOTAL,USE_IF,99,231.0
082035,2020,istruzione,T,Y_GE65,,TOTAL,USE_IF,99,261.0
082035,2021,istruzione,T,Y_GE65,,TOTAL,USE_IF,99,281.0
082035,2022,istruzione,T,Y_GE65,,TOTAL,USE_IF,99,305.0
082035,2023,istruzione,T,Y_GE65,,TOTAL,USE_IF,99,316.0
082035,2024,istruzione,T,Y_GE65,,TOTAL,USE_IF,99,340.0
082035,2018,istruzione,T,Y_GE9,,TOTAL,ALL,99,11218.0
082035,2019,istruzione,T,Y_GE9,,TOTAL,ALL,99,11368.0
082035,2020,istruzione,T,Y_GE9,,TOTAL,ALL,99,11380.0
082035,2021,istruzione,T,Y_GE9,,TOTAL,ALL,99,11567.0
082035,2022,istruzione,T,Y_GE9,,TOTAL,ALL,99,11662.0
082035,2023,istruzione,T,Y_GE9,,TOTAL,ALL,99,11521.0
082035,2024,istruzione,T,Y_GE9,,TOTAL,ALL,99,11608.0
082035,2018,istruzione,T,Y_GE9,,TOTAL,BL,99,299.0
082035,2019,istruzione,T,Y_GE9,,TOTAL,BL,99,305.0
082035,2020,istruzione,T,Y_GE9,,TOTAL,BL,99,303.0
082035,2021,istruzione,T,Y_GE9,,TOTAL,BL,99,332.0
082035,2022,istruzione,T,Y_GE9,,TOTAL,BL,99,348.0
082035,2023,istruzione,T,Y_GE9,,TOTAL,BL,99,343.0
082035,2024,istruzione,T,Y_GE9,,TOTAL,BL,99,356.0
082035,2018,istruzione,T,Y_GE9,,TOTAL,IL,99,83.0
082035,2019,istruzione,T,Y_GE9,,TOTAL,IL,99,95.0
082035,2020,istruzione,T,Y_GE9,,TOTAL,IL,99,94.0
082035,2021,istruzione,T,Y_GE9,,TOTAL,IL,99,78.0
082035,2022,istruzione,T,Y_GE9,,TOTAL,IL,99,74.0
082035,2023,istruzione,T,Y_GE9,,TOTAL,IL,99,74.0
082035,2024,istruzione,T,Y_GE9,,TOTAL,IL,99,66.0
082035,2018,istruzione,T,Y_GE9,,TOTAL,LBNA,99,565.0
082035,2019,istruzione,T,Y_GE9,,TOTAL,LBNA,99,551.0
082035,2020,istruzione,T,Y_GE9,,TOTAL,LBNA,99,514.0
082035,2021,istruzione,T,Y_GE9,,TOTAL,LBNA,99,534.0
082035,2022,istruzione,T,Y_GE9,,TOTAL,LBNA,99,503.0
082035,2023,istruzione,T,Y_GE9,,TOTAL,LBNA,99,489.0
082035,2024,istruzione,T,Y_GE9,,TOTAL,LBNA,99,469.0
082035,2018,istruzione,T,Y_GE9,,TOTAL,LSE,99,4313.0
082035,2019,istruzione,T,Y_GE9,,TOTAL,LSE,99,4386.0
082035,2020,istruzione,T,Y_GE9,,TOTAL,LSE,99,4312.0
082035,2021,istruzione,T,Y_GE9,,TOTAL,LSE,99,4340.0
082035,2022,istruzione,T,Y_GE9,,TOTAL,LSE,99,4426.0
082035,2023,istruzione,T,Y_GE9,,TOTAL,LSE,99,4370.0
082035,2024,istruzione,T,Y_GE9,,TOTAL,LSE,99,4410.0
082035,2018,istruzione,T,Y_GE9,,TOTAL,ML,99,539.0
082035,2019,istruzione,T,Y_GE9,,TOTAL,ML,99,550.0
082035,2020,istruzione,T,Y_GE9,,TOTAL,ML,99,606.0
082035,2021,istruzione,T,Y_GE9,,TOTAL,ML,99,626.0
082035,2022,istruzione,T,Y_GE9,,TOTAL,ML,99,621.0
082035,2023,istruzione,T,Y_GE9,,TOTAL,ML,99,611.0
082035,2024,istruzione,T,Y_GE9,,TOTAL,ML,99,665.0
082035,2018,istruzione,T,Y_GE9,,TOTAL,ML_RDD,99,558.0
082035,2019,istruzione,T,Y_GE9,,TOTAL,ML_RDD,99,578.0
082035,2020,istruzione,T,Y_GE9,,TOTAL,ML_RDD,99,627.0
082035,2021,istruzione,T,Y_GE9,,TOTAL,ML_RDD,99,646.0
082035,2022,istruzione,T,Y_GE9,,TOTAL,ML_RDD,99,648.0
082035,2023,istruzione,T,Y_GE9,,TOTAL,ML_RDD,99,632.0
082035,2024,istruzione,T,Y_GE9,,TOTAL,ML_RDD,99,684.0
082035,2018,istruzione,T,Y_GE9,,TOTAL,NED,99,647.0
082035,2019,istruzione,T,Y_GE9,,TOTAL,NED,99,646.0
082035,2020,istruzione,T,Y_GE9,,TOTAL,NED,99,608.0
082035,2021,istruzione,T,Y_GE9,,TOTAL,NED,99,612.0
082035,2022,istruzione,T,Y_GE9,,TOTAL,NED,99,577.0
082035,2023,istruzione,T,Y_GE9,,TOTAL,NED,99,563.0
082035,2024,istruzione,T,Y_GE9,,TOTAL,NED,99,535.0
082035,2018,istruzione,T,Y_GE9,,TOTAL,PSE,99,2073.0
082035,2019,istruzione,T,Y_GE9,,TOTAL,PSE,99,2037.0
082035,2020,istruzione,T,Y_GE9,,TOTAL,PSE,99,2061.0
082035,2021,istruzione,T,Y_GE9,,TOTAL,PSE,99,2043.0
082035,2022,istruzione,T,Y_GE9,,TOTAL,PSE,99,2043.0
082035,2023,istruzione,T,Y_GE9,,TOTAL,PSE,99,1929.0
082035,2024,istruzione,T,Y_GE9,,TOTAL,PSE,99,1847.0
082035,2018,istruzione,T,Y_GE9,,TOTAL,RDD,99,19.0
082035,2019,istruzione,T,Y_GE9,,TOTAL,RDD,99,28.0
082035,2020,istruzione,T,Y_GE9,,TOTAL,RDD,99,21.0
082035,2021,istruzione,T,Y_GE9,,TOTAL,RDD,99,20.0
082035,2022,istruzione,T,Y_GE9,,TOTAL,RDD,99,27.0
082035,2023,istruzione,T,Y_GE9,,TOTAL,RDD,99,21.0
082035,2024,istruzione,T,Y_GE9,,TOTAL,RDD,99,19.0
082035,2018,istruzione,T,Y_GE9,,TOTAL,USE_IF,99,3328.0
082035,2019,istruzione,T,Y_GE9,,TOTAL,USE_IF,99,3417.0
082035,2020,istruzione,T,Y_GE9,,TOTAL,USE_IF,99,3469.0
082035,2021,istruzione,T,Y_GE9,,TOTAL,USE_IF,99,3594.0
082035,2022,istruzione,T,Y_GE9,,TOTAL,USE_IF,99,3620.0
082035,2023,istruzione,T,Y_GE9,,TOTAL,USE_IF,99,3684.0
082035,2024,istruzione,T,Y_GE9,,TOTAL,USE_IF,99,3776.0
082035,2018,istruzione,T,Y25-49,,TOTAL,ALL,99,4652.0
082035,2019,istruzione,T,Y25-49,,TOTAL,ALL,99,4638.0
082035,2020,istruzione,T,Y25-49,,TOTAL,ALL,99,4518.0
082035,2021,istruzione,T,Y25-49,,TOTAL,ALL,99,4512.0
082035,2022,istruzione,T,Y25-49,,TOTAL,ALL,99,4493.0
082035,2023,istruzione,T,Y25-49,,TOTAL,ALL,99,4334.0
082035,2024,istruzione,T,Y25-49,,TOTAL,ALL,99,4298.0
082035,2018,istruzione,T,Y25-49,,TOTAL,BL,99,225.0
082035,2019,istruzione,T,Y25-49,,TOTAL,BL,99,243.0
082035,2020,istruzione,T,Y25-49,,TOTAL,BL,99,221.0
082035,2021,istruzione,T,Y25-49,,TOTAL,BL,99,221.0
082035,2022,istruzione,T,Y25-49,,TOTAL,BL,99,236.0
082035,2023,istruzione,T,Y25-49,,TOTAL,BL,99,232.0
082035,2024,istruzione,T,Y25-49,,TOTAL,BL,99,239.0
082035,2018,istruzione,T,Y25-49,,TOTAL,LSE,99,1851.0
082035,2019,istruzione,T,Y25-49,,TOTAL,LSE,99,1844.0
082035,2020,istruzione,T,Y25-49,,TOTAL,LSE,99,1729.0
082035,2021,istruzione,T,Y25-49,,TOTAL,LSE,99,1675.0
082035,2022,istruzione,T,Y25-49,,TOTAL,LSE,99,1713.0
082035,2023,istruzione,T,Y25-49,,TOTAL,LSE,99,1540.0
082035,2024,istruzione,T,Y25-49,,TOTAL,LSE,99,1491.0
082035,2018,istruzione,T,Y25-49,,TOTAL,ML_RDD,99,359.0
082035,2019,istruzione,T,Y25-49,,TOTAL,ML_RDD,99,356.0
082035,2020,istruzione,T,Y25-49,,TOTAL,ML_RDD,99,398.0
082035,2021,istruzione,T,Y25-49,,TOTAL,ML_RDD,99,411.0
082035,2022,istruzione,T,Y25-49,,TOTAL,ML_RDD,99,408.0
082035,2023,istruzione,T,Y25-49,,TOTAL,ML_RDD,99,398.0
082035,2024,istruzione,T,Y25-49,,TOTAL,ML_RDD,99,429.0
082035,2018,istruzione,T,Y25-49,,TOTAL,NED,99,31.0
082035,2019,istruzione,T,Y25-49,,TOTAL,NED,99,29.0
082035,2020,istruzione,T,Y25-49,,TOTAL,NED,99,24.0
082035,2021,istruzione,T,Y25-49,,TOTAL,NED,99,14.0
082035,2022,istruzione,T,Y25-49,,TOTAL,NED,99,19.0
082035,2023,istruzione,T,Y25-49,,TOTAL,NED,99,19.0
082035,2024,istruzione,T,Y25-49,,TOTAL,NED,99,17.0
082035,2018,istruzione,T,Y25-49,,TOTAL,PSE,99,252.0
082035,2019,istruzione,T,Y25-49,,TOTAL,PSE,99,213.0
082035,2020,istruzione,T,Y25-49,,TOTAL,PSE,99,210.0
082035,2021,istruzione,T,Y25-49,,TOTAL,PSE,99,199.0
082035,2022,istruzione,T,Y25-49,,TOTAL,PSE,99,171.0
082035,2023,istruzione,T,Y25-49,,TOTAL,PSE,99,157.0
082035,2024,istruzione,T,Y25-49,,TOTAL,PSE,99,143.0
082035,2018,istruzione,T,Y25-49,,TOTAL,USE_IF,99,1934.0
082035,2019,istruzione,T,Y25-49,,TOTAL,USE_IF,99,1953.0
082035,2020,istruzione,T,Y25-49,,TOTAL,USE_IF,99,1936.0
082035,2021,istruzione,T,Y25-49,,TOTAL,USE_IF,99,1992.0
082035,2022,istruzione,T,Y25-49,,TOTAL,USE_IF,99,1946.0
082035,2023,istruzione,T,Y25-49,,TOTAL,USE_IF,99,1988.0
082035,2024,istruzione,T,Y25-49,,TOTAL,USE_IF,99,1979.0
082035,2018,istruzione,T,Y50-64,,TOTAL,ALL,99,2326.0
082035,2019,istruzione,T,Y50-64,,TOTAL,ALL,99,2408.0
082035,2020,istruzione,T,Y50-64,,TOTAL,ALL,99,2468.0
082035,2021,istruzione,T,Y50-64,,TOTAL,ALL,99,2586.0
082035,2022,istruzione,T,Y50-64,,TOTAL,ALL,99,2637.0
082035,2023,istruzione,T,Y50-64,,TOTAL,ALL,99,2695.0
082035,2024,istruzione,T,Y50-64,,TOTAL,ALL,99,2798.0
082035,2018,istruzione,T,Y50-64,,TOTAL,BL,99,35.0
082035,2019,istruzione,T,Y50-64,,TOTAL,BL,99,28.0
082035,2020,istruzione,T,Y50-64,,TOTAL,BL,99,26.0
082035,2021,istruzione,T,Y50-64,,TOTAL,BL,99,47.0
082035,2022,istruzione,T,Y50-64,,TOTAL,BL,99,44.0
082035,2023,istruzione,T,Y50-64,,TOTAL,BL,99,52.0
082035,2024,istruzione,T,Y50-64,,TOTAL,BL,99,51.0
082035,2018,istruzione,T,Y50-64,,TOTAL,LSE,99,1032.0
082035,2019,istruzione,T,Y50-64,,TOTAL,LSE,99,1075.0
082035,2020,istruzione,T,Y50-64,,TOTAL,LSE,99,1127.0
082035,2021,istruzione,T,Y50-64,,TOTAL,LSE,99,1196.0
082035,2022,istruzione,T,Y50-64,,TOTAL,LSE,99,1241.0
082035,2023,istruzione,T,Y50-64,,TOTAL,LSE,99,1277.0
082035,2024,istruzione,T,Y50-64,,TOTAL,LSE,99,1314.0
082035,2018,istruzione,T,Y50-64,,TOTAL,ML_RDD,99,131.0
082035,2019,istruzione,T,Y50-64,,TOTAL,ML_RDD,99,146.0
082035,2020,istruzione,T,Y50-64,,TOTAL,ML_RDD,99,146.0
082035,2021,istruzione,T,Y50-64,,TOTAL,ML_RDD,99,150.0
082035,2022,istruzione,T,Y50-64,,TOTAL,ML_RDD,99,158.0
082035,2023,istruzione,T,Y50-64,,TOTAL,ML_RDD,99,154.0
082035,2024,istruzione,T,Y50-64,,TOTAL,ML_RDD,99,165.0
082035,2018,istruzione,T,Y50-64,,TOTAL,NED,99,58.0
082035,2019,istruzione,T,Y50-64,,TOTAL,NED,99,66.0
082035,2020,istruzione,T,Y50-64,,TOTAL,NED,99,66.0
082035,2021,istruzione,T,Y50-64,,TOTAL,NED,99,55.0
082035,2022,istruzione,T,Y50-64,,TOTAL,NED,99,52.0
082035,2023,istruzione,T,Y50-64,,TOTAL,NED,99,59.0
082035,2024,istruzione,T,Y50-64,,TOTAL,NED,99,56.0
082035,2018,istruzione,T,Y50-64,,TOTAL,PSE,99,471.0
082035,2019,istruzione,T,Y50-64,,TOTAL,PSE,99,452.0
082035,2020,istruzione,T,Y50-64,,TOTAL,PSE,99,438.0
082035,2021,istruzione,T,Y50-64,,TOTAL,PSE,99,426.0
082035,2022,istruzione,T,Y50-64,,TOTAL,PSE,99,429.0
082035,2023,istruzione,T,Y50-64,,TOTAL,PSE,99,396.0
082035,2024,istruzione,T,Y50-64,,TOTAL,PSE,99,390.0
082035,2018,istruzione,T,Y50-64,,TOTAL,USE_IF,99,599.0
082035,2019,istruzione,T,Y50-64,,TOTAL,USE_IF,99,641.0
082035,2020,istruzione,T,Y50-64,,TOTAL,USE_IF,99,665.0
082035,2021,istruzione,T,Y50-64,,TOTAL,USE_IF,99,712.0
082035,2022,istruzione,T,Y50-64,,TOTAL,USE_IF,99,713.0
082035,2023,istruzione,T,Y50-64,,TOTAL,USE_IF,99,757.0
082035,2024,istruzione,T,Y50-64,,TOTAL,USE_IF,99,822.0
082035,2018,istruzione,T,Y9-24,,TOTAL,ALL,99,2490.0
082035,2019,istruzione,T,Y9-24,,TOTAL,ALL,99,2510.0
082035,2020,istruzione,T,Y9-24,,TOTAL,ALL,99,2465.0
082035,2021,istruzione,T,Y9-24,,TOTAL,ALL,99,2496.0
082035,2022,istruzione,T,Y9-24,,TOTAL,ALL,99,2504.0
082035,2023,istruzione,T,Y9-24,,TOTAL,ALL,99,2467.0
082035,2024,istruzione,T,Y9-24,,TOTAL,ALL,99,2452.0
082035,2018,istruzione,T,Y9-24,,TOTAL,BL,99,29.0
082035,2019,istruzione,T,Y9-24,,TOTAL,BL,99,28.0
082035,2020,istruzione,T,Y9-24,,TOTAL,BL,99,42.0
082035,2021,istruzione,T,Y9-24,,TOTAL,BL,99,52.0
082035,2022,istruzione,T,Y9-24,,TOTAL,BL,99,53.0
082035,2023,istruzione,T,Y9-24,,TOTAL,BL,99,47.0
082035,2024,istruzione,T,Y9-24,,TOTAL,BL,99,52.0
082035,2018,istruzione,T,Y9-24,,TOTAL,LSE,99,1055.0
082035,2019,istruzione,T,Y9-24,,TOTAL,LSE,99,1068.0
082035,2020,istruzione,T,Y9-24,,TOTAL,LSE,99,982.0
082035,2021,istruzione,T,Y9-24,,TOTAL,LSE,99,966.0
082035,2022,istruzione,T,Y9-24,,TOTAL,LSE,99,939.0
082035,2023,istruzione,T,Y9-24,,TOTAL,LSE,99,989.0
082035,2024,istruzione,T,Y9-24,,TOTAL,LSE,99,1002.0
082035,2018,istruzione,T,Y9-24,,TOTAL,ML_RDD,99,6.0
082035,2019,istruzione,T,Y9-24,,TOTAL,ML_RDD,99,4.0
082035,2020,istruzione,T,Y9-24,,TOTAL,ML_RDD,99,6.0
082035,2021,istruzione,T,Y9-24,,TOTAL,ML_RDD,99,11.0
082035,2022,istruzione,T,Y9-24,,TOTAL,ML_RDD,99,8.0
082035,2023,istruzione,T,Y9-24,,TOTAL,ML_RDD,99,9.0
082035,2024,istruzione,T,Y9-24,,TOTAL,ML_RDD,99,13.0
082035,2018,istruzione,T,Y9-24,,TOTAL,NED,99,313.0
082035,2019,istruzione,T,Y9-24,,TOTAL,NED,99,312.0
082035,2020,istruzione,T,Y9-24,,TOTAL,NED,99,305.0
082035,2021,istruzione,T,Y9-24,,TOTAL,NED,99,301.0
082035,2022,istruzione,T,Y9-24,,TOTAL,NED,99,318.0
082035,2023,istruzione,T,Y9-24,,TOTAL,NED,99,277.0
082035,2024,istruzione,T,Y9-24,,TOTAL,NED,99,269.0
082035,2018,istruzione,T,Y9-24,,TOTAL,PSE,99,501.0
082035,2019,istruzione,T,Y9-24,,TOTAL,PSE,99,506.0
082035,2020,istruzione,T,Y9-24,,TOTAL,PSE,99,523.0
082035,2021,istruzione,T,Y9-24,,TOTAL,PSE,99,557.0
082035,2022,istruzione,T,Y9-24,,TOTAL,PSE,99,530.0
082035,2023,istruzione,T,Y9-24,,TOTAL,PSE,99,522.0
082035,2024,istruzione,T,Y9-24,,TOTAL,PSE,99,481.0
082035,2018,istruzione,T,Y9-24,,TOTAL,USE_IF,99,586.0
082035,2019,istruzione,T,Y9-24,,TOTAL,USE_IF,99,592.0
082035,2020,istruzione,T,Y9-24,,TOTAL,USE_IF,99,607.0
082035,2021,istruzione,T,Y9-24,,TOTAL,USE_IF,99,609.0
082035,2022,istruzione,T,Y9-24,,TOTAL,USE_IF,99,656.0
082035,2023,istruzione,T,Y9-24,,TOTAL,USE_IF,99,623.0
082035,2024,istruzione,T,Y9-24,,TOTAL,USE_IF,99,635.0
082048,2018,istruzione,F,Y_GE65,,TOTAL,ALL,99,2636.0
082048,2019,istruzione,F,Y_GE65,,TOTAL,ALL,99,2695.0
082048,2020,istruzione,F,Y_GE65,,TOTAL,ALL,99,2756.0
082048,2021,istruzione,F,Y_GE65,,TOTAL,ALL,99,2824.0
082048,2022,istruzione,F,Y_GE65,,TOTAL,ALL,99,2862.0
082048,2023,istruzione,F,Y_GE65,,TOTAL,ALL,99,2911.0
082048,2024,istruzione,F,Y_GE65,,TOTAL,ALL,99,3000.0
082048,2018,istruzione,F,Y_GE65,,TOTAL,BL,99,3.0
082048,2019,istruzione,F,Y_GE65,,TOTAL,BL,99,6.0
082048,2020,istruzione,F,Y_GE65,,TOTAL,BL,99,6.0
082048,2021,istruzione,F,Y_GE65,,TOTAL,BL,99,5.0
082048,2022,istruzione,F,Y_GE65,,TOTAL,BL,99,3.0
082048,2023,istruzione,F,Y_GE65,,TOTAL,BL,99,4.0
082048,2024,istruzione,F,Y_GE65,,TOTAL,BL,99,9.0
082048,2018,istruzione,F,Y_GE65,,TOTAL,LSE,99,469.0
082048,2019,istruzione,F,Y_GE65,,TOTAL,LSE,99,503.0
082048,2020,istruzione,F,Y_GE65,,TOTAL,LSE,99,551.0
082048,2021,istruzione,F,Y_GE65,,TOTAL,LSE,99,590.0
082048,2022,istruzione,F,Y_GE65,,TOTAL,LSE,99,650.0
082048,2023,istruzione,F,Y_GE65,,TOTAL,LSE,99,642.0
082048,2024,istruzione,F,Y_GE65,,TOTAL,LSE,99,723.0
082048,2018,istruzione,F,Y_GE65,,TOTAL,ML_RDD,99,55.0
082048,2019,istruzione,F,Y_GE65,,TOTAL,ML_RDD,99,70.0
082048,2020,istruzione,F,Y_GE65,,TOTAL,ML_RDD,99,68.0
082048,2021,istruzione,F,Y_GE65,,TOTAL,ML_RDD,99,78.0
082048,2022,istruzione,F,Y_GE65,,TOTAL,ML_RDD,99,82.0
082048,2023,istruzione,F,Y_GE65,,TOTAL,ML_RDD,99,81.0
082048,2024,istruzione,F,Y_GE65,,TOTAL,ML_RDD,99,88.0
082048,2018,istruzione,F,Y_GE65,,TOTAL,NED,99,484.0
082048,2019,istruzione,F,Y_GE65,,TOTAL,NED,99,492.0
082048,2020,istruzione,F,Y_GE65,,TOTAL,NED,99,447.0
082048,2021,istruzione,F,Y_GE65,,TOTAL,NED,99,369.0
082048,2022,istruzione,F,Y_GE65,,TOTAL,NED,99,378.0
082048,2023,istruzione,F,Y_GE65,,TOTAL,NED,99,420.0
082048,2024,istruzione,F,Y_GE65,,TOTAL,NED,99,395.0
082048,2018,istruzione,F,Y_GE65,,TOTAL,PSE,99,1461.0
082048,2019,istruzione,F,Y_GE65,,TOTAL,PSE,99,1440.0
082048,2020,istruzione,F,Y_GE65,,TOTAL,PSE,99,1496.0
082048,2021,istruzione,F,Y_GE65,,TOTAL,PSE,99,1571.0
082048,2022,istruzione,F,Y_GE65,,TOTAL,PSE,99,1500.0
082048,2023,istruzione,F,Y_GE65,,TOTAL,PSE,99,1521.0
082048,2024,istruzione,F,Y_GE65,,TOTAL,PSE,99,1507.0
082048,2018,istruzione,F,Y_GE65,,TOTAL,USE_IF,99,164.0
082048,2019,istruzione,F,Y_GE65,,TOTAL,USE_IF,99,184.0
082048,2020,istruzione,F,Y_GE65,,TOTAL,USE_IF,99,188.0
082048,2021,istruzione,F,Y_GE65,,TOTAL,USE_IF,99,211.0
082048,2022,istruzione,F,Y_GE65,,TOTAL,USE_IF,99,249.0
082048,2023,istruzione,F,Y_GE65,,TOTAL,USE_IF,99,243.0
082048,2024,istruzione,F,Y_GE65,,TOTAL,USE_IF,99,278.0
082048,2018,istruzione,F,Y_GE9,,TOTAL,ALL,99,13093.0
082048,2019,istruzione,F,Y_GE9,,TOTAL,ALL,99,13174.0
082048,2020,istruzione,F,Y_GE9,,TOTAL,ALL,99,13107.0
082048,2021,istruzione,F,Y_GE9,,TOTAL,ALL,99,13255.0
082048,2022,istruzione,F,Y_GE9,,TOTAL,ALL,99,13221.0
082048,2023,istruzione,F,Y_GE9,,TOTAL,ALL,99,13293.0
082048,2024,istruzione,F,Y_GE9,,TOTAL,ALL,99,13420.0
082048,2018,istruzione,F,Y_GE9,,TOTAL,BL,99,340.0
082048,2019,istruzione,F,Y_GE9,,TOTAL,BL,99,365.0
082048,2020,istruzione,F,Y_GE9,,TOTAL,BL,99,346.0
082048,2021,istruzione,F,Y_GE9,,TOTAL,BL,99,374.0
082048,2022,istruzione,F,Y_GE9,,TOTAL,BL,99,389.0
082048,2023,istruzione,F,Y_GE9,,TOTAL,BL,99,409.0
082048,2024,istruzione,F,Y_GE9,,TOTAL,BL,99,460.0
082048,2018,istruzione,F,Y_GE9,,TOTAL,IL,99,138.0
082048,2019,istruzione,F,Y_GE9,,TOTAL,IL,99,130.0
082048,2020,istruzione,F,Y_GE9,,TOTAL,IL,99,117.0
082048,2021,istruzione,F,Y_GE9,,TOTAL,IL,99,102.0
082048,2022,istruzione,F,Y_GE9,,TOTAL,IL,99,111.0
082048,2023,istruzione,F,Y_GE9,,TOTAL,IL,99,106.0
082048,2024,istruzione,F,Y_GE9,,TOTAL,IL,99,102.0
082048,2018,istruzione,F,Y_GE9,,TOTAL,LBNA,99,773.0
082048,2019,istruzione,F,Y_GE9,,TOTAL,LBNA,99,754.0
082048,2020,istruzione,F,Y_GE9,,TOTAL,LBNA,99,735.0
082048,2021,istruzione,F,Y_GE9,,TOTAL,LBNA,99,662.0
082048,2022,istruzione,F,Y_GE9,,TOTAL,LBNA,99,652.0
082048,2023,istruzione,F,Y_GE9,,TOTAL,LBNA,99,687.0
082048,2024,istruzione,F,Y_GE9,,TOTAL,LBNA,99,662.0
082048,2018,istruzione,F,Y_GE9,,TOTAL,LSE,99,4859.0
082048,2019,istruzione,F,Y_GE9,,TOTAL,LSE,99,4935.0
082048,2020,istruzione,F,Y_GE9,,TOTAL,LSE,99,4809.0
082048,2021,istruzione,F,Y_GE9,,TOTAL,LSE,99,4914.0
082048,2022,istruzione,F,Y_GE9,,TOTAL,LSE,99,4799.0
082048,2023,istruzione,F,Y_GE9,,TOTAL,LSE,99,4904.0
082048,2024,istruzione,F,Y_GE9,,TOTAL,LSE,99,4943.0
082048,2018,istruzione,F,Y_GE9,,TOTAL,ML,99,734.0
082048,2019,istruzione,F,Y_GE9,,TOTAL,ML,99,739.0
082048,2020,istruzione,F,Y_GE9,,TOTAL,ML,99,797.0
082048,2021,istruzione,F,Y_GE9,,TOTAL,ML,99,804.0
082048,2022,istruzione,F,Y_GE9,,TOTAL,ML,99,813.0
082048,2023,istruzione,F,Y_GE9,,TOTAL,ML,99,806.0
082048,2024,istruzione,F,Y_GE9,,TOTAL,ML,99,847.0
082048,2018,istruzione,F,Y_GE9,,TOTAL,ML_RDD,99,756.0
082048,2019,istruzione,F,Y_GE9,,TOTAL,ML_RDD,99,760.0
082048,2020,istruzione,F,Y_GE9,,TOTAL,ML_RDD,99,817.0
082048,2021,istruzione,F,Y_GE9,,TOTAL,ML_RDD,99,825.0
082048,2022,istruzione,F,Y_GE9,,TOTAL,ML_RDD,99,839.0
082048,2023,istruzione,F,Y_GE9,,TOTAL,ML_RDD,99,824.0
082048,2024,istruzione,F,Y_GE9,,TOTAL,ML_RDD,99,868.0
082048,2018,istruzione,F,Y_GE9,,TOTAL,NED,99,912.0
082048,2019,istruzione,F,Y_GE9,,TOTAL,NED,99,884.0
082048,2020,istruzione,F,Y_GE9,,TOTAL,NED,99,852.0
082048,2021,istruzione,F,Y_GE9,,TOTAL,NED,99,764.0
082048,2022,istruzione,F,Y_GE9,,TOTAL,NED,99,763.0
082048,2023,istruzione,F,Y_GE9,,TOTAL,NED,99,793.0
082048,2024,istruzione,F,Y_GE9,,TOTAL,NED,99,764.0
082048,2018,istruzione,F,Y_GE9,,TOTAL,PSE,99,2900.0
082048,2019,istruzione,F,Y_GE9,,TOTAL,PSE,99,2808.0
082048,2020,istruzione,F,Y_GE9,,TOTAL,PSE,99,2812.0
082048,2021,istruzione,F,Y_GE9,,TOTAL,PSE,99,2855.0
082048,2022,istruzione,F,Y_GE9,,TOTAL,PSE,99,2735.0
082048,2023,istruzione,F,Y_GE9,,TOTAL,PSE,99,2767.0
082048,2024,istruzione,F,Y_GE9,,TOTAL,PSE,99,2697.0
082048,2018,istruzione,F,Y_GE9,,TOTAL,RDD,99,23.0
082048,2019,istruzione,F,Y_GE9,,TOTAL,RDD,99,20.0
082048,2020,istruzione,F,Y_GE9,,TOTAL,RDD,99,20.0
082048,2021,istruzione,F,Y_GE9,,TOTAL,RDD,99,21.0
082048,2022,istruzione,F,Y_GE9,,TOTAL,RDD,99,26.0
082048,2023,istruzione,F,Y_GE9,,TOTAL,RDD,99,18.0
082048,2024,istruzione,F,Y_GE9,,TOTAL,RDD,99,21.0
082048,2018,istruzione,F,Y_GE9,,TOTAL,USE_IF,99,3326.0
082048,2019,istruzione,F,Y_GE9,,TOTAL,USE_IF,99,3424.0
082048,2020,istruzione,F,Y_GE9,,TOTAL,USE_IF,99,3471.0
082048,2021,istruzione,F,Y_GE9,,TOTAL,USE_IF,99,3523.0
082048,2022,istruzione,F,Y_GE9,,TOTAL,USE_IF,99,3696.0
082048,2023,istruzione,F,Y_GE9,,TOTAL,USE_IF,99,3596.0
082048,2024,istruzione,F,Y_GE9,,TOTAL,USE_IF,99,3688.0
082048,2018,istruzione,F,Y25-49,,TOTAL,ALL,99,5045.0
082048,2019,istruzione,F,Y25-49,,TOTAL,ALL,99,4994.0
082048,2020,istruzione,F,Y25-49,,TOTAL,ALL,99,4907.0
082048,2021,istruzione,F,Y25-49,,TOTAL,ALL,99,4845.0
082048,2022,istruzione,F,Y25-49,,TOTAL,ALL,99,4748.0
082048,2023,istruzione,F,Y25-49,,TOTAL,ALL,99,4712.0
082048,2024,istruzione,F,Y25-49,,TOTAL,ALL,99,4684.0
082048,2018,istruzione,F,Y25-49,,TOTAL,BL,99,268.0
082048,2019,istruzione,F,Y25-49,,TOTAL,BL,99,278.0
082048,2020,istruzione,F,Y25-49,,TOTAL,BL,99,260.0
082048,2021,istruzione,F,Y25-49,,TOTAL,BL,99,282.0
082048,2022,istruzione,F,Y25-49,,TOTAL,BL,99,295.0
082048,2023,istruzione,F,Y25-49,,TOTAL,BL,99,310.0
082048,2024,istruzione,F,Y25-49,,TOTAL,BL,99,339.0
082048,2018,istruzione,F,Y25-49,,TOTAL,LSE,99,2013.0
082048,2019,istruzione,F,Y25-49,,TOTAL,LSE,99,1954.0
082048,2020,istruzione,F,Y25-49,,TOTAL,LSE,99,1847.0
082048,2021,istruzione,F,Y25-49,,TOTAL,LSE,99,1797.0
082048,2022,istruzione,F,Y25-49,,TOTAL,LSE,99,1659.0
082048,2023,istruzione,F,Y25-49,,TOTAL,LSE,99,1659.0
082048,2024,istruzione,F,Y25-49,,TOTAL,LSE,99,1601.0
082048,2018,istruzione,F,Y25-49,,TOTAL,ML_RDD,99,549.0
082048,2019,istruzione,F,Y25-49,,TOTAL,ML_RDD,99,535.0
082048,2020,istruzione,F,Y25-49,,TOTAL,ML_RDD,99,583.0
082048,2021,istruzione,F,Y25-49,,TOTAL,ML_RDD,99,580.0
082048,2022,istruzione,F,Y25-49,,TOTAL,ML_RDD,99,580.0
082048,2023,istruzione,F,Y25-49,,TOTAL,ML_RDD,99,567.0
082048,2024,istruzione,F,Y25-49,,TOTAL,ML_RDD,99,589.0
082048,2018,istruzione,F,Y25-49,,TOTAL,NED,99,35.0
082048,2019,istruzione,F,Y25-49,,TOTAL,NED,99,22.0
082048,2020,istruzione,F,Y25-49,,TOTAL,NED,99,23.0
082048,2021,istruzione,F,Y25-49,,TOTAL,NED,99,21.0
082048,2022,istruzione,F,Y25-49,,TOTAL,NED,99,25.0
082048,2023,istruzione,F,Y25-49,,TOTAL,NED,99,23.0
082048,2024,istruzione,F,Y25-49,,TOTAL,NED,99,25.0
082048,2018,istruzione,F,Y25-49,,TOTAL,PSE,99,278.0
082048,2019,istruzione,F,Y25-49,,TOTAL,PSE,99,258.0
082048,2020,istruzione,F,Y25-49,,TOTAL,PSE,99,210.0
082048,2021,istruzione,F,Y25-49,,TOTAL,PSE,99,208.0
082048,2022,istruzione,F,Y25-49,,TOTAL,PSE,99,185.0
082048,2023,istruzione,F,Y25-49,,TOTAL,PSE,99,177.0
082048,2024,istruzione,F,Y25-49,,TOTAL,PSE,99,162.0
082048,2018,istruzione,F,Y25-49,,TOTAL,USE_IF,99,1902.0
082048,2019,istruzione,F,Y25-49,,TOTAL,USE_IF,99,1947.0
082048,2020,istruzione,F,Y25-49,,TOTAL,USE_IF,99,1984.0
082048,2021,istruzione,F,Y25-49,,TOTAL,USE_IF,99,1957.0
082048,2022,istruzione,F,Y25-49,,TOTAL,USE_IF,99,2004.0
082048,2023,istruzione,F,Y25-49,,TOTAL,USE_IF,99,1976.0
082048,2024,istruzione,F,Y25-49,,TOTAL,USE_IF,99,1968.0
082048,2018,istruzione,F,Y50-64,,TOTAL,ALL,99,2837.0
082048,2019,istruzione,F,Y50-64,,TOTAL,ALL,99,2951.0
082048,2020,istruzione,F,Y50-64,,TOTAL,ALL,99,2986.0
082048,2021,istruzione,F,Y50-64,,TOTAL,ALL,99,3090.0
082048,2022,istruzione,F,Y50-64,,TOTAL,ALL,99,3143.0
082048,2023,istruzione,F,Y50-64,,TOTAL,ALL,99,3187.0
082048,2024,istruzione,F,Y50-64,,TOTAL,ALL,99,3249.0000000000005
082048,2018,istruzione,F,Y50-64,,TOTAL,BL,99,28.0
082048,2019,istruzione,F,Y50-64,,TOTAL,BL,99,33.0
082048,2020,istruzione,F,Y50-64,,TOTAL,BL,99,33.0
082048,2021,istruzione,F,Y50-64,,TOTAL,BL,99,34.0
082048,2022,istruzione,F,Y50-64,,TOTAL,BL,99,31.0
082048,2023,istruzione,F,Y50-64,,TOTAL,BL,99,45.0
082048,2024,istruzione,F,Y50-64,,TOTAL,BL,99,47.0
082048,2018,istruzione,F,Y50-64,,TOTAL,LSE,99,1294.0
082048,2019,istruzione,F,Y50-64,,TOTAL,LSE,99,1437.0
082048,2020,istruzione,F,Y50-64,,TOTAL,LSE,99,1424.0
082048,2021,istruzione,F,Y50-64,,TOTAL,LSE,99,1525.0
082048,2022,istruzione,F,Y50-64,,TOTAL,LSE,99,1541.0
082048,2023,istruzione,F,Y50-64,,TOTAL,LSE,99,1606.0
082048,2024,istruzione,F,Y50-64,,TOTAL,LSE,99,1624.0
082048,2018,istruzione,F,Y50-64,,TOTAL,ML_RDD,99,144.0
082048,2019,istruzione,F,Y50-64,,TOTAL,ML_RDD,99,143.0
082048,2020,istruzione,F,Y50-64,,TOTAL,ML_RDD,99,160.0
082048,2021,istruzione,F,Y50-64,,TOTAL,ML_RDD,99,158.0
082048,2022,istruzione,F,Y50-64,,TOTAL,ML_RDD,99,169.0
082048,2023,istruzione,F,Y50-64,,TOTAL,ML_RDD,99,166.0
082048,2024,istruzione,F,Y50-64,,TOTAL,ML_RDD,99,177.0
082048,2018,istruzione,F,Y50-64,,TOTAL,NED,99,110.0
082048,2019,istruzione,F,Y50-64,,TOTAL,NED,99,71.0
082048,2020,istruzione,F,Y50-64,,TOTAL,NED,99,75.0
082048,2021,istruzione,F,Y50-64,,TOTAL,NED,99,60.0
082048,2022,istruzione,F,Y50-64,,TOTAL,NED,99,59.0
082048,2023,istruzione,F,Y50-64,,TOTAL,NED,99,71.0
082048,2024,istruzione,F,Y50-64,,TOTAL,NED,99,65.0
082048,2018,istruzione,F,Y50-64,,TOTAL,PSE,99,672.0
082048,2019,istruzione,F,Y50-64,,TOTAL,PSE,99,631.0
082048,2020,istruzione,F,Y50-64,,TOTAL,PSE,99,621.0
082048,2021,istruzione,F,Y50-64,,TOTAL,PSE,99,602.0
082048,2022,istruzione,F,Y50-64,,TOTAL,PSE,99,564.0
082048,2023,istruzione,F,Y50-64,,TOTAL,PSE,99,544.0
082048,2024,istruzione,F,Y50-64,,TOTAL,PSE,99,534.0
082048,2018,istruzione,F,Y50-64,,TOTAL,USE_IF,99,589.0
082048,2019,istruzione,F,Y50-64,,TOTAL,USE_IF,99,636.0
082048,2020,istruzione,F,Y50-64,,TOTAL,USE_IF,99,673.0
082048,2021,istruzione,F,Y50-64,,TOTAL,USE_IF,99,711.0
082048,2022,istruzione,F,Y50-64,,TOTAL,USE_IF,99,779.0
082048,2023,istruzione,F,Y50-64,,TOTAL,USE_IF,99,755.0
082048,2024,istruzione,F,Y50-64,,TOTAL,USE_IF,99,802.0
082048,2018,istruzione,F,Y9-24,,TOTAL,ALL,99,2575.0
082048,2019,istruzione,F,Y9-24,,TOTAL,ALL,99,2534.0
082048,2020,istruzione,F,Y9-24,,TOTAL,ALL,99,2458.0
082048,2021,istruzione,F,Y9-24,,TOTAL,ALL,99,2496.0
082048,2022,istruzione,F,Y9-24,,TOTAL,ALL,99,2468.0
082048,2023,istruzione,F,Y9-24,,TOTAL,ALL,99,2483.0
082048,2024,istruzione,F,Y9-24,,TOTAL,ALL,99,2487.0
082048,2018,istruzione,F,Y9-24,,TOTAL,BL,99,41.0
082048,2019,istruzione,F,Y9-24,,TOTAL,BL,99,48.0
082048,2020,istruzione,F,Y9-24,,TOTAL,BL,99,47.0
082048,2021,istruzione,F,Y9-24,,TOTAL,BL,99,53.0
082048,2022,istruzione,F,Y9-24,,TOTAL,BL,99,60.0
082048,2023,istruzione,F,Y9-24,,TOTAL,BL,99,50.0
082048,2024,istruzione,F,Y9-24,,TOTAL,BL,99,65.0
082048,2018,istruzione,F,Y9-24,,TOTAL,LSE,99,1083.0
082048,2019,istruzione,F,Y9-24,,TOTAL,LSE,99,1041.0
082048,2020,istruzione,F,Y9-24,,TOTAL,LSE,99,987.0
082048,2021,istruzione,F,Y9-24,,TOTAL,LSE,99,1002.0
082048,2022,istruzione,F,Y9-24,,TOTAL,LSE,99,949.0
082048,2023,istruzione,F,Y9-24,,TOTAL,LSE,99,997.0
082048,2024,istruzione,F,Y9-24,,TOTAL,LSE,99,995.0
082048,2018,istruzione,F,Y9-24,,TOTAL,ML_RDD,99,8.0
082048,2019,istruzione,F,Y9-24,,TOTAL,ML_RDD,99,11.0
082048,2020,istruzione,F,Y9-24,,TOTAL,ML_RDD,99,6.0
082048,2021,istruzione,F,Y9-24,,TOTAL,ML_RDD,99,9.0
082048,2022,istruzione,F,Y9-24,,TOTAL,ML_RDD,99,8.0
082048,2023,istruzione,F,Y9-24,,TOTAL,ML_RDD,99,10.0
082048,2024,istruzione,F,Y9-24,,TOTAL,ML_RDD,99,14.0
082048,2018,istruzione,F,Y9-24,,TOTAL,NED,99,283.0
082048,2019,istruzione,F,Y9-24,,TOTAL,NED,99,299.0
082048,2020,istruzione,F,Y9-24,,TOTAL,NED,99,307.0
082048,2021,istruzione,F,Y9-24,,TOTAL,NED,99,314.0
082048,2022,istruzione,F,Y9-24,,TOTAL,NED,99,301.0
082048,2023,istruzione,F,Y9-24,,TOTAL,NED,99,279.0
082048,2024,istruzione,F,Y9-24,,TOTAL,NED,99,279.0
082048,2018,istruzione,F,Y9-24,,TOTAL,PSE,99,489.0
082048,2019,istruzione,F,Y9-24,,TOTAL,PSE,99,479.0
082048,2020,istruzione,F,Y9-24,,TOTAL,PSE,99,485.0
082048,2021,istruzione,F,Y9-24,,TOTAL,PSE,99,474.0
082048,2022,istruzione,F,Y9-24,,TOTAL,PSE,99,486.0
082048,2023,istruzione,F,Y9-24,,TOTAL,PSE,99,525.0
082048,2024,istruzione,F,Y9-24,,TOTAL,PSE,99,494.0
082048,2018,istruzione,F,Y9-24,,TOTAL,USE_IF,99,671.0
082048,2019,istruzione,F,Y9-24,,TOTAL,USE_IF,99,656.0
082048,2020,istruzione,F,Y9-24,,TOTAL,USE_IF,99,626.0
082048,2021,istruzione,F,Y9-24,,TOTAL,USE_IF,99,644.0
082048,2022,istruzione,F,Y9-24,,TOTAL,USE_IF,99,664.0
082048,2023,istruzione,F,Y9-24,,TOTAL,USE_IF,99,622.0
082048,2024,istruzione,F,Y9-24,,TOTAL,USE_IF,99,640.0
082048,2018,istruzione,M,Y_GE65,,TOTAL,ALL,99,2287.0
082048,2019,istruzione,M,Y_GE65,,TOTAL,ALL,99,2339.0
082048,2020,istruzione,M,Y_GE65,,TOTAL,ALL,99,2424.0
082048,2021,istruzione,M,Y_GE65,,TOTAL,ALL,99,2496.0
082048,2022,istruzione,M,Y_GE65,,TOTAL,ALL,99,2518.0
082048,2023,istruzione,M,Y_GE65,,TOTAL,ALL,99,2586.0
082048,2024,istruzione,M,Y_GE65,,TOTAL,ALL,99,2668.0000000000005
082048,2018,istruzione,M,Y_GE65,,TOTAL,BL,99,4.0
082048,2019,istruzione,M,Y_GE65,,TOTAL,BL,99,3.0
082048,2020,istruzione,M,Y_GE65,,TOTAL,BL,99,13.0
082048,2021,istruzione,M,Y_GE65,,TOTAL,BL,99,13.0
082048,2022,istruzione,M,Y_GE65,,TOTAL,BL,99,15.0
082048,2023,istruzione,M,Y_GE65,,TOTAL,BL,99,14.0
082048,2024,istruzione,M,Y_GE65,,TOTAL,BL,99,16.0
082048,2018,istruzione,M,Y_GE65,,TOTAL,LSE,99,615.0
082048,2019,istruzione,M,Y_GE65,,TOTAL,LSE,99,661.0
082048,2020,istruzione,M,Y_GE65,,TOTAL,LSE,99,736.0
082048,2021,istruzione,M,Y_GE65,,TOTAL,LSE,99,821.0
082048,2022,istruzione,M,Y_GE65,,TOTAL,LSE,99,845.0
082048,2023,istruzione,M,Y_GE65,,TOTAL,LSE,99,920.0
082048,2024,istruzione,M,Y_GE65,,TOTAL,LSE,99,994.0
082048,2018,istruzione,M,Y_GE65,,TOTAL,ML_RDD,99,75.0
082048,2019,istruzione,M,Y_GE65,,TOTAL,ML_RDD,99,92.0
082048,2020,istruzione,M,Y_GE65,,TOTAL,ML_RDD,99,85.0
082048,2021,istruzione,M,Y_GE65,,TOTAL,ML_RDD,99,110.0
082048,2022,istruzione,M,Y_GE65,,TOTAL,ML_RDD,99,102.0
082048,2023,istruzione,M,Y_GE65,,TOTAL,ML_RDD,99,100.0
082048,2024,istruzione,M,Y_GE65,,TOTAL,ML_RDD,99,112.0
082048,2018,istruzione,M,Y_GE65,,TOTAL,NED,99,293.0
082048,2019,istruzione,M,Y_GE65,,TOTAL,NED,99,258.0
082048,2020,istruzione,M,Y_GE65,,TOTAL,NED,99,252.0
082048,2021,istruzione,M,Y_GE65,,TOTAL,NED,99,237.0
082048,2022,istruzione,M,Y_GE65,,TOTAL,NED,99,217.0
082048,2023,istruzione,M,Y_GE65,,TOTAL,NED,99,213.0
082048,2024,istruzione,M,Y_GE65,,TOTAL,NED,99,200.0
082048,2018,istruzione,M,Y_GE65,,TOTAL,PSE,99,1054.0
082048,2019,istruzione,M,Y_GE65,,TOTAL,PSE,99,1047.0
082048,2020,istruzione,M,Y_GE65,,TOTAL,PSE,99,1016.0
082048,2021,istruzione,M,Y_GE65,,TOTAL,PSE,99,960.0
082048,2022,istruzione,M,Y_GE65,,TOTAL,PSE,99,964.0
082048,2023,istruzione,M,Y_GE65,,TOTAL,PSE,99,958.0
082048,2024,istruzione,M,Y_GE65,,TOTAL,PSE,99,937.0
082048,2018,istruzione,M,Y_GE65,,TOTAL,USE_IF,99,246.0
082048,2019,istruzione,M,Y_GE65,,TOTAL,USE_IF,99,278.0
082048,2020,istruzione,M,Y_GE65,,TOTAL,USE_IF,99,322.0
082048,2021,istruzione,M,Y_GE65,,TOTAL,USE_IF,99,355.0
082048,2022,istruzione,M,Y_GE65,,TOTAL,USE_IF,99,375.0
082048,2023,istruzione,M,Y_GE65,,TOTAL,USE_IF,99,381.0
082048,2024,istruzione,M,Y_GE65,,TOTAL,USE_IF,99,409.0
082048,2018,istruzione,M,Y_GE9,,TOTAL,ALL,99,12710.0
082048,2019,istruzione,M,Y_GE9,,TOTAL,ALL,99,12750.0
082048,2020,istruzione,M,Y_GE9,,TOTAL,ALL,99,12700.0
082048,2021,istruzione,M,Y_GE9,,TOTAL,ALL,99,12928.0
082048,2022,istruzione,M,Y_GE9,,TOTAL,ALL,99,12890.0
082048,2023,istruzione,M,Y_GE9,,TOTAL,ALL,99,12991.0
082048,2024,istruzione,M,Y_GE9,,TOTAL,ALL,99,13026.0
082048,2018,istruzione,M,Y_GE9,,TOTAL,BL,99,249.0
082048,2019,istruzione,M,Y_GE9,,TOTAL,BL,99,246.0
082048,2020,istruzione,M,Y_GE9,,TOTAL,BL,99,258.0
082048,2021,istruzione,M,Y_GE9,,TOTAL,BL,99,291.0
082048,2022,istruzione,M,Y_GE9,,TOTAL,BL,99,290.0
082048,2023,istruzione,M,Y_GE9,,TOTAL,BL,99,304.0
082048,2024,istruzione,M,Y_GE9,,TOTAL,BL,99,351.0
082048,2018,istruzione,M,Y_GE9,,TOTAL,IL,99,123.0
082048,2019,istruzione,M,Y_GE9,,TOTAL,IL,99,132.0
082048,2020,istruzione,M,Y_GE9,,TOTAL,IL,99,135.0
082048,2021,istruzione,M,Y_GE9,,TOTAL,IL,99,112.0
082048,2022,istruzione,M,Y_GE9,,TOTAL,IL,99,100.0
082048,2023,istruzione,M,Y_GE9,,TOTAL,IL,99,102.0
082048,2024,istruzione,M,Y_GE9,,TOTAL,IL,99,91.0
082048,2018,istruzione,M,Y_GE9,,TOTAL,LBNA,99,567.0
082048,2019,istruzione,M,Y_GE9,,TOTAL,LBNA,99,536.0
082048,2020,istruzione,M,Y_GE9,,TOTAL,LBNA,99,530.0
082048,2021,istruzione,M,Y_GE9,,TOTAL,LBNA,99,538.0
082048,2022,istruzione,M,Y_GE9,,TOTAL,LBNA,99,536.0
082048,2023,istruzione,M,Y_GE9,,TOTAL,LBNA,99,535.0
082048,2024,istruzione,M,Y_GE9,,TOTAL,LBNA,99,514.0
082048,2018,istruzione,M,Y_GE9,,TOTAL,LSE,99,5242.0
082048,2019,istruzione,M,Y_GE9,,TOTAL,LSE,99,5337.0
082048,2020,istruzione,M,Y_GE9,,TOTAL,LSE,99,5235.0
082048,2021,istruzione,M,Y_GE9,,TOTAL,LSE,99,5354.0
082048,2022,istruzione,M,Y_GE9,,TOTAL,LSE,99,5266.0
082048,2023,istruzione,M,Y_GE9,,TOTAL,LSE,99,5493.0
082048,2024,istruzione,M,Y_GE9,,TOTAL,LSE,99,5476.0
082048,2018,istruzione,M,Y_GE9,,TOTAL,ML,99,569.0
082048,2019,istruzione,M,Y_GE9,,TOTAL,ML,99,555.0
082048,2020,istruzione,M,Y_GE9,,TOTAL,ML,99,595.0
082048,2021,istruzione,M,Y_GE9,,TOTAL,ML,99,662.0
082048,2022,istruzione,M,Y_GE9,,TOTAL,ML,99,653.0
082048,2023,istruzione,M,Y_GE9,,TOTAL,ML,99,604.0
082048,2024,istruzione,M,Y_GE9,,TOTAL,ML,99,618.0
082048,2018,istruzione,M,Y_GE9,,TOTAL,ML_RDD,99,592.0
082048,2019,istruzione,M,Y_GE9,,TOTAL,ML_RDD,99,578.0
082048,2020,istruzione,M,Y_GE9,,TOTAL,ML_RDD,99,619.0
082048,2021,istruzione,M,Y_GE9,,TOTAL,ML_RDD,99,687.0
082048,2022,istruzione,M,Y_GE9,,TOTAL,ML_RDD,99,680.0
082048,2023,istruzione,M,Y_GE9,,TOTAL,ML_RDD,99,631.0
082048,2024,istruzione,M,Y_GE9,,TOTAL,ML_RDD,99,643.0
082048,2018,istruzione,M,Y_GE9,,TOTAL,NED,99,690.0
082048,2019,istruzione,M,Y_GE9,,TOTAL,NED,99,669.0
082048,2020,istruzione,M,Y_GE9,,TOTAL,NED,99,665.0
082048,2021,istruzione,M,Y_GE9,,TOTAL,NED,99,650.0
082048,2022,istruzione,M,Y_GE9,,TOTAL,NED,99,636.0
082048,2023,istruzione,M,Y_GE9,,TOTAL,NED,99,637.0
082048,2024,istruzione,M,Y_GE9,,TOTAL,NED,99,605.0
082048,2018,istruzione,M,Y_GE9,,TOTAL,PSE,99,2247.0
082048,2019,istruzione,M,Y_GE9,,TOTAL,PSE,99,2170.0
082048,2020,istruzione,M,Y_GE9,,TOTAL,PSE,99,2082.0
082048,2021,istruzione,M,Y_GE9,,TOTAL,PSE,99,2021.0
082048,2022,istruzione,M,Y_GE9,,TOTAL,PSE,99,2010.0
082048,2023,istruzione,M,Y_GE9,,TOTAL,PSE,99,1950.0
082048,2024,istruzione,M,Y_GE9,,TOTAL,PSE,99,1888.0
082048,2018,istruzione,M,Y_GE9,,TOTAL,RDD,99,22.0
082048,2019,istruzione,M,Y_GE9,,TOTAL,RDD,99,23.0
082048,2020,istruzione,M,Y_GE9,,TOTAL,RDD,99,24.0
082048,2021,istruzione,M,Y_GE9,,TOTAL,RDD,99,25.0
082048,2022,istruzione,M,Y_GE9,,TOTAL,RDD,99,27.0
082048,2023,istruzione,M,Y_GE9,,TOTAL,RDD,99,27.0
082048,2024,istruzione,M,Y_GE9,,TOTAL,RDD,99,25.0
082048,2018,istruzione,M,Y_GE9,,TOTAL,USE_IF,99,3691.0
082048,2019,istruzione,M,Y_GE9,,TOTAL,USE_IF,99,3752.0
082048,2020,istruzione,M,Y_GE9,,TOTAL,USE_IF,99,3841.0
082048,2021,istruzione,M,Y_GE9,,TOTAL,USE_IF,99,3925.0
082048,2022,istruzione,M,Y_GE9,,TOTAL,USE_IF,99,4008.0
082048,2023,istruzione,M,Y_GE9,,TOTAL,USE_IF,99,3976.0
082048,2024,istruzione,M,Y_GE9,,TOTAL,USE_IF,99,4063.0
082048,2018,istruzione,M,Y25-49,,TOTAL,ALL,99,4901.0
082048,2019,istruzione,M,Y25-49,,TOTAL,ALL,99,4832.0
082048,2020,istruzione,M,Y25-49,,TOTAL,ALL,99,4709.0
082048,2021,istruzione,M,Y25-49,,TOTAL,ALL,99,4760.0
082048,2022,istruzione,M,Y25-49,,TOTAL,ALL,99,4696.0
082048,2023,istruzione,M,Y25-49,,TOTAL,ALL,99,4631.0
082048,2024,istruzione,M,Y25-49,,TOTAL,ALL,99,4552.0
082048,2018,istruzione,M,Y25-49,,TOTAL,BL,99,171.0
082048,2019,istruzione,M,Y25-49,,TOTAL,BL,99,178.0
082048,2020,istruzione,M,Y25-49,,TOTAL,BL,99,168.0
082048,2021,istruzione,M,Y25-49,,TOTAL,BL,99,192.0
082048,2022,istruzione,M,Y25-49,,TOTAL,BL,99,191.0
082048,2023,istruzione,M,Y25-49,,TOTAL,BL,99,210.0
082048,2024,istruzione,M,Y25-49,,TOTAL,BL,99,232.0
082048,2018,istruzione,M,Y25-49,,TOTAL,LSE,99,2004.0
082048,2019,istruzione,M,Y25-49,,TOTAL,LSE,99,1948.0
082048,2020,istruzione,M,Y25-49,,TOTAL,LSE,99,1838.0
082048,2021,istruzione,M,Y25-49,,TOTAL,LSE,99,1844.0
082048,2022,istruzione,M,Y25-49,,TOTAL,LSE,99,1770.0
082048,2023,istruzione,M,Y25-49,,TOTAL,LSE,99,1796.0
082048,2024,istruzione,M,Y25-49,,TOTAL,LSE,99,1732.0
082048,2018,istruzione,M,Y25-49,,TOTAL,ML_RDD,99,357.0
082048,2019,istruzione,M,Y25-49,,TOTAL,ML_RDD,99,328.0
082048,2020,istruzione,M,Y25-49,,TOTAL,ML_RDD,99,362.0
082048,2021,istruzione,M,Y25-49,,TOTAL,ML_RDD,99,389.0
082048,2022,istruzione,M,Y25-49,,TOTAL,ML_RDD,99,401.0
082048,2023,istruzione,M,Y25-49,,TOTAL,ML_RDD,99,347.0
082048,2024,istruzione,M,Y25-49,,TOTAL,ML_RDD,99,349.0
082048,2018,istruzione,M,Y25-49,,TOTAL,NED,99,24.0
082048,2019,istruzione,M,Y25-49,,TOTAL,NED,99,29.0
082048,2020,istruzione,M,Y25-49,,TOTAL,NED,99,27.0
082048,2021,istruzione,M,Y25-49,,TOTAL,NED,99,15.0
082048,2022,istruzione,M,Y25-49,,TOTAL,NED,99,22.0
082048,2023,istruzione,M,Y25-49,,TOTAL,NED,99,19.0
082048,2024,istruzione,M,Y25-49,,TOTAL,NED,99,13.0
082048,2018,istruzione,M,Y25-49,,TOTAL,PSE,99,219.0
082048,2019,istruzione,M,Y25-49,,TOTAL,PSE,99,235.0
082048,2020,istruzione,M,Y25-49,,TOTAL,PSE,99,184.0
082048,2021,istruzione,M,Y25-49,,TOTAL,PSE,99,196.0
082048,2022,istruzione,M,Y25-49,,TOTAL,PSE,99,184.0
082048,2023,istruzione,M,Y25-49,,TOTAL,PSE,99,132.0
082048,2024,istruzione,M,Y25-49,,TOTAL,PSE,99,129.0
082048,2018,istruzione,M,Y25-49,,TOTAL,USE_IF,99,2126.0
082048,2019,istruzione,M,Y25-49,,TOTAL,USE_IF,99,2114.0
082048,2020,istruzione,M,Y25-49,,TOTAL,USE_IF,99,2130.0
082048,2021,istruzione,M,Y25-49,,TOTAL,USE_IF,99,2124.0
082048,2022,istruzione,M,Y25-49,,TOTAL,USE_IF,99,2128.0
082048,2023,istruzione,M,Y25-49,,TOTAL,USE_IF,99,2127.0
082048,2024,istruzione,M,Y25-49,,TOTAL,USE_IF,99,2097.0
082048,2018,istruzione,M,Y50-64,,TOTAL,ALL,99,2774.0
082048,2019,istruzione,M,Y50-64,,TOTAL,ALL,99,2843.0
082048,2020,istruzione,M,Y50-64,,TOTAL,ALL,99,2911.0
082048,2021,istruzione,M,Y50-64,,TOTAL,ALL,99,3004.0
082048,2022,istruzione,M,Y50-64,,TOTAL,ALL,99,3053.0
082048,2023,istruzione,M,Y50-64,,TOTAL,ALL,99,3106.0
082048,2024,istruzione,M,Y50-64,,TOTAL,ALL,99,3120.0
082048,2018,istruzione,M,Y50-64,,TOTAL,BL,99,30.0
082048,2019,istruzione,M,Y50-64,,TOTAL,BL,99,38.0
082048,2020,istruzione,M,Y50-64,,TOTAL,BL,99,33.0
082048,2021,istruzione,M,Y50-64,,TOTAL,BL,99,39.0
082048,2022,istruzione,M,Y50-64,,TOTAL,BL,99,46.0
082048,2023,istruzione,M,Y50-64,,TOTAL,BL,99,53.0
082048,2024,istruzione,M,Y50-64,,TOTAL,BL,99,55.0
082048,2018,istruzione,M,Y50-64,,TOTAL,LSE,99,1441.0
082048,2019,istruzione,M,Y50-64,,TOTAL,LSE,99,1490.0
082048,2020,istruzione,M,Y50-64,,TOTAL,LSE,99,1520.0
082048,2021,istruzione,M,Y50-64,,TOTAL,LSE,99,1586.0
082048,2022,istruzione,M,Y50-64,,TOTAL,LSE,99,1582.0
082048,2023,istruzione,M,Y50-64,,TOTAL,LSE,99,1676.0
082048,2024,istruzione,M,Y50-64,,TOTAL,LSE,99,1671.0
082048,2018,istruzione,M,Y50-64,,TOTAL,ML_RDD,99,151.0
082048,2019,istruzione,M,Y50-64,,TOTAL,ML_RDD,99,150.0
082048,2020,istruzione,M,Y50-64,,TOTAL,ML_RDD,99,162.0
082048,2021,istruzione,M,Y50-64,,TOTAL,ML_RDD,99,176.0
082048,2022,istruzione,M,Y50-64,,TOTAL,ML_RDD,99,172.0
082048,2023,istruzione,M,Y50-64,,TOTAL,ML_RDD,99,168.0
082048,2024,istruzione,M,Y50-64,,TOTAL,ML_RDD,99,173.0
082048,2018,istruzione,M,Y50-64,,TOTAL,NED,99,81.0
082048,2019,istruzione,M,Y50-64,,TOTAL,NED,99,79.0
082048,2020,istruzione,M,Y50-64,,TOTAL,NED,99,78.0
082048,2021,istruzione,M,Y50-64,,TOTAL,NED,99,60.0
082048,2022,istruzione,M,Y50-64,,TOTAL,NED,99,64.0
082048,2023,istruzione,M,Y50-64,,TOTAL,NED,99,61.0
082048,2024,istruzione,M,Y50-64,,TOTAL,NED,99,60.0
082048,2018,istruzione,M,Y50-64,,TOTAL,PSE,99,397.0
082048,2019,istruzione,M,Y50-64,,TOTAL,PSE,99,393.0
082048,2020,istruzione,M,Y50-64,,TOTAL,PSE,99,376.0
082048,2021,istruzione,M,Y50-64,,TOTAL,PSE,99,370.0
082048,2022,istruzione,M,Y50-64,,TOTAL,PSE,99,367.0
082048,2023,istruzione,M,Y50-64,,TOTAL,PSE,99,335.0
082048,2024,istruzione,M,Y50-64,,TOTAL,PSE,99,314.0
082048,2018,istruzione,M,Y50-64,,TOTAL,USE_IF,99,674.0
082048,2019,istruzione,M,Y50-64,,TOTAL,USE_IF,99,693.0
082048,2020,istruzione,M,Y50-64,,TOTAL,USE_IF,99,742.0
082048,2021,istruzione,M,Y50-64,,TOTAL,USE_IF,99,773.0
082048,2022,istruzione,M,Y50-64,,TOTAL,USE_IF,99,822.0
082048,2023,istruzione,M,Y50-64,,TOTAL,USE_IF,99,813.0
082048,2024,istruzione,M,Y50-64,,TOTAL,USE_IF,99,847.0
082048,2018,istruzione,M,Y9-24,,TOTAL,ALL,99,2748.0
082048,2019,istruzione,M,Y9-24,,TOTAL,ALL,99,2736.0
082048,2020,istruzione,M,Y9-24,,TOTAL,ALL,99,2656.0
082048,2021,istruzione,M,Y9-24,,TOTAL,ALL,99,2668.0
082048,2022,istruzione,M,Y9-24,,TOTAL,ALL,99,2623.0
082048,2023,istruzione,M,Y9-24,,TOTAL,ALL,99,2668.0
082048,2024,istruzione,M,Y9-24,,TOTAL,ALL,99,2686.0
082048,2018,istruzione,M,Y9-24,,TOTAL,BL,99,43.0
082048,2019,istruzione,M,Y9-24,,TOTAL,BL,99,26.0
082048,2020,istruzione,M,Y9-24,,TOTAL,BL,99,44.0
082048,2021,istruzione,M,Y9-24,,TOTAL,BL,99,47.0
082048,2022,istruzione,M,Y9-24,,TOTAL,BL,99,38.0
082048,2023,istruzione,M,Y9-24,,TOTAL,BL,99,27.0
082048,2024,istruzione,M,Y9-24,,TOTAL,BL,99,48.0
082048,2018,istruzione,M,Y9-24,,TOTAL,LSE,99,1182.0
082048,2019,istruzione,M,Y9-24,,TOTAL,LSE,99,1238.0
082048,2020,istruzione,M,Y9-24,,TOTAL,LSE,99,1141.0
082048,2021,istruzione,M,Y9-24,,TOTAL,LSE,99,1103.0
082048,2022,istruzione,M,Y9-24,,TOTAL,LSE,99,1069.0
082048,2023,istruzione,M,Y9-24,,TOTAL,LSE,99,1101.0
082048,2024,istruzione,M,Y9-24,,TOTAL,LSE,99,1079.0
082048,2018,istruzione,M,Y9-24,,TOTAL,ML_RDD,99,9.0
082048,2019,istruzione,M,Y9-24,,TOTAL,ML_RDD,99,8.0
082048,2020,istruzione,M,Y9-24,,TOTAL,ML_RDD,99,10.0
082048,2021,istruzione,M,Y9-24,,TOTAL,ML_RDD,99,12.0
082048,2022,istruzione,M,Y9-24,,TOTAL,ML_RDD,99,5.0
082048,2023,istruzione,M,Y9-24,,TOTAL,ML_RDD,99,16.0
082048,2024,istruzione,M,Y9-24,,TOTAL,ML_RDD,99,9.0
082048,2018,istruzione,M,Y9-24,,TOTAL,NED,99,292.0
082048,2019,istruzione,M,Y9-24,,TOTAL,NED,99,302.0
082048,2020,istruzione,M,Y9-24,,TOTAL,NED,99,308.0
082048,2021,istruzione,M,Y9-24,,TOTAL,NED,99,338.0
082048,2022,istruzione,M,Y9-24,,TOTAL,NED,99,333.0
082048,2023,istruzione,M,Y9-24,,TOTAL,NED,99,344.0
082048,2024,istruzione,M,Y9-24,,TOTAL,NED,99,332.0
082048,2018,istruzione,M,Y9-24,,TOTAL,PSE,99,577.0
082048,2019,istruzione,M,Y9-24,,TOTAL,PSE,99,495.0
082048,2020,istruzione,M,Y9-24,,TOTAL,PSE,99,506.0
082048,2021,istruzione,M,Y9-24,,TOTAL,PSE,99,495.0
082048,2022,istruzione,M,Y9-24,,TOTAL,PSE,99,495.0
082048,2023,istruzione,M,Y9-24,,TOTAL,PSE,99,525.0
082048,2024,istruzione,M,Y9-24,,TOTAL,PSE,99,508.0
082048,2018,istruzione,M,Y9-24,,TOTAL,USE_IF,99,645.0
082048,2019,istruzione,M,Y9-24,,TOTAL,USE_IF,99,667.0
082048,2020,istruzione,M,Y9-24,,TOTAL,USE_IF,99,647.0
082048,2021,istruzione,M,Y9-24,,TOTAL,USE_IF,99,673.0
082048,2022,istruzione,M,Y9-24,,TOTAL,USE_IF,99,683.0
082048,2023,istruzione,M,Y9-24,,TOTAL,USE_IF,99,655.0
082048,2024,istruzione,M,Y9-24,,TOTAL,USE_IF,99,710.0
082048,2018,istruzione,T,Y_GE65,,TOTAL,ALL,99,4923.0
082048,2019,istruzione,T,Y_GE65,,TOTAL,ALL,99,5034.0
082048,2020,istruzione,T,Y_GE65,,TOTAL,ALL,99,5180.0
082048,2021,istruzione,T,Y_GE65,,TOTAL,ALL,99,5320.0
082048,2022,istruzione,T,Y_GE65,,TOTAL,ALL,99,5380.0
082048,2023,istruzione,T,Y_GE65,,TOTAL,ALL,99,5497.0
082048,2024,istruzione,T,Y_GE65,,TOTAL,ALL,99,5668.0
082048,2018,istruzione,T,Y_GE65,,TOTAL,BL,99,7.0
082048,2019,istruzione,T,Y_GE65,,TOTAL,BL,99,9.0
082048,2020,istruzione,T,Y_GE65,,TOTAL,BL,99,19.0
082048,2021,istruzione,T,Y_GE65,,TOTAL,BL,99,18.0
082048,2022,istruzione,T,Y_GE65,,TOTAL,BL,99,18.0
082048,2023,istruzione,T,Y_GE65,,TOTAL,BL,99,18.0
082048,2024,istruzione,T,Y_GE65,,TOTAL,BL,99,25.0
082048,2018,istruzione,T,Y_GE65,,TOTAL,LSE,99,1084.0
082048,2019,istruzione,T,Y_GE65,,TOTAL,LSE,99,1164.0
082048,2020,istruzione,T,Y_GE65,,TOTAL,LSE,99,1287.0
082048,2021,istruzione,T,Y_GE65,,TOTAL,LSE,99,1411.0
082048,2022,istruzione,T,Y_GE65,,TOTAL,LSE,99,1495.0
082048,2023,istruzione,T,Y_GE65,,TOTAL,LSE,99,1562.0
082048,2024,istruzione,T,Y_GE65,,TOTAL,LSE,99,1717.0
082048,2018,istruzione,T,Y_GE65,,TOTAL,ML_RDD,99,130.0
082048,2019,istruzione,T,Y_GE65,,TOTAL,ML_RDD,99,162.0
082048,2020,istruzione,T,Y_GE65,,TOTAL,ML_RDD,99,153.0
082048,2021,istruzione,T,Y_GE65,,TOTAL,ML_RDD,99,188.0
082048,2022,istruzione,T,Y_GE65,,TOTAL,ML_RDD,99,184.0
082048,2023,istruzione,T,Y_GE65,,TOTAL,ML_RDD,99,181.0
082048,2024,istruzione,T,Y_GE65,,TOTAL,ML_RDD,99,200.0
082048,2018,istruzione,T,Y_GE65,,TOTAL,NED,99,777.0
082048,2019,istruzione,T,Y_GE65,,TOTAL,NED,99,750.0
082048,2020,istruzione,T,Y_GE65,,TOTAL,NED,99,699.0
082048,2021,istruzione,T,Y_GE65,,TOTAL,NED,99,606.0
082048,2022,istruzione,T,Y_GE65,,TOTAL,NED,99,595.0
082048,2023,istruzione,T,Y_GE65,,TOTAL,NED,99,633.0
082048,2024,istruzione,T,Y_GE65,,TOTAL,NED,99,595.0
082048,2018,istruzione,T,Y_GE65,,TOTAL,PSE,99,2515.0
082048,2019,istruzione,T,Y_GE65,,TOTAL,PSE,99,2487.0
082048,2020,istruzione,T,Y_GE65,,TOTAL,PSE,99,2512.0
082048,2021,istruzione,T,Y_GE65,,TOTAL,PSE,99,2531.0
082048,2022,istruzione,T,Y_GE65,,TOTAL,PSE,99,2464.0
082048,2023,istruzione,T,Y_GE65,,TOTAL,PSE,99,2479.0
082048,2024,istruzione,T,Y_GE65,,TOTAL,PSE,99,2444.0
082048,2018,istruzione,T,Y_GE65,,TOTAL,USE_IF,99,410.0
082048,2019,istruzione,T,Y_GE65,,TOTAL,USE_IF,99,462.0
082048,2020,istruzione,T,Y_GE65,,TOTAL,USE_IF,99,510.0
082048,2021,istruzione,T,Y_GE65,,TOTAL,USE_IF,99,566.0
082048,2022,istruzione,T,Y_GE65,,TOTAL,USE_IF,99,624.0
082048,2023,istruzione,T,Y_GE65,,TOTAL,USE_IF,99,624.0
082048,2024,istruzione,T,Y_GE65,,TOTAL,USE_IF,99,687.0
082048,2018,istruzione,T,Y_GE9,,TOTAL,ALL,99,25803.0
082048,2019,istruzione,T,Y_GE9,,TOTAL,ALL,99,25924.0
082048,2020,istruzione,T,Y_GE9,,TOTAL,ALL,99,25807.0
082048,2021,istruzione,T,Y_GE9,,TOTAL,ALL,99,26183.0
082048,2022,istruzione,T,Y_GE9,,TOTAL,ALL,99,26111.0
082048,2023,istruzione,T,Y_GE9,,TOTAL,ALL,99,26284.0
082048,2024,istruzione,T,Y_GE9,,TOTAL,ALL,99,26446.0
082048,2018,istruzione,T,Y_GE9,,TOTAL,BL,99,589.0
082048,2019,istruzione,T,Y_GE9,,TOTAL,BL,99,611.0
082048,2020,istruzione,T,Y_GE9,,TOTAL,BL,99,604.0
082048,2021,istruzione,T,Y_GE9,,TOTAL,BL,99,665.0
082048,2022,istruzione,T,Y_GE9,,TOTAL,BL,99,679.0
082048,2023,istruzione,T,Y_GE9,,TOTAL,BL,99,713.0
082048,2024,istruzione,T,Y_GE9,,TOTAL,BL,99,811.0
082048,2018,istruzione,T,Y_GE9,,TOTAL,IL,99,261.0
082048,2019,istruzione,T,Y_GE9,,TOTAL,IL,99,262.0
082048,2020,istruzione,T,Y_GE9,,TOTAL,IL,99,252.0
082048,2021,istruzione,T,Y_GE9,,TOTAL,IL,99,214.0
082048,2022,istruzione,T,Y_GE9,,TOTAL,IL,99,211.0
082048,2023,istruzione,T,Y_GE9,,TOTAL,IL,99,208.0
082048,2024,istruzione,T,Y_GE9,,TOTAL,IL,99,193.0
082048,2018,istruzione,T,Y_GE9,,TOTAL,LBNA,99,1340.0
082048,2019,istruzione,T,Y_GE9,,TOTAL,LBNA,99,1290.0
082048,2020,istruzione,T,Y_GE9,,TOTAL,LBNA,99,1265.0
082048,2021,istruzione,T,Y_GE9,,TOTAL,LBNA,99,1200.0
082048,2022,istruzione,T,Y_GE9,,TOTAL,LBNA,99,1188.0
082048,2023,istruzione,T,Y_GE9,,TOTAL,LBNA,99,1222.0
082048,2024,istruzione,T,Y_GE9,,TOTAL,LBNA,99,1176.0
082048,2018,istruzione,T,Y_GE9,,TOTAL,LSE,99,10101.0
082048,2019,istruzione,T,Y_GE9,,TOTAL,LSE,99,10272.0
082048,2020,istruzione,T,Y_GE9,,TOTAL,LSE,99,10044.0
082048,2021,istruzione,T,Y_GE9,,TOTAL,LSE,99,10268.0
082048,2022,istruzione,T,Y_GE9,,TOTAL,LSE,99,10065.0
082048,2023,istruzione,T,Y_GE9,,TOTAL,LSE,99,10397.0
082048,2024,istruzione,T,Y_GE9,,TOTAL,LSE,99,10419.0
082048,2018,istruzione,T,Y_GE9,,TOTAL,ML,99,1303.0
082048,2019,istruzione,T,Y_GE9,,TOTAL,ML,99,1294.0
082048,2020,istruzione,T,Y_GE9,,TOTAL,ML,99,1392.0
082048,2021,istruzione,T,Y_GE9,,TOTAL,ML,99,1466.0
082048,2022,istruzione,T,Y_GE9,,TOTAL,ML,99,1466.0
082048,2023,istruzione,T,Y_GE9,,TOTAL,ML,99,1410.0
082048,2024,istruzione,T,Y_GE9,,TOTAL,ML,99,1465.0
082048,2018,istruzione,T,Y_GE9,,TOTAL,ML_RDD,99,1348.0
082048,2019,istruzione,T,Y_GE9,,TOTAL,ML_RDD,99,1337.0
082048,2020,istruzione,T,Y_GE9,,TOTAL,ML_RDD,99,1436.0
082048,2021,istruzione,T,Y_GE9,,TOTAL,ML_RDD,99,1512.0
082048,2022,istruzione,T,Y_GE9,,TOTAL,ML_RDD,99,1519.0
082048,2023,istruzione,T,Y_GE9,,TOTAL,ML_RDD,99,1455.0
082048,2024,istruzione,T,Y_GE9,,TOTAL,ML_RDD,99,1511.0
082048,2018,istruzione,T,Y_GE9,,TOTAL,NED,99,1602.0
082048,2019,istruzione,T,Y_GE9,,TOTAL,NED,99,1552.0
082048,2020,istruzione,T,Y_GE9,,TOTAL,NED,99,1517.0
082048,2021,istruzione,T,Y_GE9,,TOTAL,NED,99,1414.0
082048,2022,istruzione,T,Y_GE9,,TOTAL,NED,99,1399.0
082048,2023,istruzione,T,Y_GE9,,TOTAL,NED,99,1430.0
082048,2024,istruzione,T,Y_GE9,,TOTAL,NED,99,1369.0
082048,2018,istruzione,T,Y_GE9,,TOTAL,PSE,99,5147.0
082048,2019,istruzione,T,Y_GE9,,TOTAL,PSE,99,4978.0
082048,2020,istruzione,T,Y_GE9,,TOTAL,PSE,99,4894.0
082048,2021,istruzione,T,Y_GE9,,TOTAL,PSE,99,4876.0
082048,2022,istruzione,T,Y_GE9,,TOTAL,PSE,99,4745.0
082048,2023,istruzione,T,Y_GE9,,TOTAL,PSE,99,4717.0
082048,2024,istruzione,T,Y_GE9,,TOTAL,PSE,99,4585.0
082048,2018,istruzione,T,Y_GE9,,TOTAL,RDD,99,45.0
082048,2019,istruzione,T,Y_GE9,,TOTAL,RDD,99,43.0
082048,2020,istruzione,T,Y_GE9,,TOTAL,RDD,99,44.0
082048,2021,istruzione,T,Y_GE9,,TOTAL,RDD,99,46.0
082048,2022,istruzione,T,Y_GE9,,TOTAL,RDD,99,53.0
082048,2023,istruzione,T,Y_GE9,,TOTAL,RDD,99,45.0
082048,2024,istruzione,T,Y_GE9,,TOTAL,RDD,99,46.0
082048,2018,istruzione,T,Y_GE9,,TOTAL,USE_IF,99,7017.0
082048,2019,istruzione,T,Y_GE9,,TOTAL,USE_IF,99,7175.0
082048,2020,istruzione,T,Y_GE9,,TOTAL,USE_IF,99,7312.0
082048,2021,istruzione,T,Y_GE9,,TOTAL,USE_IF,99,7448.0
082048,2022,istruzione,T,Y_GE9,,TOTAL,USE_IF,99,7704.0
082048,2023,istruzione,T,Y_GE9,,TOTAL,USE_IF,99,7572.0
082048,2024,istruzione,T,Y_GE9,,TOTAL,USE_IF,99,7751.0
082048,2018,istruzione,T,Y25-49,,TOTAL,ALL,99,9946.0
082048,2019,istruzione,T,Y25-49,,TOTAL,ALL,99,9826.0
082048,2020,istruzione,T,Y25-49,,TOTAL,ALL,99,9616.0
082048,2021,istruzione,T,Y25-49,,TOTAL,ALL,99,9605.0
082048,2022,istruzione,T,Y25-49,,TOTAL,ALL,99,9444.0
082048,2023,istruzione,T,Y25-49,,TOTAL,ALL,99,9343.0
082048,2024,istruzione,T,Y25-49,,TOTAL,ALL,99,9236.0
082048,2018,istruzione,T,Y25-49,,TOTAL,BL,99,439.0
082048,2019,istruzione,T,Y25-49,,TOTAL,BL,99,456.0
082048,2020,istruzione,T,Y25-49,,TOTAL,BL,99,428.0
082048,2021,istruzione,T,Y25-49,,TOTAL,BL,99,474.0
082048,2022,istruzione,T,Y25-49,,TOTAL,BL,99,486.0
082048,2023,istruzione,T,Y25-49,,TOTAL,BL,99,520.0
082048,2024,istruzione,T,Y25-49,,TOTAL,BL,99,571.0
082048,2018,istruzione,T,Y25-49,,TOTAL,LSE,99,4017.0
082048,2019,istruzione,T,Y25-49,,TOTAL,LSE,99,3902.0
082048,2020,istruzione,T,Y25-49,,TOTAL,LSE,99,3685.0
082048,2021,istruzione,T,Y25-49,,TOTAL,LSE,99,3641.0
082048,2022,istruzione,T,Y25-49,,TOTAL,LSE,99,3429.0
082048,2023,istruzione,T,Y25-49,,TOTAL,LSE,99,3455.0
082048,2024,istruzione,T,Y25-49,,TOTAL,LSE,99,3333.0
082048,2018,istruzione,T,Y25-49,,TOTAL,ML_RDD,99,906.0
082048,2019,istruzione,T,Y25-49,,TOTAL,ML_RDD,99,863.0
082048,2020,istruzione,T,Y25-49,,TOTAL,ML_RDD,99,945.0
082048,2021,istruzione,T,Y25-49,,TOTAL,ML_RDD,99,969.0
082048,2022,istruzione,T,Y25-49,,TOTAL,ML_RDD,99,981.0
082048,2023,istruzione,T,Y25-49,,TOTAL,ML_RDD,99,914.0
082048,2024,istruzione,T,Y25-49,,TOTAL,ML_RDD,99,938.0
082048,2018,istruzione,T,Y25-49,,TOTAL,NED,99,59.0
082048,2019,istruzione,T,Y25-49,,TOTAL,NED,99,51.0
082048,2020,istruzione,T,Y25-49,,TOTAL,NED,99,50.0
082048,2021,istruzione,T,Y25-49,,TOTAL,NED,99,36.0
082048,2022,istruzione,T,Y25-49,,TOTAL,NED,99,47.0
082048,2023,istruzione,T,Y25-49,,TOTAL,NED,99,42.0
082048,2024,istruzione,T,Y25-49,,TOTAL,NED,99,38.0
082048,2018,istruzione,T,Y25-49,,TOTAL,PSE,99,497.0
082048,2019,istruzione,T,Y25-49,,TOTAL,PSE,99,493.0
082048,2020,istruzione,T,Y25-49,,TOTAL,PSE,99,394.0
082048,2021,istruzione,T,Y25-49,,TOTAL,PSE,99,404.0
082048,2022,istruzione,T,Y25-49,,TOTAL,PSE,99,369.0
082048,2023,istruzione,T,Y25-49,,TOTAL,PSE,99,309.0
082048,2024,istruzione,T,Y25-49,,TOTAL,PSE,99,291.0
082048,2018,istruzione,T,Y25-49,,TOTAL,USE_IF,99,4028.0
082048,2019,istruzione,T,Y25-49,,TOTAL,USE_IF,99,4061.0
082048,2020,istruzione,T,Y25-49,,TOTAL,USE_IF,99,4114.0
082048,2021,istruzione,T,Y25-49,,TOTAL,USE_IF,99,4081.0
082048,2022,istruzione,T,Y25-49,,TOTAL,USE_IF,99,4132.0
082048,2023,istruzione,T,Y25-49,,TOTAL,USE_IF,99,4103.0
082048,2024,istruzione,T,Y25-49,,TOTAL,USE_IF,99,4065.0
082048,2018,istruzione,T,Y50-64,,TOTAL,ALL,99,5611.0
082048,2019,istruzione,T,Y50-64,,TOTAL,ALL,99,5794.0
082048,2020,istruzione,T,Y50-64,,TOTAL,ALL,99,5897.0
082048,2021,istruzione,T,Y50-64,,TOTAL,ALL,99,6094.0
082048,2022,istruzione,T,Y50-64,,TOTAL,ALL,99,6196.0
082048,2023,istruzione,T,Y50-64,,TOTAL,ALL,99,6293.0
082048,2024,istruzione,T,Y50-64,,TOTAL,ALL,99,6369.0
082048,2018,istruzione,T,Y50-64,,TOTAL,BL,99,58.0
082048,2019,istruzione,T,Y50-64,,TOTAL,BL,99,71.0
082048,2020,istruzione,T,Y50-64,,TOTAL,BL,99,66.0
082048,2021,istruzione,T,Y50-64,,TOTAL,BL,99,73.0
082048,2022,istruzione,T,Y50-64,,TOTAL,BL,99,77.0
082048,2023,istruzione,T,Y50-64,,TOTAL,BL,99,98.0
082048,2024,istruzione,T,Y50-64,,TOTAL,BL,99,102.0
082048,2018,istruzione,T,Y50-64,,TOTAL,LSE,99,2735.0
082048,2019,istruzione,T,Y50-64,,TOTAL,LSE,99,2927.0
082048,2020,istruzione,T,Y50-64,,TOTAL,LSE,99,2944.0
082048,2021,istruzione,T,Y50-64,,TOTAL,LSE,99,3111.0
082048,2022,istruzione,T,Y50-64,,TOTAL,LSE,99,3123.0
082048,2023,istruzione,T,Y50-64,,TOTAL,LSE,99,3282.0
082048,2024,istruzione,T,Y50-64,,TOTAL,LSE,99,3295.0
082048,2018,istruzione,T,Y50-64,,TOTAL,ML_RDD,99,295.0
082048,2019,istruzione,T,Y50-64,,TOTAL,ML_RDD,99,293.0
082048,2020,istruzione,T,Y50-64,,TOTAL,ML_RDD,99,322.0
082048,2021,istruzione,T,Y50-64,,TOTAL,ML_RDD,99,334.0
082048,2022,istruzione,T,Y50-64,,TOTAL,ML_RDD,99,341.0
082048,2023,istruzione,T,Y50-64,,TOTAL,ML_RDD,99,334.0
082048,2024,istruzione,T,Y50-64,,TOTAL,ML_RDD,99,350.0
082048,2018,istruzione,T,Y50-64,,TOTAL,NED,99,191.0
082048,2019,istruzione,T,Y50-64,,TOTAL,NED,99,150.0
082048,2020,istruzione,T,Y50-64,,TOTAL,NED,99,153.0
082048,2021,istruzione,T,Y50-64,,TOTAL,NED,99,120.0
082048,2022,istruzione,T,Y50-64,,TOTAL,NED,99,123.0
082048,2023,istruzione,T,Y50-64,,TOTAL,NED,99,132.0
082048,2024,istruzione,T,Y50-64,,TOTAL,NED,99,125.0
082048,2018,istruzione,T,Y50-64,,TOTAL,PSE,99,1069.0
082048,2019,istruzione,T,Y50-64,,TOTAL,PSE,99,1024.0
082048,2020,istruzione,T,Y50-64,,TOTAL,PSE,99,997.0
082048,2021,istruzione,T,Y50-64,,TOTAL,PSE,99,972.0
082048,2022,istruzione,T,Y50-64,,TOTAL,PSE,99,931.0
082048,2023,istruzione,T,Y50-64,,TOTAL,PSE,99,879.0
082048,2024,istruzione,T,Y50-64,,TOTAL,PSE,99,848.0
082048,2018,istruzione,T,Y50-64,,TOTAL,USE_IF,99,1263.0
082048,2019,istruzione,T,Y50-64,,TOTAL,USE_IF,99,1329.0
082048,2020,istruzione,T,Y50-64,,TOTAL,USE_IF,99,1415.0
082048,2021,istruzione,T,Y50-64,,TOTAL,USE_IF,99,1484.0
082048,2022,istruzione,T,Y50-64,,TOTAL,USE_IF,99,1601.0
082048,2023,istruzione,T,Y50-64,,TOTAL,USE_IF,99,1568.0
082048,2024,istruzione,T,Y50-64,,TOTAL,USE_IF,99,1649.0
082048,2018,istruzione,T,Y9-24,,TOTAL,ALL,99,5323.0
082048,2019,istruzione,T,Y9-24,,TOTAL,ALL,99,5270.0
082048,2020,istruzione,T,Y9-24,,TOTAL,ALL,99,5114.0
082048,2021,istruzione,T,Y9-24,,TOTAL,ALL,99,5164.0
082048,2022,istruzione,T,Y9-24,,TOTAL,ALL,99,5091.0
082048,2023,istruzione,T,Y9-24,,TOTAL,ALL,99,5151.0
082048,2024,istruzione,T,Y9-24,,TOTAL,ALL,99,5173.0
082048,2018,istruzione,T,Y9-24,,TOTAL,BL,99,84.0
082048,2019,istruzione,T,Y9-24,,TOTAL,BL,99,74.0
082048,2020,istruzione,T,Y9-24,,TOTAL,BL,99,91.0
082048,2021,istruzione,T,Y9-24,,TOTAL,BL,99,100.0
082048,2022,istruzione,T,Y9-24,,TOTAL,BL,99,98.0
082048,2023,istruzione,T,Y9-24,,TOTAL,BL,99,77.0
082048,2024,istruzione,T,Y9-24,,TOTAL,BL,99,113.0
082048,2018,istruzione,T,Y9-24,,TOTAL,LSE,99,2265.0
082048,2019,istruzione,T,Y9-24,,TOTAL,LSE,99,2279.0
082048,2020,istruzione,T,Y9-24,,TOTAL,LSE,99,2128.0
082048,2021,istruzione,T,Y9-24,,TOTAL,LSE,99,2105.0
082048,2022,istruzione,T,Y9-24,,TOTAL,LSE,99,2018.0
082048,2023,istruzione,T,Y9-24,,TOTAL,LSE,99,2098.0
082048,2024,istruzione,T,Y9-24,,TOTAL,LSE,99,2074.0
082048,2018,istruzione,T,Y9-24,,TOTAL,ML_RDD,99,17.0
082048,2019,istruzione,T,Y9-24,,TOTAL,ML_RDD,99,19.0
082048,2020,istruzione,T,Y9-24,,TOTAL,ML_RDD,99,16.0
082048,2021,istruzione,T,Y9-24,,TOTAL,ML_RDD,99,21.0
082048,2022,istruzione,T,Y9-24,,TOTAL,ML_RDD,99,13.0
082048,2023,istruzione,T,Y9-24,,TOTAL,ML_RDD,99,26.0
082048,2024,istruzione,T,Y9-24,,TOTAL,ML_RDD,99,23.0
082048,2018,istruzione,T,Y9-24,,TOTAL,NED,99,575.0
082048,2019,istruzione,T,Y9-24,,TOTAL,NED,99,601.0
082048,2020,istruzione,T,Y9-24,,TOTAL,NED,99,615.0
082048,2021,istruzione,T,Y9-24,,TOTAL,NED,99,652.0
082048,2022,istruzione,T,Y9-24,,TOTAL,NED,99,634.0
082048,2023,istruzione,T,Y9-24,,TOTAL,NED,99,623.0
082048,2024,istruzione,T,Y9-24,,TOTAL,NED,99,611.0
082048,2018,istruzione,T,Y9-24,,TOTAL,PSE,99,1066.0
082048,2019,istruzione,T,Y9-24,,TOTAL,PSE,99,974.0
082048,2020,istruzione,T,Y9-24,,TOTAL,PSE,99,991.0
082048,2021,istruzione,T,Y9-24,,TOTAL,PSE,99,969.0
082048,2022,istruzione,T,Y9-24,,TOTAL,PSE,99,981.0
082048,2023,istruzione,T,Y9-24,,TOTAL,PSE,99,1050.0
082048,2024,istruzione,T,Y9-24,,TOTAL,PSE,99,1002.0
082048,2018,istruzione,T,Y9-24,,TOTAL,USE_IF,99,1316.0
082048,2019,istruzione,T,Y9-24,,TOTAL,USE_IF,99,1323.0
082048,2020,istruzione,T,Y9-24,,TOTAL,USE_IF,99,1273.0
082048,2021,istruzione,T,Y9-24,,TOTAL,USE_IF,99,1317.0
082048,2022,istruzione,T,Y9-24,,TOTAL,USE_IF,99,1347.0
082048,2023,istruzione,T,Y9-24,,TOTAL,USE_IF,99,1277.0
082048,2024,istruzione,T,Y9-24,,TOTAL,USE_IF,99,1350.0
082067,2018,istruzione,F,Y_GE65,,TOTAL,ALL,99,1226.0
082067,2019,istruzione,F,Y_GE65,,TOTAL,ALL,99,1248.0
082067,2020,istruzione,F,Y_GE65,,TOTAL,ALL,99,1257.0
082067,2021,istruzione,F,Y_GE65,,TOTAL,ALL,99,1277.0
082067,2022,istruzione,F,Y_GE65,,TOTAL,ALL,99,1306.0
082067,2023,istruzione,F,Y_GE65,,TOTAL,ALL,99,1340.0
082067,2024,istruzione,F,Y_GE65,,TOTAL,ALL,99,1368.0
082067,2018,istruzione,F,Y_GE65,,TOTAL,BL,99,4.0
082067,2019,istruzione,F,Y_GE65,,TOTAL,BL,99,8.0
082067,2020,istruzione,F,Y_GE65,,TOTAL,BL,99,8.0
082067,2021,istruzione,F,Y_GE65,,TOTAL,BL,99,7.0
082067,2022,istruzione,F,Y_GE65,,TOTAL,BL,99,7.0
082067,2023,istruzione,F,Y_GE65,,TOTAL,BL,99,9.0
082067,2024,istruzione,F,Y_GE65,,TOTAL,BL,99,10.0
082067,2018,istruzione,F,Y_GE65,,TOTAL,LSE,99,214.0
082067,2019,istruzione,F,Y_GE65,,TOTAL,LSE,99,237.0
082067,2020,istruzione,F,Y_GE65,,TOTAL,LSE,99,223.0
082067,2021,istruzione,F,Y_GE65,,TOTAL,LSE,99,270.0
082067,2022,istruzione,F,Y_GE65,,TOTAL,LSE,99,279.0
082067,2023,istruzione,F,Y_GE65,,TOTAL,LSE,99,298.0
082067,2024,istruzione,F,Y_GE65,,TOTAL,LSE,99,322.0
082067,2018,istruzione,F,Y_GE65,,TOTAL,ML_RDD,99,87.0
082067,2019,istruzione,F,Y_GE65,,TOTAL,ML_RDD,99,90.0
082067,2020,istruzione,F,Y_GE65,,TOTAL,ML_RDD,99,83.0
082067,2021,istruzione,F,Y_GE65,,TOTAL,ML_RDD,99,96.0
082067,2022,istruzione,F,Y_GE65,,TOTAL,ML_RDD,99,96.0
082067,2023,istruzione,F,Y_GE65,,TOTAL,ML_RDD,99,115.0
082067,2024,istruzione,F,Y_GE65,,TOTAL,ML_RDD,99,121.0
082067,2018,istruzione,F,Y_GE65,,TOTAL,NED,99,200.0
082067,2019,istruzione,F,Y_GE65,,TOTAL,NED,99,183.0
082067,2020,istruzione,F,Y_GE65,,TOTAL,NED,99,185.0
082067,2021,istruzione,F,Y_GE65,,TOTAL,NED,99,163.0
082067,2022,istruzione,F,Y_GE65,,TOTAL,NED,99,152.0
082067,2023,istruzione,F,Y_GE65,,TOTAL,NED,99,160.0
082067,2024,istruzione,F,Y_GE65,,TOTAL,NED,99,147.0
082067,2018,istruzione,F,Y_GE65,,TOTAL,PSE,99,577.0
082067,2019,istruzione,F,Y_GE65,,TOTAL,PSE,99,573.0
082067,2020,istruzione,F,Y_GE65,,TOTAL,PSE,99,588.0
082067,2021,istruzione,F,Y_GE65,,TOTAL,PSE,99,571.0
082067,2022,istruzione,F,Y_GE65,,TOTAL,PSE,99,577.0
082067,2023,istruzione,F,Y_GE65,,TOTAL,PSE,99,557.0
082067,2024,istruzione,F,Y_GE65,,TOTAL,PSE,99,554.0
082067,2018,istruzione,F,Y_GE65,,TOTAL,USE_IF,99,144.0
082067,2019,istruzione,F,Y_GE65,,TOTAL,USE_IF,99,157.0
082067,2020,istruzione,F,Y_GE65,,TOTAL,USE_IF,99,170.0
082067,2021,istruzione,F,Y_GE65,,TOTAL,USE_IF,99,170.0
082067,2022,istruzione,F,Y_GE65,,TOTAL,USE_IF,99,195.0
082067,2023,istruzione,F,Y_GE65,,TOTAL,USE_IF,99,201.0
082067,2024,istruzione,F,Y_GE65,,TOTAL,USE_IF,99,214.0
082067,2018,istruzione,F,Y_GE9,,TOTAL,ALL,99,5169.0
082067,2019,istruzione,F,Y_GE9,,TOTAL,ALL,99,5195.0
082067,2020,istruzione,F,Y_GE9,,TOTAL,ALL,99,5127.0
082067,2021,istruzione,F,Y_GE9,,TOTAL,ALL,99,5208.0
082067,2022,istruzione,F,Y_GE9,,TOTAL,ALL,99,5246.0
082067,2023,istruzione,F,Y_GE9,,TOTAL,ALL,99,5253.0
082067,2024,istruzione,F,Y_GE9,,TOTAL,ALL,99,5272.0
082067,2018,istruzione,F,Y_GE9,,TOTAL,BL,99,158.0
082067,2019,istruzione,F,Y_GE9,,TOTAL,BL,99,163.0
082067,2020,istruzione,F,Y_GE9,,TOTAL,BL,99,174.0
082067,2021,istruzione,F,Y_GE9,,TOTAL,BL,99,181.0
082067,2022,istruzione,F,Y_GE9,,TOTAL,BL,99,187.0
082067,2023,istruzione,F,Y_GE9,,TOTAL,BL,99,206.0
082067,2024,istruzione,F,Y_GE9,,TOTAL,BL,99,223.0
082067,2018,istruzione,F,Y_GE9,,TOTAL,IL,99,60.0
082067,2019,istruzione,F,Y_GE9,,TOTAL,IL,99,53.0
082067,2020,istruzione,F,Y_GE9,,TOTAL,IL,99,40.0
082067,2021,istruzione,F,Y_GE9,,TOTAL,IL,99,35.0
082067,2022,istruzione,F,Y_GE9,,TOTAL,IL,99,40.0
082067,2023,istruzione,F,Y_GE9,,TOTAL,IL,99,35.0
082067,2024,istruzione,F,Y_GE9,,TOTAL,IL,99,31.0
082067,2018,istruzione,F,Y_GE9,,TOTAL,LBNA,99,279.0
082067,2019,istruzione,F,Y_GE9,,TOTAL,LBNA,99,281.0
082067,2020,istruzione,F,Y_GE9,,TOTAL,LBNA,99,266.0
082067,2021,istruzione,F,Y_GE9,,TOTAL,LBNA,99,259.0
082067,2022,istruzione,F,Y_GE9,,TOTAL,LBNA,99,262.0
082067,2023,istruzione,F,Y_GE9,,TOTAL,LBNA,99,252.0
082067,2024,istruzione,F,Y_GE9,,TOTAL,LBNA,99,246.0
082067,2018,istruzione,F,Y_GE9,,TOTAL,LSE,99,1603.0
082067,2019,istruzione,F,Y_GE9,,TOTAL,LSE,99,1664.0
082067,2020,istruzione,F,Y_GE9,,TOTAL,LSE,99,1595.0
082067,2021,istruzione,F,Y_GE9,,TOTAL,LSE,99,1686.0
082067,2022,istruzione,F,Y_GE9,,TOTAL,LSE,99,1635.0
082067,2023,istruzione,F,Y_GE9,,TOTAL,LSE,99,1652.0
082067,2024,istruzione,F,Y_GE9,,TOTAL,LSE,99,1646.0
082067,2018,istruzione,F,Y_GE9,,TOTAL,ML,99,527.0
082067,2019,istruzione,F,Y_GE9,,TOTAL,ML,99,521.0
082067,2020,istruzione,F,Y_GE9,,TOTAL,ML,99,574.0
082067,2021,istruzione,F,Y_GE9,,TOTAL,ML,99,582.0
082067,2022,istruzione,F,Y_GE9,,TOTAL,ML,99,608.0
082067,2023,istruzione,F,Y_GE9,,TOTAL,ML,99,613.0
082067,2024,istruzione,F,Y_GE9,,TOTAL,ML,99,635.0
082067,2018,istruzione,F,Y_GE9,,TOTAL,ML_RDD,99,543.0
082067,2019,istruzione,F,Y_GE9,,TOTAL,ML_RDD,99,540.0
082067,2020,istruzione,F,Y_GE9,,TOTAL,ML_RDD,99,586.0
082067,2021,istruzione,F,Y_GE9,,TOTAL,ML_RDD,99,595.0
082067,2022,istruzione,F,Y_GE9,,TOTAL,ML_RDD,99,623.0
082067,2023,istruzione,F,Y_GE9,,TOTAL,ML_RDD,99,633.0
082067,2024,istruzione,F,Y_GE9,,TOTAL,ML_RDD,99,658.0
082067,2018,istruzione,F,Y_GE9,,TOTAL,NED,99,339.0
082067,2019,istruzione,F,Y_GE9,,TOTAL,NED,99,334.0
082067,2020,istruzione,F,Y_GE9,,TOTAL,NED,99,306.0
082067,2021,istruzione,F,Y_GE9,,TOTAL,NED,99,294.0
082067,2022,istruzione,F,Y_GE9,,TOTAL,NED,99,302.0
082067,2023,istruzione,F,Y_GE9,,TOTAL,NED,99,287.0
082067,2024,istruzione,F,Y_GE9,,TOTAL,NED,99,277.0
082067,2018,istruzione,F,Y_GE9,,TOTAL,PSE,99,1076.0
082067,2019,istruzione,F,Y_GE9,,TOTAL,PSE,99,1038.0
082067,2020,istruzione,F,Y_GE9,,TOTAL,PSE,99,1040.0
082067,2021,istruzione,F,Y_GE9,,TOTAL,PSE,99,1017.0
082067,2022,istruzione,F,Y_GE9,,TOTAL,PSE,99,992.0
082067,2023,istruzione,F,Y_GE9,,TOTAL,PSE,99,973.0
082067,2024,istruzione,F,Y_GE9,,TOTAL,PSE,99,937.0
082067,2018,istruzione,F,Y_GE9,,TOTAL,RDD,99,16.0
082067,2019,istruzione,F,Y_GE9,,TOTAL,RDD,99,19.0
082067,2020,istruzione,F,Y_GE9,,TOTAL,RDD,99,12.0
082067,2021,istruzione,F,Y_GE9,,TOTAL,RDD,99,13.0
082067,2022,istruzione,F,Y_GE9,,TOTAL,RDD,99,15.0
082067,2023,istruzione,F,Y_GE9,,TOTAL,RDD,99,20.0
082067,2024,istruzione,F,Y_GE9,,TOTAL,RDD,99,23.0
082067,2018,istruzione,F,Y_GE9,,TOTAL,USE_IF,99,1450.0
082067,2019,istruzione,F,Y_GE9,,TOTAL,USE_IF,99,1457.0
082067,2020,istruzione,F,Y_GE9,,TOTAL,USE_IF,99,1426.0
082067,2021,istruzione,F,Y_GE9,,TOTAL,USE_IF,99,1435.0
082067,2022,istruzione,F,Y_GE9,,TOTAL,USE_IF,99,1507.0
082067,2023,istruzione,F,Y_GE9,,TOTAL,USE_IF,99,1502.0
082067,2024,istruzione,F,Y_GE9,,TOTAL,USE_IF,99,1531.0
082067,2018,istruzione,F,Y25-49,,TOTAL,ALL,99,1833.0
082067,2019,istruzione,F,Y25-49,,TOTAL,ALL,99,1803.0
082067,2020,istruzione,F,Y25-49,,TOTAL,ALL,99,1748.0
082067,2021,istruzione,F,Y25-49,,TOTAL,ALL,99,1754.0
082067,2022,istruzione,F,Y25-49,,TOTAL,ALL,99,1764.0
082067,2023,istruzione,F,Y25-49,,TOTAL,ALL,99,1741.0
082067,2024,istruzione,F,Y25-49,,TOTAL,ALL,99,1737.9999999999998
082067,2018,istruzione,F,Y25-49,,TOTAL,BL,99,106.0
082067,2019,istruzione,F,Y25-49,,TOTAL,BL,99,114.0
082067,2020,istruzione,F,Y25-49,,TOTAL,BL,99,111.0
082067,2021,istruzione,F,Y25-49,,TOTAL,BL,99,130.0
082067,2022,istruzione,F,Y25-49,,TOTAL,BL,99,127.0
082067,2023,istruzione,F,Y25-49,,TOTAL,BL,99,146.0
082067,2024,istruzione,F,Y25-49,,TOTAL,BL,99,152.0
082067,2018,istruzione,F,Y25-49,,TOTAL,LSE,99,600.0
082067,2019,istruzione,F,Y25-49,,TOTAL,LSE,99,600.0
082067,2020,istruzione,F,Y25-49,,TOTAL,LSE,99,558.0
082067,2021,istruzione,F,Y25-49,,TOTAL,LSE,99,572.0
082067,2022,istruzione,F,Y25-49,,TOTAL,LSE,99,512.0
082067,2023,istruzione,F,Y25-49,,TOTAL,LSE,99,526.0
082067,2024,istruzione,F,Y25-49,,TOTAL,LSE,99,508.0
082067,2018,istruzione,F,Y25-49,,TOTAL,ML_RDD,99,321.0
082067,2019,istruzione,F,Y25-49,,TOTAL,ML_RDD,99,309.0
082067,2020,istruzione,F,Y25-49,,TOTAL,ML_RDD,99,346.0
082067,2021,istruzione,F,Y25-49,,TOTAL,ML_RDD,99,340.0
082067,2022,istruzione,F,Y25-49,,TOTAL,ML_RDD,99,365.0
082067,2023,istruzione,F,Y25-49,,TOTAL,ML_RDD,99,344.0
082067,2024,istruzione,F,Y25-49,,TOTAL,ML_RDD,99,351.0
082067,2018,istruzione,F,Y25-49,,TOTAL,NED,99,11.0
082067,2019,istruzione,F,Y25-49,,TOTAL,NED,99,6.0
082067,2020,istruzione,F,Y25-49,,TOTAL,NED,99,5.0
082067,2021,istruzione,F,Y25-49,,TOTAL,NED,99,3.0
082067,2022,istruzione,F,Y25-49,,TOTAL,NED,99,9.0
082067,2023,istruzione,F,Y25-49,,TOTAL,NED,99,7.0
082067,2024,istruzione,F,Y25-49,,TOTAL,NED,99,7.0
082067,2018,istruzione,F,Y25-49,,TOTAL,PSE,99,81.0
082067,2019,istruzione,F,Y25-49,,TOTAL,PSE,99,64.0
082067,2020,istruzione,F,Y25-49,,TOTAL,PSE,99,56.0
082067,2021,istruzione,F,Y25-49,,TOTAL,PSE,99,50.0
082067,2022,istruzione,F,Y25-49,,TOTAL,PSE,99,52.0
082067,2023,istruzione,F,Y25-49,,TOTAL,PSE,99,34.0
082067,2024,istruzione,F,Y25-49,,TOTAL,PSE,99,29.0
082067,2018,istruzione,F,Y25-49,,TOTAL,USE_IF,99,714.0
082067,2019,istruzione,F,Y25-49,,TOTAL,USE_IF,99,710.0
082067,2020,istruzione,F,Y25-49,,TOTAL,USE_IF,99,672.0
082067,2021,istruzione,F,Y25-49,,TOTAL,USE_IF,99,659.0
082067,2022,istruzione,F,Y25-49,,TOTAL,USE_IF,99,699.0
082067,2023,istruzione,F,Y25-49,,TOTAL,USE_IF,99,684.0
082067,2024,istruzione,F,Y25-49,,TOTAL,USE_IF,99,691.0
082067,2018,istruzione,F,Y50-64,,TOTAL,ALL,99,1190.0
082067,2019,istruzione,F,Y50-64,,TOTAL,ALL,99,1210.0
082067,2020,istruzione,F,Y50-64,,TOTAL,ALL,99,1207.0
082067,2021,istruzione,F,Y50-64,,TOTAL,ALL,99,1249.0
082067,2022,istruzione,F,Y50-64,,TOTAL,ALL,99,1239.0
082067,2023,istruzione,F,Y50-64,,TOTAL,ALL,99,1242.0
082067,2024,istruzione,F,Y50-64,,TOTAL,ALL,99,1247.0
082067,2018,istruzione,F,Y50-64,,TOTAL,BL,99,23.0
082067,2019,istruzione,F,Y50-64,,TOTAL,BL,99,18.0
082067,2020,istruzione,F,Y50-64,,TOTAL,BL,99,24.0
082067,2021,istruzione,F,Y50-64,,TOTAL,BL,99,17.0
082067,2022,istruzione,F,Y50-64,,TOTAL,BL,99,27.0
082067,2023,istruzione,F,Y50-64,,TOTAL,BL,99,22.0
082067,2024,istruzione,F,Y50-64,,TOTAL,BL,99,27.0
082067,2018,istruzione,F,Y50-64,,TOTAL,LSE,99,437.0
082067,2019,istruzione,F,Y50-64,,TOTAL,LSE,99,451.0
082067,2020,istruzione,F,Y50-64,,TOTAL,LSE,99,472.0
082067,2021,istruzione,F,Y50-64,,TOTAL,LSE,99,496.0
082067,2022,istruzione,F,Y50-64,,TOTAL,LSE,99,495.0
082067,2023,istruzione,F,Y50-64,,TOTAL,LSE,99,486.0
082067,2024,istruzione,F,Y50-64,,TOTAL,LSE,99,479.0
082067,2018,istruzione,F,Y50-64,,TOTAL,ML_RDD,99,130.0
082067,2019,istruzione,F,Y50-64,,TOTAL,ML_RDD,99,140.0
082067,2020,istruzione,F,Y50-64,,TOTAL,ML_RDD,99,154.0
082067,2021,istruzione,F,Y50-64,,TOTAL,ML_RDD,99,154.0
082067,2022,istruzione,F,Y50-64,,TOTAL,ML_RDD,99,157.0
082067,2023,istruzione,F,Y50-64,,TOTAL,ML_RDD,99,166.0
082067,2024,istruzione,F,Y50-64,,TOTAL,ML_RDD,99,176.0
082067,2018,istruzione,F,Y50-64,,TOTAL,NED,99,33.0
082067,2019,istruzione,F,Y50-64,,TOTAL,NED,99,35.0
082067,2020,istruzione,F,Y50-64,,TOTAL,NED,99,20.0
082067,2021,istruzione,F,Y50-64,,TOTAL,NED,99,27.0
082067,2022,istruzione,F,Y50-64,,TOTAL,NED,99,24.0
082067,2023,istruzione,F,Y50-64,,TOTAL,NED,99,24.0
082067,2024,istruzione,F,Y50-64,,TOTAL,NED,99,21.0
082067,2018,istruzione,F,Y50-64,,TOTAL,PSE,99,236.0
082067,2019,istruzione,F,Y50-64,,TOTAL,PSE,99,231.0
082067,2020,istruzione,F,Y50-64,,TOTAL,PSE,99,214.0
082067,2021,istruzione,F,Y50-64,,TOTAL,PSE,99,219.0
082067,2022,istruzione,F,Y50-64,,TOTAL,PSE,99,192.0
082067,2023,istruzione,F,Y50-64,,TOTAL,PSE,99,198.0
082067,2024,istruzione,F,Y50-64,,TOTAL,PSE,99,190.0
082067,2018,istruzione,F,Y50-64,,TOTAL,USE_IF,99,331.0
082067,2019,istruzione,F,Y50-64,,TOTAL,USE_IF,99,335.0
082067,2020,istruzione,F,Y50-64,,TOTAL,USE_IF,99,323.0
082067,2021,istruzione,F,Y50-64,,TOTAL,USE_IF,99,336.0
082067,2022,istruzione,F,Y50-64,,TOTAL,USE_IF,99,344.0
082067,2023,istruzione,F,Y50-64,,TOTAL,USE_IF,99,346.0
082067,2024,istruzione,F,Y50-64,,TOTAL,USE_IF,99,354.0
082067,2018,istruzione,F,Y9-24,,TOTAL,ALL,99,920.0
082067,2019,istruzione,F,Y9-24,,TOTAL,ALL,99,934.0
082067,2020,istruzione,F,Y9-24,,TOTAL,ALL,99,915.0
082067,2021,istruzione,F,Y9-24,,TOTAL,ALL,99,928.0
082067,2022,istruzione,F,Y9-24,,TOTAL,ALL,99,937.0
082067,2023,istruzione,F,Y9-24,,TOTAL,ALL,99,930.0
082067,2024,istruzione,F,Y9-24,,TOTAL,ALL,99,919.0
082067,2018,istruzione,F,Y9-24,,TOTAL,BL,99,25.0
082067,2019,istruzione,F,Y9-24,,TOTAL,BL,99,23.0
082067,2020,istruzione,F,Y9-24,,TOTAL,BL,99,31.0
082067,2021,istruzione,F,Y9-24,,TOTAL,BL,99,27.0
082067,2022,istruzione,F,Y9-24,,TOTAL,BL,99,26.0
082067,2023,istruzione,F,Y9-24,,TOTAL,BL,99,29.0
082067,2024,istruzione,F,Y9-24,,TOTAL,BL,99,34.0
082067,2018,istruzione,F,Y9-24,,TOTAL,LSE,99,352.0
082067,2019,istruzione,F,Y9-24,,TOTAL,LSE,99,376.0
082067,2020,istruzione,F,Y9-24,,TOTAL,LSE,99,342.0
082067,2021,istruzione,F,Y9-24,,TOTAL,LSE,99,348.0
082067,2022,istruzione,F,Y9-24,,TOTAL,LSE,99,349.0
082067,2023,istruzione,F,Y9-24,,TOTAL,LSE,99,342.0
082067,2024,istruzione,F,Y9-24,,TOTAL,LSE,99,337.0
082067,2018,istruzione,F,Y9-24,,TOTAL,ML_RDD,99,5.0
082067,2019,istruzione,F,Y9-24,,TOTAL,ML_RDD,99,0.0
082067,2020,istruzione,F,Y9-24,,TOTAL,ML_RDD,99,3.0
082067,2021,istruzione,F,Y9-24,,TOTAL,ML_RDD,99,5.0
082067,2022,istruzione,F,Y9-24,,TOTAL,ML_RDD,99,5.0
082067,2023,istruzione,F,Y9-24,,TOTAL,ML_RDD,99,8.0
082067,2024,istruzione,F,Y9-24,,TOTAL,ML_RDD,99,10.0
082067,2018,istruzione,F,Y9-24,,TOTAL,NED,99,95.0
082067,2019,istruzione,F,Y9-24,,TOTAL,NED,99,110.0
082067,2020,istruzione,F,Y9-24,,TOTAL,NED,99,96.0
082067,2021,istruzione,F,Y9-24,,TOTAL,NED,99,101.0
082067,2022,istruzione,F,Y9-24,,TOTAL,NED,99,117.0
082067,2023,istruzione,F,Y9-24,,TOTAL,NED,99,96.0
082067,2024,istruzione,F,Y9-24,,TOTAL,NED,99,102.0
082067,2018,istruzione,F,Y9-24,,TOTAL,PSE,99,182.0
082067,2019,istruzione,F,Y9-24,,TOTAL,PSE,99,170.0
082067,2020,istruzione,F,Y9-24,,TOTAL,PSE,99,182.0
082067,2021,istruzione,F,Y9-24,,TOTAL,PSE,99,177.0
082067,2022,istruzione,F,Y9-24,,TOTAL,PSE,99,171.0
082067,2023,istruzione,F,Y9-24,,TOTAL,PSE,99,184.0
082067,2024,istruzione,F,Y9-24,,TOTAL,PSE,99,164.0
082067,2018,istruzione,F,Y9-24,,TOTAL,USE_IF,99,261.0
082067,2019,istruzione,F,Y9-24,,TOTAL,USE_IF,99,255.0
082067,2020,istruzione,F,Y9-24,,TOTAL,USE_IF,99,261.0
082067,2021,istruzione,F,Y9-24,,TOTAL,USE_IF,99,270.0
082067,2022,istruzione,F,Y9-24,,TOTAL,USE_IF,99,269.0
082067,2023,istruzione,F,Y9-24,,TOTAL,USE_IF,99,271.0
082067,2024,istruzione,F,Y9-24,,TOTAL,USE_IF,99,272.0
082067,2018,istruzione,M,Y_GE65,,TOTAL,ALL,99,1006.0
082067,2019,istruzione,M,Y_GE65,,TOTAL,ALL,99,1017.0
082067,2020,istruzione,M,Y_GE65,,TOTAL,ALL,99,1049.0
082067,2021,istruzione,M,Y_GE65,,TOTAL,ALL,99,1068.0
082067,2022,istruzione,M,Y_GE65,,TOTAL,ALL,99,1100.0
082067,2023,istruzione,M,Y_GE65,,TOTAL,ALL,99,1110.0
082067,2024,istruzione,M,Y_GE65,,TOTAL,ALL,99,1148.0
082067,2018,istruzione,M,Y_GE65,,TOTAL,BL,99,3.0
082067,2019,istruzione,M,Y_GE65,,TOTAL,BL,99,1.0
082067,2020,istruzione,M,Y_GE65,,TOTAL,BL,99,2.0
082067,2021,istruzione,M,Y_GE65,,TOTAL,BL,99,3.0
082067,2022,istruzione,M,Y_GE65,,TOTAL,BL,99,3.0
082067,2023,istruzione,M,Y_GE65,,TOTAL,BL,99,5.0
082067,2024,istruzione,M,Y_GE65,,TOTAL,BL,99,6.0
082067,2018,istruzione,M,Y_GE65,,TOTAL,LSE,99,250.0
082067,2019,istruzione,M,Y_GE65,,TOTAL,LSE,99,257.0
082067,2020,istruzione,M,Y_GE65,,TOTAL,LSE,99,270.0
082067,2021,istruzione,M,Y_GE65,,TOTAL,LSE,99,292.0
082067,2022,istruzione,M,Y_GE65,,TOTAL,LSE,99,318.0
082067,2023,istruzione,M,Y_GE65,,TOTAL,LSE,99,327.0
082067,2024,istruzione,M,Y_GE65,,TOTAL,LSE,99,343.0
082067,2018,istruzione,M,Y_GE65,,TOTAL,ML_RDD,99,82.0
082067,2019,istruzione,M,Y_GE65,,TOTAL,ML_RDD,99,80.0
082067,2020,istruzione,M,Y_GE65,,TOTAL,ML_RDD,99,85.0
082067,2021,istruzione,M,Y_GE65,,TOTAL,ML_RDD,99,86.0
082067,2022,istruzione,M,Y_GE65,,TOTAL,ML_RDD,99,92.0
082067,2023,istruzione,M,Y_GE65,,TOTAL,ML_RDD,99,100.0
082067,2024,istruzione,M,Y_GE65,,TOTAL,ML_RDD,99,109.0
082067,2018,istruzione,M,Y_GE65,,TOTAL,NED,99,113.0
082067,2019,istruzione,M,Y_GE65,,TOTAL,NED,99,116.0
082067,2020,istruzione,M,Y_GE65,,TOTAL,NED,99,111.0
082067,2021,istruzione,M,Y_GE65,,TOTAL,NED,99,83.0
082067,2022,istruzione,M,Y_GE65,,TOTAL,NED,99,89.0
082067,2023,istruzione,M,Y_GE65,,TOTAL,NED,99,82.0
082067,2024,istruzione,M,Y_GE65,,TOTAL,NED,99,76.0
082067,2018,istruzione,M,Y_GE65,,TOTAL,PSE,99,396.0
082067,2019,istruzione,M,Y_GE65,,TOTAL,PSE,99,383.0
082067,2020,istruzione,M,Y_GE65,,TOTAL,PSE,99,393.0
082067,2021,istruzione,M,Y_GE65,,TOTAL,PSE,99,402.0
082067,2022,istruzione,M,Y_GE65,,TOTAL,PSE,99,368.0
082067,2023,istruzione,M,Y_GE65,,TOTAL,PSE,99,376.0
082067,2024,istruzione,M,Y_GE65,,TOTAL,PSE,99,379.0
082067,2018,istruzione,M,Y_GE65,,TOTAL,USE_IF,99,162.0
082067,2019,istruzione,M,Y_GE65,,TOTAL,USE_IF,99,180.0
082067,2020,istruzione,M,Y_GE65,,TOTAL,USE_IF,99,188.0
082067,2021,istruzione,M,Y_GE65,,TOTAL,USE_IF,99,202.0
082067,2022,istruzione,M,Y_GE65,,TOTAL,USE_IF,99,230.0
082067,2023,istruzione,M,Y_GE65,,TOTAL,USE_IF,99,220.0
082067,2024,istruzione,M,Y_GE65,,TOTAL,USE_IF,99,235.0
082067,2018,istruzione,M,Y_GE9,,TOTAL,ALL,99,4933.0
082067,2019,istruzione,M,Y_GE9,,TOTAL,ALL,99,4921.0
082067,2020,istruzione,M,Y_GE9,,TOTAL,ALL,99,4853.0
082067,2021,istruzione,M,Y_GE9,,TOTAL,ALL,99,4938.0
082067,2022,istruzione,M,Y_GE9,,TOTAL,ALL,99,4961.0
082067,2023,istruzione,M,Y_GE9,,TOTAL,ALL,99,4988.0
082067,2024,istruzione,M,Y_GE9,,TOTAL,ALL,99,5009.0
082067,2018,istruzione,M,Y_GE9,,TOTAL,BL,99,94.0
082067,2019,istruzione,M,Y_GE9,,TOTAL,BL,99,95.0
082067,2020,istruzione,M,Y_GE9,,TOTAL,BL,99,105.0
082067,2021,istruzione,M,Y_GE9,,TOTAL,BL,99,135.0
082067,2022,istruzione,M,Y_GE9,,TOTAL,BL,99,123.0
082067,2023,istruzione,M,Y_GE9,,TOTAL,BL,99,142.0
082067,2024,istruzione,M,Y_GE9,,TOTAL,BL,99,145.0
082067,2018,istruzione,M,Y_GE9,,TOTAL,IL,99,56.0
082067,2019,istruzione,M,Y_GE9,,TOTAL,IL,99,47.0
082067,2020,istruzione,M,Y_GE9,,TOTAL,IL,99,53.0
082067,2021,istruzione,M,Y_GE9,,TOTAL,IL,99,42.0
082067,2022,istruzione,M,Y_GE9,,TOTAL,IL,99,43.0
082067,2023,istruzione,M,Y_GE9,,TOTAL,IL,99,40.0
082067,2024,istruzione,M,Y_GE9,,TOTAL,IL,99,38.0
082067,2018,istruzione,M,Y_GE9,,TOTAL,LBNA,99,225.0
082067,2019,istruzione,M,Y_GE9,,TOTAL,LBNA,99,243.0
082067,2020,istruzione,M,Y_GE9,,TOTAL,LBNA,99,208.0
082067,2021,istruzione,M,Y_GE9,,TOTAL,LBNA,99,183.0
082067,2022,istruzione,M,Y_GE9,,TOTAL,LBNA,99,189.0
082067,2023,istruzione,M,Y_GE9,,TOTAL,LBNA,99,183.0
082067,2024,istruzione,M,Y_GE9,,TOTAL,LBNA,99,176.0
082067,2018,istruzione,M,Y_GE9,,TOTAL,LSE,99,1804.0
082067,2019,istruzione,M,Y_GE9,,TOTAL,LSE,99,1785.0
082067,2020,istruzione,M,Y_GE9,,TOTAL,LSE,99,1738.0
082067,2021,istruzione,M,Y_GE9,,TOTAL,LSE,99,1755.0
082067,2022,istruzione,M,Y_GE9,,TOTAL,LSE,99,1817.0
082067,2023,istruzione,M,Y_GE9,,TOTAL,LSE,99,1824.0
082067,2024,istruzione,M,Y_GE9,,TOTAL,LSE,99,1823.0
082067,2018,istruzione,M,Y_GE9,,TOTAL,ML,99,389.0
082067,2019,istruzione,M,Y_GE9,,TOTAL,ML,99,360.0
082067,2020,istruzione,M,Y_GE9,,TOTAL,ML,99,395.0
082067,2021,istruzione,M,Y_GE9,,TOTAL,ML,99,410.0
082067,2022,istruzione,M,Y_GE9,,TOTAL,ML,99,422.0
082067,2023,istruzione,M,Y_GE9,,TOTAL,ML,99,429.0
082067,2024,istruzione,M,Y_GE9,,TOTAL,ML,99,443.0
082067,2018,istruzione,M,Y_GE9,,TOTAL,ML_RDD,99,405.0
082067,2019,istruzione,M,Y_GE9,,TOTAL,ML_RDD,99,378.0
082067,2020,istruzione,M,Y_GE9,,TOTAL,ML_RDD,99,412.0
082067,2021,istruzione,M,Y_GE9,,TOTAL,ML_RDD,99,424.0
082067,2022,istruzione,M,Y_GE9,,TOTAL,ML_RDD,99,442.0
082067,2023,istruzione,M,Y_GE9,,TOTAL,ML_RDD,99,447.0
082067,2024,istruzione,M,Y_GE9,,TOTAL,ML_RDD,99,460.0
082067,2018,istruzione,M,Y_GE9,,TOTAL,NED,99,281.0
082067,2019,istruzione,M,Y_GE9,,TOTAL,NED,99,291.0
082067,2020,istruzione,M,Y_GE9,,TOTAL,NED,99,261.0
082067,2021,istruzione,M,Y_GE9,,TOTAL,NED,99,225.0
082067,2022,istruzione,M,Y_GE9,,TOTAL,NED,99,232.0
082067,2023,istruzione,M,Y_GE9,,TOTAL,NED,99,223.0
082067,2024,istruzione,M,Y_GE9,,TOTAL,NED,99,214.0
082067,2018,istruzione,M,Y_GE9,,TOTAL,PSE,99,871.0
082067,2019,istruzione,M,Y_GE9,,TOTAL,PSE,99,815.0
082067,2020,istruzione,M,Y_GE9,,TOTAL,PSE,99,817.0
082067,2021,istruzione,M,Y_GE9,,TOTAL,PSE,99,833.0
082067,2022,istruzione,M,Y_GE9,,TOTAL,PSE,99,774.0
082067,2023,istruzione,M,Y_GE9,,TOTAL,PSE,99,758.0
082067,2024,istruzione,M,Y_GE9,,TOTAL,PSE,99,745.0
082067,2018,istruzione,M,Y_GE9,,TOTAL,RDD,99,16.0
082067,2019,istruzione,M,Y_GE9,,TOTAL,RDD,99,18.0
082067,2020,istruzione,M,Y_GE9,,TOTAL,RDD,99,17.0
082067,2021,istruzione,M,Y_GE9,,TOTAL,RDD,99,14.0
082067,2022,istruzione,M,Y_GE9,,TOTAL,RDD,99,20.0
082067,2023,istruzione,M,Y_GE9,,TOTAL,RDD,99,18.0
082067,2024,istruzione,M,Y_GE9,,TOTAL,RDD,99,17.0
082067,2018,istruzione,M,Y_GE9,,TOTAL,USE_IF,99,1479.0
082067,2019,istruzione,M,Y_GE9,,TOTAL,USE_IF,99,1558.0
082067,2020,istruzione,M,Y_GE9,,TOTAL,USE_IF,99,1520.0
082067,2021,istruzione,M,Y_GE9,,TOTAL,USE_IF,99,1566.0
082067,2022,istruzione,M,Y_GE9,,TOTAL,USE_IF,99,1573.0
082067,2023,istruzione,M,Y_GE9,,TOTAL,USE_IF,99,1594.0
082067,2024,istruzione,M,Y_GE9,,TOTAL,USE_IF,99,1622.0
082067,2018,istruzione,M,Y25-49,,TOTAL,ALL,99,1827.0
082067,2019,istruzione,M,Y25-49,,TOTAL,ALL,99,1817.0
082067,2020,istruzione,M,Y25-49,,TOTAL,ALL,99,1751.0
082067,2021,istruzione,M,Y25-49,,TOTAL,ALL,99,1748.0
082067,2022,istruzione,M,Y25-49,,TOTAL,ALL,99,1735.0
082067,2023,istruzione,M,Y25-49,,TOTAL,ALL,99,1689.0
082067,2024,istruzione,M,Y25-49,,TOTAL,ALL,99,1678.0
082067,2018,istruzione,M,Y25-49,,TOTAL,BL,99,66.0
082067,2019,istruzione,M,Y25-49,,TOTAL,BL,99,72.0
082067,2020,istruzione,M,Y25-49,,TOTAL,BL,99,72.0
082067,2021,istruzione,M,Y25-49,,TOTAL,BL,99,87.0
082067,2022,istruzione,M,Y25-49,,TOTAL,BL,99,78.0
082067,2023,istruzione,M,Y25-49,,TOTAL,BL,99,86.0
082067,2024,istruzione,M,Y25-49,,TOTAL,BL,99,87.0
082067,2018,istruzione,M,Y25-49,,TOTAL,LSE,99,703.0
082067,2019,istruzione,M,Y25-49,,TOTAL,LSE,99,678.0
082067,2020,istruzione,M,Y25-49,,TOTAL,LSE,99,647.0
082067,2021,istruzione,M,Y25-49,,TOTAL,LSE,99,598.0
082067,2022,istruzione,M,Y25-49,,TOTAL,LSE,99,622.0
082067,2023,istruzione,M,Y25-49,,TOTAL,LSE,99,588.0
082067,2024,istruzione,M,Y25-49,,TOTAL,LSE,99,577.0
082067,2018,istruzione,M,Y25-49,,TOTAL,ML_RDD,99,206.0
082067,2019,istruzione,M,Y25-49,,TOTAL,ML_RDD,99,182.0
082067,2020,istruzione,M,Y25-49,,TOTAL,ML_RDD,99,215.0
082067,2021,istruzione,M,Y25-49,,TOTAL,ML_RDD,99,215.0
082067,2022,istruzione,M,Y25-49,,TOTAL,ML_RDD,99,221.0
082067,2023,istruzione,M,Y25-49,,TOTAL,ML_RDD,99,210.0
082067,2024,istruzione,M,Y25-49,,TOTAL,ML_RDD,99,209.0
082067,2018,istruzione,M,Y25-49,,TOTAL,NED,99,12.0
082067,2019,istruzione,M,Y25-49,,TOTAL,NED,99,11.0
082067,2020,istruzione,M,Y25-49,,TOTAL,NED,99,9.0
082067,2021,istruzione,M,Y25-49,,TOTAL,NED,99,6.0
082067,2022,istruzione,M,Y25-49,,TOTAL,NED,99,9.0
082067,2023,istruzione,M,Y25-49,,TOTAL,NED,99,9.0
082067,2024,istruzione,M,Y25-49,,TOTAL,NED,99,11.0
082067,2018,istruzione,M,Y25-49,,TOTAL,PSE,99,102.0
082067,2019,istruzione,M,Y25-49,,TOTAL,PSE,99,86.0
082067,2020,istruzione,M,Y25-49,,TOTAL,PSE,99,77.0
082067,2021,istruzione,M,Y25-49,,TOTAL,PSE,99,87.0
082067,2022,istruzione,M,Y25-49,,TOTAL,PSE,99,76.0
082067,2023,istruzione,M,Y25-49,,TOTAL,PSE,99,56.0
082067,2024,istruzione,M,Y25-49,,TOTAL,PSE,99,53.0
082067,2018,istruzione,M,Y25-49,,TOTAL,USE_IF,99,738.0
082067,2019,istruzione,M,Y25-49,,TOTAL,USE_IF,99,788.0
082067,2020,istruzione,M,Y25-49,,TOTAL,USE_IF,99,731.0
082067,2021,istruzione,M,Y25-49,,TOTAL,USE_IF,99,755.0
082067,2022,istruzione,M,Y25-49,,TOTAL,USE_IF,99,729.0
082067,2023,istruzione,M,Y25-49,,TOTAL,USE_IF,99,740.0
082067,2024,istruzione,M,Y25-49,,TOTAL,USE_IF,99,741.0
082067,2018,istruzione,M,Y50-64,,TOTAL,ALL,99,1118.0
082067,2019,istruzione,M,Y50-64,,TOTAL,ALL,99,1131.0
082067,2020,istruzione,M,Y50-64,,TOTAL,ALL,99,1118.0
082067,2021,istruzione,M,Y50-64,,TOTAL,ALL,99,1163.0
082067,2022,istruzione,M,Y50-64,,TOTAL,ALL,99,1161.0
082067,2023,istruzione,M,Y50-64,,TOTAL,ALL,99,1222.0
082067,2024,istruzione,M,Y50-64,,TOTAL,ALL,99,1238.0
082067,2018,istruzione,M,Y50-64,,TOTAL,BL,99,13.0
082067,2019,istruzione,M,Y50-64,,TOTAL,BL,99,13.0
082067,2020,istruzione,M,Y50-64,,TOTAL,BL,99,15.0
082067,2021,istruzione,M,Y50-64,,TOTAL,BL,99,22.0
082067,2022,istruzione,M,Y50-64,,TOTAL,BL,99,25.0
082067,2023,istruzione,M,Y50-64,,TOTAL,BL,99,25.0
082067,2024,istruzione,M,Y50-64,,TOTAL,BL,99,29.0
082067,2018,istruzione,M,Y50-64,,TOTAL,LSE,99,466.0
082067,2019,istruzione,M,Y50-64,,TOTAL,LSE,99,484.0
082067,2020,istruzione,M,Y50-64,,TOTAL,LSE,99,475.0
082067,2021,istruzione,M,Y50-64,,TOTAL,LSE,99,489.0
082067,2022,istruzione,M,Y50-64,,TOTAL,LSE,99,497.0
082067,2023,istruzione,M,Y50-64,,TOTAL,LSE,99,509.0
082067,2024,istruzione,M,Y50-64,,TOTAL,LSE,99,514.0
082067,2018,istruzione,M,Y50-64,,TOTAL,ML_RDD,99,112.0
082067,2019,istruzione,M,Y50-64,,TOTAL,ML_RDD,99,115.0
082067,2020,istruzione,M,Y50-64,,TOTAL,ML_RDD,99,110.0
082067,2021,istruzione,M,Y50-64,,TOTAL,ML_RDD,99,118.0
082067,2022,istruzione,M,Y50-64,,TOTAL,ML_RDD,99,123.0
082067,2023,istruzione,M,Y50-64,,TOTAL,ML_RDD,99,132.0
082067,2024,istruzione,M,Y50-64,,TOTAL,ML_RDD,99,137.0
082067,2018,istruzione,M,Y50-64,,TOTAL,NED,99,26.0
082067,2019,istruzione,M,Y50-64,,TOTAL,NED,99,36.0
082067,2020,istruzione,M,Y50-64,,TOTAL,NED,99,29.0
082067,2021,istruzione,M,Y50-64,,TOTAL,NED,99,33.0
082067,2022,istruzione,M,Y50-64,,TOTAL,NED,99,22.0
082067,2023,istruzione,M,Y50-64,,TOTAL,NED,99,26.0
082067,2024,istruzione,M,Y50-64,,TOTAL,NED,99,23.0
082067,2018,istruzione,M,Y50-64,,TOTAL,PSE,99,183.0
082067,2019,istruzione,M,Y50-64,,TOTAL,PSE,99,148.0
082067,2020,istruzione,M,Y50-64,,TOTAL,PSE,99,144.0
082067,2021,istruzione,M,Y50-64,,TOTAL,PSE,99,139.0
082067,2022,istruzione,M,Y50-64,,TOTAL,PSE,99,131.0
082067,2023,istruzione,M,Y50-64,,TOTAL,PSE,99,144.0
082067,2024,istruzione,M,Y50-64,,TOTAL,PSE,99,139.0
082067,2018,istruzione,M,Y50-64,,TOTAL,USE_IF,99,318.0
082067,2019,istruzione,M,Y50-64,,TOTAL,USE_IF,99,335.0
082067,2020,istruzione,M,Y50-64,,TOTAL,USE_IF,99,345.0
082067,2021,istruzione,M,Y50-64,,TOTAL,USE_IF,99,362.0
082067,2022,istruzione,M,Y50-64,,TOTAL,USE_IF,99,363.0
082067,2023,istruzione,M,Y50-64,,TOTAL,USE_IF,99,386.0
082067,2024,istruzione,M,Y50-64,,TOTAL,USE_IF,99,396.0
082067,2018,istruzione,M,Y9-24,,TOTAL,ALL,99,982.0
082067,2019,istruzione,M,Y9-24,,TOTAL,ALL,99,956.0
082067,2020,istruzione,M,Y9-24,,TOTAL,ALL,99,935.0
082067,2021,istruzione,M,Y9-24,,TOTAL,ALL,99,959.0
082067,2022,istruzione,M,Y9-24,,TOTAL,ALL,99,965.0
082067,2023,istruzione,M,Y9-24,,TOTAL,ALL,99,967.0
082067,2024,istruzione,M,Y9-24,,TOTAL,ALL,99,945.0
082067,2018,istruzione,M,Y9-24,,TOTAL,BL,99,11.0
082067,2019,istruzione,M,Y9-24,,TOTAL,BL,99,8.0
082067,2020,istruzione,M,Y9-24,,TOTAL,BL,99,16.0
082067,2021,istruzione,M,Y9-24,,TOTAL,BL,99,23.0
082067,2022,istruzione,M,Y9-24,,TOTAL,BL,99,17.0
082067,2023,istruzione,M,Y9-24,,TOTAL,BL,99,26.0
082067,2024,istruzione,M,Y9-24,,TOTAL,BL,99,23.0
082067,2018,istruzione,M,Y9-24,,TOTAL,LSE,99,385.0
082067,2019,istruzione,M,Y9-24,,TOTAL,LSE,99,366.0
082067,2020,istruzione,M,Y9-24,,TOTAL,LSE,99,346.0
082067,2021,istruzione,M,Y9-24,,TOTAL,LSE,99,376.0
082067,2022,istruzione,M,Y9-24,,TOTAL,LSE,99,380.0
082067,2023,istruzione,M,Y9-24,,TOTAL,LSE,99,400.0
082067,2024,istruzione,M,Y9-24,,TOTAL,LSE,99,389.0
082067,2018,istruzione,M,Y9-24,,TOTAL,ML_RDD,99,5.0
082067,2019,istruzione,M,Y9-24,,TOTAL,ML_RDD,99,1.0
082067,2020,istruzione,M,Y9-24,,TOTAL,ML_RDD,99,2.0
082067,2021,istruzione,M,Y9-24,,TOTAL,ML_RDD,99,5.0
082067,2022,istruzione,M,Y9-24,,TOTAL,ML_RDD,99,6.0
082067,2023,istruzione,M,Y9-24,,TOTAL,ML_RDD,99,5.0
082067,2024,istruzione,M,Y9-24,,TOTAL,ML_RDD,99,5.0
082067,2018,istruzione,M,Y9-24,,TOTAL,NED,99,130.0
082067,2019,istruzione,M,Y9-24,,TOTAL,NED,99,128.0
082067,2020,istruzione,M,Y9-24,,TOTAL,NED,99,112.0
082067,2021,istruzione,M,Y9-24,,TOTAL,NED,99,103.0
082067,2022,istruzione,M,Y9-24,,TOTAL,NED,99,112.0
082067,2023,istruzione,M,Y9-24,,TOTAL,NED,99,106.0
082067,2024,istruzione,M,Y9-24,,TOTAL,NED,99,104.0
082067,2018,istruzione,M,Y9-24,,TOTAL,PSE,99,190.0
082067,2019,istruzione,M,Y9-24,,TOTAL,PSE,99,198.0
082067,2020,istruzione,M,Y9-24,,TOTAL,PSE,99,203.0
082067,2021,istruzione,M,Y9-24,,TOTAL,PSE,99,205.0
082067,2022,istruzione,M,Y9-24,,TOTAL,PSE,99,199.0
082067,2023,istruzione,M,Y9-24,,TOTAL,PSE,99,182.0
082067,2024,istruzione,M,Y9-24,,TOTAL,PSE,99,174.0
082067,2018,istruzione,M,Y9-24,,TOTAL,USE_IF,99,261.0
082067,2019,istruzione,M,Y9-24,,TOTAL,USE_IF,99,255.0
082067,2020,istruzione,M,Y9-24,,TOTAL,USE_IF,99,256.0
082067,2021,istruzione,M,Y9-24,,TOTAL,USE_IF,99,247.0
082067,2022,istruzione,M,Y9-24,,TOTAL,USE_IF,99,251.0
082067,2023,istruzione,M,Y9-24,,TOTAL,USE_IF,99,248.0
082067,2024,istruzione,M,Y9-24,,TOTAL,USE_IF,99,250.0
082067,2018,istruzione,T,Y_GE65,,TOTAL,ALL,99,2232.0
082067,2019,istruzione,T,Y_GE65,,TOTAL,ALL,99,2265.0
082067,2020,istruzione,T,Y_GE65,,TOTAL,ALL,99,2306.0
082067,2021,istruzione,T,Y_GE65,,TOTAL,ALL,99,2345.0
082067,2022,istruzione,T,Y_GE65,,TOTAL,ALL,99,2406.0
082067,2023,istruzione,T,Y_GE65,,TOTAL,ALL,99,2450.0
082067,2024,istruzione,T,Y_GE65,,TOTAL,ALL,99,2516.0
082067,2018,istruzione,T,Y_GE65,,TOTAL,BL,99,7.0
082067,2019,istruzione,T,Y_GE65,,TOTAL,BL,99,9.0
082067,2020,istruzione,T,Y_GE65,,TOTAL,BL,99,10.0
082067,2021,istruzione,T,Y_GE65,,TOTAL,BL,99,10.0
082067,2022,istruzione,T,Y_GE65,,TOTAL,BL,99,10.0
082067,2023,istruzione,T,Y_GE65,,TOTAL,BL,99,14.0
082067,2024,istruzione,T,Y_GE65,,TOTAL,BL,99,16.0
082067,2018,istruzione,T,Y_GE65,,TOTAL,LSE,99,464.0
082067,2019,istruzione,T,Y_GE65,,TOTAL,LSE,99,494.0
082067,2020,istruzione,T,Y_GE65,,TOTAL,LSE,99,493.0
082067,2021,istruzione,T,Y_GE65,,TOTAL,LSE,99,562.0
082067,2022,istruzione,T,Y_GE65,,TOTAL,LSE,99,597.0
082067,2023,istruzione,T,Y_GE65,,TOTAL,LSE,99,625.0
082067,2024,istruzione,T,Y_GE65,,TOTAL,LSE,99,665.0
082067,2018,istruzione,T,Y_GE65,,TOTAL,ML_RDD,99,169.0
082067,2019,istruzione,T,Y_GE65,,TOTAL,ML_RDD,99,170.0
082067,2020,istruzione,T,Y_GE65,,TOTAL,ML_RDD,99,168.0
082067,2021,istruzione,T,Y_GE65,,TOTAL,ML_RDD,99,182.0
082067,2022,istruzione,T,Y_GE65,,TOTAL,ML_RDD,99,188.0
082067,2023,istruzione,T,Y_GE65,,TOTAL,ML_RDD,99,215.0
082067,2024,istruzione,T,Y_GE65,,TOTAL,ML_RDD,99,230.0
082067,2018,istruzione,T,Y_GE65,,TOTAL,NED,99,313.0
082067,2019,istruzione,T,Y_GE65,,TOTAL,NED,99,299.0
082067,2020,istruzione,T,Y_GE65,,TOTAL,NED,99,296.0
082067,2021,istruzione,T,Y_GE65,,TOTAL,NED,99,246.0
082067,2022,istruzione,T,Y_GE65,,TOTAL,NED,99,241.0
082067,2023,istruzione,T,Y_GE65,,TOTAL,NED,99,242.0
082067,2024,istruzione,T,Y_GE65,,TOTAL,NED,99,223.0
082067,2018,istruzione,T,Y_GE65,,TOTAL,PSE,99,973.0
082067,2019,istruzione,T,Y_GE65,,TOTAL,PSE,99,956.0
082067,2020,istruzione,T,Y_GE65,,TOTAL,PSE,99,981.0
082067,2021,istruzione,T,Y_GE65,,TOTAL,PSE,99,973.0
082067,2022,istruzione,T,Y_GE65,,TOTAL,PSE,99,945.0
082067,2023,istruzione,T,Y_GE65,,TOTAL,PSE,99,933.0
082067,2024,istruzione,T,Y_GE65,,TOTAL,PSE,99,933.0
082067,2018,istruzione,T,Y_GE65,,TOTAL,USE_IF,99,306.0
082067,2019,istruzione,T,Y_GE65,,TOTAL,USE_IF,99,337.0
082067,2020,istruzione,T,Y_GE65,,TOTAL,USE_IF,99,358.0
082067,2021,istruzione,T,Y_GE65,,TOTAL,USE_IF,99,372.0
082067,2022,istruzione,T,Y_GE65,,TOTAL,USE_IF,99,425.0
082067,2023,istruzione,T,Y_GE65,,TOTAL,USE_IF,99,421.0
082067,2024,istruzione,T,Y_GE65,,TOTAL,USE_IF,99,449.0
082067,2018,istruzione,T,Y_GE9,,TOTAL,ALL,99,10102.0
082067,2019,istruzione,T,Y_GE9,,TOTAL,ALL,99,10116.0
082067,2020,istruzione,T,Y_GE9,,TOTAL,ALL,99,9980.0
082067,2021,istruzione,T,Y_GE9,,TOTAL,ALL,99,10146.0
082067,2022,istruzione,T,Y_GE9,,TOTAL,ALL,99,10207.0
082067,2023,istruzione,T,Y_GE9,,TOTAL,ALL,99,10241.0
082067,2024,istruzione,T,Y_GE9,,TOTAL,ALL,99,10281.0
082067,2018,istruzione,T,Y_GE9,,TOTAL,BL,99,252.0
082067,2019,istruzione,T,Y_GE9,,TOTAL,BL,99,258.0
082067,2020,istruzione,T,Y_GE9,,TOTAL,BL,99,279.0
082067,2021,istruzione,T,Y_GE9,,TOTAL,BL,99,316.0
082067,2022,istruzione,T,Y_GE9,,TOTAL,BL,99,310.0
082067,2023,istruzione,T,Y_GE9,,TOTAL,BL,99,348.0
082067,2024,istruzione,T,Y_GE9,,TOTAL,BL,99,368.0
082067,2018,istruzione,T,Y_GE9,,TOTAL,IL,99,116.0
082067,2019,istruzione,T,Y_GE9,,TOTAL,IL,99,100.0
082067,2020,istruzione,T,Y_GE9,,TOTAL,IL,99,93.0
082067,2021,istruzione,T,Y_GE9,,TOTAL,IL,99,77.0
082067,2022,istruzione,T,Y_GE9,,TOTAL,IL,99,83.0
082067,2023,istruzione,T,Y_GE9,,TOTAL,IL,99,75.0
082067,2024,istruzione,T,Y_GE9,,TOTAL,IL,99,69.0
082067,2018,istruzione,T,Y_GE9,,TOTAL,LBNA,99,504.0
082067,2019,istruzione,T,Y_GE9,,TOTAL,LBNA,99,524.0
082067,2020,istruzione,T,Y_GE9,,TOTAL,LBNA,99,474.0
082067,2021,istruzione,T,Y_GE9,,TOTAL,LBNA,99,442.0
082067,2022,istruzione,T,Y_GE9,,TOTAL,LBNA,99,451.0
082067,2023,istruzione,T,Y_GE9,,TOTAL,LBNA,99,435.0
082067,2024,istruzione,T,Y_GE9,,TOTAL,LBNA,99,422.0
082067,2018,istruzione,T,Y_GE9,,TOTAL,LSE,99,3407.0
082067,2019,istruzione,T,Y_GE9,,TOTAL,LSE,99,3449.0
082067,2020,istruzione,T,Y_GE9,,TOTAL,LSE,99,3333.0
082067,2021,istruzione,T,Y_GE9,,TOTAL,LSE,99,3441.0
082067,2022,istruzione,T,Y_GE9,,TOTAL,LSE,99,3452.0
082067,2023,istruzione,T,Y_GE9,,TOTAL,LSE,99,3476.0
082067,2024,istruzione,T,Y_GE9,,TOTAL,LSE,99,3469.0
082067,2018,istruzione,T,Y_GE9,,TOTAL,ML,99,916.0
082067,2019,istruzione,T,Y_GE9,,TOTAL,ML,99,881.0
082067,2020,istruzione,T,Y_GE9,,TOTAL,ML,99,969.0
082067,2021,istruzione,T,Y_GE9,,TOTAL,ML,99,992.0
082067,2022,istruzione,T,Y_GE9,,TOTAL,ML,99,1030.0
082067,2023,istruzione,T,Y_GE9,,TOTAL,ML,99,1042.0
082067,2024,istruzione,T,Y_GE9,,TOTAL,ML,99,1078.0
082067,2018,istruzione,T,Y_GE9,,TOTAL,ML_RDD,99,948.0
082067,2019,istruzione,T,Y_GE9,,TOTAL,ML_RDD,99,917.0
082067,2020,istruzione,T,Y_GE9,,TOTAL,ML_RDD,99,998.0
082067,2021,istruzione,T,Y_GE9,,TOTAL,ML_RDD,99,1019.0
082067,2022,istruzione,T,Y_GE9,,TOTAL,ML_RDD,99,1065.0
082067,2023,istruzione,T,Y_GE9,,TOTAL,ML_RDD,99,1080.0
082067,2024,istruzione,T,Y_GE9,,TOTAL,ML_RDD,99,1118.0
082067,2018,istruzione,T,Y_GE9,,TOTAL,NED,99,620.0
082067,2019,istruzione,T,Y_GE9,,TOTAL,NED,99,625.0
082067,2020,istruzione,T,Y_GE9,,TOTAL,NED,99,567.0
082067,2021,istruzione,T,Y_GE9,,TOTAL,NED,99,519.0
082067,2022,istruzione,T,Y_GE9,,TOTAL,NED,99,534.0
082067,2023,istruzione,T,Y_GE9,,TOTAL,NED,99,510.0
082067,2024,istruzione,T,Y_GE9,,TOTAL,NED,99,491.0
082067,2018,istruzione,T,Y_GE9,,TOTAL,PSE,99,1947.0
082067,2019,istruzione,T,Y_GE9,,TOTAL,PSE,99,1853.0
082067,2020,istruzione,T,Y_GE9,,TOTAL,PSE,99,1857.0
082067,2021,istruzione,T,Y_GE9,,TOTAL,PSE,99,1850.0
082067,2022,istruzione,T,Y_GE9,,TOTAL,PSE,99,1766.0
082067,2023,istruzione,T,Y_GE9,,TOTAL,PSE,99,1731.0
082067,2024,istruzione,T,Y_GE9,,TOTAL,PSE,99,1682.0
082067,2018,istruzione,T,Y_GE9,,TOTAL,RDD,99,32.0
082067,2019,istruzione,T,Y_GE9,,TOTAL,RDD,99,37.0
082067,2020,istruzione,T,Y_GE9,,TOTAL,RDD,99,29.0
082067,2021,istruzione,T,Y_GE9,,TOTAL,RDD,99,27.0
082067,2022,istruzione,T,Y_GE9,,TOTAL,RDD,99,35.0
082067,2023,istruzione,T,Y_GE9,,TOTAL,RDD,99,38.0
082067,2024,istruzione,T,Y_GE9,,TOTAL,RDD,99,40.0
082067,2018,istruzione,T,Y_GE9,,TOTAL,USE_IF,99,2929.0
082067,2019,istruzione,T,Y_GE9,,TOTAL,USE_IF,99,3015.0
082067,2020,istruzione,T,Y_GE9,,TOTAL,USE_IF,99,2946.0
082067,2021,istruzione,T,Y_GE9,,TOTAL,USE_IF,99,3001.0
082067,2022,istruzione,T,Y_GE9,,TOTAL,USE_IF,99,3080.0
082067,2023,istruzione,T,Y_GE9,,TOTAL,USE_IF,99,3096.0
082067,2024,istruzione,T,Y_GE9,,TOTAL,USE_IF,99,3153.0
082067,2018,istruzione,T,Y25-49,,TOTAL,ALL,99,3660.0
082067,2019,istruzione,T,Y25-49,,TOTAL,ALL,99,3620.0
082067,2020,istruzione,T,Y25-49,,TOTAL,ALL,99,3499.0
082067,2021,istruzione,T,Y25-49,,TOTAL,ALL,99,3502.0
082067,2022,istruzione,T,Y25-49,,TOTAL,ALL,99,3499.0
082067,2023,istruzione,T,Y25-49,,TOTAL,ALL,99,3430.0
082067,2024,istruzione,T,Y25-49,,TOTAL,ALL,99,3416.0
082067,2018,istruzione,T,Y25-49,,TOTAL,BL,99,172.0
082067,2019,istruzione,T,Y25-49,,TOTAL,BL,99,186.0
082067,2020,istruzione,T,Y25-49,,TOTAL,BL,99,183.0
082067,2021,istruzione,T,Y25-49,,TOTAL,BL,99,217.0
082067,2022,istruzione,T,Y25-49,,TOTAL,BL,99,205.0
082067,2023,istruzione,T,Y25-49,,TOTAL,BL,99,232.0
082067,2024,istruzione,T,Y25-49,,TOTAL,BL,99,239.0
082067,2018,istruzione,T,Y25-49,,TOTAL,LSE,99,1303.0
082067,2019,istruzione,T,Y25-49,,TOTAL,LSE,99,1278.0
082067,2020,istruzione,T,Y25-49,,TOTAL,LSE,99,1205.0
082067,2021,istruzione,T,Y25-49,,TOTAL,LSE,99,1170.0
082067,2022,istruzione,T,Y25-49,,TOTAL,LSE,99,1134.0
082067,2023,istruzione,T,Y25-49,,TOTAL,LSE,99,1114.0
082067,2024,istruzione,T,Y25-49,,TOTAL,LSE,99,1085.0
082067,2018,istruzione,T,Y25-49,,TOTAL,ML_RDD,99,527.0
082067,2019,istruzione,T,Y25-49,,TOTAL,ML_RDD,99,491.0
082067,2020,istruzione,T,Y25-49,,TOTAL,ML_RDD,99,561.0
082067,2021,istruzione,T,Y25-49,,TOTAL,ML_RDD,99,555.0
082067,2022,istruzione,T,Y25-49,,TOTAL,ML_RDD,99,586.0
082067,2023,istruzione,T,Y25-49,,TOTAL,ML_RDD,99,554.0
082067,2024,istruzione,T,Y25-49,,TOTAL,ML_RDD,99,560.0
082067,2018,istruzione,T,Y25-49,,TOTAL,NED,99,23.0
082067,2019,istruzione,T,Y25-49,,TOTAL,NED,99,17.0
082067,2020,istruzione,T,Y25-49,,TOTAL,NED,99,14.0
082067,2021,istruzione,T,Y25-49,,TOTAL,NED,99,9.0
082067,2022,istruzione,T,Y25-49,,TOTAL,NED,99,18.0
082067,2023,istruzione,T,Y25-49,,TOTAL,NED,99,16.0
082067,2024,istruzione,T,Y25-49,,TOTAL,NED,99,18.0
082067,2018,istruzione,T,Y25-49,,TOTAL,PSE,99,183.0
082067,2019,istruzione,T,Y25-49,,TOTAL,PSE,99,150.0
082067,2020,istruzione,T,Y25-49,,TOTAL,PSE,99,133.0
082067,2021,istruzione,T,Y25-49,,TOTAL,PSE,99,137.0
082067,2022,istruzione,T,Y25-49,,TOTAL,PSE,99,128.0
082067,2023,istruzione,T,Y25-49,,TOTAL,PSE,99,90.0
082067,2024,istruzione,T,Y25-49,,TOTAL,PSE,99,82.0
082067,2018,istruzione,T,Y25-49,,TOTAL,USE_IF,99,1452.0
082067,2019,istruzione,T,Y25-49,,TOTAL,USE_IF,99,1498.0
082067,2020,istruzione,T,Y25-49,,TOTAL,USE_IF,99,1403.0
082067,2021,istruzione,T,Y25-49,,TOTAL,USE_IF,99,1414.0
082067,2022,istruzione,T,Y25-49,,TOTAL,USE_IF,99,1428.0
082067,2023,istruzione,T,Y25-49,,TOTAL,USE_IF,99,1424.0
082067,2024,istruzione,T,Y25-49,,TOTAL,USE_IF,99,1432.0
082067,2018,istruzione,T,Y50-64,,TOTAL,ALL,99,2308.0
082067,2019,istruzione,T,Y50-64,,TOTAL,ALL,99,2341.0
082067,2020,istruzione,T,Y50-64,,TOTAL,ALL,99,2325.0
082067,2021,istruzione,T,Y50-64,,TOTAL,ALL,99,2412.0
082067,2022,istruzione,T,Y50-64,,TOTAL,ALL,99,2400.0
082067,2023,istruzione,T,Y50-64,,TOTAL,ALL,99,2464.0
082067,2024,istruzione,T,Y50-64,,TOTAL,ALL,99,2485.0
082067,2018,istruzione,T,Y50-64,,TOTAL,BL,99,36.0
082067,2019,istruzione,T,Y50-64,,TOTAL,BL,99,31.0
082067,2020,istruzione,T,Y50-64,,TOTAL,BL,99,39.0
082067,2021,istruzione,T,Y50-64,,TOTAL,BL,99,39.0
082067,2022,istruzione,T,Y50-64,,TOTAL,BL,99,52.0
082067,2023,istruzione,T,Y50-64,,TOTAL,BL,99,47.0
082067,2024,istruzione,T,Y50-64,,TOTAL,BL,99,56.0
082067,2018,istruzione,T,Y50-64,,TOTAL,LSE,99,903.0
082067,2019,istruzione,T,Y50-64,,TOTAL,LSE,99,935.0
082067,2020,istruzione,T,Y50-64,,TOTAL,LSE,99,947.0
082067,2021,istruzione,T,Y50-64,,TOTAL,LSE,99,985.0
082067,2022,istruzione,T,Y50-64,,TOTAL,LSE,99,992.0
082067,2023,istruzione,T,Y50-64,,TOTAL,LSE,99,995.0
082067,2024,istruzione,T,Y50-64,,TOTAL,LSE,99,993.0
082067,2018,istruzione,T,Y50-64,,TOTAL,ML_RDD,99,242.0
082067,2019,istruzione,T,Y50-64,,TOTAL,ML_RDD,99,255.0
082067,2020,istruzione,T,Y50-64,,TOTAL,ML_RDD,99,264.0
082067,2021,istruzione,T,Y50-64,,TOTAL,ML_RDD,99,272.0
082067,2022,istruzione,T,Y50-64,,TOTAL,ML_RDD,99,280.0
082067,2023,istruzione,T,Y50-64,,TOTAL,ML_RDD,99,298.0
082067,2024,istruzione,T,Y50-64,,TOTAL,ML_RDD,99,313.0
082067,2018,istruzione,T,Y50-64,,TOTAL,NED,99,59.0
082067,2019,istruzione,T,Y50-64,,TOTAL,NED,99,71.0
082067,2020,istruzione,T,Y50-64,,TOTAL,NED,99,49.0
082067,2021,istruzione,T,Y50-64,,TOTAL,NED,99,60.0
082067,2022,istruzione,T,Y50-64,,TOTAL,NED,99,46.0
082067,2023,istruzione,T,Y50-64,,TOTAL,NED,99,50.0
082067,2024,istruzione,T,Y50-64,,TOTAL,NED,99,44.0
082067,2018,istruzione,T,Y50-64,,TOTAL,PSE,99,419.0
082067,2019,istruzione,T,Y50-64,,TOTAL,PSE,99,379.0
082067,2020,istruzione,T,Y50-64,,TOTAL,PSE,99,358.0
082067,2021,istruzione,T,Y50-64,,TOTAL,PSE,99,358.0
082067,2022,istruzione,T,Y50-64,,TOTAL,PSE,99,323.0
082067,2023,istruzione,T,Y50-64,,TOTAL,PSE,99,342.0
082067,2024,istruzione,T,Y50-64,,TOTAL,PSE,99,329.0
082067,2018,istruzione,T,Y50-64,,TOTAL,USE_IF,99,649.0
082067,2019,istruzione,T,Y50-64,,TOTAL,USE_IF,99,670.0
082067,2020,istruzione,T,Y50-64,,TOTAL,USE_IF,99,668.0
082067,2021,istruzione,T,Y50-64,,TOTAL,USE_IF,99,698.0
082067,2022,istruzione,T,Y50-64,,TOTAL,USE_IF,99,707.0
082067,2023,istruzione,T,Y50-64,,TOTAL,USE_IF,99,732.0
082067,2024,istruzione,T,Y50-64,,TOTAL,USE_IF,99,750.0
082067,2018,istruzione,T,Y9-24,,TOTAL,ALL,99,1902.0
082067,2019,istruzione,T,Y9-24,,TOTAL,ALL,99,1890.0
082067,2020,istruzione,T,Y9-24,,TOTAL,ALL,99,1850.0
082067,2021,istruzione,T,Y9-24,,TOTAL,ALL,99,1887.0
082067,2022,istruzione,T,Y9-24,,TOTAL,ALL,99,1902.0
082067,2023,istruzione,T,Y9-24,,TOTAL,ALL,99,1897.0
082067,2024,istruzione,T,Y9-24,,TOTAL,ALL,99,1864.0
082067,2018,istruzione,T,Y9-24,,TOTAL,BL,99,36.0
082067,2019,istruzione,T,Y9-24,,TOTAL,BL,99,31.0
082067,2020,istruzione,T,Y9-24,,TOTAL,BL,99,47.0
082067,2021,istruzione,T,Y9-24,,TOTAL,BL,99,50.0
082067,2022,istruzione,T,Y9-24,,TOTAL,BL,99,43.0
082067,2023,istruzione,T,Y9-24,,TOTAL,BL,99,55.0
082067,2024,istruzione,T,Y9-24,,TOTAL,BL,99,57.0
082067,2018,istruzione,T,Y9-24,,TOTAL,LSE,99,737.0
082067,2019,istruzione,T,Y9-24,,TOTAL,LSE,99,742.0
082067,2020,istruzione,T,Y9-24,,TOTAL,LSE,99,688.0
082067,2021,istruzione,T,Y9-24,,TOTAL,LSE,99,724.0
082067,2022,istruzione,T,Y9-24,,TOTAL,LSE,99,729.0
082067,2023,istruzione,T,Y9-24,,TOTAL,LSE,99,742.0
082067,2024,istruzione,T,Y9-24,,TOTAL,LSE,99,726.0
082067,2018,istruzione,T,Y9-24,,TOTAL,ML_RDD,99,10.0
082067,2019,istruzione,T,Y9-24,,TOTAL,ML_RDD,99,1.0
082067,2020,istruzione,T,Y9-24,,TOTAL,ML_RDD,99,5.0
082067,2021,istruzione,T,Y9-24,,TOTAL,ML_RDD,99,10.0
082067,2022,istruzione,T,Y9-24,,TOTAL,ML_RDD,99,11.0
082067,2023,istruzione,T,Y9-24,,TOTAL,ML_RDD,99,13.0
082067,2024,istruzione,T,Y9-24,,TOTAL,ML_RDD,99,15.0
082067,2018,istruzione,T,Y9-24,,TOTAL,NED,99,225.0
082067,2019,istruzione,T,Y9-24,,TOTAL,NED,99,238.0
082067,2020,istruzione,T,Y9-24,,TOTAL,NED,99,208.0
082067,2021,istruzione,T,Y9-24,,TOTAL,NED,99,204.0
082067,2022,istruzione,T,Y9-24,,TOTAL,NED,99,229.0
082067,2023,istruzione,T,Y9-24,,TOTAL,NED,99,202.0
082067,2024,istruzione,T,Y9-24,,TOTAL,NED,99,206.0
082067,2018,istruzione,T,Y9-24,,TOTAL,PSE,99,372.0
082067,2019,istruzione,T,Y9-24,,TOTAL,PSE,99,368.0
082067,2020,istruzione,T,Y9-24,,TOTAL,PSE,99,385.0
082067,2021,istruzione,T,Y9-24,,TOTAL,PSE,99,382.0
082067,2022,istruzione,T,Y9-24,,TOTAL,PSE,99,370.0
082067,2023,istruzione,T,Y9-24,,TOTAL,PSE,99,366.0
082067,2024,istruzione,T,Y9-24,,TOTAL,PSE,99,338.0
082067,2018,istruzione,T,Y9-24,,TOTAL,USE_IF,99,522.0
082067,2019,istruzione,T,Y9-24,,TOTAL,USE_IF,99,510.0
082067,2020,istruzione,T,Y9-24,,TOTAL,USE_IF,99,517.0
082067,2021,istruzione,T,Y9-24,,TOTAL,USE_IF,99,517.0
082067,2022,istruzione,T,Y9-24,,TOTAL,USE_IF,99,520.0
082067,2023,istruzione,T,Y9-24,,TOTAL,USE_IF,99,519.0
082067,2024,istruzione,T,Y9-24,,TOTAL,USE_IF,99,522.0
082079,2018,istruzione,F,Y_GE65,,TOTAL,ALL,99,1585.0
082079,2019,istruzione,F,Y_GE65,,TOTAL,ALL,99,1652.0
082079,2020,istruzione,F,Y_GE65,,TOTAL,ALL,99,1721.0
082079,2021,istruzione,F,Y_GE65,,TOTAL,ALL,99,1722.0
082079,2022,istruzione,F,Y_GE65,,TOTAL,ALL,99,1757.0
082079,2023,istruzione,F,Y_GE65,,TOTAL,ALL,99,1797.0
082079,2024,istruzione,F,Y_GE65,,TOTAL,ALL,99,1878.0
082079,2018,istruzione,F,Y_GE65,,TOTAL,BL,99,3.0
082079,2019,istruzione,F,Y_GE65,,TOTAL,BL,99,2.0
082079,2020,istruzione,F,Y_GE65,,TOTAL,BL,99,4.0
082079,2021,istruzione,F,Y_GE65,,TOTAL,BL,99,5.0
082079,2022,istruzione,F,Y_GE65,,TOTAL,BL,99,5.0
082079,2023,istruzione,F,Y_GE65,,TOTAL,BL,99,8.0
082079,2024,istruzione,F,Y_GE65,,TOTAL,BL,99,9.0
082079,2018,istruzione,F,Y_GE65,,TOTAL,LSE,99,342.0
082079,2019,istruzione,F,Y_GE65,,TOTAL,LSE,99,348.0
082079,2020,istruzione,F,Y_GE65,,TOTAL,LSE,99,412.0
082079,2021,istruzione,F,Y_GE65,,TOTAL,LSE,99,452.0
082079,2022,istruzione,F,Y_GE65,,TOTAL,LSE,99,461.0
082079,2023,istruzione,F,Y_GE65,,TOTAL,LSE,99,485.0
082079,2024,istruzione,F,Y_GE65,,TOTAL,LSE,99,524.0
082079,2018,istruzione,F,Y_GE65,,TOTAL,ML_RDD,99,19.0
082079,2019,istruzione,F,Y_GE65,,TOTAL,ML_RDD,99,27.0
082079,2020,istruzione,F,Y_GE65,,TOTAL,ML_RDD,99,34.0
082079,2021,istruzione,F,Y_GE65,,TOTAL,ML_RDD,99,36.0
082079,2022,istruzione,F,Y_GE65,,TOTAL,ML_RDD,99,37.0
082079,2023,istruzione,F,Y_GE65,,TOTAL,ML_RDD,99,35.0
082079,2024,istruzione,F,Y_GE65,,TOTAL,ML_RDD,99,41.0
082079,2018,istruzione,F,Y_GE65,,TOTAL,NED,99,308.0
082079,2019,istruzione,F,Y_GE65,,TOTAL,NED,99,294.0
082079,2020,istruzione,F,Y_GE65,,TOTAL,NED,99,270.0
082079,2021,istruzione,F,Y_GE65,,TOTAL,NED,99,226.0
082079,2022,istruzione,F,Y_GE65,,TOTAL,NED,99,218.0
082079,2023,istruzione,F,Y_GE65,,TOTAL,NED,99,235.0
082079,2024,istruzione,F,Y_GE65,,TOTAL,NED,99,227.0
082079,2018,istruzione,F,Y_GE65,,TOTAL,PSE,99,793.0
082079,2019,istruzione,F,Y_GE65,,TOTAL,PSE,99,846.0
082079,2020,istruzione,F,Y_GE65,,TOTAL,PSE,99,854.0
082079,2021,istruzione,F,Y_GE65,,TOTAL,PSE,99,851.0
082079,2022,istruzione,F,Y_GE65,,TOTAL,PSE,99,844.0
082079,2023,istruzione,F,Y_GE65,,TOTAL,PSE,99,843.0
082079,2024,istruzione,F,Y_GE65,,TOTAL,PSE,99,860.0
082079,2018,istruzione,F,Y_GE65,,TOTAL,USE_IF,99,120.0
082079,2019,istruzione,F,Y_GE65,,TOTAL,USE_IF,99,135.0
082079,2020,istruzione,F,Y_GE65,,TOTAL,USE_IF,99,147.0
082079,2021,istruzione,F,Y_GE65,,TOTAL,USE_IF,99,152.0
082079,2022,istruzione,F,Y_GE65,,TOTAL,USE_IF,99,192.0
082079,2023,istruzione,F,Y_GE65,,TOTAL,USE_IF,99,191.0
082079,2024,istruzione,F,Y_GE65,,TOTAL,USE_IF,99,217.0
082079,2018,istruzione,F,Y_GE9,,TOTAL,ALL,99,8993.0
082079,2019,istruzione,F,Y_GE9,,TOTAL,ALL,99,8984.0
082079,2020,istruzione,F,Y_GE9,,TOTAL,ALL,99,8983.0
082079,2021,istruzione,F,Y_GE9,,TOTAL,ALL,99,9045.0
082079,2022,istruzione,F,Y_GE9,,TOTAL,ALL,99,9036.0
082079,2023,istruzione,F,Y_GE9,,TOTAL,ALL,99,9021.0
082079,2024,istruzione,F,Y_GE9,,TOTAL,ALL,99,9053.0
082079,2018,istruzione,F,Y_GE9,,TOTAL,BL,99,203.0
082079,2019,istruzione,F,Y_GE9,,TOTAL,BL,99,205.0
082079,2020,istruzione,F,Y_GE9,,TOTAL,BL,99,207.0
082079,2021,istruzione,F,Y_GE9,,TOTAL,BL,99,238.0
082079,2022,istruzione,F,Y_GE9,,TOTAL,BL,99,233.0
082079,2023,istruzione,F,Y_GE9,,TOTAL,BL,99,222.0
082079,2024,istruzione,F,Y_GE9,,TOTAL,BL,99,249.0
082079,2018,istruzione,F,Y_GE9,,TOTAL,IL,99,112.0
082079,2019,istruzione,F,Y_GE9,,TOTAL,IL,99,110.0
082079,2020,istruzione,F,Y_GE9,,TOTAL,IL,99,85.0
082079,2021,istruzione,F,Y_GE9,,TOTAL,IL,99,85.0
082079,2022,istruzione,F,Y_GE9,,TOTAL,IL,99,74.0
082079,2023,istruzione,F,Y_GE9,,TOTAL,IL,99,89.0
082079,2024,istruzione,F,Y_GE9,,TOTAL,IL,99,87.0
082079,2018,istruzione,F,Y_GE9,,TOTAL,LBNA,99,560.0
082079,2019,istruzione,F,Y_GE9,,TOTAL,LBNA,99,517.0
082079,2020,istruzione,F,Y_GE9,,TOTAL,LBNA,99,503.0
082079,2021,istruzione,F,Y_GE9,,TOTAL,LBNA,99,458.0
082079,2022,istruzione,F,Y_GE9,,TOTAL,LBNA,99,414.0
082079,2023,istruzione,F,Y_GE9,,TOTAL,LBNA,99,449.0
082079,2024,istruzione,F,Y_GE9,,TOTAL,LBNA,99,443.0
082079,2018,istruzione,F,Y_GE9,,TOTAL,LSE,99,3490.0
082079,2019,istruzione,F,Y_GE9,,TOTAL,LSE,99,3501.0
082079,2020,istruzione,F,Y_GE9,,TOTAL,LSE,99,3449.0
082079,2021,istruzione,F,Y_GE9,,TOTAL,LSE,99,3524.0
082079,2022,istruzione,F,Y_GE9,,TOTAL,LSE,99,3506.0
082079,2023,istruzione,F,Y_GE9,,TOTAL,LSE,99,3562.0
082079,2024,istruzione,F,Y_GE9,,TOTAL,LSE,99,3569.0
082079,2018,istruzione,F,Y_GE9,,TOTAL,ML,99,388.0
082079,2019,istruzione,F,Y_GE9,,TOTAL,ML,99,397.0
082079,2020,istruzione,F,Y_GE9,,TOTAL,ML,99,436.0
082079,2021,istruzione,F,Y_GE9,,TOTAL,ML,99,455.0
082079,2022,istruzione,F,Y_GE9,,TOTAL,ML,99,494.0
082079,2023,istruzione,F,Y_GE9,,TOTAL,ML,99,472.0
082079,2024,istruzione,F,Y_GE9,,TOTAL,ML,99,471.0
082079,2018,istruzione,F,Y_GE9,,TOTAL,ML_RDD,99,404.0
082079,2019,istruzione,F,Y_GE9,,TOTAL,ML_RDD,99,409.0
082079,2020,istruzione,F,Y_GE9,,TOTAL,ML_RDD,99,453.0
082079,2021,istruzione,F,Y_GE9,,TOTAL,ML_RDD,99,465.0
082079,2022,istruzione,F,Y_GE9,,TOTAL,ML_RDD,99,504.0
082079,2023,istruzione,F,Y_GE9,,TOTAL,ML_RDD,99,489.0
082079,2024,istruzione,F,Y_GE9,,TOTAL,ML_RDD,99,487.0
082079,2018,istruzione,F,Y_GE9,,TOTAL,NED,99,672.0
082079,2019,istruzione,F,Y_GE9,,TOTAL,NED,99,627.0
082079,2020,istruzione,F,Y_GE9,,TOTAL,NED,99,588.0
082079,2021,istruzione,F,Y_GE9,,TOTAL,NED,99,543.0
082079,2022,istruzione,F,Y_GE9,,TOTAL,NED,99,488.0
082079,2023,istruzione,F,Y_GE9,,TOTAL,NED,99,538.0
082079,2024,istruzione,F,Y_GE9,,TOTAL,NED,99,530.0
082079,2018,istruzione,F,Y_GE9,,TOTAL,PSE,99,1906.0
082079,2019,istruzione,F,Y_GE9,,TOTAL,PSE,99,1939.0
082079,2020,istruzione,F,Y_GE9,,TOTAL,PSE,99,1905.0
082079,2021,istruzione,F,Y_GE9,,TOTAL,PSE,99,1873.0
082079,2022,istruzione,F,Y_GE9,,TOTAL,PSE,99,1826.0
082079,2023,istruzione,F,Y_GE9,,TOTAL,PSE,99,1827.0
082079,2024,istruzione,F,Y_GE9,,TOTAL,PSE,99,1801.0
082079,2018,istruzione,F,Y_GE9,,TOTAL,RDD,99,16.0
082079,2019,istruzione,F,Y_GE9,,TOTAL,RDD,99,12.0
082079,2020,istruzione,F,Y_GE9,,TOTAL,RDD,99,17.0
082079,2021,istruzione,F,Y_GE9,,TOTAL,RDD,99,10.0
082079,2022,istruzione,F,Y_GE9,,TOTAL,RDD,99,10.0
082079,2023,istruzione,F,Y_GE9,,TOTAL,RDD,99,17.0
082079,2024,istruzione,F,Y_GE9,,TOTAL,RDD,99,16.0
082079,2018,istruzione,F,Y_GE9,,TOTAL,USE_IF,99,2318.0
082079,2019,istruzione,F,Y_GE9,,TOTAL,USE_IF,99,2303.0
082079,2020,istruzione,F,Y_GE9,,TOTAL,USE_IF,99,2381.0
082079,2021,istruzione,F,Y_GE9,,TOTAL,USE_IF,99,2402.0
082079,2022,istruzione,F,Y_GE9,,TOTAL,USE_IF,99,2479.0
082079,2023,istruzione,F,Y_GE9,,TOTAL,USE_IF,99,2383.0
082079,2024,istruzione,F,Y_GE9,,TOTAL,USE_IF,99,2417.0
082079,2018,istruzione,F,Y25-49,,TOTAL,ALL,99,3584.0
082079,2019,istruzione,F,Y25-49,,TOTAL,ALL,99,3526.0
082079,2020,istruzione,F,Y25-49,,TOTAL,ALL,99,3490.0
082079,2021,istruzione,F,Y25-49,,TOTAL,ALL,99,3476.0
082079,2022,istruzione,F,Y25-49,,TOTAL,ALL,99,3395.0
082079,2023,istruzione,F,Y25-49,,TOTAL,ALL,99,3302.0
082079,2024,istruzione,F,Y25-49,,TOTAL,ALL,99,3221.0
082079,2018,istruzione,F,Y25-49,,TOTAL,BL,99,156.0
082079,2019,istruzione,F,Y25-49,,TOTAL,BL,99,154.0
082079,2020,istruzione,F,Y25-49,,TOTAL,BL,99,149.0
082079,2021,istruzione,F,Y25-49,,TOTAL,BL,99,166.0
082079,2022,istruzione,F,Y25-49,,TOTAL,BL,99,164.0
082079,2023,istruzione,F,Y25-49,,TOTAL,BL,99,154.0
082079,2024,istruzione,F,Y25-49,,TOTAL,BL,99,169.0
082079,2018,istruzione,F,Y25-49,,TOTAL,LSE,99,1499.0
082079,2019,istruzione,F,Y25-49,,TOTAL,LSE,99,1510.0
082079,2020,istruzione,F,Y25-49,,TOTAL,LSE,99,1451.0
082079,2021,istruzione,F,Y25-49,,TOTAL,LSE,99,1391.0
082079,2022,istruzione,F,Y25-49,,TOTAL,LSE,99,1340.0
082079,2023,istruzione,F,Y25-49,,TOTAL,LSE,99,1314.0
082079,2024,istruzione,F,Y25-49,,TOTAL,LSE,99,1262.0
082079,2018,istruzione,F,Y25-49,,TOTAL,ML_RDD,99,301.0
082079,2019,istruzione,F,Y25-49,,TOTAL,ML_RDD,99,303.0
082079,2020,istruzione,F,Y25-49,,TOTAL,ML_RDD,99,339.0
082079,2021,istruzione,F,Y25-49,,TOTAL,ML_RDD,99,353.0
082079,2022,istruzione,F,Y25-49,,TOTAL,ML_RDD,99,364.0
082079,2023,istruzione,F,Y25-49,,TOTAL,ML_RDD,99,343.0
082079,2024,istruzione,F,Y25-49,,TOTAL,ML_RDD,99,341.0
082079,2018,istruzione,F,Y25-49,,TOTAL,NED,99,43.0
082079,2019,istruzione,F,Y25-49,,TOTAL,NED,99,33.0
082079,2020,istruzione,F,Y25-49,,TOTAL,NED,99,22.0
082079,2021,istruzione,F,Y25-49,,TOTAL,NED,99,22.0
082079,2022,istruzione,F,Y25-49,,TOTAL,NED,99,20.0
082079,2023,istruzione,F,Y25-49,,TOTAL,NED,99,32.0
082079,2024,istruzione,F,Y25-49,,TOTAL,NED,99,29.0
082079,2018,istruzione,F,Y25-49,,TOTAL,PSE,99,249.0
082079,2019,istruzione,F,Y25-49,,TOTAL,PSE,99,227.0
082079,2020,istruzione,F,Y25-49,,TOTAL,PSE,99,209.0
082079,2021,istruzione,F,Y25-49,,TOTAL,PSE,99,196.0
082079,2022,istruzione,F,Y25-49,,TOTAL,PSE,99,164.0
082079,2023,istruzione,F,Y25-49,,TOTAL,PSE,99,161.0
082079,2024,istruzione,F,Y25-49,,TOTAL,PSE,99,149.0
082079,2018,istruzione,F,Y25-49,,TOTAL,USE_IF,99,1336.0
082079,2019,istruzione,F,Y25-49,,TOTAL,USE_IF,99,1299.0
082079,2020,istruzione,F,Y25-49,,TOTAL,USE_IF,99,1320.0
082079,2021,istruzione,F,Y25-49,,TOTAL,USE_IF,99,1348.0
082079,2022,istruzione,F,Y25-49,,TOTAL,USE_IF,99,1343.0
082079,2023,istruzione,F,Y25-49,,TOTAL,USE_IF,99,1298.0
082079,2024,istruzione,F,Y25-49,,TOTAL,USE_IF,99,1271.0
082079,2018,istruzione,F,Y50-64,,TOTAL,ALL,99,1922.0
082079,2019,istruzione,F,Y50-64,,TOTAL,ALL,99,1955.0
082079,2020,istruzione,F,Y50-64,,TOTAL,ALL,99,1937.0
082079,2021,istruzione,F,Y50-64,,TOTAL,ALL,99,1994.0
082079,2022,istruzione,F,Y50-64,,TOTAL,ALL,99,2069.0
082079,2023,istruzione,F,Y50-64,,TOTAL,ALL,99,2117.0
082079,2024,istruzione,F,Y50-64,,TOTAL,ALL,99,2163.0
082079,2018,istruzione,F,Y50-64,,TOTAL,BL,99,19.0
082079,2019,istruzione,F,Y50-64,,TOTAL,BL,99,16.0
082079,2020,istruzione,F,Y50-64,,TOTAL,BL,99,20.0
082079,2021,istruzione,F,Y50-64,,TOTAL,BL,99,27.0
082079,2022,istruzione,F,Y50-64,,TOTAL,BL,99,30.0
082079,2023,istruzione,F,Y50-64,,TOTAL,BL,99,25.0
082079,2024,istruzione,F,Y50-64,,TOTAL,BL,99,26.0
082079,2018,istruzione,F,Y50-64,,TOTAL,LSE,99,845.0
082079,2019,istruzione,F,Y50-64,,TOTAL,LSE,99,861.0
082079,2020,istruzione,F,Y50-64,,TOTAL,LSE,99,869.0
082079,2021,istruzione,F,Y50-64,,TOTAL,LSE,99,969.0
082079,2022,istruzione,F,Y50-64,,TOTAL,LSE,99,968.0
082079,2023,istruzione,F,Y50-64,,TOTAL,LSE,99,1001.0
082079,2024,istruzione,F,Y50-64,,TOTAL,LSE,99,1037.0
082079,2018,istruzione,F,Y50-64,,TOTAL,ML_RDD,99,76.0
082079,2019,istruzione,F,Y50-64,,TOTAL,ML_RDD,99,77.0
082079,2020,istruzione,F,Y50-64,,TOTAL,ML_RDD,99,78.0
082079,2021,istruzione,F,Y50-64,,TOTAL,ML_RDD,99,70.0
082079,2022,istruzione,F,Y50-64,,TOTAL,ML_RDD,99,92.0
082079,2023,istruzione,F,Y50-64,,TOTAL,ML_RDD,99,95.0
082079,2024,istruzione,F,Y50-64,,TOTAL,ML_RDD,99,95.0
082079,2018,istruzione,F,Y50-64,,TOTAL,NED,99,88.0
082079,2019,istruzione,F,Y50-64,,TOTAL,NED,99,74.0
082079,2020,istruzione,F,Y50-64,,TOTAL,NED,99,69.0
082079,2021,istruzione,F,Y50-64,,TOTAL,NED,99,58.0
082079,2022,istruzione,F,Y50-64,,TOTAL,NED,99,57.0
082079,2023,istruzione,F,Y50-64,,TOTAL,NED,99,63.0
082079,2024,istruzione,F,Y50-64,,TOTAL,NED,99,60.0
082079,2018,istruzione,F,Y50-64,,TOTAL,PSE,99,490.0
082079,2019,istruzione,F,Y50-64,,TOTAL,PSE,99,497.0
082079,2020,istruzione,F,Y50-64,,TOTAL,PSE,99,454.0
082079,2021,istruzione,F,Y50-64,,TOTAL,PSE,99,433.0
082079,2022,istruzione,F,Y50-64,,TOTAL,PSE,99,429.0
082079,2023,istruzione,F,Y50-64,,TOTAL,PSE,99,453.0
082079,2024,istruzione,F,Y50-64,,TOTAL,PSE,99,433.0
082079,2018,istruzione,F,Y50-64,,TOTAL,USE_IF,99,404.0
082079,2019,istruzione,F,Y50-64,,TOTAL,USE_IF,99,430.0
082079,2020,istruzione,F,Y50-64,,TOTAL,USE_IF,99,447.0
082079,2021,istruzione,F,Y50-64,,TOTAL,USE_IF,99,437.0
082079,2022,istruzione,F,Y50-64,,TOTAL,USE_IF,99,493.0
082079,2023,istruzione,F,Y50-64,,TOTAL,USE_IF,99,480.0
082079,2024,istruzione,F,Y50-64,,TOTAL,USE_IF,99,512.0
082079,2018,istruzione,F,Y9-24,,TOTAL,ALL,99,1902.0
082079,2019,istruzione,F,Y9-24,,TOTAL,ALL,99,1851.0
082079,2020,istruzione,F,Y9-24,,TOTAL,ALL,99,1835.0
082079,2021,istruzione,F,Y9-24,,TOTAL,ALL,99,1853.0
082079,2022,istruzione,F,Y9-24,,TOTAL,ALL,99,1815.0
082079,2023,istruzione,F,Y9-24,,TOTAL,ALL,99,1805.0
082079,2024,istruzione,F,Y9-24,,TOTAL,ALL,99,1791.0
082079,2018,istruzione,F,Y9-24,,TOTAL,BL,99,25.0
082079,2019,istruzione,F,Y9-24,,TOTAL,BL,99,33.0
082079,2020,istruzione,F,Y9-24,,TOTAL,BL,99,34.0
082079,2021,istruzione,F,Y9-24,,TOTAL,BL,99,40.0
082079,2022,istruzione,F,Y9-24,,TOTAL,BL,99,34.0
082079,2023,istruzione,F,Y9-24,,TOTAL,BL,99,35.0
082079,2024,istruzione,F,Y9-24,,TOTAL,BL,99,45.0
082079,2018,istruzione,F,Y9-24,,TOTAL,LSE,99,804.0
082079,2019,istruzione,F,Y9-24,,TOTAL,LSE,99,782.0
082079,2020,istruzione,F,Y9-24,,TOTAL,LSE,99,717.0
082079,2021,istruzione,F,Y9-24,,TOTAL,LSE,99,712.0
082079,2022,istruzione,F,Y9-24,,TOTAL,LSE,99,737.0
082079,2023,istruzione,F,Y9-24,,TOTAL,LSE,99,762.0
082079,2024,istruzione,F,Y9-24,,TOTAL,LSE,99,746.0
082079,2018,istruzione,F,Y9-24,,TOTAL,ML_RDD,99,8.0
082079,2019,istruzione,F,Y9-24,,TOTAL,ML_RDD,99,2.0
082079,2020,istruzione,F,Y9-24,,TOTAL,ML_RDD,99,2.0
082079,2021,istruzione,F,Y9-24,,TOTAL,ML_RDD,99,6.0
082079,2022,istruzione,F,Y9-24,,TOTAL,ML_RDD,99,11.0
082079,2023,istruzione,F,Y9-24,,TOTAL,ML_RDD,99,16.0
082079,2024,istruzione,F,Y9-24,,TOTAL,ML_RDD,99,10.0
082079,2018,istruzione,F,Y9-24,,TOTAL,NED,99,233.0
082079,2019,istruzione,F,Y9-24,,TOTAL,NED,99,226.0
082079,2020,istruzione,F,Y9-24,,TOTAL,NED,99,227.0
082079,2021,istruzione,F,Y9-24,,TOTAL,NED,99,237.0
082079,2022,istruzione,F,Y9-24,,TOTAL,NED,99,193.0
082079,2023,istruzione,F,Y9-24,,TOTAL,NED,99,208.0
082079,2024,istruzione,F,Y9-24,,TOTAL,NED,99,214.0
082079,2018,istruzione,F,Y9-24,,TOTAL,PSE,99,374.0
082079,2019,istruzione,F,Y9-24,,TOTAL,PSE,99,369.0
082079,2020,istruzione,F,Y9-24,,TOTAL,PSE,99,388.0
082079,2021,istruzione,F,Y9-24,,TOTAL,PSE,99,393.0
082079,2022,istruzione,F,Y9-24,,TOTAL,PSE,99,389.0
082079,2023,istruzione,F,Y9-24,,TOTAL,PSE,99,370.0
082079,2024,istruzione,F,Y9-24,,TOTAL,PSE,99,359.0
082079,2018,istruzione,F,Y9-24,,TOTAL,USE_IF,99,458.0
082079,2019,istruzione,F,Y9-24,,TOTAL,USE_IF,99,439.0
082079,2020,istruzione,F,Y9-24,,TOTAL,USE_IF,99,467.0
082079,2021,istruzione,F,Y9-24,,TOTAL,USE_IF,99,465.0
082079,2022,istruzione,F,Y9-24,,TOTAL,USE_IF,99,451.0
082079,2023,istruzione,F,Y9-24,,TOTAL,USE_IF,99,414.0
082079,2024,istruzione,F,Y9-24,,TOTAL,USE_IF,99,417.0
082079,2018,istruzione,M,Y_GE65,,TOTAL,ALL,99,1293.0
082079,2019,istruzione,M,Y_GE65,,TOTAL,ALL,99,1333.0
082079,2020,istruzione,M,Y_GE65,,TOTAL,ALL,99,1381.0
082079,2021,istruzione,M,Y_GE65,,TOTAL,ALL,99,1394.0
082079,2022,istruzione,M,Y_GE65,,TOTAL,ALL,99,1451.0
082079,2023,istruzione,M,Y_GE65,,TOTAL,ALL,99,1485.0
082079,2024,istruzione,M,Y_GE65,,TOTAL,ALL,99,1565.0000000000002
082079,2018,istruzione,M,Y_GE65,,TOTAL,BL,99,5.0
082079,2019,istruzione,M,Y_GE65,,TOTAL,BL,99,3.0
082079,2020,istruzione,M,Y_GE65,,TOTAL,BL,99,4.0
082079,2021,istruzione,M,Y_GE65,,TOTAL,BL,99,3.0
082079,2022,istruzione,M,Y_GE65,,TOTAL,BL,99,4.0
082079,2023,istruzione,M,Y_GE65,,TOTAL,BL,99,7.0
082079,2024,istruzione,M,Y_GE65,,TOTAL,BL,99,9.0
082079,2018,istruzione,M,Y_GE65,,TOTAL,LSE,99,383.0
082079,2019,istruzione,M,Y_GE65,,TOTAL,LSE,99,414.0
082079,2020,istruzione,M,Y_GE65,,TOTAL,LSE,99,447.0
082079,2021,istruzione,M,Y_GE65,,TOTAL,LSE,99,489.0
082079,2022,istruzione,M,Y_GE65,,TOTAL,LSE,99,496.0
082079,2023,istruzione,M,Y_GE65,,TOTAL,LSE,99,532.0
082079,2024,istruzione,M,Y_GE65,,TOTAL,LSE,99,579.0
082079,2018,istruzione,M,Y_GE65,,TOTAL,ML_RDD,99,41.0
082079,2019,istruzione,M,Y_GE65,,TOTAL,ML_RDD,99,50.0
082079,2020,istruzione,M,Y_GE65,,TOTAL,ML_RDD,99,56.0
082079,2021,istruzione,M,Y_GE65,,TOTAL,ML_RDD,99,62.0
082079,2022,istruzione,M,Y_GE65,,TOTAL,ML_RDD,99,68.0
082079,2023,istruzione,M,Y_GE65,,TOTAL,ML_RDD,99,72.0
082079,2024,istruzione,M,Y_GE65,,TOTAL,ML_RDD,99,72.0
082079,2018,istruzione,M,Y_GE65,,TOTAL,NED,99,168.0
082079,2019,istruzione,M,Y_GE65,,TOTAL,NED,99,176.0
082079,2020,istruzione,M,Y_GE65,,TOTAL,NED,99,161.0
082079,2021,istruzione,M,Y_GE65,,TOTAL,NED,99,136.0
082079,2022,istruzione,M,Y_GE65,,TOTAL,NED,99,108.0
082079,2023,istruzione,M,Y_GE65,,TOTAL,NED,99,149.0
082079,2024,istruzione,M,Y_GE65,,TOTAL,NED,99,150.0
082079,2018,istruzione,M,Y_GE65,,TOTAL,PSE,99,550.0
082079,2019,istruzione,M,Y_GE65,,TOTAL,PSE,99,518.0
082079,2020,istruzione,M,Y_GE65,,TOTAL,PSE,99,527.0
082079,2021,istruzione,M,Y_GE65,,TOTAL,PSE,99,503.0
082079,2022,istruzione,M,Y_GE65,,TOTAL,PSE,99,543.0
082079,2023,istruzione,M,Y_GE65,,TOTAL,PSE,99,492.0
082079,2024,istruzione,M,Y_GE65,,TOTAL,PSE,99,497.0
082079,2018,istruzione,M,Y_GE65,,TOTAL,USE_IF,99,146.0
082079,2019,istruzione,M,Y_GE65,,TOTAL,USE_IF,99,172.0
082079,2020,istruzione,M,Y_GE65,,TOTAL,USE_IF,99,186.0
082079,2021,istruzione,M,Y_GE65,,TOTAL,USE_IF,99,201.0
082079,2022,istruzione,M,Y_GE65,,TOTAL,USE_IF,99,232.0
082079,2023,istruzione,M,Y_GE65,,TOTAL,USE_IF,99,233.0
082079,2024,istruzione,M,Y_GE65,,TOTAL,USE_IF,99,258.0
082079,2018,istruzione,M,Y_GE9,,TOTAL,ALL,99,8466.0
082079,2019,istruzione,M,Y_GE9,,TOTAL,ALL,99,8515.0
082079,2020,istruzione,M,Y_GE9,,TOTAL,ALL,99,8509.0
082079,2021,istruzione,M,Y_GE9,,TOTAL,ALL,99,8621.0
082079,2022,istruzione,M,Y_GE9,,TOTAL,ALL,99,8562.0
082079,2023,istruzione,M,Y_GE9,,TOTAL,ALL,99,8496.0
082079,2024,istruzione,M,Y_GE9,,TOTAL,ALL,99,8472.0
082079,2018,istruzione,M,Y_GE9,,TOTAL,BL,99,146.0
082079,2019,istruzione,M,Y_GE9,,TOTAL,BL,99,162.0
082079,2020,istruzione,M,Y_GE9,,TOTAL,BL,99,182.0
082079,2021,istruzione,M,Y_GE9,,TOTAL,BL,99,175.0
082079,2022,istruzione,M,Y_GE9,,TOTAL,BL,99,181.0
082079,2023,istruzione,M,Y_GE9,,TOTAL,BL,99,185.0
082079,2024,istruzione,M,Y_GE9,,TOTAL,BL,99,199.0
082079,2018,istruzione,M,Y_GE9,,TOTAL,IL,99,118.0
082079,2019,istruzione,M,Y_GE9,,TOTAL,IL,99,112.0
082079,2020,istruzione,M,Y_GE9,,TOTAL,IL,99,100.0
082079,2021,istruzione,M,Y_GE9,,TOTAL,IL,99,93.0
082079,2022,istruzione,M,Y_GE9,,TOTAL,IL,99,82.0
082079,2023,istruzione,M,Y_GE9,,TOTAL,IL,99,97.0
082079,2024,istruzione,M,Y_GE9,,TOTAL,IL,99,92.0
082079,2018,istruzione,M,Y_GE9,,TOTAL,LBNA,99,397.0
082079,2019,istruzione,M,Y_GE9,,TOTAL,LBNA,99,420.0
082079,2020,istruzione,M,Y_GE9,,TOTAL,LBNA,99,387.0
082079,2021,istruzione,M,Y_GE9,,TOTAL,LBNA,99,376.0
082079,2022,istruzione,M,Y_GE9,,TOTAL,LBNA,99,346.0
082079,2023,istruzione,M,Y_GE9,,TOTAL,LBNA,99,358.0
082079,2024,istruzione,M,Y_GE9,,TOTAL,LBNA,99,338.0
082079,2018,istruzione,M,Y_GE9,,TOTAL,LSE,99,3710.0
082079,2019,istruzione,M,Y_GE9,,TOTAL,LSE,99,3740.0
082079,2020,istruzione,M,Y_GE9,,TOTAL,LSE,99,3606.0
082079,2021,istruzione,M,Y_GE9,,TOTAL,LSE,99,3623.0
082079,2022,istruzione,M,Y_GE9,,TOTAL,LSE,99,3601.0
082079,2023,istruzione,M,Y_GE9,,TOTAL,LSE,99,3635.0
082079,2024,istruzione,M,Y_GE9,,TOTAL,LSE,99,3647.0
082079,2018,istruzione,M,Y_GE9,,TOTAL,ML,99,301.0
082079,2019,istruzione,M,Y_GE9,,TOTAL,ML,99,305.0
082079,2020,istruzione,M,Y_GE9,,TOTAL,ML,99,348.0
082079,2021,istruzione,M,Y_GE9,,TOTAL,ML,99,363.0
082079,2022,istruzione,M,Y_GE9,,TOTAL,ML,99,367.0
082079,2023,istruzione,M,Y_GE9,,TOTAL,ML,99,365.0
082079,2024,istruzione,M,Y_GE9,,TOTAL,ML,99,353.0
082079,2018,istruzione,M,Y_GE9,,TOTAL,ML_RDD,99,309.0
082079,2019,istruzione,M,Y_GE9,,TOTAL,ML_RDD,99,311.0
082079,2020,istruzione,M,Y_GE9,,TOTAL,ML_RDD,99,352.0
082079,2021,istruzione,M,Y_GE9,,TOTAL,ML_RDD,99,368.0
082079,2022,istruzione,M,Y_GE9,,TOTAL,ML_RDD,99,378.0
082079,2023,istruzione,M,Y_GE9,,TOTAL,ML_RDD,99,374.0
082079,2024,istruzione,M,Y_GE9,,TOTAL,ML_RDD,99,366.0
082079,2018,istruzione,M,Y_GE9,,TOTAL,NED,99,515.0
082079,2019,istruzione,M,Y_GE9,,TOTAL,NED,99,532.0
082079,2020,istruzione,M,Y_GE9,,TOTAL,NED,99,487.0
082079,2021,istruzione,M,Y_GE9,,TOTAL,NED,99,469.0
082079,2022,istruzione,M,Y_GE9,,TOTAL,NED,99,428.0
082079,2023,istruzione,M,Y_GE9,,TOTAL,NED,99,455.0
082079,2024,istruzione,M,Y_GE9,,TOTAL,NED,99,430.0
082079,2018,istruzione,M,Y_GE9,,TOTAL,PSE,99,1462.0
082079,2019,istruzione,M,Y_GE9,,TOTAL,PSE,99,1399.0
082079,2020,istruzione,M,Y_GE9,,TOTAL,PSE,99,1453.0
082079,2021,istruzione,M,Y_GE9,,TOTAL,PSE,99,1424.0
082079,2022,istruzione,M,Y_GE9,,TOTAL,PSE,99,1403.0
082079,2023,istruzione,M,Y_GE9,,TOTAL,PSE,99,1321.0
082079,2024,istruzione,M,Y_GE9,,TOTAL,PSE,99,1281.0
082079,2018,istruzione,M,Y_GE9,,TOTAL,RDD,99,8.0
082079,2019,istruzione,M,Y_GE9,,TOTAL,RDD,99,6.0
082079,2020,istruzione,M,Y_GE9,,TOTAL,RDD,99,4.0
082079,2021,istruzione,M,Y_GE9,,TOTAL,RDD,99,5.0
082079,2022,istruzione,M,Y_GE9,,TOTAL,RDD,99,11.0
082079,2023,istruzione,M,Y_GE9,,TOTAL,RDD,99,9.0
082079,2024,istruzione,M,Y_GE9,,TOTAL,RDD,99,13.0
082079,2018,istruzione,M,Y_GE9,,TOTAL,USE_IF,99,2325.0
082079,2019,istruzione,M,Y_GE9,,TOTAL,USE_IF,99,2372.0
082079,2020,istruzione,M,Y_GE9,,TOTAL,USE_IF,99,2429.0
082079,2021,istruzione,M,Y_GE9,,TOTAL,USE_IF,99,2562.0
082079,2022,istruzione,M,Y_GE9,,TOTAL,USE_IF,99,2571.0
082079,2023,istruzione,M,Y_GE9,,TOTAL,USE_IF,99,2526.0
082079,2024,istruzione,M,Y_GE9,,TOTAL,USE_IF,99,2549.0
082079,2018,istruzione,M,Y25-49,,TOTAL,ALL,99,3397.0
082079,2019,istruzione,M,Y25-49,,TOTAL,ALL,99,3341.0
082079,2020,istruzione,M,Y25-49,,TOTAL,ALL,99,3259.0
082079,2021,istruzione,M,Y25-49,,TOTAL,ALL,99,3264.0
082079,2022,istruzione,M,Y25-49,,TOTAL,ALL,99,3160.0
082079,2023,istruzione,M,Y25-49,,TOTAL,ALL,99,3052.0
082079,2024,istruzione,M,Y25-49,,TOTAL,ALL,99,2990.0
082079,2018,istruzione,M,Y25-49,,TOTAL,BL,99,92.0
082079,2019,istruzione,M,Y25-49,,TOTAL,BL,99,115.0
082079,2020,istruzione,M,Y25-49,,TOTAL,BL,99,132.0
082079,2021,istruzione,M,Y25-49,,TOTAL,BL,99,132.0
082079,2022,istruzione,M,Y25-49,,TOTAL,BL,99,129.0
082079,2023,istruzione,M,Y25-49,,TOTAL,BL,99,110.0
082079,2024,istruzione,M,Y25-49,,TOTAL,BL,99,121.0
082079,2018,istruzione,M,Y25-49,,TOTAL,LSE,99,1544.0
082079,2019,istruzione,M,Y25-49,,TOTAL,LSE,99,1475.0
082079,2020,istruzione,M,Y25-49,,TOTAL,LSE,99,1363.0
082079,2021,istruzione,M,Y25-49,,TOTAL,LSE,99,1329.0
082079,2022,istruzione,M,Y25-49,,TOTAL,LSE,99,1287.0
082079,2023,istruzione,M,Y25-49,,TOTAL,LSE,99,1255.0
082079,2024,istruzione,M,Y25-49,,TOTAL,LSE,99,1224.0
082079,2018,istruzione,M,Y25-49,,TOTAL,ML_RDD,99,184.0
082079,2019,istruzione,M,Y25-49,,TOTAL,ML_RDD,99,175.0
082079,2020,istruzione,M,Y25-49,,TOTAL,ML_RDD,99,196.0
082079,2021,istruzione,M,Y25-49,,TOTAL,ML_RDD,99,203.0
082079,2022,istruzione,M,Y25-49,,TOTAL,ML_RDD,99,210.0
082079,2023,istruzione,M,Y25-49,,TOTAL,ML_RDD,99,209.0
082079,2024,istruzione,M,Y25-49,,TOTAL,ML_RDD,99,201.0
082079,2018,istruzione,M,Y25-49,,TOTAL,NED,99,41.0
082079,2019,istruzione,M,Y25-49,,TOTAL,NED,99,38.0
082079,2020,istruzione,M,Y25-49,,TOTAL,NED,99,32.0
082079,2021,istruzione,M,Y25-49,,TOTAL,NED,99,27.0
082079,2022,istruzione,M,Y25-49,,TOTAL,NED,99,28.0
082079,2023,istruzione,M,Y25-49,,TOTAL,NED,99,28.0
082079,2024,istruzione,M,Y25-49,,TOTAL,NED,99,26.0
082079,2018,istruzione,M,Y25-49,,TOTAL,PSE,99,227.0
082079,2019,istruzione,M,Y25-49,,TOTAL,PSE,99,225.0
082079,2020,istruzione,M,Y25-49,,TOTAL,PSE,99,212.0
082079,2021,istruzione,M,Y25-49,,TOTAL,PSE,99,208.0
082079,2022,istruzione,M,Y25-49,,TOTAL,PSE,99,167.0
082079,2023,istruzione,M,Y25-49,,TOTAL,PSE,99,142.0
082079,2024,istruzione,M,Y25-49,,TOTAL,PSE,99,126.0
082079,2018,istruzione,M,Y25-49,,TOTAL,USE_IF,99,1309.0
082079,2019,istruzione,M,Y25-49,,TOTAL,USE_IF,99,1313.0
082079,2020,istruzione,M,Y25-49,,TOTAL,USE_IF,99,1324.0
082079,2021,istruzione,M,Y25-49,,TOTAL,USE_IF,99,1365.0
082079,2022,istruzione,M,Y25-49,,TOTAL,USE_IF,99,1339.0
082079,2023,istruzione,M,Y25-49,,TOTAL,USE_IF,99,1308.0
082079,2024,istruzione,M,Y25-49,,TOTAL,USE_IF,99,1292.0
082079,2018,istruzione,M,Y50-64,,TOTAL,ALL,99,1860.0
082079,2019,istruzione,M,Y50-64,,TOTAL,ALL,99,1908.0
082079,2020,istruzione,M,Y50-64,,TOTAL,ALL,99,1960.0
082079,2021,istruzione,M,Y50-64,,TOTAL,ALL,99,2035.0
082079,2022,istruzione,M,Y50-64,,TOTAL,ALL,99,2034.0
082079,2023,istruzione,M,Y50-64,,TOTAL,ALL,99,2031.0
082079,2024,istruzione,M,Y50-64,,TOTAL,ALL,99,2032.0
082079,2018,istruzione,M,Y50-64,,TOTAL,BL,99,22.0
082079,2019,istruzione,M,Y50-64,,TOTAL,BL,99,23.0
082079,2020,istruzione,M,Y50-64,,TOTAL,BL,99,21.0
082079,2021,istruzione,M,Y50-64,,TOTAL,BL,99,20.0
082079,2022,istruzione,M,Y50-64,,TOTAL,BL,99,26.0
082079,2023,istruzione,M,Y50-64,,TOTAL,BL,99,38.0
082079,2024,istruzione,M,Y50-64,,TOTAL,BL,99,38.0
082079,2018,istruzione,M,Y50-64,,TOTAL,LSE,99,942.0
082079,2019,istruzione,M,Y50-64,,TOTAL,LSE,99,980.0
082079,2020,istruzione,M,Y50-64,,TOTAL,LSE,99,986.0
082079,2021,istruzione,M,Y50-64,,TOTAL,LSE,99,1036.0
082079,2022,istruzione,M,Y50-64,,TOTAL,LSE,99,1033.0
082079,2023,istruzione,M,Y50-64,,TOTAL,LSE,99,1050.0
082079,2024,istruzione,M,Y50-64,,TOTAL,LSE,99,1060.0
082079,2018,istruzione,M,Y50-64,,TOTAL,ML_RDD,99,78.0
082079,2019,istruzione,M,Y50-64,,TOTAL,ML_RDD,99,84.0
082079,2020,istruzione,M,Y50-64,,TOTAL,ML_RDD,99,97.0
082079,2021,istruzione,M,Y50-64,,TOTAL,ML_RDD,99,95.0
082079,2022,istruzione,M,Y50-64,,TOTAL,ML_RDD,99,95.0
082079,2023,istruzione,M,Y50-64,,TOTAL,ML_RDD,99,89.0
082079,2024,istruzione,M,Y50-64,,TOTAL,ML_RDD,99,90.0
082079,2018,istruzione,M,Y50-64,,TOTAL,NED,99,64.0
082079,2019,istruzione,M,Y50-64,,TOTAL,NED,99,65.0
082079,2020,istruzione,M,Y50-64,,TOTAL,NED,99,56.0
082079,2021,istruzione,M,Y50-64,,TOTAL,NED,99,55.0
082079,2022,istruzione,M,Y50-64,,TOTAL,NED,99,58.0
082079,2023,istruzione,M,Y50-64,,TOTAL,NED,99,56.0
082079,2024,istruzione,M,Y50-64,,TOTAL,NED,99,46.0
082079,2018,istruzione,M,Y50-64,,TOTAL,PSE,99,294.0
082079,2019,istruzione,M,Y50-64,,TOTAL,PSE,99,270.0
082079,2020,istruzione,M,Y50-64,,TOTAL,PSE,99,289.0
082079,2021,istruzione,M,Y50-64,,TOTAL,PSE,99,282.0
082079,2022,istruzione,M,Y50-64,,TOTAL,PSE,99,284.0
082079,2023,istruzione,M,Y50-64,,TOTAL,PSE,99,279.0
082079,2024,istruzione,M,Y50-64,,TOTAL,PSE,99,263.0
082079,2018,istruzione,M,Y50-64,,TOTAL,USE_IF,99,460.0
082079,2019,istruzione,M,Y50-64,,TOTAL,USE_IF,99,486.0
082079,2020,istruzione,M,Y50-64,,TOTAL,USE_IF,99,511.0
082079,2021,istruzione,M,Y50-64,,TOTAL,USE_IF,99,547.0
082079,2022,istruzione,M,Y50-64,,TOTAL,USE_IF,99,538.0
082079,2023,istruzione,M,Y50-64,,TOTAL,USE_IF,99,519.0
082079,2024,istruzione,M,Y50-64,,TOTAL,USE_IF,99,535.0
082079,2018,istruzione,M,Y9-24,,TOTAL,ALL,99,1916.0
082079,2019,istruzione,M,Y9-24,,TOTAL,ALL,99,1933.0
082079,2020,istruzione,M,Y9-24,,TOTAL,ALL,99,1909.0
082079,2021,istruzione,M,Y9-24,,TOTAL,ALL,99,1928.0
082079,2022,istruzione,M,Y9-24,,TOTAL,ALL,99,1917.0
082079,2023,istruzione,M,Y9-24,,TOTAL,ALL,99,1928.0
082079,2024,istruzione,M,Y9-24,,TOTAL,ALL,99,1885.0
082079,2018,istruzione,M,Y9-24,,TOTAL,BL,99,26.0
082079,2019,istruzione,M,Y9-24,,TOTAL,BL,99,21.0
082079,2020,istruzione,M,Y9-24,,TOTAL,BL,99,25.0
082079,2021,istruzione,M,Y9-24,,TOTAL,BL,99,20.0
082079,2022,istruzione,M,Y9-24,,TOTAL,BL,99,22.0
082079,2023,istruzione,M,Y9-24,,TOTAL,BL,99,30.0
082079,2024,istruzione,M,Y9-24,,TOTAL,BL,99,31.0
082079,2018,istruzione,M,Y9-24,,TOTAL,LSE,99,841.0
082079,2019,istruzione,M,Y9-24,,TOTAL,LSE,99,871.0
082079,2020,istruzione,M,Y9-24,,TOTAL,LSE,99,810.0
082079,2021,istruzione,M,Y9-24,,TOTAL,LSE,99,769.0
082079,2022,istruzione,M,Y9-24,,TOTAL,LSE,99,785.0
082079,2023,istruzione,M,Y9-24,,TOTAL,LSE,99,798.0
082079,2024,istruzione,M,Y9-24,,TOTAL,LSE,99,784.0
082079,2018,istruzione,M,Y9-24,,TOTAL,ML_RDD,99,6.0
082079,2019,istruzione,M,Y9-24,,TOTAL,ML_RDD,99,1.0
082079,2020,istruzione,M,Y9-24,,TOTAL,ML_RDD,99,3.0
082079,2021,istruzione,M,Y9-24,,TOTAL,ML_RDD,99,8.0
082079,2022,istruzione,M,Y9-24,,TOTAL,ML_RDD,99,5.0
082079,2023,istruzione,M,Y9-24,,TOTAL,ML_RDD,99,4.0
082079,2024,istruzione,M,Y9-24,,TOTAL,ML_RDD,99,3.0
082079,2018,istruzione,M,Y9-24,,TOTAL,NED,99,242.0
082079,2019,istruzione,M,Y9-24,,TOTAL,NED,99,253.0
082079,2020,istruzione,M,Y9-24,,TOTAL,NED,99,238.0
082079,2021,istruzione,M,Y9-24,,TOTAL,NED,99,251.0
082079,2022,istruzione,M,Y9-24,,TOTAL,NED,99,234.0
082079,2023,istruzione,M,Y9-24,,TOTAL,NED,99,222.0
082079,2024,istruzione,M,Y9-24,,TOTAL,NED,99,208.0
082079,2018,istruzione,M,Y9-24,,TOTAL,PSE,99,391.0
082079,2019,istruzione,M,Y9-24,,TOTAL,PSE,99,386.0
082079,2020,istruzione,M,Y9-24,,TOTAL,PSE,99,425.0
082079,2021,istruzione,M,Y9-24,,TOTAL,PSE,99,431.0
082079,2022,istruzione,M,Y9-24,,TOTAL,PSE,99,409.0
082079,2023,istruzione,M,Y9-24,,TOTAL,PSE,99,408.0
082079,2024,istruzione,M,Y9-24,,TOTAL,PSE,99,395.0
082079,2018,istruzione,M,Y9-24,,TOTAL,USE_IF,99,410.0
082079,2019,istruzione,M,Y9-24,,TOTAL,USE_IF,99,401.0
082079,2020,istruzione,M,Y9-24,,TOTAL,USE_IF,99,408.0
082079,2021,istruzione,M,Y9-24,,TOTAL,USE_IF,99,449.0
082079,2022,istruzione,M,Y9-24,,TOTAL,USE_IF,99,462.0
082079,2023,istruzione,M,Y9-24,,TOTAL,USE_IF,99,466.0
082079,2024,istruzione,M,Y9-24,,TOTAL,USE_IF,99,464.0
082079,2018,istruzione,T,Y_GE65,,TOTAL,ALL,99,2878.0
082079,2019,istruzione,T,Y_GE65,,TOTAL,ALL,99,2985.0
082079,2020,istruzione,T,Y_GE65,,TOTAL,ALL,99,3102.0
082079,2021,istruzione,T,Y_GE65,,TOTAL,ALL,99,3116.0
082079,2022,istruzione,T,Y_GE65,,TOTAL,ALL,99,3208.0
082079,2023,istruzione,T,Y_GE65,,TOTAL,ALL,99,3282.0
082079,2024,istruzione,T,Y_GE65,,TOTAL,ALL,99,3443.0
082079,2018,istruzione,T,Y_GE65,,TOTAL,BL,99,8.0
082079,2019,istruzione,T,Y_GE65,,TOTAL,BL,99,5.0
082079,2020,istruzione,T,Y_GE65,,TOTAL,BL,99,8.0
082079,2021,istruzione,T,Y_GE65,,TOTAL,BL,99,8.0
082079,2022,istruzione,T,Y_GE65,,TOTAL,BL,99,9.0
082079,2023,istruzione,T,Y_GE65,,TOTAL,BL,99,15.0
082079,2024,istruzione,T,Y_GE65,,TOTAL,BL,99,18.0
082079,2018,istruzione,T,Y_GE65,,TOTAL,LSE,99,725.0
082079,2019,istruzione,T,Y_GE65,,TOTAL,LSE,99,762.0
082079,2020,istruzione,T,Y_GE65,,TOTAL,LSE,99,859.0
082079,2021,istruzione,T,Y_GE65,,TOTAL,LSE,99,941.0
082079,2022,istruzione,T,Y_GE65,,TOTAL,LSE,99,957.0
082079,2023,istruzione,T,Y_GE65,,TOTAL,LSE,99,1017.0
082079,2024,istruzione,T,Y_GE65,,TOTAL,LSE,99,1103.0
082079,2018,istruzione,T,Y_GE65,,TOTAL,ML_RDD,99,60.0
082079,2019,istruzione,T,Y_GE65,,TOTAL,ML_RDD,99,77.0
082079,2020,istruzione,T,Y_GE65,,TOTAL,ML_RDD,99,90.0
082079,2021,istruzione,T,Y_GE65,,TOTAL,ML_RDD,99,98.0
082079,2022,istruzione,T,Y_GE65,,TOTAL,ML_RDD,99,105.0
082079,2023,istruzione,T,Y_GE65,,TOTAL,ML_RDD,99,107.0
082079,2024,istruzione,T,Y_GE65,,TOTAL,ML_RDD,99,113.0
082079,2018,istruzione,T,Y_GE65,,TOTAL,NED,99,476.0
082079,2019,istruzione,T,Y_GE65,,TOTAL,NED,99,470.0
082079,2020,istruzione,T,Y_GE65,,TOTAL,NED,99,431.0
082079,2021,istruzione,T,Y_GE65,,TOTAL,NED,99,362.0
082079,2022,istruzione,T,Y_GE65,,TOTAL,NED,99,326.0
082079,2023,istruzione,T,Y_GE65,,TOTAL,NED,99,384.0
082079,2024,istruzione,T,Y_GE65,,TOTAL,NED,99,377.0
082079,2018,istruzione,T,Y_GE65,,TOTAL,PSE,99,1343.0
082079,2019,istruzione,T,Y_GE65,,TOTAL,PSE,99,1364.0
082079,2020,istruzione,T,Y_GE65,,TOTAL,PSE,99,1381.0
082079,2021,istruzione,T,Y_GE65,,TOTAL,PSE,99,1354.0
082079,2022,istruzione,T,Y_GE65,,TOTAL,PSE,99,1387.0
082079,2023,istruzione,T,Y_GE65,,TOTAL,PSE,99,1335.0
082079,2024,istruzione,T,Y_GE65,,TOTAL,PSE,99,1357.0
082079,2018,istruzione,T,Y_GE65,,TOTAL,USE_IF,99,266.0
082079,2019,istruzione,T,Y_GE65,,TOTAL,USE_IF,99,307.0
082079,2020,istruzione,T,Y_GE65,,TOTAL,USE_IF,99,333.0
082079,2021,istruzione,T,Y_GE65,,TOTAL,USE_IF,99,353.0
082079,2022,istruzione,T,Y_GE65,,TOTAL,USE_IF,99,424.0
082079,2023,istruzione,T,Y_GE65,,TOTAL,USE_IF,99,424.0
082079,2024,istruzione,T,Y_GE65,,TOTAL,USE_IF,99,475.0
082079,2018,istruzione,T,Y_GE9,,TOTAL,ALL,99,17459.0
082079,2019,istruzione,T,Y_GE9,,TOTAL,ALL,99,17499.0
082079,2020,istruzione,T,Y_GE9,,TOTAL,ALL,99,17492.0
082079,2021,istruzione,T,Y_GE9,,TOTAL,ALL,99,17666.0
082079,2022,istruzione,T,Y_GE9,,TOTAL,ALL,99,17598.0
082079,2023,istruzione,T,Y_GE9,,TOTAL,ALL,99,17517.0
082079,2024,istruzione,T,Y_GE9,,TOTAL,ALL,99,17525.0
082079,2018,istruzione,T,Y_GE9,,TOTAL,BL,99,349.0
082079,2019,istruzione,T,Y_GE9,,TOTAL,BL,99,367.0
082079,2020,istruzione,T,Y_GE9,,TOTAL,BL,99,389.0
082079,2021,istruzione,T,Y_GE9,,TOTAL,BL,99,413.0
082079,2022,istruzione,T,Y_GE9,,TOTAL,BL,99,414.0
082079,2023,istruzione,T,Y_GE9,,TOTAL,BL,99,407.0
082079,2024,istruzione,T,Y_GE9,,TOTAL,BL,99,448.0
082079,2018,istruzione,T,Y_GE9,,TOTAL,IL,99,230.0
082079,2019,istruzione,T,Y_GE9,,TOTAL,IL,99,222.0
082079,2020,istruzione,T,Y_GE9,,TOTAL,IL,99,185.0
082079,2021,istruzione,T,Y_GE9,,TOTAL,IL,99,178.0
082079,2022,istruzione,T,Y_GE9,,TOTAL,IL,99,156.0
082079,2023,istruzione,T,Y_GE9,,TOTAL,IL,99,186.0
082079,2024,istruzione,T,Y_GE9,,TOTAL,IL,99,179.0
082079,2018,istruzione,T,Y_GE9,,TOTAL,LBNA,99,957.0
082079,2019,istruzione,T,Y_GE9,,TOTAL,LBNA,99,937.0
082079,2020,istruzione,T,Y_GE9,,TOTAL,LBNA,99,890.0
082079,2021,istruzione,T,Y_GE9,,TOTAL,LBNA,99,834.0
082079,2022,istruzione,T,Y_GE9,,TOTAL,LBNA,99,760.0
082079,2023,istruzione,T,Y_GE9,,TOTAL,LBNA,99,807.0
082079,2024,istruzione,T,Y_GE9,,TOTAL,LBNA,99,781.0
082079,2018,istruzione,T,Y_GE9,,TOTAL,LSE,99,7200.0
082079,2019,istruzione,T,Y_GE9,,TOTAL,LSE,99,7241.0
082079,2020,istruzione,T,Y_GE9,,TOTAL,LSE,99,7055.0
082079,2021,istruzione,T,Y_GE9,,TOTAL,LSE,99,7147.0
082079,2022,istruzione,T,Y_GE9,,TOTAL,LSE,99,7107.0
082079,2023,istruzione,T,Y_GE9,,TOTAL,LSE,99,7197.0
082079,2024,istruzione,T,Y_GE9,,TOTAL,LSE,99,7216.0
082079,2018,istruzione,T,Y_GE9,,TOTAL,ML,99,689.0
082079,2019,istruzione,T,Y_GE9,,TOTAL,ML,99,702.0
082079,2020,istruzione,T,Y_GE9,,TOTAL,ML,99,784.0
082079,2021,istruzione,T,Y_GE9,,TOTAL,ML,99,818.0
082079,2022,istruzione,T,Y_GE9,,TOTAL,ML,99,861.0
082079,2023,istruzione,T,Y_GE9,,TOTAL,ML,99,837.0
082079,2024,istruzione,T,Y_GE9,,TOTAL,ML,99,824.0
082079,2018,istruzione,T,Y_GE9,,TOTAL,ML_RDD,99,713.0
082079,2019,istruzione,T,Y_GE9,,TOTAL,ML_RDD,99,720.0
082079,2020,istruzione,T,Y_GE9,,TOTAL,ML_RDD,99,805.0
082079,2021,istruzione,T,Y_GE9,,TOTAL,ML_RDD,99,833.0
082079,2022,istruzione,T,Y_GE9,,TOTAL,ML_RDD,99,882.0
082079,2023,istruzione,T,Y_GE9,,TOTAL,ML_RDD,99,863.0
082079,2024,istruzione,T,Y_GE9,,TOTAL,ML_RDD,99,853.0
082079,2018,istruzione,T,Y_GE9,,TOTAL,NED,99,1187.0
082079,2019,istruzione,T,Y_GE9,,TOTAL,NED,99,1159.0
082079,2020,istruzione,T,Y_GE9,,TOTAL,NED,99,1075.0
082079,2021,istruzione,T,Y_GE9,,TOTAL,NED,99,1012.0
082079,2022,istruzione,T,Y_GE9,,TOTAL,NED,99,916.0
082079,2023,istruzione,T,Y_GE9,,TOTAL,NED,99,993.0
082079,2024,istruzione,T,Y_GE9,,TOTAL,NED,99,960.0
082079,2018,istruzione,T,Y_GE9,,TOTAL,PSE,99,3368.0
082079,2019,istruzione,T,Y_GE9,,TOTAL,PSE,99,3338.0
082079,2020,istruzione,T,Y_GE9,,TOTAL,PSE,99,3358.0
082079,2021,istruzione,T,Y_GE9,,TOTAL,PSE,99,3297.0
082079,2022,istruzione,T,Y_GE9,,TOTAL,PSE,99,3229.0
082079,2023,istruzione,T,Y_GE9,,TOTAL,PSE,99,3148.0
082079,2024,istruzione,T,Y_GE9,,TOTAL,PSE,99,3082.0
082079,2018,istruzione,T,Y_GE9,,TOTAL,RDD,99,24.0
082079,2019,istruzione,T,Y_GE9,,TOTAL,RDD,99,18.0
082079,2020,istruzione,T,Y_GE9,,TOTAL,RDD,99,21.0
082079,2021,istruzione,T,Y_GE9,,TOTAL,RDD,99,15.0
082079,2022,istruzione,T,Y_GE9,,TOTAL,RDD,99,21.0
082079,2023,istruzione,T,Y_GE9,,TOTAL,RDD,99,26.0
082079,2024,istruzione,T,Y_GE9,,TOTAL,RDD,99,29.0
082079,2018,istruzione,T,Y_GE9,,TOTAL,USE_IF,99,4643.0
082079,2019,istruzione,T,Y_GE9,,TOTAL,USE_IF,99,4675.0
082079,2020,istruzione,T,Y_GE9,,TOTAL,USE_IF,99,4810.0
082079,2021,istruzione,T,Y_GE9,,TOTAL,USE_IF,99,4964.0
082079,2022,istruzione,T,Y_GE9,,TOTAL,USE_IF,99,5050.0
082079,2023,istruzione,T,Y_GE9,,TOTAL,USE_IF,99,4909.0
082079,2024,istruzione,T,Y_GE9,,TOTAL,USE_IF,99,4966.0
082079,2018,istruzione,T,Y25-49,,TOTAL,ALL,99,6981.0
082079,2019,istruzione,T,Y25-49,,TOTAL,ALL,99,6867.0
082079,2020,istruzione,T,Y25-49,,TOTAL,ALL,99,6749.0
082079,2021,istruzione,T,Y25-49,,TOTAL,ALL,99,6740.0
082079,2022,istruzione,T,Y25-49,,TOTAL,ALL,99,6555.0
082079,2023,istruzione,T,Y25-49,,TOTAL,ALL,99,6354.0
082079,2024,istruzione,T,Y25-49,,TOTAL,ALL,99,6211.0
082079,2018,istruzione,T,Y25-49,,TOTAL,BL,99,248.0
082079,2019,istruzione,T,Y25-49,,TOTAL,BL,99,269.0
082079,2020,istruzione,T,Y25-49,,TOTAL,BL,99,281.0
082079,2021,istruzione,T,Y25-49,,TOTAL,BL,99,298.0
082079,2022,istruzione,T,Y25-49,,TOTAL,BL,99,293.0
082079,2023,istruzione,T,Y25-49,,TOTAL,BL,99,264.0
082079,2024,istruzione,T,Y25-49,,TOTAL,BL,99,290.0
082079,2018,istruzione,T,Y25-49,,TOTAL,LSE,99,3043.0
082079,2019,istruzione,T,Y25-49,,TOTAL,LSE,99,2985.0
082079,2020,istruzione,T,Y25-49,,TOTAL,LSE,99,2814.0
082079,2021,istruzione,T,Y25-49,,TOTAL,LSE,99,2720.0
082079,2022,istruzione,T,Y25-49,,TOTAL,LSE,99,2627.0
082079,2023,istruzione,T,Y25-49,,TOTAL,LSE,99,2569.0
082079,2024,istruzione,T,Y25-49,,TOTAL,LSE,99,2486.0
082079,2018,istruzione,T,Y25-49,,TOTAL,ML_RDD,99,485.0
082079,2019,istruzione,T,Y25-49,,TOTAL,ML_RDD,99,478.0
082079,2020,istruzione,T,Y25-49,,TOTAL,ML_RDD,99,535.0
082079,2021,istruzione,T,Y25-49,,TOTAL,ML_RDD,99,556.0
082079,2022,istruzione,T,Y25-49,,TOTAL,ML_RDD,99,574.0
082079,2023,istruzione,T,Y25-49,,TOTAL,ML_RDD,99,552.0
082079,2024,istruzione,T,Y25-49,,TOTAL,ML_RDD,99,542.0
082079,2018,istruzione,T,Y25-49,,TOTAL,NED,99,84.0
082079,2019,istruzione,T,Y25-49,,TOTAL,NED,99,71.0
082079,2020,istruzione,T,Y25-49,,TOTAL,NED,99,54.0
082079,2021,istruzione,T,Y25-49,,TOTAL,NED,99,49.0
082079,2022,istruzione,T,Y25-49,,TOTAL,NED,99,48.0
082079,2023,istruzione,T,Y25-49,,TOTAL,NED,99,60.0
082079,2024,istruzione,T,Y25-49,,TOTAL,NED,99,55.0
082079,2018,istruzione,T,Y25-49,,TOTAL,PSE,99,476.0
082079,2019,istruzione,T,Y25-49,,TOTAL,PSE,99,452.0
082079,2020,istruzione,T,Y25-49,,TOTAL,PSE,99,421.0
082079,2021,istruzione,T,Y25-49,,TOTAL,PSE,99,404.0
082079,2022,istruzione,T,Y25-49,,TOTAL,PSE,99,331.0
082079,2023,istruzione,T,Y25-49,,TOTAL,PSE,99,303.0
082079,2024,istruzione,T,Y25-49,,TOTAL,PSE,99,275.0
082079,2018,istruzione,T,Y25-49,,TOTAL,USE_IF,99,2645.0
082079,2019,istruzione,T,Y25-49,,TOTAL,USE_IF,99,2612.0
082079,2020,istruzione,T,Y25-49,,TOTAL,USE_IF,99,2644.0
082079,2021,istruzione,T,Y25-49,,TOTAL,USE_IF,99,2713.0
082079,2022,istruzione,T,Y25-49,,TOTAL,USE_IF,99,2682.0
082079,2023,istruzione,T,Y25-49,,TOTAL,USE_IF,99,2606.0
082079,2024,istruzione,T,Y25-49,,TOTAL,USE_IF,99,2563.0
082079,2018,istruzione,T,Y50-64,,TOTAL,ALL,99,3782.0
082079,2019,istruzione,T,Y50-64,,TOTAL,ALL,99,3863.0
082079,2020,istruzione,T,Y50-64,,TOTAL,ALL,99,3897.0
082079,2021,istruzione,T,Y50-64,,TOTAL,ALL,99,4029.0
082079,2022,istruzione,T,Y50-64,,TOTAL,ALL,99,4103.0
082079,2023,istruzione,T,Y50-64,,TOTAL,ALL,99,4148.0
082079,2024,istruzione,T,Y50-64,,TOTAL,ALL,99,4195.0
082079,2018,istruzione,T,Y50-64,,TOTAL,BL,99,41.0
082079,2019,istruzione,T,Y50-64,,TOTAL,BL,99,39.0
082079,2020,istruzione,T,Y50-64,,TOTAL,BL,99,41.0
082079,2021,istruzione,T,Y50-64,,TOTAL,BL,99,47.0
082079,2022,istruzione,T,Y50-64,,TOTAL,BL,99,56.0
082079,2023,istruzione,T,Y50-64,,TOTAL,BL,99,63.0
082079,2024,istruzione,T,Y50-64,,TOTAL,BL,99,64.0
082079,2018,istruzione,T,Y50-64,,TOTAL,LSE,99,1787.0
082079,2019,istruzione,T,Y50-64,,TOTAL,LSE,99,1841.0
082079,2020,istruzione,T,Y50-64,,TOTAL,LSE,99,1855.0
082079,2021,istruzione,T,Y50-64,,TOTAL,LSE,99,2005.0
082079,2022,istruzione,T,Y50-64,,TOTAL,LSE,99,2001.0
082079,2023,istruzione,T,Y50-64,,TOTAL,LSE,99,2051.0
082079,2024,istruzione,T,Y50-64,,TOTAL,LSE,99,2097.0
082079,2018,istruzione,T,Y50-64,,TOTAL,ML_RDD,99,154.0
082079,2019,istruzione,T,Y50-64,,TOTAL,ML_RDD,99,161.0
082079,2020,istruzione,T,Y50-64,,TOTAL,ML_RDD,99,175.0
082079,2021,istruzione,T,Y50-64,,TOTAL,ML_RDD,99,165.0
082079,2022,istruzione,T,Y50-64,,TOTAL,ML_RDD,99,187.0
082079,2023,istruzione,T,Y50-64,,TOTAL,ML_RDD,99,184.0
082079,2024,istruzione,T,Y50-64,,TOTAL,ML_RDD,99,185.0
082079,2018,istruzione,T,Y50-64,,TOTAL,NED,99,152.0
082079,2019,istruzione,T,Y50-64,,TOTAL,NED,99,139.0
082079,2020,istruzione,T,Y50-64,,TOTAL,NED,99,125.0
082079,2021,istruzione,T,Y50-64,,TOTAL,NED,99,113.0
082079,2022,istruzione,T,Y50-64,,TOTAL,NED,99,115.0
082079,2023,istruzione,T,Y50-64,,TOTAL,NED,99,119.0
082079,2024,istruzione,T,Y50-64,,TOTAL,NED,99,106.0
082079,2018,istruzione,T,Y50-64,,TOTAL,PSE,99,784.0
082079,2019,istruzione,T,Y50-64,,TOTAL,PSE,99,767.0
082079,2020,istruzione,T,Y50-64,,TOTAL,PSE,99,743.0
082079,2021,istruzione,T,Y50-64,,TOTAL,PSE,99,715.0
082079,2022,istruzione,T,Y50-64,,TOTAL,PSE,99,713.0
082079,2023,istruzione,T,Y50-64,,TOTAL,PSE,99,732.0
082079,2024,istruzione,T,Y50-64,,TOTAL,PSE,99,696.0
082079,2018,istruzione,T,Y50-64,,TOTAL,USE_IF,99,864.0
082079,2019,istruzione,T,Y50-64,,TOTAL,USE_IF,99,916.0
082079,2020,istruzione,T,Y50-64,,TOTAL,USE_IF,99,958.0
082079,2021,istruzione,T,Y50-64,,TOTAL,USE_IF,99,984.0
082079,2022,istruzione,T,Y50-64,,TOTAL,USE_IF,99,1031.0
082079,2023,istruzione,T,Y50-64,,TOTAL,USE_IF,99,999.0
082079,2024,istruzione,T,Y50-64,,TOTAL,USE_IF,99,1047.0
082079,2018,istruzione,T,Y9-24,,TOTAL,ALL,99,3818.0
082079,2019,istruzione,T,Y9-24,,TOTAL,ALL,99,3784.0
082079,2020,istruzione,T,Y9-24,,TOTAL,ALL,99,3744.0
082079,2021,istruzione,T,Y9-24,,TOTAL,ALL,99,3781.0
082079,2022,istruzione,T,Y9-24,,TOTAL,ALL,99,3732.0
082079,2023,istruzione,T,Y9-24,,TOTAL,ALL,99,3733.0
082079,2024,istruzione,T,Y9-24,,TOTAL,ALL,99,3676.0
082079,2018,istruzione,T,Y9-24,,TOTAL,BL,99,51.0
082079,2019,istruzione,T,Y9-24,,TOTAL,BL,99,54.0
082079,2020,istruzione,T,Y9-24,,TOTAL,BL,99,59.0
082079,2021,istruzione,T,Y9-24,,TOTAL,BL,99,60.0
082079,2022,istruzione,T,Y9-24,,TOTAL,BL,99,56.0
082079,2023,istruzione,T,Y9-24,,TOTAL,BL,99,65.0
082079,2024,istruzione,T,Y9-24,,TOTAL,BL,99,76.0
082079,2018,istruzione,T,Y9-24,,TOTAL,LSE,99,1645.0
082079,2019,istruzione,T,Y9-24,,TOTAL,LSE,99,1653.0
082079,2020,istruzione,T,Y9-24,,TOTAL,LSE,99,1527.0
082079,2021,istruzione,T,Y9-24,,TOTAL,LSE,99,1481.0
082079,2022,istruzione,T,Y9-24,,TOTAL,LSE,99,1522.0
082079,2023,istruzione,T,Y9-24,,TOTAL,LSE,99,1560.0
082079,2024,istruzione,T,Y9-24,,TOTAL,LSE,99,1530.0
082079,2018,istruzione,T,Y9-24,,TOTAL,ML_RDD,99,14.0
082079,2019,istruzione,T,Y9-24,,TOTAL,ML_RDD,99,3.0
082079,2020,istruzione,T,Y9-24,,TOTAL,ML_RDD,99,5.0
082079,2021,istruzione,T,Y9-24,,TOTAL,ML_RDD,99,14.0
082079,2022,istruzione,T,Y9-24,,TOTAL,ML_RDD,99,16.0
082079,2023,istruzione,T,Y9-24,,TOTAL,ML_RDD,99,20.0
082079,2024,istruzione,T,Y9-24,,TOTAL,ML_RDD,99,13.0
082079,2018,istruzione,T,Y9-24,,TOTAL,NED,99,475.0
082079,2019,istruzione,T,Y9-24,,TOTAL,NED,99,479.0
082079,2020,istruzione,T,Y9-24,,TOTAL,NED,99,465.0
082079,2021,istruzione,T,Y9-24,,TOTAL,NED,99,488.0
082079,2022,istruzione,T,Y9-24,,TOTAL,NED,99,427.0
082079,2023,istruzione,T,Y9-24,,TOTAL,NED,99,430.0
082079,2024,istruzione,T,Y9-24,,TOTAL,NED,99,422.0
082079,2018,istruzione,T,Y9-24,,TOTAL,PSE,99,765.0
082079,2019,istruzione,T,Y9-24,,TOTAL,PSE,99,755.0
082079,2020,istruzione,T,Y9-24,,TOTAL,PSE,99,813.0
082079,2021,istruzione,T,Y9-24,,TOTAL,PSE,99,824.0
082079,2022,istruzione,T,Y9-24,,TOTAL,PSE,99,798.0
082079,2023,istruzione,T,Y9-24,,TOTAL,PSE,99,778.0
082079,2024,istruzione,T,Y9-24,,TOTAL,PSE,99,754.0
082079,2018,istruzione,T,Y9-24,,TOTAL,USE_IF,99,868.0
082079,2019,istruzione,T,Y9-24,,TOTAL,USE_IF,99,840.0
082079,2020,istruzione,T,Y9-24,,TOTAL,USE_IF,99,875.0
082079,2021,istruzione,T,Y9-24,,TOTAL,USE_IF,99,914.0
082079,2022,istruzione,T,Y9-24,,TOTAL,USE_IF,99,913.0
082079,2023,istruzione,T,Y9-24,,TOTAL,USE_IF,99,880.0
082079,2024,istruzione,T,Y9-24,,TOTAL,USE_IF,99,881.0
