territorio,anno,genere,eta,eta_anni,stato_civile,cittadinanza,valore
082006,2018,F,TOTAL,,ALL,FRGAPO,269
082006,2019,F,TOTAL,,ALL,FRGAPO,312
082006,2020,F,TOTAL,,ALL,FRGAPO,305
082006,2021,F,TOTAL,,ALL,FRGAPO,299
082006,2022,F,TOTAL,,ALL,FRGAPO,330
082006,2023,F,TOTAL,,ALL,FRGAPO,344
082006,2024,F,TOTAL,,ALL,FRGAPO,374
082006,2018,F,TOTAL,,ALL,ITL,27263
082006,2019,F,TOTAL,,ALL,ITL,27062
082006,2020,F,TOTAL,,ALL,ITL,26923
082006,2021,F,TOTAL,,ALL,ITL,26950
082006,2022,F,TOTAL,,ALL,ITL,26891
082006,2023,F,TOTAL,,ALL,ITL,26791
082006,2024,F,TOTAL,,ALL,ITL,26799
082006,2018,F,TOTAL,,ALL,TOTAL,27532
082006,2019,F,TOTAL,,ALL,TOTAL,27374
082006,2020,F,TOTAL,,ALL,TOTAL,27228
082006,2021,F,TOTAL,,ALL,TOTAL,27249
082006,2022,F,TOTAL,,ALL,TOTAL,27221
082006,2023,F,TOTAL,,ALL,TOTAL,27135
082006,2024,F,TOTAL,,ALL,TOTAL,27173
082006,2018,F,Y_GE100,,ALL,ITL,8
082006,2019,F,Y_GE100,,ALL,ITL,5
082006,2020,F,Y_GE100,,ALL,ITL,9
082006,2021,F,Y_GE100,,ALL,ITL,11
082006,2022,F,Y_GE100,,ALL,ITL,11
082006,2023,F,Y_GE100,,ALL,ITL,14
082006,2024,F,Y_GE100,,ALL,ITL,12
082006,2018,F,Y_GE100,,ALL,TOTAL,8
082006,2019,F,Y_GE100,,ALL,TOTAL,5
082006,2020,F,Y_GE100,,ALL,TOTAL,9
082006,2021,F,Y_GE100,,ALL,TOTAL,11
082006,2022,F,Y_GE100,,ALL,TOTAL,11
082006,2023,F,Y_GE100,,ALL,TOTAL,14
082006,2024,F,Y_GE100,,ALL,TOTAL,12
082006,2021,F,Y0,0.0,ALL,FRGAPO,1
082006,2022,F,Y0,0.0,ALL,FRGAPO,5
082006,2023,F,Y0,0.0,ALL,FRGAPO,4
082006,2024,F,Y0,0.0,ALL,FRGAPO,5
082006,2021,F,Y0,0.0,ALL,ITL,200
082006,2022,F,Y0,0.0,ALL,ITL,220
082006,2023,F,Y0,0.0,ALL,ITL,194
082006,2024,F,Y0,0.0,ALL,ITL,203
082006,2021,F,Y0,0.0,ALL,TOTAL,201
082006,2022,F,Y0,0.0,ALL,TOTAL,225
082006,2023,F,Y0,0.0,ALL,TOTAL,198
082006,2024,F,Y0,0.0,ALL,TOTAL,208
082006,2021,F,Y1,1.0,ALL,FRGAPO,3
082006,2022,F,Y1,1.0,ALL,FRGAPO,2
082006,2023,F,Y1,1.0,ALL,FRGAPO,4
082006,2024,F,Y1,1.0,ALL,FRGAPO,4
082006,2021,F,Y1,1.0,ALL,ITL,240
082006,2022,F,Y1,1.0,ALL,ITL,198
082006,2023,F,Y1,1.0,ALL,ITL,217
082006,2024,F,Y1,1.0,ALL,ITL,194
082006,2021,F,Y1,1.0,ALL,TOTAL,243
082006,2022,F,Y1,1.0,ALL,TOTAL,200
082006,2023,F,Y1,1.0,ALL,TOTAL,221
082006,2024,F,Y1,1.0,ALL,TOTAL,198
082006,2021,F,Y10,10.0,ALL,FRGAPO,3
082006,2024,F,Y10,10.0,ALL,FRGAPO,4
082006,2021,F,Y10,10.0,ALL,ITL,266
082006,2022,F,Y10,10.0,ALL,ITL,257
082006,2023,F,Y10,10.0,ALL,ITL,214
082006,2024,F,Y10,10.0,ALL,ITL,250
082006,2021,F,Y10,10.0,ALL,TOTAL,269
082006,2022,F,Y10,10.0,ALL,TOTAL,257
082006,2023,F,Y10,10.0,ALL,TOTAL,214
082006,2024,F,Y10,10.0,ALL,TOTAL,254
082006,2022,F,Y11,11.0,ALL,FRGAPO,3
082006,2023,F,Y11,11.0,ALL,FRGAPO,1
082006,2024,F,Y11,11.0,ALL,FRGAPO,1
082006,2021,F,Y11,11.0,ALL,ITL,259
082006,2022,F,Y11,11.0,ALL,ITL,262
082006,2023,F,Y11,11.0,ALL,ITL,259
082006,2024,F,Y11,11.0,ALL,ITL,213
082006,2021,F,Y11,11.0,ALL,TOTAL,259
082006,2022,F,Y11,11.0,ALL,TOTAL,265
082006,2023,F,Y11,11.0,ALL,TOTAL,260
082006,2024,F,Y11,11.0,ALL,TOTAL,214
082006,2021,F,Y12,12.0,ALL,FRGAPO,1
082006,2023,F,Y12,12.0,ALL,FRGAPO,3
082006,2021,F,Y12,12.0,ALL,ITL,273
082006,2022,F,Y12,12.0,ALL,ITL,263
082006,2023,F,Y12,12.0,ALL,ITL,267
082006,2024,F,Y12,12.0,ALL,ITL,265
082006,2021,F,Y12,12.0,ALL,TOTAL,274
082006,2022,F,Y12,12.0,ALL,TOTAL,263
082006,2023,F,Y12,12.0,ALL,TOTAL,270
082006,2024,F,Y12,12.0,ALL,TOTAL,265
082006,2021,F,Y13,13.0,ALL,FRGAPO,4
082006,2022,F,Y13,13.0,ALL,FRGAPO,2
082006,2024,F,Y13,13.0,ALL,FRGAPO,3
082006,2021,F,Y13,13.0,ALL,ITL,297
082006,2022,F,Y13,13.0,ALL,ITL,270
082006,2023,F,Y13,13.0,ALL,ITL,262
082006,2024,F,Y13,13.0,ALL,ITL,266
082006,2021,F,Y13,13.0,ALL,TOTAL,301
082006,2022,F,Y13,13.0,ALL,TOTAL,272
082006,2023,F,Y13,13.0,ALL,TOTAL,262
082006,2024,F,Y13,13.0,ALL,TOTAL,269
082006,2021,F,Y14,14.0,ALL,FRGAPO,3
082006,2022,F,Y14,14.0,ALL,FRGAPO,4
082006,2023,F,Y14,14.0,ALL,FRGAPO,2
082006,2021,F,Y14,14.0,ALL,ITL,256
082006,2022,F,Y14,14.0,ALL,ITL,292
082006,2023,F,Y14,14.0,ALL,ITL,266
082006,2024,F,Y14,14.0,ALL,ITL,265
082006,2021,F,Y14,14.0,ALL,TOTAL,259
082006,2022,F,Y14,14.0,ALL,TOTAL,296
082006,2023,F,Y14,14.0,ALL,TOTAL,268
082006,2024,F,Y14,14.0,ALL,TOTAL,265
082006,2021,F,Y15,15.0,ALL,FRGAPO,2
082006,2022,F,Y15,15.0,ALL,FRGAPO,3
082006,2023,F,Y15,15.0,ALL,FRGAPO,6
082006,2024,F,Y15,15.0,ALL,FRGAPO,1
082006,2021,F,Y15,15.0,ALL,ITL,261
082006,2022,F,Y15,15.0,ALL,ITL,259
082006,2023,F,Y15,15.0,ALL,ITL,293
082006,2024,F,Y15,15.0,ALL,ITL,266
082006,2021,F,Y15,15.0,ALL,TOTAL,263
082006,2022,F,Y15,15.0,ALL,TOTAL,262
082006,2023,F,Y15,15.0,ALL,TOTAL,299
082006,2024,F,Y15,15.0,ALL,TOTAL,267
082006,2021,F,Y16,16.0,ALL,FRGAPO,2
082006,2022,F,Y16,16.0,ALL,FRGAPO,2
082006,2023,F,Y16,16.0,ALL,FRGAPO,3
082006,2024,F,Y16,16.0,ALL,FRGAPO,7
082006,2021,F,Y16,16.0,ALL,ITL,287
082006,2022,F,Y16,16.0,ALL,ITL,259
082006,2023,F,Y16,16.0,ALL,ITL,258
082006,2024,F,Y16,16.0,ALL,ITL,294
082006,2021,F,Y16,16.0,ALL,TOTAL,289
082006,2022,F,Y16,16.0,ALL,TOTAL,261
082006,2023,F,Y16,16.0,ALL,TOTAL,261
082006,2024,F,Y16,16.0,ALL,TOTAL,301
082006,2022,F,Y17,17.0,ALL,FRGAPO,2
082006,2023,F,Y17,17.0,ALL,FRGAPO,2
082006,2024,F,Y17,17.0,ALL,FRGAPO,3
082006,2021,F,Y17,17.0,ALL,ITL,318
082006,2022,F,Y17,17.0,ALL,ITL,292
082006,2023,F,Y17,17.0,ALL,ITL,255
082006,2024,F,Y17,17.0,ALL,ITL,258
082006,2021,F,Y17,17.0,ALL,TOTAL,318
082006,2022,F,Y17,17.0,ALL,TOTAL,294
082006,2023,F,Y17,17.0,ALL,TOTAL,257
082006,2024,F,Y17,17.0,ALL,TOTAL,261
082006,2021,F,Y18,18.0,ALL,FRGAPO,3
082006,2023,F,Y18,18.0,ALL,FRGAPO,2
082006,2024,F,Y18,18.0,ALL,FRGAPO,1
082006,2021,F,Y18,18.0,ALL,ITL,311
082006,2022,F,Y18,18.0,ALL,ITL,309
082006,2023,F,Y18,18.0,ALL,ITL,294
082006,2024,F,Y18,18.0,ALL,ITL,258
082006,2021,F,Y18,18.0,ALL,TOTAL,314
082006,2022,F,Y18,18.0,ALL,TOTAL,309
082006,2023,F,Y18,18.0,ALL,TOTAL,296
082006,2024,F,Y18,18.0,ALL,TOTAL,259
082006,2021,F,Y19,19.0,ALL,FRGAPO,4
082006,2022,F,Y19,19.0,ALL,FRGAPO,3
082006,2024,F,Y19,19.0,ALL,FRGAPO,2
082006,2021,F,Y19,19.0,ALL,ITL,281
082006,2022,F,Y19,19.0,ALL,ITL,307
082006,2023,F,Y19,19.0,ALL,ITL,311
082006,2024,F,Y19,19.0,ALL,ITL,294
082006,2021,F,Y19,19.0,ALL,TOTAL,285
082006,2022,F,Y19,19.0,ALL,TOTAL,310
082006,2023,F,Y19,19.0,ALL,TOTAL,311
082006,2024,F,Y19,19.0,ALL,TOTAL,296
082006,2021,F,Y2,2.0,ALL,FRGAPO,5
082006,2022,F,Y2,2.0,ALL,FRGAPO,4
082006,2023,F,Y2,2.0,ALL,FRGAPO,3
082006,2024,F,Y2,2.0,ALL,FRGAPO,4
082006,2021,F,Y2,2.0,ALL,ITL,225
082006,2022,F,Y2,2.0,ALL,ITL,236
082006,2023,F,Y2,2.0,ALL,ITL,195
082006,2024,F,Y2,2.0,ALL,ITL,214
082006,2021,F,Y2,2.0,ALL,TOTAL,230
082006,2022,F,Y2,2.0,ALL,TOTAL,240
082006,2023,F,Y2,2.0,ALL,TOTAL,198
082006,2024,F,Y2,2.0,ALL,TOTAL,218
082006,2021,F,Y20,20.0,ALL,FRGAPO,4
082006,2022,F,Y20,20.0,ALL,FRGAPO,4
082006,2023,F,Y20,20.0,ALL,FRGAPO,5
082006,2024,F,Y20,20.0,ALL,FRGAPO,1
082006,2021,F,Y20,20.0,ALL,ITL,273
082006,2022,F,Y20,20.0,ALL,ITL,281
082006,2023,F,Y20,20.0,ALL,ITL,309
082006,2024,F,Y20,20.0,ALL,ITL,310
082006,2021,F,Y20,20.0,ALL,TOTAL,277
082006,2022,F,Y20,20.0,ALL,TOTAL,285
082006,2023,F,Y20,20.0,ALL,TOTAL,314
082006,2024,F,Y20,20.0,ALL,TOTAL,311
082006,2021,F,Y21,21.0,ALL,FRGAPO,5
082006,2022,F,Y21,21.0,ALL,FRGAPO,6
082006,2023,F,Y21,21.0,ALL,FRGAPO,3
082006,2024,F,Y21,21.0,ALL,FRGAPO,4
082006,2021,F,Y21,21.0,ALL,ITL,273
082006,2022,F,Y21,21.0,ALL,ITL,271
082006,2023,F,Y21,21.0,ALL,ITL,282
082006,2024,F,Y21,21.0,ALL,ITL,315
082006,2021,F,Y21,21.0,ALL,TOTAL,278
082006,2022,F,Y21,21.0,ALL,TOTAL,277
082006,2023,F,Y21,21.0,ALL,TOTAL,285
082006,2024,F,Y21,21.0,ALL,TOTAL,319
082006,2021,F,Y22,22.0,ALL,FRGAPO,6
082006,2022,F,Y22,22.0,ALL,FRGAPO,6
082006,2023,F,Y22,22.0,ALL,FRGAPO,8
082006,2024,F,Y22,22.0,ALL,FRGAPO,2
082006,2021,F,Y22,22.0,ALL,ITL,281
082006,2022,F,Y22,22.0,ALL,ITL,287
082006,2023,F,Y22,22.0,ALL,ITL,267
082006,2024,F,Y22,22.0,ALL,ITL,288
082006,2021,F,Y22,22.0,ALL,TOTAL,287
082006,2022,F,Y22,22.0,ALL,TOTAL,293
082006,2023,F,Y22,22.0,ALL,TOTAL,275
082006,2024,F,Y22,22.0,ALL,TOTAL,290
082006,2021,F,Y23,23.0,ALL,FRGAPO,3
082006,2022,F,Y23,23.0,ALL,FRGAPO,6
082006,2023,F,Y23,23.0,ALL,FRGAPO,6
082006,2024,F,Y23,23.0,ALL,FRGAPO,6
082006,2021,F,Y23,23.0,ALL,ITL,253
082006,2022,F,Y23,23.0,ALL,ITL,284
082006,2023,F,Y23,23.0,ALL,ITL,290
082006,2024,F,Y23,23.0,ALL,ITL,270
082006,2021,F,Y23,23.0,ALL,TOTAL,256
082006,2022,F,Y23,23.0,ALL,TOTAL,290
082006,2023,F,Y23,23.0,ALL,TOTAL,296
082006,2024,F,Y23,23.0,ALL,TOTAL,276
082006,2021,F,Y24,24.0,ALL,FRGAPO,2
082006,2022,F,Y24,24.0,ALL,FRGAPO,5
082006,2023,F,Y24,24.0,ALL,FRGAPO,6
082006,2024,F,Y24,24.0,ALL,FRGAPO,7
082006,2021,F,Y24,24.0,ALL,ITL,283
082006,2022,F,Y24,24.0,ALL,ITL,261
082006,2023,F,Y24,24.0,ALL,ITL,281
082006,2024,F,Y24,24.0,ALL,ITL,295
082006,2021,F,Y24,24.0,ALL,TOTAL,285
082006,2022,F,Y24,24.0,ALL,TOTAL,266
082006,2023,F,Y24,24.0,ALL,TOTAL,287
082006,2024,F,Y24,24.0,ALL,TOTAL,302
082006,2021,F,Y25,25.0,ALL,FRGAPO,3
082006,2022,F,Y25,25.0,ALL,FRGAPO,1
082006,2023,F,Y25,25.0,ALL,FRGAPO,11
082006,2024,F,Y25,25.0,ALL,FRGAPO,4
082006,2021,F,Y25,25.0,ALL,ITL,312
082006,2022,F,Y25,25.0,ALL,ITL,286
082006,2023,F,Y25,25.0,ALL,ITL,267
082006,2024,F,Y25,25.0,ALL,ITL,273
082006,2021,F,Y25,25.0,ALL,TOTAL,315
082006,2022,F,Y25,25.0,ALL,TOTAL,287
082006,2023,F,Y25,25.0,ALL,TOTAL,278
082006,2024,F,Y25,25.0,ALL,TOTAL,277
082006,2021,F,Y26,26.0,ALL,FRGAPO,5
082006,2022,F,Y26,26.0,ALL,FRGAPO,2
082006,2023,F,Y26,26.0,ALL,FRGAPO,1
082006,2024,F,Y26,26.0,ALL,FRGAPO,10
082006,2021,F,Y26,26.0,ALL,ITL,261
082006,2022,F,Y26,26.0,ALL,ITL,306
082006,2023,F,Y26,26.0,ALL,ITL,283
082006,2024,F,Y26,26.0,ALL,ITL,259
082006,2021,F,Y26,26.0,ALL,TOTAL,266
082006,2022,F,Y26,26.0,ALL,TOTAL,308
082006,2023,F,Y26,26.0,ALL,TOTAL,284
082006,2024,F,Y26,26.0,ALL,TOTAL,269
082006,2021,F,Y27,27.0,ALL,FRGAPO,2
082006,2022,F,Y27,27.0,ALL,FRGAPO,3
082006,2023,F,Y27,27.0,ALL,FRGAPO,4
082006,2024,F,Y27,27.0,ALL,FRGAPO,3
082006,2021,F,Y27,27.0,ALL,ITL,312
082006,2022,F,Y27,27.0,ALL,ITL,255
082006,2023,F,Y27,27.0,ALL,ITL,303
082006,2024,F,Y27,27.0,ALL,ITL,283
082006,2021,F,Y27,27.0,ALL,TOTAL,314
082006,2022,F,Y27,27.0,ALL,TOTAL,258
082006,2023,F,Y27,27.0,ALL,TOTAL,307
082006,2024,F,Y27,27.0,ALL,TOTAL,286
082006,2021,F,Y28,28.0,ALL,FRGAPO,5
082006,2022,F,Y28,28.0,ALL,FRGAPO,4
082006,2023,F,Y28,28.0,ALL,FRGAPO,2
082006,2024,F,Y28,28.0,ALL,FRGAPO,4
082006,2021,F,Y28,28.0,ALL,ITL,295
082006,2022,F,Y28,28.0,ALL,ITL,312
082006,2023,F,Y28,28.0,ALL,ITL,252
082006,2024,F,Y28,28.0,ALL,ITL,294
082006,2021,F,Y28,28.0,ALL,TOTAL,300
082006,2022,F,Y28,28.0,ALL,TOTAL,316
082006,2023,F,Y28,28.0,ALL,TOTAL,254
082006,2024,F,Y28,28.0,ALL,TOTAL,298
082006,2021,F,Y29,29.0,ALL,FRGAPO,4
082006,2022,F,Y29,29.0,ALL,FRGAPO,6
082006,2023,F,Y29,29.0,ALL,FRGAPO,5
082006,2024,F,Y29,29.0,ALL,FRGAPO,1
082006,2021,F,Y29,29.0,ALL,ITL,335
082006,2022,F,Y29,29.0,ALL,ITL,297
082006,2023,F,Y29,29.0,ALL,ITL,309
082006,2024,F,Y29,29.0,ALL,ITL,256
082006,2021,F,Y29,29.0,ALL,TOTAL,339
082006,2022,F,Y29,29.0,ALL,TOTAL,303
082006,2023,F,Y29,29.0,ALL,TOTAL,314
082006,2024,F,Y29,29.0,ALL,TOTAL,257
082006,2021,F,Y3,3.0,ALL,FRGAPO,1
082006,2022,F,Y3,3.0,ALL,FRGAPO,5
082006,2023,F,Y3,3.0,ALL,FRGAPO,4
082006,2024,F,Y3,3.0,ALL,FRGAPO,6
082006,2021,F,Y3,3.0,ALL,ITL,228
082006,2022,F,Y3,3.0,ALL,ITL,228
082006,2023,F,Y3,3.0,ALL,ITL,238
082006,2024,F,Y3,3.0,ALL,ITL,201
082006,2021,F,Y3,3.0,ALL,TOTAL,229
082006,2022,F,Y3,3.0,ALL,TOTAL,233
082006,2023,F,Y3,3.0,ALL,TOTAL,242
082006,2024,F,Y3,3.0,ALL,TOTAL,207
082006,2021,F,Y30,30.0,ALL,FRGAPO,4
082006,2022,F,Y30,30.0,ALL,FRGAPO,6
082006,2023,F,Y30,30.0,ALL,FRGAPO,5
082006,2024,F,Y30,30.0,ALL,FRGAPO,6
082006,2021,F,Y30,30.0,ALL,ITL,324
082006,2022,F,Y30,30.0,ALL,ITL,330
082006,2023,F,Y30,30.0,ALL,ITL,290
082006,2024,F,Y30,30.0,ALL,ITL,306
082006,2021,F,Y30,30.0,ALL,TOTAL,328
082006,2022,F,Y30,30.0,ALL,TOTAL,336
082006,2023,F,Y30,30.0,ALL,TOTAL,295
082006,2024,F,Y30,30.0,ALL,TOTAL,312
082006,2021,F,Y31,31.0,ALL,FRGAPO,5
082006,2022,F,Y31,31.0,ALL,FRGAPO,6
082006,2023,F,Y31,31.0,ALL,FRGAPO,5
082006,2024,F,Y31,31.0,ALL,FRGAPO,6
082006,2021,F,Y31,31.0,ALL,ITL,319
082006,2022,F,Y31,31.0,ALL,ITL,321
082006,2023,F,Y31,31.0,ALL,ITL,322
082006,2024,F,Y31,31.0,ALL,ITL,284
082006,2021,F,Y31,31.0,ALL,TOTAL,324
082006,2022,F,Y31,31.0,ALL,TOTAL,327
082006,2023,F,Y31,31.0,ALL,TOTAL,327
082006,2024,F,Y31,31.0,ALL,TOTAL,290
082006,2021,F,Y32,32.0,ALL,FRGAPO,8
082006,2022,F,Y32,32.0,ALL,FRGAPO,7
082006,2023,F,Y32,32.0,ALL,FRGAPO,7
082006,2024,F,Y32,32.0,ALL,FRGAPO,5
082006,2021,F,Y32,32.0,ALL,ITL,370
082006,2022,F,Y32,32.0,ALL,ITL,310
082006,2023,F,Y32,32.0,ALL,ITL,323
082006,2024,F,Y32,32.0,ALL,ITL,315
082006,2021,F,Y32,32.0,ALL,TOTAL,378
082006,2022,F,Y32,32.0,ALL,TOTAL,317
082006,2023,F,Y32,32.0,ALL,TOTAL,330
082006,2024,F,Y32,32.0,ALL,TOTAL,320
082006,2021,F,Y33,33.0,ALL,FRGAPO,5
082006,2022,F,Y33,33.0,ALL,FRGAPO,8
082006,2023,F,Y33,33.0,ALL,FRGAPO,8
082006,2024,F,Y33,33.0,ALL,FRGAPO,7
082006,2021,F,Y33,33.0,ALL,ITL,318
082006,2022,F,Y33,33.0,ALL,ITL,371
082006,2023,F,Y33,33.0,ALL,ITL,311
082006,2024,F,Y33,33.0,ALL,ITL,330
082006,2021,F,Y33,33.0,ALL,TOTAL,323
082006,2022,F,Y33,33.0,ALL,TOTAL,379
082006,2023,F,Y33,33.0,ALL,TOTAL,319
082006,2024,F,Y33,33.0,ALL,TOTAL,337
082006,2021,F,Y34,34.0,ALL,FRGAPO,7
082006,2022,F,Y34,34.0,ALL,FRGAPO,7
082006,2023,F,Y34,34.0,ALL,FRGAPO,9
082006,2024,F,Y34,34.0,ALL,FRGAPO,10
082006,2021,F,Y34,34.0,ALL,ITL,308
082006,2022,F,Y34,34.0,ALL,ITL,325
082006,2023,F,Y34,34.0,ALL,ITL,357
082006,2024,F,Y34,34.0,ALL,ITL,308
082006,2021,F,Y34,34.0,ALL,TOTAL,315
082006,2022,F,Y34,34.0,ALL,TOTAL,332
082006,2023,F,Y34,34.0,ALL,TOTAL,366
082006,2024,F,Y34,34.0,ALL,TOTAL,318
082006,2021,F,Y35,35.0,ALL,FRGAPO,8
082006,2022,F,Y35,35.0,ALL,FRGAPO,8
082006,2023,F,Y35,35.0,ALL,FRGAPO,7
082006,2024,F,Y35,35.0,ALL,FRGAPO,8
082006,2021,F,Y35,35.0,ALL,ITL,336
082006,2022,F,Y35,35.0,ALL,ITL,314
082006,2023,F,Y35,35.0,ALL,ITL,322
082006,2024,F,Y35,35.0,ALL,ITL,355
082006,2021,F,Y35,35.0,ALL,TOTAL,344
082006,2022,F,Y35,35.0,ALL,TOTAL,322
082006,2023,F,Y35,35.0,ALL,TOTAL,329
082006,2024,F,Y35,35.0,ALL,TOTAL,363
082006,2021,F,Y36,36.0,ALL,FRGAPO,8
082006,2022,F,Y36,36.0,ALL,FRGAPO,11
082006,2023,F,Y36,36.0,ALL,FRGAPO,9
082006,2024,F,Y36,36.0,ALL,FRGAPO,11
082006,2021,F,Y36,36.0,ALL,ITL,326
082006,2022,F,Y36,36.0,ALL,ITL,331
082006,2023,F,Y36,36.0,ALL,ITL,316
082006,2024,F,Y36,36.0,ALL,ITL,314
082006,2021,F,Y36,36.0,ALL,TOTAL,334
082006,2022,F,Y36,36.0,ALL,TOTAL,342
082006,2023,F,Y36,36.0,ALL,TOTAL,325
082006,2024,F,Y36,36.0,ALL,TOTAL,325
082006,2021,F,Y37,37.0,ALL,FRGAPO,6
082006,2022,F,Y37,37.0,ALL,FRGAPO,9
082006,2023,F,Y37,37.0,ALL,FRGAPO,12
082006,2024,F,Y37,37.0,ALL,FRGAPO,11
082006,2021,F,Y37,37.0,ALL,ITL,284
082006,2022,F,Y37,37.0,ALL,ITL,328
082006,2023,F,Y37,37.0,ALL,ITL,335
082006,2024,F,Y37,37.0,ALL,ITL,312
082006,2021,F,Y37,37.0,ALL,TOTAL,290
082006,2022,F,Y37,37.0,ALL,TOTAL,337
082006,2023,F,Y37,37.0,ALL,TOTAL,347
082006,2024,F,Y37,37.0,ALL,TOTAL,323
082006,2021,F,Y38,38.0,ALL,FRGAPO,4
082006,2022,F,Y38,38.0,ALL,FRGAPO,6
082006,2023,F,Y38,38.0,ALL,FRGAPO,11
082006,2024,F,Y38,38.0,ALL,FRGAPO,13
082006,2021,F,Y38,38.0,ALL,ITL,348
082006,2022,F,Y38,38.0,ALL,ITL,273
082006,2023,F,Y38,38.0,ALL,ITL,329
082006,2024,F,Y38,38.0,ALL,ITL,332
082006,2021,F,Y38,38.0,ALL,TOTAL,352
082006,2022,F,Y38,38.0,ALL,TOTAL,279
082006,2023,F,Y38,38.0,ALL,TOTAL,340
082006,2024,F,Y38,38.0,ALL,TOTAL,345
082006,2021,F,Y39,39.0,ALL,FRGAPO,12
082006,2022,F,Y39,39.0,ALL,FRGAPO,4
082006,2023,F,Y39,39.0,ALL,FRGAPO,8
082006,2024,F,Y39,39.0,ALL,FRGAPO,11
082006,2021,F,Y39,39.0,ALL,ITL,339
082006,2022,F,Y39,39.0,ALL,ITL,348
082006,2023,F,Y39,39.0,ALL,ITL,275
082006,2024,F,Y39,39.0,ALL,ITL,342
082006,2021,F,Y39,39.0,ALL,TOTAL,351
082006,2022,F,Y39,39.0,ALL,TOTAL,352
082006,2023,F,Y39,39.0,ALL,TOTAL,283
082006,2024,F,Y39,39.0,ALL,TOTAL,353
082006,2022,F,Y4,4.0,ALL,FRGAPO,1
082006,2023,F,Y4,4.0,ALL,FRGAPO,5
082006,2024,F,Y4,4.0,ALL,FRGAPO,4
082006,2021,F,Y4,4.0,ALL,ITL,208
082006,2022,F,Y4,4.0,ALL,ITL,225
082006,2023,F,Y4,4.0,ALL,ITL,226
082006,2024,F,Y4,4.0,ALL,ITL,238
082006,2021,F,Y4,4.0,ALL,TOTAL,208
082006,2022,F,Y4,4.0,ALL,TOTAL,226
082006,2023,F,Y4,4.0,ALL,TOTAL,231
082006,2024,F,Y4,4.0,ALL,TOTAL,242
082006,2021,F,Y40,40.0,ALL,FRGAPO,5
082006,2022,F,Y40,40.0,ALL,FRGAPO,14
082006,2023,F,Y40,40.0,ALL,FRGAPO,6
082006,2024,F,Y40,40.0,ALL,FRGAPO,6
082006,2021,F,Y40,40.0,ALL,ITL,311
082006,2022,F,Y40,40.0,ALL,ITL,341
082006,2023,F,Y40,40.0,ALL,ITL,352
082006,2024,F,Y40,40.0,ALL,ITL,281
082006,2021,F,Y40,40.0,ALL,TOTAL,316
082006,2022,F,Y40,40.0,ALL,TOTAL,355
082006,2023,F,Y40,40.0,ALL,TOTAL,358
082006,2024,F,Y40,40.0,ALL,TOTAL,287
082006,2021,F,Y41,41.0,ALL,FRGAPO,6
082006,2022,F,Y41,41.0,ALL,FRGAPO,6
082006,2023,F,Y41,41.0,ALL,FRGAPO,11
082006,2024,F,Y41,41.0,ALL,FRGAPO,7
082006,2021,F,Y41,41.0,ALL,ITL,353
082006,2022,F,Y41,41.0,ALL,ITL,310
082006,2023,F,Y41,41.0,ALL,ITL,344
082006,2024,F,Y41,41.0,ALL,ITL,348
082006,2021,F,Y41,41.0,ALL,TOTAL,359
082006,2022,F,Y41,41.0,ALL,TOTAL,316
082006,2023,F,Y41,41.0,ALL,TOTAL,355
082006,2024,F,Y41,41.0,ALL,TOTAL,355
082006,2021,F,Y42,42.0,ALL,FRGAPO,14
082006,2022,F,Y42,42.0,ALL,FRGAPO,7
082006,2023,F,Y42,42.0,ALL,FRGAPO,5
082006,2024,F,Y42,42.0,ALL,FRGAPO,14
082006,2021,F,Y42,42.0,ALL,ITL,360
082006,2022,F,Y42,42.0,ALL,ITL,350
082006,2023,F,Y42,42.0,ALL,ITL,307
082006,2024,F,Y42,42.0,ALL,ITL,344
082006,2021,F,Y42,42.0,ALL,TOTAL,374
082006,2022,F,Y42,42.0,ALL,TOTAL,357
082006,2023,F,Y42,42.0,ALL,TOTAL,312
082006,2024,F,Y42,42.0,ALL,TOTAL,358
082006,2021,F,Y43,43.0,ALL,FRGAPO,11
082006,2022,F,Y43,43.0,ALL,FRGAPO,14
082006,2023,F,Y43,43.0,ALL,FRGAPO,7
082006,2024,F,Y43,43.0,ALL,FRGAPO,5
082006,2021,F,Y43,43.0,ALL,ITL,375
082006,2022,F,Y43,43.0,ALL,ITL,366
082006,2023,F,Y43,43.0,ALL,ITL,346
082006,2024,F,Y43,43.0,ALL,ITL,310
082006,2021,F,Y43,43.0,ALL,TOTAL,386
082006,2022,F,Y43,43.0,ALL,TOTAL,380
082006,2023,F,Y43,43.0,ALL,TOTAL,353
082006,2024,F,Y43,43.0,ALL,TOTAL,315
082006,2021,F,Y44,44.0,ALL,FRGAPO,7
082006,2022,F,Y44,44.0,ALL,FRGAPO,12
082006,2023,F,Y44,44.0,ALL,FRGAPO,13
082006,2024,F,Y44,44.0,ALL,FRGAPO,6
082006,2021,F,Y44,44.0,ALL,ITL,352
082006,2022,F,Y44,44.0,ALL,ITL,369
082006,2023,F,Y44,44.0,ALL,ITL,373
082006,2024,F,Y44,44.0,ALL,ITL,343
082006,2021,F,Y44,44.0,ALL,TOTAL,359
082006,2022,F,Y44,44.0,ALL,TOTAL,381
082006,2023,F,Y44,44.0,ALL,TOTAL,386
082006,2024,F,Y44,44.0,ALL,TOTAL,349
082006,2021,F,Y45,45.0,ALL,FRGAPO,8
082006,2022,F,Y45,45.0,ALL,FRGAPO,6
082006,2023,F,Y45,45.0,ALL,FRGAPO,10
082006,2024,F,Y45,45.0,ALL,FRGAPO,13
082006,2021,F,Y45,45.0,ALL,ITL,370
082006,2022,F,Y45,45.0,ALL,ITL,354
082006,2023,F,Y45,45.0,ALL,ITL,375
082006,2024,F,Y45,45.0,ALL,ITL,372
082006,2021,F,Y45,45.0,ALL,TOTAL,378
082006,2022,F,Y45,45.0,ALL,TOTAL,360
082006,2023,F,Y45,45.0,ALL,TOTAL,385
082006,2024,F,Y45,45.0,ALL,TOTAL,385
082006,2021,F,Y46,46.0,ALL,FRGAPO,9
082006,2022,F,Y46,46.0,ALL,FRGAPO,7
082006,2023,F,Y46,46.0,ALL,FRGAPO,7
082006,2024,F,Y46,46.0,ALL,FRGAPO,11
082006,2021,F,Y46,46.0,ALL,ITL,391
082006,2022,F,Y46,46.0,ALL,ITL,373
082006,2023,F,Y46,46.0,ALL,ITL,356
082006,2024,F,Y46,46.0,ALL,ITL,388
082006,2021,F,Y46,46.0,ALL,TOTAL,400
082006,2022,F,Y46,46.0,ALL,TOTAL,380
082006,2023,F,Y46,46.0,ALL,TOTAL,363
082006,2024,F,Y46,46.0,ALL,TOTAL,399
082006,2021,F,Y47,47.0,ALL,FRGAPO,3
082006,2022,F,Y47,47.0,ALL,FRGAPO,8
082006,2023,F,Y47,47.0,ALL,FRGAPO,9
082006,2024,F,Y47,47.0,ALL,FRGAPO,8
082006,2021,F,Y47,47.0,ALL,ITL,391
082006,2022,F,Y47,47.0,ALL,ITL,389
082006,2023,F,Y47,47.0,ALL,ITL,374
082006,2024,F,Y47,47.0,ALL,ITL,354
082006,2021,F,Y47,47.0,ALL,TOTAL,394
082006,2022,F,Y47,47.0,ALL,TOTAL,397
082006,2023,F,Y47,47.0,ALL,TOTAL,383
082006,2024,F,Y47,47.0,ALL,TOTAL,362
082006,2021,F,Y48,48.0,ALL,FRGAPO,6
082006,2022,F,Y48,48.0,ALL,FRGAPO,3
082006,2023,F,Y48,48.0,ALL,FRGAPO,8
082006,2024,F,Y48,48.0,ALL,FRGAPO,9
082006,2021,F,Y48,48.0,ALL,ITL,425
082006,2022,F,Y48,48.0,ALL,ITL,394
082006,2023,F,Y48,48.0,ALL,ITL,389
082006,2024,F,Y48,48.0,ALL,ITL,377
082006,2021,F,Y48,48.0,ALL,TOTAL,431
082006,2022,F,Y48,48.0,ALL,TOTAL,397
082006,2023,F,Y48,48.0,ALL,TOTAL,397
082006,2024,F,Y48,48.0,ALL,TOTAL,386
082006,2021,F,Y49,49.0,ALL,FRGAPO,4
082006,2022,F,Y49,49.0,ALL,FRGAPO,5
082006,2023,F,Y49,49.0,ALL,FRGAPO,4
082006,2024,F,Y49,49.0,ALL,FRGAPO,9
082006,2021,F,Y49,49.0,ALL,ITL,405
082006,2022,F,Y49,49.0,ALL,ITL,427
082006,2023,F,Y49,49.0,ALL,ITL,389
082006,2024,F,Y49,49.0,ALL,ITL,389
082006,2021,F,Y49,49.0,ALL,TOTAL,409
082006,2022,F,Y49,49.0,ALL,TOTAL,432
082006,2023,F,Y49,49.0,ALL,TOTAL,393
082006,2024,F,Y49,49.0,ALL,TOTAL,398
082006,2021,F,Y5,5.0,ALL,FRGAPO,2
082006,2023,F,Y5,5.0,ALL,FRGAPO,2
082006,2024,F,Y5,5.0,ALL,FRGAPO,6
082006,2021,F,Y5,5.0,ALL,ITL,247
082006,2022,F,Y5,5.0,ALL,ITL,206
082006,2023,F,Y5,5.0,ALL,ITL,228
082006,2024,F,Y5,5.0,ALL,ITL,223
082006,2021,F,Y5,5.0,ALL,TOTAL,249
082006,2022,F,Y5,5.0,ALL,TOTAL,206
082006,2023,F,Y5,5.0,ALL,TOTAL,230
082006,2024,F,Y5,5.0,ALL,TOTAL,229
082006,2021,F,Y50,50.0,ALL,FRGAPO,9
082006,2022,F,Y50,50.0,ALL,FRGAPO,3
082006,2023,F,Y50,50.0,ALL,FRGAPO,4
082006,2024,F,Y50,50.0,ALL,FRGAPO,4
082006,2021,F,Y50,50.0,ALL,ITL,410
082006,2022,F,Y50,50.0,ALL,ITL,404
082006,2023,F,Y50,50.0,ALL,ITL,429
082006,2024,F,Y50,50.0,ALL,ITL,394
082006,2021,F,Y50,50.0,ALL,TOTAL,419
082006,2022,F,Y50,50.0,ALL,TOTAL,407
082006,2023,F,Y50,50.0,ALL,TOTAL,433
082006,2024,F,Y50,50.0,ALL,TOTAL,398
082006,2021,F,Y51,51.0,ALL,FRGAPO,6
082006,2022,F,Y51,51.0,ALL,FRGAPO,9
082006,2023,F,Y51,51.0,ALL,FRGAPO,4
082006,2024,F,Y51,51.0,ALL,FRGAPO,5
082006,2021,F,Y51,51.0,ALL,ITL,439
082006,2022,F,Y51,51.0,ALL,ITL,417
082006,2023,F,Y51,51.0,ALL,ITL,405
082006,2024,F,Y51,51.0,ALL,ITL,431
082006,2021,F,Y51,51.0,ALL,TOTAL,445
082006,2022,F,Y51,51.0,ALL,TOTAL,426
082006,2023,F,Y51,51.0,ALL,TOTAL,409
082006,2024,F,Y51,51.0,ALL,TOTAL,436
082006,2021,F,Y52,52.0,ALL,FRGAPO,5
082006,2022,F,Y52,52.0,ALL,FRGAPO,5
082006,2023,F,Y52,52.0,ALL,FRGAPO,8
082006,2024,F,Y52,52.0,ALL,FRGAPO,6
082006,2021,F,Y52,52.0,ALL,ITL,413
082006,2022,F,Y52,52.0,ALL,ITL,438
082006,2023,F,Y52,52.0,ALL,ITL,414
082006,2024,F,Y52,52.0,ALL,ITL,410
082006,2021,F,Y52,52.0,ALL,TOTAL,418
082006,2022,F,Y52,52.0,ALL,TOTAL,443
082006,2023,F,Y52,52.0,ALL,TOTAL,422
082006,2024,F,Y52,52.0,ALL,TOTAL,416
082006,2021,F,Y53,53.0,ALL,FRGAPO,5
082006,2022,F,Y53,53.0,ALL,FRGAPO,7
082006,2023,F,Y53,53.0,ALL,FRGAPO,4
082006,2024,F,Y53,53.0,ALL,FRGAPO,5
082006,2021,F,Y53,53.0,ALL,ITL,434
082006,2022,F,Y53,53.0,ALL,ITL,411
082006,2023,F,Y53,53.0,ALL,ITL,430
082006,2024,F,Y53,53.0,ALL,ITL,418
082006,2021,F,Y53,53.0,ALL,TOTAL,439
082006,2022,F,Y53,53.0,ALL,TOTAL,418
082006,2023,F,Y53,53.0,ALL,TOTAL,434
082006,2024,F,Y53,53.0,ALL,TOTAL,423
082006,2021,F,Y54,54.0,ALL,FRGAPO,7
082006,2022,F,Y54,54.0,ALL,FRGAPO,7
082006,2023,F,Y54,54.0,ALL,FRGAPO,6
082006,2024,F,Y54,54.0,ALL,FRGAPO,6
082006,2021,F,Y54,54.0,ALL,ITL,413
082006,2022,F,Y54,54.0,ALL,ITL,429
082006,2023,F,Y54,54.0,ALL,ITL,412
082006,2024,F,Y54,54.0,ALL,ITL,431
082006,2021,F,Y54,54.0,ALL,TOTAL,420
082006,2022,F,Y54,54.0,ALL,TOTAL,436
082006,2023,F,Y54,54.0,ALL,TOTAL,418
082006,2024,F,Y54,54.0,ALL,TOTAL,437
082006,2021,F,Y55,55.0,ALL,FRGAPO,4
082006,2022,F,Y55,55.0,ALL,FRGAPO,8
082006,2023,F,Y55,55.0,ALL,FRGAPO,4
082006,2024,F,Y55,55.0,ALL,FRGAPO,5
082006,2021,F,Y55,55.0,ALL,ITL,387
082006,2022,F,Y55,55.0,ALL,ITL,412
082006,2023,F,Y55,55.0,ALL,ITL,432
082006,2024,F,Y55,55.0,ALL,ITL,417
082006,2021,F,Y55,55.0,ALL,TOTAL,391
082006,2022,F,Y55,55.0,ALL,TOTAL,420
082006,2023,F,Y55,55.0,ALL,TOTAL,436
082006,2024,F,Y55,55.0,ALL,TOTAL,422
082006,2021,F,Y56,56.0,ALL,FRGAPO,5
082006,2022,F,Y56,56.0,ALL,FRGAPO,2
082006,2023,F,Y56,56.0,ALL,FRGAPO,8
082006,2024,F,Y56,56.0,ALL,FRGAPO,5
082006,2021,F,Y56,56.0,ALL,ITL,434
082006,2022,F,Y56,56.0,ALL,ITL,386
082006,2023,F,Y56,56.0,ALL,ITL,413
082006,2024,F,Y56,56.0,ALL,ITL,439
082006,2021,F,Y56,56.0,ALL,TOTAL,439
082006,2022,F,Y56,56.0,ALL,TOTAL,388
082006,2023,F,Y56,56.0,ALL,TOTAL,421
082006,2024,F,Y56,56.0,ALL,TOTAL,444
082006,2021,F,Y57,57.0,ALL,FRGAPO,6
082006,2022,F,Y57,57.0,ALL,FRGAPO,5
082006,2023,F,Y57,57.0,ALL,FRGAPO,3
082006,2024,F,Y57,57.0,ALL,FRGAPO,8
082006,2021,F,Y57,57.0,ALL,ITL,379
082006,2022,F,Y57,57.0,ALL,ITL,433
082006,2023,F,Y57,57.0,ALL,ITL,390
082006,2024,F,Y57,57.0,ALL,ITL,409
082006,2021,F,Y57,57.0,ALL,TOTAL,385
082006,2022,F,Y57,57.0,ALL,TOTAL,438
082006,2023,F,Y57,57.0,ALL,TOTAL,393
082006,2024,F,Y57,57.0,ALL,TOTAL,417
082006,2021,F,Y58,58.0,ALL,FRGAPO,2
082006,2022,F,Y58,58.0,ALL,FRGAPO,6
082006,2023,F,Y58,58.0,ALL,FRGAPO,4
082006,2024,F,Y58,58.0,ALL,FRGAPO,3
082006,2021,F,Y58,58.0,ALL,ITL,410
082006,2022,F,Y58,58.0,ALL,ITL,380
082006,2023,F,Y58,58.0,ALL,ITL,426
082006,2024,F,Y58,58.0,ALL,ITL,390
082006,2021,F,Y58,58.0,ALL,TOTAL,412
082006,2022,F,Y58,58.0,ALL,TOTAL,386
082006,2023,F,Y58,58.0,ALL,TOTAL,430
082006,2024,F,Y58,58.0,ALL,TOTAL,393
082006,2021,F,Y59,59.0,ALL,FRGAPO,5
082006,2022,F,Y59,59.0,ALL,FRGAPO,2
082006,2023,F,Y59,59.0,ALL,FRGAPO,4
082006,2024,F,Y59,59.0,ALL,FRGAPO,5
082006,2021,F,Y59,59.0,ALL,ITL,378
082006,2022,F,Y59,59.0,ALL,ITL,410
082006,2023,F,Y59,59.0,ALL,ITL,384
082006,2024,F,Y59,59.0,ALL,ITL,433
082006,2021,F,Y59,59.0,ALL,TOTAL,383
082006,2022,F,Y59,59.0,ALL,TOTAL,412
082006,2023,F,Y59,59.0,ALL,TOTAL,388
082006,2024,F,Y59,59.0,ALL,TOTAL,438
082006,2021,F,Y6,6.0,ALL,FRGAPO,3
082006,2022,F,Y6,6.0,ALL,FRGAPO,2
082006,2024,F,Y6,6.0,ALL,FRGAPO,5
082006,2021,F,Y6,6.0,ALL,ITL,229
082006,2022,F,Y6,6.0,ALL,ITL,248
082006,2023,F,Y6,6.0,ALL,ITL,205
082006,2024,F,Y6,6.0,ALL,ITL,231
082006,2021,F,Y6,6.0,ALL,TOTAL,232
082006,2022,F,Y6,6.0,ALL,TOTAL,250
082006,2023,F,Y6,6.0,ALL,TOTAL,205
082006,2024,F,Y6,6.0,ALL,TOTAL,236
082006,2021,F,Y60,60.0,ALL,FRGAPO,3
082006,2022,F,Y60,60.0,ALL,FRGAPO,5
082006,2023,F,Y60,60.0,ALL,FRGAPO,2
082006,2024,F,Y60,60.0,ALL,FRGAPO,4
082006,2021,F,Y60,60.0,ALL,ITL,411
082006,2022,F,Y60,60.0,ALL,ITL,379
082006,2023,F,Y60,60.0,ALL,ITL,405
082006,2024,F,Y60,60.0,ALL,ITL,386
082006,2021,F,Y60,60.0,ALL,TOTAL,414
082006,2022,F,Y60,60.0,ALL,TOTAL,384
082006,2023,F,Y60,60.0,ALL,TOTAL,407
082006,2024,F,Y60,60.0,ALL,TOTAL,390
082006,2021,F,Y61,61.0,ALL,FRGAPO,3
082006,2022,F,Y61,61.0,ALL,FRGAPO,3
082006,2023,F,Y61,61.0,ALL,FRGAPO,5
082006,2024,F,Y61,61.0,ALL,FRGAPO,3
082006,2021,F,Y61,61.0,ALL,ITL,377
082006,2022,F,Y61,61.0,ALL,ITL,415
082006,2023,F,Y61,61.0,ALL,ITL,384
082006,2024,F,Y61,61.0,ALL,ITL,400
082006,2021,F,Y61,61.0,ALL,TOTAL,380
082006,2022,F,Y61,61.0,ALL,TOTAL,418
082006,2023,F,Y61,61.0,ALL,TOTAL,389
082006,2024,F,Y61,61.0,ALL,TOTAL,403
082006,2021,F,Y62,62.0,ALL,FRGAPO,1
082006,2022,F,Y62,62.0,ALL,FRGAPO,3
082006,2023,F,Y62,62.0,ALL,FRGAPO,1
082006,2024,F,Y62,62.0,ALL,FRGAPO,7
082006,2021,F,Y62,62.0,ALL,ITL,362
082006,2022,F,Y62,62.0,ALL,ITL,378
082006,2023,F,Y62,62.0,ALL,ITL,424
082006,2024,F,Y62,62.0,ALL,ITL,389
082006,2021,F,Y62,62.0,ALL,TOTAL,363
082006,2022,F,Y62,62.0,ALL,TOTAL,381
082006,2023,F,Y62,62.0,ALL,TOTAL,425
082006,2024,F,Y62,62.0,ALL,TOTAL,396
082006,2021,F,Y63,63.0,ALL,FRGAPO,3
082006,2022,F,Y63,63.0,ALL,FRGAPO,1
082006,2023,F,Y63,63.0,ALL,FRGAPO,2
082006,2024,F,Y63,63.0,ALL,FRGAPO,1
082006,2021,F,Y63,63.0,ALL,ITL,359
082006,2022,F,Y63,63.0,ALL,ITL,365
082006,2023,F,Y63,63.0,ALL,ITL,378
082006,2024,F,Y63,63.0,ALL,ITL,420
082006,2021,F,Y63,63.0,ALL,TOTAL,362
082006,2022,F,Y63,63.0,ALL,TOTAL,366
082006,2023,F,Y63,63.0,ALL,TOTAL,380
082006,2024,F,Y63,63.0,ALL,TOTAL,421
082006,2022,F,Y64,64.0,ALL,FRGAPO,3
082006,2023,F,Y64,64.0,ALL,FRGAPO,2
082006,2024,F,Y64,64.0,ALL,FRGAPO,2
082006,2021,F,Y64,64.0,ALL,ITL,311
082006,2022,F,Y64,64.0,ALL,ITL,356
082006,2023,F,Y64,64.0,ALL,ITL,367
082006,2024,F,Y64,64.0,ALL,ITL,375
082006,2021,F,Y64,64.0,ALL,TOTAL,311
082006,2022,F,Y64,64.0,ALL,TOTAL,359
082006,2023,F,Y64,64.0,ALL,TOTAL,369
082006,2024,F,Y64,64.0,ALL,TOTAL,377
082006,2021,F,Y65,65.0,ALL,FRGAPO,2
082006,2023,F,Y65,65.0,ALL,FRGAPO,3
082006,2024,F,Y65,65.0,ALL,FRGAPO,2
082006,2021,F,Y65,65.0,ALL,ITL,372
082006,2022,F,Y65,65.0,ALL,ITL,310
082006,2023,F,Y65,65.0,ALL,ITL,350
082006,2024,F,Y65,65.0,ALL,ITL,368
082006,2021,F,Y65,65.0,ALL,TOTAL,374
082006,2022,F,Y65,65.0,ALL,TOTAL,310
082006,2023,F,Y65,65.0,ALL,TOTAL,353
082006,2024,F,Y65,65.0,ALL,TOTAL,370
082006,2021,F,Y66,66.0,ALL,FRGAPO,2
082006,2022,F,Y66,66.0,ALL,FRGAPO,3
082006,2023,F,Y66,66.0,ALL,FRGAPO,1
082006,2024,F,Y66,66.0,ALL,FRGAPO,4
082006,2021,F,Y66,66.0,ALL,ITL,347
082006,2022,F,Y66,66.0,ALL,ITL,367
082006,2023,F,Y66,66.0,ALL,ITL,308
082006,2024,F,Y66,66.0,ALL,ITL,345
082006,2021,F,Y66,66.0,ALL,TOTAL,349
082006,2022,F,Y66,66.0,ALL,TOTAL,370
082006,2023,F,Y66,66.0,ALL,TOTAL,309
082006,2024,F,Y66,66.0,ALL,TOTAL,349
082006,2022,F,Y67,67.0,ALL,FRGAPO,2
082006,2023,F,Y67,67.0,ALL,FRGAPO,3
082006,2024,F,Y67,67.0,ALL,FRGAPO,1
082006,2021,F,Y67,67.0,ALL,ITL,311
082006,2022,F,Y67,67.0,ALL,ITL,347
082006,2023,F,Y67,67.0,ALL,ITL,362
082006,2024,F,Y67,67.0,ALL,ITL,302
082006,2021,F,Y67,67.0,ALL,TOTAL,311
082006,2022,F,Y67,67.0,ALL,TOTAL,349
082006,2023,F,Y67,67.0,ALL,TOTAL,365
082006,2024,F,Y67,67.0,ALL,TOTAL,303
082006,2021,F,Y68,68.0,ALL,FRGAPO,3
082006,2023,F,Y68,68.0,ALL,FRGAPO,3
082006,2024,F,Y68,68.0,ALL,FRGAPO,2
082006,2021,F,Y68,68.0,ALL,ITL,300
082006,2022,F,Y68,68.0,ALL,ITL,309
082006,2023,F,Y68,68.0,ALL,ITL,340
082006,2024,F,Y68,68.0,ALL,ITL,360
082006,2021,F,Y68,68.0,ALL,TOTAL,303
082006,2022,F,Y68,68.0,ALL,TOTAL,309
082006,2023,F,Y68,68.0,ALL,TOTAL,343
082006,2024,F,Y68,68.0,ALL,TOTAL,362
082006,2022,F,Y69,69.0,ALL,FRGAPO,2
082006,2024,F,Y69,69.0,ALL,FRGAPO,2
082006,2021,F,Y69,69.0,ALL,ITL,329
082006,2022,F,Y69,69.0,ALL,ITL,296
082006,2023,F,Y69,69.0,ALL,ITL,306
082006,2024,F,Y69,69.0,ALL,ITL,333
082006,2021,F,Y69,69.0,ALL,TOTAL,329
082006,2022,F,Y69,69.0,ALL,TOTAL,298
082006,2023,F,Y69,69.0,ALL,TOTAL,306
082006,2024,F,Y69,69.0,ALL,TOTAL,335
082006,2021,F,Y7,7.0,ALL,FRGAPO,3
082006,2022,F,Y7,7.0,ALL,FRGAPO,3
082006,2023,F,Y7,7.0,ALL,FRGAPO,2
082006,2024,F,Y7,7.0,ALL,FRGAPO,1
082006,2021,F,Y7,7.0,ALL,ITL,248
082006,2022,F,Y7,7.0,ALL,ITL,237
082006,2023,F,Y7,7.0,ALL,ITL,252
082006,2024,F,Y7,7.0,ALL,ITL,202
082006,2021,F,Y7,7.0,ALL,TOTAL,251
082006,2022,F,Y7,7.0,ALL,TOTAL,240
082006,2023,F,Y7,7.0,ALL,TOTAL,254
082006,2024,F,Y7,7.0,ALL,TOTAL,203
082006,2021,F,Y70,70.0,ALL,FRGAPO,1
082006,2023,F,Y70,70.0,ALL,FRGAPO,2
082006,2021,F,Y70,70.0,ALL,ITL,301
082006,2022,F,Y70,70.0,ALL,ITL,325
082006,2023,F,Y70,70.0,ALL,ITL,295
082006,2024,F,Y70,70.0,ALL,ITL,306
082006,2021,F,Y70,70.0,ALL,TOTAL,302
082006,2022,F,Y70,70.0,ALL,TOTAL,325
082006,2023,F,Y70,70.0,ALL,TOTAL,297
082006,2024,F,Y70,70.0,ALL,TOTAL,306
082006,2022,F,Y71,71.0,ALL,FRGAPO,1
082006,2024,F,Y71,71.0,ALL,FRGAPO,3
082006,2021,F,Y71,71.0,ALL,ITL,282
082006,2022,F,Y71,71.0,ALL,ITL,296
082006,2023,F,Y71,71.0,ALL,ITL,321
082006,2024,F,Y71,71.0,ALL,ITL,291
082006,2021,F,Y71,71.0,ALL,TOTAL,282
082006,2022,F,Y71,71.0,ALL,TOTAL,297
082006,2023,F,Y71,71.0,ALL,TOTAL,321
082006,2024,F,Y71,71.0,ALL,TOTAL,294
082006,2021,F,Y72,72.0,ALL,FRGAPO,3
082006,2022,F,Y72,72.0,ALL,FRGAPO,1
082006,2024,F,Y72,72.0,ALL,FRGAPO,1
082006,2021,F,Y72,72.0,ALL,ITL,296
082006,2022,F,Y72,72.0,ALL,ITL,282
082006,2023,F,Y72,72.0,ALL,ITL,293
082006,2024,F,Y72,72.0,ALL,ITL,313
082006,2021,F,Y72,72.0,ALL,TOTAL,299
082006,2022,F,Y72,72.0,ALL,TOTAL,283
082006,2023,F,Y72,72.0,ALL,TOTAL,293
082006,2024,F,Y72,72.0,ALL,TOTAL,314
082006,2022,F,Y73,73.0,ALL,FRGAPO,3
082006,2023,F,Y73,73.0,ALL,FRGAPO,1
082006,2021,F,Y73,73.0,ALL,ITL,322
082006,2022,F,Y73,73.0,ALL,ITL,292
082006,2023,F,Y73,73.0,ALL,ITL,275
082006,2024,F,Y73,73.0,ALL,ITL,293
082006,2021,F,Y73,73.0,ALL,TOTAL,322
082006,2022,F,Y73,73.0,ALL,TOTAL,295
082006,2023,F,Y73,73.0,ALL,TOTAL,276
082006,2024,F,Y73,73.0,ALL,TOTAL,293
082006,2023,F,Y74,74.0,ALL,FRGAPO,2
082006,2021,F,Y74,74.0,ALL,ITL,271
082006,2022,F,Y74,74.0,ALL,ITL,319
082006,2023,F,Y74,74.0,ALL,ITL,286
082006,2024,F,Y74,74.0,ALL,ITL,271
082006,2021,F,Y74,74.0,ALL,TOTAL,271
082006,2022,F,Y74,74.0,ALL,TOTAL,319
082006,2023,F,Y74,74.0,ALL,TOTAL,288
082006,2024,F,Y74,74.0,ALL,TOTAL,271
082006,2022,F,Y75,75.0,ALL,FRGAPO,1
082006,2024,F,Y75,75.0,ALL,FRGAPO,3
082006,2021,F,Y75,75.0,ALL,ITL,297
082006,2022,F,Y75,75.0,ALL,ITL,268
082006,2023,F,Y75,75.0,ALL,ITL,313
082006,2024,F,Y75,75.0,ALL,ITL,283
082006,2021,F,Y75,75.0,ALL,TOTAL,297
082006,2022,F,Y75,75.0,ALL,TOTAL,269
082006,2023,F,Y75,75.0,ALL,TOTAL,313
082006,2024,F,Y75,75.0,ALL,TOTAL,286
082006,2021,F,Y76,76.0,ALL,FRGAPO,1
082006,2023,F,Y76,76.0,ALL,FRGAPO,1
082006,2021,F,Y76,76.0,ALL,ITL,207
082006,2022,F,Y76,76.0,ALL,ITL,286
082006,2023,F,Y76,76.0,ALL,ITL,263
082006,2024,F,Y76,76.0,ALL,ITL,304
082006,2021,F,Y76,76.0,ALL,TOTAL,208
082006,2022,F,Y76,76.0,ALL,TOTAL,286
082006,2023,F,Y76,76.0,ALL,TOTAL,264
082006,2024,F,Y76,76.0,ALL,TOTAL,304
082006,2022,F,Y77,77.0,ALL,FRGAPO,1
082006,2024,F,Y77,77.0,ALL,FRGAPO,1
082006,2021,F,Y77,77.0,ALL,ITL,215
082006,2022,F,Y77,77.0,ALL,ITL,200
082006,2023,F,Y77,77.0,ALL,ITL,275
082006,2024,F,Y77,77.0,ALL,ITL,254
082006,2021,F,Y77,77.0,ALL,TOTAL,215
082006,2022,F,Y77,77.0,ALL,TOTAL,201
082006,2023,F,Y77,77.0,ALL,TOTAL,275
082006,2024,F,Y77,77.0,ALL,TOTAL,255
082006,2021,F,Y78,78.0,ALL,FRGAPO,1
082006,2023,F,Y78,78.0,ALL,FRGAPO,1
082006,2021,F,Y78,78.0,ALL,ITL,202
082006,2022,F,Y78,78.0,ALL,ITL,206
082006,2023,F,Y78,78.0,ALL,ITL,193
082006,2024,F,Y78,78.0,ALL,ITL,274
082006,2021,F,Y78,78.0,ALL,TOTAL,203
082006,2022,F,Y78,78.0,ALL,TOTAL,206
082006,2023,F,Y78,78.0,ALL,TOTAL,194
082006,2024,F,Y78,78.0,ALL,TOTAL,274
082006,2022,F,Y79,79.0,ALL,FRGAPO,1
082006,2024,F,Y79,79.0,ALL,FRGAPO,1
082006,2021,F,Y79,79.0,ALL,ITL,188
082006,2022,F,Y79,79.0,ALL,ITL,197
082006,2023,F,Y79,79.0,ALL,ITL,194
082006,2024,F,Y79,79.0,ALL,ITL,186
082006,2021,F,Y79,79.0,ALL,TOTAL,188
082006,2022,F,Y79,79.0,ALL,TOTAL,198
082006,2023,F,Y79,79.0,ALL,TOTAL,194
082006,2024,F,Y79,79.0,ALL,TOTAL,187
082006,2021,F,Y8,8.0,ALL,FRGAPO,1
082006,2022,F,Y8,8.0,ALL,FRGAPO,5
082006,2023,F,Y8,8.0,ALL,FRGAPO,4
082006,2024,F,Y8,8.0,ALL,FRGAPO,3
082006,2021,F,Y8,8.0,ALL,ITL,214
082006,2022,F,Y8,8.0,ALL,ITL,248
082006,2023,F,Y8,8.0,ALL,ITL,237
082006,2024,F,Y8,8.0,ALL,ITL,253
082006,2021,F,Y8,8.0,ALL,TOTAL,215
082006,2022,F,Y8,8.0,ALL,TOTAL,253
082006,2023,F,Y8,8.0,ALL,TOTAL,241
082006,2024,F,Y8,8.0,ALL,TOTAL,256
082006,2023,F,Y80,80.0,ALL,FRGAPO,1
082006,2021,F,Y80,80.0,ALL,ITL,204
082006,2022,F,Y80,80.0,ALL,ITL,179
082006,2023,F,Y80,80.0,ALL,ITL,187
082006,2024,F,Y80,80.0,ALL,ITL,191
082006,2021,F,Y80,80.0,ALL,TOTAL,204
082006,2022,F,Y80,80.0,ALL,TOTAL,179
082006,2023,F,Y80,80.0,ALL,TOTAL,188
082006,2024,F,Y80,80.0,ALL,TOTAL,191
082006,2021,F,Y81,81.0,ALL,FRGAPO,1
082006,2024,F,Y81,81.0,ALL,FRGAPO,1
082006,2021,F,Y81,81.0,ALL,ITL,164
082006,2022,F,Y81,81.0,ALL,ITL,199
082006,2023,F,Y81,81.0,ALL,ITL,172
082006,2024,F,Y81,81.0,ALL,ITL,180
082006,2021,F,Y81,81.0,ALL,TOTAL,165
082006,2022,F,Y81,81.0,ALL,TOTAL,199
082006,2023,F,Y81,81.0,ALL,TOTAL,172
082006,2024,F,Y81,81.0,ALL,TOTAL,181
082006,2021,F,Y82,82.0,ALL,ITL,177
082006,2022,F,Y82,82.0,ALL,ITL,157
082006,2023,F,Y82,82.0,ALL,ITL,184
082006,2024,F,Y82,82.0,ALL,ITL,163
082006,2021,F,Y82,82.0,ALL,TOTAL,177
082006,2022,F,Y82,82.0,ALL,TOTAL,157
082006,2023,F,Y82,82.0,ALL,TOTAL,184
082006,2024,F,Y82,82.0,ALL,TOTAL,163
082006,2021,F,Y83,83.0,ALL,ITL,199
082006,2022,F,Y83,83.0,ALL,ITL,165
082006,2023,F,Y83,83.0,ALL,ITL,150
082006,2024,F,Y83,83.0,ALL,ITL,172
082006,2021,F,Y83,83.0,ALL,TOTAL,199
082006,2022,F,Y83,83.0,ALL,TOTAL,165
082006,2023,F,Y83,83.0,ALL,TOTAL,150
082006,2024,F,Y83,83.0,ALL,TOTAL,172
082006,2021,F,Y84,84.0,ALL,FRGAPO,1
082006,2021,F,Y84,84.0,ALL,ITL,159
082006,2022,F,Y84,84.0,ALL,ITL,188
082006,2023,F,Y84,84.0,ALL,ITL,154
082006,2024,F,Y84,84.0,ALL,ITL,141
082006,2021,F,Y84,84.0,ALL,TOTAL,160
082006,2022,F,Y84,84.0,ALL,TOTAL,188
082006,2023,F,Y84,84.0,ALL,TOTAL,154
082006,2024,F,Y84,84.0,ALL,TOTAL,141
082006,2022,F,Y85,85.0,ALL,FRGAPO,1
082006,2021,F,Y85,85.0,ALL,ITL,141
082006,2022,F,Y85,85.0,ALL,ITL,146
082006,2023,F,Y85,85.0,ALL,ITL,175
082006,2024,F,Y85,85.0,ALL,ITL,143
082006,2021,F,Y85,85.0,ALL,TOTAL,141
082006,2022,F,Y85,85.0,ALL,TOTAL,147
082006,2023,F,Y85,85.0,ALL,TOTAL,175
082006,2024,F,Y85,85.0,ALL,TOTAL,143
082006,2023,F,Y86,86.0,ALL,FRGAPO,2
082006,2021,F,Y86,86.0,ALL,ITL,151
082006,2022,F,Y86,86.0,ALL,ITL,130
082006,2023,F,Y86,86.0,ALL,ITL,135
082006,2024,F,Y86,86.0,ALL,ITL,163
082006,2021,F,Y86,86.0,ALL,TOTAL,151
082006,2022,F,Y86,86.0,ALL,TOTAL,130
082006,2023,F,Y86,86.0,ALL,TOTAL,137
082006,2024,F,Y86,86.0,ALL,TOTAL,163
082006,2024,F,Y87,87.0,ALL,FRGAPO,2
082006,2021,F,Y87,87.0,ALL,ITL,118
082006,2022,F,Y87,87.0,ALL,ITL,131
082006,2023,F,Y87,87.0,ALL,ITL,121
082006,2024,F,Y87,87.0,ALL,ITL,118
082006,2021,F,Y87,87.0,ALL,TOTAL,118
082006,2022,F,Y87,87.0,ALL,TOTAL,131
082006,2023,F,Y87,87.0,ALL,TOTAL,121
082006,2024,F,Y87,87.0,ALL,TOTAL,120
082006,2021,F,Y88,88.0,ALL,ITL,100
082006,2022,F,Y88,88.0,ALL,ITL,109
082006,2023,F,Y88,88.0,ALL,ITL,113
082006,2024,F,Y88,88.0,ALL,ITL,103
082006,2021,F,Y88,88.0,ALL,TOTAL,100
082006,2022,F,Y88,88.0,ALL,TOTAL,109
082006,2023,F,Y88,88.0,ALL,TOTAL,113
082006,2024,F,Y88,88.0,ALL,TOTAL,103
082006,2021,F,Y89,89.0,ALL,ITL,85
082006,2022,F,Y89,89.0,ALL,ITL,87
082006,2023,F,Y89,89.0,ALL,ITL,93
082006,2024,F,Y89,89.0,ALL,ITL,97
082006,2021,F,Y89,89.0,ALL,TOTAL,85
082006,2022,F,Y89,89.0,ALL,TOTAL,87
082006,2023,F,Y89,89.0,ALL,TOTAL,93
082006,2024,F,Y89,89.0,ALL,TOTAL,97
082006,2022,F,Y9,9.0,ALL,FRGAPO,2
082006,2023,F,Y9,9.0,ALL,FRGAPO,4
082006,2024,F,Y9,9.0,ALL,FRGAPO,4
082006,2021,F,Y9,9.0,ALL,ITL,264
082006,2022,F,Y9,9.0,ALL,ITL,211
082006,2023,F,Y9,9.0,ALL,ITL,243
082006,2024,F,Y9,9.0,ALL,ITL,240
082006,2021,F,Y9,9.0,ALL,TOTAL,264
082006,2022,F,Y9,9.0,ALL,TOTAL,213
082006,2023,F,Y9,9.0,ALL,TOTAL,247
082006,2024,F,Y9,9.0,ALL,TOTAL,244
082006,2021,F,Y90,90.0,ALL,ITL,68
082006,2022,F,Y90,90.0,ALL,ITL,73
082006,2023,F,Y90,90.0,ALL,ITL,71
082006,2024,F,Y90,90.0,ALL,ITL,80
082006,2021,F,Y90,90.0,ALL,TOTAL,68
082006,2022,F,Y90,90.0,ALL,TOTAL,73
082006,2023,F,Y90,90.0,ALL,TOTAL,71
082006,2024,F,Y90,90.0,ALL,TOTAL,80
082006,2021,F,Y91,91.0,ALL,ITL,56
082006,2022,F,Y91,91.0,ALL,ITL,55
082006,2023,F,Y91,91.0,ALL,ITL,58
082006,2024,F,Y91,91.0,ALL,ITL,62
082006,2021,F,Y91,91.0,ALL,TOTAL,56
082006,2022,F,Y91,91.0,ALL,TOTAL,55
082006,2023,F,Y91,91.0,ALL,TOTAL,58
082006,2024,F,Y91,91.0,ALL,TOTAL,62
082006,2021,F,Y92,92.0,ALL,ITL,45
082006,2022,F,Y92,92.0,ALL,ITL,44
082006,2023,F,Y92,92.0,ALL,ITL,47
082006,2024,F,Y92,92.0,ALL,ITL,48
082006,2021,F,Y92,92.0,ALL,TOTAL,45
082006,2022,F,Y92,92.0,ALL,TOTAL,44
082006,2023,F,Y92,92.0,ALL,TOTAL,47
082006,2024,F,Y92,92.0,ALL,TOTAL,48
082006,2021,F,Y93,93.0,ALL,ITL,29
082006,2022,F,Y93,93.0,ALL,ITL,37
082006,2023,F,Y93,93.0,ALL,ITL,35
082006,2024,F,Y93,93.0,ALL,ITL,42
082006,2021,F,Y93,93.0,ALL,TOTAL,29
082006,2022,F,Y93,93.0,ALL,TOTAL,37
082006,2023,F,Y93,93.0,ALL,TOTAL,35
082006,2024,F,Y93,93.0,ALL,TOTAL,42
082006,2021,F,Y94,94.0,ALL,ITL,31
082006,2022,F,Y94,94.0,ALL,ITL,21
082006,2023,F,Y94,94.0,ALL,ITL,23
082006,2024,F,Y94,94.0,ALL,ITL,29
082006,2021,F,Y94,94.0,ALL,TOTAL,31
082006,2022,F,Y94,94.0,ALL,TOTAL,21
082006,2023,F,Y94,94.0,ALL,TOTAL,23
082006,2024,F,Y94,94.0,ALL,TOTAL,29
082006,2021,F,Y95,95.0,ALL,ITL,22
082006,2022,F,Y95,95.0,ALL,ITL,21
082006,2023,F,Y95,95.0,ALL,ITL,16
082006,2024,F,Y95,95.0,ALL,ITL,18
082006,2021,F,Y95,95.0,ALL,TOTAL,22
082006,2022,F,Y95,95.0,ALL,TOTAL,21
082006,2023,F,Y95,95.0,ALL,TOTAL,16
082006,2024,F,Y95,95.0,ALL,TOTAL,18
082006,2021,F,Y96,96.0,ALL,ITL,14
082006,2022,F,Y96,96.0,ALL,ITL,11
082006,2023,F,Y96,96.0,ALL,ITL,15
082006,2024,F,Y96,96.0,ALL,ITL,12
082006,2021,F,Y96,96.0,ALL,TOTAL,14
082006,2022,F,Y96,96.0,ALL,TOTAL,11
082006,2023,F,Y96,96.0,ALL,TOTAL,15
082006,2024,F,Y96,96.0,ALL,TOTAL,12
082006,2021,F,Y97,97.0,ALL,ITL,14
082006,2022,F,Y97,97.0,ALL,ITL,11
082006,2023,F,Y97,97.0,ALL,ITL,5
082006,2024,F,Y97,97.0,ALL,ITL,14
082006,2021,F,Y97,97.0,ALL,TOTAL,14
082006,2022,F,Y97,97.0,ALL,TOTAL,11
082006,2023,F,Y97,97.0,ALL,TOTAL,5
082006,2024,F,Y97,97.0,ALL,TOTAL,14
082006,2021,F,Y98,98.0,ALL,ITL,5
082006,2022,F,Y98,98.0,ALL,ITL,7
082006,2023,F,Y98,98.0,ALL,ITL,10
082006,2024,F,Y98,98.0,ALL,ITL,3
082006,2021,F,Y98,98.0,ALL,TOTAL,5
082006,2022,F,Y98,98.0,ALL,TOTAL,7
082006,2023,F,Y98,98.0,ALL,TOTAL,10
082006,2024,F,Y98,98.0,ALL,TOTAL,3
082006,2021,F,Y99,99.0,ALL,ITL,5
082006,2022,F,Y99,99.0,ALL,ITL,5
082006,2023,F,Y99,99.0,ALL,ITL,4
082006,2024,F,Y99,99.0,ALL,ITL,8
082006,2021,F,Y99,99.0,ALL,TOTAL,5
082006,2022,F,Y99,99.0,ALL,TOTAL,5
082006,2023,F,Y99,99.0,ALL,TOTAL,4
082006,2024,F,Y99,99.0,ALL,TOTAL,8
082006,2018,M,TOTAL,,ALL,FRGAPO,198
082006,2019,M,TOTAL,,ALL,FRGAPO,216
082006,2020,M,TOTAL,,ALL,FRGAPO,233
082006,2021,M,TOTAL,,ALL,FRGAPO,222
082006,2022,M,TOTAL,,ALL,FRGAPO,256
082006,2023,M,TOTAL,,ALL,FRGAPO,267
082006,2024,M,TOTAL,,ALL,FRGAPO,302
082006,2018,M,TOTAL,,ALL,ITL,25984
082006,2019,M,TOTAL,,ALL,ITL,25819
082006,2020,M,TOTAL,,ALL,ITL,25564
082006,2021,M,TOTAL,,ALL,ITL,25750
082006,2022,M,TOTAL,,ALL,ITL,25630
082006,2023,M,TOTAL,,ALL,ITL,25608
082006,2024,M,TOTAL,,ALL,ITL,25625
082006,2018,M,TOTAL,,ALL,TOTAL,26182
082006,2019,M,TOTAL,,ALL,TOTAL,26035
082006,2020,M,TOTAL,,ALL,TOTAL,25797
082006,2021,M,TOTAL,,ALL,TOTAL,25972
082006,2022,M,TOTAL,,ALL,TOTAL,25886
082006,2023,M,TOTAL,,ALL,TOTAL,25875
082006,2024,M,TOTAL,,ALL,TOTAL,25927
082006,2018,M,Y_GE100,,ALL,ITL,1
082006,2020,M,Y_GE100,,ALL,ITL,1
082006,2021,M,Y_GE100,,ALL,ITL,2
082006,2022,M,Y_GE100,,ALL,ITL,2
082006,2023,M,Y_GE100,,ALL,ITL,2
082006,2024,M,Y_GE100,,ALL,ITL,1
082006,2018,M,Y_GE100,,ALL,TOTAL,1
082006,2020,M,Y_GE100,,ALL,TOTAL,1
082006,2021,M,Y_GE100,,ALL,TOTAL,2
082006,2022,M,Y_GE100,,ALL,TOTAL,2
082006,2023,M,Y_GE100,,ALL,TOTAL,2
082006,2024,M,Y_GE100,,ALL,TOTAL,1
082006,2021,M,Y0,0.0,ALL,FRGAPO,2
082006,2022,M,Y0,0.0,ALL,FRGAPO,2
082006,2023,M,Y0,0.0,ALL,FRGAPO,5
082006,2024,M,Y0,0.0,ALL,FRGAPO,4
082006,2021,M,Y0,0.0,ALL,ITL,220
082006,2022,M,Y0,0.0,ALL,ITL,260
082006,2023,M,Y0,0.0,ALL,ITL,252
082006,2024,M,Y0,0.0,ALL,ITL,198
082006,2021,M,Y0,0.0,ALL,TOTAL,222
082006,2022,M,Y0,0.0,ALL,TOTAL,262
082006,2023,M,Y0,0.0,ALL,TOTAL,257
082006,2024,M,Y0,0.0,ALL,TOTAL,202
082006,2021,M,Y1,1.0,ALL,FRGAPO,3
082006,2022,M,Y1,1.0,ALL,FRGAPO,3
082006,2023,M,Y1,1.0,ALL,FRGAPO,2
082006,2024,M,Y1,1.0,ALL,FRGAPO,6
082006,2021,M,Y1,1.0,ALL,ITL,252
082006,2022,M,Y1,1.0,ALL,ITL,222
082006,2023,M,Y1,1.0,ALL,ITL,264
082006,2024,M,Y1,1.0,ALL,ITL,259
082006,2021,M,Y1,1.0,ALL,TOTAL,255
082006,2022,M,Y1,1.0,ALL,TOTAL,225
082006,2023,M,Y1,1.0,ALL,TOTAL,266
082006,2024,M,Y1,1.0,ALL,TOTAL,265
082006,2021,M,Y10,10.0,ALL,FRGAPO,2
082006,2022,M,Y10,10.0,ALL,FRGAPO,3
082006,2024,M,Y10,10.0,ALL,FRGAPO,5
082006,2021,M,Y10,10.0,ALL,ITL,288
082006,2022,M,Y10,10.0,ALL,ITL,307
082006,2023,M,Y10,10.0,ALL,ITL,278
082006,2024,M,Y10,10.0,ALL,ITL,276
082006,2021,M,Y10,10.0,ALL,TOTAL,290
082006,2022,M,Y10,10.0,ALL,TOTAL,310
082006,2023,M,Y10,10.0,ALL,TOTAL,278
082006,2024,M,Y10,10.0,ALL,TOTAL,281
082006,2021,M,Y11,11.0,ALL,FRGAPO,2
082006,2022,M,Y11,11.0,ALL,FRGAPO,2
082006,2023,M,Y11,11.0,ALL,FRGAPO,5
082006,2024,M,Y11,11.0,ALL,FRGAPO,1
082006,2021,M,Y11,11.0,ALL,ITL,307
082006,2022,M,Y11,11.0,ALL,ITL,286
082006,2023,M,Y11,11.0,ALL,ITL,302
082006,2024,M,Y11,11.0,ALL,ITL,280
082006,2021,M,Y11,11.0,ALL,TOTAL,309
082006,2022,M,Y11,11.0,ALL,TOTAL,288
082006,2023,M,Y11,11.0,ALL,TOTAL,307
082006,2024,M,Y11,11.0,ALL,TOTAL,281
082006,2022,M,Y12,12.0,ALL,FRGAPO,2
082006,2023,M,Y12,12.0,ALL,FRGAPO,2
082006,2024,M,Y12,12.0,ALL,FRGAPO,5
082006,2021,M,Y12,12.0,ALL,ITL,307
082006,2022,M,Y12,12.0,ALL,ITL,299
082006,2023,M,Y12,12.0,ALL,ITL,284
082006,2024,M,Y12,12.0,ALL,ITL,301
082006,2021,M,Y12,12.0,ALL,TOTAL,307
082006,2022,M,Y12,12.0,ALL,TOTAL,301
082006,2023,M,Y12,12.0,ALL,TOTAL,286
082006,2024,M,Y12,12.0,ALL,TOTAL,306
082006,2021,M,Y13,13.0,ALL,FRGAPO,2
082006,2023,M,Y13,13.0,ALL,FRGAPO,3
082006,2024,M,Y13,13.0,ALL,FRGAPO,4
082006,2021,M,Y13,13.0,ALL,ITL,283
082006,2022,M,Y13,13.0,ALL,ITL,306
082006,2023,M,Y13,13.0,ALL,ITL,299
082006,2024,M,Y13,13.0,ALL,ITL,282
082006,2021,M,Y13,13.0,ALL,TOTAL,285
082006,2022,M,Y13,13.0,ALL,TOTAL,306
082006,2023,M,Y13,13.0,ALL,TOTAL,302
082006,2024,M,Y13,13.0,ALL,TOTAL,286
082006,2021,M,Y14,14.0,ALL,FRGAPO,2
082006,2022,M,Y14,14.0,ALL,FRGAPO,2
082006,2024,M,Y14,14.0,ALL,FRGAPO,3
082006,2021,M,Y14,14.0,ALL,ITL,317
082006,2022,M,Y14,14.0,ALL,ITL,279
082006,2023,M,Y14,14.0,ALL,ITL,304
082006,2024,M,Y14,14.0,ALL,ITL,300
082006,2021,M,Y14,14.0,ALL,TOTAL,319
082006,2022,M,Y14,14.0,ALL,TOTAL,281
082006,2023,M,Y14,14.0,ALL,TOTAL,304
082006,2024,M,Y14,14.0,ALL,TOTAL,303
082006,2022,M,Y15,15.0,ALL,FRGAPO,3
082006,2023,M,Y15,15.0,ALL,FRGAPO,2
082006,2021,M,Y15,15.0,ALL,ITL,290
082006,2022,M,Y15,15.0,ALL,ITL,313
082006,2023,M,Y15,15.0,ALL,ITL,282
082006,2024,M,Y15,15.0,ALL,ITL,304
082006,2021,M,Y15,15.0,ALL,TOTAL,290
082006,2022,M,Y15,15.0,ALL,TOTAL,316
082006,2023,M,Y15,15.0,ALL,TOTAL,284
082006,2024,M,Y15,15.0,ALL,TOTAL,304
082006,2021,M,Y16,16.0,ALL,FRGAPO,4
082006,2023,M,Y16,16.0,ALL,FRGAPO,3
082006,2024,M,Y16,16.0,ALL,FRGAPO,2
082006,2021,M,Y16,16.0,ALL,ITL,296
082006,2022,M,Y16,16.0,ALL,ITL,290
082006,2023,M,Y16,16.0,ALL,ITL,307
082006,2024,M,Y16,16.0,ALL,ITL,285
082006,2021,M,Y16,16.0,ALL,TOTAL,300
082006,2022,M,Y16,16.0,ALL,TOTAL,290
082006,2023,M,Y16,16.0,ALL,TOTAL,310
082006,2024,M,Y16,16.0,ALL,TOTAL,287
082006,2021,M,Y17,17.0,ALL,FRGAPO,5
082006,2022,M,Y17,17.0,ALL,FRGAPO,4
082006,2023,M,Y17,17.0,ALL,FRGAPO,1
082006,2024,M,Y17,17.0,ALL,FRGAPO,4
082006,2021,M,Y17,17.0,ALL,ITL,323
082006,2022,M,Y17,17.0,ALL,ITL,296
082006,2023,M,Y17,17.0,ALL,ITL,285
082006,2024,M,Y17,17.0,ALL,ITL,311
082006,2021,M,Y17,17.0,ALL,TOTAL,328
082006,2022,M,Y17,17.0,ALL,TOTAL,300
082006,2023,M,Y17,17.0,ALL,TOTAL,286
082006,2024,M,Y17,17.0,ALL,TOTAL,315
082006,2022,M,Y18,18.0,ALL,FRGAPO,6
082006,2023,M,Y18,18.0,ALL,FRGAPO,3
082006,2021,M,Y18,18.0,ALL,ITL,299
082006,2022,M,Y18,18.0,ALL,ITL,323
082006,2023,M,Y18,18.0,ALL,ITL,296
082006,2024,M,Y18,18.0,ALL,ITL,287
082006,2021,M,Y18,18.0,ALL,TOTAL,299
082006,2022,M,Y18,18.0,ALL,TOTAL,329
082006,2023,M,Y18,18.0,ALL,TOTAL,299
082006,2024,M,Y18,18.0,ALL,TOTAL,287
082006,2021,M,Y19,19.0,ALL,FRGAPO,2
082006,2023,M,Y19,19.0,ALL,FRGAPO,6
082006,2024,M,Y19,19.0,ALL,FRGAPO,3
082006,2021,M,Y19,19.0,ALL,ITL,295
082006,2022,M,Y19,19.0,ALL,ITL,297
082006,2023,M,Y19,19.0,ALL,ITL,321
082006,2024,M,Y19,19.0,ALL,ITL,293
082006,2021,M,Y19,19.0,ALL,TOTAL,297
082006,2022,M,Y19,19.0,ALL,TOTAL,297
082006,2023,M,Y19,19.0,ALL,TOTAL,327
082006,2024,M,Y19,19.0,ALL,TOTAL,296
082006,2021,M,Y2,2.0,ALL,FRGAPO,2
082006,2022,M,Y2,2.0,ALL,FRGAPO,3
082006,2023,M,Y2,2.0,ALL,FRGAPO,2
082006,2024,M,Y2,2.0,ALL,FRGAPO,3
082006,2021,M,Y2,2.0,ALL,ITL,257
082006,2022,M,Y2,2.0,ALL,ITL,251
082006,2023,M,Y2,2.0,ALL,ITL,224
082006,2024,M,Y2,2.0,ALL,ITL,265
082006,2021,M,Y2,2.0,ALL,TOTAL,259
082006,2022,M,Y2,2.0,ALL,TOTAL,254
082006,2023,M,Y2,2.0,ALL,TOTAL,226
082006,2024,M,Y2,2.0,ALL,TOTAL,268
082006,2021,M,Y20,20.0,ALL,FRGAPO,4
082006,2022,M,Y20,20.0,ALL,FRGAPO,4
082006,2024,M,Y20,20.0,ALL,FRGAPO,8
082006,2021,M,Y20,20.0,ALL,ITL,311
082006,2022,M,Y20,20.0,ALL,ITL,288
082006,2023,M,Y20,20.0,ALL,ITL,300
082006,2024,M,Y20,20.0,ALL,ITL,320
082006,2021,M,Y20,20.0,ALL,TOTAL,315
082006,2022,M,Y20,20.0,ALL,TOTAL,292
082006,2023,M,Y20,20.0,ALL,TOTAL,300
082006,2024,M,Y20,20.0,ALL,TOTAL,328
082006,2021,M,Y21,21.0,ALL,FRGAPO,5
082006,2022,M,Y21,21.0,ALL,FRGAPO,5
082006,2023,M,Y21,21.0,ALL,FRGAPO,5
082006,2024,M,Y21,21.0,ALL,FRGAPO,1
082006,2021,M,Y21,21.0,ALL,ITL,298
082006,2022,M,Y21,21.0,ALL,ITL,310
082006,2023,M,Y21,21.0,ALL,ITL,280
082006,2024,M,Y21,21.0,ALL,ITL,296
082006,2021,M,Y21,21.0,ALL,TOTAL,303
082006,2022,M,Y21,21.0,ALL,TOTAL,315
082006,2023,M,Y21,21.0,ALL,TOTAL,285
082006,2024,M,Y21,21.0,ALL,TOTAL,297
082006,2021,M,Y22,22.0,ALL,FRGAPO,8
082006,2022,M,Y22,22.0,ALL,FRGAPO,4
082006,2023,M,Y22,22.0,ALL,FRGAPO,2
082006,2024,M,Y22,22.0,ALL,FRGAPO,4
082006,2021,M,Y22,22.0,ALL,ITL,279
082006,2022,M,Y22,22.0,ALL,ITL,302
082006,2023,M,Y22,22.0,ALL,ITL,307
082006,2024,M,Y22,22.0,ALL,ITL,279
082006,2021,M,Y22,22.0,ALL,TOTAL,287
082006,2022,M,Y22,22.0,ALL,TOTAL,306
082006,2023,M,Y22,22.0,ALL,TOTAL,309
082006,2024,M,Y22,22.0,ALL,TOTAL,283
082006,2021,M,Y23,23.0,ALL,FRGAPO,2
082006,2022,M,Y23,23.0,ALL,FRGAPO,11
082006,2023,M,Y23,23.0,ALL,FRGAPO,5
082006,2024,M,Y23,23.0,ALL,FRGAPO,1
082006,2021,M,Y23,23.0,ALL,ITL,304
082006,2022,M,Y23,23.0,ALL,ITL,276
082006,2023,M,Y23,23.0,ALL,ITL,305
082006,2024,M,Y23,23.0,ALL,ITL,310
082006,2021,M,Y23,23.0,ALL,TOTAL,306
082006,2022,M,Y23,23.0,ALL,TOTAL,287
082006,2023,M,Y23,23.0,ALL,TOTAL,310
082006,2024,M,Y23,23.0,ALL,TOTAL,311
082006,2021,M,Y24,24.0,ALL,FRGAPO,4
082006,2022,M,Y24,24.0,ALL,FRGAPO,1
082006,2023,M,Y24,24.0,ALL,FRGAPO,10
082006,2024,M,Y24,24.0,ALL,FRGAPO,6
082006,2021,M,Y24,24.0,ALL,ITL,310
082006,2022,M,Y24,24.0,ALL,ITL,302
082006,2023,M,Y24,24.0,ALL,ITL,278
082006,2024,M,Y24,24.0,ALL,ITL,308
082006,2021,M,Y24,24.0,ALL,TOTAL,314
082006,2022,M,Y24,24.0,ALL,TOTAL,303
082006,2023,M,Y24,24.0,ALL,TOTAL,288
082006,2024,M,Y24,24.0,ALL,TOTAL,314
082006,2021,M,Y25,25.0,ALL,FRGAPO,1
082006,2022,M,Y25,25.0,ALL,FRGAPO,3
082006,2023,M,Y25,25.0,ALL,FRGAPO,1
082006,2024,M,Y25,25.0,ALL,FRGAPO,10
082006,2021,M,Y25,25.0,ALL,ITL,288
082006,2022,M,Y25,25.0,ALL,ITL,304
082006,2023,M,Y25,25.0,ALL,ITL,302
082006,2024,M,Y25,25.0,ALL,ITL,276
082006,2021,M,Y25,25.0,ALL,TOTAL,289
082006,2022,M,Y25,25.0,ALL,TOTAL,307
082006,2023,M,Y25,25.0,ALL,TOTAL,303
082006,2024,M,Y25,25.0,ALL,TOTAL,286
082006,2021,M,Y26,26.0,ALL,FRGAPO,2
082006,2022,M,Y26,26.0,ALL,FRGAPO,2
082006,2023,M,Y26,26.0,ALL,FRGAPO,5
082006,2024,M,Y26,26.0,ALL,FRGAPO,4
082006,2021,M,Y26,26.0,ALL,ITL,288
082006,2022,M,Y26,26.0,ALL,ITL,285
082006,2023,M,Y26,26.0,ALL,ITL,294
082006,2024,M,Y26,26.0,ALL,ITL,296
082006,2021,M,Y26,26.0,ALL,TOTAL,290
082006,2022,M,Y26,26.0,ALL,TOTAL,287
082006,2023,M,Y26,26.0,ALL,TOTAL,299
082006,2024,M,Y26,26.0,ALL,TOTAL,300
082006,2021,M,Y27,27.0,ALL,FRGAPO,4
082006,2022,M,Y27,27.0,ALL,FRGAPO,5
082006,2023,M,Y27,27.0,ALL,FRGAPO,4
082006,2024,M,Y27,27.0,ALL,FRGAPO,6
082006,2021,M,Y27,27.0,ALL,ITL,289
082006,2022,M,Y27,27.0,ALL,ITL,284
082006,2023,M,Y27,27.0,ALL,ITL,271
082006,2024,M,Y27,27.0,ALL,ITL,303
082006,2021,M,Y27,27.0,ALL,TOTAL,293
082006,2022,M,Y27,27.0,ALL,TOTAL,289
082006,2023,M,Y27,27.0,ALL,TOTAL,275
082006,2024,M,Y27,27.0,ALL,TOTAL,309
082006,2021,M,Y28,28.0,ALL,FRGAPO,6
082006,2022,M,Y28,28.0,ALL,FRGAPO,8
082006,2023,M,Y28,28.0,ALL,FRGAPO,4
082006,2024,M,Y28,28.0,ALL,FRGAPO,6
082006,2021,M,Y28,28.0,ALL,ITL,291
082006,2022,M,Y28,28.0,ALL,ITL,290
082006,2023,M,Y28,28.0,ALL,ITL,286
082006,2024,M,Y28,28.0,ALL,ITL,271
082006,2021,M,Y28,28.0,ALL,TOTAL,297
082006,2022,M,Y28,28.0,ALL,TOTAL,298
082006,2023,M,Y28,28.0,ALL,TOTAL,290
082006,2024,M,Y28,28.0,ALL,TOTAL,277
082006,2021,M,Y29,29.0,ALL,FRGAPO,4
082006,2022,M,Y29,29.0,ALL,FRGAPO,7
082006,2023,M,Y29,29.0,ALL,FRGAPO,10
082006,2024,M,Y29,29.0,ALL,FRGAPO,5
082006,2021,M,Y29,29.0,ALL,ITL,291
082006,2022,M,Y29,29.0,ALL,ITL,294
082006,2023,M,Y29,29.0,ALL,ITL,298
082006,2024,M,Y29,29.0,ALL,ITL,281
082006,2021,M,Y29,29.0,ALL,TOTAL,295
082006,2022,M,Y29,29.0,ALL,TOTAL,301
082006,2023,M,Y29,29.0,ALL,TOTAL,308
082006,2024,M,Y29,29.0,ALL,TOTAL,286
082006,2021,M,Y3,3.0,ALL,FRGAPO,4
082006,2022,M,Y3,3.0,ALL,FRGAPO,2
082006,2023,M,Y3,3.0,ALL,FRGAPO,4
082006,2021,M,Y3,3.0,ALL,ITL,280
082006,2022,M,Y3,3.0,ALL,ITL,255
082006,2023,M,Y3,3.0,ALL,ITL,250
082006,2024,M,Y3,3.0,ALL,ITL,221
082006,2021,M,Y3,3.0,ALL,TOTAL,284
082006,2022,M,Y3,3.0,ALL,TOTAL,257
082006,2023,M,Y3,3.0,ALL,TOTAL,254
082006,2024,M,Y3,3.0,ALL,TOTAL,221
082006,2021,M,Y30,30.0,ALL,FRGAPO,5
082006,2022,M,Y30,30.0,ALL,FRGAPO,6
082006,2023,M,Y30,30.0,ALL,FRGAPO,6
082006,2024,M,Y30,30.0,ALL,FRGAPO,14
082006,2021,M,Y30,30.0,ALL,ITL,293
082006,2022,M,Y30,30.0,ALL,ITL,293
082006,2023,M,Y30,30.0,ALL,ITL,297
082006,2024,M,Y30,30.0,ALL,ITL,295
082006,2021,M,Y30,30.0,ALL,TOTAL,298
082006,2022,M,Y30,30.0,ALL,TOTAL,299
082006,2023,M,Y30,30.0,ALL,TOTAL,303
082006,2024,M,Y30,30.0,ALL,TOTAL,309
082006,2021,M,Y31,31.0,ALL,FRGAPO,5
082006,2022,M,Y31,31.0,ALL,FRGAPO,5
082006,2023,M,Y31,31.0,ALL,FRGAPO,8
082006,2024,M,Y31,31.0,ALL,FRGAPO,9
082006,2021,M,Y31,31.0,ALL,ITL,319
082006,2022,M,Y31,31.0,ALL,ITL,294
082006,2023,M,Y31,31.0,ALL,ITL,290
082006,2024,M,Y31,31.0,ALL,ITL,300
082006,2021,M,Y31,31.0,ALL,TOTAL,324
082006,2022,M,Y31,31.0,ALL,TOTAL,299
082006,2023,M,Y31,31.0,ALL,TOTAL,298
082006,2024,M,Y31,31.0,ALL,TOTAL,309
082006,2021,M,Y32,32.0,ALL,FRGAPO,5
082006,2022,M,Y32,32.0,ALL,FRGAPO,8
082006,2023,M,Y32,32.0,ALL,FRGAPO,3
082006,2024,M,Y32,32.0,ALL,FRGAPO,9
082006,2021,M,Y32,32.0,ALL,ITL,342
082006,2022,M,Y32,32.0,ALL,ITL,310
082006,2023,M,Y32,32.0,ALL,ITL,290
082006,2024,M,Y32,32.0,ALL,ITL,291
082006,2021,M,Y32,32.0,ALL,TOTAL,347
082006,2022,M,Y32,32.0,ALL,TOTAL,318
082006,2023,M,Y32,32.0,ALL,TOTAL,293
082006,2024,M,Y32,32.0,ALL,TOTAL,300
082006,2021,M,Y33,33.0,ALL,FRGAPO,6
082006,2022,M,Y33,33.0,ALL,FRGAPO,8
082006,2023,M,Y33,33.0,ALL,FRGAPO,7
082006,2024,M,Y33,33.0,ALL,FRGAPO,4
082006,2021,M,Y33,33.0,ALL,ITL,316
082006,2022,M,Y33,33.0,ALL,ITL,349
082006,2023,M,Y33,33.0,ALL,ITL,310
082006,2024,M,Y33,33.0,ALL,ITL,287
082006,2021,M,Y33,33.0,ALL,TOTAL,322
082006,2022,M,Y33,33.0,ALL,TOTAL,357
082006,2023,M,Y33,33.0,ALL,TOTAL,317
082006,2024,M,Y33,33.0,ALL,TOTAL,291
082006,2021,M,Y34,34.0,ALL,FRGAPO,7
082006,2022,M,Y34,34.0,ALL,FRGAPO,6
082006,2023,M,Y34,34.0,ALL,FRGAPO,9
082006,2024,M,Y34,34.0,ALL,FRGAPO,9
082006,2021,M,Y34,34.0,ALL,ITL,319
082006,2022,M,Y34,34.0,ALL,ITL,312
082006,2023,M,Y34,34.0,ALL,ITL,339
082006,2024,M,Y34,34.0,ALL,ITL,317
082006,2021,M,Y34,34.0,ALL,TOTAL,326
082006,2022,M,Y34,34.0,ALL,TOTAL,318
082006,2023,M,Y34,34.0,ALL,TOTAL,348
082006,2024,M,Y34,34.0,ALL,TOTAL,326
082006,2021,M,Y35,35.0,ALL,FRGAPO,4
082006,2022,M,Y35,35.0,ALL,FRGAPO,8
082006,2023,M,Y35,35.0,ALL,FRGAPO,8
082006,2024,M,Y35,35.0,ALL,FRGAPO,9
082006,2021,M,Y35,35.0,ALL,ITL,339
082006,2022,M,Y35,35.0,ALL,ITL,312
082006,2023,M,Y35,35.0,ALL,ITL,322
082006,2024,M,Y35,35.0,ALL,ITL,340
082006,2021,M,Y35,35.0,ALL,TOTAL,343
082006,2022,M,Y35,35.0,ALL,TOTAL,320
082006,2023,M,Y35,35.0,ALL,TOTAL,330
082006,2024,M,Y35,35.0,ALL,TOTAL,349
082006,2021,M,Y36,36.0,ALL,FRGAPO,8
082006,2022,M,Y36,36.0,ALL,FRGAPO,6
082006,2023,M,Y36,36.0,ALL,FRGAPO,8
082006,2024,M,Y36,36.0,ALL,FRGAPO,7
082006,2021,M,Y36,36.0,ALL,ITL,294
082006,2022,M,Y36,36.0,ALL,ITL,332
082006,2023,M,Y36,36.0,ALL,ITL,307
082006,2024,M,Y36,36.0,ALL,ITL,323
082006,2021,M,Y36,36.0,ALL,TOTAL,302
082006,2022,M,Y36,36.0,ALL,TOTAL,338
082006,2023,M,Y36,36.0,ALL,TOTAL,315
082006,2024,M,Y36,36.0,ALL,TOTAL,330
082006,2021,M,Y37,37.0,ALL,FRGAPO,3
082006,2022,M,Y37,37.0,ALL,FRGAPO,9
082006,2023,M,Y37,37.0,ALL,FRGAPO,6
082006,2024,M,Y37,37.0,ALL,FRGAPO,9
082006,2021,M,Y37,37.0,ALL,ITL,329
082006,2022,M,Y37,37.0,ALL,ITL,293
082006,2023,M,Y37,37.0,ALL,ITL,332
082006,2024,M,Y37,37.0,ALL,ITL,310
082006,2021,M,Y37,37.0,ALL,TOTAL,332
082006,2022,M,Y37,37.0,ALL,TOTAL,302
082006,2023,M,Y37,37.0,ALL,TOTAL,338
082006,2024,M,Y37,37.0,ALL,TOTAL,319
082006,2021,M,Y38,38.0,ALL,FRGAPO,6
082006,2022,M,Y38,38.0,ALL,FRGAPO,4
082006,2023,M,Y38,38.0,ALL,FRGAPO,8
082006,2024,M,Y38,38.0,ALL,FRGAPO,6
082006,2021,M,Y38,38.0,ALL,ITL,314
082006,2022,M,Y38,38.0,ALL,ITL,319
082006,2023,M,Y38,38.0,ALL,ITL,298
082006,2024,M,Y38,38.0,ALL,ITL,332
082006,2021,M,Y38,38.0,ALL,TOTAL,320
082006,2022,M,Y38,38.0,ALL,TOTAL,323
082006,2023,M,Y38,38.0,ALL,TOTAL,306
082006,2024,M,Y38,38.0,ALL,TOTAL,338
082006,2021,M,Y39,39.0,ALL,FRGAPO,5
082006,2022,M,Y39,39.0,ALL,FRGAPO,6
082006,2023,M,Y39,39.0,ALL,FRGAPO,4
082006,2024,M,Y39,39.0,ALL,FRGAPO,8
082006,2021,M,Y39,39.0,ALL,ITL,365
082006,2022,M,Y39,39.0,ALL,ITL,307
082006,2023,M,Y39,39.0,ALL,ITL,322
082006,2024,M,Y39,39.0,ALL,ITL,297
082006,2021,M,Y39,39.0,ALL,TOTAL,370
082006,2022,M,Y39,39.0,ALL,TOTAL,313
082006,2023,M,Y39,39.0,ALL,TOTAL,326
082006,2024,M,Y39,39.0,ALL,TOTAL,305
082006,2021,M,Y4,4.0,ALL,FRGAPO,3
082006,2022,M,Y4,4.0,ALL,FRGAPO,5
082006,2023,M,Y4,4.0,ALL,FRGAPO,3
082006,2024,M,Y4,4.0,ALL,FRGAPO,3
082006,2021,M,Y4,4.0,ALL,ITL,283
082006,2022,M,Y4,4.0,ALL,ITL,281
082006,2023,M,Y4,4.0,ALL,ITL,256
082006,2024,M,Y4,4.0,ALL,ITL,252
082006,2021,M,Y4,4.0,ALL,TOTAL,286
082006,2022,M,Y4,4.0,ALL,TOTAL,286
082006,2023,M,Y4,4.0,ALL,TOTAL,259
082006,2024,M,Y4,4.0,ALL,TOTAL,255
082006,2021,M,Y40,40.0,ALL,FRGAPO,3
082006,2022,M,Y40,40.0,ALL,FRGAPO,5
082006,2023,M,Y40,40.0,ALL,FRGAPO,6
082006,2024,M,Y40,40.0,ALL,FRGAPO,4
082006,2021,M,Y40,40.0,ALL,ITL,311
082006,2022,M,Y40,40.0,ALL,ITL,355
082006,2023,M,Y40,40.0,ALL,ITL,312
082006,2024,M,Y40,40.0,ALL,ITL,325
082006,2021,M,Y40,40.0,ALL,TOTAL,314
082006,2022,M,Y40,40.0,ALL,TOTAL,360
082006,2023,M,Y40,40.0,ALL,TOTAL,318
082006,2024,M,Y40,40.0,ALL,TOTAL,329
082006,2021,M,Y41,41.0,ALL,FRGAPO,7
082006,2022,M,Y41,41.0,ALL,FRGAPO,3
082006,2023,M,Y41,41.0,ALL,FRGAPO,5
082006,2024,M,Y41,41.0,ALL,FRGAPO,7
082006,2021,M,Y41,41.0,ALL,ITL,358
082006,2022,M,Y41,41.0,ALL,ITL,311
082006,2023,M,Y41,41.0,ALL,ITL,354
082006,2024,M,Y41,41.0,ALL,ITL,315
082006,2021,M,Y41,41.0,ALL,TOTAL,365
082006,2022,M,Y41,41.0,ALL,TOTAL,314
082006,2023,M,Y41,41.0,ALL,TOTAL,359
082006,2024,M,Y41,41.0,ALL,TOTAL,322
082006,2021,M,Y42,42.0,ALL,FRGAPO,7
082006,2022,M,Y42,42.0,ALL,FRGAPO,8
082006,2023,M,Y42,42.0,ALL,FRGAPO,4
082006,2024,M,Y42,42.0,ALL,FRGAPO,5
082006,2021,M,Y42,42.0,ALL,ITL,348
082006,2022,M,Y42,42.0,ALL,ITL,350
082006,2023,M,Y42,42.0,ALL,ITL,314
082006,2024,M,Y42,42.0,ALL,ITL,360
082006,2021,M,Y42,42.0,ALL,TOTAL,355
082006,2022,M,Y42,42.0,ALL,TOTAL,358
082006,2023,M,Y42,42.0,ALL,TOTAL,318
082006,2024,M,Y42,42.0,ALL,TOTAL,365
082006,2021,M,Y43,43.0,ALL,FRGAPO,1
082006,2022,M,Y43,43.0,ALL,FRGAPO,8
082006,2023,M,Y43,43.0,ALL,FRGAPO,8
082006,2024,M,Y43,43.0,ALL,FRGAPO,6
082006,2021,M,Y43,43.0,ALL,ITL,377
082006,2022,M,Y43,43.0,ALL,ITL,342
082006,2023,M,Y43,43.0,ALL,ITL,351
082006,2024,M,Y43,43.0,ALL,ITL,319
082006,2021,M,Y43,43.0,ALL,TOTAL,378
082006,2022,M,Y43,43.0,ALL,TOTAL,350
082006,2023,M,Y43,43.0,ALL,TOTAL,359
082006,2024,M,Y43,43.0,ALL,TOTAL,325
082006,2021,M,Y44,44.0,ALL,FRGAPO,2
082006,2022,M,Y44,44.0,ALL,FRGAPO,2
082006,2023,M,Y44,44.0,ALL,FRGAPO,7
082006,2024,M,Y44,44.0,ALL,FRGAPO,8
082006,2021,M,Y44,44.0,ALL,ITL,356
082006,2022,M,Y44,44.0,ALL,ITL,377
082006,2023,M,Y44,44.0,ALL,ITL,352
082006,2024,M,Y44,44.0,ALL,ITL,352
082006,2021,M,Y44,44.0,ALL,TOTAL,358
082006,2022,M,Y44,44.0,ALL,TOTAL,379
082006,2023,M,Y44,44.0,ALL,TOTAL,359
082006,2024,M,Y44,44.0,ALL,TOTAL,360
082006,2021,M,Y45,45.0,ALL,FRGAPO,2
082006,2022,M,Y45,45.0,ALL,FRGAPO,1
082006,2023,M,Y45,45.0,ALL,FRGAPO,2
082006,2024,M,Y45,45.0,ALL,FRGAPO,9
082006,2021,M,Y45,45.0,ALL,ITL,391
082006,2022,M,Y45,45.0,ALL,ITL,355
082006,2023,M,Y45,45.0,ALL,ITL,376
082006,2024,M,Y45,45.0,ALL,ITL,353
082006,2021,M,Y45,45.0,ALL,TOTAL,393
082006,2022,M,Y45,45.0,ALL,TOTAL,356
082006,2023,M,Y45,45.0,ALL,TOTAL,378
082006,2024,M,Y45,45.0,ALL,TOTAL,362
082006,2021,M,Y46,46.0,ALL,FRGAPO,3
082006,2022,M,Y46,46.0,ALL,FRGAPO,4
082006,2023,M,Y46,46.0,ALL,FRGAPO,1
082006,2024,M,Y46,46.0,ALL,FRGAPO,2
082006,2021,M,Y46,46.0,ALL,ITL,362
082006,2022,M,Y46,46.0,ALL,ITL,389
082006,2023,M,Y46,46.0,ALL,ITL,354
082006,2024,M,Y46,46.0,ALL,ITL,368
082006,2021,M,Y46,46.0,ALL,TOTAL,365
082006,2022,M,Y46,46.0,ALL,TOTAL,393
082006,2023,M,Y46,46.0,ALL,TOTAL,355
082006,2024,M,Y46,46.0,ALL,TOTAL,370
082006,2021,M,Y47,47.0,ALL,FRGAPO,6
082006,2022,M,Y47,47.0,ALL,FRGAPO,4
082006,2023,M,Y47,47.0,ALL,FRGAPO,4
082006,2024,M,Y47,47.0,ALL,FRGAPO,4
082006,2021,M,Y47,47.0,ALL,ITL,398
082006,2022,M,Y47,47.0,ALL,ITL,361
082006,2023,M,Y47,47.0,ALL,ITL,382
082006,2024,M,Y47,47.0,ALL,ITL,363
082006,2021,M,Y47,47.0,ALL,TOTAL,404
082006,2022,M,Y47,47.0,ALL,TOTAL,365
082006,2023,M,Y47,47.0,ALL,TOTAL,386
082006,2024,M,Y47,47.0,ALL,TOTAL,367
082006,2021,M,Y48,48.0,ALL,FRGAPO,3
082006,2022,M,Y48,48.0,ALL,FRGAPO,6
082006,2023,M,Y48,48.0,ALL,FRGAPO,4
082006,2024,M,Y48,48.0,ALL,FRGAPO,4
082006,2021,M,Y48,48.0,ALL,ITL,370
082006,2022,M,Y48,48.0,ALL,ITL,394
082006,2023,M,Y48,48.0,ALL,ITL,363
082006,2024,M,Y48,48.0,ALL,ITL,379
082006,2021,M,Y48,48.0,ALL,TOTAL,373
082006,2022,M,Y48,48.0,ALL,TOTAL,400
082006,2023,M,Y48,48.0,ALL,TOTAL,367
082006,2024,M,Y48,48.0,ALL,TOTAL,383
082006,2021,M,Y49,49.0,ALL,FRGAPO,5
082006,2022,M,Y49,49.0,ALL,FRGAPO,3
082006,2023,M,Y49,49.0,ALL,FRGAPO,6
082006,2024,M,Y49,49.0,ALL,FRGAPO,4
082006,2021,M,Y49,49.0,ALL,ITL,344
082006,2022,M,Y49,49.0,ALL,ITL,373
082006,2023,M,Y49,49.0,ALL,ITL,390
082006,2024,M,Y49,49.0,ALL,ITL,368
082006,2021,M,Y49,49.0,ALL,TOTAL,349
082006,2022,M,Y49,49.0,ALL,TOTAL,376
082006,2023,M,Y49,49.0,ALL,TOTAL,396
082006,2024,M,Y49,49.0,ALL,TOTAL,372
082006,2021,M,Y5,5.0,ALL,FRGAPO,1
082006,2022,M,Y5,5.0,ALL,FRGAPO,3
082006,2023,M,Y5,5.0,ALL,FRGAPO,4
082006,2024,M,Y5,5.0,ALL,FRGAPO,5
082006,2021,M,Y5,5.0,ALL,ITL,260
082006,2022,M,Y5,5.0,ALL,ITL,278
082006,2023,M,Y5,5.0,ALL,ITL,278
082006,2024,M,Y5,5.0,ALL,ITL,257
082006,2021,M,Y5,5.0,ALL,TOTAL,261
082006,2022,M,Y5,5.0,ALL,TOTAL,281
082006,2023,M,Y5,5.0,ALL,TOTAL,282
082006,2024,M,Y5,5.0,ALL,TOTAL,262
082006,2021,M,Y50,50.0,ALL,FRGAPO,2
082006,2022,M,Y50,50.0,ALL,FRGAPO,4
082006,2023,M,Y50,50.0,ALL,FRGAPO,3
082006,2024,M,Y50,50.0,ALL,FRGAPO,6
082006,2021,M,Y50,50.0,ALL,ITL,366
082006,2022,M,Y50,50.0,ALL,ITL,347
082006,2023,M,Y50,50.0,ALL,ITL,376
082006,2024,M,Y50,50.0,ALL,ITL,384
082006,2021,M,Y50,50.0,ALL,TOTAL,368
082006,2022,M,Y50,50.0,ALL,TOTAL,351
082006,2023,M,Y50,50.0,ALL,TOTAL,379
082006,2024,M,Y50,50.0,ALL,TOTAL,390
082006,2021,M,Y51,51.0,ALL,FRGAPO,2
082006,2022,M,Y51,51.0,ALL,FRGAPO,2
082006,2023,M,Y51,51.0,ALL,FRGAPO,4
082006,2024,M,Y51,51.0,ALL,FRGAPO,3
082006,2021,M,Y51,51.0,ALL,ITL,371
082006,2022,M,Y51,51.0,ALL,ITL,366
082006,2023,M,Y51,51.0,ALL,ITL,345
082006,2024,M,Y51,51.0,ALL,ITL,376
082006,2021,M,Y51,51.0,ALL,TOTAL,373
082006,2022,M,Y51,51.0,ALL,TOTAL,368
082006,2023,M,Y51,51.0,ALL,TOTAL,349
082006,2024,M,Y51,51.0,ALL,TOTAL,379
082006,2021,M,Y52,52.0,ALL,FRGAPO,5
082006,2022,M,Y52,52.0,ALL,FRGAPO,2
082006,2023,M,Y52,52.0,ALL,FRGAPO,3
082006,2024,M,Y52,52.0,ALL,FRGAPO,4
082006,2021,M,Y52,52.0,ALL,ITL,412
082006,2022,M,Y52,52.0,ALL,ITL,373
082006,2023,M,Y52,52.0,ALL,ITL,374
082006,2024,M,Y52,52.0,ALL,ITL,343
082006,2021,M,Y52,52.0,ALL,TOTAL,417
082006,2022,M,Y52,52.0,ALL,TOTAL,375
082006,2023,M,Y52,52.0,ALL,TOTAL,377
082006,2024,M,Y52,52.0,ALL,TOTAL,347
082006,2021,M,Y53,53.0,ALL,FRGAPO,6
082006,2022,M,Y53,53.0,ALL,FRGAPO,4
082006,2023,M,Y53,53.0,ALL,FRGAPO,1
082006,2024,M,Y53,53.0,ALL,FRGAPO,4
082006,2021,M,Y53,53.0,ALL,ITL,399
082006,2022,M,Y53,53.0,ALL,ITL,404
082006,2023,M,Y53,53.0,ALL,ITL,374
082006,2024,M,Y53,53.0,ALL,ITL,367
082006,2021,M,Y53,53.0,ALL,TOTAL,405
082006,2022,M,Y53,53.0,ALL,TOTAL,408
082006,2023,M,Y53,53.0,ALL,TOTAL,375
082006,2024,M,Y53,53.0,ALL,TOTAL,371
082006,2021,M,Y54,54.0,ALL,FRGAPO,1
082006,2022,M,Y54,54.0,ALL,FRGAPO,6
082006,2023,M,Y54,54.0,ALL,FRGAPO,5
082006,2024,M,Y54,54.0,ALL,FRGAPO,1
082006,2021,M,Y54,54.0,ALL,ITL,338
082006,2022,M,Y54,54.0,ALL,ITL,400
082006,2023,M,Y54,54.0,ALL,ITL,399
082006,2024,M,Y54,54.0,ALL,ITL,377
082006,2021,M,Y54,54.0,ALL,TOTAL,339
082006,2022,M,Y54,54.0,ALL,TOTAL,406
082006,2023,M,Y54,54.0,ALL,TOTAL,404
082006,2024,M,Y54,54.0,ALL,TOTAL,378
082006,2021,M,Y55,55.0,ALL,FRGAPO,2
082006,2022,M,Y55,55.0,ALL,FRGAPO,1
082006,2023,M,Y55,55.0,ALL,FRGAPO,5
082006,2024,M,Y55,55.0,ALL,FRGAPO,5
082006,2021,M,Y55,55.0,ALL,ITL,387
082006,2022,M,Y55,55.0,ALL,ITL,339
082006,2023,M,Y55,55.0,ALL,ITL,402
082006,2024,M,Y55,55.0,ALL,ITL,399
082006,2021,M,Y55,55.0,ALL,TOTAL,389
082006,2022,M,Y55,55.0,ALL,TOTAL,340
082006,2023,M,Y55,55.0,ALL,TOTAL,407
082006,2024,M,Y55,55.0,ALL,TOTAL,404
082006,2022,M,Y56,56.0,ALL,FRGAPO,2
082006,2024,M,Y56,56.0,ALL,FRGAPO,5
082006,2021,M,Y56,56.0,ALL,ITL,378
082006,2022,M,Y56,56.0,ALL,ITL,389
082006,2023,M,Y56,56.0,ALL,ITL,338
082006,2024,M,Y56,56.0,ALL,ITL,403
082006,2021,M,Y56,56.0,ALL,TOTAL,378
082006,2022,M,Y56,56.0,ALL,TOTAL,391
082006,2023,M,Y56,56.0,ALL,TOTAL,338
082006,2024,M,Y56,56.0,ALL,TOTAL,408
082006,2021,M,Y57,57.0,ALL,FRGAPO,3
082006,2023,M,Y57,57.0,ALL,FRGAPO,2
082006,2021,M,Y57,57.0,ALL,ITL,381
082006,2022,M,Y57,57.0,ALL,ITL,378
082006,2023,M,Y57,57.0,ALL,ITL,386
082006,2024,M,Y57,57.0,ALL,ITL,338
082006,2021,M,Y57,57.0,ALL,TOTAL,384
082006,2022,M,Y57,57.0,ALL,TOTAL,378
082006,2023,M,Y57,57.0,ALL,TOTAL,388
082006,2024,M,Y57,57.0,ALL,TOTAL,338
082006,2021,M,Y58,58.0,ALL,FRGAPO,2
082006,2022,M,Y58,58.0,ALL,FRGAPO,3
082006,2024,M,Y58,58.0,ALL,FRGAPO,1
082006,2021,M,Y58,58.0,ALL,ITL,348
082006,2022,M,Y58,58.0,ALL,ITL,377
082006,2023,M,Y58,58.0,ALL,ITL,378
082006,2024,M,Y58,58.0,ALL,ITL,386
082006,2021,M,Y58,58.0,ALL,TOTAL,350
082006,2022,M,Y58,58.0,ALL,TOTAL,380
082006,2023,M,Y58,58.0,ALL,TOTAL,378
082006,2024,M,Y58,58.0,ALL,TOTAL,387
082006,2021,M,Y59,59.0,ALL,FRGAPO,3
082006,2022,M,Y59,59.0,ALL,FRGAPO,3
082006,2023,M,Y59,59.0,ALL,FRGAPO,3
082006,2024,M,Y59,59.0,ALL,FRGAPO,1
082006,2021,M,Y59,59.0,ALL,ITL,394
082006,2022,M,Y59,59.0,ALL,ITL,343
082006,2023,M,Y59,59.0,ALL,ITL,377
082006,2024,M,Y59,59.0,ALL,ITL,376
082006,2021,M,Y59,59.0,ALL,TOTAL,397
082006,2022,M,Y59,59.0,ALL,TOTAL,346
082006,2023,M,Y59,59.0,ALL,TOTAL,380
082006,2024,M,Y59,59.0,ALL,TOTAL,377
082006,2021,M,Y6,6.0,ALL,FRGAPO,2
082006,2022,M,Y6,6.0,ALL,FRGAPO,1
082006,2023,M,Y6,6.0,ALL,FRGAPO,4
082006,2024,M,Y6,6.0,ALL,FRGAPO,3
082006,2021,M,Y6,6.0,ALL,ITL,287
082006,2022,M,Y6,6.0,ALL,ITL,260
082006,2023,M,Y6,6.0,ALL,ITL,279
082006,2024,M,Y6,6.0,ALL,ITL,282
082006,2021,M,Y6,6.0,ALL,TOTAL,289
082006,2022,M,Y6,6.0,ALL,TOTAL,261
082006,2023,M,Y6,6.0,ALL,TOTAL,283
082006,2024,M,Y6,6.0,ALL,TOTAL,285
082006,2021,M,Y60,60.0,ALL,FRGAPO,6
082006,2022,M,Y60,60.0,ALL,FRGAPO,1
082006,2023,M,Y60,60.0,ALL,FRGAPO,1
082006,2024,M,Y60,60.0,ALL,FRGAPO,3
082006,2021,M,Y60,60.0,ALL,ITL,344
082006,2022,M,Y60,60.0,ALL,ITL,384
082006,2023,M,Y60,60.0,ALL,ITL,340
082006,2024,M,Y60,60.0,ALL,ITL,375
082006,2021,M,Y60,60.0,ALL,TOTAL,350
082006,2022,M,Y60,60.0,ALL,TOTAL,385
082006,2023,M,Y60,60.0,ALL,TOTAL,341
082006,2024,M,Y60,60.0,ALL,TOTAL,378
082006,2021,M,Y61,61.0,ALL,FRGAPO,2
082006,2022,M,Y61,61.0,ALL,FRGAPO,5
082006,2024,M,Y61,61.0,ALL,FRGAPO,1
082006,2021,M,Y61,61.0,ALL,ITL,321
082006,2022,M,Y61,61.0,ALL,ITL,341
082006,2023,M,Y61,61.0,ALL,ITL,382
082006,2024,M,Y61,61.0,ALL,ITL,332
082006,2021,M,Y61,61.0,ALL,TOTAL,323
082006,2022,M,Y61,61.0,ALL,TOTAL,346
082006,2023,M,Y61,61.0,ALL,TOTAL,382
082006,2024,M,Y61,61.0,ALL,TOTAL,333
082006,2021,M,Y62,62.0,ALL,FRGAPO,3
082006,2022,M,Y62,62.0,ALL,FRGAPO,2
082006,2023,M,Y62,62.0,ALL,FRGAPO,4
082006,2021,M,Y62,62.0,ALL,ITL,353
082006,2022,M,Y62,62.0,ALL,ITL,323
082006,2023,M,Y62,62.0,ALL,ITL,343
082006,2024,M,Y62,62.0,ALL,ITL,378
082006,2021,M,Y62,62.0,ALL,TOTAL,356
082006,2022,M,Y62,62.0,ALL,TOTAL,325
082006,2023,M,Y62,62.0,ALL,TOTAL,347
082006,2024,M,Y62,62.0,ALL,TOTAL,378
082006,2022,M,Y63,63.0,ALL,FRGAPO,2
082006,2023,M,Y63,63.0,ALL,FRGAPO,3
082006,2024,M,Y63,63.0,ALL,FRGAPO,4
082006,2021,M,Y63,63.0,ALL,ITL,348
082006,2022,M,Y63,63.0,ALL,ITL,352
082006,2023,M,Y63,63.0,ALL,ITL,316
082006,2024,M,Y63,63.0,ALL,ITL,341
082006,2021,M,Y63,63.0,ALL,TOTAL,348
082006,2022,M,Y63,63.0,ALL,TOTAL,354
082006,2023,M,Y63,63.0,ALL,TOTAL,319
082006,2024,M,Y63,63.0,ALL,TOTAL,345
082006,2021,M,Y64,64.0,ALL,FRGAPO,1
082006,2023,M,Y64,64.0,ALL,FRGAPO,1
082006,2024,M,Y64,64.0,ALL,FRGAPO,3
082006,2021,M,Y64,64.0,ALL,ITL,289
082006,2022,M,Y64,64.0,ALL,ITL,345
082006,2023,M,Y64,64.0,ALL,ITL,350
082006,2024,M,Y64,64.0,ALL,ITL,316
082006,2021,M,Y64,64.0,ALL,TOTAL,290
082006,2022,M,Y64,64.0,ALL,TOTAL,345
082006,2023,M,Y64,64.0,ALL,TOTAL,351
082006,2024,M,Y64,64.0,ALL,TOTAL,319
082006,2022,M,Y65,65.0,ALL,FRGAPO,1
082006,2024,M,Y65,65.0,ALL,FRGAPO,1
082006,2021,M,Y65,65.0,ALL,ITL,334
082006,2022,M,Y65,65.0,ALL,ITL,285
082006,2023,M,Y65,65.0,ALL,ITL,345
082006,2024,M,Y65,65.0,ALL,ITL,344
082006,2021,M,Y65,65.0,ALL,TOTAL,334
082006,2022,M,Y65,65.0,ALL,TOTAL,286
082006,2023,M,Y65,65.0,ALL,TOTAL,345
082006,2024,M,Y65,65.0,ALL,TOTAL,345
082006,2023,M,Y66,66.0,ALL,FRGAPO,1
082006,2021,M,Y66,66.0,ALL,ITL,268
082006,2022,M,Y66,66.0,ALL,ITL,324
082006,2023,M,Y66,66.0,ALL,ITL,286
082006,2024,M,Y66,66.0,ALL,ITL,341
082006,2021,M,Y66,66.0,ALL,TOTAL,268
082006,2022,M,Y66,66.0,ALL,TOTAL,324
082006,2023,M,Y66,66.0,ALL,TOTAL,287
082006,2024,M,Y66,66.0,ALL,TOTAL,341
082006,2024,M,Y67,67.0,ALL,FRGAPO,1
082006,2021,M,Y67,67.0,ALL,ITL,271
082006,2022,M,Y67,67.0,ALL,ITL,266
082006,2023,M,Y67,67.0,ALL,ITL,321
082006,2024,M,Y67,67.0,ALL,ITL,288
082006,2021,M,Y67,67.0,ALL,TOTAL,271
082006,2022,M,Y67,67.0,ALL,TOTAL,266
082006,2023,M,Y67,67.0,ALL,TOTAL,321
082006,2024,M,Y67,67.0,ALL,TOTAL,289
082006,2021,M,Y68,68.0,ALL,FRGAPO,2
082006,2023,M,Y68,68.0,ALL,FRGAPO,3
082006,2021,M,Y68,68.0,ALL,ITL,281
082006,2022,M,Y68,68.0,ALL,ITL,271
082006,2023,M,Y68,68.0,ALL,ITL,263
082006,2024,M,Y68,68.0,ALL,ITL,324
082006,2021,M,Y68,68.0,ALL,TOTAL,283
082006,2022,M,Y68,68.0,ALL,TOTAL,271
082006,2023,M,Y68,68.0,ALL,TOTAL,266
082006,2024,M,Y68,68.0,ALL,TOTAL,324
082006,2022,M,Y69,69.0,ALL,FRGAPO,2
082006,2024,M,Y69,69.0,ALL,FRGAPO,3
082006,2021,M,Y69,69.0,ALL,ITL,266
082006,2022,M,Y69,69.0,ALL,ITL,279
082006,2023,M,Y69,69.0,ALL,ITL,268
082006,2024,M,Y69,69.0,ALL,ITL,263
082006,2021,M,Y69,69.0,ALL,TOTAL,266
082006,2022,M,Y69,69.0,ALL,TOTAL,281
082006,2023,M,Y69,69.0,ALL,TOTAL,268
082006,2024,M,Y69,69.0,ALL,TOTAL,266
082006,2021,M,Y7,7.0,ALL,FRGAPO,3
082006,2022,M,Y7,7.0,ALL,FRGAPO,2
082006,2023,M,Y7,7.0,ALL,FRGAPO,2
082006,2024,M,Y7,7.0,ALL,FRGAPO,4
082006,2021,M,Y7,7.0,ALL,ITL,282
082006,2022,M,Y7,7.0,ALL,ITL,285
082006,2023,M,Y7,7.0,ALL,ITL,260
082006,2024,M,Y7,7.0,ALL,ITL,284
082006,2021,M,Y7,7.0,ALL,TOTAL,285
082006,2022,M,Y7,7.0,ALL,TOTAL,287
082006,2023,M,Y7,7.0,ALL,TOTAL,262
082006,2024,M,Y7,7.0,ALL,TOTAL,288
082006,2021,M,Y70,70.0,ALL,FRGAPO,1
082006,2023,M,Y70,70.0,ALL,FRGAPO,2
082006,2021,M,Y70,70.0,ALL,ITL,257
082006,2022,M,Y70,70.0,ALL,ITL,263
082006,2023,M,Y70,70.0,ALL,ITL,280
082006,2024,M,Y70,70.0,ALL,ITL,267
082006,2021,M,Y70,70.0,ALL,TOTAL,258
082006,2022,M,Y70,70.0,ALL,TOTAL,263
082006,2023,M,Y70,70.0,ALL,TOTAL,282
082006,2024,M,Y70,70.0,ALL,TOTAL,267
082006,2021,M,Y71,71.0,ALL,FRGAPO,1
082006,2022,M,Y71,71.0,ALL,FRGAPO,1
082006,2024,M,Y71,71.0,ALL,FRGAPO,2
082006,2021,M,Y71,71.0,ALL,ITL,274
082006,2022,M,Y71,71.0,ALL,ITL,253
082006,2023,M,Y71,71.0,ALL,ITL,249
082006,2024,M,Y71,71.0,ALL,ITL,279
082006,2021,M,Y71,71.0,ALL,TOTAL,275
082006,2022,M,Y71,71.0,ALL,TOTAL,254
082006,2023,M,Y71,71.0,ALL,TOTAL,249
082006,2024,M,Y71,71.0,ALL,TOTAL,281
082006,2021,M,Y72,72.0,ALL,FRGAPO,1
082006,2022,M,Y72,72.0,ALL,FRGAPO,1
082006,2023,M,Y72,72.0,ALL,FRGAPO,1
082006,2021,M,Y72,72.0,ALL,ITL,247
082006,2022,M,Y72,72.0,ALL,ITL,264
082006,2023,M,Y72,72.0,ALL,ITL,245
082006,2024,M,Y72,72.0,ALL,ITL,247
082006,2021,M,Y72,72.0,ALL,TOTAL,248
082006,2022,M,Y72,72.0,ALL,TOTAL,265
082006,2023,M,Y72,72.0,ALL,TOTAL,246
082006,2024,M,Y72,72.0,ALL,TOTAL,247
082006,2021,M,Y73,73.0,ALL,FRGAPO,1
082006,2022,M,Y73,73.0,ALL,FRGAPO,1
082006,2023,M,Y73,73.0,ALL,FRGAPO,1
082006,2024,M,Y73,73.0,ALL,FRGAPO,1
082006,2021,M,Y73,73.0,ALL,ITL,276
082006,2022,M,Y73,73.0,ALL,ITL,243
082006,2023,M,Y73,73.0,ALL,ITL,257
082006,2024,M,Y73,73.0,ALL,ITL,239
082006,2021,M,Y73,73.0,ALL,TOTAL,277
082006,2022,M,Y73,73.0,ALL,TOTAL,244
082006,2023,M,Y73,73.0,ALL,TOTAL,258
082006,2024,M,Y73,73.0,ALL,TOTAL,240
082006,2022,M,Y74,74.0,ALL,FRGAPO,1
082006,2023,M,Y74,74.0,ALL,FRGAPO,1
082006,2024,M,Y74,74.0,ALL,FRGAPO,1
082006,2021,M,Y74,74.0,ALL,ITL,258
082006,2022,M,Y74,74.0,ALL,ITL,271
082006,2023,M,Y74,74.0,ALL,ITL,241
082006,2024,M,Y74,74.0,ALL,ITL,250
082006,2021,M,Y74,74.0,ALL,TOTAL,258
082006,2022,M,Y74,74.0,ALL,TOTAL,272
082006,2023,M,Y74,74.0,ALL,TOTAL,242
082006,2024,M,Y74,74.0,ALL,TOTAL,251
082006,2021,M,Y75,75.0,ALL,FRGAPO,1
082006,2023,M,Y75,75.0,ALL,FRGAPO,1
082006,2024,M,Y75,75.0,ALL,FRGAPO,1
082006,2021,M,Y75,75.0,ALL,ITL,255
082006,2022,M,Y75,75.0,ALL,ITL,251
082006,2023,M,Y75,75.0,ALL,ITL,262
082006,2024,M,Y75,75.0,ALL,ITL,234
082006,2021,M,Y75,75.0,ALL,TOTAL,256
082006,2022,M,Y75,75.0,ALL,TOTAL,251
082006,2023,M,Y75,75.0,ALL,TOTAL,263
082006,2024,M,Y75,75.0,ALL,TOTAL,235
082006,2022,M,Y76,76.0,ALL,FRGAPO,1
082006,2024,M,Y76,76.0,ALL,FRGAPO,1
082006,2021,M,Y76,76.0,ALL,ITL,184
082006,2022,M,Y76,76.0,ALL,ITL,236
082006,2023,M,Y76,76.0,ALL,ITL,247
082006,2024,M,Y76,76.0,ALL,ITL,257
082006,2021,M,Y76,76.0,ALL,TOTAL,184
082006,2022,M,Y76,76.0,ALL,TOTAL,237
082006,2023,M,Y76,76.0,ALL,TOTAL,247
082006,2024,M,Y76,76.0,ALL,TOTAL,258
082006,2021,M,Y77,77.0,ALL,ITL,157
082006,2022,M,Y77,77.0,ALL,ITL,176
082006,2023,M,Y77,77.0,ALL,ITL,223
082006,2024,M,Y77,77.0,ALL,ITL,237
082006,2021,M,Y77,77.0,ALL,TOTAL,157
082006,2022,M,Y77,77.0,ALL,TOTAL,176
082006,2023,M,Y77,77.0,ALL,TOTAL,223
082006,2024,M,Y77,77.0,ALL,TOTAL,237
082006,2021,M,Y78,78.0,ALL,ITL,149
082006,2022,M,Y78,78.0,ALL,ITL,155
082006,2023,M,Y78,78.0,ALL,ITL,166
082006,2024,M,Y78,78.0,ALL,ITL,212
082006,2021,M,Y78,78.0,ALL,TOTAL,149
082006,2022,M,Y78,78.0,ALL,TOTAL,155
082006,2023,M,Y78,78.0,ALL,TOTAL,166
082006,2024,M,Y78,78.0,ALL,TOTAL,212
082006,2021,M,Y79,79.0,ALL,FRGAPO,1
082006,2021,M,Y79,79.0,ALL,ITL,164
082006,2022,M,Y79,79.0,ALL,ITL,144
082006,2023,M,Y79,79.0,ALL,ITL,144
082006,2024,M,Y79,79.0,ALL,ITL,158
082006,2021,M,Y79,79.0,ALL,TOTAL,165
082006,2022,M,Y79,79.0,ALL,TOTAL,144
082006,2023,M,Y79,79.0,ALL,TOTAL,144
082006,2024,M,Y79,79.0,ALL,TOTAL,158
082006,2021,M,Y8,8.0,ALL,FRGAPO,1
082006,2022,M,Y8,8.0,ALL,FRGAPO,4
082006,2023,M,Y8,8.0,ALL,FRGAPO,3
082006,2024,M,Y8,8.0,ALL,FRGAPO,2
082006,2021,M,Y8,8.0,ALL,ITL,274
082006,2022,M,Y8,8.0,ALL,ITL,277
082006,2023,M,Y8,8.0,ALL,ITL,285
082006,2024,M,Y8,8.0,ALL,ITL,261
082006,2021,M,Y8,8.0,ALL,TOTAL,275
082006,2022,M,Y8,8.0,ALL,TOTAL,281
082006,2023,M,Y8,8.0,ALL,TOTAL,288
082006,2024,M,Y8,8.0,ALL,TOTAL,263
082006,2022,M,Y80,80.0,ALL,FRGAPO,1
082006,2021,M,Y80,80.0,ALL,ITL,152
082006,2022,M,Y80,80.0,ALL,ITL,152
082006,2023,M,Y80,80.0,ALL,ITL,134
082006,2024,M,Y80,80.0,ALL,ITL,136
082006,2021,M,Y80,80.0,ALL,TOTAL,152
082006,2022,M,Y80,80.0,ALL,TOTAL,153
082006,2023,M,Y80,80.0,ALL,TOTAL,134
082006,2024,M,Y80,80.0,ALL,TOTAL,136
082006,2021,M,Y81,81.0,ALL,ITL,141
082006,2022,M,Y81,81.0,ALL,ITL,147
082006,2023,M,Y81,81.0,ALL,ITL,147
082006,2024,M,Y81,81.0,ALL,ITL,129
082006,2021,M,Y81,81.0,ALL,TOTAL,141
082006,2022,M,Y81,81.0,ALL,TOTAL,147
082006,2023,M,Y81,81.0,ALL,TOTAL,147
082006,2024,M,Y81,81.0,ALL,TOTAL,129
082006,2023,M,Y82,82.0,ALL,FRGAPO,1
082006,2021,M,Y82,82.0,ALL,ITL,148
082006,2022,M,Y82,82.0,ALL,ITL,126
082006,2023,M,Y82,82.0,ALL,ITL,137
082006,2024,M,Y82,82.0,ALL,ITL,135
082006,2021,M,Y82,82.0,ALL,TOTAL,148
082006,2022,M,Y82,82.0,ALL,TOTAL,126
082006,2023,M,Y82,82.0,ALL,TOTAL,138
082006,2024,M,Y82,82.0,ALL,TOTAL,135
082006,2021,M,Y83,83.0,ALL,FRGAPO,1
082006,2022,M,Y83,83.0,ALL,FRGAPO,1
082006,2024,M,Y83,83.0,ALL,FRGAPO,1
082006,2021,M,Y83,83.0,ALL,ITL,147
082006,2022,M,Y83,83.0,ALL,ITL,136
082006,2023,M,Y83,83.0,ALL,ITL,118
082006,2024,M,Y83,83.0,ALL,ITL,127
082006,2021,M,Y83,83.0,ALL,TOTAL,148
082006,2022,M,Y83,83.0,ALL,TOTAL,137
082006,2023,M,Y83,83.0,ALL,TOTAL,118
082006,2024,M,Y83,83.0,ALL,TOTAL,128
082006,2022,M,Y84,84.0,ALL,FRGAPO,1
082006,2023,M,Y84,84.0,ALL,FRGAPO,1
082006,2021,M,Y84,84.0,ALL,ITL,119
082006,2022,M,Y84,84.0,ALL,ITL,134
082006,2023,M,Y84,84.0,ALL,ITL,117
082006,2024,M,Y84,84.0,ALL,ITL,110
082006,2021,M,Y84,84.0,ALL,TOTAL,119
082006,2022,M,Y84,84.0,ALL,TOTAL,135
082006,2023,M,Y84,84.0,ALL,TOTAL,118
082006,2024,M,Y84,84.0,ALL,TOTAL,110
082006,2023,M,Y85,85.0,ALL,FRGAPO,1
082006,2024,M,Y85,85.0,ALL,FRGAPO,1
082006,2021,M,Y85,85.0,ALL,ITL,82
082006,2022,M,Y85,85.0,ALL,ITL,104
082006,2023,M,Y85,85.0,ALL,ITL,117
082006,2024,M,Y85,85.0,ALL,ITL,104
082006,2021,M,Y85,85.0,ALL,TOTAL,82
082006,2022,M,Y85,85.0,ALL,TOTAL,104
082006,2023,M,Y85,85.0,ALL,TOTAL,118
082006,2024,M,Y85,85.0,ALL,TOTAL,105
082006,2024,M,Y86,86.0,ALL,FRGAPO,1
082006,2021,M,Y86,86.0,ALL,ITL,72
082006,2022,M,Y86,86.0,ALL,ITL,72
082006,2023,M,Y86,86.0,ALL,ITL,91
082006,2024,M,Y86,86.0,ALL,ITL,102
082006,2021,M,Y86,86.0,ALL,TOTAL,72
082006,2022,M,Y86,86.0,ALL,TOTAL,72
082006,2023,M,Y86,86.0,ALL,TOTAL,91
082006,2024,M,Y86,86.0,ALL,TOTAL,103
082006,2021,M,Y87,87.0,ALL,ITL,59
082006,2022,M,Y87,87.0,ALL,ITL,61
082006,2023,M,Y87,87.0,ALL,ITL,66
082006,2024,M,Y87,87.0,ALL,ITL,77
082006,2021,M,Y87,87.0,ALL,TOTAL,59
082006,2022,M,Y87,87.0,ALL,TOTAL,61
082006,2023,M,Y87,87.0,ALL,TOTAL,66
082006,2024,M,Y87,87.0,ALL,TOTAL,77
082006,2021,M,Y88,88.0,ALL,ITL,48
082006,2022,M,Y88,88.0,ALL,ITL,52
082006,2023,M,Y88,88.0,ALL,ITL,52
082006,2024,M,Y88,88.0,ALL,ITL,59
082006,2021,M,Y88,88.0,ALL,TOTAL,48
082006,2022,M,Y88,88.0,ALL,TOTAL,52
082006,2023,M,Y88,88.0,ALL,TOTAL,52
082006,2024,M,Y88,88.0,ALL,TOTAL,59
082006,2021,M,Y89,89.0,ALL,ITL,57
082006,2022,M,Y89,89.0,ALL,ITL,44
082006,2023,M,Y89,89.0,ALL,ITL,45
082006,2024,M,Y89,89.0,ALL,ITL,47
082006,2021,M,Y89,89.0,ALL,TOTAL,57
082006,2022,M,Y89,89.0,ALL,TOTAL,44
082006,2023,M,Y89,89.0,ALL,TOTAL,45
082006,2024,M,Y89,89.0,ALL,TOTAL,47
082006,2021,M,Y9,9.0,ALL,FRGAPO,2
082006,2022,M,Y9,9.0,ALL,FRGAPO,1
082006,2023,M,Y9,9.0,ALL,FRGAPO,5
082006,2024,M,Y9,9.0,ALL,FRGAPO,2
082006,2021,M,Y9,9.0,ALL,ITL,311
082006,2022,M,Y9,9.0,ALL,ITL,278
082006,2023,M,Y9,9.0,ALL,ITL,276
082006,2024,M,Y9,9.0,ALL,ITL,289
082006,2021,M,Y9,9.0,ALL,TOTAL,313
082006,2022,M,Y9,9.0,ALL,TOTAL,279
082006,2023,M,Y9,9.0,ALL,TOTAL,281
082006,2024,M,Y9,9.0,ALL,TOTAL,291
082006,2021,M,Y90,90.0,ALL,ITL,49
082006,2022,M,Y90,90.0,ALL,ITL,42
082006,2023,M,Y90,90.0,ALL,ITL,33
082006,2024,M,Y90,90.0,ALL,ITL,36
082006,2021,M,Y90,90.0,ALL,TOTAL,49
082006,2022,M,Y90,90.0,ALL,TOTAL,42
082006,2023,M,Y90,90.0,ALL,TOTAL,33
082006,2024,M,Y90,90.0,ALL,TOTAL,36
082006,2021,M,Y91,91.0,ALL,ITL,34
082006,2022,M,Y91,91.0,ALL,ITL,40
082006,2023,M,Y91,91.0,ALL,ITL,34
082006,2024,M,Y91,91.0,ALL,ITL,21
082006,2021,M,Y91,91.0,ALL,TOTAL,34
082006,2022,M,Y91,91.0,ALL,TOTAL,40
082006,2023,M,Y91,91.0,ALL,TOTAL,34
082006,2024,M,Y91,91.0,ALL,TOTAL,21
082006,2021,M,Y92,92.0,ALL,ITL,20
082006,2022,M,Y92,92.0,ALL,ITL,25
082006,2023,M,Y92,92.0,ALL,ITL,31
082006,2024,M,Y92,92.0,ALL,ITL,25
082006,2021,M,Y92,92.0,ALL,TOTAL,20
082006,2022,M,Y92,92.0,ALL,TOTAL,25
082006,2023,M,Y92,92.0,ALL,TOTAL,31
082006,2024,M,Y92,92.0,ALL,TOTAL,25
082006,2021,M,Y93,93.0,ALL,ITL,11
082006,2022,M,Y93,93.0,ALL,ITL,15
082006,2023,M,Y93,93.0,ALL,ITL,19
082006,2024,M,Y93,93.0,ALL,ITL,24
082006,2021,M,Y93,93.0,ALL,TOTAL,11
082006,2022,M,Y93,93.0,ALL,TOTAL,15
082006,2023,M,Y93,93.0,ALL,TOTAL,19
082006,2024,M,Y93,93.0,ALL,TOTAL,24
082006,2021,M,Y94,94.0,ALL,ITL,15
082006,2022,M,Y94,94.0,ALL,ITL,7
082006,2023,M,Y94,94.0,ALL,ITL,12
082006,2024,M,Y94,94.0,ALL,ITL,14
082006,2021,M,Y94,94.0,ALL,TOTAL,15
082006,2022,M,Y94,94.0,ALL,TOTAL,7
082006,2023,M,Y94,94.0,ALL,TOTAL,12
082006,2024,M,Y94,94.0,ALL,TOTAL,14
082006,2021,M,Y95,95.0,ALL,ITL,8
082006,2022,M,Y95,95.0,ALL,ITL,9
082006,2023,M,Y95,95.0,ALL,ITL,5
082006,2024,M,Y95,95.0,ALL,ITL,9
082006,2021,M,Y95,95.0,ALL,TOTAL,8
082006,2022,M,Y95,95.0,ALL,TOTAL,9
082006,2023,M,Y95,95.0,ALL,TOTAL,5
082006,2024,M,Y95,95.0,ALL,TOTAL,9
082006,2021,M,Y96,96.0,ALL,ITL,6
082006,2022,M,Y96,96.0,ALL,ITL,7
082006,2023,M,Y96,96.0,ALL,ITL,6
082006,2024,M,Y96,96.0,ALL,ITL,4
082006,2021,M,Y96,96.0,ALL,TOTAL,6
082006,2022,M,Y96,96.0,ALL,TOTAL,7
082006,2023,M,Y96,96.0,ALL,TOTAL,6
082006,2024,M,Y96,96.0,ALL,TOTAL,4
082006,2021,M,Y97,97.0,ALL,ITL,3
082006,2022,M,Y97,97.0,ALL,ITL,6
082006,2023,M,Y97,97.0,ALL,ITL,4
082006,2024,M,Y97,97.0,ALL,ITL,6
082006,2021,M,Y97,97.0,ALL,TOTAL,3
082006,2022,M,Y97,97.0,ALL,TOTAL,6
082006,2023,M,Y97,97.0,ALL,TOTAL,4
082006,2024,M,Y97,97.0,ALL,TOTAL,6
082006,2021,M,Y98,98.0,ALL,ITL,2
082006,2023,M,Y98,98.0,ALL,ITL,3
082006,2024,M,Y98,98.0,ALL,ITL,4
082006,2021,M,Y98,98.0,ALL,TOTAL,2
082006,2023,M,Y98,98.0,ALL,TOTAL,3
082006,2024,M,Y98,98.0,ALL,TOTAL,4
082006,2022,M,Y99,99.0,ALL,ITL,1
082006,2024,M,Y99,99.0,ALL,ITL,3
082006,2022,M,Y99,99.0,ALL,TOTAL,1
082006,2024,M,Y99,99.0,ALL,TOTAL,3
082006,2018,T,TOTAL,,ALL,FRGAPO,467
082006,2019,T,TOTAL,,ALL,FRGAPO,528
082006,2020,T,TOTAL,,ALL,FRGAPO,538
082006,2021,T,TOTAL,,ALL,FRGAPO,521
082006,2022,T,TOTAL,,ALL,FRGAPO,586
082006,2023,T,TOTAL,,ALL,FRGAPO,611
082006,2024,T,TOTAL,,ALL,FRGAPO,676
082006,2018,T,TOTAL,,ALL,ITL,53247
082006,2019,T,TOTAL,,ALL,ITL,52881
082006,2020,T,TOTAL,,ALL,ITL,52487
082006,2021,T,TOTAL,,ALL,ITL,52700
082006,2022,T,TOTAL,,ALL,ITL,52521
082006,2023,T,TOTAL,,ALL,ITL,52399
082006,2024,T,TOTAL,,ALL,ITL,52424
082006,2018,T,TOTAL,,ALL,TOTAL,53714
082006,2019,T,TOTAL,,ALL,TOTAL,53409
082006,2020,T,TOTAL,,ALL,TOTAL,53025
082006,2021,T,TOTAL,,ALL,TOTAL,53221
082006,2022,T,TOTAL,,ALL,TOTAL,53107
082006,2023,T,TOTAL,,ALL,TOTAL,53010
082006,2024,T,TOTAL,,ALL,TOTAL,53100
082006,2018,T,Y_GE100,,ALL,ITL,9
082006,2019,T,Y_GE100,,ALL,ITL,5
082006,2020,T,Y_GE100,,ALL,ITL,10
082006,2021,T,Y_GE100,,ALL,ITL,13
082006,2022,T,Y_GE100,,ALL,ITL,13
082006,2023,T,Y_GE100,,ALL,ITL,16
082006,2024,T,Y_GE100,,ALL,ITL,13
082006,2018,T,Y_GE100,,ALL,TOTAL,9
082006,2019,T,Y_GE100,,ALL,TOTAL,5
082006,2020,T,Y_GE100,,ALL,TOTAL,10
082006,2021,T,Y_GE100,,ALL,TOTAL,13
082006,2022,T,Y_GE100,,ALL,TOTAL,13
082006,2023,T,Y_GE100,,ALL,TOTAL,16
082006,2024,T,Y_GE100,,ALL,TOTAL,13
082006,2021,T,Y0,0.0,ALL,FRGAPO,3
082006,2022,T,Y0,0.0,ALL,FRGAPO,7
082006,2023,T,Y0,0.0,ALL,FRGAPO,9
082006,2024,T,Y0,0.0,ALL,FRGAPO,9
082006,2021,T,Y0,0.0,ALL,ITL,420
082006,2022,T,Y0,0.0,ALL,ITL,480
082006,2023,T,Y0,0.0,ALL,ITL,446
082006,2024,T,Y0,0.0,ALL,ITL,401
082006,2021,T,Y0,0.0,ALL,TOTAL,423
082006,2022,T,Y0,0.0,ALL,TOTAL,487
082006,2023,T,Y0,0.0,ALL,TOTAL,455
082006,2024,T,Y0,0.0,ALL,TOTAL,410
082006,2021,T,Y1,1.0,ALL,FRGAPO,6
082006,2022,T,Y1,1.0,ALL,FRGAPO,5
082006,2023,T,Y1,1.0,ALL,FRGAPO,6
082006,2024,T,Y1,1.0,ALL,FRGAPO,10
082006,2021,T,Y1,1.0,ALL,ITL,492
082006,2022,T,Y1,1.0,ALL,ITL,420
082006,2023,T,Y1,1.0,ALL,ITL,481
082006,2024,T,Y1,1.0,ALL,ITL,453
082006,2021,T,Y1,1.0,ALL,TOTAL,498
082006,2022,T,Y1,1.0,ALL,TOTAL,425
082006,2023,T,Y1,1.0,ALL,TOTAL,487
082006,2024,T,Y1,1.0,ALL,TOTAL,463
082006,2021,T,Y10,10.0,ALL,FRGAPO,5
082006,2022,T,Y10,10.0,ALL,FRGAPO,3
082006,2024,T,Y10,10.0,ALL,FRGAPO,9
082006,2021,T,Y10,10.0,ALL,ITL,554
082006,2022,T,Y10,10.0,ALL,ITL,564
082006,2023,T,Y10,10.0,ALL,ITL,492
082006,2024,T,Y10,10.0,ALL,ITL,526
082006,2021,T,Y10,10.0,ALL,TOTAL,559
082006,2022,T,Y10,10.0,ALL,TOTAL,567
082006,2023,T,Y10,10.0,ALL,TOTAL,492
082006,2024,T,Y10,10.0,ALL,TOTAL,535
082006,2021,T,Y11,11.0,ALL,FRGAPO,2
082006,2022,T,Y11,11.0,ALL,FRGAPO,5
082006,2023,T,Y11,11.0,ALL,FRGAPO,6
082006,2024,T,Y11,11.0,ALL,FRGAPO,2
082006,2021,T,Y11,11.0,ALL,ITL,566
082006,2022,T,Y11,11.0,ALL,ITL,548
082006,2023,T,Y11,11.0,ALL,ITL,561
082006,2024,T,Y11,11.0,ALL,ITL,493
082006,2021,T,Y11,11.0,ALL,TOTAL,568
082006,2022,T,Y11,11.0,ALL,TOTAL,553
082006,2023,T,Y11,11.0,ALL,TOTAL,567
082006,2024,T,Y11,11.0,ALL,TOTAL,495
082006,2021,T,Y12,12.0,ALL,FRGAPO,1
082006,2022,T,Y12,12.0,ALL,FRGAPO,2
082006,2023,T,Y12,12.0,ALL,FRGAPO,5
082006,2024,T,Y12,12.0,ALL,FRGAPO,5
082006,2021,T,Y12,12.0,ALL,ITL,580
082006,2022,T,Y12,12.0,ALL,ITL,562
082006,2023,T,Y12,12.0,ALL,ITL,551
082006,2024,T,Y12,12.0,ALL,ITL,566
082006,2021,T,Y12,12.0,ALL,TOTAL,581
082006,2022,T,Y12,12.0,ALL,TOTAL,564
082006,2023,T,Y12,12.0,ALL,TOTAL,556
082006,2024,T,Y12,12.0,ALL,TOTAL,571
082006,2021,T,Y13,13.0,ALL,FRGAPO,6
082006,2022,T,Y13,13.0,ALL,FRGAPO,2
082006,2023,T,Y13,13.0,ALL,FRGAPO,3
082006,2024,T,Y13,13.0,ALL,FRGAPO,7
082006,2021,T,Y13,13.0,ALL,ITL,580
082006,2022,T,Y13,13.0,ALL,ITL,576
082006,2023,T,Y13,13.0,ALL,ITL,561
082006,2024,T,Y13,13.0,ALL,ITL,548
082006,2021,T,Y13,13.0,ALL,TOTAL,586
082006,2022,T,Y13,13.0,ALL,TOTAL,578
082006,2023,T,Y13,13.0,ALL,TOTAL,564
082006,2024,T,Y13,13.0,ALL,TOTAL,555
082006,2021,T,Y14,14.0,ALL,FRGAPO,5
082006,2022,T,Y14,14.0,ALL,FRGAPO,6
082006,2023,T,Y14,14.0,ALL,FRGAPO,2
082006,2024,T,Y14,14.0,ALL,FRGAPO,3
082006,2021,T,Y14,14.0,ALL,ITL,573
082006,2022,T,Y14,14.0,ALL,ITL,571
082006,2023,T,Y14,14.0,ALL,ITL,570
082006,2024,T,Y14,14.0,ALL,ITL,565
082006,2021,T,Y14,14.0,ALL,TOTAL,578
082006,2022,T,Y14,14.0,ALL,TOTAL,577
082006,2023,T,Y14,14.0,ALL,TOTAL,572
082006,2024,T,Y14,14.0,ALL,TOTAL,568
082006,2021,T,Y15,15.0,ALL,FRGAPO,2
082006,2022,T,Y15,15.0,ALL,FRGAPO,6
082006,2023,T,Y15,15.0,ALL,FRGAPO,8
082006,2024,T,Y15,15.0,ALL,FRGAPO,1
082006,2021,T,Y15,15.0,ALL,ITL,551
082006,2022,T,Y15,15.0,ALL,ITL,572
082006,2023,T,Y15,15.0,ALL,ITL,575
082006,2024,T,Y15,15.0,ALL,ITL,570
082006,2021,T,Y15,15.0,ALL,TOTAL,553
082006,2022,T,Y15,15.0,ALL,TOTAL,578
082006,2023,T,Y15,15.0,ALL,TOTAL,583
082006,2024,T,Y15,15.0,ALL,TOTAL,571
082006,2021,T,Y16,16.0,ALL,FRGAPO,6
082006,2022,T,Y16,16.0,ALL,FRGAPO,2
082006,2023,T,Y16,16.0,ALL,FRGAPO,6
082006,2024,T,Y16,16.0,ALL,FRGAPO,9
082006,2021,T,Y16,16.0,ALL,ITL,583
082006,2022,T,Y16,16.0,ALL,ITL,549
082006,2023,T,Y16,16.0,ALL,ITL,565
082006,2024,T,Y16,16.0,ALL,ITL,579
082006,2021,T,Y16,16.0,ALL,TOTAL,589
082006,2022,T,Y16,16.0,ALL,TOTAL,551
082006,2023,T,Y16,16.0,ALL,TOTAL,571
082006,2024,T,Y16,16.0,ALL,TOTAL,588
082006,2021,T,Y17,17.0,ALL,FRGAPO,5
082006,2022,T,Y17,17.0,ALL,FRGAPO,6
082006,2023,T,Y17,17.0,ALL,FRGAPO,3
082006,2024,T,Y17,17.0,ALL,FRGAPO,7
082006,2021,T,Y17,17.0,ALL,ITL,641
082006,2022,T,Y17,17.0,ALL,ITL,588
082006,2023,T,Y17,17.0,ALL,ITL,540
082006,2024,T,Y17,17.0,ALL,ITL,569
082006,2021,T,Y17,17.0,ALL,TOTAL,646
082006,2022,T,Y17,17.0,ALL,TOTAL,594
082006,2023,T,Y17,17.0,ALL,TOTAL,543
082006,2024,T,Y17,17.0,ALL,TOTAL,576
082006,2021,T,Y18,18.0,ALL,FRGAPO,3
082006,2022,T,Y18,18.0,ALL,FRGAPO,6
082006,2023,T,Y18,18.0,ALL,FRGAPO,5
082006,2024,T,Y18,18.0,ALL,FRGAPO,1
082006,2021,T,Y18,18.0,ALL,ITL,610
082006,2022,T,Y18,18.0,ALL,ITL,632
082006,2023,T,Y18,18.0,ALL,ITL,590
082006,2024,T,Y18,18.0,ALL,ITL,545
082006,2021,T,Y18,18.0,ALL,TOTAL,613
082006,2022,T,Y18,18.0,ALL,TOTAL,638
082006,2023,T,Y18,18.0,ALL,TOTAL,595
082006,2024,T,Y18,18.0,ALL,TOTAL,546
082006,2021,T,Y19,19.0,ALL,FRGAPO,6
082006,2022,T,Y19,19.0,ALL,FRGAPO,3
082006,2023,T,Y19,19.0,ALL,FRGAPO,6
082006,2024,T,Y19,19.0,ALL,FRGAPO,5
082006,2021,T,Y19,19.0,ALL,ITL,576
082006,2022,T,Y19,19.0,ALL,ITL,604
082006,2023,T,Y19,19.0,ALL,ITL,632
082006,2024,T,Y19,19.0,ALL,ITL,587
082006,2021,T,Y19,19.0,ALL,TOTAL,582
082006,2022,T,Y19,19.0,ALL,TOTAL,607
082006,2023,T,Y19,19.0,ALL,TOTAL,638
082006,2024,T,Y19,19.0,ALL,TOTAL,592
082006,2021,T,Y2,2.0,ALL,FRGAPO,7
082006,2022,T,Y2,2.0,ALL,FRGAPO,7
082006,2023,T,Y2,2.0,ALL,FRGAPO,5
082006,2024,T,Y2,2.0,ALL,FRGAPO,7
082006,2021,T,Y2,2.0,ALL,ITL,482
082006,2022,T,Y2,2.0,ALL,ITL,487
082006,2023,T,Y2,2.0,ALL,ITL,419
082006,2024,T,Y2,2.0,ALL,ITL,479
082006,2021,T,Y2,2.0,ALL,TOTAL,489
082006,2022,T,Y2,2.0,ALL,TOTAL,494
082006,2023,T,Y2,2.0,ALL,TOTAL,424
082006,2024,T,Y2,2.0,ALL,TOTAL,486
082006,2021,T,Y20,20.0,ALL,FRGAPO,8
082006,2022,T,Y20,20.0,ALL,FRGAPO,8
082006,2023,T,Y20,20.0,ALL,FRGAPO,5
082006,2024,T,Y20,20.0,ALL,FRGAPO,9
082006,2021,T,Y20,20.0,ALL,ITL,584
082006,2022,T,Y20,20.0,ALL,ITL,569
082006,2023,T,Y20,20.0,ALL,ITL,609
082006,2024,T,Y20,20.0,ALL,ITL,630
082006,2021,T,Y20,20.0,ALL,TOTAL,592
082006,2022,T,Y20,20.0,ALL,TOTAL,577
082006,2023,T,Y20,20.0,ALL,TOTAL,614
082006,2024,T,Y20,20.0,ALL,TOTAL,639
082006,2021,T,Y21,21.0,ALL,FRGAPO,10
082006,2022,T,Y21,21.0,ALL,FRGAPO,11
082006,2023,T,Y21,21.0,ALL,FRGAPO,8
082006,2024,T,Y21,21.0,ALL,FRGAPO,5
082006,2021,T,Y21,21.0,ALL,ITL,571
082006,2022,T,Y21,21.0,ALL,ITL,581
082006,2023,T,Y21,21.0,ALL,ITL,562
082006,2024,T,Y21,21.0,ALL,ITL,611
082006,2021,T,Y21,21.0,ALL,TOTAL,581
082006,2022,T,Y21,21.0,ALL,TOTAL,592
082006,2023,T,Y21,21.0,ALL,TOTAL,570
082006,2024,T,Y21,21.0,ALL,TOTAL,616
082006,2021,T,Y22,22.0,ALL,FRGAPO,14
082006,2022,T,Y22,22.0,ALL,FRGAPO,10
082006,2023,T,Y22,22.0,ALL,FRGAPO,10
082006,2024,T,Y22,22.0,ALL,FRGAPO,6
082006,2021,T,Y22,22.0,ALL,ITL,560
082006,2022,T,Y22,22.0,ALL,ITL,589
082006,2023,T,Y22,22.0,ALL,ITL,574
082006,2024,T,Y22,22.0,ALL,ITL,567
082006,2021,T,Y22,22.0,ALL,TOTAL,574
082006,2022,T,Y22,22.0,ALL,TOTAL,599
082006,2023,T,Y22,22.0,ALL,TOTAL,584
082006,2024,T,Y22,22.0,ALL,TOTAL,573
082006,2021,T,Y23,23.0,ALL,FRGAPO,5
082006,2022,T,Y23,23.0,ALL,FRGAPO,17
082006,2023,T,Y23,23.0,ALL,FRGAPO,11
082006,2024,T,Y23,23.0,ALL,FRGAPO,7
082006,2021,T,Y23,23.0,ALL,ITL,557
082006,2022,T,Y23,23.0,ALL,ITL,560
082006,2023,T,Y23,23.0,ALL,ITL,595
082006,2024,T,Y23,23.0,ALL,ITL,580
082006,2021,T,Y23,23.0,ALL,TOTAL,562
082006,2022,T,Y23,23.0,ALL,TOTAL,577
082006,2023,T,Y23,23.0,ALL,TOTAL,606
082006,2024,T,Y23,23.0,ALL,TOTAL,587
082006,2021,T,Y24,24.0,ALL,FRGAPO,6
082006,2022,T,Y24,24.0,ALL,FRGAPO,6
082006,2023,T,Y24,24.0,ALL,FRGAPO,16
082006,2024,T,Y24,24.0,ALL,FRGAPO,13
082006,2021,T,Y24,24.0,ALL,ITL,593
082006,2022,T,Y24,24.0,ALL,ITL,563
082006,2023,T,Y24,24.0,ALL,ITL,559
082006,2024,T,Y24,24.0,ALL,ITL,603
082006,2021,T,Y24,24.0,ALL,TOTAL,599
082006,2022,T,Y24,24.0,ALL,TOTAL,569
082006,2023,T,Y24,24.0,ALL,TOTAL,575
082006,2024,T,Y24,24.0,ALL,TOTAL,616
082006,2021,T,Y25,25.0,ALL,FRGAPO,4
082006,2022,T,Y25,25.0,ALL,FRGAPO,4
082006,2023,T,Y25,25.0,ALL,FRGAPO,12
082006,2024,T,Y25,25.0,ALL,FRGAPO,14
082006,2021,T,Y25,25.0,ALL,ITL,600
082006,2022,T,Y25,25.0,ALL,ITL,590
082006,2023,T,Y25,25.0,ALL,ITL,569
082006,2024,T,Y25,25.0,ALL,ITL,549
082006,2021,T,Y25,25.0,ALL,TOTAL,604
082006,2022,T,Y25,25.0,ALL,TOTAL,594
082006,2023,T,Y25,25.0,ALL,TOTAL,581
082006,2024,T,Y25,25.0,ALL,TOTAL,563
082006,2021,T,Y26,26.0,ALL,FRGAPO,7
082006,2022,T,Y26,26.0,ALL,FRGAPO,4
082006,2023,T,Y26,26.0,ALL,FRGAPO,6
082006,2024,T,Y26,26.0,ALL,FRGAPO,14
082006,2021,T,Y26,26.0,ALL,ITL,549
082006,2022,T,Y26,26.0,ALL,ITL,591
082006,2023,T,Y26,26.0,ALL,ITL,577
082006,2024,T,Y26,26.0,ALL,ITL,555
082006,2021,T,Y26,26.0,ALL,TOTAL,556
082006,2022,T,Y26,26.0,ALL,TOTAL,595
082006,2023,T,Y26,26.0,ALL,TOTAL,583
082006,2024,T,Y26,26.0,ALL,TOTAL,569
082006,2021,T,Y27,27.0,ALL,FRGAPO,6
082006,2022,T,Y27,27.0,ALL,FRGAPO,8
082006,2023,T,Y27,27.0,ALL,FRGAPO,8
082006,2024,T,Y27,27.0,ALL,FRGAPO,9
082006,2021,T,Y27,27.0,ALL,ITL,601
082006,2022,T,Y27,27.0,ALL,ITL,539
082006,2023,T,Y27,27.0,ALL,ITL,574
082006,2024,T,Y27,27.0,ALL,ITL,586
082006,2021,T,Y27,27.0,ALL,TOTAL,607
082006,2022,T,Y27,27.0,ALL,TOTAL,547
082006,2023,T,Y27,27.0,ALL,TOTAL,582
082006,2024,T,Y27,27.0,ALL,TOTAL,595
082006,2021,T,Y28,28.0,ALL,FRGAPO,11
082006,2022,T,Y28,28.0,ALL,FRGAPO,12
082006,2023,T,Y28,28.0,ALL,FRGAPO,6
082006,2024,T,Y28,28.0,ALL,FRGAPO,10
082006,2021,T,Y28,28.0,ALL,ITL,586
082006,2022,T,Y28,28.0,ALL,ITL,602
082006,2023,T,Y28,28.0,ALL,ITL,538
082006,2024,T,Y28,28.0,ALL,ITL,565
082006,2021,T,Y28,28.0,ALL,TOTAL,597
082006,2022,T,Y28,28.0,ALL,TOTAL,614
082006,2023,T,Y28,28.0,ALL,TOTAL,544
082006,2024,T,Y28,28.0,ALL,TOTAL,575
082006,2021,T,Y29,29.0,ALL,FRGAPO,8
082006,2022,T,Y29,29.0,ALL,FRGAPO,13
082006,2023,T,Y29,29.0,ALL,FRGAPO,15
082006,2024,T,Y29,29.0,ALL,FRGAPO,6
082006,2021,T,Y29,29.0,ALL,ITL,626
082006,2022,T,Y29,29.0,ALL,ITL,591
082006,2023,T,Y29,29.0,ALL,ITL,607
082006,2024,T,Y29,29.0,ALL,ITL,537
082006,2021,T,Y29,29.0,ALL,TOTAL,634
082006,2022,T,Y29,29.0,ALL,TOTAL,604
082006,2023,T,Y29,29.0,ALL,TOTAL,622
082006,2024,T,Y29,29.0,ALL,TOTAL,543
082006,2021,T,Y3,3.0,ALL,FRGAPO,5
082006,2022,T,Y3,3.0,ALL,FRGAPO,7
082006,2023,T,Y3,3.0,ALL,FRGAPO,8
082006,2024,T,Y3,3.0,ALL,FRGAPO,6
082006,2021,T,Y3,3.0,ALL,ITL,508
082006,2022,T,Y3,3.0,ALL,ITL,483
082006,2023,T,Y3,3.0,ALL,ITL,488
082006,2024,T,Y3,3.0,ALL,ITL,422
082006,2021,T,Y3,3.0,ALL,TOTAL,513
082006,2022,T,Y3,3.0,ALL,TOTAL,490
082006,2023,T,Y3,3.0,ALL,TOTAL,496
082006,2024,T,Y3,3.0,ALL,TOTAL,428
082006,2021,T,Y30,30.0,ALL,FRGAPO,9
082006,2022,T,Y30,30.0,ALL,FRGAPO,12
082006,2023,T,Y30,30.0,ALL,FRGAPO,11
082006,2024,T,Y30,30.0,ALL,FRGAPO,20
082006,2021,T,Y30,30.0,ALL,ITL,617
082006,2022,T,Y30,30.0,ALL,ITL,623
082006,2023,T,Y30,30.0,ALL,ITL,587
082006,2024,T,Y30,30.0,ALL,ITL,601
082006,2021,T,Y30,30.0,ALL,TOTAL,626
082006,2022,T,Y30,30.0,ALL,TOTAL,635
082006,2023,T,Y30,30.0,ALL,TOTAL,598
082006,2024,T,Y30,30.0,ALL,TOTAL,621
082006,2021,T,Y31,31.0,ALL,FRGAPO,10
082006,2022,T,Y31,31.0,ALL,FRGAPO,11
082006,2023,T,Y31,31.0,ALL,FRGAPO,13
082006,2024,T,Y31,31.0,ALL,FRGAPO,15
082006,2021,T,Y31,31.0,ALL,ITL,638
082006,2022,T,Y31,31.0,ALL,ITL,615
082006,2023,T,Y31,31.0,ALL,ITL,612
082006,2024,T,Y31,31.0,ALL,ITL,584
082006,2021,T,Y31,31.0,ALL,TOTAL,648
082006,2022,T,Y31,31.0,ALL,TOTAL,626
082006,2023,T,Y31,31.0,ALL,TOTAL,625
082006,2024,T,Y31,31.0,ALL,TOTAL,599
082006,2021,T,Y32,32.0,ALL,FRGAPO,13
082006,2022,T,Y32,32.0,ALL,FRGAPO,15
082006,2023,T,Y32,32.0,ALL,FRGAPO,10
082006,2024,T,Y32,32.0,ALL,FRGAPO,14
082006,2021,T,Y32,32.0,ALL,ITL,712
082006,2022,T,Y32,32.0,ALL,ITL,620
082006,2023,T,Y32,32.0,ALL,ITL,613
082006,2024,T,Y32,32.0,ALL,ITL,606
082006,2021,T,Y32,32.0,ALL,TOTAL,725
082006,2022,T,Y32,32.0,ALL,TOTAL,635
082006,2023,T,Y32,32.0,ALL,TOTAL,623
082006,2024,T,Y32,32.0,ALL,TOTAL,620
082006,2021,T,Y33,33.0,ALL,FRGAPO,11
082006,2022,T,Y33,33.0,ALL,FRGAPO,16
082006,2023,T,Y33,33.0,ALL,FRGAPO,15
082006,2024,T,Y33,33.0,ALL,FRGAPO,11
082006,2021,T,Y33,33.0,ALL,ITL,634
082006,2022,T,Y33,33.0,ALL,ITL,720
082006,2023,T,Y33,33.0,ALL,ITL,621
082006,2024,T,Y33,33.0,ALL,ITL,617
082006,2021,T,Y33,33.0,ALL,TOTAL,645
082006,2022,T,Y33,33.0,ALL,TOTAL,736
082006,2023,T,Y33,33.0,ALL,TOTAL,636
082006,2024,T,Y33,33.0,ALL,TOTAL,628
082006,2021,T,Y34,34.0,ALL,FRGAPO,14
082006,2022,T,Y34,34.0,ALL,FRGAPO,13
082006,2023,T,Y34,34.0,ALL,FRGAPO,18
082006,2024,T,Y34,34.0,ALL,FRGAPO,19
082006,2021,T,Y34,34.0,ALL,ITL,627
082006,2022,T,Y34,34.0,ALL,ITL,637
082006,2023,T,Y34,34.0,ALL,ITL,696
082006,2024,T,Y34,34.0,ALL,ITL,625
082006,2021,T,Y34,34.0,ALL,TOTAL,641
082006,2022,T,Y34,34.0,ALL,TOTAL,650
082006,2023,T,Y34,34.0,ALL,TOTAL,714
082006,2024,T,Y34,34.0,ALL,TOTAL,644
082006,2021,T,Y35,35.0,ALL,FRGAPO,12
082006,2022,T,Y35,35.0,ALL,FRGAPO,16
082006,2023,T,Y35,35.0,ALL,FRGAPO,15
082006,2024,T,Y35,35.0,ALL,FRGAPO,17
082006,2021,T,Y35,35.0,ALL,ITL,675
082006,2022,T,Y35,35.0,ALL,ITL,626
082006,2023,T,Y35,35.0,ALL,ITL,644
082006,2024,T,Y35,35.0,ALL,ITL,695
082006,2021,T,Y35,35.0,ALL,TOTAL,687
082006,2022,T,Y35,35.0,ALL,TOTAL,642
082006,2023,T,Y35,35.0,ALL,TOTAL,659
082006,2024,T,Y35,35.0,ALL,TOTAL,712
082006,2021,T,Y36,36.0,ALL,FRGAPO,16
082006,2022,T,Y36,36.0,ALL,FRGAPO,17
082006,2023,T,Y36,36.0,ALL,FRGAPO,17
082006,2024,T,Y36,36.0,ALL,FRGAPO,18
082006,2021,T,Y36,36.0,ALL,ITL,620
082006,2022,T,Y36,36.0,ALL,ITL,663
082006,2023,T,Y36,36.0,ALL,ITL,623
082006,2024,T,Y36,36.0,ALL,ITL,637
082006,2021,T,Y36,36.0,ALL,TOTAL,636
082006,2022,T,Y36,36.0,ALL,TOTAL,680
082006,2023,T,Y36,36.0,ALL,TOTAL,640
082006,2024,T,Y36,36.0,ALL,TOTAL,655
082006,2021,T,Y37,37.0,ALL,FRGAPO,9
082006,2022,T,Y37,37.0,ALL,FRGAPO,18
082006,2023,T,Y37,37.0,ALL,FRGAPO,18
082006,2024,T,Y37,37.0,ALL,FRGAPO,20
082006,2021,T,Y37,37.0,ALL,ITL,613
082006,2022,T,Y37,37.0,ALL,ITL,621
082006,2023,T,Y37,37.0,ALL,ITL,667
082006,2024,T,Y37,37.0,ALL,ITL,622
082006,2021,T,Y37,37.0,ALL,TOTAL,622
082006,2022,T,Y37,37.0,ALL,TOTAL,639
082006,2023,T,Y37,37.0,ALL,TOTAL,685
082006,2024,T,Y37,37.0,ALL,TOTAL,642
082006,2021,T,Y38,38.0,ALL,FRGAPO,10
082006,2022,T,Y38,38.0,ALL,FRGAPO,10
082006,2023,T,Y38,38.0,ALL,FRGAPO,19
082006,2024,T,Y38,38.0,ALL,FRGAPO,19
082006,2021,T,Y38,38.0,ALL,ITL,662
082006,2022,T,Y38,38.0,ALL,ITL,592
082006,2023,T,Y38,38.0,ALL,ITL,627
082006,2024,T,Y38,38.0,ALL,ITL,664
082006,2021,T,Y38,38.0,ALL,TOTAL,672
082006,2022,T,Y38,38.0,ALL,TOTAL,602
082006,2023,T,Y38,38.0,ALL,TOTAL,646
082006,2024,T,Y38,38.0,ALL,TOTAL,683
082006,2021,T,Y39,39.0,ALL,FRGAPO,17
082006,2022,T,Y39,39.0,ALL,FRGAPO,10
082006,2023,T,Y39,39.0,ALL,FRGAPO,12
082006,2024,T,Y39,39.0,ALL,FRGAPO,19
082006,2021,T,Y39,39.0,ALL,ITL,704
082006,2022,T,Y39,39.0,ALL,ITL,655
082006,2023,T,Y39,39.0,ALL,ITL,597
082006,2024,T,Y39,39.0,ALL,ITL,639
082006,2021,T,Y39,39.0,ALL,TOTAL,721
082006,2022,T,Y39,39.0,ALL,TOTAL,665
082006,2023,T,Y39,39.0,ALL,TOTAL,609
082006,2024,T,Y39,39.0,ALL,TOTAL,658
082006,2021,T,Y4,4.0,ALL,FRGAPO,3
082006,2022,T,Y4,4.0,ALL,FRGAPO,6
082006,2023,T,Y4,4.0,ALL,FRGAPO,8
082006,2024,T,Y4,4.0,ALL,FRGAPO,7
082006,2021,T,Y4,4.0,ALL,ITL,491
082006,2022,T,Y4,4.0,ALL,ITL,506
082006,2023,T,Y4,4.0,ALL,ITL,482
082006,2024,T,Y4,4.0,ALL,ITL,490
082006,2021,T,Y4,4.0,ALL,TOTAL,494
082006,2022,T,Y4,4.0,ALL,TOTAL,512
082006,2023,T,Y4,4.0,ALL,TOTAL,490
082006,2024,T,Y4,4.0,ALL,TOTAL,497
082006,2021,T,Y40,40.0,ALL,FRGAPO,8
082006,2022,T,Y40,40.0,ALL,FRGAPO,19
082006,2023,T,Y40,40.0,ALL,FRGAPO,12
082006,2024,T,Y40,40.0,ALL,FRGAPO,10
082006,2021,T,Y40,40.0,ALL,ITL,622
082006,2022,T,Y40,40.0,ALL,ITL,696
082006,2023,T,Y40,40.0,ALL,ITL,664
082006,2024,T,Y40,40.0,ALL,ITL,606
082006,2021,T,Y40,40.0,ALL,TOTAL,630
082006,2022,T,Y40,40.0,ALL,TOTAL,715
082006,2023,T,Y40,40.0,ALL,TOTAL,676
082006,2024,T,Y40,40.0,ALL,TOTAL,616
082006,2021,T,Y41,41.0,ALL,FRGAPO,13
082006,2022,T,Y41,41.0,ALL,FRGAPO,9
082006,2023,T,Y41,41.0,ALL,FRGAPO,16
082006,2024,T,Y41,41.0,ALL,FRGAPO,14
082006,2021,T,Y41,41.0,ALL,ITL,711
082006,2022,T,Y41,41.0,ALL,ITL,621
082006,2023,T,Y41,41.0,ALL,ITL,698
082006,2024,T,Y41,41.0,ALL,ITL,663
082006,2021,T,Y41,41.0,ALL,TOTAL,724
082006,2022,T,Y41,41.0,ALL,TOTAL,630
082006,2023,T,Y41,41.0,ALL,TOTAL,714
082006,2024,T,Y41,41.0,ALL,TOTAL,677
082006,2021,T,Y42,42.0,ALL,FRGAPO,21
082006,2022,T,Y42,42.0,ALL,FRGAPO,15
082006,2023,T,Y42,42.0,ALL,FRGAPO,9
082006,2024,T,Y42,42.0,ALL,FRGAPO,19
082006,2021,T,Y42,42.0,ALL,ITL,708
082006,2022,T,Y42,42.0,ALL,ITL,700
082006,2023,T,Y42,42.0,ALL,ITL,621
082006,2024,T,Y42,42.0,ALL,ITL,704
082006,2021,T,Y42,42.0,ALL,TOTAL,729
082006,2022,T,Y42,42.0,ALL,TOTAL,715
082006,2023,T,Y42,42.0,ALL,TOTAL,630
082006,2024,T,Y42,42.0,ALL,TOTAL,723
082006,2021,T,Y43,43.0,ALL,FRGAPO,12
082006,2022,T,Y43,43.0,ALL,FRGAPO,22
082006,2023,T,Y43,43.0,ALL,FRGAPO,15
082006,2024,T,Y43,43.0,ALL,FRGAPO,11
082006,2021,T,Y43,43.0,ALL,ITL,752
082006,2022,T,Y43,43.0,ALL,ITL,708
082006,2023,T,Y43,43.0,ALL,ITL,697
082006,2024,T,Y43,43.0,ALL,ITL,629
082006,2021,T,Y43,43.0,ALL,TOTAL,764
082006,2022,T,Y43,43.0,ALL,TOTAL,730
082006,2023,T,Y43,43.0,ALL,TOTAL,712
082006,2024,T,Y43,43.0,ALL,TOTAL,640
082006,2021,T,Y44,44.0,ALL,FRGAPO,9
082006,2022,T,Y44,44.0,ALL,FRGAPO,14
082006,2023,T,Y44,44.0,ALL,FRGAPO,20
082006,2024,T,Y44,44.0,ALL,FRGAPO,14
082006,2021,T,Y44,44.0,ALL,ITL,708
082006,2022,T,Y44,44.0,ALL,ITL,746
082006,2023,T,Y44,44.0,ALL,ITL,725
082006,2024,T,Y44,44.0,ALL,ITL,695
082006,2021,T,Y44,44.0,ALL,TOTAL,717
082006,2022,T,Y44,44.0,ALL,TOTAL,760
082006,2023,T,Y44,44.0,ALL,TOTAL,745
082006,2024,T,Y44,44.0,ALL,TOTAL,709
082006,2021,T,Y45,45.0,ALL,FRGAPO,10
082006,2022,T,Y45,45.0,ALL,FRGAPO,7
082006,2023,T,Y45,45.0,ALL,FRGAPO,12
082006,2024,T,Y45,45.0,ALL,FRGAPO,22
082006,2021,T,Y45,45.0,ALL,ITL,761
082006,2022,T,Y45,45.0,ALL,ITL,709
082006,2023,T,Y45,45.0,ALL,ITL,751
082006,2024,T,Y45,45.0,ALL,ITL,725
082006,2021,T,Y45,45.0,ALL,TOTAL,771
082006,2022,T,Y45,45.0,ALL,TOTAL,716
082006,2023,T,Y45,45.0,ALL,TOTAL,763
082006,2024,T,Y45,45.0,ALL,TOTAL,747
082006,2021,T,Y46,46.0,ALL,FRGAPO,12
082006,2022,T,Y46,46.0,ALL,FRGAPO,11
082006,2023,T,Y46,46.0,ALL,FRGAPO,8
082006,2024,T,Y46,46.0,ALL,FRGAPO,13
082006,2021,T,Y46,46.0,ALL,ITL,753
082006,2022,T,Y46,46.0,ALL,ITL,762
082006,2023,T,Y46,46.0,ALL,ITL,710
082006,2024,T,Y46,46.0,ALL,ITL,756
082006,2021,T,Y46,46.0,ALL,TOTAL,765
082006,2022,T,Y46,46.0,ALL,TOTAL,773
082006,2023,T,Y46,46.0,ALL,TOTAL,718
082006,2024,T,Y46,46.0,ALL,TOTAL,769
082006,2021,T,Y47,47.0,ALL,FRGAPO,9
082006,2022,T,Y47,47.0,ALL,FRGAPO,12
082006,2023,T,Y47,47.0,ALL,FRGAPO,13
082006,2024,T,Y47,47.0,ALL,FRGAPO,12
082006,2021,T,Y47,47.0,ALL,ITL,789
082006,2022,T,Y47,47.0,ALL,ITL,750
082006,2023,T,Y47,47.0,ALL,ITL,756
082006,2024,T,Y47,47.0,ALL,ITL,717
082006,2021,T,Y47,47.0,ALL,TOTAL,798
082006,2022,T,Y47,47.0,ALL,TOTAL,762
082006,2023,T,Y47,47.0,ALL,TOTAL,769
082006,2024,T,Y47,47.0,ALL,TOTAL,729
082006,2021,T,Y48,48.0,ALL,FRGAPO,9
082006,2022,T,Y48,48.0,ALL,FRGAPO,9
082006,2023,T,Y48,48.0,ALL,FRGAPO,12
082006,2024,T,Y48,48.0,ALL,FRGAPO,13
082006,2021,T,Y48,48.0,ALL,ITL,795
082006,2022,T,Y48,48.0,ALL,ITL,788
082006,2023,T,Y48,48.0,ALL,ITL,752
082006,2024,T,Y48,48.0,ALL,ITL,756
082006,2021,T,Y48,48.0,ALL,TOTAL,804
082006,2022,T,Y48,48.0,ALL,TOTAL,797
082006,2023,T,Y48,48.0,ALL,TOTAL,764
082006,2024,T,Y48,48.0,ALL,TOTAL,769
082006,2021,T,Y49,49.0,ALL,FRGAPO,9
082006,2022,T,Y49,49.0,ALL,FRGAPO,8
082006,2023,T,Y49,49.0,ALL,FRGAPO,10
082006,2024,T,Y49,49.0,ALL,FRGAPO,13
082006,2021,T,Y49,49.0,ALL,ITL,749
082006,2022,T,Y49,49.0,ALL,ITL,800
082006,2023,T,Y49,49.0,ALL,ITL,779
082006,2024,T,Y49,49.0,ALL,ITL,757
082006,2021,T,Y49,49.0,ALL,TOTAL,758
082006,2022,T,Y49,49.0,ALL,TOTAL,808
082006,2023,T,Y49,49.0,ALL,TOTAL,789
082006,2024,T,Y49,49.0,ALL,TOTAL,770
082006,2021,T,Y5,5.0,ALL,FRGAPO,3
082006,2022,T,Y5,5.0,ALL,FRGAPO,3
082006,2023,T,Y5,5.0,ALL,FRGAPO,6
082006,2024,T,Y5,5.0,ALL,FRGAPO,11
082006,2021,T,Y5,5.0,ALL,ITL,507
082006,2022,T,Y5,5.0,ALL,ITL,484
082006,2023,T,Y5,5.0,ALL,ITL,506
082006,2024,T,Y5,5.0,ALL,ITL,480
082006,2021,T,Y5,5.0,ALL,TOTAL,510
082006,2022,T,Y5,5.0,ALL,TOTAL,487
082006,2023,T,Y5,5.0,ALL,TOTAL,512
082006,2024,T,Y5,5.0,ALL,TOTAL,491
082006,2021,T,Y50,50.0,ALL,FRGAPO,11
082006,2022,T,Y50,50.0,ALL,FRGAPO,7
082006,2023,T,Y50,50.0,ALL,FRGAPO,7
082006,2024,T,Y50,50.0,ALL,FRGAPO,10
082006,2021,T,Y50,50.0,ALL,ITL,776
082006,2022,T,Y50,50.0,ALL,ITL,751
082006,2023,T,Y50,50.0,ALL,ITL,805
082006,2024,T,Y50,50.0,ALL,ITL,778
082006,2021,T,Y50,50.0,ALL,TOTAL,787
082006,2022,T,Y50,50.0,ALL,TOTAL,758
082006,2023,T,Y50,50.0,ALL,TOTAL,812
082006,2024,T,Y50,50.0,ALL,TOTAL,788
082006,2021,T,Y51,51.0,ALL,FRGAPO,8
082006,2022,T,Y51,51.0,ALL,FRGAPO,11
082006,2023,T,Y51,51.0,ALL,FRGAPO,8
082006,2024,T,Y51,51.0,ALL,FRGAPO,8
082006,2021,T,Y51,51.0,ALL,ITL,810
082006,2022,T,Y51,51.0,ALL,ITL,783
082006,2023,T,Y51,51.0,ALL,ITL,750
082006,2024,T,Y51,51.0,ALL,ITL,807
082006,2021,T,Y51,51.0,ALL,TOTAL,818
082006,2022,T,Y51,51.0,ALL,TOTAL,794
082006,2023,T,Y51,51.0,ALL,TOTAL,758
082006,2024,T,Y51,51.0,ALL,TOTAL,815
082006,2021,T,Y52,52.0,ALL,FRGAPO,10
082006,2022,T,Y52,52.0,ALL,FRGAPO,7
082006,2023,T,Y52,52.0,ALL,FRGAPO,11
082006,2024,T,Y52,52.0,ALL,FRGAPO,10
082006,2021,T,Y52,52.0,ALL,ITL,825
082006,2022,T,Y52,52.0,ALL,ITL,811
082006,2023,T,Y52,52.0,ALL,ITL,788
082006,2024,T,Y52,52.0,ALL,ITL,753
082006,2021,T,Y52,52.0,ALL,TOTAL,835
082006,2022,T,Y52,52.0,ALL,TOTAL,818
082006,2023,T,Y52,52.0,ALL,TOTAL,799
082006,2024,T,Y52,52.0,ALL,TOTAL,763
082006,2021,T,Y53,53.0,ALL,FRGAPO,11
082006,2022,T,Y53,53.0,ALL,FRGAPO,11
082006,2023,T,Y53,53.0,ALL,FRGAPO,5
082006,2024,T,Y53,53.0,ALL,FRGAPO,9
082006,2021,T,Y53,53.0,ALL,ITL,833
082006,2022,T,Y53,53.0,ALL,ITL,815
082006,2023,T,Y53,53.0,ALL,ITL,804
082006,2024,T,Y53,53.0,ALL,ITL,785
082006,2021,T,Y53,53.0,ALL,TOTAL,844
082006,2022,T,Y53,53.0,ALL,TOTAL,826
082006,2023,T,Y53,53.0,ALL,TOTAL,809
082006,2024,T,Y53,53.0,ALL,TOTAL,794
082006,2021,T,Y54,54.0,ALL,FRGAPO,8
082006,2022,T,Y54,54.0,ALL,FRGAPO,13
082006,2023,T,Y54,54.0,ALL,FRGAPO,11
082006,2024,T,Y54,54.0,ALL,FRGAPO,7
082006,2021,T,Y54,54.0,ALL,ITL,751
082006,2022,T,Y54,54.0,ALL,ITL,829
082006,2023,T,Y54,54.0,ALL,ITL,811
082006,2024,T,Y54,54.0,ALL,ITL,808
082006,2021,T,Y54,54.0,ALL,TOTAL,759
082006,2022,T,Y54,54.0,ALL,TOTAL,842
082006,2023,T,Y54,54.0,ALL,TOTAL,822
082006,2024,T,Y54,54.0,ALL,TOTAL,815
082006,2021,T,Y55,55.0,ALL,FRGAPO,6
082006,2022,T,Y55,55.0,ALL,FRGAPO,9
082006,2023,T,Y55,55.0,ALL,FRGAPO,9
082006,2024,T,Y55,55.0,ALL,FRGAPO,10
082006,2021,T,Y55,55.0,ALL,ITL,774
082006,2022,T,Y55,55.0,ALL,ITL,751
082006,2023,T,Y55,55.0,ALL,ITL,834
082006,2024,T,Y55,55.0,ALL,ITL,816
082006,2021,T,Y55,55.0,ALL,TOTAL,780
082006,2022,T,Y55,55.0,ALL,TOTAL,760
082006,2023,T,Y55,55.0,ALL,TOTAL,843
082006,2024,T,Y55,55.0,ALL,TOTAL,826
082006,2021,T,Y56,56.0,ALL,FRGAPO,5
082006,2022,T,Y56,56.0,ALL,FRGAPO,4
082006,2023,T,Y56,56.0,ALL,FRGAPO,8
082006,2024,T,Y56,56.0,ALL,FRGAPO,10
082006,2021,T,Y56,56.0,ALL,ITL,812
082006,2022,T,Y56,56.0,ALL,ITL,775
082006,2023,T,Y56,56.0,ALL,ITL,751
082006,2024,T,Y56,56.0,ALL,ITL,842
082006,2021,T,Y56,56.0,ALL,TOTAL,817
082006,2022,T,Y56,56.0,ALL,TOTAL,779
082006,2023,T,Y56,56.0,ALL,TOTAL,759
082006,2024,T,Y56,56.0,ALL,TOTAL,852
082006,2021,T,Y57,57.0,ALL,FRGAPO,9
082006,2022,T,Y57,57.0,ALL,FRGAPO,5
082006,2023,T,Y57,57.0,ALL,FRGAPO,5
082006,2024,T,Y57,57.0,ALL,FRGAPO,8
082006,2021,T,Y57,57.0,ALL,ITL,760
082006,2022,T,Y57,57.0,ALL,ITL,811
082006,2023,T,Y57,57.0,ALL,ITL,776
082006,2024,T,Y57,57.0,ALL,ITL,747
082006,2021,T,Y57,57.0,ALL,TOTAL,769
082006,2022,T,Y57,57.0,ALL,TOTAL,816
082006,2023,T,Y57,57.0,ALL,TOTAL,781
082006,2024,T,Y57,57.0,ALL,TOTAL,755
082006,2021,T,Y58,58.0,ALL,FRGAPO,4
082006,2022,T,Y58,58.0,ALL,FRGAPO,9
082006,2023,T,Y58,58.0,ALL,FRGAPO,4
082006,2024,T,Y58,58.0,ALL,FRGAPO,4
082006,2021,T,Y58,58.0,ALL,ITL,758
082006,2022,T,Y58,58.0,ALL,ITL,757
082006,2023,T,Y58,58.0,ALL,ITL,804
082006,2024,T,Y58,58.0,ALL,ITL,776
082006,2021,T,Y58,58.0,ALL,TOTAL,762
082006,2022,T,Y58,58.0,ALL,TOTAL,766
082006,2023,T,Y58,58.0,ALL,TOTAL,808
082006,2024,T,Y58,58.0,ALL,TOTAL,780
082006,2021,T,Y59,59.0,ALL,FRGAPO,8
082006,2022,T,Y59,59.0,ALL,FRGAPO,5
082006,2023,T,Y59,59.0,ALL,FRGAPO,7
082006,2024,T,Y59,59.0,ALL,FRGAPO,6
082006,2021,T,Y59,59.0,ALL,ITL,772
082006,2022,T,Y59,59.0,ALL,ITL,753
082006,2023,T,Y59,59.0,ALL,ITL,761
082006,2024,T,Y59,59.0,ALL,ITL,809
082006,2021,T,Y59,59.0,ALL,TOTAL,780
082006,2022,T,Y59,59.0,ALL,TOTAL,758
082006,2023,T,Y59,59.0,ALL,TOTAL,768
082006,2024,T,Y59,59.0,ALL,TOTAL,815
082006,2021,T,Y6,6.0,ALL,FRGAPO,5
082006,2022,T,Y6,6.0,ALL,FRGAPO,3
082006,2023,T,Y6,6.0,ALL,FRGAPO,4
082006,2024,T,Y6,6.0,ALL,FRGAPO,8
082006,2021,T,Y6,6.0,ALL,ITL,516
082006,2022,T,Y6,6.0,ALL,ITL,508
082006,2023,T,Y6,6.0,ALL,ITL,484
082006,2024,T,Y6,6.0,ALL,ITL,513
082006,2021,T,Y6,6.0,ALL,TOTAL,521
082006,2022,T,Y6,6.0,ALL,TOTAL,511
082006,2023,T,Y6,6.0,ALL,TOTAL,488
082006,2024,T,Y6,6.0,ALL,TOTAL,521
082006,2021,T,Y60,60.0,ALL,FRGAPO,9
082006,2022,T,Y60,60.0,ALL,FRGAPO,6
082006,2023,T,Y60,60.0,ALL,FRGAPO,3
082006,2024,T,Y60,60.0,ALL,FRGAPO,7
082006,2021,T,Y60,60.0,ALL,ITL,755
082006,2022,T,Y60,60.0,ALL,ITL,763
082006,2023,T,Y60,60.0,ALL,ITL,745
082006,2024,T,Y60,60.0,ALL,ITL,761
082006,2021,T,Y60,60.0,ALL,TOTAL,764
082006,2022,T,Y60,60.0,ALL,TOTAL,769
082006,2023,T,Y60,60.0,ALL,TOTAL,748
082006,2024,T,Y60,60.0,ALL,TOTAL,768
082006,2021,T,Y61,61.0,ALL,FRGAPO,5
082006,2022,T,Y61,61.0,ALL,FRGAPO,8
082006,2023,T,Y61,61.0,ALL,FRGAPO,5
082006,2024,T,Y61,61.0,ALL,FRGAPO,4
082006,2021,T,Y61,61.0,ALL,ITL,698
082006,2022,T,Y61,61.0,ALL,ITL,756
082006,2023,T,Y61,61.0,ALL,ITL,766
082006,2024,T,Y61,61.0,ALL,ITL,732
082006,2021,T,Y61,61.0,ALL,TOTAL,703
082006,2022,T,Y61,61.0,ALL,TOTAL,764
082006,2023,T,Y61,61.0,ALL,TOTAL,771
082006,2024,T,Y61,61.0,ALL,TOTAL,736
082006,2021,T,Y62,62.0,ALL,FRGAPO,4
082006,2022,T,Y62,62.0,ALL,FRGAPO,5
082006,2023,T,Y62,62.0,ALL,FRGAPO,5
082006,2024,T,Y62,62.0,ALL,FRGAPO,7
082006,2021,T,Y62,62.0,ALL,ITL,715
082006,2022,T,Y62,62.0,ALL,ITL,701
082006,2023,T,Y62,62.0,ALL,ITL,767
082006,2024,T,Y62,62.0,ALL,ITL,767
082006,2021,T,Y62,62.0,ALL,TOTAL,719
082006,2022,T,Y62,62.0,ALL,TOTAL,706
082006,2023,T,Y62,62.0,ALL,TOTAL,772
082006,2024,T,Y62,62.0,ALL,TOTAL,774
082006,2021,T,Y63,63.0,ALL,FRGAPO,3
082006,2022,T,Y63,63.0,ALL,FRGAPO,3
082006,2023,T,Y63,63.0,ALL,FRGAPO,5
082006,2024,T,Y63,63.0,ALL,FRGAPO,5
082006,2021,T,Y63,63.0,ALL,ITL,707
082006,2022,T,Y63,63.0,ALL,ITL,717
082006,2023,T,Y63,63.0,ALL,ITL,694
082006,2024,T,Y63,63.0,ALL,ITL,761
082006,2021,T,Y63,63.0,ALL,TOTAL,710
082006,2022,T,Y63,63.0,ALL,TOTAL,720
082006,2023,T,Y63,63.0,ALL,TOTAL,699
082006,2024,T,Y63,63.0,ALL,TOTAL,766
082006,2021,T,Y64,64.0,ALL,FRGAPO,1
082006,2022,T,Y64,64.0,ALL,FRGAPO,3
082006,2023,T,Y64,64.0,ALL,FRGAPO,3
082006,2024,T,Y64,64.0,ALL,FRGAPO,5
082006,2021,T,Y64,64.0,ALL,ITL,600
082006,2022,T,Y64,64.0,ALL,ITL,701
082006,2023,T,Y64,64.0,ALL,ITL,717
082006,2024,T,Y64,64.0,ALL,ITL,691
082006,2021,T,Y64,64.0,ALL,TOTAL,601
082006,2022,T,Y64,64.0,ALL,TOTAL,704
082006,2023,T,Y64,64.0,ALL,TOTAL,720
082006,2024,T,Y64,64.0,ALL,TOTAL,696
082006,2021,T,Y65,65.0,ALL,FRGAPO,2
082006,2022,T,Y65,65.0,ALL,FRGAPO,1
082006,2023,T,Y65,65.0,ALL,FRGAPO,3
082006,2024,T,Y65,65.0,ALL,FRGAPO,3
082006,2021,T,Y65,65.0,ALL,ITL,706
082006,2022,T,Y65,65.0,ALL,ITL,595
082006,2023,T,Y65,65.0,ALL,ITL,695
082006,2024,T,Y65,65.0,ALL,ITL,712
082006,2021,T,Y65,65.0,ALL,TOTAL,708
082006,2022,T,Y65,65.0,ALL,TOTAL,596
082006,2023,T,Y65,65.0,ALL,TOTAL,698
082006,2024,T,Y65,65.0,ALL,TOTAL,715
082006,2021,T,Y66,66.0,ALL,FRGAPO,2
082006,2022,T,Y66,66.0,ALL,FRGAPO,3
082006,2023,T,Y66,66.0,ALL,FRGAPO,2
082006,2024,T,Y66,66.0,ALL,FRGAPO,4
082006,2021,T,Y66,66.0,ALL,ITL,615
082006,2022,T,Y66,66.0,ALL,ITL,691
082006,2023,T,Y66,66.0,ALL,ITL,594
082006,2024,T,Y66,66.0,ALL,ITL,686
082006,2021,T,Y66,66.0,ALL,TOTAL,617
082006,2022,T,Y66,66.0,ALL,TOTAL,694
082006,2023,T,Y66,66.0,ALL,TOTAL,596
082006,2024,T,Y66,66.0,ALL,TOTAL,690
082006,2022,T,Y67,67.0,ALL,FRGAPO,2
082006,2023,T,Y67,67.0,ALL,FRGAPO,3
082006,2024,T,Y67,67.0,ALL,FRGAPO,2
082006,2021,T,Y67,67.0,ALL,ITL,582
082006,2022,T,Y67,67.0,ALL,ITL,613
082006,2023,T,Y67,67.0,ALL,ITL,683
082006,2024,T,Y67,67.0,ALL,ITL,590
082006,2021,T,Y67,67.0,ALL,TOTAL,582
082006,2022,T,Y67,67.0,ALL,TOTAL,615
082006,2023,T,Y67,67.0,ALL,TOTAL,686
082006,2024,T,Y67,67.0,ALL,TOTAL,592
082006,2021,T,Y68,68.0,ALL,FRGAPO,5
082006,2023,T,Y68,68.0,ALL,FRGAPO,6
082006,2024,T,Y68,68.0,ALL,FRGAPO,2
082006,2021,T,Y68,68.0,ALL,ITL,581
082006,2022,T,Y68,68.0,ALL,ITL,580
082006,2023,T,Y68,68.0,ALL,ITL,603
082006,2024,T,Y68,68.0,ALL,ITL,684
082006,2021,T,Y68,68.0,ALL,TOTAL,586
082006,2022,T,Y68,68.0,ALL,TOTAL,580
082006,2023,T,Y68,68.0,ALL,TOTAL,609
082006,2024,T,Y68,68.0,ALL,TOTAL,686
082006,2022,T,Y69,69.0,ALL,FRGAPO,4
082006,2024,T,Y69,69.0,ALL,FRGAPO,5
082006,2021,T,Y69,69.0,ALL,ITL,595
082006,2022,T,Y69,69.0,ALL,ITL,575
082006,2023,T,Y69,69.0,ALL,ITL,574
082006,2024,T,Y69,69.0,ALL,ITL,596
082006,2021,T,Y69,69.0,ALL,TOTAL,595
082006,2022,T,Y69,69.0,ALL,TOTAL,579
082006,2023,T,Y69,69.0,ALL,TOTAL,574
082006,2024,T,Y69,69.0,ALL,TOTAL,601
082006,2021,T,Y7,7.0,ALL,FRGAPO,6
082006,2022,T,Y7,7.0,ALL,FRGAPO,5
082006,2023,T,Y7,7.0,ALL,FRGAPO,4
082006,2024,T,Y7,7.0,ALL,FRGAPO,5
082006,2021,T,Y7,7.0,ALL,ITL,530
082006,2022,T,Y7,7.0,ALL,ITL,522
082006,2023,T,Y7,7.0,ALL,ITL,512
082006,2024,T,Y7,7.0,ALL,ITL,486
082006,2021,T,Y7,7.0,ALL,TOTAL,536
082006,2022,T,Y7,7.0,ALL,TOTAL,527
082006,2023,T,Y7,7.0,ALL,TOTAL,516
082006,2024,T,Y7,7.0,ALL,TOTAL,491
082006,2021,T,Y70,70.0,ALL,FRGAPO,2
082006,2023,T,Y70,70.0,ALL,FRGAPO,4
082006,2021,T,Y70,70.0,ALL,ITL,558
082006,2022,T,Y70,70.0,ALL,ITL,588
082006,2023,T,Y70,70.0,ALL,ITL,575
082006,2024,T,Y70,70.0,ALL,ITL,573
082006,2021,T,Y70,70.0,ALL,TOTAL,560
082006,2022,T,Y70,70.0,ALL,TOTAL,588
082006,2023,T,Y70,70.0,ALL,TOTAL,579
082006,2024,T,Y70,70.0,ALL,TOTAL,573
082006,2021,T,Y71,71.0,ALL,FRGAPO,1
082006,2022,T,Y71,71.0,ALL,FRGAPO,2
082006,2024,T,Y71,71.0,ALL,FRGAPO,5
082006,2021,T,Y71,71.0,ALL,ITL,556
082006,2022,T,Y71,71.0,ALL,ITL,549
082006,2023,T,Y71,71.0,ALL,ITL,570
082006,2024,T,Y71,71.0,ALL,ITL,570
082006,2021,T,Y71,71.0,ALL,TOTAL,557
082006,2022,T,Y71,71.0,ALL,TOTAL,551
082006,2023,T,Y71,71.0,ALL,TOTAL,570
082006,2024,T,Y71,71.0,ALL,TOTAL,575
082006,2021,T,Y72,72.0,ALL,FRGAPO,4
082006,2022,T,Y72,72.0,ALL,FRGAPO,2
082006,2023,T,Y72,72.0,ALL,FRGAPO,1
082006,2024,T,Y72,72.0,ALL,FRGAPO,1
082006,2021,T,Y72,72.0,ALL,ITL,543
082006,2022,T,Y72,72.0,ALL,ITL,546
082006,2023,T,Y72,72.0,ALL,ITL,538
082006,2024,T,Y72,72.0,ALL,ITL,560
082006,2021,T,Y72,72.0,ALL,TOTAL,547
082006,2022,T,Y72,72.0,ALL,TOTAL,548
082006,2023,T,Y72,72.0,ALL,TOTAL,539
082006,2024,T,Y72,72.0,ALL,TOTAL,561
082006,2021,T,Y73,73.0,ALL,FRGAPO,1
082006,2022,T,Y73,73.0,ALL,FRGAPO,4
082006,2023,T,Y73,73.0,ALL,FRGAPO,2
082006,2024,T,Y73,73.0,ALL,FRGAPO,1
082006,2021,T,Y73,73.0,ALL,ITL,598
082006,2022,T,Y73,73.0,ALL,ITL,535
082006,2023,T,Y73,73.0,ALL,ITL,532
082006,2024,T,Y73,73.0,ALL,ITL,532
082006,2021,T,Y73,73.0,ALL,TOTAL,599
082006,2022,T,Y73,73.0,ALL,TOTAL,539
082006,2023,T,Y73,73.0,ALL,TOTAL,534
082006,2024,T,Y73,73.0,ALL,TOTAL,533
082006,2022,T,Y74,74.0,ALL,FRGAPO,1
082006,2023,T,Y74,74.0,ALL,FRGAPO,3
082006,2024,T,Y74,74.0,ALL,FRGAPO,1
082006,2021,T,Y74,74.0,ALL,ITL,529
082006,2022,T,Y74,74.0,ALL,ITL,590
082006,2023,T,Y74,74.0,ALL,ITL,527
082006,2024,T,Y74,74.0,ALL,ITL,521
082006,2021,T,Y74,74.0,ALL,TOTAL,529
082006,2022,T,Y74,74.0,ALL,TOTAL,591
082006,2023,T,Y74,74.0,ALL,TOTAL,530
082006,2024,T,Y74,74.0,ALL,TOTAL,522
082006,2021,T,Y75,75.0,ALL,FRGAPO,1
082006,2022,T,Y75,75.0,ALL,FRGAPO,1
082006,2023,T,Y75,75.0,ALL,FRGAPO,1
082006,2024,T,Y75,75.0,ALL,FRGAPO,4
082006,2021,T,Y75,75.0,ALL,ITL,552
082006,2022,T,Y75,75.0,ALL,ITL,519
082006,2023,T,Y75,75.0,ALL,ITL,575
082006,2024,T,Y75,75.0,ALL,ITL,517
082006,2021,T,Y75,75.0,ALL,TOTAL,553
082006,2022,T,Y75,75.0,ALL,TOTAL,520
082006,2023,T,Y75,75.0,ALL,TOTAL,576
082006,2024,T,Y75,75.0,ALL,TOTAL,521
082006,2021,T,Y76,76.0,ALL,FRGAPO,1
082006,2022,T,Y76,76.0,ALL,FRGAPO,1
082006,2023,T,Y76,76.0,ALL,FRGAPO,1
082006,2024,T,Y76,76.0,ALL,FRGAPO,1
082006,2021,T,Y76,76.0,ALL,ITL,391
082006,2022,T,Y76,76.0,ALL,ITL,522
082006,2023,T,Y76,76.0,ALL,ITL,510
082006,2024,T,Y76,76.0,ALL,ITL,561
082006,2021,T,Y76,76.0,ALL,TOTAL,392
082006,2022,T,Y76,76.0,ALL,TOTAL,523
082006,2023,T,Y76,76.0,ALL,TOTAL,511
082006,2024,T,Y76,76.0,ALL,TOTAL,562
082006,2022,T,Y77,77.0,ALL,FRGAPO,1
082006,2024,T,Y77,77.0,ALL,FRGAPO,1
082006,2021,T,Y77,77.0,ALL,ITL,372
082006,2022,T,Y77,77.0,ALL,ITL,376
082006,2023,T,Y77,77.0,ALL,ITL,498
082006,2024,T,Y77,77.0,ALL,ITL,491
082006,2021,T,Y77,77.0,ALL,TOTAL,372
082006,2022,T,Y77,77.0,ALL,TOTAL,377
082006,2023,T,Y77,77.0,ALL,TOTAL,498
082006,2024,T,Y77,77.0,ALL,TOTAL,492
082006,2021,T,Y78,78.0,ALL,FRGAPO,1
082006,2023,T,Y78,78.0,ALL,FRGAPO,1
082006,2021,T,Y78,78.0,ALL,ITL,351
082006,2022,T,Y78,78.0,ALL,ITL,361
082006,2023,T,Y78,78.0,ALL,ITL,359
082006,2024,T,Y78,78.0,ALL,ITL,486
082006,2021,T,Y78,78.0,ALL,TOTAL,352
082006,2022,T,Y78,78.0,ALL,TOTAL,361
082006,2023,T,Y78,78.0,ALL,TOTAL,360
082006,2024,T,Y78,78.0,ALL,TOTAL,486
082006,2021,T,Y79,79.0,ALL,FRGAPO,1
082006,2022,T,Y79,79.0,ALL,FRGAPO,1
082006,2024,T,Y79,79.0,ALL,FRGAPO,1
082006,2021,T,Y79,79.0,ALL,ITL,352
082006,2022,T,Y79,79.0,ALL,ITL,341
082006,2023,T,Y79,79.0,ALL,ITL,338
082006,2024,T,Y79,79.0,ALL,ITL,344
082006,2021,T,Y79,79.0,ALL,TOTAL,353
082006,2022,T,Y79,79.0,ALL,TOTAL,342
082006,2023,T,Y79,79.0,ALL,TOTAL,338
082006,2024,T,Y79,79.0,ALL,TOTAL,345
082006,2021,T,Y8,8.0,ALL,FRGAPO,2
082006,2022,T,Y8,8.0,ALL,FRGAPO,9
082006,2023,T,Y8,8.0,ALL,FRGAPO,7
082006,2024,T,Y8,8.0,ALL,FRGAPO,5
082006,2021,T,Y8,8.0,ALL,ITL,488
082006,2022,T,Y8,8.0,ALL,ITL,525
082006,2023,T,Y8,8.0,ALL,ITL,522
082006,2024,T,Y8,8.0,ALL,ITL,514
082006,2021,T,Y8,8.0,ALL,TOTAL,490
082006,2022,T,Y8,8.0,ALL,TOTAL,534
082006,2023,T,Y8,8.0,ALL,TOTAL,529
082006,2024,T,Y8,8.0,ALL,TOTAL,519
082006,2022,T,Y80,80.0,ALL,FRGAPO,1
082006,2023,T,Y80,80.0,ALL,FRGAPO,1
082006,2021,T,Y80,80.0,ALL,ITL,356
082006,2022,T,Y80,80.0,ALL,ITL,331
082006,2023,T,Y80,80.0,ALL,ITL,321
082006,2024,T,Y80,80.0,ALL,ITL,327
082006,2021,T,Y80,80.0,ALL,TOTAL,356
082006,2022,T,Y80,80.0,ALL,TOTAL,332
082006,2023,T,Y80,80.0,ALL,TOTAL,322
082006,2024,T,Y80,80.0,ALL,TOTAL,327
082006,2021,T,Y81,81.0,ALL,FRGAPO,1
082006,2024,T,Y81,81.0,ALL,FRGAPO,1
082006,2021,T,Y81,81.0,ALL,ITL,305
082006,2022,T,Y81,81.0,ALL,ITL,346
082006,2023,T,Y81,81.0,ALL,ITL,319
082006,2024,T,Y81,81.0,ALL,ITL,309
082006,2021,T,Y81,81.0,ALL,TOTAL,306
082006,2022,T,Y81,81.0,ALL,TOTAL,346
082006,2023,T,Y81,81.0,ALL,TOTAL,319
082006,2024,T,Y81,81.0,ALL,TOTAL,310
082006,2023,T,Y82,82.0,ALL,FRGAPO,1
082006,2021,T,Y82,82.0,ALL,ITL,325
082006,2022,T,Y82,82.0,ALL,ITL,283
082006,2023,T,Y82,82.0,ALL,ITL,321
082006,2024,T,Y82,82.0,ALL,ITL,298
082006,2021,T,Y82,82.0,ALL,TOTAL,325
082006,2022,T,Y82,82.0,ALL,TOTAL,283
082006,2023,T,Y82,82.0,ALL,TOTAL,322
082006,2024,T,Y82,82.0,ALL,TOTAL,298
082006,2021,T,Y83,83.0,ALL,FRGAPO,1
082006,2022,T,Y83,83.0,ALL,FRGAPO,1
082006,2024,T,Y83,83.0,ALL,FRGAPO,1
082006,2021,T,Y83,83.0,ALL,ITL,346
082006,2022,T,Y83,83.0,ALL,ITL,301
082006,2023,T,Y83,83.0,ALL,ITL,268
082006,2024,T,Y83,83.0,ALL,ITL,299
082006,2021,T,Y83,83.0,ALL,TOTAL,347
082006,2022,T,Y83,83.0,ALL,TOTAL,302
082006,2023,T,Y83,83.0,ALL,TOTAL,268
082006,2024,T,Y83,83.0,ALL,TOTAL,300
082006,2021,T,Y84,84.0,ALL,FRGAPO,1
082006,2022,T,Y84,84.0,ALL,FRGAPO,1
082006,2023,T,Y84,84.0,ALL,FRGAPO,1
082006,2021,T,Y84,84.0,ALL,ITL,278
082006,2022,T,Y84,84.0,ALL,ITL,322
082006,2023,T,Y84,84.0,ALL,ITL,271
082006,2024,T,Y84,84.0,ALL,ITL,251
082006,2021,T,Y84,84.0,ALL,TOTAL,279
082006,2022,T,Y84,84.0,ALL,TOTAL,323
082006,2023,T,Y84,84.0,ALL,TOTAL,272
082006,2024,T,Y84,84.0,ALL,TOTAL,251
082006,2022,T,Y85,85.0,ALL,FRGAPO,1
082006,2023,T,Y85,85.0,ALL,FRGAPO,1
082006,2024,T,Y85,85.0,ALL,FRGAPO,1
082006,2021,T,Y85,85.0,ALL,ITL,223
082006,2022,T,Y85,85.0,ALL,ITL,250
082006,2023,T,Y85,85.0,ALL,ITL,292
082006,2024,T,Y85,85.0,ALL,ITL,247
082006,2021,T,Y85,85.0,ALL,TOTAL,223
082006,2022,T,Y85,85.0,ALL,TOTAL,251
082006,2023,T,Y85,85.0,ALL,TOTAL,293
082006,2024,T,Y85,85.0,ALL,TOTAL,248
082006,2023,T,Y86,86.0,ALL,FRGAPO,2
082006,2024,T,Y86,86.0,ALL,FRGAPO,1
082006,2021,T,Y86,86.0,ALL,ITL,223
082006,2022,T,Y86,86.0,ALL,ITL,202
082006,2023,T,Y86,86.0,ALL,ITL,226
082006,2024,T,Y86,86.0,ALL,ITL,265
082006,2021,T,Y86,86.0,ALL,TOTAL,223
082006,2022,T,Y86,86.0,ALL,TOTAL,202
082006,2023,T,Y86,86.0,ALL,TOTAL,228
082006,2024,T,Y86,86.0,ALL,TOTAL,266
082006,2024,T,Y87,87.0,ALL,FRGAPO,2
082006,2021,T,Y87,87.0,ALL,ITL,177
082006,2022,T,Y87,87.0,ALL,ITL,192
082006,2023,T,Y87,87.0,ALL,ITL,187
082006,2024,T,Y87,87.0,ALL,ITL,195
082006,2021,T,Y87,87.0,ALL,TOTAL,177
082006,2022,T,Y87,87.0,ALL,TOTAL,192
082006,2023,T,Y87,87.0,ALL,TOTAL,187
082006,2024,T,Y87,87.0,ALL,TOTAL,197
082006,2021,T,Y88,88.0,ALL,ITL,148
082006,2022,T,Y88,88.0,ALL,ITL,161
082006,2023,T,Y88,88.0,ALL,ITL,165
082006,2024,T,Y88,88.0,ALL,ITL,162
082006,2021,T,Y88,88.0,ALL,TOTAL,148
082006,2022,T,Y88,88.0,ALL,TOTAL,161
082006,2023,T,Y88,88.0,ALL,TOTAL,165
082006,2024,T,Y88,88.0,ALL,TOTAL,162
082006,2021,T,Y89,89.0,ALL,ITL,142
082006,2022,T,Y89,89.0,ALL,ITL,131
082006,2023,T,Y89,89.0,ALL,ITL,138
082006,2024,T,Y89,89.0,ALL,ITL,144
082006,2021,T,Y89,89.0,ALL,TOTAL,142
082006,2022,T,Y89,89.0,ALL,TOTAL,131
082006,2023,T,Y89,89.0,ALL,TOTAL,138
082006,2024,T,Y89,89.0,ALL,TOTAL,144
082006,2021,T,Y9,9.0,ALL,FRGAPO,2
082006,2022,T,Y9,9.0,ALL,FRGAPO,3
082006,2023,T,Y9,9.0,ALL,FRGAPO,9
082006,2024,T,Y9,9.0,ALL,FRGAPO,6
082006,2021,T,Y9,9.0,ALL,ITL,575
082006,2022,T,Y9,9.0,ALL,ITL,489
082006,2023,T,Y9,9.0,ALL,ITL,519
082006,2024,T,Y9,9.0,ALL,ITL,529
082006,2021,T,Y9,9.0,ALL,TOTAL,577
082006,2022,T,Y9,9.0,ALL,TOTAL,492
082006,2023,T,Y9,9.0,ALL,TOTAL,528
082006,2024,T,Y9,9.0,ALL,TOTAL,535
082006,2021,T,Y90,90.0,ALL,ITL,117
082006,2022,T,Y90,90.0,ALL,ITL,115
082006,2023,T,Y90,90.0,ALL,ITL,104
082006,2024,T,Y90,90.0,ALL,ITL,116
082006,2021,T,Y90,90.0,ALL,TOTAL,117
082006,2022,T,Y90,90.0,ALL,TOTAL,115
082006,2023,T,Y90,90.0,ALL,TOTAL,104
082006,2024,T,Y90,90.0,ALL,TOTAL,116
082006,2021,T,Y91,91.0,ALL,ITL,90
082006,2022,T,Y91,91.0,ALL,ITL,95
082006,2023,T,Y91,91.0,ALL,ITL,92
082006,2024,T,Y91,91.0,ALL,ITL,83
082006,2021,T,Y91,91.0,ALL,TOTAL,90
082006,2022,T,Y91,91.0,ALL,TOTAL,95
082006,2023,T,Y91,91.0,ALL,TOTAL,92
082006,2024,T,Y91,91.0,ALL,TOTAL,83
082006,2021,T,Y92,92.0,ALL,ITL,65
082006,2022,T,Y92,92.0,ALL,ITL,69
082006,2023,T,Y92,92.0,ALL,ITL,78
082006,2024,T,Y92,92.0,ALL,ITL,73
082006,2021,T,Y92,92.0,ALL,TOTAL,65
082006,2022,T,Y92,92.0,ALL,TOTAL,69
082006,2023,T,Y92,92.0,ALL,TOTAL,78
082006,2024,T,Y92,92.0,ALL,TOTAL,73
082006,2021,T,Y93,93.0,ALL,ITL,40
082006,2022,T,Y93,93.0,ALL,ITL,52
082006,2023,T,Y93,93.0,ALL,ITL,54
082006,2024,T,Y93,93.0,ALL,ITL,66
082006,2021,T,Y93,93.0,ALL,TOTAL,40
082006,2022,T,Y93,93.0,ALL,TOTAL,52
082006,2023,T,Y93,93.0,ALL,TOTAL,54
082006,2024,T,Y93,93.0,ALL,TOTAL,66
082006,2021,T,Y94,94.0,ALL,ITL,46
082006,2022,T,Y94,94.0,ALL,ITL,28
082006,2023,T,Y94,94.0,ALL,ITL,35
082006,2024,T,Y94,94.0,ALL,ITL,43
082006,2021,T,Y94,94.0,ALL,TOTAL,46
082006,2022,T,Y94,94.0,ALL,TOTAL,28
082006,2023,T,Y94,94.0,ALL,TOTAL,35
082006,2024,T,Y94,94.0,ALL,TOTAL,43
082006,2021,T,Y95,95.0,ALL,ITL,30
082006,2022,T,Y95,95.0,ALL,ITL,30
082006,2023,T,Y95,95.0,ALL,ITL,21
082006,2024,T,Y95,95.0,ALL,ITL,27
082006,2021,T,Y95,95.0,ALL,TOTAL,30
082006,2022,T,Y95,95.0,ALL,TOTAL,30
082006,2023,T,Y95,95.0,ALL,TOTAL,21
082006,2024,T,Y95,95.0,ALL,TOTAL,27
082006,2021,T,Y96,96.0,ALL,ITL,20
082006,2022,T,Y96,96.0,ALL,ITL,18
082006,2023,T,Y96,96.0,ALL,ITL,21
082006,2024,T,Y96,96.0,ALL,ITL,16
082006,2021,T,Y96,96.0,ALL,TOTAL,20
082006,2022,T,Y96,96.0,ALL,TOTAL,18
082006,2023,T,Y96,96.0,ALL,TOTAL,21
082006,2024,T,Y96,96.0,ALL,TOTAL,16
082006,2021,T,Y97,97.0,ALL,ITL,17
082006,2022,T,Y97,97.0,ALL,ITL,17
082006,2023,T,Y97,97.0,ALL,ITL,9
082006,2024,T,Y97,97.0,ALL,ITL,20
082006,2021,T,Y97,97.0,ALL,TOTAL,17
082006,2022,T,Y97,97.0,ALL,TOTAL,17
082006,2023,T,Y97,97.0,ALL,TOTAL,9
082006,2024,T,Y97,97.0,ALL,TOTAL,20
082006,2021,T,Y98,98.0,ALL,ITL,7
082006,2022,T,Y98,98.0,ALL,ITL,7
082006,2023,T,Y98,98.0,ALL,ITL,13
082006,2024,T,Y98,98.0,ALL,ITL,7
082006,2021,T,Y98,98.0,ALL,TOTAL,7
082006,2022,T,Y98,98.0,ALL,TOTAL,7
082006,2023,T,Y98,98.0,ALL,TOTAL,13
082006,2024,T,Y98,98.0,ALL,TOTAL,7
082006,2021,T,Y99,99.0,ALL,ITL,5
082006,2022,T,Y99,99.0,ALL,ITL,6
082006,2023,T,Y99,99.0,ALL,ITL,4
082006,2024,T,Y99,99.0,ALL,ITL,11
082006,2021,T,Y99,99.0,ALL,TOTAL,5
082006,2022,T,Y99,99.0,ALL,TOTAL,6
082006,2023,T,Y99,99.0,ALL,TOTAL,4
082006,2024,T,Y99,99.0,ALL,TOTAL,11
082053,2018,F,TOTAL,,ALL,FRGAPO,12086
082053,2019,F,TOTAL,,ALL,FRGAPO,12157
082053,2020,F,TOTAL,,ALL,FRGAPO,12694
082053,2021,F,TOTAL,,ALL,FRGAPO,12078
082053,2022,F,TOTAL,,ALL,FRGAPO,12372
082053,2023,F,TOTAL,,ALL,FRGAPO,12480
082053,2024,F,TOTAL,,ALL,FRGAPO,12738
082053,2018,F,TOTAL,,ALL,ITL,328932
082053,2019,F,TOTAL,,ALL,ITL,326235
082053,2020,F,TOTAL,,ALL,ITL,321343
082053,2021,F,TOTAL,,ALL,ITL,319510
082053,2022,F,TOTAL,,ALL,ITL,317856
082053,2023,F,TOTAL,,ALL,ITL,316578
082053,2024,F,TOTAL,,ALL,ITL,315457
082053,2018,F,TOTAL,,ALL,TOTAL,341018
082053,2019,F,TOTAL,,ALL,TOTAL,338392
082053,2020,F,TOTAL,,ALL,TOTAL,334037
082053,2021,F,TOTAL,,ALL,TOTAL,331588
082053,2022,F,TOTAL,,ALL,TOTAL,330228
082053,2023,F,TOTAL,,ALL,TOTAL,329058
082053,2024,F,TOTAL,,ALL,TOTAL,328195
082053,2018,F,Y_GE100,,ALL,ITL,100
082053,2019,F,Y_GE100,,ALL,ITL,100
082053,2020,F,Y_GE100,,ALL,ITL,106
082053,2021,F,Y_GE100,,ALL,ITL,108
082053,2022,F,Y_GE100,,ALL,ITL,107
082053,2023,F,Y_GE100,,ALL,ITL,114
082053,2024,F,Y_GE100,,ALL,ITL,122
082053,2018,F,Y_GE100,,ALL,TOTAL,100
082053,2019,F,Y_GE100,,ALL,TOTAL,100
082053,2020,F,Y_GE100,,ALL,TOTAL,106
082053,2021,F,Y_GE100,,ALL,TOTAL,108
082053,2022,F,Y_GE100,,ALL,TOTAL,107
082053,2023,F,Y_GE100,,ALL,TOTAL,114
082053,2024,F,Y_GE100,,ALL,TOTAL,122
082053,2021,F,Y0,0.0,ALL,FRGAPO,155
082053,2022,F,Y0,0.0,ALL,FRGAPO,144
082053,2023,F,Y0,0.0,ALL,FRGAPO,152
082053,2024,F,Y0,0.0,ALL,FRGAPO,120
082053,2021,F,Y0,0.0,ALL,ITL,2295
082053,2022,F,Y0,0.0,ALL,ITL,2259
082053,2023,F,Y0,0.0,ALL,ITL,2172
082053,2024,F,Y0,0.0,ALL,ITL,2068
082053,2021,F,Y0,0.0,ALL,TOTAL,2450
082053,2022,F,Y0,0.0,ALL,TOTAL,2403
082053,2023,F,Y0,0.0,ALL,TOTAL,2324
082053,2024,F,Y0,0.0,ALL,TOTAL,2188
082053,2021,F,Y1,1.0,ALL,FRGAPO,146
082053,2022,F,Y1,1.0,ALL,FRGAPO,150
082053,2023,F,Y1,1.0,ALL,FRGAPO,139
082053,2024,F,Y1,1.0,ALL,FRGAPO,153
082053,2021,F,Y1,1.0,ALL,ITL,2363
082053,2022,F,Y1,1.0,ALL,ITL,2304
082053,2023,F,Y1,1.0,ALL,ITL,2301
082053,2024,F,Y1,1.0,ALL,ITL,2189
082053,2021,F,Y1,1.0,ALL,TOTAL,2509
082053,2022,F,Y1,1.0,ALL,TOTAL,2454
082053,2023,F,Y1,1.0,ALL,TOTAL,2440
082053,2024,F,Y1,1.0,ALL,TOTAL,2342
082053,2021,F,Y10,10.0,ALL,FRGAPO,132
082053,2022,F,Y10,10.0,ALL,FRGAPO,147
082053,2023,F,Y10,10.0,ALL,FRGAPO,134
082053,2024,F,Y10,10.0,ALL,FRGAPO,140
082053,2021,F,Y10,10.0,ALL,ITL,2917
082053,2022,F,Y10,10.0,ALL,ITL,2885
082053,2023,F,Y10,10.0,ALL,ITL,2813
082053,2024,F,Y10,10.0,ALL,ITL,2745
082053,2021,F,Y10,10.0,ALL,TOTAL,3049
082053,2022,F,Y10,10.0,ALL,TOTAL,3032
082053,2023,F,Y10,10.0,ALL,TOTAL,2947
082053,2024,F,Y10,10.0,ALL,TOTAL,2885
082053,2021,F,Y11,11.0,ALL,FRGAPO,149
082053,2022,F,Y11,11.0,ALL,FRGAPO,132
082053,2023,F,Y11,11.0,ALL,FRGAPO,143
082053,2024,F,Y11,11.0,ALL,FRGAPO,121
082053,2021,F,Y11,11.0,ALL,ITL,3031
082053,2022,F,Y11,11.0,ALL,ITL,2927
082053,2023,F,Y11,11.0,ALL,ITL,2877
082053,2024,F,Y11,11.0,ALL,ITL,2827
082053,2021,F,Y11,11.0,ALL,TOTAL,3180
082053,2022,F,Y11,11.0,ALL,TOTAL,3059
082053,2023,F,Y11,11.0,ALL,TOTAL,3020
082053,2024,F,Y11,11.0,ALL,TOTAL,2948
082053,2021,F,Y12,12.0,ALL,FRGAPO,120
082053,2022,F,Y12,12.0,ALL,FRGAPO,148
082053,2023,F,Y12,12.0,ALL,FRGAPO,135
082053,2024,F,Y12,12.0,ALL,FRGAPO,143
082053,2021,F,Y12,12.0,ALL,ITL,3115
082053,2022,F,Y12,12.0,ALL,ITL,3042
082053,2023,F,Y12,12.0,ALL,ITL,2926
082053,2024,F,Y12,12.0,ALL,ITL,2873
082053,2021,F,Y12,12.0,ALL,TOTAL,3235
082053,2022,F,Y12,12.0,ALL,TOTAL,3190
082053,2023,F,Y12,12.0,ALL,TOTAL,3061
082053,2024,F,Y12,12.0,ALL,TOTAL,3016
082053,2021,F,Y13,13.0,ALL,FRGAPO,129
082053,2022,F,Y13,13.0,ALL,FRGAPO,117
082053,2023,F,Y13,13.0,ALL,FRGAPO,143
082053,2024,F,Y13,13.0,ALL,FRGAPO,142
082053,2021,F,Y13,13.0,ALL,ITL,3072
082053,2022,F,Y13,13.0,ALL,ITL,3105
082053,2023,F,Y13,13.0,ALL,ITL,3037
082053,2024,F,Y13,13.0,ALL,ITL,2934
082053,2021,F,Y13,13.0,ALL,TOTAL,3201
082053,2022,F,Y13,13.0,ALL,TOTAL,3222
082053,2023,F,Y13,13.0,ALL,TOTAL,3180
082053,2024,F,Y13,13.0,ALL,TOTAL,3076
082053,2021,F,Y14,14.0,ALL,FRGAPO,106
082053,2022,F,Y14,14.0,ALL,FRGAPO,134
082053,2023,F,Y14,14.0,ALL,FRGAPO,112
082053,2024,F,Y14,14.0,ALL,FRGAPO,144
082053,2021,F,Y14,14.0,ALL,ITL,3222
082053,2022,F,Y14,14.0,ALL,ITL,3088
082053,2023,F,Y14,14.0,ALL,ITL,3114
082053,2024,F,Y14,14.0,ALL,ITL,3025
082053,2021,F,Y14,14.0,ALL,TOTAL,3328
082053,2022,F,Y14,14.0,ALL,TOTAL,3222
082053,2023,F,Y14,14.0,ALL,TOTAL,3226
082053,2024,F,Y14,14.0,ALL,TOTAL,3169
082053,2021,F,Y15,15.0,ALL,FRGAPO,98
082053,2022,F,Y15,15.0,ALL,FRGAPO,104
082053,2023,F,Y15,15.0,ALL,FRGAPO,142
082053,2024,F,Y15,15.0,ALL,FRGAPO,114
082053,2021,F,Y15,15.0,ALL,ITL,3199
082053,2022,F,Y15,15.0,ALL,ITL,3221
082053,2023,F,Y15,15.0,ALL,ITL,3096
082053,2024,F,Y15,15.0,ALL,ITL,3135
082053,2021,F,Y15,15.0,ALL,TOTAL,3297
082053,2022,F,Y15,15.0,ALL,TOTAL,3325
082053,2023,F,Y15,15.0,ALL,TOTAL,3238
082053,2024,F,Y15,15.0,ALL,TOTAL,3249
082053,2021,F,Y16,16.0,ALL,FRGAPO,113
082053,2022,F,Y16,16.0,ALL,FRGAPO,99
082053,2023,F,Y16,16.0,ALL,FRGAPO,99
082053,2024,F,Y16,16.0,ALL,FRGAPO,143
082053,2021,F,Y16,16.0,ALL,ITL,3290
082053,2022,F,Y16,16.0,ALL,ITL,3218
082053,2023,F,Y16,16.0,ALL,ITL,3221
082053,2024,F,Y16,16.0,ALL,ITL,3095
082053,2021,F,Y16,16.0,ALL,TOTAL,3403
082053,2022,F,Y16,16.0,ALL,TOTAL,3317
082053,2023,F,Y16,16.0,ALL,TOTAL,3320
082053,2024,F,Y16,16.0,ALL,TOTAL,3238
082053,2021,F,Y17,17.0,ALL,FRGAPO,124
082053,2022,F,Y17,17.0,ALL,FRGAPO,112
082053,2023,F,Y17,17.0,ALL,FRGAPO,110
082053,2024,F,Y17,17.0,ALL,FRGAPO,105
082053,2021,F,Y17,17.0,ALL,ITL,3240
082053,2022,F,Y17,17.0,ALL,ITL,3296
082053,2023,F,Y17,17.0,ALL,ITL,3221
082053,2024,F,Y17,17.0,ALL,ITL,3245
082053,2021,F,Y17,17.0,ALL,TOTAL,3364
082053,2022,F,Y17,17.0,ALL,TOTAL,3408
082053,2023,F,Y17,17.0,ALL,TOTAL,3331
082053,2024,F,Y17,17.0,ALL,TOTAL,3350
082053,2021,F,Y18,18.0,ALL,FRGAPO,110
082053,2022,F,Y18,18.0,ALL,FRGAPO,122
082053,2023,F,Y18,18.0,ALL,FRGAPO,109
082053,2024,F,Y18,18.0,ALL,FRGAPO,87
082053,2021,F,Y18,18.0,ALL,ITL,2985
082053,2022,F,Y18,18.0,ALL,ITL,3229
082053,2023,F,Y18,18.0,ALL,ITL,3308
082053,2024,F,Y18,18.0,ALL,ITL,3244
082053,2021,F,Y18,18.0,ALL,TOTAL,3095
082053,2022,F,Y18,18.0,ALL,TOTAL,3351
082053,2023,F,Y18,18.0,ALL,TOTAL,3417
082053,2024,F,Y18,18.0,ALL,TOTAL,3331
082053,2021,F,Y19,19.0,ALL,FRGAPO,102
082053,2022,F,Y19,19.0,ALL,FRGAPO,102
082053,2023,F,Y19,19.0,ALL,FRGAPO,109
082053,2024,F,Y19,19.0,ALL,FRGAPO,110
082053,2021,F,Y19,19.0,ALL,ITL,3097
082053,2022,F,Y19,19.0,ALL,ITL,3002
082053,2023,F,Y19,19.0,ALL,ITL,3232
082053,2024,F,Y19,19.0,ALL,ITL,3309
082053,2021,F,Y19,19.0,ALL,TOTAL,3199
082053,2022,F,Y19,19.0,ALL,TOTAL,3104
082053,2023,F,Y19,19.0,ALL,TOTAL,3341
082053,2024,F,Y19,19.0,ALL,TOTAL,3419
082053,2021,F,Y2,2.0,ALL,FRGAPO,140
082053,2022,F,Y2,2.0,ALL,FRGAPO,145
082053,2023,F,Y2,2.0,ALL,FRGAPO,159
082053,2024,F,Y2,2.0,ALL,FRGAPO,148
082053,2021,F,Y2,2.0,ALL,ITL,2486
082053,2022,F,Y2,2.0,ALL,ITL,2357
082053,2023,F,Y2,2.0,ALL,ITL,2322
082053,2024,F,Y2,2.0,ALL,ITL,2284
082053,2021,F,Y2,2.0,ALL,TOTAL,2626
082053,2022,F,Y2,2.0,ALL,TOTAL,2502
082053,2023,F,Y2,2.0,ALL,TOTAL,2481
082053,2024,F,Y2,2.0,ALL,TOTAL,2432
082053,2021,F,Y20,20.0,ALL,FRGAPO,105
082053,2022,F,Y20,20.0,ALL,FRGAPO,113
082053,2023,F,Y20,20.0,ALL,FRGAPO,108
082053,2024,F,Y20,20.0,ALL,FRGAPO,116
082053,2021,F,Y20,20.0,ALL,ITL,3109
082053,2022,F,Y20,20.0,ALL,ITL,3107
082053,2023,F,Y20,20.0,ALL,ITL,3025
082053,2024,F,Y20,20.0,ALL,ITL,3218
082053,2021,F,Y20,20.0,ALL,TOTAL,3214
082053,2022,F,Y20,20.0,ALL,TOTAL,3220
082053,2023,F,Y20,20.0,ALL,TOTAL,3133
082053,2024,F,Y20,20.0,ALL,TOTAL,3334
082053,2021,F,Y21,21.0,ALL,FRGAPO,97
082053,2022,F,Y21,21.0,ALL,FRGAPO,114
082053,2023,F,Y21,21.0,ALL,FRGAPO,125
082053,2024,F,Y21,21.0,ALL,FRGAPO,117
082053,2021,F,Y21,21.0,ALL,ITL,3067
082053,2022,F,Y21,21.0,ALL,ITL,3089
082053,2023,F,Y21,21.0,ALL,ITL,3114
082053,2024,F,Y21,21.0,ALL,ITL,3063
082053,2021,F,Y21,21.0,ALL,TOTAL,3164
082053,2022,F,Y21,21.0,ALL,TOTAL,3203
082053,2023,F,Y21,21.0,ALL,TOTAL,3239
082053,2024,F,Y21,21.0,ALL,TOTAL,3180
082053,2021,F,Y22,22.0,ALL,FRGAPO,98
082053,2022,F,Y22,22.0,ALL,FRGAPO,107
082053,2023,F,Y22,22.0,ALL,FRGAPO,127
082053,2024,F,Y22,22.0,ALL,FRGAPO,132
082053,2021,F,Y22,22.0,ALL,ITL,3051
082053,2022,F,Y22,22.0,ALL,ITL,3089
082053,2023,F,Y22,22.0,ALL,ITL,3071
082053,2024,F,Y22,22.0,ALL,ITL,3095
082053,2021,F,Y22,22.0,ALL,TOTAL,3149
082053,2022,F,Y22,22.0,ALL,TOTAL,3196
082053,2023,F,Y22,22.0,ALL,TOTAL,3198
082053,2024,F,Y22,22.0,ALL,TOTAL,3227
082053,2021,F,Y23,23.0,ALL,FRGAPO,106
082053,2022,F,Y23,23.0,ALL,FRGAPO,117
082053,2023,F,Y23,23.0,ALL,FRGAPO,112
082053,2024,F,Y23,23.0,ALL,FRGAPO,128
082053,2021,F,Y23,23.0,ALL,ITL,3080
082053,2022,F,Y23,23.0,ALL,ITL,3049
082053,2023,F,Y23,23.0,ALL,ITL,3052
082053,2024,F,Y23,23.0,ALL,ITL,3067
082053,2021,F,Y23,23.0,ALL,TOTAL,3186
082053,2022,F,Y23,23.0,ALL,TOTAL,3166
082053,2023,F,Y23,23.0,ALL,TOTAL,3164
082053,2024,F,Y23,23.0,ALL,TOTAL,3195
082053,2021,F,Y24,24.0,ALL,FRGAPO,124
082053,2022,F,Y24,24.0,ALL,FRGAPO,122
082053,2023,F,Y24,24.0,ALL,FRGAPO,129
082053,2024,F,Y24,24.0,ALL,FRGAPO,128
082053,2021,F,Y24,24.0,ALL,ITL,3034
082053,2022,F,Y24,24.0,ALL,ITL,3063
082053,2023,F,Y24,24.0,ALL,ITL,3041
082053,2024,F,Y24,24.0,ALL,ITL,3021
082053,2021,F,Y24,24.0,ALL,TOTAL,3158
082053,2022,F,Y24,24.0,ALL,TOTAL,3185
082053,2023,F,Y24,24.0,ALL,TOTAL,3170
082053,2024,F,Y24,24.0,ALL,TOTAL,3149
082053,2021,F,Y25,25.0,ALL,FRGAPO,121
082053,2022,F,Y25,25.0,ALL,FRGAPO,135
082053,2023,F,Y25,25.0,ALL,FRGAPO,131
082053,2024,F,Y25,25.0,ALL,FRGAPO,147
082053,2021,F,Y25,25.0,ALL,ITL,3184
082053,2022,F,Y25,25.0,ALL,ITL,3009
082053,2023,F,Y25,25.0,ALL,ITL,3032
082053,2024,F,Y25,25.0,ALL,ITL,3033
082053,2021,F,Y25,25.0,ALL,TOTAL,3305
082053,2022,F,Y25,25.0,ALL,TOTAL,3144
082053,2023,F,Y25,25.0,ALL,TOTAL,3163
082053,2024,F,Y25,25.0,ALL,TOTAL,3180
082053,2021,F,Y26,26.0,ALL,FRGAPO,119
082053,2022,F,Y26,26.0,ALL,FRGAPO,131
082053,2023,F,Y26,26.0,ALL,FRGAPO,149
082053,2024,F,Y26,26.0,ALL,FRGAPO,138
082053,2021,F,Y26,26.0,ALL,ITL,3149
082053,2022,F,Y26,26.0,ALL,ITL,3134
082053,2023,F,Y26,26.0,ALL,ITL,2995
082053,2024,F,Y26,26.0,ALL,ITL,3023
082053,2021,F,Y26,26.0,ALL,TOTAL,3268
082053,2022,F,Y26,26.0,ALL,TOTAL,3265
082053,2023,F,Y26,26.0,ALL,TOTAL,3144
082053,2024,F,Y26,26.0,ALL,TOTAL,3161
082053,2021,F,Y27,27.0,ALL,FRGAPO,147
082053,2022,F,Y27,27.0,ALL,FRGAPO,126
082053,2023,F,Y27,27.0,ALL,FRGAPO,147
082053,2024,F,Y27,27.0,ALL,FRGAPO,170
082053,2021,F,Y27,27.0,ALL,ITL,3181
082053,2022,F,Y27,27.0,ALL,ITL,3103
082053,2023,F,Y27,27.0,ALL,ITL,3094
082053,2024,F,Y27,27.0,ALL,ITL,2977
082053,2021,F,Y27,27.0,ALL,TOTAL,3328
082053,2022,F,Y27,27.0,ALL,TOTAL,3229
082053,2023,F,Y27,27.0,ALL,TOTAL,3241
082053,2024,F,Y27,27.0,ALL,TOTAL,3147
082053,2021,F,Y28,28.0,ALL,FRGAPO,147
082053,2022,F,Y28,28.0,ALL,FRGAPO,153
082053,2023,F,Y28,28.0,ALL,FRGAPO,136
082053,2024,F,Y28,28.0,ALL,FRGAPO,166
082053,2021,F,Y28,28.0,ALL,ITL,3287
082053,2022,F,Y28,28.0,ALL,ITL,3165
082053,2023,F,Y28,28.0,ALL,ITL,3081
082053,2024,F,Y28,28.0,ALL,ITL,3059
082053,2021,F,Y28,28.0,ALL,TOTAL,3434
082053,2022,F,Y28,28.0,ALL,TOTAL,3318
082053,2023,F,Y28,28.0,ALL,TOTAL,3217
082053,2024,F,Y28,28.0,ALL,TOTAL,3225
082053,2021,F,Y29,29.0,ALL,FRGAPO,161
082053,2022,F,Y29,29.0,ALL,FRGAPO,157
082053,2023,F,Y29,29.0,ALL,FRGAPO,173
082053,2024,F,Y29,29.0,ALL,FRGAPO,156
082053,2021,F,Y29,29.0,ALL,ITL,3539
082053,2022,F,Y29,29.0,ALL,ITL,3225
082053,2023,F,Y29,29.0,ALL,ITL,3146
082053,2024,F,Y29,29.0,ALL,ITL,3085
082053,2021,F,Y29,29.0,ALL,TOTAL,3700
082053,2022,F,Y29,29.0,ALL,TOTAL,3382
082053,2023,F,Y29,29.0,ALL,TOTAL,3319
082053,2024,F,Y29,29.0,ALL,TOTAL,3241
082053,2021,F,Y3,3.0,ALL,FRGAPO,158
082053,2022,F,Y3,3.0,ALL,FRGAPO,136
082053,2023,F,Y3,3.0,ALL,FRGAPO,138
082053,2024,F,Y3,3.0,ALL,FRGAPO,158
082053,2021,F,Y3,3.0,ALL,ITL,2505
082053,2022,F,Y3,3.0,ALL,ITL,2492
082053,2023,F,Y3,3.0,ALL,ITL,2371
082053,2024,F,Y3,3.0,ALL,ITL,2331
082053,2021,F,Y3,3.0,ALL,TOTAL,2663
082053,2022,F,Y3,3.0,ALL,TOTAL,2628
082053,2023,F,Y3,3.0,ALL,TOTAL,2509
082053,2024,F,Y3,3.0,ALL,TOTAL,2489
082053,2021,F,Y30,30.0,ALL,FRGAPO,171
082053,2022,F,Y30,30.0,ALL,FRGAPO,167
082053,2023,F,Y30,30.0,ALL,FRGAPO,174
082053,2024,F,Y30,30.0,ALL,FRGAPO,184
082053,2021,F,Y30,30.0,ALL,ITL,3379
082053,2022,F,Y30,30.0,ALL,ITL,3519
082053,2023,F,Y30,30.0,ALL,ITL,3213
082053,2024,F,Y30,30.0,ALL,ITL,3114
082053,2021,F,Y30,30.0,ALL,TOTAL,3550
082053,2022,F,Y30,30.0,ALL,TOTAL,3686
082053,2023,F,Y30,30.0,ALL,TOTAL,3387
082053,2024,F,Y30,30.0,ALL,TOTAL,3298
082053,2021,F,Y31,31.0,ALL,FRGAPO,164
082053,2022,F,Y31,31.0,ALL,FRGAPO,173
082053,2023,F,Y31,31.0,ALL,FRGAPO,184
082053,2024,F,Y31,31.0,ALL,FRGAPO,183
082053,2021,F,Y31,31.0,ALL,ITL,3378
082053,2022,F,Y31,31.0,ALL,ITL,3357
082053,2023,F,Y31,31.0,ALL,ITL,3493
082053,2024,F,Y31,31.0,ALL,ITL,3211
082053,2021,F,Y31,31.0,ALL,TOTAL,3542
082053,2022,F,Y31,31.0,ALL,TOTAL,3530
082053,2023,F,Y31,31.0,ALL,TOTAL,3677
082053,2024,F,Y31,31.0,ALL,TOTAL,3394
082053,2021,F,Y32,32.0,ALL,FRGAPO,238
082053,2022,F,Y32,32.0,ALL,FRGAPO,175
082053,2023,F,Y32,32.0,ALL,FRGAPO,177
082053,2024,F,Y32,32.0,ALL,FRGAPO,190
082053,2021,F,Y32,32.0,ALL,ITL,3361
082053,2022,F,Y32,32.0,ALL,ITL,3339
082053,2023,F,Y32,32.0,ALL,ITL,3340
082053,2024,F,Y32,32.0,ALL,ITL,3489
082053,2021,F,Y32,32.0,ALL,TOTAL,3599
082053,2022,F,Y32,32.0,ALL,TOTAL,3514
082053,2023,F,Y32,32.0,ALL,TOTAL,3517
082053,2024,F,Y32,32.0,ALL,TOTAL,3679
082053,2021,F,Y33,33.0,ALL,FRGAPO,205
082053,2022,F,Y33,33.0,ALL,FRGAPO,247
082053,2023,F,Y33,33.0,ALL,FRGAPO,192
082053,2024,F,Y33,33.0,ALL,FRGAPO,194
082053,2021,F,Y33,33.0,ALL,ITL,3463
082053,2022,F,Y33,33.0,ALL,ITL,3351
082053,2023,F,Y33,33.0,ALL,ITL,3322
082053,2024,F,Y33,33.0,ALL,ITL,3362
082053,2021,F,Y33,33.0,ALL,TOTAL,3668
082053,2022,F,Y33,33.0,ALL,TOTAL,3598
082053,2023,F,Y33,33.0,ALL,TOTAL,3514
082053,2024,F,Y33,33.0,ALL,TOTAL,3556
082053,2021,F,Y34,34.0,ALL,FRGAPO,231
082053,2022,F,Y34,34.0,ALL,FRGAPO,214
082053,2023,F,Y34,34.0,ALL,FRGAPO,257
082053,2024,F,Y34,34.0,ALL,FRGAPO,205
082053,2021,F,Y34,34.0,ALL,ITL,3359
082053,2022,F,Y34,34.0,ALL,ITL,3469
082053,2023,F,Y34,34.0,ALL,ITL,3342
082053,2024,F,Y34,34.0,ALL,ITL,3323
082053,2021,F,Y34,34.0,ALL,TOTAL,3590
082053,2022,F,Y34,34.0,ALL,TOTAL,3683
082053,2023,F,Y34,34.0,ALL,TOTAL,3599
082053,2024,F,Y34,34.0,ALL,TOTAL,3528
082053,2021,F,Y35,35.0,ALL,FRGAPO,253
082053,2022,F,Y35,35.0,ALL,FRGAPO,240
082053,2023,F,Y35,35.0,ALL,FRGAPO,221
082053,2024,F,Y35,35.0,ALL,FRGAPO,260
082053,2021,F,Y35,35.0,ALL,ITL,3323
082053,2022,F,Y35,35.0,ALL,ITL,3365
082053,2023,F,Y35,35.0,ALL,ITL,3474
082053,2024,F,Y35,35.0,ALL,ITL,3345
082053,2021,F,Y35,35.0,ALL,TOTAL,3576
082053,2022,F,Y35,35.0,ALL,TOTAL,3605
082053,2023,F,Y35,35.0,ALL,TOTAL,3695
082053,2024,F,Y35,35.0,ALL,TOTAL,3605
082053,2021,F,Y36,36.0,ALL,FRGAPO,251
082053,2022,F,Y36,36.0,ALL,FRGAPO,254
082053,2023,F,Y36,36.0,ALL,FRGAPO,238
082053,2024,F,Y36,36.0,ALL,FRGAPO,221
082053,2021,F,Y36,36.0,ALL,ITL,3535
082053,2022,F,Y36,36.0,ALL,ITL,3351
082053,2023,F,Y36,36.0,ALL,ITL,3390
082053,2024,F,Y36,36.0,ALL,ITL,3482
082053,2021,F,Y36,36.0,ALL,TOTAL,3786
082053,2022,F,Y36,36.0,ALL,TOTAL,3605
082053,2023,F,Y36,36.0,ALL,TOTAL,3628
082053,2024,F,Y36,36.0,ALL,TOTAL,3703
082053,2021,F,Y37,37.0,ALL,FRGAPO,234
082053,2022,F,Y37,37.0,ALL,FRGAPO,266
082053,2023,F,Y37,37.0,ALL,FRGAPO,249
082053,2024,F,Y37,37.0,ALL,FRGAPO,243
082053,2021,F,Y37,37.0,ALL,ITL,3560
082053,2022,F,Y37,37.0,ALL,ITL,3542
082053,2023,F,Y37,37.0,ALL,ITL,3364
082053,2024,F,Y37,37.0,ALL,ITL,3415
082053,2021,F,Y37,37.0,ALL,TOTAL,3794
082053,2022,F,Y37,37.0,ALL,TOTAL,3808
082053,2023,F,Y37,37.0,ALL,TOTAL,3613
082053,2024,F,Y37,37.0,ALL,TOTAL,3658
082053,2021,F,Y38,38.0,ALL,FRGAPO,252
082053,2022,F,Y38,38.0,ALL,FRGAPO,243
082053,2023,F,Y38,38.0,ALL,FRGAPO,276
082053,2024,F,Y38,38.0,ALL,FRGAPO,260
082053,2021,F,Y38,38.0,ALL,ITL,3543
082053,2022,F,Y38,38.0,ALL,ITL,3556
082053,2023,F,Y38,38.0,ALL,ITL,3530
082053,2024,F,Y38,38.0,ALL,ITL,3361
082053,2021,F,Y38,38.0,ALL,TOTAL,3795
082053,2022,F,Y38,38.0,ALL,TOTAL,3799
082053,2023,F,Y38,38.0,ALL,TOTAL,3806
082053,2024,F,Y38,38.0,ALL,TOTAL,3621
082053,2021,F,Y39,39.0,ALL,FRGAPO,289
082053,2022,F,Y39,39.0,ALL,FRGAPO,259
082053,2023,F,Y39,39.0,ALL,FRGAPO,242
082053,2024,F,Y39,39.0,ALL,FRGAPO,291
082053,2021,F,Y39,39.0,ALL,ITL,3642
082053,2022,F,Y39,39.0,ALL,ITL,3575
082053,2023,F,Y39,39.0,ALL,ITL,3583
082053,2024,F,Y39,39.0,ALL,ITL,3522
082053,2021,F,Y39,39.0,ALL,TOTAL,3931
082053,2022,F,Y39,39.0,ALL,TOTAL,3834
082053,2023,F,Y39,39.0,ALL,TOTAL,3825
082053,2024,F,Y39,39.0,ALL,TOTAL,3813
082053,2021,F,Y4,4.0,ALL,FRGAPO,166
082053,2022,F,Y4,4.0,ALL,FRGAPO,161
082053,2023,F,Y4,4.0,ALL,FRGAPO,135
082053,2024,F,Y4,4.0,ALL,FRGAPO,136
082053,2021,F,Y4,4.0,ALL,ITL,2628
082053,2022,F,Y4,4.0,ALL,ITL,2523
082053,2023,F,Y4,4.0,ALL,ITL,2515
082053,2024,F,Y4,4.0,ALL,ITL,2371
082053,2021,F,Y4,4.0,ALL,TOTAL,2794
082053,2022,F,Y4,4.0,ALL,TOTAL,2684
082053,2023,F,Y4,4.0,ALL,TOTAL,2650
082053,2024,F,Y4,4.0,ALL,TOTAL,2507
082053,2021,F,Y40,40.0,ALL,FRGAPO,266
082053,2022,F,Y40,40.0,ALL,FRGAPO,285
082053,2023,F,Y40,40.0,ALL,FRGAPO,253
082053,2024,F,Y40,40.0,ALL,FRGAPO,249
082053,2021,F,Y40,40.0,ALL,ITL,3792
082053,2022,F,Y40,40.0,ALL,ITL,3648
082053,2023,F,Y40,40.0,ALL,ITL,3599
082053,2024,F,Y40,40.0,ALL,ITL,3582
082053,2021,F,Y40,40.0,ALL,TOTAL,4058
082053,2022,F,Y40,40.0,ALL,TOTAL,3933
082053,2023,F,Y40,40.0,ALL,TOTAL,3852
082053,2024,F,Y40,40.0,ALL,TOTAL,3831
082053,2021,F,Y41,41.0,ALL,FRGAPO,286
082053,2022,F,Y41,41.0,ALL,FRGAPO,260
082053,2023,F,Y41,41.0,ALL,FRGAPO,283
082053,2024,F,Y41,41.0,ALL,FRGAPO,249
082053,2021,F,Y41,41.0,ALL,ITL,3974
082053,2022,F,Y41,41.0,ALL,ITL,3799
082053,2023,F,Y41,41.0,ALL,ITL,3674
082053,2024,F,Y41,41.0,ALL,ITL,3617
082053,2021,F,Y41,41.0,ALL,TOTAL,4260
082053,2022,F,Y41,41.0,ALL,TOTAL,4059
082053,2023,F,Y41,41.0,ALL,TOTAL,3957
082053,2024,F,Y41,41.0,ALL,TOTAL,3866
082053,2021,F,Y42,42.0,ALL,FRGAPO,275
082053,2022,F,Y42,42.0,ALL,FRGAPO,288
082053,2023,F,Y42,42.0,ALL,FRGAPO,262
082053,2024,F,Y42,42.0,ALL,FRGAPO,289
082053,2021,F,Y42,42.0,ALL,ITL,4080
082053,2022,F,Y42,42.0,ALL,ITL,3999
082053,2023,F,Y42,42.0,ALL,ITL,3805
082053,2024,F,Y42,42.0,ALL,ITL,3670
082053,2021,F,Y42,42.0,ALL,TOTAL,4355
082053,2022,F,Y42,42.0,ALL,TOTAL,4287
082053,2023,F,Y42,42.0,ALL,TOTAL,4067
082053,2024,F,Y42,42.0,ALL,TOTAL,3959
082053,2021,F,Y43,43.0,ALL,FRGAPO,262
082053,2022,F,Y43,43.0,ALL,FRGAPO,277
082053,2023,F,Y43,43.0,ALL,FRGAPO,288
082053,2024,F,Y43,43.0,ALL,FRGAPO,273
082053,2021,F,Y43,43.0,ALL,ITL,4067
082053,2022,F,Y43,43.0,ALL,ITL,4091
082053,2023,F,Y43,43.0,ALL,ITL,4018
082053,2024,F,Y43,43.0,ALL,ITL,3796
082053,2021,F,Y43,43.0,ALL,TOTAL,4329
082053,2022,F,Y43,43.0,ALL,TOTAL,4368
082053,2023,F,Y43,43.0,ALL,TOTAL,4306
082053,2024,F,Y43,43.0,ALL,TOTAL,4069
082053,2021,F,Y44,44.0,ALL,FRGAPO,265
082053,2022,F,Y44,44.0,ALL,FRGAPO,263
082053,2023,F,Y44,44.0,ALL,FRGAPO,275
082053,2024,F,Y44,44.0,ALL,FRGAPO,282
082053,2021,F,Y44,44.0,ALL,ITL,4255
082053,2022,F,Y44,44.0,ALL,ITL,4080
082053,2023,F,Y44,44.0,ALL,ITL,4110
082053,2024,F,Y44,44.0,ALL,ITL,4019
082053,2021,F,Y44,44.0,ALL,TOTAL,4520
082053,2022,F,Y44,44.0,ALL,TOTAL,4343
082053,2023,F,Y44,44.0,ALL,TOTAL,4385
082053,2024,F,Y44,44.0,ALL,TOTAL,4301
082053,2021,F,Y45,45.0,ALL,FRGAPO,281
082053,2022,F,Y45,45.0,ALL,FRGAPO,268
082053,2023,F,Y45,45.0,ALL,FRGAPO,261
082053,2024,F,Y45,45.0,ALL,FRGAPO,278
082053,2021,F,Y45,45.0,ALL,ITL,4409
082053,2022,F,Y45,45.0,ALL,ITL,4255
082053,2023,F,Y45,45.0,ALL,ITL,4084
082053,2024,F,Y45,45.0,ALL,ITL,4105
082053,2021,F,Y45,45.0,ALL,TOTAL,4690
082053,2022,F,Y45,45.0,ALL,TOTAL,4523
082053,2023,F,Y45,45.0,ALL,TOTAL,4345
082053,2024,F,Y45,45.0,ALL,TOTAL,4383
082053,2021,F,Y46,46.0,ALL,FRGAPO,263
082053,2022,F,Y46,46.0,ALL,FRGAPO,280
082053,2023,F,Y46,46.0,ALL,FRGAPO,254
082053,2024,F,Y46,46.0,ALL,FRGAPO,255
082053,2021,F,Y46,46.0,ALL,ITL,4640
082053,2022,F,Y46,46.0,ALL,ITL,4421
082053,2023,F,Y46,46.0,ALL,ITL,4250
082053,2024,F,Y46,46.0,ALL,ITL,4099
082053,2021,F,Y46,46.0,ALL,TOTAL,4903
082053,2022,F,Y46,46.0,ALL,TOTAL,4701
082053,2023,F,Y46,46.0,ALL,TOTAL,4504
082053,2024,F,Y46,46.0,ALL,TOTAL,4354
082053,2021,F,Y47,47.0,ALL,FRGAPO,239
082053,2022,F,Y47,47.0,ALL,FRGAPO,262
082053,2023,F,Y47,47.0,ALL,FRGAPO,271
082053,2024,F,Y47,47.0,ALL,FRGAPO,255
082053,2021,F,Y47,47.0,ALL,ITL,4709
082053,2022,F,Y47,47.0,ALL,ITL,4648
082053,2023,F,Y47,47.0,ALL,ITL,4432
082053,2024,F,Y47,47.0,ALL,ITL,4257
082053,2021,F,Y47,47.0,ALL,TOTAL,4948
082053,2022,F,Y47,47.0,ALL,TOTAL,4910
082053,2023,F,Y47,47.0,ALL,TOTAL,4703
082053,2024,F,Y47,47.0,ALL,TOTAL,4512
082053,2021,F,Y48,48.0,ALL,FRGAPO,226
082053,2022,F,Y48,48.0,ALL,FRGAPO,238
082053,2023,F,Y48,48.0,ALL,FRGAPO,256
082053,2024,F,Y48,48.0,ALL,FRGAPO,259
082053,2021,F,Y48,48.0,ALL,ITL,4608
082053,2022,F,Y48,48.0,ALL,ITL,4722
082053,2023,F,Y48,48.0,ALL,ITL,4649
082053,2024,F,Y48,48.0,ALL,ITL,4438
082053,2021,F,Y48,48.0,ALL,TOTAL,4834
082053,2022,F,Y48,48.0,ALL,TOTAL,4960
082053,2023,F,Y48,48.0,ALL,TOTAL,4905
082053,2024,F,Y48,48.0,ALL,TOTAL,4697
082053,2021,F,Y49,49.0,ALL,FRGAPO,234
082053,2022,F,Y49,49.0,ALL,FRGAPO,226
082053,2023,F,Y49,49.0,ALL,FRGAPO,221
082053,2024,F,Y49,49.0,ALL,FRGAPO,255
082053,2021,F,Y49,49.0,ALL,ITL,4688
082053,2022,F,Y49,49.0,ALL,ITL,4598
082053,2023,F,Y49,49.0,ALL,ITL,4721
082053,2024,F,Y49,49.0,ALL,ITL,4645
082053,2021,F,Y49,49.0,ALL,TOTAL,4922
082053,2022,F,Y49,49.0,ALL,TOTAL,4824
082053,2023,F,Y49,49.0,ALL,TOTAL,4942
082053,2024,F,Y49,49.0,ALL,TOTAL,4900
082053,2021,F,Y5,5.0,ALL,FRGAPO,153
082053,2022,F,Y5,5.0,ALL,FRGAPO,162
082053,2023,F,Y5,5.0,ALL,FRGAPO,165
082053,2024,F,Y5,5.0,ALL,FRGAPO,136
082053,2021,F,Y5,5.0,ALL,ITL,2565
082053,2022,F,Y5,5.0,ALL,ITL,2649
082053,2023,F,Y5,5.0,ALL,ITL,2531
082053,2024,F,Y5,5.0,ALL,ITL,2511
082053,2021,F,Y5,5.0,ALL,TOTAL,2718
082053,2022,F,Y5,5.0,ALL,TOTAL,2811
082053,2023,F,Y5,5.0,ALL,TOTAL,2696
082053,2024,F,Y5,5.0,ALL,TOTAL,2647
082053,2021,F,Y50,50.0,ALL,FRGAPO,213
082053,2022,F,Y50,50.0,ALL,FRGAPO,230
082053,2023,F,Y50,50.0,ALL,FRGAPO,223
082053,2024,F,Y50,50.0,ALL,FRGAPO,222
082053,2021,F,Y50,50.0,ALL,ITL,4904
082053,2022,F,Y50,50.0,ALL,ITL,4699
082053,2023,F,Y50,50.0,ALL,ITL,4589
082053,2024,F,Y50,50.0,ALL,ITL,4727
082053,2021,F,Y50,50.0,ALL,TOTAL,5117
082053,2022,F,Y50,50.0,ALL,TOTAL,4929
082053,2023,F,Y50,50.0,ALL,TOTAL,4812
082053,2024,F,Y50,50.0,ALL,TOTAL,4949
082053,2021,F,Y51,51.0,ALL,FRGAPO,237
082053,2022,F,Y51,51.0,ALL,FRGAPO,215
082053,2023,F,Y51,51.0,ALL,FRGAPO,229
082053,2024,F,Y51,51.0,ALL,FRGAPO,212
082053,2021,F,Y51,51.0,ALL,ITL,4647
082053,2022,F,Y51,51.0,ALL,ITL,4902
082053,2023,F,Y51,51.0,ALL,ITL,4719
082053,2024,F,Y51,51.0,ALL,ITL,4605
082053,2021,F,Y51,51.0,ALL,TOTAL,4884
082053,2022,F,Y51,51.0,ALL,TOTAL,5117
082053,2023,F,Y51,51.0,ALL,TOTAL,4948
082053,2024,F,Y51,51.0,ALL,TOTAL,4817
082053,2021,F,Y52,52.0,ALL,FRGAPO,232
082053,2022,F,Y52,52.0,ALL,FRGAPO,229
082053,2023,F,Y52,52.0,ALL,FRGAPO,205
082053,2024,F,Y52,52.0,ALL,FRGAPO,234
082053,2021,F,Y52,52.0,ALL,ITL,4889
082053,2022,F,Y52,52.0,ALL,ITL,4638
082053,2023,F,Y52,52.0,ALL,ITL,4913
082053,2024,F,Y52,52.0,ALL,ITL,4719
082053,2021,F,Y52,52.0,ALL,TOTAL,5121
082053,2022,F,Y52,52.0,ALL,TOTAL,4867
082053,2023,F,Y52,52.0,ALL,TOTAL,5118
082053,2024,F,Y52,52.0,ALL,TOTAL,4953
082053,2021,F,Y53,53.0,ALL,FRGAPO,261
082053,2022,F,Y53,53.0,ALL,FRGAPO,236
082053,2023,F,Y53,53.0,ALL,FRGAPO,220
082053,2024,F,Y53,53.0,ALL,FRGAPO,197
082053,2021,F,Y53,53.0,ALL,ITL,4886
082053,2022,F,Y53,53.0,ALL,ITL,4893
082053,2023,F,Y53,53.0,ALL,ITL,4650
082053,2024,F,Y53,53.0,ALL,ITL,4927
082053,2021,F,Y53,53.0,ALL,TOTAL,5147
082053,2022,F,Y53,53.0,ALL,TOTAL,5129
082053,2023,F,Y53,53.0,ALL,TOTAL,4870
082053,2024,F,Y53,53.0,ALL,TOTAL,5124
082053,2021,F,Y54,54.0,ALL,FRGAPO,224
082053,2022,F,Y54,54.0,ALL,FRGAPO,266
082053,2023,F,Y54,54.0,ALL,FRGAPO,229
082053,2024,F,Y54,54.0,ALL,FRGAPO,222
082053,2021,F,Y54,54.0,ALL,ITL,4774
082053,2022,F,Y54,54.0,ALL,ITL,4892
082053,2023,F,Y54,54.0,ALL,ITL,4887
082053,2024,F,Y54,54.0,ALL,ITL,4668
082053,2021,F,Y54,54.0,ALL,TOTAL,4998
082053,2022,F,Y54,54.0,ALL,TOTAL,5158
082053,2023,F,Y54,54.0,ALL,TOTAL,5116
082053,2024,F,Y54,54.0,ALL,TOTAL,4890
082053,2021,F,Y55,55.0,ALL,FRGAPO,201
082053,2022,F,Y55,55.0,ALL,FRGAPO,225
082053,2023,F,Y55,55.0,ALL,FRGAPO,261
082053,2024,F,Y55,55.0,ALL,FRGAPO,227
082053,2021,F,Y55,55.0,ALL,ITL,4947
082053,2022,F,Y55,55.0,ALL,ITL,4801
082053,2023,F,Y55,55.0,ALL,ITL,4885
082053,2024,F,Y55,55.0,ALL,ITL,4889
082053,2021,F,Y55,55.0,ALL,TOTAL,5148
082053,2022,F,Y55,55.0,ALL,TOTAL,5026
082053,2023,F,Y55,55.0,ALL,TOTAL,5146
082053,2024,F,Y55,55.0,ALL,TOTAL,5116
082053,2021,F,Y56,56.0,ALL,FRGAPO,167
082053,2022,F,Y56,56.0,ALL,FRGAPO,202
082053,2023,F,Y56,56.0,ALL,FRGAPO,224
082053,2024,F,Y56,56.0,ALL,FRGAPO,256
082053,2021,F,Y56,56.0,ALL,ITL,4976
082053,2022,F,Y56,56.0,ALL,ITL,4932
082053,2023,F,Y56,56.0,ALL,ITL,4770
082053,2024,F,Y56,56.0,ALL,ITL,4902
082053,2021,F,Y56,56.0,ALL,TOTAL,5143
082053,2022,F,Y56,56.0,ALL,TOTAL,5134
082053,2023,F,Y56,56.0,ALL,TOTAL,4994
082053,2024,F,Y56,56.0,ALL,TOTAL,5158
082053,2021,F,Y57,57.0,ALL,FRGAPO,180
082053,2022,F,Y57,57.0,ALL,FRGAPO,169
082053,2023,F,Y57,57.0,ALL,FRGAPO,209
082053,2024,F,Y57,57.0,ALL,FRGAPO,226
082053,2021,F,Y57,57.0,ALL,ITL,5141
082053,2022,F,Y57,57.0,ALL,ITL,4956
082053,2023,F,Y57,57.0,ALL,ITL,4938
082053,2024,F,Y57,57.0,ALL,ITL,4771
082053,2021,F,Y57,57.0,ALL,TOTAL,5321
082053,2022,F,Y57,57.0,ALL,TOTAL,5125
082053,2023,F,Y57,57.0,ALL,TOTAL,5147
082053,2024,F,Y57,57.0,ALL,TOTAL,4997
082053,2021,F,Y58,58.0,ALL,FRGAPO,183
082053,2022,F,Y58,58.0,ALL,FRGAPO,183
082053,2023,F,Y58,58.0,ALL,FRGAPO,150
082053,2024,F,Y58,58.0,ALL,FRGAPO,215
082053,2021,F,Y58,58.0,ALL,ITL,4897
082053,2022,F,Y58,58.0,ALL,ITL,5129
082053,2023,F,Y58,58.0,ALL,ITL,4977
082053,2024,F,Y58,58.0,ALL,ITL,4950
082053,2021,F,Y58,58.0,ALL,TOTAL,5080
082053,2022,F,Y58,58.0,ALL,TOTAL,5312
082053,2023,F,Y58,58.0,ALL,TOTAL,5127
082053,2024,F,Y58,58.0,ALL,TOTAL,5165
082053,2021,F,Y59,59.0,ALL,FRGAPO,177
082053,2022,F,Y59,59.0,ALL,FRGAPO,182
082053,2023,F,Y59,59.0,ALL,FRGAPO,179
082053,2024,F,Y59,59.0,ALL,FRGAPO,147
082053,2021,F,Y59,59.0,ALL,ITL,4950
082053,2022,F,Y59,59.0,ALL,ITL,4891
082053,2023,F,Y59,59.0,ALL,ITL,5127
082053,2024,F,Y59,59.0,ALL,ITL,4981
082053,2021,F,Y59,59.0,ALL,TOTAL,5127
082053,2022,F,Y59,59.0,ALL,TOTAL,5073
082053,2023,F,Y59,59.0,ALL,TOTAL,5306
082053,2024,F,Y59,59.0,ALL,TOTAL,5128
082053,2021,F,Y6,6.0,ALL,FRGAPO,161
082053,2022,F,Y6,6.0,ALL,FRGAPO,152
082053,2023,F,Y6,6.0,ALL,FRGAPO,152
082053,2024,F,Y6,6.0,ALL,FRGAPO,170
082053,2021,F,Y6,6.0,ALL,ITL,2764
082053,2022,F,Y6,6.0,ALL,ITL,2593
082053,2023,F,Y6,6.0,ALL,ITL,2654
082053,2024,F,Y6,6.0,ALL,ITL,2540
082053,2021,F,Y6,6.0,ALL,TOTAL,2925
082053,2022,F,Y6,6.0,ALL,TOTAL,2745
082053,2023,F,Y6,6.0,ALL,TOTAL,2806
082053,2024,F,Y6,6.0,ALL,TOTAL,2710
082053,2021,F,Y60,60.0,ALL,FRGAPO,153
082053,2022,F,Y60,60.0,ALL,FRGAPO,172
082053,2023,F,Y60,60.0,ALL,FRGAPO,166
082053,2024,F,Y60,60.0,ALL,FRGAPO,174
082053,2021,F,Y60,60.0,ALL,ITL,4727
082053,2022,F,Y60,60.0,ALL,ITL,4936
082053,2023,F,Y60,60.0,ALL,ITL,4896
082053,2024,F,Y60,60.0,ALL,ITL,5130
082053,2021,F,Y60,60.0,ALL,TOTAL,4880
082053,2022,F,Y60,60.0,ALL,TOTAL,5108
082053,2023,F,Y60,60.0,ALL,TOTAL,5062
082053,2024,F,Y60,60.0,ALL,TOTAL,5304
082053,2021,F,Y61,61.0,ALL,FRGAPO,143
082053,2022,F,Y61,61.0,ALL,FRGAPO,154
082053,2023,F,Y61,61.0,ALL,FRGAPO,169
082053,2024,F,Y61,61.0,ALL,FRGAPO,160
082053,2021,F,Y61,61.0,ALL,ITL,4584
082053,2022,F,Y61,61.0,ALL,ITL,4701
082053,2023,F,Y61,61.0,ALL,ITL,4919
082053,2024,F,Y61,61.0,ALL,ITL,4896
082053,2021,F,Y61,61.0,ALL,TOTAL,4727
082053,2022,F,Y61,61.0,ALL,TOTAL,4855
082053,2023,F,Y61,61.0,ALL,TOTAL,5088
082053,2024,F,Y61,61.0,ALL,TOTAL,5056
082053,2021,F,Y62,62.0,ALL,FRGAPO,141
082053,2022,F,Y62,62.0,ALL,FRGAPO,146
082053,2023,F,Y62,62.0,ALL,FRGAPO,143
082053,2024,F,Y62,62.0,ALL,FRGAPO,169
082053,2021,F,Y62,62.0,ALL,ITL,4553
082053,2022,F,Y62,62.0,ALL,ITL,4559
082053,2023,F,Y62,62.0,ALL,ITL,4678
082053,2024,F,Y62,62.0,ALL,ITL,4925
082053,2021,F,Y62,62.0,ALL,TOTAL,4694
082053,2022,F,Y62,62.0,ALL,TOTAL,4705
082053,2023,F,Y62,62.0,ALL,TOTAL,4821
082053,2024,F,Y62,62.0,ALL,TOTAL,5094
082053,2021,F,Y63,63.0,ALL,FRGAPO,111
082053,2022,F,Y63,63.0,ALL,FRGAPO,141
082053,2023,F,Y63,63.0,ALL,FRGAPO,141
082053,2024,F,Y63,63.0,ALL,FRGAPO,143
082053,2021,F,Y63,63.0,ALL,ITL,4343
082053,2022,F,Y63,63.0,ALL,ITL,4522
082053,2023,F,Y63,63.0,ALL,ITL,4558
082053,2024,F,Y63,63.0,ALL,ITL,4668
082053,2021,F,Y63,63.0,ALL,TOTAL,4454
082053,2022,F,Y63,63.0,ALL,TOTAL,4663
082053,2023,F,Y63,63.0,ALL,TOTAL,4699
082053,2024,F,Y63,63.0,ALL,TOTAL,4811
082053,2021,F,Y64,64.0,ALL,FRGAPO,86
082053,2022,F,Y64,64.0,ALL,FRGAPO,111
082053,2023,F,Y64,64.0,ALL,FRGAPO,131
082053,2024,F,Y64,64.0,ALL,FRGAPO,132
082053,2021,F,Y64,64.0,ALL,ITL,4475
082053,2022,F,Y64,64.0,ALL,ITL,4324
082053,2023,F,Y64,64.0,ALL,ITL,4499
082053,2024,F,Y64,64.0,ALL,ITL,4558
082053,2021,F,Y64,64.0,ALL,TOTAL,4561
082053,2022,F,Y64,64.0,ALL,TOTAL,4435
082053,2023,F,Y64,64.0,ALL,TOTAL,4630
082053,2024,F,Y64,64.0,ALL,TOTAL,4690
082053,2021,F,Y65,65.0,ALL,FRGAPO,63
082053,2022,F,Y65,65.0,ALL,FRGAPO,89
082053,2023,F,Y65,65.0,ALL,FRGAPO,104
082053,2024,F,Y65,65.0,ALL,FRGAPO,125
082053,2021,F,Y65,65.0,ALL,ITL,4318
082053,2022,F,Y65,65.0,ALL,ITL,4448
082053,2023,F,Y65,65.0,ALL,ITL,4306
082053,2024,F,Y65,65.0,ALL,ITL,4485
082053,2021,F,Y65,65.0,ALL,TOTAL,4381
082053,2022,F,Y65,65.0,ALL,TOTAL,4537
082053,2023,F,Y65,65.0,ALL,TOTAL,4410
082053,2024,F,Y65,65.0,ALL,TOTAL,4610
082053,2021,F,Y66,66.0,ALL,FRGAPO,82
082053,2022,F,Y66,66.0,ALL,FRGAPO,65
082053,2023,F,Y66,66.0,ALL,FRGAPO,82
082053,2024,F,Y66,66.0,ALL,FRGAPO,99
082053,2021,F,Y66,66.0,ALL,ITL,4235
082053,2022,F,Y66,66.0,ALL,ITL,4277
082053,2023,F,Y66,66.0,ALL,ITL,4433
082053,2024,F,Y66,66.0,ALL,ITL,4283
082053,2021,F,Y66,66.0,ALL,TOTAL,4317
082053,2022,F,Y66,66.0,ALL,TOTAL,4342
082053,2023,F,Y66,66.0,ALL,TOTAL,4515
082053,2024,F,Y66,66.0,ALL,TOTAL,4382
082053,2021,F,Y67,67.0,ALL,FRGAPO,64
082053,2022,F,Y67,67.0,ALL,FRGAPO,77
082053,2023,F,Y67,67.0,ALL,FRGAPO,60
082053,2024,F,Y67,67.0,ALL,FRGAPO,76
082053,2021,F,Y67,67.0,ALL,ITL,4319
082053,2022,F,Y67,67.0,ALL,ITL,4213
082053,2023,F,Y67,67.0,ALL,ITL,4242
082053,2024,F,Y67,67.0,ALL,ITL,4408
082053,2021,F,Y67,67.0,ALL,TOTAL,4383
082053,2022,F,Y67,67.0,ALL,TOTAL,4290
082053,2023,F,Y67,67.0,ALL,TOTAL,4302
082053,2024,F,Y67,67.0,ALL,TOTAL,4484
082053,2021,F,Y68,68.0,ALL,FRGAPO,48
082053,2022,F,Y68,68.0,ALL,FRGAPO,60
082053,2023,F,Y68,68.0,ALL,FRGAPO,73
082053,2024,F,Y68,68.0,ALL,FRGAPO,59
082053,2021,F,Y68,68.0,ALL,ITL,4025
082053,2022,F,Y68,68.0,ALL,ITL,4265
082053,2023,F,Y68,68.0,ALL,ITL,4146
082053,2024,F,Y68,68.0,ALL,ITL,4217
082053,2021,F,Y68,68.0,ALL,TOTAL,4073
082053,2022,F,Y68,68.0,ALL,TOTAL,4325
082053,2023,F,Y68,68.0,ALL,TOTAL,4219
082053,2024,F,Y68,68.0,ALL,TOTAL,4276
082053,2021,F,Y69,69.0,ALL,FRGAPO,53
082053,2022,F,Y69,69.0,ALL,FRGAPO,52
082053,2023,F,Y69,69.0,ALL,FRGAPO,59
082053,2024,F,Y69,69.0,ALL,FRGAPO,71
082053,2021,F,Y69,69.0,ALL,ITL,4131
082053,2022,F,Y69,69.0,ALL,ITL,3966
082053,2023,F,Y69,69.0,ALL,ITL,4230
082053,2024,F,Y69,69.0,ALL,ITL,4137
082053,2021,F,Y69,69.0,ALL,TOTAL,4184
082053,2022,F,Y69,69.0,ALL,TOTAL,4018
082053,2023,F,Y69,69.0,ALL,TOTAL,4289
082053,2024,F,Y69,69.0,ALL,TOTAL,4208
082053,2021,F,Y7,7.0,ALL,FRGAPO,141
082053,2022,F,Y7,7.0,ALL,FRGAPO,158
082053,2023,F,Y7,7.0,ALL,FRGAPO,146
082053,2024,F,Y7,7.0,ALL,FRGAPO,152
082053,2021,F,Y7,7.0,ALL,ITL,2730
082053,2022,F,Y7,7.0,ALL,ITL,2762
082053,2023,F,Y7,7.0,ALL,ITL,2591
082053,2024,F,Y7,7.0,ALL,ITL,2667
082053,2021,F,Y7,7.0,ALL,TOTAL,2871
082053,2022,F,Y7,7.0,ALL,TOTAL,2920
082053,2023,F,Y7,7.0,ALL,TOTAL,2737
082053,2024,F,Y7,7.0,ALL,TOTAL,2819
082053,2021,F,Y70,70.0,ALL,FRGAPO,28
082053,2022,F,Y70,70.0,ALL,FRGAPO,54
082053,2023,F,Y70,70.0,ALL,FRGAPO,50
082053,2024,F,Y70,70.0,ALL,FRGAPO,56
082053,2021,F,Y70,70.0,ALL,ITL,3882
082053,2022,F,Y70,70.0,ALL,ITL,4088
082053,2023,F,Y70,70.0,ALL,ITL,3927
082053,2024,F,Y70,70.0,ALL,ITL,4192
082053,2021,F,Y70,70.0,ALL,TOTAL,3910
082053,2022,F,Y70,70.0,ALL,TOTAL,4142
082053,2023,F,Y70,70.0,ALL,TOTAL,3977
082053,2024,F,Y70,70.0,ALL,TOTAL,4248
082053,2021,F,Y71,71.0,ALL,FRGAPO,37
082053,2022,F,Y71,71.0,ALL,FRGAPO,27
082053,2023,F,Y71,71.0,ALL,FRGAPO,50
082053,2024,F,Y71,71.0,ALL,FRGAPO,49
082053,2021,F,Y71,71.0,ALL,ITL,3939
082053,2022,F,Y71,71.0,ALL,ITL,3823
082053,2023,F,Y71,71.0,ALL,ITL,4038
082053,2024,F,Y71,71.0,ALL,ITL,3877
082053,2021,F,Y71,71.0,ALL,TOTAL,3976
082053,2022,F,Y71,71.0,ALL,TOTAL,3850
082053,2023,F,Y71,71.0,ALL,TOTAL,4088
082053,2024,F,Y71,71.0,ALL,TOTAL,3926
082053,2021,F,Y72,72.0,ALL,FRGAPO,30
082053,2022,F,Y72,72.0,ALL,FRGAPO,36
082053,2023,F,Y72,72.0,ALL,FRGAPO,23
082053,2024,F,Y72,72.0,ALL,FRGAPO,46
082053,2021,F,Y72,72.0,ALL,ITL,3991
082053,2022,F,Y72,72.0,ALL,ITL,3866
082053,2023,F,Y72,72.0,ALL,ITL,3774
082053,2024,F,Y72,72.0,ALL,ITL,3978
082053,2021,F,Y72,72.0,ALL,TOTAL,4021
082053,2022,F,Y72,72.0,ALL,TOTAL,3902
082053,2023,F,Y72,72.0,ALL,TOTAL,3797
082053,2024,F,Y72,72.0,ALL,TOTAL,4024
082053,2021,F,Y73,73.0,ALL,FRGAPO,23
082053,2022,F,Y73,73.0,ALL,FRGAPO,29
082053,2023,F,Y73,73.0,ALL,FRGAPO,30
082053,2024,F,Y73,73.0,ALL,FRGAPO,22
082053,2021,F,Y73,73.0,ALL,ITL,4050
082053,2022,F,Y73,73.0,ALL,ITL,3917
082053,2023,F,Y73,73.0,ALL,ITL,3795
082053,2024,F,Y73,73.0,ALL,ITL,3735
082053,2021,F,Y73,73.0,ALL,TOTAL,4073
082053,2022,F,Y73,73.0,ALL,TOTAL,3946
082053,2023,F,Y73,73.0,ALL,TOTAL,3825
082053,2024,F,Y73,73.0,ALL,TOTAL,3757
082053,2021,F,Y74,74.0,ALL,FRGAPO,23
082053,2022,F,Y74,74.0,ALL,FRGAPO,23
082053,2023,F,Y74,74.0,ALL,FRGAPO,27
082053,2024,F,Y74,74.0,ALL,FRGAPO,29
082053,2021,F,Y74,74.0,ALL,ITL,4038
082053,2022,F,Y74,74.0,ALL,ITL,3964
082053,2023,F,Y74,74.0,ALL,ITL,3862
082053,2024,F,Y74,74.0,ALL,ITL,3725
082053,2021,F,Y74,74.0,ALL,TOTAL,4061
082053,2022,F,Y74,74.0,ALL,TOTAL,3987
082053,2023,F,Y74,74.0,ALL,TOTAL,3889
082053,2024,F,Y74,74.0,ALL,TOTAL,3754
082053,2021,F,Y75,75.0,ALL,FRGAPO,19
082053,2022,F,Y75,75.0,ALL,FRGAPO,22
082053,2023,F,Y75,75.0,ALL,FRGAPO,21
082053,2024,F,Y75,75.0,ALL,FRGAPO,28
082053,2021,F,Y75,75.0,ALL,ITL,3658
082053,2022,F,Y75,75.0,ALL,ITL,3950
082053,2023,F,Y75,75.0,ALL,ITL,3882
082053,2024,F,Y75,75.0,ALL,ITL,3779
082053,2021,F,Y75,75.0,ALL,TOTAL,3677
082053,2022,F,Y75,75.0,ALL,TOTAL,3972
082053,2023,F,Y75,75.0,ALL,TOTAL,3903
082053,2024,F,Y75,75.0,ALL,TOTAL,3807
082053,2021,F,Y76,76.0,ALL,FRGAPO,9
082053,2022,F,Y76,76.0,ALL,FRGAPO,21
082053,2023,F,Y76,76.0,ALL,FRGAPO,22
082053,2024,F,Y76,76.0,ALL,FRGAPO,19
082053,2021,F,Y76,76.0,ALL,ITL,3196
082053,2022,F,Y76,76.0,ALL,ITL,3547
082053,2023,F,Y76,76.0,ALL,ITL,3863
082053,2024,F,Y76,76.0,ALL,ITL,3758
082053,2021,F,Y76,76.0,ALL,TOTAL,3205
082053,2022,F,Y76,76.0,ALL,TOTAL,3568
082053,2023,F,Y76,76.0,ALL,TOTAL,3885
082053,2024,F,Y76,76.0,ALL,TOTAL,3777
082053,2021,F,Y77,77.0,ALL,FRGAPO,16
082053,2022,F,Y77,77.0,ALL,FRGAPO,10
082053,2023,F,Y77,77.0,ALL,FRGAPO,19
082053,2024,F,Y77,77.0,ALL,FRGAPO,22
082053,2021,F,Y77,77.0,ALL,ITL,3040
082053,2022,F,Y77,77.0,ALL,ITL,3127
082053,2023,F,Y77,77.0,ALL,ITL,3449
082053,2024,F,Y77,77.0,ALL,ITL,3783
082053,2021,F,Y77,77.0,ALL,TOTAL,3056
082053,2022,F,Y77,77.0,ALL,TOTAL,3137
082053,2023,F,Y77,77.0,ALL,TOTAL,3468
082053,2024,F,Y77,77.0,ALL,TOTAL,3805
082053,2021,F,Y78,78.0,ALL,FRGAPO,7
082053,2022,F,Y78,78.0,ALL,FRGAPO,15
082053,2023,F,Y78,78.0,ALL,FRGAPO,9
082053,2024,F,Y78,78.0,ALL,FRGAPO,17
082053,2021,F,Y78,78.0,ALL,ITL,2584
082053,2022,F,Y78,78.0,ALL,ITL,2941
082053,2023,F,Y78,78.0,ALL,ITL,3040
082053,2024,F,Y78,78.0,ALL,ITL,3371
082053,2021,F,Y78,78.0,ALL,TOTAL,2591
082053,2022,F,Y78,78.0,ALL,TOTAL,2956
082053,2023,F,Y78,78.0,ALL,TOTAL,3049
082053,2024,F,Y78,78.0,ALL,TOTAL,3388
082053,2021,F,Y79,79.0,ALL,FRGAPO,7
082053,2022,F,Y79,79.0,ALL,FRGAPO,6
082053,2023,F,Y79,79.0,ALL,FRGAPO,13
082053,2024,F,Y79,79.0,ALL,FRGAPO,8
082053,2021,F,Y79,79.0,ALL,ITL,2635
082053,2022,F,Y79,79.0,ALL,ITL,2484
082053,2023,F,Y79,79.0,ALL,ITL,2866
082053,2024,F,Y79,79.0,ALL,ITL,2955
082053,2021,F,Y79,79.0,ALL,TOTAL,2642
082053,2022,F,Y79,79.0,ALL,TOTAL,2490
082053,2023,F,Y79,79.0,ALL,TOTAL,2879
082053,2024,F,Y79,79.0,ALL,TOTAL,2963
082053,2021,F,Y8,8.0,ALL,FRGAPO,136
082053,2022,F,Y8,8.0,ALL,FRGAPO,141
082053,2023,F,Y8,8.0,ALL,FRGAPO,156
082053,2024,F,Y8,8.0,ALL,FRGAPO,146
082053,2021,F,Y8,8.0,ALL,ITL,2818
082053,2022,F,Y8,8.0,ALL,ITL,2726
082053,2023,F,Y8,8.0,ALL,ITL,2780
082053,2024,F,Y8,8.0,ALL,ITL,2588
082053,2021,F,Y8,8.0,ALL,TOTAL,2954
082053,2022,F,Y8,8.0,ALL,TOTAL,2867
082053,2023,F,Y8,8.0,ALL,TOTAL,2936
082053,2024,F,Y8,8.0,ALL,TOTAL,2734
082053,2021,F,Y80,80.0,ALL,FRGAPO,9
082053,2022,F,Y80,80.0,ALL,FRGAPO,7
082053,2023,F,Y80,80.0,ALL,FRGAPO,7
082053,2024,F,Y80,80.0,ALL,FRGAPO,13
082053,2021,F,Y80,80.0,ALL,ITL,2626
082053,2022,F,Y80,80.0,ALL,ITL,2533
082053,2023,F,Y80,80.0,ALL,ITL,2383
082053,2024,F,Y80,80.0,ALL,ITL,2758
082053,2021,F,Y80,80.0,ALL,TOTAL,2635
082053,2022,F,Y80,80.0,ALL,TOTAL,2540
082053,2023,F,Y80,80.0,ALL,TOTAL,2390
082053,2024,F,Y80,80.0,ALL,TOTAL,2771
082053,2021,F,Y81,81.0,ALL,FRGAPO,7
082053,2022,F,Y81,81.0,ALL,FRGAPO,10
082053,2023,F,Y81,81.0,ALL,FRGAPO,6
082053,2024,F,Y81,81.0,ALL,FRGAPO,7
082053,2021,F,Y81,81.0,ALL,ITL,2758
082053,2022,F,Y81,81.0,ALL,ITL,2508
082053,2023,F,Y81,81.0,ALL,ITL,2429
082053,2024,F,Y81,81.0,ALL,ITL,2277
082053,2021,F,Y81,81.0,ALL,TOTAL,2765
082053,2022,F,Y81,81.0,ALL,TOTAL,2518
082053,2023,F,Y81,81.0,ALL,TOTAL,2435
082053,2024,F,Y81,81.0,ALL,TOTAL,2284
082053,2021,F,Y82,82.0,ALL,FRGAPO,9
082053,2022,F,Y82,82.0,ALL,FRGAPO,8
082053,2023,F,Y82,82.0,ALL,FRGAPO,8
082053,2024,F,Y82,82.0,ALL,FRGAPO,6
082053,2021,F,Y82,82.0,ALL,ITL,2434
082053,2022,F,Y82,82.0,ALL,ITL,2607
082053,2023,F,Y82,82.0,ALL,ITL,2380
082053,2024,F,Y82,82.0,ALL,ITL,2336
082053,2021,F,Y82,82.0,ALL,TOTAL,2443
082053,2022,F,Y82,82.0,ALL,TOTAL,2615
082053,2023,F,Y82,82.0,ALL,TOTAL,2388
082053,2024,F,Y82,82.0,ALL,TOTAL,2342
082053,2021,F,Y83,83.0,ALL,FRGAPO,3
082053,2022,F,Y83,83.0,ALL,FRGAPO,9
082053,2023,F,Y83,83.0,ALL,FRGAPO,7
082053,2024,F,Y83,83.0,ALL,FRGAPO,10
082053,2021,F,Y83,83.0,ALL,ITL,2336
082053,2022,F,Y83,83.0,ALL,ITL,2305
082053,2023,F,Y83,83.0,ALL,ITL,2465
082053,2024,F,Y83,83.0,ALL,ITL,2267
082053,2021,F,Y83,83.0,ALL,TOTAL,2339
082053,2022,F,Y83,83.0,ALL,TOTAL,2314
082053,2023,F,Y83,83.0,ALL,TOTAL,2472
082053,2024,F,Y83,83.0,ALL,TOTAL,2277
082053,2021,F,Y84,84.0,ALL,FRGAPO,10
082053,2022,F,Y84,84.0,ALL,FRGAPO,4
082053,2023,F,Y84,84.0,ALL,FRGAPO,9
082053,2024,F,Y84,84.0,ALL,FRGAPO,7
082053,2021,F,Y84,84.0,ALL,ITL,2066
082053,2022,F,Y84,84.0,ALL,ITL,2182
082053,2023,F,Y84,84.0,ALL,ITL,2164
082053,2024,F,Y84,84.0,ALL,ITL,2322
082053,2021,F,Y84,84.0,ALL,TOTAL,2076
082053,2022,F,Y84,84.0,ALL,TOTAL,2186
082053,2023,F,Y84,84.0,ALL,TOTAL,2173
082053,2024,F,Y84,84.0,ALL,TOTAL,2329
082053,2021,F,Y85,85.0,ALL,FRGAPO,5
082053,2022,F,Y85,85.0,ALL,FRGAPO,10
082053,2023,F,Y85,85.0,ALL,FRGAPO,4
082053,2024,F,Y85,85.0,ALL,FRGAPO,10
082053,2021,F,Y85,85.0,ALL,ITL,1824
082053,2022,F,Y85,85.0,ALL,ITL,1920
082053,2023,F,Y85,85.0,ALL,ITL,2058
082053,2024,F,Y85,85.0,ALL,ITL,2014
082053,2021,F,Y85,85.0,ALL,TOTAL,1829
082053,2022,F,Y85,85.0,ALL,TOTAL,1930
082053,2023,F,Y85,85.0,ALL,TOTAL,2062
082053,2024,F,Y85,85.0,ALL,TOTAL,2024
082053,2021,F,Y86,86.0,ALL,FRGAPO,4
082053,2022,F,Y86,86.0,ALL,FRGAPO,4
082053,2023,F,Y86,86.0,ALL,FRGAPO,10
082053,2024,F,Y86,86.0,ALL,FRGAPO,3
082053,2021,F,Y86,86.0,ALL,ITL,1754
082053,2022,F,Y86,86.0,ALL,ITL,1669
082053,2023,F,Y86,86.0,ALL,ITL,1772
082053,2024,F,Y86,86.0,ALL,ITL,1908
082053,2021,F,Y86,86.0,ALL,TOTAL,1758
082053,2022,F,Y86,86.0,ALL,TOTAL,1673
082053,2023,F,Y86,86.0,ALL,TOTAL,1782
082053,2024,F,Y86,86.0,ALL,TOTAL,1911
082053,2021,F,Y87,87.0,ALL,FRGAPO,2
082053,2022,F,Y87,87.0,ALL,FRGAPO,4
082053,2023,F,Y87,87.0,ALL,FRGAPO,4
082053,2024,F,Y87,87.0,ALL,FRGAPO,8
082053,2021,F,Y87,87.0,ALL,ITL,1703
082053,2022,F,Y87,87.0,ALL,ITL,1591
082053,2023,F,Y87,87.0,ALL,ITL,1507
082053,2024,F,Y87,87.0,ALL,ITL,1621
082053,2021,F,Y87,87.0,ALL,TOTAL,1705
082053,2022,F,Y87,87.0,ALL,TOTAL,1595
082053,2023,F,Y87,87.0,ALL,TOTAL,1511
082053,2024,F,Y87,87.0,ALL,TOTAL,1629
082053,2021,F,Y88,88.0,ALL,FRGAPO,2
082053,2022,F,Y88,88.0,ALL,FRGAPO,1
082053,2023,F,Y88,88.0,ALL,FRGAPO,4
082053,2024,F,Y88,88.0,ALL,FRGAPO,2
082053,2021,F,Y88,88.0,ALL,ITL,1495
082053,2022,F,Y88,88.0,ALL,ITL,1513
082053,2023,F,Y88,88.0,ALL,ITL,1424
082053,2024,F,Y88,88.0,ALL,ITL,1352
082053,2021,F,Y88,88.0,ALL,TOTAL,1497
082053,2022,F,Y88,88.0,ALL,TOTAL,1514
082053,2023,F,Y88,88.0,ALL,TOTAL,1428
082053,2024,F,Y88,88.0,ALL,TOTAL,1354
082053,2021,F,Y89,89.0,ALL,FRGAPO,4
082053,2022,F,Y89,89.0,ALL,FRGAPO,2
082053,2023,F,Y89,89.0,ALL,FRGAPO,2
082053,2024,F,Y89,89.0,ALL,FRGAPO,4
082053,2021,F,Y89,89.0,ALL,ITL,1200
082053,2022,F,Y89,89.0,ALL,ITL,1313
082053,2023,F,Y89,89.0,ALL,ITL,1308
082053,2024,F,Y89,89.0,ALL,ITL,1264
082053,2021,F,Y89,89.0,ALL,TOTAL,1204
082053,2022,F,Y89,89.0,ALL,TOTAL,1315
082053,2023,F,Y89,89.0,ALL,TOTAL,1310
082053,2024,F,Y89,89.0,ALL,TOTAL,1268
082053,2021,F,Y9,9.0,ALL,FRGAPO,151
082053,2022,F,Y9,9.0,ALL,FRGAPO,132
082053,2023,F,Y9,9.0,ALL,FRGAPO,139
082053,2024,F,Y9,9.0,ALL,FRGAPO,157
082053,2021,F,Y9,9.0,ALL,ITL,2875
082053,2022,F,Y9,9.0,ALL,ITL,2811
082053,2023,F,Y9,9.0,ALL,ITL,2744
082053,2024,F,Y9,9.0,ALL,ITL,2789
082053,2021,F,Y9,9.0,ALL,TOTAL,3026
082053,2022,F,Y9,9.0,ALL,TOTAL,2943
082053,2023,F,Y9,9.0,ALL,TOTAL,2883
082053,2024,F,Y9,9.0,ALL,TOTAL,2946
082053,2022,F,Y90,90.0,ALL,FRGAPO,3
082053,2023,F,Y90,90.0,ALL,FRGAPO,2
082053,2024,F,Y90,90.0,ALL,FRGAPO,2
082053,2021,F,Y90,90.0,ALL,ITL,1073
082053,2022,F,Y90,90.0,ALL,ITL,1009
082053,2023,F,Y90,90.0,ALL,ITL,1144
082053,2024,F,Y90,90.0,ALL,ITL,1144
082053,2021,F,Y90,90.0,ALL,TOTAL,1073
082053,2022,F,Y90,90.0,ALL,TOTAL,1012
082053,2023,F,Y90,90.0,ALL,TOTAL,1146
082053,2024,F,Y90,90.0,ALL,TOTAL,1146
082053,2023,F,Y91,91.0,ALL,FRGAPO,3
082053,2024,F,Y91,91.0,ALL,FRGAPO,1
082053,2021,F,Y91,91.0,ALL,ITL,1015
082053,2022,F,Y91,91.0,ALL,ITL,898
082053,2023,F,Y91,91.0,ALL,ITL,851
082053,2024,F,Y91,91.0,ALL,ITL,980
082053,2021,F,Y91,91.0,ALL,TOTAL,1015
082053,2022,F,Y91,91.0,ALL,TOTAL,898
082053,2023,F,Y91,91.0,ALL,TOTAL,854
082053,2024,F,Y91,91.0,ALL,TOTAL,981
082053,2021,F,Y92,92.0,ALL,FRGAPO,2
082053,2024,F,Y92,92.0,ALL,FRGAPO,2
082053,2021,F,Y92,92.0,ALL,ITL,675
082053,2022,F,Y92,92.0,ALL,ITL,844
082053,2023,F,Y92,92.0,ALL,ITL,731
082053,2024,F,Y92,92.0,ALL,ITL,702
082053,2021,F,Y92,92.0,ALL,TOTAL,677
082053,2022,F,Y92,92.0,ALL,TOTAL,844
082053,2023,F,Y92,92.0,ALL,TOTAL,731
082053,2024,F,Y92,92.0,ALL,TOTAL,704
082053,2021,F,Y93,93.0,ALL,FRGAPO,1
082053,2022,F,Y93,93.0,ALL,FRGAPO,2
082053,2021,F,Y93,93.0,ALL,ITL,576
082053,2022,F,Y93,93.0,ALL,ITL,534
082053,2023,F,Y93,93.0,ALL,ITL,681
082053,2024,F,Y93,93.0,ALL,ITL,593
082053,2021,F,Y93,93.0,ALL,TOTAL,577
082053,2022,F,Y93,93.0,ALL,TOTAL,536
082053,2023,F,Y93,93.0,ALL,TOTAL,681
082053,2024,F,Y93,93.0,ALL,TOTAL,593
082053,2021,F,Y94,94.0,ALL,FRGAPO,1
082053,2022,F,Y94,94.0,ALL,FRGAPO,1
082053,2023,F,Y94,94.0,ALL,FRGAPO,2
082053,2021,F,Y94,94.0,ALL,ITL,428
082053,2022,F,Y94,94.0,ALL,ITL,448
082053,2023,F,Y94,94.0,ALL,ITL,419
082053,2024,F,Y94,94.0,ALL,ITL,544
082053,2021,F,Y94,94.0,ALL,TOTAL,429
082053,2022,F,Y94,94.0,ALL,TOTAL,449
082053,2023,F,Y94,94.0,ALL,TOTAL,421
082053,2024,F,Y94,94.0,ALL,TOTAL,544
082053,2021,F,Y95,95.0,ALL,FRGAPO,1
082053,2022,F,Y95,95.0,ALL,FRGAPO,1
082053,2023,F,Y95,95.0,ALL,FRGAPO,1
082053,2024,F,Y95,95.0,ALL,FRGAPO,2
082053,2021,F,Y95,95.0,ALL,ITL,368
082053,2022,F,Y95,95.0,ALL,ITL,328
082053,2023,F,Y95,95.0,ALL,ITL,358
082053,2024,F,Y95,95.0,ALL,ITL,327
082053,2021,F,Y95,95.0,ALL,TOTAL,369
082053,2022,F,Y95,95.0,ALL,TOTAL,329
082053,2023,F,Y95,95.0,ALL,TOTAL,359
082053,2024,F,Y95,95.0,ALL,TOTAL,329
082053,2022,F,Y96,96.0,ALL,FRGAPO,1
082053,2023,F,Y96,96.0,ALL,FRGAPO,1
082053,2021,F,Y96,96.0,ALL,ITL,263
082053,2022,F,Y96,96.0,ALL,ITL,277
082053,2023,F,Y96,96.0,ALL,ITL,235
082053,2024,F,Y96,96.0,ALL,ITL,264
082053,2021,F,Y96,96.0,ALL,TOTAL,263
082053,2022,F,Y96,96.0,ALL,TOTAL,278
082053,2023,F,Y96,96.0,ALL,TOTAL,236
082053,2024,F,Y96,96.0,ALL,TOTAL,264
082053,2023,F,Y97,97.0,ALL,FRGAPO,1
082053,2024,F,Y97,97.0,ALL,FRGAPO,1
082053,2021,F,Y97,97.0,ALL,ITL,211
082053,2022,F,Y97,97.0,ALL,ITL,183
082053,2023,F,Y97,97.0,ALL,ITL,204
082053,2024,F,Y97,97.0,ALL,ITL,165
082053,2021,F,Y97,97.0,ALL,TOTAL,211
082053,2022,F,Y97,97.0,ALL,TOTAL,183
082053,2023,F,Y97,97.0,ALL,TOTAL,205
082053,2024,F,Y97,97.0,ALL,TOTAL,166
082053,2021,F,Y98,98.0,ALL,ITL,136
082053,2022,F,Y98,98.0,ALL,ITL,141
082053,2023,F,Y98,98.0,ALL,ITL,129
082053,2024,F,Y98,98.0,ALL,ITL,152
082053,2021,F,Y98,98.0,ALL,TOTAL,136
082053,2022,F,Y98,98.0,ALL,TOTAL,141
082053,2023,F,Y98,98.0,ALL,TOTAL,129
082053,2024,F,Y98,98.0,ALL,TOTAL,152
082053,2021,F,Y99,99.0,ALL,ITL,84
082053,2022,F,Y99,99.0,ALL,ITL,88
082053,2023,F,Y99,99.0,ALL,ITL,94
082053,2024,F,Y99,99.0,ALL,ITL,83
082053,2021,F,Y99,99.0,ALL,TOTAL,84
082053,2022,F,Y99,99.0,ALL,TOTAL,88
082053,2023,F,Y99,99.0,ALL,TOTAL,94
082053,2024,F,Y99,99.0,ALL,TOTAL,83
082053,2018,M,TOTAL,,ALL,FRGAPO,11854
082053,2019,M,TOTAL,,ALL,FRGAPO,11747
082053,2020,M,TOTAL,,ALL,FRGAPO,12562
082053,2021,M,TOTAL,,ALL,FRGAPO,12298
082053,2022,M,TOTAL,,ALL,FRGAPO,12377
082053,2023,M,TOTAL,,ALL,FRGAPO,12655
082053,2024,M,TOTAL,,ALL,FRGAPO,13210
082053,2018,M,TOTAL,,ALL,ITL,299848
082053,2019,M,TOTAL,,ALL,ITL,297283
082053,2020,M,TOTAL,,ALL,ITL,291286
082053,2021,M,TOTAL,,ALL,ITL,291553
082053,2022,M,TOTAL,,ALL,ITL,289894
082053,2023,M,TOTAL,,ALL,ITL,288714
082053,2024,M,TOTAL,,ALL,ITL,287288
082053,2018,M,TOTAL,,ALL,TOTAL,311702
082053,2019,M,TOTAL,,ALL,TOTAL,309030
082053,2020,M,TOTAL,,ALL,TOTAL,303848
082053,2021,M,TOTAL,,ALL,TOTAL,303851
082053,2022,M,TOTAL,,ALL,TOTAL,302271
082053,2023,M,TOTAL,,ALL,TOTAL,301369
082053,2024,M,TOTAL,,ALL,TOTAL,300498
082053,2018,M,Y_GE100,,ALL,ITL,14
082053,2019,M,Y_GE100,,ALL,ITL,23
082053,2020,M,Y_GE100,,ALL,ITL,22
082053,2021,M,Y_GE100,,ALL,ITL,28
082053,2022,M,Y_GE100,,ALL,ITL,29
082053,2023,M,Y_GE100,,ALL,ITL,27
082053,2024,M,Y_GE100,,ALL,ITL,28
082053,2018,M,Y_GE100,,ALL,TOTAL,14
082053,2019,M,Y_GE100,,ALL,TOTAL,23
082053,2020,M,Y_GE100,,ALL,TOTAL,22
082053,2021,M,Y_GE100,,ALL,TOTAL,28
082053,2022,M,Y_GE100,,ALL,TOTAL,29
082053,2023,M,Y_GE100,,ALL,TOTAL,27
082053,2024,M,Y_GE100,,ALL,TOTAL,28
082053,2021,M,Y0,0.0,ALL,FRGAPO,148
082053,2022,M,Y0,0.0,ALL,FRGAPO,156
082053,2023,M,Y0,0.0,ALL,FRGAPO,124
082053,2024,M,Y0,0.0,ALL,FRGAPO,131
082053,2021,M,Y0,0.0,ALL,ITL,2497
082053,2022,M,Y0,0.0,ALL,ITL,2507
082053,2023,M,Y0,0.0,ALL,ITL,2280
082053,2024,M,Y0,0.0,ALL,ITL,2169
082053,2021,M,Y0,0.0,ALL,TOTAL,2645
082053,2022,M,Y0,0.0,ALL,TOTAL,2663
082053,2023,M,Y0,0.0,ALL,TOTAL,2404
082053,2024,M,Y0,0.0,ALL,TOTAL,2300
082053,2021,M,Y1,1.0,ALL,FRGAPO,135
082053,2022,M,Y1,1.0,ALL,FRGAPO,148
082053,2023,M,Y1,1.0,ALL,FRGAPO,147
082053,2024,M,Y1,1.0,ALL,FRGAPO,124
082053,2021,M,Y1,1.0,ALL,ITL,2485
082053,2022,M,Y1,1.0,ALL,ITL,2483
082053,2023,M,Y1,1.0,ALL,ITL,2517
082053,2024,M,Y1,1.0,ALL,ITL,2310
082053,2021,M,Y1,1.0,ALL,TOTAL,2620
082053,2022,M,Y1,1.0,ALL,TOTAL,2631
082053,2023,M,Y1,1.0,ALL,TOTAL,2664
082053,2024,M,Y1,1.0,ALL,TOTAL,2434
082053,2021,M,Y10,10.0,ALL,FRGAPO,140
082053,2022,M,Y10,10.0,ALL,FRGAPO,137
082053,2023,M,Y10,10.0,ALL,FRGAPO,127
082053,2024,M,Y10,10.0,ALL,FRGAPO,141
082053,2021,M,Y10,10.0,ALL,ITL,3076
082053,2022,M,Y10,10.0,ALL,ITL,3028
082053,2023,M,Y10,10.0,ALL,ITL,2896
082053,2024,M,Y10,10.0,ALL,ITL,2954
082053,2021,M,Y10,10.0,ALL,TOTAL,3216
082053,2022,M,Y10,10.0,ALL,TOTAL,3165
082053,2023,M,Y10,10.0,ALL,TOTAL,3023
082053,2024,M,Y10,10.0,ALL,TOTAL,3095
082053,2021,M,Y11,11.0,ALL,FRGAPO,116
082053,2022,M,Y11,11.0,ALL,FRGAPO,139
082053,2023,M,Y11,11.0,ALL,FRGAPO,132
082053,2024,M,Y11,11.0,ALL,FRGAPO,122
082053,2021,M,Y11,11.0,ALL,ITL,3143
082053,2022,M,Y11,11.0,ALL,ITL,3075
082053,2023,M,Y11,11.0,ALL,ITL,3034
082053,2024,M,Y11,11.0,ALL,ITL,2903
082053,2021,M,Y11,11.0,ALL,TOTAL,3259
082053,2022,M,Y11,11.0,ALL,TOTAL,3214
082053,2023,M,Y11,11.0,ALL,TOTAL,3166
082053,2024,M,Y11,11.0,ALL,TOTAL,3025
082053,2021,M,Y12,12.0,ALL,FRGAPO,108
082053,2022,M,Y12,12.0,ALL,FRGAPO,115
082053,2023,M,Y12,12.0,ALL,FRGAPO,130
082053,2024,M,Y12,12.0,ALL,FRGAPO,133
082053,2021,M,Y12,12.0,ALL,ITL,3262
082053,2022,M,Y12,12.0,ALL,ITL,3145
082053,2023,M,Y12,12.0,ALL,ITL,3095
082053,2024,M,Y12,12.0,ALL,ITL,3027
082053,2021,M,Y12,12.0,ALL,TOTAL,3370
082053,2022,M,Y12,12.0,ALL,TOTAL,3260
082053,2023,M,Y12,12.0,ALL,TOTAL,3225
082053,2024,M,Y12,12.0,ALL,TOTAL,3160
082053,2021,M,Y13,13.0,ALL,FRGAPO,116
082053,2022,M,Y13,13.0,ALL,FRGAPO,106
082053,2023,M,Y13,13.0,ALL,FRGAPO,118
082053,2024,M,Y13,13.0,ALL,FRGAPO,131
082053,2021,M,Y13,13.0,ALL,ITL,3281
082053,2022,M,Y13,13.0,ALL,ITL,3264
082053,2023,M,Y13,13.0,ALL,ITL,3150
082053,2024,M,Y13,13.0,ALL,ITL,3091
082053,2021,M,Y13,13.0,ALL,TOTAL,3397
082053,2022,M,Y13,13.0,ALL,TOTAL,3370
082053,2023,M,Y13,13.0,ALL,TOTAL,3268
082053,2024,M,Y13,13.0,ALL,TOTAL,3222
082053,2021,M,Y14,14.0,ALL,FRGAPO,137
082053,2022,M,Y14,14.0,ALL,FRGAPO,119
082053,2023,M,Y14,14.0,ALL,FRGAPO,114
082053,2024,M,Y14,14.0,ALL,FRGAPO,123
082053,2021,M,Y14,14.0,ALL,ITL,3165
082053,2022,M,Y14,14.0,ALL,ITL,3279
082053,2023,M,Y14,14.0,ALL,ITL,3259
082053,2024,M,Y14,14.0,ALL,ITL,3138
082053,2021,M,Y14,14.0,ALL,TOTAL,3302
082053,2022,M,Y14,14.0,ALL,TOTAL,3398
082053,2023,M,Y14,14.0,ALL,TOTAL,3373
082053,2024,M,Y14,14.0,ALL,TOTAL,3261
082053,2021,M,Y15,15.0,ALL,FRGAPO,111
082053,2022,M,Y15,15.0,ALL,FRGAPO,134
082053,2023,M,Y15,15.0,ALL,FRGAPO,133
082053,2024,M,Y15,15.0,ALL,FRGAPO,128
082053,2021,M,Y15,15.0,ALL,ITL,3451
082053,2022,M,Y15,15.0,ALL,ITL,3173
082053,2023,M,Y15,15.0,ALL,ITL,3273
082053,2024,M,Y15,15.0,ALL,ITL,3251
082053,2021,M,Y15,15.0,ALL,TOTAL,3562
082053,2022,M,Y15,15.0,ALL,TOTAL,3307
082053,2023,M,Y15,15.0,ALL,TOTAL,3406
082053,2024,M,Y15,15.0,ALL,TOTAL,3379
082053,2021,M,Y16,16.0,ALL,FRGAPO,109
082053,2022,M,Y16,16.0,ALL,FRGAPO,117
082053,2023,M,Y16,16.0,ALL,FRGAPO,157
082053,2024,M,Y16,16.0,ALL,FRGAPO,148
082053,2021,M,Y16,16.0,ALL,ITL,3369
082053,2022,M,Y16,16.0,ALL,ITL,3435
082053,2023,M,Y16,16.0,ALL,ITL,3173
082053,2024,M,Y16,16.0,ALL,ITL,3283
082053,2021,M,Y16,16.0,ALL,TOTAL,3478
082053,2022,M,Y16,16.0,ALL,TOTAL,3552
082053,2023,M,Y16,16.0,ALL,TOTAL,3330
082053,2024,M,Y16,16.0,ALL,TOTAL,3431
082053,2021,M,Y17,17.0,ALL,FRGAPO,144
082053,2022,M,Y17,17.0,ALL,FRGAPO,118
082053,2023,M,Y17,17.0,ALL,FRGAPO,143
082053,2024,M,Y17,17.0,ALL,FRGAPO,175
082053,2021,M,Y17,17.0,ALL,ITL,3381
082053,2022,M,Y17,17.0,ALL,ITL,3366
082053,2023,M,Y17,17.0,ALL,ITL,3445
082053,2024,M,Y17,17.0,ALL,ITL,3173
082053,2021,M,Y17,17.0,ALL,TOTAL,3525
082053,2022,M,Y17,17.0,ALL,TOTAL,3484
082053,2023,M,Y17,17.0,ALL,TOTAL,3588
082053,2024,M,Y17,17.0,ALL,TOTAL,3348
082053,2021,M,Y18,18.0,ALL,FRGAPO,119
082053,2022,M,Y18,18.0,ALL,FRGAPO,153
082053,2023,M,Y18,18.0,ALL,FRGAPO,148
082053,2024,M,Y18,18.0,ALL,FRGAPO,164
082053,2021,M,Y18,18.0,ALL,ITL,3272
082053,2022,M,Y18,18.0,ALL,ITL,3378
082053,2023,M,Y18,18.0,ALL,ITL,3386
082053,2024,M,Y18,18.0,ALL,ITL,3446
082053,2021,M,Y18,18.0,ALL,TOTAL,3391
082053,2022,M,Y18,18.0,ALL,TOTAL,3531
082053,2023,M,Y18,18.0,ALL,TOTAL,3534
082053,2024,M,Y18,18.0,ALL,TOTAL,3610
082053,2021,M,Y19,19.0,ALL,FRGAPO,118
082053,2022,M,Y19,19.0,ALL,FRGAPO,116
082053,2023,M,Y19,19.0,ALL,FRGAPO,184
082053,2024,M,Y19,19.0,ALL,FRGAPO,168
082053,2021,M,Y19,19.0,ALL,ITL,3225
082053,2022,M,Y19,19.0,ALL,ITL,3309
082053,2023,M,Y19,19.0,ALL,ITL,3377
082053,2024,M,Y19,19.0,ALL,ITL,3373
082053,2021,M,Y19,19.0,ALL,TOTAL,3343
082053,2022,M,Y19,19.0,ALL,TOTAL,3425
082053,2023,M,Y19,19.0,ALL,TOTAL,3561
082053,2024,M,Y19,19.0,ALL,TOTAL,3541
082053,2021,M,Y2,2.0,ALL,FRGAPO,152
082053,2022,M,Y2,2.0,ALL,FRGAPO,136
082053,2023,M,Y2,2.0,ALL,FRGAPO,147
082053,2024,M,Y2,2.0,ALL,FRGAPO,151
082053,2021,M,Y2,2.0,ALL,ITL,2632
082053,2022,M,Y2,2.0,ALL,ITL,2500
082053,2023,M,Y2,2.0,ALL,ITL,2478
082053,2024,M,Y2,2.0,ALL,ITL,2539
082053,2021,M,Y2,2.0,ALL,TOTAL,2784
082053,2022,M,Y2,2.0,ALL,TOTAL,2636
082053,2023,M,Y2,2.0,ALL,TOTAL,2625
082053,2024,M,Y2,2.0,ALL,TOTAL,2690
082053,2021,M,Y20,20.0,ALL,FRGAPO,160
082053,2022,M,Y20,20.0,ALL,FRGAPO,126
082053,2023,M,Y20,20.0,ALL,FRGAPO,138
082053,2024,M,Y20,20.0,ALL,FRGAPO,203
082053,2021,M,Y20,20.0,ALL,ITL,3260
082053,2022,M,Y20,20.0,ALL,ITL,3224
082053,2023,M,Y20,20.0,ALL,ITL,3295
082053,2024,M,Y20,20.0,ALL,ITL,3340
082053,2021,M,Y20,20.0,ALL,TOTAL,3420
082053,2022,M,Y20,20.0,ALL,TOTAL,3350
082053,2023,M,Y20,20.0,ALL,TOTAL,3433
082053,2024,M,Y20,20.0,ALL,TOTAL,3543
082053,2021,M,Y21,21.0,ALL,FRGAPO,263
082053,2022,M,Y21,21.0,ALL,FRGAPO,165
082053,2023,M,Y21,21.0,ALL,FRGAPO,152
082053,2024,M,Y21,21.0,ALL,FRGAPO,157
082053,2021,M,Y21,21.0,ALL,ITL,3189
082053,2022,M,Y21,21.0,ALL,ITL,3249
082053,2023,M,Y21,21.0,ALL,ITL,3203
082053,2024,M,Y21,21.0,ALL,ITL,3289
082053,2021,M,Y21,21.0,ALL,TOTAL,3452
082053,2022,M,Y21,21.0,ALL,TOTAL,3414
082053,2023,M,Y21,21.0,ALL,TOTAL,3355
082053,2024,M,Y21,21.0,ALL,TOTAL,3446
082053,2021,M,Y22,22.0,ALL,FRGAPO,262
082053,2022,M,Y22,22.0,ALL,FRGAPO,251
082053,2023,M,Y22,22.0,ALL,FRGAPO,167
082053,2024,M,Y22,22.0,ALL,FRGAPO,163
082053,2021,M,Y22,22.0,ALL,ITL,3221
082053,2022,M,Y22,22.0,ALL,ITL,3168
082053,2023,M,Y22,22.0,ALL,ITL,3193
082053,2024,M,Y22,22.0,ALL,ITL,3178
082053,2021,M,Y22,22.0,ALL,TOTAL,3483
082053,2022,M,Y22,22.0,ALL,TOTAL,3419
082053,2023,M,Y22,22.0,ALL,TOTAL,3360
082053,2024,M,Y22,22.0,ALL,TOTAL,3341
082053,2021,M,Y23,23.0,ALL,FRGAPO,204
082053,2022,M,Y23,23.0,ALL,FRGAPO,253
082053,2023,M,Y23,23.0,ALL,FRGAPO,252
082053,2024,M,Y23,23.0,ALL,FRGAPO,186
082053,2021,M,Y23,23.0,ALL,ITL,3164
082053,2022,M,Y23,23.0,ALL,ITL,3191
082053,2023,M,Y23,23.0,ALL,ITL,3125
082053,2024,M,Y23,23.0,ALL,ITL,3153
082053,2021,M,Y23,23.0,ALL,TOTAL,3368
082053,2022,M,Y23,23.0,ALL,TOTAL,3444
082053,2023,M,Y23,23.0,ALL,TOTAL,3377
082053,2024,M,Y23,23.0,ALL,TOTAL,3339
082053,2021,M,Y24,24.0,ALL,FRGAPO,155
082053,2022,M,Y24,24.0,ALL,FRGAPO,202
082053,2023,M,Y24,24.0,ALL,FRGAPO,275
082053,2024,M,Y24,24.0,ALL,FRGAPO,276
082053,2021,M,Y24,24.0,ALL,ITL,3223
082053,2022,M,Y24,24.0,ALL,ITL,3129
082053,2023,M,Y24,24.0,ALL,ITL,3170
082053,2024,M,Y24,24.0,ALL,ITL,3109
082053,2021,M,Y24,24.0,ALL,TOTAL,3378
082053,2022,M,Y24,24.0,ALL,TOTAL,3331
082053,2023,M,Y24,24.0,ALL,TOTAL,3445
082053,2024,M,Y24,24.0,ALL,TOTAL,3385
082053,2021,M,Y25,25.0,ALL,FRGAPO,133
082053,2022,M,Y25,25.0,ALL,FRGAPO,156
082053,2023,M,Y25,25.0,ALL,FRGAPO,224
082053,2024,M,Y25,25.0,ALL,FRGAPO,313
082053,2021,M,Y25,25.0,ALL,ITL,3247
082053,2022,M,Y25,25.0,ALL,ITL,3177
082053,2023,M,Y25,25.0,ALL,ITL,3054
082053,2024,M,Y25,25.0,ALL,ITL,3151
082053,2021,M,Y25,25.0,ALL,TOTAL,3380
082053,2022,M,Y25,25.0,ALL,TOTAL,3333
082053,2023,M,Y25,25.0,ALL,TOTAL,3278
082053,2024,M,Y25,25.0,ALL,TOTAL,3464
082053,2021,M,Y26,26.0,ALL,FRGAPO,111
082053,2022,M,Y26,26.0,ALL,FRGAPO,136
082053,2023,M,Y26,26.0,ALL,FRGAPO,179
082053,2024,M,Y26,26.0,ALL,FRGAPO,248
082053,2021,M,Y26,26.0,ALL,ITL,3304
082053,2022,M,Y26,26.0,ALL,ITL,3185
082053,2023,M,Y26,26.0,ALL,ITL,3111
082053,2024,M,Y26,26.0,ALL,ITL,2991
082053,2021,M,Y26,26.0,ALL,TOTAL,3415
082053,2022,M,Y26,26.0,ALL,TOTAL,3321
082053,2023,M,Y26,26.0,ALL,TOTAL,3290
082053,2024,M,Y26,26.0,ALL,TOTAL,3239
082053,2021,M,Y27,27.0,ALL,FRGAPO,115
082053,2022,M,Y27,27.0,ALL,FRGAPO,109
082053,2023,M,Y27,27.0,ALL,FRGAPO,158
082053,2024,M,Y27,27.0,ALL,FRGAPO,220
082053,2021,M,Y27,27.0,ALL,ITL,3203
082053,2022,M,Y27,27.0,ALL,ITL,3218
082053,2023,M,Y27,27.0,ALL,ITL,3124
082053,2024,M,Y27,27.0,ALL,ITL,3061
082053,2021,M,Y27,27.0,ALL,TOTAL,3318
082053,2022,M,Y27,27.0,ALL,TOTAL,3327
082053,2023,M,Y27,27.0,ALL,TOTAL,3282
082053,2024,M,Y27,27.0,ALL,TOTAL,3281
082053,2021,M,Y28,28.0,ALL,FRGAPO,129
082053,2022,M,Y28,28.0,ALL,FRGAPO,126
082053,2023,M,Y28,28.0,ALL,FRGAPO,145
082053,2024,M,Y28,28.0,ALL,FRGAPO,185
082053,2021,M,Y28,28.0,ALL,ITL,3432
082053,2022,M,Y28,28.0,ALL,ITL,3125
082053,2023,M,Y28,28.0,ALL,ITL,3140
082053,2024,M,Y28,28.0,ALL,ITL,3078
082053,2021,M,Y28,28.0,ALL,TOTAL,3561
082053,2022,M,Y28,28.0,ALL,TOTAL,3251
082053,2023,M,Y28,28.0,ALL,TOTAL,3285
082053,2024,M,Y28,28.0,ALL,TOTAL,3263
082053,2021,M,Y29,29.0,ALL,FRGAPO,130
082053,2022,M,Y29,29.0,ALL,FRGAPO,141
082053,2023,M,Y29,29.0,ALL,FRGAPO,159
082053,2024,M,Y29,29.0,ALL,FRGAPO,173
082053,2021,M,Y29,29.0,ALL,ITL,3588
082053,2022,M,Y29,29.0,ALL,ITL,3376
082053,2023,M,Y29,29.0,ALL,ITL,3071
082053,2024,M,Y29,29.0,ALL,ITL,3089
082053,2021,M,Y29,29.0,ALL,TOTAL,3718
082053,2022,M,Y29,29.0,ALL,TOTAL,3517
082053,2023,M,Y29,29.0,ALL,TOTAL,3230
082053,2024,M,Y29,29.0,ALL,TOTAL,3262
082053,2021,M,Y3,3.0,ALL,FRGAPO,157
082053,2022,M,Y3,3.0,ALL,FRGAPO,156
082053,2023,M,Y3,3.0,ALL,FRGAPO,140
082053,2024,M,Y3,3.0,ALL,FRGAPO,153
082053,2021,M,Y3,3.0,ALL,ITL,2734
082053,2022,M,Y3,3.0,ALL,ITL,2646
082053,2023,M,Y3,3.0,ALL,ITL,2510
082053,2024,M,Y3,3.0,ALL,ITL,2481
082053,2021,M,Y3,3.0,ALL,TOTAL,2891
082053,2022,M,Y3,3.0,ALL,TOTAL,2802
082053,2023,M,Y3,3.0,ALL,TOTAL,2650
082053,2024,M,Y3,3.0,ALL,TOTAL,2634
082053,2021,M,Y30,30.0,ALL,FRGAPO,142
082053,2022,M,Y30,30.0,ALL,FRGAPO,141
082053,2023,M,Y30,30.0,ALL,FRGAPO,167
082053,2024,M,Y30,30.0,ALL,FRGAPO,194
082053,2021,M,Y30,30.0,ALL,ITL,3480
082053,2022,M,Y30,30.0,ALL,ITL,3481
082053,2023,M,Y30,30.0,ALL,ITL,3313
082053,2024,M,Y30,30.0,ALL,ITL,3038
082053,2021,M,Y30,30.0,ALL,TOTAL,3622
082053,2022,M,Y30,30.0,ALL,TOTAL,3622
082053,2023,M,Y30,30.0,ALL,TOTAL,3480
082053,2024,M,Y30,30.0,ALL,TOTAL,3232
082053,2021,M,Y31,31.0,ALL,FRGAPO,185
082053,2022,M,Y31,31.0,ALL,FRGAPO,149
082053,2023,M,Y31,31.0,ALL,FRGAPO,171
082053,2024,M,Y31,31.0,ALL,FRGAPO,191
082053,2021,M,Y31,31.0,ALL,ITL,3436
082053,2022,M,Y31,31.0,ALL,ITL,3455
082053,2023,M,Y31,31.0,ALL,ITL,3452
082053,2024,M,Y31,31.0,ALL,ITL,3265
082053,2021,M,Y31,31.0,ALL,TOTAL,3621
082053,2022,M,Y31,31.0,ALL,TOTAL,3604
082053,2023,M,Y31,31.0,ALL,TOTAL,3623
082053,2024,M,Y31,31.0,ALL,TOTAL,3456
082053,2021,M,Y32,32.0,ALL,FRGAPO,187
082053,2022,M,Y32,32.0,ALL,FRGAPO,191
082053,2023,M,Y32,32.0,ALL,FRGAPO,158
082053,2024,M,Y32,32.0,ALL,FRGAPO,184
082053,2021,M,Y32,32.0,ALL,ITL,3477
082053,2022,M,Y32,32.0,ALL,ITL,3422
082053,2023,M,Y32,32.0,ALL,ITL,3426
082053,2024,M,Y32,32.0,ALL,ITL,3451
082053,2021,M,Y32,32.0,ALL,TOTAL,3664
082053,2022,M,Y32,32.0,ALL,TOTAL,3613
082053,2023,M,Y32,32.0,ALL,TOTAL,3584
082053,2024,M,Y32,32.0,ALL,TOTAL,3635
082053,2021,M,Y33,33.0,ALL,FRGAPO,204
082053,2022,M,Y33,33.0,ALL,FRGAPO,179
082053,2023,M,Y33,33.0,ALL,FRGAPO,216
082053,2024,M,Y33,33.0,ALL,FRGAPO,170
082053,2021,M,Y33,33.0,ALL,ITL,3490
082053,2022,M,Y33,33.0,ALL,ITL,3456
082053,2023,M,Y33,33.0,ALL,ITL,3397
082053,2024,M,Y33,33.0,ALL,ITL,3415
082053,2021,M,Y33,33.0,ALL,TOTAL,3694
082053,2022,M,Y33,33.0,ALL,TOTAL,3635
082053,2023,M,Y33,33.0,ALL,TOTAL,3613
082053,2024,M,Y33,33.0,ALL,TOTAL,3585
082053,2021,M,Y34,34.0,ALL,FRGAPO,228
082053,2022,M,Y34,34.0,ALL,FRGAPO,210
082053,2023,M,Y34,34.0,ALL,FRGAPO,203
082053,2024,M,Y34,34.0,ALL,FRGAPO,241
082053,2021,M,Y34,34.0,ALL,ITL,3257
082053,2022,M,Y34,34.0,ALL,ITL,3463
082053,2023,M,Y34,34.0,ALL,ITL,3455
082053,2024,M,Y34,34.0,ALL,ITL,3359
082053,2021,M,Y34,34.0,ALL,TOTAL,3485
082053,2022,M,Y34,34.0,ALL,TOTAL,3673
082053,2023,M,Y34,34.0,ALL,TOTAL,3658
082053,2024,M,Y34,34.0,ALL,TOTAL,3600
082053,2021,M,Y35,35.0,ALL,FRGAPO,238
082053,2022,M,Y35,35.0,ALL,FRGAPO,220
082053,2023,M,Y35,35.0,ALL,FRGAPO,224
082053,2024,M,Y35,35.0,ALL,FRGAPO,228
082053,2021,M,Y35,35.0,ALL,ITL,3347
082053,2022,M,Y35,35.0,ALL,ITL,3251
082053,2023,M,Y35,35.0,ALL,ITL,3465
082053,2024,M,Y35,35.0,ALL,ITL,3461
082053,2021,M,Y35,35.0,ALL,TOTAL,3585
082053,2022,M,Y35,35.0,ALL,TOTAL,3471
082053,2023,M,Y35,35.0,ALL,TOTAL,3689
082053,2024,M,Y35,35.0,ALL,TOTAL,3689
082053,2021,M,Y36,36.0,ALL,FRGAPO,265
082053,2022,M,Y36,36.0,ALL,FRGAPO,234
082053,2023,M,Y36,36.0,ALL,FRGAPO,228
082053,2024,M,Y36,36.0,ALL,FRGAPO,238
082053,2021,M,Y36,36.0,ALL,ITL,3348
082053,2022,M,Y36,36.0,ALL,ITL,3330
082053,2023,M,Y36,36.0,ALL,ITL,3250
082053,2024,M,Y36,36.0,ALL,ITL,3460
082053,2021,M,Y36,36.0,ALL,TOTAL,3613
082053,2022,M,Y36,36.0,ALL,TOTAL,3564
082053,2023,M,Y36,36.0,ALL,TOTAL,3478
082053,2024,M,Y36,36.0,ALL,TOTAL,3698
082053,2021,M,Y37,37.0,ALL,FRGAPO,302
082053,2022,M,Y37,37.0,ALL,FRGAPO,263
082053,2023,M,Y37,37.0,ALL,FRGAPO,254
082053,2024,M,Y37,37.0,ALL,FRGAPO,243
082053,2021,M,Y37,37.0,ALL,ITL,3433
082053,2022,M,Y37,37.0,ALL,ITL,3345
082053,2023,M,Y37,37.0,ALL,ITL,3305
082053,2024,M,Y37,37.0,ALL,ITL,3233
082053,2021,M,Y37,37.0,ALL,TOTAL,3735
082053,2022,M,Y37,37.0,ALL,TOTAL,3608
082053,2023,M,Y37,37.0,ALL,TOTAL,3559
082053,2024,M,Y37,37.0,ALL,TOTAL,3476
082053,2021,M,Y38,38.0,ALL,FRGAPO,293
082053,2022,M,Y38,38.0,ALL,FRGAPO,300
082053,2023,M,Y38,38.0,ALL,FRGAPO,254
082053,2024,M,Y38,38.0,ALL,FRGAPO,266
082053,2021,M,Y38,38.0,ALL,ITL,3381
082053,2022,M,Y38,38.0,ALL,ITL,3424
082053,2023,M,Y38,38.0,ALL,ITL,3333
082053,2024,M,Y38,38.0,ALL,ITL,3297
082053,2021,M,Y38,38.0,ALL,TOTAL,3674
082053,2022,M,Y38,38.0,ALL,TOTAL,3724
082053,2023,M,Y38,38.0,ALL,TOTAL,3587
082053,2024,M,Y38,38.0,ALL,TOTAL,3563
082053,2021,M,Y39,39.0,ALL,FRGAPO,288
082053,2022,M,Y39,39.0,ALL,FRGAPO,285
082053,2023,M,Y39,39.0,ALL,FRGAPO,283
082053,2024,M,Y39,39.0,ALL,FRGAPO,260
082053,2021,M,Y39,39.0,ALL,ITL,3487
082053,2022,M,Y39,39.0,ALL,ITL,3378
082053,2023,M,Y39,39.0,ALL,ITL,3452
082053,2024,M,Y39,39.0,ALL,ITL,3335
082053,2021,M,Y39,39.0,ALL,TOTAL,3775
082053,2022,M,Y39,39.0,ALL,TOTAL,3663
082053,2023,M,Y39,39.0,ALL,TOTAL,3735
082053,2024,M,Y39,39.0,ALL,TOTAL,3595
082053,2021,M,Y4,4.0,ALL,FRGAPO,172
082053,2022,M,Y4,4.0,ALL,FRGAPO,152
082053,2023,M,Y4,4.0,ALL,FRGAPO,154
082053,2024,M,Y4,4.0,ALL,FRGAPO,143
082053,2021,M,Y4,4.0,ALL,ITL,2744
082053,2022,M,Y4,4.0,ALL,ITL,2727
082053,2023,M,Y4,4.0,ALL,ITL,2642
082053,2024,M,Y4,4.0,ALL,ITL,2528
082053,2021,M,Y4,4.0,ALL,TOTAL,2916
082053,2022,M,Y4,4.0,ALL,TOTAL,2879
082053,2023,M,Y4,4.0,ALL,TOTAL,2796
082053,2024,M,Y4,4.0,ALL,TOTAL,2671
082053,2021,M,Y40,40.0,ALL,FRGAPO,282
082053,2022,M,Y40,40.0,ALL,FRGAPO,293
082053,2023,M,Y40,40.0,ALL,FRGAPO,280
082053,2024,M,Y40,40.0,ALL,FRGAPO,295
082053,2021,M,Y40,40.0,ALL,ITL,3513
082053,2022,M,Y40,40.0,ALL,ITL,3493
082053,2023,M,Y40,40.0,ALL,ITL,3400
082053,2024,M,Y40,40.0,ALL,ITL,3444
082053,2021,M,Y40,40.0,ALL,TOTAL,3795
082053,2022,M,Y40,40.0,ALL,TOTAL,3786
082053,2023,M,Y40,40.0,ALL,TOTAL,3680
082053,2024,M,Y40,40.0,ALL,TOTAL,3739
082053,2021,M,Y41,41.0,ALL,FRGAPO,357
082053,2022,M,Y41,41.0,ALL,FRGAPO,288
082053,2023,M,Y41,41.0,ALL,FRGAPO,283
082053,2024,M,Y41,41.0,ALL,FRGAPO,274
082053,2021,M,Y41,41.0,ALL,ITL,3714
082053,2022,M,Y41,41.0,ALL,ITL,3501
082053,2023,M,Y41,41.0,ALL,ITL,3521
082053,2024,M,Y41,41.0,ALL,ITL,3402
082053,2021,M,Y41,41.0,ALL,TOTAL,4071
082053,2022,M,Y41,41.0,ALL,TOTAL,3789
082053,2023,M,Y41,41.0,ALL,TOTAL,3804
082053,2024,M,Y41,41.0,ALL,TOTAL,3676
082053,2021,M,Y42,42.0,ALL,FRGAPO,349
082053,2022,M,Y42,42.0,ALL,FRGAPO,349
082053,2023,M,Y42,42.0,ALL,FRGAPO,270
082053,2024,M,Y42,42.0,ALL,FRGAPO,294
082053,2021,M,Y42,42.0,ALL,ITL,3750
082053,2022,M,Y42,42.0,ALL,ITL,3720
082053,2023,M,Y42,42.0,ALL,ITL,3528
082053,2024,M,Y42,42.0,ALL,ITL,3513
082053,2021,M,Y42,42.0,ALL,TOTAL,4099
082053,2022,M,Y42,42.0,ALL,TOTAL,4069
082053,2023,M,Y42,42.0,ALL,TOTAL,3798
082053,2024,M,Y42,42.0,ALL,TOTAL,3807
082053,2021,M,Y43,43.0,ALL,FRGAPO,340
082053,2022,M,Y43,43.0,ALL,FRGAPO,350
082053,2023,M,Y43,43.0,ALL,FRGAPO,341
082053,2024,M,Y43,43.0,ALL,FRGAPO,273
082053,2021,M,Y43,43.0,ALL,ITL,3798
082053,2022,M,Y43,43.0,ALL,ITL,3750
082053,2023,M,Y43,43.0,ALL,ITL,3750
082053,2024,M,Y43,43.0,ALL,ITL,3521
082053,2021,M,Y43,43.0,ALL,TOTAL,4138
082053,2022,M,Y43,43.0,ALL,TOTAL,4100
082053,2023,M,Y43,43.0,ALL,TOTAL,4091
082053,2024,M,Y43,43.0,ALL,TOTAL,3794
082053,2021,M,Y44,44.0,ALL,FRGAPO,277
082053,2022,M,Y44,44.0,ALL,FRGAPO,331
082053,2023,M,Y44,44.0,ALL,FRGAPO,332
082053,2024,M,Y44,44.0,ALL,FRGAPO,341
082053,2021,M,Y44,44.0,ALL,ITL,3872
082053,2022,M,Y44,44.0,ALL,ITL,3785
082053,2023,M,Y44,44.0,ALL,ITL,3795
082053,2024,M,Y44,44.0,ALL,ITL,3751
082053,2021,M,Y44,44.0,ALL,TOTAL,4149
082053,2022,M,Y44,44.0,ALL,TOTAL,4116
082053,2023,M,Y44,44.0,ALL,TOTAL,4127
082053,2024,M,Y44,44.0,ALL,TOTAL,4092
082053,2021,M,Y45,45.0,ALL,FRGAPO,289
082053,2022,M,Y45,45.0,ALL,FRGAPO,267
082053,2023,M,Y45,45.0,ALL,FRGAPO,318
082053,2024,M,Y45,45.0,ALL,FRGAPO,326
082053,2021,M,Y45,45.0,ALL,ITL,4031
082053,2022,M,Y45,45.0,ALL,ITL,3876
082053,2023,M,Y45,45.0,ALL,ITL,3793
082053,2024,M,Y45,45.0,ALL,ITL,3805
082053,2021,M,Y45,45.0,ALL,TOTAL,4320
082053,2022,M,Y45,45.0,ALL,TOTAL,4143
082053,2023,M,Y45,45.0,ALL,TOTAL,4111
082053,2024,M,Y45,45.0,ALL,TOTAL,4131
082053,2021,M,Y46,46.0,ALL,FRGAPO,301
082053,2022,M,Y46,46.0,ALL,FRGAPO,290
082053,2023,M,Y46,46.0,ALL,FRGAPO,252
082053,2024,M,Y46,46.0,ALL,FRGAPO,310
082053,2021,M,Y46,46.0,ALL,ITL,4279
082053,2022,M,Y46,46.0,ALL,ITL,4016
082053,2023,M,Y46,46.0,ALL,ITL,3874
082053,2024,M,Y46,46.0,ALL,ITL,3802
082053,2021,M,Y46,46.0,ALL,TOTAL,4580
082053,2022,M,Y46,46.0,ALL,TOTAL,4306
082053,2023,M,Y46,46.0,ALL,TOTAL,4126
082053,2024,M,Y46,46.0,ALL,TOTAL,4112
082053,2021,M,Y47,47.0,ALL,FRGAPO,253
082053,2022,M,Y47,47.0,ALL,FRGAPO,302
082053,2023,M,Y47,47.0,ALL,FRGAPO,270
082053,2024,M,Y47,47.0,ALL,FRGAPO,252
082053,2021,M,Y47,47.0,ALL,ITL,4553
082053,2022,M,Y47,47.0,ALL,ITL,4268
082053,2023,M,Y47,47.0,ALL,ITL,4031
082053,2024,M,Y47,47.0,ALL,ITL,3869
082053,2021,M,Y47,47.0,ALL,TOTAL,4806
082053,2022,M,Y47,47.0,ALL,TOTAL,4570
082053,2023,M,Y47,47.0,ALL,TOTAL,4301
082053,2024,M,Y47,47.0,ALL,TOTAL,4121
082053,2021,M,Y48,48.0,ALL,FRGAPO,242
082053,2022,M,Y48,48.0,ALL,FRGAPO,249
082053,2023,M,Y48,48.0,ALL,FRGAPO,285
082053,2024,M,Y48,48.0,ALL,FRGAPO,263
082053,2021,M,Y48,48.0,ALL,ITL,4339
082053,2022,M,Y48,48.0,ALL,ITL,4557
082053,2023,M,Y48,48.0,ALL,ITL,4279
082053,2024,M,Y48,48.0,ALL,ITL,4014
082053,2021,M,Y48,48.0,ALL,TOTAL,4581
082053,2022,M,Y48,48.0,ALL,TOTAL,4806
082053,2023,M,Y48,48.0,ALL,TOTAL,4564
082053,2024,M,Y48,48.0,ALL,TOTAL,4277
082053,2021,M,Y49,49.0,ALL,FRGAPO,251
082053,2022,M,Y49,49.0,ALL,FRGAPO,239
082053,2023,M,Y49,49.0,ALL,FRGAPO,239
082053,2024,M,Y49,49.0,ALL,FRGAPO,276
082053,2021,M,Y49,49.0,ALL,ITL,4427
082053,2022,M,Y49,49.0,ALL,ITL,4321
082053,2023,M,Y49,49.0,ALL,ITL,4556
082053,2024,M,Y49,49.0,ALL,ITL,4263
082053,2021,M,Y49,49.0,ALL,TOTAL,4678
082053,2022,M,Y49,49.0,ALL,TOTAL,4560
082053,2023,M,Y49,49.0,ALL,TOTAL,4795
082053,2024,M,Y49,49.0,ALL,TOTAL,4539
082053,2021,M,Y5,5.0,ALL,FRGAPO,156
082053,2022,M,Y5,5.0,ALL,FRGAPO,166
082053,2023,M,Y5,5.0,ALL,FRGAPO,149
082053,2024,M,Y5,5.0,ALL,FRGAPO,150
082053,2021,M,Y5,5.0,ALL,ITL,2664
082053,2022,M,Y5,5.0,ALL,ITL,2724
082053,2023,M,Y5,5.0,ALL,ITL,2738
082053,2024,M,Y5,5.0,ALL,ITL,2649
082053,2021,M,Y5,5.0,ALL,TOTAL,2820
082053,2022,M,Y5,5.0,ALL,TOTAL,2890
082053,2023,M,Y5,5.0,ALL,TOTAL,2887
082053,2024,M,Y5,5.0,ALL,TOTAL,2799
082053,2021,M,Y50,50.0,ALL,FRGAPO,193
082053,2022,M,Y50,50.0,ALL,FRGAPO,247
082053,2023,M,Y50,50.0,ALL,FRGAPO,223
082053,2024,M,Y50,50.0,ALL,FRGAPO,236
082053,2021,M,Y50,50.0,ALL,ITL,4475
082053,2022,M,Y50,50.0,ALL,ITL,4408
082053,2023,M,Y50,50.0,ALL,ITL,4319
082053,2024,M,Y50,50.0,ALL,ITL,4548
082053,2021,M,Y50,50.0,ALL,TOTAL,4668
082053,2022,M,Y50,50.0,ALL,TOTAL,4655
082053,2023,M,Y50,50.0,ALL,TOTAL,4542
082053,2024,M,Y50,50.0,ALL,TOTAL,4784
082053,2021,M,Y51,51.0,ALL,FRGAPO,241
082053,2022,M,Y51,51.0,ALL,FRGAPO,188
082053,2023,M,Y51,51.0,ALL,FRGAPO,241
082053,2024,M,Y51,51.0,ALL,FRGAPO,213
082053,2021,M,Y51,51.0,ALL,ITL,4361
082053,2022,M,Y51,51.0,ALL,ITL,4452
082053,2023,M,Y51,51.0,ALL,ITL,4407
082053,2024,M,Y51,51.0,ALL,ITL,4341
082053,2021,M,Y51,51.0,ALL,TOTAL,4602
082053,2022,M,Y51,51.0,ALL,TOTAL,4640
082053,2023,M,Y51,51.0,ALL,TOTAL,4648
082053,2024,M,Y51,51.0,ALL,TOTAL,4554
082053,2021,M,Y52,52.0,ALL,FRGAPO,216
082053,2022,M,Y52,52.0,ALL,FRGAPO,229
082053,2023,M,Y52,52.0,ALL,FRGAPO,180
082053,2024,M,Y52,52.0,ALL,FRGAPO,234
082053,2021,M,Y52,52.0,ALL,ITL,4521
082053,2022,M,Y52,52.0,ALL,ITL,4354
082053,2023,M,Y52,52.0,ALL,ITL,4442
082053,2024,M,Y52,52.0,ALL,ITL,4411
082053,2021,M,Y52,52.0,ALL,TOTAL,4737
082053,2022,M,Y52,52.0,ALL,TOTAL,4583
082053,2023,M,Y52,52.0,ALL,TOTAL,4622
082053,2024,M,Y52,52.0,ALL,TOTAL,4645
082053,2021,M,Y53,53.0,ALL,FRGAPO,194
082053,2022,M,Y53,53.0,ALL,FRGAPO,209
082053,2023,M,Y53,53.0,ALL,FRGAPO,216
082053,2024,M,Y53,53.0,ALL,FRGAPO,168
082053,2021,M,Y53,53.0,ALL,ITL,4357
082053,2022,M,Y53,53.0,ALL,ITL,4487
082053,2023,M,Y53,53.0,ALL,ITL,4347
082053,2024,M,Y53,53.0,ALL,ITL,4427
082053,2021,M,Y53,53.0,ALL,TOTAL,4551
082053,2022,M,Y53,53.0,ALL,TOTAL,4696
082053,2023,M,Y53,53.0,ALL,TOTAL,4563
082053,2024,M,Y53,53.0,ALL,TOTAL,4595
082053,2021,M,Y54,54.0,ALL,FRGAPO,188
082053,2022,M,Y54,54.0,ALL,FRGAPO,189
082053,2023,M,Y54,54.0,ALL,FRGAPO,201
082053,2024,M,Y54,54.0,ALL,FRGAPO,202
082053,2021,M,Y54,54.0,ALL,ITL,4402
082053,2022,M,Y54,54.0,ALL,ITL,4344
082053,2023,M,Y54,54.0,ALL,ITL,4480
082053,2024,M,Y54,54.0,ALL,ITL,4327
082053,2021,M,Y54,54.0,ALL,TOTAL,4590
082053,2022,M,Y54,54.0,ALL,TOTAL,4533
082053,2023,M,Y54,54.0,ALL,TOTAL,4681
082053,2024,M,Y54,54.0,ALL,TOTAL,4529
082053,2021,M,Y55,55.0,ALL,FRGAPO,165
082053,2022,M,Y55,55.0,ALL,FRGAPO,192
082053,2023,M,Y55,55.0,ALL,FRGAPO,180
082053,2024,M,Y55,55.0,ALL,FRGAPO,194
082053,2021,M,Y55,55.0,ALL,ITL,4524
082053,2022,M,Y55,55.0,ALL,ITL,4395
082053,2023,M,Y55,55.0,ALL,ITL,4344
082053,2024,M,Y55,55.0,ALL,ITL,4465
082053,2021,M,Y55,55.0,ALL,TOTAL,4689
082053,2022,M,Y55,55.0,ALL,TOTAL,4587
082053,2023,M,Y55,55.0,ALL,TOTAL,4524
082053,2024,M,Y55,55.0,ALL,TOTAL,4659
082053,2021,M,Y56,56.0,ALL,FRGAPO,171
082053,2022,M,Y56,56.0,ALL,FRGAPO,164
082053,2023,M,Y56,56.0,ALL,FRGAPO,171
082053,2024,M,Y56,56.0,ALL,FRGAPO,178
082053,2021,M,Y56,56.0,ALL,ITL,4584
082053,2022,M,Y56,56.0,ALL,ITL,4508
082053,2023,M,Y56,56.0,ALL,ITL,4383
082053,2024,M,Y56,56.0,ALL,ITL,4319
082053,2021,M,Y56,56.0,ALL,TOTAL,4755
082053,2022,M,Y56,56.0,ALL,TOTAL,4672
082053,2023,M,Y56,56.0,ALL,TOTAL,4554
082053,2024,M,Y56,56.0,ALL,TOTAL,4497
082053,2021,M,Y57,57.0,ALL,FRGAPO,134
082053,2022,M,Y57,57.0,ALL,FRGAPO,170
082053,2023,M,Y57,57.0,ALL,FRGAPO,154
082053,2024,M,Y57,57.0,ALL,FRGAPO,168
082053,2021,M,Y57,57.0,ALL,ITL,4648
082053,2022,M,Y57,57.0,ALL,ITL,4541
082053,2023,M,Y57,57.0,ALL,ITL,4478
082053,2024,M,Y57,57.0,ALL,ITL,4361
082053,2021,M,Y57,57.0,ALL,TOTAL,4782
082053,2022,M,Y57,57.0,ALL,TOTAL,4711
082053,2023,M,Y57,57.0,ALL,TOTAL,4632
082053,2024,M,Y57,57.0,ALL,TOTAL,4529
082053,2021,M,Y58,58.0,ALL,FRGAPO,131
082053,2022,M,Y58,58.0,ALL,FRGAPO,130
082053,2023,M,Y58,58.0,ALL,FRGAPO,169
082053,2024,M,Y58,58.0,ALL,FRGAPO,149
082053,2021,M,Y58,58.0,ALL,ITL,4400
082053,2022,M,Y58,58.0,ALL,ITL,4644
082053,2023,M,Y58,58.0,ALL,ITL,4503
082053,2024,M,Y58,58.0,ALL,ITL,4456
082053,2021,M,Y58,58.0,ALL,TOTAL,4531
082053,2022,M,Y58,58.0,ALL,TOTAL,4774
082053,2023,M,Y58,58.0,ALL,TOTAL,4672
082053,2024,M,Y58,58.0,ALL,TOTAL,4605
082053,2021,M,Y59,59.0,ALL,FRGAPO,130
082053,2022,M,Y59,59.0,ALL,FRGAPO,121
082053,2023,M,Y59,59.0,ALL,FRGAPO,126
082053,2024,M,Y59,59.0,ALL,FRGAPO,170
082053,2021,M,Y59,59.0,ALL,ITL,4322
082053,2022,M,Y59,59.0,ALL,ITL,4375
082053,2023,M,Y59,59.0,ALL,ITL,4599
082053,2024,M,Y59,59.0,ALL,ITL,4473
082053,2021,M,Y59,59.0,ALL,TOTAL,4452
082053,2022,M,Y59,59.0,ALL,TOTAL,4496
082053,2023,M,Y59,59.0,ALL,TOTAL,4725
082053,2024,M,Y59,59.0,ALL,TOTAL,4643
082053,2021,M,Y6,6.0,ALL,FRGAPO,168
082053,2022,M,Y6,6.0,ALL,FRGAPO,161
082053,2023,M,Y6,6.0,ALL,FRGAPO,169
082053,2024,M,Y6,6.0,ALL,FRGAPO,145
082053,2021,M,Y6,6.0,ALL,ITL,2899
082053,2022,M,Y6,6.0,ALL,ITL,2656
082053,2023,M,Y6,6.0,ALL,ITL,2746
082053,2024,M,Y6,6.0,ALL,ITL,2724
082053,2021,M,Y6,6.0,ALL,TOTAL,3067
082053,2022,M,Y6,6.0,ALL,TOTAL,2817
082053,2023,M,Y6,6.0,ALL,TOTAL,2915
082053,2024,M,Y6,6.0,ALL,TOTAL,2869
082053,2021,M,Y60,60.0,ALL,FRGAPO,100
082053,2022,M,Y60,60.0,ALL,FRGAPO,126
082053,2023,M,Y60,60.0,ALL,FRGAPO,113
082053,2024,M,Y60,60.0,ALL,FRGAPO,122
082053,2021,M,Y60,60.0,ALL,ITL,4246
082053,2022,M,Y60,60.0,ALL,ITL,4301
082053,2023,M,Y60,60.0,ALL,ITL,4347
082053,2024,M,Y60,60.0,ALL,ITL,4572
082053,2021,M,Y60,60.0,ALL,TOTAL,4346
082053,2022,M,Y60,60.0,ALL,TOTAL,4427
082053,2023,M,Y60,60.0,ALL,TOTAL,4460
082053,2024,M,Y60,60.0,ALL,TOTAL,4694
082053,2021,M,Y61,61.0,ALL,FRGAPO,116
082053,2022,M,Y61,61.0,ALL,FRGAPO,99
082053,2023,M,Y61,61.0,ALL,FRGAPO,118
082053,2024,M,Y61,61.0,ALL,FRGAPO,113
082053,2021,M,Y61,61.0,ALL,ITL,3964
082053,2022,M,Y61,61.0,ALL,ITL,4221
082053,2023,M,Y61,61.0,ALL,ITL,4291
082053,2024,M,Y61,61.0,ALL,ITL,4306
082053,2021,M,Y61,61.0,ALL,TOTAL,4080
082053,2022,M,Y61,61.0,ALL,TOTAL,4320
082053,2023,M,Y61,61.0,ALL,TOTAL,4409
082053,2024,M,Y61,61.0,ALL,TOTAL,4419
082053,2021,M,Y62,62.0,ALL,FRGAPO,103
082053,2022,M,Y62,62.0,ALL,FRGAPO,110
082053,2023,M,Y62,62.0,ALL,FRGAPO,96
082053,2024,M,Y62,62.0,ALL,FRGAPO,114
082053,2021,M,Y62,62.0,ALL,ITL,3932
082053,2022,M,Y62,62.0,ALL,ITL,3936
082053,2023,M,Y62,62.0,ALL,ITL,4171
082053,2024,M,Y62,62.0,ALL,ITL,4239
082053,2021,M,Y62,62.0,ALL,TOTAL,4035
082053,2022,M,Y62,62.0,ALL,TOTAL,4046
082053,2023,M,Y62,62.0,ALL,TOTAL,4267
082053,2024,M,Y62,62.0,ALL,TOTAL,4353
082053,2021,M,Y63,63.0,ALL,FRGAPO,83
082053,2022,M,Y63,63.0,ALL,FRGAPO,99
082053,2023,M,Y63,63.0,ALL,FRGAPO,109
082053,2024,M,Y63,63.0,ALL,FRGAPO,90
082053,2021,M,Y63,63.0,ALL,ITL,3865
082053,2022,M,Y63,63.0,ALL,ITL,3884
082053,2023,M,Y63,63.0,ALL,ITL,3898
082053,2024,M,Y63,63.0,ALL,ITL,4113
082053,2021,M,Y63,63.0,ALL,TOTAL,3948
082053,2022,M,Y63,63.0,ALL,TOTAL,3983
082053,2023,M,Y63,63.0,ALL,TOTAL,4007
082053,2024,M,Y63,63.0,ALL,TOTAL,4203
082053,2021,M,Y64,64.0,ALL,FRGAPO,71
082053,2022,M,Y64,64.0,ALL,FRGAPO,80
082053,2023,M,Y64,64.0,ALL,FRGAPO,91
082053,2024,M,Y64,64.0,ALL,FRGAPO,113
082053,2021,M,Y64,64.0,ALL,ITL,3908
082053,2022,M,Y64,64.0,ALL,ITL,3835
082053,2023,M,Y64,64.0,ALL,ITL,3842
082053,2024,M,Y64,64.0,ALL,ITL,3881
082053,2021,M,Y64,64.0,ALL,TOTAL,3979
082053,2022,M,Y64,64.0,ALL,TOTAL,3915
082053,2023,M,Y64,64.0,ALL,TOTAL,3933
082053,2024,M,Y64,64.0,ALL,TOTAL,3994
082053,2021,M,Y65,65.0,ALL,FRGAPO,72
082053,2022,M,Y65,65.0,ALL,FRGAPO,64
082053,2023,M,Y65,65.0,ALL,FRGAPO,70
082053,2024,M,Y65,65.0,ALL,FRGAPO,92
082053,2021,M,Y65,65.0,ALL,ITL,3740
082053,2022,M,Y65,65.0,ALL,ITL,3859
082053,2023,M,Y65,65.0,ALL,ITL,3794
082053,2024,M,Y65,65.0,ALL,ITL,3802
082053,2021,M,Y65,65.0,ALL,TOTAL,3812
082053,2022,M,Y65,65.0,ALL,TOTAL,3923
082053,2023,M,Y65,65.0,ALL,TOTAL,3864
082053,2024,M,Y65,65.0,ALL,TOTAL,3894
082053,2021,M,Y66,66.0,ALL,FRGAPO,41
082053,2022,M,Y66,66.0,ALL,FRGAPO,70
082053,2023,M,Y66,66.0,ALL,FRGAPO,61
082053,2024,M,Y66,66.0,ALL,FRGAPO,68
082053,2021,M,Y66,66.0,ALL,ITL,3727
082053,2022,M,Y66,66.0,ALL,ITL,3710
082053,2023,M,Y66,66.0,ALL,ITL,3810
082053,2024,M,Y66,66.0,ALL,ITL,3747
082053,2021,M,Y66,66.0,ALL,TOTAL,3768
082053,2022,M,Y66,66.0,ALL,TOTAL,3780
082053,2023,M,Y66,66.0,ALL,TOTAL,3871
082053,2024,M,Y66,66.0,ALL,TOTAL,3815
082053,2021,M,Y67,67.0,ALL,FRGAPO,44
082053,2022,M,Y67,67.0,ALL,FRGAPO,39
082053,2023,M,Y67,67.0,ALL,FRGAPO,66
082053,2024,M,Y67,67.0,ALL,FRGAPO,53
082053,2021,M,Y67,67.0,ALL,ITL,3610
082053,2022,M,Y67,67.0,ALL,ITL,3662
082053,2023,M,Y67,67.0,ALL,ITL,3660
082053,2024,M,Y67,67.0,ALL,ITL,3767
082053,2021,M,Y67,67.0,ALL,TOTAL,3654
082053,2022,M,Y67,67.0,ALL,TOTAL,3701
082053,2023,M,Y67,67.0,ALL,TOTAL,3726
082053,2024,M,Y67,67.0,ALL,TOTAL,3820
082053,2021,M,Y68,68.0,ALL,FRGAPO,35
082053,2022,M,Y68,68.0,ALL,FRGAPO,42
082053,2023,M,Y68,68.0,ALL,FRGAPO,38
082053,2024,M,Y68,68.0,ALL,FRGAPO,68
082053,2021,M,Y68,68.0,ALL,ITL,3469
082053,2022,M,Y68,68.0,ALL,ITL,3550
082053,2023,M,Y68,68.0,ALL,ITL,3621
082053,2024,M,Y68,68.0,ALL,ITL,3612
082053,2021,M,Y68,68.0,ALL,TOTAL,3504
082053,2022,M,Y68,68.0,ALL,TOTAL,3592
082053,2023,M,Y68,68.0,ALL,TOTAL,3659
082053,2024,M,Y68,68.0,ALL,TOTAL,3680
082053,2021,M,Y69,69.0,ALL,FRGAPO,32
082053,2022,M,Y69,69.0,ALL,FRGAPO,34
082053,2023,M,Y69,69.0,ALL,FRGAPO,42
082053,2024,M,Y69,69.0,ALL,FRGAPO,37
082053,2021,M,Y69,69.0,ALL,ITL,3387
082053,2022,M,Y69,69.0,ALL,ITL,3398
082053,2023,M,Y69,69.0,ALL,ITL,3489
082053,2024,M,Y69,69.0,ALL,ITL,3583
082053,2021,M,Y69,69.0,ALL,TOTAL,3419
082053,2022,M,Y69,69.0,ALL,TOTAL,3432
082053,2023,M,Y69,69.0,ALL,TOTAL,3531
082053,2024,M,Y69,69.0,ALL,TOTAL,3620
082053,2021,M,Y7,7.0,ALL,FRGAPO,152
082053,2022,M,Y7,7.0,ALL,FRGAPO,167
082053,2023,M,Y7,7.0,ALL,FRGAPO,160
082053,2024,M,Y7,7.0,ALL,FRGAPO,174
082053,2021,M,Y7,7.0,ALL,ITL,2967
082053,2022,M,Y7,7.0,ALL,ITL,2902
082053,2023,M,Y7,7.0,ALL,ITL,2659
082053,2024,M,Y7,7.0,ALL,ITL,2752
082053,2021,M,Y7,7.0,ALL,TOTAL,3119
082053,2022,M,Y7,7.0,ALL,TOTAL,3069
082053,2023,M,Y7,7.0,ALL,TOTAL,2819
082053,2024,M,Y7,7.0,ALL,TOTAL,2926
082053,2021,M,Y70,70.0,ALL,FRGAPO,37
082053,2022,M,Y70,70.0,ALL,FRGAPO,30
082053,2023,M,Y70,70.0,ALL,FRGAPO,37
082053,2024,M,Y70,70.0,ALL,FRGAPO,43
082053,2021,M,Y70,70.0,ALL,ITL,3284
082053,2022,M,Y70,70.0,ALL,ITL,3316
082053,2023,M,Y70,70.0,ALL,ITL,3331
082053,2024,M,Y70,70.0,ALL,ITL,3417
082053,2021,M,Y70,70.0,ALL,TOTAL,3321
082053,2022,M,Y70,70.0,ALL,TOTAL,3346
082053,2023,M,Y70,70.0,ALL,TOTAL,3368
082053,2024,M,Y70,70.0,ALL,TOTAL,3460
082053,2021,M,Y71,71.0,ALL,FRGAPO,21
082053,2022,M,Y71,71.0,ALL,FRGAPO,35
082053,2023,M,Y71,71.0,ALL,FRGAPO,27
082053,2024,M,Y71,71.0,ALL,FRGAPO,36
082053,2021,M,Y71,71.0,ALL,ITL,3483
082053,2022,M,Y71,71.0,ALL,ITL,3204
082053,2023,M,Y71,71.0,ALL,ITL,3221
082053,2024,M,Y71,71.0,ALL,ITL,3271
082053,2021,M,Y71,71.0,ALL,TOTAL,3504
082053,2022,M,Y71,71.0,ALL,TOTAL,3239
082053,2023,M,Y71,71.0,ALL,TOTAL,3248
082053,2024,M,Y71,71.0,ALL,TOTAL,3307
082053,2021,M,Y72,72.0,ALL,FRGAPO,19
082053,2022,M,Y72,72.0,ALL,FRGAPO,21
082053,2023,M,Y72,72.0,ALL,FRGAPO,29
082053,2024,M,Y72,72.0,ALL,FRGAPO,26
082053,2021,M,Y72,72.0,ALL,ITL,3209
082053,2022,M,Y72,72.0,ALL,ITL,3388
082053,2023,M,Y72,72.0,ALL,ITL,3122
082053,2024,M,Y72,72.0,ALL,ITL,3133
082053,2021,M,Y72,72.0,ALL,TOTAL,3228
082053,2022,M,Y72,72.0,ALL,TOTAL,3409
082053,2023,M,Y72,72.0,ALL,TOTAL,3151
082053,2024,M,Y72,72.0,ALL,TOTAL,3159
082053,2021,M,Y73,73.0,ALL,FRGAPO,19
082053,2022,M,Y73,73.0,ALL,FRGAPO,19
082053,2023,M,Y73,73.0,ALL,FRGAPO,19
082053,2024,M,Y73,73.0,ALL,FRGAPO,28
082053,2021,M,Y73,73.0,ALL,ITL,3215
082053,2022,M,Y73,73.0,ALL,ITL,3104
082053,2023,M,Y73,73.0,ALL,ITL,3307
082053,2024,M,Y73,73.0,ALL,ITL,3054
082053,2021,M,Y73,73.0,ALL,TOTAL,3234
082053,2022,M,Y73,73.0,ALL,TOTAL,3123
082053,2023,M,Y73,73.0,ALL,TOTAL,3326
082053,2024,M,Y73,73.0,ALL,TOTAL,3082
082053,2021,M,Y74,74.0,ALL,FRGAPO,16
082053,2022,M,Y74,74.0,ALL,FRGAPO,20
082053,2023,M,Y74,74.0,ALL,FRGAPO,17
082053,2024,M,Y74,74.0,ALL,FRGAPO,20
082053,2021,M,Y74,74.0,ALL,ITL,3173
082053,2022,M,Y74,74.0,ALL,ITL,3144
082053,2023,M,Y74,74.0,ALL,ITL,3007
082053,2024,M,Y74,74.0,ALL,ITL,3240
082053,2021,M,Y74,74.0,ALL,TOTAL,3189
082053,2022,M,Y74,74.0,ALL,TOTAL,3164
082053,2023,M,Y74,74.0,ALL,TOTAL,3024
082053,2024,M,Y74,74.0,ALL,TOTAL,3260
082053,2021,M,Y75,75.0,ALL,FRGAPO,15
082053,2022,M,Y75,75.0,ALL,FRGAPO,15
082053,2023,M,Y75,75.0,ALL,FRGAPO,22
082053,2024,M,Y75,75.0,ALL,FRGAPO,16
082053,2021,M,Y75,75.0,ALL,ITL,2921
082053,2022,M,Y75,75.0,ALL,ITL,3081
082053,2023,M,Y75,75.0,ALL,ITL,3064
082053,2024,M,Y75,75.0,ALL,ITL,2913
082053,2021,M,Y75,75.0,ALL,TOTAL,2936
082053,2022,M,Y75,75.0,ALL,TOTAL,3096
082053,2023,M,Y75,75.0,ALL,TOTAL,3086
082053,2024,M,Y75,75.0,ALL,TOTAL,2929
082053,2021,M,Y76,76.0,ALL,FRGAPO,8
082053,2022,M,Y76,76.0,ALL,FRGAPO,15
082053,2023,M,Y76,76.0,ALL,FRGAPO,15
082053,2024,M,Y76,76.0,ALL,FRGAPO,20
082053,2021,M,Y76,76.0,ALL,ITL,2542
082053,2022,M,Y76,76.0,ALL,ITL,2835
082053,2023,M,Y76,76.0,ALL,ITL,2969
082053,2024,M,Y76,76.0,ALL,ITL,2938
082053,2021,M,Y76,76.0,ALL,TOTAL,2550
082053,2022,M,Y76,76.0,ALL,TOTAL,2850
082053,2023,M,Y76,76.0,ALL,TOTAL,2984
082053,2024,M,Y76,76.0,ALL,TOTAL,2958
082053,2021,M,Y77,77.0,ALL,FRGAPO,7
082053,2022,M,Y77,77.0,ALL,FRGAPO,9
082053,2023,M,Y77,77.0,ALL,FRGAPO,16
082053,2024,M,Y77,77.0,ALL,FRGAPO,14
082053,2021,M,Y77,77.0,ALL,ITL,2308
082053,2022,M,Y77,77.0,ALL,ITL,2426
082053,2023,M,Y77,77.0,ALL,ITL,2715
082053,2024,M,Y77,77.0,ALL,ITL,2860
082053,2021,M,Y77,77.0,ALL,TOTAL,2315
082053,2022,M,Y77,77.0,ALL,TOTAL,2435
082053,2023,M,Y77,77.0,ALL,TOTAL,2731
082053,2024,M,Y77,77.0,ALL,TOTAL,2874
082053,2021,M,Y78,78.0,ALL,FRGAPO,8
082053,2022,M,Y78,78.0,ALL,FRGAPO,7
082053,2023,M,Y78,78.0,ALL,FRGAPO,9
082053,2024,M,Y78,78.0,ALL,FRGAPO,16
082053,2021,M,Y78,78.0,ALL,ITL,1846
082053,2022,M,Y78,78.0,ALL,ITL,2174
082053,2023,M,Y78,78.0,ALL,ITL,2338
082053,2024,M,Y78,78.0,ALL,ITL,2599
082053,2021,M,Y78,78.0,ALL,TOTAL,1854
082053,2022,M,Y78,78.0,ALL,TOTAL,2181
082053,2023,M,Y78,78.0,ALL,TOTAL,2347
082053,2024,M,Y78,78.0,ALL,TOTAL,2615
082053,2021,M,Y79,79.0,ALL,FRGAPO,1
082053,2022,M,Y79,79.0,ALL,FRGAPO,8
082053,2023,M,Y79,79.0,ALL,FRGAPO,7
082053,2024,M,Y79,79.0,ALL,FRGAPO,8
082053,2021,M,Y79,79.0,ALL,ITL,1932
082053,2022,M,Y79,79.0,ALL,ITL,1728
082053,2023,M,Y79,79.0,ALL,ITL,2070
082053,2024,M,Y79,79.0,ALL,ITL,2214
082053,2021,M,Y79,79.0,ALL,TOTAL,1933
082053,2022,M,Y79,79.0,ALL,TOTAL,1736
082053,2023,M,Y79,79.0,ALL,TOTAL,2077
082053,2024,M,Y79,79.0,ALL,TOTAL,2222
082053,2021,M,Y8,8.0,ALL,FRGAPO,140
082053,2022,M,Y8,8.0,ALL,FRGAPO,153
082053,2023,M,Y8,8.0,ALL,FRGAPO,164
082053,2024,M,Y8,8.0,ALL,FRGAPO,160
082053,2021,M,Y8,8.0,ALL,ITL,2881
082053,2022,M,Y8,8.0,ALL,ITL,2953
082053,2023,M,Y8,8.0,ALL,ITL,2923
082053,2024,M,Y8,8.0,ALL,ITL,2643
082053,2021,M,Y8,8.0,ALL,TOTAL,3021
082053,2022,M,Y8,8.0,ALL,TOTAL,3106
082053,2023,M,Y8,8.0,ALL,TOTAL,3087
082053,2024,M,Y8,8.0,ALL,TOTAL,2803
082053,2021,M,Y80,80.0,ALL,FRGAPO,3
082053,2022,M,Y80,80.0,ALL,FRGAPO,2
082053,2023,M,Y80,80.0,ALL,FRGAPO,8
082053,2024,M,Y80,80.0,ALL,FRGAPO,7
082053,2021,M,Y80,80.0,ALL,ITL,1819
082053,2022,M,Y80,80.0,ALL,ITL,1818
082053,2023,M,Y80,80.0,ALL,ITL,1615
082053,2024,M,Y80,80.0,ALL,ITL,1978
082053,2021,M,Y80,80.0,ALL,TOTAL,1822
082053,2022,M,Y80,80.0,ALL,TOTAL,1820
082053,2023,M,Y80,80.0,ALL,TOTAL,1623
082053,2024,M,Y80,80.0,ALL,TOTAL,1985
082053,2021,M,Y81,81.0,ALL,FRGAPO,3
082053,2022,M,Y81,81.0,ALL,FRGAPO,3
082053,2023,M,Y81,81.0,ALL,FRGAPO,2
082053,2024,M,Y81,81.0,ALL,FRGAPO,7
082053,2021,M,Y81,81.0,ALL,ITL,1764
082053,2022,M,Y81,81.0,ALL,ITL,1687
082053,2023,M,Y81,81.0,ALL,ITL,1701
082053,2024,M,Y81,81.0,ALL,ITL,1524
082053,2021,M,Y81,81.0,ALL,TOTAL,1767
082053,2022,M,Y81,81.0,ALL,TOTAL,1690
082053,2023,M,Y81,81.0,ALL,TOTAL,1703
082053,2024,M,Y81,81.0,ALL,TOTAL,1531
082053,2021,M,Y82,82.0,ALL,FRGAPO,4
082053,2022,M,Y82,82.0,ALL,FRGAPO,3
082053,2023,M,Y82,82.0,ALL,FRGAPO,3
082053,2024,M,Y82,82.0,ALL,FRGAPO,2
082053,2021,M,Y82,82.0,ALL,ITL,1549
082053,2022,M,Y82,82.0,ALL,ITL,1624
082053,2023,M,Y82,82.0,ALL,ITL,1569
082053,2024,M,Y82,82.0,ALL,ITL,1596
082053,2021,M,Y82,82.0,ALL,TOTAL,1553
082053,2022,M,Y82,82.0,ALL,TOTAL,1627
082053,2023,M,Y82,82.0,ALL,TOTAL,1572
082053,2024,M,Y82,82.0,ALL,TOTAL,1598
082053,2021,M,Y83,83.0,ALL,FRGAPO,2
082053,2022,M,Y83,83.0,ALL,FRGAPO,4
082053,2023,M,Y83,83.0,ALL,FRGAPO,3
082053,2024,M,Y83,83.0,ALL,FRGAPO,2
082053,2021,M,Y83,83.0,ALL,ITL,1512
082053,2022,M,Y83,83.0,ALL,ITL,1403
082053,2023,M,Y83,83.0,ALL,ITL,1509
082053,2024,M,Y83,83.0,ALL,ITL,1426
082053,2021,M,Y83,83.0,ALL,TOTAL,1514
082053,2022,M,Y83,83.0,ALL,TOTAL,1407
082053,2023,M,Y83,83.0,ALL,TOTAL,1512
082053,2024,M,Y83,83.0,ALL,TOTAL,1428
082053,2022,M,Y84,84.0,ALL,FRGAPO,2
082053,2023,M,Y84,84.0,ALL,FRGAPO,4
082053,2024,M,Y84,84.0,ALL,FRGAPO,4
082053,2021,M,Y84,84.0,ALL,ITL,1210
082053,2022,M,Y84,84.0,ALL,ITL,1376
082053,2023,M,Y84,84.0,ALL,ITL,1291
082053,2024,M,Y84,84.0,ALL,ITL,1405
082053,2021,M,Y84,84.0,ALL,TOTAL,1210
082053,2022,M,Y84,84.0,ALL,TOTAL,1378
082053,2023,M,Y84,84.0,ALL,TOTAL,1295
082053,2024,M,Y84,84.0,ALL,TOTAL,1409
082053,2023,M,Y85,85.0,ALL,FRGAPO,2
082053,2024,M,Y85,85.0,ALL,FRGAPO,3
082053,2021,M,Y85,85.0,ALL,ITL,1105
082053,2022,M,Y85,85.0,ALL,ITL,1085
082053,2023,M,Y85,85.0,ALL,ITL,1253
082053,2024,M,Y85,85.0,ALL,ITL,1178
082053,2021,M,Y85,85.0,ALL,TOTAL,1105
082053,2022,M,Y85,85.0,ALL,TOTAL,1085
082053,2023,M,Y85,85.0,ALL,TOTAL,1255
082053,2024,M,Y85,85.0,ALL,TOTAL,1181
082053,2023,M,Y86,86.0,ALL,FRGAPO,1
082053,2024,M,Y86,86.0,ALL,FRGAPO,3
082053,2021,M,Y86,86.0,ALL,ITL,921
082053,2022,M,Y86,86.0,ALL,ITL,979
082053,2023,M,Y86,86.0,ALL,ITL,972
082053,2024,M,Y86,86.0,ALL,ITL,1113
082053,2021,M,Y86,86.0,ALL,TOTAL,921
082053,2022,M,Y86,86.0,ALL,TOTAL,979
082053,2023,M,Y86,86.0,ALL,TOTAL,973
082053,2024,M,Y86,86.0,ALL,TOTAL,1116
082053,2021,M,Y87,87.0,ALL,FRGAPO,2
082053,2021,M,Y87,87.0,ALL,ITL,803
082053,2022,M,Y87,87.0,ALL,ITL,784
082053,2023,M,Y87,87.0,ALL,ITL,848
082053,2024,M,Y87,87.0,ALL,ITL,850
082053,2021,M,Y87,87.0,ALL,TOTAL,805
082053,2022,M,Y87,87.0,ALL,TOTAL,784
082053,2023,M,Y87,87.0,ALL,TOTAL,848
082053,2024,M,Y87,87.0,ALL,TOTAL,850
082053,2021,M,Y88,88.0,ALL,FRGAPO,1
082053,2022,M,Y88,88.0,ALL,FRGAPO,2
082053,2021,M,Y88,88.0,ALL,ITL,717
082053,2022,M,Y88,88.0,ALL,ITL,683
082053,2023,M,Y88,88.0,ALL,ITL,676
082053,2024,M,Y88,88.0,ALL,ITL,733
082053,2021,M,Y88,88.0,ALL,TOTAL,718
082053,2022,M,Y88,88.0,ALL,TOTAL,685
082053,2023,M,Y88,88.0,ALL,TOTAL,676
082053,2024,M,Y88,88.0,ALL,TOTAL,733
082053,2021,M,Y89,89.0,ALL,FRGAPO,1
082053,2022,M,Y89,89.0,ALL,FRGAPO,1
082053,2023,M,Y89,89.0,ALL,FRGAPO,2
082053,2021,M,Y89,89.0,ALL,ITL,562
082053,2022,M,Y89,89.0,ALL,ITL,600
082053,2023,M,Y89,89.0,ALL,ITL,578
082053,2024,M,Y89,89.0,ALL,ITL,597
082053,2021,M,Y89,89.0,ALL,TOTAL,563
082053,2022,M,Y89,89.0,ALL,TOTAL,601
082053,2023,M,Y89,89.0,ALL,TOTAL,580
082053,2024,M,Y89,89.0,ALL,TOTAL,597
082053,2021,M,Y9,9.0,ALL,FRGAPO,135
082053,2022,M,Y9,9.0,ALL,FRGAPO,132
082053,2023,M,Y9,9.0,ALL,FRGAPO,146
082053,2024,M,Y9,9.0,ALL,FRGAPO,161
082053,2021,M,Y9,9.0,ALL,ITL,3031
082053,2022,M,Y9,9.0,ALL,ITL,2887
082053,2023,M,Y9,9.0,ALL,ITL,2960
082053,2024,M,Y9,9.0,ALL,ITL,2939
082053,2021,M,Y9,9.0,ALL,TOTAL,3166
082053,2022,M,Y9,9.0,ALL,TOTAL,3019
082053,2023,M,Y9,9.0,ALL,TOTAL,3106
082053,2024,M,Y9,9.0,ALL,TOTAL,3100
082053,2021,M,Y90,90.0,ALL,FRGAPO,2
082053,2022,M,Y90,90.0,ALL,FRGAPO,1
082053,2023,M,Y90,90.0,ALL,FRGAPO,1
082053,2024,M,Y90,90.0,ALL,FRGAPO,1
082053,2021,M,Y90,90.0,ALL,ITL,495
082053,2022,M,Y90,90.0,ALL,ITL,458
082053,2023,M,Y90,90.0,ALL,ITL,520
082053,2024,M,Y90,90.0,ALL,ITL,491
082053,2021,M,Y90,90.0,ALL,TOTAL,497
082053,2022,M,Y90,90.0,ALL,TOTAL,459
082053,2023,M,Y90,90.0,ALL,TOTAL,521
082053,2024,M,Y90,90.0,ALL,TOTAL,492
082053,2022,M,Y91,91.0,ALL,FRGAPO,1
082053,2023,M,Y91,91.0,ALL,FRGAPO,2
082053,2024,M,Y91,91.0,ALL,FRGAPO,1
082053,2021,M,Y91,91.0,ALL,ITL,397
082053,2022,M,Y91,91.0,ALL,ITL,401
082053,2023,M,Y91,91.0,ALL,ITL,382
082053,2024,M,Y91,91.0,ALL,ITL,427
082053,2021,M,Y91,91.0,ALL,TOTAL,397
082053,2022,M,Y91,91.0,ALL,TOTAL,402
082053,2023,M,Y91,91.0,ALL,TOTAL,384
082053,2024,M,Y91,91.0,ALL,TOTAL,428
082053,2023,M,Y92,92.0,ALL,FRGAPO,1
082053,2024,M,Y92,92.0,ALL,FRGAPO,2
082053,2021,M,Y92,92.0,ALL,ITL,267
082053,2022,M,Y92,92.0,ALL,ITL,303
082053,2023,M,Y92,92.0,ALL,ITL,305
082053,2024,M,Y92,92.0,ALL,ITL,291
082053,2021,M,Y92,92.0,ALL,TOTAL,267
082053,2022,M,Y92,92.0,ALL,TOTAL,303
082053,2023,M,Y92,92.0,ALL,TOTAL,306
082053,2024,M,Y92,92.0,ALL,TOTAL,293
082053,2024,M,Y93,93.0,ALL,FRGAPO,1
082053,2021,M,Y93,93.0,ALL,ITL,226
082053,2022,M,Y93,93.0,ALL,ITL,211
082053,2023,M,Y93,93.0,ALL,ITL,234
082053,2024,M,Y93,93.0,ALL,ITL,242
082053,2021,M,Y93,93.0,ALL,TOTAL,226
082053,2022,M,Y93,93.0,ALL,TOTAL,211
082053,2023,M,Y93,93.0,ALL,TOTAL,234
082053,2024,M,Y93,93.0,ALL,TOTAL,243
082053,2021,M,Y94,94.0,ALL,FRGAPO,1
082053,2021,M,Y94,94.0,ALL,ITL,151
082053,2022,M,Y94,94.0,ALL,ITL,150
082053,2023,M,Y94,94.0,ALL,ITL,167
082053,2024,M,Y94,94.0,ALL,ITL,184
082053,2021,M,Y94,94.0,ALL,TOTAL,152
082053,2022,M,Y94,94.0,ALL,TOTAL,150
082053,2023,M,Y94,94.0,ALL,TOTAL,167
082053,2024,M,Y94,94.0,ALL,TOTAL,184
082053,2022,M,Y95,95.0,ALL,FRGAPO,1
082053,2021,M,Y95,95.0,ALL,ITL,104
082053,2022,M,Y95,95.0,ALL,ITL,107
082053,2023,M,Y95,95.0,ALL,ITL,112
082053,2024,M,Y95,95.0,ALL,ITL,131
082053,2021,M,Y95,95.0,ALL,TOTAL,104
082053,2022,M,Y95,95.0,ALL,TOTAL,108
082053,2023,M,Y95,95.0,ALL,TOTAL,112
082053,2024,M,Y95,95.0,ALL,TOTAL,131
082053,2021,M,Y96,96.0,ALL,ITL,78
082053,2022,M,Y96,96.0,ALL,ITL,71
082053,2023,M,Y96,96.0,ALL,ITL,78
082053,2024,M,Y96,96.0,ALL,ITL,86
082053,2021,M,Y96,96.0,ALL,TOTAL,78
082053,2022,M,Y96,96.0,ALL,TOTAL,71
082053,2023,M,Y96,96.0,ALL,TOTAL,78
082053,2024,M,Y96,96.0,ALL,TOTAL,86
082053,2021,M,Y97,97.0,ALL,ITL,43
082053,2022,M,Y97,97.0,ALL,ITL,47
082053,2023,M,Y97,97.0,ALL,ITL,50
082053,2024,M,Y97,97.0,ALL,ITL,55
082053,2021,M,Y97,97.0,ALL,TOTAL,43
082053,2022,M,Y97,97.0,ALL,TOTAL,47
082053,2023,M,Y97,97.0,ALL,TOTAL,50
082053,2024,M,Y97,97.0,ALL,TOTAL,55
082053,2021,M,Y98,98.0,ALL,ITL,28
082053,2022,M,Y98,98.0,ALL,ITL,31
082053,2023,M,Y98,98.0,ALL,ITL,31
082053,2024,M,Y98,98.0,ALL,ITL,33
082053,2021,M,Y98,98.0,ALL,TOTAL,28
082053,2022,M,Y98,98.0,ALL,TOTAL,31
082053,2023,M,Y98,98.0,ALL,TOTAL,31
082053,2024,M,Y98,98.0,ALL,TOTAL,33
082053,2021,M,Y99,99.0,ALL,ITL,17
082053,2022,M,Y99,99.0,ALL,ITL,12
082053,2023,M,Y99,99.0,ALL,ITL,25
082053,2024,M,Y99,99.0,ALL,ITL,21
082053,2021,M,Y99,99.0,ALL,TOTAL,17
082053,2022,M,Y99,99.0,ALL,TOTAL,12
082053,2023,M,Y99,99.0,ALL,TOTAL,25
082053,2024,M,Y99,99.0,ALL,TOTAL,21
082053,2018,T,TOTAL,,ALL,FRGAPO,23940
082053,2019,T,TOTAL,,ALL,FRGAPO,23904
082053,2020,T,TOTAL,,ALL,FRGAPO,25256
082053,2021,T,TOTAL,,ALL,FRGAPO,24376
082053,2022,T,TOTAL,,ALL,FRGAPO,24749
082053,2023,T,TOTAL,,ALL,FRGAPO,25135
082053,2024,T,TOTAL,,ALL,FRGAPO,25948
082053,2018,T,TOTAL,,ALL,ITL,628780
082053,2019,T,TOTAL,,ALL,ITL,623518
082053,2020,T,TOTAL,,ALL,ITL,612629
082053,2021,T,TOTAL,,ALL,ITL,611063
082053,2022,T,TOTAL,,ALL,ITL,607750
082053,2023,T,TOTAL,,ALL,ITL,605292
082053,2024,T,TOTAL,,ALL,ITL,602745
082053,2018,T,TOTAL,,ALL,TOTAL,652720
082053,2019,T,TOTAL,,ALL,TOTAL,647422
082053,2020,T,TOTAL,,ALL,TOTAL,637885
082053,2021,T,TOTAL,,ALL,TOTAL,635439
082053,2022,T,TOTAL,,ALL,TOTAL,632499
082053,2023,T,TOTAL,,ALL,TOTAL,630427
082053,2024,T,TOTAL,,ALL,TOTAL,628693
082053,2018,T,Y_GE100,,ALL,ITL,114
082053,2019,T,Y_GE100,,ALL,ITL,123
082053,2020,T,Y_GE100,,ALL,ITL,128
082053,2021,T,Y_GE100,,ALL,ITL,136
082053,2022,T,Y_GE100,,ALL,ITL,136
082053,2023,T,Y_GE100,,ALL,ITL,141
082053,2024,T,Y_GE100,,ALL,ITL,150
082053,2018,T,Y_GE100,,ALL,TOTAL,114
082053,2019,T,Y_GE100,,ALL,TOTAL,123
082053,2020,T,Y_GE100,,ALL,TOTAL,128
082053,2021,T,Y_GE100,,ALL,TOTAL,136
082053,2022,T,Y_GE100,,ALL,TOTAL,136
082053,2023,T,Y_GE100,,ALL,TOTAL,141
082053,2024,T,Y_GE100,,ALL,TOTAL,150
082053,2021,T,Y0,0.0,ALL,FRGAPO,303
082053,2022,T,Y0,0.0,ALL,FRGAPO,300
082053,2023,T,Y0,0.0,ALL,FRGAPO,276
082053,2024,T,Y0,0.0,ALL,FRGAPO,251
082053,2021,T,Y0,0.0,ALL,ITL,4792
082053,2022,T,Y0,0.0,ALL,ITL,4766
082053,2023,T,Y0,0.0,ALL,ITL,4452
082053,2024,T,Y0,0.0,ALL,ITL,4237
082053,2021,T,Y0,0.0,ALL,TOTAL,5095
082053,2022,T,Y0,0.0,ALL,TOTAL,5066
082053,2023,T,Y0,0.0,ALL,TOTAL,4728
082053,2024,T,Y0,0.0,ALL,TOTAL,4488
082053,2021,T,Y1,1.0,ALL,FRGAPO,281
082053,2022,T,Y1,1.0,ALL,FRGAPO,298
082053,2023,T,Y1,1.0,ALL,FRGAPO,286
082053,2024,T,Y1,1.0,ALL,FRGAPO,277
082053,2021,T,Y1,1.0,ALL,ITL,4848
082053,2022,T,Y1,1.0,ALL,ITL,4787
082053,2023,T,Y1,1.0,ALL,ITL,4818
082053,2024,T,Y1,1.0,ALL,ITL,4499
082053,2021,T,Y1,1.0,ALL,TOTAL,5129
082053,2022,T,Y1,1.0,ALL,TOTAL,5085
082053,2023,T,Y1,1.0,ALL,TOTAL,5104
082053,2024,T,Y1,1.0,ALL,TOTAL,4776
082053,2021,T,Y10,10.0,ALL,FRGAPO,272
082053,2022,T,Y10,10.0,ALL,FRGAPO,284
082053,2023,T,Y10,10.0,ALL,FRGAPO,261
082053,2024,T,Y10,10.0,ALL,FRGAPO,281
082053,2021,T,Y10,10.0,ALL,ITL,5993
082053,2022,T,Y10,10.0,ALL,ITL,5913
082053,2023,T,Y10,10.0,ALL,ITL,5709
082053,2024,T,Y10,10.0,ALL,ITL,5699
082053,2021,T,Y10,10.0,ALL,TOTAL,6265
082053,2022,T,Y10,10.0,ALL,TOTAL,6197
082053,2023,T,Y10,10.0,ALL,TOTAL,5970
082053,2024,T,Y10,10.0,ALL,TOTAL,5980
082053,2021,T,Y11,11.0,ALL,FRGAPO,265
082053,2022,T,Y11,11.0,ALL,FRGAPO,271
082053,2023,T,Y11,11.0,ALL,FRGAPO,275
082053,2024,T,Y11,11.0,ALL,FRGAPO,243
082053,2021,T,Y11,11.0,ALL,ITL,6174
082053,2022,T,Y11,11.0,ALL,ITL,6002
082053,2023,T,Y11,11.0,ALL,ITL,5911
082053,2024,T,Y11,11.0,ALL,ITL,5730
082053,2021,T,Y11,11.0,ALL,TOTAL,6439
082053,2022,T,Y11,11.0,ALL,TOTAL,6273
082053,2023,T,Y11,11.0,ALL,TOTAL,6186
082053,2024,T,Y11,11.0,ALL,TOTAL,5973
082053,2021,T,Y12,12.0,ALL,FRGAPO,228
082053,2022,T,Y12,12.0,ALL,FRGAPO,263
082053,2023,T,Y12,12.0,ALL,FRGAPO,265
082053,2024,T,Y12,12.0,ALL,FRGAPO,276
082053,2021,T,Y12,12.0,ALL,ITL,6377
082053,2022,T,Y12,12.0,ALL,ITL,6187
082053,2023,T,Y12,12.0,ALL,ITL,6021
082053,2024,T,Y12,12.0,ALL,ITL,5900
082053,2021,T,Y12,12.0,ALL,TOTAL,6605
082053,2022,T,Y12,12.0,ALL,TOTAL,6450
082053,2023,T,Y12,12.0,ALL,TOTAL,6286
082053,2024,T,Y12,12.0,ALL,TOTAL,6176
082053,2021,T,Y13,13.0,ALL,FRGAPO,245
082053,2022,T,Y13,13.0,ALL,FRGAPO,223
082053,2023,T,Y13,13.0,ALL,FRGAPO,261
082053,2024,T,Y13,13.0,ALL,FRGAPO,273
082053,2021,T,Y13,13.0,ALL,ITL,6353
082053,2022,T,Y13,13.0,ALL,ITL,6369
082053,2023,T,Y13,13.0,ALL,ITL,6187
082053,2024,T,Y13,13.0,ALL,ITL,6025
082053,2021,T,Y13,13.0,ALL,TOTAL,6598
082053,2022,T,Y13,13.0,ALL,TOTAL,6592
082053,2023,T,Y13,13.0,ALL,TOTAL,6448
082053,2024,T,Y13,13.0,ALL,TOTAL,6298
082053,2021,T,Y14,14.0,ALL,FRGAPO,243
082053,2022,T,Y14,14.0,ALL,FRGAPO,253
082053,2023,T,Y14,14.0,ALL,FRGAPO,226
082053,2024,T,Y14,14.0,ALL,FRGAPO,267
082053,2021,T,Y14,14.0,ALL,ITL,6387
082053,2022,T,Y14,14.0,ALL,ITL,6367
082053,2023,T,Y14,14.0,ALL,ITL,6373
082053,2024,T,Y14,14.0,ALL,ITL,6163
082053,2021,T,Y14,14.0,ALL,TOTAL,6630
082053,2022,T,Y14,14.0,ALL,TOTAL,6620
082053,2023,T,Y14,14.0,ALL,TOTAL,6599
082053,2024,T,Y14,14.0,ALL,TOTAL,6430
082053,2021,T,Y15,15.0,ALL,FRGAPO,209
082053,2022,T,Y15,15.0,ALL,FRGAPO,238
082053,2023,T,Y15,15.0,ALL,FRGAPO,275
082053,2024,T,Y15,15.0,ALL,FRGAPO,242
082053,2021,T,Y15,15.0,ALL,ITL,6650
082053,2022,T,Y15,15.0,ALL,ITL,6394
082053,2023,T,Y15,15.0,ALL,ITL,6369
082053,2024,T,Y15,15.0,ALL,ITL,6386
082053,2021,T,Y15,15.0,ALL,TOTAL,6859
082053,2022,T,Y15,15.0,ALL,TOTAL,6632
082053,2023,T,Y15,15.0,ALL,TOTAL,6644
082053,2024,T,Y15,15.0,ALL,TOTAL,6628
082053,2021,T,Y16,16.0,ALL,FRGAPO,222
082053,2022,T,Y16,16.0,ALL,FRGAPO,216
082053,2023,T,Y16,16.0,ALL,FRGAPO,256
082053,2024,T,Y16,16.0,ALL,FRGAPO,291
082053,2021,T,Y16,16.0,ALL,ITL,6659
082053,2022,T,Y16,16.0,ALL,ITL,6653
082053,2023,T,Y16,16.0,ALL,ITL,6394
082053,2024,T,Y16,16.0,ALL,ITL,6378
082053,2021,T,Y16,16.0,ALL,TOTAL,6881
082053,2022,T,Y16,16.0,ALL,TOTAL,6869
082053,2023,T,Y16,16.0,ALL,TOTAL,6650
082053,2024,T,Y16,16.0,ALL,TOTAL,6669
082053,2021,T,Y17,17.0,ALL,FRGAPO,268
082053,2022,T,Y17,17.0,ALL,FRGAPO,230
082053,2023,T,Y17,17.0,ALL,FRGAPO,253
082053,2024,T,Y17,17.0,ALL,FRGAPO,280
082053,2021,T,Y17,17.0,ALL,ITL,6621
082053,2022,T,Y17,17.0,ALL,ITL,6662
082053,2023,T,Y17,17.0,ALL,ITL,6666
082053,2024,T,Y17,17.0,ALL,ITL,6418
082053,2021,T,Y17,17.0,ALL,TOTAL,6889
082053,2022,T,Y17,17.0,ALL,TOTAL,6892
082053,2023,T,Y17,17.0,ALL,TOTAL,6919
082053,2024,T,Y17,17.0,ALL,TOTAL,6698
082053,2021,T,Y18,18.0,ALL,FRGAPO,229
082053,2022,T,Y18,18.0,ALL,FRGAPO,275
082053,2023,T,Y18,18.0,ALL,FRGAPO,257
082053,2024,T,Y18,18.0,ALL,FRGAPO,251
082053,2021,T,Y18,18.0,ALL,ITL,6257
082053,2022,T,Y18,18.0,ALL,ITL,6607
082053,2023,T,Y18,18.0,ALL,ITL,6694
082053,2024,T,Y18,18.0,ALL,ITL,6690
082053,2021,T,Y18,18.0,ALL,TOTAL,6486
082053,2022,T,Y18,18.0,ALL,TOTAL,6882
082053,2023,T,Y18,18.0,ALL,TOTAL,6951
082053,2024,T,Y18,18.0,ALL,TOTAL,6941
082053,2021,T,Y19,19.0,ALL,FRGAPO,220
082053,2022,T,Y19,19.0,ALL,FRGAPO,218
082053,2023,T,Y19,19.0,ALL,FRGAPO,293
082053,2024,T,Y19,19.0,ALL,FRGAPO,278
082053,2021,T,Y19,19.0,ALL,ITL,6322
082053,2022,T,Y19,19.0,ALL,ITL,6311
082053,2023,T,Y19,19.0,ALL,ITL,6609
082053,2024,T,Y19,19.0,ALL,ITL,6682
082053,2021,T,Y19,19.0,ALL,TOTAL,6542
082053,2022,T,Y19,19.0,ALL,TOTAL,6529
082053,2023,T,Y19,19.0,ALL,TOTAL,6902
082053,2024,T,Y19,19.0,ALL,TOTAL,6960
082053,2021,T,Y2,2.0,ALL,FRGAPO,292
082053,2022,T,Y2,2.0,ALL,FRGAPO,281
082053,2023,T,Y2,2.0,ALL,FRGAPO,306
082053,2024,T,Y2,2.0,ALL,FRGAPO,299
082053,2021,T,Y2,2.0,ALL,ITL,5118
082053,2022,T,Y2,2.0,ALL,ITL,4857
082053,2023,T,Y2,2.0,ALL,ITL,4800
082053,2024,T,Y2,2.0,ALL,ITL,4823
082053,2021,T,Y2,2.0,ALL,TOTAL,5410
082053,2022,T,Y2,2.0,ALL,TOTAL,5138
082053,2023,T,Y2,2.0,ALL,TOTAL,5106
082053,2024,T,Y2,2.0,ALL,TOTAL,5122
082053,2021,T,Y20,20.0,ALL,FRGAPO,265
082053,2022,T,Y20,20.0,ALL,FRGAPO,239
082053,2023,T,Y20,20.0,ALL,FRGAPO,246
082053,2024,T,Y20,20.0,ALL,FRGAPO,319
082053,2021,T,Y20,20.0,ALL,ITL,6369
082053,2022,T,Y20,20.0,ALL,ITL,6331
082053,2023,T,Y20,20.0,ALL,ITL,6320
082053,2024,T,Y20,20.0,ALL,ITL,6558
082053,2021,T,Y20,20.0,ALL,TOTAL,6634
082053,2022,T,Y20,20.0,ALL,TOTAL,6570
082053,2023,T,Y20,20.0,ALL,TOTAL,6566
082053,2024,T,Y20,20.0,ALL,TOTAL,6877
082053,2021,T,Y21,21.0,ALL,FRGAPO,360
082053,2022,T,Y21,21.0,ALL,FRGAPO,279
082053,2023,T,Y21,21.0,ALL,FRGAPO,277
082053,2024,T,Y21,21.0,ALL,FRGAPO,274
082053,2021,T,Y21,21.0,ALL,ITL,6256
082053,2022,T,Y21,21.0,ALL,ITL,6338
082053,2023,T,Y21,21.0,ALL,ITL,6317
082053,2024,T,Y21,21.0,ALL,ITL,6352
082053,2021,T,Y21,21.0,ALL,TOTAL,6616
082053,2022,T,Y21,21.0,ALL,TOTAL,6617
082053,2023,T,Y21,21.0,ALL,TOTAL,6594
082053,2024,T,Y21,21.0,ALL,TOTAL,6626
082053,2021,T,Y22,22.0,ALL,FRGAPO,360
082053,2022,T,Y22,22.0,ALL,FRGAPO,358
082053,2023,T,Y22,22.0,ALL,FRGAPO,294
082053,2024,T,Y22,22.0,ALL,FRGAPO,295
082053,2021,T,Y22,22.0,ALL,ITL,6272
082053,2022,T,Y22,22.0,ALL,ITL,6257
082053,2023,T,Y22,22.0,ALL,ITL,6264
082053,2024,T,Y22,22.0,ALL,ITL,6273
082053,2021,T,Y22,22.0,ALL,TOTAL,6632
082053,2022,T,Y22,22.0,ALL,TOTAL,6615
082053,2023,T,Y22,22.0,ALL,TOTAL,6558
082053,2024,T,Y22,22.0,ALL,TOTAL,6568
082053,2021,T,Y23,23.0,ALL,FRGAPO,310
082053,2022,T,Y23,23.0,ALL,FRGAPO,370
082053,2023,T,Y23,23.0,ALL,FRGAPO,364
082053,2024,T,Y23,23.0,ALL,FRGAPO,314
082053,2021,T,Y23,23.0,ALL,ITL,6244
082053,2022,T,Y23,23.0,ALL,ITL,6240
082053,2023,T,Y23,23.0,ALL,ITL,6177
082053,2024,T,Y23,23.0,ALL,ITL,6220
082053,2021,T,Y23,23.0,ALL,TOTAL,6554
082053,2022,T,Y23,23.0,ALL,TOTAL,6610
082053,2023,T,Y23,23.0,ALL,TOTAL,6541
082053,2024,T,Y23,23.0,ALL,TOTAL,6534
082053,2021,T,Y24,24.0,ALL,FRGAPO,279
082053,2022,T,Y24,24.0,ALL,FRGAPO,324
082053,2023,T,Y24,24.0,ALL,FRGAPO,404
082053,2024,T,Y24,24.0,ALL,FRGAPO,404
082053,2021,T,Y24,24.0,ALL,ITL,6257
082053,2022,T,Y24,24.0,ALL,ITL,6192
082053,2023,T,Y24,24.0,ALL,ITL,6211
082053,2024,T,Y24,24.0,ALL,ITL,6130
082053,2021,T,Y24,24.0,ALL,TOTAL,6536
082053,2022,T,Y24,24.0,ALL,TOTAL,6516
082053,2023,T,Y24,24.0,ALL,TOTAL,6615
082053,2024,T,Y24,24.0,ALL,TOTAL,6534
082053,2021,T,Y25,25.0,ALL,FRGAPO,254
082053,2022,T,Y25,25.0,ALL,FRGAPO,291
082053,2023,T,Y25,25.0,ALL,FRGAPO,355
082053,2024,T,Y25,25.0,ALL,FRGAPO,460
082053,2021,T,Y25,25.0,ALL,ITL,6431
082053,2022,T,Y25,25.0,ALL,ITL,6186
082053,2023,T,Y25,25.0,ALL,ITL,6086
082053,2024,T,Y25,25.0,ALL,ITL,6184
082053,2021,T,Y25,25.0,ALL,TOTAL,6685
082053,2022,T,Y25,25.0,ALL,TOTAL,6477
082053,2023,T,Y25,25.0,ALL,TOTAL,6441
082053,2024,T,Y25,25.0,ALL,TOTAL,6644
082053,2021,T,Y26,26.0,ALL,FRGAPO,230
082053,2022,T,Y26,26.0,ALL,FRGAPO,267
082053,2023,T,Y26,26.0,ALL,FRGAPO,328
082053,2024,T,Y26,26.0,ALL,FRGAPO,386
082053,2021,T,Y26,26.0,ALL,ITL,6453
082053,2022,T,Y26,26.0,ALL,ITL,6319
082053,2023,T,Y26,26.0,ALL,ITL,6106
082053,2024,T,Y26,26.0,ALL,ITL,6014
082053,2021,T,Y26,26.0,ALL,TOTAL,6683
082053,2022,T,Y26,26.0,ALL,TOTAL,6586
082053,2023,T,Y26,26.0,ALL,TOTAL,6434
082053,2024,T,Y26,26.0,ALL,TOTAL,6400
082053,2021,T,Y27,27.0,ALL,FRGAPO,262
082053,2022,T,Y27,27.0,ALL,FRGAPO,235
082053,2023,T,Y27,27.0,ALL,FRGAPO,305
082053,2024,T,Y27,27.0,ALL,FRGAPO,390
082053,2021,T,Y27,27.0,ALL,ITL,6384
082053,2022,T,Y27,27.0,ALL,ITL,6321
082053,2023,T,Y27,27.0,ALL,ITL,6218
082053,2024,T,Y27,27.0,ALL,ITL,6038
082053,2021,T,Y27,27.0,ALL,TOTAL,6646
082053,2022,T,Y27,27.0,ALL,TOTAL,6556
082053,2023,T,Y27,27.0,ALL,TOTAL,6523
082053,2024,T,Y27,27.0,ALL,TOTAL,6428
082053,2021,T,Y28,28.0,ALL,FRGAPO,276
082053,2022,T,Y28,28.0,ALL,FRGAPO,279
082053,2023,T,Y28,28.0,ALL,FRGAPO,281
082053,2024,T,Y28,28.0,ALL,FRGAPO,351
082053,2021,T,Y28,28.0,ALL,ITL,6719
082053,2022,T,Y28,28.0,ALL,ITL,6290
082053,2023,T,Y28,28.0,ALL,ITL,6221
082053,2024,T,Y28,28.0,ALL,ITL,6137
082053,2021,T,Y28,28.0,ALL,TOTAL,6995
082053,2022,T,Y28,28.0,ALL,TOTAL,6569
082053,2023,T,Y28,28.0,ALL,TOTAL,6502
082053,2024,T,Y28,28.0,ALL,TOTAL,6488
082053,2021,T,Y29,29.0,ALL,FRGAPO,291
082053,2022,T,Y29,29.0,ALL,FRGAPO,298
082053,2023,T,Y29,29.0,ALL,FRGAPO,332
082053,2024,T,Y29,29.0,ALL,FRGAPO,329
082053,2021,T,Y29,29.0,ALL,ITL,7127
082053,2022,T,Y29,29.0,ALL,ITL,6601
082053,2023,T,Y29,29.0,ALL,ITL,6217
082053,2024,T,Y29,29.0,ALL,ITL,6174
082053,2021,T,Y29,29.0,ALL,TOTAL,7418
082053,2022,T,Y29,29.0,ALL,TOTAL,6899
082053,2023,T,Y29,29.0,ALL,TOTAL,6549
082053,2024,T,Y29,29.0,ALL,TOTAL,6503
082053,2021,T,Y3,3.0,ALL,FRGAPO,315
082053,2022,T,Y3,3.0,ALL,FRGAPO,292
082053,2023,T,Y3,3.0,ALL,FRGAPO,278
082053,2024,T,Y3,3.0,ALL,FRGAPO,311
082053,2021,T,Y3,3.0,ALL,ITL,5239
082053,2022,T,Y3,3.0,ALL,ITL,5138
082053,2023,T,Y3,3.0,ALL,ITL,4881
082053,2024,T,Y3,3.0,ALL,ITL,4812
082053,2021,T,Y3,3.0,ALL,TOTAL,5554
082053,2022,T,Y3,3.0,ALL,TOTAL,5430
082053,2023,T,Y3,3.0,ALL,TOTAL,5159
082053,2024,T,Y3,3.0,ALL,TOTAL,5123
082053,2021,T,Y30,30.0,ALL,FRGAPO,313
082053,2022,T,Y30,30.0,ALL,FRGAPO,308
082053,2023,T,Y30,30.0,ALL,FRGAPO,341
082053,2024,T,Y30,30.0,ALL,FRGAPO,378
082053,2021,T,Y30,30.0,ALL,ITL,6859
082053,2022,T,Y30,30.0,ALL,ITL,7000
082053,2023,T,Y30,30.0,ALL,ITL,6526
082053,2024,T,Y30,30.0,ALL,ITL,6152
082053,2021,T,Y30,30.0,ALL,TOTAL,7172
082053,2022,T,Y30,30.0,ALL,TOTAL,7308
082053,2023,T,Y30,30.0,ALL,TOTAL,6867
082053,2024,T,Y30,30.0,ALL,TOTAL,6530
082053,2021,T,Y31,31.0,ALL,FRGAPO,349
082053,2022,T,Y31,31.0,ALL,FRGAPO,322
082053,2023,T,Y31,31.0,ALL,FRGAPO,355
082053,2024,T,Y31,31.0,ALL,FRGAPO,374
082053,2021,T,Y31,31.0,ALL,ITL,6814
082053,2022,T,Y31,31.0,ALL,ITL,6812
082053,2023,T,Y31,31.0,ALL,ITL,6945
082053,2024,T,Y31,31.0,ALL,ITL,6476
082053,2021,T,Y31,31.0,ALL,TOTAL,7163
082053,2022,T,Y31,31.0,ALL,TOTAL,7134
082053,2023,T,Y31,31.0,ALL,TOTAL,7300
082053,2024,T,Y31,31.0,ALL,TOTAL,6850
082053,2021,T,Y32,32.0,ALL,FRGAPO,425
082053,2022,T,Y32,32.0,ALL,FRGAPO,366
082053,2023,T,Y32,32.0,ALL,FRGAPO,335
082053,2024,T,Y32,32.0,ALL,FRGAPO,374
082053,2021,T,Y32,32.0,ALL,ITL,6838
082053,2022,T,Y32,32.0,ALL,ITL,6761
082053,2023,T,Y32,32.0,ALL,ITL,6766
082053,2024,T,Y32,32.0,ALL,ITL,6940
082053,2021,T,Y32,32.0,ALL,TOTAL,7263
082053,2022,T,Y32,32.0,ALL,TOTAL,7127
082053,2023,T,Y32,32.0,ALL,TOTAL,7101
082053,2024,T,Y32,32.0,ALL,TOTAL,7314
082053,2021,T,Y33,33.0,ALL,FRGAPO,409
082053,2022,T,Y33,33.0,ALL,FRGAPO,426
082053,2023,T,Y33,33.0,ALL,FRGAPO,408
082053,2024,T,Y33,33.0,ALL,FRGAPO,364
082053,2021,T,Y33,33.0,ALL,ITL,6953
082053,2022,T,Y33,33.0,ALL,ITL,6807
082053,2023,T,Y33,33.0,ALL,ITL,6719
082053,2024,T,Y33,33.0,ALL,ITL,6777
082053,2021,T,Y33,33.0,ALL,TOTAL,7362
082053,2022,T,Y33,33.0,ALL,TOTAL,7233
082053,2023,T,Y33,33.0,ALL,TOTAL,7127
082053,2024,T,Y33,33.0,ALL,TOTAL,7141
082053,2021,T,Y34,34.0,ALL,FRGAPO,459
082053,2022,T,Y34,34.0,ALL,FRGAPO,424
082053,2023,T,Y34,34.0,ALL,FRGAPO,460
082053,2024,T,Y34,34.0,ALL,FRGAPO,446
082053,2021,T,Y34,34.0,ALL,ITL,6616
082053,2022,T,Y34,34.0,ALL,ITL,6932
082053,2023,T,Y34,34.0,ALL,ITL,6797
082053,2024,T,Y34,34.0,ALL,ITL,6682
082053,2021,T,Y34,34.0,ALL,TOTAL,7075
082053,2022,T,Y34,34.0,ALL,TOTAL,7356
082053,2023,T,Y34,34.0,ALL,TOTAL,7257
082053,2024,T,Y34,34.0,ALL,TOTAL,7128
082053,2021,T,Y35,35.0,ALL,FRGAPO,491
082053,2022,T,Y35,35.0,ALL,FRGAPO,460
082053,2023,T,Y35,35.0,ALL,FRGAPO,445
082053,2024,T,Y35,35.0,ALL,FRGAPO,488
082053,2021,T,Y35,35.0,ALL,ITL,6670
082053,2022,T,Y35,35.0,ALL,ITL,6616
082053,2023,T,Y35,35.0,ALL,ITL,6939
082053,2024,T,Y35,35.0,ALL,ITL,6806
082053,2021,T,Y35,35.0,ALL,TOTAL,7161
082053,2022,T,Y35,35.0,ALL,TOTAL,7076
082053,2023,T,Y35,35.0,ALL,TOTAL,7384
082053,2024,T,Y35,35.0,ALL,TOTAL,7294
082053,2021,T,Y36,36.0,ALL,FRGAPO,516
082053,2022,T,Y36,36.0,ALL,FRGAPO,488
082053,2023,T,Y36,36.0,ALL,FRGAPO,466
082053,2024,T,Y36,36.0,ALL,FRGAPO,459
082053,2021,T,Y36,36.0,ALL,ITL,6883
082053,2022,T,Y36,36.0,ALL,ITL,6681
082053,2023,T,Y36,36.0,ALL,ITL,6640
082053,2024,T,Y36,36.0,ALL,ITL,6942
082053,2021,T,Y36,36.0,ALL,TOTAL,7399
082053,2022,T,Y36,36.0,ALL,TOTAL,7169
082053,2023,T,Y36,36.0,ALL,TOTAL,7106
082053,2024,T,Y36,36.0,ALL,TOTAL,7401
082053,2021,T,Y37,37.0,ALL,FRGAPO,536
082053,2022,T,Y37,37.0,ALL,FRGAPO,529
082053,2023,T,Y37,37.0,ALL,FRGAPO,503
082053,2024,T,Y37,37.0,ALL,FRGAPO,486
082053,2021,T,Y37,37.0,ALL,ITL,6993
082053,2022,T,Y37,37.0,ALL,ITL,6887
082053,2023,T,Y37,37.0,ALL,ITL,6669
082053,2024,T,Y37,37.0,ALL,ITL,6648
082053,2021,T,Y37,37.0,ALL,TOTAL,7529
082053,2022,T,Y37,37.0,ALL,TOTAL,7416
082053,2023,T,Y37,37.0,ALL,TOTAL,7172
082053,2024,T,Y37,37.0,ALL,TOTAL,7134
082053,2021,T,Y38,38.0,ALL,FRGAPO,545
082053,2022,T,Y38,38.0,ALL,FRGAPO,543
082053,2023,T,Y38,38.0,ALL,FRGAPO,530
082053,2024,T,Y38,38.0,ALL,FRGAPO,526
082053,2021,T,Y38,38.0,ALL,ITL,6924
082053,2022,T,Y38,38.0,ALL,ITL,6980
082053,2023,T,Y38,38.0,ALL,ITL,6863
082053,2024,T,Y38,38.0,ALL,ITL,6658
082053,2021,T,Y38,38.0,ALL,TOTAL,7469
082053,2022,T,Y38,38.0,ALL,TOTAL,7523
082053,2023,T,Y38,38.0,ALL,TOTAL,7393
082053,2024,T,Y38,38.0,ALL,TOTAL,7184
082053,2021,T,Y39,39.0,ALL,FRGAPO,577
082053,2022,T,Y39,39.0,ALL,FRGAPO,544
082053,2023,T,Y39,39.0,ALL,FRGAPO,525
082053,2024,T,Y39,39.0,ALL,FRGAPO,551
082053,2021,T,Y39,39.0,ALL,ITL,7129
082053,2022,T,Y39,39.0,ALL,ITL,6953
082053,2023,T,Y39,39.0,ALL,ITL,7035
082053,2024,T,Y39,39.0,ALL,ITL,6857
082053,2021,T,Y39,39.0,ALL,TOTAL,7706
082053,2022,T,Y39,39.0,ALL,TOTAL,7497
082053,2023,T,Y39,39.0,ALL,TOTAL,7560
082053,2024,T,Y39,39.0,ALL,TOTAL,7408
082053,2021,T,Y4,4.0,ALL,FRGAPO,338
082053,2022,T,Y4,4.0,ALL,FRGAPO,313
082053,2023,T,Y4,4.0,ALL,FRGAPO,289
082053,2024,T,Y4,4.0,ALL,FRGAPO,279
082053,2021,T,Y4,4.0,ALL,ITL,5372
082053,2022,T,Y4,4.0,ALL,ITL,5250
082053,2023,T,Y4,4.0,ALL,ITL,5157
082053,2024,T,Y4,4.0,ALL,ITL,4899
082053,2021,T,Y4,4.0,ALL,TOTAL,5710
082053,2022,T,Y4,4.0,ALL,TOTAL,5563
082053,2023,T,Y4,4.0,ALL,TOTAL,5446
082053,2024,T,Y4,4.0,ALL,TOTAL,5178
082053,2021,T,Y40,40.0,ALL,FRGAPO,548
082053,2022,T,Y40,40.0,ALL,FRGAPO,578
082053,2023,T,Y40,40.0,ALL,FRGAPO,533
082053,2024,T,Y40,40.0,ALL,FRGAPO,544
082053,2021,T,Y40,40.0,ALL,ITL,7305
082053,2022,T,Y40,40.0,ALL,ITL,7141
082053,2023,T,Y40,40.0,ALL,ITL,6999
082053,2024,T,Y40,40.0,ALL,ITL,7026
082053,2021,T,Y40,40.0,ALL,TOTAL,7853
082053,2022,T,Y40,40.0,ALL,TOTAL,7719
082053,2023,T,Y40,40.0,ALL,TOTAL,7532
082053,2024,T,Y40,40.0,ALL,TOTAL,7570
082053,2021,T,Y41,41.0,ALL,FRGAPO,643
082053,2022,T,Y41,41.0,ALL,FRGAPO,548
082053,2023,T,Y41,41.0,ALL,FRGAPO,566
082053,2024,T,Y41,41.0,ALL,FRGAPO,523
082053,2021,T,Y41,41.0,ALL,ITL,7688
082053,2022,T,Y41,41.0,ALL,ITL,7300
082053,2023,T,Y41,41.0,ALL,ITL,7195
082053,2024,T,Y41,41.0,ALL,ITL,7019
082053,2021,T,Y41,41.0,ALL,TOTAL,8331
082053,2022,T,Y41,41.0,ALL,TOTAL,7848
082053,2023,T,Y41,41.0,ALL,TOTAL,7761
082053,2024,T,Y41,41.0,ALL,TOTAL,7542
082053,2021,T,Y42,42.0,ALL,FRGAPO,624
082053,2022,T,Y42,42.0,ALL,FRGAPO,637
082053,2023,T,Y42,42.0,ALL,FRGAPO,532
082053,2024,T,Y42,42.0,ALL,FRGAPO,583
082053,2021,T,Y42,42.0,ALL,ITL,7830
082053,2022,T,Y42,42.0,ALL,ITL,7719
082053,2023,T,Y42,42.0,ALL,ITL,7333
082053,2024,T,Y42,42.0,ALL,ITL,7183
082053,2021,T,Y42,42.0,ALL,TOTAL,8454
082053,2022,T,Y42,42.0,ALL,TOTAL,8356
082053,2023,T,Y42,42.0,ALL,TOTAL,7865
082053,2024,T,Y42,42.0,ALL,TOTAL,7766
082053,2021,T,Y43,43.0,ALL,FRGAPO,602
082053,2022,T,Y43,43.0,ALL,FRGAPO,627
082053,2023,T,Y43,43.0,ALL,FRGAPO,629
082053,2024,T,Y43,43.0,ALL,FRGAPO,546
082053,2021,T,Y43,43.0,ALL,ITL,7865
082053,2022,T,Y43,43.0,ALL,ITL,7841
082053,2023,T,Y43,43.0,ALL,ITL,7768
082053,2024,T,Y43,43.0,ALL,ITL,7317
082053,2021,T,Y43,43.0,ALL,TOTAL,8467
082053,2022,T,Y43,43.0,ALL,TOTAL,8468
082053,2023,T,Y43,43.0,ALL,TOTAL,8397
082053,2024,T,Y43,43.0,ALL,TOTAL,7863
082053,2021,T,Y44,44.0,ALL,FRGAPO,542
082053,2022,T,Y44,44.0,ALL,FRGAPO,594
082053,2023,T,Y44,44.0,ALL,FRGAPO,607
082053,2024,T,Y44,44.0,ALL,FRGAPO,623
082053,2021,T,Y44,44.0,ALL,ITL,8127
082053,2022,T,Y44,44.0,ALL,ITL,7865
082053,2023,T,Y44,44.0,ALL,ITL,7905
082053,2024,T,Y44,44.0,ALL,ITL,7770
082053,2021,T,Y44,44.0,ALL,TOTAL,8669
082053,2022,T,Y44,44.0,ALL,TOTAL,8459
082053,2023,T,Y44,44.0,ALL,TOTAL,8512
082053,2024,T,Y44,44.0,ALL,TOTAL,8393
082053,2021,T,Y45,45.0,ALL,FRGAPO,570
082053,2022,T,Y45,45.0,ALL,FRGAPO,535
082053,2023,T,Y45,45.0,ALL,FRGAPO,579
082053,2024,T,Y45,45.0,ALL,FRGAPO,604
082053,2021,T,Y45,45.0,ALL,ITL,8440
082053,2022,T,Y45,45.0,ALL,ITL,8131
082053,2023,T,Y45,45.0,ALL,ITL,7877
082053,2024,T,Y45,45.0,ALL,ITL,7910
082053,2021,T,Y45,45.0,ALL,TOTAL,9010
082053,2022,T,Y45,45.0,ALL,TOTAL,8666
082053,2023,T,Y45,45.0,ALL,TOTAL,8456
082053,2024,T,Y45,45.0,ALL,TOTAL,8514
082053,2021,T,Y46,46.0,ALL,FRGAPO,564
082053,2022,T,Y46,46.0,ALL,FRGAPO,570
082053,2023,T,Y46,46.0,ALL,FRGAPO,506
082053,2024,T,Y46,46.0,ALL,FRGAPO,565
082053,2021,T,Y46,46.0,ALL,ITL,8919
082053,2022,T,Y46,46.0,ALL,ITL,8437
082053,2023,T,Y46,46.0,ALL,ITL,8124
082053,2024,T,Y46,46.0,ALL,ITL,7901
082053,2021,T,Y46,46.0,ALL,TOTAL,9483
082053,2022,T,Y46,46.0,ALL,TOTAL,9007
082053,2023,T,Y46,46.0,ALL,TOTAL,8630
082053,2024,T,Y46,46.0,ALL,TOTAL,8466
082053,2021,T,Y47,47.0,ALL,FRGAPO,492
082053,2022,T,Y47,47.0,ALL,FRGAPO,564
082053,2023,T,Y47,47.0,ALL,FRGAPO,541
082053,2024,T,Y47,47.0,ALL,FRGAPO,507
082053,2021,T,Y47,47.0,ALL,ITL,9262
082053,2022,T,Y47,47.0,ALL,ITL,8916
082053,2023,T,Y47,47.0,ALL,ITL,8463
082053,2024,T,Y47,47.0,ALL,ITL,8126
082053,2021,T,Y47,47.0,ALL,TOTAL,9754
082053,2022,T,Y47,47.0,ALL,TOTAL,9480
082053,2023,T,Y47,47.0,ALL,TOTAL,9004
082053,2024,T,Y47,47.0,ALL,TOTAL,8633
082053,2021,T,Y48,48.0,ALL,FRGAPO,468
082053,2022,T,Y48,48.0,ALL,FRGAPO,487
082053,2023,T,Y48,48.0,ALL,FRGAPO,541
082053,2024,T,Y48,48.0,ALL,FRGAPO,522
082053,2021,T,Y48,48.0,ALL,ITL,8947
082053,2022,T,Y48,48.0,ALL,ITL,9279
082053,2023,T,Y48,48.0,ALL,ITL,8928
082053,2024,T,Y48,48.0,ALL,ITL,8452
082053,2021,T,Y48,48.0,ALL,TOTAL,9415
082053,2022,T,Y48,48.0,ALL,TOTAL,9766
082053,2023,T,Y48,48.0,ALL,TOTAL,9469
082053,2024,T,Y48,48.0,ALL,TOTAL,8974
082053,2021,T,Y49,49.0,ALL,FRGAPO,485
082053,2022,T,Y49,49.0,ALL,FRGAPO,465
082053,2023,T,Y49,49.0,ALL,FRGAPO,460
082053,2024,T,Y49,49.0,ALL,FRGAPO,531
082053,2021,T,Y49,49.0,ALL,ITL,9115
082053,2022,T,Y49,49.0,ALL,ITL,8919
082053,2023,T,Y49,49.0,ALL,ITL,9277
082053,2024,T,Y49,49.0,ALL,ITL,8908
082053,2021,T,Y49,49.0,ALL,TOTAL,9600
082053,2022,T,Y49,49.0,ALL,TOTAL,9384
082053,2023,T,Y49,49.0,ALL,TOTAL,9737
082053,2024,T,Y49,49.0,ALL,TOTAL,9439
082053,2021,T,Y5,5.0,ALL,FRGAPO,309
082053,2022,T,Y5,5.0,ALL,FRGAPO,328
082053,2023,T,Y5,5.0,ALL,FRGAPO,314
082053,2024,T,Y5,5.0,ALL,FRGAPO,286
082053,2021,T,Y5,5.0,ALL,ITL,5229
082053,2022,T,Y5,5.0,ALL,ITL,5373
082053,2023,T,Y5,5.0,ALL,ITL,5269
082053,2024,T,Y5,5.0,ALL,ITL,5160
082053,2021,T,Y5,5.0,ALL,TOTAL,5538
082053,2022,T,Y5,5.0,ALL,TOTAL,5701
082053,2023,T,Y5,5.0,ALL,TOTAL,5583
082053,2024,T,Y5,5.0,ALL,TOTAL,5446
082053,2021,T,Y50,50.0,ALL,FRGAPO,406
082053,2022,T,Y50,50.0,ALL,FRGAPO,477
082053,2023,T,Y50,50.0,ALL,FRGAPO,446
082053,2024,T,Y50,50.0,ALL,FRGAPO,458
082053,2021,T,Y50,50.0,ALL,ITL,9379
082053,2022,T,Y50,50.0,ALL,ITL,9107
082053,2023,T,Y50,50.0,ALL,ITL,8908
082053,2024,T,Y50,50.0,ALL,ITL,9275
082053,2021,T,Y50,50.0,ALL,TOTAL,9785
082053,2022,T,Y50,50.0,ALL,TOTAL,9584
082053,2023,T,Y50,50.0,ALL,TOTAL,9354
082053,2024,T,Y50,50.0,ALL,TOTAL,9733
082053,2021,T,Y51,51.0,ALL,FRGAPO,478
082053,2022,T,Y51,51.0,ALL,FRGAPO,403
082053,2023,T,Y51,51.0,ALL,FRGAPO,470
082053,2024,T,Y51,51.0,ALL,FRGAPO,425
082053,2021,T,Y51,51.0,ALL,ITL,9008
082053,2022,T,Y51,51.0,ALL,ITL,9354
082053,2023,T,Y51,51.0,ALL,ITL,9126
082053,2024,T,Y51,51.0,ALL,ITL,8946
082053,2021,T,Y51,51.0,ALL,TOTAL,9486
082053,2022,T,Y51,51.0,ALL,TOTAL,9757
082053,2023,T,Y51,51.0,ALL,TOTAL,9596
082053,2024,T,Y51,51.0,ALL,TOTAL,9371
082053,2021,T,Y52,52.0,ALL,FRGAPO,448
082053,2022,T,Y52,52.0,ALL,FRGAPO,458
082053,2023,T,Y52,52.0,ALL,FRGAPO,385
082053,2024,T,Y52,52.0,ALL,FRGAPO,468
082053,2021,T,Y52,52.0,ALL,ITL,9410
082053,2022,T,Y52,52.0,ALL,ITL,8992
082053,2023,T,Y52,52.0,ALL,ITL,9355
082053,2024,T,Y52,52.0,ALL,ITL,9130
082053,2021,T,Y52,52.0,ALL,TOTAL,9858
082053,2022,T,Y52,52.0,ALL,TOTAL,9450
082053,2023,T,Y52,52.0,ALL,TOTAL,9740
082053,2024,T,Y52,52.0,ALL,TOTAL,9598
082053,2021,T,Y53,53.0,ALL,FRGAPO,455
082053,2022,T,Y53,53.0,ALL,FRGAPO,445
082053,2023,T,Y53,53.0,ALL,FRGAPO,436
082053,2024,T,Y53,53.0,ALL,FRGAPO,365
082053,2021,T,Y53,53.0,ALL,ITL,9243
082053,2022,T,Y53,53.0,ALL,ITL,9380
082053,2023,T,Y53,53.0,ALL,ITL,8997
082053,2024,T,Y53,53.0,ALL,ITL,9354
082053,2021,T,Y53,53.0,ALL,TOTAL,9698
082053,2022,T,Y53,53.0,ALL,TOTAL,9825
082053,2023,T,Y53,53.0,ALL,TOTAL,9433
082053,2024,T,Y53,53.0,ALL,TOTAL,9719
082053,2021,T,Y54,54.0,ALL,FRGAPO,412
082053,2022,T,Y54,54.0,ALL,FRGAPO,455
082053,2023,T,Y54,54.0,ALL,FRGAPO,430
082053,2024,T,Y54,54.0,ALL,FRGAPO,424
082053,2021,T,Y54,54.0,ALL,ITL,9176
082053,2022,T,Y54,54.0,ALL,ITL,9236
082053,2023,T,Y54,54.0,ALL,ITL,9367
082053,2024,T,Y54,54.0,ALL,ITL,8995
082053,2021,T,Y54,54.0,ALL,TOTAL,9588
082053,2022,T,Y54,54.0,ALL,TOTAL,9691
082053,2023,T,Y54,54.0,ALL,TOTAL,9797
082053,2024,T,Y54,54.0,ALL,TOTAL,9419
082053,2021,T,Y55,55.0,ALL,FRGAPO,366
082053,2022,T,Y55,55.0,ALL,FRGAPO,417
082053,2023,T,Y55,55.0,ALL,FRGAPO,441
082053,2024,T,Y55,55.0,ALL,FRGAPO,421
082053,2021,T,Y55,55.0,ALL,ITL,9471
082053,2022,T,Y55,55.0,ALL,ITL,9196
082053,2023,T,Y55,55.0,ALL,ITL,9229
082053,2024,T,Y55,55.0,ALL,ITL,9354
082053,2021,T,Y55,55.0,ALL,TOTAL,9837
082053,2022,T,Y55,55.0,ALL,TOTAL,9613
082053,2023,T,Y55,55.0,ALL,TOTAL,9670
082053,2024,T,Y55,55.0,ALL,TOTAL,9775
082053,2021,T,Y56,56.0,ALL,FRGAPO,338
082053,2022,T,Y56,56.0,ALL,FRGAPO,366
082053,2023,T,Y56,56.0,ALL,FRGAPO,395
082053,2024,T,Y56,56.0,ALL,FRGAPO,434
082053,2021,T,Y56,56.0,ALL,ITL,9560
082053,2022,T,Y56,56.0,ALL,ITL,9440
082053,2023,T,Y56,56.0,ALL,ITL,9153
082053,2024,T,Y56,56.0,ALL,ITL,9221
082053,2021,T,Y56,56.0,ALL,TOTAL,9898
082053,2022,T,Y56,56.0,ALL,TOTAL,9806
082053,2023,T,Y56,56.0,ALL,TOTAL,9548
082053,2024,T,Y56,56.0,ALL,TOTAL,9655
082053,2021,T,Y57,57.0,ALL,FRGAPO,314
082053,2022,T,Y57,57.0,ALL,FRGAPO,339
082053,2023,T,Y57,57.0,ALL,FRGAPO,363
082053,2024,T,Y57,57.0,ALL,FRGAPO,394
082053,2021,T,Y57,57.0,ALL,ITL,9789
082053,2022,T,Y57,57.0,ALL,ITL,9497
082053,2023,T,Y57,57.0,ALL,ITL,9416
082053,2024,T,Y57,57.0,ALL,ITL,9132
082053,2021,T,Y57,57.0,ALL,TOTAL,10103
082053,2022,T,Y57,57.0,ALL,TOTAL,9836
082053,2023,T,Y57,57.0,ALL,TOTAL,9779
082053,2024,T,Y57,57.0,ALL,TOTAL,9526
082053,2021,T,Y58,58.0,ALL,FRGAPO,314
082053,2022,T,Y58,58.0,ALL,FRGAPO,313
082053,2023,T,Y58,58.0,ALL,FRGAPO,319
082053,2024,T,Y58,58.0,ALL,FRGAPO,364
082053,2021,T,Y58,58.0,ALL,ITL,9297
082053,2022,T,Y58,58.0,ALL,ITL,9773
082053,2023,T,Y58,58.0,ALL,ITL,9480
082053,2024,T,Y58,58.0,ALL,ITL,9406
082053,2021,T,Y58,58.0,ALL,TOTAL,9611
082053,2022,T,Y58,58.0,ALL,TOTAL,10086
082053,2023,T,Y58,58.0,ALL,TOTAL,9799
082053,2024,T,Y58,58.0,ALL,TOTAL,9770
082053,2021,T,Y59,59.0,ALL,FRGAPO,307
082053,2022,T,Y59,59.0,ALL,FRGAPO,303
082053,2023,T,Y59,59.0,ALL,FRGAPO,305
082053,2024,T,Y59,59.0,ALL,FRGAPO,317
082053,2021,T,Y59,59.0,ALL,ITL,9272
082053,2022,T,Y59,59.0,ALL,ITL,9266
082053,2023,T,Y59,59.0,ALL,ITL,9726
082053,2024,T,Y59,59.0,ALL,ITL,9454
082053,2021,T,Y59,59.0,ALL,TOTAL,9579
082053,2022,T,Y59,59.0,ALL,TOTAL,9569
082053,2023,T,Y59,59.0,ALL,TOTAL,10031
082053,2024,T,Y59,59.0,ALL,TOTAL,9771
082053,2021,T,Y6,6.0,ALL,FRGAPO,329
082053,2022,T,Y6,6.0,ALL,FRGAPO,313
082053,2023,T,Y6,6.0,ALL,FRGAPO,321
082053,2024,T,Y6,6.0,ALL,FRGAPO,315
082053,2021,T,Y6,6.0,ALL,ITL,5663
082053,2022,T,Y6,6.0,ALL,ITL,5249
082053,2023,T,Y6,6.0,ALL,ITL,5400
082053,2024,T,Y6,6.0,ALL,ITL,5264
082053,2021,T,Y6,6.0,ALL,TOTAL,5992
082053,2022,T,Y6,6.0,ALL,TOTAL,5562
082053,2023,T,Y6,6.0,ALL,TOTAL,5721
082053,2024,T,Y6,6.0,ALL,TOTAL,5579
082053,2021,T,Y60,60.0,ALL,FRGAPO,253
082053,2022,T,Y60,60.0,ALL,FRGAPO,298
082053,2023,T,Y60,60.0,ALL,FRGAPO,279
082053,2024,T,Y60,60.0,ALL,FRGAPO,296
082053,2021,T,Y60,60.0,ALL,ITL,8973
082053,2022,T,Y60,60.0,ALL,ITL,9237
082053,2023,T,Y60,60.0,ALL,ITL,9243
082053,2024,T,Y60,60.0,ALL,ITL,9702
082053,2021,T,Y60,60.0,ALL,TOTAL,9226
082053,2022,T,Y60,60.0,ALL,TOTAL,9535
082053,2023,T,Y60,60.0,ALL,TOTAL,9522
082053,2024,T,Y60,60.0,ALL,TOTAL,9998
082053,2021,T,Y61,61.0,ALL,FRGAPO,259
082053,2022,T,Y61,61.0,ALL,FRGAPO,253
082053,2023,T,Y61,61.0,ALL,FRGAPO,287
082053,2024,T,Y61,61.0,ALL,FRGAPO,273
082053,2021,T,Y61,61.0,ALL,ITL,8548
082053,2022,T,Y61,61.0,ALL,ITL,8922
082053,2023,T,Y61,61.0,ALL,ITL,9210
082053,2024,T,Y61,61.0,ALL,ITL,9202
082053,2021,T,Y61,61.0,ALL,TOTAL,8807
082053,2022,T,Y61,61.0,ALL,TOTAL,9175
082053,2023,T,Y61,61.0,ALL,TOTAL,9497
082053,2024,T,Y61,61.0,ALL,TOTAL,9475
082053,2021,T,Y62,62.0,ALL,FRGAPO,244
082053,2022,T,Y62,62.0,ALL,FRGAPO,256
082053,2023,T,Y62,62.0,ALL,FRGAPO,239
082053,2024,T,Y62,62.0,ALL,FRGAPO,283
082053,2021,T,Y62,62.0,ALL,ITL,8485
082053,2022,T,Y62,62.0,ALL,ITL,8495
082053,2023,T,Y62,62.0,ALL,ITL,8849
082053,2024,T,Y62,62.0,ALL,ITL,9164
082053,2021,T,Y62,62.0,ALL,TOTAL,8729
082053,2022,T,Y62,62.0,ALL,TOTAL,8751
082053,2023,T,Y62,62.0,ALL,TOTAL,9088
082053,2024,T,Y62,62.0,ALL,TOTAL,9447
082053,2021,T,Y63,63.0,ALL,FRGAPO,194
082053,2022,T,Y63,63.0,ALL,FRGAPO,240
082053,2023,T,Y63,63.0,ALL,FRGAPO,250
082053,2024,T,Y63,63.0,ALL,FRGAPO,233
082053,2021,T,Y63,63.0,ALL,ITL,8208
082053,2022,T,Y63,63.0,ALL,ITL,8406
082053,2023,T,Y63,63.0,ALL,ITL,8456
082053,2024,T,Y63,63.0,ALL,ITL,8781
082053,2021,T,Y63,63.0,ALL,TOTAL,8402
082053,2022,T,Y63,63.0,ALL,TOTAL,8646
082053,2023,T,Y63,63.0,ALL,TOTAL,8706
082053,2024,T,Y63,63.0,ALL,TOTAL,9014
082053,2021,T,Y64,64.0,ALL,FRGAPO,157
082053,2022,T,Y64,64.0,ALL,FRGAPO,191
082053,2023,T,Y64,64.0,ALL,FRGAPO,222
082053,2024,T,Y64,64.0,ALL,FRGAPO,245
082053,2021,T,Y64,64.0,ALL,ITL,8383
082053,2022,T,Y64,64.0,ALL,ITL,8159
082053,2023,T,Y64,64.0,ALL,ITL,8341
082053,2024,T,Y64,64.0,ALL,ITL,8439
082053,2021,T,Y64,64.0,ALL,TOTAL,8540
082053,2022,T,Y64,64.0,ALL,TOTAL,8350
082053,2023,T,Y64,64.0,ALL,TOTAL,8563
082053,2024,T,Y64,64.0,ALL,TOTAL,8684
082053,2021,T,Y65,65.0,ALL,FRGAPO,135
082053,2022,T,Y65,65.0,ALL,FRGAPO,153
082053,2023,T,Y65,65.0,ALL,FRGAPO,174
082053,2024,T,Y65,65.0,ALL,FRGAPO,217
082053,2021,T,Y65,65.0,ALL,ITL,8058
082053,2022,T,Y65,65.0,ALL,ITL,8307
082053,2023,T,Y65,65.0,ALL,ITL,8100
082053,2024,T,Y65,65.0,ALL,ITL,8287
082053,2021,T,Y65,65.0,ALL,TOTAL,8193
082053,2022,T,Y65,65.0,ALL,TOTAL,8460
082053,2023,T,Y65,65.0,ALL,TOTAL,8274
082053,2024,T,Y65,65.0,ALL,TOTAL,8504
082053,2021,T,Y66,66.0,ALL,FRGAPO,123
082053,2022,T,Y66,66.0,ALL,FRGAPO,135
082053,2023,T,Y66,66.0,ALL,FRGAPO,143
082053,2024,T,Y66,66.0,ALL,FRGAPO,167
082053,2021,T,Y66,66.0,ALL,ITL,7962
082053,2022,T,Y66,66.0,ALL,ITL,7987
082053,2023,T,Y66,66.0,ALL,ITL,8243
082053,2024,T,Y66,66.0,ALL,ITL,8030
082053,2021,T,Y66,66.0,ALL,TOTAL,8085
082053,2022,T,Y66,66.0,ALL,TOTAL,8122
082053,2023,T,Y66,66.0,ALL,TOTAL,8386
082053,2024,T,Y66,66.0,ALL,TOTAL,8197
082053,2021,T,Y67,67.0,ALL,FRGAPO,108
082053,2022,T,Y67,67.0,ALL,FRGAPO,116
082053,2023,T,Y67,67.0,ALL,FRGAPO,126
082053,2024,T,Y67,67.0,ALL,FRGAPO,129
082053,2021,T,Y67,67.0,ALL,ITL,7929
082053,2022,T,Y67,67.0,ALL,ITL,7875
082053,2023,T,Y67,67.0,ALL,ITL,7902
082053,2024,T,Y67,67.0,ALL,ITL,8175
082053,2021,T,Y67,67.0,ALL,TOTAL,8037
082053,2022,T,Y67,67.0,ALL,TOTAL,7991
082053,2023,T,Y67,67.0,ALL,TOTAL,8028
082053,2024,T,Y67,67.0,ALL,TOTAL,8304
082053,2021,T,Y68,68.0,ALL,FRGAPO,83
082053,2022,T,Y68,68.0,ALL,FRGAPO,102
082053,2023,T,Y68,68.0,ALL,FRGAPO,111
082053,2024,T,Y68,68.0,ALL,FRGAPO,127
082053,2021,T,Y68,68.0,ALL,ITL,7494
082053,2022,T,Y68,68.0,ALL,ITL,7815
082053,2023,T,Y68,68.0,ALL,ITL,7767
082053,2024,T,Y68,68.0,ALL,ITL,7829
082053,2021,T,Y68,68.0,ALL,TOTAL,7577
082053,2022,T,Y68,68.0,ALL,TOTAL,7917
082053,2023,T,Y68,68.0,ALL,TOTAL,7878
082053,2024,T,Y68,68.0,ALL,TOTAL,7956
082053,2021,T,Y69,69.0,ALL,FRGAPO,85
082053,2022,T,Y69,69.0,ALL,FRGAPO,86
082053,2023,T,Y69,69.0,ALL,FRGAPO,101
082053,2024,T,Y69,69.0,ALL,FRGAPO,108
082053,2021,T,Y69,69.0,ALL,ITL,7518
082053,2022,T,Y69,69.0,ALL,ITL,7364
082053,2023,T,Y69,69.0,ALL,ITL,7719
082053,2024,T,Y69,69.0,ALL,ITL,7720
082053,2021,T,Y69,69.0,ALL,TOTAL,7603
082053,2022,T,Y69,69.0,ALL,TOTAL,7450
082053,2023,T,Y69,69.0,ALL,TOTAL,7820
082053,2024,T,Y69,69.0,ALL,TOTAL,7828
082053,2021,T,Y7,7.0,ALL,FRGAPO,293
082053,2022,T,Y7,7.0,ALL,FRGAPO,325
082053,2023,T,Y7,7.0,ALL,FRGAPO,306
082053,2024,T,Y7,7.0,ALL,FRGAPO,326
082053,2021,T,Y7,7.0,ALL,ITL,5697
082053,2022,T,Y7,7.0,ALL,ITL,5664
082053,2023,T,Y7,7.0,ALL,ITL,5250
082053,2024,T,Y7,7.0,ALL,ITL,5419
082053,2021,T,Y7,7.0,ALL,TOTAL,5990
082053,2022,T,Y7,7.0,ALL,TOTAL,5989
082053,2023,T,Y7,7.0,ALL,TOTAL,5556
082053,2024,T,Y7,7.0,ALL,TOTAL,5745
082053,2021,T,Y70,70.0,ALL,FRGAPO,65
082053,2022,T,Y70,70.0,ALL,FRGAPO,84
082053,2023,T,Y70,70.0,ALL,FRGAPO,87
082053,2024,T,Y70,70.0,ALL,FRGAPO,99
082053,2021,T,Y70,70.0,ALL,ITL,7166
082053,2022,T,Y70,70.0,ALL,ITL,7404
082053,2023,T,Y70,70.0,ALL,ITL,7258
082053,2024,T,Y70,70.0,ALL,ITL,7609
082053,2021,T,Y70,70.0,ALL,TOTAL,7231
082053,2022,T,Y70,70.0,ALL,TOTAL,7488
082053,2023,T,Y70,70.0,ALL,TOTAL,7345
082053,2024,T,Y70,70.0,ALL,TOTAL,7708
082053,2021,T,Y71,71.0,ALL,FRGAPO,58
082053,2022,T,Y71,71.0,ALL,FRGAPO,62
082053,2023,T,Y71,71.0,ALL,FRGAPO,77
082053,2024,T,Y71,71.0,ALL,FRGAPO,85
082053,2021,T,Y71,71.0,ALL,ITL,7422
082053,2022,T,Y71,71.0,ALL,ITL,7027
082053,2023,T,Y71,71.0,ALL,ITL,7259
082053,2024,T,Y71,71.0,ALL,ITL,7148
082053,2021,T,Y71,71.0,ALL,TOTAL,7480
082053,2022,T,Y71,71.0,ALL,TOTAL,7089
082053,2023,T,Y71,71.0,ALL,TOTAL,7336
082053,2024,T,Y71,71.0,ALL,TOTAL,7233
082053,2021,T,Y72,72.0,ALL,FRGAPO,49
082053,2022,T,Y72,72.0,ALL,FRGAPO,57
082053,2023,T,Y72,72.0,ALL,FRGAPO,52
082053,2024,T,Y72,72.0,ALL,FRGAPO,72
082053,2021,T,Y72,72.0,ALL,ITL,7200
082053,2022,T,Y72,72.0,ALL,ITL,7254
082053,2023,T,Y72,72.0,ALL,ITL,6896
082053,2024,T,Y72,72.0,ALL,ITL,7111
082053,2021,T,Y72,72.0,ALL,TOTAL,7249
082053,2022,T,Y72,72.0,ALL,TOTAL,7311
082053,2023,T,Y72,72.0,ALL,TOTAL,6948
082053,2024,T,Y72,72.0,ALL,TOTAL,7183
082053,2021,T,Y73,73.0,ALL,FRGAPO,42
082053,2022,T,Y73,73.0,ALL,FRGAPO,48
082053,2023,T,Y73,73.0,ALL,FRGAPO,49
082053,2024,T,Y73,73.0,ALL,FRGAPO,50
082053,2021,T,Y73,73.0,ALL,ITL,7265
082053,2022,T,Y73,73.0,ALL,ITL,7021
082053,2023,T,Y73,73.0,ALL,ITL,7102
082053,2024,T,Y73,73.0,ALL,ITL,6789
082053,2021,T,Y73,73.0,ALL,TOTAL,7307
082053,2022,T,Y73,73.0,ALL,TOTAL,7069
082053,2023,T,Y73,73.0,ALL,TOTAL,7151
082053,2024,T,Y73,73.0,ALL,TOTAL,6839
082053,2021,T,Y74,74.0,ALL,FRGAPO,39
082053,2022,T,Y74,74.0,ALL,FRGAPO,43
082053,2023,T,Y74,74.0,ALL,FRGAPO,44
082053,2024,T,Y74,74.0,ALL,FRGAPO,49
082053,2021,T,Y74,74.0,ALL,ITL,7211
082053,2022,T,Y74,74.0,ALL,ITL,7108
082053,2023,T,Y74,74.0,ALL,ITL,6869
082053,2024,T,Y74,74.0,ALL,ITL,6965
082053,2021,T,Y74,74.0,ALL,TOTAL,7250
082053,2022,T,Y74,74.0,ALL,TOTAL,7151
082053,2023,T,Y74,74.0,ALL,TOTAL,6913
082053,2024,T,Y74,74.0,ALL,TOTAL,7014
082053,2021,T,Y75,75.0,ALL,FRGAPO,34
082053,2022,T,Y75,75.0,ALL,FRGAPO,37
082053,2023,T,Y75,75.0,ALL,FRGAPO,43
082053,2024,T,Y75,75.0,ALL,FRGAPO,44
082053,2021,T,Y75,75.0,ALL,ITL,6579
082053,2022,T,Y75,75.0,ALL,ITL,7031
082053,2023,T,Y75,75.0,ALL,ITL,6946
082053,2024,T,Y75,75.0,ALL,ITL,6692
082053,2021,T,Y75,75.0,ALL,TOTAL,6613
082053,2022,T,Y75,75.0,ALL,TOTAL,7068
082053,2023,T,Y75,75.0,ALL,TOTAL,6989
082053,2024,T,Y75,75.0,ALL,TOTAL,6736
082053,2021,T,Y76,76.0,ALL,FRGAPO,17
082053,2022,T,Y76,76.0,ALL,FRGAPO,36
082053,2023,T,Y76,76.0,ALL,FRGAPO,37
082053,2024,T,Y76,76.0,ALL,FRGAPO,39
082053,2021,T,Y76,76.0,ALL,ITL,5738
082053,2022,T,Y76,76.0,ALL,ITL,6382
082053,2023,T,Y76,76.0,ALL,ITL,6832
082053,2024,T,Y76,76.0,ALL,ITL,6696
082053,2021,T,Y76,76.0,ALL,TOTAL,5755
082053,2022,T,Y76,76.0,ALL,TOTAL,6418
082053,2023,T,Y76,76.0,ALL,TOTAL,6869
082053,2024,T,Y76,76.0,ALL,TOTAL,6735
082053,2021,T,Y77,77.0,ALL,FRGAPO,23
082053,2022,T,Y77,77.0,ALL,FRGAPO,19
082053,2023,T,Y77,77.0,ALL,FRGAPO,35
082053,2024,T,Y77,77.0,ALL,FRGAPO,36
082053,2021,T,Y77,77.0,ALL,ITL,5348
082053,2022,T,Y77,77.0,ALL,ITL,5553
082053,2023,T,Y77,77.0,ALL,ITL,6164
082053,2024,T,Y77,77.0,ALL,ITL,6643
082053,2021,T,Y77,77.0,ALL,TOTAL,5371
082053,2022,T,Y77,77.0,ALL,TOTAL,5572
082053,2023,T,Y77,77.0,ALL,TOTAL,6199
082053,2024,T,Y77,77.0,ALL,TOTAL,6679
082053,2021,T,Y78,78.0,ALL,FRGAPO,15
082053,2022,T,Y78,78.0,ALL,FRGAPO,22
082053,2023,T,Y78,78.0,ALL,FRGAPO,18
082053,2024,T,Y78,78.0,ALL,FRGAPO,33
082053,2021,T,Y78,78.0,ALL,ITL,4430
082053,2022,T,Y78,78.0,ALL,ITL,5115
082053,2023,T,Y78,78.0,ALL,ITL,5378
082053,2024,T,Y78,78.0,ALL,ITL,5970
082053,2021,T,Y78,78.0,ALL,TOTAL,4445
082053,2022,T,Y78,78.0,ALL,TOTAL,5137
082053,2023,T,Y78,78.0,ALL,TOTAL,5396
082053,2024,T,Y78,78.0,ALL,TOTAL,6003
082053,2021,T,Y79,79.0,ALL,FRGAPO,8
082053,2022,T,Y79,79.0,ALL,FRGAPO,14
082053,2023,T,Y79,79.0,ALL,FRGAPO,20
082053,2024,T,Y79,79.0,ALL,FRGAPO,16
082053,2021,T,Y79,79.0,ALL,ITL,4567
082053,2022,T,Y79,79.0,ALL,ITL,4212
082053,2023,T,Y79,79.0,ALL,ITL,4936
082053,2024,T,Y79,79.0,ALL,ITL,5169
082053,2021,T,Y79,79.0,ALL,TOTAL,4575
082053,2022,T,Y79,79.0,ALL,TOTAL,4226
082053,2023,T,Y79,79.0,ALL,TOTAL,4956
082053,2024,T,Y79,79.0,ALL,TOTAL,5185
082053,2021,T,Y8,8.0,ALL,FRGAPO,276
082053,2022,T,Y8,8.0,ALL,FRGAPO,294
082053,2023,T,Y8,8.0,ALL,FRGAPO,320
082053,2024,T,Y8,8.0,ALL,FRGAPO,306
082053,2021,T,Y8,8.0,ALL,ITL,5699
082053,2022,T,Y8,8.0,ALL,ITL,5679
082053,2023,T,Y8,8.0,ALL,ITL,5703
082053,2024,T,Y8,8.0,ALL,ITL,5231
082053,2021,T,Y8,8.0,ALL,TOTAL,5975
082053,2022,T,Y8,8.0,ALL,TOTAL,5973
082053,2023,T,Y8,8.0,ALL,TOTAL,6023
082053,2024,T,Y8,8.0,ALL,TOTAL,5537
082053,2021,T,Y80,80.0,ALL,FRGAPO,12
082053,2022,T,Y80,80.0,ALL,FRGAPO,9
082053,2023,T,Y80,80.0,ALL,FRGAPO,15
082053,2024,T,Y80,80.0,ALL,FRGAPO,20
082053,2021,T,Y80,80.0,ALL,ITL,4445
082053,2022,T,Y80,80.0,ALL,ITL,4351
082053,2023,T,Y80,80.0,ALL,ITL,3998
082053,2024,T,Y80,80.0,ALL,ITL,4736
082053,2021,T,Y80,80.0,ALL,TOTAL,4457
082053,2022,T,Y80,80.0,ALL,TOTAL,4360
082053,2023,T,Y80,80.0,ALL,TOTAL,4013
082053,2024,T,Y80,80.0,ALL,TOTAL,4756
082053,2021,T,Y81,81.0,ALL,FRGAPO,10
082053,2022,T,Y81,81.0,ALL,FRGAPO,13
082053,2023,T,Y81,81.0,ALL,FRGAPO,8
082053,2024,T,Y81,81.0,ALL,FRGAPO,14
082053,2021,T,Y81,81.0,ALL,ITL,4522
082053,2022,T,Y81,81.0,ALL,ITL,4195
082053,2023,T,Y81,81.0,ALL,ITL,4130
082053,2024,T,Y81,81.0,ALL,ITL,3801
082053,2021,T,Y81,81.0,ALL,TOTAL,4532
082053,2022,T,Y81,81.0,ALL,TOTAL,4208
082053,2023,T,Y81,81.0,ALL,TOTAL,4138
082053,2024,T,Y81,81.0,ALL,TOTAL,3815
082053,2021,T,Y82,82.0,ALL,FRGAPO,13
082053,2022,T,Y82,82.0,ALL,FRGAPO,11
082053,2023,T,Y82,82.0,ALL,FRGAPO,11
082053,2024,T,Y82,82.0,ALL,FRGAPO,8
082053,2021,T,Y82,82.0,ALL,ITL,3983
082053,2022,T,Y82,82.0,ALL,ITL,4231
082053,2023,T,Y82,82.0,ALL,ITL,3949
082053,2024,T,Y82,82.0,ALL,ITL,3932
082053,2021,T,Y82,82.0,ALL,TOTAL,3996
082053,2022,T,Y82,82.0,ALL,TOTAL,4242
082053,2023,T,Y82,82.0,ALL,TOTAL,3960
082053,2024,T,Y82,82.0,ALL,TOTAL,3940
082053,2021,T,Y83,83.0,ALL,FRGAPO,5
082053,2022,T,Y83,83.0,ALL,FRGAPO,13
082053,2023,T,Y83,83.0,ALL,FRGAPO,10
082053,2024,T,Y83,83.0,ALL,FRGAPO,12
082053,2021,T,Y83,83.0,ALL,ITL,3848
082053,2022,T,Y83,83.0,ALL,ITL,3708
082053,2023,T,Y83,83.0,ALL,ITL,3974
082053,2024,T,Y83,83.0,ALL,ITL,3693
082053,2021,T,Y83,83.0,ALL,TOTAL,3853
082053,2022,T,Y83,83.0,ALL,TOTAL,3721
082053,2023,T,Y83,83.0,ALL,TOTAL,3984
082053,2024,T,Y83,83.0,ALL,TOTAL,3705
082053,2021,T,Y84,84.0,ALL,FRGAPO,10
082053,2022,T,Y84,84.0,ALL,FRGAPO,6
082053,2023,T,Y84,84.0,ALL,FRGAPO,13
082053,2024,T,Y84,84.0,ALL,FRGAPO,11
082053,2021,T,Y84,84.0,ALL,ITL,3276
082053,2022,T,Y84,84.0,ALL,ITL,3558
082053,2023,T,Y84,84.0,ALL,ITL,3455
082053,2024,T,Y84,84.0,ALL,ITL,3727
082053,2021,T,Y84,84.0,ALL,TOTAL,3286
082053,2022,T,Y84,84.0,ALL,TOTAL,3564
082053,2023,T,Y84,84.0,ALL,TOTAL,3468
082053,2024,T,Y84,84.0,ALL,TOTAL,3738
082053,2021,T,Y85,85.0,ALL,FRGAPO,5
082053,2022,T,Y85,85.0,ALL,FRGAPO,10
082053,2023,T,Y85,85.0,ALL,FRGAPO,6
082053,2024,T,Y85,85.0,ALL,FRGAPO,13
082053,2021,T,Y85,85.0,ALL,ITL,2929
082053,2022,T,Y85,85.0,ALL,ITL,3005
082053,2023,T,Y85,85.0,ALL,ITL,3311
082053,2024,T,Y85,85.0,ALL,ITL,3192
082053,2021,T,Y85,85.0,ALL,TOTAL,2934
082053,2022,T,Y85,85.0,ALL,TOTAL,3015
082053,2023,T,Y85,85.0,ALL,TOTAL,3317
082053,2024,T,Y85,85.0,ALL,TOTAL,3205
082053,2021,T,Y86,86.0,ALL,FRGAPO,4
082053,2022,T,Y86,86.0,ALL,FRGAPO,4
082053,2023,T,Y86,86.0,ALL,FRGAPO,11
082053,2024,T,Y86,86.0,ALL,FRGAPO,6
082053,2021,T,Y86,86.0,ALL,ITL,2675
082053,2022,T,Y86,86.0,ALL,ITL,2648
082053,2023,T,Y86,86.0,ALL,ITL,2744
082053,2024,T,Y86,86.0,ALL,ITL,3021
082053,2021,T,Y86,86.0,ALL,TOTAL,2679
082053,2022,T,Y86,86.0,ALL,TOTAL,2652
082053,2023,T,Y86,86.0,ALL,TOTAL,2755
082053,2024,T,Y86,86.0,ALL,TOTAL,3027
082053,2021,T,Y87,87.0,ALL,FRGAPO,4
082053,2022,T,Y87,87.0,ALL,FRGAPO,4
082053,2023,T,Y87,87.0,ALL,FRGAPO,4
082053,2024,T,Y87,87.0,ALL,FRGAPO,8
082053,2021,T,Y87,87.0,ALL,ITL,2506
082053,2022,T,Y87,87.0,ALL,ITL,2375
082053,2023,T,Y87,87.0,ALL,ITL,2355
082053,2024,T,Y87,87.0,ALL,ITL,2471
082053,2021,T,Y87,87.0,ALL,TOTAL,2510
082053,2022,T,Y87,87.0,ALL,TOTAL,2379
082053,2023,T,Y87,87.0,ALL,TOTAL,2359
082053,2024,T,Y87,87.0,ALL,TOTAL,2479
082053,2021,T,Y88,88.0,ALL,FRGAPO,3
082053,2022,T,Y88,88.0,ALL,FRGAPO,3
082053,2023,T,Y88,88.0,ALL,FRGAPO,4
082053,2024,T,Y88,88.0,ALL,FRGAPO,2
082053,2021,T,Y88,88.0,ALL,ITL,2212
082053,2022,T,Y88,88.0,ALL,ITL,2196
082053,2023,T,Y88,88.0,ALL,ITL,2100
082053,2024,T,Y88,88.0,ALL,ITL,2085
082053,2021,T,Y88,88.0,ALL,TOTAL,2215
082053,2022,T,Y88,88.0,ALL,TOTAL,2199
082053,2023,T,Y88,88.0,ALL,TOTAL,2104
082053,2024,T,Y88,88.0,ALL,TOTAL,2087
082053,2021,T,Y89,89.0,ALL,FRGAPO,5
082053,2022,T,Y89,89.0,ALL,FRGAPO,3
082053,2023,T,Y89,89.0,ALL,FRGAPO,4
082053,2024,T,Y89,89.0,ALL,FRGAPO,4
082053,2021,T,Y89,89.0,ALL,ITL,1762
082053,2022,T,Y89,89.0,ALL,ITL,1913
082053,2023,T,Y89,89.0,ALL,ITL,1886
082053,2024,T,Y89,89.0,ALL,ITL,1861
082053,2021,T,Y89,89.0,ALL,TOTAL,1767
082053,2022,T,Y89,89.0,ALL,TOTAL,1916
082053,2023,T,Y89,89.0,ALL,TOTAL,1890
082053,2024,T,Y89,89.0,ALL,TOTAL,1865
082053,2021,T,Y9,9.0,ALL,FRGAPO,286
082053,2022,T,Y9,9.0,ALL,FRGAPO,264
082053,2023,T,Y9,9.0,ALL,FRGAPO,285
082053,2024,T,Y9,9.0,ALL,FRGAPO,318
082053,2021,T,Y9,9.0,ALL,ITL,5906
082053,2022,T,Y9,9.0,ALL,ITL,5698
082053,2023,T,Y9,9.0,ALL,ITL,5704
082053,2024,T,Y9,9.0,ALL,ITL,5728
082053,2021,T,Y9,9.0,ALL,TOTAL,6192
082053,2022,T,Y9,9.0,ALL,TOTAL,5962
082053,2023,T,Y9,9.0,ALL,TOTAL,5989
082053,2024,T,Y9,9.0,ALL,TOTAL,6046
082053,2021,T,Y90,90.0,ALL,FRGAPO,2
082053,2022,T,Y90,90.0,ALL,FRGAPO,4
082053,2023,T,Y90,90.0,ALL,FRGAPO,3
082053,2024,T,Y90,90.0,ALL,FRGAPO,3
082053,2021,T,Y90,90.0,ALL,ITL,1568
082053,2022,T,Y90,90.0,ALL,ITL,1467
082053,2023,T,Y90,90.0,ALL,ITL,1664
082053,2024,T,Y90,90.0,ALL,ITL,1635
082053,2021,T,Y90,90.0,ALL,TOTAL,1570
082053,2022,T,Y90,90.0,ALL,TOTAL,1471
082053,2023,T,Y90,90.0,ALL,TOTAL,1667
082053,2024,T,Y90,90.0,ALL,TOTAL,1638
082053,2022,T,Y91,91.0,ALL,FRGAPO,1
082053,2023,T,Y91,91.0,ALL,FRGAPO,5
082053,2024,T,Y91,91.0,ALL,FRGAPO,2
082053,2021,T,Y91,91.0,ALL,ITL,1412
082053,2022,T,Y91,91.0,ALL,ITL,1299
082053,2023,T,Y91,91.0,ALL,ITL,1233
082053,2024,T,Y91,91.0,ALL,ITL,1407
082053,2021,T,Y91,91.0,ALL,TOTAL,1412
082053,2022,T,Y91,91.0,ALL,TOTAL,1300
082053,2023,T,Y91,91.0,ALL,TOTAL,1238
082053,2024,T,Y91,91.0,ALL,TOTAL,1409
082053,2021,T,Y92,92.0,ALL,FRGAPO,2
082053,2023,T,Y92,92.0,ALL,FRGAPO,1
082053,2024,T,Y92,92.0,ALL,FRGAPO,4
082053,2021,T,Y92,92.0,ALL,ITL,942
082053,2022,T,Y92,92.0,ALL,ITL,1147
082053,2023,T,Y92,92.0,ALL,ITL,1036
082053,2024,T,Y92,92.0,ALL,ITL,993
082053,2021,T,Y92,92.0,ALL,TOTAL,944
082053,2022,T,Y92,92.0,ALL,TOTAL,1147
082053,2023,T,Y92,92.0,ALL,TOTAL,1037
082053,2024,T,Y92,92.0,ALL,TOTAL,997
082053,2021,T,Y93,93.0,ALL,FRGAPO,1
082053,2022,T,Y93,93.0,ALL,FRGAPO,2
082053,2024,T,Y93,93.0,ALL,FRGAPO,1
082053,2021,T,Y93,93.0,ALL,ITL,802
082053,2022,T,Y93,93.0,ALL,ITL,745
082053,2023,T,Y93,93.0,ALL,ITL,915
082053,2024,T,Y93,93.0,ALL,ITL,835
082053,2021,T,Y93,93.0,ALL,TOTAL,803
082053,2022,T,Y93,93.0,ALL,TOTAL,747
082053,2023,T,Y93,93.0,ALL,TOTAL,915
082053,2024,T,Y93,93.0,ALL,TOTAL,836
082053,2021,T,Y94,94.0,ALL,FRGAPO,2
082053,2022,T,Y94,94.0,ALL,FRGAPO,1
082053,2023,T,Y94,94.0,ALL,FRGAPO,2
082053,2021,T,Y94,94.0,ALL,ITL,579
082053,2022,T,Y94,94.0,ALL,ITL,598
082053,2023,T,Y94,94.0,ALL,ITL,586
082053,2024,T,Y94,94.0,ALL,ITL,728
082053,2021,T,Y94,94.0,ALL,TOTAL,581
082053,2022,T,Y94,94.0,ALL,TOTAL,599
082053,2023,T,Y94,94.0,ALL,TOTAL,588
082053,2024,T,Y94,94.0,ALL,TOTAL,728
082053,2021,T,Y95,95.0,ALL,FRGAPO,1
082053,2022,T,Y95,95.0,ALL,FRGAPO,2
082053,2023,T,Y95,95.0,ALL,FRGAPO,1
082053,2024,T,Y95,95.0,ALL,FRGAPO,2
082053,2021,T,Y95,95.0,ALL,ITL,472
082053,2022,T,Y95,95.0,ALL,ITL,435
082053,2023,T,Y95,95.0,ALL,ITL,470
082053,2024,T,Y95,95.0,ALL,ITL,458
082053,2021,T,Y95,95.0,ALL,TOTAL,473
082053,2022,T,Y95,95.0,ALL,TOTAL,437
082053,2023,T,Y95,95.0,ALL,TOTAL,471
082053,2024,T,Y95,95.0,ALL,TOTAL,460
082053,2022,T,Y96,96.0,ALL,FRGAPO,1
082053,2023,T,Y96,96.0,ALL,FRGAPO,1
082053,2021,T,Y96,96.0,ALL,ITL,341
082053,2022,T,Y96,96.0,ALL,ITL,348
082053,2023,T,Y96,96.0,ALL,ITL,313
082053,2024,T,Y96,96.0,ALL,ITL,350
082053,2021,T,Y96,96.0,ALL,TOTAL,341
082053,2022,T,Y96,96.0,ALL,TOTAL,349
082053,2023,T,Y96,96.0,ALL,TOTAL,314
082053,2024,T,Y96,96.0,ALL,TOTAL,350
082053,2023,T,Y97,97.0,ALL,FRGAPO,1
082053,2024,T,Y97,97.0,ALL,FRGAPO,1
082053,2021,T,Y97,97.0,ALL,ITL,254
082053,2022,T,Y97,97.0,ALL,ITL,230
082053,2023,T,Y97,97.0,ALL,ITL,254
082053,2024,T,Y97,97.0,ALL,ITL,220
082053,2021,T,Y97,97.0,ALL,TOTAL,254
082053,2022,T,Y97,97.0,ALL,TOTAL,230
082053,2023,T,Y97,97.0,ALL,TOTAL,255
082053,2024,T,Y97,97.0,ALL,TOTAL,221
082053,2021,T,Y98,98.0,ALL,ITL,164
082053,2022,T,Y98,98.0,ALL,ITL,172
082053,2023,T,Y98,98.0,ALL,ITL,160
082053,2024,T,Y98,98.0,ALL,ITL,185
082053,2021,T,Y98,98.0,ALL,TOTAL,164
082053,2022,T,Y98,98.0,ALL,TOTAL,172
082053,2023,T,Y98,98.0,ALL,TOTAL,160
082053,2024,T,Y98,98.0,ALL,TOTAL,185
082053,2021,T,Y99,99.0,ALL,ITL,101
082053,2022,T,Y99,99.0,ALL,ITL,100
082053,2023,T,Y99,99.0,ALL,ITL,119
082053,2024,T,Y99,99.0,ALL,ITL,104
082053,2021,T,Y99,99.0,ALL,TOTAL,101
082053,2022,T,Y99,99.0,ALL,TOTAL,100
082053,2023,T,Y99,99.0,ALL,TOTAL,119
082053,2024,T,Y99,99.0,ALL,TOTAL,104
IT,2018,F,TOTAL,,ALL,FRGAPO,2581873
IT,2019,F,TOTAL,,ALL,FRGAPO,2607959
IT,2020,F,TOTAL,,ALL,FRGAPO,2647250
IT,2021,F,TOTAL,,ALL,FRGAPO,2562514
IT,2022,F,TOTAL,,ALL,FRGAPO,2623802
IT,2023,F,TOTAL,,ALL,FRGAPO,2651008
IT,2024,F,TOTAL,,ALL,FRGAPO,2681629
IT,2018,F,TOTAL,,ALL,ITL,28103605
IT,2019,F,TOTAL,,ALL,ITL,27983433
IT,2020,F,TOTAL,,ALL,ITL,27722737
IT,2021,F,TOTAL,,ALL,ITL,27648663
IT,2022,F,TOTAL,,ALL,ITL,27558567
IT,2023,F,TOTAL,,ALL,ITL,27473494
IT,2024,F,TOTAL,,ALL,ITL,27390118
IT,2018,F,TOTAL,,ALL,TOTAL,30685478
IT,2019,F,TOTAL,,ALL,TOTAL,30591392
IT,2020,F,TOTAL,,ALL,TOTAL,30369987
IT,2021,F,TOTAL,,ALL,TOTAL,30211177
IT,2022,F,TOTAL,,ALL,TOTAL,30182369
IT,2023,F,TOTAL,,ALL,TOTAL,30124502
IT,2024,F,TOTAL,,ALL,TOTAL,30071747
IT,2018,F,Y_GE100,,ALL,FRGAPO,84
IT,2019,F,Y_GE100,,ALL,FRGAPO,93
IT,2020,F,Y_GE100,,ALL,FRGAPO,121
IT,2021,F,Y_GE100,,ALL,FRGAPO,130
IT,2022,F,Y_GE100,,ALL,FRGAPO,160
IT,2023,F,Y_GE100,,ALL,FRGAPO,184
IT,2024,F,Y_GE100,,ALL,FRGAPO,265
IT,2018,F,Y_GE100,,ALL,ITL,11873
IT,2019,F,Y_GE100,,ALL,ITL,12379
IT,2020,F,Y_GE100,,ALL,ITL,14209
IT,2021,F,Y_GE100,,ALL,ITL,16297
IT,2022,F,Y_GE100,,ALL,ITL,16831
IT,2023,F,Y_GE100,,ALL,ITL,17427
IT,2024,F,Y_GE100,,ALL,ITL,18411
IT,2018,F,Y_GE100,,ALL,TOTAL,11957
IT,2019,F,Y_GE100,,ALL,TOTAL,12472
IT,2020,F,Y_GE100,,ALL,TOTAL,14330
IT,2021,F,Y_GE100,,ALL,TOTAL,16427
IT,2022,F,Y_GE100,,ALL,TOTAL,16991
IT,2023,F,Y_GE100,,ALL,TOTAL,17611
IT,2024,F,Y_GE100,,ALL,TOTAL,18676
IT,2021,F,Y0,0.0,ALL,FRGAPO,26316
IT,2022,F,Y0,0.0,ALL,FRGAPO,25445
IT,2023,F,Y0,0.0,ALL,FRGAPO,24645
IT,2024,F,Y0,0.0,ALL,FRGAPO,23715
IT,2021,F,Y0,0.0,ALL,ITL,168939
IT,2022,F,Y0,0.0,ALL,ITL,165389
IT,2023,F,Y0,0.0,ALL,ITL,160297
IT,2024,F,Y0,0.0,ALL,ITL,156406
IT,2021,F,Y0,0.0,ALL,TOTAL,195255
IT,2022,F,Y0,0.0,ALL,TOTAL,190834
IT,2023,F,Y0,0.0,ALL,TOTAL,184942
IT,2024,F,Y0,0.0,ALL,TOTAL,180121
IT,2021,F,Y1,1.0,ALL,FRGAPO,27998
IT,2022,F,Y1,1.0,ALL,FRGAPO,25863
IT,2023,F,Y1,1.0,ALL,FRGAPO,24887
IT,2024,F,Y1,1.0,ALL,FRGAPO,24066
IT,2021,F,Y1,1.0,ALL,ITL,169812
IT,2022,F,Y1,1.0,ALL,ITL,171171
IT,2023,F,Y1,1.0,ALL,ITL,167568
IT,2024,F,Y1,1.0,ALL,ITL,162629
IT,2021,F,Y1,1.0,ALL,TOTAL,197810
IT,2022,F,Y1,1.0,ALL,TOTAL,197034
IT,2023,F,Y1,1.0,ALL,TOTAL,192455
IT,2024,F,Y1,1.0,ALL,TOTAL,186695
IT,2021,F,Y10,10.0,ALL,FRGAPO,28204
IT,2022,F,Y10,10.0,ALL,FRGAPO,29220
IT,2023,F,Y10,10.0,ALL,FRGAPO,28927
IT,2024,F,Y10,10.0,ALL,FRGAPO,29322
IT,2021,F,Y10,10.0,ALL,ITL,236014
IT,2022,F,Y10,10.0,ALL,ITL,231763
IT,2023,F,Y10,10.0,ALL,ITL,222568
IT,2024,F,Y10,10.0,ALL,ITL,219720
IT,2021,F,Y10,10.0,ALL,TOTAL,264218
IT,2022,F,Y10,10.0,ALL,TOTAL,260983
IT,2023,F,Y10,10.0,ALL,TOTAL,251495
IT,2024,F,Y10,10.0,ALL,TOTAL,249042
IT,2021,F,Y11,11.0,ALL,FRGAPO,27616
IT,2022,F,Y11,11.0,ALL,FRGAPO,27279
IT,2023,F,Y11,11.0,ALL,FRGAPO,28942
IT,2024,F,Y11,11.0,ALL,FRGAPO,28393
IT,2021,F,Y11,11.0,ALL,ITL,243752
IT,2022,F,Y11,11.0,ALL,ITL,237820
IT,2023,F,Y11,11.0,ALL,ITL,233329
IT,2024,F,Y11,11.0,ALL,ITL,224213
IT,2021,F,Y11,11.0,ALL,TOTAL,271368
IT,2022,F,Y11,11.0,ALL,TOTAL,265099
IT,2023,F,Y11,11.0,ALL,TOTAL,262271
IT,2024,F,Y11,11.0,ALL,TOTAL,252606
IT,2021,F,Y12,12.0,ALL,FRGAPO,27270
IT,2022,F,Y12,12.0,ALL,FRGAPO,26762
IT,2023,F,Y12,12.0,ALL,FRGAPO,27058
IT,2024,F,Y12,12.0,ALL,FRGAPO,28558
IT,2021,F,Y12,12.0,ALL,ITL,248687
IT,2022,F,Y12,12.0,ALL,ITL,245480
IT,2023,F,Y12,12.0,ALL,ITL,239272
IT,2024,F,Y12,12.0,ALL,ITL,234735
IT,2021,F,Y12,12.0,ALL,TOTAL,275957
IT,2022,F,Y12,12.0,ALL,TOTAL,272242
IT,2023,F,Y12,12.0,ALL,TOTAL,266330
IT,2024,F,Y12,12.0,ALL,TOTAL,263293
IT,2021,F,Y13,13.0,ALL,FRGAPO,26381
IT,2022,F,Y13,13.0,ALL,FRGAPO,26591
IT,2023,F,Y13,13.0,ALL,FRGAPO,26543
IT,2024,F,Y13,13.0,ALL,FRGAPO,26913
IT,2021,F,Y13,13.0,ALL,ITL,253420
IT,2022,F,Y13,13.0,ALL,ITL,250278
IT,2023,F,Y13,13.0,ALL,ITL,246860
IT,2024,F,Y13,13.0,ALL,ITL,240505
IT,2021,F,Y13,13.0,ALL,TOTAL,279801
IT,2022,F,Y13,13.0,ALL,TOTAL,276869
IT,2023,F,Y13,13.0,ALL,TOTAL,273403
IT,2024,F,Y13,13.0,ALL,TOTAL,267418
IT,2021,F,Y14,14.0,ALL,FRGAPO,25042
IT,2022,F,Y14,14.0,ALL,FRGAPO,25874
IT,2023,F,Y14,14.0,ALL,FRGAPO,26505
IT,2024,F,Y14,14.0,ALL,FRGAPO,26376
IT,2021,F,Y14,14.0,ALL,ITL,253466
IT,2022,F,Y14,14.0,ALL,ITL,254912
IT,2023,F,Y14,14.0,ALL,ITL,251571
IT,2024,F,Y14,14.0,ALL,ITL,247972
IT,2021,F,Y14,14.0,ALL,TOTAL,278508
IT,2022,F,Y14,14.0,ALL,TOTAL,280786
IT,2023,F,Y14,14.0,ALL,TOTAL,278076
IT,2024,F,Y14,14.0,ALL,TOTAL,274348
IT,2021,F,Y15,15.0,ALL,FRGAPO,24166
IT,2022,F,Y15,15.0,ALL,FRGAPO,24667
IT,2023,F,Y15,15.0,ALL,FRGAPO,25981
IT,2024,F,Y15,15.0,ALL,FRGAPO,26380
IT,2021,F,Y15,15.0,ALL,ITL,254508
IT,2022,F,Y15,15.0,ALL,ITL,254819
IT,2023,F,Y15,15.0,ALL,ITL,256081
IT,2024,F,Y15,15.0,ALL,ITL,252601
IT,2021,F,Y15,15.0,ALL,TOTAL,278674
IT,2022,F,Y15,15.0,ALL,TOTAL,279486
IT,2023,F,Y15,15.0,ALL,TOTAL,282062
IT,2024,F,Y15,15.0,ALL,TOTAL,278981
IT,2021,F,Y16,16.0,ALL,FRGAPO,22789
IT,2022,F,Y16,16.0,ALL,FRGAPO,23768
IT,2023,F,Y16,16.0,ALL,FRGAPO,24652
IT,2024,F,Y16,16.0,ALL,FRGAPO,25957
IT,2021,F,Y16,16.0,ALL,ITL,254056
IT,2022,F,Y16,16.0,ALL,ITL,255779
IT,2023,F,Y16,16.0,ALL,ITL,255888
IT,2024,F,Y16,16.0,ALL,ITL,257045
IT,2021,F,Y16,16.0,ALL,TOTAL,276845
IT,2022,F,Y16,16.0,ALL,TOTAL,279547
IT,2023,F,Y16,16.0,ALL,TOTAL,280540
IT,2024,F,Y16,16.0,ALL,TOTAL,283002
IT,2021,F,Y17,17.0,ALL,FRGAPO,22391
IT,2022,F,Y17,17.0,ALL,FRGAPO,22504
IT,2023,F,Y17,17.0,ALL,FRGAPO,23781
IT,2024,F,Y17,17.0,ALL,FRGAPO,24809
IT,2021,F,Y17,17.0,ALL,ITL,258548
IT,2022,F,Y17,17.0,ALL,ITL,255197
IT,2023,F,Y17,17.0,ALL,ITL,256948
IT,2024,F,Y17,17.0,ALL,ITL,256776
IT,2021,F,Y17,17.0,ALL,TOTAL,280939
IT,2022,F,Y17,17.0,ALL,TOTAL,277701
IT,2023,F,Y17,17.0,ALL,TOTAL,280729
IT,2024,F,Y17,17.0,ALL,TOTAL,281585
IT,2021,F,Y18,18.0,ALL,FRGAPO,16801
IT,2022,F,Y18,18.0,ALL,FRGAPO,19352
IT,2023,F,Y18,18.0,ALL,FRGAPO,18882
IT,2024,F,Y18,18.0,ALL,FRGAPO,19955
IT,2021,F,Y18,18.0,ALL,ITL,257749
IT,2022,F,Y18,18.0,ALL,ITL,262794
IT,2023,F,Y18,18.0,ALL,ITL,260245
IT,2024,F,Y18,18.0,ALL,ITL,262094
IT,2021,F,Y18,18.0,ALL,TOTAL,274550
IT,2022,F,Y18,18.0,ALL,TOTAL,282146
IT,2023,F,Y18,18.0,ALL,TOTAL,279127
IT,2024,F,Y18,18.0,ALL,TOTAL,282049
IT,2021,F,Y19,19.0,ALL,FRGAPO,15982
IT,2022,F,Y19,19.0,ALL,FRGAPO,16479
IT,2023,F,Y19,19.0,ALL,FRGAPO,18123
IT,2024,F,Y19,19.0,ALL,FRGAPO,18292
IT,2021,F,Y19,19.0,ALL,ITL,257090
IT,2022,F,Y19,19.0,ALL,ITL,260624
IT,2023,F,Y19,19.0,ALL,ITL,265504
IT,2024,F,Y19,19.0,ALL,ITL,262472
IT,2021,F,Y19,19.0,ALL,TOTAL,273072
IT,2022,F,Y19,19.0,ALL,TOTAL,277103
IT,2023,F,Y19,19.0,ALL,TOTAL,283627
IT,2024,F,Y19,19.0,ALL,TOTAL,280764
IT,2021,F,Y2,2.0,ALL,FRGAPO,29640
IT,2022,F,Y2,2.0,ALL,FRGAPO,27748
IT,2023,F,Y2,2.0,ALL,FRGAPO,25697
IT,2024,F,Y2,2.0,ALL,FRGAPO,24744
IT,2021,F,Y2,2.0,ALL,ITL,177556
IT,2022,F,Y2,2.0,ALL,ITL,171803
IT,2023,F,Y2,2.0,ALL,ITL,172945
IT,2024,F,Y2,2.0,ALL,ITL,169296
IT,2021,F,Y2,2.0,ALL,TOTAL,207196
IT,2022,F,Y2,2.0,ALL,TOTAL,199551
IT,2023,F,Y2,2.0,ALL,TOTAL,198642
IT,2024,F,Y2,2.0,ALL,TOTAL,194040
IT,2021,F,Y20,20.0,ALL,FRGAPO,18156
IT,2022,F,Y20,20.0,ALL,FRGAPO,17888
IT,2023,F,Y20,20.0,ALL,FRGAPO,18151
IT,2024,F,Y20,20.0,ALL,FRGAPO,19890
IT,2021,F,Y20,20.0,ALL,ITL,257997
IT,2022,F,Y20,20.0,ALL,ITL,257778
IT,2023,F,Y20,20.0,ALL,ITL,260840
IT,2024,F,Y20,20.0,ALL,ITL,265297
IT,2021,F,Y20,20.0,ALL,TOTAL,276153
IT,2022,F,Y20,20.0,ALL,TOTAL,275666
IT,2023,F,Y20,20.0,ALL,TOTAL,278991
IT,2024,F,Y20,20.0,ALL,TOTAL,285187
IT,2021,F,Y21,21.0,ALL,FRGAPO,20887
IT,2022,F,Y21,21.0,ALL,FRGAPO,20238
IT,2023,F,Y21,21.0,ALL,FRGAPO,19678
IT,2024,F,Y21,21.0,ALL,FRGAPO,20176
IT,2021,F,Y21,21.0,ALL,ITL,259621
IT,2022,F,Y21,21.0,ALL,ITL,258606
IT,2023,F,Y21,21.0,ALL,ITL,257948
IT,2024,F,Y21,21.0,ALL,ITL,261187
IT,2021,F,Y21,21.0,ALL,TOTAL,280508
IT,2022,F,Y21,21.0,ALL,TOTAL,278844
IT,2023,F,Y21,21.0,ALL,TOTAL,277626
IT,2024,F,Y21,21.0,ALL,TOTAL,281363
IT,2021,F,Y22,22.0,ALL,FRGAPO,22435
IT,2022,F,Y22,22.0,ALL,FRGAPO,22949
IT,2023,F,Y22,22.0,ALL,FRGAPO,22035
IT,2024,F,Y22,22.0,ALL,FRGAPO,21616
IT,2021,F,Y22,22.0,ALL,ITL,254488
IT,2022,F,Y22,22.0,ALL,ITL,260925
IT,2023,F,Y22,22.0,ALL,ITL,258313
IT,2024,F,Y22,22.0,ALL,ITL,257925
IT,2021,F,Y22,22.0,ALL,TOTAL,276923
IT,2022,F,Y22,22.0,ALL,TOTAL,283874
IT,2023,F,Y22,22.0,ALL,TOTAL,280348
IT,2024,F,Y22,22.0,ALL,TOTAL,279541
IT,2021,F,Y23,23.0,ALL,FRGAPO,24778
IT,2022,F,Y23,23.0,ALL,FRGAPO,24589
IT,2023,F,Y23,23.0,ALL,FRGAPO,24907
IT,2024,F,Y23,23.0,ALL,FRGAPO,24082
IT,2021,F,Y23,23.0,ALL,ITL,253126
IT,2022,F,Y23,23.0,ALL,ITL,255810
IT,2023,F,Y23,23.0,ALL,ITL,260871
IT,2024,F,Y23,23.0,ALL,ITL,258215
IT,2021,F,Y23,23.0,ALL,TOTAL,277904
IT,2022,F,Y23,23.0,ALL,TOTAL,280399
IT,2023,F,Y23,23.0,ALL,TOTAL,285778
IT,2024,F,Y23,23.0,ALL,TOTAL,282297
IT,2021,F,Y24,24.0,ALL,FRGAPO,27722
IT,2022,F,Y24,24.0,ALL,FRGAPO,27196
IT,2023,F,Y24,24.0,ALL,FRGAPO,26918
IT,2024,F,Y24,24.0,ALL,FRGAPO,27571
IT,2021,F,Y24,24.0,ALL,ITL,251747
IT,2022,F,Y24,24.0,ALL,ITL,254282
IT,2023,F,Y24,24.0,ALL,ITL,255894
IT,2024,F,Y24,24.0,ALL,ITL,260628
IT,2021,F,Y24,24.0,ALL,TOTAL,279469
IT,2022,F,Y24,24.0,ALL,TOTAL,281478
IT,2023,F,Y24,24.0,ALL,TOTAL,282812
IT,2024,F,Y24,24.0,ALL,TOTAL,288199
IT,2021,F,Y25,25.0,ALL,FRGAPO,30119
IT,2022,F,Y25,25.0,ALL,FRGAPO,30526
IT,2023,F,Y25,25.0,ALL,FRGAPO,29830
IT,2024,F,Y25,25.0,ALL,FRGAPO,29842
IT,2021,F,Y25,25.0,ALL,ITL,251203
IT,2022,F,Y25,25.0,ALL,ITL,252414
IT,2023,F,Y25,25.0,ALL,ITL,253941
IT,2024,F,Y25,25.0,ALL,ITL,255195
IT,2021,F,Y25,25.0,ALL,TOTAL,281322
IT,2022,F,Y25,25.0,ALL,TOTAL,282940
IT,2023,F,Y25,25.0,ALL,TOTAL,283771
IT,2024,F,Y25,25.0,ALL,TOTAL,285037
IT,2021,F,Y26,26.0,ALL,FRGAPO,33123
IT,2022,F,Y26,26.0,ALL,FRGAPO,32948
IT,2023,F,Y26,26.0,ALL,FRGAPO,32910
IT,2024,F,Y26,26.0,ALL,FRGAPO,32806
IT,2021,F,Y26,26.0,ALL,ITL,248506
IT,2022,F,Y26,26.0,ALL,ITL,251898
IT,2023,F,Y26,26.0,ALL,ITL,252092
IT,2024,F,Y26,26.0,ALL,ITL,253086
IT,2021,F,Y26,26.0,ALL,TOTAL,281629
IT,2022,F,Y26,26.0,ALL,TOTAL,284846
IT,2023,F,Y26,26.0,ALL,TOTAL,285002
IT,2024,F,Y26,26.0,ALL,TOTAL,285892
IT,2021,F,Y27,27.0,ALL,FRGAPO,35793
IT,2022,F,Y27,27.0,ALL,FRGAPO,35994
IT,2023,F,Y27,27.0,ALL,FRGAPO,35396
IT,2024,F,Y27,27.0,ALL,FRGAPO,35838
IT,2021,F,Y27,27.0,ALL,ITL,250951
IT,2022,F,Y27,27.0,ALL,ITL,249308
IT,2023,F,Y27,27.0,ALL,ITL,251770
IT,2024,F,Y27,27.0,ALL,ITL,251503
IT,2021,F,Y27,27.0,ALL,TOTAL,286744
IT,2022,F,Y27,27.0,ALL,TOTAL,285302
IT,2023,F,Y27,27.0,ALL,TOTAL,287166
IT,2024,F,Y27,27.0,ALL,TOTAL,287341
IT,2021,F,Y28,28.0,ALL,FRGAPO,37902
IT,2022,F,Y28,28.0,ALL,FRGAPO,38656
IT,2023,F,Y28,28.0,ALL,FRGAPO,38282
IT,2024,F,Y28,28.0,ALL,FRGAPO,38140
IT,2021,F,Y28,28.0,ALL,ITL,256007
IT,2022,F,Y28,28.0,ALL,ITL,251899
IT,2023,F,Y28,28.0,ALL,ITL,249431
IT,2024,F,Y28,28.0,ALL,ITL,251294
IT,2021,F,Y28,28.0,ALL,TOTAL,293909
IT,2022,F,Y28,28.0,ALL,TOTAL,290555
IT,2023,F,Y28,28.0,ALL,TOTAL,287713
IT,2024,F,Y28,28.0,ALL,TOTAL,289434
IT,2021,F,Y29,29.0,ALL,FRGAPO,41179
IT,2022,F,Y29,29.0,ALL,FRGAPO,40459
IT,2023,F,Y29,29.0,ALL,FRGAPO,40765
IT,2024,F,Y29,29.0,ALL,FRGAPO,40663
IT,2021,F,Y29,29.0,ALL,ITL,265944
IT,2022,F,Y29,29.0,ALL,ITL,257280
IT,2023,F,Y29,29.0,ALL,ITL,252340
IT,2024,F,Y29,29.0,ALL,ITL,249306
IT,2021,F,Y29,29.0,ALL,TOTAL,307123
IT,2022,F,Y29,29.0,ALL,TOTAL,297739
IT,2023,F,Y29,29.0,ALL,TOTAL,293105
IT,2024,F,Y29,29.0,ALL,TOTAL,289969
IT,2021,F,Y3,3.0,ALL,FRGAPO,30582
IT,2022,F,Y3,3.0,ALL,FRGAPO,29376
IT,2023,F,Y3,3.0,ALL,FRGAPO,27707
IT,2024,F,Y3,3.0,ALL,FRGAPO,25392
IT,2021,F,Y3,3.0,ALL,ITL,185362
IT,2022,F,Y3,3.0,ALL,ITL,179356
IT,2023,F,Y3,3.0,ALL,ITL,173415
IT,2024,F,Y3,3.0,ALL,ITL,174638
IT,2021,F,Y3,3.0,ALL,TOTAL,215944
IT,2022,F,Y3,3.0,ALL,TOTAL,208732
IT,2023,F,Y3,3.0,ALL,TOTAL,201122
IT,2024,F,Y3,3.0,ALL,TOTAL,200030
IT,2021,F,Y30,30.0,ALL,FRGAPO,42717
IT,2022,F,Y30,30.0,ALL,FRGAPO,43774
IT,2023,F,Y30,30.0,ALL,FRGAPO,42131
IT,2024,F,Y30,30.0,ALL,FRGAPO,42874
IT,2021,F,Y30,30.0,ALL,ITL,265088
IT,2022,F,Y30,30.0,ALL,ITL,267425
IT,2023,F,Y30,30.0,ALL,ITL,258097
IT,2024,F,Y30,30.0,ALL,ITL,252544
IT,2021,F,Y30,30.0,ALL,TOTAL,307805
IT,2022,F,Y30,30.0,ALL,TOTAL,311199
IT,2023,F,Y30,30.0,ALL,TOTAL,300228
IT,2024,F,Y30,30.0,ALL,TOTAL,295418
IT,2021,F,Y31,31.0,ALL,FRGAPO,46247
IT,2022,F,Y31,31.0,ALL,FRGAPO,44899
IT,2023,F,Y31,31.0,ALL,FRGAPO,45447
IT,2024,F,Y31,31.0,ALL,FRGAPO,43884
IT,2021,F,Y31,31.0,ALL,ITL,267756
IT,2022,F,Y31,31.0,ALL,ITL,266747
IT,2023,F,Y31,31.0,ALL,ITL,268383
IT,2024,F,Y31,31.0,ALL,ITL,258653
IT,2021,F,Y31,31.0,ALL,TOTAL,314003
IT,2022,F,Y31,31.0,ALL,TOTAL,311646
IT,2023,F,Y31,31.0,ALL,TOTAL,313830
IT,2024,F,Y31,31.0,ALL,TOTAL,302537
IT,2021,F,Y32,32.0,ALL,FRGAPO,49984
IT,2022,F,Y32,32.0,ALL,FRGAPO,48263
IT,2023,F,Y32,32.0,ALL,FRGAPO,46087
IT,2024,F,Y32,32.0,ALL,FRGAPO,46950
IT,2021,F,Y32,32.0,ALL,ITL,265932
IT,2022,F,Y32,32.0,ALL,ITL,269415
IT,2023,F,Y32,32.0,ALL,ITL,267951
IT,2024,F,Y32,32.0,ALL,ITL,269235
IT,2021,F,Y32,32.0,ALL,TOTAL,315916
IT,2022,F,Y32,32.0,ALL,TOTAL,317678
IT,2023,F,Y32,32.0,ALL,TOTAL,314038
IT,2024,F,Y32,32.0,ALL,TOTAL,316185
IT,2021,F,Y33,33.0,ALL,FRGAPO,53465
IT,2022,F,Y33,33.0,ALL,FRGAPO,51761
IT,2023,F,Y33,33.0,ALL,FRGAPO,49376
IT,2024,F,Y33,33.0,ALL,FRGAPO,47350
IT,2021,F,Y33,33.0,ALL,ITL,270244
IT,2022,F,Y33,33.0,ALL,ITL,267753
IT,2023,F,Y33,33.0,ALL,ITL,270829
IT,2024,F,Y33,33.0,ALL,ITL,269151
IT,2021,F,Y33,33.0,ALL,TOTAL,323709
IT,2022,F,Y33,33.0,ALL,TOTAL,319514
IT,2023,F,Y33,33.0,ALL,TOTAL,320205
IT,2024,F,Y33,33.0,ALL,TOTAL,316501
IT,2021,F,Y34,34.0,ALL,FRGAPO,55263
IT,2022,F,Y34,34.0,ALL,FRGAPO,54992
IT,2023,F,Y34,34.0,ALL,FRGAPO,52423
IT,2024,F,Y34,34.0,ALL,FRGAPO,50425
IT,2021,F,Y34,34.0,ALL,ITL,263528
IT,2022,F,Y34,34.0,ALL,ITL,272250
IT,2023,F,Y34,34.0,ALL,ITL,269324
IT,2024,F,Y34,34.0,ALL,ITL,272162
IT,2021,F,Y34,34.0,ALL,TOTAL,318791
IT,2022,F,Y34,34.0,ALL,TOTAL,327242
IT,2023,F,Y34,34.0,ALL,TOTAL,321747
IT,2024,F,Y34,34.0,ALL,TOTAL,322587
IT,2021,F,Y35,35.0,ALL,FRGAPO,55372
IT,2022,F,Y35,35.0,ALL,FRGAPO,56515
IT,2023,F,Y35,35.0,ALL,FRGAPO,55520
IT,2024,F,Y35,35.0,ALL,FRGAPO,53193
IT,2021,F,Y35,35.0,ALL,ITL,265724
IT,2022,F,Y35,35.0,ALL,ITL,265652
IT,2023,F,Y35,35.0,ALL,ITL,274075
IT,2024,F,Y35,35.0,ALL,ITL,270744
IT,2021,F,Y35,35.0,ALL,TOTAL,321096
IT,2022,F,Y35,35.0,ALL,TOTAL,322167
IT,2023,F,Y35,35.0,ALL,TOTAL,329595
IT,2024,F,Y35,35.0,ALL,TOTAL,323937
IT,2021,F,Y36,36.0,ALL,FRGAPO,54570
IT,2022,F,Y36,36.0,ALL,FRGAPO,56660
IT,2023,F,Y36,36.0,ALL,FRGAPO,57067
IT,2024,F,Y36,36.0,ALL,FRGAPO,56001
IT,2021,F,Y36,36.0,ALL,ITL,277636
IT,2022,F,Y36,36.0,ALL,ITL,267741
IT,2023,F,Y36,36.0,ALL,ITL,267492
IT,2024,F,Y36,36.0,ALL,ITL,275786
IT,2021,F,Y36,36.0,ALL,TOTAL,332206
IT,2022,F,Y36,36.0,ALL,TOTAL,324401
IT,2023,F,Y36,36.0,ALL,TOTAL,324559
IT,2024,F,Y36,36.0,ALL,TOTAL,331787
IT,2021,F,Y37,37.0,ALL,FRGAPO,55133
IT,2022,F,Y37,37.0,ALL,FRGAPO,55614
IT,2023,F,Y37,37.0,ALL,FRGAPO,56982
IT,2024,F,Y37,37.0,ALL,FRGAPO,57419
IT,2021,F,Y37,37.0,ALL,ITL,283859
IT,2022,F,Y37,37.0,ALL,ITL,279722
IT,2023,F,Y37,37.0,ALL,ITL,269622
IT,2024,F,Y37,37.0,ALL,ITL,269326
IT,2021,F,Y37,37.0,ALL,TOTAL,338992
IT,2022,F,Y37,37.0,ALL,TOTAL,335336
IT,2023,F,Y37,37.0,ALL,TOTAL,326604
IT,2024,F,Y37,37.0,ALL,TOTAL,326745
IT,2021,F,Y38,38.0,ALL,FRGAPO,54097
IT,2022,F,Y38,38.0,ALL,FRGAPO,55906
IT,2023,F,Y38,38.0,ALL,FRGAPO,55835
IT,2024,F,Y38,38.0,ALL,FRGAPO,57182
IT,2021,F,Y38,38.0,ALL,ITL,291008
IT,2022,F,Y38,38.0,ALL,ITL,286027
IT,2023,F,Y38,38.0,ALL,ITL,281733
IT,2024,F,Y38,38.0,ALL,ITL,271548
IT,2021,F,Y38,38.0,ALL,TOTAL,345105
IT,2022,F,Y38,38.0,ALL,TOTAL,341933
IT,2023,F,Y38,38.0,ALL,TOTAL,337568
IT,2024,F,Y38,38.0,ALL,TOTAL,328730
IT,2021,F,Y39,39.0,ALL,FRGAPO,55495
IT,2022,F,Y39,39.0,ALL,FRGAPO,54760
IT,2023,F,Y39,39.0,ALL,FRGAPO,55905
IT,2024,F,Y39,39.0,ALL,FRGAPO,56006
IT,2021,F,Y39,39.0,ALL,ITL,302489
IT,2022,F,Y39,39.0,ALL,ITL,293165
IT,2023,F,Y39,39.0,ALL,ITL,287919
IT,2024,F,Y39,39.0,ALL,ITL,283618
IT,2021,F,Y39,39.0,ALL,TOTAL,357984
IT,2022,F,Y39,39.0,ALL,TOTAL,347925
IT,2023,F,Y39,39.0,ALL,TOTAL,343824
IT,2024,F,Y39,39.0,ALL,TOTAL,339624
IT,2021,F,Y4,4.0,ALL,FRGAPO,31994
IT,2022,F,Y4,4.0,ALL,FRGAPO,30206
IT,2023,F,Y4,4.0,ALL,FRGAPO,29069
IT,2024,F,Y4,4.0,ALL,FRGAPO,27213
IT,2021,F,Y4,4.0,ALL,ITL,193576
IT,2022,F,Y4,4.0,ALL,ITL,187087
IT,2023,F,Y4,4.0,ALL,ITL,181143
IT,2024,F,Y4,4.0,ALL,ITL,175183
IT,2021,F,Y4,4.0,ALL,TOTAL,225570
IT,2022,F,Y4,4.0,ALL,TOTAL,217293
IT,2023,F,Y4,4.0,ALL,TOTAL,210212
IT,2024,F,Y4,4.0,ALL,TOTAL,202396
IT,2021,F,Y40,40.0,ALL,FRGAPO,54586
IT,2022,F,Y40,40.0,ALL,FRGAPO,56046
IT,2023,F,Y40,40.0,ALL,FRGAPO,54694
IT,2024,F,Y40,40.0,ALL,FRGAPO,55800
IT,2021,F,Y40,40.0,ALL,ITL,306621
IT,2022,F,Y40,40.0,ALL,ITL,304622
IT,2023,F,Y40,40.0,ALL,ITL,295079
IT,2024,F,Y40,40.0,ALL,ITL,289739
IT,2021,F,Y40,40.0,ALL,TOTAL,361207
IT,2022,F,Y40,40.0,ALL,TOTAL,360668
IT,2023,F,Y40,40.0,ALL,TOTAL,349773
IT,2024,F,Y40,40.0,ALL,TOTAL,345539
IT,2021,F,Y41,41.0,ALL,FRGAPO,55379
IT,2022,F,Y41,41.0,ALL,FRGAPO,54955
IT,2023,F,Y41,41.0,ALL,FRGAPO,55970
IT,2024,F,Y41,41.0,ALL,FRGAPO,54531
IT,2021,F,Y41,41.0,ALL,ITL,313637
IT,2022,F,Y41,41.0,ALL,ITL,308777
IT,2023,F,Y41,41.0,ALL,ITL,306366
IT,2024,F,Y41,41.0,ALL,ITL,296903
IT,2021,F,Y41,41.0,ALL,TOTAL,369016
IT,2022,F,Y41,41.0,ALL,TOTAL,363732
IT,2023,F,Y41,41.0,ALL,TOTAL,362336
IT,2024,F,Y41,41.0,ALL,TOTAL,351434
IT,2021,F,Y42,42.0,ALL,FRGAPO,55128
IT,2022,F,Y42,42.0,ALL,FRGAPO,55598
IT,2023,F,Y42,42.0,ALL,FRGAPO,54754
IT,2024,F,Y42,42.0,ALL,FRGAPO,55842
IT,2021,F,Y42,42.0,ALL,ITL,327516
IT,2022,F,Y42,42.0,ALL,ITL,315744
IT,2023,F,Y42,42.0,ALL,ITL,310500
IT,2024,F,Y42,42.0,ALL,ITL,308133
IT,2021,F,Y42,42.0,ALL,TOTAL,382644
IT,2022,F,Y42,42.0,ALL,TOTAL,371342
IT,2023,F,Y42,42.0,ALL,TOTAL,365254
IT,2024,F,Y42,42.0,ALL,TOTAL,363975
IT,2021,F,Y43,43.0,ALL,FRGAPO,54008
IT,2022,F,Y43,43.0,ALL,FRGAPO,55487
IT,2023,F,Y43,43.0,ALL,FRGAPO,55402
IT,2024,F,Y43,43.0,ALL,FRGAPO,54527
IT,2021,F,Y43,43.0,ALL,ITL,348512
IT,2022,F,Y43,43.0,ALL,ITL,329517
IT,2023,F,Y43,43.0,ALL,ITL,317478
IT,2024,F,Y43,43.0,ALL,ITL,312254
IT,2021,F,Y43,43.0,ALL,TOTAL,402520
IT,2022,F,Y43,43.0,ALL,TOTAL,385004
IT,2023,F,Y43,43.0,ALL,TOTAL,372880
IT,2024,F,Y43,43.0,ALL,TOTAL,366781
IT,2021,F,Y44,44.0,ALL,FRGAPO,53000
IT,2022,F,Y44,44.0,ALL,FRGAPO,54252
IT,2023,F,Y44,44.0,ALL,FRGAPO,55079
IT,2024,F,Y44,44.0,ALL,FRGAPO,55009
IT,2021,F,Y44,44.0,ALL,ITL,364187
IT,2022,F,Y44,44.0,ALL,ITL,350419
IT,2023,F,Y44,44.0,ALL,ITL,331313
IT,2024,F,Y44,44.0,ALL,ITL,319261
IT,2021,F,Y44,44.0,ALL,TOTAL,417187
IT,2022,F,Y44,44.0,ALL,TOTAL,404671
IT,2023,F,Y44,44.0,ALL,TOTAL,386392
IT,2024,F,Y44,44.0,ALL,TOTAL,374270
IT,2021,F,Y45,45.0,ALL,FRGAPO,52000
IT,2022,F,Y45,45.0,ALL,FRGAPO,53240
IT,2023,F,Y45,45.0,ALL,FRGAPO,53935
IT,2024,F,Y45,45.0,ALL,FRGAPO,54761
IT,2021,F,Y45,45.0,ALL,ITL,383229
IT,2022,F,Y45,45.0,ALL,ITL,365931
IT,2023,F,Y45,45.0,ALL,ITL,352187
IT,2024,F,Y45,45.0,ALL,ITL,333008
IT,2021,F,Y45,45.0,ALL,TOTAL,435229
IT,2022,F,Y45,45.0,ALL,TOTAL,419171
IT,2023,F,Y45,45.0,ALL,TOTAL,406122
IT,2024,F,Y45,45.0,ALL,TOTAL,387769
IT,2021,F,Y46,46.0,ALL,FRGAPO,50926
IT,2022,F,Y46,46.0,ALL,FRGAPO,52071
IT,2023,F,Y46,46.0,ALL,FRGAPO,52930
IT,2024,F,Y46,46.0,ALL,FRGAPO,53742
IT,2021,F,Y46,46.0,ALL,ITL,405421
IT,2022,F,Y46,46.0,ALL,ITL,385001
IT,2023,F,Y46,46.0,ALL,ITL,367355
IT,2024,F,Y46,46.0,ALL,ITL,353711
IT,2021,F,Y46,46.0,ALL,TOTAL,456347
IT,2022,F,Y46,46.0,ALL,TOTAL,437072
IT,2023,F,Y46,46.0,ALL,TOTAL,420285
IT,2024,F,Y46,46.0,ALL,TOTAL,407453
IT,2021,F,Y47,47.0,ALL,FRGAPO,49427
IT,2022,F,Y47,47.0,ALL,FRGAPO,50996
IT,2023,F,Y47,47.0,ALL,FRGAPO,51906
IT,2024,F,Y47,47.0,ALL,FRGAPO,52663
IT,2021,F,Y47,47.0,ALL,ITL,425214
IT,2022,F,Y47,47.0,ALL,ITL,407037
IT,2023,F,Y47,47.0,ALL,ITL,386445
IT,2024,F,Y47,47.0,ALL,ITL,368844
IT,2021,F,Y47,47.0,ALL,TOTAL,474641
IT,2022,F,Y47,47.0,ALL,TOTAL,458033
IT,2023,F,Y47,47.0,ALL,TOTAL,438351
IT,2024,F,Y47,47.0,ALL,TOTAL,421507
IT,2021,F,Y48,48.0,ALL,FRGAPO,46776
IT,2022,F,Y48,48.0,ALL,FRGAPO,49528
IT,2023,F,Y48,48.0,ALL,FRGAPO,50828
IT,2024,F,Y48,48.0,ALL,FRGAPO,51618
IT,2021,F,Y48,48.0,ALL,ITL,426299
IT,2022,F,Y48,48.0,ALL,ITL,426794
IT,2023,F,Y48,48.0,ALL,ITL,408289
IT,2024,F,Y48,48.0,ALL,ITL,387851
IT,2021,F,Y48,48.0,ALL,TOTAL,473075
IT,2022,F,Y48,48.0,ALL,TOTAL,476322
IT,2023,F,Y48,48.0,ALL,TOTAL,459117
IT,2024,F,Y48,48.0,ALL,TOTAL,439469
IT,2021,F,Y49,49.0,ALL,FRGAPO,46563
IT,2022,F,Y49,49.0,ALL,FRGAPO,46997
IT,2023,F,Y49,49.0,ALL,FRGAPO,49210
IT,2024,F,Y49,49.0,ALL,FRGAPO,50377
IT,2021,F,Y49,49.0,ALL,ITL,430152
IT,2022,F,Y49,49.0,ALL,ITL,427731
IT,2023,F,Y49,49.0,ALL,ITL,427987
IT,2024,F,Y49,49.0,ALL,ITL,409689
IT,2021,F,Y49,49.0,ALL,TOTAL,476715
IT,2022,F,Y49,49.0,ALL,TOTAL,474728
IT,2023,F,Y49,49.0,ALL,TOTAL,477197
IT,2024,F,Y49,49.0,ALL,TOTAL,460066
IT,2021,F,Y5,5.0,ALL,FRGAPO,31446
IT,2022,F,Y5,5.0,ALL,FRGAPO,31402
IT,2023,F,Y5,5.0,ALL,FRGAPO,29698
IT,2024,F,Y5,5.0,ALL,FRGAPO,28499
IT,2021,F,Y5,5.0,ALL,ITL,201598
IT,2022,F,Y5,5.0,ALL,ITL,195350
IT,2023,F,Y5,5.0,ALL,ITL,188990
IT,2024,F,Y5,5.0,ALL,ITL,183104
IT,2021,F,Y5,5.0,ALL,TOTAL,233044
IT,2022,F,Y5,5.0,ALL,TOTAL,226752
IT,2023,F,Y5,5.0,ALL,TOTAL,218688
IT,2024,F,Y5,5.0,ALL,TOTAL,211603
IT,2021,F,Y50,50.0,ALL,FRGAPO,45107
IT,2022,F,Y50,50.0,ALL,FRGAPO,46716
IT,2023,F,Y50,50.0,ALL,FRGAPO,46630
IT,2024,F,Y50,50.0,ALL,FRGAPO,48861
IT,2021,F,Y50,50.0,ALL,ITL,438064
IT,2022,F,Y50,50.0,ALL,ITL,431416
IT,2023,F,Y50,50.0,ALL,ITL,428878
IT,2024,F,Y50,50.0,ALL,ITL,429259
IT,2021,F,Y50,50.0,ALL,TOTAL,483171
IT,2022,F,Y50,50.0,ALL,TOTAL,478132
IT,2023,F,Y50,50.0,ALL,TOTAL,475508
IT,2024,F,Y50,50.0,ALL,TOTAL,478120
IT,2021,F,Y51,51.0,ALL,FRGAPO,44956
IT,2022,F,Y51,51.0,ALL,FRGAPO,45220
IT,2023,F,Y51,51.0,ALL,FRGAPO,46417
IT,2024,F,Y51,51.0,ALL,FRGAPO,46311
IT,2021,F,Y51,51.0,ALL,ITL,433451
IT,2022,F,Y51,51.0,ALL,ITL,439251
IT,2023,F,Y51,51.0,ALL,ITL,432479
IT,2024,F,Y51,51.0,ALL,ITL,429895
IT,2021,F,Y51,51.0,ALL,TOTAL,478407
IT,2022,F,Y51,51.0,ALL,TOTAL,484471
IT,2023,F,Y51,51.0,ALL,TOTAL,478896
IT,2024,F,Y51,51.0,ALL,TOTAL,476206
IT,2021,F,Y52,52.0,ALL,FRGAPO,44250
IT,2022,F,Y52,52.0,ALL,FRGAPO,45137
IT,2023,F,Y52,52.0,ALL,FRGAPO,45062
IT,2024,F,Y52,52.0,ALL,FRGAPO,45955
IT,2021,F,Y52,52.0,ALL,ITL,447303
IT,2022,F,Y52,52.0,ALL,ITL,434484
IT,2023,F,Y52,52.0,ALL,ITL,440028
IT,2024,F,Y52,52.0,ALL,ITL,433536
IT,2021,F,Y52,52.0,ALL,TOTAL,491553
IT,2022,F,Y52,52.0,ALL,TOTAL,479621
IT,2023,F,Y52,52.0,ALL,TOTAL,485090
IT,2024,F,Y52,52.0,ALL,TOTAL,479491
IT,2021,F,Y53,53.0,ALL,FRGAPO,44860
IT,2022,F,Y53,53.0,ALL,FRGAPO,44407
IT,2023,F,Y53,53.0,ALL,FRGAPO,44589
IT,2024,F,Y53,53.0,ALL,FRGAPO,44554
IT,2021,F,Y53,53.0,ALL,ITL,443092
IT,2022,F,Y53,53.0,ALL,ITL,448247
IT,2023,F,Y53,53.0,ALL,ITL,435265
IT,2024,F,Y53,53.0,ALL,ITL,441003
IT,2021,F,Y53,53.0,ALL,TOTAL,487952
IT,2022,F,Y53,53.0,ALL,TOTAL,492654
IT,2023,F,Y53,53.0,ALL,TOTAL,479854
IT,2024,F,Y53,53.0,ALL,TOTAL,485557
IT,2021,F,Y54,54.0,ALL,FRGAPO,42635
IT,2022,F,Y54,54.0,ALL,FRGAPO,45075
IT,2023,F,Y54,54.0,ALL,FRGAPO,43995
IT,2024,F,Y54,54.0,ALL,FRGAPO,44235
IT,2021,F,Y54,54.0,ALL,ITL,448258
IT,2022,F,Y54,54.0,ALL,ITL,443899
IT,2023,F,Y54,54.0,ALL,ITL,448937
IT,2024,F,Y54,54.0,ALL,ITL,436105
IT,2021,F,Y54,54.0,ALL,TOTAL,490893
IT,2022,F,Y54,54.0,ALL,TOTAL,488974
IT,2023,F,Y54,54.0,ALL,TOTAL,492932
IT,2024,F,Y54,54.0,ALL,TOTAL,480340
IT,2021,F,Y55,55.0,ALL,FRGAPO,35352
IT,2022,F,Y55,55.0,ALL,FRGAPO,42973
IT,2023,F,Y55,55.0,ALL,FRGAPO,44531
IT,2024,F,Y55,55.0,ALL,FRGAPO,43394
IT,2021,F,Y55,55.0,ALL,ITL,458456
IT,2022,F,Y55,55.0,ALL,ITL,448876
IT,2023,F,Y55,55.0,ALL,ITL,444503
IT,2024,F,Y55,55.0,ALL,ITL,449731
IT,2021,F,Y55,55.0,ALL,TOTAL,493808
IT,2022,F,Y55,55.0,ALL,TOTAL,491849
IT,2023,F,Y55,55.0,ALL,TOTAL,489034
IT,2024,F,Y55,55.0,ALL,TOTAL,493125
IT,2021,F,Y56,56.0,ALL,FRGAPO,34145
IT,2022,F,Y56,56.0,ALL,FRGAPO,35631
IT,2023,F,Y56,56.0,ALL,FRGAPO,42308
IT,2024,F,Y56,56.0,ALL,FRGAPO,44008
IT,2021,F,Y56,56.0,ALL,ITL,458623
IT,2022,F,Y56,56.0,ALL,ITL,458782
IT,2023,F,Y56,56.0,ALL,ITL,449368
IT,2024,F,Y56,56.0,ALL,ITL,445202
IT,2021,F,Y56,56.0,ALL,TOTAL,492768
IT,2022,F,Y56,56.0,ALL,TOTAL,494413
IT,2023,F,Y56,56.0,ALL,TOTAL,491676
IT,2024,F,Y56,56.0,ALL,TOTAL,489210
IT,2021,F,Y57,57.0,ALL,FRGAPO,34177
IT,2022,F,Y57,57.0,ALL,FRGAPO,34375
IT,2023,F,Y57,57.0,ALL,FRGAPO,35288
IT,2024,F,Y57,57.0,ALL,FRGAPO,41663
IT,2021,F,Y57,57.0,ALL,ITL,465148
IT,2022,F,Y57,57.0,ALL,ITL,458749
IT,2023,F,Y57,57.0,ALL,ITL,458990
IT,2024,F,Y57,57.0,ALL,ITL,449895
IT,2021,F,Y57,57.0,ALL,TOTAL,499325
IT,2022,F,Y57,57.0,ALL,TOTAL,493124
IT,2023,F,Y57,57.0,ALL,TOTAL,494278
IT,2024,F,Y57,57.0,ALL,TOTAL,491558
IT,2021,F,Y58,58.0,ALL,FRGAPO,33136
IT,2022,F,Y58,58.0,ALL,FRGAPO,34468
IT,2023,F,Y58,58.0,ALL,FRGAPO,33990
IT,2024,F,Y58,58.0,ALL,FRGAPO,34922
IT,2021,F,Y58,58.0,ALL,ITL,437040
IT,2022,F,Y58,58.0,ALL,ITL,465280
IT,2023,F,Y58,58.0,ALL,ITL,458732
IT,2024,F,Y58,58.0,ALL,ITL,459274
IT,2021,F,Y58,58.0,ALL,TOTAL,470176
IT,2022,F,Y58,58.0,ALL,TOTAL,499748
IT,2023,F,Y58,58.0,ALL,TOTAL,492722
IT,2024,F,Y58,58.0,ALL,TOTAL,494196
IT,2021,F,Y59,59.0,ALL,FRGAPO,31893
IT,2022,F,Y59,59.0,ALL,FRGAPO,33456
IT,2023,F,Y59,59.0,ALL,FRGAPO,33999
IT,2024,F,Y59,59.0,ALL,FRGAPO,33582
IT,2021,F,Y59,59.0,ALL,ITL,422524
IT,2022,F,Y59,59.0,ALL,ITL,437014
IT,2023,F,Y59,59.0,ALL,ITL,465139
IT,2024,F,Y59,59.0,ALL,ITL,458866
IT,2021,F,Y59,59.0,ALL,TOTAL,454417
IT,2022,F,Y59,59.0,ALL,TOTAL,470470
IT,2023,F,Y59,59.0,ALL,TOTAL,499138
IT,2024,F,Y59,59.0,ALL,TOTAL,492448
IT,2021,F,Y6,6.0,ALL,FRGAPO,31273
IT,2022,F,Y6,6.0,ALL,FRGAPO,30800
IT,2023,F,Y6,6.0,ALL,FRGAPO,30741
IT,2024,F,Y6,6.0,ALL,FRGAPO,29012
IT,2021,F,Y6,6.0,ALL,ITL,207250
IT,2022,F,Y6,6.0,ALL,ITL,203512
IT,2023,F,Y6,6.0,ALL,ITL,197010
IT,2024,F,Y6,6.0,ALL,ITL,190792
IT,2021,F,Y6,6.0,ALL,TOTAL,238523
IT,2022,F,Y6,6.0,ALL,TOTAL,234312
IT,2023,F,Y6,6.0,ALL,TOTAL,227751
IT,2024,F,Y6,6.0,ALL,TOTAL,219804
IT,2021,F,Y60,60.0,ALL,FRGAPO,30364
IT,2022,F,Y60,60.0,ALL,FRGAPO,32268
IT,2023,F,Y60,60.0,ALL,FRGAPO,32950
IT,2024,F,Y60,60.0,ALL,FRGAPO,33499
IT,2021,F,Y60,60.0,ALL,ITL,415086
IT,2022,F,Y60,60.0,ALL,ITL,422323
IT,2023,F,Y60,60.0,ALL,ITL,436712
IT,2024,F,Y60,60.0,ALL,ITL,465181
IT,2021,F,Y60,60.0,ALL,TOTAL,445450
IT,2022,F,Y60,60.0,ALL,TOTAL,454591
IT,2023,F,Y60,60.0,ALL,TOTAL,469662
IT,2024,F,Y60,60.0,ALL,TOTAL,498680
IT,2021,F,Y61,61.0,ALL,FRGAPO,29903
IT,2022,F,Y61,61.0,ALL,FRGAPO,30644
IT,2023,F,Y61,61.0,ALL,FRGAPO,31758
IT,2024,F,Y61,61.0,ALL,FRGAPO,32399
IT,2021,F,Y61,61.0,ALL,ITL,400925
IT,2022,F,Y61,61.0,ALL,ITL,414693
IT,2023,F,Y61,61.0,ALL,ITL,421795
IT,2024,F,Y61,61.0,ALL,ITL,436614
IT,2021,F,Y61,61.0,ALL,TOTAL,430828
IT,2022,F,Y61,61.0,ALL,TOTAL,445337
IT,2023,F,Y61,61.0,ALL,TOTAL,453553
IT,2024,F,Y61,61.0,ALL,TOTAL,469013
IT,2021,F,Y62,62.0,ALL,FRGAPO,27017
IT,2022,F,Y62,62.0,ALL,FRGAPO,30247
IT,2023,F,Y62,62.0,ALL,FRGAPO,30007
IT,2024,F,Y62,62.0,ALL,FRGAPO,31188
IT,2021,F,Y62,62.0,ALL,ITL,392298
IT,2022,F,Y62,62.0,ALL,ITL,400337
IT,2023,F,Y62,62.0,ALL,ITL,414121
IT,2024,F,Y62,62.0,ALL,ITL,421500
IT,2021,F,Y62,62.0,ALL,TOTAL,419315
IT,2022,F,Y62,62.0,ALL,TOTAL,430584
IT,2023,F,Y62,62.0,ALL,TOTAL,444128
IT,2024,F,Y62,62.0,ALL,TOTAL,452688
IT,2021,F,Y63,63.0,ALL,FRGAPO,25361
IT,2022,F,Y63,63.0,ALL,FRGAPO,27237
IT,2023,F,Y63,63.0,ALL,FRGAPO,29549
IT,2024,F,Y63,63.0,ALL,FRGAPO,29442
IT,2021,F,Y63,63.0,ALL,ITL,375512
IT,2022,F,Y63,63.0,ALL,ITL,391360
IT,2023,F,Y63,63.0,ALL,ITL,399587
IT,2024,F,Y63,63.0,ALL,ITL,413587
IT,2021,F,Y63,63.0,ALL,TOTAL,400873
IT,2022,F,Y63,63.0,ALL,TOTAL,418597
IT,2023,F,Y63,63.0,ALL,TOTAL,429136
IT,2024,F,Y63,63.0,ALL,TOTAL,443029
IT,2021,F,Y64,64.0,ALL,FRGAPO,22938
IT,2022,F,Y64,64.0,ALL,FRGAPO,25835
IT,2023,F,Y64,64.0,ALL,FRGAPO,26621
IT,2024,F,Y64,64.0,ALL,FRGAPO,28973
IT,2021,F,Y64,64.0,ALL,ITL,373363
IT,2022,F,Y64,64.0,ALL,ITL,374424
IT,2023,F,Y64,64.0,ALL,ITL,390444
IT,2024,F,Y64,64.0,ALL,ITL,398851
IT,2021,F,Y64,64.0,ALL,TOTAL,396301
IT,2022,F,Y64,64.0,ALL,TOTAL,400259
IT,2023,F,Y64,64.0,ALL,TOTAL,417065
IT,2024,F,Y64,64.0,ALL,TOTAL,427824
IT,2021,F,Y65,65.0,ALL,FRGAPO,20763
IT,2022,F,Y65,65.0,ALL,FRGAPO,23422
IT,2023,F,Y65,65.0,ALL,FRGAPO,25136
IT,2024,F,Y65,65.0,ALL,FRGAPO,26074
IT,2021,F,Y65,65.0,ALL,ITL,366740
IT,2022,F,Y65,65.0,ALL,ITL,372024
IT,2023,F,Y65,65.0,ALL,ITL,373277
IT,2024,F,Y65,65.0,ALL,ITL,389430
IT,2021,F,Y65,65.0,ALL,TOTAL,387503
IT,2022,F,Y65,65.0,ALL,TOTAL,395446
IT,2023,F,Y65,65.0,ALL,TOTAL,398413
IT,2024,F,Y65,65.0,ALL,TOTAL,415504
IT,2021,F,Y66,66.0,ALL,FRGAPO,18804
IT,2022,F,Y66,66.0,ALL,FRGAPO,21208
IT,2023,F,Y66,66.0,ALL,FRGAPO,22730
IT,2024,F,Y66,66.0,ALL,FRGAPO,24550
IT,2021,F,Y66,66.0,ALL,ITL,361156
IT,2022,F,Y66,66.0,ALL,ITL,365040
IT,2023,F,Y66,66.0,ALL,ITL,370597
IT,2024,F,Y66,66.0,ALL,ITL,372058
IT,2021,F,Y66,66.0,ALL,TOTAL,379960
IT,2022,F,Y66,66.0,ALL,TOTAL,386248
IT,2023,F,Y66,66.0,ALL,TOTAL,393327
IT,2024,F,Y66,66.0,ALL,TOTAL,396608
IT,2021,F,Y67,67.0,ALL,FRGAPO,16424
IT,2022,F,Y67,67.0,ALL,FRGAPO,18988
IT,2023,F,Y67,67.0,ALL,FRGAPO,20488
IT,2024,F,Y67,67.0,ALL,FRGAPO,21910
IT,2021,F,Y67,67.0,ALL,ITL,356930
IT,2022,F,Y67,67.0,ALL,ITL,359264
IT,2023,F,Y67,67.0,ALL,ITL,363223
IT,2024,F,Y67,67.0,ALL,ITL,369102
IT,2021,F,Y67,67.0,ALL,TOTAL,373354
IT,2022,F,Y67,67.0,ALL,TOTAL,378252
IT,2023,F,Y67,67.0,ALL,TOTAL,383711
IT,2024,F,Y67,67.0,ALL,TOTAL,391012
IT,2021,F,Y68,68.0,ALL,FRGAPO,14172
IT,2022,F,Y68,68.0,ALL,FRGAPO,16816
IT,2023,F,Y68,68.0,ALL,FRGAPO,18396
IT,2024,F,Y68,68.0,ALL,FRGAPO,19802
IT,2021,F,Y68,68.0,ALL,ITL,340398
IT,2022,F,Y68,68.0,ALL,ITL,354812
IT,2023,F,Y68,68.0,ALL,ITL,357353
IT,2024,F,Y68,68.0,ALL,ITL,361473
IT,2021,F,Y68,68.0,ALL,TOTAL,354570
IT,2022,F,Y68,68.0,ALL,TOTAL,371628
IT,2023,F,Y68,68.0,ALL,TOTAL,375749
IT,2024,F,Y68,68.0,ALL,TOTAL,381275
IT,2021,F,Y69,69.0,ALL,FRGAPO,12808
IT,2022,F,Y69,69.0,ALL,FRGAPO,14434
IT,2023,F,Y69,69.0,ALL,FRGAPO,16289
IT,2024,F,Y69,69.0,ALL,FRGAPO,18001
IT,2021,F,Y69,69.0,ALL,ITL,336035
IT,2022,F,Y69,69.0,ALL,ITL,337753
IT,2023,F,Y69,69.0,ALL,ITL,353131
IT,2024,F,Y69,69.0,ALL,ITL,355412
IT,2021,F,Y69,69.0,ALL,TOTAL,348843
IT,2022,F,Y69,69.0,ALL,TOTAL,352187
IT,2023,F,Y69,69.0,ALL,TOTAL,369420
IT,2024,F,Y69,69.0,ALL,TOTAL,373413
IT,2021,F,Y7,7.0,ALL,FRGAPO,31347
IT,2022,F,Y7,7.0,ALL,FRGAPO,30495
IT,2023,F,Y7,7.0,ALL,FRGAPO,30153
IT,2024,F,Y7,7.0,ALL,FRGAPO,29922
IT,2021,F,Y7,7.0,ALL,ITL,214189
IT,2022,F,Y7,7.0,ALL,ITL,209079
IT,2023,F,Y7,7.0,ALL,ITL,205216
IT,2024,F,Y7,7.0,ALL,ITL,198877
IT,2021,F,Y7,7.0,ALL,TOTAL,245536
IT,2022,F,Y7,7.0,ALL,TOTAL,239574
IT,2023,F,Y7,7.0,ALL,TOTAL,235369
IT,2024,F,Y7,7.0,ALL,TOTAL,228799
IT,2021,F,Y70,70.0,ALL,FRGAPO,10921
IT,2022,F,Y70,70.0,ALL,FRGAPO,13143
IT,2023,F,Y70,70.0,ALL,FRGAPO,14023
IT,2024,F,Y70,70.0,ALL,FRGAPO,15908
IT,2021,F,Y70,70.0,ALL,ITL,335590
IT,2022,F,Y70,70.0,ALL,ITL,333180
IT,2023,F,Y70,70.0,ALL,ITL,335269
IT,2024,F,Y70,70.0,ALL,ITL,350397
IT,2021,F,Y70,70.0,ALL,TOTAL,346511
IT,2022,F,Y70,70.0,ALL,TOTAL,346323
IT,2023,F,Y70,70.0,ALL,TOTAL,349292
IT,2024,F,Y70,70.0,ALL,TOTAL,366305
IT,2021,F,Y71,71.0,ALL,FRGAPO,10425
IT,2022,F,Y71,71.0,ALL,FRGAPO,11075
IT,2023,F,Y71,71.0,ALL,FRGAPO,12759
IT,2024,F,Y71,71.0,ALL,FRGAPO,13678
IT,2021,F,Y71,71.0,ALL,ITL,346903
IT,2022,F,Y71,71.0,ALL,ITL,332286
IT,2023,F,Y71,71.0,ALL,ITL,330213
IT,2024,F,Y71,71.0,ALL,ITL,332298
IT,2021,F,Y71,71.0,ALL,TOTAL,357328
IT,2022,F,Y71,71.0,ALL,TOTAL,343361
IT,2023,F,Y71,71.0,ALL,TOTAL,342972
IT,2024,F,Y71,71.0,ALL,TOTAL,345976
IT,2021,F,Y72,72.0,ALL,FRGAPO,8891
IT,2022,F,Y72,72.0,ALL,FRGAPO,10631
IT,2023,F,Y72,72.0,ALL,FRGAPO,10808
IT,2024,F,Y72,72.0,ALL,FRGAPO,12400
IT,2021,F,Y72,72.0,ALL,ITL,348249
IT,2022,F,Y72,72.0,ALL,ITL,343133
IT,2023,F,Y72,72.0,ALL,ITL,328889
IT,2024,F,Y72,72.0,ALL,ITL,326871
IT,2021,F,Y72,72.0,ALL,TOTAL,357140
IT,2022,F,Y72,72.0,ALL,TOTAL,353764
IT,2023,F,Y72,72.0,ALL,TOTAL,339697
IT,2024,F,Y72,72.0,ALL,TOTAL,339271
IT,2021,F,Y73,73.0,ALL,FRGAPO,7613
IT,2022,F,Y73,73.0,ALL,FRGAPO,9062
IT,2023,F,Y73,73.0,ALL,FRGAPO,10276
IT,2024,F,Y73,73.0,ALL,FRGAPO,10567
IT,2021,F,Y73,73.0,ALL,ITL,363491
IT,2022,F,Y73,73.0,ALL,ITL,344081
IT,2023,F,Y73,73.0,ALL,ITL,339174
IT,2024,F,Y73,73.0,ALL,ITL,325162
IT,2021,F,Y73,73.0,ALL,TOTAL,371104
IT,2022,F,Y73,73.0,ALL,TOTAL,353143
IT,2023,F,Y73,73.0,ALL,TOTAL,349450
IT,2024,F,Y73,73.0,ALL,TOTAL,335729
IT,2021,F,Y74,74.0,ALL,FRGAPO,6385
IT,2022,F,Y74,74.0,ALL,FRGAPO,7783
IT,2023,F,Y74,74.0,ALL,FRGAPO,8813
IT,2024,F,Y74,74.0,ALL,FRGAPO,10075
IT,2021,F,Y74,74.0,ALL,ITL,353166
IT,2022,F,Y74,74.0,ALL,ITL,358286
IT,2023,F,Y74,74.0,ALL,ITL,339640
IT,2024,F,Y74,74.0,ALL,ITL,334765
IT,2021,F,Y74,74.0,ALL,TOTAL,359551
IT,2022,F,Y74,74.0,ALL,TOTAL,366069
IT,2023,F,Y74,74.0,ALL,TOTAL,348453
IT,2024,F,Y74,74.0,ALL,TOTAL,344840
IT,2021,F,Y75,75.0,ALL,FRGAPO,5249
IT,2022,F,Y75,75.0,ALL,FRGAPO,6523
IT,2023,F,Y75,75.0,ALL,FRGAPO,7607
IT,2024,F,Y75,75.0,ALL,FRGAPO,8638
IT,2021,F,Y75,75.0,ALL,ITL,351699
IT,2022,F,Y75,75.0,ALL,ITL,347500
IT,2023,F,Y75,75.0,ALL,ITL,352930
IT,2024,F,Y75,75.0,ALL,ITL,334763
IT,2021,F,Y75,75.0,ALL,TOTAL,356948
IT,2022,F,Y75,75.0,ALL,TOTAL,354023
IT,2023,F,Y75,75.0,ALL,TOTAL,360537
IT,2024,F,Y75,75.0,ALL,TOTAL,343401
IT,2021,F,Y76,76.0,ALL,FRGAPO,4208
IT,2022,F,Y76,76.0,ALL,FRGAPO,5404
IT,2023,F,Y76,76.0,ALL,FRGAPO,6359
IT,2024,F,Y76,76.0,ALL,FRGAPO,7522
IT,2021,F,Y76,76.0,ALL,ITL,268686
IT,2022,F,Y76,76.0,ALL,ITL,345307
IT,2023,F,Y76,76.0,ALL,ITL,341568
IT,2024,F,Y76,76.0,ALL,ITL,347176
IT,2021,F,Y76,76.0,ALL,TOTAL,272894
IT,2022,F,Y76,76.0,ALL,TOTAL,350711
IT,2023,F,Y76,76.0,ALL,TOTAL,347927
IT,2024,F,Y76,76.0,ALL,TOTAL,354698
IT,2021,F,Y77,77.0,ALL,FRGAPO,3898
IT,2022,F,Y77,77.0,ALL,FRGAPO,4324
IT,2023,F,Y77,77.0,ALL,FRGAPO,5249
IT,2024,F,Y77,77.0,ALL,FRGAPO,6284
IT,2021,F,Y77,77.0,ALL,ITL,274158
IT,2022,F,Y77,77.0,ALL,ITL,263000
IT,2023,F,Y77,77.0,ALL,ITL,338651
IT,2024,F,Y77,77.0,ALL,ITL,335309
IT,2021,F,Y77,77.0,ALL,TOTAL,278056
IT,2022,F,Y77,77.0,ALL,TOTAL,267324
IT,2023,F,Y77,77.0,ALL,TOTAL,343900
IT,2024,F,Y77,77.0,ALL,TOTAL,341593
IT,2021,F,Y78,78.0,ALL,FRGAPO,3576
IT,2022,F,Y78,78.0,ALL,FRGAPO,3999
IT,2023,F,Y78,78.0,ALL,FRGAPO,4160
IT,2024,F,Y78,78.0,ALL,FRGAPO,5216
IT,2021,F,Y78,78.0,ALL,ITL,274499
IT,2022,F,Y78,78.0,ALL,ITL,267656
IT,2023,F,Y78,78.0,ALL,ITL,257013
IT,2024,F,Y78,78.0,ALL,ITL,331523
IT,2021,F,Y78,78.0,ALL,TOTAL,278075
IT,2022,F,Y78,78.0,ALL,TOTAL,271655
IT,2023,F,Y78,78.0,ALL,TOTAL,261173
IT,2024,F,Y78,78.0,ALL,TOTAL,336739
IT,2021,F,Y79,79.0,ALL,FRGAPO,3527
IT,2022,F,Y79,79.0,ALL,FRGAPO,3669
IT,2023,F,Y79,79.0,ALL,FRGAPO,3851
IT,2024,F,Y79,79.0,ALL,FRGAPO,4138
IT,2021,F,Y79,79.0,ALL,ITL,268324
IT,2022,F,Y79,79.0,ALL,ITL,266918
IT,2023,F,Y79,79.0,ALL,ITL,260994
IT,2024,F,Y79,79.0,ALL,ITL,250897
IT,2021,F,Y79,79.0,ALL,TOTAL,271851
IT,2022,F,Y79,79.0,ALL,TOTAL,270587
IT,2023,F,Y79,79.0,ALL,TOTAL,264845
IT,2024,F,Y79,79.0,ALL,TOTAL,255035
IT,2021,F,Y8,8.0,ALL,FRGAPO,30269
IT,2022,F,Y8,8.0,ALL,FRGAPO,30506
IT,2023,F,Y8,8.0,ALL,FRGAPO,29841
IT,2024,F,Y8,8.0,ALL,FRGAPO,29428
IT,2021,F,Y8,8.0,ALL,ITL,218850
IT,2022,F,Y8,8.0,ALL,ITL,216060
IT,2023,F,Y8,8.0,ALL,ITL,210977
IT,2024,F,Y8,8.0,ALL,ITL,207052
IT,2021,F,Y8,8.0,ALL,TOTAL,249119
IT,2022,F,Y8,8.0,ALL,TOTAL,246566
IT,2023,F,Y8,8.0,ALL,TOTAL,240818
IT,2024,F,Y8,8.0,ALL,TOTAL,236480
IT,2021,F,Y80,80.0,ALL,FRGAPO,2714
IT,2022,F,Y80,80.0,ALL,FRGAPO,3662
IT,2023,F,Y80,80.0,ALL,FRGAPO,3564
IT,2024,F,Y80,80.0,ALL,FRGAPO,3805
IT,2021,F,Y80,80.0,ALL,ITL,266376
IT,2022,F,Y80,80.0,ALL,ITL,259935
IT,2023,F,Y80,80.0,ALL,ITL,259086
IT,2024,F,Y80,80.0,ALL,ITL,253663
IT,2021,F,Y80,80.0,ALL,TOTAL,269090
IT,2022,F,Y80,80.0,ALL,TOTAL,263597
IT,2023,F,Y80,80.0,ALL,TOTAL,262650
IT,2024,F,Y80,80.0,ALL,TOTAL,257468
IT,2021,F,Y81,81.0,ALL,FRGAPO,2946
IT,2022,F,Y81,81.0,ALL,FRGAPO,2786
IT,2023,F,Y81,81.0,ALL,FRGAPO,3490
IT,2024,F,Y81,81.0,ALL,FRGAPO,3462
IT,2021,F,Y81,81.0,ALL,ITL,286445
IT,2022,F,Y81,81.0,ALL,ITL,257091
IT,2023,F,Y81,81.0,ALL,ITL,251397
IT,2024,F,Y81,81.0,ALL,ITL,250656
IT,2021,F,Y81,81.0,ALL,TOTAL,289391
IT,2022,F,Y81,81.0,ALL,TOTAL,259877
IT,2023,F,Y81,81.0,ALL,TOTAL,254887
IT,2024,F,Y81,81.0,ALL,TOTAL,254118
IT,2021,F,Y82,82.0,ALL,FRGAPO,2257
IT,2022,F,Y82,82.0,ALL,FRGAPO,2953
IT,2023,F,Y82,82.0,ALL,FRGAPO,2673
IT,2024,F,Y82,82.0,ALL,FRGAPO,3381
IT,2021,F,Y82,82.0,ALL,ITL,274011
IT,2022,F,Y82,82.0,ALL,ITL,274879
IT,2023,F,Y82,82.0,ALL,ITL,247459
IT,2024,F,Y82,82.0,ALL,ITL,242191
IT,2021,F,Y82,82.0,ALL,TOTAL,276268
IT,2022,F,Y82,82.0,ALL,TOTAL,277832
IT,2023,F,Y82,82.0,ALL,TOTAL,250132
IT,2024,F,Y82,82.0,ALL,TOTAL,245572
IT,2021,F,Y83,83.0,ALL,FRGAPO,2065
IT,2022,F,Y83,83.0,ALL,FRGAPO,2246
IT,2023,F,Y83,83.0,ALL,FRGAPO,2801
IT,2024,F,Y83,83.0,ALL,FRGAPO,2649
IT,2021,F,Y83,83.0,ALL,ITL,257481
IT,2022,F,Y83,83.0,ALL,ITL,261353
IT,2023,F,Y83,83.0,ALL,ITL,262874
IT,2024,F,Y83,83.0,ALL,ITL,237175
IT,2021,F,Y83,83.0,ALL,TOTAL,259546
IT,2022,F,Y83,83.0,ALL,TOTAL,263599
IT,2023,F,Y83,83.0,ALL,TOTAL,265675
IT,2024,F,Y83,83.0,ALL,TOTAL,239824
IT,2021,F,Y84,84.0,ALL,FRGAPO,1702
IT,2022,F,Y84,84.0,ALL,FRGAPO,2055
IT,2023,F,Y84,84.0,ALL,FRGAPO,2161
IT,2024,F,Y84,84.0,ALL,FRGAPO,2740
IT,2021,F,Y84,84.0,ALL,ITL,228536
IT,2022,F,Y84,84.0,ALL,ITL,243581
IT,2023,F,Y84,84.0,ALL,ITL,248382
IT,2024,F,Y84,84.0,ALL,ITL,250163
IT,2021,F,Y84,84.0,ALL,TOTAL,230238
IT,2022,F,Y84,84.0,ALL,TOTAL,245636
IT,2023,F,Y84,84.0,ALL,TOTAL,250543
IT,2024,F,Y84,84.0,ALL,TOTAL,252903
IT,2021,F,Y85,85.0,ALL,FRGAPO,1442
IT,2022,F,Y85,85.0,ALL,FRGAPO,1685
IT,2023,F,Y85,85.0,ALL,FRGAPO,1955
IT,2024,F,Y85,85.0,ALL,FRGAPO,2102
IT,2021,F,Y85,85.0,ALL,ITL,204632
IT,2022,F,Y85,85.0,ALL,ITL,214266
IT,2023,F,Y85,85.0,ALL,ITL,229613
IT,2024,F,Y85,85.0,ALL,ITL,234677
IT,2021,F,Y85,85.0,ALL,TOTAL,206074
IT,2022,F,Y85,85.0,ALL,TOTAL,215951
IT,2023,F,Y85,85.0,ALL,TOTAL,231568
IT,2024,F,Y85,85.0,ALL,TOTAL,236779
IT,2021,F,Y86,86.0,ALL,FRGAPO,1125
IT,2022,F,Y86,86.0,ALL,FRGAPO,1388
IT,2023,F,Y86,86.0,ALL,FRGAPO,1579
IT,2024,F,Y86,86.0,ALL,FRGAPO,1863
IT,2021,F,Y86,86.0,ALL,ITL,196735
IT,2022,F,Y86,86.0,ALL,ITL,189512
IT,2023,F,Y86,86.0,ALL,ITL,199812
IT,2024,F,Y86,86.0,ALL,ITL,214870
IT,2021,F,Y86,86.0,ALL,TOTAL,197860
IT,2022,F,Y86,86.0,ALL,TOTAL,190900
IT,2023,F,Y86,86.0,ALL,TOTAL,201391
IT,2024,F,Y86,86.0,ALL,TOTAL,216733
IT,2021,F,Y87,87.0,ALL,FRGAPO,957
IT,2022,F,Y87,87.0,ALL,FRGAPO,1072
IT,2023,F,Y87,87.0,ALL,FRGAPO,1275
IT,2024,F,Y87,87.0,ALL,FRGAPO,1502
IT,2021,F,Y87,87.0,ALL,ITL,177786
IT,2022,F,Y87,87.0,ALL,ITL,179880
IT,2023,F,Y87,87.0,ALL,ITL,174520
IT,2024,F,Y87,87.0,ALL,ITL,184843
IT,2021,F,Y87,87.0,ALL,TOTAL,178743
IT,2022,F,Y87,87.0,ALL,TOTAL,180952
IT,2023,F,Y87,87.0,ALL,TOTAL,175795
IT,2024,F,Y87,87.0,ALL,TOTAL,186345
IT,2021,F,Y88,88.0,ALL,FRGAPO,750
IT,2022,F,Y88,88.0,ALL,FRGAPO,896
IT,2023,F,Y88,88.0,ALL,FRGAPO,1006
IT,2024,F,Y88,88.0,ALL,FRGAPO,1214
IT,2021,F,Y88,88.0,ALL,ITL,157910
IT,2022,F,Y88,88.0,ALL,ITL,159948
IT,2023,F,Y88,88.0,ALL,ITL,163394
IT,2024,F,Y88,88.0,ALL,ITL,159324
IT,2021,F,Y88,88.0,ALL,TOTAL,158660
IT,2022,F,Y88,88.0,ALL,TOTAL,160844
IT,2023,F,Y88,88.0,ALL,TOTAL,164400
IT,2024,F,Y88,88.0,ALL,TOTAL,160538
IT,2021,F,Y89,89.0,ALL,FRGAPO,682
IT,2022,F,Y89,89.0,ALL,FRGAPO,718
IT,2023,F,Y89,89.0,ALL,FRGAPO,802
IT,2024,F,Y89,89.0,ALL,FRGAPO,939
IT,2021,F,Y89,89.0,ALL,ITL,139248
IT,2022,F,Y89,89.0,ALL,ITL,139701
IT,2023,F,Y89,89.0,ALL,ITL,143631
IT,2024,F,Y89,89.0,ALL,ITL,147056
IT,2021,F,Y89,89.0,ALL,TOTAL,139930
IT,2022,F,Y89,89.0,ALL,TOTAL,140419
IT,2023,F,Y89,89.0,ALL,TOTAL,144433
IT,2024,F,Y89,89.0,ALL,TOTAL,147995
IT,2021,F,Y9,9.0,ALL,FRGAPO,30067
IT,2022,F,Y9,9.0,ALL,FRGAPO,29384
IT,2023,F,Y9,9.0,ALL,FRGAPO,29953
IT,2024,F,Y9,9.0,ALL,FRGAPO,29085
IT,2021,F,Y9,9.0,ALL,ITL,229893
IT,2022,F,Y9,9.0,ALL,ITL,220800
IT,2023,F,Y9,9.0,ALL,ITL,217889
IT,2024,F,Y9,9.0,ALL,ITL,212882
IT,2021,F,Y9,9.0,ALL,TOTAL,259960
IT,2022,F,Y9,9.0,ALL,TOTAL,250184
IT,2023,F,Y9,9.0,ALL,TOTAL,247842
IT,2024,F,Y9,9.0,ALL,TOTAL,241967
IT,2021,F,Y90,90.0,ALL,FRGAPO,420
IT,2022,F,Y90,90.0,ALL,FRGAPO,636
IT,2023,F,Y90,90.0,ALL,FRGAPO,648
IT,2024,F,Y90,90.0,ALL,FRGAPO,754
IT,2021,F,Y90,90.0,ALL,ITL,122966
IT,2022,F,Y90,90.0,ALL,ITL,121137
IT,2023,F,Y90,90.0,ALL,ITL,122796
IT,2024,F,Y90,90.0,ALL,ITL,127078
IT,2021,F,Y90,90.0,ALL,TOTAL,123386
IT,2022,F,Y90,90.0,ALL,TOTAL,121773
IT,2023,F,Y90,90.0,ALL,TOTAL,123444
IT,2024,F,Y90,90.0,ALL,TOTAL,127832
IT,2021,F,Y91,91.0,ALL,FRGAPO,477
IT,2022,F,Y91,91.0,ALL,FRGAPO,387
IT,2023,F,Y91,91.0,ALL,FRGAPO,548
IT,2024,F,Y91,91.0,ALL,FRGAPO,590
IT,2021,F,Y91,91.0,ALL,ITL,110996
IT,2022,F,Y91,91.0,ALL,ITL,104532
IT,2023,F,Y91,91.0,ALL,ITL,104506
IT,2024,F,Y91,91.0,ALL,ITL,106725
IT,2021,F,Y91,91.0,ALL,TOTAL,111473
IT,2022,F,Y91,91.0,ALL,TOTAL,104919
IT,2023,F,Y91,91.0,ALL,TOTAL,105054
IT,2024,F,Y91,91.0,ALL,TOTAL,107315
IT,2021,F,Y92,92.0,ALL,FRGAPO,318
IT,2022,F,Y92,92.0,ALL,FRGAPO,449
IT,2023,F,Y92,92.0,ALL,FRGAPO,334
IT,2024,F,Y92,92.0,ALL,FRGAPO,507
IT,2021,F,Y92,92.0,ALL,ITL,86234
IT,2022,F,Y92,92.0,ALL,ITL,92383
IT,2023,F,Y92,92.0,ALL,ITL,88477
IT,2024,F,Y92,92.0,ALL,ITL,88821
IT,2021,F,Y92,92.0,ALL,TOTAL,86552
IT,2022,F,Y92,92.0,ALL,TOTAL,92832
IT,2023,F,Y92,92.0,ALL,TOTAL,88811
IT,2024,F,Y92,92.0,ALL,TOTAL,89328
IT,2021,F,Y93,93.0,ALL,FRGAPO,234
IT,2022,F,Y93,93.0,ALL,FRGAPO,286
IT,2023,F,Y93,93.0,ALL,FRGAPO,351
IT,2024,F,Y93,93.0,ALL,FRGAPO,291
IT,2021,F,Y93,93.0,ALL,ITL,69979
IT,2022,F,Y93,93.0,ALL,ITL,69971
IT,2023,F,Y93,93.0,ALL,ITL,76418
IT,2024,F,Y93,93.0,ALL,ITL,73609
IT,2021,F,Y93,93.0,ALL,TOTAL,70213
IT,2022,F,Y93,93.0,ALL,TOTAL,70257
IT,2023,F,Y93,93.0,ALL,TOTAL,76769
IT,2024,F,Y93,93.0,ALL,TOTAL,73900
IT,2021,F,Y94,94.0,ALL,FRGAPO,217
IT,2022,F,Y94,94.0,ALL,FRGAPO,202
IT,2023,F,Y94,94.0,ALL,FRGAPO,232
IT,2024,F,Y94,94.0,ALL,FRGAPO,308
IT,2021,F,Y94,94.0,ALL,ITL,55565
IT,2022,F,Y94,94.0,ALL,ITL,54818
IT,2023,F,Y94,94.0,ALL,ITL,56250
IT,2024,F,Y94,94.0,ALL,ITL,61984
IT,2021,F,Y94,94.0,ALL,TOTAL,55782
IT,2022,F,Y94,94.0,ALL,TOTAL,55020
IT,2023,F,Y94,94.0,ALL,TOTAL,56482
IT,2024,F,Y94,94.0,ALL,TOTAL,62292
IT,2021,F,Y95,95.0,ALL,FRGAPO,146
IT,2022,F,Y95,95.0,ALL,FRGAPO,188
IT,2023,F,Y95,95.0,ALL,FRGAPO,165
IT,2024,F,Y95,95.0,ALL,FRGAPO,199
IT,2021,F,Y95,95.0,ALL,ITL,42436
IT,2022,F,Y95,95.0,ALL,ITL,42312
IT,2023,F,Y95,95.0,ALL,ITL,42857
IT,2024,F,Y95,95.0,ALL,ITL,44369
IT,2021,F,Y95,95.0,ALL,TOTAL,42582
IT,2022,F,Y95,95.0,ALL,TOTAL,42500
IT,2023,F,Y95,95.0,ALL,TOTAL,43022
IT,2024,F,Y95,95.0,ALL,TOTAL,44568
IT,2021,F,Y96,96.0,ALL,FRGAPO,114
IT,2022,F,Y96,96.0,ALL,FRGAPO,130
IT,2023,F,Y96,96.0,ALL,FRGAPO,149
IT,2024,F,Y96,96.0,ALL,FRGAPO,141
IT,2021,F,Y96,96.0,ALL,ITL,31605
IT,2022,F,Y96,96.0,ALL,ITL,31322
IT,2023,F,Y96,96.0,ALL,ITL,31955
IT,2024,F,Y96,96.0,ALL,ITL,32861
IT,2021,F,Y96,96.0,ALL,TOTAL,31719
IT,2022,F,Y96,96.0,ALL,TOTAL,31452
IT,2023,F,Y96,96.0,ALL,TOTAL,32104
IT,2024,F,Y96,96.0,ALL,TOTAL,33002
IT,2021,F,Y97,97.0,ALL,FRGAPO,93
IT,2022,F,Y97,97.0,ALL,FRGAPO,92
IT,2023,F,Y97,97.0,ALL,FRGAPO,106
IT,2024,F,Y97,97.0,ALL,FRGAPO,121
IT,2021,F,Y97,97.0,ALL,ITL,22882
IT,2022,F,Y97,97.0,ALL,ITL,22449
IT,2023,F,Y97,97.0,ALL,ITL,22925
IT,2024,F,Y97,97.0,ALL,ITL,23761
IT,2021,F,Y97,97.0,ALL,TOTAL,22975
IT,2022,F,Y97,97.0,ALL,TOTAL,22541
IT,2023,F,Y97,97.0,ALL,TOTAL,23031
IT,2024,F,Y97,97.0,ALL,TOTAL,23882
IT,2021,F,Y98,98.0,ALL,FRGAPO,100
IT,2022,F,Y98,98.0,ALL,FRGAPO,76
IT,2023,F,Y98,98.0,ALL,FRGAPO,131
IT,2024,F,Y98,98.0,ALL,FRGAPO,124
IT,2021,F,Y98,98.0,ALL,ITL,16311
IT,2022,F,Y98,98.0,ALL,ITL,15760
IT,2023,F,Y98,98.0,ALL,ITL,16133
IT,2024,F,Y98,98.0,ALL,ITL,16662
IT,2021,F,Y98,98.0,ALL,TOTAL,16411
IT,2022,F,Y98,98.0,ALL,TOTAL,15836
IT,2023,F,Y98,98.0,ALL,TOTAL,16264
IT,2024,F,Y98,98.0,ALL,TOTAL,16786
IT,2021,F,Y99,99.0,ALL,FRGAPO,63
IT,2022,F,Y99,99.0,ALL,FRGAPO,87
IT,2023,F,Y99,99.0,ALL,FRGAPO,78
IT,2024,F,Y99,99.0,ALL,FRGAPO,114
IT,2021,F,Y99,99.0,ALL,ITL,11108
IT,2022,F,Y99,99.0,ALL,ITL,10788
IT,2023,F,Y99,99.0,ALL,ITL,11102
IT,2024,F,Y99,99.0,ALL,ITL,11296
IT,2021,F,Y99,99.0,ALL,TOTAL,11171
IT,2022,F,Y99,99.0,ALL,TOTAL,10875
IT,2023,F,Y99,99.0,ALL,TOTAL,11180
IT,2024,F,Y99,99.0,ALL,TOTAL,11410
IT,2018,M,TOTAL,,ALL,FRGAPO,2414285
IT,2019,M,TOTAL,,ALL,FRGAPO,2431678
IT,2020,M,TOTAL,,ALL,FRGAPO,2524644
IT,2021,M,TOTAL,,ALL,FRGAPO,2468202
IT,2022,M,TOTAL,,ALL,FRGAPO,2517539
IT,2023,M,TOTAL,,ALL,FRGAPO,2602650
IT,2024,M,TOTAL,,ALL,FRGAPO,2689622
IT,2018,M,TOTAL,,ALL,ITL,26716910
IT,2019,M,TOTAL,,ALL,ITL,26618418
IT,2020,M,TOTAL,,ALL,ITL,26341582
IT,2021,M,TOTAL,,ALL,ITL,26350754
IT,2022,M,TOTAL,,ALL,ITL,26297293
IT,2023,M,TOTAL,,ALL,ITL,26244078
IT,2024,M,TOTAL,,ALL,ITL,26182095
IT,2018,M,TOTAL,,ALL,TOTAL,29131195
IT,2019,M,TOTAL,,ALL,TOTAL,29050096
IT,2020,M,TOTAL,,ALL,TOTAL,28866226
IT,2021,M,TOTAL,,ALL,TOTAL,28818956
IT,2022,M,TOTAL,,ALL,TOTAL,28814832
IT,2023,M,TOTAL,,ALL,TOTAL,28846728
IT,2024,M,TOTAL,,ALL,TOTAL,28871717
IT,2018,M,Y_GE100,,ALL,FRGAPO,36
IT,2019,M,Y_GE100,,ALL,FRGAPO,45
IT,2020,M,Y_GE100,,ALL,FRGAPO,54
IT,2021,M,Y_GE100,,ALL,FRGAPO,64
IT,2022,M,Y_GE100,,ALL,FRGAPO,93
IT,2023,M,Y_GE100,,ALL,FRGAPO,95
IT,2024,M,Y_GE100,,ALL,FRGAPO,160
IT,2018,M,Y_GE100,,ALL,ITL,2139
IT,2019,M,Y_GE100,,ALL,ITL,2287
IT,2020,M,Y_GE100,,ALL,ITL,2793
IT,2021,M,Y_GE100,,ALL,ITL,3223
IT,2022,M,Y_GE100,,ALL,ITL,3361
IT,2023,M,Y_GE100,,ALL,ITL,3505
IT,2024,M,Y_GE100,,ALL,ITL,3816
IT,2018,M,Y_GE100,,ALL,TOTAL,2175
IT,2019,M,Y_GE100,,ALL,TOTAL,2332
IT,2020,M,Y_GE100,,ALL,TOTAL,2847
IT,2021,M,Y_GE100,,ALL,TOTAL,3287
IT,2022,M,Y_GE100,,ALL,TOTAL,3454
IT,2023,M,Y_GE100,,ALL,TOTAL,3600
IT,2024,M,Y_GE100,,ALL,TOTAL,3976
IT,2021,M,Y0,0.0,ALL,FRGAPO,27466
IT,2022,M,Y0,0.0,ALL,FRGAPO,26991
IT,2023,M,Y0,0.0,ALL,FRGAPO,25955
IT,2024,M,Y0,0.0,ALL,FRGAPO,25221
IT,2021,M,Y0,0.0,ALL,ITL,177905
IT,2022,M,Y0,0.0,ALL,ITL,176095
IT,2023,M,Y0,0.0,ALL,ITL,169733
IT,2024,M,Y0,0.0,ALL,ITL,165102
IT,2021,M,Y0,0.0,ALL,TOTAL,205371
IT,2022,M,Y0,0.0,ALL,TOTAL,203086
IT,2023,M,Y0,0.0,ALL,TOTAL,195688
IT,2024,M,Y0,0.0,ALL,TOTAL,190323
IT,2021,M,Y1,1.0,ALL,FRGAPO,29814
IT,2022,M,Y1,1.0,ALL,FRGAPO,27015
IT,2023,M,Y1,1.0,ALL,FRGAPO,26364
IT,2024,M,Y1,1.0,ALL,FRGAPO,25464
IT,2021,M,Y1,1.0,ALL,ITL,180010
IT,2022,M,Y1,1.0,ALL,ITL,180203
IT,2023,M,Y1,1.0,ALL,ITL,178374
IT,2024,M,Y1,1.0,ALL,ITL,172147
IT,2021,M,Y1,1.0,ALL,TOTAL,209824
IT,2022,M,Y1,1.0,ALL,TOTAL,207218
IT,2023,M,Y1,1.0,ALL,TOTAL,204738
IT,2024,M,Y1,1.0,ALL,TOTAL,197611
IT,2021,M,Y10,10.0,ALL,FRGAPO,30463
IT,2022,M,Y10,10.0,ALL,FRGAPO,31654
IT,2023,M,Y10,10.0,ALL,FRGAPO,30867
IT,2024,M,Y10,10.0,ALL,FRGAPO,31228
IT,2021,M,Y10,10.0,ALL,ITL,249628
IT,2022,M,Y10,10.0,ALL,ITL,244731
IT,2023,M,Y10,10.0,ALL,ITL,235464
IT,2024,M,Y10,10.0,ALL,ITL,232580
IT,2021,M,Y10,10.0,ALL,TOTAL,280091
IT,2022,M,Y10,10.0,ALL,TOTAL,276385
IT,2023,M,Y10,10.0,ALL,TOTAL,266331
IT,2024,M,Y10,10.0,ALL,TOTAL,263808
IT,2021,M,Y11,11.0,ALL,FRGAPO,29875
IT,2022,M,Y11,11.0,ALL,FRGAPO,29700
IT,2023,M,Y11,11.0,ALL,FRGAPO,31302
IT,2024,M,Y11,11.0,ALL,FRGAPO,30368
IT,2021,M,Y11,11.0,ALL,ITL,258770
IT,2022,M,Y11,11.0,ALL,ITL,251420
IT,2023,M,Y11,11.0,ALL,ITL,246586
IT,2024,M,Y11,11.0,ALL,ITL,237266
IT,2021,M,Y11,11.0,ALL,TOTAL,288645
IT,2022,M,Y11,11.0,ALL,TOTAL,281120
IT,2023,M,Y11,11.0,ALL,TOTAL,277888
IT,2024,M,Y11,11.0,ALL,TOTAL,267634
IT,2021,M,Y12,12.0,ALL,FRGAPO,29204
IT,2022,M,Y12,12.0,ALL,FRGAPO,29142
IT,2023,M,Y12,12.0,ALL,FRGAPO,29420
IT,2024,M,Y12,12.0,ALL,FRGAPO,30971
IT,2021,M,Y12,12.0,ALL,ITL,263715
IT,2022,M,Y12,12.0,ALL,ITL,260572
IT,2023,M,Y12,12.0,ALL,ITL,253122
IT,2024,M,Y12,12.0,ALL,ITL,248182
IT,2021,M,Y12,12.0,ALL,TOTAL,292919
IT,2022,M,Y12,12.0,ALL,TOTAL,289714
IT,2023,M,Y12,12.0,ALL,TOTAL,282542
IT,2024,M,Y12,12.0,ALL,TOTAL,279153
IT,2021,M,Y13,13.0,ALL,FRGAPO,28298
IT,2022,M,Y13,13.0,ALL,FRGAPO,28576
IT,2023,M,Y13,13.0,ALL,FRGAPO,29092
IT,2024,M,Y13,13.0,ALL,FRGAPO,29299
IT,2021,M,Y13,13.0,ALL,ITL,267659
IT,2022,M,Y13,13.0,ALL,ITL,265449
IT,2023,M,Y13,13.0,ALL,ITL,262122
IT,2024,M,Y13,13.0,ALL,ITL,254607
IT,2021,M,Y13,13.0,ALL,TOTAL,295957
IT,2022,M,Y13,13.0,ALL,TOTAL,294025
IT,2023,M,Y13,13.0,ALL,TOTAL,291214
IT,2024,M,Y13,13.0,ALL,TOTAL,283906
IT,2021,M,Y14,14.0,ALL,FRGAPO,27400
IT,2022,M,Y14,14.0,ALL,FRGAPO,28020
IT,2023,M,Y14,14.0,ALL,FRGAPO,28831
IT,2024,M,Y14,14.0,ALL,FRGAPO,29204
IT,2021,M,Y14,14.0,ALL,ITL,268780
IT,2022,M,Y14,14.0,ALL,ITL,269165
IT,2023,M,Y14,14.0,ALL,ITL,266738
IT,2024,M,Y14,14.0,ALL,ITL,263419
IT,2021,M,Y14,14.0,ALL,TOTAL,296180
IT,2022,M,Y14,14.0,ALL,TOTAL,297185
IT,2023,M,Y14,14.0,ALL,TOTAL,295569
IT,2024,M,Y14,14.0,ALL,TOTAL,292623
IT,2021,M,Y15,15.0,ALL,FRGAPO,26629
IT,2022,M,Y15,15.0,ALL,FRGAPO,27156
IT,2023,M,Y15,15.0,ALL,FRGAPO,28434
IT,2024,M,Y15,15.0,ALL,FRGAPO,29296
IT,2021,M,Y15,15.0,ALL,ITL,270591
IT,2022,M,Y15,15.0,ALL,ITL,270238
IT,2023,M,Y15,15.0,ALL,ITL,270449
IT,2024,M,Y15,15.0,ALL,ITL,267833
IT,2021,M,Y15,15.0,ALL,TOTAL,297220
IT,2022,M,Y15,15.0,ALL,TOTAL,297394
IT,2023,M,Y15,15.0,ALL,TOTAL,298883
IT,2024,M,Y15,15.0,ALL,TOTAL,297129
IT,2021,M,Y16,16.0,ALL,FRGAPO,25489
IT,2022,M,Y16,16.0,ALL,FRGAPO,26947
IT,2023,M,Y16,16.0,ALL,FRGAPO,28233
IT,2024,M,Y16,16.0,ALL,FRGAPO,29739
IT,2021,M,Y16,16.0,ALL,ITL,270474
IT,2022,M,Y16,16.0,ALL,ITL,271898
IT,2023,M,Y16,16.0,ALL,ITL,271467
IT,2024,M,Y16,16.0,ALL,ITL,271435
IT,2021,M,Y16,16.0,ALL,TOTAL,295963
IT,2022,M,Y16,16.0,ALL,TOTAL,298845
IT,2023,M,Y16,16.0,ALL,TOTAL,299700
IT,2024,M,Y16,16.0,ALL,TOTAL,301174
IT,2021,M,Y17,17.0,ALL,FRGAPO,25783
IT,2022,M,Y17,17.0,ALL,FRGAPO,26892
IT,2023,M,Y17,17.0,ALL,FRGAPO,29129
IT,2024,M,Y17,17.0,ALL,FRGAPO,31601
IT,2021,M,Y17,17.0,ALL,ITL,273695
IT,2022,M,Y17,17.0,ALL,ITL,271749
IT,2023,M,Y17,17.0,ALL,ITL,273168
IT,2024,M,Y17,17.0,ALL,ITL,272481
IT,2021,M,Y17,17.0,ALL,TOTAL,299478
IT,2022,M,Y17,17.0,ALL,TOTAL,298641
IT,2023,M,Y17,17.0,ALL,TOTAL,302297
IT,2024,M,Y17,17.0,ALL,TOTAL,304082
IT,2021,M,Y18,18.0,ALL,FRGAPO,22016
IT,2022,M,Y18,18.0,ALL,FRGAPO,26224
IT,2023,M,Y18,18.0,ALL,FRGAPO,26835
IT,2024,M,Y18,18.0,ALL,FRGAPO,29956
IT,2021,M,Y18,18.0,ALL,ITL,273142
IT,2022,M,Y18,18.0,ALL,ITL,277969
IT,2023,M,Y18,18.0,ALL,ITL,277498
IT,2024,M,Y18,18.0,ALL,ITL,278654
IT,2021,M,Y18,18.0,ALL,TOTAL,295158
IT,2022,M,Y18,18.0,ALL,TOTAL,304193
IT,2023,M,Y18,18.0,ALL,TOTAL,304333
IT,2024,M,Y18,18.0,ALL,TOTAL,308610
IT,2021,M,Y19,19.0,ALL,FRGAPO,22307
IT,2022,M,Y19,19.0,ALL,FRGAPO,23741
IT,2023,M,Y19,19.0,ALL,FRGAPO,29066
IT,2024,M,Y19,19.0,ALL,FRGAPO,30382
IT,2021,M,Y19,19.0,ALL,ITL,271911
IT,2022,M,Y19,19.0,ALL,ITL,276311
IT,2023,M,Y19,19.0,ALL,ITL,280897
IT,2024,M,Y19,19.0,ALL,ITL,279920
IT,2021,M,Y19,19.0,ALL,TOTAL,294218
IT,2022,M,Y19,19.0,ALL,TOTAL,300052
IT,2023,M,Y19,19.0,ALL,TOTAL,309963
IT,2024,M,Y19,19.0,ALL,TOTAL,310302
IT,2021,M,Y2,2.0,ALL,FRGAPO,31360
IT,2022,M,Y2,2.0,ALL,FRGAPO,29607
IT,2023,M,Y2,2.0,ALL,FRGAPO,26852
IT,2024,M,Y2,2.0,ALL,FRGAPO,26102
IT,2021,M,Y2,2.0,ALL,ITL,186627
IT,2022,M,Y2,2.0,ALL,ITL,182089
IT,2023,M,Y2,2.0,ALL,ITL,182078
IT,2024,M,Y2,2.0,ALL,ITL,180317
IT,2021,M,Y2,2.0,ALL,TOTAL,217987
IT,2022,M,Y2,2.0,ALL,TOTAL,211696
IT,2023,M,Y2,2.0,ALL,TOTAL,208930
IT,2024,M,Y2,2.0,ALL,TOTAL,206419
IT,2021,M,Y20,20.0,ALL,FRGAPO,25818
IT,2022,M,Y20,20.0,ALL,FRGAPO,25515
IT,2023,M,Y20,20.0,ALL,FRGAPO,28456
IT,2024,M,Y20,20.0,ALL,FRGAPO,35153
IT,2021,M,Y20,20.0,ALL,ITL,273665
IT,2022,M,Y20,20.0,ALL,ITL,272601
IT,2023,M,Y20,20.0,ALL,ITL,276540
IT,2024,M,Y20,20.0,ALL,ITL,280698
IT,2021,M,Y20,20.0,ALL,TOTAL,299483
IT,2022,M,Y20,20.0,ALL,TOTAL,298116
IT,2023,M,Y20,20.0,ALL,TOTAL,304996
IT,2024,M,Y20,20.0,ALL,TOTAL,315851
IT,2021,M,Y21,21.0,ALL,FRGAPO,31723
IT,2022,M,Y21,21.0,ALL,FRGAPO,28703
IT,2023,M,Y21,21.0,ALL,FRGAPO,29777
IT,2024,M,Y21,21.0,ALL,FRGAPO,34063
IT,2021,M,Y21,21.0,ALL,ITL,276272
IT,2022,M,Y21,21.0,ALL,ITL,274301
IT,2023,M,Y21,21.0,ALL,ITL,272896
IT,2024,M,Y21,21.0,ALL,ITL,276892
IT,2021,M,Y21,21.0,ALL,TOTAL,307995
IT,2022,M,Y21,21.0,ALL,TOTAL,303004
IT,2023,M,Y21,21.0,ALL,TOTAL,302673
IT,2024,M,Y21,21.0,ALL,TOTAL,310955
IT,2021,M,Y22,22.0,ALL,FRGAPO,37142
IT,2022,M,Y22,22.0,ALL,FRGAPO,34336
IT,2023,M,Y22,22.0,ALL,FRGAPO,32532
IT,2024,M,Y22,22.0,ALL,FRGAPO,34995
IT,2021,M,Y22,22.0,ALL,ITL,269443
IT,2022,M,Y22,22.0,ALL,ITL,277511
IT,2023,M,Y22,22.0,ALL,ITL,274042
IT,2024,M,Y22,22.0,ALL,ITL,272834
IT,2021,M,Y22,22.0,ALL,TOTAL,306585
IT,2022,M,Y22,22.0,ALL,TOTAL,311847
IT,2023,M,Y22,22.0,ALL,TOTAL,306574
IT,2024,M,Y22,22.0,ALL,TOTAL,307829
IT,2021,M,Y23,23.0,ALL,FRGAPO,41630
IT,2022,M,Y23,23.0,ALL,FRGAPO,39656
IT,2023,M,Y23,23.0,ALL,FRGAPO,38494
IT,2024,M,Y23,23.0,ALL,FRGAPO,37215
IT,2021,M,Y23,23.0,ALL,ITL,269241
IT,2022,M,Y23,23.0,ALL,ITL,270756
IT,2023,M,Y23,23.0,ALL,ITL,277431
IT,2024,M,Y23,23.0,ALL,ITL,274042
IT,2021,M,Y23,23.0,ALL,TOTAL,310871
IT,2022,M,Y23,23.0,ALL,TOTAL,310412
IT,2023,M,Y23,23.0,ALL,TOTAL,315925
IT,2024,M,Y23,23.0,ALL,TOTAL,311257
IT,2021,M,Y24,24.0,ALL,FRGAPO,41099
IT,2022,M,Y24,24.0,ALL,FRGAPO,44382
IT,2023,M,Y24,24.0,ALL,FRGAPO,43996
IT,2024,M,Y24,24.0,ALL,FRGAPO,44320
IT,2021,M,Y24,24.0,ALL,ITL,266351
IT,2022,M,Y24,24.0,ALL,ITL,270322
IT,2023,M,Y24,24.0,ALL,ITL,270640
IT,2024,M,Y24,24.0,ALL,ITL,277231
IT,2021,M,Y24,24.0,ALL,TOTAL,307450
IT,2022,M,Y24,24.0,ALL,TOTAL,314704
IT,2023,M,Y24,24.0,ALL,TOTAL,314636
IT,2024,M,Y24,24.0,ALL,TOTAL,321551
IT,2021,M,Y25,25.0,ALL,FRGAPO,41531
IT,2022,M,Y25,25.0,ALL,FRGAPO,44008
IT,2023,M,Y25,25.0,ALL,FRGAPO,49224
IT,2024,M,Y25,25.0,ALL,FRGAPO,49648
IT,2021,M,Y25,25.0,ALL,ITL,265695
IT,2022,M,Y25,25.0,ALL,ITL,267000
IT,2023,M,Y25,25.0,ALL,ITL,269789
IT,2024,M,Y25,25.0,ALL,ITL,269725
IT,2021,M,Y25,25.0,ALL,TOTAL,307226
IT,2022,M,Y25,25.0,ALL,TOTAL,311008
IT,2023,M,Y25,25.0,ALL,TOTAL,319013
IT,2024,M,Y25,25.0,ALL,TOTAL,319373
IT,2021,M,Y26,26.0,ALL,FRGAPO,41827
IT,2022,M,Y26,26.0,ALL,FRGAPO,44817
IT,2023,M,Y26,26.0,ALL,FRGAPO,48390
IT,2024,M,Y26,26.0,ALL,FRGAPO,54913
IT,2021,M,Y26,26.0,ALL,ITL,262991
IT,2022,M,Y26,26.0,ALL,ITL,266094
IT,2023,M,Y26,26.0,ALL,ITL,266491
IT,2024,M,Y26,26.0,ALL,ITL,268907
IT,2021,M,Y26,26.0,ALL,TOTAL,304818
IT,2022,M,Y26,26.0,ALL,TOTAL,310911
IT,2023,M,Y26,26.0,ALL,TOTAL,314881
IT,2024,M,Y26,26.0,ALL,TOTAL,323820
IT,2021,M,Y27,27.0,ALL,FRGAPO,42177
IT,2022,M,Y27,27.0,ALL,FRGAPO,45018
IT,2023,M,Y27,27.0,ALL,FRGAPO,49225
IT,2024,M,Y27,27.0,ALL,FRGAPO,53672
IT,2021,M,Y27,27.0,ALL,ITL,263879
IT,2022,M,Y27,27.0,ALL,ITL,263642
IT,2023,M,Y27,27.0,ALL,ITL,265730
IT,2024,M,Y27,27.0,ALL,ITL,265783
IT,2021,M,Y27,27.0,ALL,TOTAL,306056
IT,2022,M,Y27,27.0,ALL,TOTAL,308660
IT,2023,M,Y27,27.0,ALL,TOTAL,314955
IT,2024,M,Y27,27.0,ALL,TOTAL,319455
IT,2021,M,Y28,28.0,ALL,FRGAPO,41738
IT,2022,M,Y28,28.0,ALL,FRGAPO,45298
IT,2023,M,Y28,28.0,ALL,FRGAPO,49108
IT,2024,M,Y28,28.0,ALL,FRGAPO,54160
IT,2021,M,Y28,28.0,ALL,ITL,268043
IT,2022,M,Y28,28.0,ALL,ITL,264665
IT,2023,M,Y28,28.0,ALL,ITL,263426
IT,2024,M,Y28,28.0,ALL,ITL,265090
IT,2021,M,Y28,28.0,ALL,TOTAL,309781
IT,2022,M,Y28,28.0,ALL,TOTAL,309963
IT,2023,M,Y28,28.0,ALL,TOTAL,312534
IT,2024,M,Y28,28.0,ALL,TOTAL,319250
IT,2021,M,Y29,29.0,ALL,FRGAPO,45217
IT,2022,M,Y29,29.0,ALL,FRGAPO,44638
IT,2023,M,Y29,29.0,ALL,FRGAPO,49269
IT,2024,M,Y29,29.0,ALL,FRGAPO,53576
IT,2021,M,Y29,29.0,ALL,ITL,277520
IT,2022,M,Y29,29.0,ALL,ITL,269108
IT,2023,M,Y29,29.0,ALL,ITL,264802
IT,2024,M,Y29,29.0,ALL,ITL,263119
IT,2021,M,Y29,29.0,ALL,TOTAL,322737
IT,2022,M,Y29,29.0,ALL,TOTAL,313746
IT,2023,M,Y29,29.0,ALL,TOTAL,314071
IT,2024,M,Y29,29.0,ALL,TOTAL,316695
IT,2021,M,Y3,3.0,ALL,FRGAPO,32481
IT,2022,M,Y3,3.0,ALL,FRGAPO,31172
IT,2023,M,Y3,3.0,ALL,FRGAPO,29491
IT,2024,M,Y3,3.0,ALL,FRGAPO,26539
IT,2021,M,Y3,3.0,ALL,ITL,196213
IT,2022,M,Y3,3.0,ALL,ITL,188547
IT,2023,M,Y3,3.0,ALL,ITL,183968
IT,2024,M,Y3,3.0,ALL,ITL,183801
IT,2021,M,Y3,3.0,ALL,TOTAL,228694
IT,2022,M,Y3,3.0,ALL,TOTAL,219719
IT,2023,M,Y3,3.0,ALL,TOTAL,213459
IT,2024,M,Y3,3.0,ALL,TOTAL,210340
IT,2021,M,Y30,30.0,ALL,FRGAPO,44138
IT,2022,M,Y30,30.0,ALL,FRGAPO,48034
IT,2023,M,Y30,30.0,ALL,FRGAPO,48291
IT,2024,M,Y30,30.0,ALL,FRGAPO,53182
IT,2021,M,Y30,30.0,ALL,ITL,276324
IT,2022,M,Y30,30.0,ALL,ITL,278754
IT,2023,M,Y30,30.0,ALL,ITL,269516
IT,2024,M,Y30,30.0,ALL,ITL,264794
IT,2021,M,Y30,30.0,ALL,TOTAL,320462
IT,2022,M,Y30,30.0,ALL,TOTAL,326788
IT,2023,M,Y30,30.0,ALL,TOTAL,317807
IT,2024,M,Y30,30.0,ALL,TOTAL,317976
IT,2021,M,Y31,31.0,ALL,FRGAPO,49308
IT,2022,M,Y31,31.0,ALL,FRGAPO,46685
IT,2023,M,Y31,31.0,ALL,FRGAPO,51515
IT,2024,M,Y31,31.0,ALL,FRGAPO,51909
IT,2021,M,Y31,31.0,ALL,ITL,278077
IT,2022,M,Y31,31.0,ALL,ITL,277602
IT,2023,M,Y31,31.0,ALL,ITL,279309
IT,2024,M,Y31,31.0,ALL,ITL,269620
IT,2021,M,Y31,31.0,ALL,TOTAL,327385
IT,2022,M,Y31,31.0,ALL,TOTAL,324287
IT,2023,M,Y31,31.0,ALL,TOTAL,330824
IT,2024,M,Y31,31.0,ALL,TOTAL,321529
IT,2021,M,Y32,32.0,ALL,FRGAPO,50044
IT,2022,M,Y32,32.0,ALL,FRGAPO,51678
IT,2023,M,Y32,32.0,ALL,FRGAPO,49458
IT,2024,M,Y32,32.0,ALL,FRGAPO,54841
IT,2021,M,Y32,32.0,ALL,ITL,274457
IT,2022,M,Y32,32.0,ALL,ITL,279590
IT,2023,M,Y32,32.0,ALL,ITL,278377
IT,2024,M,Y32,32.0,ALL,ITL,279528
IT,2021,M,Y32,32.0,ALL,TOTAL,324501
IT,2022,M,Y32,32.0,ALL,TOTAL,331268
IT,2023,M,Y32,32.0,ALL,TOTAL,327835
IT,2024,M,Y32,32.0,ALL,TOTAL,334369
IT,2021,M,Y33,33.0,ALL,FRGAPO,53998
IT,2022,M,Y33,33.0,ALL,FRGAPO,52101
IT,2023,M,Y33,33.0,ALL,FRGAPO,54556
IT,2024,M,Y33,33.0,ALL,FRGAPO,52288
IT,2021,M,Y33,33.0,ALL,ITL,279156
IT,2022,M,Y33,33.0,ALL,ITL,275872
IT,2023,M,Y33,33.0,ALL,ITL,280592
IT,2024,M,Y33,33.0,ALL,ITL,278913
IT,2021,M,Y33,33.0,ALL,TOTAL,333154
IT,2022,M,Y33,33.0,ALL,TOTAL,327973
IT,2023,M,Y33,33.0,ALL,TOTAL,335148
IT,2024,M,Y33,33.0,ALL,TOTAL,331201
IT,2021,M,Y34,34.0,ALL,FRGAPO,55283
IT,2022,M,Y34,34.0,ALL,FRGAPO,55740
IT,2023,M,Y34,34.0,ALL,FRGAPO,54636
IT,2024,M,Y34,34.0,ALL,FRGAPO,57320
IT,2021,M,Y34,34.0,ALL,ITL,270640
IT,2022,M,Y34,34.0,ALL,ITL,280788
IT,2023,M,Y34,34.0,ALL,ITL,277039
IT,2024,M,Y34,34.0,ALL,ITL,281146
IT,2021,M,Y34,34.0,ALL,TOTAL,325923
IT,2022,M,Y34,34.0,ALL,TOTAL,336528
IT,2023,M,Y34,34.0,ALL,TOTAL,331675
IT,2024,M,Y34,34.0,ALL,TOTAL,338466
IT,2021,M,Y35,35.0,ALL,FRGAPO,56005
IT,2022,M,Y35,35.0,ALL,FRGAPO,56809
IT,2023,M,Y35,35.0,ALL,FRGAPO,58211
IT,2024,M,Y35,35.0,ALL,FRGAPO,56859
IT,2021,M,Y35,35.0,ALL,ITL,271209
IT,2022,M,Y35,35.0,ALL,ITL,272324
IT,2023,M,Y35,35.0,ALL,ITL,282039
IT,2024,M,Y35,35.0,ALL,ITL,277915
IT,2021,M,Y35,35.0,ALL,TOTAL,327214
IT,2022,M,Y35,35.0,ALL,TOTAL,329133
IT,2023,M,Y35,35.0,ALL,TOTAL,340250
IT,2024,M,Y35,35.0,ALL,TOTAL,334774
IT,2021,M,Y36,36.0,ALL,FRGAPO,55880
IT,2022,M,Y36,36.0,ALL,FRGAPO,57087
IT,2023,M,Y36,36.0,ALL,FRGAPO,58753
IT,2024,M,Y36,36.0,ALL,FRGAPO,60267
IT,2021,M,Y36,36.0,ALL,ITL,280646
IT,2022,M,Y36,36.0,ALL,ITL,272748
IT,2023,M,Y36,36.0,ALL,ITL,273466
IT,2024,M,Y36,36.0,ALL,ITL,283011
IT,2021,M,Y36,36.0,ALL,TOTAL,336526
IT,2022,M,Y36,36.0,ALL,TOTAL,329835
IT,2023,M,Y36,36.0,ALL,TOTAL,332219
IT,2024,M,Y36,36.0,ALL,TOTAL,343278
IT,2021,M,Y37,37.0,ALL,FRGAPO,56478
IT,2022,M,Y37,37.0,ALL,FRGAPO,56786
IT,2023,M,Y37,37.0,ALL,FRGAPO,58642
IT,2024,M,Y37,37.0,ALL,FRGAPO,60132
IT,2021,M,Y37,37.0,ALL,ITL,286705
IT,2022,M,Y37,37.0,ALL,ITL,282174
IT,2023,M,Y37,37.0,ALL,ITL,274211
IT,2024,M,Y37,37.0,ALL,ITL,274660
IT,2021,M,Y37,37.0,ALL,TOTAL,343183
IT,2022,M,Y37,37.0,ALL,TOTAL,338960
IT,2023,M,Y37,37.0,ALL,TOTAL,332853
IT,2024,M,Y37,37.0,ALL,TOTAL,334792
IT,2021,M,Y38,38.0,ALL,FRGAPO,55065
IT,2022,M,Y38,38.0,ALL,FRGAPO,56884
IT,2023,M,Y38,38.0,ALL,FRGAPO,57952
IT,2024,M,Y38,38.0,ALL,FRGAPO,59528
IT,2021,M,Y38,38.0,ALL,ITL,294483
IT,2022,M,Y38,38.0,ALL,ITL,288547
IT,2023,M,Y38,38.0,ALL,ITL,283818
IT,2024,M,Y38,38.0,ALL,ITL,275594
IT,2021,M,Y38,38.0,ALL,TOTAL,349548
IT,2022,M,Y38,38.0,ALL,TOTAL,345431
IT,2023,M,Y38,38.0,ALL,TOTAL,341770
IT,2024,M,Y38,38.0,ALL,TOTAL,335122
IT,2021,M,Y39,39.0,ALL,FRGAPO,57551
IT,2022,M,Y39,39.0,ALL,FRGAPO,55378
IT,2023,M,Y39,39.0,ALL,FRGAPO,57745
IT,2024,M,Y39,39.0,ALL,FRGAPO,58677
IT,2021,M,Y39,39.0,ALL,ITL,303467
IT,2022,M,Y39,39.0,ALL,ITL,296164
IT,2023,M,Y39,39.0,ALL,ITL,290114
IT,2024,M,Y39,39.0,ALL,ITL,285438
IT,2021,M,Y39,39.0,ALL,TOTAL,361018
IT,2022,M,Y39,39.0,ALL,TOTAL,351542
IT,2023,M,Y39,39.0,ALL,TOTAL,347859
IT,2024,M,Y39,39.0,ALL,TOTAL,344115
IT,2021,M,Y4,4.0,ALL,FRGAPO,34147
IT,2022,M,Y4,4.0,ALL,FRGAPO,31922
IT,2023,M,Y4,4.0,ALL,FRGAPO,30847
IT,2024,M,Y4,4.0,ALL,FRGAPO,29015
IT,2021,M,Y4,4.0,ALL,ITL,205036
IT,2022,M,Y4,4.0,ALL,ITL,198159
IT,2023,M,Y4,4.0,ALL,ITL,190441
IT,2024,M,Y4,4.0,ALL,ITL,185911
IT,2021,M,Y4,4.0,ALL,TOTAL,239183
IT,2022,M,Y4,4.0,ALL,TOTAL,230081
IT,2023,M,Y4,4.0,ALL,TOTAL,221288
IT,2024,M,Y4,4.0,ALL,TOTAL,214926
IT,2021,M,Y40,40.0,ALL,FRGAPO,55875
IT,2022,M,Y40,40.0,ALL,FRGAPO,57527
IT,2023,M,Y40,40.0,ALL,FRGAPO,55869
IT,2024,M,Y40,40.0,ALL,FRGAPO,57973
IT,2021,M,Y40,40.0,ALL,ITL,306366
IT,2022,M,Y40,40.0,ALL,ITL,305271
IT,2023,M,Y40,40.0,ALL,ITL,297754
IT,2024,M,Y40,40.0,ALL,ITL,291856
IT,2021,M,Y40,40.0,ALL,TOTAL,362241
IT,2022,M,Y40,40.0,ALL,TOTAL,362798
IT,2023,M,Y40,40.0,ALL,TOTAL,353623
IT,2024,M,Y40,40.0,ALL,TOTAL,349829
IT,2021,M,Y41,41.0,ALL,FRGAPO,58351
IT,2022,M,Y41,41.0,ALL,FRGAPO,55637
IT,2023,M,Y41,41.0,ALL,FRGAPO,57751
IT,2024,M,Y41,41.0,ALL,FRGAPO,55636
IT,2021,M,Y41,41.0,ALL,ITL,314577
IT,2022,M,Y41,41.0,ALL,ITL,308118
IT,2023,M,Y41,41.0,ALL,ITL,306995
IT,2024,M,Y41,41.0,ALL,ITL,299614
IT,2021,M,Y41,41.0,ALL,TOTAL,372928
IT,2022,M,Y41,41.0,ALL,TOTAL,363755
IT,2023,M,Y41,41.0,ALL,TOTAL,364746
IT,2024,M,Y41,41.0,ALL,TOTAL,355250
IT,2021,M,Y42,42.0,ALL,FRGAPO,55222
IT,2022,M,Y42,42.0,ALL,FRGAPO,57821
IT,2023,M,Y42,42.0,ALL,FRGAPO,55603
IT,2024,M,Y42,42.0,ALL,FRGAPO,57435
IT,2021,M,Y42,42.0,ALL,ITL,327219
IT,2022,M,Y42,42.0,ALL,ITL,316505
IT,2023,M,Y42,42.0,ALL,ITL,309890
IT,2024,M,Y42,42.0,ALL,ITL,308797
IT,2021,M,Y42,42.0,ALL,TOTAL,382441
IT,2022,M,Y42,42.0,ALL,TOTAL,374326
IT,2023,M,Y42,42.0,ALL,TOTAL,365493
IT,2024,M,Y42,42.0,ALL,TOTAL,366232
IT,2021,M,Y43,43.0,ALL,FRGAPO,54588
IT,2022,M,Y43,43.0,ALL,FRGAPO,54340
IT,2023,M,Y43,43.0,ALL,FRGAPO,57637
IT,2024,M,Y43,43.0,ALL,FRGAPO,54914
IT,2021,M,Y43,43.0,ALL,ITL,348457
IT,2022,M,Y43,43.0,ALL,ITL,329059
IT,2023,M,Y43,43.0,ALL,ITL,318141
IT,2024,M,Y43,43.0,ALL,ITL,311532
IT,2021,M,Y43,43.0,ALL,TOTAL,403045
IT,2022,M,Y43,43.0,ALL,TOTAL,383399
IT,2023,M,Y43,43.0,ALL,TOTAL,375778
IT,2024,M,Y43,43.0,ALL,TOTAL,366446
IT,2021,M,Y44,44.0,ALL,FRGAPO,52292
IT,2022,M,Y44,44.0,ALL,FRGAPO,53556
IT,2023,M,Y44,44.0,ALL,FRGAPO,53892
IT,2024,M,Y44,44.0,ALL,FRGAPO,56808
IT,2021,M,Y44,44.0,ALL,ITL,362563
IT,2022,M,Y44,44.0,ALL,ITL,350313
IT,2023,M,Y44,44.0,ALL,ITL,330686
IT,2024,M,Y44,44.0,ALL,ITL,319948
IT,2021,M,Y44,44.0,ALL,TOTAL,414855
IT,2022,M,Y44,44.0,ALL,TOTAL,403869
IT,2023,M,Y44,44.0,ALL,TOTAL,384578
IT,2024,M,Y44,44.0,ALL,TOTAL,376756
IT,2021,M,Y45,45.0,ALL,FRGAPO,50145
IT,2022,M,Y45,45.0,ALL,FRGAPO,51139
IT,2023,M,Y45,45.0,ALL,FRGAPO,53120
IT,2024,M,Y45,45.0,ALL,FRGAPO,53033
IT,2021,M,Y45,45.0,ALL,ITL,382561
IT,2022,M,Y45,45.0,ALL,ITL,364306
IT,2023,M,Y45,45.0,ALL,ITL,351974
IT,2024,M,Y45,45.0,ALL,ITL,332165
IT,2021,M,Y45,45.0,ALL,TOTAL,432706
IT,2022,M,Y45,45.0,ALL,TOTAL,415445
IT,2023,M,Y45,45.0,ALL,TOTAL,405094
IT,2024,M,Y45,45.0,ALL,TOTAL,385198
IT,2021,M,Y46,46.0,ALL,FRGAPO,48407
IT,2022,M,Y46,46.0,ALL,FRGAPO,49097
IT,2023,M,Y46,46.0,ALL,FRGAPO,50638
IT,2024,M,Y46,46.0,ALL,FRGAPO,52186
IT,2021,M,Y46,46.0,ALL,ITL,404393
IT,2022,M,Y46,46.0,ALL,ITL,384067
IT,2023,M,Y46,46.0,ALL,ITL,365801
IT,2024,M,Y46,46.0,ALL,ITL,353440
IT,2021,M,Y46,46.0,ALL,TOTAL,452800
IT,2022,M,Y46,46.0,ALL,TOTAL,433164
IT,2023,M,Y46,46.0,ALL,TOTAL,416439
IT,2024,M,Y46,46.0,ALL,TOTAL,405626
IT,2021,M,Y47,47.0,ALL,FRGAPO,45459
IT,2022,M,Y47,47.0,ALL,FRGAPO,47314
IT,2023,M,Y47,47.0,ALL,FRGAPO,48461
IT,2024,M,Y47,47.0,ALL,FRGAPO,49611
IT,2021,M,Y47,47.0,ALL,ITL,425108
IT,2022,M,Y47,47.0,ALL,ITL,405712
IT,2023,M,Y47,47.0,ALL,ITL,385266
IT,2024,M,Y47,47.0,ALL,ITL,367042
IT,2021,M,Y47,47.0,ALL,TOTAL,470567
IT,2022,M,Y47,47.0,ALL,TOTAL,453026
IT,2023,M,Y47,47.0,ALL,TOTAL,433727
IT,2024,M,Y47,47.0,ALL,TOTAL,416653
IT,2021,M,Y48,48.0,ALL,FRGAPO,41467
IT,2022,M,Y48,48.0,ALL,FRGAPO,44168
IT,2023,M,Y48,48.0,ALL,FRGAPO,46864
IT,2024,M,Y48,48.0,ALL,FRGAPO,47411
IT,2021,M,Y48,48.0,ALL,ITL,424968
IT,2022,M,Y48,48.0,ALL,ITL,426390
IT,2023,M,Y48,48.0,ALL,ITL,406674
IT,2024,M,Y48,48.0,ALL,ITL,386334
IT,2021,M,Y48,48.0,ALL,TOTAL,466435
IT,2022,M,Y48,48.0,ALL,TOTAL,470558
IT,2023,M,Y48,48.0,ALL,TOTAL,453538
IT,2024,M,Y48,48.0,ALL,TOTAL,433745
IT,2021,M,Y49,49.0,ALL,FRGAPO,40910
IT,2022,M,Y49,49.0,ALL,FRGAPO,40478
IT,2023,M,Y49,49.0,ALL,FRGAPO,43840
IT,2024,M,Y49,49.0,ALL,FRGAPO,45881
IT,2021,M,Y49,49.0,ALL,ITL,430445
IT,2022,M,Y49,49.0,ALL,ITL,425980
IT,2023,M,Y49,49.0,ALL,ITL,427134
IT,2024,M,Y49,49.0,ALL,ITL,407493
IT,2021,M,Y49,49.0,ALL,TOTAL,471355
IT,2022,M,Y49,49.0,ALL,TOTAL,466458
IT,2023,M,Y49,49.0,ALL,TOTAL,470974
IT,2024,M,Y49,49.0,ALL,TOTAL,453374
IT,2021,M,Y5,5.0,ALL,FRGAPO,33887
IT,2022,M,Y5,5.0,ALL,FRGAPO,33504
IT,2023,M,Y5,5.0,ALL,FRGAPO,31631
IT,2024,M,Y5,5.0,ALL,FRGAPO,30300
IT,2021,M,Y5,5.0,ALL,ITL,211753
IT,2022,M,Y5,5.0,ALL,ITL,206884
IT,2023,M,Y5,5.0,ALL,ITL,200121
IT,2024,M,Y5,5.0,ALL,ITL,192542
IT,2021,M,Y5,5.0,ALL,TOTAL,245640
IT,2022,M,Y5,5.0,ALL,TOTAL,240388
IT,2023,M,Y5,5.0,ALL,TOTAL,231752
IT,2024,M,Y5,5.0,ALL,TOTAL,222842
IT,2021,M,Y50,50.0,ALL,FRGAPO,37445
IT,2022,M,Y50,50.0,ALL,FRGAPO,39939
IT,2023,M,Y50,50.0,ALL,FRGAPO,40097
IT,2024,M,Y50,50.0,ALL,FRGAPO,42985
IT,2021,M,Y50,50.0,ALL,ITL,436201
IT,2022,M,Y50,50.0,ALL,ITL,431164
IT,2023,M,Y50,50.0,ALL,ITL,426529
IT,2024,M,Y50,50.0,ALL,ITL,427676
IT,2021,M,Y50,50.0,ALL,TOTAL,473646
IT,2022,M,Y50,50.0,ALL,TOTAL,471103
IT,2023,M,Y50,50.0,ALL,TOTAL,466626
IT,2024,M,Y50,50.0,ALL,TOTAL,470661
IT,2021,M,Y51,51.0,ALL,FRGAPO,37536
IT,2022,M,Y51,51.0,ALL,FRGAPO,36581
IT,2023,M,Y51,51.0,ALL,FRGAPO,39602
IT,2024,M,Y51,51.0,ALL,FRGAPO,39073
IT,2021,M,Y51,51.0,ALL,ITL,431764
IT,2022,M,Y51,51.0,ALL,ITL,436656
IT,2023,M,Y51,51.0,ALL,ITL,431514
IT,2024,M,Y51,51.0,ALL,ITL,426946
IT,2021,M,Y51,51.0,ALL,TOTAL,469300
IT,2022,M,Y51,51.0,ALL,TOTAL,473237
IT,2023,M,Y51,51.0,ALL,TOTAL,471116
IT,2024,M,Y51,51.0,ALL,TOTAL,466019
IT,2021,M,Y52,52.0,ALL,FRGAPO,35569
IT,2022,M,Y52,52.0,ALL,FRGAPO,36503
IT,2023,M,Y52,52.0,ALL,FRGAPO,36263
IT,2024,M,Y52,52.0,ALL,FRGAPO,38818
IT,2021,M,Y52,52.0,ALL,ITL,444971
IT,2022,M,Y52,52.0,ALL,ITL,432068
IT,2023,M,Y52,52.0,ALL,ITL,436825
IT,2024,M,Y52,52.0,ALL,ITL,431607
IT,2021,M,Y52,52.0,ALL,TOTAL,480540
IT,2022,M,Y52,52.0,ALL,TOTAL,468571
IT,2023,M,Y52,52.0,ALL,TOTAL,473088
IT,2024,M,Y52,52.0,ALL,TOTAL,470425
IT,2021,M,Y53,53.0,ALL,FRGAPO,34916
IT,2022,M,Y53,53.0,ALL,FRGAPO,34806
IT,2023,M,Y53,53.0,ALL,FRGAPO,36110
IT,2024,M,Y53,53.0,ALL,FRGAPO,35461
IT,2021,M,Y53,53.0,ALL,ITL,440859
IT,2022,M,Y53,53.0,ALL,ITL,444988
IT,2023,M,Y53,53.0,ALL,ITL,432120
IT,2024,M,Y53,53.0,ALL,ITL,436724
IT,2021,M,Y53,53.0,ALL,TOTAL,475775
IT,2022,M,Y53,53.0,ALL,TOTAL,479794
IT,2023,M,Y53,53.0,ALL,TOTAL,468230
IT,2024,M,Y53,53.0,ALL,TOTAL,472185
IT,2021,M,Y54,54.0,ALL,FRGAPO,31385
IT,2022,M,Y54,54.0,ALL,FRGAPO,33971
IT,2023,M,Y54,54.0,ALL,FRGAPO,34439
IT,2024,M,Y54,54.0,ALL,FRGAPO,35299
IT,2021,M,Y54,54.0,ALL,ITL,444615
IT,2022,M,Y54,54.0,ALL,ITL,440937
IT,2023,M,Y54,54.0,ALL,ITL,444748
IT,2024,M,Y54,54.0,ALL,ITL,431833
IT,2021,M,Y54,54.0,ALL,TOTAL,476000
IT,2022,M,Y54,54.0,ALL,TOTAL,474908
IT,2023,M,Y54,54.0,ALL,TOTAL,479187
IT,2024,M,Y54,54.0,ALL,TOTAL,467132
IT,2021,M,Y55,55.0,ALL,FRGAPO,26606
IT,2022,M,Y55,55.0,ALL,FRGAPO,30591
IT,2023,M,Y55,55.0,ALL,FRGAPO,33763
IT,2024,M,Y55,55.0,ALL,FRGAPO,33702
IT,2021,M,Y55,55.0,ALL,ITL,454463
IT,2022,M,Y55,55.0,ALL,ITL,444241
IT,2023,M,Y55,55.0,ALL,ITL,440324
IT,2024,M,Y55,55.0,ALL,ITL,444194
IT,2021,M,Y55,55.0,ALL,TOTAL,481069
IT,2022,M,Y55,55.0,ALL,TOTAL,474832
IT,2023,M,Y55,55.0,ALL,TOTAL,474087
IT,2024,M,Y55,55.0,ALL,TOTAL,477896
IT,2021,M,Y56,56.0,ALL,FRGAPO,25003
IT,2022,M,Y56,56.0,ALL,FRGAPO,25957
IT,2023,M,Y56,56.0,ALL,FRGAPO,30284
IT,2024,M,Y56,56.0,ALL,FRGAPO,32990
IT,2021,M,Y56,56.0,ALL,ITL,453659
IT,2022,M,Y56,56.0,ALL,ITL,453759
IT,2023,M,Y56,56.0,ALL,ITL,443599
IT,2024,M,Y56,56.0,ALL,ITL,439528
IT,2021,M,Y56,56.0,ALL,TOTAL,478662
IT,2022,M,Y56,56.0,ALL,TOTAL,479716
IT,2023,M,Y56,56.0,ALL,TOTAL,473883
IT,2024,M,Y56,56.0,ALL,TOTAL,472518
IT,2021,M,Y57,57.0,ALL,FRGAPO,23442
IT,2022,M,Y57,57.0,ALL,FRGAPO,24324
IT,2023,M,Y57,57.0,ALL,FRGAPO,25769
IT,2024,M,Y57,57.0,ALL,FRGAPO,29594
IT,2021,M,Y57,57.0,ALL,ITL,459858
IT,2022,M,Y57,57.0,ALL,ITL,452765
IT,2023,M,Y57,57.0,ALL,ITL,452880
IT,2024,M,Y57,57.0,ALL,ITL,442539
IT,2021,M,Y57,57.0,ALL,TOTAL,483300
IT,2022,M,Y57,57.0,ALL,TOTAL,477089
IT,2023,M,Y57,57.0,ALL,TOTAL,478649
IT,2024,M,Y57,57.0,ALL,TOTAL,472133
IT,2021,M,Y58,58.0,ALL,FRGAPO,21356
IT,2022,M,Y58,58.0,ALL,FRGAPO,22830
IT,2023,M,Y58,58.0,ALL,FRGAPO,24162
IT,2024,M,Y58,58.0,ALL,FRGAPO,25222
IT,2021,M,Y58,58.0,ALL,ITL,428453
IT,2022,M,Y58,58.0,ALL,ITL,458743
IT,2023,M,Y58,58.0,ALL,ITL,451608
IT,2024,M,Y58,58.0,ALL,ITL,451569
IT,2021,M,Y58,58.0,ALL,TOTAL,449809
IT,2022,M,Y58,58.0,ALL,TOTAL,481573
IT,2023,M,Y58,58.0,ALL,TOTAL,475770
IT,2024,M,Y58,58.0,ALL,TOTAL,476791
IT,2021,M,Y59,59.0,ALL,FRGAPO,19893
IT,2022,M,Y59,59.0,ALL,FRGAPO,20780
IT,2023,M,Y59,59.0,ALL,FRGAPO,22604
IT,2024,M,Y59,59.0,ALL,FRGAPO,23615
IT,2021,M,Y59,59.0,ALL,ITL,411908
IT,2022,M,Y59,59.0,ALL,ITL,427007
IT,2023,M,Y59,59.0,ALL,ITL,457147
IT,2024,M,Y59,59.0,ALL,ITL,449917
IT,2021,M,Y59,59.0,ALL,TOTAL,431801
IT,2022,M,Y59,59.0,ALL,TOTAL,447787
IT,2023,M,Y59,59.0,ALL,TOTAL,479751
IT,2024,M,Y59,59.0,ALL,TOTAL,473532
IT,2021,M,Y6,6.0,ALL,FRGAPO,33194
IT,2022,M,Y6,6.0,ALL,FRGAPO,33203
IT,2023,M,Y6,6.0,ALL,FRGAPO,32797
IT,2024,M,Y6,6.0,ALL,FRGAPO,30953
IT,2021,M,Y6,6.0,ALL,ITL,219102
IT,2022,M,Y6,6.0,ALL,ITL,213802
IT,2023,M,Y6,6.0,ALL,ITL,208816
IT,2024,M,Y6,6.0,ALL,ITL,202108
IT,2021,M,Y6,6.0,ALL,TOTAL,252296
IT,2022,M,Y6,6.0,ALL,TOTAL,247005
IT,2023,M,Y6,6.0,ALL,TOTAL,241613
IT,2024,M,Y6,6.0,ALL,TOTAL,233061
IT,2021,M,Y60,60.0,ALL,FRGAPO,17126
IT,2022,M,Y60,60.0,ALL,FRGAPO,19495
IT,2023,M,Y60,60.0,ALL,FRGAPO,20559
IT,2024,M,Y60,60.0,ALL,FRGAPO,22061
IT,2021,M,Y60,60.0,ALL,ITL,403479
IT,2022,M,Y60,60.0,ALL,ITL,410263
IT,2023,M,Y60,60.0,ALL,ITL,425302
IT,2024,M,Y60,60.0,ALL,ITL,455349
IT,2021,M,Y60,60.0,ALL,TOTAL,420605
IT,2022,M,Y60,60.0,ALL,TOTAL,429758
IT,2023,M,Y60,60.0,ALL,TOTAL,445861
IT,2024,M,Y60,60.0,ALL,TOTAL,477410
IT,2021,M,Y61,61.0,ALL,FRGAPO,16849
IT,2022,M,Y61,61.0,ALL,FRGAPO,16735
IT,2023,M,Y61,61.0,ALL,FRGAPO,19253
IT,2024,M,Y61,61.0,ALL,FRGAPO,20074
IT,2021,M,Y61,61.0,ALL,ITL,388978
IT,2022,M,Y61,61.0,ALL,ITL,401544
IT,2023,M,Y61,61.0,ALL,ITL,408477
IT,2024,M,Y61,61.0,ALL,ITL,423334
IT,2021,M,Y61,61.0,ALL,TOTAL,405827
IT,2022,M,Y61,61.0,ALL,TOTAL,418279
IT,2023,M,Y61,61.0,ALL,TOTAL,427730
IT,2024,M,Y61,61.0,ALL,TOTAL,443408
IT,2021,M,Y62,62.0,ALL,FRGAPO,14475
IT,2022,M,Y62,62.0,ALL,FRGAPO,16550
IT,2023,M,Y62,62.0,ALL,FRGAPO,16573
IT,2024,M,Y62,62.0,ALL,FRGAPO,18858
IT,2021,M,Y62,62.0,ALL,ITL,379380
IT,2022,M,Y62,62.0,ALL,ITL,386973
IT,2023,M,Y62,62.0,ALL,ITL,399488
IT,2024,M,Y62,62.0,ALL,ITL,406386
IT,2021,M,Y62,62.0,ALL,TOTAL,393855
IT,2022,M,Y62,62.0,ALL,TOTAL,403523
IT,2023,M,Y62,62.0,ALL,TOTAL,416061
IT,2024,M,Y62,62.0,ALL,TOTAL,425244
IT,2021,M,Y63,63.0,ALL,FRGAPO,13335
IT,2022,M,Y63,63.0,ALL,FRGAPO,14217
IT,2023,M,Y63,63.0,ALL,FRGAPO,16412
IT,2024,M,Y63,63.0,ALL,FRGAPO,16228
IT,2021,M,Y63,63.0,ALL,ITL,359809
IT,2022,M,Y63,63.0,ALL,ITL,376965
IT,2023,M,Y63,63.0,ALL,ITL,384768
IT,2024,M,Y63,63.0,ALL,ITL,397167
IT,2021,M,Y63,63.0,ALL,TOTAL,373144
IT,2022,M,Y63,63.0,ALL,TOTAL,391182
IT,2023,M,Y63,63.0,ALL,TOTAL,401180
IT,2024,M,Y63,63.0,ALL,TOTAL,413395
IT,2021,M,Y64,64.0,ALL,FRGAPO,11645
IT,2022,M,Y64,64.0,ALL,FRGAPO,13119
IT,2023,M,Y64,64.0,ALL,FRGAPO,14044
IT,2024,M,Y64,64.0,ALL,FRGAPO,16046
IT,2021,M,Y64,64.0,ALL,ITL,355441
IT,2022,M,Y64,64.0,ALL,ITL,357061
IT,2023,M,Y64,64.0,ALL,ITL,374326
IT,2024,M,Y64,64.0,ALL,ITL,382249
IT,2021,M,Y64,64.0,ALL,TOTAL,367086
IT,2022,M,Y64,64.0,ALL,TOTAL,370180
IT,2023,M,Y64,64.0,ALL,TOTAL,388370
IT,2024,M,Y64,64.0,ALL,TOTAL,398295
IT,2021,M,Y65,65.0,ALL,FRGAPO,10551
IT,2022,M,Y65,65.0,ALL,FRGAPO,11479
IT,2023,M,Y65,65.0,ALL,FRGAPO,12869
IT,2024,M,Y65,65.0,ALL,FRGAPO,13857
IT,2021,M,Y65,65.0,ALL,ITL,347123
IT,2022,M,Y65,65.0,ALL,ITL,352452
IT,2023,M,Y65,65.0,ALL,ITL,354303
IT,2024,M,Y65,65.0,ALL,ITL,371583
IT,2021,M,Y65,65.0,ALL,TOTAL,357674
IT,2022,M,Y65,65.0,ALL,TOTAL,363931
IT,2023,M,Y65,65.0,ALL,TOTAL,367172
IT,2024,M,Y65,65.0,ALL,TOTAL,385440
IT,2021,M,Y66,66.0,ALL,FRGAPO,9585
IT,2022,M,Y66,66.0,ALL,FRGAPO,10553
IT,2023,M,Y66,66.0,ALL,FRGAPO,11375
IT,2024,M,Y66,66.0,ALL,FRGAPO,12676
IT,2021,M,Y66,66.0,ALL,ITL,338720
IT,2022,M,Y66,66.0,ALL,ITL,343716
IT,2023,M,Y66,66.0,ALL,ITL,349310
IT,2024,M,Y66,66.0,ALL,ITL,351456
IT,2021,M,Y66,66.0,ALL,TOTAL,348305
IT,2022,M,Y66,66.0,ALL,TOTAL,354269
IT,2023,M,Y66,66.0,ALL,TOTAL,360685
IT,2024,M,Y66,66.0,ALL,TOTAL,364132
IT,2021,M,Y67,67.0,ALL,FRGAPO,8138
IT,2022,M,Y67,67.0,ALL,FRGAPO,9578
IT,2023,M,Y67,67.0,ALL,FRGAPO,10429
IT,2024,M,Y67,67.0,ALL,FRGAPO,11144
IT,2021,M,Y67,67.0,ALL,ITL,331642
IT,2022,M,Y67,67.0,ALL,ITL,335084
IT,2023,M,Y67,67.0,ALL,ITL,340370
IT,2024,M,Y67,67.0,ALL,ITL,345934
IT,2021,M,Y67,67.0,ALL,TOTAL,339780
IT,2022,M,Y67,67.0,ALL,TOTAL,344662
IT,2023,M,Y67,67.0,ALL,TOTAL,350799
IT,2024,M,Y67,67.0,ALL,TOTAL,357078
IT,2021,M,Y68,68.0,ALL,FRGAPO,6899
IT,2022,M,Y68,68.0,ALL,FRGAPO,8193
IT,2023,M,Y68,68.0,ALL,FRGAPO,9355
IT,2024,M,Y68,68.0,ALL,FRGAPO,10245
IT,2021,M,Y68,68.0,ALL,ITL,316408
IT,2022,M,Y68,68.0,ALL,ITL,327741
IT,2023,M,Y68,68.0,ALL,ITL,331415
IT,2024,M,Y68,68.0,ALL,ITL,336686
IT,2021,M,Y68,68.0,ALL,TOTAL,323307
IT,2022,M,Y68,68.0,ALL,TOTAL,335934
IT,2023,M,Y68,68.0,ALL,TOTAL,340770
IT,2024,M,Y68,68.0,ALL,TOTAL,346931
IT,2021,M,Y69,69.0,ALL,FRGAPO,6343
IT,2022,M,Y69,69.0,ALL,FRGAPO,6952
IT,2023,M,Y69,69.0,ALL,FRGAPO,8082
IT,2024,M,Y69,69.0,ALL,FRGAPO,9285
IT,2021,M,Y69,69.0,ALL,ITL,307803
IT,2022,M,Y69,69.0,ALL,ITL,312003
IT,2023,M,Y69,69.0,ALL,ITL,323943
IT,2024,M,Y69,69.0,ALL,ITL,327664
IT,2021,M,Y69,69.0,ALL,TOTAL,314146
IT,2022,M,Y69,69.0,ALL,TOTAL,318955
IT,2023,M,Y69,69.0,ALL,TOTAL,332025
IT,2024,M,Y69,69.0,ALL,TOTAL,336949
IT,2021,M,Y7,7.0,ALL,FRGAPO,33229
IT,2022,M,Y7,7.0,ALL,FRGAPO,32449
IT,2023,M,Y7,7.0,ALL,FRGAPO,32573
IT,2024,M,Y7,7.0,ALL,FRGAPO,32087
IT,2021,M,Y7,7.0,ALL,ITL,226826
IT,2022,M,Y7,7.0,ALL,ITL,221128
IT,2023,M,Y7,7.0,ALL,ITL,215721
IT,2024,M,Y7,7.0,ALL,ITL,210775
IT,2021,M,Y7,7.0,ALL,TOTAL,260055
IT,2022,M,Y7,7.0,ALL,TOTAL,253577
IT,2023,M,Y7,7.0,ALL,TOTAL,248294
IT,2024,M,Y7,7.0,ALL,TOTAL,242862
IT,2021,M,Y70,70.0,ALL,FRGAPO,5341
IT,2022,M,Y70,70.0,ALL,FRGAPO,6344
IT,2023,M,Y70,70.0,ALL,FRGAPO,6858
IT,2024,M,Y70,70.0,ALL,FRGAPO,7998
IT,2021,M,Y70,70.0,ALL,ITL,304658
IT,2022,M,Y70,70.0,ALL,ITL,302844
IT,2023,M,Y70,70.0,ALL,ITL,307460
IT,2024,M,Y70,70.0,ALL,ITL,319298
IT,2021,M,Y70,70.0,ALL,TOTAL,309999
IT,2022,M,Y70,70.0,ALL,TOTAL,309188
IT,2023,M,Y70,70.0,ALL,TOTAL,314318
IT,2024,M,Y70,70.0,ALL,TOTAL,327296
IT,2021,M,Y71,71.0,ALL,FRGAPO,5350
IT,2022,M,Y71,71.0,ALL,FRGAPO,5402
IT,2023,M,Y71,71.0,ALL,FRGAPO,6274
IT,2024,M,Y71,71.0,ALL,FRGAPO,6792
IT,2021,M,Y71,71.0,ALL,ITL,312354
IT,2022,M,Y71,71.0,ALL,ITL,299205
IT,2023,M,Y71,71.0,ALL,ITL,297809
IT,2024,M,Y71,71.0,ALL,ITL,302627
IT,2021,M,Y71,71.0,ALL,TOTAL,317704
IT,2022,M,Y71,71.0,ALL,TOTAL,304607
IT,2023,M,Y71,71.0,ALL,TOTAL,304083
IT,2024,M,Y71,71.0,ALL,TOTAL,309419
IT,2021,M,Y72,72.0,ALL,FRGAPO,4593
IT,2022,M,Y72,72.0,ALL,FRGAPO,5404
IT,2023,M,Y72,72.0,ALL,FRGAPO,5365
IT,2024,M,Y72,72.0,ALL,FRGAPO,6212
IT,2021,M,Y72,72.0,ALL,ITL,310823
IT,2022,M,Y72,72.0,ALL,ITL,306030
IT,2023,M,Y72,72.0,ALL,ITL,293615
IT,2024,M,Y72,72.0,ALL,ITL,292480
IT,2021,M,Y72,72.0,ALL,TOTAL,315416
IT,2022,M,Y72,72.0,ALL,TOTAL,311434
IT,2023,M,Y72,72.0,ALL,TOTAL,298980
IT,2024,M,Y72,72.0,ALL,TOTAL,298692
IT,2021,M,Y73,73.0,ALL,FRGAPO,4058
IT,2022,M,Y73,73.0,ALL,FRGAPO,4641
IT,2023,M,Y73,73.0,ALL,FRGAPO,5284
IT,2024,M,Y73,73.0,ALL,FRGAPO,5365
IT,2021,M,Y73,73.0,ALL,ITL,319255
IT,2022,M,Y73,73.0,ALL,ITL,304050
IT,2023,M,Y73,73.0,ALL,ITL,299753
IT,2024,M,Y73,73.0,ALL,ITL,287959
IT,2021,M,Y73,73.0,ALL,TOTAL,323313
IT,2022,M,Y73,73.0,ALL,TOTAL,308691
IT,2023,M,Y73,73.0,ALL,TOTAL,305037
IT,2024,M,Y73,73.0,ALL,TOTAL,293324
IT,2021,M,Y74,74.0,ALL,FRGAPO,3521
IT,2022,M,Y74,74.0,ALL,FRGAPO,4107
IT,2023,M,Y74,74.0,ALL,FRGAPO,4593
IT,2024,M,Y74,74.0,ALL,FRGAPO,5185
IT,2021,M,Y74,74.0,ALL,ITL,307332
IT,2022,M,Y74,74.0,ALL,ITL,311493
IT,2023,M,Y74,74.0,ALL,ITL,297275
IT,2024,M,Y74,74.0,ALL,ITL,293231
IT,2021,M,Y74,74.0,ALL,TOTAL,310853
IT,2022,M,Y74,74.0,ALL,TOTAL,315600
IT,2023,M,Y74,74.0,ALL,TOTAL,301868
IT,2024,M,Y74,74.0,ALL,TOTAL,298416
IT,2021,M,Y75,75.0,ALL,FRGAPO,2974
IT,2022,M,Y75,75.0,ALL,FRGAPO,3573
IT,2023,M,Y75,75.0,ALL,FRGAPO,4045
IT,2024,M,Y75,75.0,ALL,FRGAPO,4502
IT,2021,M,Y75,75.0,ALL,ITL,300317
IT,2022,M,Y75,75.0,ALL,ITL,298903
IT,2023,M,Y75,75.0,ALL,ITL,303795
IT,2024,M,Y75,75.0,ALL,ITL,290054
IT,2021,M,Y75,75.0,ALL,TOTAL,303291
IT,2022,M,Y75,75.0,ALL,TOTAL,302476
IT,2023,M,Y75,75.0,ALL,TOTAL,307840
IT,2024,M,Y75,75.0,ALL,TOTAL,294556
IT,2021,M,Y76,76.0,ALL,FRGAPO,2565
IT,2022,M,Y76,76.0,ALL,FRGAPO,2992
IT,2023,M,Y76,76.0,ALL,FRGAPO,3502
IT,2024,M,Y76,76.0,ALL,FRGAPO,4006
IT,2021,M,Y76,76.0,ALL,ITL,225051
IT,2022,M,Y76,76.0,ALL,ITL,291165
IT,2023,M,Y76,76.0,ALL,ITL,290562
IT,2024,M,Y76,76.0,ALL,ITL,295695
IT,2021,M,Y76,76.0,ALL,TOTAL,227616
IT,2022,M,Y76,76.0,ALL,TOTAL,294157
IT,2023,M,Y76,76.0,ALL,TOTAL,294064
IT,2024,M,Y76,76.0,ALL,TOTAL,299701
IT,2021,M,Y77,77.0,ALL,FRGAPO,2374
IT,2022,M,Y77,77.0,ALL,FRGAPO,2550
IT,2023,M,Y77,77.0,ALL,FRGAPO,2915
IT,2024,M,Y77,77.0,ALL,FRGAPO,3488
IT,2021,M,Y77,77.0,ALL,ITL,225393
IT,2022,M,Y77,77.0,ALL,ITL,217012
IT,2023,M,Y77,77.0,ALL,ITL,281919
IT,2024,M,Y77,77.0,ALL,ITL,281649
IT,2021,M,Y77,77.0,ALL,TOTAL,227767
IT,2022,M,Y77,77.0,ALL,TOTAL,219562
IT,2023,M,Y77,77.0,ALL,TOTAL,284834
IT,2024,M,Y77,77.0,ALL,TOTAL,285137
IT,2021,M,Y78,78.0,ALL,FRGAPO,2111
IT,2022,M,Y78,78.0,ALL,FRGAPO,2384
IT,2023,M,Y78,78.0,ALL,FRGAPO,2496
IT,2024,M,Y78,78.0,ALL,FRGAPO,2872
IT,2021,M,Y78,78.0,ALL,ITL,218914
IT,2022,M,Y78,78.0,ALL,ITL,216588
IT,2023,M,Y78,78.0,ALL,ITL,209435
IT,2024,M,Y78,78.0,ALL,ITL,272277
IT,2021,M,Y78,78.0,ALL,TOTAL,221025
IT,2022,M,Y78,78.0,ALL,TOTAL,218972
IT,2023,M,Y78,78.0,ALL,TOTAL,211931
IT,2024,M,Y78,78.0,ALL,TOTAL,275149
IT,2021,M,Y79,79.0,ALL,FRGAPO,2101
IT,2022,M,Y79,79.0,ALL,FRGAPO,2144
IT,2023,M,Y79,79.0,ALL,FRGAPO,2322
IT,2024,M,Y79,79.0,ALL,FRGAPO,2411
IT,2021,M,Y79,79.0,ALL,ITL,209893
IT,2022,M,Y79,79.0,ALL,ITL,209324
IT,2023,M,Y79,79.0,ALL,ITL,208020
IT,2024,M,Y79,79.0,ALL,ITL,201289
IT,2021,M,Y79,79.0,ALL,TOTAL,211994
IT,2022,M,Y79,79.0,ALL,TOTAL,211468
IT,2023,M,Y79,79.0,ALL,TOTAL,210342
IT,2024,M,Y79,79.0,ALL,TOTAL,203700
IT,2021,M,Y8,8.0,ALL,FRGAPO,32137
IT,2022,M,Y8,8.0,ALL,FRGAPO,32386
IT,2023,M,Y8,8.0,ALL,FRGAPO,31972
IT,2024,M,Y8,8.0,ALL,FRGAPO,31987
IT,2021,M,Y8,8.0,ALL,ITL,231708
IT,2022,M,Y8,8.0,ALL,ITL,228778
IT,2023,M,Y8,8.0,ALL,ITL,223028
IT,2024,M,Y8,8.0,ALL,ITL,217611
IT,2021,M,Y8,8.0,ALL,TOTAL,263845
IT,2022,M,Y8,8.0,ALL,TOTAL,261164
IT,2023,M,Y8,8.0,ALL,TOTAL,255000
IT,2024,M,Y8,8.0,ALL,TOTAL,249598
IT,2021,M,Y80,80.0,ALL,FRGAPO,1614
IT,2022,M,Y80,80.0,ALL,FRGAPO,2107
IT,2023,M,Y80,80.0,ALL,FRGAPO,2032
IT,2024,M,Y80,80.0,ALL,FRGAPO,2229
IT,2021,M,Y80,80.0,ALL,ITL,203309
IT,2022,M,Y80,80.0,ALL,ITL,199647
IT,2023,M,Y80,80.0,ALL,ITL,199989
IT,2024,M,Y80,80.0,ALL,ITL,198953
IT,2021,M,Y80,80.0,ALL,TOTAL,204923
IT,2022,M,Y80,80.0,ALL,TOTAL,201754
IT,2023,M,Y80,80.0,ALL,TOTAL,202021
IT,2024,M,Y80,80.0,ALL,TOTAL,201182
IT,2021,M,Y81,81.0,ALL,FRGAPO,1736
IT,2022,M,Y81,81.0,ALL,FRGAPO,1581
IT,2023,M,Y81,81.0,ALL,FRGAPO,1977
IT,2024,M,Y81,81.0,ALL,FRGAPO,1944
IT,2021,M,Y81,81.0,ALL,ITL,213258
IT,2022,M,Y81,81.0,ALL,ITL,192311
IT,2023,M,Y81,81.0,ALL,ITL,189631
IT,2024,M,Y81,81.0,ALL,ITL,190275
IT,2021,M,Y81,81.0,ALL,TOTAL,214994
IT,2022,M,Y81,81.0,ALL,TOTAL,193892
IT,2023,M,Y81,81.0,ALL,TOTAL,191608
IT,2024,M,Y81,81.0,ALL,TOTAL,192219
IT,2021,M,Y82,82.0,ALL,FRGAPO,1317
IT,2022,M,Y82,82.0,ALL,FRGAPO,1681
IT,2023,M,Y82,82.0,ALL,FRGAPO,1472
IT,2024,M,Y82,82.0,ALL,FRGAPO,1918
IT,2021,M,Y82,82.0,ALL,ITL,199846
IT,2022,M,Y82,82.0,ALL,ITL,200071
IT,2023,M,Y82,82.0,ALL,ITL,181461
IT,2024,M,Y82,82.0,ALL,ITL,179443
IT,2021,M,Y82,82.0,ALL,TOTAL,201163
IT,2022,M,Y82,82.0,ALL,TOTAL,201752
IT,2023,M,Y82,82.0,ALL,TOTAL,182933
IT,2024,M,Y82,82.0,ALL,TOTAL,181361
IT,2021,M,Y83,83.0,ALL,FRGAPO,1196
IT,2022,M,Y83,83.0,ALL,FRGAPO,1253
IT,2023,M,Y83,83.0,ALL,FRGAPO,1559
IT,2024,M,Y83,83.0,ALL,FRGAPO,1449
IT,2021,M,Y83,83.0,ALL,ITL,180978
IT,2022,M,Y83,83.0,ALL,ITL,186126
IT,2023,M,Y83,83.0,ALL,ITL,187270
IT,2024,M,Y83,83.0,ALL,ITL,170342
IT,2021,M,Y83,83.0,ALL,TOTAL,182174
IT,2022,M,Y83,83.0,ALL,TOTAL,187379
IT,2023,M,Y83,83.0,ALL,TOTAL,188829
IT,2024,M,Y83,83.0,ALL,TOTAL,171791
IT,2021,M,Y84,84.0,ALL,FRGAPO,1034
IT,2022,M,Y84,84.0,ALL,FRGAPO,1150
IT,2023,M,Y84,84.0,ALL,FRGAPO,1161
IT,2024,M,Y84,84.0,ALL,FRGAPO,1490
IT,2021,M,Y84,84.0,ALL,ITL,155102
IT,2022,M,Y84,84.0,ALL,ITL,166756
IT,2023,M,Y84,84.0,ALL,ITL,172896
IT,2024,M,Y84,84.0,ALL,ITL,174415
IT,2021,M,Y84,84.0,ALL,TOTAL,156136
IT,2022,M,Y84,84.0,ALL,TOTAL,167906
IT,2023,M,Y84,84.0,ALL,TOTAL,174057
IT,2024,M,Y84,84.0,ALL,TOTAL,175905
IT,2021,M,Y85,85.0,ALL,FRGAPO,854
IT,2022,M,Y85,85.0,ALL,FRGAPO,986
IT,2023,M,Y85,85.0,ALL,FRGAPO,1060
IT,2024,M,Y85,85.0,ALL,FRGAPO,1102
IT,2021,M,Y85,85.0,ALL,ITL,131778
IT,2022,M,Y85,85.0,ALL,ITL,141371
IT,2023,M,Y85,85.0,ALL,ITL,153258
IT,2024,M,Y85,85.0,ALL,ITL,159647
IT,2021,M,Y85,85.0,ALL,TOTAL,132632
IT,2022,M,Y85,85.0,ALL,TOTAL,142357
IT,2023,M,Y85,85.0,ALL,TOTAL,154318
IT,2024,M,Y85,85.0,ALL,TOTAL,160749
IT,2021,M,Y86,86.0,ALL,FRGAPO,753
IT,2022,M,Y86,86.0,ALL,FRGAPO,816
IT,2023,M,Y86,86.0,ALL,FRGAPO,906
IT,2024,M,Y86,86.0,ALL,FRGAPO,1004
IT,2021,M,Y86,86.0,ALL,ITL,121630
IT,2022,M,Y86,86.0,ALL,ITL,118302
IT,2023,M,Y86,86.0,ALL,ITL,128404
IT,2024,M,Y86,86.0,ALL,ITL,139577
IT,2021,M,Y86,86.0,ALL,TOTAL,122383
IT,2022,M,Y86,86.0,ALL,TOTAL,119118
IT,2023,M,Y86,86.0,ALL,TOTAL,129310
IT,2024,M,Y86,86.0,ALL,TOTAL,140581
IT,2021,M,Y87,87.0,ALL,FRGAPO,563
IT,2022,M,Y87,87.0,ALL,FRGAPO,709
IT,2023,M,Y87,87.0,ALL,FRGAPO,735
IT,2024,M,Y87,87.0,ALL,FRGAPO,820
IT,2021,M,Y87,87.0,ALL,ITL,104090
IT,2022,M,Y87,87.0,ALL,ITL,107406
IT,2023,M,Y87,87.0,ALL,ITL,105845
IT,2024,M,Y87,87.0,ALL,ITL,115281
IT,2021,M,Y87,87.0,ALL,TOTAL,104653
IT,2022,M,Y87,87.0,ALL,TOTAL,108115
IT,2023,M,Y87,87.0,ALL,TOTAL,106580
IT,2024,M,Y87,87.0,ALL,TOTAL,116101
IT,2021,M,Y88,88.0,ALL,FRGAPO,456
IT,2022,M,Y88,88.0,ALL,FRGAPO,524
IT,2023,M,Y88,88.0,ALL,FRGAPO,630
IT,2024,M,Y88,88.0,ALL,FRGAPO,657
IT,2021,M,Y88,88.0,ALL,ITL,87719
IT,2022,M,Y88,88.0,ALL,ITL,90465
IT,2023,M,Y88,88.0,ALL,ITL,94545
IT,2024,M,Y88,88.0,ALL,ITL,93769
IT,2021,M,Y88,88.0,ALL,TOTAL,88175
IT,2022,M,Y88,88.0,ALL,TOTAL,90989
IT,2023,M,Y88,88.0,ALL,TOTAL,95175
IT,2024,M,Y88,88.0,ALL,TOTAL,94426
IT,2021,M,Y89,89.0,ALL,FRGAPO,380
IT,2022,M,Y89,89.0,ALL,FRGAPO,406
IT,2023,M,Y89,89.0,ALL,FRGAPO,473
IT,2024,M,Y89,89.0,ALL,FRGAPO,552
IT,2021,M,Y89,89.0,ALL,ITL,71762
IT,2022,M,Y89,89.0,ALL,ITL,74425
IT,2023,M,Y89,89.0,ALL,ITL,78129
IT,2024,M,Y89,89.0,ALL,ITL,82133
IT,2021,M,Y89,89.0,ALL,TOTAL,72142
IT,2022,M,Y89,89.0,ALL,TOTAL,74831
IT,2023,M,Y89,89.0,ALL,TOTAL,78602
IT,2024,M,Y89,89.0,ALL,TOTAL,82685
IT,2021,M,Y9,9.0,ALL,FRGAPO,32502
IT,2022,M,Y9,9.0,ALL,FRGAPO,31340
IT,2023,M,Y9,9.0,ALL,FRGAPO,31847
IT,2024,M,Y9,9.0,ALL,FRGAPO,31309
IT,2021,M,Y9,9.0,ALL,ITL,242797
IT,2022,M,Y9,9.0,ALL,ITL,233585
IT,2023,M,Y9,9.0,ALL,ITL,230698
IT,2024,M,Y9,9.0,ALL,ITL,224992
IT,2021,M,Y9,9.0,ALL,TOTAL,275299
IT,2022,M,Y9,9.0,ALL,TOTAL,264925
IT,2023,M,Y9,9.0,ALL,TOTAL,262545
IT,2024,M,Y9,9.0,ALL,TOTAL,256301
IT,2021,M,Y90,90.0,ALL,FRGAPO,242
IT,2022,M,Y90,90.0,ALL,FRGAPO,357
IT,2023,M,Y90,90.0,ALL,FRGAPO,364
IT,2024,M,Y90,90.0,ALL,FRGAPO,398
IT,2021,M,Y90,90.0,ALL,ITL,60119
IT,2022,M,Y90,90.0,ALL,ITL,59399
IT,2023,M,Y90,90.0,ALL,ITL,62854
IT,2024,M,Y90,90.0,ALL,ITL,66520
IT,2021,M,Y90,90.0,ALL,TOTAL,60361
IT,2022,M,Y90,90.0,ALL,TOTAL,59756
IT,2023,M,Y90,90.0,ALL,TOTAL,63218
IT,2024,M,Y90,90.0,ALL,TOTAL,66918
IT,2021,M,Y91,91.0,ALL,FRGAPO,266
IT,2022,M,Y91,91.0,ALL,FRGAPO,217
IT,2023,M,Y91,91.0,ALL,FRGAPO,293
IT,2024,M,Y91,91.0,ALL,FRGAPO,324
IT,2021,M,Y91,91.0,ALL,ITL,49758
IT,2022,M,Y91,91.0,ALL,ITL,48638
IT,2023,M,Y91,91.0,ALL,ITL,49250
IT,2024,M,Y91,91.0,ALL,ITL,52239
IT,2021,M,Y91,91.0,ALL,TOTAL,50024
IT,2022,M,Y91,91.0,ALL,TOTAL,48855
IT,2023,M,Y91,91.0,ALL,TOTAL,49543
IT,2024,M,Y91,91.0,ALL,TOTAL,52563
IT,2021,M,Y92,92.0,ALL,FRGAPO,142
IT,2022,M,Y92,92.0,ALL,FRGAPO,231
IT,2023,M,Y92,92.0,ALL,FRGAPO,186
IT,2024,M,Y92,92.0,ALL,FRGAPO,257
IT,2021,M,Y92,92.0,ALL,ITL,35956
IT,2022,M,Y92,92.0,ALL,ITL,39101
IT,2023,M,Y92,92.0,ALL,ITL,39038
IT,2024,M,Y92,92.0,ALL,ITL,40174
IT,2021,M,Y92,92.0,ALL,TOTAL,36098
IT,2022,M,Y92,92.0,ALL,TOTAL,39332
IT,2023,M,Y92,92.0,ALL,TOTAL,39224
IT,2024,M,Y92,92.0,ALL,TOTAL,40431
IT,2021,M,Y93,93.0,ALL,FRGAPO,112
IT,2022,M,Y93,93.0,ALL,FRGAPO,124
IT,2023,M,Y93,93.0,ALL,FRGAPO,185
IT,2024,M,Y93,93.0,ALL,FRGAPO,162
IT,2021,M,Y93,93.0,ALL,ITL,26615
IT,2022,M,Y93,93.0,ALL,ITL,27340
IT,2023,M,Y93,93.0,ALL,ITL,30516
IT,2024,M,Y93,93.0,ALL,ITL,30899
IT,2021,M,Y93,93.0,ALL,TOTAL,26727
IT,2022,M,Y93,93.0,ALL,TOTAL,27464
IT,2023,M,Y93,93.0,ALL,TOTAL,30701
IT,2024,M,Y93,93.0,ALL,TOTAL,31061
IT,2021,M,Y94,94.0,ALL,FRGAPO,99
IT,2022,M,Y94,94.0,ALL,FRGAPO,95
IT,2023,M,Y94,94.0,ALL,FRGAPO,117
IT,2024,M,Y94,94.0,ALL,FRGAPO,147
IT,2021,M,Y94,94.0,ALL,ITL,19624
IT,2022,M,Y94,94.0,ALL,ITL,19479
IT,2023,M,Y94,94.0,ALL,ITL,20737
IT,2024,M,Y94,94.0,ALL,ITL,23431
IT,2021,M,Y94,94.0,ALL,TOTAL,19723
IT,2022,M,Y94,94.0,ALL,TOTAL,19574
IT,2023,M,Y94,94.0,ALL,TOTAL,20854
IT,2024,M,Y94,94.0,ALL,TOTAL,23578
IT,2021,M,Y95,95.0,ALL,FRGAPO,79
IT,2022,M,Y95,95.0,ALL,FRGAPO,79
IT,2023,M,Y95,95.0,ALL,FRGAPO,70
IT,2024,M,Y95,95.0,ALL,FRGAPO,103
IT,2021,M,Y95,95.0,ALL,ITL,13394
IT,2022,M,Y95,95.0,ALL,ITL,13873
IT,2023,M,Y95,95.0,ALL,ITL,14351
IT,2024,M,Y95,95.0,ALL,ITL,15422
IT,2021,M,Y95,95.0,ALL,TOTAL,13473
IT,2022,M,Y95,95.0,ALL,TOTAL,13952
IT,2023,M,Y95,95.0,ALL,TOTAL,14421
IT,2024,M,Y95,95.0,ALL,TOTAL,15525
IT,2021,M,Y96,96.0,ALL,FRGAPO,46
IT,2022,M,Y96,96.0,ALL,FRGAPO,62
IT,2023,M,Y96,96.0,ALL,FRGAPO,52
IT,2024,M,Y96,96.0,ALL,FRGAPO,51
IT,2021,M,Y96,96.0,ALL,ITL,9037
IT,2022,M,Y96,96.0,ALL,ITL,9118
IT,2023,M,Y96,96.0,ALL,ITL,9881
IT,2024,M,Y96,96.0,ALL,ITL,10264
IT,2021,M,Y96,96.0,ALL,TOTAL,9083
IT,2022,M,Y96,96.0,ALL,TOTAL,9180
IT,2023,M,Y96,96.0,ALL,TOTAL,9933
IT,2024,M,Y96,96.0,ALL,TOTAL,10315
IT,2021,M,Y97,97.0,ALL,FRGAPO,28
IT,2022,M,Y97,97.0,ALL,FRGAPO,40
IT,2023,M,Y97,97.0,ALL,FRGAPO,50
IT,2024,M,Y97,97.0,ALL,FRGAPO,45
IT,2021,M,Y97,97.0,ALL,ITL,6168
IT,2022,M,Y97,97.0,ALL,ITL,5839
IT,2023,M,Y97,97.0,ALL,ITL,6290
IT,2024,M,Y97,97.0,ALL,ITL,6862
IT,2021,M,Y97,97.0,ALL,TOTAL,6196
IT,2022,M,Y97,97.0,ALL,TOTAL,5879
IT,2023,M,Y97,97.0,ALL,TOTAL,6340
IT,2024,M,Y97,97.0,ALL,TOTAL,6907
IT,2021,M,Y98,98.0,ALL,FRGAPO,54
IT,2022,M,Y98,98.0,ALL,FRGAPO,24
IT,2023,M,Y98,98.0,ALL,FRGAPO,57
IT,2024,M,Y98,98.0,ALL,FRGAPO,70
IT,2021,M,Y98,98.0,ALL,ITL,4063
IT,2022,M,Y98,98.0,ALL,ITL,3976
IT,2023,M,Y98,98.0,ALL,ITL,3893
IT,2024,M,Y98,98.0,ALL,ITL,4354
IT,2021,M,Y98,98.0,ALL,TOTAL,4117
IT,2022,M,Y98,98.0,ALL,TOTAL,4000
IT,2023,M,Y98,98.0,ALL,TOTAL,3950
IT,2024,M,Y98,98.0,ALL,TOTAL,4424
IT,2021,M,Y99,99.0,ALL,FRGAPO,33
IT,2022,M,Y99,99.0,ALL,FRGAPO,39
IT,2023,M,Y99,99.0,ALL,FRGAPO,35
IT,2024,M,Y99,99.0,ALL,FRGAPO,49
IT,2021,M,Y99,99.0,ALL,ITL,2538
IT,2022,M,Y99,99.0,ALL,ITL,2489
IT,2023,M,Y99,99.0,ALL,ITL,2624
IT,2024,M,Y99,99.0,ALL,ITL,2535
IT,2021,M,Y99,99.0,ALL,TOTAL,2571
IT,2022,M,Y99,99.0,ALL,TOTAL,2528
IT,2023,M,Y99,99.0,ALL,TOTAL,2659
IT,2024,M,Y99,99.0,ALL,TOTAL,2584
IT,2018,T,TOTAL,,ALL,FRGAPO,4996158
IT,2019,T,TOTAL,,ALL,FRGAPO,5039637
IT,2020,T,TOTAL,,ALL,FRGAPO,5171894
IT,2021,T,TOTAL,,ALL,FRGAPO,5030716
IT,2022,T,TOTAL,,ALL,FRGAPO,5141341
IT,2023,T,TOTAL,,ALL,FRGAPO,5253658
IT,2024,T,TOTAL,,ALL,FRGAPO,5371251
IT,2018,T,TOTAL,,ALL,ITL,54820515
IT,2019,T,TOTAL,,ALL,ITL,54601851
IT,2020,T,TOTAL,,ALL,ITL,54064319
IT,2021,T,TOTAL,,ALL,ITL,53999417
IT,2022,T,TOTAL,,ALL,ITL,53855860
IT,2023,T,TOTAL,,ALL,ITL,53717572
IT,2024,T,TOTAL,,ALL,ITL,53572213
IT,2018,T,TOTAL,,ALL,TOTAL,59816673
IT,2019,T,TOTAL,,ALL,TOTAL,59641488
IT,2020,T,TOTAL,,ALL,TOTAL,59236213
IT,2021,T,TOTAL,,ALL,TOTAL,59030133
IT,2022,T,TOTAL,,ALL,TOTAL,58997201
IT,2023,T,TOTAL,,ALL,TOTAL,58971230
IT,2024,T,TOTAL,,ALL,TOTAL,58943464
IT,2018,T,Y_GE100,,ALL,FRGAPO,120
IT,2019,T,Y_GE100,,ALL,FRGAPO,138
IT,2020,T,Y_GE100,,ALL,FRGAPO,175
IT,2021,T,Y_GE100,,ALL,FRGAPO,194
IT,2022,T,Y_GE100,,ALL,FRGAPO,253
IT,2023,T,Y_GE100,,ALL,FRGAPO,279
IT,2024,T,Y_GE100,,ALL,FRGAPO,425
IT,2018,T,Y_GE100,,ALL,ITL,14012
IT,2019,T,Y_GE100,,ALL,ITL,14666
IT,2020,T,Y_GE100,,ALL,ITL,17002
IT,2021,T,Y_GE100,,ALL,ITL,19520
IT,2022,T,Y_GE100,,ALL,ITL,20192
IT,2023,T,Y_GE100,,ALL,ITL,20932
IT,2024,T,Y_GE100,,ALL,ITL,22227
IT,2018,T,Y_GE100,,ALL,TOTAL,14132
IT,2019,T,Y_GE100,,ALL,TOTAL,14804
IT,2020,T,Y_GE100,,ALL,TOTAL,17177
IT,2021,T,Y_GE100,,ALL,TOTAL,19714
IT,2022,T,Y_GE100,,ALL,TOTAL,20445
IT,2023,T,Y_GE100,,ALL,TOTAL,21211
IT,2024,T,Y_GE100,,ALL,TOTAL,22652
IT,2021,T,Y0,0.0,ALL,FRGAPO,53782
IT,2022,T,Y0,0.0,ALL,FRGAPO,52436
IT,2023,T,Y0,0.0,ALL,FRGAPO,50600
IT,2024,T,Y0,0.0,ALL,FRGAPO,48936
IT,2021,T,Y0,0.0,ALL,ITL,346844
IT,2022,T,Y0,0.0,ALL,ITL,341484
IT,2023,T,Y0,0.0,ALL,ITL,330030
IT,2024,T,Y0,0.0,ALL,ITL,321508
IT,2021,T,Y0,0.0,ALL,TOTAL,400626
IT,2022,T,Y0,0.0,ALL,TOTAL,393920
IT,2023,T,Y0,0.0,ALL,TOTAL,380630
IT,2024,T,Y0,0.0,ALL,TOTAL,370444
IT,2021,T,Y1,1.0,ALL,FRGAPO,57812
IT,2022,T,Y1,1.0,ALL,FRGAPO,52878
IT,2023,T,Y1,1.0,ALL,FRGAPO,51251
IT,2024,T,Y1,1.0,ALL,FRGAPO,49530
IT,2021,T,Y1,1.0,ALL,ITL,349822
IT,2022,T,Y1,1.0,ALL,ITL,351374
IT,2023,T,Y1,1.0,ALL,ITL,345942
IT,2024,T,Y1,1.0,ALL,ITL,334776
IT,2021,T,Y1,1.0,ALL,TOTAL,407634
IT,2022,T,Y1,1.0,ALL,TOTAL,404252
IT,2023,T,Y1,1.0,ALL,TOTAL,397193
IT,2024,T,Y1,1.0,ALL,TOTAL,384306
IT,2021,T,Y10,10.0,ALL,FRGAPO,58667
IT,2022,T,Y10,10.0,ALL,FRGAPO,60874
IT,2023,T,Y10,10.0,ALL,FRGAPO,59794
IT,2024,T,Y10,10.0,ALL,FRGAPO,60550
IT,2021,T,Y10,10.0,ALL,ITL,485642
IT,2022,T,Y10,10.0,ALL,ITL,476494
IT,2023,T,Y10,10.0,ALL,ITL,458032
IT,2024,T,Y10,10.0,ALL,ITL,452300
IT,2021,T,Y10,10.0,ALL,TOTAL,544309
IT,2022,T,Y10,10.0,ALL,TOTAL,537368
IT,2023,T,Y10,10.0,ALL,TOTAL,517826
IT,2024,T,Y10,10.0,ALL,TOTAL,512850
IT,2021,T,Y11,11.0,ALL,FRGAPO,57491
IT,2022,T,Y11,11.0,ALL,FRGAPO,56979
IT,2023,T,Y11,11.0,ALL,FRGAPO,60244
IT,2024,T,Y11,11.0,ALL,FRGAPO,58761
IT,2021,T,Y11,11.0,ALL,ITL,502522
IT,2022,T,Y11,11.0,ALL,ITL,489240
IT,2023,T,Y11,11.0,ALL,ITL,479915
IT,2024,T,Y11,11.0,ALL,ITL,461479
IT,2021,T,Y11,11.0,ALL,TOTAL,560013
IT,2022,T,Y11,11.0,ALL,TOTAL,546219
IT,2023,T,Y11,11.0,ALL,TOTAL,540159
IT,2024,T,Y11,11.0,ALL,TOTAL,520240
IT,2021,T,Y12,12.0,ALL,FRGAPO,56474
IT,2022,T,Y12,12.0,ALL,FRGAPO,55904
IT,2023,T,Y12,12.0,ALL,FRGAPO,56478
IT,2024,T,Y12,12.0,ALL,FRGAPO,59529
IT,2021,T,Y12,12.0,ALL,ITL,512402
IT,2022,T,Y12,12.0,ALL,ITL,506052
IT,2023,T,Y12,12.0,ALL,ITL,492394
IT,2024,T,Y12,12.0,ALL,ITL,482917
IT,2021,T,Y12,12.0,ALL,TOTAL,568876
IT,2022,T,Y12,12.0,ALL,TOTAL,561956
IT,2023,T,Y12,12.0,ALL,TOTAL,548872
IT,2024,T,Y12,12.0,ALL,TOTAL,542446
IT,2021,T,Y13,13.0,ALL,FRGAPO,54679
IT,2022,T,Y13,13.0,ALL,FRGAPO,55167
IT,2023,T,Y13,13.0,ALL,FRGAPO,55635
IT,2024,T,Y13,13.0,ALL,FRGAPO,56212
IT,2021,T,Y13,13.0,ALL,ITL,521079
IT,2022,T,Y13,13.0,ALL,ITL,515727
IT,2023,T,Y13,13.0,ALL,ITL,508982
IT,2024,T,Y13,13.0,ALL,ITL,495112
IT,2021,T,Y13,13.0,ALL,TOTAL,575758
IT,2022,T,Y13,13.0,ALL,TOTAL,570894
IT,2023,T,Y13,13.0,ALL,TOTAL,564617
IT,2024,T,Y13,13.0,ALL,TOTAL,551324
IT,2021,T,Y14,14.0,ALL,FRGAPO,52442
IT,2022,T,Y14,14.0,ALL,FRGAPO,53894
IT,2023,T,Y14,14.0,ALL,FRGAPO,55336
IT,2024,T,Y14,14.0,ALL,FRGAPO,55580
IT,2021,T,Y14,14.0,ALL,ITL,522246
IT,2022,T,Y14,14.0,ALL,ITL,524077
IT,2023,T,Y14,14.0,ALL,ITL,518309
IT,2024,T,Y14,14.0,ALL,ITL,511391
IT,2021,T,Y14,14.0,ALL,TOTAL,574688
IT,2022,T,Y14,14.0,ALL,TOTAL,577971
IT,2023,T,Y14,14.0,ALL,TOTAL,573645
IT,2024,T,Y14,14.0,ALL,TOTAL,566971
IT,2021,T,Y15,15.0,ALL,FRGAPO,50795
IT,2022,T,Y15,15.0,ALL,FRGAPO,51823
IT,2023,T,Y15,15.0,ALL,FRGAPO,54415
IT,2024,T,Y15,15.0,ALL,FRGAPO,55676
IT,2021,T,Y15,15.0,ALL,ITL,525099
IT,2022,T,Y15,15.0,ALL,ITL,525057
IT,2023,T,Y15,15.0,ALL,ITL,526530
IT,2024,T,Y15,15.0,ALL,ITL,520434
IT,2021,T,Y15,15.0,ALL,TOTAL,575894
IT,2022,T,Y15,15.0,ALL,TOTAL,576880
IT,2023,T,Y15,15.0,ALL,TOTAL,580945
IT,2024,T,Y15,15.0,ALL,TOTAL,576110
IT,2021,T,Y16,16.0,ALL,FRGAPO,48278
IT,2022,T,Y16,16.0,ALL,FRGAPO,50715
IT,2023,T,Y16,16.0,ALL,FRGAPO,52885
IT,2024,T,Y16,16.0,ALL,FRGAPO,55696
IT,2021,T,Y16,16.0,ALL,ITL,524530
IT,2022,T,Y16,16.0,ALL,ITL,527677
IT,2023,T,Y16,16.0,ALL,ITL,527355
IT,2024,T,Y16,16.0,ALL,ITL,528480
IT,2021,T,Y16,16.0,ALL,TOTAL,572808
IT,2022,T,Y16,16.0,ALL,TOTAL,578392
IT,2023,T,Y16,16.0,ALL,TOTAL,580240
IT,2024,T,Y16,16.0,ALL,TOTAL,584176
IT,2021,T,Y17,17.0,ALL,FRGAPO,48174
IT,2022,T,Y17,17.0,ALL,FRGAPO,49396
IT,2023,T,Y17,17.0,ALL,FRGAPO,52910
IT,2024,T,Y17,17.0,ALL,FRGAPO,56410
IT,2021,T,Y17,17.0,ALL,ITL,532243
IT,2022,T,Y17,17.0,ALL,ITL,526946
IT,2023,T,Y17,17.0,ALL,ITL,530116
IT,2024,T,Y17,17.0,ALL,ITL,529257
IT,2021,T,Y17,17.0,ALL,TOTAL,580417
IT,2022,T,Y17,17.0,ALL,TOTAL,576342
IT,2023,T,Y17,17.0,ALL,TOTAL,583026
IT,2024,T,Y17,17.0,ALL,TOTAL,585667
IT,2021,T,Y18,18.0,ALL,FRGAPO,38817
IT,2022,T,Y18,18.0,ALL,FRGAPO,45576
IT,2023,T,Y18,18.0,ALL,FRGAPO,45717
IT,2024,T,Y18,18.0,ALL,FRGAPO,49911
IT,2021,T,Y18,18.0,ALL,ITL,530891
IT,2022,T,Y18,18.0,ALL,ITL,540763
IT,2023,T,Y18,18.0,ALL,ITL,537743
IT,2024,T,Y18,18.0,ALL,ITL,540748
IT,2021,T,Y18,18.0,ALL,TOTAL,569708
IT,2022,T,Y18,18.0,ALL,TOTAL,586339
IT,2023,T,Y18,18.0,ALL,TOTAL,583460
IT,2024,T,Y18,18.0,ALL,TOTAL,590659
IT,2021,T,Y19,19.0,ALL,FRGAPO,38289
IT,2022,T,Y19,19.0,ALL,FRGAPO,40220
IT,2023,T,Y19,19.0,ALL,FRGAPO,47189
IT,2024,T,Y19,19.0,ALL,FRGAPO,48674
IT,2021,T,Y19,19.0,ALL,ITL,529001
IT,2022,T,Y19,19.0,ALL,ITL,536935
IT,2023,T,Y19,19.0,ALL,ITL,546401
IT,2024,T,Y19,19.0,ALL,ITL,542392
IT,2021,T,Y19,19.0,ALL,TOTAL,567290
IT,2022,T,Y19,19.0,ALL,TOTAL,577155
IT,2023,T,Y19,19.0,ALL,TOTAL,593590
IT,2024,T,Y19,19.0,ALL,TOTAL,591066
IT,2021,T,Y2,2.0,ALL,FRGAPO,61000
IT,2022,T,Y2,2.0,ALL,FRGAPO,57355
IT,2023,T,Y2,2.0,ALL,FRGAPO,52549
IT,2024,T,Y2,2.0,ALL,FRGAPO,50846
IT,2021,T,Y2,2.0,ALL,ITL,364183
IT,2022,T,Y2,2.0,ALL,ITL,353892
IT,2023,T,Y2,2.0,ALL,ITL,355023
IT,2024,T,Y2,2.0,ALL,ITL,349613
IT,2021,T,Y2,2.0,ALL,TOTAL,425183
IT,2022,T,Y2,2.0,ALL,TOTAL,411247
IT,2023,T,Y2,2.0,ALL,TOTAL,407572
IT,2024,T,Y2,2.0,ALL,TOTAL,400459
IT,2021,T,Y20,20.0,ALL,FRGAPO,43974
IT,2022,T,Y20,20.0,ALL,FRGAPO,43403
IT,2023,T,Y20,20.0,ALL,FRGAPO,46607
IT,2024,T,Y20,20.0,ALL,FRGAPO,55043
IT,2021,T,Y20,20.0,ALL,ITL,531662
IT,2022,T,Y20,20.0,ALL,ITL,530379
IT,2023,T,Y20,20.0,ALL,ITL,537380
IT,2024,T,Y20,20.0,ALL,ITL,545995
IT,2021,T,Y20,20.0,ALL,TOTAL,575636
IT,2022,T,Y20,20.0,ALL,TOTAL,573782
IT,2023,T,Y20,20.0,ALL,TOTAL,583987
IT,2024,T,Y20,20.0,ALL,TOTAL,601038
IT,2021,T,Y21,21.0,ALL,FRGAPO,52610
IT,2022,T,Y21,21.0,ALL,FRGAPO,48941
IT,2023,T,Y21,21.0,ALL,FRGAPO,49455
IT,2024,T,Y21,21.0,ALL,FRGAPO,54239
IT,2021,T,Y21,21.0,ALL,ITL,535893
IT,2022,T,Y21,21.0,ALL,ITL,532907
IT,2023,T,Y21,21.0,ALL,ITL,530844
IT,2024,T,Y21,21.0,ALL,ITL,538079
IT,2021,T,Y21,21.0,ALL,TOTAL,588503
IT,2022,T,Y21,21.0,ALL,TOTAL,581848
IT,2023,T,Y21,21.0,ALL,TOTAL,580299
IT,2024,T,Y21,21.0,ALL,TOTAL,592318
IT,2021,T,Y22,22.0,ALL,FRGAPO,59577
IT,2022,T,Y22,22.0,ALL,FRGAPO,57285
IT,2023,T,Y22,22.0,ALL,FRGAPO,54567
IT,2024,T,Y22,22.0,ALL,FRGAPO,56611
IT,2021,T,Y22,22.0,ALL,ITL,523931
IT,2022,T,Y22,22.0,ALL,ITL,538436
IT,2023,T,Y22,22.0,ALL,ITL,532355
IT,2024,T,Y22,22.0,ALL,ITL,530759
IT,2021,T,Y22,22.0,ALL,TOTAL,583508
IT,2022,T,Y22,22.0,ALL,TOTAL,595721
IT,2023,T,Y22,22.0,ALL,TOTAL,586922
IT,2024,T,Y22,22.0,ALL,TOTAL,587370
IT,2021,T,Y23,23.0,ALL,FRGAPO,66408
IT,2022,T,Y23,23.0,ALL,FRGAPO,64245
IT,2023,T,Y23,23.0,ALL,FRGAPO,63401
IT,2024,T,Y23,23.0,ALL,FRGAPO,61297
IT,2021,T,Y23,23.0,ALL,ITL,522367
IT,2022,T,Y23,23.0,ALL,ITL,526566
IT,2023,T,Y23,23.0,ALL,ITL,538302
IT,2024,T,Y23,23.0,ALL,ITL,532257
IT,2021,T,Y23,23.0,ALL,TOTAL,588775
IT,2022,T,Y23,23.0,ALL,TOTAL,590811
IT,2023,T,Y23,23.0,ALL,TOTAL,601703
IT,2024,T,Y23,23.0,ALL,TOTAL,593554
IT,2021,T,Y24,24.0,ALL,FRGAPO,68821
IT,2022,T,Y24,24.0,ALL,FRGAPO,71578
IT,2023,T,Y24,24.0,ALL,FRGAPO,70914
IT,2024,T,Y24,24.0,ALL,FRGAPO,71891
IT,2021,T,Y24,24.0,ALL,ITL,518098
IT,2022,T,Y24,24.0,ALL,ITL,524604
IT,2023,T,Y24,24.0,ALL,ITL,526534
IT,2024,T,Y24,24.0,ALL,ITL,537859
IT,2021,T,Y24,24.0,ALL,TOTAL,586919
IT,2022,T,Y24,24.0,ALL,TOTAL,596182
IT,2023,T,Y24,24.0,ALL,TOTAL,597448
IT,2024,T,Y24,24.0,ALL,TOTAL,609750
IT,2021,T,Y25,25.0,ALL,FRGAPO,71650
IT,2022,T,Y25,25.0,ALL,FRGAPO,74534
IT,2023,T,Y25,25.0,ALL,FRGAPO,79054
IT,2024,T,Y25,25.0,ALL,FRGAPO,79490
IT,2021,T,Y25,25.0,ALL,ITL,516898
IT,2022,T,Y25,25.0,ALL,ITL,519414
IT,2023,T,Y25,25.0,ALL,ITL,523730
IT,2024,T,Y25,25.0,ALL,ITL,524920
IT,2021,T,Y25,25.0,ALL,TOTAL,588548
IT,2022,T,Y25,25.0,ALL,TOTAL,593948
IT,2023,T,Y25,25.0,ALL,TOTAL,602784
IT,2024,T,Y25,25.0,ALL,TOTAL,604410
IT,2021,T,Y26,26.0,ALL,FRGAPO,74950
IT,2022,T,Y26,26.0,ALL,FRGAPO,77765
IT,2023,T,Y26,26.0,ALL,FRGAPO,81300
IT,2024,T,Y26,26.0,ALL,FRGAPO,87719
IT,2021,T,Y26,26.0,ALL,ITL,511497
IT,2022,T,Y26,26.0,ALL,ITL,517992
IT,2023,T,Y26,26.0,ALL,ITL,518583
IT,2024,T,Y26,26.0,ALL,ITL,521993
IT,2021,T,Y26,26.0,ALL,TOTAL,586447
IT,2022,T,Y26,26.0,ALL,TOTAL,595757
IT,2023,T,Y26,26.0,ALL,TOTAL,599883
IT,2024,T,Y26,26.0,ALL,TOTAL,609712
IT,2021,T,Y27,27.0,ALL,FRGAPO,77970
IT,2022,T,Y27,27.0,ALL,FRGAPO,81012
IT,2023,T,Y27,27.0,ALL,FRGAPO,84621
IT,2024,T,Y27,27.0,ALL,FRGAPO,89510
IT,2021,T,Y27,27.0,ALL,ITL,514830
IT,2022,T,Y27,27.0,ALL,ITL,512950
IT,2023,T,Y27,27.0,ALL,ITL,517500
IT,2024,T,Y27,27.0,ALL,ITL,517286
IT,2021,T,Y27,27.0,ALL,TOTAL,592800
IT,2022,T,Y27,27.0,ALL,TOTAL,593962
IT,2023,T,Y27,27.0,ALL,TOTAL,602121
IT,2024,T,Y27,27.0,ALL,TOTAL,606796
IT,2021,T,Y28,28.0,ALL,FRGAPO,79640
IT,2022,T,Y28,28.0,ALL,FRGAPO,83954
IT,2023,T,Y28,28.0,ALL,FRGAPO,87390
IT,2024,T,Y28,28.0,ALL,FRGAPO,92300
IT,2021,T,Y28,28.0,ALL,ITL,524050
IT,2022,T,Y28,28.0,ALL,ITL,516564
IT,2023,T,Y28,28.0,ALL,ITL,512857
IT,2024,T,Y28,28.0,ALL,ITL,516384
IT,2021,T,Y28,28.0,ALL,TOTAL,603690
IT,2022,T,Y28,28.0,ALL,TOTAL,600518
IT,2023,T,Y28,28.0,ALL,TOTAL,600247
IT,2024,T,Y28,28.0,ALL,TOTAL,608684
IT,2021,T,Y29,29.0,ALL,FRGAPO,86396
IT,2022,T,Y29,29.0,ALL,FRGAPO,85097
IT,2023,T,Y29,29.0,ALL,FRGAPO,90034
IT,2024,T,Y29,29.0,ALL,FRGAPO,94239
IT,2021,T,Y29,29.0,ALL,ITL,543464
IT,2022,T,Y29,29.0,ALL,ITL,526388
IT,2023,T,Y29,29.0,ALL,ITL,517142
IT,2024,T,Y29,29.0,ALL,ITL,512425
IT,2021,T,Y29,29.0,ALL,TOTAL,629860
IT,2022,T,Y29,29.0,ALL,TOTAL,611485
IT,2023,T,Y29,29.0,ALL,TOTAL,607176
IT,2024,T,Y29,29.0,ALL,TOTAL,606664
IT,2021,T,Y3,3.0,ALL,FRGAPO,63063
IT,2022,T,Y3,3.0,ALL,FRGAPO,60548
IT,2023,T,Y3,3.0,ALL,FRGAPO,57198
IT,2024,T,Y3,3.0,ALL,FRGAPO,51931
IT,2021,T,Y3,3.0,ALL,ITL,381575
IT,2022,T,Y3,3.0,ALL,ITL,367903
IT,2023,T,Y3,3.0,ALL,ITL,357383
IT,2024,T,Y3,3.0,ALL,ITL,358439
IT,2021,T,Y3,3.0,ALL,TOTAL,444638
IT,2022,T,Y3,3.0,ALL,TOTAL,428451
IT,2023,T,Y3,3.0,ALL,TOTAL,414581
IT,2024,T,Y3,3.0,ALL,TOTAL,410370
IT,2021,T,Y30,30.0,ALL,FRGAPO,86855
IT,2022,T,Y30,30.0,ALL,FRGAPO,91808
IT,2023,T,Y30,30.0,ALL,FRGAPO,90422
IT,2024,T,Y30,30.0,ALL,FRGAPO,96056
IT,2021,T,Y30,30.0,ALL,ITL,541412
IT,2022,T,Y30,30.0,ALL,ITL,546179
IT,2023,T,Y30,30.0,ALL,ITL,527613
IT,2024,T,Y30,30.0,ALL,ITL,517338
IT,2021,T,Y30,30.0,ALL,TOTAL,628267
IT,2022,T,Y30,30.0,ALL,TOTAL,637987
IT,2023,T,Y30,30.0,ALL,TOTAL,618035
IT,2024,T,Y30,30.0,ALL,TOTAL,613394
IT,2021,T,Y31,31.0,ALL,FRGAPO,95555
IT,2022,T,Y31,31.0,ALL,FRGAPO,91584
IT,2023,T,Y31,31.0,ALL,FRGAPO,96962
IT,2024,T,Y31,31.0,ALL,FRGAPO,95793
IT,2021,T,Y31,31.0,ALL,ITL,545833
IT,2022,T,Y31,31.0,ALL,ITL,544349
IT,2023,T,Y31,31.0,ALL,ITL,547692
IT,2024,T,Y31,31.0,ALL,ITL,528273
IT,2021,T,Y31,31.0,ALL,TOTAL,641388
IT,2022,T,Y31,31.0,ALL,TOTAL,635933
IT,2023,T,Y31,31.0,ALL,TOTAL,644654
IT,2024,T,Y31,31.0,ALL,TOTAL,624066
IT,2021,T,Y32,32.0,ALL,FRGAPO,100028
IT,2022,T,Y32,32.0,ALL,FRGAPO,99941
IT,2023,T,Y32,32.0,ALL,FRGAPO,95545
IT,2024,T,Y32,32.0,ALL,FRGAPO,101791
IT,2021,T,Y32,32.0,ALL,ITL,540389
IT,2022,T,Y32,32.0,ALL,ITL,549005
IT,2023,T,Y32,32.0,ALL,ITL,546328
IT,2024,T,Y32,32.0,ALL,ITL,548763
IT,2021,T,Y32,32.0,ALL,TOTAL,640417
IT,2022,T,Y32,32.0,ALL,TOTAL,648946
IT,2023,T,Y32,32.0,ALL,TOTAL,641873
IT,2024,T,Y32,32.0,ALL,TOTAL,650554
IT,2021,T,Y33,33.0,ALL,FRGAPO,107463
IT,2022,T,Y33,33.0,ALL,FRGAPO,103862
IT,2023,T,Y33,33.0,ALL,FRGAPO,103932
IT,2024,T,Y33,33.0,ALL,FRGAPO,99638
IT,2021,T,Y33,33.0,ALL,ITL,549400
IT,2022,T,Y33,33.0,ALL,ITL,543625
IT,2023,T,Y33,33.0,ALL,ITL,551421
IT,2024,T,Y33,33.0,ALL,ITL,548064
IT,2021,T,Y33,33.0,ALL,TOTAL,656863
IT,2022,T,Y33,33.0,ALL,TOTAL,647487
IT,2023,T,Y33,33.0,ALL,TOTAL,655353
IT,2024,T,Y33,33.0,ALL,TOTAL,647702
IT,2021,T,Y34,34.0,ALL,FRGAPO,110546
IT,2022,T,Y34,34.0,ALL,FRGAPO,110732
IT,2023,T,Y34,34.0,ALL,FRGAPO,107059
IT,2024,T,Y34,34.0,ALL,FRGAPO,107745
IT,2021,T,Y34,34.0,ALL,ITL,534168
IT,2022,T,Y34,34.0,ALL,ITL,553038
IT,2023,T,Y34,34.0,ALL,ITL,546363
IT,2024,T,Y34,34.0,ALL,ITL,553308
IT,2021,T,Y34,34.0,ALL,TOTAL,644714
IT,2022,T,Y34,34.0,ALL,TOTAL,663770
IT,2023,T,Y34,34.0,ALL,TOTAL,653422
IT,2024,T,Y34,34.0,ALL,TOTAL,661053
IT,2021,T,Y35,35.0,ALL,FRGAPO,111377
IT,2022,T,Y35,35.0,ALL,FRGAPO,113324
IT,2023,T,Y35,35.0,ALL,FRGAPO,113731
IT,2024,T,Y35,35.0,ALL,FRGAPO,110052
IT,2021,T,Y35,35.0,ALL,ITL,536933
IT,2022,T,Y35,35.0,ALL,ITL,537976
IT,2023,T,Y35,35.0,ALL,ITL,556114
IT,2024,T,Y35,35.0,ALL,ITL,548659
IT,2021,T,Y35,35.0,ALL,TOTAL,648310
IT,2022,T,Y35,35.0,ALL,TOTAL,651300
IT,2023,T,Y35,35.0,ALL,TOTAL,669845
IT,2024,T,Y35,35.0,ALL,TOTAL,658711
IT,2021,T,Y36,36.0,ALL,FRGAPO,110450
IT,2022,T,Y36,36.0,ALL,FRGAPO,113747
IT,2023,T,Y36,36.0,ALL,FRGAPO,115820
IT,2024,T,Y36,36.0,ALL,FRGAPO,116268
IT,2021,T,Y36,36.0,ALL,ITL,558282
IT,2022,T,Y36,36.0,ALL,ITL,540489
IT,2023,T,Y36,36.0,ALL,ITL,540958
IT,2024,T,Y36,36.0,ALL,ITL,558797
IT,2021,T,Y36,36.0,ALL,TOTAL,668732
IT,2022,T,Y36,36.0,ALL,TOTAL,654236
IT,2023,T,Y36,36.0,ALL,TOTAL,656778
IT,2024,T,Y36,36.0,ALL,TOTAL,675065
IT,2021,T,Y37,37.0,ALL,FRGAPO,111611
IT,2022,T,Y37,37.0,ALL,FRGAPO,112400
IT,2023,T,Y37,37.0,ALL,FRGAPO,115624
IT,2024,T,Y37,37.0,ALL,FRGAPO,117551
IT,2021,T,Y37,37.0,ALL,ITL,570564
IT,2022,T,Y37,37.0,ALL,ITL,561896
IT,2023,T,Y37,37.0,ALL,ITL,543833
IT,2024,T,Y37,37.0,ALL,ITL,543986
IT,2021,T,Y37,37.0,ALL,TOTAL,682175
IT,2022,T,Y37,37.0,ALL,TOTAL,674296
IT,2023,T,Y37,37.0,ALL,TOTAL,659457
IT,2024,T,Y37,37.0,ALL,TOTAL,661537
IT,2021,T,Y38,38.0,ALL,FRGAPO,109162
IT,2022,T,Y38,38.0,ALL,FRGAPO,112790
IT,2023,T,Y38,38.0,ALL,FRGAPO,113787
IT,2024,T,Y38,38.0,ALL,FRGAPO,116710
IT,2021,T,Y38,38.0,ALL,ITL,585491
IT,2022,T,Y38,38.0,ALL,ITL,574574
IT,2023,T,Y38,38.0,ALL,ITL,565551
IT,2024,T,Y38,38.0,ALL,ITL,547142
IT,2021,T,Y38,38.0,ALL,TOTAL,694653
IT,2022,T,Y38,38.0,ALL,TOTAL,687364
IT,2023,T,Y38,38.0,ALL,TOTAL,679338
IT,2024,T,Y38,38.0,ALL,TOTAL,663852
IT,2021,T,Y39,39.0,ALL,FRGAPO,113046
IT,2022,T,Y39,39.0,ALL,FRGAPO,110138
IT,2023,T,Y39,39.0,ALL,FRGAPO,113650
IT,2024,T,Y39,39.0,ALL,FRGAPO,114683
IT,2021,T,Y39,39.0,ALL,ITL,605956
IT,2022,T,Y39,39.0,ALL,ITL,589329
IT,2023,T,Y39,39.0,ALL,ITL,578033
IT,2024,T,Y39,39.0,ALL,ITL,569056
IT,2021,T,Y39,39.0,ALL,TOTAL,719002
IT,2022,T,Y39,39.0,ALL,TOTAL,699467
IT,2023,T,Y39,39.0,ALL,TOTAL,691683
IT,2024,T,Y39,39.0,ALL,TOTAL,683739
IT,2021,T,Y4,4.0,ALL,FRGAPO,66141
IT,2022,T,Y4,4.0,ALL,FRGAPO,62128
IT,2023,T,Y4,4.0,ALL,FRGAPO,59916
IT,2024,T,Y4,4.0,ALL,FRGAPO,56228
IT,2021,T,Y4,4.0,ALL,ITL,398612
IT,2022,T,Y4,4.0,ALL,ITL,385246
IT,2023,T,Y4,4.0,ALL,ITL,371584
IT,2024,T,Y4,4.0,ALL,ITL,361094
IT,2021,T,Y4,4.0,ALL,TOTAL,464753
IT,2022,T,Y4,4.0,ALL,TOTAL,447374
IT,2023,T,Y4,4.0,ALL,TOTAL,431500
IT,2024,T,Y4,4.0,ALL,TOTAL,417322
IT,2021,T,Y40,40.0,ALL,FRGAPO,110461
IT,2022,T,Y40,40.0,ALL,FRGAPO,113573
IT,2023,T,Y40,40.0,ALL,FRGAPO,110563
IT,2024,T,Y40,40.0,ALL,FRGAPO,113773
IT,2021,T,Y40,40.0,ALL,ITL,612987
IT,2022,T,Y40,40.0,ALL,ITL,609893
IT,2023,T,Y40,40.0,ALL,ITL,592833
IT,2024,T,Y40,40.0,ALL,ITL,581595
IT,2021,T,Y40,40.0,ALL,TOTAL,723448
IT,2022,T,Y40,40.0,ALL,TOTAL,723466
IT,2023,T,Y40,40.0,ALL,TOTAL,703396
IT,2024,T,Y40,40.0,ALL,TOTAL,695368
IT,2021,T,Y41,41.0,ALL,FRGAPO,113730
IT,2022,T,Y41,41.0,ALL,FRGAPO,110592
IT,2023,T,Y41,41.0,ALL,FRGAPO,113721
IT,2024,T,Y41,41.0,ALL,FRGAPO,110167
IT,2021,T,Y41,41.0,ALL,ITL,628214
IT,2022,T,Y41,41.0,ALL,ITL,616895
IT,2023,T,Y41,41.0,ALL,ITL,613361
IT,2024,T,Y41,41.0,ALL,ITL,596517
IT,2021,T,Y41,41.0,ALL,TOTAL,741944
IT,2022,T,Y41,41.0,ALL,TOTAL,727487
IT,2023,T,Y41,41.0,ALL,TOTAL,727082
IT,2024,T,Y41,41.0,ALL,TOTAL,706684
IT,2021,T,Y42,42.0,ALL,FRGAPO,110350
IT,2022,T,Y42,42.0,ALL,FRGAPO,113419
IT,2023,T,Y42,42.0,ALL,FRGAPO,110357
IT,2024,T,Y42,42.0,ALL,FRGAPO,113277
IT,2021,T,Y42,42.0,ALL,ITL,654735
IT,2022,T,Y42,42.0,ALL,ITL,632249
IT,2023,T,Y42,42.0,ALL,ITL,620390
IT,2024,T,Y42,42.0,ALL,ITL,616930
IT,2021,T,Y42,42.0,ALL,TOTAL,765085
IT,2022,T,Y42,42.0,ALL,TOTAL,745668
IT,2023,T,Y42,42.0,ALL,TOTAL,730747
IT,2024,T,Y42,42.0,ALL,TOTAL,730207
IT,2021,T,Y43,43.0,ALL,FRGAPO,108596
IT,2022,T,Y43,43.0,ALL,FRGAPO,109827
IT,2023,T,Y43,43.0,ALL,FRGAPO,113039
IT,2024,T,Y43,43.0,ALL,FRGAPO,109441
IT,2021,T,Y43,43.0,ALL,ITL,696969
IT,2022,T,Y43,43.0,ALL,ITL,658576
IT,2023,T,Y43,43.0,ALL,ITL,635619
IT,2024,T,Y43,43.0,ALL,ITL,623786
IT,2021,T,Y43,43.0,ALL,TOTAL,805565
IT,2022,T,Y43,43.0,ALL,TOTAL,768403
IT,2023,T,Y43,43.0,ALL,TOTAL,748658
IT,2024,T,Y43,43.0,ALL,TOTAL,733227
IT,2021,T,Y44,44.0,ALL,FRGAPO,105292
IT,2022,T,Y44,44.0,ALL,FRGAPO,107808
IT,2023,T,Y44,44.0,ALL,FRGAPO,108971
IT,2024,T,Y44,44.0,ALL,FRGAPO,111817
IT,2021,T,Y44,44.0,ALL,ITL,726750
IT,2022,T,Y44,44.0,ALL,ITL,700732
IT,2023,T,Y44,44.0,ALL,ITL,661999
IT,2024,T,Y44,44.0,ALL,ITL,639209
IT,2021,T,Y44,44.0,ALL,TOTAL,832042
IT,2022,T,Y44,44.0,ALL,TOTAL,808540
IT,2023,T,Y44,44.0,ALL,TOTAL,770970
IT,2024,T,Y44,44.0,ALL,TOTAL,751026
IT,2021,T,Y45,45.0,ALL,FRGAPO,102145
IT,2022,T,Y45,45.0,ALL,FRGAPO,104379
IT,2023,T,Y45,45.0,ALL,FRGAPO,107055
IT,2024,T,Y45,45.0,ALL,FRGAPO,107794
IT,2021,T,Y45,45.0,ALL,ITL,765790
IT,2022,T,Y45,45.0,ALL,ITL,730237
IT,2023,T,Y45,45.0,ALL,ITL,704161
IT,2024,T,Y45,45.0,ALL,ITL,665173
IT,2021,T,Y45,45.0,ALL,TOTAL,867935
IT,2022,T,Y45,45.0,ALL,TOTAL,834616
IT,2023,T,Y45,45.0,ALL,TOTAL,811216
IT,2024,T,Y45,45.0,ALL,TOTAL,772967
IT,2021,T,Y46,46.0,ALL,FRGAPO,99333
IT,2022,T,Y46,46.0,ALL,FRGAPO,101168
IT,2023,T,Y46,46.0,ALL,FRGAPO,103568
IT,2024,T,Y46,46.0,ALL,FRGAPO,105928
IT,2021,T,Y46,46.0,ALL,ITL,809814
IT,2022,T,Y46,46.0,ALL,ITL,769068
IT,2023,T,Y46,46.0,ALL,ITL,733156
IT,2024,T,Y46,46.0,ALL,ITL,707151
IT,2021,T,Y46,46.0,ALL,TOTAL,909147
IT,2022,T,Y46,46.0,ALL,TOTAL,870236
IT,2023,T,Y46,46.0,ALL,TOTAL,836724
IT,2024,T,Y46,46.0,ALL,TOTAL,813079
IT,2021,T,Y47,47.0,ALL,FRGAPO,94886
IT,2022,T,Y47,47.0,ALL,FRGAPO,98310
IT,2023,T,Y47,47.0,ALL,FRGAPO,100367
IT,2024,T,Y47,47.0,ALL,FRGAPO,102274
IT,2021,T,Y47,47.0,ALL,ITL,850322
IT,2022,T,Y47,47.0,ALL,ITL,812749
IT,2023,T,Y47,47.0,ALL,ITL,771711
IT,2024,T,Y47,47.0,ALL,ITL,735886
IT,2021,T,Y47,47.0,ALL,TOTAL,945208
IT,2022,T,Y47,47.0,ALL,TOTAL,911059
IT,2023,T,Y47,47.0,ALL,TOTAL,872078
IT,2024,T,Y47,47.0,ALL,TOTAL,838160
IT,2021,T,Y48,48.0,ALL,FRGAPO,88243
IT,2022,T,Y48,48.0,ALL,FRGAPO,93696
IT,2023,T,Y48,48.0,ALL,FRGAPO,97692
IT,2024,T,Y48,48.0,ALL,FRGAPO,99029
IT,2021,T,Y48,48.0,ALL,ITL,851267
IT,2022,T,Y48,48.0,ALL,ITL,853184
IT,2023,T,Y48,48.0,ALL,ITL,814963
IT,2024,T,Y48,48.0,ALL,ITL,774185
IT,2021,T,Y48,48.0,ALL,TOTAL,939510
IT,2022,T,Y48,48.0,ALL,TOTAL,946880
IT,2023,T,Y48,48.0,ALL,TOTAL,912655
IT,2024,T,Y48,48.0,ALL,TOTAL,873214
IT,2021,T,Y49,49.0,ALL,FRGAPO,87473
IT,2022,T,Y49,49.0,ALL,FRGAPO,87475
IT,2023,T,Y49,49.0,ALL,FRGAPO,93050
IT,2024,T,Y49,49.0,ALL,FRGAPO,96258
IT,2021,T,Y49,49.0,ALL,ITL,860597
IT,2022,T,Y49,49.0,ALL,ITL,853711
IT,2023,T,Y49,49.0,ALL,ITL,855121
IT,2024,T,Y49,49.0,ALL,ITL,817182
IT,2021,T,Y49,49.0,ALL,TOTAL,948070
IT,2022,T,Y49,49.0,ALL,TOTAL,941186
IT,2023,T,Y49,49.0,ALL,TOTAL,948171
IT,2024,T,Y49,49.0,ALL,TOTAL,913440
IT,2021,T,Y5,5.0,ALL,FRGAPO,65333
IT,2022,T,Y5,5.0,ALL,FRGAPO,64906
IT,2023,T,Y5,5.0,ALL,FRGAPO,61329
IT,2024,T,Y5,5.0,ALL,FRGAPO,58799
IT,2021,T,Y5,5.0,ALL,ITL,413351
IT,2022,T,Y5,5.0,ALL,ITL,402234
IT,2023,T,Y5,5.0,ALL,ITL,389111
IT,2024,T,Y5,5.0,ALL,ITL,375646
IT,2021,T,Y5,5.0,ALL,TOTAL,478684
IT,2022,T,Y5,5.0,ALL,TOTAL,467140
IT,2023,T,Y5,5.0,ALL,TOTAL,450440
IT,2024,T,Y5,5.0,ALL,TOTAL,434445
IT,2021,T,Y50,50.0,ALL,FRGAPO,82552
IT,2022,T,Y50,50.0,ALL,FRGAPO,86655
IT,2023,T,Y50,50.0,ALL,FRGAPO,86727
IT,2024,T,Y50,50.0,ALL,FRGAPO,91846
IT,2021,T,Y50,50.0,ALL,ITL,874265
IT,2022,T,Y50,50.0,ALL,ITL,862580
IT,2023,T,Y50,50.0,ALL,ITL,855407
IT,2024,T,Y50,50.0,ALL,ITL,856935
IT,2021,T,Y50,50.0,ALL,TOTAL,956817
IT,2022,T,Y50,50.0,ALL,TOTAL,949235
IT,2023,T,Y50,50.0,ALL,TOTAL,942134
IT,2024,T,Y50,50.0,ALL,TOTAL,948781
IT,2021,T,Y51,51.0,ALL,FRGAPO,82492
IT,2022,T,Y51,51.0,ALL,FRGAPO,81801
IT,2023,T,Y51,51.0,ALL,FRGAPO,86019
IT,2024,T,Y51,51.0,ALL,FRGAPO,85384
IT,2021,T,Y51,51.0,ALL,ITL,865215
IT,2022,T,Y51,51.0,ALL,ITL,875907
IT,2023,T,Y51,51.0,ALL,ITL,863993
IT,2024,T,Y51,51.0,ALL,ITL,856841
IT,2021,T,Y51,51.0,ALL,TOTAL,947707
IT,2022,T,Y51,51.0,ALL,TOTAL,957708
IT,2023,T,Y51,51.0,ALL,TOTAL,950012
IT,2024,T,Y51,51.0,ALL,TOTAL,942225
IT,2021,T,Y52,52.0,ALL,FRGAPO,79819
IT,2022,T,Y52,52.0,ALL,FRGAPO,81640
IT,2023,T,Y52,52.0,ALL,FRGAPO,81325
IT,2024,T,Y52,52.0,ALL,FRGAPO,84773
IT,2021,T,Y52,52.0,ALL,ITL,892274
IT,2022,T,Y52,52.0,ALL,ITL,866552
IT,2023,T,Y52,52.0,ALL,ITL,876853
IT,2024,T,Y52,52.0,ALL,ITL,865143
IT,2021,T,Y52,52.0,ALL,TOTAL,972093
IT,2022,T,Y52,52.0,ALL,TOTAL,948192
IT,2023,T,Y52,52.0,ALL,TOTAL,958178
IT,2024,T,Y52,52.0,ALL,TOTAL,949916
IT,2021,T,Y53,53.0,ALL,FRGAPO,79776
IT,2022,T,Y53,53.0,ALL,FRGAPO,79213
IT,2023,T,Y53,53.0,ALL,FRGAPO,80699
IT,2024,T,Y53,53.0,ALL,FRGAPO,80015
IT,2021,T,Y53,53.0,ALL,ITL,883951
IT,2022,T,Y53,53.0,ALL,ITL,893235
IT,2023,T,Y53,53.0,ALL,ITL,867385
IT,2024,T,Y53,53.0,ALL,ITL,877727
IT,2021,T,Y53,53.0,ALL,TOTAL,963727
IT,2022,T,Y53,53.0,ALL,TOTAL,972448
IT,2023,T,Y53,53.0,ALL,TOTAL,948084
IT,2024,T,Y53,53.0,ALL,TOTAL,957742
IT,2021,T,Y54,54.0,ALL,FRGAPO,74020
IT,2022,T,Y54,54.0,ALL,FRGAPO,79046
IT,2023,T,Y54,54.0,ALL,FRGAPO,78434
IT,2024,T,Y54,54.0,ALL,FRGAPO,79534
IT,2021,T,Y54,54.0,ALL,ITL,892873
IT,2022,T,Y54,54.0,ALL,ITL,884836
IT,2023,T,Y54,54.0,ALL,ITL,893685
IT,2024,T,Y54,54.0,ALL,ITL,867938
IT,2021,T,Y54,54.0,ALL,TOTAL,966893
IT,2022,T,Y54,54.0,ALL,TOTAL,963882
IT,2023,T,Y54,54.0,ALL,TOTAL,972119
IT,2024,T,Y54,54.0,ALL,TOTAL,947472
IT,2021,T,Y55,55.0,ALL,FRGAPO,61958
IT,2022,T,Y55,55.0,ALL,FRGAPO,73564
IT,2023,T,Y55,55.0,ALL,FRGAPO,78294
IT,2024,T,Y55,55.0,ALL,FRGAPO,77096
IT,2021,T,Y55,55.0,ALL,ITL,912919
IT,2022,T,Y55,55.0,ALL,ITL,893117
IT,2023,T,Y55,55.0,ALL,ITL,884827
IT,2024,T,Y55,55.0,ALL,ITL,893925
IT,2021,T,Y55,55.0,ALL,TOTAL,974877
IT,2022,T,Y55,55.0,ALL,TOTAL,966681
IT,2023,T,Y55,55.0,ALL,TOTAL,963121
IT,2024,T,Y55,55.0,ALL,TOTAL,971021
IT,2021,T,Y56,56.0,ALL,FRGAPO,59148
IT,2022,T,Y56,56.0,ALL,FRGAPO,61588
IT,2023,T,Y56,56.0,ALL,FRGAPO,72592
IT,2024,T,Y56,56.0,ALL,FRGAPO,76998
IT,2021,T,Y56,56.0,ALL,ITL,912282
IT,2022,T,Y56,56.0,ALL,ITL,912541
IT,2023,T,Y56,56.0,ALL,ITL,892967
IT,2024,T,Y56,56.0,ALL,ITL,884730
IT,2021,T,Y56,56.0,ALL,TOTAL,971430
IT,2022,T,Y56,56.0,ALL,TOTAL,974129
IT,2023,T,Y56,56.0,ALL,TOTAL,965559
IT,2024,T,Y56,56.0,ALL,TOTAL,961728
IT,2021,T,Y57,57.0,ALL,FRGAPO,57619
IT,2022,T,Y57,57.0,ALL,FRGAPO,58699
IT,2023,T,Y57,57.0,ALL,FRGAPO,61057
IT,2024,T,Y57,57.0,ALL,FRGAPO,71257
IT,2021,T,Y57,57.0,ALL,ITL,925006
IT,2022,T,Y57,57.0,ALL,ITL,911514
IT,2023,T,Y57,57.0,ALL,ITL,911870
IT,2024,T,Y57,57.0,ALL,ITL,892434
IT,2021,T,Y57,57.0,ALL,TOTAL,982625
IT,2022,T,Y57,57.0,ALL,TOTAL,970213
IT,2023,T,Y57,57.0,ALL,TOTAL,972927
IT,2024,T,Y57,57.0,ALL,TOTAL,963691
IT,2021,T,Y58,58.0,ALL,FRGAPO,54492
IT,2022,T,Y58,58.0,ALL,FRGAPO,57298
IT,2023,T,Y58,58.0,ALL,FRGAPO,58152
IT,2024,T,Y58,58.0,ALL,FRGAPO,60144
IT,2021,T,Y58,58.0,ALL,ITL,865493
IT,2022,T,Y58,58.0,ALL,ITL,924023
IT,2023,T,Y58,58.0,ALL,ITL,910340
IT,2024,T,Y58,58.0,ALL,ITL,910843
IT,2021,T,Y58,58.0,ALL,TOTAL,919985
IT,2022,T,Y58,58.0,ALL,TOTAL,981321
IT,2023,T,Y58,58.0,ALL,TOTAL,968492
IT,2024,T,Y58,58.0,ALL,TOTAL,970987
IT,2021,T,Y59,59.0,ALL,FRGAPO,51786
IT,2022,T,Y59,59.0,ALL,FRGAPO,54236
IT,2023,T,Y59,59.0,ALL,FRGAPO,56603
IT,2024,T,Y59,59.0,ALL,FRGAPO,57197
IT,2021,T,Y59,59.0,ALL,ITL,834432
IT,2022,T,Y59,59.0,ALL,ITL,864021
IT,2023,T,Y59,59.0,ALL,ITL,922286
IT,2024,T,Y59,59.0,ALL,ITL,908783
IT,2021,T,Y59,59.0,ALL,TOTAL,886218
IT,2022,T,Y59,59.0,ALL,TOTAL,918257
IT,2023,T,Y59,59.0,ALL,TOTAL,978889
IT,2024,T,Y59,59.0,ALL,TOTAL,965980
IT,2021,T,Y6,6.0,ALL,FRGAPO,64467
IT,2022,T,Y6,6.0,ALL,FRGAPO,64003
IT,2023,T,Y6,6.0,ALL,FRGAPO,63538
IT,2024,T,Y6,6.0,ALL,FRGAPO,59965
IT,2021,T,Y6,6.0,ALL,ITL,426352
IT,2022,T,Y6,6.0,ALL,ITL,417314
IT,2023,T,Y6,6.0,ALL,ITL,405826
IT,2024,T,Y6,6.0,ALL,ITL,392900
IT,2021,T,Y6,6.0,ALL,TOTAL,490819
IT,2022,T,Y6,6.0,ALL,TOTAL,481317
IT,2023,T,Y6,6.0,ALL,TOTAL,469364
IT,2024,T,Y6,6.0,ALL,TOTAL,452865
IT,2021,T,Y60,60.0,ALL,FRGAPO,47490
IT,2022,T,Y60,60.0,ALL,FRGAPO,51763
IT,2023,T,Y60,60.0,ALL,FRGAPO,53509
IT,2024,T,Y60,60.0,ALL,FRGAPO,55560
IT,2021,T,Y60,60.0,ALL,ITL,818565
IT,2022,T,Y60,60.0,ALL,ITL,832586
IT,2023,T,Y60,60.0,ALL,ITL,862014
IT,2024,T,Y60,60.0,ALL,ITL,920530
IT,2021,T,Y60,60.0,ALL,TOTAL,866055
IT,2022,T,Y60,60.0,ALL,TOTAL,884349
IT,2023,T,Y60,60.0,ALL,TOTAL,915523
IT,2024,T,Y60,60.0,ALL,TOTAL,976090
IT,2021,T,Y61,61.0,ALL,FRGAPO,46752
IT,2022,T,Y61,61.0,ALL,FRGAPO,47379
IT,2023,T,Y61,61.0,ALL,FRGAPO,51011
IT,2024,T,Y61,61.0,ALL,FRGAPO,52473
IT,2021,T,Y61,61.0,ALL,ITL,789903
IT,2022,T,Y61,61.0,ALL,ITL,816237
IT,2023,T,Y61,61.0,ALL,ITL,830272
IT,2024,T,Y61,61.0,ALL,ITL,859948
IT,2021,T,Y61,61.0,ALL,TOTAL,836655
IT,2022,T,Y61,61.0,ALL,TOTAL,863616
IT,2023,T,Y61,61.0,ALL,TOTAL,881283
IT,2024,T,Y61,61.0,ALL,TOTAL,912421
IT,2021,T,Y62,62.0,ALL,FRGAPO,41492
IT,2022,T,Y62,62.0,ALL,FRGAPO,46797
IT,2023,T,Y62,62.0,ALL,FRGAPO,46580
IT,2024,T,Y62,62.0,ALL,FRGAPO,50046
IT,2021,T,Y62,62.0,ALL,ITL,771678
IT,2022,T,Y62,62.0,ALL,ITL,787310
IT,2023,T,Y62,62.0,ALL,ITL,813609
IT,2024,T,Y62,62.0,ALL,ITL,827886
IT,2021,T,Y62,62.0,ALL,TOTAL,813170
IT,2022,T,Y62,62.0,ALL,TOTAL,834107
IT,2023,T,Y62,62.0,ALL,TOTAL,860189
IT,2024,T,Y62,62.0,ALL,TOTAL,877932
IT,2021,T,Y63,63.0,ALL,FRGAPO,38696
IT,2022,T,Y63,63.0,ALL,FRGAPO,41454
IT,2023,T,Y63,63.0,ALL,FRGAPO,45961
IT,2024,T,Y63,63.0,ALL,FRGAPO,45670
IT,2021,T,Y63,63.0,ALL,ITL,735321
IT,2022,T,Y63,63.0,ALL,ITL,768325
IT,2023,T,Y63,63.0,ALL,ITL,784355
IT,2024,T,Y63,63.0,ALL,ITL,810754
IT,2021,T,Y63,63.0,ALL,TOTAL,774017
IT,2022,T,Y63,63.0,ALL,TOTAL,809779
IT,2023,T,Y63,63.0,ALL,TOTAL,830316
IT,2024,T,Y63,63.0,ALL,TOTAL,856424
IT,2021,T,Y64,64.0,ALL,FRGAPO,34583
IT,2022,T,Y64,64.0,ALL,FRGAPO,38954
IT,2023,T,Y64,64.0,ALL,FRGAPO,40665
IT,2024,T,Y64,64.0,ALL,FRGAPO,45019
IT,2021,T,Y64,64.0,ALL,ITL,728804
IT,2022,T,Y64,64.0,ALL,ITL,731485
IT,2023,T,Y64,64.0,ALL,ITL,764770
IT,2024,T,Y64,64.0,ALL,ITL,781100
IT,2021,T,Y64,64.0,ALL,TOTAL,763387
IT,2022,T,Y64,64.0,ALL,TOTAL,770439
IT,2023,T,Y64,64.0,ALL,TOTAL,805435
IT,2024,T,Y64,64.0,ALL,TOTAL,826119
IT,2021,T,Y65,65.0,ALL,FRGAPO,31314
IT,2022,T,Y65,65.0,ALL,FRGAPO,34901
IT,2023,T,Y65,65.0,ALL,FRGAPO,38005
IT,2024,T,Y65,65.0,ALL,FRGAPO,39931
IT,2021,T,Y65,65.0,ALL,ITL,713863
IT,2022,T,Y65,65.0,ALL,ITL,724476
IT,2023,T,Y65,65.0,ALL,ITL,727580
IT,2024,T,Y65,65.0,ALL,ITL,761013
IT,2021,T,Y65,65.0,ALL,TOTAL,745177
IT,2022,T,Y65,65.0,ALL,TOTAL,759377
IT,2023,T,Y65,65.0,ALL,TOTAL,765585
IT,2024,T,Y65,65.0,ALL,TOTAL,800944
IT,2021,T,Y66,66.0,ALL,FRGAPO,28389
IT,2022,T,Y66,66.0,ALL,FRGAPO,31761
IT,2023,T,Y66,66.0,ALL,FRGAPO,34105
IT,2024,T,Y66,66.0,ALL,FRGAPO,37226
IT,2021,T,Y66,66.0,ALL,ITL,699876
IT,2022,T,Y66,66.0,ALL,ITL,708756
IT,2023,T,Y66,66.0,ALL,ITL,719907
IT,2024,T,Y66,66.0,ALL,ITL,723514
IT,2021,T,Y66,66.0,ALL,TOTAL,728265
IT,2022,T,Y66,66.0,ALL,TOTAL,740517
IT,2023,T,Y66,66.0,ALL,TOTAL,754012
IT,2024,T,Y66,66.0,ALL,TOTAL,760740
IT,2021,T,Y67,67.0,ALL,FRGAPO,24562
IT,2022,T,Y67,67.0,ALL,FRGAPO,28566
IT,2023,T,Y67,67.0,ALL,FRGAPO,30917
IT,2024,T,Y67,67.0,ALL,FRGAPO,33054
IT,2021,T,Y67,67.0,ALL,ITL,688572
IT,2022,T,Y67,67.0,ALL,ITL,694348
IT,2023,T,Y67,67.0,ALL,ITL,703593
IT,2024,T,Y67,67.0,ALL,ITL,715036
IT,2021,T,Y67,67.0,ALL,TOTAL,713134
IT,2022,T,Y67,67.0,ALL,TOTAL,722914
IT,2023,T,Y67,67.0,ALL,TOTAL,734510
IT,2024,T,Y67,67.0,ALL,TOTAL,748090
IT,2021,T,Y68,68.0,ALL,FRGAPO,21071
IT,2022,T,Y68,68.0,ALL,FRGAPO,25009
IT,2023,T,Y68,68.0,ALL,FRGAPO,27751
IT,2024,T,Y68,68.0,ALL,FRGAPO,30047
IT,2021,T,Y68,68.0,ALL,ITL,656806
IT,2022,T,Y68,68.0,ALL,ITL,682553
IT,2023,T,Y68,68.0,ALL,ITL,688768
IT,2024,T,Y68,68.0,ALL,ITL,698159
IT,2021,T,Y68,68.0,ALL,TOTAL,677877
IT,2022,T,Y68,68.0,ALL,TOTAL,707562
IT,2023,T,Y68,68.0,ALL,TOTAL,716519
IT,2024,T,Y68,68.0,ALL,TOTAL,728206
IT,2021,T,Y69,69.0,ALL,FRGAPO,19151
IT,2022,T,Y69,69.0,ALL,FRGAPO,21386
IT,2023,T,Y69,69.0,ALL,FRGAPO,24371
IT,2024,T,Y69,69.0,ALL,FRGAPO,27286
IT,2021,T,Y69,69.0,ALL,ITL,643838
IT,2022,T,Y69,69.0,ALL,ITL,649756
IT,2023,T,Y69,69.0,ALL,ITL,677074
IT,2024,T,Y69,69.0,ALL,ITL,683076
IT,2021,T,Y69,69.0,ALL,TOTAL,662989
IT,2022,T,Y69,69.0,ALL,TOTAL,671142
IT,2023,T,Y69,69.0,ALL,TOTAL,701445
IT,2024,T,Y69,69.0,ALL,TOTAL,710362
IT,2021,T,Y7,7.0,ALL,FRGAPO,64576
IT,2022,T,Y7,7.0,ALL,FRGAPO,62944
IT,2023,T,Y7,7.0,ALL,FRGAPO,62726
IT,2024,T,Y7,7.0,ALL,FRGAPO,62009
IT,2021,T,Y7,7.0,ALL,ITL,441015
IT,2022,T,Y7,7.0,ALL,ITL,430207
IT,2023,T,Y7,7.0,ALL,ITL,420937
IT,2024,T,Y7,7.0,ALL,ITL,409652
IT,2021,T,Y7,7.0,ALL,TOTAL,505591
IT,2022,T,Y7,7.0,ALL,TOTAL,493151
IT,2023,T,Y7,7.0,ALL,TOTAL,483663
IT,2024,T,Y7,7.0,ALL,TOTAL,471661
IT,2021,T,Y70,70.0,ALL,FRGAPO,16262
IT,2022,T,Y70,70.0,ALL,FRGAPO,19487
IT,2023,T,Y70,70.0,ALL,FRGAPO,20881
IT,2024,T,Y70,70.0,ALL,FRGAPO,23906
IT,2021,T,Y70,70.0,ALL,ITL,640248
IT,2022,T,Y70,70.0,ALL,ITL,636024
IT,2023,T,Y70,70.0,ALL,ITL,642729
IT,2024,T,Y70,70.0,ALL,ITL,669695
IT,2021,T,Y70,70.0,ALL,TOTAL,656510
IT,2022,T,Y70,70.0,ALL,TOTAL,655511
IT,2023,T,Y70,70.0,ALL,TOTAL,663610
IT,2024,T,Y70,70.0,ALL,TOTAL,693601
IT,2021,T,Y71,71.0,ALL,FRGAPO,15775
IT,2022,T,Y71,71.0,ALL,FRGAPO,16477
IT,2023,T,Y71,71.0,ALL,FRGAPO,19033
IT,2024,T,Y71,71.0,ALL,FRGAPO,20470
IT,2021,T,Y71,71.0,ALL,ITL,659257
IT,2022,T,Y71,71.0,ALL,ITL,631491
IT,2023,T,Y71,71.0,ALL,ITL,628022
IT,2024,T,Y71,71.0,ALL,ITL,634925
IT,2021,T,Y71,71.0,ALL,TOTAL,675032
IT,2022,T,Y71,71.0,ALL,TOTAL,647968
IT,2023,T,Y71,71.0,ALL,TOTAL,647055
IT,2024,T,Y71,71.0,ALL,TOTAL,655395
IT,2021,T,Y72,72.0,ALL,FRGAPO,13484
IT,2022,T,Y72,72.0,ALL,FRGAPO,16035
IT,2023,T,Y72,72.0,ALL,FRGAPO,16173
IT,2024,T,Y72,72.0,ALL,FRGAPO,18612
IT,2021,T,Y72,72.0,ALL,ITL,659072
IT,2022,T,Y72,72.0,ALL,ITL,649163
IT,2023,T,Y72,72.0,ALL,ITL,622504
IT,2024,T,Y72,72.0,ALL,ITL,619351
IT,2021,T,Y72,72.0,ALL,TOTAL,672556
IT,2022,T,Y72,72.0,ALL,TOTAL,665198
IT,2023,T,Y72,72.0,ALL,TOTAL,638677
IT,2024,T,Y72,72.0,ALL,TOTAL,637963
IT,2021,T,Y73,73.0,ALL,FRGAPO,11671
IT,2022,T,Y73,73.0,ALL,FRGAPO,13703
IT,2023,T,Y73,73.0,ALL,FRGAPO,15560
IT,2024,T,Y73,73.0,ALL,FRGAPO,15932
IT,2021,T,Y73,73.0,ALL,ITL,682746
IT,2022,T,Y73,73.0,ALL,ITL,648131
IT,2023,T,Y73,73.0,ALL,ITL,638927
IT,2024,T,Y73,73.0,ALL,ITL,613121
IT,2021,T,Y73,73.0,ALL,TOTAL,694417
IT,2022,T,Y73,73.0,ALL,TOTAL,661834
IT,2023,T,Y73,73.0,ALL,TOTAL,654487
IT,2024,T,Y73,73.0,ALL,TOTAL,629053
IT,2021,T,Y74,74.0,ALL,FRGAPO,9906
IT,2022,T,Y74,74.0,ALL,FRGAPO,11890
IT,2023,T,Y74,74.0,ALL,FRGAPO,13406
IT,2024,T,Y74,74.0,ALL,FRGAPO,15260
IT,2021,T,Y74,74.0,ALL,ITL,660498
IT,2022,T,Y74,74.0,ALL,ITL,669779
IT,2023,T,Y74,74.0,ALL,ITL,636915
IT,2024,T,Y74,74.0,ALL,ITL,627996
IT,2021,T,Y74,74.0,ALL,TOTAL,670404
IT,2022,T,Y74,74.0,ALL,TOTAL,681669
IT,2023,T,Y74,74.0,ALL,TOTAL,650321
IT,2024,T,Y74,74.0,ALL,TOTAL,643256
IT,2021,T,Y75,75.0,ALL,FRGAPO,8223
IT,2022,T,Y75,75.0,ALL,FRGAPO,10096
IT,2023,T,Y75,75.0,ALL,FRGAPO,11652
IT,2024,T,Y75,75.0,ALL,FRGAPO,13140
IT,2021,T,Y75,75.0,ALL,ITL,652016
IT,2022,T,Y75,75.0,ALL,ITL,646403
IT,2023,T,Y75,75.0,ALL,ITL,656725
IT,2024,T,Y75,75.0,ALL,ITL,624817
IT,2021,T,Y75,75.0,ALL,TOTAL,660239
IT,2022,T,Y75,75.0,ALL,TOTAL,656499
IT,2023,T,Y75,75.0,ALL,TOTAL,668377
IT,2024,T,Y75,75.0,ALL,TOTAL,637957
IT,2021,T,Y76,76.0,ALL,FRGAPO,6773
IT,2022,T,Y76,76.0,ALL,FRGAPO,8396
IT,2023,T,Y76,76.0,ALL,FRGAPO,9861
IT,2024,T,Y76,76.0,ALL,FRGAPO,11528
IT,2021,T,Y76,76.0,ALL,ITL,493737
IT,2022,T,Y76,76.0,ALL,ITL,636472
IT,2023,T,Y76,76.0,ALL,ITL,632130
IT,2024,T,Y76,76.0,ALL,ITL,642871
IT,2021,T,Y76,76.0,ALL,TOTAL,500510
IT,2022,T,Y76,76.0,ALL,TOTAL,644868
IT,2023,T,Y76,76.0,ALL,TOTAL,641991
IT,2024,T,Y76,76.0,ALL,TOTAL,654399
IT,2021,T,Y77,77.0,ALL,FRGAPO,6272
IT,2022,T,Y77,77.0,ALL,FRGAPO,6874
IT,2023,T,Y77,77.0,ALL,FRGAPO,8164
IT,2024,T,Y77,77.0,ALL,FRGAPO,9772
IT,2021,T,Y77,77.0,ALL,ITL,499551
IT,2022,T,Y77,77.0,ALL,ITL,480012
IT,2023,T,Y77,77.0,ALL,ITL,620570
IT,2024,T,Y77,77.0,ALL,ITL,616958
IT,2021,T,Y77,77.0,ALL,TOTAL,505823
IT,2022,T,Y77,77.0,ALL,TOTAL,486886
IT,2023,T,Y77,77.0,ALL,TOTAL,628734
IT,2024,T,Y77,77.0,ALL,TOTAL,626730
IT,2021,T,Y78,78.0,ALL,FRGAPO,5687
IT,2022,T,Y78,78.0,ALL,FRGAPO,6383
IT,2023,T,Y78,78.0,ALL,FRGAPO,6656
IT,2024,T,Y78,78.0,ALL,FRGAPO,8088
IT,2021,T,Y78,78.0,ALL,ITL,493413
IT,2022,T,Y78,78.0,ALL,ITL,484244
IT,2023,T,Y78,78.0,ALL,ITL,466448
IT,2024,T,Y78,78.0,ALL,ITL,603800
IT,2021,T,Y78,78.0,ALL,TOTAL,499100
IT,2022,T,Y78,78.0,ALL,TOTAL,490627
IT,2023,T,Y78,78.0,ALL,TOTAL,473104
IT,2024,T,Y78,78.0,ALL,TOTAL,611888
IT,2021,T,Y79,79.0,ALL,FRGAPO,5628
IT,2022,T,Y79,79.0,ALL,FRGAPO,5813
IT,2023,T,Y79,79.0,ALL,FRGAPO,6173
IT,2024,T,Y79,79.0,ALL,FRGAPO,6549
IT,2021,T,Y79,79.0,ALL,ITL,478217
IT,2022,T,Y79,79.0,ALL,ITL,476242
IT,2023,T,Y79,79.0,ALL,ITL,469014
IT,2024,T,Y79,79.0,ALL,ITL,452186
IT,2021,T,Y79,79.0,ALL,TOTAL,483845
IT,2022,T,Y79,79.0,ALL,TOTAL,482055
IT,2023,T,Y79,79.0,ALL,TOTAL,475187
IT,2024,T,Y79,79.0,ALL,TOTAL,458735
IT,2021,T,Y8,8.0,ALL,FRGAPO,62406
IT,2022,T,Y8,8.0,ALL,FRGAPO,62892
IT,2023,T,Y8,8.0,ALL,FRGAPO,61813
IT,2024,T,Y8,8.0,ALL,FRGAPO,61415
IT,2021,T,Y8,8.0,ALL,ITL,450558
IT,2022,T,Y8,8.0,ALL,ITL,444838
IT,2023,T,Y8,8.0,ALL,ITL,434005
IT,2024,T,Y8,8.0,ALL,ITL,424663
IT,2021,T,Y8,8.0,ALL,TOTAL,512964
IT,2022,T,Y8,8.0,ALL,TOTAL,507730
IT,2023,T,Y8,8.0,ALL,TOTAL,495818
IT,2024,T,Y8,8.0,ALL,TOTAL,486078
IT,2021,T,Y80,80.0,ALL,FRGAPO,4328
IT,2022,T,Y80,80.0,ALL,FRGAPO,5769
IT,2023,T,Y80,80.0,ALL,FRGAPO,5596
IT,2024,T,Y80,80.0,ALL,FRGAPO,6034
IT,2021,T,Y80,80.0,ALL,ITL,469685
IT,2022,T,Y80,80.0,ALL,ITL,459582
IT,2023,T,Y80,80.0,ALL,ITL,459075
IT,2024,T,Y80,80.0,ALL,ITL,452616
IT,2021,T,Y80,80.0,ALL,TOTAL,474013
IT,2022,T,Y80,80.0,ALL,TOTAL,465351
IT,2023,T,Y80,80.0,ALL,TOTAL,464671
IT,2024,T,Y80,80.0,ALL,TOTAL,458650
IT,2021,T,Y81,81.0,ALL,FRGAPO,4682
IT,2022,T,Y81,81.0,ALL,FRGAPO,4367
IT,2023,T,Y81,81.0,ALL,FRGAPO,5467
IT,2024,T,Y81,81.0,ALL,FRGAPO,5406
IT,2021,T,Y81,81.0,ALL,ITL,499703
IT,2022,T,Y81,81.0,ALL,ITL,449402
IT,2023,T,Y81,81.0,ALL,ITL,441028
IT,2024,T,Y81,81.0,ALL,ITL,440931
IT,2021,T,Y81,81.0,ALL,TOTAL,504385
IT,2022,T,Y81,81.0,ALL,TOTAL,453769
IT,2023,T,Y81,81.0,ALL,TOTAL,446495
IT,2024,T,Y81,81.0,ALL,TOTAL,446337
IT,2021,T,Y82,82.0,ALL,FRGAPO,3574
IT,2022,T,Y82,82.0,ALL,FRGAPO,4634
IT,2023,T,Y82,82.0,ALL,FRGAPO,4145
IT,2024,T,Y82,82.0,ALL,FRGAPO,5299
IT,2021,T,Y82,82.0,ALL,ITL,473857
IT,2022,T,Y82,82.0,ALL,ITL,474950
IT,2023,T,Y82,82.0,ALL,ITL,428920
IT,2024,T,Y82,82.0,ALL,ITL,421634
IT,2021,T,Y82,82.0,ALL,TOTAL,477431
IT,2022,T,Y82,82.0,ALL,TOTAL,479584
IT,2023,T,Y82,82.0,ALL,TOTAL,433065
IT,2024,T,Y82,82.0,ALL,TOTAL,426933
IT,2021,T,Y83,83.0,ALL,FRGAPO,3261
IT,2022,T,Y83,83.0,ALL,FRGAPO,3499
IT,2023,T,Y83,83.0,ALL,FRGAPO,4360
IT,2024,T,Y83,83.0,ALL,FRGAPO,4098
IT,2021,T,Y83,83.0,ALL,ITL,438459
IT,2022,T,Y83,83.0,ALL,ITL,447479
IT,2023,T,Y83,83.0,ALL,ITL,450144
IT,2024,T,Y83,83.0,ALL,ITL,407517
IT,2021,T,Y83,83.0,ALL,TOTAL,441720
IT,2022,T,Y83,83.0,ALL,TOTAL,450978
IT,2023,T,Y83,83.0,ALL,TOTAL,454504
IT,2024,T,Y83,83.0,ALL,TOTAL,411615
IT,2021,T,Y84,84.0,ALL,FRGAPO,2736
IT,2022,T,Y84,84.0,ALL,FRGAPO,3205
IT,2023,T,Y84,84.0,ALL,FRGAPO,3322
IT,2024,T,Y84,84.0,ALL,FRGAPO,4230
IT,2021,T,Y84,84.0,ALL,ITL,383638
IT,2022,T,Y84,84.0,ALL,ITL,410337
IT,2023,T,Y84,84.0,ALL,ITL,421278
IT,2024,T,Y84,84.0,ALL,ITL,424578
IT,2021,T,Y84,84.0,ALL,TOTAL,386374
IT,2022,T,Y84,84.0,ALL,TOTAL,413542
IT,2023,T,Y84,84.0,ALL,TOTAL,424600
IT,2024,T,Y84,84.0,ALL,TOTAL,428808
IT,2021,T,Y85,85.0,ALL,FRGAPO,2296
IT,2022,T,Y85,85.0,ALL,FRGAPO,2671
IT,2023,T,Y85,85.0,ALL,FRGAPO,3015
IT,2024,T,Y85,85.0,ALL,FRGAPO,3204
IT,2021,T,Y85,85.0,ALL,ITL,336410
IT,2022,T,Y85,85.0,ALL,ITL,355637
IT,2023,T,Y85,85.0,ALL,ITL,382871
IT,2024,T,Y85,85.0,ALL,ITL,394324
IT,2021,T,Y85,85.0,ALL,TOTAL,338706
IT,2022,T,Y85,85.0,ALL,TOTAL,358308
IT,2023,T,Y85,85.0,ALL,TOTAL,385886
IT,2024,T,Y85,85.0,ALL,TOTAL,397528
IT,2021,T,Y86,86.0,ALL,FRGAPO,1878
IT,2022,T,Y86,86.0,ALL,FRGAPO,2204
IT,2023,T,Y86,86.0,ALL,FRGAPO,2485
IT,2024,T,Y86,86.0,ALL,FRGAPO,2867
IT,2021,T,Y86,86.0,ALL,ITL,318365
IT,2022,T,Y86,86.0,ALL,ITL,307814
IT,2023,T,Y86,86.0,ALL,ITL,328216
IT,2024,T,Y86,86.0,ALL,ITL,354447
IT,2021,T,Y86,86.0,ALL,TOTAL,320243
IT,2022,T,Y86,86.0,ALL,TOTAL,310018
IT,2023,T,Y86,86.0,ALL,TOTAL,330701
IT,2024,T,Y86,86.0,ALL,TOTAL,357314
IT,2021,T,Y87,87.0,ALL,FRGAPO,1520
IT,2022,T,Y87,87.0,ALL,FRGAPO,1781
IT,2023,T,Y87,87.0,ALL,FRGAPO,2010
IT,2024,T,Y87,87.0,ALL,FRGAPO,2322
IT,2021,T,Y87,87.0,ALL,ITL,281876
IT,2022,T,Y87,87.0,ALL,ITL,287286
IT,2023,T,Y87,87.0,ALL,ITL,280365
IT,2024,T,Y87,87.0,ALL,ITL,300124
IT,2021,T,Y87,87.0,ALL,TOTAL,283396
IT,2022,T,Y87,87.0,ALL,TOTAL,289067
IT,2023,T,Y87,87.0,ALL,TOTAL,282375
IT,2024,T,Y87,87.0,ALL,TOTAL,302446
IT,2021,T,Y88,88.0,ALL,FRGAPO,1206
IT,2022,T,Y88,88.0,ALL,FRGAPO,1420
IT,2023,T,Y88,88.0,ALL,FRGAPO,1636
IT,2024,T,Y88,88.0,ALL,FRGAPO,1871
IT,2021,T,Y88,88.0,ALL,ITL,245629
IT,2022,T,Y88,88.0,ALL,ITL,250413
IT,2023,T,Y88,88.0,ALL,ITL,257939
IT,2024,T,Y88,88.0,ALL,ITL,253093
IT,2021,T,Y88,88.0,ALL,TOTAL,246835
IT,2022,T,Y88,88.0,ALL,TOTAL,251833
IT,2023,T,Y88,88.0,ALL,TOTAL,259575
IT,2024,T,Y88,88.0,ALL,TOTAL,254964
IT,2021,T,Y89,89.0,ALL,FRGAPO,1062
IT,2022,T,Y89,89.0,ALL,FRGAPO,1124
IT,2023,T,Y89,89.0,ALL,FRGAPO,1275
IT,2024,T,Y89,89.0,ALL,FRGAPO,1491
IT,2021,T,Y89,89.0,ALL,ITL,211010
IT,2022,T,Y89,89.0,ALL,ITL,214126
IT,2023,T,Y89,89.0,ALL,ITL,221760
IT,2024,T,Y89,89.0,ALL,ITL,229189
IT,2021,T,Y89,89.0,ALL,TOTAL,212072
IT,2022,T,Y89,89.0,ALL,TOTAL,215250
IT,2023,T,Y89,89.0,ALL,TOTAL,223035
IT,2024,T,Y89,89.0,ALL,TOTAL,230680
IT,2021,T,Y9,9.0,ALL,FRGAPO,62569
IT,2022,T,Y9,9.0,ALL,FRGAPO,60724
IT,2023,T,Y9,9.0,ALL,FRGAPO,61800
IT,2024,T,Y9,9.0,ALL,FRGAPO,60394
IT,2021,T,Y9,9.0,ALL,ITL,472690
IT,2022,T,Y9,9.0,ALL,ITL,454385
IT,2023,T,Y9,9.0,ALL,ITL,448587
IT,2024,T,Y9,9.0,ALL,ITL,437874
IT,2021,T,Y9,9.0,ALL,TOTAL,535259
IT,2022,T,Y9,9.0,ALL,TOTAL,515109
IT,2023,T,Y9,9.0,ALL,TOTAL,510387
IT,2024,T,Y9,9.0,ALL,TOTAL,498268
IT,2021,T,Y90,90.0,ALL,FRGAPO,662
IT,2022,T,Y90,90.0,ALL,FRGAPO,993
IT,2023,T,Y90,90.0,ALL,FRGAPO,1012
IT,2024,T,Y90,90.0,ALL,FRGAPO,1152
IT,2021,T,Y90,90.0,ALL,ITL,183085
IT,2022,T,Y90,90.0,ALL,ITL,180536
IT,2023,T,Y90,90.0,ALL,ITL,185650
IT,2024,T,Y90,90.0,ALL,ITL,193598
IT,2021,T,Y90,90.0,ALL,TOTAL,183747
IT,2022,T,Y90,90.0,ALL,TOTAL,181529
IT,2023,T,Y90,90.0,ALL,TOTAL,186662
IT,2024,T,Y90,90.0,ALL,TOTAL,194750
IT,2021,T,Y91,91.0,ALL,FRGAPO,743
IT,2022,T,Y91,91.0,ALL,FRGAPO,604
IT,2023,T,Y91,91.0,ALL,FRGAPO,841
IT,2024,T,Y91,91.0,ALL,FRGAPO,914
IT,2021,T,Y91,91.0,ALL,ITL,160754
IT,2022,T,Y91,91.0,ALL,ITL,153170
IT,2023,T,Y91,91.0,ALL,ITL,153756
IT,2024,T,Y91,91.0,ALL,ITL,158964
IT,2021,T,Y91,91.0,ALL,TOTAL,161497
IT,2022,T,Y91,91.0,ALL,TOTAL,153774
IT,2023,T,Y91,91.0,ALL,TOTAL,154597
IT,2024,T,Y91,91.0,ALL,TOTAL,159878
IT,2021,T,Y92,92.0,ALL,FRGAPO,460
IT,2022,T,Y92,92.0,ALL,FRGAPO,680
IT,2023,T,Y92,92.0,ALL,FRGAPO,520
IT,2024,T,Y92,92.0,ALL,FRGAPO,764
IT,2021,T,Y92,92.0,ALL,ITL,122190
IT,2022,T,Y92,92.0,ALL,ITL,131484
IT,2023,T,Y92,92.0,ALL,ITL,127515
IT,2024,T,Y92,92.0,ALL,ITL,128995
IT,2021,T,Y92,92.0,ALL,TOTAL,122650
IT,2022,T,Y92,92.0,ALL,TOTAL,132164
IT,2023,T,Y92,92.0,ALL,TOTAL,128035
IT,2024,T,Y92,92.0,ALL,TOTAL,129759
IT,2021,T,Y93,93.0,ALL,FRGAPO,346
IT,2022,T,Y93,93.0,ALL,FRGAPO,410
IT,2023,T,Y93,93.0,ALL,FRGAPO,536
IT,2024,T,Y93,93.0,ALL,FRGAPO,453
IT,2021,T,Y93,93.0,ALL,ITL,96594
IT,2022,T,Y93,93.0,ALL,ITL,97311
IT,2023,T,Y93,93.0,ALL,ITL,106934
IT,2024,T,Y93,93.0,ALL,ITL,104508
IT,2021,T,Y93,93.0,ALL,TOTAL,96940
IT,2022,T,Y93,93.0,ALL,TOTAL,97721
IT,2023,T,Y93,93.0,ALL,TOTAL,107470
IT,2024,T,Y93,93.0,ALL,TOTAL,104961
IT,2021,T,Y94,94.0,ALL,FRGAPO,316
IT,2022,T,Y94,94.0,ALL,FRGAPO,297
IT,2023,T,Y94,94.0,ALL,FRGAPO,349
IT,2024,T,Y94,94.0,ALL,FRGAPO,455
IT,2021,T,Y94,94.0,ALL,ITL,75189
IT,2022,T,Y94,94.0,ALL,ITL,74297
IT,2023,T,Y94,94.0,ALL,ITL,76987
IT,2024,T,Y94,94.0,ALL,ITL,85415
IT,2021,T,Y94,94.0,ALL,TOTAL,75505
IT,2022,T,Y94,94.0,ALL,TOTAL,74594
IT,2023,T,Y94,94.0,ALL,TOTAL,77336
IT,2024,T,Y94,94.0,ALL,TOTAL,85870
IT,2021,T,Y95,95.0,ALL,FRGAPO,225
IT,2022,T,Y95,95.0,ALL,FRGAPO,267
IT,2023,T,Y95,95.0,ALL,FRGAPO,235
IT,2024,T,Y95,95.0,ALL,FRGAPO,302
IT,2021,T,Y95,95.0,ALL,ITL,55830
IT,2022,T,Y95,95.0,ALL,ITL,56185
IT,2023,T,Y95,95.0,ALL,ITL,57208
IT,2024,T,Y95,95.0,ALL,ITL,59791
IT,2021,T,Y95,95.0,ALL,TOTAL,56055
IT,2022,T,Y95,95.0,ALL,TOTAL,56452
IT,2023,T,Y95,95.0,ALL,TOTAL,57443
IT,2024,T,Y95,95.0,ALL,TOTAL,60093
IT,2021,T,Y96,96.0,ALL,FRGAPO,160
IT,2022,T,Y96,96.0,ALL,FRGAPO,192
IT,2023,T,Y96,96.0,ALL,FRGAPO,201
IT,2024,T,Y96,96.0,ALL,FRGAPO,192
IT,2021,T,Y96,96.0,ALL,ITL,40642
IT,2022,T,Y96,96.0,ALL,ITL,40440
IT,2023,T,Y96,96.0,ALL,ITL,41836
IT,2024,T,Y96,96.0,ALL,ITL,43125
IT,2021,T,Y96,96.0,ALL,TOTAL,40802
IT,2022,T,Y96,96.0,ALL,TOTAL,40632
IT,2023,T,Y96,96.0,ALL,TOTAL,42037
IT,2024,T,Y96,96.0,ALL,TOTAL,43317
IT,2021,T,Y97,97.0,ALL,FRGAPO,121
IT,2022,T,Y97,97.0,ALL,FRGAPO,132
IT,2023,T,Y97,97.0,ALL,FRGAPO,156
IT,2024,T,Y97,97.0,ALL,FRGAPO,166
IT,2021,T,Y97,97.0,ALL,ITL,29050
IT,2022,T,Y97,97.0,ALL,ITL,28288
IT,2023,T,Y97,97.0,ALL,ITL,29215
IT,2024,T,Y97,97.0,ALL,ITL,30623
IT,2021,T,Y97,97.0,ALL,TOTAL,29171
IT,2022,T,Y97,97.0,ALL,TOTAL,28420
IT,2023,T,Y97,97.0,ALL,TOTAL,29371
IT,2024,T,Y97,97.0,ALL,TOTAL,30789
IT,2021,T,Y98,98.0,ALL,FRGAPO,154
IT,2022,T,Y98,98.0,ALL,FRGAPO,100
IT,2023,T,Y98,98.0,ALL,FRGAPO,188
IT,2024,T,Y98,98.0,ALL,FRGAPO,194
IT,2021,T,Y98,98.0,ALL,ITL,20374
IT,2022,T,Y98,98.0,ALL,ITL,19736
IT,2023,T,Y98,98.0,ALL,ITL,20026
IT,2024,T,Y98,98.0,ALL,ITL,21016
IT,2021,T,Y98,98.0,ALL,TOTAL,20528
IT,2022,T,Y98,98.0,ALL,TOTAL,19836
IT,2023,T,Y98,98.0,ALL,TOTAL,20214
IT,2024,T,Y98,98.0,ALL,TOTAL,21210
IT,2021,T,Y99,99.0,ALL,FRGAPO,96
IT,2022,T,Y99,99.0,ALL,FRGAPO,126
IT,2023,T,Y99,99.0,ALL,FRGAPO,113
IT,2024,T,Y99,99.0,ALL,FRGAPO,163
IT,2021,T,Y99,99.0,ALL,ITL,13646
IT,2022,T,Y99,99.0,ALL,ITL,13277
IT,2023,T,Y99,99.0,ALL,ITL,13726
IT,2024,T,Y99,99.0,ALL,ITL,13831
IT,2021,T,Y99,99.0,ALL,TOTAL,13742
IT,2022,T,Y99,99.0,ALL,TOTAL,13403
IT,2023,T,Y99,99.0,ALL,TOTAL,13839
IT,2024,T,Y99,99.0,ALL,TOTAL,13994
ITG1,2018,F,TOTAL,,ALL,FRGAPO,88544
ITG1,2019,F,TOTAL,,ALL,FRGAPO,90334
ITG1,2020,F,TOTAL,,ALL,FRGAPO,87984
ITG1,2021,F,TOTAL,,ALL,FRGAPO,86457
ITG1,2022,F,TOTAL,,ALL,FRGAPO,89757
ITG1,2023,F,TOTAL,,ALL,FRGAPO,91227
ITG1,2024,F,TOTAL,,ALL,FRGAPO,94174
ITG1,2018,F,TOTAL,,ALL,ITL,2432351
ITG1,2019,F,TOTAL,,ALL,ITL,2414014
ITG1,2020,F,TOTAL,,ALL,ITL,2398962
ITG1,2021,F,TOTAL,,ALL,ITL,2393099
ITG1,2022,F,TOTAL,,ALL,ITL,2378862
ITG1,2023,F,TOTAL,,ALL,ITL,2366666
ITG1,2024,F,TOTAL,,ALL,ITL,2356852
ITG1,2018,F,TOTAL,,ALL,TOTAL,2520895
ITG1,2019,F,TOTAL,,ALL,TOTAL,2504348
ITG1,2020,F,TOTAL,,ALL,TOTAL,2486946
ITG1,2021,F,TOTAL,,ALL,TOTAL,2479556
ITG1,2022,F,TOTAL,,ALL,TOTAL,2468619
ITG1,2023,F,TOTAL,,ALL,TOTAL,2457893
ITG1,2024,F,TOTAL,,ALL,TOTAL,2451026
ITG1,2018,F,Y_GE100,,ALL,FRGAPO,4
ITG1,2019,F,Y_GE100,,ALL,FRGAPO,4
ITG1,2020,F,Y_GE100,,ALL,FRGAPO,10
ITG1,2021,F,Y_GE100,,ALL,FRGAPO,9
ITG1,2022,F,Y_GE100,,ALL,FRGAPO,10
ITG1,2023,F,Y_GE100,,ALL,FRGAPO,10
ITG1,2024,F,Y_GE100,,ALL,FRGAPO,11
ITG1,2018,F,Y_GE100,,ALL,ITL,786
ITG1,2019,F,Y_GE100,,ALL,ITL,822
ITG1,2020,F,Y_GE100,,ALL,ITL,925
ITG1,2021,F,Y_GE100,,ALL,ITL,996
ITG1,2022,F,Y_GE100,,ALL,ITL,1036
ITG1,2023,F,Y_GE100,,ALL,ITL,1050
ITG1,2024,F,Y_GE100,,ALL,ITL,1156
ITG1,2018,F,Y_GE100,,ALL,TOTAL,790
ITG1,2019,F,Y_GE100,,ALL,TOTAL,826
ITG1,2020,F,Y_GE100,,ALL,TOTAL,935
ITG1,2021,F,Y_GE100,,ALL,TOTAL,1005
ITG1,2022,F,Y_GE100,,ALL,TOTAL,1046
ITG1,2023,F,Y_GE100,,ALL,TOTAL,1060
ITG1,2024,F,Y_GE100,,ALL,TOTAL,1167
ITG1,2021,F,Y0,0.0,ALL,FRGAPO,1001
ITG1,2022,F,Y0,0.0,ALL,FRGAPO,929
ITG1,2023,F,Y0,0.0,ALL,FRGAPO,901
ITG1,2024,F,Y0,0.0,ALL,FRGAPO,867
ITG1,2021,F,Y0,0.0,ALL,ITL,17108
ITG1,2022,F,Y0,0.0,ALL,ITL,16695
ITG1,2023,F,Y0,0.0,ALL,ITL,16389
ITG1,2024,F,Y0,0.0,ALL,ITL,15408
ITG1,2021,F,Y0,0.0,ALL,TOTAL,18109
ITG1,2022,F,Y0,0.0,ALL,TOTAL,17624
ITG1,2023,F,Y0,0.0,ALL,TOTAL,17290
ITG1,2024,F,Y0,0.0,ALL,TOTAL,16275
ITG1,2021,F,Y1,1.0,ALL,FRGAPO,986
ITG1,2022,F,Y1,1.0,ALL,FRGAPO,979
ITG1,2023,F,Y1,1.0,ALL,FRGAPO,918
ITG1,2024,F,Y1,1.0,ALL,FRGAPO,922
ITG1,2021,F,Y1,1.0,ALL,ITL,17283
ITG1,2022,F,Y1,1.0,ALL,ITL,17207
ITG1,2023,F,Y1,1.0,ALL,ITL,16830
ITG1,2024,F,Y1,1.0,ALL,ITL,16464
ITG1,2021,F,Y1,1.0,ALL,TOTAL,18269
ITG1,2022,F,Y1,1.0,ALL,TOTAL,18186
ITG1,2023,F,Y1,1.0,ALL,TOTAL,17748
ITG1,2024,F,Y1,1.0,ALL,TOTAL,17386
ITG1,2021,F,Y10,10.0,ALL,FRGAPO,940
ITG1,2022,F,Y10,10.0,ALL,FRGAPO,1039
ITG1,2023,F,Y10,10.0,ALL,FRGAPO,992
ITG1,2024,F,Y10,10.0,ALL,FRGAPO,1036
ITG1,2021,F,Y10,10.0,ALL,ITL,21445
ITG1,2022,F,Y10,10.0,ALL,ITL,21185
ITG1,2023,F,Y10,10.0,ALL,ITL,20108
ITG1,2024,F,Y10,10.0,ALL,ITL,20428
ITG1,2021,F,Y10,10.0,ALL,TOTAL,22385
ITG1,2022,F,Y10,10.0,ALL,TOTAL,22224
ITG1,2023,F,Y10,10.0,ALL,TOTAL,21100
ITG1,2024,F,Y10,10.0,ALL,TOTAL,21464
ITG1,2021,F,Y11,11.0,ALL,FRGAPO,974
ITG1,2022,F,Y11,11.0,ALL,FRGAPO,931
ITG1,2023,F,Y11,11.0,ALL,FRGAPO,1042
ITG1,2024,F,Y11,11.0,ALL,FRGAPO,1006
ITG1,2021,F,Y11,11.0,ALL,ITL,22064
ITG1,2022,F,Y11,11.0,ALL,ITL,21449
ITG1,2023,F,Y11,11.0,ALL,ITL,21205
ITG1,2024,F,Y11,11.0,ALL,ITL,20164
ITG1,2021,F,Y11,11.0,ALL,TOTAL,23038
ITG1,2022,F,Y11,11.0,ALL,TOTAL,22380
ITG1,2023,F,Y11,11.0,ALL,TOTAL,22247
ITG1,2024,F,Y11,11.0,ALL,TOTAL,21170
ITG1,2021,F,Y12,12.0,ALL,FRGAPO,938
ITG1,2022,F,Y12,12.0,ALL,FRGAPO,964
ITG1,2023,F,Y12,12.0,ALL,FRGAPO,920
ITG1,2024,F,Y12,12.0,ALL,FRGAPO,1061
ITG1,2021,F,Y12,12.0,ALL,ITL,22405
ITG1,2022,F,Y12,12.0,ALL,ITL,22079
ITG1,2023,F,Y12,12.0,ALL,ITL,21459
ITG1,2024,F,Y12,12.0,ALL,ITL,21226
ITG1,2021,F,Y12,12.0,ALL,TOTAL,23343
ITG1,2022,F,Y12,12.0,ALL,TOTAL,23043
ITG1,2023,F,Y12,12.0,ALL,TOTAL,22379
ITG1,2024,F,Y12,12.0,ALL,TOTAL,22287
ITG1,2021,F,Y13,13.0,ALL,FRGAPO,973
ITG1,2022,F,Y13,13.0,ALL,FRGAPO,934
ITG1,2023,F,Y13,13.0,ALL,FRGAPO,957
ITG1,2024,F,Y13,13.0,ALL,FRGAPO,972
ITG1,2021,F,Y13,13.0,ALL,ITL,22840
ITG1,2022,F,Y13,13.0,ALL,ITL,22422
ITG1,2023,F,Y13,13.0,ALL,ITL,22099
ITG1,2024,F,Y13,13.0,ALL,ITL,21472
ITG1,2021,F,Y13,13.0,ALL,TOTAL,23813
ITG1,2022,F,Y13,13.0,ALL,TOTAL,23356
ITG1,2023,F,Y13,13.0,ALL,TOTAL,23056
ITG1,2024,F,Y13,13.0,ALL,TOTAL,22444
ITG1,2021,F,Y14,14.0,ALL,FRGAPO,868
ITG1,2022,F,Y14,14.0,ALL,FRGAPO,967
ITG1,2023,F,Y14,14.0,ALL,FRGAPO,938
ITG1,2024,F,Y14,14.0,ALL,FRGAPO,972
ITG1,2021,F,Y14,14.0,ALL,ITL,22877
ITG1,2022,F,Y14,14.0,ALL,ITL,22873
ITG1,2023,F,Y14,14.0,ALL,ITL,22464
ITG1,2024,F,Y14,14.0,ALL,ITL,22086
ITG1,2021,F,Y14,14.0,ALL,TOTAL,23745
ITG1,2022,F,Y14,14.0,ALL,TOTAL,23840
ITG1,2023,F,Y14,14.0,ALL,TOTAL,23402
ITG1,2024,F,Y14,14.0,ALL,TOTAL,23058
ITG1,2021,F,Y15,15.0,ALL,FRGAPO,875
ITG1,2022,F,Y15,15.0,ALL,FRGAPO,883
ITG1,2023,F,Y15,15.0,ALL,FRGAPO,989
ITG1,2024,F,Y15,15.0,ALL,FRGAPO,957
ITG1,2021,F,Y15,15.0,ALL,ITL,22923
ITG1,2022,F,Y15,15.0,ALL,ITL,22900
ITG1,2023,F,Y15,15.0,ALL,ITL,22893
ITG1,2024,F,Y15,15.0,ALL,ITL,22477
ITG1,2021,F,Y15,15.0,ALL,TOTAL,23798
ITG1,2022,F,Y15,15.0,ALL,TOTAL,23783
ITG1,2023,F,Y15,15.0,ALL,TOTAL,23882
ITG1,2024,F,Y15,15.0,ALL,TOTAL,23434
ITG1,2021,F,Y16,16.0,ALL,FRGAPO,864
ITG1,2022,F,Y16,16.0,ALL,FRGAPO,894
ITG1,2023,F,Y16,16.0,ALL,FRGAPO,894
ITG1,2024,F,Y16,16.0,ALL,FRGAPO,1014
ITG1,2021,F,Y16,16.0,ALL,ITL,23666
ITG1,2022,F,Y16,16.0,ALL,ITL,22934
ITG1,2023,F,Y16,16.0,ALL,ITL,22907
ITG1,2024,F,Y16,16.0,ALL,ITL,22912
ITG1,2021,F,Y16,16.0,ALL,TOTAL,24530
ITG1,2022,F,Y16,16.0,ALL,TOTAL,23828
ITG1,2023,F,Y16,16.0,ALL,TOTAL,23801
ITG1,2024,F,Y16,16.0,ALL,TOTAL,23926
ITG1,2021,F,Y17,17.0,ALL,FRGAPO,843
ITG1,2022,F,Y17,17.0,ALL,FRGAPO,847
ITG1,2023,F,Y17,17.0,ALL,FRGAPO,898
ITG1,2024,F,Y17,17.0,ALL,FRGAPO,929
ITG1,2021,F,Y17,17.0,ALL,ITL,24140
ITG1,2022,F,Y17,17.0,ALL,ITL,23714
ITG1,2023,F,Y17,17.0,ALL,ITL,22958
ITG1,2024,F,Y17,17.0,ALL,ITL,22922
ITG1,2021,F,Y17,17.0,ALL,TOTAL,24983
ITG1,2022,F,Y17,17.0,ALL,TOTAL,24561
ITG1,2023,F,Y17,17.0,ALL,TOTAL,23856
ITG1,2024,F,Y17,17.0,ALL,TOTAL,23851
ITG1,2021,F,Y18,18.0,ALL,FRGAPO,724
ITG1,2022,F,Y18,18.0,ALL,FRGAPO,808
ITG1,2023,F,Y18,18.0,ALL,FRGAPO,773
ITG1,2024,F,Y18,18.0,ALL,FRGAPO,799
ITG1,2021,F,Y18,18.0,ALL,ITL,23616
ITG1,2022,F,Y18,18.0,ALL,ITL,24237
ITG1,2023,F,Y18,18.0,ALL,ITL,23837
ITG1,2024,F,Y18,18.0,ALL,ITL,23111
ITG1,2021,F,Y18,18.0,ALL,TOTAL,24340
ITG1,2022,F,Y18,18.0,ALL,TOTAL,25045
ITG1,2023,F,Y18,18.0,ALL,TOTAL,24610
ITG1,2024,F,Y18,18.0,ALL,TOTAL,23910
ITG1,2021,F,Y19,19.0,ALL,FRGAPO,720
ITG1,2022,F,Y19,19.0,ALL,FRGAPO,740
ITG1,2023,F,Y19,19.0,ALL,FRGAPO,815
ITG1,2024,F,Y19,19.0,ALL,FRGAPO,803
ITG1,2021,F,Y19,19.0,ALL,ITL,23713
ITG1,2022,F,Y19,19.0,ALL,ITL,23765
ITG1,2023,F,Y19,19.0,ALL,ITL,24227
ITG1,2024,F,Y19,19.0,ALL,ITL,23836
ITG1,2021,F,Y19,19.0,ALL,TOTAL,24433
ITG1,2022,F,Y19,19.0,ALL,TOTAL,24505
ITG1,2023,F,Y19,19.0,ALL,TOTAL,25042
ITG1,2024,F,Y19,19.0,ALL,TOTAL,24639
ITG1,2021,F,Y2,2.0,ALL,FRGAPO,1067
ITG1,2022,F,Y2,2.0,ALL,FRGAPO,1027
ITG1,2023,F,Y2,2.0,ALL,FRGAPO,991
ITG1,2024,F,Y2,2.0,ALL,FRGAPO,966
ITG1,2021,F,Y2,2.0,ALL,ITL,17671
ITG1,2022,F,Y2,2.0,ALL,ITL,17365
ITG1,2023,F,Y2,2.0,ALL,ITL,17317
ITG1,2024,F,Y2,2.0,ALL,ITL,16908
ITG1,2021,F,Y2,2.0,ALL,TOTAL,18738
ITG1,2022,F,Y2,2.0,ALL,TOTAL,18392
ITG1,2023,F,Y2,2.0,ALL,TOTAL,18308
ITG1,2024,F,Y2,2.0,ALL,TOTAL,17874
ITG1,2021,F,Y20,20.0,ALL,FRGAPO,804
ITG1,2022,F,Y20,20.0,ALL,FRGAPO,793
ITG1,2023,F,Y20,20.0,ALL,FRGAPO,815
ITG1,2024,F,Y20,20.0,ALL,FRGAPO,888
ITG1,2021,F,Y20,20.0,ALL,ITL,23813
ITG1,2022,F,Y20,20.0,ALL,ITL,23765
ITG1,2023,F,Y20,20.0,ALL,ITL,23759
ITG1,2024,F,Y20,20.0,ALL,ITL,24146
ITG1,2021,F,Y20,20.0,ALL,TOTAL,24617
ITG1,2022,F,Y20,20.0,ALL,TOTAL,24558
ITG1,2023,F,Y20,20.0,ALL,TOTAL,24574
ITG1,2024,F,Y20,20.0,ALL,TOTAL,25034
ITG1,2021,F,Y21,21.0,ALL,FRGAPO,880
ITG1,2022,F,Y21,21.0,ALL,FRGAPO,882
ITG1,2023,F,Y21,21.0,ALL,FRGAPO,862
ITG1,2024,F,Y21,21.0,ALL,FRGAPO,897
ITG1,2021,F,Y21,21.0,ALL,ITL,23705
ITG1,2022,F,Y21,21.0,ALL,ITL,23822
ITG1,2023,F,Y21,21.0,ALL,ITL,23717
ITG1,2024,F,Y21,21.0,ALL,ITL,23799
ITG1,2021,F,Y21,21.0,ALL,TOTAL,24585
ITG1,2022,F,Y21,21.0,ALL,TOTAL,24704
ITG1,2023,F,Y21,21.0,ALL,TOTAL,24579
ITG1,2024,F,Y21,21.0,ALL,TOTAL,24696
ITG1,2021,F,Y22,22.0,ALL,FRGAPO,906
ITG1,2022,F,Y22,22.0,ALL,FRGAPO,966
ITG1,2023,F,Y22,22.0,ALL,FRGAPO,972
ITG1,2024,F,Y22,22.0,ALL,FRGAPO,950
ITG1,2021,F,Y22,22.0,ALL,ITL,24169
ITG1,2022,F,Y22,22.0,ALL,ITL,23834
ITG1,2023,F,Y22,22.0,ALL,ITL,23680
ITG1,2024,F,Y22,22.0,ALL,ITL,23649
ITG1,2021,F,Y22,22.0,ALL,TOTAL,25075
ITG1,2022,F,Y22,22.0,ALL,TOTAL,24800
ITG1,2023,F,Y22,22.0,ALL,TOTAL,24652
ITG1,2024,F,Y22,22.0,ALL,TOTAL,24599
ITG1,2021,F,Y23,23.0,ALL,FRGAPO,885
ITG1,2022,F,Y23,23.0,ALL,FRGAPO,972
ITG1,2023,F,Y23,23.0,ALL,FRGAPO,1022
ITG1,2024,F,Y23,23.0,ALL,FRGAPO,1037
ITG1,2021,F,Y23,23.0,ALL,ITL,23866
ITG1,2022,F,Y23,23.0,ALL,ITL,24123
ITG1,2023,F,Y23,23.0,ALL,ITL,23626
ITG1,2024,F,Y23,23.0,ALL,ITL,23536
ITG1,2021,F,Y23,23.0,ALL,TOTAL,24751
ITG1,2022,F,Y23,23.0,ALL,TOTAL,25095
ITG1,2023,F,Y23,23.0,ALL,TOTAL,24648
ITG1,2024,F,Y23,23.0,ALL,TOTAL,24573
ITG1,2021,F,Y24,24.0,ALL,FRGAPO,957
ITG1,2022,F,Y24,24.0,ALL,FRGAPO,986
ITG1,2023,F,Y24,24.0,ALL,FRGAPO,1038
ITG1,2024,F,Y24,24.0,ALL,FRGAPO,1158
ITG1,2021,F,Y24,24.0,ALL,ITL,23798
ITG1,2022,F,Y24,24.0,ALL,ITL,23782
ITG1,2023,F,Y24,24.0,ALL,ITL,23995
ITG1,2024,F,Y24,24.0,ALL,ITL,23472
ITG1,2021,F,Y24,24.0,ALL,TOTAL,24755
ITG1,2022,F,Y24,24.0,ALL,TOTAL,24768
ITG1,2023,F,Y24,24.0,ALL,TOTAL,25033
ITG1,2024,F,Y24,24.0,ALL,TOTAL,24630
ITG1,2021,F,Y25,25.0,ALL,FRGAPO,999
ITG1,2022,F,Y25,25.0,ALL,FRGAPO,1068
ITG1,2023,F,Y25,25.0,ALL,FRGAPO,1066
ITG1,2024,F,Y25,25.0,ALL,FRGAPO,1155
ITG1,2021,F,Y25,25.0,ALL,ITL,24191
ITG1,2022,F,Y25,25.0,ALL,ITL,23557
ITG1,2023,F,Y25,25.0,ALL,ITL,23473
ITG1,2024,F,Y25,25.0,ALL,ITL,23799
ITG1,2021,F,Y25,25.0,ALL,TOTAL,25190
ITG1,2022,F,Y25,25.0,ALL,TOTAL,24625
ITG1,2023,F,Y25,25.0,ALL,TOTAL,24539
ITG1,2024,F,Y25,25.0,ALL,TOTAL,24954
ITG1,2021,F,Y26,26.0,ALL,FRGAPO,1120
ITG1,2022,F,Y26,26.0,ALL,FRGAPO,1100
ITG1,2023,F,Y26,26.0,ALL,FRGAPO,1158
ITG1,2024,F,Y26,26.0,ALL,FRGAPO,1207
ITG1,2021,F,Y26,26.0,ALL,ITL,24186
ITG1,2022,F,Y26,26.0,ALL,ITL,23865
ITG1,2023,F,Y26,26.0,ALL,ITL,23203
ITG1,2024,F,Y26,26.0,ALL,ITL,23144
ITG1,2021,F,Y26,26.0,ALL,TOTAL,25306
ITG1,2022,F,Y26,26.0,ALL,TOTAL,24965
ITG1,2023,F,Y26,26.0,ALL,TOTAL,24361
ITG1,2024,F,Y26,26.0,ALL,TOTAL,24351
ITG1,2021,F,Y27,27.0,ALL,FRGAPO,1142
ITG1,2022,F,Y27,27.0,ALL,FRGAPO,1224
ITG1,2023,F,Y27,27.0,ALL,FRGAPO,1228
ITG1,2024,F,Y27,27.0,ALL,FRGAPO,1295
ITG1,2021,F,Y27,27.0,ALL,ITL,24588
ITG1,2022,F,Y27,27.0,ALL,ITL,23792
ITG1,2023,F,Y27,27.0,ALL,ITL,23491
ITG1,2024,F,Y27,27.0,ALL,ITL,22970
ITG1,2021,F,Y27,27.0,ALL,TOTAL,25730
ITG1,2022,F,Y27,27.0,ALL,TOTAL,25016
ITG1,2023,F,Y27,27.0,ALL,TOTAL,24719
ITG1,2024,F,Y27,27.0,ALL,TOTAL,24265
ITG1,2021,F,Y28,28.0,ALL,FRGAPO,1196
ITG1,2022,F,Y28,28.0,ALL,FRGAPO,1251
ITG1,2023,F,Y28,28.0,ALL,FRGAPO,1337
ITG1,2024,F,Y28,28.0,ALL,FRGAPO,1337
ITG1,2021,F,Y28,28.0,ALL,ITL,25476
ITG1,2022,F,Y28,28.0,ALL,ITL,24214
ITG1,2023,F,Y28,28.0,ALL,ITL,23447
ITG1,2024,F,Y28,28.0,ALL,ITL,23143
ITG1,2021,F,Y28,28.0,ALL,TOTAL,26672
ITG1,2022,F,Y28,28.0,ALL,TOTAL,25465
ITG1,2023,F,Y28,28.0,ALL,TOTAL,24784
ITG1,2024,F,Y28,28.0,ALL,TOTAL,24480
ITG1,2021,F,Y29,29.0,ALL,FRGAPO,1335
ITG1,2022,F,Y29,29.0,ALL,FRGAPO,1315
ITG1,2023,F,Y29,29.0,ALL,FRGAPO,1314
ITG1,2024,F,Y29,29.0,ALL,FRGAPO,1432
ITG1,2021,F,Y29,29.0,ALL,ITL,26400
ITG1,2022,F,Y29,29.0,ALL,ITL,25125
ITG1,2023,F,Y29,29.0,ALL,ITL,23878
ITG1,2024,F,Y29,29.0,ALL,ITL,23190
ITG1,2021,F,Y29,29.0,ALL,TOTAL,27735
ITG1,2022,F,Y29,29.0,ALL,TOTAL,26440
ITG1,2023,F,Y29,29.0,ALL,TOTAL,25192
ITG1,2024,F,Y29,29.0,ALL,TOTAL,24622
ITG1,2021,F,Y3,3.0,ALL,FRGAPO,1104
ITG1,2022,F,Y3,3.0,ALL,FRGAPO,1079
ITG1,2023,F,Y3,3.0,ALL,FRGAPO,1031
ITG1,2024,F,Y3,3.0,ALL,FRGAPO,994
ITG1,2021,F,Y3,3.0,ALL,ITL,18570
ITG1,2022,F,Y3,3.0,ALL,ITL,17748
ITG1,2023,F,Y3,3.0,ALL,ITL,17450
ITG1,2024,F,Y3,3.0,ALL,ITL,17399
ITG1,2021,F,Y3,3.0,ALL,TOTAL,19674
ITG1,2022,F,Y3,3.0,ALL,TOTAL,18827
ITG1,2023,F,Y3,3.0,ALL,TOTAL,18481
ITG1,2024,F,Y3,3.0,ALL,TOTAL,18393
ITG1,2021,F,Y30,30.0,ALL,FRGAPO,1403
ITG1,2022,F,Y30,30.0,ALL,FRGAPO,1431
ITG1,2023,F,Y30,30.0,ALL,FRGAPO,1353
ITG1,2024,F,Y30,30.0,ALL,FRGAPO,1413
ITG1,2021,F,Y30,30.0,ALL,ITL,26021
ITG1,2022,F,Y30,30.0,ALL,ITL,26097
ITG1,2023,F,Y30,30.0,ALL,ITL,24847
ITG1,2024,F,Y30,30.0,ALL,ITL,23630
ITG1,2021,F,Y30,30.0,ALL,TOTAL,27424
ITG1,2022,F,Y30,30.0,ALL,TOTAL,27528
ITG1,2023,F,Y30,30.0,ALL,TOTAL,26200
ITG1,2024,F,Y30,30.0,ALL,TOTAL,25043
ITG1,2021,F,Y31,31.0,ALL,FRGAPO,1531
ITG1,2022,F,Y31,31.0,ALL,FRGAPO,1473
ITG1,2023,F,Y31,31.0,ALL,FRGAPO,1481
ITG1,2024,F,Y31,31.0,ALL,FRGAPO,1437
ITG1,2021,F,Y31,31.0,ALL,ITL,26345
ITG1,2022,F,Y31,31.0,ALL,ITL,25706
ITG1,2023,F,Y31,31.0,ALL,ITL,25770
ITG1,2024,F,Y31,31.0,ALL,ITL,24640
ITG1,2021,F,Y31,31.0,ALL,TOTAL,27876
ITG1,2022,F,Y31,31.0,ALL,TOTAL,27179
ITG1,2023,F,Y31,31.0,ALL,TOTAL,27251
ITG1,2024,F,Y31,31.0,ALL,TOTAL,26077
ITG1,2021,F,Y32,32.0,ALL,FRGAPO,1810
ITG1,2022,F,Y32,32.0,ALL,FRGAPO,1624
ITG1,2023,F,Y32,32.0,ALL,FRGAPO,1530
ITG1,2024,F,Y32,32.0,ALL,FRGAPO,1556
ITG1,2021,F,Y32,32.0,ALL,ITL,26286
ITG1,2022,F,Y32,32.0,ALL,ITL,26112
ITG1,2023,F,Y32,32.0,ALL,ITL,25517
ITG1,2024,F,Y32,32.0,ALL,ITL,25694
ITG1,2021,F,Y32,32.0,ALL,TOTAL,28096
ITG1,2022,F,Y32,32.0,ALL,TOTAL,27736
ITG1,2023,F,Y32,32.0,ALL,TOTAL,27047
ITG1,2024,F,Y32,32.0,ALL,TOTAL,27250
ITG1,2021,F,Y33,33.0,ALL,FRGAPO,1810
ITG1,2022,F,Y33,33.0,ALL,FRGAPO,1879
ITG1,2023,F,Y33,33.0,ALL,FRGAPO,1668
ITG1,2024,F,Y33,33.0,ALL,FRGAPO,1641
ITG1,2021,F,Y33,33.0,ALL,ITL,26291
ITG1,2022,F,Y33,33.0,ALL,ITL,26099
ITG1,2023,F,Y33,33.0,ALL,ITL,25927
ITG1,2024,F,Y33,33.0,ALL,ITL,25465
ITG1,2021,F,Y33,33.0,ALL,TOTAL,28101
ITG1,2022,F,Y33,33.0,ALL,TOTAL,27978
ITG1,2023,F,Y33,33.0,ALL,TOTAL,27595
ITG1,2024,F,Y33,33.0,ALL,TOTAL,27106
ITG1,2021,F,Y34,34.0,ALL,FRGAPO,1884
ITG1,2022,F,Y34,34.0,ALL,FRGAPO,1893
ITG1,2023,F,Y34,34.0,ALL,FRGAPO,1924
ITG1,2024,F,Y34,34.0,ALL,FRGAPO,1771
ITG1,2021,F,Y34,34.0,ALL,ITL,25815
ITG1,2022,F,Y34,34.0,ALL,ITL,26193
ITG1,2023,F,Y34,34.0,ALL,ITL,25945
ITG1,2024,F,Y34,34.0,ALL,ITL,25844
ITG1,2021,F,Y34,34.0,ALL,TOTAL,27699
ITG1,2022,F,Y34,34.0,ALL,TOTAL,28086
ITG1,2023,F,Y34,34.0,ALL,TOTAL,27869
ITG1,2024,F,Y34,34.0,ALL,TOTAL,27615
ITG1,2021,F,Y35,35.0,ALL,FRGAPO,1976
ITG1,2022,F,Y35,35.0,ALL,FRGAPO,1977
ITG1,2023,F,Y35,35.0,ALL,FRGAPO,1917
ITG1,2024,F,Y35,35.0,ALL,FRGAPO,1982
ITG1,2021,F,Y35,35.0,ALL,ITL,25820
ITG1,2022,F,Y35,35.0,ALL,ITL,25729
ITG1,2023,F,Y35,35.0,ALL,ITL,26115
ITG1,2024,F,Y35,35.0,ALL,ITL,25855
ITG1,2021,F,Y35,35.0,ALL,TOTAL,27796
ITG1,2022,F,Y35,35.0,ALL,TOTAL,27706
ITG1,2023,F,Y35,35.0,ALL,TOTAL,28032
ITG1,2024,F,Y35,35.0,ALL,TOTAL,27837
ITG1,2021,F,Y36,36.0,ALL,FRGAPO,1879
ITG1,2022,F,Y36,36.0,ALL,FRGAPO,2024
ITG1,2023,F,Y36,36.0,ALL,FRGAPO,1973
ITG1,2024,F,Y36,36.0,ALL,FRGAPO,1972
ITG1,2021,F,Y36,36.0,ALL,ITL,26551
ITG1,2022,F,Y36,36.0,ALL,ITL,25752
ITG1,2023,F,Y36,36.0,ALL,ITL,25687
ITG1,2024,F,Y36,36.0,ALL,ITL,26103
ITG1,2021,F,Y36,36.0,ALL,TOTAL,28430
ITG1,2022,F,Y36,36.0,ALL,TOTAL,27776
ITG1,2023,F,Y36,36.0,ALL,TOTAL,27660
ITG1,2024,F,Y36,36.0,ALL,TOTAL,28075
ITG1,2021,F,Y37,37.0,ALL,FRGAPO,1877
ITG1,2022,F,Y37,37.0,ALL,FRGAPO,1951
ITG1,2023,F,Y37,37.0,ALL,FRGAPO,2056
ITG1,2024,F,Y37,37.0,ALL,FRGAPO,2029
ITG1,2021,F,Y37,37.0,ALL,ITL,27265
ITG1,2022,F,Y37,37.0,ALL,ITL,26519
ITG1,2023,F,Y37,37.0,ALL,ITL,25739
ITG1,2024,F,Y37,37.0,ALL,ITL,25662
ITG1,2021,F,Y37,37.0,ALL,TOTAL,29142
ITG1,2022,F,Y37,37.0,ALL,TOTAL,28470
ITG1,2023,F,Y37,37.0,ALL,TOTAL,27795
ITG1,2024,F,Y37,37.0,ALL,TOTAL,27691
ITG1,2021,F,Y38,38.0,ALL,FRGAPO,1789
ITG1,2022,F,Y38,38.0,ALL,FRGAPO,1934
ITG1,2023,F,Y38,38.0,ALL,FRGAPO,1961
ITG1,2024,F,Y38,38.0,ALL,FRGAPO,2113
ITG1,2021,F,Y38,38.0,ALL,ITL,26978
ITG1,2022,F,Y38,38.0,ALL,ITL,27217
ITG1,2023,F,Y38,38.0,ALL,ITL,26525
ITG1,2024,F,Y38,38.0,ALL,ITL,25760
ITG1,2021,F,Y38,38.0,ALL,TOTAL,28767
ITG1,2022,F,Y38,38.0,ALL,TOTAL,29151
ITG1,2023,F,Y38,38.0,ALL,TOTAL,28486
ITG1,2024,F,Y38,38.0,ALL,TOTAL,27873
ITG1,2021,F,Y39,39.0,ALL,FRGAPO,1999
ITG1,2022,F,Y39,39.0,ALL,FRGAPO,1863
ITG1,2023,F,Y39,39.0,ALL,FRGAPO,1963
ITG1,2024,F,Y39,39.0,ALL,FRGAPO,2005
ITG1,2021,F,Y39,39.0,ALL,ITL,27839
ITG1,2022,F,Y39,39.0,ALL,ITL,26979
ITG1,2023,F,Y39,39.0,ALL,ITL,27241
ITG1,2024,F,Y39,39.0,ALL,ITL,26516
ITG1,2021,F,Y39,39.0,ALL,TOTAL,29838
ITG1,2022,F,Y39,39.0,ALL,TOTAL,28842
ITG1,2023,F,Y39,39.0,ALL,TOTAL,29204
ITG1,2024,F,Y39,39.0,ALL,TOTAL,28521
ITG1,2021,F,Y4,4.0,ALL,FRGAPO,1240
ITG1,2022,F,Y4,4.0,ALL,FRGAPO,1105
ITG1,2023,F,Y4,4.0,ALL,FRGAPO,1081
ITG1,2024,F,Y4,4.0,ALL,FRGAPO,1060
ITG1,2021,F,Y4,4.0,ALL,ITL,18825
ITG1,2022,F,Y4,4.0,ALL,ITL,18625
ITG1,2023,F,Y4,4.0,ALL,ITL,17839
ITG1,2024,F,Y4,4.0,ALL,ITL,17508
ITG1,2021,F,Y4,4.0,ALL,TOTAL,20065
ITG1,2022,F,Y4,4.0,ALL,TOTAL,19730
ITG1,2023,F,Y4,4.0,ALL,TOTAL,18920
ITG1,2024,F,Y4,4.0,ALL,TOTAL,18568
ITG1,2021,F,Y40,40.0,ALL,FRGAPO,1906
ITG1,2022,F,Y40,40.0,ALL,FRGAPO,2046
ITG1,2023,F,Y40,40.0,ALL,FRGAPO,1868
ITG1,2024,F,Y40,40.0,ALL,FRGAPO,2003
ITG1,2021,F,Y40,40.0,ALL,ITL,28177
ITG1,2022,F,Y40,40.0,ALL,ITL,27857
ITG1,2023,F,Y40,40.0,ALL,ITL,26947
ITG1,2024,F,Y40,40.0,ALL,ITL,27223
ITG1,2021,F,Y40,40.0,ALL,TOTAL,30083
ITG1,2022,F,Y40,40.0,ALL,TOTAL,29903
ITG1,2023,F,Y40,40.0,ALL,TOTAL,28815
ITG1,2024,F,Y40,40.0,ALL,TOTAL,29226
ITG1,2021,F,Y41,41.0,ALL,FRGAPO,1933
ITG1,2022,F,Y41,41.0,ALL,FRGAPO,1942
ITG1,2023,F,Y41,41.0,ALL,FRGAPO,2049
ITG1,2024,F,Y41,41.0,ALL,FRGAPO,1904
ITG1,2021,F,Y41,41.0,ALL,ITL,29254
ITG1,2022,F,Y41,41.0,ALL,ITL,28184
ITG1,2023,F,Y41,41.0,ALL,ITL,27825
ITG1,2024,F,Y41,41.0,ALL,ITL,26974
ITG1,2021,F,Y41,41.0,ALL,TOTAL,31187
ITG1,2022,F,Y41,41.0,ALL,TOTAL,30126
ITG1,2023,F,Y41,41.0,ALL,TOTAL,29874
ITG1,2024,F,Y41,41.0,ALL,TOTAL,28878
ITG1,2021,F,Y42,42.0,ALL,FRGAPO,1940
ITG1,2022,F,Y42,42.0,ALL,FRGAPO,1954
ITG1,2023,F,Y42,42.0,ALL,FRGAPO,1959
ITG1,2024,F,Y42,42.0,ALL,FRGAPO,2067
ITG1,2021,F,Y42,42.0,ALL,ITL,29831
ITG1,2022,F,Y42,42.0,ALL,ITL,29317
ITG1,2023,F,Y42,42.0,ALL,ITL,28209
ITG1,2024,F,Y42,42.0,ALL,ITL,27812
ITG1,2021,F,Y42,42.0,ALL,TOTAL,31771
ITG1,2022,F,Y42,42.0,ALL,TOTAL,31271
ITG1,2023,F,Y42,42.0,ALL,TOTAL,30168
ITG1,2024,F,Y42,42.0,ALL,TOTAL,29879
ITG1,2021,F,Y43,43.0,ALL,FRGAPO,1923
ITG1,2022,F,Y43,43.0,ALL,FRGAPO,1960
ITG1,2023,F,Y43,43.0,ALL,FRGAPO,1950
ITG1,2024,F,Y43,43.0,ALL,FRGAPO,2005
ITG1,2021,F,Y43,43.0,ALL,ITL,30727
ITG1,2022,F,Y43,43.0,ALL,ITL,29845
ITG1,2023,F,Y43,43.0,ALL,ITL,29330
ITG1,2024,F,Y43,43.0,ALL,ITL,28211
ITG1,2021,F,Y43,43.0,ALL,TOTAL,32650
ITG1,2022,F,Y43,43.0,ALL,TOTAL,31805
ITG1,2023,F,Y43,43.0,ALL,TOTAL,31280
ITG1,2024,F,Y43,43.0,ALL,TOTAL,30216
ITG1,2021,F,Y44,44.0,ALL,FRGAPO,1788
ITG1,2022,F,Y44,44.0,ALL,FRGAPO,1951
ITG1,2023,F,Y44,44.0,ALL,FRGAPO,1958
ITG1,2024,F,Y44,44.0,ALL,FRGAPO,1973
ITG1,2021,F,Y44,44.0,ALL,ITL,31528
ITG1,2022,F,Y44,44.0,ALL,ITL,30754
ITG1,2023,F,Y44,44.0,ALL,ITL,29881
ITG1,2024,F,Y44,44.0,ALL,ITL,29361
ITG1,2021,F,Y44,44.0,ALL,TOTAL,33316
ITG1,2022,F,Y44,44.0,ALL,TOTAL,32705
ITG1,2023,F,Y44,44.0,ALL,TOTAL,31839
ITG1,2024,F,Y44,44.0,ALL,TOTAL,31334
ITG1,2021,F,Y45,45.0,ALL,FRGAPO,1801
ITG1,2022,F,Y45,45.0,ALL,FRGAPO,1801
ITG1,2023,F,Y45,45.0,ALL,FRGAPO,1932
ITG1,2024,F,Y45,45.0,ALL,FRGAPO,1951
ITG1,2021,F,Y45,45.0,ALL,ITL,33105
ITG1,2022,F,Y45,45.0,ALL,ITL,31527
ITG1,2023,F,Y45,45.0,ALL,ITL,30818
ITG1,2024,F,Y45,45.0,ALL,ITL,29904
ITG1,2021,F,Y45,45.0,ALL,TOTAL,34906
ITG1,2022,F,Y45,45.0,ALL,TOTAL,33328
ITG1,2023,F,Y45,45.0,ALL,TOTAL,32750
ITG1,2024,F,Y45,45.0,ALL,TOTAL,31855
ITG1,2021,F,Y46,46.0,ALL,FRGAPO,1715
ITG1,2022,F,Y46,46.0,ALL,FRGAPO,1839
ITG1,2023,F,Y46,46.0,ALL,FRGAPO,1772
ITG1,2024,F,Y46,46.0,ALL,FRGAPO,1945
ITG1,2021,F,Y46,46.0,ALL,ITL,33969
ITG1,2022,F,Y46,46.0,ALL,ITL,33081
ITG1,2023,F,Y46,46.0,ALL,ITL,31565
ITG1,2024,F,Y46,46.0,ALL,ITL,30851
ITG1,2021,F,Y46,46.0,ALL,TOTAL,35684
ITG1,2022,F,Y46,46.0,ALL,TOTAL,34920
ITG1,2023,F,Y46,46.0,ALL,TOTAL,33337
ITG1,2024,F,Y46,46.0,ALL,TOTAL,32796
ITG1,2021,F,Y47,47.0,ALL,FRGAPO,1650
ITG1,2022,F,Y47,47.0,ALL,FRGAPO,1741
ITG1,2023,F,Y47,47.0,ALL,FRGAPO,1831
ITG1,2024,F,Y47,47.0,ALL,FRGAPO,1789
ITG1,2021,F,Y47,47.0,ALL,ITL,35565
ITG1,2022,F,Y47,47.0,ALL,ITL,33983
ITG1,2023,F,Y47,47.0,ALL,ITL,33114
ITG1,2024,F,Y47,47.0,ALL,ITL,31606
ITG1,2021,F,Y47,47.0,ALL,TOTAL,37215
ITG1,2022,F,Y47,47.0,ALL,TOTAL,35724
ITG1,2023,F,Y47,47.0,ALL,TOTAL,34945
ITG1,2024,F,Y47,47.0,ALL,TOTAL,33395
ITG1,2021,F,Y48,48.0,ALL,FRGAPO,1580
ITG1,2022,F,Y48,48.0,ALL,FRGAPO,1656
ITG1,2023,F,Y48,48.0,ALL,FRGAPO,1739
ITG1,2024,F,Y48,48.0,ALL,FRGAPO,1797
ITG1,2021,F,Y48,48.0,ALL,ITL,35040
ITG1,2022,F,Y48,48.0,ALL,ITL,35588
ITG1,2023,F,Y48,48.0,ALL,ITL,34021
ITG1,2024,F,Y48,48.0,ALL,ITL,33163
ITG1,2021,F,Y48,48.0,ALL,TOTAL,36620
ITG1,2022,F,Y48,48.0,ALL,TOTAL,37244
ITG1,2023,F,Y48,48.0,ALL,TOTAL,35760
ITG1,2024,F,Y48,48.0,ALL,TOTAL,34960
ITG1,2021,F,Y49,49.0,ALL,FRGAPO,1556
ITG1,2022,F,Y49,49.0,ALL,FRGAPO,1590
ITG1,2023,F,Y49,49.0,ALL,FRGAPO,1642
ITG1,2024,F,Y49,49.0,ALL,FRGAPO,1748
ITG1,2021,F,Y49,49.0,ALL,ITL,35236
ITG1,2022,F,Y49,49.0,ALL,ITL,35052
ITG1,2023,F,Y49,49.0,ALL,ITL,35628
ITG1,2024,F,Y49,49.0,ALL,ITL,34088
ITG1,2021,F,Y49,49.0,ALL,TOTAL,36792
ITG1,2022,F,Y49,49.0,ALL,TOTAL,36642
ITG1,2023,F,Y49,49.0,ALL,TOTAL,37270
ITG1,2024,F,Y49,49.0,ALL,TOTAL,35836
ITG1,2021,F,Y5,5.0,ALL,FRGAPO,1105
ITG1,2022,F,Y5,5.0,ALL,FRGAPO,1230
ITG1,2023,F,Y5,5.0,ALL,FRGAPO,1099
ITG1,2024,F,Y5,5.0,ALL,FRGAPO,1096
ITG1,2021,F,Y5,5.0,ALL,ITL,19160
ITG1,2022,F,Y5,5.0,ALL,ITL,18907
ITG1,2023,F,Y5,5.0,ALL,ITL,18716
ITG1,2024,F,Y5,5.0,ALL,ITL,17896
ITG1,2021,F,Y5,5.0,ALL,TOTAL,20265
ITG1,2022,F,Y5,5.0,ALL,TOTAL,20137
ITG1,2023,F,Y5,5.0,ALL,TOTAL,19815
ITG1,2024,F,Y5,5.0,ALL,TOTAL,18992
ITG1,2021,F,Y50,50.0,ALL,FRGAPO,1534
ITG1,2022,F,Y50,50.0,ALL,FRGAPO,1570
ITG1,2023,F,Y50,50.0,ALL,FRGAPO,1566
ITG1,2024,F,Y50,50.0,ALL,FRGAPO,1651
ITG1,2021,F,Y50,50.0,ALL,ITL,36385
ITG1,2022,F,Y50,50.0,ALL,ITL,35261
ITG1,2023,F,Y50,50.0,ALL,ITL,35076
ITG1,2024,F,Y50,50.0,ALL,ITL,35673
ITG1,2021,F,Y50,50.0,ALL,TOTAL,37919
ITG1,2022,F,Y50,50.0,ALL,TOTAL,36831
ITG1,2023,F,Y50,50.0,ALL,TOTAL,36642
ITG1,2024,F,Y50,50.0,ALL,TOTAL,37324
ITG1,2021,F,Y51,51.0,ALL,FRGAPO,1584
ITG1,2022,F,Y51,51.0,ALL,FRGAPO,1560
ITG1,2023,F,Y51,51.0,ALL,FRGAPO,1572
ITG1,2024,F,Y51,51.0,ALL,FRGAPO,1565
ITG1,2021,F,Y51,51.0,ALL,ITL,36180
ITG1,2022,F,Y51,51.0,ALL,ITL,36412
ITG1,2023,F,Y51,51.0,ALL,ITL,35303
ITG1,2024,F,Y51,51.0,ALL,ITL,35144
ITG1,2021,F,Y51,51.0,ALL,TOTAL,37764
ITG1,2022,F,Y51,51.0,ALL,TOTAL,37972
ITG1,2023,F,Y51,51.0,ALL,TOTAL,36875
ITG1,2024,F,Y51,51.0,ALL,TOTAL,36709
ITG1,2021,F,Y52,52.0,ALL,FRGAPO,1518
ITG1,2022,F,Y52,52.0,ALL,FRGAPO,1597
ITG1,2023,F,Y52,52.0,ALL,FRGAPO,1544
ITG1,2024,F,Y52,52.0,ALL,FRGAPO,1563
ITG1,2021,F,Y52,52.0,ALL,ITL,37036
ITG1,2022,F,Y52,52.0,ALL,ITL,36184
ITG1,2023,F,Y52,52.0,ALL,ITL,36482
ITG1,2024,F,Y52,52.0,ALL,ITL,35346
ITG1,2021,F,Y52,52.0,ALL,TOTAL,38554
ITG1,2022,F,Y52,52.0,ALL,TOTAL,37781
ITG1,2023,F,Y52,52.0,ALL,TOTAL,38026
ITG1,2024,F,Y52,52.0,ALL,TOTAL,36909
ITG1,2021,F,Y53,53.0,ALL,FRGAPO,1623
ITG1,2022,F,Y53,53.0,ALL,FRGAPO,1554
ITG1,2023,F,Y53,53.0,ALL,FRGAPO,1553
ITG1,2024,F,Y53,53.0,ALL,FRGAPO,1533
ITG1,2021,F,Y53,53.0,ALL,ITL,36556
ITG1,2022,F,Y53,53.0,ALL,ITL,37027
ITG1,2023,F,Y53,53.0,ALL,ITL,36209
ITG1,2024,F,Y53,53.0,ALL,ITL,36548
ITG1,2021,F,Y53,53.0,ALL,TOTAL,38179
ITG1,2022,F,Y53,53.0,ALL,TOTAL,38581
ITG1,2023,F,Y53,53.0,ALL,TOTAL,37762
ITG1,2024,F,Y53,53.0,ALL,TOTAL,38081
ITG1,2021,F,Y54,54.0,ALL,FRGAPO,1500
ITG1,2022,F,Y54,54.0,ALL,FRGAPO,1656
ITG1,2023,F,Y54,54.0,ALL,FRGAPO,1559
ITG1,2024,F,Y54,54.0,ALL,FRGAPO,1560
ITG1,2021,F,Y54,54.0,ALL,ITL,37005
ITG1,2022,F,Y54,54.0,ALL,ITL,36552
ITG1,2023,F,Y54,54.0,ALL,ITL,37030
ITG1,2024,F,Y54,54.0,ALL,ITL,36266
ITG1,2021,F,Y54,54.0,ALL,TOTAL,38505
ITG1,2022,F,Y54,54.0,ALL,TOTAL,38208
ITG1,2023,F,Y54,54.0,ALL,TOTAL,38589
ITG1,2024,F,Y54,54.0,ALL,TOTAL,37826
ITG1,2021,F,Y55,55.0,ALL,FRGAPO,1094
ITG1,2022,F,Y55,55.0,ALL,FRGAPO,1527
ITG1,2023,F,Y55,55.0,ALL,FRGAPO,1628
ITG1,2024,F,Y55,55.0,ALL,FRGAPO,1536
ITG1,2021,F,Y55,55.0,ALL,ITL,37273
ITG1,2022,F,Y55,55.0,ALL,ITL,37019
ITG1,2023,F,Y55,55.0,ALL,ITL,36583
ITG1,2024,F,Y55,55.0,ALL,ITL,37096
ITG1,2021,F,Y55,55.0,ALL,TOTAL,38367
ITG1,2022,F,Y55,55.0,ALL,TOTAL,38546
ITG1,2023,F,Y55,55.0,ALL,TOTAL,38211
ITG1,2024,F,Y55,55.0,ALL,TOTAL,38632
ITG1,2021,F,Y56,56.0,ALL,FRGAPO,1068
ITG1,2022,F,Y56,56.0,ALL,FRGAPO,1115
ITG1,2023,F,Y56,56.0,ALL,FRGAPO,1500
ITG1,2024,F,Y56,56.0,ALL,FRGAPO,1591
ITG1,2021,F,Y56,56.0,ALL,ITL,37141
ITG1,2022,F,Y56,56.0,ALL,ITL,37263
ITG1,2023,F,Y56,56.0,ALL,ITL,37012
ITG1,2024,F,Y56,56.0,ALL,ITL,36641
ITG1,2021,F,Y56,56.0,ALL,TOTAL,38209
ITG1,2022,F,Y56,56.0,ALL,TOTAL,38378
ITG1,2023,F,Y56,56.0,ALL,TOTAL,38512
ITG1,2024,F,Y56,56.0,ALL,TOTAL,38232
ITG1,2021,F,Y57,57.0,ALL,FRGAPO,1047
ITG1,2022,F,Y57,57.0,ALL,FRGAPO,1079
ITG1,2023,F,Y57,57.0,ALL,FRGAPO,1115
ITG1,2024,F,Y57,57.0,ALL,FRGAPO,1478
ITG1,2021,F,Y57,57.0,ALL,ITL,37848
ITG1,2022,F,Y57,57.0,ALL,ITL,37108
ITG1,2023,F,Y57,57.0,ALL,ITL,37252
ITG1,2024,F,Y57,57.0,ALL,ITL,37108
ITG1,2021,F,Y57,57.0,ALL,TOTAL,38895
ITG1,2022,F,Y57,57.0,ALL,TOTAL,38187
ITG1,2023,F,Y57,57.0,ALL,TOTAL,38367
ITG1,2024,F,Y57,57.0,ALL,TOTAL,38586
ITG1,2021,F,Y58,58.0,ALL,FRGAPO,1048
ITG1,2022,F,Y58,58.0,ALL,FRGAPO,1070
ITG1,2023,F,Y58,58.0,ALL,FRGAPO,1050
ITG1,2024,F,Y58,58.0,ALL,FRGAPO,1115
ITG1,2021,F,Y58,58.0,ALL,ITL,35978
ITG1,2022,F,Y58,58.0,ALL,ITL,37883
ITG1,2023,F,Y58,58.0,ALL,ITL,37123
ITG1,2024,F,Y58,58.0,ALL,ITL,37306
ITG1,2021,F,Y58,58.0,ALL,TOTAL,37026
ITG1,2022,F,Y58,58.0,ALL,TOTAL,38953
ITG1,2023,F,Y58,58.0,ALL,TOTAL,38173
ITG1,2024,F,Y58,58.0,ALL,TOTAL,38421
ITG1,2021,F,Y59,59.0,ALL,FRGAPO,1028
ITG1,2022,F,Y59,59.0,ALL,FRGAPO,1078
ITG1,2023,F,Y59,59.0,ALL,FRGAPO,1047
ITG1,2024,F,Y59,59.0,ALL,FRGAPO,1047
ITG1,2021,F,Y59,59.0,ALL,ITL,36008
ITG1,2022,F,Y59,59.0,ALL,ITL,35953
ITG1,2023,F,Y59,59.0,ALL,ITL,37890
ITG1,2024,F,Y59,59.0,ALL,ITL,37159
ITG1,2021,F,Y59,59.0,ALL,TOTAL,37036
ITG1,2022,F,Y59,59.0,ALL,TOTAL,37031
ITG1,2023,F,Y59,59.0,ALL,TOTAL,38937
ITG1,2024,F,Y59,59.0,ALL,TOTAL,38206
ITG1,2021,F,Y6,6.0,ALL,FRGAPO,1136
ITG1,2022,F,Y6,6.0,ALL,FRGAPO,1108
ITG1,2023,F,Y6,6.0,ALL,FRGAPO,1202
ITG1,2024,F,Y6,6.0,ALL,FRGAPO,1111
ITG1,2021,F,Y6,6.0,ALL,ITL,19663
ITG1,2022,F,Y6,6.0,ALL,ITL,19238
ITG1,2023,F,Y6,6.0,ALL,ITL,18939
ITG1,2024,F,Y6,6.0,ALL,ITL,18771
ITG1,2021,F,Y6,6.0,ALL,TOTAL,20799
ITG1,2022,F,Y6,6.0,ALL,TOTAL,20346
ITG1,2023,F,Y6,6.0,ALL,TOTAL,20141
ITG1,2024,F,Y6,6.0,ALL,TOTAL,19882
ITG1,2021,F,Y60,60.0,ALL,FRGAPO,948
ITG1,2022,F,Y60,60.0,ALL,FRGAPO,1042
ITG1,2023,F,Y60,60.0,ALL,FRGAPO,1053
ITG1,2024,F,Y60,60.0,ALL,FRGAPO,1030
ITG1,2021,F,Y60,60.0,ALL,ITL,35150
ITG1,2022,F,Y60,60.0,ALL,ITL,36013
ITG1,2023,F,Y60,60.0,ALL,ITL,35934
ITG1,2024,F,Y60,60.0,ALL,ITL,37909
ITG1,2021,F,Y60,60.0,ALL,TOTAL,36098
ITG1,2022,F,Y60,60.0,ALL,TOTAL,37055
ITG1,2023,F,Y60,60.0,ALL,TOTAL,36987
ITG1,2024,F,Y60,60.0,ALL,TOTAL,38939
ITG1,2021,F,Y61,61.0,ALL,FRGAPO,880
ITG1,2022,F,Y61,61.0,ALL,FRGAPO,967
ITG1,2023,F,Y61,61.0,ALL,FRGAPO,1016
ITG1,2024,F,Y61,61.0,ALL,FRGAPO,1046
ITG1,2021,F,Y61,61.0,ALL,ITL,35355
ITG1,2022,F,Y61,61.0,ALL,ITL,35102
ITG1,2023,F,Y61,61.0,ALL,ITL,35937
ITG1,2024,F,Y61,61.0,ALL,ITL,35971
ITG1,2021,F,Y61,61.0,ALL,TOTAL,36235
ITG1,2022,F,Y61,61.0,ALL,TOTAL,36069
ITG1,2023,F,Y61,61.0,ALL,TOTAL,36953
ITG1,2024,F,Y61,61.0,ALL,TOTAL,37017
ITG1,2021,F,Y62,62.0,ALL,FRGAPO,793
ITG1,2022,F,Y62,62.0,ALL,FRGAPO,898
ITG1,2023,F,Y62,62.0,ALL,FRGAPO,940
ITG1,2024,F,Y62,62.0,ALL,FRGAPO,1030
ITG1,2021,F,Y62,62.0,ALL,ITL,33485
ITG1,2022,F,Y62,62.0,ALL,ITL,35264
ITG1,2023,F,Y62,62.0,ALL,ITL,35063
ITG1,2024,F,Y62,62.0,ALL,ITL,35988
ITG1,2021,F,Y62,62.0,ALL,TOTAL,34278
ITG1,2022,F,Y62,62.0,ALL,TOTAL,36162
ITG1,2023,F,Y62,62.0,ALL,TOTAL,36003
ITG1,2024,F,Y62,62.0,ALL,TOTAL,37018
ITG1,2021,F,Y63,63.0,ALL,FRGAPO,701
ITG1,2022,F,Y63,63.0,ALL,FRGAPO,809
ITG1,2023,F,Y63,63.0,ALL,FRGAPO,870
ITG1,2024,F,Y63,63.0,ALL,FRGAPO,943
ITG1,2021,F,Y63,63.0,ALL,ITL,32476
ITG1,2022,F,Y63,63.0,ALL,ITL,33347
ITG1,2023,F,Y63,63.0,ALL,ITL,35246
ITG1,2024,F,Y63,63.0,ALL,ITL,35047
ITG1,2021,F,Y63,63.0,ALL,TOTAL,33177
ITG1,2022,F,Y63,63.0,ALL,TOTAL,34156
ITG1,2023,F,Y63,63.0,ALL,TOTAL,36116
ITG1,2024,F,Y63,63.0,ALL,TOTAL,35990
ITG1,2021,F,Y64,64.0,ALL,FRGAPO,653
ITG1,2022,F,Y64,64.0,ALL,FRGAPO,722
ITG1,2023,F,Y64,64.0,ALL,FRGAPO,807
ITG1,2024,F,Y64,64.0,ALL,FRGAPO,871
ITG1,2021,F,Y64,64.0,ALL,ITL,32561
ITG1,2022,F,Y64,64.0,ALL,ITL,32364
ITG1,2023,F,Y64,64.0,ALL,ITL,33258
ITG1,2024,F,Y64,64.0,ALL,ITL,35183
ITG1,2021,F,Y64,64.0,ALL,TOTAL,33214
ITG1,2022,F,Y64,64.0,ALL,TOTAL,33086
ITG1,2023,F,Y64,64.0,ALL,TOTAL,34065
ITG1,2024,F,Y64,64.0,ALL,TOTAL,36054
ITG1,2021,F,Y65,65.0,ALL,FRGAPO,533
ITG1,2022,F,Y65,65.0,ALL,FRGAPO,683
ITG1,2023,F,Y65,65.0,ALL,FRGAPO,690
ITG1,2024,F,Y65,65.0,ALL,FRGAPO,797
ITG1,2021,F,Y65,65.0,ALL,ITL,31868
ITG1,2022,F,Y65,65.0,ALL,ITL,32401
ITG1,2023,F,Y65,65.0,ALL,ITL,32289
ITG1,2024,F,Y65,65.0,ALL,ITL,33193
ITG1,2021,F,Y65,65.0,ALL,TOTAL,32401
ITG1,2022,F,Y65,65.0,ALL,TOTAL,33084
ITG1,2023,F,Y65,65.0,ALL,TOTAL,32979
ITG1,2024,F,Y65,65.0,ALL,TOTAL,33990
ITG1,2021,F,Y66,66.0,ALL,FRGAPO,481
ITG1,2022,F,Y66,66.0,ALL,FRGAPO,564
ITG1,2023,F,Y66,66.0,ALL,FRGAPO,661
ITG1,2024,F,Y66,66.0,ALL,FRGAPO,703
ITG1,2021,F,Y66,66.0,ALL,ITL,31455
ITG1,2022,F,Y66,66.0,ALL,ITL,31673
ITG1,2023,F,Y66,66.0,ALL,ITL,32275
ITG1,2024,F,Y66,66.0,ALL,ITL,32153
ITG1,2021,F,Y66,66.0,ALL,TOTAL,31936
ITG1,2022,F,Y66,66.0,ALL,TOTAL,32237
ITG1,2023,F,Y66,66.0,ALL,TOTAL,32936
ITG1,2024,F,Y66,66.0,ALL,TOTAL,32856
ITG1,2021,F,Y67,67.0,ALL,FRGAPO,444
ITG1,2022,F,Y67,67.0,ALL,FRGAPO,493
ITG1,2023,F,Y67,67.0,ALL,FRGAPO,551
ITG1,2024,F,Y67,67.0,ALL,FRGAPO,638
ITG1,2021,F,Y67,67.0,ALL,ITL,31552
ITG1,2022,F,Y67,67.0,ALL,ITL,31234
ITG1,2023,F,Y67,67.0,ALL,ITL,31480
ITG1,2024,F,Y67,67.0,ALL,ITL,32159
ITG1,2021,F,Y67,67.0,ALL,TOTAL,31996
ITG1,2022,F,Y67,67.0,ALL,TOTAL,31727
ITG1,2023,F,Y67,67.0,ALL,TOTAL,32031
ITG1,2024,F,Y67,67.0,ALL,TOTAL,32797
ITG1,2021,F,Y68,68.0,ALL,FRGAPO,373
ITG1,2022,F,Y68,68.0,ALL,FRGAPO,450
ITG1,2023,F,Y68,68.0,ALL,FRGAPO,503
ITG1,2024,F,Y68,68.0,ALL,FRGAPO,531
ITG1,2021,F,Y68,68.0,ALL,ITL,28900
ITG1,2022,F,Y68,68.0,ALL,ITL,31312
ITG1,2023,F,Y68,68.0,ALL,ITL,31006
ITG1,2024,F,Y68,68.0,ALL,ITL,31338
ITG1,2021,F,Y68,68.0,ALL,TOTAL,29273
ITG1,2022,F,Y68,68.0,ALL,TOTAL,31762
ITG1,2023,F,Y68,68.0,ALL,TOTAL,31509
ITG1,2024,F,Y68,68.0,ALL,TOTAL,31869
ITG1,2021,F,Y69,69.0,ALL,FRGAPO,335
ITG1,2022,F,Y69,69.0,ALL,FRGAPO,399
ITG1,2023,F,Y69,69.0,ALL,FRGAPO,443
ITG1,2024,F,Y69,69.0,ALL,FRGAPO,510
ITG1,2021,F,Y69,69.0,ALL,ITL,28677
ITG1,2022,F,Y69,69.0,ALL,ITL,28613
ITG1,2023,F,Y69,69.0,ALL,ITL,31161
ITG1,2024,F,Y69,69.0,ALL,ITL,30864
ITG1,2021,F,Y69,69.0,ALL,TOTAL,29012
ITG1,2022,F,Y69,69.0,ALL,TOTAL,29012
ITG1,2023,F,Y69,69.0,ALL,TOTAL,31604
ITG1,2024,F,Y69,69.0,ALL,TOTAL,31374
ITG1,2021,F,Y7,7.0,ALL,FRGAPO,1045
ITG1,2022,F,Y7,7.0,ALL,FRGAPO,1124
ITG1,2023,F,Y7,7.0,ALL,FRGAPO,1089
ITG1,2024,F,Y7,7.0,ALL,FRGAPO,1188
ITG1,2021,F,Y7,7.0,ALL,ITL,20324
ITG1,2022,F,Y7,7.0,ALL,ITL,19695
ITG1,2023,F,Y7,7.0,ALL,ITL,19283
ITG1,2024,F,Y7,7.0,ALL,ITL,18997
ITG1,2021,F,Y7,7.0,ALL,TOTAL,21369
ITG1,2022,F,Y7,7.0,ALL,TOTAL,20819
ITG1,2023,F,Y7,7.0,ALL,TOTAL,20372
ITG1,2024,F,Y7,7.0,ALL,TOTAL,20185
ITG1,2021,F,Y70,70.0,ALL,FRGAPO,250
ITG1,2022,F,Y70,70.0,ALL,FRGAPO,353
ITG1,2023,F,Y70,70.0,ALL,FRGAPO,397
ITG1,2024,F,Y70,70.0,ALL,FRGAPO,442
ITG1,2021,F,Y70,70.0,ALL,ITL,28118
ITG1,2022,F,Y70,70.0,ALL,ITL,28401
ITG1,2023,F,Y70,70.0,ALL,ITL,28377
ITG1,2024,F,Y70,70.0,ALL,ITL,30910
ITG1,2021,F,Y70,70.0,ALL,TOTAL,28368
ITG1,2022,F,Y70,70.0,ALL,TOTAL,28754
ITG1,2023,F,Y70,70.0,ALL,TOTAL,28774
ITG1,2024,F,Y70,70.0,ALL,TOTAL,31352
ITG1,2021,F,Y71,71.0,ALL,FRGAPO,250
ITG1,2022,F,Y71,71.0,ALL,FRGAPO,269
ITG1,2023,F,Y71,71.0,ALL,FRGAPO,334
ITG1,2024,F,Y71,71.0,ALL,FRGAPO,399
ITG1,2021,F,Y71,71.0,ALL,ITL,29066
ITG1,2022,F,Y71,71.0,ALL,ITL,27735
ITG1,2023,F,Y71,71.0,ALL,ITL,28096
ITG1,2024,F,Y71,71.0,ALL,ITL,28094
ITG1,2021,F,Y71,71.0,ALL,TOTAL,29316
ITG1,2022,F,Y71,71.0,ALL,TOTAL,28004
ITG1,2023,F,Y71,71.0,ALL,TOTAL,28430
ITG1,2024,F,Y71,71.0,ALL,TOTAL,28493
ITG1,2021,F,Y72,72.0,ALL,FRGAPO,188
ITG1,2022,F,Y72,72.0,ALL,FRGAPO,258
ITG1,2023,F,Y72,72.0,ALL,FRGAPO,261
ITG1,2024,F,Y72,72.0,ALL,FRGAPO,334
ITG1,2021,F,Y72,72.0,ALL,ITL,29149
ITG1,2022,F,Y72,72.0,ALL,ITL,28665
ITG1,2023,F,Y72,72.0,ALL,ITL,27396
ITG1,2024,F,Y72,72.0,ALL,ITL,27736
ITG1,2021,F,Y72,72.0,ALL,TOTAL,29337
ITG1,2022,F,Y72,72.0,ALL,TOTAL,28923
ITG1,2023,F,Y72,72.0,ALL,TOTAL,27657
ITG1,2024,F,Y72,72.0,ALL,TOTAL,28070
ITG1,2021,F,Y73,73.0,ALL,FRGAPO,165
ITG1,2022,F,Y73,73.0,ALL,FRGAPO,195
ITG1,2023,F,Y73,73.0,ALL,FRGAPO,247
ITG1,2024,F,Y73,73.0,ALL,FRGAPO,260
ITG1,2021,F,Y73,73.0,ALL,ITL,29904
ITG1,2022,F,Y73,73.0,ALL,ITL,28759
ITG1,2023,F,Y73,73.0,ALL,ITL,28235
ITG1,2024,F,Y73,73.0,ALL,ITL,27043
ITG1,2021,F,Y73,73.0,ALL,TOTAL,30069
ITG1,2022,F,Y73,73.0,ALL,TOTAL,28954
ITG1,2023,F,Y73,73.0,ALL,TOTAL,28482
ITG1,2024,F,Y73,73.0,ALL,TOTAL,27303
ITG1,2021,F,Y74,74.0,ALL,FRGAPO,152
ITG1,2022,F,Y74,74.0,ALL,FRGAPO,168
ITG1,2023,F,Y74,74.0,ALL,FRGAPO,188
ITG1,2024,F,Y74,74.0,ALL,FRGAPO,254
ITG1,2021,F,Y74,74.0,ALL,ITL,29309
ITG1,2022,F,Y74,74.0,ALL,ITL,29347
ITG1,2023,F,Y74,74.0,ALL,ITL,28299
ITG1,2024,F,Y74,74.0,ALL,ITL,27811
ITG1,2021,F,Y74,74.0,ALL,TOTAL,29461
ITG1,2022,F,Y74,74.0,ALL,TOTAL,29515
ITG1,2023,F,Y74,74.0,ALL,TOTAL,28487
ITG1,2024,F,Y74,74.0,ALL,TOTAL,28065
ITG1,2021,F,Y75,75.0,ALL,FRGAPO,135
ITG1,2022,F,Y75,75.0,ALL,FRGAPO,156
ITG1,2023,F,Y75,75.0,ALL,FRGAPO,163
ITG1,2024,F,Y75,75.0,ALL,FRGAPO,204
ITG1,2021,F,Y75,75.0,ALL,ITL,26686
ITG1,2022,F,Y75,75.0,ALL,ITL,28692
ITG1,2023,F,Y75,75.0,ALL,ITL,28789
ITG1,2024,F,Y75,75.0,ALL,ITL,27779
ITG1,2021,F,Y75,75.0,ALL,TOTAL,26821
ITG1,2022,F,Y75,75.0,ALL,TOTAL,28848
ITG1,2023,F,Y75,75.0,ALL,TOTAL,28952
ITG1,2024,F,Y75,75.0,ALL,TOTAL,27983
ITG1,2021,F,Y76,76.0,ALL,FRGAPO,91
ITG1,2022,F,Y76,76.0,ALL,FRGAPO,141
ITG1,2023,F,Y76,76.0,ALL,FRGAPO,155
ITG1,2024,F,Y76,76.0,ALL,FRGAPO,166
ITG1,2021,F,Y76,76.0,ALL,ITL,22277
ITG1,2022,F,Y76,76.0,ALL,ITL,26087
ITG1,2023,F,Y76,76.0,ALL,ITL,28107
ITG1,2024,F,Y76,76.0,ALL,ITL,28218
ITG1,2021,F,Y76,76.0,ALL,TOTAL,22368
ITG1,2022,F,Y76,76.0,ALL,TOTAL,26228
ITG1,2023,F,Y76,76.0,ALL,TOTAL,28262
ITG1,2024,F,Y76,76.0,ALL,TOTAL,28384
ITG1,2021,F,Y77,77.0,ALL,FRGAPO,95
ITG1,2022,F,Y77,77.0,ALL,FRGAPO,95
ITG1,2023,F,Y77,77.0,ALL,FRGAPO,142
ITG1,2024,F,Y77,77.0,ALL,FRGAPO,156
ITG1,2021,F,Y77,77.0,ALL,ITL,21275
ITG1,2022,F,Y77,77.0,ALL,ITL,21720
ITG1,2023,F,Y77,77.0,ALL,ITL,25415
ITG1,2024,F,Y77,77.0,ALL,ITL,27485
ITG1,2021,F,Y77,77.0,ALL,TOTAL,21370
ITG1,2022,F,Y77,77.0,ALL,TOTAL,21815
ITG1,2023,F,Y77,77.0,ALL,TOTAL,25557
ITG1,2024,F,Y77,77.0,ALL,TOTAL,27641
ITG1,2021,F,Y78,78.0,ALL,FRGAPO,61
ITG1,2022,F,Y78,78.0,ALL,FRGAPO,96
ITG1,2023,F,Y78,78.0,ALL,FRGAPO,83
ITG1,2024,F,Y78,78.0,ALL,FRGAPO,137
ITG1,2021,F,Y78,78.0,ALL,ITL,19996
ITG1,2022,F,Y78,78.0,ALL,ITL,20624
ITG1,2023,F,Y78,78.0,ALL,ITL,21123
ITG1,2024,F,Y78,78.0,ALL,ITL,24798
ITG1,2021,F,Y78,78.0,ALL,TOTAL,20057
ITG1,2022,F,Y78,78.0,ALL,TOTAL,20720
ITG1,2023,F,Y78,78.0,ALL,TOTAL,21206
ITG1,2024,F,Y78,78.0,ALL,TOTAL,24935
ITG1,2021,F,Y79,79.0,ALL,FRGAPO,63
ITG1,2022,F,Y79,79.0,ALL,FRGAPO,67
ITG1,2023,F,Y79,79.0,ALL,FRGAPO,91
ITG1,2024,F,Y79,79.0,ALL,FRGAPO,82
ITG1,2021,F,Y79,79.0,ALL,ITL,19606
ITG1,2022,F,Y79,79.0,ALL,ITL,19294
ITG1,2023,F,Y79,79.0,ALL,ITL,19993
ITG1,2024,F,Y79,79.0,ALL,ITL,20484
ITG1,2021,F,Y79,79.0,ALL,TOTAL,19669
ITG1,2022,F,Y79,79.0,ALL,TOTAL,19361
ITG1,2023,F,Y79,79.0,ALL,TOTAL,20084
ITG1,2024,F,Y79,79.0,ALL,TOTAL,20566
ITG1,2021,F,Y8,8.0,ALL,FRGAPO,974
ITG1,2022,F,Y8,8.0,ALL,FRGAPO,1009
ITG1,2023,F,Y8,8.0,ALL,FRGAPO,1089
ITG1,2024,F,Y8,8.0,ALL,FRGAPO,1093
ITG1,2021,F,Y8,8.0,ALL,ITL,20082
ITG1,2022,F,Y8,8.0,ALL,ITL,20353
ITG1,2023,F,Y8,8.0,ALL,ITL,19791
ITG1,2024,F,Y8,8.0,ALL,ITL,19322
ITG1,2021,F,Y8,8.0,ALL,TOTAL,21056
ITG1,2022,F,Y8,8.0,ALL,TOTAL,21362
ITG1,2023,F,Y8,8.0,ALL,TOTAL,20880
ITG1,2024,F,Y8,8.0,ALL,TOTAL,20415
ITG1,2021,F,Y80,80.0,ALL,FRGAPO,49
ITG1,2022,F,Y80,80.0,ALL,FRGAPO,66
ITG1,2023,F,Y80,80.0,ALL,FRGAPO,75
ITG1,2024,F,Y80,80.0,ALL,FRGAPO,94
ITG1,2021,F,Y80,80.0,ALL,ITL,19370
ITG1,2022,F,Y80,80.0,ALL,ITL,18812
ITG1,2023,F,Y80,80.0,ALL,ITL,18583
ITG1,2024,F,Y80,80.0,ALL,ITL,19329
ITG1,2021,F,Y80,80.0,ALL,TOTAL,19419
ITG1,2022,F,Y80,80.0,ALL,TOTAL,18878
ITG1,2023,F,Y80,80.0,ALL,TOTAL,18658
ITG1,2024,F,Y80,80.0,ALL,TOTAL,19423
ITG1,2021,F,Y81,81.0,ALL,FRGAPO,57
ITG1,2022,F,Y81,81.0,ALL,FRGAPO,61
ITG1,2023,F,Y81,81.0,ALL,FRGAPO,62
ITG1,2024,F,Y81,81.0,ALL,FRGAPO,73
ITG1,2021,F,Y81,81.0,ALL,ITL,21617
ITG1,2022,F,Y81,81.0,ALL,ITL,18475
ITG1,2023,F,Y81,81.0,ALL,ITL,18025
ITG1,2024,F,Y81,81.0,ALL,ITL,17852
ITG1,2021,F,Y81,81.0,ALL,TOTAL,21674
ITG1,2022,F,Y81,81.0,ALL,TOTAL,18536
ITG1,2023,F,Y81,81.0,ALL,TOTAL,18087
ITG1,2024,F,Y81,81.0,ALL,TOTAL,17925
ITG1,2021,F,Y82,82.0,ALL,FRGAPO,59
ITG1,2022,F,Y82,82.0,ALL,FRGAPO,53
ITG1,2023,F,Y82,82.0,ALL,FRGAPO,57
ITG1,2024,F,Y82,82.0,ALL,FRGAPO,62
ITG1,2021,F,Y82,82.0,ALL,ITL,19991
ITG1,2022,F,Y82,82.0,ALL,ITL,20490
ITG1,2023,F,Y82,82.0,ALL,ITL,17587
ITG1,2024,F,Y82,82.0,ALL,ITL,17235
ITG1,2021,F,Y82,82.0,ALL,TOTAL,20050
ITG1,2022,F,Y82,82.0,ALL,TOTAL,20543
ITG1,2023,F,Y82,82.0,ALL,TOTAL,17644
ITG1,2024,F,Y82,82.0,ALL,TOTAL,17297
ITG1,2021,F,Y83,83.0,ALL,FRGAPO,38
ITG1,2022,F,Y83,83.0,ALL,FRGAPO,55
ITG1,2023,F,Y83,83.0,ALL,FRGAPO,51
ITG1,2024,F,Y83,83.0,ALL,FRGAPO,60
ITG1,2021,F,Y83,83.0,ALL,ITL,18524
ITG1,2022,F,Y83,83.0,ALL,ITL,18819
ITG1,2023,F,Y83,83.0,ALL,ITL,19344
ITG1,2024,F,Y83,83.0,ALL,ITL,16735
ITG1,2021,F,Y83,83.0,ALL,TOTAL,18562
ITG1,2022,F,Y83,83.0,ALL,TOTAL,18874
ITG1,2023,F,Y83,83.0,ALL,TOTAL,19395
ITG1,2024,F,Y83,83.0,ALL,TOTAL,16795
ITG1,2021,F,Y84,84.0,ALL,FRGAPO,40
ITG1,2022,F,Y84,84.0,ALL,FRGAPO,43
ITG1,2023,F,Y84,84.0,ALL,FRGAPO,55
ITG1,2024,F,Y84,84.0,ALL,FRGAPO,52
ITG1,2021,F,Y84,84.0,ALL,ITL,15994
ITG1,2022,F,Y84,84.0,ALL,ITL,17360
ITG1,2023,F,Y84,84.0,ALL,ITL,17653
ITG1,2024,F,Y84,84.0,ALL,ITL,18244
ITG1,2021,F,Y84,84.0,ALL,TOTAL,16034
ITG1,2022,F,Y84,84.0,ALL,TOTAL,17403
ITG1,2023,F,Y84,84.0,ALL,TOTAL,17708
ITG1,2024,F,Y84,84.0,ALL,TOTAL,18296
ITG1,2021,F,Y85,85.0,ALL,FRGAPO,31
ITG1,2022,F,Y85,85.0,ALL,FRGAPO,41
ITG1,2023,F,Y85,85.0,ALL,FRGAPO,43
ITG1,2024,F,Y85,85.0,ALL,FRGAPO,53
ITG1,2021,F,Y85,85.0,ALL,ITL,14812
ITG1,2022,F,Y85,85.0,ALL,ITL,14765
ITG1,2023,F,Y85,85.0,ALL,ITL,16149
ITG1,2024,F,Y85,85.0,ALL,ITL,16452
ITG1,2021,F,Y85,85.0,ALL,TOTAL,14843
ITG1,2022,F,Y85,85.0,ALL,TOTAL,14806
ITG1,2023,F,Y85,85.0,ALL,TOTAL,16192
ITG1,2024,F,Y85,85.0,ALL,TOTAL,16505
ITG1,2021,F,Y86,86.0,ALL,FRGAPO,18
ITG1,2022,F,Y86,86.0,ALL,FRGAPO,31
ITG1,2023,F,Y86,86.0,ALL,FRGAPO,44
ITG1,2024,F,Y86,86.0,ALL,FRGAPO,37
ITG1,2021,F,Y86,86.0,ALL,ITL,14049
ITG1,2022,F,Y86,86.0,ALL,ITL,13479
ITG1,2023,F,Y86,86.0,ALL,ITL,13556
ITG1,2024,F,Y86,86.0,ALL,ITL,14948
ITG1,2021,F,Y86,86.0,ALL,TOTAL,14067
ITG1,2022,F,Y86,86.0,ALL,TOTAL,13510
ITG1,2023,F,Y86,86.0,ALL,TOTAL,13600
ITG1,2024,F,Y86,86.0,ALL,TOTAL,14985
ITG1,2021,F,Y87,87.0,ALL,FRGAPO,25
ITG1,2022,F,Y87,87.0,ALL,FRGAPO,19
ITG1,2023,F,Y87,87.0,ALL,FRGAPO,26
ITG1,2024,F,Y87,87.0,ALL,FRGAPO,43
ITG1,2021,F,Y87,87.0,ALL,ITL,12994
ITG1,2022,F,Y87,87.0,ALL,ITL,12622
ITG1,2023,F,Y87,87.0,ALL,ITL,12195
ITG1,2024,F,Y87,87.0,ALL,ITL,12407
ITG1,2021,F,Y87,87.0,ALL,TOTAL,13019
ITG1,2022,F,Y87,87.0,ALL,TOTAL,12641
ITG1,2023,F,Y87,87.0,ALL,TOTAL,12221
ITG1,2024,F,Y87,87.0,ALL,TOTAL,12450
ITG1,2021,F,Y88,88.0,ALL,FRGAPO,21
ITG1,2022,F,Y88,88.0,ALL,FRGAPO,24
ITG1,2023,F,Y88,88.0,ALL,FRGAPO,20
ITG1,2024,F,Y88,88.0,ALL,FRGAPO,23
ITG1,2021,F,Y88,88.0,ALL,ITL,11441
ITG1,2022,F,Y88,88.0,ALL,ITL,11428
ITG1,2023,F,Y88,88.0,ALL,ITL,11239
ITG1,2024,F,Y88,88.0,ALL,ITL,10947
ITG1,2021,F,Y88,88.0,ALL,TOTAL,11462
ITG1,2022,F,Y88,88.0,ALL,TOTAL,11452
ITG1,2023,F,Y88,88.0,ALL,TOTAL,11259
ITG1,2024,F,Y88,88.0,ALL,TOTAL,10970
ITG1,2021,F,Y89,89.0,ALL,FRGAPO,10
ITG1,2022,F,Y89,89.0,ALL,FRGAPO,20
ITG1,2023,F,Y89,89.0,ALL,FRGAPO,24
ITG1,2024,F,Y89,89.0,ALL,FRGAPO,19
ITG1,2021,F,Y89,89.0,ALL,ITL,9693
ITG1,2022,F,Y89,89.0,ALL,ITL,9976
ITG1,2023,F,Y89,89.0,ALL,ITL,10031
ITG1,2024,F,Y89,89.0,ALL,ITL,9965
ITG1,2021,F,Y89,89.0,ALL,TOTAL,9703
ITG1,2022,F,Y89,89.0,ALL,TOTAL,9996
ITG1,2023,F,Y89,89.0,ALL,TOTAL,10055
ITG1,2024,F,Y89,89.0,ALL,TOTAL,9984
ITG1,2021,F,Y9,9.0,ALL,FRGAPO,1067
ITG1,2022,F,Y9,9.0,ALL,FRGAPO,970
ITG1,2023,F,Y9,9.0,ALL,FRGAPO,1015
ITG1,2024,F,Y9,9.0,ALL,FRGAPO,1098
ITG1,2021,F,Y9,9.0,ALL,ITL,21135
ITG1,2022,F,Y9,9.0,ALL,ITL,20073
ITG1,2023,F,Y9,9.0,ALL,ITL,20394
ITG1,2024,F,Y9,9.0,ALL,ITL,19839
ITG1,2021,F,Y9,9.0,ALL,TOTAL,22202
ITG1,2022,F,Y9,9.0,ALL,TOTAL,21043
ITG1,2023,F,Y9,9.0,ALL,TOTAL,21409
ITG1,2024,F,Y9,9.0,ALL,TOTAL,20937
ITG1,2021,F,Y90,90.0,ALL,FRGAPO,11
ITG1,2022,F,Y90,90.0,ALL,FRGAPO,8
ITG1,2023,F,Y90,90.0,ALL,FRGAPO,17
ITG1,2024,F,Y90,90.0,ALL,FRGAPO,21
ITG1,2021,F,Y90,90.0,ALL,ITL,8539
ITG1,2022,F,Y90,90.0,ALL,ITL,8232
ITG1,2023,F,Y90,90.0,ALL,ITL,8611
ITG1,2024,F,Y90,90.0,ALL,ITL,8750
ITG1,2021,F,Y90,90.0,ALL,TOTAL,8550
ITG1,2022,F,Y90,90.0,ALL,TOTAL,8240
ITG1,2023,F,Y90,90.0,ALL,TOTAL,8628
ITG1,2024,F,Y90,90.0,ALL,TOTAL,8771
ITG1,2021,F,Y91,91.0,ALL,FRGAPO,9
ITG1,2022,F,Y91,91.0,ALL,FRGAPO,9
ITG1,2023,F,Y91,91.0,ALL,FRGAPO,8
ITG1,2024,F,Y91,91.0,ALL,FRGAPO,15
ITG1,2021,F,Y91,91.0,ALL,ITL,7778
ITG1,2022,F,Y91,91.0,ALL,ITL,7169
ITG1,2023,F,Y91,91.0,ALL,ITL,6917
ITG1,2024,F,Y91,91.0,ALL,ITL,7371
ITG1,2021,F,Y91,91.0,ALL,TOTAL,7787
ITG1,2022,F,Y91,91.0,ALL,TOTAL,7178
ITG1,2023,F,Y91,91.0,ALL,TOTAL,6925
ITG1,2024,F,Y91,91.0,ALL,TOTAL,7386
ITG1,2021,F,Y92,92.0,ALL,FRGAPO,4
ITG1,2022,F,Y92,92.0,ALL,FRGAPO,9
ITG1,2023,F,Y92,92.0,ALL,FRGAPO,9
ITG1,2024,F,Y92,92.0,ALL,FRGAPO,8
ITG1,2021,F,Y92,92.0,ALL,ITL,5692
ITG1,2022,F,Y92,92.0,ALL,ITL,6366
ITG1,2023,F,Y92,92.0,ALL,ITL,5915
ITG1,2024,F,Y92,92.0,ALL,ITL,5803
ITG1,2021,F,Y92,92.0,ALL,TOTAL,5696
ITG1,2022,F,Y92,92.0,ALL,TOTAL,6375
ITG1,2023,F,Y92,92.0,ALL,TOTAL,5924
ITG1,2024,F,Y92,92.0,ALL,TOTAL,5811
ITG1,2021,F,Y93,93.0,ALL,FRGAPO,5
ITG1,2022,F,Y93,93.0,ALL,FRGAPO,4
ITG1,2023,F,Y93,93.0,ALL,FRGAPO,8
ITG1,2024,F,Y93,93.0,ALL,FRGAPO,9
ITG1,2021,F,Y93,93.0,ALL,ITL,4670
ITG1,2022,F,Y93,93.0,ALL,ITL,4414
ITG1,2023,F,Y93,93.0,ALL,ITL,5085
ITG1,2024,F,Y93,93.0,ALL,ITL,4822
ITG1,2021,F,Y93,93.0,ALL,TOTAL,4675
ITG1,2022,F,Y93,93.0,ALL,TOTAL,4418
ITG1,2023,F,Y93,93.0,ALL,TOTAL,5093
ITG1,2024,F,Y93,93.0,ALL,TOTAL,4831
ITG1,2021,F,Y94,94.0,ALL,FRGAPO,9
ITG1,2022,F,Y94,94.0,ALL,FRGAPO,5
ITG1,2023,F,Y94,94.0,ALL,FRGAPO,3
ITG1,2024,F,Y94,94.0,ALL,FRGAPO,6
ITG1,2021,F,Y94,94.0,ALL,ITL,3388
ITG1,2022,F,Y94,94.0,ALL,ITL,3556
ITG1,2023,F,Y94,94.0,ALL,ITL,3476
ITG1,2024,F,Y94,94.0,ALL,ITL,4114
ITG1,2021,F,Y94,94.0,ALL,TOTAL,3397
ITG1,2022,F,Y94,94.0,ALL,TOTAL,3561
ITG1,2023,F,Y94,94.0,ALL,TOTAL,3479
ITG1,2024,F,Y94,94.0,ALL,TOTAL,4120
ITG1,2021,F,Y95,95.0,ALL,FRGAPO,1
ITG1,2022,F,Y95,95.0,ALL,FRGAPO,8
ITG1,2023,F,Y95,95.0,ALL,FRGAPO,5
ITG1,2024,F,Y95,95.0,ALL,FRGAPO,3
ITG1,2021,F,Y95,95.0,ALL,ITL,2766
ITG1,2022,F,Y95,95.0,ALL,ITL,2531
ITG1,2023,F,Y95,95.0,ALL,ITL,2705
ITG1,2024,F,Y95,95.0,ALL,ITL,2725
ITG1,2021,F,Y95,95.0,ALL,TOTAL,2767
ITG1,2022,F,Y95,95.0,ALL,TOTAL,2539
ITG1,2023,F,Y95,95.0,ALL,TOTAL,2710
ITG1,2024,F,Y95,95.0,ALL,TOTAL,2728
ITG1,2021,F,Y96,96.0,ALL,FRGAPO,2
ITG1,2022,F,Y96,96.0,ALL,FRGAPO,1
ITG1,2023,F,Y96,96.0,ALL,FRGAPO,4
ITG1,2024,F,Y96,96.0,ALL,FRGAPO,4
ITG1,2021,F,Y96,96.0,ALL,ITL,1986
ITG1,2022,F,Y96,96.0,ALL,ITL,2032
ITG1,2023,F,Y96,96.0,ALL,ITL,1879
ITG1,2024,F,Y96,96.0,ALL,ITL,2037
ITG1,2021,F,Y96,96.0,ALL,TOTAL,1988
ITG1,2022,F,Y96,96.0,ALL,TOTAL,2033
ITG1,2023,F,Y96,96.0,ALL,TOTAL,1883
ITG1,2024,F,Y96,96.0,ALL,TOTAL,2041
ITG1,2021,F,Y97,97.0,ALL,FRGAPO,2
ITG1,2022,F,Y97,97.0,ALL,FRGAPO,2
ITG1,2023,F,Y97,97.0,ALL,FRGAPO,1
ITG1,2024,F,Y97,97.0,ALL,FRGAPO,3
ITG1,2021,F,Y97,97.0,ALL,ITL,1513
ITG1,2022,F,Y97,97.0,ALL,ITL,1392
ITG1,2023,F,Y97,97.0,ALL,ITL,1446
ITG1,2024,F,Y97,97.0,ALL,ITL,1365
ITG1,2021,F,Y97,97.0,ALL,TOTAL,1515
ITG1,2022,F,Y97,97.0,ALL,TOTAL,1394
ITG1,2023,F,Y97,97.0,ALL,TOTAL,1447
ITG1,2024,F,Y97,97.0,ALL,TOTAL,1368
ITG1,2021,F,Y98,98.0,ALL,FRGAPO,3
ITG1,2022,F,Y98,98.0,ALL,FRGAPO,1
ITG1,2023,F,Y98,98.0,ALL,FRGAPO,2
ITG1,2024,F,Y98,98.0,ALL,FRGAPO,3
ITG1,2021,F,Y98,98.0,ALL,ITL,968
ITG1,2022,F,Y98,98.0,ALL,ITL,1026
ITG1,2023,F,Y98,98.0,ALL,ITL,1019
ITG1,2024,F,Y98,98.0,ALL,ITL,1055
ITG1,2021,F,Y98,98.0,ALL,TOTAL,971
ITG1,2022,F,Y98,98.0,ALL,TOTAL,1027
ITG1,2023,F,Y98,98.0,ALL,TOTAL,1021
ITG1,2024,F,Y98,98.0,ALL,TOTAL,1058
ITG1,2021,F,Y99,99.0,ALL,FRGAPO,1
ITG1,2022,F,Y99,99.0,ALL,FRGAPO,3
ITG1,2023,F,Y99,99.0,ALL,FRGAPO,2
ITG1,2024,F,Y99,99.0,ALL,FRGAPO,2
ITG1,2021,F,Y99,99.0,ALL,ITL,698
ITG1,2022,F,Y99,99.0,ALL,ITL,639
ITG1,2023,F,Y99,99.0,ALL,ITL,737
ITG1,2024,F,Y99,99.0,ALL,ITL,734
ITG1,2021,F,Y99,99.0,ALL,TOTAL,699
ITG1,2022,F,Y99,99.0,ALL,TOTAL,642
ITG1,2023,F,Y99,99.0,ALL,TOTAL,739
ITG1,2024,F,Y99,99.0,ALL,TOTAL,736
ITG1,2018,M,TOTAL,,ALL,FRGAPO,98999
ITG1,2019,M,TOTAL,,ALL,FRGAPO,99379
ITG1,2020,M,TOTAL,,ALL,FRGAPO,98211
ITG1,2021,M,TOTAL,,ALL,FRGAPO,98148
ITG1,2022,M,TOTAL,,ALL,FRGAPO,101611
ITG1,2023,M,TOTAL,,ALL,FRGAPO,105692
ITG1,2024,M,TOTAL,,ALL,FRGAPO,112579
ITG1,2018,M,TOTAL,,ALL,ITL,2288654
ITG1,2019,M,TOTAL,,ALL,ITL,2271563
ITG1,2020,M,TOTAL,,ALL,ITL,2248548
ITG1,2021,M,TOTAL,,ALL,ITL,2255625
ITG1,2022,M,TOTAL,,ALL,ITL,2243786
ITG1,2023,M,TOTAL,,ALL,ITL,2233774
ITG1,2024,M,TOTAL,,ALL,ITL,2223785
ITG1,2018,M,TOTAL,,ALL,TOTAL,2387653
ITG1,2019,M,TOTAL,,ALL,TOTAL,2370942
ITG1,2020,M,TOTAL,,ALL,TOTAL,2346759
ITG1,2021,M,TOTAL,,ALL,TOTAL,2353773
ITG1,2022,M,TOTAL,,ALL,TOTAL,2345397
ITG1,2023,M,TOTAL,,ALL,TOTAL,2339466
ITG1,2024,M,TOTAL,,ALL,TOTAL,2336364
ITG1,2020,M,Y_GE100,,ALL,FRGAPO,1
ITG1,2021,M,Y_GE100,,ALL,FRGAPO,2
ITG1,2022,M,Y_GE100,,ALL,FRGAPO,6
ITG1,2023,M,Y_GE100,,ALL,FRGAPO,6
ITG1,2024,M,Y_GE100,,ALL,FRGAPO,11
ITG1,2018,M,Y_GE100,,ALL,ITL,187
ITG1,2019,M,Y_GE100,,ALL,ITL,206
ITG1,2020,M,Y_GE100,,ALL,ITL,235
ITG1,2021,M,Y_GE100,,ALL,ITL,286
ITG1,2022,M,Y_GE100,,ALL,ITL,295
ITG1,2023,M,Y_GE100,,ALL,ITL,289
ITG1,2024,M,Y_GE100,,ALL,ITL,344
ITG1,2018,M,Y_GE100,,ALL,TOTAL,187
ITG1,2019,M,Y_GE100,,ALL,TOTAL,206
ITG1,2020,M,Y_GE100,,ALL,TOTAL,236
ITG1,2021,M,Y_GE100,,ALL,TOTAL,288
ITG1,2022,M,Y_GE100,,ALL,TOTAL,301
ITG1,2023,M,Y_GE100,,ALL,TOTAL,295
ITG1,2024,M,Y_GE100,,ALL,TOTAL,355
ITG1,2021,M,Y0,0.0,ALL,FRGAPO,966
ITG1,2022,M,Y0,0.0,ALL,FRGAPO,970
ITG1,2023,M,Y0,0.0,ALL,FRGAPO,878
ITG1,2024,M,Y0,0.0,ALL,FRGAPO,945
ITG1,2021,M,Y0,0.0,ALL,ITL,18066
ITG1,2022,M,Y0,0.0,ALL,ITL,18124
ITG1,2023,M,Y0,0.0,ALL,ITL,17254
ITG1,2024,M,Y0,0.0,ALL,ITL,16374
ITG1,2021,M,Y0,0.0,ALL,TOTAL,19032
ITG1,2022,M,Y0,0.0,ALL,TOTAL,19094
ITG1,2023,M,Y0,0.0,ALL,TOTAL,18132
ITG1,2024,M,Y0,0.0,ALL,TOTAL,17319
ITG1,2021,M,Y1,1.0,ALL,FRGAPO,1068
ITG1,2022,M,Y1,1.0,ALL,FRGAPO,979
ITG1,2023,M,Y1,1.0,ALL,FRGAPO,977
ITG1,2024,M,Y1,1.0,ALL,FRGAPO,923
ITG1,2021,M,Y1,1.0,ALL,ITL,18301
ITG1,2022,M,Y1,1.0,ALL,ITL,18158
ITG1,2023,M,Y1,1.0,ALL,ITL,18282
ITG1,2024,M,Y1,1.0,ALL,ITL,17390
ITG1,2021,M,Y1,1.0,ALL,TOTAL,19369
ITG1,2022,M,Y1,1.0,ALL,TOTAL,19137
ITG1,2023,M,Y1,1.0,ALL,TOTAL,19259
ITG1,2024,M,Y1,1.0,ALL,TOTAL,18313
ITG1,2021,M,Y10,10.0,ALL,FRGAPO,1069
ITG1,2022,M,Y10,10.0,ALL,FRGAPO,1124
ITG1,2023,M,Y10,10.0,ALL,FRGAPO,1050
ITG1,2024,M,Y10,10.0,ALL,FRGAPO,1121
ITG1,2021,M,Y10,10.0,ALL,ITL,22306
ITG1,2022,M,Y10,10.0,ALL,ITL,22019
ITG1,2023,M,Y10,10.0,ALL,ITL,21134
ITG1,2024,M,Y10,10.0,ALL,ITL,21530
ITG1,2021,M,Y10,10.0,ALL,TOTAL,23375
ITG1,2022,M,Y10,10.0,ALL,TOTAL,23143
ITG1,2023,M,Y10,10.0,ALL,TOTAL,22184
ITG1,2024,M,Y10,10.0,ALL,TOTAL,22651
ITG1,2021,M,Y11,11.0,ALL,FRGAPO,1016
ITG1,2022,M,Y11,11.0,ALL,FRGAPO,1069
ITG1,2023,M,Y11,11.0,ALL,FRGAPO,1142
ITG1,2024,M,Y11,11.0,ALL,FRGAPO,1074
ITG1,2021,M,Y11,11.0,ALL,ITL,23030
ITG1,2022,M,Y11,11.0,ALL,ITL,22324
ITG1,2023,M,Y11,11.0,ALL,ITL,22069
ITG1,2024,M,Y11,11.0,ALL,ITL,21175
ITG1,2021,M,Y11,11.0,ALL,TOTAL,24046
ITG1,2022,M,Y11,11.0,ALL,TOTAL,23393
ITG1,2023,M,Y11,11.0,ALL,TOTAL,23211
ITG1,2024,M,Y11,11.0,ALL,TOTAL,22249
ITG1,2021,M,Y12,12.0,ALL,FRGAPO,993
ITG1,2022,M,Y12,12.0,ALL,FRGAPO,1031
ITG1,2023,M,Y12,12.0,ALL,FRGAPO,1099
ITG1,2024,M,Y12,12.0,ALL,FRGAPO,1171
ITG1,2021,M,Y12,12.0,ALL,ITL,23743
ITG1,2022,M,Y12,12.0,ALL,ITL,23047
ITG1,2023,M,Y12,12.0,ALL,ITL,22357
ITG1,2024,M,Y12,12.0,ALL,ITL,22111
ITG1,2021,M,Y12,12.0,ALL,TOTAL,24736
ITG1,2022,M,Y12,12.0,ALL,TOTAL,24078
ITG1,2023,M,Y12,12.0,ALL,TOTAL,23456
ITG1,2024,M,Y12,12.0,ALL,TOTAL,23282
ITG1,2021,M,Y13,13.0,ALL,FRGAPO,1014
ITG1,2022,M,Y13,13.0,ALL,FRGAPO,990
ITG1,2023,M,Y13,13.0,ALL,FRGAPO,1074
ITG1,2024,M,Y13,13.0,ALL,FRGAPO,1151
ITG1,2021,M,Y13,13.0,ALL,ITL,24098
ITG1,2022,M,Y13,13.0,ALL,ITL,23761
ITG1,2023,M,Y13,13.0,ALL,ITL,23064
ITG1,2024,M,Y13,13.0,ALL,ITL,22380
ITG1,2021,M,Y13,13.0,ALL,TOTAL,25112
ITG1,2022,M,Y13,13.0,ALL,TOTAL,24751
ITG1,2023,M,Y13,13.0,ALL,TOTAL,24138
ITG1,2024,M,Y13,13.0,ALL,TOTAL,23531
ITG1,2021,M,Y14,14.0,ALL,FRGAPO,1039
ITG1,2022,M,Y14,14.0,ALL,FRGAPO,1045
ITG1,2023,M,Y14,14.0,ALL,FRGAPO,1044
ITG1,2024,M,Y14,14.0,ALL,FRGAPO,1127
ITG1,2021,M,Y14,14.0,ALL,ITL,23862
ITG1,2022,M,Y14,14.0,ALL,ITL,24109
ITG1,2023,M,Y14,14.0,ALL,ITL,23780
ITG1,2024,M,Y14,14.0,ALL,ITL,23069
ITG1,2021,M,Y14,14.0,ALL,TOTAL,24901
ITG1,2022,M,Y14,14.0,ALL,TOTAL,25154
ITG1,2023,M,Y14,14.0,ALL,TOTAL,24824
ITG1,2024,M,Y14,14.0,ALL,TOTAL,24196
ITG1,2021,M,Y15,15.0,ALL,FRGAPO,983
ITG1,2022,M,Y15,15.0,ALL,FRGAPO,1072
ITG1,2023,M,Y15,15.0,ALL,FRGAPO,1178
ITG1,2024,M,Y15,15.0,ALL,FRGAPO,1166
ITG1,2021,M,Y15,15.0,ALL,ITL,24871
ITG1,2022,M,Y15,15.0,ALL,ITL,23861
ITG1,2023,M,Y15,15.0,ALL,ITL,24108
ITG1,2024,M,Y15,15.0,ALL,ITL,23782
ITG1,2021,M,Y15,15.0,ALL,TOTAL,25854
ITG1,2022,M,Y15,15.0,ALL,TOTAL,24933
ITG1,2023,M,Y15,15.0,ALL,TOTAL,25286
ITG1,2024,M,Y15,15.0,ALL,TOTAL,24948
ITG1,2021,M,Y16,16.0,ALL,FRGAPO,1018
ITG1,2022,M,Y16,16.0,ALL,FRGAPO,1091
ITG1,2023,M,Y16,16.0,ALL,FRGAPO,1353
ITG1,2024,M,Y16,16.0,ALL,FRGAPO,1498
ITG1,2021,M,Y16,16.0,ALL,ITL,25131
ITG1,2022,M,Y16,16.0,ALL,ITL,24864
ITG1,2023,M,Y16,16.0,ALL,ITL,23906
ITG1,2024,M,Y16,16.0,ALL,ITL,24135
ITG1,2021,M,Y16,16.0,ALL,TOTAL,26149
ITG1,2022,M,Y16,16.0,ALL,TOTAL,25955
ITG1,2023,M,Y16,16.0,ALL,TOTAL,25259
ITG1,2024,M,Y16,16.0,ALL,TOTAL,25633
ITG1,2021,M,Y17,17.0,ALL,FRGAPO,1197
ITG1,2022,M,Y17,17.0,ALL,FRGAPO,1285
ITG1,2023,M,Y17,17.0,ALL,FRGAPO,1607
ITG1,2024,M,Y17,17.0,ALL,FRGAPO,2142
ITG1,2021,M,Y17,17.0,ALL,ITL,25599
ITG1,2022,M,Y17,17.0,ALL,ITL,25142
ITG1,2023,M,Y17,17.0,ALL,ITL,24895
ITG1,2024,M,Y17,17.0,ALL,ITL,23907
ITG1,2021,M,Y17,17.0,ALL,TOTAL,26796
ITG1,2022,M,Y17,17.0,ALL,TOTAL,26427
ITG1,2023,M,Y17,17.0,ALL,TOTAL,26502
ITG1,2024,M,Y17,17.0,ALL,TOTAL,26049
ITG1,2021,M,Y18,18.0,ALL,FRGAPO,1424
ITG1,2022,M,Y18,18.0,ALL,FRGAPO,1799
ITG1,2023,M,Y18,18.0,ALL,FRGAPO,1811
ITG1,2024,M,Y18,18.0,ALL,FRGAPO,2232
ITG1,2021,M,Y18,18.0,ALL,ITL,24875
ITG1,2022,M,Y18,18.0,ALL,ITL,25666
ITG1,2023,M,Y18,18.0,ALL,ITL,25273
ITG1,2024,M,Y18,18.0,ALL,ITL,25007
ITG1,2021,M,Y18,18.0,ALL,TOTAL,26299
ITG1,2022,M,Y18,18.0,ALL,TOTAL,27465
ITG1,2023,M,Y18,18.0,ALL,TOTAL,27084
ITG1,2024,M,Y18,18.0,ALL,TOTAL,27239
ITG1,2021,M,Y19,19.0,ALL,FRGAPO,1232
ITG1,2022,M,Y19,19.0,ALL,FRGAPO,1616
ITG1,2023,M,Y19,19.0,ALL,FRGAPO,2092
ITG1,2024,M,Y19,19.0,ALL,FRGAPO,2030
ITG1,2021,M,Y19,19.0,ALL,ITL,24884
ITG1,2022,M,Y19,19.0,ALL,ITL,25008
ITG1,2023,M,Y19,19.0,ALL,ITL,25660
ITG1,2024,M,Y19,19.0,ALL,ITL,25258
ITG1,2021,M,Y19,19.0,ALL,TOTAL,26116
ITG1,2022,M,Y19,19.0,ALL,TOTAL,26624
ITG1,2023,M,Y19,19.0,ALL,TOTAL,27752
ITG1,2024,M,Y19,19.0,ALL,TOTAL,27288
ITG1,2021,M,Y2,2.0,ALL,FRGAPO,1140
ITG1,2022,M,Y2,2.0,ALL,FRGAPO,1090
ITG1,2023,M,Y2,2.0,ALL,FRGAPO,992
ITG1,2024,M,Y2,2.0,ALL,FRGAPO,1000
ITG1,2021,M,Y2,2.0,ALL,ITL,18884
ITG1,2022,M,Y2,2.0,ALL,ITL,18393
ITG1,2023,M,Y2,2.0,ALL,ITL,18257
ITG1,2024,M,Y2,2.0,ALL,ITL,18370
ITG1,2021,M,Y2,2.0,ALL,TOTAL,20024
ITG1,2022,M,Y2,2.0,ALL,TOTAL,19483
ITG1,2023,M,Y2,2.0,ALL,TOTAL,19249
ITG1,2024,M,Y2,2.0,ALL,TOTAL,19370
ITG1,2021,M,Y20,20.0,ALL,FRGAPO,1691
ITG1,2022,M,Y20,20.0,ALL,FRGAPO,1337
ITG1,2023,M,Y20,20.0,ALL,FRGAPO,1668
ITG1,2024,M,Y20,20.0,ALL,FRGAPO,2188
ITG1,2021,M,Y20,20.0,ALL,ITL,25247
ITG1,2022,M,Y20,20.0,ALL,ITL,24869
ITG1,2023,M,Y20,20.0,ALL,ITL,24900
ITG1,2024,M,Y20,20.0,ALL,ITL,25507
ITG1,2021,M,Y20,20.0,ALL,TOTAL,26938
ITG1,2022,M,Y20,20.0,ALL,TOTAL,26206
ITG1,2023,M,Y20,20.0,ALL,TOTAL,26568
ITG1,2024,M,Y20,20.0,ALL,TOTAL,27695
ITG1,2021,M,Y21,21.0,ALL,FRGAPO,2617
ITG1,2022,M,Y21,21.0,ALL,FRGAPO,1682
ITG1,2023,M,Y21,21.0,ALL,FRGAPO,1449
ITG1,2024,M,Y21,21.0,ALL,FRGAPO,1863
ITG1,2021,M,Y21,21.0,ALL,ITL,25059
ITG1,2022,M,Y21,21.0,ALL,ITL,25164
ITG1,2023,M,Y21,21.0,ALL,ITL,24754
ITG1,2024,M,Y21,21.0,ALL,ITL,24866
ITG1,2021,M,Y21,21.0,ALL,TOTAL,27676
ITG1,2022,M,Y21,21.0,ALL,TOTAL,26846
ITG1,2023,M,Y21,21.0,ALL,TOTAL,26203
ITG1,2024,M,Y21,21.0,ALL,TOTAL,26729
ITG1,2021,M,Y22,22.0,ALL,FRGAPO,2648
ITG1,2022,M,Y22,22.0,ALL,FRGAPO,2541
ITG1,2023,M,Y22,22.0,ALL,FRGAPO,1738
ITG1,2024,M,Y22,22.0,ALL,FRGAPO,1689
ITG1,2021,M,Y22,22.0,ALL,ITL,24806
ITG1,2022,M,Y22,22.0,ALL,ITL,25025
ITG1,2023,M,Y22,22.0,ALL,ITL,24878
ITG1,2024,M,Y22,22.0,ALL,ITL,24534
ITG1,2021,M,Y22,22.0,ALL,TOTAL,27454
ITG1,2022,M,Y22,22.0,ALL,TOTAL,27566
ITG1,2023,M,Y22,22.0,ALL,TOTAL,26616
ITG1,2024,M,Y22,22.0,ALL,TOTAL,26223
ITG1,2021,M,Y23,23.0,ALL,FRGAPO,2035
ITG1,2022,M,Y23,23.0,ALL,FRGAPO,2638
ITG1,2023,M,Y23,23.0,ALL,FRGAPO,2503
ITG1,2024,M,Y23,23.0,ALL,FRGAPO,1956
ITG1,2021,M,Y23,23.0,ALL,ITL,24818
ITG1,2022,M,Y23,23.0,ALL,ITL,24680
ITG1,2023,M,Y23,23.0,ALL,ITL,24778
ITG1,2024,M,Y23,23.0,ALL,ITL,24632
ITG1,2021,M,Y23,23.0,ALL,TOTAL,26853
ITG1,2022,M,Y23,23.0,ALL,TOTAL,27318
ITG1,2023,M,Y23,23.0,ALL,TOTAL,27281
ITG1,2024,M,Y23,23.0,ALL,TOTAL,26588
ITG1,2021,M,Y24,24.0,ALL,FRGAPO,1783
ITG1,2022,M,Y24,24.0,ALL,FRGAPO,2094
ITG1,2023,M,Y24,24.0,ALL,FRGAPO,2675
ITG1,2024,M,Y24,24.0,ALL,FRGAPO,2771
ITG1,2021,M,Y24,24.0,ALL,ITL,24997
ITG1,2022,M,Y24,24.0,ALL,ITL,24638
ITG1,2023,M,Y24,24.0,ALL,ITL,24383
ITG1,2024,M,Y24,24.0,ALL,ITL,24544
ITG1,2021,M,Y24,24.0,ALL,TOTAL,26780
ITG1,2022,M,Y24,24.0,ALL,TOTAL,26732
ITG1,2023,M,Y24,24.0,ALL,TOTAL,27058
ITG1,2024,M,Y24,24.0,ALL,TOTAL,27315
ITG1,2021,M,Y25,25.0,ALL,FRGAPO,1609
ITG1,2022,M,Y25,25.0,ALL,FRGAPO,1892
ITG1,2023,M,Y25,25.0,ALL,FRGAPO,2252
ITG1,2024,M,Y25,25.0,ALL,FRGAPO,2913
ITG1,2021,M,Y25,25.0,ALL,ITL,25037
ITG1,2022,M,Y25,25.0,ALL,ITL,24699
ITG1,2023,M,Y25,25.0,ALL,ITL,24276
ITG1,2024,M,Y25,25.0,ALL,ITL,24049
ITG1,2021,M,Y25,25.0,ALL,TOTAL,26646
ITG1,2022,M,Y25,25.0,ALL,TOTAL,26591
ITG1,2023,M,Y25,25.0,ALL,TOTAL,26528
ITG1,2024,M,Y25,25.0,ALL,TOTAL,26962
ITG1,2021,M,Y26,26.0,ALL,FRGAPO,1566
ITG1,2022,M,Y26,26.0,ALL,FRGAPO,1748
ITG1,2023,M,Y26,26.0,ALL,FRGAPO,2032
ITG1,2024,M,Y26,26.0,ALL,FRGAPO,2460
ITG1,2021,M,Y26,26.0,ALL,ITL,24954
ITG1,2022,M,Y26,26.0,ALL,ITL,24583
ITG1,2023,M,Y26,26.0,ALL,ITL,24268
ITG1,2024,M,Y26,26.0,ALL,ITL,23944
ITG1,2021,M,Y26,26.0,ALL,TOTAL,26520
ITG1,2022,M,Y26,26.0,ALL,TOTAL,26331
ITG1,2023,M,Y26,26.0,ALL,TOTAL,26300
ITG1,2024,M,Y26,26.0,ALL,TOTAL,26404
ITG1,2021,M,Y27,27.0,ALL,FRGAPO,1663
ITG1,2022,M,Y27,27.0,ALL,FRGAPO,1726
ITG1,2023,M,Y27,27.0,ALL,FRGAPO,1944
ITG1,2024,M,Y27,27.0,ALL,FRGAPO,2294
ITG1,2021,M,Y27,27.0,ALL,ITL,25333
ITG1,2022,M,Y27,27.0,ALL,ITL,24480
ITG1,2023,M,Y27,27.0,ALL,ITL,24088
ITG1,2024,M,Y27,27.0,ALL,ITL,23880
ITG1,2021,M,Y27,27.0,ALL,TOTAL,26996
ITG1,2022,M,Y27,27.0,ALL,TOTAL,26206
ITG1,2023,M,Y27,27.0,ALL,TOTAL,26032
ITG1,2024,M,Y27,27.0,ALL,TOTAL,26174
ITG1,2021,M,Y28,28.0,ALL,FRGAPO,1484
ITG1,2022,M,Y28,28.0,ALL,FRGAPO,1821
ITG1,2023,M,Y28,28.0,ALL,FRGAPO,1866
ITG1,2024,M,Y28,28.0,ALL,FRGAPO,2182
ITG1,2021,M,Y28,28.0,ALL,ITL,25869
ITG1,2022,M,Y28,28.0,ALL,ITL,24922
ITG1,2023,M,Y28,28.0,ALL,ITL,24052
ITG1,2024,M,Y28,28.0,ALL,ITL,23725
ITG1,2021,M,Y28,28.0,ALL,TOTAL,27353
ITG1,2022,M,Y28,28.0,ALL,TOTAL,26743
ITG1,2023,M,Y28,28.0,ALL,TOTAL,25918
ITG1,2024,M,Y28,28.0,ALL,TOTAL,25907
ITG1,2021,M,Y29,29.0,ALL,FRGAPO,1658
ITG1,2022,M,Y29,29.0,ALL,FRGAPO,1636
ITG1,2023,M,Y29,29.0,ALL,FRGAPO,1953
ITG1,2024,M,Y29,29.0,ALL,FRGAPO,2060
ITG1,2021,M,Y29,29.0,ALL,ITL,26880
ITG1,2022,M,Y29,29.0,ALL,ITL,25492
ITG1,2023,M,Y29,29.0,ALL,ITL,24472
ITG1,2024,M,Y29,29.0,ALL,ITL,23758
ITG1,2021,M,Y29,29.0,ALL,TOTAL,28538
ITG1,2022,M,Y29,29.0,ALL,TOTAL,27128
ITG1,2023,M,Y29,29.0,ALL,TOTAL,26425
ITG1,2024,M,Y29,29.0,ALL,TOTAL,25818
ITG1,2021,M,Y3,3.0,ALL,FRGAPO,1185
ITG1,2022,M,Y3,3.0,ALL,FRGAPO,1150
ITG1,2023,M,Y3,3.0,ALL,FRGAPO,1092
ITG1,2024,M,Y3,3.0,ALL,FRGAPO,1029
ITG1,2021,M,Y3,3.0,ALL,ITL,19567
ITG1,2022,M,Y3,3.0,ALL,ITL,18941
ITG1,2023,M,Y3,3.0,ALL,ITL,18498
ITG1,2024,M,Y3,3.0,ALL,ITL,18315
ITG1,2021,M,Y3,3.0,ALL,TOTAL,20752
ITG1,2022,M,Y3,3.0,ALL,TOTAL,20091
ITG1,2023,M,Y3,3.0,ALL,TOTAL,19590
ITG1,2024,M,Y3,3.0,ALL,TOTAL,19344
ITG1,2021,M,Y30,30.0,ALL,FRGAPO,1636
ITG1,2022,M,Y30,30.0,ALL,FRGAPO,1811
ITG1,2023,M,Y30,30.0,ALL,FRGAPO,1796
ITG1,2024,M,Y30,30.0,ALL,FRGAPO,2176
ITG1,2021,M,Y30,30.0,ALL,ITL,26541
ITG1,2022,M,Y30,30.0,ALL,ITL,26430
ITG1,2023,M,Y30,30.0,ALL,ITL,25153
ITG1,2024,M,Y30,30.0,ALL,ITL,24150
ITG1,2021,M,Y30,30.0,ALL,TOTAL,28177
ITG1,2022,M,Y30,30.0,ALL,TOTAL,28241
ITG1,2023,M,Y30,30.0,ALL,TOTAL,26949
ITG1,2024,M,Y30,30.0,ALL,TOTAL,26326
ITG1,2021,M,Y31,31.0,ALL,FRGAPO,1903
ITG1,2022,M,Y31,31.0,ALL,FRGAPO,1745
ITG1,2023,M,Y31,31.0,ALL,FRGAPO,1946
ITG1,2024,M,Y31,31.0,ALL,FRGAPO,1972
ITG1,2021,M,Y31,31.0,ALL,ITL,26458
ITG1,2022,M,Y31,31.0,ALL,ITL,26247
ITG1,2023,M,Y31,31.0,ALL,ITL,26114
ITG1,2024,M,Y31,31.0,ALL,ITL,24826
ITG1,2021,M,Y31,31.0,ALL,TOTAL,28361
ITG1,2022,M,Y31,31.0,ALL,TOTAL,27992
ITG1,2023,M,Y31,31.0,ALL,TOTAL,28060
ITG1,2024,M,Y31,31.0,ALL,TOTAL,26798
ITG1,2021,M,Y32,32.0,ALL,FRGAPO,1893
ITG1,2022,M,Y32,32.0,ALL,FRGAPO,1992
ITG1,2023,M,Y32,32.0,ALL,FRGAPO,1824
ITG1,2024,M,Y32,32.0,ALL,FRGAPO,2148
ITG1,2021,M,Y32,32.0,ALL,ITL,26417
ITG1,2022,M,Y32,32.0,ALL,ITL,26218
ITG1,2023,M,Y32,32.0,ALL,ITL,25932
ITG1,2024,M,Y32,32.0,ALL,ITL,25852
ITG1,2021,M,Y32,32.0,ALL,TOTAL,28310
ITG1,2022,M,Y32,32.0,ALL,TOTAL,28210
ITG1,2023,M,Y32,32.0,ALL,TOTAL,27756
ITG1,2024,M,Y32,32.0,ALL,TOTAL,28000
ITG1,2021,M,Y33,33.0,ALL,FRGAPO,2135
ITG1,2022,M,Y33,33.0,ALL,FRGAPO,1978
ITG1,2023,M,Y33,33.0,ALL,FRGAPO,2145
ITG1,2024,M,Y33,33.0,ALL,FRGAPO,1991
ITG1,2021,M,Y33,33.0,ALL,ITL,26732
ITG1,2022,M,Y33,33.0,ALL,ITL,26190
ITG1,2023,M,Y33,33.0,ALL,ITL,26005
ITG1,2024,M,Y33,33.0,ALL,ITL,25779
ITG1,2021,M,Y33,33.0,ALL,TOTAL,28867
ITG1,2022,M,Y33,33.0,ALL,TOTAL,28168
ITG1,2023,M,Y33,33.0,ALL,TOTAL,28150
ITG1,2024,M,Y33,33.0,ALL,TOTAL,27770
ITG1,2021,M,Y34,34.0,ALL,FRGAPO,2153
ITG1,2022,M,Y34,34.0,ALL,FRGAPO,2258
ITG1,2023,M,Y34,34.0,ALL,FRGAPO,2071
ITG1,2024,M,Y34,34.0,ALL,FRGAPO,2304
ITG1,2021,M,Y34,34.0,ALL,ITL,25983
ITG1,2022,M,Y34,34.0,ALL,ITL,26534
ITG1,2023,M,Y34,34.0,ALL,ITL,26045
ITG1,2024,M,Y34,34.0,ALL,ITL,25838
ITG1,2021,M,Y34,34.0,ALL,TOTAL,28136
ITG1,2022,M,Y34,34.0,ALL,TOTAL,28792
ITG1,2023,M,Y34,34.0,ALL,TOTAL,28116
ITG1,2024,M,Y34,34.0,ALL,TOTAL,28142
ITG1,2021,M,Y35,35.0,ALL,FRGAPO,2205
ITG1,2022,M,Y35,35.0,ALL,FRGAPO,2244
ITG1,2023,M,Y35,35.0,ALL,FRGAPO,2330
ITG1,2024,M,Y35,35.0,ALL,FRGAPO,2212
ITG1,2021,M,Y35,35.0,ALL,ITL,26141
ITG1,2022,M,Y35,35.0,ALL,ITL,25875
ITG1,2023,M,Y35,35.0,ALL,ITL,26474
ITG1,2024,M,Y35,35.0,ALL,ITL,25968
ITG1,2021,M,Y35,35.0,ALL,TOTAL,28346
ITG1,2022,M,Y35,35.0,ALL,TOTAL,28119
ITG1,2023,M,Y35,35.0,ALL,TOTAL,28804
ITG1,2024,M,Y35,35.0,ALL,TOTAL,28180
ITG1,2021,M,Y36,36.0,ALL,FRGAPO,2279
ITG1,2022,M,Y36,36.0,ALL,FRGAPO,2261
ITG1,2023,M,Y36,36.0,ALL,FRGAPO,2286
ITG1,2024,M,Y36,36.0,ALL,FRGAPO,2437
ITG1,2021,M,Y36,36.0,ALL,ITL,26193
ITG1,2022,M,Y36,36.0,ALL,ITL,26077
ITG1,2023,M,Y36,36.0,ALL,ITL,25786
ITG1,2024,M,Y36,36.0,ALL,ITL,26353
ITG1,2021,M,Y36,36.0,ALL,TOTAL,28472
ITG1,2022,M,Y36,36.0,ALL,TOTAL,28338
ITG1,2023,M,Y36,36.0,ALL,TOTAL,28072
ITG1,2024,M,Y36,36.0,ALL,TOTAL,28790
ITG1,2021,M,Y37,37.0,ALL,FRGAPO,2213
ITG1,2022,M,Y37,37.0,ALL,FRGAPO,2340
ITG1,2023,M,Y37,37.0,ALL,FRGAPO,2355
ITG1,2024,M,Y37,37.0,ALL,FRGAPO,2444
ITG1,2021,M,Y37,37.0,ALL,ITL,26831
ITG1,2022,M,Y37,37.0,ALL,ITL,26095
ITG1,2023,M,Y37,37.0,ALL,ITL,26046
ITG1,2024,M,Y37,37.0,ALL,ITL,25713
ITG1,2021,M,Y37,37.0,ALL,TOTAL,29044
ITG1,2022,M,Y37,37.0,ALL,TOTAL,28435
ITG1,2023,M,Y37,37.0,ALL,TOTAL,28401
ITG1,2024,M,Y37,37.0,ALL,TOTAL,28157
ITG1,2021,M,Y38,38.0,ALL,FRGAPO,2141
ITG1,2022,M,Y38,38.0,ALL,FRGAPO,2253
ITG1,2023,M,Y38,38.0,ALL,FRGAPO,2367
ITG1,2024,M,Y38,38.0,ALL,FRGAPO,2460
ITG1,2021,M,Y38,38.0,ALL,ITL,26673
ITG1,2022,M,Y38,38.0,ALL,ITL,26808
ITG1,2023,M,Y38,38.0,ALL,ITL,26081
ITG1,2024,M,Y38,38.0,ALL,ITL,26001
ITG1,2021,M,Y38,38.0,ALL,TOTAL,28814
ITG1,2022,M,Y38,38.0,ALL,TOTAL,29061
ITG1,2023,M,Y38,38.0,ALL,TOTAL,28448
ITG1,2024,M,Y38,38.0,ALL,TOTAL,28461
ITG1,2021,M,Y39,39.0,ALL,FRGAPO,2220
ITG1,2022,M,Y39,39.0,ALL,FRGAPO,2183
ITG1,2023,M,Y39,39.0,ALL,FRGAPO,2269
ITG1,2024,M,Y39,39.0,ALL,FRGAPO,2451
ITG1,2021,M,Y39,39.0,ALL,ITL,27618
ITG1,2022,M,Y39,39.0,ALL,ITL,26628
ITG1,2023,M,Y39,39.0,ALL,ITL,26796
ITG1,2024,M,Y39,39.0,ALL,ITL,26071
ITG1,2021,M,Y39,39.0,ALL,TOTAL,29838
ITG1,2022,M,Y39,39.0,ALL,TOTAL,28811
ITG1,2023,M,Y39,39.0,ALL,TOTAL,29065
ITG1,2024,M,Y39,39.0,ALL,TOTAL,28522
ITG1,2021,M,Y4,4.0,ALL,FRGAPO,1294
ITG1,2022,M,Y4,4.0,ALL,FRGAPO,1196
ITG1,2023,M,Y4,4.0,ALL,FRGAPO,1141
ITG1,2024,M,Y4,4.0,ALL,FRGAPO,1095
ITG1,2021,M,Y4,4.0,ALL,ITL,20070
ITG1,2022,M,Y4,4.0,ALL,ITL,19658
ITG1,2023,M,Y4,4.0,ALL,ITL,19018
ITG1,2024,M,Y4,4.0,ALL,ITL,18549
ITG1,2021,M,Y4,4.0,ALL,TOTAL,21364
ITG1,2022,M,Y4,4.0,ALL,TOTAL,20854
ITG1,2023,M,Y4,4.0,ALL,TOTAL,20159
ITG1,2024,M,Y4,4.0,ALL,TOTAL,19644
ITG1,2021,M,Y40,40.0,ALL,FRGAPO,2135
ITG1,2022,M,Y40,40.0,ALL,FRGAPO,2255
ITG1,2023,M,Y40,40.0,ALL,FRGAPO,2203
ITG1,2024,M,Y40,40.0,ALL,FRGAPO,2341
ITG1,2021,M,Y40,40.0,ALL,ITL,27719
ITG1,2022,M,Y40,40.0,ALL,ITL,27619
ITG1,2023,M,Y40,40.0,ALL,ITL,26667
ITG1,2024,M,Y40,40.0,ALL,ITL,26774
ITG1,2021,M,Y40,40.0,ALL,TOTAL,29854
ITG1,2022,M,Y40,40.0,ALL,TOTAL,29874
ITG1,2023,M,Y40,40.0,ALL,TOTAL,28870
ITG1,2024,M,Y40,40.0,ALL,TOTAL,29115
ITG1,2021,M,Y41,41.0,ALL,FRGAPO,2245
ITG1,2022,M,Y41,41.0,ALL,FRGAPO,2111
ITG1,2023,M,Y41,41.0,ALL,FRGAPO,2261
ITG1,2024,M,Y41,41.0,ALL,FRGAPO,2242
ITG1,2021,M,Y41,41.0,ALL,ITL,28707
ITG1,2022,M,Y41,41.0,ALL,ITL,27710
ITG1,2023,M,Y41,41.0,ALL,ITL,27646
ITG1,2024,M,Y41,41.0,ALL,ITL,26637
ITG1,2021,M,Y41,41.0,ALL,TOTAL,30952
ITG1,2022,M,Y41,41.0,ALL,TOTAL,29821
ITG1,2023,M,Y41,41.0,ALL,TOTAL,29907
ITG1,2024,M,Y41,41.0,ALL,TOTAL,28879
ITG1,2021,M,Y42,42.0,ALL,FRGAPO,2097
ITG1,2022,M,Y42,42.0,ALL,FRGAPO,2261
ITG1,2023,M,Y42,42.0,ALL,FRGAPO,2092
ITG1,2024,M,Y42,42.0,ALL,FRGAPO,2315
ITG1,2021,M,Y42,42.0,ALL,ITL,29107
ITG1,2022,M,Y42,42.0,ALL,ITL,28735
ITG1,2023,M,Y42,42.0,ALL,ITL,27793
ITG1,2024,M,Y42,42.0,ALL,ITL,27670
ITG1,2021,M,Y42,42.0,ALL,TOTAL,31204
ITG1,2022,M,Y42,42.0,ALL,TOTAL,30996
ITG1,2023,M,Y42,42.0,ALL,TOTAL,29885
ITG1,2024,M,Y42,42.0,ALL,TOTAL,29985
ITG1,2021,M,Y43,43.0,ALL,FRGAPO,2111
ITG1,2022,M,Y43,43.0,ALL,FRGAPO,2062
ITG1,2023,M,Y43,43.0,ALL,FRGAPO,2228
ITG1,2024,M,Y43,43.0,ALL,FRGAPO,2133
ITG1,2021,M,Y43,43.0,ALL,ITL,30121
ITG1,2022,M,Y43,43.0,ALL,ITL,29103
ITG1,2023,M,Y43,43.0,ALL,ITL,28760
ITG1,2024,M,Y43,43.0,ALL,ITL,27804
ITG1,2021,M,Y43,43.0,ALL,TOTAL,32232
ITG1,2022,M,Y43,43.0,ALL,TOTAL,31165
ITG1,2023,M,Y43,43.0,ALL,TOTAL,30988
ITG1,2024,M,Y43,43.0,ALL,TOTAL,29937
ITG1,2021,M,Y44,44.0,ALL,FRGAPO,1940
ITG1,2022,M,Y44,44.0,ALL,FRGAPO,2069
ITG1,2023,M,Y44,44.0,ALL,FRGAPO,2061
ITG1,2024,M,Y44,44.0,ALL,FRGAPO,2200
ITG1,2021,M,Y44,44.0,ALL,ITL,30570
ITG1,2022,M,Y44,44.0,ALL,ITL,30120
ITG1,2023,M,Y44,44.0,ALL,ITL,29129
ITG1,2024,M,Y44,44.0,ALL,ITL,28777
ITG1,2021,M,Y44,44.0,ALL,TOTAL,32510
ITG1,2022,M,Y44,44.0,ALL,TOTAL,32189
ITG1,2023,M,Y44,44.0,ALL,TOTAL,31190
ITG1,2024,M,Y44,44.0,ALL,TOTAL,30977
ITG1,2021,M,Y45,45.0,ALL,FRGAPO,1843
ITG1,2022,M,Y45,45.0,ALL,FRGAPO,1914
ITG1,2023,M,Y45,45.0,ALL,FRGAPO,2037
ITG1,2024,M,Y45,45.0,ALL,FRGAPO,2035
ITG1,2021,M,Y45,45.0,ALL,ITL,32380
ITG1,2022,M,Y45,45.0,ALL,ITL,30596
ITG1,2023,M,Y45,45.0,ALL,ITL,30149
ITG1,2024,M,Y45,45.0,ALL,ITL,29152
ITG1,2021,M,Y45,45.0,ALL,TOTAL,34223
ITG1,2022,M,Y45,45.0,ALL,TOTAL,32510
ITG1,2023,M,Y45,45.0,ALL,TOTAL,32186
ITG1,2024,M,Y45,45.0,ALL,TOTAL,31187
ITG1,2021,M,Y46,46.0,ALL,FRGAPO,1887
ITG1,2022,M,Y46,46.0,ALL,FRGAPO,1829
ITG1,2023,M,Y46,46.0,ALL,FRGAPO,1871
ITG1,2024,M,Y46,46.0,ALL,FRGAPO,2018
ITG1,2021,M,Y46,46.0,ALL,ITL,33326
ITG1,2022,M,Y46,46.0,ALL,ITL,32301
ITG1,2023,M,Y46,46.0,ALL,ITL,30590
ITG1,2024,M,Y46,46.0,ALL,ITL,30104
ITG1,2021,M,Y46,46.0,ALL,TOTAL,35213
ITG1,2022,M,Y46,46.0,ALL,TOTAL,34130
ITG1,2023,M,Y46,46.0,ALL,TOTAL,32461
ITG1,2024,M,Y46,46.0,ALL,TOTAL,32122
ITG1,2021,M,Y47,47.0,ALL,FRGAPO,1664
ITG1,2022,M,Y47,47.0,ALL,FRGAPO,1867
ITG1,2023,M,Y47,47.0,ALL,FRGAPO,1779
ITG1,2024,M,Y47,47.0,ALL,FRGAPO,1832
ITG1,2021,M,Y47,47.0,ALL,ITL,34441
ITG1,2022,M,Y47,47.0,ALL,ITL,33272
ITG1,2023,M,Y47,47.0,ALL,ITL,32326
ITG1,2024,M,Y47,47.0,ALL,ITL,30596
ITG1,2021,M,Y47,47.0,ALL,TOTAL,36105
ITG1,2022,M,Y47,47.0,ALL,TOTAL,35139
ITG1,2023,M,Y47,47.0,ALL,TOTAL,34105
ITG1,2024,M,Y47,47.0,ALL,TOTAL,32428
ITG1,2021,M,Y48,48.0,ALL,FRGAPO,1447
ITG1,2022,M,Y48,48.0,ALL,FRGAPO,1634
ITG1,2023,M,Y48,48.0,ALL,FRGAPO,1812
ITG1,2024,M,Y48,48.0,ALL,FRGAPO,1769
ITG1,2021,M,Y48,48.0,ALL,ITL,33938
ITG1,2022,M,Y48,48.0,ALL,ITL,34411
ITG1,2023,M,Y48,48.0,ALL,ITL,33239
ITG1,2024,M,Y48,48.0,ALL,ITL,32294
ITG1,2021,M,Y48,48.0,ALL,TOTAL,35385
ITG1,2022,M,Y48,48.0,ALL,TOTAL,36045
ITG1,2023,M,Y48,48.0,ALL,TOTAL,35051
ITG1,2024,M,Y48,48.0,ALL,TOTAL,34063
ITG1,2021,M,Y49,49.0,ALL,FRGAPO,1435
ITG1,2022,M,Y49,49.0,ALL,FRGAPO,1431
ITG1,2023,M,Y49,49.0,ALL,FRGAPO,1609
ITG1,2024,M,Y49,49.0,ALL,FRGAPO,1789
ITG1,2021,M,Y49,49.0,ALL,ITL,34193
ITG1,2022,M,Y49,49.0,ALL,ITL,33874
ITG1,2023,M,Y49,49.0,ALL,ITL,34361
ITG1,2024,M,Y49,49.0,ALL,ITL,33226
ITG1,2021,M,Y49,49.0,ALL,TOTAL,35628
ITG1,2022,M,Y49,49.0,ALL,TOTAL,35305
ITG1,2023,M,Y49,49.0,ALL,TOTAL,35970
ITG1,2024,M,Y49,49.0,ALL,TOTAL,35015
ITG1,2021,M,Y5,5.0,ALL,FRGAPO,1172
ITG1,2022,M,Y5,5.0,ALL,FRGAPO,1249
ITG1,2023,M,Y5,5.0,ALL,FRGAPO,1187
ITG1,2024,M,Y5,5.0,ALL,FRGAPO,1172
ITG1,2021,M,Y5,5.0,ALL,ITL,19972
ITG1,2022,M,Y5,5.0,ALL,ITL,20123
ITG1,2023,M,Y5,5.0,ALL,ITL,19727
ITG1,2024,M,Y5,5.0,ALL,ITL,19101
ITG1,2021,M,Y5,5.0,ALL,TOTAL,21144
ITG1,2022,M,Y5,5.0,ALL,TOTAL,21372
ITG1,2023,M,Y5,5.0,ALL,TOTAL,20914
ITG1,2024,M,Y5,5.0,ALL,TOTAL,20273
ITG1,2021,M,Y50,50.0,ALL,FRGAPO,1338
ITG1,2022,M,Y50,50.0,ALL,FRGAPO,1421
ITG1,2023,M,Y50,50.0,ALL,FRGAPO,1419
ITG1,2024,M,Y50,50.0,ALL,FRGAPO,1605
ITG1,2021,M,Y50,50.0,ALL,ITL,34638
ITG1,2022,M,Y50,50.0,ALL,ITL,34107
ITG1,2023,M,Y50,50.0,ALL,ITL,33852
ITG1,2024,M,Y50,50.0,ALL,ITL,34321
ITG1,2021,M,Y50,50.0,ALL,TOTAL,35976
ITG1,2022,M,Y50,50.0,ALL,TOTAL,35528
ITG1,2023,M,Y50,50.0,ALL,TOTAL,35271
ITG1,2024,M,Y50,50.0,ALL,TOTAL,35926
ITG1,2021,M,Y51,51.0,ALL,FRGAPO,1347
ITG1,2022,M,Y51,51.0,ALL,FRGAPO,1319
ITG1,2023,M,Y51,51.0,ALL,FRGAPO,1422
ITG1,2024,M,Y51,51.0,ALL,FRGAPO,1378
ITG1,2021,M,Y51,51.0,ALL,ITL,34040
ITG1,2022,M,Y51,51.0,ALL,ITL,34574
ITG1,2023,M,Y51,51.0,ALL,ITL,34089
ITG1,2024,M,Y51,51.0,ALL,ITL,33832
ITG1,2021,M,Y51,51.0,ALL,TOTAL,35387
ITG1,2022,M,Y51,51.0,ALL,TOTAL,35893
ITG1,2023,M,Y51,51.0,ALL,TOTAL,35511
ITG1,2024,M,Y51,51.0,ALL,TOTAL,35210
ITG1,2021,M,Y52,52.0,ALL,FRGAPO,1297
ITG1,2022,M,Y52,52.0,ALL,FRGAPO,1319
ITG1,2023,M,Y52,52.0,ALL,FRGAPO,1302
ITG1,2024,M,Y52,52.0,ALL,FRGAPO,1398
ITG1,2021,M,Y52,52.0,ALL,ITL,35545
ITG1,2022,M,Y52,52.0,ALL,ITL,33993
ITG1,2023,M,Y52,52.0,ALL,ITL,34552
ITG1,2024,M,Y52,52.0,ALL,ITL,34084
ITG1,2021,M,Y52,52.0,ALL,TOTAL,36842
ITG1,2022,M,Y52,52.0,ALL,TOTAL,35312
ITG1,2023,M,Y52,52.0,ALL,TOTAL,35854
ITG1,2024,M,Y52,52.0,ALL,TOTAL,35482
ITG1,2021,M,Y53,53.0,ALL,FRGAPO,1305
ITG1,2022,M,Y53,53.0,ALL,FRGAPO,1277
ITG1,2023,M,Y53,53.0,ALL,FRGAPO,1278
ITG1,2024,M,Y53,53.0,ALL,FRGAPO,1263
ITG1,2021,M,Y53,53.0,ALL,ITL,34966
ITG1,2022,M,Y53,53.0,ALL,ITL,35467
ITG1,2023,M,Y53,53.0,ALL,ITL,33955
ITG1,2024,M,Y53,53.0,ALL,ITL,34511
ITG1,2021,M,Y53,53.0,ALL,TOTAL,36271
ITG1,2022,M,Y53,53.0,ALL,TOTAL,36744
ITG1,2023,M,Y53,53.0,ALL,TOTAL,35233
ITG1,2024,M,Y53,53.0,ALL,TOTAL,35774
ITG1,2021,M,Y54,54.0,ALL,FRGAPO,1221
ITG1,2022,M,Y54,54.0,ALL,FRGAPO,1257
ITG1,2023,M,Y54,54.0,ALL,FRGAPO,1230
ITG1,2024,M,Y54,54.0,ALL,FRGAPO,1256
ITG1,2021,M,Y54,54.0,ALL,ITL,35422
ITG1,2022,M,Y54,54.0,ALL,ITL,34921
ITG1,2023,M,Y54,54.0,ALL,ITL,35446
ITG1,2024,M,Y54,54.0,ALL,ITL,33885
ITG1,2021,M,Y54,54.0,ALL,TOTAL,36643
ITG1,2022,M,Y54,54.0,ALL,TOTAL,36178
ITG1,2023,M,Y54,54.0,ALL,TOTAL,36676
ITG1,2024,M,Y54,54.0,ALL,TOTAL,35141
ITG1,2021,M,Y55,55.0,ALL,FRGAPO,1064
ITG1,2022,M,Y55,55.0,ALL,FRGAPO,1211
ITG1,2023,M,Y55,55.0,ALL,FRGAPO,1244
ITG1,2024,M,Y55,55.0,ALL,FRGAPO,1206
ITG1,2021,M,Y55,55.0,ALL,ITL,35136
ITG1,2022,M,Y55,55.0,ALL,ITL,35319
ITG1,2023,M,Y55,55.0,ALL,ITL,34841
ITG1,2024,M,Y55,55.0,ALL,ITL,35330
ITG1,2021,M,Y55,55.0,ALL,TOTAL,36200
ITG1,2022,M,Y55,55.0,ALL,TOTAL,36530
ITG1,2023,M,Y55,55.0,ALL,TOTAL,36085
ITG1,2024,M,Y55,55.0,ALL,TOTAL,36536
ITG1,2021,M,Y56,56.0,ALL,FRGAPO,1004
ITG1,2022,M,Y56,56.0,ALL,FRGAPO,1047
ITG1,2023,M,Y56,56.0,ALL,FRGAPO,1195
ITG1,2024,M,Y56,56.0,ALL,FRGAPO,1194
ITG1,2021,M,Y56,56.0,ALL,ITL,34695
ITG1,2022,M,Y56,56.0,ALL,ITL,35058
ITG1,2023,M,Y56,56.0,ALL,ITL,35229
ITG1,2024,M,Y56,56.0,ALL,ITL,34738
ITG1,2021,M,Y56,56.0,ALL,TOTAL,35699
ITG1,2022,M,Y56,56.0,ALL,TOTAL,36105
ITG1,2023,M,Y56,56.0,ALL,TOTAL,36424
ITG1,2024,M,Y56,56.0,ALL,TOTAL,35932
ITG1,2021,M,Y57,57.0,ALL,FRGAPO,990
ITG1,2022,M,Y57,57.0,ALL,FRGAPO,993
ITG1,2023,M,Y57,57.0,ALL,FRGAPO,1037
ITG1,2024,M,Y57,57.0,ALL,FRGAPO,1192
ITG1,2021,M,Y57,57.0,ALL,ITL,35844
ITG1,2022,M,Y57,57.0,ALL,ITL,34530
ITG1,2023,M,Y57,57.0,ALL,ITL,34929
ITG1,2024,M,Y57,57.0,ALL,ITL,35092
ITG1,2021,M,Y57,57.0,ALL,TOTAL,36834
ITG1,2022,M,Y57,57.0,ALL,TOTAL,35523
ITG1,2023,M,Y57,57.0,ALL,TOTAL,35966
ITG1,2024,M,Y57,57.0,ALL,TOTAL,36284
ITG1,2021,M,Y58,58.0,ALL,FRGAPO,829
ITG1,2022,M,Y58,58.0,ALL,FRGAPO,986
ITG1,2023,M,Y58,58.0,ALL,FRGAPO,985
ITG1,2024,M,Y58,58.0,ALL,FRGAPO,1021
ITG1,2021,M,Y58,58.0,ALL,ITL,33839
ITG1,2022,M,Y58,58.0,ALL,ITL,35707
ITG1,2023,M,Y58,58.0,ALL,ITL,34463
ITG1,2024,M,Y58,58.0,ALL,ITL,34848
ITG1,2021,M,Y58,58.0,ALL,TOTAL,34668
ITG1,2022,M,Y58,58.0,ALL,TOTAL,36693
ITG1,2023,M,Y58,58.0,ALL,TOTAL,35448
ITG1,2024,M,Y58,58.0,ALL,TOTAL,35869
ITG1,2021,M,Y59,59.0,ALL,FRGAPO,835
ITG1,2022,M,Y59,59.0,ALL,FRGAPO,821
ITG1,2023,M,Y59,59.0,ALL,FRGAPO,965
ITG1,2024,M,Y59,59.0,ALL,FRGAPO,965
ITG1,2021,M,Y59,59.0,ALL,ITL,33353
ITG1,2022,M,Y59,59.0,ALL,ITL,33671
ITG1,2023,M,Y59,59.0,ALL,ITL,35558
ITG1,2024,M,Y59,59.0,ALL,ITL,34325
ITG1,2021,M,Y59,59.0,ALL,TOTAL,34188
ITG1,2022,M,Y59,59.0,ALL,TOTAL,34492
ITG1,2023,M,Y59,59.0,ALL,TOTAL,36523
ITG1,2024,M,Y59,59.0,ALL,TOTAL,35290
ITG1,2021,M,Y6,6.0,ALL,FRGAPO,1155
ITG1,2022,M,Y6,6.0,ALL,FRGAPO,1167
ITG1,2023,M,Y6,6.0,ALL,FRGAPO,1229
ITG1,2024,M,Y6,6.0,ALL,FRGAPO,1199
ITG1,2021,M,Y6,6.0,ALL,ITL,20845
ITG1,2022,M,Y6,6.0,ALL,ITL,20027
ITG1,2023,M,Y6,6.0,ALL,ITL,20177
ITG1,2024,M,Y6,6.0,ALL,ITL,19773
ITG1,2021,M,Y6,6.0,ALL,TOTAL,22000
ITG1,2022,M,Y6,6.0,ALL,TOTAL,21194
ITG1,2023,M,Y6,6.0,ALL,TOTAL,21406
ITG1,2024,M,Y6,6.0,ALL,TOTAL,20972
ITG1,2021,M,Y60,60.0,ALL,FRGAPO,712
ITG1,2022,M,Y60,60.0,ALL,FRGAPO,821
ITG1,2023,M,Y60,60.0,ALL,FRGAPO,806
ITG1,2024,M,Y60,60.0,ALL,FRGAPO,924
ITG1,2021,M,Y60,60.0,ALL,ITL,32480
ITG1,2022,M,Y60,60.0,ALL,ITL,33186
ITG1,2023,M,Y60,60.0,ALL,ITL,33553
ITG1,2024,M,Y60,60.0,ALL,ITL,35424
ITG1,2021,M,Y60,60.0,ALL,TOTAL,33192
ITG1,2022,M,Y60,60.0,ALL,TOTAL,34007
ITG1,2023,M,Y60,60.0,ALL,TOTAL,34359
ITG1,2024,M,Y60,60.0,ALL,TOTAL,36348
ITG1,2021,M,Y61,61.0,ALL,FRGAPO,709
ITG1,2022,M,Y61,61.0,ALL,FRGAPO,707
ITG1,2023,M,Y61,61.0,ALL,FRGAPO,822
ITG1,2024,M,Y61,61.0,ALL,FRGAPO,800
ITG1,2021,M,Y61,61.0,ALL,ITL,32375
ITG1,2022,M,Y61,61.0,ALL,ITL,32305
ITG1,2023,M,Y61,61.0,ALL,ITL,33096
ITG1,2024,M,Y61,61.0,ALL,ITL,33441
ITG1,2021,M,Y61,61.0,ALL,TOTAL,33084
ITG1,2022,M,Y61,61.0,ALL,TOTAL,33012
ITG1,2023,M,Y61,61.0,ALL,TOTAL,33918
ITG1,2024,M,Y61,61.0,ALL,TOTAL,34241
ITG1,2021,M,Y62,62.0,ALL,FRGAPO,632
ITG1,2022,M,Y62,62.0,ALL,FRGAPO,709
ITG1,2023,M,Y62,62.0,ALL,FRGAPO,717
ITG1,2024,M,Y62,62.0,ALL,FRGAPO,819
ITG1,2021,M,Y62,62.0,ALL,ITL,30911
ITG1,2022,M,Y62,62.0,ALL,ITL,32192
ITG1,2023,M,Y62,62.0,ALL,ITL,32095
ITG1,2024,M,Y62,62.0,ALL,ITL,32904
ITG1,2021,M,Y62,62.0,ALL,TOTAL,31543
ITG1,2022,M,Y62,62.0,ALL,TOTAL,32901
ITG1,2023,M,Y62,62.0,ALL,TOTAL,32812
ITG1,2024,M,Y62,62.0,ALL,TOTAL,33723
ITG1,2021,M,Y63,63.0,ALL,FRGAPO,559
ITG1,2022,M,Y63,63.0,ALL,FRGAPO,628
ITG1,2023,M,Y63,63.0,ALL,FRGAPO,710
ITG1,2024,M,Y63,63.0,ALL,FRGAPO,706
ITG1,2021,M,Y63,63.0,ALL,ITL,29742
ITG1,2022,M,Y63,63.0,ALL,ITL,30682
ITG1,2023,M,Y63,63.0,ALL,ITL,31999
ITG1,2024,M,Y63,63.0,ALL,ITL,31911
ITG1,2021,M,Y63,63.0,ALL,TOTAL,30301
ITG1,2022,M,Y63,63.0,ALL,TOTAL,31310
ITG1,2023,M,Y63,63.0,ALL,TOTAL,32709
ITG1,2024,M,Y63,63.0,ALL,TOTAL,32617
ITG1,2021,M,Y64,64.0,ALL,FRGAPO,503
ITG1,2022,M,Y64,64.0,ALL,FRGAPO,557
ITG1,2023,M,Y64,64.0,ALL,FRGAPO,614
ITG1,2024,M,Y64,64.0,ALL,FRGAPO,712
ITG1,2021,M,Y64,64.0,ALL,ITL,29517
ITG1,2022,M,Y64,64.0,ALL,ITL,29519
ITG1,2023,M,Y64,64.0,ALL,ITL,30495
ITG1,2024,M,Y64,64.0,ALL,ITL,31825
ITG1,2021,M,Y64,64.0,ALL,TOTAL,30020
ITG1,2022,M,Y64,64.0,ALL,TOTAL,30076
ITG1,2023,M,Y64,64.0,ALL,TOTAL,31109
ITG1,2024,M,Y64,64.0,ALL,TOTAL,32537
ITG1,2021,M,Y65,65.0,ALL,FRGAPO,430
ITG1,2022,M,Y65,65.0,ALL,FRGAPO,505
ITG1,2023,M,Y65,65.0,ALL,FRGAPO,539
ITG1,2024,M,Y65,65.0,ALL,FRGAPO,618
ITG1,2021,M,Y65,65.0,ALL,ITL,28732
ITG1,2022,M,Y65,65.0,ALL,ITL,29299
ITG1,2023,M,Y65,65.0,ALL,ITL,29322
ITG1,2024,M,Y65,65.0,ALL,ITL,30268
ITG1,2021,M,Y65,65.0,ALL,TOTAL,29162
ITG1,2022,M,Y65,65.0,ALL,TOTAL,29804
ITG1,2023,M,Y65,65.0,ALL,TOTAL,29861
ITG1,2024,M,Y65,65.0,ALL,TOTAL,30886
ITG1,2021,M,Y66,66.0,ALL,FRGAPO,376
ITG1,2022,M,Y66,66.0,ALL,FRGAPO,424
ITG1,2023,M,Y66,66.0,ALL,FRGAPO,520
ITG1,2024,M,Y66,66.0,ALL,FRGAPO,535
ITG1,2021,M,Y66,66.0,ALL,ITL,28844
ITG1,2022,M,Y66,66.0,ALL,ITL,28457
ITG1,2023,M,Y66,66.0,ALL,ITL,29028
ITG1,2024,M,Y66,66.0,ALL,ITL,29081
ITG1,2021,M,Y66,66.0,ALL,TOTAL,29220
ITG1,2022,M,Y66,66.0,ALL,TOTAL,28881
ITG1,2023,M,Y66,66.0,ALL,TOTAL,29548
ITG1,2024,M,Y66,66.0,ALL,TOTAL,29616
ITG1,2021,M,Y67,67.0,ALL,FRGAPO,324
ITG1,2022,M,Y67,67.0,ALL,FRGAPO,393
ITG1,2023,M,Y67,67.0,ALL,FRGAPO,422
ITG1,2024,M,Y67,67.0,ALL,FRGAPO,508
ITG1,2021,M,Y67,67.0,ALL,ITL,28132
ITG1,2022,M,Y67,67.0,ALL,ITL,28527
ITG1,2023,M,Y67,67.0,ALL,ITL,28249
ITG1,2024,M,Y67,67.0,ALL,ITL,28815
ITG1,2021,M,Y67,67.0,ALL,TOTAL,28456
ITG1,2022,M,Y67,67.0,ALL,TOTAL,28920
ITG1,2023,M,Y67,67.0,ALL,TOTAL,28671
ITG1,2024,M,Y67,67.0,ALL,TOTAL,29323
ITG1,2021,M,Y68,68.0,ALL,FRGAPO,275
ITG1,2022,M,Y68,68.0,ALL,FRGAPO,328
ITG1,2023,M,Y68,68.0,ALL,FRGAPO,387
ITG1,2024,M,Y68,68.0,ALL,FRGAPO,431
ITG1,2021,M,Y68,68.0,ALL,ITL,26025
ITG1,2022,M,Y68,68.0,ALL,ITL,27818
ITG1,2023,M,Y68,68.0,ALL,ITL,28218
ITG1,2024,M,Y68,68.0,ALL,ITL,27955
ITG1,2021,M,Y68,68.0,ALL,TOTAL,26300
ITG1,2022,M,Y68,68.0,ALL,TOTAL,28146
ITG1,2023,M,Y68,68.0,ALL,TOTAL,28605
ITG1,2024,M,Y68,68.0,ALL,TOTAL,28386
ITG1,2021,M,Y69,69.0,ALL,FRGAPO,224
ITG1,2022,M,Y69,69.0,ALL,FRGAPO,276
ITG1,2023,M,Y69,69.0,ALL,FRGAPO,320
ITG1,2024,M,Y69,69.0,ALL,FRGAPO,380
ITG1,2021,M,Y69,69.0,ALL,ITL,25456
ITG1,2022,M,Y69,69.0,ALL,ITL,25624
ITG1,2023,M,Y69,69.0,ALL,ITL,27511
ITG1,2024,M,Y69,69.0,ALL,ITL,27912
ITG1,2021,M,Y69,69.0,ALL,TOTAL,25680
ITG1,2022,M,Y69,69.0,ALL,TOTAL,25900
ITG1,2023,M,Y69,69.0,ALL,TOTAL,27831
ITG1,2024,M,Y69,69.0,ALL,TOTAL,28292
ITG1,2021,M,Y7,7.0,ALL,FRGAPO,1126
ITG1,2022,M,Y7,7.0,ALL,FRGAPO,1150
ITG1,2023,M,Y7,7.0,ALL,FRGAPO,1166
ITG1,2024,M,Y7,7.0,ALL,FRGAPO,1268
ITG1,2021,M,Y7,7.0,ALL,ITL,21371
ITG1,2022,M,Y7,7.0,ALL,ITL,20857
ITG1,2023,M,Y7,7.0,ALL,ITL,20086
ITG1,2024,M,Y7,7.0,ALL,ITL,20209
ITG1,2021,M,Y7,7.0,ALL,TOTAL,22497
ITG1,2022,M,Y7,7.0,ALL,TOTAL,22007
ITG1,2023,M,Y7,7.0,ALL,TOTAL,21252
ITG1,2024,M,Y7,7.0,ALL,TOTAL,21477
ITG1,2021,M,Y70,70.0,ALL,FRGAPO,229
ITG1,2022,M,Y70,70.0,ALL,FRGAPO,225
ITG1,2023,M,Y70,70.0,ALL,FRGAPO,274
ITG1,2024,M,Y70,70.0,ALL,FRGAPO,314
ITG1,2021,M,Y70,70.0,ALL,ITL,25147
ITG1,2022,M,Y70,70.0,ALL,ITL,25033
ITG1,2023,M,Y70,70.0,ALL,ITL,25248
ITG1,2024,M,Y70,70.0,ALL,ITL,27067
ITG1,2021,M,Y70,70.0,ALL,TOTAL,25376
ITG1,2022,M,Y70,70.0,ALL,TOTAL,25258
ITG1,2023,M,Y70,70.0,ALL,TOTAL,25522
ITG1,2024,M,Y70,70.0,ALL,TOTAL,27381
ITG1,2021,M,Y71,71.0,ALL,FRGAPO,211
ITG1,2022,M,Y71,71.0,ALL,FRGAPO,228
ITG1,2023,M,Y71,71.0,ALL,FRGAPO,217
ITG1,2024,M,Y71,71.0,ALL,FRGAPO,282
ITG1,2021,M,Y71,71.0,ALL,ITL,25533
ITG1,2022,M,Y71,71.0,ALL,ITL,24654
ITG1,2023,M,Y71,71.0,ALL,ITL,24566
ITG1,2024,M,Y71,71.0,ALL,ITL,24820
ITG1,2021,M,Y71,71.0,ALL,TOTAL,25744
ITG1,2022,M,Y71,71.0,ALL,TOTAL,24882
ITG1,2023,M,Y71,71.0,ALL,TOTAL,24783
ITG1,2024,M,Y71,71.0,ALL,TOTAL,25102
ITG1,2021,M,Y72,72.0,ALL,FRGAPO,167
ITG1,2022,M,Y72,72.0,ALL,FRGAPO,214
ITG1,2023,M,Y72,72.0,ALL,FRGAPO,218
ITG1,2024,M,Y72,72.0,ALL,FRGAPO,218
ITG1,2021,M,Y72,72.0,ALL,ITL,25289
ITG1,2022,M,Y72,72.0,ALL,ITL,24957
ITG1,2023,M,Y72,72.0,ALL,ITL,24162
ITG1,2024,M,Y72,72.0,ALL,ITL,24080
ITG1,2021,M,Y72,72.0,ALL,TOTAL,25456
ITG1,2022,M,Y72,72.0,ALL,TOTAL,25171
ITG1,2023,M,Y72,72.0,ALL,TOTAL,24380
ITG1,2024,M,Y72,72.0,ALL,TOTAL,24298
ITG1,2021,M,Y73,73.0,ALL,FRGAPO,153
ITG1,2022,M,Y73,73.0,ALL,FRGAPO,174
ITG1,2023,M,Y73,73.0,ALL,FRGAPO,204
ITG1,2024,M,Y73,73.0,ALL,FRGAPO,222
ITG1,2021,M,Y73,73.0,ALL,ITL,25844
ITG1,2022,M,Y73,73.0,ALL,ITL,24633
ITG1,2023,M,Y73,73.0,ALL,ITL,24357
ITG1,2024,M,Y73,73.0,ALL,ITL,23711
ITG1,2021,M,Y73,73.0,ALL,TOTAL,25997
ITG1,2022,M,Y73,73.0,ALL,TOTAL,24807
ITG1,2023,M,Y73,73.0,ALL,TOTAL,24561
ITG1,2024,M,Y73,73.0,ALL,TOTAL,23933
ITG1,2021,M,Y74,74.0,ALL,FRGAPO,111
ITG1,2022,M,Y74,74.0,ALL,FRGAPO,155
ITG1,2023,M,Y74,74.0,ALL,FRGAPO,170
ITG1,2024,M,Y74,74.0,ALL,FRGAPO,202
ITG1,2021,M,Y74,74.0,ALL,ITL,25036
ITG1,2022,M,Y74,74.0,ALL,ITL,25172
ITG1,2023,M,Y74,74.0,ALL,ITL,24070
ITG1,2024,M,Y74,74.0,ALL,ITL,23798
ITG1,2021,M,Y74,74.0,ALL,TOTAL,25147
ITG1,2022,M,Y74,74.0,ALL,TOTAL,25327
ITG1,2023,M,Y74,74.0,ALL,TOTAL,24240
ITG1,2024,M,Y74,74.0,ALL,TOTAL,24000
ITG1,2021,M,Y75,75.0,ALL,FRGAPO,109
ITG1,2022,M,Y75,75.0,ALL,FRGAPO,111
ITG1,2023,M,Y75,75.0,ALL,FRGAPO,158
ITG1,2024,M,Y75,75.0,ALL,FRGAPO,171
ITG1,2021,M,Y75,75.0,ALL,ITL,22288
ITG1,2022,M,Y75,75.0,ALL,ITL,24272
ITG1,2023,M,Y75,75.0,ALL,ITL,24440
ITG1,2024,M,Y75,75.0,ALL,ITL,23420
ITG1,2021,M,Y75,75.0,ALL,TOTAL,22397
ITG1,2022,M,Y75,75.0,ALL,TOTAL,24383
ITG1,2023,M,Y75,75.0,ALL,TOTAL,24598
ITG1,2024,M,Y75,75.0,ALL,TOTAL,23591
ITG1,2021,M,Y76,76.0,ALL,FRGAPO,88
ITG1,2022,M,Y76,76.0,ALL,FRGAPO,107
ITG1,2023,M,Y76,76.0,ALL,FRGAPO,109
ITG1,2024,M,Y76,76.0,ALL,FRGAPO,154
ITG1,2021,M,Y76,76.0,ALL,ITL,18588
ITG1,2022,M,Y76,76.0,ALL,ITL,21538
ITG1,2023,M,Y76,76.0,ALL,ITL,23513
ITG1,2024,M,Y76,76.0,ALL,ITL,23693
ITG1,2021,M,Y76,76.0,ALL,TOTAL,18676
ITG1,2022,M,Y76,76.0,ALL,TOTAL,21645
ITG1,2023,M,Y76,76.0,ALL,TOTAL,23622
ITG1,2024,M,Y76,76.0,ALL,TOTAL,23847
ITG1,2021,M,Y77,77.0,ALL,FRGAPO,87
ITG1,2022,M,Y77,77.0,ALL,FRGAPO,91
ITG1,2023,M,Y77,77.0,ALL,FRGAPO,106
ITG1,2024,M,Y77,77.0,ALL,FRGAPO,113
ITG1,2021,M,Y77,77.0,ALL,ITL,17149
ITG1,2022,M,Y77,77.0,ALL,ITL,17834
ITG1,2023,M,Y77,77.0,ALL,ITL,20729
ITG1,2024,M,Y77,77.0,ALL,ITL,22691
ITG1,2021,M,Y77,77.0,ALL,TOTAL,17236
ITG1,2022,M,Y77,77.0,ALL,TOTAL,17925
ITG1,2023,M,Y77,77.0,ALL,TOTAL,20835
ITG1,2024,M,Y77,77.0,ALL,TOTAL,22804
ITG1,2021,M,Y78,78.0,ALL,FRGAPO,59
ITG1,2022,M,Y78,78.0,ALL,FRGAPO,85
ITG1,2023,M,Y78,78.0,ALL,FRGAPO,90
ITG1,2024,M,Y78,78.0,ALL,FRGAPO,101
ITG1,2021,M,Y78,78.0,ALL,ITL,15868
ITG1,2022,M,Y78,78.0,ALL,ITL,16396
ITG1,2023,M,Y78,78.0,ALL,ITL,17128
ITG1,2024,M,Y78,78.0,ALL,ITL,19947
ITG1,2021,M,Y78,78.0,ALL,TOTAL,15927
ITG1,2022,M,Y78,78.0,ALL,TOTAL,16481
ITG1,2023,M,Y78,78.0,ALL,TOTAL,17218
ITG1,2024,M,Y78,78.0,ALL,TOTAL,20048
ITG1,2021,M,Y79,79.0,ALL,FRGAPO,56
ITG1,2022,M,Y79,79.0,ALL,FRGAPO,62
ITG1,2023,M,Y79,79.0,ALL,FRGAPO,84
ITG1,2024,M,Y79,79.0,ALL,FRGAPO,87
ITG1,2021,M,Y79,79.0,ALL,ITL,15100
ITG1,2022,M,Y79,79.0,ALL,ITL,15057
ITG1,2023,M,Y79,79.0,ALL,ITL,15651
ITG1,2024,M,Y79,79.0,ALL,ITL,16345
ITG1,2021,M,Y79,79.0,ALL,TOTAL,15156
ITG1,2022,M,Y79,79.0,ALL,TOTAL,15119
ITG1,2023,M,Y79,79.0,ALL,TOTAL,15735
ITG1,2024,M,Y79,79.0,ALL,TOTAL,16432
ITG1,2021,M,Y8,8.0,ALL,FRGAPO,1070
ITG1,2022,M,Y8,8.0,ALL,FRGAPO,1111
ITG1,2023,M,Y8,8.0,ALL,FRGAPO,1148
ITG1,2024,M,Y8,8.0,ALL,FRGAPO,1213
ITG1,2021,M,Y8,8.0,ALL,ITL,21101
ITG1,2022,M,Y8,8.0,ALL,ITL,21415
ITG1,2023,M,Y8,8.0,ALL,ITL,20898
ITG1,2024,M,Y8,8.0,ALL,ITL,20147
ITG1,2021,M,Y8,8.0,ALL,TOTAL,22171
ITG1,2022,M,Y8,8.0,ALL,TOTAL,22526
ITG1,2023,M,Y8,8.0,ALL,TOTAL,22046
ITG1,2024,M,Y8,8.0,ALL,TOTAL,21360
ITG1,2021,M,Y80,80.0,ALL,FRGAPO,45
ITG1,2022,M,Y80,80.0,ALL,FRGAPO,62
ITG1,2023,M,Y80,80.0,ALL,FRGAPO,60
ITG1,2024,M,Y80,80.0,ALL,FRGAPO,79
ITG1,2021,M,Y80,80.0,ALL,ITL,14584
ITG1,2022,M,Y80,80.0,ALL,ITL,14226
ITG1,2023,M,Y80,80.0,ALL,ITL,14218
ITG1,2024,M,Y80,80.0,ALL,ITL,14907
ITG1,2021,M,Y80,80.0,ALL,TOTAL,14629
ITG1,2022,M,Y80,80.0,ALL,TOTAL,14288
ITG1,2023,M,Y80,80.0,ALL,TOTAL,14278
ITG1,2024,M,Y80,80.0,ALL,TOTAL,14986
ITG1,2021,M,Y81,81.0,ALL,FRGAPO,49
ITG1,2022,M,Y81,81.0,ALL,FRGAPO,39
ITG1,2023,M,Y81,81.0,ALL,FRGAPO,61
ITG1,2024,M,Y81,81.0,ALL,FRGAPO,61
ITG1,2021,M,Y81,81.0,ALL,ITL,15754
ITG1,2022,M,Y81,81.0,ALL,ITL,13662
ITG1,2023,M,Y81,81.0,ALL,ITL,13469
ITG1,2024,M,Y81,81.0,ALL,ITL,13442
ITG1,2021,M,Y81,81.0,ALL,TOTAL,15803
ITG1,2022,M,Y81,81.0,ALL,TOTAL,13701
ITG1,2023,M,Y81,81.0,ALL,TOTAL,13530
ITG1,2024,M,Y81,81.0,ALL,TOTAL,13503
ITG1,2021,M,Y82,82.0,ALL,FRGAPO,36
ITG1,2022,M,Y82,82.0,ALL,FRGAPO,48
ITG1,2023,M,Y82,82.0,ALL,FRGAPO,38
ITG1,2024,M,Y82,82.0,ALL,FRGAPO,58
ITG1,2021,M,Y82,82.0,ALL,ITL,14563
ITG1,2022,M,Y82,82.0,ALL,ITL,14605
ITG1,2023,M,Y82,82.0,ALL,ITL,12795
ITG1,2024,M,Y82,82.0,ALL,ITL,12664
ITG1,2021,M,Y82,82.0,ALL,TOTAL,14599
ITG1,2022,M,Y82,82.0,ALL,TOTAL,14653
ITG1,2023,M,Y82,82.0,ALL,TOTAL,12833
ITG1,2024,M,Y82,82.0,ALL,TOTAL,12722
ITG1,2021,M,Y83,83.0,ALL,FRGAPO,27
ITG1,2022,M,Y83,83.0,ALL,FRGAPO,32
ITG1,2023,M,Y83,83.0,ALL,FRGAPO,39
ITG1,2024,M,Y83,83.0,ALL,FRGAPO,40
ITG1,2021,M,Y83,83.0,ALL,ITL,12914
ITG1,2022,M,Y83,83.0,ALL,ITL,13422
ITG1,2023,M,Y83,83.0,ALL,ITL,13558
ITG1,2024,M,Y83,83.0,ALL,ITL,11916
ITG1,2021,M,Y83,83.0,ALL,TOTAL,12941
ITG1,2022,M,Y83,83.0,ALL,TOTAL,13454
ITG1,2023,M,Y83,83.0,ALL,TOTAL,13597
ITG1,2024,M,Y83,83.0,ALL,TOTAL,11956
ITG1,2021,M,Y84,84.0,ALL,FRGAPO,23
ITG1,2022,M,Y84,84.0,ALL,FRGAPO,24
ITG1,2023,M,Y84,84.0,ALL,FRGAPO,30
ITG1,2024,M,Y84,84.0,ALL,FRGAPO,35
ITG1,2021,M,Y84,84.0,ALL,ITL,10845
ITG1,2022,M,Y84,84.0,ALL,ITL,11779
ITG1,2023,M,Y84,84.0,ALL,ITL,12313
ITG1,2024,M,Y84,84.0,ALL,ITL,12499
ITG1,2021,M,Y84,84.0,ALL,TOTAL,10868
ITG1,2022,M,Y84,84.0,ALL,TOTAL,11803
ITG1,2023,M,Y84,84.0,ALL,TOTAL,12343
ITG1,2024,M,Y84,84.0,ALL,TOTAL,12534
ITG1,2021,M,Y85,85.0,ALL,FRGAPO,24
ITG1,2022,M,Y85,85.0,ALL,FRGAPO,20
ITG1,2023,M,Y85,85.0,ALL,FRGAPO,20
ITG1,2024,M,Y85,85.0,ALL,FRGAPO,29
ITG1,2021,M,Y85,85.0,ALL,ITL,9799
ITG1,2022,M,Y85,85.0,ALL,ITL,9783
ITG1,2023,M,Y85,85.0,ALL,ITL,10721
ITG1,2024,M,Y85,85.0,ALL,ITL,11262
ITG1,2021,M,Y85,85.0,ALL,TOTAL,9823
ITG1,2022,M,Y85,85.0,ALL,TOTAL,9803
ITG1,2023,M,Y85,85.0,ALL,TOTAL,10741
ITG1,2024,M,Y85,85.0,ALL,TOTAL,11291
ITG1,2021,M,Y86,86.0,ALL,FRGAPO,14
ITG1,2022,M,Y86,86.0,ALL,FRGAPO,25
ITG1,2023,M,Y86,86.0,ALL,FRGAPO,17
ITG1,2024,M,Y86,86.0,ALL,FRGAPO,19
ITG1,2021,M,Y86,86.0,ALL,ITL,8820
ITG1,2022,M,Y86,86.0,ALL,ITL,8705
ITG1,2023,M,Y86,86.0,ALL,ITL,8742
ITG1,2024,M,Y86,86.0,ALL,ITL,9633
ITG1,2021,M,Y86,86.0,ALL,TOTAL,8834
ITG1,2022,M,Y86,86.0,ALL,TOTAL,8730
ITG1,2023,M,Y86,86.0,ALL,TOTAL,8759
ITG1,2024,M,Y86,86.0,ALL,TOTAL,9652
ITG1,2021,M,Y87,87.0,ALL,FRGAPO,10
ITG1,2022,M,Y87,87.0,ALL,FRGAPO,13
ITG1,2023,M,Y87,87.0,ALL,FRGAPO,21
ITG1,2024,M,Y87,87.0,ALL,FRGAPO,17
ITG1,2021,M,Y87,87.0,ALL,ITL,7987
ITG1,2022,M,Y87,87.0,ALL,ITL,7637
ITG1,2023,M,Y87,87.0,ALL,ITL,7684
ITG1,2024,M,Y87,87.0,ALL,ITL,7748
ITG1,2021,M,Y87,87.0,ALL,TOTAL,7997
ITG1,2022,M,Y87,87.0,ALL,TOTAL,7650
ITG1,2023,M,Y87,87.0,ALL,TOTAL,7705
ITG1,2024,M,Y87,87.0,ALL,TOTAL,7765
ITG1,2021,M,Y88,88.0,ALL,FRGAPO,9
ITG1,2022,M,Y88,88.0,ALL,FRGAPO,12
ITG1,2023,M,Y88,88.0,ALL,FRGAPO,10
ITG1,2024,M,Y88,88.0,ALL,FRGAPO,18
ITG1,2021,M,Y88,88.0,ALL,ITL,6841
ITG1,2022,M,Y88,88.0,ALL,ITL,6866
ITG1,2023,M,Y88,88.0,ALL,ITL,6630
ITG1,2024,M,Y88,88.0,ALL,ITL,6764
ITG1,2021,M,Y88,88.0,ALL,TOTAL,6850
ITG1,2022,M,Y88,88.0,ALL,TOTAL,6878
ITG1,2023,M,Y88,88.0,ALL,TOTAL,6640
ITG1,2024,M,Y88,88.0,ALL,TOTAL,6782
ITG1,2021,M,Y89,89.0,ALL,FRGAPO,9
ITG1,2022,M,Y89,89.0,ALL,FRGAPO,8
ITG1,2023,M,Y89,89.0,ALL,FRGAPO,10
ITG1,2024,M,Y89,89.0,ALL,FRGAPO,10
ITG1,2021,M,Y89,89.0,ALL,ITL,5301
ITG1,2022,M,Y89,89.0,ALL,ITL,5739
ITG1,2023,M,Y89,89.0,ALL,ITL,5830
ITG1,2024,M,Y89,89.0,ALL,ITL,5754
ITG1,2021,M,Y89,89.0,ALL,TOTAL,5310
ITG1,2022,M,Y89,89.0,ALL,TOTAL,5747
ITG1,2023,M,Y89,89.0,ALL,TOTAL,5840
ITG1,2024,M,Y89,89.0,ALL,TOTAL,5764
ITG1,2021,M,Y9,9.0,ALL,FRGAPO,1131
ITG1,2022,M,Y9,9.0,ALL,FRGAPO,1042
ITG1,2023,M,Y9,9.0,ALL,FRGAPO,1094
ITG1,2024,M,Y9,9.0,ALL,FRGAPO,1185
ITG1,2021,M,Y9,9.0,ALL,ITL,22000
ITG1,2022,M,Y9,9.0,ALL,ITL,21128
ITG1,2023,M,Y9,9.0,ALL,ITL,21491
ITG1,2024,M,Y9,9.0,ALL,ITL,20941
ITG1,2021,M,Y9,9.0,ALL,TOTAL,23131
ITG1,2022,M,Y9,9.0,ALL,TOTAL,22170
ITG1,2023,M,Y9,9.0,ALL,TOTAL,22585
ITG1,2024,M,Y9,9.0,ALL,TOTAL,22126
ITG1,2021,M,Y90,90.0,ALL,FRGAPO,5
ITG1,2022,M,Y90,90.0,ALL,FRGAPO,7
ITG1,2023,M,Y90,90.0,ALL,FRGAPO,6
ITG1,2024,M,Y90,90.0,ALL,FRGAPO,8
ITG1,2021,M,Y90,90.0,ALL,ITL,4439
ITG1,2022,M,Y90,90.0,ALL,ITL,4305
ITG1,2023,M,Y90,90.0,ALL,ITL,4755
ITG1,2024,M,Y90,90.0,ALL,ITL,4921
ITG1,2021,M,Y90,90.0,ALL,TOTAL,4444
ITG1,2022,M,Y90,90.0,ALL,TOTAL,4312
ITG1,2023,M,Y90,90.0,ALL,TOTAL,4761
ITG1,2024,M,Y90,90.0,ALL,TOTAL,4929
ITG1,2021,M,Y91,91.0,ALL,FRGAPO,4
ITG1,2022,M,Y91,91.0,ALL,FRGAPO,5
ITG1,2023,M,Y91,91.0,ALL,FRGAPO,9
ITG1,2024,M,Y91,91.0,ALL,FRGAPO,5
ITG1,2021,M,Y91,91.0,ALL,ITL,3814
ITG1,2022,M,Y91,91.0,ALL,ITL,3533
ITG1,2023,M,Y91,91.0,ALL,ITL,3547
ITG1,2024,M,Y91,91.0,ALL,ITL,3901
ITG1,2021,M,Y91,91.0,ALL,TOTAL,3818
ITG1,2022,M,Y91,91.0,ALL,TOTAL,3538
ITG1,2023,M,Y91,91.0,ALL,TOTAL,3556
ITG1,2024,M,Y91,91.0,ALL,TOTAL,3906
ITG1,2021,M,Y92,92.0,ALL,FRGAPO,2
ITG1,2022,M,Y92,92.0,ALL,FRGAPO,5
ITG1,2023,M,Y92,92.0,ALL,FRGAPO,5
ITG1,2024,M,Y92,92.0,ALL,FRGAPO,7
ITG1,2021,M,Y92,92.0,ALL,ITL,2567
ITG1,2022,M,Y92,92.0,ALL,ITL,2934
ITG1,2023,M,Y92,92.0,ALL,ITL,2746
ITG1,2024,M,Y92,92.0,ALL,ITL,2816
ITG1,2021,M,Y92,92.0,ALL,TOTAL,2569
ITG1,2022,M,Y92,92.0,ALL,TOTAL,2939
ITG1,2023,M,Y92,92.0,ALL,TOTAL,2751
ITG1,2024,M,Y92,92.0,ALL,TOTAL,2823
ITG1,2021,M,Y93,93.0,ALL,FRGAPO,4
ITG1,2022,M,Y93,93.0,ALL,FRGAPO,2
ITG1,2023,M,Y93,93.0,ALL,FRGAPO,4
ITG1,2024,M,Y93,93.0,ALL,FRGAPO,5
ITG1,2021,M,Y93,93.0,ALL,ITL,1938
ITG1,2022,M,Y93,93.0,ALL,ITL,1911
ITG1,2023,M,Y93,93.0,ALL,ITL,2227
ITG1,2024,M,Y93,93.0,ALL,ITL,2160
ITG1,2021,M,Y93,93.0,ALL,TOTAL,1942
ITG1,2022,M,Y93,93.0,ALL,TOTAL,1913
ITG1,2023,M,Y93,93.0,ALL,TOTAL,2231
ITG1,2024,M,Y93,93.0,ALL,TOTAL,2165
ITG1,2021,M,Y94,94.0,ALL,FRGAPO,5
ITG1,2022,M,Y94,94.0,ALL,FRGAPO,4
ITG1,2023,M,Y94,94.0,ALL,FRGAPO,2
ITG1,2024,M,Y94,94.0,ALL,FRGAPO,3
ITG1,2021,M,Y94,94.0,ALL,ITL,1388
ITG1,2022,M,Y94,94.0,ALL,ITL,1332
ITG1,2023,M,Y94,94.0,ALL,ITL,1452
ITG1,2024,M,Y94,94.0,ALL,ITL,1692
ITG1,2021,M,Y94,94.0,ALL,TOTAL,1393
ITG1,2022,M,Y94,94.0,ALL,TOTAL,1336
ITG1,2023,M,Y94,94.0,ALL,TOTAL,1454
ITG1,2024,M,Y94,94.0,ALL,TOTAL,1695
ITG1,2022,M,Y95,95.0,ALL,FRGAPO,5
ITG1,2023,M,Y95,95.0,ALL,FRGAPO,3
ITG1,2024,M,Y95,95.0,ALL,FRGAPO,2
ITG1,2021,M,Y95,95.0,ALL,ITL,971
ITG1,2022,M,Y95,95.0,ALL,ITL,964
ITG1,2023,M,Y95,95.0,ALL,ITL,974
ITG1,2024,M,Y95,95.0,ALL,ITL,1060
ITG1,2021,M,Y95,95.0,ALL,TOTAL,971
ITG1,2022,M,Y95,95.0,ALL,TOTAL,969
ITG1,2023,M,Y95,95.0,ALL,TOTAL,977
ITG1,2024,M,Y95,95.0,ALL,TOTAL,1062
ITG1,2021,M,Y96,96.0,ALL,FRGAPO,2
ITG1,2023,M,Y96,96.0,ALL,FRGAPO,4
ITG1,2024,M,Y96,96.0,ALL,FRGAPO,2
ITG1,2021,M,Y96,96.0,ALL,ITL,687
ITG1,2022,M,Y96,96.0,ALL,ITL,661
ITG1,2023,M,Y96,96.0,ALL,ITL,662
ITG1,2024,M,Y96,96.0,ALL,ITL,712
ITG1,2021,M,Y96,96.0,ALL,TOTAL,689
ITG1,2022,M,Y96,96.0,ALL,TOTAL,661
ITG1,2023,M,Y96,96.0,ALL,TOTAL,666
ITG1,2024,M,Y96,96.0,ALL,TOTAL,714
ITG1,2021,M,Y97,97.0,ALL,FRGAPO,1
ITG1,2022,M,Y97,97.0,ALL,FRGAPO,2
ITG1,2024,M,Y97,97.0,ALL,FRGAPO,4
ITG1,2021,M,Y97,97.0,ALL,ITL,449
ITG1,2022,M,Y97,97.0,ALL,ITL,418
ITG1,2023,M,Y97,97.0,ALL,ITL,446
ITG1,2024,M,Y97,97.0,ALL,ITL,474
ITG1,2021,M,Y97,97.0,ALL,TOTAL,450
ITG1,2022,M,Y97,97.0,ALL,TOTAL,420
ITG1,2023,M,Y97,97.0,ALL,TOTAL,446
ITG1,2024,M,Y97,97.0,ALL,TOTAL,478
ITG1,2021,M,Y98,98.0,ALL,FRGAPO,1
ITG1,2022,M,Y98,98.0,ALL,FRGAPO,1
ITG1,2023,M,Y98,98.0,ALL,FRGAPO,4
ITG1,2024,M,Y98,98.0,ALL,FRGAPO,1
ITG1,2021,M,Y98,98.0,ALL,ITL,293
ITG1,2022,M,Y98,98.0,ALL,ITL,313
ITG1,2023,M,Y98,98.0,ALL,ITL,273
ITG1,2024,M,Y98,98.0,ALL,ITL,322
ITG1,2021,M,Y98,98.0,ALL,TOTAL,294
ITG1,2022,M,Y98,98.0,ALL,TOTAL,314
ITG1,2023,M,Y98,98.0,ALL,TOTAL,277
ITG1,2024,M,Y98,98.0,ALL,TOTAL,323
ITG1,2021,M,Y99,99.0,ALL,FRGAPO,4
ITG1,2022,M,Y99,99.0,ALL,FRGAPO,1
ITG1,2023,M,Y99,99.0,ALL,FRGAPO,3
ITG1,2024,M,Y99,99.0,ALL,FRGAPO,4
ITG1,2021,M,Y99,99.0,ALL,ITL,186
ITG1,2022,M,Y99,99.0,ALL,ITL,174
ITG1,2023,M,Y99,99.0,ALL,ITL,224
ITG1,2024,M,Y99,99.0,ALL,ITL,173
ITG1,2021,M,Y99,99.0,ALL,TOTAL,190
ITG1,2022,M,Y99,99.0,ALL,TOTAL,175
ITG1,2023,M,Y99,99.0,ALL,TOTAL,227
ITG1,2024,M,Y99,99.0,ALL,TOTAL,177
ITG1,2018,T,TOTAL,,ALL,FRGAPO,187543
ITG1,2019,T,TOTAL,,ALL,FRGAPO,189713
ITG1,2020,T,TOTAL,,ALL,FRGAPO,186195
ITG1,2021,T,TOTAL,,ALL,FRGAPO,184605
ITG1,2022,T,TOTAL,,ALL,FRGAPO,191368
ITG1,2023,T,TOTAL,,ALL,FRGAPO,196919
ITG1,2024,T,TOTAL,,ALL,FRGAPO,206753
ITG1,2018,T,TOTAL,,ALL,ITL,4721005
ITG1,2019,T,TOTAL,,ALL,ITL,4685577
ITG1,2020,T,TOTAL,,ALL,ITL,4647510
ITG1,2021,T,TOTAL,,ALL,ITL,4648724
ITG1,2022,T,TOTAL,,ALL,ITL,4622648
ITG1,2023,T,TOTAL,,ALL,ITL,4600440
ITG1,2024,T,TOTAL,,ALL,ITL,4580637
ITG1,2018,T,TOTAL,,ALL,TOTAL,4908548
ITG1,2019,T,TOTAL,,ALL,TOTAL,4875290
ITG1,2020,T,TOTAL,,ALL,TOTAL,4833705
ITG1,2021,T,TOTAL,,ALL,TOTAL,4833329
ITG1,2022,T,TOTAL,,ALL,TOTAL,4814016
ITG1,2023,T,TOTAL,,ALL,TOTAL,4797359
ITG1,2024,T,TOTAL,,ALL,TOTAL,4787390
ITG1,2018,T,Y_GE100,,ALL,FRGAPO,4
ITG1,2019,T,Y_GE100,,ALL,FRGAPO,4
ITG1,2020,T,Y_GE100,,ALL,FRGAPO,11
ITG1,2021,T,Y_GE100,,ALL,FRGAPO,11
ITG1,2022,T,Y_GE100,,ALL,FRGAPO,16
ITG1,2023,T,Y_GE100,,ALL,FRGAPO,16
ITG1,2024,T,Y_GE100,,ALL,FRGAPO,22
ITG1,2018,T,Y_GE100,,ALL,ITL,973
ITG1,2019,T,Y_GE100,,ALL,ITL,1028
ITG1,2020,T,Y_GE100,,ALL,ITL,1160
ITG1,2021,T,Y_GE100,,ALL,ITL,1282
ITG1,2022,T,Y_GE100,,ALL,ITL,1331
ITG1,2023,T,Y_GE100,,ALL,ITL,1339
ITG1,2024,T,Y_GE100,,ALL,ITL,1500
ITG1,2018,T,Y_GE100,,ALL,TOTAL,977
ITG1,2019,T,Y_GE100,,ALL,TOTAL,1032
ITG1,2020,T,Y_GE100,,ALL,TOTAL,1171
ITG1,2021,T,Y_GE100,,ALL,TOTAL,1293
ITG1,2022,T,Y_GE100,,ALL,TOTAL,1347
ITG1,2023,T,Y_GE100,,ALL,TOTAL,1355
ITG1,2024,T,Y_GE100,,ALL,TOTAL,1522
ITG1,2021,T,Y0,0.0,ALL,FRGAPO,1967
ITG1,2022,T,Y0,0.0,ALL,FRGAPO,1899
ITG1,2023,T,Y0,0.0,ALL,FRGAPO,1779
ITG1,2024,T,Y0,0.0,ALL,FRGAPO,1812
ITG1,2021,T,Y0,0.0,ALL,ITL,35174
ITG1,2022,T,Y0,0.0,ALL,ITL,34819
ITG1,2023,T,Y0,0.0,ALL,ITL,33643
ITG1,2024,T,Y0,0.0,ALL,ITL,31782
ITG1,2021,T,Y0,0.0,ALL,TOTAL,37141
ITG1,2022,T,Y0,0.0,ALL,TOTAL,36718
ITG1,2023,T,Y0,0.0,ALL,TOTAL,35422
ITG1,2024,T,Y0,0.0,ALL,TOTAL,33594
ITG1,2021,T,Y1,1.0,ALL,FRGAPO,2054
ITG1,2022,T,Y1,1.0,ALL,FRGAPO,1958
ITG1,2023,T,Y1,1.0,ALL,FRGAPO,1895
ITG1,2024,T,Y1,1.0,ALL,FRGAPO,1845
ITG1,2021,T,Y1,1.0,ALL,ITL,35584
ITG1,2022,T,Y1,1.0,ALL,ITL,35365
ITG1,2023,T,Y1,1.0,ALL,ITL,35112
ITG1,2024,T,Y1,1.0,ALL,ITL,33854
ITG1,2021,T,Y1,1.0,ALL,TOTAL,37638
ITG1,2022,T,Y1,1.0,ALL,TOTAL,37323
ITG1,2023,T,Y1,1.0,ALL,TOTAL,37007
ITG1,2024,T,Y1,1.0,ALL,TOTAL,35699
ITG1,2021,T,Y10,10.0,ALL,FRGAPO,2009
ITG1,2022,T,Y10,10.0,ALL,FRGAPO,2163
ITG1,2023,T,Y10,10.0,ALL,FRGAPO,2042
ITG1,2024,T,Y10,10.0,ALL,FRGAPO,2157
ITG1,2021,T,Y10,10.0,ALL,ITL,43751
ITG1,2022,T,Y10,10.0,ALL,ITL,43204
ITG1,2023,T,Y10,10.0,ALL,ITL,41242
ITG1,2024,T,Y10,10.0,ALL,ITL,41958
ITG1,2021,T,Y10,10.0,ALL,TOTAL,45760
ITG1,2022,T,Y10,10.0,ALL,TOTAL,45367
ITG1,2023,T,Y10,10.0,ALL,TOTAL,43284
ITG1,2024,T,Y10,10.0,ALL,TOTAL,44115
ITG1,2021,T,Y11,11.0,ALL,FRGAPO,1990
ITG1,2022,T,Y11,11.0,ALL,FRGAPO,2000
ITG1,2023,T,Y11,11.0,ALL,FRGAPO,2184
ITG1,2024,T,Y11,11.0,ALL,FRGAPO,2080
ITG1,2021,T,Y11,11.0,ALL,ITL,45094
ITG1,2022,T,Y11,11.0,ALL,ITL,43773
ITG1,2023,T,Y11,11.0,ALL,ITL,43274
ITG1,2024,T,Y11,11.0,ALL,ITL,41339
ITG1,2021,T,Y11,11.0,ALL,TOTAL,47084
ITG1,2022,T,Y11,11.0,ALL,TOTAL,45773
ITG1,2023,T,Y11,11.0,ALL,TOTAL,45458
ITG1,2024,T,Y11,11.0,ALL,TOTAL,43419
ITG1,2021,T,Y12,12.0,ALL,FRGAPO,1931
ITG1,2022,T,Y12,12.0,ALL,FRGAPO,1995
ITG1,2023,T,Y12,12.0,ALL,FRGAPO,2019
ITG1,2024,T,Y12,12.0,ALL,FRGAPO,2232
ITG1,2021,T,Y12,12.0,ALL,ITL,46148
ITG1,2022,T,Y12,12.0,ALL,ITL,45126
ITG1,2023,T,Y12,12.0,ALL,ITL,43816
ITG1,2024,T,Y12,12.0,ALL,ITL,43337
ITG1,2021,T,Y12,12.0,ALL,TOTAL,48079
ITG1,2022,T,Y12,12.0,ALL,TOTAL,47121
ITG1,2023,T,Y12,12.0,ALL,TOTAL,45835
ITG1,2024,T,Y12,12.0,ALL,TOTAL,45569
ITG1,2021,T,Y13,13.0,ALL,FRGAPO,1987
ITG1,2022,T,Y13,13.0,ALL,FRGAPO,1924
ITG1,2023,T,Y13,13.0,ALL,FRGAPO,2031
ITG1,2024,T,Y13,13.0,ALL,FRGAPO,2123
ITG1,2021,T,Y13,13.0,ALL,ITL,46938
ITG1,2022,T,Y13,13.0,ALL,ITL,46183
ITG1,2023,T,Y13,13.0,ALL,ITL,45163
ITG1,2024,T,Y13,13.0,ALL,ITL,43852
ITG1,2021,T,Y13,13.0,ALL,TOTAL,48925
ITG1,2022,T,Y13,13.0,ALL,TOTAL,48107
ITG1,2023,T,Y13,13.0,ALL,TOTAL,47194
ITG1,2024,T,Y13,13.0,ALL,TOTAL,45975
ITG1,2021,T,Y14,14.0,ALL,FRGAPO,1907
ITG1,2022,T,Y14,14.0,ALL,FRGAPO,2012
ITG1,2023,T,Y14,14.0,ALL,FRGAPO,1982
ITG1,2024,T,Y14,14.0,ALL,FRGAPO,2099
ITG1,2021,T,Y14,14.0,ALL,ITL,46739
ITG1,2022,T,Y14,14.0,ALL,ITL,46982
ITG1,2023,T,Y14,14.0,ALL,ITL,46244
ITG1,2024,T,Y14,14.0,ALL,ITL,45155
ITG1,2021,T,Y14,14.0,ALL,TOTAL,48646
ITG1,2022,T,Y14,14.0,ALL,TOTAL,48994
ITG1,2023,T,Y14,14.0,ALL,TOTAL,48226
ITG1,2024,T,Y14,14.0,ALL,TOTAL,47254
ITG1,2021,T,Y15,15.0,ALL,FRGAPO,1858
ITG1,2022,T,Y15,15.0,ALL,FRGAPO,1955
ITG1,2023,T,Y15,15.0,ALL,FRGAPO,2167
ITG1,2024,T,Y15,15.0,ALL,FRGAPO,2123
ITG1,2021,T,Y15,15.0,ALL,ITL,47794
ITG1,2022,T,Y15,15.0,ALL,ITL,46761
ITG1,2023,T,Y15,15.0,ALL,ITL,47001
ITG1,2024,T,Y15,15.0,ALL,ITL,46259
ITG1,2021,T,Y15,15.0,ALL,TOTAL,49652
ITG1,2022,T,Y15,15.0,ALL,TOTAL,48716
ITG1,2023,T,Y15,15.0,ALL,TOTAL,49168
ITG1,2024,T,Y15,15.0,ALL,TOTAL,48382
ITG1,2021,T,Y16,16.0,ALL,FRGAPO,1882
ITG1,2022,T,Y16,16.0,ALL,FRGAPO,1985
ITG1,2023,T,Y16,16.0,ALL,FRGAPO,2247
ITG1,2024,T,Y16,16.0,ALL,FRGAPO,2512
ITG1,2021,T,Y16,16.0,ALL,ITL,48797
ITG1,2022,T,Y16,16.0,ALL,ITL,47798
ITG1,2023,T,Y16,16.0,ALL,ITL,46813
ITG1,2024,T,Y16,16.0,ALL,ITL,47047
ITG1,2021,T,Y16,16.0,ALL,TOTAL,50679
ITG1,2022,T,Y16,16.0,ALL,TOTAL,49783
ITG1,2023,T,Y16,16.0,ALL,TOTAL,49060
ITG1,2024,T,Y16,16.0,ALL,TOTAL,49559
ITG1,2021,T,Y17,17.0,ALL,FRGAPO,2040
ITG1,2022,T,Y17,17.0,ALL,FRGAPO,2132
ITG1,2023,T,Y17,17.0,ALL,FRGAPO,2505
ITG1,2024,T,Y17,17.0,ALL,FRGAPO,3071
ITG1,2021,T,Y17,17.0,ALL,ITL,49739
ITG1,2022,T,Y17,17.0,ALL,ITL,48856
ITG1,2023,T,Y17,17.0,ALL,ITL,47853
ITG1,2024,T,Y17,17.0,ALL,ITL,46829
ITG1,2021,T,Y17,17.0,ALL,TOTAL,51779
ITG1,2022,T,Y17,17.0,ALL,TOTAL,50988
ITG1,2023,T,Y17,17.0,ALL,TOTAL,50358
ITG1,2024,T,Y17,17.0,ALL,TOTAL,49900
ITG1,2021,T,Y18,18.0,ALL,FRGAPO,2148
ITG1,2022,T,Y18,18.0,ALL,FRGAPO,2607
ITG1,2023,T,Y18,18.0,ALL,FRGAPO,2584
ITG1,2024,T,Y18,18.0,ALL,FRGAPO,3031
ITG1,2021,T,Y18,18.0,ALL,ITL,48491
ITG1,2022,T,Y18,18.0,ALL,ITL,49903
ITG1,2023,T,Y18,18.0,ALL,ITL,49110
ITG1,2024,T,Y18,18.0,ALL,ITL,48118
ITG1,2021,T,Y18,18.0,ALL,TOTAL,50639
ITG1,2022,T,Y18,18.0,ALL,TOTAL,52510
ITG1,2023,T,Y18,18.0,ALL,TOTAL,51694
ITG1,2024,T,Y18,18.0,ALL,TOTAL,51149
ITG1,2021,T,Y19,19.0,ALL,FRGAPO,1952
ITG1,2022,T,Y19,19.0,ALL,FRGAPO,2356
ITG1,2023,T,Y19,19.0,ALL,FRGAPO,2907
ITG1,2024,T,Y19,19.0,ALL,FRGAPO,2833
ITG1,2021,T,Y19,19.0,ALL,ITL,48597
ITG1,2022,T,Y19,19.0,ALL,ITL,48773
ITG1,2023,T,Y19,19.0,ALL,ITL,49887
ITG1,2024,T,Y19,19.0,ALL,ITL,49094
ITG1,2021,T,Y19,19.0,ALL,TOTAL,50549
ITG1,2022,T,Y19,19.0,ALL,TOTAL,51129
ITG1,2023,T,Y19,19.0,ALL,TOTAL,52794
ITG1,2024,T,Y19,19.0,ALL,TOTAL,51927
ITG1,2021,T,Y2,2.0,ALL,FRGAPO,2207
ITG1,2022,T,Y2,2.0,ALL,FRGAPO,2117
ITG1,2023,T,Y2,2.0,ALL,FRGAPO,1983
ITG1,2024,T,Y2,2.0,ALL,FRGAPO,1966
ITG1,2021,T,Y2,2.0,ALL,ITL,36555
ITG1,2022,T,Y2,2.0,ALL,ITL,35758
ITG1,2023,T,Y2,2.0,ALL,ITL,35574
ITG1,2024,T,Y2,2.0,ALL,ITL,35278
ITG1,2021,T,Y2,2.0,ALL,TOTAL,38762
ITG1,2022,T,Y2,2.0,ALL,TOTAL,37875
ITG1,2023,T,Y2,2.0,ALL,TOTAL,37557
ITG1,2024,T,Y2,2.0,ALL,TOTAL,37244
ITG1,2021,T,Y20,20.0,ALL,FRGAPO,2495
ITG1,2022,T,Y20,20.0,ALL,FRGAPO,2130
ITG1,2023,T,Y20,20.0,ALL,FRGAPO,2483
ITG1,2024,T,Y20,20.0,ALL,FRGAPO,3076
ITG1,2021,T,Y20,20.0,ALL,ITL,49060
ITG1,2022,T,Y20,20.0,ALL,ITL,48634
ITG1,2023,T,Y20,20.0,ALL,ITL,48659
ITG1,2024,T,Y20,20.0,ALL,ITL,49653
ITG1,2021,T,Y20,20.0,ALL,TOTAL,51555
ITG1,2022,T,Y20,20.0,ALL,TOTAL,50764
ITG1,2023,T,Y20,20.0,ALL,TOTAL,51142
ITG1,2024,T,Y20,20.0,ALL,TOTAL,52729
ITG1,2021,T,Y21,21.0,ALL,FRGAPO,3497
ITG1,2022,T,Y21,21.0,ALL,FRGAPO,2564
ITG1,2023,T,Y21,21.0,ALL,FRGAPO,2311
ITG1,2024,T,Y21,21.0,ALL,FRGAPO,2760
ITG1,2021,T,Y21,21.0,ALL,ITL,48764
ITG1,2022,T,Y21,21.0,ALL,ITL,48986
ITG1,2023,T,Y21,21.0,ALL,ITL,48471
ITG1,2024,T,Y21,21.0,ALL,ITL,48665
ITG1,2021,T,Y21,21.0,ALL,TOTAL,52261
ITG1,2022,T,Y21,21.0,ALL,TOTAL,51550
ITG1,2023,T,Y21,21.0,ALL,TOTAL,50782
ITG1,2024,T,Y21,21.0,ALL,TOTAL,51425
ITG1,2021,T,Y22,22.0,ALL,FRGAPO,3554
ITG1,2022,T,Y22,22.0,ALL,FRGAPO,3507
ITG1,2023,T,Y22,22.0,ALL,FRGAPO,2710
ITG1,2024,T,Y22,22.0,ALL,FRGAPO,2639
ITG1,2021,T,Y22,22.0,ALL,ITL,48975
ITG1,2022,T,Y22,22.0,ALL,ITL,48859
ITG1,2023,T,Y22,22.0,ALL,ITL,48558
ITG1,2024,T,Y22,22.0,ALL,ITL,48183
ITG1,2021,T,Y22,22.0,ALL,TOTAL,52529
ITG1,2022,T,Y22,22.0,ALL,TOTAL,52366
ITG1,2023,T,Y22,22.0,ALL,TOTAL,51268
ITG1,2024,T,Y22,22.0,ALL,TOTAL,50822
ITG1,2021,T,Y23,23.0,ALL,FRGAPO,2920
ITG1,2022,T,Y23,23.0,ALL,FRGAPO,3610
ITG1,2023,T,Y23,23.0,ALL,FRGAPO,3525
ITG1,2024,T,Y23,23.0,ALL,FRGAPO,2993
ITG1,2021,T,Y23,23.0,ALL,ITL,48684
ITG1,2022,T,Y23,23.0,ALL,ITL,48803
ITG1,2023,T,Y23,23.0,ALL,ITL,48404
ITG1,2024,T,Y23,23.0,ALL,ITL,48168
ITG1,2021,T,Y23,23.0,ALL,TOTAL,51604
ITG1,2022,T,Y23,23.0,ALL,TOTAL,52413
ITG1,2023,T,Y23,23.0,ALL,TOTAL,51929
ITG1,2024,T,Y23,23.0,ALL,TOTAL,51161
ITG1,2021,T,Y24,24.0,ALL,FRGAPO,2740
ITG1,2022,T,Y24,24.0,ALL,FRGAPO,3080
ITG1,2023,T,Y24,24.0,ALL,FRGAPO,3713
ITG1,2024,T,Y24,24.0,ALL,FRGAPO,3929
ITG1,2021,T,Y24,24.0,ALL,ITL,48795
ITG1,2022,T,Y24,24.0,ALL,ITL,48420
ITG1,2023,T,Y24,24.0,ALL,ITL,48378
ITG1,2024,T,Y24,24.0,ALL,ITL,48016
ITG1,2021,T,Y24,24.0,ALL,TOTAL,51535
ITG1,2022,T,Y24,24.0,ALL,TOTAL,51500
ITG1,2023,T,Y24,24.0,ALL,TOTAL,52091
ITG1,2024,T,Y24,24.0,ALL,TOTAL,51945
ITG1,2021,T,Y25,25.0,ALL,FRGAPO,2608
ITG1,2022,T,Y25,25.0,ALL,FRGAPO,2960
ITG1,2023,T,Y25,25.0,ALL,FRGAPO,3318
ITG1,2024,T,Y25,25.0,ALL,FRGAPO,4068
ITG1,2021,T,Y25,25.0,ALL,ITL,49228
ITG1,2022,T,Y25,25.0,ALL,ITL,48256
ITG1,2023,T,Y25,25.0,ALL,ITL,47749
ITG1,2024,T,Y25,25.0,ALL,ITL,47848
ITG1,2021,T,Y25,25.0,ALL,TOTAL,51836
ITG1,2022,T,Y25,25.0,ALL,TOTAL,51216
ITG1,2023,T,Y25,25.0,ALL,TOTAL,51067
ITG1,2024,T,Y25,25.0,ALL,TOTAL,51916
ITG1,2021,T,Y26,26.0,ALL,FRGAPO,2686
ITG1,2022,T,Y26,26.0,ALL,FRGAPO,2848
ITG1,2023,T,Y26,26.0,ALL,FRGAPO,3190
ITG1,2024,T,Y26,26.0,ALL,FRGAPO,3667
ITG1,2021,T,Y26,26.0,ALL,ITL,49140
ITG1,2022,T,Y26,26.0,ALL,ITL,48448
ITG1,2023,T,Y26,26.0,ALL,ITL,47471
ITG1,2024,T,Y26,26.0,ALL,ITL,47088
ITG1,2021,T,Y26,26.0,ALL,TOTAL,51826
ITG1,2022,T,Y26,26.0,ALL,TOTAL,51296
ITG1,2023,T,Y26,26.0,ALL,TOTAL,50661
ITG1,2024,T,Y26,26.0,ALL,TOTAL,50755
ITG1,2021,T,Y27,27.0,ALL,FRGAPO,2805
ITG1,2022,T,Y27,27.0,ALL,FRGAPO,2950
ITG1,2023,T,Y27,27.0,ALL,FRGAPO,3172
ITG1,2024,T,Y27,27.0,ALL,FRGAPO,3589
ITG1,2021,T,Y27,27.0,ALL,ITL,49921
ITG1,2022,T,Y27,27.0,ALL,ITL,48272
ITG1,2023,T,Y27,27.0,ALL,ITL,47579
ITG1,2024,T,Y27,27.0,ALL,ITL,46850
ITG1,2021,T,Y27,27.0,ALL,TOTAL,52726
ITG1,2022,T,Y27,27.0,ALL,TOTAL,51222
ITG1,2023,T,Y27,27.0,ALL,TOTAL,50751
ITG1,2024,T,Y27,27.0,ALL,TOTAL,50439
ITG1,2021,T,Y28,28.0,ALL,FRGAPO,2680
ITG1,2022,T,Y28,28.0,ALL,FRGAPO,3072
ITG1,2023,T,Y28,28.0,ALL,FRGAPO,3203
ITG1,2024,T,Y28,28.0,ALL,FRGAPO,3519
ITG1,2021,T,Y28,28.0,ALL,ITL,51345
ITG1,2022,T,Y28,28.0,ALL,ITL,49136
ITG1,2023,T,Y28,28.0,ALL,ITL,47499
ITG1,2024,T,Y28,28.0,ALL,ITL,46868
ITG1,2021,T,Y28,28.0,ALL,TOTAL,54025
ITG1,2022,T,Y28,28.0,ALL,TOTAL,52208
ITG1,2023,T,Y28,28.0,ALL,TOTAL,50702
ITG1,2024,T,Y28,28.0,ALL,TOTAL,50387
ITG1,2021,T,Y29,29.0,ALL,FRGAPO,2993
ITG1,2022,T,Y29,29.0,ALL,FRGAPO,2951
ITG1,2023,T,Y29,29.0,ALL,FRGAPO,3267
ITG1,2024,T,Y29,29.0,ALL,FRGAPO,3492
ITG1,2021,T,Y29,29.0,ALL,ITL,53280
ITG1,2022,T,Y29,29.0,ALL,ITL,50617
ITG1,2023,T,Y29,29.0,ALL,ITL,48350
ITG1,2024,T,Y29,29.0,ALL,ITL,46948
ITG1,2021,T,Y29,29.0,ALL,TOTAL,56273
ITG1,2022,T,Y29,29.0,ALL,TOTAL,53568
ITG1,2023,T,Y29,29.0,ALL,TOTAL,51617
ITG1,2024,T,Y29,29.0,ALL,TOTAL,50440
ITG1,2021,T,Y3,3.0,ALL,FRGAPO,2289
ITG1,2022,T,Y3,3.0,ALL,FRGAPO,2229
ITG1,2023,T,Y3,3.0,ALL,FRGAPO,2123
ITG1,2024,T,Y3,3.0,ALL,FRGAPO,2023
ITG1,2021,T,Y3,3.0,ALL,ITL,38137
ITG1,2022,T,Y3,3.0,ALL,ITL,36689
ITG1,2023,T,Y3,3.0,ALL,ITL,35948
ITG1,2024,T,Y3,3.0,ALL,ITL,35714
ITG1,2021,T,Y3,3.0,ALL,TOTAL,40426
ITG1,2022,T,Y3,3.0,ALL,TOTAL,38918
ITG1,2023,T,Y3,3.0,ALL,TOTAL,38071
ITG1,2024,T,Y3,3.0,ALL,TOTAL,37737
ITG1,2021,T,Y30,30.0,ALL,FRGAPO,3039
ITG1,2022,T,Y30,30.0,ALL,FRGAPO,3242
ITG1,2023,T,Y30,30.0,ALL,FRGAPO,3149
ITG1,2024,T,Y30,30.0,ALL,FRGAPO,3589
ITG1,2021,T,Y30,30.0,ALL,ITL,52562
ITG1,2022,T,Y30,30.0,ALL,ITL,52527
ITG1,2023,T,Y30,30.0,ALL,ITL,50000
ITG1,2024,T,Y30,30.0,ALL,ITL,47780
ITG1,2021,T,Y30,30.0,ALL,TOTAL,55601
ITG1,2022,T,Y30,30.0,ALL,TOTAL,55769
ITG1,2023,T,Y30,30.0,ALL,TOTAL,53149
ITG1,2024,T,Y30,30.0,ALL,TOTAL,51369
ITG1,2021,T,Y31,31.0,ALL,FRGAPO,3434
ITG1,2022,T,Y31,31.0,ALL,FRGAPO,3218
ITG1,2023,T,Y31,31.0,ALL,FRGAPO,3427
ITG1,2024,T,Y31,31.0,ALL,FRGAPO,3409
ITG1,2021,T,Y31,31.0,ALL,ITL,52803
ITG1,2022,T,Y31,31.0,ALL,ITL,51953
ITG1,2023,T,Y31,31.0,ALL,ITL,51884
ITG1,2024,T,Y31,31.0,ALL,ITL,49466
ITG1,2021,T,Y31,31.0,ALL,TOTAL,56237
ITG1,2022,T,Y31,31.0,ALL,TOTAL,55171
ITG1,2023,T,Y31,31.0,ALL,TOTAL,55311
ITG1,2024,T,Y31,31.0,ALL,TOTAL,52875
ITG1,2021,T,Y32,32.0,ALL,FRGAPO,3703
ITG1,2022,T,Y32,32.0,ALL,FRGAPO,3616
ITG1,2023,T,Y32,32.0,ALL,FRGAPO,3354
ITG1,2024,T,Y32,32.0,ALL,FRGAPO,3704
ITG1,2021,T,Y32,32.0,ALL,ITL,52703
ITG1,2022,T,Y32,32.0,ALL,ITL,52330
ITG1,2023,T,Y32,32.0,ALL,ITL,51449
ITG1,2024,T,Y32,32.0,ALL,ITL,51546
ITG1,2021,T,Y32,32.0,ALL,TOTAL,56406
ITG1,2022,T,Y32,32.0,ALL,TOTAL,55946
ITG1,2023,T,Y32,32.0,ALL,TOTAL,54803
ITG1,2024,T,Y32,32.0,ALL,TOTAL,55250
ITG1,2021,T,Y33,33.0,ALL,FRGAPO,3945
ITG1,2022,T,Y33,33.0,ALL,FRGAPO,3857
ITG1,2023,T,Y33,33.0,ALL,FRGAPO,3813
ITG1,2024,T,Y33,33.0,ALL,FRGAPO,3632
ITG1,2021,T,Y33,33.0,ALL,ITL,53023
ITG1,2022,T,Y33,33.0,ALL,ITL,52289
ITG1,2023,T,Y33,33.0,ALL,ITL,51932
ITG1,2024,T,Y33,33.0,ALL,ITL,51244
ITG1,2021,T,Y33,33.0,ALL,TOTAL,56968
ITG1,2022,T,Y33,33.0,ALL,TOTAL,56146
ITG1,2023,T,Y33,33.0,ALL,TOTAL,55745
ITG1,2024,T,Y33,33.0,ALL,TOTAL,54876
ITG1,2021,T,Y34,34.0,ALL,FRGAPO,4037
ITG1,2022,T,Y34,34.0,ALL,FRGAPO,4151
ITG1,2023,T,Y34,34.0,ALL,FRGAPO,3995
ITG1,2024,T,Y34,34.0,ALL,FRGAPO,4075
ITG1,2021,T,Y34,34.0,ALL,ITL,51798
ITG1,2022,T,Y34,34.0,ALL,ITL,52727
ITG1,2023,T,Y34,34.0,ALL,ITL,51990
ITG1,2024,T,Y34,34.0,ALL,ITL,51682
ITG1,2021,T,Y34,34.0,ALL,TOTAL,55835
ITG1,2022,T,Y34,34.0,ALL,TOTAL,56878
ITG1,2023,T,Y34,34.0,ALL,TOTAL,55985
ITG1,2024,T,Y34,34.0,ALL,TOTAL,55757
ITG1,2021,T,Y35,35.0,ALL,FRGAPO,4181
ITG1,2022,T,Y35,35.0,ALL,FRGAPO,4221
ITG1,2023,T,Y35,35.0,ALL,FRGAPO,4247
ITG1,2024,T,Y35,35.0,ALL,FRGAPO,4194
ITG1,2021,T,Y35,35.0,ALL,ITL,51961
ITG1,2022,T,Y35,35.0,ALL,ITL,51604
ITG1,2023,T,Y35,35.0,ALL,ITL,52589
ITG1,2024,T,Y35,35.0,ALL,ITL,51823
ITG1,2021,T,Y35,35.0,ALL,TOTAL,56142
ITG1,2022,T,Y35,35.0,ALL,TOTAL,55825
ITG1,2023,T,Y35,35.0,ALL,TOTAL,56836
ITG1,2024,T,Y35,35.0,ALL,TOTAL,56017
ITG1,2021,T,Y36,36.0,ALL,FRGAPO,4158
ITG1,2022,T,Y36,36.0,ALL,FRGAPO,4285
ITG1,2023,T,Y36,36.0,ALL,FRGAPO,4259
ITG1,2024,T,Y36,36.0,ALL,FRGAPO,4409
ITG1,2021,T,Y36,36.0,ALL,ITL,52744
ITG1,2022,T,Y36,36.0,ALL,ITL,51829
ITG1,2023,T,Y36,36.0,ALL,ITL,51473
ITG1,2024,T,Y36,36.0,ALL,ITL,52456
ITG1,2021,T,Y36,36.0,ALL,TOTAL,56902
ITG1,2022,T,Y36,36.0,ALL,TOTAL,56114
ITG1,2023,T,Y36,36.0,ALL,TOTAL,55732
ITG1,2024,T,Y36,36.0,ALL,TOTAL,56865
ITG1,2021,T,Y37,37.0,ALL,FRGAPO,4090
ITG1,2022,T,Y37,37.0,ALL,FRGAPO,4291
ITG1,2023,T,Y37,37.0,ALL,FRGAPO,4411
ITG1,2024,T,Y37,37.0,ALL,FRGAPO,4473
ITG1,2021,T,Y37,37.0,ALL,ITL,54096
ITG1,2022,T,Y37,37.0,ALL,ITL,52614
ITG1,2023,T,Y37,37.0,ALL,ITL,51785
ITG1,2024,T,Y37,37.0,ALL,ITL,51375
ITG1,2021,T,Y37,37.0,ALL,TOTAL,58186
ITG1,2022,T,Y37,37.0,ALL,TOTAL,56905
ITG1,2023,T,Y37,37.0,ALL,TOTAL,56196
ITG1,2024,T,Y37,37.0,ALL,TOTAL,55848
ITG1,2021,T,Y38,38.0,ALL,FRGAPO,3930
ITG1,2022,T,Y38,38.0,ALL,FRGAPO,4187
ITG1,2023,T,Y38,38.0,ALL,FRGAPO,4328
ITG1,2024,T,Y38,38.0,ALL,FRGAPO,4573
ITG1,2021,T,Y38,38.0,ALL,ITL,53651
ITG1,2022,T,Y38,38.0,ALL,ITL,54025
ITG1,2023,T,Y38,38.0,ALL,ITL,52606
ITG1,2024,T,Y38,38.0,ALL,ITL,51761
ITG1,2021,T,Y38,38.0,ALL,TOTAL,57581
ITG1,2022,T,Y38,38.0,ALL,TOTAL,58212
ITG1,2023,T,Y38,38.0,ALL,TOTAL,56934
ITG1,2024,T,Y38,38.0,ALL,TOTAL,56334
ITG1,2021,T,Y39,39.0,ALL,FRGAPO,4219
ITG1,2022,T,Y39,39.0,ALL,FRGAPO,4046
ITG1,2023,T,Y39,39.0,ALL,FRGAPO,4232
ITG1,2024,T,Y39,39.0,ALL,FRGAPO,4456
ITG1,2021,T,Y39,39.0,ALL,ITL,55457
ITG1,2022,T,Y39,39.0,ALL,ITL,53607
ITG1,2023,T,Y39,39.0,ALL,ITL,54037
ITG1,2024,T,Y39,39.0,ALL,ITL,52587
ITG1,2021,T,Y39,39.0,ALL,TOTAL,59676
ITG1,2022,T,Y39,39.0,ALL,TOTAL,57653
ITG1,2023,T,Y39,39.0,ALL,TOTAL,58269
ITG1,2024,T,Y39,39.0,ALL,TOTAL,57043
ITG1,2021,T,Y4,4.0,ALL,FRGAPO,2534
ITG1,2022,T,Y4,4.0,ALL,FRGAPO,2301
ITG1,2023,T,Y4,4.0,ALL,FRGAPO,2222
ITG1,2024,T,Y4,4.0,ALL,FRGAPO,2155
ITG1,2021,T,Y4,4.0,ALL,ITL,38895
ITG1,2022,T,Y4,4.0,ALL,ITL,38283
ITG1,2023,T,Y4,4.0,ALL,ITL,36857
ITG1,2024,T,Y4,4.0,ALL,ITL,36057
ITG1,2021,T,Y4,4.0,ALL,TOTAL,41429
ITG1,2022,T,Y4,4.0,ALL,TOTAL,40584
ITG1,2023,T,Y4,4.0,ALL,TOTAL,39079
ITG1,2024,T,Y4,4.0,ALL,TOTAL,38212
ITG1,2021,T,Y40,40.0,ALL,FRGAPO,4041
ITG1,2022,T,Y40,40.0,ALL,FRGAPO,4301
ITG1,2023,T,Y40,40.0,ALL,FRGAPO,4071
ITG1,2024,T,Y40,40.0,ALL,FRGAPO,4344
ITG1,2021,T,Y40,40.0,ALL,ITL,55896
ITG1,2022,T,Y40,40.0,ALL,ITL,55476
ITG1,2023,T,Y40,40.0,ALL,ITL,53614
ITG1,2024,T,Y40,40.0,ALL,ITL,53997
ITG1,2021,T,Y40,40.0,ALL,TOTAL,59937
ITG1,2022,T,Y40,40.0,ALL,TOTAL,59777
ITG1,2023,T,Y40,40.0,ALL,TOTAL,57685
ITG1,2024,T,Y40,40.0,ALL,TOTAL,58341
ITG1,2021,T,Y41,41.0,ALL,FRGAPO,4178
ITG1,2022,T,Y41,41.0,ALL,FRGAPO,4053
ITG1,2023,T,Y41,41.0,ALL,FRGAPO,4310
ITG1,2024,T,Y41,41.0,ALL,FRGAPO,4146
ITG1,2021,T,Y41,41.0,ALL,ITL,57961
ITG1,2022,T,Y41,41.0,ALL,ITL,55894
ITG1,2023,T,Y41,41.0,ALL,ITL,55471
ITG1,2024,T,Y41,41.0,ALL,ITL,53611
ITG1,2021,T,Y41,41.0,ALL,TOTAL,62139
ITG1,2022,T,Y41,41.0,ALL,TOTAL,59947
ITG1,2023,T,Y41,41.0,ALL,TOTAL,59781
ITG1,2024,T,Y41,41.0,ALL,TOTAL,57757
ITG1,2021,T,Y42,42.0,ALL,FRGAPO,4037
ITG1,2022,T,Y42,42.0,ALL,FRGAPO,4215
ITG1,2023,T,Y42,42.0,ALL,FRGAPO,4051
ITG1,2024,T,Y42,42.0,ALL,FRGAPO,4382
ITG1,2021,T,Y42,42.0,ALL,ITL,58938
ITG1,2022,T,Y42,42.0,ALL,ITL,58052
ITG1,2023,T,Y42,42.0,ALL,ITL,56002
ITG1,2024,T,Y42,42.0,ALL,ITL,55482
ITG1,2021,T,Y42,42.0,ALL,TOTAL,62975
ITG1,2022,T,Y42,42.0,ALL,TOTAL,62267
ITG1,2023,T,Y42,42.0,ALL,TOTAL,60053
ITG1,2024,T,Y42,42.0,ALL,TOTAL,59864
ITG1,2021,T,Y43,43.0,ALL,FRGAPO,4034
ITG1,2022,T,Y43,43.0,ALL,FRGAPO,4022
ITG1,2023,T,Y43,43.0,ALL,FRGAPO,4178
ITG1,2024,T,Y43,43.0,ALL,FRGAPO,4138
ITG1,2021,T,Y43,43.0,ALL,ITL,60848
ITG1,2022,T,Y43,43.0,ALL,ITL,58948
ITG1,2023,T,Y43,43.0,ALL,ITL,58090
ITG1,2024,T,Y43,43.0,ALL,ITL,56015
ITG1,2021,T,Y43,43.0,ALL,TOTAL,64882
ITG1,2022,T,Y43,43.0,ALL,TOTAL,62970
ITG1,2023,T,Y43,43.0,ALL,TOTAL,62268
ITG1,2024,T,Y43,43.0,ALL,TOTAL,60153
ITG1,2021,T,Y44,44.0,ALL,FRGAPO,3728
ITG1,2022,T,Y44,44.0,ALL,FRGAPO,4020
ITG1,2023,T,Y44,44.0,ALL,FRGAPO,4019
ITG1,2024,T,Y44,44.0,ALL,FRGAPO,4173
ITG1,2021,T,Y44,44.0,ALL,ITL,62098
ITG1,2022,T,Y44,44.0,ALL,ITL,60874
ITG1,2023,T,Y44,44.0,ALL,ITL,59010
ITG1,2024,T,Y44,44.0,ALL,ITL,58138
ITG1,2021,T,Y44,44.0,ALL,TOTAL,65826
ITG1,2022,T,Y44,44.0,ALL,TOTAL,64894
ITG1,2023,T,Y44,44.0,ALL,TOTAL,63029
ITG1,2024,T,Y44,44.0,ALL,TOTAL,62311
ITG1,2021,T,Y45,45.0,ALL,FRGAPO,3644
ITG1,2022,T,Y45,45.0,ALL,FRGAPO,3715
ITG1,2023,T,Y45,45.0,ALL,FRGAPO,3969
ITG1,2024,T,Y45,45.0,ALL,FRGAPO,3986
ITG1,2021,T,Y45,45.0,ALL,ITL,65485
ITG1,2022,T,Y45,45.0,ALL,ITL,62123
ITG1,2023,T,Y45,45.0,ALL,ITL,60967
ITG1,2024,T,Y45,45.0,ALL,ITL,59056
ITG1,2021,T,Y45,45.0,ALL,TOTAL,69129
ITG1,2022,T,Y45,45.0,ALL,TOTAL,65838
ITG1,2023,T,Y45,45.0,ALL,TOTAL,64936
ITG1,2024,T,Y45,45.0,ALL,TOTAL,63042
ITG1,2021,T,Y46,46.0,ALL,FRGAPO,3602
ITG1,2022,T,Y46,46.0,ALL,FRGAPO,3668
ITG1,2023,T,Y46,46.0,ALL,FRGAPO,3643
ITG1,2024,T,Y46,46.0,ALL,FRGAPO,3963
ITG1,2021,T,Y46,46.0,ALL,ITL,67295
ITG1,2022,T,Y46,46.0,ALL,ITL,65382
ITG1,2023,T,Y46,46.0,ALL,ITL,62155
ITG1,2024,T,Y46,46.0,ALL,ITL,60955
ITG1,2021,T,Y46,46.0,ALL,TOTAL,70897
ITG1,2022,T,Y46,46.0,ALL,TOTAL,69050
ITG1,2023,T,Y46,46.0,ALL,TOTAL,65798
ITG1,2024,T,Y46,46.0,ALL,TOTAL,64918
ITG1,2021,T,Y47,47.0,ALL,FRGAPO,3314
ITG1,2022,T,Y47,47.0,ALL,FRGAPO,3608
ITG1,2023,T,Y47,47.0,ALL,FRGAPO,3610
ITG1,2024,T,Y47,47.0,ALL,FRGAPO,3621
ITG1,2021,T,Y47,47.0,ALL,ITL,70006
ITG1,2022,T,Y47,47.0,ALL,ITL,67255
ITG1,2023,T,Y47,47.0,ALL,ITL,65440
ITG1,2024,T,Y47,47.0,ALL,ITL,62202
ITG1,2021,T,Y47,47.0,ALL,TOTAL,73320
ITG1,2022,T,Y47,47.0,ALL,TOTAL,70863
ITG1,2023,T,Y47,47.0,ALL,TOTAL,69050
ITG1,2024,T,Y47,47.0,ALL,TOTAL,65823
ITG1,2021,T,Y48,48.0,ALL,FRGAPO,3027
ITG1,2022,T,Y48,48.0,ALL,FRGAPO,3290
ITG1,2023,T,Y48,48.0,ALL,FRGAPO,3551
ITG1,2024,T,Y48,48.0,ALL,FRGAPO,3566
ITG1,2021,T,Y48,48.0,ALL,ITL,68978
ITG1,2022,T,Y48,48.0,ALL,ITL,69999
ITG1,2023,T,Y48,48.0,ALL,ITL,67260
ITG1,2024,T,Y48,48.0,ALL,ITL,65457
ITG1,2021,T,Y48,48.0,ALL,TOTAL,72005
ITG1,2022,T,Y48,48.0,ALL,TOTAL,73289
ITG1,2023,T,Y48,48.0,ALL,TOTAL,70811
ITG1,2024,T,Y48,48.0,ALL,TOTAL,69023
ITG1,2021,T,Y49,49.0,ALL,FRGAPO,2991
ITG1,2022,T,Y49,49.0,ALL,FRGAPO,3021
ITG1,2023,T,Y49,49.0,ALL,FRGAPO,3251
ITG1,2024,T,Y49,49.0,ALL,FRGAPO,3537
ITG1,2021,T,Y49,49.0,ALL,ITL,69429
ITG1,2022,T,Y49,49.0,ALL,ITL,68926
ITG1,2023,T,Y49,49.0,ALL,ITL,69989
ITG1,2024,T,Y49,49.0,ALL,ITL,67314
ITG1,2021,T,Y49,49.0,ALL,TOTAL,72420
ITG1,2022,T,Y49,49.0,ALL,TOTAL,71947
ITG1,2023,T,Y49,49.0,ALL,TOTAL,73240
ITG1,2024,T,Y49,49.0,ALL,TOTAL,70851
ITG1,2021,T,Y5,5.0,ALL,FRGAPO,2277
ITG1,2022,T,Y5,5.0,ALL,FRGAPO,2479
ITG1,2023,T,Y5,5.0,ALL,FRGAPO,2286
ITG1,2024,T,Y5,5.0,ALL,FRGAPO,2268
ITG1,2021,T,Y5,5.0,ALL,ITL,39132
ITG1,2022,T,Y5,5.0,ALL,ITL,39030
ITG1,2023,T,Y5,5.0,ALL,ITL,38443
ITG1,2024,T,Y5,5.0,ALL,ITL,36997
ITG1,2021,T,Y5,5.0,ALL,TOTAL,41409
ITG1,2022,T,Y5,5.0,ALL,TOTAL,41509
ITG1,2023,T,Y5,5.0,ALL,TOTAL,40729
ITG1,2024,T,Y5,5.0,ALL,TOTAL,39265
ITG1,2021,T,Y50,50.0,ALL,FRGAPO,2872
ITG1,2022,T,Y50,50.0,ALL,FRGAPO,2991
ITG1,2023,T,Y50,50.0,ALL,FRGAPO,2985
ITG1,2024,T,Y50,50.0,ALL,FRGAPO,3256
ITG1,2021,T,Y50,50.0,ALL,ITL,71023
ITG1,2022,T,Y50,50.0,ALL,ITL,69368
ITG1,2023,T,Y50,50.0,ALL,ITL,68928
ITG1,2024,T,Y50,50.0,ALL,ITL,69994
ITG1,2021,T,Y50,50.0,ALL,TOTAL,73895
ITG1,2022,T,Y50,50.0,ALL,TOTAL,72359
ITG1,2023,T,Y50,50.0,ALL,TOTAL,71913
ITG1,2024,T,Y50,50.0,ALL,TOTAL,73250
ITG1,2021,T,Y51,51.0,ALL,FRGAPO,2931
ITG1,2022,T,Y51,51.0,ALL,FRGAPO,2879
ITG1,2023,T,Y51,51.0,ALL,FRGAPO,2994
ITG1,2024,T,Y51,51.0,ALL,FRGAPO,2943
ITG1,2021,T,Y51,51.0,ALL,ITL,70220
ITG1,2022,T,Y51,51.0,ALL,ITL,70986
ITG1,2023,T,Y51,51.0,ALL,ITL,69392
ITG1,2024,T,Y51,51.0,ALL,ITL,68976
ITG1,2021,T,Y51,51.0,ALL,TOTAL,73151
ITG1,2022,T,Y51,51.0,ALL,TOTAL,73865
ITG1,2023,T,Y51,51.0,ALL,TOTAL,72386
ITG1,2024,T,Y51,51.0,ALL,TOTAL,71919
ITG1,2021,T,Y52,52.0,ALL,FRGAPO,2815
ITG1,2022,T,Y52,52.0,ALL,FRGAPO,2916
ITG1,2023,T,Y52,52.0,ALL,FRGAPO,2846
ITG1,2024,T,Y52,52.0,ALL,FRGAPO,2961
ITG1,2021,T,Y52,52.0,ALL,ITL,72581
ITG1,2022,T,Y52,52.0,ALL,ITL,70177
ITG1,2023,T,Y52,52.0,ALL,ITL,71034
ITG1,2024,T,Y52,52.0,ALL,ITL,69430
ITG1,2021,T,Y52,52.0,ALL,TOTAL,75396
ITG1,2022,T,Y52,52.0,ALL,TOTAL,73093
ITG1,2023,T,Y52,52.0,ALL,TOTAL,73880
ITG1,2024,T,Y52,52.0,ALL,TOTAL,72391
ITG1,2021,T,Y53,53.0,ALL,FRGAPO,2928
ITG1,2022,T,Y53,53.0,ALL,FRGAPO,2831
ITG1,2023,T,Y53,53.0,ALL,FRGAPO,2831
ITG1,2024,T,Y53,53.0,ALL,FRGAPO,2796
ITG1,2021,T,Y53,53.0,ALL,ITL,71522
ITG1,2022,T,Y53,53.0,ALL,ITL,72494
ITG1,2023,T,Y53,53.0,ALL,ITL,70164
ITG1,2024,T,Y53,53.0,ALL,ITL,71059
ITG1,2021,T,Y53,53.0,ALL,TOTAL,74450
ITG1,2022,T,Y53,53.0,ALL,TOTAL,75325
ITG1,2023,T,Y53,53.0,ALL,TOTAL,72995
ITG1,2024,T,Y53,53.0,ALL,TOTAL,73855
ITG1,2021,T,Y54,54.0,ALL,FRGAPO,2721
ITG1,2022,T,Y54,54.0,ALL,FRGAPO,2913
ITG1,2023,T,Y54,54.0,ALL,FRGAPO,2789
ITG1,2024,T,Y54,54.0,ALL,FRGAPO,2816
ITG1,2021,T,Y54,54.0,ALL,ITL,72427
ITG1,2022,T,Y54,54.0,ALL,ITL,71473
ITG1,2023,T,Y54,54.0,ALL,ITL,72476
ITG1,2024,T,Y54,54.0,ALL,ITL,70151
ITG1,2021,T,Y54,54.0,ALL,TOTAL,75148
ITG1,2022,T,Y54,54.0,ALL,TOTAL,74386
ITG1,2023,T,Y54,54.0,ALL,TOTAL,75265
ITG1,2024,T,Y54,54.0,ALL,TOTAL,72967
ITG1,2021,T,Y55,55.0,ALL,FRGAPO,2158
ITG1,2022,T,Y55,55.0,ALL,FRGAPO,2738
ITG1,2023,T,Y55,55.0,ALL,FRGAPO,2872
ITG1,2024,T,Y55,55.0,ALL,FRGAPO,2742
ITG1,2021,T,Y55,55.0,ALL,ITL,72409
ITG1,2022,T,Y55,55.0,ALL,ITL,72338
ITG1,2023,T,Y55,55.0,ALL,ITL,71424
ITG1,2024,T,Y55,55.0,ALL,ITL,72426
ITG1,2021,T,Y55,55.0,ALL,TOTAL,74567
ITG1,2022,T,Y55,55.0,ALL,TOTAL,75076
ITG1,2023,T,Y55,55.0,ALL,TOTAL,74296
ITG1,2024,T,Y55,55.0,ALL,TOTAL,75168
ITG1,2021,T,Y56,56.0,ALL,FRGAPO,2072
ITG1,2022,T,Y56,56.0,ALL,FRGAPO,2162
ITG1,2023,T,Y56,56.0,ALL,FRGAPO,2695
ITG1,2024,T,Y56,56.0,ALL,FRGAPO,2785
ITG1,2021,T,Y56,56.0,ALL,ITL,71836
ITG1,2022,T,Y56,56.0,ALL,ITL,72321
ITG1,2023,T,Y56,56.0,ALL,ITL,72241
ITG1,2024,T,Y56,56.0,ALL,ITL,71379
ITG1,2021,T,Y56,56.0,ALL,TOTAL,73908
ITG1,2022,T,Y56,56.0,ALL,TOTAL,74483
ITG1,2023,T,Y56,56.0,ALL,TOTAL,74936
ITG1,2024,T,Y56,56.0,ALL,TOTAL,74164
ITG1,2021,T,Y57,57.0,ALL,FRGAPO,2037
ITG1,2022,T,Y57,57.0,ALL,FRGAPO,2072
ITG1,2023,T,Y57,57.0,ALL,FRGAPO,2152
ITG1,2024,T,Y57,57.0,ALL,FRGAPO,2670
ITG1,2021,T,Y57,57.0,ALL,ITL,73692
ITG1,2022,T,Y57,57.0,ALL,ITL,71638
ITG1,2023,T,Y57,57.0,ALL,ITL,72181
ITG1,2024,T,Y57,57.0,ALL,ITL,72200
ITG1,2021,T,Y57,57.0,ALL,TOTAL,75729
ITG1,2022,T,Y57,57.0,ALL,TOTAL,73710
ITG1,2023,T,Y57,57.0,ALL,TOTAL,74333
ITG1,2024,T,Y57,57.0,ALL,TOTAL,74870
ITG1,2021,T,Y58,58.0,ALL,FRGAPO,1877
ITG1,2022,T,Y58,58.0,ALL,FRGAPO,2056
ITG1,2023,T,Y58,58.0,ALL,FRGAPO,2035
ITG1,2024,T,Y58,58.0,ALL,FRGAPO,2136
ITG1,2021,T,Y58,58.0,ALL,ITL,69817
ITG1,2022,T,Y58,58.0,ALL,ITL,73590
ITG1,2023,T,Y58,58.0,ALL,ITL,71586
ITG1,2024,T,Y58,58.0,ALL,ITL,72154
ITG1,2021,T,Y58,58.0,ALL,TOTAL,71694
ITG1,2022,T,Y58,58.0,ALL,TOTAL,75646
ITG1,2023,T,Y58,58.0,ALL,TOTAL,73621
ITG1,2024,T,Y58,58.0,ALL,TOTAL,74290
ITG1,2021,T,Y59,59.0,ALL,FRGAPO,1863
ITG1,2022,T,Y59,59.0,ALL,FRGAPO,1899
ITG1,2023,T,Y59,59.0,ALL,FRGAPO,2012
ITG1,2024,T,Y59,59.0,ALL,FRGAPO,2012
ITG1,2021,T,Y59,59.0,ALL,ITL,69361
ITG1,2022,T,Y59,59.0,ALL,ITL,69624
ITG1,2023,T,Y59,59.0,ALL,ITL,73448
ITG1,2024,T,Y59,59.0,ALL,ITL,71484
ITG1,2021,T,Y59,59.0,ALL,TOTAL,71224
ITG1,2022,T,Y59,59.0,ALL,TOTAL,71523
ITG1,2023,T,Y59,59.0,ALL,TOTAL,75460
ITG1,2024,T,Y59,59.0,ALL,TOTAL,73496
ITG1,2021,T,Y6,6.0,ALL,FRGAPO,2291
ITG1,2022,T,Y6,6.0,ALL,FRGAPO,2275
ITG1,2023,T,Y6,6.0,ALL,FRGAPO,2431
ITG1,2024,T,Y6,6.0,ALL,FRGAPO,2310
ITG1,2021,T,Y6,6.0,ALL,ITL,40508
ITG1,2022,T,Y6,6.0,ALL,ITL,39265
ITG1,2023,T,Y6,6.0,ALL,ITL,39116
ITG1,2024,T,Y6,6.0,ALL,ITL,38544
ITG1,2021,T,Y6,6.0,ALL,TOTAL,42799
ITG1,2022,T,Y6,6.0,ALL,TOTAL,41540
ITG1,2023,T,Y6,6.0,ALL,TOTAL,41547
ITG1,2024,T,Y6,6.0,ALL,TOTAL,40854
ITG1,2021,T,Y60,60.0,ALL,FRGAPO,1660
ITG1,2022,T,Y60,60.0,ALL,FRGAPO,1863
ITG1,2023,T,Y60,60.0,ALL,FRGAPO,1859
ITG1,2024,T,Y60,60.0,ALL,FRGAPO,1954
ITG1,2021,T,Y60,60.0,ALL,ITL,67630
ITG1,2022,T,Y60,60.0,ALL,ITL,69199
ITG1,2023,T,Y60,60.0,ALL,ITL,69487
ITG1,2024,T,Y60,60.0,ALL,ITL,73333
ITG1,2021,T,Y60,60.0,ALL,TOTAL,69290
ITG1,2022,T,Y60,60.0,ALL,TOTAL,71062
ITG1,2023,T,Y60,60.0,ALL,TOTAL,71346
ITG1,2024,T,Y60,60.0,ALL,TOTAL,75287
ITG1,2021,T,Y61,61.0,ALL,FRGAPO,1589
ITG1,2022,T,Y61,61.0,ALL,FRGAPO,1674
ITG1,2023,T,Y61,61.0,ALL,FRGAPO,1838
ITG1,2024,T,Y61,61.0,ALL,FRGAPO,1846
ITG1,2021,T,Y61,61.0,ALL,ITL,67730
ITG1,2022,T,Y61,61.0,ALL,ITL,67407
ITG1,2023,T,Y61,61.0,ALL,ITL,69033
ITG1,2024,T,Y61,61.0,ALL,ITL,69412
ITG1,2021,T,Y61,61.0,ALL,TOTAL,69319
ITG1,2022,T,Y61,61.0,ALL,TOTAL,69081
ITG1,2023,T,Y61,61.0,ALL,TOTAL,70871
ITG1,2024,T,Y61,61.0,ALL,TOTAL,71258
ITG1,2021,T,Y62,62.0,ALL,FRGAPO,1425
ITG1,2022,T,Y62,62.0,ALL,FRGAPO,1607
ITG1,2023,T,Y62,62.0,ALL,FRGAPO,1657
ITG1,2024,T,Y62,62.0,ALL,FRGAPO,1849
ITG1,2021,T,Y62,62.0,ALL,ITL,64396
ITG1,2022,T,Y62,62.0,ALL,ITL,67456
ITG1,2023,T,Y62,62.0,ALL,ITL,67158
ITG1,2024,T,Y62,62.0,ALL,ITL,68892
ITG1,2021,T,Y62,62.0,ALL,TOTAL,65821
ITG1,2022,T,Y62,62.0,ALL,TOTAL,69063
ITG1,2023,T,Y62,62.0,ALL,TOTAL,68815
ITG1,2024,T,Y62,62.0,ALL,TOTAL,70741
ITG1,2021,T,Y63,63.0,ALL,FRGAPO,1260
ITG1,2022,T,Y63,63.0,ALL,FRGAPO,1437
ITG1,2023,T,Y63,63.0,ALL,FRGAPO,1580
ITG1,2024,T,Y63,63.0,ALL,FRGAPO,1649
ITG1,2021,T,Y63,63.0,ALL,ITL,62218
ITG1,2022,T,Y63,63.0,ALL,ITL,64029
ITG1,2023,T,Y63,63.0,ALL,ITL,67245
ITG1,2024,T,Y63,63.0,ALL,ITL,66958
ITG1,2021,T,Y63,63.0,ALL,TOTAL,63478
ITG1,2022,T,Y63,63.0,ALL,TOTAL,65466
ITG1,2023,T,Y63,63.0,ALL,TOTAL,68825
ITG1,2024,T,Y63,63.0,ALL,TOTAL,68607
ITG1,2021,T,Y64,64.0,ALL,FRGAPO,1156
ITG1,2022,T,Y64,64.0,ALL,FRGAPO,1279
ITG1,2023,T,Y64,64.0,ALL,FRGAPO,1421
ITG1,2024,T,Y64,64.0,ALL,FRGAPO,1583
ITG1,2021,T,Y64,64.0,ALL,ITL,62078
ITG1,2022,T,Y64,64.0,ALL,ITL,61883
ITG1,2023,T,Y64,64.0,ALL,ITL,63753
ITG1,2024,T,Y64,64.0,ALL,ITL,67008
ITG1,2021,T,Y64,64.0,ALL,TOTAL,63234
ITG1,2022,T,Y64,64.0,ALL,TOTAL,63162
ITG1,2023,T,Y64,64.0,ALL,TOTAL,65174
ITG1,2024,T,Y64,64.0,ALL,TOTAL,68591
ITG1,2021,T,Y65,65.0,ALL,FRGAPO,963
ITG1,2022,T,Y65,65.0,ALL,FRGAPO,1188
ITG1,2023,T,Y65,65.0,ALL,FRGAPO,1229
ITG1,2024,T,Y65,65.0,ALL,FRGAPO,1415
ITG1,2021,T,Y65,65.0,ALL,ITL,60600
ITG1,2022,T,Y65,65.0,ALL,ITL,61700
ITG1,2023,T,Y65,65.0,ALL,ITL,61611
ITG1,2024,T,Y65,65.0,ALL,ITL,63461
ITG1,2021,T,Y65,65.0,ALL,TOTAL,61563
ITG1,2022,T,Y65,65.0,ALL,TOTAL,62888
ITG1,2023,T,Y65,65.0,ALL,TOTAL,62840
ITG1,2024,T,Y65,65.0,ALL,TOTAL,64876
ITG1,2021,T,Y66,66.0,ALL,FRGAPO,857
ITG1,2022,T,Y66,66.0,ALL,FRGAPO,988
ITG1,2023,T,Y66,66.0,ALL,FRGAPO,1181
ITG1,2024,T,Y66,66.0,ALL,FRGAPO,1238
ITG1,2021,T,Y66,66.0,ALL,ITL,60299
ITG1,2022,T,Y66,66.0,ALL,ITL,60130
ITG1,2023,T,Y66,66.0,ALL,ITL,61303
ITG1,2024,T,Y66,66.0,ALL,ITL,61234
ITG1,2021,T,Y66,66.0,ALL,TOTAL,61156
ITG1,2022,T,Y66,66.0,ALL,TOTAL,61118
ITG1,2023,T,Y66,66.0,ALL,TOTAL,62484
ITG1,2024,T,Y66,66.0,ALL,TOTAL,62472
ITG1,2021,T,Y67,67.0,ALL,FRGAPO,768
ITG1,2022,T,Y67,67.0,ALL,FRGAPO,886
ITG1,2023,T,Y67,67.0,ALL,FRGAPO,973
ITG1,2024,T,Y67,67.0,ALL,FRGAPO,1146
ITG1,2021,T,Y67,67.0,ALL,ITL,59684
ITG1,2022,T,Y67,67.0,ALL,ITL,59761
ITG1,2023,T,Y67,67.0,ALL,ITL,59729
ITG1,2024,T,Y67,67.0,ALL,ITL,60974
ITG1,2021,T,Y67,67.0,ALL,TOTAL,60452
ITG1,2022,T,Y67,67.0,ALL,TOTAL,60647
ITG1,2023,T,Y67,67.0,ALL,TOTAL,60702
ITG1,2024,T,Y67,67.0,ALL,TOTAL,62120
ITG1,2021,T,Y68,68.0,ALL,FRGAPO,648
ITG1,2022,T,Y68,68.0,ALL,FRGAPO,778
ITG1,2023,T,Y68,68.0,ALL,FRGAPO,890
ITG1,2024,T,Y68,68.0,ALL,FRGAPO,962
ITG1,2021,T,Y68,68.0,ALL,ITL,54925
ITG1,2022,T,Y68,68.0,ALL,ITL,59130
ITG1,2023,T,Y68,68.0,ALL,ITL,59224
ITG1,2024,T,Y68,68.0,ALL,ITL,59293
ITG1,2021,T,Y68,68.0,ALL,TOTAL,55573
ITG1,2022,T,Y68,68.0,ALL,TOTAL,59908
ITG1,2023,T,Y68,68.0,ALL,TOTAL,60114
ITG1,2024,T,Y68,68.0,ALL,TOTAL,60255
ITG1,2021,T,Y69,69.0,ALL,FRGAPO,559
ITG1,2022,T,Y69,69.0,ALL,FRGAPO,675
ITG1,2023,T,Y69,69.0,ALL,FRGAPO,763
ITG1,2024,T,Y69,69.0,ALL,FRGAPO,890
ITG1,2021,T,Y69,69.0,ALL,ITL,54133
ITG1,2022,T,Y69,69.0,ALL,ITL,54237
ITG1,2023,T,Y69,69.0,ALL,ITL,58672
ITG1,2024,T,Y69,69.0,ALL,ITL,58776
ITG1,2021,T,Y69,69.0,ALL,TOTAL,54692
ITG1,2022,T,Y69,69.0,ALL,TOTAL,54912
ITG1,2023,T,Y69,69.0,ALL,TOTAL,59435
ITG1,2024,T,Y69,69.0,ALL,TOTAL,59666
ITG1,2021,T,Y7,7.0,ALL,FRGAPO,2171
ITG1,2022,T,Y7,7.0,ALL,FRGAPO,2274
ITG1,2023,T,Y7,7.0,ALL,FRGAPO,2255
ITG1,2024,T,Y7,7.0,ALL,FRGAPO,2456
ITG1,2021,T,Y7,7.0,ALL,ITL,41695
ITG1,2022,T,Y7,7.0,ALL,ITL,40552
ITG1,2023,T,Y7,7.0,ALL,ITL,39369
ITG1,2024,T,Y7,7.0,ALL,ITL,39206
ITG1,2021,T,Y7,7.0,ALL,TOTAL,43866
ITG1,2022,T,Y7,7.0,ALL,TOTAL,42826
ITG1,2023,T,Y7,7.0,ALL,TOTAL,41624
ITG1,2024,T,Y7,7.0,ALL,TOTAL,41662
ITG1,2021,T,Y70,70.0,ALL,FRGAPO,479
ITG1,2022,T,Y70,70.0,ALL,FRGAPO,578
ITG1,2023,T,Y70,70.0,ALL,FRGAPO,671
ITG1,2024,T,Y70,70.0,ALL,FRGAPO,756
ITG1,2021,T,Y70,70.0,ALL,ITL,53265
ITG1,2022,T,Y70,70.0,ALL,ITL,53434
ITG1,2023,T,Y70,70.0,ALL,ITL,53625
ITG1,2024,T,Y70,70.0,ALL,ITL,57977
ITG1,2021,T,Y70,70.0,ALL,TOTAL,53744
ITG1,2022,T,Y70,70.0,ALL,TOTAL,54012
ITG1,2023,T,Y70,70.0,ALL,TOTAL,54296
ITG1,2024,T,Y70,70.0,ALL,TOTAL,58733
ITG1,2021,T,Y71,71.0,ALL,FRGAPO,461
ITG1,2022,T,Y71,71.0,ALL,FRGAPO,497
ITG1,2023,T,Y71,71.0,ALL,FRGAPO,551
ITG1,2024,T,Y71,71.0,ALL,FRGAPO,681
ITG1,2021,T,Y71,71.0,ALL,ITL,54599
ITG1,2022,T,Y71,71.0,ALL,ITL,52389
ITG1,2023,T,Y71,71.0,ALL,ITL,52662
ITG1,2024,T,Y71,71.0,ALL,ITL,52914
ITG1,2021,T,Y71,71.0,ALL,TOTAL,55060
ITG1,2022,T,Y71,71.0,ALL,TOTAL,52886
ITG1,2023,T,Y71,71.0,ALL,TOTAL,53213
ITG1,2024,T,Y71,71.0,ALL,TOTAL,53595
ITG1,2021,T,Y72,72.0,ALL,FRGAPO,355
ITG1,2022,T,Y72,72.0,ALL,FRGAPO,472
ITG1,2023,T,Y72,72.0,ALL,FRGAPO,479
ITG1,2024,T,Y72,72.0,ALL,FRGAPO,552
ITG1,2021,T,Y72,72.0,ALL,ITL,54438
ITG1,2022,T,Y72,72.0,ALL,ITL,53622
ITG1,2023,T,Y72,72.0,ALL,ITL,51558
ITG1,2024,T,Y72,72.0,ALL,ITL,51816
ITG1,2021,T,Y72,72.0,ALL,TOTAL,54793
ITG1,2022,T,Y72,72.0,ALL,TOTAL,54094
ITG1,2023,T,Y72,72.0,ALL,TOTAL,52037
ITG1,2024,T,Y72,72.0,ALL,TOTAL,52368
ITG1,2021,T,Y73,73.0,ALL,FRGAPO,318
ITG1,2022,T,Y73,73.0,ALL,FRGAPO,369
ITG1,2023,T,Y73,73.0,ALL,FRGAPO,451
ITG1,2024,T,Y73,73.0,ALL,FRGAPO,482
ITG1,2021,T,Y73,73.0,ALL,ITL,55748
ITG1,2022,T,Y73,73.0,ALL,ITL,53392
ITG1,2023,T,Y73,73.0,ALL,ITL,52592
ITG1,2024,T,Y73,73.0,ALL,ITL,50754
ITG1,2021,T,Y73,73.0,ALL,TOTAL,56066
ITG1,2022,T,Y73,73.0,ALL,TOTAL,53761
ITG1,2023,T,Y73,73.0,ALL,TOTAL,53043
ITG1,2024,T,Y73,73.0,ALL,TOTAL,51236
ITG1,2021,T,Y74,74.0,ALL,FRGAPO,263
ITG1,2022,T,Y74,74.0,ALL,FRGAPO,323
ITG1,2023,T,Y74,74.0,ALL,FRGAPO,358
ITG1,2024,T,Y74,74.0,ALL,FRGAPO,456
ITG1,2021,T,Y74,74.0,ALL,ITL,54345
ITG1,2022,T,Y74,74.0,ALL,ITL,54519
ITG1,2023,T,Y74,74.0,ALL,ITL,52369
ITG1,2024,T,Y74,74.0,ALL,ITL,51609
ITG1,2021,T,Y74,74.0,ALL,TOTAL,54608
ITG1,2022,T,Y74,74.0,ALL,TOTAL,54842
ITG1,2023,T,Y74,74.0,ALL,TOTAL,52727
ITG1,2024,T,Y74,74.0,ALL,TOTAL,52065
ITG1,2021,T,Y75,75.0,ALL,FRGAPO,244
ITG1,2022,T,Y75,75.0,ALL,FRGAPO,267
ITG1,2023,T,Y75,75.0,ALL,FRGAPO,321
ITG1,2024,T,Y75,75.0,ALL,FRGAPO,375
ITG1,2021,T,Y75,75.0,ALL,ITL,48974
ITG1,2022,T,Y75,75.0,ALL,ITL,52964
ITG1,2023,T,Y75,75.0,ALL,ITL,53229
ITG1,2024,T,Y75,75.0,ALL,ITL,51199
ITG1,2021,T,Y75,75.0,ALL,TOTAL,49218
ITG1,2022,T,Y75,75.0,ALL,TOTAL,53231
ITG1,2023,T,Y75,75.0,ALL,TOTAL,53550
ITG1,2024,T,Y75,75.0,ALL,TOTAL,51574
ITG1,2021,T,Y76,76.0,ALL,FRGAPO,179
ITG1,2022,T,Y76,76.0,ALL,FRGAPO,248
ITG1,2023,T,Y76,76.0,ALL,FRGAPO,264
ITG1,2024,T,Y76,76.0,ALL,FRGAPO,320
ITG1,2021,T,Y76,76.0,ALL,ITL,40865
ITG1,2022,T,Y76,76.0,ALL,ITL,47625
ITG1,2023,T,Y76,76.0,ALL,ITL,51620
ITG1,2024,T,Y76,76.0,ALL,ITL,51911
ITG1,2021,T,Y76,76.0,ALL,TOTAL,41044
ITG1,2022,T,Y76,76.0,ALL,TOTAL,47873
ITG1,2023,T,Y76,76.0,ALL,TOTAL,51884
ITG1,2024,T,Y76,76.0,ALL,TOTAL,52231
ITG1,2021,T,Y77,77.0,ALL,FRGAPO,182
ITG1,2022,T,Y77,77.0,ALL,FRGAPO,186
ITG1,2023,T,Y77,77.0,ALL,FRGAPO,248
ITG1,2024,T,Y77,77.0,ALL,FRGAPO,269
ITG1,2021,T,Y77,77.0,ALL,ITL,38424
ITG1,2022,T,Y77,77.0,ALL,ITL,39554
ITG1,2023,T,Y77,77.0,ALL,ITL,46144
ITG1,2024,T,Y77,77.0,ALL,ITL,50176
ITG1,2021,T,Y77,77.0,ALL,TOTAL,38606
ITG1,2022,T,Y77,77.0,ALL,TOTAL,39740
ITG1,2023,T,Y77,77.0,ALL,TOTAL,46392
ITG1,2024,T,Y77,77.0,ALL,TOTAL,50445
ITG1,2021,T,Y78,78.0,ALL,FRGAPO,120
ITG1,2022,T,Y78,78.0,ALL,FRGAPO,181
ITG1,2023,T,Y78,78.0,ALL,FRGAPO,173
ITG1,2024,T,Y78,78.0,ALL,FRGAPO,238
ITG1,2021,T,Y78,78.0,ALL,ITL,35864
ITG1,2022,T,Y78,78.0,ALL,ITL,37020
ITG1,2023,T,Y78,78.0,ALL,ITL,38251
ITG1,2024,T,Y78,78.0,ALL,ITL,44745
ITG1,2021,T,Y78,78.0,ALL,TOTAL,35984
ITG1,2022,T,Y78,78.0,ALL,TOTAL,37201
ITG1,2023,T,Y78,78.0,ALL,TOTAL,38424
ITG1,2024,T,Y78,78.0,ALL,TOTAL,44983
ITG1,2021,T,Y79,79.0,ALL,FRGAPO,119
ITG1,2022,T,Y79,79.0,ALL,FRGAPO,129
ITG1,2023,T,Y79,79.0,ALL,FRGAPO,175
ITG1,2024,T,Y79,79.0,ALL,FRGAPO,169
ITG1,2021,T,Y79,79.0,ALL,ITL,34706
ITG1,2022,T,Y79,79.0,ALL,ITL,34351
ITG1,2023,T,Y79,79.0,ALL,ITL,35644
ITG1,2024,T,Y79,79.0,ALL,ITL,36829
ITG1,2021,T,Y79,79.0,ALL,TOTAL,34825
ITG1,2022,T,Y79,79.0,ALL,TOTAL,34480
ITG1,2023,T,Y79,79.0,ALL,TOTAL,35819
ITG1,2024,T,Y79,79.0,ALL,TOTAL,36998
ITG1,2021,T,Y8,8.0,ALL,FRGAPO,2044
ITG1,2022,T,Y8,8.0,ALL,FRGAPO,2120
ITG1,2023,T,Y8,8.0,ALL,FRGAPO,2237
ITG1,2024,T,Y8,8.0,ALL,FRGAPO,2306
ITG1,2021,T,Y8,8.0,ALL,ITL,41183
ITG1,2022,T,Y8,8.0,ALL,ITL,41768
ITG1,2023,T,Y8,8.0,ALL,ITL,40689
ITG1,2024,T,Y8,8.0,ALL,ITL,39469
ITG1,2021,T,Y8,8.0,ALL,TOTAL,43227
ITG1,2022,T,Y8,8.0,ALL,TOTAL,43888
ITG1,2023,T,Y8,8.0,ALL,TOTAL,42926
ITG1,2024,T,Y8,8.0,ALL,TOTAL,41775
ITG1,2021,T,Y80,80.0,ALL,FRGAPO,94
ITG1,2022,T,Y80,80.0,ALL,FRGAPO,128
ITG1,2023,T,Y80,80.0,ALL,FRGAPO,135
ITG1,2024,T,Y80,80.0,ALL,FRGAPO,173
ITG1,2021,T,Y80,80.0,ALL,ITL,33954
ITG1,2022,T,Y80,80.0,ALL,ITL,33038
ITG1,2023,T,Y80,80.0,ALL,ITL,32801
ITG1,2024,T,Y80,80.0,ALL,ITL,34236
ITG1,2021,T,Y80,80.0,ALL,TOTAL,34048
ITG1,2022,T,Y80,80.0,ALL,TOTAL,33166
ITG1,2023,T,Y80,80.0,ALL,TOTAL,32936
ITG1,2024,T,Y80,80.0,ALL,TOTAL,34409
ITG1,2021,T,Y81,81.0,ALL,FRGAPO,106
ITG1,2022,T,Y81,81.0,ALL,FRGAPO,100
ITG1,2023,T,Y81,81.0,ALL,FRGAPO,123
ITG1,2024,T,Y81,81.0,ALL,FRGAPO,134
ITG1,2021,T,Y81,81.0,ALL,ITL,37371
ITG1,2022,T,Y81,81.0,ALL,ITL,32137
ITG1,2023,T,Y81,81.0,ALL,ITL,31494
ITG1,2024,T,Y81,81.0,ALL,ITL,31294
ITG1,2021,T,Y81,81.0,ALL,TOTAL,37477
ITG1,2022,T,Y81,81.0,ALL,TOTAL,32237
ITG1,2023,T,Y81,81.0,ALL,TOTAL,31617
ITG1,2024,T,Y81,81.0,ALL,TOTAL,31428
ITG1,2021,T,Y82,82.0,ALL,FRGAPO,95
ITG1,2022,T,Y82,82.0,ALL,FRGAPO,101
ITG1,2023,T,Y82,82.0,ALL,FRGAPO,95
ITG1,2024,T,Y82,82.0,ALL,FRGAPO,120
ITG1,2021,T,Y82,82.0,ALL,ITL,34554
ITG1,2022,T,Y82,82.0,ALL,ITL,35095
ITG1,2023,T,Y82,82.0,ALL,ITL,30382
ITG1,2024,T,Y82,82.0,ALL,ITL,29899
ITG1,2021,T,Y82,82.0,ALL,TOTAL,34649
ITG1,2022,T,Y82,82.0,ALL,TOTAL,35196
ITG1,2023,T,Y82,82.0,ALL,TOTAL,30477
ITG1,2024,T,Y82,82.0,ALL,TOTAL,30019
ITG1,2021,T,Y83,83.0,ALL,FRGAPO,65
ITG1,2022,T,Y83,83.0,ALL,FRGAPO,87
ITG1,2023,T,Y83,83.0,ALL,FRGAPO,90
ITG1,2024,T,Y83,83.0,ALL,FRGAPO,100
ITG1,2021,T,Y83,83.0,ALL,ITL,31438
ITG1,2022,T,Y83,83.0,ALL,ITL,32241
ITG1,2023,T,Y83,83.0,ALL,ITL,32902
ITG1,2024,T,Y83,83.0,ALL,ITL,28651
ITG1,2021,T,Y83,83.0,ALL,TOTAL,31503
ITG1,2022,T,Y83,83.0,ALL,TOTAL,32328
ITG1,2023,T,Y83,83.0,ALL,TOTAL,32992
ITG1,2024,T,Y83,83.0,ALL,TOTAL,28751
ITG1,2021,T,Y84,84.0,ALL,FRGAPO,63
ITG1,2022,T,Y84,84.0,ALL,FRGAPO,67
ITG1,2023,T,Y84,84.0,ALL,FRGAPO,85
ITG1,2024,T,Y84,84.0,ALL,FRGAPO,87
ITG1,2021,T,Y84,84.0,ALL,ITL,26839
ITG1,2022,T,Y84,84.0,ALL,ITL,29139
ITG1,2023,T,Y84,84.0,ALL,ITL,29966
ITG1,2024,T,Y84,84.0,ALL,ITL,30743
ITG1,2021,T,Y84,84.0,ALL,TOTAL,26902
ITG1,2022,T,Y84,84.0,ALL,TOTAL,29206
ITG1,2023,T,Y84,84.0,ALL,TOTAL,30051
ITG1,2024,T,Y84,84.0,ALL,TOTAL,30830
ITG1,2021,T,Y85,85.0,ALL,FRGAPO,55
ITG1,2022,T,Y85,85.0,ALL,FRGAPO,61
ITG1,2023,T,Y85,85.0,ALL,FRGAPO,63
ITG1,2024,T,Y85,85.0,ALL,FRGAPO,82
ITG1,2021,T,Y85,85.0,ALL,ITL,24611
ITG1,2022,T,Y85,85.0,ALL,ITL,24548
ITG1,2023,T,Y85,85.0,ALL,ITL,26870
ITG1,2024,T,Y85,85.0,ALL,ITL,27714
ITG1,2021,T,Y85,85.0,ALL,TOTAL,24666
ITG1,2022,T,Y85,85.0,ALL,TOTAL,24609
ITG1,2023,T,Y85,85.0,ALL,TOTAL,26933
ITG1,2024,T,Y85,85.0,ALL,TOTAL,27796
ITG1,2021,T,Y86,86.0,ALL,FRGAPO,32
ITG1,2022,T,Y86,86.0,ALL,FRGAPO,56
ITG1,2023,T,Y86,86.0,ALL,FRGAPO,61
ITG1,2024,T,Y86,86.0,ALL,FRGAPO,56
ITG1,2021,T,Y86,86.0,ALL,ITL,22869
ITG1,2022,T,Y86,86.0,ALL,ITL,22184
ITG1,2023,T,Y86,86.0,ALL,ITL,22298
ITG1,2024,T,Y86,86.0,ALL,ITL,24581
ITG1,2021,T,Y86,86.0,ALL,TOTAL,22901
ITG1,2022,T,Y86,86.0,ALL,TOTAL,22240
ITG1,2023,T,Y86,86.0,ALL,TOTAL,22359
ITG1,2024,T,Y86,86.0,ALL,TOTAL,24637
ITG1,2021,T,Y87,87.0,ALL,FRGAPO,35
ITG1,2022,T,Y87,87.0,ALL,FRGAPO,32
ITG1,2023,T,Y87,87.0,ALL,FRGAPO,47
ITG1,2024,T,Y87,87.0,ALL,FRGAPO,60
ITG1,2021,T,Y87,87.0,ALL,ITL,20981
ITG1,2022,T,Y87,87.0,ALL,ITL,20259
ITG1,2023,T,Y87,87.0,ALL,ITL,19879
ITG1,2024,T,Y87,87.0,ALL,ITL,20155
ITG1,2021,T,Y87,87.0,ALL,TOTAL,21016
ITG1,2022,T,Y87,87.0,ALL,TOTAL,20291
ITG1,2023,T,Y87,87.0,ALL,TOTAL,19926
ITG1,2024,T,Y87,87.0,ALL,TOTAL,20215
ITG1,2021,T,Y88,88.0,ALL,FRGAPO,30
ITG1,2022,T,Y88,88.0,ALL,FRGAPO,36
ITG1,2023,T,Y88,88.0,ALL,FRGAPO,30
ITG1,2024,T,Y88,88.0,ALL,FRGAPO,41
ITG1,2021,T,Y88,88.0,ALL,ITL,18282
ITG1,2022,T,Y88,88.0,ALL,ITL,18294
ITG1,2023,T,Y88,88.0,ALL,ITL,17869
ITG1,2024,T,Y88,88.0,ALL,ITL,17711
ITG1,2021,T,Y88,88.0,ALL,TOTAL,18312
ITG1,2022,T,Y88,88.0,ALL,TOTAL,18330
ITG1,2023,T,Y88,88.0,ALL,TOTAL,17899
ITG1,2024,T,Y88,88.0,ALL,TOTAL,17752
ITG1,2021,T,Y89,89.0,ALL,FRGAPO,19
ITG1,2022,T,Y89,89.0,ALL,FRGAPO,28
ITG1,2023,T,Y89,89.0,ALL,FRGAPO,34
ITG1,2024,T,Y89,89.0,ALL,FRGAPO,29
ITG1,2021,T,Y89,89.0,ALL,ITL,14994
ITG1,2022,T,Y89,89.0,ALL,ITL,15715
ITG1,2023,T,Y89,89.0,ALL,ITL,15861
ITG1,2024,T,Y89,89.0,ALL,ITL,15719
ITG1,2021,T,Y89,89.0,ALL,TOTAL,15013
ITG1,2022,T,Y89,89.0,ALL,TOTAL,15743
ITG1,2023,T,Y89,89.0,ALL,TOTAL,15895
ITG1,2024,T,Y89,89.0,ALL,TOTAL,15748
ITG1,2021,T,Y9,9.0,ALL,FRGAPO,2198
ITG1,2022,T,Y9,9.0,ALL,FRGAPO,2012
ITG1,2023,T,Y9,9.0,ALL,FRGAPO,2109
ITG1,2024,T,Y9,9.0,ALL,FRGAPO,2283
ITG1,2021,T,Y9,9.0,ALL,ITL,43135
ITG1,2022,T,Y9,9.0,ALL,ITL,41201
ITG1,2023,T,Y9,9.0,ALL,ITL,41885
ITG1,2024,T,Y9,9.0,ALL,ITL,40780
ITG1,2021,T,Y9,9.0,ALL,TOTAL,45333
ITG1,2022,T,Y9,9.0,ALL,TOTAL,43213
ITG1,2023,T,Y9,9.0,ALL,TOTAL,43994
ITG1,2024,T,Y9,9.0,ALL,TOTAL,43063
ITG1,2021,T,Y90,90.0,ALL,FRGAPO,16
ITG1,2022,T,Y90,90.0,ALL,FRGAPO,15
ITG1,2023,T,Y90,90.0,ALL,FRGAPO,23
ITG1,2024,T,Y90,90.0,ALL,FRGAPO,29
ITG1,2021,T,Y90,90.0,ALL,ITL,12978
ITG1,2022,T,Y90,90.0,ALL,ITL,12537
ITG1,2023,T,Y90,90.0,ALL,ITL,13366
ITG1,2024,T,Y90,90.0,ALL,ITL,13671
ITG1,2021,T,Y90,90.0,ALL,TOTAL,12994
ITG1,2022,T,Y90,90.0,ALL,TOTAL,12552
ITG1,2023,T,Y90,90.0,ALL,TOTAL,13389
ITG1,2024,T,Y90,90.0,ALL,TOTAL,13700
ITG1,2021,T,Y91,91.0,ALL,FRGAPO,13
ITG1,2022,T,Y91,91.0,ALL,FRGAPO,14
ITG1,2023,T,Y91,91.0,ALL,FRGAPO,17
ITG1,2024,T,Y91,91.0,ALL,FRGAPO,20
ITG1,2021,T,Y91,91.0,ALL,ITL,11592
ITG1,2022,T,Y91,91.0,ALL,ITL,10702
ITG1,2023,T,Y91,91.0,ALL,ITL,10464
ITG1,2024,T,Y91,91.0,ALL,ITL,11272
ITG1,2021,T,Y91,91.0,ALL,TOTAL,11605
ITG1,2022,T,Y91,91.0,ALL,TOTAL,10716
ITG1,2023,T,Y91,91.0,ALL,TOTAL,10481
ITG1,2024,T,Y91,91.0,ALL,TOTAL,11292
ITG1,2021,T,Y92,92.0,ALL,FRGAPO,6
ITG1,2022,T,Y92,92.0,ALL,FRGAPO,14
ITG1,2023,T,Y92,92.0,ALL,FRGAPO,14
ITG1,2024,T,Y92,92.0,ALL,FRGAPO,15
ITG1,2021,T,Y92,92.0,ALL,ITL,8259
ITG1,2022,T,Y92,92.0,ALL,ITL,9300
ITG1,2023,T,Y92,92.0,ALL,ITL,8661
ITG1,2024,T,Y92,92.0,ALL,ITL,8619
ITG1,2021,T,Y92,92.0,ALL,TOTAL,8265
ITG1,2022,T,Y92,92.0,ALL,TOTAL,9314
ITG1,2023,T,Y92,92.0,ALL,TOTAL,8675
ITG1,2024,T,Y92,92.0,ALL,TOTAL,8634
ITG1,2021,T,Y93,93.0,ALL,FRGAPO,9
ITG1,2022,T,Y93,93.0,ALL,FRGAPO,6
ITG1,2023,T,Y93,93.0,ALL,FRGAPO,12
ITG1,2024,T,Y93,93.0,ALL,FRGAPO,14
ITG1,2021,T,Y93,93.0,ALL,ITL,6608
ITG1,2022,T,Y93,93.0,ALL,ITL,6325
ITG1,2023,T,Y93,93.0,ALL,ITL,7312
ITG1,2024,T,Y93,93.0,ALL,ITL,6982
ITG1,2021,T,Y93,93.0,ALL,TOTAL,6617
ITG1,2022,T,Y93,93.0,ALL,TOTAL,6331
ITG1,2023,T,Y93,93.0,ALL,TOTAL,7324
ITG1,2024,T,Y93,93.0,ALL,TOTAL,6996
ITG1,2021,T,Y94,94.0,ALL,FRGAPO,14
ITG1,2022,T,Y94,94.0,ALL,FRGAPO,9
ITG1,2023,T,Y94,94.0,ALL,FRGAPO,5
ITG1,2024,T,Y94,94.0,ALL,FRGAPO,9
ITG1,2021,T,Y94,94.0,ALL,ITL,4776
ITG1,2022,T,Y94,94.0,ALL,ITL,4888
ITG1,2023,T,Y94,94.0,ALL,ITL,4928
ITG1,2024,T,Y94,94.0,ALL,ITL,5806
ITG1,2021,T,Y94,94.0,ALL,TOTAL,4790
ITG1,2022,T,Y94,94.0,ALL,TOTAL,4897
ITG1,2023,T,Y94,94.0,ALL,TOTAL,4933
ITG1,2024,T,Y94,94.0,ALL,TOTAL,5815
ITG1,2021,T,Y95,95.0,ALL,FRGAPO,1
ITG1,2022,T,Y95,95.0,ALL,FRGAPO,13
ITG1,2023,T,Y95,95.0,ALL,FRGAPO,8
ITG1,2024,T,Y95,95.0,ALL,FRGAPO,5
ITG1,2021,T,Y95,95.0,ALL,ITL,3737
ITG1,2022,T,Y95,95.0,ALL,ITL,3495
ITG1,2023,T,Y95,95.0,ALL,ITL,3679
ITG1,2024,T,Y95,95.0,ALL,ITL,3785
ITG1,2021,T,Y95,95.0,ALL,TOTAL,3738
ITG1,2022,T,Y95,95.0,ALL,TOTAL,3508
ITG1,2023,T,Y95,95.0,ALL,TOTAL,3687
ITG1,2024,T,Y95,95.0,ALL,TOTAL,3790
ITG1,2021,T,Y96,96.0,ALL,FRGAPO,4
ITG1,2022,T,Y96,96.0,ALL,FRGAPO,1
ITG1,2023,T,Y96,96.0,ALL,FRGAPO,8
ITG1,2024,T,Y96,96.0,ALL,FRGAPO,6
ITG1,2021,T,Y96,96.0,ALL,ITL,2673
ITG1,2022,T,Y96,96.0,ALL,ITL,2693
ITG1,2023,T,Y96,96.0,ALL,ITL,2541
ITG1,2024,T,Y96,96.0,ALL,ITL,2749
ITG1,2021,T,Y96,96.0,ALL,TOTAL,2677
ITG1,2022,T,Y96,96.0,ALL,TOTAL,2694
ITG1,2023,T,Y96,96.0,ALL,TOTAL,2549
ITG1,2024,T,Y96,96.0,ALL,TOTAL,2755
ITG1,2021,T,Y97,97.0,ALL,FRGAPO,3
ITG1,2022,T,Y97,97.0,ALL,FRGAPO,4
ITG1,2023,T,Y97,97.0,ALL,FRGAPO,1
ITG1,2024,T,Y97,97.0,ALL,FRGAPO,7
ITG1,2021,T,Y97,97.0,ALL,ITL,1962
ITG1,2022,T,Y97,97.0,ALL,ITL,1810
ITG1,2023,T,Y97,97.0,ALL,ITL,1892
ITG1,2024,T,Y97,97.0,ALL,ITL,1839
ITG1,2021,T,Y97,97.0,ALL,TOTAL,1965
ITG1,2022,T,Y97,97.0,ALL,TOTAL,1814
ITG1,2023,T,Y97,97.0,ALL,TOTAL,1893
ITG1,2024,T,Y97,97.0,ALL,TOTAL,1846
ITG1,2021,T,Y98,98.0,ALL,FRGAPO,4
ITG1,2022,T,Y98,98.0,ALL,FRGAPO,2
ITG1,2023,T,Y98,98.0,ALL,FRGAPO,6
ITG1,2024,T,Y98,98.0,ALL,FRGAPO,4
ITG1,2021,T,Y98,98.0,ALL,ITL,1261
ITG1,2022,T,Y98,98.0,ALL,ITL,1339
ITG1,2023,T,Y98,98.0,ALL,ITL,1292
ITG1,2024,T,Y98,98.0,ALL,ITL,1377
ITG1,2021,T,Y98,98.0,ALL,TOTAL,1265
ITG1,2022,T,Y98,98.0,ALL,TOTAL,1341
ITG1,2023,T,Y98,98.0,ALL,TOTAL,1298
ITG1,2024,T,Y98,98.0,ALL,TOTAL,1381
ITG1,2021,T,Y99,99.0,ALL,FRGAPO,5
ITG1,2022,T,Y99,99.0,ALL,FRGAPO,4
ITG1,2023,T,Y99,99.0,ALL,FRGAPO,5
ITG1,2024,T,Y99,99.0,ALL,FRGAPO,6
ITG1,2021,T,Y99,99.0,ALL,ITL,884
ITG1,2022,T,Y99,99.0,ALL,ITL,813
ITG1,2023,T,Y99,99.0,ALL,ITL,961
ITG1,2024,T,Y99,99.0,ALL,ITL,907
ITG1,2021,T,Y99,99.0,ALL,TOTAL,889
ITG1,2022,T,Y99,99.0,ALL,TOTAL,817
ITG1,2023,T,Y99,99.0,ALL,TOTAL,966
ITG1,2024,T,Y99,99.0,ALL,TOTAL,913
