territorio,nome_comune,parte,anello,ordine,x,y,occupazione_femminile_2011
081001,Alcamo,0,0,0,323035,4211702,25.6
081001,Alcamo,0,0,1,322951,4210753,25.6
081001,Alcamo,0,0,2,323084,4210013,25.6
081001,Alcamo,0,0,3,323321,4209601,25.6
081001,Alcamo,0,0,4,324201,4209176,25.6
081001,Alcamo,0,0,5,324541,4208783,25.6
081001,Alcamo,0,0,6,324818,4208019,25.6
081001,Alcamo,0,0,7,324597,4207449,25.6
081001,Alcamo,0,0,8,324713,4206797,25.6
081001,Alcamo,0,0,9,326696,4205157,25.6
081001,Alcamo,0,0,10,326551,4204341,25.6
081001,Alcamo,0,0,11,326708,4203921,25.6
081001,Alcamo,0,0,12,327581,4204364,25.6
081001,Alcamo,0,0,13,327868,4204177,25.6
081001,Alcamo,0,0,14,328379,4203326,25.6
081001,Alcamo,0,0,15,329003,4203014,25.6
081001,Alcamo,0,0,16,328202,4202648,25.6
081001,Alcamo,0,0,17,327973,4201829,25.6
081001,Alcamo,0,0,18,328271,4200797,25.6
081001,Alcamo,0,0,19,327775,4199086,25.6
081001,Alcamo,0,0,20,328324,4198447,25.6
081001,Alcamo,0,0,21,327474,4198001,25.6
081001,Alcamo,0,0,22,326866,4197309,25.6
081001,Alcamo,0,0,23,325586,4196692,25.6
081001,Alcamo,0,0,24,324205,4197261,25.6
081001,Alcamo,0,0,25,324124,4197565,25.6
081001,Alcamo,0,0,26,323751,4197913,25.6
081001,Alcamo,0,0,27,323713,4197454,25.6
081001,Alcamo,0,0,28,323946,4196712,25.6
081001,Alcamo,0,0,29,323516,4196329,25.6
081001,Alcamo,0,0,30,322901,4196706,25.6
081001,Alcamo,0,0,31,322006,4196516,25.6
081001,Alcamo,0,0,32,320575,4196748,25.6
081001,Alcamo,0,0,33,320229,4196405,25.6
081001,Alcamo,0,0,34,319018,4197210,25.6
081001,Alcamo,0,0,35,319048,4198394,25.6
081001,Alcamo,0,0,36,318903,4198800,25.6
081001,Alcamo,0,0,37,317489,4199512,25.6
081001,Alcamo,0,0,38,317594,4200045,25.6
081001,Alcamo,0,0,39,318269,4200906,25.6
081001,Alcamo,0,0,40,317054,4203801,25.6
081001,Alcamo,0,0,41,317063,4204777,25.6
081001,Alcamo,0,0,42,317396,4205214,25.6
081001,Alcamo,0,0,43,317592,4206251,25.6
081001,Alcamo,0,0,44,316944,4207343,25.6
081001,Alcamo,0,0,45,316007,4208279,25.6
081001,Alcamo,0,0,46,315944,4208527,25.6
081001,Alcamo,0,0,47,316133,4209064,25.6
081001,Alcamo,0,0,48,315474,4209527,25.6
081001,Alcamo,0,0,49,316369,4210667,25.6
081001,Alcamo,0,0,50,319554,4211212,25.6
081001,Alcamo,0,0,51,322487,4212217,25.6
081001,Alcamo,0,0,52,323035,4211702,25.6
081002,Buseto Palizzolo,0,0,0,299507,4212792,24.9
081002,Buseto Palizzolo,0,0,1,300059,4212867,24.9
081002,Buseto Palizzolo,0,0,2,299778,4212624,24.9
081002,Buseto Palizzolo,0,0,3,300053,4211958,24.9
081002,Buseto Palizzolo,0,0,4,300749,4210978,24.9
081002,Buseto Palizzolo,0,0,5,301607,4210632,24.9
081002,Buseto Palizzolo,0,0,6,302552,4210777,24.9
081002,Buseto Palizzolo,0,0,7,302920,4209752,24.9
081002,Buseto Palizzolo,0,0,8,303000,4208896,24.9
081002,Buseto Palizzolo,0,0,9,303419,4208089,24.9
081002,Buseto Palizzolo,0,0,10,305207,4207290,24.9
081002,Buseto Palizzolo,0,0,11,305279,4206505,24.9
081002,Buseto Palizzolo,0,0,12,307192,4205981,24.9
081002,Buseto Palizzolo,0,0,13,307049,4204629,24.9
081002,Buseto Palizzolo,0,0,14,307703,4202593,24.9
081002,Buseto Palizzolo,0,0,15,307067,4202291,24.9
081002,Buseto Palizzolo,0,0,16,304313,4201828,24.9
081002,Buseto Palizzolo,0,0,17,300929,4202793,24.9
081002,Buseto Palizzolo,0,0,18,300338,4203223,24.9
081002,Buseto Palizzolo,0,0,19,300825,4203595,24.9
081002,Buseto Palizzolo,0,0,20,300507,4204026,24.9
081002,Buseto Palizzolo,0,0,21,299007,4204979,24.9
081002,Buseto Palizzolo,0,0,22,297724,4206143,24.9
081002,Buseto Palizzolo,0,0,23,296473,4206700,24.9
081002,Buseto Palizzolo,0,0,24,296806,4207351,24.9
081002,Buseto Palizzolo,0,0,25,296863,4208142,24.9
081002,Buseto Palizzolo,0,0,26,295035,4208708,24.9
081002,Buseto Palizzolo,0,0,27,295089,4209806,24.9
081002,Buseto Palizzolo,0,0,28,295662,4210759,24.9
081002,Buseto Palizzolo,0,0,29,295769,4211307,24.9
081002,Buseto Palizzolo,0,0,30,296458,4210974,24.9
081002,Buseto Palizzolo,0,0,31,297007,4211083,24.9
081002,Buseto Palizzolo,0,0,32,296812,4212560,24.9
081002,Buseto Palizzolo,0,0,33,297149,4212871,24.9
081002,Buseto Palizzolo,0,0,34,298486,4213013,24.9
081002,Buseto Palizzolo,0,0,35,299507,4212792,24.9
081003,Calatafimi-Segesta,0,0,0,317584,4206264,21.6
081003,Calatafimi-Segesta,0,0,1,317396,4205214,21.6
081003,Calatafimi-Segesta,0,0,2,317063,4204777,21.6
081003,Calatafimi-Segesta,0,0,3,317054,4203801,21.6
081003,Calatafimi-Segesta,0,0,4,318269,4200906,21.6
081003,Calatafimi-Segesta,0,0,5,317594,4200045,21.6
081003,Calatafimi-Segesta,0,0,6,317470,4199594,21.6
081003,Calatafimi-Segesta,0,0,7,317805,4199262,21.6
081003,Calatafimi-Segesta,0,0,8,318903,4198800,21.6
081003,Calatafimi-Segesta,0,0,9,319048,4198394,21.6
081003,Calatafimi-Segesta,0,0,10,319021,4197353,21.6
081003,Calatafimi-Segesta,0,0,11,318768,4197192,21.6
081003,Calatafimi-Segesta,0,0,12,318382,4196481,21.6
081003,Calatafimi-Segesta,0,0,13,318560,4195861,21.6
081003,Calatafimi-Segesta,0,0,14,318062,4195108,21.6
081003,Calatafimi-Segesta,0,0,15,318534,4194786,21.6
081003,Calatafimi-Segesta,0,0,16,319537,4194665,21.6
081003,Calatafimi-Segesta,0,0,17,319886,4193209,21.6
081003,Calatafimi-Segesta,0,0,18,320195,4193223,21.6
081003,Calatafimi-Segesta,0,0,19,320429,4192729,21.6
081003,Calatafimi-Segesta,0,0,20,320128,4192145,21.6
081003,Calatafimi-Segesta,0,0,21,319411,4191583,21.6
081003,Calatafimi-Segesta,0,0,22,318929,4190454,21.6
081003,Calatafimi-Segesta,0,0,23,318523,4189774,21.6
081003,Calatafimi-Segesta,0,0,24,318195,4189523,21.6
081003,Calatafimi-Segesta,0,0,25,317428,4189434,21.6
081003,Calatafimi-Segesta,0,0,26,316038,4188682,21.6
081003,Calatafimi-Segesta,0,0,27,314807,4188610,21.6
081003,Calatafimi-Segesta,0,0,28,313344,4188086,21.6
081003,Calatafimi-Segesta,0,0,29,312651,4188544,21.6
081003,Calatafimi-Segesta,0,0,30,312144,4188559,21.6
081003,Calatafimi-Segesta,0,0,31,311796,4189034,21.6
081003,Calatafimi-Segesta,0,0,32,311149,4190627,21.6
081003,Calatafimi-Segesta,0,0,33,311511,4191368,21.6
081003,Calatafimi-Segesta,0,0,34,311913,4193437,21.6
081003,Calatafimi-Segesta,0,0,35,310728,4194197,21.6
081003,Calatafimi-Segesta,0,0,36,310461,4194208,21.6
081003,Calatafimi-Segesta,0,0,37,310170,4193798,21.6
081003,Calatafimi-Segesta,0,0,38,309095,4193694,21.6
081003,Calatafimi-Segesta,0,0,39,308467,4194056,21.6
081003,Calatafimi-Segesta,0,0,40,308274,4194388,21.6
081003,Calatafimi-Segesta,0,0,41,307572,4194564,21.6
081003,Calatafimi-Segesta,0,0,42,307441,4196199,21.6
081003,Calatafimi-Segesta,0,0,43,307002,4196951,21.6
081003,Calatafimi-Segesta,0,0,44,306639,4197072,21.6
081003,Calatafimi-Segesta,0,0,45,306338,4197754,21.6
081003,Calatafimi-Segesta,0,0,46,305981,4198005,21.6
081003,Calatafimi-Segesta,0,0,47,305540,4198725,21.6
081003,Calatafimi-Segesta,0,0,48,305825,4199861,21.6
081003,Calatafimi-Segesta,0,0,49,305802,4201195,21.6
081003,Calatafimi-Segesta,0,0,50,305280,4201907,21.6
081003,Calatafimi-Segesta,0,0,51,307067,4202291,21.6
081003,Calatafimi-Segesta,0,0,52,307703,4202593,21.6
081003,Calatafimi-Segesta,0,0,53,307764,4202442,21.6
081003,Calatafimi-Segesta,0,0,54,308039,4202438,21.6
081003,Calatafimi-Segesta,0,0,55,309758,4202688,21.6
081003,Calatafimi-Segesta,0,0,56,311748,4203463,21.6
081003,Calatafimi-Segesta,0,0,57,313787,4203641,21.6
081003,Calatafimi-Segesta,0,0,58,314516,4204096,21.6
081003,Calatafimi-Segesta,0,0,59,315020,4204860,21.6
081003,Calatafimi-Segesta,0,0,60,315528,4204967,21.6
081003,Calatafimi-Segesta,0,0,61,316411,4205468,21.6
081003,Calatafimi-Segesta,0,0,62,316934,4206250,21.6
081003,Calatafimi-Segesta,0,0,63,317584,4206264,21.6
081004,Campobello di Mazara,0,0,0,301428,4170759,19.6
081004,Campobello di Mazara,0,0,1,303323,4167542,19.6
081004,Campobello di Mazara,0,0,2,303393,4166949,19.6
081004,Campobello di Mazara,0,0,3,302641,4166655,19.6
081004,Campobello di Mazara,0,0,4,301733,4165941,19.6
081004,Campobello di Mazara,0,0,5,301149,4165278,19.6
081004,Campobello di Mazara,0,0,6,301007,4164845,19.6
081004,Campobello di Mazara,0,0,7,301499,4163556,19.6
081004,Campobello di Mazara,0,0,8,302626,4161437,19.6
081004,Campobello di Mazara,0,0,9,295416,4159517,19.6
081004,Campobello di Mazara,0,0,10,294507,4159546,19.6
081004,Campobello di Mazara,0,0,11,293586,4160250,19.6
081004,Campobello di Mazara,0,0,12,292995,4161230,19.6
081004,Campobello di Mazara,0,0,13,292803,4161281,19.6
081004,Campobello di Mazara,0,0,14,295707,4165961,19.6
081004,Campobello di Mazara,0,0,15,296246,4167622,19.6
081004,Campobello di Mazara,0,0,16,297728,4168225,19.6
081004,Campobello di Mazara,0,0,17,299300,4169157,19.6
081004,Campobello di Mazara,0,0,18,299788,4170117,19.6
081004,Campobello di Mazara,0,0,19,300553,4170517,19.6
081004,Campobello di Mazara,0,0,20,301428,4170759,19.6
081005,Castellammare del Golfo,0,0,0,307413,4217272,25.5
081005,Castellammare del Golfo,0,0,1,308279,4216909,25.5
081005,Castellammare del Golfo,0,0,2,309389,4215399,25.5
081005,Castellammare del Golfo,0,0,3,311721,4213560,25.5
081005,Castellammare del Golfo,0,0,4,312148,4213346,25.5
081005,Castellammare del Golfo,0,0,5,312544,4213703,25.5
081005,Castellammare del Golfo,0,0,6,313000,4213590,25.5
081005,Castellammare del Golfo,0,0,7,313230,4212655,25.5
081005,Castellammare del Golfo,0,0,8,313177,4212068,25.5
081005,Castellammare del Golfo,0,0,9,314036,4211202,25.5
081005,Castellammare del Golfo,0,0,10,315038,4210619,25.5
081005,Castellammare del Golfo,0,0,11,316369,4210667,25.5
081005,Castellammare del Golfo,0,0,12,315474,4209527,25.5
081005,Castellammare del Golfo,0,0,13,316133,4209064,25.5
081005,Castellammare del Golfo,0,0,14,315944,4208527,25.5
081005,Castellammare del Golfo,0,0,15,316007,4208279,25.5
081005,Castellammare del Golfo,0,0,16,316944,4207343,25.5
081005,Castellammare del Golfo,0,0,17,317512,4206344,25.5
081005,Castellammare del Golfo,0,0,18,316934,4206250,25.5
081005,Castellammare del Golfo,0,0,19,316411,4205468,25.5
081005,Castellammare del Golfo,0,0,20,315528,4204967,25.5
081005,Castellammare del Golfo,0,0,21,315020,4204860,25.5
081005,Castellammare del Golfo,0,0,22,314683,4204285,25.5
081005,Castellammare del Golfo,0,0,23,314122,4203780,25.5
081005,Castellammare del Golfo,0,0,24,311748,4203463,25.5
081005,Castellammare del Golfo,0,0,25,309758,4202688,25.5
081005,Castellammare del Golfo,0,0,26,307764,4202442,25.5
081005,Castellammare del Golfo,0,0,27,307049,4204629,25.5
081005,Castellammare del Golfo,0,0,28,307192,4205981,25.5
081005,Castellammare del Golfo,0,0,29,305279,4206505,25.5
081005,Castellammare del Golfo,0,0,30,305207,4207290,25.5
081005,Castellammare del Golfo,0,0,31,303419,4208089,25.5
081005,Castellammare del Golfo,0,0,32,303000,4208896,25.5
081005,Castellammare del Golfo,0,0,33,302920,4209752,25.5
081005,Castellammare del Golfo,0,0,34,302552,4210777,25.5
081005,Castellammare del Golfo,0,0,35,301607,4210632,25.5
081005,Castellammare del Golfo,0,0,36,300950,4210848,25.5
081005,Castellammare del Golfo,0,0,37,300053,4211958,25.5
081005,Castellammare del Golfo,0,0,38,299778,4212624,25.5
081005,Castellammare del Golfo,0,0,39,300735,4213965,25.5
081005,Castellammare del Golfo,0,0,40,301483,4214195,25.5
081005,Castellammare del Golfo,0,0,41,302897,4214358,25.5
081005,Castellammare del Golfo,0,0,42,303232,4214220,25.5
081005,Castellammare del Golfo,0,0,43,303460,4213856,25.5
081005,Castellammare del Golfo,0,0,44,303174,4213359,25.5
081005,Castellammare del Golfo,0,0,45,303032,4212655,25.5
081005,Castellammare del Golfo,0,0,46,304748,4212234,25.5
081005,Castellammare del Golfo,0,0,47,305601,4212395,25.5
081005,Castellammare del Golfo,0,0,48,306464,4212842,25.5
081005,Castellammare del Golfo,0,0,49,307459,4213083,25.5
081005,Castellammare del Golfo,0,0,50,307897,4213490,25.5
081005,Castellammare del Golfo,0,0,51,307981,4214028,25.5
081005,Castellammare del Golfo,0,0,52,307782,4214436,25.5
081005,Castellammare del Golfo,0,0,53,307500,4214590,25.5
081005,Castellammare del Golfo,0,0,54,306932,4214245,25.5
081005,Castellammare del Golfo,0,0,55,306852,4214327,25.5
081005,Castellammare del Golfo,0,0,56,306556,4216757,25.5
081005,Castellammare del Golfo,0,0,57,307060,4217205,25.5
081005,Castellammare del Golfo,0,0,58,307413,4217272,25.5
081006,Castelvetrano,0,0,0,303803,4180501,24.9
081006,Castelvetrano,0,0,1,304175,4179465,24.9
081006,Castelvetrano,0,0,2,305474,4179421,24.9
081006,Castelvetrano,0,0,3,305779,4179636,24.9
081006,Castelvetrano,0,0,4,305808,4180020,24.9
081006,Castelvetrano,0,0,5,306255,4180128,24.9
081006,Castelvetrano,0,0,6,308028,4179900,24.9
081006,Castelvetrano,0,0,7,309205,4179394,24.9
081006,Castelvetrano,0,0,8,309589,4178702,24.9
081006,Castelvetrano,0,0,9,309238,4177642,24.9
081006,Castelvetrano,0,0,10,309385,4176810,24.9
081006,Castelvetrano,0,0,11,309736,4176191,24.9
081006,Castelvetrano,0,0,12,309654,4175795,24.9
081006,Castelvetrano,0,0,13,309020,4175712,24.9
081006,Castelvetrano,0,0,14,308803,4175383,24.9
081006,Castelvetrano,0,0,15,308651,4174768,24.9
081006,Castelvetrano,0,0,16,308771,4173440,24.9
081006,Castelvetrano,0,0,17,308571,4172803,24.9
081006,Castelvetrano,0,0,18,308741,4172273,24.9
081006,Castelvetrano,0,0,19,309371,4172417,24.9
081006,Castelvetrano,0,0,20,309593,4173164,24.9
081006,Castelvetrano,0,0,21,311507,4173494,24.9
081006,Castelvetrano,0,0,22,313110,4173422,24.9
081006,Castelvetrano,0,0,23,312832,4172378,24.9
081006,Castelvetrano,0,0,24,312989,4172069,24.9
081006,Castelvetrano,0,0,25,315364,4171050,24.9
081006,Castelvetrano,0,0,26,314910,4170610,24.9
081006,Castelvetrano,0,0,27,314169,4170403,24.9
081006,Castelvetrano,0,0,28,314564,4169753,24.9
081006,Castelvetrano,0,0,29,313718,4168753,24.9
081006,Castelvetrano,0,0,30,313588,4168368,24.9
081006,Castelvetrano,0,0,31,313853,4168037,24.9
081006,Castelvetrano,0,0,32,315912,4168593,24.9
081006,Castelvetrano,0,0,33,316218,4168448,24.9
081006,Castelvetrano,0,0,34,316142,4167758,24.9
081006,Castelvetrano,0,0,35,315612,4166722,24.9
081006,Castelvetrano,0,0,36,315253,4164885,24.9
081006,Castelvetrano,0,0,37,315143,4164064,24.9
081006,Castelvetrano,0,0,38,315261,4162945,24.9
081006,Castelvetrano,0,0,39,315017,4162218,24.9
081006,Castelvetrano,0,0,40,314254,4160976,24.9
081006,Castelvetrano,0,0,41,310566,4161690,24.9
081006,Castelvetrano,0,0,42,309810,4161552,24.9
081006,Castelvetrano,0,0,43,304176,4161630,24.9
081006,Castelvetrano,0,0,44,302626,4161437,24.9
081006,Castelvetrano,0,0,45,301499,4163556,24.9
081006,Castelvetrano,0,0,46,301007,4164845,24.9
081006,Castelvetrano,0,0,47,301149,4165278,24.9
081006,Castelvetrano,0,0,48,301733,4165941,24.9
081006,Castelvetrano,0,0,49,302641,4166655,24.9
081006,Castelvetrano,0,0,50,303393,4166949,24.9
081006,Castelvetrano,0,0,51,303323,4167542,24.9
081006,Castelvetrano,0,0,52,301868,4169943,24.9
081006,Castelvetrano,0,0,53,301191,4171398,24.9
081006,Castelvetrano,0,0,54,300095,4172062,24.9
081006,Castelvetrano,0,0,55,299668,4172882,24.9
081006,Castelvetrano,0,0,56,299891,4172934,24.9
081006,Castelvetrano,0,0,57,300007,4173486,24.9
081006,Castelvetrano,0,0,58,298863,4173791,24.9
081006,Castelvetrano,0,0,59,298596,4174297,24.9
081006,Castelvetrano,0,0,60,298720,4174552,24.9
081006,Castelvetrano,0,0,61,299481,4175124,24.9
081006,Castelvetrano,0,0,62,300268,4176259,24.9
081006,Castelvetrano,0,0,63,300375,4176917,24.9
081006,Castelvetrano,0,0,64,301138,4176843,24.9
081006,Castelvetrano,0,0,65,301861,4176413,24.9
081006,Castelvetrano,0,0,66,302451,4176782,24.9
081006,Castelvetrano,0,0,67,302614,4179257,24.9
081006,Castelvetrano,0,0,68,302315,4179753,24.9
081006,Castelvetrano,0,0,69,303282,4180718,24.9
081006,Castelvetrano,0,0,70,303803,4180501,24.9
081007,Custonaci,0,0,0,296349,4221019,25.2
081007,Custonaci,0,0,1,296665,4220899,25.2
081007,Custonaci,0,0,2,296690,4220549,25.2
081007,Custonaci,0,0,3,297381,4220051,25.2
081007,Custonaci,0,0,4,298363,4220005,25.2
081007,Custonaci,0,0,5,299335,4220466,25.2
081007,Custonaci,0,0,6,299926,4220262,25.2
081007,Custonaci,0,0,7,301893,4218496,25.2
081007,Custonaci,0,0,8,302735,4218242,25.2
081007,Custonaci,0,0,9,303115,4217505,25.2
081007,Custonaci,0,0,10,303019,4217005,25.2
081007,Custonaci,0,0,11,303578,4216581,25.2
081007,Custonaci,0,0,12,304562,4216408,25.2
081007,Custonaci,0,0,13,305585,4215992,25.2
081007,Custonaci,0,0,14,306065,4215469,25.2
081007,Custonaci,0,0,15,306345,4214754,25.2
081007,Custonaci,0,0,16,306779,4214553,25.2
081007,Custonaci,0,0,17,306888,4214265,25.2
081007,Custonaci,0,0,18,307500,4214590,25.2
081007,Custonaci,0,0,19,307782,4214436,25.2
081007,Custonaci,0,0,20,307981,4214028,25.2
081007,Custonaci,0,0,21,307897,4213490,25.2
081007,Custonaci,0,0,22,307405,4213054,25.2
081007,Custonaci,0,0,23,304820,4212233,25.2
081007,Custonaci,0,0,24,303032,4212655,25.2
081007,Custonaci,0,0,25,303174,4213359,25.2
081007,Custonaci,0,0,26,303460,4213856,25.2
081007,Custonaci,0,0,27,303330,4214161,25.2
081007,Custonaci,0,0,28,302897,4214358,25.2
081007,Custonaci,0,0,29,300735,4213965,25.2
081007,Custonaci,0,0,30,300059,4212867,25.2
081007,Custonaci,0,0,31,299507,4212792,25.2
081007,Custonaci,0,0,32,298486,4213013,25.2
081007,Custonaci,0,0,33,297149,4212871,25.2
081007,Custonaci,0,0,34,296812,4212560,25.2
081007,Custonaci,0,0,35,296694,4212986,25.2
081007,Custonaci,0,0,36,295381,4212963,25.2
081007,Custonaci,0,0,37,295491,4213555,25.2
081007,Custonaci,0,0,38,295807,4213518,25.2
081007,Custonaci,0,0,39,295608,4214149,25.2
081007,Custonaci,0,0,40,294855,4214863,25.2
081007,Custonaci,0,0,41,294010,4216029,25.2
081007,Custonaci,0,0,42,293438,4217155,25.2
081007,Custonaci,0,0,43,293909,4217934,25.2
081007,Custonaci,0,0,44,294808,4218538,25.2
081007,Custonaci,0,0,45,295056,4218880,25.2
081007,Custonaci,0,0,46,294600,4219839,25.2
081007,Custonaci,0,0,47,294558,4220315,25.2
081007,Custonaci,0,0,48,294698,4220612,25.2
081007,Custonaci,0,0,49,295174,4220923,25.2
081007,Custonaci,0,0,50,296349,4221019,25.2
081008,Erice,0,0,0,283220,4215809,26.8
081008,Erice,0,0,1,283293,4215836,26.8
081008,Erice,0,0,2,283233,4215775,26.8
081008,Erice,0,0,3,283220,4215809,26.8
081008,Erice,1,0,0,287521,4216398,26.8
081008,Erice,1,0,1,288508,4215923,26.8
081008,Erice,1,0,2,288768,4215100,26.8
081008,Erice,1,0,3,289366,4214694,26.8
081008,Erice,1,0,4,289350,4214015,26.8
081008,Erice,1,0,5,289644,4212962,26.8
081008,Erice,1,0,6,289056,4212183,26.8
081008,Erice,1,0,7,288876,4212428,26.8
081008,Erice,1,0,8,288269,4211959,26.8
081008,Erice,1,0,9,288185,4211154,26.8
081008,Erice,1,0,10,289148,4211005,26.8
081008,Erice,1,0,11,289524,4209610,26.8
081008,Erice,1,0,12,290549,4209888,26.8
081008,Erice,1,0,13,291202,4209842,26.8
081008,Erice,1,0,14,291676,4208340,26.8
081008,Erice,1,0,15,292837,4208304,26.8
081008,Erice,1,0,16,293030,4207721,26.8
081008,Erice,1,0,17,293807,4207318,26.8
081008,Erice,1,0,18,296152,4207151,26.8
081008,Erice,1,0,19,296473,4206700,26.8
081008,Erice,1,0,20,297724,4206143,26.8
081008,Erice,1,0,21,299007,4204979,26.8
081008,Erice,1,0,22,300507,4204026,26.8
081008,Erice,1,0,23,300825,4203595,26.8
081008,Erice,1,0,24,300338,4203223,26.8
081008,Erice,1,0,25,299346,4203611,26.8
081008,Erice,1,0,26,296287,4203841,26.8
081008,Erice,1,0,27,295132,4204210,26.8
081008,Erice,1,0,28,294890,4204590,26.8
081008,Erice,1,0,29,294007,4205194,26.8
081008,Erice,1,0,30,291337,4207957,26.8
081008,Erice,1,0,31,289008,4208856,26.8
081008,Erice,1,0,32,287620,4209979,26.8
081008,Erice,1,0,33,284615,4210568,26.8
081008,Erice,1,0,34,284406,4211174,26.8
081008,Erice,1,0,35,283908,4211742,26.8
081008,Erice,1,0,36,283525,4212520,26.8
081008,Erice,1,0,37,285222,4214166,26.8
081008,Erice,1,0,38,285974,4215807,26.8
081008,Erice,1,0,39,286985,4216301,26.8
081008,Erice,1,0,40,287521,4216398,26.8
081009,Favignana,0,0,0,262576,4199517,22.5
081009,Favignana,0,0,1,262464,4199493,22.5
081009,Favignana,0,0,2,262501,4199587,22.5
081009,Favignana,0,0,3,262576,4199517,22.5
081009,Favignana,1,0,0,261781,4199855,22.5
081009,Favignana,1,0,1,261835,4199767,22.5
081009,Favignana,1,0,2,261679,4199691,22.5
081009,Favignana,1,0,3,261781,4199855,22.5
081009,Favignana,2,0,0,262832,4199953,22.5
081009,Favignana,2,0,1,263015,4199779,22.5
081009,Favignana,2,0,2,262830,4199659,22.5
081009,Favignana,2,0,3,262695,4199824,22.5
081009,Favignana,2,0,4,262832,4199953,22.5
081009,Favignana,3,0,0,263496,4204315,22.5
081009,Favignana,3,0,1,264225,4202134,22.5
081009,Favignana,3,0,2,264723,4201562,22.5
081009,Favignana,3,0,3,265030,4201606,22.5
081009,Favignana,3,0,4,265261,4201836,22.5
081009,Favignana,3,0,5,266622,4202110,22.5
081009,Favignana,3,0,6,267035,4201860,22.5
081009,Favignana,3,0,7,267084,4201475,22.5
081009,Favignana,3,0,8,267591,4200849,22.5
081009,Favignana,3,0,9,268069,4200526,22.5
081009,Favignana,3,0,10,268507,4200648,22.5
081009,Favignana,3,0,11,268758,4200468,22.5
081009,Favignana,3,0,12,268869,4200030,22.5
081009,Favignana,3,0,13,268411,4198676,22.5
081009,Favignana,3,0,14,267089,4198844,22.5
081009,Favignana,3,0,15,265944,4200260,22.5
081009,Favignana,3,0,16,264904,4200289,22.5
081009,Favignana,3,0,17,264584,4200108,22.5
081009,Favignana,3,0,18,264485,4200240,22.5
081009,Favignana,3,0,19,263446,4200281,22.5
081009,Favignana,3,0,20,261570,4199894,22.5
081009,Favignana,3,0,21,261039,4200379,22.5
081009,Favignana,3,0,22,260890,4201515,22.5
081009,Favignana,3,0,23,260377,4202358,22.5
081009,Favignana,3,0,24,260808,4203186,22.5
081009,Favignana,3,0,25,261104,4203290,22.5
081009,Favignana,3,0,26,261449,4203153,22.5
081009,Favignana,3,0,27,261535,4202944,22.5
081009,Favignana,3,0,28,261847,4202951,22.5
081009,Favignana,3,0,29,262395,4203273,22.5
081009,Favignana,3,0,30,263496,4204315,22.5
081009,Favignana,4,0,0,242103,4209139,22.5
081009,Favignana,4,0,1,242245,4208931,22.5
081009,Favignana,4,0,2,241949,4208567,22.5
081009,Favignana,4,0,3,242181,4207605,22.5
081009,Favignana,4,0,4,243278,4205591,22.5
081009,Favignana,4,0,5,243574,4204445,22.5
081009,Favignana,4,0,6,243894,4204226,22.5
081009,Favignana,4,0,7,244406,4204184,22.5
081009,Favignana,4,0,8,244428,4203996,22.5
081009,Favignana,4,0,9,243682,4203800,22.5
081009,Favignana,4,0,10,243048,4204240,22.5
081009,Favignana,4,0,11,241224,4204706,22.5
081009,Favignana,4,0,12,240797,4204967,22.5
081009,Favignana,4,0,13,240396,4205499,22.5
081009,Favignana,4,0,14,239505,4208706,22.5
081009,Favignana,4,0,15,239409,4208821,22.5
081009,Favignana,4,0,16,239102,4208610,22.5
081009,Favignana,4,0,17,239027,4208992,22.5
081009,Favignana,4,0,18,239171,4209211,22.5
081009,Favignana,4,0,19,239911,4209181,22.5
081009,Favignana,4,0,20,241864,4208812,22.5
081009,Favignana,4,0,21,242103,4209139,22.5
081009,Favignana,5,0,0,265334,4207667,22.5
081009,Favignana,5,0,1,265409,4207730,22.5
081009,Favignana,5,0,2,265483,4207661,22.5
081009,Favignana,5,0,3,265334,4207667,22.5
081009,Favignana,6,0,0,273843,4207834,22.5
081009,Favignana,6,0,1,274034,4207765,22.5
081009,Favignana,6,0,2,273951,4207581,22.5
081009,Favignana,6,0,3,273736,4207694,22.5
081009,Favignana,6,0,4,273843,4207834,22.5
081009,Favignana,7,0,0,273168,4207609,22.5
081009,Favignana,7,0,1,273022,4207668,22.5
081009,Favignana,7,0,2,272674,4208128,22.5
081009,Favignana,7,0,3,272949,4207899,22.5
081009,Favignana,7,0,4,273168,4207609,22.5
081009,Favignana,8,0,0,266125,4211424,22.5
081009,Favignana,8,0,1,266634,4209612,22.5
081009,Favignana,8,0,2,267432,4208604,22.5
081009,Favignana,8,0,3,267517,4208296,22.5
081009,Favignana,8,0,4,267406,4207889,22.5
081009,Favignana,8,0,5,266238,4207469,22.5
081009,Favignana,8,0,6,265518,4207723,22.5
081009,Favignana,8,0,7,265289,4207963,22.5
081009,Favignana,8,0,8,264702,4209336,22.5
081009,Favignana,8,0,9,264896,4210018,22.5
081009,Favignana,8,0,10,265485,4210172,22.5
081009,Favignana,8,0,11,265892,4211412,22.5
081009,Favignana,8,0,12,266125,4211424,22.5
081010,Gibellina,0,0,0,313678,4185931,26.4
081010,Gibellina,0,0,1,313484,4185895,26.4
081010,Gibellina,0,0,2,313458,4185987,26.4
081010,Gibellina,0,0,3,313562,4185976,26.4
081010,Gibellina,0,0,4,313678,4185931,26.4
081010,Gibellina,1,0,0,314021,4187817,26.4
081010,Gibellina,1,0,1,313926,4187958,26.4
081010,Gibellina,1,0,2,314292,4188022,26.4
081010,Gibellina,1,0,3,314311,4187894,26.4
081010,Gibellina,1,0,4,314021,4187817,26.4
081010,Gibellina,2,0,0,312630,4187921,26.4
081010,Gibellina,2,0,1,313171,4186517,26.4
081010,Gibellina,2,0,2,313481,4186028,26.4
081010,Gibellina,2,0,3,312606,4186141,26.4
081010,Gibellina,2,0,4,312114,4186742,26.4
081010,Gibellina,2,0,5,312151,4187514,26.4
081010,Gibellina,2,0,6,312367,4187868,26.4
081010,Gibellina,2,0,7,312935,4188149,26.4
081010,Gibellina,2,0,8,312630,4187921,26.4
081010,Gibellina,3,0,0,319203,4190005,26.4
081010,Gibellina,3,0,1,320794,4189564,26.4
081010,Gibellina,3,0,2,321208,4188909,26.4
081010,Gibellina,3,0,3,321396,4188210,26.4
081010,Gibellina,3,0,4,325189,4187671,26.4
081010,Gibellina,3,0,5,325523,4186323,26.4
081010,Gibellina,3,0,6,325585,4185088,26.4
081010,Gibellina,3,0,7,324589,4185020,26.4
081010,Gibellina,3,0,8,323252,4185279,26.4
081010,Gibellina,3,0,9,322816,4185213,26.4
081010,Gibellina,3,0,10,321863,4183445,26.4
081010,Gibellina,3,0,11,320660,4183564,26.4
081010,Gibellina,3,0,12,319583,4184841,26.4
081010,Gibellina,3,0,13,319049,4184824,26.4
081010,Gibellina,3,0,14,318440,4183632,26.4
081010,Gibellina,3,0,15,318333,4182596,26.4
081010,Gibellina,3,0,16,318007,4182293,26.4
081010,Gibellina,3,0,17,317676,4182334,26.4
081010,Gibellina,3,0,18,317246,4183799,26.4
081010,Gibellina,3,0,19,315737,4185659,26.4
081010,Gibellina,3,0,20,315144,4188524,26.4
081010,Gibellina,3,0,21,315338,4188719,26.4
081010,Gibellina,3,0,22,316038,4188682,26.4
081010,Gibellina,3,0,23,317428,4189434,26.4
081010,Gibellina,3,0,24,318195,4189523,26.4
081010,Gibellina,3,0,25,318523,4189774,26.4
081010,Gibellina,3,0,26,319004,4190598,26.4
081010,Gibellina,3,0,27,319203,4190005,26.4
081011,Marsala,0,0,0,276303,4193667,21.0
081011,Marsala,0,0,1,276251,4193605,21.0
081011,Marsala,0,0,2,276233,4193655,21.0
081011,Marsala,0,0,3,276303,4193667,21.0
081011,Marsala,1,0,0,277569,4194442,21.0
081011,Marsala,1,0,1,277596,4193955,21.0
081011,Marsala,1,0,2,277260,4193699,21.0
081011,Marsala,1,0,3,277017,4193761,21.0
081011,Marsala,1,0,4,276983,4194345,21.0
081011,Marsala,1,0,5,277569,4194442,21.0
081011,Marsala,2,0,0,276225,4196373,21.0
081011,Marsala,2,0,1,277068,4195481,21.0
081011,Marsala,2,0,2,277065,4195380,21.0
081011,Marsala,2,0,3,276483,4195744,21.0
081011,Marsala,2,0,4,276225,4196373,21.0
081011,Marsala,3,0,0,276282,4198315,21.0
081011,Marsala,3,0,1,276238,4197704,21.0
081011,Marsala,3,0,2,275582,4197290,21.0
081011,Marsala,3,0,3,275617,4196125,21.0
081011,Marsala,3,0,4,275876,4194867,21.0
081011,Marsala,3,0,5,275561,4194027,21.0
081011,Marsala,3,0,6,275811,4192556,21.0
081011,Marsala,3,0,7,275712,4192061,21.0
081011,Marsala,3,0,8,275316,4191585,21.0
081011,Marsala,3,0,9,274579,4195699,21.0
081011,Marsala,3,0,10,274058,4196707,21.0
081011,Marsala,3,0,11,273967,4197295,21.0
081011,Marsala,3,0,12,274114,4197440,21.0
081011,Marsala,3,0,13,274708,4197393,21.0
081011,Marsala,3,0,14,275311,4197561,21.0
081011,Marsala,3,0,15,276282,4198315,21.0
081011,Marsala,4,0,0,279658,4201118,21.0
081011,Marsala,4,0,1,279508,4200717,21.0
081011,Marsala,4,0,2,279110,4200644,21.0
081011,Marsala,4,0,3,278848,4200183,21.0
081011,Marsala,4,0,4,279047,4199190,21.0
081011,Marsala,4,0,5,278654,4198222,21.0
081011,Marsala,4,0,6,280475,4197046,21.0
081011,Marsala,4,0,7,280987,4196108,21.0
081011,Marsala,4,0,8,281397,4195788,21.0
081011,Marsala,4,0,9,284340,4195346,21.0
081011,Marsala,4,0,10,285102,4194551,21.0
081011,Marsala,4,0,11,286101,4193069,21.0
081011,Marsala,4,0,12,286699,4192673,21.0
081011,Marsala,4,0,13,287789,4192934,21.0
081011,Marsala,4,0,14,288389,4193277,21.0
081011,Marsala,4,0,15,289304,4194231,21.0
081011,Marsala,4,0,16,290688,4193923,21.0
081011,Marsala,4,0,17,291285,4193362,21.0
081011,Marsala,4,0,18,290288,4192718,21.0
081011,Marsala,4,0,19,289879,4192639,21.0
081011,Marsala,4,0,20,289743,4192388,21.0
081011,Marsala,4,0,21,290447,4191223,21.0
081011,Marsala,4,0,22,291341,4191196,21.0
081011,Marsala,4,0,23,291424,4190718,21.0
081011,Marsala,4,0,24,293830,4190695,21.0
081011,Marsala,4,0,25,293976,4190874,21.0
081011,Marsala,4,0,26,294644,4190892,21.0
081011,Marsala,4,0,27,295478,4190329,21.0
081011,Marsala,4,0,28,296469,4189074,21.0
081011,Marsala,4,0,29,296141,4188634,21.0
081011,Marsala,4,0,30,296510,4187335,21.0
081011,Marsala,4,0,31,296429,4186688,21.0
081011,Marsala,4,0,32,296870,4184617,21.0
081011,Marsala,4,0,33,296815,4183166,21.0
081011,Marsala,4,0,34,296206,4183009,21.0
081011,Marsala,4,0,35,295579,4183084,21.0
081011,Marsala,4,0,36,295145,4183511,21.0
081011,Marsala,4,0,37,294775,4184668,21.0
081011,Marsala,4,0,38,295073,4185308,21.0
081011,Marsala,4,0,39,295058,4186232,21.0
081011,Marsala,4,0,40,294873,4186325,21.0
081011,Marsala,4,0,41,293481,4186451,21.0
081011,Marsala,4,0,42,291700,4186219,21.0
081011,Marsala,4,0,43,289732,4186631,21.0
081011,Marsala,4,0,44,289082,4186604,21.0
081011,Marsala,4,0,45,288769,4186115,21.0
081011,Marsala,4,0,46,288557,4184798,21.0
081011,Marsala,4,0,47,287778,4184246,21.0
081011,Marsala,4,0,48,286363,4184203,21.0
081011,Marsala,4,0,49,285193,4184459,21.0
081011,Marsala,4,0,50,285295,4183993,21.0
081011,Marsala,4,0,51,285595,4183651,21.0
081011,Marsala,4,0,52,286338,4183326,21.0
081011,Marsala,4,0,53,286160,4181845,21.0
081011,Marsala,4,0,54,285894,4181147,21.0
081011,Marsala,4,0,55,285391,4180435,21.0
081011,Marsala,4,0,56,283336,4178340,21.0
081011,Marsala,4,0,57,281724,4176973,21.0
081011,Marsala,4,0,58,279177,4179698,21.0
081011,Marsala,4,0,59,277841,4179259,21.0
081011,Marsala,4,0,60,277561,4179257,21.0
081011,Marsala,4,0,61,277270,4179497,21.0
081011,Marsala,4,0,62,277099,4180763,21.0
081011,Marsala,4,0,63,276375,4181953,21.0
081011,Marsala,4,0,64,275462,4184339,21.0
081011,Marsala,4,0,65,274877,4185354,21.0
081011,Marsala,4,0,66,274038,4186049,21.0
081011,Marsala,4,0,67,273826,4185991,21.0
081011,Marsala,4,0,68,273341,4187094,21.0
081011,Marsala,4,0,69,273990,4187518,21.0
081011,Marsala,4,0,70,274748,4188460,21.0
081011,Marsala,4,0,71,274650,4188069,21.0
081011,Marsala,4,0,72,274820,4187867,21.0
081011,Marsala,4,0,73,276264,4188294,21.0
081011,Marsala,4,0,74,276573,4188580,21.0
081011,Marsala,4,0,75,277164,4189736,21.0
081011,Marsala,4,0,76,277243,4190645,21.0
081011,Marsala,4,0,77,277108,4191121,21.0
081011,Marsala,4,0,78,276898,4191257,21.0
081011,Marsala,4,0,79,276932,4191921,21.0
081011,Marsala,4,0,80,277529,4192155,21.0
081011,Marsala,4,0,81,278889,4194879,21.0
081011,Marsala,4,0,82,278589,4195670,21.0
081011,Marsala,4,0,83,277870,4196010,21.0
081011,Marsala,4,0,84,277243,4196834,21.0
081011,Marsala,4,0,85,277193,4197042,21.0
081011,Marsala,4,0,86,277403,4197452,21.0
081011,Marsala,4,0,87,277110,4198001,21.0
081011,Marsala,4,0,88,276879,4197996,21.0
081011,Marsala,4,0,89,276572,4198655,21.0
081011,Marsala,4,0,90,278477,4201250,21.0
081011,Marsala,4,0,91,279470,4201522,21.0
081011,Marsala,4,0,92,279658,4201118,21.0
081012,Mazara del Vallo,0,0,0,294536,4186403,19.2
081012,Mazara del Vallo,0,0,1,295058,4186232,19.2
081012,Mazara del Vallo,0,0,2,295073,4185308,19.2
081012,Mazara del Vallo,0,0,3,294775,4184668,19.2
081012,Mazara del Vallo,0,0,4,295368,4183233,19.2
081012,Mazara del Vallo,0,0,5,296206,4183009,19.2
081012,Mazara del Vallo,0,0,6,296815,4183166,19.2
081012,Mazara del Vallo,0,0,7,296908,4183063,19.2
081012,Mazara del Vallo,0,0,8,297883,4183547,19.2
081012,Mazara del Vallo,0,0,9,298660,4182155,19.2
081012,Mazara del Vallo,0,0,10,299601,4179755,19.2
081012,Mazara del Vallo,0,0,11,300177,4179355,19.2
081012,Mazara del Vallo,0,0,12,301067,4179670,19.2
081012,Mazara del Vallo,0,0,13,302377,4179694,19.2
081012,Mazara del Vallo,0,0,14,302614,4179257,19.2
081012,Mazara del Vallo,0,0,15,302587,4177734,19.2
081012,Mazara del Vallo,0,0,16,302487,4176849,19.2
081012,Mazara del Vallo,0,0,17,301954,4176423,19.2
081012,Mazara del Vallo,0,0,18,301629,4176462,19.2
081012,Mazara del Vallo,0,0,19,301138,4176843,19.2
081012,Mazara del Vallo,0,0,20,300375,4176917,19.2
081012,Mazara del Vallo,0,0,21,300268,4176259,19.2
081012,Mazara del Vallo,0,0,22,299481,4175124,19.2
081012,Mazara del Vallo,0,0,23,298720,4174552,19.2
081012,Mazara del Vallo,0,0,24,298596,4174297,19.2
081012,Mazara del Vallo,0,0,25,298863,4173791,19.2
081012,Mazara del Vallo,0,0,26,300007,4173486,19.2
081012,Mazara del Vallo,0,0,27,299891,4172934,19.2
081012,Mazara del Vallo,0,0,28,299668,4172882,19.2
081012,Mazara del Vallo,0,0,29,299811,4172592,19.2
081012,Mazara del Vallo,0,0,30,300213,4171931,19.2
081012,Mazara del Vallo,0,0,31,301191,4171398,19.2
081012,Mazara del Vallo,0,0,32,301428,4170759,19.2
081012,Mazara del Vallo,0,0,33,299788,4170117,19.2
081012,Mazara del Vallo,0,0,34,299300,4169157,19.2
081012,Mazara del Vallo,0,0,35,297728,4168225,19.2
081012,Mazara del Vallo,0,0,36,296246,4167622,19.2
081012,Mazara del Vallo,0,0,37,295707,4165961,19.2
081012,Mazara del Vallo,0,0,38,292803,4161281,19.2
081012,Mazara del Vallo,0,0,39,292417,4161605,19.2
081012,Mazara del Vallo,0,0,40,290581,4164527,19.2
081012,Mazara del Vallo,0,0,41,289885,4166065,19.2
081012,Mazara del Vallo,0,0,42,289473,4167967,19.2
081012,Mazara del Vallo,0,0,43,288590,4168834,19.2
081012,Mazara del Vallo,0,0,44,287894,4169389,19.2
081012,Mazara del Vallo,0,0,45,287093,4169735,19.2
081012,Mazara del Vallo,0,0,46,286802,4169845,19.2
081012,Mazara del Vallo,0,0,47,286382,4169745,19.2
081012,Mazara del Vallo,0,0,48,285449,4170909,19.2
081012,Mazara del Vallo,0,0,49,284740,4171205,19.2
081012,Mazara del Vallo,0,0,50,284189,4171278,19.2
081012,Mazara del Vallo,0,0,51,283247,4171122,19.2
081012,Mazara del Vallo,0,0,52,282564,4170729,19.2
081012,Mazara del Vallo,0,0,53,281044,4171080,19.2
081012,Mazara del Vallo,0,0,54,281757,4172218,19.2
081012,Mazara del Vallo,0,0,55,281574,4172672,19.2
081012,Mazara del Vallo,0,0,56,281923,4173146,19.2
081012,Mazara del Vallo,0,0,57,282095,4173017,19.2
081012,Mazara del Vallo,0,0,58,282464,4173510,19.2
081012,Mazara del Vallo,0,0,59,282737,4173937,19.2
081012,Mazara del Vallo,0,0,60,282685,4174244,19.2
081012,Mazara del Vallo,0,0,61,282852,4174576,19.2
081012,Mazara del Vallo,0,0,62,283637,4175649,19.2
081012,Mazara del Vallo,0,0,63,283882,4175406,19.2
081012,Mazara del Vallo,0,0,64,285518,4177537,19.2
081012,Mazara del Vallo,0,0,65,287378,4175971,19.2
081012,Mazara del Vallo,0,0,66,288213,4176441,19.2
081012,Mazara del Vallo,0,0,67,288875,4177172,19.2
081012,Mazara del Vallo,0,0,68,285903,4179894,19.2
081012,Mazara del Vallo,0,0,69,285156,4180187,19.2
081012,Mazara del Vallo,0,0,70,285894,4181147,19.2
081012,Mazara del Vallo,0,0,71,286131,4181759,19.2
081012,Mazara del Vallo,0,0,72,286338,4183326,19.2
081012,Mazara del Vallo,0,0,73,285595,4183651,19.2
081012,Mazara del Vallo,0,0,74,285295,4183993,19.2
081012,Mazara del Vallo,0,0,75,285196,4184461,19.2
081012,Mazara del Vallo,0,0,76,286363,4184203,19.2
081012,Mazara del Vallo,0,0,77,287778,4184246,19.2
081012,Mazara del Vallo,0,0,78,288557,4184798,19.2
081012,Mazara del Vallo,0,0,79,288769,4186115,19.2
081012,Mazara del Vallo,0,0,80,289082,4186604,19.2
081012,Mazara del Vallo,0,0,81,289732,4186631,19.2
081012,Mazara del Vallo,0,0,82,291700,4186219,19.2
081012,Mazara del Vallo,0,0,83,293245,4186436,19.2
081012,Mazara del Vallo,0,0,84,294536,4186403,19.2
081013,Paceco,0,0,0,285998,4207817,24.9
081013,Paceco,0,0,1,285979,4207366,24.9
081013,Paceco,0,0,2,286876,4207165,24.9
081013,Paceco,0,0,3,287332,4207265,24.9
081013,Paceco,0,0,4,289862,4204676,24.9
081013,Paceco,0,0,5,290391,4204581,24.9
081013,Paceco,0,0,6,290547,4204965,24.9
081013,Paceco,0,0,7,291615,4206232,24.9
081013,Paceco,0,0,8,292264,4206146,24.9
081013,Paceco,0,0,9,292576,4206812,24.9
081013,Paceco,0,0,10,294007,4205194,24.9
081013,Paceco,0,0,11,294890,4204590,24.9
081013,Paceco,0,0,12,295132,4204210,24.9
081013,Paceco,0,0,13,295051,4203859,24.9
081013,Paceco,0,0,14,293312,4203650,24.9
081013,Paceco,0,0,15,291065,4201659,24.9
081013,Paceco,0,0,16,290092,4201090,24.9
081013,Paceco,0,0,17,290257,4200742,24.9
081013,Paceco,0,0,18,292295,4199263,24.9
081013,Paceco,0,0,19,292455,4198885,24.9
081013,Paceco,0,0,20,292139,4198032,24.9
081013,Paceco,0,0,21,290928,4197462,24.9
081013,Paceco,0,0,22,290403,4196730,24.9
081013,Paceco,0,0,23,289866,4196786,24.9
081013,Paceco,0,0,24,289192,4197300,24.9
081013,Paceco,0,0,25,289151,4198936,24.9
081013,Paceco,0,0,26,289543,4199053,24.9
081013,Paceco,0,0,27,287921,4202423,24.9
081013,Paceco,0,0,28,287500,4202889,24.9
081013,Paceco,0,0,29,285507,4203561,24.9
081013,Paceco,0,0,30,284760,4204266,24.9
081013,Paceco,0,0,31,284307,4205016,24.9
081013,Paceco,0,0,32,283779,4205407,24.9
081013,Paceco,0,0,33,282515,4205412,24.9
081013,Paceco,0,0,34,281758,4205006,24.9
081013,Paceco,0,0,35,280762,4204840,24.9
081013,Paceco,0,0,36,280259,4205003,24.9
081013,Paceco,0,0,37,279880,4206314,24.9
081013,Paceco,0,0,38,279950,4207005,24.9
081013,Paceco,0,0,39,280933,4208047,24.9
081013,Paceco,0,0,40,281792,4208160,24.9
081013,Paceco,0,0,41,283933,4207028,24.9
081013,Paceco,0,0,42,285565,4208162,24.9
081013,Paceco,0,0,43,285998,4207817,24.9
081014,Pantelleria,0,0,0,236957,4071955,26.6
081014,Pantelleria,0,0,1,236911,4071938,26.6
081014,Pantelleria,0,0,2,236915,4071978,26.6
081014,Pantelleria,0,0,3,236957,4071955,26.6
081014,Pantelleria,1,0,0,237019,4076633,26.6
081014,Pantelleria,1,0,1,236953,4076623,26.6
081014,Pantelleria,1,0,2,237012,4076666,26.6
081014,Pantelleria,1,0,3,237019,4076633,26.6
081014,Pantelleria,2,0,0,228423,4081384,26.6
081014,Pantelleria,2,0,1,230086,4080831,26.6
081014,Pantelleria,2,0,2,230412,4080503,26.6
081014,Pantelleria,2,0,3,230639,4079879,26.6
081014,Pantelleria,2,0,4,231464,4079448,26.6
081014,Pantelleria,2,0,5,232762,4079286,26.6
081014,Pantelleria,2,0,6,232961,4079594,26.6
081014,Pantelleria,2,0,7,233616,4079641,26.6
081014,Pantelleria,2,0,8,235701,4077222,26.6
081014,Pantelleria,2,0,9,236452,4076913,26.6
081014,Pantelleria,2,0,10,236758,4076484,26.6
081014,Pantelleria,2,0,11,237049,4075700,26.6
081014,Pantelleria,2,0,12,237167,4074641,26.6
081014,Pantelleria,2,0,13,237127,4072636,26.6
081014,Pantelleria,2,0,14,236385,4071179,26.6
081014,Pantelleria,2,0,15,234542,4069675,26.6
081014,Pantelleria,2,0,16,234198,4069534,26.6
081014,Pantelleria,2,0,17,233006,4069612,26.6
081014,Pantelleria,2,0,18,231490,4069958,26.6
081014,Pantelleria,2,0,19,230569,4070775,26.6
081014,Pantelleria,2,0,20,229720,4072934,26.6
081014,Pantelleria,2,0,21,229433,4073279,26.6
081014,Pantelleria,2,0,22,228868,4073474,26.6
081014,Pantelleria,2,0,23,228321,4073904,26.6
081014,Pantelleria,2,0,24,227917,4075215,26.6
081014,Pantelleria,2,0,25,225836,4077297,26.6
081014,Pantelleria,2,0,26,226041,4079901,26.6
081014,Pantelleria,2,0,27,226702,4080772,26.6
081014,Pantelleria,2,0,28,226711,4080642,26.6
081014,Pantelleria,2,0,29,227297,4080478,26.6
081014,Pantelleria,2,0,30,227529,4081070,26.6
081014,Pantelleria,2,0,31,228423,4081384,26.6
081015,Partanna,0,0,0,317432,4181824,26.9
081015,Partanna,0,0,1,317700,4181986,26.9
081015,Partanna,0,0,2,318079,4181915,26.9
081015,Partanna,0,0,3,318667,4181542,26.9
081015,Partanna,0,0,4,319249,4180575,26.9
081015,Partanna,0,0,5,319645,4178883,26.9
081015,Partanna,0,0,6,320325,4177601,26.9
081015,Partanna,0,0,7,319950,4177253,26.9
081015,Partanna,0,0,8,320085,4176719,26.9
081015,Partanna,0,0,9,318660,4175877,26.9
081015,Partanna,0,0,10,318602,4175315,26.9
081015,Partanna,0,0,11,318177,4174696,26.9
081015,Partanna,0,0,12,316413,4173380,26.9
081015,Partanna,0,0,13,316062,4171821,26.9
081015,Partanna,0,0,14,315733,4171474,26.9
081015,Partanna,0,0,15,315395,4171466,26.9
081015,Partanna,0,0,16,315364,4171050,26.9
081015,Partanna,0,0,17,312989,4172069,26.9
081015,Partanna,0,0,18,312832,4172378,26.9
081015,Partanna,0,0,19,313110,4173422,26.9
081015,Partanna,0,0,20,311507,4173494,26.9
081015,Partanna,0,0,21,309593,4173164,26.9
081015,Partanna,0,0,22,309371,4172417,26.9
081015,Partanna,0,0,23,308741,4172273,26.9
081015,Partanna,0,0,24,308571,4172803,26.9
081015,Partanna,0,0,25,308771,4173440,26.9
081015,Partanna,0,0,26,308651,4174768,26.9
081015,Partanna,0,0,27,308803,4175383,26.9
081015,Partanna,0,0,28,309020,4175712,26.9
081015,Partanna,0,0,29,309654,4175795,26.9
081015,Partanna,0,0,30,309736,4176191,26.9
081015,Partanna,0,0,31,309385,4176810,26.9
081015,Partanna,0,0,32,309238,4177642,26.9
081015,Partanna,0,0,33,309589,4178702,26.9
081015,Partanna,0,0,34,310784,4181109,26.9
081015,Partanna,0,0,35,312020,4182184,26.9
081015,Partanna,0,0,36,312764,4179839,26.9
081015,Partanna,0,0,37,313053,4179532,26.9
081015,Partanna,0,0,38,313548,4180439,26.9
081015,Partanna,0,0,39,315331,4181221,26.9
081015,Partanna,0,0,40,315899,4181797,26.9
081015,Partanna,0,0,41,316754,4182013,26.9
081015,Partanna,0,0,42,317432,4181824,26.9
081016,Poggioreale,0,0,0,331432,4187001,22.1
081016,Poggioreale,0,0,1,332014,4187274,22.1
081016,Poggioreale,0,0,2,332475,4187115,22.1
081016,Poggioreale,0,0,3,332607,4186827,22.1
081016,Poggioreale,0,0,4,332203,4186236,22.1
081016,Poggioreale,0,0,5,331056,4185705,22.1
081016,Poggioreale,0,0,6,330498,4184111,22.1
081016,Poggioreale,0,0,7,331125,4183348,22.1
081016,Poggioreale,0,0,8,331432,4183413,22.1
081016,Poggioreale,0,0,9,331856,4183235,22.1
081016,Poggioreale,0,0,10,332453,4182583,22.1
081016,Poggioreale,0,0,11,332672,4182107,22.1
081016,Poggioreale,0,0,12,331017,4181715,22.1
081016,Poggioreale,0,0,13,329304,4180619,22.1
081016,Poggioreale,0,0,14,328934,4180732,22.1
081016,Poggioreale,0,0,15,328652,4181463,22.1
081016,Poggioreale,0,0,16,328451,4181527,22.1
081016,Poggioreale,0,0,17,328252,4181399,22.1
081016,Poggioreale,0,0,18,327932,4180654,22.1
081016,Poggioreale,0,0,19,327560,4180382,22.1
081016,Poggioreale,0,0,20,326470,4180192,22.1
081016,Poggioreale,0,0,21,326109,4180664,22.1
081016,Poggioreale,0,0,22,326334,4181561,22.1
081016,Poggioreale,0,0,23,325599,4182282,22.1
081016,Poggioreale,0,0,24,325355,4183901,22.1
081016,Poggioreale,0,0,25,325105,4184406,22.1
081016,Poggioreale,0,0,26,325088,4185055,22.1
081016,Poggioreale,0,0,27,325585,4185088,22.1
081016,Poggioreale,0,0,28,325523,4186323,22.1
081016,Poggioreale,0,0,29,325189,4187671,22.1
081016,Poggioreale,0,0,30,326167,4187532,22.1
081016,Poggioreale,0,0,31,327003,4187188,22.1
081016,Poggioreale,0,0,32,328473,4187028,22.1
081016,Poggioreale,0,0,33,328850,4186597,22.1
081016,Poggioreale,0,0,34,329106,4186569,22.1
081016,Poggioreale,0,0,35,329769,4187057,22.1
081016,Poggioreale,0,0,36,330967,4187428,22.1
081016,Poggioreale,0,0,37,331432,4187001,22.1
081017,Salaparuta,0,0,0,323252,4185279,24.8
081017,Salaparuta,0,0,1,325088,4185055,24.8
081017,Salaparuta,0,0,2,325493,4182570,24.8
081017,Salaparuta,0,0,3,325599,4182282,24.8
081017,Salaparuta,0,0,4,326334,4181561,24.8
081017,Salaparuta,0,0,5,326109,4180664,24.8
081017,Salaparuta,0,0,6,326274,4180360,24.8
081017,Salaparuta,0,0,7,325054,4179772,24.8
081017,Salaparuta,0,0,8,324851,4179118,24.8
081017,Salaparuta,0,0,9,324272,4178601,24.8
081017,Salaparuta,0,0,10,323496,4178354,24.8
081017,Salaparuta,0,0,11,323517,4178792,24.8
081017,Salaparuta,0,0,12,323160,4179111,24.8
081017,Salaparuta,0,0,13,322849,4178925,24.8
081017,Salaparuta,0,0,14,322654,4178258,24.8
081017,Salaparuta,0,0,15,320325,4177601,24.8
081017,Salaparuta,0,0,16,319645,4178883,24.8
081017,Salaparuta,0,0,17,319249,4180575,24.8
081017,Salaparuta,0,0,18,318560,4181681,24.8
081017,Salaparuta,0,0,19,317700,4181986,24.8
081017,Salaparuta,0,0,20,317676,4182334,24.8
081017,Salaparuta,0,0,21,318007,4182293,24.8
081017,Salaparuta,0,0,22,318333,4182596,24.8
081017,Salaparuta,0,0,23,318440,4183632,24.8
081017,Salaparuta,0,0,24,319049,4184824,24.8
081017,Salaparuta,0,0,25,319583,4184841,24.8
081017,Salaparuta,0,0,26,320660,4183564,24.8
081017,Salaparuta,0,0,27,321863,4183445,24.8
081017,Salaparuta,0,0,28,322816,4185213,24.8
081017,Salaparuta,0,0,29,323252,4185279,24.8
081018,Salemi,0,0,0,313481,4186028,24.9
081018,Salemi,0,0,1,313458,4185987,24.9
081018,Salemi,0,0,2,312966,4185994,24.9
081018,Salemi,0,0,3,313481,4186028,24.9
081018,Salemi,1,0,0,307441,4196199,24.9
081018,Salemi,1,0,1,307668,4194381,24.9
081018,Salemi,1,0,2,307238,4192537,24.9
081018,Salemi,1,0,3,309586,4192367,24.9
081018,Salemi,1,0,4,309886,4192170,24.9
081018,Salemi,1,0,5,310663,4190781,24.9
081018,Salemi,1,0,6,311332,4190113,24.9
081018,Salemi,1,0,7,312144,4188559,24.9
081018,Salemi,1,0,8,312651,4188544,24.9
081018,Salemi,1,0,9,313126,4188205,24.9
081018,Salemi,1,0,10,312367,4187868,24.9
081018,Salemi,1,0,11,311545,4186914,24.9
081018,Salemi,1,0,12,312114,4186742,24.9
081018,Salemi,1,0,13,312606,4186141,24.9
081018,Salemi,1,0,14,312325,4185883,24.9
081018,Salemi,1,0,15,311193,4185861,24.9
081018,Salemi,1,0,16,310800,4185349,24.9
081018,Salemi,1,0,17,311007,4184960,24.9
081018,Salemi,1,0,18,308886,4184888,24.9
081018,Salemi,1,0,19,308122,4184400,24.9
081018,Salemi,1,0,20,307160,4184099,24.9
081018,Salemi,1,0,21,305772,4182631,24.9
081018,Salemi,1,0,22,303271,4181232,24.9
081018,Salemi,1,0,23,302836,4180603,24.9
081018,Salemi,1,0,24,302827,4180236,24.9
081018,Salemi,1,0,25,302239,4179699,24.9
081018,Salemi,1,0,26,301067,4179670,24.9
081018,Salemi,1,0,27,300177,4179355,24.9
081018,Salemi,1,0,28,299472,4179910,24.9
081018,Salemi,1,0,29,298097,4183331,24.9
081018,Salemi,1,0,30,297883,4183547,24.9
081018,Salemi,1,0,31,296908,4183063,24.9
081018,Salemi,1,0,32,296815,4183166,24.9
081018,Salemi,1,0,33,296870,4184617,24.9
081018,Salemi,1,0,34,296429,4186688,24.9
081018,Salemi,1,0,35,296510,4187335,24.9
081018,Salemi,1,0,36,296141,4188634,24.9
081018,Salemi,1,0,37,296469,4189074,24.9
081018,Salemi,1,0,38,295478,4190329,24.9
081018,Salemi,1,0,39,294622,4190933,24.9
081018,Salemi,1,0,40,294929,4191221,24.9
081018,Salemi,1,0,41,296256,4191091,24.9
081018,Salemi,1,0,42,297555,4191191,24.9
081018,Salemi,1,0,43,297557,4192482,24.9
081018,Salemi,1,0,44,297076,4193230,24.9
081018,Salemi,1,0,45,298184,4194796,24.9
081018,Salemi,1,0,46,298507,4194899,24.9
081018,Salemi,1,0,47,299443,4193942,24.9
081018,Salemi,1,0,48,299841,4193844,24.9
081018,Salemi,1,0,49,301180,4195529,24.9
081018,Salemi,1,0,50,303245,4196468,24.9
081018,Salemi,1,0,51,304531,4196553,24.9
081018,Salemi,1,0,52,305414,4196346,24.9
081018,Salemi,1,0,53,306215,4196632,24.9
081018,Salemi,1,0,54,306639,4197072,24.9
081018,Salemi,1,0,55,307002,4196951,24.9
081018,Salemi,1,0,56,307441,4196199,24.9
081019,Santa Ninfa,0,0,0,312114,4186742,25.9
081019,Santa Ninfa,0,0,1,311545,4186914,25.9
081019,Santa Ninfa,0,0,2,312151,4187514,25.9
081019,Santa Ninfa,0,0,3,312099,4187164,25.9
081019,Santa Ninfa,0,0,4,312114,4186742,25.9
081019,Santa Ninfa,1,0,0,312607,4187916,25.9
081019,Santa Ninfa,1,0,1,312436,4187916,25.9
081019,Santa Ninfa,1,0,2,312855,4188111,25.9
081019,Santa Ninfa,1,0,3,312607,4187916,25.9
081019,Santa Ninfa,2,0,0,312606,4186141,25.9
081019,Santa Ninfa,2,0,1,313703,4185903,25.9
081019,Santa Ninfa,2,0,2,313562,4185976,25.9
081019,Santa Ninfa,2,0,3,313458,4185987,25.9
081019,Santa Ninfa,2,0,4,313171,4186517,25.9
081019,Santa Ninfa,2,0,5,312630,4187921,25.9
081019,Santa Ninfa,2,0,6,313126,4188205,25.9
081019,Santa Ninfa,2,0,7,313344,4188086,25.9
081019,Santa Ninfa,2,0,8,315338,4188719,25.9
081019,Santa Ninfa,2,0,9,315144,4188524,25.9
081019,Santa Ninfa,2,0,10,315203,4187830,25.9
081019,Santa Ninfa,2,0,11,315737,4185659,25.9
081019,Santa Ninfa,2,0,12,317246,4183799,25.9
081019,Santa Ninfa,2,0,13,317659,4182565,25.9
081019,Santa Ninfa,2,0,14,317700,4181986,25.9
081019,Santa Ninfa,2,0,15,317432,4181824,25.9
081019,Santa Ninfa,2,0,16,316754,4182013,25.9
081019,Santa Ninfa,2,0,17,315899,4181797,25.9
081019,Santa Ninfa,2,0,18,315331,4181221,25.9
081019,Santa Ninfa,2,0,19,313548,4180439,25.9
081019,Santa Ninfa,2,0,20,313053,4179532,25.9
081019,Santa Ninfa,2,0,21,312764,4179839,25.9
081019,Santa Ninfa,2,0,22,312020,4182184,25.9
081019,Santa Ninfa,2,0,23,310784,4181109,25.9
081019,Santa Ninfa,2,0,24,309589,4178702,25.9
081019,Santa Ninfa,2,0,25,309205,4179394,25.9
081019,Santa Ninfa,2,0,26,308028,4179900,25.9
081019,Santa Ninfa,2,0,27,306195,4180123,25.9
081019,Santa Ninfa,2,0,28,305808,4180020,25.9
081019,Santa Ninfa,2,0,29,305779,4179636,25.9
081019,Santa Ninfa,2,0,30,305474,4179421,25.9
081019,Santa Ninfa,2,0,31,304745,4179415,25.9
081019,Santa Ninfa,2,0,32,304175,4179465,25.9
081019,Santa Ninfa,2,0,33,303898,4179971,25.9
081019,Santa Ninfa,2,0,34,303928,4180285,25.9
081019,Santa Ninfa,2,0,35,303640,4180591,25.9
081019,Santa Ninfa,2,0,36,303282,4180718,25.9
081019,Santa Ninfa,2,0,37,302827,4180236,25.9
081019,Santa Ninfa,2,0,38,302836,4180603,25.9
081019,Santa Ninfa,2,0,39,303271,4181232,25.9
081019,Santa Ninfa,2,0,40,305772,4182631,25.9
081019,Santa Ninfa,2,0,41,307160,4184099,25.9
081019,Santa Ninfa,2,0,42,308122,4184400,25.9
081019,Santa Ninfa,2,0,43,308886,4184888,25.9
081019,Santa Ninfa,2,0,44,311007,4184960,25.9
081019,Santa Ninfa,2,0,45,310800,4185349,25.9
081019,Santa Ninfa,2,0,46,311193,4185861,25.9
081019,Santa Ninfa,2,0,47,311454,4185955,25.9
081019,Santa Ninfa,2,0,48,312325,4185883,25.9
081019,Santa Ninfa,2,0,49,312606,4186141,25.9
081019,Santa Ninfa,2,1,0,314311,4187894,25.9
081019,Santa Ninfa,2,1,1,314200,4188027,25.9
081019,Santa Ninfa,2,1,2,313926,4187958,25.9
081019,Santa Ninfa,2,1,3,314021,4187817,25.9
081019,Santa Ninfa,2,1,4,314311,4187894,25.9
081020,San Vito Lo Capo,0,0,0,301599,4229123,25.7
081020,San Vito Lo Capo,0,0,1,301337,4228222,25.7
081020,San Vito Lo Capo,0,0,2,301915,4227746,25.7
081020,San Vito Lo Capo,0,0,3,304331,4228172,25.7
081020,San Vito Lo Capo,0,0,4,304625,4227866,25.7
081020,San Vito Lo Capo,0,0,5,304796,4226949,25.7
081020,San Vito Lo Capo,0,0,6,304413,4226400,25.7
081020,San Vito Lo Capo,0,0,7,304472,4225302,25.7
081020,San Vito Lo Capo,0,0,8,304706,4224854,25.7
081020,San Vito Lo Capo,0,0,9,305447,4224836,25.7
081020,San Vito Lo Capo,0,0,10,306390,4223071,25.7
081020,San Vito Lo Capo,0,0,11,306238,4222150,25.7
081020,San Vito Lo Capo,0,0,12,306259,4220539,25.7
081020,San Vito Lo Capo,0,0,13,307462,4218463,25.7
081020,San Vito Lo Capo,0,0,14,307491,4218090,25.7
081020,San Vito Lo Capo,0,0,15,308009,4217098,25.7
081020,San Vito Lo Capo,0,0,16,307413,4217272,25.7
081020,San Vito Lo Capo,0,0,17,307060,4217205,25.7
081020,San Vito Lo Capo,0,0,18,306556,4216757,25.7
081020,San Vito Lo Capo,0,0,19,306779,4214553,25.7
081020,San Vito Lo Capo,0,0,20,306345,4214754,25.7
081020,San Vito Lo Capo,0,0,21,306065,4215469,25.7
081020,San Vito Lo Capo,0,0,22,305585,4215992,25.7
081020,San Vito Lo Capo,0,0,23,304562,4216408,25.7
081020,San Vito Lo Capo,0,0,24,303578,4216581,25.7
081020,San Vito Lo Capo,0,0,25,303019,4217005,25.7
081020,San Vito Lo Capo,0,0,26,303115,4217505,25.7
081020,San Vito Lo Capo,0,0,27,302735,4218242,25.7
081020,San Vito Lo Capo,0,0,28,301893,4218496,25.7
081020,San Vito Lo Capo,0,0,29,300390,4219927,25.7
081020,San Vito Lo Capo,0,0,30,299335,4220466,25.7
081020,San Vito Lo Capo,0,0,31,300355,4221698,25.7
081020,San Vito Lo Capo,0,0,32,300918,4222143,25.7
081020,San Vito Lo Capo,0,0,33,300721,4222654,25.7
081020,San Vito Lo Capo,0,0,34,301717,4223696,25.7
081020,San Vito Lo Capo,0,0,35,299923,4227461,25.7
081020,San Vito Lo Capo,0,0,36,299914,4227929,25.7
081020,San Vito Lo Capo,0,0,37,300106,4228351,25.7
081020,San Vito Lo Capo,0,0,38,301301,4229282,25.7
081020,San Vito Lo Capo,0,0,39,301554,4229268,25.7
081020,San Vito Lo Capo,0,0,40,301599,4229123,25.7
081021,Trapani,0,0,0,296287,4203841,24.2
081021,Trapani,0,0,1,299498,4203582,24.2
081021,Trapani,0,0,2,300929,4202793,24.2
081021,Trapani,0,0,3,303966,4201877,24.2
081021,Trapani,0,0,4,305280,4201907,24.2
081021,Trapani,0,0,5,305802,4201195,24.2
081021,Trapani,0,0,6,305825,4199861,24.2
081021,Trapani,0,0,7,305540,4198725,24.2
081021,Trapani,0,0,8,305981,4198005,24.2
081021,Trapani,0,0,9,306338,4197754,24.2
081021,Trapani,0,0,10,306639,4197072,24.2
081021,Trapani,0,0,11,306215,4196632,24.2
081021,Trapani,0,0,12,305624,4196397,24.2
081021,Trapani,0,0,13,305259,4196319,24.2
081021,Trapani,0,0,14,304531,4196553,24.2
081021,Trapani,0,0,15,303245,4196468,24.2
081021,Trapani,0,0,16,301180,4195529,24.2
081021,Trapani,0,0,17,299841,4193844,24.2
081021,Trapani,0,0,18,299443,4193942,24.2
081021,Trapani,0,0,19,298507,4194899,24.2
081021,Trapani,0,0,20,298184,4194796,24.2
081021,Trapani,0,0,21,297076,4193230,24.2
081021,Trapani,0,0,22,297557,4192482,24.2
081021,Trapani,0,0,23,297555,4191191,24.2
081021,Trapani,0,0,24,296256,4191091,24.2
081021,Trapani,0,0,25,294929,4191221,24.2
081021,Trapani,0,0,26,294644,4190892,24.2
081021,Trapani,0,0,27,293976,4190874,24.2
081021,Trapani,0,0,28,293830,4190695,24.2
081021,Trapani,0,0,29,291424,4190718,24.2
081021,Trapani,0,0,30,291341,4191196,24.2
081021,Trapani,0,0,31,290357,4191310,24.2
081021,Trapani,0,0,32,289743,4192388,24.2
081021,Trapani,0,0,33,289879,4192639,24.2
081021,Trapani,0,0,34,290288,4192718,24.2
081021,Trapani,0,0,35,291285,4193362,24.2
081021,Trapani,0,0,36,290688,4193923,24.2
081021,Trapani,0,0,37,289450,4194268,24.2
081021,Trapani,0,0,38,289211,4194101,24.2
081021,Trapani,0,0,39,289190,4194362,24.2
081021,Trapani,0,0,40,290042,4195207,24.2
081021,Trapani,0,0,41,290318,4196302,24.2
081021,Trapani,0,0,42,290095,4196744,24.2
081021,Trapani,0,0,43,290403,4196730,24.2
081021,Trapani,0,0,44,290928,4197462,24.2
081021,Trapani,0,0,45,292139,4198032,24.2
081021,Trapani,0,0,46,292455,4198885,24.2
081021,Trapani,0,0,47,292295,4199263,24.2
081021,Trapani,0,0,48,290257,4200742,24.2
081021,Trapani,0,0,49,290092,4201090,24.2
081021,Trapani,0,0,50,291065,4201659,24.2
081021,Trapani,0,0,51,293312,4203650,24.2
081021,Trapani,0,0,52,295051,4203859,24.2
081021,Trapani,0,0,53,295132,4204210,24.2
081021,Trapani,0,0,54,296287,4203841,24.2
081021,Trapani,1,0,0,280187,4210117,24.2
081021,Trapani,1,0,1,280290,4209795,24.2
081021,Trapani,1,0,2,280278,4209330,24.2
081021,Trapani,1,0,3,280201,4210016,24.2
081021,Trapani,1,0,4,280011,4210062,24.2
081021,Trapani,1,0,5,280187,4210117,24.2
081021,Trapani,2,0,0,279541,4210211,24.2
081021,Trapani,2,0,1,279511,4210158,24.2
081021,Trapani,2,0,2,279471,4210206,24.2
081021,Trapani,2,0,3,279541,4210211,24.2
081021,Trapani,3,0,0,283525,4212520,24.2
081021,Trapani,3,0,1,284406,4211174,24.2
081021,Trapani,3,0,2,284615,4210568,24.2
081021,Trapani,3,0,3,287620,4209979,24.2
081021,Trapani,3,0,4,289008,4208856,24.2
081021,Trapani,3,0,5,291337,4207957,24.2
081021,Trapani,3,0,6,292576,4206812,24.2
081021,Trapani,3,0,7,292310,4206184,24.2
081021,Trapani,3,0,8,291615,4206232,24.2
081021,Trapani,3,0,9,290547,4204965,24.2
081021,Trapani,3,0,10,290542,4204722,24.2
081021,Trapani,3,0,11,290270,4204554,24.2
081021,Trapani,3,0,12,289747,4204724,24.2
081021,Trapani,3,0,13,287332,4207265,24.2
081021,Trapani,3,0,14,286876,4207165,24.2
081021,Trapani,3,0,15,285979,4207366,24.2
081021,Trapani,3,0,16,285998,4207817,24.2
081021,Trapani,3,0,17,285565,4208162,24.2
081021,Trapani,3,0,18,284088,4207030,24.2
081021,Trapani,3,0,19,281792,4208160,24.2
081021,Trapani,3,0,20,281053,4208090,24.2
081021,Trapani,3,0,21,281435,4209848,24.2
081021,Trapani,3,0,22,282263,4209749,24.2
081021,Trapani,3,0,23,282281,4210255,24.2
081021,Trapani,3,0,24,280265,4210316,24.2
081021,Trapani,3,0,25,279899,4210537,24.2
081021,Trapani,3,0,26,280501,4210757,24.2
081021,Trapani,3,0,27,281427,4210666,24.2
081021,Trapani,3,0,28,282388,4211273,24.2
081021,Trapani,3,0,29,282946,4211842,24.2
081021,Trapani,3,0,30,283047,4212181,24.2
081021,Trapani,3,0,31,283525,4212520,24.2
081022,Valderice,0,0,0,293438,4217155,26.5
081022,Valderice,0,0,1,294010,4216029,26.5
081022,Valderice,0,0,2,294855,4214863,26.5
081022,Valderice,0,0,3,295608,4214149,26.5
081022,Valderice,0,0,4,295807,4213518,26.5
081022,Valderice,0,0,5,295491,4213555,26.5
081022,Valderice,0,0,6,295381,4212963,26.5
081022,Valderice,0,0,7,296694,4212986,26.5
081022,Valderice,0,0,8,296778,4212694,26.5
081022,Valderice,0,0,9,297007,4211083,26.5
081022,Valderice,0,0,10,296458,4210974,26.5
081022,Valderice,0,0,11,295769,4211307,26.5
081022,Valderice,0,0,12,295662,4210759,26.5
081022,Valderice,0,0,13,295089,4209806,26.5
081022,Valderice,0,0,14,295035,4208708,26.5
081022,Valderice,0,0,15,296888,4208102,26.5
081022,Valderice,0,0,16,296806,4207351,26.5
081022,Valderice,0,0,17,296473,4206700,26.5
081022,Valderice,0,0,18,296152,4207151,26.5
081022,Valderice,0,0,19,293507,4207405,26.5
081022,Valderice,0,0,20,293030,4207721,26.5
081022,Valderice,0,0,21,292837,4208304,26.5
081022,Valderice,0,0,22,291676,4208340,26.5
081022,Valderice,0,0,23,291202,4209842,26.5
081022,Valderice,0,0,24,290549,4209888,26.5
081022,Valderice,0,0,25,289524,4209610,26.5
081022,Valderice,0,0,26,289148,4211005,26.5
081022,Valderice,0,0,27,288185,4211154,26.5
081022,Valderice,0,0,28,288269,4211959,26.5
081022,Valderice,0,0,29,288876,4212428,26.5
081022,Valderice,0,0,30,289056,4212183,26.5
081022,Valderice,0,0,31,289677,4213094,26.5
081022,Valderice,0,0,32,289350,4214015,26.5
081022,Valderice,0,0,33,289366,4214694,26.5
081022,Valderice,0,0,34,288768,4215100,26.5
081022,Valderice,0,0,35,288508,4215923,26.5
081022,Valderice,0,0,36,289471,4215760,26.5
081022,Valderice,0,0,37,290617,4215924,26.5
081022,Valderice,0,0,38,292150,4216434,26.5
081022,Valderice,0,0,39,293438,4217155,26.5
081023,Vita,0,0,0,308274,4194388,25.1
081023,Vita,0,0,1,308467,4194056,25.1
081023,Vita,0,0,2,309095,4193694,25.1
081023,Vita,0,0,3,310170,4193798,25.1
081023,Vita,0,0,4,310461,4194208,25.1
081023,Vita,0,0,5,310728,4194197,25.1
081023,Vita,0,0,6,311913,4193437,25.1
081023,Vita,0,0,7,311511,4191368,25.1
081023,Vita,0,0,8,311137,4190824,25.1
081023,Vita,0,0,9,311332,4190113,25.1
081023,Vita,0,0,10,310668,4190773,25.1
081023,Vita,0,0,11,309886,4192170,25.1
081023,Vita,0,0,12,309586,4192367,25.1
081023,Vita,0,0,13,307238,4192537,25.1
081023,Vita,0,0,14,307550,4193484,25.1
081023,Vita,0,0,15,307663,4194586,25.1
081023,Vita,0,0,16,308274,4194388,25.1
081024,Petrosino,0,0,0,276986,4178960,18.0
081024,Petrosino,0,0,1,277028,4178908,18.0
081024,Petrosino,0,0,2,276949,4178968,18.0
081024,Petrosino,0,0,3,276986,4178960,18.0
081024,Petrosino,1,0,0,288875,4177172,18.0
081024,Petrosino,1,0,1,288213,4176441,18.0
081024,Petrosino,1,0,2,287378,4175971,18.0
081024,Petrosino,1,0,3,285518,4177537,18.0
081024,Petrosino,1,0,4,283882,4175406,18.0
081024,Petrosino,1,0,5,283637,4175649,18.0
081024,Petrosino,1,0,6,282852,4174576,18.0
081024,Petrosino,1,0,7,282685,4174244,18.0
081024,Petrosino,1,0,8,282737,4173937,18.0
081024,Petrosino,1,0,9,282464,4173510,18.0
081024,Petrosino,1,0,10,282095,4173017,18.0
081024,Petrosino,1,0,11,281923,4173146,18.0
081024,Petrosino,1,0,12,281574,4172672,18.0
081024,Petrosino,1,0,13,281757,4172218,18.0
081024,Petrosino,1,0,14,281074,4171248,18.0
081024,Petrosino,1,0,15,281016,4171631,18.0
081024,Petrosino,1,0,16,279637,4172654,18.0
081024,Petrosino,1,0,17,278680,4174393,18.0
081024,Petrosino,1,0,18,277546,4175339,18.0
081024,Petrosino,1,0,19,277007,4176086,18.0
081024,Petrosino,1,0,20,277164,4177242,18.0
081024,Petrosino,1,0,21,276961,4177825,18.0
081024,Petrosino,1,0,22,277270,4179497,18.0
081024,Petrosino,1,0,23,277561,4179257,18.0
081024,Petrosino,1,0,24,277841,4179259,18.0
081024,Petrosino,1,0,25,279177,4179698,18.0
081024,Petrosino,1,0,26,281724,4176973,18.0
081024,Petrosino,1,0,27,285273,4180189,18.0
081024,Petrosino,1,0,28,285903,4179894,18.0
081024,Petrosino,1,0,29,288875,4177172,18.0
081025,Misiliscemi,0,0,0,283779,4205407,
081025,Misiliscemi,0,0,1,284307,4205016,
081025,Misiliscemi,0,0,2,284760,4204266,
081025,Misiliscemi,0,0,3,285507,4203561,
081025,Misiliscemi,0,0,4,287500,4202889,
081025,Misiliscemi,0,0,5,287921,4202423,
081025,Misiliscemi,0,0,6,289543,4199053,
081025,Misiliscemi,0,0,7,289151,4198936,
081025,Misiliscemi,0,0,8,289192,4197300,
081025,Misiliscemi,0,0,9,290142,4196728,
081025,Misiliscemi,0,0,10,290292,4196447,
081025,Misiliscemi,0,0,11,290042,4195207,
081025,Misiliscemi,0,0,12,289280,4194589,
081025,Misiliscemi,0,0,13,289211,4194101,
081025,Misiliscemi,0,0,14,288829,4193653,
081025,Misiliscemi,0,0,15,287789,4192934,
081025,Misiliscemi,0,0,16,286699,4192673,
081025,Misiliscemi,0,0,17,286448,4192802,
081025,Misiliscemi,0,0,18,284340,4195346,
081025,Misiliscemi,0,0,19,281536,4195709,
081025,Misiliscemi,0,0,20,280987,4196108,
081025,Misiliscemi,0,0,21,280475,4197046,
081025,Misiliscemi,0,0,22,278654,4198222,
081025,Misiliscemi,0,0,23,279047,4199190,
081025,Misiliscemi,0,0,24,278848,4200183,
081025,Misiliscemi,0,0,25,279110,4200644,
081025,Misiliscemi,0,0,26,279508,4200717,
081025,Misiliscemi,0,0,27,279667,4201025,
081025,Misiliscemi,0,0,28,279470,4201522,
081025,Misiliscemi,0,0,29,278477,4201250,
081025,Misiliscemi,0,0,30,279783,4203534,
081025,Misiliscemi,0,0,31,280259,4205003,
081025,Misiliscemi,0,0,32,280762,4204840,
081025,Misiliscemi,0,0,33,281758,4205006,
081025,Misiliscemi,0,0,34,282515,4205412,
081025,Misiliscemi,0,0,35,283779,4205407,
082001,Alia,0,0,0,389284,4183644,17.4
082001,Alia,0,0,1,390223,4182471,17.4
082001,Alia,0,0,2,390170,4182182,17.4
082001,Alia,0,0,3,390465,4181647,17.4
082001,Alia,0,0,4,392405,4181680,17.4
082001,Alia,0,0,5,393308,4181968,17.4
082001,Alia,0,0,6,393746,4181682,17.4
082001,Alia,0,0,7,393590,4181311,17.4
082001,Alia,0,0,8,393252,4181401,17.4
082001,Alia,0,0,9,392142,4181173,17.4
082001,Alia,0,0,10,391006,4180715,17.4
082001,Alia,0,0,11,390928,4180537,17.4
082001,Alia,0,0,12,392408,4179797,17.4
082001,Alia,0,0,13,392336,4179242,17.4
082001,Alia,0,0,14,389207,4174621,17.4
082001,Alia,0,0,15,388273,4175678,17.4
082001,Alia,0,0,16,387837,4175615,17.4
082001,Alia,0,0,17,387581,4175857,17.4
082001,Alia,0,0,18,387620,4176791,17.4
082001,Alia,0,0,19,387085,4177744,17.4
082001,Alia,0,0,20,386996,4178795,17.4
082001,Alia,0,0,21,385439,4180711,17.4
082001,Alia,0,0,22,385242,4180874,17.4
082001,Alia,0,0,23,384144,4180917,17.4
082001,Alia,0,0,24,382506,4181512,17.4
082001,Alia,0,0,25,382794,4182072,17.4
082001,Alia,0,0,26,383157,4182332,17.4
082001,Alia,0,0,27,383113,4183062,17.4
082001,Alia,0,0,28,384392,4182783,17.4
082001,Alia,0,0,29,386035,4182984,17.4
082001,Alia,0,0,30,387234,4183828,17.4
082001,Alia,0,0,31,387644,4184836,17.4
082001,Alia,0,0,32,388198,4185450,17.4
082001,Alia,0,0,33,389101,4184571,17.4
082001,Alia,0,0,34,389284,4183644,17.4
082002,Alimena,0,0,0,425603,4176935,20.8
082002,Alimena,0,0,1,426661,4176583,20.8
082002,Alimena,0,0,2,426860,4176133,20.8
082002,Alimena,0,0,3,426742,4175354,20.8
082002,Alimena,0,0,4,426879,4174433,20.8
082002,Alimena,0,0,5,427299,4173850,20.8
082002,Alimena,0,0,6,425839,4172745,20.8
082002,Alimena,0,0,7,425412,4172857,20.8
082002,Alimena,0,0,8,422898,4172653,20.8
082002,Alimena,0,0,9,422657,4172476,20.8
082002,Alimena,0,0,10,422589,4172022,20.8
082002,Alimena,0,0,11,422803,4171494,20.8
082002,Alimena,0,0,12,424091,4170214,20.8
082002,Alimena,0,0,13,424404,4169471,20.8
082002,Alimena,0,0,14,424669,4169246,20.8
082002,Alimena,0,0,15,425175,4169171,20.8
082002,Alimena,0,0,16,425175,4168737,20.8
082002,Alimena,0,0,17,424611,4168050,20.8
082002,Alimena,0,0,18,424725,4166583,20.8
082002,Alimena,0,0,19,424065,4165560,20.8
082002,Alimena,0,0,20,425347,4164851,20.8
082002,Alimena,0,0,21,424668,4164023,20.8
082002,Alimena,0,0,22,423665,4163641,20.8
082002,Alimena,0,0,23,423379,4163082,20.8
082002,Alimena,0,0,24,422694,4163090,20.8
082002,Alimena,0,0,25,422556,4164811,20.8
082002,Alimena,0,0,26,422374,4165030,20.8
082002,Alimena,0,0,27,421885,4165244,20.8
082002,Alimena,0,0,28,421411,4164762,20.8
082002,Alimena,0,0,29,420710,4164810,20.8
082002,Alimena,0,0,30,419963,4165656,20.8
082002,Alimena,0,0,31,419431,4165696,20.8
082002,Alimena,0,0,32,418667,4166739,20.8
082002,Alimena,0,0,33,418912,4167323,20.8
082002,Alimena,0,0,34,419595,4167063,20.8
082002,Alimena,0,0,35,420705,4167534,20.8
082002,Alimena,0,0,36,421276,4167989,20.8
082002,Alimena,0,0,37,420492,4168566,20.8
082002,Alimena,0,0,38,419826,4168417,20.8
082002,Alimena,0,0,39,417900,4168778,20.8
082002,Alimena,0,0,40,417351,4169002,20.8
082002,Alimena,0,0,41,416769,4169819,20.8
082002,Alimena,0,0,42,417336,4170157,20.8
082002,Alimena,0,0,43,418416,4170359,20.8
082002,Alimena,0,0,44,418958,4170259,20.8
082002,Alimena,0,0,45,419754,4170771,20.8
082002,Alimena,0,0,46,421193,4171174,20.8
082002,Alimena,0,0,47,421349,4171763,20.8
082002,Alimena,0,0,48,420757,4172495,20.8
082002,Alimena,0,0,49,420365,4173949,20.8
082002,Alimena,0,0,50,421020,4175398,20.8
082002,Alimena,0,0,51,421798,4176180,20.8
082002,Alimena,0,0,52,422466,4175890,20.8
082002,Alimena,0,0,53,422452,4175406,20.8
082002,Alimena,0,0,54,422912,4175254,20.8
082002,Alimena,0,0,55,423352,4175500,20.8
082002,Alimena,0,0,56,423654,4175372,20.8
082002,Alimena,0,0,57,425127,4176739,20.8
082002,Alimena,0,0,58,425603,4176935,20.8
082003,Aliminusa,0,0,0,391130,4193100,18.6
082003,Aliminusa,0,0,1,393283,4192064,18.6
082003,Aliminusa,0,0,2,394238,4191206,18.6
082003,Aliminusa,0,0,3,395747,4190850,18.6
082003,Aliminusa,0,0,4,395089,4189430,18.6
082003,Aliminusa,0,0,5,394615,4188987,18.6
082003,Aliminusa,0,0,6,394260,4188315,18.6
082003,Aliminusa,0,0,7,393399,4188296,18.6
082003,Aliminusa,0,0,8,392404,4189939,18.6
082003,Aliminusa,0,0,9,390575,4191964,18.6
082003,Aliminusa,0,0,10,390354,4191908,18.6
082003,Aliminusa,0,0,11,390127,4193216,18.6
082003,Aliminusa,0,0,12,390214,4194694,18.6
082003,Aliminusa,0,0,13,391135,4194180,18.6
082003,Aliminusa,0,0,14,390983,4193838,18.6
082003,Aliminusa,0,0,15,391130,4193100,18.6
082004,Altavilla Milicia,0,0,0,374097,4211209,23.2
082004,Altavilla Milicia,0,0,1,377453,4209373,23.2
082004,Altavilla Milicia,0,0,2,377802,4209020,23.2
082004,Altavilla Milicia,0,0,3,377326,4208632,23.2
082004,Altavilla Milicia,0,0,4,377266,4207586,23.2
082004,Altavilla Milicia,0,0,5,376795,4207072,23.2
082004,Altavilla Milicia,0,0,6,375418,4206328,23.2
082004,Altavilla Milicia,0,0,7,375035,4205612,23.2
082004,Altavilla Milicia,0,0,8,374388,4205198,23.2
082004,Altavilla Milicia,0,0,9,373793,4205572,23.2
082004,Altavilla Milicia,0,0,10,373027,4206778,23.2
082004,Altavilla Milicia,0,0,11,372826,4208444,23.2
082004,Altavilla Milicia,0,0,12,372949,4209837,23.2
082004,Altavilla Milicia,0,0,13,372308,4209235,23.2
082004,Altavilla Milicia,0,0,14,372256,4208736,23.2
082004,Altavilla Milicia,0,0,15,371776,4208522,23.2
082004,Altavilla Milicia,0,0,16,371170,4208897,23.2
082004,Altavilla Milicia,0,0,17,370874,4209592,23.2
082004,Altavilla Milicia,0,0,18,372100,4210674,23.2
082004,Altavilla Milicia,0,0,19,372209,4211506,23.2
082004,Altavilla Milicia,0,0,20,372535,4212294,23.2
082004,Altavilla Milicia,0,0,21,372879,4212559,23.2
082004,Altavilla Milicia,0,0,22,374097,4211209,23.2
082005,Altofonte,0,0,0,350899,4214466,24.1
082005,Altofonte,0,0,1,352116,4213837,24.1
082005,Altofonte,0,0,2,352429,4213454,24.1
082005,Altofonte,0,0,3,352132,4213195,24.1
082005,Altofonte,0,0,4,352162,4213044,24.1
082005,Altofonte,0,0,5,352840,4212741,24.1
082005,Altofonte,0,0,6,355165,4213975,24.1
082005,Altofonte,0,0,7,355397,4213571,24.1
082005,Altofonte,0,0,8,355887,4210505,24.1
082005,Altofonte,0,0,9,355829,4209897,24.1
082005,Altofonte,0,0,10,355485,4209446,24.1
082005,Altofonte,0,0,11,354826,4206970,24.1
082005,Altofonte,0,0,12,354021,4206224,24.1
082005,Altofonte,0,0,13,353119,4207160,24.1
082005,Altofonte,0,0,14,352094,4207834,24.1
082005,Altofonte,0,0,15,352270,4208126,24.1
082005,Altofonte,0,0,16,352371,4209176,24.1
082005,Altofonte,0,0,17,351856,4210120,24.1
082005,Altofonte,0,0,18,350961,4210223,24.1
082005,Altofonte,0,0,19,350749,4209591,24.1
082005,Altofonte,0,0,20,350174,4209342,24.1
082005,Altofonte,0,0,21,348831,4209958,24.1
082005,Altofonte,0,0,22,348452,4210427,24.1
082005,Altofonte,0,0,23,348224,4211478,24.1
082005,Altofonte,0,0,24,348269,4212900,24.1
082005,Altofonte,0,0,25,349480,4212975,24.1
082005,Altofonte,0,0,26,350626,4213706,24.1
082005,Altofonte,0,0,27,350873,4214081,24.1
082005,Altofonte,0,0,28,350899,4214466,24.1
082006,Bagheria,0,0,0,369345,4220108,18.1
082006,Bagheria,0,0,1,371083,4219154,18.1
082006,Bagheria,0,0,2,371372,4219175,18.1
082006,Bagheria,0,0,3,371049,4217511,18.1
082006,Bagheria,0,0,4,369993,4216377,18.1
082006,Bagheria,0,0,5,369919,4214144,18.1
082006,Bagheria,0,0,6,368113,4211433,18.1
082006,Bagheria,0,0,7,367060,4210887,18.1
082006,Bagheria,0,0,8,365669,4210922,18.1
082006,Bagheria,0,0,9,365315,4211562,18.1
082006,Bagheria,0,0,10,365369,4212260,18.1
082006,Bagheria,0,0,11,365839,4213727,18.1
082006,Bagheria,0,0,12,366422,4214888,18.1
082006,Bagheria,0,0,13,366344,4216680,18.1
082006,Bagheria,0,0,14,366746,4217504,18.1
082006,Bagheria,0,0,15,366806,4218001,18.1
082006,Bagheria,0,0,16,368879,4218821,18.1
082006,Bagheria,0,0,17,369068,4219962,18.1
082006,Bagheria,0,0,18,369345,4220108,18.1
082007,Balestrate,0,0,0,327441,4214071,19.2
082007,Balestrate,0,0,1,326075,4212122,19.2
082007,Balestrate,0,0,2,325007,4211409,19.2
082007,Balestrate,0,0,3,324693,4211494,19.2
082007,Balestrate,0,0,4,324512,4211764,19.2
082007,Balestrate,0,0,5,323786,4211939,19.2
082007,Balestrate,0,0,6,323035,4211702,19.2
082007,Balestrate,0,0,7,322487,4212217,19.2
082007,Balestrate,0,0,8,324260,4213010,19.2
082007,Balestrate,0,0,9,324978,4213655,19.2
082007,Balestrate,0,0,10,326888,4214525,19.2
082007,Balestrate,0,0,11,327012,4214261,19.2
082007,Balestrate,0,0,12,327627,4214951,19.2
082007,Balestrate,0,0,13,327817,4214365,19.2
082007,Balestrate,0,0,14,327441,4214071,19.2
082008,Baucina,0,0,0,374104,4201914,18.4
082008,Baucina,0,0,1,374593,4200558,18.4
082008,Baucina,0,0,2,373657,4199880,18.4
082008,Baucina,0,0,3,373006,4198946,18.4
082008,Baucina,0,0,4,372905,4197875,18.4
082008,Baucina,0,0,5,371628,4196910,18.4
082008,Baucina,0,0,6,371550,4196214,18.4
082008,Baucina,0,0,7,370203,4196001,18.4
082008,Baucina,0,0,8,369745,4197025,18.4
082008,Baucina,0,0,9,369666,4197628,18.4
082008,Baucina,0,0,10,368189,4199248,18.4
082008,Baucina,0,0,11,368424,4199979,18.4
082008,Baucina,0,0,12,368675,4199989,18.4
082008,Baucina,0,0,13,369172,4200435,18.4
082008,Baucina,0,0,14,369111,4201157,18.4
082008,Baucina,0,0,15,370344,4201280,18.4
082008,Baucina,0,0,16,370166,4202580,18.4
082008,Baucina,0,0,17,372853,4202266,18.4
082008,Baucina,0,0,18,373336,4202427,18.4
082008,Baucina,0,0,19,373434,4202718,18.4
082008,Baucina,0,0,20,374104,4201914,18.4
082009,Belmonte Mezzagno,0,0,0,357316,4214791,19.2
082009,Belmonte Mezzagno,0,0,1,359095,4214426,19.2
082009,Belmonte Mezzagno,0,0,2,359841,4213735,19.2
082009,Belmonte Mezzagno,0,0,3,360439,4213545,19.2
082009,Belmonte Mezzagno,0,0,4,361377,4213615,19.2
082009,Belmonte Mezzagno,0,0,5,361871,4213836,19.2
082009,Belmonte Mezzagno,0,0,6,362052,4213366,19.2
082009,Belmonte Mezzagno,0,0,7,362017,4212854,19.2
082009,Belmonte Mezzagno,0,0,8,360841,4212005,19.2
082009,Belmonte Mezzagno,0,0,9,361197,4211148,19.2
082009,Belmonte Mezzagno,0,0,10,361264,4210757,19.2
082009,Belmonte Mezzagno,0,0,11,361131,4210494,19.2
082009,Belmonte Mezzagno,0,0,12,360828,4210127,19.2
082009,Belmonte Mezzagno,0,0,13,360092,4209868,19.2
082009,Belmonte Mezzagno,0,0,14,359084,4209111,19.2
082009,Belmonte Mezzagno,0,0,15,358610,4208270,19.2
082009,Belmonte Mezzagno,0,0,16,358663,4208036,19.2
082009,Belmonte Mezzagno,0,0,17,358340,4207320,19.2
082009,Belmonte Mezzagno,0,0,18,357927,4207505,19.2
082009,Belmonte Mezzagno,0,0,19,355829,4209897,19.2
082009,Belmonte Mezzagno,0,0,20,355887,4210505,19.2
082009,Belmonte Mezzagno,0,0,21,355567,4212707,19.2
082009,Belmonte Mezzagno,0,0,22,355165,4213975,19.2
082009,Belmonte Mezzagno,0,0,23,356413,4214062,19.2
082009,Belmonte Mezzagno,0,0,24,356880,4214704,19.2
082009,Belmonte Mezzagno,0,0,25,357316,4214791,19.2
082010,Bisacquino,0,0,0,338253,4168113,19.8
082010,Bisacquino,0,0,1,339519,4167087,19.8
082010,Bisacquino,0,0,2,339644,4166763,19.8
082010,Bisacquino,0,0,3,337338,4165861,19.8
082010,Bisacquino,0,0,4,336353,4165928,19.8
082010,Bisacquino,0,0,5,336419,4166539,19.8
082010,Bisacquino,0,0,6,336175,4167398,19.8
082010,Bisacquino,0,0,7,336286,4167837,19.8
082010,Bisacquino,0,0,8,336691,4167724,19.8
082010,Bisacquino,0,0,9,338253,4168113,19.8
082010,Bisacquino,1,0,0,342979,4180640,19.8
082010,Bisacquino,1,0,1,344299,4180401,19.8
082010,Bisacquino,1,0,2,344469,4180140,19.8
082010,Bisacquino,1,0,3,344466,4179401,19.8
082010,Bisacquino,1,0,4,344669,4179157,19.8
082010,Bisacquino,1,0,5,345486,4179020,19.8
082010,Bisacquino,1,0,6,346089,4179270,19.8
082010,Bisacquino,1,0,7,346969,4178810,19.8
082010,Bisacquino,1,0,8,346839,4178033,19.8
082010,Bisacquino,1,0,9,347114,4177313,19.8
082010,Bisacquino,1,0,10,347661,4176593,19.8
082010,Bisacquino,1,0,11,349670,4175045,19.8
082010,Bisacquino,1,0,12,349677,4173765,19.8
082010,Bisacquino,1,0,13,350157,4173180,19.8
082010,Bisacquino,1,0,14,350435,4173038,19.8
082010,Bisacquino,1,0,15,350711,4173173,19.8
082010,Bisacquino,1,0,16,351061,4172829,19.8
082010,Bisacquino,1,0,17,351157,4172025,19.8
082010,Bisacquino,1,0,18,350502,4171786,19.8
082010,Bisacquino,1,0,19,349665,4172422,19.8
082010,Bisacquino,1,0,20,347655,4172988,19.8
082010,Bisacquino,1,0,21,347067,4172891,19.8
082010,Bisacquino,1,0,22,346002,4172416,19.8
082010,Bisacquino,1,0,23,344180,4172834,19.8
082010,Bisacquino,1,0,24,343880,4173058,19.8
082010,Bisacquino,1,0,25,343278,4174357,19.8
082010,Bisacquino,1,0,26,343317,4174767,19.8
082010,Bisacquino,1,0,27,343967,4176003,19.8
082010,Bisacquino,1,0,28,343800,4176426,19.8
082010,Bisacquino,1,0,29,343337,4176844,19.8
082010,Bisacquino,1,0,30,342616,4177005,19.8
082010,Bisacquino,1,0,31,342122,4177006,19.8
082010,Bisacquino,1,0,32,341514,4176555,19.8
082010,Bisacquino,1,0,33,340910,4176710,19.8
082010,Bisacquino,1,0,34,340505,4178005,19.8
082010,Bisacquino,1,0,35,339984,4178637,19.8
082010,Bisacquino,1,0,36,339937,4178909,19.8
082010,Bisacquino,1,0,37,340760,4179770,19.8
082010,Bisacquino,1,0,38,342384,4179758,19.8
082010,Bisacquino,1,0,39,342588,4179977,19.8
082010,Bisacquino,1,0,40,342604,4180551,19.8
082010,Bisacquino,1,0,41,342979,4180640,19.8
082010,Bisacquino,2,0,0,337647,4185751,19.8
082010,Bisacquino,2,0,1,339077,4185799,19.8
082010,Bisacquino,2,0,2,339814,4185077,19.8
082010,Bisacquino,2,0,3,339989,4184303,19.8
082010,Bisacquino,2,0,4,339835,4183475,19.8
082010,Bisacquino,2,0,5,340298,4183042,19.8
082010,Bisacquino,2,0,6,340086,4182237,19.8
082010,Bisacquino,2,0,7,339771,4181801,19.8
082010,Bisacquino,2,0,8,339317,4181743,19.8
082010,Bisacquino,2,0,9,338587,4182176,19.8
082010,Bisacquino,2,0,10,337423,4182300,19.8
082010,Bisacquino,2,0,11,336815,4182595,19.8
082010,Bisacquino,2,0,12,336249,4182917,19.8
082010,Bisacquino,2,0,13,334847,4184568,19.8
082010,Bisacquino,2,0,14,334907,4185516,19.8
082010,Bisacquino,2,0,15,335227,4185434,19.8
082010,Bisacquino,2,0,16,336475,4185628,19.8
082010,Bisacquino,2,0,17,337241,4186167,19.8
082010,Bisacquino,2,0,18,337647,4185751,19.8
082011,Bolognetta,0,0,0,368403,4207094,18.2
082011,Bolognetta,0,0,1,368798,4207244,18.2
082011,Bolognetta,0,0,2,368768,4206675,18.2
082011,Bolognetta,0,0,3,367839,4205885,18.2
082011,Bolognetta,0,0,4,367424,4204679,18.2
082011,Bolognetta,0,0,5,368685,4204587,18.2
082011,Bolognetta,0,0,6,369283,4204130,18.2
082011,Bolognetta,0,0,7,370251,4202381,18.2
082011,Bolognetta,0,0,8,370344,4201280,18.2
082011,Bolognetta,0,0,9,369111,4201157,18.2
082011,Bolognetta,0,0,10,368907,4201378,18.2
082011,Bolognetta,0,0,11,368126,4201546,18.2
082011,Bolognetta,0,0,12,367639,4201934,18.2
082011,Bolognetta,0,0,13,367465,4202647,18.2
082011,Bolognetta,0,0,14,366992,4203317,18.2
082011,Bolognetta,0,0,15,365916,4202620,18.2
082011,Bolognetta,0,0,16,364547,4201251,18.2
082011,Bolognetta,0,0,17,364021,4201196,18.2
082011,Bolognetta,0,0,18,363032,4201462,18.2
082011,Bolognetta,0,0,19,363336,4202323,18.2
082011,Bolognetta,0,0,20,362604,4203506,18.2
082011,Bolognetta,0,0,21,362723,4204418,18.2
082011,Bolognetta,0,0,22,363124,4204046,18.2
082011,Bolognetta,0,0,23,363530,4203924,18.2
082011,Bolognetta,0,0,24,364215,4204183,18.2
082011,Bolognetta,0,0,25,363866,4205364,18.2
082011,Bolognetta,0,0,26,364096,4205715,18.2
082011,Bolognetta,0,0,27,365499,4205879,18.2
082011,Bolognetta,0,0,28,365587,4206430,18.2
082011,Bolognetta,0,0,29,366308,4206908,18.2
082011,Bolognetta,0,0,30,367192,4208391,18.2
082011,Bolognetta,0,0,31,367440,4207978,18.2
082011,Bolognetta,0,0,32,368403,4207094,18.2
082012,Bompietro,0,0,0,426100,4172190,25.8
082012,Bompietro,0,0,1,427157,4172178,25.8
082012,Bompietro,0,0,2,427568,4171939,25.8
082012,Bompietro,0,0,3,427753,4171745,25.8
082012,Bompietro,0,0,4,427700,4170759,25.8
082012,Bompietro,0,0,5,427311,4170264,25.8
082012,Bompietro,0,0,6,425738,4169137,25.8
082012,Bompietro,0,0,7,425821,4168590,25.8
082012,Bompietro,0,0,8,426180,4168164,25.8
082012,Bompietro,0,0,9,426249,4166445,25.8
082012,Bompietro,0,0,10,425347,4164851,25.8
082012,Bompietro,0,0,11,424065,4165560,25.8
082012,Bompietro,0,0,12,424725,4166583,25.8
082012,Bompietro,0,0,13,424611,4168050,25.8
082012,Bompietro,0,0,14,425175,4168737,25.8
082012,Bompietro,0,0,15,425175,4169171,25.8
082012,Bompietro,0,0,16,424669,4169246,25.8
082012,Bompietro,0,0,17,424404,4169471,25.8
082012,Bompietro,0,0,18,424091,4170214,25.8
082012,Bompietro,0,0,19,422803,4171494,25.8
082012,Bompietro,0,0,20,422589,4172022,25.8
082012,Bompietro,0,0,21,422657,4172476,25.8
082012,Bompietro,0,0,22,422860,4172647,25.8
082012,Bompietro,0,0,23,425412,4172857,25.8
082012,Bompietro,0,0,24,425839,4172745,25.8
082012,Bompietro,0,0,25,426100,4172190,25.8
082012,Bompietro,1,0,0,420536,4179716,25.8
082012,Bompietro,1,0,1,423019,4177810,25.8
082012,Bompietro,1,0,2,423393,4176866,25.8
082012,Bompietro,1,0,3,423341,4175442,25.8
082012,Bompietro,1,0,4,422912,4175254,25.8
082012,Bompietro,1,0,5,422569,4175331,25.8
082012,Bompietro,1,0,6,422404,4175508,25.8
082012,Bompietro,1,0,7,422466,4175890,25.8
082012,Bompietro,1,0,8,421890,4176184,25.8
082012,Bompietro,1,0,9,421020,4175398,25.8
082012,Bompietro,1,0,10,420361,4173889,25.8
082012,Bompietro,1,0,11,420757,4172495,25.8
082012,Bompietro,1,0,12,421349,4171763,25.8
082012,Bompietro,1,0,13,421193,4171174,25.8
082012,Bompietro,1,0,14,419565,4170684,25.8
082012,Bompietro,1,0,15,419308,4171155,25.8
082012,Bompietro,1,0,16,418692,4171583,25.8
082012,Bompietro,1,0,17,418673,4171860,25.8
082012,Bompietro,1,0,18,418859,4172323,25.8
082012,Bompietro,1,0,19,419834,4172651,25.8
082012,Bompietro,1,0,20,419893,4173392,25.8
082012,Bompietro,1,0,21,419718,4173759,25.8
082012,Bompietro,1,0,22,418896,4174355,25.8
082012,Bompietro,1,0,23,417973,4174274,25.8
082012,Bompietro,1,0,24,417779,4174433,25.8
082012,Bompietro,1,0,25,417612,4176567,25.8
082012,Bompietro,1,0,26,417728,4177047,25.8
082012,Bompietro,1,0,27,417958,4177287,25.8
082012,Bompietro,1,0,28,418830,4177357,25.8
082012,Bompietro,1,0,29,419695,4178016,25.8
082012,Bompietro,1,0,30,420023,4179041,25.8
082012,Bompietro,1,0,31,420536,4179716,25.8
082013,Borgetto,0,0,0,338422,4215779,17.4
082013,Borgetto,0,0,1,339619,4215396,17.4
082013,Borgetto,0,0,2,339746,4214188,17.4
082013,Borgetto,0,0,3,340872,4213138,17.4
082013,Borgetto,0,0,4,341832,4212819,17.4
082013,Borgetto,0,0,5,342002,4211997,17.4
082013,Borgetto,0,0,6,341936,4211539,17.4
082013,Borgetto,0,0,7,341507,4211620,17.4
082013,Borgetto,0,0,8,341526,4211886,17.4
082013,Borgetto,0,0,9,341257,4212163,17.4
082013,Borgetto,0,0,10,340660,4212314,17.4
082013,Borgetto,0,0,11,339787,4211622,17.4
082013,Borgetto,0,0,12,339705,4211317,17.4
082013,Borgetto,0,0,13,340057,4211118,17.4
082013,Borgetto,0,0,14,340206,4210681,17.4
082013,Borgetto,0,0,15,339686,4209269,17.4
082013,Borgetto,0,0,16,339072,4209005,17.4
082013,Borgetto,0,0,17,338315,4209044,17.4
082013,Borgetto,0,0,18,338161,4209500,17.4
082013,Borgetto,0,0,19,336854,4209704,17.4
082013,Borgetto,0,0,20,336599,4209596,17.4
082013,Borgetto,0,0,21,336525,4208773,17.4
082013,Borgetto,0,0,22,336260,4208394,17.4
082013,Borgetto,0,0,23,335642,4209450,17.4
082013,Borgetto,0,0,24,335018,4209860,17.4
082013,Borgetto,0,0,25,335067,4210251,17.4
082013,Borgetto,0,0,26,335372,4210656,17.4
082013,Borgetto,0,0,27,336569,4211545,17.4
082013,Borgetto,0,0,28,335712,4213331,17.4
082013,Borgetto,0,0,29,335973,4213697,17.4
082013,Borgetto,0,0,30,337762,4214957,17.4
082013,Borgetto,0,0,31,337548,4215733,17.4
082013,Borgetto,0,0,32,337669,4215621,17.4
082013,Borgetto,0,0,33,338422,4215779,17.4
082014,Caccamo,0,0,0,381839,4203215,23.2
082014,Caccamo,0,0,1,382386,4201960,23.2
082014,Caccamo,0,0,2,384200,4200263,23.2
082014,Caccamo,0,0,3,384572,4200273,23.2
082014,Caccamo,0,0,4,387033,4201165,23.2
082014,Caccamo,0,0,5,388046,4200620,23.2
082014,Caccamo,0,0,6,388762,4200472,23.2
082014,Caccamo,0,0,7,387814,4197641,23.2
082014,Caccamo,0,0,8,387987,4196376,23.2
082014,Caccamo,0,0,9,388423,4195615,23.2
082014,Caccamo,0,0,10,389624,4194981,23.2
082014,Caccamo,0,0,11,389866,4195087,23.2
082014,Caccamo,0,0,12,390214,4194694,23.2
082014,Caccamo,0,0,13,390127,4193216,23.2
082014,Caccamo,0,0,14,390493,4190230,23.2
082014,Caccamo,0,0,15,390078,4189866,23.2
082014,Caccamo,0,0,16,389395,4190198,23.2
082014,Caccamo,0,0,17,387582,4190583,23.2
082014,Caccamo,0,0,18,386954,4190005,23.2
082014,Caccamo,0,0,19,386268,4188662,23.2
082014,Caccamo,0,0,20,386511,4187344,23.2
082014,Caccamo,0,0,21,386454,4186428,23.2
082014,Caccamo,0,0,22,387118,4185381,23.2
082014,Caccamo,0,0,23,387283,4184075,23.2
082014,Caccamo,0,0,24,386971,4183584,23.2
082014,Caccamo,0,0,25,385964,4182957,23.2
082014,Caccamo,0,0,26,384392,4182783,23.2
082014,Caccamo,0,0,27,383113,4183062,23.2
082014,Caccamo,0,0,28,383455,4184149,23.2
082014,Caccamo,0,0,29,383428,4186005,23.2
082014,Caccamo,0,0,30,383278,4186484,23.2
082014,Caccamo,0,0,31,382771,4186509,23.2
082014,Caccamo,0,0,32,382314,4186863,23.2
082014,Caccamo,0,0,33,383408,4188259,23.2
082014,Caccamo,0,0,34,383338,4188612,23.2
082014,Caccamo,0,0,35,382702,4188738,23.2
082014,Caccamo,0,0,36,382702,4188496,23.2
082014,Caccamo,0,0,37,382999,4188532,23.2
082014,Caccamo,0,0,38,382925,4188225,23.2
082014,Caccamo,0,0,39,382143,4187867,23.2
082014,Caccamo,0,0,40,381283,4188004,23.2
082014,Caccamo,0,0,41,380785,4187794,23.2
082014,Caccamo,0,0,42,379947,4188289,23.2
082014,Caccamo,0,0,43,379397,4188345,23.2
082014,Caccamo,0,0,44,379101,4188166,23.2
082014,Caccamo,0,0,45,379109,4188450,23.2
082014,Caccamo,0,0,46,378820,4188415,23.2
082014,Caccamo,0,0,47,378406,4188666,23.2
082014,Caccamo,0,0,48,377351,4189869,23.2
082014,Caccamo,0,0,49,376110,4190003,23.2
082014,Caccamo,0,0,50,376871,4191961,23.2
082014,Caccamo,0,0,51,377609,4192420,23.2
082014,Caccamo,0,0,52,378046,4193760,23.2
082014,Caccamo,0,0,53,377642,4195911,23.2
082014,Caccamo,0,0,54,375738,4196143,23.2
082014,Caccamo,0,0,55,375670,4198208,23.2
082014,Caccamo,0,0,56,375793,4199150,23.2
082014,Caccamo,0,0,57,374593,4200558,23.2
082014,Caccamo,0,0,58,374104,4201914,23.2
082014,Caccamo,0,0,59,376077,4203381,23.2
082014,Caccamo,0,0,60,377599,4201846,23.2
082014,Caccamo,0,0,61,378764,4202390,23.2
082014,Caccamo,0,0,62,379714,4203347,23.2
082014,Caccamo,0,0,63,380573,4203700,23.2
082014,Caccamo,0,0,64,381006,4203731,23.2
082014,Caccamo,0,0,65,381839,4203215,23.2
082014,Caccamo,0,1,0,383024,4187480,23.2
082014,Caccamo,0,1,1,383296,4187400,23.2
082014,Caccamo,0,1,2,383457,4187075,23.2
082014,Caccamo,0,1,3,383849,4187242,23.2
082014,Caccamo,0,1,4,383623,4187856,23.2
082014,Caccamo,0,1,5,383024,4187480,23.2
082015,Caltavuturo,0,0,0,402381,4191225,20.4
082015,Caltavuturo,0,0,1,404173,4189741,20.4
082015,Caltavuturo,0,0,2,405110,4188594,20.4
082015,Caltavuturo,0,0,3,405571,4188249,20.4
082015,Caltavuturo,0,0,4,407641,4187876,20.4
082015,Caltavuturo,0,0,5,408461,4187625,20.4
082015,Caltavuturo,0,0,6,408784,4187356,20.4
082015,Caltavuturo,0,0,7,409335,4186229,20.4
082015,Caltavuturo,0,0,8,409530,4185416,20.4
082015,Caltavuturo,0,0,9,409073,4183801,20.4
082015,Caltavuturo,0,0,10,409567,4182630,20.4
082015,Caltavuturo,0,0,11,409231,4181875,20.4
082015,Caltavuturo,0,0,12,407716,4181412,20.4
082015,Caltavuturo,0,0,13,407272,4180692,20.4
082015,Caltavuturo,0,0,14,407539,4180572,20.4
082015,Caltavuturo,0,0,15,407721,4179646,20.4
082015,Caltavuturo,0,0,16,406470,4178006,20.4
082015,Caltavuturo,0,0,17,405843,4177814,20.4
082015,Caltavuturo,0,0,18,405547,4176863,20.4
082015,Caltavuturo,0,0,19,405672,4176117,20.4
082015,Caltavuturo,0,0,20,405506,4175854,20.4
082015,Caltavuturo,0,0,21,404172,4175506,20.4
082015,Caltavuturo,0,0,22,403201,4176135,20.4
082015,Caltavuturo,0,0,23,402441,4175977,20.4
082015,Caltavuturo,0,0,24,401700,4175460,20.4
082015,Caltavuturo,0,0,25,400897,4173393,20.4
082015,Caltavuturo,0,0,26,400487,4176258,20.4
082015,Caltavuturo,0,0,27,401118,4177903,20.4
082015,Caltavuturo,0,0,28,401144,4179082,20.4
082015,Caltavuturo,0,0,29,401737,4179873,20.4
082015,Caltavuturo,0,0,30,401947,4180657,20.4
082015,Caltavuturo,0,0,31,401545,4181774,20.4
082015,Caltavuturo,0,0,32,401909,4183005,20.4
082015,Caltavuturo,0,0,33,401904,4184118,20.4
082015,Caltavuturo,0,0,34,401685,4184502,20.4
082015,Caltavuturo,0,0,35,400629,4185447,20.4
082015,Caltavuturo,0,0,36,400748,4186415,20.4
082015,Caltavuturo,0,0,37,400323,4187428,20.4
082015,Caltavuturo,0,0,38,399935,4189621,20.4
082015,Caltavuturo,0,0,39,400038,4190644,20.4
082015,Caltavuturo,0,0,40,400230,4190687,20.4
082015,Caltavuturo,0,0,41,400560,4191395,20.4
082015,Caltavuturo,0,0,42,401676,4191092,20.4
082015,Caltavuturo,0,0,43,402381,4191225,20.4
082016,Campofelice di Fitalia,0,0,0,371608,4189039,18.4
082016,Campofelice di Fitalia,0,0,1,371679,4187304,18.4
082016,Campofelice di Fitalia,0,0,2,372586,4186457,18.4
082016,Campofelice di Fitalia,0,0,3,372264,4185739,18.4
082016,Campofelice di Fitalia,0,0,4,371612,4184920,18.4
082016,Campofelice di Fitalia,0,0,5,371600,4183849,18.4
082016,Campofelice di Fitalia,0,0,6,371310,4183673,18.4
082016,Campofelice di Fitalia,0,0,7,370409,4183658,18.4
082016,Campofelice di Fitalia,0,0,8,369538,4184363,18.4
082016,Campofelice di Fitalia,0,0,9,368927,4183774,18.4
082016,Campofelice di Fitalia,0,0,10,367078,4183224,18.4
082016,Campofelice di Fitalia,0,0,11,366878,4183432,18.4
082016,Campofelice di Fitalia,0,0,12,366648,4183356,18.4
082016,Campofelice di Fitalia,0,0,13,365556,4183575,18.4
082016,Campofelice di Fitalia,0,0,14,364673,4184270,18.4
082016,Campofelice di Fitalia,0,0,15,363681,4184660,18.4
082016,Campofelice di Fitalia,0,0,16,363786,4185467,18.4
082016,Campofelice di Fitalia,0,0,17,364647,4187334,18.4
082016,Campofelice di Fitalia,0,0,18,364706,4187950,18.4
082016,Campofelice di Fitalia,0,0,19,365547,4187455,18.4
082016,Campofelice di Fitalia,0,0,20,366510,4188745,18.4
082016,Campofelice di Fitalia,0,0,21,367568,4189290,18.4
082016,Campofelice di Fitalia,0,0,22,368006,4189199,18.4
082016,Campofelice di Fitalia,0,0,23,368490,4188166,18.4
082016,Campofelice di Fitalia,0,0,24,370298,4187536,18.4
082016,Campofelice di Fitalia,0,0,25,371220,4188061,18.4
082016,Campofelice di Fitalia,0,0,26,371170,4188701,18.4
082016,Campofelice di Fitalia,0,0,27,371608,4189039,18.4
082017,Campofelice di Roccella,0,0,0,404602,4207673,26.4
082017,Campofelice di Roccella,0,0,1,405055,4205429,26.4
082017,Campofelice di Roccella,0,0,2,402630,4204663,26.4
082017,Campofelice di Roccella,0,0,3,401899,4204718,26.4
082017,Campofelice di Roccella,0,0,4,400761,4204099,26.4
082017,Campofelice di Roccella,0,0,5,399663,4203912,26.4
082017,Campofelice di Roccella,0,0,6,398375,4202831,26.4
082017,Campofelice di Roccella,0,0,7,396981,4203155,26.4
082017,Campofelice di Roccella,0,0,8,396634,4204558,26.4
082017,Campofelice di Roccella,0,0,9,397539,4204515,26.4
082017,Campofelice di Roccella,0,0,10,399260,4205109,26.4
082017,Campofelice di Roccella,0,0,11,404602,4207673,26.4
082018,Campofiorito,0,0,0,347993,4183409,22.4
082018,Campofiorito,0,0,1,349358,4182586,22.4
082018,Campofiorito,0,0,2,349699,4181745,22.4
082018,Campofiorito,0,0,3,349756,4179937,22.4
082018,Campofiorito,0,0,4,348507,4178531,22.4
082018,Campofiorito,0,0,5,347966,4178611,22.4
082018,Campofiorito,0,0,6,347953,4178156,22.4
082018,Campofiorito,0,0,7,348686,4177434,22.4
082018,Campofiorito,0,0,8,347871,4176485,22.4
082018,Campofiorito,0,0,9,347114,4177313,22.4
082018,Campofiorito,0,0,10,346861,4177951,22.4
082018,Campofiorito,0,0,11,346969,4178810,22.4
082018,Campofiorito,0,0,12,346089,4179270,22.4
082018,Campofiorito,0,0,13,345486,4179020,22.4
082018,Campofiorito,0,0,14,344669,4179157,22.4
082018,Campofiorito,0,0,15,344464,4179407,22.4
082018,Campofiorito,0,0,16,344469,4180140,22.4
082018,Campofiorito,0,0,17,344334,4180361,22.4
082018,Campofiorito,0,0,18,343793,4180455,22.4
082018,Campofiorito,0,0,19,344700,4180783,22.4
082018,Campofiorito,0,0,20,344932,4181144,22.4
082018,Campofiorito,0,0,21,344736,4181463,22.4
082018,Campofiorito,0,0,22,344887,4181768,22.4
082018,Campofiorito,0,0,23,345828,4182429,22.4
082018,Campofiorito,0,0,24,346228,4183011,22.4
082018,Campofiorito,0,0,25,347029,4183360,22.4
082018,Campofiorito,0,0,26,347993,4183409,22.4
082019,Camporeale,0,0,0,332122,4199495,23.6
082019,Camporeale,0,0,1,333134,4198589,23.6
082019,Camporeale,0,0,2,333139,4197691,23.6
082019,Camporeale,0,0,3,332889,4196609,23.6
082019,Camporeale,0,0,4,334078,4196636,23.6
082019,Camporeale,0,0,5,334101,4196951,23.6
082019,Camporeale,0,0,6,334568,4197100,23.6
082019,Camporeale,0,0,7,335101,4197076,23.6
082019,Camporeale,0,0,8,335912,4196743,23.6
082019,Camporeale,0,0,9,336144,4195937,23.6
082019,Camporeale,0,0,10,335293,4195014,23.6
082019,Camporeale,0,0,11,335453,4194492,23.6
082019,Camporeale,0,0,12,336018,4194114,23.6
082019,Camporeale,0,0,13,336060,4193861,23.6
082019,Camporeale,0,0,14,335002,4193582,23.6
082019,Camporeale,0,0,15,334055,4192373,23.6
082019,Camporeale,0,0,16,331804,4193958,23.6
082019,Camporeale,0,0,17,331285,4194145,23.6
082019,Camporeale,0,0,18,329274,4191878,23.6
082019,Camporeale,0,0,19,328473,4191812,23.6
082019,Camporeale,0,0,20,328060,4193189,23.6
082019,Camporeale,0,0,21,328552,4193497,23.6
082019,Camporeale,0,0,22,328775,4193976,23.6
082019,Camporeale,0,0,23,329243,4196958,23.6
082019,Camporeale,0,0,24,327263,4196839,23.6
082019,Camporeale,0,0,25,326898,4197030,23.6
082019,Camporeale,0,0,26,326866,4197309,23.6
082019,Camporeale,0,0,27,327474,4198001,23.6
082019,Camporeale,0,0,28,328324,4198447,23.6
082019,Camporeale,0,0,29,331185,4199369,23.6
082019,Camporeale,0,0,30,331049,4199548,23.6
082019,Camporeale,0,0,31,331108,4199966,23.6
082019,Camporeale,0,0,32,332122,4199495,23.6
082020,Capaci,0,0,0,346231,4227192,22.2
082020,Capaci,0,0,1,346719,4227210,22.2
082020,Capaci,0,0,2,347095,4226913,22.2
082020,Capaci,0,0,3,346440,4226274,22.2
082020,Capaci,0,0,4,346285,4225316,22.2
082020,Capaci,0,0,5,346328,4224594,22.2
082020,Capaci,0,0,6,346890,4223872,22.2
082020,Capaci,0,0,7,346971,4223522,22.2
082020,Capaci,0,0,8,346713,4223498,22.2
082020,Capaci,0,0,9,345589,4224123,22.2
082020,Capaci,0,0,10,345124,4224674,22.2
082020,Capaci,0,0,11,344718,4225540,22.2
082020,Capaci,0,0,12,344431,4227188,22.2
082020,Capaci,0,0,13,345646,4227957,22.2
082020,Capaci,0,0,14,345875,4227464,22.2
082020,Capaci,0,0,15,346231,4227192,22.2
082021,Carini,0,0,0,338557,4228116,21.7
082021,Carini,0,0,1,339017,4227882,21.7
082021,Carini,0,0,2,338931,4227289,21.7
082021,Carini,0,0,3,339068,4226415,21.7
082021,Carini,0,0,4,340107,4226147,21.7
082021,Carini,0,0,5,341771,4226195,21.7
082021,Carini,0,0,6,343489,4226700,21.7
082021,Carini,0,0,7,344431,4227188,21.7
082021,Carini,0,0,8,344718,4225540,21.7
082021,Carini,0,0,9,345045,4225005,21.7
082021,Carini,0,0,10,344730,4224654,21.7
082021,Carini,0,0,11,343649,4224150,21.7
082021,Carini,0,0,12,342816,4223461,21.7
082021,Carini,0,0,13,343225,4222364,21.7
082021,Carini,0,0,14,343905,4221310,21.7
082021,Carini,0,0,15,344175,4220208,21.7
082021,Carini,0,0,16,344056,4219667,21.7
082021,Carini,0,0,17,343643,4219548,21.7
082021,Carini,0,0,18,343123,4219005,21.7
082021,Carini,0,0,19,343109,4218455,21.7
082021,Carini,0,0,20,341671,4218362,21.7
082021,Carini,0,0,21,341018,4218078,21.7
082021,Carini,0,0,22,339635,4218732,21.7
082021,Carini,0,0,23,339361,4218385,21.7
082021,Carini,0,0,24,338602,4218364,21.7
082021,Carini,0,0,25,338094,4218041,21.7
082021,Carini,0,0,26,337632,4217165,21.7
082021,Carini,0,0,27,337607,4216498,21.7
082021,Carini,0,0,28,336412,4215946,21.7
082021,Carini,0,0,29,333909,4216666,21.7
082021,Carini,0,0,30,334135,4217472,21.7
082021,Carini,0,0,31,333650,4218280,21.7
082021,Carini,0,0,32,333226,4220051,21.7
082021,Carini,0,0,33,332390,4221163,21.7
082021,Carini,0,0,34,331802,4221491,21.7
082021,Carini,0,0,35,331738,4221785,21.7
082021,Carini,0,0,36,332070,4222163,21.7
082021,Carini,0,0,37,333389,4221748,21.7
082021,Carini,0,0,38,333971,4222403,21.7
082021,Carini,0,0,39,335270,4221327,21.7
082021,Carini,0,0,40,335935,4220337,21.7
082021,Carini,0,0,41,337637,4220111,21.7
082021,Carini,0,0,42,337834,4220572,21.7
082021,Carini,0,0,43,337566,4221908,21.7
082021,Carini,0,0,44,337588,4223265,21.7
082021,Carini,0,0,45,337398,4224119,21.7
082021,Carini,0,0,46,337002,4224637,21.7
082021,Carini,0,0,47,336736,4225432,21.7
082021,Carini,0,0,48,336814,4226457,21.7
082021,Carini,0,0,49,337289,4227882,21.7
082021,Carini,0,0,50,337978,4228113,21.7
082021,Carini,0,0,51,338557,4228116,21.7
082022,Castelbuono,0,0,0,420720,4203891,24.6
082022,Castelbuono,0,0,1,420708,4203295,24.6
082022,Castelbuono,0,0,2,420041,4202461,24.6
082022,Castelbuono,0,0,3,421507,4201601,24.6
082022,Castelbuono,0,0,4,421592,4201382,24.6
082022,Castelbuono,0,0,5,422211,4201395,24.6
082022,Castelbuono,0,0,6,424089,4202438,24.6
082022,Castelbuono,0,0,7,425635,4202456,24.6
082022,Castelbuono,0,0,8,425756,4202144,24.6
082022,Castelbuono,0,0,9,424409,4200218,24.6
082022,Castelbuono,0,0,10,425020,4199128,24.6
082022,Castelbuono,0,0,11,425020,4198089,24.6
082022,Castelbuono,0,0,12,424852,4197440,24.6
082022,Castelbuono,0,0,13,424316,4197237,24.6
082022,Castelbuono,0,0,14,423675,4196463,24.6
082022,Castelbuono,0,0,15,423205,4195531,24.6
082022,Castelbuono,0,0,16,422937,4195567,24.6
082022,Castelbuono,0,0,17,419939,4194677,24.6
082022,Castelbuono,0,0,18,419592,4193707,24.6
082022,Castelbuono,0,0,19,419662,4193400,24.6
082022,Castelbuono,0,0,20,420245,4192933,24.6
082022,Castelbuono,0,0,21,419495,4192361,24.6
082022,Castelbuono,0,0,22,418690,4192965,24.6
082022,Castelbuono,0,0,23,418599,4193471,24.6
082022,Castelbuono,0,0,24,418727,4193898,24.6
082022,Castelbuono,0,0,25,418408,4194381,24.6
082022,Castelbuono,0,0,26,417361,4195028,24.6
082022,Castelbuono,0,0,27,416534,4195840,24.6
082022,Castelbuono,0,0,28,415832,4197846,24.6
082022,Castelbuono,0,0,29,417366,4199218,24.6
082022,Castelbuono,0,0,30,416589,4200351,24.6
082022,Castelbuono,0,0,31,416606,4200590,24.6
082022,Castelbuono,0,0,32,417469,4201419,24.6
082022,Castelbuono,0,0,33,417980,4201651,24.6
082022,Castelbuono,0,0,34,418196,4201534,24.6
082022,Castelbuono,0,0,35,418758,4201695,24.6
082022,Castelbuono,0,0,36,419028,4202424,24.6
082022,Castelbuono,0,0,37,419010,4203554,24.6
082022,Castelbuono,0,0,38,419528,4204465,24.6
082022,Castelbuono,0,0,39,420431,4204808,24.6
082022,Castelbuono,0,0,40,420720,4203891,24.6
082023,Casteldaccia,0,0,0,371966,4213288,20.1
082023,Casteldaccia,0,0,1,372879,4212559,20.1
082023,Casteldaccia,0,0,2,372535,4212294,20.1
082023,Casteldaccia,0,0,3,372209,4211506,20.1
082023,Casteldaccia,0,0,4,372100,4210674,20.1
082023,Casteldaccia,0,0,5,370887,4209621,20.1
082023,Casteldaccia,0,0,6,371125,4208951,20.1
082023,Casteldaccia,0,0,7,371776,4208522,20.1
082023,Casteldaccia,0,0,8,372227,4208713,20.1
082023,Casteldaccia,0,0,9,372308,4209235,20.1
082023,Casteldaccia,0,0,10,372949,4209837,20.1
082023,Casteldaccia,0,0,11,372826,4208444,20.1
082023,Casteldaccia,0,0,12,373027,4206778,20.1
082023,Casteldaccia,0,0,13,373793,4205572,20.1
082023,Casteldaccia,0,0,14,374388,4205198,20.1
082023,Casteldaccia,0,0,15,375035,4205612,20.1
082023,Casteldaccia,0,0,16,375418,4206328,20.1
082023,Casteldaccia,0,0,17,375660,4206367,20.1
082023,Casteldaccia,0,0,18,375791,4204808,20.1
082023,Casteldaccia,0,0,19,376618,4203497,20.1
082023,Casteldaccia,0,0,20,376982,4202399,20.1
082023,Casteldaccia,0,0,21,376077,4203381,20.1
082023,Casteldaccia,0,0,22,374104,4201914,20.1
082023,Casteldaccia,0,0,23,373434,4202718,20.1
082023,Casteldaccia,0,0,24,373519,4203119,20.1
082023,Casteldaccia,0,0,25,372611,4204650,20.1
082023,Casteldaccia,0,0,26,371824,4206704,20.1
082023,Casteldaccia,0,0,27,370626,4206429,20.1
082023,Casteldaccia,0,0,28,369915,4206895,20.1
082023,Casteldaccia,0,0,29,369471,4207813,20.1
082023,Casteldaccia,0,0,30,368430,4207081,20.1
082023,Casteldaccia,0,0,31,367239,4208217,20.1
082023,Casteldaccia,0,0,32,367452,4209215,20.1
082023,Casteldaccia,0,0,33,367722,4209028,20.1
082023,Casteldaccia,0,0,34,368152,4209072,20.1
082023,Casteldaccia,0,0,35,368533,4209323,20.1
082023,Casteldaccia,0,0,36,368670,4210211,20.1
082023,Casteldaccia,0,0,37,369111,4211277,20.1
082023,Casteldaccia,0,0,38,370101,4212151,20.1
082023,Casteldaccia,0,0,39,371306,4213717,20.1
082023,Casteldaccia,0,0,40,371745,4213999,20.1
082023,Casteldaccia,0,0,41,371966,4213288,20.1
082024,Castellana Sicula,0,0,0,416749,4188350,27.6
082024,Castellana Sicula,0,0,1,416439,4187505,27.6
082024,Castellana Sicula,0,0,2,416471,4186640,27.6
082024,Castellana Sicula,0,0,3,417190,4184725,27.6
082024,Castellana Sicula,0,0,4,417470,4184690,27.6
082024,Castellana Sicula,0,0,5,417791,4184238,27.6
082024,Castellana Sicula,0,0,6,417761,4183784,27.6
082024,Castellana Sicula,0,0,7,417585,4182520,27.6
082024,Castellana Sicula,0,0,8,416192,4180612,27.6
082024,Castellana Sicula,0,0,9,415549,4177182,27.6
082024,Castellana Sicula,0,0,10,414778,4176394,27.6
082024,Castellana Sicula,0,0,11,414254,4175298,27.6
082024,Castellana Sicula,0,0,12,413272,4175156,27.6
082024,Castellana Sicula,0,0,13,412621,4174585,27.6
082024,Castellana Sicula,0,0,14,412156,4173604,27.6
082024,Castellana Sicula,0,0,15,412230,4172962,27.6
082024,Castellana Sicula,0,0,16,412536,4172571,27.6
082024,Castellana Sicula,0,0,17,412083,4172051,27.6
082024,Castellana Sicula,0,0,18,409723,4172265,27.6
082024,Castellana Sicula,0,0,19,409216,4168861,27.6
082024,Castellana Sicula,0,0,20,408383,4168207,27.6
082024,Castellana Sicula,0,0,21,407994,4168240,27.6
082024,Castellana Sicula,0,0,22,406562,4168929,27.6
082024,Castellana Sicula,0,0,23,405867,4168866,27.6
082024,Castellana Sicula,0,0,24,405488,4168186,27.6
082024,Castellana Sicula,0,0,25,405578,4167520,27.6
082024,Castellana Sicula,0,0,26,405286,4166826,27.6
082024,Castellana Sicula,0,0,27,403781,4167155,27.6
082024,Castellana Sicula,0,0,28,403222,4166823,27.6
082024,Castellana Sicula,0,0,29,403482,4165342,27.6
082024,Castellana Sicula,0,0,30,403226,4165387,27.6
082024,Castellana Sicula,0,0,31,402894,4167287,27.6
082024,Castellana Sicula,0,0,32,403368,4168375,27.6
082024,Castellana Sicula,0,0,33,402555,4168494,27.6
082024,Castellana Sicula,0,0,34,401968,4169075,27.6
082024,Castellana Sicula,0,0,35,401829,4169758,27.6
082024,Castellana Sicula,0,0,36,401612,4169844,27.6
082024,Castellana Sicula,0,0,37,401794,4170752,27.6
082024,Castellana Sicula,0,0,38,403049,4172214,27.6
082024,Castellana Sicula,0,0,39,403796,4171928,27.6
082024,Castellana Sicula,0,0,40,403648,4170956,27.6
082024,Castellana Sicula,0,0,41,403760,4170872,27.6
082024,Castellana Sicula,0,0,42,405485,4170811,27.6
082024,Castellana Sicula,0,0,43,405546,4171142,27.6
082024,Castellana Sicula,0,0,44,406024,4171404,27.6
082024,Castellana Sicula,0,0,45,406710,4171037,27.6
082024,Castellana Sicula,0,0,46,407112,4171017,27.6
082024,Castellana Sicula,0,0,47,408038,4171324,27.6
082024,Castellana Sicula,0,0,48,408250,4171460,27.6
082024,Castellana Sicula,0,0,49,408540,4172140,27.6
082024,Castellana Sicula,0,0,50,408427,4172853,27.6
082024,Castellana Sicula,0,0,51,408825,4174190,27.6
082024,Castellana Sicula,0,0,52,409578,4174558,27.6
082024,Castellana Sicula,0,0,53,410875,4174837,27.6
082024,Castellana Sicula,0,0,54,411775,4175506,27.6
082024,Castellana Sicula,0,0,55,413352,4176349,27.6
082024,Castellana Sicula,0,0,56,413719,4176825,27.6
082024,Castellana Sicula,0,0,57,414000,4176857,27.6
082024,Castellana Sicula,0,0,58,414337,4176663,27.6
082024,Castellana Sicula,0,0,59,414709,4177751,27.6
082024,Castellana Sicula,0,0,60,414338,4179412,27.6
082024,Castellana Sicula,0,0,61,413877,4179941,27.6
082024,Castellana Sicula,0,0,62,412560,4180617,27.6
082024,Castellana Sicula,0,0,63,412306,4180681,27.6
082024,Castellana Sicula,0,0,64,411897,4180462,27.6
082024,Castellana Sicula,0,0,65,411795,4180098,27.6
082024,Castellana Sicula,0,0,66,412081,4179875,27.6
082024,Castellana Sicula,0,0,67,411808,4179334,27.6
082024,Castellana Sicula,0,0,68,411489,4179264,27.6
082024,Castellana Sicula,0,0,69,410989,4177949,27.6
082024,Castellana Sicula,0,0,70,410047,4177844,27.6
082024,Castellana Sicula,0,0,71,408669,4178287,27.6
082024,Castellana Sicula,0,0,72,409584,4179190,27.6
082024,Castellana Sicula,0,0,73,410506,4179582,27.6
082024,Castellana Sicula,0,0,74,410884,4179565,27.6
082024,Castellana Sicula,0,0,75,411072,4179767,27.6
082024,Castellana Sicula,0,0,76,411311,4181505,27.6
082024,Castellana Sicula,0,0,77,412935,4181552,27.6
082024,Castellana Sicula,0,0,78,413675,4182257,27.6
082024,Castellana Sicula,0,0,79,413900,4182845,27.6
082024,Castellana Sicula,0,0,80,413369,4183676,27.6
082024,Castellana Sicula,0,0,81,413719,4184991,27.6
082024,Castellana Sicula,0,0,82,413931,4185235,27.6
082024,Castellana Sicula,0,0,83,414601,4185344,27.6
082024,Castellana Sicula,0,0,84,415506,4187646,27.6
082024,Castellana Sicula,0,0,85,415855,4187813,27.6
082024,Castellana Sicula,0,0,86,415938,4188438,27.6
082024,Castellana Sicula,0,0,87,416749,4188350,27.6
082025,Castronovo di Sicilia,0,0,0,382528,4181429,20.2
082025,Castronovo di Sicilia,0,0,1,384144,4180917,20.2
082025,Castronovo di Sicilia,0,0,2,385242,4180874,20.2
082025,Castronovo di Sicilia,0,0,3,385439,4180711,20.2
082025,Castronovo di Sicilia,0,0,4,386996,4178795,20.2
082025,Castronovo di Sicilia,0,0,5,387085,4177744,20.2
082025,Castronovo di Sicilia,0,0,6,387620,4176791,20.2
082025,Castronovo di Sicilia,0,0,7,387581,4175857,20.2
082025,Castronovo di Sicilia,0,0,8,387837,4175615,20.2
082025,Castronovo di Sicilia,0,0,9,388273,4175678,20.2
082025,Castronovo di Sicilia,0,0,10,389207,4174621,20.2
082025,Castronovo di Sicilia,0,0,11,389244,4172846,20.2
082025,Castronovo di Sicilia,0,0,12,389111,4172464,20.2
082025,Castronovo di Sicilia,0,0,13,388241,4171392,20.2
082025,Castronovo di Sicilia,0,0,14,388038,4171642,20.2
082025,Castronovo di Sicilia,0,0,15,387433,4171593,20.2
082025,Castronovo di Sicilia,0,0,16,386304,4171886,20.2
082025,Castronovo di Sicilia,0,0,17,384996,4172762,20.2
082025,Castronovo di Sicilia,0,0,18,383518,4172482,20.2
082025,Castronovo di Sicilia,0,0,19,382923,4172113,20.2
082025,Castronovo di Sicilia,0,0,20,383096,4171375,20.2
082025,Castronovo di Sicilia,0,0,21,382643,4170016,20.2
082025,Castronovo di Sicilia,0,0,22,381031,4168769,20.2
082025,Castronovo di Sicilia,0,0,23,376639,4168560,20.2
082025,Castronovo di Sicilia,0,0,24,375404,4167976,20.2
082025,Castronovo di Sicilia,0,0,25,375303,4167591,20.2
082025,Castronovo di Sicilia,0,0,26,374634,4166857,20.2
082025,Castronovo di Sicilia,0,0,27,373560,4166356,20.2
082025,Castronovo di Sicilia,0,0,28,371980,4166750,20.2
082025,Castronovo di Sicilia,0,0,29,370872,4166557,20.2
082025,Castronovo di Sicilia,0,0,30,369866,4166741,20.2
082025,Castronovo di Sicilia,0,0,31,369109,4167170,20.2
082025,Castronovo di Sicilia,0,0,32,368669,4167653,20.2
082025,Castronovo di Sicilia,0,0,33,368695,4168402,20.2
082025,Castronovo di Sicilia,0,0,34,368387,4169006,20.2
082025,Castronovo di Sicilia,0,0,35,364942,4168036,20.2
082025,Castronovo di Sicilia,0,0,36,364469,4167710,20.2
082025,Castronovo di Sicilia,0,0,37,364187,4168890,20.2
082025,Castronovo di Sicilia,0,0,38,363907,4169258,20.2
082025,Castronovo di Sicilia,0,0,39,363605,4169276,20.2
082025,Castronovo di Sicilia,0,0,40,364501,4170202,20.2
082025,Castronovo di Sicilia,0,0,41,364568,4170507,20.2
082025,Castronovo di Sicilia,0,0,42,364352,4171120,20.2
082025,Castronovo di Sicilia,0,0,43,364890,4171746,20.2
082025,Castronovo di Sicilia,0,0,44,367411,4172921,20.2
082025,Castronovo di Sicilia,0,0,45,367430,4173491,20.2
082025,Castronovo di Sicilia,0,0,46,366967,4174237,20.2
082025,Castronovo di Sicilia,0,0,47,366894,4174848,20.2
082025,Castronovo di Sicilia,0,0,48,366076,4175575,20.2
082025,Castronovo di Sicilia,0,0,49,367506,4178272,20.2
082025,Castronovo di Sicilia,0,0,50,367975,4178261,20.2
082025,Castronovo di Sicilia,0,0,51,368628,4177934,20.2
082025,Castronovo di Sicilia,0,0,52,370182,4176816,20.2
082025,Castronovo di Sicilia,0,0,53,370498,4176881,20.2
082025,Castronovo di Sicilia,0,0,54,371408,4178648,20.2
082025,Castronovo di Sicilia,0,0,55,371518,4178731,20.2
082025,Castronovo di Sicilia,0,0,56,372278,4178405,20.2
082025,Castronovo di Sicilia,0,0,57,373399,4176873,20.2
082025,Castronovo di Sicilia,0,0,58,373849,4176740,20.2
082025,Castronovo di Sicilia,0,0,59,374816,4177129,20.2
082025,Castronovo di Sicilia,0,0,60,375342,4176224,20.2
082025,Castronovo di Sicilia,0,0,61,375833,4174375,20.2
082025,Castronovo di Sicilia,0,0,62,376332,4174158,20.2
082025,Castronovo di Sicilia,0,0,63,377809,4174616,20.2
082025,Castronovo di Sicilia,0,0,64,378234,4176159,20.2
082025,Castronovo di Sicilia,0,0,65,378654,4176872,20.2
082025,Castronovo di Sicilia,0,0,66,379620,4176361,20.2
082025,Castronovo di Sicilia,0,0,67,379873,4177368,20.2
082025,Castronovo di Sicilia,0,0,68,382223,4178245,20.2
082025,Castronovo di Sicilia,0,0,69,382547,4179169,20.2
082025,Castronovo di Sicilia,0,0,70,382308,4179957,20.2
082025,Castronovo di Sicilia,0,0,71,382722,4180773,20.2
082025,Castronovo di Sicilia,0,0,72,382476,4181013,20.2
082025,Castronovo di Sicilia,0,0,73,382528,4181429,20.2
082026,Cefalà Diana,0,0,0,365911,4198981,22.3
082026,Cefalà Diana,0,0,1,366757,4195379,22.3
082026,Cefalà Diana,0,0,2,365860,4195090,22.3
082026,Cefalà Diana,0,0,3,365265,4195441,22.3
082026,Cefalà Diana,0,0,4,364694,4196407,22.3
082026,Cefalà Diana,0,0,5,364047,4196374,22.3
082026,Cefalà Diana,0,0,6,363359,4196595,22.3
082026,Cefalà Diana,0,0,7,363536,4198360,22.3
082026,Cefalà Diana,0,0,8,363886,4198909,22.3
082026,Cefalà Diana,0,0,9,365695,4199260,22.3
082026,Cefalà Diana,0,0,10,365911,4198981,22.3
082027,Cefalù,0,0,0,415082,4210702,27.7
082027,Cefalù,0,0,1,415076,4210501,27.7
082027,Cefalù,0,0,2,415673,4209859,27.7
082027,Cefalù,0,0,3,417705,4208344,27.7
082027,Cefalù,0,0,4,419523,4208346,27.7
082027,Cefalù,0,0,5,421308,4207921,27.7
082027,Cefalù,0,0,6,418923,4206455,27.7
082027,Cefalù,0,0,7,418300,4205802,27.7
082027,Cefalù,0,0,8,418127,4205124,27.7
082027,Cefalù,0,0,9,417776,4204811,27.7
082027,Cefalù,0,0,10,417251,4204695,27.7
082027,Cefalù,0,0,11,417176,4204256,27.7
082027,Cefalù,0,0,12,418975,4202753,27.7
082027,Cefalù,0,0,13,419028,4202424,27.7
082027,Cefalù,0,0,14,418723,4201640,27.7
082027,Cefalù,0,0,15,418196,4201534,27.7
082027,Cefalù,0,0,16,417980,4201651,27.7
082027,Cefalù,0,0,17,417469,4201419,27.7
082027,Cefalù,0,0,18,416606,4200590,27.7
082027,Cefalù,0,0,19,416589,4200351,27.7
082027,Cefalù,0,0,20,415464,4200453,27.7
082027,Cefalù,0,0,21,414099,4201078,27.7
082027,Cefalù,0,0,22,413608,4200877,27.7
082027,Cefalù,0,0,23,413215,4202032,27.7
082027,Cefalù,0,0,24,413506,4203451,27.7
082027,Cefalù,0,0,25,413568,4204981,27.7
082027,Cefalù,0,0,26,413317,4205695,27.7
082027,Cefalù,0,0,27,411220,4206755,27.7
082027,Cefalù,0,0,28,410308,4207569,27.7
082027,Cefalù,0,0,29,409202,4207282,27.7
082027,Cefalù,0,0,30,408022,4206553,27.7
082027,Cefalù,0,0,31,407687,4206660,27.7
082027,Cefalù,0,0,32,406755,4207298,27.7
082027,Cefalù,0,0,33,406899,4207832,27.7
082027,Cefalù,0,0,34,406711,4208403,27.7
082027,Cefalù,0,0,35,406396,4208723,27.7
082027,Cefalù,0,0,36,407464,4209517,27.7
082027,Cefalù,0,0,37,409036,4209629,27.7
082027,Cefalù,0,0,38,409749,4210063,27.7
082027,Cefalù,0,0,39,410643,4209559,27.7
082027,Cefalù,0,0,40,411854,4209897,27.7
082027,Cefalù,0,0,41,412852,4209906,27.7
082027,Cefalù,0,0,42,413790,4210343,27.7
082027,Cefalù,0,0,43,413957,4210711,27.7
082027,Cefalù,0,0,44,414250,4210853,27.7
082027,Cefalù,0,0,45,415082,4210702,27.7
082028,Cerda,0,0,0,398856,4199445,19.0
082028,Cerda,0,0,1,399584,4197317,19.0
082028,Cerda,0,0,2,399790,4194604,19.0
082028,Cerda,0,0,3,400432,4193097,19.0
082028,Cerda,0,0,4,400405,4192368,19.0
082028,Cerda,0,0,5,400245,4192087,19.0
082028,Cerda,0,0,6,398947,4191750,19.0
082028,Cerda,0,0,7,398292,4192106,19.0
082028,Cerda,0,0,8,396381,4191784,19.0
082028,Cerda,0,0,9,395668,4191369,19.0
082028,Cerda,0,0,10,395747,4190850,19.0
082028,Cerda,0,0,11,394238,4191206,19.0
082028,Cerda,0,0,12,393283,4192064,19.0
082028,Cerda,0,0,13,391130,4193100,19.0
082028,Cerda,0,0,14,390983,4193838,19.0
082028,Cerda,0,0,15,391120,4194271,19.0
082028,Cerda,0,0,16,391886,4194284,19.0
082028,Cerda,0,0,17,392633,4193986,19.0
082028,Cerda,0,0,18,392968,4194005,19.0
082028,Cerda,0,0,19,393506,4195478,19.0
082028,Cerda,0,0,20,394284,4195785,19.0
082028,Cerda,0,0,21,396101,4196930,19.0
082028,Cerda,0,0,22,396143,4197664,19.0
082028,Cerda,0,0,23,396712,4198649,19.0
082028,Cerda,0,0,24,397435,4199419,19.0
082028,Cerda,0,0,25,398338,4200055,19.0
082028,Cerda,0,0,26,398856,4199445,19.0
082029,Chiusa Sclafani,0,0,0,352890,4175825,18.0
082029,Chiusa Sclafani,0,0,1,353767,4175407,18.0
082029,Chiusa Sclafani,0,0,2,354439,4175497,18.0
082029,Chiusa Sclafani,0,0,3,355206,4175142,18.0
082029,Chiusa Sclafani,0,0,4,355279,4174695,18.0
082029,Chiusa Sclafani,0,0,5,355013,4173939,18.0
082029,Chiusa Sclafani,0,0,6,355706,4172670,18.0
082029,Chiusa Sclafani,0,0,7,353919,4171770,18.0
082029,Chiusa Sclafani,0,0,8,352926,4171597,18.0
082029,Chiusa Sclafani,0,0,9,352655,4171412,18.0
082029,Chiusa Sclafani,0,0,10,352297,4170320,18.0
082029,Chiusa Sclafani,0,0,11,352329,4169880,18.0
082029,Chiusa Sclafani,0,0,12,352509,4169675,18.0
082029,Chiusa Sclafani,0,0,13,351939,4168286,18.0
082029,Chiusa Sclafani,0,0,14,351408,4167746,18.0
082029,Chiusa Sclafani,0,0,15,349983,4167185,18.0
082029,Chiusa Sclafani,0,0,16,349310,4167312,18.0
082029,Chiusa Sclafani,0,0,17,349130,4167542,18.0
082029,Chiusa Sclafani,0,0,18,348007,4168044,18.0
082029,Chiusa Sclafani,0,0,19,347698,4167824,18.0
082029,Chiusa Sclafani,0,0,20,346963,4166975,18.0
082029,Chiusa Sclafani,0,0,21,345741,4164179,18.0
082029,Chiusa Sclafani,0,0,22,345536,4164224,18.0
082029,Chiusa Sclafani,0,0,23,345232,4165212,18.0
082029,Chiusa Sclafani,0,0,24,345078,4165226,18.0
082029,Chiusa Sclafani,0,0,25,344361,4166653,18.0
082029,Chiusa Sclafani,0,0,26,344065,4168014,18.0
082029,Chiusa Sclafani,0,0,27,344224,4168717,18.0
082029,Chiusa Sclafani,0,0,28,344864,4170065,18.0
082029,Chiusa Sclafani,0,0,29,346457,4171421,18.0
082029,Chiusa Sclafani,0,0,30,346206,4172519,18.0
082029,Chiusa Sclafani,0,0,31,347655,4172988,18.0
082029,Chiusa Sclafani,0,0,32,349665,4172422,18.0
082029,Chiusa Sclafani,0,0,33,350502,4171786,18.0
082029,Chiusa Sclafani,0,0,34,351003,4171914,18.0
082029,Chiusa Sclafani,0,0,35,351184,4172293,18.0
082029,Chiusa Sclafani,0,0,36,351061,4172829,18.0
082029,Chiusa Sclafani,0,0,37,350711,4173173,18.0
082029,Chiusa Sclafani,0,0,38,350435,4173038,18.0
082029,Chiusa Sclafani,0,0,39,350157,4173180,18.0
082029,Chiusa Sclafani,0,0,40,349677,4173765,18.0
082029,Chiusa Sclafani,0,0,41,349670,4175045,18.0
082029,Chiusa Sclafani,0,0,42,350150,4174933,18.0
082029,Chiusa Sclafani,0,0,43,352010,4175274,18.0
082029,Chiusa Sclafani,0,0,44,352412,4175741,18.0
082029,Chiusa Sclafani,0,0,45,352890,4175825,18.0
082030,Ciminna,0,0,0,373351,4197173,13.7
082030,Ciminna,0,0,1,373362,4196569,13.7
082030,Ciminna,0,0,2,375645,4196050,13.7
082030,Ciminna,0,0,3,377642,4195911,13.7
082030,Ciminna,0,0,4,378046,4193760,13.7
082030,Ciminna,0,0,5,377609,4192420,13.7
082030,Ciminna,0,0,6,376871,4191961,13.7
082030,Ciminna,0,0,7,376014,4189793,13.7
082030,Ciminna,0,0,8,375658,4189997,13.7
082030,Ciminna,0,0,9,374270,4189482,13.7
082030,Ciminna,0,0,10,372506,4189511,13.7
082030,Ciminna,0,0,11,371170,4188701,13.7
082030,Ciminna,0,0,12,369016,4191224,13.7
082030,Ciminna,0,0,13,368883,4191660,13.7
082030,Ciminna,0,0,14,368983,4191751,13.7
082030,Ciminna,0,0,15,367688,4193655,13.7
082030,Ciminna,0,0,16,368205,4194586,13.7
082030,Ciminna,0,0,17,368696,4195029,13.7
082030,Ciminna,0,0,18,371218,4195268,13.7
082030,Ciminna,0,0,19,371550,4196214,13.7
082030,Ciminna,0,0,20,371602,4196870,13.7
082030,Ciminna,0,0,21,372905,4197875,13.7
082030,Ciminna,0,0,22,372924,4198410,13.7
082030,Ciminna,0,0,23,373351,4197173,13.7
082031,Cinisi,0,0,0,335542,4228726,22.1
082031,Cinisi,0,0,1,336657,4228154,22.1
082031,Cinisi,0,0,2,336921,4227845,22.1
082031,Cinisi,0,0,3,337289,4227882,22.1
082031,Cinisi,0,0,4,336814,4226457,22.1
082031,Cinisi,0,0,5,336736,4225432,22.1
082031,Cinisi,0,0,6,337002,4224637,22.1
082031,Cinisi,0,0,7,337398,4224119,22.1
082031,Cinisi,0,0,8,337588,4223265,22.1
082031,Cinisi,0,0,9,337566,4221908,22.1
082031,Cinisi,0,0,10,337834,4220572,22.1
082031,Cinisi,0,0,11,337569,4220053,22.1
082031,Cinisi,0,0,12,335935,4220337,22.1
082031,Cinisi,0,0,13,335270,4221327,22.1
082031,Cinisi,0,0,14,333971,4222403,22.1
082031,Cinisi,0,0,15,332717,4223826,22.1
082031,Cinisi,0,0,16,332005,4224992,22.1
082031,Cinisi,0,0,17,332243,4225742,22.1
082031,Cinisi,0,0,18,331712,4226846,22.1
082031,Cinisi,0,0,19,334189,4228702,22.1
082031,Cinisi,0,0,20,335542,4228726,22.1
082032,Collesano,0,0,0,405513,4205395,22.5
082032,Collesano,0,0,1,406316,4204222,22.5
082032,Collesano,0,0,2,406652,4204102,22.5
082032,Collesano,0,0,3,406641,4203799,22.5
082032,Collesano,0,0,4,407319,4202138,22.5
082032,Collesano,0,0,5,407889,4201163,22.5
082032,Collesano,0,0,6,408072,4200344,22.5
082032,Collesano,0,0,7,407949,4199937,22.5
082032,Collesano,0,0,8,408506,4199685,22.5
082032,Collesano,0,0,9,409520,4199564,22.5
082032,Collesano,0,0,10,409974,4199303,22.5
082032,Collesano,0,0,11,409475,4198283,22.5
082032,Collesano,0,0,12,409256,4196991,22.5
082032,Collesano,0,0,13,408782,4196019,22.5
082032,Collesano,0,0,14,408991,4195094,22.5
082032,Collesano,0,0,15,409532,4193952,22.5
082032,Collesano,0,0,16,408024,4192606,22.5
082032,Collesano,0,0,17,407568,4192483,22.5
082032,Collesano,0,0,18,406156,4192862,22.5
082032,Collesano,0,0,19,406089,4193333,22.5
082032,Collesano,0,0,20,404932,4193542,22.5
082032,Collesano,0,0,21,403195,4193361,22.5
082032,Collesano,0,0,22,402119,4193510,22.5
082032,Collesano,0,0,23,401898,4193778,22.5
082032,Collesano,0,0,24,401070,4194088,22.5
082032,Collesano,0,0,25,400452,4193976,22.5
082032,Collesano,0,0,26,400050,4194087,22.5
082032,Collesano,0,0,27,399790,4194604,22.5
082032,Collesano,0,0,28,399584,4197317,22.5
082032,Collesano,0,0,29,399006,4199038,22.5
082032,Collesano,0,0,30,398856,4199445,22.5
082032,Collesano,0,0,31,397711,4200884,22.5
082032,Collesano,0,0,32,396894,4203056,22.5
082032,Collesano,0,0,33,396923,4203168,22.5
082032,Collesano,0,0,34,398375,4202831,22.5
082032,Collesano,0,0,35,399663,4203912,22.5
082032,Collesano,0,0,36,400761,4204099,22.5
082032,Collesano,0,0,37,401899,4204718,22.5
082032,Collesano,0,0,38,402630,4204663,22.5
082032,Collesano,0,0,39,403802,4204949,22.5
082032,Collesano,0,0,40,404689,4205408,22.5
082032,Collesano,0,0,41,405513,4205395,22.5
082033,Contessa Entellina,0,0,0,334847,4184568,20.8
082033,Contessa Entellina,0,0,1,336249,4182917,20.8
082033,Contessa Entellina,0,0,2,337423,4182300,20.8
082033,Contessa Entellina,0,0,3,338587,4182176,20.8
082033,Contessa Entellina,0,0,4,339317,4181743,20.8
082033,Contessa Entellina,0,0,5,339771,4181801,20.8
082033,Contessa Entellina,0,0,6,340086,4182237,20.8
082033,Contessa Entellina,0,0,7,340298,4183042,20.8
082033,Contessa Entellina,0,0,8,343213,4183240,20.8
082033,Contessa Entellina,0,0,9,343807,4182893,20.8
082033,Contessa Entellina,0,0,10,344299,4182050,20.8
082033,Contessa Entellina,0,0,11,344700,4180783,20.8
082033,Contessa Entellina,0,0,12,343793,4180455,20.8
082033,Contessa Entellina,0,0,13,342979,4180640,20.8
082033,Contessa Entellina,0,0,14,342604,4180551,20.8
082033,Contessa Entellina,0,0,15,342588,4179977,20.8
082033,Contessa Entellina,0,0,16,342384,4179758,20.8
082033,Contessa Entellina,0,0,17,340760,4179770,20.8
082033,Contessa Entellina,0,0,18,339937,4178909,20.8
082033,Contessa Entellina,0,0,19,339984,4178637,20.8
082033,Contessa Entellina,0,0,20,340505,4178005,20.8
082033,Contessa Entellina,0,0,21,340910,4176710,20.8
082033,Contessa Entellina,0,0,22,341514,4176555,20.8
082033,Contessa Entellina,0,0,23,342122,4177006,20.8
082033,Contessa Entellina,0,0,24,342616,4177005,20.8
082033,Contessa Entellina,0,0,25,343337,4176844,20.8
082033,Contessa Entellina,0,0,26,343800,4176426,20.8
082033,Contessa Entellina,0,0,27,343967,4176003,20.8
082033,Contessa Entellina,0,0,28,343317,4174767,20.8
082033,Contessa Entellina,0,0,29,341669,4174800,20.8
082033,Contessa Entellina,0,0,30,341256,4173791,20.8
082033,Contessa Entellina,0,0,31,340652,4173152,20.8
082033,Contessa Entellina,0,0,32,338452,4173142,20.8
082033,Contessa Entellina,0,0,33,337725,4172725,20.8
082033,Contessa Entellina,0,0,34,336645,4172769,20.8
082033,Contessa Entellina,0,0,35,334588,4174348,20.8
082033,Contessa Entellina,0,0,36,333450,4174066,20.8
082033,Contessa Entellina,0,0,37,332507,4173567,20.8
082033,Contessa Entellina,0,0,38,330972,4173563,20.8
082033,Contessa Entellina,0,0,39,330683,4173427,20.8
082033,Contessa Entellina,0,0,40,330665,4173182,20.8
082033,Contessa Entellina,0,0,41,329321,4174506,20.8
082033,Contessa Entellina,0,0,42,327825,4175663,20.8
082033,Contessa Entellina,0,0,43,326853,4177436,20.8
082033,Contessa Entellina,0,0,44,326755,4178091,20.8
082033,Contessa Entellina,0,0,45,326120,4178748,20.8
082033,Contessa Entellina,0,0,46,324851,4179118,20.8
082033,Contessa Entellina,0,0,47,325054,4179772,20.8
082033,Contessa Entellina,0,0,48,325592,4180053,20.8
082033,Contessa Entellina,0,0,49,326274,4180360,20.8
082033,Contessa Entellina,0,0,50,326470,4180192,20.8
082033,Contessa Entellina,0,0,51,327560,4180382,20.8
082033,Contessa Entellina,0,0,52,327932,4180654,20.8
082033,Contessa Entellina,0,0,53,328252,4181399,20.8
082033,Contessa Entellina,0,0,54,328451,4181527,20.8
082033,Contessa Entellina,0,0,55,328652,4181463,20.8
082033,Contessa Entellina,0,0,56,328934,4180732,20.8
082033,Contessa Entellina,0,0,57,329304,4180619,20.8
082033,Contessa Entellina,0,0,58,331017,4181715,20.8
082033,Contessa Entellina,0,0,59,332547,4182000,20.8
082033,Contessa Entellina,0,0,60,332672,4182107,20.8
082033,Contessa Entellina,0,0,61,332453,4182583,20.8
082033,Contessa Entellina,0,0,62,332153,4182835,20.8
082033,Contessa Entellina,0,0,63,332514,4182945,20.8
082033,Contessa Entellina,0,0,64,332492,4183553,20.8
082033,Contessa Entellina,0,0,65,332648,4183877,20.8
082033,Contessa Entellina,0,0,66,334017,4184548,20.8
082033,Contessa Entellina,0,0,67,334847,4184568,20.8
082034,Corleone,0,0,0,351829,4193767,21.6
082034,Corleone,0,0,1,352108,4192987,21.6
082034,Corleone,0,0,2,351950,4192005,21.6
082034,Corleone,0,0,3,351157,4190888,21.6
082034,Corleone,0,0,4,351021,4190175,21.6
082034,Corleone,0,0,5,351513,4190073,21.6
082034,Corleone,0,0,6,352731,4190169,21.6
082034,Corleone,0,0,7,354833,4189165,21.6
082034,Corleone,0,0,8,355275,4189553,21.6
082034,Corleone,0,0,9,355500,4190383,21.6
082034,Corleone,0,0,10,356475,4191456,21.6
082034,Corleone,0,0,11,358767,4190991,21.6
082034,Corleone,0,0,12,358059,4189381,21.6
082034,Corleone,0,0,13,357140,4187910,21.6
082034,Corleone,0,0,14,358498,4186535,21.6
082034,Corleone,0,0,15,359506,4186251,21.6
082034,Corleone,0,0,16,361236,4187074,21.6
082034,Corleone,0,0,17,361805,4186857,21.6
082034,Corleone,0,0,18,363447,4189161,21.6
082034,Corleone,0,0,19,363879,4188749,21.6
082034,Corleone,0,0,20,364111,4187879,21.6
082034,Corleone,0,0,21,364647,4187334,21.6
082034,Corleone,0,0,22,363786,4185467,21.6
082034,Corleone,0,0,23,363681,4184660,21.6
082034,Corleone,0,0,24,363530,4184851,21.6
082034,Corleone,0,0,25,363181,4184656,21.6
082034,Corleone,0,0,26,363032,4183191,21.6
082034,Corleone,0,0,27,363208,4181505,21.6
082034,Corleone,0,0,28,362712,4180266,21.6
082034,Corleone,0,0,29,362345,4180108,21.6
082034,Corleone,0,0,30,361966,4180771,21.6
082034,Corleone,0,0,31,361413,4182945,21.6
082034,Corleone,0,0,32,361724,4182942,21.6
082034,Corleone,0,0,33,361638,4183480,21.6
082034,Corleone,0,0,34,361273,4183622,21.6
082034,Corleone,0,0,35,360611,4183505,21.6
082034,Corleone,0,0,36,359745,4183859,21.6
082034,Corleone,0,0,37,359024,4184455,21.6
082034,Corleone,0,0,38,358367,4186108,21.6
082034,Corleone,0,0,39,358006,4185612,21.6
082034,Corleone,0,0,40,357964,4184902,21.6
082034,Corleone,0,0,41,358433,4184001,21.6
082034,Corleone,0,0,42,358231,4183034,21.6
082034,Corleone,0,0,43,358329,4182373,21.6
082034,Corleone,0,0,44,358882,4182099,21.6
082034,Corleone,0,0,45,359489,4182122,21.6
082034,Corleone,0,0,46,359950,4181697,21.6
082034,Corleone,0,0,47,360128,4181052,21.6
082034,Corleone,0,0,48,359974,4179600,21.6
082034,Corleone,0,0,49,358167,4178654,21.6
082034,Corleone,0,0,50,356907,4178342,21.6
082034,Corleone,0,0,51,355729,4178646,21.6
082034,Corleone,0,0,52,354506,4178010,21.6
082034,Corleone,0,0,53,353806,4177893,21.6
082034,Corleone,0,0,54,353582,4176900,21.6
082034,Corleone,0,0,55,353716,4176455,21.6
082034,Corleone,0,0,56,353401,4175564,21.6
082034,Corleone,0,0,57,352890,4175825,21.6
082034,Corleone,0,0,58,352412,4175741,21.6
082034,Corleone,0,0,59,352010,4175274,21.6
082034,Corleone,0,0,60,350150,4174933,21.6
082034,Corleone,0,0,61,349343,4175232,21.6
082034,Corleone,0,0,62,347871,4176485,21.6
082034,Corleone,0,0,63,348686,4177434,21.6
082034,Corleone,0,0,64,347953,4178156,21.6
082034,Corleone,0,0,65,347966,4178611,21.6
082034,Corleone,0,0,66,348507,4178531,21.6
082034,Corleone,0,0,67,349756,4179937,21.6
082034,Corleone,0,0,68,349699,4181745,21.6
082034,Corleone,0,0,69,349358,4182586,21.6
082034,Corleone,0,0,70,348038,4183400,21.6
082034,Corleone,0,0,71,347029,4183360,21.6
082034,Corleone,0,0,72,346228,4183011,21.6
082034,Corleone,0,0,73,345828,4182429,21.6
082034,Corleone,0,0,74,344960,4181852,21.6
082034,Corleone,0,0,75,344736,4181463,21.6
082034,Corleone,0,0,76,344932,4181144,21.6
082034,Corleone,0,0,77,344700,4180783,21.6
082034,Corleone,0,0,78,344299,4182050,21.6
082034,Corleone,0,0,79,343807,4182893,21.6
082034,Corleone,0,0,80,343213,4183240,21.6
082034,Corleone,0,0,81,340884,4183146,21.6
082034,Corleone,0,0,82,341831,4185614,21.6
082034,Corleone,0,0,83,341382,4186370,21.6
082034,Corleone,0,0,84,341015,4186597,21.6
082034,Corleone,0,0,85,339842,4186660,21.6
082034,Corleone,0,0,86,339674,4186911,21.6
082034,Corleone,0,0,87,340341,4188035,21.6
082034,Corleone,0,0,88,340648,4188131,21.6
082034,Corleone,0,0,89,341112,4187931,21.6
082034,Corleone,0,0,90,342307,4188776,21.6
082034,Corleone,0,0,91,341337,4189420,21.6
082034,Corleone,0,0,92,341477,4190262,21.6
082034,Corleone,0,0,93,342826,4189826,21.6
082034,Corleone,0,0,94,344868,4191880,21.6
082034,Corleone,0,0,95,346252,4192005,21.6
082034,Corleone,0,0,96,347379,4193005,21.6
082034,Corleone,0,0,97,348387,4193186,21.6
082034,Corleone,0,0,98,349223,4193538,21.6
082034,Corleone,0,0,99,349863,4193575,21.6
082034,Corleone,0,0,100,350506,4193246,21.6
082034,Corleone,0,0,101,350980,4193227,21.6
082034,Corleone,0,0,102,351330,4193385,21.6
082034,Corleone,0,0,103,351537,4193778,21.6
082034,Corleone,0,0,104,351829,4193767,21.6
082034,Corleone,1,0,0,357190,4194223,21.6
082034,Corleone,1,0,1,357473,4193987,21.6
082034,Corleone,1,0,2,357411,4193879,21.6
082034,Corleone,1,0,3,357218,4194010,21.6
082034,Corleone,1,0,4,357190,4194223,21.6
082035,Ficarazzi,0,0,0,366746,4217504,20.1
082035,Ficarazzi,0,0,1,366344,4216680,20.1
082035,Ficarazzi,0,0,2,366397,4216443,20.1
082035,Ficarazzi,0,0,3,365933,4216507,20.1
082035,Ficarazzi,0,0,4,364391,4215858,20.1
082035,Ficarazzi,0,0,5,364178,4216001,20.1
082035,Ficarazzi,0,0,6,364166,4217525,20.1
082035,Ficarazzi,0,0,7,366806,4218001,20.1
082035,Ficarazzi,0,0,8,366746,4217504,20.1
082036,Gangi,0,0,0,431879,4186827,23.5
082036,Gangi,0,0,1,432420,4186525,23.5
082036,Gangi,0,0,2,432313,4185833,23.5
082036,Gangi,0,0,3,434209,4185587,23.5
082036,Gangi,0,0,4,435132,4186008,23.5
082036,Gangi,0,0,5,435457,4185706,23.5
082036,Gangi,0,0,6,435642,4185107,23.5
082036,Gangi,0,0,7,435595,4184632,23.5
082036,Gangi,0,0,8,435931,4183946,23.5
082036,Gangi,0,0,9,435339,4183871,23.5
082036,Gangi,0,0,10,435089,4183538,23.5
082036,Gangi,0,0,11,435006,4182994,23.5
082036,Gangi,0,0,12,435689,4182869,23.5
082036,Gangi,0,0,13,435683,4181134,23.5
082036,Gangi,0,0,14,437231,4180025,23.5
082036,Gangi,0,0,15,437456,4179480,23.5
082036,Gangi,0,0,16,437506,4178387,23.5
082036,Gangi,0,0,17,437886,4177901,23.5
082036,Gangi,0,0,18,436714,4175737,23.5
082036,Gangi,0,0,19,435911,4175145,23.5
082036,Gangi,0,0,20,435588,4173606,23.5
082036,Gangi,0,0,21,434905,4172667,23.5
082036,Gangi,0,0,22,433790,4172190,23.5
082036,Gangi,0,0,23,433096,4172322,23.5
082036,Gangi,0,0,24,432897,4171781,23.5
082036,Gangi,0,0,25,432526,4171747,23.5
082036,Gangi,0,0,26,431677,4171222,23.5
082036,Gangi,0,0,27,430911,4170346,23.5
082036,Gangi,0,0,28,429667,4170475,23.5
082036,Gangi,0,0,29,428501,4169944,23.5
082036,Gangi,0,0,30,428062,4169507,23.5
082036,Gangi,0,0,31,427311,4170264,23.5
082036,Gangi,0,0,32,427700,4170759,23.5
082036,Gangi,0,0,33,427753,4171745,23.5
082036,Gangi,0,0,34,428565,4173062,23.5
082036,Gangi,0,0,35,429039,4175743,23.5
082036,Gangi,0,0,36,428906,4176522,23.5
082036,Gangi,0,0,37,427804,4177166,23.5
082036,Gangi,0,0,38,427002,4177265,23.5
082036,Gangi,0,0,39,426394,4176740,23.5
082036,Gangi,0,0,40,425603,4176935,23.5
082036,Gangi,0,0,41,425675,4177526,23.5
082036,Gangi,0,0,42,425416,4178299,23.5
082036,Gangi,0,0,43,426124,4179250,23.5
082036,Gangi,0,0,44,426806,4179573,23.5
082036,Gangi,0,0,45,427397,4179601,23.5
082036,Gangi,0,0,46,427624,4180291,23.5
082036,Gangi,0,0,47,427624,4182853,23.5
082036,Gangi,0,0,48,427345,4183038,23.5
082036,Gangi,0,0,49,427068,4183682,23.5
082036,Gangi,0,0,50,427064,4184243,23.5
082036,Gangi,0,0,51,428420,4185862,23.5
082036,Gangi,0,0,52,429134,4185996,23.5
082036,Gangi,0,0,53,430006,4185909,23.5
082036,Gangi,0,0,54,430681,4186082,23.5
082036,Gangi,0,0,55,431339,4186905,23.5
082036,Gangi,0,0,56,431879,4186827,23.5
082037,Geraci Siculo,0,0,0,424852,4197440,27.6
082037,Geraci Siculo,0,0,1,425542,4195947,27.6
082037,Geraci Siculo,0,0,2,426171,4195528,27.6
082037,Geraci Siculo,0,0,3,426901,4194393,27.6
082037,Geraci Siculo,0,0,4,427978,4193288,27.6
082037,Geraci Siculo,0,0,5,429332,4192266,27.6
082037,Geraci Siculo,0,0,6,429780,4192072,27.6
082037,Geraci Siculo,0,0,7,430316,4192357,27.6
082037,Geraci Siculo,0,0,8,431427,4192560,27.6
082037,Geraci Siculo,0,0,9,432375,4192327,27.6
082037,Geraci Siculo,0,0,10,432664,4191587,27.6
082037,Geraci Siculo,0,0,11,432368,4190433,27.6
082037,Geraci Siculo,0,0,12,433287,4189682,27.6
082037,Geraci Siculo,0,0,13,434115,4189693,27.6
082037,Geraci Siculo,0,0,14,435485,4189152,27.6
082037,Geraci Siculo,0,0,15,436068,4189087,27.6
082037,Geraci Siculo,0,0,16,436644,4188317,27.6
082037,Geraci Siculo,0,0,17,435506,4187510,27.6
082037,Geraci Siculo,0,0,18,435205,4187010,27.6
082037,Geraci Siculo,0,0,19,435025,4185865,27.6
082037,Geraci Siculo,0,0,20,434284,4185599,27.6
082037,Geraci Siculo,0,0,21,432313,4185833,27.6
082037,Geraci Siculo,0,0,22,432420,4186525,27.6
082037,Geraci Siculo,0,0,23,431386,4186922,27.6
082037,Geraci Siculo,0,0,24,430681,4186082,27.6
082037,Geraci Siculo,0,0,25,428373,4185826,27.6
082037,Geraci Siculo,0,0,26,427064,4184243,27.6
082037,Geraci Siculo,0,0,27,427068,4183682,27.6
082037,Geraci Siculo,0,0,28,427345,4183038,27.6
082037,Geraci Siculo,0,0,29,427624,4182853,27.6
082037,Geraci Siculo,0,0,30,427546,4180982,27.6
082037,Geraci Siculo,0,0,31,427705,4180687,27.6
082037,Geraci Siculo,0,0,32,427430,4179673,27.6
082037,Geraci Siculo,0,0,33,426354,4181516,27.6
082037,Geraci Siculo,0,0,34,425615,4181570,27.6
082037,Geraci Siculo,0,0,35,425133,4181851,27.6
082037,Geraci Siculo,0,0,36,425027,4182110,27.6
082037,Geraci Siculo,0,0,37,425013,4182764,27.6
082037,Geraci Siculo,0,0,38,425664,4184487,27.6
082037,Geraci Siculo,0,0,39,425650,4185387,27.6
082037,Geraci Siculo,0,0,40,425466,4185995,27.6
082037,Geraci Siculo,0,0,41,424699,4186556,27.6
082037,Geraci Siculo,0,0,42,424128,4187233,27.6
082037,Geraci Siculo,0,0,43,422939,4187846,27.6
082037,Geraci Siculo,0,0,44,422163,4188563,27.6
082037,Geraci Siculo,0,0,45,421781,4190663,27.6
082037,Geraci Siculo,0,0,46,420829,4190638,27.6
082037,Geraci Siculo,0,0,47,420658,4190843,27.6
082037,Geraci Siculo,0,0,48,420635,4192726,27.6
082037,Geraci Siculo,0,0,49,419662,4193400,27.6
082037,Geraci Siculo,0,0,50,419592,4193707,27.6
082037,Geraci Siculo,0,0,51,419643,4194131,27.6
082037,Geraci Siculo,0,0,52,420005,4194733,27.6
082037,Geraci Siculo,0,0,53,422937,4195567,27.6
082037,Geraci Siculo,0,0,54,423205,4195531,27.6
082037,Geraci Siculo,0,0,55,423675,4196463,27.6
082037,Geraci Siculo,0,0,56,424316,4197237,27.6
082037,Geraci Siculo,0,0,57,424852,4197440,27.6
082038,Giardinello,0,0,0,339361,4218385,20.8
082038,Giardinello,0,0,1,338700,4217511,20.8
082038,Giardinello,0,0,2,338739,4216829,20.8
082038,Giardinello,0,0,3,339059,4216282,20.8
082038,Giardinello,0,0,4,339283,4216142,20.8
082038,Giardinello,0,0,5,339792,4216210,20.8
082038,Giardinello,0,0,6,340271,4215574,20.8
082038,Giardinello,0,0,7,341781,4215605,20.8
082038,Giardinello,0,0,8,342007,4215752,20.8
082038,Giardinello,0,0,9,342259,4215252,20.8
082038,Giardinello,0,0,10,342898,4215143,20.8
082038,Giardinello,0,0,11,343344,4215399,20.8
082038,Giardinello,0,0,12,343710,4215887,20.8
082038,Giardinello,0,0,13,343852,4216911,20.8
082038,Giardinello,0,0,14,344507,4216215,20.8
082038,Giardinello,0,0,15,344153,4215404,20.8
082038,Giardinello,0,0,16,343271,4214200,20.8
082038,Giardinello,0,0,17,342094,4213380,20.8
082038,Giardinello,0,0,18,341797,4212799,20.8
082038,Giardinello,0,0,19,340872,4213138,20.8
082038,Giardinello,0,0,20,339746,4214188,20.8
082038,Giardinello,0,0,21,339695,4215240,20.8
082038,Giardinello,0,0,22,339553,4215447,20.8
082038,Giardinello,0,0,23,338422,4215779,20.8
082038,Giardinello,0,0,24,337669,4215621,20.8
082038,Giardinello,0,0,25,336412,4215946,20.8
082038,Giardinello,0,0,26,337607,4216498,20.8
082038,Giardinello,0,0,27,337632,4217165,20.8
082038,Giardinello,0,0,28,338094,4218041,20.8
082038,Giardinello,0,0,29,338602,4218364,20.8
082038,Giardinello,0,0,30,339361,4218385,20.8
082039,Giuliana,0,0,0,343317,4174767,20.0
082039,Giuliana,0,0,1,343373,4173954,20.0
082039,Giuliana,0,0,2,343880,4173058,20.0
082039,Giuliana,0,0,3,344180,4172834,20.0
082039,Giuliana,0,0,4,346152,4172426,20.0
082039,Giuliana,0,0,5,346486,4171618,20.0
082039,Giuliana,0,0,6,346328,4171213,20.0
082039,Giuliana,0,0,7,344864,4170065,20.0
082039,Giuliana,0,0,8,344224,4168717,20.0
082039,Giuliana,0,0,9,344065,4168014,20.0
082039,Giuliana,0,0,10,344361,4166653,20.0
082039,Giuliana,0,0,11,345078,4165226,20.0
082039,Giuliana,0,0,12,343466,4166299,20.0
082039,Giuliana,0,0,13,342247,4167533,20.0
082039,Giuliana,0,0,14,342007,4168104,20.0
082039,Giuliana,0,0,15,342579,4170726,20.0
082039,Giuliana,0,0,16,342489,4171142,20.0
082039,Giuliana,0,0,17,341664,4171487,20.0
082039,Giuliana,0,0,18,340665,4172212,20.0
082039,Giuliana,0,0,19,340221,4173146,20.0
082039,Giuliana,0,0,20,340880,4173278,20.0
082039,Giuliana,0,0,21,341669,4174800,20.0
082039,Giuliana,0,0,22,343317,4174767,20.0
082040,Godrano,0,0,0,362233,4196536,24.8
082040,Godrano,0,0,1,362300,4196301,24.8
082040,Godrano,0,0,2,362640,4196252,24.8
082040,Godrano,0,0,3,362843,4196044,24.8
082040,Godrano,0,0,4,362916,4195376,24.8
082040,Godrano,0,0,5,362642,4194990,24.8
082040,Godrano,0,0,6,361872,4194661,24.8
082040,Godrano,0,0,7,362610,4192714,24.8
082040,Godrano,0,0,8,362115,4191987,24.8
082040,Godrano,0,0,9,363447,4189161,24.8
082040,Godrano,0,0,10,361805,4186857,24.8
082040,Godrano,0,0,11,361236,4187074,24.8
082040,Godrano,0,0,12,359506,4186251,24.8
082040,Godrano,0,0,13,358716,4186425,24.8
082040,Godrano,0,0,14,357975,4186981,24.8
082040,Godrano,0,0,15,357140,4187910,24.8
082040,Godrano,0,0,16,358059,4189381,24.8
082040,Godrano,0,0,17,358767,4190991,24.8
082040,Godrano,0,0,18,359096,4191154,24.8
082040,Godrano,0,0,19,358707,4193954,24.8
082040,Godrano,0,0,20,360553,4196857,24.8
082040,Godrano,0,0,21,361081,4196558,24.8
082040,Godrano,0,0,22,361848,4196486,24.8
082040,Godrano,0,0,23,361779,4196757,24.8
082040,Godrano,0,0,24,362281,4196966,24.8
082040,Godrano,0,0,25,362490,4196654,24.8
082040,Godrano,0,0,26,362233,4196536,24.8
082041,Gratteri,0,0,0,410371,4207505,16.3
082041,Gratteri,0,0,1,411220,4206755,16.3
082041,Gratteri,0,0,2,412813,4206005,16.3
082041,Gratteri,0,0,3,413464,4205500,16.3
082041,Gratteri,0,0,4,413506,4203451,16.3
082041,Gratteri,0,0,5,413208,4202177,16.3
082041,Gratteri,0,0,6,413608,4200877,16.3
082041,Gratteri,0,0,7,412997,4201104,16.3
082041,Gratteri,0,0,8,412257,4201037,16.3
082041,Gratteri,0,0,9,411242,4200582,16.3
082041,Gratteri,0,0,10,410136,4199245,16.3
082041,Gratteri,0,0,11,409520,4199564,16.3
082041,Gratteri,0,0,12,408506,4199685,16.3
082041,Gratteri,0,0,13,407949,4199937,16.3
082041,Gratteri,0,0,14,408072,4200344,16.3
082041,Gratteri,0,0,15,407889,4201163,16.3
082041,Gratteri,0,0,16,407319,4202138,16.3
082041,Gratteri,0,0,17,406626,4203948,16.3
082041,Gratteri,0,0,18,407015,4204768,16.3
082041,Gratteri,0,0,19,408247,4204576,16.3
082041,Gratteri,0,0,20,408851,4204874,16.3
082041,Gratteri,0,0,21,408057,4206005,16.3
082041,Gratteri,0,0,22,408022,4206553,16.3
082041,Gratteri,0,0,23,409484,4207403,16.3
082041,Gratteri,0,0,24,410371,4207505,16.3
082042,Isnello,0,0,0,413506,4200899,22.1
082042,Isnello,0,0,1,414099,4201078,22.1
082042,Isnello,0,0,2,415464,4200453,22.1
082042,Isnello,0,0,3,416589,4200351,22.1
082042,Isnello,0,0,4,417366,4199218,22.1
082042,Isnello,0,0,5,415843,4197892,22.1
082042,Isnello,0,0,6,416255,4196406,22.1
082042,Isnello,0,0,7,415784,4195506,22.1
082042,Isnello,0,0,8,414464,4194685,22.1
082042,Isnello,0,0,9,413954,4194030,22.1
082042,Isnello,0,0,10,413930,4193364,22.1
082042,Isnello,0,0,11,413662,4192640,22.1
082042,Isnello,0,0,12,413312,4192235,22.1
082042,Isnello,0,0,13,413452,4191908,22.1
082042,Isnello,0,0,14,413718,4191773,22.1
082042,Isnello,0,0,15,412522,4191653,22.1
082042,Isnello,0,0,16,411668,4192573,22.1
082042,Isnello,0,0,17,410987,4192686,22.1
082042,Isnello,0,0,18,410246,4192565,22.1
082042,Isnello,0,0,19,409763,4193005,22.1
082042,Isnello,0,0,20,408782,4196019,22.1
082042,Isnello,0,0,21,409256,4196991,22.1
082042,Isnello,0,0,22,409475,4198283,22.1
082042,Isnello,0,0,23,409974,4199303,22.1
082042,Isnello,0,0,24,410279,4199295,22.1
082042,Isnello,0,0,25,411242,4200582,22.1
082042,Isnello,0,0,26,412257,4201037,22.1
082042,Isnello,0,0,27,412997,4201104,22.1
082042,Isnello,0,0,28,413506,4200899,22.1
082043,Isola delle Femmine,0,0,0,346048,4229505,24.1
082043,Isola delle Femmine,0,0,1,347095,4229340,24.1
082043,Isola delle Femmine,0,0,2,347521,4229573,24.1
082043,Isola delle Femmine,0,0,3,347373,4227466,24.1
082043,Isola delle Femmine,0,0,4,347095,4226913,24.1
082043,Isola delle Femmine,0,0,5,346719,4227210,24.1
082043,Isola delle Femmine,0,0,6,346231,4227192,24.1
082043,Isola delle Femmine,0,0,7,345875,4227464,24.1
082043,Isola delle Femmine,0,0,8,345646,4227957,24.1
082043,Isola delle Femmine,0,0,9,346224,4228710,24.1
082043,Isola delle Femmine,0,0,10,346048,4229505,24.1
082043,Isola delle Femmine,1,0,0,345386,4230820,24.1
082043,Isola delle Femmine,1,0,1,345703,4230719,24.1
082043,Isola delle Femmine,1,0,2,345687,4230322,24.1
082043,Isola delle Femmine,1,0,3,345368,4230622,24.1
082043,Isola delle Femmine,1,0,4,345386,4230820,24.1
082044,Lascari,0,0,0,406899,4207832,24.5
082044,Lascari,0,0,1,406755,4207298,24.5
082044,Lascari,0,0,2,407142,4206951,24.5
082044,Lascari,0,0,3,408022,4206553,24.5
082044,Lascari,0,0,4,408057,4206005,24.5
082044,Lascari,0,0,5,408851,4204874,24.5
082044,Lascari,0,0,6,408247,4204576,24.5
082044,Lascari,0,0,7,407015,4204768,24.5
082044,Lascari,0,0,8,406652,4204102,24.5
082044,Lascari,0,0,9,406430,4204110,24.5
082044,Lascari,0,0,10,405513,4205395,24.5
082044,Lascari,0,0,11,405055,4205429,24.5
082044,Lascari,0,0,12,404602,4207673,24.5
082044,Lascari,0,0,13,406396,4208723,24.5
082044,Lascari,0,0,14,406711,4208403,24.5
082044,Lascari,0,0,15,406899,4207832,24.5
082045,Lercara Friddi,0,0,0,379955,4182531,16.8
082045,Lercara Friddi,0,0,1,379905,4181823,16.8
082045,Lercara Friddi,0,0,2,380337,4181228,16.8
082045,Lercara Friddi,0,0,3,381519,4180583,16.8
082045,Lercara Friddi,0,0,4,382177,4180727,16.8
082045,Lercara Friddi,0,0,5,382476,4181013,16.8
082045,Lercara Friddi,0,0,6,382718,4180811,16.8
082045,Lercara Friddi,0,0,7,382308,4179957,16.8
082045,Lercara Friddi,0,0,8,382547,4179169,16.8
082045,Lercara Friddi,0,0,9,382223,4178245,16.8
082045,Lercara Friddi,0,0,10,379873,4177368,16.8
082045,Lercara Friddi,0,0,11,379620,4176361,16.8
082045,Lercara Friddi,0,0,12,378654,4176872,16.8
082045,Lercara Friddi,0,0,13,378234,4176159,16.8
082045,Lercara Friddi,0,0,14,377764,4174579,16.8
082045,Lercara Friddi,0,0,15,376332,4174158,16.8
082045,Lercara Friddi,0,0,16,376011,4174204,16.8
082045,Lercara Friddi,0,0,17,375578,4175130,16.8
082045,Lercara Friddi,0,0,18,375342,4176224,16.8
082045,Lercara Friddi,0,0,19,374816,4177129,16.8
082045,Lercara Friddi,0,0,20,373849,4176740,16.8
082045,Lercara Friddi,0,0,21,373399,4176873,16.8
082045,Lercara Friddi,0,0,22,372278,4178405,16.8
082045,Lercara Friddi,0,0,23,371462,4178785,16.8
082045,Lercara Friddi,0,0,24,372809,4179636,16.8
082045,Lercara Friddi,0,0,25,373502,4179109,16.8
082045,Lercara Friddi,0,0,26,374892,4177240,16.8
082045,Lercara Friddi,0,0,27,374871,4178805,16.8
082045,Lercara Friddi,0,0,28,375081,4179415,16.8
082045,Lercara Friddi,0,0,29,375586,4179589,16.8
082045,Lercara Friddi,0,0,30,376059,4179319,16.8
082045,Lercara Friddi,0,0,31,376658,4179280,16.8
082045,Lercara Friddi,0,0,32,377496,4179776,16.8
082045,Lercara Friddi,0,0,33,377769,4180066,16.8
082045,Lercara Friddi,0,0,34,378041,4180939,16.8
082045,Lercara Friddi,0,0,35,378718,4182124,16.8
082045,Lercara Friddi,0,0,36,379955,4182531,16.8
082046,Marineo,0,0,0,357681,4205677,18.3
082046,Marineo,0,0,1,358185,4205477,18.3
082046,Marineo,0,0,2,358404,4204943,18.3
082046,Marineo,0,0,3,359178,4204515,18.3
082046,Marineo,0,0,4,360594,4204205,18.3
082046,Marineo,0,0,5,362094,4202531,18.3
082046,Marineo,0,0,6,363036,4202101,18.3
082046,Marineo,0,0,7,363232,4201742,18.3
082046,Marineo,0,0,8,363032,4201462,18.3
082046,Marineo,0,0,9,364021,4201196,18.3
082046,Marineo,0,0,10,364151,4200894,18.3
082046,Marineo,0,0,11,365659,4199902,18.3
082046,Marineo,0,0,12,365643,4199210,18.3
082046,Marineo,0,0,13,364028,4198988,18.3
082046,Marineo,0,0,14,363585,4198527,18.3
082046,Marineo,0,0,15,363359,4196595,18.3
082046,Marineo,0,0,16,362490,4196654,18.3
082046,Marineo,0,0,17,362281,4196966,18.3
082046,Marineo,0,0,18,361779,4196757,18.3
082046,Marineo,0,0,19,361848,4196486,18.3
082046,Marineo,0,0,20,361081,4196558,18.3
082046,Marineo,0,0,21,360553,4196857,18.3
082046,Marineo,0,0,22,360683,4197219,18.3
082046,Marineo,0,0,23,360509,4198005,18.3
082046,Marineo,0,0,24,361253,4198829,18.3
082046,Marineo,0,0,25,361453,4199343,18.3
082046,Marineo,0,0,26,361388,4199466,18.3
082046,Marineo,0,0,27,360635,4199518,18.3
082046,Marineo,0,0,28,359180,4200532,18.3
082046,Marineo,0,0,29,359353,4201725,18.3
082046,Marineo,0,0,30,359743,4202613,18.3
082046,Marineo,0,0,31,359354,4203138,18.3
082046,Marineo,0,0,32,358030,4202267,18.3
082046,Marineo,0,0,33,356976,4202581,18.3
082046,Marineo,0,0,34,356852,4202891,18.3
082046,Marineo,0,0,35,357165,4203709,18.3
082046,Marineo,0,0,36,356505,4204281,18.3
082046,Marineo,0,0,37,356154,4204318,18.3
082046,Marineo,0,0,38,355981,4204694,18.3
082046,Marineo,0,0,39,356127,4205246,18.3
082046,Marineo,0,0,40,356593,4205630,18.3
082046,Marineo,0,0,41,357681,4205677,18.3
082047,Mezzojuso,0,0,0,362490,4196654,20.6
082047,Mezzojuso,0,0,1,364735,4196382,20.6
082047,Mezzojuso,0,0,2,365265,4195441,20.6
082047,Mezzojuso,0,0,3,365741,4195094,20.6
082047,Mezzojuso,0,0,4,367178,4195553,20.6
082047,Mezzojuso,0,0,5,368244,4195401,20.6
082047,Mezzojuso,0,0,6,368696,4195029,20.6
082047,Mezzojuso,0,0,7,368205,4194586,20.6
082047,Mezzojuso,0,0,8,367688,4193655,20.6
082047,Mezzojuso,0,0,9,368983,4191751,20.6
082047,Mezzojuso,0,0,10,368883,4191660,20.6
082047,Mezzojuso,0,0,11,369016,4191224,20.6
082047,Mezzojuso,0,0,12,371007,4188981,20.6
082047,Mezzojuso,0,0,13,371220,4188061,20.6
082047,Mezzojuso,0,0,14,370298,4187536,20.6
082047,Mezzojuso,0,0,15,368490,4188166,20.6
082047,Mezzojuso,0,0,16,368006,4189199,20.6
082047,Mezzojuso,0,0,17,367568,4189290,20.6
082047,Mezzojuso,0,0,18,366510,4188745,20.6
082047,Mezzojuso,0,0,19,365547,4187455,20.6
082047,Mezzojuso,0,0,20,364759,4187975,20.6
082047,Mezzojuso,0,0,21,364573,4187545,20.6
082047,Mezzojuso,0,0,22,364111,4187879,20.6
082047,Mezzojuso,0,0,23,363879,4188749,20.6
082047,Mezzojuso,0,0,24,363239,4189385,20.6
082047,Mezzojuso,0,0,25,362115,4191987,20.6
082047,Mezzojuso,0,0,26,362610,4192714,20.6
082047,Mezzojuso,0,0,27,361872,4194661,20.6
082047,Mezzojuso,0,0,28,362642,4194990,20.6
082047,Mezzojuso,0,0,29,362916,4195376,20.6
082047,Mezzojuso,0,0,30,362843,4196044,20.6
082047,Mezzojuso,0,0,31,362152,4196487,20.6
082047,Mezzojuso,0,0,32,362490,4196654,20.6
082048,Misilmeri,0,0,0,365933,4216507,16.2
082048,Misilmeri,0,0,1,366397,4216443,16.2
082048,Misilmeri,0,0,2,366308,4215698,16.2
082048,Misilmeri,0,0,3,366486,4215181,16.2
082048,Misilmeri,0,0,4,366311,4214470,16.2
082048,Misilmeri,0,0,5,365694,4213336,16.2
082048,Misilmeri,0,0,6,365315,4211562,16.2
082048,Misilmeri,0,0,7,365611,4210958,16.2
082048,Misilmeri,0,0,8,366038,4210845,16.2
082048,Misilmeri,0,0,9,366593,4210945,16.2
082048,Misilmeri,0,0,10,367244,4210272,16.2
082048,Misilmeri,0,0,11,367482,4209889,16.2
082048,Misilmeri,0,0,12,367452,4209215,16.2
082048,Misilmeri,0,0,13,366951,4207921,16.2
082048,Misilmeri,0,0,14,366308,4206908,16.2
082048,Misilmeri,0,0,15,365587,4206430,16.2
082048,Misilmeri,0,0,16,365499,4205879,16.2
082048,Misilmeri,0,0,17,364096,4205715,16.2
082048,Misilmeri,0,0,18,363866,4205364,16.2
082048,Misilmeri,0,0,19,364215,4204183,16.2
082048,Misilmeri,0,0,20,363530,4203924,16.2
082048,Misilmeri,0,0,21,363124,4204046,16.2
082048,Misilmeri,0,0,22,362723,4204418,16.2
082048,Misilmeri,0,0,23,362604,4203506,16.2
082048,Misilmeri,0,0,24,363336,4202323,16.2
082048,Misilmeri,0,0,25,363232,4201742,16.2
082048,Misilmeri,0,0,26,363036,4202101,16.2
082048,Misilmeri,0,0,27,362094,4202531,16.2
082048,Misilmeri,0,0,28,360594,4204205,16.2
082048,Misilmeri,0,0,29,359178,4204515,16.2
082048,Misilmeri,0,0,30,358404,4204943,16.2
082048,Misilmeri,0,0,31,358185,4205477,16.2
082048,Misilmeri,0,0,32,357216,4205712,16.2
082048,Misilmeri,0,0,33,358380,4207372,16.2
082048,Misilmeri,0,0,34,358687,4208123,16.2
082048,Misilmeri,0,0,35,358610,4208270,16.2
082048,Misilmeri,0,0,36,359084,4209111,16.2
082048,Misilmeri,0,0,37,360092,4209868,16.2
082048,Misilmeri,0,0,38,360828,4210127,16.2
082048,Misilmeri,0,0,39,361254,4210703,16.2
082048,Misilmeri,0,0,40,360841,4212005,16.2
082048,Misilmeri,0,0,41,362017,4212854,16.2
082048,Misilmeri,0,0,42,362052,4213366,16.2
082048,Misilmeri,0,0,43,361871,4213836,16.2
082048,Misilmeri,0,0,44,362657,4214432,16.2
082048,Misilmeri,0,0,45,363109,4214159,16.2
082048,Misilmeri,0,0,46,363248,4214249,16.2
082048,Misilmeri,0,0,47,364492,4215293,16.2
082048,Misilmeri,0,0,48,364391,4215858,16.2
082048,Misilmeri,0,0,49,365933,4216507,16.2
082049,Monreale,0,0,0,349521,4219104,21.8
082049,Monreale,0,0,1,351114,4218223,21.8
082049,Monreale,0,0,2,351370,4217815,21.8
082049,Monreale,0,0,3,351131,4216702,21.8
082049,Monreale,0,0,4,351176,4215514,21.8
082049,Monreale,0,0,5,351636,4215430,21.8
082049,Monreale,0,0,6,352181,4215582,21.8
082049,Monreale,0,0,7,353091,4214427,21.8
082049,Monreale,0,0,8,352429,4213454,21.8
082049,Monreale,0,0,9,352116,4213837,21.8
082049,Monreale,0,0,10,350899,4214466,21.8
082049,Monreale,0,0,11,350873,4214081,21.8
082049,Monreale,0,0,12,350455,4213542,21.8
082049,Monreale,0,0,13,349480,4212975,21.8
082049,Monreale,0,0,14,348269,4212900,21.8
082049,Monreale,0,0,15,348224,4211478,21.8
082049,Monreale,0,0,16,348452,4210427,21.8
082049,Monreale,0,0,17,348831,4209958,21.8
082049,Monreale,0,0,18,349208,4209806,21.8
082049,Monreale,0,0,19,348720,4209437,21.8
082049,Monreale,0,0,20,348344,4208492,21.8
082049,Monreale,0,0,21,347685,4207583,21.8
082049,Monreale,0,0,22,346919,4205098,21.8
082049,Monreale,0,0,23,346748,4203981,21.8
082049,Monreale,0,0,24,348841,4202989,21.8
082049,Monreale,0,0,25,348708,4200813,21.8
082049,Monreale,0,0,26,349316,4199505,21.8
082049,Monreale,0,0,27,351050,4198608,21.8
082049,Monreale,0,0,28,351961,4198508,21.8
082049,Monreale,0,0,29,352506,4198634,21.8
082049,Monreale,0,0,30,353841,4197152,21.8
082049,Monreale,0,0,31,354646,4197163,21.8
082049,Monreale,0,0,32,354926,4197505,21.8
082049,Monreale,0,0,33,355611,4197408,21.8
082049,Monreale,0,0,34,355962,4197151,21.8
082049,Monreale,0,0,35,356543,4197249,21.8
082049,Monreale,0,0,36,356806,4198489,21.8
082049,Monreale,0,0,37,358010,4199237,21.8
082049,Monreale,0,0,38,358084,4199441,21.8
082049,Monreale,0,0,39,359091,4199035,21.8
082049,Monreale,0,0,40,359854,4199274,21.8
082049,Monreale,0,0,41,360416,4199730,21.8
082049,Monreale,0,0,42,360635,4199518,21.8
082049,Monreale,0,0,43,361388,4199466,21.8
082049,Monreale,0,0,44,361253,4198829,21.8
082049,Monreale,0,0,45,360509,4198005,21.8
082049,Monreale,0,0,46,360641,4196965,21.8
082049,Monreale,0,0,47,358707,4193954,21.8
082049,Monreale,0,0,48,358713,4193235,21.8
082049,Monreale,0,0,49,358967,4192557,21.8
082049,Monreale,0,0,50,359103,4191300,21.8
082049,Monreale,0,0,51,359006,4191031,21.8
082049,Monreale,0,0,52,356475,4191456,21.8
082049,Monreale,0,0,53,355500,4190383,21.8
082049,Monreale,0,0,54,355275,4189553,21.8
082049,Monreale,0,0,55,354833,4189165,21.8
082049,Monreale,0,0,56,352731,4190169,21.8
082049,Monreale,0,0,57,351513,4190073,21.8
082049,Monreale,0,0,58,351021,4190175,21.8
082049,Monreale,0,0,59,351157,4190888,21.8
082049,Monreale,0,0,60,351950,4192005,21.8
082049,Monreale,0,0,61,352106,4192912,21.8
082049,Monreale,0,0,62,352062,4193353,21.8
082049,Monreale,0,0,63,351829,4193767,21.8
082049,Monreale,0,0,64,351646,4193809,21.8
082049,Monreale,0,0,65,351330,4193385,21.8
082049,Monreale,0,0,66,350980,4193227,21.8
082049,Monreale,0,0,67,350506,4193246,21.8
082049,Monreale,0,0,68,349863,4193575,21.8
082049,Monreale,0,0,69,349223,4193538,21.8
082049,Monreale,0,0,70,348387,4193186,21.8
082049,Monreale,0,0,71,347379,4193005,21.8
082049,Monreale,0,0,72,346252,4192005,21.8
082049,Monreale,0,0,73,344868,4191880,21.8
082049,Monreale,0,0,74,342826,4189826,21.8
082049,Monreale,0,0,75,341669,4190166,21.8
082049,Monreale,0,0,76,340582,4190744,21.8
082049,Monreale,0,0,77,339183,4191096,21.8
082049,Monreale,0,0,78,338363,4191853,21.8
082049,Monreale,0,0,79,337611,4192198,21.8
082049,Monreale,0,0,80,336491,4192024,21.8
082049,Monreale,0,0,81,335138,4192049,21.8
082049,Monreale,0,0,82,334732,4190467,21.8
082049,Monreale,0,0,83,334907,4189505,21.8
082049,Monreale,0,0,84,335384,4188525,21.8
082049,Monreale,0,0,85,336422,4188262,21.8
082049,Monreale,0,0,86,336906,4188640,21.8
082049,Monreale,0,0,87,337673,4188586,21.8
082049,Monreale,0,0,88,337702,4187981,21.8
082049,Monreale,0,0,89,336959,4186664,21.8
082049,Monreale,0,0,90,337008,4186099,21.8
082049,Monreale,0,0,91,336745,4185835,21.8
082049,Monreale,0,0,92,336475,4185628,21.8
082049,Monreale,0,0,93,335227,4185434,21.8
082049,Monreale,0,0,94,334907,4185516,21.8
082049,Monreale,0,0,95,334847,4184568,21.8
082049,Monreale,0,0,96,334017,4184548,21.8
082049,Monreale,0,0,97,332648,4183877,21.8
082049,Monreale,0,0,98,332492,4183553,21.8
082049,Monreale,0,0,99,332514,4182945,21.8
082049,Monreale,0,0,100,332153,4182835,21.8
082049,Monreale,0,0,101,331856,4183235,21.8
082049,Monreale,0,0,102,331069,4183390,21.8
082049,Monreale,0,0,103,330498,4184111,21.8
082049,Monreale,0,0,104,331056,4185705,21.8
082049,Monreale,0,0,105,332203,4186236,21.8
082049,Monreale,0,0,106,332607,4186827,21.8
082049,Monreale,0,0,107,332475,4187115,21.8
082049,Monreale,0,0,108,332014,4187274,21.8
082049,Monreale,0,0,109,331432,4187001,21.8
082049,Monreale,0,0,110,330967,4187428,21.8
082049,Monreale,0,0,111,329769,4187057,21.8
082049,Monreale,0,0,112,329106,4186569,21.8
082049,Monreale,0,0,113,328850,4186597,21.8
082049,Monreale,0,0,114,328473,4187028,21.8
082049,Monreale,0,0,115,327003,4187188,21.8
082049,Monreale,0,0,116,325863,4187610,21.8
082049,Monreale,0,0,117,321396,4188210,21.8
082049,Monreale,0,0,118,321208,4188909,21.8
082049,Monreale,0,0,119,320794,4189564,21.8
082049,Monreale,0,0,120,319203,4190005,21.8
082049,Monreale,0,0,121,319004,4190598,21.8
082049,Monreale,0,0,122,319411,4191583,21.8
082049,Monreale,0,0,123,320128,4192145,21.8
082049,Monreale,0,0,124,320429,4192779,21.8
082049,Monreale,0,0,125,320195,4193223,21.8
082049,Monreale,0,0,126,319886,4193209,21.8
082049,Monreale,0,0,127,319537,4194665,21.8
082049,Monreale,0,0,128,318534,4194786,21.8
082049,Monreale,0,0,129,318062,4195108,21.8
082049,Monreale,0,0,130,318560,4195861,21.8
082049,Monreale,0,0,131,318382,4196481,21.8
082049,Monreale,0,0,132,318992,4197375,21.8
082049,Monreale,0,0,133,319415,4196841,21.8
082049,Monreale,0,0,134,320229,4196405,21.8
082049,Monreale,0,0,135,320575,4196748,21.8
082049,Monreale,0,0,136,322006,4196516,21.8
082049,Monreale,0,0,137,322901,4196706,21.8
082049,Monreale,0,0,138,323516,4196329,21.8
082049,Monreale,0,0,139,323946,4196712,21.8
082049,Monreale,0,0,140,323713,4197454,21.8
082049,Monreale,0,0,141,323751,4197913,21.8
082049,Monreale,0,0,142,324124,4197565,21.8
082049,Monreale,0,0,143,324205,4197261,21.8
082049,Monreale,0,0,144,325586,4196692,21.8
082049,Monreale,0,0,145,326866,4197309,21.8
082049,Monreale,0,0,146,326898,4197030,21.8
082049,Monreale,0,0,147,327263,4196839,21.8
082049,Monreale,0,0,148,329212,4196978,21.8
082049,Monreale,0,0,149,328775,4193976,21.8
082049,Monreale,0,0,150,328552,4193497,21.8
082049,Monreale,0,0,151,328060,4193189,21.8
082049,Monreale,0,0,152,328516,4191793,21.8
082049,Monreale,0,0,153,329274,4191878,21.8
082049,Monreale,0,0,154,331285,4194145,21.8
082049,Monreale,0,0,155,331804,4193958,21.8
082049,Monreale,0,0,156,334055,4192373,21.8
082049,Monreale,0,0,157,335002,4193582,21.8
082049,Monreale,0,0,158,336060,4193861,21.8
082049,Monreale,0,0,159,336018,4194114,21.8
082049,Monreale,0,0,160,335453,4194492,21.8
082049,Monreale,0,0,161,335293,4195014,21.8
082049,Monreale,0,0,162,336144,4195937,21.8
082049,Monreale,0,0,163,335912,4196743,21.8
082049,Monreale,0,0,164,335101,4197076,21.8
082049,Monreale,0,0,165,334568,4197100,21.8
082049,Monreale,0,0,166,334101,4196951,21.8
082049,Monreale,0,0,167,334078,4196636,21.8
082049,Monreale,0,0,168,332889,4196609,21.8
082049,Monreale,0,0,169,333139,4197691,21.8
082049,Monreale,0,0,170,333134,4198589,21.8
082049,Monreale,0,0,171,332122,4199495,21.8
082049,Monreale,0,0,172,331108,4199966,21.8
082049,Monreale,0,0,173,331049,4199548,21.8
082049,Monreale,0,0,174,331185,4199369,21.8
082049,Monreale,0,0,175,328324,4198447,21.8
082049,Monreale,0,0,176,328123,4198580,21.8
082049,Monreale,0,0,177,327775,4199086,21.8
082049,Monreale,0,0,178,328271,4200797,21.8
082049,Monreale,0,0,179,327973,4201829,21.8
082049,Monreale,0,0,180,328202,4202648,21.8
082049,Monreale,0,0,181,329003,4203014,21.8
082049,Monreale,0,0,182,329793,4202122,21.8
082049,Monreale,0,0,183,330677,4201675,21.8
082049,Monreale,0,0,184,331744,4203238,21.8
082049,Monreale,0,0,185,330896,4204490,21.8
082049,Monreale,0,0,186,330790,4205047,21.8
082049,Monreale,0,0,187,330973,4206031,21.8
082049,Monreale,0,0,188,331544,4207159,21.8
082049,Monreale,0,0,189,332316,4208162,21.8
082049,Monreale,0,0,190,333190,4208768,21.8
082049,Monreale,0,0,191,334110,4209289,21.8
082049,Monreale,0,0,192,334580,4209374,21.8
082049,Monreale,0,0,193,335018,4209860,21.8
082049,Monreale,0,0,194,335642,4209450,21.8
082049,Monreale,0,0,195,336260,4208394,21.8
082049,Monreale,0,0,196,336525,4208773,21.8
082049,Monreale,0,0,197,336599,4209596,21.8
082049,Monreale,0,0,198,336854,4209704,21.8
082049,Monreale,0,0,199,337953,4209589,21.8
082049,Monreale,0,0,200,338161,4209500,21.8
082049,Monreale,0,0,201,338315,4209044,21.8
082049,Monreale,0,0,202,339072,4209005,21.8
082049,Monreale,0,0,203,339686,4209269,21.8
082049,Monreale,0,0,204,340176,4210524,21.8
082049,Monreale,0,0,205,340057,4211118,21.8
082049,Monreale,0,0,206,339705,4211317,21.8
082049,Monreale,0,0,207,339969,4211885,21.8
082049,Monreale,0,0,208,340881,4212346,21.8
082049,Monreale,0,0,209,341466,4212002,21.8
082049,Monreale,0,0,210,341507,4211620,21.8
082049,Monreale,0,0,211,341936,4211539,21.8
082049,Monreale,0,0,212,342002,4211997,21.8
082049,Monreale,0,0,213,341832,4212819,21.8
082049,Monreale,0,0,214,342094,4213380,21.8
082049,Monreale,0,0,215,343271,4214200,21.8
082049,Monreale,0,0,216,344153,4215404,21.8
082049,Monreale,0,0,217,344507,4216215,21.8
082049,Monreale,0,0,218,343715,4217156,21.8
082049,Monreale,0,0,219,342979,4217167,21.8
082049,Monreale,0,0,220,341860,4216860,21.8
082049,Monreale,0,0,221,341411,4217154,21.8
082049,Monreale,0,0,222,341430,4217916,21.8
082049,Monreale,0,0,223,341231,4218106,21.8
082049,Monreale,0,0,224,341671,4218362,21.8
082049,Monreale,0,0,225,342772,4218503,21.8
082049,Monreale,0,0,226,345155,4218618,21.8
082049,Monreale,0,0,227,345890,4218425,21.8
082049,Monreale,0,0,228,347694,4218840,21.8
082049,Monreale,0,0,229,349124,4218921,21.8
082049,Monreale,0,0,230,349521,4219104,21.8
082049,Monreale,0,1,0,343783,4208486,21.8
082049,Monreale,0,1,1,341740,4207542,21.8
082049,Monreale,0,1,2,341090,4206354,21.8
082049,Monreale,0,1,3,340514,4205770,21.8
082049,Monreale,0,1,4,338349,4204536,21.8
082049,Monreale,0,1,5,337982,4204800,21.8
082049,Monreale,0,1,6,337180,4204783,21.8
082049,Monreale,0,1,7,337232,4204272,21.8
082049,Monreale,0,1,8,336972,4203944,21.8
082049,Monreale,0,1,9,335634,4203399,21.8
082049,Monreale,0,1,10,334857,4203455,21.8
082049,Monreale,0,1,11,334562,4203289,21.8
082049,Monreale,0,1,12,334999,4202551,21.8
082049,Monreale,0,1,13,335575,4202057,21.8
082049,Monreale,0,1,14,335695,4201572,21.8
082049,Monreale,0,1,15,335564,4200806,21.8
082049,Monreale,0,1,16,336094,4199376,21.8
082049,Monreale,0,1,17,336507,4199361,21.8
082049,Monreale,0,1,18,336981,4199714,21.8
082049,Monreale,0,1,19,337564,4199430,21.8
082049,Monreale,0,1,20,338734,4199687,21.8
082049,Monreale,0,1,21,339609,4198690,21.8
082049,Monreale,0,1,22,340363,4198315,21.8
082049,Monreale,0,1,23,340721,4198298,21.8
082049,Monreale,0,1,24,340908,4197576,21.8
082049,Monreale,0,1,25,340690,4197019,21.8
082049,Monreale,0,1,26,340923,4196456,21.8
082049,Monreale,0,1,27,341210,4196977,21.8
082049,Monreale,0,1,28,341675,4196897,21.8
082049,Monreale,0,1,29,341848,4197940,21.8
082049,Monreale,0,1,30,342407,4199216,21.8
082049,Monreale,0,1,31,342417,4200170,21.8
082049,Monreale,0,1,32,341499,4201436,21.8
082049,Monreale,0,1,33,342094,4203819,21.8
082049,Monreale,0,1,34,344053,4204116,21.8
082049,Monreale,0,1,35,344313,4204569,21.8
082049,Monreale,0,1,36,343998,4205357,21.8
082049,Monreale,0,1,37,343031,4206099,21.8
082049,Monreale,0,1,38,343316,4206300,21.8
082049,Monreale,0,1,39,343714,4206212,21.8
082049,Monreale,0,1,40,344805,4206591,21.8
082049,Monreale,0,1,41,345428,4207229,21.8
082049,Monreale,0,1,42,343783,4208486,21.8
082049,Monreale,0,2,0,357302,4193882,21.8
082049,Monreale,0,2,1,357481,4193955,21.8
082049,Monreale,0,2,2,357280,4194246,21.8
082049,Monreale,0,2,3,357190,4194223,21.8
082049,Monreale,0,2,4,357302,4193882,21.8
082050,Montelepre,0,0,0,339635,4218732,21.5
082050,Montelepre,0,0,1,341397,4217957,21.5
082050,Montelepre,0,0,2,341411,4217154,21.5
082050,Montelepre,0,0,3,341860,4216860,21.5
082050,Montelepre,0,0,4,342979,4217167,21.5
082050,Montelepre,0,0,5,343814,4217074,21.5
082050,Montelepre,0,0,6,343846,4216322,21.5
082050,Montelepre,0,0,7,343344,4215399,21.5
082050,Montelepre,0,0,8,342898,4215143,21.5
082050,Montelepre,0,0,9,342259,4215252,21.5
082050,Montelepre,0,0,10,342007,4215752,21.5
082050,Montelepre,0,0,11,341781,4215605,21.5
082050,Montelepre,0,0,12,340507,4215514,21.5
082050,Montelepre,0,0,13,340189,4215620,21.5
082050,Montelepre,0,0,14,339792,4216210,21.5
082050,Montelepre,0,0,15,339246,4216147,21.5
082050,Montelepre,0,0,16,338998,4216339,21.5
082050,Montelepre,0,0,17,338708,4216950,21.5
082050,Montelepre,0,0,18,338700,4217511,21.5
082050,Montelepre,0,0,19,339635,4218732,21.5
082051,Montemaggiore Belsito,0,0,0,392404,4189939,18.3
082051,Montemaggiore Belsito,0,0,1,393399,4188296,18.3
082051,Montemaggiore Belsito,0,0,2,394260,4188315,18.3
082051,Montemaggiore Belsito,0,0,3,394328,4187964,18.3
082051,Montemaggiore Belsito,0,0,4,394746,4187454,18.3
082051,Montemaggiore Belsito,0,0,5,394803,4186681,18.3
082051,Montemaggiore Belsito,0,0,6,394575,4185932,18.3
082051,Montemaggiore Belsito,0,0,7,393986,4185506,18.3
082051,Montemaggiore Belsito,0,0,8,392477,4185107,18.3
082051,Montemaggiore Belsito,0,0,9,391446,4185139,18.3
082051,Montemaggiore Belsito,0,0,10,390445,4184853,18.3
082051,Montemaggiore Belsito,0,0,11,389506,4184285,18.3
082051,Montemaggiore Belsito,0,0,12,389172,4184385,18.3
082051,Montemaggiore Belsito,0,0,13,388198,4185450,18.3
082051,Montemaggiore Belsito,0,0,14,388617,4187940,18.3
082051,Montemaggiore Belsito,0,0,15,388444,4188573,18.3
082051,Montemaggiore Belsito,0,0,16,386760,4189434,18.3
082051,Montemaggiore Belsito,0,0,17,386954,4190005,18.3
082051,Montemaggiore Belsito,0,0,18,387582,4190583,18.3
082051,Montemaggiore Belsito,0,0,19,389395,4190198,18.3
082051,Montemaggiore Belsito,0,0,20,390078,4189866,18.3
082051,Montemaggiore Belsito,0,0,21,390493,4190230,18.3
082051,Montemaggiore Belsito,0,0,22,390322,4191612,18.3
082051,Montemaggiore Belsito,0,0,23,390354,4191908,18.3
082051,Montemaggiore Belsito,0,0,24,390575,4191964,18.3
082051,Montemaggiore Belsito,0,0,25,392404,4189939,18.3
082052,Palazzo Adriano,0,0,0,361413,4182945,23.5
082052,Palazzo Adriano,0,0,1,361966,4180771,23.5
082052,Palazzo Adriano,0,0,2,362345,4180108,23.5
082052,Palazzo Adriano,0,0,3,362440,4179506,23.5
082052,Palazzo Adriano,0,0,4,362170,4178948,23.5
082052,Palazzo Adriano,0,0,5,361457,4178886,23.5
082052,Palazzo Adriano,0,0,6,360399,4178093,23.5
082052,Palazzo Adriano,0,0,7,359282,4176767,23.5
082052,Palazzo Adriano,0,0,8,356852,4176105,23.5
082052,Palazzo Adriano,0,0,9,356318,4175425,23.5
082052,Palazzo Adriano,0,0,10,356595,4175117,23.5
082052,Palazzo Adriano,0,0,11,357345,4174792,23.5
082052,Palazzo Adriano,0,0,12,357858,4173496,23.5
082052,Palazzo Adriano,0,0,13,358396,4173048,23.5
082052,Palazzo Adriano,0,0,14,360606,4172407,23.5
082052,Palazzo Adriano,0,0,15,362629,4172370,23.5
082052,Palazzo Adriano,0,0,16,363381,4171977,23.5
082052,Palazzo Adriano,0,0,17,363483,4171300,23.5
082052,Palazzo Adriano,0,0,18,364568,4170507,23.5
082052,Palazzo Adriano,0,0,19,364501,4170202,23.5
082052,Palazzo Adriano,0,0,20,363605,4169276,23.5
082052,Palazzo Adriano,0,0,21,363006,4169102,23.5
082052,Palazzo Adriano,0,0,22,361166,4167393,23.5
082052,Palazzo Adriano,0,0,23,360745,4167839,23.5
082052,Palazzo Adriano,0,0,24,360423,4168506,23.5
082052,Palazzo Adriano,0,0,25,359676,4169135,23.5
082052,Palazzo Adriano,0,0,26,359291,4169264,23.5
082052,Palazzo Adriano,0,0,27,358506,4169246,23.5
082052,Palazzo Adriano,0,0,28,357406,4168520,23.5
082052,Palazzo Adriano,0,0,29,357576,4168211,23.5
082052,Palazzo Adriano,0,0,30,357774,4166419,23.5
082052,Palazzo Adriano,0,0,31,358434,4165563,23.5
082052,Palazzo Adriano,0,0,32,358875,4164616,23.5
082052,Palazzo Adriano,0,0,33,358636,4164432,23.5
082052,Palazzo Adriano,0,0,34,358076,4164506,23.5
082052,Palazzo Adriano,0,0,35,357598,4163984,23.5
082052,Palazzo Adriano,0,0,36,357107,4162732,23.5
082052,Palazzo Adriano,0,0,37,357211,4161592,23.5
082052,Palazzo Adriano,0,0,38,358022,4159630,23.5
082052,Palazzo Adriano,0,0,39,358938,4159435,23.5
082052,Palazzo Adriano,0,0,40,359041,4159246,23.5
082052,Palazzo Adriano,0,0,41,358722,4158036,23.5
082052,Palazzo Adriano,0,0,42,358283,4157700,23.5
082052,Palazzo Adriano,0,0,43,355769,4156736,23.5
082052,Palazzo Adriano,0,0,44,355013,4156267,23.5
082052,Palazzo Adriano,0,0,45,354794,4155966,23.5
082052,Palazzo Adriano,0,0,46,354483,4156473,23.5
082052,Palazzo Adriano,0,0,47,353758,4156792,23.5
082052,Palazzo Adriano,0,0,48,353348,4157631,23.5
082052,Palazzo Adriano,0,0,49,353211,4158245,23.5
082052,Palazzo Adriano,0,0,50,353646,4159833,23.5
082052,Palazzo Adriano,0,0,51,353472,4160174,23.5
082052,Palazzo Adriano,0,0,52,351736,4161439,23.5
082052,Palazzo Adriano,0,0,53,352713,4162668,23.5
082052,Palazzo Adriano,0,0,54,352943,4163707,23.5
082052,Palazzo Adriano,0,0,55,352438,4165074,23.5
082052,Palazzo Adriano,0,0,56,352160,4165427,23.5
082052,Palazzo Adriano,0,0,57,351741,4165616,23.5
082052,Palazzo Adriano,0,0,58,354232,4167664,23.5
082052,Palazzo Adriano,0,0,59,354506,4168119,23.5
082052,Palazzo Adriano,0,0,60,354201,4169074,23.5
082052,Palazzo Adriano,0,0,61,352428,4169737,23.5
082052,Palazzo Adriano,0,0,62,352292,4170053,23.5
082052,Palazzo Adriano,0,0,63,352345,4170539,23.5
082052,Palazzo Adriano,0,0,64,352655,4171412,23.5
082052,Palazzo Adriano,0,0,65,352926,4171597,23.5
082052,Palazzo Adriano,0,0,66,353919,4171770,23.5
082052,Palazzo Adriano,0,0,67,355282,4172401,23.5
082052,Palazzo Adriano,0,0,68,355725,4172805,23.5
082052,Palazzo Adriano,0,0,69,355013,4173939,23.5
082052,Palazzo Adriano,0,0,70,355279,4174695,23.5
082052,Palazzo Adriano,0,0,71,355206,4175142,23.5
082052,Palazzo Adriano,0,0,72,354439,4175497,23.5
082052,Palazzo Adriano,0,0,73,353767,4175407,23.5
082052,Palazzo Adriano,0,0,74,353401,4175564,23.5
082052,Palazzo Adriano,0,0,75,353716,4176455,23.5
082052,Palazzo Adriano,0,0,76,353582,4176900,23.5
082052,Palazzo Adriano,0,0,77,353806,4177893,23.5
082052,Palazzo Adriano,0,0,78,354506,4178010,23.5
082052,Palazzo Adriano,0,0,79,355729,4178646,23.5
082052,Palazzo Adriano,0,0,80,356907,4178342,23.5
082052,Palazzo Adriano,0,0,81,358167,4178654,23.5
082052,Palazzo Adriano,0,0,82,359974,4179600,23.5
082052,Palazzo Adriano,0,0,83,360111,4179982,23.5
082052,Palazzo Adriano,0,0,84,360109,4181333,23.5
082052,Palazzo Adriano,0,0,85,359682,4181995,23.5
082052,Palazzo Adriano,0,0,86,360766,4182417,23.5
082052,Palazzo Adriano,0,0,87,361413,4182945,23.5
082053,Palermo,0,0,0,352656,4232063,25.5
082053,Palermo,0,0,1,353591,4230622,25.5
082053,Palermo,0,0,2,353399,4229951,25.5
082053,Palermo,0,0,3,353674,4229309,25.5
082053,Palermo,0,0,4,355206,4228323,25.5
082053,Palermo,0,0,5,356027,4228326,25.5
082053,Palermo,0,0,6,356361,4228115,25.5
082053,Palermo,0,0,7,356866,4227302,25.5
082053,Palermo,0,0,8,356955,4225888,25.5
082053,Palermo,0,0,9,357727,4223946,25.5
082053,Palermo,0,0,10,357137,4223072,25.5
082053,Palermo,0,0,11,357566,4221323,25.5
082053,Palermo,0,0,12,357111,4221834,25.5
082053,Palermo,0,0,13,357054,4222106,25.5
082053,Palermo,0,0,14,356506,4221951,25.5
082053,Palermo,0,0,15,356496,4221487,25.5
082053,Palermo,0,0,16,357805,4219892,25.5
082053,Palermo,0,0,17,357880,4219553,25.5
082053,Palermo,0,0,18,358347,4219104,25.5
082053,Palermo,0,0,19,360178,4218104,25.5
082053,Palermo,0,0,20,362481,4217741,25.5
082053,Palermo,0,0,21,362786,4217561,25.5
082053,Palermo,0,0,22,364166,4217525,25.5
082053,Palermo,0,0,23,364203,4216791,25.5
082053,Palermo,0,0,24,363800,4217022,25.5
082053,Palermo,0,0,25,362760,4216519,25.5
082053,Palermo,0,0,26,362297,4215666,25.5
082053,Palermo,0,0,27,362660,4215457,25.5
082053,Palermo,0,0,28,362657,4214432,25.5
082053,Palermo,0,0,29,361567,4213679,25.5
082053,Palermo,0,0,30,360665,4213531,25.5
082053,Palermo,0,0,31,360146,4213616,25.5
082053,Palermo,0,0,32,359095,4214426,25.5
082053,Palermo,0,0,33,357316,4214791,25.5
082053,Palermo,0,0,34,356880,4214704,25.5
082053,Palermo,0,0,35,356413,4214062,25.5
082053,Palermo,0,0,36,355165,4213975,25.5
082053,Palermo,0,0,37,352840,4212741,25.5
082053,Palermo,0,0,38,352573,4212789,25.5
082053,Palermo,0,0,39,352132,4213195,25.5
082053,Palermo,0,0,40,352609,4213613,25.5
082053,Palermo,0,0,41,353091,4214427,25.5
082053,Palermo,0,0,42,352181,4215582,25.5
082053,Palermo,0,0,43,351636,4215430,25.5
082053,Palermo,0,0,44,351176,4215514,25.5
082053,Palermo,0,0,45,351131,4216702,25.5
082053,Palermo,0,0,46,351370,4217815,25.5
082053,Palermo,0,0,47,351114,4218223,25.5
082053,Palermo,0,0,48,349521,4219104,25.5
082053,Palermo,0,0,49,349124,4218921,25.5
082053,Palermo,0,0,50,347694,4218840,25.5
082053,Palermo,0,0,51,345890,4218425,25.5
082053,Palermo,0,0,52,346772,4220640,25.5
082053,Palermo,0,0,53,346624,4222357,25.5
082053,Palermo,0,0,54,347056,4222727,25.5
082053,Palermo,0,0,55,347991,4224120,25.5
082053,Palermo,0,0,56,347583,4225162,25.5
082053,Palermo,0,0,57,347507,4226033,25.5
082053,Palermo,0,0,58,347964,4226144,25.5
082053,Palermo,0,0,59,348348,4226573,25.5
082053,Palermo,0,0,60,348951,4227965,25.5
082053,Palermo,0,0,61,348869,4228556,25.5
082053,Palermo,0,0,62,348471,4229313,25.5
082053,Palermo,0,0,63,347529,4229391,25.5
082053,Palermo,0,0,64,347521,4229573,25.5
082053,Palermo,0,0,65,347686,4229411,25.5
082053,Palermo,0,0,66,348157,4229439,25.5
082053,Palermo,0,0,67,348716,4229279,25.5
082053,Palermo,0,0,68,350854,4231316,25.5
082053,Palermo,0,0,69,351358,4231654,25.5
082053,Palermo,0,0,70,352656,4232063,25.5
082054,Partinico,0,0,0,332660,4216563,21.5
082054,Partinico,0,0,1,333495,4216469,21.5
082054,Partinico,0,0,2,333909,4216666,21.5
082054,Partinico,0,0,3,337548,4215733,21.5
082054,Partinico,0,0,4,337762,4214957,21.5
082054,Partinico,0,0,5,335973,4213697,21.5
082054,Partinico,0,0,6,335712,4213331,21.5
082054,Partinico,0,0,7,336557,4211520,21.5
082054,Partinico,0,0,8,335372,4210656,21.5
082054,Partinico,0,0,9,334781,4209520,21.5
082054,Partinico,0,0,10,334029,4209251,21.5
082054,Partinico,0,0,11,332388,4208247,21.5
082054,Partinico,0,0,12,331544,4207159,21.5
082054,Partinico,0,0,13,330973,4206031,21.5
082054,Partinico,0,0,14,330790,4205047,21.5
082054,Partinico,0,0,15,330951,4204348,21.5
082054,Partinico,0,0,16,331744,4203238,21.5
082054,Partinico,0,0,17,330677,4201675,21.5
082054,Partinico,0,0,18,329793,4202122,21.5
082054,Partinico,0,0,19,329003,4203014,21.5
082054,Partinico,0,0,20,328379,4203326,21.5
082054,Partinico,0,0,21,327734,4204293,21.5
082054,Partinico,0,0,22,327438,4204348,21.5
082054,Partinico,0,0,23,326708,4203921,21.5
082054,Partinico,0,0,24,326551,4204341,21.5
082054,Partinico,0,0,25,326696,4205157,21.5
082054,Partinico,0,0,26,324713,4206797,21.5
082054,Partinico,0,0,27,324597,4207449,21.5
082054,Partinico,0,0,28,324818,4208019,21.5
082054,Partinico,0,0,29,324541,4208783,21.5
082054,Partinico,0,0,30,324201,4209176,21.5
082054,Partinico,0,0,31,323321,4209601,21.5
082054,Partinico,0,0,32,323123,4209908,21.5
082054,Partinico,0,0,33,322951,4210753,21.5
082054,Partinico,0,0,34,323012,4211621,21.5
082054,Partinico,0,0,35,323786,4211939,21.5
082054,Partinico,0,0,36,324512,4211764,21.5
082054,Partinico,0,0,37,324693,4211494,21.5
082054,Partinico,0,0,38,325007,4211409,21.5
082054,Partinico,0,0,39,326075,4212122,21.5
082054,Partinico,0,0,40,327441,4214071,21.5
082054,Partinico,0,0,41,328488,4215120,21.5
082054,Partinico,0,0,42,328811,4215236,21.5
082054,Partinico,0,0,43,329950,4214776,21.5
082054,Partinico,0,0,44,330859,4215877,21.5
082054,Partinico,0,0,45,331823,4216323,21.5
082054,Partinico,0,0,46,332077,4216683,21.5
082054,Partinico,0,0,47,332436,4216747,21.5
082054,Partinico,0,0,48,332660,4216563,21.5
082055,Petralia Soprana,0,0,0,422939,4187846,28.3
082055,Petralia Soprana,0,0,1,424128,4187233,28.3
082055,Petralia Soprana,0,0,2,424699,4186556,28.3
082055,Petralia Soprana,0,0,3,425466,4185995,28.3
082055,Petralia Soprana,0,0,4,425650,4185387,28.3
082055,Petralia Soprana,0,0,5,425664,4184487,28.3
082055,Petralia Soprana,0,0,6,425013,4182764,28.3
082055,Petralia Soprana,0,0,7,425027,4182110,28.3
082055,Petralia Soprana,0,0,8,425133,4181851,28.3
082055,Petralia Soprana,0,0,9,425615,4181570,28.3
082055,Petralia Soprana,0,0,10,426354,4181516,28.3
082055,Petralia Soprana,0,0,11,427430,4179673,28.3
082055,Petralia Soprana,0,0,12,426124,4179250,28.3
082055,Petralia Soprana,0,0,13,425416,4178299,28.3
082055,Petralia Soprana,0,0,14,425675,4177526,28.3
082055,Petralia Soprana,0,0,15,425603,4176935,28.3
082055,Petralia Soprana,0,0,16,424861,4176600,28.3
082055,Petralia Soprana,0,0,17,423602,4175355,28.3
082055,Petralia Soprana,0,0,18,423352,4175500,28.3
082055,Petralia Soprana,0,0,19,423393,4176866,28.3
082055,Petralia Soprana,0,0,20,423019,4177810,28.3
082055,Petralia Soprana,0,0,21,422591,4178213,28.3
082055,Petralia Soprana,0,0,22,420585,4179733,28.3
082055,Petralia Soprana,0,0,23,420337,4179547,28.3
082055,Petralia Soprana,0,0,24,419800,4178482,28.3
082055,Petralia Soprana,0,0,25,419151,4181373,28.3
082055,Petralia Soprana,0,0,26,418739,4181791,28.3
082055,Petralia Soprana,0,0,27,419236,4182435,28.3
082055,Petralia Soprana,0,0,28,419822,4182776,28.3
082055,Petralia Soprana,0,0,29,420545,4183488,28.3
082055,Petralia Soprana,0,0,30,421388,4185005,28.3
082055,Petralia Soprana,0,0,31,421445,4185481,28.3
082055,Petralia Soprana,0,0,32,421221,4186150,28.3
082055,Petralia Soprana,0,0,33,421303,4186617,28.3
082055,Petralia Soprana,0,0,34,421522,4186636,28.3
082055,Petralia Soprana,0,0,35,421670,4186917,28.3
082055,Petralia Soprana,0,0,36,421649,4188180,28.3
082055,Petralia Soprana,0,0,37,421048,4188374,28.3
082055,Petralia Soprana,0,0,38,421348,4189014,28.3
082055,Petralia Soprana,0,0,39,421319,4189818,28.3
082055,Petralia Soprana,0,0,40,421274,4190101,28.3
082055,Petralia Soprana,0,0,41,420829,4190638,28.3
082055,Petralia Soprana,0,0,42,421781,4190663,28.3
082055,Petralia Soprana,0,0,43,422163,4188563,28.3
082055,Petralia Soprana,0,0,44,422939,4187846,28.3
082056,Petralia Sottana,0,0,0,416910,4195397,32.4
082056,Petralia Sottana,0,0,1,418408,4194381,32.4
082056,Petralia Sottana,0,0,2,418727,4193898,32.4
082056,Petralia Sottana,0,0,3,418599,4193471,32.4
082056,Petralia Sottana,0,0,4,418690,4192965,32.4
082056,Petralia Sottana,0,0,5,419178,4192505,32.4
082056,Petralia Sottana,0,0,6,419582,4192363,32.4
082056,Petralia Sottana,0,0,7,420245,4192933,32.4
082056,Petralia Sottana,0,0,8,420635,4192726,32.4
082056,Petralia Sottana,0,0,9,420658,4190843,32.4
082056,Petralia Sottana,0,0,10,421177,4190257,32.4
082056,Petralia Sottana,0,0,11,421319,4189818,32.4
082056,Petralia Sottana,0,0,12,421348,4189014,32.4
082056,Petralia Sottana,0,0,13,421048,4188374,32.4
082056,Petralia Sottana,0,0,14,421649,4188180,32.4
082056,Petralia Sottana,0,0,15,421670,4186917,32.4
082056,Petralia Sottana,0,0,16,421522,4186636,32.4
082056,Petralia Sottana,0,0,17,421303,4186617,32.4
082056,Petralia Sottana,0,0,18,421221,4186150,32.4
082056,Petralia Sottana,0,0,19,421445,4185481,32.4
082056,Petralia Sottana,0,0,20,421388,4185005,32.4
082056,Petralia Sottana,0,0,21,420545,4183488,32.4
082056,Petralia Sottana,0,0,22,419822,4182776,32.4
082056,Petralia Sottana,0,0,23,419236,4182435,32.4
082056,Petralia Sottana,0,0,24,418261,4181205,32.4
082056,Petralia Sottana,0,0,25,417030,4179124,32.4
082056,Petralia Sottana,0,0,26,416671,4177441,32.4
082056,Petralia Sottana,0,0,27,416160,4176436,32.4
082056,Petralia Sottana,0,0,28,415902,4175995,32.4
082056,Petralia Sottana,0,0,29,415033,4175232,32.4
082056,Petralia Sottana,0,0,30,414437,4173459,32.4
082056,Petralia Sottana,0,0,31,415505,4172722,32.4
082056,Petralia Sottana,0,0,32,415630,4172148,32.4
082056,Petralia Sottana,0,0,33,415493,4171789,32.4
082056,Petralia Sottana,0,0,34,414275,4171940,32.4
082056,Petralia Sottana,0,0,35,412771,4171805,32.4
082056,Petralia Sottana,0,0,36,412510,4171294,32.4
082056,Petralia Sottana,0,0,37,412420,4170006,32.4
082056,Petralia Sottana,0,0,38,412917,4168922,32.4
082056,Petralia Sottana,0,0,39,413383,4168260,32.4
082056,Petralia Sottana,0,0,40,413681,4168122,32.4
082056,Petralia Sottana,0,0,41,414751,4168034,32.4
082056,Petralia Sottana,0,0,42,416769,4169819,32.4
082056,Petralia Sottana,0,0,43,417351,4169002,32.4
082056,Petralia Sottana,0,0,44,418460,4168604,32.4
082056,Petralia Sottana,0,0,45,419826,4168417,32.4
082056,Petralia Sottana,0,0,46,420492,4168566,32.4
082056,Petralia Sottana,0,0,47,421273,4167942,32.4
082056,Petralia Sottana,0,0,48,419595,4167063,32.4
082056,Petralia Sottana,0,0,49,418912,4167323,32.4
082056,Petralia Sottana,0,0,50,418667,4166739,32.4
082056,Petralia Sottana,0,0,51,416793,4167183,32.4
082056,Petralia Sottana,0,0,52,415604,4166819,32.4
082056,Petralia Sottana,0,0,53,414948,4165956,32.4
082056,Petralia Sottana,0,0,54,414006,4165386,32.4
082056,Petralia Sottana,0,0,55,413533,4164117,32.4
082056,Petralia Sottana,0,0,56,414162,4162135,32.4
082056,Petralia Sottana,0,0,57,412877,4161501,32.4
082056,Petralia Sottana,0,0,58,412607,4161756,32.4
082056,Petralia Sottana,0,0,59,411006,4161425,32.4
082056,Petralia Sottana,0,0,60,409854,4160787,32.4
082056,Petralia Sottana,0,0,61,407930,4160353,32.4
082056,Petralia Sottana,0,0,62,406381,4161211,32.4
082056,Petralia Sottana,0,0,63,404955,4161594,32.4
082056,Petralia Sottana,0,0,64,405592,4162743,32.4
082056,Petralia Sottana,0,0,65,404253,4163140,32.4
082056,Petralia Sottana,0,0,66,402874,4163988,32.4
082056,Petralia Sottana,0,0,67,402786,4164495,32.4
082056,Petralia Sottana,0,0,68,403283,4164936,32.4
082056,Petralia Sottana,0,0,69,403352,4165220,32.4
082056,Petralia Sottana,0,0,70,403226,4165387,32.4
082056,Petralia Sottana,0,0,71,403482,4165342,32.4
082056,Petralia Sottana,0,0,72,403222,4166823,32.4
082056,Petralia Sottana,0,0,73,403781,4167155,32.4
082056,Petralia Sottana,0,0,74,405286,4166826,32.4
082056,Petralia Sottana,0,0,75,405578,4167520,32.4
082056,Petralia Sottana,0,0,76,405488,4168186,32.4
082056,Petralia Sottana,0,0,77,405802,4168817,32.4
082056,Petralia Sottana,0,0,78,406151,4168965,32.4
082056,Petralia Sottana,0,0,79,406562,4168929,32.4
082056,Petralia Sottana,0,0,80,407994,4168240,32.4
082056,Petralia Sottana,0,0,81,408505,4168237,32.4
082056,Petralia Sottana,0,0,82,409284,4168953,32.4
082056,Petralia Sottana,0,0,83,409723,4172265,32.4
082056,Petralia Sottana,0,0,84,412083,4172051,32.4
082056,Petralia Sottana,0,0,85,412536,4172571,32.4
082056,Petralia Sottana,0,0,86,412230,4172962,32.4
082056,Petralia Sottana,0,0,87,412156,4173604,32.4
082056,Petralia Sottana,0,0,88,412621,4174585,32.4
082056,Petralia Sottana,0,0,89,413272,4175156,32.4
082056,Petralia Sottana,0,0,90,414254,4175298,32.4
082056,Petralia Sottana,0,0,91,414778,4176394,32.4
082056,Petralia Sottana,0,0,92,415549,4177182,32.4
082056,Petralia Sottana,0,0,93,416192,4180612,32.4
082056,Petralia Sottana,0,0,94,417585,4182520,32.4
082056,Petralia Sottana,0,0,95,417791,4184238,32.4
082056,Petralia Sottana,0,0,96,417470,4184690,32.4
082056,Petralia Sottana,0,0,97,417190,4184725,32.4
082056,Petralia Sottana,0,0,98,416471,4186640,32.4
082056,Petralia Sottana,0,0,99,416439,4187505,32.4
082056,Petralia Sottana,0,0,100,416787,4188320,32.4
082056,Petralia Sottana,0,0,101,415506,4188490,32.4
082056,Petralia Sottana,0,0,102,414134,4191528,32.4
082056,Petralia Sottana,0,0,103,413452,4191908,32.4
082056,Petralia Sottana,0,0,104,413312,4192235,32.4
082056,Petralia Sottana,0,0,105,413662,4192640,32.4
082056,Petralia Sottana,0,0,106,413930,4193364,32.4
082056,Petralia Sottana,0,0,107,413910,4193925,32.4
082056,Petralia Sottana,0,0,108,414270,4194493,32.4
082056,Petralia Sottana,0,0,109,415784,4195506,32.4
082056,Petralia Sottana,0,0,110,416255,4196406,32.4
082056,Petralia Sottana,0,0,111,416910,4195397,32.4
082057,Piana degli Albanesi,0,0,0,351856,4210120,24.0
082057,Piana degli Albanesi,0,0,1,352371,4209176,24.0
082057,Piana degli Albanesi,0,0,2,352270,4208126,24.0
082057,Piana degli Albanesi,0,0,3,350875,4206637,24.0
082057,Piana degli Albanesi,0,0,4,351133,4204511,24.0
082057,Piana degli Albanesi,0,0,5,350971,4204276,24.0
082057,Piana degli Albanesi,0,0,6,352627,4204213,24.0
082057,Piana degli Albanesi,0,0,7,353174,4203950,24.0
082057,Piana degli Albanesi,0,0,8,354117,4202699,24.0
082057,Piana degli Albanesi,0,0,9,355771,4202117,24.0
082057,Piana degli Albanesi,0,0,10,356012,4201722,24.0
082057,Piana degli Albanesi,0,0,11,355630,4201171,24.0
082057,Piana degli Albanesi,0,0,12,355668,4200911,24.0
082057,Piana degli Albanesi,0,0,13,358108,4199535,24.0
082057,Piana degli Albanesi,0,0,14,358010,4199237,24.0
082057,Piana degli Albanesi,0,0,15,356806,4198489,24.0
082057,Piana degli Albanesi,0,0,16,356543,4197249,24.0
082057,Piana degli Albanesi,0,0,17,355962,4197151,24.0
082057,Piana degli Albanesi,0,0,18,355611,4197408,24.0
082057,Piana degli Albanesi,0,0,19,354926,4197505,24.0
082057,Piana degli Albanesi,0,0,20,354646,4197163,24.0
082057,Piana degli Albanesi,0,0,21,353841,4197152,24.0
082057,Piana degli Albanesi,0,0,22,352506,4198634,24.0
082057,Piana degli Albanesi,0,0,23,351961,4198508,24.0
082057,Piana degli Albanesi,0,0,24,351050,4198608,24.0
082057,Piana degli Albanesi,0,0,25,349316,4199505,24.0
082057,Piana degli Albanesi,0,0,26,348708,4200813,24.0
082057,Piana degli Albanesi,0,0,27,348841,4202989,24.0
082057,Piana degli Albanesi,0,0,28,346748,4203981,24.0
082057,Piana degli Albanesi,0,0,29,346919,4205098,24.0
082057,Piana degli Albanesi,0,0,30,347685,4207583,24.0
082057,Piana degli Albanesi,0,0,31,348344,4208492,24.0
082057,Piana degli Albanesi,0,0,32,348720,4209437,24.0
082057,Piana degli Albanesi,0,0,33,349208,4209806,24.0
082057,Piana degli Albanesi,0,0,34,350248,4209349,24.0
082057,Piana degli Albanesi,0,0,35,350749,4209591,24.0
082057,Piana degli Albanesi,0,0,36,350961,4210223,24.0
082057,Piana degli Albanesi,0,0,37,351856,4210120,24.0
082058,Polizzi Generosa,0,0,0,410144,4192632,20.9
082058,Polizzi Generosa,0,0,1,411668,4192573,20.9
082058,Polizzi Generosa,0,0,2,412522,4191653,20.9
082058,Polizzi Generosa,0,0,3,413718,4191773,20.9
082058,Polizzi Generosa,0,0,4,414074,4191602,20.9
082058,Polizzi Generosa,0,0,5,415229,4188955,20.9
082058,Polizzi Generosa,0,0,6,415506,4188490,20.9
082058,Polizzi Generosa,0,0,7,415938,4188438,20.9
082058,Polizzi Generosa,0,0,8,415927,4188208,20.9
082058,Polizzi Generosa,0,0,9,415855,4187813,20.9
082058,Polizzi Generosa,0,0,10,415506,4187646,20.9
082058,Polizzi Generosa,0,0,11,414601,4185344,20.9
082058,Polizzi Generosa,0,0,12,413931,4185235,20.9
082058,Polizzi Generosa,0,0,13,413565,4184642,20.9
082058,Polizzi Generosa,0,0,14,413369,4183676,20.9
082058,Polizzi Generosa,0,0,15,413917,4182757,20.9
082058,Polizzi Generosa,0,0,16,413675,4182257,20.9
082058,Polizzi Generosa,0,0,17,412935,4181552,20.9
082058,Polizzi Generosa,0,0,18,411311,4181505,20.9
082058,Polizzi Generosa,0,0,19,411072,4179767,20.9
082058,Polizzi Generosa,0,0,20,410884,4179565,20.9
082058,Polizzi Generosa,0,0,21,410506,4179582,20.9
082058,Polizzi Generosa,0,0,22,409584,4179190,20.9
082058,Polizzi Generosa,0,0,23,408669,4178287,20.9
082058,Polizzi Generosa,0,0,24,410047,4177844,20.9
082058,Polizzi Generosa,0,0,25,410989,4177949,20.9
082058,Polizzi Generosa,0,0,26,411489,4179264,20.9
082058,Polizzi Generosa,0,0,27,411808,4179334,20.9
082058,Polizzi Generosa,0,0,28,412081,4179875,20.9
082058,Polizzi Generosa,0,0,29,411795,4180098,20.9
082058,Polizzi Generosa,0,0,30,411897,4180462,20.9
082058,Polizzi Generosa,0,0,31,412306,4180681,20.9
082058,Polizzi Generosa,0,0,32,413017,4180473,20.9
082058,Polizzi Generosa,0,0,33,413877,4179941,20.9
082058,Polizzi Generosa,0,0,34,414338,4179412,20.9
082058,Polizzi Generosa,0,0,35,414709,4177751,20.9
082058,Polizzi Generosa,0,0,36,414460,4176842,20.9
082058,Polizzi Generosa,0,0,37,414337,4176663,20.9
082058,Polizzi Generosa,0,0,38,414000,4176857,20.9
082058,Polizzi Generosa,0,0,39,413719,4176825,20.9
082058,Polizzi Generosa,0,0,40,413352,4176349,20.9
082058,Polizzi Generosa,0,0,41,411775,4175506,20.9
082058,Polizzi Generosa,0,0,42,410875,4174837,20.9
082058,Polizzi Generosa,0,0,43,409578,4174558,20.9
082058,Polizzi Generosa,0,0,44,408825,4174190,20.9
082058,Polizzi Generosa,0,0,45,408427,4172853,20.9
082058,Polizzi Generosa,0,0,46,408540,4172140,20.9
082058,Polizzi Generosa,0,0,47,408213,4171413,20.9
082058,Polizzi Generosa,0,0,48,407112,4171017,20.9
082058,Polizzi Generosa,0,0,49,406710,4171037,20.9
082058,Polizzi Generosa,0,0,50,406024,4171404,20.9
082058,Polizzi Generosa,0,0,51,405546,4171142,20.9
082058,Polizzi Generosa,0,0,52,405485,4170811,20.9
082058,Polizzi Generosa,0,0,53,403760,4170872,20.9
082058,Polizzi Generosa,0,0,54,403648,4170956,20.9
082058,Polizzi Generosa,0,0,55,403796,4171928,20.9
082058,Polizzi Generosa,0,0,56,403049,4172214,20.9
082058,Polizzi Generosa,0,0,57,401794,4170752,20.9
082058,Polizzi Generosa,0,0,58,401612,4169844,20.9
082058,Polizzi Generosa,0,0,59,401394,4169976,20.9
082058,Polizzi Generosa,0,0,60,401150,4170964,20.9
082058,Polizzi Generosa,0,0,61,400224,4171599,20.9
082058,Polizzi Generosa,0,0,62,401700,4175460,20.9
082058,Polizzi Generosa,0,0,63,402592,4176055,20.9
082058,Polizzi Generosa,0,0,64,403050,4176143,20.9
082058,Polizzi Generosa,0,0,65,404172,4175506,20.9
082058,Polizzi Generosa,0,0,66,405506,4175854,20.9
082058,Polizzi Generosa,0,0,67,405672,4176117,20.9
082058,Polizzi Generosa,0,0,68,405547,4176863,20.9
082058,Polizzi Generosa,0,0,69,405843,4177814,20.9
082058,Polizzi Generosa,0,0,70,406470,4178006,20.9
082058,Polizzi Generosa,0,0,71,407721,4179646,20.9
082058,Polizzi Generosa,0,0,72,407539,4180572,20.9
082058,Polizzi Generosa,0,0,73,407272,4180692,20.9
082058,Polizzi Generosa,0,0,74,407716,4181412,20.9
082058,Polizzi Generosa,0,0,75,408922,4181709,20.9
082058,Polizzi Generosa,0,0,76,409296,4181932,20.9
082058,Polizzi Generosa,0,0,77,409469,4182240,20.9
082058,Polizzi Generosa,0,0,78,409524,4182848,20.9
082058,Polizzi Generosa,0,0,79,409073,4183801,20.9
082058,Polizzi Generosa,0,0,80,409530,4185416,20.9
082058,Polizzi Generosa,0,0,81,409335,4186229,20.9
082058,Polizzi Generosa,0,0,82,408784,4187356,20.9
082058,Polizzi Generosa,0,0,83,408461,4187625,20.9
082058,Polizzi Generosa,0,0,84,407879,4187782,20.9
082058,Polizzi Generosa,0,0,85,407844,4188068,20.9
082058,Polizzi Generosa,0,0,86,408340,4189279,20.9
082058,Polizzi Generosa,0,0,87,408451,4191145,20.9
082058,Polizzi Generosa,0,0,88,408680,4192182,20.9
082058,Polizzi Generosa,0,0,89,409362,4192859,20.9
082058,Polizzi Generosa,0,0,90,409751,4193042,20.9
082058,Polizzi Generosa,0,0,91,410144,4192632,20.9
082059,Pollina,0,0,0,425490,4209078,24.5
082059,Pollina,0,0,1,425797,4208816,24.5
082059,Pollina,0,0,2,427352,4208218,24.5
082059,Pollina,0,0,3,428090,4208388,24.5
082059,Pollina,0,0,4,427781,4206782,24.5
082059,Pollina,0,0,5,427716,4205634,24.5
082059,Pollina,0,0,6,427846,4204761,24.5
082059,Pollina,0,0,7,426521,4203429,24.5
082059,Pollina,0,0,8,425841,4203025,24.5
082059,Pollina,0,0,9,425635,4202456,24.5
082059,Pollina,0,0,10,424089,4202438,24.5
082059,Pollina,0,0,11,422211,4201395,24.5
082059,Pollina,0,0,12,421592,4201382,24.5
082059,Pollina,0,0,13,421507,4201601,24.5
082059,Pollina,0,0,14,420041,4202461,24.5
082059,Pollina,0,0,15,420053,4202632,24.5
082059,Pollina,0,0,16,420515,4202906,24.5
082059,Pollina,0,0,17,420725,4203355,24.5
082059,Pollina,0,0,18,420720,4203891,24.5
082059,Pollina,0,0,19,420431,4204808,24.5
082059,Pollina,0,0,20,419528,4204465,24.5
082059,Pollina,0,0,21,419010,4203554,24.5
082059,Pollina,0,0,22,418975,4202753,24.5
082059,Pollina,0,0,23,417176,4204256,24.5
082059,Pollina,0,0,24,417251,4204695,24.5
082059,Pollina,0,0,25,417776,4204811,24.5
082059,Pollina,0,0,26,418127,4205124,24.5
082059,Pollina,0,0,27,418300,4205802,24.5
082059,Pollina,0,0,28,418923,4206455,24.5
082059,Pollina,0,0,29,420722,4207607,24.5
082059,Pollina,0,0,30,421308,4207921,24.5
082059,Pollina,0,0,31,421681,4207816,24.5
082059,Pollina,0,0,32,423391,4208087,24.5
082059,Pollina,0,0,33,424629,4208682,24.5
082059,Pollina,0,0,34,425057,4209121,24.5
082059,Pollina,0,0,35,425490,4209078,24.5
082060,Prizzi,0,0,0,363681,4184660,17.5
082060,Prizzi,0,0,1,364673,4184270,17.5
082060,Prizzi,0,0,2,365556,4183575,17.5
082060,Prizzi,0,0,3,366984,4183401,17.5
082060,Prizzi,0,0,4,367183,4182961,17.5
082060,Prizzi,0,0,5,366880,4181921,17.5
082060,Prizzi,0,0,6,367534,4181505,17.5
082060,Prizzi,0,0,7,368946,4179978,17.5
082060,Prizzi,0,0,8,369710,4178885,17.5
082060,Prizzi,0,0,9,370859,4180001,17.5
082060,Prizzi,0,0,10,371518,4178731,17.5
082060,Prizzi,0,0,11,370498,4176881,17.5
082060,Prizzi,0,0,12,370182,4176816,17.5
082060,Prizzi,0,0,13,368628,4177934,17.5
082060,Prizzi,0,0,14,367975,4178261,17.5
082060,Prizzi,0,0,15,367506,4178272,17.5
082060,Prizzi,0,0,16,366076,4175575,17.5
082060,Prizzi,0,0,17,366894,4174848,17.5
082060,Prizzi,0,0,18,366967,4174237,17.5
082060,Prizzi,0,0,19,367430,4173491,17.5
082060,Prizzi,0,0,20,367411,4172921,17.5
082060,Prizzi,0,0,21,364890,4171746,17.5
082060,Prizzi,0,0,22,364324,4171054,17.5
082060,Prizzi,0,0,23,364568,4170507,17.5
082060,Prizzi,0,0,24,363483,4171300,17.5
082060,Prizzi,0,0,25,363381,4171977,17.5
082060,Prizzi,0,0,26,362629,4172370,17.5
082060,Prizzi,0,0,27,360606,4172407,17.5
082060,Prizzi,0,0,28,358396,4173048,17.5
082060,Prizzi,0,0,29,357858,4173496,17.5
082060,Prizzi,0,0,30,357345,4174792,17.5
082060,Prizzi,0,0,31,356595,4175117,17.5
082060,Prizzi,0,0,32,356318,4175425,17.5
082060,Prizzi,0,0,33,356852,4176105,17.5
082060,Prizzi,0,0,34,359282,4176767,17.5
082060,Prizzi,0,0,35,360399,4178093,17.5
082060,Prizzi,0,0,36,361457,4178886,17.5
082060,Prizzi,0,0,37,362170,4178948,17.5
082060,Prizzi,0,0,38,362440,4179506,17.5
082060,Prizzi,0,0,39,362345,4180108,17.5
082060,Prizzi,0,0,40,362712,4180266,17.5
082060,Prizzi,0,0,41,363208,4181505,17.5
082060,Prizzi,0,0,42,363032,4183191,17.5
082060,Prizzi,0,0,43,363181,4184656,17.5
082060,Prizzi,0,0,44,363530,4184851,17.5
082060,Prizzi,0,0,45,363681,4184660,17.5
082060,Prizzi,1,0,0,360611,4183505,17.5
082060,Prizzi,1,0,1,361533,4183552,17.5
082060,Prizzi,1,0,2,361724,4182942,17.5
082060,Prizzi,1,0,3,361413,4182945,17.5
082060,Prizzi,1,0,4,360766,4182417,17.5
082060,Prizzi,1,0,5,359682,4181995,17.5
082060,Prizzi,1,0,6,358380,4182308,17.5
082060,Prizzi,1,0,7,358231,4183034,17.5
082060,Prizzi,1,0,8,358433,4184001,17.5
082060,Prizzi,1,0,9,357964,4184902,17.5
082060,Prizzi,1,0,10,358006,4185612,17.5
082060,Prizzi,1,0,11,358305,4186064,17.5
082060,Prizzi,1,0,12,359024,4184455,17.5
082060,Prizzi,1,0,13,359745,4183859,17.5
082060,Prizzi,1,0,14,360611,4183505,17.5
082061,Roccamena,0,0,0,338363,4191853,18.6
082061,Roccamena,0,0,1,339183,4191096,18.6
082061,Roccamena,0,0,2,340582,4190744,18.6
082061,Roccamena,0,0,3,341453,4190335,18.6
082061,Roccamena,0,0,4,341337,4189420,18.6
082061,Roccamena,0,0,5,342307,4188776,18.6
082061,Roccamena,0,0,6,341112,4187931,18.6
082061,Roccamena,0,0,7,340648,4188131,18.6
082061,Roccamena,0,0,8,340341,4188035,18.6
082061,Roccamena,0,0,9,339674,4186911,18.6
082061,Roccamena,0,0,10,339842,4186660,18.6
082061,Roccamena,0,0,11,341015,4186597,18.6
082061,Roccamena,0,0,12,341382,4186370,18.6
082061,Roccamena,0,0,13,341831,4185614,18.6
082061,Roccamena,0,0,14,340884,4183146,18.6
082061,Roccamena,0,0,15,340298,4183042,18.6
082061,Roccamena,0,0,16,339835,4183475,18.6
082061,Roccamena,0,0,17,339989,4184303,18.6
082061,Roccamena,0,0,18,339814,4185077,18.6
082061,Roccamena,0,0,19,339299,4185635,18.6
082061,Roccamena,0,0,20,338866,4185834,18.6
082061,Roccamena,0,0,21,337647,4185751,18.6
082061,Roccamena,0,0,22,337241,4186167,18.6
082061,Roccamena,0,0,23,336905,4186167,18.6
082061,Roccamena,0,0,24,336959,4186664,18.6
082061,Roccamena,0,0,25,337702,4187981,18.6
082061,Roccamena,0,0,26,337673,4188586,18.6
082061,Roccamena,0,0,27,336906,4188640,18.6
082061,Roccamena,0,0,28,336422,4188262,18.6
082061,Roccamena,0,0,29,335753,4188376,18.6
082061,Roccamena,0,0,30,335384,4188525,18.6
082061,Roccamena,0,0,31,334907,4189505,18.6
082061,Roccamena,0,0,32,334732,4190467,18.6
082061,Roccamena,0,0,33,335043,4191278,18.6
082061,Roccamena,0,0,34,335075,4192029,18.6
082061,Roccamena,0,0,35,337611,4192198,18.6
082061,Roccamena,0,0,36,338363,4191853,18.6
082062,Roccapalumba,0,0,0,383849,4187242,17.8
082062,Roccapalumba,0,0,1,383457,4187075,17.8
082062,Roccapalumba,0,0,2,383296,4187400,17.8
082062,Roccapalumba,0,0,3,382969,4187511,17.8
082062,Roccapalumba,0,0,4,383623,4187856,17.8
082062,Roccapalumba,0,0,5,383849,4187242,17.8
082062,Roccapalumba,1,0,0,383355,4188560,17.8
082062,Roccapalumba,1,0,1,383408,4188259,17.8
082062,Roccapalumba,1,0,2,382314,4186863,17.8
082062,Roccapalumba,1,0,3,382771,4186509,17.8
082062,Roccapalumba,1,0,4,383278,4186484,17.8
082062,Roccapalumba,1,0,5,383428,4186005,17.8
082062,Roccapalumba,1,0,6,383455,4184149,17.8
082062,Roccapalumba,1,0,7,383113,4183062,17.8
082062,Roccapalumba,1,0,8,383165,4182363,17.8
082062,Roccapalumba,1,0,9,382794,4182072,17.8
082062,Roccapalumba,1,0,10,382506,4181512,17.8
082062,Roccapalumba,1,0,11,382476,4180883,17.8
082062,Roccapalumba,1,0,12,381519,4180583,17.8
082062,Roccapalumba,1,0,13,380337,4181228,17.8
082062,Roccapalumba,1,0,14,379905,4181823,17.8
082062,Roccapalumba,1,0,15,379955,4182531,17.8
082062,Roccapalumba,1,0,16,378927,4182274,17.8
082062,Roccapalumba,1,0,17,378003,4182728,17.8
082062,Roccapalumba,1,0,18,377661,4183211,17.8
082062,Roccapalumba,1,0,19,377697,4183510,17.8
082062,Roccapalumba,1,0,20,378432,4183932,17.8
082062,Roccapalumba,1,0,21,379059,4183653,17.8
082062,Roccapalumba,1,0,22,379165,4184192,17.8
082062,Roccapalumba,1,0,23,379089,4184696,17.8
082062,Roccapalumba,1,0,24,377888,4187267,17.8
082062,Roccapalumba,1,0,25,379397,4188345,17.8
082062,Roccapalumba,1,0,26,379947,4188289,17.8
082062,Roccapalumba,1,0,27,380785,4187794,17.8
082062,Roccapalumba,1,0,28,381283,4188004,17.8
082062,Roccapalumba,1,0,29,382143,4187867,17.8
082062,Roccapalumba,1,0,30,382925,4188225,17.8
082062,Roccapalumba,1,0,31,383025,4188457,17.8
082062,Roccapalumba,1,0,32,382950,4188582,17.8
082062,Roccapalumba,1,0,33,382702,4188496,17.8
082062,Roccapalumba,1,0,34,382763,4188773,17.8
082062,Roccapalumba,1,0,35,383355,4188560,17.8
082063,San Cipirello,0,0,0,339851,4204037,18.1
082063,San Cipirello,0,0,1,340023,4203779,18.1
082063,San Cipirello,0,0,2,340687,4203524,18.1
082063,San Cipirello,0,0,3,342094,4203819,18.1
082063,San Cipirello,0,0,4,341499,4201436,18.1
082063,San Cipirello,0,0,5,342417,4200170,18.1
082063,San Cipirello,0,0,6,342407,4199216,18.1
082063,San Cipirello,0,0,7,341848,4197940,18.1
082063,San Cipirello,0,0,8,341675,4196897,18.1
082063,San Cipirello,0,0,9,341210,4196977,18.1
082063,San Cipirello,0,0,10,340923,4196456,18.1
082063,San Cipirello,0,0,11,340690,4197019,18.1
082063,San Cipirello,0,0,12,340908,4197576,18.1
082063,San Cipirello,0,0,13,340691,4198337,18.1
082063,San Cipirello,0,0,14,340363,4198315,18.1
082063,San Cipirello,0,0,15,339609,4198690,18.1
082063,San Cipirello,0,0,16,338680,4199711,18.1
082063,San Cipirello,0,0,17,337564,4199430,18.1
082063,San Cipirello,0,0,18,336981,4199714,18.1
082063,San Cipirello,0,0,19,337964,4200701,18.1
082063,San Cipirello,0,0,20,338429,4201731,18.1
082063,San Cipirello,0,0,21,338642,4202505,18.1
082063,San Cipirello,0,0,22,338368,4202944,18.1
082063,San Cipirello,0,0,23,339584,4204093,18.1
082063,San Cipirello,0,0,24,339851,4204037,18.1
082064,San Giuseppe Jato,0,0,0,343783,4208486,15.5
082064,San Giuseppe Jato,0,0,1,345423,4207254,15.5
082064,San Giuseppe Jato,0,0,2,345312,4207038,15.5
082064,San Giuseppe Jato,0,0,3,344805,4206591,15.5
082064,San Giuseppe Jato,0,0,4,343714,4206212,15.5
082064,San Giuseppe Jato,0,0,5,343316,4206300,15.5
082064,San Giuseppe Jato,0,0,6,343031,4206099,15.5
082064,San Giuseppe Jato,0,0,7,344049,4205287,15.5
082064,San Giuseppe Jato,0,0,8,344313,4204569,15.5
082064,San Giuseppe Jato,0,0,9,344053,4204116,15.5
082064,San Giuseppe Jato,0,0,10,340687,4203524,15.5
082064,San Giuseppe Jato,0,0,11,339584,4204093,15.5
082064,San Giuseppe Jato,0,0,12,338368,4202944,15.5
082064,San Giuseppe Jato,0,0,13,338642,4202505,15.5
082064,San Giuseppe Jato,0,0,14,337964,4200701,15.5
082064,San Giuseppe Jato,0,0,15,336701,4199462,15.5
082064,San Giuseppe Jato,0,0,16,336195,4199288,15.5
082064,San Giuseppe Jato,0,0,17,336094,4199376,15.5
082064,San Giuseppe Jato,0,0,18,335564,4200806,15.5
082064,San Giuseppe Jato,0,0,19,335695,4201572,15.5
082064,San Giuseppe Jato,0,0,20,335575,4202057,15.5
082064,San Giuseppe Jato,0,0,21,334715,4202950,15.5
082064,San Giuseppe Jato,0,0,22,334637,4203425,15.5
082064,San Giuseppe Jato,0,0,23,335426,4203357,15.5
082064,San Giuseppe Jato,0,0,24,336095,4203546,15.5
082064,San Giuseppe Jato,0,0,25,337070,4204013,15.5
082064,San Giuseppe Jato,0,0,26,337232,4204272,15.5
082064,San Giuseppe Jato,0,0,27,337180,4204783,15.5
082064,San Giuseppe Jato,0,0,28,337982,4204800,15.5
082064,San Giuseppe Jato,0,0,29,338349,4204536,15.5
082064,San Giuseppe Jato,0,0,30,340514,4205770,15.5
082064,San Giuseppe Jato,0,0,31,341090,4206354,15.5
082064,San Giuseppe Jato,0,0,32,341740,4207542,15.5
082064,San Giuseppe Jato,0,0,33,342555,4207959,15.5
082064,San Giuseppe Jato,0,0,34,343783,4208486,15.5
082065,San Mauro Castelverde,0,0,0,430887,4203027,21.1
082065,San Mauro Castelverde,0,0,1,431635,4202465,21.1
082065,San Mauro Castelverde,0,0,2,432246,4201474,21.1
082065,San Mauro Castelverde,0,0,3,432349,4201233,21.1
082065,San Mauro Castelverde,0,0,4,432047,4200623,21.1
082065,San Mauro Castelverde,0,0,5,433148,4200189,21.1
082065,San Mauro Castelverde,0,0,6,434096,4199004,21.1
082065,San Mauro Castelverde,0,0,7,434371,4198882,21.1
082065,San Mauro Castelverde,0,0,8,434335,4196867,21.1
082065,San Mauro Castelverde,0,0,9,434959,4196742,21.1
082065,San Mauro Castelverde,0,0,10,437765,4197021,21.1
082065,San Mauro Castelverde,0,0,11,437169,4196070,21.1
082065,San Mauro Castelverde,0,0,12,436235,4195359,21.1
082065,San Mauro Castelverde,0,0,13,436223,4193792,21.1
082065,San Mauro Castelverde,0,0,14,435686,4192364,21.1
082065,San Mauro Castelverde,0,0,15,436140,4190809,21.1
082065,San Mauro Castelverde,0,0,16,436068,4189087,21.1
082065,San Mauro Castelverde,0,0,17,435485,4189152,21.1
082065,San Mauro Castelverde,0,0,18,434115,4189693,21.1
082065,San Mauro Castelverde,0,0,19,433287,4189682,21.1
082065,San Mauro Castelverde,0,0,20,433006,4189845,21.1
082065,San Mauro Castelverde,0,0,21,432368,4190433,21.1
082065,San Mauro Castelverde,0,0,22,432664,4191587,21.1
082065,San Mauro Castelverde,0,0,23,432375,4192327,21.1
082065,San Mauro Castelverde,0,0,24,431427,4192560,21.1
082065,San Mauro Castelverde,0,0,25,430316,4192357,21.1
082065,San Mauro Castelverde,0,0,26,429780,4192072,21.1
082065,San Mauro Castelverde,0,0,27,429332,4192266,21.1
082065,San Mauro Castelverde,0,0,28,427978,4193288,21.1
082065,San Mauro Castelverde,0,0,29,426901,4194393,21.1
082065,San Mauro Castelverde,0,0,30,426171,4195528,21.1
082065,San Mauro Castelverde,0,0,31,425542,4195947,21.1
082065,San Mauro Castelverde,0,0,32,424923,4197049,21.1
082065,San Mauro Castelverde,0,0,33,425020,4199128,21.1
082065,San Mauro Castelverde,0,0,34,424409,4200218,21.1
082065,San Mauro Castelverde,0,0,35,425756,4202144,21.1
082065,San Mauro Castelverde,0,0,36,425635,4202456,21.1
082065,San Mauro Castelverde,0,0,37,425841,4203025,21.1
082065,San Mauro Castelverde,0,0,38,426521,4203429,21.1
082065,San Mauro Castelverde,0,0,39,427846,4204761,21.1
082065,San Mauro Castelverde,0,0,40,427716,4205634,21.1
082065,San Mauro Castelverde,0,0,41,427781,4206782,21.1
082065,San Mauro Castelverde,0,0,42,428090,4208388,21.1
082065,San Mauro Castelverde,0,0,43,428328,4208278,21.1
082065,San Mauro Castelverde,0,0,44,428549,4207505,21.1
082065,San Mauro Castelverde,0,0,45,429149,4206432,21.1
082065,San Mauro Castelverde,0,0,46,430153,4205052,21.1
082065,San Mauro Castelverde,0,0,47,430887,4203027,21.1
082066,Santa Cristina Gela,0,0,0,358340,4207320,24.5
082066,Santa Cristina Gela,0,0,1,357216,4205712,24.5
082066,Santa Cristina Gela,0,0,2,356593,4205630,24.5
082066,Santa Cristina Gela,0,0,3,356127,4205246,24.5
082066,Santa Cristina Gela,0,0,4,355981,4204694,24.5
082066,Santa Cristina Gela,0,0,5,356154,4204318,24.5
082066,Santa Cristina Gela,0,0,6,356505,4204281,24.5
082066,Santa Cristina Gela,0,0,7,357165,4203709,24.5
082066,Santa Cristina Gela,0,0,8,356852,4202891,24.5
082066,Santa Cristina Gela,0,0,9,356976,4202581,24.5
082066,Santa Cristina Gela,0,0,10,358030,4202267,24.5
082066,Santa Cristina Gela,0,0,11,359354,4203138,24.5
082066,Santa Cristina Gela,0,0,12,359743,4202613,24.5
082066,Santa Cristina Gela,0,0,13,359353,4201725,24.5
082066,Santa Cristina Gela,0,0,14,359180,4200532,24.5
082066,Santa Cristina Gela,0,0,15,359668,4200079,24.5
082066,Santa Cristina Gela,0,0,16,360416,4199730,24.5
082066,Santa Cristina Gela,0,0,17,359854,4199274,24.5
082066,Santa Cristina Gela,0,0,18,359091,4199035,24.5
082066,Santa Cristina Gela,0,0,19,358385,4199232,24.5
082066,Santa Cristina Gela,0,0,20,357822,4199778,24.5
082066,Santa Cristina Gela,0,0,21,355880,4200734,24.5
082066,Santa Cristina Gela,0,0,22,355611,4201098,24.5
082066,Santa Cristina Gela,0,0,23,356012,4201722,24.5
082066,Santa Cristina Gela,0,0,24,355771,4202117,24.5
082066,Santa Cristina Gela,0,0,25,354117,4202699,24.5
082066,Santa Cristina Gela,0,0,26,353174,4203950,24.5
082066,Santa Cristina Gela,0,0,27,352627,4204213,24.5
082066,Santa Cristina Gela,0,0,28,350971,4204276,24.5
082066,Santa Cristina Gela,0,0,29,351133,4204511,24.5
082066,Santa Cristina Gela,0,0,30,350875,4206637,24.5
082066,Santa Cristina Gela,0,0,31,351725,4207482,24.5
082066,Santa Cristina Gela,0,0,32,351768,4207713,24.5
082066,Santa Cristina Gela,0,0,33,352094,4207834,24.5
082066,Santa Cristina Gela,0,0,34,352288,4207738,24.5
082066,Santa Cristina Gela,0,0,35,353119,4207160,24.5
082066,Santa Cristina Gela,0,0,36,353738,4206420,24.5
082066,Santa Cristina Gela,0,0,37,354021,4206224,24.5
082066,Santa Cristina Gela,0,0,38,354164,4206289,24.5
082066,Santa Cristina Gela,0,0,39,354826,4206970,24.5
082066,Santa Cristina Gela,0,0,40,355485,4209446,24.5
082066,Santa Cristina Gela,0,0,41,355829,4209897,24.5
082066,Santa Cristina Gela,0,0,42,357927,4207505,24.5
082066,Santa Cristina Gela,0,0,43,358340,4207320,24.5
082067,Santa Flavia,0,0,0,371823,4219312,18.6
082067,Santa Flavia,0,0,1,371914,4218911,18.6
082067,Santa Flavia,0,0,2,371577,4218698,18.6
082067,Santa Flavia,0,0,3,371444,4218157,18.6
082067,Santa Flavia,0,0,4,371563,4217787,18.6
082067,Santa Flavia,0,0,5,371965,4217522,18.6
082067,Santa Flavia,0,0,6,372056,4216787,18.6
082067,Santa Flavia,0,0,7,371782,4216160,18.6
082067,Santa Flavia,0,0,8,372138,4215448,18.6
082067,Santa Flavia,0,0,9,371957,4214876,18.6
082067,Santa Flavia,0,0,10,371608,4214544,18.6
082067,Santa Flavia,0,0,11,371745,4213999,18.6
082067,Santa Flavia,0,0,12,371306,4213717,18.6
082067,Santa Flavia,0,0,13,370101,4212151,18.6
082067,Santa Flavia,0,0,14,369111,4211277,18.6
082067,Santa Flavia,0,0,15,368670,4210211,18.6
082067,Santa Flavia,0,0,16,368533,4209323,18.6
082067,Santa Flavia,0,0,17,368152,4209072,18.6
082067,Santa Flavia,0,0,18,367682,4209038,18.6
082067,Santa Flavia,0,0,19,367452,4209215,18.6
082067,Santa Flavia,0,0,20,367482,4209889,18.6
082067,Santa Flavia,0,0,21,367314,4210185,18.6
082067,Santa Flavia,0,0,22,366593,4210945,18.6
082067,Santa Flavia,0,0,23,367128,4210907,18.6
082067,Santa Flavia,0,0,24,368113,4211433,18.6
082067,Santa Flavia,0,0,25,369919,4214144,18.6
082067,Santa Flavia,0,0,26,369993,4216377,18.6
082067,Santa Flavia,0,0,27,371049,4217511,18.6
082067,Santa Flavia,0,0,28,371371,4219208,18.6
082067,Santa Flavia,0,0,29,371823,4219312,18.6
082067,Santa Flavia,1,0,0,371835,4219427,18.6
082067,Santa Flavia,1,0,1,371766,4219412,18.6
082067,Santa Flavia,1,0,2,371846,4219450,18.6
082067,Santa Flavia,1,0,3,371835,4219427,18.6
082068,Sciara,0,0,0,390525,4201934,17.1
082068,Sciara,0,0,1,390591,4201006,17.1
082068,Sciara,0,0,2,391336,4201055,17.1
082068,Sciara,0,0,3,391648,4200304,17.1
082068,Sciara,0,0,4,391610,4199574,17.1
082068,Sciara,0,0,5,391748,4199340,17.1
082068,Sciara,0,0,6,392793,4199617,17.1
082068,Sciara,0,0,7,392888,4200563,17.1
082068,Sciara,0,0,8,393127,4200079,17.1
082068,Sciara,0,0,9,392935,4198834,17.1
082068,Sciara,0,0,10,392358,4197838,17.1
082068,Sciara,0,0,11,392540,4197121,17.1
082068,Sciara,0,0,12,394298,4196995,17.1
082068,Sciara,0,0,13,395344,4196513,17.1
082068,Sciara,0,0,14,394284,4195785,17.1
082068,Sciara,0,0,15,393506,4195478,17.1
082068,Sciara,0,0,16,392924,4193981,17.1
082068,Sciara,0,0,17,391886,4194284,17.1
082068,Sciara,0,0,18,391135,4194180,17.1
082068,Sciara,0,0,19,390214,4194694,17.1
082068,Sciara,0,0,20,389866,4195087,17.1
082068,Sciara,0,0,21,389624,4194981,17.1
082068,Sciara,0,0,22,388475,4195577,17.1
082068,Sciara,0,0,23,387987,4196376,17.1
082068,Sciara,0,0,24,387814,4197641,17.1
082068,Sciara,0,0,25,388762,4200472,17.1
082068,Sciara,0,0,26,389212,4200777,17.1
082068,Sciara,0,0,27,390159,4202234,17.1
082068,Sciara,0,0,28,390525,4201934,17.1
082069,Sclafani Bagni,0,0,0,393590,4181311,21.2
082069,Sclafani Bagni,0,0,1,393602,4179597,21.2
082069,Sclafani Bagni,0,0,2,394391,4179381,21.2
082069,Sclafani Bagni,0,0,3,395032,4178600,21.2
082069,Sclafani Bagni,0,0,4,394995,4178205,21.2
082069,Sclafani Bagni,0,0,5,394438,4177935,21.2
082069,Sclafani Bagni,0,0,6,393406,4176644,21.2
082069,Sclafani Bagni,0,0,7,392154,4175573,21.2
082069,Sclafani Bagni,0,0,8,391988,4174690,21.2
082069,Sclafani Bagni,0,0,9,392227,4173756,21.2
082069,Sclafani Bagni,0,0,10,392063,4173358,21.2
082069,Sclafani Bagni,0,0,11,391245,4173189,21.2
082069,Sclafani Bagni,0,0,12,389260,4174007,21.2
082069,Sclafani Bagni,0,0,13,389207,4174621,21.2
082069,Sclafani Bagni,0,0,14,392336,4179242,21.2
082069,Sclafani Bagni,0,0,15,392408,4179797,21.2
082069,Sclafani Bagni,0,0,16,390928,4180537,21.2
082069,Sclafani Bagni,0,0,17,391006,4180715,21.2
082069,Sclafani Bagni,0,0,18,392142,4181173,21.2
082069,Sclafani Bagni,0,0,19,393252,4181401,21.2
082069,Sclafani Bagni,0,0,20,393590,4181311,21.2
082069,Sclafani Bagni,1,0,0,387251,4189250,21.2
082069,Sclafani Bagni,1,0,1,388406,4188622,21.2
082069,Sclafani Bagni,1,0,2,388617,4187940,21.2
082069,Sclafani Bagni,1,0,3,388198,4185450,21.2
082069,Sclafani Bagni,1,0,4,387644,4184836,21.2
082069,Sclafani Bagni,1,0,5,387283,4184075,21.2
082069,Sclafani Bagni,1,0,6,387118,4185381,21.2
082069,Sclafani Bagni,1,0,7,386454,4186428,21.2
082069,Sclafani Bagni,1,0,8,386511,4187344,21.2
082069,Sclafani Bagni,1,0,9,386268,4188662,21.2
082069,Sclafani Bagni,1,0,10,386615,4189357,21.2
082069,Sclafani Bagni,1,0,11,387251,4189250,21.2
082069,Sclafani Bagni,2,0,0,398947,4191750,21.2
082069,Sclafani Bagni,2,0,1,400245,4192087,21.2
082069,Sclafani Bagni,2,0,2,400560,4191395,21.2
082069,Sclafani Bagni,2,0,3,400230,4190687,21.2
082069,Sclafani Bagni,2,0,4,400038,4190644,21.2
082069,Sclafani Bagni,2,0,5,399935,4189621,21.2
082069,Sclafani Bagni,2,0,6,400323,4187428,21.2
082069,Sclafani Bagni,2,0,7,400748,4186415,21.2
082069,Sclafani Bagni,2,0,8,400602,4185561,21.2
082069,Sclafani Bagni,2,0,9,401904,4184118,21.2
082069,Sclafani Bagni,2,0,10,401909,4183005,21.2
082069,Sclafani Bagni,2,0,11,401545,4181774,21.2
082069,Sclafani Bagni,2,0,12,401947,4180657,21.2
082069,Sclafani Bagni,2,0,13,401737,4179873,21.2
082069,Sclafani Bagni,2,0,14,401144,4179082,21.2
082069,Sclafani Bagni,2,0,15,401118,4177903,21.2
082069,Sclafani Bagni,2,0,16,400487,4176258,21.2
082069,Sclafani Bagni,2,0,17,400897,4173393,21.2
082069,Sclafani Bagni,2,0,18,400224,4171599,21.2
082069,Sclafani Bagni,2,0,19,397305,4172641,21.2
082069,Sclafani Bagni,2,0,20,395978,4173550,21.2
082069,Sclafani Bagni,2,0,21,395632,4174094,21.2
082069,Sclafani Bagni,2,0,22,395930,4174835,21.2
082069,Sclafani Bagni,2,0,23,395771,4175239,21.2
082069,Sclafani Bagni,2,0,24,396030,4175779,21.2
082069,Sclafani Bagni,2,0,25,396945,4176532,21.2
082069,Sclafani Bagni,2,0,26,397306,4177362,21.2
082069,Sclafani Bagni,2,0,27,398592,4178436,21.2
082069,Sclafani Bagni,2,0,28,399503,4180563,21.2
082069,Sclafani Bagni,2,0,29,399506,4181022,21.2
082069,Sclafani Bagni,2,0,30,399078,4181699,21.2
082069,Sclafani Bagni,2,0,31,397564,4183279,21.2
082069,Sclafani Bagni,2,0,32,397249,4183121,21.2
082069,Sclafani Bagni,2,0,33,396958,4182376,21.2
082069,Sclafani Bagni,2,0,34,396605,4182150,21.2
082069,Sclafani Bagni,2,0,35,395869,4182953,21.2
082069,Sclafani Bagni,2,0,36,395626,4182846,21.2
082069,Sclafani Bagni,2,0,37,395010,4182066,21.2
082069,Sclafani Bagni,2,0,38,393940,4181727,21.2
082069,Sclafani Bagni,2,0,39,393746,4181682,21.2
082069,Sclafani Bagni,2,0,40,393308,4181968,21.2
082069,Sclafani Bagni,2,0,41,392405,4181680,21.2
082069,Sclafani Bagni,2,0,42,390465,4181647,21.2
082069,Sclafani Bagni,2,0,43,390170,4182182,21.2
082069,Sclafani Bagni,2,0,44,390223,4182471,21.2
082069,Sclafani Bagni,2,0,45,389284,4183644,21.2
082069,Sclafani Bagni,2,0,46,389176,4184244,21.2
082069,Sclafani Bagni,2,0,47,389172,4184385,21.2
082069,Sclafani Bagni,2,0,48,389624,4184319,21.2
082069,Sclafani Bagni,2,0,49,390445,4184853,21.2
082069,Sclafani Bagni,2,0,50,391446,4185139,21.2
082069,Sclafani Bagni,2,0,51,392477,4185107,21.2
082069,Sclafani Bagni,2,0,52,393986,4185506,21.2
082069,Sclafani Bagni,2,0,53,394538,4185892,21.2
082069,Sclafani Bagni,2,0,54,394819,4186977,21.2
082069,Sclafani Bagni,2,0,55,394746,4187454,21.2
082069,Sclafani Bagni,2,0,56,394328,4187964,21.2
082069,Sclafani Bagni,2,0,57,394260,4188315,21.2
082069,Sclafani Bagni,2,0,58,394615,4188987,21.2
082069,Sclafani Bagni,2,0,59,395089,4189430,21.2
082069,Sclafani Bagni,2,0,60,395747,4190850,21.2
082069,Sclafani Bagni,2,0,61,395668,4191369,21.2
082069,Sclafani Bagni,2,0,62,396381,4191784,21.2
082069,Sclafani Bagni,2,0,63,398292,4192106,21.2
082069,Sclafani Bagni,2,0,64,398947,4191750,21.2
082070,Termini Imerese,0,0,0,379859,4206587,21.0
082070,Termini Imerese,0,0,1,381312,4205236,21.0
082070,Termini Imerese,0,0,2,381866,4205082,21.0
082070,Termini Imerese,0,0,3,382151,4205223,21.0
082070,Termini Imerese,0,0,4,382461,4205890,21.0
082070,Termini Imerese,0,0,5,382704,4206025,21.0
082070,Termini Imerese,0,0,6,385241,4205672,21.0
082070,Termini Imerese,0,0,7,386416,4205694,21.0
082070,Termini Imerese,0,0,8,387730,4205148,21.0
082070,Termini Imerese,0,0,9,387901,4204980,21.0
082070,Termini Imerese,0,0,10,386630,4205563,21.0
082070,Termini Imerese,0,0,11,386165,4205491,21.0
082070,Termini Imerese,0,0,12,386566,4204248,21.0
082070,Termini Imerese,0,0,13,387946,4203829,21.0
082070,Termini Imerese,0,0,14,388943,4203776,21.0
082070,Termini Imerese,0,0,15,389649,4203252,21.0
082070,Termini Imerese,0,0,16,394379,4203733,21.0
082070,Termini Imerese,0,0,17,396634,4204558,21.0
082070,Termini Imerese,0,0,18,396993,4203379,21.0
082070,Termini Imerese,0,0,19,396894,4203056,21.0
082070,Termini Imerese,0,0,20,397423,4201490,21.0
082070,Termini Imerese,0,0,21,398338,4200055,21.0
082070,Termini Imerese,0,0,22,397435,4199419,21.0
082070,Termini Imerese,0,0,23,396712,4198649,21.0
082070,Termini Imerese,0,0,24,396143,4197664,21.0
082070,Termini Imerese,0,0,25,396101,4196930,21.0
082070,Termini Imerese,0,0,26,395344,4196513,21.0
082070,Termini Imerese,0,0,27,394298,4196995,21.0
082070,Termini Imerese,0,0,28,392540,4197121,21.0
082070,Termini Imerese,0,0,29,392358,4197838,21.0
082070,Termini Imerese,0,0,30,392935,4198834,21.0
082070,Termini Imerese,0,0,31,393135,4199662,21.0
082070,Termini Imerese,0,0,32,393127,4200079,21.0
082070,Termini Imerese,0,0,33,392888,4200563,21.0
082070,Termini Imerese,0,0,34,392793,4199617,21.0
082070,Termini Imerese,0,0,35,391748,4199340,21.0
082070,Termini Imerese,0,0,36,391610,4199574,21.0
082070,Termini Imerese,0,0,37,391648,4200304,21.0
082070,Termini Imerese,0,0,38,391336,4201055,21.0
082070,Termini Imerese,0,0,39,390591,4201006,21.0
082070,Termini Imerese,0,0,40,390525,4201934,21.0
082070,Termini Imerese,0,0,41,390159,4202234,21.0
082070,Termini Imerese,0,0,42,389212,4200777,21.0
082070,Termini Imerese,0,0,43,388828,4200478,21.0
082070,Termini Imerese,0,0,44,388046,4200620,21.0
082070,Termini Imerese,0,0,45,387033,4201165,21.0
082070,Termini Imerese,0,0,46,384572,4200273,21.0
082070,Termini Imerese,0,0,47,384200,4200263,21.0
082070,Termini Imerese,0,0,48,382386,4201960,21.0
082070,Termini Imerese,0,0,49,381839,4203215,21.0
082070,Termini Imerese,0,0,50,381006,4203731,21.0
082070,Termini Imerese,0,0,51,380057,4203503,21.0
082070,Termini Imerese,0,0,52,378957,4204484,21.0
082070,Termini Imerese,0,0,53,379230,4205893,21.0
082070,Termini Imerese,0,0,54,379647,4206558,21.0
082070,Termini Imerese,0,0,55,379859,4206587,21.0
082071,Terrasini,0,0,0,331949,4224984,18.3
082071,Terrasini,0,0,1,332324,4224643,18.3
082071,Terrasini,0,0,2,332300,4224446,18.3
082071,Terrasini,0,0,3,332717,4223826,18.3
082071,Terrasini,0,0,4,333971,4222403,18.3
082071,Terrasini,0,0,5,333389,4221748,18.3
082071,Terrasini,0,0,6,332070,4222163,18.3
082071,Terrasini,0,0,7,331734,4221754,18.3
082071,Terrasini,0,0,8,331802,4221491,18.3
082071,Terrasini,0,0,9,332390,4221163,18.3
082071,Terrasini,0,0,10,333226,4220051,18.3
082071,Terrasini,0,0,11,333650,4218280,18.3
082071,Terrasini,0,0,12,334135,4217472,18.3
082071,Terrasini,0,0,13,333909,4216666,18.3
082071,Terrasini,0,0,14,333495,4216469,18.3
082071,Terrasini,0,0,15,332660,4216563,18.3
082071,Terrasini,0,0,16,332436,4216747,18.3
082071,Terrasini,0,0,17,332077,4216683,18.3
082071,Terrasini,0,0,18,331042,4217055,18.3
082071,Terrasini,0,0,19,331470,4217357,18.3
082071,Terrasini,0,0,20,330962,4219481,18.3
082071,Terrasini,0,0,21,330996,4219897,18.3
082071,Terrasini,0,0,22,330448,4221275,18.3
082071,Terrasini,0,0,23,329372,4222821,18.3
082071,Terrasini,0,0,24,330515,4223485,18.3
082071,Terrasini,0,0,25,331064,4223289,18.3
082071,Terrasini,0,0,26,330908,4224035,18.3
082071,Terrasini,0,0,27,331087,4224344,18.3
082071,Terrasini,0,0,28,331949,4224984,18.3
082072,Torretta,0,0,0,348484,4229297,19.0
082072,Torretta,0,0,1,348869,4228556,19.0
082072,Torretta,0,0,2,348951,4227965,19.0
082072,Torretta,0,0,3,348348,4226573,19.0
082072,Torretta,0,0,4,347964,4226144,19.0
082072,Torretta,0,0,5,347507,4226033,19.0
082072,Torretta,0,0,6,347583,4225162,19.0
082072,Torretta,0,0,7,347991,4224120,19.0
082072,Torretta,0,0,8,347056,4222727,19.0
082072,Torretta,0,0,9,346624,4222357,19.0
082072,Torretta,0,0,10,346772,4220640,19.0
082072,Torretta,0,0,11,345890,4218425,19.0
082072,Torretta,0,0,12,345155,4218618,19.0
082072,Torretta,0,0,13,343109,4218455,19.0
082072,Torretta,0,0,14,343123,4219005,19.0
082072,Torretta,0,0,15,343643,4219548,19.0
082072,Torretta,0,0,16,344056,4219667,19.0
082072,Torretta,0,0,17,344175,4220208,19.0
082072,Torretta,0,0,18,343905,4221310,19.0
082072,Torretta,0,0,19,343225,4222364,19.0
082072,Torretta,0,0,20,342816,4223461,19.0
082072,Torretta,0,0,21,343649,4224150,19.0
082072,Torretta,0,0,22,344730,4224654,19.0
082072,Torretta,0,0,23,345033,4225072,19.0
082072,Torretta,0,0,24,345124,4224674,19.0
082072,Torretta,0,0,25,345589,4224123,19.0
082072,Torretta,0,0,26,346713,4223498,19.0
082072,Torretta,0,0,27,346971,4223522,19.0
082072,Torretta,0,0,28,346890,4223872,19.0
082072,Torretta,0,0,29,346328,4224594,19.0
082072,Torretta,0,0,30,346440,4226274,19.0
082072,Torretta,0,0,31,347095,4226913,19.0
082072,Torretta,0,0,32,347373,4227466,19.0
082072,Torretta,0,0,33,347529,4229391,19.0
082072,Torretta,0,0,34,348484,4229297,19.0
082073,Trabia,0,0,0,377802,4209020,17.7
082073,Trabia,0,0,1,379262,4207776,17.7
082073,Trabia,0,0,2,380174,4207601,17.7
082073,Trabia,0,0,3,381561,4206511,17.7
082073,Trabia,0,0,4,382704,4206025,17.7
082073,Trabia,0,0,5,382461,4205890,17.7
082073,Trabia,0,0,6,382151,4205223,17.7
082073,Trabia,0,0,7,381866,4205082,17.7
082073,Trabia,0,0,8,381391,4205181,17.7
082073,Trabia,0,0,9,380202,4206360,17.7
082073,Trabia,0,0,10,379647,4206558,17.7
082073,Trabia,0,0,11,379230,4205893,17.7
082073,Trabia,0,0,12,378909,4204732,17.7
082073,Trabia,0,0,13,378957,4204484,17.7
082073,Trabia,0,0,14,380057,4203503,17.7
082073,Trabia,0,0,15,379247,4202968,17.7
082073,Trabia,0,0,16,378764,4202390,17.7
082073,Trabia,0,0,17,377599,4201846,17.7
082073,Trabia,0,0,18,376982,4202399,17.7
082073,Trabia,0,0,19,376618,4203497,17.7
082073,Trabia,0,0,20,375791,4204808,17.7
082073,Trabia,0,0,21,375660,4206367,17.7
082073,Trabia,0,0,22,376795,4207072,17.7
082073,Trabia,0,0,23,377266,4207586,17.7
082073,Trabia,0,0,24,377326,4208632,17.7
082073,Trabia,0,0,25,377802,4209020,17.7
082074,Trappeto,0,0,0,331042,4217055,19.7
082074,Trappeto,0,0,1,332075,4216633,19.7
082074,Trappeto,0,0,2,331477,4216098,19.7
082074,Trappeto,0,0,3,330859,4215877,19.7
082074,Trappeto,0,0,4,329950,4214776,19.7
082074,Trappeto,0,0,5,328744,4215237,19.7
082074,Trappeto,0,0,6,327817,4214365,19.7
082074,Trappeto,0,0,7,327627,4214951,19.7
082074,Trappeto,0,0,8,326980,4214302,19.7
082074,Trappeto,0,0,9,326888,4214525,19.7
082074,Trappeto,0,0,10,327963,4215594,19.7
082074,Trappeto,0,0,11,329186,4215648,19.7
082074,Trappeto,0,0,12,331042,4217055,19.7
082075,Ustica,0,0,0,339707,4286847,17.3
082075,Ustica,0,0,1,339628,4286841,17.3
082075,Ustica,0,0,2,339709,4286894,17.3
082075,Ustica,0,0,3,339707,4286847,17.3
082075,Ustica,1,0,0,341837,4287351,17.3
082075,Ustica,1,0,1,342335,4286908,17.3
082075,Ustica,1,0,2,343342,4286521,17.3
082075,Ustica,1,0,3,343532,4286254,17.3
082075,Ustica,1,0,4,343468,4285982,17.3
082075,Ustica,1,0,5,342648,4285112,17.3
082075,Ustica,1,0,6,341181,4284157,17.3
082075,Ustica,1,0,7,340008,4284164,17.3
082075,Ustica,1,0,8,339426,4284404,17.3
082075,Ustica,1,0,9,339354,4284991,17.3
082075,Ustica,1,0,10,340304,4286579,17.3
082075,Ustica,1,0,11,341109,4287097,17.3
082075,Ustica,1,0,12,341837,4287351,17.3
082076,Valledolmo,0,0,0,397564,4183279,19.2
082076,Valledolmo,0,0,1,399322,4181342,19.2
082076,Valledolmo,0,0,2,399506,4181022,19.2
082076,Valledolmo,0,0,3,399488,4180494,19.2
082076,Valledolmo,0,0,4,398592,4178436,19.2
082076,Valledolmo,0,0,5,397306,4177362,19.2
082076,Valledolmo,0,0,6,396945,4176532,19.2
082076,Valledolmo,0,0,7,396499,4176037,19.2
082076,Valledolmo,0,0,8,396254,4176045,19.2
082076,Valledolmo,0,0,9,395835,4175449,19.2
082076,Valledolmo,0,0,10,395885,4176168,19.2
082076,Valledolmo,0,0,11,395670,4176847,19.2
082076,Valledolmo,0,0,12,394978,4178006,19.2
082076,Valledolmo,0,0,13,395032,4178600,19.2
082076,Valledolmo,0,0,14,394391,4179381,19.2
082076,Valledolmo,0,0,15,393602,4179597,19.2
082076,Valledolmo,0,0,16,393471,4181091,19.2
082076,Valledolmo,0,0,17,393746,4181682,19.2
082076,Valledolmo,0,0,18,395010,4182066,19.2
082076,Valledolmo,0,0,19,395818,4182934,19.2
082076,Valledolmo,0,0,20,396605,4182150,19.2
082076,Valledolmo,0,0,21,396958,4182376,19.2
082076,Valledolmo,0,0,22,397249,4183121,19.2
082076,Valledolmo,0,0,23,397564,4183279,19.2
082077,Ventimiglia di Sicilia,0,0,0,375793,4199150,16.4
082077,Ventimiglia di Sicilia,0,0,1,375796,4196073,16.4
082077,Ventimiglia di Sicilia,0,0,2,376006,4196026,16.4
082077,Ventimiglia di Sicilia,0,0,3,373362,4196569,16.4
082077,Ventimiglia di Sicilia,0,0,4,373266,4197620,16.4
082077,Ventimiglia di Sicilia,0,0,5,372924,4198410,16.4
082077,Ventimiglia di Sicilia,0,0,6,373006,4198946,16.4
082077,Ventimiglia di Sicilia,0,0,7,373657,4199880,16.4
082077,Ventimiglia di Sicilia,0,0,8,374593,4200558,16.4
082077,Ventimiglia di Sicilia,0,0,9,375793,4199150,16.4
082077,Ventimiglia di Sicilia,1,0,0,369510,4207805,16.4
082077,Ventimiglia di Sicilia,1,0,1,369915,4206895,16.4
082077,Ventimiglia di Sicilia,1,0,2,370626,4206429,16.4
082077,Ventimiglia di Sicilia,1,0,3,371779,4206741,16.4
082077,Ventimiglia di Sicilia,1,0,4,371872,4206650,16.4
082077,Ventimiglia di Sicilia,1,0,5,372611,4204650,16.4
082077,Ventimiglia di Sicilia,1,0,6,373519,4203119,16.4
082077,Ventimiglia di Sicilia,1,0,7,373360,4202472,16.4
082077,Ventimiglia di Sicilia,1,0,8,373164,4202297,16.4
082077,Ventimiglia di Sicilia,1,0,9,372430,4202259,16.4
082077,Ventimiglia di Sicilia,1,0,10,370166,4202580,16.4
082077,Ventimiglia di Sicilia,1,0,11,369283,4204130,16.4
082077,Ventimiglia di Sicilia,1,0,12,368685,4204587,16.4
082077,Ventimiglia di Sicilia,1,0,13,367424,4204679,16.4
082077,Ventimiglia di Sicilia,1,0,14,367839,4205885,16.4
082077,Ventimiglia di Sicilia,1,0,15,368768,4206675,16.4
082077,Ventimiglia di Sicilia,1,0,16,368919,4207437,16.4
082077,Ventimiglia di Sicilia,1,0,17,369510,4207805,16.4
082078,Vicari,0,0,0,376110,4190003,17.7
082078,Vicari,0,0,1,377351,4189869,17.7
082078,Vicari,0,0,2,378406,4188666,17.7
082078,Vicari,0,0,3,378820,4188415,17.7
082078,Vicari,0,0,4,379109,4188450,17.7
082078,Vicari,0,0,5,379101,4188166,17.7
082078,Vicari,0,0,6,377888,4187267,17.7
082078,Vicari,0,0,7,379089,4184696,17.7
082078,Vicari,0,0,8,379165,4184192,17.7
082078,Vicari,0,0,9,379059,4183653,17.7
082078,Vicari,0,0,10,378492,4183951,17.7
082078,Vicari,0,0,11,377679,4183473,17.7
082078,Vicari,0,0,12,377661,4183211,17.7
082078,Vicari,0,0,13,377903,4182820,17.7
082078,Vicari,0,0,14,378927,4182274,17.7
082078,Vicari,0,0,15,378506,4181861,17.7
082078,Vicari,0,0,16,377769,4180066,17.7
082078,Vicari,0,0,17,376658,4179280,17.7
082078,Vicari,0,0,18,376059,4179319,17.7
082078,Vicari,0,0,19,375586,4179589,17.7
082078,Vicari,0,0,20,375081,4179415,17.7
082078,Vicari,0,0,21,374871,4178805,17.7
082078,Vicari,0,0,22,374972,4177524,17.7
082078,Vicari,0,0,23,374958,4177272,17.7
082078,Vicari,0,0,24,374823,4177226,17.7
082078,Vicari,0,0,25,373502,4179109,17.7
082078,Vicari,0,0,26,372809,4179636,17.7
082078,Vicari,0,0,27,371462,4178785,17.7
082078,Vicari,0,0,28,370859,4180001,17.7
082078,Vicari,0,0,29,369710,4178885,17.7
082078,Vicari,0,0,30,368946,4179978,17.7
082078,Vicari,0,0,31,367534,4181505,17.7
082078,Vicari,0,0,32,366880,4181921,17.7
082078,Vicari,0,0,33,367183,4182961,17.7
082078,Vicari,0,0,34,367078,4183224,17.7
082078,Vicari,0,0,35,368927,4183774,17.7
082078,Vicari,0,0,36,369538,4184363,17.7
082078,Vicari,0,0,37,370409,4183658,17.7
082078,Vicari,0,0,38,371049,4183595,17.7
082078,Vicari,0,0,39,371554,4183811,17.7
082078,Vicari,0,0,40,371612,4184920,17.7
082078,Vicari,0,0,41,372264,4185739,17.7
082078,Vicari,0,0,42,372586,4186457,17.7
082078,Vicari,0,0,43,371679,4187304,17.7
082078,Vicari,0,0,44,371712,4188929,17.7
082078,Vicari,0,0,45,372506,4189511,17.7
082078,Vicari,0,0,46,374270,4189482,17.7
082078,Vicari,0,0,47,375658,4189997,17.7
082078,Vicari,0,0,48,375976,4189772,17.7
082078,Vicari,0,0,49,376110,4190003,17.7
082079,Villabate,0,0,0,364183,4216212,16.6
082079,Villabate,0,0,1,364492,4215293,16.6
082079,Villabate,0,0,2,363109,4214159,16.6
082079,Villabate,0,0,3,362716,4214345,16.6
082079,Villabate,0,0,4,362660,4215457,16.6
082079,Villabate,0,0,5,362297,4215666,16.6
082079,Villabate,0,0,6,362760,4216519,16.6
082079,Villabate,0,0,7,363800,4217022,16.6
082079,Villabate,0,0,8,364203,4216791,16.6
082079,Villabate,0,0,9,364183,4216212,16.6
082080,Villafrati,0,0,0,368552,4201373,21.0
082080,Villafrati,0,0,1,368907,4201378,21.0
082080,Villafrati,0,0,2,369097,4201210,21.0
082080,Villafrati,0,0,3,369172,4200435,21.0
082080,Villafrati,0,0,4,368675,4199989,21.0
082080,Villafrati,0,0,5,368424,4199979,21.0
082080,Villafrati,0,0,6,368189,4199248,21.0
082080,Villafrati,0,0,7,369666,4197628,21.0
082080,Villafrati,0,0,8,369745,4197025,21.0
082080,Villafrati,0,0,9,370203,4196001,21.0
082080,Villafrati,0,0,10,371550,4196214,21.0
082080,Villafrati,0,0,11,371218,4195268,21.0
082080,Villafrati,0,0,12,369028,4194983,21.0
082080,Villafrati,0,0,13,367759,4195505,21.0
082080,Villafrati,0,0,14,367178,4195553,21.0
082080,Villafrati,0,0,15,366757,4195379,21.0
082080,Villafrati,0,0,16,365911,4198981,21.0
082080,Villafrati,0,0,17,365695,4199260,21.0
082080,Villafrati,0,0,18,365659,4199902,21.0
082080,Villafrati,0,0,19,364151,4200894,21.0
082080,Villafrati,0,0,20,363981,4201152,21.0
082080,Villafrati,0,0,21,364547,4201251,21.0
082080,Villafrati,0,0,22,365916,4202620,21.0
082080,Villafrati,0,0,23,366992,4203317,21.0
082080,Villafrati,0,0,24,367465,4202647,21.0
082080,Villafrati,0,0,25,367639,4201934,21.0
082080,Villafrati,0,0,26,368552,4201373,21.0
082081,Scillato,0,0,0,409751,4193042,18.5
082081,Scillato,0,0,1,409362,4192859,18.5
082081,Scillato,0,0,2,408680,4192182,18.5
082081,Scillato,0,0,3,408451,4191145,18.5
082081,Scillato,0,0,4,408340,4189279,18.5
082081,Scillato,0,0,5,407844,4188068,18.5
082081,Scillato,0,0,6,407879,4187782,18.5
082081,Scillato,0,0,7,405920,4188130,18.5
082081,Scillato,0,0,8,405261,4188440,18.5
082081,Scillato,0,0,9,404173,4189741,18.5
082081,Scillato,0,0,10,402381,4191225,18.5
082081,Scillato,0,0,11,401676,4191092,18.5
082081,Scillato,0,0,12,400560,4191395,18.5
082081,Scillato,0,0,13,400245,4192087,18.5
082081,Scillato,0,0,14,400405,4192368,18.5
082081,Scillato,0,0,15,400432,4193097,18.5
082081,Scillato,0,0,16,400050,4194087,18.5
082081,Scillato,0,0,17,400452,4193976,18.5
082081,Scillato,0,0,18,401070,4194088,18.5
082081,Scillato,0,0,19,401898,4193778,18.5
082081,Scillato,0,0,20,402119,4193510,18.5
082081,Scillato,0,0,21,403195,4193361,18.5
082081,Scillato,0,0,22,404932,4193542,18.5
082081,Scillato,0,0,23,406089,4193333,18.5
082081,Scillato,0,0,24,406156,4192862,18.5
082081,Scillato,0,0,25,407568,4192483,18.5
082081,Scillato,0,0,26,408024,4192606,18.5
082081,Scillato,0,0,27,409532,4193952,18.5
082081,Scillato,0,0,28,409751,4193042,18.5
082082,Blufi,0,0,0,427804,4177166,29.5
082082,Blufi,0,0,1,428868,4176611,29.5
082082,Blufi,0,0,2,429039,4175743,29.5
082082,Blufi,0,0,3,428565,4173062,29.5
082082,Blufi,0,0,4,427753,4171745,29.5
082082,Blufi,0,0,5,427157,4172178,29.5
082082,Blufi,0,0,6,426100,4172190,29.5
082082,Blufi,0,0,7,425839,4172745,29.5
082082,Blufi,0,0,8,427299,4173850,29.5
082082,Blufi,0,0,9,426879,4174433,29.5
082082,Blufi,0,0,10,426742,4175354,29.5
082082,Blufi,0,0,11,426860,4176133,29.5
082082,Blufi,0,0,12,426661,4176583,29.5
082082,Blufi,0,0,13,426394,4176740,29.5
082082,Blufi,0,0,14,427002,4177265,29.5
082082,Blufi,0,0,15,427804,4177166,29.5
082082,Blufi,1,0,0,419082,4181523,29.5
082082,Blufi,1,0,1,419798,4178572,29.5
082082,Blufi,1,0,2,419695,4178016,29.5
082082,Blufi,1,0,3,418940,4177407,29.5
082082,Blufi,1,0,4,418085,4177361,29.5
082082,Blufi,1,0,5,417758,4177098,29.5
082082,Blufi,1,0,6,417582,4176160,29.5
082082,Blufi,1,0,7,417690,4175295,29.5
082082,Blufi,1,0,8,415982,4175583,29.5
082082,Blufi,1,0,9,415713,4175834,29.5
082082,Blufi,1,0,10,416671,4177441,29.5
082082,Blufi,1,0,11,417059,4179180,29.5
082082,Blufi,1,0,12,418439,4181453,29.5
082082,Blufi,1,0,13,418739,4181791,29.5
082082,Blufi,1,0,14,419082,4181523,29.5
083001,Alcara li Fusi,0,0,0,472855,4210461,27.0
083001,Alcara li Fusi,0,0,1,473299,4209664,27.0
083001,Alcara li Fusi,0,0,2,473876,4209164,27.0
083001,Alcara li Fusi,0,0,3,475789,4209151,27.0
083001,Alcara li Fusi,0,0,4,476373,4209307,27.0
083001,Alcara li Fusi,0,0,5,478002,4205965,27.0
083001,Alcara li Fusi,0,0,6,477803,4205471,27.0
083001,Alcara li Fusi,0,0,7,476855,4204704,27.0
083001,Alcara li Fusi,0,0,8,476841,4204438,27.0
083001,Alcara li Fusi,0,0,9,477903,4203459,27.0
083001,Alcara li Fusi,0,0,10,479046,4201993,27.0
083001,Alcara li Fusi,0,0,11,479138,4200772,27.0
083001,Alcara li Fusi,0,0,12,478046,4199889,27.0
083001,Alcara li Fusi,0,0,13,476426,4200100,27.0
083001,Alcara li Fusi,0,0,14,475323,4200924,27.0
083001,Alcara li Fusi,0,0,15,474704,4200945,27.0
083001,Alcara li Fusi,0,0,16,473418,4200549,27.0
083001,Alcara li Fusi,0,0,17,472232,4200649,27.0
083001,Alcara li Fusi,0,0,18,471759,4200300,27.0
083001,Alcara li Fusi,0,0,19,471390,4199453,27.0
083001,Alcara li Fusi,0,0,20,471594,4198895,27.0
083001,Alcara li Fusi,0,0,21,472127,4198462,27.0
083001,Alcara li Fusi,0,0,22,472011,4198280,27.0
083001,Alcara li Fusi,0,0,23,471438,4198511,27.0
083001,Alcara li Fusi,0,0,24,471177,4198992,27.0
083001,Alcara li Fusi,0,0,25,471079,4199975,27.0
083001,Alcara li Fusi,0,0,26,471360,4200615,27.0
083001,Alcara li Fusi,0,0,27,470984,4201950,27.0
083001,Alcara li Fusi,0,0,28,471105,4202925,27.0
083001,Alcara li Fusi,0,0,29,470767,4204131,27.0
083001,Alcara li Fusi,0,0,30,470093,4205637,27.0
083001,Alcara li Fusi,0,0,31,470226,4206245,27.0
083001,Alcara li Fusi,0,0,32,472213,4208965,27.0
083001,Alcara li Fusi,0,0,33,472077,4210099,27.0
083001,Alcara li Fusi,0,0,34,472310,4210639,27.0
083001,Alcara li Fusi,0,0,35,472436,4210802,27.0
083001,Alcara li Fusi,0,0,36,472855,4210461,27.0
083002,Alì,0,0,0,535218,4212995,27.1
083002,Alì,0,0,1,537106,4210380,27.1
083002,Alì,0,0,2,537662,4210377,27.1
083002,Alì,0,0,3,538323,4209987,27.1
083002,Alì,0,0,4,537881,4209876,27.1
083002,Alì,0,0,5,537927,4209198,27.1
083002,Alì,0,0,6,537726,4208475,27.1
083002,Alì,0,0,7,536485,4207367,27.1
083002,Alì,0,0,8,536138,4207411,27.1
083002,Alì,0,0,9,535635,4207901,27.1
083002,Alì,0,0,10,534895,4209201,27.1
083002,Alì,0,0,11,534684,4209701,27.1
083002,Alì,0,0,12,534670,4210838,27.1
083002,Alì,0,0,13,534211,4211656,27.1
083002,Alì,0,0,14,533377,4211785,27.1
083002,Alì,0,0,15,532841,4211634,27.1
083002,Alì,0,0,16,532275,4212032,27.1
083002,Alì,0,0,17,532160,4212630,27.1
083002,Alì,0,0,18,532393,4213000,27.1
083002,Alì,0,0,19,533451,4213374,27.1
083002,Alì,0,0,20,533781,4213268,27.1
083002,Alì,0,0,21,534816,4214070,27.1
083002,Alì,0,0,22,535392,4213257,27.1
083002,Alì,0,0,23,535218,4212995,27.1
083003,Alì Terme,0,0,0,538245,4210002,29.1
083003,Alì Terme,0,0,1,538685,4208959,29.1
083003,Alì Terme,0,0,2,538880,4208765,29.1
083003,Alì Terme,0,0,3,538715,4208162,29.1
083003,Alì Terme,0,0,4,536666,4205394,29.1
083003,Alì Terme,0,0,5,535577,4206220,29.1
083003,Alì Terme,0,0,6,535629,4207411,29.1
083003,Alì Terme,0,0,7,535314,4208564,29.1
083003,Alì Terme,0,0,8,535635,4207901,29.1
083003,Alì Terme,0,0,9,536138,4207411,29.1
083003,Alì Terme,0,0,10,536485,4207367,29.1
083003,Alì Terme,0,0,11,537726,4208475,29.1
083003,Alì Terme,0,0,12,537927,4209198,29.1
083003,Alì Terme,0,0,13,537881,4209876,29.1
083003,Alì Terme,0,0,14,538245,4210002,29.1
083004,Antillo,0,0,0,521044,4206732,26.0
083004,Antillo,0,0,1,520992,4205305,26.0
083004,Antillo,0,0,2,522796,4203348,26.0
083004,Antillo,0,0,3,522800,4203005,26.0
083004,Antillo,0,0,4,522345,4202217,26.0
083004,Antillo,0,0,5,522398,4201665,26.0
083004,Antillo,0,0,6,523375,4201017,26.0
083004,Antillo,0,0,7,522638,4200733,26.0
083004,Antillo,0,0,8,522388,4201096,26.0
083004,Antillo,0,0,9,522053,4200690,26.0
083004,Antillo,0,0,10,522243,4200018,26.0
083004,Antillo,0,0,11,521997,4198755,26.0
083004,Antillo,0,0,12,521714,4198371,26.0
083004,Antillo,0,0,13,521315,4198226,26.0
083004,Antillo,0,0,14,521357,4197269,26.0
083004,Antillo,0,0,15,521167,4196875,26.0
083004,Antillo,0,0,16,520907,4196752,26.0
083004,Antillo,0,0,17,520247,4197037,26.0
083004,Antillo,0,0,18,519034,4196861,26.0
083004,Antillo,0,0,19,517948,4198205,26.0
083004,Antillo,0,0,20,516594,4198982,26.0
083004,Antillo,0,0,21,515963,4201192,26.0
083004,Antillo,0,0,22,516586,4202022,26.0
083004,Antillo,0,0,23,517834,4203132,26.0
083004,Antillo,0,0,24,517670,4204980,26.0
083004,Antillo,0,0,25,518870,4205749,26.0
083004,Antillo,0,0,26,519240,4206218,26.0
083004,Antillo,0,0,27,520002,4206630,26.0
083004,Antillo,0,0,28,521044,4206732,26.0
083005,Barcellona Pozzo di Gotto,0,0,0,521537,4223953,29.2
083005,Barcellona Pozzo di Gotto,0,0,1,522505,4223674,29.2
083005,Barcellona Pozzo di Gotto,0,0,2,522639,4222684,29.2
083005,Barcellona Pozzo di Gotto,0,0,3,522994,4222467,29.2
083005,Barcellona Pozzo di Gotto,0,0,4,523076,4221812,29.2
083005,Barcellona Pozzo di Gotto,0,0,5,523807,4221051,29.2
083005,Barcellona Pozzo di Gotto,0,0,6,523929,4220574,29.2
083005,Barcellona Pozzo di Gotto,0,0,7,523929,4220108,29.2
083005,Barcellona Pozzo di Gotto,0,0,8,523526,4219938,29.2
083005,Barcellona Pozzo di Gotto,0,0,9,522943,4219164,29.2
083005,Barcellona Pozzo di Gotto,0,0,10,522759,4217281,29.2
083005,Barcellona Pozzo di Gotto,0,0,11,522439,4216384,29.2
083005,Barcellona Pozzo di Gotto,0,0,12,523018,4215421,29.2
083005,Barcellona Pozzo di Gotto,0,0,13,523719,4215176,29.2
083005,Barcellona Pozzo di Gotto,0,0,14,523780,4214874,29.2
083005,Barcellona Pozzo di Gotto,0,0,15,522822,4213921,29.2
083005,Barcellona Pozzo di Gotto,0,0,16,522578,4213844,29.2
083005,Barcellona Pozzo di Gotto,0,0,17,521952,4213954,29.2
083005,Barcellona Pozzo di Gotto,0,0,18,521214,4214476,29.2
083005,Barcellona Pozzo di Gotto,0,0,19,520560,4215113,29.2
083005,Barcellona Pozzo di Gotto,0,0,20,520436,4215878,29.2
083005,Barcellona Pozzo di Gotto,0,0,21,519589,4216273,29.2
083005,Barcellona Pozzo di Gotto,0,0,22,519092,4216708,29.2
083005,Barcellona Pozzo di Gotto,0,0,23,517315,4219654,29.2
083005,Barcellona Pozzo di Gotto,0,0,24,516358,4220175,29.2
083005,Barcellona Pozzo di Gotto,0,0,25,514951,4222661,29.2
083005,Barcellona Pozzo di Gotto,0,0,26,515954,4223485,29.2
083005,Barcellona Pozzo di Gotto,0,0,27,518346,4226194,29.2
083005,Barcellona Pozzo di Gotto,0,0,28,519245,4225514,29.2
083005,Barcellona Pozzo di Gotto,0,0,29,521214,4224984,29.2
083005,Barcellona Pozzo di Gotto,0,0,30,521537,4223953,29.2
083006,Basicò,0,0,0,507666,4214122,25.9
083006,Basicò,0,0,1,507786,4213013,25.9
083006,Basicò,0,0,2,507199,4211604,25.9
083006,Basicò,0,0,3,506116,4211206,25.9
083006,Basicò,0,0,4,504247,4209977,25.9
083006,Basicò,0,0,5,504005,4210272,25.9
083006,Basicò,0,0,6,503672,4211652,25.9
083006,Basicò,0,0,7,504695,4213396,25.9
083006,Basicò,0,0,8,504834,4214583,25.9
083006,Basicò,0,0,9,505043,4214929,25.9
083006,Basicò,0,0,10,505088,4214739,25.9
083006,Basicò,0,0,11,506293,4214026,25.9
083006,Basicò,0,0,12,507181,4214825,25.9
083006,Basicò,0,0,13,507445,4214661,25.9
083006,Basicò,0,0,14,507666,4214122,25.9
083007,Brolo,0,0,0,485697,4223876,36.5
083007,Brolo,0,0,1,486144,4223024,36.5
083007,Brolo,0,0,2,486348,4222150,36.5
083007,Brolo,0,0,3,486996,4220937,36.5
083007,Brolo,0,0,4,487557,4220355,36.5
083007,Brolo,0,0,5,487561,4219855,36.5
083007,Brolo,0,0,6,487006,4219945,36.5
083007,Brolo,0,0,7,486535,4220266,36.5
083007,Brolo,0,0,8,485373,4221138,36.5
083007,Brolo,0,0,9,484491,4222055,36.5
083007,Brolo,0,0,10,483488,4221541,36.5
083007,Brolo,0,0,11,483247,4222181,36.5
083007,Brolo,0,0,12,483438,4222590,36.5
083007,Brolo,0,0,13,483337,4223185,36.5
083007,Brolo,0,0,14,485697,4223876,36.5
083007,Brolo,1,0,0,484721,4224177,36.5
083007,Brolo,1,0,1,484699,4224126,36.5
083007,Brolo,1,0,2,484679,4224162,36.5
083007,Brolo,1,0,3,484721,4224177,36.5
083008,Capizzi,0,0,0,458697,4195653,22.3
083008,Capizzi,0,0,1,459864,4194505,22.3
083008,Capizzi,0,0,2,461465,4194122,22.3
083008,Capizzi,0,0,3,461960,4194180,22.3
083008,Capizzi,0,0,4,462183,4194006,22.3
083008,Capizzi,0,0,5,462453,4193397,22.3
083008,Capizzi,0,0,6,462204,4192548,22.3
083008,Capizzi,0,0,7,462005,4192370,22.3
083008,Capizzi,0,0,8,460954,4192388,22.3
083008,Capizzi,0,0,9,460518,4192178,22.3
083008,Capizzi,0,0,10,460041,4191796,22.3
083008,Capizzi,0,0,11,459585,4190933,22.3
083008,Capizzi,0,0,12,458992,4190441,22.3
083008,Capizzi,0,0,13,458397,4190590,22.3
083008,Capizzi,0,0,14,457506,4190220,22.3
083008,Capizzi,0,0,15,456639,4189510,22.3
083008,Capizzi,0,0,16,456172,4188717,22.3
083008,Capizzi,0,0,17,455365,4186505,22.3
083008,Capizzi,0,0,18,454426,4185175,22.3
083008,Capizzi,0,0,19,453660,4184959,22.3
083008,Capizzi,0,0,20,452270,4185427,22.3
083008,Capizzi,0,0,21,451944,4185645,22.3
083008,Capizzi,0,0,22,452018,4186195,22.3
083008,Capizzi,0,0,23,452905,4188206,22.3
083008,Capizzi,0,0,24,452441,4188683,22.3
083008,Capizzi,0,0,25,451377,4189180,22.3
083008,Capizzi,0,0,26,449784,4189623,22.3
083008,Capizzi,0,0,27,448825,4190631,22.3
083008,Capizzi,0,0,28,447778,4191154,22.3
083008,Capizzi,0,0,29,448042,4191647,22.3
083008,Capizzi,0,0,30,448853,4192757,22.3
083008,Capizzi,0,0,31,449431,4193096,22.3
083008,Capizzi,0,0,32,450394,4192994,22.3
083008,Capizzi,0,0,33,450737,4193101,22.3
083008,Capizzi,0,0,34,451972,4193572,22.3
083008,Capizzi,0,0,35,453178,4194275,22.3
083008,Capizzi,0,0,36,455511,4194317,22.3
083008,Capizzi,0,0,37,456939,4195120,22.3
083008,Capizzi,0,0,38,458370,4195696,22.3
083008,Capizzi,0,0,39,458697,4195653,22.3
083009,Capo d'Orlando,0,0,0,478150,4224233,36.5
083009,Capo d'Orlando,0,0,1,478985,4223308,36.5
083009,Capo d'Orlando,0,0,2,479851,4223182,36.5
083009,Capo d'Orlando,0,0,3,481221,4222641,36.5
083009,Capo d'Orlando,0,0,4,481723,4222749,36.5
083009,Capo d'Orlando,0,0,5,481539,4222028,36.5
083009,Capo d'Orlando,0,0,6,480319,4221769,36.5
083009,Capo d'Orlando,0,0,7,478915,4221920,36.5
083009,Capo d'Orlando,0,0,8,477699,4221588,36.5
083009,Capo d'Orlando,0,0,9,476264,4219118,36.5
083009,Capo d'Orlando,0,0,10,475768,4217881,36.5
083009,Capo d'Orlando,0,0,11,475525,4217976,36.5
083009,Capo d'Orlando,0,0,12,474932,4218556,36.5
083009,Capo d'Orlando,0,0,13,474163,4219750,36.5
083009,Capo d'Orlando,0,0,14,477596,4223924,36.5
083009,Capo d'Orlando,0,0,15,478150,4224233,36.5
083010,Capri Leone,0,0,0,475518,4217689,34.6
083010,Capri Leone,0,0,1,476274,4216704,34.6
083010,Capri Leone,0,0,2,477102,4214927,34.6
083010,Capri Leone,0,0,3,476923,4214680,34.6
083010,Capri Leone,0,0,4,476127,4214252,34.6
083010,Capri Leone,0,0,5,475178,4214761,34.6
083010,Capri Leone,0,0,6,474530,4215542,34.6
083010,Capri Leone,0,0,7,474681,4215783,34.6
083010,Capri Leone,0,0,8,474549,4216286,34.6
083010,Capri Leone,0,0,9,474664,4216756,34.6
083010,Capri Leone,0,0,10,474190,4217292,34.6
083010,Capri Leone,0,0,11,474255,4217914,34.6
083010,Capri Leone,0,0,12,474932,4218556,34.6
083010,Capri Leone,0,0,13,475525,4217976,34.6
083010,Capri Leone,0,0,14,475518,4217689,34.6
083011,Caronia,0,0,0,461268,4211232,26.1
083011,Caronia,0,0,1,461467,4210041,26.1
083011,Caronia,0,0,2,461241,4209526,26.1
083011,Caronia,0,0,3,461263,4209124,26.1
083011,Caronia,0,0,4,462555,4206623,26.1
083011,Caronia,0,0,5,463613,4203143,26.1
083011,Caronia,0,0,6,464098,4199703,26.1
083011,Caronia,0,0,7,464093,4198653,26.1
083011,Caronia,0,0,8,462773,4197237,26.1
083011,Caronia,0,0,9,461498,4196382,26.1
083011,Caronia,0,0,10,460344,4196796,26.1
083011,Caronia,0,0,11,459928,4196731,26.1
083011,Caronia,0,0,12,458822,4195580,26.1
083011,Caronia,0,0,13,458292,4195670,26.1
083011,Caronia,0,0,14,456939,4195120,26.1
083011,Caronia,0,0,15,455928,4194438,26.1
083011,Caronia,0,0,16,455383,4194295,26.1
083011,Caronia,0,0,17,453178,4194275,26.1
083011,Caronia,0,0,18,452359,4193821,26.1
083011,Caronia,0,0,19,452057,4194606,26.1
083011,Caronia,0,0,20,450793,4195629,26.1
083011,Caronia,0,0,21,450506,4196447,26.1
083011,Caronia,0,0,22,450207,4198648,26.1
083011,Caronia,0,0,23,449598,4199063,26.1
083011,Caronia,0,0,24,448031,4201251,26.1
083011,Caronia,0,0,25,447172,4201657,26.1
083011,Caronia,0,0,26,446108,4202866,26.1
083011,Caronia,0,0,27,446170,4205117,26.1
083011,Caronia,0,0,28,446557,4206349,26.1
083011,Caronia,0,0,29,446559,4206893,26.1
083011,Caronia,0,0,30,446192,4208316,26.1
083011,Caronia,0,0,31,447257,4208710,26.1
083011,Caronia,0,0,32,449249,4210290,26.1
083011,Caronia,0,0,33,449708,4210469,26.1
083011,Caronia,0,0,34,450908,4210423,26.1
083011,Caronia,0,0,35,451536,4209744,26.1
083011,Caronia,0,0,36,453526,4209608,26.1
083011,Caronia,0,0,37,458717,4210741,26.1
083011,Caronia,0,0,38,460785,4212378,26.1
083011,Caronia,0,0,39,461268,4211232,26.1
083012,Casalvecchio Siculo,0,0,0,525145,4204894,22.4
083012,Casalvecchio Siculo,0,0,1,525900,4203998,22.4
083012,Casalvecchio Siculo,0,0,2,526912,4203791,22.4
083012,Casalvecchio Siculo,0,0,3,526386,4202784,22.4
083012,Casalvecchio Siculo,0,0,4,527505,4201976,22.4
083012,Casalvecchio Siculo,0,0,5,529059,4201325,22.4
083012,Casalvecchio Siculo,0,0,6,529143,4200611,22.4
083012,Casalvecchio Siculo,0,0,7,528036,4199005,22.4
083012,Casalvecchio Siculo,0,0,8,527296,4199677,22.4
083012,Casalvecchio Siculo,0,0,9,526268,4200181,22.4
083012,Casalvecchio Siculo,0,0,10,526238,4200705,22.4
083012,Casalvecchio Siculo,0,0,11,525665,4201050,22.4
083012,Casalvecchio Siculo,0,0,12,523641,4200942,22.4
083012,Casalvecchio Siculo,0,0,13,523005,4201156,22.4
083012,Casalvecchio Siculo,0,0,14,522398,4201665,22.4
083012,Casalvecchio Siculo,0,0,15,522345,4202217,22.4
083012,Casalvecchio Siculo,0,0,16,522800,4203005,22.4
083012,Casalvecchio Siculo,0,0,17,522796,4203348,22.4
083012,Casalvecchio Siculo,0,0,18,520992,4205305,22.4
083012,Casalvecchio Siculo,0,0,19,521041,4206908,22.4
083012,Casalvecchio Siculo,0,0,20,522374,4208138,22.4
083012,Casalvecchio Siculo,0,0,21,522911,4208954,22.4
083012,Casalvecchio Siculo,0,0,22,523591,4209414,22.4
083012,Casalvecchio Siculo,0,0,23,523773,4208495,22.4
083012,Casalvecchio Siculo,0,0,24,524342,4207776,22.4
083012,Casalvecchio Siculo,0,0,25,525045,4205951,22.4
083012,Casalvecchio Siculo,0,0,26,525145,4204894,22.4
083013,Castel di Lucio,0,0,0,438584,4197608,25.7
083013,Castel di Lucio,0,0,1,440446,4195347,25.7
083013,Castel di Lucio,0,0,2,440682,4193496,25.7
083013,Castel di Lucio,0,0,3,440665,4193187,25.7
083013,Castel di Lucio,0,0,4,439387,4191344,25.7
083013,Castel di Lucio,0,0,5,438235,4190374,25.7
083013,Castel di Lucio,0,0,6,437817,4189779,25.7
083013,Castel di Lucio,0,0,7,437873,4189289,25.7
083013,Castel di Lucio,0,0,8,438523,4187880,25.7
083013,Castel di Lucio,0,0,9,436644,4188317,25.7
083013,Castel di Lucio,0,0,10,436068,4189087,25.7
083013,Castel di Lucio,0,0,11,436140,4190809,25.7
083013,Castel di Lucio,0,0,12,435686,4192364,25.7
083013,Castel di Lucio,0,0,13,436223,4193792,25.7
083013,Castel di Lucio,0,0,14,436235,4195359,25.7
083013,Castel di Lucio,0,0,15,437169,4196070,25.7
083013,Castel di Lucio,0,0,16,437765,4197021,25.7
083013,Castel di Lucio,0,0,17,438584,4197608,25.7
083014,Castell'Umberto,0,0,0,482631,4216207,31.0
083014,Castell'Umberto,0,0,1,484446,4214650,31.0
083014,Castell'Umberto,0,0,2,486716,4212297,31.0
083014,Castell'Umberto,0,0,3,485884,4211921,31.0
083014,Castell'Umberto,0,0,4,484223,4211864,31.0
083014,Castell'Umberto,0,0,5,483903,4211974,31.0
083014,Castell'Umberto,0,0,6,482966,4213586,31.0
083014,Castell'Umberto,0,0,7,482432,4214086,31.0
083014,Castell'Umberto,0,0,8,481816,4214223,31.0
083014,Castell'Umberto,0,0,9,480732,4215501,31.0
083014,Castell'Umberto,0,0,10,481412,4216005,31.0
083014,Castell'Umberto,0,0,11,482206,4216309,31.0
083014,Castell'Umberto,0,0,12,482631,4216207,31.0
083015,Castelmola,0,0,0,521594,4193566,33.6
083015,Castelmola,0,0,1,523693,4192542,33.6
083015,Castelmola,0,0,2,524457,4192697,33.6
083015,Castelmola,0,0,3,524824,4192958,33.6
083015,Castelmola,0,0,4,525502,4192156,33.6
083015,Castelmola,0,0,5,525505,4191533,33.6
083015,Castelmola,0,0,6,524731,4190090,33.6
083015,Castelmola,0,0,7,523604,4188958,33.6
083015,Castelmola,0,0,8,522646,4188774,33.6
083015,Castelmola,0,0,9,521890,4188418,33.6
083015,Castelmola,0,0,10,520953,4188847,33.6
083015,Castelmola,0,0,11,520774,4191705,33.6
083015,Castelmola,0,0,12,520936,4192153,33.6
083015,Castelmola,0,0,13,520866,4192549,33.6
083015,Castelmola,0,0,14,521246,4192871,33.6
083015,Castelmola,0,0,15,521594,4193566,33.6
083016,Castroreale,0,0,0,517069,4219824,27.2
083016,Castroreale,0,0,1,518147,4218389,27.2
083016,Castroreale,0,0,2,519092,4216708,27.2
083016,Castroreale,0,0,3,519589,4216273,27.2
083016,Castroreale,0,0,4,520436,4215878,27.2
083016,Castroreale,0,0,5,520560,4215113,27.2
083016,Castroreale,0,0,6,521214,4214476,27.2
083016,Castroreale,0,0,7,521952,4213954,27.2
083016,Castroreale,0,0,8,522578,4213844,27.2
083016,Castroreale,0,0,9,522822,4213921,27.2
083016,Castroreale,0,0,10,523780,4214874,27.2
083016,Castroreale,0,0,11,524272,4213712,27.2
083016,Castroreale,0,0,12,524442,4212688,27.2
083016,Castroreale,0,0,13,524352,4212496,27.2
083016,Castroreale,0,0,14,523703,4211847,27.2
083016,Castroreale,0,0,15,522838,4211536,27.2
083016,Castroreale,0,0,16,522716,4210576,27.2
083016,Castroreale,0,0,17,522888,4208832,27.2
083016,Castroreale,0,0,18,522374,4208138,27.2
083016,Castroreale,0,0,19,521146,4207097,27.2
083016,Castroreale,0,0,20,521044,4206732,27.2
083016,Castroreale,0,0,21,520002,4206630,27.2
083016,Castroreale,0,0,22,520388,4206864,27.2
083016,Castroreale,0,0,23,519246,4207492,27.2
083016,Castroreale,0,0,24,519104,4208171,27.2
083016,Castroreale,0,0,25,519410,4208618,27.2
083016,Castroreale,0,0,26,518795,4209402,27.2
083016,Castroreale,0,0,27,518473,4210410,27.2
083016,Castroreale,0,0,28,518515,4211190,27.2
083016,Castroreale,0,0,29,517716,4212292,27.2
083016,Castroreale,0,0,30,516709,4212568,27.2
083016,Castroreale,0,0,31,516692,4214454,27.2
083016,Castroreale,0,0,32,516562,4214755,27.2
083016,Castroreale,0,0,33,515792,4215249,27.2
083016,Castroreale,0,0,34,515533,4215685,27.2
083016,Castroreale,0,0,35,516382,4218957,27.2
083016,Castroreale,0,0,36,516358,4220175,27.2
083016,Castroreale,0,0,37,517069,4219824,27.2
083017,Cesarò,0,0,0,475857,4200431,25.9
083017,Cesarò,0,0,1,476946,4199937,25.9
083017,Cesarò,0,0,2,476881,4199672,25.9
083017,Cesarò,0,0,3,476562,4199325,25.9
083017,Cesarò,0,0,4,476018,4199257,25.9
083017,Cesarò,0,0,5,475395,4198783,25.9
083017,Cesarò,0,0,6,474685,4197565,25.9
083017,Cesarò,0,0,7,475343,4196631,25.9
083017,Cesarò,0,0,8,477039,4195028,25.9
083017,Cesarò,0,0,9,477008,4192946,25.9
083017,Cesarò,0,0,10,477159,4192149,25.9
083017,Cesarò,0,0,11,476844,4189857,25.9
083017,Cesarò,0,0,12,476987,4188966,25.9
083017,Cesarò,0,0,13,477321,4188911,25.9
083017,Cesarò,0,0,14,477698,4189827,25.9
083017,Cesarò,0,0,15,478770,4191242,25.9
083017,Cesarò,0,0,16,480467,4190574,25.9
083017,Cesarò,0,0,17,481476,4189370,25.9
083017,Cesarò,0,0,18,481772,4188263,25.9
083017,Cesarò,0,0,19,481691,4187954,25.9
083017,Cesarò,0,0,20,482612,4185469,25.9
083017,Cesarò,0,0,21,482476,4184160,25.9
083017,Cesarò,0,0,22,482152,4184010,25.9
083017,Cesarò,0,0,23,481269,4184615,25.9
083017,Cesarò,0,0,24,480197,4184960,25.9
083017,Cesarò,0,0,25,479603,4185937,25.9
083017,Cesarò,0,0,26,479219,4186102,25.9
083017,Cesarò,0,0,27,478026,4185985,25.9
083017,Cesarò,0,0,28,477541,4185550,25.9
083017,Cesarò,0,0,29,477054,4185735,25.9
083017,Cesarò,0,0,30,475717,4185481,25.9
083017,Cesarò,0,0,31,475365,4185565,25.9
083017,Cesarò,0,0,32,475117,4186024,25.9
083017,Cesarò,0,0,33,474264,4186808,25.9
083017,Cesarò,0,0,34,473834,4188154,25.9
083017,Cesarò,0,0,35,473556,4190893,25.9
083017,Cesarò,0,0,36,472744,4191379,25.9
083017,Cesarò,0,0,37,472432,4191297,25.9
083017,Cesarò,0,0,38,471769,4191455,25.9
083017,Cesarò,0,0,39,472411,4190405,25.9
083017,Cesarò,0,0,40,472056,4189607,25.9
083017,Cesarò,0,0,41,471649,4186737,25.9
083017,Cesarò,0,0,42,472129,4185419,25.9
083017,Cesarò,0,0,43,473117,4184258,25.9
083017,Cesarò,0,0,44,472034,4183176,25.9
083017,Cesarò,0,0,45,471737,4183178,25.9
083017,Cesarò,0,0,46,468752,4184455,25.9
083017,Cesarò,0,0,47,467137,4184514,25.9
083017,Cesarò,0,0,48,466796,4184377,25.9
083017,Cesarò,0,0,49,465180,4184683,25.9
083017,Cesarò,0,0,50,464065,4185341,25.9
083017,Cesarò,0,0,51,462124,4187331,25.9
083017,Cesarò,0,0,52,461418,4187760,25.9
083017,Cesarò,0,0,53,460774,4187818,25.9
083017,Cesarò,0,0,54,460645,4188080,25.9
083017,Cesarò,0,0,55,461076,4189394,25.9
083017,Cesarò,0,0,56,462446,4190243,25.9
083017,Cesarò,0,0,57,462377,4192005,25.9
083017,Cesarò,0,0,58,462204,4192548,25.9
083017,Cesarò,0,0,59,462453,4193397,25.9
083017,Cesarò,0,0,60,462281,4193885,25.9
083017,Cesarò,0,0,61,461960,4194180,25.9
083017,Cesarò,0,0,62,461465,4194122,25.9
083017,Cesarò,0,0,63,459864,4194505,25.9
083017,Cesarò,0,0,64,458902,4195371,25.9
083017,Cesarò,0,0,65,458822,4195580,25.9
083017,Cesarò,0,0,66,459844,4196668,25.9
083017,Cesarò,0,0,67,460344,4196796,25.9
083017,Cesarò,0,0,68,461498,4196382,25.9
083017,Cesarò,0,0,69,462773,4197237,25.9
083017,Cesarò,0,0,70,464093,4198653,25.9
083017,Cesarò,0,0,71,465287,4197363,25.9
083017,Cesarò,0,0,72,466164,4196800,25.9
083017,Cesarò,0,0,73,467029,4196442,25.9
083017,Cesarò,0,0,74,468589,4196149,25.9
083017,Cesarò,0,0,75,469039,4195090,25.9
083017,Cesarò,0,0,76,469611,4196220,25.9
083017,Cesarò,0,0,77,469639,4196820,25.9
083017,Cesarò,0,0,78,469422,4197335,25.9
083017,Cesarò,0,0,79,470765,4197618,25.9
083017,Cesarò,0,0,80,471406,4198147,25.9
083017,Cesarò,0,0,81,471399,4198537,25.9
083017,Cesarò,0,0,82,471897,4198292,25.9
083017,Cesarò,0,0,83,472127,4198353,25.9
083017,Cesarò,0,0,84,471594,4198895,25.9
083017,Cesarò,0,0,85,471387,4199387,25.9
083017,Cesarò,0,0,86,471854,4200405,25.9
083017,Cesarò,0,0,87,472232,4200649,25.9
083017,Cesarò,0,0,88,473418,4200549,25.9
083017,Cesarò,0,0,89,474760,4200954,25.9
083017,Cesarò,0,0,90,475323,4200924,25.9
083017,Cesarò,0,0,91,475857,4200431,25.9
083018,Condrò,0,0,0,529468,4224275,19.5
083018,Condrò,0,0,1,530282,4222259,19.5
083018,Condrò,0,0,2,530109,4221765,19.5
083018,Condrò,0,0,3,529718,4221996,19.5
083018,Condrò,0,0,4,527822,4224997,19.5
083018,Condrò,0,0,5,527962,4227034,19.5
083018,Condrò,0,0,6,528286,4227923,19.5
083018,Condrò,0,0,7,528408,4226948,19.5
083018,Condrò,0,0,8,529348,4225156,19.5
083018,Condrò,0,0,9,529468,4224275,19.5
083019,Falcone,0,0,0,506388,4219483,29.5
083019,Falcone,0,0,1,507659,4219150,29.5
083019,Falcone,0,0,2,508012,4217934,29.5
083019,Falcone,0,0,3,507987,4217537,29.5
083019,Falcone,0,0,4,507406,4217505,29.5
083019,Falcone,0,0,5,506382,4216750,29.5
083019,Falcone,0,0,6,505074,4214978,29.5
083019,Falcone,0,0,7,503598,4215457,29.5
083019,Falcone,0,0,8,504555,4217059,29.5
083019,Falcone,0,0,9,504566,4217399,29.5
083019,Falcone,0,0,10,504888,4217843,29.5
083019,Falcone,0,0,11,505561,4218337,29.5
083019,Falcone,0,0,12,506102,4219901,29.5
083019,Falcone,0,0,13,506388,4219483,29.5
083020,Ficarra,0,0,0,484491,4222055,28.7
083020,Ficarra,0,0,1,485373,4221138,28.7
083020,Ficarra,0,0,2,486535,4220266,28.7
083020,Ficarra,0,0,3,487006,4219945,28.7
083020,Ficarra,0,0,4,487561,4219855,28.7
083020,Ficarra,0,0,5,488005,4217615,28.7
083020,Ficarra,0,0,6,488692,4216463,28.7
083020,Ficarra,0,0,7,487282,4216993,28.7
083020,Ficarra,0,0,8,486897,4217376,28.7
083020,Ficarra,0,0,9,486489,4217255,28.7
083020,Ficarra,0,0,10,486128,4216802,28.7
083020,Ficarra,0,0,11,485186,4216211,28.7
083020,Ficarra,0,0,12,483498,4217702,28.7
083020,Ficarra,0,0,13,482926,4218001,28.7
083020,Ficarra,0,0,14,482845,4218431,28.7
083020,Ficarra,0,0,15,483491,4220457,28.7
083020,Ficarra,0,0,16,483488,4221541,28.7
083020,Ficarra,0,0,17,484491,4222055,28.7
083021,Fiumedinisi,0,0,0,533719,4215176,31.4
083021,Fiumedinisi,0,0,1,534211,4214895,31.4
083021,Fiumedinisi,0,0,2,534453,4214305,31.4
083021,Fiumedinisi,0,0,3,535336,4214442,31.4
083021,Fiumedinisi,0,0,4,535789,4214669,31.4
083021,Fiumedinisi,0,0,5,536199,4214191,31.4
083021,Fiumedinisi,0,0,6,535392,4213257,31.4
083021,Fiumedinisi,0,0,7,534816,4214070,31.4
083021,Fiumedinisi,0,0,8,533781,4213268,31.4
083021,Fiumedinisi,0,0,9,533451,4213374,31.4
083021,Fiumedinisi,0,0,10,532533,4213091,31.4
083021,Fiumedinisi,0,0,11,532160,4212630,31.4
083021,Fiumedinisi,0,0,12,532294,4211990,31.4
083021,Fiumedinisi,0,0,13,532695,4211710,31.4
083021,Fiumedinisi,0,0,14,534211,4211656,31.4
083021,Fiumedinisi,0,0,15,534511,4211195,31.4
083021,Fiumedinisi,0,0,16,534670,4210838,31.4
083021,Fiumedinisi,0,0,17,534714,4209560,31.4
083021,Fiumedinisi,0,0,18,535314,4208564,31.4
083021,Fiumedinisi,0,0,19,535629,4207411,31.4
083021,Fiumedinisi,0,0,20,535577,4206220,31.4
083021,Fiumedinisi,0,0,21,534926,4206554,31.4
083021,Fiumedinisi,0,0,22,533432,4206117,31.4
083021,Fiumedinisi,0,0,23,532857,4206457,31.4
083021,Fiumedinisi,0,0,24,532469,4206941,31.4
083021,Fiumedinisi,0,0,25,532110,4207830,31.4
083021,Fiumedinisi,0,0,26,531960,4208822,31.4
083021,Fiumedinisi,0,0,27,530846,4209619,31.4
083021,Fiumedinisi,0,0,28,530479,4210080,31.4
083021,Fiumedinisi,0,0,29,530563,4210651,31.4
083021,Fiumedinisi,0,0,30,530271,4210924,31.4
083021,Fiumedinisi,0,0,31,529865,4210357,31.4
083021,Fiumedinisi,0,0,32,529264,4209912,31.4
083021,Fiumedinisi,0,0,33,528036,4209855,31.4
083021,Fiumedinisi,0,0,34,527742,4210146,31.4
083021,Fiumedinisi,0,0,35,527683,4210838,31.4
083021,Fiumedinisi,0,0,36,528629,4211917,31.4
083021,Fiumedinisi,0,0,37,528927,4212752,31.4
083021,Fiumedinisi,0,0,38,529417,4213490,31.4
083021,Fiumedinisi,0,0,39,530417,4213781,31.4
083021,Fiumedinisi,0,0,40,531768,4214603,31.4
083021,Fiumedinisi,0,0,41,532077,4214987,31.4
083021,Fiumedinisi,0,0,42,532736,4215273,31.4
083021,Fiumedinisi,0,0,43,533719,4215176,31.4
083022,Floresta,0,0,0,493304,4204849,27.8
083022,Floresta,0,0,1,494031,4205128,27.8
083022,Floresta,0,0,2,495379,4204393,27.8
083022,Floresta,0,0,3,495471,4203668,27.8
083022,Floresta,0,0,4,495816,4203445,27.8
083022,Floresta,0,0,5,495918,4201636,27.8
083022,Floresta,0,0,6,496138,4200791,27.8
083022,Floresta,0,0,7,495787,4200453,27.8
083022,Floresta,0,0,8,494836,4200356,27.8
083022,Floresta,0,0,9,494052,4200790,27.8
083022,Floresta,0,0,10,493861,4201449,27.8
083022,Floresta,0,0,11,493687,4201461,27.8
083022,Floresta,0,0,12,490850,4200125,27.8
083022,Floresta,0,0,13,489299,4198574,27.8
083022,Floresta,0,0,14,488958,4199270,27.8
083022,Floresta,0,0,15,488645,4200563,27.8
083022,Floresta,0,0,16,489158,4202361,27.8
083022,Floresta,0,0,17,488966,4203113,27.8
083022,Floresta,0,0,18,489084,4203779,27.8
083022,Floresta,0,0,19,489347,4203917,27.8
083022,Floresta,0,0,20,489550,4204308,27.8
083022,Floresta,0,0,21,491111,4205070,27.8
083022,Floresta,0,0,22,491757,4205103,27.8
083022,Floresta,0,0,23,491956,4204911,27.8
083022,Floresta,0,0,24,492833,4205328,27.8
083022,Floresta,0,0,25,493066,4204923,27.8
083022,Floresta,0,0,26,493304,4204849,27.8
083023,Fondachelli-Fantina,0,0,0,514797,4211829,27.3
083023,Fondachelli-Fantina,0,0,1,515932,4211029,27.3
083023,Fondachelli-Fantina,0,0,2,516303,4211229,27.3
083023,Fondachelli-Fantina,0,0,3,516697,4211160,27.3
083023,Fondachelli-Fantina,0,0,4,517458,4210407,27.3
083023,Fondachelli-Fantina,0,0,5,517953,4209299,27.3
083023,Fondachelli-Fantina,0,0,6,518263,4207732,27.3
083023,Fondachelli-Fantina,0,0,7,518505,4207375,27.3
083023,Fondachelli-Fantina,0,0,8,518914,4207214,27.3
083023,Fondachelli-Fantina,0,0,9,519180,4206892,27.3
083023,Fondachelli-Fantina,0,0,10,519385,4206295,27.3
083023,Fondachelli-Fantina,0,0,11,518870,4205749,27.3
083023,Fondachelli-Fantina,0,0,12,517620,4204898,27.3
083023,Fondachelli-Fantina,0,0,13,517834,4203132,27.3
083023,Fondachelli-Fantina,0,0,14,516586,4202022,27.3
083023,Fondachelli-Fantina,0,0,15,515963,4201192,27.3
083023,Fondachelli-Fantina,0,0,16,515018,4200965,27.3
083023,Fondachelli-Fantina,0,0,17,514156,4201239,27.3
083023,Fondachelli-Fantina,0,0,18,513332,4202374,27.3
083023,Fondachelli-Fantina,0,0,19,512415,4203273,27.3
083023,Fondachelli-Fantina,0,0,20,513402,4204907,27.3
083023,Fondachelli-Fantina,0,0,21,514217,4205285,27.3
083023,Fondachelli-Fantina,0,0,22,513878,4207078,27.3
083023,Fondachelli-Fantina,0,0,23,513895,4207882,27.3
083023,Fondachelli-Fantina,0,0,24,514297,4209400,27.3
083023,Fondachelli-Fantina,0,0,25,514015,4210867,27.3
083023,Fondachelli-Fantina,0,0,26,514797,4211829,27.3
083024,Forza d'Agrò,0,0,0,526940,4199876,31.1
083024,Forza d'Agrò,0,0,1,528032,4199005,31.1
083024,Forza d'Agrò,0,0,2,527460,4198573,31.1
083024,Forza d'Agrò,0,0,3,526913,4198912,31.1
083024,Forza d'Agrò,0,0,4,526621,4198083,31.1
083024,Forza d'Agrò,0,0,5,526697,4197704,31.1
083024,Forza d'Agrò,0,0,6,527016,4198135,31.1
083024,Forza d'Agrò,0,0,7,527964,4197522,31.1
083024,Forza d'Agrò,0,0,8,529206,4197267,31.1
083024,Forza d'Agrò,0,0,9,530124,4196470,31.1
083024,Forza d'Agrò,0,0,10,530193,4195868,31.1
083024,Forza d'Agrò,0,0,11,529542,4195364,31.1
083024,Forza d'Agrò,0,0,12,528912,4195853,31.1
083024,Forza d'Agrò,0,0,13,528096,4196998,31.1
083024,Forza d'Agrò,0,0,14,528115,4197211,31.1
083024,Forza d'Agrò,0,0,15,527490,4197544,31.1
083024,Forza d'Agrò,0,0,16,527246,4196412,31.1
083024,Forza d'Agrò,0,0,17,526933,4196005,31.1
083024,Forza d'Agrò,0,0,18,525754,4195609,31.1
083024,Forza d'Agrò,0,0,19,525244,4195678,31.1
083024,Forza d'Agrò,0,0,20,525222,4196287,31.1
083024,Forza d'Agrò,0,0,21,524696,4197587,31.1
083024,Forza d'Agrò,0,0,22,525330,4198623,31.1
083024,Forza d'Agrò,0,0,23,525506,4199324,31.1
083024,Forza d'Agrò,0,0,24,526268,4200181,31.1
083024,Forza d'Agrò,0,0,25,526940,4199876,31.1
083025,Francavilla di Sicilia,0,0,0,507720,4203564,31.4
083025,Francavilla di Sicilia,0,0,1,508558,4202930,31.4
083025,Francavilla di Sicilia,0,0,2,509108,4203204,31.4
083025,Francavilla di Sicilia,0,0,3,511118,4202802,31.4
083025,Francavilla di Sicilia,0,0,4,511985,4202989,31.4
083025,Francavilla di Sicilia,0,0,5,512415,4203273,31.4
083025,Francavilla di Sicilia,0,0,6,513332,4202374,31.4
083025,Francavilla di Sicilia,0,0,7,514156,4201239,31.4
083025,Francavilla di Sicilia,0,0,8,515018,4200965,31.4
083025,Francavilla di Sicilia,0,0,9,515963,4201192,31.4
083025,Francavilla di Sicilia,0,0,10,516468,4199181,31.4
083025,Francavilla di Sicilia,0,0,11,515969,4198730,31.4
083025,Francavilla di Sicilia,0,0,12,515091,4197068,31.4
083025,Francavilla di Sicilia,0,0,13,513665,4195884,31.4
083025,Francavilla di Sicilia,0,0,14,513665,4195369,31.4
083025,Francavilla di Sicilia,0,0,15,514316,4194943,31.4
083025,Francavilla di Sicilia,0,0,16,514073,4193924,31.4
083025,Francavilla di Sicilia,0,0,17,514198,4193582,31.4
083025,Francavilla di Sicilia,0,0,18,513677,4193726,31.4
083025,Francavilla di Sicilia,0,0,19,513418,4194228,31.4
083025,Francavilla di Sicilia,0,0,20,512384,4194021,31.4
083025,Francavilla di Sicilia,0,0,21,511485,4194058,31.4
083025,Francavilla di Sicilia,0,0,22,511223,4194456,31.4
083025,Francavilla di Sicilia,0,0,23,509820,4195406,31.4
083025,Francavilla di Sicilia,0,0,24,508538,4195023,31.4
083025,Francavilla di Sicilia,0,0,25,507094,4194975,31.4
083025,Francavilla di Sicilia,0,0,26,506284,4195168,31.4
083025,Francavilla di Sicilia,0,0,27,505399,4195929,31.4
083025,Francavilla di Sicilia,0,0,28,505201,4196567,31.4
083025,Francavilla di Sicilia,0,0,29,505482,4197579,31.4
083025,Francavilla di Sicilia,0,0,30,505436,4198259,31.4
083025,Francavilla di Sicilia,0,0,31,504293,4199683,31.4
083025,Francavilla di Sicilia,0,0,32,503780,4199994,31.4
083025,Francavilla di Sicilia,0,0,33,504708,4200778,31.4
083025,Francavilla di Sicilia,0,0,34,504850,4201400,31.4
083025,Francavilla di Sicilia,0,0,35,504778,4202136,31.4
083025,Francavilla di Sicilia,0,0,36,504908,4202310,31.4
083025,Francavilla di Sicilia,0,0,37,506738,4203448,31.4
083025,Francavilla di Sicilia,0,0,38,507720,4203564,31.4
083026,Frazzanò,0,0,0,477663,4214893,30.1
083026,Frazzanò,0,0,1,477599,4214153,30.1
083026,Frazzanò,0,0,2,478143,4213793,30.1
083026,Frazzanò,0,0,3,478909,4214020,30.1
083026,Frazzanò,0,0,4,478812,4213062,30.1
083026,Frazzanò,0,0,5,479432,4212096,30.1
083026,Frazzanò,0,0,6,479080,4211214,30.1
083026,Frazzanò,0,0,7,477559,4211192,30.1
083026,Frazzanò,0,0,8,476431,4213902,30.1
083026,Frazzanò,0,0,9,476127,4214252,30.1
083026,Frazzanò,0,0,10,477663,4214893,30.1
083027,Furci Siculo,0,0,0,525116,4209282,35.2
083027,Furci Siculo,0,0,1,525505,4207575,35.2
083027,Furci Siculo,0,0,2,526274,4206341,35.2
083027,Furci Siculo,0,0,3,529508,4203945,35.2
083027,Furci Siculo,0,0,4,532011,4203284,35.2
083027,Furci Siculo,0,0,5,533960,4201881,35.2
083027,Furci Siculo,0,0,6,533397,4201132,35.2
083027,Furci Siculo,0,0,7,531845,4201503,35.2
083027,Furci Siculo,0,0,8,531107,4202023,35.2
083027,Furci Siculo,0,0,9,530495,4202005,35.2
083027,Furci Siculo,0,0,10,529383,4202414,35.2
083027,Furci Siculo,0,0,11,528151,4203263,35.2
083027,Furci Siculo,0,0,12,527825,4203760,35.2
083027,Furci Siculo,0,0,13,525900,4203998,35.2
083027,Furci Siculo,0,0,14,525526,4204331,35.2
083027,Furci Siculo,0,0,15,525145,4204894,35.2
083027,Furci Siculo,0,0,16,525045,4205951,35.2
083027,Furci Siculo,0,0,17,524342,4207776,35.2
083027,Furci Siculo,0,0,18,523773,4208495,35.2
083027,Furci Siculo,0,0,19,523591,4209414,35.2
083027,Furci Siculo,0,0,20,525116,4209282,35.2
083028,Furnari,0,0,0,510880,4219515,29.8
083028,Furnari,0,0,1,510891,4218663,29.8
083028,Furnari,0,0,2,511640,4217678,29.8
083028,Furnari,0,0,3,511626,4217337,29.8
083028,Furnari,0,0,4,511873,4217123,29.8
083028,Furnari,0,0,5,511788,4216575,29.8
083028,Furnari,0,0,6,511434,4216350,29.8
083028,Furnari,0,0,7,510979,4216679,29.8
083028,Furnari,0,0,8,510719,4216225,29.8
083028,Furnari,0,0,9,510698,4215634,29.8
083028,Furnari,0,0,10,510248,4215751,29.8
083028,Furnari,0,0,11,509343,4215254,29.8
083028,Furnari,0,0,12,508504,4214350,29.8
083028,Furnari,0,0,13,508004,4215530,29.8
083028,Furnari,0,0,14,508399,4216566,29.8
083028,Furnari,0,0,15,508556,4217505,29.8
083028,Furnari,0,0,16,507987,4217537,29.8
083028,Furnari,0,0,17,508012,4217934,29.8
083028,Furnari,0,0,18,507659,4219150,29.8
083028,Furnari,0,0,19,508926,4219402,29.8
083028,Furnari,0,0,20,510460,4220307,29.8
083028,Furnari,0,0,21,510880,4219515,29.8
083029,Gaggi,0,0,0,520866,4192549,27.4
083029,Gaggi,0,0,1,520936,4192153,27.4
083029,Gaggi,0,0,2,520774,4191705,27.4
083029,Gaggi,0,0,3,520953,4188847,27.4
083029,Gaggi,0,0,4,520646,4188658,27.4
083029,Gaggi,0,0,5,519610,4188829,27.4
083029,Gaggi,0,0,6,519455,4189238,27.4
083029,Gaggi,0,0,7,518461,4189985,27.4
083029,Gaggi,0,0,8,518433,4190315,27.4
083029,Gaggi,0,0,9,519170,4192555,27.4
083029,Gaggi,0,0,10,519443,4192898,27.4
083029,Gaggi,0,0,11,520866,4192549,27.4
083030,Galati Mamertino,0,0,0,481089,4210624,32.5
083030,Galati Mamertino,0,0,1,482636,4210119,32.5
083030,Galati Mamertino,0,0,2,482805,4209379,32.5
083030,Galati Mamertino,0,0,3,482441,4208384,32.5
083030,Galati Mamertino,0,0,4,482752,4207687,32.5
083030,Galati Mamertino,0,0,5,483044,4207117,32.5
083030,Galati Mamertino,0,0,6,483683,4206493,32.5
083030,Galati Mamertino,0,0,7,484179,4205149,32.5
083030,Galati Mamertino,0,0,8,485791,4203376,32.5
083030,Galati Mamertino,0,0,9,485537,4202647,32.5
083030,Galati Mamertino,0,0,10,484926,4202072,32.5
083030,Galati Mamertino,0,0,11,484612,4202054,32.5
083030,Galati Mamertino,0,0,12,483414,4202487,32.5
083030,Galati Mamertino,0,0,13,482658,4202458,32.5
083030,Galati Mamertino,0,0,14,482318,4202257,32.5
083030,Galati Mamertino,0,0,15,482105,4201892,32.5
083030,Galati Mamertino,0,0,16,481424,4201668,32.5
083030,Galati Mamertino,0,0,17,481047,4202005,32.5
083030,Galati Mamertino,0,0,18,480794,4202803,32.5
083030,Galati Mamertino,0,0,19,479433,4203851,32.5
083030,Galati Mamertino,0,0,20,478828,4204894,32.5
083030,Galati Mamertino,0,0,21,478666,4205294,32.5
083030,Galati Mamertino,0,0,22,478719,4205639,32.5
083030,Galati Mamertino,0,0,23,479316,4206179,32.5
083030,Galati Mamertino,0,0,24,479889,4207313,32.5
083030,Galati Mamertino,0,0,25,478883,4208335,32.5
083030,Galati Mamertino,0,0,26,478578,4209711,32.5
083030,Galati Mamertino,0,0,27,478630,4210336,32.5
083030,Galati Mamertino,0,0,28,479376,4211731,32.5
083030,Galati Mamertino,0,0,29,480093,4211475,32.5
083030,Galati Mamertino,0,0,30,481089,4210624,32.5
083031,Gallodoro,0,0,0,527953,4197356,26.4
083031,Gallodoro,0,0,1,528912,4195853,26.4
083031,Gallodoro,0,0,2,528435,4195748,26.4
083031,Gallodoro,0,0,3,527710,4194700,26.4
083031,Gallodoro,0,0,4,527185,4194461,26.4
083031,Gallodoro,0,0,5,526264,4193564,26.4
083031,Gallodoro,0,0,6,525794,4193385,26.4
083031,Gallodoro,0,0,7,525270,4193479,26.4
083031,Gallodoro,0,0,8,525052,4194014,26.4
083031,Gallodoro,0,0,9,525312,4194079,26.4
083031,Gallodoro,0,0,10,525406,4194309,26.4
083031,Gallodoro,0,0,11,525244,4195678,26.4
083031,Gallodoro,0,0,12,525754,4195609,26.4
083031,Gallodoro,0,0,13,526902,4195984,26.4
083031,Gallodoro,0,0,14,527246,4196412,26.4
083031,Gallodoro,0,0,15,527430,4197472,26.4
083031,Gallodoro,0,0,16,527953,4197356,26.4
083032,Giardini-Naxos,0,0,0,524710,4188387,32.7
083032,Giardini-Naxos,0,0,1,523684,4187063,32.7
083032,Giardini-Naxos,0,0,2,523787,4186558,32.7
083032,Giardini-Naxos,0,0,3,524039,4186354,32.7
083032,Giardini-Naxos,0,0,4,524243,4186399,32.7
083032,Giardini-Naxos,0,0,5,524120,4185916,32.7
083032,Giardini-Naxos,0,0,6,523119,4185021,32.7
083032,Giardini-Naxos,0,0,7,522754,4184432,32.7
083032,Giardini-Naxos,0,0,8,521682,4185069,32.7
083032,Giardini-Naxos,0,0,9,521862,4185983,32.7
083032,Giardini-Naxos,0,0,10,522938,4187013,32.7
083032,Giardini-Naxos,0,0,11,523466,4187880,32.7
083032,Giardini-Naxos,0,0,12,523682,4188588,32.7
083032,Giardini-Naxos,0,0,13,524238,4188705,32.7
083032,Giardini-Naxos,0,0,14,524510,4188646,32.7
083032,Giardini-Naxos,0,0,15,524710,4188387,32.7
083033,Gioiosa Marea,0,0,0,493167,4226937,32.3
083033,Gioiosa Marea,0,0,1,493726,4226356,32.3
083033,Gioiosa Marea,0,0,2,494784,4225772,32.3
083033,Gioiosa Marea,0,0,3,495391,4225198,32.3
083033,Gioiosa Marea,0,0,4,495807,4224397,32.3
083033,Gioiosa Marea,0,0,5,496862,4223295,32.3
083033,Gioiosa Marea,0,0,6,496302,4222821,32.3
083033,Gioiosa Marea,0,0,7,495350,4222719,32.3
083033,Gioiosa Marea,0,0,8,494518,4222386,32.3
083033,Gioiosa Marea,0,0,9,494052,4222065,32.3
083033,Gioiosa Marea,0,0,10,494070,4221905,32.3
083033,Gioiosa Marea,0,0,11,493174,4221325,32.3
083033,Gioiosa Marea,0,0,12,492467,4219170,32.3
083033,Gioiosa Marea,0,0,13,492671,4217826,32.3
083033,Gioiosa Marea,0,0,14,492124,4218214,32.3
083033,Gioiosa Marea,0,0,15,489992,4221835,32.3
083033,Gioiosa Marea,0,0,16,491285,4221539,32.3
083033,Gioiosa Marea,0,0,17,491248,4222330,32.3
083033,Gioiosa Marea,0,0,18,491633,4223144,32.3
083033,Gioiosa Marea,0,0,19,491542,4223517,32.3
083033,Gioiosa Marea,0,0,20,490420,4224957,32.3
083033,Gioiosa Marea,0,0,21,492526,4227110,32.3
083033,Gioiosa Marea,0,0,22,493167,4226937,32.3
083034,Graniti,0,0,0,520247,4197037,22.6
083034,Graniti,0,0,1,520272,4194785,22.6
083034,Graniti,0,0,2,520026,4193628,22.6
083034,Graniti,0,0,3,519553,4192856,22.6
083034,Graniti,0,0,4,519443,4192898,22.6
083034,Graniti,0,0,5,519170,4192555,22.6
083034,Graniti,0,0,6,518433,4190315,22.6
083034,Graniti,0,0,7,518136,4190393,22.6
083034,Graniti,0,0,8,517227,4191085,22.6
083034,Graniti,0,0,9,517330,4191997,22.6
083034,Graniti,0,0,10,517841,4193560,22.6
083034,Graniti,0,0,11,518951,4195013,22.6
083034,Graniti,0,0,12,518958,4196761,22.6
083034,Graniti,0,0,13,519349,4196973,22.6
083034,Graniti,0,0,14,520247,4197037,22.6
083035,Gualtieri Sicaminò,0,0,0,527667,4225169,21.4
083035,Gualtieri Sicaminò,0,0,1,529371,4222721,21.4
083035,Gualtieri Sicaminò,0,0,2,529718,4221996,21.4
083035,Gualtieri Sicaminò,0,0,3,530300,4221695,21.4
083035,Gualtieri Sicaminò,0,0,4,531876,4221758,21.4
083035,Gualtieri Sicaminò,0,0,5,531127,4218774,21.4
083035,Gualtieri Sicaminò,0,0,6,530192,4217317,21.4
083035,Gualtieri Sicaminò,0,0,7,530004,4217284,21.4
083035,Gualtieri Sicaminò,0,0,8,528975,4218602,21.4
083035,Gualtieri Sicaminò,0,0,9,529097,4218844,21.4
083035,Gualtieri Sicaminò,0,0,10,528933,4220400,21.4
083035,Gualtieri Sicaminò,0,0,11,528294,4221630,21.4
083035,Gualtieri Sicaminò,0,0,12,527749,4223590,21.4
083035,Gualtieri Sicaminò,0,0,13,526668,4223617,21.4
083035,Gualtieri Sicaminò,0,0,14,526914,4223804,21.4
083035,Gualtieri Sicaminò,0,0,15,527409,4225126,21.4
083035,Gualtieri Sicaminò,0,0,16,527667,4225169,21.4
083036,Itala,0,0,0,536735,4213790,24.3
083036,Itala,0,0,1,538674,4213005,24.3
083036,Itala,0,0,2,538750,4212769,24.3
083036,Itala,0,0,3,538497,4212327,24.3
083036,Itala,0,0,4,538491,4211983,24.3
083036,Itala,0,0,5,538934,4211222,24.3
083036,Itala,0,0,6,539641,4210775,24.3
083036,Itala,0,0,7,540095,4210248,24.3
083036,Itala,0,0,8,538880,4208765,24.3
083036,Itala,0,0,9,538250,4210122,24.3
083036,Itala,0,0,10,537632,4210385,24.3
083036,Itala,0,0,11,537106,4210380,24.3
083036,Itala,0,0,12,535228,4212956,24.3
083036,Itala,0,0,13,536199,4214191,24.3
083036,Itala,0,0,14,536735,4213790,24.3
083037,Leni,0,0,0,485827,4268806,32.1
083037,Leni,0,0,1,486168,4268511,32.1
083037,Leni,0,0,2,486472,4268485,32.1
083037,Leni,0,0,3,486554,4267566,32.1
083037,Leni,0,0,4,486847,4266611,32.1
083037,Leni,0,0,5,486644,4265514,32.1
083037,Leni,0,0,6,485050,4266548,32.1
083037,Leni,0,0,7,484398,4266658,32.1
083037,Leni,0,0,8,483034,4267299,32.1
083037,Leni,0,0,9,482209,4268242,32.1
083037,Leni,0,0,10,482466,4268650,32.1
083037,Leni,0,0,11,483791,4268565,32.1
083037,Leni,0,0,12,484871,4268891,32.1
083037,Leni,0,0,13,485827,4268806,32.1
083038,Letojanni,0,0,0,529542,4195364,35.3
083038,Letojanni,0,0,1,526759,4192062,35.3
083038,Letojanni,0,0,2,525502,4192156,35.3
083038,Letojanni,0,0,3,524824,4192958,35.3
083038,Letojanni,0,0,4,524620,4193641,35.3
083038,Letojanni,0,0,5,524953,4194178,35.3
083038,Letojanni,0,0,6,525196,4193542,35.3
083038,Letojanni,0,0,7,525794,4193385,35.3
083038,Letojanni,0,0,8,526264,4193564,35.3
083038,Letojanni,0,0,9,527185,4194461,35.3
083038,Letojanni,0,0,10,527710,4194700,35.3
083038,Letojanni,0,0,11,528435,4195748,35.3
083038,Letojanni,0,0,12,528912,4195853,35.3
083038,Letojanni,0,0,13,529542,4195364,35.3
083039,Librizzi,0,0,0,497562,4217319,29.1
083039,Librizzi,0,0,1,497895,4217471,29.1
083039,Librizzi,0,0,2,499514,4215907,29.1
083039,Librizzi,0,0,3,499857,4215819,29.1
083039,Librizzi,0,0,4,500261,4214704,29.1
083039,Librizzi,0,0,5,500930,4213799,29.1
083039,Librizzi,0,0,6,500538,4213744,29.1
083039,Librizzi,0,0,7,500193,4213275,29.1
083039,Librizzi,0,0,8,498732,4212778,29.1
083039,Librizzi,0,0,9,498473,4212895,29.1
083039,Librizzi,0,0,10,497869,4213800,29.1
083039,Librizzi,0,0,11,497560,4213924,29.1
083039,Librizzi,0,0,12,496013,4213535,29.1
083039,Librizzi,0,0,13,494506,4213735,29.1
083039,Librizzi,0,0,14,493957,4213985,29.1
083039,Librizzi,0,0,15,493556,4214565,29.1
083039,Librizzi,0,0,16,493402,4215935,29.1
083039,Librizzi,0,0,17,493062,4216741,29.1
083039,Librizzi,0,0,18,493804,4216928,29.1
083039,Librizzi,0,0,19,494980,4216794,29.1
083039,Librizzi,0,0,20,496782,4217732,29.1
083039,Librizzi,0,0,21,497038,4217747,29.1
083039,Librizzi,0,0,22,497562,4217319,29.1
083040,Limina,0,0,0,525508,4201077,19.1
083040,Limina,0,0,1,526277,4200643,19.1
083040,Limina,0,0,2,526268,4200181,19.1
083040,Limina,0,0,3,525506,4199324,19.1
083040,Limina,0,0,4,525330,4198623,19.1
083040,Limina,0,0,5,524696,4197587,19.1
083040,Limina,0,0,6,524182,4197688,19.1
083040,Limina,0,0,7,523223,4198922,19.1
083040,Limina,0,0,8,522597,4198737,19.1
083040,Limina,0,0,9,521964,4198992,19.1
083040,Limina,0,0,10,522243,4200018,19.1
083040,Limina,0,0,11,522053,4200690,19.1
083040,Limina,0,0,12,522388,4201096,19.1
083040,Limina,0,0,13,522638,4200733,19.1
083040,Limina,0,0,14,523375,4201017,19.1
083040,Limina,0,0,15,525508,4201077,19.1
083041,Lipari,0,0,0,494590,4250182,29.9
083041,Lipari,0,0,1,494660,4250148,29.9
083041,Lipari,0,0,2,494598,4250144,29.9
083041,Lipari,0,0,3,494590,4250182,29.9
083041,Lipari,1,0,0,495759,4252433,29.9
083041,Lipari,1,0,1,495713,4252443,29.9
083041,Lipari,1,0,2,495734,4252466,29.9
083041,Lipari,1,0,3,495759,4252433,29.9
083041,Lipari,2,0,0,496507,4253780,29.9
083041,Lipari,2,0,1,496928,4253487,29.9
083041,Lipari,2,0,2,497259,4252985,29.9
083041,Lipari,2,0,3,497162,4252686,29.9
083041,Lipari,2,0,4,496715,4252399,29.9
083041,Lipari,2,0,5,496826,4251544,29.9
083041,Lipari,2,0,6,498311,4251272,29.9
083041,Lipari,2,0,7,499737,4249783,29.9
083041,Lipari,2,0,8,500446,4247285,29.9
083041,Lipari,2,0,9,500223,4247005,29.9
083041,Lipari,2,0,10,499331,4246505,29.9
083041,Lipari,2,0,11,498495,4246545,29.9
083041,Lipari,2,0,12,498046,4246731,29.9
083041,Lipari,2,0,13,496235,4248197,29.9
083041,Lipari,2,0,14,495531,4248871,29.9
083041,Lipari,2,0,15,494719,4250439,29.9
083041,Lipari,2,0,16,494722,4251457,29.9
083041,Lipari,2,0,17,495243,4252092,29.9
083041,Lipari,2,0,18,496147,4252301,29.9
083041,Lipari,2,0,19,495932,4252916,29.9
083041,Lipari,2,0,20,495994,4253394,29.9
083041,Lipari,2,0,21,496507,4253780,29.9
083041,Lipari,3,0,0,491239,4260513,29.9
083041,Lipari,3,0,1,491200,4260488,29.9
083041,Lipari,3,0,2,491210,4260526,29.9
083041,Lipari,3,0,3,491239,4260513,29.9
083041,Lipari,4,0,0,495743,4263729,29.9
083041,Lipari,4,0,1,495777,4263708,29.9
083041,Lipari,4,0,2,495752,4263695,29.9
083041,Lipari,4,0,3,495743,4263729,29.9
083041,Lipari,5,0,0,496556,4263889,29.9
083041,Lipari,5,0,1,496728,4263657,29.9
083041,Lipari,5,0,2,496740,4260287,29.9
083041,Lipari,5,0,3,497221,4259732,29.9
083041,Lipari,5,0,4,497987,4259743,29.9
083041,Lipari,5,0,5,498316,4259444,29.9
083041,Lipari,5,0,6,498213,4258981,29.9
083041,Lipari,5,0,7,496762,4258716,29.9
083041,Lipari,5,0,8,496656,4258893,29.9
083041,Lipari,5,0,9,496255,4258742,29.9
083041,Lipari,5,0,10,496101,4258456,29.9
083041,Lipari,5,0,11,496228,4256819,29.9
083041,Lipari,5,0,12,496431,4256315,29.9
083041,Lipari,5,0,13,496705,4256142,29.9
083041,Lipari,5,0,14,496698,4255883,29.9
083041,Lipari,5,0,15,496379,4254886,29.9
083041,Lipari,5,0,16,495990,4254543,29.9
083041,Lipari,5,0,17,494967,4254925,29.9
083041,Lipari,5,0,18,494892,4255677,29.9
083041,Lipari,5,0,19,494292,4256798,29.9
083041,Lipari,5,0,20,492425,4257414,29.9
083041,Lipari,5,0,21,491244,4258877,29.9
083041,Lipari,5,0,22,491229,4259712,29.9
083041,Lipari,5,0,23,491270,4260361,29.9
083041,Lipari,5,0,24,491581,4261210,29.9
083041,Lipari,5,0,25,491676,4262505,29.9
083041,Lipari,5,0,26,492375,4263335,29.9
083041,Lipari,5,0,27,493566,4263848,29.9
083041,Lipari,5,0,28,494075,4263540,29.9
083041,Lipari,5,0,29,495257,4263474,29.9
083041,Lipari,5,0,30,496556,4263889,29.9
083041,Lipari,6,0,0,444398,4267516,29.9
083041,Lipari,6,0,1,444797,4266990,29.9
083041,Lipari,6,0,2,444532,4265684,29.9
083041,Lipari,6,0,3,444245,4265111,29.9
083041,Lipari,6,0,4,443843,4264889,29.9
083041,Lipari,6,0,5,442867,4265054,29.9
083041,Lipari,6,0,6,442454,4265816,29.9
083041,Lipari,6,0,7,442513,4266853,29.9
083041,Lipari,6,0,8,443173,4267451,29.9
083041,Lipari,6,0,9,444398,4267516,29.9
083041,Lipari,7,0,0,461086,4270913,29.9
083041,Lipari,7,0,1,463150,4270295,29.9
083041,Lipari,7,0,2,463534,4269434,29.9
083041,Lipari,7,0,3,463375,4268844,29.9
083041,Lipari,7,0,4,463441,4268306,29.9
083041,Lipari,7,0,5,463928,4267905,29.9
083041,Lipari,7,0,6,464517,4267942,29.9
083041,Lipari,7,0,7,464544,4267545,29.9
083041,Lipari,7,0,8,464021,4267321,29.9
083041,Lipari,7,0,9,463180,4267745,29.9
083041,Lipari,7,0,10,462335,4267915,29.9
083041,Lipari,7,0,11,461681,4267789,29.9
083041,Lipari,7,0,12,461119,4268092,29.9
083041,Lipari,7,0,13,460028,4269386,29.9
083041,Lipari,7,0,14,459875,4269999,29.9
083041,Lipari,7,0,15,460291,4270870,29.9
083041,Lipari,7,0,16,461086,4270913,29.9
083041,Lipari,8,0,0,505438,4275108,29.9
083041,Lipari,8,0,1,505504,4275081,29.9
083041,Lipari,8,0,2,505413,4275061,29.9
083041,Lipari,8,0,3,505438,4275108,29.9
083041,Lipari,9,0,0,509306,4276295,29.9
083041,Lipari,9,0,1,509277,4276312,29.9
083041,Lipari,9,0,2,509304,4276324,29.9
083041,Lipari,9,0,3,509306,4276295,29.9
083041,Lipari,10,0,0,509691,4276592,29.9
083041,Lipari,10,0,1,509591,4276612,29.9
083041,Lipari,10,0,2,509592,4276667,29.9
083041,Lipari,10,0,3,509691,4276592,29.9
083041,Lipari,11,0,0,508496,4276870,29.9
083041,Lipari,11,0,1,508541,4276697,29.9
083041,Lipari,11,0,2,508419,4276683,29.9
083041,Lipari,11,0,3,508340,4276767,29.9
083041,Lipari,11,0,4,508496,4276870,29.9
083041,Lipari,12,0,0,509943,4276880,29.9
083041,Lipari,12,0,1,510070,4276720,29.9
083041,Lipari,12,0,2,510023,4276683,29.9
083041,Lipari,12,0,3,509785,4276760,29.9
083041,Lipari,12,0,4,509943,4276880,29.9
083041,Lipari,13,0,0,508643,4277135,29.9
083041,Lipari,13,0,1,508704,4277072,29.9
083041,Lipari,13,0,2,508691,4277056,29.9
083041,Lipari,13,0,3,508643,4277135,29.9
083041,Lipari,14,0,0,505590,4277637,29.9
083041,Lipari,14,0,1,505611,4277558,29.9
083041,Lipari,14,0,2,505533,4277614,29.9
083041,Lipari,14,0,3,505590,4277637,29.9
083041,Lipari,15,0,0,506341,4277570,29.9
083041,Lipari,15,0,1,506690,4277272,29.9
083041,Lipari,15,0,2,506738,4276975,29.9
083041,Lipari,15,0,3,506777,4276387,29.9
083041,Lipari,15,0,4,506548,4275865,29.9
083041,Lipari,15,0,5,506374,4275602,29.9
083041,Lipari,15,0,6,505503,4275227,29.9
083041,Lipari,15,0,7,504906,4275177,29.9
083041,Lipari,15,0,8,504755,4275617,29.9
083041,Lipari,15,0,9,505232,4277242,29.9
083041,Lipari,15,0,10,505982,4277632,29.9
083041,Lipari,15,0,11,506341,4277570,29.9
083041,Lipari,16,0,0,509382,4279608,29.9
083041,Lipari,16,0,1,509495,4279533,29.9
083041,Lipari,16,0,2,509361,4279604,29.9
083041,Lipari,16,0,3,509382,4279608,29.9
083041,Lipari,17,0,0,509946,4279719,29.9
083041,Lipari,17,0,1,510252,4279562,29.9
083041,Lipari,17,0,2,510263,4279173,29.9
083041,Lipari,17,0,3,509594,4279282,29.9
083041,Lipari,17,0,4,509606,4279534,29.9
083041,Lipari,17,0,5,509946,4279719,29.9
083041,Lipari,18,0,0,519222,4295932,29.9
083041,Lipari,18,0,1,520786,4295311,29.9
083041,Lipari,18,0,2,521065,4295128,29.9
083041,Lipari,18,0,3,521113,4294900,29.9
083041,Lipari,18,0,4,520046,4293345,29.9
083041,Lipari,18,0,5,519707,4292080,29.9
083041,Lipari,18,0,6,518869,4291542,29.9
083041,Lipari,18,0,7,518023,4291827,29.9
083041,Lipari,18,0,8,516896,4292522,29.9
083041,Lipari,18,0,9,516466,4293029,29.9
083041,Lipari,18,0,10,516280,4293562,29.9
083041,Lipari,18,0,11,516470,4294161,29.9
083041,Lipari,18,0,12,517255,4294464,29.9
083041,Lipari,18,0,13,518512,4295765,29.9
083041,Lipari,18,0,14,519222,4295932,29.9
083041,Lipari,19,0,0,521841,4296577,29.9
083041,Lipari,19,0,1,521869,4296496,29.9
083041,Lipari,19,0,2,521811,4296572,29.9
083041,Lipari,19,0,3,521841,4296577,29.9
083042,Longi,0,0,0,479080,4211214,31.8
083042,Longi,0,0,1,478630,4210336,31.8
083042,Longi,0,0,2,478724,4208786,31.8
083042,Longi,0,0,3,479017,4208122,31.8
083042,Longi,0,0,4,479770,4207574,31.8
083042,Longi,0,0,5,479886,4207267,31.8
083042,Longi,0,0,6,479316,4206179,31.8
083042,Longi,0,0,7,478719,4205639,31.8
083042,Longi,0,0,8,478666,4205294,31.8
083042,Longi,0,0,9,479433,4203851,31.8
083042,Longi,0,0,10,480794,4202803,31.8
083042,Longi,0,0,11,481047,4202005,31.8
083042,Longi,0,0,12,481424,4201668,31.8
083042,Longi,0,0,13,481081,4200424,31.8
083042,Longi,0,0,14,480740,4199809,31.8
083042,Longi,0,0,15,479331,4199209,31.8
083042,Longi,0,0,16,479150,4198719,31.8
083042,Longi,0,0,17,479038,4197327,31.8
083042,Longi,0,0,18,478596,4196608,31.8
083042,Longi,0,0,19,478717,4196312,31.8
083042,Longi,0,0,20,479007,4196135,31.8
083042,Longi,0,0,21,480132,4195794,31.8
083042,Longi,0,0,22,480519,4195247,31.8
083042,Longi,0,0,23,480002,4194597,31.8
083042,Longi,0,0,24,479939,4193702,31.8
083042,Longi,0,0,25,479505,4193469,31.8
083042,Longi,0,0,26,479220,4193725,31.8
083042,Longi,0,0,27,479219,4194341,31.8
083042,Longi,0,0,28,478900,4194728,31.8
083042,Longi,0,0,29,477847,4194776,31.8
083042,Longi,0,0,30,477039,4195028,31.8
083042,Longi,0,0,31,475343,4196631,31.8
083042,Longi,0,0,32,474685,4197565,31.8
083042,Longi,0,0,33,475395,4198783,31.8
083042,Longi,0,0,34,476018,4199257,31.8
083042,Longi,0,0,35,476696,4199409,31.8
083042,Longi,0,0,36,476946,4199937,31.8
083042,Longi,0,0,37,478046,4199889,31.8
083042,Longi,0,0,38,479138,4200772,31.8
083042,Longi,0,0,39,479046,4201993,31.8
083042,Longi,0,0,40,477903,4203459,31.8
083042,Longi,0,0,41,476841,4204438,31.8
083042,Longi,0,0,42,476855,4204704,31.8
083042,Longi,0,0,43,477803,4205471,31.8
083042,Longi,0,0,44,478002,4205965,31.8
083042,Longi,0,0,45,476373,4209307,31.8
083042,Longi,0,0,46,476743,4209229,31.8
083042,Longi,0,0,47,477114,4210544,31.8
083042,Longi,0,0,48,477559,4211192,31.8
083042,Longi,0,0,49,479080,4211214,31.8
083043,Malfa,0,0,0,482715,4270119,28.1
083043,Malfa,0,0,1,482593,4270106,28.1
083043,Malfa,0,0,2,482617,4270166,28.1
083043,Malfa,0,0,3,482715,4270119,28.1
083043,Malfa,1,0,0,488465,4270518,28.1
083043,Malfa,1,0,1,488872,4270244,28.1
083043,Malfa,1,0,2,488787,4269898,28.1
083043,Malfa,1,0,3,488110,4269801,28.1
083043,Malfa,1,0,4,486472,4268485,28.1
083043,Malfa,1,0,5,486168,4268511,28.1
083043,Malfa,1,0,6,485827,4268806,28.1
083043,Malfa,1,0,7,484871,4268891,28.1
083043,Malfa,1,0,8,483791,4268565,28.1
083043,Malfa,1,0,9,482466,4268650,28.1
083043,Malfa,1,0,10,482643,4269501,28.1
083043,Malfa,1,0,11,483260,4270459,28.1
083043,Malfa,1,0,12,485601,4270452,28.1
083043,Malfa,1,0,13,486558,4270119,28.1
083043,Malfa,1,0,14,487484,4270426,28.1
083043,Malfa,1,0,15,488465,4270518,28.1
083044,Malvagna,0,0,0,504293,4199683,27.8
083044,Malvagna,0,0,1,505532,4197976,27.8
083044,Malvagna,0,0,2,505201,4196567,27.8
083044,Malvagna,0,0,3,505346,4196018,27.8
083044,Malvagna,0,0,4,506284,4195168,27.8
083044,Malvagna,0,0,5,505110,4194530,27.8
083044,Malvagna,0,0,6,504441,4197319,27.8
083044,Malvagna,0,0,7,503358,4197691,27.8
083044,Malvagna,0,0,8,503057,4198034,27.8
083044,Malvagna,0,0,9,503398,4199728,27.8
083044,Malvagna,0,0,10,503780,4199994,27.8
083044,Malvagna,0,0,11,504293,4199683,27.8
083045,Mandanici,0,0,0,528036,4209855,23.6
083045,Mandanici,0,0,1,528358,4208937,23.6
083045,Mandanici,0,0,2,528881,4208746,23.6
083045,Mandanici,0,0,3,529403,4208129,23.6
083045,Mandanici,0,0,4,529401,4207887,23.6
083045,Mandanici,0,0,5,530123,4207593,23.6
083045,Mandanici,0,0,6,530458,4206459,23.6
083045,Mandanici,0,0,7,530817,4206211,23.6
083045,Mandanici,0,0,8,530625,4204962,23.6
083045,Mandanici,0,0,9,530360,4204675,23.6
083045,Mandanici,0,0,10,528171,4205620,23.6
083045,Mandanici,0,0,11,526942,4207188,23.6
083045,Mandanici,0,0,12,526765,4208228,23.6
083045,Mandanici,0,0,13,527109,4208920,23.6
083045,Mandanici,0,0,14,527114,4209982,23.6
083045,Mandanici,0,0,15,527742,4210146,23.6
083045,Mandanici,0,0,16,528036,4209855,23.6
083046,Mazzarrà Sant'Andrea,0,0,0,512156,4217733,26.8
083046,Mazzarrà Sant'Andrea,0,0,1,512414,4215446,26.8
083046,Mazzarrà Sant'Andrea,0,0,2,512200,4212820,26.8
083046,Mazzarrà Sant'Andrea,0,0,3,512003,4212375,26.8
083046,Mazzarrà Sant'Andrea,0,0,4,511469,4212153,26.8
083046,Mazzarrà Sant'Andrea,0,0,5,510641,4212798,26.8
083046,Mazzarrà Sant'Andrea,0,0,6,510871,4213190,26.8
083046,Mazzarrà Sant'Andrea,0,0,7,511001,4214273,26.8
083046,Mazzarrà Sant'Andrea,0,0,8,510695,4216074,26.8
083046,Mazzarrà Sant'Andrea,0,0,9,510979,4216679,26.8
083046,Mazzarrà Sant'Andrea,0,0,10,511434,4216350,26.8
083046,Mazzarrà Sant'Andrea,0,0,11,511762,4216538,26.8
083046,Mazzarrà Sant'Andrea,0,0,12,511873,4217123,26.8
083046,Mazzarrà Sant'Andrea,0,0,13,511626,4217337,26.8
083046,Mazzarrà Sant'Andrea,0,0,14,511640,4217678,26.8
083046,Mazzarrà Sant'Andrea,0,0,15,512156,4217733,26.8
083047,Merì,0,0,0,523110,4223850,28.1
083047,Merì,0,0,1,522994,4222467,28.1
083047,Merì,0,0,2,522639,4222684,28.1
083047,Merì,0,0,3,522505,4223674,28.1
083047,Merì,0,0,4,521421,4224019,28.1
083047,Merì,0,0,5,521214,4224984,28.1
083047,Merì,0,0,6,522285,4224478,28.1
083047,Merì,0,0,7,523110,4223850,28.1
083048,Messina,0,0,0,548068,4239294,27.0
083048,Messina,0,0,1,548732,4238915,27.0
083048,Messina,0,0,2,549749,4237977,27.0
083048,Messina,0,0,3,551536,4237057,27.0
083048,Messina,0,0,4,554085,4236301,27.0
083048,Messina,0,0,5,556431,4236164,27.0
083048,Messina,0,0,6,556890,4236005,27.0
083048,Messina,0,0,7,557135,4235664,27.0
083048,Messina,0,0,8,557034,4235381,27.0
083048,Messina,0,0,9,553495,4234474,27.0
083048,Messina,0,0,10,550943,4233199,27.0
083048,Messina,0,0,11,549676,4230871,27.0
083048,Messina,0,0,12,549554,4229893,27.0
083048,Messina,0,0,13,549178,4229137,27.0
083048,Messina,0,0,14,548876,4227832,27.0
083048,Messina,0,0,15,548829,4227086,27.0
083048,Messina,0,0,16,549274,4226833,27.0
083048,Messina,0,0,17,549646,4227118,27.0
083048,Messina,0,0,18,549873,4227698,27.0
083048,Messina,0,0,19,549246,4227772,27.0
083048,Messina,0,0,20,549597,4227909,27.0
083048,Messina,0,0,21,550148,4227854,27.0
083048,Messina,0,0,22,550317,4227410,27.0
083048,Messina,0,0,23,550128,4227015,27.0
083048,Messina,0,0,24,549314,4226317,27.0
083048,Messina,0,0,25,546691,4222158,27.0
083048,Messina,0,0,26,543293,4214209,27.0
083048,Messina,0,0,27,542227,4212944,27.0
083048,Messina,0,0,28,541867,4211980,27.0
083048,Messina,0,0,29,540893,4212074,27.0
083048,Messina,0,0,30,539261,4213093,27.0
083048,Messina,0,0,31,538674,4213005,27.0
083048,Messina,0,0,32,536735,4213790,27.0
083048,Messina,0,0,33,535789,4214669,27.0
083048,Messina,0,0,34,536474,4215421,27.0
083048,Messina,0,0,35,537108,4217031,27.0
083048,Messina,0,0,36,539078,4218764,27.0
083048,Messina,0,0,37,539345,4220289,27.0
083048,Messina,0,0,38,540033,4221123,27.0
083048,Messina,0,0,39,540305,4221816,27.0
083048,Messina,0,0,40,540684,4224204,27.0
083048,Messina,0,0,41,542041,4227067,27.0
083048,Messina,0,0,42,541734,4228040,27.0
083048,Messina,0,0,43,542019,4229516,27.0
083048,Messina,0,0,44,542164,4229647,27.0
083048,Messina,0,0,45,542031,4230765,27.0
083048,Messina,0,0,46,541022,4231411,27.0
083048,Messina,0,0,47,540264,4231687,27.0
083048,Messina,0,0,48,538841,4233504,27.0
083048,Messina,0,0,49,545191,4238746,27.0
083048,Messina,0,0,50,547340,4239400,27.0
083048,Messina,0,0,51,548068,4239294,27.0
083049,Milazzo,0,0,0,519590,4235610,26.6
083049,Milazzo,0,0,1,519599,4235551,26.6
083049,Milazzo,0,0,2,519564,4235585,26.6
083049,Milazzo,0,0,3,519590,4235610,26.6
083049,Milazzo,1,0,0,520828,4235783,26.6
083049,Milazzo,1,0,1,521890,4234147,26.6
083049,Milazzo,1,0,2,522180,4233135,26.6
083049,Milazzo,1,0,3,521128,4229911,26.6
083049,Milazzo,1,0,4,522277,4229096,26.6
083049,Milazzo,1,0,5,523905,4228890,26.6
083049,Milazzo,1,0,6,523820,4228007,26.6
083049,Milazzo,1,0,7,523534,4227210,26.6
083049,Milazzo,1,0,8,523614,4226206,26.6
083049,Milazzo,1,0,9,522180,4224531,26.6
083049,Milazzo,1,0,10,520736,4225151,26.6
083049,Milazzo,1,0,11,519245,4225514,26.6
083049,Milazzo,1,0,12,518346,4226194,26.6
083049,Milazzo,1,0,13,519729,4228557,26.6
083049,Milazzo,1,0,14,521105,4232867,26.6
083049,Milazzo,1,0,15,520688,4233361,26.6
083049,Milazzo,1,0,16,520612,4234198,26.6
083049,Milazzo,1,0,17,520753,4234691,26.6
083049,Milazzo,1,0,18,520634,4235356,26.6
083049,Milazzo,1,0,19,520030,4235695,26.6
083049,Milazzo,1,0,20,519679,4235586,26.6
083049,Milazzo,1,0,21,519629,4235827,26.6
083049,Milazzo,1,0,22,520407,4235944,26.6
083049,Milazzo,1,0,23,520828,4235783,26.6
083050,Militello Rosmarino,0,0,0,471047,4214044,23.3
083050,Militello Rosmarino,0,0,1,472168,4212549,23.3
083050,Militello Rosmarino,0,0,2,472436,4210802,23.3
083050,Militello Rosmarino,0,0,3,472082,4210161,23.3
083050,Militello Rosmarino,0,0,4,472213,4208965,23.3
083050,Militello Rosmarino,0,0,5,470226,4206245,23.3
083050,Militello Rosmarino,0,0,6,470093,4205637,23.3
083050,Militello Rosmarino,0,0,7,470767,4204131,23.3
083050,Militello Rosmarino,0,0,8,471105,4202925,23.3
083050,Militello Rosmarino,0,0,9,470984,4201950,23.3
083050,Militello Rosmarino,0,0,10,471360,4200573,23.3
083050,Militello Rosmarino,0,0,11,471079,4199975,23.3
083050,Militello Rosmarino,0,0,12,471177,4198992,23.3
083050,Militello Rosmarino,0,0,13,471438,4198511,23.3
083050,Militello Rosmarino,0,0,14,470664,4198667,23.3
083050,Militello Rosmarino,0,0,15,469232,4199763,23.3
083050,Militello Rosmarino,0,0,16,468398,4202133,23.3
083050,Militello Rosmarino,0,0,17,467265,4203058,23.3
083050,Militello Rosmarino,0,0,18,467124,4203930,23.3
083050,Militello Rosmarino,0,0,19,467317,4205236,23.3
083050,Militello Rosmarino,0,0,20,467546,4205213,23.3
083050,Militello Rosmarino,0,0,21,469006,4204467,23.3
083050,Militello Rosmarino,0,0,22,469733,4203429,23.3
083050,Militello Rosmarino,0,0,23,470053,4203213,23.3
083050,Militello Rosmarino,0,0,24,470251,4204109,23.3
083050,Militello Rosmarino,0,0,25,469866,4205228,23.3
083050,Militello Rosmarino,0,0,26,469983,4206700,23.3
083050,Militello Rosmarino,0,0,27,469673,4207865,23.3
083050,Militello Rosmarino,0,0,28,469519,4209503,23.3
083050,Militello Rosmarino,0,0,29,469565,4209762,23.3
083050,Militello Rosmarino,0,0,30,470110,4209925,23.3
083050,Militello Rosmarino,0,0,31,470157,4210652,23.3
083050,Militello Rosmarino,0,0,32,469705,4211396,23.3
083050,Militello Rosmarino,0,0,33,469730,4211851,23.3
083050,Militello Rosmarino,0,0,34,470139,4212129,23.3
083050,Militello Rosmarino,0,0,35,471047,4214044,23.3
083051,Mirto,0,0,0,475525,4217976,30.8
083051,Mirto,0,0,1,476262,4217799,30.8
083051,Mirto,0,0,2,477760,4217044,30.8
083051,Mirto,0,0,3,479088,4216788,30.8
083051,Mirto,0,0,4,479554,4216519,30.8
083051,Mirto,0,0,5,480095,4216005,30.8
083051,Mirto,0,0,6,479775,4214927,30.8
083051,Mirto,0,0,7,478909,4214020,30.8
083051,Mirto,0,0,8,478143,4213793,30.8
083051,Mirto,0,0,9,477622,4214133,30.8
083051,Mirto,0,0,10,477540,4214686,30.8
083051,Mirto,0,0,11,477663,4214893,30.8
083051,Mirto,0,0,12,476923,4214680,30.8
083051,Mirto,0,0,13,477102,4214927,30.8
083051,Mirto,0,0,14,476568,4216173,30.8
083051,Mirto,0,0,15,475518,4217689,30.8
083051,Mirto,0,0,16,475525,4217976,30.8
083052,Mistretta,0,0,0,447172,4201657,23.7
083052,Mistretta,0,0,1,448031,4201251,23.7
083052,Mistretta,0,0,2,449598,4199063,23.7
083052,Mistretta,0,0,3,450207,4198648,23.7
083052,Mistretta,0,0,4,450506,4196447,23.7
083052,Mistretta,0,0,5,450793,4195629,23.7
083052,Mistretta,0,0,6,452057,4194606,23.7
083052,Mistretta,0,0,7,452359,4193821,23.7
083052,Mistretta,0,0,8,450394,4192994,23.7
083052,Mistretta,0,0,9,449431,4193096,23.7
083052,Mistretta,0,0,10,448893,4192798,23.7
083052,Mistretta,0,0,11,448042,4191647,23.7
083052,Mistretta,0,0,12,447167,4190045,23.7
083052,Mistretta,0,0,13,447181,4189719,23.7
083052,Mistretta,0,0,14,446868,4189156,23.7
083052,Mistretta,0,0,15,446523,4189457,23.7
083052,Mistretta,0,0,16,445633,4189520,23.7
083052,Mistretta,0,0,17,443547,4189275,23.7
083052,Mistretta,0,0,18,442823,4189117,23.7
083052,Mistretta,0,0,19,440758,4188014,23.7
083052,Mistretta,0,0,20,440383,4188247,23.7
083052,Mistretta,0,0,21,439827,4188313,23.7
083052,Mistretta,0,0,22,438523,4187880,23.7
083052,Mistretta,0,0,23,437873,4189289,23.7
083052,Mistretta,0,0,24,437817,4189779,23.7
083052,Mistretta,0,0,25,438235,4190374,23.7
083052,Mistretta,0,0,26,439387,4191344,23.7
083052,Mistretta,0,0,27,440665,4193187,23.7
083052,Mistretta,0,0,28,440682,4193496,23.7
083052,Mistretta,0,0,29,440548,4195143,23.7
083052,Mistretta,0,0,30,438584,4197608,23.7
083052,Mistretta,0,0,31,438751,4198547,23.7
083052,Mistretta,0,0,32,438506,4199239,23.7
083052,Mistretta,0,0,33,438171,4199563,23.7
083052,Mistretta,0,0,34,438109,4199983,23.7
083052,Mistretta,0,0,35,439049,4200053,23.7
083052,Mistretta,0,0,36,439221,4200504,23.7
083052,Mistretta,0,0,37,440886,4200922,23.7
083052,Mistretta,0,0,38,441101,4200741,23.7
083052,Mistretta,0,0,39,442537,4200818,23.7
083052,Mistretta,0,0,40,443916,4202043,23.7
083052,Mistretta,0,0,41,444733,4201139,23.7
083052,Mistretta,0,0,42,445590,4201275,23.7
083052,Mistretta,0,0,43,446377,4202434,23.7
083052,Mistretta,0,0,44,447172,4201657,23.7
083053,Moio Alcantara,0,0,0,503358,4197691,27.5
083053,Moio Alcantara,0,0,1,504441,4197319,27.5
083053,Moio Alcantara,0,0,2,505110,4194530,27.5
083053,Moio Alcantara,0,0,3,503742,4194026,27.5
083053,Moio Alcantara,0,0,4,502549,4194291,27.5
083053,Moio Alcantara,0,0,5,502466,4195037,27.5
083053,Moio Alcantara,0,0,6,502135,4195913,27.5
083053,Moio Alcantara,0,0,7,502429,4197505,27.5
083053,Moio Alcantara,0,0,8,503057,4198034,27.5
083053,Moio Alcantara,0,0,9,503358,4197691,27.5
083054,Monforte San Giorgio,0,0,0,529844,4229443,24.0
083054,Monforte San Giorgio,0,0,1,530548,4227081,24.0
083054,Monforte San Giorgio,0,0,2,531683,4225396,24.0
083054,Monforte San Giorgio,0,0,3,532252,4224988,24.0
083054,Monforte San Giorgio,0,0,4,533638,4224443,24.0
083054,Monforte San Giorgio,0,0,5,534856,4222644,24.0
083054,Monforte San Giorgio,0,0,6,535127,4222443,24.0
083054,Monforte San Giorgio,0,0,7,535681,4222451,24.0
083054,Monforte San Giorgio,0,0,8,536437,4221858,24.0
083054,Monforte San Giorgio,0,0,9,538872,4218598,24.0
083054,Monforte San Giorgio,0,0,10,537108,4217031,24.0
083054,Monforte San Giorgio,0,0,11,536474,4215421,24.0
083054,Monforte San Giorgio,0,0,12,535789,4214669,24.0
083054,Monforte San Giorgio,0,0,13,535336,4214442,24.0
083054,Monforte San Giorgio,0,0,14,534453,4214305,24.0
083054,Monforte San Giorgio,0,0,15,534273,4214807,24.0
083054,Monforte San Giorgio,0,0,16,534652,4214909,24.0
083054,Monforte San Giorgio,0,0,17,534739,4216054,24.0
083054,Monforte San Giorgio,0,0,18,535505,4216842,24.0
083054,Monforte San Giorgio,0,0,19,535298,4218346,24.0
083054,Monforte San Giorgio,0,0,20,535122,4218731,24.0
083054,Monforte San Giorgio,0,0,21,534243,4219234,24.0
083054,Monforte San Giorgio,0,0,22,534390,4219878,24.0
083054,Monforte San Giorgio,0,0,23,534285,4220359,24.0
083054,Monforte San Giorgio,0,0,24,533903,4220420,24.0
083054,Monforte San Giorgio,0,0,25,533493,4220782,24.0
083054,Monforte San Giorgio,0,0,26,532899,4221655,24.0
083054,Monforte San Giorgio,0,0,27,532869,4222147,24.0
083054,Monforte San Giorgio,0,0,28,532207,4223352,24.0
083054,Monforte San Giorgio,0,0,29,532058,4224030,24.0
083054,Monforte San Giorgio,0,0,30,531328,4224594,24.0
083054,Monforte San Giorgio,0,0,31,530895,4224736,24.0
083054,Monforte San Giorgio,0,0,32,530434,4225492,24.0
083054,Monforte San Giorgio,0,0,33,530261,4226838,24.0
083054,Monforte San Giorgio,0,0,34,529009,4228572,24.0
083054,Monforte San Giorgio,0,0,35,528683,4229693,24.0
083054,Monforte San Giorgio,0,0,36,529857,4229819,24.0
083054,Monforte San Giorgio,0,0,37,529844,4229443,24.0
083055,Mongiuffi Melia,0,0,0,521997,4198755,30.9
083055,Mongiuffi Melia,0,0,1,522873,4198297,30.9
083055,Mongiuffi Melia,0,0,2,523084,4197774,30.9
083055,Mongiuffi Melia,0,0,3,523295,4197677,30.9
083055,Mongiuffi Melia,0,0,4,524005,4197763,30.9
083055,Mongiuffi Melia,0,0,5,524696,4197587,30.9
083055,Mongiuffi Melia,0,0,6,525222,4196287,30.9
083055,Mongiuffi Melia,0,0,7,525424,4194550,30.9
083055,Mongiuffi Melia,0,0,8,525346,4194115,30.9
083055,Mongiuffi Melia,0,0,9,525052,4194014,30.9
083055,Mongiuffi Melia,0,0,10,524953,4194178,30.9
083055,Mongiuffi Melia,0,0,11,524620,4193641,30.9
083055,Mongiuffi Melia,0,0,12,524824,4192958,30.9
083055,Mongiuffi Melia,0,0,13,524457,4192697,30.9
083055,Mongiuffi Melia,0,0,14,523693,4192542,30.9
083055,Mongiuffi Melia,0,0,15,521594,4193566,30.9
083055,Mongiuffi Melia,0,0,16,521246,4192871,30.9
083055,Mongiuffi Melia,0,0,17,520866,4192549,30.9
083055,Mongiuffi Melia,0,0,18,519553,4192856,30.9
083055,Mongiuffi Melia,0,0,19,520026,4193628,30.9
083055,Mongiuffi Melia,0,0,20,520272,4194785,30.9
083055,Mongiuffi Melia,0,0,21,520229,4196029,30.9
083055,Mongiuffi Melia,0,0,22,520381,4196657,30.9
083055,Mongiuffi Melia,0,0,23,520247,4197037,30.9
083055,Mongiuffi Melia,0,0,24,520810,4196773,30.9
083055,Mongiuffi Melia,0,0,25,521112,4196834,30.9
083055,Mongiuffi Melia,0,0,26,521357,4197269,30.9
083055,Mongiuffi Melia,0,0,27,521315,4198226,30.9
083055,Mongiuffi Melia,0,0,28,521714,4198371,30.9
083055,Mongiuffi Melia,0,0,29,521997,4198755,30.9
083056,Montagnareale,0,0,0,494744,4221006,29.5
083056,Montagnareale,0,0,1,495059,4221055,29.5
083056,Montagnareale,0,0,2,495127,4221335,29.5
083056,Montagnareale,0,0,3,496006,4221336,29.5
083056,Montagnareale,0,0,4,496435,4219050,29.5
083056,Montagnareale,0,0,5,496920,4218438,29.5
083056,Montagnareale,0,0,6,497038,4217747,29.5
083056,Montagnareale,0,0,7,496373,4217597,29.5
083056,Montagnareale,0,0,8,494980,4216794,29.5
083056,Montagnareale,0,0,9,493804,4216928,29.5
083056,Montagnareale,0,0,10,493062,4216741,29.5
083056,Montagnareale,0,0,11,492671,4217826,29.5
083056,Montagnareale,0,0,12,492462,4219086,29.5
083056,Montagnareale,0,0,13,493174,4221325,29.5
083056,Montagnareale,0,0,14,494070,4221905,29.5
083056,Montagnareale,0,0,15,494348,4221190,29.5
083056,Montagnareale,0,0,16,494744,4221006,29.5
083057,Montalbano Elicona,0,0,0,502950,4215709,28.2
083057,Montalbano Elicona,0,0,1,505074,4214978,28.2
083057,Montalbano Elicona,0,0,2,504834,4214583,28.2
083057,Montalbano Elicona,0,0,3,504695,4213396,28.2
083057,Montalbano Elicona,0,0,4,503672,4211652,28.2
083057,Montalbano Elicona,0,0,5,504005,4210272,28.2
083057,Montalbano Elicona,0,0,6,504247,4209977,28.2
083057,Montalbano Elicona,0,0,7,503930,4209005,28.2
083057,Montalbano Elicona,0,0,8,504493,4204138,28.2
083057,Montalbano Elicona,0,0,9,504281,4203341,28.2
083057,Montalbano Elicona,0,0,10,504908,4202310,28.2
083057,Montalbano Elicona,0,0,11,504778,4202136,28.2
083057,Montalbano Elicona,0,0,12,504850,4201400,28.2
083057,Montalbano Elicona,0,0,13,504659,4200690,28.2
083057,Montalbano Elicona,0,0,14,503398,4199728,28.2
083057,Montalbano Elicona,0,0,15,501687,4200479,28.2
083057,Montalbano Elicona,0,0,16,501546,4200676,28.2
083057,Montalbano Elicona,0,0,17,502120,4201904,28.2
083057,Montalbano Elicona,0,0,18,502314,4203863,28.2
083057,Montalbano Elicona,0,0,19,502162,4204044,28.2
083057,Montalbano Elicona,0,0,20,499542,4204118,28.2
083057,Montalbano Elicona,0,0,21,497799,4203799,28.2
083057,Montalbano Elicona,0,0,22,496512,4203323,28.2
083057,Montalbano Elicona,0,0,23,495816,4203445,28.2
083057,Montalbano Elicona,0,0,24,495471,4203668,28.2
083057,Montalbano Elicona,0,0,25,496425,4204040,28.2
083057,Montalbano Elicona,0,0,26,496661,4204280,28.2
083057,Montalbano Elicona,0,0,27,497348,4205627,28.2
083057,Montalbano Elicona,0,0,28,498237,4206843,28.2
083057,Montalbano Elicona,0,0,29,498855,4207398,28.2
083057,Montalbano Elicona,0,0,30,498873,4209394,28.2
083057,Montalbano Elicona,0,0,31,499217,4210455,28.2
083057,Montalbano Elicona,0,0,32,500250,4211400,28.2
083057,Montalbano Elicona,0,0,33,500904,4213304,28.2
083057,Montalbano Elicona,0,0,34,500930,4213799,28.2
083057,Montalbano Elicona,0,0,35,502950,4215709,28.2
083058,Motta Camastra,0,0,0,517948,4198205,32.4
083058,Motta Camastra,0,0,1,519034,4196861,32.4
083058,Motta Camastra,0,0,2,518911,4196664,32.4
083058,Motta Camastra,0,0,3,519032,4195895,32.4
083058,Motta Camastra,0,0,4,518951,4195013,32.4
083058,Motta Camastra,0,0,5,517841,4193560,32.4
083058,Motta Camastra,0,0,6,517330,4191997,32.4
083058,Motta Camastra,0,0,7,517227,4191085,32.4
083058,Motta Camastra,0,0,8,516319,4191987,32.4
083058,Motta Camastra,0,0,9,515292,4192236,32.4
083058,Motta Camastra,0,0,10,514108,4193663,32.4
083058,Motta Camastra,0,0,11,514126,4194411,32.4
083058,Motta Camastra,0,0,12,514316,4194943,32.4
083058,Motta Camastra,0,0,13,513665,4195369,32.4
083058,Motta Camastra,0,0,14,513665,4195884,32.4
083058,Motta Camastra,0,0,15,515091,4197068,32.4
083058,Motta Camastra,0,0,16,515969,4198730,32.4
083058,Motta Camastra,0,0,17,516468,4199181,32.4
083058,Motta Camastra,0,0,18,516942,4198712,32.4
083058,Motta Camastra,0,0,19,517948,4198205,32.4
083059,Motta d'Affermo,0,0,0,440743,4207366,22.5
083059,Motta d'Affermo,0,0,1,440819,4205530,22.5
083059,Motta d'Affermo,0,0,2,441033,4205232,22.5
083059,Motta d'Affermo,0,0,3,440836,4203579,22.5
083059,Motta d'Affermo,0,0,4,440999,4202054,22.5
083059,Motta d'Affermo,0,0,5,440789,4201540,22.5
083059,Motta d'Affermo,0,0,6,439320,4203360,22.5
083059,Motta d'Affermo,0,0,7,437134,4205091,22.5
083059,Motta d'Affermo,0,0,8,436964,4205593,22.5
083059,Motta d'Affermo,0,0,9,435962,4207101,22.5
083059,Motta d'Affermo,0,0,10,435939,4207473,22.5
083059,Motta d'Affermo,0,0,11,437534,4206831,22.5
083059,Motta d'Affermo,0,0,12,439336,4206913,22.5
083059,Motta d'Affermo,0,0,13,440743,4207366,22.5
083060,Naso,0,0,0,483337,4223185,30.9
083060,Naso,0,0,1,483247,4222181,30.9
083060,Naso,0,0,2,483488,4221541,30.9
083060,Naso,0,0,3,483491,4220457,30.9
083060,Naso,0,0,4,482824,4218310,30.9
083060,Naso,0,0,5,482926,4218001,30.9
083060,Naso,0,0,6,483267,4217814,30.9
083060,Naso,0,0,7,482616,4216884,30.9
083060,Naso,0,0,8,482631,4216207,30.9
083060,Naso,0,0,9,482206,4216309,30.9
083060,Naso,0,0,10,481412,4216005,30.9
083060,Naso,0,0,11,480732,4215501,30.9
083060,Naso,0,0,12,479163,4216759,30.9
083060,Naso,0,0,13,477760,4217044,30.9
083060,Naso,0,0,14,476262,4217799,30.9
083060,Naso,0,0,15,475768,4217881,30.9
083060,Naso,0,0,16,476264,4219118,30.9
083060,Naso,0,0,17,477699,4221588,30.9
083060,Naso,0,0,18,478915,4221920,30.9
083060,Naso,0,0,19,480319,4221769,30.9
083060,Naso,0,0,20,481510,4221981,30.9
083060,Naso,0,0,21,481723,4222749,30.9
083060,Naso,0,0,22,482280,4223012,30.9
083060,Naso,0,0,23,483337,4223185,30.9
083061,Nizza di Sicilia,0,0,0,534926,4206554,31.9
083061,Nizza di Sicilia,0,0,1,536666,4205394,31.9
083061,Nizza di Sicilia,0,0,2,535529,4204044,31.9
083061,Nizza di Sicilia,0,0,3,534888,4204502,31.9
083061,Nizza di Sicilia,0,0,4,534747,4204877,31.9
083061,Nizza di Sicilia,0,0,5,533923,4205499,31.9
083061,Nizza di Sicilia,0,0,6,533432,4206117,31.9
083061,Nizza di Sicilia,0,0,7,534926,4206554,31.9
083061,Nizza di Sicilia,1,0,0,530846,4209619,31.9
083061,Nizza di Sicilia,1,0,1,531960,4208822,31.9
083061,Nizza di Sicilia,1,0,2,532110,4207830,31.9
083061,Nizza di Sicilia,1,0,3,532469,4206941,31.9
083061,Nizza di Sicilia,1,0,4,532857,4206457,31.9
083061,Nizza di Sicilia,1,0,5,532541,4206421,31.9
083061,Nizza di Sicilia,1,0,6,532211,4206005,31.9
083061,Nizza di Sicilia,1,0,7,531251,4206400,31.9
083061,Nizza di Sicilia,1,0,8,530419,4207531,31.9
083061,Nizza di Sicilia,1,0,9,529401,4207887,31.9
083061,Nizza di Sicilia,1,0,10,529403,4208129,31.9
083061,Nizza di Sicilia,1,0,11,528881,4208746,31.9
083061,Nizza di Sicilia,1,0,12,528308,4209004,31.9
083061,Nizza di Sicilia,1,0,13,528036,4209855,31.9
083061,Nizza di Sicilia,1,0,14,529264,4209912,31.9
083061,Nizza di Sicilia,1,0,15,529865,4210357,31.9
083061,Nizza di Sicilia,1,0,16,530271,4210924,31.9
083061,Nizza di Sicilia,1,0,17,530563,4210651,31.9
083061,Nizza di Sicilia,1,0,18,530479,4210080,31.9
083061,Nizza di Sicilia,1,0,19,530846,4209619,31.9
083062,Novara di Sicilia,0,0,0,512272,4214099,25.0
083062,Novara di Sicilia,0,0,1,512930,4213944,25.0
083062,Novara di Sicilia,0,0,2,512895,4213608,25.0
083062,Novara di Sicilia,0,0,3,513260,4212662,25.0
083062,Novara di Sicilia,0,0,4,514420,4212441,25.0
083062,Novara di Sicilia,0,0,5,514833,4211866,25.0
083062,Novara di Sicilia,0,0,6,514015,4210867,25.0
083062,Novara di Sicilia,0,0,7,514297,4209400,25.0
083062,Novara di Sicilia,0,0,8,513895,4207882,25.0
083062,Novara di Sicilia,0,0,9,513878,4207078,25.0
083062,Novara di Sicilia,0,0,10,514217,4205285,25.0
083062,Novara di Sicilia,0,0,11,513402,4204907,25.0
083062,Novara di Sicilia,0,0,12,512415,4203273,25.0
083062,Novara di Sicilia,0,0,13,511985,4202989,25.0
083062,Novara di Sicilia,0,0,14,511118,4202802,25.0
083062,Novara di Sicilia,0,0,15,509108,4203204,25.0
083062,Novara di Sicilia,0,0,16,508428,4202958,25.0
083062,Novara di Sicilia,0,0,17,507806,4203496,25.0
083062,Novara di Sicilia,0,0,18,507646,4206029,25.0
083062,Novara di Sicilia,0,0,19,508347,4206750,25.0
083062,Novara di Sicilia,0,0,20,509327,4209433,25.0
083062,Novara di Sicilia,0,0,21,509786,4209913,25.0
083062,Novara di Sicilia,0,0,22,510075,4210005,25.0
083062,Novara di Sicilia,0,0,23,510809,4211306,25.0
083062,Novara di Sicilia,0,0,24,510015,4212073,25.0
083062,Novara di Sicilia,0,0,25,510005,4212414,25.0
083062,Novara di Sicilia,0,0,26,510226,4212689,25.0
083062,Novara di Sicilia,0,0,27,510641,4212798,25.0
083062,Novara di Sicilia,0,0,28,511469,4212153,25.0
083062,Novara di Sicilia,0,0,29,512003,4212375,25.0
083062,Novara di Sicilia,0,0,30,512200,4212820,25.0
083062,Novara di Sicilia,0,0,31,512272,4214099,25.0
083063,Oliveri,0,0,0,506102,4219901,29.5
083063,Oliveri,0,0,1,505561,4218337,29.5
083063,Oliveri,0,0,2,504888,4217843,29.5
083063,Oliveri,0,0,3,504566,4217399,29.5
083063,Oliveri,0,0,4,504555,4217059,29.5
083063,Oliveri,0,0,5,503598,4215457,29.5
083063,Oliveri,0,0,6,502950,4215709,29.5
083063,Oliveri,0,0,7,502268,4217581,29.5
083063,Oliveri,0,0,8,502205,4218207,29.5
083063,Oliveri,0,0,9,502445,4218877,29.5
083063,Oliveri,0,0,10,503388,4219429,29.5
083063,Oliveri,0,0,11,503669,4219840,29.5
083063,Oliveri,0,0,12,504422,4220307,29.5
083063,Oliveri,0,0,13,504923,4220408,29.5
083063,Oliveri,0,0,14,506102,4219901,29.5
083064,Pace del Mela,0,0,0,527962,4227034,26.0
083064,Pace del Mela,0,0,1,527822,4224997,26.0
083064,Pace del Mela,0,0,2,527667,4225169,26.0
083064,Pace del Mela,0,0,3,527409,4225126,26.0
083064,Pace del Mela,0,0,4,526914,4223804,26.0
083064,Pace del Mela,0,0,5,526668,4223617,26.0
083064,Pace del Mela,0,0,6,525506,4224562,26.0
083064,Pace del Mela,0,0,7,524818,4224736,26.0
083064,Pace del Mela,0,0,8,525098,4225016,26.0
083064,Pace del Mela,0,0,9,525471,4224883,26.0
083064,Pace del Mela,0,0,10,525660,4225017,26.0
083064,Pace del Mela,0,0,11,525328,4225912,26.0
083064,Pace del Mela,0,0,12,525264,4226735,26.0
083064,Pace del Mela,0,0,13,525637,4228754,26.0
083064,Pace del Mela,0,0,14,527897,4229395,26.0
083064,Pace del Mela,0,0,15,527974,4228731,26.0
083064,Pace del Mela,0,0,16,528397,4228394,26.0
083064,Pace del Mela,0,0,17,527962,4227034,26.0
083065,Pagliara,0,0,0,527187,4209490,27.9
083065,Pagliara,0,0,1,527023,4208614,27.9
083065,Pagliara,0,0,2,526765,4208228,27.9
083065,Pagliara,0,0,3,526869,4207363,27.9
083065,Pagliara,0,0,4,527793,4205988,27.9
083065,Pagliara,0,0,5,528171,4205620,27.9
083065,Pagliara,0,0,6,530282,4204666,27.9
083065,Pagliara,0,0,7,530625,4204962,27.9
083065,Pagliara,0,0,8,530817,4206211,27.9
083065,Pagliara,0,0,9,531281,4205938,27.9
083065,Pagliara,0,0,10,531739,4205565,27.9
083065,Pagliara,0,0,11,532169,4204452,27.9
083065,Pagliara,0,0,12,533093,4203665,27.9
083065,Pagliara,0,0,13,533838,4203401,27.9
083065,Pagliara,0,0,14,533852,4202867,27.9
083065,Pagliara,0,0,15,533428,4202163,27.9
083065,Pagliara,0,0,16,532011,4203284,27.9
083065,Pagliara,0,0,17,529508,4203945,27.9
083065,Pagliara,0,0,18,526274,4206341,27.9
083065,Pagliara,0,0,19,525505,4207575,27.9
083065,Pagliara,0,0,20,525116,4209282,27.9
083065,Pagliara,0,0,21,527114,4209982,27.9
083065,Pagliara,0,0,22,527187,4209490,27.9
083066,Patti,0,0,0,497230,4222871,32.7
083066,Patti,0,0,1,497955,4222532,32.7
083066,Patti,0,0,2,499376,4222608,32.7
083066,Patti,0,0,3,500579,4222358,32.7
083066,Patti,0,0,4,503255,4222604,32.7
083066,Patti,0,0,5,504134,4222366,32.7
083066,Patti,0,0,6,504940,4221552,32.7
083066,Patti,0,0,7,504792,4221295,32.7
083066,Patti,0,0,8,504923,4220408,32.7
083066,Patti,0,0,9,504098,4220173,32.7
083066,Patti,0,0,10,503388,4219429,32.7
083066,Patti,0,0,11,502445,4218877,32.7
083066,Patti,0,0,12,502302,4218602,32.7
083066,Patti,0,0,13,502268,4217581,32.7
083066,Patti,0,0,14,502950,4215709,32.7
083066,Patti,0,0,15,500930,4213799,32.7
083066,Patti,0,0,16,500261,4214704,32.7
083066,Patti,0,0,17,499857,4215819,32.7
083066,Patti,0,0,18,499514,4215907,32.7
083066,Patti,0,0,19,497895,4217471,32.7
083066,Patti,0,0,20,497562,4217319,32.7
083066,Patti,0,0,21,497053,4217711,32.7
083066,Patti,0,0,22,496920,4218438,32.7
083066,Patti,0,0,23,496435,4219050,32.7
083066,Patti,0,0,24,496006,4221336,32.7
083066,Patti,0,0,25,495127,4221335,32.7
083066,Patti,0,0,26,495059,4221055,32.7
083066,Patti,0,0,27,494650,4221031,32.7
083066,Patti,0,0,28,494348,4221190,32.7
083066,Patti,0,0,29,494045,4221970,32.7
083066,Patti,0,0,30,494518,4222386,32.7
083066,Patti,0,0,31,495254,4222694,32.7
083066,Patti,0,0,32,496302,4222821,32.7
083066,Patti,0,0,33,496862,4223295,32.7
083066,Patti,0,0,34,497230,4222871,32.7
083066,Patti,1,0,0,499124,4223701,32.7
083066,Patti,1,0,1,499086,4223667,32.7
083066,Patti,1,0,2,499105,4223702,32.7
083066,Patti,1,0,3,499124,4223701,32.7
083067,Pettineo,0,0,0,436990,4205281,23.1
083067,Pettineo,0,0,1,439708,4202970,23.1
083067,Pettineo,0,0,2,440789,4201540,23.1
083067,Pettineo,0,0,3,440886,4200922,23.1
083067,Pettineo,0,0,4,439221,4200504,23.1
083067,Pettineo,0,0,5,439049,4200053,23.1
083067,Pettineo,0,0,6,438109,4199983,23.1
083067,Pettineo,0,0,7,438753,4198369,23.1
083067,Pettineo,0,0,8,438584,4197608,23.1
083067,Pettineo,0,0,9,437765,4197021,23.1
083067,Pettineo,0,0,10,434603,4196758,23.1
083067,Pettineo,0,0,11,434335,4196867,23.1
083067,Pettineo,0,0,12,434258,4197165,23.1
083067,Pettineo,0,0,13,434396,4198836,23.1
083067,Pettineo,0,0,14,432936,4200342,23.1
083067,Pettineo,0,0,15,434064,4200587,23.1
083067,Pettineo,0,0,16,435185,4200553,23.1
083067,Pettineo,0,0,17,437136,4201508,23.1
083067,Pettineo,0,0,18,436545,4203416,23.1
083067,Pettineo,0,0,19,436135,4204200,23.1
083067,Pettineo,0,0,20,435990,4205046,23.1
083067,Pettineo,0,0,21,436990,4205281,23.1
083068,Piraino,0,0,0,490420,4224957,32.5
083068,Piraino,0,0,1,491633,4223251,32.5
083068,Piraino,0,0,2,491248,4222330,32.5
083068,Piraino,0,0,3,491285,4221539,32.5
083068,Piraino,0,0,4,489631,4221871,32.5
083068,Piraino,0,0,5,488316,4220602,32.5
083068,Piraino,0,0,6,487557,4220355,32.5
083068,Piraino,0,0,7,486996,4220937,32.5
083068,Piraino,0,0,8,486348,4222150,32.5
083068,Piraino,0,0,9,486144,4223024,32.5
083068,Piraino,0,0,10,485697,4223876,32.5
083068,Piraino,0,0,11,487846,4224528,32.5
083068,Piraino,0,0,12,489211,4224519,32.5
083068,Piraino,0,0,13,490420,4224957,32.5
083069,Raccuja,0,0,0,490703,4213858,31.7
083069,Raccuja,0,0,1,492095,4213328,31.7
083069,Raccuja,0,0,2,493325,4212455,31.7
083069,Raccuja,0,0,3,493822,4209475,31.7
083069,Raccuja,0,0,4,494776,4208734,31.7
083069,Raccuja,0,0,5,495239,4207297,31.7
083069,Raccuja,0,0,6,495000,4206680,31.7
083069,Raccuja,0,0,7,495024,4205918,31.7
083069,Raccuja,0,0,8,495994,4204710,31.7
083069,Raccuja,0,0,9,496661,4204280,31.7
083069,Raccuja,0,0,10,496425,4204040,31.7
083069,Raccuja,0,0,11,495471,4203668,31.7
083069,Raccuja,0,0,12,495379,4204393,31.7
083069,Raccuja,0,0,13,494031,4205128,31.7
083069,Raccuja,0,0,14,493137,4204867,31.7
083069,Raccuja,0,0,15,492787,4205529,31.7
083069,Raccuja,0,0,16,491552,4206457,31.7
083069,Raccuja,0,0,17,491457,4206886,31.7
083069,Raccuja,0,0,18,491753,4209697,31.7
083069,Raccuja,0,0,19,491538,4210868,31.7
083069,Raccuja,0,0,20,490310,4212314,31.7
083069,Raccuja,0,0,21,489587,4212717,31.7
083069,Raccuja,0,0,22,490703,4213858,31.7
083070,Reitano,0,0,0,442824,4205409,23.5
083070,Reitano,0,0,1,442933,4203966,23.5
083070,Reitano,0,0,2,443358,4202719,23.5
083070,Reitano,0,0,3,443916,4202043,23.5
083070,Reitano,0,0,4,442593,4200843,23.5
083070,Reitano,0,0,5,441101,4200741,23.5
083070,Reitano,0,0,6,440886,4200922,23.5
083070,Reitano,0,0,7,440789,4201540,23.5
083070,Reitano,0,0,8,440999,4202054,23.5
083070,Reitano,0,0,9,440836,4203579,23.5
083070,Reitano,0,0,10,441033,4205232,23.5
083070,Reitano,0,0,11,440819,4205530,23.5
083070,Reitano,0,0,12,440743,4207366,23.5
083070,Reitano,0,0,13,441939,4208092,23.5
083070,Reitano,0,0,14,442824,4205409,23.5
083071,Roccafiorita,0,0,0,523223,4198922,29.2
083071,Roccafiorita,0,0,1,524182,4197688,29.2
083071,Roccafiorita,0,0,2,523084,4197774,29.2
083071,Roccafiorita,0,0,3,522873,4198297,29.2
083071,Roccafiorita,0,0,4,521997,4198755,29.2
083071,Roccafiorita,0,0,5,521964,4198992,29.2
083071,Roccafiorita,0,0,6,522597,4198737,29.2
083071,Roccafiorita,0,0,7,523223,4198922,29.2
083072,Roccalumera,0,0,0,531251,4206400,31.2
083072,Roccalumera,0,0,1,532211,4206005,31.2
083072,Roccalumera,0,0,2,532541,4206421,31.2
083072,Roccalumera,0,0,3,532857,4206457,31.2
083072,Roccalumera,0,0,4,533432,4206117,31.2
083072,Roccalumera,0,0,5,533923,4205499,31.2
083072,Roccalumera,0,0,6,534747,4204877,31.2
083072,Roccalumera,0,0,7,534888,4204502,31.2
083072,Roccalumera,0,0,8,535529,4204044,31.2
083072,Roccalumera,0,0,9,533960,4201881,31.2
083072,Roccalumera,0,0,10,533428,4202163,31.2
083072,Roccalumera,0,0,11,533852,4202867,31.2
083072,Roccalumera,0,0,12,533838,4203401,31.2
083072,Roccalumera,0,0,13,533093,4203665,31.2
083072,Roccalumera,0,0,14,532169,4204452,31.2
083072,Roccalumera,0,0,15,531739,4205565,31.2
083072,Roccalumera,0,0,16,530458,4206459,31.2
083072,Roccalumera,0,0,17,530123,4207593,31.2
083072,Roccalumera,0,0,18,530419,4207531,31.2
083072,Roccalumera,0,0,19,531251,4206400,31.2
083073,Roccavaldina,0,0,0,531851,4227142,24.8
083073,Roccavaldina,0,0,1,533004,4226938,24.8
083073,Roccavaldina,0,0,2,533484,4226259,24.8
083073,Roccavaldina,0,0,3,533725,4226314,24.8
083073,Roccavaldina,0,0,4,534031,4226784,24.8
083073,Roccavaldina,0,0,5,535019,4225817,24.8
083073,Roccavaldina,0,0,6,535148,4224829,24.8
083073,Roccavaldina,0,0,7,534996,4224448,24.8
083073,Roccavaldina,0,0,8,533998,4224053,24.8
083073,Roccavaldina,0,0,9,533638,4224443,24.8
083073,Roccavaldina,0,0,10,531898,4225170,24.8
083073,Roccavaldina,0,0,11,531061,4226321,24.8
083073,Roccavaldina,0,0,12,531771,4226397,24.8
083073,Roccavaldina,0,0,13,531886,4226529,24.8
083073,Roccavaldina,0,0,14,531755,4226648,24.8
083073,Roccavaldina,0,0,15,531851,4227142,24.8
083074,Roccella Valdemone,0,0,0,499542,4204118,27.4
083074,Roccella Valdemone,0,0,1,500487,4203998,27.4
083074,Roccella Valdemone,0,0,2,501910,4204075,27.4
083074,Roccella Valdemone,0,0,3,502314,4203863,27.4
083074,Roccella Valdemone,0,0,4,502120,4201904,27.4
083074,Roccella Valdemone,0,0,5,501546,4200676,27.4
083074,Roccella Valdemone,0,0,6,501687,4200479,27.4
083074,Roccella Valdemone,0,0,7,503398,4199728,27.4
083074,Roccella Valdemone,0,0,8,503057,4198034,27.4
083074,Roccella Valdemone,0,0,9,502429,4197505,27.4
083074,Roccella Valdemone,0,0,10,502288,4197005,27.4
083074,Roccella Valdemone,0,0,11,502135,4195913,27.4
083074,Roccella Valdemone,0,0,12,502466,4195037,27.4
083074,Roccella Valdemone,0,0,13,502461,4194422,27.4
083074,Roccella Valdemone,0,0,14,501028,4194650,27.4
083074,Roccella Valdemone,0,0,15,500195,4194479,27.4
083074,Roccella Valdemone,0,0,16,499035,4195943,27.4
083074,Roccella Valdemone,0,0,17,498478,4197447,27.4
083074,Roccella Valdemone,0,0,18,497286,4198798,27.4
083074,Roccella Valdemone,0,0,19,496991,4199899,27.4
083074,Roccella Valdemone,0,0,20,497143,4200115,27.4
083074,Roccella Valdemone,0,0,21,497995,4200539,27.4
083074,Roccella Valdemone,0,0,22,498505,4201089,27.4
083074,Roccella Valdemone,0,0,23,498534,4201308,27.4
083074,Roccella Valdemone,0,0,24,498206,4202135,27.4
083074,Roccella Valdemone,0,0,25,497948,4202383,27.4
083074,Roccella Valdemone,0,0,26,496281,4202987,27.4
083074,Roccella Valdemone,0,0,27,495925,4203461,27.4
083074,Roccella Valdemone,0,0,28,496512,4203323,27.4
083074,Roccella Valdemone,0,0,29,497799,4203799,27.4
083074,Roccella Valdemone,0,0,30,499542,4204118,27.4
083075,Rodì Milici,0,0,0,516375,4219715,32.0
083075,Rodì Milici,0,0,1,516382,4218957,32.0
083075,Rodì Milici,0,0,2,515533,4215685,32.0
083075,Rodì Milici,0,0,3,515792,4215249,32.0
083075,Rodì Milici,0,0,4,516562,4214755,32.0
083075,Rodì Milici,0,0,5,516692,4214454,32.0
083075,Rodì Milici,0,0,6,516709,4212568,32.0
083075,Rodì Milici,0,0,7,517716,4212292,32.0
083075,Rodì Milici,0,0,8,518515,4211190,32.0
083075,Rodì Milici,0,0,9,518473,4210410,32.0
083075,Rodì Milici,0,0,10,518795,4209402,32.0
083075,Rodì Milici,0,0,11,519410,4208618,32.0
083075,Rodì Milici,0,0,12,519104,4208171,32.0
083075,Rodì Milici,0,0,13,519246,4207492,32.0
083075,Rodì Milici,0,0,14,520388,4206864,32.0
083075,Rodì Milici,0,0,15,519385,4206295,32.0
083075,Rodì Milici,0,0,16,519180,4206892,32.0
083075,Rodì Milici,0,0,17,518914,4207214,32.0
083075,Rodì Milici,0,0,18,518505,4207375,32.0
083075,Rodì Milici,0,0,19,518263,4207732,32.0
083075,Rodì Milici,0,0,20,517953,4209299,32.0
083075,Rodì Milici,0,0,21,517458,4210407,32.0
083075,Rodì Milici,0,0,22,516644,4211183,32.0
083075,Rodì Milici,0,0,23,516303,4211229,32.0
083075,Rodì Milici,0,0,24,515932,4211029,32.0
083075,Rodì Milici,0,0,25,515433,4211251,32.0
083075,Rodì Milici,0,0,26,514797,4211829,32.0
083075,Rodì Milici,0,0,27,514420,4212441,32.0
083075,Rodì Milici,0,0,28,513260,4212662,32.0
083075,Rodì Milici,0,0,29,512895,4213608,32.0
083075,Rodì Milici,0,0,30,512930,4213944,32.0
083075,Rodì Milici,0,0,31,512215,4214194,32.0
083075,Rodì Milici,0,0,32,512414,4215446,32.0
083075,Rodì Milici,0,0,33,512348,4216675,32.0
083075,Rodì Milici,0,0,34,512140,4217229,32.0
083075,Rodì Milici,0,0,35,512250,4219203,32.0
083075,Rodì Milici,0,0,36,514106,4219729,32.0
083075,Rodì Milici,0,0,37,515852,4219580,32.0
083075,Rodì Milici,0,0,38,516375,4219715,32.0
083076,Rometta,0,0,0,536777,4232598,25.8
083076,Rometta,0,0,1,537576,4228568,25.8
083076,Rometta,0,0,2,537445,4227354,25.8
083076,Rometta,0,0,3,536952,4226495,25.8
083076,Rometta,0,0,4,536925,4226050,25.8
083076,Rometta,0,0,5,537246,4225014,25.8
083076,Rometta,0,0,6,537962,4223970,25.8
083076,Rometta,0,0,7,538884,4223258,25.8
083076,Rometta,0,0,8,539554,4222496,25.8
083076,Rometta,0,0,9,539801,4221949,25.8
083076,Rometta,0,0,10,540305,4221816,25.8
083076,Rometta,0,0,11,540033,4221123,25.8
083076,Rometta,0,0,12,539345,4220289,25.8
083076,Rometta,0,0,13,539094,4218812,25.8
083076,Rometta,0,0,14,538872,4218598,25.8
083076,Rometta,0,0,15,536437,4221858,25.8
083076,Rometta,0,0,16,535681,4222451,25.8
083076,Rometta,0,0,17,535127,4222443,25.8
083076,Rometta,0,0,18,534856,4222644,25.8
083076,Rometta,0,0,19,533998,4224053,25.8
083076,Rometta,0,0,20,535012,4224468,25.8
083076,Rometta,0,0,21,535148,4224829,25.8
083076,Rometta,0,0,22,535019,4225817,25.8
083076,Rometta,0,0,23,535886,4226471,25.8
083076,Rometta,0,0,24,536048,4226961,25.8
083076,Rometta,0,0,25,535699,4228421,25.8
083076,Rometta,0,0,26,534940,4229910,25.8
083076,Rometta,0,0,27,534430,4231364,25.8
083076,Rometta,0,0,28,536777,4232598,25.8
083077,San Filippo del Mela,0,0,0,525637,4228754,25.8
083077,San Filippo del Mela,0,0,1,525264,4226735,25.8
083077,San Filippo del Mela,0,0,2,525615,4224893,25.8
083077,San Filippo del Mela,0,0,3,525018,4224981,25.8
083077,San Filippo del Mela,0,0,4,524651,4224278,25.8
083077,San Filippo del Mela,0,0,5,523099,4223480,25.8
083077,San Filippo del Mela,0,0,6,523060,4223952,25.8
083077,San Filippo del Mela,0,0,7,522180,4224531,25.8
083077,San Filippo del Mela,0,0,8,523614,4226206,25.8
083077,San Filippo del Mela,0,0,9,523534,4227210,25.8
083077,San Filippo del Mela,0,0,10,523820,4228007,25.8
083077,San Filippo del Mela,0,0,11,523876,4228910,25.8
083077,San Filippo del Mela,0,0,12,525637,4228754,25.8
083078,San Fratello,0,0,0,465205,4210973,26.8
083078,San Fratello,0,0,1,465552,4210491,26.8
083078,San Fratello,0,0,2,466231,4210797,26.8
083078,San Fratello,0,0,3,467048,4207853,26.8
083078,San Fratello,0,0,4,467055,4206762,26.8
083078,San Fratello,0,0,5,467317,4205236,26.8
083078,San Fratello,0,0,6,467124,4203930,26.8
083078,San Fratello,0,0,7,467265,4203058,26.8
083078,San Fratello,0,0,8,468398,4202133,26.8
083078,San Fratello,0,0,9,469232,4199763,26.8
083078,San Fratello,0,0,10,470664,4198667,26.8
083078,San Fratello,0,0,11,471399,4198537,26.8
083078,San Fratello,0,0,12,471406,4198147,26.8
083078,San Fratello,0,0,13,470765,4197618,26.8
083078,San Fratello,0,0,14,469422,4197335,26.8
083078,San Fratello,0,0,15,469639,4196820,26.8
083078,San Fratello,0,0,16,469611,4196220,26.8
083078,San Fratello,0,0,17,469039,4195090,26.8
083078,San Fratello,0,0,18,468589,4196149,26.8
083078,San Fratello,0,0,19,467029,4196442,26.8
083078,San Fratello,0,0,20,466164,4196800,26.8
083078,San Fratello,0,0,21,465287,4197363,26.8
083078,San Fratello,0,0,22,464093,4198653,26.8
083078,San Fratello,0,0,23,464098,4199703,26.8
083078,San Fratello,0,0,24,463613,4203143,26.8
083078,San Fratello,0,0,25,462555,4206623,26.8
083078,San Fratello,0,0,26,461263,4209124,26.8
083078,San Fratello,0,0,27,461241,4209526,26.8
083078,San Fratello,0,0,28,463097,4209044,26.8
083078,San Fratello,0,0,29,463617,4209226,26.8
083078,San Fratello,0,0,30,463100,4209818,26.8
083078,San Fratello,0,0,31,463463,4210569,26.8
083078,San Fratello,0,0,32,465205,4210973,26.8
083079,San Marco d'Alunzio,0,0,0,476127,4214252,37.0
083079,San Marco d'Alunzio,0,0,1,476431,4213902,37.0
083079,San Marco d'Alunzio,0,0,2,477576,4211275,37.0
083079,San Marco d'Alunzio,0,0,3,477114,4210544,37.0
083079,San Marco d'Alunzio,0,0,4,476763,4209263,37.0
083079,San Marco d'Alunzio,0,0,5,473876,4209164,37.0
083079,San Marco d'Alunzio,0,0,6,473299,4209664,37.0
083079,San Marco d'Alunzio,0,0,7,472953,4210346,37.0
083079,San Marco d'Alunzio,0,0,8,472436,4210802,37.0
083079,San Marco d'Alunzio,0,0,9,472168,4212549,37.0
083079,San Marco d'Alunzio,0,0,10,471652,4213252,37.0
083079,San Marco d'Alunzio,0,0,11,472621,4214784,37.0
083079,San Marco d'Alunzio,0,0,12,474006,4215608,37.0
083079,San Marco d'Alunzio,0,0,13,474549,4216286,37.0
083079,San Marco d'Alunzio,0,0,14,474684,4215847,37.0
083079,San Marco d'Alunzio,0,0,15,474530,4215542,37.0
083079,San Marco d'Alunzio,0,0,16,474784,4215151,37.0
083079,San Marco d'Alunzio,0,0,17,475524,4214488,37.0
083079,San Marco d'Alunzio,0,0,18,476127,4214252,37.0
083080,San Pier Niceto,0,0,0,528683,4229693,22.8
083080,San Pier Niceto,0,0,1,529009,4228572,22.8
083080,San Pier Niceto,0,0,2,530261,4226838,22.8
083080,San Pier Niceto,0,0,3,530434,4225492,22.8
083080,San Pier Niceto,0,0,4,530895,4224736,22.8
083080,San Pier Niceto,0,0,5,531328,4224594,22.8
083080,San Pier Niceto,0,0,6,532058,4224030,22.8
083080,San Pier Niceto,0,0,7,532207,4223352,22.8
083080,San Pier Niceto,0,0,8,532869,4222147,22.8
083080,San Pier Niceto,0,0,9,532899,4221655,22.8
083080,San Pier Niceto,0,0,10,533493,4220782,22.8
083080,San Pier Niceto,0,0,11,533903,4220420,22.8
083080,San Pier Niceto,0,0,12,534285,4220359,22.8
083080,San Pier Niceto,0,0,13,534390,4219878,22.8
083080,San Pier Niceto,0,0,14,534243,4219234,22.8
083080,San Pier Niceto,0,0,15,535122,4218731,22.8
083080,San Pier Niceto,0,0,16,535298,4218346,22.8
083080,San Pier Niceto,0,0,17,535505,4216842,22.8
083080,San Pier Niceto,0,0,18,534739,4216054,22.8
083080,San Pier Niceto,0,0,19,534652,4214909,22.8
083080,San Pier Niceto,0,0,20,534273,4214807,22.8
083080,San Pier Niceto,0,0,21,533886,4215125,22.8
083080,San Pier Niceto,0,0,22,533091,4215298,22.8
083080,San Pier Niceto,0,0,23,532077,4214987,22.8
083080,San Pier Niceto,0,0,24,530654,4216205,22.8
083080,San Pier Niceto,0,0,25,530152,4216911,22.8
083080,San Pier Niceto,0,0,26,530004,4217284,22.8
083080,San Pier Niceto,0,0,27,530369,4217437,22.8
083080,San Pier Niceto,0,0,28,531360,4219423,22.8
083080,San Pier Niceto,0,0,29,531876,4221758,22.8
083080,San Pier Niceto,0,0,30,530820,4221655,22.8
083080,San Pier Niceto,0,0,31,530109,4221765,22.8
083080,San Pier Niceto,0,0,32,530282,4222259,22.8
083080,San Pier Niceto,0,0,33,529468,4224275,22.8
083080,San Pier Niceto,0,0,34,529348,4225156,22.8
083080,San Pier Niceto,0,0,35,528761,4226084,22.8
083080,San Pier Niceto,0,0,36,528362,4227089,22.8
083080,San Pier Niceto,0,0,37,528397,4228394,22.8
083080,San Pier Niceto,0,0,38,527974,4228731,22.8
083080,San Pier Niceto,0,0,39,527833,4229296,22.8
083080,San Pier Niceto,0,0,40,528683,4229693,22.8
083081,San Piero Patti,0,0,0,500931,4213410,32.2
083081,San Piero Patti,0,0,1,500250,4211400,32.2
083081,San Piero Patti,0,0,2,499217,4210455,32.2
083081,San Piero Patti,0,0,3,498873,4209394,32.2
083081,San Piero Patti,0,0,4,498855,4207398,32.2
083081,San Piero Patti,0,0,5,498237,4206843,32.2
083081,San Piero Patti,0,0,6,497348,4205627,32.2
083081,San Piero Patti,0,0,7,496661,4204280,32.2
083081,San Piero Patti,0,0,8,495994,4204710,32.2
083081,San Piero Patti,0,0,9,495024,4205918,32.2
083081,San Piero Patti,0,0,10,495000,4206680,32.2
083081,San Piero Patti,0,0,11,495239,4207297,32.2
083081,San Piero Patti,0,0,12,494947,4208331,32.2
083081,San Piero Patti,0,0,13,494506,4209045,32.2
083081,San Piero Patti,0,0,14,493859,4209380,32.2
083081,San Piero Patti,0,0,15,493620,4210117,32.2
083081,San Piero Patti,0,0,16,493325,4212455,32.2
083081,San Piero Patti,0,0,17,493057,4212686,32.2
083081,San Piero Patti,0,0,18,493609,4213220,32.2
083081,San Piero Patti,0,0,19,493957,4213985,32.2
083081,San Piero Patti,0,0,20,494506,4213735,32.2
083081,San Piero Patti,0,0,21,496013,4213535,32.2
083081,San Piero Patti,0,0,22,497560,4213924,32.2
083081,San Piero Patti,0,0,23,497869,4213800,32.2
083081,San Piero Patti,0,0,24,498473,4212895,32.2
083081,San Piero Patti,0,0,25,498732,4212778,32.2
083081,San Piero Patti,0,0,26,500193,4213275,32.2
083081,San Piero Patti,0,0,27,500538,4213744,32.2
083081,San Piero Patti,0,0,28,500899,4213809,32.2
083081,San Piero Patti,0,0,29,500931,4213410,32.2
083082,San Salvatore di Fitalia,0,0,0,481816,4214223,24.2
083082,San Salvatore di Fitalia,0,0,1,482432,4214086,24.2
083082,San Salvatore di Fitalia,0,0,2,482966,4213586,24.2
083082,San Salvatore di Fitalia,0,0,3,483640,4212286,24.2
083082,San Salvatore di Fitalia,0,0,4,482320,4211979,24.2
083082,San Salvatore di Fitalia,0,0,5,482636,4210119,24.2
083082,San Salvatore di Fitalia,0,0,6,481089,4210624,24.2
083082,San Salvatore di Fitalia,0,0,7,480093,4211475,24.2
083082,San Salvatore di Fitalia,0,0,8,479376,4211731,24.2
083082,San Salvatore di Fitalia,0,0,9,479420,4212154,24.2
083082,San Salvatore di Fitalia,0,0,10,478812,4213062,24.2
083082,San Salvatore di Fitalia,0,0,11,478909,4214020,24.2
083082,San Salvatore di Fitalia,0,0,12,479775,4214927,24.2
083082,San Salvatore di Fitalia,0,0,13,480095,4216005,24.2
083082,San Salvatore di Fitalia,0,0,14,480732,4215501,24.2
083082,San Salvatore di Fitalia,0,0,15,481816,4214223,24.2
083083,Santa Domenica Vittoria,0,0,0,496281,4202987,36.1
083083,Santa Domenica Vittoria,0,0,1,498150,4202194,36.1
083083,Santa Domenica Vittoria,0,0,2,498534,4201308,36.1
083083,Santa Domenica Vittoria,0,0,3,498505,4201089,36.1
083083,Santa Domenica Vittoria,0,0,4,497995,4200539,36.1
083083,Santa Domenica Vittoria,0,0,5,497143,4200115,36.1
083083,Santa Domenica Vittoria,0,0,6,496991,4199899,36.1
083083,Santa Domenica Vittoria,0,0,7,497286,4198798,36.1
083083,Santa Domenica Vittoria,0,0,8,498478,4197447,36.1
083083,Santa Domenica Vittoria,0,0,9,499035,4195943,36.1
083083,Santa Domenica Vittoria,0,0,10,500195,4194479,36.1
083083,Santa Domenica Vittoria,0,0,11,499543,4194012,36.1
083083,Santa Domenica Vittoria,0,0,12,498691,4193769,36.1
083083,Santa Domenica Vittoria,0,0,13,498156,4194105,36.1
083083,Santa Domenica Vittoria,0,0,14,498141,4195500,36.1
083083,Santa Domenica Vittoria,0,0,15,496103,4196058,36.1
083083,Santa Domenica Vittoria,0,0,16,495811,4197421,36.1
083083,Santa Domenica Vittoria,0,0,17,494854,4199445,36.1
083083,Santa Domenica Vittoria,0,0,18,494836,4200356,36.1
083083,Santa Domenica Vittoria,0,0,19,495787,4200453,36.1
083083,Santa Domenica Vittoria,0,0,20,496138,4200791,36.1
083083,Santa Domenica Vittoria,0,0,21,495918,4201636,36.1
083083,Santa Domenica Vittoria,0,0,22,495816,4203445,36.1
083083,Santa Domenica Vittoria,0,0,23,496281,4202987,36.1
083084,Sant'Agata di Militello,0,0,0,471047,4214044,31.1
083084,Sant'Agata di Militello,0,0,1,470139,4212129,31.1
083084,Sant'Agata di Militello,0,0,2,469730,4211851,31.1
083084,Sant'Agata di Militello,0,0,3,469705,4211396,31.1
083084,Sant'Agata di Militello,0,0,4,470157,4210652,31.1
083084,Sant'Agata di Militello,0,0,5,470110,4209925,31.1
083084,Sant'Agata di Militello,0,0,6,469565,4209762,31.1
083084,Sant'Agata di Militello,0,0,7,469519,4209503,31.1
083084,Sant'Agata di Militello,0,0,8,469673,4207865,31.1
083084,Sant'Agata di Militello,0,0,9,469983,4206700,31.1
083084,Sant'Agata di Militello,0,0,10,469866,4205228,31.1
083084,Sant'Agata di Militello,0,0,11,470251,4204109,31.1
083084,Sant'Agata di Militello,0,0,12,470021,4203193,31.1
083084,Sant'Agata di Militello,0,0,13,469006,4204467,31.1
083084,Sant'Agata di Militello,0,0,14,468269,4204925,31.1
083084,Sant'Agata di Militello,0,0,15,467317,4205236,31.1
083084,Sant'Agata di Militello,0,0,16,467230,4205405,31.1
083084,Sant'Agata di Militello,0,0,17,467048,4207853,31.1
083084,Sant'Agata di Militello,0,0,18,466029,4211194,31.1
083084,Sant'Agata di Militello,0,0,19,466033,4212519,31.1
083084,Sant'Agata di Militello,0,0,20,465661,4213601,31.1
083084,Sant'Agata di Militello,0,0,21,466445,4214008,31.1
083084,Sant'Agata di Militello,0,0,22,466745,4213820,31.1
083084,Sant'Agata di Militello,0,0,23,467753,4213788,31.1
083084,Sant'Agata di Militello,0,0,24,468737,4214468,31.1
083084,Sant'Agata di Militello,0,0,25,469769,4215520,31.1
083084,Sant'Agata di Militello,0,0,26,471047,4214044,31.1
083085,Sant'Alessio Siculo,0,0,0,529085,4198675,38.6
083085,Sant'Alessio Siculo,0,0,1,530629,4198571,38.6
083085,Sant'Alessio Siculo,0,0,2,531405,4198257,38.6
083085,Sant'Alessio Siculo,0,0,3,530583,4197154,38.6
083085,Sant'Alessio Siculo,0,0,4,530341,4196488,38.6
083085,Sant'Alessio Siculo,0,0,5,530636,4196215,38.6
083085,Sant'Alessio Siculo,0,0,6,530372,4195885,38.6
083085,Sant'Alessio Siculo,0,0,7,530193,4195868,38.6
083085,Sant'Alessio Siculo,0,0,8,530124,4196470,38.6
083085,Sant'Alessio Siculo,0,0,9,529206,4197267,38.6
083085,Sant'Alessio Siculo,0,0,10,527964,4197522,38.6
083085,Sant'Alessio Siculo,0,0,11,527016,4198135,38.6
083085,Sant'Alessio Siculo,0,0,12,526697,4197704,38.6
083085,Sant'Alessio Siculo,0,0,13,526615,4197923,38.6
083085,Sant'Alessio Siculo,0,0,14,526962,4198947,38.6
083085,Sant'Alessio Siculo,0,0,15,527293,4198592,38.6
083085,Sant'Alessio Siculo,0,0,16,528036,4199005,38.6
083085,Sant'Alessio Siculo,0,0,17,529085,4198675,38.6
083086,Santa Lucia del Mela,0,0,0,525506,4224562,24.1
083086,Santa Lucia del Mela,0,0,1,526668,4223617,24.1
083086,Santa Lucia del Mela,0,0,2,527749,4223590,24.1
083086,Santa Lucia del Mela,0,0,3,528294,4221630,24.1
083086,Santa Lucia del Mela,0,0,4,528933,4220400,24.1
083086,Santa Lucia del Mela,0,0,5,529097,4218844,24.1
083086,Santa Lucia del Mela,0,0,6,528975,4218602,24.1
083086,Santa Lucia del Mela,0,0,7,529795,4217664,24.1
083086,Santa Lucia del Mela,0,0,8,530654,4216205,24.1
083086,Santa Lucia del Mela,0,0,9,532077,4214987,24.1
083086,Santa Lucia del Mela,0,0,10,531768,4214603,24.1
083086,Santa Lucia del Mela,0,0,11,530417,4213781,24.1
083086,Santa Lucia del Mela,0,0,12,529417,4213490,24.1
083086,Santa Lucia del Mela,0,0,13,528927,4212752,24.1
083086,Santa Lucia del Mela,0,0,14,528629,4211917,24.1
083086,Santa Lucia del Mela,0,0,15,527683,4210838,24.1
083086,Santa Lucia del Mela,0,0,16,527742,4210146,24.1
083086,Santa Lucia del Mela,0,0,17,526718,4209901,24.1
083086,Santa Lucia del Mela,0,0,18,525232,4209275,24.1
083086,Santa Lucia del Mela,0,0,19,523591,4209414,24.1
083086,Santa Lucia del Mela,0,0,20,522911,4208954,24.1
083086,Santa Lucia del Mela,0,0,21,522716,4210576,24.1
083086,Santa Lucia del Mela,0,0,22,522838,4211536,24.1
083086,Santa Lucia del Mela,0,0,23,523703,4211847,24.1
083086,Santa Lucia del Mela,0,0,24,524442,4212688,24.1
083086,Santa Lucia del Mela,0,0,25,524272,4213712,24.1
083086,Santa Lucia del Mela,0,0,26,523719,4215176,24.1
083086,Santa Lucia del Mela,0,0,27,523045,4215391,24.1
083086,Santa Lucia del Mela,0,0,28,522439,4216384,24.1
083086,Santa Lucia del Mela,0,0,29,522759,4217281,24.1
083086,Santa Lucia del Mela,0,0,30,522943,4219164,24.1
083086,Santa Lucia del Mela,0,0,31,523526,4219938,24.1
083086,Santa Lucia del Mela,0,0,32,523929,4220108,24.1
083086,Santa Lucia del Mela,0,0,33,523844,4220990,24.1
083086,Santa Lucia del Mela,0,0,34,523025,4221960,24.1
083086,Santa Lucia del Mela,0,0,35,523099,4223480,24.1
083086,Santa Lucia del Mela,0,0,36,524651,4224278,24.1
083086,Santa Lucia del Mela,0,0,37,524818,4224736,24.1
083086,Santa Lucia del Mela,0,0,38,525506,4224562,24.1
083087,Santa Marina Salina,0,0,0,489032,4268136,29.0
083087,Santa Marina Salina,0,0,1,488533,4267079,29.0
083087,Santa Marina Salina,0,0,2,488738,4265601,29.0
083087,Santa Marina Salina,0,0,3,488398,4265320,29.0
083087,Santa Marina Salina,0,0,4,487389,4265148,29.0
083087,Santa Marina Salina,0,0,5,486644,4265514,29.0
083087,Santa Marina Salina,0,0,6,486847,4266611,29.0
083087,Santa Marina Salina,0,0,7,486554,4267566,29.0
083087,Santa Marina Salina,0,0,8,486472,4268485,29.0
083087,Santa Marina Salina,0,0,9,488110,4269801,29.0
083087,Santa Marina Salina,0,0,10,488787,4269898,29.0
083087,Santa Marina Salina,0,0,11,489032,4268136,29.0
083088,Sant'Angelo di Brolo,0,0,0,489992,4221835,33.7
083088,Sant'Angelo di Brolo,0,0,1,492124,4218214,33.7
083088,Sant'Angelo di Brolo,0,0,2,492671,4217826,33.7
083088,Sant'Angelo di Brolo,0,0,3,493402,4215935,33.7
083088,Sant'Angelo di Brolo,0,0,4,493556,4214565,33.7
083088,Sant'Angelo di Brolo,0,0,5,493957,4213985,33.7
083088,Sant'Angelo di Brolo,0,0,6,493609,4213220,33.7
083088,Sant'Angelo di Brolo,0,0,7,493114,4212697,33.7
083088,Sant'Angelo di Brolo,0,0,8,491671,4213545,33.7
083088,Sant'Angelo di Brolo,0,0,9,490703,4213858,33.7
083088,Sant'Angelo di Brolo,0,0,10,489817,4215355,33.7
083088,Sant'Angelo di Brolo,0,0,11,488692,4216463,33.7
083088,Sant'Angelo di Brolo,0,0,12,488005,4217615,33.7
083088,Sant'Angelo di Brolo,0,0,13,487732,4218627,33.7
083088,Sant'Angelo di Brolo,0,0,14,487557,4220355,33.7
083088,Sant'Angelo di Brolo,0,0,15,488316,4220602,33.7
083088,Sant'Angelo di Brolo,0,0,16,489631,4221871,33.7
083088,Sant'Angelo di Brolo,0,0,17,489992,4221835,33.7
083089,Santa Teresa di Riva,0,0,0,531107,4202023,32.9
083089,Santa Teresa di Riva,0,0,1,531845,4201503,32.9
083089,Santa Teresa di Riva,0,0,2,533397,4201132,32.9
083089,Santa Teresa di Riva,0,0,3,531405,4198257,32.9
083089,Santa Teresa di Riva,0,0,4,530629,4198571,32.9
083089,Santa Teresa di Riva,0,0,5,530691,4199196,32.9
083089,Santa Teresa di Riva,0,0,6,530902,4199672,32.9
083089,Santa Teresa di Riva,0,0,7,531117,4199713,32.9
083089,Santa Teresa di Riva,0,0,8,531196,4200221,32.9
083089,Santa Teresa di Riva,0,0,9,531029,4200528,32.9
083089,Santa Teresa di Riva,0,0,10,530441,4200953,32.9
083089,Santa Teresa di Riva,0,0,11,530505,4201299,32.9
083089,Santa Teresa di Riva,0,0,12,530911,4201747,32.9
083089,Santa Teresa di Riva,0,0,13,530732,4202052,32.9
083089,Santa Teresa di Riva,0,0,14,531107,4202023,32.9
083089,Santa Teresa di Riva,1,0,0,527825,4203760,32.9
083089,Santa Teresa di Riva,1,0,1,528151,4203263,32.9
083089,Santa Teresa di Riva,1,0,2,527985,4202844,32.9
083089,Santa Teresa di Riva,1,0,3,527618,4202696,32.9
083089,Santa Teresa di Riva,1,0,4,527545,4202484,32.9
083089,Santa Teresa di Riva,1,0,5,528053,4202120,32.9
083089,Santa Teresa di Riva,1,0,6,528321,4202216,32.9
083089,Santa Teresa di Riva,1,0,7,528825,4201524,32.9
083089,Santa Teresa di Riva,1,0,8,527505,4201976,32.9
083089,Santa Teresa di Riva,1,0,9,526386,4202784,32.9
083089,Santa Teresa di Riva,1,0,10,526912,4203791,32.9
083089,Santa Teresa di Riva,1,0,11,527825,4203760,32.9
083090,San Teodoro,0,0,0,471775,4191481,25.5
083090,San Teodoro,0,0,1,473105,4191279,25.5
083090,San Teodoro,0,0,2,473556,4190893,25.5
083090,San Teodoro,0,0,3,473834,4188154,25.5
083090,San Teodoro,0,0,4,474264,4186808,25.5
083090,San Teodoro,0,0,5,475117,4186024,25.5
083090,San Teodoro,0,0,6,475365,4185565,25.5
083090,San Teodoro,0,0,7,473972,4185002,25.5
083090,San Teodoro,0,0,8,473117,4184258,25.5
083090,San Teodoro,0,0,9,472129,4185419,25.5
083090,San Teodoro,0,0,10,471649,4186737,25.5
083090,San Teodoro,0,0,11,472056,4189607,25.5
083090,San Teodoro,0,0,12,472411,4190405,25.5
083090,San Teodoro,0,0,13,471775,4191481,25.5
083091,Santo Stefano di Camastra,0,0,0,446559,4206893,25.9
083091,Santo Stefano di Camastra,0,0,1,446557,4206349,25.9
083091,Santo Stefano di Camastra,0,0,2,446170,4205117,25.9
083091,Santo Stefano di Camastra,0,0,3,446097,4202968,25.9
083091,Santo Stefano di Camastra,0,0,4,446377,4202434,25.9
083091,Santo Stefano di Camastra,0,0,5,445590,4201275,25.9
083091,Santo Stefano di Camastra,0,0,6,444667,4201152,25.9
083091,Santo Stefano di Camastra,0,0,7,443358,4202719,25.9
083091,Santo Stefano di Camastra,0,0,8,442933,4203966,25.9
083091,Santo Stefano di Camastra,0,0,9,442824,4205409,25.9
083091,Santo Stefano di Camastra,0,0,10,441939,4208092,25.9
083091,Santo Stefano di Camastra,0,0,11,442893,4208106,25.9
083091,Santo Stefano di Camastra,0,0,12,443488,4207858,25.9
083091,Santo Stefano di Camastra,0,0,13,443558,4207682,25.9
083091,Santo Stefano di Camastra,0,0,14,444179,4207625,25.9
083091,Santo Stefano di Camastra,0,0,15,445190,4207839,25.9
083091,Santo Stefano di Camastra,0,0,16,446192,4208316,25.9
083091,Santo Stefano di Camastra,0,0,17,446559,4206893,25.9
083092,Saponara,0,0,0,537290,4232678,20.9
083092,Saponara,0,0,1,537676,4231274,20.9
083092,Saponara,0,0,2,538005,4230698,20.9
083092,Saponara,0,0,3,538250,4230473,20.9
083092,Saponara,0,0,4,538713,4230581,20.9
083092,Saponara,0,0,5,538918,4230412,20.9
083092,Saponara,0,0,6,539508,4229358,20.9
083092,Saponara,0,0,7,540320,4228515,20.9
083092,Saponara,0,0,8,541300,4227130,20.9
083092,Saponara,0,0,9,541670,4226811,20.9
083092,Saponara,0,0,10,541953,4226808,20.9
083092,Saponara,0,0,11,540684,4224204,20.9
083092,Saponara,0,0,12,540305,4221816,20.9
083092,Saponara,0,0,13,539801,4221949,20.9
083092,Saponara,0,0,14,539554,4222496,20.9
083092,Saponara,0,0,15,538884,4223258,20.9
083092,Saponara,0,0,16,537962,4223970,20.9
083092,Saponara,0,0,17,537246,4225014,20.9
083092,Saponara,0,0,18,536955,4225897,20.9
083092,Saponara,0,0,19,536985,4226699,20.9
083092,Saponara,0,0,20,537445,4227354,20.9
083092,Saponara,0,0,21,537576,4228568,20.9
083092,Saponara,0,0,22,536777,4232598,20.9
083092,Saponara,0,0,23,537290,4232678,20.9
083093,Savoca,0,0,0,528151,4203263,26.7
083093,Savoca,0,0,1,529383,4202414,26.7
083093,Savoca,0,0,2,530495,4202005,26.7
083093,Savoca,0,0,3,530732,4202052,26.7
083093,Savoca,0,0,4,530911,4201747,26.7
083093,Savoca,0,0,5,530505,4201299,26.7
083093,Savoca,0,0,6,530441,4200953,26.7
083093,Savoca,0,0,7,531029,4200528,26.7
083093,Savoca,0,0,8,531192,4199965,26.7
083093,Savoca,0,0,9,530691,4199196,26.7
083093,Savoca,0,0,10,530570,4198531,26.7
083093,Savoca,0,0,11,529085,4198675,26.7
083093,Savoca,0,0,12,528036,4199005,26.7
083093,Savoca,0,0,13,529143,4200611,26.7
083093,Savoca,0,0,14,529145,4201139,26.7
083093,Savoca,0,0,15,528321,4202216,26.7
083093,Savoca,0,0,16,528053,4202120,26.7
083093,Savoca,0,0,17,527529,4202526,26.7
083093,Savoca,0,0,18,527985,4202844,26.7
083093,Savoca,0,0,19,528151,4203263,26.7
083094,Scaletta Zanclea,0,0,0,539261,4213093,23.5
083094,Scaletta Zanclea,0,0,1,540893,4212074,23.5
083094,Scaletta Zanclea,0,0,2,541867,4211980,23.5
083094,Scaletta Zanclea,0,0,3,540095,4210248,23.5
083094,Scaletta Zanclea,0,0,4,539641,4210775,23.5
083094,Scaletta Zanclea,0,0,5,538934,4211222,23.5
083094,Scaletta Zanclea,0,0,6,538458,4212122,23.5
083094,Scaletta Zanclea,0,0,7,538764,4213060,23.5
083094,Scaletta Zanclea,0,0,8,539261,4213093,23.5
083095,Sinagra,0,0,0,485119,4216285,33.7
083095,Sinagra,0,0,1,485598,4216384,33.7
083095,Sinagra,0,0,2,486489,4217255,33.7
083095,Sinagra,0,0,3,486897,4217376,33.7
083095,Sinagra,0,0,4,487282,4216993,33.7
083095,Sinagra,0,0,5,488929,4216275,33.7
083095,Sinagra,0,0,6,489817,4215355,33.7
083095,Sinagra,0,0,7,490703,4213858,33.7
083095,Sinagra,0,0,8,489587,4212717,33.7
083095,Sinagra,0,0,9,489092,4213174,33.7
083095,Sinagra,0,0,10,486716,4212297,33.7
083095,Sinagra,0,0,11,484446,4214650,33.7
083095,Sinagra,0,0,12,482631,4216207,33.7
083095,Sinagra,0,0,13,482571,4216733,33.7
083095,Sinagra,0,0,14,483267,4217814,33.7
083095,Sinagra,0,0,15,485119,4216285,33.7
083096,Spadafora,0,0,0,534940,4229910,23.6
083096,Spadafora,0,0,1,535699,4228421,23.6
083096,Spadafora,0,0,2,536048,4226961,23.6
083096,Spadafora,0,0,3,535886,4226471,23.6
083096,Spadafora,0,0,4,535019,4225817,23.6
083096,Spadafora,0,0,5,534031,4226784,23.6
083096,Spadafora,0,0,6,533916,4227391,23.6
083096,Spadafora,0,0,7,532883,4229037,23.6
083096,Spadafora,0,0,8,532486,4230676,23.6
083096,Spadafora,0,0,9,534430,4231364,23.6
083096,Spadafora,0,0,10,534940,4229910,23.6
083097,Taormina,0,0,0,526382,4189241,34.2
083097,Taormina,0,0,1,526532,4189221,34.2
083097,Taormina,0,0,2,526479,4189149,34.2
083097,Taormina,0,0,3,526382,4189241,34.2
083097,Taormina,1,0,0,526759,4192062,34.2
083097,Taormina,1,0,1,526089,4190587,34.2
083097,Taormina,1,0,2,526119,4190268,34.2
083097,Taormina,1,0,3,526418,4190092,34.2
083097,Taormina,1,0,4,526558,4189528,34.2
083097,Taormina,1,0,5,525724,4188913,34.2
083097,Taormina,1,0,6,525176,4188950,34.2
083097,Taormina,1,0,7,524710,4188387,34.2
083097,Taormina,1,0,8,524510,4188646,34.2
083097,Taormina,1,0,9,524238,4188705,34.2
083097,Taormina,1,0,10,523682,4188588,34.2
083097,Taormina,1,0,11,523466,4187880,34.2
083097,Taormina,1,0,12,522938,4187013,34.2
083097,Taormina,1,0,13,521862,4185983,34.2
083097,Taormina,1,0,14,521706,4185593,34.2
083097,Taormina,1,0,15,520439,4187004,34.2
083097,Taormina,1,0,16,519998,4188297,34.2
083097,Taormina,1,0,17,519610,4188829,34.2
083097,Taormina,1,0,18,520646,4188658,34.2
083097,Taormina,1,0,19,520953,4188847,34.2
083097,Taormina,1,0,20,521890,4188418,34.2
083097,Taormina,1,0,21,522646,4188774,34.2
083097,Taormina,1,0,22,523604,4188958,34.2
083097,Taormina,1,0,23,524731,4190090,34.2
083097,Taormina,1,0,24,525245,4190922,34.2
083097,Taormina,1,0,25,525505,4191533,34.2
083097,Taormina,1,0,26,525502,4192156,34.2
083097,Taormina,1,0,27,526759,4192062,34.2
083098,Torregrotta,0,0,0,530950,4230036,24.6
083098,Torregrotta,0,0,1,531290,4227935,24.6
083098,Torregrotta,0,0,2,532038,4227207,24.6
083098,Torregrotta,0,0,3,531851,4227142,24.6
083098,Torregrotta,0,0,4,531755,4226648,24.6
083098,Torregrotta,0,0,5,531886,4226529,24.6
083098,Torregrotta,0,0,6,531277,4226298,24.6
083098,Torregrotta,0,0,7,531061,4226321,24.6
083098,Torregrotta,0,0,8,530738,4226663,24.6
083098,Torregrotta,0,0,9,529845,4229259,24.6
083098,Torregrotta,0,0,10,529857,4229819,24.6
083098,Torregrotta,0,0,11,530950,4230036,24.6
083099,Tortorici,0,0,0,486716,4212297,36.9
083099,Tortorici,0,0,1,488248,4210697,36.9
083099,Tortorici,0,0,2,488284,4210341,36.9
083099,Tortorici,0,0,3,487936,4209771,36.9
083099,Tortorici,0,0,4,487934,4209305,36.9
083099,Tortorici,0,0,5,488476,4208000,36.9
083099,Tortorici,0,0,6,489033,4207499,36.9
083099,Tortorici,0,0,7,489178,4207140,36.9
083099,Tortorici,0,0,8,488856,4206440,36.9
083099,Tortorici,0,0,9,488796,4205840,36.9
083099,Tortorici,0,0,10,489550,4204308,36.9
083099,Tortorici,0,0,11,489347,4203917,36.9
083099,Tortorici,0,0,12,489084,4203779,36.9
083099,Tortorici,0,0,13,488966,4203113,36.9
083099,Tortorici,0,0,14,489158,4202361,36.9
083099,Tortorici,0,0,15,488645,4200563,36.9
083099,Tortorici,0,0,16,488958,4199270,36.9
083099,Tortorici,0,0,17,489299,4198574,36.9
083099,Tortorici,0,0,18,489261,4198332,36.9
083099,Tortorici,0,0,19,487915,4197910,36.9
083099,Tortorici,0,0,20,487251,4198168,36.9
083099,Tortorici,0,0,21,486667,4199406,36.9
083099,Tortorici,0,0,22,486991,4200641,36.9
083099,Tortorici,0,0,23,486940,4200847,36.9
083099,Tortorici,0,0,24,486535,4201121,36.9
083099,Tortorici,0,0,25,485992,4201281,36.9
083099,Tortorici,0,0,26,485883,4200427,36.9
083099,Tortorici,0,0,27,484932,4198628,36.9
083099,Tortorici,0,0,28,484297,4198813,36.9
083099,Tortorici,0,0,29,483207,4199629,36.9
083099,Tortorici,0,0,30,482506,4200595,36.9
083099,Tortorici,0,0,31,481081,4200424,36.9
083099,Tortorici,0,0,32,481424,4201668,36.9
083099,Tortorici,0,0,33,482105,4201892,36.9
083099,Tortorici,0,0,34,482579,4202442,36.9
083099,Tortorici,0,0,35,483414,4202487,36.9
083099,Tortorici,0,0,36,484612,4202054,36.9
083099,Tortorici,0,0,37,484926,4202072,36.9
083099,Tortorici,0,0,38,485510,4202606,36.9
083099,Tortorici,0,0,39,485823,4203212,36.9
083099,Tortorici,0,0,40,485574,4203723,36.9
083099,Tortorici,0,0,41,484179,4205149,36.9
083099,Tortorici,0,0,42,483683,4206493,36.9
083099,Tortorici,0,0,43,483044,4207117,36.9
083099,Tortorici,0,0,44,482462,4208327,36.9
083099,Tortorici,0,0,45,482802,4209645,36.9
083099,Tortorici,0,0,46,482320,4211979,36.9
083099,Tortorici,0,0,47,483640,4212286,36.9
083099,Tortorici,0,0,48,484223,4211864,36.9
083099,Tortorici,0,0,49,485884,4211921,36.9
083099,Tortorici,0,0,50,486716,4212297,36.9
083100,Tripi - Abakainon,0,0,0,508511,4217538,31.3
083100,Tripi - Abakainon,0,0,1,508399,4216566,31.3
083100,Tripi - Abakainon,0,0,2,508004,4215530,31.3
083100,Tripi - Abakainon,0,0,3,508504,4214350,31.3
083100,Tripi - Abakainon,0,0,4,509343,4215254,31.3
083100,Tripi - Abakainon,0,0,5,510248,4215751,31.3
083100,Tripi - Abakainon,0,0,6,510698,4215634,31.3
083100,Tripi - Abakainon,0,0,7,510997,4214354,31.3
083100,Tripi - Abakainon,0,0,8,510871,4213190,31.3
083100,Tripi - Abakainon,0,0,9,510641,4212798,31.3
083100,Tripi - Abakainon,0,0,10,510163,4212648,31.3
083100,Tripi - Abakainon,0,0,11,509981,4212263,31.3
083100,Tripi - Abakainon,0,0,12,510809,4211306,31.3
083100,Tripi - Abakainon,0,0,13,510075,4210005,31.3
083100,Tripi - Abakainon,0,0,14,509786,4209913,31.3
083100,Tripi - Abakainon,0,0,15,509327,4209433,31.3
083100,Tripi - Abakainon,0,0,16,508347,4206750,31.3
083100,Tripi - Abakainon,0,0,17,507646,4206029,31.3
083100,Tripi - Abakainon,0,0,18,507806,4203496,31.3
083100,Tripi - Abakainon,0,0,19,506738,4203448,31.3
083100,Tripi - Abakainon,0,0,20,504908,4202310,31.3
083100,Tripi - Abakainon,0,0,21,504281,4203341,31.3
083100,Tripi - Abakainon,0,0,22,504493,4204138,31.3
083100,Tripi - Abakainon,0,0,23,504066,4207147,31.3
083100,Tripi - Abakainon,0,0,24,504112,4208041,31.3
083100,Tripi - Abakainon,0,0,25,503930,4209005,31.3
083100,Tripi - Abakainon,0,0,26,504077,4209659,31.3
083100,Tripi - Abakainon,0,0,27,504505,4210220,31.3
083100,Tripi - Abakainon,0,0,28,505664,4210941,31.3
083100,Tripi - Abakainon,0,0,29,506710,4211519,31.3
083100,Tripi - Abakainon,0,0,30,507139,4211539,31.3
083100,Tripi - Abakainon,0,0,31,507459,4212005,31.3
083100,Tripi - Abakainon,0,0,32,507786,4213013,31.3
083100,Tripi - Abakainon,0,0,33,507806,4213599,31.3
083100,Tripi - Abakainon,0,0,34,507445,4214661,31.3
083100,Tripi - Abakainon,0,0,35,507181,4214825,31.3
083100,Tripi - Abakainon,0,0,36,506293,4214026,31.3
083100,Tripi - Abakainon,0,0,37,505088,4214739,31.3
083100,Tripi - Abakainon,0,0,38,505043,4214929,31.3
083100,Tripi - Abakainon,0,0,39,506382,4216750,31.3
083100,Tripi - Abakainon,0,0,40,507406,4217505,31.3
083100,Tripi - Abakainon,0,0,41,508511,4217538,31.3
083101,Tusa,0,0,0,428328,4208278,25.1
083101,Tusa,0,0,1,434464,4207038,25.1
083101,Tusa,0,0,2,435939,4207473,25.1
083101,Tusa,0,0,3,435962,4207101,25.1
083101,Tusa,0,0,4,437018,4205403,25.1
083101,Tusa,0,0,5,436990,4205281,25.1
083101,Tusa,0,0,6,435990,4205046,25.1
083101,Tusa,0,0,7,436135,4204200,25.1
083101,Tusa,0,0,8,436545,4203416,25.1
083101,Tusa,0,0,9,437136,4201508,25.1
083101,Tusa,0,0,10,435075,4200525,25.1
083101,Tusa,0,0,11,434064,4200587,25.1
083101,Tusa,0,0,12,432936,4200342,25.1
083101,Tusa,0,0,13,432178,4200512,25.1
083101,Tusa,0,0,14,432032,4200642,25.1
083101,Tusa,0,0,15,432349,4201233,25.1
083101,Tusa,0,0,16,432246,4201474,25.1
083101,Tusa,0,0,17,431635,4202465,25.1
083101,Tusa,0,0,18,430887,4203027,25.1
083101,Tusa,0,0,19,430153,4205052,25.1
083101,Tusa,0,0,20,429149,4206432,25.1
083101,Tusa,0,0,21,428549,4207505,25.1
083101,Tusa,0,0,22,428328,4208278,25.1
083102,Ucria,0,0,0,489092,4213174,22.5
083102,Ucria,0,0,1,490310,4212314,22.5
083102,Ucria,0,0,2,491538,4210868,22.5
083102,Ucria,0,0,3,491748,4209005,22.5
083102,Ucria,0,0,4,491493,4206617,22.5
083102,Ucria,0,0,5,491646,4206334,22.5
083102,Ucria,0,0,6,492787,4205529,22.5
083102,Ucria,0,0,7,492833,4205328,22.5
083102,Ucria,0,0,8,491956,4204911,22.5
083102,Ucria,0,0,9,491757,4205103,22.5
083102,Ucria,0,0,10,491111,4205070,22.5
083102,Ucria,0,0,11,489550,4204308,22.5
083102,Ucria,0,0,12,488796,4205840,22.5
083102,Ucria,0,0,13,488856,4206440,22.5
083102,Ucria,0,0,14,489178,4207140,22.5
083102,Ucria,0,0,15,489033,4207499,22.5
083102,Ucria,0,0,16,488476,4208000,22.5
083102,Ucria,0,0,17,487934,4209305,22.5
083102,Ucria,0,0,18,487936,4209771,22.5
083102,Ucria,0,0,19,488284,4210341,22.5
083102,Ucria,0,0,20,488248,4210697,22.5
083102,Ucria,0,0,21,487559,4211268,22.5
083102,Ucria,0,0,22,486716,4212297,22.5
083102,Ucria,0,0,23,489092,4213174,22.5
083103,Valdina,0,0,0,531941,4229214,27.4
083103,Valdina,0,0,1,532445,4227717,27.4
083103,Valdina,0,0,2,532959,4227223,27.4
083103,Valdina,0,0,3,533004,4226938,27.4
083103,Valdina,0,0,4,532038,4227207,27.4
083103,Valdina,0,0,5,531347,4227848,27.4
083103,Valdina,0,0,6,530950,4230036,27.4
083103,Valdina,0,0,7,531229,4230131,27.4
083103,Valdina,0,0,8,531941,4229214,27.4
083104,Venetico,0,0,0,532486,4230676,24.5
083104,Venetico,0,0,1,533096,4228582,24.5
083104,Venetico,0,0,2,533963,4227287,24.5
083104,Venetico,0,0,3,533952,4226542,24.5
083104,Venetico,0,0,4,533611,4226263,24.5
083104,Venetico,0,0,5,533253,4226475,24.5
083104,Venetico,0,0,6,532959,4227223,24.5
083104,Venetico,0,0,7,532445,4227717,24.5
083104,Venetico,0,0,8,532075,4228533,24.5
083104,Venetico,0,0,9,531995,4229114,24.5
083104,Venetico,0,0,10,531229,4230131,24.5
083104,Venetico,0,0,11,532486,4230676,24.5
083105,Villafranca Tirrena,0,0,0,538841,4233504,26.1
083105,Villafranca Tirrena,0,0,1,540264,4231687,26.1
083105,Villafranca Tirrena,0,0,2,541022,4231411,26.1
083105,Villafranca Tirrena,0,0,3,542031,4230765,26.1
083105,Villafranca Tirrena,0,0,4,542164,4229647,26.1
083105,Villafranca Tirrena,0,0,5,542019,4229516,26.1
083105,Villafranca Tirrena,0,0,6,541734,4228040,26.1
083105,Villafranca Tirrena,0,0,7,542041,4227067,26.1
083105,Villafranca Tirrena,0,0,8,541953,4226808,26.1
083105,Villafranca Tirrena,0,0,9,541670,4226811,26.1
083105,Villafranca Tirrena,0,0,10,541300,4227130,26.1
083105,Villafranca Tirrena,0,0,11,540320,4228515,26.1
083105,Villafranca Tirrena,0,0,12,539508,4229358,26.1
083105,Villafranca Tirrena,0,0,13,538918,4230412,26.1
083105,Villafranca Tirrena,0,0,14,538713,4230581,26.1
083105,Villafranca Tirrena,0,0,15,538250,4230473,26.1
083105,Villafranca Tirrena,0,0,16,537676,4231274,26.1
083105,Villafranca Tirrena,0,0,17,537290,4232678,26.1
083105,Villafranca Tirrena,0,0,18,538841,4233504,26.1
083106,Terme Vigliatore,0,0,0,514951,4222661,33.9
083106,Terme Vigliatore,0,0,1,516230,4220507,33.9
083106,Terme Vigliatore,0,0,2,516375,4219715,33.9
083106,Terme Vigliatore,0,0,3,515852,4219580,33.9
083106,Terme Vigliatore,0,0,4,514106,4219729,33.9
083106,Terme Vigliatore,0,0,5,512521,4219379,33.9
083106,Terme Vigliatore,0,0,6,512179,4219049,33.9
083106,Terme Vigliatore,0,0,7,512194,4217793,33.9
083106,Terme Vigliatore,0,0,8,511640,4217678,33.9
083106,Terme Vigliatore,0,0,9,510891,4218663,33.9
083106,Terme Vigliatore,0,0,10,510880,4219515,33.9
083106,Terme Vigliatore,0,0,11,510460,4220307,33.9
083106,Terme Vigliatore,0,0,12,511726,4221172,33.9
083106,Terme Vigliatore,0,0,13,513119,4221627,33.9
083106,Terme Vigliatore,0,0,14,514951,4222661,33.9
083107,Acquedolci,0,0,0,466064,4212298,26.7
083107,Acquedolci,0,0,1,466029,4211194,26.7
083107,Acquedolci,0,0,2,466231,4210797,26.7
083107,Acquedolci,0,0,3,465552,4210491,26.7
083107,Acquedolci,0,0,4,465205,4210973,26.7
083107,Acquedolci,0,0,5,463463,4210569,26.7
083107,Acquedolci,0,0,6,463100,4209818,26.7
083107,Acquedolci,0,0,7,463617,4209226,26.7
083107,Acquedolci,0,0,8,463097,4209044,26.7
083107,Acquedolci,0,0,9,461241,4209526,26.7
083107,Acquedolci,0,0,10,461467,4210041,26.7
083107,Acquedolci,0,0,11,461268,4211232,26.7
083107,Acquedolci,0,0,12,460784,4212381,26.7
083107,Acquedolci,0,0,13,461029,4212545,26.7
083107,Acquedolci,0,0,14,463613,4212442,26.7
083107,Acquedolci,0,0,15,464600,4212854,26.7
083107,Acquedolci,0,0,16,465661,4213601,26.7
083107,Acquedolci,0,0,17,466064,4212298,26.7
083108,Torrenova,0,0,0,474932,4218556,36.3
083108,Torrenova,0,0,1,474255,4217914,36.3
083108,Torrenova,0,0,2,474190,4217292,36.3
083108,Torrenova,0,0,3,474662,4216775,36.3
083108,Torrenova,0,0,4,474549,4216286,36.3
083108,Torrenova,0,0,5,474006,4215608,36.3
083108,Torrenova,0,0,6,472621,4214784,36.3
083108,Torrenova,0,0,7,471652,4213252,36.3
083108,Torrenova,0,0,8,469769,4215520,36.3
083108,Torrenova,0,0,9,470506,4215817,36.3
083108,Torrenova,0,0,10,471798,4216902,36.3
083108,Torrenova,0,0,11,474163,4219750,36.3
083108,Torrenova,0,0,12,474932,4218556,36.3
084001,Agrigento,0,0,0,367972,4144788,26.9
084001,Agrigento,0,0,1,368598,4143089,26.9
084001,Agrigento,0,0,2,368135,4142112,26.9
084001,Agrigento,0,0,3,366923,4140923,26.9
084001,Agrigento,0,0,4,366571,4140756,26.9
084001,Agrigento,0,0,5,366600,4140259,26.9
084001,Agrigento,0,0,6,367432,4139515,26.9
084001,Agrigento,0,0,7,368360,4139568,26.9
084001,Agrigento,0,0,8,368778,4139270,26.9
084001,Agrigento,0,0,9,369239,4138364,26.9
084001,Agrigento,0,0,10,369946,4138110,26.9
084001,Agrigento,0,0,11,371837,4136819,26.9
084001,Agrigento,0,0,12,372142,4136210,26.9
084001,Agrigento,0,0,13,372044,4135569,26.9
084001,Agrigento,0,0,14,372252,4135270,26.9
084001,Agrigento,0,0,15,372401,4133769,26.9
084001,Agrigento,0,0,16,372669,4133571,26.9
084001,Agrigento,0,0,17,373344,4133801,26.9
084001,Agrigento,0,0,18,373376,4134506,26.9
084001,Agrigento,0,0,19,373738,4134708,26.9
084001,Agrigento,0,0,20,375597,4135100,26.9
084001,Agrigento,0,0,21,376383,4136118,26.9
084001,Agrigento,0,0,22,377275,4136736,26.9
084001,Agrigento,0,0,23,377600,4136584,26.9
084001,Agrigento,0,0,24,377693,4136355,26.9
084001,Agrigento,0,0,25,377655,4135920,26.9
084001,Agrigento,0,0,26,377336,4135707,26.9
084001,Agrigento,0,0,27,377398,4135045,26.9
084001,Agrigento,0,0,28,378689,4135594,26.9
084001,Agrigento,0,0,29,378756,4135463,26.9
084001,Agrigento,0,0,30,377269,4134818,26.9
084001,Agrigento,0,0,31,377156,4134300,26.9
084001,Agrigento,0,0,32,377582,4133928,26.9
084001,Agrigento,0,0,33,378026,4133146,26.9
084001,Agrigento,0,0,34,378564,4133204,26.9
084001,Agrigento,0,0,35,380139,4133995,26.9
084001,Agrigento,0,0,36,380785,4133797,26.9
084001,Agrigento,0,0,37,381172,4132775,26.9
084001,Agrigento,0,0,38,380633,4131782,26.9
084001,Agrigento,0,0,39,379551,4131512,26.9
084001,Agrigento,0,0,40,379177,4131244,26.9
084001,Agrigento,0,0,41,379294,4130722,26.9
084001,Agrigento,0,0,42,378395,4129602,26.9
084001,Agrigento,0,0,43,378848,4129079,26.9
084001,Agrigento,0,0,44,379366,4128976,26.9
084001,Agrigento,0,0,45,379611,4128681,26.9
084001,Agrigento,0,0,46,379775,4128066,26.9
084001,Agrigento,0,0,47,379433,4126403,26.9
084001,Agrigento,0,0,48,379616,4125904,26.9
084001,Agrigento,0,0,49,380069,4125641,26.9
084001,Agrigento,0,0,50,381293,4125383,26.9
084001,Agrigento,0,0,51,381952,4124675,26.9
084001,Agrigento,0,0,52,381613,4123866,26.9
084001,Agrigento,0,0,53,381172,4123597,26.9
084001,Agrigento,0,0,54,379664,4123173,26.9
084001,Agrigento,0,0,55,379562,4122735,26.9
084001,Agrigento,0,0,56,379936,4122418,26.9
084001,Agrigento,0,0,57,380711,4122259,26.9
084001,Agrigento,0,0,58,381200,4122546,26.9
084001,Agrigento,0,0,59,382566,4122445,26.9
084001,Agrigento,0,0,60,383737,4122734,26.9
084001,Agrigento,0,0,61,383928,4122949,26.9
084001,Agrigento,0,0,62,383294,4123889,26.9
084001,Agrigento,0,0,63,383301,4124732,26.9
084001,Agrigento,0,0,64,384252,4124568,26.9
084001,Agrigento,0,0,65,385705,4125752,26.9
084001,Agrigento,0,0,66,386008,4125798,26.9
084001,Agrigento,0,0,67,386244,4123938,26.9
084001,Agrigento,0,0,68,387506,4123817,26.9
084001,Agrigento,0,0,69,388108,4123526,26.9
084001,Agrigento,0,0,70,388720,4123096,26.9
084001,Agrigento,0,0,71,389021,4122516,26.9
084001,Agrigento,0,0,72,388879,4122130,26.9
084001,Agrigento,0,0,73,387875,4121777,26.9
084001,Agrigento,0,0,74,388036,4121290,26.9
084001,Agrigento,0,0,75,388051,4120318,26.9
084001,Agrigento,0,0,76,387622,4118947,26.9
084001,Agrigento,0,0,77,387683,4118571,26.9
084001,Agrigento,0,0,78,388118,4117884,26.9
084001,Agrigento,0,0,79,385787,4117887,26.9
084001,Agrigento,0,0,80,384905,4118347,26.9
084001,Agrigento,0,0,81,383252,4119591,26.9
084001,Agrigento,0,0,82,383061,4119047,26.9
084001,Agrigento,0,0,83,381922,4118436,26.9
084001,Agrigento,0,0,84,381573,4117890,26.9
084001,Agrigento,0,0,85,381377,4117162,26.9
084001,Agrigento,0,0,86,381216,4117229,26.9
084001,Agrigento,0,0,87,381145,4118103,26.9
084001,Agrigento,0,0,88,380740,4119194,26.9
084001,Agrigento,0,0,89,379253,4121232,26.9
084001,Agrigento,0,0,90,378305,4121846,26.9
084001,Agrigento,0,0,91,377789,4121769,26.9
084001,Agrigento,0,0,92,375465,4124326,26.9
084001,Agrigento,0,0,93,374846,4124655,26.9
084001,Agrigento,0,0,94,373796,4124767,26.9
084001,Agrigento,0,0,95,373774,4125580,26.9
084001,Agrigento,0,0,96,372994,4126587,26.9
084001,Agrigento,0,0,97,372157,4127380,26.9
084001,Agrigento,0,0,98,371531,4127691,26.9
084001,Agrigento,0,0,99,371580,4128036,26.9
084001,Agrigento,0,0,100,371181,4128754,26.9
084001,Agrigento,0,0,101,370932,4129969,26.9
084001,Agrigento,0,0,102,370308,4130181,26.9
084001,Agrigento,0,0,103,368964,4130095,26.9
084001,Agrigento,0,0,104,368817,4130242,26.9
084001,Agrigento,0,0,105,368742,4130642,26.9
084001,Agrigento,0,0,106,368928,4130905,26.9
084001,Agrigento,0,0,107,369780,4130908,26.9
084001,Agrigento,0,0,108,369954,4131120,26.9
084001,Agrigento,0,0,109,370177,4131482,26.9
084001,Agrigento,0,0,110,369875,4131791,26.9
084001,Agrigento,0,0,111,369121,4132190,26.9
084001,Agrigento,0,0,112,368441,4132261,26.9
084001,Agrigento,0,0,113,366527,4132994,26.9
084001,Agrigento,0,0,114,365807,4133530,26.9
084001,Agrigento,0,0,115,364278,4133414,26.9
084001,Agrigento,0,0,116,363674,4132419,26.9
084001,Agrigento,0,0,117,361914,4133974,26.9
084001,Agrigento,0,0,118,361185,4134314,26.9
084001,Agrigento,0,0,119,361111,4134770,26.9
084001,Agrigento,0,0,120,361361,4134813,26.9
084001,Agrigento,0,0,121,360978,4136963,26.9
084001,Agrigento,0,0,122,361060,4137266,26.9
084001,Agrigento,0,0,123,361285,4137049,26.9
084001,Agrigento,0,0,124,361704,4137067,26.9
084001,Agrigento,0,0,125,361646,4137706,26.9
084001,Agrigento,0,0,126,359636,4139185,26.9
084001,Agrigento,0,0,127,359137,4138686,26.9
084001,Agrigento,0,0,128,358791,4138879,26.9
084001,Agrigento,0,0,129,358237,4140046,26.9
084001,Agrigento,0,0,130,358125,4141013,26.9
084001,Agrigento,0,0,131,358277,4141310,26.9
084001,Agrigento,0,0,132,358873,4141704,26.9
084001,Agrigento,0,0,133,359741,4141837,26.9
084001,Agrigento,0,0,134,360848,4143490,26.9
084001,Agrigento,0,0,135,361215,4143731,26.9
084001,Agrigento,0,0,136,362517,4143853,26.9
084001,Agrigento,0,0,137,362621,4143563,26.9
084001,Agrigento,0,0,138,363271,4143198,26.9
084001,Agrigento,0,0,139,364126,4143333,26.9
084001,Agrigento,0,0,140,366010,4144349,26.9
084001,Agrigento,0,0,141,366408,4144226,26.9
084001,Agrigento,0,0,142,367154,4144704,26.9
084001,Agrigento,0,0,143,367645,4144826,26.9
084001,Agrigento,0,0,144,367972,4144788,26.9
084002,Alessandria della Rocca,0,0,0,364298,4162757,19.8
084002,Alessandria della Rocca,0,0,1,364673,4162253,19.8
084002,Alessandria della Rocca,0,0,2,364506,4161581,19.8
084002,Alessandria della Rocca,0,0,3,364764,4160737,19.8
084002,Alessandria della Rocca,0,0,4,364873,4160590,19.8
084002,Alessandria della Rocca,0,0,5,365991,4160354,19.8
084002,Alessandria della Rocca,0,0,6,366323,4159574,19.8
084002,Alessandria della Rocca,0,0,7,366700,4159273,19.8
084002,Alessandria della Rocca,0,0,8,366748,4158665,19.8
084002,Alessandria della Rocca,0,0,9,366454,4158466,19.8
084002,Alessandria della Rocca,0,0,10,366660,4157773,19.8
084002,Alessandria della Rocca,0,0,11,368271,4156383,19.8
084002,Alessandria della Rocca,0,0,12,368614,4155691,19.8
084002,Alessandria della Rocca,0,0,13,368461,4155076,19.8
084002,Alessandria della Rocca,0,0,14,368047,4154442,19.8
084002,Alessandria della Rocca,0,0,15,367986,4153454,19.8
084002,Alessandria della Rocca,0,0,16,367462,4151888,19.8
084002,Alessandria della Rocca,0,0,17,366964,4151306,19.8
084002,Alessandria della Rocca,0,0,18,365853,4151022,19.8
084002,Alessandria della Rocca,0,0,19,365763,4150725,19.8
084002,Alessandria della Rocca,0,0,20,365569,4150762,19.8
084002,Alessandria della Rocca,0,0,21,365374,4150545,19.8
084002,Alessandria della Rocca,0,0,22,365119,4149976,19.8
084002,Alessandria della Rocca,0,0,23,363954,4149631,19.8
084002,Alessandria della Rocca,0,0,24,363576,4150437,19.8
084002,Alessandria della Rocca,0,0,25,362905,4150284,19.8
084002,Alessandria della Rocca,0,0,26,362854,4150390,19.8
084002,Alessandria della Rocca,0,0,27,363395,4152630,19.8
084002,Alessandria della Rocca,0,0,28,363292,4154482,19.8
084002,Alessandria della Rocca,0,0,29,362876,4155134,19.8
084002,Alessandria della Rocca,0,0,30,362135,4155229,19.8
084002,Alessandria della Rocca,0,0,31,361664,4155481,19.8
084002,Alessandria della Rocca,0,0,32,361280,4156447,19.8
084002,Alessandria della Rocca,0,0,33,361279,4157379,19.8
084002,Alessandria della Rocca,0,0,34,359349,4159772,19.8
084002,Alessandria della Rocca,0,0,35,361142,4161080,19.8
084002,Alessandria della Rocca,0,0,36,361966,4162276,19.8
084002,Alessandria della Rocca,0,0,37,362444,4162038,19.8
084002,Alessandria della Rocca,0,0,38,363553,4162764,19.8
084002,Alessandria della Rocca,0,0,39,364298,4162757,19.8
084003,Aragona,0,0,0,377391,4149824,23.3
084003,Aragona,0,0,1,378510,4149205,23.3
084003,Aragona,0,0,2,378901,4148354,23.3
084003,Aragona,0,0,3,379551,4148469,23.3
084003,Aragona,0,0,4,379506,4148873,23.3
084003,Aragona,0,0,5,380497,4148587,23.3
084003,Aragona,0,0,6,380897,4148808,23.3
084003,Aragona,0,0,7,381197,4148627,23.3
084003,Aragona,0,0,8,381121,4147562,23.3
084003,Aragona,0,0,9,380662,4146888,23.3
084003,Aragona,0,0,10,381037,4146047,23.3
084003,Aragona,0,0,11,380862,4145549,23.3
084003,Aragona,0,0,12,380382,4144735,23.3
084003,Aragona,0,0,13,380151,4143671,23.3
084003,Aragona,0,0,14,379506,4142418,23.3
084003,Aragona,0,0,15,378230,4140489,23.3
084003,Aragona,0,0,16,378634,4140244,23.3
084003,Aragona,0,0,17,379333,4140754,23.3
084003,Aragona,0,0,18,381346,4139970,23.3
084003,Aragona,0,0,19,381650,4139078,23.3
084003,Aragona,0,0,20,381550,4138944,23.3
084003,Aragona,0,0,21,379967,4139163,23.3
084003,Aragona,0,0,22,379592,4138535,23.3
084003,Aragona,0,0,23,379917,4137543,23.3
084003,Aragona,0,0,24,378689,4135594,23.3
084003,Aragona,0,0,25,377398,4135045,23.3
084003,Aragona,0,0,26,377336,4135707,23.3
084003,Aragona,0,0,27,377655,4135920,23.3
084003,Aragona,0,0,28,377686,4136439,23.3
084003,Aragona,0,0,29,377327,4136727,23.3
084003,Aragona,0,0,30,377061,4136703,23.3
084003,Aragona,0,0,31,376383,4136118,23.3
084003,Aragona,0,0,32,375597,4135100,23.3
084003,Aragona,0,0,33,374334,4134870,23.3
084003,Aragona,0,0,34,375222,4137157,23.3
084003,Aragona,0,0,35,375244,4137859,23.3
084003,Aragona,0,0,36,374166,4138656,23.3
084003,Aragona,0,0,37,373774,4139151,23.3
084003,Aragona,0,0,38,373669,4139563,23.3
084003,Aragona,0,0,39,373916,4139717,23.3
084003,Aragona,0,0,40,373944,4140006,23.3
084003,Aragona,0,0,41,373379,4142327,23.3
084003,Aragona,0,0,42,374124,4143186,23.3
084003,Aragona,0,0,43,374155,4143420,23.3
084003,Aragona,0,0,44,373005,4144057,23.3
084003,Aragona,0,0,45,373034,4144658,23.3
084003,Aragona,0,0,46,374070,4146362,23.3
084003,Aragona,0,0,47,374109,4147280,23.3
084003,Aragona,0,0,48,373994,4147489,23.3
084003,Aragona,0,0,49,374189,4147549,23.3
084003,Aragona,0,0,50,375505,4147065,23.3
084003,Aragona,0,0,51,375451,4146218,23.3
084003,Aragona,0,0,52,375068,4145660,23.3
084003,Aragona,0,0,53,375239,4144265,23.3
084003,Aragona,0,0,54,375756,4144139,23.3
084003,Aragona,0,0,55,376276,4144464,23.3
084003,Aragona,0,0,56,376379,4144883,23.3
084003,Aragona,0,0,57,376219,4146395,23.3
084003,Aragona,0,0,58,376410,4146852,23.3
084003,Aragona,0,0,59,376257,4147668,23.3
084003,Aragona,0,0,60,376436,4148437,23.3
084003,Aragona,0,0,61,377017,4149583,23.3
084003,Aragona,0,0,62,377391,4149824,23.3
084004,Bivona,0,0,0,363829,4169283,21.3
084004,Bivona,0,0,1,364227,4168796,21.3
084004,Bivona,0,0,2,364487,4167468,21.3
084004,Bivona,0,0,3,363547,4164294,21.3
084004,Bivona,0,0,4,364199,4164272,21.3
084004,Bivona,0,0,5,364411,4162624,21.3
084004,Bivona,0,0,6,363808,4162845,21.3
084004,Bivona,0,0,7,362444,4162038,21.3
084004,Bivona,0,0,8,361966,4162276,21.3
084004,Bivona,0,0,9,361142,4161080,21.3
084004,Bivona,0,0,10,359390,4159850,21.3
084004,Bivona,0,0,11,359672,4159267,21.3
084004,Bivona,0,0,12,361298,4157343,21.3
084004,Bivona,0,0,13,360951,4157064,21.3
084004,Bivona,0,0,14,360627,4156033,21.3
084004,Bivona,0,0,15,360073,4155365,21.3
084004,Bivona,0,0,16,359770,4153892,21.3
084004,Bivona,0,0,17,358788,4153365,21.3
084004,Bivona,0,0,18,358964,4152893,21.3
084004,Bivona,0,0,19,359754,4152418,21.3
084004,Bivona,0,0,20,360069,4151510,21.3
084004,Bivona,0,0,21,357614,4150269,21.3
084004,Bivona,0,0,22,357212,4150254,21.3
084004,Bivona,0,0,23,356487,4149598,21.3
084004,Bivona,0,0,24,356179,4149913,21.3
084004,Bivona,0,0,25,356415,4150967,21.3
084004,Bivona,0,0,26,356293,4152023,21.3
084004,Bivona,0,0,27,355432,4152167,21.3
084004,Bivona,0,0,28,355285,4151990,21.3
084004,Bivona,0,0,29,353417,4152046,21.3
084004,Bivona,0,0,30,353103,4152229,21.3
084004,Bivona,0,0,31,352977,4153238,21.3
084004,Bivona,0,0,32,354089,4154052,21.3
084004,Bivona,0,0,33,355013,4156267,21.3
084004,Bivona,0,0,34,355769,4156736,21.3
084004,Bivona,0,0,35,358283,4157700,21.3
084004,Bivona,0,0,36,358722,4158036,21.3
084004,Bivona,0,0,37,359062,4159376,21.3
084004,Bivona,0,0,38,358022,4159630,21.3
084004,Bivona,0,0,39,357211,4161592,21.3
084004,Bivona,0,0,40,357107,4162732,21.3
084004,Bivona,0,0,41,357598,4163984,21.3
084004,Bivona,0,0,42,358076,4164506,21.3
084004,Bivona,0,0,43,358636,4164432,21.3
084004,Bivona,0,0,44,358875,4164616,21.3
084004,Bivona,0,0,45,358434,4165563,21.3
084004,Bivona,0,0,46,357774,4166419,21.3
084004,Bivona,0,0,47,357576,4168211,21.3
084004,Bivona,0,0,48,357406,4168520,21.3
084004,Bivona,0,0,49,358506,4169246,21.3
084004,Bivona,0,0,50,359291,4169264,21.3
084004,Bivona,0,0,51,359676,4169135,21.3
084004,Bivona,0,0,52,360423,4168506,21.3
084004,Bivona,0,0,53,360745,4167839,21.3
084004,Bivona,0,0,54,361166,4167393,21.3
084004,Bivona,0,0,55,363006,4169102,21.3
084004,Bivona,0,0,56,363829,4169283,21.3
084005,Burgio,0,0,0,352509,4169675,22.5
084005,Burgio,0,0,1,354311,4168964,22.5
084005,Burgio,0,0,2,354506,4168119,22.5
084005,Burgio,0,0,3,354232,4167664,22.5
084005,Burgio,0,0,4,351741,4165616,22.5
084005,Burgio,0,0,5,352160,4165427,22.5
084005,Burgio,0,0,6,352438,4165074,22.5
084005,Burgio,0,0,7,352943,4163707,22.5
084005,Burgio,0,0,8,352713,4162668,22.5
084005,Burgio,0,0,9,351736,4161439,22.5
084005,Burgio,0,0,10,351312,4161425,22.5
084005,Burgio,0,0,11,350240,4162143,22.5
084005,Burgio,0,0,12,348838,4162158,22.5
084005,Burgio,0,0,13,346289,4161071,22.5
084005,Burgio,0,0,14,346420,4162095,22.5
084005,Burgio,0,0,15,345634,4162539,22.5
084005,Burgio,0,0,16,345652,4163717,22.5
084005,Burgio,0,0,17,346120,4165254,22.5
084005,Burgio,0,0,18,347272,4167466,22.5
084005,Burgio,0,0,19,348007,4168044,22.5
084005,Burgio,0,0,20,349130,4167542,22.5
084005,Burgio,0,0,21,349310,4167312,22.5
084005,Burgio,0,0,22,350227,4167221,22.5
084005,Burgio,0,0,23,351408,4167746,22.5
084005,Burgio,0,0,24,351939,4168286,22.5
084005,Burgio,0,0,25,352509,4169675,22.5
084006,Calamonaci,0,0,0,351642,4158508,24.5
084006,Calamonaci,0,0,1,352165,4157369,24.5
084006,Calamonaci,0,0,2,352236,4156795,24.5
084006,Calamonaci,0,0,3,351803,4156336,24.5
084006,Calamonaci,0,0,4,351901,4155104,24.5
084006,Calamonaci,0,0,5,353014,4154707,24.5
084006,Calamonaci,0,0,6,353633,4154712,24.5
084006,Calamonaci,0,0,7,353951,4154134,24.5
084006,Calamonaci,0,0,8,352977,4153238,24.5
084006,Calamonaci,0,0,9,353103,4152229,24.5
084006,Calamonaci,0,0,10,353417,4152046,24.5
084006,Calamonaci,0,0,11,355285,4151990,24.5
084006,Calamonaci,0,0,12,355432,4152167,24.5
084006,Calamonaci,0,0,13,356293,4152023,24.5
084006,Calamonaci,0,0,14,356415,4150967,24.5
084006,Calamonaci,0,0,15,356179,4149913,24.5
084006,Calamonaci,0,0,16,355140,4149806,24.5
084006,Calamonaci,0,0,17,354159,4149998,24.5
084006,Calamonaci,0,0,18,352731,4149393,24.5
084006,Calamonaci,0,0,19,351641,4150409,24.5
084006,Calamonaci,0,0,20,350832,4150570,24.5
084006,Calamonaci,0,0,21,350804,4151405,24.5
084006,Calamonaci,0,0,22,351601,4152407,24.5
084006,Calamonaci,0,0,23,351460,4152694,24.5
084006,Calamonaci,0,0,24,349764,4153730,24.5
084006,Calamonaci,0,0,25,348989,4153757,24.5
084006,Calamonaci,0,0,26,348553,4154327,24.5
084006,Calamonaci,0,0,27,347850,4154849,24.5
084006,Calamonaci,0,0,28,347007,4155230,24.5
084006,Calamonaci,0,0,29,346585,4155222,24.5
084006,Calamonaci,0,0,30,346872,4155689,24.5
084006,Calamonaci,0,0,31,347155,4155498,24.5
084006,Calamonaci,0,0,32,347792,4155666,24.5
084006,Calamonaci,0,0,33,348179,4156267,24.5
084006,Calamonaci,0,0,34,349530,4156912,24.5
084006,Calamonaci,0,0,35,350039,4157819,24.5
084006,Calamonaci,0,0,36,350073,4158442,24.5
084006,Calamonaci,0,0,37,350813,4158700,24.5
084006,Calamonaci,0,0,38,351642,4158508,24.5
084007,Caltabellotta,0,0,0,340095,4168708,19.1
084007,Caltabellotta,0,0,1,342007,4168104,19.1
084007,Caltabellotta,0,0,2,342630,4167046,19.1
084007,Caltabellotta,0,0,3,343466,4166299,19.1
084007,Caltabellotta,0,0,4,345232,4165212,19.1
084007,Caltabellotta,0,0,5,345414,4164463,19.1
084007,Caltabellotta,0,0,6,345536,4164224,19.1
084007,Caltabellotta,0,0,7,345741,4164179,19.1
084007,Caltabellotta,0,0,8,345590,4162653,19.1
084007,Caltabellotta,0,0,9,345704,4162422,19.1
084007,Caltabellotta,0,0,10,346420,4162095,19.1
084007,Caltabellotta,0,0,11,346289,4161071,19.1
084007,Caltabellotta,0,0,12,346602,4159782,19.1
084007,Caltabellotta,0,0,13,346463,4158400,19.1
084007,Caltabellotta,0,0,14,346837,4157473,19.1
084007,Caltabellotta,0,0,15,347042,4156314,19.1
084007,Caltabellotta,0,0,16,346872,4155689,19.1
084007,Caltabellotta,0,0,17,346048,4154682,19.1
084007,Caltabellotta,0,0,18,345607,4153859,19.1
084007,Caltabellotta,0,0,19,344926,4153127,19.1
084007,Caltabellotta,0,0,20,344649,4153024,19.1
084007,Caltabellotta,0,0,21,344286,4151799,19.1
084007,Caltabellotta,0,0,22,343299,4150599,19.1
084007,Caltabellotta,0,0,23,342659,4150092,19.1
084007,Caltabellotta,0,0,24,342573,4150650,19.1
084007,Caltabellotta,0,0,25,343107,4154404,19.1
084007,Caltabellotta,0,0,26,343007,4155041,19.1
084007,Caltabellotta,0,0,27,340924,4155711,19.1
084007,Caltabellotta,0,0,28,340136,4156150,19.1
084007,Caltabellotta,0,0,29,340153,4156687,19.1
084007,Caltabellotta,0,0,30,340404,4157179,19.1
084007,Caltabellotta,0,0,31,339187,4157570,19.1
084007,Caltabellotta,0,0,32,338595,4158045,19.1
084007,Caltabellotta,0,0,33,338235,4159001,19.1
084007,Caltabellotta,0,0,34,338146,4160157,19.1
084007,Caltabellotta,0,0,35,337898,4160640,19.1
084007,Caltabellotta,0,0,36,337231,4160529,19.1
084007,Caltabellotta,0,0,37,332913,4160983,19.1
084007,Caltabellotta,0,0,38,332330,4161226,19.1
084007,Caltabellotta,0,0,39,332224,4161837,19.1
084007,Caltabellotta,0,0,40,332852,4162550,19.1
084007,Caltabellotta,0,0,41,333007,4163544,19.1
084007,Caltabellotta,0,0,42,333456,4164614,19.1
084007,Caltabellotta,0,0,43,334381,4164833,19.1
084007,Caltabellotta,0,0,44,334737,4165154,19.1
084007,Caltabellotta,0,0,45,336353,4165928,19.1
084007,Caltabellotta,0,0,46,337338,4165861,19.1
084007,Caltabellotta,0,0,47,339644,4166763,19.1
084007,Caltabellotta,0,0,48,339519,4167087,19.1
084007,Caltabellotta,0,0,49,338440,4168084,19.1
084007,Caltabellotta,0,0,50,339283,4168694,19.1
084007,Caltabellotta,0,0,51,340095,4168708,19.1
084008,Camastra,0,0,0,395550,4126319,20.6
084008,Camastra,0,0,1,396033,4125914,20.6
084008,Camastra,0,0,2,395968,4125026,20.6
084008,Camastra,0,0,3,395560,4124402,20.6
084008,Camastra,0,0,4,394831,4123898,20.6
084008,Camastra,0,0,5,394784,4123721,20.6
084008,Camastra,0,0,6,395201,4122972,20.6
084008,Camastra,0,0,7,395359,4122294,20.6
084008,Camastra,0,0,8,394964,4121593,20.6
084008,Camastra,0,0,9,395420,4120694,20.6
084008,Camastra,0,0,10,394576,4119819,20.6
084008,Camastra,0,0,11,394512,4119118,20.6
084008,Camastra,0,0,12,394115,4119875,20.6
084008,Camastra,0,0,13,393272,4119998,20.6
084008,Camastra,0,0,14,392911,4120695,20.6
084008,Camastra,0,0,15,392911,4120932,20.6
084008,Camastra,0,0,16,393246,4121389,20.6
084008,Camastra,0,0,17,392800,4122748,20.6
084008,Camastra,0,0,18,392227,4123269,20.6
084008,Camastra,0,0,19,392328,4124006,20.6
084008,Camastra,0,0,20,392566,4124943,20.6
084008,Camastra,0,0,21,394332,4126735,20.6
084008,Camastra,0,0,22,395550,4126319,20.6
084009,Cammarata,0,0,0,384996,4172762,22.7
084009,Cammarata,0,0,1,386304,4171886,22.7
084009,Cammarata,0,0,2,387433,4171593,22.7
084009,Cammarata,0,0,3,388038,4171642,22.7
084009,Cammarata,0,0,4,388241,4171392,22.7
084009,Cammarata,0,0,5,389785,4171026,22.7
084009,Cammarata,0,0,6,390871,4170966,22.7
084009,Cammarata,0,0,7,391605,4171346,22.7
084009,Cammarata,0,0,8,392842,4171428,22.7
084009,Cammarata,0,0,9,393257,4171914,22.7
084009,Cammarata,0,0,10,394160,4171910,22.7
084009,Cammarata,0,0,11,394543,4171538,22.7
084009,Cammarata,0,0,12,394621,4170994,22.7
084009,Cammarata,0,0,13,395006,4170532,22.7
084009,Cammarata,0,0,14,395643,4170643,22.7
084009,Cammarata,0,0,15,396176,4170495,22.7
084009,Cammarata,0,0,16,396358,4169493,22.7
084009,Cammarata,0,0,17,396191,4168788,22.7
084009,Cammarata,0,0,18,396014,4168187,22.7
084009,Cammarata,0,0,19,395565,4167684,22.7
084009,Cammarata,0,0,20,395108,4166716,22.7
084009,Cammarata,0,0,21,396727,4165291,22.7
084009,Cammarata,0,0,22,396886,4164776,22.7
084009,Cammarata,0,0,23,396825,4164141,22.7
084009,Cammarata,0,0,24,396139,4163773,22.7
084009,Cammarata,0,0,25,393097,4164734,22.7
084009,Cammarata,0,0,26,392373,4163859,22.7
084009,Cammarata,0,0,27,392300,4163192,22.7
084009,Cammarata,0,0,28,392041,4162903,22.7
084009,Cammarata,0,0,29,391522,4162923,22.7
084009,Cammarata,0,0,30,391154,4163238,22.7
084009,Cammarata,0,0,31,390758,4162909,22.7
084009,Cammarata,0,0,32,391012,4162072,22.7
084009,Cammarata,0,0,33,390951,4161807,22.7
084009,Cammarata,0,0,34,390002,4161240,22.7
084009,Cammarata,0,0,35,389051,4161308,22.7
084009,Cammarata,0,0,36,387851,4160941,22.7
084009,Cammarata,0,0,37,386984,4160476,22.7
084009,Cammarata,0,0,38,385930,4160331,22.7
084009,Cammarata,0,0,39,384824,4160509,22.7
084009,Cammarata,0,0,40,384317,4160742,22.7
084009,Cammarata,0,0,41,383506,4160784,22.7
084009,Cammarata,0,0,42,382747,4160106,22.7
084009,Cammarata,0,0,43,382412,4159408,22.7
084009,Cammarata,0,0,44,382539,4159050,22.7
084009,Cammarata,0,0,45,383161,4158662,22.7
084009,Cammarata,0,0,46,382384,4158505,22.7
084009,Cammarata,0,0,47,381172,4158606,22.7
084009,Cammarata,0,0,48,380182,4159261,22.7
084009,Cammarata,0,0,49,379650,4159430,22.7
084009,Cammarata,0,0,50,379370,4159415,22.7
084009,Cammarata,0,0,51,378440,4158691,22.7
084009,Cammarata,0,0,52,377919,4158548,22.7
084009,Cammarata,0,0,53,376128,4158583,22.7
084009,Cammarata,0,0,54,375369,4158734,22.7
084009,Cammarata,0,0,55,374779,4159030,22.7
084009,Cammarata,0,0,56,374613,4159287,22.7
084009,Cammarata,0,0,57,374278,4159234,22.7
084009,Cammarata,0,0,58,374097,4159838,22.7
084009,Cammarata,0,0,59,374211,4161131,22.7
084009,Cammarata,0,0,60,373982,4161875,22.7
084009,Cammarata,0,0,61,373749,4162056,22.7
084009,Cammarata,0,0,62,373305,4162094,22.7
084009,Cammarata,0,0,63,371872,4163155,22.7
084009,Cammarata,0,0,64,371700,4163645,22.7
084009,Cammarata,0,0,65,371869,4164268,22.7
084009,Cammarata,0,0,66,372970,4165844,22.7
084009,Cammarata,0,0,67,374634,4166857,22.7
084009,Cammarata,0,0,68,375303,4167591,22.7
084009,Cammarata,0,0,69,375404,4167976,22.7
084009,Cammarata,0,0,70,376639,4168560,22.7
084009,Cammarata,0,0,71,381031,4168769,22.7
084009,Cammarata,0,0,72,382643,4170016,22.7
084009,Cammarata,0,0,73,383096,4171375,22.7
084009,Cammarata,0,0,74,382923,4172113,22.7
084009,Cammarata,0,0,75,383725,4172552,22.7
084009,Cammarata,0,0,76,384996,4172762,22.7
084009,Cammarata,0,1,0,383961,4167621,22.7
084009,Cammarata,0,1,1,383068,4167210,22.7
084009,Cammarata,0,1,2,382106,4166385,22.7
084009,Cammarata,0,1,3,380421,4166136,22.7
084009,Cammarata,0,1,4,378606,4164886,22.7
084009,Cammarata,0,1,5,377342,4164552,22.7
084009,Cammarata,0,1,6,376873,4162990,22.7
084009,Cammarata,0,1,7,377711,4162283,22.7
084009,Cammarata,0,1,8,378226,4161274,22.7
084009,Cammarata,0,1,9,379197,4161309,22.7
084009,Cammarata,0,1,10,381104,4161853,22.7
084009,Cammarata,0,1,11,382376,4163270,22.7
084009,Cammarata,0,1,12,384026,4164090,22.7
084009,Cammarata,0,1,13,384533,4165118,22.7
084009,Cammarata,0,1,14,384549,4166006,22.7
084009,Cammarata,0,1,15,384132,4167437,22.7
084009,Cammarata,0,1,16,383961,4167621,22.7
084010,Campobello di Licata,0,0,0,406263,4127950,17.9
084010,Campobello di Licata,0,0,1,407471,4126952,17.9
084010,Campobello di Licata,0,0,2,407848,4126898,17.9
084010,Campobello di Licata,0,0,3,408354,4127101,17.9
084010,Campobello di Licata,0,0,4,408403,4126741,17.9
084010,Campobello di Licata,0,0,5,408300,4126154,17.9
084010,Campobello di Licata,0,0,6,407970,4126451,17.9
084010,Campobello di Licata,0,0,7,407603,4126526,17.9
084010,Campobello di Licata,0,0,8,406565,4126401,17.9
084010,Campobello di Licata,0,0,9,405890,4125922,17.9
084010,Campobello di Licata,0,0,10,405993,4125755,17.9
084010,Campobello di Licata,0,0,11,406328,4125442,17.9
084010,Campobello di Licata,0,0,12,407355,4125377,17.9
084010,Campobello di Licata,0,0,13,407484,4125154,17.9
084010,Campobello di Licata,0,0,14,407344,4124085,17.9
084010,Campobello di Licata,0,0,15,407569,4123890,17.9
084010,Campobello di Licata,0,0,16,407923,4123926,17.9
084010,Campobello di Licata,0,0,17,408345,4124267,17.9
084010,Campobello di Licata,0,0,18,409027,4123993,17.9
084010,Campobello di Licata,0,0,19,409092,4123702,17.9
084010,Campobello di Licata,0,0,20,408590,4122414,17.9
084010,Campobello di Licata,0,0,21,407536,4122052,17.9
084010,Campobello di Licata,0,0,22,407135,4121399,17.9
084010,Campobello di Licata,0,0,23,406935,4120406,17.9
084010,Campobello di Licata,0,0,24,407115,4120009,17.9
084010,Campobello di Licata,0,0,25,406947,4118782,17.9
084010,Campobello di Licata,0,0,26,407444,4118454,17.9
084010,Campobello di Licata,0,0,27,407973,4118405,17.9
084010,Campobello di Licata,0,0,28,408626,4117909,17.9
084010,Campobello di Licata,0,0,29,408680,4117363,17.9
084010,Campobello di Licata,0,0,30,409112,4116419,17.9
084010,Campobello di Licata,0,0,31,408755,4116274,17.9
084010,Campobello di Licata,0,0,32,409157,4115427,17.9
084010,Campobello di Licata,0,0,33,409022,4115089,17.9
084010,Campobello di Licata,0,0,34,408300,4114901,17.9
084010,Campobello di Licata,0,0,35,407437,4113869,17.9
084010,Campobello di Licata,0,0,36,407193,4114000,17.9
084010,Campobello di Licata,0,0,37,406624,4115018,17.9
084010,Campobello di Licata,0,0,38,406028,4115460,17.9
084010,Campobello di Licata,0,0,39,405829,4115802,17.9
084010,Campobello di Licata,0,0,40,405514,4116750,17.9
084010,Campobello di Licata,0,0,41,405862,4117396,17.9
084010,Campobello di Licata,0,0,42,405280,4118144,17.9
084010,Campobello di Licata,0,0,43,404449,4117821,17.9
084010,Campobello di Licata,0,0,44,404006,4118007,17.9
084010,Campobello di Licata,0,0,45,403232,4119230,17.9
084010,Campobello di Licata,0,0,46,402598,4118326,17.9
084010,Campobello di Licata,0,0,47,402095,4118068,17.9
084010,Campobello di Licata,0,0,48,401343,4118407,17.9
084010,Campobello di Licata,0,0,49,399246,4118589,17.9
084010,Campobello di Licata,0,0,50,397686,4121531,17.9
084010,Campobello di Licata,0,0,51,398153,4122163,17.9
084010,Campobello di Licata,0,0,52,399515,4123169,17.9
084010,Campobello di Licata,0,0,53,399888,4123750,17.9
084010,Campobello di Licata,0,0,54,400701,4124328,17.9
084010,Campobello di Licata,0,0,55,401464,4124587,17.9
084010,Campobello di Licata,0,0,56,401476,4124857,17.9
084010,Campobello di Licata,0,0,57,400934,4125351,17.9
084010,Campobello di Licata,0,0,58,401140,4125802,17.9
084010,Campobello di Licata,0,0,59,402958,4126490,17.9
084010,Campobello di Licata,0,0,60,404275,4127405,17.9
084010,Campobello di Licata,0,0,61,404520,4127701,17.9
084010,Campobello di Licata,0,0,62,404548,4128124,17.9
084010,Campobello di Licata,0,0,63,405410,4128177,17.9
084010,Campobello di Licata,0,0,64,406263,4127950,17.9
084011,Canicattì,0,0,0,397493,4144135,19.5
084011,Canicattì,0,0,1,398177,4143989,19.5
084011,Canicattì,0,0,2,398248,4143808,19.5
084011,Canicattì,0,0,3,397894,4143069,19.5
084011,Canicattì,0,0,4,398290,4141999,19.5
084011,Canicattì,0,0,5,399299,4140219,19.5
084011,Canicattì,0,0,6,401609,4140314,19.5
084011,Canicattì,0,0,7,402287,4140154,19.5
084011,Canicattì,0,0,8,403049,4139355,19.5
084011,Canicattì,0,0,9,403452,4138377,19.5
084011,Canicattì,0,0,10,402704,4137628,19.5
084011,Canicattì,0,0,11,401751,4137434,19.5
084011,Canicattì,0,0,12,401424,4137052,19.5
084011,Canicattì,0,0,13,401517,4136227,19.5
084011,Canicattì,0,0,14,400963,4135378,19.5
084011,Canicattì,0,0,15,401279,4135006,19.5
084011,Canicattì,0,0,16,402855,4134029,19.5
084011,Canicattì,0,0,17,402377,4133255,19.5
084011,Canicattì,0,0,18,400194,4132227,19.5
084011,Canicattì,0,0,19,399424,4131654,19.5
084011,Canicattì,0,0,20,398016,4131365,19.5
084011,Canicattì,0,0,21,397061,4130859,19.5
084011,Canicattì,0,0,22,396117,4132517,19.5
084011,Canicattì,0,0,23,392770,4133461,19.5
084011,Canicattì,0,0,24,391240,4133213,19.5
084011,Canicattì,0,0,25,391120,4133760,19.5
084011,Canicattì,0,0,26,390451,4134612,19.5
084011,Canicattì,0,0,27,391053,4137203,19.5
084011,Canicattì,0,0,28,392078,4137873,19.5
084011,Canicattì,0,0,29,392495,4138457,19.5
084011,Canicattì,0,0,30,393989,4138961,19.5
084011,Canicattì,0,0,31,394583,4139442,19.5
084011,Canicattì,0,0,32,395088,4140184,19.5
084011,Canicattì,0,0,33,395883,4142976,19.5
084011,Canicattì,0,0,34,396184,4143487,19.5
084011,Canicattì,0,0,35,396896,4143897,19.5
084011,Canicattì,0,0,36,397158,4143641,19.5
084011,Canicattì,0,0,37,397493,4144135,19.5
084012,Casteltermini,0,0,0,380182,4159261,18.9
084012,Casteltermini,0,0,1,381172,4158606,18.9
084012,Casteltermini,0,0,2,382384,4158505,18.9
084012,Casteltermini,0,0,3,383161,4158662,18.9
084012,Casteltermini,0,0,4,383884,4157815,18.9
084012,Casteltermini,0,0,5,384206,4156935,18.9
084012,Casteltermini,0,0,6,384422,4155450,18.9
084012,Casteltermini,0,0,7,384605,4155216,18.9
084012,Casteltermini,0,0,8,384389,4154991,18.9
084012,Casteltermini,0,0,9,384030,4154985,18.9
084012,Casteltermini,0,0,10,384311,4154592,18.9
084012,Casteltermini,0,0,11,384547,4153710,18.9
084012,Casteltermini,0,0,12,384484,4153060,18.9
084012,Casteltermini,0,0,13,384231,4152441,18.9
084012,Casteltermini,0,0,14,384241,4151233,18.9
084012,Casteltermini,0,0,15,383834,4150303,18.9
084012,Casteltermini,0,0,16,383213,4150316,18.9
084012,Casteltermini,0,0,17,382934,4150132,18.9
084012,Casteltermini,0,0,18,381899,4148968,18.9
084012,Casteltermini,0,0,19,381904,4148551,18.9
084012,Casteltermini,0,0,20,381533,4148394,18.9
084012,Casteltermini,0,0,21,381017,4148781,18.9
084012,Casteltermini,0,0,22,380497,4148587,18.9
084012,Casteltermini,0,0,23,379506,4148873,18.9
084012,Casteltermini,0,0,24,379551,4148469,18.9
084012,Casteltermini,0,0,25,378901,4148354,18.9
084012,Casteltermini,0,0,26,378510,4149205,18.9
084012,Casteltermini,0,0,27,377391,4149824,18.9
084012,Casteltermini,0,0,28,377528,4150048,18.9
084012,Casteltermini,0,0,29,377450,4150740,18.9
084012,Casteltermini,0,0,30,377189,4150673,18.9
084012,Casteltermini,0,0,31,377243,4150206,18.9
084012,Casteltermini,0,0,32,376186,4150851,18.9
084012,Casteltermini,0,0,33,376058,4151223,18.9
084012,Casteltermini,0,0,34,376264,4151707,18.9
084012,Casteltermini,0,0,35,376059,4152371,18.9
084012,Casteltermini,0,0,36,374163,4153059,18.9
084012,Casteltermini,0,0,37,372295,4153442,18.9
084012,Casteltermini,0,0,38,371761,4154082,18.9
084012,Casteltermini,0,0,39,371715,4154372,18.9
084012,Casteltermini,0,0,40,371920,4155045,18.9
084012,Casteltermini,0,0,41,372515,4155621,18.9
084012,Casteltermini,0,0,42,372363,4156206,18.9
084012,Casteltermini,0,0,43,371660,4157280,18.9
084012,Casteltermini,0,0,44,370530,4157552,18.9
084012,Casteltermini,0,0,45,373112,4158506,18.9
084012,Casteltermini,0,0,46,374367,4159282,18.9
084012,Casteltermini,0,0,47,374648,4159270,18.9
084012,Casteltermini,0,0,48,374779,4159030,18.9
084012,Casteltermini,0,0,49,375369,4158734,18.9
084012,Casteltermini,0,0,50,376890,4158545,18.9
084012,Casteltermini,0,0,51,378433,4158689,18.9
084012,Casteltermini,0,0,52,379370,4159415,18.9
084012,Casteltermini,0,0,53,380182,4159261,18.9
084013,Castrofilippo,0,0,0,392339,4138779,16.7
084013,Castrofilippo,0,0,1,392599,4138496,16.7
084013,Castrofilippo,0,0,2,392292,4138286,16.7
084013,Castrofilippo,0,0,3,392078,4137873,16.7
084013,Castrofilippo,0,0,4,391053,4137203,16.7
084013,Castrofilippo,0,0,5,390721,4136208,16.7
084013,Castrofilippo,0,0,6,390451,4134612,16.7
084013,Castrofilippo,0,0,7,391120,4133760,16.7
084013,Castrofilippo,0,0,8,391240,4133213,16.7
084013,Castrofilippo,0,0,9,390555,4131964,16.7
084013,Castrofilippo,0,0,10,389913,4131730,16.7
084013,Castrofilippo,0,0,11,389318,4131775,16.7
084013,Castrofilippo,0,0,12,388664,4132516,16.7
084013,Castrofilippo,0,0,13,387696,4132797,16.7
084013,Castrofilippo,0,0,14,387916,4133300,16.7
084013,Castrofilippo,0,0,15,387073,4134006,16.7
084013,Castrofilippo,0,0,16,386696,4134756,16.7
084013,Castrofilippo,0,0,17,387137,4135222,16.7
084013,Castrofilippo,0,0,18,388550,4136109,16.7
084013,Castrofilippo,0,0,19,388615,4136790,16.7
084013,Castrofilippo,0,0,20,389665,4137654,16.7
084013,Castrofilippo,0,0,21,390465,4137799,16.7
084013,Castrofilippo,0,0,22,391121,4137402,16.7
084013,Castrofilippo,0,0,23,391073,4137823,16.7
084013,Castrofilippo,0,0,24,390611,4138549,16.7
084013,Castrofilippo,0,0,25,391316,4138847,16.7
084013,Castrofilippo,0,0,26,392339,4138779,16.7
084014,Cattolica Eraclea,0,0,0,361219,4146892,18.7
084014,Cattolica Eraclea,0,0,1,361482,4147102,18.7
084014,Cattolica Eraclea,0,0,2,361684,4147006,18.7
084014,Cattolica Eraclea,0,0,3,361755,4146676,18.7
084014,Cattolica Eraclea,0,0,4,361581,4146258,18.7
084014,Cattolica Eraclea,0,0,5,361866,4145836,18.7
084014,Cattolica Eraclea,0,0,6,363507,4145266,18.7
084014,Cattolica Eraclea,0,0,7,365224,4145196,18.7
084014,Cattolica Eraclea,0,0,8,366010,4144349,18.7
084014,Cattolica Eraclea,0,0,9,364126,4143333,18.7
084014,Cattolica Eraclea,0,0,10,363271,4143198,18.7
084014,Cattolica Eraclea,0,0,11,362621,4143563,18.7
084014,Cattolica Eraclea,0,0,12,362517,4143853,18.7
084014,Cattolica Eraclea,0,0,13,361215,4143731,18.7
084014,Cattolica Eraclea,0,0,14,360848,4143490,18.7
084014,Cattolica Eraclea,0,0,15,359741,4141837,18.7
084014,Cattolica Eraclea,0,0,16,358873,4141704,18.7
084014,Cattolica Eraclea,0,0,17,358424,4141475,18.7
084014,Cattolica Eraclea,0,0,18,358125,4141013,18.7
084014,Cattolica Eraclea,0,0,19,357688,4140858,18.7
084014,Cattolica Eraclea,0,0,20,356563,4140795,18.7
084014,Cattolica Eraclea,0,0,21,355543,4141125,18.7
084014,Cattolica Eraclea,0,0,22,354522,4140456,18.7
084014,Cattolica Eraclea,0,0,23,353961,4141686,18.7
084014,Cattolica Eraclea,0,0,24,353759,4141836,18.7
084014,Cattolica Eraclea,0,0,25,353395,4141993,18.7
084014,Cattolica Eraclea,0,0,26,352623,4141751,18.7
084014,Cattolica Eraclea,0,0,27,352045,4141940,18.7
084014,Cattolica Eraclea,0,0,28,351758,4142261,18.7
084014,Cattolica Eraclea,0,0,29,350890,4141739,18.7
084014,Cattolica Eraclea,0,0,30,350575,4141215,18.7
084014,Cattolica Eraclea,0,0,31,350626,4140603,18.7
084014,Cattolica Eraclea,0,0,32,350145,4140224,18.7
084014,Cattolica Eraclea,0,0,33,349432,4140158,18.7
084014,Cattolica Eraclea,0,0,34,348852,4139554,18.7
084014,Cattolica Eraclea,0,0,35,347995,4139788,18.7
084014,Cattolica Eraclea,0,0,36,347519,4139552,18.7
084014,Cattolica Eraclea,0,0,37,347006,4139697,18.7
084014,Cattolica Eraclea,0,0,38,346880,4140207,18.7
084014,Cattolica Eraclea,0,0,39,347800,4140644,18.7
084014,Cattolica Eraclea,0,0,40,347544,4140865,18.7
084014,Cattolica Eraclea,0,0,41,347740,4141066,18.7
084014,Cattolica Eraclea,0,0,42,349144,4141592,18.7
084014,Cattolica Eraclea,0,0,43,348997,4141850,18.7
084014,Cattolica Eraclea,0,0,44,348348,4142201,18.7
084014,Cattolica Eraclea,0,0,45,349378,4142911,18.7
084014,Cattolica Eraclea,0,0,46,349695,4143519,18.7
084014,Cattolica Eraclea,0,0,47,350279,4143965,18.7
084014,Cattolica Eraclea,0,0,48,351681,4144006,18.7
084014,Cattolica Eraclea,0,0,49,354139,4144674,18.7
084014,Cattolica Eraclea,0,0,50,355041,4145468,18.7
084014,Cattolica Eraclea,0,0,51,356350,4146273,18.7
084014,Cattolica Eraclea,0,0,52,356622,4146616,18.7
084014,Cattolica Eraclea,0,0,53,357234,4146663,18.7
084014,Cattolica Eraclea,0,0,54,358546,4147720,18.7
084014,Cattolica Eraclea,0,0,55,359196,4147377,18.7
084014,Cattolica Eraclea,0,0,56,359601,4146901,18.7
084014,Cattolica Eraclea,0,0,57,360108,4146894,18.7
084014,Cattolica Eraclea,0,0,58,360363,4147340,18.7
084014,Cattolica Eraclea,0,0,59,360900,4147235,18.7
084014,Cattolica Eraclea,0,0,60,361014,4146942,18.7
084014,Cattolica Eraclea,0,0,61,361219,4146892,18.7
084015,Cianciana,0,0,0,361731,4155394,20.0
084015,Cianciana,0,0,1,362876,4155134,20.0
084015,Cianciana,0,0,2,363292,4154482,20.0
084015,Cianciana,0,0,3,363395,4152630,20.0
084015,Cianciana,0,0,4,362905,4150284,20.0
084015,Cianciana,0,0,5,362419,4148983,20.0
084015,Cianciana,0,0,6,362469,4148177,20.0
084015,Cianciana,0,0,7,361586,4147397,20.0
084015,Cianciana,0,0,8,361354,4146917,20.0
084015,Cianciana,0,0,9,361014,4146942,20.0
084015,Cianciana,0,0,10,360900,4147235,20.0
084015,Cianciana,0,0,11,360363,4147340,20.0
084015,Cianciana,0,0,12,360108,4146894,20.0
084015,Cianciana,0,0,13,359601,4146901,20.0
084015,Cianciana,0,0,14,359196,4147377,20.0
084015,Cianciana,0,0,15,358546,4147720,20.0
084015,Cianciana,0,0,16,357234,4146663,20.0
084015,Cianciana,0,0,17,356622,4146616,20.0
084015,Cianciana,0,0,18,356924,4146962,20.0
084015,Cianciana,0,0,19,356949,4147921,20.0
084015,Cianciana,0,0,20,356487,4149598,20.0
084015,Cianciana,0,0,21,357212,4150254,20.0
084015,Cianciana,0,0,22,357614,4150269,20.0
084015,Cianciana,0,0,23,360049,4151466,20.0
084015,Cianciana,0,0,24,359754,4152418,20.0
084015,Cianciana,0,0,25,358964,4152893,20.0
084015,Cianciana,0,0,26,358788,4153365,20.0
084015,Cianciana,0,0,27,359770,4153892,20.0
084015,Cianciana,0,0,28,360073,4155365,20.0
084015,Cianciana,0,0,29,360627,4156033,20.0
084015,Cianciana,0,0,30,360951,4157064,20.0
084015,Cianciana,0,0,31,361298,4157343,20.0
084015,Cianciana,0,0,32,361313,4156295,20.0
084015,Cianciana,0,0,33,361731,4155394,20.0
084016,Comitini,0,0,0,381423,4145282,23.0
084016,Comitini,0,0,1,381916,4144776,23.0
084016,Comitini,0,0,2,382838,4144308,23.0
084016,Comitini,0,0,3,383541,4143692,23.0
084016,Comitini,0,0,4,384465,4143887,23.0
084016,Comitini,0,0,5,383916,4142769,23.0
084016,Comitini,0,0,6,383102,4141612,23.0
084016,Comitini,0,0,7,381842,4140847,23.0
084016,Comitini,0,0,8,381718,4140532,23.0
084016,Comitini,0,0,9,382221,4139964,23.0
084016,Comitini,0,0,10,382536,4139265,23.0
084016,Comitini,0,0,11,381907,4138276,23.0
084016,Comitini,0,0,12,382207,4137412,23.0
084016,Comitini,0,0,13,382626,4137253,23.0
084016,Comitini,0,0,14,382401,4136954,23.0
084016,Comitini,0,0,15,381152,4136385,23.0
084016,Comitini,0,0,16,380853,4136521,23.0
084016,Comitini,0,0,17,380277,4137647,23.0
084016,Comitini,0,0,18,381650,4139078,23.0
084016,Comitini,0,0,19,381410,4139939,23.0
084016,Comitini,0,0,20,379333,4140754,23.0
084016,Comitini,0,0,21,378634,4140244,23.0
084016,Comitini,0,0,22,378230,4140489,23.0
084016,Comitini,0,0,23,380151,4143671,23.0
084016,Comitini,0,0,24,380382,4144735,23.0
084016,Comitini,0,0,25,381037,4146047,23.0
084016,Comitini,0,0,26,381187,4146075,23.0
084016,Comitini,0,0,27,381423,4145282,23.0
084017,Favara,0,0,0,379967,4139163,20.6
084017,Favara,0,0,1,381550,4138944,20.6
084017,Favara,0,0,2,380304,4137813,20.6
084017,Favara,0,0,3,380874,4136498,20.6
084017,Favara,0,0,4,381395,4136420,20.6
084017,Favara,0,0,5,382401,4136954,20.6
084017,Favara,0,0,6,382586,4137343,20.6
084017,Favara,0,0,7,383856,4137911,20.6
084017,Favara,0,0,8,384182,4137222,20.6
084017,Favara,0,0,9,383964,4136161,20.6
084017,Favara,0,0,10,384686,4136342,20.6
084017,Favara,0,0,11,385260,4136179,20.6
084017,Favara,0,0,12,386346,4134816,20.6
084017,Favara,0,0,13,386291,4134615,20.6
084017,Favara,0,0,14,386696,4134756,20.6
084017,Favara,0,0,15,387073,4134006,20.6
084017,Favara,0,0,16,387916,4133300,20.6
084017,Favara,0,0,17,387696,4132797,20.6
084017,Favara,0,0,18,386152,4132558,20.6
084017,Favara,0,0,19,385166,4132002,20.6
084017,Favara,0,0,20,384697,4131110,20.6
084017,Favara,0,0,21,384689,4130660,20.6
084017,Favara,0,0,22,385266,4128867,20.6
084017,Favara,0,0,23,384613,4127609,20.6
084017,Favara,0,0,24,384653,4127175,20.6
084017,Favara,0,0,25,385006,4126633,20.6
084017,Favara,0,0,26,385506,4126553,20.6
084017,Favara,0,0,27,385903,4126233,20.6
084017,Favara,0,0,28,385483,4125465,20.6
084017,Favara,0,0,29,384287,4124584,20.6
084017,Favara,0,0,30,383279,4124697,20.6
084017,Favara,0,0,31,383294,4123889,20.6
084017,Favara,0,0,32,383928,4122949,20.6
084017,Favara,0,0,33,383737,4122734,20.6
084017,Favara,0,0,34,382566,4122445,20.6
084017,Favara,0,0,35,381200,4122546,20.6
084017,Favara,0,0,36,380711,4122259,20.6
084017,Favara,0,0,37,379936,4122418,20.6
084017,Favara,0,0,38,379562,4122735,20.6
084017,Favara,0,0,39,379641,4123131,20.6
084017,Favara,0,0,40,381613,4123866,20.6
084017,Favara,0,0,41,381952,4124675,20.6
084017,Favara,0,0,42,381293,4125383,20.6
084017,Favara,0,0,43,380069,4125641,20.6
084017,Favara,0,0,44,379616,4125904,20.6
084017,Favara,0,0,45,379433,4126403,20.6
084017,Favara,0,0,46,379775,4128066,20.6
084017,Favara,0,0,47,379611,4128681,20.6
084017,Favara,0,0,48,379366,4128976,20.6
084017,Favara,0,0,49,378848,4129079,20.6
084017,Favara,0,0,50,378395,4129602,20.6
084017,Favara,0,0,51,379294,4130722,20.6
084017,Favara,0,0,52,379177,4131244,20.6
084017,Favara,0,0,53,379551,4131512,20.6
084017,Favara,0,0,54,380633,4131782,20.6
084017,Favara,0,0,55,381172,4132775,20.6
084017,Favara,0,0,56,380785,4133797,20.6
084017,Favara,0,0,57,380139,4133995,20.6
084017,Favara,0,0,58,378564,4133204,20.6
084017,Favara,0,0,59,378026,4133146,20.6
084017,Favara,0,0,60,377582,4133928,20.6
084017,Favara,0,0,61,377156,4134300,20.6
084017,Favara,0,0,62,377269,4134818,20.6
084017,Favara,0,0,63,378756,4135463,20.6
084017,Favara,0,0,64,378689,4135594,20.6
084017,Favara,0,0,65,379917,4137543,20.6
084017,Favara,0,0,66,379592,4138535,20.6
084017,Favara,0,0,67,379967,4139163,20.6
084018,Grotte,0,0,0,382142,4146797,18.1
084018,Grotte,0,0,1,383867,4146532,18.1
084018,Grotte,0,0,2,385475,4144495,18.1
084018,Grotte,0,0,3,386136,4144557,18.1
084018,Grotte,0,0,4,387629,4144169,18.1
084018,Grotte,0,0,5,387634,4143980,18.1
084018,Grotte,0,0,6,387506,4143653,18.1
084018,Grotte,0,0,7,386792,4143634,18.1
084018,Grotte,0,0,8,385585,4143120,18.1
084018,Grotte,0,0,9,384684,4143039,18.1
084018,Grotte,0,0,10,384656,4142074,18.1
084018,Grotte,0,0,11,385300,4141145,18.1
084018,Grotte,0,0,12,385475,4140144,18.1
084018,Grotte,0,0,13,385336,4139779,18.1
084018,Grotte,0,0,14,384729,4139240,18.1
084018,Grotte,0,0,15,383856,4137911,18.1
084018,Grotte,0,0,16,382506,4137331,18.1
084018,Grotte,0,0,17,382207,4137412,18.1
084018,Grotte,0,0,18,381906,4138330,18.1
084018,Grotte,0,0,19,382536,4139265,18.1
084018,Grotte,0,0,20,382221,4139964,18.1
084018,Grotte,0,0,21,381724,4140575,18.1
084018,Grotte,0,0,22,382112,4141107,18.1
084018,Grotte,0,0,23,383102,4141612,18.1
084018,Grotte,0,0,24,383916,4142769,18.1
084018,Grotte,0,0,25,384465,4143887,18.1
084018,Grotte,0,0,26,383541,4143692,18.1
084018,Grotte,0,0,27,382838,4144308,18.1
084018,Grotte,0,0,28,381916,4144776,18.1
084018,Grotte,0,0,29,381423,4145282,18.1
084018,Grotte,0,0,30,381187,4146075,18.1
084018,Grotte,0,0,31,381037,4146047,18.1
084018,Grotte,0,0,32,380662,4146888,18.1
084018,Grotte,0,0,33,380749,4146752,18.1
084018,Grotte,0,0,34,382142,4146797,18.1
084019,Joppolo Giancaxio,0,0,0,372053,4142854,25.0
084019,Joppolo Giancaxio,0,0,1,373379,4142327,25.0
084019,Joppolo Giancaxio,0,0,2,373496,4141941,25.0
084019,Joppolo Giancaxio,0,0,3,373944,4140006,25.0
084019,Joppolo Giancaxio,0,0,4,373916,4139717,25.0
084019,Joppolo Giancaxio,0,0,5,373669,4139563,25.0
084019,Joppolo Giancaxio,0,0,6,373774,4139151,25.0
084019,Joppolo Giancaxio,0,0,7,374166,4138656,25.0
084019,Joppolo Giancaxio,0,0,8,375244,4137859,25.0
084019,Joppolo Giancaxio,0,0,9,375222,4137157,25.0
084019,Joppolo Giancaxio,0,0,10,374525,4135163,25.0
084019,Joppolo Giancaxio,0,0,11,374334,4134870,25.0
084019,Joppolo Giancaxio,0,0,12,373376,4134506,25.0
084019,Joppolo Giancaxio,0,0,13,373344,4133801,25.0
084019,Joppolo Giancaxio,0,0,14,372669,4133571,25.0
084019,Joppolo Giancaxio,0,0,15,372357,4133806,25.0
084019,Joppolo Giancaxio,0,0,16,372252,4135270,25.0
084019,Joppolo Giancaxio,0,0,17,372044,4135569,25.0
084019,Joppolo Giancaxio,0,0,18,372135,4136142,25.0
084019,Joppolo Giancaxio,0,0,19,372470,4136639,25.0
084019,Joppolo Giancaxio,0,0,20,372390,4137871,25.0
084019,Joppolo Giancaxio,0,0,21,371786,4138161,25.0
084019,Joppolo Giancaxio,0,0,22,371290,4138648,25.0
084019,Joppolo Giancaxio,0,0,23,371407,4139006,25.0
084019,Joppolo Giancaxio,0,0,24,372182,4139842,25.0
084019,Joppolo Giancaxio,0,0,25,372447,4140828,25.0
084019,Joppolo Giancaxio,0,0,26,372206,4141283,25.0
084019,Joppolo Giancaxio,0,0,27,371274,4141678,25.0
084019,Joppolo Giancaxio,0,0,28,371017,4142560,25.0
084019,Joppolo Giancaxio,0,0,29,371549,4142528,25.0
084019,Joppolo Giancaxio,0,0,30,372053,4142854,25.0
084020,Lampedusa e Linosa,0,0,0,278606,3932471,22.3
084020,Lampedusa e Linosa,0,0,1,278721,3932223,22.3
084020,Lampedusa e Linosa,0,0,2,278712,3932213,22.3
084020,Lampedusa e Linosa,0,0,3,278450,3932351,22.3
084020,Lampedusa e Linosa,0,0,4,278606,3932471,22.3
084020,Lampedusa e Linosa,1,0,0,275889,3934518,22.3
084020,Lampedusa e Linosa,1,0,1,275868,3934485,22.3
084020,Lampedusa e Linosa,1,0,2,275850,3934523,22.3
084020,Lampedusa e Linosa,1,0,3,275889,3934518,22.3
084020,Lampedusa e Linosa,2,0,0,277035,3934480,22.3
084020,Lampedusa e Linosa,2,0,1,278343,3933999,22.3
084020,Lampedusa e Linosa,2,0,2,279243,3934077,22.3
084020,Lampedusa e Linosa,2,0,3,281584,3933506,22.3
084020,Lampedusa e Linosa,2,0,4,283062,3933842,22.3
084020,Lampedusa e Linosa,2,0,5,283365,3933520,22.3
084020,Lampedusa e Linosa,2,0,6,284143,3933600,22.3
084020,Lampedusa e Linosa,2,0,7,284903,3933344,22.3
084020,Lampedusa e Linosa,2,0,8,285351,3933011,22.3
084020,Lampedusa e Linosa,2,0,9,285361,3932830,22.3
084020,Lampedusa e Linosa,2,0,10,284710,3932714,22.3
084020,Lampedusa e Linosa,2,0,11,284576,3932440,22.3
084020,Lampedusa e Linosa,2,0,12,284637,3931693,22.3
084020,Lampedusa e Linosa,2,0,13,285329,3931270,22.3
084020,Lampedusa e Linosa,2,0,14,285219,3930423,22.3
084020,Lampedusa e Linosa,2,0,15,283063,3930417,22.3
084020,Lampedusa e Linosa,2,0,16,282717,3931426,22.3
084020,Lampedusa e Linosa,2,0,17,282470,3931286,22.3
084020,Lampedusa e Linosa,2,0,18,282324,3930867,22.3
084020,Lampedusa e Linosa,2,0,19,281743,3930983,22.3
084020,Lampedusa e Linosa,2,0,20,279044,3932513,22.3
084020,Lampedusa e Linosa,2,0,21,275957,3933042,22.3
084020,Lampedusa e Linosa,2,0,22,274953,3933404,22.3
084020,Lampedusa e Linosa,2,0,23,274870,3933568,22.3
084020,Lampedusa e Linosa,2,0,24,275727,3934415,22.3
084020,Lampedusa e Linosa,2,0,25,277035,3934480,22.3
084020,Lampedusa e Linosa,3,0,0,257167,3937396,22.3
084020,Lampedusa e Linosa,3,0,1,257063,3937480,22.3
084020,Lampedusa e Linosa,3,0,2,257134,3937705,22.3
084020,Lampedusa e Linosa,3,0,3,257316,3937567,22.3
084020,Lampedusa e Linosa,3,0,4,257167,3937396,22.3
084020,Lampedusa e Linosa,4,0,0,308203,3972210,22.3
084020,Lampedusa e Linosa,4,0,1,308559,3971909,22.3
084020,Lampedusa e Linosa,4,0,2,308879,3970442,22.3
084020,Lampedusa e Linosa,4,0,3,308702,3969953,22.3
084020,Lampedusa e Linosa,4,0,4,306627,3970024,22.3
084020,Lampedusa e Linosa,4,0,5,305941,3971322,22.3
084020,Lampedusa e Linosa,4,0,6,305913,3971816,22.3
084020,Lampedusa e Linosa,4,0,7,306686,3972174,22.3
084020,Lampedusa e Linosa,4,0,8,308203,3972210,22.3
084021,Licata,0,0,0,398479,4107997,17.7
084021,Licata,0,0,1,398361,4107884,17.7
084021,Licata,0,0,2,398324,4108001,17.7
084021,Licata,0,0,3,398479,4107997,17.7
084021,Licata,1,0,0,397686,4121531,17.7
084021,Licata,1,0,1,399246,4118589,17.7
084021,Licata,1,0,2,401343,4118407,17.7
084021,Licata,1,0,3,402095,4118068,17.7
084021,Licata,1,0,4,402598,4118326,17.7
084021,Licata,1,0,5,403232,4119230,17.7
084021,Licata,1,0,6,404006,4118007,17.7
084021,Licata,1,0,7,404449,4117821,17.7
084021,Licata,1,0,8,405280,4118144,17.7
084021,Licata,1,0,9,405862,4117396,17.7
084021,Licata,1,0,10,405514,4116750,17.7
084021,Licata,1,0,11,405829,4115802,17.7
084021,Licata,1,0,12,406028,4115460,17.7
084021,Licata,1,0,13,406624,4115018,17.7
084021,Licata,1,0,14,407193,4114000,17.7
084021,Licata,1,0,15,407437,4113869,17.7
084021,Licata,1,0,16,408300,4114901,17.7
084021,Licata,1,0,17,409022,4115089,17.7
084021,Licata,1,0,18,409157,4115427,17.7
084021,Licata,1,0,19,408755,4116274,17.7
084021,Licata,1,0,20,409680,4116774,17.7
084021,Licata,1,0,21,411259,4115058,17.7
084021,Licata,1,0,22,411868,4114050,17.7
084021,Licata,1,0,23,412207,4113076,17.7
084021,Licata,1,0,24,412750,4112835,17.7
084021,Licata,1,0,25,413068,4113005,17.7
084021,Licata,1,0,26,413337,4112955,17.7
084021,Licata,1,0,27,413864,4112463,17.7
084021,Licata,1,0,28,414266,4111174,17.7
084021,Licata,1,0,29,414431,4109472,17.7
084021,Licata,1,0,30,414373,4107076,17.7
084021,Licata,1,0,31,413460,4107329,17.7
084021,Licata,1,0,32,411529,4107484,17.7
084021,Licata,1,0,33,409185,4107453,17.7
084021,Licata,1,0,34,407413,4106887,17.7
084021,Licata,1,0,35,406317,4106218,17.7
084021,Licata,1,0,36,405239,4105970,17.7
084021,Licata,1,0,37,404693,4106288,17.7
084021,Licata,1,0,38,404156,4106383,17.7
084021,Licata,1,0,39,402463,4106143,17.7
084021,Licata,1,0,40,401682,4106317,17.7
084021,Licata,1,0,41,400383,4106836,17.7
084021,Licata,1,0,42,399205,4107624,17.7
084021,Licata,1,0,43,398609,4108280,17.7
084021,Licata,1,0,44,398315,4109034,17.7
084021,Licata,1,0,45,397315,4110322,17.7
084021,Licata,1,0,46,396632,4110907,17.7
084021,Licata,1,0,47,396281,4110988,17.7
084021,Licata,1,0,48,396309,4111632,17.7
084021,Licata,1,0,49,395706,4113848,17.7
084021,Licata,1,0,50,396470,4115195,17.7
084021,Licata,1,0,51,396857,4115523,17.7
084021,Licata,1,0,52,397011,4116043,17.7
084021,Licata,1,0,53,396871,4116256,17.7
084021,Licata,1,0,54,395880,4116377,17.7
084021,Licata,1,0,55,395864,4117353,17.7
084021,Licata,1,0,56,395580,4117928,17.7
084021,Licata,1,0,57,395006,4118054,17.7
084021,Licata,1,0,58,394698,4118321,17.7
084021,Licata,1,0,59,394512,4119118,17.7
084021,Licata,1,0,60,394576,4119819,17.7
084021,Licata,1,0,61,395420,4120694,17.7
084021,Licata,1,0,62,396935,4121012,17.7
084021,Licata,1,0,63,397686,4121531,17.7
084022,Lucca Sicula,0,0,0,350564,4162028,28.5
084022,Lucca Sicula,0,0,1,351312,4161425,28.5
084022,Lucca Sicula,0,0,2,351736,4161439,28.5
084022,Lucca Sicula,0,0,3,352434,4160947,28.5
084022,Lucca Sicula,0,0,4,353472,4160174,28.5
084022,Lucca Sicula,0,0,5,353646,4159833,28.5
084022,Lucca Sicula,0,0,6,353211,4158245,28.5
084022,Lucca Sicula,0,0,7,353348,4157631,28.5
084022,Lucca Sicula,0,0,8,353758,4156792,28.5
084022,Lucca Sicula,0,0,9,354483,4156473,28.5
084022,Lucca Sicula,0,0,10,354794,4155966,28.5
084022,Lucca Sicula,0,0,11,354049,4154024,28.5
084022,Lucca Sicula,0,0,12,353633,4154712,28.5
084022,Lucca Sicula,0,0,13,353014,4154707,28.5
084022,Lucca Sicula,0,0,14,351901,4155104,28.5
084022,Lucca Sicula,0,0,15,351803,4156336,28.5
084022,Lucca Sicula,0,0,16,352236,4156795,28.5
084022,Lucca Sicula,0,0,17,351918,4158025,28.5
084022,Lucca Sicula,0,0,18,351642,4158508,28.5
084022,Lucca Sicula,0,0,19,350813,4158700,28.5
084022,Lucca Sicula,0,0,20,350308,4158504,28.5
084022,Lucca Sicula,0,0,21,349772,4160318,28.5
084022,Lucca Sicula,0,0,22,348838,4162158,28.5
084022,Lucca Sicula,0,0,23,350564,4162028,28.5
084023,Menfi,0,0,0,322435,4171004,19.1
084023,Menfi,0,0,1,323389,4169457,19.1
084023,Menfi,0,0,2,324306,4169491,19.1
084023,Menfi,0,0,3,324766,4168194,19.1
084023,Menfi,0,0,4,324573,4167540,19.1
084023,Menfi,0,0,5,323806,4166479,19.1
084023,Menfi,0,0,6,323849,4165862,19.1
084023,Menfi,0,0,7,326319,4165219,19.1
084023,Menfi,0,0,8,327729,4164591,19.1
084023,Menfi,0,0,9,326696,4162793,19.1
084023,Menfi,0,0,10,325690,4162391,19.1
084023,Menfi,0,0,11,325363,4162001,19.1
084023,Menfi,0,0,12,325156,4161572,19.1
084023,Menfi,0,0,13,325030,4160480,19.1
084023,Menfi,0,0,14,324182,4159917,19.1
084023,Menfi,0,0,15,323238,4158178,19.1
084023,Menfi,0,0,16,322824,4156887,19.1
084023,Menfi,0,0,17,322475,4156474,19.1
084023,Menfi,0,0,18,320142,4159170,19.1
084023,Menfi,0,0,19,319222,4159924,19.1
084023,Menfi,0,0,20,318348,4160356,19.1
084023,Menfi,0,0,21,316039,4160944,19.1
084023,Menfi,0,0,22,315169,4160721,19.1
084023,Menfi,0,0,23,315017,4160591,19.1
084023,Menfi,0,0,24,315472,4160447,19.1
084023,Menfi,0,0,25,315138,4160428,19.1
084023,Menfi,0,0,26,314254,4160976,19.1
084023,Menfi,0,0,27,315017,4162218,19.1
084023,Menfi,0,0,28,315261,4162945,19.1
084023,Menfi,0,0,29,315143,4164064,19.1
084023,Menfi,0,0,30,315253,4164885,19.1
084023,Menfi,0,0,31,315612,4166722,19.1
084023,Menfi,0,0,32,316142,4167758,19.1
084023,Menfi,0,0,33,316218,4168448,19.1
084023,Menfi,0,0,34,315912,4168593,19.1
084023,Menfi,0,0,35,313853,4168037,19.1
084023,Menfi,0,0,36,313585,4168331,19.1
084023,Menfi,0,0,37,313718,4168753,19.1
084023,Menfi,0,0,38,314564,4169753,19.1
084023,Menfi,0,0,39,314301,4170261,19.1
084023,Menfi,0,0,40,314955,4170266,19.1
084023,Menfi,0,0,41,315360,4170002,19.1
084023,Menfi,0,0,42,316491,4169873,19.1
084023,Menfi,0,0,43,317849,4170048,19.1
084023,Menfi,0,0,44,319275,4170892,19.1
084023,Menfi,0,0,45,321006,4171173,19.1
084023,Menfi,0,0,46,322097,4171890,19.1
084023,Menfi,0,0,47,322435,4171004,19.1
084024,Montallegro,0,0,0,352623,4141751,20.3
084024,Montallegro,0,0,1,353395,4141993,20.3
084024,Montallegro,0,0,2,353759,4141836,20.3
084024,Montallegro,0,0,3,353961,4141686,20.3
084024,Montallegro,0,0,4,354522,4140456,20.3
084024,Montallegro,0,0,5,355543,4141125,20.3
084024,Montallegro,0,0,6,356563,4140795,20.3
084024,Montallegro,0,0,7,358125,4141013,20.3
084024,Montallegro,0,0,8,358321,4139767,20.3
084024,Montallegro,0,0,9,358624,4139078,20.3
084024,Montallegro,0,0,10,359137,4138686,20.3
084024,Montallegro,0,0,11,358850,4138341,20.3
084024,Montallegro,0,0,12,358528,4138506,20.3
084024,Montallegro,0,0,13,357903,4138248,20.3
084024,Montallegro,0,0,14,356990,4137506,20.3
084024,Montallegro,0,0,15,356931,4136976,20.3
084024,Montallegro,0,0,16,357109,4136698,20.3
084024,Montallegro,0,0,17,356932,4136382,20.3
084024,Montallegro,0,0,18,355519,4137084,20.3
084024,Montallegro,0,0,19,355169,4136949,20.3
084024,Montallegro,0,0,20,354588,4137222,20.3
084024,Montallegro,0,0,21,354173,4138006,20.3
084024,Montallegro,0,0,22,352217,4139617,20.3
084024,Montallegro,0,0,23,351453,4139384,20.3
084024,Montallegro,0,0,24,350893,4138474,20.3
084024,Montallegro,0,0,25,350469,4138406,20.3
084024,Montallegro,0,0,26,350323,4138215,20.3
084024,Montallegro,0,0,27,348852,4139554,20.3
084024,Montallegro,0,0,28,349341,4140109,20.3
084024,Montallegro,0,0,29,349989,4140149,20.3
084024,Montallegro,0,0,30,350609,4140578,20.3
084024,Montallegro,0,0,31,350591,4141278,20.3
084024,Montallegro,0,0,32,351029,4141875,20.3
084024,Montallegro,0,0,33,351758,4142261,20.3
084024,Montallegro,0,0,34,352045,4141940,20.3
084024,Montallegro,0,0,35,352623,4141751,20.3
084025,Montevago,0,0,0,320605,4177725,21.1
084025,Montevago,0,0,1,321428,4176351,21.1
084025,Montevago,0,0,2,322241,4175810,21.1
084025,Montevago,0,0,3,323184,4174625,21.1
084025,Montevago,0,0,4,322004,4172408,21.1
084025,Montevago,0,0,5,321999,4171784,21.1
084025,Montevago,0,0,6,321006,4171173,21.1
084025,Montevago,0,0,7,319275,4170892,21.1
084025,Montevago,0,0,8,317849,4170048,21.1
084025,Montevago,0,0,9,316922,4169866,21.1
084025,Montevago,0,0,10,315776,4169922,21.1
084025,Montevago,0,0,11,314955,4170266,21.1
084025,Montevago,0,0,12,314170,4170293,21.1
084025,Montevago,0,0,13,314286,4170492,21.1
084025,Montevago,0,0,14,314910,4170610,21.1
084025,Montevago,0,0,15,315364,4171050,21.1
084025,Montevago,0,0,16,315395,4171466,21.1
084025,Montevago,0,0,17,315733,4171474,21.1
084025,Montevago,0,0,18,316062,4171821,21.1
084025,Montevago,0,0,19,316413,4173380,21.1
084025,Montevago,0,0,20,318177,4174696,21.1
084025,Montevago,0,0,21,318602,4175315,21.1
084025,Montevago,0,0,22,318660,4175877,21.1
084025,Montevago,0,0,23,320085,4176719,21.1
084025,Montevago,0,0,24,319950,4177253,21.1
084025,Montevago,0,0,25,320101,4177467,21.1
084025,Montevago,0,0,26,320605,4177725,21.1
084026,Naro,0,0,0,402855,4134029,15.4
084026,Naro,0,0,1,404435,4132883,15.4
084026,Naro,0,0,2,404953,4132171,15.4
084026,Naro,0,0,3,408002,4132023,15.4
084026,Naro,0,0,4,408248,4131868,15.4
084026,Naro,0,0,5,409431,4130214,15.4
084026,Naro,0,0,6,409883,4130156,15.4
084026,Naro,0,0,7,410665,4129498,15.4
084026,Naro,0,0,8,410792,4128933,15.4
084026,Naro,0,0,9,410629,4128691,15.4
084026,Naro,0,0,10,410876,4128087,15.4
084026,Naro,0,0,11,409737,4128049,15.4
084026,Naro,0,0,12,407848,4126898,15.4
084026,Naro,0,0,13,407471,4126952,15.4
084026,Naro,0,0,14,406263,4127950,15.4
084026,Naro,0,0,15,405410,4128177,15.4
084026,Naro,0,0,16,404548,4128124,15.4
084026,Naro,0,0,17,404520,4127701,15.4
084026,Naro,0,0,18,404275,4127405,15.4
084026,Naro,0,0,19,402958,4126490,15.4
084026,Naro,0,0,20,401140,4125802,15.4
084026,Naro,0,0,21,400934,4125351,15.4
084026,Naro,0,0,22,401476,4124857,15.4
084026,Naro,0,0,23,401464,4124587,15.4
084026,Naro,0,0,24,400701,4124328,15.4
084026,Naro,0,0,25,399888,4123750,15.4
084026,Naro,0,0,26,399515,4123169,15.4
084026,Naro,0,0,27,398153,4122163,15.4
084026,Naro,0,0,28,397537,4121377,15.4
084026,Naro,0,0,29,396935,4121012,15.4
084026,Naro,0,0,30,395420,4120694,15.4
084026,Naro,0,0,31,394964,4121593,15.4
084026,Naro,0,0,32,395359,4122294,15.4
084026,Naro,0,0,33,394790,4123842,15.4
084026,Naro,0,0,34,395748,4124622,15.4
084026,Naro,0,0,35,395968,4125026,15.4
084026,Naro,0,0,36,396033,4125914,15.4
084026,Naro,0,0,37,395569,4126312,15.4
084026,Naro,0,0,38,394332,4126735,15.4
084026,Naro,0,0,39,392426,4124673,15.4
084026,Naro,0,0,40,392227,4123269,15.4
084026,Naro,0,0,41,392800,4122748,15.4
084026,Naro,0,0,42,393106,4122124,15.4
084026,Naro,0,0,43,393246,4121389,15.4
084026,Naro,0,0,44,392911,4120932,15.4
084026,Naro,0,0,45,392911,4120695,15.4
084026,Naro,0,0,46,393272,4119998,15.4
084026,Naro,0,0,47,392785,4120168,15.4
084026,Naro,0,0,48,392037,4119993,15.4
084026,Naro,0,0,49,391530,4119642,15.4
084026,Naro,0,0,50,391155,4119182,15.4
084026,Naro,0,0,51,391087,4118483,15.4
084026,Naro,0,0,52,389244,4118342,15.4
084026,Naro,0,0,53,388804,4118526,15.4
084026,Naro,0,0,54,387776,4118414,15.4
084026,Naro,0,0,55,387622,4118947,15.4
084026,Naro,0,0,56,388066,4120540,15.4
084026,Naro,0,0,57,387875,4121777,15.4
084026,Naro,0,0,58,388879,4122130,15.4
084026,Naro,0,0,59,389021,4122516,15.4
084026,Naro,0,0,60,388720,4123096,15.4
084026,Naro,0,0,61,388108,4123526,15.4
084026,Naro,0,0,62,387506,4123817,15.4
084026,Naro,0,0,63,386244,4123938,15.4
084026,Naro,0,0,64,386008,4125798,15.4
084026,Naro,0,0,65,385705,4125752,15.4
084026,Naro,0,0,66,385903,4126233,15.4
084026,Naro,0,0,67,385506,4126553,15.4
084026,Naro,0,0,68,385006,4126633,15.4
084026,Naro,0,0,69,384653,4127175,15.4
084026,Naro,0,0,70,384613,4127609,15.4
084026,Naro,0,0,71,385266,4128867,15.4
084026,Naro,0,0,72,384689,4130660,15.4
084026,Naro,0,0,73,384697,4131110,15.4
084026,Naro,0,0,74,385166,4132002,15.4
084026,Naro,0,0,75,386152,4132558,15.4
084026,Naro,0,0,76,387791,4132792,15.4
084026,Naro,0,0,77,388664,4132516,15.4
084026,Naro,0,0,78,389260,4131802,15.4
084026,Naro,0,0,79,389913,4131730,15.4
084026,Naro,0,0,80,390555,4131964,15.4
084026,Naro,0,0,81,391240,4133213,15.4
084026,Naro,0,0,82,392770,4133461,15.4
084026,Naro,0,0,83,396117,4132517,15.4
084026,Naro,0,0,84,397061,4130859,15.4
084026,Naro,0,0,85,398016,4131365,15.4
084026,Naro,0,0,86,399424,4131654,15.4
084026,Naro,0,0,87,400194,4132227,15.4
084026,Naro,0,0,88,402259,4133163,15.4
084026,Naro,0,0,89,402855,4134029,15.4
084027,Palma di Montechiaro,0,0,0,392785,4120168,13.6
084027,Palma di Montechiaro,0,0,1,394115,4119875,13.6
084027,Palma di Montechiaro,0,0,2,394512,4119118,13.6
084027,Palma di Montechiaro,0,0,3,394698,4118321,13.6
084027,Palma di Montechiaro,0,0,4,395006,4118054,13.6
084027,Palma di Montechiaro,0,0,5,395580,4117928,13.6
084027,Palma di Montechiaro,0,0,6,395864,4117353,13.6
084027,Palma di Montechiaro,0,0,7,395880,4116377,13.6
084027,Palma di Montechiaro,0,0,8,396871,4116256,13.6
084027,Palma di Montechiaro,0,0,9,397011,4116043,13.6
084027,Palma di Montechiaro,0,0,10,396857,4115523,13.6
084027,Palma di Montechiaro,0,0,11,396470,4115195,13.6
084027,Palma di Montechiaro,0,0,12,395706,4113848,13.6
084027,Palma di Montechiaro,0,0,13,396309,4111632,13.6
084027,Palma di Montechiaro,0,0,14,396281,4110988,13.6
084027,Palma di Montechiaro,0,0,15,395352,4111608,13.6
084027,Palma di Montechiaro,0,0,16,392367,4111842,13.6
084027,Palma di Montechiaro,0,0,17,391136,4111715,13.6
084027,Palma di Montechiaro,0,0,18,389031,4112181,13.6
084027,Palma di Montechiaro,0,0,19,387908,4113214,13.6
084027,Palma di Montechiaro,0,0,20,387800,4113558,13.6
084027,Palma di Montechiaro,0,0,21,387099,4114370,13.6
084027,Palma di Montechiaro,0,0,22,386440,4114725,13.6
084027,Palma di Montechiaro,0,0,23,385613,4114730,13.6
084027,Palma di Montechiaro,0,0,24,384273,4115564,13.6
084027,Palma di Montechiaro,0,0,25,383187,4116531,13.6
084027,Palma di Montechiaro,0,0,26,381892,4117112,13.6
084027,Palma di Montechiaro,0,0,27,381377,4117162,13.6
084027,Palma di Montechiaro,0,0,28,381573,4117890,13.6
084027,Palma di Montechiaro,0,0,29,381922,4118436,13.6
084027,Palma di Montechiaro,0,0,30,383061,4119047,13.6
084027,Palma di Montechiaro,0,0,31,383252,4119591,13.6
084027,Palma di Montechiaro,0,0,32,385704,4117917,13.6
084027,Palma di Montechiaro,0,0,33,387560,4117804,13.6
084027,Palma di Montechiaro,0,0,34,388118,4117884,13.6
084027,Palma di Montechiaro,0,0,35,387776,4118414,13.6
084027,Palma di Montechiaro,0,0,36,388152,4118506,13.6
084027,Palma di Montechiaro,0,0,37,388804,4118526,13.6
084027,Palma di Montechiaro,0,0,38,389244,4118342,13.6
084027,Palma di Montechiaro,0,0,39,391087,4118483,13.6
084027,Palma di Montechiaro,0,0,40,391155,4119182,13.6
084027,Palma di Montechiaro,0,0,41,391478,4119601,13.6
084027,Palma di Montechiaro,0,0,42,392037,4119993,13.6
084027,Palma di Montechiaro,0,0,43,392785,4120168,13.6
084028,Porto Empedocle,0,0,0,365807,4133530,16.5
084028,Porto Empedocle,0,0,1,367733,4132482,16.5
084028,Porto Empedocle,0,0,2,369121,4132190,16.5
084028,Porto Empedocle,0,0,3,370177,4131482,16.5
084028,Porto Empedocle,0,0,4,369780,4130908,16.5
084028,Porto Empedocle,0,0,5,368928,4130905,16.5
084028,Porto Empedocle,0,0,6,368742,4130642,16.5
084028,Porto Empedocle,0,0,7,368817,4130242,16.5
084028,Porto Empedocle,0,0,8,368964,4130095,16.5
084028,Porto Empedocle,0,0,9,370308,4130181,16.5
084028,Porto Empedocle,0,0,10,370932,4129969,16.5
084028,Porto Empedocle,0,0,11,371181,4128754,16.5
084028,Porto Empedocle,0,0,12,371580,4128036,16.5
084028,Porto Empedocle,0,0,13,371531,4127691,16.5
084028,Porto Empedocle,0,0,14,369913,4127385,16.5
084028,Porto Empedocle,0,0,15,369464,4127668,16.5
084028,Porto Empedocle,0,0,16,368907,4127667,16.5
084028,Porto Empedocle,0,0,17,367937,4128235,16.5
084028,Porto Empedocle,0,0,18,367061,4128238,16.5
084028,Porto Empedocle,0,0,19,366764,4127952,16.5
084028,Porto Empedocle,0,0,20,365973,4128010,16.5
084028,Porto Empedocle,0,0,21,365841,4129389,16.5
084028,Porto Empedocle,0,0,22,365567,4129972,16.5
084028,Porto Empedocle,0,0,23,365318,4130140,16.5
084028,Porto Empedocle,0,0,24,365190,4130864,16.5
084028,Porto Empedocle,0,0,25,365486,4131423,16.5
084028,Porto Empedocle,0,0,26,363674,4132419,16.5
084028,Porto Empedocle,0,0,27,364278,4133414,16.5
084028,Porto Empedocle,0,0,28,365807,4133530,16.5
084029,Racalmuto,0,0,0,391450,4144444,18.2
084029,Racalmuto,0,0,1,393959,4143641,18.2
084029,Racalmuto,0,0,2,394315,4143862,18.2
084029,Racalmuto,0,0,3,394921,4143388,18.2
084029,Racalmuto,0,0,4,396184,4143487,18.2
084029,Racalmuto,0,0,5,395883,4142976,18.2
084029,Racalmuto,0,0,6,395088,4140184,18.2
084029,Racalmuto,0,0,7,394583,4139442,18.2
084029,Racalmuto,0,0,8,393989,4138961,18.2
084029,Racalmuto,0,0,9,392873,4138531,18.2
084029,Racalmuto,0,0,10,392599,4138496,18.2
084029,Racalmuto,0,0,11,392223,4138838,18.2
084029,Racalmuto,0,0,12,391506,4138856,18.2
084029,Racalmuto,0,0,13,390611,4138549,18.2
084029,Racalmuto,0,0,14,391073,4137823,18.2
084029,Racalmuto,0,0,15,391121,4137402,18.2
084029,Racalmuto,0,0,16,390465,4137799,18.2
084029,Racalmuto,0,0,17,389665,4137654,18.2
084029,Racalmuto,0,0,18,388615,4136790,18.2
084029,Racalmuto,0,0,19,388550,4136109,18.2
084029,Racalmuto,0,0,20,387137,4135222,18.2
084029,Racalmuto,0,0,21,386448,4134567,18.2
084029,Racalmuto,0,0,22,385260,4136179,18.2
084029,Racalmuto,0,0,23,384686,4136342,18.2
084029,Racalmuto,0,0,24,383964,4136161,18.2
084029,Racalmuto,0,0,25,384182,4137222,18.2
084029,Racalmuto,0,0,26,383856,4137911,18.2
084029,Racalmuto,0,0,27,384729,4139240,18.2
084029,Racalmuto,0,0,28,385336,4139779,18.2
084029,Racalmuto,0,0,29,385475,4140144,18.2
084029,Racalmuto,0,0,30,385300,4141145,18.2
084029,Racalmuto,0,0,31,384656,4142074,18.2
084029,Racalmuto,0,0,32,384684,4143039,18.2
084029,Racalmuto,0,0,33,385585,4143120,18.2
084029,Racalmuto,0,0,34,386792,4143634,18.2
084029,Racalmuto,0,0,35,387506,4143653,18.2
084029,Racalmuto,0,0,36,387629,4144169,18.2
084029,Racalmuto,0,0,37,388501,4143390,18.2
084029,Racalmuto,0,0,38,389550,4143115,18.2
084029,Racalmuto,0,0,39,390136,4143535,18.2
084029,Racalmuto,0,0,40,390249,4144058,18.2
084029,Racalmuto,0,0,41,391450,4144444,18.2
084030,Raffadali,0,0,0,368528,4144828,22.2
084030,Raffadali,0,0,1,369332,4143808,22.2
084030,Raffadali,0,0,2,369134,4143186,22.2
084030,Raffadali,0,0,3,369291,4142826,22.2
084030,Raffadali,0,0,4,369558,4142824,22.2
084030,Raffadali,0,0,5,370399,4143360,22.2
084030,Raffadali,0,0,6,370766,4143138,22.2
084030,Raffadali,0,0,7,371198,4141771,22.2
084030,Raffadali,0,0,8,372206,4141283,22.2
084030,Raffadali,0,0,9,372447,4140828,22.2
084030,Raffadali,0,0,10,372182,4139842,22.2
084030,Raffadali,0,0,11,371407,4139006,22.2
084030,Raffadali,0,0,12,371290,4138648,22.2
084030,Raffadali,0,0,13,371786,4138161,22.2
084030,Raffadali,0,0,14,372390,4137871,22.2
084030,Raffadali,0,0,15,372470,4136639,22.2
084030,Raffadali,0,0,16,372175,4136058,22.2
084030,Raffadali,0,0,17,371956,4136664,22.2
084030,Raffadali,0,0,18,371290,4137265,22.2
084030,Raffadali,0,0,19,369946,4138110,22.2
084030,Raffadali,0,0,20,369239,4138364,22.2
084030,Raffadali,0,0,21,368778,4139270,22.2
084030,Raffadali,0,0,22,368360,4139568,22.2
084030,Raffadali,0,0,23,367398,4139531,22.2
084030,Raffadali,0,0,24,366600,4140259,22.2
084030,Raffadali,0,0,25,366571,4140756,22.2
084030,Raffadali,0,0,26,366923,4140923,22.2
084030,Raffadali,0,0,27,368135,4142112,22.2
084030,Raffadali,0,0,28,368598,4143089,22.2
084030,Raffadali,0,0,29,367972,4144788,22.2
084030,Raffadali,0,0,30,368528,4144828,22.2
084031,Ravanusa,0,0,0,410990,4127941,17.3
084031,Ravanusa,0,0,1,411918,4127769,17.3
084031,Ravanusa,0,0,2,412959,4127013,17.3
084031,Ravanusa,0,0,3,413329,4127098,17.3
084031,Ravanusa,0,0,4,413540,4127820,17.3
084031,Ravanusa,0,0,5,414120,4127761,17.3
084031,Ravanusa,0,0,6,414120,4126746,17.3
084031,Ravanusa,0,0,7,413831,4125811,17.3
084031,Ravanusa,0,0,8,412185,4124456,17.3
084031,Ravanusa,0,0,9,412168,4124300,17.3
084031,Ravanusa,0,0,10,412416,4124165,17.3
084031,Ravanusa,0,0,11,412619,4124322,17.3
084031,Ravanusa,0,0,12,412900,4123958,17.3
084031,Ravanusa,0,0,13,412538,4123053,17.3
084031,Ravanusa,0,0,14,411897,4122110,17.3
084031,Ravanusa,0,0,15,412026,4121273,17.3
084031,Ravanusa,0,0,16,412691,4120812,17.3
084031,Ravanusa,0,0,17,412673,4120567,17.3
084031,Ravanusa,0,0,18,411260,4120172,17.3
084031,Ravanusa,0,0,19,410612,4119812,17.3
084031,Ravanusa,0,0,20,410780,4117954,17.3
084031,Ravanusa,0,0,21,411058,4117532,17.3
084031,Ravanusa,0,0,22,411493,4117250,17.3
084031,Ravanusa,0,0,23,411629,4116810,17.3
084031,Ravanusa,0,0,24,411159,4116630,17.3
084031,Ravanusa,0,0,25,410885,4116707,17.3
084031,Ravanusa,0,0,26,410696,4117003,17.3
084031,Ravanusa,0,0,27,410492,4116990,17.3
084031,Ravanusa,0,0,28,409973,4116704,17.3
084031,Ravanusa,0,0,29,409680,4116774,17.3
084031,Ravanusa,0,0,30,409112,4116419,17.3
084031,Ravanusa,0,0,31,408680,4117363,17.3
084031,Ravanusa,0,0,32,408626,4117909,17.3
084031,Ravanusa,0,0,33,407973,4118405,17.3
084031,Ravanusa,0,0,34,407444,4118454,17.3
084031,Ravanusa,0,0,35,406947,4118782,17.3
084031,Ravanusa,0,0,36,406940,4119113,17.3
084031,Ravanusa,0,0,37,407115,4120009,17.3
084031,Ravanusa,0,0,38,406935,4120406,17.3
084031,Ravanusa,0,0,39,407135,4121399,17.3
084031,Ravanusa,0,0,40,407536,4122052,17.3
084031,Ravanusa,0,0,41,408590,4122414,17.3
084031,Ravanusa,0,0,42,409092,4123702,17.3
084031,Ravanusa,0,0,43,409027,4123993,17.3
084031,Ravanusa,0,0,44,408345,4124267,17.3
084031,Ravanusa,0,0,45,407923,4123926,17.3
084031,Ravanusa,0,0,46,407569,4123890,17.3
084031,Ravanusa,0,0,47,407344,4124085,17.3
084031,Ravanusa,0,0,48,407484,4125154,17.3
084031,Ravanusa,0,0,49,407355,4125377,17.3
084031,Ravanusa,0,0,50,406328,4125442,17.3
084031,Ravanusa,0,0,51,405890,4125922,17.3
084031,Ravanusa,0,0,52,406565,4126401,17.3
084031,Ravanusa,0,0,53,407176,4126492,17.3
084031,Ravanusa,0,0,54,407970,4126451,17.3
084031,Ravanusa,0,0,55,408300,4126154,17.3
084031,Ravanusa,0,0,56,408354,4127101,17.3
084031,Ravanusa,0,0,57,409105,4127773,17.3
084031,Ravanusa,0,0,58,410205,4128109,17.3
084031,Ravanusa,0,0,59,410876,4128087,17.3
084031,Ravanusa,0,0,60,410990,4127941,17.3
084032,Realmonte,0,0,0,363217,4132766,18.7
084032,Realmonte,0,0,1,365486,4131423,18.7
084032,Realmonte,0,0,2,365190,4130864,18.7
084032,Realmonte,0,0,3,365318,4130140,18.7
084032,Realmonte,0,0,4,365567,4129972,18.7
084032,Realmonte,0,0,5,365841,4129389,18.7
084032,Realmonte,0,0,6,365973,4128010,18.7
084032,Realmonte,0,0,7,365193,4127795,18.7
084032,Realmonte,0,0,8,364052,4128684,18.7
084032,Realmonte,0,0,9,362485,4128833,18.7
084032,Realmonte,0,0,10,361543,4129532,18.7
084032,Realmonte,0,0,11,360795,4129743,18.7
084032,Realmonte,0,0,12,360449,4130597,18.7
084032,Realmonte,0,0,13,359702,4131351,18.7
084032,Realmonte,0,0,14,359361,4131926,18.7
084032,Realmonte,0,0,15,359716,4132127,18.7
084032,Realmonte,0,0,16,360312,4132133,18.7
084032,Realmonte,0,0,17,360824,4132876,18.7
084032,Realmonte,0,0,18,361627,4132975,18.7
084032,Realmonte,0,0,19,362018,4133413,18.7
084032,Realmonte,0,0,20,362124,4133771,18.7
084032,Realmonte,0,0,21,363217,4132766,18.7
084033,Ribera,0,0,0,347007,4155230,21.5
084033,Ribera,0,0,1,348553,4154327,21.5
084033,Ribera,0,0,2,348989,4153757,21.5
084033,Ribera,0,0,3,349764,4153730,21.5
084033,Ribera,0,0,4,351460,4152694,21.5
084033,Ribera,0,0,5,351601,4152407,21.5
084033,Ribera,0,0,6,350804,4151405,21.5
084033,Ribera,0,0,7,350832,4150570,21.5
084033,Ribera,0,0,8,351641,4150409,21.5
084033,Ribera,0,0,9,352731,4149393,21.5
084033,Ribera,0,0,10,354159,4149998,21.5
084033,Ribera,0,0,11,355140,4149806,21.5
084033,Ribera,0,0,12,356179,4149913,21.5
084033,Ribera,0,0,13,356487,4149598,21.5
084033,Ribera,0,0,14,356949,4147921,21.5
084033,Ribera,0,0,15,356947,4147192,21.5
084033,Ribera,0,0,16,356471,4146370,21.5
084033,Ribera,0,0,17,355554,4145670,21.5
084033,Ribera,0,0,18,355041,4145468,21.5
084033,Ribera,0,0,19,354139,4144674,21.5
084033,Ribera,0,0,20,351681,4144006,21.5
084033,Ribera,0,0,21,350435,4143988,21.5
084033,Ribera,0,0,22,350016,4143822,21.5
084033,Ribera,0,0,23,349378,4142911,21.5
084033,Ribera,0,0,24,348348,4142201,21.5
084033,Ribera,0,0,25,348997,4141850,21.5
084033,Ribera,0,0,26,349144,4141592,21.5
084033,Ribera,0,0,27,347740,4141066,21.5
084033,Ribera,0,0,28,347544,4140865,21.5
084033,Ribera,0,0,29,347800,4140644,21.5
084033,Ribera,0,0,30,346887,4140204,21.5
084033,Ribera,0,0,31,346023,4142528,21.5
084033,Ribera,0,0,32,345646,4143151,21.5
084033,Ribera,0,0,33,344916,4143988,21.5
084033,Ribera,0,0,34,343859,4144830,21.5
084033,Ribera,0,0,35,342328,4147311,21.5
084033,Ribera,0,0,36,341624,4147869,21.5
084033,Ribera,0,0,37,341032,4147871,21.5
084033,Ribera,0,0,38,341171,4148395,21.5
084033,Ribera,0,0,39,341036,4148815,21.5
084033,Ribera,0,0,40,341345,4149194,21.5
084033,Ribera,0,0,41,343299,4150599,21.5
084033,Ribera,0,0,42,344474,4152131,21.5
084033,Ribera,0,0,43,344412,4152547,21.5
084033,Ribera,0,0,44,344649,4153024,21.5
084033,Ribera,0,0,45,344926,4153127,21.5
084033,Ribera,0,0,46,345607,4153859,21.5
084033,Ribera,0,0,47,346369,4155074,21.5
084033,Ribera,0,0,48,347007,4155230,21.5
084034,Sambuca di Sicilia,0,0,0,334588,4174348,24.1
084034,Sambuca di Sicilia,0,0,1,336726,4172737,24.1
084034,Sambuca di Sicilia,0,0,2,337725,4172725,24.1
084034,Sambuca di Sicilia,0,0,3,338452,4173142,24.1
084034,Sambuca di Sicilia,0,0,4,340221,4173146,24.1
084034,Sambuca di Sicilia,0,0,5,340665,4172212,24.1
084034,Sambuca di Sicilia,0,0,6,341664,4171487,24.1
084034,Sambuca di Sicilia,0,0,7,342489,4171142,24.1
084034,Sambuca di Sicilia,0,0,8,342579,4170726,24.1
084034,Sambuca di Sicilia,0,0,9,342007,4168104,24.1
084034,Sambuca di Sicilia,0,0,10,340095,4168708,24.1
084034,Sambuca di Sicilia,0,0,11,339365,4168720,24.1
084034,Sambuca di Sicilia,0,0,12,338440,4168084,24.1
084034,Sambuca di Sicilia,0,0,13,336691,4167724,24.1
084034,Sambuca di Sicilia,0,0,14,336286,4167837,24.1
084034,Sambuca di Sicilia,0,0,15,336175,4167398,24.1
084034,Sambuca di Sicilia,0,0,16,336419,4166539,24.1
084034,Sambuca di Sicilia,0,0,17,336353,4165928,24.1
084034,Sambuca di Sicilia,0,0,18,334737,4165154,24.1
084034,Sambuca di Sicilia,0,0,19,334381,4164833,24.1
084034,Sambuca di Sicilia,0,0,20,333601,4164593,24.1
084034,Sambuca di Sicilia,0,0,21,332418,4164782,24.1
084034,Sambuca di Sicilia,0,0,22,331721,4165485,24.1
084034,Sambuca di Sicilia,0,0,23,330830,4165774,24.1
084034,Sambuca di Sicilia,0,0,24,330564,4166164,24.1
084034,Sambuca di Sicilia,0,0,25,330557,4166802,24.1
084034,Sambuca di Sicilia,0,0,26,330270,4166903,24.1
084034,Sambuca di Sicilia,0,0,27,329569,4166688,24.1
084034,Sambuca di Sicilia,0,0,28,328682,4165197,24.1
084034,Sambuca di Sicilia,0,0,29,327729,4164591,24.1
084034,Sambuca di Sicilia,0,0,30,326319,4165219,24.1
084034,Sambuca di Sicilia,0,0,31,323849,4165862,24.1
084034,Sambuca di Sicilia,0,0,32,323806,4166479,24.1
084034,Sambuca di Sicilia,0,0,33,324573,4167540,24.1
084034,Sambuca di Sicilia,0,0,34,324766,4168194,24.1
084034,Sambuca di Sicilia,0,0,35,324306,4169491,24.1
084034,Sambuca di Sicilia,0,0,36,324983,4169851,24.1
084034,Sambuca di Sicilia,0,0,37,325571,4169780,24.1
084034,Sambuca di Sicilia,0,0,38,326049,4168911,24.1
084034,Sambuca di Sicilia,0,0,39,327629,4168249,24.1
084034,Sambuca di Sicilia,0,0,40,328961,4166902,24.1
084034,Sambuca di Sicilia,0,0,41,328932,4167434,24.1
084034,Sambuca di Sicilia,0,0,42,329367,4168545,24.1
084034,Sambuca di Sicilia,0,0,43,330117,4169652,24.1
084034,Sambuca di Sicilia,0,0,44,330683,4173427,24.1
084034,Sambuca di Sicilia,0,0,45,330972,4173563,24.1
084034,Sambuca di Sicilia,0,0,46,332507,4173567,24.1
084034,Sambuca di Sicilia,0,0,47,333450,4174066,24.1
084034,Sambuca di Sicilia,0,0,48,334588,4174348,24.1
084035,San Biagio Platani,0,0,0,371184,4157479,18.0
084035,San Biagio Platani,0,0,1,371918,4157029,18.0
084035,San Biagio Platani,0,0,2,372542,4155729,18.0
084035,San Biagio Platani,0,0,3,372328,4155328,18.0
084035,San Biagio Platani,0,0,4,371920,4155045,18.0
084035,San Biagio Platani,0,0,5,371715,4154372,18.0
084035,San Biagio Platani,0,0,6,371761,4154082,18.0
084035,San Biagio Platani,0,0,7,372295,4153442,18.0
084035,San Biagio Platani,0,0,8,374163,4153059,18.0
084035,San Biagio Platani,0,0,9,376059,4152371,18.0
084035,San Biagio Platani,0,0,10,376264,4151707,18.0
084035,San Biagio Platani,0,0,11,376082,4151102,18.0
084035,San Biagio Platani,0,0,12,376466,4150287,18.0
084035,San Biagio Platani,0,0,13,376724,4150113,18.0
084035,San Biagio Platani,0,0,14,376093,4149143,18.0
084035,San Biagio Platani,0,0,15,375204,4148959,18.0
084035,San Biagio Platani,0,0,16,374529,4150153,18.0
084035,San Biagio Platani,0,0,17,373293,4150171,18.0
084035,San Biagio Platani,0,0,18,372994,4150683,18.0
084035,San Biagio Platani,0,0,19,372387,4150604,18.0
084035,San Biagio Platani,0,0,20,371906,4149945,18.0
084035,San Biagio Platani,0,0,21,369378,4150459,18.0
084035,San Biagio Platani,0,0,22,368604,4149994,18.0
084035,San Biagio Platani,0,0,23,367787,4149789,18.0
084035,San Biagio Platani,0,0,24,366150,4150120,18.0
084035,San Biagio Platani,0,0,25,365989,4150283,18.0
084035,San Biagio Platani,0,0,26,365763,4150725,18.0
084035,San Biagio Platani,0,0,27,365853,4151022,18.0
084035,San Biagio Platani,0,0,28,366964,4151306,18.0
084035,San Biagio Platani,0,0,29,367462,4151888,18.0
084035,San Biagio Platani,0,0,30,367986,4153454,18.0
084035,San Biagio Platani,0,0,31,368047,4154442,18.0
084035,San Biagio Platani,0,0,32,368461,4155076,18.0
084035,San Biagio Platani,0,0,33,368503,4155397,18.0
084035,San Biagio Platani,0,0,34,369091,4155564,18.0
084035,San Biagio Platani,0,0,35,369315,4155813,18.0
084035,San Biagio Platani,0,0,36,369673,4156483,18.0
084035,San Biagio Platani,0,0,37,369502,4156642,18.0
084035,San Biagio Platani,0,0,38,369560,4156811,18.0
084035,San Biagio Platani,0,0,39,369900,4157264,18.0
084035,San Biagio Platani,0,0,40,370530,4157552,18.0
084035,San Biagio Platani,0,0,41,371184,4157479,18.0
084036,San Giovanni Gemini,0,0,0,383961,4167621,23.1
084036,San Giovanni Gemini,0,0,1,384549,4166006,23.1
084036,San Giovanni Gemini,0,0,2,384533,4165118,23.1
084036,San Giovanni Gemini,0,0,3,384026,4164090,23.1
084036,San Giovanni Gemini,0,0,4,382376,4163270,23.1
084036,San Giovanni Gemini,0,0,5,381104,4161853,23.1
084036,San Giovanni Gemini,0,0,6,379197,4161309,23.1
084036,San Giovanni Gemini,0,0,7,378226,4161274,23.1
084036,San Giovanni Gemini,0,0,8,377711,4162283,23.1
084036,San Giovanni Gemini,0,0,9,376873,4162990,23.1
084036,San Giovanni Gemini,0,0,10,377342,4164552,23.1
084036,San Giovanni Gemini,0,0,11,378606,4164886,23.1
084036,San Giovanni Gemini,0,0,12,380421,4166136,23.1
084036,San Giovanni Gemini,0,0,13,381948,4166323,23.1
084036,San Giovanni Gemini,0,0,14,383068,4167210,23.1
084036,San Giovanni Gemini,0,0,15,383961,4167621,23.1
084037,Santa Elisabetta,0,0,0,374109,4147280,19.6
084037,Santa Elisabetta,0,0,1,374070,4146362,19.6
084037,Santa Elisabetta,0,0,2,373034,4144658,19.6
084037,Santa Elisabetta,0,0,3,373005,4144057,19.6
084037,Santa Elisabetta,0,0,4,374155,4143420,19.6
084037,Santa Elisabetta,0,0,5,374124,4143186,19.6
084037,Santa Elisabetta,0,0,6,373450,4142388,19.6
084037,Santa Elisabetta,0,0,7,372053,4142854,19.6
084037,Santa Elisabetta,0,0,8,371549,4142528,19.6
084037,Santa Elisabetta,0,0,9,371017,4142560,19.6
084037,Santa Elisabetta,0,0,10,370892,4143013,19.6
084037,Santa Elisabetta,0,0,11,370399,4143360,19.6
084037,Santa Elisabetta,0,0,12,369558,4142824,19.6
084037,Santa Elisabetta,0,0,13,369291,4142826,19.6
084037,Santa Elisabetta,0,0,14,369134,4143186,19.6
084037,Santa Elisabetta,0,0,15,369332,4143808,19.6
084037,Santa Elisabetta,0,0,16,368711,4144506,19.6
084037,Santa Elisabetta,0,0,17,368528,4144828,19.6
084037,Santa Elisabetta,0,0,18,368666,4144956,19.6
084037,Santa Elisabetta,0,0,19,370288,4146285,19.6
084037,Santa Elisabetta,0,0,20,372259,4146142,19.6
084037,Santa Elisabetta,0,0,21,372800,4146473,19.6
084037,Santa Elisabetta,0,0,22,373188,4147028,19.6
084037,Santa Elisabetta,0,0,23,373679,4147386,19.6
084037,Santa Elisabetta,0,0,24,373994,4147489,19.6
084037,Santa Elisabetta,0,0,25,374109,4147280,19.6
084038,Santa Margherita di Belice,0,0,0,324851,4179118,19.9
084038,Santa Margherita di Belice,0,0,1,326120,4178748,19.9
084038,Santa Margherita di Belice,0,0,2,326755,4178091,19.9
084038,Santa Margherita di Belice,0,0,3,326853,4177436,19.9
084038,Santa Margherita di Belice,0,0,4,327825,4175663,19.9
084038,Santa Margherita di Belice,0,0,5,329321,4174506,19.9
084038,Santa Margherita di Belice,0,0,6,330665,4173182,19.9
084038,Santa Margherita di Belice,0,0,7,330117,4169652,19.9
084038,Santa Margherita di Belice,0,0,8,329367,4168545,19.9
084038,Santa Margherita di Belice,0,0,9,328932,4167434,19.9
084038,Santa Margherita di Belice,0,0,10,328961,4166902,19.9
084038,Santa Margherita di Belice,0,0,11,327629,4168249,19.9
084038,Santa Margherita di Belice,0,0,12,326049,4168911,19.9
084038,Santa Margherita di Belice,0,0,13,325493,4169822,19.9
084038,Santa Margherita di Belice,0,0,14,324790,4169803,19.9
084038,Santa Margherita di Belice,0,0,15,324159,4169429,19.9
084038,Santa Margherita di Belice,0,0,16,323389,4169457,19.9
084038,Santa Margherita di Belice,0,0,17,322360,4171138,19.9
084038,Santa Margherita di Belice,0,0,18,321970,4172144,19.9
084038,Santa Margherita di Belice,0,0,19,323184,4174625,19.9
084038,Santa Margherita di Belice,0,0,20,322241,4175810,19.9
084038,Santa Margherita di Belice,0,0,21,321595,4176191,19.9
084038,Santa Margherita di Belice,0,0,22,321007,4176855,19.9
084038,Santa Margherita di Belice,0,0,23,320605,4177725,19.9
084038,Santa Margherita di Belice,0,0,24,322654,4178258,19.9
084038,Santa Margherita di Belice,0,0,25,322849,4178925,19.9
084038,Santa Margherita di Belice,0,0,26,323160,4179111,19.9
084038,Santa Margherita di Belice,0,0,27,323517,4178792,19.9
084038,Santa Margherita di Belice,0,0,28,323567,4178340,19.9
084038,Santa Margherita di Belice,0,0,29,324272,4178601,19.9
084038,Santa Margherita di Belice,0,0,30,324851,4179118,19.9
084039,Sant'Angelo Muxaro,0,0,0,377528,4150048,20.9
084039,Sant'Angelo Muxaro,0,0,1,377069,4149660,20.9
084039,Sant'Angelo Muxaro,0,0,2,376436,4148437,20.9
084039,Sant'Angelo Muxaro,0,0,3,376257,4147668,20.9
084039,Sant'Angelo Muxaro,0,0,4,376410,4146852,20.9
084039,Sant'Angelo Muxaro,0,0,5,376219,4146395,20.9
084039,Sant'Angelo Muxaro,0,0,6,376379,4144883,20.9
084039,Sant'Angelo Muxaro,0,0,7,376276,4144464,20.9
084039,Sant'Angelo Muxaro,0,0,8,375756,4144139,20.9
084039,Sant'Angelo Muxaro,0,0,9,375288,4144218,20.9
084039,Sant'Angelo Muxaro,0,0,10,375129,4144493,20.9
084039,Sant'Angelo Muxaro,0,0,11,375068,4145660,20.9
084039,Sant'Angelo Muxaro,0,0,12,375451,4146218,20.9
084039,Sant'Angelo Muxaro,0,0,13,375505,4147065,20.9
084039,Sant'Angelo Muxaro,0,0,14,374189,4147549,20.9
084039,Sant'Angelo Muxaro,0,0,15,373188,4147028,20.9
084039,Sant'Angelo Muxaro,0,0,16,372438,4146200,20.9
084039,Sant'Angelo Muxaro,0,0,17,370288,4146285,20.9
084039,Sant'Angelo Muxaro,0,0,18,368528,4144828,20.9
084039,Sant'Angelo Muxaro,0,0,19,367220,4144728,20.9
084039,Sant'Angelo Muxaro,0,0,20,366408,4144226,20.9
084039,Sant'Angelo Muxaro,0,0,21,365713,4144531,20.9
084039,Sant'Angelo Muxaro,0,0,22,365224,4145196,20.9
084039,Sant'Angelo Muxaro,0,0,23,363382,4145296,20.9
084039,Sant'Angelo Muxaro,0,0,24,361866,4145836,20.9
084039,Sant'Angelo Muxaro,0,0,25,361581,4146258,20.9
084039,Sant'Angelo Muxaro,0,0,26,361748,4146808,20.9
084039,Sant'Angelo Muxaro,0,0,27,361455,4147094,20.9
084039,Sant'Angelo Muxaro,0,0,28,361586,4147397,20.9
084039,Sant'Angelo Muxaro,0,0,29,362469,4148177,20.9
084039,Sant'Angelo Muxaro,0,0,30,362412,4148919,20.9
084039,Sant'Angelo Muxaro,0,0,31,362619,4149697,20.9
084039,Sant'Angelo Muxaro,0,0,32,362905,4150284,20.9
084039,Sant'Angelo Muxaro,0,0,33,363407,4150486,20.9
084039,Sant'Angelo Muxaro,0,0,34,363617,4150376,20.9
084039,Sant'Angelo Muxaro,0,0,35,363824,4149746,20.9
084039,Sant'Angelo Muxaro,0,0,36,364042,4149631,20.9
084039,Sant'Angelo Muxaro,0,0,37,365119,4149976,20.9
084039,Sant'Angelo Muxaro,0,0,38,365642,4150774,20.9
084039,Sant'Angelo Muxaro,0,0,39,366150,4150120,20.9
084039,Sant'Angelo Muxaro,0,0,40,367996,4149783,20.9
084039,Sant'Angelo Muxaro,0,0,41,369378,4150459,20.9
084039,Sant'Angelo Muxaro,0,0,42,371906,4149945,20.9
084039,Sant'Angelo Muxaro,0,0,43,372387,4150604,20.9
084039,Sant'Angelo Muxaro,0,0,44,372994,4150683,20.9
084039,Sant'Angelo Muxaro,0,0,45,373293,4150171,20.9
084039,Sant'Angelo Muxaro,0,0,46,374529,4150153,20.9
084039,Sant'Angelo Muxaro,0,0,47,375204,4148959,20.9
084039,Sant'Angelo Muxaro,0,0,48,376093,4149143,20.9
084039,Sant'Angelo Muxaro,0,0,49,376718,4150067,20.9
084039,Sant'Angelo Muxaro,0,0,50,376343,4150477,20.9
084039,Sant'Angelo Muxaro,0,0,51,376293,4150759,20.9
084039,Sant'Angelo Muxaro,0,0,52,377243,4150206,20.9
084039,Sant'Angelo Muxaro,0,0,53,377189,4150673,20.9
084039,Sant'Angelo Muxaro,0,0,54,377450,4150740,20.9
084039,Sant'Angelo Muxaro,0,0,55,377528,4150048,20.9
084040,Santo Stefano Quisquina,0,0,0,368599,4167819,19.4
084040,Santo Stefano Quisquina,0,0,1,369109,4167170,19.4
084040,Santo Stefano Quisquina,0,0,2,370092,4166674,19.4
084040,Santo Stefano Quisquina,0,0,3,370872,4166557,19.4
084040,Santo Stefano Quisquina,0,0,4,371980,4166750,19.4
084040,Santo Stefano Quisquina,0,0,5,373272,4166339,19.4
084040,Santo Stefano Quisquina,0,0,6,373749,4166386,19.4
084040,Santo Stefano Quisquina,0,0,7,372970,4165844,19.4
084040,Santo Stefano Quisquina,0,0,8,371869,4164268,19.4
084040,Santo Stefano Quisquina,0,0,9,371700,4163645,19.4
084040,Santo Stefano Quisquina,0,0,10,371872,4163155,19.4
084040,Santo Stefano Quisquina,0,0,11,373305,4162094,19.4
084040,Santo Stefano Quisquina,0,0,12,373749,4162056,19.4
084040,Santo Stefano Quisquina,0,0,13,373982,4161875,19.4
084040,Santo Stefano Quisquina,0,0,14,374211,4161131,19.4
084040,Santo Stefano Quisquina,0,0,15,374097,4159838,19.4
084040,Santo Stefano Quisquina,0,0,16,374278,4159234,19.4
084040,Santo Stefano Quisquina,0,0,17,373112,4158506,19.4
084040,Santo Stefano Quisquina,0,0,18,369900,4157264,19.4
084040,Santo Stefano Quisquina,0,0,19,369560,4156811,19.4
084040,Santo Stefano Quisquina,0,0,20,369502,4156642,19.4
084040,Santo Stefano Quisquina,0,0,21,369673,4156483,19.4
084040,Santo Stefano Quisquina,0,0,22,369315,4155813,19.4
084040,Santo Stefano Quisquina,0,0,23,369091,4155564,19.4
084040,Santo Stefano Quisquina,0,0,24,368503,4155397,19.4
084040,Santo Stefano Quisquina,0,0,25,368614,4155691,19.4
084040,Santo Stefano Quisquina,0,0,26,368271,4156383,19.4
084040,Santo Stefano Quisquina,0,0,27,366660,4157773,19.4
084040,Santo Stefano Quisquina,0,0,28,366454,4158466,19.4
084040,Santo Stefano Quisquina,0,0,29,366748,4158665,19.4
084040,Santo Stefano Quisquina,0,0,30,366655,4159409,19.4
084040,Santo Stefano Quisquina,0,0,31,366323,4159574,19.4
084040,Santo Stefano Quisquina,0,0,32,365991,4160354,19.4
084040,Santo Stefano Quisquina,0,0,33,364873,4160590,19.4
084040,Santo Stefano Quisquina,0,0,34,364764,4160737,19.4
084040,Santo Stefano Quisquina,0,0,35,364506,4161581,19.4
084040,Santo Stefano Quisquina,0,0,36,364673,4162253,19.4
084040,Santo Stefano Quisquina,0,0,37,364411,4162624,19.4
084040,Santo Stefano Quisquina,0,0,38,364199,4164272,19.4
084040,Santo Stefano Quisquina,0,0,39,363547,4164294,19.4
084040,Santo Stefano Quisquina,0,0,40,364611,4167864,19.4
084040,Santo Stefano Quisquina,0,0,41,368387,4169006,19.4
084040,Santo Stefano Quisquina,0,0,42,368695,4168402,19.4
084040,Santo Stefano Quisquina,0,0,43,368599,4167819,19.4
084041,Sciacca,0,0,0,330557,4166802,22.9
084041,Sciacca,0,0,1,330564,4166164,22.9
084041,Sciacca,0,0,2,330830,4165774,22.9
084041,Sciacca,0,0,3,331721,4165485,22.9
084041,Sciacca,0,0,4,332418,4164782,22.9
084041,Sciacca,0,0,5,333456,4164614,22.9
084041,Sciacca,0,0,6,333007,4163544,22.9
084041,Sciacca,0,0,7,332852,4162550,22.9
084041,Sciacca,0,0,8,332224,4161837,22.9
084041,Sciacca,0,0,9,332330,4161226,22.9
084041,Sciacca,0,0,10,332913,4160983,22.9
084041,Sciacca,0,0,11,337024,4160549,22.9
084041,Sciacca,0,0,12,337898,4160640,22.9
084041,Sciacca,0,0,13,338146,4160157,22.9
084041,Sciacca,0,0,14,338235,4159001,22.9
084041,Sciacca,0,0,15,338595,4158045,22.9
084041,Sciacca,0,0,16,339187,4157570,22.9
084041,Sciacca,0,0,17,340404,4157179,22.9
084041,Sciacca,0,0,18,340153,4156687,22.9
084041,Sciacca,0,0,19,340136,4156150,22.9
084041,Sciacca,0,0,20,340924,4155711,22.9
084041,Sciacca,0,0,21,343007,4155041,22.9
084041,Sciacca,0,0,22,343107,4154404,22.9
084041,Sciacca,0,0,23,342573,4150650,22.9
084041,Sciacca,0,0,24,342659,4150092,22.9
084041,Sciacca,0,0,25,341345,4149194,22.9
084041,Sciacca,0,0,26,341036,4148815,22.9
084041,Sciacca,0,0,27,341171,4148395,22.9
084041,Sciacca,0,0,28,341032,4147871,22.9
084041,Sciacca,0,0,29,340480,4147991,22.9
084041,Sciacca,0,0,30,339608,4149640,22.9
084041,Sciacca,0,0,31,338461,4150764,22.9
084041,Sciacca,0,0,32,336856,4151585,22.9
084041,Sciacca,0,0,33,335383,4151504,22.9
084041,Sciacca,0,0,34,334711,4151161,22.9
084041,Sciacca,0,0,35,331911,4152272,22.9
084041,Sciacca,0,0,36,330006,4152689,22.9
084041,Sciacca,0,0,37,327962,4152550,22.9
084041,Sciacca,0,0,38,327530,4152394,22.9
084041,Sciacca,0,0,39,326607,4151676,22.9
084041,Sciacca,0,0,40,324970,4151692,22.9
084041,Sciacca,0,0,41,324309,4152197,22.9
084041,Sciacca,0,0,42,324567,4152802,22.9
084041,Sciacca,0,0,43,324418,4153358,22.9
084041,Sciacca,0,0,44,322475,4156474,22.9
084041,Sciacca,0,0,45,322824,4156887,22.9
084041,Sciacca,0,0,46,323238,4158178,22.9
084041,Sciacca,0,0,47,324182,4159917,22.9
084041,Sciacca,0,0,48,325030,4160480,22.9
084041,Sciacca,0,0,49,325156,4161572,22.9
084041,Sciacca,0,0,50,325363,4162001,22.9
084041,Sciacca,0,0,51,325690,4162391,22.9
084041,Sciacca,0,0,52,326696,4162793,22.9
084041,Sciacca,0,0,53,327729,4164591,22.9
084041,Sciacca,0,0,54,328682,4165197,22.9
084041,Sciacca,0,0,55,329569,4166688,22.9
084041,Sciacca,0,0,56,330270,4166903,22.9
084041,Sciacca,0,0,57,330557,4166802,22.9
084042,Siculiana,0,0,0,361488,4137780,19.1
084042,Siculiana,0,0,1,361780,4137310,19.1
084042,Siculiana,0,0,2,361704,4137067,19.1
084042,Siculiana,0,0,3,361285,4137049,19.1
084042,Siculiana,0,0,4,361060,4137266,19.1
084042,Siculiana,0,0,5,360978,4136963,19.1
084042,Siculiana,0,0,6,361361,4134813,19.1
084042,Siculiana,0,0,7,361111,4134770,19.1
084042,Siculiana,0,0,8,361185,4134314,19.1
084042,Siculiana,0,0,9,362124,4133771,19.1
084042,Siculiana,0,0,10,362018,4133413,19.1
084042,Siculiana,0,0,11,361627,4132975,19.1
084042,Siculiana,0,0,12,360824,4132876,19.1
084042,Siculiana,0,0,13,360312,4132133,19.1
084042,Siculiana,0,0,14,359716,4132127,19.1
084042,Siculiana,0,0,15,359361,4131926,19.1
084042,Siculiana,0,0,16,358518,4132948,19.1
084042,Siculiana,0,0,17,357225,4133310,19.1
084042,Siculiana,0,0,18,356065,4134586,19.1
084042,Siculiana,0,0,19,354824,4135198,19.1
084042,Siculiana,0,0,20,354141,4135802,19.1
084042,Siculiana,0,0,21,353420,4136115,19.1
084042,Siculiana,0,0,22,352798,4136073,19.1
084042,Siculiana,0,0,23,351383,4136544,19.1
084042,Siculiana,0,0,24,350323,4138215,19.1
084042,Siculiana,0,0,25,350469,4138406,19.1
084042,Siculiana,0,0,26,350893,4138474,19.1
084042,Siculiana,0,0,27,351453,4139384,19.1
084042,Siculiana,0,0,28,352217,4139617,19.1
084042,Siculiana,0,0,29,354173,4138006,19.1
084042,Siculiana,0,0,30,354588,4137222,19.1
084042,Siculiana,0,0,31,355169,4136949,19.1
084042,Siculiana,0,0,32,355519,4137084,19.1
084042,Siculiana,0,0,33,356932,4136382,19.1
084042,Siculiana,0,0,34,357109,4136698,19.1
084042,Siculiana,0,0,35,356931,4136976,19.1
084042,Siculiana,0,0,36,356990,4137506,19.1
084042,Siculiana,0,0,37,357903,4138248,19.1
084042,Siculiana,0,0,38,358528,4138506,19.1
084042,Siculiana,0,0,39,358850,4138341,19.1
084042,Siculiana,0,0,40,359636,4139185,19.1
084042,Siculiana,0,0,41,361488,4137780,19.1
084043,Villafranca Sicula,0,0,0,349264,4161507,23.3
084043,Villafranca Sicula,0,0,1,350308,4158504,23.3
084043,Villafranca Sicula,0,0,2,350073,4158442,23.3
084043,Villafranca Sicula,0,0,3,350039,4157819,23.3
084043,Villafranca Sicula,0,0,4,349530,4156912,23.3
084043,Villafranca Sicula,0,0,5,348179,4156267,23.3
084043,Villafranca Sicula,0,0,6,347792,4155666,23.3
084043,Villafranca Sicula,0,0,7,347155,4155498,23.3
084043,Villafranca Sicula,0,0,8,346872,4155689,23.3
084043,Villafranca Sicula,0,0,9,347042,4156319,23.3
084043,Villafranca Sicula,0,0,10,346837,4157473,23.3
084043,Villafranca Sicula,0,0,11,346463,4158400,23.3
084043,Villafranca Sicula,0,0,12,346602,4159782,23.3
084043,Villafranca Sicula,0,0,13,346289,4161071,23.3
084043,Villafranca Sicula,0,0,14,348838,4162158,23.3
084043,Villafranca Sicula,0,0,15,349264,4161507,23.3
085001,Acquaviva Platani,0,0,0,384317,4160742,20.1
085001,Acquaviva Platani,0,0,1,384824,4160509,20.1
085001,Acquaviva Platani,0,0,2,385930,4160331,20.1
085001,Acquaviva Platani,0,0,3,386984,4160476,20.1
085001,Acquaviva Platani,0,0,4,386980,4159522,20.1
085001,Acquaviva Platani,0,0,5,386058,4159136,20.1
085001,Acquaviva Platani,0,0,6,386009,4158887,20.1
085001,Acquaviva Platani,0,0,7,386231,4157975,20.1
085001,Acquaviva Platani,0,0,8,386486,4157831,20.1
085001,Acquaviva Platani,0,0,9,387313,4157913,20.1
085001,Acquaviva Platani,0,0,10,387006,4157832,20.1
085001,Acquaviva Platani,0,0,11,386886,4156875,20.1
085001,Acquaviva Platani,0,0,12,386102,4156101,20.1
085001,Acquaviva Platani,0,0,13,384422,4155450,20.1
085001,Acquaviva Platani,0,0,14,384206,4156935,20.1
085001,Acquaviva Platani,0,0,15,383884,4157815,20.1
085001,Acquaviva Platani,0,0,16,383161,4158662,20.1
085001,Acquaviva Platani,0,0,17,382539,4159050,20.1
085001,Acquaviva Platani,0,0,18,382412,4159408,20.1
085001,Acquaviva Platani,0,0,19,382747,4160106,20.1
085001,Acquaviva Platani,0,0,20,383506,4160784,20.1
085001,Acquaviva Platani,0,0,21,384317,4160742,20.1
085002,Bompensiere,0,0,0,391579,4150979,16.1
085002,Bompensiere,0,0,1,392047,4150685,16.1
085002,Bompensiere,0,0,2,392319,4150008,16.1
085002,Bompensiere,0,0,3,393267,4148963,16.1
085002,Bompensiere,0,0,4,394265,4148372,16.1
085002,Bompensiere,0,0,5,394723,4148331,16.1
085002,Bompensiere,0,0,6,394926,4148005,16.1
085002,Bompensiere,0,0,7,394836,4147123,16.1
085002,Bompensiere,0,0,8,394579,4147050,16.1
085002,Bompensiere,0,0,9,394338,4146674,16.1
085002,Bompensiere,0,0,10,394191,4145090,16.1
085002,Bompensiere,0,0,11,394430,4144314,16.1
085002,Bompensiere,0,0,12,394125,4143668,16.1
085002,Bompensiere,0,0,13,391551,4144454,16.1
085002,Bompensiere,0,0,14,390249,4144058,16.1
085002,Bompensiere,0,0,15,390649,4145702,16.1
085002,Bompensiere,0,0,16,391202,4146158,16.1
085002,Bompensiere,0,0,17,391038,4146966,16.1
085002,Bompensiere,0,0,18,391470,4148448,16.1
085002,Bompensiere,0,0,19,390809,4149003,16.1
085002,Bompensiere,0,0,20,390809,4150292,16.1
085002,Bompensiere,0,0,21,391579,4150979,16.1
085003,Butera,0,0,0,425058,4127406,17.6
085003,Butera,0,0,1,425781,4126285,17.6
085003,Butera,0,0,2,424491,4125098,17.6
085003,Butera,0,0,3,425162,4124599,17.6
085003,Butera,0,0,4,425599,4125025,17.6
085003,Butera,0,0,5,425935,4125042,17.6
085003,Butera,0,0,6,426645,4124380,17.6
085003,Butera,0,0,7,427570,4123041,17.6
085003,Butera,0,0,8,428132,4122821,17.6
085003,Butera,0,0,9,429169,4122804,17.6
085003,Butera,0,0,10,429293,4123481,17.6
085003,Butera,0,0,11,429933,4123224,17.6
085003,Butera,0,0,12,430944,4123605,17.6
085003,Butera,0,0,13,431336,4123617,17.6
085003,Butera,0,0,14,431801,4123224,17.6
085003,Butera,0,0,15,432384,4121346,17.6
085003,Butera,0,0,16,432699,4119487,17.6
085003,Butera,0,0,17,433405,4117925,17.6
085003,Butera,0,0,18,433518,4116836,17.6
085003,Butera,0,0,19,434163,4116579,17.6
085003,Butera,0,0,20,435301,4116621,17.6
085003,Butera,0,0,21,436103,4116097,17.6
085003,Butera,0,0,22,436506,4115546,17.6
085003,Butera,0,0,23,436679,4114180,17.6
085003,Butera,0,0,24,437506,4113769,17.6
085003,Butera,0,0,25,437410,4113395,17.6
085003,Butera,0,0,26,437779,4113273,17.6
085003,Butera,0,0,27,437772,4113101,17.6
085003,Butera,0,0,28,437610,4112909,17.6
085003,Butera,0,0,29,437324,4112916,17.6
085003,Butera,0,0,30,435994,4113424,17.6
085003,Butera,0,0,31,434204,4113648,17.6
085003,Butera,0,0,32,433343,4113059,17.6
085003,Butera,0,0,33,432227,4111696,17.6
085003,Butera,0,0,34,430201,4111608,17.6
085003,Butera,0,0,35,429242,4111413,17.6
085003,Butera,0,0,36,427006,4112172,17.6
085003,Butera,0,0,37,425264,4112005,17.6
085003,Butera,0,0,38,424608,4111500,17.6
085003,Butera,0,0,39,424154,4109857,17.6
085003,Butera,0,0,40,423038,4109145,17.6
085003,Butera,0,0,41,422358,4108307,17.6
085003,Butera,0,0,42,421552,4107709,17.6
085003,Butera,0,0,43,421429,4106633,17.6
085003,Butera,0,0,44,418164,4107464,17.6
085003,Butera,0,0,45,417083,4107584,17.6
085003,Butera,0,0,46,414625,4107248,17.6
085003,Butera,0,0,47,414373,4107076,17.6
085003,Butera,0,0,48,414431,4109472,17.6
085003,Butera,0,0,49,414266,4111174,17.6
085003,Butera,0,0,50,413864,4112463,17.6
085003,Butera,0,0,51,413337,4112955,17.6
085003,Butera,0,0,52,413068,4113005,17.6
085003,Butera,0,0,53,412750,4112835,17.6
085003,Butera,0,0,54,412207,4113076,17.6
085003,Butera,0,0,55,411868,4114050,17.6
085003,Butera,0,0,56,411259,4115058,17.6
085003,Butera,0,0,57,409680,4116774,17.6
085003,Butera,0,0,58,409973,4116704,17.6
085003,Butera,0,0,59,410696,4117003,17.6
085003,Butera,0,0,60,410885,4116707,17.6
085003,Butera,0,0,61,411159,4116630,17.6
085003,Butera,0,0,62,411629,4116810,17.6
085003,Butera,0,0,63,411493,4117250,17.6
085003,Butera,0,0,64,411058,4117532,17.6
085003,Butera,0,0,65,410780,4117954,17.6
085003,Butera,0,0,66,410612,4119812,17.6
085003,Butera,0,0,67,411260,4120172,17.6
085003,Butera,0,0,68,412673,4120567,17.6
085003,Butera,0,0,69,414309,4120003,17.6
085003,Butera,0,0,70,416757,4120814,17.6
085003,Butera,0,0,71,417926,4121779,17.6
085003,Butera,0,0,72,417986,4122123,17.6
085003,Butera,0,0,73,417835,4122469,17.6
085003,Butera,0,0,74,417179,4123002,17.6
085003,Butera,0,0,75,418874,4123336,17.6
085003,Butera,0,0,76,419610,4123900,17.6
085003,Butera,0,0,77,420360,4124221,17.6
085003,Butera,0,0,78,421988,4124450,17.6
085003,Butera,0,0,79,422394,4125957,17.6
085003,Butera,0,0,80,422759,4126524,17.6
085003,Butera,0,0,81,424043,4127291,17.6
085003,Butera,0,0,82,425058,4127406,17.6
085004,Caltanissetta,0,0,0,412877,4161501,28.5
085004,Caltanissetta,0,0,1,412853,4159760,28.5
085004,Caltanissetta,0,0,2,414696,4159084,28.5
085004,Caltanissetta,0,0,3,415170,4159085,28.5
085004,Caltanissetta,0,0,4,416544,4160114,28.5
085004,Caltanissetta,0,0,5,417190,4160257,28.5
085004,Caltanissetta,0,0,6,417849,4160086,28.5
085004,Caltanissetta,0,0,7,418695,4160534,28.5
085004,Caltanissetta,0,0,8,419666,4160638,28.5
085004,Caltanissetta,0,0,9,420566,4159506,28.5
085004,Caltanissetta,0,0,10,421062,4158426,28.5
085004,Caltanissetta,0,0,11,420502,4156642,28.5
085004,Caltanissetta,0,0,12,419599,4157099,28.5
085004,Caltanissetta,0,0,13,419395,4156956,28.5
085004,Caltanissetta,0,0,14,419556,4155806,28.5
085004,Caltanissetta,0,0,15,420463,4154837,28.5
085004,Caltanissetta,0,0,16,421236,4155117,28.5
085004,Caltanissetta,0,0,17,422866,4154515,28.5
085004,Caltanissetta,0,0,18,422673,4153784,28.5
085004,Caltanissetta,0,0,19,422885,4153073,28.5
085004,Caltanissetta,0,0,20,423345,4152482,28.5
085004,Caltanissetta,0,0,21,423772,4152384,28.5
085004,Caltanissetta,0,0,22,424302,4151460,28.5
085004,Caltanissetta,0,0,23,424003,4151059,28.5
085004,Caltanissetta,0,0,24,424177,4150505,28.5
085004,Caltanissetta,0,0,25,425227,4148879,28.5
085004,Caltanissetta,0,0,26,425677,4148571,28.5
085004,Caltanissetta,0,0,27,424905,4148203,28.5
085004,Caltanissetta,0,0,28,424120,4148142,28.5
085004,Caltanissetta,0,0,29,423240,4147525,28.5
085004,Caltanissetta,0,0,30,422214,4146335,28.5
085004,Caltanissetta,0,0,31,418480,4142790,28.5
085004,Caltanissetta,0,0,32,417777,4142019,28.5
085004,Caltanissetta,0,0,33,417674,4140806,28.5
085004,Caltanissetta,0,0,34,417851,4140295,28.5
085004,Caltanissetta,0,0,35,417373,4140030,28.5
085004,Caltanissetta,0,0,36,416995,4140194,28.5
085004,Caltanissetta,0,0,37,416809,4140732,28.5
085004,Caltanissetta,0,0,38,416502,4140506,28.5
085004,Caltanissetta,0,0,39,416538,4140023,28.5
085004,Caltanissetta,0,0,40,418006,4138220,28.5
085004,Caltanissetta,0,0,41,418316,4137431,28.5
085004,Caltanissetta,0,0,42,417833,4136825,28.5
085004,Caltanissetta,0,0,43,418699,4136228,28.5
085004,Caltanissetta,0,0,44,418741,4135912,28.5
085004,Caltanissetta,0,0,45,418273,4135985,28.5
085004,Caltanissetta,0,0,46,416502,4135646,28.5
085004,Caltanissetta,0,0,47,415385,4134162,28.5
085004,Caltanissetta,0,0,48,415115,4132644,28.5
085004,Caltanissetta,0,0,49,414919,4132389,28.5
085004,Caltanissetta,0,0,50,412471,4133322,28.5
085004,Caltanissetta,0,0,51,412168,4133737,28.5
085004,Caltanissetta,0,0,52,411503,4134161,28.5
085004,Caltanissetta,0,0,53,409179,4134250,28.5
085004,Caltanissetta,0,0,54,408282,4134160,28.5
085004,Caltanissetta,0,0,55,407907,4132311,28.5
085004,Caltanissetta,0,0,56,408002,4132023,28.5
085004,Caltanissetta,0,0,57,406713,4132006,28.5
085004,Caltanissetta,0,0,58,406405,4132126,28.5
085004,Caltanissetta,0,0,59,405703,4133715,28.5
085004,Caltanissetta,0,0,60,405868,4135882,28.5
085004,Caltanissetta,0,0,61,404977,4136524,28.5
085004,Caltanissetta,0,0,62,404322,4136722,28.5
085004,Caltanissetta,0,0,63,402030,4136095,28.5
085004,Caltanissetta,0,0,64,401886,4135710,28.5
085004,Caltanissetta,0,0,65,402426,4135127,28.5
085004,Caltanissetta,0,0,66,402166,4134446,28.5
085004,Caltanissetta,0,0,67,401006,4135281,28.5
085004,Caltanissetta,0,0,68,401517,4136227,28.5
085004,Caltanissetta,0,0,69,401424,4137052,28.5
085004,Caltanissetta,0,0,70,401751,4137434,28.5
085004,Caltanissetta,0,0,71,402704,4137628,28.5
085004,Caltanissetta,0,0,72,403452,4138377,28.5
085004,Caltanissetta,0,0,73,403049,4139355,28.5
085004,Caltanissetta,0,0,74,402287,4140154,28.5
085004,Caltanissetta,0,0,75,401609,4140314,28.5
085004,Caltanissetta,0,0,76,399299,4140219,28.5
085004,Caltanissetta,0,0,77,399523,4141515,28.5
085004,Caltanissetta,0,0,78,400453,4142835,28.5
085004,Caltanissetta,0,0,79,401257,4143624,28.5
085004,Caltanissetta,0,0,80,403914,4145530,28.5
085004,Caltanissetta,0,0,81,403912,4145676,28.5
085004,Caltanissetta,0,0,82,402740,4146506,28.5
085004,Caltanissetta,0,0,83,402608,4146731,28.5
085004,Caltanissetta,0,0,84,402942,4147135,28.5
085004,Caltanissetta,0,0,85,403560,4147393,28.5
085004,Caltanissetta,0,0,86,405319,4147145,28.5
085004,Caltanissetta,0,0,87,406743,4147379,28.5
085004,Caltanissetta,0,0,88,407877,4148298,28.5
085004,Caltanissetta,0,0,89,410349,4148060,28.5
085004,Caltanissetta,0,0,90,410907,4147732,28.5
085004,Caltanissetta,0,0,91,411089,4147225,28.5
085004,Caltanissetta,0,0,92,411310,4147387,28.5
085004,Caltanissetta,0,0,93,412492,4149851,28.5
085004,Caltanissetta,0,0,94,411853,4150740,28.5
085004,Caltanissetta,0,0,95,411275,4151153,28.5
085004,Caltanissetta,0,0,96,410571,4150625,28.5
085004,Caltanissetta,0,0,97,409582,4150527,28.5
085004,Caltanissetta,0,0,98,409624,4153250,28.5
085004,Caltanissetta,0,0,99,407596,4154142,28.5
085004,Caltanissetta,0,0,100,406442,4154255,28.5
085004,Caltanissetta,0,0,101,406118,4154009,28.5
085004,Caltanissetta,0,0,102,406050,4153563,28.5
085004,Caltanissetta,0,0,103,404876,4152664,28.5
085004,Caltanissetta,0,0,104,404209,4153063,28.5
085004,Caltanissetta,0,0,105,404239,4154489,28.5
085004,Caltanissetta,0,0,106,403509,4155746,28.5
085004,Caltanissetta,0,0,107,403887,4156570,28.5
085004,Caltanissetta,0,0,108,403850,4157311,28.5
085004,Caltanissetta,0,0,109,403611,4157579,28.5
085004,Caltanissetta,0,0,110,402938,4157627,28.5
085004,Caltanissetta,0,0,111,402048,4158099,28.5
085004,Caltanissetta,0,0,112,402841,4158338,28.5
085004,Caltanissetta,0,0,113,403306,4158719,28.5
085004,Caltanissetta,0,0,114,403430,4159110,28.5
085004,Caltanissetta,0,0,115,403310,4159563,28.5
085004,Caltanissetta,0,0,116,402567,4159793,28.5
085004,Caltanissetta,0,0,117,402299,4160477,28.5
085004,Caltanissetta,0,0,118,403354,4160677,28.5
085004,Caltanissetta,0,0,119,404387,4161153,28.5
085004,Caltanissetta,0,0,120,404955,4161594,28.5
085004,Caltanissetta,0,0,121,406381,4161211,28.5
085004,Caltanissetta,0,0,122,407930,4160353,28.5
085004,Caltanissetta,0,0,123,409854,4160787,28.5
085004,Caltanissetta,0,0,124,411006,4161425,28.5
085004,Caltanissetta,0,0,125,412268,4161705,28.5
085004,Caltanissetta,0,0,126,412705,4161696,28.5
085004,Caltanissetta,0,0,127,412877,4161501,28.5
085004,Caltanissetta,0,1,0,406348,4146598,28.5
085004,Caltanissetta,0,1,1,406789,4146361,28.5
085004,Caltanissetta,0,1,2,406934,4146059,28.5
085004,Caltanissetta,0,1,3,407156,4144632,28.5
085004,Caltanissetta,0,1,4,406162,4143294,28.5
085004,Caltanissetta,0,1,5,406124,4142843,28.5
085004,Caltanissetta,0,1,6,406455,4142396,28.5
085004,Caltanissetta,0,1,7,407117,4142356,28.5
085004,Caltanissetta,0,1,8,407774,4142654,28.5
085004,Caltanissetta,0,1,9,408313,4143145,28.5
085004,Caltanissetta,0,1,10,409174,4144506,28.5
085004,Caltanissetta,0,1,11,409425,4145960,28.5
085004,Caltanissetta,0,1,12,409242,4146543,28.5
085004,Caltanissetta,0,1,13,408581,4146381,28.5
085004,Caltanissetta,0,1,14,407229,4146843,28.5
085004,Caltanissetta,0,1,15,406348,4146598,28.5
085005,Campofranco,0,0,0,386803,4154090,19.6
085005,Campofranco,0,0,1,387018,4153520,19.6
085005,Campofranco,0,0,2,387445,4153007,19.6
085005,Campofranco,0,0,3,388490,4152377,19.6
085005,Campofranco,0,0,4,389463,4151314,19.6
085005,Campofranco,0,0,5,389358,4150779,19.6
085005,Campofranco,0,0,6,388572,4150307,19.6
085005,Campofranco,0,0,7,388208,4150219,19.6
085005,Campofranco,0,0,8,387935,4150733,19.6
085005,Campofranco,0,0,9,387574,4150777,19.6
085005,Campofranco,0,0,10,386879,4149589,19.6
085005,Campofranco,0,0,11,385973,4149195,19.6
085005,Campofranco,0,0,12,385794,4148946,19.6
085005,Campofranco,0,0,13,385665,4147869,19.6
085005,Campofranco,0,0,14,385759,4147121,19.6
085005,Campofranco,0,0,15,386310,4147165,19.6
085005,Campofranco,0,0,16,386550,4146506,19.6
085005,Campofranco,0,0,17,386106,4144811,19.6
085005,Campofranco,0,0,18,386387,4144468,19.6
085005,Campofranco,0,0,19,385571,4144469,19.6
085005,Campofranco,0,0,20,385152,4144789,19.6
085005,Campofranco,0,0,21,383867,4146532,19.6
085005,Campofranco,0,0,22,382142,4146797,19.6
085005,Campofranco,0,0,23,380749,4146752,19.6
085005,Campofranco,0,0,24,380662,4146888,19.6
085005,Campofranco,0,0,25,381121,4147562,19.6
085005,Campofranco,0,0,26,381196,4148562,19.6
085005,Campofranco,0,0,27,381533,4148394,19.6
085005,Campofranco,0,0,28,381904,4148551,19.6
085005,Campofranco,0,0,29,381899,4148968,19.6
085005,Campofranco,0,0,30,382934,4150132,19.6
085005,Campofranco,0,0,31,383213,4150316,19.6
085005,Campofranco,0,0,32,383834,4150303,19.6
085005,Campofranco,0,0,33,384241,4151233,19.6
085005,Campofranco,0,0,34,384231,4152441,19.6
085005,Campofranco,0,0,35,384484,4153060,19.6
085005,Campofranco,0,0,36,384547,4153710,19.6
085005,Campofranco,0,0,37,384311,4154592,19.6
085005,Campofranco,0,0,38,384978,4154754,19.6
085005,Campofranco,0,0,39,386201,4154644,19.6
085005,Campofranco,0,0,40,386803,4154090,19.6
085006,Delia,0,0,0,405703,4133715,23.9
085006,Delia,0,0,1,406405,4132126,23.9
085006,Delia,0,0,2,404953,4132171,23.9
085006,Delia,0,0,3,404435,4132883,23.9
085006,Delia,0,0,4,402166,4134446,23.9
085006,Delia,0,0,5,402426,4135127,23.9
085006,Delia,0,0,6,401916,4135644,23.9
085006,Delia,0,0,7,401953,4136037,23.9
085006,Delia,0,0,8,404322,4136722,23.9
085006,Delia,0,0,9,404977,4136524,23.9
085006,Delia,0,0,10,405868,4135882,23.9
085006,Delia,0,0,11,405703,4133715,23.9
085007,Gela,0,0,0,442170,4114068,16.2
085007,Gela,0,0,1,442531,4112961,16.2
085007,Gela,0,0,2,442974,4112419,16.2
085007,Gela,0,0,3,443371,4108264,16.2
085007,Gela,0,0,4,443631,4107841,16.2
085007,Gela,0,0,5,444286,4107578,16.2
085007,Gela,0,0,6,444378,4107398,16.2
085007,Gela,0,0,7,443851,4106475,16.2
085007,Gela,0,0,8,443880,4105520,16.2
085007,Gela,0,0,9,444813,4104637,16.2
085007,Gela,0,0,10,446504,4104347,16.2
085007,Gela,0,0,11,447918,4104591,16.2
085007,Gela,0,0,12,449198,4105442,16.2
085007,Gela,0,0,13,449604,4104006,16.2
085007,Gela,0,0,14,450540,4102202,16.2
085007,Gela,0,0,15,450303,4101316,16.2
085007,Gela,0,0,16,450573,4100889,16.2
085007,Gela,0,0,17,450383,4100667,16.2
085007,Gela,0,0,18,447798,4098322,16.2
085007,Gela,0,0,19,446148,4098016,16.2
085007,Gela,0,0,20,445745,4097789,16.2
085007,Gela,0,0,21,443536,4095616,16.2
085007,Gela,0,0,22,441263,4095387,16.2
085007,Gela,0,0,23,441089,4095253,16.2
085007,Gela,0,0,24,437460,4099181,16.2
085007,Gela,0,0,25,435146,4100711,16.2
085007,Gela,0,0,26,434474,4100186,16.2
085007,Gela,0,0,27,434952,4100880,16.2
085007,Gela,0,0,28,434085,4101593,16.2
085007,Gela,0,0,29,432991,4102180,16.2
085007,Gela,0,0,30,431903,4102536,16.2
085007,Gela,0,0,31,431315,4102445,16.2
085007,Gela,0,0,32,429694,4103665,16.2
085007,Gela,0,0,33,426288,4105298,16.2
085007,Gela,0,0,34,424094,4106056,16.2
085007,Gela,0,0,35,422425,4106314,16.2
085007,Gela,0,0,36,421429,4106633,16.2
085007,Gela,0,0,37,421552,4107709,16.2
085007,Gela,0,0,38,422358,4108307,16.2
085007,Gela,0,0,39,423038,4109145,16.2
085007,Gela,0,0,40,424154,4109857,16.2
085007,Gela,0,0,41,424608,4111500,16.2
085007,Gela,0,0,42,425264,4112005,16.2
085007,Gela,0,0,43,427006,4112172,16.2
085007,Gela,0,0,44,429242,4111413,16.2
085007,Gela,0,0,45,430201,4111608,16.2
085007,Gela,0,0,46,432227,4111696,16.2
085007,Gela,0,0,47,433343,4113059,16.2
085007,Gela,0,0,48,434204,4113648,16.2
085007,Gela,0,0,49,435994,4113424,16.2
085007,Gela,0,0,50,437610,4112909,16.2
085007,Gela,0,0,51,437779,4113273,16.2
085007,Gela,0,0,52,438512,4113602,16.2
085007,Gela,0,0,53,441565,4114138,16.2
085007,Gela,0,0,54,442170,4114068,16.2
085008,Marianopoli,0,0,0,402457,4164159,16.9
085008,Marianopoli,0,0,1,404253,4163140,16.9
085008,Marianopoli,0,0,2,405592,4162743,16.9
085008,Marianopoli,0,0,3,404856,4161468,16.9
085008,Marianopoli,0,0,4,403354,4160677,16.9
085008,Marianopoli,0,0,5,402299,4160477,16.9
085008,Marianopoli,0,0,6,400389,4160399,16.9
085008,Marianopoli,0,0,7,399697,4160715,16.9
085008,Marianopoli,0,0,8,400241,4161365,16.9
085008,Marianopoli,0,0,9,400587,4162306,16.9
085008,Marianopoli,0,0,10,401340,4163535,16.9
085008,Marianopoli,0,0,11,402457,4164159,16.9
085009,Mazzarino,0,0,0,413853,4125992,18.1
085009,Mazzarino,0,0,1,414621,4125853,18.1
085009,Mazzarino,0,0,2,415150,4125006,18.1
085009,Mazzarino,0,0,3,415966,4124321,18.1
085009,Mazzarino,0,0,4,416527,4124310,18.1
085009,Mazzarino,0,0,5,416706,4123233,18.1
085009,Mazzarino,0,0,6,417582,4122756,18.1
085009,Mazzarino,0,0,7,417986,4122123,18.1
085009,Mazzarino,0,0,8,417832,4121675,18.1
085009,Mazzarino,0,0,9,416757,4120814,18.1
085009,Mazzarino,0,0,10,414220,4120000,18.1
085009,Mazzarino,0,0,11,412673,4120567,18.1
085009,Mazzarino,0,0,12,412691,4120812,18.1
085009,Mazzarino,0,0,13,412026,4121273,18.1
085009,Mazzarino,0,0,14,411897,4122110,18.1
085009,Mazzarino,0,0,15,412886,4123717,18.1
085009,Mazzarino,0,0,16,412867,4124062,18.1
085009,Mazzarino,0,0,17,412647,4124302,18.1
085009,Mazzarino,0,0,18,412376,4124171,18.1
085009,Mazzarino,0,0,19,412168,4124300,18.1
085009,Mazzarino,0,0,20,412185,4124456,18.1
085009,Mazzarino,0,0,21,413831,4125811,18.1
085009,Mazzarino,0,0,22,413853,4125992,18.1
085009,Mazzarino,1,0,0,432809,4133642,18.1
085009,Mazzarino,1,0,1,434819,4133174,18.1
085009,Mazzarino,1,0,2,435096,4132498,18.1
085009,Mazzarino,1,0,3,435080,4132136,18.1
085009,Mazzarino,1,0,4,435784,4131772,18.1
085009,Mazzarino,1,0,5,436079,4131955,18.1
085009,Mazzarino,1,0,6,436503,4131909,18.1
085009,Mazzarino,1,0,7,436902,4131641,18.1
085009,Mazzarino,1,0,8,439108,4131391,18.1
085009,Mazzarino,1,0,9,439426,4131221,18.1
085009,Mazzarino,1,0,10,439368,4128705,18.1
085009,Mazzarino,1,0,11,441482,4128700,18.1
085009,Mazzarino,1,0,12,441958,4129136,18.1
085009,Mazzarino,1,0,13,442634,4129030,18.1
085009,Mazzarino,1,0,14,442624,4125915,18.1
085009,Mazzarino,1,0,15,444094,4126037,18.1
085009,Mazzarino,1,0,16,445264,4126729,18.1
085009,Mazzarino,1,0,17,446156,4124094,18.1
085009,Mazzarino,1,0,18,445321,4123545,18.1
085009,Mazzarino,1,0,19,445246,4121640,18.1
085009,Mazzarino,1,0,20,444573,4117945,18.1
085009,Mazzarino,1,0,21,444197,4117501,18.1
085009,Mazzarino,1,0,22,443522,4117291,18.1
085009,Mazzarino,1,0,23,442691,4117309,18.1
085009,Mazzarino,1,0,24,442623,4116147,18.1
085009,Mazzarino,1,0,25,441666,4114986,18.1
085009,Mazzarino,1,0,26,442170,4114068,18.1
085009,Mazzarino,1,0,27,441565,4114138,18.1
085009,Mazzarino,1,0,28,438512,4113602,18.1
085009,Mazzarino,1,0,29,437779,4113273,18.1
085009,Mazzarino,1,0,30,437410,4113395,18.1
085009,Mazzarino,1,0,31,437506,4113769,18.1
085009,Mazzarino,1,0,32,436653,4114228,18.1
085009,Mazzarino,1,0,33,436506,4115546,18.1
085009,Mazzarino,1,0,34,436103,4116097,18.1
085009,Mazzarino,1,0,35,435301,4116621,18.1
085009,Mazzarino,1,0,36,434163,4116579,18.1
085009,Mazzarino,1,0,37,433518,4116836,18.1
085009,Mazzarino,1,0,38,433405,4117925,18.1
085009,Mazzarino,1,0,39,432699,4119487,18.1
085009,Mazzarino,1,0,40,432384,4121346,18.1
085009,Mazzarino,1,0,41,431801,4123224,18.1
085009,Mazzarino,1,0,42,431336,4123617,18.1
085009,Mazzarino,1,0,43,429933,4123224,18.1
085009,Mazzarino,1,0,44,429293,4123481,18.1
085009,Mazzarino,1,0,45,429169,4122804,18.1
085009,Mazzarino,1,0,46,428132,4122821,18.1
085009,Mazzarino,1,0,47,427570,4123041,18.1
085009,Mazzarino,1,0,48,427211,4123400,18.1
085009,Mazzarino,1,0,49,426645,4124380,18.1
085009,Mazzarino,1,0,50,425935,4125042,18.1
085009,Mazzarino,1,0,51,425599,4125025,18.1
085009,Mazzarino,1,0,52,425162,4124599,18.1
085009,Mazzarino,1,0,53,424491,4125098,18.1
085009,Mazzarino,1,0,54,425781,4126285,18.1
085009,Mazzarino,1,0,55,425071,4127346,18.1
085009,Mazzarino,1,0,56,424608,4129392,18.1
085009,Mazzarino,1,0,57,424027,4129662,18.1
085009,Mazzarino,1,0,58,423704,4130054,18.1
085009,Mazzarino,1,0,59,423128,4131609,18.1
085009,Mazzarino,1,0,60,423199,4132404,18.1
085009,Mazzarino,1,0,61,424006,4132438,18.1
085009,Mazzarino,1,0,62,424719,4131703,18.1
085009,Mazzarino,1,0,63,426212,4131137,18.1
085009,Mazzarino,1,0,64,427890,4131876,18.1
085009,Mazzarino,1,0,65,430539,4132457,18.1
085009,Mazzarino,1,0,66,431795,4133684,18.1
085009,Mazzarino,1,0,67,432809,4133642,18.1
085009,Mazzarino,2,0,0,418700,4135835,18.1
085009,Mazzarino,2,0,1,418785,4134234,18.1
085009,Mazzarino,2,0,2,419418,4134029,18.1
085009,Mazzarino,2,0,3,419330,4133395,18.1
085009,Mazzarino,2,0,4,418956,4133055,18.1
085009,Mazzarino,2,0,5,419461,4132599,18.1
085009,Mazzarino,2,0,6,419586,4130128,18.1
085009,Mazzarino,2,0,7,419524,4129926,18.1
085009,Mazzarino,2,0,8,418348,4129690,18.1
085009,Mazzarino,2,0,9,417945,4129817,18.1
085009,Mazzarino,2,0,10,416781,4130808,18.1
085009,Mazzarino,2,0,11,416641,4131347,18.1
085009,Mazzarino,2,0,12,415483,4131813,18.1
085009,Mazzarino,2,0,13,414919,4132389,18.1
085009,Mazzarino,2,0,14,415115,4132644,18.1
085009,Mazzarino,2,0,15,415385,4134162,18.1
085009,Mazzarino,2,0,16,416502,4135646,18.1
085009,Mazzarino,2,0,17,418273,4135985,18.1
085009,Mazzarino,2,0,18,418700,4135835,18.1
085010,Milena,0,0,0,388239,4148664,23.6
085010,Milena,0,0,1,390003,4148766,23.6
085010,Milena,0,0,2,390090,4148644,23.6
085010,Milena,0,0,3,391084,4148619,23.6
085010,Milena,0,0,4,391173,4148764,23.6
085010,Milena,0,0,5,391470,4148448,23.6
085010,Milena,0,0,6,391038,4146966,23.6
085010,Milena,0,0,7,391202,4146158,23.6
085010,Milena,0,0,8,390649,4145702,23.6
085010,Milena,0,0,9,390212,4143645,23.6
085010,Milena,0,0,10,389550,4143115,23.6
085010,Milena,0,0,11,388501,4143390,23.6
085010,Milena,0,0,12,387629,4144169,23.6
085010,Milena,0,0,13,386387,4144468,23.6
085010,Milena,0,0,14,386106,4144811,23.6
085010,Milena,0,0,15,386550,4146506,23.6
085010,Milena,0,0,16,386310,4147165,23.6
085010,Milena,0,0,17,385759,4147121,23.6
085010,Milena,0,0,18,385665,4147869,23.6
085010,Milena,0,0,19,385794,4148946,23.6
085010,Milena,0,0,20,385973,4149195,23.6
085010,Milena,0,0,21,387031,4149757,23.6
085010,Milena,0,0,22,387532,4149045,23.6
085010,Milena,0,0,23,388239,4148664,23.6
085011,Montedoro,0,0,0,396484,4148371,16.3
085011,Montedoro,0,0,1,397346,4147500,16.3
085011,Montedoro,0,0,2,397471,4146941,16.3
085011,Montedoro,0,0,3,397044,4146738,16.3
085011,Montedoro,0,0,4,397049,4146339,16.3
085011,Montedoro,0,0,5,397766,4145957,16.3
085011,Montedoro,0,0,6,398230,4145886,16.3
085011,Montedoro,0,0,7,398509,4145494,16.3
085011,Montedoro,0,0,8,396896,4143897,16.3
085011,Montedoro,0,0,9,396184,4143487,16.3
085011,Montedoro,0,0,10,394921,4143388,16.3
085011,Montedoro,0,0,11,394315,4143862,16.3
085011,Montedoro,0,0,12,394430,4144314,16.3
085011,Montedoro,0,0,13,394191,4145090,16.3
085011,Montedoro,0,0,14,394338,4146674,16.3
085011,Montedoro,0,0,15,394579,4147050,16.3
085011,Montedoro,0,0,16,394836,4147123,16.3
085011,Montedoro,0,0,17,394975,4147580,16.3
085011,Montedoro,0,0,18,394819,4148226,16.3
085011,Montedoro,0,0,19,395799,4148588,16.3
085011,Montedoro,0,0,20,396484,4148371,16.3
085012,Mussomeli,0,0,0,396704,4165320,26.6
085012,Mussomeli,0,0,1,397763,4165121,26.6
085012,Mussomeli,0,0,2,398648,4164617,26.6
085012,Mussomeli,0,0,3,400587,4162306,26.6
085012,Mussomeli,0,0,4,400241,4161365,26.6
085012,Mussomeli,0,0,5,399697,4160715,26.6
085012,Mussomeli,0,0,6,399785,4160622,26.6
085012,Mussomeli,0,0,7,400702,4160374,26.6
085012,Mussomeli,0,0,8,402299,4160477,26.6
085012,Mussomeli,0,0,9,402567,4159793,26.6
085012,Mussomeli,0,0,10,403310,4159563,26.6
085012,Mussomeli,0,0,11,403430,4159110,26.6
085012,Mussomeli,0,0,12,403306,4158719,26.6
085012,Mussomeli,0,0,13,402841,4158338,26.6
085012,Mussomeli,0,0,14,402048,4158099,26.6
085012,Mussomeli,0,0,15,402422,4158009,26.6
085012,Mussomeli,0,0,16,402180,4157448,26.6
085012,Mussomeli,0,0,17,402544,4156291,26.6
085012,Mussomeli,0,0,18,401211,4153788,26.6
085012,Mussomeli,0,0,19,400839,4151738,26.6
085012,Mussomeli,0,0,20,400177,4151563,26.6
085012,Mussomeli,0,0,21,399849,4151193,26.6
085012,Mussomeli,0,0,22,399735,4150931,26.6
085012,Mussomeli,0,0,23,399856,4150507,26.6
085012,Mussomeli,0,0,24,399330,4150612,26.6
085012,Mussomeli,0,0,25,398106,4150463,26.6
085012,Mussomeli,0,0,26,397275,4149636,26.6
085012,Mussomeli,0,0,27,395691,4148722,26.6
085012,Mussomeli,0,0,28,395799,4148588,26.6
085012,Mussomeli,0,0,29,394819,4148226,26.6
085012,Mussomeli,0,0,30,394140,4148432,26.6
085012,Mussomeli,0,0,31,393267,4148963,26.6
085012,Mussomeli,0,0,32,392319,4150008,26.6
085012,Mussomeli,0,0,33,392047,4150685,26.6
085012,Mussomeli,0,0,34,391579,4150979,26.6
085012,Mussomeli,0,0,35,391506,4151690,26.6
085012,Mussomeli,0,0,36,392742,4153968,26.6
085012,Mussomeli,0,0,37,392816,4155063,26.6
085012,Mussomeli,0,0,38,392678,4155669,26.6
085012,Mussomeli,0,0,39,390828,4155997,26.6
085012,Mussomeli,0,0,40,390750,4155478,26.6
085012,Mussomeli,0,0,41,390375,4155081,26.6
085012,Mussomeli,0,0,42,389981,4154820,26.6
085012,Mussomeli,0,0,43,389370,4154704,26.6
085012,Mussomeli,0,0,44,389048,4155474,26.6
085012,Mussomeli,0,0,45,389135,4157000,26.6
085012,Mussomeli,0,0,46,388737,4157398,26.6
085012,Mussomeli,0,0,47,387313,4157913,26.6
085012,Mussomeli,0,0,48,386486,4157831,26.6
085012,Mussomeli,0,0,49,386231,4157975,26.6
085012,Mussomeli,0,0,50,386002,4159039,26.6
085012,Mussomeli,0,0,51,386980,4159522,26.6
085012,Mussomeli,0,0,52,387029,4160610,26.6
085012,Mussomeli,0,0,53,389051,4161308,26.6
085012,Mussomeli,0,0,54,389909,4161209,26.6
085012,Mussomeli,0,0,55,390951,4161807,26.6
085012,Mussomeli,0,0,56,391012,4162072,26.6
085012,Mussomeli,0,0,57,390758,4162909,26.6
085012,Mussomeli,0,0,58,391154,4163238,26.6
085012,Mussomeli,0,0,59,391522,4162923,26.6
085012,Mussomeli,0,0,60,392041,4162903,26.6
085012,Mussomeli,0,0,61,392300,4163192,26.6
085012,Mussomeli,0,0,62,392373,4163859,26.6
085012,Mussomeli,0,0,63,393097,4164734,26.6
085012,Mussomeli,0,0,64,396281,4163752,26.6
085012,Mussomeli,0,0,65,396825,4164141,26.6
085012,Mussomeli,0,0,66,396886,4164776,26.6
085012,Mussomeli,0,0,67,396704,4165320,26.6
085013,Niscemi,0,0,0,444637,4117797,13.2
085013,Niscemi,0,0,1,445301,4117377,13.2
085013,Niscemi,0,0,2,445008,4116690,13.2
085013,Niscemi,0,0,3,445103,4116372,13.2
085013,Niscemi,0,0,4,445549,4116006,13.2
085013,Niscemi,0,0,5,445775,4116043,13.2
085013,Niscemi,0,0,6,446089,4115820,13.2
085013,Niscemi,0,0,7,446599,4114906,13.2
085013,Niscemi,0,0,8,447688,4114701,13.2
085013,Niscemi,0,0,9,448265,4114824,13.2
085013,Niscemi,0,0,10,449582,4116077,13.2
085013,Niscemi,0,0,11,449616,4115545,13.2
085013,Niscemi,0,0,12,451300,4113770,13.2
085013,Niscemi,0,0,13,451936,4112258,13.2
085013,Niscemi,0,0,14,453285,4110239,13.2
085013,Niscemi,0,0,15,453425,4109606,13.2
085013,Niscemi,0,0,16,452786,4108341,13.2
085013,Niscemi,0,0,17,451719,4107045,13.2
085013,Niscemi,0,0,18,451378,4105884,13.2
085013,Niscemi,0,0,19,449620,4105949,13.2
085013,Niscemi,0,0,20,448414,4104836,13.2
085013,Niscemi,0,0,21,447918,4104591,13.2
085013,Niscemi,0,0,22,446504,4104347,13.2
085013,Niscemi,0,0,23,444813,4104637,13.2
085013,Niscemi,0,0,24,443880,4105520,13.2
085013,Niscemi,0,0,25,443851,4106475,13.2
085013,Niscemi,0,0,26,444378,4107398,13.2
085013,Niscemi,0,0,27,444286,4107578,13.2
085013,Niscemi,0,0,28,443631,4107841,13.2
085013,Niscemi,0,0,29,443371,4108264,13.2
085013,Niscemi,0,0,30,442974,4112419,13.2
085013,Niscemi,0,0,31,442531,4112961,13.2
085013,Niscemi,0,0,32,442170,4114068,13.2
085013,Niscemi,0,0,33,441666,4114986,13.2
085013,Niscemi,0,0,34,442623,4116147,13.2
085013,Niscemi,0,0,35,442691,4117309,13.2
085013,Niscemi,0,0,36,443522,4117291,13.2
085013,Niscemi,0,0,37,444637,4117797,13.2
085014,Resuttano,0,0,0,416793,4167183,20.4
085014,Resuttano,0,0,1,418667,4166739,20.4
085014,Resuttano,0,0,2,419431,4165696,20.4
085014,Resuttano,0,0,3,418877,4165265,20.4
085014,Resuttano,0,0,4,418054,4165185,20.4
085014,Resuttano,0,0,5,417269,4165506,20.4
085014,Resuttano,0,0,6,416507,4165416,20.4
085014,Resuttano,0,0,7,416060,4165158,20.4
085014,Resuttano,0,0,8,415719,4164476,20.4
085014,Resuttano,0,0,9,415006,4165666,20.4
085014,Resuttano,0,0,10,414948,4165956,20.4
085014,Resuttano,0,0,11,415156,4166320,20.4
085014,Resuttano,0,0,12,415604,4166819,20.4
085014,Resuttano,0,0,13,416793,4167183,20.4
085014,Resuttano,1,0,0,416540,4175405,20.4
085014,Resuttano,1,0,1,417690,4175295,20.4
085014,Resuttano,1,0,2,417908,4174299,20.4
085014,Resuttano,1,0,3,418896,4174355,20.4
085014,Resuttano,1,0,4,419718,4173759,20.4
085014,Resuttano,1,0,5,419904,4173316,20.4
085014,Resuttano,1,0,6,419834,4172651,20.4
085014,Resuttano,1,0,7,418859,4172323,20.4
085014,Resuttano,1,0,8,418673,4171860,20.4
085014,Resuttano,1,0,9,418692,4171583,20.4
085014,Resuttano,1,0,10,419308,4171155,20.4
085014,Resuttano,1,0,11,419565,4170684,20.4
085014,Resuttano,1,0,12,419415,4170434,20.4
085014,Resuttano,1,0,13,418958,4170259,20.4
085014,Resuttano,1,0,14,418416,4170359,20.4
085014,Resuttano,1,0,15,417147,4170094,20.4
085014,Resuttano,1,0,16,416134,4169390,20.4
085014,Resuttano,1,0,17,414751,4168034,20.4
085014,Resuttano,1,0,18,413485,4168184,20.4
085014,Resuttano,1,0,19,412477,4169710,20.4
085014,Resuttano,1,0,20,412628,4171620,20.4
085014,Resuttano,1,0,21,412903,4171854,20.4
085014,Resuttano,1,0,22,414275,4171940,20.4
085014,Resuttano,1,0,23,415493,4171789,20.4
085014,Resuttano,1,0,24,415630,4172148,20.4
085014,Resuttano,1,0,25,415505,4172722,20.4
085014,Resuttano,1,0,26,414437,4173459,20.4
085014,Resuttano,1,0,27,415062,4175273,20.4
085014,Resuttano,1,0,28,415713,4175834,20.4
085014,Resuttano,1,0,29,416540,4175405,20.4
085015,Riesi,0,0,0,423274,4132584,15.0
085015,Riesi,0,0,1,423103,4132224,15.0
085015,Riesi,0,0,2,423128,4131609,15.0
085015,Riesi,0,0,3,423759,4129965,15.0
085015,Riesi,0,0,4,424104,4129609,15.0
085015,Riesi,0,0,5,424608,4129392,15.0
085015,Riesi,0,0,6,425052,4127435,15.0
085015,Riesi,0,0,7,424043,4127291,15.0
085015,Riesi,0,0,8,422759,4126524,15.0
085015,Riesi,0,0,9,422394,4125957,15.0
085015,Riesi,0,0,10,421988,4124450,15.0
085015,Riesi,0,0,11,420360,4124221,15.0
085015,Riesi,0,0,12,419610,4123900,15.0
085015,Riesi,0,0,13,418874,4123336,15.0
085015,Riesi,0,0,14,417050,4123016,15.0
085015,Riesi,0,0,15,416706,4123233,15.0
085015,Riesi,0,0,16,416527,4124310,15.0
085015,Riesi,0,0,17,415966,4124321,15.0
085015,Riesi,0,0,18,415150,4125006,15.0
085015,Riesi,0,0,19,414534,4125913,15.0
085015,Riesi,0,0,20,413853,4125992,15.0
085015,Riesi,0,0,21,414120,4126746,15.0
085015,Riesi,0,0,22,414158,4127726,15.0
085015,Riesi,0,0,23,413595,4127853,15.0
085015,Riesi,0,0,24,413381,4127248,15.0
085015,Riesi,0,0,25,413231,4127213,15.0
085015,Riesi,0,0,26,413066,4127443,15.0
085015,Riesi,0,0,27,413120,4128080,15.0
085015,Riesi,0,0,28,414459,4128728,15.0
085015,Riesi,0,0,29,415639,4129700,15.0
085015,Riesi,0,0,30,416050,4131419,15.0
085015,Riesi,0,0,31,416641,4131347,15.0
085015,Riesi,0,0,32,416781,4130808,15.0
085015,Riesi,0,0,33,417945,4129817,15.0
085015,Riesi,0,0,34,418348,4129690,15.0
085015,Riesi,0,0,35,419570,4129975,15.0
085015,Riesi,0,0,36,419461,4132599,15.0
085015,Riesi,0,0,37,419867,4132748,15.0
085015,Riesi,0,0,38,421216,4132283,15.0
085015,Riesi,0,0,39,421604,4132300,15.0
085015,Riesi,0,0,40,422660,4132818,15.0
085015,Riesi,0,0,41,422836,4133548,15.0
085015,Riesi,0,0,42,423077,4133310,15.0
085015,Riesi,0,0,43,423274,4132584,15.0
085016,San Cataldo,0,0,0,402938,4157627,23.8
085016,San Cataldo,0,0,1,403611,4157579,23.8
085016,San Cataldo,0,0,2,403850,4157311,23.8
085016,San Cataldo,0,0,3,403887,4156570,23.8
085016,San Cataldo,0,0,4,403509,4155746,23.8
085016,San Cataldo,0,0,5,404239,4154489,23.8
085016,San Cataldo,0,0,6,404209,4153063,23.8
085016,San Cataldo,0,0,7,404449,4152854,23.8
085016,San Cataldo,0,0,8,404876,4152664,23.8
085016,San Cataldo,0,0,9,406050,4153563,23.8
085016,San Cataldo,0,0,10,406118,4154009,23.8
085016,San Cataldo,0,0,11,406442,4154255,23.8
085016,San Cataldo,0,0,12,407596,4154142,23.8
085016,San Cataldo,0,0,13,409624,4153250,23.8
085016,San Cataldo,0,0,14,409582,4150527,23.8
085016,San Cataldo,0,0,15,410571,4150625,23.8
085016,San Cataldo,0,0,16,411275,4151153,23.8
085016,San Cataldo,0,0,17,412088,4150458,23.8
085016,San Cataldo,0,0,18,412492,4149851,23.8
085016,San Cataldo,0,0,19,411310,4147387,23.8
085016,San Cataldo,0,0,20,411089,4147225,23.8
085016,San Cataldo,0,0,21,410907,4147732,23.8
085016,San Cataldo,0,0,22,410349,4148060,23.8
085016,San Cataldo,0,0,23,407877,4148298,23.8
085016,San Cataldo,0,0,24,406743,4147379,23.8
085016,San Cataldo,0,0,25,405319,4147145,23.8
085016,San Cataldo,0,0,26,403560,4147393,23.8
085016,San Cataldo,0,0,27,402942,4147135,23.8
085016,San Cataldo,0,0,28,402608,4146731,23.8
085016,San Cataldo,0,0,29,401746,4147037,23.8
085016,San Cataldo,0,0,30,401005,4146886,23.8
085016,San Cataldo,0,0,31,400530,4146989,23.8
085016,San Cataldo,0,0,32,399788,4147462,23.8
085016,San Cataldo,0,0,33,399524,4147865,23.8
085016,San Cataldo,0,0,34,399596,4148239,23.8
085016,San Cataldo,0,0,35,400223,4148673,23.8
085016,San Cataldo,0,0,36,400339,4148919,23.8
085016,San Cataldo,0,0,37,399836,4150078,23.8
085016,San Cataldo,0,0,38,399735,4150931,23.8
085016,San Cataldo,0,0,39,400177,4151563,23.8
085016,San Cataldo,0,0,40,400839,4151738,23.8
085016,San Cataldo,0,0,41,401211,4153788,23.8
085016,San Cataldo,0,0,42,402544,4156291,23.8
085016,San Cataldo,0,0,43,402178,4157538,23.8
085016,San Cataldo,0,0,44,402422,4158009,23.8
085016,San Cataldo,0,0,45,402938,4157627,23.8
085017,Santa Caterina Villarmosa,0,0,0,420710,4164810,18.3
085017,Santa Caterina Villarmosa,0,0,1,421411,4164762,18.3
085017,Santa Caterina Villarmosa,0,0,2,421885,4165244,18.3
085017,Santa Caterina Villarmosa,0,0,3,422374,4165030,18.3
085017,Santa Caterina Villarmosa,0,0,4,422556,4164811,18.3
085017,Santa Caterina Villarmosa,0,0,5,422694,4163090,18.3
085017,Santa Caterina Villarmosa,0,0,6,423379,4163082,18.3
085017,Santa Caterina Villarmosa,0,0,7,423665,4163641,18.3
085017,Santa Caterina Villarmosa,0,0,8,424795,4163214,18.3
085017,Santa Caterina Villarmosa,0,0,9,426218,4163109,18.3
085017,Santa Caterina Villarmosa,0,0,10,425806,4162338,18.3
085017,Santa Caterina Villarmosa,0,0,11,425906,4160752,18.3
085017,Santa Caterina Villarmosa,0,0,12,425778,4160183,18.3
085017,Santa Caterina Villarmosa,0,0,13,425499,4159962,18.3
085017,Santa Caterina Villarmosa,0,0,14,424209,4159812,18.3
085017,Santa Caterina Villarmosa,0,0,15,423935,4159656,18.3
085017,Santa Caterina Villarmosa,0,0,16,423656,4158267,18.3
085017,Santa Caterina Villarmosa,0,0,17,424081,4157048,18.3
085017,Santa Caterina Villarmosa,0,0,18,424027,4156545,18.3
085017,Santa Caterina Villarmosa,0,0,19,423440,4155096,18.3
085017,Santa Caterina Villarmosa,0,0,20,423363,4154342,18.3
085017,Santa Caterina Villarmosa,0,0,21,422699,4154078,18.3
085017,Santa Caterina Villarmosa,0,0,22,422913,4154370,18.3
085017,Santa Caterina Villarmosa,0,0,23,422803,4154556,18.3
085017,Santa Caterina Villarmosa,0,0,24,421994,4154941,18.3
085017,Santa Caterina Villarmosa,0,0,25,421054,4155126,18.3
085017,Santa Caterina Villarmosa,0,0,26,420882,4156070,18.3
085017,Santa Caterina Villarmosa,0,0,27,420502,4156642,18.3
085017,Santa Caterina Villarmosa,0,0,28,421062,4158426,18.3
085017,Santa Caterina Villarmosa,0,0,29,420566,4159506,18.3
085017,Santa Caterina Villarmosa,0,0,30,419594,4160683,18.3
085017,Santa Caterina Villarmosa,0,0,31,418695,4160534,18.3
085017,Santa Caterina Villarmosa,0,0,32,417849,4160086,18.3
085017,Santa Caterina Villarmosa,0,0,33,417190,4160257,18.3
085017,Santa Caterina Villarmosa,0,0,34,416544,4160114,18.3
085017,Santa Caterina Villarmosa,0,0,35,415170,4159085,18.3
085017,Santa Caterina Villarmosa,0,0,36,414290,4159170,18.3
085017,Santa Caterina Villarmosa,0,0,37,413158,4159557,18.3
085017,Santa Caterina Villarmosa,0,0,38,412787,4159858,18.3
085017,Santa Caterina Villarmosa,0,0,39,412877,4161501,18.3
085017,Santa Caterina Villarmosa,0,0,40,414162,4162135,18.3
085017,Santa Caterina Villarmosa,0,0,41,413549,4163843,18.3
085017,Santa Caterina Villarmosa,0,0,42,413652,4164505,18.3
085017,Santa Caterina Villarmosa,0,0,43,414006,4165386,18.3
085017,Santa Caterina Villarmosa,0,0,44,414798,4165872,18.3
085017,Santa Caterina Villarmosa,0,0,45,414948,4165956,18.3
085017,Santa Caterina Villarmosa,0,0,46,415719,4164476,18.3
085017,Santa Caterina Villarmosa,0,0,47,416060,4165158,18.3
085017,Santa Caterina Villarmosa,0,0,48,416507,4165416,18.3
085017,Santa Caterina Villarmosa,0,0,49,417269,4165506,18.3
085017,Santa Caterina Villarmosa,0,0,50,418054,4165185,18.3
085017,Santa Caterina Villarmosa,0,0,51,418877,4165265,18.3
085017,Santa Caterina Villarmosa,0,0,52,419431,4165696,18.3
085017,Santa Caterina Villarmosa,0,0,53,419714,4165739,18.3
085017,Santa Caterina Villarmosa,0,0,54,420089,4165547,18.3
085017,Santa Caterina Villarmosa,0,0,55,420710,4164810,18.3
085018,Serradifalco,0,0,0,407351,4146822,20.7
085018,Serradifalco,0,0,1,408581,4146381,20.7
085018,Serradifalco,0,0,2,409242,4146543,20.7
085018,Serradifalco,0,0,3,409425,4145960,20.7
085018,Serradifalco,0,0,4,409174,4144506,20.7
085018,Serradifalco,0,0,5,408119,4142891,20.7
085018,Serradifalco,0,0,6,407302,4142403,20.7
085018,Serradifalco,0,0,7,406455,4142396,20.7
085018,Serradifalco,0,0,8,406124,4142843,20.7
085018,Serradifalco,0,0,9,406162,4143294,20.7
085018,Serradifalco,0,0,10,407156,4144632,20.7
085018,Serradifalco,0,0,11,406934,4146059,20.7
085018,Serradifalco,0,0,12,406789,4146361,20.7
085018,Serradifalco,0,0,13,406348,4146598,20.7
085018,Serradifalco,0,0,14,407351,4146822,20.7
085018,Serradifalco,1,0,0,399743,4150570,20.7
085018,Serradifalco,1,0,1,400339,4148919,20.7
085018,Serradifalco,1,0,2,400223,4148673,20.7
085018,Serradifalco,1,0,3,399596,4148239,20.7
085018,Serradifalco,1,0,4,399524,4147865,20.7
085018,Serradifalco,1,0,5,399788,4147462,20.7
085018,Serradifalco,1,0,6,400789,4146923,20.7
085018,Serradifalco,1,0,7,401746,4147037,20.7
085018,Serradifalco,1,0,8,402400,4146902,20.7
085018,Serradifalco,1,0,9,403163,4146097,20.7
085018,Serradifalco,1,0,10,403934,4145629,20.7
085018,Serradifalco,1,0,11,401624,4143934,20.7
085018,Serradifalco,1,0,12,400453,4142835,20.7
085018,Serradifalco,1,0,13,399523,4141515,20.7
085018,Serradifalco,1,0,14,399299,4140219,20.7
085018,Serradifalco,1,0,15,398290,4141999,20.7
085018,Serradifalco,1,0,16,397894,4143069,20.7
085018,Serradifalco,1,0,17,398088,4143285,20.7
085018,Serradifalco,1,0,18,398177,4143989,20.7
085018,Serradifalco,1,0,19,397493,4144135,20.7
085018,Serradifalco,1,0,20,397158,4143641,20.7
085018,Serradifalco,1,0,21,396896,4143897,20.7
085018,Serradifalco,1,0,22,398509,4145494,20.7
085018,Serradifalco,1,0,23,398230,4145886,20.7
085018,Serradifalco,1,0,24,397766,4145957,20.7
085018,Serradifalco,1,0,25,397049,4146339,20.7
085018,Serradifalco,1,0,26,397044,4146738,20.7
085018,Serradifalco,1,0,27,397471,4146941,20.7
085018,Serradifalco,1,0,28,397346,4147500,20.7
085018,Serradifalco,1,0,29,396720,4148268,20.7
085018,Serradifalco,1,0,30,395691,4148722,20.7
085018,Serradifalco,1,0,31,397275,4149636,20.7
085018,Serradifalco,1,0,32,398106,4150463,20.7
085018,Serradifalco,1,0,33,399743,4150570,20.7
085019,Sommatino,0,0,0,412168,4133737,17.2
085019,Sommatino,0,0,1,412471,4133322,17.2
085019,Sommatino,0,0,2,414919,4132389,17.2
085019,Sommatino,0,0,3,415483,4131813,17.2
085019,Sommatino,0,0,4,416215,4131484,17.2
085019,Sommatino,0,0,5,415941,4131259,17.2
085019,Sommatino,0,0,6,415639,4129700,17.2
085019,Sommatino,0,0,7,414459,4128728,17.2
085019,Sommatino,0,0,8,413120,4128080,17.2
085019,Sommatino,0,0,9,413066,4127443,17.2
085019,Sommatino,0,0,10,413231,4127213,17.2
085019,Sommatino,0,0,11,413381,4127248,17.2
085019,Sommatino,0,0,12,413233,4127048,17.2
085019,Sommatino,0,0,13,412742,4127082,17.2
085019,Sommatino,0,0,14,411849,4127799,17.2
085019,Sommatino,0,0,15,410990,4127941,17.2
085019,Sommatino,0,0,16,410644,4128609,17.2
085019,Sommatino,0,0,17,410792,4128933,17.2
085019,Sommatino,0,0,18,410665,4129498,17.2
085019,Sommatino,0,0,19,409883,4130156,17.2
085019,Sommatino,0,0,20,409431,4130214,17.2
085019,Sommatino,0,0,21,407907,4132311,17.2
085019,Sommatino,0,0,22,408282,4134160,17.2
085019,Sommatino,0,0,23,411503,4134161,17.2
085019,Sommatino,0,0,24,412168,4133737,17.2
085020,Sutera,0,0,0,387313,4157913,21.0
085020,Sutera,0,0,1,388737,4157398,21.0
085020,Sutera,0,0,2,389135,4157000,21.0
085020,Sutera,0,0,3,389048,4155474,21.0
085020,Sutera,0,0,4,389370,4154704,21.0
085020,Sutera,0,0,5,389981,4154820,21.0
085020,Sutera,0,0,6,390375,4155081,21.0
085020,Sutera,0,0,7,390750,4155478,21.0
085020,Sutera,0,0,8,390828,4155997,21.0
085020,Sutera,0,0,9,392180,4155840,21.0
085020,Sutera,0,0,10,392714,4155623,21.0
085020,Sutera,0,0,11,392742,4153968,21.0
085020,Sutera,0,0,12,391506,4151690,21.0
085020,Sutera,0,0,13,391533,4150878,21.0
085020,Sutera,0,0,14,390809,4150292,21.0
085020,Sutera,0,0,15,390809,4149003,21.0
085020,Sutera,0,0,16,391173,4148764,21.0
085020,Sutera,0,0,17,391141,4148638,21.0
085020,Sutera,0,0,18,390090,4148644,21.0
085020,Sutera,0,0,19,390003,4148766,21.0
085020,Sutera,0,0,20,388555,4148586,21.0
085020,Sutera,0,0,21,387532,4149045,21.0
085020,Sutera,0,0,22,387031,4149757,21.0
085020,Sutera,0,0,23,387311,4150469,21.0
085020,Sutera,0,0,24,387574,4150777,21.0
085020,Sutera,0,0,25,387935,4150733,21.0
085020,Sutera,0,0,26,388124,4150265,21.0
085020,Sutera,0,0,27,388572,4150307,21.0
085020,Sutera,0,0,28,389358,4150779,21.0
085020,Sutera,0,0,29,389463,4151314,21.0
085020,Sutera,0,0,30,388490,4152377,21.0
085020,Sutera,0,0,31,387445,4153007,21.0
085020,Sutera,0,0,32,387018,4153520,21.0
085020,Sutera,0,0,33,386803,4154090,21.0
085020,Sutera,0,0,34,386201,4154644,21.0
085020,Sutera,0,0,35,384978,4154754,21.0
085020,Sutera,0,0,36,384311,4154592,21.0
085020,Sutera,0,0,37,384041,4154950,21.0
085020,Sutera,0,0,38,384532,4155064,21.0
085020,Sutera,0,0,39,384605,4155216,21.0
085020,Sutera,0,0,40,384422,4155450,21.0
085020,Sutera,0,0,41,386102,4156101,21.0
085020,Sutera,0,0,42,386886,4156875,21.0
085020,Sutera,0,0,43,387006,4157832,21.0
085020,Sutera,0,0,44,387313,4157913,21.0
085021,Vallelunga Pratameno,0,0,0,395885,4176168,15.8
085021,Vallelunga Pratameno,0,0,1,395771,4175239,15.8
085021,Vallelunga Pratameno,0,0,2,395930,4174835,15.8
085021,Vallelunga Pratameno,0,0,3,395632,4174094,15.8
085021,Vallelunga Pratameno,0,0,4,395978,4173550,15.8
085021,Vallelunga Pratameno,0,0,5,397305,4172641,15.8
085021,Vallelunga Pratameno,0,0,6,399319,4172006,15.8
085021,Vallelunga Pratameno,0,0,7,400989,4171104,15.8
085021,Vallelunga Pratameno,0,0,8,401182,4170899,15.8
085021,Vallelunga Pratameno,0,0,9,401394,4169976,15.8
085021,Vallelunga Pratameno,0,0,10,401041,4170210,15.8
085021,Vallelunga Pratameno,0,0,11,398049,4170246,15.8
085021,Vallelunga Pratameno,0,0,12,396251,4170415,15.8
085021,Vallelunga Pratameno,0,0,13,395643,4170643,15.8
085021,Vallelunga Pratameno,0,0,14,395006,4170532,15.8
085021,Vallelunga Pratameno,0,0,15,394621,4170994,15.8
085021,Vallelunga Pratameno,0,0,16,394543,4171538,15.8
085021,Vallelunga Pratameno,0,0,17,394160,4171910,15.8
085021,Vallelunga Pratameno,0,0,18,393257,4171914,15.8
085021,Vallelunga Pratameno,0,0,19,392842,4171428,15.8
085021,Vallelunga Pratameno,0,0,20,391605,4171346,15.8
085021,Vallelunga Pratameno,0,0,21,390750,4170946,15.8
085021,Vallelunga Pratameno,0,0,22,388241,4171392,15.8
085021,Vallelunga Pratameno,0,0,23,389111,4172464,15.8
085021,Vallelunga Pratameno,0,0,24,389327,4173152,15.8
085021,Vallelunga Pratameno,0,0,25,389260,4174007,15.8
085021,Vallelunga Pratameno,0,0,26,391245,4173189,15.8
085021,Vallelunga Pratameno,0,0,27,392153,4173424,15.8
085021,Vallelunga Pratameno,0,0,28,392211,4173977,15.8
085021,Vallelunga Pratameno,0,0,29,391988,4174690,15.8
085021,Vallelunga Pratameno,0,0,30,392154,4175573,15.8
085021,Vallelunga Pratameno,0,0,31,393406,4176644,15.8
085021,Vallelunga Pratameno,0,0,32,394438,4177935,15.8
085021,Vallelunga Pratameno,0,0,33,394837,4178173,15.8
085021,Vallelunga Pratameno,0,0,34,394995,4178205,15.8
085021,Vallelunga Pratameno,0,0,35,395147,4177610,15.8
085021,Vallelunga Pratameno,0,0,36,395670,4176847,15.8
085021,Vallelunga Pratameno,0,0,37,395885,4176168,15.8
085022,Villalba,0,0,0,401041,4170210,15.0
085022,Villalba,0,0,1,401829,4169758,15.0
085022,Villalba,0,0,2,401968,4169075,15.0
085022,Villalba,0,0,3,402394,4168577,15.0
085022,Villalba,0,0,4,403368,4168375,15.0
085022,Villalba,0,0,5,402894,4167287,15.0
085022,Villalba,0,0,6,403355,4165159,15.0
085022,Villalba,0,0,7,402786,4164495,15.0
085022,Villalba,0,0,8,402860,4164018,15.0
085022,Villalba,0,0,9,402457,4164159,15.0
085022,Villalba,0,0,10,401340,4163535,15.0
085022,Villalba,0,0,11,400587,4162306,15.0
085022,Villalba,0,0,12,398648,4164617,15.0
085022,Villalba,0,0,13,397763,4165121,15.0
085022,Villalba,0,0,14,396704,4165320,15.0
085022,Villalba,0,0,15,395108,4166785,15.0
085022,Villalba,0,0,16,395565,4167684,15.0
085022,Villalba,0,0,17,396014,4168187,15.0
085022,Villalba,0,0,18,396358,4169493,15.0
085022,Villalba,0,0,19,396251,4170415,15.0
085022,Villalba,0,0,20,401041,4170210,15.0
086001,Agira,0,0,0,456373,4170195,18.7
086001,Agira,0,0,1,456250,4169929,18.7
086001,Agira,0,0,2,456495,4169715,18.7
086001,Agira,0,0,3,457702,4170264,18.7
086001,Agira,0,0,4,458410,4169710,18.7
086001,Agira,0,0,5,459339,4169929,18.7
086001,Agira,0,0,6,459553,4169777,18.7
086001,Agira,0,0,7,459739,4169221,18.7
086001,Agira,0,0,8,459985,4169120,18.7
086001,Agira,0,0,9,460794,4169297,18.7
086001,Agira,0,0,10,462784,4168669,18.7
086001,Agira,0,0,11,463126,4168168,18.7
086001,Agira,0,0,12,463306,4167514,18.7
086001,Agira,0,0,13,462842,4164650,18.7
086001,Agira,0,0,14,463124,4164485,18.7
086001,Agira,0,0,15,463428,4162531,18.7
086001,Agira,0,0,16,464195,4161765,18.7
086001,Agira,0,0,17,463997,4161290,18.7
086001,Agira,0,0,18,464248,4160634,18.7
086001,Agira,0,0,19,465211,4160202,18.7
086001,Agira,0,0,20,465964,4160350,18.7
086001,Agira,0,0,21,466218,4160091,18.7
086001,Agira,0,0,22,467209,4158726,18.7
086001,Agira,0,0,23,466886,4157769,18.7
086001,Agira,0,0,24,467271,4157878,18.7
086001,Agira,0,0,25,468774,4157733,18.7
086001,Agira,0,0,26,469183,4158178,18.7
086001,Agira,0,0,27,470021,4157909,18.7
086001,Agira,0,0,28,470748,4158139,18.7
086001,Agira,0,0,29,471207,4156823,18.7
086001,Agira,0,0,30,470388,4156082,18.7
086001,Agira,0,0,31,469365,4155836,18.7
086001,Agira,0,0,32,467960,4155180,18.7
086001,Agira,0,0,33,467560,4154448,18.7
086001,Agira,0,0,34,464153,4154454,18.7
086001,Agira,0,0,35,463902,4154666,18.7
086001,Agira,0,0,36,463633,4155448,18.7
086001,Agira,0,0,37,463002,4155957,18.7
086001,Agira,0,0,38,462640,4155387,18.7
086001,Agira,0,0,39,462285,4155506,18.7
086001,Agira,0,0,40,461248,4155248,18.7
086001,Agira,0,0,41,461302,4154951,18.7
086001,Agira,0,0,42,459459,4154916,18.7
086001,Agira,0,0,43,459266,4154552,18.7
086001,Agira,0,0,44,458138,4155937,18.7
086001,Agira,0,0,45,457590,4155939,18.7
086001,Agira,0,0,46,457019,4156593,18.7
086001,Agira,0,0,47,456010,4156788,18.7
086001,Agira,0,0,48,455794,4156388,18.7
086001,Agira,0,0,49,455791,4156682,18.7
086001,Agira,0,0,50,454719,4157705,18.7
086001,Agira,0,0,51,454376,4157379,18.7
086001,Agira,0,0,52,453879,4157783,18.7
086001,Agira,0,0,53,453799,4157623,18.7
086001,Agira,0,0,54,453572,4157730,18.7
086001,Agira,0,0,55,453375,4158631,18.7
086001,Agira,0,0,56,452901,4159376,18.7
086001,Agira,0,0,57,453027,4161035,18.7
086001,Agira,0,0,58,453086,4161229,18.7
086001,Agira,0,0,59,454625,4162028,18.7
086001,Agira,0,0,60,455006,4162734,18.7
086001,Agira,0,0,61,455086,4163888,18.7
086001,Agira,0,0,62,454448,4165475,18.7
086001,Agira,0,0,63,454386,4166396,18.7
086001,Agira,0,0,64,452876,4167997,18.7
086001,Agira,0,0,65,453615,4169705,18.7
086001,Agira,0,0,66,453694,4170499,18.7
086001,Agira,0,0,67,454827,4171218,18.7
086001,Agira,0,0,68,455084,4171553,18.7
086001,Agira,0,0,69,455481,4171681,18.7
086001,Agira,0,0,70,456373,4170195,18.7
086002,Aidone,0,0,0,455401,4151022,19.8
086002,Aidone,0,0,1,458260,4150101,19.8
086002,Aidone,0,0,2,457806,4149644,19.8
086002,Aidone,0,0,3,457245,4148216,19.8
086002,Aidone,0,0,4,458097,4146178,19.8
086002,Aidone,0,0,5,459088,4145232,19.8
086002,Aidone,0,0,6,459505,4145383,19.8
086002,Aidone,0,0,7,459655,4144819,19.8
086002,Aidone,0,0,8,460617,4144321,19.8
086002,Aidone,0,0,9,461224,4144530,19.8
086002,Aidone,0,0,10,461980,4144534,19.8
086002,Aidone,0,0,11,463015,4144945,19.8
086002,Aidone,0,0,12,463562,4144886,19.8
086002,Aidone,0,0,13,464598,4143996,19.8
086002,Aidone,0,0,14,465366,4143796,19.8
086002,Aidone,0,0,15,465754,4143089,19.8
086002,Aidone,0,0,16,466765,4143221,19.8
086002,Aidone,0,0,17,467525,4142596,19.8
086002,Aidone,0,0,18,467506,4142036,19.8
086002,Aidone,0,0,19,466310,4140798,19.8
086002,Aidone,0,0,20,465581,4140567,19.8
086002,Aidone,0,0,21,464628,4140703,19.8
086002,Aidone,0,0,22,463483,4140250,19.8
086002,Aidone,0,0,23,463077,4139738,19.8
086002,Aidone,0,0,24,462678,4138177,19.8
086002,Aidone,0,0,25,463354,4137958,19.8
086002,Aidone,0,0,26,463773,4137387,19.8
086002,Aidone,0,0,27,463633,4137098,19.8
086002,Aidone,0,0,28,463709,4136449,19.8
086002,Aidone,0,0,29,463193,4136107,19.8
086002,Aidone,0,0,30,462934,4135353,19.8
086002,Aidone,0,0,31,462466,4135105,19.8
086002,Aidone,0,0,32,461848,4134937,19.8
086002,Aidone,0,0,33,459275,4135352,19.8
086002,Aidone,0,0,34,456979,4133956,19.8
086002,Aidone,0,0,35,456040,4133676,19.8
086002,Aidone,0,0,36,454779,4133817,19.8
086002,Aidone,0,0,37,454732,4134841,19.8
086002,Aidone,0,0,38,453725,4135469,19.8
086002,Aidone,0,0,39,451717,4135410,19.8
086002,Aidone,0,0,40,451488,4135064,19.8
086002,Aidone,0,0,41,450716,4134613,19.8
086002,Aidone,0,0,42,449708,4134462,19.8
086002,Aidone,0,0,43,449548,4134876,19.8
086002,Aidone,0,0,44,449785,4135339,19.8
086002,Aidone,0,0,45,449771,4135819,19.8
086002,Aidone,0,0,46,449472,4137006,19.8
086002,Aidone,0,0,47,449476,4137865,19.8
086002,Aidone,0,0,48,448762,4139612,19.8
086002,Aidone,0,0,49,448091,4140091,19.8
086002,Aidone,0,0,50,447698,4140104,19.8
086002,Aidone,0,0,51,447037,4140458,19.8
086002,Aidone,0,0,52,445917,4141748,19.8
086002,Aidone,0,0,53,445693,4142218,19.8
086002,Aidone,0,0,54,446033,4142789,19.8
086002,Aidone,0,0,55,445820,4143175,19.8
086002,Aidone,0,0,56,447282,4145628,19.8
086002,Aidone,0,0,57,447422,4147143,19.8
086002,Aidone,0,0,58,448614,4148312,19.8
086002,Aidone,0,0,59,449033,4148482,19.8
086002,Aidone,0,0,60,449519,4148405,19.8
086002,Aidone,0,0,61,450831,4147654,19.8
086002,Aidone,0,0,62,451411,4147608,19.8
086002,Aidone,0,0,63,451986,4146772,19.8
086002,Aidone,0,0,64,452413,4147062,19.8
086002,Aidone,0,0,65,451581,4148384,19.8
086002,Aidone,0,0,66,452110,4148873,19.8
086002,Aidone,0,0,67,453613,4149518,19.8
086002,Aidone,0,0,68,454735,4151414,19.8
086002,Aidone,0,0,69,455401,4151022,19.8
086002,Aidone,0,1,0,455173,4148564,19.8
086002,Aidone,0,1,1,454746,4148353,19.8
086002,Aidone,0,1,2,454936,4147874,19.8
086002,Aidone,0,1,3,456376,4145867,19.8
086002,Aidone,0,1,4,456750,4146663,19.8
086002,Aidone,0,1,5,456644,4147450,19.8
086002,Aidone,0,1,6,456111,4148058,19.8
086002,Aidone,0,1,7,455173,4148564,19.8
086003,Assoro,0,0,0,448880,4152650,18.8
086003,Assoro,0,0,1,449769,4152288,18.8
086003,Assoro,0,0,2,450281,4151590,18.8
086003,Assoro,0,0,3,450297,4151321,18.8
086003,Assoro,0,0,4,449847,4150554,18.8
086003,Assoro,0,0,5,448553,4150064,18.8
086003,Assoro,0,0,6,448147,4149716,18.8
086003,Assoro,0,0,7,447932,4149237,18.8
086003,Assoro,0,0,8,447150,4149284,18.8
086003,Assoro,0,0,9,447592,4151706,18.8
086003,Assoro,0,0,10,447224,4152006,18.8
086003,Assoro,0,0,11,446938,4152661,18.8
086003,Assoro,0,0,12,447745,4153795,18.8
086003,Assoro,0,0,13,448219,4153923,18.8
086003,Assoro,0,0,14,448880,4152650,18.8
086003,Assoro,1,0,0,453860,4157163,18.8
086003,Assoro,1,0,1,455121,4156416,18.8
086003,Assoro,1,0,2,455105,4156191,18.8
086003,Assoro,1,0,3,455248,4156151,18.8
086003,Assoro,1,0,4,455794,4156388,18.8
086003,Assoro,1,0,5,456010,4156788,18.8
086003,Assoro,1,0,6,457019,4156593,18.8
086003,Assoro,1,0,7,457590,4155939,18.8
086003,Assoro,1,0,8,458138,4155937,18.8
086003,Assoro,1,0,9,458557,4155490,18.8
086003,Assoro,1,0,10,459266,4154552,18.8
086003,Assoro,1,0,11,458693,4153156,18.8
086003,Assoro,1,0,12,458161,4152483,18.8
086003,Assoro,1,0,13,456383,4151838,18.8
086003,Assoro,1,0,14,454986,4151751,18.8
086003,Assoro,1,0,15,454729,4151601,18.8
086003,Assoro,1,0,16,454472,4152345,18.8
086003,Assoro,1,0,17,454034,4152532,18.8
086003,Assoro,1,0,18,453316,4152201,18.8
086003,Assoro,1,0,19,453124,4151911,18.8
086003,Assoro,1,0,20,451947,4153541,18.8
086003,Assoro,1,0,21,451939,4154432,18.8
086003,Assoro,1,0,22,452479,4155368,18.8
086003,Assoro,1,0,23,453168,4155836,18.8
086003,Assoro,1,0,24,453291,4156326,18.8
086003,Assoro,1,0,25,452405,4157172,18.8
086003,Assoro,1,0,26,452963,4157313,18.8
086003,Assoro,1,0,27,453860,4157163,18.8
086003,Assoro,2,0,0,453548,4157446,18.8
086003,Assoro,2,0,1,453572,4157730,18.8
086003,Assoro,2,0,2,453799,4157623,18.8
086003,Assoro,2,0,3,453548,4157446,18.8
086003,Assoro,3,0,0,452920,4168133,18.8
086003,Assoro,3,0,1,452939,4167861,18.8
086003,Assoro,3,0,2,454386,4166396,18.8
086003,Assoro,3,0,3,454448,4165475,18.8
086003,Assoro,3,0,4,455086,4163888,18.8
086003,Assoro,3,0,5,455006,4162734,18.8
086003,Assoro,3,0,6,454625,4162028,18.8
086003,Assoro,3,0,7,453086,4161229,18.8
086003,Assoro,3,0,8,453027,4161035,18.8
086003,Assoro,3,0,9,452901,4159376,18.8
086003,Assoro,3,0,10,453511,4158153,18.8
086003,Assoro,3,0,11,451108,4156709,18.8
086003,Assoro,3,0,12,450201,4155226,18.8
086003,Assoro,3,0,13,449687,4154801,18.8
086003,Assoro,3,0,14,449375,4154709,18.8
086003,Assoro,3,0,15,448415,4154964,18.8
086003,Assoro,3,0,16,447668,4154972,18.8
086003,Assoro,3,0,17,447369,4155148,18.8
086003,Assoro,3,0,18,447055,4156657,18.8
086003,Assoro,3,0,19,447402,4159432,18.8
086003,Assoro,3,0,20,446448,4161403,18.8
086003,Assoro,3,0,21,446499,4162096,18.8
086003,Assoro,3,0,22,446727,4162629,18.8
086003,Assoro,3,0,23,446714,4163896,18.8
086003,Assoro,3,0,24,446933,4164647,18.8
086003,Assoro,3,0,25,447103,4164992,18.8
086003,Assoro,3,0,26,447768,4165572,18.8
086003,Assoro,3,0,27,448352,4168143,18.8
086003,Assoro,3,0,28,448506,4166399,18.8
086003,Assoro,3,0,29,448926,4165811,18.8
086003,Assoro,3,0,30,449304,4165731,18.8
086003,Assoro,3,0,31,451695,4167205,18.8
086003,Assoro,3,0,32,452309,4168123,18.8
086003,Assoro,3,0,33,452920,4168133,18.8
086004,Barrafranca,0,0,0,433270,4138006,16.1
086004,Barrafranca,0,0,1,433327,4137346,16.1
086004,Barrafranca,0,0,2,432790,4136210,16.1
086004,Barrafranca,0,0,3,433276,4135910,16.1
086004,Barrafranca,0,0,4,434006,4136002,16.1
086004,Barrafranca,0,0,5,434026,4135799,16.1
086004,Barrafranca,0,0,6,433173,4135151,16.1
086004,Barrafranca,0,0,7,432327,4135005,16.1
086004,Barrafranca,0,0,8,431895,4133710,16.1
086004,Barrafranca,0,0,9,430748,4132568,16.1
086004,Barrafranca,0,0,10,429792,4132206,16.1
086004,Barrafranca,0,0,11,429554,4132279,16.1
086004,Barrafranca,0,0,12,427890,4131876,16.1
086004,Barrafranca,0,0,13,426212,4131137,16.1
086004,Barrafranca,0,0,14,424719,4131703,16.1
086004,Barrafranca,0,0,15,424006,4132438,16.1
086004,Barrafranca,0,0,16,423199,4132404,16.1
086004,Barrafranca,0,0,17,423077,4133310,16.1
086004,Barrafranca,0,0,18,422760,4133531,16.1
086004,Barrafranca,0,0,19,422780,4134368,16.1
086004,Barrafranca,0,0,20,422935,4134604,16.1
086004,Barrafranca,0,0,21,423672,4134936,16.1
086004,Barrafranca,0,0,22,424012,4134815,16.1
086004,Barrafranca,0,0,23,424160,4134429,16.1
086004,Barrafranca,0,0,24,424439,4134527,16.1
086004,Barrafranca,0,0,25,424777,4135069,16.1
086004,Barrafranca,0,0,26,425040,4136605,16.1
086004,Barrafranca,0,0,27,425421,4137006,16.1
086004,Barrafranca,0,0,28,426195,4136788,16.1
086004,Barrafranca,0,0,29,426379,4136903,16.1
086004,Barrafranca,0,0,30,426864,4137506,16.1
086004,Barrafranca,0,0,31,426937,4138506,16.1
086004,Barrafranca,0,0,32,427139,4138960,16.1
086004,Barrafranca,0,0,33,427699,4139253,16.1
086004,Barrafranca,0,0,34,428187,4138878,16.1
086004,Barrafranca,0,0,35,428562,4138871,16.1
086004,Barrafranca,0,0,36,428660,4138613,16.1
086004,Barrafranca,0,0,37,430537,4138110,16.1
086004,Barrafranca,0,0,38,431427,4138408,16.1
086004,Barrafranca,0,0,39,431591,4139345,16.1
086004,Barrafranca,0,0,40,431834,4139485,16.1
086004,Barrafranca,0,0,41,432787,4138977,16.1
086004,Barrafranca,0,0,42,433270,4138006,16.1
086005,Calascibetta,0,0,0,432897,4171781,23.7
086005,Calascibetta,0,0,1,433027,4171291,23.7
086005,Calascibetta,0,0,2,434283,4170225,23.7
086005,Calascibetta,0,0,3,434709,4169346,23.7
086005,Calascibetta,0,0,4,436290,4167878,23.7
086005,Calascibetta,0,0,5,436433,4167911,23.7
086005,Calascibetta,0,0,6,436939,4165964,23.7
086005,Calascibetta,0,0,7,437193,4165746,23.7
086005,Calascibetta,0,0,8,437889,4165751,23.7
086005,Calascibetta,0,0,9,438072,4166228,23.7
086005,Calascibetta,0,0,10,439002,4167367,23.7
086005,Calascibetta,0,0,11,439687,4166693,23.7
086005,Calascibetta,0,0,12,439876,4164715,23.7
086005,Calascibetta,0,0,13,440284,4163644,23.7
086005,Calascibetta,0,0,14,439834,4163577,23.7
086005,Calascibetta,0,0,15,439431,4163820,23.7
086005,Calascibetta,0,0,16,438815,4162988,23.7
086005,Calascibetta,0,0,17,438441,4162862,23.7
086005,Calascibetta,0,0,18,437602,4162122,23.7
086005,Calascibetta,0,0,19,437707,4161727,23.7
086005,Calascibetta,0,0,20,438057,4161631,23.7
086005,Calascibetta,0,0,21,437894,4161312,23.7
086005,Calascibetta,0,0,22,436869,4159733,23.7
086005,Calascibetta,0,0,23,436124,4159442,23.7
086005,Calascibetta,0,0,24,435087,4159466,23.7
086005,Calascibetta,0,0,25,433798,4159793,23.7
086005,Calascibetta,0,0,26,433355,4160052,23.7
086005,Calascibetta,0,0,27,432576,4159928,23.7
086005,Calascibetta,0,0,28,431595,4159351,23.7
086005,Calascibetta,0,0,29,430346,4159940,23.7
086005,Calascibetta,0,0,30,429946,4159986,23.7
086005,Calascibetta,0,0,31,430950,4161881,23.7
086005,Calascibetta,0,0,32,432506,4163053,23.7
086005,Calascibetta,0,0,33,432394,4163299,23.7
086005,Calascibetta,0,0,34,431539,4163939,23.7
086005,Calascibetta,0,0,35,430968,4164004,23.7
086005,Calascibetta,0,0,36,429993,4163654,23.7
086005,Calascibetta,0,0,37,429440,4163832,23.7
086005,Calascibetta,0,0,38,429377,4164433,23.7
086005,Calascibetta,0,0,39,429986,4165522,23.7
086005,Calascibetta,0,0,40,430148,4166183,23.7
086005,Calascibetta,0,0,41,429754,4166678,23.7
086005,Calascibetta,0,0,42,429340,4166710,23.7
086005,Calascibetta,0,0,43,428739,4165959,23.7
086005,Calascibetta,0,0,44,427175,4166492,23.7
086005,Calascibetta,0,0,45,426249,4166445,23.7
086005,Calascibetta,0,0,46,426191,4166655,23.7
086005,Calascibetta,0,0,47,426180,4168164,23.7
086005,Calascibetta,0,0,48,425821,4168590,23.7
086005,Calascibetta,0,0,49,425738,4169137,23.7
086005,Calascibetta,0,0,50,427311,4170264,23.7
086005,Calascibetta,0,0,51,428062,4169507,23.7
086005,Calascibetta,0,0,52,428501,4169944,23.7
086005,Calascibetta,0,0,53,428897,4170042,23.7
086005,Calascibetta,0,0,54,429729,4168339,23.7
086005,Calascibetta,0,0,55,430767,4167893,23.7
086005,Calascibetta,0,0,56,430996,4167428,23.7
086005,Calascibetta,0,0,57,431749,4167626,23.7
086005,Calascibetta,0,0,58,431465,4169220,23.7
086005,Calascibetta,0,0,59,430911,4170346,23.7
086005,Calascibetta,0,0,60,431677,4171222,23.7
086005,Calascibetta,0,0,61,432526,4171747,23.7
086005,Calascibetta,0,0,62,432897,4171781,23.7
086006,Catenanuova,0,0,0,473388,4159942,17.0
086006,Catenanuova,0,0,1,475070,4159105,17.0
086006,Catenanuova,0,0,2,475579,4158788,17.0
086006,Catenanuova,0,0,3,475614,4158590,17.0
086006,Catenanuova,0,0,4,475208,4158072,17.0
086006,Catenanuova,0,0,5,473991,4157316,17.0
086006,Catenanuova,0,0,6,473601,4156084,17.0
086006,Catenanuova,0,0,7,473419,4156511,17.0
086006,Catenanuova,0,0,8,472583,4156397,17.0
086006,Catenanuova,0,0,9,471707,4156811,17.0
086006,Catenanuova,0,0,10,471207,4156823,17.0
086006,Catenanuova,0,0,11,470890,4157899,17.0
086006,Catenanuova,0,0,12,471636,4158990,17.0
086006,Catenanuova,0,0,13,471569,4160089,17.0
086006,Catenanuova,0,0,14,473388,4159942,17.0
086007,Centuripe,0,0,0,482184,4173962,19.7
086007,Centuripe,0,0,1,482378,4171584,19.7
086007,Centuripe,0,0,2,482534,4171568,19.7
086007,Centuripe,0,0,3,482582,4171152,19.7
086007,Centuripe,0,0,4,482394,4170668,19.7
086007,Centuripe,0,0,5,481692,4169844,19.7
086007,Centuripe,0,0,6,481689,4167309,19.7
086007,Centuripe,0,0,7,482119,4166556,19.7
086007,Centuripe,0,0,8,482778,4166581,19.7
086007,Centuripe,0,0,9,483223,4166135,19.7
086007,Centuripe,0,0,10,484321,4165565,19.7
086007,Centuripe,0,0,11,484600,4165140,19.7
086007,Centuripe,0,0,12,484288,4163533,19.7
086007,Centuripe,0,0,13,484491,4162808,19.7
086007,Centuripe,0,0,14,484824,4162360,19.7
086007,Centuripe,0,0,15,484891,4161249,19.7
086007,Centuripe,0,0,16,484686,4160666,19.7
086007,Centuripe,0,0,17,484746,4160300,19.7
086007,Centuripe,0,0,18,484906,4160220,19.7
086007,Centuripe,0,0,19,483332,4159432,19.7
086007,Centuripe,0,0,20,481546,4157214,19.7
086007,Centuripe,0,0,21,481546,4156953,19.7
086007,Centuripe,0,0,22,482481,4156400,19.7
086007,Centuripe,0,0,23,482252,4153980,19.7
086007,Centuripe,0,0,24,481759,4153748,19.7
086007,Centuripe,0,0,25,481550,4153467,19.7
086007,Centuripe,0,0,26,481796,4152432,19.7
086007,Centuripe,0,0,27,481527,4151135,19.7
086007,Centuripe,0,0,28,480953,4150631,19.7
086007,Centuripe,0,0,29,480695,4150720,19.7
086007,Centuripe,0,0,30,480331,4150587,19.7
086007,Centuripe,0,0,31,479893,4151382,19.7
086007,Centuripe,0,0,32,479406,4151373,19.7
086007,Centuripe,0,0,33,479137,4150851,19.7
086007,Centuripe,0,0,34,477182,4153379,19.7
086007,Centuripe,0,0,35,476429,4153544,19.7
086007,Centuripe,0,0,36,476042,4153999,19.7
086007,Centuripe,0,0,37,476009,4154274,19.7
086007,Centuripe,0,0,38,475504,4154753,19.7
086007,Centuripe,0,0,39,474806,4154785,19.7
086007,Centuripe,0,0,40,474577,4155077,19.7
086007,Centuripe,0,0,41,474641,4155412,19.7
086007,Centuripe,0,0,42,474155,4155874,19.7
086007,Centuripe,0,0,43,473452,4155872,19.7
086007,Centuripe,0,0,44,473817,4156543,19.7
086007,Centuripe,0,0,45,473991,4157316,19.7
086007,Centuripe,0,0,46,475208,4158072,19.7
086007,Centuripe,0,0,47,475614,4158590,19.7
086007,Centuripe,0,0,48,475579,4158788,19.7
086007,Centuripe,0,0,49,473388,4159942,19.7
086007,Centuripe,0,0,50,471569,4160089,19.7
086007,Centuripe,0,0,51,470165,4162287,19.7
086007,Centuripe,0,0,52,471142,4163662,19.7
086007,Centuripe,0,0,53,471200,4165345,19.7
086007,Centuripe,0,0,54,471723,4165911,19.7
086007,Centuripe,0,0,55,472553,4165569,19.7
086007,Centuripe,0,0,56,473266,4165006,19.7
086007,Centuripe,0,0,57,473575,4165015,19.7
086007,Centuripe,0,0,58,474738,4165573,19.7
086007,Centuripe,0,0,59,474871,4165775,19.7
086007,Centuripe,0,0,60,474741,4166351,19.7
086007,Centuripe,0,0,61,475115,4166859,19.7
086007,Centuripe,0,0,62,476223,4166075,19.7
086007,Centuripe,0,0,63,477060,4165818,19.7
086007,Centuripe,0,0,64,477243,4165934,19.7
086007,Centuripe,0,0,65,477845,4167006,19.7
086007,Centuripe,0,0,66,477501,4168347,19.7
086007,Centuripe,0,0,67,476255,4168506,19.7
086007,Centuripe,0,0,68,476345,4169324,19.7
086007,Centuripe,0,0,69,475674,4170195,19.7
086007,Centuripe,0,0,70,475700,4170497,19.7
086007,Centuripe,0,0,71,476066,4170643,19.7
086007,Centuripe,0,0,72,476497,4171128,19.7
086007,Centuripe,0,0,73,476592,4171549,19.7
086007,Centuripe,0,0,74,476927,4171571,19.7
086007,Centuripe,0,0,75,477755,4171031,19.7
086007,Centuripe,0,0,76,478065,4171029,19.7
086007,Centuripe,0,0,77,478937,4171911,19.7
086007,Centuripe,0,0,78,482184,4173962,19.7
086008,Cerami,0,0,0,462377,4192005,21.1
086008,Cerami,0,0,1,462446,4190243,21.1
086008,Cerami,0,0,2,461076,4189394,21.1
086008,Cerami,0,0,3,460645,4188080,21.1
086008,Cerami,0,0,4,460774,4187818,21.1
086008,Cerami,0,0,5,461418,4187760,21.1
086008,Cerami,0,0,6,461046,4187196,21.1
086008,Cerami,0,0,7,461191,4186730,21.1
086008,Cerami,0,0,8,461007,4186005,21.1
086008,Cerami,0,0,9,459664,4184331,21.1
086008,Cerami,0,0,10,459213,4183408,21.1
086008,Cerami,0,0,11,459104,4183006,21.1
086008,Cerami,0,0,12,459355,4182505,21.1
086008,Cerami,0,0,13,459190,4181844,21.1
086008,Cerami,0,0,14,458912,4181669,21.1
086008,Cerami,0,0,15,458685,4180750,21.1
086008,Cerami,0,0,16,458703,4180050,21.1
086008,Cerami,0,0,17,458166,4179947,21.1
086008,Cerami,0,0,18,457869,4179003,21.1
086008,Cerami,0,0,19,457470,4178826,21.1
086008,Cerami,0,0,20,456767,4178998,21.1
086008,Cerami,0,0,21,456422,4178780,21.1
086008,Cerami,0,0,22,455426,4181150,21.1
086008,Cerami,0,0,23,454764,4182188,21.1
086008,Cerami,0,0,24,454080,4181974,21.1
086008,Cerami,0,0,25,453792,4181717,21.1
086008,Cerami,0,0,26,452506,4181555,21.1
086008,Cerami,0,0,27,451383,4181820,21.1
086008,Cerami,0,0,28,449262,4182657,21.1
086008,Cerami,0,0,29,448819,4184305,21.1
086008,Cerami,0,0,30,448450,4184847,21.1
086008,Cerami,0,0,31,448761,4186159,21.1
086008,Cerami,0,0,32,447717,4188166,21.1
086008,Cerami,0,0,33,447461,4190462,21.1
086008,Cerami,0,0,34,447778,4191154,21.1
086008,Cerami,0,0,35,448825,4190631,21.1
086008,Cerami,0,0,36,449784,4189623,21.1
086008,Cerami,0,0,37,451377,4189180,21.1
086008,Cerami,0,0,38,452613,4188564,21.1
086008,Cerami,0,0,39,452905,4188206,21.1
086008,Cerami,0,0,40,452213,4186813,21.1
086008,Cerami,0,0,41,451944,4185645,21.1
086008,Cerami,0,0,42,452370,4185375,21.1
086008,Cerami,0,0,43,453763,4184951,21.1
086008,Cerami,0,0,44,454426,4185175,21.1
086008,Cerami,0,0,45,454802,4185675,21.1
086008,Cerami,0,0,46,455365,4186505,21.1
086008,Cerami,0,0,47,456172,4188717,21.1
086008,Cerami,0,0,48,456639,4189510,21.1
086008,Cerami,0,0,49,457506,4190220,21.1
086008,Cerami,0,0,50,458397,4190590,21.1
086008,Cerami,0,0,51,458992,4190441,21.1
086008,Cerami,0,0,52,459585,4190933,21.1
086008,Cerami,0,0,53,460041,4191796,21.1
086008,Cerami,0,0,54,460831,4192345,21.1
086008,Cerami,0,0,55,462005,4192370,21.1
086008,Cerami,0,0,56,462204,4192548,21.1
086008,Cerami,0,0,57,462377,4192005,21.1
086009,Enna,0,0,0,420463,4154837,29.9
086009,Enna,0,0,1,419556,4155806,29.9
086009,Enna,0,0,2,419333,4156765,29.9
086009,Enna,0,0,3,419599,4157099,29.9
086009,Enna,0,0,4,420462,4156696,29.9
086009,Enna,0,0,5,420882,4156070,29.9
086009,Enna,0,0,6,421054,4155126,29.9
086009,Enna,0,0,7,420463,4154837,29.9
086009,Enna,1,0,0,439660,4163643,29.9
086009,Enna,1,0,1,440284,4163644,29.9
086009,Enna,1,0,2,441245,4162904,29.9
086009,Enna,1,0,3,442181,4162719,29.9
086009,Enna,1,0,4,443527,4161806,29.9
086009,Enna,1,0,5,444924,4159326,29.9
086009,Enna,1,0,6,446264,4157967,29.9
086009,Enna,1,0,7,447239,4157774,29.9
086009,Enna,1,0,8,447079,4156282,29.9
086009,Enna,1,0,9,447369,4155148,29.9
086009,Enna,1,0,10,447668,4154972,29.9
086009,Enna,1,0,11,448415,4154964,29.9
086009,Enna,1,0,12,449375,4154709,29.9
086009,Enna,1,0,13,449687,4154801,29.9
086009,Enna,1,0,14,450201,4155226,29.9
086009,Enna,1,0,15,451108,4156709,29.9
086009,Enna,1,0,16,452020,4157331,29.9
086009,Enna,1,0,17,453181,4157847,29.9
086009,Enna,1,0,18,453511,4158153,29.9
086009,Enna,1,0,19,453548,4157446,29.9
086009,Enna,1,0,20,453879,4157783,29.9
086009,Enna,1,0,21,454376,4157379,29.9
086009,Enna,1,0,22,454719,4157705,29.9
086009,Enna,1,0,23,455791,4156682,29.9
086009,Enna,1,0,24,455794,4156388,29.9
086009,Enna,1,0,25,455450,4156145,29.9
086009,Enna,1,0,26,455105,4156191,29.9
086009,Enna,1,0,27,455121,4156416,29.9
086009,Enna,1,0,28,454032,4157113,29.9
086009,Enna,1,0,29,452963,4157313,29.9
086009,Enna,1,0,30,452375,4157110,29.9
086009,Enna,1,0,31,453291,4156326,29.9
086009,Enna,1,0,32,453168,4155836,29.9
086009,Enna,1,0,33,452584,4155462,29.9
086009,Enna,1,0,34,452162,4154942,29.9
086009,Enna,1,0,35,451939,4154432,29.9
086009,Enna,1,0,36,451947,4153541,29.9
086009,Enna,1,0,37,452828,4152462,29.9
086009,Enna,1,0,38,453124,4151911,29.9
086009,Enna,1,0,39,453145,4151471,29.9
086009,Enna,1,0,40,452787,4151393,29.9
086009,Enna,1,0,41,452569,4151665,29.9
086009,Enna,1,0,42,452241,4151703,29.9
086009,Enna,1,0,43,451600,4151647,29.9
086009,Enna,1,0,44,451170,4151269,29.9
086009,Enna,1,0,45,450374,4151275,29.9
086009,Enna,1,0,46,449901,4152183,29.9
086009,Enna,1,0,47,448880,4152650,29.9
086009,Enna,1,0,48,448219,4153923,29.9
086009,Enna,1,0,49,447824,4153840,29.9
086009,Enna,1,0,50,447564,4153600,29.9
086009,Enna,1,0,51,446938,4152661,29.9
086009,Enna,1,0,52,447086,4152264,29.9
086009,Enna,1,0,53,446741,4151783,29.9
086009,Enna,1,0,54,446201,4151820,29.9
086009,Enna,1,0,55,446057,4151947,29.9
086009,Enna,1,0,56,446340,4152911,29.9
086009,Enna,1,0,57,447306,4153944,29.9
086009,Enna,1,0,58,447268,4154651,29.9
086009,Enna,1,0,59,446894,4154610,29.9
086009,Enna,1,0,60,446380,4154102,29.9
086009,Enna,1,0,61,445224,4153616,29.9
086009,Enna,1,0,62,444799,4152514,29.9
086009,Enna,1,0,63,445375,4150840,29.9
086009,Enna,1,0,64,444904,4150199,29.9
086009,Enna,1,0,65,445492,4149455,29.9
086009,Enna,1,0,66,447115,4149251,29.9
086009,Enna,1,0,67,447560,4147530,29.9
086009,Enna,1,0,68,447313,4146690,29.9
086009,Enna,1,0,69,447282,4145628,29.9
086009,Enna,1,0,70,446972,4144943,29.9
086009,Enna,1,0,71,445440,4142640,29.9
086009,Enna,1,0,72,444506,4142262,29.9
086009,Enna,1,0,73,443196,4143553,29.9
086009,Enna,1,0,74,442506,4143842,29.9
086009,Enna,1,0,75,441616,4143462,29.9
086009,Enna,1,0,76,440794,4142881,29.9
086009,Enna,1,0,77,439857,4143006,29.9
086009,Enna,1,0,78,439064,4142730,29.9
086009,Enna,1,0,79,438641,4142848,29.9
086009,Enna,1,0,80,437859,4143506,29.9
086009,Enna,1,0,81,437284,4144612,29.9
086009,Enna,1,0,82,436094,4144672,29.9
086009,Enna,1,0,83,435193,4144305,29.9
086009,Enna,1,0,84,434865,4143886,29.9
086009,Enna,1,0,85,434209,4143678,29.9
086009,Enna,1,0,86,432346,4144044,29.9
086009,Enna,1,0,87,431269,4144028,29.9
086009,Enna,1,0,88,431148,4144207,29.9
086009,Enna,1,0,89,430474,4144320,29.9
086009,Enna,1,0,90,428971,4144290,29.9
086009,Enna,1,0,91,428179,4144506,29.9
086009,Enna,1,0,92,427811,4145031,29.9
086009,Enna,1,0,93,427959,4145845,29.9
086009,Enna,1,0,94,427497,4147401,29.9
086009,Enna,1,0,95,427120,4147791,29.9
086009,Enna,1,0,96,425227,4148879,29.9
086009,Enna,1,0,97,424123,4150656,29.9
086009,Enna,1,0,98,424003,4151059,29.9
086009,Enna,1,0,99,424305,4151361,29.9
086009,Enna,1,0,100,424257,4151560,29.9
086009,Enna,1,0,101,423772,4152384,29.9
086009,Enna,1,0,102,423345,4152482,29.9
086009,Enna,1,0,103,422885,4153073,29.9
086009,Enna,1,0,104,422699,4154078,29.9
086009,Enna,1,0,105,423722,4154500,29.9
086009,Enna,1,0,106,424264,4155264,29.9
086009,Enna,1,0,107,425915,4155358,29.9
086009,Enna,1,0,108,426978,4155754,29.9
086009,Enna,1,0,109,429361,4158111,29.9
086009,Enna,1,0,110,429694,4158655,29.9
086009,Enna,1,0,111,429946,4159986,29.9
086009,Enna,1,0,112,430346,4159940,29.9
086009,Enna,1,0,113,431595,4159351,29.9
086009,Enna,1,0,114,432576,4159928,29.9
086009,Enna,1,0,115,433355,4160052,29.9
086009,Enna,1,0,116,433798,4159793,29.9
086009,Enna,1,0,117,435087,4159466,29.9
086009,Enna,1,0,118,436124,4159442,29.9
086009,Enna,1,0,119,436869,4159733,29.9
086009,Enna,1,0,120,438057,4161631,29.9
086009,Enna,1,0,121,437707,4161727,29.9
086009,Enna,1,0,122,437602,4162122,29.9
086009,Enna,1,0,123,438441,4162862,29.9
086009,Enna,1,0,124,438815,4162988,29.9
086009,Enna,1,0,125,439431,4163820,29.9
086009,Enna,1,0,126,439660,4163643,29.9
086009,Enna,1,1,0,441731,4151635,29.9
086009,Enna,1,1,1,440437,4150772,29.9
086009,Enna,1,1,2,439040,4150851,29.9
086009,Enna,1,1,3,438628,4150679,29.9
086009,Enna,1,1,4,437466,4149653,29.9
086009,Enna,1,1,5,437368,4149395,29.9
086009,Enna,1,1,6,437795,4149206,29.9
086009,Enna,1,1,7,438526,4147977,29.9
086009,Enna,1,1,8,439529,4147287,29.9
086009,Enna,1,1,9,441142,4147336,29.9
086009,Enna,1,1,10,441469,4147242,29.9
086009,Enna,1,1,11,441605,4146781,29.9
086009,Enna,1,1,12,442129,4146842,29.9
086009,Enna,1,1,13,443414,4147574,29.9
086009,Enna,1,1,14,442670,4148369,29.9
086009,Enna,1,1,15,441612,4148673,29.9
086009,Enna,1,1,16,440778,4149876,29.9
086009,Enna,1,1,17,440738,4150100,29.9
086009,Enna,1,1,18,441887,4150493,29.9
086009,Enna,1,1,19,441940,4151482,29.9
086009,Enna,1,1,20,441731,4151635,29.9
086009,Enna,2,0,0,430911,4170346,29.9
086009,Enna,2,0,1,431465,4169220,29.9
086009,Enna,2,0,2,431791,4167743,29.9
086009,Enna,2,0,3,431062,4167421,29.9
086009,Enna,2,0,4,430767,4167893,29.9
086009,Enna,2,0,5,429729,4168339,29.9
086009,Enna,2,0,6,428897,4170042,29.9
086009,Enna,2,0,7,429667,4170475,29.9
086009,Enna,2,0,8,430911,4170346,29.9
086010,Gagliano Castelferrato,0,0,0,458510,4179981,24.9
086010,Gagliano Castelferrato,0,0,1,459252,4179621,24.9
086010,Gagliano Castelferrato,0,0,2,461760,4177401,24.9
086010,Gagliano Castelferrato,0,0,3,463194,4176401,24.9
086010,Gagliano Castelferrato,0,0,4,463486,4172466,24.9
086010,Gagliano Castelferrato,0,0,5,462938,4172372,24.9
086010,Gagliano Castelferrato,0,0,6,461764,4172648,24.9
086010,Gagliano Castelferrato,0,0,7,460733,4172506,24.9
086010,Gagliano Castelferrato,0,0,8,459959,4171339,24.9
086010,Gagliano Castelferrato,0,0,9,459731,4170529,24.9
086010,Gagliano Castelferrato,0,0,10,459918,4170033,24.9
086010,Gagliano Castelferrato,0,0,11,459572,4169607,24.9
086010,Gagliano Castelferrato,0,0,12,459553,4169777,24.9
086010,Gagliano Castelferrato,0,0,13,459211,4169955,24.9
086010,Gagliano Castelferrato,0,0,14,458410,4169710,24.9
086010,Gagliano Castelferrato,0,0,15,457702,4170264,24.9
086010,Gagliano Castelferrato,0,0,16,456495,4169715,24.9
086010,Gagliano Castelferrato,0,0,17,456278,4169863,24.9
086010,Gagliano Castelferrato,0,0,18,456373,4170195,24.9
086010,Gagliano Castelferrato,0,0,19,455481,4171681,24.9
086010,Gagliano Castelferrato,0,0,20,454910,4171524,24.9
086010,Gagliano Castelferrato,0,0,21,454262,4172214,24.9
086010,Gagliano Castelferrato,0,0,22,454363,4172497,24.9
086010,Gagliano Castelferrato,0,0,23,454737,4172655,24.9
086010,Gagliano Castelferrato,0,0,24,454979,4172988,24.9
086010,Gagliano Castelferrato,0,0,25,455439,4174609,24.9
086010,Gagliano Castelferrato,0,0,26,456929,4176969,24.9
086010,Gagliano Castelferrato,0,0,27,456956,4177354,24.9
086010,Gagliano Castelferrato,0,0,28,456452,4177912,24.9
086010,Gagliano Castelferrato,0,0,29,456437,4178891,24.9
086010,Gagliano Castelferrato,0,0,30,456772,4178998,24.9
086010,Gagliano Castelferrato,0,0,31,457618,4178848,24.9
086010,Gagliano Castelferrato,0,0,32,457973,4179170,24.9
086010,Gagliano Castelferrato,0,0,33,458166,4179947,24.9
086010,Gagliano Castelferrato,0,0,34,458510,4179981,24.9
086011,Leonforte,0,0,0,444581,4173513,17.9
086011,Leonforte,0,0,1,445244,4172956,17.9
086011,Leonforte,0,0,2,445913,4172837,17.9
086011,Leonforte,0,0,3,446493,4172032,17.9
086011,Leonforte,0,0,4,446809,4170966,17.9
086011,Leonforte,0,0,5,447646,4169641,17.9
086011,Leonforte,0,0,6,447911,4169476,17.9
086011,Leonforte,0,0,7,448385,4168347,17.9
086011,Leonforte,0,0,8,447768,4165572,17.9
086011,Leonforte,0,0,9,447103,4164992,17.9
086011,Leonforte,0,0,10,446853,4164396,17.9
086011,Leonforte,0,0,11,446714,4163896,17.9
086011,Leonforte,0,0,12,446727,4162629,17.9
086011,Leonforte,0,0,13,446499,4162096,17.9
086011,Leonforte,0,0,14,446448,4161403,17.9
086011,Leonforte,0,0,15,447402,4159432,17.9
086011,Leonforte,0,0,16,447239,4157774,17.9
086011,Leonforte,0,0,17,446264,4157967,17.9
086011,Leonforte,0,0,18,444924,4159326,17.9
086011,Leonforte,0,0,19,443293,4162031,17.9
086011,Leonforte,0,0,20,442181,4162719,17.9
086011,Leonforte,0,0,21,441304,4162872,17.9
086011,Leonforte,0,0,22,440284,4163644,17.9
086011,Leonforte,0,0,23,439876,4164715,17.9
086011,Leonforte,0,0,24,439687,4166693,17.9
086011,Leonforte,0,0,25,439002,4167367,17.9
086011,Leonforte,0,0,26,439595,4168855,17.9
086011,Leonforte,0,0,27,440351,4169309,17.9
086011,Leonforte,0,0,28,440057,4170661,17.9
086011,Leonforte,0,0,29,440576,4171224,17.9
086011,Leonforte,0,0,30,441447,4171706,17.9
086011,Leonforte,0,0,31,443190,4171956,17.9
086011,Leonforte,0,0,32,443643,4172438,17.9
086011,Leonforte,0,0,33,443616,4173271,17.9
086011,Leonforte,0,0,34,444157,4173551,17.9
086011,Leonforte,0,0,35,444581,4173513,17.9
086012,Nicosia,0,0,0,447707,4188254,24.1
086012,Nicosia,0,0,1,448761,4186159,24.1
086012,Nicosia,0,0,2,448450,4184847,24.1
086012,Nicosia,0,0,3,448819,4184305,24.1
086012,Nicosia,0,0,4,449262,4182657,24.1
086012,Nicosia,0,0,5,451383,4181820,24.1
086012,Nicosia,0,0,6,452506,4181555,24.1
086012,Nicosia,0,0,7,453792,4181717,24.1
086012,Nicosia,0,0,8,454080,4181974,24.1
086012,Nicosia,0,0,9,454764,4182188,24.1
086012,Nicosia,0,0,10,455426,4181150,24.1
086012,Nicosia,0,0,11,456262,4179221,24.1
086012,Nicosia,0,0,12,456452,4177912,24.1
086012,Nicosia,0,0,13,455864,4177452,24.1
086012,Nicosia,0,0,14,454977,4177311,24.1
086012,Nicosia,0,0,15,454350,4177466,24.1
086012,Nicosia,0,0,16,453865,4178047,24.1
086012,Nicosia,0,0,17,452966,4178165,24.1
086012,Nicosia,0,0,18,452425,4177852,24.1
086012,Nicosia,0,0,19,451208,4175884,24.1
086012,Nicosia,0,0,20,451102,4175095,24.1
086012,Nicosia,0,0,21,451370,4174130,24.1
086012,Nicosia,0,0,22,452148,4173618,24.1
086012,Nicosia,0,0,23,452108,4172813,24.1
086012,Nicosia,0,0,24,449602,4173507,24.1
086012,Nicosia,0,0,25,447311,4173506,24.1
086012,Nicosia,0,0,26,445652,4172827,24.1
086012,Nicosia,0,0,27,445244,4172956,24.1
086012,Nicosia,0,0,28,444442,4173591,24.1
086012,Nicosia,0,0,29,443696,4173338,24.1
086012,Nicosia,0,0,30,443562,4173194,24.1
086012,Nicosia,0,0,31,443643,4172438,24.1
086012,Nicosia,0,0,32,443190,4171956,24.1
086012,Nicosia,0,0,33,441447,4171706,24.1
086012,Nicosia,0,0,34,440576,4171224,24.1
086012,Nicosia,0,0,35,440057,4170661,24.1
086012,Nicosia,0,0,36,440330,4169258,24.1
086012,Nicosia,0,0,37,439595,4168855,24.1
086012,Nicosia,0,0,38,439039,4167397,24.1
086012,Nicosia,0,0,39,438072,4166228,24.1
086012,Nicosia,0,0,40,437889,4165751,24.1
086012,Nicosia,0,0,41,437358,4165656,24.1
086012,Nicosia,0,0,42,436939,4165964,24.1
086012,Nicosia,0,0,43,436433,4167911,24.1
086012,Nicosia,0,0,44,436290,4167878,24.1
086012,Nicosia,0,0,45,434709,4169346,24.1
086012,Nicosia,0,0,46,434283,4170225,24.1
086012,Nicosia,0,0,47,433027,4171291,24.1
086012,Nicosia,0,0,48,432884,4171811,24.1
086012,Nicosia,0,0,49,433056,4172297,24.1
086012,Nicosia,0,0,50,433790,4172190,24.1
086012,Nicosia,0,0,51,434905,4172667,24.1
086012,Nicosia,0,0,52,435588,4173606,24.1
086012,Nicosia,0,0,53,435911,4175145,24.1
086012,Nicosia,0,0,54,436487,4175447,24.1
086012,Nicosia,0,0,55,436410,4175004,24.1
086012,Nicosia,0,0,56,436949,4174269,24.1
086012,Nicosia,0,0,57,437731,4173916,24.1
086012,Nicosia,0,0,58,437131,4172958,24.1
086012,Nicosia,0,0,59,436428,4172495,24.1
086012,Nicosia,0,0,60,436449,4172211,24.1
086012,Nicosia,0,0,61,437006,4171829,24.1
086012,Nicosia,0,0,62,437836,4171796,24.1
086012,Nicosia,0,0,63,438348,4172067,24.1
086012,Nicosia,0,0,64,439224,4172810,24.1
086012,Nicosia,0,0,65,439681,4173505,24.1
086012,Nicosia,0,0,66,440186,4173886,24.1
086012,Nicosia,0,0,67,440658,4173948,24.1
086012,Nicosia,0,0,68,440469,4174619,24.1
086012,Nicosia,0,0,69,440126,4175001,24.1
086012,Nicosia,0,0,70,440358,4175426,24.1
086012,Nicosia,0,0,71,441006,4175948,24.1
086012,Nicosia,0,0,72,441829,4177022,24.1
086012,Nicosia,0,0,73,442958,4177031,24.1
086012,Nicosia,0,0,74,443449,4177808,24.1
086012,Nicosia,0,0,75,443549,4178471,24.1
086012,Nicosia,0,0,76,444237,4179196,24.1
086012,Nicosia,0,0,77,443695,4181159,24.1
086012,Nicosia,0,0,78,443221,4181738,24.1
086012,Nicosia,0,0,79,443322,4182926,24.1
086012,Nicosia,0,0,80,443187,4183115,24.1
086012,Nicosia,0,0,81,442397,4183197,24.1
086012,Nicosia,0,0,82,441073,4182715,24.1
086012,Nicosia,0,0,83,439401,4182800,24.1
086012,Nicosia,0,0,84,438786,4183072,24.1
086012,Nicosia,0,0,85,437617,4183189,24.1
086012,Nicosia,0,0,86,435931,4183946,24.1
086012,Nicosia,0,0,87,435595,4184632,24.1
086012,Nicosia,0,0,88,435642,4185107,24.1
086012,Nicosia,0,0,89,435457,4185706,24.1
086012,Nicosia,0,0,90,435111,4186071,24.1
086012,Nicosia,0,0,91,435205,4187010,24.1
086012,Nicosia,0,0,92,435506,4187510,24.1
086012,Nicosia,0,0,93,436644,4188317,24.1
086012,Nicosia,0,0,94,438523,4187880,24.1
086012,Nicosia,0,0,95,439827,4188313,24.1
086012,Nicosia,0,0,96,440383,4188247,24.1
086012,Nicosia,0,0,97,440758,4188014,24.1
086012,Nicosia,0,0,98,442823,4189117,24.1
086012,Nicosia,0,0,99,443547,4189275,24.1
086012,Nicosia,0,0,100,445633,4189520,24.1
086012,Nicosia,0,0,101,446523,4189457,24.1
086012,Nicosia,0,0,102,446868,4189156,24.1
086012,Nicosia,0,0,103,447461,4190462,24.1
086012,Nicosia,0,0,104,447707,4188254,24.1
086013,Nissoria,0,0,0,454431,4177431,24.9
086013,Nissoria,0,0,1,455347,4177318,24.9
086013,Nissoria,0,0,2,455940,4177489,24.9
086013,Nissoria,0,0,3,456452,4177912,24.9
086013,Nissoria,0,0,4,456956,4177354,24.9
086013,Nissoria,0,0,5,456797,4176633,24.9
086013,Nissoria,0,0,6,455439,4174609,24.9
086013,Nissoria,0,0,7,454979,4172988,24.9
086013,Nissoria,0,0,8,454282,4172301,24.9
086013,Nissoria,0,0,9,454288,4172124,24.9
086013,Nissoria,0,0,10,455010,4171422,24.9
086013,Nissoria,0,0,11,453694,4170499,24.9
086013,Nissoria,0,0,12,453615,4169705,24.9
086013,Nissoria,0,0,13,452920,4168133,24.9
086013,Nissoria,0,0,14,452309,4168123,24.9
086013,Nissoria,0,0,15,451695,4167205,24.9
086013,Nissoria,0,0,16,450585,4166623,24.9
086013,Nissoria,0,0,17,449473,4165797,24.9
086013,Nissoria,0,0,18,448981,4165785,24.9
086013,Nissoria,0,0,19,448506,4166399,24.9
086013,Nissoria,0,0,20,448385,4168347,24.9
086013,Nissoria,0,0,21,448058,4169155,24.9
086013,Nissoria,0,0,22,446809,4170966,24.9
086013,Nissoria,0,0,23,446493,4172032,24.9
086013,Nissoria,0,0,24,445913,4172837,24.9
086013,Nissoria,0,0,25,446876,4173361,24.9
086013,Nissoria,0,0,26,448146,4173586,24.9
086013,Nissoria,0,0,27,449602,4173507,24.9
086013,Nissoria,0,0,28,452171,4172837,24.9
086013,Nissoria,0,0,29,452148,4173618,24.9
086013,Nissoria,0,0,30,451342,4174176,24.9
086013,Nissoria,0,0,31,451102,4175095,24.9
086013,Nissoria,0,0,32,451208,4175884,24.9
086013,Nissoria,0,0,33,452663,4178049,24.9
086013,Nissoria,0,0,34,452966,4178165,24.9
086013,Nissoria,0,0,35,453865,4178047,24.9
086013,Nissoria,0,0,36,454431,4177431,24.9
086014,Piazza Armerina,0,0,0,437284,4144612,24.1
086014,Piazza Armerina,0,0,1,437859,4143506,24.1
086014,Piazza Armerina,0,0,2,438641,4142848,24.1
086014,Piazza Armerina,0,0,3,439064,4142730,24.1
086014,Piazza Armerina,0,0,4,439857,4143006,24.1
086014,Piazza Armerina,0,0,5,440794,4142881,24.1
086014,Piazza Armerina,0,0,6,441616,4143462,24.1
086014,Piazza Armerina,0,0,7,442506,4143842,24.1
086014,Piazza Armerina,0,0,8,443196,4143553,24.1
086014,Piazza Armerina,0,0,9,444506,4142262,24.1
086014,Piazza Armerina,0,0,10,445365,4142564,24.1
086014,Piazza Armerina,0,0,11,445820,4143175,24.1
086014,Piazza Armerina,0,0,12,446033,4142789,24.1
086014,Piazza Armerina,0,0,13,445693,4142218,24.1
086014,Piazza Armerina,0,0,14,445917,4141748,24.1
086014,Piazza Armerina,0,0,15,447037,4140458,24.1
086014,Piazza Armerina,0,0,16,447698,4140104,24.1
086014,Piazza Armerina,0,0,17,448091,4140091,24.1
086014,Piazza Armerina,0,0,18,448762,4139612,24.1
086014,Piazza Armerina,0,0,19,449392,4138238,24.1
086014,Piazza Armerina,0,0,20,449472,4137006,24.1
086014,Piazza Armerina,0,0,21,449771,4135819,24.1
086014,Piazza Armerina,0,0,22,449785,4135339,24.1
086014,Piazza Armerina,0,0,23,449548,4134876,24.1
086014,Piazza Armerina,0,0,24,449708,4134462,24.1
086014,Piazza Armerina,0,0,25,450716,4134613,24.1
086014,Piazza Armerina,0,0,26,451488,4135064,24.1
086014,Piazza Armerina,0,0,27,451717,4135410,24.1
086014,Piazza Armerina,0,0,28,453725,4135469,24.1
086014,Piazza Armerina,0,0,29,454732,4134841,24.1
086014,Piazza Armerina,0,0,30,454779,4133817,24.1
086014,Piazza Armerina,0,0,31,455338,4132970,24.1
086014,Piazza Armerina,0,0,32,456801,4132133,24.1
086014,Piazza Armerina,0,0,33,457419,4131045,24.1
086014,Piazza Armerina,0,0,34,457272,4130633,24.1
086014,Piazza Armerina,0,0,35,456689,4130196,24.1
086014,Piazza Armerina,0,0,36,456651,4129836,24.1
086014,Piazza Armerina,0,0,37,456255,4129429,24.1
086014,Piazza Armerina,0,0,38,455468,4129296,24.1
086014,Piazza Armerina,0,0,39,454506,4129789,24.1
086014,Piazza Armerina,0,0,40,452119,4132018,24.1
086014,Piazza Armerina,0,0,41,451393,4132748,24.1
086014,Piazza Armerina,0,0,42,450960,4133684,24.1
086014,Piazza Armerina,0,0,43,450465,4133352,24.1
086014,Piazza Armerina,0,0,44,450158,4132684,24.1
086014,Piazza Armerina,0,0,45,449286,4132786,24.1
086014,Piazza Armerina,0,0,46,448804,4132507,24.1
086014,Piazza Armerina,0,0,47,449065,4131987,24.1
086014,Piazza Armerina,0,0,48,449892,4131060,24.1
086014,Piazza Armerina,0,0,49,451162,4130340,24.1
086014,Piazza Armerina,0,0,50,451738,4129391,24.1
086014,Piazza Armerina,0,0,51,451691,4128693,24.1
086014,Piazza Armerina,0,0,52,451209,4128484,24.1
086014,Piazza Armerina,0,0,53,450457,4128617,24.1
086014,Piazza Armerina,0,0,54,449747,4127857,24.1
086014,Piazza Armerina,0,0,55,449741,4127442,24.1
086014,Piazza Armerina,0,0,56,447906,4127667,24.1
086014,Piazza Armerina,0,0,57,446857,4128199,24.1
086014,Piazza Armerina,0,0,58,446164,4128227,24.1
086014,Piazza Armerina,0,0,59,445473,4127915,24.1
086014,Piazza Armerina,0,0,60,443192,4128932,24.1
086014,Piazza Armerina,0,0,61,442256,4129141,24.1
086014,Piazza Armerina,0,0,62,441958,4129136,24.1
086014,Piazza Armerina,0,0,63,441482,4128700,24.1
086014,Piazza Armerina,0,0,64,439368,4128705,24.1
086014,Piazza Armerina,0,0,65,439426,4131221,24.1
086014,Piazza Armerina,0,0,66,439108,4131391,24.1
086014,Piazza Armerina,0,0,67,436902,4131641,24.1
086014,Piazza Armerina,0,0,68,436503,4131909,24.1
086014,Piazza Armerina,0,0,69,436079,4131955,24.1
086014,Piazza Armerina,0,0,70,435784,4131772,24.1
086014,Piazza Armerina,0,0,71,435080,4132136,24.1
086014,Piazza Armerina,0,0,72,435096,4132498,24.1
086014,Piazza Armerina,0,0,73,434819,4133174,24.1
086014,Piazza Armerina,0,0,74,431895,4133710,24.1
086014,Piazza Armerina,0,0,75,432327,4135005,24.1
086014,Piazza Armerina,0,0,76,433173,4135151,24.1
086014,Piazza Armerina,0,0,77,434026,4135799,24.1
086014,Piazza Armerina,0,0,78,434006,4136002,24.1
086014,Piazza Armerina,0,0,79,433276,4135910,24.1
086014,Piazza Armerina,0,0,80,432790,4136210,24.1
086014,Piazza Armerina,0,0,81,433327,4137346,24.1
086014,Piazza Armerina,0,0,82,433270,4138006,24.1
086014,Piazza Armerina,0,0,83,432787,4138977,24.1
086014,Piazza Armerina,0,0,84,431834,4139485,24.1
086014,Piazza Armerina,0,0,85,431591,4139345,24.1
086014,Piazza Armerina,0,0,86,431527,4138529,24.1
086014,Piazza Armerina,0,0,87,431020,4138187,24.1
086014,Piazza Armerina,0,0,88,430537,4138110,24.1
086014,Piazza Armerina,0,0,89,428660,4138613,24.1
086014,Piazza Armerina,0,0,90,428562,4138871,24.1
086014,Piazza Armerina,0,0,91,428882,4141054,24.1
086014,Piazza Armerina,0,0,92,429505,4140883,24.1
086014,Piazza Armerina,0,0,93,428078,4142847,24.1
086014,Piazza Armerina,0,0,94,427838,4144667,24.1
086014,Piazza Armerina,0,0,95,427894,4144772,24.1
086014,Piazza Armerina,0,0,96,428179,4144506,24.1
086014,Piazza Armerina,0,0,97,428971,4144290,24.1
086014,Piazza Armerina,0,0,98,430474,4144320,24.1
086014,Piazza Armerina,0,0,99,431148,4144207,24.1
086014,Piazza Armerina,0,0,100,431269,4144028,24.1
086014,Piazza Armerina,0,0,101,432346,4144044,24.1
086014,Piazza Armerina,0,0,102,434209,4143678,24.1
086014,Piazza Armerina,0,0,103,434865,4143886,24.1
086014,Piazza Armerina,0,0,104,435193,4144305,24.1
086014,Piazza Armerina,0,0,105,436094,4144672,24.1
086014,Piazza Armerina,0,0,106,437284,4144612,24.1
086014,Piazza Armerina,1,0,0,456111,4148058,24.1
086014,Piazza Armerina,1,0,1,456644,4147450,24.1
086014,Piazza Armerina,1,0,2,456750,4146663,24.1
086014,Piazza Armerina,1,0,3,456376,4145867,24.1
086014,Piazza Armerina,1,0,4,454936,4147874,24.1
086014,Piazza Armerina,1,0,5,454746,4148353,24.1
086014,Piazza Armerina,1,0,6,455173,4148564,24.1
086014,Piazza Armerina,1,0,7,456111,4148058,24.1
086014,Piazza Armerina,2,0,0,441867,4151594,24.1
086014,Piazza Armerina,2,0,1,441981,4151148,24.1
086014,Piazza Armerina,2,0,2,441887,4150493,24.1
086014,Piazza Armerina,2,0,3,440738,4150100,24.1
086014,Piazza Armerina,2,0,4,440778,4149876,24.1
086014,Piazza Armerina,2,0,5,441612,4148673,24.1
086014,Piazza Armerina,2,0,6,442670,4148369,24.1
086014,Piazza Armerina,2,0,7,443414,4147574,24.1
086014,Piazza Armerina,2,0,8,442129,4146842,24.1
086014,Piazza Armerina,2,0,9,441605,4146781,24.1
086014,Piazza Armerina,2,0,10,441469,4147242,24.1
086014,Piazza Armerina,2,0,11,441142,4147336,24.1
086014,Piazza Armerina,2,0,12,439529,4147287,24.1
086014,Piazza Armerina,2,0,13,438526,4147977,24.1
086014,Piazza Armerina,2,0,14,437795,4149206,24.1
086014,Piazza Armerina,2,0,15,437368,4149395,24.1
086014,Piazza Armerina,2,0,16,437466,4149653,24.1
086014,Piazza Armerina,2,0,17,438628,4150679,24.1
086014,Piazza Armerina,2,0,18,439040,4150851,24.1
086014,Piazza Armerina,2,0,19,440437,4150772,24.1
086014,Piazza Armerina,2,0,20,441731,4151635,24.1
086014,Piazza Armerina,2,0,21,441867,4151594,24.1
086014,Piazza Armerina,3,0,0,454472,4152345,24.1
086014,Piazza Armerina,3,0,1,454735,4151414,24.1
086014,Piazza Armerina,3,0,2,453883,4149808,24.1
086014,Piazza Armerina,3,0,3,453524,4149460,24.1
086014,Piazza Armerina,3,0,4,452110,4148873,24.1
086014,Piazza Armerina,3,0,5,451581,4148384,24.1
086014,Piazza Armerina,3,0,6,452365,4146989,24.1
086014,Piazza Armerina,3,0,7,451931,4146775,24.1
086014,Piazza Armerina,3,0,8,451411,4147608,24.1
086014,Piazza Armerina,3,0,9,450831,4147654,24.1
086014,Piazza Armerina,3,0,10,449519,4148405,24.1
086014,Piazza Armerina,3,0,11,449033,4148482,24.1
086014,Piazza Armerina,3,0,12,448614,4148312,24.1
086014,Piazza Armerina,3,0,13,447422,4147143,24.1
086014,Piazza Armerina,3,0,14,447560,4147530,24.1
086014,Piazza Armerina,3,0,15,447150,4149284,24.1
086014,Piazza Armerina,3,0,16,447932,4149237,24.1
086014,Piazza Armerina,3,0,17,448147,4149716,24.1
086014,Piazza Armerina,3,0,18,448553,4150064,24.1
086014,Piazza Armerina,3,0,19,449847,4150554,24.1
086014,Piazza Armerina,3,0,20,450297,4151321,24.1
086014,Piazza Armerina,3,0,21,451058,4151244,24.1
086014,Piazza Armerina,3,0,22,451600,4151647,24.1
086014,Piazza Armerina,3,0,23,452241,4151703,24.1
086014,Piazza Armerina,3,0,24,452948,4151404,24.1
086014,Piazza Armerina,3,0,25,453175,4151526,24.1
086014,Piazza Armerina,3,0,26,453124,4151911,24.1
086014,Piazza Armerina,3,0,27,453316,4152201,24.1
086014,Piazza Armerina,3,0,28,454034,4152532,24.1
086014,Piazza Armerina,3,0,29,454472,4152345,24.1
086015,Pietraperzia,0,0,0,426168,4148378,16.0
086015,Pietraperzia,0,0,1,427497,4147401,16.0
086015,Pietraperzia,0,0,2,427959,4145845,16.0
086015,Pietraperzia,0,0,3,427779,4144464,16.0
086015,Pietraperzia,0,0,4,428078,4142847,16.0
086015,Pietraperzia,0,0,5,429259,4141368,16.0
086015,Pietraperzia,0,0,6,429509,4140835,16.0
086015,Pietraperzia,0,0,7,428882,4141054,16.0
086015,Pietraperzia,0,0,8,428562,4138871,16.0
086015,Pietraperzia,0,0,9,428187,4138878,16.0
086015,Pietraperzia,0,0,10,427699,4139253,16.0
086015,Pietraperzia,0,0,11,427139,4138960,16.0
086015,Pietraperzia,0,0,12,426937,4138506,16.0
086015,Pietraperzia,0,0,13,426864,4137506,16.0
086015,Pietraperzia,0,0,14,426379,4136903,16.0
086015,Pietraperzia,0,0,15,426195,4136788,16.0
086015,Pietraperzia,0,0,16,425421,4137006,16.0
086015,Pietraperzia,0,0,17,425040,4136605,16.0
086015,Pietraperzia,0,0,18,424777,4135069,16.0
086015,Pietraperzia,0,0,19,424439,4134527,16.0
086015,Pietraperzia,0,0,20,424160,4134429,16.0
086015,Pietraperzia,0,0,21,424012,4134815,16.0
086015,Pietraperzia,0,0,22,423672,4134936,16.0
086015,Pietraperzia,0,0,23,422935,4134604,16.0
086015,Pietraperzia,0,0,24,422714,4134191,16.0
086015,Pietraperzia,0,0,25,422808,4133346,16.0
086015,Pietraperzia,0,0,26,422660,4132818,16.0
086015,Pietraperzia,0,0,27,421604,4132300,16.0
086015,Pietraperzia,0,0,28,421216,4132283,16.0
086015,Pietraperzia,0,0,29,419867,4132748,16.0
086015,Pietraperzia,0,0,30,419461,4132599,16.0
086015,Pietraperzia,0,0,31,418956,4133055,16.0
086015,Pietraperzia,0,0,32,419330,4133395,16.0
086015,Pietraperzia,0,0,33,419418,4134029,16.0
086015,Pietraperzia,0,0,34,418785,4134234,16.0
086015,Pietraperzia,0,0,35,418731,4136175,16.0
086015,Pietraperzia,0,0,36,417833,4136825,16.0
086015,Pietraperzia,0,0,37,418316,4137431,16.0
086015,Pietraperzia,0,0,38,418006,4138220,16.0
086015,Pietraperzia,0,0,39,416538,4140023,16.0
086015,Pietraperzia,0,0,40,416455,4140428,16.0
086015,Pietraperzia,0,0,41,416809,4140732,16.0
086015,Pietraperzia,0,0,42,417156,4140083,16.0
086015,Pietraperzia,0,0,43,417373,4140030,16.0
086015,Pietraperzia,0,0,44,417851,4140295,16.0
086015,Pietraperzia,0,0,45,417674,4140806,16.0
086015,Pietraperzia,0,0,46,417777,4142019,16.0
086015,Pietraperzia,0,0,47,422214,4146335,16.0
086015,Pietraperzia,0,0,48,423240,4147525,16.0
086015,Pietraperzia,0,0,49,424120,4148142,16.0
086015,Pietraperzia,0,0,50,424905,4148203,16.0
086015,Pietraperzia,0,0,51,425677,4148571,16.0
086015,Pietraperzia,0,0,52,426168,4148378,16.0
086016,Regalbuto,0,0,0,464799,4176506,19.0
086016,Regalbuto,0,0,1,467149,4175869,19.0
086016,Regalbuto,0,0,2,467707,4175427,19.0
086016,Regalbuto,0,0,3,467462,4174791,19.0
086016,Regalbuto,0,0,4,467506,4174227,19.0
086016,Regalbuto,0,0,5,467814,4173921,19.0
086016,Regalbuto,0,0,6,469294,4173716,19.0
086016,Regalbuto,0,0,7,469913,4174003,19.0
086016,Regalbuto,0,0,8,470357,4174004,19.0
086016,Regalbuto,0,0,9,470646,4173537,19.0
086016,Regalbuto,0,0,10,471709,4169817,19.0
086016,Regalbuto,0,0,11,472012,4169516,19.0
086016,Regalbuto,0,0,12,472505,4169658,19.0
086016,Regalbuto,0,0,13,472392,4170290,19.0
086016,Regalbuto,0,0,14,472052,4170940,19.0
086016,Regalbuto,0,0,15,472472,4172126,19.0
086016,Regalbuto,0,0,16,474914,4172778,19.0
086016,Regalbuto,0,0,17,475700,4170497,19.0
086016,Regalbuto,0,0,18,475738,4169966,19.0
086016,Regalbuto,0,0,19,475956,4169883,19.0
086016,Regalbuto,0,0,20,476345,4169324,19.0
086016,Regalbuto,0,0,21,476255,4168506,19.0
086016,Regalbuto,0,0,22,477501,4168347,19.0
086016,Regalbuto,0,0,23,477845,4167006,19.0
086016,Regalbuto,0,0,24,477135,4165847,19.0
086016,Regalbuto,0,0,25,476223,4166075,19.0
086016,Regalbuto,0,0,26,475115,4166859,19.0
086016,Regalbuto,0,0,27,474741,4166351,19.0
086016,Regalbuto,0,0,28,474871,4165775,19.0
086016,Regalbuto,0,0,29,474738,4165573,19.0
086016,Regalbuto,0,0,30,473575,4165015,19.0
086016,Regalbuto,0,0,31,473266,4165006,19.0
086016,Regalbuto,0,0,32,472553,4165569,19.0
086016,Regalbuto,0,0,33,471723,4165911,19.0
086016,Regalbuto,0,0,34,471200,4165345,19.0
086016,Regalbuto,0,0,35,471174,4163742,19.0
086016,Regalbuto,0,0,36,470165,4162287,19.0
086016,Regalbuto,0,0,37,471566,4160239,19.0
086016,Regalbuto,0,0,38,471487,4159787,19.0
086016,Regalbuto,0,0,39,471652,4159048,19.0
086016,Regalbuto,0,0,40,470890,4157899,19.0
086016,Regalbuto,0,0,41,470748,4158139,19.0
086016,Regalbuto,0,0,42,470021,4157909,19.0
086016,Regalbuto,0,0,43,469183,4158178,19.0
086016,Regalbuto,0,0,44,468774,4157733,19.0
086016,Regalbuto,0,0,45,466855,4157791,19.0
086016,Regalbuto,0,0,46,467209,4158726,19.0
086016,Regalbuto,0,0,47,467118,4158968,19.0
086016,Regalbuto,0,0,48,465964,4160350,19.0
086016,Regalbuto,0,0,49,465211,4160202,19.0
086016,Regalbuto,0,0,50,464248,4160634,19.0
086016,Regalbuto,0,0,51,463997,4161290,19.0
086016,Regalbuto,0,0,52,464195,4161765,19.0
086016,Regalbuto,0,0,53,463428,4162531,19.0
086016,Regalbuto,0,0,54,463124,4164485,19.0
086016,Regalbuto,0,0,55,462842,4164650,19.0
086016,Regalbuto,0,0,56,463294,4167327,19.0
086016,Regalbuto,0,0,57,463086,4168250,19.0
086016,Regalbuto,0,0,58,462591,4168777,19.0
086016,Regalbuto,0,0,59,460794,4169297,19.0
086016,Regalbuto,0,0,60,459985,4169120,19.0
086016,Regalbuto,0,0,61,459558,4169506,19.0
086016,Regalbuto,0,0,62,459918,4170033,19.0
086016,Regalbuto,0,0,63,459731,4170529,19.0
086016,Regalbuto,0,0,64,459959,4171339,19.0
086016,Regalbuto,0,0,65,460733,4172506,19.0
086016,Regalbuto,0,0,66,461764,4172648,19.0
086016,Regalbuto,0,0,67,462938,4172372,19.0
086016,Regalbuto,0,0,68,463486,4172466,19.0
086016,Regalbuto,0,0,69,463194,4176401,19.0
086016,Regalbuto,0,0,70,463526,4176649,19.0
086016,Regalbuto,0,0,71,464799,4176506,19.0
086017,Sperlinga,0,0,0,435931,4183946,22.7
086017,Sperlinga,0,0,1,437617,4183189,22.7
086017,Sperlinga,0,0,2,438786,4183072,22.7
086017,Sperlinga,0,0,3,439401,4182800,22.7
086017,Sperlinga,0,0,4,441073,4182715,22.7
086017,Sperlinga,0,0,5,442397,4183197,22.7
086017,Sperlinga,0,0,6,443187,4183115,22.7
086017,Sperlinga,0,0,7,443322,4182926,22.7
086017,Sperlinga,0,0,8,443221,4181738,22.7
086017,Sperlinga,0,0,9,443695,4181159,22.7
086017,Sperlinga,0,0,10,444237,4179196,22.7
086017,Sperlinga,0,0,11,443549,4178471,22.7
086017,Sperlinga,0,0,12,443449,4177808,22.7
086017,Sperlinga,0,0,13,442958,4177031,22.7
086017,Sperlinga,0,0,14,441829,4177022,22.7
086017,Sperlinga,0,0,15,441006,4175948,22.7
086017,Sperlinga,0,0,16,440358,4175426,22.7
086017,Sperlinga,0,0,17,440126,4175001,22.7
086017,Sperlinga,0,0,18,440469,4174619,22.7
086017,Sperlinga,0,0,19,440622,4173902,22.7
086017,Sperlinga,0,0,20,440120,4173855,22.7
086017,Sperlinga,0,0,21,439681,4173505,22.7
086017,Sperlinga,0,0,22,439224,4172810,22.7
086017,Sperlinga,0,0,23,438348,4172067,22.7
086017,Sperlinga,0,0,24,437776,4171789,22.7
086017,Sperlinga,0,0,25,437006,4171829,22.7
086017,Sperlinga,0,0,26,436449,4172211,22.7
086017,Sperlinga,0,0,27,436428,4172495,22.7
086017,Sperlinga,0,0,28,437131,4172958,22.7
086017,Sperlinga,0,0,29,437731,4173916,22.7
086017,Sperlinga,0,0,30,437059,4174151,22.7
086017,Sperlinga,0,0,31,436388,4175071,22.7
086017,Sperlinga,0,0,32,437886,4177901,22.7
086017,Sperlinga,0,0,33,437506,4178387,22.7
086017,Sperlinga,0,0,34,437456,4179480,22.7
086017,Sperlinga,0,0,35,437231,4180025,22.7
086017,Sperlinga,0,0,36,435683,4181134,22.7
086017,Sperlinga,0,0,37,435689,4182869,22.7
086017,Sperlinga,0,0,38,435006,4182994,22.7
086017,Sperlinga,0,0,39,435089,4183538,22.7
086017,Sperlinga,0,0,40,435385,4183892,22.7
086017,Sperlinga,0,0,41,435931,4183946,22.7
086018,Troina,0,0,0,462124,4187331,25.7
086018,Troina,0,0,1,464065,4185341,25.7
086018,Troina,0,0,2,465180,4184683,25.7
086018,Troina,0,0,3,466796,4184377,25.7
086018,Troina,0,0,4,467137,4184514,25.7
086018,Troina,0,0,5,468752,4184455,25.7
086018,Troina,0,0,6,471872,4183156,25.7
086018,Troina,0,0,7,472262,4183296,25.7
086018,Troina,0,0,8,473972,4185002,25.7
086018,Troina,0,0,9,475365,4185565,25.7
086018,Troina,0,0,10,475717,4185481,25.7
086018,Troina,0,0,11,477315,4185668,25.7
086018,Troina,0,0,12,476969,4185021,25.7
086018,Troina,0,0,13,477080,4183903,25.7
086018,Troina,0,0,14,477529,4183097,25.7
086018,Troina,0,0,15,477480,4182497,25.7
086018,Troina,0,0,16,475609,4181808,25.7
086018,Troina,0,0,17,474849,4181005,25.7
086018,Troina,0,0,18,474866,4180256,25.7
086018,Troina,0,0,19,475019,4180019,25.7
086018,Troina,0,0,20,476816,4178509,25.7
086018,Troina,0,0,21,476213,4177662,25.7
086018,Troina,0,0,22,474117,4176069,25.7
086018,Troina,0,0,23,474135,4175739,25.7
086018,Troina,0,0,24,475119,4175353,25.7
086018,Troina,0,0,25,475433,4174490,25.7
086018,Troina,0,0,26,474866,4173063,25.7
086018,Troina,0,0,27,474914,4172778,25.7
086018,Troina,0,0,28,472472,4172126,25.7
086018,Troina,0,0,29,472052,4170940,25.7
086018,Troina,0,0,30,472392,4170290,25.7
086018,Troina,0,0,31,472505,4169658,25.7
086018,Troina,0,0,32,472405,4169569,25.7
086018,Troina,0,0,33,472012,4169516,25.7
086018,Troina,0,0,34,471709,4169817,25.7
086018,Troina,0,0,35,470646,4173537,25.7
086018,Troina,0,0,36,470357,4174004,25.7
086018,Troina,0,0,37,469913,4174003,25.7
086018,Troina,0,0,38,469294,4173716,25.7
086018,Troina,0,0,39,467814,4173921,25.7
086018,Troina,0,0,40,467506,4174227,25.7
086018,Troina,0,0,41,467462,4174791,25.7
086018,Troina,0,0,42,467762,4175374,25.7
086018,Troina,0,0,43,467149,4175869,25.7
086018,Troina,0,0,44,464396,4176571,25.7
086018,Troina,0,0,45,463526,4176649,25.7
086018,Troina,0,0,46,463194,4176401,25.7
086018,Troina,0,0,47,461760,4177401,25.7
086018,Troina,0,0,48,459252,4179621,25.7
086018,Troina,0,0,49,458607,4179949,25.7
086018,Troina,0,0,50,458912,4181669,25.7
086018,Troina,0,0,51,459190,4181844,25.7
086018,Troina,0,0,52,459355,4182505,25.7
086018,Troina,0,0,53,459104,4183006,25.7
086018,Troina,0,0,54,459213,4183408,25.7
086018,Troina,0,0,55,459664,4184331,25.7
086018,Troina,0,0,56,461007,4186005,25.7
086018,Troina,0,0,57,461191,4186730,25.7
086018,Troina,0,0,58,461046,4187196,25.7
086018,Troina,0,0,59,461188,4187476,25.7
086018,Troina,0,0,60,461418,4187760,25.7
086018,Troina,0,0,61,462124,4187331,25.7
086019,Valguarnera Caropepe,0,0,0,447350,4154068,18.4
086019,Valguarnera Caropepe,0,0,1,446340,4152911,18.4
086019,Valguarnera Caropepe,0,0,2,446057,4151947,18.4
086019,Valguarnera Caropepe,0,0,3,446672,4151752,18.4
086019,Valguarnera Caropepe,0,0,4,447086,4152264,18.4
086019,Valguarnera Caropepe,0,0,5,447592,4151706,18.4
086019,Valguarnera Caropepe,0,0,6,447245,4149460,18.4
086019,Valguarnera Caropepe,0,0,7,446920,4149232,18.4
086019,Valguarnera Caropepe,0,0,8,445492,4149455,18.4
086019,Valguarnera Caropepe,0,0,9,444876,4150292,18.4
086019,Valguarnera Caropepe,0,0,10,445375,4150840,18.4
086019,Valguarnera Caropepe,0,0,11,444799,4152514,18.4
086019,Valguarnera Caropepe,0,0,12,444966,4153204,18.4
086019,Valguarnera Caropepe,0,0,13,445224,4153616,18.4
086019,Valguarnera Caropepe,0,0,14,446380,4154102,18.4
086019,Valguarnera Caropepe,0,0,15,446894,4154610,18.4
086019,Valguarnera Caropepe,0,0,16,447361,4154575,18.4
086019,Valguarnera Caropepe,0,0,17,447350,4154068,18.4
086020,Villarosa,0,0,0,429754,4166678,19.7
086020,Villarosa,0,0,1,430148,4166183,19.7
086020,Villarosa,0,0,2,429986,4165522,19.7
086020,Villarosa,0,0,3,429377,4164433,19.7
086020,Villarosa,0,0,4,429440,4163832,19.7
086020,Villarosa,0,0,5,429993,4163654,19.7
086020,Villarosa,0,0,6,430968,4164004,19.7
086020,Villarosa,0,0,7,431539,4163939,19.7
086020,Villarosa,0,0,8,432394,4163299,19.7
086020,Villarosa,0,0,9,432506,4163053,19.7
086020,Villarosa,0,0,10,430950,4161881,19.7
086020,Villarosa,0,0,11,429904,4160076,19.7
086020,Villarosa,0,0,12,429694,4158655,19.7
086020,Villarosa,0,0,13,429361,4158111,19.7
086020,Villarosa,0,0,14,427559,4156263,19.7
086020,Villarosa,0,0,15,426978,4155754,19.7
086020,Villarosa,0,0,16,425915,4155358,19.7
086020,Villarosa,0,0,17,424264,4155264,19.7
086020,Villarosa,0,0,18,423988,4154743,19.7
086020,Villarosa,0,0,19,423363,4154342,19.7
086020,Villarosa,0,0,20,423440,4155096,19.7
086020,Villarosa,0,0,21,423905,4156002,19.7
086020,Villarosa,0,0,22,424081,4157048,19.7
086020,Villarosa,0,0,23,423656,4158267,19.7
086020,Villarosa,0,0,24,423864,4159446,19.7
086020,Villarosa,0,0,25,424058,4159779,19.7
086020,Villarosa,0,0,26,425499,4159962,19.7
086020,Villarosa,0,0,27,425778,4160183,19.7
086020,Villarosa,0,0,28,425906,4160752,19.7
086020,Villarosa,0,0,29,425806,4162338,19.7
086020,Villarosa,0,0,30,426218,4163109,19.7
086020,Villarosa,0,0,31,424795,4163214,19.7
086020,Villarosa,0,0,32,423665,4163641,19.7
086020,Villarosa,0,0,33,424800,4164133,19.7
086020,Villarosa,0,0,34,425938,4165735,19.7
086020,Villarosa,0,0,35,426249,4166445,19.7
086020,Villarosa,0,0,36,427175,4166492,19.7
086020,Villarosa,0,0,37,428739,4165959,19.7
086020,Villarosa,0,0,38,429340,4166710,19.7
086020,Villarosa,0,0,39,429754,4166678,19.7
087001,Aci Bonaccorsi,0,0,0,510155,4160765,27.8
087001,Aci Bonaccorsi,0,0,1,510112,4160210,27.8
087001,Aci Bonaccorsi,0,0,2,509369,4159888,27.8
087001,Aci Bonaccorsi,0,0,3,509237,4160659,27.8
087001,Aci Bonaccorsi,0,0,4,508801,4161139,27.8
087001,Aci Bonaccorsi,0,0,5,509477,4162175,27.8
087001,Aci Bonaccorsi,0,0,6,510155,4160765,27.8
087002,Aci Castello,0,0,0,514658,4156962,31.2
087002,Aci Castello,0,0,1,514591,4156952,31.2
087002,Aci Castello,0,0,2,514583,4157027,31.2
087002,Aci Castello,0,0,3,514658,4156962,31.2
087002,Aci Castello,1,0,0,514699,4157073,31.2
087002,Aci Castello,1,0,1,514646,4157072,31.2
087002,Aci Castello,1,0,2,514636,4157108,31.2
087002,Aci Castello,1,0,3,514699,4157073,31.2
087002,Aci Castello,2,0,0,514631,4157134,31.2
087002,Aci Castello,2,0,1,514809,4157180,31.2
087002,Aci Castello,2,0,2,514773,4157071,31.2
087002,Aci Castello,2,0,3,514631,4157134,31.2
087002,Aci Castello,3,0,0,514989,4158607,31.2
087002,Aci Castello,3,0,1,514026,4157008,31.2
087002,Aci Castello,3,0,2,513144,4156446,31.2
087002,Aci Castello,3,0,3,512642,4155187,31.2
087002,Aci Castello,3,0,4,511139,4154186,31.2
087002,Aci Castello,3,0,5,510472,4155582,31.2
087002,Aci Castello,3,0,6,510225,4155729,31.2
087002,Aci Castello,3,0,7,510735,4156506,31.2
087002,Aci Castello,3,0,8,510869,4157562,31.2
087002,Aci Castello,3,0,9,513445,4157438,31.2
087002,Aci Castello,3,0,10,514086,4158305,31.2
087002,Aci Castello,3,0,11,514002,4159116,31.2
087002,Aci Castello,3,0,12,514266,4159251,31.2
087002,Aci Castello,3,0,13,514758,4158997,31.2
087002,Aci Castello,3,0,14,514989,4158607,31.2
087003,Aci Catena,0,0,0,512987,4160984,24.7
087003,Aci Catena,0,0,1,513616,4159292,24.7
087003,Aci Catena,0,0,2,514002,4159116,24.7
087003,Aci Catena,0,0,3,514120,4158409,24.7
087003,Aci Catena,0,0,4,513445,4157438,24.7
087003,Aci Catena,0,0,5,512358,4157570,24.7
087003,Aci Catena,0,0,6,511930,4157478,24.7
087003,Aci Catena,0,0,7,512052,4157729,24.7
087003,Aci Catena,0,0,8,511782,4158506,24.7
087003,Aci Catena,0,0,9,511481,4160864,24.7
087003,Aci Catena,0,0,10,512126,4162398,24.7
087003,Aci Catena,0,0,11,512115,4163092,24.7
087003,Aci Catena,0,0,12,511722,4163297,24.7
087003,Aci Catena,0,0,13,512113,4163715,24.7
087003,Aci Catena,0,0,14,512561,4162729,24.7
087003,Aci Catena,0,0,15,512987,4160984,24.7
087004,Acireale,0,0,0,515198,4170171,24.3
087004,Acireale,0,0,1,517590,4169423,24.3
087004,Acireale,0,0,2,517301,4168415,24.3
087004,Acireale,0,0,3,517633,4167741,24.3
087004,Acireale,0,0,4,517142,4166903,24.3
087004,Acireale,0,0,5,515778,4165622,24.3
087004,Acireale,0,0,6,515416,4165084,24.3
087004,Acireale,0,0,7,515531,4164634,24.3
087004,Acireale,0,0,8,515219,4162573,24.3
087004,Acireale,0,0,9,515668,4159298,24.3
087004,Acireale,0,0,10,515642,4158817,24.3
087004,Acireale,0,0,11,515419,4158603,24.3
087004,Acireale,0,0,12,514989,4158607,24.3
087004,Acireale,0,0,13,514377,4159268,24.3
087004,Acireale,0,0,14,514002,4159116,24.3
087004,Acireale,0,0,15,513616,4159292,24.3
087004,Acireale,0,0,16,512323,4163399,24.3
087004,Acireale,0,0,17,511857,4164006,24.3
087004,Acireale,0,0,18,511724,4164925,24.3
087004,Acireale,0,0,19,511266,4165682,24.3
087004,Acireale,0,0,20,510383,4166648,24.3
087004,Acireale,0,0,21,510166,4167262,24.3
087004,Acireale,0,0,22,510645,4167807,24.3
087004,Acireale,0,0,23,512165,4167775,24.3
087004,Acireale,0,0,24,512439,4167506,24.3
087004,Acireale,0,0,25,512773,4167687,24.3
087004,Acireale,0,0,26,512812,4168039,24.3
087004,Acireale,0,0,27,514006,4167946,24.3
087004,Acireale,0,0,28,514203,4168049,24.3
087004,Acireale,0,0,29,514297,4168475,24.3
087004,Acireale,0,0,30,513864,4169420,24.3
087004,Acireale,0,0,31,514395,4170483,24.3
087004,Acireale,0,0,32,514681,4170690,24.3
087004,Acireale,0,0,33,515198,4170171,24.3
087005,Aci Sant'Antonio,0,0,0,510166,4167262,26.7
087005,Aci Sant'Antonio,0,0,1,510383,4166648,26.7
087005,Aci Sant'Antonio,0,0,2,511266,4165682,26.7
087005,Aci Sant'Antonio,0,0,3,511724,4164925,26.7
087005,Aci Sant'Antonio,0,0,4,511857,4164006,26.7
087005,Aci Sant'Antonio,0,0,5,512113,4163715,26.7
087005,Aci Sant'Antonio,0,0,6,511722,4163297,26.7
087005,Aci Sant'Antonio,0,0,7,512115,4163092,26.7
087005,Aci Sant'Antonio,0,0,8,512126,4162398,26.7
087005,Aci Sant'Antonio,0,0,9,511481,4160864,26.7
087005,Aci Sant'Antonio,0,0,10,510155,4160765,26.7
087005,Aci Sant'Antonio,0,0,11,509477,4162175,26.7
087005,Aci Sant'Antonio,0,0,12,509756,4164216,26.7
087005,Aci Sant'Antonio,0,0,13,508950,4165502,26.7
087005,Aci Sant'Antonio,0,0,14,508277,4165998,26.7
087005,Aci Sant'Antonio,0,0,15,508098,4166395,26.7
087005,Aci Sant'Antonio,0,0,16,508114,4166788,26.7
087005,Aci Sant'Antonio,0,0,17,508399,4167159,26.7
087005,Aci Sant'Antonio,0,0,18,510166,4167262,26.7
087006,Adrano,0,0,0,499507,4178213,14.3
087006,Adrano,0,0,1,494839,4175608,14.3
087006,Adrano,0,0,2,491991,4173410,14.3
087006,Adrano,0,0,3,491547,4172786,14.3
087006,Adrano,0,0,4,491522,4171651,14.3
087006,Adrano,0,0,5,491172,4170930,14.3
087006,Adrano,0,0,6,490078,4169968,14.3
087006,Adrano,0,0,7,489930,4169480,14.3
087006,Adrano,0,0,8,488224,4168329,14.3
087006,Adrano,0,0,9,487173,4168316,14.3
087006,Adrano,0,0,10,486658,4168098,14.3
087006,Adrano,0,0,11,484623,4164852,14.3
087006,Adrano,0,0,12,484567,4165209,14.3
087006,Adrano,0,0,13,484261,4165607,14.3
087006,Adrano,0,0,14,483223,4166135,14.3
087006,Adrano,0,0,15,482778,4166581,14.3
087006,Adrano,0,0,16,482119,4166556,14.3
087006,Adrano,0,0,17,481689,4167309,14.3
087006,Adrano,0,0,18,481644,4169561,14.3
087006,Adrano,0,0,19,481752,4169963,14.3
087006,Adrano,0,0,20,482573,4171068,14.3
087006,Adrano,0,0,21,482306,4172164,14.3
087006,Adrano,0,0,22,482256,4173771,14.3
087006,Adrano,0,0,23,483015,4174024,14.3
087006,Adrano,0,0,24,483755,4174564,14.3
087006,Adrano,0,0,25,486506,4175290,14.3
087006,Adrano,0,0,26,488911,4176444,14.3
087006,Adrano,0,0,27,491745,4176426,14.3
087006,Adrano,0,0,28,495082,4176849,14.3
087006,Adrano,0,0,29,499507,4178213,14.3
087007,Belpasso,0,0,0,498958,4166940,23.8
087007,Belpasso,0,0,1,499189,4166688,23.8
087007,Belpasso,0,0,2,499506,4164977,23.8
087007,Belpasso,0,0,3,500232,4162758,23.8
087007,Belpasso,0,0,4,500177,4162005,23.8
087007,Belpasso,0,0,5,500785,4161417,23.8
087007,Belpasso,0,0,6,501535,4161099,23.8
087007,Belpasso,0,0,7,501493,4159332,23.8
087007,Belpasso,0,0,8,500370,4158536,23.8
087007,Belpasso,0,0,9,499318,4155609,23.8
087007,Belpasso,0,0,10,498996,4155145,23.8
087007,Belpasso,0,0,11,498803,4154144,23.8
087007,Belpasso,0,0,12,497921,4154310,23.8
087007,Belpasso,0,0,13,496016,4153822,23.8
087007,Belpasso,0,0,14,495419,4153160,23.8
087007,Belpasso,0,0,15,495168,4152247,23.8
087007,Belpasso,0,0,16,495108,4151179,23.8
087007,Belpasso,0,0,17,494608,4150166,23.8
087007,Belpasso,0,0,18,494624,4148682,23.8
087007,Belpasso,0,0,19,494879,4147621,23.8
087007,Belpasso,0,0,20,494558,4145965,23.8
087007,Belpasso,0,0,21,494852,4144969,23.8
087007,Belpasso,0,0,22,495460,4144490,23.8
087007,Belpasso,0,0,23,495291,4143726,23.8
087007,Belpasso,0,0,24,494279,4144003,23.8
087007,Belpasso,0,0,25,494134,4143506,23.8
087007,Belpasso,0,0,26,494177,4142882,23.8
087007,Belpasso,0,0,27,494450,4142732,23.8
087007,Belpasso,0,0,28,495296,4143279,23.8
087007,Belpasso,0,0,29,495431,4143665,23.8
087007,Belpasso,0,0,30,495511,4142386,23.8
087007,Belpasso,0,0,31,494817,4141316,23.8
087007,Belpasso,0,0,32,494321,4140177,23.8
087007,Belpasso,0,0,33,492268,4140585,23.8
087007,Belpasso,0,0,34,490506,4140391,23.8
087007,Belpasso,0,0,35,489397,4139957,23.8
087007,Belpasso,0,0,36,489060,4139959,23.8
087007,Belpasso,0,0,37,488793,4140218,23.8
087007,Belpasso,0,0,38,486593,4139960,23.8
087007,Belpasso,0,0,39,486010,4140532,23.8
087007,Belpasso,0,0,40,486228,4141978,23.8
087007,Belpasso,0,0,41,487574,4144037,23.8
087007,Belpasso,0,0,42,489285,4145444,23.8
087007,Belpasso,0,0,43,489388,4146967,23.8
087007,Belpasso,0,0,44,489234,4148671,23.8
087007,Belpasso,0,0,45,489890,4149099,23.8
087007,Belpasso,0,0,46,490552,4150632,23.8
087007,Belpasso,0,0,47,491063,4153202,23.8
087007,Belpasso,0,0,48,491875,4154314,23.8
087007,Belpasso,0,0,49,492204,4155053,23.8
087007,Belpasso,0,0,50,492641,4156782,23.8
087007,Belpasso,0,0,51,493934,4158292,23.8
087007,Belpasso,0,0,52,494070,4159170,23.8
087007,Belpasso,0,0,53,493596,4159742,23.8
087007,Belpasso,0,0,54,494307,4162050,23.8
087007,Belpasso,0,0,55,494586,4162229,23.8
087007,Belpasso,0,0,56,496284,4164482,23.8
087007,Belpasso,0,0,57,496066,4164783,23.8
087007,Belpasso,0,0,58,496404,4165660,23.8
087007,Belpasso,0,0,59,496795,4165827,23.8
087007,Belpasso,0,0,60,497168,4165664,23.8
087007,Belpasso,0,0,61,497567,4165723,23.8
087007,Belpasso,0,0,62,498419,4166849,23.8
087007,Belpasso,0,0,63,498316,4167357,23.8
087007,Belpasso,0,0,64,497726,4167730,23.8
087007,Belpasso,0,0,65,497719,4168136,23.8
087007,Belpasso,0,0,66,498257,4171438,23.8
087007,Belpasso,0,0,67,498252,4172578,23.8
087007,Belpasso,0,0,68,499579,4176164,23.8
087007,Belpasso,0,0,69,499507,4178213,23.8
087007,Belpasso,0,0,70,499837,4176901,23.8
087007,Belpasso,0,0,71,499962,4174981,23.8
087007,Belpasso,0,0,72,499420,4173510,23.8
087007,Belpasso,0,0,73,499639,4172689,23.8
087007,Belpasso,0,0,74,499523,4171288,23.8
087007,Belpasso,0,0,75,499127,4169974,23.8
087007,Belpasso,0,0,76,499304,4169456,23.8
087007,Belpasso,0,0,77,499280,4168379,23.8
087007,Belpasso,0,0,78,499023,4167906,23.8
087007,Belpasso,0,0,79,498958,4166940,23.8
087008,Biancavilla,0,0,0,494064,4170579,15.1
087008,Biancavilla,0,0,1,493644,4169313,15.1
087008,Biancavilla,0,0,2,492858,4168448,15.1
087008,Biancavilla,0,0,3,492254,4166775,15.1
087008,Biancavilla,0,0,4,491407,4166249,15.1
087008,Biancavilla,0,0,5,490835,4166161,15.1
087008,Biancavilla,0,0,6,490267,4165856,15.1
087008,Biancavilla,0,0,7,489590,4164485,15.1
087008,Biancavilla,0,0,8,489127,4164102,15.1
087008,Biancavilla,0,0,9,488242,4163920,15.1
087008,Biancavilla,0,0,10,487902,4162813,15.1
087008,Biancavilla,0,0,11,487030,4162199,15.1
087008,Biancavilla,0,0,12,485189,4160077,15.1
087008,Biancavilla,0,0,13,484760,4160280,15.1
087008,Biancavilla,0,0,14,484691,4160790,15.1
087008,Biancavilla,0,0,15,484891,4161249,15.1
087008,Biancavilla,0,0,16,484824,4162360,15.1
087008,Biancavilla,0,0,17,484491,4162808,15.1
087008,Biancavilla,0,0,18,484288,4163533,15.1
087008,Biancavilla,0,0,19,484623,4164852,15.1
087008,Biancavilla,0,0,20,486658,4168098,15.1
087008,Biancavilla,0,0,21,487173,4168316,15.1
087008,Biancavilla,0,0,22,488036,4168263,15.1
087008,Biancavilla,0,0,23,489466,4169050,15.1
087008,Biancavilla,0,0,24,489930,4169480,15.1
087008,Biancavilla,0,0,25,490078,4169968,15.1
087008,Biancavilla,0,0,26,491172,4170930,15.1
087008,Biancavilla,0,0,27,491522,4171651,15.1
087008,Biancavilla,0,0,28,491556,4172812,15.1
087008,Biancavilla,0,0,29,492146,4173553,15.1
087008,Biancavilla,0,0,30,494839,4175608,15.1
087008,Biancavilla,0,0,31,499507,4178213,15.1
087008,Biancavilla,0,0,32,499579,4176164,15.1
087008,Biancavilla,0,0,33,497561,4173972,15.1
087008,Biancavilla,0,0,34,495749,4172288,15.1
087008,Biancavilla,0,0,35,494603,4170834,15.1
087008,Biancavilla,0,0,36,494064,4170579,15.1
087009,Bronte,0,0,0,499503,4178215,22.4
087009,Bronte,0,0,1,495706,4183519,22.4
087009,Bronte,0,0,2,492953,4185774,22.4
087009,Bronte,0,0,3,491551,4186146,22.4
087009,Bronte,0,0,4,490752,4186736,22.4
087009,Bronte,0,0,5,489818,4187620,22.4
087009,Bronte,0,0,6,489205,4188474,22.4
087009,Bronte,0,0,7,488648,4188867,22.4
087009,Bronte,0,0,8,487621,4188356,22.4
087009,Bronte,0,0,9,487006,4187434,22.4
087009,Bronte,0,0,10,487092,4186752,22.4
087009,Bronte,0,0,11,487885,4185012,22.4
087009,Bronte,0,0,12,488183,4184935,22.4
087009,Bronte,0,0,13,488838,4184357,22.4
087009,Bronte,0,0,14,490506,4182550,22.4
087009,Bronte,0,0,15,491787,4182078,22.4
087009,Bronte,0,0,16,494652,4180556,22.4
087009,Bronte,0,0,17,495872,4180112,22.4
087009,Bronte,0,0,18,499503,4178215,22.4
087009,Bronte,0,0,19,495082,4176849,22.4
087009,Bronte,0,0,20,491745,4176426,22.4
087009,Bronte,0,0,21,488911,4176444,22.4
087009,Bronte,0,0,22,486506,4175290,22.4
087009,Bronte,0,0,23,483755,4174564,22.4
087009,Bronte,0,0,24,483015,4174024,22.4
087009,Bronte,0,0,25,482256,4173771,22.4
087009,Bronte,0,0,26,482321,4174348,22.4
087009,Bronte,0,0,27,481153,4175372,22.4
087009,Bronte,0,0,28,480681,4176558,22.4
087009,Bronte,0,0,29,481513,4178165,22.4
087009,Bronte,0,0,30,481406,4178410,22.4
087009,Bronte,0,0,31,481074,4178495,22.4
087009,Bronte,0,0,32,480934,4178011,22.4
087009,Bronte,0,0,33,480114,4177641,22.4
087009,Bronte,0,0,34,479188,4177454,22.4
087009,Bronte,0,0,35,476593,4178632,22.4
087009,Bronte,0,0,36,475019,4180019,22.4
087009,Bronte,0,0,37,474866,4180256,22.4
087009,Bronte,0,0,38,474849,4181005,22.4
087009,Bronte,0,0,39,475293,4181553,22.4
087009,Bronte,0,0,40,475902,4181940,22.4
087009,Bronte,0,0,41,477480,4182497,22.4
087009,Bronte,0,0,42,477529,4183097,22.4
087009,Bronte,0,0,43,477080,4183903,22.4
087009,Bronte,0,0,44,476969,4185021,22.4
087009,Bronte,0,0,45,477315,4185668,22.4
087009,Bronte,0,0,46,477541,4185550,22.4
087009,Bronte,0,0,47,478026,4185985,22.4
087009,Bronte,0,0,48,479219,4186102,22.4
087009,Bronte,0,0,49,479603,4185937,22.4
087009,Bronte,0,0,50,480197,4184960,22.4
087009,Bronte,0,0,51,481269,4184615,22.4
087009,Bronte,0,0,52,482152,4184010,22.4
087009,Bronte,0,0,53,482476,4184160,22.4
087009,Bronte,0,0,54,482612,4185469,22.4
087009,Bronte,0,0,55,481691,4187954,22.4
087009,Bronte,0,0,56,481772,4188263,22.4
087009,Bronte,0,0,57,482844,4189489,22.4
087009,Bronte,0,0,58,483568,4190054,22.4
087009,Bronte,0,0,59,485415,4190704,22.4
087009,Bronte,0,0,60,486118,4190663,22.4
087009,Bronte,0,0,61,486650,4191105,22.4
087009,Bronte,0,0,62,486102,4191301,22.4
087009,Bronte,0,0,63,485455,4193245,22.4
087009,Bronte,0,0,64,485078,4193887,22.4
087009,Bronte,0,0,65,483923,4193239,22.4
087009,Bronte,0,0,66,483058,4193373,22.4
087009,Bronte,0,0,67,482780,4194962,22.4
087009,Bronte,0,0,68,480896,4194976,22.4
087009,Bronte,0,0,69,480526,4195197,22.4
087009,Bronte,0,0,70,480132,4195794,22.4
087009,Bronte,0,0,71,478717,4196312,22.4
087009,Bronte,0,0,72,478596,4196608,22.4
087009,Bronte,0,0,73,479038,4197327,22.4
087009,Bronte,0,0,74,479150,4198719,22.4
087009,Bronte,0,0,75,479360,4199244,22.4
087009,Bronte,0,0,76,480740,4199809,22.4
087009,Bronte,0,0,77,481081,4200424,22.4
087009,Bronte,0,0,78,482506,4200595,22.4
087009,Bronte,0,0,79,483207,4199629,22.4
087009,Bronte,0,0,80,484297,4198813,22.4
087009,Bronte,0,0,81,484932,4198628,22.4
087009,Bronte,0,0,82,485523,4197849,22.4
087009,Bronte,0,0,83,486212,4196150,22.4
087009,Bronte,0,0,84,485523,4195683,22.4
087009,Bronte,0,0,85,485531,4194024,22.4
087009,Bronte,0,0,86,486546,4193857,22.4
087009,Bronte,0,0,87,487948,4194136,22.4
087009,Bronte,0,0,88,488091,4193143,22.4
087009,Bronte,0,0,89,487897,4192264,22.4
087009,Bronte,0,0,90,488132,4191839,22.4
087009,Bronte,0,0,91,489280,4191834,22.4
087009,Bronte,0,0,92,490227,4191257,22.4
087009,Bronte,0,0,93,490679,4190672,22.4
087009,Bronte,0,0,94,490810,4189974,22.4
087009,Bronte,0,0,95,492683,4187031,22.4
087009,Bronte,0,0,96,497317,4183760,22.4
087009,Bronte,0,0,97,498811,4182459,22.4
087009,Bronte,0,0,98,499503,4178215,22.4
087010,Calatabiano,0,0,0,517706,4188690,23.4
087010,Calatabiano,0,0,1,519954,4188365,23.4
087010,Calatabiano,0,0,2,520439,4187004,23.4
087010,Calatabiano,0,0,3,521706,4185593,23.4
087010,Calatabiano,0,0,4,521682,4185069,23.4
087010,Calatabiano,0,0,5,522754,4184432,23.4
087010,Calatabiano,0,0,6,521876,4183626,23.4
087010,Calatabiano,0,0,7,520990,4182336,23.4
087010,Calatabiano,0,0,8,520912,4182633,23.4
087010,Calatabiano,0,0,9,519707,4183035,23.4
087010,Calatabiano,0,0,10,519442,4183819,23.4
087010,Calatabiano,0,0,11,518488,4184044,23.4
087010,Calatabiano,0,0,12,517212,4183994,23.4
087010,Calatabiano,0,0,13,516227,4186145,23.4
087010,Calatabiano,0,0,14,514656,4188035,23.4
087010,Calatabiano,0,0,15,515373,4188752,23.4
087010,Calatabiano,0,0,16,517706,4188690,23.4
087011,Caltagirone,0,0,0,456138,4128553,23.8
087011,Caltagirone,0,0,1,457162,4127430,23.8
087011,Caltagirone,0,0,2,457992,4127039,23.8
087011,Caltagirone,0,0,3,458923,4127241,23.8
087011,Caltagirone,0,0,4,461154,4127383,23.8
087011,Caltagirone,0,0,5,462110,4127769,23.8
087011,Caltagirone,0,0,6,462785,4128421,23.8
087011,Caltagirone,0,0,7,463564,4128604,23.8
087011,Caltagirone,0,0,8,464244,4128370,23.8
087011,Caltagirone,0,0,9,464386,4127229,23.8
087011,Caltagirone,0,0,10,464763,4126088,23.8
087011,Caltagirone,0,0,11,464465,4124361,23.8
087011,Caltagirone,0,0,12,462297,4122386,23.8
087011,Caltagirone,0,0,13,462003,4120552,23.8
087011,Caltagirone,0,0,14,462359,4120439,23.8
087011,Caltagirone,0,0,15,462904,4121223,23.8
087011,Caltagirone,0,0,16,463013,4121670,23.8
087011,Caltagirone,0,0,17,463506,4121853,23.8
087011,Caltagirone,0,0,18,463969,4121597,23.8
087011,Caltagirone,0,0,19,464524,4120959,23.8
087011,Caltagirone,0,0,20,464713,4120127,23.8
087011,Caltagirone,0,0,21,463823,4117802,23.8
087011,Caltagirone,0,0,22,462625,4116179,23.8
087011,Caltagirone,0,0,23,462674,4115641,23.8
087011,Caltagirone,0,0,24,462970,4115399,23.8
087011,Caltagirone,0,0,25,463381,4115541,23.8
087011,Caltagirone,0,0,26,464642,4116913,23.8
087011,Caltagirone,0,0,27,465167,4116986,23.8
087011,Caltagirone,0,0,28,466117,4116836,23.8
087011,Caltagirone,0,0,29,467633,4117411,23.8
087011,Caltagirone,0,0,30,468032,4117433,23.8
087011,Caltagirone,0,0,31,468258,4117253,23.8
087011,Caltagirone,0,0,32,468714,4117442,23.8
087011,Caltagirone,0,0,33,469834,4116060,23.8
087011,Caltagirone,0,0,34,470048,4115491,23.8
087011,Caltagirone,0,0,35,470102,4114671,23.8
087011,Caltagirone,0,0,36,469384,4113451,23.8
087011,Caltagirone,0,0,37,468561,4112445,23.8
087011,Caltagirone,0,0,38,467100,4111069,23.8
087011,Caltagirone,0,0,39,465443,4111399,23.8
087011,Caltagirone,0,0,40,465041,4111265,23.8
087011,Caltagirone,0,0,41,465493,4110251,23.8
087011,Caltagirone,0,0,42,466006,4109957,23.8
087011,Caltagirone,0,0,43,465945,4109515,23.8
087011,Caltagirone,0,0,44,465574,4109238,23.8
087011,Caltagirone,0,0,45,463293,4108681,23.8
087011,Caltagirone,0,0,46,461826,4107760,23.8
087011,Caltagirone,0,0,47,459563,4107363,23.8
087011,Caltagirone,0,0,48,458683,4107030,23.8
087011,Caltagirone,0,0,49,458126,4105588,23.8
087011,Caltagirone,0,0,50,457767,4105233,23.8
087011,Caltagirone,0,0,51,457842,4104797,23.8
087011,Caltagirone,0,0,52,458587,4103786,23.8
087011,Caltagirone,0,0,53,458575,4103344,23.8
087011,Caltagirone,0,0,54,457115,4102868,23.8
087011,Caltagirone,0,0,55,455934,4102061,23.8
087011,Caltagirone,0,0,56,453683,4101080,23.8
087011,Caltagirone,0,0,57,453314,4100746,23.8
087011,Caltagirone,0,0,58,452460,4100568,23.8
087011,Caltagirone,0,0,59,450734,4101100,23.8
087011,Caltagirone,0,0,60,450573,4100889,23.8
087011,Caltagirone,0,0,61,450439,4100992,23.8
087011,Caltagirone,0,0,62,450303,4101316,23.8
087011,Caltagirone,0,0,63,450540,4102202,23.8
087011,Caltagirone,0,0,64,449604,4104006,23.8
087011,Caltagirone,0,0,65,449198,4105442,23.8
087011,Caltagirone,0,0,66,449620,4105949,23.8
087011,Caltagirone,0,0,67,451378,4105884,23.8
087011,Caltagirone,0,0,68,451719,4107045,23.8
087011,Caltagirone,0,0,69,452786,4108341,23.8
087011,Caltagirone,0,0,70,453425,4109606,23.8
087011,Caltagirone,0,0,71,453285,4110239,23.8
087011,Caltagirone,0,0,72,451936,4112258,23.8
087011,Caltagirone,0,0,73,451300,4113770,23.8
087011,Caltagirone,0,0,74,449616,4115545,23.8
087011,Caltagirone,0,0,75,449582,4116077,23.8
087011,Caltagirone,0,0,76,448265,4114824,23.8
087011,Caltagirone,0,0,77,447688,4114701,23.8
087011,Caltagirone,0,0,78,446599,4114906,23.8
087011,Caltagirone,0,0,79,446089,4115820,23.8
087011,Caltagirone,0,0,80,445775,4116043,23.8
087011,Caltagirone,0,0,81,445549,4116006,23.8
087011,Caltagirone,0,0,82,445103,4116372,23.8
087011,Caltagirone,0,0,83,445008,4116690,23.8
087011,Caltagirone,0,0,84,445258,4117111,23.8
087011,Caltagirone,0,0,85,445263,4117468,23.8
087011,Caltagirone,0,0,86,444637,4117797,23.8
087011,Caltagirone,0,0,87,444427,4117761,23.8
087011,Caltagirone,0,0,88,444726,4118619,23.8
087011,Caltagirone,0,0,89,445246,4121640,23.8
087011,Caltagirone,0,0,90,445339,4123595,23.8
087011,Caltagirone,0,0,91,446392,4124213,23.8
087011,Caltagirone,0,0,92,448451,4124422,23.8
087011,Caltagirone,0,0,93,448495,4122886,23.8
087011,Caltagirone,0,0,94,449225,4122911,23.8
087011,Caltagirone,0,0,95,449557,4123088,23.8
087011,Caltagirone,0,0,96,450589,4124400,23.8
087011,Caltagirone,0,0,97,452859,4125006,23.8
087011,Caltagirone,0,0,98,453391,4126352,23.8
087011,Caltagirone,0,0,99,452862,4127121,23.8
087011,Caltagirone,0,0,100,452599,4127357,23.8
087011,Caltagirone,0,0,101,450552,4127059,23.8
087011,Caltagirone,0,0,102,450061,4127416,23.8
087011,Caltagirone,0,0,103,449702,4127472,23.8
087011,Caltagirone,0,0,104,449747,4127857,23.8
087011,Caltagirone,0,0,105,450092,4128360,23.8
087011,Caltagirone,0,0,106,450565,4128679,23.8
087011,Caltagirone,0,0,107,451209,4128484,23.8
087011,Caltagirone,0,0,108,451632,4128642,23.8
087011,Caltagirone,0,0,109,454881,4127769,23.8
087011,Caltagirone,0,0,110,455367,4128271,23.8
087011,Caltagirone,0,0,111,455856,4129279,23.8
087011,Caltagirone,0,0,112,456138,4128553,23.8
087012,Camporotondo Etneo,0,0,0,500964,4157289,28.3
087012,Camporotondo Etneo,0,0,1,501919,4155859,28.3
087012,Camporotondo Etneo,0,0,2,501694,4155631,28.3
087012,Camporotondo Etneo,0,0,3,499767,4154536,28.3
087012,Camporotondo Etneo,0,0,4,499113,4153939,28.3
087012,Camporotondo Etneo,0,0,5,498803,4154144,28.3
087012,Camporotondo Etneo,0,0,6,498996,4155145,28.3
087012,Camporotondo Etneo,0,0,7,499318,4155609,28.3
087012,Camporotondo Etneo,0,0,8,500370,4158536,28.3
087012,Camporotondo Etneo,0,0,9,500898,4158913,28.3
087012,Camporotondo Etneo,0,0,10,500964,4157289,28.3
087013,Castel di Iudica,0,0,0,473452,4155872,18.3
087013,Castel di Iudica,0,0,1,474155,4155874,18.3
087013,Castel di Iudica,0,0,2,474641,4155412,18.3
087013,Castel di Iudica,0,0,3,474577,4155077,18.3
087013,Castel di Iudica,0,0,4,474806,4154785,18.3
087013,Castel di Iudica,0,0,5,475504,4154753,18.3
087013,Castel di Iudica,0,0,6,476009,4154274,18.3
087013,Castel di Iudica,0,0,7,476042,4153999,18.3
087013,Castel di Iudica,0,0,8,476429,4153544,18.3
087013,Castel di Iudica,0,0,9,477182,4153379,18.3
087013,Castel di Iudica,0,0,10,479137,4150851,18.3
087013,Castel di Iudica,0,0,11,479406,4151373,18.3
087013,Castel di Iudica,0,0,12,479893,4151382,18.3
087013,Castel di Iudica,0,0,13,480331,4150587,18.3
087013,Castel di Iudica,0,0,14,480695,4150720,18.3
087013,Castel di Iudica,0,0,15,480467,4150332,18.3
087013,Castel di Iudica,0,0,16,480772,4149910,18.3
087013,Castel di Iudica,0,0,17,477653,4148638,18.3
087013,Castel di Iudica,0,0,18,476426,4148405,18.3
087013,Castel di Iudica,0,0,19,475357,4148422,18.3
087013,Castel di Iudica,0,0,20,473682,4147587,18.3
087013,Castel di Iudica,0,0,21,472297,4147286,18.3
087013,Castel di Iudica,0,0,22,471618,4147384,18.3
087013,Castel di Iudica,0,0,23,471040,4146259,18.3
087013,Castel di Iudica,0,0,24,471142,4145695,18.3
087013,Castel di Iudica,0,0,25,470912,4145134,18.3
087013,Castel di Iudica,0,0,26,469128,4145266,18.3
087013,Castel di Iudica,0,0,27,468428,4145554,18.3
087013,Castel di Iudica,0,0,28,468397,4146641,18.3
087013,Castel di Iudica,0,0,29,467574,4148681,18.3
087013,Castel di Iudica,0,0,30,466770,4149505,18.3
087013,Castel di Iudica,0,0,31,466507,4149341,18.3
087013,Castel di Iudica,0,0,32,465922,4149551,18.3
087013,Castel di Iudica,0,0,33,465284,4150304,18.3
087013,Castel di Iudica,0,0,34,465255,4151068,18.3
087013,Castel di Iudica,0,0,35,465731,4152375,18.3
087013,Castel di Iudica,0,0,36,465420,4152880,18.3
087013,Castel di Iudica,0,0,37,464164,4152887,18.3
087013,Castel di Iudica,0,0,38,463843,4153485,18.3
087013,Castel di Iudica,0,0,39,463910,4153842,18.3
087013,Castel di Iudica,0,0,40,464184,4154127,18.3
087013,Castel di Iudica,0,0,41,464179,4154446,18.3
087013,Castel di Iudica,0,0,42,467560,4154448,18.3
087013,Castel di Iudica,0,0,43,467960,4155180,18.3
087013,Castel di Iudica,0,0,44,469365,4155836,18.3
087013,Castel di Iudica,0,0,45,470388,4156082,18.3
087013,Castel di Iudica,0,0,46,471207,4156823,18.3
087013,Castel di Iudica,0,0,47,471707,4156811,18.3
087013,Castel di Iudica,0,0,48,472583,4156397,18.3
087013,Castel di Iudica,0,0,49,473419,4156511,18.3
087013,Castel di Iudica,0,0,50,473601,4156084,18.3
087013,Castel di Iudica,0,0,51,473452,4155872,18.3
087014,Castiglione di Sicilia,0,0,0,511223,4194456,27.8
087014,Castiglione di Sicilia,0,0,1,511485,4194058,27.8
087014,Castiglione di Sicilia,0,0,2,512384,4194021,27.8
087014,Castiglione di Sicilia,0,0,3,513185,4194267,27.8
087014,Castiglione di Sicilia,0,0,4,513505,4194181,27.8
087014,Castiglione di Sicilia,0,0,5,513677,4193726,27.8
087014,Castiglione di Sicilia,0,0,6,514198,4193582,27.8
087014,Castiglione di Sicilia,0,0,7,515292,4192236,27.8
087014,Castiglione di Sicilia,0,0,8,516319,4191987,27.8
087014,Castiglione di Sicilia,0,0,9,517227,4191085,27.8
087014,Castiglione di Sicilia,0,0,10,518433,4190315,27.8
087014,Castiglione di Sicilia,0,0,11,518511,4189916,27.8
087014,Castiglione di Sicilia,0,0,12,519455,4189238,27.8
087014,Castiglione di Sicilia,0,0,13,519954,4188365,27.8
087014,Castiglione di Sicilia,0,0,14,517706,4188690,27.8
087014,Castiglione di Sicilia,0,0,15,515191,4188805,27.8
087014,Castiglione di Sicilia,0,0,16,513735,4189774,27.8
087014,Castiglione di Sicilia,0,0,17,512290,4191131,27.8
087014,Castiglione di Sicilia,0,0,18,511611,4190794,27.8
087014,Castiglione di Sicilia,0,0,19,510321,4189451,27.8
087014,Castiglione di Sicilia,0,0,20,510638,4188400,27.8
087014,Castiglione di Sicilia,0,0,21,508742,4187339,27.8
087014,Castiglione di Sicilia,0,0,22,506863,4185428,27.8
087014,Castiglione di Sicilia,0,0,23,502586,4184341,27.8
087014,Castiglione di Sicilia,0,0,24,501570,4183634,27.8
087014,Castiglione di Sicilia,0,0,25,501290,4183246,27.8
087014,Castiglione di Sicilia,0,0,26,500722,4181200,27.8
087014,Castiglione di Sicilia,0,0,27,500754,4180505,27.8
087014,Castiglione di Sicilia,0,0,28,501494,4179731,27.8
087014,Castiglione di Sicilia,0,0,29,500822,4179384,27.8
087014,Castiglione di Sicilia,0,0,30,499507,4178213,27.8
087014,Castiglione di Sicilia,0,0,31,500637,4185005,27.8
087014,Castiglione di Sicilia,0,0,32,500843,4189290,27.8
087014,Castiglione di Sicilia,0,0,33,500993,4189911,27.8
087014,Castiglione di Sicilia,0,0,34,501805,4191198,27.8
087014,Castiglione di Sicilia,0,0,35,501685,4192439,27.8
087014,Castiglione di Sicilia,0,0,36,501970,4192578,27.8
087014,Castiglione di Sicilia,0,0,37,502024,4192815,27.8
087014,Castiglione di Sicilia,0,0,38,501981,4193811,27.8
087014,Castiglione di Sicilia,0,0,39,501581,4194232,27.8
087014,Castiglione di Sicilia,0,0,40,501892,4194511,27.8
087014,Castiglione di Sicilia,0,0,41,502461,4194422,27.8
087014,Castiglione di Sicilia,0,0,42,502778,4194165,27.8
087014,Castiglione di Sicilia,0,0,43,503742,4194026,27.8
087014,Castiglione di Sicilia,0,0,44,504324,4194146,27.8
087014,Castiglione di Sicilia,0,0,45,506284,4195168,27.8
087014,Castiglione di Sicilia,0,0,46,507094,4194975,27.8
087014,Castiglione di Sicilia,0,0,47,508538,4195023,27.8
087014,Castiglione di Sicilia,0,0,48,509745,4195410,27.8
087014,Castiglione di Sicilia,0,0,49,511223,4194456,27.8
087015,Catania,0,0,0,504229,4157179,23.8
087015,Catania,0,0,1,505207,4155972,23.8
087015,Catania,0,0,2,505236,4155321,23.8
087015,Catania,0,0,3,504929,4155234,23.8
087015,Catania,0,0,4,505390,4154653,23.8
087015,Catania,0,0,5,506205,4154575,23.8
087015,Catania,0,0,6,506140,4155119,23.8
087015,Catania,0,0,7,506442,4155204,23.8
087015,Catania,0,0,8,506942,4155053,23.8
087015,Catania,0,0,9,507607,4155418,23.8
087015,Catania,0,0,10,507988,4155164,23.8
087015,Catania,0,0,11,508009,4154615,23.8
087015,Catania,0,0,12,508907,4154222,23.8
087015,Catania,0,0,13,509063,4154757,23.8
087015,Catania,0,0,14,510225,4155729,23.8
087015,Catania,0,0,15,510472,4155582,23.8
087015,Catania,0,0,16,511139,4154186,23.8
087015,Catania,0,0,17,510164,4153749,23.8
087015,Catania,0,0,18,510379,4152951,23.8
087015,Catania,0,0,19,509470,4151961,23.8
087015,Catania,0,0,20,508716,4150480,23.8
087015,Catania,0,0,21,508866,4149525,23.8
087015,Catania,0,0,22,508828,4148560,23.8
087015,Catania,0,0,23,508727,4150384,23.8
087015,Catania,0,0,24,508465,4150502,23.8
087015,Catania,0,0,25,508115,4150038,23.8
087015,Catania,0,0,26,508187,4149498,23.8
087015,Catania,0,0,27,507573,4148118,23.8
087015,Catania,0,0,28,507660,4145129,23.8
087015,Catania,0,0,29,508050,4140584,23.8
087015,Catania,0,0,30,508056,4134663,23.8
087015,Catania,0,0,31,506745,4134682,23.8
087015,Catania,0,0,32,504267,4135162,23.8
087015,Catania,0,0,33,502962,4135042,23.8
087015,Catania,0,0,34,502883,4136063,23.8
087015,Catania,0,0,35,502302,4136858,23.8
087015,Catania,0,0,36,502005,4136175,23.8
087015,Catania,0,0,37,501297,4135836,23.8
087015,Catania,0,0,38,498669,4136323,23.8
087015,Catania,0,0,39,496141,4137727,23.8
087015,Catania,0,0,40,495856,4138477,23.8
087015,Catania,0,0,41,494814,4139832,23.8
087015,Catania,0,0,42,494403,4139965,23.8
087015,Catania,0,0,43,494321,4140177,23.8
087015,Catania,0,0,44,495573,4142639,23.8
087015,Catania,0,0,45,495506,4143490,23.8
087015,Catania,0,0,46,495431,4143665,23.8
087015,Catania,0,0,47,495270,4143605,23.8
087015,Catania,0,0,48,495460,4144490,23.8
087015,Catania,0,0,49,495730,4144407,23.8
087015,Catania,0,0,50,495844,4145256,23.8
087015,Catania,0,0,51,495269,4146421,23.8
087015,Catania,0,0,52,495942,4146582,23.8
087015,Catania,0,0,53,497004,4146346,23.8
087015,Catania,0,0,54,497465,4145645,23.8
087015,Catania,0,0,55,498102,4145154,23.8
087015,Catania,0,0,56,499048,4145291,23.8
087015,Catania,0,0,57,499774,4145730,23.8
087015,Catania,0,0,58,500751,4145850,23.8
087015,Catania,0,0,59,502316,4146585,23.8
087015,Catania,0,0,60,502378,4148244,23.8
087015,Catania,0,0,61,502107,4148845,23.8
087015,Catania,0,0,62,501811,4148864,23.8
087015,Catania,0,0,63,501691,4149088,23.8
087015,Catania,0,0,64,501738,4149647,23.8
087015,Catania,0,0,65,502730,4150556,23.8
087015,Catania,0,0,66,503275,4152112,23.8
087015,Catania,0,0,67,504730,4153489,23.8
087015,Catania,0,0,68,505003,4154157,23.8
087015,Catania,0,0,69,504969,4154693,23.8
087015,Catania,0,0,70,504390,4154679,23.8
087015,Catania,0,0,71,503171,4155926,23.8
087015,Catania,0,0,72,503662,4157200,23.8
087015,Catania,0,0,73,504229,4157179,23.8
087016,Fiumefreddo di Sicilia,0,0,0,519442,4183819,24.1
087016,Fiumefreddo di Sicilia,0,0,1,519707,4183035,24.1
087016,Fiumefreddo di Sicilia,0,0,2,520912,4182633,24.1
087016,Fiumefreddo di Sicilia,0,0,3,520990,4182336,24.1
087016,Fiumefreddo di Sicilia,0,0,4,519701,4180135,24.1
087016,Fiumefreddo di Sicilia,0,0,5,519365,4180382,24.1
087016,Fiumefreddo di Sicilia,0,0,6,519652,4181544,24.1
087016,Fiumefreddo di Sicilia,0,0,7,519291,4181942,24.1
087016,Fiumefreddo di Sicilia,0,0,8,519171,4181783,24.1
087016,Fiumefreddo di Sicilia,0,0,9,519328,4181382,24.1
087016,Fiumefreddo di Sicilia,0,0,10,518505,4180922,24.1
087016,Fiumefreddo di Sicilia,0,0,11,517461,4180985,24.1
087016,Fiumefreddo di Sicilia,0,0,12,515516,4182096,24.1
087016,Fiumefreddo di Sicilia,0,0,13,515493,4182580,24.1
087016,Fiumefreddo di Sicilia,0,0,14,516040,4183250,24.1
087016,Fiumefreddo di Sicilia,0,0,15,516969,4183681,24.1
087016,Fiumefreddo di Sicilia,0,0,16,517212,4183994,24.1
087016,Fiumefreddo di Sicilia,0,0,17,518488,4184044,24.1
087016,Fiumefreddo di Sicilia,0,0,18,519442,4183819,24.1
087017,Giarre,0,0,0,516365,4177699,26.8
087017,Giarre,0,0,1,516935,4177296,26.8
087017,Giarre,0,0,2,516988,4176889,26.8
087017,Giarre,0,0,3,517196,4176757,26.8
087017,Giarre,0,0,4,517365,4174666,26.8
087017,Giarre,0,0,5,516950,4173511,26.8
087017,Giarre,0,0,6,515327,4172724,26.8
087017,Giarre,0,0,7,515273,4171819,26.8
087017,Giarre,0,0,8,515626,4171863,26.8
087017,Giarre,0,0,9,516345,4172394,26.8
087017,Giarre,0,0,10,517670,4172737,26.8
087017,Giarre,0,0,11,517478,4172294,26.8
087017,Giarre,0,0,12,516331,4170871,26.8
087017,Giarre,0,0,13,515364,4170671,26.8
087017,Giarre,0,0,14,515198,4170171,26.8
087017,Giarre,0,0,15,514073,4171060,26.8
087017,Giarre,0,0,16,513914,4171597,26.8
087017,Giarre,0,0,17,514393,4171551,26.8
087017,Giarre,0,0,18,514669,4171686,26.8
087017,Giarre,0,0,19,514648,4172739,26.8
087017,Giarre,0,0,20,513086,4173378,26.8
087017,Giarre,0,0,21,510433,4173508,26.8
087017,Giarre,0,0,22,510651,4173915,26.8
087017,Giarre,0,0,23,511770,4174564,26.8
087017,Giarre,0,0,24,512514,4175608,26.8
087017,Giarre,0,0,25,512507,4176186,26.8
087017,Giarre,0,0,26,513082,4176104,26.8
087017,Giarre,0,0,27,513357,4177504,26.8
087017,Giarre,0,0,28,513154,4177621,26.8
087017,Giarre,0,0,29,513315,4177757,26.8
087017,Giarre,0,0,30,514451,4177932,26.8
087017,Giarre,0,0,31,516365,4177699,26.8
087017,Giarre,0,1,0,514733,4176224,26.8
087017,Giarre,0,1,1,515110,4176289,26.8
087017,Giarre,0,1,2,515086,4176684,26.8
087017,Giarre,0,1,3,514711,4176801,26.8
087017,Giarre,0,1,4,514589,4176674,26.8
087017,Giarre,0,1,5,514555,4176450,26.8
087017,Giarre,0,1,6,514733,4176224,26.8
087018,Grammichele,0,0,0,466172,4123006,20.9
087018,Grammichele,0,0,1,466781,4122149,20.9
087018,Grammichele,0,0,2,467480,4121624,20.9
087018,Grammichele,0,0,3,467937,4120843,20.9
087018,Grammichele,0,0,4,468020,4120385,20.9
087018,Grammichele,0,0,5,468819,4119672,20.9
087018,Grammichele,0,0,6,469719,4119469,20.9
087018,Grammichele,0,0,7,470070,4118994,20.9
087018,Grammichele,0,0,8,469809,4118850,20.9
087018,Grammichele,0,0,9,469141,4117710,20.9
087018,Grammichele,0,0,10,468591,4117350,20.9
087018,Grammichele,0,0,11,468258,4117253,20.9
087018,Grammichele,0,0,12,468032,4117433,20.9
087018,Grammichele,0,0,13,467633,4117411,20.9
087018,Grammichele,0,0,14,466117,4116836,20.9
087018,Grammichele,0,0,15,465167,4116986,20.9
087018,Grammichele,0,0,16,464642,4116913,20.9
087018,Grammichele,0,0,17,463449,4115591,20.9
087018,Grammichele,0,0,18,462938,4115410,20.9
087018,Grammichele,0,0,19,462674,4115641,20.9
087018,Grammichele,0,0,20,462611,4116145,20.9
087018,Grammichele,0,0,21,463823,4117802,20.9
087018,Grammichele,0,0,22,464713,4120127,20.9
087018,Grammichele,0,0,23,464524,4120959,20.9
087018,Grammichele,0,0,24,463969,4121597,20.9
087018,Grammichele,0,0,25,463506,4121853,20.9
087018,Grammichele,0,0,26,463013,4121670,20.9
087018,Grammichele,0,0,27,462448,4120525,20.9
087018,Grammichele,0,0,28,462075,4120425,20.9
087018,Grammichele,0,0,29,462297,4122386,20.9
087018,Grammichele,0,0,30,464465,4124361,20.9
087018,Grammichele,0,0,31,464870,4124320,20.9
087018,Grammichele,0,0,32,466172,4123006,20.9
087019,Gravina di Catania,0,0,0,506423,4156996,28.5
087019,Gravina di Catania,0,0,1,506502,4155452,28.5
087019,Gravina di Catania,0,0,2,506748,4155124,28.5
087019,Gravina di Catania,0,0,3,506140,4155119,28.5
087019,Gravina di Catania,0,0,4,506205,4154575,28.5
087019,Gravina di Catania,0,0,5,505390,4154653,28.5
087019,Gravina di Catania,0,0,6,504929,4155234,28.5
087019,Gravina di Catania,0,0,7,505236,4155321,28.5
087019,Gravina di Catania,0,0,8,505207,4155972,28.5
087019,Gravina di Catania,0,0,9,504503,4156768,28.5
087019,Gravina di Catania,0,0,10,504164,4157515,28.5
087019,Gravina di Catania,0,0,11,504773,4157913,28.5
087019,Gravina di Catania,0,0,12,505353,4157846,28.5
087019,Gravina di Catania,0,0,13,505723,4157998,28.5
087019,Gravina di Catania,0,0,14,506423,4156996,28.5
087020,Licodia Eubea,0,0,0,473005,4118853,18.5
087020,Licodia Eubea,0,0,1,473237,4118220,18.5
087020,Licodia Eubea,0,0,2,472963,4117432,18.5
087020,Licodia Eubea,0,0,3,473464,4115107,18.5
087020,Licodia Eubea,0,0,4,473372,4114568,18.5
087020,Licodia Eubea,0,0,5,472646,4113806,18.5
087020,Licodia Eubea,0,0,6,472576,4113519,18.5
087020,Licodia Eubea,0,0,7,473747,4113063,18.5
087020,Licodia Eubea,0,0,8,474166,4113214,18.5
087020,Licodia Eubea,0,0,9,474449,4113894,18.5
087020,Licodia Eubea,0,0,10,475137,4114045,18.5
087020,Licodia Eubea,0,0,11,475367,4113848,18.5
087020,Licodia Eubea,0,0,12,475523,4112176,18.5
087020,Licodia Eubea,0,0,13,476689,4111234,18.5
087020,Licodia Eubea,0,0,14,476623,4110534,18.5
087020,Licodia Eubea,0,0,15,475326,4108763,18.5
087020,Licodia Eubea,0,0,16,475309,4108359,18.5
087020,Licodia Eubea,0,0,17,475601,4108356,18.5
087020,Licodia Eubea,0,0,18,476188,4108797,18.5
087020,Licodia Eubea,0,0,19,476660,4109730,18.5
087020,Licodia Eubea,0,0,20,477601,4109267,18.5
087020,Licodia Eubea,0,0,21,478022,4109569,18.5
087020,Licodia Eubea,0,0,22,478115,4110091,18.5
087020,Licodia Eubea,0,0,23,478839,4109815,18.5
087020,Licodia Eubea,0,0,24,479619,4109142,18.5
087020,Licodia Eubea,0,0,25,480174,4109124,18.5
087020,Licodia Eubea,0,0,26,480855,4107719,18.5
087020,Licodia Eubea,0,0,27,481226,4107275,18.5
087020,Licodia Eubea,0,0,28,481790,4106968,18.5
087020,Licodia Eubea,0,0,29,481846,4106693,18.5
087020,Licodia Eubea,0,0,30,481562,4106553,18.5
087020,Licodia Eubea,0,0,31,481263,4106916,18.5
087020,Licodia Eubea,0,0,32,479644,4106233,18.5
087020,Licodia Eubea,0,0,33,479163,4105910,18.5
087020,Licodia Eubea,0,0,34,479130,4105511,18.5
087020,Licodia Eubea,0,0,35,478457,4105512,18.5
087020,Licodia Eubea,0,0,36,477234,4106103,18.5
087020,Licodia Eubea,0,0,37,476160,4105577,18.5
087020,Licodia Eubea,0,0,38,475778,4105561,18.5
087020,Licodia Eubea,0,0,39,475565,4106225,18.5
087020,Licodia Eubea,0,0,40,475945,4107471,18.5
087020,Licodia Eubea,0,0,41,475905,4107868,18.5
087020,Licodia Eubea,0,0,42,474300,4108842,18.5
087020,Licodia Eubea,0,0,43,471886,4107132,18.5
087020,Licodia Eubea,0,0,44,471270,4106149,18.5
087020,Licodia Eubea,0,0,45,469819,4106760,18.5
087020,Licodia Eubea,0,0,46,468781,4106082,18.5
087020,Licodia Eubea,0,0,47,468144,4104446,18.5
087020,Licodia Eubea,0,0,48,466618,4103836,18.5
087020,Licodia Eubea,0,0,49,466065,4103795,18.5
087020,Licodia Eubea,0,0,50,465629,4105094,18.5
087020,Licodia Eubea,0,0,51,465279,4104725,18.5
087020,Licodia Eubea,0,0,52,463689,4106474,18.5
087020,Licodia Eubea,0,0,53,463040,4106949,18.5
087020,Licodia Eubea,0,0,54,462939,4108453,18.5
087020,Licodia Eubea,0,0,55,463293,4108681,18.5
087020,Licodia Eubea,0,0,56,465141,4109034,18.5
087020,Licodia Eubea,0,0,57,465892,4109470,18.5
087020,Licodia Eubea,0,0,58,466006,4109957,18.5
087020,Licodia Eubea,0,0,59,465493,4110251,18.5
087020,Licodia Eubea,0,0,60,465041,4111265,18.5
087020,Licodia Eubea,0,0,61,465443,4111399,18.5
087020,Licodia Eubea,0,0,62,467100,4111069,18.5
087020,Licodia Eubea,0,0,63,468561,4112445,18.5
087020,Licodia Eubea,0,0,64,469384,4113451,18.5
087020,Licodia Eubea,0,0,65,470086,4114595,18.5
087020,Licodia Eubea,0,0,66,470048,4115491,18.5
087020,Licodia Eubea,0,0,67,469834,4116060,18.5
087020,Licodia Eubea,0,0,68,468714,4117442,18.5
087020,Licodia Eubea,0,0,69,469141,4117710,18.5
087020,Licodia Eubea,0,0,70,469809,4118850,18.5
087020,Licodia Eubea,0,0,71,470070,4118994,18.5
087020,Licodia Eubea,0,0,72,471572,4118908,18.5
087020,Licodia Eubea,0,0,73,471987,4119260,18.5
087020,Licodia Eubea,0,0,74,472470,4119304,18.5
087020,Licodia Eubea,0,0,75,473005,4118853,18.5
087021,Linguaglossa,0,0,0,513689,4189891,31.8
087021,Linguaglossa,0,0,1,515373,4188752,31.8
087021,Linguaglossa,0,0,2,514328,4187643,31.8
087021,Linguaglossa,0,0,3,512956,4185678,31.8
087021,Linguaglossa,0,0,4,511563,4184351,31.8
087021,Linguaglossa,0,0,5,511438,4183364,31.8
087021,Linguaglossa,0,0,6,510119,4182932,31.8
087021,Linguaglossa,0,0,7,508577,4182183,31.8
087021,Linguaglossa,0,0,8,507662,4182214,31.8
087021,Linguaglossa,0,0,9,506488,4181889,31.8
087021,Linguaglossa,0,0,10,501494,4179731,31.8
087021,Linguaglossa,0,0,11,500966,4180198,31.8
087021,Linguaglossa,0,0,12,500754,4180505,31.8
087021,Linguaglossa,0,0,13,500782,4181718,31.8
087021,Linguaglossa,0,0,14,501290,4183246,31.8
087021,Linguaglossa,0,0,15,501570,4183634,31.8
087021,Linguaglossa,0,0,16,502586,4184341,31.8
087021,Linguaglossa,0,0,17,506863,4185428,31.8
087021,Linguaglossa,0,0,18,508742,4187339,31.8
087021,Linguaglossa,0,0,19,510638,4188400,31.8
087021,Linguaglossa,0,0,20,510321,4189451,31.8
087021,Linguaglossa,0,0,21,511611,4190794,31.8
087021,Linguaglossa,0,0,22,512290,4191131,31.8
087021,Linguaglossa,0,0,23,513689,4189891,31.8
087022,Maletto,0,0,0,489205,4188474,18.7
087022,Maletto,0,0,1,489818,4187620,18.7
087022,Maletto,0,0,2,490752,4186736,18.7
087022,Maletto,0,0,3,491551,4186146,18.7
087022,Maletto,0,0,4,492953,4185774,18.7
087022,Maletto,0,0,5,495706,4183519,18.7
087022,Maletto,0,0,6,499503,4178215,18.7
087022,Maletto,0,0,7,495872,4180112,18.7
087022,Maletto,0,0,8,494652,4180556,18.7
087022,Maletto,0,0,9,491787,4182078,18.7
087022,Maletto,0,0,10,490506,4182550,18.7
087022,Maletto,0,0,11,488838,4184357,18.7
087022,Maletto,0,0,12,488183,4184935,18.7
087022,Maletto,0,0,13,487885,4185012,18.7
087022,Maletto,0,0,14,487092,4186752,18.7
087022,Maletto,0,0,15,487006,4187434,18.7
087022,Maletto,0,0,16,487506,4188221,18.7
087022,Maletto,0,0,17,487996,4188614,18.7
087022,Maletto,0,0,18,488648,4188867,18.7
087022,Maletto,0,0,19,489205,4188474,18.7
087023,Mascali,0,0,0,514962,4176195,26.8
087023,Mascali,0,0,1,514660,4176250,26.8
087023,Mascali,0,0,2,514555,4176450,26.8
087023,Mascali,0,0,3,514711,4176801,26.8
087023,Mascali,0,0,4,515086,4176684,26.8
087023,Mascali,0,0,5,515139,4176329,26.8
087023,Mascali,0,0,6,514962,4176195,26.8
087023,Mascali,1,0,0,515493,4182580,26.8
087023,Mascali,1,0,1,515516,4182096,26.8
087023,Mascali,1,0,2,517461,4180985,26.8
087023,Mascali,1,0,3,518505,4180922,26.8
087023,Mascali,1,0,4,519089,4181204,26.8
087023,Mascali,1,0,5,519328,4181382,26.8
087023,Mascali,1,0,6,519171,4181783,26.8
087023,Mascali,1,0,7,519253,4181947,26.8
087023,Mascali,1,0,8,519652,4181544,26.8
087023,Mascali,1,0,9,519365,4180382,26.8
087023,Mascali,1,0,10,519701,4180135,26.8
087023,Mascali,1,0,11,518656,4178492,26.8
087023,Mascali,1,0,12,518057,4176699,26.8
087023,Mascali,1,0,13,517196,4176757,26.8
087023,Mascali,1,0,14,516988,4176889,26.8
087023,Mascali,1,0,15,516935,4177296,26.8
087023,Mascali,1,0,16,516365,4177699,26.8
087023,Mascali,1,0,17,514451,4177932,26.8
087023,Mascali,1,0,18,512946,4177633,26.8
087023,Mascali,1,0,19,509781,4179155,26.8
087023,Mascali,1,0,20,509902,4180320,26.8
087023,Mascali,1,0,21,510140,4180710,26.8
087023,Mascali,1,0,22,511086,4181724,26.8
087023,Mascali,1,0,23,512419,4182549,26.8
087023,Mascali,1,0,24,513511,4182904,26.8
087023,Mascali,1,0,25,515218,4182819,26.8
087023,Mascali,1,0,26,515493,4182580,26.8
087024,Mascalucia,0,0,0,504284,4161685,28.3
087024,Mascalucia,0,0,1,505622,4161237,28.3
087024,Mascalucia,0,0,2,505498,4160768,28.3
087024,Mascalucia,0,0,3,504916,4160505,28.3
087024,Mascalucia,0,0,4,505723,4157998,28.3
087024,Mascalucia,0,0,5,505353,4157846,28.3
087024,Mascalucia,0,0,6,504604,4157850,28.3
087024,Mascalucia,0,0,7,504164,4157515,28.3
087024,Mascalucia,0,0,8,504229,4157179,28.3
087024,Mascalucia,0,0,9,503662,4157200,28.3
087024,Mascalucia,0,0,10,503344,4156381,28.3
087024,Mascalucia,0,0,11,502634,4157020,28.3
087024,Mascalucia,0,0,12,502578,4157363,28.3
087024,Mascalucia,0,0,13,503085,4157925,28.3
087024,Mascalucia,0,0,14,502936,4158880,28.3
087024,Mascalucia,0,0,15,502179,4159552,28.3
087024,Mascalucia,0,0,16,501739,4159621,28.3
087024,Mascalucia,0,0,17,501493,4159332,28.3
087024,Mascalucia,0,0,18,501535,4161099,28.3
087024,Mascalucia,0,0,19,501932,4162375,28.3
087024,Mascalucia,0,0,20,503024,4162995,28.3
087024,Mascalucia,0,0,21,503268,4163385,28.3
087024,Mascalucia,0,0,22,504284,4161685,28.3
087025,Militello in Val di Catania,0,0,0,481445,4130915,14.9
087025,Militello in Val di Catania,0,0,1,481852,4130370,14.9
087025,Militello in Val di Catania,0,0,2,482637,4129927,14.9
087025,Militello in Val di Catania,0,0,3,483689,4130200,14.9
087025,Militello in Val di Catania,0,0,4,484123,4130064,14.9
087025,Militello in Val di Catania,0,0,5,483711,4128557,14.9
087025,Militello in Val di Catania,0,0,6,483711,4127025,14.9
087025,Militello in Val di Catania,0,0,7,483526,4126359,14.9
087025,Militello in Val di Catania,0,0,8,484105,4126191,14.9
087025,Militello in Val di Catania,0,0,9,485506,4126432,14.9
087025,Militello in Val di Catania,0,0,10,487225,4125907,14.9
087025,Militello in Val di Catania,0,0,11,487425,4125612,14.9
087025,Militello in Val di Catania,0,0,12,487278,4125085,14.9
087025,Militello in Val di Catania,0,0,13,486403,4123667,14.9
087025,Militello in Val di Catania,0,0,14,485631,4123467,14.9
087025,Militello in Val di Catania,0,0,15,484401,4123495,14.9
087025,Militello in Val di Catania,0,0,16,483065,4123142,14.9
087025,Militello in Val di Catania,0,0,17,483017,4122822,14.9
087025,Militello in Val di Catania,0,0,18,482477,4122668,14.9
087025,Militello in Val di Catania,0,0,19,481430,4121816,14.9
087025,Militello in Val di Catania,0,0,20,480471,4120348,14.9
087025,Militello in Val di Catania,0,0,21,479352,4122027,14.9
087025,Militello in Val di Catania,0,0,22,478555,4121959,14.9
087025,Militello in Val di Catania,0,0,23,478293,4122506,14.9
087025,Militello in Val di Catania,0,0,24,478342,4123365,14.9
087025,Militello in Val di Catania,0,0,25,477165,4123810,14.9
087025,Militello in Val di Catania,0,0,26,476971,4124462,14.9
087025,Militello in Val di Catania,0,0,27,477084,4126135,14.9
087025,Militello in Val di Catania,0,0,28,476644,4127231,14.9
087025,Militello in Val di Catania,0,0,29,477250,4127623,14.9
087025,Militello in Val di Catania,0,0,30,477067,4128201,14.9
087025,Militello in Val di Catania,0,0,31,477923,4128306,14.9
087025,Militello in Val di Catania,0,0,32,478196,4128585,14.9
087025,Militello in Val di Catania,0,0,33,478421,4129441,14.9
087025,Militello in Val di Catania,0,0,34,478278,4130267,14.9
087025,Militello in Val di Catania,0,0,35,478625,4130682,14.9
087025,Militello in Val di Catania,0,0,36,478817,4130782,14.9
087025,Militello in Val di Catania,0,0,37,479974,4130566,14.9
087025,Militello in Val di Catania,0,0,38,480808,4131013,14.9
087025,Militello in Val di Catania,0,0,39,481445,4130915,14.9
087026,Milo,0,0,0,506955,4178817,24.7
087026,Milo,0,0,1,509625,4177300,24.7
087026,Milo,0,0,2,512507,4176186,24.7
087026,Milo,0,0,3,512514,4175608,24.7
087026,Milo,0,0,4,511770,4174564,24.7
087026,Milo,0,0,5,510651,4173915,24.7
087026,Milo,0,0,6,510506,4173418,24.7
087026,Milo,0,0,7,510253,4173166,24.7
087026,Milo,0,0,8,509760,4173548,24.7
087026,Milo,0,0,9,509360,4174506,24.7
087026,Milo,0,0,10,508900,4174533,24.7
087026,Milo,0,0,11,508581,4174760,24.7
087026,Milo,0,0,12,508086,4176640,24.7
087026,Milo,0,0,13,506990,4176997,24.7
087026,Milo,0,0,14,506052,4177621,24.7
087026,Milo,0,0,15,505682,4178143,24.7
087026,Milo,0,0,16,505108,4178350,24.7
087026,Milo,0,0,17,505242,4179328,24.7
087026,Milo,0,0,18,506176,4179566,24.7
087026,Milo,0,0,19,506955,4178817,24.7
087027,Mineo,0,0,0,474637,4137939,18.3
087027,Mineo,0,0,1,476616,4136055,18.3
087027,Mineo,0,0,2,475756,4135489,18.3
087027,Mineo,0,0,3,475743,4134721,18.3
087027,Mineo,0,0,4,474856,4134077,18.3
087027,Mineo,0,0,5,474624,4134255,18.3
087027,Mineo,0,0,6,474131,4134058,18.3
087027,Mineo,0,0,7,473699,4133341,18.3
087027,Mineo,0,0,8,474606,4132290,18.3
087027,Mineo,0,0,9,475240,4130661,18.3
087027,Mineo,0,0,10,477206,4128070,18.3
087027,Mineo,0,0,11,477250,4127623,18.3
087027,Mineo,0,0,12,476644,4127231,18.3
087027,Mineo,0,0,13,477084,4126135,18.3
087027,Mineo,0,0,14,476971,4124462,18.3
087027,Mineo,0,0,15,477165,4123810,18.3
087027,Mineo,0,0,16,478342,4123365,18.3
087027,Mineo,0,0,17,478414,4123094,18.3
087027,Mineo,0,0,18,477696,4121809,18.3
087027,Mineo,0,0,19,476956,4121607,18.3
087027,Mineo,0,0,20,476424,4120066,18.3
087027,Mineo,0,0,21,475192,4120373,18.3
087027,Mineo,0,0,22,474361,4120072,18.3
087027,Mineo,0,0,23,473845,4119506,18.3
087027,Mineo,0,0,24,473225,4119167,18.3
087027,Mineo,0,0,25,472470,4119304,18.3
087027,Mineo,0,0,26,471987,4119260,18.3
087027,Mineo,0,0,27,471572,4118908,18.3
087027,Mineo,0,0,28,470070,4118994,18.3
087027,Mineo,0,0,29,469719,4119469,18.3
087027,Mineo,0,0,30,468819,4119672,18.3
087027,Mineo,0,0,31,468020,4120385,18.3
087027,Mineo,0,0,32,467937,4120843,18.3
087027,Mineo,0,0,33,467480,4121624,18.3
087027,Mineo,0,0,34,466781,4122149,18.3
087027,Mineo,0,0,35,466172,4123006,18.3
087027,Mineo,0,0,36,464870,4124320,18.3
087027,Mineo,0,0,37,464465,4124361,18.3
087027,Mineo,0,0,38,464763,4126088,18.3
087027,Mineo,0,0,39,464152,4128453,18.3
087027,Mineo,0,0,40,463835,4128614,18.3
087027,Mineo,0,0,41,462785,4128421,18.3
087027,Mineo,0,0,42,462110,4127769,18.3
087027,Mineo,0,0,43,461154,4127383,18.3
087027,Mineo,0,0,44,458923,4127241,18.3
087027,Mineo,0,0,45,457992,4127039,18.3
087027,Mineo,0,0,46,457162,4127430,18.3
087027,Mineo,0,0,47,456171,4128495,18.3
087027,Mineo,0,0,48,455965,4128944,18.3
087027,Mineo,0,0,49,455931,4129281,18.3
087027,Mineo,0,0,50,456651,4129836,18.3
087027,Mineo,0,0,51,456689,4130196,18.3
087027,Mineo,0,0,52,457272,4130633,18.3
087027,Mineo,0,0,53,457419,4131045,18.3
087027,Mineo,0,0,54,456801,4132133,18.3
087027,Mineo,0,0,55,455338,4132970,18.3
087027,Mineo,0,0,56,454779,4133817,18.3
087027,Mineo,0,0,57,456040,4133676,18.3
087027,Mineo,0,0,58,456979,4133956,18.3
087027,Mineo,0,0,59,459275,4135352,18.3
087027,Mineo,0,0,60,461913,4134941,18.3
087027,Mineo,0,0,61,462934,4135353,18.3
087027,Mineo,0,0,62,463193,4136107,18.3
087027,Mineo,0,0,63,463709,4136449,18.3
087027,Mineo,0,0,64,464281,4136054,18.3
087027,Mineo,0,0,65,465400,4136263,18.3
087027,Mineo,0,0,66,466840,4135765,18.3
087027,Mineo,0,0,67,467283,4135839,18.3
087027,Mineo,0,0,68,468097,4135243,18.3
087027,Mineo,0,0,69,470240,4134727,18.3
087027,Mineo,0,0,70,470905,4134428,18.3
087027,Mineo,0,0,71,471408,4134740,18.3
087027,Mineo,0,0,72,471479,4136582,18.3
087027,Mineo,0,0,73,471695,4136916,18.3
087027,Mineo,0,0,74,472580,4136802,18.3
087027,Mineo,0,0,75,473540,4136941,18.3
087027,Mineo,0,0,76,474020,4137617,18.3
087027,Mineo,0,0,77,474637,4137939,18.3
087028,Mirabella Imbaccari,0,0,0,451393,4132748,16.5
087028,Mirabella Imbaccari,0,0,1,454506,4129789,16.5
087028,Mirabella Imbaccari,0,0,2,455468,4129296,16.5
087028,Mirabella Imbaccari,0,0,3,455856,4129279,16.5
087028,Mirabella Imbaccari,0,0,4,455367,4128271,16.5
087028,Mirabella Imbaccari,0,0,5,454942,4127797,16.5
087028,Mirabella Imbaccari,0,0,6,453479,4128065,16.5
087028,Mirabella Imbaccari,0,0,7,451632,4128642,16.5
087028,Mirabella Imbaccari,0,0,8,451762,4129310,16.5
087028,Mirabella Imbaccari,0,0,9,451162,4130340,16.5
087028,Mirabella Imbaccari,0,0,10,449892,4131060,16.5
087028,Mirabella Imbaccari,0,0,11,449065,4131987,16.5
087028,Mirabella Imbaccari,0,0,12,448809,4132595,16.5
087028,Mirabella Imbaccari,0,0,13,449286,4132786,16.5
087028,Mirabella Imbaccari,0,0,14,450158,4132684,16.5
087028,Mirabella Imbaccari,0,0,15,450465,4133352,16.5
087028,Mirabella Imbaccari,0,0,16,450960,4133684,16.5
087028,Mirabella Imbaccari,0,0,17,451393,4132748,16.5
087029,Misterbianco,0,0,0,498055,4147682,21.4
087029,Misterbianco,0,0,1,497724,4147345,21.4
087029,Misterbianco,0,0,2,497282,4147682,21.4
087029,Misterbianco,0,0,3,497698,4147927,21.4
087029,Misterbianco,0,0,4,498055,4147682,21.4
087029,Misterbianco,1,0,0,503171,4155926,21.4
087029,Misterbianco,1,0,1,504390,4154679,21.4
087029,Misterbianco,1,0,2,504969,4154693,21.4
087029,Misterbianco,1,0,3,505003,4154157,21.4
087029,Misterbianco,1,0,4,504730,4153489,21.4
087029,Misterbianco,1,0,5,503275,4152112,21.4
087029,Misterbianco,1,0,6,502730,4150556,21.4
087029,Misterbianco,1,0,7,501738,4149647,21.4
087029,Misterbianco,1,0,8,501691,4149088,21.4
087029,Misterbianco,1,0,9,501811,4148864,21.4
087029,Misterbianco,1,0,10,502107,4148845,21.4
087029,Misterbianco,1,0,11,502378,4148244,21.4
087029,Misterbianco,1,0,12,502316,4146585,21.4
087029,Misterbianco,1,0,13,500751,4145850,21.4
087029,Misterbianco,1,0,14,499774,4145730,21.4
087029,Misterbianco,1,0,15,499048,4145291,21.4
087029,Misterbianco,1,0,16,498005,4145189,21.4
087029,Misterbianco,1,0,17,497465,4145645,21.4
087029,Misterbianco,1,0,18,497004,4146346,21.4
087029,Misterbianco,1,0,19,499408,4147884,21.4
087029,Misterbianco,1,0,20,499663,4148498,21.4
087029,Misterbianco,1,0,21,499390,4149024,21.4
087029,Misterbianco,1,0,22,499325,4150107,21.4
087029,Misterbianco,1,0,23,499491,4151116,21.4
087029,Misterbianco,1,0,24,500072,4152050,21.4
087029,Misterbianco,1,0,25,500000,4152537,21.4
087029,Misterbianco,1,0,26,499113,4153939,21.4
087029,Misterbianco,1,0,27,499767,4154536,21.4
087029,Misterbianco,1,0,28,501919,4155859,21.4
087029,Misterbianco,1,0,29,503171,4155926,21.4
087030,Motta Sant'Anastasia,0,0,0,494481,4144014,27.6
087030,Motta Sant'Anastasia,0,0,1,495291,4143726,27.6
087030,Motta Sant'Anastasia,0,0,2,495296,4143279,27.6
087030,Motta Sant'Anastasia,0,0,3,494450,4142732,27.6
087030,Motta Sant'Anastasia,0,0,4,494218,4142795,27.6
087030,Motta Sant'Anastasia,0,0,5,494216,4143961,27.6
087030,Motta Sant'Anastasia,0,0,6,494481,4144014,27.6
087030,Motta Sant'Anastasia,1,0,0,497921,4154310,27.6
087030,Motta Sant'Anastasia,1,0,1,498803,4154144,27.6
087030,Motta Sant'Anastasia,1,0,2,499113,4153939,27.6
087030,Motta Sant'Anastasia,1,0,3,500000,4152537,27.6
087030,Motta Sant'Anastasia,1,0,4,500072,4152050,27.6
087030,Motta Sant'Anastasia,1,0,5,499491,4151116,27.6
087030,Motta Sant'Anastasia,1,0,6,499325,4150107,27.6
087030,Motta Sant'Anastasia,1,0,7,499390,4149024,27.6
087030,Motta Sant'Anastasia,1,0,8,499663,4148498,27.6
087030,Motta Sant'Anastasia,1,0,9,499408,4147884,27.6
087030,Motta Sant'Anastasia,1,0,10,497004,4146346,27.6
087030,Motta Sant'Anastasia,1,0,11,495942,4146582,27.6
087030,Motta Sant'Anastasia,1,0,12,495269,4146421,27.6
087030,Motta Sant'Anastasia,1,0,13,495844,4145256,27.6
087030,Motta Sant'Anastasia,1,0,14,495853,4144815,27.6
087030,Motta Sant'Anastasia,1,0,15,495730,4144407,27.6
087030,Motta Sant'Anastasia,1,0,16,495602,4144406,27.6
087030,Motta Sant'Anastasia,1,0,17,494852,4144969,27.6
087030,Motta Sant'Anastasia,1,0,18,494558,4145965,27.6
087030,Motta Sant'Anastasia,1,0,19,494879,4147621,27.6
087030,Motta Sant'Anastasia,1,0,20,494624,4148682,27.6
087030,Motta Sant'Anastasia,1,0,21,494608,4150166,27.6
087030,Motta Sant'Anastasia,1,0,22,495108,4151179,27.6
087030,Motta Sant'Anastasia,1,0,23,495168,4152247,27.6
087030,Motta Sant'Anastasia,1,0,24,495612,4153460,27.6
087030,Motta Sant'Anastasia,1,0,25,495970,4153807,27.6
087030,Motta Sant'Anastasia,1,0,26,497921,4154310,27.6
087030,Motta Sant'Anastasia,1,1,0,497724,4147345,27.6
087030,Motta Sant'Anastasia,1,1,1,498077,4147646,27.6
087030,Motta Sant'Anastasia,1,1,2,497698,4147927,27.6
087030,Motta Sant'Anastasia,1,1,3,497282,4147682,27.6
087030,Motta Sant'Anastasia,1,1,4,497724,4147345,27.6
087031,Nicolosi,0,0,0,503141,4167506,28.5
087031,Nicolosi,0,0,1,504284,4165761,28.5
087031,Nicolosi,0,0,2,504215,4164164,28.5
087031,Nicolosi,0,0,3,503268,4163385,28.5
087031,Nicolosi,0,0,4,503024,4162995,28.5
087031,Nicolosi,0,0,5,501932,4162375,28.5
087031,Nicolosi,0,0,6,501535,4161099,28.5
087031,Nicolosi,0,0,7,500785,4161417,28.5
087031,Nicolosi,0,0,8,500177,4162005,28.5
087031,Nicolosi,0,0,9,500232,4162758,28.5
087031,Nicolosi,0,0,10,499506,4164977,28.5
087031,Nicolosi,0,0,11,499189,4166688,28.5
087031,Nicolosi,0,0,12,498958,4166940,28.5
087031,Nicolosi,0,0,13,499023,4167906,28.5
087031,Nicolosi,0,0,14,499280,4168379,28.5
087031,Nicolosi,0,0,15,499304,4169456,28.5
087031,Nicolosi,0,0,16,499127,4169974,28.5
087031,Nicolosi,0,0,17,499523,4171288,28.5
087031,Nicolosi,0,0,18,499639,4172689,28.5
087031,Nicolosi,0,0,19,499420,4173510,28.5
087031,Nicolosi,0,0,20,499962,4174981,28.5
087031,Nicolosi,0,0,21,499837,4176901,28.5
087031,Nicolosi,0,0,22,499510,4178206,28.5
087031,Nicolosi,0,0,23,500274,4176357,28.5
087031,Nicolosi,0,0,24,501005,4173265,28.5
087031,Nicolosi,0,0,25,502660,4169738,28.5
087031,Nicolosi,0,0,26,502811,4168561,28.5
087031,Nicolosi,0,0,27,503141,4167506,28.5
087032,Palagonia,0,0,0,481353,4137781,15.7
087032,Palagonia,0,0,1,483222,4137024,15.7
087032,Palagonia,0,0,2,485572,4136730,15.7
087032,Palagonia,0,0,3,486095,4136920,15.7
087032,Palagonia,0,0,4,485741,4135943,15.7
087032,Palagonia,0,0,5,485950,4134968,15.7
087032,Palagonia,0,0,6,485693,4134579,15.7
087032,Palagonia,0,0,7,483100,4133711,15.7
087032,Palagonia,0,0,8,481413,4132558,15.7
087032,Palagonia,0,0,9,480384,4131556,15.7
087032,Palagonia,0,0,10,480458,4130893,15.7
087032,Palagonia,0,0,11,480246,4130662,15.7
087032,Palagonia,0,0,12,479678,4130566,15.7
087032,Palagonia,0,0,13,479231,4130738,15.7
087032,Palagonia,0,0,14,478625,4130682,15.7
087032,Palagonia,0,0,15,478278,4130267,15.7
087032,Palagonia,0,0,16,478421,4129441,15.7
087032,Palagonia,0,0,17,478196,4128585,15.7
087032,Palagonia,0,0,18,477923,4128306,15.7
087032,Palagonia,0,0,19,477067,4128201,15.7
087032,Palagonia,0,0,20,475240,4130661,15.7
087032,Palagonia,0,0,21,474606,4132290,15.7
087032,Palagonia,0,0,22,473699,4133341,15.7
087032,Palagonia,0,0,23,474131,4134058,15.7
087032,Palagonia,0,0,24,474624,4134255,15.7
087032,Palagonia,0,0,25,474856,4134077,15.7
087032,Palagonia,0,0,26,475623,4134588,15.7
087032,Palagonia,0,0,27,475771,4134819,15.7
087032,Palagonia,0,0,28,475756,4135489,15.7
087032,Palagonia,0,0,29,476498,4136028,15.7
087032,Palagonia,0,0,30,477628,4136353,15.7
087032,Palagonia,0,0,31,478897,4136193,15.7
087032,Palagonia,0,0,32,480137,4137590,15.7
087032,Palagonia,0,0,33,481353,4137781,15.7
087033,Paternò,0,0,0,494305,4162095,21.2
087033,Paternò,0,0,1,493596,4159742,21.2
087033,Paternò,0,0,2,494070,4159170,21.2
087033,Paternò,0,0,3,493934,4158292,21.2
087033,Paternò,0,0,4,492641,4156782,21.2
087033,Paternò,0,0,5,492204,4155053,21.2
087033,Paternò,0,0,6,491875,4154314,21.2
087033,Paternò,0,0,7,491063,4153202,21.2
087033,Paternò,0,0,8,490552,4150632,21.2
087033,Paternò,0,0,9,489890,4149099,21.2
087033,Paternò,0,0,10,489234,4148671,21.2
087033,Paternò,0,0,11,489388,4146967,21.2
087033,Paternò,0,0,12,489285,4145444,21.2
087033,Paternò,0,0,13,487574,4144037,21.2
087033,Paternò,0,0,14,486228,4141978,21.2
087033,Paternò,0,0,15,485611,4143752,21.2
087033,Paternò,0,0,16,485851,4145187,21.2
087033,Paternò,0,0,17,485458,4146530,21.2
087033,Paternò,0,0,18,484729,4147761,21.2
087033,Paternò,0,0,19,482871,4149169,21.2
087033,Paternò,0,0,20,481792,4148812,21.2
087033,Paternò,0,0,21,480830,4149341,21.2
087033,Paternò,0,0,22,480772,4149910,21.2
087033,Paternò,0,0,23,480467,4150332,21.2
087033,Paternò,0,0,24,480695,4150720,21.2
087033,Paternò,0,0,25,480953,4150631,21.2
087033,Paternò,0,0,26,481551,4151181,21.2
087033,Paternò,0,0,27,481796,4152432,21.2
087033,Paternò,0,0,28,481550,4153467,21.2
087033,Paternò,0,0,29,481759,4153748,21.2
087033,Paternò,0,0,30,482252,4153980,21.2
087033,Paternò,0,0,31,482481,4156400,21.2
087033,Paternò,0,0,32,481546,4156953,21.2
087033,Paternò,0,0,33,481546,4157214,21.2
087033,Paternò,0,0,34,483332,4159432,21.2
087033,Paternò,0,0,35,484906,4160220,21.2
087033,Paternò,0,0,36,485189,4160077,21.2
087033,Paternò,0,0,37,486926,4161997,21.2
087033,Paternò,0,0,38,487798,4161128,21.2
087033,Paternò,0,0,39,489036,4160484,21.2
087033,Paternò,0,0,40,490107,4160329,21.2
087033,Paternò,0,0,41,491099,4160619,21.2
087033,Paternò,0,0,42,491660,4162725,21.2
087033,Paternò,0,0,43,492882,4162419,21.2
087033,Paternò,0,0,44,493661,4162373,21.2
087033,Paternò,0,0,45,493922,4162578,21.2
087033,Paternò,0,0,46,494201,4162393,21.2
087033,Paternò,0,0,47,494305,4162095,21.2
087034,Pedara,0,0,0,504312,4170631,29.2
087034,Pedara,0,0,1,505232,4168204,29.2
087034,Pedara,0,0,2,505317,4167010,29.2
087034,Pedara,0,0,3,505931,4165892,29.2
087034,Pedara,0,0,4,505891,4165149,29.2
087034,Pedara,0,0,5,505703,4164809,29.2
087034,Pedara,0,0,6,506030,4163612,29.2
087034,Pedara,0,0,7,506156,4162225,29.2
087034,Pedara,0,0,8,506819,4161049,29.2
087034,Pedara,0,0,9,506764,4160529,29.2
087034,Pedara,0,0,10,505622,4161237,29.2
087034,Pedara,0,0,11,504284,4161685,29.2
087034,Pedara,0,0,12,503268,4163385,29.2
087034,Pedara,0,0,13,504215,4164164,29.2
087034,Pedara,0,0,14,504340,4165388,29.2
087034,Pedara,0,0,15,504122,4166102,29.2
087034,Pedara,0,0,16,503141,4167506,29.2
087034,Pedara,0,0,17,502420,4170314,29.2
087034,Pedara,0,0,18,504312,4170631,29.2
087035,Piedimonte Etneo,0,0,0,516092,4186347,27.9
087035,Piedimonte Etneo,0,0,1,517212,4183994,27.9
087035,Piedimonte Etneo,0,0,2,516969,4183681,27.9
087035,Piedimonte Etneo,0,0,3,516040,4183250,27.9
087035,Piedimonte Etneo,0,0,4,515493,4182580,27.9
087035,Piedimonte Etneo,0,0,5,515218,4182819,27.9
087035,Piedimonte Etneo,0,0,6,513126,4182867,27.9
087035,Piedimonte Etneo,0,0,7,511086,4181724,27.9
087035,Piedimonte Etneo,0,0,8,509749,4181874,27.9
087035,Piedimonte Etneo,0,0,9,504369,4180636,27.9
087035,Piedimonte Etneo,0,0,10,503629,4180215,27.9
087035,Piedimonte Etneo,0,0,11,503434,4179783,27.9
087035,Piedimonte Etneo,0,0,12,502542,4179356,27.9
087035,Piedimonte Etneo,0,0,13,502040,4179417,27.9
087035,Piedimonte Etneo,0,0,14,501494,4179731,27.9
087035,Piedimonte Etneo,0,0,15,506488,4181889,27.9
087035,Piedimonte Etneo,0,0,16,507662,4182214,27.9
087035,Piedimonte Etneo,0,0,17,508577,4182183,27.9
087035,Piedimonte Etneo,0,0,18,510119,4182932,27.9
087035,Piedimonte Etneo,0,0,19,511438,4183364,27.9
087035,Piedimonte Etneo,0,0,20,511563,4184351,27.9
087035,Piedimonte Etneo,0,0,21,512956,4185678,27.9
087035,Piedimonte Etneo,0,0,22,514656,4188035,27.9
087035,Piedimonte Etneo,0,0,23,516092,4186347,27.9
087036,Raddusa,0,0,0,460188,4152652,18.5
087036,Raddusa,0,0,1,461048,4151506,18.5
087036,Raddusa,0,0,2,461206,4150792,18.5
087036,Raddusa,0,0,3,460355,4148837,18.5
087036,Raddusa,0,0,4,460773,4148012,18.5
087036,Raddusa,0,0,5,460808,4147393,18.5
087036,Raddusa,0,0,6,459463,4146227,18.5
087036,Raddusa,0,0,7,459114,4145219,18.5
087036,Raddusa,0,0,8,458097,4146178,18.5
087036,Raddusa,0,0,9,457245,4148216,18.5
087036,Raddusa,0,0,10,457806,4149644,18.5
087036,Raddusa,0,0,11,458260,4150101,18.5
087036,Raddusa,0,0,12,455401,4151022,18.5
087036,Raddusa,0,0,13,454735,4151414,18.5
087036,Raddusa,0,0,14,454729,4151601,18.5
087036,Raddusa,0,0,15,454986,4151751,18.5
087036,Raddusa,0,0,16,456383,4151838,18.5
087036,Raddusa,0,0,17,457224,4152207,18.5
087036,Raddusa,0,0,18,457870,4152290,18.5
087036,Raddusa,0,0,19,458693,4153156,18.5
087036,Raddusa,0,0,20,460188,4152652,18.5
087037,Ramacca,0,0,0,463633,4155448,18.6
087037,Ramacca,0,0,1,463902,4154666,18.6
087037,Ramacca,0,0,2,464218,4154325,18.6
087037,Ramacca,0,0,3,463843,4153485,18.6
087037,Ramacca,0,0,4,464164,4152887,18.6
087037,Ramacca,0,0,5,465420,4152880,18.6
087037,Ramacca,0,0,6,465731,4152375,18.6
087037,Ramacca,0,0,7,465255,4151068,18.6
087037,Ramacca,0,0,8,465284,4150304,18.6
087037,Ramacca,0,0,9,465922,4149551,18.6
087037,Ramacca,0,0,10,466507,4149341,18.6
087037,Ramacca,0,0,11,466770,4149505,18.6
087037,Ramacca,0,0,12,467574,4148681,18.6
087037,Ramacca,0,0,13,468397,4146641,18.6
087037,Ramacca,0,0,14,468428,4145554,18.6
087037,Ramacca,0,0,15,469128,4145266,18.6
087037,Ramacca,0,0,16,470912,4145134,18.6
087037,Ramacca,0,0,17,471142,4145695,18.6
087037,Ramacca,0,0,18,471040,4146259,18.6
087037,Ramacca,0,0,19,471618,4147384,18.6
087037,Ramacca,0,0,20,472297,4147286,18.6
087037,Ramacca,0,0,21,473682,4147587,18.6
087037,Ramacca,0,0,22,475357,4148422,18.6
087037,Ramacca,0,0,23,476426,4148405,18.6
087037,Ramacca,0,0,24,477653,4148638,18.6
087037,Ramacca,0,0,25,480772,4149910,18.6
087037,Ramacca,0,0,26,480830,4149341,18.6
087037,Ramacca,0,0,27,481792,4148812,18.6
087037,Ramacca,0,0,28,482871,4149169,18.6
087037,Ramacca,0,0,29,483969,4148435,18.6
087037,Ramacca,0,0,30,484729,4147761,18.6
087037,Ramacca,0,0,31,485458,4146530,18.6
087037,Ramacca,0,0,32,485867,4145101,18.6
087037,Ramacca,0,0,33,485611,4143752,18.6
087037,Ramacca,0,0,34,486228,4141978,18.6
087037,Ramacca,0,0,35,486010,4140532,18.6
087037,Ramacca,0,0,36,486151,4140326,18.6
087037,Ramacca,0,0,37,486710,4139928,18.6
087037,Ramacca,0,0,38,488793,4140218,18.6
087037,Ramacca,0,0,39,489060,4139959,18.6
087037,Ramacca,0,0,40,490045,4140113,18.6
087037,Ramacca,0,0,41,490041,4139008,18.6
087037,Ramacca,0,0,42,489179,4138099,18.6
087037,Ramacca,0,0,43,487118,4137429,18.6
087037,Ramacca,0,0,44,485572,4136730,18.6
087037,Ramacca,0,0,45,483222,4137024,18.6
087037,Ramacca,0,0,46,481353,4137781,18.6
087037,Ramacca,0,0,47,480387,4137731,18.6
087037,Ramacca,0,0,48,479630,4137137,18.6
087037,Ramacca,0,0,49,479376,4136636,18.6
087037,Ramacca,0,0,50,478897,4136193,18.6
087037,Ramacca,0,0,51,477628,4136353,18.6
087037,Ramacca,0,0,52,476616,4136055,18.6
087037,Ramacca,0,0,53,474637,4137939,18.6
087037,Ramacca,0,0,54,474020,4137617,18.6
087037,Ramacca,0,0,55,473540,4136941,18.6
087037,Ramacca,0,0,56,472580,4136802,18.6
087037,Ramacca,0,0,57,471695,4136916,18.6
087037,Ramacca,0,0,58,471479,4136582,18.6
087037,Ramacca,0,0,59,471408,4134740,18.6
087037,Ramacca,0,0,60,470905,4134428,18.6
087037,Ramacca,0,0,61,470240,4134727,18.6
087037,Ramacca,0,0,62,468097,4135243,18.6
087037,Ramacca,0,0,63,467283,4135839,18.6
087037,Ramacca,0,0,64,466840,4135765,18.6
087037,Ramacca,0,0,65,465400,4136263,18.6
087037,Ramacca,0,0,66,464281,4136054,18.6
087037,Ramacca,0,0,67,463677,4136511,18.6
087037,Ramacca,0,0,68,463633,4137098,18.6
087037,Ramacca,0,0,69,463773,4137387,18.6
087037,Ramacca,0,0,70,463354,4137958,18.6
087037,Ramacca,0,0,71,462678,4138177,18.6
087037,Ramacca,0,0,72,463077,4139738,18.6
087037,Ramacca,0,0,73,463483,4140250,18.6
087037,Ramacca,0,0,74,464628,4140703,18.6
087037,Ramacca,0,0,75,465581,4140567,18.6
087037,Ramacca,0,0,76,466564,4140937,18.6
087037,Ramacca,0,0,77,467506,4142036,18.6
087037,Ramacca,0,0,78,467525,4142596,18.6
087037,Ramacca,0,0,79,466765,4143221,18.6
087037,Ramacca,0,0,80,465754,4143089,18.6
087037,Ramacca,0,0,81,465366,4143796,18.6
087037,Ramacca,0,0,82,464598,4143996,18.6
087037,Ramacca,0,0,83,463562,4144886,18.6
087037,Ramacca,0,0,84,463015,4144945,18.6
087037,Ramacca,0,0,85,461980,4144534,18.6
087037,Ramacca,0,0,86,461224,4144530,18.6
087037,Ramacca,0,0,87,460617,4144321,18.6
087037,Ramacca,0,0,88,459655,4144819,18.6
087037,Ramacca,0,0,89,459575,4145299,18.6
087037,Ramacca,0,0,90,459227,4145339,18.6
087037,Ramacca,0,0,91,459282,4145934,18.6
087037,Ramacca,0,0,92,460808,4147393,18.6
087037,Ramacca,0,0,93,460773,4148012,18.6
087037,Ramacca,0,0,94,460355,4148837,18.6
087037,Ramacca,0,0,95,461206,4150792,18.6
087037,Ramacca,0,0,96,461048,4151506,18.6
087037,Ramacca,0,0,97,460188,4152652,18.6
087037,Ramacca,0,0,98,458693,4153156,18.6
087037,Ramacca,0,0,99,459459,4154916,18.6
087037,Ramacca,0,0,100,461302,4154951,18.6
087037,Ramacca,0,0,101,461248,4155248,18.6
087037,Ramacca,0,0,102,462285,4155506,18.6
087037,Ramacca,0,0,103,462640,4155387,18.6
087037,Ramacca,0,0,104,463002,4155957,18.6
087037,Ramacca,0,0,105,463633,4155448,18.6
087038,Randazzo,0,0,0,481508,4178229,26.3
087038,Randazzo,0,0,1,480681,4176558,26.3
087038,Randazzo,0,0,2,480764,4176148,26.3
087038,Randazzo,0,0,3,481153,4175372,26.3
087038,Randazzo,0,0,4,482285,4174408,26.3
087038,Randazzo,0,0,5,482184,4173962,26.3
087038,Randazzo,0,0,6,478937,4171911,26.3
087038,Randazzo,0,0,7,478132,4171052,26.3
087038,Randazzo,0,0,8,477755,4171031,26.3
087038,Randazzo,0,0,9,476927,4171571,26.3
087038,Randazzo,0,0,10,476592,4171549,26.3
087038,Randazzo,0,0,11,476497,4171128,26.3
087038,Randazzo,0,0,12,476066,4170643,26.3
087038,Randazzo,0,0,13,475700,4170497,26.3
087038,Randazzo,0,0,14,474866,4173063,26.3
087038,Randazzo,0,0,15,475433,4174490,26.3
087038,Randazzo,0,0,16,475119,4175353,26.3
087038,Randazzo,0,0,17,474135,4175739,26.3
087038,Randazzo,0,0,18,474117,4176069,26.3
087038,Randazzo,0,0,19,476213,4177662,26.3
087038,Randazzo,0,0,20,476816,4178509,26.3
087038,Randazzo,0,0,21,479252,4177448,26.3
087038,Randazzo,0,0,22,480934,4178011,26.3
087038,Randazzo,0,0,23,481138,4178505,26.3
087038,Randazzo,0,0,24,481508,4178229,26.3
087038,Randazzo,1,0,0,494052,4200790,26.3
087038,Randazzo,1,0,1,494836,4200356,26.3
087038,Randazzo,1,0,2,494854,4199445,26.3
087038,Randazzo,1,0,3,495811,4197421,26.3
087038,Randazzo,1,0,4,496103,4196058,26.3
087038,Randazzo,1,0,5,498141,4195500,26.3
087038,Randazzo,1,0,6,498232,4193953,26.3
087038,Randazzo,1,0,7,498853,4193804,26.3
087038,Randazzo,1,0,8,500723,4194616,26.3
087038,Randazzo,1,0,9,501892,4194511,26.3
087038,Randazzo,1,0,10,501581,4194232,26.3
087038,Randazzo,1,0,11,502003,4193626,26.3
087038,Randazzo,1,0,12,501970,4192578,26.3
087038,Randazzo,1,0,13,501683,4192412,26.3
087038,Randazzo,1,0,14,501805,4191198,26.3
087038,Randazzo,1,0,15,500993,4189911,26.3
087038,Randazzo,1,0,16,500843,4189290,26.3
087038,Randazzo,1,0,17,500637,4185005,26.3
087038,Randazzo,1,0,18,499507,4178213,26.3
087038,Randazzo,1,0,19,498811,4182459,26.3
087038,Randazzo,1,0,20,497317,4183760,26.3
087038,Randazzo,1,0,21,492683,4187031,26.3
087038,Randazzo,1,0,22,490810,4189974,26.3
087038,Randazzo,1,0,23,490679,4190672,26.3
087038,Randazzo,1,0,24,490227,4191257,26.3
087038,Randazzo,1,0,25,489280,4191834,26.3
087038,Randazzo,1,0,26,488132,4191839,26.3
087038,Randazzo,1,0,27,487897,4192264,26.3
087038,Randazzo,1,0,28,488091,4193143,26.3
087038,Randazzo,1,0,29,487948,4194136,26.3
087038,Randazzo,1,0,30,486546,4193857,26.3
087038,Randazzo,1,0,31,485571,4194009,26.3
087038,Randazzo,1,0,32,485478,4194143,26.3
087038,Randazzo,1,0,33,485523,4195683,26.3
087038,Randazzo,1,0,34,486212,4196150,26.3
087038,Randazzo,1,0,35,485523,4197849,26.3
087038,Randazzo,1,0,36,484932,4198628,26.3
087038,Randazzo,1,0,37,485883,4200427,26.3
087038,Randazzo,1,0,38,485992,4201281,26.3
087038,Randazzo,1,0,39,486940,4200847,26.3
087038,Randazzo,1,0,40,486667,4199406,26.3
087038,Randazzo,1,0,41,487251,4198168,26.3
087038,Randazzo,1,0,42,487915,4197910,26.3
087038,Randazzo,1,0,43,489261,4198332,26.3
087038,Randazzo,1,0,44,489299,4198574,26.3
087038,Randazzo,1,0,45,490850,4200125,26.3
087038,Randazzo,1,0,46,493687,4201461,26.3
087038,Randazzo,1,0,47,493861,4201449,26.3
087038,Randazzo,1,0,48,494052,4200790,26.3
087039,Riposto,0,0,0,518057,4176699,25.0
087039,Riposto,0,0,1,518127,4176274,25.0
087039,Riposto,0,0,2,519303,4173893,25.0
087039,Riposto,0,0,3,519007,4172871,25.0
087039,Riposto,0,0,4,517567,4169969,25.0
087039,Riposto,0,0,5,517590,4169423,25.0
087039,Riposto,0,0,6,517318,4169406,25.0
087039,Riposto,0,0,7,515794,4169910,25.0
087039,Riposto,0,0,8,515198,4170171,25.0
087039,Riposto,0,0,9,515182,4170303,25.0
087039,Riposto,0,0,10,515364,4170671,25.0
087039,Riposto,0,0,11,516331,4170871,25.0
087039,Riposto,0,0,12,517478,4172294,25.0
087039,Riposto,0,0,13,517670,4172737,25.0
087039,Riposto,0,0,14,516345,4172394,25.0
087039,Riposto,0,0,15,515436,4171792,25.0
087039,Riposto,0,0,16,515273,4171819,25.0
087039,Riposto,0,0,17,515327,4172724,25.0
087039,Riposto,0,0,18,516950,4173511,25.0
087039,Riposto,0,0,19,517365,4174666,25.0
087039,Riposto,0,0,20,517196,4176757,25.0
087039,Riposto,0,0,21,518057,4176699,25.0
087040,San Cono,0,0,0,443006,4128992,18.7
087040,San Cono,0,0,1,445473,4127915,18.7
087040,San Cono,0,0,2,445045,4126506,18.7
087040,San Cono,0,0,3,444094,4126037,18.7
087040,San Cono,0,0,4,442624,4125915,18.7
087040,San Cono,0,0,5,442634,4129030,18.7
087040,San Cono,0,0,6,443006,4128992,18.7
087041,San Giovanni la Punta,0,0,0,509194,4160435,29.8
087041,San Giovanni la Punta,0,0,1,509369,4159888,29.8
087041,San Giovanni la Punta,0,0,2,510158,4159174,29.8
087041,San Giovanni la Punta,0,0,3,510283,4158732,29.8
087041,San Giovanni la Punta,0,0,4,508976,4158146,29.8
087041,San Giovanni la Punta,0,0,5,508601,4156462,29.8
087041,San Giovanni la Punta,0,0,6,508883,4155685,29.8
087041,San Giovanni la Punta,0,0,7,508721,4155250,29.8
087041,San Giovanni la Punta,0,0,8,507731,4155869,29.8
087041,San Giovanni la Punta,0,0,9,507668,4158045,29.8
087041,San Giovanni la Punta,0,0,10,507035,4158566,29.8
087041,San Giovanni la Punta,0,0,11,506690,4160057,29.8
087041,San Giovanni la Punta,0,0,12,506819,4161049,29.8
087041,San Giovanni la Punta,0,0,13,507650,4161468,29.8
087041,San Giovanni la Punta,0,0,14,509194,4160435,29.8
087042,San Gregorio di Catania,0,0,0,510311,4158690,36.9
087042,San Gregorio di Catania,0,0,1,510197,4157820,36.9
087042,San Gregorio di Catania,0,0,2,510578,4157558,36.9
087042,San Gregorio di Catania,0,0,3,510869,4157562,36.9
087042,San Gregorio di Catania,0,0,4,510735,4156506,36.9
087042,San Gregorio di Catania,0,0,5,510225,4155729,36.9
087042,San Gregorio di Catania,0,0,6,509063,4154757,36.9
087042,San Gregorio di Catania,0,0,7,508721,4155250,36.9
087042,San Gregorio di Catania,0,0,8,508883,4155685,36.9
087042,San Gregorio di Catania,0,0,9,508601,4156462,36.9
087042,San Gregorio di Catania,0,0,10,508857,4157826,36.9
087042,San Gregorio di Catania,0,0,11,508976,4158146,36.9
087042,San Gregorio di Catania,0,0,12,510311,4158690,36.9
087043,San Michele di Ganzaria,0,0,0,446857,4128199,18.0
087043,San Michele di Ganzaria,0,0,1,447906,4127667,18.0
087043,San Michele di Ganzaria,0,0,2,450061,4127416,18.0
087043,San Michele di Ganzaria,0,0,3,450552,4127059,18.0
087043,San Michele di Ganzaria,0,0,4,452599,4127357,18.0
087043,San Michele di Ganzaria,0,0,5,453391,4126352,18.0
087043,San Michele di Ganzaria,0,0,6,453289,4125897,18.0
087043,San Michele di Ganzaria,0,0,7,452859,4125006,18.0
087043,San Michele di Ganzaria,0,0,8,450589,4124400,18.0
087043,San Michele di Ganzaria,0,0,9,449523,4123060,18.0
087043,San Michele di Ganzaria,0,0,10,448495,4122886,18.0
087043,San Michele di Ganzaria,0,0,11,448451,4124422,18.0
087043,San Michele di Ganzaria,0,0,12,446156,4124094,18.0
087043,San Michele di Ganzaria,0,0,13,445197,4126790,18.0
087043,San Michele di Ganzaria,0,0,14,445473,4127915,18.0
087043,San Michele di Ganzaria,0,0,15,446164,4128227,18.0
087043,San Michele di Ganzaria,0,0,16,446857,4128199,18.0
087044,San Pietro Clarenza,0,0,0,502179,4159552,26.5
087044,San Pietro Clarenza,0,0,1,502596,4159308,26.5
087044,San Pietro Clarenza,0,0,2,503000,4158723,26.5
087044,San Pietro Clarenza,0,0,3,503085,4157925,26.5
087044,San Pietro Clarenza,0,0,4,502578,4157363,26.5
087044,San Pietro Clarenza,0,0,5,502634,4157020,26.5
087044,San Pietro Clarenza,0,0,6,503344,4156381,26.5
087044,San Pietro Clarenza,0,0,7,503171,4155926,26.5
087044,San Pietro Clarenza,0,0,8,501919,4155859,26.5
087044,San Pietro Clarenza,0,0,9,500964,4157289,26.5
087044,San Pietro Clarenza,0,0,10,500898,4158913,26.5
087044,San Pietro Clarenza,0,0,11,501608,4159573,26.5
087044,San Pietro Clarenza,0,0,12,502179,4159552,26.5
087045,Sant'Agata li Battiati,0,0,0,507659,4157881,33.0
087045,Sant'Agata li Battiati,0,0,1,507731,4155869,33.0
087045,Sant'Agata li Battiati,0,0,2,508321,4155451,33.0
087045,Sant'Agata li Battiati,0,0,3,507988,4155164,33.0
087045,Sant'Agata li Battiati,0,0,4,507486,4155409,33.0
087045,Sant'Agata li Battiati,0,0,5,506942,4155053,33.0
087045,Sant'Agata li Battiati,0,0,6,506502,4155452,33.0
087045,Sant'Agata li Battiati,0,0,7,506423,4156996,33.0
087045,Sant'Agata li Battiati,0,0,8,507129,4157565,33.0
087045,Sant'Agata li Battiati,0,0,9,507520,4158196,33.0
087045,Sant'Agata li Battiati,0,0,10,507659,4157881,33.0
087046,Sant'Alfio,0,0,0,509749,4181874,27.8
087046,Sant'Alfio,0,0,1,511086,4181724,27.8
087046,Sant'Alfio,0,0,2,509941,4180409,27.8
087046,Sant'Alfio,0,0,3,509781,4179155,27.8
087046,Sant'Alfio,0,0,4,513357,4177504,27.8
087046,Sant'Alfio,0,0,5,513033,4176073,27.8
087046,Sant'Alfio,0,0,6,509625,4177300,27.8
087046,Sant'Alfio,0,0,7,508074,4178257,27.8
087046,Sant'Alfio,0,0,8,507641,4178368,27.8
087046,Sant'Alfio,0,0,9,506097,4179580,27.8
087046,Sant'Alfio,0,0,10,505255,4179359,27.8
087046,Sant'Alfio,0,0,11,505108,4178350,27.8
087046,Sant'Alfio,0,0,12,504350,4178465,27.8
087046,Sant'Alfio,0,0,13,502335,4179263,27.8
087046,Sant'Alfio,0,0,14,499507,4178213,27.8
087046,Sant'Alfio,0,0,15,501208,4179649,27.8
087046,Sant'Alfio,0,0,16,501494,4179731,27.8
087046,Sant'Alfio,0,0,17,502040,4179417,27.8
087046,Sant'Alfio,0,0,18,502542,4179356,27.8
087046,Sant'Alfio,0,0,19,503434,4179783,27.8
087046,Sant'Alfio,0,0,20,503629,4180215,27.8
087046,Sant'Alfio,0,0,21,504459,4180664,27.8
087046,Sant'Alfio,0,0,22,508698,4181702,27.8
087046,Sant'Alfio,0,0,23,509749,4181874,27.8
087047,Santa Maria di Licodia,0,0,0,493999,4169869,19.4
087047,Santa Maria di Licodia,0,0,1,494506,4169135,19.4
087047,Santa Maria di Licodia,0,0,2,494803,4168357,19.4
087047,Santa Maria di Licodia,0,0,3,494030,4166807,19.4
087047,Santa Maria di Licodia,0,0,4,493009,4165883,19.4
087047,Santa Maria di Licodia,0,0,5,492725,4163928,19.4
087047,Santa Maria di Licodia,0,0,6,491660,4162725,19.4
087047,Santa Maria di Licodia,0,0,7,491099,4160619,19.4
087047,Santa Maria di Licodia,0,0,8,490107,4160329,19.4
087047,Santa Maria di Licodia,0,0,9,489036,4160484,19.4
087047,Santa Maria di Licodia,0,0,10,487480,4161337,19.4
087047,Santa Maria di Licodia,0,0,11,486926,4161997,19.4
087047,Santa Maria di Licodia,0,0,12,487928,4162847,19.4
087047,Santa Maria di Licodia,0,0,13,488242,4163920,19.4
087047,Santa Maria di Licodia,0,0,14,489276,4164179,19.4
087047,Santa Maria di Licodia,0,0,15,489961,4165108,19.4
087047,Santa Maria di Licodia,0,0,16,490267,4165856,19.4
087047,Santa Maria di Licodia,0,0,17,490835,4166161,19.4
087047,Santa Maria di Licodia,0,0,18,491407,4166249,19.4
087047,Santa Maria di Licodia,0,0,19,492254,4166775,19.4
087047,Santa Maria di Licodia,0,0,20,492858,4168448,19.4
087047,Santa Maria di Licodia,0,0,21,493644,4169313,19.4
087047,Santa Maria di Licodia,0,0,22,493782,4169860,19.4
087047,Santa Maria di Licodia,0,0,23,493999,4169869,19.4
087048,Santa Venerina,0,0,0,513086,4173378,24.2
087048,Santa Venerina,0,0,1,514648,4172739,24.2
087048,Santa Venerina,0,0,2,514707,4172407,24.2
087048,Santa Venerina,0,0,3,514669,4171686,24.2
087048,Santa Venerina,0,0,4,514393,4171551,24.2
087048,Santa Venerina,0,0,5,513914,4171597,24.2
087048,Santa Venerina,0,0,6,514073,4171060,24.2
087048,Santa Venerina,0,0,7,514681,4170690,24.2
087048,Santa Venerina,0,0,8,514395,4170483,24.2
087048,Santa Venerina,0,0,9,513864,4169420,24.2
087048,Santa Venerina,0,0,10,514297,4168475,24.2
087048,Santa Venerina,0,0,11,514203,4168049,24.2
087048,Santa Venerina,0,0,12,514006,4167946,24.2
087048,Santa Venerina,0,0,13,512812,4168039,24.2
087048,Santa Venerina,0,0,14,512773,4167687,24.2
087048,Santa Venerina,0,0,15,512439,4167506,24.2
087048,Santa Venerina,0,0,16,512165,4167775,24.2
087048,Santa Venerina,0,0,17,511787,4167823,24.2
087048,Santa Venerina,0,0,18,510746,4167707,24.2
087048,Santa Venerina,0,0,19,510645,4167807,24.2
087048,Santa Venerina,0,0,20,511319,4170079,24.2
087048,Santa Venerina,0,0,21,510681,4170583,24.2
087048,Santa Venerina,0,0,22,510587,4171948,24.2
087048,Santa Venerina,0,0,23,510998,4172252,24.2
087048,Santa Venerina,0,0,24,510731,4173436,24.2
087048,Santa Venerina,0,0,25,513086,4173378,24.2
087049,Scordia,0,0,0,485967,4130911,17.4
087049,Scordia,0,0,1,490444,4129381,17.4
087049,Scordia,0,0,2,489337,4127688,17.4
087049,Scordia,0,0,3,489615,4126636,17.4
087049,Scordia,0,0,4,488798,4126211,17.4
087049,Scordia,0,0,5,487225,4125907,17.4
087049,Scordia,0,0,6,485506,4126432,17.4
087049,Scordia,0,0,7,484105,4126191,17.4
087049,Scordia,0,0,8,483526,4126359,17.4
087049,Scordia,0,0,9,483711,4127025,17.4
087049,Scordia,0,0,10,483711,4128557,17.4
087049,Scordia,0,0,11,484151,4129970,17.4
087049,Scordia,0,0,12,485967,4130911,17.4
087050,Trecastagni,0,0,0,506517,4169659,29.4
087050,Trecastagni,0,0,1,507477,4169383,29.4
087050,Trecastagni,0,0,2,507975,4169124,29.4
087050,Trecastagni,0,0,3,508111,4168871,29.4
087050,Trecastagni,0,0,4,507953,4167879,29.4
087050,Trecastagni,0,0,5,507491,4167800,29.4
087050,Trecastagni,0,0,6,507343,4166801,29.4
087050,Trecastagni,0,0,7,507579,4166333,29.4
087050,Trecastagni,0,0,8,507353,4164587,29.4
087050,Trecastagni,0,0,9,507719,4163006,29.4
087050,Trecastagni,0,0,10,507723,4161674,29.4
087050,Trecastagni,0,0,11,507650,4161468,29.4
087050,Trecastagni,0,0,12,506819,4161049,29.4
087050,Trecastagni,0,0,13,506156,4162225,29.4
087050,Trecastagni,0,0,14,506030,4163612,29.4
087050,Trecastagni,0,0,15,505703,4164809,29.4
087050,Trecastagni,0,0,16,505891,4165149,29.4
087050,Trecastagni,0,0,17,505888,4166071,29.4
087050,Trecastagni,0,0,18,505317,4167010,29.4
087050,Trecastagni,0,0,19,505232,4168204,29.4
087050,Trecastagni,0,0,20,503743,4172310,29.4
087050,Trecastagni,0,0,21,505677,4170860,29.4
087050,Trecastagni,0,0,22,506517,4169659,29.4
087051,Tremestieri Etneo,0,0,0,508721,4155250,32.9
087051,Tremestieri Etneo,0,0,1,509063,4154757,32.9
087051,Tremestieri Etneo,0,0,2,508907,4154222,32.9
087051,Tremestieri Etneo,0,0,3,507956,4154727,32.9
087051,Tremestieri Etneo,0,0,4,507988,4155164,32.9
087051,Tremestieri Etneo,0,0,5,508321,4155451,32.9
087051,Tremestieri Etneo,0,0,6,508721,4155250,32.9
087051,Tremestieri Etneo,1,0,0,506764,4160529,32.9
087051,Tremestieri Etneo,1,0,1,506773,4159346,32.9
087051,Tremestieri Etneo,1,0,2,507035,4158566,32.9
087051,Tremestieri Etneo,1,0,3,507520,4158196,32.9
087051,Tremestieri Etneo,1,0,4,507129,4157565,32.9
087051,Tremestieri Etneo,1,0,5,506423,4156996,32.9
087051,Tremestieri Etneo,1,0,6,505723,4157998,32.9
087051,Tremestieri Etneo,1,0,7,504916,4160505,32.9
087051,Tremestieri Etneo,1,0,8,505498,4160768,32.9
087051,Tremestieri Etneo,1,0,9,505622,4161237,32.9
087051,Tremestieri Etneo,1,0,10,506764,4160529,32.9
087052,Valverde,0,0,0,511481,4160864,29.3
087052,Valverde,0,0,1,511782,4158506,29.3
087052,Valverde,0,0,2,512041,4157640,29.3
087052,Valverde,0,0,3,511930,4157478,29.3
087052,Valverde,0,0,4,510578,4157558,29.3
087052,Valverde,0,0,5,510155,4157928,29.3
087052,Valverde,0,0,6,510330,4158563,29.3
087052,Valverde,0,0,7,510189,4159124,29.3
087052,Valverde,0,0,8,509369,4159888,29.3
087052,Valverde,0,0,9,510112,4160210,29.3
087052,Valverde,0,0,10,510155,4160765,29.3
087052,Valverde,0,0,11,511481,4160864,29.3
087053,Viagrande,0,0,0,508154,4166865,28.9
087053,Viagrande,0,0,1,508088,4166460,28.9
087053,Viagrande,0,0,2,508245,4166044,28.9
087053,Viagrande,0,0,3,508950,4165502,28.9
087053,Viagrande,0,0,4,509772,4164160,28.9
087053,Viagrande,0,0,5,509477,4162175,28.9
087053,Viagrande,0,0,6,508801,4161139,28.9
087053,Viagrande,0,0,7,509237,4160659,28.9
087053,Viagrande,0,0,8,509194,4160435,28.9
087053,Viagrande,0,0,9,507650,4161468,28.9
087053,Viagrande,0,0,10,507719,4163006,28.9
087053,Viagrande,0,0,11,507353,4164587,28.9
087053,Viagrande,0,0,12,507531,4165195,28.9
087053,Viagrande,0,0,13,507579,4166333,28.9
087053,Viagrande,0,0,14,507343,4166801,28.9
087053,Viagrande,0,0,15,507491,4167800,28.9
087053,Viagrande,0,0,16,507953,4167879,28.9
087053,Viagrande,0,0,17,508154,4166865,28.9
087054,Vizzini,0,0,0,478555,4121959,20.6
087054,Vizzini,0,0,1,479352,4122027,20.6
087054,Vizzini,0,0,2,480471,4120348,20.6
087054,Vizzini,0,0,3,479994,4120264,20.6
087054,Vizzini,0,0,4,479862,4119770,20.6
087054,Vizzini,0,0,5,480745,4118188,20.6
087054,Vizzini,0,0,6,481748,4118689,20.6
087054,Vizzini,0,0,7,482568,4118624,20.6
087054,Vizzini,0,0,8,484096,4117872,20.6
087054,Vizzini,0,0,9,484443,4116722,20.6
087054,Vizzini,0,0,10,484619,4116622,20.6
087054,Vizzini,0,0,11,486586,4117158,20.6
087054,Vizzini,0,0,12,487887,4118046,20.6
087054,Vizzini,0,0,13,488183,4118031,20.6
087054,Vizzini,0,0,14,488556,4117647,20.6
087054,Vizzini,0,0,15,488462,4115493,20.6
087054,Vizzini,0,0,16,487223,4114756,20.6
087054,Vizzini,0,0,17,485644,4113435,20.6
087054,Vizzini,0,0,18,485346,4112987,20.6
087054,Vizzini,0,0,19,485520,4112416,20.6
087054,Vizzini,0,0,20,486245,4111250,20.6
087054,Vizzini,0,0,21,486368,4110544,20.6
087054,Vizzini,0,0,22,486098,4109322,20.6
087054,Vizzini,0,0,23,485506,4108727,20.6
087054,Vizzini,0,0,24,485113,4108679,20.6
087054,Vizzini,0,0,25,484436,4109082,20.6
087054,Vizzini,0,0,26,482979,4108874,20.6
087054,Vizzini,0,0,27,480244,4110383,20.6
087054,Vizzini,0,0,28,480037,4110346,20.6
087054,Vizzini,0,0,29,479869,4109879,20.6
087054,Vizzini,0,0,30,480174,4109124,20.6
087054,Vizzini,0,0,31,479619,4109142,20.6
087054,Vizzini,0,0,32,478839,4109815,20.6
087054,Vizzini,0,0,33,478115,4110091,20.6
087054,Vizzini,0,0,34,478022,4109569,20.6
087054,Vizzini,0,0,35,477601,4109267,20.6
087054,Vizzini,0,0,36,476660,4109730,20.6
087054,Vizzini,0,0,37,476188,4108797,20.6
087054,Vizzini,0,0,38,475601,4108356,20.6
087054,Vizzini,0,0,39,475345,4108342,20.6
087054,Vizzini,0,0,40,475326,4108763,20.6
087054,Vizzini,0,0,41,476623,4110534,20.6
087054,Vizzini,0,0,42,476725,4110942,20.6
087054,Vizzini,0,0,43,476591,4111435,20.6
087054,Vizzini,0,0,44,475523,4112176,20.6
087054,Vizzini,0,0,45,475367,4113848,20.6
087054,Vizzini,0,0,46,475137,4114045,20.6
087054,Vizzini,0,0,47,474633,4114021,20.6
087054,Vizzini,0,0,48,474166,4113214,20.6
087054,Vizzini,0,0,49,473747,4113063,20.6
087054,Vizzini,0,0,50,472576,4113519,20.6
087054,Vizzini,0,0,51,472646,4113806,20.6
087054,Vizzini,0,0,52,473372,4114568,20.6
087054,Vizzini,0,0,53,473464,4115107,20.6
087054,Vizzini,0,0,54,472963,4117432,20.6
087054,Vizzini,0,0,55,473237,4118220,20.6
087054,Vizzini,0,0,56,473005,4118853,20.6
087054,Vizzini,0,0,57,472603,4119277,20.6
087054,Vizzini,0,0,58,473225,4119167,20.6
087054,Vizzini,0,0,59,473845,4119506,20.6
087054,Vizzini,0,0,60,474361,4120072,20.6
087054,Vizzini,0,0,61,475192,4120373,20.6
087054,Vizzini,0,0,62,476424,4120066,20.6
087054,Vizzini,0,0,63,476956,4121607,20.6
087054,Vizzini,0,0,64,477696,4121809,20.6
087054,Vizzini,0,0,65,477888,4122334,20.6
087054,Vizzini,0,0,66,478372,4122926,20.6
087054,Vizzini,0,0,67,478293,4122506,20.6
087054,Vizzini,0,0,68,478555,4121959,20.6
087055,Zafferana Etnea,0,0,0,502335,4179263,24.9
087055,Zafferana Etnea,0,0,1,504350,4178465,24.9
087055,Zafferana Etnea,0,0,2,505548,4178223,24.9
087055,Zafferana Etnea,0,0,3,506052,4177621,24.9
087055,Zafferana Etnea,0,0,4,506928,4177033,24.9
087055,Zafferana Etnea,0,0,5,508028,4176687,24.9
087055,Zafferana Etnea,0,0,6,508581,4174760,24.9
087055,Zafferana Etnea,0,0,7,508900,4174533,24.9
087055,Zafferana Etnea,0,0,8,509360,4174506,24.9
087055,Zafferana Etnea,0,0,9,509760,4173548,24.9
087055,Zafferana Etnea,0,0,10,510115,4173181,24.9
087055,Zafferana Etnea,0,0,11,510731,4173436,24.9
087055,Zafferana Etnea,0,0,12,510998,4172252,24.9
087055,Zafferana Etnea,0,0,13,510587,4171948,24.9
087055,Zafferana Etnea,0,0,14,510681,4170583,24.9
087055,Zafferana Etnea,0,0,15,511319,4170079,24.9
087055,Zafferana Etnea,0,0,16,510810,4168029,24.9
087055,Zafferana Etnea,0,0,17,510166,4167262,24.9
087055,Zafferana Etnea,0,0,18,508567,4167193,24.9
087055,Zafferana Etnea,0,0,19,508154,4166865,24.9
087055,Zafferana Etnea,0,0,20,507953,4167879,24.9
087055,Zafferana Etnea,0,0,21,508111,4168871,24.9
087055,Zafferana Etnea,0,0,22,508015,4169090,24.9
087055,Zafferana Etnea,0,0,23,506517,4169659,24.9
087055,Zafferana Etnea,0,0,24,505677,4170860,24.9
087055,Zafferana Etnea,0,0,25,503743,4172310,24.9
087055,Zafferana Etnea,0,0,26,504312,4170631,24.9
087055,Zafferana Etnea,0,0,27,502420,4170314,24.9
087055,Zafferana Etnea,0,0,28,501005,4173265,24.9
087055,Zafferana Etnea,0,0,29,500274,4176357,24.9
087055,Zafferana Etnea,0,0,30,499507,4178213,24.9
087055,Zafferana Etnea,0,0,31,502335,4179263,24.9
087056,Mazzarrone,0,0,0,463040,4106949,25.7
087056,Mazzarrone,0,0,1,463689,4106474,25.7
087056,Mazzarrone,0,0,2,465386,4104557,25.7
087056,Mazzarrone,0,0,3,463038,4102657,25.7
087056,Mazzarrone,0,0,4,461623,4100796,25.7
087056,Mazzarrone,0,0,5,461289,4100711,25.7
087056,Mazzarrone,0,0,6,460051,4101200,25.7
087056,Mazzarrone,0,0,7,459462,4100849,25.7
087056,Mazzarrone,0,0,8,459167,4101506,25.7
087056,Mazzarrone,0,0,9,458547,4102043,25.7
087056,Mazzarrone,0,0,10,458598,4103760,25.7
087056,Mazzarrone,0,0,11,457783,4105016,25.7
087056,Mazzarrone,0,0,12,457767,4105233,25.7
087056,Mazzarrone,0,0,13,458126,4105588,25.7
087056,Mazzarrone,0,0,14,458683,4107030,25.7
087056,Mazzarrone,0,0,15,459563,4107363,25.7
087056,Mazzarrone,0,0,16,461826,4107760,25.7
087056,Mazzarrone,0,0,17,462939,4108453,25.7
087056,Mazzarrone,0,0,18,463040,4106949,25.7
087057,Maniace,0,0,0,480896,4194976,39.4
087057,Maniace,0,0,1,482780,4194962,39.4
087057,Maniace,0,0,2,483058,4193373,39.4
087057,Maniace,0,0,3,483923,4193239,39.4
087057,Maniace,0,0,4,485078,4193887,39.4
087057,Maniace,0,0,5,485455,4193245,39.4
087057,Maniace,0,0,6,486102,4191301,39.4
087057,Maniace,0,0,7,486650,4191105,39.4
087057,Maniace,0,0,8,486118,4190663,39.4
087057,Maniace,0,0,9,485415,4190704,39.4
087057,Maniace,0,0,10,483568,4190054,39.4
087057,Maniace,0,0,11,482844,4189489,39.4
087057,Maniace,0,0,12,481772,4188263,39.4
087057,Maniace,0,0,13,481425,4189515,39.4
087057,Maniace,0,0,14,480870,4190201,39.4
087057,Maniace,0,0,15,480337,4190651,39.4
087057,Maniace,0,0,16,478770,4191242,39.4
087057,Maniace,0,0,17,477698,4189827,39.4
087057,Maniace,0,0,18,477321,4188911,39.4
087057,Maniace,0,0,19,477050,4188894,39.4
087057,Maniace,0,0,20,476844,4189857,39.4
087057,Maniace,0,0,21,477159,4192149,39.4
087057,Maniace,0,0,22,477008,4192946,39.4
087057,Maniace,0,0,23,477006,4194999,39.4
087057,Maniace,0,0,24,478000,4194752,39.4
087057,Maniace,0,0,25,478900,4194728,39.4
087057,Maniace,0,0,26,479219,4194341,39.4
087057,Maniace,0,0,27,479220,4193725,39.4
087057,Maniace,0,0,28,479505,4193469,39.4
087057,Maniace,0,0,29,479939,4193702,39.4
087057,Maniace,0,0,30,479892,4194209,39.4
087057,Maniace,0,0,31,480267,4195027,39.4
087057,Maniace,0,0,32,480526,4195197,39.4
087057,Maniace,0,0,33,480896,4194976,39.4
087058,Ragalna,0,0,0,498257,4171438,27.0
087058,Ragalna,0,0,1,497726,4167730,27.0
087058,Ragalna,0,0,2,498316,4167357,27.0
087058,Ragalna,0,0,3,498419,4166849,27.0
087058,Ragalna,0,0,4,497567,4165723,27.0
087058,Ragalna,0,0,5,497168,4165664,27.0
087058,Ragalna,0,0,6,496795,4165827,27.0
087058,Ragalna,0,0,7,496404,4165660,27.0
087058,Ragalna,0,0,8,496066,4164783,27.0
087058,Ragalna,0,0,9,496284,4164482,27.0
087058,Ragalna,0,0,10,494586,4162229,27.0
087058,Ragalna,0,0,11,494307,4162050,27.0
087058,Ragalna,0,0,12,494201,4162393,27.0
087058,Ragalna,0,0,13,493922,4162578,27.0
087058,Ragalna,0,0,14,493661,4162373,27.0
087058,Ragalna,0,0,15,492882,4162419,27.0
087058,Ragalna,0,0,16,491660,4162725,27.0
087058,Ragalna,0,0,17,492725,4163928,27.0
087058,Ragalna,0,0,18,493009,4165883,27.0
087058,Ragalna,0,0,19,494030,4166807,27.0
087058,Ragalna,0,0,20,494803,4168357,27.0
087058,Ragalna,0,0,21,494506,4169135,27.0
087058,Ragalna,0,0,22,493862,4169911,27.0
087058,Ragalna,0,0,23,494033,4170545,27.0
087058,Ragalna,0,0,24,494603,4170834,27.0
087058,Ragalna,0,0,25,495749,4172288,27.0
087058,Ragalna,0,0,26,497561,4173972,27.0
087058,Ragalna,0,0,27,499579,4176164,27.0
087058,Ragalna,0,0,28,498252,4172578,27.0
087058,Ragalna,0,0,29,498257,4171438,27.0
088001,Acate,0,0,0,459427,4101128,28.2
088001,Acate,0,0,1,459447,4100776,28.2
088001,Acate,0,0,2,458804,4100849,28.2
088001,Acate,0,0,3,458372,4100294,28.2
088001,Acate,0,0,4,456749,4099783,28.2
088001,Acate,0,0,5,456259,4099043,28.2
088001,Acate,0,0,6,455820,4099026,28.2
088001,Acate,0,0,7,455660,4099418,28.2
088001,Acate,0,0,8,455506,4098874,28.2
088001,Acate,0,0,9,455548,4097028,28.2
088001,Acate,0,0,10,455776,4095256,28.2
088001,Acate,0,0,11,455494,4094100,28.2
088001,Acate,0,0,12,454653,4093135,28.2
088001,Acate,0,0,13,454327,4092509,28.2
088001,Acate,0,0,14,453276,4091870,28.2
088001,Acate,0,0,15,451347,4093474,28.2
088001,Acate,0,0,16,450218,4093418,28.2
088001,Acate,0,0,17,450171,4092785,28.2
088001,Acate,0,0,18,447292,4091947,28.2
088001,Acate,0,0,19,446390,4090084,28.2
088001,Acate,0,0,20,445497,4089510,28.2
088001,Acate,0,0,21,443274,4092684,28.2
088001,Acate,0,0,22,441089,4095253,28.2
088001,Acate,0,0,23,441263,4095387,28.2
088001,Acate,0,0,24,443536,4095616,28.2
088001,Acate,0,0,25,445745,4097789,28.2
088001,Acate,0,0,26,446148,4098016,28.2
088001,Acate,0,0,27,447798,4098322,28.2
088001,Acate,0,0,28,450734,4101100,28.2
088001,Acate,0,0,29,452373,4100584,28.2
088001,Acate,0,0,30,452965,4100604,28.2
088001,Acate,0,0,31,453683,4101080,28.2
088001,Acate,0,0,32,455934,4102061,28.2
088001,Acate,0,0,33,457115,4102868,28.2
088001,Acate,0,0,34,458575,4103344,28.2
088001,Acate,0,0,35,458476,4102222,28.2
088001,Acate,0,0,36,459427,4101128,28.2
088002,Chiaramonte Gulfi,0,0,0,471223,4103864,26.6
088002,Chiaramonte Gulfi,0,0,1,472023,4103942,26.6
088002,Chiaramonte Gulfi,0,0,2,472489,4104355,26.6
088002,Chiaramonte Gulfi,0,0,3,473923,4104809,26.6
088002,Chiaramonte Gulfi,0,0,4,474245,4104656,26.6
088002,Chiaramonte Gulfi,0,0,5,474232,4104005,26.6
088002,Chiaramonte Gulfi,0,0,6,475742,4103866,26.6
088002,Chiaramonte Gulfi,0,0,7,476285,4103613,26.6
088002,Chiaramonte Gulfi,0,0,8,476494,4101902,26.6
088002,Chiaramonte Gulfi,0,0,9,475777,4099973,26.6
088002,Chiaramonte Gulfi,0,0,10,475240,4099023,26.6
088002,Chiaramonte Gulfi,0,0,11,475807,4097675,26.6
088002,Chiaramonte Gulfi,0,0,12,475143,4097187,26.6
088002,Chiaramonte Gulfi,0,0,13,474567,4096460,26.6
088002,Chiaramonte Gulfi,0,0,14,473625,4094506,26.6
088002,Chiaramonte Gulfi,0,0,15,473145,4094007,26.6
088002,Chiaramonte Gulfi,0,0,16,472499,4094671,26.6
088002,Chiaramonte Gulfi,0,0,17,470772,4094175,26.6
088002,Chiaramonte Gulfi,0,0,18,469583,4093520,26.6
088002,Chiaramonte Gulfi,0,0,19,468727,4093963,26.6
088002,Chiaramonte Gulfi,0,0,20,468133,4094583,26.6
088002,Chiaramonte Gulfi,0,0,21,467671,4094223,26.6
088002,Chiaramonte Gulfi,0,0,22,467026,4094122,26.6
088002,Chiaramonte Gulfi,0,0,23,464802,4095013,26.6
088002,Chiaramonte Gulfi,0,0,24,464641,4095314,26.6
088002,Chiaramonte Gulfi,0,0,25,464790,4095794,26.6
088002,Chiaramonte Gulfi,0,0,26,464110,4098166,26.6
088002,Chiaramonte Gulfi,0,0,27,464566,4099134,26.6
088002,Chiaramonte Gulfi,0,0,28,464568,4099444,26.6
088002,Chiaramonte Gulfi,0,0,29,460824,4098859,26.6
088002,Chiaramonte Gulfi,0,0,30,460522,4099028,26.6
088002,Chiaramonte Gulfi,0,0,31,460116,4099957,26.6
088002,Chiaramonte Gulfi,0,0,32,459478,4100126,26.6
088002,Chiaramonte Gulfi,0,0,33,459462,4100849,26.6
088002,Chiaramonte Gulfi,0,0,34,459890,4101167,26.6
088002,Chiaramonte Gulfi,0,0,35,461289,4100711,26.6
088002,Chiaramonte Gulfi,0,0,36,461623,4100796,26.6
088002,Chiaramonte Gulfi,0,0,37,463038,4102657,26.6
088002,Chiaramonte Gulfi,0,0,38,465123,4104250,26.6
088002,Chiaramonte Gulfi,0,0,39,465386,4104557,26.6
088002,Chiaramonte Gulfi,0,0,40,465276,4104772,26.6
088002,Chiaramonte Gulfi,0,0,41,465583,4105119,26.6
088002,Chiaramonte Gulfi,0,0,42,465991,4103867,26.6
088002,Chiaramonte Gulfi,0,0,43,466260,4103732,26.6
088002,Chiaramonte Gulfi,0,0,44,468144,4104446,26.6
088002,Chiaramonte Gulfi,0,0,45,468781,4106082,26.6
088002,Chiaramonte Gulfi,0,0,46,469819,4106760,26.6
088002,Chiaramonte Gulfi,0,0,47,471270,4106149,26.6
088002,Chiaramonte Gulfi,0,0,48,470854,4105685,26.6
088002,Chiaramonte Gulfi,0,0,49,471223,4103864,26.6
088003,Comiso,0,0,0,464568,4099444,23.8
088003,Comiso,0,0,1,464566,4099134,23.8
088003,Comiso,0,0,2,464110,4098166,23.8
088003,Comiso,0,0,3,464790,4095794,23.8
088003,Comiso,0,0,4,464641,4095314,23.8
088003,Comiso,0,0,5,464802,4095013,23.8
088003,Comiso,0,0,6,467026,4094122,23.8
088003,Comiso,0,0,7,467671,4094223,23.8
088003,Comiso,0,0,8,468133,4094583,23.8
088003,Comiso,0,0,9,468727,4093963,23.8
088003,Comiso,0,0,10,467260,4092546,23.8
088003,Comiso,0,0,11,468707,4090615,23.8
088003,Comiso,0,0,12,468052,4089643,23.8
088003,Comiso,0,0,13,467988,4089279,23.8
088003,Comiso,0,0,14,468553,4089194,23.8
088003,Comiso,0,0,15,468616,4088809,23.8
088003,Comiso,0,0,16,468170,4088398,23.8
088003,Comiso,0,0,17,467845,4088440,23.8
088003,Comiso,0,0,18,466704,4088012,23.8
088003,Comiso,0,0,19,465473,4087156,23.8
088003,Comiso,0,0,20,464562,4085771,23.8
088003,Comiso,0,0,21,462215,4085506,23.8
088003,Comiso,0,0,22,462115,4086127,23.8
088003,Comiso,0,0,23,461461,4086628,23.8
088003,Comiso,0,0,24,461063,4086386,23.8
088003,Comiso,0,0,25,459989,4085152,23.8
088003,Comiso,0,0,26,459850,4084346,23.8
088003,Comiso,0,0,27,458871,4084801,23.8
088003,Comiso,0,0,28,459147,4085101,23.8
088003,Comiso,0,0,29,459519,4086150,23.8
088003,Comiso,0,0,30,459129,4086135,23.8
088003,Comiso,0,0,31,458354,4086571,23.8
088003,Comiso,0,0,32,458222,4086818,23.8
088003,Comiso,0,0,33,458315,4088121,23.8
088003,Comiso,0,0,34,459814,4089388,23.8
088003,Comiso,0,0,35,460709,4089434,23.8
088003,Comiso,0,0,36,462290,4089795,23.8
088003,Comiso,0,0,37,463649,4090695,23.8
088003,Comiso,0,0,38,464157,4091241,23.8
088003,Comiso,0,0,39,463851,4091818,23.8
088003,Comiso,0,0,40,463577,4093850,23.8
088003,Comiso,0,0,41,462347,4095697,23.8
088003,Comiso,0,0,42,461549,4097883,23.8
088003,Comiso,0,0,43,461092,4098747,23.8
088003,Comiso,0,0,44,460824,4098859,23.8
088003,Comiso,0,0,45,464568,4099444,23.8
088004,Giarratana,0,0,0,480055,4110369,29.3
088004,Giarratana,0,0,1,481828,4109457,29.3
088004,Giarratana,0,0,2,482326,4108801,29.3
088004,Giarratana,0,0,3,481711,4107703,29.3
088004,Giarratana,0,0,4,481784,4107499,29.3
088004,Giarratana,0,0,5,482493,4107119,29.3
088004,Giarratana,0,0,6,483648,4107495,29.3
088004,Giarratana,0,0,7,483837,4107318,29.3
088004,Giarratana,0,0,8,483702,4107053,29.3
088004,Giarratana,0,0,9,483755,4106266,29.3
088004,Giarratana,0,0,10,484195,4104832,29.3
088004,Giarratana,0,0,11,483982,4103843,29.3
088004,Giarratana,0,0,12,485074,4102781,29.3
088004,Giarratana,0,0,13,485173,4102373,29.3
088004,Giarratana,0,0,14,485467,4102035,29.3
088004,Giarratana,0,0,15,486051,4101622,29.3
088004,Giarratana,0,0,16,485558,4101499,29.3
088004,Giarratana,0,0,17,484758,4102414,29.3
088004,Giarratana,0,0,18,484179,4102178,29.3
088004,Giarratana,0,0,19,483833,4101506,29.3
088004,Giarratana,0,0,20,483847,4100874,29.3
088004,Giarratana,0,0,21,485037,4100346,29.3
088004,Giarratana,0,0,22,485380,4101006,29.3
088004,Giarratana,0,0,23,485544,4101046,29.3
088004,Giarratana,0,0,24,485813,4100006,29.3
088004,Giarratana,0,0,25,485672,4099695,29.3
088004,Giarratana,0,0,26,485776,4099180,29.3
088004,Giarratana,0,0,27,485178,4097970,29.3
088004,Giarratana,0,0,28,485077,4096992,29.3
088004,Giarratana,0,0,29,484684,4096452,29.3
088004,Giarratana,0,0,30,484483,4097457,29.3
088004,Giarratana,0,0,31,483480,4097977,29.3
088004,Giarratana,0,0,32,483223,4097347,29.3
088004,Giarratana,0,0,33,483179,4096060,29.3
088004,Giarratana,0,0,34,482447,4095925,29.3
088004,Giarratana,0,0,35,481325,4096090,29.3
088004,Giarratana,0,0,36,481483,4097272,29.3
088004,Giarratana,0,0,37,480353,4098174,29.3
088004,Giarratana,0,0,38,480012,4101142,29.3
088004,Giarratana,0,0,39,480408,4102091,29.3
088004,Giarratana,0,0,40,480376,4102785,29.3
088004,Giarratana,0,0,41,480790,4103278,29.3
088004,Giarratana,0,0,42,481243,4103447,29.3
088004,Giarratana,0,0,43,481622,4103939,29.3
088004,Giarratana,0,0,44,482051,4105133,29.3
088004,Giarratana,0,0,45,481562,4106553,29.3
088004,Giarratana,0,0,46,481846,4106693,29.3
088004,Giarratana,0,0,47,481790,4106968,29.3
088004,Giarratana,0,0,48,481226,4107275,29.3
088004,Giarratana,0,0,49,480855,4107719,29.3
088004,Giarratana,0,0,50,479871,4109681,29.3
088004,Giarratana,0,0,51,480055,4110369,29.3
088005,Ispica,0,0,0,493981,4060059,27.5
088005,Ispica,0,0,1,493880,4060046,27.5
088005,Ispica,0,0,2,493919,4060107,27.5
088005,Ispica,0,0,3,493981,4060059,27.5
088005,Ispica,1,0,0,490234,4075363,27.5
088005,Ispica,1,0,1,490620,4074653,27.5
088005,Ispica,1,0,2,491288,4074247,27.5
088005,Ispica,1,0,3,492209,4074032,27.5
088005,Ispica,1,0,4,493180,4074216,27.5
088005,Ispica,1,0,5,494753,4073301,27.5
088005,Ispica,1,0,6,494660,4072715,27.5
088005,Ispica,1,0,7,494937,4072291,27.5
088005,Ispica,1,0,8,495865,4073063,27.5
088005,Ispica,1,0,9,498755,4070463,27.5
088005,Ispica,1,0,10,498990,4070081,27.5
088005,Ispica,1,0,11,499300,4068412,27.5
088005,Ispica,1,0,12,499124,4067973,27.5
088005,Ispica,1,0,13,498792,4067678,27.5
088005,Ispica,1,0,14,498745,4067291,27.5
088005,Ispica,1,0,15,498953,4066878,27.5
088005,Ispica,1,0,16,499474,4066420,27.5
088005,Ispica,1,0,17,499623,4065817,27.5
088005,Ispica,1,0,18,499915,4063829,27.5
088005,Ispica,1,0,19,499899,4063121,27.5
088005,Ispica,1,0,20,499703,4062581,27.5
088005,Ispica,1,0,21,500034,4061901,27.5
088005,Ispica,1,0,22,499425,4061715,27.5
088005,Ispica,1,0,23,499193,4061388,27.5
088005,Ispica,1,0,24,497605,4060797,27.5
088005,Ispica,1,0,25,496049,4060969,27.5
088005,Ispica,1,0,26,493246,4063434,27.5
088005,Ispica,1,0,27,491987,4064294,27.5
088005,Ispica,1,0,28,490586,4064864,27.5
088005,Ispica,1,0,29,490715,4065019,27.5
088005,Ispica,1,0,30,490425,4065949,27.5
088005,Ispica,1,0,31,489352,4067343,27.5
088005,Ispica,1,0,32,488427,4067554,27.5
088005,Ispica,1,0,33,487759,4067971,27.5
088005,Ispica,1,0,34,487687,4068160,27.5
088005,Ispica,1,0,35,488157,4068800,27.5
088005,Ispica,1,0,36,488153,4069784,27.5
088005,Ispica,1,0,37,488444,4070087,27.5
088005,Ispica,1,0,38,488610,4070925,27.5
088005,Ispica,1,0,39,488378,4071982,27.5
088005,Ispica,1,0,40,487853,4072984,27.5
088005,Ispica,1,0,41,487739,4074459,27.5
088005,Ispica,1,0,42,487949,4074425,27.5
088005,Ispica,1,0,43,488217,4075064,27.5
088005,Ispica,1,0,44,489506,4075434,27.5
088005,Ispica,1,0,45,490234,4075363,27.5
088006,Modica,0,0,0,483157,4091168,30.4
088006,Modica,0,0,1,484673,4090427,30.4
088006,Modica,0,0,2,484800,4090152,30.4
088006,Modica,0,0,3,484763,4089438,30.4
088006,Modica,0,0,4,484918,4089278,30.4
088006,Modica,0,0,5,485414,4089146,30.4
088006,Modica,0,0,6,485800,4089258,30.4
088006,Modica,0,0,7,485683,4088948,30.4
088006,Modica,0,0,8,485846,4088784,30.4
088006,Modica,0,0,9,486506,4089037,30.4
088006,Modica,0,0,10,488013,4088659,30.4
088006,Modica,0,0,11,488666,4088059,30.4
088006,Modica,0,0,12,489456,4087724,30.4
088006,Modica,0,0,13,490810,4086591,30.4
088006,Modica,0,0,14,490788,4086364,30.4
088006,Modica,0,0,15,490337,4086076,30.4
088006,Modica,0,0,16,489090,4085940,30.4
088006,Modica,0,0,17,489093,4085399,30.4
088006,Modica,0,0,18,489452,4084695,30.4
088006,Modica,0,0,19,489671,4083650,30.4
088006,Modica,0,0,20,491074,4082635,30.4
088006,Modica,0,0,21,491801,4082552,30.4
088006,Modica,0,0,22,492437,4082255,30.4
088006,Modica,0,0,23,492943,4081332,30.4
088006,Modica,0,0,24,494527,4079750,30.4
088006,Modica,0,0,25,493680,4078517,30.4
088006,Modica,0,0,26,493685,4078208,30.4
088006,Modica,0,0,27,493008,4078102,30.4
088006,Modica,0,0,28,490824,4079248,30.4
088006,Modica,0,0,29,490413,4079838,30.4
088006,Modica,0,0,30,489855,4080259,30.4
088006,Modica,0,0,31,488420,4080518,30.4
088006,Modica,0,0,32,487911,4079947,30.4
088006,Modica,0,0,33,487610,4079006,30.4
088006,Modica,0,0,34,487968,4078324,30.4
088006,Modica,0,0,35,487912,4077904,30.4
088006,Modica,0,0,36,487509,4076192,30.4
088006,Modica,0,0,37,487252,4075850,30.4
088006,Modica,0,0,38,486960,4075797,30.4
088006,Modica,0,0,39,487520,4074634,30.4
088006,Modica,0,0,40,487739,4074459,30.4
088006,Modica,0,0,41,487853,4072984,30.4
088006,Modica,0,0,42,488378,4071982,30.4
088006,Modica,0,0,43,488610,4070925,30.4
088006,Modica,0,0,44,488444,4070087,30.4
088006,Modica,0,0,45,488153,4069784,30.4
088006,Modica,0,0,46,488157,4068800,30.4
088006,Modica,0,0,47,487687,4068160,30.4
088006,Modica,0,0,48,487484,4068319,30.4
088006,Modica,0,0,49,487223,4068253,30.4
088006,Modica,0,0,50,486738,4067713,30.4
088006,Modica,0,0,51,486719,4067492,30.4
088006,Modica,0,0,52,485252,4066821,30.4
088006,Modica,0,0,53,484794,4064189,30.4
088006,Modica,0,0,54,484370,4063945,30.4
088006,Modica,0,0,55,483981,4063416,30.4
088006,Modica,0,0,56,483181,4063357,30.4
088006,Modica,0,0,57,481972,4062408,30.4
088006,Modica,0,0,58,480443,4062024,30.4
088006,Modica,0,0,59,480584,4062348,30.4
088006,Modica,0,0,60,480141,4062818,30.4
088006,Modica,0,0,61,478923,4062753,30.4
088006,Modica,0,0,62,479003,4063863,30.4
088006,Modica,0,0,63,479228,4064115,30.4
088006,Modica,0,0,64,479627,4065767,30.4
088006,Modica,0,0,65,479179,4067042,30.4
088006,Modica,0,0,66,479577,4068423,30.4
088006,Modica,0,0,67,479667,4071586,30.4
088006,Modica,0,0,68,478163,4073455,30.4
088006,Modica,0,0,69,476783,4074636,30.4
088006,Modica,0,0,70,475294,4074356,30.4
088006,Modica,0,0,71,475220,4074653,30.4
088006,Modica,0,0,72,475623,4075319,30.4
088006,Modica,0,0,73,475467,4075741,30.4
088006,Modica,0,0,74,474769,4076354,30.4
088006,Modica,0,0,75,474534,4077029,30.4
088006,Modica,0,0,76,474490,4078260,30.4
088006,Modica,0,0,77,475052,4078358,30.4
088006,Modica,0,0,78,477237,4081651,30.4
088006,Modica,0,0,79,477790,4082019,30.4
088006,Modica,0,0,80,477910,4082455,30.4
088006,Modica,0,0,81,479084,4083119,30.4
088006,Modica,0,0,82,479785,4083734,30.4
088006,Modica,0,0,83,479925,4084063,30.4
088006,Modica,0,0,84,479807,4084301,30.4
088006,Modica,0,0,85,480300,4084852,30.4
088006,Modica,0,0,86,481032,4084686,30.4
088006,Modica,0,0,87,481351,4085507,30.4
088006,Modica,0,0,88,481682,4085630,30.4
088006,Modica,0,0,89,482954,4085213,30.4
088006,Modica,0,0,90,483719,4085555,30.4
088006,Modica,0,0,91,484116,4086114,30.4
088006,Modica,0,0,92,484297,4087229,30.4
088006,Modica,0,0,93,483168,4087836,30.4
088006,Modica,0,0,94,481518,4088166,30.4
088006,Modica,0,0,95,482083,4089033,30.4
088006,Modica,0,0,96,482328,4090274,30.4
088006,Modica,0,0,97,482935,4091122,30.4
088006,Modica,0,0,98,483157,4091168,30.4
088006,Modica,1,0,0,487972,4096486,30.4
088006,Modica,1,0,1,488320,4095747,30.4
088006,Modica,1,0,2,489142,4094941,30.4
088006,Modica,1,0,3,489955,4093603,30.4
088006,Modica,1,0,4,489841,4092006,30.4
088006,Modica,1,0,5,490057,4090899,30.4
088006,Modica,1,0,6,491759,4088147,30.4
088006,Modica,1,0,7,492083,4087834,30.4
088006,Modica,1,0,8,492755,4087719,30.4
088006,Modica,1,0,9,492921,4086820,30.4
088006,Modica,1,0,10,493949,4085404,30.4
088006,Modica,1,0,11,494456,4084132,30.4
088006,Modica,1,0,12,494269,4083651,30.4
088006,Modica,1,0,13,493081,4085075,30.4
088006,Modica,1,0,14,491387,4086240,30.4
088006,Modica,1,0,15,490497,4087098,30.4
088006,Modica,1,0,16,487463,4090343,30.4
088006,Modica,1,0,17,487271,4091174,30.4
088006,Modica,1,0,18,487360,4091811,30.4
088006,Modica,1,0,19,488670,4092938,30.4
088006,Modica,1,0,20,488649,4093312,30.4
088006,Modica,1,0,21,488235,4093468,30.4
088006,Modica,1,0,22,488006,4094463,30.4
088006,Modica,1,0,23,488080,4094889,30.4
088006,Modica,1,0,24,487808,4095093,30.4
088006,Modica,1,0,25,486865,4094401,30.4
088006,Modica,1,0,26,486244,4094268,30.4
088006,Modica,1,0,27,485847,4094916,30.4
088006,Modica,1,0,28,486009,4095871,30.4
088006,Modica,1,0,29,484680,4095802,30.4
088006,Modica,1,0,30,484369,4096284,30.4
088006,Modica,1,0,31,484684,4096452,30.4
088006,Modica,1,0,32,485077,4096992,30.4
088006,Modica,1,0,33,485178,4097970,30.4
088006,Modica,1,0,34,485776,4099180,30.4
088006,Modica,1,0,35,486940,4098801,30.4
088006,Modica,1,0,36,487192,4098255,30.4
088006,Modica,1,0,37,487236,4097410,30.4
088006,Modica,1,0,38,487972,4096486,30.4
088007,Monterosso Almo,0,0,0,474300,4108842,27.8
088007,Monterosso Almo,0,0,1,475905,4107868,27.8
088007,Monterosso Almo,0,0,2,475945,4107471,27.8
088007,Monterosso Almo,0,0,3,475565,4106225,27.8
088007,Monterosso Almo,0,0,4,475778,4105561,27.8
088007,Monterosso Almo,0,0,5,476160,4105577,27.8
088007,Monterosso Almo,0,0,6,477234,4106103,27.8
088007,Monterosso Almo,0,0,7,478457,4105512,27.8
088007,Monterosso Almo,0,0,8,479130,4105511,27.8
088007,Monterosso Almo,0,0,9,479130,4105856,27.8
088007,Monterosso Almo,0,0,10,479354,4106053,27.8
088007,Monterosso Almo,0,0,11,481263,4106916,27.8
088007,Monterosso Almo,0,0,12,481945,4105728,27.8
088007,Monterosso Almo,0,0,13,482004,4104806,27.8
088007,Monterosso Almo,0,0,14,481622,4103939,27.8
088007,Monterosso Almo,0,0,15,481243,4103447,27.8
088007,Monterosso Almo,0,0,16,480742,4103231,27.8
088007,Monterosso Almo,0,0,17,480342,4102667,27.8
088007,Monterosso Almo,0,0,18,480408,4102091,27.8
088007,Monterosso Almo,0,0,19,480012,4101142,27.8
088007,Monterosso Almo,0,0,20,480353,4098174,27.8
088007,Monterosso Almo,0,0,21,479985,4097409,27.8
088007,Monterosso Almo,0,0,22,479287,4097195,27.8
088007,Monterosso Almo,0,0,23,479084,4097337,27.8
088007,Monterosso Almo,0,0,24,478954,4097573,27.8
088007,Monterosso Almo,0,0,25,479124,4098006,27.8
088007,Monterosso Almo,0,0,26,479486,4097925,27.8
088007,Monterosso Almo,0,0,27,479552,4098086,27.8
088007,Monterosso Almo,0,0,28,479303,4098559,27.8
088007,Monterosso Almo,0,0,29,478207,4099664,27.8
088007,Monterosso Almo,0,0,30,477092,4097371,27.8
088007,Monterosso Almo,0,0,31,476585,4097222,27.8
088007,Monterosso Almo,0,0,32,476123,4097303,27.8
088007,Monterosso Almo,0,0,33,475676,4097775,27.8
088007,Monterosso Almo,0,0,34,475240,4099023,27.8
088007,Monterosso Almo,0,0,35,475777,4099973,27.8
088007,Monterosso Almo,0,0,36,476494,4101902,27.8
088007,Monterosso Almo,0,0,37,476285,4103613,27.8
088007,Monterosso Almo,0,0,38,475742,4103866,27.8
088007,Monterosso Almo,0,0,39,474232,4104005,27.8
088007,Monterosso Almo,0,0,40,474245,4104656,27.8
088007,Monterosso Almo,0,0,41,473923,4104809,27.8
088007,Monterosso Almo,0,0,42,472489,4104355,27.8
088007,Monterosso Almo,0,0,43,472023,4103942,27.8
088007,Monterosso Almo,0,0,44,471223,4103864,27.8
088007,Monterosso Almo,0,0,45,470854,4105685,27.8
088007,Monterosso Almo,0,0,46,471886,4107132,27.8
088007,Monterosso Almo,0,0,47,474300,4108842,27.8
088008,Pozzallo,0,0,0,488257,4067638,22.2
088008,Pozzallo,0,0,1,489352,4067343,22.2
088008,Pozzallo,0,0,2,490425,4065949,22.2
088008,Pozzallo,0,0,3,490722,4064960,22.2
088008,Pozzallo,0,0,4,490182,4064826,22.2
088008,Pozzallo,0,0,5,489005,4065050,22.2
088008,Pozzallo,0,0,6,487560,4064924,22.2
088008,Pozzallo,0,0,7,486511,4064644,22.2
088008,Pozzallo,0,0,8,485639,4064098,22.2
088008,Pozzallo,0,0,9,484983,4063554,22.2
088008,Pozzallo,0,0,10,484668,4062959,22.2
088008,Pozzallo,0,0,11,483981,4063416,22.2
088008,Pozzallo,0,0,12,484370,4063945,22.2
088008,Pozzallo,0,0,13,484794,4064189,22.2
088008,Pozzallo,0,0,14,485252,4066821,22.2
088008,Pozzallo,0,0,15,486807,4067553,22.2
088008,Pozzallo,0,0,16,486738,4067713,22.2
088008,Pozzallo,0,0,17,487320,4068311,22.2
088008,Pozzallo,0,0,18,487484,4068319,22.2
088008,Pozzallo,0,0,19,488257,4067638,22.2
088009,Ragusa,0,0,0,479303,4098559,34.3
088009,Ragusa,0,0,1,479554,4097993,34.3
088009,Ragusa,0,0,2,479124,4098006,34.3
088009,Ragusa,0,0,3,478954,4097573,34.3
088009,Ragusa,0,0,4,479084,4097337,34.3
088009,Ragusa,0,0,5,479287,4097195,34.3
088009,Ragusa,0,0,6,479985,4097409,34.3
088009,Ragusa,0,0,7,480353,4098174,34.3
088009,Ragusa,0,0,8,481483,4097272,34.3
088009,Ragusa,0,0,9,481324,4096375,34.3
088009,Ragusa,0,0,10,481409,4096048,34.3
088009,Ragusa,0,0,11,482447,4095925,34.3
088009,Ragusa,0,0,12,483179,4096060,34.3
088009,Ragusa,0,0,13,483124,4096588,34.3
088009,Ragusa,0,0,14,483398,4097905,34.3
088009,Ragusa,0,0,15,484264,4097655,34.3
088009,Ragusa,0,0,16,484513,4097415,34.3
088009,Ragusa,0,0,17,484684,4096452,34.3
088009,Ragusa,0,0,18,484369,4096284,34.3
088009,Ragusa,0,0,19,484680,4095802,34.3
088009,Ragusa,0,0,20,486009,4095871,34.3
088009,Ragusa,0,0,21,485847,4094916,34.3
088009,Ragusa,0,0,22,486244,4094268,34.3
088009,Ragusa,0,0,23,486865,4094401,34.3
088009,Ragusa,0,0,24,487366,4094872,34.3
088009,Ragusa,0,0,25,487865,4095056,34.3
088009,Ragusa,0,0,26,488080,4094889,34.3
088009,Ragusa,0,0,27,488006,4094463,34.3
088009,Ragusa,0,0,28,488235,4093468,34.3
088009,Ragusa,0,0,29,488649,4093312,34.3
088009,Ragusa,0,0,30,488670,4092938,34.3
088009,Ragusa,0,0,31,487580,4091988,34.3
088009,Ragusa,0,0,32,487188,4092173,34.3
088009,Ragusa,0,0,33,486377,4092199,34.3
088009,Ragusa,0,0,34,485495,4091897,34.3
088009,Ragusa,0,0,35,485706,4091109,34.3
088009,Ragusa,0,0,36,485800,4089258,34.3
088009,Ragusa,0,0,37,485691,4089223,34.3
088009,Ragusa,0,0,38,485414,4089146,34.3
088009,Ragusa,0,0,39,484784,4089405,34.3
088009,Ragusa,0,0,40,484673,4090427,34.3
088009,Ragusa,0,0,41,483157,4091168,34.3
088009,Ragusa,0,0,42,482935,4091122,34.3
088009,Ragusa,0,0,43,482328,4090274,34.3
088009,Ragusa,0,0,44,482083,4089033,34.3
088009,Ragusa,0,0,45,481518,4088166,34.3
088009,Ragusa,0,0,46,483168,4087836,34.3
088009,Ragusa,0,0,47,484297,4087229,34.3
088009,Ragusa,0,0,48,484116,4086114,34.3
088009,Ragusa,0,0,49,483719,4085555,34.3
088009,Ragusa,0,0,50,482954,4085213,34.3
088009,Ragusa,0,0,51,481682,4085630,34.3
088009,Ragusa,0,0,52,481351,4085507,34.3
088009,Ragusa,0,0,53,481032,4084686,34.3
088009,Ragusa,0,0,54,480479,4084901,34.3
088009,Ragusa,0,0,55,480270,4084825,34.3
088009,Ragusa,0,0,56,479807,4084301,34.3
088009,Ragusa,0,0,57,479925,4084063,34.3
088009,Ragusa,0,0,58,479785,4083734,34.3
088009,Ragusa,0,0,59,479084,4083119,34.3
088009,Ragusa,0,0,60,477910,4082455,34.3
088009,Ragusa,0,0,61,477790,4082019,34.3
088009,Ragusa,0,0,62,477237,4081651,34.3
088009,Ragusa,0,0,63,475052,4078358,34.3
088009,Ragusa,0,0,64,474490,4078260,34.3
088009,Ragusa,0,0,65,474534,4077029,34.3
088009,Ragusa,0,0,66,474006,4077106,34.3
088009,Ragusa,0,0,67,472089,4076728,34.3
088009,Ragusa,0,0,68,470661,4076661,34.3
088009,Ragusa,0,0,69,470766,4076178,34.3
088009,Ragusa,0,0,70,469547,4075665,34.3
088009,Ragusa,0,0,71,467923,4074120,34.3
088009,Ragusa,0,0,72,466695,4073393,34.3
088009,Ragusa,0,0,73,465901,4073382,34.3
088009,Ragusa,0,0,74,465801,4072706,34.3
088009,Ragusa,0,0,75,465132,4072047,34.3
088009,Ragusa,0,0,76,464132,4071398,34.3
088009,Ragusa,0,0,77,463926,4070468,34.3
088009,Ragusa,0,0,78,464109,4070372,34.3
088009,Ragusa,0,0,79,463877,4069684,34.3
088009,Ragusa,0,0,80,463261,4070213,34.3
088009,Ragusa,0,0,81,462224,4070279,34.3
088009,Ragusa,0,0,82,460394,4070826,34.3
088009,Ragusa,0,0,83,459694,4070836,34.3
088009,Ragusa,0,0,84,459342,4070609,34.3
088009,Ragusa,0,0,85,458342,4070607,34.3
088009,Ragusa,0,0,86,457786,4070954,34.3
088009,Ragusa,0,0,87,457797,4071507,34.3
088009,Ragusa,0,0,88,458814,4073075,34.3
088009,Ragusa,0,0,89,459937,4074456,34.3
088009,Ragusa,0,0,90,461147,4076341,34.3
088009,Ragusa,0,0,91,462397,4077500,34.3
088009,Ragusa,0,0,92,461496,4077498,34.3
088009,Ragusa,0,0,93,461070,4077737,34.3
088009,Ragusa,0,0,94,460965,4078368,34.3
088009,Ragusa,0,0,95,460315,4079481,34.3
088009,Ragusa,0,0,96,458924,4079006,34.3
088009,Ragusa,0,0,97,458065,4078207,34.3
088009,Ragusa,0,0,98,455672,4076872,34.3
088009,Ragusa,0,0,99,454949,4076066,34.3
088009,Ragusa,0,0,100,451840,4074451,34.3
088009,Ragusa,0,0,101,451627,4074981,34.3
088009,Ragusa,0,0,102,451824,4075569,34.3
088009,Ragusa,0,0,103,451529,4077233,34.3
088009,Ragusa,0,0,104,451212,4077681,34.3
088009,Ragusa,0,0,105,450483,4080536,34.3
088009,Ragusa,0,0,106,449996,4081241,34.3
088009,Ragusa,0,0,107,451301,4081076,34.3
088009,Ragusa,0,0,108,453097,4081937,34.3
088009,Ragusa,0,0,109,453866,4082126,34.3
088009,Ragusa,0,0,110,455842,4082166,34.3
088009,Ragusa,0,0,111,456055,4082434,34.3
088009,Ragusa,0,0,112,454665,4083580,34.3
088009,Ragusa,0,0,113,454988,4084010,34.3
088009,Ragusa,0,0,114,455890,4083719,34.3
088009,Ragusa,0,0,115,456738,4082796,34.3
088009,Ragusa,0,0,116,457756,4083489,34.3
088009,Ragusa,0,0,117,458871,4084801,34.3
088009,Ragusa,0,0,118,459850,4084346,34.3
088009,Ragusa,0,0,119,459989,4085152,34.3
088009,Ragusa,0,0,120,461063,4086386,34.3
088009,Ragusa,0,0,121,461461,4086628,34.3
088009,Ragusa,0,0,122,462115,4086127,34.3
088009,Ragusa,0,0,123,462215,4085506,34.3
088009,Ragusa,0,0,124,464562,4085771,34.3
088009,Ragusa,0,0,125,465473,4087156,34.3
088009,Ragusa,0,0,126,466704,4088012,34.3
088009,Ragusa,0,0,127,467845,4088440,34.3
088009,Ragusa,0,0,128,468170,4088398,34.3
088009,Ragusa,0,0,129,468616,4088809,34.3
088009,Ragusa,0,0,130,468553,4089194,34.3
088009,Ragusa,0,0,131,467988,4089279,34.3
088009,Ragusa,0,0,132,468052,4089643,34.3
088009,Ragusa,0,0,133,468707,4090615,34.3
088009,Ragusa,0,0,134,467260,4092546,34.3
088009,Ragusa,0,0,135,468548,4093808,34.3
088009,Ragusa,0,0,136,468929,4093952,34.3
088009,Ragusa,0,0,137,469178,4093644,34.3
088009,Ragusa,0,0,138,469583,4093520,34.3
088009,Ragusa,0,0,139,470772,4094175,34.3
088009,Ragusa,0,0,140,472499,4094671,34.3
088009,Ragusa,0,0,141,473145,4094007,34.3
088009,Ragusa,0,0,142,473625,4094506,34.3
088009,Ragusa,0,0,143,474567,4096460,34.3
088009,Ragusa,0,0,144,475143,4097187,34.3
088009,Ragusa,0,0,145,475807,4097675,34.3
088009,Ragusa,0,0,146,476123,4097303,34.3
088009,Ragusa,0,0,147,476585,4097222,34.3
088009,Ragusa,0,0,148,477092,4097371,34.3
088009,Ragusa,0,0,149,478207,4099664,34.3
088009,Ragusa,0,0,150,479303,4098559,34.3
088010,Santa Croce Camerina,0,0,0,460172,4079514,29.0
088010,Santa Croce Camerina,0,0,1,460691,4078989,29.0
088010,Santa Croce Camerina,0,0,2,461070,4077737,29.0
088010,Santa Croce Camerina,0,0,3,461496,4077498,29.0
088010,Santa Croce Camerina,0,0,4,462397,4077500,29.0
088010,Santa Croce Camerina,0,0,5,461147,4076341,29.0
088010,Santa Croce Camerina,0,0,6,459937,4074456,29.0
088010,Santa Croce Camerina,0,0,7,458814,4073075,29.0
088010,Santa Croce Camerina,0,0,8,457797,4071507,29.0
088010,Santa Croce Camerina,0,0,9,457786,4070954,29.0
088010,Santa Croce Camerina,0,0,10,456652,4071449,29.0
088010,Santa Croce Camerina,0,0,11,454759,4071317,29.0
088010,Santa Croce Camerina,0,0,12,453573,4073142,29.0
088010,Santa Croce Camerina,0,0,13,452165,4074680,29.0
088010,Santa Croce Camerina,0,0,14,454949,4076066,29.0
088010,Santa Croce Camerina,0,0,15,455672,4076872,29.0
088010,Santa Croce Camerina,0,0,16,458065,4078207,29.0
088010,Santa Croce Camerina,0,0,17,458924,4079006,29.0
088010,Santa Croce Camerina,0,0,18,460172,4079514,29.0
088011,Scicli,0,0,0,474611,4076907,27.3
088011,Scicli,0,0,1,474769,4076354,27.3
088011,Scicli,0,0,2,475467,4075741,27.3
088011,Scicli,0,0,3,475623,4075319,27.3
088011,Scicli,0,0,4,475220,4074653,27.3
088011,Scicli,0,0,5,475294,4074356,27.3
088011,Scicli,0,0,6,476783,4074636,27.3
088011,Scicli,0,0,7,478163,4073455,27.3
088011,Scicli,0,0,8,479667,4071586,27.3
088011,Scicli,0,0,9,479577,4068423,27.3
088011,Scicli,0,0,10,479179,4067042,27.3
088011,Scicli,0,0,11,479627,4065767,27.3
088011,Scicli,0,0,12,479228,4064115,27.3
088011,Scicli,0,0,13,479003,4063863,27.3
088011,Scicli,0,0,14,478923,4062753,27.3
088011,Scicli,0,0,15,478361,4062772,27.3
088011,Scicli,0,0,16,478050,4063461,27.3
088011,Scicli,0,0,17,477173,4063891,27.3
088011,Scicli,0,0,18,475638,4063997,27.3
088011,Scicli,0,0,19,473908,4063606,27.3
088011,Scicli,0,0,20,473181,4063624,27.3
088011,Scicli,0,0,21,472429,4063945,27.3
088011,Scicli,0,0,22,471909,4064422,27.3
088011,Scicli,0,0,23,471791,4064784,27.3
088011,Scicli,0,0,24,470681,4066268,27.3
088011,Scicli,0,0,25,469526,4067005,27.3
088011,Scicli,0,0,26,468746,4067282,27.3
088011,Scicli,0,0,27,467790,4068427,27.3
088011,Scicli,0,0,28,466817,4068880,27.3
088011,Scicli,0,0,29,464928,4069235,27.3
088011,Scicli,0,0,30,463877,4069684,27.3
088011,Scicli,0,0,31,464109,4070372,27.3
088011,Scicli,0,0,32,463926,4070468,27.3
088011,Scicli,0,0,33,464132,4071398,27.3
088011,Scicli,0,0,34,465132,4072047,27.3
088011,Scicli,0,0,35,465801,4072706,27.3
088011,Scicli,0,0,36,465901,4073382,27.3
088011,Scicli,0,0,37,466695,4073393,27.3
088011,Scicli,0,0,38,467923,4074120,27.3
088011,Scicli,0,0,39,469547,4075665,27.3
088011,Scicli,0,0,40,470766,4076178,27.3
088011,Scicli,0,0,41,470661,4076661,27.3
088011,Scicli,0,0,42,472089,4076728,27.3
088011,Scicli,0,0,43,474202,4077122,27.3
088011,Scicli,0,0,44,474611,4076907,27.3
088012,Vittoria,0,0,0,459342,4100834,25.1
088012,Vittoria,0,0,1,459478,4100126,25.1
088012,Vittoria,0,0,2,460116,4099957,25.1
088012,Vittoria,0,0,3,460522,4099028,25.1
088012,Vittoria,0,0,4,461092,4098747,25.1
088012,Vittoria,0,0,5,462347,4095697,25.1
088012,Vittoria,0,0,6,463515,4093984,25.1
088012,Vittoria,0,0,7,463851,4091818,25.1
088012,Vittoria,0,0,8,464157,4091241,25.1
088012,Vittoria,0,0,9,463649,4090695,25.1
088012,Vittoria,0,0,10,462290,4089795,25.1
088012,Vittoria,0,0,11,460709,4089434,25.1
088012,Vittoria,0,0,12,459814,4089388,25.1
088012,Vittoria,0,0,13,458315,4088121,25.1
088012,Vittoria,0,0,14,458222,4086818,25.1
088012,Vittoria,0,0,15,458354,4086571,25.1
088012,Vittoria,0,0,16,459129,4086135,25.1
088012,Vittoria,0,0,17,459519,4086150,25.1
088012,Vittoria,0,0,18,459147,4085101,25.1
088012,Vittoria,0,0,19,457464,4083228,25.1
088012,Vittoria,0,0,20,456738,4082796,25.1
088012,Vittoria,0,0,21,455890,4083719,25.1
088012,Vittoria,0,0,22,454988,4084010,25.1
088012,Vittoria,0,0,23,454665,4083580,25.1
088012,Vittoria,0,0,24,456055,4082434,25.1
088012,Vittoria,0,0,25,455842,4082166,25.1
088012,Vittoria,0,0,26,453866,4082126,25.1
088012,Vittoria,0,0,27,453097,4081937,25.1
088012,Vittoria,0,0,28,451301,4081076,25.1
088012,Vittoria,0,0,29,449996,4081241,25.1
088012,Vittoria,0,0,30,449730,4082253,25.1
088012,Vittoria,0,0,31,448769,4083115,25.1
088012,Vittoria,0,0,32,448822,4083440,25.1
088012,Vittoria,0,0,33,448499,4084368,25.1
088012,Vittoria,0,0,34,446899,4086883,25.1
088012,Vittoria,0,0,35,445497,4089510,25.1
088012,Vittoria,0,0,36,446390,4090084,25.1
088012,Vittoria,0,0,37,447292,4091947,25.1
088012,Vittoria,0,0,38,450171,4092785,25.1
088012,Vittoria,0,0,39,450218,4093418,25.1
088012,Vittoria,0,0,40,451347,4093474,25.1
088012,Vittoria,0,0,41,453276,4091870,25.1
088012,Vittoria,0,0,42,454327,4092509,25.1
088012,Vittoria,0,0,43,454653,4093135,25.1
088012,Vittoria,0,0,44,455494,4094100,25.1
088012,Vittoria,0,0,45,455776,4095256,25.1
088012,Vittoria,0,0,46,455548,4097028,25.1
088012,Vittoria,0,0,47,455506,4098874,25.1
088012,Vittoria,0,0,48,455660,4099418,25.1
088012,Vittoria,0,0,49,455820,4099026,25.1
088012,Vittoria,0,0,50,456259,4099043,25.1
088012,Vittoria,0,0,51,456749,4099783,25.1
088012,Vittoria,0,0,52,458372,4100294,25.1
088012,Vittoria,0,0,53,458804,4100849,25.1
088012,Vittoria,0,0,54,459342,4100834,25.1
089001,Augusta,0,0,0,515570,4118600,21.4
089001,Augusta,0,0,1,516229,4118277,21.4
089001,Augusta,0,0,2,516413,4116573,21.4
089001,Augusta,0,0,3,516903,4115698,21.4
089001,Augusta,0,0,4,515148,4115493,21.4
089001,Augusta,0,0,5,513505,4115513,21.4
089001,Augusta,0,0,6,512682,4115388,21.4
089001,Augusta,0,0,7,512121,4115116,21.4
089001,Augusta,0,0,8,511245,4115836,21.4
089001,Augusta,0,0,9,511320,4116287,21.4
089001,Augusta,0,0,10,510961,4116570,21.4
089001,Augusta,0,0,11,511153,4117072,21.4
089001,Augusta,0,0,12,513568,4118030,21.4
089001,Augusta,0,0,13,514546,4118116,21.4
089001,Augusta,0,0,14,515276,4118366,21.4
089001,Augusta,0,0,15,515570,4118600,21.4
089001,Augusta,1,0,0,518136,4121133,21.4
089001,Augusta,1,0,1,518239,4121037,21.4
089001,Augusta,1,0,2,518036,4121019,21.4
089001,Augusta,1,0,3,518136,4121133,21.4
089001,Augusta,2,0,0,508822,4122246,21.4
089001,Augusta,2,0,1,508949,4121949,21.4
089001,Augusta,2,0,2,508480,4122121,21.4
089001,Augusta,2,0,3,508473,4122434,21.4
089001,Augusta,2,0,4,508822,4122246,21.4
089001,Augusta,3,0,0,511442,4125679,21.4
089001,Augusta,3,0,1,511730,4124834,21.4
089001,Augusta,3,0,2,511586,4124506,21.4
089001,Augusta,3,0,3,510898,4124574,21.4
089001,Augusta,3,0,4,510737,4124956,21.4
089001,Augusta,3,0,5,510822,4125512,21.4
089001,Augusta,3,0,6,511442,4125679,21.4
089001,Augusta,4,0,0,509328,4129287,21.4
089001,Augusta,4,0,1,511939,4129219,21.4
089001,Augusta,4,0,2,514327,4126977,21.4
089001,Augusta,4,0,3,514617,4126953,21.4
089001,Augusta,4,0,4,514792,4127230,21.4
089001,Augusta,4,0,5,515212,4127412,21.4
089001,Augusta,4,0,6,516316,4126848,21.4
089001,Augusta,4,0,7,516766,4126148,21.4
089001,Augusta,4,0,8,517267,4126235,21.4
089001,Augusta,4,0,9,517501,4127300,21.4
089001,Augusta,4,0,10,518139,4127506,21.4
089001,Augusta,4,0,11,518489,4127228,21.4
089001,Augusta,4,0,12,519201,4125775,21.4
089001,Augusta,4,0,13,519939,4124869,21.4
089001,Augusta,4,0,14,521364,4123791,21.4
089001,Augusta,4,0,15,521738,4122429,21.4
089001,Augusta,4,0,16,522670,4121683,21.4
089001,Augusta,4,0,17,522574,4121060,21.4
089001,Augusta,4,0,18,521924,4120641,21.4
089001,Augusta,4,0,19,521229,4121084,21.4
089001,Augusta,4,0,20,520904,4121626,21.4
089001,Augusta,4,0,21,520502,4121846,21.4
089001,Augusta,4,0,22,520210,4121785,21.4
089001,Augusta,4,0,23,519851,4121397,21.4
089001,Augusta,4,0,24,519994,4118881,21.4
089001,Augusta,4,0,25,520725,4116925,21.4
089001,Augusta,4,0,26,519993,4118708,21.4
089001,Augusta,4,0,27,519427,4119255,21.4
089001,Augusta,4,0,28,519211,4119761,21.4
089001,Augusta,4,0,29,519335,4121057,21.4
089001,Augusta,4,0,30,519153,4121939,21.4
089001,Augusta,4,0,31,518873,4122246,21.4
089001,Augusta,4,0,32,518260,4122048,21.4
089001,Augusta,4,0,33,517515,4121006,21.4
089001,Augusta,4,0,34,516494,4121117,21.4
089001,Augusta,4,0,35,517246,4120256,21.4
089001,Augusta,4,0,36,517293,4119981,21.4
089001,Augusta,4,0,37,517120,4119357,21.4
089001,Augusta,4,0,38,516255,4118826,21.4
089001,Augusta,4,0,39,515708,4118954,21.4
089001,Augusta,4,0,40,515406,4119283,21.4
089001,Augusta,4,0,41,514078,4119324,21.4
089001,Augusta,4,0,42,512714,4119867,21.4
089001,Augusta,4,0,43,511440,4119954,21.4
089001,Augusta,4,0,44,510723,4121116,21.4
089001,Augusta,4,0,45,510485,4121158,21.4
089001,Augusta,4,0,46,510383,4121689,21.4
089001,Augusta,4,0,47,510592,4122599,21.4
089001,Augusta,4,0,48,511300,4123088,21.4
089001,Augusta,4,0,49,512650,4122972,21.4
089001,Augusta,4,0,50,513634,4123075,21.4
089001,Augusta,4,0,51,512951,4123295,21.4
089001,Augusta,4,0,52,513195,4126086,21.4
089001,Augusta,4,0,53,512439,4126742,21.4
089001,Augusta,4,0,54,511530,4126832,21.4
089001,Augusta,4,0,55,510957,4126390,21.4
089001,Augusta,4,0,56,509838,4126006,21.4
089001,Augusta,4,0,57,508229,4124783,21.4
089001,Augusta,4,0,58,507005,4125565,21.4
089001,Augusta,4,0,59,502892,4124643,21.4
089001,Augusta,4,0,60,504225,4125981,21.4
089001,Augusta,4,0,61,505149,4127376,21.4
089001,Augusta,4,0,62,505953,4130134,21.4
089001,Augusta,4,0,63,507389,4132791,21.4
089001,Augusta,4,0,64,508244,4133114,21.4
089001,Augusta,4,0,65,508673,4130504,21.4
089001,Augusta,4,0,66,509328,4129287,21.4
089001,Augusta,4,1,0,513674,4123842,21.4
089001,Augusta,4,1,1,513359,4123778,21.4
089001,Augusta,4,1,2,513194,4123482,21.4
089001,Augusta,4,1,3,513552,4123527,21.4
089001,Augusta,4,1,4,513674,4123842,21.4
089002,Avola,0,0,0,508271,4091891,19.5
089002,Avola,0,0,1,511505,4090874,19.5
089002,Avola,0,0,2,512530,4090870,19.5
089002,Avola,0,0,3,515498,4090045,19.5
089002,Avola,0,0,4,516958,4089094,19.5
089002,Avola,0,0,5,516000,4088085,19.5
089002,Avola,0,0,6,515384,4086510,19.5
089002,Avola,0,0,7,514547,4086040,19.5
089002,Avola,0,0,8,514171,4085988,19.5
089002,Avola,0,0,9,513753,4085534,19.5
089002,Avola,0,0,10,512802,4083322,19.5
089002,Avola,0,0,11,512177,4081225,19.5
089002,Avola,0,0,12,511765,4081027,19.5
089002,Avola,0,0,13,507035,4082415,19.5
089002,Avola,0,0,14,506200,4084980,19.5
089002,Avola,0,0,15,506143,4086547,19.5
089002,Avola,0,0,16,506766,4087239,19.5
089002,Avola,0,0,17,506288,4087877,19.5
089002,Avola,0,0,18,506321,4088699,19.5
089002,Avola,0,0,19,506916,4090153,19.5
089002,Avola,0,0,20,507769,4091470,19.5
089002,Avola,0,0,21,508271,4091891,19.5
089003,Buccheri,0,0,0,491653,4119610,26.9
089003,Buccheri,0,0,1,491191,4116963,26.9
089003,Buccheri,0,0,2,491379,4113653,26.9
089003,Buccheri,0,0,3,492278,4113731,26.9
089003,Buccheri,0,0,4,492126,4113100,26.9
089003,Buccheri,0,0,5,492761,4111449,26.9
089003,Buccheri,0,0,6,492703,4110727,26.9
089003,Buccheri,0,0,7,491467,4109549,26.9
089003,Buccheri,0,0,8,490658,4109050,26.9
089003,Buccheri,0,0,9,489961,4108916,26.9
089003,Buccheri,0,0,10,489390,4109078,26.9
089003,Buccheri,0,0,11,486697,4107363,26.9
089003,Buccheri,0,0,12,486358,4106400,26.9
089003,Buccheri,0,0,13,485764,4106448,26.9
089003,Buccheri,0,0,14,485555,4106914,26.9
089003,Buccheri,0,0,15,484888,4107376,26.9
089003,Buccheri,0,0,16,483837,4107318,26.9
089003,Buccheri,0,0,17,483648,4107495,26.9
089003,Buccheri,0,0,18,482493,4107119,26.9
089003,Buccheri,0,0,19,481784,4107499,26.9
089003,Buccheri,0,0,20,481711,4107703,26.9
089003,Buccheri,0,0,21,481986,4108324,26.9
089003,Buccheri,0,0,22,482337,4108697,26.9
089003,Buccheri,0,0,23,481691,4109540,26.9
089003,Buccheri,0,0,24,482979,4108874,26.9
089003,Buccheri,0,0,25,484436,4109082,26.9
089003,Buccheri,0,0,26,485162,4108668,26.9
089003,Buccheri,0,0,27,485506,4108727,26.9
089003,Buccheri,0,0,28,486098,4109322,26.9
089003,Buccheri,0,0,29,486368,4110544,26.9
089003,Buccheri,0,0,30,486327,4111049,26.9
089003,Buccheri,0,0,31,485958,4111872,26.9
089003,Buccheri,0,0,32,485520,4112416,26.9
089003,Buccheri,0,0,33,485346,4112987,26.9
089003,Buccheri,0,0,34,485644,4113435,26.9
089003,Buccheri,0,0,35,487223,4114756,26.9
089003,Buccheri,0,0,36,488462,4115493,26.9
089003,Buccheri,0,0,37,488595,4117526,26.9
089003,Buccheri,0,0,38,488252,4117949,26.9
089003,Buccheri,0,0,39,488399,4118119,26.9
089003,Buccheri,0,0,40,489622,4118413,26.9
089003,Buccheri,0,0,41,491653,4119610,26.9
089004,Buscemi,0,0,0,489851,4108966,29.4
089004,Buscemi,0,0,1,490293,4108058,29.4
089004,Buscemi,0,0,2,491847,4107810,29.4
089004,Buscemi,0,0,3,492292,4107253,29.4
089004,Buscemi,0,0,4,492447,4106915,29.4
089004,Buscemi,0,0,5,491791,4106086,29.4
089004,Buscemi,0,0,6,491999,4105537,29.4
089004,Buscemi,0,0,7,492781,4105487,29.4
089004,Buscemi,0,0,8,493118,4104981,29.4
089004,Buscemi,0,0,9,493440,4104852,29.4
089004,Buscemi,0,0,10,494971,4105108,29.4
089004,Buscemi,0,0,11,495377,4104038,29.4
089004,Buscemi,0,0,12,495049,4103716,29.4
089004,Buscemi,0,0,13,494132,4103506,29.4
089004,Buscemi,0,0,14,492921,4103475,29.4
089004,Buscemi,0,0,15,491282,4102768,29.4
089004,Buscemi,0,0,16,489839,4102533,29.4
089004,Buscemi,0,0,17,488583,4102954,29.4
089004,Buscemi,0,0,18,487486,4103780,29.4
089004,Buscemi,0,0,19,487377,4102617,29.4
089004,Buscemi,0,0,20,486913,4101976,29.4
089004,Buscemi,0,0,21,486746,4101201,29.4
089004,Buscemi,0,0,22,486939,4100418,29.4
089004,Buscemi,0,0,23,486940,4098801,29.4
089004,Buscemi,0,0,24,485776,4099180,29.4
089004,Buscemi,0,0,25,485672,4099695,29.4
089004,Buscemi,0,0,26,485813,4100006,29.4
089004,Buscemi,0,0,27,485544,4101046,29.4
089004,Buscemi,0,0,28,485380,4101006,29.4
089004,Buscemi,0,0,29,485037,4100346,29.4
089004,Buscemi,0,0,30,483847,4100874,29.4
089004,Buscemi,0,0,31,483833,4101506,29.4
089004,Buscemi,0,0,32,484435,4102384,29.4
089004,Buscemi,0,0,33,484758,4102414,29.4
089004,Buscemi,0,0,34,485558,4101499,29.4
089004,Buscemi,0,0,35,486051,4101622,29.4
089004,Buscemi,0,0,36,485467,4102035,29.4
089004,Buscemi,0,0,37,485173,4102373,29.4
089004,Buscemi,0,0,38,485074,4102781,29.4
089004,Buscemi,0,0,39,483982,4103843,29.4
089004,Buscemi,0,0,40,484195,4104832,29.4
089004,Buscemi,0,0,41,484118,4105418,29.4
089004,Buscemi,0,0,42,483776,4106158,29.4
089004,Buscemi,0,0,43,483727,4107130,29.4
089004,Buscemi,0,0,44,483890,4107340,29.4
089004,Buscemi,0,0,45,484888,4107376,29.4
089004,Buscemi,0,0,46,485555,4106914,29.4
089004,Buscemi,0,0,47,485764,4106448,29.4
089004,Buscemi,0,0,48,486358,4106400,29.4
089004,Buscemi,0,0,49,486697,4107363,29.4
089004,Buscemi,0,0,50,489323,4109044,29.4
089004,Buscemi,0,0,51,489851,4108966,29.4
089005,Canicattini Bagni,0,0,0,507491,4101350,23.2
089005,Canicattini Bagni,0,0,1,508231,4100378,23.2
089005,Canicattini Bagni,0,0,2,509085,4099984,23.2
089005,Canicattini Bagni,0,0,3,509593,4098859,23.2
089005,Canicattini Bagni,0,0,4,509674,4098063,23.2
089005,Canicattini Bagni,0,0,5,510248,4097901,23.2
089005,Canicattini Bagni,0,0,6,509302,4097079,23.2
089005,Canicattini Bagni,0,0,7,508262,4096641,23.2
089005,Canicattini Bagni,0,0,8,507745,4096802,23.2
089005,Canicattini Bagni,0,0,9,505679,4098019,23.2
089005,Canicattini Bagni,0,0,10,503901,4098077,23.2
089005,Canicattini Bagni,0,0,11,503631,4098294,23.2
089005,Canicattini Bagni,0,0,12,503644,4099172,23.2
089005,Canicattini Bagni,0,0,13,503907,4099409,23.2
089005,Canicattini Bagni,0,0,14,505446,4099498,23.2
089005,Canicattini Bagni,0,0,15,506534,4099088,23.2
089005,Canicattini Bagni,0,0,16,506848,4099922,23.2
089005,Canicattini Bagni,0,0,17,506781,4100390,23.2
089005,Canicattini Bagni,0,0,18,506513,4100787,23.2
089005,Canicattini Bagni,0,0,19,506639,4101168,23.2
089005,Canicattini Bagni,0,0,20,506879,4101396,23.2
089005,Canicattini Bagni,0,0,21,507491,4101350,23.2
089006,Carlentini,0,0,0,506505,4134714,22.8
089006,Carlentini,0,0,1,508056,4134663,22.8
089006,Carlentini,0,0,2,508244,4133114,22.8
089006,Carlentini,0,0,3,507389,4132791,22.8
089006,Carlentini,0,0,4,506712,4131717,22.8
089006,Carlentini,0,0,5,505581,4129124,22.8
089006,Carlentini,0,0,6,505149,4127376,22.8
089006,Carlentini,0,0,7,504225,4125981,22.8
089006,Carlentini,0,0,8,502892,4124643,22.8
089006,Carlentini,0,0,9,502949,4123072,22.8
089006,Carlentini,0,0,10,502357,4122375,22.8
089006,Carlentini,0,0,11,502620,4121185,22.8
089006,Carlentini,0,0,12,503313,4120264,22.8
089006,Carlentini,0,0,13,504352,4119925,22.8
089006,Carlentini,0,0,14,504841,4119602,22.8
089006,Carlentini,0,0,15,504394,4119188,22.8
089006,Carlentini,0,0,16,503553,4119050,22.8
089006,Carlentini,0,0,17,501505,4117562,22.8
089006,Carlentini,0,0,18,501536,4116600,22.8
089006,Carlentini,0,0,19,500197,4114419,22.8
089006,Carlentini,0,0,20,499753,4113873,22.8
089006,Carlentini,0,0,21,497813,4112415,22.8
089006,Carlentini,0,0,22,496564,4111768,22.8
089006,Carlentini,0,0,23,496012,4112006,22.8
089006,Carlentini,0,0,24,496396,4113445,22.8
089006,Carlentini,0,0,25,496268,4113842,22.8
089006,Carlentini,0,0,26,495420,4113102,22.8
089006,Carlentini,0,0,27,493878,4112303,22.8
089006,Carlentini,0,0,28,493040,4112172,22.8
089006,Carlentini,0,0,29,492607,4112402,22.8
089006,Carlentini,0,0,30,492126,4113100,22.8
089006,Carlentini,0,0,31,492278,4113731,22.8
089006,Carlentini,0,0,32,492643,4114322,22.8
089006,Carlentini,0,0,33,492732,4115642,22.8
089006,Carlentini,0,0,34,493339,4116488,22.8
089006,Carlentini,0,0,35,493676,4117833,22.8
089006,Carlentini,0,0,36,494142,4118568,22.8
089006,Carlentini,0,0,37,494185,4118960,22.8
089006,Carlentini,0,0,38,494186,4119961,22.8
089006,Carlentini,0,0,39,493476,4122210,22.8
089006,Carlentini,0,0,40,493526,4122612,22.8
089006,Carlentini,0,0,41,494176,4123428,22.8
089006,Carlentini,0,0,42,494986,4123507,22.8
089006,Carlentini,0,0,43,495330,4123921,22.8
089006,Carlentini,0,0,44,495776,4125315,22.8
089006,Carlentini,0,0,45,497189,4126101,22.8
089006,Carlentini,0,0,46,497718,4126006,22.8
089006,Carlentini,0,0,47,498347,4125301,22.8
089006,Carlentini,0,0,48,498896,4125605,22.8
089006,Carlentini,0,0,49,499505,4125528,22.8
089006,Carlentini,0,0,50,499742,4125347,22.8
089006,Carlentini,0,0,51,500581,4125526,22.8
089006,Carlentini,0,0,52,500661,4126393,22.8
089006,Carlentini,0,0,53,500111,4127235,22.8
089006,Carlentini,0,0,54,500252,4129052,22.8
089006,Carlentini,0,0,55,501323,4130370,22.8
089006,Carlentini,0,0,56,501386,4130637,22.8
089006,Carlentini,0,0,57,501310,4131469,22.8
089006,Carlentini,0,0,58,500785,4131865,22.8
089006,Carlentini,0,0,59,500746,4132359,22.8
089006,Carlentini,0,0,60,501154,4133283,22.8
089006,Carlentini,0,0,61,502922,4135302,22.8
089006,Carlentini,0,0,62,502962,4135042,22.8
089006,Carlentini,0,0,63,504267,4135162,22.8
089006,Carlentini,0,0,64,506505,4134714,22.8
089007,Cassaro,0,0,0,498900,4107927,22.1
089007,Cassaro,0,0,1,499046,4107075,22.1
089007,Cassaro,0,0,2,499991,4105457,22.1
089007,Cassaro,0,0,3,499196,4104780,22.1
089007,Cassaro,0,0,4,497642,4104873,22.1
089007,Cassaro,0,0,5,495346,4104256,22.1
089007,Cassaro,0,0,6,494971,4105108,22.1
089007,Cassaro,0,0,7,493911,4104855,22.1
089007,Cassaro,0,0,8,493250,4104894,22.1
089007,Cassaro,0,0,9,492781,4105487,22.1
089007,Cassaro,0,0,10,492027,4105519,22.1
089007,Cassaro,0,0,11,491808,4105825,22.1
089007,Cassaro,0,0,12,491834,4106202,22.1
089007,Cassaro,0,0,13,492269,4106814,22.1
089007,Cassaro,0,0,14,493367,4107248,22.1
089007,Cassaro,0,0,15,495006,4107128,22.1
089007,Cassaro,0,0,16,496510,4107650,22.1
089007,Cassaro,0,0,17,496918,4107650,22.1
089007,Cassaro,0,0,18,497619,4108012,22.1
089007,Cassaro,0,0,19,498571,4108181,22.1
089007,Cassaro,0,0,20,498900,4107927,22.1
089008,Ferla,0,0,0,496396,4113445,21.7
089008,Ferla,0,0,1,495909,4111566,21.7
089008,Ferla,0,0,2,495915,4110354,21.7
089008,Ferla,0,0,3,497088,4107996,21.7
089008,Ferla,0,0,4,496918,4107650,21.7
089008,Ferla,0,0,5,496510,4107650,21.7
089008,Ferla,0,0,6,495006,4107128,21.7
089008,Ferla,0,0,7,493667,4107281,21.7
089008,Ferla,0,0,8,492493,4106911,21.7
089008,Ferla,0,0,9,491847,4107810,21.7
089008,Ferla,0,0,10,490235,4108119,21.7
089008,Ferla,0,0,11,489961,4108916,21.7
089008,Ferla,0,0,12,490658,4109050,21.7
089008,Ferla,0,0,13,491222,4109380,21.7
089008,Ferla,0,0,14,492743,4110814,21.7
089008,Ferla,0,0,15,492761,4111449,21.7
089008,Ferla,0,0,16,492126,4113100,21.7
089008,Ferla,0,0,17,492607,4112402,21.7
089008,Ferla,0,0,18,493040,4112172,21.7
089008,Ferla,0,0,19,493878,4112303,21.7
089008,Ferla,0,0,20,495420,4113102,21.7
089008,Ferla,0,0,21,496268,4113842,21.7
089008,Ferla,0,0,22,496396,4113445,21.7
089009,Floridia,0,0,0,513109,4105751,23.4
089009,Floridia,0,0,1,514855,4104408,23.4
089009,Floridia,0,0,2,515310,4103818,23.4
089009,Floridia,0,0,3,515347,4103223,23.4
089009,Floridia,0,0,4,514926,4102294,23.4
089009,Floridia,0,0,5,513677,4101967,23.4
089009,Floridia,0,0,6,511502,4102170,23.4
089009,Floridia,0,0,7,509840,4102671,23.4
089009,Floridia,0,0,8,507501,4102737,23.4
089009,Floridia,0,0,9,507259,4103307,23.4
089009,Floridia,0,0,10,504648,4103651,23.4
089009,Floridia,0,0,11,503573,4104687,23.4
089009,Floridia,0,0,12,503723,4105086,23.4
089009,Floridia,0,0,13,504170,4105507,23.4
089009,Floridia,0,0,14,504868,4105542,23.4
089009,Floridia,0,0,15,505439,4105479,23.4
089009,Floridia,0,0,16,507781,4104268,23.4
089009,Floridia,0,0,17,508274,4104227,23.4
089009,Floridia,0,0,18,508212,4104825,23.4
089009,Floridia,0,0,19,508983,4105379,23.4
089009,Floridia,0,0,20,511912,4104823,23.4
089009,Floridia,0,0,21,512657,4105579,23.4
089009,Floridia,0,0,22,513109,4105751,23.4
089010,Francofonte,0,0,0,495776,4125315,13.0
089010,Francofonte,0,0,1,495330,4123921,13.0
089010,Francofonte,0,0,2,494986,4123507,13.0
089010,Francofonte,0,0,3,494176,4123428,13.0
089010,Francofonte,0,0,4,493526,4122612,13.0
089010,Francofonte,0,0,5,493476,4122210,13.0
089010,Francofonte,0,0,6,494186,4119961,13.0
089010,Francofonte,0,0,7,494142,4118568,13.0
089010,Francofonte,0,0,8,493676,4117833,13.0
089010,Francofonte,0,0,9,493339,4116488,13.0
089010,Francofonte,0,0,10,492757,4115716,13.0
089010,Francofonte,0,0,11,492643,4114322,13.0
089010,Francofonte,0,0,12,492278,4113731,13.0
089010,Francofonte,0,0,13,491402,4113610,13.0
089010,Francofonte,0,0,14,491249,4114800,13.0
089010,Francofonte,0,0,15,491191,4116963,13.0
089010,Francofonte,0,0,16,491653,4119610,13.0
089010,Francofonte,0,0,17,489622,4118413,13.0
089010,Francofonte,0,0,18,488777,4118286,13.0
089010,Francofonte,0,0,19,488252,4117949,13.0
089010,Francofonte,0,0,20,487887,4118046,13.0
089010,Francofonte,0,0,21,486586,4117158,13.0
089010,Francofonte,0,0,22,484680,4116621,13.0
089010,Francofonte,0,0,23,484443,4116722,13.0
089010,Francofonte,0,0,24,484096,4117872,13.0
089010,Francofonte,0,0,25,482568,4118624,13.0
089010,Francofonte,0,0,26,481748,4118689,13.0
089010,Francofonte,0,0,27,480745,4118188,13.0
089010,Francofonte,0,0,28,479893,4119613,13.0
089010,Francofonte,0,0,29,479994,4120264,13.0
089010,Francofonte,0,0,30,480583,4120383,13.0
089010,Francofonte,0,0,31,480838,4121072,13.0
089010,Francofonte,0,0,32,481430,4121816,13.0
089010,Francofonte,0,0,33,482864,4122864,13.0
089010,Francofonte,0,0,34,483729,4122392,13.0
089010,Francofonte,0,0,35,486165,4122932,13.0
089010,Francofonte,0,0,36,488048,4123140,13.0
089010,Francofonte,0,0,37,488413,4122730,13.0
089010,Francofonte,0,0,38,488830,4122637,13.0
089010,Francofonte,0,0,39,491162,4123222,13.0
089010,Francofonte,0,0,40,491599,4123506,13.0
089010,Francofonte,0,0,41,492576,4124621,13.0
089010,Francofonte,0,0,42,493157,4124933,13.0
089010,Francofonte,0,0,43,493336,4124497,13.0
089010,Francofonte,0,0,44,493196,4124181,13.0
089010,Francofonte,0,0,45,492706,4123748,13.0
089010,Francofonte,0,0,46,492372,4123898,13.0
089010,Francofonte,0,0,47,492179,4123802,13.0
089010,Francofonte,0,0,48,492270,4123100,13.0
089010,Francofonte,0,0,49,492452,4123112,13.0
089010,Francofonte,0,0,50,494580,4123895,13.0
089010,Francofonte,0,0,51,494981,4125000,13.0
089010,Francofonte,0,0,52,495776,4125315,13.0
089011,Lentini,0,0,0,492268,4140585,17.0
089011,Lentini,0,0,1,494321,4140177,17.0
089011,Lentini,0,0,2,494403,4139965,17.0
089011,Lentini,0,0,3,494814,4139832,17.0
089011,Lentini,0,0,4,495856,4138477,17.0
089011,Lentini,0,0,5,496189,4137688,17.0
089011,Lentini,0,0,6,498669,4136323,17.0
089011,Lentini,0,0,7,501297,4135836,17.0
089011,Lentini,0,0,8,502005,4136175,17.0
089011,Lentini,0,0,9,502302,4136858,17.0
089011,Lentini,0,0,10,502883,4136063,17.0
089011,Lentini,0,0,11,502922,4135302,17.0
089011,Lentini,0,0,12,501154,4133283,17.0
089011,Lentini,0,0,13,500746,4132359,17.0
089011,Lentini,0,0,14,500785,4131865,17.0
089011,Lentini,0,0,15,501310,4131469,17.0
089011,Lentini,0,0,16,501386,4130637,17.0
089011,Lentini,0,0,17,501323,4130370,17.0
089011,Lentini,0,0,18,500252,4129052,17.0
089011,Lentini,0,0,19,500111,4127235,17.0
089011,Lentini,0,0,20,500661,4126393,17.0
089011,Lentini,0,0,21,500581,4125526,17.0
089011,Lentini,0,0,22,499742,4125347,17.0
089011,Lentini,0,0,23,499505,4125528,17.0
089011,Lentini,0,0,24,498896,4125605,17.0
089011,Lentini,0,0,25,498347,4125301,17.0
089011,Lentini,0,0,26,497718,4126006,17.0
089011,Lentini,0,0,27,497189,4126101,17.0
089011,Lentini,0,0,28,496184,4125506,17.0
089011,Lentini,0,0,29,495135,4125134,17.0
089011,Lentini,0,0,30,494580,4123895,17.0
089011,Lentini,0,0,31,492452,4123112,17.0
089011,Lentini,0,0,32,492270,4123100,17.0
089011,Lentini,0,0,33,492179,4123802,17.0
089011,Lentini,0,0,34,492372,4123898,17.0
089011,Lentini,0,0,35,492706,4123748,17.0
089011,Lentini,0,0,36,493196,4124181,17.0
089011,Lentini,0,0,37,493336,4124497,17.0
089011,Lentini,0,0,38,493157,4124933,17.0
089011,Lentini,0,0,39,492576,4124621,17.0
089011,Lentini,0,0,40,491599,4123506,17.0
089011,Lentini,0,0,41,490321,4122963,17.0
089011,Lentini,0,0,42,488830,4122637,17.0
089011,Lentini,0,0,43,488413,4122730,17.0
089011,Lentini,0,0,44,488048,4123140,17.0
089011,Lentini,0,0,45,486165,4122932,17.0
089011,Lentini,0,0,46,484468,4122459,17.0
089011,Lentini,0,0,47,483729,4122392,17.0
089011,Lentini,0,0,48,483232,4122592,17.0
089011,Lentini,0,0,49,483017,4122822,17.0
089011,Lentini,0,0,50,483065,4123142,17.0
089011,Lentini,0,0,51,483334,4123291,17.0
089011,Lentini,0,0,52,484401,4123495,17.0
089011,Lentini,0,0,53,485631,4123467,17.0
089011,Lentini,0,0,54,486403,4123667,17.0
089011,Lentini,0,0,55,487278,4125085,17.0
089011,Lentini,0,0,56,487425,4125612,17.0
089011,Lentini,0,0,57,487225,4125907,17.0
089011,Lentini,0,0,58,488798,4126211,17.0
089011,Lentini,0,0,59,489615,4126636,17.0
089011,Lentini,0,0,60,489337,4127688,17.0
089011,Lentini,0,0,61,490444,4129381,17.0
089011,Lentini,0,0,62,485967,4130911,17.0
089011,Lentini,0,0,63,484151,4129970,17.0
089011,Lentini,0,0,64,483989,4130166,17.0
089011,Lentini,0,0,65,483689,4130200,17.0
089011,Lentini,0,0,66,482637,4129927,17.0
089011,Lentini,0,0,67,481852,4130370,17.0
089011,Lentini,0,0,68,481445,4130915,17.0
089011,Lentini,0,0,69,480808,4131013,17.0
089011,Lentini,0,0,70,480458,4130893,17.0
089011,Lentini,0,0,71,480384,4131556,17.0
089011,Lentini,0,0,72,481413,4132558,17.0
089011,Lentini,0,0,73,483100,4133711,17.0
089011,Lentini,0,0,74,485693,4134579,17.0
089011,Lentini,0,0,75,485950,4134968,17.0
089011,Lentini,0,0,76,485741,4135943,17.0
089011,Lentini,0,0,77,486095,4136920,17.0
089011,Lentini,0,0,78,487118,4137429,17.0
089011,Lentini,0,0,79,488354,4137732,17.0
089011,Lentini,0,0,80,489457,4138317,17.0
089011,Lentini,0,0,81,490041,4139008,17.0
089011,Lentini,0,0,82,490045,4140113,17.0
089011,Lentini,0,0,83,490506,4140391,17.0
089011,Lentini,0,0,84,492268,4140585,17.0
089012,Melilli,0,0,0,519607,4109250,21.0
089012,Melilli,0,0,1,520444,4108441,21.0
089012,Melilli,0,0,2,520540,4108509,21.0
089012,Melilli,0,0,3,521062,4107765,21.0
089012,Melilli,0,0,4,520681,4106289,21.0
089012,Melilli,0,0,5,519796,4106035,21.0
089012,Melilli,0,0,6,519154,4105486,21.0
089012,Melilli,0,0,7,518308,4105563,21.0
089012,Melilli,0,0,8,517885,4105791,21.0
089012,Melilli,0,0,9,516872,4106829,21.0
089012,Melilli,0,0,10,518505,4107426,21.0
089012,Melilli,0,0,11,519922,4108193,21.0
089012,Melilli,0,0,12,519607,4109250,21.0
089012,Melilli,1,0,0,513674,4123842,21.0
089012,Melilli,1,0,1,513552,4123527,21.0
089012,Melilli,1,0,2,513194,4123482,21.0
089012,Melilli,1,0,3,513359,4123778,21.0
089012,Melilli,1,0,4,513674,4123842,21.0
089012,Melilli,2,0,0,512439,4126742,21.0
089012,Melilli,2,0,1,513195,4126086,21.0
089012,Melilli,2,0,2,512951,4123295,21.0
089012,Melilli,2,0,3,513634,4123075,21.0
089012,Melilli,2,0,4,512650,4122972,21.0
089012,Melilli,2,0,5,511300,4123088,21.0
089012,Melilli,2,0,6,510535,4122505,21.0
089012,Melilli,2,0,7,510383,4121689,21.0
089012,Melilli,2,0,8,510485,4121158,21.0
089012,Melilli,2,0,9,510723,4121116,21.0
089012,Melilli,2,0,10,511440,4119954,21.0
089012,Melilli,2,0,11,512714,4119867,21.0
089012,Melilli,2,0,12,514078,4119324,21.0
089012,Melilli,2,0,13,515406,4119283,21.0
089012,Melilli,2,0,14,515708,4118954,21.0
089012,Melilli,2,0,15,516255,4118826,21.0
089012,Melilli,2,0,16,516229,4118277,21.0
089012,Melilli,2,0,17,515570,4118600,21.0
089012,Melilli,2,0,18,515276,4118366,21.0
089012,Melilli,2,0,19,514546,4118116,21.0
089012,Melilli,2,0,20,513568,4118030,21.0
089012,Melilli,2,0,21,511241,4117117,21.0
089012,Melilli,2,0,22,511023,4116935,21.0
089012,Melilli,2,0,23,510961,4116570,21.0
089012,Melilli,2,0,24,511320,4116287,21.0
089012,Melilli,2,0,25,511245,4115836,21.0
089012,Melilli,2,0,26,512121,4115116,21.0
089012,Melilli,2,0,27,512682,4115388,21.0
089012,Melilli,2,0,28,513505,4115513,21.0
089012,Melilli,2,0,29,515148,4115493,21.0
089012,Melilli,2,0,30,516903,4115698,21.0
089012,Melilli,2,0,31,517871,4114664,21.0
089012,Melilli,2,0,32,515004,4114035,21.0
089012,Melilli,2,0,33,513436,4114319,21.0
089012,Melilli,2,0,34,513221,4114212,21.0
089012,Melilli,2,0,35,513089,4113834,21.0
089012,Melilli,2,0,36,513146,4113485,21.0
089012,Melilli,2,0,37,513628,4113296,21.0
089012,Melilli,2,0,38,513450,4113006,21.0
089012,Melilli,2,0,39,511129,4112345,21.0
089012,Melilli,2,0,40,510347,4111683,21.0
089012,Melilli,2,0,41,510291,4110877,21.0
089012,Melilli,2,0,42,508775,4111418,21.0
089012,Melilli,2,0,43,507216,4112838,21.0
089012,Melilli,2,0,44,507128,4114170,21.0
089012,Melilli,2,0,45,507412,4114895,21.0
089012,Melilli,2,0,46,506755,4115327,21.0
089012,Melilli,2,0,47,505005,4114812,21.0
089012,Melilli,2,0,48,504652,4114958,21.0
089012,Melilli,2,0,49,504755,4115222,21.0
089012,Melilli,2,0,50,504582,4115317,21.0
089012,Melilli,2,0,51,503409,4114979,21.0
089012,Melilli,2,0,52,502945,4114522,21.0
089012,Melilli,2,0,53,502441,4114326,21.0
089012,Melilli,2,0,54,501416,4114296,21.0
089012,Melilli,2,0,55,500024,4113875,21.0
089012,Melilli,2,0,56,499795,4114066,21.0
089012,Melilli,2,0,57,500197,4114419,21.0
089012,Melilli,2,0,58,501254,4116006,21.0
089012,Melilli,2,0,59,501536,4116600,21.0
089012,Melilli,2,0,60,501505,4117562,21.0
089012,Melilli,2,0,61,503553,4119050,21.0
089012,Melilli,2,0,62,504394,4119188,21.0
089012,Melilli,2,0,63,504871,4119661,21.0
089012,Melilli,2,0,64,503313,4120264,21.0
089012,Melilli,2,0,65,502620,4121185,21.0
089012,Melilli,2,0,66,502357,4122375,21.0
089012,Melilli,2,0,67,502949,4123072,21.0
089012,Melilli,2,0,68,502892,4124643,21.0
089012,Melilli,2,0,69,507005,4125565,21.0
089012,Melilli,2,0,70,508229,4124783,21.0
089012,Melilli,2,0,71,509838,4126006,21.0
089012,Melilli,2,0,72,510957,4126390,21.0
089012,Melilli,2,0,73,511530,4126832,21.0
089012,Melilli,2,0,74,512439,4126742,21.0
089012,Melilli,2,1,0,510861,4125555,21.0
089012,Melilli,2,1,1,510731,4125098,21.0
089012,Melilli,2,1,2,510877,4124594,21.0
089012,Melilli,2,1,3,511586,4124506,21.0
089012,Melilli,2,1,4,511730,4124834,21.0
089012,Melilli,2,1,5,511478,4125661,21.0
089012,Melilli,2,1,6,510861,4125555,21.0
089012,Melilli,2,2,0,508480,4122121,21.0
089012,Melilli,2,2,1,508965,4121985,21.0
089012,Melilli,2,2,2,508911,4122161,21.0
089012,Melilli,2,2,3,508501,4122455,21.0
089012,Melilli,2,2,4,508480,4122121,21.0
089013,Noto,0,0,0,509418,4071586,21.4
089013,Noto,0,0,1,509231,4071842,21.4
089013,Noto,0,0,2,509336,4071911,21.4
089013,Noto,0,0,3,509486,4071865,21.4
089013,Noto,0,0,4,509418,4071586,21.4
089013,Noto,1,0,0,494937,4072291,21.4
089013,Noto,1,0,1,494660,4072715,21.4
089013,Noto,1,0,2,494753,4073301,21.4
089013,Noto,1,0,3,495571,4073567,21.4
089013,Noto,1,0,4,495865,4073063,21.4
089013,Noto,1,0,5,494937,4072291,21.4
089013,Noto,2,0,0,501739,4103330,21.4
089013,Noto,2,0,1,505731,4101795,21.4
089013,Noto,2,0,2,506786,4102182,21.4
089013,Noto,2,0,3,507434,4102107,21.4
089013,Noto,2,0,4,507491,4101350,21.4
089013,Noto,2,0,5,506879,4101396,21.4
089013,Noto,2,0,6,506523,4100884,21.4
089013,Noto,2,0,7,506848,4099922,21.4
089013,Noto,2,0,8,506534,4099088,21.4
089013,Noto,2,0,9,505446,4099498,21.4
089013,Noto,2,0,10,503788,4099365,21.4
089013,Noto,2,0,11,503644,4099172,21.4
089013,Noto,2,0,12,503631,4098294,21.4
089013,Noto,2,0,13,503901,4098077,21.4
089013,Noto,2,0,14,505679,4098019,21.4
089013,Noto,2,0,15,507745,4096802,21.4
089013,Noto,2,0,16,508262,4096641,21.4
089013,Noto,2,0,17,509302,4097079,21.4
089013,Noto,2,0,18,511171,4097206,21.4
089013,Noto,2,0,19,512196,4097144,21.4
089013,Noto,2,0,20,513483,4096675,21.4
089013,Noto,2,0,21,514174,4096813,21.4
089013,Noto,2,0,22,515110,4096486,21.4
089013,Noto,2,0,23,515803,4095672,21.4
089013,Noto,2,0,24,515838,4095298,21.4
089013,Noto,2,0,25,515356,4095013,21.4
089013,Noto,2,0,26,515009,4094293,21.4
089013,Noto,2,0,27,514997,4093251,21.4
089013,Noto,2,0,28,515249,4092376,21.4
089013,Noto,2,0,29,513994,4090381,21.4
089013,Noto,2,0,30,512530,4090870,21.4
089013,Noto,2,0,31,511505,4090874,21.4
089013,Noto,2,0,32,508271,4091891,21.4
089013,Noto,2,0,33,507769,4091470,21.4
089013,Noto,2,0,34,507142,4090581,21.4
089013,Noto,2,0,35,506321,4088699,21.4
089013,Noto,2,0,36,506288,4087877,21.4
089013,Noto,2,0,37,506764,4087209,21.4
089013,Noto,2,0,38,506143,4086547,21.4
089013,Noto,2,0,39,506102,4085690,21.4
089013,Noto,2,0,40,507035,4082415,21.4
089013,Noto,2,0,41,511429,4081047,21.4
089013,Noto,2,0,42,512177,4081225,21.4
089013,Noto,2,0,43,512381,4080861,21.4
089013,Noto,2,0,44,512192,4080045,21.4
089013,Noto,2,0,45,511719,4080172,21.4
089013,Noto,2,0,46,511301,4079974,21.4
089013,Noto,2,0,47,510552,4079220,21.4
089013,Noto,2,0,48,510018,4078339,21.4
089013,Noto,2,0,49,509468,4076531,21.4
089013,Noto,2,0,50,509696,4074836,21.4
089013,Noto,2,0,51,509459,4073401,21.4
089013,Noto,2,0,52,509076,4072950,21.4
089013,Noto,2,0,53,508834,4073006,21.4
089013,Noto,2,0,54,508521,4072192,21.4
089013,Noto,2,0,55,508511,4070067,21.4
089013,Noto,2,0,56,509199,4068016,21.4
089013,Noto,2,0,57,509915,4066810,21.4
089013,Noto,2,0,58,510272,4066524,21.4
089013,Noto,2,0,59,510668,4066565,21.4
089013,Noto,2,0,60,507320,4065232,21.4
089013,Noto,2,0,61,507190,4065491,21.4
089013,Noto,2,0,62,505901,4065806,21.4
089013,Noto,2,0,63,504164,4063512,21.4
089013,Noto,2,0,64,503380,4063141,21.4
089013,Noto,2,0,65,501771,4062874,21.4
089013,Noto,2,0,66,500649,4063314,21.4
089013,Noto,2,0,67,500010,4062027,21.4
089013,Noto,2,0,68,499703,4062581,21.4
089013,Noto,2,0,69,499899,4063121,21.4
089013,Noto,2,0,70,499915,4063829,21.4
089013,Noto,2,0,71,499623,4065817,21.4
089013,Noto,2,0,72,499474,4066420,21.4
089013,Noto,2,0,73,498953,4066878,21.4
089013,Noto,2,0,74,498745,4067291,21.4
089013,Noto,2,0,75,498792,4067678,21.4
089013,Noto,2,0,76,499124,4067973,21.4
089013,Noto,2,0,77,499300,4068412,21.4
089013,Noto,2,0,78,498990,4070081,21.4
089013,Noto,2,0,79,498679,4070548,21.4
089013,Noto,2,0,80,496452,4072490,21.4
089013,Noto,2,0,81,497174,4073389,21.4
089013,Noto,2,0,82,497505,4074453,21.4
089013,Noto,2,0,83,497215,4074599,21.4
089013,Noto,2,0,84,496953,4075000,21.4
089013,Noto,2,0,85,497848,4076350,21.4
089013,Noto,2,0,86,497758,4077517,21.4
089013,Noto,2,0,87,496764,4077682,21.4
089013,Noto,2,0,88,495749,4078466,21.4
089013,Noto,2,0,89,494125,4078012,21.4
089013,Noto,2,0,90,493685,4078208,21.4
089013,Noto,2,0,91,493680,4078517,21.4
089013,Noto,2,0,92,494527,4079750,21.4
089013,Noto,2,0,93,494683,4079590,21.4
089013,Noto,2,0,94,495005,4079590,21.4
089013,Noto,2,0,95,495946,4080601,21.4
089013,Noto,2,0,96,496403,4080764,21.4
089013,Noto,2,0,97,494269,4083651,21.4
089013,Noto,2,0,98,494456,4084132,21.4
089013,Noto,2,0,99,493949,4085404,21.4
089013,Noto,2,0,100,492921,4086820,21.4
089013,Noto,2,0,101,492755,4087719,21.4
089013,Noto,2,0,102,492083,4087834,21.4
089013,Noto,2,0,103,491759,4088147,21.4
089013,Noto,2,0,104,490057,4090899,21.4
089013,Noto,2,0,105,489841,4092006,21.4
089013,Noto,2,0,106,489955,4093603,21.4
089013,Noto,2,0,107,489142,4094941,21.4
089013,Noto,2,0,108,488279,4095817,21.4
089013,Noto,2,0,109,488676,4096139,21.4
089013,Noto,2,0,110,489334,4097831,21.4
089013,Noto,2,0,111,490248,4098961,21.4
089013,Noto,2,0,112,491298,4099784,21.4
089013,Noto,2,0,113,492171,4099936,21.4
089013,Noto,2,0,114,492218,4099514,21.4
089013,Noto,2,0,115,492451,4099499,21.4
089013,Noto,2,0,116,494247,4099902,21.4
089013,Noto,2,0,117,496632,4099752,21.4
089013,Noto,2,0,118,497579,4099507,21.4
089013,Noto,2,0,119,498269,4098946,21.4
089013,Noto,2,0,120,498696,4098869,21.4
089013,Noto,2,0,121,498995,4099188,21.4
089013,Noto,2,0,122,498589,4099702,21.4
089013,Noto,2,0,123,498444,4100524,21.4
089013,Noto,2,0,124,499453,4101089,21.4
089013,Noto,2,0,125,499869,4101050,21.4
089013,Noto,2,0,126,500652,4100557,21.4
089013,Noto,2,0,127,501435,4100892,21.4
089013,Noto,2,0,128,501082,4101817,21.4
089013,Noto,2,0,129,501156,4103223,21.4
089013,Noto,2,0,130,501739,4103330,21.4
089014,Pachino,0,0,0,510572,4065869,23.0
089014,Pachino,0,0,1,510636,4065811,23.0
089014,Pachino,0,0,2,510567,4065822,23.0
089014,Pachino,0,0,3,510572,4065869,23.0
089014,Pachino,1,0,0,510651,4066134,23.0
089014,Pachino,1,0,1,510526,4066179,23.0
089014,Pachino,1,0,2,510403,4065973,23.0
089014,Pachino,1,0,3,510561,4065374,23.0
089014,Pachino,1,0,4,510788,4065170,23.0
089014,Pachino,1,0,5,510813,4063154,23.0
089014,Pachino,1,0,6,511005,4061888,23.0
089014,Pachino,1,0,7,511252,4061426,23.0
089014,Pachino,1,0,8,512047,4060666,23.0
089014,Pachino,1,0,9,511649,4060103,23.0
089014,Pachino,1,0,10,510162,4060270,23.0
089014,Pachino,1,0,11,508430,4059394,23.0
089014,Pachino,1,0,12,507529,4060104,23.0
089014,Pachino,1,0,13,507005,4059865,23.0
089014,Pachino,1,0,14,506513,4059875,23.0
089014,Pachino,1,0,15,506954,4059449,23.0
089014,Pachino,1,0,16,506179,4058230,23.0
089014,Pachino,1,0,17,506470,4057856,23.0
089014,Pachino,1,0,18,506584,4056677,23.0
089014,Pachino,1,0,19,505780,4057310,23.0
089014,Pachino,1,0,20,505107,4057372,23.0
089014,Pachino,1,0,21,504561,4059283,23.0
089014,Pachino,1,0,22,503778,4060365,23.0
089014,Pachino,1,0,23,501850,4061731,23.0
089014,Pachino,1,0,24,500772,4061965,23.0
089014,Pachino,1,0,25,500034,4061901,23.0
089014,Pachino,1,0,26,500649,4063314,23.0
089014,Pachino,1,0,27,501771,4062874,23.0
089014,Pachino,1,0,28,503380,4063141,23.0
089014,Pachino,1,0,29,504164,4063512,23.0
089014,Pachino,1,0,30,505901,4065806,23.0
089014,Pachino,1,0,31,507190,4065491,23.0
089014,Pachino,1,0,32,507320,4065232,23.0
089014,Pachino,1,0,33,510668,4066565,23.0
089014,Pachino,1,0,34,510651,4066134,23.0
089015,Palazzolo Acreide,0,0,0,503529,4107286,28.8
089015,Palazzolo Acreide,0,0,1,505239,4107147,28.8
089015,Palazzolo Acreide,0,0,2,506373,4106473,28.8
089015,Palazzolo Acreide,0,0,3,506252,4106277,28.8
089015,Palazzolo Acreide,0,0,4,506401,4106117,28.8
089015,Palazzolo Acreide,0,0,5,508212,4104825,28.8
089015,Palazzolo Acreide,0,0,6,508274,4104227,28.8
089015,Palazzolo Acreide,0,0,7,507781,4104268,28.8
089015,Palazzolo Acreide,0,0,8,505439,4105479,28.8
089015,Palazzolo Acreide,0,0,9,504868,4105542,28.8
089015,Palazzolo Acreide,0,0,10,504170,4105507,28.8
089015,Palazzolo Acreide,0,0,11,503723,4105086,28.8
089015,Palazzolo Acreide,0,0,12,503573,4104687,28.8
089015,Palazzolo Acreide,0,0,13,504869,4103559,28.8
089015,Palazzolo Acreide,0,0,14,506609,4103463,28.8
089015,Palazzolo Acreide,0,0,15,507362,4103244,28.8
089015,Palazzolo Acreide,0,0,16,507501,4102737,28.8
089015,Palazzolo Acreide,0,0,17,507434,4102107,28.8
089015,Palazzolo Acreide,0,0,18,506786,4102182,28.8
089015,Palazzolo Acreide,0,0,19,505731,4101795,28.8
089015,Palazzolo Acreide,0,0,20,502280,4103195,28.8
089015,Palazzolo Acreide,0,0,21,501189,4103270,28.8
089015,Palazzolo Acreide,0,0,22,501082,4101817,28.8
089015,Palazzolo Acreide,0,0,23,501435,4100892,28.8
089015,Palazzolo Acreide,0,0,24,500652,4100557,28.8
089015,Palazzolo Acreide,0,0,25,499869,4101050,28.8
089015,Palazzolo Acreide,0,0,26,499453,4101089,28.8
089015,Palazzolo Acreide,0,0,27,498652,4100708,28.8
089015,Palazzolo Acreide,0,0,28,498444,4100524,28.8
089015,Palazzolo Acreide,0,0,29,498589,4099702,28.8
089015,Palazzolo Acreide,0,0,30,498995,4099188,28.8
089015,Palazzolo Acreide,0,0,31,498696,4098869,28.8
089015,Palazzolo Acreide,0,0,32,498269,4098946,28.8
089015,Palazzolo Acreide,0,0,33,497805,4099394,28.8
089015,Palazzolo Acreide,0,0,34,497109,4099685,28.8
089015,Palazzolo Acreide,0,0,35,494247,4099902,28.8
089015,Palazzolo Acreide,0,0,36,492451,4099499,28.8
089015,Palazzolo Acreide,0,0,37,492218,4099514,28.8
089015,Palazzolo Acreide,0,0,38,492171,4099936,28.8
089015,Palazzolo Acreide,0,0,39,491298,4099784,28.8
089015,Palazzolo Acreide,0,0,40,490248,4098961,28.8
089015,Palazzolo Acreide,0,0,41,489334,4097831,28.8
089015,Palazzolo Acreide,0,0,42,488676,4096139,28.8
089015,Palazzolo Acreide,0,0,43,488279,4095817,28.8
089015,Palazzolo Acreide,0,0,44,488128,4096251,28.8
089015,Palazzolo Acreide,0,0,45,487236,4097410,28.8
089015,Palazzolo Acreide,0,0,46,487192,4098255,28.8
089015,Palazzolo Acreide,0,0,47,486940,4098801,28.8
089015,Palazzolo Acreide,0,0,48,486939,4100418,28.8
089015,Palazzolo Acreide,0,0,49,486746,4101201,28.8
089015,Palazzolo Acreide,0,0,50,486913,4101976,28.8
089015,Palazzolo Acreide,0,0,51,487377,4102617,28.8
089015,Palazzolo Acreide,0,0,52,487486,4103780,28.8
089015,Palazzolo Acreide,0,0,53,488583,4102954,28.8
089015,Palazzolo Acreide,0,0,54,489219,4102682,28.8
089015,Palazzolo Acreide,0,0,55,489839,4102533,28.8
089015,Palazzolo Acreide,0,0,56,491282,4102768,28.8
089015,Palazzolo Acreide,0,0,57,492921,4103475,28.8
089015,Palazzolo Acreide,0,0,58,494132,4103506,28.8
089015,Palazzolo Acreide,0,0,59,495049,4103716,28.8
089015,Palazzolo Acreide,0,0,60,495333,4103937,28.8
089015,Palazzolo Acreide,0,0,61,495346,4104256,28.8
089015,Palazzolo Acreide,0,0,62,497052,4104745,28.8
089015,Palazzolo Acreide,0,0,63,497642,4104873,28.8
089015,Palazzolo Acreide,0,0,64,499196,4104780,28.8
089015,Palazzolo Acreide,0,0,65,501082,4106185,28.8
089015,Palazzolo Acreide,0,0,66,503529,4107286,28.8
089016,Rosolini,0,0,0,489769,4080283,22.8
089016,Rosolini,0,0,1,490413,4079838,22.8
089016,Rosolini,0,0,2,490824,4079248,22.8
089016,Rosolini,0,0,3,493008,4078102,22.8
089016,Rosolini,0,0,4,493685,4078208,22.8
089016,Rosolini,0,0,5,494125,4078012,22.8
089016,Rosolini,0,0,6,495749,4078466,22.8
089016,Rosolini,0,0,7,496764,4077682,22.8
089016,Rosolini,0,0,8,497758,4077517,22.8
089016,Rosolini,0,0,9,497848,4076350,22.8
089016,Rosolini,0,0,10,496953,4075000,22.8
089016,Rosolini,0,0,11,497215,4074599,22.8
089016,Rosolini,0,0,12,497505,4074453,22.8
089016,Rosolini,0,0,13,497174,4073389,22.8
089016,Rosolini,0,0,14,496452,4072490,22.8
089016,Rosolini,0,0,15,495571,4073567,22.8
089016,Rosolini,0,0,16,494753,4073301,22.8
089016,Rosolini,0,0,17,493180,4074216,22.8
089016,Rosolini,0,0,18,492209,4074032,22.8
089016,Rosolini,0,0,19,491288,4074247,22.8
089016,Rosolini,0,0,20,490620,4074653,22.8
089016,Rosolini,0,0,21,490234,4075363,22.8
089016,Rosolini,0,0,22,489914,4075445,22.8
089016,Rosolini,0,0,23,488217,4075064,22.8
089016,Rosolini,0,0,24,487949,4074425,22.8
089016,Rosolini,0,0,25,487520,4074634,22.8
089016,Rosolini,0,0,26,486960,4075797,22.8
089016,Rosolini,0,0,27,487252,4075850,22.8
089016,Rosolini,0,0,28,487509,4076192,22.8
089016,Rosolini,0,0,29,487912,4077904,22.8
089016,Rosolini,0,0,30,487968,4078324,22.8
089016,Rosolini,0,0,31,487610,4079006,22.8
089016,Rosolini,0,0,32,487864,4079853,22.8
089016,Rosolini,0,0,33,488420,4080518,22.8
089016,Rosolini,0,0,34,489769,4080283,22.8
089016,Rosolini,1,0,0,486377,4092199,22.8
089016,Rosolini,1,0,1,487589,4092031,22.8
089016,Rosolini,1,0,2,487360,4091811,22.8
089016,Rosolini,1,0,3,487271,4091174,22.8
089016,Rosolini,1,0,4,487463,4090343,22.8
089016,Rosolini,1,0,5,491387,4086240,22.8
089016,Rosolini,1,0,6,493081,4085075,22.8
089016,Rosolini,1,0,7,496403,4080764,22.8
089016,Rosolini,1,0,8,495946,4080601,22.8
089016,Rosolini,1,0,9,495260,4079741,22.8
089016,Rosolini,1,0,10,494842,4079568,22.8
089016,Rosolini,1,0,11,494557,4079662,22.8
089016,Rosolini,1,0,12,494367,4080044,22.8
089016,Rosolini,1,0,13,492943,4081332,22.8
089016,Rosolini,1,0,14,492437,4082255,22.8
089016,Rosolini,1,0,15,491801,4082552,22.8
089016,Rosolini,1,0,16,491074,4082635,22.8
089016,Rosolini,1,0,17,489671,4083650,22.8
089016,Rosolini,1,0,18,489452,4084695,22.8
089016,Rosolini,1,0,19,489093,4085399,22.8
089016,Rosolini,1,0,20,489090,4085940,22.8
089016,Rosolini,1,0,21,490337,4086076,22.8
089016,Rosolini,1,0,22,490788,4086364,22.8
089016,Rosolini,1,0,23,490810,4086591,22.8
089016,Rosolini,1,0,24,489456,4087724,22.8
089016,Rosolini,1,0,25,488666,4088059,22.8
089016,Rosolini,1,0,26,488013,4088659,22.8
089016,Rosolini,1,0,27,486506,4089037,22.8
089016,Rosolini,1,0,28,486006,4088779,22.8
089016,Rosolini,1,0,29,485683,4088948,22.8
089016,Rosolini,1,0,30,485800,4089258,22.8
089016,Rosolini,1,0,31,485755,4090370,22.8
089016,Rosolini,1,0,32,485495,4091897,22.8
089016,Rosolini,1,0,33,486377,4092199,22.8
089017,Siracusa,0,0,0,523397,4092571,28.2
089017,Siracusa,0,0,1,523574,4092577,28.2
089017,Siracusa,0,0,2,523572,4092556,28.2
089017,Siracusa,0,0,3,523397,4092571,28.2
089017,Siracusa,1,0,0,526910,4099827,28.2
089017,Siracusa,1,0,1,526897,4099752,28.2
089017,Siracusa,1,0,2,526870,4099747,28.2
089017,Siracusa,1,0,3,526910,4099827,28.2
089017,Siracusa,2,0,0,523045,4107067,28.2
089017,Siracusa,2,0,1,523096,4106809,28.2
089017,Siracusa,2,0,2,523407,4106676,28.2
089017,Siracusa,2,0,3,524614,4106837,28.2
089017,Siracusa,2,0,4,525071,4107134,28.2
089017,Siracusa,2,0,5,526101,4106848,28.2
089017,Siracusa,2,0,6,526336,4106628,28.2
089017,Siracusa,2,0,7,526721,4105228,28.2
089017,Siracusa,2,0,8,526665,4103726,28.2
089017,Siracusa,2,0,9,525805,4102284,28.2
089017,Siracusa,2,0,10,526095,4102359,28.2
089017,Siracusa,2,0,11,526330,4102183,28.2
089017,Siracusa,2,0,12,526498,4101753,28.2
089017,Siracusa,2,0,13,526295,4100946,28.2
089017,Siracusa,2,0,14,526163,4100949,28.2
089017,Siracusa,2,0,15,525913,4101623,28.2
089017,Siracusa,2,0,16,525553,4101976,28.2
089017,Siracusa,2,0,17,524963,4102177,28.2
089017,Siracusa,2,0,18,524645,4102081,28.2
089017,Siracusa,2,0,19,524117,4101291,28.2
089017,Siracusa,2,0,20,524100,4100585,28.2
089017,Siracusa,2,0,21,524633,4099038,28.2
089017,Siracusa,2,0,22,525041,4098631,28.2
089017,Siracusa,2,0,23,525729,4098531,28.2
089017,Siracusa,2,0,24,525964,4098645,28.2
089017,Siracusa,2,0,25,526529,4099545,28.2
089017,Siracusa,2,0,26,526969,4099678,28.2
089017,Siracusa,2,0,27,527332,4099233,28.2
089017,Siracusa,2,0,28,527599,4099060,28.2
089017,Siracusa,2,0,29,527702,4099144,28.2
089017,Siracusa,2,0,30,528102,4098802,28.2
089017,Siracusa,2,0,31,528662,4097392,28.2
089017,Siracusa,2,0,32,529398,4096749,28.2
089017,Siracusa,2,0,33,529797,4096141,28.2
089017,Siracusa,2,0,34,529920,4095202,28.2
089017,Siracusa,2,0,35,529637,4095120,28.2
089017,Siracusa,2,0,36,528005,4095328,28.2
089017,Siracusa,2,0,37,527027,4096556,28.2
089017,Siracusa,2,0,38,526646,4096594,28.2
089017,Siracusa,2,0,39,526091,4096040,28.2
089017,Siracusa,2,0,40,525221,4095560,28.2
089017,Siracusa,2,0,41,525006,4095735,28.2
089017,Siracusa,2,0,42,524627,4095745,28.2
089017,Siracusa,2,0,43,523825,4095185,28.2
089017,Siracusa,2,0,44,523532,4094314,28.2
089017,Siracusa,2,0,45,523941,4093466,28.2
089017,Siracusa,2,0,46,523330,4092822,28.2
089017,Siracusa,2,0,47,522840,4092710,28.2
089017,Siracusa,2,0,48,523370,4092177,28.2
089017,Siracusa,2,0,49,523290,4092054,28.2
089017,Siracusa,2,0,50,521764,4091766,28.2
089017,Siracusa,2,0,51,521272,4091815,28.2
089017,Siracusa,2,0,52,520224,4091283,28.2
089017,Siracusa,2,0,53,519574,4090720,28.2
089017,Siracusa,2,0,54,519057,4090883,28.2
089017,Siracusa,2,0,55,518310,4090319,28.2
089017,Siracusa,2,0,56,518372,4089738,28.2
089017,Siracusa,2,0,57,517580,4089636,28.2
089017,Siracusa,2,0,58,516958,4089094,28.2
089017,Siracusa,2,0,59,515498,4090045,28.2
089017,Siracusa,2,0,60,513994,4090381,28.2
089017,Siracusa,2,0,61,515249,4092376,28.2
089017,Siracusa,2,0,62,514997,4093251,28.2
089017,Siracusa,2,0,63,515009,4094293,28.2
089017,Siracusa,2,0,64,515356,4095013,28.2
089017,Siracusa,2,0,65,515838,4095298,28.2
089017,Siracusa,2,0,66,515803,4095672,28.2
089017,Siracusa,2,0,67,515110,4096486,28.2
089017,Siracusa,2,0,68,514174,4096813,28.2
089017,Siracusa,2,0,69,513483,4096675,28.2
089017,Siracusa,2,0,70,512196,4097144,28.2
089017,Siracusa,2,0,71,511171,4097206,28.2
089017,Siracusa,2,0,72,509302,4097079,28.2
089017,Siracusa,2,0,73,510248,4097901,28.2
089017,Siracusa,2,0,74,509674,4098063,28.2
089017,Siracusa,2,0,75,509593,4098859,28.2
089017,Siracusa,2,0,76,509085,4099984,28.2
089017,Siracusa,2,0,77,508231,4100378,28.2
089017,Siracusa,2,0,78,507491,4101350,28.2
089017,Siracusa,2,0,79,507501,4102737,28.2
089017,Siracusa,2,0,80,509840,4102671,28.2
089017,Siracusa,2,0,81,511502,4102170,28.2
089017,Siracusa,2,0,82,514224,4102017,28.2
089017,Siracusa,2,0,83,514959,4102320,28.2
089017,Siracusa,2,0,84,515347,4103223,28.2
089017,Siracusa,2,0,85,515310,4103818,28.2
089017,Siracusa,2,0,86,514855,4104408,28.2
089017,Siracusa,2,0,87,513513,4105341,28.2
089017,Siracusa,2,0,88,512414,4106465,28.2
089017,Siracusa,2,0,89,514142,4106413,28.2
089017,Siracusa,2,0,90,515078,4106793,28.2
089017,Siracusa,2,0,91,515715,4106740,28.2
089017,Siracusa,2,0,92,516010,4107413,28.2
089017,Siracusa,2,0,93,515929,4107581,28.2
089017,Siracusa,2,0,94,516588,4107203,28.2
089017,Siracusa,2,0,95,518075,4105652,28.2
089017,Siracusa,2,0,96,519154,4105486,28.2
089017,Siracusa,2,0,97,519796,4106035,28.2
089017,Siracusa,2,0,98,520304,4106084,28.2
089017,Siracusa,2,0,99,520762,4106361,28.2
089017,Siracusa,2,0,100,521051,4107705,28.2
089017,Siracusa,2,0,101,523045,4107067,28.2
089018,Solarino,0,0,0,510753,4107758,24.5
089018,Solarino,0,0,1,512186,4106761,24.5
089018,Solarino,0,0,2,513109,4105751,24.5
089018,Solarino,0,0,3,512657,4105579,24.5
089018,Solarino,0,0,4,511912,4104823,24.5
089018,Solarino,0,0,5,508983,4105379,24.5
089018,Solarino,0,0,6,508212,4104825,24.5
089018,Solarino,0,0,7,506252,4106277,24.5
089018,Solarino,0,0,8,506373,4106473,24.5
089018,Solarino,0,0,9,507041,4106529,24.5
089018,Solarino,0,0,10,507322,4107006,24.5
089018,Solarino,0,0,11,508214,4107580,24.5
089018,Solarino,0,0,12,510753,4107758,24.5
089019,Sortino,0,0,0,507412,4114895,20.9
089019,Sortino,0,0,1,507128,4114170,20.9
089019,Sortino,0,0,2,507216,4112838,20.9
089019,Sortino,0,0,3,508775,4111418,20.9
089019,Sortino,0,0,4,510291,4110877,20.9
089019,Sortino,0,0,5,510711,4110581,20.9
089019,Sortino,0,0,6,511505,4109672,20.9
089019,Sortino,0,0,7,511421,4109322,20.9
089019,Sortino,0,0,8,511242,4109342,20.9
089019,Sortino,0,0,9,510667,4108762,20.9
089019,Sortino,0,0,10,510893,4107718,20.9
089019,Sortino,0,0,11,508214,4107580,20.9
089019,Sortino,0,0,12,507322,4107006,20.9
089019,Sortino,0,0,13,507099,4106590,20.9
089019,Sortino,0,0,14,506818,4106425,20.9
089019,Sortino,0,0,15,506373,4106473,20.9
089019,Sortino,0,0,16,505173,4107175,20.9
089019,Sortino,0,0,17,503529,4107286,20.9
089019,Sortino,0,0,18,501082,4106185,20.9
089019,Sortino,0,0,19,499991,4105457,20.9
089019,Sortino,0,0,20,499046,4107075,20.9
089019,Sortino,0,0,21,498804,4108049,20.9
089019,Sortino,0,0,22,498571,4108181,20.9
089019,Sortino,0,0,23,497619,4108012,20.9
089019,Sortino,0,0,24,496918,4107650,20.9
089019,Sortino,0,0,25,497088,4107996,20.9
089019,Sortino,0,0,26,495915,4110354,20.9
089019,Sortino,0,0,27,496012,4112006,20.9
089019,Sortino,0,0,28,496361,4111795,20.9
089019,Sortino,0,0,29,496777,4111837,20.9
089019,Sortino,0,0,30,498284,4112732,20.9
089019,Sortino,0,0,31,499753,4113873,20.9
089019,Sortino,0,0,32,499795,4114066,20.9
089019,Sortino,0,0,33,500024,4113875,20.9
089019,Sortino,0,0,34,501416,4114296,20.9
089019,Sortino,0,0,35,502441,4114326,20.9
089019,Sortino,0,0,36,503999,4115210,20.9
089019,Sortino,0,0,37,504723,4115285,20.9
089019,Sortino,0,0,38,504652,4114958,20.9
089019,Sortino,0,0,39,505005,4114812,20.9
089019,Sortino,0,0,40,506755,4115327,20.9
089019,Sortino,0,0,41,507412,4114895,20.9
089020,Portopalo di Capo Passero,0,0,0,507034,4055694,19.7
089020,Portopalo di Capo Passero,0,0,1,506976,4055393,19.7
089020,Portopalo di Capo Passero,0,0,2,506896,4055416,19.7
089020,Portopalo di Capo Passero,0,0,3,506863,4055583,19.7
089020,Portopalo di Capo Passero,0,0,4,507034,4055694,19.7
089020,Portopalo di Capo Passero,1,0,0,513056,4060309,19.7
089020,Portopalo di Capo Passero,1,0,1,513774,4060376,19.7
089020,Portopalo di Capo Passero,1,0,2,513539,4059935,19.7
089020,Portopalo di Capo Passero,1,0,3,512832,4059550,19.7
089020,Portopalo di Capo Passero,1,0,4,512806,4059820,19.7
089020,Portopalo di Capo Passero,1,0,5,513056,4060309,19.7
089020,Portopalo di Capo Passero,2,0,0,512047,4060666,19.7
089020,Portopalo di Capo Passero,2,0,1,512289,4060175,19.7
089020,Portopalo di Capo Passero,2,0,2,512369,4059660,19.7
089020,Portopalo di Capo Passero,2,0,3,511793,4057920,19.7
089020,Portopalo di Capo Passero,2,0,4,511604,4057885,19.7
089020,Portopalo di Capo Passero,2,0,5,511159,4058177,19.7
089020,Portopalo di Capo Passero,2,0,6,511391,4058405,19.7
089020,Portopalo di Capo Passero,2,0,7,510924,4058745,19.7
089020,Portopalo di Capo Passero,2,0,8,510373,4058800,19.7
089020,Portopalo di Capo Passero,2,0,9,510043,4058620,19.7
089020,Portopalo di Capo Passero,2,0,10,509739,4058203,19.7
089020,Portopalo di Capo Passero,2,0,11,509739,4057949,19.7
089020,Portopalo di Capo Passero,2,0,12,509264,4057426,19.7
089020,Portopalo di Capo Passero,2,0,13,507130,4055796,19.7
089020,Portopalo di Capo Passero,2,0,14,506584,4056677,19.7
089020,Portopalo di Capo Passero,2,0,15,506470,4057856,19.7
089020,Portopalo di Capo Passero,2,0,16,506179,4058230,19.7
089020,Portopalo di Capo Passero,2,0,17,506954,4059449,19.7
089020,Portopalo di Capo Passero,2,0,18,506513,4059875,19.7
089020,Portopalo di Capo Passero,2,0,19,507005,4059865,19.7
089020,Portopalo di Capo Passero,2,0,20,507529,4060104,19.7
089020,Portopalo di Capo Passero,2,0,21,508430,4059394,19.7
089020,Portopalo di Capo Passero,2,0,22,510162,4060270,19.7
089020,Portopalo di Capo Passero,2,0,23,511649,4060103,19.7
089020,Portopalo di Capo Passero,2,0,24,512047,4060666,19.7
089021,Priolo Gargallo,0,0,0,517887,4114600,19.9
089021,Priolo Gargallo,0,0,1,517911,4113895,19.9
089021,Priolo Gargallo,0,0,2,517760,4113776,19.9
089021,Priolo Gargallo,0,0,3,517728,4113198,19.9
089021,Priolo Gargallo,0,0,4,518316,4111884,19.9
089021,Priolo Gargallo,0,0,5,518888,4111539,19.9
089021,Priolo Gargallo,0,0,6,519630,4111554,19.9
089021,Priolo Gargallo,0,0,7,520144,4111882,19.9
089021,Priolo Gargallo,0,0,8,520082,4112476,19.9
089021,Priolo Gargallo,0,0,9,520742,4112551,19.9
089021,Priolo Gargallo,0,0,10,521677,4111140,19.9
089021,Priolo Gargallo,0,0,11,521142,4111168,19.9
089021,Priolo Gargallo,0,0,12,520389,4111823,19.9
089021,Priolo Gargallo,0,0,13,519807,4111443,19.9
089021,Priolo Gargallo,0,0,14,519548,4110800,19.9
089021,Priolo Gargallo,0,0,15,519524,4109871,19.9
089021,Priolo Gargallo,0,0,16,519922,4108193,19.9
089021,Priolo Gargallo,0,0,17,518505,4107426,19.9
089021,Priolo Gargallo,0,0,18,516872,4106829,19.9
089021,Priolo Gargallo,0,0,19,516588,4107203,19.9
089021,Priolo Gargallo,0,0,20,515929,4107581,19.9
089021,Priolo Gargallo,0,0,21,516010,4107413,19.9
089021,Priolo Gargallo,0,0,22,515715,4106740,19.9
089021,Priolo Gargallo,0,0,23,515078,4106793,19.9
089021,Priolo Gargallo,0,0,24,513856,4106391,19.9
089021,Priolo Gargallo,0,0,25,512414,4106465,19.9
089021,Priolo Gargallo,0,0,26,510893,4107718,19.9
089021,Priolo Gargallo,0,0,27,510667,4108762,19.9
089021,Priolo Gargallo,0,0,28,511242,4109342,19.9
089021,Priolo Gargallo,0,0,29,511421,4109322,19.9
089021,Priolo Gargallo,0,0,30,511505,4109672,19.9
089021,Priolo Gargallo,0,0,31,510291,4110877,19.9
089021,Priolo Gargallo,0,0,32,510298,4111570,19.9
089021,Priolo Gargallo,0,0,33,510494,4111891,19.9
089021,Priolo Gargallo,0,0,34,511129,4112345,19.9
089021,Priolo Gargallo,0,0,35,513450,4113006,19.9
089021,Priolo Gargallo,0,0,36,513628,4113296,19.9
089021,Priolo Gargallo,0,0,37,513146,4113485,19.9
089021,Priolo Gargallo,0,0,38,513089,4113834,19.9
089021,Priolo Gargallo,0,0,39,513221,4114212,19.9
089021,Priolo Gargallo,0,0,40,513436,4114319,19.9
089021,Priolo Gargallo,0,0,41,515004,4114035,19.9
089021,Priolo Gargallo,0,0,42,517887,4114600,19.9
