DATAFLOW,FREQ,REF_AREA,INDICATOR,GENDER,AGE_NOCLASS,CITIZENSHIP,EDU_ATTAIN,CUR_ACT_STAT,LOC_DEST,REAS_COMMUTING,TIME_PERIOD,OBS_VALUE,OBS_STATUS,NOTE_DS,NOTE_REF_AREA,NOTE_INDICATOR,NOTE_GENDER,NOTE_AGE_NOCLASS,NOTE_CITIZENSHIP,NOTE_EDU_ATTAIN,NOTE_CUR_ACT_STAT,NOTE_LOC_DEST,NOTE_REAS_COMMUTING,NOTE_TIME_PERIOD,BASE_PER,UNIT_MEAS,UNIT_MULT
IT1:DF_DCSS_ISTR_LAV_PEN_2_TV_3(1.0),A,082006,RESPOP_AV,F,Y_GE15,TOTAL,ALL,1,ALL,ALL,2018,4461,,,,,,,,ALL_N1,,,,,,,
IT1:DF_DCSS_ISTR_LAV_PEN_2_TV_3(1.0),A,082006,RESPOP_AV,F,Y_GE15,TOTAL,ALL,1,ALL,ALL,2019,4583,,,,,,,,ALL_N1,,,,,,,
IT1:DF_DCSS_ISTR_LAV_PEN_2_TV_3(1.0),A,082006,RESPOP_AV,F,Y_GE15,TOTAL,ALL,1,ALL,ALL,2021,4851,,,,,,,,ALL_N1,,,,,,,
IT1:DF_DCSS_ISTR_LAV_PEN_2_TV_3(1.0),A,082006,RESPOP_AV,F,Y_GE15,TOTAL,ALL,1,ALL,ALL,2022,4975,,,,,,,,ALL_N1,,,,,,,
IT1:DF_DCSS_ISTR_LAV_PEN_2_TV_3(1.0),A,082006,RESPOP_AV,F,Y_GE15,TOTAL,ALL,1,ALL,ALL,2023,5238,,,,,,,,ALL_N1,,,,,,,
IT1:DF_DCSS_ISTR_LAV_PEN_2_TV_3(1.0),A,082006,RESPOP_AV,F,Y_GE15,TOTAL,ALL,1,ALL,ALL,2024,5608,,,,,,,,ALL_N1,,,,,,,
IT1:DF_DCSS_ISTR_LAV_PEN_2_TV_3(1.0),A,082006,RESPOP_AV,F,Y_GE15,TOTAL,ALL,12,ALL,ALL,2018,2749,,,,,,,,ALL_N1,,,,,,,
IT1:DF_DCSS_ISTR_LAV_PEN_2_TV_3(1.0),A,082006,RESPOP_AV,F,Y_GE15,TOTAL,ALL,12,ALL,ALL,2019,2823,,,,,,,,ALL_N1,,,,,,,
IT1:DF_DCSS_ISTR_LAV_PEN_2_TV_3(1.0),A,082006,RESPOP_AV,F,Y_GE15,TOTAL,ALL,12,ALL,ALL,2021,1415.41498655452,,,,,,,,ALL_N1,,,,,,,
IT1:DF_DCSS_ISTR_LAV_PEN_2_TV_3(1.0),A,082006,RESPOP_AV,F,Y_GE15,TOTAL,ALL,12,ALL,ALL,2022,1320.73722642068,,,,,,,,ALL_N1,,,,,,,
IT1:DF_DCSS_ISTR_LAV_PEN_2_TV_3(1.0),A,082006,RESPOP_AV,F,Y_GE15,TOTAL,ALL,12,ALL,ALL,2023,1394.9099010271507,,,,,,,,ALL_N1,,,,,,,
IT1:DF_DCSS_ISTR_LAV_PEN_2_TV_3(1.0),A,082006,RESPOP_AV,F,Y_GE15,TOTAL,ALL,12,ALL,ALL,2024,1004.0626789764377,,,,,,,,ALL_N1,,,,,,,
IT1:DF_DCSS_ISTR_LAV_PEN_2_TV_3(1.0),A,082006,RESPOP_AV,F,Y_GE15,TOTAL,ALL,22,ALL,ALL,2018,7210,,,,,,,,ALL_N1,,,,,,,
IT1:DF_DCSS_ISTR_LAV_PEN_2_TV_3(1.0),A,082006,RESPOP_AV,F,Y_GE15,TOTAL,ALL,22,ALL,ALL,2019,7406,,,,,,,,ALL_N1,,,,,,,
IT1:DF_DCSS_ISTR_LAV_PEN_2_TV_3(1.0),A,082006,RESPOP_AV,F,Y_GE15,TOTAL,ALL,22,ALL,ALL,2021,6266.41498655452,,,,,,,,ALL_N1,,,,,,,
IT1:DF_DCSS_ISTR_LAV_PEN_2_TV_3(1.0),A,082006,RESPOP_AV,F,Y_GE15,TOTAL,ALL,22,ALL,ALL,2022,6295.73722642068,,,,,,,,ALL_N1,,,,,,,
IT1:DF_DCSS_ISTR_LAV_PEN_2_TV_3(1.0),A,082006,RESPOP_AV,F,Y_GE15,TOTAL,ALL,22,ALL,ALL,2023,6632.90990102715,,,,,,,,ALL_N1,,,,,,,
IT1:DF_DCSS_ISTR_LAV_PEN_2_TV_3(1.0),A,082006,RESPOP_AV,F,Y_GE15,TOTAL,ALL,22,ALL,ALL,2024,6612.062678976437,,,,,,,,ALL_N1,,,,,,,
IT1:DF_DCSS_ISTR_LAV_PEN_2_TV_3(1.0),A,082006,RESPOP_AV,F,Y_GE15,TOTAL,ALL,23,ALL,ALL,2018,16487,,,,,,,,ALL_N1,,,,,,,
IT1:DF_DCSS_ISTR_LAV_PEN_2_TV_3(1.0),A,082006,RESPOP_AV,F,Y_GE15,TOTAL,ALL,23,ALL,ALL,2019,16226,,,,,,,,ALL_N1,,,,,,,
IT1:DF_DCSS_ISTR_LAV_PEN_2_TV_3(1.0),A,082006,RESPOP_AV,F,Y_GE15,TOTAL,ALL,23,ALL,ALL,2021,17298.5850134455,,,,,,,,ALL_N1,,,,,,,
IT1:DF_DCSS_ISTR_LAV_PEN_2_TV_3(1.0),A,082006,RESPOP_AV,F,Y_GE15,TOTAL,ALL,23,ALL,ALL,2022,17286.2627735793,,,,,,,,ALL_N1,,,,,,,
IT1:DF_DCSS_ISTR_LAV_PEN_2_TV_3(1.0),A,082006,RESPOP_AV,F,Y_GE15,TOTAL,ALL,23,ALL,ALL,2023,16961.09009897285,,,,,,,,ALL_N1,,,,,,,
IT1:DF_DCSS_ISTR_LAV_PEN_2_TV_3(1.0),A,082006,RESPOP_AV,F,Y_GE15,TOTAL,ALL,23,ALL,ALL,2024,17052.937321023564,,,,,,,,ALL_N1,,,,,,,
IT1:DF_DCSS_ISTR_LAV_PEN_2_TV_3(1.0),A,082006,RESPOP_AV,F,Y_GE15,TOTAL,ALL,24,ALL,ALL,2018,2890,,,,,,,,ALL_N1,,,,,,,
IT1:DF_DCSS_ISTR_LAV_PEN_2_TV_3(1.0),A,082006,RESPOP_AV,F,Y_GE15,TOTAL,ALL,24,ALL,ALL,2019,3063,,,,,,,,ALL_N1,,,,,,,
IT1:DF_DCSS_ISTR_LAV_PEN_2_TV_3(1.0),A,082006,RESPOP_AV,F,Y_GE15,TOTAL,ALL,24,ALL,ALL,2021,3334.30486709667,,,,,,,,ALL_N1,,,,,,,
IT1:DF_DCSS_ISTR_LAV_PEN_2_TV_3(1.0),A,082006,RESPOP_AV,F,Y_GE15,TOTAL,ALL,24,ALL,ALL,2022,2899.51726456241,,,,,,,,ALL_N1,,,,,,,
IT1:DF_DCSS_ISTR_LAV_PEN_2_TV_3(1.0),A,082006,RESPOP_AV,F,Y_GE15,TOTAL,ALL,24,ALL,ALL,2023,2601.7777412702153,,,,,,,,ALL_N1,,,,,,,
IT1:DF_DCSS_ISTR_LAV_PEN_2_TV_3(1.0),A,082006,RESPOP_AV,F,Y_GE15,TOTAL,ALL,24,ALL,ALL,2024,2917.470919103708,,,,,,,,ALL_N1,,,,,,,
IT1:DF_DCSS_ISTR_LAV_PEN_2_TV_3(1.0),A,082006,RESPOP_AV,F,Y_GE15,TOTAL,ALL,4,ALL,ALL,2018,9287,,,,,,,,ALL_N1,,,,,,,
IT1:DF_DCSS_ISTR_LAV_PEN_2_TV_3(1.0),A,082006,RESPOP_AV,F,Y_GE15,TOTAL,ALL,4,ALL,ALL,2019,9172,,,,,,,,ALL_N1,,,,,,,
IT1:DF_DCSS_ISTR_LAV_PEN_2_TV_3(1.0),A,082006,RESPOP_AV,F,Y_GE15,TOTAL,ALL,4,ALL,ALL,2021,9840.42348290986,,,,,,,,ALL_N1,,,,,,,
IT1:DF_DCSS_ISTR_LAV_PEN_2_TV_3(1.0),A,082006,RESPOP_AV,F,Y_GE15,TOTAL,ALL,4,ALL,ALL,2022,9997.14342656989,,,,,,,,ALL_N1,,,,,,,
IT1:DF_DCSS_ISTR_LAV_PEN_2_TV_3(1.0),A,082006,RESPOP_AV,F,Y_GE15,TOTAL,ALL,4,ALL,ALL,2023,9960.455222014032,,,,,,,,ALL_N1,,,,,,,
IT1:DF_DCSS_ISTR_LAV_PEN_2_TV_3(1.0),A,082006,RESPOP_AV,F,Y_GE15,TOTAL,ALL,4,ALL,ALL,2024,9680.956472965761,,,,,,,,ALL_N1,,,,,,,
IT1:DF_DCSS_ISTR_LAV_PEN_2_TV_3(1.0),A,082006,RESPOP_AV,F,Y_GE15,TOTAL,ALL,5,ALL,ALL,2018,2041,,,,,,,,ALL_N1,,,,,,,
IT1:DF_DCSS_ISTR_LAV_PEN_2_TV_3(1.0),A,082006,RESPOP_AV,F,Y_GE15,TOTAL,ALL,5,ALL,ALL,2019,2190,,,,,,,,ALL_N1,,,,,,,
IT1:DF_DCSS_ISTR_LAV_PEN_2_TV_3(1.0),A,082006,RESPOP_AV,F,Y_GE15,TOTAL,ALL,5,ALL,ALL,2021,2168.49892483777,,,,,,,,ALL_N1,,,,,,,
IT1:DF_DCSS_ISTR_LAV_PEN_2_TV_3(1.0),A,082006,RESPOP_AV,F,Y_GE15,TOTAL,ALL,5,ALL,ALL,2022,2197.997846892,,,,,,,,ALL_N1,,,,,,,
IT1:DF_DCSS_ISTR_LAV_PEN_2_TV_3(1.0),A,082006,RESPOP_AV,F,Y_GE15,TOTAL,ALL,5,ALL,ALL,2023,2009.1691121333836,,,,,,,,ALL_N1,,,,,,,
IT1:DF_DCSS_ISTR_LAV_PEN_2_TV_3(1.0),A,082006,RESPOP_AV,F,Y_GE15,TOTAL,ALL,5,ALL,ALL,2024,2186.5998314477424,,,,,,,,ALL_N1,,,,,,,
IT1:DF_DCSS_ISTR_LAV_PEN_2_TV_3(1.0),A,082006,RESPOP_AV,F,Y_GE15,TOTAL,ALL,7,ALL,ALL,2018,2269,,,,,,,,ALL_N1,,,,,,,
IT1:DF_DCSS_ISTR_LAV_PEN_2_TV_3(1.0),A,082006,RESPOP_AV,F,Y_GE15,TOTAL,ALL,7,ALL,ALL,2019,1801,,,,,,,,ALL_N1,,,,,,,
IT1:DF_DCSS_ISTR_LAV_PEN_2_TV_3(1.0),A,082006,RESPOP_AV,F,Y_GE15,TOTAL,ALL,7,ALL,ALL,2021,1955.35773860118,,,,,,,,ALL_N1,,,,,,,
IT1:DF_DCSS_ISTR_LAV_PEN_2_TV_3(1.0),A,082006,RESPOP_AV,F,Y_GE15,TOTAL,ALL,7,ALL,ALL,2022,2191.60423555501,,,,,,,,ALL_N1,,,,,,,
IT1:DF_DCSS_ISTR_LAV_PEN_2_TV_3(1.0),A,082006,RESPOP_AV,F,Y_GE15,TOTAL,ALL,7,ALL,ALL,2023,2389.6880235552203,,,,,,,,ALL_N1,,,,,,,
IT1:DF_DCSS_ISTR_LAV_PEN_2_TV_3(1.0),A,082006,RESPOP_AV,F,Y_GE15,TOTAL,ALL,7,ALL,ALL,2024,2267.9100975063534,,,,,,,,ALL_N1,,,,,,,
IT1:DF_DCSS_ISTR_LAV_PEN_2_TV_3(1.0),A,082006,RESPOP_AV,F,Y_GE15,TOTAL,ALL,99,ALL,ALL,2018,23697,,,,,,,,ALL_N1,99_N1,,,,,,
IT1:DF_DCSS_ISTR_LAV_PEN_2_TV_3(1.0),A,082006,RESPOP_AV,F,Y_GE15,TOTAL,ALL,99,ALL,ALL,2019,23632,,,,,,,,ALL_N1,99_N1,,,,,,
IT1:DF_DCSS_ISTR_LAV_PEN_2_TV_3(1.0),A,082006,RESPOP_AV,F,Y_GE15,TOTAL,ALL,99,ALL,ALL,2021,23565,,,,,,,,ALL_N1,99_N1,,,,,,
IT1:DF_DCSS_ISTR_LAV_PEN_2_TV_3(1.0),A,082006,RESPOP_AV,F,Y_GE15,TOTAL,ALL,99,ALL,ALL,2022,23582,,,,,,,,ALL_N1,99_N1,,,,,,
IT1:DF_DCSS_ISTR_LAV_PEN_2_TV_3(1.0),A,082006,RESPOP_AV,F,Y_GE15,TOTAL,ALL,99,ALL,ALL,2023,23594,,,,,,,,ALL_N1,99_N1,,,,,,
IT1:DF_DCSS_ISTR_LAV_PEN_2_TV_3(1.0),A,082006,RESPOP_AV,F,Y_GE15,TOTAL,ALL,99,ALL,ALL,2024,23665.000000000004,,,,,,,,ALL_N1,99_N1,,,,,,
IT1:DF_DCSS_ISTR_LAV_PEN_2_TV_3(1.0),A,082006,RESPOP_AV,F,Y_GE65,TOTAL,ALL,1,ALL,ALL,2018,148,,,,,,,,ALL_N1,,,,,,,
IT1:DF_DCSS_ISTR_LAV_PEN_2_TV_3(1.0),A,082006,RESPOP_AV,F,Y_GE65,TOTAL,ALL,1,ALL,ALL,2019,190,,,,,,,,ALL_N1,,,,,,,
IT1:DF_DCSS_ISTR_LAV_PEN_2_TV_3(1.0),A,082006,RESPOP_AV,F,Y_GE65,TOTAL,ALL,1,ALL,ALL,2021,181,,,,,,,,ALL_N1,,,,,,,
IT1:DF_DCSS_ISTR_LAV_PEN_2_TV_3(1.0),A,082006,RESPOP_AV,F,Y_GE65,TOTAL,ALL,1,ALL,ALL,2022,168,,,,,,,,ALL_N1,,,,,,,
IT1:DF_DCSS_ISTR_LAV_PEN_2_TV_3(1.0),A,082006,RESPOP_AV,F,Y_GE65,TOTAL,ALL,1,ALL,ALL,2023,166,,,,,,,,ALL_N1,,,,,,,
IT1:DF_DCSS_ISTR_LAV_PEN_2_TV_3(1.0),A,082006,RESPOP_AV,F,Y_GE65,TOTAL,ALL,1,ALL,ALL,2024,183,,,,,,,,ALL_N1,,,,,,,
IT1:DF_DCSS_ISTR_LAV_PEN_2_TV_3(1.0),A,082006,RESPOP_AV,F,Y_GE65,TOTAL,ALL,12,ALL,ALL,2018,30,,,,,,,,ALL_N1,,,,,,,
IT1:DF_DCSS_ISTR_LAV_PEN_2_TV_3(1.0),A,082006,RESPOP_AV,F,Y_GE65,TOTAL,ALL,12,ALL,ALL,2019,31,,,,,,,,ALL_N1,,,,,,,
IT1:DF_DCSS_ISTR_LAV_PEN_2_TV_3(1.0),A,082006,RESPOP_AV,F,Y_GE65,TOTAL,ALL,12,ALL,ALL,2021,19.4283833238219,,,,,,,,ALL_N1,,,,,,,
IT1:DF_DCSS_ISTR_LAV_PEN_2_TV_3(1.0),A,082006,RESPOP_AV,F,Y_GE65,TOTAL,ALL,12,ALL,ALL,2022,10.3997562927331,,,,,,,,ALL_N1,,,,,,,
IT1:DF_DCSS_ISTR_LAV_PEN_2_TV_3(1.0),A,082006,RESPOP_AV,F,Y_GE65,TOTAL,ALL,12,ALL,ALL,2023,15.401920530267262,,,,,,,,ALL_N1,,,,,,,
IT1:DF_DCSS_ISTR_LAV_PEN_2_TV_3(1.0),A,082006,RESPOP_AV,F,Y_GE65,TOTAL,ALL,12,ALL,ALL,2024,11.55407541078666,,,,,,,,ALL_N1,,,,,,,
IT1:DF_DCSS_ISTR_LAV_PEN_2_TV_3(1.0),A,082006,RESPOP_AV,F,Y_GE65,TOTAL,ALL,22,ALL,ALL,2018,178,,,,,,,,ALL_N1,,,,,,,
IT1:DF_DCSS_ISTR_LAV_PEN_2_TV_3(1.0),A,082006,RESPOP_AV,F,Y_GE65,TOTAL,ALL,22,ALL,ALL,2019,221,,,,,,,,ALL_N1,,,,,,,
IT1:DF_DCSS_ISTR_LAV_PEN_2_TV_3(1.0),A,082006,RESPOP_AV,F,Y_GE65,TOTAL,ALL,22,ALL,ALL,2021,200.428383323822,,,,,,,,ALL_N1,,,,,,,
IT1:DF_DCSS_ISTR_LAV_PEN_2_TV_3(1.0),A,082006,RESPOP_AV,F,Y_GE65,TOTAL,ALL,22,ALL,ALL,2022,178.399756292733,,,,,,,,ALL_N1,,,,,,,
IT1:DF_DCSS_ISTR_LAV_PEN_2_TV_3(1.0),A,082006,RESPOP_AV,F,Y_GE65,TOTAL,ALL,22,ALL,ALL,2023,181.40192053026726,,,,,,,,ALL_N1,,,,,,,
IT1:DF_DCSS_ISTR_LAV_PEN_2_TV_3(1.0),A,082006,RESPOP_AV,F,Y_GE65,TOTAL,ALL,22,ALL,ALL,2024,194.55407541078665,,,,,,,,ALL_N1,,,,,,,
IT1:DF_DCSS_ISTR_LAV_PEN_2_TV_3(1.0),A,082006,RESPOP_AV,F,Y_GE65,TOTAL,ALL,23,ALL,ALL,2018,5438,,,,,,,,ALL_N1,,,,,,,
IT1:DF_DCSS_ISTR_LAV_PEN_2_TV_3(1.0),A,082006,RESPOP_AV,F,Y_GE65,TOTAL,ALL,23,ALL,ALL,2019,5489,,,,,,,,ALL_N1,,,,,,,
IT1:DF_DCSS_ISTR_LAV_PEN_2_TV_3(1.0),A,082006,RESPOP_AV,F,Y_GE65,TOTAL,ALL,23,ALL,ALL,2021,5852.57161667618,,,,,,,,ALL_N1,,,,,,,
IT1:DF_DCSS_ISTR_LAV_PEN_2_TV_3(1.0),A,082006,RESPOP_AV,F,Y_GE65,TOTAL,ALL,23,ALL,ALL,2022,5924.60024370727,,,,,,,,ALL_N1,,,,,,,
IT1:DF_DCSS_ISTR_LAV_PEN_2_TV_3(1.0),A,082006,RESPOP_AV,F,Y_GE65,TOTAL,ALL,23,ALL,ALL,2023,5994.5980794697325,,,,,,,,ALL_N1,,,,,,,
IT1:DF_DCSS_ISTR_LAV_PEN_2_TV_3(1.0),A,082006,RESPOP_AV,F,Y_GE65,TOTAL,ALL,23,ALL,ALL,2024,6110.445924589216,,,,,,,,ALL_N1,,,,,,,
IT1:DF_DCSS_ISTR_LAV_PEN_2_TV_3(1.0),A,082006,RESPOP_AV,F,Y_GE65,TOTAL,ALL,24,ALL,ALL,2018,2655,,,,,,,,ALL_N1,,,,,,,
IT1:DF_DCSS_ISTR_LAV_PEN_2_TV_3(1.0),A,082006,RESPOP_AV,F,Y_GE65,TOTAL,ALL,24,ALL,ALL,2019,2806,,,,,,,,ALL_N1,,,,,,,
IT1:DF_DCSS_ISTR_LAV_PEN_2_TV_3(1.0),A,082006,RESPOP_AV,F,Y_GE65,TOTAL,ALL,24,ALL,ALL,2021,3067.530561718,,,,,,,,ALL_N1,,,,,,,
IT1:DF_DCSS_ISTR_LAV_PEN_2_TV_3(1.0),A,082006,RESPOP_AV,F,Y_GE65,TOTAL,ALL,24,ALL,ALL,2022,2702.3445271578,,,,,,,,ALL_N1,,,,,,,
IT1:DF_DCSS_ISTR_LAV_PEN_2_TV_3(1.0),A,082006,RESPOP_AV,F,Y_GE65,TOTAL,ALL,24,ALL,ALL,2023,2443.9583029203145,,,,,,,,ALL_N1,,,,,,,
IT1:DF_DCSS_ISTR_LAV_PEN_2_TV_3(1.0),A,082006,RESPOP_AV,F,Y_GE65,TOTAL,ALL,24,ALL,ALL,2024,2742.81149529483,,,,,,,,ALL_N1,,,,,,,
IT1:DF_DCSS_ISTR_LAV_PEN_2_TV_3(1.0),A,082006,RESPOP_AV,F,Y_GE65,TOTAL,ALL,4,ALL,ALL,2018,1833,,,,,,,,ALL_N1,,,,,,,
IT1:DF_DCSS_ISTR_LAV_PEN_2_TV_3(1.0),A,082006,RESPOP_AV,F,Y_GE65,TOTAL,ALL,4,ALL,ALL,2019,1898,,,,,,,,ALL_N1,,,,,,,
IT1:DF_DCSS_ISTR_LAV_PEN_2_TV_3(1.0),A,082006,RESPOP_AV,F,Y_GE65,TOTAL,ALL,4,ALL,ALL,2021,2042.23282302705,,,,,,,,ALL_N1,,,,,,,
IT1:DF_DCSS_ISTR_LAV_PEN_2_TV_3(1.0),A,082006,RESPOP_AV,F,Y_GE65,TOTAL,ALL,4,ALL,ALL,2022,2292.07977650234,,,,,,,,ALL_N1,,,,,,,
IT1:DF_DCSS_ISTR_LAV_PEN_2_TV_3(1.0),A,082006,RESPOP_AV,F,Y_GE65,TOTAL,ALL,4,ALL,ALL,2023,2435.2302119744068,,,,,,,,ALL_N1,,,,,,,
IT1:DF_DCSS_ISTR_LAV_PEN_2_TV_3(1.0),A,082006,RESPOP_AV,F,Y_GE65,TOTAL,ALL,4,ALL,ALL,2024,2371.8241329368207,,,,,,,,ALL_N1,,,,,,,
IT1:DF_DCSS_ISTR_LAV_PEN_2_TV_3(1.0),A,082006,RESPOP_AV,F,Y_GE65,TOTAL,ALL,5,ALL,ALL,2018,0,JTEST,,,,,,,ALL_N1,,,,,,,
IT1:DF_DCSS_ISTR_LAV_PEN_2_TV_3(1.0),A,082006,RESPOP_AV,F,Y_GE65,TOTAL,ALL,5,ALL,ALL,2019,0,JTEST,,,,,,,ALL_N1,,,,,,,
IT1:DF_DCSS_ISTR_LAV_PEN_2_TV_3(1.0),A,082006,RESPOP_AV,F,Y_GE65,TOTAL,ALL,5,ALL,ALL,2021,6.14351622933971E-05,,,,,,,,ALL_N1,,,,,,,
IT1:DF_DCSS_ISTR_LAV_PEN_2_TV_3(1.0),A,082006,RESPOP_AV,F,Y_GE65,TOTAL,ALL,5,ALL,ALL,2022,1.1477693202257,,,,,,,,ALL_N1,,,,,,,
IT1:DF_DCSS_ISTR_LAV_PEN_2_TV_3(1.0),A,082006,RESPOP_AV,F,Y_GE65,TOTAL,ALL,5,ALL,ALL,2023,1.7531910310709857,,,,,,,,ALL_N1,,,,,,,
IT1:DF_DCSS_ISTR_LAV_PEN_2_TV_3(1.0),A,082006,RESPOP_AV,F,Y_GE65,TOTAL,ALL,5,ALL,ALL,2024,0.8641140166413885,,,,,,,,ALL_N1,,,,,,,
IT1:DF_DCSS_ISTR_LAV_PEN_2_TV_3(1.0),A,082006,RESPOP_AV,F,Y_GE65,TOTAL,ALL,7,ALL,ALL,2018,950,,,,,,,,ALL_N1,,,,,,,
IT1:DF_DCSS_ISTR_LAV_PEN_2_TV_3(1.0),A,082006,RESPOP_AV,F,Y_GE65,TOTAL,ALL,7,ALL,ALL,2019,785,,,,,,,,ALL_N1,,,,,,,
IT1:DF_DCSS_ISTR_LAV_PEN_2_TV_3(1.0),A,082006,RESPOP_AV,F,Y_GE65,TOTAL,ALL,7,ALL,ALL,2021,742.808170495967,,,,,,,,ALL_N1,,,,,,,
IT1:DF_DCSS_ISTR_LAV_PEN_2_TV_3(1.0),A,082006,RESPOP_AV,F,Y_GE65,TOTAL,ALL,7,ALL,ALL,2022,929.028170726898,,,,,,,,ALL_N1,,,,,,,
IT1:DF_DCSS_ISTR_LAV_PEN_2_TV_3(1.0),A,082006,RESPOP_AV,F,Y_GE65,TOTAL,ALL,7,ALL,ALL,2023,1113.65637354394,,,,,,,,ALL_N1,,,,,,,
IT1:DF_DCSS_ISTR_LAV_PEN_2_TV_3(1.0),A,082006,RESPOP_AV,F,Y_GE65,TOTAL,ALL,7,ALL,ALL,2024,994.9461823409238,,,,,,,,ALL_N1,,,,,,,
IT1:DF_DCSS_ISTR_LAV_PEN_2_TV_3(1.0),A,082006,RESPOP_AV,F,Y_GE65,TOTAL,ALL,99,ALL,ALL,2018,5616,,,,,,,,ALL_N1,99_N1,,,,,,
IT1:DF_DCSS_ISTR_LAV_PEN_2_TV_3(1.0),A,082006,RESPOP_AV,F,Y_GE65,TOTAL,ALL,99,ALL,ALL,2019,5710,,,,,,,,ALL_N1,99_N1,,,,,,
IT1:DF_DCSS_ISTR_LAV_PEN_2_TV_3(1.0),A,082006,RESPOP_AV,F,Y_GE65,TOTAL,ALL,99,ALL,ALL,2020,5898,,,,,,,,ALL_N1,99_N1,,,,,,
IT1:DF_DCSS_ISTR_LAV_PEN_2_TV_3(1.0),A,082006,RESPOP_AV,F,Y_GE65,TOTAL,ALL,99,ALL,ALL,2021,6053,,,,,,,,ALL_N1,99_N1,,,,,,
IT1:DF_DCSS_ISTR_LAV_PEN_2_TV_3(1.0),A,082006,RESPOP_AV,F,Y_GE65,TOTAL,ALL,99,ALL,ALL,2022,6103,,,,,,,,ALL_N1,99_N1,,,,,,
IT1:DF_DCSS_ISTR_LAV_PEN_2_TV_3(1.0),A,082006,RESPOP_AV,F,Y_GE65,TOTAL,ALL,99,ALL,ALL,2023,6176,,,,,,,,ALL_N1,99_N1,,,,,,
IT1:DF_DCSS_ISTR_LAV_PEN_2_TV_3(1.0),A,082006,RESPOP_AV,F,Y_GE65,TOTAL,ALL,99,ALL,ALL,2024,6305.000000000002,,,,,,,,ALL_N1,99_N1,,,,,,
IT1:DF_DCSS_ISTR_LAV_PEN_2_TV_3(1.0),A,082006,RESPOP_AV,F,Y15-24,TOTAL,ALL,1,ALL,ALL,2018,142,,,,,,,,ALL_N1,,,,,,,
IT1:DF_DCSS_ISTR_LAV_PEN_2_TV_3(1.0),A,082006,RESPOP_AV,F,Y15-24,TOTAL,ALL,1,ALL,ALL,2019,154,,,,,,,,ALL_N1,,,,,,,
IT1:DF_DCSS_ISTR_LAV_PEN_2_TV_3(1.0),A,082006,RESPOP_AV,F,Y15-24,TOTAL,ALL,1,ALL,ALL,2021,176,,,,,,,,ALL_N1,,,,,,,
IT1:DF_DCSS_ISTR_LAV_PEN_2_TV_3(1.0),A,082006,RESPOP_AV,F,Y15-24,TOTAL,ALL,1,ALL,ALL,2022,219,,,,,,,,ALL_N1,,,,,,,
IT1:DF_DCSS_ISTR_LAV_PEN_2_TV_3(1.0),A,082006,RESPOP_AV,F,Y15-24,TOTAL,ALL,1,ALL,ALL,2023,231,,,,,,,,ALL_N1,,,,,,,
IT1:DF_DCSS_ISTR_LAV_PEN_2_TV_3(1.0),A,082006,RESPOP_AV,F,Y15-24,TOTAL,ALL,1,ALL,ALL,2024,236,,,,,,,,ALL_N1,,,,,,,
IT1:DF_DCSS_ISTR_LAV_PEN_2_TV_3(1.0),A,082006,RESPOP_AV,F,Y15-24,TOTAL,ALL,12,ALL,ALL,2018,534,,,,,,,,ALL_N1,,,,,,,
IT1:DF_DCSS_ISTR_LAV_PEN_2_TV_3(1.0),A,082006,RESPOP_AV,F,Y15-24,TOTAL,ALL,12,ALL,ALL,2019,509,,,,,,,,ALL_N1,,,,,,,
IT1:DF_DCSS_ISTR_LAV_PEN_2_TV_3(1.0),A,082006,RESPOP_AV,F,Y15-24,TOTAL,ALL,12,ALL,ALL,2021,255.796067027937,,,,,,,,ALL_N1,,,,,,,
IT1:DF_DCSS_ISTR_LAV_PEN_2_TV_3(1.0),A,082006,RESPOP_AV,F,Y15-24,TOTAL,ALL,12,ALL,ALL,2022,260.454469417518,,,,,,,,ALL_N1,,,,,,,
IT1:DF_DCSS_ISTR_LAV_PEN_2_TV_3(1.0),A,082006,RESPOP_AV,F,Y15-24,TOTAL,ALL,12,ALL,ALL,2023,296.568348333135,,,,,,,,ALL_N1,,,,,,,
IT1:DF_DCSS_ISTR_LAV_PEN_2_TV_3(1.0),A,082006,RESPOP_AV,F,Y15-24,TOTAL,ALL,12,ALL,ALL,2024,197.9355768950875,,,,,,,,ALL_N1,,,,,,,
IT1:DF_DCSS_ISTR_LAV_PEN_2_TV_3(1.0),A,082006,RESPOP_AV,F,Y15-24,TOTAL,ALL,22,ALL,ALL,2018,676,,,,,,,,ALL_N1,,,,,,,
IT1:DF_DCSS_ISTR_LAV_PEN_2_TV_3(1.0),A,082006,RESPOP_AV,F,Y15-24,TOTAL,ALL,22,ALL,ALL,2019,663,,,,,,,,ALL_N1,,,,,,,
IT1:DF_DCSS_ISTR_LAV_PEN_2_TV_3(1.0),A,082006,RESPOP_AV,F,Y15-24,TOTAL,ALL,22,ALL,ALL,2021,431.796067027937,,,,,,,,ALL_N1,,,,,,,
IT1:DF_DCSS_ISTR_LAV_PEN_2_TV_3(1.0),A,082006,RESPOP_AV,F,Y15-24,TOTAL,ALL,22,ALL,ALL,2022,479.454469417518,,,,,,,,ALL_N1,,,,,,,
IT1:DF_DCSS_ISTR_LAV_PEN_2_TV_3(1.0),A,082006,RESPOP_AV,F,Y15-24,TOTAL,ALL,22,ALL,ALL,2023,527.5683483331351,,,,,,,,ALL_N1,,,,,,,
IT1:DF_DCSS_ISTR_LAV_PEN_2_TV_3(1.0),A,082006,RESPOP_AV,F,Y15-24,TOTAL,ALL,22,ALL,ALL,2024,433.93557689508754,,,,,,,,ALL_N1,,,,,,,
IT1:DF_DCSS_ISTR_LAV_PEN_2_TV_3(1.0),A,082006,RESPOP_AV,F,Y15-24,TOTAL,ALL,23,ALL,ALL,2018,2361,,,,,,,,ALL_N1,,,,,,,
IT1:DF_DCSS_ISTR_LAV_PEN_2_TV_3(1.0),A,082006,RESPOP_AV,F,Y15-24,TOTAL,ALL,23,ALL,ALL,2019,2320,,,,,,,,ALL_N1,,,,,,,
IT1:DF_DCSS_ISTR_LAV_PEN_2_TV_3(1.0),A,082006,RESPOP_AV,F,Y15-24,TOTAL,ALL,23,ALL,ALL,2021,2420.20393297206,,,,,,,,ALL_N1,,,,,,,
IT1:DF_DCSS_ISTR_LAV_PEN_2_TV_3(1.0),A,082006,RESPOP_AV,F,Y15-24,TOTAL,ALL,23,ALL,ALL,2022,2367.54553058248,,,,,,,,ALL_N1,,,,,,,
IT1:DF_DCSS_ISTR_LAV_PEN_2_TV_3(1.0),A,082006,RESPOP_AV,F,Y15-24,TOTAL,ALL,23,ALL,ALL,2023,2353.4316516668655,,,,,,,,ALL_N1,,,,,,,
IT1:DF_DCSS_ISTR_LAV_PEN_2_TV_3(1.0),A,082006,RESPOP_AV,F,Y15-24,TOTAL,ALL,23,ALL,ALL,2024,2448.0644231049127,,,,,,,,ALL_N1,,,,,,,
IT1:DF_DCSS_ISTR_LAV_PEN_2_TV_3(1.0),A,082006,RESPOP_AV,F,Y15-24,TOTAL,ALL,24,ALL,ALL,2018,2,,,,,,,,ALL_N1,,,,,,,
IT1:DF_DCSS_ISTR_LAV_PEN_2_TV_3(1.0),A,082006,RESPOP_AV,F,Y15-24,TOTAL,ALL,24,ALL,ALL,2019,2,,,,,,,,ALL_N1,,,,,,,
IT1:DF_DCSS_ISTR_LAV_PEN_2_TV_3(1.0),A,082006,RESPOP_AV,F,Y15-24,TOTAL,ALL,24,ALL,ALL,2021,1.94470129975829,,,,,,,,ALL_N1,,,,,,,
IT1:DF_DCSS_ISTR_LAV_PEN_2_TV_3(1.0),A,082006,RESPOP_AV,F,Y15-24,TOTAL,ALL,24,ALL,ALL,2022,2.10425604335789,,,,,,,,ALL_N1,,,,,,,
IT1:DF_DCSS_ISTR_LAV_PEN_2_TV_3(1.0),A,082006,RESPOP_AV,F,Y15-24,TOTAL,ALL,24,ALL,ALL,2023,1.5750698899911315,,,,,,,,ALL_N1,,,,,,,
IT1:DF_DCSS_ISTR_LAV_PEN_2_TV_3(1.0),A,082006,RESPOP_AV,F,Y15-24,TOTAL,ALL,24,ALL,ALL,2024,2.8461729673939953,,,,,,,,ALL_N1,,,,,,,
IT1:DF_DCSS_ISTR_LAV_PEN_2_TV_3(1.0),A,082006,RESPOP_AV,F,Y15-24,TOTAL,ALL,4,ALL,ALL,2018,376,,,,,,,,ALL_N1,,,,,,,
IT1:DF_DCSS_ISTR_LAV_PEN_2_TV_3(1.0),A,082006,RESPOP_AV,F,Y15-24,TOTAL,ALL,4,ALL,ALL,2019,324,,,,,,,,ALL_N1,,,,,,,
IT1:DF_DCSS_ISTR_LAV_PEN_2_TV_3(1.0),A,082006,RESPOP_AV,F,Y15-24,TOTAL,ALL,4,ALL,ALL,2021,421.364807529602,,,,,,,,ALL_N1,,,,,,,
IT1:DF_DCSS_ISTR_LAV_PEN_2_TV_3(1.0),A,082006,RESPOP_AV,F,Y15-24,TOTAL,ALL,4,ALL,ALL,2022,364.106237637171,,,,,,,,ALL_N1,,,,,,,
IT1:DF_DCSS_ISTR_LAV_PEN_2_TV_3(1.0),A,082006,RESPOP_AV,F,Y15-24,TOTAL,ALL,4,ALL,ALL,2023,421.07368105452446,,,,,,,,ALL_N1,,,,,,,
IT1:DF_DCSS_ISTR_LAV_PEN_2_TV_3(1.0),A,082006,RESPOP_AV,F,Y15-24,TOTAL,ALL,4,ALL,ALL,2024,386.84112073882596,,,,,,,,ALL_N1,,,,,,,
IT1:DF_DCSS_ISTR_LAV_PEN_2_TV_3(1.0),A,082006,RESPOP_AV,F,Y15-24,TOTAL,ALL,5,ALL,ALL,2018,1742,,,,,,,,ALL_N1,,,,,,,
IT1:DF_DCSS_ISTR_LAV_PEN_2_TV_3(1.0),A,082006,RESPOP_AV,F,Y15-24,TOTAL,ALL,5,ALL,ALL,2019,1853,,,,,,,,ALL_N1,,,,,,,
IT1:DF_DCSS_ISTR_LAV_PEN_2_TV_3(1.0),A,082006,RESPOP_AV,F,Y15-24,TOTAL,ALL,5,ALL,ALL,2021,1822.51309014561,,,,,,,,ALL_N1,,,,,,,
IT1:DF_DCSS_ISTR_LAV_PEN_2_TV_3(1.0),A,082006,RESPOP_AV,F,Y15-24,TOTAL,ALL,5,ALL,ALL,2022,1837.3621104948,,,,,,,,ALL_N1,,,,,,,
IT1:DF_DCSS_ISTR_LAV_PEN_2_TV_3(1.0),A,082006,RESPOP_AV,F,Y15-24,TOTAL,ALL,5,ALL,ALL,2023,1755.2095433354036,,,,,,,,ALL_N1,,,,,,,
IT1:DF_DCSS_ISTR_LAV_PEN_2_TV_3(1.0),A,082006,RESPOP_AV,F,Y15-24,TOTAL,ALL,5,ALL,ALL,2024,1875.2983186136667,,,,,,,,ALL_N1,,,,,,,
IT1:DF_DCSS_ISTR_LAV_PEN_2_TV_3(1.0),A,082006,RESPOP_AV,F,Y15-24,TOTAL,ALL,7,ALL,ALL,2018,241,,,,,,,,ALL_N1,,,,,,,
IT1:DF_DCSS_ISTR_LAV_PEN_2_TV_3(1.0),A,082006,RESPOP_AV,F,Y15-24,TOTAL,ALL,7,ALL,ALL,2019,141,,,,,,,,ALL_N1,,,,,,,
IT1:DF_DCSS_ISTR_LAV_PEN_2_TV_3(1.0),A,082006,RESPOP_AV,F,Y15-24,TOTAL,ALL,7,ALL,ALL,2021,174.381333997089,,,,,,,,ALL_N1,,,,,,,
IT1:DF_DCSS_ISTR_LAV_PEN_2_TV_3(1.0),A,082006,RESPOP_AV,F,Y15-24,TOTAL,ALL,7,ALL,ALL,2022,163.972926407148,,,,,,,,ALL_N1,,,,,,,
IT1:DF_DCSS_ISTR_LAV_PEN_2_TV_3(1.0),A,082006,RESPOP_AV,F,Y15-24,TOTAL,ALL,7,ALL,ALL,2023,175.57335738694644,,,,,,,,ALL_N1,,,,,,,
IT1:DF_DCSS_ISTR_LAV_PEN_2_TV_3(1.0),A,082006,RESPOP_AV,F,Y15-24,TOTAL,ALL,7,ALL,ALL,2024,183.078810785026,,,,,,,,ALL_N1,,,,,,,
IT1:DF_DCSS_ISTR_LAV_PEN_2_TV_3(1.0),A,082006,RESPOP_AV,F,Y15-24,TOTAL,ALL,99,ALL,ALL,2018,3037,,,,,,,,ALL_N1,99_N1,,,,,,
IT1:DF_DCSS_ISTR_LAV_PEN_2_TV_3(1.0),A,082006,RESPOP_AV,F,Y15-24,TOTAL,ALL,99,ALL,ALL,2019,2983,,,,,,,,ALL_N1,99_N1,,,,,,
IT1:DF_DCSS_ISTR_LAV_PEN_2_TV_3(1.0),A,082006,RESPOP_AV,F,Y15-24,TOTAL,ALL,99,ALL,ALL,2021,2852,,,,,,,,ALL_N1,99_N1,,,,,,
IT1:DF_DCSS_ISTR_LAV_PEN_2_TV_3(1.0),A,082006,RESPOP_AV,F,Y15-24,TOTAL,ALL,99,ALL,ALL,2022,2847,,,,,,,,ALL_N1,99_N1,,,,,,
IT1:DF_DCSS_ISTR_LAV_PEN_2_TV_3(1.0),A,082006,RESPOP_AV,F,Y15-24,TOTAL,ALL,99,ALL,ALL,2023,2881.0000000000005,,,,,,,,ALL_N1,99_N1,,,,,,
IT1:DF_DCSS_ISTR_LAV_PEN_2_TV_3(1.0),A,082006,RESPOP_AV,F,Y15-24,TOTAL,ALL,99,ALL,ALL,2024,2882,,,,,,,,ALL_N1,99_N1,,,,,,
IT1:DF_DCSS_ISTR_LAV_PEN_2_TV_3(1.0),A,082006,RESPOP_AV,F,Y25-49,TOTAL,ALL,1,ALL,ALL,2018,2641,,,,,,,,ALL_N1,,,,,,,
IT1:DF_DCSS_ISTR_LAV_PEN_2_TV_3(1.0),A,082006,RESPOP_AV,F,Y25-49,TOTAL,ALL,1,ALL,ALL,2019,2696,,,,,,,,ALL_N1,,,,,,,
IT1:DF_DCSS_ISTR_LAV_PEN_2_TV_3(1.0),A,082006,RESPOP_AV,F,Y25-49,TOTAL,ALL,1,ALL,ALL,2021,2853,,,,,,,,ALL_N1,,,,,,,
IT1:DF_DCSS_ISTR_LAV_PEN_2_TV_3(1.0),A,082006,RESPOP_AV,F,Y25-49,TOTAL,ALL,1,ALL,ALL,2022,2918,,,,,,,,ALL_N1,,,,,,,
IT1:DF_DCSS_ISTR_LAV_PEN_2_TV_3(1.0),A,082006,RESPOP_AV,F,Y25-49,TOTAL,ALL,1,ALL,ALL,2023,3068,,,,,,,,ALL_N1,,,,,,,
IT1:DF_DCSS_ISTR_LAV_PEN_2_TV_3(1.0),A,082006,RESPOP_AV,F,Y25-49,TOTAL,ALL,1,ALL,ALL,2024,3272,,,,,,,,ALL_N1,,,,,,,
IT1:DF_DCSS_ISTR_LAV_PEN_2_TV_3(1.0),A,082006,RESPOP_AV,F,Y25-49,TOTAL,ALL,12,ALL,ALL,2018,1702,,,,,,,,ALL_N1,,,,,,,
IT1:DF_DCSS_ISTR_LAV_PEN_2_TV_3(1.0),A,082006,RESPOP_AV,F,Y25-49,TOTAL,ALL,12,ALL,ALL,2019,1746,,,,,,,,ALL_N1,,,,,,,
IT1:DF_DCSS_ISTR_LAV_PEN_2_TV_3(1.0),A,082006,RESPOP_AV,F,Y25-49,TOTAL,ALL,12,ALL,ALL,2021,863.403811221291,,,,,,,,ALL_N1,,,,,,,
IT1:DF_DCSS_ISTR_LAV_PEN_2_TV_3(1.0),A,082006,RESPOP_AV,F,Y25-49,TOTAL,ALL,12,ALL,ALL,2022,797.963479835383,,,,,,,,ALL_N1,,,,,,,
IT1:DF_DCSS_ISTR_LAV_PEN_2_TV_3(1.0),A,082006,RESPOP_AV,F,Y25-49,TOTAL,ALL,12,ALL,ALL,2023,781.1629975588208,,,,,,,,ALL_N1,,,,,,,
IT1:DF_DCSS_ISTR_LAV_PEN_2_TV_3(1.0),A,082006,RESPOP_AV,F,Y25-49,TOTAL,ALL,12,ALL,ALL,2024,572.1639910125781,,,,,,,,ALL_N1,,,,,,,
IT1:DF_DCSS_ISTR_LAV_PEN_2_TV_3(1.0),A,082006,RESPOP_AV,F,Y25-49,TOTAL,ALL,22,ALL,ALL,2018,4343,,,,,,,,ALL_N1,,,,,,,
IT1:DF_DCSS_ISTR_LAV_PEN_2_TV_3(1.0),A,082006,RESPOP_AV,F,Y25-49,TOTAL,ALL,22,ALL,ALL,2019,4442,,,,,,,,ALL_N1,,,,,,,
IT1:DF_DCSS_ISTR_LAV_PEN_2_TV_3(1.0),A,082006,RESPOP_AV,F,Y25-49,TOTAL,ALL,22,ALL,ALL,2021,3716.40381122129,,,,,,,,ALL_N1,,,,,,,
IT1:DF_DCSS_ISTR_LAV_PEN_2_TV_3(1.0),A,082006,RESPOP_AV,F,Y25-49,TOTAL,ALL,22,ALL,ALL,2022,3715.96347983538,,,,,,,,ALL_N1,,,,,,,
IT1:DF_DCSS_ISTR_LAV_PEN_2_TV_3(1.0),A,082006,RESPOP_AV,F,Y25-49,TOTAL,ALL,22,ALL,ALL,2023,3849.1629975588207,,,,,,,,ALL_N1,,,,,,,
IT1:DF_DCSS_ISTR_LAV_PEN_2_TV_3(1.0),A,082006,RESPOP_AV,F,Y25-49,TOTAL,ALL,22,ALL,ALL,2024,3844.163991012578,,,,,,,,ALL_N1,,,,,,,
IT1:DF_DCSS_ISTR_LAV_PEN_2_TV_3(1.0),A,082006,RESPOP_AV,F,Y25-49,TOTAL,ALL,23,ALL,ALL,2018,4907,,,,,,,,ALL_N1,,,,,,,
IT1:DF_DCSS_ISTR_LAV_PEN_2_TV_3(1.0),A,082006,RESPOP_AV,F,Y25-49,TOTAL,ALL,23,ALL,ALL,2019,4617,,,,,,,,ALL_N1,,,,,,,
IT1:DF_DCSS_ISTR_LAV_PEN_2_TV_3(1.0),A,082006,RESPOP_AV,F,Y25-49,TOTAL,ALL,23,ALL,ALL,2021,4962.59618877871,,,,,,,,ALL_N1,,,,,,,
IT1:DF_DCSS_ISTR_LAV_PEN_2_TV_3(1.0),A,082006,RESPOP_AV,F,Y25-49,TOTAL,ALL,23,ALL,ALL,2022,4834.03652016462,,,,,,,,ALL_N1,,,,,,,
IT1:DF_DCSS_ISTR_LAV_PEN_2_TV_3(1.0),A,082006,RESPOP_AV,F,Y25-49,TOTAL,ALL,23,ALL,ALL,2023,4533.83700244118,,,,,,,,ALL_N1,,,,,,,
IT1:DF_DCSS_ISTR_LAV_PEN_2_TV_3(1.0),A,082006,RESPOP_AV,F,Y25-49,TOTAL,ALL,23,ALL,ALL,2024,4422.836008987422,,,,,,,,ALL_N1,,,,,,,
IT1:DF_DCSS_ISTR_LAV_PEN_2_TV_3(1.0),A,082006,RESPOP_AV,F,Y25-49,TOTAL,ALL,24,ALL,ALL,2018,49,,,,,,,,ALL_N1,,,,,,,
IT1:DF_DCSS_ISTR_LAV_PEN_2_TV_3(1.0),A,082006,RESPOP_AV,F,Y25-49,TOTAL,ALL,24,ALL,ALL,2019,58,,,,,,,,ALL_N1,,,,,,,
IT1:DF_DCSS_ISTR_LAV_PEN_2_TV_3(1.0),A,082006,RESPOP_AV,F,Y25-49,TOTAL,ALL,24,ALL,ALL,2021,48.1228313790533,,,,,,,,ALL_N1,,,,,,,
IT1:DF_DCSS_ISTR_LAV_PEN_2_TV_3(1.0),A,082006,RESPOP_AV,F,Y25-49,TOTAL,ALL,24,ALL,ALL,2022,38.3740934956673,,,,,,,,ALL_N1,,,,,,,
IT1:DF_DCSS_ISTR_LAV_PEN_2_TV_3(1.0),A,082006,RESPOP_AV,F,Y25-49,TOTAL,ALL,24,ALL,ALL,2023,31.216512011520578,,,,,,,,ALL_N1,,,,,,,
IT1:DF_DCSS_ISTR_LAV_PEN_2_TV_3(1.0),A,082006,RESPOP_AV,F,Y25-49,TOTAL,ALL,24,ALL,ALL,2024,39.08472905994479,,,,,,,,ALL_N1,,,,,,,
IT1:DF_DCSS_ISTR_LAV_PEN_2_TV_3(1.0),A,082006,RESPOP_AV,F,Y25-49,TOTAL,ALL,4,ALL,ALL,2018,3894,,,,,,,,ALL_N1,,,,,,,
IT1:DF_DCSS_ISTR_LAV_PEN_2_TV_3(1.0),A,082006,RESPOP_AV,F,Y25-49,TOTAL,ALL,4,ALL,ALL,2019,3703,,,,,,,,ALL_N1,,,,,,,
IT1:DF_DCSS_ISTR_LAV_PEN_2_TV_3(1.0),A,082006,RESPOP_AV,F,Y25-49,TOTAL,ALL,4,ALL,ALL,2021,3971.67058542157,,,,,,,,ALL_N1,,,,,,,
IT1:DF_DCSS_ISTR_LAV_PEN_2_TV_3(1.0),A,082006,RESPOP_AV,F,Y25-49,TOTAL,ALL,4,ALL,ALL,2022,3843.50678833649,,,,,,,,ALL_N1,,,,,,,
IT1:DF_DCSS_ISTR_LAV_PEN_2_TV_3(1.0),A,082006,RESPOP_AV,F,Y25-49,TOTAL,ALL,4,ALL,ALL,2023,3661.1138988756097,,,,,,,,ALL_N1,,,,,,,
IT1:DF_DCSS_ISTR_LAV_PEN_2_TV_3(1.0),A,082006,RESPOP_AV,F,Y25-49,TOTAL,ALL,4,ALL,ALL,2024,3490.699175023523,,,,,,,,ALL_N1,,,,,,,
IT1:DF_DCSS_ISTR_LAV_PEN_2_TV_3(1.0),A,082006,RESPOP_AV,F,Y25-49,TOTAL,ALL,5,ALL,ALL,2018,296,,,,,,,,ALL_N1,,,,,,,
IT1:DF_DCSS_ISTR_LAV_PEN_2_TV_3(1.0),A,082006,RESPOP_AV,F,Y25-49,TOTAL,ALL,5,ALL,ALL,2019,334,,,,,,,,ALL_N1,,,,,,,
IT1:DF_DCSS_ISTR_LAV_PEN_2_TV_3(1.0),A,082006,RESPOP_AV,F,Y25-49,TOTAL,ALL,5,ALL,ALL,2021,339.009067773563,,,,,,,,ALL_N1,,,,,,,
IT1:DF_DCSS_ISTR_LAV_PEN_2_TV_3(1.0),A,082006,RESPOP_AV,F,Y25-49,TOTAL,ALL,5,ALL,ALL,2022,349.581950423594,,,,,,,,ALL_N1,,,,,,,
IT1:DF_DCSS_ISTR_LAV_PEN_2_TV_3(1.0),A,082006,RESPOP_AV,F,Y25-49,TOTAL,ALL,5,ALL,ALL,2023,244.5787505512041,,,,,,,,ALL_N1,,,,,,,
IT1:DF_DCSS_ISTR_LAV_PEN_2_TV_3(1.0),A,082006,RESPOP_AV,F,Y25-49,TOTAL,ALL,5,ALL,ALL,2024,298.6475052544649,,,,,,,,ALL_N1,,,,,,,
IT1:DF_DCSS_ISTR_LAV_PEN_2_TV_3(1.0),A,082006,RESPOP_AV,F,Y25-49,TOTAL,ALL,7,ALL,ALL,2018,668,,,,,,,,ALL_N1,,,,,,,
IT1:DF_DCSS_ISTR_LAV_PEN_2_TV_3(1.0),A,082006,RESPOP_AV,F,Y25-49,TOTAL,ALL,7,ALL,ALL,2019,522,,,,,,,,ALL_N1,,,,,,,
IT1:DF_DCSS_ISTR_LAV_PEN_2_TV_3(1.0),A,082006,RESPOP_AV,F,Y25-49,TOTAL,ALL,7,ALL,ALL,2021,603.793704204519,,,,,,,,ALL_N1,,,,,,,
IT1:DF_DCSS_ISTR_LAV_PEN_2_TV_3(1.0),A,082006,RESPOP_AV,F,Y25-49,TOTAL,ALL,7,ALL,ALL,2022,602.57368790887,,,,,,,,ALL_N1,,,,,,,
IT1:DF_DCSS_ISTR_LAV_PEN_2_TV_3(1.0),A,082006,RESPOP_AV,F,Y25-49,TOTAL,ALL,7,ALL,ALL,2023,596.9278410028454,,,,,,,,ALL_N1,,,,,,,
IT1:DF_DCSS_ISTR_LAV_PEN_2_TV_3(1.0),A,082006,RESPOP_AV,F,Y25-49,TOTAL,ALL,7,ALL,ALL,2024,594.4045996494895,,,,,,,,ALL_N1,,,,,,,
IT1:DF_DCSS_ISTR_LAV_PEN_2_TV_3(1.0),A,082006,RESPOP_AV,F,Y25-49,TOTAL,ALL,99,ALL,ALL,2018,9250,,,,,,,,ALL_N1,99_N1,,,,,,
IT1:DF_DCSS_ISTR_LAV_PEN_2_TV_3(1.0),A,082006,RESPOP_AV,F,Y25-49,TOTAL,ALL,99,ALL,ALL,2019,9059,,,,,,,,ALL_N1,99_N1,,,,,,
IT1:DF_DCSS_ISTR_LAV_PEN_2_TV_3(1.0),A,082006,RESPOP_AV,F,Y25-49,TOTAL,ALL,99,ALL,ALL,2020,8782,,,,,,,,ALL_N1,99_N1,,,,,,
IT1:DF_DCSS_ISTR_LAV_PEN_2_TV_3(1.0),A,082006,RESPOP_AV,F,Y25-49,TOTAL,ALL,99,ALL,ALL,2021,8679,,,,,,,,ALL_N1,99_N1,,,,,,
IT1:DF_DCSS_ISTR_LAV_PEN_2_TV_3(1.0),A,082006,RESPOP_AV,F,Y25-49,TOTAL,ALL,99,ALL,ALL,2022,8550,,,,,,,,ALL_N1,99_N1,,,,,,
IT1:DF_DCSS_ISTR_LAV_PEN_2_TV_3(1.0),A,082006,RESPOP_AV,F,Y25-49,TOTAL,ALL,99,ALL,ALL,2023,8383,,,,,,,,ALL_N1,99_N1,,,,,,
IT1:DF_DCSS_ISTR_LAV_PEN_2_TV_3(1.0),A,082006,RESPOP_AV,F,Y25-49,TOTAL,ALL,99,ALL,ALL,2024,8267,,,,,,,,ALL_N1,99_N1,,,,,,
IT1:DF_DCSS_ISTR_LAV_PEN_2_TV_3(1.0),A,082006,RESPOP_AV,F,Y50-64,TOTAL,ALL,1,ALL,ALL,2018,1530,,,,,,,,ALL_N1,,,,,,,
IT1:DF_DCSS_ISTR_LAV_PEN_2_TV_3(1.0),A,082006,RESPOP_AV,F,Y50-64,TOTAL,ALL,1,ALL,ALL,2019,1543,,,,,,,,ALL_N1,,,,,,,
IT1:DF_DCSS_ISTR_LAV_PEN_2_TV_3(1.0),A,082006,RESPOP_AV,F,Y50-64,TOTAL,ALL,1,ALL,ALL,2021,1641,,,,,,,,ALL_N1,,,,,,,
IT1:DF_DCSS_ISTR_LAV_PEN_2_TV_3(1.0),A,082006,RESPOP_AV,F,Y50-64,TOTAL,ALL,1,ALL,ALL,2022,1670,,,,,,,,ALL_N1,,,,,,,
IT1:DF_DCSS_ISTR_LAV_PEN_2_TV_3(1.0),A,082006,RESPOP_AV,F,Y50-64,TOTAL,ALL,1,ALL,ALL,2023,1773,,,,,,,,ALL_N1,,,,,,,
IT1:DF_DCSS_ISTR_LAV_PEN_2_TV_3(1.0),A,082006,RESPOP_AV,F,Y50-64,TOTAL,ALL,1,ALL,ALL,2024,1917,,,,,,,,ALL_N1,,,,,,,
IT1:DF_DCSS_ISTR_LAV_PEN_2_TV_3(1.0),A,082006,RESPOP_AV,F,Y50-64,TOTAL,ALL,12,ALL,ALL,2018,483,,,,,,,,ALL_N1,,,,,,,
IT1:DF_DCSS_ISTR_LAV_PEN_2_TV_3(1.0),A,082006,RESPOP_AV,F,Y50-64,TOTAL,ALL,12,ALL,ALL,2019,537,,,,,,,,ALL_N1,,,,,,,
IT1:DF_DCSS_ISTR_LAV_PEN_2_TV_3(1.0),A,082006,RESPOP_AV,F,Y50-64,TOTAL,ALL,12,ALL,ALL,2021,276.786724981465,,,,,,,,ALL_N1,,,,,,,
IT1:DF_DCSS_ISTR_LAV_PEN_2_TV_3(1.0),A,082006,RESPOP_AV,F,Y50-64,TOTAL,ALL,12,ALL,ALL,2022,251.91952087505,,,,,,,,ALL_N1,,,,,,,
IT1:DF_DCSS_ISTR_LAV_PEN_2_TV_3(1.0),A,082006,RESPOP_AV,F,Y50-64,TOTAL,ALL,12,ALL,ALL,2023,301.77663460492744,,,,,,,,ALL_N1,,,,,,,
IT1:DF_DCSS_ISTR_LAV_PEN_2_TV_3(1.0),A,082006,RESPOP_AV,F,Y50-64,TOTAL,ALL,12,ALL,ALL,2024,222.4090356579855,,,,,,,,ALL_N1,,,,,,,
IT1:DF_DCSS_ISTR_LAV_PEN_2_TV_3(1.0),A,082006,RESPOP_AV,F,Y50-64,TOTAL,ALL,22,ALL,ALL,2018,2013,,,,,,,,ALL_N1,,,,,,,
IT1:DF_DCSS_ISTR_LAV_PEN_2_TV_3(1.0),A,082006,RESPOP_AV,F,Y50-64,TOTAL,ALL,22,ALL,ALL,2019,2080,,,,,,,,ALL_N1,,,,,,,
IT1:DF_DCSS_ISTR_LAV_PEN_2_TV_3(1.0),A,082006,RESPOP_AV,F,Y50-64,TOTAL,ALL,22,ALL,ALL,2021,1917.78672498147,,,,,,,,ALL_N1,,,,,,,
IT1:DF_DCSS_ISTR_LAV_PEN_2_TV_3(1.0),A,082006,RESPOP_AV,F,Y50-64,TOTAL,ALL,22,ALL,ALL,2022,1921.91952087505,,,,,,,,ALL_N1,,,,,,,
IT1:DF_DCSS_ISTR_LAV_PEN_2_TV_3(1.0),A,082006,RESPOP_AV,F,Y50-64,TOTAL,ALL,22,ALL,ALL,2023,2074.7766346049275,,,,,,,,ALL_N1,,,,,,,
IT1:DF_DCSS_ISTR_LAV_PEN_2_TV_3(1.0),A,082006,RESPOP_AV,F,Y50-64,TOTAL,ALL,22,ALL,ALL,2024,2139.4090356579854,,,,,,,,ALL_N1,,,,,,,
IT1:DF_DCSS_ISTR_LAV_PEN_2_TV_3(1.0),A,082006,RESPOP_AV,F,Y50-64,TOTAL,ALL,23,ALL,ALL,2018,3781,,,,,,,,ALL_N1,,,,,,,
IT1:DF_DCSS_ISTR_LAV_PEN_2_TV_3(1.0),A,082006,RESPOP_AV,F,Y50-64,TOTAL,ALL,23,ALL,ALL,2019,3800,,,,,,,,ALL_N1,,,,,,,
IT1:DF_DCSS_ISTR_LAV_PEN_2_TV_3(1.0),A,082006,RESPOP_AV,F,Y50-64,TOTAL,ALL,23,ALL,ALL,2021,4063.21327501854,,,,,,,,ALL_N1,,,,,,,
IT1:DF_DCSS_ISTR_LAV_PEN_2_TV_3(1.0),A,082006,RESPOP_AV,F,Y50-64,TOTAL,ALL,23,ALL,ALL,2022,4160.08047912495,,,,,,,,ALL_N1,,,,,,,
IT1:DF_DCSS_ISTR_LAV_PEN_2_TV_3(1.0),A,082006,RESPOP_AV,F,Y50-64,TOTAL,ALL,23,ALL,ALL,2023,4079.2233653950725,,,,,,,,ALL_N1,,,,,,,
IT1:DF_DCSS_ISTR_LAV_PEN_2_TV_3(1.0),A,082006,RESPOP_AV,F,Y50-64,TOTAL,ALL,23,ALL,ALL,2024,4071.5909643420146,,,,,,,,ALL_N1,,,,,,,
IT1:DF_DCSS_ISTR_LAV_PEN_2_TV_3(1.0),A,082006,RESPOP_AV,F,Y50-64,TOTAL,ALL,24,ALL,ALL,2018,184,,,,,,,,ALL_N1,,,,,,,
IT1:DF_DCSS_ISTR_LAV_PEN_2_TV_3(1.0),A,082006,RESPOP_AV,F,Y50-64,TOTAL,ALL,24,ALL,ALL,2019,197,,,,,,,,ALL_N1,,,,,,,
IT1:DF_DCSS_ISTR_LAV_PEN_2_TV_3(1.0),A,082006,RESPOP_AV,F,Y50-64,TOTAL,ALL,24,ALL,ALL,2021,216.706772699855,,,,,,,,ALL_N1,,,,,,,
IT1:DF_DCSS_ISTR_LAV_PEN_2_TV_3(1.0),A,082006,RESPOP_AV,F,Y50-64,TOTAL,ALL,24,ALL,ALL,2022,156.694387865583,,,,,,,,ALL_N1,,,,,,,
IT1:DF_DCSS_ISTR_LAV_PEN_2_TV_3(1.0),A,082006,RESPOP_AV,F,Y50-64,TOTAL,ALL,24,ALL,ALL,2023,125.02785644838936,,,,,,,,ALL_N1,,,,,,,
IT1:DF_DCSS_ISTR_LAV_PEN_2_TV_3(1.0),A,082006,RESPOP_AV,F,Y50-64,TOTAL,ALL,24,ALL,ALL,2024,132.7285217815395,,,,,,,,ALL_N1,,,,,,,
IT1:DF_DCSS_ISTR_LAV_PEN_2_TV_3(1.0),A,082006,RESPOP_AV,F,Y50-64,TOTAL,ALL,4,ALL,ALL,2018,3184,,,,,,,,ALL_N1,,,,,,,
IT1:DF_DCSS_ISTR_LAV_PEN_2_TV_3(1.0),A,082006,RESPOP_AV,F,Y50-64,TOTAL,ALL,4,ALL,ALL,2019,3247,,,,,,,,ALL_N1,,,,,,,
IT1:DF_DCSS_ISTR_LAV_PEN_2_TV_3(1.0),A,082006,RESPOP_AV,F,Y50-64,TOTAL,ALL,4,ALL,ALL,2021,3405.15526693164,,,,,,,,ALL_N1,,,,,,,
IT1:DF_DCSS_ISTR_LAV_PEN_2_TV_3(1.0),A,082006,RESPOP_AV,F,Y50-64,TOTAL,ALL,4,ALL,ALL,2022,3497.45062409389,,,,,,,,ALL_N1,,,,,,,
IT1:DF_DCSS_ISTR_LAV_PEN_2_TV_3(1.0),A,082006,RESPOP_AV,F,Y50-64,TOTAL,ALL,4,ALL,ALL,2023,3443.0374301094903,,,,,,,,ALL_N1,,,,,,,
IT1:DF_DCSS_ISTR_LAV_PEN_2_TV_3(1.0),A,082006,RESPOP_AV,F,Y50-64,TOTAL,ALL,4,ALL,ALL,2024,3431.5920442665915,,,,,,,,ALL_N1,,,,,,,
IT1:DF_DCSS_ISTR_LAV_PEN_2_TV_3(1.0),A,082006,RESPOP_AV,F,Y50-64,TOTAL,ALL,5,ALL,ALL,2018,3,,,,,,,,ALL_N1,,,,,,,
IT1:DF_DCSS_ISTR_LAV_PEN_2_TV_3(1.0),A,082006,RESPOP_AV,F,Y50-64,TOTAL,ALL,5,ALL,ALL,2019,3,,,,,,,,ALL_N1,,,,,,,
IT1:DF_DCSS_ISTR_LAV_PEN_2_TV_3(1.0),A,082006,RESPOP_AV,F,Y50-64,TOTAL,ALL,5,ALL,ALL,2021,6.97670548343462,,,,,,,,ALL_N1,,,,,,,
IT1:DF_DCSS_ISTR_LAV_PEN_2_TV_3(1.0),A,082006,RESPOP_AV,F,Y50-64,TOTAL,ALL,5,ALL,ALL,2022,9.90601665337686,,,,,,,,ALL_N1,,,,,,,
IT1:DF_DCSS_ISTR_LAV_PEN_2_TV_3(1.0),A,082006,RESPOP_AV,F,Y50-64,TOTAL,ALL,5,ALL,ALL,2023,7.627627215704798,,,,,,,,ALL_N1,,,,,,,
IT1:DF_DCSS_ISTR_LAV_PEN_2_TV_3(1.0),A,082006,RESPOP_AV,F,Y50-64,TOTAL,ALL,5,ALL,ALL,2024,11.789893562969432,,,,,,,,ALL_N1,,,,,,,
IT1:DF_DCSS_ISTR_LAV_PEN_2_TV_3(1.0),A,082006,RESPOP_AV,F,Y50-64,TOTAL,ALL,7,ALL,ALL,2018,410,,,,,,,,ALL_N1,,,,,,,
IT1:DF_DCSS_ISTR_LAV_PEN_2_TV_3(1.0),A,082006,RESPOP_AV,F,Y50-64,TOTAL,ALL,7,ALL,ALL,2019,353,,,,,,,,ALL_N1,,,,,,,
IT1:DF_DCSS_ISTR_LAV_PEN_2_TV_3(1.0),A,082006,RESPOP_AV,F,Y50-64,TOTAL,ALL,7,ALL,ALL,2021,434.374529903609,,,,,,,,ALL_N1,,,,,,,
IT1:DF_DCSS_ISTR_LAV_PEN_2_TV_3(1.0),A,082006,RESPOP_AV,F,Y50-64,TOTAL,ALL,7,ALL,ALL,2022,496.029450512095,,,,,,,,ALL_N1,,,,,,,
IT1:DF_DCSS_ISTR_LAV_PEN_2_TV_3(1.0),A,082006,RESPOP_AV,F,Y50-64,TOTAL,ALL,7,ALL,ALL,2023,503.5304516214883,,,,,,,,ALL_N1,,,,,,,
IT1:DF_DCSS_ISTR_LAV_PEN_2_TV_3(1.0),A,082006,RESPOP_AV,F,Y50-64,TOTAL,ALL,7,ALL,ALL,2024,495.4805047309142,,,,,,,,ALL_N1,,,,,,,
IT1:DF_DCSS_ISTR_LAV_PEN_2_TV_3(1.0),A,082006,RESPOP_AV,F,Y50-64,TOTAL,ALL,99,ALL,ALL,2018,5794,,,,,,,,ALL_N1,99_N1,,,,,,
IT1:DF_DCSS_ISTR_LAV_PEN_2_TV_3(1.0),A,082006,RESPOP_AV,F,Y50-64,TOTAL,ALL,99,ALL,ALL,2019,5880,,,,,,,,ALL_N1,99_N1,,,,,,
IT1:DF_DCSS_ISTR_LAV_PEN_2_TV_3(1.0),A,082006,RESPOP_AV,F,Y50-64,TOTAL,ALL,99,ALL,ALL,2020,5883,,,,,,,,ALL_N1,99_N1,,,,,,
IT1:DF_DCSS_ISTR_LAV_PEN_2_TV_3(1.0),A,082006,RESPOP_AV,F,Y50-64,TOTAL,ALL,99,ALL,ALL,2021,5981,,,,,,,,ALL_N1,99_N1,,,,,,
IT1:DF_DCSS_ISTR_LAV_PEN_2_TV_3(1.0),A,082006,RESPOP_AV,F,Y50-64,TOTAL,ALL,99,ALL,ALL,2022,6082,,,,,,,,ALL_N1,99_N1,,,,,,
IT1:DF_DCSS_ISTR_LAV_PEN_2_TV_3(1.0),A,082006,RESPOP_AV,F,Y50-64,TOTAL,ALL,99,ALL,ALL,2023,6154,,,,,,,,ALL_N1,99_N1,,,,,,
IT1:DF_DCSS_ISTR_LAV_PEN_2_TV_3(1.0),A,082006,RESPOP_AV,F,Y50-64,TOTAL,ALL,99,ALL,ALL,2024,6211,,,,,,,,ALL_N1,99_N1,,,,,,
IT1:DF_DCSS_ISTR_LAV_PEN_2_TV_3(1.0),A,082006,RESPOP_AV,M,Y_GE15,TOTAL,ALL,1,ALL,ALL,2018,8827,,,,,,,,ALL_N1,,,,,,,
IT1:DF_DCSS_ISTR_LAV_PEN_2_TV_3(1.0),A,082006,RESPOP_AV,M,Y_GE15,TOTAL,ALL,1,ALL,ALL,2019,9034,,,,,,,,ALL_N1,,,,,,,
IT1:DF_DCSS_ISTR_LAV_PEN_2_TV_3(1.0),A,082006,RESPOP_AV,M,Y_GE15,TOTAL,ALL,1,ALL,ALL,2021,9478,,,,,,,,ALL_N1,,,,,,,
IT1:DF_DCSS_ISTR_LAV_PEN_2_TV_3(1.0),A,082006,RESPOP_AV,M,Y_GE15,TOTAL,ALL,1,ALL,ALL,2022,9703,,,,,,,,ALL_N1,,,,,,,
IT1:DF_DCSS_ISTR_LAV_PEN_2_TV_3(1.0),A,082006,RESPOP_AV,M,Y_GE15,TOTAL,ALL,1,ALL,ALL,2023,9804,,,,,,,,ALL_N1,,,,,,,
IT1:DF_DCSS_ISTR_LAV_PEN_2_TV_3(1.0),A,082006,RESPOP_AV,M,Y_GE15,TOTAL,ALL,1,ALL,ALL,2024,10077,,,,,,,,ALL_N1,,,,,,,
IT1:DF_DCSS_ISTR_LAV_PEN_2_TV_3(1.0),A,082006,RESPOP_AV,M,Y_GE15,TOTAL,ALL,12,ALL,ALL,2018,3434,,,,,,,,ALL_N1,,,,,,,
IT1:DF_DCSS_ISTR_LAV_PEN_2_TV_3(1.0),A,082006,RESPOP_AV,M,Y_GE15,TOTAL,ALL,12,ALL,ALL,2019,3381,,,,,,,,ALL_N1,,,,,,,
IT1:DF_DCSS_ISTR_LAV_PEN_2_TV_3(1.0),A,082006,RESPOP_AV,M,Y_GE15,TOTAL,ALL,12,ALL,ALL,2021,1874.65506369551,,,,,,,,ALL_N1,,,,,,,
IT1:DF_DCSS_ISTR_LAV_PEN_2_TV_3(1.0),A,082006,RESPOP_AV,M,Y_GE15,TOTAL,ALL,12,ALL,ALL,2022,1661.9349147672,,,,,,,,ALL_N1,,,,,,,
IT1:DF_DCSS_ISTR_LAV_PEN_2_TV_3(1.0),A,082006,RESPOP_AV,M,Y_GE15,TOTAL,ALL,12,ALL,ALL,2023,1688.6320494624347,,,,,,,,ALL_N1,,,,,,,
IT1:DF_DCSS_ISTR_LAV_PEN_2_TV_3(1.0),A,082006,RESPOP_AV,M,Y_GE15,TOTAL,ALL,12,ALL,ALL,2024,1324.8690697024715,,,,,,,,ALL_N1,,,,,,,
IT1:DF_DCSS_ISTR_LAV_PEN_2_TV_3(1.0),A,082006,RESPOP_AV,M,Y_GE15,TOTAL,ALL,22,ALL,ALL,2018,12261,,,,,,,,ALL_N1,,,,,,,
IT1:DF_DCSS_ISTR_LAV_PEN_2_TV_3(1.0),A,082006,RESPOP_AV,M,Y_GE15,TOTAL,ALL,22,ALL,ALL,2019,12415,,,,,,,,ALL_N1,,,,,,,
IT1:DF_DCSS_ISTR_LAV_PEN_2_TV_3(1.0),A,082006,RESPOP_AV,M,Y_GE15,TOTAL,ALL,22,ALL,ALL,2021,11352.6550636955,,,,,,,,ALL_N1,,,,,,,
IT1:DF_DCSS_ISTR_LAV_PEN_2_TV_3(1.0),A,082006,RESPOP_AV,M,Y_GE15,TOTAL,ALL,22,ALL,ALL,2022,11364.9349147672,,,,,,,,ALL_N1,,,,,,,
IT1:DF_DCSS_ISTR_LAV_PEN_2_TV_3(1.0),A,082006,RESPOP_AV,M,Y_GE15,TOTAL,ALL,22,ALL,ALL,2023,11492.632049462434,,,,,,,,ALL_N1,,,,,,,
IT1:DF_DCSS_ISTR_LAV_PEN_2_TV_3(1.0),A,082006,RESPOP_AV,M,Y_GE15,TOTAL,ALL,22,ALL,ALL,2024,11401.869069702472,,,,,,,,ALL_N1,,,,,,,
IT1:DF_DCSS_ISTR_LAV_PEN_2_TV_3(1.0),A,082006,RESPOP_AV,M,Y_GE15,TOTAL,ALL,23,ALL,ALL,2018,9591,,,,,,,,ALL_N1,,,,,,,
IT1:DF_DCSS_ISTR_LAV_PEN_2_TV_3(1.0),A,082006,RESPOP_AV,M,Y_GE15,TOTAL,ALL,23,ALL,ALL,2019,9373,,,,,,,,ALL_N1,,,,,,,
IT1:DF_DCSS_ISTR_LAV_PEN_2_TV_3(1.0),A,082006,RESPOP_AV,M,Y_GE15,TOTAL,ALL,23,ALL,ALL,2021,10380.3449363045,,,,,,,,ALL_N1,,,,,,,
IT1:DF_DCSS_ISTR_LAV_PEN_2_TV_3(1.0),A,082006,RESPOP_AV,M,Y_GE15,TOTAL,ALL,23,ALL,ALL,2022,10362.0650852328,,,,,,,,ALL_N1,,,,,,,
IT1:DF_DCSS_ISTR_LAV_PEN_2_TV_3(1.0),A,082006,RESPOP_AV,M,Y_GE15,TOTAL,ALL,23,ALL,ALL,2023,10247.367950537566,,,,,,,,ALL_N1,,,,,,,
IT1:DF_DCSS_ISTR_LAV_PEN_2_TV_3(1.0),A,082006,RESPOP_AV,M,Y_GE15,TOTAL,ALL,23,ALL,ALL,2024,10468.13093029753,,,,,,,,ALL_N1,,,,,,,
IT1:DF_DCSS_ISTR_LAV_PEN_2_TV_3(1.0),A,082006,RESPOP_AV,M,Y_GE15,TOTAL,ALL,24,ALL,ALL,2018,3995,,,,,,,,ALL_N1,,,,,,,
IT1:DF_DCSS_ISTR_LAV_PEN_2_TV_3(1.0),A,082006,RESPOP_AV,M,Y_GE15,TOTAL,ALL,24,ALL,ALL,2019,4296,,,,,,,,ALL_N1,,,,,,,
IT1:DF_DCSS_ISTR_LAV_PEN_2_TV_3(1.0),A,082006,RESPOP_AV,M,Y_GE15,TOTAL,ALL,24,ALL,ALL,2021,4500.68215621392,,,,,,,,ALL_N1,,,,,,,
IT1:DF_DCSS_ISTR_LAV_PEN_2_TV_3(1.0),A,082006,RESPOP_AV,M,Y_GE15,TOTAL,ALL,24,ALL,ALL,2022,4306.36825831178,,,,,,,,ALL_N1,,,,,,,
IT1:DF_DCSS_ISTR_LAV_PEN_2_TV_3(1.0),A,082006,RESPOP_AV,M,Y_GE15,TOTAL,ALL,24,ALL,ALL,2023,4071.526670599159,,,,,,,,ALL_N1,,,,,,,
IT1:DF_DCSS_ISTR_LAV_PEN_2_TV_3(1.0),A,082006,RESPOP_AV,M,Y_GE15,TOTAL,ALL,24,ALL,ALL,2024,4353.4913200261335,,,,,,,,ALL_N1,,,,,,,
IT1:DF_DCSS_ISTR_LAV_PEN_2_TV_3(1.0),A,082006,RESPOP_AV,M,Y_GE15,TOTAL,ALL,4,ALL,ALL,2018,428,,,,,,,,ALL_N1,,,,,,,
IT1:DF_DCSS_ISTR_LAV_PEN_2_TV_3(1.0),A,082006,RESPOP_AV,M,Y_GE15,TOTAL,ALL,4,ALL,ALL,2019,441,,,,,,,,ALL_N1,,,,,,,
IT1:DF_DCSS_ISTR_LAV_PEN_2_TV_3(1.0),A,082006,RESPOP_AV,M,Y_GE15,TOTAL,ALL,4,ALL,ALL,2021,737.69259754352,,,,,,,,ALL_N1,,,,,,,
IT1:DF_DCSS_ISTR_LAV_PEN_2_TV_3(1.0),A,082006,RESPOP_AV,M,Y_GE15,TOTAL,ALL,4,ALL,ALL,2022,794.633724545812,,,,,,,,ALL_N1,,,,,,,
IT1:DF_DCSS_ISTR_LAV_PEN_2_TV_3(1.0),A,082006,RESPOP_AV,M,Y_GE15,TOTAL,ALL,4,ALL,ALL,2023,855.9068961588052,,,,,,,,ALL_N1,,,,,,,
IT1:DF_DCSS_ISTR_LAV_PEN_2_TV_3(1.0),A,082006,RESPOP_AV,M,Y_GE15,TOTAL,ALL,4,ALL,ALL,2024,763.2684833375089,,,,,,,,ALL_N1,,,,,,,
IT1:DF_DCSS_ISTR_LAV_PEN_2_TV_3(1.0),A,082006,RESPOP_AV,M,Y_GE15,TOTAL,ALL,5,ALL,ALL,2018,1838,,,,,,,,ALL_N1,,,,,,,
IT1:DF_DCSS_ISTR_LAV_PEN_2_TV_3(1.0),A,082006,RESPOP_AV,M,Y_GE15,TOTAL,ALL,5,ALL,ALL,2019,1958,,,,,,,,ALL_N1,,,,,,,
IT1:DF_DCSS_ISTR_LAV_PEN_2_TV_3(1.0),A,082006,RESPOP_AV,M,Y_GE15,TOTAL,ALL,5,ALL,ALL,2021,1932.19229157418,,,,,,,,ALL_N1,,,,,,,
IT1:DF_DCSS_ISTR_LAV_PEN_2_TV_3(1.0),A,082006,RESPOP_AV,M,Y_GE15,TOTAL,ALL,5,ALL,ALL,2022,1991.97183046997,,,,,,,,ALL_N1,,,,,,,
IT1:DF_DCSS_ISTR_LAV_PEN_2_TV_3(1.0),A,082006,RESPOP_AV,M,Y_GE15,TOTAL,ALL,5,ALL,ALL,2023,1802.2803017325275,,,,,,,,ALL_N1,,,,,,,
IT1:DF_DCSS_ISTR_LAV_PEN_2_TV_3(1.0),A,082006,RESPOP_AV,M,Y_GE15,TOTAL,ALL,5,ALL,ALL,2024,1912.519854710421,,,,,,,,ALL_N1,,,,,,,
IT1:DF_DCSS_ISTR_LAV_PEN_2_TV_3(1.0),A,082006,RESPOP_AV,M,Y_GE15,TOTAL,ALL,7,ALL,ALL,2018,3331,,,,,,,,ALL_N1,,,,,,,
IT1:DF_DCSS_ISTR_LAV_PEN_2_TV_3(1.0),A,082006,RESPOP_AV,M,Y_GE15,TOTAL,ALL,7,ALL,ALL,2019,2678,,,,,,,,ALL_N1,,,,,,,
IT1:DF_DCSS_ISTR_LAV_PEN_2_TV_3(1.0),A,082006,RESPOP_AV,M,Y_GE15,TOTAL,ALL,7,ALL,ALL,2021,3209.77789097288,,,,,,,,ALL_N1,,,,,,,
IT1:DF_DCSS_ISTR_LAV_PEN_2_TV_3(1.0),A,082006,RESPOP_AV,M,Y_GE15,TOTAL,ALL,7,ALL,ALL,2022,3269.09127190524,,,,,,,,ALL_N1,,,,,,,
IT1:DF_DCSS_ISTR_LAV_PEN_2_TV_3(1.0),A,082006,RESPOP_AV,M,Y_GE15,TOTAL,ALL,7,ALL,ALL,2023,3517.654082047074,,,,,,,,ALL_N1,,,,,,,
IT1:DF_DCSS_ISTR_LAV_PEN_2_TV_3(1.0),A,082006,RESPOP_AV,M,Y_GE15,TOTAL,ALL,7,ALL,ALL,2024,3438.851272223467,,,,,,,,ALL_N1,,,,,,,
IT1:DF_DCSS_ISTR_LAV_PEN_2_TV_3(1.0),A,082006,RESPOP_AV,M,Y_GE15,TOTAL,ALL,99,ALL,ALL,2018,21852,,,,,,,,ALL_N1,99_N1,,,,,,
IT1:DF_DCSS_ISTR_LAV_PEN_2_TV_3(1.0),A,082006,RESPOP_AV,M,Y_GE15,TOTAL,ALL,99,ALL,ALL,2019,21788,,,,,,,,ALL_N1,99_N1,,,,,,
IT1:DF_DCSS_ISTR_LAV_PEN_2_TV_3(1.0),A,082006,RESPOP_AV,M,Y_GE15,TOTAL,ALL,99,ALL,ALL,2021,21733,,,,,,,,ALL_N1,99_N1,,,,,,
IT1:DF_DCSS_ISTR_LAV_PEN_2_TV_3(1.0),A,082006,RESPOP_AV,M,Y_GE15,TOTAL,ALL,99,ALL,ALL,2022,21727,,,,,,,,ALL_N1,99_N1,,,,,,
IT1:DF_DCSS_ISTR_LAV_PEN_2_TV_3(1.0),A,082006,RESPOP_AV,M,Y_GE15,TOTAL,ALL,99,ALL,ALL,2023,21740,,,,,,,,ALL_N1,99_N1,,,,,,
IT1:DF_DCSS_ISTR_LAV_PEN_2_TV_3(1.0),A,082006,RESPOP_AV,M,Y_GE15,TOTAL,ALL,99,ALL,ALL,2024,21870,,,,,,,,ALL_N1,99_N1,,,,,,
IT1:DF_DCSS_ISTR_LAV_PEN_2_TV_3(1.0),A,082006,RESPOP_AV,M,Y_GE65,TOTAL,ALL,1,ALL,ALL,2018,282,,,,,,,,ALL_N1,,,,,,,
IT1:DF_DCSS_ISTR_LAV_PEN_2_TV_3(1.0),A,082006,RESPOP_AV,M,Y_GE65,TOTAL,ALL,1,ALL,ALL,2019,303,,,,,,,,ALL_N1,,,,,,,
IT1:DF_DCSS_ISTR_LAV_PEN_2_TV_3(1.0),A,082006,RESPOP_AV,M,Y_GE65,TOTAL,ALL,1,ALL,ALL,2021,303,,,,,,,,ALL_N1,,,,,,,
IT1:DF_DCSS_ISTR_LAV_PEN_2_TV_3(1.0),A,082006,RESPOP_AV,M,Y_GE65,TOTAL,ALL,1,ALL,ALL,2022,373,,,,,,,,ALL_N1,,,,,,,
IT1:DF_DCSS_ISTR_LAV_PEN_2_TV_3(1.0),A,082006,RESPOP_AV,M,Y_GE65,TOTAL,ALL,1,ALL,ALL,2023,383,,,,,,,,ALL_N1,,,,,,,
IT1:DF_DCSS_ISTR_LAV_PEN_2_TV_3(1.0),A,082006,RESPOP_AV,M,Y_GE65,TOTAL,ALL,1,ALL,ALL,2024,446,,,,,,,,ALL_N1,,,,,,,
IT1:DF_DCSS_ISTR_LAV_PEN_2_TV_3(1.0),A,082006,RESPOP_AV,M,Y_GE65,TOTAL,ALL,12,ALL,ALL,2018,20,,,,,,,,ALL_N1,,,,,,,
IT1:DF_DCSS_ISTR_LAV_PEN_2_TV_3(1.0),A,082006,RESPOP_AV,M,Y_GE65,TOTAL,ALL,12,ALL,ALL,2019,26,,,,,,,,ALL_N1,,,,,,,
IT1:DF_DCSS_ISTR_LAV_PEN_2_TV_3(1.0),A,082006,RESPOP_AV,M,Y_GE65,TOTAL,ALL,12,ALL,ALL,2021,13.5935947061193,,,,,,,,ALL_N1,,,,,,,
IT1:DF_DCSS_ISTR_LAV_PEN_2_TV_3(1.0),A,082006,RESPOP_AV,M,Y_GE65,TOTAL,ALL,12,ALL,ALL,2022,6.68878431153136,,,,,,,,ALL_N1,,,,,,,
IT1:DF_DCSS_ISTR_LAV_PEN_2_TV_3(1.0),A,082006,RESPOP_AV,M,Y_GE65,TOTAL,ALL,12,ALL,ALL,2023,8.201422349946693,,,,,,,,ALL_N1,,,,,,,
IT1:DF_DCSS_ISTR_LAV_PEN_2_TV_3(1.0),A,082006,RESPOP_AV,M,Y_GE65,TOTAL,ALL,12,ALL,ALL,2024,6.761202308073732,,,,,,,,ALL_N1,,,,,,,
IT1:DF_DCSS_ISTR_LAV_PEN_2_TV_3(1.0),A,082006,RESPOP_AV,M,Y_GE65,TOTAL,ALL,22,ALL,ALL,2018,302,,,,,,,,ALL_N1,,,,,,,
IT1:DF_DCSS_ISTR_LAV_PEN_2_TV_3(1.0),A,082006,RESPOP_AV,M,Y_GE65,TOTAL,ALL,22,ALL,ALL,2019,329,,,,,,,,ALL_N1,,,,,,,
IT1:DF_DCSS_ISTR_LAV_PEN_2_TV_3(1.0),A,082006,RESPOP_AV,M,Y_GE65,TOTAL,ALL,22,ALL,ALL,2021,316.593594706119,,,,,,,,ALL_N1,,,,,,,
IT1:DF_DCSS_ISTR_LAV_PEN_2_TV_3(1.0),A,082006,RESPOP_AV,M,Y_GE65,TOTAL,ALL,22,ALL,ALL,2022,379.688784311531,,,,,,,,ALL_N1,,,,,,,
IT1:DF_DCSS_ISTR_LAV_PEN_2_TV_3(1.0),A,082006,RESPOP_AV,M,Y_GE65,TOTAL,ALL,22,ALL,ALL,2023,391.2014223499467,,,,,,,,ALL_N1,,,,,,,
IT1:DF_DCSS_ISTR_LAV_PEN_2_TV_3(1.0),A,082006,RESPOP_AV,M,Y_GE65,TOTAL,ALL,22,ALL,ALL,2024,452.76120230807373,,,,,,,,ALL_N1,,,,,,,
IT1:DF_DCSS_ISTR_LAV_PEN_2_TV_3(1.0),A,082006,RESPOP_AV,M,Y_GE65,TOTAL,ALL,23,ALL,ALL,2018,4188,,,,,,,,ALL_N1,,,,,,,
IT1:DF_DCSS_ISTR_LAV_PEN_2_TV_3(1.0),A,082006,RESPOP_AV,M,Y_GE65,TOTAL,ALL,23,ALL,ALL,2019,4267,,,,,,,,ALL_N1,,,,,,,
IT1:DF_DCSS_ISTR_LAV_PEN_2_TV_3(1.0),A,082006,RESPOP_AV,M,Y_GE65,TOTAL,ALL,23,ALL,ALL,2021,4508.40640529388,,,,,,,,ALL_N1,,,,,,,
IT1:DF_DCSS_ISTR_LAV_PEN_2_TV_3(1.0),A,082006,RESPOP_AV,M,Y_GE65,TOTAL,ALL,23,ALL,ALL,2022,4494.31121568847,,,,,,,,ALL_N1,,,,,,,
IT1:DF_DCSS_ISTR_LAV_PEN_2_TV_3(1.0),A,082006,RESPOP_AV,M,Y_GE65,TOTAL,ALL,23,ALL,ALL,2023,4591.798577650054,,,,,,,,ALL_N1,,,,,,,
IT1:DF_DCSS_ISTR_LAV_PEN_2_TV_3(1.0),A,082006,RESPOP_AV,M,Y_GE65,TOTAL,ALL,23,ALL,ALL,2024,4674.238797691926,,,,,,,,ALL_N1,,,,,,,
IT1:DF_DCSS_ISTR_LAV_PEN_2_TV_3(1.0),A,082006,RESPOP_AV,M,Y_GE65,TOTAL,ALL,24,ALL,ALL,2018,3445,,,,,,,,ALL_N1,,,,,,,
IT1:DF_DCSS_ISTR_LAV_PEN_2_TV_3(1.0),A,082006,RESPOP_AV,M,Y_GE65,TOTAL,ALL,24,ALL,ALL,2019,3655,,,,,,,,ALL_N1,,,,,,,
IT1:DF_DCSS_ISTR_LAV_PEN_2_TV_3(1.0),A,082006,RESPOP_AV,M,Y_GE65,TOTAL,ALL,24,ALL,ALL,2021,3870.80856325022,,,,,,,,ALL_N1,,,,,,,
IT1:DF_DCSS_ISTR_LAV_PEN_2_TV_3(1.0),A,082006,RESPOP_AV,M,Y_GE65,TOTAL,ALL,24,ALL,ALL,2022,3752.85288648532,,,,,,,,ALL_N1,,,,,,,
IT1:DF_DCSS_ISTR_LAV_PEN_2_TV_3(1.0),A,082006,RESPOP_AV,M,Y_GE65,TOTAL,ALL,24,ALL,ALL,2023,3610.382790678673,,,,,,,,ALL_N1,,,,,,,
IT1:DF_DCSS_ISTR_LAV_PEN_2_TV_3(1.0),A,082006,RESPOP_AV,M,Y_GE65,TOTAL,ALL,24,ALL,ALL,2024,3837.048466434066,,,,,,,,ALL_N1,,,,,,,
IT1:DF_DCSS_ISTR_LAV_PEN_2_TV_3(1.0),A,082006,RESPOP_AV,M,Y_GE65,TOTAL,ALL,4,ALL,ALL,2018,38,,,,,,,,ALL_N1,,,,,,,
IT1:DF_DCSS_ISTR_LAV_PEN_2_TV_3(1.0),A,082006,RESPOP_AV,M,Y_GE65,TOTAL,ALL,4,ALL,ALL,2019,45,,,,,,,,ALL_N1,,,,,,,
IT1:DF_DCSS_ISTR_LAV_PEN_2_TV_3(1.0),A,082006,RESPOP_AV,M,Y_GE65,TOTAL,ALL,4,ALL,ALL,2021,64.2829866965252,,,,,,,,ALL_N1,,,,,,,
IT1:DF_DCSS_ISTR_LAV_PEN_2_TV_3(1.0),A,082006,RESPOP_AV,M,Y_GE65,TOTAL,ALL,4,ALL,ALL,2022,78.4876498207023,,,,,,,,ALL_N1,,,,,,,
IT1:DF_DCSS_ISTR_LAV_PEN_2_TV_3(1.0),A,082006,RESPOP_AV,M,Y_GE65,TOTAL,ALL,4,ALL,ALL,2023,104.47375201247188,,,,,,,,ALL_N1,,,,,,,
IT1:DF_DCSS_ISTR_LAV_PEN_2_TV_3(1.0),A,082006,RESPOP_AV,M,Y_GE65,TOTAL,ALL,4,ALL,ALL,2024,90.32014438601753,,,,,,,,ALL_N1,,,,,,,
IT1:DF_DCSS_ISTR_LAV_PEN_2_TV_3(1.0),A,082006,RESPOP_AV,M,Y_GE65,TOTAL,ALL,5,ALL,ALL,2018,0,JTEST,,,,,,,ALL_N1,,,,,,,
IT1:DF_DCSS_ISTR_LAV_PEN_2_TV_3(1.0),A,082006,RESPOP_AV,M,Y_GE65,TOTAL,ALL,5,ALL,ALL,2019,0,JTEST,,,,,,,ALL_N1,,,,,,,
IT1:DF_DCSS_ISTR_LAV_PEN_2_TV_3(1.0),A,082006,RESPOP_AV,M,Y_GE65,TOTAL,ALL,5,ALL,ALL,2021,1.63634205350508E-05,,,,,,,,ALL_N1,,,,,,,
IT1:DF_DCSS_ISTR_LAV_PEN_2_TV_3(1.0),A,082006,RESPOP_AV,M,Y_GE65,TOTAL,ALL,5,ALL,ALL,2022,0.328215539852797,,,,,,,,ALL_N1,,,,,,,
IT1:DF_DCSS_ISTR_LAV_PEN_2_TV_3(1.0),A,082006,RESPOP_AV,M,Y_GE65,TOTAL,ALL,5,ALL,ALL,2023,0.4021854369300145,,,,,,,,ALL_N1,,,,,,,
IT1:DF_DCSS_ISTR_LAV_PEN_2_TV_3(1.0),A,082006,RESPOP_AV,M,Y_GE65,TOTAL,ALL,5,ALL,ALL,2024,0.21285453479720415,,,,,,,,ALL_N1,,,,,,,
IT1:DF_DCSS_ISTR_LAV_PEN_2_TV_3(1.0),A,082006,RESPOP_AV,M,Y_GE65,TOTAL,ALL,7,ALL,ALL,2018,705,,,,,,,,ALL_N1,,,,,,,
IT1:DF_DCSS_ISTR_LAV_PEN_2_TV_3(1.0),A,082006,RESPOP_AV,M,Y_GE65,TOTAL,ALL,7,ALL,ALL,2019,567,,,,,,,,ALL_N1,,,,,,,
IT1:DF_DCSS_ISTR_LAV_PEN_2_TV_3(1.0),A,082006,RESPOP_AV,M,Y_GE65,TOTAL,ALL,7,ALL,ALL,2021,573.31483898371,,,,,,,,ALL_N1,,,,,,,
IT1:DF_DCSS_ISTR_LAV_PEN_2_TV_3(1.0),A,082006,RESPOP_AV,M,Y_GE65,TOTAL,ALL,7,ALL,ALL,2022,662.642463842595,,,,,,,,ALL_N1,,,,,,,
IT1:DF_DCSS_ISTR_LAV_PEN_2_TV_3(1.0),A,082006,RESPOP_AV,M,Y_GE65,TOTAL,ALL,7,ALL,ALL,2023,876.5398495219788,,,,,,,,ALL_N1,,,,,,,
IT1:DF_DCSS_ISTR_LAV_PEN_2_TV_3(1.0),A,082006,RESPOP_AV,M,Y_GE65,TOTAL,ALL,7,ALL,ALL,2024,746.6573323370453,,,,,,,,ALL_N1,,,,,,,
IT1:DF_DCSS_ISTR_LAV_PEN_2_TV_3(1.0),A,082006,RESPOP_AV,M,Y_GE65,TOTAL,ALL,99,ALL,ALL,2018,4490,,,,,,,,ALL_N1,99_N1,,,,,,
IT1:DF_DCSS_ISTR_LAV_PEN_2_TV_3(1.0),A,082006,RESPOP_AV,M,Y_GE65,TOTAL,ALL,99,ALL,ALL,2019,4596,,,,,,,,ALL_N1,99_N1,,,,,,
IT1:DF_DCSS_ISTR_LAV_PEN_2_TV_3(1.0),A,082006,RESPOP_AV,M,Y_GE65,TOTAL,ALL,99,ALL,ALL,2020,4710,,,,,,,,ALL_N1,99_N1,,,,,,
IT1:DF_DCSS_ISTR_LAV_PEN_2_TV_3(1.0),A,082006,RESPOP_AV,M,Y_GE65,TOTAL,ALL,99,ALL,ALL,2021,4825,,,,,,,,ALL_N1,99_N1,,,,,,
IT1:DF_DCSS_ISTR_LAV_PEN_2_TV_3(1.0),A,082006,RESPOP_AV,M,Y_GE65,TOTAL,ALL,99,ALL,ALL,2022,4874,,,,,,,,ALL_N1,99_N1,,,,,,
IT1:DF_DCSS_ISTR_LAV_PEN_2_TV_3(1.0),A,082006,RESPOP_AV,M,Y_GE65,TOTAL,ALL,99,ALL,ALL,2023,4983,,,,,,,,ALL_N1,99_N1,,,,,,
IT1:DF_DCSS_ISTR_LAV_PEN_2_TV_3(1.0),A,082006,RESPOP_AV,M,Y_GE65,TOTAL,ALL,99,ALL,ALL,2024,5127,,,,,,,,ALL_N1,99_N1,,,,,,
IT1:DF_DCSS_ISTR_LAV_PEN_2_TV_3(1.0),A,082006,RESPOP_AV,M,Y15-24,TOTAL,ALL,1,ALL,ALL,2018,370,,,,,,,,ALL_N1,,,,,,,
IT1:DF_DCSS_ISTR_LAV_PEN_2_TV_3(1.0),A,082006,RESPOP_AV,M,Y15-24,TOTAL,ALL,1,ALL,ALL,2019,373,,,,,,,,ALL_N1,,,,,,,
IT1:DF_DCSS_ISTR_LAV_PEN_2_TV_3(1.0),A,082006,RESPOP_AV,M,Y15-24,TOTAL,ALL,1,ALL,ALL,2021,419,,,,,,,,ALL_N1,,,,,,,
IT1:DF_DCSS_ISTR_LAV_PEN_2_TV_3(1.0),A,082006,RESPOP_AV,M,Y15-24,TOTAL,ALL,1,ALL,ALL,2022,467,,,,,,,,ALL_N1,,,,,,,
IT1:DF_DCSS_ISTR_LAV_PEN_2_TV_3(1.0),A,082006,RESPOP_AV,M,Y15-24,TOTAL,ALL,1,ALL,ALL,2023,455,,,,,,,,ALL_N1,,,,,,,
IT1:DF_DCSS_ISTR_LAV_PEN_2_TV_3(1.0),A,082006,RESPOP_AV,M,Y15-24,TOTAL,ALL,1,ALL,ALL,2024,498,,,,,,,,ALL_N1,,,,,,,
IT1:DF_DCSS_ISTR_LAV_PEN_2_TV_3(1.0),A,082006,RESPOP_AV,M,Y15-24,TOTAL,ALL,12,ALL,ALL,2018,596,,,,,,,,ALL_N1,,,,,,,
IT1:DF_DCSS_ISTR_LAV_PEN_2_TV_3(1.0),A,082006,RESPOP_AV,M,Y15-24,TOTAL,ALL,12,ALL,ALL,2019,607,,,,,,,,ALL_N1,,,,,,,
IT1:DF_DCSS_ISTR_LAV_PEN_2_TV_3(1.0),A,082006,RESPOP_AV,M,Y15-24,TOTAL,ALL,12,ALL,ALL,2021,371.578814420045,,,,,,,,ALL_N1,,,,,,,
IT1:DF_DCSS_ISTR_LAV_PEN_2_TV_3(1.0),A,082006,RESPOP_AV,M,Y15-24,TOTAL,ALL,12,ALL,ALL,2022,335.196060359821,,,,,,,,ALL_N1,,,,,,,
IT1:DF_DCSS_ISTR_LAV_PEN_2_TV_3(1.0),A,082006,RESPOP_AV,M,Y15-24,TOTAL,ALL,12,ALL,ALL,2023,374.9867443444506,,,,,,,,ALL_N1,,,,,,,
IT1:DF_DCSS_ISTR_LAV_PEN_2_TV_3(1.0),A,082006,RESPOP_AV,M,Y15-24,TOTAL,ALL,12,ALL,ALL,2024,269.49288479524665,,,,,,,,ALL_N1,,,,,,,
IT1:DF_DCSS_ISTR_LAV_PEN_2_TV_3(1.0),A,082006,RESPOP_AV,M,Y15-24,TOTAL,ALL,22,ALL,ALL,2018,966,,,,,,,,ALL_N1,,,,,,,
IT1:DF_DCSS_ISTR_LAV_PEN_2_TV_3(1.0),A,082006,RESPOP_AV,M,Y15-24,TOTAL,ALL,22,ALL,ALL,2019,980,,,,,,,,ALL_N1,,,,,,,
IT1:DF_DCSS_ISTR_LAV_PEN_2_TV_3(1.0),A,082006,RESPOP_AV,M,Y15-24,TOTAL,ALL,22,ALL,ALL,2021,790.578814420045,,,,,,,,ALL_N1,,,,,,,
IT1:DF_DCSS_ISTR_LAV_PEN_2_TV_3(1.0),A,082006,RESPOP_AV,M,Y15-24,TOTAL,ALL,22,ALL,ALL,2022,802.196060359821,,,,,,,,ALL_N1,,,,,,,
IT1:DF_DCSS_ISTR_LAV_PEN_2_TV_3(1.0),A,082006,RESPOP_AV,M,Y15-24,TOTAL,ALL,22,ALL,ALL,2023,829.9867443444506,,,,,,,,ALL_N1,,,,,,,
IT1:DF_DCSS_ISTR_LAV_PEN_2_TV_3(1.0),A,082006,RESPOP_AV,M,Y15-24,TOTAL,ALL,22,ALL,ALL,2024,767.4928847952467,,,,,,,,ALL_N1,,,,,,,
IT1:DF_DCSS_ISTR_LAV_PEN_2_TV_3(1.0),A,082006,RESPOP_AV,M,Y15-24,TOTAL,ALL,23,ALL,ALL,2018,2240,,,,,,,,ALL_N1,,,,,,,
IT1:DF_DCSS_ISTR_LAV_PEN_2_TV_3(1.0),A,082006,RESPOP_AV,M,Y15-24,TOTAL,ALL,23,ALL,ALL,2019,2171,,,,,,,,ALL_N1,,,,,,,
IT1:DF_DCSS_ISTR_LAV_PEN_2_TV_3(1.0),A,082006,RESPOP_AV,M,Y15-24,TOTAL,ALL,23,ALL,ALL,2021,2248.42118557995,,,,,,,,ALL_N1,,,,,,,
IT1:DF_DCSS_ISTR_LAV_PEN_2_TV_3(1.0),A,082006,RESPOP_AV,M,Y15-24,TOTAL,ALL,23,ALL,ALL,2022,2232.80393964018,,,,,,,,ALL_N1,,,,,,,
IT1:DF_DCSS_ISTR_LAV_PEN_2_TV_3(1.0),A,082006,RESPOP_AV,M,Y15-24,TOTAL,ALL,23,ALL,ALL,2023,2168.01325565555,,,,,,,,ALL_N1,,,,,,,
IT1:DF_DCSS_ISTR_LAV_PEN_2_TV_3(1.0),A,082006,RESPOP_AV,M,Y15-24,TOTAL,ALL,23,ALL,ALL,2024,2254.5071152047535,,,,,,,,ALL_N1,,,,,,,
IT1:DF_DCSS_ISTR_LAV_PEN_2_TV_3(1.0),A,082006,RESPOP_AV,M,Y15-24,TOTAL,ALL,24,ALL,ALL,2018,6,,,,,,,,ALL_N1,,,,,,,
IT1:DF_DCSS_ISTR_LAV_PEN_2_TV_3(1.0),A,082006,RESPOP_AV,M,Y15-24,TOTAL,ALL,24,ALL,ALL,2019,9,,,,,,,,ALL_N1,,,,,,,
IT1:DF_DCSS_ISTR_LAV_PEN_2_TV_3(1.0),A,082006,RESPOP_AV,M,Y15-24,TOTAL,ALL,24,ALL,ALL,2021,8.10802015992122,,,,,,,,ALL_N1,,,,,,,
IT1:DF_DCSS_ISTR_LAV_PEN_2_TV_3(1.0),A,082006,RESPOP_AV,M,Y15-24,TOTAL,ALL,24,ALL,ALL,2022,9.79671234596428,,,,,,,,ALL_N1,,,,,,,
IT1:DF_DCSS_ISTR_LAV_PEN_2_TV_3(1.0),A,082006,RESPOP_AV,M,Y15-24,TOTAL,ALL,24,ALL,ALL,2023,8.24632319458236,,,,,,,,ALL_N1,,,,,,,
IT1:DF_DCSS_ISTR_LAV_PEN_2_TV_3(1.0),A,082006,RESPOP_AV,M,Y15-24,TOTAL,ALL,24,ALL,ALL,2024,13.125548772393618,,,,,,,,ALL_N1,,,,,,,
IT1:DF_DCSS_ISTR_LAV_PEN_2_TV_3(1.0),A,082006,RESPOP_AV,M,Y15-24,TOTAL,ALL,4,ALL,ALL,2018,25,,,,,,,,ALL_N1,,,,,,,
IT1:DF_DCSS_ISTR_LAV_PEN_2_TV_3(1.0),A,082006,RESPOP_AV,M,Y15-24,TOTAL,ALL,4,ALL,ALL,2019,28,,,,,,,,ALL_N1,,,,,,,
IT1:DF_DCSS_ISTR_LAV_PEN_2_TV_3(1.0),A,082006,RESPOP_AV,M,Y15-24,TOTAL,ALL,4,ALL,ALL,2021,47.0480565620274,,,,,,,,ALL_N1,,,,,,,
IT1:DF_DCSS_ISTR_LAV_PEN_2_TV_3(1.0),A,082006,RESPOP_AV,M,Y15-24,TOTAL,ALL,4,ALL,ALL,2022,41.2042508487194,,,,,,,,ALL_N1,,,,,,,
IT1:DF_DCSS_ISTR_LAV_PEN_2_TV_3(1.0),A,082006,RESPOP_AV,M,Y15-24,TOTAL,ALL,4,ALL,ALL,2023,55.35814113462344,,,,,,,,ALL_N1,,,,,,,
IT1:DF_DCSS_ISTR_LAV_PEN_2_TV_3(1.0),A,082006,RESPOP_AV,M,Y15-24,TOTAL,ALL,4,ALL,ALL,2024,50.22238722149622,,,,,,,,ALL_N1,,,,,,,
IT1:DF_DCSS_ISTR_LAV_PEN_2_TV_3(1.0),A,082006,RESPOP_AV,M,Y15-24,TOTAL,ALL,5,ALL,ALL,2018,1636,,,,,,,,ALL_N1,,,,,,,
IT1:DF_DCSS_ISTR_LAV_PEN_2_TV_3(1.0),A,082006,RESPOP_AV,M,Y15-24,TOTAL,ALL,5,ALL,ALL,2019,1745,,,,,,,,ALL_N1,,,,,,,
IT1:DF_DCSS_ISTR_LAV_PEN_2_TV_3(1.0),A,082006,RESPOP_AV,M,Y15-24,TOTAL,ALL,5,ALL,ALL,2021,1716.169944966,,,,,,,,ALL_N1,,,,,,,
IT1:DF_DCSS_ISTR_LAV_PEN_2_TV_3(1.0),A,082006,RESPOP_AV,M,Y15-24,TOTAL,ALL,5,ALL,ALL,2022,1755.61222442758,,,,,,,,ALL_N1,,,,,,,
IT1:DF_DCSS_ISTR_LAV_PEN_2_TV_3(1.0),A,082006,RESPOP_AV,M,Y15-24,TOTAL,ALL,5,ALL,ALL,2023,1630.4228744980053,,,,,,,,ALL_N1,,,,,,,
IT1:DF_DCSS_ISTR_LAV_PEN_2_TV_3(1.0),A,082006,RESPOP_AV,M,Y15-24,TOTAL,ALL,5,ALL,ALL,2024,1705.8998926053887,,,,,,,,ALL_N1,,,,,,,
IT1:DF_DCSS_ISTR_LAV_PEN_2_TV_3(1.0),A,082006,RESPOP_AV,M,Y15-24,TOTAL,ALL,7,ALL,ALL,2018,573,,,,,,,,ALL_N1,,,,,,,
IT1:DF_DCSS_ISTR_LAV_PEN_2_TV_3(1.0),A,082006,RESPOP_AV,M,Y15-24,TOTAL,ALL,7,ALL,ALL,2019,389,,,,,,,,ALL_N1,,,,,,,
IT1:DF_DCSS_ISTR_LAV_PEN_2_TV_3(1.0),A,082006,RESPOP_AV,M,Y15-24,TOTAL,ALL,7,ALL,ALL,2021,477.095163892004,,,,,,,,ALL_N1,,,,,,,
IT1:DF_DCSS_ISTR_LAV_PEN_2_TV_3(1.0),A,082006,RESPOP_AV,M,Y15-24,TOTAL,ALL,7,ALL,ALL,2022,426.190752017915,,,,,,,,ALL_N1,,,,,,,
IT1:DF_DCSS_ISTR_LAV_PEN_2_TV_3(1.0),A,082006,RESPOP_AV,M,Y15-24,TOTAL,ALL,7,ALL,ALL,2023,473.985916828339,,,,,,,,ALL_N1,,,,,,,
IT1:DF_DCSS_ISTR_LAV_PEN_2_TV_3(1.0),A,082006,RESPOP_AV,M,Y15-24,TOTAL,ALL,7,ALL,ALL,2024,485.2592866054749,,,,,,,,ALL_N1,,,,,,,
IT1:DF_DCSS_ISTR_LAV_PEN_2_TV_3(1.0),A,082006,RESPOP_AV,M,Y15-24,TOTAL,ALL,99,ALL,ALL,2018,3206,,,,,,,,ALL_N1,99_N1,,,,,,
IT1:DF_DCSS_ISTR_LAV_PEN_2_TV_3(1.0),A,082006,RESPOP_AV,M,Y15-24,TOTAL,ALL,99,ALL,ALL,2019,3151,,,,,,,,ALL_N1,99_N1,,,,,,
IT1:DF_DCSS_ISTR_LAV_PEN_2_TV_3(1.0),A,082006,RESPOP_AV,M,Y15-24,TOTAL,ALL,99,ALL,ALL,2021,3039,,,,,,,,ALL_N1,99_N1,,,,,,
IT1:DF_DCSS_ISTR_LAV_PEN_2_TV_3(1.0),A,082006,RESPOP_AV,M,Y15-24,TOTAL,ALL,99,ALL,ALL,2022,3035,,,,,,,,ALL_N1,99_N1,,,,,,
IT1:DF_DCSS_ISTR_LAV_PEN_2_TV_3(1.0),A,082006,RESPOP_AV,M,Y15-24,TOTAL,ALL,99,ALL,ALL,2023,2998.0000000000005,,,,,,,,ALL_N1,99_N1,,,,,,
IT1:DF_DCSS_ISTR_LAV_PEN_2_TV_3(1.0),A,082006,RESPOP_AV,M,Y15-24,TOTAL,ALL,99,ALL,ALL,2024,3022,,,,,,,,ALL_N1,99_N1,,,,,,
IT1:DF_DCSS_ISTR_LAV_PEN_2_TV_3(1.0),A,082006,RESPOP_AV,M,Y25-49,TOTAL,ALL,1,ALL,ALL,2018,5173,,,,,,,,ALL_N1,,,,,,,
IT1:DF_DCSS_ISTR_LAV_PEN_2_TV_3(1.0),A,082006,RESPOP_AV,M,Y25-49,TOTAL,ALL,1,ALL,ALL,2019,5138,,,,,,,,ALL_N1,,,,,,,
IT1:DF_DCSS_ISTR_LAV_PEN_2_TV_3(1.0),A,082006,RESPOP_AV,M,Y25-49,TOTAL,ALL,1,ALL,ALL,2021,5374,,,,,,,,ALL_N1,,,,,,,
IT1:DF_DCSS_ISTR_LAV_PEN_2_TV_3(1.0),A,082006,RESPOP_AV,M,Y25-49,TOTAL,ALL,1,ALL,ALL,2022,5451,,,,,,,,ALL_N1,,,,,,,
IT1:DF_DCSS_ISTR_LAV_PEN_2_TV_3(1.0),A,082006,RESPOP_AV,M,Y25-49,TOTAL,ALL,1,ALL,ALL,2023,5496,,,,,,,,ALL_N1,,,,,,,
IT1:DF_DCSS_ISTR_LAV_PEN_2_TV_3(1.0),A,082006,RESPOP_AV,M,Y25-49,TOTAL,ALL,1,ALL,ALL,2024,5548,,,,,,,,ALL_N1,,,,,,,
IT1:DF_DCSS_ISTR_LAV_PEN_2_TV_3(1.0),A,082006,RESPOP_AV,M,Y25-49,TOTAL,ALL,12,ALL,ALL,2018,2003,,,,,,,,ALL_N1,,,,,,,
IT1:DF_DCSS_ISTR_LAV_PEN_2_TV_3(1.0),A,082006,RESPOP_AV,M,Y25-49,TOTAL,ALL,12,ALL,ALL,2019,1959,,,,,,,,ALL_N1,,,,,,,
IT1:DF_DCSS_ISTR_LAV_PEN_2_TV_3(1.0),A,082006,RESPOP_AV,M,Y25-49,TOTAL,ALL,12,ALL,ALL,2021,1065.78978727626,,,,,,,,ALL_N1,,,,,,,
IT1:DF_DCSS_ISTR_LAV_PEN_2_TV_3(1.0),A,082006,RESPOP_AV,M,Y25-49,TOTAL,ALL,12,ALL,ALL,2022,944.472057691295,,,,,,,,ALL_N1,,,,,,,
IT1:DF_DCSS_ISTR_LAV_PEN_2_TV_3(1.0),A,082006,RESPOP_AV,M,Y25-49,TOTAL,ALL,12,ALL,ALL,2023,907.9908292823494,,,,,,,,ALL_N1,,,,,,,
IT1:DF_DCSS_ISTR_LAV_PEN_2_TV_3(1.0),A,082006,RESPOP_AV,M,Y25-49,TOTAL,ALL,12,ALL,ALL,2024,728.9961836917221,,,,,,,,ALL_N1,,,,,,,
IT1:DF_DCSS_ISTR_LAV_PEN_2_TV_3(1.0),A,082006,RESPOP_AV,M,Y25-49,TOTAL,ALL,22,ALL,ALL,2018,7176,,,,,,,,ALL_N1,,,,,,,
IT1:DF_DCSS_ISTR_LAV_PEN_2_TV_3(1.0),A,082006,RESPOP_AV,M,Y25-49,TOTAL,ALL,22,ALL,ALL,2019,7097,,,,,,,,ALL_N1,,,,,,,
IT1:DF_DCSS_ISTR_LAV_PEN_2_TV_3(1.0),A,082006,RESPOP_AV,M,Y25-49,TOTAL,ALL,22,ALL,ALL,2021,6439.78978727626,,,,,,,,ALL_N1,,,,,,,
IT1:DF_DCSS_ISTR_LAV_PEN_2_TV_3(1.0),A,082006,RESPOP_AV,M,Y25-49,TOTAL,ALL,22,ALL,ALL,2022,6395.4720576913,,,,,,,,ALL_N1,,,,,,,
IT1:DF_DCSS_ISTR_LAV_PEN_2_TV_3(1.0),A,082006,RESPOP_AV,M,Y25-49,TOTAL,ALL,22,ALL,ALL,2023,6403.990829282349,,,,,,,,ALL_N1,,,,,,,
IT1:DF_DCSS_ISTR_LAV_PEN_2_TV_3(1.0),A,082006,RESPOP_AV,M,Y25-49,TOTAL,ALL,22,ALL,ALL,2024,6276.996183691722,,,,,,,,ALL_N1,,,,,,,
IT1:DF_DCSS_ISTR_LAV_PEN_2_TV_3(1.0),A,082006,RESPOP_AV,M,Y25-49,TOTAL,ALL,23,ALL,ALL,2018,1749,,,,,,,,ALL_N1,,,,,,,
IT1:DF_DCSS_ISTR_LAV_PEN_2_TV_3(1.0),A,082006,RESPOP_AV,M,Y25-49,TOTAL,ALL,23,ALL,ALL,2019,1606,,,,,,,,ALL_N1,,,,,,,
IT1:DF_DCSS_ISTR_LAV_PEN_2_TV_3(1.0),A,082006,RESPOP_AV,M,Y25-49,TOTAL,ALL,23,ALL,ALL,2021,1962.21021272374,,,,,,,,ALL_N1,,,,,,,
IT1:DF_DCSS_ISTR_LAV_PEN_2_TV_3(1.0),A,082006,RESPOP_AV,M,Y25-49,TOTAL,ALL,23,ALL,ALL,2022,1924.52794230871,,,,,,,,ALL_N1,,,,,,,
IT1:DF_DCSS_ISTR_LAV_PEN_2_TV_3(1.0),A,082006,RESPOP_AV,M,Y25-49,TOTAL,ALL,23,ALL,ALL,2023,1840.0091707176505,,,,,,,,ALL_N1,,,,,,,
IT1:DF_DCSS_ISTR_LAV_PEN_2_TV_3(1.0),A,082006,RESPOP_AV,M,Y25-49,TOTAL,ALL,23,ALL,ALL,2024,1912.0038163082786,,,,,,,,ALL_N1,,,,,,,
IT1:DF_DCSS_ISTR_LAV_PEN_2_TV_3(1.0),A,082006,RESPOP_AV,M,Y25-49,TOTAL,ALL,24,ALL,ALL,2018,101,,,,,,,,ALL_N1,,,,,,,
IT1:DF_DCSS_ISTR_LAV_PEN_2_TV_3(1.0),A,082006,RESPOP_AV,M,Y25-49,TOTAL,ALL,24,ALL,ALL,2019,132,,,,,,,,ALL_N1,,,,,,,
IT1:DF_DCSS_ISTR_LAV_PEN_2_TV_3(1.0),A,082006,RESPOP_AV,M,Y25-49,TOTAL,ALL,24,ALL,ALL,2021,123.586258117393,,,,,,,,ALL_N1,,,,,,,
IT1:DF_DCSS_ISTR_LAV_PEN_2_TV_3(1.0),A,082006,RESPOP_AV,M,Y25-49,TOTAL,ALL,24,ALL,ALL,2022,109.602734372651,,,,,,,,ALL_N1,,,,,,,
IT1:DF_DCSS_ISTR_LAV_PEN_2_TV_3(1.0),A,082006,RESPOP_AV,M,Y25-49,TOTAL,ALL,24,ALL,ALL,2023,96.98923365937601,,,,,,,,ALL_N1,,,,,,,
IT1:DF_DCSS_ISTR_LAV_PEN_2_TV_3(1.0),A,082006,RESPOP_AV,M,Y25-49,TOTAL,ALL,24,ALL,ALL,2024,135.32191014332756,,,,,,,,ALL_N1,,,,,,,
IT1:DF_DCSS_ISTR_LAV_PEN_2_TV_3(1.0),A,082006,RESPOP_AV,M,Y25-49,TOTAL,ALL,4,ALL,ALL,2018,195,,,,,,,,ALL_N1,,,,,,,
IT1:DF_DCSS_ISTR_LAV_PEN_2_TV_3(1.0),A,082006,RESPOP_AV,M,Y25-49,TOTAL,ALL,4,ALL,ALL,2019,203,,,,,,,,ALL_N1,,,,,,,
IT1:DF_DCSS_ISTR_LAV_PEN_2_TV_3(1.0),A,082006,RESPOP_AV,M,Y25-49,TOTAL,ALL,4,ALL,ALL,2021,339.414189468743,,,,,,,,ALL_N1,,,,,,,
IT1:DF_DCSS_ISTR_LAV_PEN_2_TV_3(1.0),A,082006,RESPOP_AV,M,Y25-49,TOTAL,ALL,4,ALL,ALL,2022,345.887459629843,,,,,,,,ALL_N1,,,,,,,
IT1:DF_DCSS_ISTR_LAV_PEN_2_TV_3(1.0),A,082006,RESPOP_AV,M,Y25-49,TOTAL,ALL,4,ALL,ALL,2023,357.864804041731,,,,,,,,ALL_N1,,,,,,,
IT1:DF_DCSS_ISTR_LAV_PEN_2_TV_3(1.0),A,082006,RESPOP_AV,M,Y25-49,TOTAL,ALL,4,ALL,ALL,2024,313.90782496149524,,,,,,,,ALL_N1,,,,,,,
IT1:DF_DCSS_ISTR_LAV_PEN_2_TV_3(1.0),A,082006,RESPOP_AV,M,Y25-49,TOTAL,ALL,5,ALL,ALL,2018,200,,,,,,,,ALL_N1,,,,,,,
IT1:DF_DCSS_ISTR_LAV_PEN_2_TV_3(1.0),A,082006,RESPOP_AV,M,Y25-49,TOTAL,ALL,5,ALL,ALL,2019,211,,,,,,,,ALL_N1,,,,,,,
IT1:DF_DCSS_ISTR_LAV_PEN_2_TV_3(1.0),A,082006,RESPOP_AV,M,Y25-49,TOTAL,ALL,5,ALL,ALL,2021,212.790288301856,,,,,,,,ALL_N1,,,,,,,
IT1:DF_DCSS_ISTR_LAV_PEN_2_TV_3(1.0),A,082006,RESPOP_AV,M,Y25-49,TOTAL,ALL,5,ALL,ALL,2022,230.712008879023,,,,,,,,ALL_N1,,,,,,,
IT1:DF_DCSS_ISTR_LAV_PEN_2_TV_3(1.0),A,082006,RESPOP_AV,M,Y25-49,TOTAL,ALL,5,ALL,ALL,2023,167.93216516919622,,,,,,,,ALL_N1,,,,,,,
IT1:DF_DCSS_ISTR_LAV_PEN_2_TV_3(1.0),A,082006,RESPOP_AV,M,Y25-49,TOTAL,ALL,5,ALL,ALL,2024,200.03134172574565,,,,,,,,ALL_N1,,,,,,,
IT1:DF_DCSS_ISTR_LAV_PEN_2_TV_3(1.0),A,082006,RESPOP_AV,M,Y25-49,TOTAL,ALL,7,ALL,ALL,2018,1253,,,,,,,,ALL_N1,,,,,,,
IT1:DF_DCSS_ISTR_LAV_PEN_2_TV_3(1.0),A,082006,RESPOP_AV,M,Y25-49,TOTAL,ALL,7,ALL,ALL,2019,1060,,,,,,,,ALL_N1,,,,,,,
IT1:DF_DCSS_ISTR_LAV_PEN_2_TV_3(1.0),A,082006,RESPOP_AV,M,Y25-49,TOTAL,ALL,7,ALL,ALL,2021,1286.41947683575,,,,,,,,ALL_N1,,,,,,,
IT1:DF_DCSS_ISTR_LAV_PEN_2_TV_3(1.0),A,082006,RESPOP_AV,M,Y25-49,TOTAL,ALL,7,ALL,ALL,2022,1238.32573942719,,,,,,,,ALL_N1,,,,,,,
IT1:DF_DCSS_ISTR_LAV_PEN_2_TV_3(1.0),A,082006,RESPOP_AV,M,Y25-49,TOTAL,ALL,7,ALL,ALL,2023,1217.2229678473473,,,,,,,,ALL_N1,,,,,,,
IT1:DF_DCSS_ISTR_LAV_PEN_2_TV_3(1.0),A,082006,RESPOP_AV,M,Y25-49,TOTAL,ALL,7,ALL,ALL,2024,1262.74273947771,,,,,,,,ALL_N1,,,,,,,
IT1:DF_DCSS_ISTR_LAV_PEN_2_TV_3(1.0),A,082006,RESPOP_AV,M,Y25-49,TOTAL,ALL,99,ALL,ALL,2018,8925,,,,,,,,ALL_N1,99_N1,,,,,,
IT1:DF_DCSS_ISTR_LAV_PEN_2_TV_3(1.0),A,082006,RESPOP_AV,M,Y25-49,TOTAL,ALL,99,ALL,ALL,2019,8703,,,,,,,,ALL_N1,99_N1,,,,,,
IT1:DF_DCSS_ISTR_LAV_PEN_2_TV_3(1.0),A,082006,RESPOP_AV,M,Y25-49,TOTAL,ALL,99,ALL,ALL,2020,8366,,,,,,,,ALL_N1,99_N1,,,,,,
IT1:DF_DCSS_ISTR_LAV_PEN_2_TV_3(1.0),A,082006,RESPOP_AV,M,Y25-49,TOTAL,ALL,99,ALL,ALL,2021,8402,,,,,,,,ALL_N1,99_N1,,,,,,
IT1:DF_DCSS_ISTR_LAV_PEN_2_TV_3(1.0),A,082006,RESPOP_AV,M,Y25-49,TOTAL,ALL,99,ALL,ALL,2022,8320,,,,,,,,ALL_N1,99_N1,,,,,,
IT1:DF_DCSS_ISTR_LAV_PEN_2_TV_3(1.0),A,082006,RESPOP_AV,M,Y25-49,TOTAL,ALL,99,ALL,ALL,2023,8244,,,,,,,,ALL_N1,99_N1,,,,,,
IT1:DF_DCSS_ISTR_LAV_PEN_2_TV_3(1.0),A,082006,RESPOP_AV,M,Y25-49,TOTAL,ALL,99,ALL,ALL,2024,8189.000000000001,,,,,,,,ALL_N1,99_N1,,,,,,
IT1:DF_DCSS_ISTR_LAV_PEN_2_TV_3(1.0),A,082006,RESPOP_AV,M,Y50-64,TOTAL,ALL,1,ALL,ALL,2018,3002,,,,,,,,ALL_N1,,,,,,,
IT1:DF_DCSS_ISTR_LAV_PEN_2_TV_3(1.0),A,082006,RESPOP_AV,M,Y50-64,TOTAL,ALL,1,ALL,ALL,2019,3220,,,,,,,,ALL_N1,,,,,,,
IT1:DF_DCSS_ISTR_LAV_PEN_2_TV_3(1.0),A,082006,RESPOP_AV,M,Y50-64,TOTAL,ALL,1,ALL,ALL,2021,3382,,,,,,,,ALL_N1,,,,,,,
IT1:DF_DCSS_ISTR_LAV_PEN_2_TV_3(1.0),A,082006,RESPOP_AV,M,Y50-64,TOTAL,ALL,1,ALL,ALL,2022,3412,,,,,,,,ALL_N1,,,,,,,
IT1:DF_DCSS_ISTR_LAV_PEN_2_TV_3(1.0),A,082006,RESPOP_AV,M,Y50-64,TOTAL,ALL,1,ALL,ALL,2023,3470,,,,,,,,ALL_N1,,,,,,,
IT1:DF_DCSS_ISTR_LAV_PEN_2_TV_3(1.0),A,082006,RESPOP_AV,M,Y50-64,TOTAL,ALL,1,ALL,ALL,2024,3585,,,,,,,,ALL_N1,,,,,,,
IT1:DF_DCSS_ISTR_LAV_PEN_2_TV_3(1.0),A,082006,RESPOP_AV,M,Y50-64,TOTAL,ALL,12,ALL,ALL,2018,815,,,,,,,,ALL_N1,,,,,,,
IT1:DF_DCSS_ISTR_LAV_PEN_2_TV_3(1.0),A,082006,RESPOP_AV,M,Y50-64,TOTAL,ALL,12,ALL,ALL,2019,789,,,,,,,,ALL_N1,,,,,,,
IT1:DF_DCSS_ISTR_LAV_PEN_2_TV_3(1.0),A,082006,RESPOP_AV,M,Y50-64,TOTAL,ALL,12,ALL,ALL,2021,423.692867293087,,,,,,,,ALL_N1,,,,,,,
IT1:DF_DCSS_ISTR_LAV_PEN_2_TV_3(1.0),A,082006,RESPOP_AV,M,Y50-64,TOTAL,ALL,12,ALL,ALL,2022,375.578012404549,,,,,,,,ALL_N1,,,,,,,
IT1:DF_DCSS_ISTR_LAV_PEN_2_TV_3(1.0),A,082006,RESPOP_AV,M,Y50-64,TOTAL,ALL,12,ALL,ALL,2023,397.45305348568803,,,,,,,,ALL_N1,,,,,,,
IT1:DF_DCSS_ISTR_LAV_PEN_2_TV_3(1.0),A,082006,RESPOP_AV,M,Y50-64,TOTAL,ALL,12,ALL,ALL,2024,319.61879890742915,,,,,,,,ALL_N1,,,,,,,
IT1:DF_DCSS_ISTR_LAV_PEN_2_TV_3(1.0),A,082006,RESPOP_AV,M,Y50-64,TOTAL,ALL,22,ALL,ALL,2018,3817,,,,,,,,ALL_N1,,,,,,,
IT1:DF_DCSS_ISTR_LAV_PEN_2_TV_3(1.0),A,082006,RESPOP_AV,M,Y50-64,TOTAL,ALL,22,ALL,ALL,2019,4009,,,,,,,,ALL_N1,,,,,,,
IT1:DF_DCSS_ISTR_LAV_PEN_2_TV_3(1.0),A,082006,RESPOP_AV,M,Y50-64,TOTAL,ALL,22,ALL,ALL,2021,3805.69286729309,,,,,,,,ALL_N1,,,,,,,
IT1:DF_DCSS_ISTR_LAV_PEN_2_TV_3(1.0),A,082006,RESPOP_AV,M,Y50-64,TOTAL,ALL,22,ALL,ALL,2022,3787.57801240455,,,,,,,,ALL_N1,,,,,,,
IT1:DF_DCSS_ISTR_LAV_PEN_2_TV_3(1.0),A,082006,RESPOP_AV,M,Y50-64,TOTAL,ALL,22,ALL,ALL,2023,3867.453053485688,,,,,,,,ALL_N1,,,,,,,
IT1:DF_DCSS_ISTR_LAV_PEN_2_TV_3(1.0),A,082006,RESPOP_AV,M,Y50-64,TOTAL,ALL,22,ALL,ALL,2024,3904.618798907429,,,,,,,,ALL_N1,,,,,,,
IT1:DF_DCSS_ISTR_LAV_PEN_2_TV_3(1.0),A,082006,RESPOP_AV,M,Y50-64,TOTAL,ALL,23,ALL,ALL,2018,1414,,,,,,,,ALL_N1,,,,,,,
IT1:DF_DCSS_ISTR_LAV_PEN_2_TV_3(1.0),A,082006,RESPOP_AV,M,Y50-64,TOTAL,ALL,23,ALL,ALL,2019,1329,,,,,,,,ALL_N1,,,,,,,
IT1:DF_DCSS_ISTR_LAV_PEN_2_TV_3(1.0),A,082006,RESPOP_AV,M,Y50-64,TOTAL,ALL,23,ALL,ALL,2021,1661.30713270691,,,,,,,,ALL_N1,,,,,,,
IT1:DF_DCSS_ISTR_LAV_PEN_2_TV_3(1.0),A,082006,RESPOP_AV,M,Y50-64,TOTAL,ALL,23,ALL,ALL,2022,1710.42198759545,,,,,,,,ALL_N1,,,,,,,
IT1:DF_DCSS_ISTR_LAV_PEN_2_TV_3(1.0),A,082006,RESPOP_AV,M,Y50-64,TOTAL,ALL,23,ALL,ALL,2023,1647.546946514312,,,,,,,,ALL_N1,,,,,,,
IT1:DF_DCSS_ISTR_LAV_PEN_2_TV_3(1.0),A,082006,RESPOP_AV,M,Y50-64,TOTAL,ALL,23,ALL,ALL,2024,1627.3812010925715,,,,,,,,ALL_N1,,,,,,,
IT1:DF_DCSS_ISTR_LAV_PEN_2_TV_3(1.0),A,082006,RESPOP_AV,M,Y50-64,TOTAL,ALL,24,ALL,ALL,2018,442,,,,,,,,ALL_N1,,,,,,,
IT1:DF_DCSS_ISTR_LAV_PEN_2_TV_3(1.0),A,082006,RESPOP_AV,M,Y50-64,TOTAL,ALL,24,ALL,ALL,2019,500,,,,,,,,ALL_N1,,,,,,,
IT1:DF_DCSS_ISTR_LAV_PEN_2_TV_3(1.0),A,082006,RESPOP_AV,M,Y50-64,TOTAL,ALL,24,ALL,ALL,2021,498.179314686378,,,,,,,,ALL_N1,,,,,,,
IT1:DF_DCSS_ISTR_LAV_PEN_2_TV_3(1.0),A,082006,RESPOP_AV,M,Y50-64,TOTAL,ALL,24,ALL,ALL,2022,434.115925107847,,,,,,,,ALL_N1,,,,,,,
IT1:DF_DCSS_ISTR_LAV_PEN_2_TV_3(1.0),A,082006,RESPOP_AV,M,Y50-64,TOTAL,ALL,24,ALL,ALL,2023,355.9083230665276,,,,,,,,ALL_N1,,,,,,,
IT1:DF_DCSS_ISTR_LAV_PEN_2_TV_3(1.0),A,082006,RESPOP_AV,M,Y50-64,TOTAL,ALL,24,ALL,ALL,2024,367.9953946763459,,,,,,,,ALL_N1,,,,,,,
IT1:DF_DCSS_ISTR_LAV_PEN_2_TV_3(1.0),A,082006,RESPOP_AV,M,Y50-64,TOTAL,ALL,4,ALL,ALL,2018,170,,,,,,,,ALL_N1,,,,,,,
IT1:DF_DCSS_ISTR_LAV_PEN_2_TV_3(1.0),A,082006,RESPOP_AV,M,Y50-64,TOTAL,ALL,4,ALL,ALL,2019,165,,,,,,,,ALL_N1,,,,,,,
IT1:DF_DCSS_ISTR_LAV_PEN_2_TV_3(1.0),A,082006,RESPOP_AV,M,Y50-64,TOTAL,ALL,4,ALL,ALL,2021,286.947364816224,,,,,,,,ALL_N1,,,,,,,
IT1:DF_DCSS_ISTR_LAV_PEN_2_TV_3(1.0),A,082006,RESPOP_AV,M,Y50-64,TOTAL,ALL,4,ALL,ALL,2022,329.054364246547,,,,,,,,ALL_N1,,,,,,,
IT1:DF_DCSS_ISTR_LAV_PEN_2_TV_3(1.0),A,082006,RESPOP_AV,M,Y50-64,TOTAL,ALL,4,ALL,ALL,2023,338.21019896997893,,,,,,,,ALL_N1,,,,,,,
IT1:DF_DCSS_ISTR_LAV_PEN_2_TV_3(1.0),A,082006,RESPOP_AV,M,Y50-64,TOTAL,ALL,4,ALL,ALL,2024,308.8181267684999,,,,,,,,ALL_N1,,,,,,,
IT1:DF_DCSS_ISTR_LAV_PEN_2_TV_3(1.0),A,082006,RESPOP_AV,M,Y50-64,TOTAL,ALL,5,ALL,ALL,2018,2,,,,,,,,ALL_N1,,,,,,,
IT1:DF_DCSS_ISTR_LAV_PEN_2_TV_3(1.0),A,082006,RESPOP_AV,M,Y50-64,TOTAL,ALL,5,ALL,ALL,2019,2,,,,,,,,ALL_N1,,,,,,,
IT1:DF_DCSS_ISTR_LAV_PEN_2_TV_3(1.0),A,082006,RESPOP_AV,M,Y50-64,TOTAL,ALL,5,ALL,ALL,2021,3.23204194289717,,,,,,,,ALL_N1,,,,,,,
IT1:DF_DCSS_ISTR_LAV_PEN_2_TV_3(1.0),A,082006,RESPOP_AV,M,Y50-64,TOTAL,ALL,5,ALL,ALL,2022,5.31938162351304,,,,,,,,ALL_N1,,,,,,,
IT1:DF_DCSS_ISTR_LAV_PEN_2_TV_3(1.0),A,082006,RESPOP_AV,M,Y50-64,TOTAL,ALL,5,ALL,ALL,2023,3.5230766283960415,,,,,,,,ALL_N1,,,,,,,
IT1:DF_DCSS_ISTR_LAV_PEN_2_TV_3(1.0),A,082006,RESPOP_AV,M,Y50-64,TOTAL,ALL,5,ALL,ALL,2024,6.375765844489391,,,,,,,,ALL_N1,,,,,,,
IT1:DF_DCSS_ISTR_LAV_PEN_2_TV_3(1.0),A,082006,RESPOP_AV,M,Y50-64,TOTAL,ALL,7,ALL,ALL,2018,800,,,,,,,,ALL_N1,,,,,,,
IT1:DF_DCSS_ISTR_LAV_PEN_2_TV_3(1.0),A,082006,RESPOP_AV,M,Y50-64,TOTAL,ALL,7,ALL,ALL,2019,662,,,,,,,,ALL_N1,,,,,,,
IT1:DF_DCSS_ISTR_LAV_PEN_2_TV_3(1.0),A,082006,RESPOP_AV,M,Y50-64,TOTAL,ALL,7,ALL,ALL,2021,872.948411261413,,,,,,,,ALL_N1,,,,,,,
IT1:DF_DCSS_ISTR_LAV_PEN_2_TV_3(1.0),A,082006,RESPOP_AV,M,Y50-64,TOTAL,ALL,7,ALL,ALL,2022,941.932316617544,,,,,,,,ALL_N1,,,,,,,
IT1:DF_DCSS_ISTR_LAV_PEN_2_TV_3(1.0),A,082006,RESPOP_AV,M,Y50-64,TOTAL,ALL,7,ALL,ALL,2023,949.9053478494093,,,,,,,,ALL_N1,,,,,,,
IT1:DF_DCSS_ISTR_LAV_PEN_2_TV_3(1.0),A,082006,RESPOP_AV,M,Y50-64,TOTAL,ALL,7,ALL,ALL,2024,944.1919138032364,,,,,,,,ALL_N1,,,,,,,
IT1:DF_DCSS_ISTR_LAV_PEN_2_TV_3(1.0),A,082006,RESPOP_AV,M,Y50-64,TOTAL,ALL,99,ALL,ALL,2018,5231,,,,,,,,ALL_N1,99_N1,,,,,,
IT1:DF_DCSS_ISTR_LAV_PEN_2_TV_3(1.0),A,082006,RESPOP_AV,M,Y50-64,TOTAL,ALL,99,ALL,ALL,2019,5338,,,,,,,,ALL_N1,99_N1,,,,,,
IT1:DF_DCSS_ISTR_LAV_PEN_2_TV_3(1.0),A,082006,RESPOP_AV,M,Y50-64,TOTAL,ALL,99,ALL,ALL,2020,5369,,,,,,,,ALL_N1,99_N1,,,,,,
IT1:DF_DCSS_ISTR_LAV_PEN_2_TV_3(1.0),A,082006,RESPOP_AV,M,Y50-64,TOTAL,ALL,99,ALL,ALL,2021,5467,,,,,,,,ALL_N1,99_N1,,,,,,
IT1:DF_DCSS_ISTR_LAV_PEN_2_TV_3(1.0),A,082006,RESPOP_AV,M,Y50-64,TOTAL,ALL,99,ALL,ALL,2022,5498,,,,,,,,ALL_N1,99_N1,,,,,,
IT1:DF_DCSS_ISTR_LAV_PEN_2_TV_3(1.0),A,082006,RESPOP_AV,M,Y50-64,TOTAL,ALL,99,ALL,ALL,2023,5515,,,,,,,,ALL_N1,99_N1,,,,,,
IT1:DF_DCSS_ISTR_LAV_PEN_2_TV_3(1.0),A,082006,RESPOP_AV,M,Y50-64,TOTAL,ALL,99,ALL,ALL,2024,5532.000000000001,,,,,,,,ALL_N1,99_N1,,,,,,
IT1:DF_DCSS_ISTR_LAV_PEN_2_TV_3(1.0),A,082006,RESPOP_AV,T,Y_GE15,TOTAL,ALL,1,ALL,ALL,2018,13288,,,,,,,,ALL_N1,,,,,,,
IT1:DF_DCSS_ISTR_LAV_PEN_2_TV_3(1.0),A,082006,RESPOP_AV,T,Y_GE15,TOTAL,ALL,1,ALL,ALL,2019,13617,,,,,,,,ALL_N1,,,,,,,
IT1:DF_DCSS_ISTR_LAV_PEN_2_TV_3(1.0),A,082006,RESPOP_AV,T,Y_GE15,TOTAL,ALL,1,ALL,ALL,2021,14329,,,,,,,,ALL_N1,,,,,,,
IT1:DF_DCSS_ISTR_LAV_PEN_2_TV_3(1.0),A,082006,RESPOP_AV,T,Y_GE15,TOTAL,ALL,1,ALL,ALL,2022,14678,,,,,,,,ALL_N1,,,,,,,
IT1:DF_DCSS_ISTR_LAV_PEN_2_TV_3(1.0),A,082006,RESPOP_AV,T,Y_GE15,TOTAL,ALL,1,ALL,ALL,2023,15042,,,,,,,,ALL_N1,,,,,,,
IT1:DF_DCSS_ISTR_LAV_PEN_2_TV_3(1.0),A,082006,RESPOP_AV,T,Y_GE15,TOTAL,ALL,1,ALL,ALL,2024,15685,,,,,,,,ALL_N1,,,,,,,
IT1:DF_DCSS_ISTR_LAV_PEN_2_TV_3(1.0),A,082006,RESPOP_AV,T,Y_GE15,TOTAL,ALL,12,ALL,ALL,2018,6183,,,,,,,,ALL_N1,,,,,,,
IT1:DF_DCSS_ISTR_LAV_PEN_2_TV_3(1.0),A,082006,RESPOP_AV,T,Y_GE15,TOTAL,ALL,12,ALL,ALL,2019,6204,,,,,,,,ALL_N1,,,,,,,
IT1:DF_DCSS_ISTR_LAV_PEN_2_TV_3(1.0),A,082006,RESPOP_AV,T,Y_GE15,TOTAL,ALL,12,ALL,ALL,2021,3290.07005025003,,,,,,,,ALL_N1,,,,,,,
IT1:DF_DCSS_ISTR_LAV_PEN_2_TV_3(1.0),A,082006,RESPOP_AV,T,Y_GE15,TOTAL,ALL,12,ALL,ALL,2022,2982.67214118788,,,,,,,,ALL_N1,,,,,,,
IT1:DF_DCSS_ISTR_LAV_PEN_2_TV_3(1.0),A,082006,RESPOP_AV,T,Y_GE15,TOTAL,ALL,12,ALL,ALL,2023,3083.5419504895854,,,,,,,,ALL_N1,,,,,,,
IT1:DF_DCSS_ISTR_LAV_PEN_2_TV_3(1.0),A,082006,RESPOP_AV,T,Y_GE15,TOTAL,ALL,12,ALL,ALL,2024,2328.9317486789096,,,,,,,,ALL_N1,,,,,,,
IT1:DF_DCSS_ISTR_LAV_PEN_2_TV_3(1.0),A,082006,RESPOP_AV,T,Y_GE15,TOTAL,ALL,22,ALL,ALL,2018,19471,,,,,,,,ALL_N1,,,,,,,
IT1:DF_DCSS_ISTR_LAV_PEN_2_TV_3(1.0),A,082006,RESPOP_AV,T,Y_GE15,TOTAL,ALL,22,ALL,ALL,2019,19821,,,,,,,,ALL_N1,,,,,,,
IT1:DF_DCSS_ISTR_LAV_PEN_2_TV_3(1.0),A,082006,RESPOP_AV,T,Y_GE15,TOTAL,ALL,22,ALL,ALL,2021,17619.07005025,,,,,,,,ALL_N1,,,,,,,
IT1:DF_DCSS_ISTR_LAV_PEN_2_TV_3(1.0),A,082006,RESPOP_AV,T,Y_GE15,TOTAL,ALL,22,ALL,ALL,2022,17660.6721411879,,,,,,,,ALL_N1,,,,,,,
IT1:DF_DCSS_ISTR_LAV_PEN_2_TV_3(1.0),A,082006,RESPOP_AV,T,Y_GE15,TOTAL,ALL,22,ALL,ALL,2023,18125.541950489584,,,,,,,,ALL_N1,,,,,,,
IT1:DF_DCSS_ISTR_LAV_PEN_2_TV_3(1.0),A,082006,RESPOP_AV,T,Y_GE15,TOTAL,ALL,22,ALL,ALL,2024,18013.931748678908,,,,,,,,ALL_N1,,,,,,,
IT1:DF_DCSS_ISTR_LAV_PEN_2_TV_3(1.0),A,082006,RESPOP_AV,T,Y_GE15,TOTAL,ALL,23,ALL,ALL,2018,26078,,,,,,,,ALL_N1,,,,,,,
IT1:DF_DCSS_ISTR_LAV_PEN_2_TV_3(1.0),A,082006,RESPOP_AV,T,Y_GE15,TOTAL,ALL,23,ALL,ALL,2019,25599,,,,,,,,ALL_N1,,,,,,,
IT1:DF_DCSS_ISTR_LAV_PEN_2_TV_3(1.0),A,082006,RESPOP_AV,T,Y_GE15,TOTAL,ALL,23,ALL,ALL,2021,27678.92994975,,,,,,,,ALL_N1,,,,,,,
IT1:DF_DCSS_ISTR_LAV_PEN_2_TV_3(1.0),A,082006,RESPOP_AV,T,Y_GE15,TOTAL,ALL,23,ALL,ALL,2022,27648.3278588121,,,,,,,,ALL_N1,,,,,,,
IT1:DF_DCSS_ISTR_LAV_PEN_2_TV_3(1.0),A,082006,RESPOP_AV,T,Y_GE15,TOTAL,ALL,23,ALL,ALL,2023,27208.458049510416,,,,,,,,ALL_N1,,,,,,,
IT1:DF_DCSS_ISTR_LAV_PEN_2_TV_3(1.0),A,082006,RESPOP_AV,T,Y_GE15,TOTAL,ALL,23,ALL,ALL,2024,27521.068251321096,,,,,,,,ALL_N1,,,,,,,
IT1:DF_DCSS_ISTR_LAV_PEN_2_TV_3(1.0),A,082006,RESPOP_AV,T,Y_GE15,TOTAL,ALL,24,ALL,ALL,2018,6885,,,,,,,,ALL_N1,,,,,,,
IT1:DF_DCSS_ISTR_LAV_PEN_2_TV_3(1.0),A,082006,RESPOP_AV,T,Y_GE15,TOTAL,ALL,24,ALL,ALL,2019,7359,,,,,,,,ALL_N1,,,,,,,
IT1:DF_DCSS_ISTR_LAV_PEN_2_TV_3(1.0),A,082006,RESPOP_AV,T,Y_GE15,TOTAL,ALL,24,ALL,ALL,2021,7834.98702331058,,,,,,,,ALL_N1,,,,,,,
IT1:DF_DCSS_ISTR_LAV_PEN_2_TV_3(1.0),A,082006,RESPOP_AV,T,Y_GE15,TOTAL,ALL,24,ALL,ALL,2022,7205.88552287419,,,,,,,,ALL_N1,,,,,,,
IT1:DF_DCSS_ISTR_LAV_PEN_2_TV_3(1.0),A,082006,RESPOP_AV,T,Y_GE15,TOTAL,ALL,24,ALL,ALL,2023,6673.304411869374,,,,,,,,ALL_N1,,,,,,,
IT1:DF_DCSS_ISTR_LAV_PEN_2_TV_3(1.0),A,082006,RESPOP_AV,T,Y_GE15,TOTAL,ALL,24,ALL,ALL,2024,7270.962239129841,,,,,,,,ALL_N1,,,,,,,
IT1:DF_DCSS_ISTR_LAV_PEN_2_TV_3(1.0),A,082006,RESPOP_AV,T,Y_GE15,TOTAL,ALL,4,ALL,ALL,2018,9715,,,,,,,,ALL_N1,,,,,,,
IT1:DF_DCSS_ISTR_LAV_PEN_2_TV_3(1.0),A,082006,RESPOP_AV,T,Y_GE15,TOTAL,ALL,4,ALL,ALL,2019,9613,,,,,,,,ALL_N1,,,,,,,
IT1:DF_DCSS_ISTR_LAV_PEN_2_TV_3(1.0),A,082006,RESPOP_AV,T,Y_GE15,TOTAL,ALL,4,ALL,ALL,2021,10578.1160804534,,,,,,,,ALL_N1,,,,,,,
IT1:DF_DCSS_ISTR_LAV_PEN_2_TV_3(1.0),A,082006,RESPOP_AV,T,Y_GE15,TOTAL,ALL,4,ALL,ALL,2022,10791.7771511157,,,,,,,,ALL_N1,,,,,,,
IT1:DF_DCSS_ISTR_LAV_PEN_2_TV_3(1.0),A,082006,RESPOP_AV,T,Y_GE15,TOTAL,ALL,4,ALL,ALL,2023,10816.362118172838,,,,,,,,ALL_N1,,,,,,,
IT1:DF_DCSS_ISTR_LAV_PEN_2_TV_3(1.0),A,082006,RESPOP_AV,T,Y_GE15,TOTAL,ALL,4,ALL,ALL,2024,10444.22495630327,,,,,,,,ALL_N1,,,,,,,
IT1:DF_DCSS_ISTR_LAV_PEN_2_TV_3(1.0),A,082006,RESPOP_AV,T,Y_GE15,TOTAL,ALL,5,ALL,ALL,2018,3879,,,,,,,,ALL_N1,,,,,,,
IT1:DF_DCSS_ISTR_LAV_PEN_2_TV_3(1.0),A,082006,RESPOP_AV,T,Y_GE15,TOTAL,ALL,5,ALL,ALL,2019,4148,,,,,,,,ALL_N1,,,,,,,
IT1:DF_DCSS_ISTR_LAV_PEN_2_TV_3(1.0),A,082006,RESPOP_AV,T,Y_GE15,TOTAL,ALL,5,ALL,ALL,2021,4100.69121641195,,,,,,,,ALL_N1,,,,,,,
IT1:DF_DCSS_ISTR_LAV_PEN_2_TV_3(1.0),A,082006,RESPOP_AV,T,Y_GE15,TOTAL,ALL,5,ALL,ALL,2022,4189.96967736197,,,,,,,,ALL_N1,,,,,,,
IT1:DF_DCSS_ISTR_LAV_PEN_2_TV_3(1.0),A,082006,RESPOP_AV,T,Y_GE15,TOTAL,ALL,5,ALL,ALL,2023,3811.449413865911,,,,,,,,ALL_N1,,,,,,,
IT1:DF_DCSS_ISTR_LAV_PEN_2_TV_3(1.0),A,082006,RESPOP_AV,T,Y_GE15,TOTAL,ALL,5,ALL,ALL,2024,4099.119686158163,,,,,,,,ALL_N1,,,,,,,
IT1:DF_DCSS_ISTR_LAV_PEN_2_TV_3(1.0),A,082006,RESPOP_AV,T,Y_GE15,TOTAL,ALL,7,ALL,ALL,2018,5600,,,,,,,,ALL_N1,,,,,,,
IT1:DF_DCSS_ISTR_LAV_PEN_2_TV_3(1.0),A,082006,RESPOP_AV,T,Y_GE15,TOTAL,ALL,7,ALL,ALL,2019,4479,,,,,,,,ALL_N1,,,,,,,
IT1:DF_DCSS_ISTR_LAV_PEN_2_TV_3(1.0),A,082006,RESPOP_AV,T,Y_GE15,TOTAL,ALL,7,ALL,ALL,2021,5165.13562957406,,,,,,,,ALL_N1,,,,,,,
IT1:DF_DCSS_ISTR_LAV_PEN_2_TV_3(1.0),A,082006,RESPOP_AV,T,Y_GE15,TOTAL,ALL,7,ALL,ALL,2022,5460.69550746025,,,,,,,,ALL_N1,,,,,,,
IT1:DF_DCSS_ISTR_LAV_PEN_2_TV_3(1.0),A,082006,RESPOP_AV,T,Y_GE15,TOTAL,ALL,7,ALL,ALL,2023,5907.342105602294,,,,,,,,ALL_N1,,,,,,,
IT1:DF_DCSS_ISTR_LAV_PEN_2_TV_3(1.0),A,082006,RESPOP_AV,T,Y_GE15,TOTAL,ALL,7,ALL,ALL,2024,5706.76136972982,,,,,,,,ALL_N1,,,,,,,
IT1:DF_DCSS_ISTR_LAV_PEN_2_TV_3(1.0),A,082006,RESPOP_AV,T,Y_GE15,TOTAL,ALL,99,ALL,ALL,2018,45549,,,,,,,,ALL_N1,99_N1,,,,,,
IT1:DF_DCSS_ISTR_LAV_PEN_2_TV_3(1.0),A,082006,RESPOP_AV,T,Y_GE15,TOTAL,ALL,99,ALL,ALL,2019,45420,,,,,,,,ALL_N1,99_N1,,,,,,
IT1:DF_DCSS_ISTR_LAV_PEN_2_TV_3(1.0),A,082006,RESPOP_AV,T,Y_GE15,TOTAL,ALL,99,ALL,ALL,2021,45298,,,,,,,,ALL_N1,99_N1,,,,,,
IT1:DF_DCSS_ISTR_LAV_PEN_2_TV_3(1.0),A,082006,RESPOP_AV,T,Y_GE15,TOTAL,ALL,99,ALL,ALL,2022,45309,,,,,,,,ALL_N1,99_N1,,,,,,
IT1:DF_DCSS_ISTR_LAV_PEN_2_TV_3(1.0),A,082006,RESPOP_AV,T,Y_GE15,TOTAL,ALL,99,ALL,ALL,2023,45334,,,,,,,,ALL_N1,99_N1,,,,,,
IT1:DF_DCSS_ISTR_LAV_PEN_2_TV_3(1.0),A,082006,RESPOP_AV,T,Y_GE15,TOTAL,ALL,99,ALL,ALL,2024,45535.00000000001,,,,,,,,ALL_N1,99_N1,,,,,,
IT1:DF_DCSS_ISTR_LAV_PEN_2_TV_3(1.0),A,082006,RESPOP_AV,T,Y_GE65,TOTAL,ALL,1,ALL,ALL,2018,430,,,,,,,,ALL_N1,,,,,,,
IT1:DF_DCSS_ISTR_LAV_PEN_2_TV_3(1.0),A,082006,RESPOP_AV,T,Y_GE65,TOTAL,ALL,1,ALL,ALL,2019,493,,,,,,,,ALL_N1,,,,,,,
IT1:DF_DCSS_ISTR_LAV_PEN_2_TV_3(1.0),A,082006,RESPOP_AV,T,Y_GE65,TOTAL,ALL,1,ALL,ALL,2021,484,,,,,,,,ALL_N1,,,,,,,
IT1:DF_DCSS_ISTR_LAV_PEN_2_TV_3(1.0),A,082006,RESPOP_AV,T,Y_GE65,TOTAL,ALL,1,ALL,ALL,2022,541,,,,,,,,ALL_N1,,,,,,,
IT1:DF_DCSS_ISTR_LAV_PEN_2_TV_3(1.0),A,082006,RESPOP_AV,T,Y_GE65,TOTAL,ALL,1,ALL,ALL,2023,549,,,,,,,,ALL_N1,,,,,,,
IT1:DF_DCSS_ISTR_LAV_PEN_2_TV_3(1.0),A,082006,RESPOP_AV,T,Y_GE65,TOTAL,ALL,1,ALL,ALL,2024,629,,,,,,,,ALL_N1,,,,,,,
IT1:DF_DCSS_ISTR_LAV_PEN_2_TV_3(1.0),A,082006,RESPOP_AV,T,Y_GE65,TOTAL,ALL,12,ALL,ALL,2018,50,,,,,,,,ALL_N1,,,,,,,
IT1:DF_DCSS_ISTR_LAV_PEN_2_TV_3(1.0),A,082006,RESPOP_AV,T,Y_GE65,TOTAL,ALL,12,ALL,ALL,2019,57,,,,,,,,ALL_N1,,,,,,,
IT1:DF_DCSS_ISTR_LAV_PEN_2_TV_3(1.0),A,082006,RESPOP_AV,T,Y_GE65,TOTAL,ALL,12,ALL,ALL,2021,33.0219780299412,,,,,,,,ALL_N1,,,,,,,
IT1:DF_DCSS_ISTR_LAV_PEN_2_TV_3(1.0),A,082006,RESPOP_AV,T,Y_GE65,TOTAL,ALL,12,ALL,ALL,2022,17.0885406042645,,,,,,,,ALL_N1,,,,,,,
IT1:DF_DCSS_ISTR_LAV_PEN_2_TV_3(1.0),A,082006,RESPOP_AV,T,Y_GE65,TOTAL,ALL,12,ALL,ALL,2023,23.603342880213955,,,,,,,,ALL_N1,,,,,,,
IT1:DF_DCSS_ISTR_LAV_PEN_2_TV_3(1.0),A,082006,RESPOP_AV,T,Y_GE65,TOTAL,ALL,12,ALL,ALL,2024,18.315277718860393,,,,,,,,ALL_N1,,,,,,,
IT1:DF_DCSS_ISTR_LAV_PEN_2_TV_3(1.0),A,082006,RESPOP_AV,T,Y_GE65,TOTAL,ALL,22,ALL,ALL,2018,480,,,,,,,,ALL_N1,,,,,,,
IT1:DF_DCSS_ISTR_LAV_PEN_2_TV_3(1.0),A,082006,RESPOP_AV,T,Y_GE65,TOTAL,ALL,22,ALL,ALL,2019,550,,,,,,,,ALL_N1,,,,,,,
IT1:DF_DCSS_ISTR_LAV_PEN_2_TV_3(1.0),A,082006,RESPOP_AV,T,Y_GE65,TOTAL,ALL,22,ALL,ALL,2021,517.021978029941,,,,,,,,ALL_N1,,,,,,,
IT1:DF_DCSS_ISTR_LAV_PEN_2_TV_3(1.0),A,082006,RESPOP_AV,T,Y_GE65,TOTAL,ALL,22,ALL,ALL,2022,558.088540604264,,,,,,,,ALL_N1,,,,,,,
IT1:DF_DCSS_ISTR_LAV_PEN_2_TV_3(1.0),A,082006,RESPOP_AV,T,Y_GE65,TOTAL,ALL,22,ALL,ALL,2023,572.603342880214,,,,,,,,ALL_N1,,,,,,,
IT1:DF_DCSS_ISTR_LAV_PEN_2_TV_3(1.0),A,082006,RESPOP_AV,T,Y_GE65,TOTAL,ALL,22,ALL,ALL,2024,647.3152777188604,,,,,,,,ALL_N1,,,,,,,
IT1:DF_DCSS_ISTR_LAV_PEN_2_TV_3(1.0),A,082006,RESPOP_AV,T,Y_GE65,TOTAL,ALL,23,ALL,ALL,2018,9626,,,,,,,,ALL_N1,,,,,,,
IT1:DF_DCSS_ISTR_LAV_PEN_2_TV_3(1.0),A,082006,RESPOP_AV,T,Y_GE65,TOTAL,ALL,23,ALL,ALL,2019,9756,,,,,,,,ALL_N1,,,,,,,
IT1:DF_DCSS_ISTR_LAV_PEN_2_TV_3(1.0),A,082006,RESPOP_AV,T,Y_GE65,TOTAL,ALL,23,ALL,ALL,2021,10360.9780219701,,,,,,,,ALL_N1,,,,,,,
IT1:DF_DCSS_ISTR_LAV_PEN_2_TV_3(1.0),A,082006,RESPOP_AV,T,Y_GE65,TOTAL,ALL,23,ALL,ALL,2022,10418.9114593957,,,,,,,,ALL_N1,,,,,,,
IT1:DF_DCSS_ISTR_LAV_PEN_2_TV_3(1.0),A,082006,RESPOP_AV,T,Y_GE65,TOTAL,ALL,23,ALL,ALL,2023,10586.396657119785,,,,,,,,ALL_N1,,,,,,,
IT1:DF_DCSS_ISTR_LAV_PEN_2_TV_3(1.0),A,082006,RESPOP_AV,T,Y_GE65,TOTAL,ALL,23,ALL,ALL,2024,10784.684722281141,,,,,,,,ALL_N1,,,,,,,
IT1:DF_DCSS_ISTR_LAV_PEN_2_TV_3(1.0),A,082006,RESPOP_AV,T,Y_GE65,TOTAL,ALL,24,ALL,ALL,2018,6100,,,,,,,,ALL_N1,,,,,,,
IT1:DF_DCSS_ISTR_LAV_PEN_2_TV_3(1.0),A,082006,RESPOP_AV,T,Y_GE65,TOTAL,ALL,24,ALL,ALL,2019,6461,,,,,,,,ALL_N1,,,,,,,
IT1:DF_DCSS_ISTR_LAV_PEN_2_TV_3(1.0),A,082006,RESPOP_AV,T,Y_GE65,TOTAL,ALL,24,ALL,ALL,2021,6938.33912496822,,,,,,,,ALL_N1,,,,,,,
IT1:DF_DCSS_ISTR_LAV_PEN_2_TV_3(1.0),A,082006,RESPOP_AV,T,Y_GE65,TOTAL,ALL,24,ALL,ALL,2022,6455.19741364312,,,,,,,,ALL_N1,,,,,,,
IT1:DF_DCSS_ISTR_LAV_PEN_2_TV_3(1.0),A,082006,RESPOP_AV,T,Y_GE65,TOTAL,ALL,24,ALL,ALL,2023,6054.341093598988,,,,,,,,ALL_N1,,,,,,,
IT1:DF_DCSS_ISTR_LAV_PEN_2_TV_3(1.0),A,082006,RESPOP_AV,T,Y_GE65,TOTAL,ALL,24,ALL,ALL,2024,6579.8599617288955,,,,,,,,ALL_N1,,,,,,,
IT1:DF_DCSS_ISTR_LAV_PEN_2_TV_3(1.0),A,082006,RESPOP_AV,T,Y_GE65,TOTAL,ALL,4,ALL,ALL,2018,1871,,,,,,,,ALL_N1,,,,,,,
IT1:DF_DCSS_ISTR_LAV_PEN_2_TV_3(1.0),A,082006,RESPOP_AV,T,Y_GE65,TOTAL,ALL,4,ALL,ALL,2019,1943,,,,,,,,ALL_N1,,,,,,,
IT1:DF_DCSS_ISTR_LAV_PEN_2_TV_3(1.0),A,082006,RESPOP_AV,T,Y_GE65,TOTAL,ALL,4,ALL,ALL,2021,2106.51580972357,,,,,,,,ALL_N1,,,,,,,
IT1:DF_DCSS_ISTR_LAV_PEN_2_TV_3(1.0),A,082006,RESPOP_AV,T,Y_GE65,TOTAL,ALL,4,ALL,ALL,2022,2370.56742632304,,,,,,,,ALL_N1,,,,,,,
IT1:DF_DCSS_ISTR_LAV_PEN_2_TV_3(1.0),A,082006,RESPOP_AV,T,Y_GE65,TOTAL,ALL,4,ALL,ALL,2023,2539.703963986879,,,,,,,,ALL_N1,,,,,,,
IT1:DF_DCSS_ISTR_LAV_PEN_2_TV_3(1.0),A,082006,RESPOP_AV,T,Y_GE65,TOTAL,ALL,4,ALL,ALL,2024,2462.144277322838,,,,,,,,ALL_N1,,,,,,,
IT1:DF_DCSS_ISTR_LAV_PEN_2_TV_3(1.0),A,082006,RESPOP_AV,T,Y_GE65,TOTAL,ALL,5,ALL,ALL,2018,0,JTEST,,,,,,,ALL_N1,,,,,,,
IT1:DF_DCSS_ISTR_LAV_PEN_2_TV_3(1.0),A,082006,RESPOP_AV,T,Y_GE65,TOTAL,ALL,5,ALL,ALL,2019,0,JTEST,,,,,,,ALL_N1,,,,,,,
IT1:DF_DCSS_ISTR_LAV_PEN_2_TV_3(1.0),A,082006,RESPOP_AV,T,Y_GE65,TOTAL,ALL,5,ALL,ALL,2021,7.7798582828448E-05,,,,,,,,ALL_N1,,,,,,,
IT1:DF_DCSS_ISTR_LAV_PEN_2_TV_3(1.0),A,082006,RESPOP_AV,T,Y_GE65,TOTAL,ALL,5,ALL,ALL,2022,1.4759848600785,,,,,,,,ALL_N1,,,,,,,
IT1:DF_DCSS_ISTR_LAV_PEN_2_TV_3(1.0),A,082006,RESPOP_AV,T,Y_GE65,TOTAL,ALL,5,ALL,ALL,2023,2.155376468001,,,,,,,,ALL_N1,,,,,,,
IT1:DF_DCSS_ISTR_LAV_PEN_2_TV_3(1.0),A,082006,RESPOP_AV,T,Y_GE65,TOTAL,ALL,5,ALL,ALL,2024,1.0769685514385927,,,,,,,,ALL_N1,,,,,,,
IT1:DF_DCSS_ISTR_LAV_PEN_2_TV_3(1.0),A,082006,RESPOP_AV,T,Y_GE65,TOTAL,ALL,7,ALL,ALL,2018,1655,,,,,,,,ALL_N1,,,,,,,
IT1:DF_DCSS_ISTR_LAV_PEN_2_TV_3(1.0),A,082006,RESPOP_AV,T,Y_GE65,TOTAL,ALL,7,ALL,ALL,2019,1352,,,,,,,,ALL_N1,,,,,,,
IT1:DF_DCSS_ISTR_LAV_PEN_2_TV_3(1.0),A,082006,RESPOP_AV,T,Y_GE65,TOTAL,ALL,7,ALL,ALL,2021,1316.12300947968,,,,,,,,ALL_N1,,,,,,,
IT1:DF_DCSS_ISTR_LAV_PEN_2_TV_3(1.0),A,082006,RESPOP_AV,T,Y_GE65,TOTAL,ALL,7,ALL,ALL,2022,1591.67063456949,,,,,,,,ALL_N1,,,,,,,
IT1:DF_DCSS_ISTR_LAV_PEN_2_TV_3(1.0),A,082006,RESPOP_AV,T,Y_GE65,TOTAL,ALL,7,ALL,ALL,2023,1990.1962230659187,,,,,,,,ALL_N1,,,,,,,
IT1:DF_DCSS_ISTR_LAV_PEN_2_TV_3(1.0),A,082006,RESPOP_AV,T,Y_GE65,TOTAL,ALL,7,ALL,ALL,2024,1741.603514677969,,,,,,,,ALL_N1,,,,,,,
IT1:DF_DCSS_ISTR_LAV_PEN_2_TV_3(1.0),A,082006,RESPOP_AV,T,Y_GE65,TOTAL,ALL,99,ALL,ALL,2018,10106,,,,,,,,ALL_N1,99_N1,,,,,,
IT1:DF_DCSS_ISTR_LAV_PEN_2_TV_3(1.0),A,082006,RESPOP_AV,T,Y_GE65,TOTAL,ALL,99,ALL,ALL,2019,10306,,,,,,,,ALL_N1,99_N1,,,,,,
IT1:DF_DCSS_ISTR_LAV_PEN_2_TV_3(1.0),A,082006,RESPOP_AV,T,Y_GE65,TOTAL,ALL,99,ALL,ALL,2020,10608,,,,,,,,ALL_N1,99_N1,,,,,,
IT1:DF_DCSS_ISTR_LAV_PEN_2_TV_3(1.0),A,082006,RESPOP_AV,T,Y_GE65,TOTAL,ALL,99,ALL,ALL,2021,10878,,,,,,,,ALL_N1,99_N1,,,,,,
IT1:DF_DCSS_ISTR_LAV_PEN_2_TV_3(1.0),A,082006,RESPOP_AV,T,Y_GE65,TOTAL,ALL,99,ALL,ALL,2022,10977,,,,,,,,ALL_N1,99_N1,,,,,,
IT1:DF_DCSS_ISTR_LAV_PEN_2_TV_3(1.0),A,082006,RESPOP_AV,T,Y_GE65,TOTAL,ALL,99,ALL,ALL,2023,11159,,,,,,,,ALL_N1,99_N1,,,,,,
IT1:DF_DCSS_ISTR_LAV_PEN_2_TV_3(1.0),A,082006,RESPOP_AV,T,Y_GE65,TOTAL,ALL,99,ALL,ALL,2024,11432.000000000002,,,,,,,,ALL_N1,99_N1,,,,,,
IT1:DF_DCSS_ISTR_LAV_PEN_2_TV_3(1.0),A,082006,RESPOP_AV,T,Y15-24,TOTAL,ALL,1,ALL,ALL,2018,512,,,,,,,,ALL_N1,,,,,,,
IT1:DF_DCSS_ISTR_LAV_PEN_2_TV_3(1.0),A,082006,RESPOP_AV,T,Y15-24,TOTAL,ALL,1,ALL,ALL,2019,527,,,,,,,,ALL_N1,,,,,,,
IT1:DF_DCSS_ISTR_LAV_PEN_2_TV_3(1.0),A,082006,RESPOP_AV,T,Y15-24,TOTAL,ALL,1,ALL,ALL,2021,595,,,,,,,,ALL_N1,,,,,,,
IT1:DF_DCSS_ISTR_LAV_PEN_2_TV_3(1.0),A,082006,RESPOP_AV,T,Y15-24,TOTAL,ALL,1,ALL,ALL,2022,686,,,,,,,,ALL_N1,,,,,,,
IT1:DF_DCSS_ISTR_LAV_PEN_2_TV_3(1.0),A,082006,RESPOP_AV,T,Y15-24,TOTAL,ALL,1,ALL,ALL,2023,686,,,,,,,,ALL_N1,,,,,,,
IT1:DF_DCSS_ISTR_LAV_PEN_2_TV_3(1.0),A,082006,RESPOP_AV,T,Y15-24,TOTAL,ALL,1,ALL,ALL,2024,734,,,,,,,,ALL_N1,,,,,,,
IT1:DF_DCSS_ISTR_LAV_PEN_2_TV_3(1.0),A,082006,RESPOP_AV,T,Y15-24,TOTAL,ALL,12,ALL,ALL,2018,1130,,,,,,,,ALL_N1,,,,,,,
IT1:DF_DCSS_ISTR_LAV_PEN_2_TV_3(1.0),A,082006,RESPOP_AV,T,Y15-24,TOTAL,ALL,12,ALL,ALL,2019,1116,,,,,,,,ALL_N1,,,,,,,
IT1:DF_DCSS_ISTR_LAV_PEN_2_TV_3(1.0),A,082006,RESPOP_AV,T,Y15-24,TOTAL,ALL,12,ALL,ALL,2021,627.374881447982,,,,,,,,ALL_N1,,,,,,,
IT1:DF_DCSS_ISTR_LAV_PEN_2_TV_3(1.0),A,082006,RESPOP_AV,T,Y15-24,TOTAL,ALL,12,ALL,ALL,2022,595.650529777339,,,,,,,,ALL_N1,,,,,,,
IT1:DF_DCSS_ISTR_LAV_PEN_2_TV_3(1.0),A,082006,RESPOP_AV,T,Y15-24,TOTAL,ALL,12,ALL,ALL,2023,671.5550926775855,,,,,,,,ALL_N1,,,,,,,
IT1:DF_DCSS_ISTR_LAV_PEN_2_TV_3(1.0),A,082006,RESPOP_AV,T,Y15-24,TOTAL,ALL,12,ALL,ALL,2024,467.4284616903342,,,,,,,,ALL_N1,,,,,,,
IT1:DF_DCSS_ISTR_LAV_PEN_2_TV_3(1.0),A,082006,RESPOP_AV,T,Y15-24,TOTAL,ALL,22,ALL,ALL,2018,1642,,,,,,,,ALL_N1,,,,,,,
IT1:DF_DCSS_ISTR_LAV_PEN_2_TV_3(1.0),A,082006,RESPOP_AV,T,Y15-24,TOTAL,ALL,22,ALL,ALL,2019,1643,,,,,,,,ALL_N1,,,,,,,
IT1:DF_DCSS_ISTR_LAV_PEN_2_TV_3(1.0),A,082006,RESPOP_AV,T,Y15-24,TOTAL,ALL,22,ALL,ALL,2021,1222.37488144798,,,,,,,,ALL_N1,,,,,,,
IT1:DF_DCSS_ISTR_LAV_PEN_2_TV_3(1.0),A,082006,RESPOP_AV,T,Y15-24,TOTAL,ALL,22,ALL,ALL,2022,1281.65052977734,,,,,,,,ALL_N1,,,,,,,
IT1:DF_DCSS_ISTR_LAV_PEN_2_TV_3(1.0),A,082006,RESPOP_AV,T,Y15-24,TOTAL,ALL,22,ALL,ALL,2023,1357.5550926775857,,,,,,,,ALL_N1,,,,,,,
IT1:DF_DCSS_ISTR_LAV_PEN_2_TV_3(1.0),A,082006,RESPOP_AV,T,Y15-24,TOTAL,ALL,22,ALL,ALL,2024,1201.4284616903342,,,,,,,,ALL_N1,,,,,,,
IT1:DF_DCSS_ISTR_LAV_PEN_2_TV_3(1.0),A,082006,RESPOP_AV,T,Y15-24,TOTAL,ALL,23,ALL,ALL,2018,4601,,,,,,,,ALL_N1,,,,,,,
IT1:DF_DCSS_ISTR_LAV_PEN_2_TV_3(1.0),A,082006,RESPOP_AV,T,Y15-24,TOTAL,ALL,23,ALL,ALL,2019,4491,,,,,,,,ALL_N1,,,,,,,
IT1:DF_DCSS_ISTR_LAV_PEN_2_TV_3(1.0),A,082006,RESPOP_AV,T,Y15-24,TOTAL,ALL,23,ALL,ALL,2021,4668.62511855202,,,,,,,,ALL_N1,,,,,,,
IT1:DF_DCSS_ISTR_LAV_PEN_2_TV_3(1.0),A,082006,RESPOP_AV,T,Y15-24,TOTAL,ALL,23,ALL,ALL,2022,4600.34947022266,,,,,,,,ALL_N1,,,,,,,
IT1:DF_DCSS_ISTR_LAV_PEN_2_TV_3(1.0),A,082006,RESPOP_AV,T,Y15-24,TOTAL,ALL,23,ALL,ALL,2023,4521.444907322416,,,,,,,,ALL_N1,,,,,,,
IT1:DF_DCSS_ISTR_LAV_PEN_2_TV_3(1.0),A,082006,RESPOP_AV,T,Y15-24,TOTAL,ALL,23,ALL,ALL,2024,4702.571538309666,,,,,,,,ALL_N1,,,,,,,
IT1:DF_DCSS_ISTR_LAV_PEN_2_TV_3(1.0),A,082006,RESPOP_AV,T,Y15-24,TOTAL,ALL,24,ALL,ALL,2018,8,,,,,,,,ALL_N1,,,,,,,
IT1:DF_DCSS_ISTR_LAV_PEN_2_TV_3(1.0),A,082006,RESPOP_AV,T,Y15-24,TOTAL,ALL,24,ALL,ALL,2019,11,,,,,,,,ALL_N1,,,,,,,
IT1:DF_DCSS_ISTR_LAV_PEN_2_TV_3(1.0),A,082006,RESPOP_AV,T,Y15-24,TOTAL,ALL,24,ALL,ALL,2021,10.0527214596795,,,,,,,,ALL_N1,,,,,,,
IT1:DF_DCSS_ISTR_LAV_PEN_2_TV_3(1.0),A,082006,RESPOP_AV,T,Y15-24,TOTAL,ALL,24,ALL,ALL,2022,11.9009683893222,,,,,,,,ALL_N1,,,,,,,
IT1:DF_DCSS_ISTR_LAV_PEN_2_TV_3(1.0),A,082006,RESPOP_AV,T,Y15-24,TOTAL,ALL,24,ALL,ALL,2023,9.821393084573492,,,,,,,,ALL_N1,,,,,,,
IT1:DF_DCSS_ISTR_LAV_PEN_2_TV_3(1.0),A,082006,RESPOP_AV,T,Y15-24,TOTAL,ALL,24,ALL,ALL,2024,15.971721739787611,,,,,,,,ALL_N1,,,,,,,
IT1:DF_DCSS_ISTR_LAV_PEN_2_TV_3(1.0),A,082006,RESPOP_AV,T,Y15-24,TOTAL,ALL,4,ALL,ALL,2018,401,,,,,,,,ALL_N1,,,,,,,
IT1:DF_DCSS_ISTR_LAV_PEN_2_TV_3(1.0),A,082006,RESPOP_AV,T,Y15-24,TOTAL,ALL,4,ALL,ALL,2019,352,,,,,,,,ALL_N1,,,,,,,
IT1:DF_DCSS_ISTR_LAV_PEN_2_TV_3(1.0),A,082006,RESPOP_AV,T,Y15-24,TOTAL,ALL,4,ALL,ALL,2021,468.412864091629,,,,,,,,ALL_N1,,,,,,,
IT1:DF_DCSS_ISTR_LAV_PEN_2_TV_3(1.0),A,082006,RESPOP_AV,T,Y15-24,TOTAL,ALL,4,ALL,ALL,2022,405.31048848589,,,,,,,,ALL_N1,,,,,,,
IT1:DF_DCSS_ISTR_LAV_PEN_2_TV_3(1.0),A,082006,RESPOP_AV,T,Y15-24,TOTAL,ALL,4,ALL,ALL,2023,476.4318221891479,,,,,,,,ALL_N1,,,,,,,
IT1:DF_DCSS_ISTR_LAV_PEN_2_TV_3(1.0),A,082006,RESPOP_AV,T,Y15-24,TOTAL,ALL,4,ALL,ALL,2024,437.0635079603222,,,,,,,,ALL_N1,,,,,,,
IT1:DF_DCSS_ISTR_LAV_PEN_2_TV_3(1.0),A,082006,RESPOP_AV,T,Y15-24,TOTAL,ALL,5,ALL,ALL,2018,3378,,,,,,,,ALL_N1,,,,,,,
IT1:DF_DCSS_ISTR_LAV_PEN_2_TV_3(1.0),A,082006,RESPOP_AV,T,Y15-24,TOTAL,ALL,5,ALL,ALL,2019,3598,,,,,,,,ALL_N1,,,,,,,
IT1:DF_DCSS_ISTR_LAV_PEN_2_TV_3(1.0),A,082006,RESPOP_AV,T,Y15-24,TOTAL,ALL,5,ALL,ALL,2021,3538.68303511162,,,,,,,,ALL_N1,,,,,,,
IT1:DF_DCSS_ISTR_LAV_PEN_2_TV_3(1.0),A,082006,RESPOP_AV,T,Y15-24,TOTAL,ALL,5,ALL,ALL,2022,3592.97433492239,,,,,,,,ALL_N1,,,,,,,
IT1:DF_DCSS_ISTR_LAV_PEN_2_TV_3(1.0),A,082006,RESPOP_AV,T,Y15-24,TOTAL,ALL,5,ALL,ALL,2023,3385.632417833409,,,,,,,,ALL_N1,,,,,,,
IT1:DF_DCSS_ISTR_LAV_PEN_2_TV_3(1.0),A,082006,RESPOP_AV,T,Y15-24,TOTAL,ALL,5,ALL,ALL,2024,3581.1982112190553,,,,,,,,ALL_N1,,,,,,,
IT1:DF_DCSS_ISTR_LAV_PEN_2_TV_3(1.0),A,082006,RESPOP_AV,T,Y15-24,TOTAL,ALL,7,ALL,ALL,2018,814,,,,,,,,ALL_N1,,,,,,,
IT1:DF_DCSS_ISTR_LAV_PEN_2_TV_3(1.0),A,082006,RESPOP_AV,T,Y15-24,TOTAL,ALL,7,ALL,ALL,2019,530,,,,,,,,ALL_N1,,,,,,,
IT1:DF_DCSS_ISTR_LAV_PEN_2_TV_3(1.0),A,082006,RESPOP_AV,T,Y15-24,TOTAL,ALL,7,ALL,ALL,2021,651.476497889093,,,,,,,,ALL_N1,,,,,,,
IT1:DF_DCSS_ISTR_LAV_PEN_2_TV_3(1.0),A,082006,RESPOP_AV,T,Y15-24,TOTAL,ALL,7,ALL,ALL,2022,590.163678425063,,,,,,,,ALL_N1,,,,,,,
IT1:DF_DCSS_ISTR_LAV_PEN_2_TV_3(1.0),A,082006,RESPOP_AV,T,Y15-24,TOTAL,ALL,7,ALL,ALL,2023,649.5592742152854,,,,,,,,ALL_N1,,,,,,,
IT1:DF_DCSS_ISTR_LAV_PEN_2_TV_3(1.0),A,082006,RESPOP_AV,T,Y15-24,TOTAL,ALL,7,ALL,ALL,2024,668.3380973905009,,,,,,,,ALL_N1,,,,,,,
IT1:DF_DCSS_ISTR_LAV_PEN_2_TV_3(1.0),A,082006,RESPOP_AV,T,Y15-24,TOTAL,ALL,99,ALL,ALL,2018,6243,,,,,,,,ALL_N1,99_N1,,,,,,
IT1:DF_DCSS_ISTR_LAV_PEN_2_TV_3(1.0),A,082006,RESPOP_AV,T,Y15-24,TOTAL,ALL,99,ALL,ALL,2019,6134,,,,,,,,ALL_N1,99_N1,,,,,,
IT1:DF_DCSS_ISTR_LAV_PEN_2_TV_3(1.0),A,082006,RESPOP_AV,T,Y15-24,TOTAL,ALL,99,ALL,ALL,2021,5891,,,,,,,,ALL_N1,99_N1,,,,,,
IT1:DF_DCSS_ISTR_LAV_PEN_2_TV_3(1.0),A,082006,RESPOP_AV,T,Y15-24,TOTAL,ALL,99,ALL,ALL,2022,5882,,,,,,,,ALL_N1,99_N1,,,,,,
IT1:DF_DCSS_ISTR_LAV_PEN_2_TV_3(1.0),A,082006,RESPOP_AV,T,Y15-24,TOTAL,ALL,99,ALL,ALL,2023,5879.000000000001,,,,,,,,ALL_N1,99_N1,,,,,,
IT1:DF_DCSS_ISTR_LAV_PEN_2_TV_3(1.0),A,082006,RESPOP_AV,T,Y15-24,TOTAL,ALL,99,ALL,ALL,2024,5904,,,,,,,,ALL_N1,99_N1,,,,,,
IT1:DF_DCSS_ISTR_LAV_PEN_2_TV_3(1.0),A,082006,RESPOP_AV,T,Y25-49,TOTAL,ALL,1,ALL,ALL,2018,7814,,,,,,,,ALL_N1,,,,,,,
IT1:DF_DCSS_ISTR_LAV_PEN_2_TV_3(1.0),A,082006,RESPOP_AV,T,Y25-49,TOTAL,ALL,1,ALL,ALL,2019,7834,,,,,,,,ALL_N1,,,,,,,
IT1:DF_DCSS_ISTR_LAV_PEN_2_TV_3(1.0),A,082006,RESPOP_AV,T,Y25-49,TOTAL,ALL,1,ALL,ALL,2021,8227,,,,,,,,ALL_N1,,,,,,,
IT1:DF_DCSS_ISTR_LAV_PEN_2_TV_3(1.0),A,082006,RESPOP_AV,T,Y25-49,TOTAL,ALL,1,ALL,ALL,2022,8369,,,,,,,,ALL_N1,,,,,,,
IT1:DF_DCSS_ISTR_LAV_PEN_2_TV_3(1.0),A,082006,RESPOP_AV,T,Y25-49,TOTAL,ALL,1,ALL,ALL,2023,8564,,,,,,,,ALL_N1,,,,,,,
IT1:DF_DCSS_ISTR_LAV_PEN_2_TV_3(1.0),A,082006,RESPOP_AV,T,Y25-49,TOTAL,ALL,1,ALL,ALL,2024,8820,,,,,,,,ALL_N1,,,,,,,
IT1:DF_DCSS_ISTR_LAV_PEN_2_TV_3(1.0),A,082006,RESPOP_AV,T,Y25-49,TOTAL,ALL,12,ALL,ALL,2018,3705,,,,,,,,ALL_N1,,,,,,,
IT1:DF_DCSS_ISTR_LAV_PEN_2_TV_3(1.0),A,082006,RESPOP_AV,T,Y25-49,TOTAL,ALL,12,ALL,ALL,2019,3705,,,,,,,,ALL_N1,,,,,,,
IT1:DF_DCSS_ISTR_LAV_PEN_2_TV_3(1.0),A,082006,RESPOP_AV,T,Y25-49,TOTAL,ALL,12,ALL,ALL,2021,1929.19359849755,,,,,,,,ALL_N1,,,,,,,
IT1:DF_DCSS_ISTR_LAV_PEN_2_TV_3(1.0),A,082006,RESPOP_AV,T,Y25-49,TOTAL,ALL,12,ALL,ALL,2022,1742.43553752668,,,,,,,,ALL_N1,,,,,,,
IT1:DF_DCSS_ISTR_LAV_PEN_2_TV_3(1.0),A,082006,RESPOP_AV,T,Y25-49,TOTAL,ALL,12,ALL,ALL,2023,1689.1538268411703,,,,,,,,ALL_N1,,,,,,,
IT1:DF_DCSS_ISTR_LAV_PEN_2_TV_3(1.0),A,082006,RESPOP_AV,T,Y25-49,TOTAL,ALL,12,ALL,ALL,2024,1301.1601747043,,,,,,,,ALL_N1,,,,,,,
IT1:DF_DCSS_ISTR_LAV_PEN_2_TV_3(1.0),A,082006,RESPOP_AV,T,Y25-49,TOTAL,ALL,22,ALL,ALL,2018,11519,,,,,,,,ALL_N1,,,,,,,
IT1:DF_DCSS_ISTR_LAV_PEN_2_TV_3(1.0),A,082006,RESPOP_AV,T,Y25-49,TOTAL,ALL,22,ALL,ALL,2019,11539,,,,,,,,ALL_N1,,,,,,,
IT1:DF_DCSS_ISTR_LAV_PEN_2_TV_3(1.0),A,082006,RESPOP_AV,T,Y25-49,TOTAL,ALL,22,ALL,ALL,2021,10156.1935984976,,,,,,,,ALL_N1,,,,,,,
IT1:DF_DCSS_ISTR_LAV_PEN_2_TV_3(1.0),A,082006,RESPOP_AV,T,Y25-49,TOTAL,ALL,22,ALL,ALL,2022,10111.4355375267,,,,,,,,ALL_N1,,,,,,,
IT1:DF_DCSS_ISTR_LAV_PEN_2_TV_3(1.0),A,082006,RESPOP_AV,T,Y25-49,TOTAL,ALL,22,ALL,ALL,2023,10253.15382684117,,,,,,,,ALL_N1,,,,,,,
IT1:DF_DCSS_ISTR_LAV_PEN_2_TV_3(1.0),A,082006,RESPOP_AV,T,Y25-49,TOTAL,ALL,22,ALL,ALL,2024,10121.1601747043,,,,,,,,ALL_N1,,,,,,,
IT1:DF_DCSS_ISTR_LAV_PEN_2_TV_3(1.0),A,082006,RESPOP_AV,T,Y25-49,TOTAL,ALL,23,ALL,ALL,2018,6656,,,,,,,,ALL_N1,,,,,,,
IT1:DF_DCSS_ISTR_LAV_PEN_2_TV_3(1.0),A,082006,RESPOP_AV,T,Y25-49,TOTAL,ALL,23,ALL,ALL,2019,6223,,,,,,,,ALL_N1,,,,,,,
IT1:DF_DCSS_ISTR_LAV_PEN_2_TV_3(1.0),A,082006,RESPOP_AV,T,Y25-49,TOTAL,ALL,23,ALL,ALL,2021,6924.80640150245,,,,,,,,ALL_N1,,,,,,,
IT1:DF_DCSS_ISTR_LAV_PEN_2_TV_3(1.0),A,082006,RESPOP_AV,T,Y25-49,TOTAL,ALL,23,ALL,ALL,2022,6758.56446247332,,,,,,,,ALL_N1,,,,,,,
IT1:DF_DCSS_ISTR_LAV_PEN_2_TV_3(1.0),A,082006,RESPOP_AV,T,Y25-49,TOTAL,ALL,23,ALL,ALL,2023,6373.84617315883,,,,,,,,ALL_N1,,,,,,,
IT1:DF_DCSS_ISTR_LAV_PEN_2_TV_3(1.0),A,082006,RESPOP_AV,T,Y25-49,TOTAL,ALL,23,ALL,ALL,2024,6334.8398252957,,,,,,,,ALL_N1,,,,,,,
IT1:DF_DCSS_ISTR_LAV_PEN_2_TV_3(1.0),A,082006,RESPOP_AV,T,Y25-49,TOTAL,ALL,24,ALL,ALL,2018,150,,,,,,,,ALL_N1,,,,,,,
IT1:DF_DCSS_ISTR_LAV_PEN_2_TV_3(1.0),A,082006,RESPOP_AV,T,Y25-49,TOTAL,ALL,24,ALL,ALL,2019,190,,,,,,,,ALL_N1,,,,,,,
IT1:DF_DCSS_ISTR_LAV_PEN_2_TV_3(1.0),A,082006,RESPOP_AV,T,Y25-49,TOTAL,ALL,24,ALL,ALL,2021,171.709089496446,,,,,,,,ALL_N1,,,,,,,
IT1:DF_DCSS_ISTR_LAV_PEN_2_TV_3(1.0),A,082006,RESPOP_AV,T,Y25-49,TOTAL,ALL,24,ALL,ALL,2022,147.976827868318,,,,,,,,ALL_N1,,,,,,,
IT1:DF_DCSS_ISTR_LAV_PEN_2_TV_3(1.0),A,082006,RESPOP_AV,T,Y25-49,TOTAL,ALL,24,ALL,ALL,2023,128.2057456708966,,,,,,,,ALL_N1,,,,,,,
IT1:DF_DCSS_ISTR_LAV_PEN_2_TV_3(1.0),A,082006,RESPOP_AV,T,Y25-49,TOTAL,ALL,24,ALL,ALL,2024,174.40663920327233,,,,,,,,ALL_N1,,,,,,,
IT1:DF_DCSS_ISTR_LAV_PEN_2_TV_3(1.0),A,082006,RESPOP_AV,T,Y25-49,TOTAL,ALL,4,ALL,ALL,2018,4089,,,,,,,,ALL_N1,,,,,,,
IT1:DF_DCSS_ISTR_LAV_PEN_2_TV_3(1.0),A,082006,RESPOP_AV,T,Y25-49,TOTAL,ALL,4,ALL,ALL,2019,3906,,,,,,,,ALL_N1,,,,,,,
IT1:DF_DCSS_ISTR_LAV_PEN_2_TV_3(1.0),A,082006,RESPOP_AV,T,Y25-49,TOTAL,ALL,4,ALL,ALL,2021,4311.08477489032,,,,,,,,ALL_N1,,,,,,,
IT1:DF_DCSS_ISTR_LAV_PEN_2_TV_3(1.0),A,082006,RESPOP_AV,T,Y25-49,TOTAL,ALL,4,ALL,ALL,2022,4189.39424796633,,,,,,,,ALL_N1,,,,,,,
IT1:DF_DCSS_ISTR_LAV_PEN_2_TV_3(1.0),A,082006,RESPOP_AV,T,Y25-49,TOTAL,ALL,4,ALL,ALL,2023,4018.978702917341,,,,,,,,ALL_N1,,,,,,,
IT1:DF_DCSS_ISTR_LAV_PEN_2_TV_3(1.0),A,082006,RESPOP_AV,T,Y25-49,TOTAL,ALL,4,ALL,ALL,2024,3804.606999985018,,,,,,,,ALL_N1,,,,,,,
IT1:DF_DCSS_ISTR_LAV_PEN_2_TV_3(1.0),A,082006,RESPOP_AV,T,Y25-49,TOTAL,ALL,5,ALL,ALL,2018,496,,,,,,,,ALL_N1,,,,,,,
IT1:DF_DCSS_ISTR_LAV_PEN_2_TV_3(1.0),A,082006,RESPOP_AV,T,Y25-49,TOTAL,ALL,5,ALL,ALL,2019,545,,,,,,,,ALL_N1,,,,,,,
IT1:DF_DCSS_ISTR_LAV_PEN_2_TV_3(1.0),A,082006,RESPOP_AV,T,Y25-49,TOTAL,ALL,5,ALL,ALL,2021,551.799356075419,,,,,,,,ALL_N1,,,,,,,
IT1:DF_DCSS_ISTR_LAV_PEN_2_TV_3(1.0),A,082006,RESPOP_AV,T,Y25-49,TOTAL,ALL,5,ALL,ALL,2022,580.293959302617,,,,,,,,ALL_N1,,,,,,,
IT1:DF_DCSS_ISTR_LAV_PEN_2_TV_3(1.0),A,082006,RESPOP_AV,T,Y25-49,TOTAL,ALL,5,ALL,ALL,2023,412.5109157204003,,,,,,,,ALL_N1,,,,,,,
IT1:DF_DCSS_ISTR_LAV_PEN_2_TV_3(1.0),A,082006,RESPOP_AV,T,Y25-49,TOTAL,ALL,5,ALL,ALL,2024,498.6788469802105,,,,,,,,ALL_N1,,,,,,,
IT1:DF_DCSS_ISTR_LAV_PEN_2_TV_3(1.0),A,082006,RESPOP_AV,T,Y25-49,TOTAL,ALL,7,ALL,ALL,2018,1921,,,,,,,,ALL_N1,,,,,,,
IT1:DF_DCSS_ISTR_LAV_PEN_2_TV_3(1.0),A,082006,RESPOP_AV,T,Y25-49,TOTAL,ALL,7,ALL,ALL,2019,1582,,,,,,,,ALL_N1,,,,,,,
IT1:DF_DCSS_ISTR_LAV_PEN_2_TV_3(1.0),A,082006,RESPOP_AV,T,Y25-49,TOTAL,ALL,7,ALL,ALL,2021,1890.21318104027,,,,,,,,ALL_N1,,,,,,,
IT1:DF_DCSS_ISTR_LAV_PEN_2_TV_3(1.0),A,082006,RESPOP_AV,T,Y25-49,TOTAL,ALL,7,ALL,ALL,2022,1840.89942733606,,,,,,,,ALL_N1,,,,,,,
IT1:DF_DCSS_ISTR_LAV_PEN_2_TV_3(1.0),A,082006,RESPOP_AV,T,Y25-49,TOTAL,ALL,7,ALL,ALL,2023,1814.1508088501926,,,,,,,,ALL_N1,,,,,,,
IT1:DF_DCSS_ISTR_LAV_PEN_2_TV_3(1.0),A,082006,RESPOP_AV,T,Y25-49,TOTAL,ALL,7,ALL,ALL,2024,1857.1473391271995,,,,,,,,ALL_N1,,,,,,,
IT1:DF_DCSS_ISTR_LAV_PEN_2_TV_3(1.0),A,082006,RESPOP_AV,T,Y25-49,TOTAL,ALL,99,ALL,ALL,2018,18175,,,,,,,,ALL_N1,99_N1,,,,,,
IT1:DF_DCSS_ISTR_LAV_PEN_2_TV_3(1.0),A,082006,RESPOP_AV,T,Y25-49,TOTAL,ALL,99,ALL,ALL,2019,17762,,,,,,,,ALL_N1,99_N1,,,,,,
IT1:DF_DCSS_ISTR_LAV_PEN_2_TV_3(1.0),A,082006,RESPOP_AV,T,Y25-49,TOTAL,ALL,99,ALL,ALL,2020,17148,,,,,,,,ALL_N1,99_N1,,,,,,
IT1:DF_DCSS_ISTR_LAV_PEN_2_TV_3(1.0),A,082006,RESPOP_AV,T,Y25-49,TOTAL,ALL,99,ALL,ALL,2021,17081,,,,,,,,ALL_N1,99_N1,,,,,,
IT1:DF_DCSS_ISTR_LAV_PEN_2_TV_3(1.0),A,082006,RESPOP_AV,T,Y25-49,TOTAL,ALL,99,ALL,ALL,2022,16870,,,,,,,,ALL_N1,99_N1,,,,,,
IT1:DF_DCSS_ISTR_LAV_PEN_2_TV_3(1.0),A,082006,RESPOP_AV,T,Y25-49,TOTAL,ALL,99,ALL,ALL,2023,16627,,,,,,,,ALL_N1,99_N1,,,,,,
IT1:DF_DCSS_ISTR_LAV_PEN_2_TV_3(1.0),A,082006,RESPOP_AV,T,Y25-49,TOTAL,ALL,99,ALL,ALL,2024,16456,,,,,,,,ALL_N1,99_N1,,,,,,
IT1:DF_DCSS_ISTR_LAV_PEN_2_TV_3(1.0),A,082006,RESPOP_AV,T,Y50-64,TOTAL,ALL,1,ALL,ALL,2018,4532,,,,,,,,ALL_N1,,,,,,,
IT1:DF_DCSS_ISTR_LAV_PEN_2_TV_3(1.0),A,082006,RESPOP_AV,T,Y50-64,TOTAL,ALL,1,ALL,ALL,2019,4763,,,,,,,,ALL_N1,,,,,,,
IT1:DF_DCSS_ISTR_LAV_PEN_2_TV_3(1.0),A,082006,RESPOP_AV,T,Y50-64,TOTAL,ALL,1,ALL,ALL,2021,5023,,,,,,,,ALL_N1,,,,,,,
IT1:DF_DCSS_ISTR_LAV_PEN_2_TV_3(1.0),A,082006,RESPOP_AV,T,Y50-64,TOTAL,ALL,1,ALL,ALL,2022,5082,,,,,,,,ALL_N1,,,,,,,
IT1:DF_DCSS_ISTR_LAV_PEN_2_TV_3(1.0),A,082006,RESPOP_AV,T,Y50-64,TOTAL,ALL,1,ALL,ALL,2023,5243,,,,,,,,ALL_N1,,,,,,,
IT1:DF_DCSS_ISTR_LAV_PEN_2_TV_3(1.0),A,082006,RESPOP_AV,T,Y50-64,TOTAL,ALL,1,ALL,ALL,2024,5502,,,,,,,,ALL_N1,,,,,,,
IT1:DF_DCSS_ISTR_LAV_PEN_2_TV_3(1.0),A,082006,RESPOP_AV,T,Y50-64,TOTAL,ALL,12,ALL,ALL,2018,1298,,,,,,,,ALL_N1,,,,,,,
IT1:DF_DCSS_ISTR_LAV_PEN_2_TV_3(1.0),A,082006,RESPOP_AV,T,Y50-64,TOTAL,ALL,12,ALL,ALL,2019,1326,,,,,,,,ALL_N1,,,,,,,
IT1:DF_DCSS_ISTR_LAV_PEN_2_TV_3(1.0),A,082006,RESPOP_AV,T,Y50-64,TOTAL,ALL,12,ALL,ALL,2021,700.479592274552,,,,,,,,ALL_N1,,,,,,,
IT1:DF_DCSS_ISTR_LAV_PEN_2_TV_3(1.0),A,082006,RESPOP_AV,T,Y50-64,TOTAL,ALL,12,ALL,ALL,2022,627.497533279599,,,,,,,,ALL_N1,,,,,,,
IT1:DF_DCSS_ISTR_LAV_PEN_2_TV_3(1.0),A,082006,RESPOP_AV,T,Y50-64,TOTAL,ALL,12,ALL,ALL,2023,699.2296880906155,,,,,,,,ALL_N1,,,,,,,
IT1:DF_DCSS_ISTR_LAV_PEN_2_TV_3(1.0),A,082006,RESPOP_AV,T,Y50-64,TOTAL,ALL,12,ALL,ALL,2024,542.0278345654147,,,,,,,,ALL_N1,,,,,,,
IT1:DF_DCSS_ISTR_LAV_PEN_2_TV_3(1.0),A,082006,RESPOP_AV,T,Y50-64,TOTAL,ALL,22,ALL,ALL,2018,5830,,,,,,,,ALL_N1,,,,,,,
IT1:DF_DCSS_ISTR_LAV_PEN_2_TV_3(1.0),A,082006,RESPOP_AV,T,Y50-64,TOTAL,ALL,22,ALL,ALL,2019,6089,,,,,,,,ALL_N1,,,,,,,
IT1:DF_DCSS_ISTR_LAV_PEN_2_TV_3(1.0),A,082006,RESPOP_AV,T,Y50-64,TOTAL,ALL,22,ALL,ALL,2021,5723.47959227455,,,,,,,,ALL_N1,,,,,,,
IT1:DF_DCSS_ISTR_LAV_PEN_2_TV_3(1.0),A,082006,RESPOP_AV,T,Y50-64,TOTAL,ALL,22,ALL,ALL,2022,5709.4975332796,,,,,,,,ALL_N1,,,,,,,
IT1:DF_DCSS_ISTR_LAV_PEN_2_TV_3(1.0),A,082006,RESPOP_AV,T,Y50-64,TOTAL,ALL,22,ALL,ALL,2023,5942.229688090615,,,,,,,,ALL_N1,,,,,,,
IT1:DF_DCSS_ISTR_LAV_PEN_2_TV_3(1.0),A,082006,RESPOP_AV,T,Y50-64,TOTAL,ALL,22,ALL,ALL,2024,6044.027834565415,,,,,,,,ALL_N1,,,,,,,
IT1:DF_DCSS_ISTR_LAV_PEN_2_TV_3(1.0),A,082006,RESPOP_AV,T,Y50-64,TOTAL,ALL,23,ALL,ALL,2018,5195,,,,,,,,ALL_N1,,,,,,,
IT1:DF_DCSS_ISTR_LAV_PEN_2_TV_3(1.0),A,082006,RESPOP_AV,T,Y50-64,TOTAL,ALL,23,ALL,ALL,2019,5129,,,,,,,,ALL_N1,,,,,,,
IT1:DF_DCSS_ISTR_LAV_PEN_2_TV_3(1.0),A,082006,RESPOP_AV,T,Y50-64,TOTAL,ALL,23,ALL,ALL,2021,5724.52040772545,,,,,,,,ALL_N1,,,,,,,
IT1:DF_DCSS_ISTR_LAV_PEN_2_TV_3(1.0),A,082006,RESPOP_AV,T,Y50-64,TOTAL,ALL,23,ALL,ALL,2022,5870.5024667204,,,,,,,,ALL_N1,,,,,,,
IT1:DF_DCSS_ISTR_LAV_PEN_2_TV_3(1.0),A,082006,RESPOP_AV,T,Y50-64,TOTAL,ALL,23,ALL,ALL,2023,5726.770311909385,,,,,,,,ALL_N1,,,,,,,
IT1:DF_DCSS_ISTR_LAV_PEN_2_TV_3(1.0),A,082006,RESPOP_AV,T,Y50-64,TOTAL,ALL,23,ALL,ALL,2024,5698.972165434586,,,,,,,,ALL_N1,,,,,,,
IT1:DF_DCSS_ISTR_LAV_PEN_2_TV_3(1.0),A,082006,RESPOP_AV,T,Y50-64,TOTAL,ALL,24,ALL,ALL,2018,626,,,,,,,,ALL_N1,,,,,,,
IT1:DF_DCSS_ISTR_LAV_PEN_2_TV_3(1.0),A,082006,RESPOP_AV,T,Y50-64,TOTAL,ALL,24,ALL,ALL,2019,697,,,,,,,,ALL_N1,,,,,,,
IT1:DF_DCSS_ISTR_LAV_PEN_2_TV_3(1.0),A,082006,RESPOP_AV,T,Y50-64,TOTAL,ALL,24,ALL,ALL,2021,714.886087386233,,,,,,,,ALL_N1,,,,,,,
IT1:DF_DCSS_ISTR_LAV_PEN_2_TV_3(1.0),A,082006,RESPOP_AV,T,Y50-64,TOTAL,ALL,24,ALL,ALL,2022,590.810312973431,,,,,,,,ALL_N1,,,,,,,
IT1:DF_DCSS_ISTR_LAV_PEN_2_TV_3(1.0),A,082006,RESPOP_AV,T,Y50-64,TOTAL,ALL,24,ALL,ALL,2023,480.936179514917,,,,,,,,ALL_N1,,,,,,,
IT1:DF_DCSS_ISTR_LAV_PEN_2_TV_3(1.0),A,082006,RESPOP_AV,T,Y50-64,TOTAL,ALL,24,ALL,ALL,2024,500.72391645788537,,,,,,,,ALL_N1,,,,,,,
IT1:DF_DCSS_ISTR_LAV_PEN_2_TV_3(1.0),A,082006,RESPOP_AV,T,Y50-64,TOTAL,ALL,4,ALL,ALL,2018,3354,,,,,,,,ALL_N1,,,,,,,
IT1:DF_DCSS_ISTR_LAV_PEN_2_TV_3(1.0),A,082006,RESPOP_AV,T,Y50-64,TOTAL,ALL,4,ALL,ALL,2019,3412,,,,,,,,ALL_N1,,,,,,,
IT1:DF_DCSS_ISTR_LAV_PEN_2_TV_3(1.0),A,082006,RESPOP_AV,T,Y50-64,TOTAL,ALL,4,ALL,ALL,2021,3692.10263174786,,,,,,,,ALL_N1,,,,,,,
IT1:DF_DCSS_ISTR_LAV_PEN_2_TV_3(1.0),A,082006,RESPOP_AV,T,Y50-64,TOTAL,ALL,4,ALL,ALL,2022,3826.50498834044,,,,,,,,ALL_N1,,,,,,,
IT1:DF_DCSS_ISTR_LAV_PEN_2_TV_3(1.0),A,082006,RESPOP_AV,T,Y50-64,TOTAL,ALL,4,ALL,ALL,2023,3781.2476290794693,,,,,,,,ALL_N1,,,,,,,
IT1:DF_DCSS_ISTR_LAV_PEN_2_TV_3(1.0),A,082006,RESPOP_AV,T,Y50-64,TOTAL,ALL,4,ALL,ALL,2024,3740.4101710350915,,,,,,,,ALL_N1,,,,,,,
IT1:DF_DCSS_ISTR_LAV_PEN_2_TV_3(1.0),A,082006,RESPOP_AV,T,Y50-64,TOTAL,ALL,5,ALL,ALL,2018,5,,,,,,,,ALL_N1,,,,,,,
IT1:DF_DCSS_ISTR_LAV_PEN_2_TV_3(1.0),A,082006,RESPOP_AV,T,Y50-64,TOTAL,ALL,5,ALL,ALL,2019,5,,,,,,,,ALL_N1,,,,,,,
IT1:DF_DCSS_ISTR_LAV_PEN_2_TV_3(1.0),A,082006,RESPOP_AV,T,Y50-64,TOTAL,ALL,5,ALL,ALL,2021,10.2087474263318,,,,,,,,ALL_N1,,,,,,,
IT1:DF_DCSS_ISTR_LAV_PEN_2_TV_3(1.0),A,082006,RESPOP_AV,T,Y50-64,TOTAL,ALL,5,ALL,ALL,2022,15.2253982768899,,,,,,,,ALL_N1,,,,,,,
IT1:DF_DCSS_ISTR_LAV_PEN_2_TV_3(1.0),A,082006,RESPOP_AV,T,Y50-64,TOTAL,ALL,5,ALL,ALL,2023,11.15070384410084,,,,,,,,ALL_N1,,,,,,,
IT1:DF_DCSS_ISTR_LAV_PEN_2_TV_3(1.0),A,082006,RESPOP_AV,T,Y50-64,TOTAL,ALL,5,ALL,ALL,2024,18.165659407458822,,,,,,,,ALL_N1,,,,,,,
IT1:DF_DCSS_ISTR_LAV_PEN_2_TV_3(1.0),A,082006,RESPOP_AV,T,Y50-64,TOTAL,ALL,7,ALL,ALL,2018,1210,,,,,,,,ALL_N1,,,,,,,
IT1:DF_DCSS_ISTR_LAV_PEN_2_TV_3(1.0),A,082006,RESPOP_AV,T,Y50-64,TOTAL,ALL,7,ALL,ALL,2019,1015,,,,,,,,ALL_N1,,,,,,,
IT1:DF_DCSS_ISTR_LAV_PEN_2_TV_3(1.0),A,082006,RESPOP_AV,T,Y50-64,TOTAL,ALL,7,ALL,ALL,2021,1307.32294116502,,,,,,,,ALL_N1,,,,,,,
IT1:DF_DCSS_ISTR_LAV_PEN_2_TV_3(1.0),A,082006,RESPOP_AV,T,Y50-64,TOTAL,ALL,7,ALL,ALL,2022,1437.96176712964,,,,,,,,ALL_N1,,,,,,,
IT1:DF_DCSS_ISTR_LAV_PEN_2_TV_3(1.0),A,082006,RESPOP_AV,T,Y50-64,TOTAL,ALL,7,ALL,ALL,2023,1453.4357994708976,,,,,,,,ALL_N1,,,,,,,
IT1:DF_DCSS_ISTR_LAV_PEN_2_TV_3(1.0),A,082006,RESPOP_AV,T,Y50-64,TOTAL,ALL,7,ALL,ALL,2024,1439.6724185341507,,,,,,,,ALL_N1,,,,,,,
IT1:DF_DCSS_ISTR_LAV_PEN_2_TV_3(1.0),A,082006,RESPOP_AV,T,Y50-64,TOTAL,ALL,99,ALL,ALL,2018,11025,,,,,,,,ALL_N1,99_N1,,,,,,
IT1:DF_DCSS_ISTR_LAV_PEN_2_TV_3(1.0),A,082006,RESPOP_AV,T,Y50-64,TOTAL,ALL,99,ALL,ALL,2019,11218,,,,,,,,ALL_N1,99_N1,,,,,,
IT1:DF_DCSS_ISTR_LAV_PEN_2_TV_3(1.0),A,082006,RESPOP_AV,T,Y50-64,TOTAL,ALL,99,ALL,ALL,2020,11252,,,,,,,,ALL_N1,99_N1,,,,,,
IT1:DF_DCSS_ISTR_LAV_PEN_2_TV_3(1.0),A,082006,RESPOP_AV,T,Y50-64,TOTAL,ALL,99,ALL,ALL,2021,11448,,,,,,,,ALL_N1,99_N1,,,,,,
IT1:DF_DCSS_ISTR_LAV_PEN_2_TV_3(1.0),A,082006,RESPOP_AV,T,Y50-64,TOTAL,ALL,99,ALL,ALL,2022,11580,,,,,,,,ALL_N1,99_N1,,,,,,
IT1:DF_DCSS_ISTR_LAV_PEN_2_TV_3(1.0),A,082006,RESPOP_AV,T,Y50-64,TOTAL,ALL,99,ALL,ALL,2023,11669,,,,,,,,ALL_N1,99_N1,,,,,,
IT1:DF_DCSS_ISTR_LAV_PEN_2_TV_3(1.0),A,082006,RESPOP_AV,T,Y50-64,TOTAL,ALL,99,ALL,ALL,2024,11743,,,,,,,,ALL_N1,99_N1,,,,,,
IT1:DF_DCSS_ISTR_LAV_PEN_2_TV_3(1.0),A,082053,RESPOP_AV,F,Y_GE15,TOTAL,ALL,1,ALL,ALL,2018,73861,,,,,,,,ALL_N1,,,,,,,
IT1:DF_DCSS_ISTR_LAV_PEN_2_TV_3(1.0),A,082053,RESPOP_AV,F,Y_GE15,TOTAL,ALL,1,ALL,ALL,2019,74508,,,,,,,,ALL_N1,,,,,,,
IT1:DF_DCSS_ISTR_LAV_PEN_2_TV_3(1.0),A,082053,RESPOP_AV,F,Y_GE15,TOTAL,ALL,1,ALL,ALL,2021,78329,,,,,,,,ALL_N1,,,,,,,
IT1:DF_DCSS_ISTR_LAV_PEN_2_TV_3(1.0),A,082053,RESPOP_AV,F,Y_GE15,TOTAL,ALL,1,ALL,ALL,2022,79582,,,,,,,,ALL_N1,,,,,,,
IT1:DF_DCSS_ISTR_LAV_PEN_2_TV_3(1.0),A,082053,RESPOP_AV,F,Y_GE15,TOTAL,ALL,1,ALL,ALL,2023,82169,,,,,,,,ALL_N1,,,,,,,
IT1:DF_DCSS_ISTR_LAV_PEN_2_TV_3(1.0),A,082053,RESPOP_AV,F,Y_GE15,TOTAL,ALL,1,ALL,ALL,2024,84934,,,,,,,,ALL_N1,,,,,,,
IT1:DF_DCSS_ISTR_LAV_PEN_2_TV_3(1.0),A,082053,RESPOP_AV,F,Y_GE15,TOTAL,ALL,12,ALL,ALL,2018,36187,,,,,,,,ALL_N1,,,,,,,
IT1:DF_DCSS_ISTR_LAV_PEN_2_TV_3(1.0),A,082053,RESPOP_AV,F,Y_GE15,TOTAL,ALL,12,ALL,ALL,2019,34304,,,,,,,,ALL_N1,,,,,,,
IT1:DF_DCSS_ISTR_LAV_PEN_2_TV_3(1.0),A,082053,RESPOP_AV,F,Y_GE15,TOTAL,ALL,12,ALL,ALL,2021,16481.2177708091,,,,,,,,ALL_N1,,,,,,,
IT1:DF_DCSS_ISTR_LAV_PEN_2_TV_3(1.0),A,082053,RESPOP_AV,F,Y_GE15,TOTAL,ALL,12,ALL,ALL,2022,17330.1979194078,,,,,,,,ALL_N1,,,,,,,
IT1:DF_DCSS_ISTR_LAV_PEN_2_TV_3(1.0),A,082053,RESPOP_AV,F,Y_GE15,TOTAL,ALL,12,ALL,ALL,2023,15583.372498595354,,,,,,,,ALL_N1,,,,,,,
IT1:DF_DCSS_ISTR_LAV_PEN_2_TV_3(1.0),A,082053,RESPOP_AV,F,Y_GE15,TOTAL,ALL,12,ALL,ALL,2024,13535.024249883401,,,,,,,,ALL_N1,,,,,,,
IT1:DF_DCSS_ISTR_LAV_PEN_2_TV_3(1.0),A,082053,RESPOP_AV,F,Y_GE15,TOTAL,ALL,22,ALL,ALL,2018,110048,,,,,,,,ALL_N1,,,,,,,
IT1:DF_DCSS_ISTR_LAV_PEN_2_TV_3(1.0),A,082053,RESPOP_AV,F,Y_GE15,TOTAL,ALL,22,ALL,ALL,2019,108812,,,,,,,,ALL_N1,,,,,,,
IT1:DF_DCSS_ISTR_LAV_PEN_2_TV_3(1.0),A,082053,RESPOP_AV,F,Y_GE15,TOTAL,ALL,22,ALL,ALL,2021,94810.2177708091,,,,,,,,ALL_N1,,,,,,,
IT1:DF_DCSS_ISTR_LAV_PEN_2_TV_3(1.0),A,082053,RESPOP_AV,F,Y_GE15,TOTAL,ALL,22,ALL,ALL,2022,96912.1979194078,,,,,,,,ALL_N1,,,,,,,
IT1:DF_DCSS_ISTR_LAV_PEN_2_TV_3(1.0),A,082053,RESPOP_AV,F,Y_GE15,TOTAL,ALL,22,ALL,ALL,2023,97752.37249859536,,,,,,,,ALL_N1,,,,,,,
IT1:DF_DCSS_ISTR_LAV_PEN_2_TV_3(1.0),A,082053,RESPOP_AV,F,Y_GE15,TOTAL,ALL,22,ALL,ALL,2024,98469.0242498834,,,,,,,,ALL_N1,,,,,,,
IT1:DF_DCSS_ISTR_LAV_PEN_2_TV_3(1.0),A,082053,RESPOP_AV,F,Y_GE15,TOTAL,ALL,23,ALL,ALL,2018,185251,,,,,,,,ALL_N1,,,,,,,
IT1:DF_DCSS_ISTR_LAV_PEN_2_TV_3(1.0),A,082053,RESPOP_AV,F,Y_GE15,TOTAL,ALL,23,ALL,ALL,2019,184759,,,,,,,,ALL_N1,,,,,,,
IT1:DF_DCSS_ISTR_LAV_PEN_2_TV_3(1.0),A,082053,RESPOP_AV,F,Y_GE15,TOTAL,ALL,23,ALL,ALL,2021,193248.782229191,,,,,,,,ALL_N1,,,,,,,
IT1:DF_DCSS_ISTR_LAV_PEN_2_TV_3(1.0),A,082053,RESPOP_AV,F,Y_GE15,TOTAL,ALL,23,ALL,ALL,2022,190633.802080592,,,,,,,,ALL_N1,,,,,,,
IT1:DF_DCSS_ISTR_LAV_PEN_2_TV_3(1.0),A,082053,RESPOP_AV,F,Y_GE15,TOTAL,ALL,23,ALL,ALL,2023,189409.62750140467,,,,,,,,ALL_N1,,,,,,,
IT1:DF_DCSS_ISTR_LAV_PEN_2_TV_3(1.0),A,082053,RESPOP_AV,F,Y_GE15,TOTAL,ALL,23,ALL,ALL,2024,188817.9757501166,,,,,,,,ALL_N1,,,,,,,
IT1:DF_DCSS_ISTR_LAV_PEN_2_TV_3(1.0),A,082053,RESPOP_AV,F,Y_GE15,TOTAL,ALL,24,ALL,ALL,2018,46021,,,,,,,,ALL_N1,,,,,,,
IT1:DF_DCSS_ISTR_LAV_PEN_2_TV_3(1.0),A,082053,RESPOP_AV,F,Y_GE15,TOTAL,ALL,24,ALL,ALL,2019,44636,,,,,,,,ALL_N1,,,,,,,
IT1:DF_DCSS_ISTR_LAV_PEN_2_TV_3(1.0),A,082053,RESPOP_AV,F,Y_GE15,TOTAL,ALL,24,ALL,ALL,2021,46437.6430155267,,,,,,,,ALL_N1,,,,,,,
IT1:DF_DCSS_ISTR_LAV_PEN_2_TV_3(1.0),A,082053,RESPOP_AV,F,Y_GE15,TOTAL,ALL,24,ALL,ALL,2022,44887.2406030726,,,,,,,,ALL_N1,,,,,,,
IT1:DF_DCSS_ISTR_LAV_PEN_2_TV_3(1.0),A,082053,RESPOP_AV,F,Y_GE15,TOTAL,ALL,24,ALL,ALL,2023,44303.76067883139,,,,,,,,ALL_N1,,,,,,,
IT1:DF_DCSS_ISTR_LAV_PEN_2_TV_3(1.0),A,082053,RESPOP_AV,F,Y_GE15,TOTAL,ALL,24,ALL,ALL,2024,46012.5509418193,,,,,,,,ALL_N1,,,,,,,
IT1:DF_DCSS_ISTR_LAV_PEN_2_TV_3(1.0),A,082053,RESPOP_AV,F,Y_GE15,TOTAL,ALL,4,ALL,ALL,2018,93315,,,,,,,,ALL_N1,,,,,,,
IT1:DF_DCSS_ISTR_LAV_PEN_2_TV_3(1.0),A,082053,RESPOP_AV,F,Y_GE15,TOTAL,ALL,4,ALL,ALL,2019,94475,,,,,,,,ALL_N1,,,,,,,
IT1:DF_DCSS_ISTR_LAV_PEN_2_TV_3(1.0),A,082053,RESPOP_AV,F,Y_GE15,TOTAL,ALL,4,ALL,ALL,2021,98932.1185894989,,,,,,,,ALL_N1,,,,,,,
IT1:DF_DCSS_ISTR_LAV_PEN_2_TV_3(1.0),A,082053,RESPOP_AV,F,Y_GE15,TOTAL,ALL,4,ALL,ALL,2022,95274.7864198024,,,,,,,,ALL_N1,,,,,,,
IT1:DF_DCSS_ISTR_LAV_PEN_2_TV_3(1.0),A,082053,RESPOP_AV,F,Y_GE15,TOTAL,ALL,4,ALL,ALL,2023,96045.21241250119,,,,,,,,ALL_N1,,,,,,,
IT1:DF_DCSS_ISTR_LAV_PEN_2_TV_3(1.0),A,082053,RESPOP_AV,F,Y_GE15,TOTAL,ALL,4,ALL,ALL,2024,94329.69516383215,,,,,,,,ALL_N1,,,,,,,
IT1:DF_DCSS_ISTR_LAV_PEN_2_TV_3(1.0),A,082053,RESPOP_AV,F,Y_GE15,TOTAL,ALL,5,ALL,ALL,2018,24410,,,,,,,,ALL_N1,,,,,,,
IT1:DF_DCSS_ISTR_LAV_PEN_2_TV_3(1.0),A,082053,RESPOP_AV,F,Y_GE15,TOTAL,ALL,5,ALL,ALL,2019,24963,,,,,,,,ALL_N1,,,,,,,
IT1:DF_DCSS_ISTR_LAV_PEN_2_TV_3(1.0),A,082053,RESPOP_AV,F,Y_GE15,TOTAL,ALL,5,ALL,ALL,2021,25984.6444488428,,,,,,,,ALL_N1,,,,,,,
IT1:DF_DCSS_ISTR_LAV_PEN_2_TV_3(1.0),A,082053,RESPOP_AV,F,Y_GE15,TOTAL,ALL,5,ALL,ALL,2022,26236.3640754756,,,,,,,,ALL_N1,,,,,,,
IT1:DF_DCSS_ISTR_LAV_PEN_2_TV_3(1.0),A,082053,RESPOP_AV,F,Y_GE15,TOTAL,ALL,5,ALL,ALL,2023,25507.124663861552,,,,,,,,ALL_N1,,,,,,,
IT1:DF_DCSS_ISTR_LAV_PEN_2_TV_3(1.0),A,082053,RESPOP_AV,F,Y_GE15,TOTAL,ALL,5,ALL,ALL,2024,25617.79441245792,,,,,,,,ALL_N1,,,,,,,
IT1:DF_DCSS_ISTR_LAV_PEN_2_TV_3(1.0),A,082053,RESPOP_AV,F,Y_GE15,TOTAL,ALL,7,ALL,ALL,2018,21505,,,,,,,,ALL_N1,,,,,,,
IT1:DF_DCSS_ISTR_LAV_PEN_2_TV_3(1.0),A,082053,RESPOP_AV,F,Y_GE15,TOTAL,ALL,7,ALL,ALL,2019,20685,,,,,,,,ALL_N1,,,,,,,
IT1:DF_DCSS_ISTR_LAV_PEN_2_TV_3(1.0),A,082053,RESPOP_AV,F,Y_GE15,TOTAL,ALL,7,ALL,ALL,2021,21894.3761753224,,,,,,,,ALL_N1,,,,,,,
IT1:DF_DCSS_ISTR_LAV_PEN_2_TV_3(1.0),A,082053,RESPOP_AV,F,Y_GE15,TOTAL,ALL,7,ALL,ALL,2022,24235.4109822415,,,,,,,,ALL_N1,,,,,,,
IT1:DF_DCSS_ISTR_LAV_PEN_2_TV_3(1.0),A,082053,RESPOP_AV,F,Y_GE15,TOTAL,ALL,7,ALL,ALL,2023,23553.52974621053,,,,,,,,ALL_N1,,,,,,,
IT1:DF_DCSS_ISTR_LAV_PEN_2_TV_3(1.0),A,082053,RESPOP_AV,F,Y_GE15,TOTAL,ALL,7,ALL,ALL,2024,22857.93523200723,,,,,,,,ALL_N1,,,,,,,
IT1:DF_DCSS_ISTR_LAV_PEN_2_TV_3(1.0),A,082053,RESPOP_AV,F,Y_GE15,TOTAL,ALL,99,ALL,ALL,2018,295299,,,,,,,,ALL_N1,99_N1,,,,,,
IT1:DF_DCSS_ISTR_LAV_PEN_2_TV_3(1.0),A,082053,RESPOP_AV,F,Y_GE15,TOTAL,ALL,99,ALL,ALL,2019,293571,,,,,,,,ALL_N1,99_N1,,,,,,
IT1:DF_DCSS_ISTR_LAV_PEN_2_TV_3(1.0),A,082053,RESPOP_AV,F,Y_GE15,TOTAL,ALL,99,ALL,ALL,2021,288059,,,,,,,,ALL_N1,99_N1,,,,,,
IT1:DF_DCSS_ISTR_LAV_PEN_2_TV_3(1.0),A,082053,RESPOP_AV,F,Y_GE15,TOTAL,ALL,99,ALL,ALL,2022,287546,,,,,,,,ALL_N1,99_N1,,,,,,
IT1:DF_DCSS_ISTR_LAV_PEN_2_TV_3(1.0),A,082053,RESPOP_AV,F,Y_GE15,TOTAL,ALL,99,ALL,ALL,2023,287162,,,,,,,,ALL_N1,99_N1,,,,,,
IT1:DF_DCSS_ISTR_LAV_PEN_2_TV_3(1.0),A,082053,RESPOP_AV,F,Y_GE15,TOTAL,ALL,99,ALL,ALL,2024,287287,,,,,,,,ALL_N1,99_N1,,,,,,
IT1:DF_DCSS_ISTR_LAV_PEN_2_TV_3(1.0),A,082053,RESPOP_AV,F,Y_GE65,TOTAL,ALL,1,ALL,ALL,2018,2886,,,,,,,,ALL_N1,,,,,,,
IT1:DF_DCSS_ISTR_LAV_PEN_2_TV_3(1.0),A,082053,RESPOP_AV,F,Y_GE65,TOTAL,ALL,1,ALL,ALL,2019,3224,,,,,,,,ALL_N1,,,,,,,
IT1:DF_DCSS_ISTR_LAV_PEN_2_TV_3(1.0),A,082053,RESPOP_AV,F,Y_GE65,TOTAL,ALL,1,ALL,ALL,2021,2970,,,,,,,,ALL_N1,,,,,,,
IT1:DF_DCSS_ISTR_LAV_PEN_2_TV_3(1.0),A,082053,RESPOP_AV,F,Y_GE65,TOTAL,ALL,1,ALL,ALL,2022,3258,,,,,,,,ALL_N1,,,,,,,
IT1:DF_DCSS_ISTR_LAV_PEN_2_TV_3(1.0),A,082053,RESPOP_AV,F,Y_GE65,TOTAL,ALL,1,ALL,ALL,2023,3106,,,,,,,,ALL_N1,,,,,,,
IT1:DF_DCSS_ISTR_LAV_PEN_2_TV_3(1.0),A,082053,RESPOP_AV,F,Y_GE65,TOTAL,ALL,1,ALL,ALL,2024,3481,,,,,,,,ALL_N1,,,,,,,
IT1:DF_DCSS_ISTR_LAV_PEN_2_TV_3(1.0),A,082053,RESPOP_AV,F,Y_GE65,TOTAL,ALL,12,ALL,ALL,2018,514,,,,,,,,ALL_N1,,,,,,,
IT1:DF_DCSS_ISTR_LAV_PEN_2_TV_3(1.0),A,082053,RESPOP_AV,F,Y_GE65,TOTAL,ALL,12,ALL,ALL,2019,501,,,,,,,,ALL_N1,,,,,,,
IT1:DF_DCSS_ISTR_LAV_PEN_2_TV_3(1.0),A,082053,RESPOP_AV,F,Y_GE65,TOTAL,ALL,12,ALL,ALL,2021,318.170889868051,,,,,,,,ALL_N1,,,,,,,
IT1:DF_DCSS_ISTR_LAV_PEN_2_TV_3(1.0),A,082053,RESPOP_AV,F,Y_GE65,TOTAL,ALL,12,ALL,ALL,2022,197.200683648223,,,,,,,,ALL_N1,,,,,,,
IT1:DF_DCSS_ISTR_LAV_PEN_2_TV_3(1.0),A,082053,RESPOP_AV,F,Y_GE65,TOTAL,ALL,12,ALL,ALL,2023,207.92583511620097,,,,,,,,ALL_N1,,,,,,,
IT1:DF_DCSS_ISTR_LAV_PEN_2_TV_3(1.0),A,082053,RESPOP_AV,F,Y_GE65,TOTAL,ALL,12,ALL,ALL,2024,187.62797371686176,,,,,,,,ALL_N1,,,,,,,
IT1:DF_DCSS_ISTR_LAV_PEN_2_TV_3(1.0),A,082053,RESPOP_AV,F,Y_GE65,TOTAL,ALL,22,ALL,ALL,2018,3400,,,,,,,,ALL_N1,,,,,,,
IT1:DF_DCSS_ISTR_LAV_PEN_2_TV_3(1.0),A,082053,RESPOP_AV,F,Y_GE65,TOTAL,ALL,22,ALL,ALL,2019,3725,,,,,,,,ALL_N1,,,,,,,
IT1:DF_DCSS_ISTR_LAV_PEN_2_TV_3(1.0),A,082053,RESPOP_AV,F,Y_GE65,TOTAL,ALL,22,ALL,ALL,2021,3288.17088986805,,,,,,,,ALL_N1,,,,,,,
IT1:DF_DCSS_ISTR_LAV_PEN_2_TV_3(1.0),A,082053,RESPOP_AV,F,Y_GE65,TOTAL,ALL,22,ALL,ALL,2022,3455.20068364822,,,,,,,,ALL_N1,,,,,,,
IT1:DF_DCSS_ISTR_LAV_PEN_2_TV_3(1.0),A,082053,RESPOP_AV,F,Y_GE65,TOTAL,ALL,22,ALL,ALL,2023,3313.925835116201,,,,,,,,ALL_N1,,,,,,,
IT1:DF_DCSS_ISTR_LAV_PEN_2_TV_3(1.0),A,082053,RESPOP_AV,F,Y_GE65,TOTAL,ALL,22,ALL,ALL,2024,3668.6279737168616,,,,,,,,ALL_N1,,,,,,,
IT1:DF_DCSS_ISTR_LAV_PEN_2_TV_3(1.0),A,082053,RESPOP_AV,F,Y_GE65,TOTAL,ALL,23,ALL,ALL,2018,74951,,,,,,,,ALL_N1,,,,,,,
IT1:DF_DCSS_ISTR_LAV_PEN_2_TV_3(1.0),A,082053,RESPOP_AV,F,Y_GE65,TOTAL,ALL,23,ALL,ALL,2019,75810,,,,,,,,ALL_N1,,,,,,,
IT1:DF_DCSS_ISTR_LAV_PEN_2_TV_3(1.0),A,082053,RESPOP_AV,F,Y_GE65,TOTAL,ALL,23,ALL,ALL,2021,78454.829110132,,,,,,,,ALL_N1,,,,,,,
IT1:DF_DCSS_ISTR_LAV_PEN_2_TV_3(1.0),A,082053,RESPOP_AV,F,Y_GE65,TOTAL,ALL,23,ALL,ALL,2022,79071.7993163518,,,,,,,,ALL_N1,,,,,,,
IT1:DF_DCSS_ISTR_LAV_PEN_2_TV_3(1.0),A,082053,RESPOP_AV,F,Y_GE65,TOTAL,ALL,23,ALL,ALL,2023,80102.07416488382,,,,,,,,ALL_N1,,,,,,,
IT1:DF_DCSS_ISTR_LAV_PEN_2_TV_3(1.0),A,082053,RESPOP_AV,F,Y_GE65,TOTAL,ALL,23,ALL,ALL,2024,81013.37202628313,,,,,,,,ALL_N1,,,,,,,
IT1:DF_DCSS_ISTR_LAV_PEN_2_TV_3(1.0),A,082053,RESPOP_AV,F,Y_GE65,TOTAL,ALL,24,ALL,ALL,2018,42602,,,,,,,,ALL_N1,,,,,,,
IT1:DF_DCSS_ISTR_LAV_PEN_2_TV_3(1.0),A,082053,RESPOP_AV,F,Y_GE65,TOTAL,ALL,24,ALL,ALL,2019,41330,,,,,,,,ALL_N1,,,,,,,
IT1:DF_DCSS_ISTR_LAV_PEN_2_TV_3(1.0),A,082053,RESPOP_AV,F,Y_GE65,TOTAL,ALL,24,ALL,ALL,2021,43420.1888885008,,,,,,,,ALL_N1,,,,,,,
IT1:DF_DCSS_ISTR_LAV_PEN_2_TV_3(1.0),A,082053,RESPOP_AV,F,Y_GE65,TOTAL,ALL,24,ALL,ALL,2022,42428.5809393357,,,,,,,,ALL_N1,,,,,,,
IT1:DF_DCSS_ISTR_LAV_PEN_2_TV_3(1.0),A,082053,RESPOP_AV,F,Y_GE65,TOTAL,ALL,24,ALL,ALL,2023,42071.25655298212,,,,,,,,ALL_N1,,,,,,,
IT1:DF_DCSS_ISTR_LAV_PEN_2_TV_3(1.0),A,082053,RESPOP_AV,F,Y_GE65,TOTAL,ALL,24,ALL,ALL,2024,43863.81553822091,,,,,,,,ALL_N1,,,,,,,
IT1:DF_DCSS_ISTR_LAV_PEN_2_TV_3(1.0),A,082053,RESPOP_AV,F,Y_GE65,TOTAL,ALL,4,ALL,ALL,2018,22000,,,,,,,,ALL_N1,,,,,,,
IT1:DF_DCSS_ISTR_LAV_PEN_2_TV_3(1.0),A,082053,RESPOP_AV,F,Y_GE65,TOTAL,ALL,4,ALL,ALL,2019,23977,,,,,,,,ALL_N1,,,,,,,
IT1:DF_DCSS_ISTR_LAV_PEN_2_TV_3(1.0),A,082053,RESPOP_AV,F,Y_GE65,TOTAL,ALL,4,ALL,ALL,2021,24724.8597600949,,,,,,,,ALL_N1,,,,,,,
IT1:DF_DCSS_ISTR_LAV_PEN_2_TV_3(1.0),A,082053,RESPOP_AV,F,Y_GE65,TOTAL,ALL,4,ALL,ALL,2022,25024.1494961529,,,,,,,,ALL_N1,,,,,,,
IT1:DF_DCSS_ISTR_LAV_PEN_2_TV_3(1.0),A,082053,RESPOP_AV,F,Y_GE65,TOTAL,ALL,4,ALL,ALL,2023,26124.06475457287,,,,,,,,ALL_N1,,,,,,,
IT1:DF_DCSS_ISTR_LAV_PEN_2_TV_3(1.0),A,082053,RESPOP_AV,F,Y_GE65,TOTAL,ALL,4,ALL,ALL,2024,26138.012436256053,,,,,,,,ALL_N1,,,,,,,
IT1:DF_DCSS_ISTR_LAV_PEN_2_TV_3(1.0),A,082053,RESPOP_AV,F,Y_GE65,TOTAL,ALL,5,ALL,ALL,2018,7,,,,,,,,ALL_N1,,,,,,,
IT1:DF_DCSS_ISTR_LAV_PEN_2_TV_3(1.0),A,082053,RESPOP_AV,F,Y_GE65,TOTAL,ALL,5,ALL,ALL,2019,6,,,,,,,,ALL_N1,,,,,,,
IT1:DF_DCSS_ISTR_LAV_PEN_2_TV_3(1.0),A,082053,RESPOP_AV,F,Y_GE65,TOTAL,ALL,5,ALL,ALL,2021,0.00181840155837377,,,,,,,,ALL_N1,,,,,,,
IT1:DF_DCSS_ISTR_LAV_PEN_2_TV_3(1.0),A,082053,RESPOP_AV,F,Y_GE65,TOTAL,ALL,5,ALL,ALL,2022,26.6860715568267,,,,,,,,ALL_N1,,,,,,,
IT1:DF_DCSS_ISTR_LAV_PEN_2_TV_3(1.0),A,082053,RESPOP_AV,F,Y_GE65,TOTAL,ALL,5,ALL,ALL,2023,35.47131738938182,,,,,,,,ALL_N1,,,,,,,
IT1:DF_DCSS_ISTR_LAV_PEN_2_TV_3(1.0),A,082053,RESPOP_AV,F,Y_GE65,TOTAL,ALL,5,ALL,ALL,2024,14.445657126592911,,,,,,,,ALL_N1,,,,,,,
IT1:DF_DCSS_ISTR_LAV_PEN_2_TV_3(1.0),A,082053,RESPOP_AV,F,Y_GE65,TOTAL,ALL,7,ALL,ALL,2018,10342,,,,,,,,ALL_N1,,,,,,,
IT1:DF_DCSS_ISTR_LAV_PEN_2_TV_3(1.0),A,082053,RESPOP_AV,F,Y_GE65,TOTAL,ALL,7,ALL,ALL,2019,10497,,,,,,,,ALL_N1,,,,,,,
IT1:DF_DCSS_ISTR_LAV_PEN_2_TV_3(1.0),A,082053,RESPOP_AV,F,Y_GE65,TOTAL,ALL,7,ALL,ALL,2021,10309.7786431348,,,,,,,,ALL_N1,,,,,,,
IT1:DF_DCSS_ISTR_LAV_PEN_2_TV_3(1.0),A,082053,RESPOP_AV,F,Y_GE65,TOTAL,ALL,7,ALL,ALL,2022,11592.3828093064,,,,,,,,ALL_N1,,,,,,,
IT1:DF_DCSS_ISTR_LAV_PEN_2_TV_3(1.0),A,082053,RESPOP_AV,F,Y_GE65,TOTAL,ALL,7,ALL,ALL,2023,11871.28153993944,,,,,,,,ALL_N1,,,,,,,
IT1:DF_DCSS_ISTR_LAV_PEN_2_TV_3(1.0),A,082053,RESPOP_AV,F,Y_GE65,TOTAL,ALL,7,ALL,ALL,2024,10997.098394679588,,,,,,,,ALL_N1,,,,,,,
IT1:DF_DCSS_ISTR_LAV_PEN_2_TV_3(1.0),A,082053,RESPOP_AV,F,Y_GE65,TOTAL,ALL,99,ALL,ALL,2018,78351,,,,,,,,ALL_N1,99_N1,,,,,,
IT1:DF_DCSS_ISTR_LAV_PEN_2_TV_3(1.0),A,082053,RESPOP_AV,F,Y_GE65,TOTAL,ALL,99,ALL,ALL,2019,79535,,,,,,,,ALL_N1,99_N1,,,,,,
IT1:DF_DCSS_ISTR_LAV_PEN_2_TV_3(1.0),A,082053,RESPOP_AV,F,Y_GE65,TOTAL,ALL,99,ALL,ALL,2020,81154,,,,,,,,ALL_N1,99_N1,,,,,,
IT1:DF_DCSS_ISTR_LAV_PEN_2_TV_3(1.0),A,082053,RESPOP_AV,F,Y_GE65,TOTAL,ALL,99,ALL,ALL,2021,81743,,,,,,,,ALL_N1,99_N1,,,,,,
IT1:DF_DCSS_ISTR_LAV_PEN_2_TV_3(1.0),A,082053,RESPOP_AV,F,Y_GE65,TOTAL,ALL,99,ALL,ALL,2022,82527,,,,,,,,ALL_N1,99_N1,,,,,,
IT1:DF_DCSS_ISTR_LAV_PEN_2_TV_3(1.0),A,082053,RESPOP_AV,F,Y_GE65,TOTAL,ALL,99,ALL,ALL,2023,83416,,,,,,,,ALL_N1,99_N1,,,,,,
IT1:DF_DCSS_ISTR_LAV_PEN_2_TV_3(1.0),A,082053,RESPOP_AV,F,Y_GE65,TOTAL,ALL,99,ALL,ALL,2024,84682,,,,,,,,ALL_N1,99_N1,,,,,,
IT1:DF_DCSS_ISTR_LAV_PEN_2_TV_3(1.0),A,082053,RESPOP_AV,F,Y15-24,TOTAL,ALL,1,ALL,ALL,2018,2174,,,,,,,,ALL_N1,,,,,,,
IT1:DF_DCSS_ISTR_LAV_PEN_2_TV_3(1.0),A,082053,RESPOP_AV,F,Y15-24,TOTAL,ALL,1,ALL,ALL,2019,2342,,,,,,,,ALL_N1,,,,,,,
IT1:DF_DCSS_ISTR_LAV_PEN_2_TV_3(1.0),A,082053,RESPOP_AV,F,Y15-24,TOTAL,ALL,1,ALL,ALL,2021,2427,,,,,,,,ALL_N1,,,,,,,
IT1:DF_DCSS_ISTR_LAV_PEN_2_TV_3(1.0),A,082053,RESPOP_AV,F,Y15-24,TOTAL,ALL,1,ALL,ALL,2022,2801,,,,,,,,ALL_N1,,,,,,,
IT1:DF_DCSS_ISTR_LAV_PEN_2_TV_3(1.0),A,082053,RESPOP_AV,F,Y15-24,TOTAL,ALL,1,ALL,ALL,2023,2999,,,,,,,,ALL_N1,,,,,,,
IT1:DF_DCSS_ISTR_LAV_PEN_2_TV_3(1.0),A,082053,RESPOP_AV,F,Y15-24,TOTAL,ALL,1,ALL,ALL,2024,3133,,,,,,,,ALL_N1,,,,,,,
IT1:DF_DCSS_ISTR_LAV_PEN_2_TV_3(1.0),A,082053,RESPOP_AV,F,Y15-24,TOTAL,ALL,12,ALL,ALL,2018,6441,,,,,,,,ALL_N1,,,,,,,
IT1:DF_DCSS_ISTR_LAV_PEN_2_TV_3(1.0),A,082053,RESPOP_AV,F,Y15-24,TOTAL,ALL,12,ALL,ALL,2019,5988,,,,,,,,ALL_N1,,,,,,,
IT1:DF_DCSS_ISTR_LAV_PEN_2_TV_3(1.0),A,082053,RESPOP_AV,F,Y15-24,TOTAL,ALL,12,ALL,ALL,2021,2811.46823839156,,,,,,,,ALL_N1,,,,,,,
IT1:DF_DCSS_ISTR_LAV_PEN_2_TV_3(1.0),A,082053,RESPOP_AV,F,Y15-24,TOTAL,ALL,12,ALL,ALL,2022,2918.00997223444,,,,,,,,ALL_N1,,,,,,,
IT1:DF_DCSS_ISTR_LAV_PEN_2_TV_3(1.0),A,082053,RESPOP_AV,F,Y15-24,TOTAL,ALL,12,ALL,ALL,2023,2744.523839287337,,,,,,,,ALL_N1,,,,,,,
IT1:DF_DCSS_ISTR_LAV_PEN_2_TV_3(1.0),A,082053,RESPOP_AV,F,Y15-24,TOTAL,ALL,12,ALL,ALL,2024,2344.2270378382536,,,,,,,,ALL_N1,,,,,,,
IT1:DF_DCSS_ISTR_LAV_PEN_2_TV_3(1.0),A,082053,RESPOP_AV,F,Y15-24,TOTAL,ALL,22,ALL,ALL,2018,8615,,,,,,,,ALL_N1,,,,,,,
IT1:DF_DCSS_ISTR_LAV_PEN_2_TV_3(1.0),A,082053,RESPOP_AV,F,Y15-24,TOTAL,ALL,22,ALL,ALL,2019,8330,,,,,,,,ALL_N1,,,,,,,
IT1:DF_DCSS_ISTR_LAV_PEN_2_TV_3(1.0),A,082053,RESPOP_AV,F,Y15-24,TOTAL,ALL,22,ALL,ALL,2021,5238.46823839156,,,,,,,,ALL_N1,,,,,,,
IT1:DF_DCSS_ISTR_LAV_PEN_2_TV_3(1.0),A,082053,RESPOP_AV,F,Y15-24,TOTAL,ALL,22,ALL,ALL,2022,5719.00997223444,,,,,,,,ALL_N1,,,,,,,
IT1:DF_DCSS_ISTR_LAV_PEN_2_TV_3(1.0),A,082053,RESPOP_AV,F,Y15-24,TOTAL,ALL,22,ALL,ALL,2023,5743.523839287337,,,,,,,,ALL_N1,,,,,,,
IT1:DF_DCSS_ISTR_LAV_PEN_2_TV_3(1.0),A,082053,RESPOP_AV,F,Y15-24,TOTAL,ALL,22,ALL,ALL,2024,5477.227037838254,,,,,,,,ALL_N1,,,,,,,
IT1:DF_DCSS_ISTR_LAV_PEN_2_TV_3(1.0),A,082053,RESPOP_AV,F,Y15-24,TOTAL,ALL,23,ALL,ALL,2018,25683,,,,,,,,ALL_N1,,,,,,,
IT1:DF_DCSS_ISTR_LAV_PEN_2_TV_3(1.0),A,082053,RESPOP_AV,F,Y15-24,TOTAL,ALL,23,ALL,ALL,2019,25424,,,,,,,,ALL_N1,,,,,,,
IT1:DF_DCSS_ISTR_LAV_PEN_2_TV_3(1.0),A,082053,RESPOP_AV,F,Y15-24,TOTAL,ALL,23,ALL,ALL,2021,26990.5317616084,,,,,,,,ALL_N1,,,,,,,
IT1:DF_DCSS_ISTR_LAV_PEN_2_TV_3(1.0),A,082053,RESPOP_AV,F,Y15-24,TOTAL,ALL,23,ALL,ALL,2022,26755.9900277656,,,,,,,,ALL_N1,,,,,,,
IT1:DF_DCSS_ISTR_LAV_PEN_2_TV_3(1.0),A,082053,RESPOP_AV,F,Y15-24,TOTAL,ALL,23,ALL,ALL,2023,26807.476160712653,,,,,,,,ALL_N1,,,,,,,
IT1:DF_DCSS_ISTR_LAV_PEN_2_TV_3(1.0),A,082053,RESPOP_AV,F,Y15-24,TOTAL,ALL,23,ALL,ALL,2024,27194.772962161747,,,,,,,,ALL_N1,,,,,,,
IT1:DF_DCSS_ISTR_LAV_PEN_2_TV_3(1.0),A,082053,RESPOP_AV,F,Y15-24,TOTAL,ALL,24,ALL,ALL,2018,22,,,,,,,,ALL_N1,,,,,,,
IT1:DF_DCSS_ISTR_LAV_PEN_2_TV_3(1.0),A,082053,RESPOP_AV,F,Y15-24,TOTAL,ALL,24,ALL,ALL,2019,24,,,,,,,,ALL_N1,,,,,,,
IT1:DF_DCSS_ISTR_LAV_PEN_2_TV_3(1.0),A,082053,RESPOP_AV,F,Y15-24,TOTAL,ALL,24,ALL,ALL,2021,17.883730269942,,,,,,,,ALL_N1,,,,,,,
IT1:DF_DCSS_ISTR_LAV_PEN_2_TV_3(1.0),A,082053,RESPOP_AV,F,Y15-24,TOTAL,ALL,24,ALL,ALL,2022,21.6050069138556,,,,,,,,ALL_N1,,,,,,,
IT1:DF_DCSS_ISTR_LAV_PEN_2_TV_3(1.0),A,082053,RESPOP_AV,F,Y15-24,TOTAL,ALL,24,ALL,ALL,2023,18.99000108234519,,,,,,,,ALL_N1,,,,,,,
IT1:DF_DCSS_ISTR_LAV_PEN_2_TV_3(1.0),A,082053,RESPOP_AV,F,Y15-24,TOTAL,ALL,24,ALL,ALL,2024,30.29101134681651,,,,,,,,ALL_N1,,,,,,,
IT1:DF_DCSS_ISTR_LAV_PEN_2_TV_3(1.0),A,082053,RESPOP_AV,F,Y15-24,TOTAL,ALL,4,ALL,ALL,2018,3401,,,,,,,,ALL_N1,,,,,,,
IT1:DF_DCSS_ISTR_LAV_PEN_2_TV_3(1.0),A,082053,RESPOP_AV,F,Y15-24,TOTAL,ALL,4,ALL,ALL,2019,3258,,,,,,,,ALL_N1,,,,,,,
IT1:DF_DCSS_ISTR_LAV_PEN_2_TV_3(1.0),A,082053,RESPOP_AV,F,Y15-24,TOTAL,ALL,4,ALL,ALL,2021,4019.98626869286,,,,,,,,ALL_N1,,,,,,,
IT1:DF_DCSS_ISTR_LAV_PEN_2_TV_3(1.0),A,082053,RESPOP_AV,F,Y15-24,TOTAL,ALL,4,ALL,ALL,2022,3314.51192972051,,,,,,,,ALL_N1,,,,,,,
IT1:DF_DCSS_ISTR_LAV_PEN_2_TV_3(1.0),A,082053,RESPOP_AV,F,Y15-24,TOTAL,ALL,4,ALL,ALL,2023,3537.8313274647494,,,,,,,,ALL_N1,,,,,,,
IT1:DF_DCSS_ISTR_LAV_PEN_2_TV_3(1.0),A,082053,RESPOP_AV,F,Y15-24,TOTAL,ALL,4,ALL,ALL,2024,3701.081994242394,,,,,,,,ALL_N1,,,,,,,
IT1:DF_DCSS_ISTR_LAV_PEN_2_TV_3(1.0),A,082053,RESPOP_AV,F,Y15-24,TOTAL,ALL,5,ALL,ALL,2018,20452,,,,,,,,ALL_N1,,,,,,,
IT1:DF_DCSS_ISTR_LAV_PEN_2_TV_3(1.0),A,082053,RESPOP_AV,F,Y15-24,TOTAL,ALL,5,ALL,ALL,2019,20849,,,,,,,,ALL_N1,,,,,,,
IT1:DF_DCSS_ISTR_LAV_PEN_2_TV_3(1.0),A,082053,RESPOP_AV,F,Y15-24,TOTAL,ALL,5,ALL,ALL,2021,21454.638802556,,,,,,,,ALL_N1,,,,,,,
IT1:DF_DCSS_ISTR_LAV_PEN_2_TV_3(1.0),A,082053,RESPOP_AV,F,Y15-24,TOTAL,ALL,5,ALL,ALL,2022,21866.4982389964,,,,,,,,ALL_N1,,,,,,,
IT1:DF_DCSS_ISTR_LAV_PEN_2_TV_3(1.0),A,082053,RESPOP_AV,F,Y15-24,TOTAL,ALL,5,ALL,ALL,2023,21832.043617873966,,,,,,,,ALL_N1,,,,,,,
IT1:DF_DCSS_ISTR_LAV_PEN_2_TV_3(1.0),A,082053,RESPOP_AV,F,Y15-24,TOTAL,ALL,5,ALL,ALL,2024,21830.684303465372,,,,,,,,ALL_N1,,,,,,,
IT1:DF_DCSS_ISTR_LAV_PEN_2_TV_3(1.0),A,082053,RESPOP_AV,F,Y15-24,TOTAL,ALL,7,ALL,ALL,2018,1808,,,,,,,,ALL_N1,,,,,,,
IT1:DF_DCSS_ISTR_LAV_PEN_2_TV_3(1.0),A,082053,RESPOP_AV,F,Y15-24,TOTAL,ALL,7,ALL,ALL,2019,1293,,,,,,,,ALL_N1,,,,,,,
IT1:DF_DCSS_ISTR_LAV_PEN_2_TV_3(1.0),A,082053,RESPOP_AV,F,Y15-24,TOTAL,ALL,7,ALL,ALL,2021,1498.02296008965,,,,,,,,ALL_N1,,,,,,,
IT1:DF_DCSS_ISTR_LAV_PEN_2_TV_3(1.0),A,082053,RESPOP_AV,F,Y15-24,TOTAL,ALL,7,ALL,ALL,2022,1553.37485213479,,,,,,,,ALL_N1,,,,,,,
IT1:DF_DCSS_ISTR_LAV_PEN_2_TV_3(1.0),A,082053,RESPOP_AV,F,Y15-24,TOTAL,ALL,7,ALL,ALL,2023,1418.611214291592,,,,,,,,ALL_N1,,,,,,,
IT1:DF_DCSS_ISTR_LAV_PEN_2_TV_3(1.0),A,082053,RESPOP_AV,F,Y15-24,TOTAL,ALL,7,ALL,ALL,2024,1632.7156531071626,,,,,,,,ALL_N1,,,,,,,
IT1:DF_DCSS_ISTR_LAV_PEN_2_TV_3(1.0),A,082053,RESPOP_AV,F,Y15-24,TOTAL,ALL,99,ALL,ALL,2018,34298,,,,,,,,ALL_N1,99_N1,,,,,,
IT1:DF_DCSS_ISTR_LAV_PEN_2_TV_3(1.0),A,082053,RESPOP_AV,F,Y15-24,TOTAL,ALL,99,ALL,ALL,2019,33754,,,,,,,,ALL_N1,99_N1,,,,,,
IT1:DF_DCSS_ISTR_LAV_PEN_2_TV_3(1.0),A,082053,RESPOP_AV,F,Y15-24,TOTAL,ALL,99,ALL,ALL,2021,32229,,,,,,,,ALL_N1,99_N1,,,,,,
IT1:DF_DCSS_ISTR_LAV_PEN_2_TV_3(1.0),A,082053,RESPOP_AV,F,Y15-24,TOTAL,ALL,99,ALL,ALL,2022,32475,,,,,,,,ALL_N1,99_N1,,,,,,
IT1:DF_DCSS_ISTR_LAV_PEN_2_TV_3(1.0),A,082053,RESPOP_AV,F,Y15-24,TOTAL,ALL,99,ALL,ALL,2023,32550.99999999999,,,,,,,,ALL_N1,99_N1,,,,,,
IT1:DF_DCSS_ISTR_LAV_PEN_2_TV_3(1.0),A,082053,RESPOP_AV,F,Y15-24,TOTAL,ALL,99,ALL,ALL,2024,32672,,,,,,,,ALL_N1,99_N1,,,,,,
IT1:DF_DCSS_ISTR_LAV_PEN_2_TV_3(1.0),A,082053,RESPOP_AV,F,Y25-49,TOTAL,ALL,1,ALL,ALL,2018,41539,,,,,,,,ALL_N1,,,,,,,
IT1:DF_DCSS_ISTR_LAV_PEN_2_TV_3(1.0),A,082053,RESPOP_AV,F,Y25-49,TOTAL,ALL,1,ALL,ALL,2019,41250,,,,,,,,ALL_N1,,,,,,,
IT1:DF_DCSS_ISTR_LAV_PEN_2_TV_3(1.0),A,082053,RESPOP_AV,F,Y25-49,TOTAL,ALL,1,ALL,ALL,2021,42915,,,,,,,,ALL_N1,,,,,,,
IT1:DF_DCSS_ISTR_LAV_PEN_2_TV_3(1.0),A,082053,RESPOP_AV,F,Y25-49,TOTAL,ALL,1,ALL,ALL,2022,43188,,,,,,,,ALL_N1,,,,,,,
IT1:DF_DCSS_ISTR_LAV_PEN_2_TV_3(1.0),A,082053,RESPOP_AV,F,Y25-49,TOTAL,ALL,1,ALL,ALL,2023,44557,,,,,,,,ALL_N1,,,,,,,
IT1:DF_DCSS_ISTR_LAV_PEN_2_TV_3(1.0),A,082053,RESPOP_AV,F,Y25-49,TOTAL,ALL,1,ALL,ALL,2024,45437,,,,,,,,ALL_N1,,,,,,,
IT1:DF_DCSS_ISTR_LAV_PEN_2_TV_3(1.0),A,082053,RESPOP_AV,F,Y25-49,TOTAL,ALL,12,ALL,ALL,2018,21799,,,,,,,,ALL_N1,,,,,,,
IT1:DF_DCSS_ISTR_LAV_PEN_2_TV_3(1.0),A,082053,RESPOP_AV,F,Y25-49,TOTAL,ALL,12,ALL,ALL,2019,20549,,,,,,,,ALL_N1,,,,,,,
IT1:DF_DCSS_ISTR_LAV_PEN_2_TV_3(1.0),A,082053,RESPOP_AV,F,Y25-49,TOTAL,ALL,12,ALL,ALL,2021,9761.15019211722,,,,,,,,ALL_N1,,,,,,,
IT1:DF_DCSS_ISTR_LAV_PEN_2_TV_3(1.0),A,082053,RESPOP_AV,F,Y25-49,TOTAL,ALL,12,ALL,ALL,2022,10338.8040038971,,,,,,,,ALL_N1,,,,,,,
IT1:DF_DCSS_ISTR_LAV_PEN_2_TV_3(1.0),A,082053,RESPOP_AV,F,Y25-49,TOTAL,ALL,12,ALL,ALL,2023,8925.557890674674,,,,,,,,ALL_N1,,,,,,,
IT1:DF_DCSS_ISTR_LAV_PEN_2_TV_3(1.0),A,082053,RESPOP_AV,F,Y25-49,TOTAL,ALL,12,ALL,ALL,2024,7768.974808724113,,,,,,,,ALL_N1,,,,,,,
IT1:DF_DCSS_ISTR_LAV_PEN_2_TV_3(1.0),A,082053,RESPOP_AV,F,Y25-49,TOTAL,ALL,22,ALL,ALL,2018,63338,,,,,,,,ALL_N1,,,,,,,
IT1:DF_DCSS_ISTR_LAV_PEN_2_TV_3(1.0),A,082053,RESPOP_AV,F,Y25-49,TOTAL,ALL,22,ALL,ALL,2019,61799,,,,,,,,ALL_N1,,,,,,,
IT1:DF_DCSS_ISTR_LAV_PEN_2_TV_3(1.0),A,082053,RESPOP_AV,F,Y25-49,TOTAL,ALL,22,ALL,ALL,2021,52676.1501921172,,,,,,,,ALL_N1,,,,,,,
IT1:DF_DCSS_ISTR_LAV_PEN_2_TV_3(1.0),A,082053,RESPOP_AV,F,Y25-49,TOTAL,ALL,22,ALL,ALL,2022,53526.8040038971,,,,,,,,ALL_N1,,,,,,,
IT1:DF_DCSS_ISTR_LAV_PEN_2_TV_3(1.0),A,082053,RESPOP_AV,F,Y25-49,TOTAL,ALL,22,ALL,ALL,2023,53482.557890674674,,,,,,,,ALL_N1,,,,,,,
IT1:DF_DCSS_ISTR_LAV_PEN_2_TV_3(1.0),A,082053,RESPOP_AV,F,Y25-49,TOTAL,ALL,22,ALL,ALL,2024,53205.97480872412,,,,,,,,ALL_N1,,,,,,,
IT1:DF_DCSS_ISTR_LAV_PEN_2_TV_3(1.0),A,082053,RESPOP_AV,F,Y25-49,TOTAL,ALL,23,ALL,ALL,2018,44952,,,,,,,,ALL_N1,,,,,,,
IT1:DF_DCSS_ISTR_LAV_PEN_2_TV_3(1.0),A,082053,RESPOP_AV,F,Y25-49,TOTAL,ALL,23,ALL,ALL,2019,43869,,,,,,,,ALL_N1,,,,,,,
IT1:DF_DCSS_ISTR_LAV_PEN_2_TV_3(1.0),A,082053,RESPOP_AV,F,Y25-49,TOTAL,ALL,23,ALL,ALL,2021,47008.8498078828,,,,,,,,ALL_N1,,,,,,,
IT1:DF_DCSS_ISTR_LAV_PEN_2_TV_3(1.0),A,082053,RESPOP_AV,F,Y25-49,TOTAL,ALL,23,ALL,ALL,2022,44381.1959961029,,,,,,,,ALL_N1,,,,,,,
IT1:DF_DCSS_ISTR_LAV_PEN_2_TV_3(1.0),A,082053,RESPOP_AV,F,Y25-49,TOTAL,ALL,23,ALL,ALL,2023,42828.442109325326,,,,,,,,ALL_N1,,,,,,,
IT1:DF_DCSS_ISTR_LAV_PEN_2_TV_3(1.0),A,082053,RESPOP_AV,F,Y25-49,TOTAL,ALL,23,ALL,ALL,2024,41475.02519127588,,,,,,,,ALL_N1,,,,,,,
IT1:DF_DCSS_ISTR_LAV_PEN_2_TV_3(1.0),A,082053,RESPOP_AV,F,Y25-49,TOTAL,ALL,24,ALL,ALL,2018,524,,,,,,,,ALL_N1,,,,,,,
IT1:DF_DCSS_ISTR_LAV_PEN_2_TV_3(1.0),A,082053,RESPOP_AV,F,Y25-49,TOTAL,ALL,24,ALL,ALL,2019,508,,,,,,,,ALL_N1,,,,,,,
IT1:DF_DCSS_ISTR_LAV_PEN_2_TV_3(1.0),A,082053,RESPOP_AV,F,Y25-49,TOTAL,ALL,24,ALL,ALL,2021,409.131236588782,,,,,,,,ALL_N1,,,,,,,
IT1:DF_DCSS_ISTR_LAV_PEN_2_TV_3(1.0),A,082053,RESPOP_AV,F,Y25-49,TOTAL,ALL,24,ALL,ALL,2022,393.803021745062,,,,,,,,ALL_N1,,,,,,,
IT1:DF_DCSS_ISTR_LAV_PEN_2_TV_3(1.0),A,082053,RESPOP_AV,F,Y25-49,TOTAL,ALL,24,ALL,ALL,2023,388.3293580236895,,,,,,,,ALL_N1,,,,,,,
IT1:DF_DCSS_ISTR_LAV_PEN_2_TV_3(1.0),A,082053,RESPOP_AV,F,Y25-49,TOTAL,ALL,24,ALL,ALL,2024,440.9274956109291,,,,,,,,ALL_N1,,,,,,,
IT1:DF_DCSS_ISTR_LAV_PEN_2_TV_3(1.0),A,082053,RESPOP_AV,F,Y25-49,TOTAL,ALL,4,ALL,ALL,2018,35278,,,,,,,,ALL_N1,,,,,,,
IT1:DF_DCSS_ISTR_LAV_PEN_2_TV_3(1.0),A,082053,RESPOP_AV,F,Y25-49,TOTAL,ALL,4,ALL,ALL,2019,34452,,,,,,,,ALL_N1,,,,,,,
IT1:DF_DCSS_ISTR_LAV_PEN_2_TV_3(1.0),A,082053,RESPOP_AV,F,Y25-49,TOTAL,ALL,4,ALL,ALL,2021,36675.0136738805,,,,,,,,ALL_N1,,,,,,,
IT1:DF_DCSS_ISTR_LAV_PEN_2_TV_3(1.0),A,082053,RESPOP_AV,F,Y25-49,TOTAL,ALL,4,ALL,ALL,2022,34006.2800493099,,,,,,,,ALL_N1,,,,,,,
IT1:DF_DCSS_ISTR_LAV_PEN_2_TV_3(1.0),A,082053,RESPOP_AV,F,Y25-49,TOTAL,ALL,4,ALL,ALL,2023,33557.86961016753,,,,,,,,ALL_N1,,,,,,,
IT1:DF_DCSS_ISTR_LAV_PEN_2_TV_3(1.0),A,082053,RESPOP_AV,F,Y25-49,TOTAL,ALL,4,ALL,ALL,2024,31965.471341739034,,,,,,,,ALL_N1,,,,,,,
IT1:DF_DCSS_ISTR_LAV_PEN_2_TV_3(1.0),A,082053,RESPOP_AV,F,Y25-49,TOTAL,ALL,5,ALL,ALL,2018,3900,,,,,,,,ALL_N1,,,,,,,
IT1:DF_DCSS_ISTR_LAV_PEN_2_TV_3(1.0),A,082053,RESPOP_AV,F,Y25-49,TOTAL,ALL,5,ALL,ALL,2019,4057,,,,,,,,ALL_N1,,,,,,,
IT1:DF_DCSS_ISTR_LAV_PEN_2_TV_3(1.0),A,082053,RESPOP_AV,F,Y25-49,TOTAL,ALL,5,ALL,ALL,2021,4414.16732425065,,,,,,,,ALL_N1,,,,,,,
IT1:DF_DCSS_ISTR_LAV_PEN_2_TV_3(1.0),A,082053,RESPOP_AV,F,Y25-49,TOTAL,ALL,5,ALL,ALL,2022,4202.68322088158,,,,,,,,ALL_N1,,,,,,,
IT1:DF_DCSS_ISTR_LAV_PEN_2_TV_3(1.0),A,082053,RESPOP_AV,F,Y25-49,TOTAL,ALL,5,ALL,ALL,2023,3524.6796024897994,,,,,,,,ALL_N1,,,,,,,
IT1:DF_DCSS_ISTR_LAV_PEN_2_TV_3(1.0),A,082053,RESPOP_AV,F,Y25-49,TOTAL,ALL,5,ALL,ALL,2024,3617.839938303301,,,,,,,,ALL_N1,,,,,,,
IT1:DF_DCSS_ISTR_LAV_PEN_2_TV_3(1.0),A,082053,RESPOP_AV,F,Y25-49,TOTAL,ALL,7,ALL,ALL,2018,5250,,,,,,,,ALL_N1,,,,,,,
IT1:DF_DCSS_ISTR_LAV_PEN_2_TV_3(1.0),A,082053,RESPOP_AV,F,Y25-49,TOTAL,ALL,7,ALL,ALL,2019,4852,,,,,,,,ALL_N1,,,,,,,
IT1:DF_DCSS_ISTR_LAV_PEN_2_TV_3(1.0),A,082053,RESPOP_AV,F,Y25-49,TOTAL,ALL,7,ALL,ALL,2021,5510.53757316281,,,,,,,,ALL_N1,,,,,,,
IT1:DF_DCSS_ISTR_LAV_PEN_2_TV_3(1.0),A,082053,RESPOP_AV,F,Y25-49,TOTAL,ALL,7,ALL,ALL,2022,5778.42970416632,,,,,,,,ALL_N1,,,,,,,
IT1:DF_DCSS_ISTR_LAV_PEN_2_TV_3(1.0),A,082053,RESPOP_AV,F,Y25-49,TOTAL,ALL,7,ALL,ALL,2023,5357.563538644306,,,,,,,,ALL_N1,,,,,,,
IT1:DF_DCSS_ISTR_LAV_PEN_2_TV_3(1.0),A,082053,RESPOP_AV,F,Y25-49,TOTAL,ALL,7,ALL,ALL,2024,5450.7864156226215,,,,,,,,ALL_N1,,,,,,,
IT1:DF_DCSS_ISTR_LAV_PEN_2_TV_3(1.0),A,082053,RESPOP_AV,F,Y25-49,TOTAL,ALL,99,ALL,ALL,2018,108290,,,,,,,,ALL_N1,99_N1,,,,,,
IT1:DF_DCSS_ISTR_LAV_PEN_2_TV_3(1.0),A,082053,RESPOP_AV,F,Y25-49,TOTAL,ALL,99,ALL,ALL,2019,105668,,,,,,,,ALL_N1,99_N1,,,,,,
IT1:DF_DCSS_ISTR_LAV_PEN_2_TV_3(1.0),A,082053,RESPOP_AV,F,Y25-49,TOTAL,ALL,99,ALL,ALL,2020,102167,,,,,,,,ALL_N1,99_N1,,,,,,
IT1:DF_DCSS_ISTR_LAV_PEN_2_TV_3(1.0),A,082053,RESPOP_AV,F,Y25-49,TOTAL,ALL,99,ALL,ALL,2021,99685,,,,,,,,ALL_N1,99_N1,,,,,,
IT1:DF_DCSS_ISTR_LAV_PEN_2_TV_3(1.0),A,082053,RESPOP_AV,F,Y25-49,TOTAL,ALL,99,ALL,ALL,2022,97908,,,,,,,,ALL_N1,99_N1,,,,,,
IT1:DF_DCSS_ISTR_LAV_PEN_2_TV_3(1.0),A,082053,RESPOP_AV,F,Y25-49,TOTAL,ALL,99,ALL,ALL,2023,96311,,,,,,,,ALL_N1,99_N1,,,,,,
IT1:DF_DCSS_ISTR_LAV_PEN_2_TV_3(1.0),A,082053,RESPOP_AV,F,Y25-49,TOTAL,ALL,99,ALL,ALL,2024,94681,,,,,,,,ALL_N1,99_N1,,,,,,
IT1:DF_DCSS_ISTR_LAV_PEN_2_TV_3(1.0),A,082053,RESPOP_AV,F,Y50-64,TOTAL,ALL,1,ALL,ALL,2018,27262,,,,,,,,ALL_N1,,,,,,,
IT1:DF_DCSS_ISTR_LAV_PEN_2_TV_3(1.0),A,082053,RESPOP_AV,F,Y50-64,TOTAL,ALL,1,ALL,ALL,2019,27692,,,,,,,,ALL_N1,,,,,,,
IT1:DF_DCSS_ISTR_LAV_PEN_2_TV_3(1.0),A,082053,RESPOP_AV,F,Y50-64,TOTAL,ALL,1,ALL,ALL,2021,30017,,,,,,,,ALL_N1,,,,,,,
IT1:DF_DCSS_ISTR_LAV_PEN_2_TV_3(1.0),A,082053,RESPOP_AV,F,Y50-64,TOTAL,ALL,1,ALL,ALL,2022,30335,,,,,,,,ALL_N1,,,,,,,
IT1:DF_DCSS_ISTR_LAV_PEN_2_TV_3(1.0),A,082053,RESPOP_AV,F,Y50-64,TOTAL,ALL,1,ALL,ALL,2023,31507,,,,,,,,ALL_N1,,,,,,,
IT1:DF_DCSS_ISTR_LAV_PEN_2_TV_3(1.0),A,082053,RESPOP_AV,F,Y50-64,TOTAL,ALL,1,ALL,ALL,2024,32883,,,,,,,,ALL_N1,,,,,,,
IT1:DF_DCSS_ISTR_LAV_PEN_2_TV_3(1.0),A,082053,RESPOP_AV,F,Y50-64,TOTAL,ALL,12,ALL,ALL,2018,7433,,,,,,,,ALL_N1,,,,,,,
IT1:DF_DCSS_ISTR_LAV_PEN_2_TV_3(1.0),A,082053,RESPOP_AV,F,Y50-64,TOTAL,ALL,12,ALL,ALL,2019,7266,,,,,,,,ALL_N1,,,,,,,
IT1:DF_DCSS_ISTR_LAV_PEN_2_TV_3(1.0),A,082053,RESPOP_AV,F,Y50-64,TOTAL,ALL,12,ALL,ALL,2021,3590.42845043229,,,,,,,,ALL_N1,,,,,,,
IT1:DF_DCSS_ISTR_LAV_PEN_2_TV_3(1.0),A,082053,RESPOP_AV,F,Y50-64,TOTAL,ALL,12,ALL,ALL,2022,3876.18325962804,,,,,,,,ALL_N1,,,,,,,
IT1:DF_DCSS_ISTR_LAV_PEN_2_TV_3(1.0),A,082053,RESPOP_AV,F,Y50-64,TOTAL,ALL,12,ALL,ALL,2023,3705.364933517142,,,,,,,,ALL_N1,,,,,,,
IT1:DF_DCSS_ISTR_LAV_PEN_2_TV_3(1.0),A,082053,RESPOP_AV,F,Y50-64,TOTAL,ALL,12,ALL,ALL,2024,3234.1944296041715,,,,,,,,ALL_N1,,,,,,,
IT1:DF_DCSS_ISTR_LAV_PEN_2_TV_3(1.0),A,082053,RESPOP_AV,F,Y50-64,TOTAL,ALL,22,ALL,ALL,2018,34695,,,,,,,,ALL_N1,,,,,,,
IT1:DF_DCSS_ISTR_LAV_PEN_2_TV_3(1.0),A,082053,RESPOP_AV,F,Y50-64,TOTAL,ALL,22,ALL,ALL,2019,34958,,,,,,,,ALL_N1,,,,,,,
IT1:DF_DCSS_ISTR_LAV_PEN_2_TV_3(1.0),A,082053,RESPOP_AV,F,Y50-64,TOTAL,ALL,22,ALL,ALL,2021,33607.4284504323,,,,,,,,ALL_N1,,,,,,,
IT1:DF_DCSS_ISTR_LAV_PEN_2_TV_3(1.0),A,082053,RESPOP_AV,F,Y50-64,TOTAL,ALL,22,ALL,ALL,2022,34211.183259628,,,,,,,,ALL_N1,,,,,,,
IT1:DF_DCSS_ISTR_LAV_PEN_2_TV_3(1.0),A,082053,RESPOP_AV,F,Y50-64,TOTAL,ALL,22,ALL,ALL,2023,35212.36493351714,,,,,,,,ALL_N1,,,,,,,
IT1:DF_DCSS_ISTR_LAV_PEN_2_TV_3(1.0),A,082053,RESPOP_AV,F,Y50-64,TOTAL,ALL,22,ALL,ALL,2024,36117.19442960417,,,,,,,,ALL_N1,,,,,,,
IT1:DF_DCSS_ISTR_LAV_PEN_2_TV_3(1.0),A,082053,RESPOP_AV,F,Y50-64,TOTAL,ALL,23,ALL,ALL,2018,39665,,,,,,,,ALL_N1,,,,,,,
IT1:DF_DCSS_ISTR_LAV_PEN_2_TV_3(1.0),A,082053,RESPOP_AV,F,Y50-64,TOTAL,ALL,23,ALL,ALL,2019,39656,,,,,,,,ALL_N1,,,,,,,
IT1:DF_DCSS_ISTR_LAV_PEN_2_TV_3(1.0),A,082053,RESPOP_AV,F,Y50-64,TOTAL,ALL,23,ALL,ALL,2021,40794.5715495677,,,,,,,,ALL_N1,,,,,,,
IT1:DF_DCSS_ISTR_LAV_PEN_2_TV_3(1.0),A,082053,RESPOP_AV,F,Y50-64,TOTAL,ALL,23,ALL,ALL,2022,40424.816740372,,,,,,,,ALL_N1,,,,,,,
IT1:DF_DCSS_ISTR_LAV_PEN_2_TV_3(1.0),A,082053,RESPOP_AV,F,Y50-64,TOTAL,ALL,23,ALL,ALL,2023,39671.635066482864,,,,,,,,ALL_N1,,,,,,,
IT1:DF_DCSS_ISTR_LAV_PEN_2_TV_3(1.0),A,082053,RESPOP_AV,F,Y50-64,TOTAL,ALL,23,ALL,ALL,2024,39134.80557039582,,,,,,,,ALL_N1,,,,,,,
IT1:DF_DCSS_ISTR_LAV_PEN_2_TV_3(1.0),A,082053,RESPOP_AV,F,Y50-64,TOTAL,ALL,24,ALL,ALL,2018,2873,,,,,,,,ALL_N1,,,,,,,
IT1:DF_DCSS_ISTR_LAV_PEN_2_TV_3(1.0),A,082053,RESPOP_AV,F,Y50-64,TOTAL,ALL,24,ALL,ALL,2019,2774,,,,,,,,ALL_N1,,,,,,,
IT1:DF_DCSS_ISTR_LAV_PEN_2_TV_3(1.0),A,082053,RESPOP_AV,F,Y50-64,TOTAL,ALL,24,ALL,ALL,2021,2590.43916016721,,,,,,,,ALL_N1,,,,,,,
IT1:DF_DCSS_ISTR_LAV_PEN_2_TV_3(1.0),A,082053,RESPOP_AV,F,Y50-64,TOTAL,ALL,24,ALL,ALL,2022,2043.25163507806,,,,,,,,ALL_N1,,,,,,,
IT1:DF_DCSS_ISTR_LAV_PEN_2_TV_3(1.0),A,082053,RESPOP_AV,F,Y50-64,TOTAL,ALL,24,ALL,ALL,2023,1825.1847667432353,,,,,,,,ALL_N1,,,,,,,
IT1:DF_DCSS_ISTR_LAV_PEN_2_TV_3(1.0),A,082053,RESPOP_AV,F,Y50-64,TOTAL,ALL,24,ALL,ALL,2024,1677.5168966406484,,,,,,,,ALL_N1,,,,,,,
IT1:DF_DCSS_ISTR_LAV_PEN_2_TV_3(1.0),A,082053,RESPOP_AV,F,Y50-64,TOTAL,ALL,4,ALL,ALL,2018,32636,,,,,,,,ALL_N1,,,,,,,
IT1:DF_DCSS_ISTR_LAV_PEN_2_TV_3(1.0),A,082053,RESPOP_AV,F,Y50-64,TOTAL,ALL,4,ALL,ALL,2019,32788,,,,,,,,ALL_N1,,,,,,,
IT1:DF_DCSS_ISTR_LAV_PEN_2_TV_3(1.0),A,082053,RESPOP_AV,F,Y50-64,TOTAL,ALL,4,ALL,ALL,2021,33512.2588868307,,,,,,,,ALL_N1,,,,,,,
IT1:DF_DCSS_ISTR_LAV_PEN_2_TV_3(1.0),A,082053,RESPOP_AV,F,Y50-64,TOTAL,ALL,4,ALL,ALL,2022,32929.8449446191,,,,,,,,ALL_N1,,,,,,,
IT1:DF_DCSS_ISTR_LAV_PEN_2_TV_3(1.0),A,082053,RESPOP_AV,F,Y50-64,TOTAL,ALL,4,ALL,ALL,2023,32825.44672029604,,,,,,,,ALL_N1,,,,,,,
IT1:DF_DCSS_ISTR_LAV_PEN_2_TV_3(1.0),A,082053,RESPOP_AV,F,Y50-64,TOTAL,ALL,4,ALL,ALL,2024,32525.12939159467,,,,,,,,ALL_N1,,,,,,,
IT1:DF_DCSS_ISTR_LAV_PEN_2_TV_3(1.0),A,082053,RESPOP_AV,F,Y50-64,TOTAL,ALL,5,ALL,ALL,2018,51,,,,,,,,ALL_N1,,,,,,,
IT1:DF_DCSS_ISTR_LAV_PEN_2_TV_3(1.0),A,082053,RESPOP_AV,F,Y50-64,TOTAL,ALL,5,ALL,ALL,2019,51,,,,,,,,ALL_N1,,,,,,,
IT1:DF_DCSS_ISTR_LAV_PEN_2_TV_3(1.0),A,082053,RESPOP_AV,F,Y50-64,TOTAL,ALL,5,ALL,ALL,2021,115.836503634635,,,,,,,,ALL_N1,,,,,,,
IT1:DF_DCSS_ISTR_LAV_PEN_2_TV_3(1.0),A,082053,RESPOP_AV,F,Y50-64,TOTAL,ALL,5,ALL,ALL,2022,140.496544040826,,,,,,,,ALL_N1,,,,,,,
IT1:DF_DCSS_ISTR_LAV_PEN_2_TV_3(1.0),A,082053,RESPOP_AV,F,Y50-64,TOTAL,ALL,5,ALL,ALL,2023,114.9301261084029,,,,,,,,ALL_N1,,,,,,,
IT1:DF_DCSS_ISTR_LAV_PEN_2_TV_3(1.0),A,082053,RESPOP_AV,F,Y50-64,TOTAL,ALL,5,ALL,ALL,2024,154.82451356265295,,,,,,,,ALL_N1,,,,,,,
IT1:DF_DCSS_ISTR_LAV_PEN_2_TV_3(1.0),A,082053,RESPOP_AV,F,Y50-64,TOTAL,ALL,7,ALL,ALL,2018,4105,,,,,,,,ALL_N1,,,,,,,
IT1:DF_DCSS_ISTR_LAV_PEN_2_TV_3(1.0),A,082053,RESPOP_AV,F,Y50-64,TOTAL,ALL,7,ALL,ALL,2019,4043,,,,,,,,ALL_N1,,,,,,,
IT1:DF_DCSS_ISTR_LAV_PEN_2_TV_3(1.0),A,082053,RESPOP_AV,F,Y50-64,TOTAL,ALL,7,ALL,ALL,2021,4576.03699893518,,,,,,,,ALL_N1,,,,,,,
IT1:DF_DCSS_ISTR_LAV_PEN_2_TV_3(1.0),A,082053,RESPOP_AV,F,Y50-64,TOTAL,ALL,7,ALL,ALL,2022,5311.22361663401,,,,,,,,ALL_N1,,,,,,,
IT1:DF_DCSS_ISTR_LAV_PEN_2_TV_3(1.0),A,082053,RESPOP_AV,F,Y50-64,TOTAL,ALL,7,ALL,ALL,2023,4906.0734533351915,,,,,,,,ALL_N1,,,,,,,
IT1:DF_DCSS_ISTR_LAV_PEN_2_TV_3(1.0),A,082053,RESPOP_AV,F,Y50-64,TOTAL,ALL,7,ALL,ALL,2024,4777.334768597855,,,,,,,,ALL_N1,,,,,,,
IT1:DF_DCSS_ISTR_LAV_PEN_2_TV_3(1.0),A,082053,RESPOP_AV,F,Y50-64,TOTAL,ALL,99,ALL,ALL,2018,74360,,,,,,,,ALL_N1,99_N1,,,,,,
IT1:DF_DCSS_ISTR_LAV_PEN_2_TV_3(1.0),A,082053,RESPOP_AV,F,Y50-64,TOTAL,ALL,99,ALL,ALL,2019,74614,,,,,,,,ALL_N1,99_N1,,,,,,
IT1:DF_DCSS_ISTR_LAV_PEN_2_TV_3(1.0),A,082053,RESPOP_AV,F,Y50-64,TOTAL,ALL,99,ALL,ALL,2020,73635,,,,,,,,ALL_N1,99_N1,,,,,,
IT1:DF_DCSS_ISTR_LAV_PEN_2_TV_3(1.0),A,082053,RESPOP_AV,F,Y50-64,TOTAL,ALL,99,ALL,ALL,2021,74402,,,,,,,,ALL_N1,99_N1,,,,,,
IT1:DF_DCSS_ISTR_LAV_PEN_2_TV_3(1.0),A,082053,RESPOP_AV,F,Y50-64,TOTAL,ALL,99,ALL,ALL,2022,74636,,,,,,,,ALL_N1,99_N1,,,,,,
IT1:DF_DCSS_ISTR_LAV_PEN_2_TV_3(1.0),A,082053,RESPOP_AV,F,Y50-64,TOTAL,ALL,99,ALL,ALL,2023,74884,,,,,,,,ALL_N1,99_N1,,,,,,
IT1:DF_DCSS_ISTR_LAV_PEN_2_TV_3(1.0),A,082053,RESPOP_AV,F,Y50-64,TOTAL,ALL,99,ALL,ALL,2024,75252,,,,,,,,ALL_N1,99_N1,,,,,,
IT1:DF_DCSS_ISTR_LAV_PEN_2_TV_3(1.0),A,082053,RESPOP_AV,M,Y_GE15,TOTAL,ALL,1,ALL,ALL,2018,114890,,,,,,,,ALL_N1,,,,,,,
IT1:DF_DCSS_ISTR_LAV_PEN_2_TV_3(1.0),A,082053,RESPOP_AV,M,Y_GE15,TOTAL,ALL,1,ALL,ALL,2019,115437,,,,,,,,ALL_N1,,,,,,,
IT1:DF_DCSS_ISTR_LAV_PEN_2_TV_3(1.0),A,082053,RESPOP_AV,M,Y_GE15,TOTAL,ALL,1,ALL,ALL,2021,117685,,,,,,,,ALL_N1,,,,,,,
IT1:DF_DCSS_ISTR_LAV_PEN_2_TV_3(1.0),A,082053,RESPOP_AV,M,Y_GE15,TOTAL,ALL,1,ALL,ALL,2022,118787,,,,,,,,ALL_N1,,,,,,,
IT1:DF_DCSS_ISTR_LAV_PEN_2_TV_3(1.0),A,082053,RESPOP_AV,M,Y_GE15,TOTAL,ALL,1,ALL,ALL,2023,120099,,,,,,,,ALL_N1,,,,,,,
IT1:DF_DCSS_ISTR_LAV_PEN_2_TV_3(1.0),A,082053,RESPOP_AV,M,Y_GE15,TOTAL,ALL,1,ALL,ALL,2024,123110,,,,,,,,ALL_N1,,,,,,,
IT1:DF_DCSS_ISTR_LAV_PEN_2_TV_3(1.0),A,082053,RESPOP_AV,M,Y_GE15,TOTAL,ALL,12,ALL,ALL,2018,43892,,,,,,,,ALL_N1,,,,,,,
IT1:DF_DCSS_ISTR_LAV_PEN_2_TV_3(1.0),A,082053,RESPOP_AV,M,Y_GE15,TOTAL,ALL,12,ALL,ALL,2019,40910,,,,,,,,ALL_N1,,,,,,,
IT1:DF_DCSS_ISTR_LAV_PEN_2_TV_3(1.0),A,082053,RESPOP_AV,M,Y_GE15,TOTAL,ALL,12,ALL,ALL,2021,23324.1368393363,,,,,,,,ALL_N1,,,,,,,
IT1:DF_DCSS_ISTR_LAV_PEN_2_TV_3(1.0),A,082053,RESPOP_AV,M,Y_GE15,TOTAL,ALL,12,ALL,ALL,2022,22375.048739786,,,,,,,,ALL_N1,,,,,,,
IT1:DF_DCSS_ISTR_LAV_PEN_2_TV_3(1.0),A,082053,RESPOP_AV,M,Y_GE15,TOTAL,ALL,12,ALL,ALL,2023,19944.40659174755,,,,,,,,ALL_N1,,,,,,,
IT1:DF_DCSS_ISTR_LAV_PEN_2_TV_3(1.0),A,082053,RESPOP_AV,M,Y_GE15,TOTAL,ALL,12,ALL,ALL,2024,17479.38650112133,,,,,,,,ALL_N1,,,,,,,
IT1:DF_DCSS_ISTR_LAV_PEN_2_TV_3(1.0),A,082053,RESPOP_AV,M,Y_GE15,TOTAL,ALL,22,ALL,ALL,2018,158782,,,,,,,,ALL_N1,,,,,,,
IT1:DF_DCSS_ISTR_LAV_PEN_2_TV_3(1.0),A,082053,RESPOP_AV,M,Y_GE15,TOTAL,ALL,22,ALL,ALL,2019,156347,,,,,,,,ALL_N1,,,,,,,
IT1:DF_DCSS_ISTR_LAV_PEN_2_TV_3(1.0),A,082053,RESPOP_AV,M,Y_GE15,TOTAL,ALL,22,ALL,ALL,2021,141009.136839336,,,,,,,,ALL_N1,,,,,,,
IT1:DF_DCSS_ISTR_LAV_PEN_2_TV_3(1.0),A,082053,RESPOP_AV,M,Y_GE15,TOTAL,ALL,22,ALL,ALL,2022,141162.048739786,,,,,,,,ALL_N1,,,,,,,
IT1:DF_DCSS_ISTR_LAV_PEN_2_TV_3(1.0),A,082053,RESPOP_AV,M,Y_GE15,TOTAL,ALL,22,ALL,ALL,2023,140043.40659174754,,,,,,,,ALL_N1,,,,,,,
IT1:DF_DCSS_ISTR_LAV_PEN_2_TV_3(1.0),A,082053,RESPOP_AV,M,Y_GE15,TOTAL,ALL,22,ALL,ALL,2024,140589.38650112133,,,,,,,,ALL_N1,,,,,,,
IT1:DF_DCSS_ISTR_LAV_PEN_2_TV_3(1.0),A,082053,RESPOP_AV,M,Y_GE15,TOTAL,ALL,23,ALL,ALL,2018,105264,,,,,,,,ALL_N1,,,,,,,
IT1:DF_DCSS_ISTR_LAV_PEN_2_TV_3(1.0),A,082053,RESPOP_AV,M,Y_GE15,TOTAL,ALL,23,ALL,ALL,2019,105863,,,,,,,,ALL_N1,,,,,,,
IT1:DF_DCSS_ISTR_LAV_PEN_2_TV_3(1.0),A,082053,RESPOP_AV,M,Y_GE15,TOTAL,ALL,23,ALL,ALL,2021,117248.863160664,,,,,,,,ALL_N1,,,,,,,
IT1:DF_DCSS_ISTR_LAV_PEN_2_TV_3(1.0),A,082053,RESPOP_AV,M,Y_GE15,TOTAL,ALL,23,ALL,ALL,2022,116189.951260214,,,,,,,,ALL_N1,,,,,,,
IT1:DF_DCSS_ISTR_LAV_PEN_2_TV_3(1.0),A,082053,RESPOP_AV,M,Y_GE15,TOTAL,ALL,23,ALL,ALL,2023,117317.59340825245,,,,,,,,ALL_N1,,,,,,,
IT1:DF_DCSS_ISTR_LAV_PEN_2_TV_3(1.0),A,082053,RESPOP_AV,M,Y_GE15,TOTAL,ALL,23,ALL,ALL,2024,116919.61349887867,,,,,,,,ALL_N1,,,,,,,
IT1:DF_DCSS_ISTR_LAV_PEN_2_TV_3(1.0),A,082053,RESPOP_AV,M,Y_GE15,TOTAL,ALL,24,ALL,ALL,2018,50016,,,,,,,,ALL_N1,,,,,,,
IT1:DF_DCSS_ISTR_LAV_PEN_2_TV_3(1.0),A,082053,RESPOP_AV,M,Y_GE15,TOTAL,ALL,24,ALL,ALL,2019,50815,,,,,,,,ALL_N1,,,,,,,
IT1:DF_DCSS_ISTR_LAV_PEN_2_TV_3(1.0),A,082053,RESPOP_AV,M,Y_GE15,TOTAL,ALL,24,ALL,ALL,2021,52380.158848197,,,,,,,,ALL_N1,,,,,,,
IT1:DF_DCSS_ISTR_LAV_PEN_2_TV_3(1.0),A,082053,RESPOP_AV,M,Y_GE15,TOTAL,ALL,24,ALL,ALL,2022,52221.5322976908,,,,,,,,ALL_N1,,,,,,,
IT1:DF_DCSS_ISTR_LAV_PEN_2_TV_3(1.0),A,082053,RESPOP_AV,M,Y_GE15,TOTAL,ALL,24,ALL,ALL,2023,52648.125219200236,,,,,,,,ALL_N1,,,,,,,
IT1:DF_DCSS_ISTR_LAV_PEN_2_TV_3(1.0),A,082053,RESPOP_AV,M,Y_GE15,TOTAL,ALL,24,ALL,ALL,2024,54216.836746186375,,,,,,,,ALL_N1,,,,,,,
IT1:DF_DCSS_ISTR_LAV_PEN_2_TV_3(1.0),A,082053,RESPOP_AV,M,Y_GE15,TOTAL,ALL,4,ALL,ALL,2018,4243,,,,,,,,ALL_N1,,,,,,,
IT1:DF_DCSS_ISTR_LAV_PEN_2_TV_3(1.0),A,082053,RESPOP_AV,M,Y_GE15,TOTAL,ALL,4,ALL,ALL,2019,4687,,,,,,,,ALL_N1,,,,,,,
IT1:DF_DCSS_ISTR_LAV_PEN_2_TV_3(1.0),A,082053,RESPOP_AV,M,Y_GE15,TOTAL,ALL,4,ALL,ALL,2021,8115.70913773972,,,,,,,,ALL_N1,,,,,,,
IT1:DF_DCSS_ISTR_LAV_PEN_2_TV_3(1.0),A,082053,RESPOP_AV,M,Y_GE15,TOTAL,ALL,4,ALL,ALL,2022,7579.23787265706,,,,,,,,ALL_N1,,,,,,,
IT1:DF_DCSS_ISTR_LAV_PEN_2_TV_3(1.0),A,082053,RESPOP_AV,M,Y_GE15,TOTAL,ALL,4,ALL,ALL,2023,8938.156768927342,,,,,,,,ALL_N1,,,,,,,
IT1:DF_DCSS_ISTR_LAV_PEN_2_TV_3(1.0),A,082053,RESPOP_AV,M,Y_GE15,TOTAL,ALL,4,ALL,ALL,2024,7799.811670740307,,,,,,,,ALL_N1,,,,,,,
IT1:DF_DCSS_ISTR_LAV_PEN_2_TV_3(1.0),A,082053,RESPOP_AV,M,Y_GE15,TOTAL,ALL,5,ALL,ALL,2018,22863,,,,,,,,ALL_N1,,,,,,,
IT1:DF_DCSS_ISTR_LAV_PEN_2_TV_3(1.0),A,082053,RESPOP_AV,M,Y_GE15,TOTAL,ALL,5,ALL,ALL,2019,23109,,,,,,,,ALL_N1,,,,,,,
IT1:DF_DCSS_ISTR_LAV_PEN_2_TV_3(1.0),A,082053,RESPOP_AV,M,Y_GE15,TOTAL,ALL,5,ALL,ALL,2021,24018.2369263758,,,,,,,,ALL_N1,,,,,,,
IT1:DF_DCSS_ISTR_LAV_PEN_2_TV_3(1.0),A,082053,RESPOP_AV,M,Y_GE15,TOTAL,ALL,5,ALL,ALL,2022,24176.437515255,,,,,,,,ALL_N1,,,,,,,
IT1:DF_DCSS_ISTR_LAV_PEN_2_TV_3(1.0),A,082053,RESPOP_AV,M,Y_GE15,TOTAL,ALL,5,ALL,ALL,2023,23659.132646966547,,,,,,,,ALL_N1,,,,,,,
IT1:DF_DCSS_ISTR_LAV_PEN_2_TV_3(1.0),A,082053,RESPOP_AV,M,Y_GE15,TOTAL,ALL,5,ALL,ALL,2024,23216.199706019608,,,,,,,,ALL_N1,,,,,,,
IT1:DF_DCSS_ISTR_LAV_PEN_2_TV_3(1.0),A,082053,RESPOP_AV,M,Y_GE15,TOTAL,ALL,7,ALL,ALL,2018,28142,,,,,,,,ALL_N1,,,,,,,
IT1:DF_DCSS_ISTR_LAV_PEN_2_TV_3(1.0),A,082053,RESPOP_AV,M,Y_GE15,TOTAL,ALL,7,ALL,ALL,2019,27252,,,,,,,,ALL_N1,,,,,,,
IT1:DF_DCSS_ISTR_LAV_PEN_2_TV_3(1.0),A,082053,RESPOP_AV,M,Y_GE15,TOTAL,ALL,7,ALL,ALL,2021,32734.7582483512,,,,,,,,ALL_N1,,,,,,,
IT1:DF_DCSS_ISTR_LAV_PEN_2_TV_3(1.0),A,082053,RESPOP_AV,M,Y_GE15,TOTAL,ALL,7,ALL,ALL,2022,32212.7435746111,,,,,,,,ALL_N1,,,,,,,
IT1:DF_DCSS_ISTR_LAV_PEN_2_TV_3(1.0),A,082053,RESPOP_AV,M,Y_GE15,TOTAL,ALL,7,ALL,ALL,2023,32072.178773158324,,,,,,,,ALL_N1,,,,,,,
IT1:DF_DCSS_ISTR_LAV_PEN_2_TV_3(1.0),A,082053,RESPOP_AV,M,Y_GE15,TOTAL,ALL,7,ALL,ALL,2024,31686.765375932384,,,,,,,,ALL_N1,,,,,,,
IT1:DF_DCSS_ISTR_LAV_PEN_2_TV_3(1.0),A,082053,RESPOP_AV,M,Y_GE15,TOTAL,ALL,99,ALL,ALL,2018,264046,,,,,,,,ALL_N1,99_N1,,,,,,
IT1:DF_DCSS_ISTR_LAV_PEN_2_TV_3(1.0),A,082053,RESPOP_AV,M,Y_GE15,TOTAL,ALL,99,ALL,ALL,2019,262210,,,,,,,,ALL_N1,99_N1,,,,,,
IT1:DF_DCSS_ISTR_LAV_PEN_2_TV_3(1.0),A,082053,RESPOP_AV,M,Y_GE15,TOTAL,ALL,99,ALL,ALL,2021,258258,,,,,,,,ALL_N1,99_N1,,,,,,
IT1:DF_DCSS_ISTR_LAV_PEN_2_TV_3(1.0),A,082053,RESPOP_AV,M,Y_GE15,TOTAL,ALL,99,ALL,ALL,2022,257352,,,,,,,,ALL_N1,99_N1,,,,,,
IT1:DF_DCSS_ISTR_LAV_PEN_2_TV_3(1.0),A,082053,RESPOP_AV,M,Y_GE15,TOTAL,ALL,99,ALL,ALL,2023,257361,,,,,,,,ALL_N1,99_N1,,,,,,
IT1:DF_DCSS_ISTR_LAV_PEN_2_TV_3(1.0),A,082053,RESPOP_AV,M,Y_GE15,TOTAL,ALL,99,ALL,ALL,2024,257509,,,,,,,,ALL_N1,99_N1,,,,,,
IT1:DF_DCSS_ISTR_LAV_PEN_2_TV_3(1.0),A,082053,RESPOP_AV,M,Y_GE65,TOTAL,ALL,1,ALL,ALL,2018,5554,,,,,,,,ALL_N1,,,,,,,
IT1:DF_DCSS_ISTR_LAV_PEN_2_TV_3(1.0),A,082053,RESPOP_AV,M,Y_GE65,TOTAL,ALL,1,ALL,ALL,2019,6207,,,,,,,,ALL_N1,,,,,,,
IT1:DF_DCSS_ISTR_LAV_PEN_2_TV_3(1.0),A,082053,RESPOP_AV,M,Y_GE65,TOTAL,ALL,1,ALL,ALL,2021,5702,,,,,,,,ALL_N1,,,,,,,
IT1:DF_DCSS_ISTR_LAV_PEN_2_TV_3(1.0),A,082053,RESPOP_AV,M,Y_GE65,TOTAL,ALL,1,ALL,ALL,2022,6286,,,,,,,,ALL_N1,,,,,,,
IT1:DF_DCSS_ISTR_LAV_PEN_2_TV_3(1.0),A,082053,RESPOP_AV,M,Y_GE65,TOTAL,ALL,1,ALL,ALL,2023,6232,,,,,,,,ALL_N1,,,,,,,
IT1:DF_DCSS_ISTR_LAV_PEN_2_TV_3(1.0),A,082053,RESPOP_AV,M,Y_GE65,TOTAL,ALL,1,ALL,ALL,2024,6770,,,,,,,,ALL_N1,,,,,,,
IT1:DF_DCSS_ISTR_LAV_PEN_2_TV_3(1.0),A,082053,RESPOP_AV,M,Y_GE65,TOTAL,ALL,12,ALL,ALL,2018,306,,,,,,,,ALL_N1,,,,,,,
IT1:DF_DCSS_ISTR_LAV_PEN_2_TV_3(1.0),A,082053,RESPOP_AV,M,Y_GE65,TOTAL,ALL,12,ALL,ALL,2019,364,,,,,,,,ALL_N1,,,,,,,
IT1:DF_DCSS_ISTR_LAV_PEN_2_TV_3(1.0),A,082053,RESPOP_AV,M,Y_GE65,TOTAL,ALL,12,ALL,ALL,2021,211.991144179219,,,,,,,,ALL_N1,,,,,,,
IT1:DF_DCSS_ISTR_LAV_PEN_2_TV_3(1.0),A,082053,RESPOP_AV,M,Y_GE65,TOTAL,ALL,12,ALL,ALL,2022,123.66704618981,,,,,,,,ALL_N1,,,,,,,
IT1:DF_DCSS_ISTR_LAV_PEN_2_TV_3(1.0),A,082053,RESPOP_AV,M,Y_GE65,TOTAL,ALL,12,ALL,ALL,2023,95.97569943951076,,,,,,,,ALL_N1,,,,,,,
IT1:DF_DCSS_ISTR_LAV_PEN_2_TV_3(1.0),A,082053,RESPOP_AV,M,Y_GE65,TOTAL,ALL,12,ALL,ALL,2024,96.585580043271,,,,,,,,ALL_N1,,,,,,,
IT1:DF_DCSS_ISTR_LAV_PEN_2_TV_3(1.0),A,082053,RESPOP_AV,M,Y_GE65,TOTAL,ALL,22,ALL,ALL,2018,5860,,,,,,,,ALL_N1,,,,,,,
IT1:DF_DCSS_ISTR_LAV_PEN_2_TV_3(1.0),A,082053,RESPOP_AV,M,Y_GE65,TOTAL,ALL,22,ALL,ALL,2019,6571,,,,,,,,ALL_N1,,,,,,,
IT1:DF_DCSS_ISTR_LAV_PEN_2_TV_3(1.0),A,082053,RESPOP_AV,M,Y_GE65,TOTAL,ALL,22,ALL,ALL,2021,5913.99114417922,,,,,,,,ALL_N1,,,,,,,
IT1:DF_DCSS_ISTR_LAV_PEN_2_TV_3(1.0),A,082053,RESPOP_AV,M,Y_GE65,TOTAL,ALL,22,ALL,ALL,2022,6409.66704618981,,,,,,,,ALL_N1,,,,,,,
IT1:DF_DCSS_ISTR_LAV_PEN_2_TV_3(1.0),A,082053,RESPOP_AV,M,Y_GE65,TOTAL,ALL,22,ALL,ALL,2023,6327.975699439511,,,,,,,,ALL_N1,,,,,,,
IT1:DF_DCSS_ISTR_LAV_PEN_2_TV_3(1.0),A,082053,RESPOP_AV,M,Y_GE65,TOTAL,ALL,22,ALL,ALL,2024,6866.585580043271,,,,,,,,ALL_N1,,,,,,,
IT1:DF_DCSS_ISTR_LAV_PEN_2_TV_3(1.0),A,082053,RESPOP_AV,M,Y_GE65,TOTAL,ALL,23,ALL,ALL,2018,50739,,,,,,,,ALL_N1,,,,,,,
IT1:DF_DCSS_ISTR_LAV_PEN_2_TV_3(1.0),A,082053,RESPOP_AV,M,Y_GE65,TOTAL,ALL,23,ALL,ALL,2019,51341,,,,,,,,ALL_N1,,,,,,,
IT1:DF_DCSS_ISTR_LAV_PEN_2_TV_3(1.0),A,082053,RESPOP_AV,M,Y_GE65,TOTAL,ALL,23,ALL,ALL,2021,54122.0088558208,,,,,,,,ALL_N1,,,,,,,
IT1:DF_DCSS_ISTR_LAV_PEN_2_TV_3(1.0),A,082053,RESPOP_AV,M,Y_GE65,TOTAL,ALL,23,ALL,ALL,2022,54476.3329538102,,,,,,,,ALL_N1,,,,,,,
IT1:DF_DCSS_ISTR_LAV_PEN_2_TV_3(1.0),A,082053,RESPOP_AV,M,Y_GE65,TOTAL,ALL,23,ALL,ALL,2023,55637.024300560486,,,,,,,,ALL_N1,,,,,,,
IT1:DF_DCSS_ISTR_LAV_PEN_2_TV_3(1.0),A,082053,RESPOP_AV,M,Y_GE65,TOTAL,ALL,23,ALL,ALL,2024,56250.41441995673,,,,,,,,ALL_N1,,,,,,,
IT1:DF_DCSS_ISTR_LAV_PEN_2_TV_3(1.0),A,082053,RESPOP_AV,M,Y_GE65,TOTAL,ALL,24,ALL,ALL,2018,43708,,,,,,,,ALL_N1,,,,,,,
IT1:DF_DCSS_ISTR_LAV_PEN_2_TV_3(1.0),A,082053,RESPOP_AV,M,Y_GE65,TOTAL,ALL,24,ALL,ALL,2019,44155,,,,,,,,ALL_N1,,,,,,,
IT1:DF_DCSS_ISTR_LAV_PEN_2_TV_3(1.0),A,082053,RESPOP_AV,M,Y_GE65,TOTAL,ALL,24,ALL,ALL,2021,46209.3634146674,,,,,,,,ALL_N1,,,,,,,
IT1:DF_DCSS_ISTR_LAV_PEN_2_TV_3(1.0),A,082053,RESPOP_AV,M,Y_GE65,TOTAL,ALL,24,ALL,ALL,2022,46545.5062550827,,,,,,,,ALL_N1,,,,,,,
IT1:DF_DCSS_ISTR_LAV_PEN_2_TV_3(1.0),A,082053,RESPOP_AV,M,Y_GE65,TOTAL,ALL,24,ALL,ALL,2023,47056.27865714407,,,,,,,,ALL_N1,,,,,,,
IT1:DF_DCSS_ISTR_LAV_PEN_2_TV_3(1.0),A,082053,RESPOP_AV,M,Y_GE65,TOTAL,ALL,24,ALL,ALL,2024,48362.74903148232,,,,,,,,ALL_N1,,,,,,,
IT1:DF_DCSS_ISTR_LAV_PEN_2_TV_3(1.0),A,082053,RESPOP_AV,M,Y_GE65,TOTAL,ALL,4,ALL,ALL,2018,408,,,,,,,,ALL_N1,,,,,,,
IT1:DF_DCSS_ISTR_LAV_PEN_2_TV_3(1.0),A,082053,RESPOP_AV,M,Y_GE65,TOTAL,ALL,4,ALL,ALL,2019,525,,,,,,,,ALL_N1,,,,,,,
IT1:DF_DCSS_ISTR_LAV_PEN_2_TV_3(1.0),A,082053,RESPOP_AV,M,Y_GE65,TOTAL,ALL,4,ALL,ALL,2021,777.840682071055,,,,,,,,ALL_N1,,,,,,,
IT1:DF_DCSS_ISTR_LAV_PEN_2_TV_3(1.0),A,082053,RESPOP_AV,M,Y_GE65,TOTAL,ALL,4,ALL,ALL,2022,805.95403985936,,,,,,,,ALL_N1,,,,,,,
IT1:DF_DCSS_ISTR_LAV_PEN_2_TV_3(1.0),A,082053,RESPOP_AV,M,Y_GE65,TOTAL,ALL,4,ALL,ALL,2023,977.0363689138378,,,,,,,,ALL_N1,,,,,,,
IT1:DF_DCSS_ISTR_LAV_PEN_2_TV_3(1.0),A,082053,RESPOP_AV,M,Y_GE65,TOTAL,ALL,4,ALL,ALL,2024,888.9911016730161,,,,,,,,ALL_N1,,,,,,,
IT1:DF_DCSS_ISTR_LAV_PEN_2_TV_3(1.0),A,082053,RESPOP_AV,M,Y_GE65,TOTAL,ALL,5,ALL,ALL,2018,1,,,,,,,,ALL_N1,,,,,,,
IT1:DF_DCSS_ISTR_LAV_PEN_2_TV_3(1.0),A,082053,RESPOP_AV,M,Y_GE65,TOTAL,ALL,5,ALL,ALL,2019,1,,,,,,,,ALL_N1,,,,,,,
IT1:DF_DCSS_ISTR_LAV_PEN_2_TV_3(1.0),A,082053,RESPOP_AV,M,Y_GE65,TOTAL,ALL,5,ALL,ALL,2021,0.000437923061994845,,,,,,,,ALL_N1,,,,,,,
IT1:DF_DCSS_ISTR_LAV_PEN_2_TV_3(1.0),A,082053,RESPOP_AV,M,Y_GE65,TOTAL,ALL,5,ALL,ALL,2022,6.47742638213489,,,,,,,,ALL_N1,,,,,,,
IT1:DF_DCSS_ISTR_LAV_PEN_2_TV_3(1.0),A,082053,RESPOP_AV,M,Y_GE65,TOTAL,ALL,5,ALL,ALL,2023,6.903602502113358,,,,,,,,ALL_N1,,,,,,,
IT1:DF_DCSS_ISTR_LAV_PEN_2_TV_3(1.0),A,082053,RESPOP_AV,M,Y_GE65,TOTAL,ALL,5,ALL,ALL,2024,3.117008052333237,,,,,,,,ALL_N1,,,,,,,
IT1:DF_DCSS_ISTR_LAV_PEN_2_TV_3(1.0),A,082053,RESPOP_AV,M,Y_GE65,TOTAL,ALL,7,ALL,ALL,2018,6622,,,,,,,,ALL_N1,,,,,,,
IT1:DF_DCSS_ISTR_LAV_PEN_2_TV_3(1.0),A,082053,RESPOP_AV,M,Y_GE65,TOTAL,ALL,7,ALL,ALL,2019,6660,,,,,,,,ALL_N1,,,,,,,
IT1:DF_DCSS_ISTR_LAV_PEN_2_TV_3(1.0),A,082053,RESPOP_AV,M,Y_GE65,TOTAL,ALL,7,ALL,ALL,2021,7134.8043211593,,,,,,,,ALL_N1,,,,,,,
IT1:DF_DCSS_ISTR_LAV_PEN_2_TV_3(1.0),A,082053,RESPOP_AV,M,Y_GE65,TOTAL,ALL,7,ALL,ALL,2022,7118.39523248597,,,,,,,,ALL_N1,,,,,,,
IT1:DF_DCSS_ISTR_LAV_PEN_2_TV_3(1.0),A,082053,RESPOP_AV,M,Y_GE65,TOTAL,ALL,7,ALL,ALL,2023,7596.805672000467,,,,,,,,ALL_N1,,,,,,,
IT1:DF_DCSS_ISTR_LAV_PEN_2_TV_3(1.0),A,082053,RESPOP_AV,M,Y_GE65,TOTAL,ALL,7,ALL,ALL,2024,6995.557278749062,,,,,,,,ALL_N1,,,,,,,
IT1:DF_DCSS_ISTR_LAV_PEN_2_TV_3(1.0),A,082053,RESPOP_AV,M,Y_GE65,TOTAL,ALL,99,ALL,ALL,2018,56599,,,,,,,,ALL_N1,99_N1,,,,,,
IT1:DF_DCSS_ISTR_LAV_PEN_2_TV_3(1.0),A,082053,RESPOP_AV,M,Y_GE65,TOTAL,ALL,99,ALL,ALL,2019,57912,,,,,,,,ALL_N1,99_N1,,,,,,
IT1:DF_DCSS_ISTR_LAV_PEN_2_TV_3(1.0),A,082053,RESPOP_AV,M,Y_GE65,TOTAL,ALL,99,ALL,ALL,2020,59267,,,,,,,,ALL_N1,99_N1,,,,,,
IT1:DF_DCSS_ISTR_LAV_PEN_2_TV_3(1.0),A,082053,RESPOP_AV,M,Y_GE65,TOTAL,ALL,99,ALL,ALL,2021,60036,,,,,,,,ALL_N1,99_N1,,,,,,
IT1:DF_DCSS_ISTR_LAV_PEN_2_TV_3(1.0),A,082053,RESPOP_AV,M,Y_GE65,TOTAL,ALL,99,ALL,ALL,2022,60886,,,,,,,,ALL_N1,99_N1,,,,,,
IT1:DF_DCSS_ISTR_LAV_PEN_2_TV_3(1.0),A,082053,RESPOP_AV,M,Y_GE65,TOTAL,ALL,99,ALL,ALL,2023,61965,,,,,,,,ALL_N1,99_N1,,,,,,
IT1:DF_DCSS_ISTR_LAV_PEN_2_TV_3(1.0),A,082053,RESPOP_AV,M,Y_GE65,TOTAL,ALL,99,ALL,ALL,2024,63117,,,,,,,,ALL_N1,99_N1,,,,,,
IT1:DF_DCSS_ISTR_LAV_PEN_2_TV_3(1.0),A,082053,RESPOP_AV,M,Y15-24,TOTAL,ALL,1,ALL,ALL,2018,4391,,,,,,,,ALL_N1,,,,,,,
IT1:DF_DCSS_ISTR_LAV_PEN_2_TV_3(1.0),A,082053,RESPOP_AV,M,Y15-24,TOTAL,ALL,1,ALL,ALL,2019,4352,,,,,,,,ALL_N1,,,,,,,
IT1:DF_DCSS_ISTR_LAV_PEN_2_TV_3(1.0),A,082053,RESPOP_AV,M,Y15-24,TOTAL,ALL,1,ALL,ALL,2021,4772,,,,,,,,ALL_N1,,,,,,,
IT1:DF_DCSS_ISTR_LAV_PEN_2_TV_3(1.0),A,082053,RESPOP_AV,M,Y15-24,TOTAL,ALL,1,ALL,ALL,2022,5237,,,,,,,,ALL_N1,,,,,,,
IT1:DF_DCSS_ISTR_LAV_PEN_2_TV_3(1.0),A,082053,RESPOP_AV,M,Y15-24,TOTAL,ALL,1,ALL,ALL,2023,5329,,,,,,,,ALL_N1,,,,,,,
IT1:DF_DCSS_ISTR_LAV_PEN_2_TV_3(1.0),A,082053,RESPOP_AV,M,Y15-24,TOTAL,ALL,1,ALL,ALL,2024,5683,,,,,,,,ALL_N1,,,,,,,
IT1:DF_DCSS_ISTR_LAV_PEN_2_TV_3(1.0),A,082053,RESPOP_AV,M,Y15-24,TOTAL,ALL,12,ALL,ALL,2018,7435,,,,,,,,ALL_N1,,,,,,,
IT1:DF_DCSS_ISTR_LAV_PEN_2_TV_3(1.0),A,082053,RESPOP_AV,M,Y15-24,TOTAL,ALL,12,ALL,ALL,2019,7172,,,,,,,,ALL_N1,,,,,,,
IT1:DF_DCSS_ISTR_LAV_PEN_2_TV_3(1.0),A,082053,RESPOP_AV,M,Y15-24,TOTAL,ALL,12,ALL,ALL,2021,4069.76836310062,,,,,,,,ALL_N1,,,,,,,
IT1:DF_DCSS_ISTR_LAV_PEN_2_TV_3(1.0),A,082053,RESPOP_AV,M,Y15-24,TOTAL,ALL,12,ALL,ALL,2022,3786.55007018627,,,,,,,,ALL_N1,,,,,,,
IT1:DF_DCSS_ISTR_LAV_PEN_2_TV_3(1.0),A,082053,RESPOP_AV,M,Y15-24,TOTAL,ALL,12,ALL,ALL,2023,3664.240483766765,,,,,,,,ALL_N1,,,,,,,
IT1:DF_DCSS_ISTR_LAV_PEN_2_TV_3(1.0),A,082053,RESPOP_AV,M,Y15-24,TOTAL,ALL,12,ALL,ALL,2024,3209.164248183895,,,,,,,,ALL_N1,,,,,,,
IT1:DF_DCSS_ISTR_LAV_PEN_2_TV_3(1.0),A,082053,RESPOP_AV,M,Y15-24,TOTAL,ALL,22,ALL,ALL,2018,11826,,,,,,,,ALL_N1,,,,,,,
IT1:DF_DCSS_ISTR_LAV_PEN_2_TV_3(1.0),A,082053,RESPOP_AV,M,Y15-24,TOTAL,ALL,22,ALL,ALL,2019,11524,,,,,,,,ALL_N1,,,,,,,
IT1:DF_DCSS_ISTR_LAV_PEN_2_TV_3(1.0),A,082053,RESPOP_AV,M,Y15-24,TOTAL,ALL,22,ALL,ALL,2021,8841.76836310062,,,,,,,,ALL_N1,,,,,,,
IT1:DF_DCSS_ISTR_LAV_PEN_2_TV_3(1.0),A,082053,RESPOP_AV,M,Y15-24,TOTAL,ALL,22,ALL,ALL,2022,9023.55007018627,,,,,,,,ALL_N1,,,,,,,
IT1:DF_DCSS_ISTR_LAV_PEN_2_TV_3(1.0),A,082053,RESPOP_AV,M,Y15-24,TOTAL,ALL,22,ALL,ALL,2023,8993.240483766765,,,,,,,,ALL_N1,,,,,,,
IT1:DF_DCSS_ISTR_LAV_PEN_2_TV_3(1.0),A,082053,RESPOP_AV,M,Y15-24,TOTAL,ALL,22,ALL,ALL,2024,8892.164248183895,,,,,,,,ALL_N1,,,,,,,
IT1:DF_DCSS_ISTR_LAV_PEN_2_TV_3(1.0),A,082053,RESPOP_AV,M,Y15-24,TOTAL,ALL,23,ALL,ALL,2018,24634,,,,,,,,ALL_N1,,,,,,,
IT1:DF_DCSS_ISTR_LAV_PEN_2_TV_3(1.0),A,082053,RESPOP_AV,M,Y15-24,TOTAL,ALL,23,ALL,ALL,2019,24329,,,,,,,,ALL_N1,,,,,,,
IT1:DF_DCSS_ISTR_LAV_PEN_2_TV_3(1.0),A,082053,RESPOP_AV,M,Y15-24,TOTAL,ALL,23,ALL,ALL,2021,25558.2316368994,,,,,,,,ALL_N1,,,,,,,
IT1:DF_DCSS_ISTR_LAV_PEN_2_TV_3(1.0),A,082053,RESPOP_AV,M,Y15-24,TOTAL,ALL,23,ALL,ALL,2022,25233.4499298137,,,,,,,,ALL_N1,,,,,,,
IT1:DF_DCSS_ISTR_LAV_PEN_2_TV_3(1.0),A,082053,RESPOP_AV,M,Y15-24,TOTAL,ALL,23,ALL,ALL,2023,25395.759516233236,,,,,,,,ALL_N1,,,,,,,
IT1:DF_DCSS_ISTR_LAV_PEN_2_TV_3(1.0),A,082053,RESPOP_AV,M,Y15-24,TOTAL,ALL,23,ALL,ALL,2024,25470.835751816106,,,,,,,,ALL_N1,,,,,,,
IT1:DF_DCSS_ISTR_LAV_PEN_2_TV_3(1.0),A,082053,RESPOP_AV,M,Y15-24,TOTAL,ALL,24,ALL,ALL,2018,61,,,,,,,,ALL_N1,,,,,,,
IT1:DF_DCSS_ISTR_LAV_PEN_2_TV_3(1.0),A,082053,RESPOP_AV,M,Y15-24,TOTAL,ALL,24,ALL,ALL,2019,87,,,,,,,,ALL_N1,,,,,,,
IT1:DF_DCSS_ISTR_LAV_PEN_2_TV_3(1.0),A,082053,RESPOP_AV,M,Y15-24,TOTAL,ALL,24,ALL,ALL,2021,65.2747885174621,,,,,,,,ALL_N1,,,,,,,
IT1:DF_DCSS_ISTR_LAV_PEN_2_TV_3(1.0),A,082053,RESPOP_AV,M,Y15-24,TOTAL,ALL,24,ALL,ALL,2022,91.8000781128478,,,,,,,,ALL_N1,,,,,,,
IT1:DF_DCSS_ISTR_LAV_PEN_2_TV_3(1.0),A,082053,RESPOP_AV,M,Y15-24,TOTAL,ALL,24,ALL,ALL,2023,92.11700754974414,,,,,,,,ALL_N1,,,,,,,
IT1:DF_DCSS_ISTR_LAV_PEN_2_TV_3(1.0),A,082053,RESPOP_AV,M,Y15-24,TOTAL,ALL,24,ALL,ALL,2024,140.74624382720089,,,,,,,,ALL_N1,,,,,,,
IT1:DF_DCSS_ISTR_LAV_PEN_2_TV_3(1.0),A,082053,RESPOP_AV,M,Y15-24,TOTAL,ALL,4,ALL,ALL,2018,238,,,,,,,,ALL_N1,,,,,,,
IT1:DF_DCSS_ISTR_LAV_PEN_2_TV_3(1.0),A,082053,RESPOP_AV,M,Y15-24,TOTAL,ALL,4,ALL,ALL,2019,294,,,,,,,,ALL_N1,,,,,,,
IT1:DF_DCSS_ISTR_LAV_PEN_2_TV_3(1.0),A,082053,RESPOP_AV,M,Y15-24,TOTAL,ALL,4,ALL,ALL,2021,495.315432309905,,,,,,,,ALL_N1,,,,,,,
IT1:DF_DCSS_ISTR_LAV_PEN_2_TV_3(1.0),A,082053,RESPOP_AV,M,Y15-24,TOTAL,ALL,4,ALL,ALL,2022,364.763862624922,,,,,,,,ALL_N1,,,,,,,
IT1:DF_DCSS_ISTR_LAV_PEN_2_TV_3(1.0),A,082053,RESPOP_AV,M,Y15-24,TOTAL,ALL,4,ALL,ALL,2023,491.47085104642014,,,,,,,,ALL_N1,,,,,,,
IT1:DF_DCSS_ISTR_LAV_PEN_2_TV_3(1.0),A,082053,RESPOP_AV,M,Y15-24,TOTAL,ALL,4,ALL,ALL,2024,479.70132010529005,,,,,,,,ALL_N1,,,,,,,
IT1:DF_DCSS_ISTR_LAV_PEN_2_TV_3(1.0),A,082053,RESPOP_AV,M,Y15-24,TOTAL,ALL,5,ALL,ALL,2018,19900,,,,,,,,ALL_N1,,,,,,,
IT1:DF_DCSS_ISTR_LAV_PEN_2_TV_3(1.0),A,082053,RESPOP_AV,M,Y15-24,TOTAL,ALL,5,ALL,ALL,2019,20288,,,,,,,,ALL_N1,,,,,,,
IT1:DF_DCSS_ISTR_LAV_PEN_2_TV_3(1.0),A,082053,RESPOP_AV,M,Y15-24,TOTAL,ALL,5,ALL,ALL,2021,20859.1687430818,,,,,,,,ALL_N1,,,,,,,
IT1:DF_DCSS_ISTR_LAV_PEN_2_TV_3(1.0),A,082053,RESPOP_AV,M,Y15-24,TOTAL,ALL,5,ALL,ALL,2022,20988.2510345427,,,,,,,,ALL_N1,,,,,,,
IT1:DF_DCSS_ISTR_LAV_PEN_2_TV_3(1.0),A,082053,RESPOP_AV,M,Y15-24,TOTAL,ALL,5,ALL,ALL,2023,20962.64860884603,,,,,,,,ALL_N1,,,,,,,
IT1:DF_DCSS_ISTR_LAV_PEN_2_TV_3(1.0),A,082053,RESPOP_AV,M,Y15-24,TOTAL,ALL,5,ALL,ALL,2024,20548.572599381747,,,,,,,,ALL_N1,,,,,,,
IT1:DF_DCSS_ISTR_LAV_PEN_2_TV_3(1.0),A,082053,RESPOP_AV,M,Y15-24,TOTAL,ALL,7,ALL,ALL,2018,4435,,,,,,,,ALL_N1,,,,,,,
IT1:DF_DCSS_ISTR_LAV_PEN_2_TV_3(1.0),A,082053,RESPOP_AV,M,Y15-24,TOTAL,ALL,7,ALL,ALL,2019,3660,,,,,,,,ALL_N1,,,,,,,
IT1:DF_DCSS_ISTR_LAV_PEN_2_TV_3(1.0),A,082053,RESPOP_AV,M,Y15-24,TOTAL,ALL,7,ALL,ALL,2021,4138.47267299021,,,,,,,,ALL_N1,,,,,,,
IT1:DF_DCSS_ISTR_LAV_PEN_2_TV_3(1.0),A,082053,RESPOP_AV,M,Y15-24,TOTAL,ALL,7,ALL,ALL,2022,3788.63495453326,,,,,,,,ALL_N1,,,,,,,
IT1:DF_DCSS_ISTR_LAV_PEN_2_TV_3(1.0),A,082053,RESPOP_AV,M,Y15-24,TOTAL,ALL,7,ALL,ALL,2023,3849.523048791044,,,,,,,,ALL_N1,,,,,,,
IT1:DF_DCSS_ISTR_LAV_PEN_2_TV_3(1.0),A,082053,RESPOP_AV,M,Y15-24,TOTAL,ALL,7,ALL,ALL,2024,4301.81558850187,,,,,,,,ALL_N1,,,,,,,
IT1:DF_DCSS_ISTR_LAV_PEN_2_TV_3(1.0),A,082053,RESPOP_AV,M,Y15-24,TOTAL,ALL,99,ALL,ALL,2018,36460,,,,,,,,ALL_N1,99_N1,,,,,,
IT1:DF_DCSS_ISTR_LAV_PEN_2_TV_3(1.0),A,082053,RESPOP_AV,M,Y15-24,TOTAL,ALL,99,ALL,ALL,2019,35853,,,,,,,,ALL_N1,99_N1,,,,,,
IT1:DF_DCSS_ISTR_LAV_PEN_2_TV_3(1.0),A,082053,RESPOP_AV,M,Y15-24,TOTAL,ALL,99,ALL,ALL,2021,34400,,,,,,,,ALL_N1,99_N1,,,,,,
IT1:DF_DCSS_ISTR_LAV_PEN_2_TV_3(1.0),A,082053,RESPOP_AV,M,Y15-24,TOTAL,ALL,99,ALL,ALL,2022,34257,,,,,,,,ALL_N1,99_N1,,,,,,
IT1:DF_DCSS_ISTR_LAV_PEN_2_TV_3(1.0),A,082053,RESPOP_AV,M,Y15-24,TOTAL,ALL,99,ALL,ALL,2023,34389,,,,,,,,ALL_N1,99_N1,,,,,,
IT1:DF_DCSS_ISTR_LAV_PEN_2_TV_3(1.0),A,082053,RESPOP_AV,M,Y15-24,TOTAL,ALL,99,ALL,ALL,2024,34363,,,,,,,,ALL_N1,99_N1,,,,,,
IT1:DF_DCSS_ISTR_LAV_PEN_2_TV_3(1.0),A,082053,RESPOP_AV,M,Y25-49,TOTAL,ALL,1,ALL,ALL,2018,63068,,,,,,,,ALL_N1,,,,,,,
IT1:DF_DCSS_ISTR_LAV_PEN_2_TV_3(1.0),A,082053,RESPOP_AV,M,Y25-49,TOTAL,ALL,1,ALL,ALL,2019,62555,,,,,,,,ALL_N1,,,,,,,
IT1:DF_DCSS_ISTR_LAV_PEN_2_TV_3(1.0),A,082053,RESPOP_AV,M,Y25-49,TOTAL,ALL,1,ALL,ALL,2021,63179,,,,,,,,ALL_N1,,,,,,,
IT1:DF_DCSS_ISTR_LAV_PEN_2_TV_3(1.0),A,082053,RESPOP_AV,M,Y25-49,TOTAL,ALL,1,ALL,ALL,2022,62794,,,,,,,,ALL_N1,,,,,,,
IT1:DF_DCSS_ISTR_LAV_PEN_2_TV_3(1.0),A,082053,RESPOP_AV,M,Y25-49,TOTAL,ALL,1,ALL,ALL,2023,63182,,,,,,,,ALL_N1,,,,,,,
IT1:DF_DCSS_ISTR_LAV_PEN_2_TV_3(1.0),A,082053,RESPOP_AV,M,Y25-49,TOTAL,ALL,1,ALL,ALL,2024,63790,,,,,,,,ALL_N1,,,,,,,
IT1:DF_DCSS_ISTR_LAV_PEN_2_TV_3(1.0),A,082053,RESPOP_AV,M,Y25-49,TOTAL,ALL,12,ALL,ALL,2018,25966,,,,,,,,ALL_N1,,,,,,,
IT1:DF_DCSS_ISTR_LAV_PEN_2_TV_3(1.0),A,082053,RESPOP_AV,M,Y25-49,TOTAL,ALL,12,ALL,ALL,2019,23669,,,,,,,,ALL_N1,,,,,,,
IT1:DF_DCSS_ISTR_LAV_PEN_2_TV_3(1.0),A,082053,RESPOP_AV,M,Y25-49,TOTAL,ALL,12,ALL,ALL,2021,13384.6544933265,,,,,,,,ALL_N1,,,,,,,
IT1:DF_DCSS_ISTR_LAV_PEN_2_TV_3(1.0),A,082053,RESPOP_AV,M,Y25-49,TOTAL,ALL,12,ALL,ALL,2022,12817.6937729322,,,,,,,,ALL_N1,,,,,,,
IT1:DF_DCSS_ISTR_LAV_PEN_2_TV_3(1.0),A,082053,RESPOP_AV,M,Y25-49,TOTAL,ALL,12,ALL,ALL,2023,11164.2498776473,,,,,,,,ALL_N1,,,,,,,
IT1:DF_DCSS_ISTR_LAV_PEN_2_TV_3(1.0),A,082053,RESPOP_AV,M,Y25-49,TOTAL,ALL,12,ALL,ALL,2024,9674.654547920445,,,,,,,,ALL_N1,,,,,,,
IT1:DF_DCSS_ISTR_LAV_PEN_2_TV_3(1.0),A,082053,RESPOP_AV,M,Y25-49,TOTAL,ALL,22,ALL,ALL,2018,89034,,,,,,,,ALL_N1,,,,,,,
IT1:DF_DCSS_ISTR_LAV_PEN_2_TV_3(1.0),A,082053,RESPOP_AV,M,Y25-49,TOTAL,ALL,22,ALL,ALL,2019,86224,,,,,,,,ALL_N1,,,,,,,
IT1:DF_DCSS_ISTR_LAV_PEN_2_TV_3(1.0),A,082053,RESPOP_AV,M,Y25-49,TOTAL,ALL,22,ALL,ALL,2021,76563.6544933265,,,,,,,,ALL_N1,,,,,,,
IT1:DF_DCSS_ISTR_LAV_PEN_2_TV_3(1.0),A,082053,RESPOP_AV,M,Y25-49,TOTAL,ALL,22,ALL,ALL,2022,75611.6937729322,,,,,,,,ALL_N1,,,,,,,
IT1:DF_DCSS_ISTR_LAV_PEN_2_TV_3(1.0),A,082053,RESPOP_AV,M,Y25-49,TOTAL,ALL,22,ALL,ALL,2023,74346.24987764731,,,,,,,,ALL_N1,,,,,,,
IT1:DF_DCSS_ISTR_LAV_PEN_2_TV_3(1.0),A,082053,RESPOP_AV,M,Y25-49,TOTAL,ALL,22,ALL,ALL,2024,73464.65454792045,,,,,,,,ALL_N1,,,,,,,
IT1:DF_DCSS_ISTR_LAV_PEN_2_TV_3(1.0),A,082053,RESPOP_AV,M,Y25-49,TOTAL,ALL,23,ALL,ALL,2018,16339,,,,,,,,ALL_N1,,,,,,,
IT1:DF_DCSS_ISTR_LAV_PEN_2_TV_3(1.0),A,082053,RESPOP_AV,M,Y25-49,TOTAL,ALL,23,ALL,ALL,2019,16234,,,,,,,,ALL_N1,,,,,,,
IT1:DF_DCSS_ISTR_LAV_PEN_2_TV_3(1.0),A,082053,RESPOP_AV,M,Y25-49,TOTAL,ALL,23,ALL,ALL,2021,20513.3455066735,,,,,,,,ALL_N1,,,,,,,
IT1:DF_DCSS_ISTR_LAV_PEN_2_TV_3(1.0),A,082053,RESPOP_AV,M,Y25-49,TOTAL,ALL,23,ALL,ALL,2022,19559.3062270678,,,,,,,,ALL_N1,,,,,,,
IT1:DF_DCSS_ISTR_LAV_PEN_2_TV_3(1.0),A,082053,RESPOP_AV,M,Y25-49,TOTAL,ALL,23,ALL,ALL,2023,19421.7501223527,,,,,,,,ALL_N1,,,,,,,
IT1:DF_DCSS_ISTR_LAV_PEN_2_TV_3(1.0),A,082053,RESPOP_AV,M,Y25-49,TOTAL,ALL,23,ALL,ALL,2024,18861.34545207955,,,,,,,,ALL_N1,,,,,,,
IT1:DF_DCSS_ISTR_LAV_PEN_2_TV_3(1.0),A,082053,RESPOP_AV,M,Y25-49,TOTAL,ALL,24,ALL,ALL,2018,1166,,,,,,,,ALL_N1,,,,,,,
IT1:DF_DCSS_ISTR_LAV_PEN_2_TV_3(1.0),A,082053,RESPOP_AV,M,Y25-49,TOTAL,ALL,24,ALL,ALL,2019,1285,,,,,,,,ALL_N1,,,,,,,
IT1:DF_DCSS_ISTR_LAV_PEN_2_TV_3(1.0),A,082053,RESPOP_AV,M,Y25-49,TOTAL,ALL,24,ALL,ALL,2021,1220.50972858031,,,,,,,,ALL_N1,,,,,,,
IT1:DF_DCSS_ISTR_LAV_PEN_2_TV_3(1.0),A,082053,RESPOP_AV,M,Y25-49,TOTAL,ALL,24,ALL,ALL,2022,1234.56035620871,,,,,,,,ALL_N1,,,,,,,
IT1:DF_DCSS_ISTR_LAV_PEN_2_TV_3(1.0),A,082053,RESPOP_AV,M,Y25-49,TOTAL,ALL,24,ALL,ALL,2023,1330.9807358909063,,,,,,,,ALL_N1,,,,,,,
IT1:DF_DCSS_ISTR_LAV_PEN_2_TV_3(1.0),A,082053,RESPOP_AV,M,Y25-49,TOTAL,ALL,24,ALL,ALL,2024,1584.1752102455007,,,,,,,,ALL_N1,,,,,,,
IT1:DF_DCSS_ISTR_LAV_PEN_2_TV_3(1.0),A,082053,RESPOP_AV,M,Y25-49,TOTAL,ALL,4,ALL,ALL,2018,1941,,,,,,,,ALL_N1,,,,,,,
IT1:DF_DCSS_ISTR_LAV_PEN_2_TV_3(1.0),A,082053,RESPOP_AV,M,Y25-49,TOTAL,ALL,4,ALL,ALL,2019,2075,,,,,,,,ALL_N1,,,,,,,
IT1:DF_DCSS_ISTR_LAV_PEN_2_TV_3(1.0),A,082053,RESPOP_AV,M,Y25-49,TOTAL,ALL,4,ALL,ALL,2021,3615.65242887837,,,,,,,,ALL_N1,,,,,,,
IT1:DF_DCSS_ISTR_LAV_PEN_2_TV_3(1.0),A,082053,RESPOP_AV,M,Y25-49,TOTAL,ALL,4,ALL,ALL,2022,3254.04648561827,,,,,,,,ALL_N1,,,,,,,
IT1:DF_DCSS_ISTR_LAV_PEN_2_TV_3(1.0),A,082053,RESPOP_AV,M,Y25-49,TOTAL,ALL,4,ALL,ALL,2023,3787.612850061092,,,,,,,,ALL_N1,,,,,,,
IT1:DF_DCSS_ISTR_LAV_PEN_2_TV_3(1.0),A,082053,RESPOP_AV,M,Y25-49,TOTAL,ALL,4,ALL,ALL,2024,3198.6265943951503,,,,,,,,ALL_N1,,,,,,,
IT1:DF_DCSS_ISTR_LAV_PEN_2_TV_3(1.0),A,082053,RESPOP_AV,M,Y25-49,TOTAL,ALL,5,ALL,ALL,2018,2937,,,,,,,,ALL_N1,,,,,,,
IT1:DF_DCSS_ISTR_LAV_PEN_2_TV_3(1.0),A,082053,RESPOP_AV,M,Y25-49,TOTAL,ALL,5,ALL,ALL,2019,2796,,,,,,,,ALL_N1,,,,,,,
IT1:DF_DCSS_ISTR_LAV_PEN_2_TV_3(1.0),A,082053,RESPOP_AV,M,Y25-49,TOTAL,ALL,5,ALL,ALL,2021,3101.36676040865,,,,,,,,ALL_N1,,,,,,,
IT1:DF_DCSS_ISTR_LAV_PEN_2_TV_3(1.0),A,082053,RESPOP_AV,M,Y25-49,TOTAL,ALL,5,ALL,ALL,2022,3102.10742942942,,,,,,,,ALL_N1,,,,,,,
IT1:DF_DCSS_ISTR_LAV_PEN_2_TV_3(1.0),A,082053,RESPOP_AV,M,Y25-49,TOTAL,ALL,5,ALL,ALL,2023,2629.433880435781,,,,,,,,ALL_N1,,,,,,,
IT1:DF_DCSS_ISTR_LAV_PEN_2_TV_3(1.0),A,082053,RESPOP_AV,M,Y25-49,TOTAL,ALL,5,ALL,ALL,2024,2569.6532978361324,,,,,,,,ALL_N1,,,,,,,
IT1:DF_DCSS_ISTR_LAV_PEN_2_TV_3(1.0),A,082053,RESPOP_AV,M,Y25-49,TOTAL,ALL,7,ALL,ALL,2018,10295,,,,,,,,ALL_N1,,,,,,,
IT1:DF_DCSS_ISTR_LAV_PEN_2_TV_3(1.0),A,082053,RESPOP_AV,M,Y25-49,TOTAL,ALL,7,ALL,ALL,2019,10078,,,,,,,,ALL_N1,,,,,,,
IT1:DF_DCSS_ISTR_LAV_PEN_2_TV_3(1.0),A,082053,RESPOP_AV,M,Y25-49,TOTAL,ALL,7,ALL,ALL,2021,12575.8165888062,,,,,,,,ALL_N1,,,,,,,
IT1:DF_DCSS_ISTR_LAV_PEN_2_TV_3(1.0),A,082053,RESPOP_AV,M,Y25-49,TOTAL,ALL,7,ALL,ALL,2022,11968.5919558114,,,,,,,,ALL_N1,,,,,,,
IT1:DF_DCSS_ISTR_LAV_PEN_2_TV_3(1.0),A,082053,RESPOP_AV,M,Y25-49,TOTAL,ALL,7,ALL,ALL,2023,11673.722655964919,,,,,,,,ALL_N1,,,,,,,
IT1:DF_DCSS_ISTR_LAV_PEN_2_TV_3(1.0),A,082053,RESPOP_AV,M,Y25-49,TOTAL,ALL,7,ALL,ALL,2024,11508.890349602769,,,,,,,,ALL_N1,,,,,,,
IT1:DF_DCSS_ISTR_LAV_PEN_2_TV_3(1.0),A,082053,RESPOP_AV,M,Y25-49,TOTAL,ALL,99,ALL,ALL,2018,105373,,,,,,,,ALL_N1,99_N1,,,,,,
IT1:DF_DCSS_ISTR_LAV_PEN_2_TV_3(1.0),A,082053,RESPOP_AV,M,Y25-49,TOTAL,ALL,99,ALL,ALL,2019,102458,,,,,,,,ALL_N1,99_N1,,,,,,
IT1:DF_DCSS_ISTR_LAV_PEN_2_TV_3(1.0),A,082053,RESPOP_AV,M,Y25-49,TOTAL,ALL,99,ALL,ALL,2020,97965,,,,,,,,ALL_N1,99_N1,,,,,,
IT1:DF_DCSS_ISTR_LAV_PEN_2_TV_3(1.0),A,082053,RESPOP_AV,M,Y25-49,TOTAL,ALL,99,ALL,ALL,2021,97077,,,,,,,,ALL_N1,99_N1,,,,,,
IT1:DF_DCSS_ISTR_LAV_PEN_2_TV_3(1.0),A,082053,RESPOP_AV,M,Y25-49,TOTAL,ALL,99,ALL,ALL,2022,95171,,,,,,,,ALL_N1,99_N1,,,,,,
IT1:DF_DCSS_ISTR_LAV_PEN_2_TV_3(1.0),A,082053,RESPOP_AV,M,Y25-49,TOTAL,ALL,99,ALL,ALL,2023,93768,,,,,,,,ALL_N1,99_N1,,,,,,
IT1:DF_DCSS_ISTR_LAV_PEN_2_TV_3(1.0),A,082053,RESPOP_AV,M,Y25-49,TOTAL,ALL,99,ALL,ALL,2024,92326,,,,,,,,ALL_N1,99_N1,,,,,,
IT1:DF_DCSS_ISTR_LAV_PEN_2_TV_3(1.0),A,082053,RESPOP_AV,M,Y50-64,TOTAL,ALL,1,ALL,ALL,2018,41877,,,,,,,,ALL_N1,,,,,,,
IT1:DF_DCSS_ISTR_LAV_PEN_2_TV_3(1.0),A,082053,RESPOP_AV,M,Y50-64,TOTAL,ALL,1,ALL,ALL,2019,42323,,,,,,,,ALL_N1,,,,,,,
IT1:DF_DCSS_ISTR_LAV_PEN_2_TV_3(1.0),A,082053,RESPOP_AV,M,Y50-64,TOTAL,ALL,1,ALL,ALL,2021,44032,,,,,,,,ALL_N1,,,,,,,
IT1:DF_DCSS_ISTR_LAV_PEN_2_TV_3(1.0),A,082053,RESPOP_AV,M,Y50-64,TOTAL,ALL,1,ALL,ALL,2022,44470,,,,,,,,ALL_N1,,,,,,,
IT1:DF_DCSS_ISTR_LAV_PEN_2_TV_3(1.0),A,082053,RESPOP_AV,M,Y50-64,TOTAL,ALL,1,ALL,ALL,2023,45356,,,,,,,,ALL_N1,,,,,,,
IT1:DF_DCSS_ISTR_LAV_PEN_2_TV_3(1.0),A,082053,RESPOP_AV,M,Y50-64,TOTAL,ALL,1,ALL,ALL,2024,46867,,,,,,,,ALL_N1,,,,,,,
IT1:DF_DCSS_ISTR_LAV_PEN_2_TV_3(1.0),A,082053,RESPOP_AV,M,Y50-64,TOTAL,ALL,12,ALL,ALL,2018,10185,,,,,,,,ALL_N1,,,,,,,
IT1:DF_DCSS_ISTR_LAV_PEN_2_TV_3(1.0),A,082053,RESPOP_AV,M,Y50-64,TOTAL,ALL,12,ALL,ALL,2019,9705,,,,,,,,ALL_N1,,,,,,,
IT1:DF_DCSS_ISTR_LAV_PEN_2_TV_3(1.0),A,082053,RESPOP_AV,M,Y50-64,TOTAL,ALL,12,ALL,ALL,2021,5657.72283872997,,,,,,,,ALL_N1,,,,,,,
IT1:DF_DCSS_ISTR_LAV_PEN_2_TV_3(1.0),A,082053,RESPOP_AV,M,Y50-64,TOTAL,ALL,12,ALL,ALL,2022,5647.13785047767,,,,,,,,ALL_N1,,,,,,,
IT1:DF_DCSS_ISTR_LAV_PEN_2_TV_3(1.0),A,082053,RESPOP_AV,M,Y50-64,TOTAL,ALL,12,ALL,ALL,2023,5019.940530893971,,,,,,,,ALL_N1,,,,,,,
IT1:DF_DCSS_ISTR_LAV_PEN_2_TV_3(1.0),A,082053,RESPOP_AV,M,Y50-64,TOTAL,ALL,12,ALL,ALL,2024,4498.982124973718,,,,,,,,ALL_N1,,,,,,,
IT1:DF_DCSS_ISTR_LAV_PEN_2_TV_3(1.0),A,082053,RESPOP_AV,M,Y50-64,TOTAL,ALL,22,ALL,ALL,2018,52062,,,,,,,,ALL_N1,,,,,,,
IT1:DF_DCSS_ISTR_LAV_PEN_2_TV_3(1.0),A,082053,RESPOP_AV,M,Y50-64,TOTAL,ALL,22,ALL,ALL,2019,52028,,,,,,,,ALL_N1,,,,,,,
IT1:DF_DCSS_ISTR_LAV_PEN_2_TV_3(1.0),A,082053,RESPOP_AV,M,Y50-64,TOTAL,ALL,22,ALL,ALL,2021,49689.72283873,,,,,,,,ALL_N1,,,,,,,
IT1:DF_DCSS_ISTR_LAV_PEN_2_TV_3(1.0),A,082053,RESPOP_AV,M,Y50-64,TOTAL,ALL,22,ALL,ALL,2022,50117.1378504777,,,,,,,,ALL_N1,,,,,,,
IT1:DF_DCSS_ISTR_LAV_PEN_2_TV_3(1.0),A,082053,RESPOP_AV,M,Y50-64,TOTAL,ALL,22,ALL,ALL,2023,50375.94053089397,,,,,,,,ALL_N1,,,,,,,
IT1:DF_DCSS_ISTR_LAV_PEN_2_TV_3(1.0),A,082053,RESPOP_AV,M,Y50-64,TOTAL,ALL,22,ALL,ALL,2024,51365.98212497372,,,,,,,,ALL_N1,,,,,,,
IT1:DF_DCSS_ISTR_LAV_PEN_2_TV_3(1.0),A,082053,RESPOP_AV,M,Y50-64,TOTAL,ALL,23,ALL,ALL,2018,13552,,,,,,,,ALL_N1,,,,,,,
IT1:DF_DCSS_ISTR_LAV_PEN_2_TV_3(1.0),A,082053,RESPOP_AV,M,Y50-64,TOTAL,ALL,23,ALL,ALL,2019,13959,,,,,,,,ALL_N1,,,,,,,
IT1:DF_DCSS_ISTR_LAV_PEN_2_TV_3(1.0),A,082053,RESPOP_AV,M,Y50-64,TOTAL,ALL,23,ALL,ALL,2021,17055.27716127,,,,,,,,ALL_N1,,,,,,,
IT1:DF_DCSS_ISTR_LAV_PEN_2_TV_3(1.0),A,082053,RESPOP_AV,M,Y50-64,TOTAL,ALL,23,ALL,ALL,2022,16920.8621495223,,,,,,,,ALL_N1,,,,,,,
IT1:DF_DCSS_ISTR_LAV_PEN_2_TV_3(1.0),A,082053,RESPOP_AV,M,Y50-64,TOTAL,ALL,23,ALL,ALL,2023,16863.059469106025,,,,,,,,ALL_N1,,,,,,,
IT1:DF_DCSS_ISTR_LAV_PEN_2_TV_3(1.0),A,082053,RESPOP_AV,M,Y50-64,TOTAL,ALL,23,ALL,ALL,2024,16337.017875026282,,,,,,,,ALL_N1,,,,,,,
IT1:DF_DCSS_ISTR_LAV_PEN_2_TV_3(1.0),A,082053,RESPOP_AV,M,Y50-64,TOTAL,ALL,24,ALL,ALL,2018,5081,,,,,,,,ALL_N1,,,,,,,
IT1:DF_DCSS_ISTR_LAV_PEN_2_TV_3(1.0),A,082053,RESPOP_AV,M,Y50-64,TOTAL,ALL,24,ALL,ALL,2019,5288,,,,,,,,ALL_N1,,,,,,,
IT1:DF_DCSS_ISTR_LAV_PEN_2_TV_3(1.0),A,082053,RESPOP_AV,M,Y50-64,TOTAL,ALL,24,ALL,ALL,2021,4885.01091643187,,,,,,,,ALL_N1,,,,,,,
IT1:DF_DCSS_ISTR_LAV_PEN_2_TV_3(1.0),A,082053,RESPOP_AV,M,Y50-64,TOTAL,ALL,24,ALL,ALL,2022,4349.66560828657,,,,,,,,ALL_N1,,,,,,,
IT1:DF_DCSS_ISTR_LAV_PEN_2_TV_3(1.0),A,082053,RESPOP_AV,M,Y50-64,TOTAL,ALL,24,ALL,ALL,2023,4168.748818615515,,,,,,,,ALL_N1,,,,,,,
IT1:DF_DCSS_ISTR_LAV_PEN_2_TV_3(1.0),A,082053,RESPOP_AV,M,Y50-64,TOTAL,ALL,24,ALL,ALL,2024,4129.166260631349,,,,,,,,ALL_N1,,,,,,,
IT1:DF_DCSS_ISTR_LAV_PEN_2_TV_3(1.0),A,082053,RESPOP_AV,M,Y50-64,TOTAL,ALL,4,ALL,ALL,2018,1656,,,,,,,,ALL_N1,,,,,,,
IT1:DF_DCSS_ISTR_LAV_PEN_2_TV_3(1.0),A,082053,RESPOP_AV,M,Y50-64,TOTAL,ALL,4,ALL,ALL,2019,1793,,,,,,,,ALL_N1,,,,,,,
IT1:DF_DCSS_ISTR_LAV_PEN_2_TV_3(1.0),A,082053,RESPOP_AV,M,Y50-64,TOTAL,ALL,4,ALL,ALL,2021,3226.90059448039,,,,,,,,ALL_N1,,,,,,,
IT1:DF_DCSS_ISTR_LAV_PEN_2_TV_3(1.0),A,082053,RESPOP_AV,M,Y50-64,TOTAL,ALL,4,ALL,ALL,2022,3154.47348455451,,,,,,,,ALL_N1,,,,,,,
IT1:DF_DCSS_ISTR_LAV_PEN_2_TV_3(1.0),A,082053,RESPOP_AV,M,Y50-64,TOTAL,ALL,4,ALL,ALL,2023,3682.0366989059917,,,,,,,,ALL_N1,,,,,,,
IT1:DF_DCSS_ISTR_LAV_PEN_2_TV_3(1.0),A,082053,RESPOP_AV,M,Y50-64,TOTAL,ALL,4,ALL,ALL,2024,3232.492654566851,,,,,,,,ALL_N1,,,,,,,
IT1:DF_DCSS_ISTR_LAV_PEN_2_TV_3(1.0),A,082053,RESPOP_AV,M,Y50-64,TOTAL,ALL,5,ALL,ALL,2018,25,,,,,,,,ALL_N1,,,,,,,
IT1:DF_DCSS_ISTR_LAV_PEN_2_TV_3(1.0),A,082053,RESPOP_AV,M,Y50-64,TOTAL,ALL,5,ALL,ALL,2019,24,,,,,,,,ALL_N1,,,,,,,
IT1:DF_DCSS_ISTR_LAV_PEN_2_TV_3(1.0),A,082053,RESPOP_AV,M,Y50-64,TOTAL,ALL,5,ALL,ALL,2021,57.7009849623143,,,,,,,,ALL_N1,,,,,,,
IT1:DF_DCSS_ISTR_LAV_PEN_2_TV_3(1.0),A,082053,RESPOP_AV,M,Y50-64,TOTAL,ALL,5,ALL,ALL,2022,79.6016249007568,,,,,,,,ALL_N1,,,,,,,
IT1:DF_DCSS_ISTR_LAV_PEN_2_TV_3(1.0),A,082053,RESPOP_AV,M,Y50-64,TOTAL,ALL,5,ALL,ALL,2023,60.14655518262269,,,,,,,,ALL_N1,,,,,,,
IT1:DF_DCSS_ISTR_LAV_PEN_2_TV_3(1.0),A,082053,RESPOP_AV,M,Y50-64,TOTAL,ALL,5,ALL,ALL,2024,94.85680074939687,,,,,,,,ALL_N1,,,,,,,
IT1:DF_DCSS_ISTR_LAV_PEN_2_TV_3(1.0),A,082053,RESPOP_AV,M,Y50-64,TOTAL,ALL,7,ALL,ALL,2018,6790,,,,,,,,ALL_N1,,,,,,,
IT1:DF_DCSS_ISTR_LAV_PEN_2_TV_3(1.0),A,082053,RESPOP_AV,M,Y50-64,TOTAL,ALL,7,ALL,ALL,2019,6854,,,,,,,,ALL_N1,,,,,,,
IT1:DF_DCSS_ISTR_LAV_PEN_2_TV_3(1.0),A,082053,RESPOP_AV,M,Y50-64,TOTAL,ALL,7,ALL,ALL,2021,8885.66466539545,,,,,,,,ALL_N1,,,,,,,
IT1:DF_DCSS_ISTR_LAV_PEN_2_TV_3(1.0),A,082053,RESPOP_AV,M,Y50-64,TOTAL,ALL,7,ALL,ALL,2022,9337.12143178049,,,,,,,,ALL_N1,,,,,,,
IT1:DF_DCSS_ISTR_LAV_PEN_2_TV_3(1.0),A,082053,RESPOP_AV,M,Y50-64,TOTAL,ALL,7,ALL,ALL,2023,8952.127396401896,,,,,,,,ALL_N1,,,,,,,
IT1:DF_DCSS_ISTR_LAV_PEN_2_TV_3(1.0),A,082053,RESPOP_AV,M,Y50-64,TOTAL,ALL,7,ALL,ALL,2024,8880.502159078686,,,,,,,,ALL_N1,,,,,,,
IT1:DF_DCSS_ISTR_LAV_PEN_2_TV_3(1.0),A,082053,RESPOP_AV,M,Y50-64,TOTAL,ALL,99,ALL,ALL,2018,65614,,,,,,,,ALL_N1,99_N1,,,,,,
IT1:DF_DCSS_ISTR_LAV_PEN_2_TV_3(1.0),A,082053,RESPOP_AV,M,Y50-64,TOTAL,ALL,99,ALL,ALL,2019,65987,,,,,,,,ALL_N1,99_N1,,,,,,
IT1:DF_DCSS_ISTR_LAV_PEN_2_TV_3(1.0),A,082053,RESPOP_AV,M,Y50-64,TOTAL,ALL,99,ALL,ALL,2020,65437,,,,,,,,ALL_N1,99_N1,,,,,,
IT1:DF_DCSS_ISTR_LAV_PEN_2_TV_3(1.0),A,082053,RESPOP_AV,M,Y50-64,TOTAL,ALL,99,ALL,ALL,2021,66745,,,,,,,,ALL_N1,99_N1,,,,,,
IT1:DF_DCSS_ISTR_LAV_PEN_2_TV_3(1.0),A,082053,RESPOP_AV,M,Y50-64,TOTAL,ALL,99,ALL,ALL,2022,67038,,,,,,,,ALL_N1,99_N1,,,,,,
IT1:DF_DCSS_ISTR_LAV_PEN_2_TV_3(1.0),A,082053,RESPOP_AV,M,Y50-64,TOTAL,ALL,99,ALL,ALL,2023,67239,,,,,,,,ALL_N1,99_N1,,,,,,
IT1:DF_DCSS_ISTR_LAV_PEN_2_TV_3(1.0),A,082053,RESPOP_AV,M,Y50-64,TOTAL,ALL,99,ALL,ALL,2024,67703,,,,,,,,ALL_N1,99_N1,,,,,,
IT1:DF_DCSS_ISTR_LAV_PEN_2_TV_3(1.0),A,082053,RESPOP_AV,T,Y_GE15,TOTAL,ALL,1,ALL,ALL,2018,188751,,,,,,,,ALL_N1,,,,,,,
IT1:DF_DCSS_ISTR_LAV_PEN_2_TV_3(1.0),A,082053,RESPOP_AV,T,Y_GE15,TOTAL,ALL,1,ALL,ALL,2019,189945,,,,,,,,ALL_N1,,,,,,,
IT1:DF_DCSS_ISTR_LAV_PEN_2_TV_3(1.0),A,082053,RESPOP_AV,T,Y_GE15,TOTAL,ALL,1,ALL,ALL,2021,196014,,,,,,,,ALL_N1,,,,,,,
IT1:DF_DCSS_ISTR_LAV_PEN_2_TV_3(1.0),A,082053,RESPOP_AV,T,Y_GE15,TOTAL,ALL,1,ALL,ALL,2022,198369,,,,,,,,ALL_N1,,,,,,,
IT1:DF_DCSS_ISTR_LAV_PEN_2_TV_3(1.0),A,082053,RESPOP_AV,T,Y_GE15,TOTAL,ALL,1,ALL,ALL,2023,202268,,,,,,,,ALL_N1,,,,,,,
IT1:DF_DCSS_ISTR_LAV_PEN_2_TV_3(1.0),A,082053,RESPOP_AV,T,Y_GE15,TOTAL,ALL,1,ALL,ALL,2024,208044,,,,,,,,ALL_N1,,,,,,,
IT1:DF_DCSS_ISTR_LAV_PEN_2_TV_3(1.0),A,082053,RESPOP_AV,T,Y_GE15,TOTAL,ALL,12,ALL,ALL,2018,80079,,,,,,,,ALL_N1,,,,,,,
IT1:DF_DCSS_ISTR_LAV_PEN_2_TV_3(1.0),A,082053,RESPOP_AV,T,Y_GE15,TOTAL,ALL,12,ALL,ALL,2019,75214,,,,,,,,ALL_N1,,,,,,,
IT1:DF_DCSS_ISTR_LAV_PEN_2_TV_3(1.0),A,082053,RESPOP_AV,T,Y_GE15,TOTAL,ALL,12,ALL,ALL,2021,39805.3546101454,,,,,,,,ALL_N1,,,,,,,
IT1:DF_DCSS_ISTR_LAV_PEN_2_TV_3(1.0),A,082053,RESPOP_AV,T,Y_GE15,TOTAL,ALL,12,ALL,ALL,2022,39705.2466591938,,,,,,,,ALL_N1,,,,,,,
IT1:DF_DCSS_ISTR_LAV_PEN_2_TV_3(1.0),A,082053,RESPOP_AV,T,Y_GE15,TOTAL,ALL,12,ALL,ALL,2023,35527.779090342905,,,,,,,,ALL_N1,,,,,,,
IT1:DF_DCSS_ISTR_LAV_PEN_2_TV_3(1.0),A,082053,RESPOP_AV,T,Y_GE15,TOTAL,ALL,12,ALL,ALL,2024,31014.41075100473,,,,,,,,ALL_N1,,,,,,,
IT1:DF_DCSS_ISTR_LAV_PEN_2_TV_3(1.0),A,082053,RESPOP_AV,T,Y_GE15,TOTAL,ALL,22,ALL,ALL,2018,268830,,,,,,,,ALL_N1,,,,,,,
IT1:DF_DCSS_ISTR_LAV_PEN_2_TV_3(1.0),A,082053,RESPOP_AV,T,Y_GE15,TOTAL,ALL,22,ALL,ALL,2019,265159,,,,,,,,ALL_N1,,,,,,,
IT1:DF_DCSS_ISTR_LAV_PEN_2_TV_3(1.0),A,082053,RESPOP_AV,T,Y_GE15,TOTAL,ALL,22,ALL,ALL,2021,235819.354610145,,,,,,,,ALL_N1,,,,,,,
IT1:DF_DCSS_ISTR_LAV_PEN_2_TV_3(1.0),A,082053,RESPOP_AV,T,Y_GE15,TOTAL,ALL,22,ALL,ALL,2022,238074.246659194,,,,,,,,ALL_N1,,,,,,,
IT1:DF_DCSS_ISTR_LAV_PEN_2_TV_3(1.0),A,082053,RESPOP_AV,T,Y_GE15,TOTAL,ALL,22,ALL,ALL,2023,237795.7790903429,,,,,,,,ALL_N1,,,,,,,
IT1:DF_DCSS_ISTR_LAV_PEN_2_TV_3(1.0),A,082053,RESPOP_AV,T,Y_GE15,TOTAL,ALL,22,ALL,ALL,2024,239058.41075100473,,,,,,,,ALL_N1,,,,,,,
IT1:DF_DCSS_ISTR_LAV_PEN_2_TV_3(1.0),A,082053,RESPOP_AV,T,Y_GE15,TOTAL,ALL,23,ALL,ALL,2018,290515,,,,,,,,ALL_N1,,,,,,,
IT1:DF_DCSS_ISTR_LAV_PEN_2_TV_3(1.0),A,082053,RESPOP_AV,T,Y_GE15,TOTAL,ALL,23,ALL,ALL,2019,290622,,,,,,,,ALL_N1,,,,,,,
IT1:DF_DCSS_ISTR_LAV_PEN_2_TV_3(1.0),A,082053,RESPOP_AV,T,Y_GE15,TOTAL,ALL,23,ALL,ALL,2021,310497.645389855,,,,,,,,ALL_N1,,,,,,,
IT1:DF_DCSS_ISTR_LAV_PEN_2_TV_3(1.0),A,082053,RESPOP_AV,T,Y_GE15,TOTAL,ALL,23,ALL,ALL,2022,306823.753340806,,,,,,,,ALL_N1,,,,,,,
IT1:DF_DCSS_ISTR_LAV_PEN_2_TV_3(1.0),A,082053,RESPOP_AV,T,Y_GE15,TOTAL,ALL,23,ALL,ALL,2023,306727.22090965713,,,,,,,,ALL_N1,,,,,,,
IT1:DF_DCSS_ISTR_LAV_PEN_2_TV_3(1.0),A,082053,RESPOP_AV,T,Y_GE15,TOTAL,ALL,23,ALL,ALL,2024,305737.5892489953,,,,,,,,ALL_N1,,,,,,,
IT1:DF_DCSS_ISTR_LAV_PEN_2_TV_3(1.0),A,082053,RESPOP_AV,T,Y_GE15,TOTAL,ALL,24,ALL,ALL,2018,96037,,,,,,,,ALL_N1,,,,,,,
IT1:DF_DCSS_ISTR_LAV_PEN_2_TV_3(1.0),A,082053,RESPOP_AV,T,Y_GE15,TOTAL,ALL,24,ALL,ALL,2019,95451,,,,,,,,ALL_N1,,,,,,,
IT1:DF_DCSS_ISTR_LAV_PEN_2_TV_3(1.0),A,082053,RESPOP_AV,T,Y_GE15,TOTAL,ALL,24,ALL,ALL,2021,98817.8018637237,,,,,,,,ALL_N1,,,,,,,
IT1:DF_DCSS_ISTR_LAV_PEN_2_TV_3(1.0),A,082053,RESPOP_AV,T,Y_GE15,TOTAL,ALL,24,ALL,ALL,2022,97108.7729007635,,,,,,,,ALL_N1,,,,,,,
IT1:DF_DCSS_ISTR_LAV_PEN_2_TV_3(1.0),A,082053,RESPOP_AV,T,Y_GE15,TOTAL,ALL,24,ALL,ALL,2023,96951.88589803163,,,,,,,,ALL_N1,,,,,,,
IT1:DF_DCSS_ISTR_LAV_PEN_2_TV_3(1.0),A,082053,RESPOP_AV,T,Y_GE15,TOTAL,ALL,24,ALL,ALL,2024,100229.38768800568,,,,,,,,ALL_N1,,,,,,,
IT1:DF_DCSS_ISTR_LAV_PEN_2_TV_3(1.0),A,082053,RESPOP_AV,T,Y_GE15,TOTAL,ALL,4,ALL,ALL,2018,97558,,,,,,,,ALL_N1,,,,,,,
IT1:DF_DCSS_ISTR_LAV_PEN_2_TV_3(1.0),A,082053,RESPOP_AV,T,Y_GE15,TOTAL,ALL,4,ALL,ALL,2019,99162,,,,,,,,ALL_N1,,,,,,,
IT1:DF_DCSS_ISTR_LAV_PEN_2_TV_3(1.0),A,082053,RESPOP_AV,T,Y_GE15,TOTAL,ALL,4,ALL,ALL,2021,107047.827727239,,,,,,,,ALL_N1,,,,,,,
IT1:DF_DCSS_ISTR_LAV_PEN_2_TV_3(1.0),A,082053,RESPOP_AV,T,Y_GE15,TOTAL,ALL,4,ALL,ALL,2022,102854.024292459,,,,,,,,ALL_N1,,,,,,,
IT1:DF_DCSS_ISTR_LAV_PEN_2_TV_3(1.0),A,082053,RESPOP_AV,T,Y_GE15,TOTAL,ALL,4,ALL,ALL,2023,104983.36918142853,,,,,,,,ALL_N1,,,,,,,
IT1:DF_DCSS_ISTR_LAV_PEN_2_TV_3(1.0),A,082053,RESPOP_AV,T,Y_GE15,TOTAL,ALL,4,ALL,ALL,2024,102129.50683457246,,,,,,,,ALL_N1,,,,,,,
IT1:DF_DCSS_ISTR_LAV_PEN_2_TV_3(1.0),A,082053,RESPOP_AV,T,Y_GE15,TOTAL,ALL,5,ALL,ALL,2018,47273,,,,,,,,ALL_N1,,,,,,,
IT1:DF_DCSS_ISTR_LAV_PEN_2_TV_3(1.0),A,082053,RESPOP_AV,T,Y_GE15,TOTAL,ALL,5,ALL,ALL,2019,48072,,,,,,,,ALL_N1,,,,,,,
IT1:DF_DCSS_ISTR_LAV_PEN_2_TV_3(1.0),A,082053,RESPOP_AV,T,Y_GE15,TOTAL,ALL,5,ALL,ALL,2021,50002.8813752187,,,,,,,,ALL_N1,,,,,,,
IT1:DF_DCSS_ISTR_LAV_PEN_2_TV_3(1.0),A,082053,RESPOP_AV,T,Y_GE15,TOTAL,ALL,5,ALL,ALL,2022,50412.8015907307,,,,,,,,ALL_N1,,,,,,,
IT1:DF_DCSS_ISTR_LAV_PEN_2_TV_3(1.0),A,082053,RESPOP_AV,T,Y_GE15,TOTAL,ALL,5,ALL,ALL,2023,49166.2573108281,,,,,,,,ALL_N1,,,,,,,
IT1:DF_DCSS_ISTR_LAV_PEN_2_TV_3(1.0),A,082053,RESPOP_AV,T,Y_GE15,TOTAL,ALL,5,ALL,ALL,2024,48833.99411847752,,,,,,,,ALL_N1,,,,,,,
IT1:DF_DCSS_ISTR_LAV_PEN_2_TV_3(1.0),A,082053,RESPOP_AV,T,Y_GE15,TOTAL,ALL,7,ALL,ALL,2018,49647,,,,,,,,ALL_N1,,,,,,,
IT1:DF_DCSS_ISTR_LAV_PEN_2_TV_3(1.0),A,082053,RESPOP_AV,T,Y_GE15,TOTAL,ALL,7,ALL,ALL,2019,47937,,,,,,,,ALL_N1,,,,,,,
IT1:DF_DCSS_ISTR_LAV_PEN_2_TV_3(1.0),A,082053,RESPOP_AV,T,Y_GE15,TOTAL,ALL,7,ALL,ALL,2021,54629.1344236736,,,,,,,,ALL_N1,,,,,,,
IT1:DF_DCSS_ISTR_LAV_PEN_2_TV_3(1.0),A,082053,RESPOP_AV,T,Y_GE15,TOTAL,ALL,7,ALL,ALL,2022,56448.1545568526,,,,,,,,ALL_N1,,,,,,,
IT1:DF_DCSS_ISTR_LAV_PEN_2_TV_3(1.0),A,082053,RESPOP_AV,T,Y_GE15,TOTAL,ALL,7,ALL,ALL,2023,55625.708519368854,,,,,,,,ALL_N1,,,,,,,
IT1:DF_DCSS_ISTR_LAV_PEN_2_TV_3(1.0),A,082053,RESPOP_AV,T,Y_GE15,TOTAL,ALL,7,ALL,ALL,2024,54544.70060793961,,,,,,,,ALL_N1,,,,,,,
IT1:DF_DCSS_ISTR_LAV_PEN_2_TV_3(1.0),A,082053,RESPOP_AV,T,Y_GE15,TOTAL,ALL,99,ALL,ALL,2018,559345,,,,,,,,ALL_N1,99_N1,,,,,,
IT1:DF_DCSS_ISTR_LAV_PEN_2_TV_3(1.0),A,082053,RESPOP_AV,T,Y_GE15,TOTAL,ALL,99,ALL,ALL,2019,555781,,,,,,,,ALL_N1,99_N1,,,,,,
IT1:DF_DCSS_ISTR_LAV_PEN_2_TV_3(1.0),A,082053,RESPOP_AV,T,Y_GE15,TOTAL,ALL,99,ALL,ALL,2021,546317,,,,,,,,ALL_N1,99_N1,,,,,,
IT1:DF_DCSS_ISTR_LAV_PEN_2_TV_3(1.0),A,082053,RESPOP_AV,T,Y_GE15,TOTAL,ALL,99,ALL,ALL,2022,544898,,,,,,,,ALL_N1,99_N1,,,,,,
IT1:DF_DCSS_ISTR_LAV_PEN_2_TV_3(1.0),A,082053,RESPOP_AV,T,Y_GE15,TOTAL,ALL,99,ALL,ALL,2023,544523,,,,,,,,ALL_N1,99_N1,,,,,,
IT1:DF_DCSS_ISTR_LAV_PEN_2_TV_3(1.0),A,082053,RESPOP_AV,T,Y_GE15,TOTAL,ALL,99,ALL,ALL,2024,544796,,,,,,,,ALL_N1,99_N1,,,,,,
IT1:DF_DCSS_ISTR_LAV_PEN_2_TV_3(1.0),A,082053,RESPOP_AV,T,Y_GE65,TOTAL,ALL,1,ALL,ALL,2018,8440,,,,,,,,ALL_N1,,,,,,,
IT1:DF_DCSS_ISTR_LAV_PEN_2_TV_3(1.0),A,082053,RESPOP_AV,T,Y_GE65,TOTAL,ALL,1,ALL,ALL,2019,9431,,,,,,,,ALL_N1,,,,,,,
IT1:DF_DCSS_ISTR_LAV_PEN_2_TV_3(1.0),A,082053,RESPOP_AV,T,Y_GE65,TOTAL,ALL,1,ALL,ALL,2021,8672,,,,,,,,ALL_N1,,,,,,,
IT1:DF_DCSS_ISTR_LAV_PEN_2_TV_3(1.0),A,082053,RESPOP_AV,T,Y_GE65,TOTAL,ALL,1,ALL,ALL,2022,9544,,,,,,,,ALL_N1,,,,,,,
IT1:DF_DCSS_ISTR_LAV_PEN_2_TV_3(1.0),A,082053,RESPOP_AV,T,Y_GE65,TOTAL,ALL,1,ALL,ALL,2023,9338,,,,,,,,ALL_N1,,,,,,,
IT1:DF_DCSS_ISTR_LAV_PEN_2_TV_3(1.0),A,082053,RESPOP_AV,T,Y_GE65,TOTAL,ALL,1,ALL,ALL,2024,10251,,,,,,,,ALL_N1,,,,,,,
IT1:DF_DCSS_ISTR_LAV_PEN_2_TV_3(1.0),A,082053,RESPOP_AV,T,Y_GE65,TOTAL,ALL,12,ALL,ALL,2018,820,,,,,,,,ALL_N1,,,,,,,
IT1:DF_DCSS_ISTR_LAV_PEN_2_TV_3(1.0),A,082053,RESPOP_AV,T,Y_GE65,TOTAL,ALL,12,ALL,ALL,2019,865,,,,,,,,ALL_N1,,,,,,,
IT1:DF_DCSS_ISTR_LAV_PEN_2_TV_3(1.0),A,082053,RESPOP_AV,T,Y_GE65,TOTAL,ALL,12,ALL,ALL,2021,530.16203404727,,,,,,,,ALL_N1,,,,,,,
IT1:DF_DCSS_ISTR_LAV_PEN_2_TV_3(1.0),A,082053,RESPOP_AV,T,Y_GE65,TOTAL,ALL,12,ALL,ALL,2022,320.867729838033,,,,,,,,ALL_N1,,,,,,,
IT1:DF_DCSS_ISTR_LAV_PEN_2_TV_3(1.0),A,082053,RESPOP_AV,T,Y_GE65,TOTAL,ALL,12,ALL,ALL,2023,303.90153455571175,,,,,,,,ALL_N1,,,,,,,
IT1:DF_DCSS_ISTR_LAV_PEN_2_TV_3(1.0),A,082053,RESPOP_AV,T,Y_GE65,TOTAL,ALL,12,ALL,ALL,2024,284.21355376013275,,,,,,,,ALL_N1,,,,,,,
IT1:DF_DCSS_ISTR_LAV_PEN_2_TV_3(1.0),A,082053,RESPOP_AV,T,Y_GE65,TOTAL,ALL,22,ALL,ALL,2018,9260,,,,,,,,ALL_N1,,,,,,,
IT1:DF_DCSS_ISTR_LAV_PEN_2_TV_3(1.0),A,082053,RESPOP_AV,T,Y_GE65,TOTAL,ALL,22,ALL,ALL,2019,10296,,,,,,,,ALL_N1,,,,,,,
IT1:DF_DCSS_ISTR_LAV_PEN_2_TV_3(1.0),A,082053,RESPOP_AV,T,Y_GE65,TOTAL,ALL,22,ALL,ALL,2021,9202.16203404727,,,,,,,,ALL_N1,,,,,,,
IT1:DF_DCSS_ISTR_LAV_PEN_2_TV_3(1.0),A,082053,RESPOP_AV,T,Y_GE65,TOTAL,ALL,22,ALL,ALL,2022,9864.86772983803,,,,,,,,ALL_N1,,,,,,,
IT1:DF_DCSS_ISTR_LAV_PEN_2_TV_3(1.0),A,082053,RESPOP_AV,T,Y_GE65,TOTAL,ALL,22,ALL,ALL,2023,9641.90153455571,,,,,,,,ALL_N1,,,,,,,
IT1:DF_DCSS_ISTR_LAV_PEN_2_TV_3(1.0),A,082053,RESPOP_AV,T,Y_GE65,TOTAL,ALL,22,ALL,ALL,2024,10535.213553760133,,,,,,,,ALL_N1,,,,,,,
IT1:DF_DCSS_ISTR_LAV_PEN_2_TV_3(1.0),A,082053,RESPOP_AV,T,Y_GE65,TOTAL,ALL,23,ALL,ALL,2018,125690,,,,,,,,ALL_N1,,,,,,,
IT1:DF_DCSS_ISTR_LAV_PEN_2_TV_3(1.0),A,082053,RESPOP_AV,T,Y_GE65,TOTAL,ALL,23,ALL,ALL,2019,127151,,,,,,,,ALL_N1,,,,,,,
IT1:DF_DCSS_ISTR_LAV_PEN_2_TV_3(1.0),A,082053,RESPOP_AV,T,Y_GE65,TOTAL,ALL,23,ALL,ALL,2021,132576.837965953,,,,,,,,ALL_N1,,,,,,,
IT1:DF_DCSS_ISTR_LAV_PEN_2_TV_3(1.0),A,082053,RESPOP_AV,T,Y_GE65,TOTAL,ALL,23,ALL,ALL,2022,133548.132270162,,,,,,,,ALL_N1,,,,,,,
IT1:DF_DCSS_ISTR_LAV_PEN_2_TV_3(1.0),A,082053,RESPOP_AV,T,Y_GE65,TOTAL,ALL,23,ALL,ALL,2023,135739.0984654443,,,,,,,,ALL_N1,,,,,,,
IT1:DF_DCSS_ISTR_LAV_PEN_2_TV_3(1.0),A,082053,RESPOP_AV,T,Y_GE65,TOTAL,ALL,23,ALL,ALL,2024,137263.7864462399,,,,,,,,ALL_N1,,,,,,,
IT1:DF_DCSS_ISTR_LAV_PEN_2_TV_3(1.0),A,082053,RESPOP_AV,T,Y_GE65,TOTAL,ALL,24,ALL,ALL,2018,86310,,,,,,,,ALL_N1,,,,,,,
IT1:DF_DCSS_ISTR_LAV_PEN_2_TV_3(1.0),A,082053,RESPOP_AV,T,Y_GE65,TOTAL,ALL,24,ALL,ALL,2019,85485,,,,,,,,ALL_N1,,,,,,,
IT1:DF_DCSS_ISTR_LAV_PEN_2_TV_3(1.0),A,082053,RESPOP_AV,T,Y_GE65,TOTAL,ALL,24,ALL,ALL,2021,89629.5523031681,,,,,,,,ALL_N1,,,,,,,
IT1:DF_DCSS_ISTR_LAV_PEN_2_TV_3(1.0),A,082053,RESPOP_AV,T,Y_GE65,TOTAL,ALL,24,ALL,ALL,2022,88974.0871944184,,,,,,,,ALL_N1,,,,,,,
IT1:DF_DCSS_ISTR_LAV_PEN_2_TV_3(1.0),A,082053,RESPOP_AV,T,Y_GE65,TOTAL,ALL,24,ALL,ALL,2023,89127.5352101262,,,,,,,,ALL_N1,,,,,,,
IT1:DF_DCSS_ISTR_LAV_PEN_2_TV_3(1.0),A,082053,RESPOP_AV,T,Y_GE65,TOTAL,ALL,24,ALL,ALL,2024,92226.56456970323,,,,,,,,ALL_N1,,,,,,,
IT1:DF_DCSS_ISTR_LAV_PEN_2_TV_3(1.0),A,082053,RESPOP_AV,T,Y_GE65,TOTAL,ALL,4,ALL,ALL,2018,22408,,,,,,,,ALL_N1,,,,,,,
IT1:DF_DCSS_ISTR_LAV_PEN_2_TV_3(1.0),A,082053,RESPOP_AV,T,Y_GE65,TOTAL,ALL,4,ALL,ALL,2019,24502,,,,,,,,ALL_N1,,,,,,,
IT1:DF_DCSS_ISTR_LAV_PEN_2_TV_3(1.0),A,082053,RESPOP_AV,T,Y_GE65,TOTAL,ALL,4,ALL,ALL,2021,25502.7004421659,,,,,,,,ALL_N1,,,,,,,
IT1:DF_DCSS_ISTR_LAV_PEN_2_TV_3(1.0),A,082053,RESPOP_AV,T,Y_GE65,TOTAL,ALL,4,ALL,ALL,2022,25830.1035360123,,,,,,,,ALL_N1,,,,,,,
IT1:DF_DCSS_ISTR_LAV_PEN_2_TV_3(1.0),A,082053,RESPOP_AV,T,Y_GE65,TOTAL,ALL,4,ALL,ALL,2023,27101.101123486707,,,,,,,,ALL_N1,,,,,,,
IT1:DF_DCSS_ISTR_LAV_PEN_2_TV_3(1.0),A,082053,RESPOP_AV,T,Y_GE65,TOTAL,ALL,4,ALL,ALL,2024,27027.003537929068,,,,,,,,ALL_N1,,,,,,,
IT1:DF_DCSS_ISTR_LAV_PEN_2_TV_3(1.0),A,082053,RESPOP_AV,T,Y_GE65,TOTAL,ALL,5,ALL,ALL,2018,8,,,,,,,,ALL_N1,,,,,,,
IT1:DF_DCSS_ISTR_LAV_PEN_2_TV_3(1.0),A,082053,RESPOP_AV,T,Y_GE65,TOTAL,ALL,5,ALL,ALL,2019,7,,,,,,,,ALL_N1,,,,,,,
IT1:DF_DCSS_ISTR_LAV_PEN_2_TV_3(1.0),A,082053,RESPOP_AV,T,Y_GE65,TOTAL,ALL,5,ALL,ALL,2021,0.00225632462036862,,,,,,,,ALL_N1,,,,,,,
IT1:DF_DCSS_ISTR_LAV_PEN_2_TV_3(1.0),A,082053,RESPOP_AV,T,Y_GE65,TOTAL,ALL,5,ALL,ALL,2022,33.1634979389615,,,,,,,,ALL_N1,,,,,,,
IT1:DF_DCSS_ISTR_LAV_PEN_2_TV_3(1.0),A,082053,RESPOP_AV,T,Y_GE65,TOTAL,ALL,5,ALL,ALL,2023,42.374919891495175,,,,,,,,ALL_N1,,,,,,,
IT1:DF_DCSS_ISTR_LAV_PEN_2_TV_3(1.0),A,082053,RESPOP_AV,T,Y_GE65,TOTAL,ALL,5,ALL,ALL,2024,17.562665178926146,,,,,,,,ALL_N1,,,,,,,
IT1:DF_DCSS_ISTR_LAV_PEN_2_TV_3(1.0),A,082053,RESPOP_AV,T,Y_GE65,TOTAL,ALL,7,ALL,ALL,2018,16964,,,,,,,,ALL_N1,,,,,,,
IT1:DF_DCSS_ISTR_LAV_PEN_2_TV_3(1.0),A,082053,RESPOP_AV,T,Y_GE65,TOTAL,ALL,7,ALL,ALL,2019,17157,,,,,,,,ALL_N1,,,,,,,
IT1:DF_DCSS_ISTR_LAV_PEN_2_TV_3(1.0),A,082053,RESPOP_AV,T,Y_GE65,TOTAL,ALL,7,ALL,ALL,2021,17444.5829642941,,,,,,,,ALL_N1,,,,,,,
IT1:DF_DCSS_ISTR_LAV_PEN_2_TV_3(1.0),A,082053,RESPOP_AV,T,Y_GE65,TOTAL,ALL,7,ALL,ALL,2022,18710.7780417923,,,,,,,,ALL_N1,,,,,,,
IT1:DF_DCSS_ISTR_LAV_PEN_2_TV_3(1.0),A,082053,RESPOP_AV,T,Y_GE65,TOTAL,ALL,7,ALL,ALL,2023,19468.087211939906,,,,,,,,ALL_N1,,,,,,,
IT1:DF_DCSS_ISTR_LAV_PEN_2_TV_3(1.0),A,082053,RESPOP_AV,T,Y_GE65,TOTAL,ALL,7,ALL,ALL,2024,17992.65567342865,,,,,,,,ALL_N1,,,,,,,
IT1:DF_DCSS_ISTR_LAV_PEN_2_TV_3(1.0),A,082053,RESPOP_AV,T,Y_GE65,TOTAL,ALL,99,ALL,ALL,2018,134950,,,,,,,,ALL_N1,99_N1,,,,,,
IT1:DF_DCSS_ISTR_LAV_PEN_2_TV_3(1.0),A,082053,RESPOP_AV,T,Y_GE65,TOTAL,ALL,99,ALL,ALL,2019,137447,,,,,,,,ALL_N1,99_N1,,,,,,
IT1:DF_DCSS_ISTR_LAV_PEN_2_TV_3(1.0),A,082053,RESPOP_AV,T,Y_GE65,TOTAL,ALL,99,ALL,ALL,2020,140421,,,,,,,,ALL_N1,99_N1,,,,,,
IT1:DF_DCSS_ISTR_LAV_PEN_2_TV_3(1.0),A,082053,RESPOP_AV,T,Y_GE65,TOTAL,ALL,99,ALL,ALL,2021,141779,,,,,,,,ALL_N1,99_N1,,,,,,
IT1:DF_DCSS_ISTR_LAV_PEN_2_TV_3(1.0),A,082053,RESPOP_AV,T,Y_GE65,TOTAL,ALL,99,ALL,ALL,2022,143413,,,,,,,,ALL_N1,99_N1,,,,,,
IT1:DF_DCSS_ISTR_LAV_PEN_2_TV_3(1.0),A,082053,RESPOP_AV,T,Y_GE65,TOTAL,ALL,99,ALL,ALL,2023,145381,,,,,,,,ALL_N1,99_N1,,,,,,
IT1:DF_DCSS_ISTR_LAV_PEN_2_TV_3(1.0),A,082053,RESPOP_AV,T,Y_GE65,TOTAL,ALL,99,ALL,ALL,2024,147799,,,,,,,,ALL_N1,99_N1,,,,,,
IT1:DF_DCSS_ISTR_LAV_PEN_2_TV_3(1.0),A,082053,RESPOP_AV,T,Y15-24,TOTAL,ALL,1,ALL,ALL,2018,6565,,,,,,,,ALL_N1,,,,,,,
IT1:DF_DCSS_ISTR_LAV_PEN_2_TV_3(1.0),A,082053,RESPOP_AV,T,Y15-24,TOTAL,ALL,1,ALL,ALL,2019,6694,,,,,,,,ALL_N1,,,,,,,
IT1:DF_DCSS_ISTR_LAV_PEN_2_TV_3(1.0),A,082053,RESPOP_AV,T,Y15-24,TOTAL,ALL,1,ALL,ALL,2021,7199,,,,,,,,ALL_N1,,,,,,,
IT1:DF_DCSS_ISTR_LAV_PEN_2_TV_3(1.0),A,082053,RESPOP_AV,T,Y15-24,TOTAL,ALL,1,ALL,ALL,2022,8038,,,,,,,,ALL_N1,,,,,,,
IT1:DF_DCSS_ISTR_LAV_PEN_2_TV_3(1.0),A,082053,RESPOP_AV,T,Y15-24,TOTAL,ALL,1,ALL,ALL,2023,8328,,,,,,,,ALL_N1,,,,,,,
IT1:DF_DCSS_ISTR_LAV_PEN_2_TV_3(1.0),A,082053,RESPOP_AV,T,Y15-24,TOTAL,ALL,1,ALL,ALL,2024,8816,,,,,,,,ALL_N1,,,,,,,
IT1:DF_DCSS_ISTR_LAV_PEN_2_TV_3(1.0),A,082053,RESPOP_AV,T,Y15-24,TOTAL,ALL,12,ALL,ALL,2018,13876,,,,,,,,ALL_N1,,,,,,,
IT1:DF_DCSS_ISTR_LAV_PEN_2_TV_3(1.0),A,082053,RESPOP_AV,T,Y15-24,TOTAL,ALL,12,ALL,ALL,2019,13160,,,,,,,,ALL_N1,,,,,,,
IT1:DF_DCSS_ISTR_LAV_PEN_2_TV_3(1.0),A,082053,RESPOP_AV,T,Y15-24,TOTAL,ALL,12,ALL,ALL,2021,6881.23660149218,,,,,,,,ALL_N1,,,,,,,
IT1:DF_DCSS_ISTR_LAV_PEN_2_TV_3(1.0),A,082053,RESPOP_AV,T,Y15-24,TOTAL,ALL,12,ALL,ALL,2022,6704.56004242072,,,,,,,,ALL_N1,,,,,,,
IT1:DF_DCSS_ISTR_LAV_PEN_2_TV_3(1.0),A,082053,RESPOP_AV,T,Y15-24,TOTAL,ALL,12,ALL,ALL,2023,6408.764323054102,,,,,,,,ALL_N1,,,,,,,
IT1:DF_DCSS_ISTR_LAV_PEN_2_TV_3(1.0),A,082053,RESPOP_AV,T,Y15-24,TOTAL,ALL,12,ALL,ALL,2024,5553.391286022149,,,,,,,,ALL_N1,,,,,,,
IT1:DF_DCSS_ISTR_LAV_PEN_2_TV_3(1.0),A,082053,RESPOP_AV,T,Y15-24,TOTAL,ALL,22,ALL,ALL,2018,20441,,,,,,,,ALL_N1,,,,,,,
IT1:DF_DCSS_ISTR_LAV_PEN_2_TV_3(1.0),A,082053,RESPOP_AV,T,Y15-24,TOTAL,ALL,22,ALL,ALL,2019,19854,,,,,,,,ALL_N1,,,,,,,
IT1:DF_DCSS_ISTR_LAV_PEN_2_TV_3(1.0),A,082053,RESPOP_AV,T,Y15-24,TOTAL,ALL,22,ALL,ALL,2021,14080.2366014922,,,,,,,,ALL_N1,,,,,,,
IT1:DF_DCSS_ISTR_LAV_PEN_2_TV_3(1.0),A,082053,RESPOP_AV,T,Y15-24,TOTAL,ALL,22,ALL,ALL,2022,14742.5600424207,,,,,,,,ALL_N1,,,,,,,
IT1:DF_DCSS_ISTR_LAV_PEN_2_TV_3(1.0),A,082053,RESPOP_AV,T,Y15-24,TOTAL,ALL,22,ALL,ALL,2023,14736.764323054102,,,,,,,,ALL_N1,,,,,,,
IT1:DF_DCSS_ISTR_LAV_PEN_2_TV_3(1.0),A,082053,RESPOP_AV,T,Y15-24,TOTAL,ALL,22,ALL,ALL,2024,14369.391286022148,,,,,,,,ALL_N1,,,,,,,
IT1:DF_DCSS_ISTR_LAV_PEN_2_TV_3(1.0),A,082053,RESPOP_AV,T,Y15-24,TOTAL,ALL,23,ALL,ALL,2018,50317,,,,,,,,ALL_N1,,,,,,,
IT1:DF_DCSS_ISTR_LAV_PEN_2_TV_3(1.0),A,082053,RESPOP_AV,T,Y15-24,TOTAL,ALL,23,ALL,ALL,2019,49753,,,,,,,,ALL_N1,,,,,,,
IT1:DF_DCSS_ISTR_LAV_PEN_2_TV_3(1.0),A,082053,RESPOP_AV,T,Y15-24,TOTAL,ALL,23,ALL,ALL,2021,52548.7633985078,,,,,,,,ALL_N1,,,,,,,
IT1:DF_DCSS_ISTR_LAV_PEN_2_TV_3(1.0),A,082053,RESPOP_AV,T,Y15-24,TOTAL,ALL,23,ALL,ALL,2022,51989.4399575793,,,,,,,,ALL_N1,,,,,,,
IT1:DF_DCSS_ISTR_LAV_PEN_2_TV_3(1.0),A,082053,RESPOP_AV,T,Y15-24,TOTAL,ALL,23,ALL,ALL,2023,52203.23567694589,,,,,,,,ALL_N1,,,,,,,
IT1:DF_DCSS_ISTR_LAV_PEN_2_TV_3(1.0),A,082053,RESPOP_AV,T,Y15-24,TOTAL,ALL,23,ALL,ALL,2024,52665.608713977854,,,,,,,,ALL_N1,,,,,,,
IT1:DF_DCSS_ISTR_LAV_PEN_2_TV_3(1.0),A,082053,RESPOP_AV,T,Y15-24,TOTAL,ALL,24,ALL,ALL,2018,83,,,,,,,,ALL_N1,,,,,,,
IT1:DF_DCSS_ISTR_LAV_PEN_2_TV_3(1.0),A,082053,RESPOP_AV,T,Y15-24,TOTAL,ALL,24,ALL,ALL,2019,111,,,,,,,,ALL_N1,,,,,,,
IT1:DF_DCSS_ISTR_LAV_PEN_2_TV_3(1.0),A,082053,RESPOP_AV,T,Y15-24,TOTAL,ALL,24,ALL,ALL,2021,83.1585187874041,,,,,,,,ALL_N1,,,,,,,
IT1:DF_DCSS_ISTR_LAV_PEN_2_TV_3(1.0),A,082053,RESPOP_AV,T,Y15-24,TOTAL,ALL,24,ALL,ALL,2022,113.405085026703,,,,,,,,ALL_N1,,,,,,,
IT1:DF_DCSS_ISTR_LAV_PEN_2_TV_3(1.0),A,082053,RESPOP_AV,T,Y15-24,TOTAL,ALL,24,ALL,ALL,2023,111.10700863208935,,,,,,,,ALL_N1,,,,,,,
IT1:DF_DCSS_ISTR_LAV_PEN_2_TV_3(1.0),A,082053,RESPOP_AV,T,Y15-24,TOTAL,ALL,24,ALL,ALL,2024,171.0372551740174,,,,,,,,ALL_N1,,,,,,,
IT1:DF_DCSS_ISTR_LAV_PEN_2_TV_3(1.0),A,082053,RESPOP_AV,T,Y15-24,TOTAL,ALL,4,ALL,ALL,2018,3639,,,,,,,,ALL_N1,,,,,,,
IT1:DF_DCSS_ISTR_LAV_PEN_2_TV_3(1.0),A,082053,RESPOP_AV,T,Y15-24,TOTAL,ALL,4,ALL,ALL,2019,3552,,,,,,,,ALL_N1,,,,,,,
IT1:DF_DCSS_ISTR_LAV_PEN_2_TV_3(1.0),A,082053,RESPOP_AV,T,Y15-24,TOTAL,ALL,4,ALL,ALL,2021,4515.30170100277,,,,,,,,ALL_N1,,,,,,,
IT1:DF_DCSS_ISTR_LAV_PEN_2_TV_3(1.0),A,082053,RESPOP_AV,T,Y15-24,TOTAL,ALL,4,ALL,ALL,2022,3679.27579234543,,,,,,,,ALL_N1,,,,,,,
IT1:DF_DCSS_ISTR_LAV_PEN_2_TV_3(1.0),A,082053,RESPOP_AV,T,Y15-24,TOTAL,ALL,4,ALL,ALL,2023,4029.3021785111696,,,,,,,,ALL_N1,,,,,,,
IT1:DF_DCSS_ISTR_LAV_PEN_2_TV_3(1.0),A,082053,RESPOP_AV,T,Y15-24,TOTAL,ALL,4,ALL,ALL,2024,4180.783314347684,,,,,,,,ALL_N1,,,,,,,
IT1:DF_DCSS_ISTR_LAV_PEN_2_TV_3(1.0),A,082053,RESPOP_AV,T,Y15-24,TOTAL,ALL,5,ALL,ALL,2018,40352,,,,,,,,ALL_N1,,,,,,,
IT1:DF_DCSS_ISTR_LAV_PEN_2_TV_3(1.0),A,082053,RESPOP_AV,T,Y15-24,TOTAL,ALL,5,ALL,ALL,2019,41137,,,,,,,,ALL_N1,,,,,,,
IT1:DF_DCSS_ISTR_LAV_PEN_2_TV_3(1.0),A,082053,RESPOP_AV,T,Y15-24,TOTAL,ALL,5,ALL,ALL,2021,42313.8075456378,,,,,,,,ALL_N1,,,,,,,
IT1:DF_DCSS_ISTR_LAV_PEN_2_TV_3(1.0),A,082053,RESPOP_AV,T,Y15-24,TOTAL,ALL,5,ALL,ALL,2022,42854.7492735391,,,,,,,,ALL_N1,,,,,,,
IT1:DF_DCSS_ISTR_LAV_PEN_2_TV_3(1.0),A,082053,RESPOP_AV,T,Y15-24,TOTAL,ALL,5,ALL,ALL,2023,42794.69222672,,,,,,,,ALL_N1,,,,,,,
IT1:DF_DCSS_ISTR_LAV_PEN_2_TV_3(1.0),A,082053,RESPOP_AV,T,Y15-24,TOTAL,ALL,5,ALL,ALL,2024,42379.25690284712,,,,,,,,ALL_N1,,,,,,,
IT1:DF_DCSS_ISTR_LAV_PEN_2_TV_3(1.0),A,082053,RESPOP_AV,T,Y15-24,TOTAL,ALL,7,ALL,ALL,2018,6243,,,,,,,,ALL_N1,,,,,,,
IT1:DF_DCSS_ISTR_LAV_PEN_2_TV_3(1.0),A,082053,RESPOP_AV,T,Y15-24,TOTAL,ALL,7,ALL,ALL,2019,4953,,,,,,,,ALL_N1,,,,,,,
IT1:DF_DCSS_ISTR_LAV_PEN_2_TV_3(1.0),A,082053,RESPOP_AV,T,Y15-24,TOTAL,ALL,7,ALL,ALL,2021,5636.49563307986,,,,,,,,ALL_N1,,,,,,,
IT1:DF_DCSS_ISTR_LAV_PEN_2_TV_3(1.0),A,082053,RESPOP_AV,T,Y15-24,TOTAL,ALL,7,ALL,ALL,2022,5342.00980666804,,,,,,,,ALL_N1,,,,,,,
IT1:DF_DCSS_ISTR_LAV_PEN_2_TV_3(1.0),A,082053,RESPOP_AV,T,Y15-24,TOTAL,ALL,7,ALL,ALL,2023,5268.134263082636,,,,,,,,ALL_N1,,,,,,,
IT1:DF_DCSS_ISTR_LAV_PEN_2_TV_3(1.0),A,082053,RESPOP_AV,T,Y15-24,TOTAL,ALL,7,ALL,ALL,2024,5934.531241609032,,,,,,,,ALL_N1,,,,,,,
IT1:DF_DCSS_ISTR_LAV_PEN_2_TV_3(1.0),A,082053,RESPOP_AV,T,Y15-24,TOTAL,ALL,99,ALL,ALL,2018,70758,,,,,,,,ALL_N1,99_N1,,,,,,
IT1:DF_DCSS_ISTR_LAV_PEN_2_TV_3(1.0),A,082053,RESPOP_AV,T,Y15-24,TOTAL,ALL,99,ALL,ALL,2019,69607,,,,,,,,ALL_N1,99_N1,,,,,,
IT1:DF_DCSS_ISTR_LAV_PEN_2_TV_3(1.0),A,082053,RESPOP_AV,T,Y15-24,TOTAL,ALL,99,ALL,ALL,2021,66629,,,,,,,,ALL_N1,99_N1,,,,,,
IT1:DF_DCSS_ISTR_LAV_PEN_2_TV_3(1.0),A,082053,RESPOP_AV,T,Y15-24,TOTAL,ALL,99,ALL,ALL,2022,66732,,,,,,,,ALL_N1,99_N1,,,,,,
IT1:DF_DCSS_ISTR_LAV_PEN_2_TV_3(1.0),A,082053,RESPOP_AV,T,Y15-24,TOTAL,ALL,99,ALL,ALL,2023,66939.99999999999,,,,,,,,ALL_N1,99_N1,,,,,,
IT1:DF_DCSS_ISTR_LAV_PEN_2_TV_3(1.0),A,082053,RESPOP_AV,T,Y15-24,TOTAL,ALL,99,ALL,ALL,2024,67035,,,,,,,,ALL_N1,99_N1,,,,,,
IT1:DF_DCSS_ISTR_LAV_PEN_2_TV_3(1.0),A,082053,RESPOP_AV,T,Y25-49,TOTAL,ALL,1,ALL,ALL,2018,104607,,,,,,,,ALL_N1,,,,,,,
IT1:DF_DCSS_ISTR_LAV_PEN_2_TV_3(1.0),A,082053,RESPOP_AV,T,Y25-49,TOTAL,ALL,1,ALL,ALL,2019,103805,,,,,,,,ALL_N1,,,,,,,
IT1:DF_DCSS_ISTR_LAV_PEN_2_TV_3(1.0),A,082053,RESPOP_AV,T,Y25-49,TOTAL,ALL,1,ALL,ALL,2021,106094,,,,,,,,ALL_N1,,,,,,,
IT1:DF_DCSS_ISTR_LAV_PEN_2_TV_3(1.0),A,082053,RESPOP_AV,T,Y25-49,TOTAL,ALL,1,ALL,ALL,2022,105982,,,,,,,,ALL_N1,,,,,,,
IT1:DF_DCSS_ISTR_LAV_PEN_2_TV_3(1.0),A,082053,RESPOP_AV,T,Y25-49,TOTAL,ALL,1,ALL,ALL,2023,107739,,,,,,,,ALL_N1,,,,,,,
IT1:DF_DCSS_ISTR_LAV_PEN_2_TV_3(1.0),A,082053,RESPOP_AV,T,Y25-49,TOTAL,ALL,1,ALL,ALL,2024,109227,,,,,,,,ALL_N1,,,,,,,
IT1:DF_DCSS_ISTR_LAV_PEN_2_TV_3(1.0),A,082053,RESPOP_AV,T,Y25-49,TOTAL,ALL,12,ALL,ALL,2018,47765,,,,,,,,ALL_N1,,,,,,,
IT1:DF_DCSS_ISTR_LAV_PEN_2_TV_3(1.0),A,082053,RESPOP_AV,T,Y25-49,TOTAL,ALL,12,ALL,ALL,2019,44218,,,,,,,,ALL_N1,,,,,,,
IT1:DF_DCSS_ISTR_LAV_PEN_2_TV_3(1.0),A,082053,RESPOP_AV,T,Y25-49,TOTAL,ALL,12,ALL,ALL,2021,23145.8046854437,,,,,,,,ALL_N1,,,,,,,
IT1:DF_DCSS_ISTR_LAV_PEN_2_TV_3(1.0),A,082053,RESPOP_AV,T,Y25-49,TOTAL,ALL,12,ALL,ALL,2022,23156.4977768294,,,,,,,,ALL_N1,,,,,,,
IT1:DF_DCSS_ISTR_LAV_PEN_2_TV_3(1.0),A,082053,RESPOP_AV,T,Y25-49,TOTAL,ALL,12,ALL,ALL,2023,20089.807768321974,,,,,,,,ALL_N1,,,,,,,
IT1:DF_DCSS_ISTR_LAV_PEN_2_TV_3(1.0),A,082053,RESPOP_AV,T,Y25-49,TOTAL,ALL,12,ALL,ALL,2024,17443.62935664456,,,,,,,,ALL_N1,,,,,,,
IT1:DF_DCSS_ISTR_LAV_PEN_2_TV_3(1.0),A,082053,RESPOP_AV,T,Y25-49,TOTAL,ALL,22,ALL,ALL,2018,152372,,,,,,,,ALL_N1,,,,,,,
IT1:DF_DCSS_ISTR_LAV_PEN_2_TV_3(1.0),A,082053,RESPOP_AV,T,Y25-49,TOTAL,ALL,22,ALL,ALL,2019,148023,,,,,,,,ALL_N1,,,,,,,
IT1:DF_DCSS_ISTR_LAV_PEN_2_TV_3(1.0),A,082053,RESPOP_AV,T,Y25-49,TOTAL,ALL,22,ALL,ALL,2021,129239.804685444,,,,,,,,ALL_N1,,,,,,,
IT1:DF_DCSS_ISTR_LAV_PEN_2_TV_3(1.0),A,082053,RESPOP_AV,T,Y25-49,TOTAL,ALL,22,ALL,ALL,2022,129138.497776829,,,,,,,,ALL_N1,,,,,,,
IT1:DF_DCSS_ISTR_LAV_PEN_2_TV_3(1.0),A,082053,RESPOP_AV,T,Y25-49,TOTAL,ALL,22,ALL,ALL,2023,127828.80776832197,,,,,,,,ALL_N1,,,,,,,
IT1:DF_DCSS_ISTR_LAV_PEN_2_TV_3(1.0),A,082053,RESPOP_AV,T,Y25-49,TOTAL,ALL,22,ALL,ALL,2024,126670.62935664455,,,,,,,,ALL_N1,,,,,,,
IT1:DF_DCSS_ISTR_LAV_PEN_2_TV_3(1.0),A,082053,RESPOP_AV,T,Y25-49,TOTAL,ALL,23,ALL,ALL,2018,61291,,,,,,,,ALL_N1,,,,,,,
IT1:DF_DCSS_ISTR_LAV_PEN_2_TV_3(1.0),A,082053,RESPOP_AV,T,Y25-49,TOTAL,ALL,23,ALL,ALL,2019,60103,,,,,,,,ALL_N1,,,,,,,
IT1:DF_DCSS_ISTR_LAV_PEN_2_TV_3(1.0),A,082053,RESPOP_AV,T,Y25-49,TOTAL,ALL,23,ALL,ALL,2021,67522.1953145563,,,,,,,,ALL_N1,,,,,,,
IT1:DF_DCSS_ISTR_LAV_PEN_2_TV_3(1.0),A,082053,RESPOP_AV,T,Y25-49,TOTAL,ALL,23,ALL,ALL,2022,63940.5022231706,,,,,,,,ALL_N1,,,,,,,
IT1:DF_DCSS_ISTR_LAV_PEN_2_TV_3(1.0),A,082053,RESPOP_AV,T,Y25-49,TOTAL,ALL,23,ALL,ALL,2023,62250.192231678026,,,,,,,,ALL_N1,,,,,,,
IT1:DF_DCSS_ISTR_LAV_PEN_2_TV_3(1.0),A,082053,RESPOP_AV,T,Y25-49,TOTAL,ALL,23,ALL,ALL,2024,60336.37064335544,,,,,,,,ALL_N1,,,,,,,
IT1:DF_DCSS_ISTR_LAV_PEN_2_TV_3(1.0),A,082053,RESPOP_AV,T,Y25-49,TOTAL,ALL,24,ALL,ALL,2018,1690,,,,,,,,ALL_N1,,,,,,,
IT1:DF_DCSS_ISTR_LAV_PEN_2_TV_3(1.0),A,082053,RESPOP_AV,T,Y25-49,TOTAL,ALL,24,ALL,ALL,2019,1793,,,,,,,,ALL_N1,,,,,,,
IT1:DF_DCSS_ISTR_LAV_PEN_2_TV_3(1.0),A,082053,RESPOP_AV,T,Y25-49,TOTAL,ALL,24,ALL,ALL,2021,1629.64096516909,,,,,,,,ALL_N1,,,,,,,
IT1:DF_DCSS_ISTR_LAV_PEN_2_TV_3(1.0),A,082053,RESPOP_AV,T,Y25-49,TOTAL,ALL,24,ALL,ALL,2022,1628.36337795377,,,,,,,,ALL_N1,,,,,,,
IT1:DF_DCSS_ISTR_LAV_PEN_2_TV_3(1.0),A,082053,RESPOP_AV,T,Y25-49,TOTAL,ALL,24,ALL,ALL,2023,1719.3100939145959,,,,,,,,ALL_N1,,,,,,,
IT1:DF_DCSS_ISTR_LAV_PEN_2_TV_3(1.0),A,082053,RESPOP_AV,T,Y25-49,TOTAL,ALL,24,ALL,ALL,2024,2025.1027058564298,,,,,,,,ALL_N1,,,,,,,
IT1:DF_DCSS_ISTR_LAV_PEN_2_TV_3(1.0),A,082053,RESPOP_AV,T,Y25-49,TOTAL,ALL,4,ALL,ALL,2018,37219,,,,,,,,ALL_N1,,,,,,,
IT1:DF_DCSS_ISTR_LAV_PEN_2_TV_3(1.0),A,082053,RESPOP_AV,T,Y25-49,TOTAL,ALL,4,ALL,ALL,2019,36527,,,,,,,,ALL_N1,,,,,,,
IT1:DF_DCSS_ISTR_LAV_PEN_2_TV_3(1.0),A,082053,RESPOP_AV,T,Y25-49,TOTAL,ALL,4,ALL,ALL,2021,40290.6661027589,,,,,,,,ALL_N1,,,,,,,
IT1:DF_DCSS_ISTR_LAV_PEN_2_TV_3(1.0),A,082053,RESPOP_AV,T,Y25-49,TOTAL,ALL,4,ALL,ALL,2022,37260.3265349282,,,,,,,,ALL_N1,,,,,,,
IT1:DF_DCSS_ISTR_LAV_PEN_2_TV_3(1.0),A,082053,RESPOP_AV,T,Y25-49,TOTAL,ALL,4,ALL,ALL,2023,37345.48246022862,,,,,,,,ALL_N1,,,,,,,
IT1:DF_DCSS_ISTR_LAV_PEN_2_TV_3(1.0),A,082053,RESPOP_AV,T,Y25-49,TOTAL,ALL,4,ALL,ALL,2024,35164.09793613418,,,,,,,,ALL_N1,,,,,,,
IT1:DF_DCSS_ISTR_LAV_PEN_2_TV_3(1.0),A,082053,RESPOP_AV,T,Y25-49,TOTAL,ALL,5,ALL,ALL,2018,6837,,,,,,,,ALL_N1,,,,,,,
IT1:DF_DCSS_ISTR_LAV_PEN_2_TV_3(1.0),A,082053,RESPOP_AV,T,Y25-49,TOTAL,ALL,5,ALL,ALL,2019,6853,,,,,,,,ALL_N1,,,,,,,
IT1:DF_DCSS_ISTR_LAV_PEN_2_TV_3(1.0),A,082053,RESPOP_AV,T,Y25-49,TOTAL,ALL,5,ALL,ALL,2021,7515.5340846593,,,,,,,,ALL_N1,,,,,,,
IT1:DF_DCSS_ISTR_LAV_PEN_2_TV_3(1.0),A,082053,RESPOP_AV,T,Y25-49,TOTAL,ALL,5,ALL,ALL,2022,7304.79065031101,,,,,,,,ALL_N1,,,,,,,
IT1:DF_DCSS_ISTR_LAV_PEN_2_TV_3(1.0),A,082053,RESPOP_AV,T,Y25-49,TOTAL,ALL,5,ALL,ALL,2023,6154.113482925581,,,,,,,,ALL_N1,,,,,,,
IT1:DF_DCSS_ISTR_LAV_PEN_2_TV_3(1.0),A,082053,RESPOP_AV,T,Y25-49,TOTAL,ALL,5,ALL,ALL,2024,6187.493236139433,,,,,,,,ALL_N1,,,,,,,
IT1:DF_DCSS_ISTR_LAV_PEN_2_TV_3(1.0),A,082053,RESPOP_AV,T,Y25-49,TOTAL,ALL,7,ALL,ALL,2018,15545,,,,,,,,ALL_N1,,,,,,,
IT1:DF_DCSS_ISTR_LAV_PEN_2_TV_3(1.0),A,082053,RESPOP_AV,T,Y25-49,TOTAL,ALL,7,ALL,ALL,2019,14930,,,,,,,,ALL_N1,,,,,,,
IT1:DF_DCSS_ISTR_LAV_PEN_2_TV_3(1.0),A,082053,RESPOP_AV,T,Y25-49,TOTAL,ALL,7,ALL,ALL,2021,18086.354161969,,,,,,,,ALL_N1,,,,,,,
IT1:DF_DCSS_ISTR_LAV_PEN_2_TV_3(1.0),A,082053,RESPOP_AV,T,Y25-49,TOTAL,ALL,7,ALL,ALL,2022,17747.0216599777,,,,,,,,ALL_N1,,,,,,,
IT1:DF_DCSS_ISTR_LAV_PEN_2_TV_3(1.0),A,082053,RESPOP_AV,T,Y25-49,TOTAL,ALL,7,ALL,ALL,2023,17031.286194609227,,,,,,,,ALL_N1,,,,,,,
IT1:DF_DCSS_ISTR_LAV_PEN_2_TV_3(1.0),A,082053,RESPOP_AV,T,Y25-49,TOTAL,ALL,7,ALL,ALL,2024,16959.67676522539,,,,,,,,ALL_N1,,,,,,,
IT1:DF_DCSS_ISTR_LAV_PEN_2_TV_3(1.0),A,082053,RESPOP_AV,T,Y25-49,TOTAL,ALL,99,ALL,ALL,2018,213663,,,,,,,,ALL_N1,99_N1,,,,,,
IT1:DF_DCSS_ISTR_LAV_PEN_2_TV_3(1.0),A,082053,RESPOP_AV,T,Y25-49,TOTAL,ALL,99,ALL,ALL,2019,208126,,,,,,,,ALL_N1,99_N1,,,,,,
IT1:DF_DCSS_ISTR_LAV_PEN_2_TV_3(1.0),A,082053,RESPOP_AV,T,Y25-49,TOTAL,ALL,99,ALL,ALL,2020,200132,,,,,,,,ALL_N1,99_N1,,,,,,
IT1:DF_DCSS_ISTR_LAV_PEN_2_TV_3(1.0),A,082053,RESPOP_AV,T,Y25-49,TOTAL,ALL,99,ALL,ALL,2021,196762,,,,,,,,ALL_N1,99_N1,,,,,,
IT1:DF_DCSS_ISTR_LAV_PEN_2_TV_3(1.0),A,082053,RESPOP_AV,T,Y25-49,TOTAL,ALL,99,ALL,ALL,2022,193079,,,,,,,,ALL_N1,99_N1,,,,,,
IT1:DF_DCSS_ISTR_LAV_PEN_2_TV_3(1.0),A,082053,RESPOP_AV,T,Y25-49,TOTAL,ALL,99,ALL,ALL,2023,190079,,,,,,,,ALL_N1,99_N1,,,,,,
IT1:DF_DCSS_ISTR_LAV_PEN_2_TV_3(1.0),A,082053,RESPOP_AV,T,Y25-49,TOTAL,ALL,99,ALL,ALL,2024,187007,,,,,,,,ALL_N1,99_N1,,,,,,
IT1:DF_DCSS_ISTR_LAV_PEN_2_TV_3(1.0),A,082053,RESPOP_AV,T,Y50-64,TOTAL,ALL,1,ALL,ALL,2018,69139,,,,,,,,ALL_N1,,,,,,,
IT1:DF_DCSS_ISTR_LAV_PEN_2_TV_3(1.0),A,082053,RESPOP_AV,T,Y50-64,TOTAL,ALL,1,ALL,ALL,2019,70015,,,,,,,,ALL_N1,,,,,,,
IT1:DF_DCSS_ISTR_LAV_PEN_2_TV_3(1.0),A,082053,RESPOP_AV,T,Y50-64,TOTAL,ALL,1,ALL,ALL,2021,74049,,,,,,,,ALL_N1,,,,,,,
IT1:DF_DCSS_ISTR_LAV_PEN_2_TV_3(1.0),A,082053,RESPOP_AV,T,Y50-64,TOTAL,ALL,1,ALL,ALL,2022,74805,,,,,,,,ALL_N1,,,,,,,
IT1:DF_DCSS_ISTR_LAV_PEN_2_TV_3(1.0),A,082053,RESPOP_AV,T,Y50-64,TOTAL,ALL,1,ALL,ALL,2023,76863,,,,,,,,ALL_N1,,,,,,,
IT1:DF_DCSS_ISTR_LAV_PEN_2_TV_3(1.0),A,082053,RESPOP_AV,T,Y50-64,TOTAL,ALL,1,ALL,ALL,2024,79750,,,,,,,,ALL_N1,,,,,,,
IT1:DF_DCSS_ISTR_LAV_PEN_2_TV_3(1.0),A,082053,RESPOP_AV,T,Y50-64,TOTAL,ALL,12,ALL,ALL,2018,17618,,,,,,,,ALL_N1,,,,,,,
IT1:DF_DCSS_ISTR_LAV_PEN_2_TV_3(1.0),A,082053,RESPOP_AV,T,Y50-64,TOTAL,ALL,12,ALL,ALL,2019,16971,,,,,,,,ALL_N1,,,,,,,
IT1:DF_DCSS_ISTR_LAV_PEN_2_TV_3(1.0),A,082053,RESPOP_AV,T,Y50-64,TOTAL,ALL,12,ALL,ALL,2021,9248.15128916226,,,,,,,,ALL_N1,,,,,,,
IT1:DF_DCSS_ISTR_LAV_PEN_2_TV_3(1.0),A,082053,RESPOP_AV,T,Y50-64,TOTAL,ALL,12,ALL,ALL,2022,9523.32111010571,,,,,,,,ALL_N1,,,,,,,
IT1:DF_DCSS_ISTR_LAV_PEN_2_TV_3(1.0),A,082053,RESPOP_AV,T,Y50-64,TOTAL,ALL,12,ALL,ALL,2023,8725.305464411114,,,,,,,,ALL_N1,,,,,,,
IT1:DF_DCSS_ISTR_LAV_PEN_2_TV_3(1.0),A,082053,RESPOP_AV,T,Y50-64,TOTAL,ALL,12,ALL,ALL,2024,7733.17655457789,,,,,,,,ALL_N1,,,,,,,
IT1:DF_DCSS_ISTR_LAV_PEN_2_TV_3(1.0),A,082053,RESPOP_AV,T,Y50-64,TOTAL,ALL,22,ALL,ALL,2018,86757,,,,,,,,ALL_N1,,,,,,,
IT1:DF_DCSS_ISTR_LAV_PEN_2_TV_3(1.0),A,082053,RESPOP_AV,T,Y50-64,TOTAL,ALL,22,ALL,ALL,2019,86986,,,,,,,,ALL_N1,,,,,,,
IT1:DF_DCSS_ISTR_LAV_PEN_2_TV_3(1.0),A,082053,RESPOP_AV,T,Y50-64,TOTAL,ALL,22,ALL,ALL,2021,83297.1512891623,,,,,,,,ALL_N1,,,,,,,
IT1:DF_DCSS_ISTR_LAV_PEN_2_TV_3(1.0),A,082053,RESPOP_AV,T,Y50-64,TOTAL,ALL,22,ALL,ALL,2022,84328.3211101057,,,,,,,,ALL_N1,,,,,,,
IT1:DF_DCSS_ISTR_LAV_PEN_2_TV_3(1.0),A,082053,RESPOP_AV,T,Y50-64,TOTAL,ALL,22,ALL,ALL,2023,85588.30546441111,,,,,,,,ALL_N1,,,,,,,
IT1:DF_DCSS_ISTR_LAV_PEN_2_TV_3(1.0),A,082053,RESPOP_AV,T,Y50-64,TOTAL,ALL,22,ALL,ALL,2024,87483.17655457789,,,,,,,,ALL_N1,,,,,,,
IT1:DF_DCSS_ISTR_LAV_PEN_2_TV_3(1.0),A,082053,RESPOP_AV,T,Y50-64,TOTAL,ALL,23,ALL,ALL,2018,53217,,,,,,,,ALL_N1,,,,,,,
IT1:DF_DCSS_ISTR_LAV_PEN_2_TV_3(1.0),A,082053,RESPOP_AV,T,Y50-64,TOTAL,ALL,23,ALL,ALL,2019,53615,,,,,,,,ALL_N1,,,,,,,
IT1:DF_DCSS_ISTR_LAV_PEN_2_TV_3(1.0),A,082053,RESPOP_AV,T,Y50-64,TOTAL,ALL,23,ALL,ALL,2021,57849.8487108377,,,,,,,,ALL_N1,,,,,,,
IT1:DF_DCSS_ISTR_LAV_PEN_2_TV_3(1.0),A,082053,RESPOP_AV,T,Y50-64,TOTAL,ALL,23,ALL,ALL,2022,57345.6788898943,,,,,,,,ALL_N1,,,,,,,
IT1:DF_DCSS_ISTR_LAV_PEN_2_TV_3(1.0),A,082053,RESPOP_AV,T,Y50-64,TOTAL,ALL,23,ALL,ALL,2023,56534.69453558889,,,,,,,,ALL_N1,,,,,,,
IT1:DF_DCSS_ISTR_LAV_PEN_2_TV_3(1.0),A,082053,RESPOP_AV,T,Y50-64,TOTAL,ALL,23,ALL,ALL,2024,55471.82344542211,,,,,,,,ALL_N1,,,,,,,
IT1:DF_DCSS_ISTR_LAV_PEN_2_TV_3(1.0),A,082053,RESPOP_AV,T,Y50-64,TOTAL,ALL,24,ALL,ALL,2018,7954,,,,,,,,ALL_N1,,,,,,,
IT1:DF_DCSS_ISTR_LAV_PEN_2_TV_3(1.0),A,082053,RESPOP_AV,T,Y50-64,TOTAL,ALL,24,ALL,ALL,2019,8062,,,,,,,,ALL_N1,,,,,,,
IT1:DF_DCSS_ISTR_LAV_PEN_2_TV_3(1.0),A,082053,RESPOP_AV,T,Y50-64,TOTAL,ALL,24,ALL,ALL,2021,7475.45007659908,,,,,,,,ALL_N1,,,,,,,
IT1:DF_DCSS_ISTR_LAV_PEN_2_TV_3(1.0),A,082053,RESPOP_AV,T,Y50-64,TOTAL,ALL,24,ALL,ALL,2022,6392.91724336463,,,,,,,,ALL_N1,,,,,,,
IT1:DF_DCSS_ISTR_LAV_PEN_2_TV_3(1.0),A,082053,RESPOP_AV,T,Y50-64,TOTAL,ALL,24,ALL,ALL,2023,5993.93358535875,,,,,,,,ALL_N1,,,,,,,
IT1:DF_DCSS_ISTR_LAV_PEN_2_TV_3(1.0),A,082053,RESPOP_AV,T,Y50-64,TOTAL,ALL,24,ALL,ALL,2024,5806.683157271998,,,,,,,,ALL_N1,,,,,,,
IT1:DF_DCSS_ISTR_LAV_PEN_2_TV_3(1.0),A,082053,RESPOP_AV,T,Y50-64,TOTAL,ALL,4,ALL,ALL,2018,34292,,,,,,,,ALL_N1,,,,,,,
IT1:DF_DCSS_ISTR_LAV_PEN_2_TV_3(1.0),A,082053,RESPOP_AV,T,Y50-64,TOTAL,ALL,4,ALL,ALL,2019,34581,,,,,,,,ALL_N1,,,,,,,
IT1:DF_DCSS_ISTR_LAV_PEN_2_TV_3(1.0),A,082053,RESPOP_AV,T,Y50-64,TOTAL,ALL,4,ALL,ALL,2021,36739.1594813111,,,,,,,,ALL_N1,,,,,,,
IT1:DF_DCSS_ISTR_LAV_PEN_2_TV_3(1.0),A,082053,RESPOP_AV,T,Y50-64,TOTAL,ALL,4,ALL,ALL,2022,36084.3184291736,,,,,,,,ALL_N1,,,,,,,
IT1:DF_DCSS_ISTR_LAV_PEN_2_TV_3(1.0),A,082053,RESPOP_AV,T,Y50-64,TOTAL,ALL,4,ALL,ALL,2023,36507.48341920203,,,,,,,,ALL_N1,,,,,,,
IT1:DF_DCSS_ISTR_LAV_PEN_2_TV_3(1.0),A,082053,RESPOP_AV,T,Y50-64,TOTAL,ALL,4,ALL,ALL,2024,35757.62204616152,,,,,,,,ALL_N1,,,,,,,
IT1:DF_DCSS_ISTR_LAV_PEN_2_TV_3(1.0),A,082053,RESPOP_AV,T,Y50-64,TOTAL,ALL,5,ALL,ALL,2018,76,,,,,,,,ALL_N1,,,,,,,
IT1:DF_DCSS_ISTR_LAV_PEN_2_TV_3(1.0),A,082053,RESPOP_AV,T,Y50-64,TOTAL,ALL,5,ALL,ALL,2019,75,,,,,,,,ALL_N1,,,,,,,
IT1:DF_DCSS_ISTR_LAV_PEN_2_TV_3(1.0),A,082053,RESPOP_AV,T,Y50-64,TOTAL,ALL,5,ALL,ALL,2021,173.537488596949,,,,,,,,ALL_N1,,,,,,,
IT1:DF_DCSS_ISTR_LAV_PEN_2_TV_3(1.0),A,082053,RESPOP_AV,T,Y50-64,TOTAL,ALL,5,ALL,ALL,2022,220.098168941583,,,,,,,,ALL_N1,,,,,,,
IT1:DF_DCSS_ISTR_LAV_PEN_2_TV_3(1.0),A,082053,RESPOP_AV,T,Y50-64,TOTAL,ALL,5,ALL,ALL,2023,175.07668129102558,,,,,,,,ALL_N1,,,,,,,
IT1:DF_DCSS_ISTR_LAV_PEN_2_TV_3(1.0),A,082053,RESPOP_AV,T,Y50-64,TOTAL,ALL,5,ALL,ALL,2024,249.6813143120498,,,,,,,,ALL_N1,,,,,,,
IT1:DF_DCSS_ISTR_LAV_PEN_2_TV_3(1.0),A,082053,RESPOP_AV,T,Y50-64,TOTAL,ALL,7,ALL,ALL,2018,10895,,,,,,,,ALL_N1,,,,,,,
IT1:DF_DCSS_ISTR_LAV_PEN_2_TV_3(1.0),A,082053,RESPOP_AV,T,Y50-64,TOTAL,ALL,7,ALL,ALL,2019,10897,,,,,,,,ALL_N1,,,,,,,
IT1:DF_DCSS_ISTR_LAV_PEN_2_TV_3(1.0),A,082053,RESPOP_AV,T,Y50-64,TOTAL,ALL,7,ALL,ALL,2021,13461.7016643306,,,,,,,,ALL_N1,,,,,,,
IT1:DF_DCSS_ISTR_LAV_PEN_2_TV_3(1.0),A,082053,RESPOP_AV,T,Y50-64,TOTAL,ALL,7,ALL,ALL,2022,14648.3450484145,,,,,,,,ALL_N1,,,,,,,
IT1:DF_DCSS_ISTR_LAV_PEN_2_TV_3(1.0),A,082053,RESPOP_AV,T,Y50-64,TOTAL,ALL,7,ALL,ALL,2023,13858.200849737088,,,,,,,,ALL_N1,,,,,,,
IT1:DF_DCSS_ISTR_LAV_PEN_2_TV_3(1.0),A,082053,RESPOP_AV,T,Y50-64,TOTAL,ALL,7,ALL,ALL,2024,13657.83692767654,,,,,,,,ALL_N1,,,,,,,
IT1:DF_DCSS_ISTR_LAV_PEN_2_TV_3(1.0),A,082053,RESPOP_AV,T,Y50-64,TOTAL,ALL,99,ALL,ALL,2018,139974,,,,,,,,ALL_N1,99_N1,,,,,,
IT1:DF_DCSS_ISTR_LAV_PEN_2_TV_3(1.0),A,082053,RESPOP_AV,T,Y50-64,TOTAL,ALL,99,ALL,ALL,2019,140601,,,,,,,,ALL_N1,99_N1,,,,,,
IT1:DF_DCSS_ISTR_LAV_PEN_2_TV_3(1.0),A,082053,RESPOP_AV,T,Y50-64,TOTAL,ALL,99,ALL,ALL,2020,139072,,,,,,,,ALL_N1,99_N1,,,,,,
IT1:DF_DCSS_ISTR_LAV_PEN_2_TV_3(1.0),A,082053,RESPOP_AV,T,Y50-64,TOTAL,ALL,99,ALL,ALL,2021,141147,,,,,,,,ALL_N1,99_N1,,,,,,
IT1:DF_DCSS_ISTR_LAV_PEN_2_TV_3(1.0),A,082053,RESPOP_AV,T,Y50-64,TOTAL,ALL,99,ALL,ALL,2022,141674,,,,,,,,ALL_N1,99_N1,,,,,,
IT1:DF_DCSS_ISTR_LAV_PEN_2_TV_3(1.0),A,082053,RESPOP_AV,T,Y50-64,TOTAL,ALL,99,ALL,ALL,2023,142123,,,,,,,,ALL_N1,99_N1,,,,,,
IT1:DF_DCSS_ISTR_LAV_PEN_2_TV_3(1.0),A,082053,RESPOP_AV,T,Y50-64,TOTAL,ALL,99,ALL,ALL,2024,142955,,,,,,,,ALL_N1,99_N1,,,,,,
IT1:DF_DCSS_ISTR_LAV_PEN_2_TV_3(1.0),A,IT,RESPOP_AV,F,Y_GE15,TOTAL,ALL,1,ALL,ALL,2018,9885897,,,,,,,,ALL_N1,,,,,,,
IT1:DF_DCSS_ISTR_LAV_PEN_2_TV_3(1.0),A,IT,RESPOP_AV,F,Y_GE15,TOTAL,ALL,1,ALL,ALL,2019,10032032,,,,,,,,ALL_N1,,,,,,,
IT1:DF_DCSS_ISTR_LAV_PEN_2_TV_3(1.0),A,IT,RESPOP_AV,F,Y_GE15,TOTAL,ALL,1,ALL,ALL,2021,10067378,,,,,,,,ALL_N1,,,,,,,
IT1:DF_DCSS_ISTR_LAV_PEN_2_TV_3(1.0),A,IT,RESPOP_AV,F,Y_GE15,TOTAL,ALL,1,ALL,ALL,2022,10243324,,,,,,,,ALL_N1,,,,,,,
IT1:DF_DCSS_ISTR_LAV_PEN_2_TV_3(1.0),A,IT,RESPOP_AV,F,Y_GE15,TOTAL,ALL,1,ALL,ALL,2023,10556113,,,,,,,,ALL_N1,,,,,,,
IT1:DF_DCSS_ISTR_LAV_PEN_2_TV_3(1.0),A,IT,RESPOP_AV,F,Y_GE15,TOTAL,ALL,1,ALL,ALL,2024,10742931,,,,,,,,ALL_N1,,,,,,,
IT1:DF_DCSS_ISTR_LAV_PEN_2_TV_3(1.0),A,IT,RESPOP_AV,F,Y_GE15,TOTAL,ALL,12,ALL,ALL,2018,1933514,,,,,,,,ALL_N1,,,,,,,
IT1:DF_DCSS_ISTR_LAV_PEN_2_TV_3(1.0),A,IT,RESPOP_AV,F,Y_GE15,TOTAL,ALL,12,ALL,ALL,2019,1785438,,,,,,,,ALL_N1,,,,,,,
IT1:DF_DCSS_ISTR_LAV_PEN_2_TV_3(1.0),A,IT,RESPOP_AV,F,Y_GE15,TOTAL,ALL,12,ALL,ALL,2021,1195961.86914166,,,,,,,,ALL_N1,,,,,,,
IT1:DF_DCSS_ISTR_LAV_PEN_2_TV_3(1.0),A,IT,RESPOP_AV,F,Y_GE15,TOTAL,ALL,12,ALL,ALL,2022,1153463.15532458,,,,,,,,ALL_N1,,,,,,,
IT1:DF_DCSS_ISTR_LAV_PEN_2_TV_3(1.0),A,IT,RESPOP_AV,F,Y_GE15,TOTAL,ALL,12,ALL,ALL,2023,1064433.3771187963,,,,,,,,ALL_N1,,,,,,,
IT1:DF_DCSS_ISTR_LAV_PEN_2_TV_3(1.0),A,IT,RESPOP_AV,F,Y_GE15,TOTAL,ALL,12,ALL,ALL,2024,983746.4054445269,,,,,,,,ALL_N1,,,,,,,
IT1:DF_DCSS_ISTR_LAV_PEN_2_TV_3(1.0),A,IT,RESPOP_AV,F,Y_GE15,TOTAL,ALL,22,ALL,ALL,2018,11819409,,,,,,,,ALL_N1,,,,,,,
IT1:DF_DCSS_ISTR_LAV_PEN_2_TV_3(1.0),A,IT,RESPOP_AV,F,Y_GE15,TOTAL,ALL,22,ALL,ALL,2019,11817468,,,,,,,,ALL_N1,,,,,,,
IT1:DF_DCSS_ISTR_LAV_PEN_2_TV_3(1.0),A,IT,RESPOP_AV,F,Y_GE15,TOTAL,ALL,22,ALL,ALL,2021,11263339.8691417,,,,,,,,ALL_N1,,,,,,,
IT1:DF_DCSS_ISTR_LAV_PEN_2_TV_3(1.0),A,IT,RESPOP_AV,F,Y_GE15,TOTAL,ALL,22,ALL,ALL,2022,11396787.1553246,,,,,,,,ALL_N1,,,,,,,
IT1:DF_DCSS_ISTR_LAV_PEN_2_TV_3(1.0),A,IT,RESPOP_AV,F,Y_GE15,TOTAL,ALL,22,ALL,ALL,2023,11620546.377118796,,,,,,,,ALL_N1,,,,,,,
IT1:DF_DCSS_ISTR_LAV_PEN_2_TV_3(1.0),A,IT,RESPOP_AV,F,Y_GE15,TOTAL,ALL,22,ALL,ALL,2024,11726677.405444527,,,,,,,,ALL_N1,,,,,,,
IT1:DF_DCSS_ISTR_LAV_PEN_2_TV_3(1.0),A,IT,RESPOP_AV,F,Y_GE15,TOTAL,ALL,23,ALL,ALL,2018,15044502,,,,,,,,ALL_N1,,,,,,,
IT1:DF_DCSS_ISTR_LAV_PEN_2_TV_3(1.0),A,IT,RESPOP_AV,F,Y_GE15,TOTAL,ALL,23,ALL,ALL,2019,15022258,,,,,,,,ALL_N1,,,,,,,
IT1:DF_DCSS_ISTR_LAV_PEN_2_TV_3(1.0),A,IT,RESPOP_AV,F,Y_GE15,TOTAL,ALL,23,ALL,ALL,2021,15310028.1308583,,,,,,,,ALL_N1,,,,,,,
IT1:DF_DCSS_ISTR_LAV_PEN_2_TV_3(1.0),A,IT,RESPOP_AV,F,Y_GE15,TOTAL,ALL,23,ALL,ALL,2022,15218770.8446754,,,,,,,,ALL_N1,,,,,,,
IT1:DF_DCSS_ISTR_LAV_PEN_2_TV_3(1.0),A,IT,RESPOP_AV,F,Y_GE15,TOTAL,ALL,23,ALL,ALL,2023,15014539.622881204,,,,,,,,ALL_N1,,,,,,,
IT1:DF_DCSS_ISTR_LAV_PEN_2_TV_3(1.0),A,IT,RESPOP_AV,F,Y_GE15,TOTAL,ALL,23,ALL,ALL,2024,14936427.594555473,,,,,,,,ALL_N1,,,,,,,
IT1:DF_DCSS_ISTR_LAV_PEN_2_TV_3(1.0),A,IT,RESPOP_AV,F,Y_GE15,TOTAL,ALL,24,ALL,ALL,2018,5960382,,,,,,,,ALL_N1,,,,,,,
IT1:DF_DCSS_ISTR_LAV_PEN_2_TV_3(1.0),A,IT,RESPOP_AV,F,Y_GE15,TOTAL,ALL,24,ALL,ALL,2019,5895382,,,,,,,,ALL_N1,,,,,,,
IT1:DF_DCSS_ISTR_LAV_PEN_2_TV_3(1.0),A,IT,RESPOP_AV,F,Y_GE15,TOTAL,ALL,24,ALL,ALL,2021,6009394.56586084,,,,,,,,ALL_N1,,,,,,,
IT1:DF_DCSS_ISTR_LAV_PEN_2_TV_3(1.0),A,IT,RESPOP_AV,F,Y_GE15,TOTAL,ALL,24,ALL,ALL,2022,5972164.89565512,,,,,,,,ALL_N1,,,,,,,
IT1:DF_DCSS_ISTR_LAV_PEN_2_TV_3(1.0),A,IT,RESPOP_AV,F,Y_GE15,TOTAL,ALL,24,ALL,ALL,2023,5858579.808593708,,,,,,,,ALL_N1,,,,,,,
IT1:DF_DCSS_ISTR_LAV_PEN_2_TV_3(1.0),A,IT,RESPOP_AV,F,Y_GE15,TOTAL,ALL,24,ALL,ALL,2024,5925948.482470019,,,,,,,,ALL_N1,,,,,,,
IT1:DF_DCSS_ISTR_LAV_PEN_2_TV_3(1.0),A,IT,RESPOP_AV,F,Y_GE15,TOTAL,ALL,4,ALL,ALL,2018,5393728,,,,,,,,ALL_N1,,,,,,,
IT1:DF_DCSS_ISTR_LAV_PEN_2_TV_3(1.0),A,IT,RESPOP_AV,F,Y_GE15,TOTAL,ALL,4,ALL,ALL,2019,5371997,,,,,,,,ALL_N1,,,,,,,
IT1:DF_DCSS_ISTR_LAV_PEN_2_TV_3(1.0),A,IT,RESPOP_AV,F,Y_GE15,TOTAL,ALL,4,ALL,ALL,2021,5430148.19022809,,,,,,,,ALL_N1,,,,,,,
IT1:DF_DCSS_ISTR_LAV_PEN_2_TV_3(1.0),A,IT,RESPOP_AV,F,Y_GE15,TOTAL,ALL,4,ALL,ALL,2022,5293449.26483276,,,,,,,,ALL_N1,,,,,,,
IT1:DF_DCSS_ISTR_LAV_PEN_2_TV_3(1.0),A,IT,RESPOP_AV,F,Y_GE15,TOTAL,ALL,4,ALL,ALL,2023,5176430.383829193,,,,,,,,ALL_N1,,,,,,,
IT1:DF_DCSS_ISTR_LAV_PEN_2_TV_3(1.0),A,IT,RESPOP_AV,F,Y_GE15,TOTAL,ALL,4,ALL,ALL,2024,5068056.477201899,,,,,,,,ALL_N1,,,,,,,
IT1:DF_DCSS_ISTR_LAV_PEN_2_TV_3(1.0),A,IT,RESPOP_AV,F,Y_GE15,TOTAL,ALL,5,ALL,ALL,2018,2070312,,,,,,,,ALL_N1,,,,,,,
IT1:DF_DCSS_ISTR_LAV_PEN_2_TV_3(1.0),A,IT,RESPOP_AV,F,Y_GE15,TOTAL,ALL,5,ALL,ALL,2019,2140580,,,,,,,,ALL_N1,,,,,,,
IT1:DF_DCSS_ISTR_LAV_PEN_2_TV_3(1.0),A,IT,RESPOP_AV,F,Y_GE15,TOTAL,ALL,5,ALL,ALL,2021,2155822.82385504,,,,,,,,ALL_N1,,,,,,,
IT1:DF_DCSS_ISTR_LAV_PEN_2_TV_3(1.0),A,IT,RESPOP_AV,F,Y_GE15,TOTAL,ALL,5,ALL,ALL,2022,2192435.82446819,,,,,,,,ALL_N1,,,,,,,
IT1:DF_DCSS_ISTR_LAV_PEN_2_TV_3(1.0),A,IT,RESPOP_AV,F,Y_GE15,TOTAL,ALL,5,ALL,ALL,2023,2183838.1581056123,,,,,,,,ALL_N1,,,,,,,
IT1:DF_DCSS_ISTR_LAV_PEN_2_TV_3(1.0),A,IT,RESPOP_AV,F,Y_GE15,TOTAL,ALL,5,ALL,ALL,2024,2159517.1853848863,,,,,,,,ALL_N1,,,,,,,
IT1:DF_DCSS_ISTR_LAV_PEN_2_TV_3(1.0),A,IT,RESPOP_AV,F,Y_GE15,TOTAL,ALL,7,ALL,ALL,2018,1620083,,,,,,,,ALL_N1,,,,,,,
IT1:DF_DCSS_ISTR_LAV_PEN_2_TV_3(1.0),A,IT,RESPOP_AV,F,Y_GE15,TOTAL,ALL,7,ALL,ALL,2019,1614301,,,,,,,,ALL_N1,,,,,,,
IT1:DF_DCSS_ISTR_LAV_PEN_2_TV_3(1.0),A,IT,RESPOP_AV,F,Y_GE15,TOTAL,ALL,7,ALL,ALL,2021,1714662.55091436,,,,,,,,ALL_N1,,,,,,,
IT1:DF_DCSS_ISTR_LAV_PEN_2_TV_3(1.0),A,IT,RESPOP_AV,F,Y_GE15,TOTAL,ALL,7,ALL,ALL,2022,1760720.85971935,,,,,,,,ALL_N1,,,,,,,
IT1:DF_DCSS_ISTR_LAV_PEN_2_TV_3(1.0),A,IT,RESPOP_AV,F,Y_GE15,TOTAL,ALL,7,ALL,ALL,2023,1795691.2723526903,,,,,,,,ALL_N1,,,,,,,
IT1:DF_DCSS_ISTR_LAV_PEN_2_TV_3(1.0),A,IT,RESPOP_AV,F,Y_GE15,TOTAL,ALL,7,ALL,ALL,2024,1782905.4494986702,,,,,,,,ALL_N1,,,,,,,
IT1:DF_DCSS_ISTR_LAV_PEN_2_TV_3(1.0),A,IT,RESPOP_AV,F,Y_GE15,TOTAL,ALL,99,ALL,ALL,2018,26863910,,,,,,,,ALL_N1,99_N1,,,,,,
IT1:DF_DCSS_ISTR_LAV_PEN_2_TV_3(1.0),A,IT,RESPOP_AV,F,Y_GE15,TOTAL,ALL,99,ALL,ALL,2019,26839725,,,,,,,,ALL_N1,99_N1,,,,,,
IT1:DF_DCSS_ISTR_LAV_PEN_2_TV_3(1.0),A,IT,RESPOP_AV,F,Y_GE15,TOTAL,ALL,99,ALL,ALL,2021,26573368,,,,,,,,ALL_N1,99_N1,,,,,,
IT1:DF_DCSS_ISTR_LAV_PEN_2_TV_3(1.0),A,IT,RESPOP_AV,F,Y_GE15,TOTAL,ALL,99,ALL,ALL,2022,26615558,,,,,,,,ALL_N1,99_N1,,,,,,
IT1:DF_DCSS_ISTR_LAV_PEN_2_TV_3(1.0),A,IT,RESPOP_AV,F,Y_GE15,TOTAL,ALL,99,ALL,ALL,2023,26635086,,,,,,,,ALL_N1,99_N1,,,,,,
IT1:DF_DCSS_ISTR_LAV_PEN_2_TV_3(1.0),A,IT,RESPOP_AV,F,Y_GE15,TOTAL,ALL,99,ALL,ALL,2024,26663105,,,,,,,,ALL_N1,99_N1,,,,,,
IT1:DF_DCSS_ISTR_LAV_PEN_2_TV_3(1.0),A,IT,RESPOP_AV,F,Y_GE65,TOTAL,ALL,1,ALL,ALL,2018,303875,,,,,,,,ALL_N1,,,,,,,
IT1:DF_DCSS_ISTR_LAV_PEN_2_TV_3(1.0),A,IT,RESPOP_AV,F,Y_GE65,TOTAL,ALL,1,ALL,ALL,2019,359379,,,,,,,,ALL_N1,,,,,,,
IT1:DF_DCSS_ISTR_LAV_PEN_2_TV_3(1.0),A,IT,RESPOP_AV,F,Y_GE65,TOTAL,ALL,1,ALL,ALL,2021,297998,,,,,,,,ALL_N1,,,,,,,
IT1:DF_DCSS_ISTR_LAV_PEN_2_TV_3(1.0),A,IT,RESPOP_AV,F,Y_GE65,TOTAL,ALL,1,ALL,ALL,2022,338713,,,,,,,,ALL_N1,,,,,,,
IT1:DF_DCSS_ISTR_LAV_PEN_2_TV_3(1.0),A,IT,RESPOP_AV,F,Y_GE65,TOTAL,ALL,1,ALL,ALL,2023,355072,,,,,,,,ALL_N1,,,,,,,
IT1:DF_DCSS_ISTR_LAV_PEN_2_TV_3(1.0),A,IT,RESPOP_AV,F,Y_GE65,TOTAL,ALL,1,ALL,ALL,2024,391406,,,,,,,,ALL_N1,,,,,,,
IT1:DF_DCSS_ISTR_LAV_PEN_2_TV_3(1.0),A,IT,RESPOP_AV,F,Y_GE65,TOTAL,ALL,12,ALL,ALL,2018,24486,,,,,,,,ALL_N1,,,,,,,
IT1:DF_DCSS_ISTR_LAV_PEN_2_TV_3(1.0),A,IT,RESPOP_AV,F,Y_GE65,TOTAL,ALL,12,ALL,ALL,2019,22831,,,,,,,,ALL_N1,,,,,,,
IT1:DF_DCSS_ISTR_LAV_PEN_2_TV_3(1.0),A,IT,RESPOP_AV,F,Y_GE65,TOTAL,ALL,12,ALL,ALL,2021,18318.1332597173,,,,,,,,ALL_N1,,,,,,,
IT1:DF_DCSS_ISTR_LAV_PEN_2_TV_3(1.0),A,IT,RESPOP_AV,F,Y_GE65,TOTAL,ALL,12,ALL,ALL,2022,15139.2089463303,,,,,,,,ALL_N1,,,,,,,
IT1:DF_DCSS_ISTR_LAV_PEN_2_TV_3(1.0),A,IT,RESPOP_AV,F,Y_GE65,TOTAL,ALL,12,ALL,ALL,2023,15685.966241304364,,,,,,,,ALL_N1,,,,,,,
IT1:DF_DCSS_ISTR_LAV_PEN_2_TV_3(1.0),A,IT,RESPOP_AV,F,Y_GE65,TOTAL,ALL,12,ALL,ALL,2024,14550.617515268768,,,,,,,,ALL_N1,,,,,,,
IT1:DF_DCSS_ISTR_LAV_PEN_2_TV_3(1.0),A,IT,RESPOP_AV,F,Y_GE65,TOTAL,ALL,22,ALL,ALL,2018,328361,,,,,,,,ALL_N1,,,,,,,
IT1:DF_DCSS_ISTR_LAV_PEN_2_TV_3(1.0),A,IT,RESPOP_AV,F,Y_GE65,TOTAL,ALL,22,ALL,ALL,2019,382210,,,,,,,,ALL_N1,,,,,,,
IT1:DF_DCSS_ISTR_LAV_PEN_2_TV_3(1.0),A,IT,RESPOP_AV,F,Y_GE65,TOTAL,ALL,22,ALL,ALL,2021,316316.133259717,,,,,,,,ALL_N1,,,,,,,
IT1:DF_DCSS_ISTR_LAV_PEN_2_TV_3(1.0),A,IT,RESPOP_AV,F,Y_GE65,TOTAL,ALL,22,ALL,ALL,2022,353852.20894633,,,,,,,,ALL_N1,,,,,,,
IT1:DF_DCSS_ISTR_LAV_PEN_2_TV_3(1.0),A,IT,RESPOP_AV,F,Y_GE65,TOTAL,ALL,22,ALL,ALL,2023,370757.96624130436,,,,,,,,ALL_N1,,,,,,,
IT1:DF_DCSS_ISTR_LAV_PEN_2_TV_3(1.0),A,IT,RESPOP_AV,F,Y_GE65,TOTAL,ALL,22,ALL,ALL,2024,405956.6175152688,,,,,,,,ALL_N1,,,,,,,
IT1:DF_DCSS_ISTR_LAV_PEN_2_TV_3(1.0),A,IT,RESPOP_AV,F,Y_GE65,TOTAL,ALL,23,ALL,ALL,2018,7409783,,,,,,,,ALL_N1,,,,,,,
IT1:DF_DCSS_ISTR_LAV_PEN_2_TV_3(1.0),A,IT,RESPOP_AV,F,Y_GE65,TOTAL,ALL,23,ALL,ALL,2019,7432402,,,,,,,,ALL_N1,,,,,,,
IT1:DF_DCSS_ISTR_LAV_PEN_2_TV_3(1.0),A,IT,RESPOP_AV,F,Y_GE65,TOTAL,ALL,23,ALL,ALL,2021,7571862.86674028,,,,,,,,ALL_N1,,,,,,,
IT1:DF_DCSS_ISTR_LAV_PEN_2_TV_3(1.0),A,IT,RESPOP_AV,F,Y_GE65,TOTAL,ALL,23,ALL,ALL,2022,7591471.79105367,,,,,,,,ALL_N1,,,,,,,
IT1:DF_DCSS_ISTR_LAV_PEN_2_TV_3(1.0),A,IT,RESPOP_AV,F,Y_GE65,TOTAL,ALL,23,ALL,ALL,2023,7653354.033758696,,,,,,,,ALL_N1,,,,,,,
IT1:DF_DCSS_ISTR_LAV_PEN_2_TV_3(1.0),A,IT,RESPOP_AV,F,Y_GE65,TOTAL,ALL,23,ALL,ALL,2024,7722708.382484731,,,,,,,,ALL_N1,,,,,,,
IT1:DF_DCSS_ISTR_LAV_PEN_2_TV_3(1.0),A,IT,RESPOP_AV,F,Y_GE65,TOTAL,ALL,24,ALL,ALL,2018,5409800,,,,,,,,ALL_N1,,,,,,,
IT1:DF_DCSS_ISTR_LAV_PEN_2_TV_3(1.0),A,IT,RESPOP_AV,F,Y_GE65,TOTAL,ALL,24,ALL,ALL,2019,5348228,,,,,,,,ALL_N1,,,,,,,
IT1:DF_DCSS_ISTR_LAV_PEN_2_TV_3(1.0),A,IT,RESPOP_AV,F,Y_GE65,TOTAL,ALL,24,ALL,ALL,2021,5463106.50009759,,,,,,,,ALL_N1,,,,,,,
IT1:DF_DCSS_ISTR_LAV_PEN_2_TV_3(1.0),A,IT,RESPOP_AV,F,Y_GE65,TOTAL,ALL,24,ALL,ALL,2022,5429092.53155845,,,,,,,,ALL_N1,,,,,,,
IT1:DF_DCSS_ISTR_LAV_PEN_2_TV_3(1.0),A,IT,RESPOP_AV,F,Y_GE65,TOTAL,ALL,24,ALL,ALL,2023,5362898.322549088,,,,,,,,ALL_N1,,,,,,,
IT1:DF_DCSS_ISTR_LAV_PEN_2_TV_3(1.0),A,IT,RESPOP_AV,F,Y_GE65,TOTAL,ALL,24,ALL,ALL,2024,5452869.072587801,,,,,,,,ALL_N1,,,,,,,
IT1:DF_DCSS_ISTR_LAV_PEN_2_TV_3(1.0),A,IT,RESPOP_AV,F,Y_GE65,TOTAL,ALL,4,ALL,ALL,2018,1339570,,,,,,,,ALL_N1,,,,,,,
IT1:DF_DCSS_ISTR_LAV_PEN_2_TV_3(1.0),A,IT,RESPOP_AV,F,Y_GE65,TOTAL,ALL,4,ALL,ALL,2019,1406017,,,,,,,,ALL_N1,,,,,,,
IT1:DF_DCSS_ISTR_LAV_PEN_2_TV_3(1.0),A,IT,RESPOP_AV,F,Y_GE65,TOTAL,ALL,4,ALL,ALL,2021,1413717.97453215,,,,,,,,ALL_N1,,,,,,,
IT1:DF_DCSS_ISTR_LAV_PEN_2_TV_3(1.0),A,IT,RESPOP_AV,F,Y_GE65,TOTAL,ALL,4,ALL,ALL,2022,1442440.71120472,,,,,,,,ALL_N1,,,,,,,
IT1:DF_DCSS_ISTR_LAV_PEN_2_TV_3(1.0),A,IT,RESPOP_AV,F,Y_GE65,TOTAL,ALL,4,ALL,ALL,2023,1504172.6061101488,,,,,,,,ALL_N1,,,,,,,
IT1:DF_DCSS_ISTR_LAV_PEN_2_TV_3(1.0),A,IT,RESPOP_AV,F,Y_GE65,TOTAL,ALL,4,ALL,ALL,2024,1515014.4803504834,,,,,,,,ALL_N1,,,,,,,
IT1:DF_DCSS_ISTR_LAV_PEN_2_TV_3(1.0),A,IT,RESPOP_AV,F,Y_GE65,TOTAL,ALL,5,ALL,ALL,2018,192,,,,,,,,ALL_N1,,,,,,,
IT1:DF_DCSS_ISTR_LAV_PEN_2_TV_3(1.0),A,IT,RESPOP_AV,F,Y_GE65,TOTAL,ALL,5,ALL,ALL,2019,148,,,,,,,,ALL_N1,,,,,,,
IT1:DF_DCSS_ISTR_LAV_PEN_2_TV_3(1.0),A,IT,RESPOP_AV,F,Y_GE65,TOTAL,ALL,5,ALL,ALL,2021,150.672854043748,,,,,,,,ALL_N1,,,,,,,
IT1:DF_DCSS_ISTR_LAV_PEN_2_TV_3(1.0),A,IT,RESPOP_AV,F,Y_GE65,TOTAL,ALL,5,ALL,ALL,2022,1578.11943714544,,,,,,,,ALL_N1,,,,,,,
IT1:DF_DCSS_ISTR_LAV_PEN_2_TV_3(1.0),A,IT,RESPOP_AV,F,Y_GE65,TOTAL,ALL,5,ALL,ALL,2023,1267.2169860003905,,,,,,,,ALL_N1,,,,,,,
IT1:DF_DCSS_ISTR_LAV_PEN_2_TV_3(1.0),A,IT,RESPOP_AV,F,Y_GE65,TOTAL,ALL,5,ALL,ALL,2024,1005.3015193625793,,,,,,,,ALL_N1,,,,,,,
IT1:DF_DCSS_ISTR_LAV_PEN_2_TV_3(1.0),A,IT,RESPOP_AV,F,Y_GE65,TOTAL,ALL,7,ALL,ALL,2018,660221,,,,,,,,ALL_N1,,,,,,,
IT1:DF_DCSS_ISTR_LAV_PEN_2_TV_3(1.0),A,IT,RESPOP_AV,F,Y_GE65,TOTAL,ALL,7,ALL,ALL,2019,678009,,,,,,,,ALL_N1,,,,,,,
IT1:DF_DCSS_ISTR_LAV_PEN_2_TV_3(1.0),A,IT,RESPOP_AV,F,Y_GE65,TOTAL,ALL,7,ALL,ALL,2021,694887.719256499,,,,,,,,ALL_N1,,,,,,,
IT1:DF_DCSS_ISTR_LAV_PEN_2_TV_3(1.0),A,IT,RESPOP_AV,F,Y_GE65,TOTAL,ALL,7,ALL,ALL,2022,718360.428853358,,,,,,,,ALL_N1,,,,,,,
IT1:DF_DCSS_ISTR_LAV_PEN_2_TV_3(1.0),A,IT,RESPOP_AV,F,Y_GE65,TOTAL,ALL,7,ALL,ALL,2023,785015.8881134588,,,,,,,,ALL_N1,,,,,,,
IT1:DF_DCSS_ISTR_LAV_PEN_2_TV_3(1.0),A,IT,RESPOP_AV,F,Y_GE65,TOTAL,ALL,7,ALL,ALL,2024,753819.5280270842,,,,,,,,ALL_N1,,,,,,,
IT1:DF_DCSS_ISTR_LAV_PEN_2_TV_3(1.0),A,IT,RESPOP_AV,F,Y_GE65,TOTAL,ALL,99,ALL,ALL,2018,7738144,,,,,,,,ALL_N1,99_N1,,,,,,
IT1:DF_DCSS_ISTR_LAV_PEN_2_TV_3(1.0),A,IT,RESPOP_AV,F,Y_GE65,TOTAL,ALL,99,ALL,ALL,2019,7814612,,,,,,,,ALL_N1,99_N1,,,,,,
IT1:DF_DCSS_ISTR_LAV_PEN_2_TV_3(1.0),A,IT,RESPOP_AV,F,Y_GE65,TOTAL,ALL,99,ALL,ALL,2020,7848397,,,,,,,,ALL_N1,99_N1,,,,,,
IT1:DF_DCSS_ISTR_LAV_PEN_2_TV_3(1.0),A,IT,RESPOP_AV,F,Y_GE65,TOTAL,ALL,99,ALL,ALL,2021,7888179,,,,,,,,ALL_N1,99_N1,,,,,,
IT1:DF_DCSS_ISTR_LAV_PEN_2_TV_3(1.0),A,IT,RESPOP_AV,F,Y_GE65,TOTAL,ALL,99,ALL,ALL,2022,7945324,,,,,,,,ALL_N1,99_N1,,,,,,
IT1:DF_DCSS_ISTR_LAV_PEN_2_TV_3(1.0),A,IT,RESPOP_AV,F,Y_GE65,TOTAL,ALL,99,ALL,ALL,2023,8024112,,,,,,,,ALL_N1,99_N1,,,,,,
IT1:DF_DCSS_ISTR_LAV_PEN_2_TV_3(1.0),A,IT,RESPOP_AV,F,Y_GE65,TOTAL,ALL,99,ALL,ALL,2024,8128665,,,,,,,,ALL_N1,99_N1,,,,,,
IT1:DF_DCSS_ISTR_LAV_PEN_2_TV_3(1.0),A,IT,RESPOP_AV,F,Y15-24,TOTAL,ALL,1,ALL,ALL,2018,392972,,,,,,,,ALL_N1,,,,,,,
IT1:DF_DCSS_ISTR_LAV_PEN_2_TV_3(1.0),A,IT,RESPOP_AV,F,Y15-24,TOTAL,ALL,1,ALL,ALL,2019,404460,,,,,,,,ALL_N1,,,,,,,
IT1:DF_DCSS_ISTR_LAV_PEN_2_TV_3(1.0),A,IT,RESPOP_AV,F,Y15-24,TOTAL,ALL,1,ALL,ALL,2021,416292,,,,,,,,ALL_N1,,,,,,,
IT1:DF_DCSS_ISTR_LAV_PEN_2_TV_3(1.0),A,IT,RESPOP_AV,F,Y15-24,TOTAL,ALL,1,ALL,ALL,2022,458524,,,,,,,,ALL_N1,,,,,,,
IT1:DF_DCSS_ISTR_LAV_PEN_2_TV_3(1.0),A,IT,RESPOP_AV,F,Y15-24,TOTAL,ALL,1,ALL,ALL,2023,475260,,,,,,,,ALL_N1,,,,,,,
IT1:DF_DCSS_ISTR_LAV_PEN_2_TV_3(1.0),A,IT,RESPOP_AV,F,Y15-24,TOTAL,ALL,1,ALL,ALL,2024,487633,,,,,,,,ALL_N1,,,,,,,
IT1:DF_DCSS_ISTR_LAV_PEN_2_TV_3(1.0),A,IT,RESPOP_AV,F,Y15-24,TOTAL,ALL,12,ALL,ALL,2018,305732,,,,,,,,ALL_N1,,,,,,,
IT1:DF_DCSS_ISTR_LAV_PEN_2_TV_3(1.0),A,IT,RESPOP_AV,F,Y15-24,TOTAL,ALL,12,ALL,ALL,2019,270840,,,,,,,,ALL_N1,,,,,,,
IT1:DF_DCSS_ISTR_LAV_PEN_2_TV_3(1.0),A,IT,RESPOP_AV,F,Y15-24,TOTAL,ALL,12,ALL,ALL,2021,193252.354619493,,,,,,,,ALL_N1,,,,,,,
IT1:DF_DCSS_ISTR_LAV_PEN_2_TV_3(1.0),A,IT,RESPOP_AV,F,Y15-24,TOTAL,ALL,12,ALL,ALL,2022,175745.006721365,,,,,,,,ALL_N1,,,,,,,
IT1:DF_DCSS_ISTR_LAV_PEN_2_TV_3(1.0),A,IT,RESPOP_AV,F,Y15-24,TOTAL,ALL,12,ALL,ALL,2023,171322.9174606033,,,,,,,,ALL_N1,,,,,,,
IT1:DF_DCSS_ISTR_LAV_PEN_2_TV_3(1.0),A,IT,RESPOP_AV,F,Y15-24,TOTAL,ALL,12,ALL,ALL,2024,166957.5327803485,,,,,,,,ALL_N1,,,,,,,
IT1:DF_DCSS_ISTR_LAV_PEN_2_TV_3(1.0),A,IT,RESPOP_AV,F,Y15-24,TOTAL,ALL,22,ALL,ALL,2018,698704,,,,,,,,ALL_N1,,,,,,,
IT1:DF_DCSS_ISTR_LAV_PEN_2_TV_3(1.0),A,IT,RESPOP_AV,F,Y15-24,TOTAL,ALL,22,ALL,ALL,2019,675300,,,,,,,,ALL_N1,,,,,,,
IT1:DF_DCSS_ISTR_LAV_PEN_2_TV_3(1.0),A,IT,RESPOP_AV,F,Y15-24,TOTAL,ALL,22,ALL,ALL,2021,609544.354619493,,,,,,,,ALL_N1,,,,,,,
IT1:DF_DCSS_ISTR_LAV_PEN_2_TV_3(1.0),A,IT,RESPOP_AV,F,Y15-24,TOTAL,ALL,22,ALL,ALL,2022,634269.006721365,,,,,,,,ALL_N1,,,,,,,
IT1:DF_DCSS_ISTR_LAV_PEN_2_TV_3(1.0),A,IT,RESPOP_AV,F,Y15-24,TOTAL,ALL,22,ALL,ALL,2023,646582.9174606033,,,,,,,,ALL_N1,,,,,,,
IT1:DF_DCSS_ISTR_LAV_PEN_2_TV_3(1.0),A,IT,RESPOP_AV,F,Y15-24,TOTAL,ALL,22,ALL,ALL,2024,654590.5327803486,,,,,,,,ALL_N1,,,,,,,
IT1:DF_DCSS_ISTR_LAV_PEN_2_TV_3(1.0),A,IT,RESPOP_AV,F,Y15-24,TOTAL,ALL,23,ALL,ALL,2018,2093730,,,,,,,,ALL_N1,,,,,,,
IT1:DF_DCSS_ISTR_LAV_PEN_2_TV_3(1.0),A,IT,RESPOP_AV,F,Y15-24,TOTAL,ALL,23,ALL,ALL,2019,2117159,,,,,,,,ALL_N1,,,,,,,
IT1:DF_DCSS_ISTR_LAV_PEN_2_TV_3(1.0),A,IT,RESPOP_AV,F,Y15-24,TOTAL,ALL,23,ALL,ALL,2021,2165492.64538051,,,,,,,,ALL_N1,,,,,,,
IT1:DF_DCSS_ISTR_LAV_PEN_2_TV_3(1.0),A,IT,RESPOP_AV,F,Y15-24,TOTAL,ALL,23,ALL,ALL,2022,2161974.99327863,,,,,,,,ALL_N1,,,,,,,
IT1:DF_DCSS_ISTR_LAV_PEN_2_TV_3(1.0),A,IT,RESPOP_AV,F,Y15-24,TOTAL,ALL,23,ALL,ALL,2023,2165057.082539397,,,,,,,,ALL_N1,,,,,,,
IT1:DF_DCSS_ISTR_LAV_PEN_2_TV_3(1.0),A,IT,RESPOP_AV,F,Y15-24,TOTAL,ALL,23,ALL,ALL,2024,2168377.4672196517,,,,,,,,ALL_N1,,,,,,,
IT1:DF_DCSS_ISTR_LAV_PEN_2_TV_3(1.0),A,IT,RESPOP_AV,F,Y15-24,TOTAL,ALL,24,ALL,ALL,2018,2139,,,,,,,,ALL_N1,,,,,,,
IT1:DF_DCSS_ISTR_LAV_PEN_2_TV_3(1.0),A,IT,RESPOP_AV,F,Y15-24,TOTAL,ALL,24,ALL,ALL,2019,2581,,,,,,,,ALL_N1,,,,,,,
IT1:DF_DCSS_ISTR_LAV_PEN_2_TV_3(1.0),A,IT,RESPOP_AV,F,Y15-24,TOTAL,ALL,24,ALL,ALL,2021,2648.63285762055,,,,,,,,ALL_N1,,,,,,,
IT1:DF_DCSS_ISTR_LAV_PEN_2_TV_3(1.0),A,IT,RESPOP_AV,F,Y15-24,TOTAL,ALL,24,ALL,ALL,2022,2900.82434109948,,,,,,,,ALL_N1,,,,,,,
IT1:DF_DCSS_ISTR_LAV_PEN_2_TV_3(1.0),A,IT,RESPOP_AV,F,Y15-24,TOTAL,ALL,24,ALL,ALL,2023,2710.8276727345997,,,,,,,,ALL_N1,,,,,,,
IT1:DF_DCSS_ISTR_LAV_PEN_2_TV_3(1.0),A,IT,RESPOP_AV,F,Y15-24,TOTAL,ALL,24,ALL,ALL,2024,2496.7286847111873,,,,,,,,ALL_N1,,,,,,,
IT1:DF_DCSS_ISTR_LAV_PEN_2_TV_3(1.0),A,IT,RESPOP_AV,F,Y15-24,TOTAL,ALL,4,ALL,ALL,2018,138881,,,,,,,,ALL_N1,,,,,,,
IT1:DF_DCSS_ISTR_LAV_PEN_2_TV_3(1.0),A,IT,RESPOP_AV,F,Y15-24,TOTAL,ALL,4,ALL,ALL,2019,127675,,,,,,,,ALL_N1,,,,,,,
IT1:DF_DCSS_ISTR_LAV_PEN_2_TV_3(1.0),A,IT,RESPOP_AV,F,Y15-24,TOTAL,ALL,4,ALL,ALL,2021,158426.275085069,,,,,,,,ALL_N1,,,,,,,
IT1:DF_DCSS_ISTR_LAV_PEN_2_TV_3(1.0),A,IT,RESPOP_AV,F,Y15-24,TOTAL,ALL,4,ALL,ALL,2022,128820.534296077,,,,,,,,ALL_N1,,,,,,,
IT1:DF_DCSS_ISTR_LAV_PEN_2_TV_3(1.0),A,IT,RESPOP_AV,F,Y15-24,TOTAL,ALL,4,ALL,ALL,2023,123759.37745425772,,,,,,,,ALL_N1,,,,,,,
IT1:DF_DCSS_ISTR_LAV_PEN_2_TV_3(1.0),A,IT,RESPOP_AV,F,Y15-24,TOTAL,ALL,4,ALL,ALL,2024,129451.6889209912,,,,,,,,ALL_N1,,,,,,,
IT1:DF_DCSS_ISTR_LAV_PEN_2_TV_3(1.0),A,IT,RESPOP_AV,F,Y15-24,TOTAL,ALL,5,ALL,ALL,2018,1810128,,,,,,,,ALL_N1,,,,,,,
IT1:DF_DCSS_ISTR_LAV_PEN_2_TV_3(1.0),A,IT,RESPOP_AV,F,Y15-24,TOTAL,ALL,5,ALL,ALL,2019,1866004,,,,,,,,ALL_N1,,,,,,,
IT1:DF_DCSS_ISTR_LAV_PEN_2_TV_3(1.0),A,IT,RESPOP_AV,F,Y15-24,TOTAL,ALL,5,ALL,ALL,2021,1869043.45311837,,,,,,,,ALL_N1,,,,,,,
IT1:DF_DCSS_ISTR_LAV_PEN_2_TV_3(1.0),A,IT,RESPOP_AV,F,Y15-24,TOTAL,ALL,5,ALL,ALL,2022,1914685.87370666,,,,,,,,ALL_N1,,,,,,,
IT1:DF_DCSS_ISTR_LAV_PEN_2_TV_3(1.0),A,IT,RESPOP_AV,F,Y15-24,TOTAL,ALL,5,ALL,ALL,2023,1922487.939622996,,,,,,,,ALL_N1,,,,,,,
IT1:DF_DCSS_ISTR_LAV_PEN_2_TV_3(1.0),A,IT,RESPOP_AV,F,Y15-24,TOTAL,ALL,5,ALL,ALL,2024,1913562.7064489434,,,,,,,,ALL_N1,,,,,,,
IT1:DF_DCSS_ISTR_LAV_PEN_2_TV_3(1.0),A,IT,RESPOP_AV,F,Y15-24,TOTAL,ALL,7,ALL,ALL,2018,142582,,,,,,,,ALL_N1,,,,,,,
IT1:DF_DCSS_ISTR_LAV_PEN_2_TV_3(1.0),A,IT,RESPOP_AV,F,Y15-24,TOTAL,ALL,7,ALL,ALL,2019,120899,,,,,,,,ALL_N1,,,,,,,
IT1:DF_DCSS_ISTR_LAV_PEN_2_TV_3(1.0),A,IT,RESPOP_AV,F,Y15-24,TOTAL,ALL,7,ALL,ALL,2021,135374.284319452,,,,,,,,ALL_N1,,,,,,,
IT1:DF_DCSS_ISTR_LAV_PEN_2_TV_3(1.0),A,IT,RESPOP_AV,F,Y15-24,TOTAL,ALL,7,ALL,ALL,2022,115567.760934802,,,,,,,,ALL_N1,,,,,,,
IT1:DF_DCSS_ISTR_LAV_PEN_2_TV_3(1.0),A,IT,RESPOP_AV,F,Y15-24,TOTAL,ALL,7,ALL,ALL,2023,116098.93778940855,,,,,,,,ALL_N1,,,,,,,
IT1:DF_DCSS_ISTR_LAV_PEN_2_TV_3(1.0),A,IT,RESPOP_AV,F,Y15-24,TOTAL,ALL,7,ALL,ALL,2024,122866.34316500567,,,,,,,,ALL_N1,,,,,,,
IT1:DF_DCSS_ISTR_LAV_PEN_2_TV_3(1.0),A,IT,RESPOP_AV,F,Y15-24,TOTAL,ALL,99,ALL,ALL,2018,2792434,,,,,,,,ALL_N1,99_N1,,,,,,
IT1:DF_DCSS_ISTR_LAV_PEN_2_TV_3(1.0),A,IT,RESPOP_AV,F,Y15-24,TOTAL,ALL,99,ALL,ALL,2019,2792459,,,,,,,,ALL_N1,99_N1,,,,,,
IT1:DF_DCSS_ISTR_LAV_PEN_2_TV_3(1.0),A,IT,RESPOP_AV,F,Y15-24,TOTAL,ALL,99,ALL,ALL,2021,2775037,,,,,,,,ALL_N1,99_N1,,,,,,
IT1:DF_DCSS_ISTR_LAV_PEN_2_TV_3(1.0),A,IT,RESPOP_AV,F,Y15-24,TOTAL,ALL,99,ALL,ALL,2022,2796244,,,,,,,,ALL_N1,99_N1,,,,,,
IT1:DF_DCSS_ISTR_LAV_PEN_2_TV_3(1.0),A,IT,RESPOP_AV,F,Y15-24,TOTAL,ALL,99,ALL,ALL,2023,2811640,,,,,,,,ALL_N1,99_N1,,,,,,
IT1:DF_DCSS_ISTR_LAV_PEN_2_TV_3(1.0),A,IT,RESPOP_AV,F,Y15-24,TOTAL,ALL,99,ALL,ALL,2024,2822968,,,,,,,,ALL_N1,99_N1,,,,,,
IT1:DF_DCSS_ISTR_LAV_PEN_2_TV_3(1.0),A,IT,RESPOP_AV,F,Y25-49,TOTAL,ALL,1,ALL,ALL,2018,5740438,,,,,,,,ALL_N1,,,,,,,
IT1:DF_DCSS_ISTR_LAV_PEN_2_TV_3(1.0),A,IT,RESPOP_AV,F,Y25-49,TOTAL,ALL,1,ALL,ALL,2019,5709857,,,,,,,,ALL_N1,,,,,,,
IT1:DF_DCSS_ISTR_LAV_PEN_2_TV_3(1.0),A,IT,RESPOP_AV,F,Y25-49,TOTAL,ALL,1,ALL,ALL,2021,5645813,,,,,,,,ALL_N1,,,,,,,
IT1:DF_DCSS_ISTR_LAV_PEN_2_TV_3(1.0),A,IT,RESPOP_AV,F,Y25-49,TOTAL,ALL,1,ALL,ALL,2022,5655629,,,,,,,,ALL_N1,,,,,,,
IT1:DF_DCSS_ISTR_LAV_PEN_2_TV_3(1.0),A,IT,RESPOP_AV,F,Y25-49,TOTAL,ALL,1,ALL,ALL,2023,5747162,,,,,,,,ALL_N1,,,,,,,
IT1:DF_DCSS_ISTR_LAV_PEN_2_TV_3(1.0),A,IT,RESPOP_AV,F,Y25-49,TOTAL,ALL,1,ALL,ALL,2024,5740173,,,,,,,,ALL_N1,,,,,,,
IT1:DF_DCSS_ISTR_LAV_PEN_2_TV_3(1.0),A,IT,RESPOP_AV,F,Y25-49,TOTAL,ALL,12,ALL,ALL,2018,1146317,,,,,,,,ALL_N1,,,,,,,
IT1:DF_DCSS_ISTR_LAV_PEN_2_TV_3(1.0),A,IT,RESPOP_AV,F,Y25-49,TOTAL,ALL,12,ALL,ALL,2019,1056326,,,,,,,,ALL_N1,,,,,,,
IT1:DF_DCSS_ISTR_LAV_PEN_2_TV_3(1.0),A,IT,RESPOP_AV,F,Y25-49,TOTAL,ALL,12,ALL,ALL,2021,681638.255462636,,,,,,,,ALL_N1,,,,,,,
IT1:DF_DCSS_ISTR_LAV_PEN_2_TV_3(1.0),A,IT,RESPOP_AV,F,Y25-49,TOTAL,ALL,12,ALL,ALL,2022,648479.196785181,,,,,,,,ALL_N1,,,,,,,
IT1:DF_DCSS_ISTR_LAV_PEN_2_TV_3(1.0),A,IT,RESPOP_AV,F,Y25-49,TOTAL,ALL,12,ALL,ALL,2023,575898.6251581341,,,,,,,,ALL_N1,,,,,,,
IT1:DF_DCSS_ISTR_LAV_PEN_2_TV_3(1.0),A,IT,RESPOP_AV,F,Y25-49,TOTAL,ALL,12,ALL,ALL,2024,523962.19239798986,,,,,,,,ALL_N1,,,,,,,
IT1:DF_DCSS_ISTR_LAV_PEN_2_TV_3(1.0),A,IT,RESPOP_AV,F,Y25-49,TOTAL,ALL,22,ALL,ALL,2018,6886755,,,,,,,,ALL_N1,,,,,,,
IT1:DF_DCSS_ISTR_LAV_PEN_2_TV_3(1.0),A,IT,RESPOP_AV,F,Y25-49,TOTAL,ALL,22,ALL,ALL,2019,6766183,,,,,,,,ALL_N1,,,,,,,
IT1:DF_DCSS_ISTR_LAV_PEN_2_TV_3(1.0),A,IT,RESPOP_AV,F,Y25-49,TOTAL,ALL,22,ALL,ALL,2021,6327451.25546264,,,,,,,,ALL_N1,,,,,,,
IT1:DF_DCSS_ISTR_LAV_PEN_2_TV_3(1.0),A,IT,RESPOP_AV,F,Y25-49,TOTAL,ALL,22,ALL,ALL,2022,6304108.19678518,,,,,,,,ALL_N1,,,,,,,
IT1:DF_DCSS_ISTR_LAV_PEN_2_TV_3(1.0),A,IT,RESPOP_AV,F,Y25-49,TOTAL,ALL,22,ALL,ALL,2023,6323060.625158134,,,,,,,,ALL_N1,,,,,,,
IT1:DF_DCSS_ISTR_LAV_PEN_2_TV_3(1.0),A,IT,RESPOP_AV,F,Y25-49,TOTAL,ALL,22,ALL,ALL,2024,6264135.19239799,,,,,,,,ALL_N1,,,,,,,
IT1:DF_DCSS_ISTR_LAV_PEN_2_TV_3(1.0),A,IT,RESPOP_AV,F,Y25-49,TOTAL,ALL,23,ALL,ALL,2018,2728607,,,,,,,,ALL_N1,,,,,,,
IT1:DF_DCSS_ISTR_LAV_PEN_2_TV_3(1.0),A,IT,RESPOP_AV,F,Y25-49,TOTAL,ALL,23,ALL,ALL,2019,2651000,,,,,,,,ALL_N1,,,,,,,
IT1:DF_DCSS_ISTR_LAV_PEN_2_TV_3(1.0),A,IT,RESPOP_AV,F,Y25-49,TOTAL,ALL,23,ALL,ALL,2021,2647463.74453736,,,,,,,,ALL_N1,,,,,,,
IT1:DF_DCSS_ISTR_LAV_PEN_2_TV_3(1.0),A,IT,RESPOP_AV,F,Y25-49,TOTAL,ALL,23,ALL,ALL,2022,2547057.80321482,,,,,,,,ALL_N1,,,,,,,
IT1:DF_DCSS_ISTR_LAV_PEN_2_TV_3(1.0),A,IT,RESPOP_AV,F,Y25-49,TOTAL,ALL,23,ALL,ALL,2023,2383601.3748418656,,,,,,,,ALL_N1,,,,,,,
IT1:DF_DCSS_ISTR_LAV_PEN_2_TV_3(1.0),A,IT,RESPOP_AV,F,Y25-49,TOTAL,ALL,23,ALL,ALL,2024,2295851.80760201,,,,,,,,ALL_N1,,,,,,,
IT1:DF_DCSS_ISTR_LAV_PEN_2_TV_3(1.0),A,IT,RESPOP_AV,F,Y25-49,TOTAL,ALL,24,ALL,ALL,2018,57522,,,,,,,,ALL_N1,,,,,,,
IT1:DF_DCSS_ISTR_LAV_PEN_2_TV_3(1.0),A,IT,RESPOP_AV,F,Y25-49,TOTAL,ALL,24,ALL,ALL,2019,67604,,,,,,,,ALL_N1,,,,,,,
IT1:DF_DCSS_ISTR_LAV_PEN_2_TV_3(1.0),A,IT,RESPOP_AV,F,Y25-49,TOTAL,ALL,24,ALL,ALL,2021,56223.7639835047,,,,,,,,ALL_N1,,,,,,,
IT1:DF_DCSS_ISTR_LAV_PEN_2_TV_3(1.0),A,IT,RESPOP_AV,F,Y25-49,TOTAL,ALL,24,ALL,ALL,2022,60211.1783526633,,,,,,,,ALL_N1,,,,,,,
IT1:DF_DCSS_ISTR_LAV_PEN_2_TV_3(1.0),A,IT,RESPOP_AV,F,Y25-49,TOTAL,ALL,24,ALL,ALL,2023,54129.976713864984,,,,,,,,ALL_N1,,,,,,,
IT1:DF_DCSS_ISTR_LAV_PEN_2_TV_3(1.0),A,IT,RESPOP_AV,F,Y25-49,TOTAL,ALL,24,ALL,ALL,2024,59288.08818489601,,,,,,,,ALL_N1,,,,,,,
IT1:DF_DCSS_ISTR_LAV_PEN_2_TV_3(1.0),A,IT,RESPOP_AV,F,Y25-49,TOTAL,ALL,4,ALL,ALL,2018,1961084,,,,,,,,ALL_N1,,,,,,,
IT1:DF_DCSS_ISTR_LAV_PEN_2_TV_3(1.0),A,IT,RESPOP_AV,F,Y25-49,TOTAL,ALL,4,ALL,ALL,2019,1865295,,,,,,,,ALL_N1,,,,,,,
IT1:DF_DCSS_ISTR_LAV_PEN_2_TV_3(1.0),A,IT,RESPOP_AV,F,Y25-49,TOTAL,ALL,4,ALL,ALL,2021,1844907.70174802,,,,,,,,ALL_N1,,,,,,,
IT1:DF_DCSS_ISTR_LAV_PEN_2_TV_3(1.0),A,IT,RESPOP_AV,F,Y25-49,TOTAL,ALL,4,ALL,ALL,2022,1751732.90345369,,,,,,,,ALL_N1,,,,,,,
IT1:DF_DCSS_ISTR_LAV_PEN_2_TV_3(1.0),A,IT,RESPOP_AV,F,Y25-49,TOTAL,ALL,4,ALL,ALL,2023,1637439.3476210758,,,,,,,,ALL_N1,,,,,,,
IT1:DF_DCSS_ISTR_LAV_PEN_2_TV_3(1.0),A,IT,RESPOP_AV,F,Y25-49,TOTAL,ALL,4,ALL,ALL,2024,1548237.9882603127,,,,,,,,ALL_N1,,,,,,,
IT1:DF_DCSS_ISTR_LAV_PEN_2_TV_3(1.0),A,IT,RESPOP_AV,F,Y25-49,TOTAL,ALL,5,ALL,ALL,2018,256218,,,,,,,,ALL_N1,,,,,,,
IT1:DF_DCSS_ISTR_LAV_PEN_2_TV_3(1.0),A,IT,RESPOP_AV,F,Y25-49,TOTAL,ALL,5,ALL,ALL,2019,270066,,,,,,,,ALL_N1,,,,,,,
IT1:DF_DCSS_ISTR_LAV_PEN_2_TV_3(1.0),A,IT,RESPOP_AV,F,Y25-49,TOTAL,ALL,5,ALL,ALL,2021,280628.767462047,,,,,,,,ALL_N1,,,,,,,
IT1:DF_DCSS_ISTR_LAV_PEN_2_TV_3(1.0),A,IT,RESPOP_AV,F,Y25-49,TOTAL,ALL,5,ALL,ALL,2022,268914.985795451,,,,,,,,ALL_N1,,,,,,,
IT1:DF_DCSS_ISTR_LAV_PEN_2_TV_3(1.0),A,IT,RESPOP_AV,F,Y25-49,TOTAL,ALL,5,ALL,ALL,2023,252746.8244451665,,,,,,,,ALL_N1,,,,,,,
IT1:DF_DCSS_ISTR_LAV_PEN_2_TV_3(1.0),A,IT,RESPOP_AV,F,Y25-49,TOTAL,ALL,5,ALL,ALL,2024,236609.83004421886,,,,,,,,ALL_N1,,,,,,,
IT1:DF_DCSS_ISTR_LAV_PEN_2_TV_3(1.0),A,IT,RESPOP_AV,F,Y25-49,TOTAL,ALL,7,ALL,ALL,2018,453783,,,,,,,,ALL_N1,,,,,,,
IT1:DF_DCSS_ISTR_LAV_PEN_2_TV_3(1.0),A,IT,RESPOP_AV,F,Y25-49,TOTAL,ALL,7,ALL,ALL,2019,448035,,,,,,,,ALL_N1,,,,,,,
IT1:DF_DCSS_ISTR_LAV_PEN_2_TV_3(1.0),A,IT,RESPOP_AV,F,Y25-49,TOTAL,ALL,7,ALL,ALL,2021,465703.51134379,,,,,,,,ALL_N1,,,,,,,
IT1:DF_DCSS_ISTR_LAV_PEN_2_TV_3(1.0),A,IT,RESPOP_AV,F,Y25-49,TOTAL,ALL,7,ALL,ALL,2022,466198.735613017,,,,,,,,ALL_N1,,,,,,,
IT1:DF_DCSS_ISTR_LAV_PEN_2_TV_3(1.0),A,IT,RESPOP_AV,F,Y25-49,TOTAL,ALL,7,ALL,ALL,2023,439285.22606175835,,,,,,,,ALL_N1,,,,,,,
IT1:DF_DCSS_ISTR_LAV_PEN_2_TV_3(1.0),A,IT,RESPOP_AV,F,Y25-49,TOTAL,ALL,7,ALL,ALL,2024,451715.90111258265,,,,,,,,ALL_N1,,,,,,,
IT1:DF_DCSS_ISTR_LAV_PEN_2_TV_3(1.0),A,IT,RESPOP_AV,F,Y25-49,TOTAL,ALL,99,ALL,ALL,2018,9615362,,,,,,,,ALL_N1,99_N1,,,,,,
IT1:DF_DCSS_ISTR_LAV_PEN_2_TV_3(1.0),A,IT,RESPOP_AV,F,Y25-49,TOTAL,ALL,99,ALL,ALL,2019,9417183,,,,,,,,ALL_N1,99_N1,,,,,,
IT1:DF_DCSS_ISTR_LAV_PEN_2_TV_3(1.0),A,IT,RESPOP_AV,F,Y25-49,TOTAL,ALL,99,ALL,ALL,2020,9177408,,,,,,,,ALL_N1,99_N1,,,,,,
IT1:DF_DCSS_ISTR_LAV_PEN_2_TV_3(1.0),A,IT,RESPOP_AV,F,Y25-49,TOTAL,ALL,99,ALL,ALL,2021,8974915,,,,,,,,ALL_N1,99_N1,,,,,,
IT1:DF_DCSS_ISTR_LAV_PEN_2_TV_3(1.0),A,IT,RESPOP_AV,F,Y25-49,TOTAL,ALL,99,ALL,ALL,2022,8851166,,,,,,,,ALL_N1,99_N1,,,,,,
IT1:DF_DCSS_ISTR_LAV_PEN_2_TV_3(1.0),A,IT,RESPOP_AV,F,Y25-49,TOTAL,ALL,99,ALL,ALL,2023,8706662,,,,,,,,ALL_N1,99_N1,,,,,,
IT1:DF_DCSS_ISTR_LAV_PEN_2_TV_3(1.0),A,IT,RESPOP_AV,F,Y25-49,TOTAL,ALL,99,ALL,ALL,2024,8559987,,,,,,,,ALL_N1,99_N1,,,,,,
IT1:DF_DCSS_ISTR_LAV_PEN_2_TV_3(1.0),A,IT,RESPOP_AV,F,Y50-64,TOTAL,ALL,1,ALL,ALL,2018,3448612,,,,,,,,ALL_N1,,,,,,,
IT1:DF_DCSS_ISTR_LAV_PEN_2_TV_3(1.0),A,IT,RESPOP_AV,F,Y50-64,TOTAL,ALL,1,ALL,ALL,2019,3558336,,,,,,,,ALL_N1,,,,,,,
IT1:DF_DCSS_ISTR_LAV_PEN_2_TV_3(1.0),A,IT,RESPOP_AV,F,Y50-64,TOTAL,ALL,1,ALL,ALL,2021,3707275,,,,,,,,ALL_N1,,,,,,,
IT1:DF_DCSS_ISTR_LAV_PEN_2_TV_3(1.0),A,IT,RESPOP_AV,F,Y50-64,TOTAL,ALL,1,ALL,ALL,2022,3790458,,,,,,,,ALL_N1,,,,,,,
IT1:DF_DCSS_ISTR_LAV_PEN_2_TV_3(1.0),A,IT,RESPOP_AV,F,Y50-64,TOTAL,ALL,1,ALL,ALL,2023,3978619,,,,,,,,ALL_N1,,,,,,,
IT1:DF_DCSS_ISTR_LAV_PEN_2_TV_3(1.0),A,IT,RESPOP_AV,F,Y50-64,TOTAL,ALL,1,ALL,ALL,2024,4123719,,,,,,,,ALL_N1,,,,,,,
IT1:DF_DCSS_ISTR_LAV_PEN_2_TV_3(1.0),A,IT,RESPOP_AV,F,Y50-64,TOTAL,ALL,12,ALL,ALL,2018,456976,,,,,,,,ALL_N1,,,,,,,
IT1:DF_DCSS_ISTR_LAV_PEN_2_TV_3(1.0),A,IT,RESPOP_AV,F,Y50-64,TOTAL,ALL,12,ALL,ALL,2019,435439,,,,,,,,ALL_N1,,,,,,,
IT1:DF_DCSS_ISTR_LAV_PEN_2_TV_3(1.0),A,IT,RESPOP_AV,F,Y50-64,TOTAL,ALL,12,ALL,ALL,2021,302753.125799818,,,,,,,,ALL_N1,,,,,,,
IT1:DF_DCSS_ISTR_LAV_PEN_2_TV_3(1.0),A,IT,RESPOP_AV,F,Y50-64,TOTAL,ALL,12,ALL,ALL,2022,314099.742871699,,,,,,,,ALL_N1,,,,,,,
IT1:DF_DCSS_ISTR_LAV_PEN_2_TV_3(1.0),A,IT,RESPOP_AV,F,Y50-64,TOTAL,ALL,12,ALL,ALL,2023,301525.86825875443,,,,,,,,ALL_N1,,,,,,,
IT1:DF_DCSS_ISTR_LAV_PEN_2_TV_3(1.0),A,IT,RESPOP_AV,F,Y50-64,TOTAL,ALL,12,ALL,ALL,2024,278276.06275091984,,,,,,,,ALL_N1,,,,,,,
IT1:DF_DCSS_ISTR_LAV_PEN_2_TV_3(1.0),A,IT,RESPOP_AV,F,Y50-64,TOTAL,ALL,22,ALL,ALL,2018,3905588,,,,,,,,ALL_N1,,,,,,,
IT1:DF_DCSS_ISTR_LAV_PEN_2_TV_3(1.0),A,IT,RESPOP_AV,F,Y50-64,TOTAL,ALL,22,ALL,ALL,2019,3993775,,,,,,,,ALL_N1,,,,,,,
IT1:DF_DCSS_ISTR_LAV_PEN_2_TV_3(1.0),A,IT,RESPOP_AV,F,Y50-64,TOTAL,ALL,22,ALL,ALL,2021,4010028.12579982,,,,,,,,ALL_N1,,,,,,,
IT1:DF_DCSS_ISTR_LAV_PEN_2_TV_3(1.0),A,IT,RESPOP_AV,F,Y50-64,TOTAL,ALL,22,ALL,ALL,2022,4104557.7428717,,,,,,,,ALL_N1,,,,,,,
IT1:DF_DCSS_ISTR_LAV_PEN_2_TV_3(1.0),A,IT,RESPOP_AV,F,Y50-64,TOTAL,ALL,22,ALL,ALL,2023,4280144.868258755,,,,,,,,ALL_N1,,,,,,,
IT1:DF_DCSS_ISTR_LAV_PEN_2_TV_3(1.0),A,IT,RESPOP_AV,F,Y50-64,TOTAL,ALL,22,ALL,ALL,2024,4401995.06275092,,,,,,,,ALL_N1,,,,,,,
IT1:DF_DCSS_ISTR_LAV_PEN_2_TV_3(1.0),A,IT,RESPOP_AV,F,Y50-64,TOTAL,ALL,23,ALL,ALL,2018,2812382,,,,,,,,ALL_N1,,,,,,,
IT1:DF_DCSS_ISTR_LAV_PEN_2_TV_3(1.0),A,IT,RESPOP_AV,F,Y50-64,TOTAL,ALL,23,ALL,ALL,2019,2821696,,,,,,,,ALL_N1,,,,,,,
IT1:DF_DCSS_ISTR_LAV_PEN_2_TV_3(1.0),A,IT,RESPOP_AV,F,Y50-64,TOTAL,ALL,23,ALL,ALL,2021,2925208.87420018,,,,,,,,ALL_N1,,,,,,,
IT1:DF_DCSS_ISTR_LAV_PEN_2_TV_3(1.0),A,IT,RESPOP_AV,F,Y50-64,TOTAL,ALL,23,ALL,ALL,2022,2918266.2571283,,,,,,,,ALL_N1,,,,,,,
IT1:DF_DCSS_ISTR_LAV_PEN_2_TV_3(1.0),A,IT,RESPOP_AV,F,Y50-64,TOTAL,ALL,23,ALL,ALL,2023,2812527.1317412457,,,,,,,,ALL_N1,,,,,,,
IT1:DF_DCSS_ISTR_LAV_PEN_2_TV_3(1.0),A,IT,RESPOP_AV,F,Y50-64,TOTAL,ALL,23,ALL,ALL,2024,2749489.9372490803,,,,,,,,ALL_N1,,,,,,,
IT1:DF_DCSS_ISTR_LAV_PEN_2_TV_3(1.0),A,IT,RESPOP_AV,F,Y50-64,TOTAL,ALL,24,ALL,ALL,2018,490921,,,,,,,,ALL_N1,,,,,,,
IT1:DF_DCSS_ISTR_LAV_PEN_2_TV_3(1.0),A,IT,RESPOP_AV,F,Y50-64,TOTAL,ALL,24,ALL,ALL,2019,476968,,,,,,,,ALL_N1,,,,,,,
IT1:DF_DCSS_ISTR_LAV_PEN_2_TV_3(1.0),A,IT,RESPOP_AV,F,Y50-64,TOTAL,ALL,24,ALL,ALL,2021,487415.668922124,,,,,,,,ALL_N1,,,,,,,
IT1:DF_DCSS_ISTR_LAV_PEN_2_TV_3(1.0),A,IT,RESPOP_AV,F,Y50-64,TOTAL,ALL,24,ALL,ALL,2022,479960.361402907,,,,,,,,ALL_N1,,,,,,,
IT1:DF_DCSS_ISTR_LAV_PEN_2_TV_3(1.0),A,IT,RESPOP_AV,F,Y50-64,TOTAL,ALL,24,ALL,ALL,2023,438840.6816580211,,,,,,,,ALL_N1,,,,,,,
IT1:DF_DCSS_ISTR_LAV_PEN_2_TV_3(1.0),A,IT,RESPOP_AV,F,Y50-64,TOTAL,ALL,24,ALL,ALL,2024,411294.5930126102,,,,,,,,ALL_N1,,,,,,,
IT1:DF_DCSS_ISTR_LAV_PEN_2_TV_3(1.0),A,IT,RESPOP_AV,F,Y50-64,TOTAL,ALL,4,ALL,ALL,2018,1954191,,,,,,,,ALL_N1,,,,,,,
IT1:DF_DCSS_ISTR_LAV_PEN_2_TV_3(1.0),A,IT,RESPOP_AV,F,Y50-64,TOTAL,ALL,4,ALL,ALL,2019,1973010,,,,,,,,ALL_N1,,,,,,,
IT1:DF_DCSS_ISTR_LAV_PEN_2_TV_3(1.0),A,IT,RESPOP_AV,F,Y50-64,TOTAL,ALL,4,ALL,ALL,2021,2013096.23886285,,,,,,,,ALL_N1,,,,,,,
IT1:DF_DCSS_ISTR_LAV_PEN_2_TV_3(1.0),A,IT,RESPOP_AV,F,Y50-64,TOTAL,ALL,4,ALL,ALL,2022,1970455.11587828,,,,,,,,ALL_N1,,,,,,,
IT1:DF_DCSS_ISTR_LAV_PEN_2_TV_3(1.0),A,IT,RESPOP_AV,F,Y50-64,TOTAL,ALL,4,ALL,ALL,2023,1911059.0526437103,,,,,,,,ALL_N1,,,,,,,
IT1:DF_DCSS_ISTR_LAV_PEN_2_TV_3(1.0),A,IT,RESPOP_AV,F,Y50-64,TOTAL,ALL,4,ALL,ALL,2024,1875352.3196701107,,,,,,,,ALL_N1,,,,,,,
IT1:DF_DCSS_ISTR_LAV_PEN_2_TV_3(1.0),A,IT,RESPOP_AV,F,Y50-64,TOTAL,ALL,5,ALL,ALL,2018,3773,,,,,,,,ALL_N1,,,,,,,
IT1:DF_DCSS_ISTR_LAV_PEN_2_TV_3(1.0),A,IT,RESPOP_AV,F,Y50-64,TOTAL,ALL,5,ALL,ALL,2019,4362,,,,,,,,ALL_N1,,,,,,,
IT1:DF_DCSS_ISTR_LAV_PEN_2_TV_3(1.0),A,IT,RESPOP_AV,F,Y50-64,TOTAL,ALL,5,ALL,ALL,2021,5999.93042058512,,,,,,,,ALL_N1,,,,,,,
IT1:DF_DCSS_ISTR_LAV_PEN_2_TV_3(1.0),A,IT,RESPOP_AV,F,Y50-64,TOTAL,ALL,5,ALL,ALL,2022,7256.84552894211,,,,,,,,ALL_N1,,,,,,,
IT1:DF_DCSS_ISTR_LAV_PEN_2_TV_3(1.0),A,IT,RESPOP_AV,F,Y50-64,TOTAL,ALL,5,ALL,ALL,2023,7336.1770514494565,,,,,,,,ALL_N1,,,,,,,
IT1:DF_DCSS_ISTR_LAV_PEN_2_TV_3(1.0),A,IT,RESPOP_AV,F,Y50-64,TOTAL,ALL,5,ALL,ALL,2024,8339.347372361439,,,,,,,,ALL_N1,,,,,,,
IT1:DF_DCSS_ISTR_LAV_PEN_2_TV_3(1.0),A,IT,RESPOP_AV,F,Y50-64,TOTAL,ALL,7,ALL,ALL,2018,363497,,,,,,,,ALL_N1,,,,,,,
IT1:DF_DCSS_ISTR_LAV_PEN_2_TV_3(1.0),A,IT,RESPOP_AV,F,Y50-64,TOTAL,ALL,7,ALL,ALL,2019,367356,,,,,,,,ALL_N1,,,,,,,
IT1:DF_DCSS_ISTR_LAV_PEN_2_TV_3(1.0),A,IT,RESPOP_AV,F,Y50-64,TOTAL,ALL,7,ALL,ALL,2021,418697.035994618,,,,,,,,ALL_N1,,,,,,,
IT1:DF_DCSS_ISTR_LAV_PEN_2_TV_3(1.0),A,IT,RESPOP_AV,F,Y50-64,TOTAL,ALL,7,ALL,ALL,2022,460593.934318176,,,,,,,,ALL_N1,,,,,,,
IT1:DF_DCSS_ISTR_LAV_PEN_2_TV_3(1.0),A,IT,RESPOP_AV,F,Y50-64,TOTAL,ALL,7,ALL,ALL,2023,455291.2203880647,,,,,,,,ALL_N1,,,,,,,
IT1:DF_DCSS_ISTR_LAV_PEN_2_TV_3(1.0),A,IT,RESPOP_AV,F,Y50-64,TOTAL,ALL,7,ALL,ALL,2024,454503.6771939978,,,,,,,,ALL_N1,,,,,,,
IT1:DF_DCSS_ISTR_LAV_PEN_2_TV_3(1.0),A,IT,RESPOP_AV,F,Y50-64,TOTAL,ALL,99,ALL,ALL,2018,6717970,,,,,,,,ALL_N1,99_N1,,,,,,
IT1:DF_DCSS_ISTR_LAV_PEN_2_TV_3(1.0),A,IT,RESPOP_AV,F,Y50-64,TOTAL,ALL,99,ALL,ALL,2019,6815471,,,,,,,,ALL_N1,99_N1,,,,,,
IT1:DF_DCSS_ISTR_LAV_PEN_2_TV_3(1.0),A,IT,RESPOP_AV,F,Y50-64,TOTAL,ALL,99,ALL,ALL,2020,6848378,,,,,,,,ALL_N1,99_N1,,,,,,
IT1:DF_DCSS_ISTR_LAV_PEN_2_TV_3(1.0),A,IT,RESPOP_AV,F,Y50-64,TOTAL,ALL,99,ALL,ALL,2021,6935237,,,,,,,,ALL_N1,99_N1,,,,,,
IT1:DF_DCSS_ISTR_LAV_PEN_2_TV_3(1.0),A,IT,RESPOP_AV,F,Y50-64,TOTAL,ALL,99,ALL,ALL,2022,7022824,,,,,,,,ALL_N1,99_N1,,,,,,
IT1:DF_DCSS_ISTR_LAV_PEN_2_TV_3(1.0),A,IT,RESPOP_AV,F,Y50-64,TOTAL,ALL,99,ALL,ALL,2023,7092672,,,,,,,,ALL_N1,99_N1,,,,,,
IT1:DF_DCSS_ISTR_LAV_PEN_2_TV_3(1.0),A,IT,RESPOP_AV,F,Y50-64,TOTAL,ALL,99,ALL,ALL,2024,7151485,,,,,,,,ALL_N1,99_N1,,,,,,
IT1:DF_DCSS_ISTR_LAV_PEN_2_TV_3(1.0),A,IT,RESPOP_AV,M,Y_GE15,TOTAL,ALL,1,ALL,ALL,2018,13492215,,,,,,,,ALL_N1,,,,,,,
IT1:DF_DCSS_ISTR_LAV_PEN_2_TV_3(1.0),A,IT,RESPOP_AV,M,Y_GE15,TOTAL,ALL,1,ALL,ALL,2019,13630443,,,,,,,,ALL_N1,,,,,,,
IT1:DF_DCSS_ISTR_LAV_PEN_2_TV_3(1.0),A,IT,RESPOP_AV,M,Y_GE15,TOTAL,ALL,1,ALL,ALL,2021,13565239,,,,,,,,ALL_N1,,,,,,,
IT1:DF_DCSS_ISTR_LAV_PEN_2_TV_3(1.0),A,IT,RESPOP_AV,M,Y_GE15,TOTAL,ALL,1,ALL,ALL,2022,13710412,,,,,,,,ALL_N1,,,,,,,
IT1:DF_DCSS_ISTR_LAV_PEN_2_TV_3(1.0),A,IT,RESPOP_AV,M,Y_GE15,TOTAL,ALL,1,ALL,ALL,2023,13944536,,,,,,,,ALL_N1,,,,,,,
IT1:DF_DCSS_ISTR_LAV_PEN_2_TV_3(1.0),A,IT,RESPOP_AV,M,Y_GE15,TOTAL,ALL,1,ALL,ALL,2024,14094911,,,,,,,,ALL_N1,,,,,,,
IT1:DF_DCSS_ISTR_LAV_PEN_2_TV_3(1.0),A,IT,RESPOP_AV,M,Y_GE15,TOTAL,ALL,12,ALL,ALL,2018,1992014,,,,,,,,ALL_N1,,,,,,,
IT1:DF_DCSS_ISTR_LAV_PEN_2_TV_3(1.0),A,IT,RESPOP_AV,M,Y_GE15,TOTAL,ALL,12,ALL,ALL,2019,1788918,,,,,,,,ALL_N1,,,,,,,
IT1:DF_DCSS_ISTR_LAV_PEN_2_TV_3(1.0),A,IT,RESPOP_AV,M,Y_GE15,TOTAL,ALL,12,ALL,ALL,2021,1200534.46551383,,,,,,,,ALL_N1,,,,,,,
IT1:DF_DCSS_ISTR_LAV_PEN_2_TV_3(1.0),A,IT,RESPOP_AV,M,Y_GE15,TOTAL,ALL,12,ALL,ALL,2022,1092048.01651329,,,,,,,,ALL_N1,,,,,,,
IT1:DF_DCSS_ISTR_LAV_PEN_2_TV_3(1.0),A,IT,RESPOP_AV,M,Y_GE15,TOTAL,ALL,12,ALL,ALL,2023,1000059.6033112269,,,,,,,,ALL_N1,,,,,,,
IT1:DF_DCSS_ISTR_LAV_PEN_2_TV_3(1.0),A,IT,RESPOP_AV,M,Y_GE15,TOTAL,ALL,12,ALL,ALL,2024,928982.5945553182,,,,,,,,ALL_N1,,,,,,,
IT1:DF_DCSS_ISTR_LAV_PEN_2_TV_3(1.0),A,IT,RESPOP_AV,M,Y_GE15,TOTAL,ALL,22,ALL,ALL,2018,15484229,,,,,,,,ALL_N1,,,,,,,
IT1:DF_DCSS_ISTR_LAV_PEN_2_TV_3(1.0),A,IT,RESPOP_AV,M,Y_GE15,TOTAL,ALL,22,ALL,ALL,2019,15419361,,,,,,,,ALL_N1,,,,,,,
IT1:DF_DCSS_ISTR_LAV_PEN_2_TV_3(1.0),A,IT,RESPOP_AV,M,Y_GE15,TOTAL,ALL,22,ALL,ALL,2021,14765773.4655138,,,,,,,,ALL_N1,,,,,,,
IT1:DF_DCSS_ISTR_LAV_PEN_2_TV_3(1.0),A,IT,RESPOP_AV,M,Y_GE15,TOTAL,ALL,22,ALL,ALL,2022,14802460.0165133,,,,,,,,ALL_N1,,,,,,,
IT1:DF_DCSS_ISTR_LAV_PEN_2_TV_3(1.0),A,IT,RESPOP_AV,M,Y_GE15,TOTAL,ALL,22,ALL,ALL,2023,14944595.603311228,,,,,,,,ALL_N1,,,,,,,
IT1:DF_DCSS_ISTR_LAV_PEN_2_TV_3(1.0),A,IT,RESPOP_AV,M,Y_GE15,TOTAL,ALL,22,ALL,ALL,2024,15023893.594555318,,,,,,,,ALL_N1,,,,,,,
IT1:DF_DCSS_ISTR_LAV_PEN_2_TV_3(1.0),A,IT,RESPOP_AV,M,Y_GE15,TOTAL,ALL,23,ALL,ALL,2018,9596649,,,,,,,,ALL_N1,,,,,,,
IT1:DF_DCSS_ISTR_LAV_PEN_2_TV_3(1.0),A,IT,RESPOP_AV,M,Y_GE15,TOTAL,ALL,23,ALL,ALL,2019,9654848,,,,,,,,ALL_N1,,,,,,,
IT1:DF_DCSS_ISTR_LAV_PEN_2_TV_3(1.0),A,IT,RESPOP_AV,M,Y_GE15,TOTAL,ALL,23,ALL,ALL,2021,10201196.5344862,,,,,,,,ALL_N1,,,,,,,
IT1:DF_DCSS_ISTR_LAV_PEN_2_TV_3(1.0),A,IT,RESPOP_AV,M,Y_GE15,TOTAL,ALL,23,ALL,ALL,2022,10235083.9834867,,,,,,,,ALL_N1,,,,,,,
IT1:DF_DCSS_ISTR_LAV_PEN_2_TV_3(1.0),A,IT,RESPOP_AV,M,Y_GE15,TOTAL,ALL,23,ALL,ALL,2023,10205281.396688772,,,,,,,,ALL_N1,,,,,,,
IT1:DF_DCSS_ISTR_LAV_PEN_2_TV_3(1.0),A,IT,RESPOP_AV,M,Y_GE15,TOTAL,ALL,23,ALL,ALL,2024,10236416.405444682,,,,,,,,ALL_N1,,,,,,,
IT1:DF_DCSS_ISTR_LAV_PEN_2_TV_3(1.0),A,IT,RESPOP_AV,M,Y_GE15,TOTAL,ALL,24,ALL,ALL,2018,5627058,,,,,,,,ALL_N1,,,,,,,
IT1:DF_DCSS_ISTR_LAV_PEN_2_TV_3(1.0),A,IT,RESPOP_AV,M,Y_GE15,TOTAL,ALL,24,ALL,ALL,2019,5686820,,,,,,,,ALL_N1,,,,,,,
IT1:DF_DCSS_ISTR_LAV_PEN_2_TV_3(1.0),A,IT,RESPOP_AV,M,Y_GE15,TOTAL,ALL,24,ALL,ALL,2021,5875416.10319174,,,,,,,,ALL_N1,,,,,,,
IT1:DF_DCSS_ISTR_LAV_PEN_2_TV_3(1.0),A,IT,RESPOP_AV,M,Y_GE15,TOTAL,ALL,24,ALL,ALL,2022,5931300.58567694,,,,,,,,ALL_N1,,,,,,,
IT1:DF_DCSS_ISTR_LAV_PEN_2_TV_3(1.0),A,IT,RESPOP_AV,M,Y_GE15,TOTAL,ALL,24,ALL,ALL,2023,5835129.072089545,,,,,,,,ALL_N1,,,,,,,
IT1:DF_DCSS_ISTR_LAV_PEN_2_TV_3(1.0),A,IT,RESPOP_AV,M,Y_GE15,TOTAL,ALL,24,ALL,ALL,2024,5915111.9223398715,,,,,,,,ALL_N1,,,,,,,
IT1:DF_DCSS_ISTR_LAV_PEN_2_TV_3(1.0),A,IT,RESPOP_AV,M,Y_GE15,TOTAL,ALL,4,ALL,ALL,2018,230065,,,,,,,,ALL_N1,,,,,,,
IT1:DF_DCSS_ISTR_LAV_PEN_2_TV_3(1.0),A,IT,RESPOP_AV,M,Y_GE15,TOTAL,ALL,4,ALL,ALL,2019,233579,,,,,,,,ALL_N1,,,,,,,
IT1:DF_DCSS_ISTR_LAV_PEN_2_TV_3(1.0),A,IT,RESPOP_AV,M,Y_GE15,TOTAL,ALL,4,ALL,ALL,2021,346521.663951624,,,,,,,,ALL_N1,,,,,,,
IT1:DF_DCSS_ISTR_LAV_PEN_2_TV_3(1.0),A,IT,RESPOP_AV,M,Y_GE15,TOTAL,ALL,4,ALL,ALL,2022,350921.815047354,,,,,,,,ALL_N1,,,,,,,
IT1:DF_DCSS_ISTR_LAV_PEN_2_TV_3(1.0),A,IT,RESPOP_AV,M,Y_GE15,TOTAL,ALL,4,ALL,ALL,2023,380031.5499019848,,,,,,,,ALL_N1,,,,,,,
IT1:DF_DCSS_ISTR_LAV_PEN_2_TV_3(1.0),A,IT,RESPOP_AV,M,Y_GE15,TOTAL,ALL,4,ALL,ALL,2024,359552.0115737239,,,,,,,,ALL_N1,,,,,,,
IT1:DF_DCSS_ISTR_LAV_PEN_2_TV_3(1.0),A,IT,RESPOP_AV,M,Y_GE15,TOTAL,ALL,5,ALL,ALL,2018,1917194,,,,,,,,ALL_N1,,,,,,,
IT1:DF_DCSS_ISTR_LAV_PEN_2_TV_3(1.0),A,IT,RESPOP_AV,M,Y_GE15,TOTAL,ALL,5,ALL,ALL,2019,1942303,,,,,,,,ALL_N1,,,,,,,
IT1:DF_DCSS_ISTR_LAV_PEN_2_TV_3(1.0),A,IT,RESPOP_AV,M,Y_GE15,TOTAL,ALL,5,ALL,ALL,2021,1944099.58886608,,,,,,,,ALL_N1,,,,,,,
IT1:DF_DCSS_ISTR_LAV_PEN_2_TV_3(1.0),A,IT,RESPOP_AV,M,Y_GE15,TOTAL,ALL,5,ALL,ALL,2022,1987976.73218956,,,,,,,,ALL_N1,,,,,,,
IT1:DF_DCSS_ISTR_LAV_PEN_2_TV_3(1.0),A,IT,RESPOP_AV,M,Y_GE15,TOTAL,ALL,5,ALL,ALL,2023,1978020.6337331214,,,,,,,,ALL_N1,,,,,,,
IT1:DF_DCSS_ISTR_LAV_PEN_2_TV_3(1.0),A,IT,RESPOP_AV,M,Y_GE15,TOTAL,ALL,5,ALL,ALL,2024,1931685.887511097,,,,,,,,ALL_N1,,,,,,,
IT1:DF_DCSS_ISTR_LAV_PEN_2_TV_3(1.0),A,IT,RESPOP_AV,M,Y_GE15,TOTAL,ALL,7,ALL,ALL,2018,1822332,,,,,,,,ALL_N1,,,,,,,
IT1:DF_DCSS_ISTR_LAV_PEN_2_TV_3(1.0),A,IT,RESPOP_AV,M,Y_GE15,TOTAL,ALL,7,ALL,ALL,2019,1792151,,,,,,,,ALL_N1,,,,,,,
IT1:DF_DCSS_ISTR_LAV_PEN_2_TV_3(1.0),A,IT,RESPOP_AV,M,Y_GE15,TOTAL,ALL,7,ALL,ALL,2021,2035159.17847672,,,,,,,,ALL_N1,,,,,,,
IT1:DF_DCSS_ISTR_LAV_PEN_2_TV_3(1.0),A,IT,RESPOP_AV,M,Y_GE15,TOTAL,ALL,7,ALL,ALL,2022,1964884.85057286,,,,,,,,ALL_N1,,,,,,,
IT1:DF_DCSS_ISTR_LAV_PEN_2_TV_3(1.0),A,IT,RESPOP_AV,M,Y_GE15,TOTAL,ALL,7,ALL,ALL,2023,2012100.1409641216,,,,,,,,ALL_N1,,,,,,,
IT1:DF_DCSS_ISTR_LAV_PEN_2_TV_3(1.0),A,IT,RESPOP_AV,M,Y_GE15,TOTAL,ALL,7,ALL,ALL,2024,2030066.5840199892,,,,,,,,ALL_N1,,,,,,,
IT1:DF_DCSS_ISTR_LAV_PEN_2_TV_3(1.0),A,IT,RESPOP_AV,M,Y_GE15,TOTAL,ALL,99,ALL,ALL,2018,25080876,,,,,,,,ALL_N1,99_N1,,,,,,
IT1:DF_DCSS_ISTR_LAV_PEN_2_TV_3(1.0),A,IT,RESPOP_AV,M,Y_GE15,TOTAL,ALL,99,ALL,ALL,2019,25074209,,,,,,,,ALL_N1,99_N1,,,,,,
IT1:DF_DCSS_ISTR_LAV_PEN_2_TV_3(1.0),A,IT,RESPOP_AV,M,Y_GE15,TOTAL,ALL,99,ALL,ALL,2021,24966970,,,,,,,,ALL_N1,99_N1,,,,,,
IT1:DF_DCSS_ISTR_LAV_PEN_2_TV_3(1.0),A,IT,RESPOP_AV,M,Y_GE15,TOTAL,ALL,99,ALL,ALL,2022,25037544,,,,,,,,ALL_N1,99_N1,,,,,,
IT1:DF_DCSS_ISTR_LAV_PEN_2_TV_3(1.0),A,IT,RESPOP_AV,M,Y_GE15,TOTAL,ALL,99,ALL,ALL,2023,25149877,,,,,,,,ALL_N1,99_N1,,,,,,
IT1:DF_DCSS_ISTR_LAV_PEN_2_TV_3(1.0),A,IT,RESPOP_AV,M,Y_GE15,TOTAL,ALL,99,ALL,ALL,2024,25260310,,,,,,,,ALL_N1,99_N1,,,,,,
IT1:DF_DCSS_ISTR_LAV_PEN_2_TV_3(1.0),A,IT,RESPOP_AV,M,Y_GE65,TOTAL,ALL,1,ALL,ALL,2018,662541,,,,,,,,ALL_N1,,,,,,,
IT1:DF_DCSS_ISTR_LAV_PEN_2_TV_3(1.0),A,IT,RESPOP_AV,M,Y_GE65,TOTAL,ALL,1,ALL,ALL,2019,731625,,,,,,,,ALL_N1,,,,,,,
IT1:DF_DCSS_ISTR_LAV_PEN_2_TV_3(1.0),A,IT,RESPOP_AV,M,Y_GE65,TOTAL,ALL,1,ALL,ALL,2021,616903,,,,,,,,ALL_N1,,,,,,,
IT1:DF_DCSS_ISTR_LAV_PEN_2_TV_3(1.0),A,IT,RESPOP_AV,M,Y_GE65,TOTAL,ALL,1,ALL,ALL,2022,660620,,,,,,,,ALL_N1,,,,,,,
IT1:DF_DCSS_ISTR_LAV_PEN_2_TV_3(1.0),A,IT,RESPOP_AV,M,Y_GE65,TOTAL,ALL,1,ALL,ALL,2023,718481,,,,,,,,ALL_N1,,,,,,,
IT1:DF_DCSS_ISTR_LAV_PEN_2_TV_3(1.0),A,IT,RESPOP_AV,M,Y_GE65,TOTAL,ALL,1,ALL,ALL,2024,760087,,,,,,,,ALL_N1,,,,,,,
IT1:DF_DCSS_ISTR_LAV_PEN_2_TV_3(1.0),A,IT,RESPOP_AV,M,Y_GE65,TOTAL,ALL,12,ALL,ALL,2018,14409,,,,,,,,ALL_N1,,,,,,,
IT1:DF_DCSS_ISTR_LAV_PEN_2_TV_3(1.0),A,IT,RESPOP_AV,M,Y_GE65,TOTAL,ALL,12,ALL,ALL,2019,14789,,,,,,,,ALL_N1,,,,,,,
IT1:DF_DCSS_ISTR_LAV_PEN_2_TV_3(1.0),A,IT,RESPOP_AV,M,Y_GE65,TOTAL,ALL,12,ALL,ALL,2021,10768.8995441773,,,,,,,,ALL_N1,,,,,,,
IT1:DF_DCSS_ISTR_LAV_PEN_2_TV_3(1.0),A,IT,RESPOP_AV,M,Y_GE65,TOTAL,ALL,12,ALL,ALL,2022,8005.84196509316,,,,,,,,ALL_N1,,,,,,,
IT1:DF_DCSS_ISTR_LAV_PEN_2_TV_3(1.0),A,IT,RESPOP_AV,M,Y_GE65,TOTAL,ALL,12,ALL,ALL,2023,6825.2558307038225,,,,,,,,ALL_N1,,,,,,,
IT1:DF_DCSS_ISTR_LAV_PEN_2_TV_3(1.0),A,IT,RESPOP_AV,M,Y_GE65,TOTAL,ALL,12,ALL,ALL,2024,6398.133186769265,,,,,,,,ALL_N1,,,,,,,
IT1:DF_DCSS_ISTR_LAV_PEN_2_TV_3(1.0),A,IT,RESPOP_AV,M,Y_GE65,TOTAL,ALL,22,ALL,ALL,2018,676950,,,,,,,,ALL_N1,,,,,,,
IT1:DF_DCSS_ISTR_LAV_PEN_2_TV_3(1.0),A,IT,RESPOP_AV,M,Y_GE65,TOTAL,ALL,22,ALL,ALL,2019,746414,,,,,,,,ALL_N1,,,,,,,
IT1:DF_DCSS_ISTR_LAV_PEN_2_TV_3(1.0),A,IT,RESPOP_AV,M,Y_GE65,TOTAL,ALL,22,ALL,ALL,2021,627671.899544177,,,,,,,,ALL_N1,,,,,,,
IT1:DF_DCSS_ISTR_LAV_PEN_2_TV_3(1.0),A,IT,RESPOP_AV,M,Y_GE65,TOTAL,ALL,22,ALL,ALL,2022,668625.841965093,,,,,,,,ALL_N1,,,,,,,
IT1:DF_DCSS_ISTR_LAV_PEN_2_TV_3(1.0),A,IT,RESPOP_AV,M,Y_GE65,TOTAL,ALL,22,ALL,ALL,2023,725306.2558307038,,,,,,,,ALL_N1,,,,,,,
IT1:DF_DCSS_ISTR_LAV_PEN_2_TV_3(1.0),A,IT,RESPOP_AV,M,Y_GE65,TOTAL,ALL,22,ALL,ALL,2024,766485.1331867693,,,,,,,,ALL_N1,,,,,,,
IT1:DF_DCSS_ISTR_LAV_PEN_2_TV_3(1.0),A,IT,RESPOP_AV,M,Y_GE65,TOTAL,ALL,23,ALL,ALL,2018,5278121,,,,,,,,ALL_N1,,,,,,,
IT1:DF_DCSS_ISTR_LAV_PEN_2_TV_3(1.0),A,IT,RESPOP_AV,M,Y_GE65,TOTAL,ALL,23,ALL,ALL,2019,5298064,,,,,,,,ALL_N1,,,,,,,
IT1:DF_DCSS_ISTR_LAV_PEN_2_TV_3(1.0),A,IT,RESPOP_AV,M,Y_GE65,TOTAL,ALL,23,ALL,ALL,2021,5535553.10045582,,,,,,,,ALL_N1,,,,,,,
IT1:DF_DCSS_ISTR_LAV_PEN_2_TV_3(1.0),A,IT,RESPOP_AV,M,Y_GE65,TOTAL,ALL,23,ALL,ALL,2022,5567347.15803491,,,,,,,,ALL_N1,,,,,,,
IT1:DF_DCSS_ISTR_LAV_PEN_2_TV_3(1.0),A,IT,RESPOP_AV,M,Y_GE65,TOTAL,ALL,23,ALL,ALL,2023,5607317.744169296,,,,,,,,ALL_N1,,,,,,,
IT1:DF_DCSS_ISTR_LAV_PEN_2_TV_3(1.0),A,IT,RESPOP_AV,M,Y_GE65,TOTAL,ALL,23,ALL,ALL,2024,5684716.86681323,,,,,,,,ALL_N1,,,,,,,
IT1:DF_DCSS_ISTR_LAV_PEN_2_TV_3(1.0),A,IT,RESPOP_AV,M,Y_GE65,TOTAL,ALL,24,ALL,ALL,2018,4855258,,,,,,,,ALL_N1,,,,,,,
IT1:DF_DCSS_ISTR_LAV_PEN_2_TV_3(1.0),A,IT,RESPOP_AV,M,Y_GE65,TOTAL,ALL,24,ALL,ALL,2019,4865950,,,,,,,,ALL_N1,,,,,,,
IT1:DF_DCSS_ISTR_LAV_PEN_2_TV_3(1.0),A,IT,RESPOP_AV,M,Y_GE65,TOTAL,ALL,24,ALL,ALL,2021,5034744.95250545,,,,,,,,ALL_N1,,,,,,,
IT1:DF_DCSS_ISTR_LAV_PEN_2_TV_3(1.0),A,IT,RESPOP_AV,M,Y_GE65,TOTAL,ALL,24,ALL,ALL,2022,5078422.11830508,,,,,,,,ALL_N1,,,,,,,
IT1:DF_DCSS_ISTR_LAV_PEN_2_TV_3(1.0),A,IT,RESPOP_AV,M,Y_GE65,TOTAL,ALL,24,ALL,ALL,2023,5046804.470202009,,,,,,,,ALL_N1,,,,,,,
IT1:DF_DCSS_ISTR_LAV_PEN_2_TV_3(1.0),A,IT,RESPOP_AV,M,Y_GE65,TOTAL,ALL,24,ALL,ALL,2024,5143892.612345725,,,,,,,,ALL_N1,,,,,,,
IT1:DF_DCSS_ISTR_LAV_PEN_2_TV_3(1.0),A,IT,RESPOP_AV,M,Y_GE65,TOTAL,ALL,4,ALL,ALL,2018,31153,,,,,,,,ALL_N1,,,,,,,
IT1:DF_DCSS_ISTR_LAV_PEN_2_TV_3(1.0),A,IT,RESPOP_AV,M,Y_GE65,TOTAL,ALL,4,ALL,ALL,2019,34094,,,,,,,,ALL_N1,,,,,,,
IT1:DF_DCSS_ISTR_LAV_PEN_2_TV_3(1.0),A,IT,RESPOP_AV,M,Y_GE65,TOTAL,ALL,4,ALL,ALL,2021,45659.743128521,,,,,,,,ALL_N1,,,,,,,
IT1:DF_DCSS_ISTR_LAV_PEN_2_TV_3(1.0),A,IT,RESPOP_AV,M,Y_GE65,TOTAL,ALL,4,ALL,ALL,2022,50342.2006317927,,,,,,,,ALL_N1,,,,,,,
IT1:DF_DCSS_ISTR_LAV_PEN_2_TV_3(1.0),A,IT,RESPOP_AV,M,Y_GE65,TOTAL,ALL,4,ALL,ALL,2023,60832.56526218264,,,,,,,,ALL_N1,,,,,,,
IT1:DF_DCSS_ISTR_LAV_PEN_2_TV_3(1.0),A,IT,RESPOP_AV,M,Y_GE65,TOTAL,ALL,4,ALL,ALL,2024,59349.85412336429,,,,,,,,ALL_N1,,,,,,,
IT1:DF_DCSS_ISTR_LAV_PEN_2_TV_3(1.0),A,IT,RESPOP_AV,M,Y_GE65,TOTAL,ALL,5,ALL,ALL,2018,64,,,,,,,,ALL_N1,,,,,,,
IT1:DF_DCSS_ISTR_LAV_PEN_2_TV_3(1.0),A,IT,RESPOP_AV,M,Y_GE65,TOTAL,ALL,5,ALL,ALL,2019,41,,,,,,,,ALL_N1,,,,,,,
IT1:DF_DCSS_ISTR_LAV_PEN_2_TV_3(1.0),A,IT,RESPOP_AV,M,Y_GE65,TOTAL,ALL,5,ALL,ALL,2021,58.1828288599527,,,,,,,,ALL_N1,,,,,,,
IT1:DF_DCSS_ISTR_LAV_PEN_2_TV_3(1.0),A,IT,RESPOP_AV,M,Y_GE65,TOTAL,ALL,5,ALL,ALL,2022,476.694338029609,,,,,,,,ALL_N1,,,,,,,
IT1:DF_DCSS_ISTR_LAV_PEN_2_TV_3(1.0),A,IT,RESPOP_AV,M,Y_GE65,TOTAL,ALL,5,ALL,ALL,2023,308.56926580916996,,,,,,,,ALL_N1,,,,,,,
IT1:DF_DCSS_ISTR_LAV_PEN_2_TV_3(1.0),A,IT,RESPOP_AV,M,Y_GE65,TOTAL,ALL,5,ALL,ALL,2024,284.914691101646,,,,,,,,ALL_N1,,,,,,,
IT1:DF_DCSS_ISTR_LAV_PEN_2_TV_3(1.0),A,IT,RESPOP_AV,M,Y_GE65,TOTAL,ALL,7,ALL,ALL,2018,391646,,,,,,,,ALL_N1,,,,,,,
IT1:DF_DCSS_ISTR_LAV_PEN_2_TV_3(1.0),A,IT,RESPOP_AV,M,Y_GE65,TOTAL,ALL,7,ALL,ALL,2019,397979,,,,,,,,ALL_N1,,,,,,,
IT1:DF_DCSS_ISTR_LAV_PEN_2_TV_3(1.0),A,IT,RESPOP_AV,M,Y_GE65,TOTAL,ALL,7,ALL,ALL,2021,455090.221992993,,,,,,,,ALL_N1,,,,,,,
IT1:DF_DCSS_ISTR_LAV_PEN_2_TV_3(1.0),A,IT,RESPOP_AV,M,Y_GE65,TOTAL,ALL,7,ALL,ALL,2022,438106.14476,,,,,,,,ALL_N1,,,,,,,
IT1:DF_DCSS_ISTR_LAV_PEN_2_TV_3(1.0),A,IT,RESPOP_AV,M,Y_GE65,TOTAL,ALL,7,ALL,ALL,2023,499372.1394392947,,,,,,,,ALL_N1,,,,,,,
IT1:DF_DCSS_ISTR_LAV_PEN_2_TV_3(1.0),A,IT,RESPOP_AV,M,Y_GE65,TOTAL,ALL,7,ALL,ALL,2024,481189.48565303953,,,,,,,,ALL_N1,,,,,,,
IT1:DF_DCSS_ISTR_LAV_PEN_2_TV_3(1.0),A,IT,RESPOP_AV,M,Y_GE65,TOTAL,ALL,99,ALL,ALL,2018,5955071,,,,,,,,ALL_N1,99_N1,,,,,,
IT1:DF_DCSS_ISTR_LAV_PEN_2_TV_3(1.0),A,IT,RESPOP_AV,M,Y_GE65,TOTAL,ALL,99,ALL,ALL,2019,6044478,,,,,,,,ALL_N1,99_N1,,,,,,
IT1:DF_DCSS_ISTR_LAV_PEN_2_TV_3(1.0),A,IT,RESPOP_AV,M,Y_GE65,TOTAL,ALL,99,ALL,ALL,2020,6093134,,,,,,,,ALL_N1,99_N1,,,,,,
IT1:DF_DCSS_ISTR_LAV_PEN_2_TV_3(1.0),A,IT,RESPOP_AV,M,Y_GE65,TOTAL,ALL,99,ALL,ALL,2021,6163225,,,,,,,,ALL_N1,99_N1,,,,,,
IT1:DF_DCSS_ISTR_LAV_PEN_2_TV_3(1.0),A,IT,RESPOP_AV,M,Y_GE65,TOTAL,ALL,99,ALL,ALL,2022,6235973,,,,,,,,ALL_N1,99_N1,,,,,,
IT1:DF_DCSS_ISTR_LAV_PEN_2_TV_3(1.0),A,IT,RESPOP_AV,M,Y_GE65,TOTAL,ALL,99,ALL,ALL,2023,6332624,,,,,,,,ALL_N1,99_N1,,,,,,
IT1:DF_DCSS_ISTR_LAV_PEN_2_TV_3(1.0),A,IT,RESPOP_AV,M,Y_GE65,TOTAL,ALL,99,ALL,ALL,2024,6451202,,,,,,,,ALL_N1,99_N1,,,,,,
IT1:DF_DCSS_ISTR_LAV_PEN_2_TV_3(1.0),A,IT,RESPOP_AV,M,Y15-24,TOTAL,ALL,1,ALL,ALL,2018,678852,,,,,,,,ALL_N1,,,,,,,
IT1:DF_DCSS_ISTR_LAV_PEN_2_TV_3(1.0),A,IT,RESPOP_AV,M,Y15-24,TOTAL,ALL,1,ALL,ALL,2019,697746,,,,,,,,ALL_N1,,,,,,,
IT1:DF_DCSS_ISTR_LAV_PEN_2_TV_3(1.0),A,IT,RESPOP_AV,M,Y15-24,TOTAL,ALL,1,ALL,ALL,2021,746126,,,,,,,,ALL_N1,,,,,,,
IT1:DF_DCSS_ISTR_LAV_PEN_2_TV_3(1.0),A,IT,RESPOP_AV,M,Y15-24,TOTAL,ALL,1,ALL,ALL,2022,794188,,,,,,,,ALL_N1,,,,,,,
IT1:DF_DCSS_ISTR_LAV_PEN_2_TV_3(1.0),A,IT,RESPOP_AV,M,Y15-24,TOTAL,ALL,1,ALL,ALL,2023,809131,,,,,,,,ALL_N1,,,,,,,
IT1:DF_DCSS_ISTR_LAV_PEN_2_TV_3(1.0),A,IT,RESPOP_AV,M,Y15-24,TOTAL,ALL,1,ALL,ALL,2024,831827,,,,,,,,ALL_N1,,,,,,,
IT1:DF_DCSS_ISTR_LAV_PEN_2_TV_3(1.0),A,IT,RESPOP_AV,M,Y15-24,TOTAL,ALL,12,ALL,ALL,2018,343119,,,,,,,,ALL_N1,,,,,,,
IT1:DF_DCSS_ISTR_LAV_PEN_2_TV_3(1.0),A,IT,RESPOP_AV,M,Y15-24,TOTAL,ALL,12,ALL,ALL,2019,312951,,,,,,,,ALL_N1,,,,,,,
IT1:DF_DCSS_ISTR_LAV_PEN_2_TV_3(1.0),A,IT,RESPOP_AV,M,Y15-24,TOTAL,ALL,12,ALL,ALL,2021,222575.60709704,,,,,,,,ALL_N1,,,,,,,
IT1:DF_DCSS_ISTR_LAV_PEN_2_TV_3(1.0),A,IT,RESPOP_AV,M,Y15-24,TOTAL,ALL,12,ALL,ALL,2022,196861.610452073,,,,,,,,ALL_N1,,,,,,,
IT1:DF_DCSS_ISTR_LAV_PEN_2_TV_3(1.0),A,IT,RESPOP_AV,M,Y15-24,TOTAL,ALL,12,ALL,ALL,2023,193849.22321508793,,,,,,,,ALL_N1,,,,,,,
IT1:DF_DCSS_ISTR_LAV_PEN_2_TV_3(1.0),A,IT,RESPOP_AV,M,Y15-24,TOTAL,ALL,12,ALL,ALL,2024,197726.8247906026,,,,,,,,ALL_N1,,,,,,,
IT1:DF_DCSS_ISTR_LAV_PEN_2_TV_3(1.0),A,IT,RESPOP_AV,M,Y15-24,TOTAL,ALL,22,ALL,ALL,2018,1021971,,,,,,,,ALL_N1,,,,,,,
IT1:DF_DCSS_ISTR_LAV_PEN_2_TV_3(1.0),A,IT,RESPOP_AV,M,Y15-24,TOTAL,ALL,22,ALL,ALL,2019,1010697,,,,,,,,ALL_N1,,,,,,,
IT1:DF_DCSS_ISTR_LAV_PEN_2_TV_3(1.0),A,IT,RESPOP_AV,M,Y15-24,TOTAL,ALL,22,ALL,ALL,2021,968701.60709704,,,,,,,,ALL_N1,,,,,,,
IT1:DF_DCSS_ISTR_LAV_PEN_2_TV_3(1.0),A,IT,RESPOP_AV,M,Y15-24,TOTAL,ALL,22,ALL,ALL,2022,991049.610452073,,,,,,,,ALL_N1,,,,,,,
IT1:DF_DCSS_ISTR_LAV_PEN_2_TV_3(1.0),A,IT,RESPOP_AV,M,Y15-24,TOTAL,ALL,22,ALL,ALL,2023,1002980.2232150879,,,,,,,,ALL_N1,,,,,,,
IT1:DF_DCSS_ISTR_LAV_PEN_2_TV_3(1.0),A,IT,RESPOP_AV,M,Y15-24,TOTAL,ALL,22,ALL,ALL,2024,1029553.8247906025,,,,,,,,ALL_N1,,,,,,,
IT1:DF_DCSS_ISTR_LAV_PEN_2_TV_3(1.0),A,IT,RESPOP_AV,M,Y15-24,TOTAL,ALL,23,ALL,ALL,2018,2021578,,,,,,,,ALL_N1,,,,,,,
IT1:DF_DCSS_ISTR_LAV_PEN_2_TV_3(1.0),A,IT,RESPOP_AV,M,Y15-24,TOTAL,ALL,23,ALL,ALL,2019,2023788,,,,,,,,ALL_N1,,,,,,,
IT1:DF_DCSS_ISTR_LAV_PEN_2_TV_3(1.0),A,IT,RESPOP_AV,M,Y15-24,TOTAL,ALL,23,ALL,ALL,2021,2045719.39290296,,,,,,,,ALL_N1,,,,,,,
IT1:DF_DCSS_ISTR_LAV_PEN_2_TV_3(1.0),A,IT,RESPOP_AV,M,Y15-24,TOTAL,ALL,23,ALL,ALL,2022,2046158.38954793,,,,,,,,ALL_N1,,,,,,,
IT1:DF_DCSS_ISTR_LAV_PEN_2_TV_3(1.0),A,IT,RESPOP_AV,M,Y15-24,TOTAL,ALL,23,ALL,ALL,2023,2056999.776784912,,,,,,,,ALL_N1,,,,,,,
IT1:DF_DCSS_ISTR_LAV_PEN_2_TV_3(1.0),A,IT,RESPOP_AV,M,Y15-24,TOTAL,ALL,23,ALL,ALL,2024,2059186.1752093975,,,,,,,,ALL_N1,,,,,,,
IT1:DF_DCSS_ISTR_LAV_PEN_2_TV_3(1.0),A,IT,RESPOP_AV,M,Y15-24,TOTAL,ALL,24,ALL,ALL,2018,4255,,,,,,,,ALL_N1,,,,,,,
IT1:DF_DCSS_ISTR_LAV_PEN_2_TV_3(1.0),A,IT,RESPOP_AV,M,Y15-24,TOTAL,ALL,24,ALL,ALL,2019,5660,,,,,,,,ALL_N1,,,,,,,
IT1:DF_DCSS_ISTR_LAV_PEN_2_TV_3(1.0),A,IT,RESPOP_AV,M,Y15-24,TOTAL,ALL,24,ALL,ALL,2021,6289.62671962337,,,,,,,,ALL_N1,,,,,,,
IT1:DF_DCSS_ISTR_LAV_PEN_2_TV_3(1.0),A,IT,RESPOP_AV,M,Y15-24,TOTAL,ALL,24,ALL,ALL,2022,7723.36869578851,,,,,,,,ALL_N1,,,,,,,
IT1:DF_DCSS_ISTR_LAV_PEN_2_TV_3(1.0),A,IT,RESPOP_AV,M,Y15-24,TOTAL,ALL,24,ALL,ALL,2023,7490.654140965147,,,,,,,,ALL_N1,,,,,,,
IT1:DF_DCSS_ISTR_LAV_PEN_2_TV_3(1.0),A,IT,RESPOP_AV,M,Y15-24,TOTAL,ALL,24,ALL,ALL,2024,7893.84584195178,,,,,,,,ALL_N1,,,,,,,
IT1:DF_DCSS_ISTR_LAV_PEN_2_TV_3(1.0),A,IT,RESPOP_AV,M,Y15-24,TOTAL,ALL,4,ALL,ALL,2018,9723,,,,,,,,ALL_N1,,,,,,,
IT1:DF_DCSS_ISTR_LAV_PEN_2_TV_3(1.0),A,IT,RESPOP_AV,M,Y15-24,TOTAL,ALL,4,ALL,ALL,2019,10717,,,,,,,,ALL_N1,,,,,,,
IT1:DF_DCSS_ISTR_LAV_PEN_2_TV_3(1.0),A,IT,RESPOP_AV,M,Y15-24,TOTAL,ALL,4,ALL,ALL,2021,17943.0134589889,,,,,,,,ALL_N1,,,,,,,
IT1:DF_DCSS_ISTR_LAV_PEN_2_TV_3(1.0),A,IT,RESPOP_AV,M,Y15-24,TOTAL,ALL,4,ALL,ALL,2022,13462.8864247861,,,,,,,,ALL_N1,,,,,,,
IT1:DF_DCSS_ISTR_LAV_PEN_2_TV_3(1.0),A,IT,RESPOP_AV,M,Y15-24,TOTAL,ALL,4,ALL,ALL,2023,15237.947451518528,,,,,,,,ALL_N1,,,,,,,
IT1:DF_DCSS_ISTR_LAV_PEN_2_TV_3(1.0),A,IT,RESPOP_AV,M,Y15-24,TOTAL,ALL,4,ALL,ALL,2024,17417.13069133934,,,,,,,,ALL_N1,,,,,,,
IT1:DF_DCSS_ISTR_LAV_PEN_2_TV_3(1.0),A,IT,RESPOP_AV,M,Y15-24,TOTAL,ALL,5,ALL,ALL,2018,1732750,,,,,,,,ALL_N1,,,,,,,
IT1:DF_DCSS_ISTR_LAV_PEN_2_TV_3(1.0),A,IT,RESPOP_AV,M,Y15-24,TOTAL,ALL,5,ALL,ALL,2019,1764365,,,,,,,,ALL_N1,,,,,,,
IT1:DF_DCSS_ISTR_LAV_PEN_2_TV_3(1.0),A,IT,RESPOP_AV,M,Y15-24,TOTAL,ALL,5,ALL,ALL,2021,1758061.85173051,,,,,,,,ALL_N1,,,,,,,
IT1:DF_DCSS_ISTR_LAV_PEN_2_TV_3(1.0),A,IT,RESPOP_AV,M,Y15-24,TOTAL,ALL,5,ALL,ALL,2022,1798161.07556159,,,,,,,,ALL_N1,,,,,,,
IT1:DF_DCSS_ISTR_LAV_PEN_2_TV_3(1.0),A,IT,RESPOP_AV,M,Y15-24,TOTAL,ALL,5,ALL,ALL,2023,1799996.9002046303,,,,,,,,ALL_N1,,,,,,,
IT1:DF_DCSS_ISTR_LAV_PEN_2_TV_3(1.0),A,IT,RESPOP_AV,M,Y15-24,TOTAL,ALL,5,ALL,ALL,2024,1771763.9088704248,,,,,,,,ALL_N1,,,,,,,
IT1:DF_DCSS_ISTR_LAV_PEN_2_TV_3(1.0),A,IT,RESPOP_AV,M,Y15-24,TOTAL,ALL,7,ALL,ALL,2018,274850,,,,,,,,ALL_N1,,,,,,,
IT1:DF_DCSS_ISTR_LAV_PEN_2_TV_3(1.0),A,IT,RESPOP_AV,M,Y15-24,TOTAL,ALL,7,ALL,ALL,2019,243046,,,,,,,,ALL_N1,,,,,,,
IT1:DF_DCSS_ISTR_LAV_PEN_2_TV_3(1.0),A,IT,RESPOP_AV,M,Y15-24,TOTAL,ALL,7,ALL,ALL,2021,263424.900993835,,,,,,,,ALL_N1,,,,,,,
IT1:DF_DCSS_ISTR_LAV_PEN_2_TV_3(1.0),A,IT,RESPOP_AV,M,Y15-24,TOTAL,ALL,7,ALL,ALL,2022,226811.058865761,,,,,,,,ALL_N1,,,,,,,
IT1:DF_DCSS_ISTR_LAV_PEN_2_TV_3(1.0),A,IT,RESPOP_AV,M,Y15-24,TOTAL,ALL,7,ALL,ALL,2023,234274.274987798,,,,,,,,ALL_N1,,,,,,,
IT1:DF_DCSS_ISTR_LAV_PEN_2_TV_3(1.0),A,IT,RESPOP_AV,M,Y15-24,TOTAL,ALL,7,ALL,ALL,2024,262111.28980568153,,,,,,,,ALL_N1,,,,,,,
IT1:DF_DCSS_ISTR_LAV_PEN_2_TV_3(1.0),A,IT,RESPOP_AV,M,Y15-24,TOTAL,ALL,99,ALL,ALL,2018,3043549,,,,,,,,ALL_N1,99_N1,,,,,,
IT1:DF_DCSS_ISTR_LAV_PEN_2_TV_3(1.0),A,IT,RESPOP_AV,M,Y15-24,TOTAL,ALL,99,ALL,ALL,2019,3034485,,,,,,,,ALL_N1,99_N1,,,,,,
IT1:DF_DCSS_ISTR_LAV_PEN_2_TV_3(1.0),A,IT,RESPOP_AV,M,Y15-24,TOTAL,ALL,99,ALL,ALL,2021,3014421,,,,,,,,ALL_N1,99_N1,,,,,,
IT1:DF_DCSS_ISTR_LAV_PEN_2_TV_3(1.0),A,IT,RESPOP_AV,M,Y15-24,TOTAL,ALL,99,ALL,ALL,2022,3037208,,,,,,,,ALL_N1,99_N1,,,,,,
IT1:DF_DCSS_ISTR_LAV_PEN_2_TV_3(1.0),A,IT,RESPOP_AV,M,Y15-24,TOTAL,ALL,99,ALL,ALL,2023,3059980,,,,,,,,ALL_N1,99_N1,,,,,,
IT1:DF_DCSS_ISTR_LAV_PEN_2_TV_3(1.0),A,IT,RESPOP_AV,M,Y15-24,TOTAL,ALL,99,ALL,ALL,2024,3088740,,,,,,,,ALL_N1,99_N1,,,,,,
IT1:DF_DCSS_ISTR_LAV_PEN_2_TV_3(1.0),A,IT,RESPOP_AV,M,Y25-49,TOTAL,ALL,1,ALL,ALL,2018,7541825,,,,,,,,ALL_N1,,,,,,,
IT1:DF_DCSS_ISTR_LAV_PEN_2_TV_3(1.0),A,IT,RESPOP_AV,M,Y25-49,TOTAL,ALL,1,ALL,ALL,2019,7481342,,,,,,,,ALL_N1,,,,,,,
IT1:DF_DCSS_ISTR_LAV_PEN_2_TV_3(1.0),A,IT,RESPOP_AV,M,Y25-49,TOTAL,ALL,1,ALL,ALL,2021,7326537,,,,,,,,ALL_N1,,,,,,,
IT1:DF_DCSS_ISTR_LAV_PEN_2_TV_3(1.0),A,IT,RESPOP_AV,M,Y25-49,TOTAL,ALL,1,ALL,ALL,2022,7291123,,,,,,,,ALL_N1,,,,,,,
IT1:DF_DCSS_ISTR_LAV_PEN_2_TV_3(1.0),A,IT,RESPOP_AV,M,Y25-49,TOTAL,ALL,1,ALL,ALL,2023,7289117,,,,,,,,ALL_N1,,,,,,,
IT1:DF_DCSS_ISTR_LAV_PEN_2_TV_3(1.0),A,IT,RESPOP_AV,M,Y25-49,TOTAL,ALL,1,ALL,ALL,2024,7259764,,,,,,,,ALL_N1,,,,,,,
IT1:DF_DCSS_ISTR_LAV_PEN_2_TV_3(1.0),A,IT,RESPOP_AV,M,Y25-49,TOTAL,ALL,12,ALL,ALL,2018,1123922,,,,,,,,ALL_N1,,,,,,,
IT1:DF_DCSS_ISTR_LAV_PEN_2_TV_3(1.0),A,IT,RESPOP_AV,M,Y25-49,TOTAL,ALL,12,ALL,ALL,2019,992525,,,,,,,,ALL_N1,,,,,,,
IT1:DF_DCSS_ISTR_LAV_PEN_2_TV_3(1.0),A,IT,RESPOP_AV,M,Y25-49,TOTAL,ALL,12,ALL,ALL,2021,654515.409965318,,,,,,,,ALL_N1,,,,,,,
IT1:DF_DCSS_ISTR_LAV_PEN_2_TV_3(1.0),A,IT,RESPOP_AV,M,Y25-49,TOTAL,ALL,12,ALL,ALL,2022,593220.421092823,,,,,,,,ALL_N1,,,,,,,
IT1:DF_DCSS_ISTR_LAV_PEN_2_TV_3(1.0),A,IT,RESPOP_AV,M,Y25-49,TOTAL,ALL,12,ALL,ALL,2023,533722.5304625863,,,,,,,,ALL_N1,,,,,,,
IT1:DF_DCSS_ISTR_LAV_PEN_2_TV_3(1.0),A,IT,RESPOP_AV,M,Y25-49,TOTAL,ALL,12,ALL,ALL,2024,480275.4394671756,,,,,,,,ALL_N1,,,,,,,
IT1:DF_DCSS_ISTR_LAV_PEN_2_TV_3(1.0),A,IT,RESPOP_AV,M,Y25-49,TOTAL,ALL,22,ALL,ALL,2018,8665747,,,,,,,,ALL_N1,,,,,,,
IT1:DF_DCSS_ISTR_LAV_PEN_2_TV_3(1.0),A,IT,RESPOP_AV,M,Y25-49,TOTAL,ALL,22,ALL,ALL,2019,8473867,,,,,,,,ALL_N1,,,,,,,
IT1:DF_DCSS_ISTR_LAV_PEN_2_TV_3(1.0),A,IT,RESPOP_AV,M,Y25-49,TOTAL,ALL,22,ALL,ALL,2021,7981052.40996532,,,,,,,,ALL_N1,,,,,,,
IT1:DF_DCSS_ISTR_LAV_PEN_2_TV_3(1.0),A,IT,RESPOP_AV,M,Y25-49,TOTAL,ALL,22,ALL,ALL,2022,7884343.42109282,,,,,,,,ALL_N1,,,,,,,
IT1:DF_DCSS_ISTR_LAV_PEN_2_TV_3(1.0),A,IT,RESPOP_AV,M,Y25-49,TOTAL,ALL,22,ALL,ALL,2023,7822839.530462586,,,,,,,,ALL_N1,,,,,,,
IT1:DF_DCSS_ISTR_LAV_PEN_2_TV_3(1.0),A,IT,RESPOP_AV,M,Y25-49,TOTAL,ALL,22,ALL,ALL,2024,7740039.439467176,,,,,,,,ALL_N1,,,,,,,
IT1:DF_DCSS_ISTR_LAV_PEN_2_TV_3(1.0),A,IT,RESPOP_AV,M,Y25-49,TOTAL,ALL,23,ALL,ALL,2018,1027034,,,,,,,,ALL_N1,,,,,,,
IT1:DF_DCSS_ISTR_LAV_PEN_2_TV_3(1.0),A,IT,RESPOP_AV,M,Y25-49,TOTAL,ALL,23,ALL,ALL,2019,1029305,,,,,,,,ALL_N1,,,,,,,
IT1:DF_DCSS_ISTR_LAV_PEN_2_TV_3(1.0),A,IT,RESPOP_AV,M,Y25-49,TOTAL,ALL,23,ALL,ALL,2021,1147852.59003468,,,,,,,,ALL_N1,,,,,,,
IT1:DF_DCSS_ISTR_LAV_PEN_2_TV_3(1.0),A,IT,RESPOP_AV,M,Y25-49,TOTAL,ALL,23,ALL,ALL,2022,1138487.57890718,,,,,,,,ALL_N1,,,,,,,
IT1:DF_DCSS_ISTR_LAV_PEN_2_TV_3(1.0),A,IT,RESPOP_AV,M,Y25-49,TOTAL,ALL,23,ALL,ALL,2023,1114844.4695374137,,,,,,,,ALL_N1,,,,,,,
IT1:DF_DCSS_ISTR_LAV_PEN_2_TV_3(1.0),A,IT,RESPOP_AV,M,Y25-49,TOTAL,ALL,23,ALL,ALL,2024,1103284.5605328244,,,,,,,,ALL_N1,,,,,,,
IT1:DF_DCSS_ISTR_LAV_PEN_2_TV_3(1.0),A,IT,RESPOP_AV,M,Y25-49,TOTAL,ALL,24,ALL,ALL,2018,87228,,,,,,,,ALL_N1,,,,,,,
IT1:DF_DCSS_ISTR_LAV_PEN_2_TV_3(1.0),A,IT,RESPOP_AV,M,Y25-49,TOTAL,ALL,24,ALL,ALL,2019,110536,,,,,,,,ALL_N1,,,,,,,
IT1:DF_DCSS_ISTR_LAV_PEN_2_TV_3(1.0),A,IT,RESPOP_AV,M,Y25-49,TOTAL,ALL,24,ALL,ALL,2021,104722.617825015,,,,,,,,ALL_N1,,,,,,,
IT1:DF_DCSS_ISTR_LAV_PEN_2_TV_3(1.0),A,IT,RESPOP_AV,M,Y25-49,TOTAL,ALL,24,ALL,ALL,2022,114003.983133384,,,,,,,,ALL_N1,,,,,,,
IT1:DF_DCSS_ISTR_LAV_PEN_2_TV_3(1.0),A,IT,RESPOP_AV,M,Y25-49,TOTAL,ALL,24,ALL,ALL,2023,109520.75164131427,,,,,,,,ALL_N1,,,,,,,
IT1:DF_DCSS_ISTR_LAV_PEN_2_TV_3(1.0),A,IT,RESPOP_AV,M,Y25-49,TOTAL,ALL,24,ALL,ALL,2024,118231.19214248052,,,,,,,,ALL_N1,,,,,,,
IT1:DF_DCSS_ISTR_LAV_PEN_2_TV_3(1.0),A,IT,RESPOP_AV,M,Y25-49,TOTAL,ALL,4,ALL,ALL,2018,96711,,,,,,,,ALL_N1,,,,,,,
IT1:DF_DCSS_ISTR_LAV_PEN_2_TV_3(1.0),A,IT,RESPOP_AV,M,Y25-49,TOTAL,ALL,4,ALL,ALL,2019,93584,,,,,,,,ALL_N1,,,,,,,
IT1:DF_DCSS_ISTR_LAV_PEN_2_TV_3(1.0),A,IT,RESPOP_AV,M,Y25-49,TOTAL,ALL,4,ALL,ALL,2021,137850.33604641,,,,,,,,ALL_N1,,,,,,,
IT1:DF_DCSS_ISTR_LAV_PEN_2_TV_3(1.0),A,IT,RESPOP_AV,M,Y25-49,TOTAL,ALL,4,ALL,ALL,2022,138256.48811221,,,,,,,,ALL_N1,,,,,,,
IT1:DF_DCSS_ISTR_LAV_PEN_2_TV_3(1.0),A,IT,RESPOP_AV,M,Y25-49,TOTAL,ALL,4,ALL,ALL,2023,145753.16390607756,,,,,,,,ALL_N1,,,,,,,
IT1:DF_DCSS_ISTR_LAV_PEN_2_TV_3(1.0),A,IT,RESPOP_AV,M,Y25-49,TOTAL,ALL,4,ALL,ALL,2024,134571.3937539206,,,,,,,,ALL_N1,,,,,,,
IT1:DF_DCSS_ISTR_LAV_PEN_2_TV_3(1.0),A,IT,RESPOP_AV,M,Y25-49,TOTAL,ALL,5,ALL,ALL,2018,182377,,,,,,,,ALL_N1,,,,,,,
IT1:DF_DCSS_ISTR_LAV_PEN_2_TV_3(1.0),A,IT,RESPOP_AV,M,Y25-49,TOTAL,ALL,5,ALL,ALL,2019,175705,,,,,,,,ALL_N1,,,,,,,
IT1:DF_DCSS_ISTR_LAV_PEN_2_TV_3(1.0),A,IT,RESPOP_AV,M,Y25-49,TOTAL,ALL,5,ALL,ALL,2021,182973.927080315,,,,,,,,ALL_N1,,,,,,,
IT1:DF_DCSS_ISTR_LAV_PEN_2_TV_3(1.0),A,IT,RESPOP_AV,M,Y25-49,TOTAL,ALL,5,ALL,ALL,2022,185655.973333699,,,,,,,,ALL_N1,,,,,,,
IT1:DF_DCSS_ISTR_LAV_PEN_2_TV_3(1.0),A,IT,RESPOP_AV,M,Y25-49,TOTAL,ALL,5,ALL,ALL,2023,174282.14813106455,,,,,,,,ALL_N1,,,,,,,
IT1:DF_DCSS_ISTR_LAV_PEN_2_TV_3(1.0),A,IT,RESPOP_AV,M,Y25-49,TOTAL,ALL,5,ALL,ALL,2024,155177.15447512004,,,,,,,,ALL_N1,,,,,,,
IT1:DF_DCSS_ISTR_LAV_PEN_2_TV_3(1.0),A,IT,RESPOP_AV,M,Y25-49,TOTAL,ALL,7,ALL,ALL,2018,660718,,,,,,,,ALL_N1,,,,,,,
IT1:DF_DCSS_ISTR_LAV_PEN_2_TV_3(1.0),A,IT,RESPOP_AV,M,Y25-49,TOTAL,ALL,7,ALL,ALL,2019,649480,,,,,,,,ALL_N1,,,,,,,
IT1:DF_DCSS_ISTR_LAV_PEN_2_TV_3(1.0),A,IT,RESPOP_AV,M,Y25-49,TOTAL,ALL,7,ALL,ALL,2021,722305.709082941,,,,,,,,ALL_N1,,,,,,,
IT1:DF_DCSS_ISTR_LAV_PEN_2_TV_3(1.0),A,IT,RESPOP_AV,M,Y25-49,TOTAL,ALL,7,ALL,ALL,2022,700571.134327884,,,,,,,,ALL_N1,,,,,,,
IT1:DF_DCSS_ISTR_LAV_PEN_2_TV_3(1.0),A,IT,RESPOP_AV,M,Y25-49,TOTAL,ALL,7,ALL,ALL,2023,685288.4058589573,,,,,,,,ALL_N1,,,,,,,
IT1:DF_DCSS_ISTR_LAV_PEN_2_TV_3(1.0),A,IT,RESPOP_AV,M,Y25-49,TOTAL,ALL,7,ALL,ALL,2024,695304.8201613033,,,,,,,,ALL_N1,,,,,,,
IT1:DF_DCSS_ISTR_LAV_PEN_2_TV_3(1.0),A,IT,RESPOP_AV,M,Y25-49,TOTAL,ALL,99,ALL,ALL,2018,9692781,,,,,,,,ALL_N1,99_N1,,,,,,
IT1:DF_DCSS_ISTR_LAV_PEN_2_TV_3(1.0),A,IT,RESPOP_AV,M,Y25-49,TOTAL,ALL,99,ALL,ALL,2019,9503172,,,,,,,,ALL_N1,99_N1,,,,,,
IT1:DF_DCSS_ISTR_LAV_PEN_2_TV_3(1.0),A,IT,RESPOP_AV,M,Y25-49,TOTAL,ALL,99,ALL,ALL,2020,9278640,,,,,,,,ALL_N1,99_N1,,,,,,
IT1:DF_DCSS_ISTR_LAV_PEN_2_TV_3(1.0),A,IT,RESPOP_AV,M,Y25-49,TOTAL,ALL,99,ALL,ALL,2021,9128905,,,,,,,,ALL_N1,99_N1,,,,,,
IT1:DF_DCSS_ISTR_LAV_PEN_2_TV_3(1.0),A,IT,RESPOP_AV,M,Y25-49,TOTAL,ALL,99,ALL,ALL,2022,9022831,,,,,,,,ALL_N1,99_N1,,,,,,
IT1:DF_DCSS_ISTR_LAV_PEN_2_TV_3(1.0),A,IT,RESPOP_AV,M,Y25-49,TOTAL,ALL,99,ALL,ALL,2023,8937684,,,,,,,,ALL_N1,99_N1,,,,,,
IT1:DF_DCSS_ISTR_LAV_PEN_2_TV_3(1.0),A,IT,RESPOP_AV,M,Y25-49,TOTAL,ALL,99,ALL,ALL,2024,8843324,,,,,,,,ALL_N1,99_N1,,,,,,
IT1:DF_DCSS_ISTR_LAV_PEN_2_TV_3(1.0),A,IT,RESPOP_AV,M,Y50-64,TOTAL,ALL,1,ALL,ALL,2018,4608995,,,,,,,,ALL_N1,,,,,,,
IT1:DF_DCSS_ISTR_LAV_PEN_2_TV_3(1.0),A,IT,RESPOP_AV,M,Y50-64,TOTAL,ALL,1,ALL,ALL,2019,4719730,,,,,,,,ALL_N1,,,,,,,
IT1:DF_DCSS_ISTR_LAV_PEN_2_TV_3(1.0),A,IT,RESPOP_AV,M,Y50-64,TOTAL,ALL,1,ALL,ALL,2021,4875673,,,,,,,,ALL_N1,,,,,,,
IT1:DF_DCSS_ISTR_LAV_PEN_2_TV_3(1.0),A,IT,RESPOP_AV,M,Y50-64,TOTAL,ALL,1,ALL,ALL,2022,4964481,,,,,,,,ALL_N1,,,,,,,
IT1:DF_DCSS_ISTR_LAV_PEN_2_TV_3(1.0),A,IT,RESPOP_AV,M,Y50-64,TOTAL,ALL,1,ALL,ALL,2023,5127807,,,,,,,,ALL_N1,,,,,,,
IT1:DF_DCSS_ISTR_LAV_PEN_2_TV_3(1.0),A,IT,RESPOP_AV,M,Y50-64,TOTAL,ALL,1,ALL,ALL,2024,5243233,,,,,,,,ALL_N1,,,,,,,
IT1:DF_DCSS_ISTR_LAV_PEN_2_TV_3(1.0),A,IT,RESPOP_AV,M,Y50-64,TOTAL,ALL,12,ALL,ALL,2018,510564,,,,,,,,ALL_N1,,,,,,,
IT1:DF_DCSS_ISTR_LAV_PEN_2_TV_3(1.0),A,IT,RESPOP_AV,M,Y50-64,TOTAL,ALL,12,ALL,ALL,2019,468653,,,,,,,,ALL_N1,,,,,,,
IT1:DF_DCSS_ISTR_LAV_PEN_2_TV_3(1.0),A,IT,RESPOP_AV,M,Y50-64,TOTAL,ALL,12,ALL,ALL,2021,312674.548907298,,,,,,,,ALL_N1,,,,,,,
IT1:DF_DCSS_ISTR_LAV_PEN_2_TV_3(1.0),A,IT,RESPOP_AV,M,Y50-64,TOTAL,ALL,12,ALL,ALL,2022,293960.143003297,,,,,,,,ALL_N1,,,,,,,
IT1:DF_DCSS_ISTR_LAV_PEN_2_TV_3(1.0),A,IT,RESPOP_AV,M,Y50-64,TOTAL,ALL,12,ALL,ALL,2023,265662.5938028489,,,,,,,,ALL_N1,,,,,,,
IT1:DF_DCSS_ISTR_LAV_PEN_2_TV_3(1.0),A,IT,RESPOP_AV,M,Y50-64,TOTAL,ALL,12,ALL,ALL,2024,244582.1971107708,,,,,,,,ALL_N1,,,,,,,
IT1:DF_DCSS_ISTR_LAV_PEN_2_TV_3(1.0),A,IT,RESPOP_AV,M,Y50-64,TOTAL,ALL,22,ALL,ALL,2018,5119559,,,,,,,,ALL_N1,,,,,,,
IT1:DF_DCSS_ISTR_LAV_PEN_2_TV_3(1.0),A,IT,RESPOP_AV,M,Y50-64,TOTAL,ALL,22,ALL,ALL,2019,5188383,,,,,,,,ALL_N1,,,,,,,
IT1:DF_DCSS_ISTR_LAV_PEN_2_TV_3(1.0),A,IT,RESPOP_AV,M,Y50-64,TOTAL,ALL,22,ALL,ALL,2021,5188347.5489073,,,,,,,,ALL_N1,,,,,,,
IT1:DF_DCSS_ISTR_LAV_PEN_2_TV_3(1.0),A,IT,RESPOP_AV,M,Y50-64,TOTAL,ALL,22,ALL,ALL,2022,5258441.1430033,,,,,,,,ALL_N1,,,,,,,
IT1:DF_DCSS_ISTR_LAV_PEN_2_TV_3(1.0),A,IT,RESPOP_AV,M,Y50-64,TOTAL,ALL,22,ALL,ALL,2023,5393469.593802849,,,,,,,,ALL_N1,,,,,,,
IT1:DF_DCSS_ISTR_LAV_PEN_2_TV_3(1.0),A,IT,RESPOP_AV,M,Y50-64,TOTAL,ALL,22,ALL,ALL,2024,5487815.197110771,,,,,,,,ALL_N1,,,,,,,
IT1:DF_DCSS_ISTR_LAV_PEN_2_TV_3(1.0),A,IT,RESPOP_AV,M,Y50-64,TOTAL,ALL,23,ALL,ALL,2018,1269916,,,,,,,,ALL_N1,,,,,,,
IT1:DF_DCSS_ISTR_LAV_PEN_2_TV_3(1.0),A,IT,RESPOP_AV,M,Y50-64,TOTAL,ALL,23,ALL,ALL,2019,1303691,,,,,,,,ALL_N1,,,,,,,
IT1:DF_DCSS_ISTR_LAV_PEN_2_TV_3(1.0),A,IT,RESPOP_AV,M,Y50-64,TOTAL,ALL,23,ALL,ALL,2021,1472071.4510927,,,,,,,,ALL_N1,,,,,,,
IT1:DF_DCSS_ISTR_LAV_PEN_2_TV_3(1.0),A,IT,RESPOP_AV,M,Y50-64,TOTAL,ALL,23,ALL,ALL,2022,1483090.8569967,,,,,,,,ALL_N1,,,,,,,
IT1:DF_DCSS_ISTR_LAV_PEN_2_TV_3(1.0),A,IT,RESPOP_AV,M,Y50-64,TOTAL,ALL,23,ALL,ALL,2023,1426119.4061971512,,,,,,,,ALL_N1,,,,,,,
IT1:DF_DCSS_ISTR_LAV_PEN_2_TV_3(1.0),A,IT,RESPOP_AV,M,Y50-64,TOTAL,ALL,23,ALL,ALL,2024,1389228.8028892293,,,,,,,,ALL_N1,,,,,,,
IT1:DF_DCSS_ISTR_LAV_PEN_2_TV_3(1.0),A,IT,RESPOP_AV,M,Y50-64,TOTAL,ALL,24,ALL,ALL,2018,680317,,,,,,,,ALL_N1,,,,,,,
IT1:DF_DCSS_ISTR_LAV_PEN_2_TV_3(1.0),A,IT,RESPOP_AV,M,Y50-64,TOTAL,ALL,24,ALL,ALL,2019,704674,,,,,,,,ALL_N1,,,,,,,
IT1:DF_DCSS_ISTR_LAV_PEN_2_TV_3(1.0),A,IT,RESPOP_AV,M,Y50-64,TOTAL,ALL,24,ALL,ALL,2021,729658.906141652,,,,,,,,ALL_N1,,,,,,,
IT1:DF_DCSS_ISTR_LAV_PEN_2_TV_3(1.0),A,IT,RESPOP_AV,M,Y50-64,TOTAL,ALL,24,ALL,ALL,2022,731151.115542684,,,,,,,,ALL_N1,,,,,,,
IT1:DF_DCSS_ISTR_LAV_PEN_2_TV_3(1.0),A,IT,RESPOP_AV,M,Y50-64,TOTAL,ALL,24,ALL,ALL,2023,671313.1961052562,,,,,,,,ALL_N1,,,,,,,
IT1:DF_DCSS_ISTR_LAV_PEN_2_TV_3(1.0),A,IT,RESPOP_AV,M,Y50-64,TOTAL,ALL,24,ALL,ALL,2024,645094.2720097143,,,,,,,,ALL_N1,,,,,,,
IT1:DF_DCSS_ISTR_LAV_PEN_2_TV_3(1.0),A,IT,RESPOP_AV,M,Y50-64,TOTAL,ALL,4,ALL,ALL,2018,92478,,,,,,,,ALL_N1,,,,,,,
IT1:DF_DCSS_ISTR_LAV_PEN_2_TV_3(1.0),A,IT,RESPOP_AV,M,Y50-64,TOTAL,ALL,4,ALL,ALL,2019,95184,,,,,,,,ALL_N1,,,,,,,
IT1:DF_DCSS_ISTR_LAV_PEN_2_TV_3(1.0),A,IT,RESPOP_AV,M,Y50-64,TOTAL,ALL,4,ALL,ALL,2021,145068.571317704,,,,,,,,ALL_N1,,,,,,,
IT1:DF_DCSS_ISTR_LAV_PEN_2_TV_3(1.0),A,IT,RESPOP_AV,M,Y50-64,TOTAL,ALL,4,ALL,ALL,2022,148860.239878565,,,,,,,,ALL_N1,,,,,,,
IT1:DF_DCSS_ISTR_LAV_PEN_2_TV_3(1.0),A,IT,RESPOP_AV,M,Y50-64,TOTAL,ALL,4,ALL,ALL,2023,158207.8732822061,,,,,,,,ALL_N1,,,,,,,
IT1:DF_DCSS_ISTR_LAV_PEN_2_TV_3(1.0),A,IT,RESPOP_AV,M,Y50-64,TOTAL,ALL,4,ALL,ALL,2024,148213.6330050997,,,,,,,,ALL_N1,,,,,,,
IT1:DF_DCSS_ISTR_LAV_PEN_2_TV_3(1.0),A,IT,RESPOP_AV,M,Y50-64,TOTAL,ALL,5,ALL,ALL,2018,2003,,,,,,,,ALL_N1,,,,,,,
IT1:DF_DCSS_ISTR_LAV_PEN_2_TV_3(1.0),A,IT,RESPOP_AV,M,Y50-64,TOTAL,ALL,5,ALL,ALL,2019,2187,,,,,,,,ALL_N1,,,,,,,
IT1:DF_DCSS_ISTR_LAV_PEN_2_TV_3(1.0),A,IT,RESPOP_AV,M,Y50-64,TOTAL,ALL,5,ALL,ALL,2021,3005.62722639403,,,,,,,,ALL_N1,,,,,,,
IT1:DF_DCSS_ISTR_LAV_PEN_2_TV_3(1.0),A,IT,RESPOP_AV,M,Y50-64,TOTAL,ALL,5,ALL,ALL,2022,3682.9889562404,,,,,,,,ALL_N1,,,,,,,
IT1:DF_DCSS_ISTR_LAV_PEN_2_TV_3(1.0),A,IT,RESPOP_AV,M,Y50-64,TOTAL,ALL,5,ALL,ALL,2023,3433.0161316174576,,,,,,,,ALL_N1,,,,,,,
IT1:DF_DCSS_ISTR_LAV_PEN_2_TV_3(1.0),A,IT,RESPOP_AV,M,Y50-64,TOTAL,ALL,5,ALL,ALL,2024,4459.909474450395,,,,,,,,ALL_N1,,,,,,,
IT1:DF_DCSS_ISTR_LAV_PEN_2_TV_3(1.0),A,IT,RESPOP_AV,M,Y50-64,TOTAL,ALL,7,ALL,ALL,2018,495118,,,,,,,,ALL_N1,,,,,,,
IT1:DF_DCSS_ISTR_LAV_PEN_2_TV_3(1.0),A,IT,RESPOP_AV,M,Y50-64,TOTAL,ALL,7,ALL,ALL,2019,501646,,,,,,,,ALL_N1,,,,,,,
IT1:DF_DCSS_ISTR_LAV_PEN_2_TV_3(1.0),A,IT,RESPOP_AV,M,Y50-64,TOTAL,ALL,7,ALL,ALL,2021,594338.346406952,,,,,,,,ALL_N1,,,,,,,
IT1:DF_DCSS_ISTR_LAV_PEN_2_TV_3(1.0),A,IT,RESPOP_AV,M,Y50-64,TOTAL,ALL,7,ALL,ALL,2022,599396.512619214,,,,,,,,ALL_N1,,,,,,,
IT1:DF_DCSS_ISTR_LAV_PEN_2_TV_3(1.0),A,IT,RESPOP_AV,M,Y50-64,TOTAL,ALL,7,ALL,ALL,2023,593165.3206780715,,,,,,,,ALL_N1,,,,,,,
IT1:DF_DCSS_ISTR_LAV_PEN_2_TV_3(1.0),A,IT,RESPOP_AV,M,Y50-64,TOTAL,ALL,7,ALL,ALL,2024,591460.9883999649,,,,,,,,ALL_N1,,,,,,,
IT1:DF_DCSS_ISTR_LAV_PEN_2_TV_3(1.0),A,IT,RESPOP_AV,M,Y50-64,TOTAL,ALL,99,ALL,ALL,2018,6389475,,,,,,,,ALL_N1,99_N1,,,,,,
IT1:DF_DCSS_ISTR_LAV_PEN_2_TV_3(1.0),A,IT,RESPOP_AV,M,Y50-64,TOTAL,ALL,99,ALL,ALL,2019,6492074,,,,,,,,ALL_N1,99_N1,,,,,,
IT1:DF_DCSS_ISTR_LAV_PEN_2_TV_3(1.0),A,IT,RESPOP_AV,M,Y50-64,TOTAL,ALL,99,ALL,ALL,2020,6539358,,,,,,,,ALL_N1,99_N1,,,,,,
IT1:DF_DCSS_ISTR_LAV_PEN_2_TV_3(1.0),A,IT,RESPOP_AV,M,Y50-64,TOTAL,ALL,99,ALL,ALL,2021,6660419,,,,,,,,ALL_N1,99_N1,,,,,,
IT1:DF_DCSS_ISTR_LAV_PEN_2_TV_3(1.0),A,IT,RESPOP_AV,M,Y50-64,TOTAL,ALL,99,ALL,ALL,2022,6741532,,,,,,,,ALL_N1,99_N1,,,,,,
IT1:DF_DCSS_ISTR_LAV_PEN_2_TV_3(1.0),A,IT,RESPOP_AV,M,Y50-64,TOTAL,ALL,99,ALL,ALL,2023,6819589,,,,,,,,ALL_N1,99_N1,,,,,,
IT1:DF_DCSS_ISTR_LAV_PEN_2_TV_3(1.0),A,IT,RESPOP_AV,M,Y50-64,TOTAL,ALL,99,ALL,ALL,2024,6877044,,,,,,,,ALL_N1,99_N1,,,,,,
IT1:DF_DCSS_ISTR_LAV_PEN_2_TV_3(1.0),A,IT,RESPOP_AV,T,Y_GE15,TOTAL,ALL,1,ALL,ALL,2018,23378110,,,,,,,,ALL_N1,,,,,,,
IT1:DF_DCSS_ISTR_LAV_PEN_2_TV_3(1.0),A,IT,RESPOP_AV,T,Y_GE15,TOTAL,ALL,1,ALL,ALL,2019,23662475,,,,,,,,ALL_N1,,,,,,,
IT1:DF_DCSS_ISTR_LAV_PEN_2_TV_3(1.0),A,IT,RESPOP_AV,T,Y_GE15,TOTAL,ALL,1,ALL,ALL,2021,23632617,,,,,,,,ALL_N1,,,,,,,
IT1:DF_DCSS_ISTR_LAV_PEN_2_TV_3(1.0),A,IT,RESPOP_AV,T,Y_GE15,TOTAL,ALL,1,ALL,ALL,2022,23953736,,,,,,,,ALL_N1,,,,,,,
IT1:DF_DCSS_ISTR_LAV_PEN_2_TV_3(1.0),A,IT,RESPOP_AV,T,Y_GE15,TOTAL,ALL,1,ALL,ALL,2023,24500649,,,,,,,,ALL_N1,,,,,,,
IT1:DF_DCSS_ISTR_LAV_PEN_2_TV_3(1.0),A,IT,RESPOP_AV,T,Y_GE15,TOTAL,ALL,1,ALL,ALL,2024,24837842,,,,,,,,ALL_N1,,,,,,,
IT1:DF_DCSS_ISTR_LAV_PEN_2_TV_3(1.0),A,IT,RESPOP_AV,T,Y_GE15,TOTAL,ALL,12,ALL,ALL,2018,3925528,,,,,,,,ALL_N1,,,,,,,
IT1:DF_DCSS_ISTR_LAV_PEN_2_TV_3(1.0),A,IT,RESPOP_AV,T,Y_GE15,TOTAL,ALL,12,ALL,ALL,2019,3574356,,,,,,,,ALL_N1,,,,,,,
IT1:DF_DCSS_ISTR_LAV_PEN_2_TV_3(1.0),A,IT,RESPOP_AV,T,Y_GE15,TOTAL,ALL,12,ALL,ALL,2021,2396496.3346555,,,,,,,,ALL_N1,,,,,,,
IT1:DF_DCSS_ISTR_LAV_PEN_2_TV_3(1.0),A,IT,RESPOP_AV,T,Y_GE15,TOTAL,ALL,12,ALL,ALL,2022,2245511.17183786,,,,,,,,ALL_N1,,,,,,,
IT1:DF_DCSS_ISTR_LAV_PEN_2_TV_3(1.0),A,IT,RESPOP_AV,T,Y_GE15,TOTAL,ALL,12,ALL,ALL,2023,2064492.9804300233,,,,,,,,ALL_N1,,,,,,,
IT1:DF_DCSS_ISTR_LAV_PEN_2_TV_3(1.0),A,IT,RESPOP_AV,T,Y_GE15,TOTAL,ALL,12,ALL,ALL,2024,1912728.9999998452,,,,,,,,ALL_N1,,,,,,,
IT1:DF_DCSS_ISTR_LAV_PEN_2_TV_3(1.0),A,IT,RESPOP_AV,T,Y_GE15,TOTAL,ALL,22,ALL,ALL,2018,27303638,,,,,,,,ALL_N1,,,,,,,
IT1:DF_DCSS_ISTR_LAV_PEN_2_TV_3(1.0),A,IT,RESPOP_AV,T,Y_GE15,TOTAL,ALL,22,ALL,ALL,2019,27236829,,,,,,,,ALL_N1,,,,,,,
IT1:DF_DCSS_ISTR_LAV_PEN_2_TV_3(1.0),A,IT,RESPOP_AV,T,Y_GE15,TOTAL,ALL,22,ALL,ALL,2021,26029113.3346555,,,,,,,,ALL_N1,,,,,,,
IT1:DF_DCSS_ISTR_LAV_PEN_2_TV_3(1.0),A,IT,RESPOP_AV,T,Y_GE15,TOTAL,ALL,22,ALL,ALL,2022,26199247.1718379,,,,,,,,ALL_N1,,,,,,,
IT1:DF_DCSS_ISTR_LAV_PEN_2_TV_3(1.0),A,IT,RESPOP_AV,T,Y_GE15,TOTAL,ALL,22,ALL,ALL,2023,26565141.980430022,,,,,,,,ALL_N1,,,,,,,
IT1:DF_DCSS_ISTR_LAV_PEN_2_TV_3(1.0),A,IT,RESPOP_AV,T,Y_GE15,TOTAL,ALL,22,ALL,ALL,2024,26750570.999999844,,,,,,,,ALL_N1,,,,,,,
IT1:DF_DCSS_ISTR_LAV_PEN_2_TV_3(1.0),A,IT,RESPOP_AV,T,Y_GE15,TOTAL,ALL,23,ALL,ALL,2018,24641151,,,,,,,,ALL_N1,,,,,,,
IT1:DF_DCSS_ISTR_LAV_PEN_2_TV_3(1.0),A,IT,RESPOP_AV,T,Y_GE15,TOTAL,ALL,23,ALL,ALL,2019,24677106,,,,,,,,ALL_N1,,,,,,,
IT1:DF_DCSS_ISTR_LAV_PEN_2_TV_3(1.0),A,IT,RESPOP_AV,T,Y_GE15,TOTAL,ALL,23,ALL,ALL,2021,25511224.6653445,,,,,,,,ALL_N1,,,,,,,
IT1:DF_DCSS_ISTR_LAV_PEN_2_TV_3(1.0),A,IT,RESPOP_AV,T,Y_GE15,TOTAL,ALL,23,ALL,ALL,2022,25453854.8281621,,,,,,,,ALL_N1,,,,,,,
IT1:DF_DCSS_ISTR_LAV_PEN_2_TV_3(1.0),A,IT,RESPOP_AV,T,Y_GE15,TOTAL,ALL,23,ALL,ALL,2023,25219821.019569978,,,,,,,,ALL_N1,,,,,,,
IT1:DF_DCSS_ISTR_LAV_PEN_2_TV_3(1.0),A,IT,RESPOP_AV,T,Y_GE15,TOTAL,ALL,23,ALL,ALL,2024,25172844.000000156,,,,,,,,ALL_N1,,,,,,,
IT1:DF_DCSS_ISTR_LAV_PEN_2_TV_3(1.0),A,IT,RESPOP_AV,T,Y_GE15,TOTAL,ALL,24,ALL,ALL,2018,11587440,,,,,,,,ALL_N1,,,,,,,
IT1:DF_DCSS_ISTR_LAV_PEN_2_TV_3(1.0),A,IT,RESPOP_AV,T,Y_GE15,TOTAL,ALL,24,ALL,ALL,2019,11582201,,,,,,,,ALL_N1,,,,,,,
IT1:DF_DCSS_ISTR_LAV_PEN_2_TV_3(1.0),A,IT,RESPOP_AV,T,Y_GE15,TOTAL,ALL,24,ALL,ALL,2021,11884810.6690526,,,,,,,,ALL_N1,,,,,,,
IT1:DF_DCSS_ISTR_LAV_PEN_2_TV_3(1.0),A,IT,RESPOP_AV,T,Y_GE15,TOTAL,ALL,24,ALL,ALL,2022,11903465.4813321,,,,,,,,ALL_N1,,,,,,,
IT1:DF_DCSS_ISTR_LAV_PEN_2_TV_3(1.0),A,IT,RESPOP_AV,T,Y_GE15,TOTAL,ALL,24,ALL,ALL,2023,11693708.880683254,,,,,,,,ALL_N1,,,,,,,
IT1:DF_DCSS_ISTR_LAV_PEN_2_TV_3(1.0),A,IT,RESPOP_AV,T,Y_GE15,TOTAL,ALL,24,ALL,ALL,2024,11841060.40480989,,,,,,,,ALL_N1,,,,,,,
IT1:DF_DCSS_ISTR_LAV_PEN_2_TV_3(1.0),A,IT,RESPOP_AV,T,Y_GE15,TOTAL,ALL,4,ALL,ALL,2018,5623792,,,,,,,,ALL_N1,,,,,,,
IT1:DF_DCSS_ISTR_LAV_PEN_2_TV_3(1.0),A,IT,RESPOP_AV,T,Y_GE15,TOTAL,ALL,4,ALL,ALL,2019,5605576,,,,,,,,ALL_N1,,,,,,,
IT1:DF_DCSS_ISTR_LAV_PEN_2_TV_3(1.0),A,IT,RESPOP_AV,T,Y_GE15,TOTAL,ALL,4,ALL,ALL,2021,5776669.85417972,,,,,,,,ALL_N1,,,,,,,
IT1:DF_DCSS_ISTR_LAV_PEN_2_TV_3(1.0),A,IT,RESPOP_AV,T,Y_GE15,TOTAL,ALL,4,ALL,ALL,2022,5644371.07988011,,,,,,,,ALL_N1,,,,,,,
IT1:DF_DCSS_ISTR_LAV_PEN_2_TV_3(1.0),A,IT,RESPOP_AV,T,Y_GE15,TOTAL,ALL,4,ALL,ALL,2023,5556461.933731178,,,,,,,,ALL_N1,,,,,,,
IT1:DF_DCSS_ISTR_LAV_PEN_2_TV_3(1.0),A,IT,RESPOP_AV,T,Y_GE15,TOTAL,ALL,4,ALL,ALL,2024,5427608.488775622,,,,,,,,ALL_N1,,,,,,,
IT1:DF_DCSS_ISTR_LAV_PEN_2_TV_3(1.0),A,IT,RESPOP_AV,T,Y_GE15,TOTAL,ALL,5,ALL,ALL,2018,3987506,,,,,,,,ALL_N1,,,,,,,
IT1:DF_DCSS_ISTR_LAV_PEN_2_TV_3(1.0),A,IT,RESPOP_AV,T,Y_GE15,TOTAL,ALL,5,ALL,ALL,2019,4082882,,,,,,,,ALL_N1,,,,,,,
IT1:DF_DCSS_ISTR_LAV_PEN_2_TV_3(1.0),A,IT,RESPOP_AV,T,Y_GE15,TOTAL,ALL,5,ALL,ALL,2021,4099922.41272112,,,,,,,,ALL_N1,,,,,,,
IT1:DF_DCSS_ISTR_LAV_PEN_2_TV_3(1.0),A,IT,RESPOP_AV,T,Y_GE15,TOTAL,ALL,5,ALL,ALL,2022,4180412.55665776,,,,,,,,ALL_N1,,,,,,,
IT1:DF_DCSS_ISTR_LAV_PEN_2_TV_3(1.0),A,IT,RESPOP_AV,T,Y_GE15,TOTAL,ALL,5,ALL,ALL,2023,4161858.791838734,,,,,,,,ALL_N1,,,,,,,
IT1:DF_DCSS_ISTR_LAV_PEN_2_TV_3(1.0),A,IT,RESPOP_AV,T,Y_GE15,TOTAL,ALL,5,ALL,ALL,2024,4091203.0728959832,,,,,,,,ALL_N1,,,,,,,
IT1:DF_DCSS_ISTR_LAV_PEN_2_TV_3(1.0),A,IT,RESPOP_AV,T,Y_GE15,TOTAL,ALL,7,ALL,ALL,2018,3442415,,,,,,,,ALL_N1,,,,,,,
IT1:DF_DCSS_ISTR_LAV_PEN_2_TV_3(1.0),A,IT,RESPOP_AV,T,Y_GE15,TOTAL,ALL,7,ALL,ALL,2019,3406451,,,,,,,,ALL_N1,,,,,,,
IT1:DF_DCSS_ISTR_LAV_PEN_2_TV_3(1.0),A,IT,RESPOP_AV,T,Y_GE15,TOTAL,ALL,7,ALL,ALL,2021,3749821.72939108,,,,,,,,ALL_N1,,,,,,,
IT1:DF_DCSS_ISTR_LAV_PEN_2_TV_3(1.0),A,IT,RESPOP_AV,T,Y_GE15,TOTAL,ALL,7,ALL,ALL,2022,3725605.71029221,,,,,,,,ALL_N1,,,,,,,
IT1:DF_DCSS_ISTR_LAV_PEN_2_TV_3(1.0),A,IT,RESPOP_AV,T,Y_GE15,TOTAL,ALL,7,ALL,ALL,2023,3807791.413316812,,,,,,,,ALL_N1,,,,,,,
IT1:DF_DCSS_ISTR_LAV_PEN_2_TV_3(1.0),A,IT,RESPOP_AV,T,Y_GE15,TOTAL,ALL,7,ALL,ALL,2024,3812972.0335186594,,,,,,,,ALL_N1,,,,,,,
IT1:DF_DCSS_ISTR_LAV_PEN_2_TV_3(1.0),A,IT,RESPOP_AV,T,Y_GE15,TOTAL,ALL,99,ALL,ALL,2018,51944786,,,,,,,,ALL_N1,99_N1,,,,,,
IT1:DF_DCSS_ISTR_LAV_PEN_2_TV_3(1.0),A,IT,RESPOP_AV,T,Y_GE15,TOTAL,ALL,99,ALL,ALL,2019,51913934,,,,,,,,ALL_N1,99_N1,,,,,,
IT1:DF_DCSS_ISTR_LAV_PEN_2_TV_3(1.0),A,IT,RESPOP_AV,T,Y_GE15,TOTAL,ALL,99,ALL,ALL,2021,51540338,,,,,,,,ALL_N1,99_N1,,,,,,
IT1:DF_DCSS_ISTR_LAV_PEN_2_TV_3(1.0),A,IT,RESPOP_AV,T,Y_GE15,TOTAL,ALL,99,ALL,ALL,2022,51653102,,,,,,,,ALL_N1,99_N1,,,,,,
IT1:DF_DCSS_ISTR_LAV_PEN_2_TV_3(1.0),A,IT,RESPOP_AV,T,Y_GE15,TOTAL,ALL,99,ALL,ALL,2023,51784963,,,,,,,,ALL_N1,99_N1,,,,,,
IT1:DF_DCSS_ISTR_LAV_PEN_2_TV_3(1.0),A,IT,RESPOP_AV,T,Y_GE15,TOTAL,ALL,99,ALL,ALL,2024,51923415,,,,,,,,ALL_N1,99_N1,,,,,,
IT1:DF_DCSS_ISTR_LAV_PEN_2_TV_3(1.0),A,IT,RESPOP_AV,T,Y_GE65,TOTAL,ALL,1,ALL,ALL,2018,966416,,,,,,,,ALL_N1,,,,,,,
IT1:DF_DCSS_ISTR_LAV_PEN_2_TV_3(1.0),A,IT,RESPOP_AV,T,Y_GE65,TOTAL,ALL,1,ALL,ALL,2019,1091004,,,,,,,,ALL_N1,,,,,,,
IT1:DF_DCSS_ISTR_LAV_PEN_2_TV_3(1.0),A,IT,RESPOP_AV,T,Y_GE65,TOTAL,ALL,1,ALL,ALL,2021,914901,,,,,,,,ALL_N1,,,,,,,
IT1:DF_DCSS_ISTR_LAV_PEN_2_TV_3(1.0),A,IT,RESPOP_AV,T,Y_GE65,TOTAL,ALL,1,ALL,ALL,2022,999333,,,,,,,,ALL_N1,,,,,,,
IT1:DF_DCSS_ISTR_LAV_PEN_2_TV_3(1.0),A,IT,RESPOP_AV,T,Y_GE65,TOTAL,ALL,1,ALL,ALL,2023,1073553,,,,,,,,ALL_N1,,,,,,,
IT1:DF_DCSS_ISTR_LAV_PEN_2_TV_3(1.0),A,IT,RESPOP_AV,T,Y_GE65,TOTAL,ALL,1,ALL,ALL,2024,1151493,,,,,,,,ALL_N1,,,,,,,
IT1:DF_DCSS_ISTR_LAV_PEN_2_TV_3(1.0),A,IT,RESPOP_AV,T,Y_GE65,TOTAL,ALL,12,ALL,ALL,2018,38895,,,,,,,,ALL_N1,,,,,,,
IT1:DF_DCSS_ISTR_LAV_PEN_2_TV_3(1.0),A,IT,RESPOP_AV,T,Y_GE65,TOTAL,ALL,12,ALL,ALL,2019,37620,,,,,,,,ALL_N1,,,,,,,
IT1:DF_DCSS_ISTR_LAV_PEN_2_TV_3(1.0),A,IT,RESPOP_AV,T,Y_GE65,TOTAL,ALL,12,ALL,ALL,2021,29087.0328038945,,,,,,,,ALL_N1,,,,,,,
IT1:DF_DCSS_ISTR_LAV_PEN_2_TV_3(1.0),A,IT,RESPOP_AV,T,Y_GE65,TOTAL,ALL,12,ALL,ALL,2022,23145.0509114234,,,,,,,,ALL_N1,,,,,,,
IT1:DF_DCSS_ISTR_LAV_PEN_2_TV_3(1.0),A,IT,RESPOP_AV,T,Y_GE65,TOTAL,ALL,12,ALL,ALL,2023,22511.222072008186,,,,,,,,ALL_N1,,,,,,,
IT1:DF_DCSS_ISTR_LAV_PEN_2_TV_3(1.0),A,IT,RESPOP_AV,T,Y_GE65,TOTAL,ALL,12,ALL,ALL,2024,20948.750702038033,,,,,,,,ALL_N1,,,,,,,
IT1:DF_DCSS_ISTR_LAV_PEN_2_TV_3(1.0),A,IT,RESPOP_AV,T,Y_GE65,TOTAL,ALL,22,ALL,ALL,2018,1005311,,,,,,,,ALL_N1,,,,,,,
IT1:DF_DCSS_ISTR_LAV_PEN_2_TV_3(1.0),A,IT,RESPOP_AV,T,Y_GE65,TOTAL,ALL,22,ALL,ALL,2019,1128624,,,,,,,,ALL_N1,,,,,,,
IT1:DF_DCSS_ISTR_LAV_PEN_2_TV_3(1.0),A,IT,RESPOP_AV,T,Y_GE65,TOTAL,ALL,22,ALL,ALL,2021,943988.032803895,,,,,,,,ALL_N1,,,,,,,
IT1:DF_DCSS_ISTR_LAV_PEN_2_TV_3(1.0),A,IT,RESPOP_AV,T,Y_GE65,TOTAL,ALL,22,ALL,ALL,2022,1022478.05091142,,,,,,,,ALL_N1,,,,,,,
IT1:DF_DCSS_ISTR_LAV_PEN_2_TV_3(1.0),A,IT,RESPOP_AV,T,Y_GE65,TOTAL,ALL,22,ALL,ALL,2023,1096064.2220720083,,,,,,,,ALL_N1,,,,,,,
IT1:DF_DCSS_ISTR_LAV_PEN_2_TV_3(1.0),A,IT,RESPOP_AV,T,Y_GE65,TOTAL,ALL,22,ALL,ALL,2024,1172441.750702038,,,,,,,,ALL_N1,,,,,,,
IT1:DF_DCSS_ISTR_LAV_PEN_2_TV_3(1.0),A,IT,RESPOP_AV,T,Y_GE65,TOTAL,ALL,23,ALL,ALL,2018,12687904,,,,,,,,ALL_N1,,,,,,,
IT1:DF_DCSS_ISTR_LAV_PEN_2_TV_3(1.0),A,IT,RESPOP_AV,T,Y_GE65,TOTAL,ALL,23,ALL,ALL,2019,12730466,,,,,,,,ALL_N1,,,,,,,
IT1:DF_DCSS_ISTR_LAV_PEN_2_TV_3(1.0),A,IT,RESPOP_AV,T,Y_GE65,TOTAL,ALL,23,ALL,ALL,2021,13107415.9671961,,,,,,,,ALL_N1,,,,,,,
IT1:DF_DCSS_ISTR_LAV_PEN_2_TV_3(1.0),A,IT,RESPOP_AV,T,Y_GE65,TOTAL,ALL,23,ALL,ALL,2022,13158818.9490886,,,,,,,,ALL_N1,,,,,,,
IT1:DF_DCSS_ISTR_LAV_PEN_2_TV_3(1.0),A,IT,RESPOP_AV,T,Y_GE65,TOTAL,ALL,23,ALL,ALL,2023,13260671.777927991,,,,,,,,ALL_N1,,,,,,,
IT1:DF_DCSS_ISTR_LAV_PEN_2_TV_3(1.0),A,IT,RESPOP_AV,T,Y_GE65,TOTAL,ALL,23,ALL,ALL,2024,13407425.249297962,,,,,,,,ALL_N1,,,,,,,
IT1:DF_DCSS_ISTR_LAV_PEN_2_TV_3(1.0),A,IT,RESPOP_AV,T,Y_GE65,TOTAL,ALL,24,ALL,ALL,2018,10265058,,,,,,,,ALL_N1,,,,,,,
IT1:DF_DCSS_ISTR_LAV_PEN_2_TV_3(1.0),A,IT,RESPOP_AV,T,Y_GE65,TOTAL,ALL,24,ALL,ALL,2019,10214178,,,,,,,,ALL_N1,,,,,,,
IT1:DF_DCSS_ISTR_LAV_PEN_2_TV_3(1.0),A,IT,RESPOP_AV,T,Y_GE65,TOTAL,ALL,24,ALL,ALL,2021,10497851.452603,,,,,,,,ALL_N1,,,,,,,
IT1:DF_DCSS_ISTR_LAV_PEN_2_TV_3(1.0),A,IT,RESPOP_AV,T,Y_GE65,TOTAL,ALL,24,ALL,ALL,2022,10507514.6498635,,,,,,,,ALL_N1,,,,,,,
IT1:DF_DCSS_ISTR_LAV_PEN_2_TV_3(1.0),A,IT,RESPOP_AV,T,Y_GE65,TOTAL,ALL,24,ALL,ALL,2023,10409702.792751098,,,,,,,,ALL_N1,,,,,,,
IT1:DF_DCSS_ISTR_LAV_PEN_2_TV_3(1.0),A,IT,RESPOP_AV,T,Y_GE65,TOTAL,ALL,24,ALL,ALL,2024,10596761.684933526,,,,,,,,ALL_N1,,,,,,,
IT1:DF_DCSS_ISTR_LAV_PEN_2_TV_3(1.0),A,IT,RESPOP_AV,T,Y_GE65,TOTAL,ALL,4,ALL,ALL,2018,1370723,,,,,,,,ALL_N1,,,,,,,
IT1:DF_DCSS_ISTR_LAV_PEN_2_TV_3(1.0),A,IT,RESPOP_AV,T,Y_GE65,TOTAL,ALL,4,ALL,ALL,2019,1440111,,,,,,,,ALL_N1,,,,,,,
IT1:DF_DCSS_ISTR_LAV_PEN_2_TV_3(1.0),A,IT,RESPOP_AV,T,Y_GE65,TOTAL,ALL,4,ALL,ALL,2021,1459377.71766067,,,,,,,,ALL_N1,,,,,,,
IT1:DF_DCSS_ISTR_LAV_PEN_2_TV_3(1.0),A,IT,RESPOP_AV,T,Y_GE65,TOTAL,ALL,4,ALL,ALL,2022,1492782.91183651,,,,,,,,ALL_N1,,,,,,,
IT1:DF_DCSS_ISTR_LAV_PEN_2_TV_3(1.0),A,IT,RESPOP_AV,T,Y_GE65,TOTAL,ALL,4,ALL,ALL,2023,1565005.1713723314,,,,,,,,ALL_N1,,,,,,,
IT1:DF_DCSS_ISTR_LAV_PEN_2_TV_3(1.0),A,IT,RESPOP_AV,T,Y_GE65,TOTAL,ALL,4,ALL,ALL,2024,1574364.3344738479,,,,,,,,ALL_N1,,,,,,,
IT1:DF_DCSS_ISTR_LAV_PEN_2_TV_3(1.0),A,IT,RESPOP_AV,T,Y_GE65,TOTAL,ALL,5,ALL,ALL,2018,256,,,,,,,,ALL_N1,,,,,,,
IT1:DF_DCSS_ISTR_LAV_PEN_2_TV_3(1.0),A,IT,RESPOP_AV,T,Y_GE65,TOTAL,ALL,5,ALL,ALL,2019,189,,,,,,,,ALL_N1,,,,,,,
IT1:DF_DCSS_ISTR_LAV_PEN_2_TV_3(1.0),A,IT,RESPOP_AV,T,Y_GE65,TOTAL,ALL,5,ALL,ALL,2021,208.855682903701,,,,,,,,ALL_N1,,,,,,,
IT1:DF_DCSS_ISTR_LAV_PEN_2_TV_3(1.0),A,IT,RESPOP_AV,T,Y_GE65,TOTAL,ALL,5,ALL,ALL,2022,2054.81377517505,,,,,,,,ALL_N1,,,,,,,
IT1:DF_DCSS_ISTR_LAV_PEN_2_TV_3(1.0),A,IT,RESPOP_AV,T,Y_GE65,TOTAL,ALL,5,ALL,ALL,2023,1575.7862518095606,,,,,,,,ALL_N1,,,,,,,
IT1:DF_DCSS_ISTR_LAV_PEN_2_TV_3(1.0),A,IT,RESPOP_AV,T,Y_GE65,TOTAL,ALL,5,ALL,ALL,2024,1290.2162104642252,,,,,,,,ALL_N1,,,,,,,
IT1:DF_DCSS_ISTR_LAV_PEN_2_TV_3(1.0),A,IT,RESPOP_AV,T,Y_GE65,TOTAL,ALL,7,ALL,ALL,2018,1051867,,,,,,,,ALL_N1,,,,,,,
IT1:DF_DCSS_ISTR_LAV_PEN_2_TV_3(1.0),A,IT,RESPOP_AV,T,Y_GE65,TOTAL,ALL,7,ALL,ALL,2019,1075988,,,,,,,,ALL_N1,,,,,,,
IT1:DF_DCSS_ISTR_LAV_PEN_2_TV_3(1.0),A,IT,RESPOP_AV,T,Y_GE65,TOTAL,ALL,7,ALL,ALL,2021,1149977.94124949,,,,,,,,ALL_N1,,,,,,,
IT1:DF_DCSS_ISTR_LAV_PEN_2_TV_3(1.0),A,IT,RESPOP_AV,T,Y_GE65,TOTAL,ALL,7,ALL,ALL,2022,1156466.57361336,,,,,,,,ALL_N1,,,,,,,
IT1:DF_DCSS_ISTR_LAV_PEN_2_TV_3(1.0),A,IT,RESPOP_AV,T,Y_GE65,TOTAL,ALL,7,ALL,ALL,2023,1284388.0275527535,,,,,,,,ALL_N1,,,,,,,
IT1:DF_DCSS_ISTR_LAV_PEN_2_TV_3(1.0),A,IT,RESPOP_AV,T,Y_GE65,TOTAL,ALL,7,ALL,ALL,2024,1235009.0136801237,,,,,,,,ALL_N1,,,,,,,
IT1:DF_DCSS_ISTR_LAV_PEN_2_TV_3(1.0),A,IT,RESPOP_AV,T,Y_GE65,TOTAL,ALL,99,ALL,ALL,2018,13693215,,,,,,,,ALL_N1,99_N1,,,,,,
IT1:DF_DCSS_ISTR_LAV_PEN_2_TV_3(1.0),A,IT,RESPOP_AV,T,Y_GE65,TOTAL,ALL,99,ALL,ALL,2019,13859090,,,,,,,,ALL_N1,99_N1,,,,,,
IT1:DF_DCSS_ISTR_LAV_PEN_2_TV_3(1.0),A,IT,RESPOP_AV,T,Y_GE65,TOTAL,ALL,99,ALL,ALL,2020,13941531,,,,,,,,ALL_N1,99_N1,,,,,,
IT1:DF_DCSS_ISTR_LAV_PEN_2_TV_3(1.0),A,IT,RESPOP_AV,T,Y_GE65,TOTAL,ALL,99,ALL,ALL,2021,14051404,,,,,,,,ALL_N1,99_N1,,,,,,
IT1:DF_DCSS_ISTR_LAV_PEN_2_TV_3(1.0),A,IT,RESPOP_AV,T,Y_GE65,TOTAL,ALL,99,ALL,ALL,2022,14181297,,,,,,,,ALL_N1,99_N1,,,,,,
IT1:DF_DCSS_ISTR_LAV_PEN_2_TV_3(1.0),A,IT,RESPOP_AV,T,Y_GE65,TOTAL,ALL,99,ALL,ALL,2023,14356736,,,,,,,,ALL_N1,99_N1,,,,,,
IT1:DF_DCSS_ISTR_LAV_PEN_2_TV_3(1.0),A,IT,RESPOP_AV,T,Y_GE65,TOTAL,ALL,99,ALL,ALL,2024,14579867,,,,,,,,ALL_N1,99_N1,,,,,,
IT1:DF_DCSS_ISTR_LAV_PEN_2_TV_3(1.0),A,IT,RESPOP_AV,T,Y15-24,TOTAL,ALL,1,ALL,ALL,2018,1071824,,,,,,,,ALL_N1,,,,,,,
IT1:DF_DCSS_ISTR_LAV_PEN_2_TV_3(1.0),A,IT,RESPOP_AV,T,Y15-24,TOTAL,ALL,1,ALL,ALL,2019,1102206,,,,,,,,ALL_N1,,,,,,,
IT1:DF_DCSS_ISTR_LAV_PEN_2_TV_3(1.0),A,IT,RESPOP_AV,T,Y15-24,TOTAL,ALL,1,ALL,ALL,2021,1162418,,,,,,,,ALL_N1,,,,,,,
IT1:DF_DCSS_ISTR_LAV_PEN_2_TV_3(1.0),A,IT,RESPOP_AV,T,Y15-24,TOTAL,ALL,1,ALL,ALL,2022,1252712,,,,,,,,ALL_N1,,,,,,,
IT1:DF_DCSS_ISTR_LAV_PEN_2_TV_3(1.0),A,IT,RESPOP_AV,T,Y15-24,TOTAL,ALL,1,ALL,ALL,2023,1284391,,,,,,,,ALL_N1,,,,,,,
IT1:DF_DCSS_ISTR_LAV_PEN_2_TV_3(1.0),A,IT,RESPOP_AV,T,Y15-24,TOTAL,ALL,1,ALL,ALL,2024,1319460,,,,,,,,ALL_N1,,,,,,,
IT1:DF_DCSS_ISTR_LAV_PEN_2_TV_3(1.0),A,IT,RESPOP_AV,T,Y15-24,TOTAL,ALL,12,ALL,ALL,2018,648851,,,,,,,,ALL_N1,,,,,,,
IT1:DF_DCSS_ISTR_LAV_PEN_2_TV_3(1.0),A,IT,RESPOP_AV,T,Y15-24,TOTAL,ALL,12,ALL,ALL,2019,583791,,,,,,,,ALL_N1,,,,,,,
IT1:DF_DCSS_ISTR_LAV_PEN_2_TV_3(1.0),A,IT,RESPOP_AV,T,Y15-24,TOTAL,ALL,12,ALL,ALL,2021,415827.961716533,,,,,,,,ALL_N1,,,,,,,
IT1:DF_DCSS_ISTR_LAV_PEN_2_TV_3(1.0),A,IT,RESPOP_AV,T,Y15-24,TOTAL,ALL,12,ALL,ALL,2022,372606.617173439,,,,,,,,ALL_N1,,,,,,,
IT1:DF_DCSS_ISTR_LAV_PEN_2_TV_3(1.0),A,IT,RESPOP_AV,T,Y15-24,TOTAL,ALL,12,ALL,ALL,2023,365172.14067569125,,,,,,,,ALL_N1,,,,,,,
IT1:DF_DCSS_ISTR_LAV_PEN_2_TV_3(1.0),A,IT,RESPOP_AV,T,Y15-24,TOTAL,ALL,12,ALL,ALL,2024,364684.3575709511,,,,,,,,ALL_N1,,,,,,,
IT1:DF_DCSS_ISTR_LAV_PEN_2_TV_3(1.0),A,IT,RESPOP_AV,T,Y15-24,TOTAL,ALL,22,ALL,ALL,2018,1720675,,,,,,,,ALL_N1,,,,,,,
IT1:DF_DCSS_ISTR_LAV_PEN_2_TV_3(1.0),A,IT,RESPOP_AV,T,Y15-24,TOTAL,ALL,22,ALL,ALL,2019,1685997,,,,,,,,ALL_N1,,,,,,,
IT1:DF_DCSS_ISTR_LAV_PEN_2_TV_3(1.0),A,IT,RESPOP_AV,T,Y15-24,TOTAL,ALL,22,ALL,ALL,2021,1578245.96171653,,,,,,,,ALL_N1,,,,,,,
IT1:DF_DCSS_ISTR_LAV_PEN_2_TV_3(1.0),A,IT,RESPOP_AV,T,Y15-24,TOTAL,ALL,22,ALL,ALL,2022,1625318.61717344,,,,,,,,ALL_N1,,,,,,,
IT1:DF_DCSS_ISTR_LAV_PEN_2_TV_3(1.0),A,IT,RESPOP_AV,T,Y15-24,TOTAL,ALL,22,ALL,ALL,2023,1649563.1406756912,,,,,,,,ALL_N1,,,,,,,
IT1:DF_DCSS_ISTR_LAV_PEN_2_TV_3(1.0),A,IT,RESPOP_AV,T,Y15-24,TOTAL,ALL,22,ALL,ALL,2024,1684144.357570951,,,,,,,,ALL_N1,,,,,,,
IT1:DF_DCSS_ISTR_LAV_PEN_2_TV_3(1.0),A,IT,RESPOP_AV,T,Y15-24,TOTAL,ALL,23,ALL,ALL,2018,4115308,,,,,,,,ALL_N1,,,,,,,
IT1:DF_DCSS_ISTR_LAV_PEN_2_TV_3(1.0),A,IT,RESPOP_AV,T,Y15-24,TOTAL,ALL,23,ALL,ALL,2019,4140947,,,,,,,,ALL_N1,,,,,,,
IT1:DF_DCSS_ISTR_LAV_PEN_2_TV_3(1.0),A,IT,RESPOP_AV,T,Y15-24,TOTAL,ALL,23,ALL,ALL,2021,4211212.03828347,,,,,,,,ALL_N1,,,,,,,
IT1:DF_DCSS_ISTR_LAV_PEN_2_TV_3(1.0),A,IT,RESPOP_AV,T,Y15-24,TOTAL,ALL,23,ALL,ALL,2022,4208133.38282656,,,,,,,,ALL_N1,,,,,,,
IT1:DF_DCSS_ISTR_LAV_PEN_2_TV_3(1.0),A,IT,RESPOP_AV,T,Y15-24,TOTAL,ALL,23,ALL,ALL,2023,4222056.859324309,,,,,,,,ALL_N1,,,,,,,
IT1:DF_DCSS_ISTR_LAV_PEN_2_TV_3(1.0),A,IT,RESPOP_AV,T,Y15-24,TOTAL,ALL,23,ALL,ALL,2024,4227563.642429049,,,,,,,,ALL_N1,,,,,,,
IT1:DF_DCSS_ISTR_LAV_PEN_2_TV_3(1.0),A,IT,RESPOP_AV,T,Y15-24,TOTAL,ALL,24,ALL,ALL,2018,6394,,,,,,,,ALL_N1,,,,,,,
IT1:DF_DCSS_ISTR_LAV_PEN_2_TV_3(1.0),A,IT,RESPOP_AV,T,Y15-24,TOTAL,ALL,24,ALL,ALL,2019,8241,,,,,,,,ALL_N1,,,,,,,
IT1:DF_DCSS_ISTR_LAV_PEN_2_TV_3(1.0),A,IT,RESPOP_AV,T,Y15-24,TOTAL,ALL,24,ALL,ALL,2021,8938.25957724392,,,,,,,,ALL_N1,,,,,,,
IT1:DF_DCSS_ISTR_LAV_PEN_2_TV_3(1.0),A,IT,RESPOP_AV,T,Y15-24,TOTAL,ALL,24,ALL,ALL,2022,10624.193036888,,,,,,,,ALL_N1,,,,,,,
IT1:DF_DCSS_ISTR_LAV_PEN_2_TV_3(1.0),A,IT,RESPOP_AV,T,Y15-24,TOTAL,ALL,24,ALL,ALL,2023,10201.481813699747,,,,,,,,ALL_N1,,,,,,,
IT1:DF_DCSS_ISTR_LAV_PEN_2_TV_3(1.0),A,IT,RESPOP_AV,T,Y15-24,TOTAL,ALL,24,ALL,ALL,2024,10390.574526662967,,,,,,,,ALL_N1,,,,,,,
IT1:DF_DCSS_ISTR_LAV_PEN_2_TV_3(1.0),A,IT,RESPOP_AV,T,Y15-24,TOTAL,ALL,4,ALL,ALL,2018,148604,,,,,,,,ALL_N1,,,,,,,
IT1:DF_DCSS_ISTR_LAV_PEN_2_TV_3(1.0),A,IT,RESPOP_AV,T,Y15-24,TOTAL,ALL,4,ALL,ALL,2019,138392,,,,,,,,ALL_N1,,,,,,,
IT1:DF_DCSS_ISTR_LAV_PEN_2_TV_3(1.0),A,IT,RESPOP_AV,T,Y15-24,TOTAL,ALL,4,ALL,ALL,2021,176369.288544058,,,,,,,,ALL_N1,,,,,,,
IT1:DF_DCSS_ISTR_LAV_PEN_2_TV_3(1.0),A,IT,RESPOP_AV,T,Y15-24,TOTAL,ALL,4,ALL,ALL,2022,142283.420720863,,,,,,,,ALL_N1,,,,,,,
IT1:DF_DCSS_ISTR_LAV_PEN_2_TV_3(1.0),A,IT,RESPOP_AV,T,Y15-24,TOTAL,ALL,4,ALL,ALL,2023,138997.32490577624,,,,,,,,ALL_N1,,,,,,,
IT1:DF_DCSS_ISTR_LAV_PEN_2_TV_3(1.0),A,IT,RESPOP_AV,T,Y15-24,TOTAL,ALL,4,ALL,ALL,2024,146868.81961233052,,,,,,,,ALL_N1,,,,,,,
IT1:DF_DCSS_ISTR_LAV_PEN_2_TV_3(1.0),A,IT,RESPOP_AV,T,Y15-24,TOTAL,ALL,5,ALL,ALL,2018,3542878,,,,,,,,ALL_N1,,,,,,,
IT1:DF_DCSS_ISTR_LAV_PEN_2_TV_3(1.0),A,IT,RESPOP_AV,T,Y15-24,TOTAL,ALL,5,ALL,ALL,2019,3630369,,,,,,,,ALL_N1,,,,,,,
IT1:DF_DCSS_ISTR_LAV_PEN_2_TV_3(1.0),A,IT,RESPOP_AV,T,Y15-24,TOTAL,ALL,5,ALL,ALL,2021,3627105.30484888,,,,,,,,ALL_N1,,,,,,,
IT1:DF_DCSS_ISTR_LAV_PEN_2_TV_3(1.0),A,IT,RESPOP_AV,T,Y15-24,TOTAL,ALL,5,ALL,ALL,2022,3712846.94926825,,,,,,,,ALL_N1,,,,,,,
IT1:DF_DCSS_ISTR_LAV_PEN_2_TV_3(1.0),A,IT,RESPOP_AV,T,Y15-24,TOTAL,ALL,5,ALL,ALL,2023,3722484.839827626,,,,,,,,ALL_N1,,,,,,,
IT1:DF_DCSS_ISTR_LAV_PEN_2_TV_3(1.0),A,IT,RESPOP_AV,T,Y15-24,TOTAL,ALL,5,ALL,ALL,2024,3685326.615319368,,,,,,,,ALL_N1,,,,,,,
IT1:DF_DCSS_ISTR_LAV_PEN_2_TV_3(1.0),A,IT,RESPOP_AV,T,Y15-24,TOTAL,ALL,7,ALL,ALL,2018,417432,,,,,,,,ALL_N1,,,,,,,
IT1:DF_DCSS_ISTR_LAV_PEN_2_TV_3(1.0),A,IT,RESPOP_AV,T,Y15-24,TOTAL,ALL,7,ALL,ALL,2019,363945,,,,,,,,ALL_N1,,,,,,,
IT1:DF_DCSS_ISTR_LAV_PEN_2_TV_3(1.0),A,IT,RESPOP_AV,T,Y15-24,TOTAL,ALL,7,ALL,ALL,2021,398799.185313287,,,,,,,,ALL_N1,,,,,,,
IT1:DF_DCSS_ISTR_LAV_PEN_2_TV_3(1.0),A,IT,RESPOP_AV,T,Y15-24,TOTAL,ALL,7,ALL,ALL,2022,342378.819800563,,,,,,,,ALL_N1,,,,,,,
IT1:DF_DCSS_ISTR_LAV_PEN_2_TV_3(1.0),A,IT,RESPOP_AV,T,Y15-24,TOTAL,ALL,7,ALL,ALL,2023,350373.21277720656,,,,,,,,ALL_N1,,,,,,,
IT1:DF_DCSS_ISTR_LAV_PEN_2_TV_3(1.0),A,IT,RESPOP_AV,T,Y15-24,TOTAL,ALL,7,ALL,ALL,2024,384977.63297068723,,,,,,,,ALL_N1,,,,,,,
IT1:DF_DCSS_ISTR_LAV_PEN_2_TV_3(1.0),A,IT,RESPOP_AV,T,Y15-24,TOTAL,ALL,99,ALL,ALL,2018,5835983,,,,,,,,ALL_N1,99_N1,,,,,,
IT1:DF_DCSS_ISTR_LAV_PEN_2_TV_3(1.0),A,IT,RESPOP_AV,T,Y15-24,TOTAL,ALL,99,ALL,ALL,2019,5826944,,,,,,,,ALL_N1,99_N1,,,,,,
IT1:DF_DCSS_ISTR_LAV_PEN_2_TV_3(1.0),A,IT,RESPOP_AV,T,Y15-24,TOTAL,ALL,99,ALL,ALL,2021,5789458,,,,,,,,ALL_N1,99_N1,,,,,,
IT1:DF_DCSS_ISTR_LAV_PEN_2_TV_3(1.0),A,IT,RESPOP_AV,T,Y15-24,TOTAL,ALL,99,ALL,ALL,2022,5833452,,,,,,,,ALL_N1,99_N1,,,,,,
IT1:DF_DCSS_ISTR_LAV_PEN_2_TV_3(1.0),A,IT,RESPOP_AV,T,Y15-24,TOTAL,ALL,99,ALL,ALL,2023,5871620,,,,,,,,ALL_N1,99_N1,,,,,,
IT1:DF_DCSS_ISTR_LAV_PEN_2_TV_3(1.0),A,IT,RESPOP_AV,T,Y15-24,TOTAL,ALL,99,ALL,ALL,2024,5911708,,,,,,,,ALL_N1,99_N1,,,,,,
IT1:DF_DCSS_ISTR_LAV_PEN_2_TV_3(1.0),A,IT,RESPOP_AV,T,Y25-49,TOTAL,ALL,1,ALL,ALL,2018,13282263,,,,,,,,ALL_N1,,,,,,,
IT1:DF_DCSS_ISTR_LAV_PEN_2_TV_3(1.0),A,IT,RESPOP_AV,T,Y25-49,TOTAL,ALL,1,ALL,ALL,2019,13191199,,,,,,,,ALL_N1,,,,,,,
IT1:DF_DCSS_ISTR_LAV_PEN_2_TV_3(1.0),A,IT,RESPOP_AV,T,Y25-49,TOTAL,ALL,1,ALL,ALL,2021,12972350,,,,,,,,ALL_N1,,,,,,,
IT1:DF_DCSS_ISTR_LAV_PEN_2_TV_3(1.0),A,IT,RESPOP_AV,T,Y25-49,TOTAL,ALL,1,ALL,ALL,2022,12946752,,,,,,,,ALL_N1,,,,,,,
IT1:DF_DCSS_ISTR_LAV_PEN_2_TV_3(1.0),A,IT,RESPOP_AV,T,Y25-49,TOTAL,ALL,1,ALL,ALL,2023,13036279,,,,,,,,ALL_N1,,,,,,,
IT1:DF_DCSS_ISTR_LAV_PEN_2_TV_3(1.0),A,IT,RESPOP_AV,T,Y25-49,TOTAL,ALL,1,ALL,ALL,2024,12999937,,,,,,,,ALL_N1,,,,,,,
IT1:DF_DCSS_ISTR_LAV_PEN_2_TV_3(1.0),A,IT,RESPOP_AV,T,Y25-49,TOTAL,ALL,12,ALL,ALL,2018,2270239,,,,,,,,ALL_N1,,,,,,,
IT1:DF_DCSS_ISTR_LAV_PEN_2_TV_3(1.0),A,IT,RESPOP_AV,T,Y25-49,TOTAL,ALL,12,ALL,ALL,2019,2048851,,,,,,,,ALL_N1,,,,,,,
IT1:DF_DCSS_ISTR_LAV_PEN_2_TV_3(1.0),A,IT,RESPOP_AV,T,Y25-49,TOTAL,ALL,12,ALL,ALL,2021,1336153.66542795,,,,,,,,ALL_N1,,,,,,,
IT1:DF_DCSS_ISTR_LAV_PEN_2_TV_3(1.0),A,IT,RESPOP_AV,T,Y25-49,TOTAL,ALL,12,ALL,ALL,2022,1241699.617878,,,,,,,,ALL_N1,,,,,,,
IT1:DF_DCSS_ISTR_LAV_PEN_2_TV_3(1.0),A,IT,RESPOP_AV,T,Y25-49,TOTAL,ALL,12,ALL,ALL,2023,1109621.1556207205,,,,,,,,ALL_N1,,,,,,,
IT1:DF_DCSS_ISTR_LAV_PEN_2_TV_3(1.0),A,IT,RESPOP_AV,T,Y25-49,TOTAL,ALL,12,ALL,ALL,2024,1004237.6318651654,,,,,,,,ALL_N1,,,,,,,
IT1:DF_DCSS_ISTR_LAV_PEN_2_TV_3(1.0),A,IT,RESPOP_AV,T,Y25-49,TOTAL,ALL,22,ALL,ALL,2018,15552502,,,,,,,,ALL_N1,,,,,,,
IT1:DF_DCSS_ISTR_LAV_PEN_2_TV_3(1.0),A,IT,RESPOP_AV,T,Y25-49,TOTAL,ALL,22,ALL,ALL,2019,15240050,,,,,,,,ALL_N1,,,,,,,
IT1:DF_DCSS_ISTR_LAV_PEN_2_TV_3(1.0),A,IT,RESPOP_AV,T,Y25-49,TOTAL,ALL,22,ALL,ALL,2021,14308503.665428,,,,,,,,ALL_N1,,,,,,,
IT1:DF_DCSS_ISTR_LAV_PEN_2_TV_3(1.0),A,IT,RESPOP_AV,T,Y25-49,TOTAL,ALL,22,ALL,ALL,2022,14188451.617878,,,,,,,,ALL_N1,,,,,,,
IT1:DF_DCSS_ISTR_LAV_PEN_2_TV_3(1.0),A,IT,RESPOP_AV,T,Y25-49,TOTAL,ALL,22,ALL,ALL,2023,14145900.15562072,,,,,,,,ALL_N1,,,,,,,
IT1:DF_DCSS_ISTR_LAV_PEN_2_TV_3(1.0),A,IT,RESPOP_AV,T,Y25-49,TOTAL,ALL,22,ALL,ALL,2024,14004174.631865166,,,,,,,,ALL_N1,,,,,,,
IT1:DF_DCSS_ISTR_LAV_PEN_2_TV_3(1.0),A,IT,RESPOP_AV,T,Y25-49,TOTAL,ALL,23,ALL,ALL,2018,3755641,,,,,,,,ALL_N1,,,,,,,
IT1:DF_DCSS_ISTR_LAV_PEN_2_TV_3(1.0),A,IT,RESPOP_AV,T,Y25-49,TOTAL,ALL,23,ALL,ALL,2019,3680305,,,,,,,,ALL_N1,,,,,,,
IT1:DF_DCSS_ISTR_LAV_PEN_2_TV_3(1.0),A,IT,RESPOP_AV,T,Y25-49,TOTAL,ALL,23,ALL,ALL,2021,3795316.33457205,,,,,,,,ALL_N1,,,,,,,
IT1:DF_DCSS_ISTR_LAV_PEN_2_TV_3(1.0),A,IT,RESPOP_AV,T,Y25-49,TOTAL,ALL,23,ALL,ALL,2022,3685545.382122,,,,,,,,ALL_N1,,,,,,,
IT1:DF_DCSS_ISTR_LAV_PEN_2_TV_3(1.0),A,IT,RESPOP_AV,T,Y25-49,TOTAL,ALL,23,ALL,ALL,2023,3498445.8443792793,,,,,,,,ALL_N1,,,,,,,
IT1:DF_DCSS_ISTR_LAV_PEN_2_TV_3(1.0),A,IT,RESPOP_AV,T,Y25-49,TOTAL,ALL,23,ALL,ALL,2024,3399136.368134835,,,,,,,,ALL_N1,,,,,,,
IT1:DF_DCSS_ISTR_LAV_PEN_2_TV_3(1.0),A,IT,RESPOP_AV,T,Y25-49,TOTAL,ALL,24,ALL,ALL,2018,144750,,,,,,,,ALL_N1,,,,,,,
IT1:DF_DCSS_ISTR_LAV_PEN_2_TV_3(1.0),A,IT,RESPOP_AV,T,Y25-49,TOTAL,ALL,24,ALL,ALL,2019,178140,,,,,,,,ALL_N1,,,,,,,
IT1:DF_DCSS_ISTR_LAV_PEN_2_TV_3(1.0),A,IT,RESPOP_AV,T,Y25-49,TOTAL,ALL,24,ALL,ALL,2021,160946.38180852,,,,,,,,ALL_N1,,,,,,,
IT1:DF_DCSS_ISTR_LAV_PEN_2_TV_3(1.0),A,IT,RESPOP_AV,T,Y25-49,TOTAL,ALL,24,ALL,ALL,2022,174215.161486048,,,,,,,,ALL_N1,,,,,,,
IT1:DF_DCSS_ISTR_LAV_PEN_2_TV_3(1.0),A,IT,RESPOP_AV,T,Y25-49,TOTAL,ALL,24,ALL,ALL,2023,163650.72835517925,,,,,,,,ALL_N1,,,,,,,
IT1:DF_DCSS_ISTR_LAV_PEN_2_TV_3(1.0),A,IT,RESPOP_AV,T,Y25-49,TOTAL,ALL,24,ALL,ALL,2024,177519.28032737653,,,,,,,,ALL_N1,,,,,,,
IT1:DF_DCSS_ISTR_LAV_PEN_2_TV_3(1.0),A,IT,RESPOP_AV,T,Y25-49,TOTAL,ALL,4,ALL,ALL,2018,2057795,,,,,,,,ALL_N1,,,,,,,
IT1:DF_DCSS_ISTR_LAV_PEN_2_TV_3(1.0),A,IT,RESPOP_AV,T,Y25-49,TOTAL,ALL,4,ALL,ALL,2019,1958879,,,,,,,,ALL_N1,,,,,,,
IT1:DF_DCSS_ISTR_LAV_PEN_2_TV_3(1.0),A,IT,RESPOP_AV,T,Y25-49,TOTAL,ALL,4,ALL,ALL,2021,1982758.03779443,,,,,,,,ALL_N1,,,,,,,
IT1:DF_DCSS_ISTR_LAV_PEN_2_TV_3(1.0),A,IT,RESPOP_AV,T,Y25-49,TOTAL,ALL,4,ALL,ALL,2022,1889989.3915659,,,,,,,,ALL_N1,,,,,,,
IT1:DF_DCSS_ISTR_LAV_PEN_2_TV_3(1.0),A,IT,RESPOP_AV,T,Y25-49,TOTAL,ALL,4,ALL,ALL,2023,1783192.5115271534,,,,,,,,ALL_N1,,,,,,,
IT1:DF_DCSS_ISTR_LAV_PEN_2_TV_3(1.0),A,IT,RESPOP_AV,T,Y25-49,TOTAL,ALL,4,ALL,ALL,2024,1682809.3820142332,,,,,,,,ALL_N1,,,,,,,
IT1:DF_DCSS_ISTR_LAV_PEN_2_TV_3(1.0),A,IT,RESPOP_AV,T,Y25-49,TOTAL,ALL,5,ALL,ALL,2018,438595,,,,,,,,ALL_N1,,,,,,,
IT1:DF_DCSS_ISTR_LAV_PEN_2_TV_3(1.0),A,IT,RESPOP_AV,T,Y25-49,TOTAL,ALL,5,ALL,ALL,2019,445771,,,,,,,,ALL_N1,,,,,,,
IT1:DF_DCSS_ISTR_LAV_PEN_2_TV_3(1.0),A,IT,RESPOP_AV,T,Y25-49,TOTAL,ALL,5,ALL,ALL,2021,463602.694542362,,,,,,,,ALL_N1,,,,,,,
IT1:DF_DCSS_ISTR_LAV_PEN_2_TV_3(1.0),A,IT,RESPOP_AV,T,Y25-49,TOTAL,ALL,5,ALL,ALL,2022,454570.95912915,,,,,,,,ALL_N1,,,,,,,
IT1:DF_DCSS_ISTR_LAV_PEN_2_TV_3(1.0),A,IT,RESPOP_AV,T,Y25-49,TOTAL,ALL,5,ALL,ALL,2023,427028.97257623106,,,,,,,,ALL_N1,,,,,,,
IT1:DF_DCSS_ISTR_LAV_PEN_2_TV_3(1.0),A,IT,RESPOP_AV,T,Y25-49,TOTAL,ALL,5,ALL,ALL,2024,391786.98451933893,,,,,,,,ALL_N1,,,,,,,
IT1:DF_DCSS_ISTR_LAV_PEN_2_TV_3(1.0),A,IT,RESPOP_AV,T,Y25-49,TOTAL,ALL,7,ALL,ALL,2018,1114501,,,,,,,,ALL_N1,,,,,,,
IT1:DF_DCSS_ISTR_LAV_PEN_2_TV_3(1.0),A,IT,RESPOP_AV,T,Y25-49,TOTAL,ALL,7,ALL,ALL,2019,1097515,,,,,,,,ALL_N1,,,,,,,
IT1:DF_DCSS_ISTR_LAV_PEN_2_TV_3(1.0),A,IT,RESPOP_AV,T,Y25-49,TOTAL,ALL,7,ALL,ALL,2021,1188009.22042673,,,,,,,,ALL_N1,,,,,,,
IT1:DF_DCSS_ISTR_LAV_PEN_2_TV_3(1.0),A,IT,RESPOP_AV,T,Y25-49,TOTAL,ALL,7,ALL,ALL,2022,1166769.8699409,,,,,,,,ALL_N1,,,,,,,
IT1:DF_DCSS_ISTR_LAV_PEN_2_TV_3(1.0),A,IT,RESPOP_AV,T,Y25-49,TOTAL,ALL,7,ALL,ALL,2023,1124573.6319207158,,,,,,,,ALL_N1,,,,,,,
IT1:DF_DCSS_ISTR_LAV_PEN_2_TV_3(1.0),A,IT,RESPOP_AV,T,Y25-49,TOTAL,ALL,7,ALL,ALL,2024,1147020.7212738858,,,,,,,,ALL_N1,,,,,,,
IT1:DF_DCSS_ISTR_LAV_PEN_2_TV_3(1.0),A,IT,RESPOP_AV,T,Y25-49,TOTAL,ALL,99,ALL,ALL,2018,19308143,,,,,,,,ALL_N1,99_N1,,,,,,
IT1:DF_DCSS_ISTR_LAV_PEN_2_TV_3(1.0),A,IT,RESPOP_AV,T,Y25-49,TOTAL,ALL,99,ALL,ALL,2019,18920355,,,,,,,,ALL_N1,99_N1,,,,,,
IT1:DF_DCSS_ISTR_LAV_PEN_2_TV_3(1.0),A,IT,RESPOP_AV,T,Y25-49,TOTAL,ALL,99,ALL,ALL,2020,18456048,,,,,,,,ALL_N1,99_N1,,,,,,
IT1:DF_DCSS_ISTR_LAV_PEN_2_TV_3(1.0),A,IT,RESPOP_AV,T,Y25-49,TOTAL,ALL,99,ALL,ALL,2021,18103820,,,,,,,,ALL_N1,99_N1,,,,,,
IT1:DF_DCSS_ISTR_LAV_PEN_2_TV_3(1.0),A,IT,RESPOP_AV,T,Y25-49,TOTAL,ALL,99,ALL,ALL,2022,17873997,,,,,,,,ALL_N1,99_N1,,,,,,
IT1:DF_DCSS_ISTR_LAV_PEN_2_TV_3(1.0),A,IT,RESPOP_AV,T,Y25-49,TOTAL,ALL,99,ALL,ALL,2023,17644346,,,,,,,,ALL_N1,99_N1,,,,,,
IT1:DF_DCSS_ISTR_LAV_PEN_2_TV_3(1.0),A,IT,RESPOP_AV,T,Y25-49,TOTAL,ALL,99,ALL,ALL,2024,17403311,,,,,,,,ALL_N1,99_N1,,,,,,
IT1:DF_DCSS_ISTR_LAV_PEN_2_TV_3(1.0),A,IT,RESPOP_AV,T,Y50-64,TOTAL,ALL,1,ALL,ALL,2018,8057607,,,,,,,,ALL_N1,,,,,,,
IT1:DF_DCSS_ISTR_LAV_PEN_2_TV_3(1.0),A,IT,RESPOP_AV,T,Y50-64,TOTAL,ALL,1,ALL,ALL,2019,8278066,,,,,,,,ALL_N1,,,,,,,
IT1:DF_DCSS_ISTR_LAV_PEN_2_TV_3(1.0),A,IT,RESPOP_AV,T,Y50-64,TOTAL,ALL,1,ALL,ALL,2021,8582948,,,,,,,,ALL_N1,,,,,,,
IT1:DF_DCSS_ISTR_LAV_PEN_2_TV_3(1.0),A,IT,RESPOP_AV,T,Y50-64,TOTAL,ALL,1,ALL,ALL,2022,8754939,,,,,,,,ALL_N1,,,,,,,
IT1:DF_DCSS_ISTR_LAV_PEN_2_TV_3(1.0),A,IT,RESPOP_AV,T,Y50-64,TOTAL,ALL,1,ALL,ALL,2023,9106426,,,,,,,,ALL_N1,,,,,,,
IT1:DF_DCSS_ISTR_LAV_PEN_2_TV_3(1.0),A,IT,RESPOP_AV,T,Y50-64,TOTAL,ALL,1,ALL,ALL,2024,9366952,,,,,,,,ALL_N1,,,,,,,
IT1:DF_DCSS_ISTR_LAV_PEN_2_TV_3(1.0),A,IT,RESPOP_AV,T,Y50-64,TOTAL,ALL,12,ALL,ALL,2018,967540,,,,,,,,ALL_N1,,,,,,,
IT1:DF_DCSS_ISTR_LAV_PEN_2_TV_3(1.0),A,IT,RESPOP_AV,T,Y50-64,TOTAL,ALL,12,ALL,ALL,2019,904092,,,,,,,,ALL_N1,,,,,,,
IT1:DF_DCSS_ISTR_LAV_PEN_2_TV_3(1.0),A,IT,RESPOP_AV,T,Y50-64,TOTAL,ALL,12,ALL,ALL,2021,615427.674707116,,,,,,,,ALL_N1,,,,,,,
IT1:DF_DCSS_ISTR_LAV_PEN_2_TV_3(1.0),A,IT,RESPOP_AV,T,Y50-64,TOTAL,ALL,12,ALL,ALL,2022,608059.885874996,,,,,,,,ALL_N1,,,,,,,
IT1:DF_DCSS_ISTR_LAV_PEN_2_TV_3(1.0),A,IT,RESPOP_AV,T,Y50-64,TOTAL,ALL,12,ALL,ALL,2023,567188.4620616033,,,,,,,,ALL_N1,,,,,,,
IT1:DF_DCSS_ISTR_LAV_PEN_2_TV_3(1.0),A,IT,RESPOP_AV,T,Y50-64,TOTAL,ALL,12,ALL,ALL,2024,522858.25986169063,,,,,,,,ALL_N1,,,,,,,
IT1:DF_DCSS_ISTR_LAV_PEN_2_TV_3(1.0),A,IT,RESPOP_AV,T,Y50-64,TOTAL,ALL,22,ALL,ALL,2018,9025147,,,,,,,,ALL_N1,,,,,,,
IT1:DF_DCSS_ISTR_LAV_PEN_2_TV_3(1.0),A,IT,RESPOP_AV,T,Y50-64,TOTAL,ALL,22,ALL,ALL,2019,9182158,,,,,,,,ALL_N1,,,,,,,
IT1:DF_DCSS_ISTR_LAV_PEN_2_TV_3(1.0),A,IT,RESPOP_AV,T,Y50-64,TOTAL,ALL,22,ALL,ALL,2021,9198375.67470712,,,,,,,,ALL_N1,,,,,,,
IT1:DF_DCSS_ISTR_LAV_PEN_2_TV_3(1.0),A,IT,RESPOP_AV,T,Y50-64,TOTAL,ALL,22,ALL,ALL,2022,9362998.885875,,,,,,,,ALL_N1,,,,,,,
IT1:DF_DCSS_ISTR_LAV_PEN_2_TV_3(1.0),A,IT,RESPOP_AV,T,Y50-64,TOTAL,ALL,22,ALL,ALL,2023,9673614.462061603,,,,,,,,ALL_N1,,,,,,,
IT1:DF_DCSS_ISTR_LAV_PEN_2_TV_3(1.0),A,IT,RESPOP_AV,T,Y50-64,TOTAL,ALL,22,ALL,ALL,2024,9889810.25986169,,,,,,,,ALL_N1,,,,,,,
IT1:DF_DCSS_ISTR_LAV_PEN_2_TV_3(1.0),A,IT,RESPOP_AV,T,Y50-64,TOTAL,ALL,23,ALL,ALL,2018,4082298,,,,,,,,ALL_N1,,,,,,,
IT1:DF_DCSS_ISTR_LAV_PEN_2_TV_3(1.0),A,IT,RESPOP_AV,T,Y50-64,TOTAL,ALL,23,ALL,ALL,2019,4125387,,,,,,,,ALL_N1,,,,,,,
IT1:DF_DCSS_ISTR_LAV_PEN_2_TV_3(1.0),A,IT,RESPOP_AV,T,Y50-64,TOTAL,ALL,23,ALL,ALL,2021,4397280.32529288,,,,,,,,ALL_N1,,,,,,,
IT1:DF_DCSS_ISTR_LAV_PEN_2_TV_3(1.0),A,IT,RESPOP_AV,T,Y50-64,TOTAL,ALL,23,ALL,ALL,2022,4401357.114125,,,,,,,,ALL_N1,,,,,,,
IT1:DF_DCSS_ISTR_LAV_PEN_2_TV_3(1.0),A,IT,RESPOP_AV,T,Y50-64,TOTAL,ALL,23,ALL,ALL,2023,4238646.537938396,,,,,,,,ALL_N1,,,,,,,
IT1:DF_DCSS_ISTR_LAV_PEN_2_TV_3(1.0),A,IT,RESPOP_AV,T,Y50-64,TOTAL,ALL,23,ALL,ALL,2024,4138718.7401383095,,,,,,,,ALL_N1,,,,,,,
IT1:DF_DCSS_ISTR_LAV_PEN_2_TV_3(1.0),A,IT,RESPOP_AV,T,Y50-64,TOTAL,ALL,24,ALL,ALL,2018,1171238,,,,,,,,ALL_N1,,,,,,,
IT1:DF_DCSS_ISTR_LAV_PEN_2_TV_3(1.0),A,IT,RESPOP_AV,T,Y50-64,TOTAL,ALL,24,ALL,ALL,2019,1181642,,,,,,,,ALL_N1,,,,,,,
IT1:DF_DCSS_ISTR_LAV_PEN_2_TV_3(1.0),A,IT,RESPOP_AV,T,Y50-64,TOTAL,ALL,24,ALL,ALL,2021,1217074.57506378,,,,,,,,ALL_N1,,,,,,,
IT1:DF_DCSS_ISTR_LAV_PEN_2_TV_3(1.0),A,IT,RESPOP_AV,T,Y50-64,TOTAL,ALL,24,ALL,ALL,2022,1211111.47694559,,,,,,,,ALL_N1,,,,,,,
IT1:DF_DCSS_ISTR_LAV_PEN_2_TV_3(1.0),A,IT,RESPOP_AV,T,Y50-64,TOTAL,ALL,24,ALL,ALL,2023,1110153.8777632774,,,,,,,,ALL_N1,,,,,,,
IT1:DF_DCSS_ISTR_LAV_PEN_2_TV_3(1.0),A,IT,RESPOP_AV,T,Y50-64,TOTAL,ALL,24,ALL,ALL,2024,1056388.8650223245,,,,,,,,ALL_N1,,,,,,,
IT1:DF_DCSS_ISTR_LAV_PEN_2_TV_3(1.0),A,IT,RESPOP_AV,T,Y50-64,TOTAL,ALL,4,ALL,ALL,2018,2046669,,,,,,,,ALL_N1,,,,,,,
IT1:DF_DCSS_ISTR_LAV_PEN_2_TV_3(1.0),A,IT,RESPOP_AV,T,Y50-64,TOTAL,ALL,4,ALL,ALL,2019,2068194,,,,,,,,ALL_N1,,,,,,,
IT1:DF_DCSS_ISTR_LAV_PEN_2_TV_3(1.0),A,IT,RESPOP_AV,T,Y50-64,TOTAL,ALL,4,ALL,ALL,2021,2158164.81018056,,,,,,,,ALL_N1,,,,,,,
IT1:DF_DCSS_ISTR_LAV_PEN_2_TV_3(1.0),A,IT,RESPOP_AV,T,Y50-64,TOTAL,ALL,4,ALL,ALL,2022,2119315.35575684,,,,,,,,ALL_N1,,,,,,,
IT1:DF_DCSS_ISTR_LAV_PEN_2_TV_3(1.0),A,IT,RESPOP_AV,T,Y50-64,TOTAL,ALL,4,ALL,ALL,2023,2069266.9259259165,,,,,,,,ALL_N1,,,,,,,
IT1:DF_DCSS_ISTR_LAV_PEN_2_TV_3(1.0),A,IT,RESPOP_AV,T,Y50-64,TOTAL,ALL,4,ALL,ALL,2024,2023565.9526752105,,,,,,,,ALL_N1,,,,,,,
IT1:DF_DCSS_ISTR_LAV_PEN_2_TV_3(1.0),A,IT,RESPOP_AV,T,Y50-64,TOTAL,ALL,5,ALL,ALL,2018,5776,,,,,,,,ALL_N1,,,,,,,
IT1:DF_DCSS_ISTR_LAV_PEN_2_TV_3(1.0),A,IT,RESPOP_AV,T,Y50-64,TOTAL,ALL,5,ALL,ALL,2019,6549,,,,,,,,ALL_N1,,,,,,,
IT1:DF_DCSS_ISTR_LAV_PEN_2_TV_3(1.0),A,IT,RESPOP_AV,T,Y50-64,TOTAL,ALL,5,ALL,ALL,2021,9005.55764697915,,,,,,,,ALL_N1,,,,,,,
IT1:DF_DCSS_ISTR_LAV_PEN_2_TV_3(1.0),A,IT,RESPOP_AV,T,Y50-64,TOTAL,ALL,5,ALL,ALL,2022,10939.8344851825,,,,,,,,ALL_N1,,,,,,,
IT1:DF_DCSS_ISTR_LAV_PEN_2_TV_3(1.0),A,IT,RESPOP_AV,T,Y50-64,TOTAL,ALL,5,ALL,ALL,2023,10769.193183066915,,,,,,,,ALL_N1,,,,,,,
IT1:DF_DCSS_ISTR_LAV_PEN_2_TV_3(1.0),A,IT,RESPOP_AV,T,Y50-64,TOTAL,ALL,5,ALL,ALL,2024,12799.256846811833,,,,,,,,ALL_N1,,,,,,,
IT1:DF_DCSS_ISTR_LAV_PEN_2_TV_3(1.0),A,IT,RESPOP_AV,T,Y50-64,TOTAL,ALL,7,ALL,ALL,2018,858615,,,,,,,,ALL_N1,,,,,,,
IT1:DF_DCSS_ISTR_LAV_PEN_2_TV_3(1.0),A,IT,RESPOP_AV,T,Y50-64,TOTAL,ALL,7,ALL,ALL,2019,869002,,,,,,,,ALL_N1,,,,,,,
IT1:DF_DCSS_ISTR_LAV_PEN_2_TV_3(1.0),A,IT,RESPOP_AV,T,Y50-64,TOTAL,ALL,7,ALL,ALL,2021,1013035.38240157,,,,,,,,ALL_N1,,,,,,,
IT1:DF_DCSS_ISTR_LAV_PEN_2_TV_3(1.0),A,IT,RESPOP_AV,T,Y50-64,TOTAL,ALL,7,ALL,ALL,2022,1059990.44693739,,,,,,,,ALL_N1,,,,,,,
IT1:DF_DCSS_ISTR_LAV_PEN_2_TV_3(1.0),A,IT,RESPOP_AV,T,Y50-64,TOTAL,ALL,7,ALL,ALL,2023,1048456.5410661361,,,,,,,,ALL_N1,,,,,,,
IT1:DF_DCSS_ISTR_LAV_PEN_2_TV_3(1.0),A,IT,RESPOP_AV,T,Y50-64,TOTAL,ALL,7,ALL,ALL,2024,1045964.6655939627,,,,,,,,ALL_N1,,,,,,,
IT1:DF_DCSS_ISTR_LAV_PEN_2_TV_3(1.0),A,IT,RESPOP_AV,T,Y50-64,TOTAL,ALL,99,ALL,ALL,2018,13107445,,,,,,,,ALL_N1,99_N1,,,,,,
IT1:DF_DCSS_ISTR_LAV_PEN_2_TV_3(1.0),A,IT,RESPOP_AV,T,Y50-64,TOTAL,ALL,99,ALL,ALL,2019,13307545,,,,,,,,ALL_N1,99_N1,,,,,,
IT1:DF_DCSS_ISTR_LAV_PEN_2_TV_3(1.0),A,IT,RESPOP_AV,T,Y50-64,TOTAL,ALL,99,ALL,ALL,2020,13387736,,,,,,,,ALL_N1,99_N1,,,,,,
IT1:DF_DCSS_ISTR_LAV_PEN_2_TV_3(1.0),A,IT,RESPOP_AV,T,Y50-64,TOTAL,ALL,99,ALL,ALL,2021,13595656,,,,,,,,ALL_N1,99_N1,,,,,,
IT1:DF_DCSS_ISTR_LAV_PEN_2_TV_3(1.0),A,IT,RESPOP_AV,T,Y50-64,TOTAL,ALL,99,ALL,ALL,2022,13764356,,,,,,,,ALL_N1,99_N1,,,,,,
IT1:DF_DCSS_ISTR_LAV_PEN_2_TV_3(1.0),A,IT,RESPOP_AV,T,Y50-64,TOTAL,ALL,99,ALL,ALL,2023,13912261,,,,,,,,ALL_N1,99_N1,,,,,,
IT1:DF_DCSS_ISTR_LAV_PEN_2_TV_3(1.0),A,IT,RESPOP_AV,T,Y50-64,TOTAL,ALL,99,ALL,ALL,2024,14028529,,,,,,,,ALL_N1,99_N1,,,,,,
IT1:DF_DCSS_ISTR_LAV_PEN_2_TV_3(1.0),A,ITG1,RESPOP_AV,F,Y_GE15,TOTAL,ALL,1,ALL,ALL,2018,543339,,,,,,,,ALL_N1,,,,,,,
IT1:DF_DCSS_ISTR_LAV_PEN_2_TV_3(1.0),A,ITG1,RESPOP_AV,F,Y_GE15,TOTAL,ALL,1,ALL,ALL,2019,551992,,,,,,,,ALL_N1,,,,,,,
IT1:DF_DCSS_ISTR_LAV_PEN_2_TV_3(1.0),A,ITG1,RESPOP_AV,F,Y_GE15,TOTAL,ALL,1,ALL,ALL,2021,569766,,,,,,,,ALL_N1,,,,,,,
IT1:DF_DCSS_ISTR_LAV_PEN_2_TV_3(1.0),A,ITG1,RESPOP_AV,F,Y_GE15,TOTAL,ALL,1,ALL,ALL,2022,581765,,,,,,,,ALL_N1,,,,,,,
IT1:DF_DCSS_ISTR_LAV_PEN_2_TV_3(1.0),A,ITG1,RESPOP_AV,F,Y_GE15,TOTAL,ALL,1,ALL,ALL,2023,605591,,,,,,,,ALL_N1,,,,,,,
IT1:DF_DCSS_ISTR_LAV_PEN_2_TV_3(1.0),A,ITG1,RESPOP_AV,F,Y_GE15,TOTAL,ALL,1,ALL,ALL,2024,624909,,,,,,,,ALL_N1,,,,,,,
IT1:DF_DCSS_ISTR_LAV_PEN_2_TV_3(1.0),A,ITG1,RESPOP_AV,F,Y_GE15,TOTAL,ALL,12,ALL,ALL,2018,243106,,,,,,,,ALL_N1,,,,,,,
IT1:DF_DCSS_ISTR_LAV_PEN_2_TV_3(1.0),A,ITG1,RESPOP_AV,F,Y_GE15,TOTAL,ALL,12,ALL,ALL,2019,237783,,,,,,,,ALL_N1,,,,,,,
IT1:DF_DCSS_ISTR_LAV_PEN_2_TV_3(1.0),A,ITG1,RESPOP_AV,F,Y_GE15,TOTAL,ALL,12,ALL,ALL,2021,119345.870097225,,,,,,,,ALL_N1,,,,,,,
IT1:DF_DCSS_ISTR_LAV_PEN_2_TV_3(1.0),A,ITG1,RESPOP_AV,F,Y_GE15,TOTAL,ALL,12,ALL,ALL,2022,126437.764998873,,,,,,,,ALL_N1,,,,,,,
IT1:DF_DCSS_ISTR_LAV_PEN_2_TV_3(1.0),A,ITG1,RESPOP_AV,F,Y_GE15,TOTAL,ALL,12,ALL,ALL,2023,120663.52535328729,,,,,,,,ALL_N1,,,,,,,
IT1:DF_DCSS_ISTR_LAV_PEN_2_TV_3(1.0),A,ITG1,RESPOP_AV,F,Y_GE15,TOTAL,ALL,12,ALL,ALL,2024,101102.31220180992,,,,,,,,ALL_N1,,,,,,,
IT1:DF_DCSS_ISTR_LAV_PEN_2_TV_3(1.0),A,ITG1,RESPOP_AV,F,Y_GE15,TOTAL,ALL,22,ALL,ALL,2018,786445,,,,,,,,ALL_N1,,,,,,,
IT1:DF_DCSS_ISTR_LAV_PEN_2_TV_3(1.0),A,ITG1,RESPOP_AV,F,Y_GE15,TOTAL,ALL,22,ALL,ALL,2019,789774,,,,,,,,ALL_N1,,,,,,,
IT1:DF_DCSS_ISTR_LAV_PEN_2_TV_3(1.0),A,ITG1,RESPOP_AV,F,Y_GE15,TOTAL,ALL,22,ALL,ALL,2021,689111.870097225,,,,,,,,ALL_N1,,,,,,,
IT1:DF_DCSS_ISTR_LAV_PEN_2_TV_3(1.0),A,ITG1,RESPOP_AV,F,Y_GE15,TOTAL,ALL,22,ALL,ALL,2022,708202.764998873,,,,,,,,ALL_N1,,,,,,,
IT1:DF_DCSS_ISTR_LAV_PEN_2_TV_3(1.0),A,ITG1,RESPOP_AV,F,Y_GE15,TOTAL,ALL,22,ALL,ALL,2023,726254.5253532872,,,,,,,,ALL_N1,,,,,,,
IT1:DF_DCSS_ISTR_LAV_PEN_2_TV_3(1.0),A,ITG1,RESPOP_AV,F,Y_GE15,TOTAL,ALL,22,ALL,ALL,2024,726011.31220181,,,,,,,,ALL_N1,,,,,,,
IT1:DF_DCSS_ISTR_LAV_PEN_2_TV_3(1.0),A,ITG1,RESPOP_AV,F,Y_GE15,TOTAL,ALL,23,ALL,ALL,2018,1405361,,,,,,,,ALL_N1,,,,,,,
IT1:DF_DCSS_ISTR_LAV_PEN_2_TV_3(1.0),A,ITG1,RESPOP_AV,F,Y_GE15,TOTAL,ALL,23,ALL,ALL,2019,1392377,,,,,,,,ALL_N1,,,,,,,
IT1:DF_DCSS_ISTR_LAV_PEN_2_TV_3(1.0),A,ITG1,RESPOP_AV,F,Y_GE15,TOTAL,ALL,23,ALL,ALL,2021,1473574.12990278,,,,,,,,ALL_N1,,,,,,,
IT1:DF_DCSS_ISTR_LAV_PEN_2_TV_3(1.0),A,ITG1,RESPOP_AV,F,Y_GE15,TOTAL,ALL,23,ALL,ALL,2022,1449107.23500113,,,,,,,,ALL_N1,,,,,,,
IT1:DF_DCSS_ISTR_LAV_PEN_2_TV_3(1.0),A,ITG1,RESPOP_AV,F,Y_GE15,TOTAL,ALL,23,ALL,ALL,2023,1426090.4746467127,,,,,,,,ALL_N1,,,,,,,
IT1:DF_DCSS_ISTR_LAV_PEN_2_TV_3(1.0),A,ITG1,RESPOP_AV,F,Y_GE15,TOTAL,ALL,23,ALL,ALL,2024,1425684.6877981902,,,,,,,,ALL_N1,,,,,,,
IT1:DF_DCSS_ISTR_LAV_PEN_2_TV_3(1.0),A,ITG1,RESPOP_AV,F,Y_GE15,TOTAL,ALL,24,ALL,ALL,2018,366290,,,,,,,,ALL_N1,,,,,,,
IT1:DF_DCSS_ISTR_LAV_PEN_2_TV_3(1.0),A,ITG1,RESPOP_AV,F,Y_GE15,TOTAL,ALL,24,ALL,ALL,2019,360983,,,,,,,,ALL_N1,,,,,,,
IT1:DF_DCSS_ISTR_LAV_PEN_2_TV_3(1.0),A,ITG1,RESPOP_AV,F,Y_GE15,TOTAL,ALL,24,ALL,ALL,2021,379394.637860809,,,,,,,,ALL_N1,,,,,,,
IT1:DF_DCSS_ISTR_LAV_PEN_2_TV_3(1.0),A,ITG1,RESPOP_AV,F,Y_GE15,TOTAL,ALL,24,ALL,ALL,2022,367054.248157944,,,,,,,,ALL_N1,,,,,,,
IT1:DF_DCSS_ISTR_LAV_PEN_2_TV_3(1.0),A,ITG1,RESPOP_AV,F,Y_GE15,TOTAL,ALL,24,ALL,ALL,2023,356673.8870633715,,,,,,,,ALL_N1,,,,,,,
IT1:DF_DCSS_ISTR_LAV_PEN_2_TV_3(1.0),A,ITG1,RESPOP_AV,F,Y_GE15,TOTAL,ALL,24,ALL,ALL,2024,365098.6261319807,,,,,,,,ALL_N1,,,,,,,
IT1:DF_DCSS_ISTR_LAV_PEN_2_TV_3(1.0),A,ITG1,RESPOP_AV,F,Y_GE15,TOTAL,ALL,4,ALL,ALL,2018,679909,,,,,,,,ALL_N1,,,,,,,
IT1:DF_DCSS_ISTR_LAV_PEN_2_TV_3(1.0),A,ITG1,RESPOP_AV,F,Y_GE15,TOTAL,ALL,4,ALL,ALL,2019,676590,,,,,,,,ALL_N1,,,,,,,
IT1:DF_DCSS_ISTR_LAV_PEN_2_TV_3(1.0),A,ITG1,RESPOP_AV,F,Y_GE15,TOTAL,ALL,4,ALL,ALL,2021,724031.6393969,,,,,,,,ALL_N1,,,,,,,
IT1:DF_DCSS_ISTR_LAV_PEN_2_TV_3(1.0),A,ITG1,RESPOP_AV,F,Y_GE15,TOTAL,ALL,4,ALL,ALL,2022,705489.720772675,,,,,,,,ALL_N1,,,,,,,
IT1:DF_DCSS_ISTR_LAV_PEN_2_TV_3(1.0),A,ITG1,RESPOP_AV,F,Y_GE15,TOTAL,ALL,4,ALL,ALL,2023,692696.86571794,,,,,,,,ALL_N1,,,,,,,
IT1:DF_DCSS_ISTR_LAV_PEN_2_TV_3(1.0),A,ITG1,RESPOP_AV,F,Y_GE15,TOTAL,ALL,4,ALL,ALL,2024,688174.2043349723,,,,,,,,ALL_N1,,,,,,,
IT1:DF_DCSS_ISTR_LAV_PEN_2_TV_3(1.0),A,ITG1,RESPOP_AV,F,Y_GE15,TOTAL,ALL,5,ALL,ALL,2018,183810,,,,,,,,ALL_N1,,,,,,,
IT1:DF_DCSS_ISTR_LAV_PEN_2_TV_3(1.0),A,ITG1,RESPOP_AV,F,Y_GE15,TOTAL,ALL,5,ALL,ALL,2019,191407,,,,,,,,ALL_N1,,,,,,,
IT1:DF_DCSS_ISTR_LAV_PEN_2_TV_3(1.0),A,ITG1,RESPOP_AV,F,Y_GE15,TOTAL,ALL,5,ALL,ALL,2021,195554.235370013,,,,,,,,ALL_N1,,,,,,,
IT1:DF_DCSS_ISTR_LAV_PEN_2_TV_3(1.0),A,ITG1,RESPOP_AV,F,Y_GE15,TOTAL,ALL,5,ALL,ALL,2022,197270.125465409,,,,,,,,ALL_N1,,,,,,,
IT1:DF_DCSS_ISTR_LAV_PEN_2_TV_3(1.0),A,ITG1,RESPOP_AV,F,Y_GE15,TOTAL,ALL,5,ALL,ALL,2023,194500.60837516855,,,,,,,,ALL_N1,,,,,,,
IT1:DF_DCSS_ISTR_LAV_PEN_2_TV_3(1.0),A,ITG1,RESPOP_AV,F,Y_GE15,TOTAL,ALL,5,ALL,ALL,2024,193792.18472471353,,,,,,,,ALL_N1,,,,,,,
IT1:DF_DCSS_ISTR_LAV_PEN_2_TV_3(1.0),A,ITG1,RESPOP_AV,F,Y_GE15,TOTAL,ALL,7,ALL,ALL,2018,175352,,,,,,,,ALL_N1,,,,,,,
IT1:DF_DCSS_ISTR_LAV_PEN_2_TV_3(1.0),A,ITG1,RESPOP_AV,F,Y_GE15,TOTAL,ALL,7,ALL,ALL,2019,163397,,,,,,,,ALL_N1,,,,,,,
IT1:DF_DCSS_ISTR_LAV_PEN_2_TV_3(1.0),A,ITG1,RESPOP_AV,F,Y_GE15,TOTAL,ALL,7,ALL,ALL,2021,174593.617275053,,,,,,,,ALL_N1,,,,,,,
IT1:DF_DCSS_ISTR_LAV_PEN_2_TV_3(1.0),A,ITG1,RESPOP_AV,F,Y_GE15,TOTAL,ALL,7,ALL,ALL,2022,179293.140605099,,,,,,,,ALL_N1,,,,,,,
IT1:DF_DCSS_ISTR_LAV_PEN_2_TV_3(1.0),A,ITG1,RESPOP_AV,F,Y_GE15,TOTAL,ALL,7,ALL,ALL,2023,182219.11349023267,,,,,,,,ALL_N1,,,,,,,
IT1:DF_DCSS_ISTR_LAV_PEN_2_TV_3(1.0),A,ITG1,RESPOP_AV,F,Y_GE15,TOTAL,ALL,7,ALL,ALL,2024,178619.67260652356,,,,,,,,ALL_N1,,,,,,,
IT1:DF_DCSS_ISTR_LAV_PEN_2_TV_3(1.0),A,ITG1,RESPOP_AV,F,Y_GE15,TOTAL,ALL,99,ALL,ALL,2018,2191805,,,,,,,,ALL_N1,99_N1,,,,,,
IT1:DF_DCSS_ISTR_LAV_PEN_2_TV_3(1.0),A,ITG1,RESPOP_AV,F,Y_GE15,TOTAL,ALL,99,ALL,ALL,2019,2182151,,,,,,,,ALL_N1,99_N1,,,,,,
IT1:DF_DCSS_ISTR_LAV_PEN_2_TV_3(1.0),A,ITG1,RESPOP_AV,F,Y_GE15,TOTAL,ALL,99,ALL,ALL,2021,2162686,,,,,,,,ALL_N1,99_N1,,,,,,
IT1:DF_DCSS_ISTR_LAV_PEN_2_TV_3(1.0),A,ITG1,RESPOP_AV,F,Y_GE15,TOTAL,ALL,99,ALL,ALL,2022,2157310,,,,,,,,ALL_N1,99_N1,,,,,,
IT1:DF_DCSS_ISTR_LAV_PEN_2_TV_3(1.0),A,ITG1,RESPOP_AV,F,Y_GE15,TOTAL,ALL,99,ALL,ALL,2023,2152345,,,,,,,,ALL_N1,99_N1,,,,,,
IT1:DF_DCSS_ISTR_LAV_PEN_2_TV_3(1.0),A,ITG1,RESPOP_AV,F,Y_GE15,TOTAL,ALL,99,ALL,ALL,2024,2151696,,,,,,,,ALL_N1,99_N1,,,,,,
IT1:DF_DCSS_ISTR_LAV_PEN_2_TV_3(1.0),A,ITG1,RESPOP_AV,F,Y_GE65,TOTAL,ALL,1,ALL,ALL,2018,19928,,,,,,,,ALL_N1,,,,,,,
IT1:DF_DCSS_ISTR_LAV_PEN_2_TV_3(1.0),A,ITG1,RESPOP_AV,F,Y_GE65,TOTAL,ALL,1,ALL,ALL,2019,24400,,,,,,,,ALL_N1,,,,,,,
IT1:DF_DCSS_ISTR_LAV_PEN_2_TV_3(1.0),A,ITG1,RESPOP_AV,F,Y_GE65,TOTAL,ALL,1,ALL,ALL,2021,19859,,,,,,,,ALL_N1,,,,,,,
IT1:DF_DCSS_ISTR_LAV_PEN_2_TV_3(1.0),A,ITG1,RESPOP_AV,F,Y_GE65,TOTAL,ALL,1,ALL,ALL,2022,23190,,,,,,,,ALL_N1,,,,,,,
IT1:DF_DCSS_ISTR_LAV_PEN_2_TV_3(1.0),A,ITG1,RESPOP_AV,F,Y_GE65,TOTAL,ALL,1,ALL,ALL,2023,22116,,,,,,,,ALL_N1,,,,,,,
IT1:DF_DCSS_ISTR_LAV_PEN_2_TV_3(1.0),A,ITG1,RESPOP_AV,F,Y_GE65,TOTAL,ALL,1,ALL,ALL,2024,24026,,,,,,,,ALL_N1,,,,,,,
IT1:DF_DCSS_ISTR_LAV_PEN_2_TV_3(1.0),A,ITG1,RESPOP_AV,F,Y_GE65,TOTAL,ALL,12,ALL,ALL,2018,3078,,,,,,,,ALL_N1,,,,,,,
IT1:DF_DCSS_ISTR_LAV_PEN_2_TV_3(1.0),A,ITG1,RESPOP_AV,F,Y_GE65,TOTAL,ALL,12,ALL,ALL,2019,3100,,,,,,,,ALL_N1,,,,,,,
IT1:DF_DCSS_ISTR_LAV_PEN_2_TV_3(1.0),A,ITG1,RESPOP_AV,F,Y_GE65,TOTAL,ALL,12,ALL,ALL,2021,1892.91252369504,,,,,,,,ALL_N1,,,,,,,
IT1:DF_DCSS_ISTR_LAV_PEN_2_TV_3(1.0),A,ITG1,RESPOP_AV,F,Y_GE65,TOTAL,ALL,12,ALL,ALL,2022,1223.97845259228,,,,,,,,ALL_N1,,,,,,,
IT1:DF_DCSS_ISTR_LAV_PEN_2_TV_3(1.0),A,ITG1,RESPOP_AV,F,Y_GE65,TOTAL,ALL,12,ALL,ALL,2023,1544.1034973914914,,,,,,,,ALL_N1,,,,,,,
IT1:DF_DCSS_ISTR_LAV_PEN_2_TV_3(1.0),A,ITG1,RESPOP_AV,F,Y_GE65,TOTAL,ALL,12,ALL,ALL,2024,1326.8008679356724,,,,,,,,ALL_N1,,,,,,,
IT1:DF_DCSS_ISTR_LAV_PEN_2_TV_3(1.0),A,ITG1,RESPOP_AV,F,Y_GE65,TOTAL,ALL,22,ALL,ALL,2018,23006,,,,,,,,ALL_N1,,,,,,,
IT1:DF_DCSS_ISTR_LAV_PEN_2_TV_3(1.0),A,ITG1,RESPOP_AV,F,Y_GE65,TOTAL,ALL,22,ALL,ALL,2019,27500,,,,,,,,ALL_N1,,,,,,,
IT1:DF_DCSS_ISTR_LAV_PEN_2_TV_3(1.0),A,ITG1,RESPOP_AV,F,Y_GE65,TOTAL,ALL,22,ALL,ALL,2021,21751.912523695,,,,,,,,ALL_N1,,,,,,,
IT1:DF_DCSS_ISTR_LAV_PEN_2_TV_3(1.0),A,ITG1,RESPOP_AV,F,Y_GE65,TOTAL,ALL,22,ALL,ALL,2022,24413.9784525923,,,,,,,,ALL_N1,,,,,,,
IT1:DF_DCSS_ISTR_LAV_PEN_2_TV_3(1.0),A,ITG1,RESPOP_AV,F,Y_GE65,TOTAL,ALL,22,ALL,ALL,2023,23660.10349739149,,,,,,,,ALL_N1,,,,,,,
IT1:DF_DCSS_ISTR_LAV_PEN_2_TV_3(1.0),A,ITG1,RESPOP_AV,F,Y_GE65,TOTAL,ALL,22,ALL,ALL,2024,25352.80086793567,,,,,,,,ALL_N1,,,,,,,
IT1:DF_DCSS_ISTR_LAV_PEN_2_TV_3(1.0),A,ITG1,RESPOP_AV,F,Y_GE65,TOTAL,ALL,23,ALL,ALL,2018,561893,,,,,,,,ALL_N1,,,,,,,
IT1:DF_DCSS_ISTR_LAV_PEN_2_TV_3(1.0),A,ITG1,RESPOP_AV,F,Y_GE65,TOTAL,ALL,23,ALL,ALL,2019,565150,,,,,,,,ALL_N1,,,,,,,
IT1:DF_DCSS_ISTR_LAV_PEN_2_TV_3(1.0),A,ITG1,RESPOP_AV,F,Y_GE65,TOTAL,ALL,23,ALL,ALL,2021,587585.087476305,,,,,,,,ALL_N1,,,,,,,
IT1:DF_DCSS_ISTR_LAV_PEN_2_TV_3(1.0),A,ITG1,RESPOP_AV,F,Y_GE65,TOTAL,ALL,23,ALL,ALL,2022,589622.021547408,,,,,,,,ALL_N1,,,,,,,
IT1:DF_DCSS_ISTR_LAV_PEN_2_TV_3(1.0),A,ITG1,RESPOP_AV,F,Y_GE65,TOTAL,ALL,23,ALL,ALL,2023,597017.8965026085,,,,,,,,ALL_N1,,,,,,,
IT1:DF_DCSS_ISTR_LAV_PEN_2_TV_3(1.0),A,ITG1,RESPOP_AV,F,Y_GE65,TOTAL,ALL,23,ALL,ALL,2024,604972.1991320644,,,,,,,,ALL_N1,,,,,,,
IT1:DF_DCSS_ISTR_LAV_PEN_2_TV_3(1.0),A,ITG1,RESPOP_AV,F,Y_GE65,TOTAL,ALL,24,ALL,ALL,2018,337755,,,,,,,,ALL_N1,,,,,,,
IT1:DF_DCSS_ISTR_LAV_PEN_2_TV_3(1.0),A,ITG1,RESPOP_AV,F,Y_GE65,TOTAL,ALL,24,ALL,ALL,2019,332404,,,,,,,,ALL_N1,,,,,,,
IT1:DF_DCSS_ISTR_LAV_PEN_2_TV_3(1.0),A,ITG1,RESPOP_AV,F,Y_GE65,TOTAL,ALL,24,ALL,ALL,2021,351117.870782747,,,,,,,,ALL_N1,,,,,,,
IT1:DF_DCSS_ISTR_LAV_PEN_2_TV_3(1.0),A,ITG1,RESPOP_AV,F,Y_GE65,TOTAL,ALL,24,ALL,ALL,2022,341804.339649115,,,,,,,,ALL_N1,,,,,,,
IT1:DF_DCSS_ISTR_LAV_PEN_2_TV_3(1.0),A,ITG1,RESPOP_AV,F,Y_GE65,TOTAL,ALL,24,ALL,ALL,2023,334443.2252687772,,,,,,,,ALL_N1,,,,,,,
IT1:DF_DCSS_ISTR_LAV_PEN_2_TV_3(1.0),A,ITG1,RESPOP_AV,F,Y_GE65,TOTAL,ALL,24,ALL,ALL,2024,344230.35425361496,,,,,,,,ALL_N1,,,,,,,
IT1:DF_DCSS_ISTR_LAV_PEN_2_TV_3(1.0),A,ITG1,RESPOP_AV,F,Y_GE65,TOTAL,ALL,4,ALL,ALL,2018,148133,,,,,,,,ALL_N1,,,,,,,
IT1:DF_DCSS_ISTR_LAV_PEN_2_TV_3(1.0),A,ITG1,RESPOP_AV,F,Y_GE65,TOTAL,ALL,4,ALL,ALL,2019,158028,,,,,,,,ALL_N1,,,,,,,
IT1:DF_DCSS_ISTR_LAV_PEN_2_TV_3(1.0),A,ITG1,RESPOP_AV,F,Y_GE65,TOTAL,ALL,4,ALL,ALL,2021,164344.273909734,,,,,,,,ALL_N1,,,,,,,
IT1:DF_DCSS_ISTR_LAV_PEN_2_TV_3(1.0),A,ITG1,RESPOP_AV,F,Y_GE65,TOTAL,ALL,4,ALL,ALL,2022,171741.412328842,,,,,,,,ALL_N1,,,,,,,
IT1:DF_DCSS_ISTR_LAV_PEN_2_TV_3(1.0),A,ITG1,RESPOP_AV,F,Y_GE65,TOTAL,ALL,4,ALL,ALL,2023,178100.54415130414,,,,,,,,ALL_N1,,,,,,,
IT1:DF_DCSS_ISTR_LAV_PEN_2_TV_3(1.0),A,ITG1,RESPOP_AV,F,Y_GE65,TOTAL,ALL,4,ALL,ALL,2024,181099.94880499024,,,,,,,,ALL_N1,,,,,,,
IT1:DF_DCSS_ISTR_LAV_PEN_2_TV_3(1.0),A,ITG1,RESPOP_AV,F,Y_GE65,TOTAL,ALL,5,ALL,ALL,2018,31,,,,,,,,ALL_N1,,,,,,,
IT1:DF_DCSS_ISTR_LAV_PEN_2_TV_3(1.0),A,ITG1,RESPOP_AV,F,Y_GE65,TOTAL,ALL,5,ALL,ALL,2019,31,,,,,,,,ALL_N1,,,,,,,
IT1:DF_DCSS_ISTR_LAV_PEN_2_TV_3(1.0),A,ITG1,RESPOP_AV,F,Y_GE65,TOTAL,ALL,5,ALL,ALL,2021,0.00878872461728882,,,,,,,,ALL_N1,,,,,,,
IT1:DF_DCSS_ISTR_LAV_PEN_2_TV_3(1.0),A,ITG1,RESPOP_AV,F,Y_GE65,TOTAL,ALL,5,ALL,ALL,2022,144.73081782228,,,,,,,,ALL_N1,,,,,,,
IT1:DF_DCSS_ISTR_LAV_PEN_2_TV_3(1.0),A,ITG1,RESPOP_AV,F,Y_GE65,TOTAL,ALL,5,ALL,ALL,2023,248.8738802100998,,,,,,,,ALL_N1,,,,,,,
IT1:DF_DCSS_ISTR_LAV_PEN_2_TV_3(1.0),A,ITG1,RESPOP_AV,F,Y_GE65,TOTAL,ALL,5,ALL,ALL,2024,95.36897842409748,,,,,,,,ALL_N1,,,,,,,
IT1:DF_DCSS_ISTR_LAV_PEN_2_TV_3(1.0),A,ITG1,RESPOP_AV,F,Y_GE65,TOTAL,ALL,7,ALL,ALL,2018,75974,,,,,,,,ALL_N1,,,,,,,
IT1:DF_DCSS_ISTR_LAV_PEN_2_TV_3(1.0),A,ITG1,RESPOP_AV,F,Y_GE65,TOTAL,ALL,7,ALL,ALL,2019,74687,,,,,,,,ALL_N1,,,,,,,
IT1:DF_DCSS_ISTR_LAV_PEN_2_TV_3(1.0),A,ITG1,RESPOP_AV,F,Y_GE65,TOTAL,ALL,7,ALL,ALL,2021,72122.9339950991,,,,,,,,ALL_N1,,,,,,,
IT1:DF_DCSS_ISTR_LAV_PEN_2_TV_3(1.0),A,ITG1,RESPOP_AV,F,Y_GE65,TOTAL,ALL,7,ALL,ALL,2022,75931.538751628,,,,,,,,ALL_N1,,,,,,,
IT1:DF_DCSS_ISTR_LAV_PEN_2_TV_3(1.0),A,ITG1,RESPOP_AV,F,Y_GE65,TOTAL,ALL,7,ALL,ALL,2023,84225.2532023171,,,,,,,,ALL_N1,,,,,,,
IT1:DF_DCSS_ISTR_LAV_PEN_2_TV_3(1.0),A,ITG1,RESPOP_AV,F,Y_GE65,TOTAL,ALL,7,ALL,ALL,2024,79546.52709503505,,,,,,,,ALL_N1,,,,,,,
IT1:DF_DCSS_ISTR_LAV_PEN_2_TV_3(1.0),A,ITG1,RESPOP_AV,F,Y_GE65,TOTAL,ALL,99,ALL,ALL,2018,584899,,,,,,,,ALL_N1,99_N1,,,,,,
IT1:DF_DCSS_ISTR_LAV_PEN_2_TV_3(1.0),A,ITG1,RESPOP_AV,F,Y_GE65,TOTAL,ALL,99,ALL,ALL,2019,592650,,,,,,,,ALL_N1,99_N1,,,,,,
IT1:DF_DCSS_ISTR_LAV_PEN_2_TV_3(1.0),A,ITG1,RESPOP_AV,F,Y_GE65,TOTAL,ALL,99,ALL,ALL,2020,604940,,,,,,,,ALL_N1,99_N1,,,,,,
IT1:DF_DCSS_ISTR_LAV_PEN_2_TV_3(1.0),A,ITG1,RESPOP_AV,F,Y_GE65,TOTAL,ALL,99,ALL,ALL,2021,609337,,,,,,,,ALL_N1,99_N1,,,,,,
IT1:DF_DCSS_ISTR_LAV_PEN_2_TV_3(1.0),A,ITG1,RESPOP_AV,F,Y_GE65,TOTAL,ALL,99,ALL,ALL,2022,614036,,,,,,,,ALL_N1,99_N1,,,,,,
IT1:DF_DCSS_ISTR_LAV_PEN_2_TV_3(1.0),A,ITG1,RESPOP_AV,F,Y_GE65,TOTAL,ALL,99,ALL,ALL,2023,620678,,,,,,,,ALL_N1,99_N1,,,,,,
IT1:DF_DCSS_ISTR_LAV_PEN_2_TV_3(1.0),A,ITG1,RESPOP_AV,F,Y_GE65,TOTAL,ALL,99,ALL,ALL,2024,630325,,,,,,,,ALL_N1,99_N1,,,,,,
IT1:DF_DCSS_ISTR_LAV_PEN_2_TV_3(1.0),A,ITG1,RESPOP_AV,F,Y15-24,TOTAL,ALL,1,ALL,ALL,2018,19411,,,,,,,,ALL_N1,,,,,,,
IT1:DF_DCSS_ISTR_LAV_PEN_2_TV_3(1.0),A,ITG1,RESPOP_AV,F,Y15-24,TOTAL,ALL,1,ALL,ALL,2019,20244,,,,,,,,ALL_N1,,,,,,,
IT1:DF_DCSS_ISTR_LAV_PEN_2_TV_3(1.0),A,ITG1,RESPOP_AV,F,Y15-24,TOTAL,ALL,1,ALL,ALL,2021,20693,,,,,,,,ALL_N1,,,,,,,
IT1:DF_DCSS_ISTR_LAV_PEN_2_TV_3(1.0),A,ITG1,RESPOP_AV,F,Y15-24,TOTAL,ALL,1,ALL,ALL,2022,22947,,,,,,,,ALL_N1,,,,,,,
IT1:DF_DCSS_ISTR_LAV_PEN_2_TV_3(1.0),A,ITG1,RESPOP_AV,F,Y15-24,TOTAL,ALL,1,ALL,ALL,2023,24320,,,,,,,,ALL_N1,,,,,,,
IT1:DF_DCSS_ISTR_LAV_PEN_2_TV_3(1.0),A,ITG1,RESPOP_AV,F,Y15-24,TOTAL,ALL,1,ALL,ALL,2024,25326,,,,,,,,ALL_N1,,,,,,,
IT1:DF_DCSS_ISTR_LAV_PEN_2_TV_3(1.0),A,ITG1,RESPOP_AV,F,Y15-24,TOTAL,ALL,12,ALL,ALL,2018,41101,,,,,,,,ALL_N1,,,,,,,
IT1:DF_DCSS_ISTR_LAV_PEN_2_TV_3(1.0),A,ITG1,RESPOP_AV,F,Y15-24,TOTAL,ALL,12,ALL,ALL,2019,39001,,,,,,,,ALL_N1,,,,,,,
IT1:DF_DCSS_ISTR_LAV_PEN_2_TV_3(1.0),A,ITG1,RESPOP_AV,F,Y15-24,TOTAL,ALL,12,ALL,ALL,2021,19429.6155443857,,,,,,,,ALL_N1,,,,,,,
IT1:DF_DCSS_ISTR_LAV_PEN_2_TV_3(1.0),A,ITG1,RESPOP_AV,F,Y15-24,TOTAL,ALL,12,ALL,ALL,2022,20373.0672728882,,,,,,,,ALL_N1,,,,,,,
IT1:DF_DCSS_ISTR_LAV_PEN_2_TV_3(1.0),A,ITG1,RESPOP_AV,F,Y15-24,TOTAL,ALL,12,ALL,ALL,2023,19382.838027212394,,,,,,,,ALL_N1,,,,,,,
IT1:DF_DCSS_ISTR_LAV_PEN_2_TV_3(1.0),A,ITG1,RESPOP_AV,F,Y15-24,TOTAL,ALL,12,ALL,ALL,2024,16054.315310204576,,,,,,,,ALL_N1,,,,,,,
IT1:DF_DCSS_ISTR_LAV_PEN_2_TV_3(1.0),A,ITG1,RESPOP_AV,F,Y15-24,TOTAL,ALL,22,ALL,ALL,2018,60512,,,,,,,,ALL_N1,,,,,,,
IT1:DF_DCSS_ISTR_LAV_PEN_2_TV_3(1.0),A,ITG1,RESPOP_AV,F,Y15-24,TOTAL,ALL,22,ALL,ALL,2019,59245,,,,,,,,ALL_N1,,,,,,,
IT1:DF_DCSS_ISTR_LAV_PEN_2_TV_3(1.0),A,ITG1,RESPOP_AV,F,Y15-24,TOTAL,ALL,22,ALL,ALL,2021,40122.6155443857,,,,,,,,ALL_N1,,,,,,,
IT1:DF_DCSS_ISTR_LAV_PEN_2_TV_3(1.0),A,ITG1,RESPOP_AV,F,Y15-24,TOTAL,ALL,22,ALL,ALL,2022,43320.0672728882,,,,,,,,ALL_N1,,,,,,,
IT1:DF_DCSS_ISTR_LAV_PEN_2_TV_3(1.0),A,ITG1,RESPOP_AV,F,Y15-24,TOTAL,ALL,22,ALL,ALL,2023,43702.8380272124,,,,,,,,ALL_N1,,,,,,,
IT1:DF_DCSS_ISTR_LAV_PEN_2_TV_3(1.0),A,ITG1,RESPOP_AV,F,Y15-24,TOTAL,ALL,22,ALL,ALL,2024,41380.315310204576,,,,,,,,ALL_N1,,,,,,,
IT1:DF_DCSS_ISTR_LAV_PEN_2_TV_3(1.0),A,ITG1,RESPOP_AV,F,Y15-24,TOTAL,ALL,23,ALL,ALL,2018,197711,,,,,,,,ALL_N1,,,,,,,
IT1:DF_DCSS_ISTR_LAV_PEN_2_TV_3(1.0),A,ITG1,RESPOP_AV,F,Y15-24,TOTAL,ALL,23,ALL,ALL,2019,195062,,,,,,,,ALL_N1,,,,,,,
IT1:DF_DCSS_ISTR_LAV_PEN_2_TV_3(1.0),A,ITG1,RESPOP_AV,F,Y15-24,TOTAL,ALL,23,ALL,ALL,2021,205744.384455614,,,,,,,,ALL_N1,,,,,,,
IT1:DF_DCSS_ISTR_LAV_PEN_2_TV_3(1.0),A,ITG1,RESPOP_AV,F,Y15-24,TOTAL,ALL,23,ALL,ALL,2022,202326.932727112,,,,,,,,ALL_N1,,,,,,,
IT1:DF_DCSS_ISTR_LAV_PEN_2_TV_3(1.0),A,ITG1,RESPOP_AV,F,Y15-24,TOTAL,ALL,23,ALL,ALL,2023,200974.16197278758,,,,,,,,ALL_N1,,,,,,,
IT1:DF_DCSS_ISTR_LAV_PEN_2_TV_3(1.0),A,ITG1,RESPOP_AV,F,Y15-24,TOTAL,ALL,23,ALL,ALL,2024,201911.68468979542,,,,,,,,ALL_N1,,,,,,,
IT1:DF_DCSS_ISTR_LAV_PEN_2_TV_3(1.0),A,ITG1,RESPOP_AV,F,Y15-24,TOTAL,ALL,24,ALL,ALL,2018,226,,,,,,,,ALL_N1,,,,,,,
IT1:DF_DCSS_ISTR_LAV_PEN_2_TV_3(1.0),A,ITG1,RESPOP_AV,F,Y15-24,TOTAL,ALL,24,ALL,ALL,2019,269,,,,,,,,ALL_N1,,,,,,,
IT1:DF_DCSS_ISTR_LAV_PEN_2_TV_3(1.0),A,ITG1,RESPOP_AV,F,Y15-24,TOTAL,ALL,24,ALL,ALL,2021,190.753999118359,,,,,,,,ALL_N1,,,,,,,
IT1:DF_DCSS_ISTR_LAV_PEN_2_TV_3(1.0),A,ITG1,RESPOP_AV,F,Y15-24,TOTAL,ALL,24,ALL,ALL,2022,242.985183030611,,,,,,,,ALL_N1,,,,,,,
IT1:DF_DCSS_ISTR_LAV_PEN_2_TV_3(1.0),A,ITG1,RESPOP_AV,F,Y15-24,TOTAL,ALL,24,ALL,ALL,2023,169.57052551867304,,,,,,,,ALL_N1,,,,,,,
IT1:DF_DCSS_ISTR_LAV_PEN_2_TV_3(1.0),A,ITG1,RESPOP_AV,F,Y15-24,TOTAL,ALL,24,ALL,ALL,2024,254.99864157383158,,,,,,,,ALL_N1,,,,,,,
IT1:DF_DCSS_ISTR_LAV_PEN_2_TV_3(1.0),A,ITG1,RESPOP_AV,F,Y15-24,TOTAL,ALL,4,ALL,ALL,2018,25680,,,,,,,,ALL_N1,,,,,,,
IT1:DF_DCSS_ISTR_LAV_PEN_2_TV_3(1.0),A,ITG1,RESPOP_AV,F,Y15-24,TOTAL,ALL,4,ALL,ALL,2019,23165,,,,,,,,ALL_N1,,,,,,,
IT1:DF_DCSS_ISTR_LAV_PEN_2_TV_3(1.0),A,ITG1,RESPOP_AV,F,Y15-24,TOTAL,ALL,4,ALL,ALL,2021,29609.1104481034,,,,,,,,ALL_N1,,,,,,,
IT1:DF_DCSS_ISTR_LAV_PEN_2_TV_3(1.0),A,ITG1,RESPOP_AV,F,Y15-24,TOTAL,ALL,4,ALL,ALL,2022,24611.9397483521,,,,,,,,ALL_N1,,,,,,,
IT1:DF_DCSS_ISTR_LAV_PEN_2_TV_3(1.0),A,ITG1,RESPOP_AV,F,Y15-24,TOTAL,ALL,4,ALL,ALL,2023,24323.959048572815,,,,,,,,ALL_N1,,,,,,,
IT1:DF_DCSS_ISTR_LAV_PEN_2_TV_3(1.0),A,ITG1,RESPOP_AV,F,Y15-24,TOTAL,ALL,4,ALL,ALL,2024,24486.647875257037,,,,,,,,ALL_N1,,,,,,,
IT1:DF_DCSS_ISTR_LAV_PEN_2_TV_3(1.0),A,ITG1,RESPOP_AV,F,Y15-24,TOTAL,ALL,5,ALL,ALL,2018,155078,,,,,,,,ALL_N1,,,,,,,
IT1:DF_DCSS_ISTR_LAV_PEN_2_TV_3(1.0),A,ITG1,RESPOP_AV,F,Y15-24,TOTAL,ALL,5,ALL,ALL,2019,160253,,,,,,,,ALL_N1,,,,,,,
IT1:DF_DCSS_ISTR_LAV_PEN_2_TV_3(1.0),A,ITG1,RESPOP_AV,F,Y15-24,TOTAL,ALL,5,ALL,ALL,2021,162345.922451943,,,,,,,,ALL_N1,,,,,,,
IT1:DF_DCSS_ISTR_LAV_PEN_2_TV_3(1.0),A,ITG1,RESPOP_AV,F,Y15-24,TOTAL,ALL,5,ALL,ALL,2022,164837.910101436,,,,,,,,ALL_N1,,,,,,,
IT1:DF_DCSS_ISTR_LAV_PEN_2_TV_3(1.0),A,ITG1,RESPOP_AV,F,Y15-24,TOTAL,ALL,5,ALL,ALL,2023,165432.7377686422,,,,,,,,ALL_N1,,,,,,,
IT1:DF_DCSS_ISTR_LAV_PEN_2_TV_3(1.0),A,ITG1,RESPOP_AV,F,Y15-24,TOTAL,ALL,5,ALL,ALL,2024,164862.22935420214,,,,,,,,ALL_N1,,,,,,,
IT1:DF_DCSS_ISTR_LAV_PEN_2_TV_3(1.0),A,ITG1,RESPOP_AV,F,Y15-24,TOTAL,ALL,7,ALL,ALL,2018,16727,,,,,,,,ALL_N1,,,,,,,
IT1:DF_DCSS_ISTR_LAV_PEN_2_TV_3(1.0),A,ITG1,RESPOP_AV,F,Y15-24,TOTAL,ALL,7,ALL,ALL,2019,11375,,,,,,,,ALL_N1,,,,,,,
IT1:DF_DCSS_ISTR_LAV_PEN_2_TV_3(1.0),A,ITG1,RESPOP_AV,F,Y15-24,TOTAL,ALL,7,ALL,ALL,2021,13598.5975564494,,,,,,,,ALL_N1,,,,,,,
IT1:DF_DCSS_ISTR_LAV_PEN_2_TV_3(1.0),A,ITG1,RESPOP_AV,F,Y15-24,TOTAL,ALL,7,ALL,ALL,2022,12634.0976942931,,,,,,,,ALL_N1,,,,,,,
IT1:DF_DCSS_ISTR_LAV_PEN_2_TV_3(1.0),A,ITG1,RESPOP_AV,F,Y15-24,TOTAL,ALL,7,ALL,ALL,2023,11047.894630053906,,,,,,,,ALL_N1,,,,,,,
IT1:DF_DCSS_ISTR_LAV_PEN_2_TV_3(1.0),A,ITG1,RESPOP_AV,F,Y15-24,TOTAL,ALL,7,ALL,ALL,2024,12307.808818762422,,,,,,,,ALL_N1,,,,,,,
IT1:DF_DCSS_ISTR_LAV_PEN_2_TV_3(1.0),A,ITG1,RESPOP_AV,F,Y15-24,TOTAL,ALL,99,ALL,ALL,2018,258223,,,,,,,,ALL_N1,99_N1,,,,,,
IT1:DF_DCSS_ISTR_LAV_PEN_2_TV_3(1.0),A,ITG1,RESPOP_AV,F,Y15-24,TOTAL,ALL,99,ALL,ALL,2019,254307,,,,,,,,ALL_N1,99_N1,,,,,,
IT1:DF_DCSS_ISTR_LAV_PEN_2_TV_3(1.0),A,ITG1,RESPOP_AV,F,Y15-24,TOTAL,ALL,99,ALL,ALL,2021,245867,,,,,,,,ALL_N1,99_N1,,,,,,
IT1:DF_DCSS_ISTR_LAV_PEN_2_TV_3(1.0),A,ITG1,RESPOP_AV,F,Y15-24,TOTAL,ALL,99,ALL,ALL,2022,245647,,,,,,,,ALL_N1,99_N1,,,,,,
IT1:DF_DCSS_ISTR_LAV_PEN_2_TV_3(1.0),A,ITG1,RESPOP_AV,F,Y15-24,TOTAL,ALL,99,ALL,ALL,2023,244677,,,,,,,,ALL_N1,99_N1,,,,,,
IT1:DF_DCSS_ISTR_LAV_PEN_2_TV_3(1.0),A,ITG1,RESPOP_AV,F,Y15-24,TOTAL,ALL,99,ALL,ALL,2024,243292,,,,,,,,ALL_N1,99_N1,,,,,,
IT1:DF_DCSS_ISTR_LAV_PEN_2_TV_3(1.0),A,ITG1,RESPOP_AV,F,Y25-49,TOTAL,ALL,1,ALL,ALL,2018,307427,,,,,,,,ALL_N1,,,,,,,
IT1:DF_DCSS_ISTR_LAV_PEN_2_TV_3(1.0),A,ITG1,RESPOP_AV,F,Y25-49,TOTAL,ALL,1,ALL,ALL,2019,306461,,,,,,,,ALL_N1,,,,,,,
IT1:DF_DCSS_ISTR_LAV_PEN_2_TV_3(1.0),A,ITG1,RESPOP_AV,F,Y25-49,TOTAL,ALL,1,ALL,ALL,2021,317820,,,,,,,,ALL_N1,,,,,,,
IT1:DF_DCSS_ISTR_LAV_PEN_2_TV_3(1.0),A,ITG1,RESPOP_AV,F,Y25-49,TOTAL,ALL,1,ALL,ALL,2022,321443,,,,,,,,ALL_N1,,,,,,,
IT1:DF_DCSS_ISTR_LAV_PEN_2_TV_3(1.0),A,ITG1,RESPOP_AV,F,Y25-49,TOTAL,ALL,1,ALL,ALL,2023,333708,,,,,,,,ALL_N1,,,,,,,
IT1:DF_DCSS_ISTR_LAV_PEN_2_TV_3(1.0),A,ITG1,RESPOP_AV,F,Y25-49,TOTAL,ALL,1,ALL,ALL,2024,340079,,,,,,,,ALL_N1,,,,,,,
IT1:DF_DCSS_ISTR_LAV_PEN_2_TV_3(1.0),A,ITG1,RESPOP_AV,F,Y25-49,TOTAL,ALL,12,ALL,ALL,2018,149679,,,,,,,,ALL_N1,,,,,,,
IT1:DF_DCSS_ISTR_LAV_PEN_2_TV_3(1.0),A,ITG1,RESPOP_AV,F,Y25-49,TOTAL,ALL,12,ALL,ALL,2019,145295,,,,,,,,ALL_N1,,,,,,,
IT1:DF_DCSS_ISTR_LAV_PEN_2_TV_3(1.0),A,ITG1,RESPOP_AV,F,Y25-49,TOTAL,ALL,12,ALL,ALL,2021,72464.4231953459,,,,,,,,ALL_N1,,,,,,,
IT1:DF_DCSS_ISTR_LAV_PEN_2_TV_3(1.0),A,ITG1,RESPOP_AV,F,Y25-49,TOTAL,ALL,12,ALL,ALL,2022,76753.3984978098,,,,,,,,ALL_N1,,,,,,,
IT1:DF_DCSS_ISTR_LAV_PEN_2_TV_3(1.0),A,ITG1,RESPOP_AV,F,Y25-49,TOTAL,ALL,12,ALL,ALL,2023,69758.17801647878,,,,,,,,ALL_N1,,,,,,,
IT1:DF_DCSS_ISTR_LAV_PEN_2_TV_3(1.0),A,ITG1,RESPOP_AV,F,Y25-49,TOTAL,ALL,12,ALL,ALL,2024,58925.58812169803,,,,,,,,ALL_N1,,,,,,,
IT1:DF_DCSS_ISTR_LAV_PEN_2_TV_3(1.0),A,ITG1,RESPOP_AV,F,Y25-49,TOTAL,ALL,22,ALL,ALL,2018,457106,,,,,,,,ALL_N1,,,,,,,
IT1:DF_DCSS_ISTR_LAV_PEN_2_TV_3(1.0),A,ITG1,RESPOP_AV,F,Y25-49,TOTAL,ALL,22,ALL,ALL,2019,451756,,,,,,,,ALL_N1,,,,,,,
IT1:DF_DCSS_ISTR_LAV_PEN_2_TV_3(1.0),A,ITG1,RESPOP_AV,F,Y25-49,TOTAL,ALL,22,ALL,ALL,2021,390284.423195346,,,,,,,,ALL_N1,,,,,,,
IT1:DF_DCSS_ISTR_LAV_PEN_2_TV_3(1.0),A,ITG1,RESPOP_AV,F,Y25-49,TOTAL,ALL,22,ALL,ALL,2022,398196.39849781,,,,,,,,ALL_N1,,,,,,,
IT1:DF_DCSS_ISTR_LAV_PEN_2_TV_3(1.0),A,ITG1,RESPOP_AV,F,Y25-49,TOTAL,ALL,22,ALL,ALL,2023,403466.1780164788,,,,,,,,ALL_N1,,,,,,,
IT1:DF_DCSS_ISTR_LAV_PEN_2_TV_3(1.0),A,ITG1,RESPOP_AV,F,Y25-49,TOTAL,ALL,22,ALL,ALL,2024,399004.588121698,,,,,,,,ALL_N1,,,,,,,
IT1:DF_DCSS_ISTR_LAV_PEN_2_TV_3(1.0),A,ITG1,RESPOP_AV,F,Y25-49,TOTAL,ALL,23,ALL,ALL,2018,350879,,,,,,,,ALL_N1,,,,,,,
IT1:DF_DCSS_ISTR_LAV_PEN_2_TV_3(1.0),A,ITG1,RESPOP_AV,F,Y25-49,TOTAL,ALL,23,ALL,ALL,2019,337760,,,,,,,,ALL_N1,,,,,,,
IT1:DF_DCSS_ISTR_LAV_PEN_2_TV_3(1.0),A,ITG1,RESPOP_AV,F,Y25-49,TOTAL,ALL,23,ALL,ALL,2021,363741.576804654,,,,,,,,ALL_N1,,,,,,,
IT1:DF_DCSS_ISTR_LAV_PEN_2_TV_3(1.0),A,ITG1,RESPOP_AV,F,Y25-49,TOTAL,ALL,23,ALL,ALL,2022,342434.60150219,,,,,,,,ALL_N1,,,,,,,
IT1:DF_DCSS_ISTR_LAV_PEN_2_TV_3(1.0),A,ITG1,RESPOP_AV,F,Y25-49,TOTAL,ALL,23,ALL,ALL,2023,323305.8219835212,,,,,,,,ALL_N1,,,,,,,
IT1:DF_DCSS_ISTR_LAV_PEN_2_TV_3(1.0),A,ITG1,RESPOP_AV,F,Y25-49,TOTAL,ALL,23,ALL,ALL,2024,315130.411878302,,,,,,,,ALL_N1,,,,,,,
IT1:DF_DCSS_ISTR_LAV_PEN_2_TV_3(1.0),A,ITG1,RESPOP_AV,F,Y25-49,TOTAL,ALL,24,ALL,ALL,2018,5234,,,,,,,,ALL_N1,,,,,,,
IT1:DF_DCSS_ISTR_LAV_PEN_2_TV_3(1.0),A,ITG1,RESPOP_AV,F,Y25-49,TOTAL,ALL,24,ALL,ALL,2019,5460,,,,,,,,ALL_N1,,,,,,,
IT1:DF_DCSS_ISTR_LAV_PEN_2_TV_3(1.0),A,ITG1,RESPOP_AV,F,Y25-49,TOTAL,ALL,24,ALL,ALL,2021,4492.47171761069,,,,,,,,ALL_N1,,,,,,,
IT1:DF_DCSS_ISTR_LAV_PEN_2_TV_3(1.0),A,ITG1,RESPOP_AV,F,Y25-49,TOTAL,ALL,24,ALL,ALL,2022,4476.10072758546,,,,,,,,ALL_N1,,,,,,,
IT1:DF_DCSS_ISTR_LAV_PEN_2_TV_3(1.0),A,ITG1,RESPOP_AV,F,Y25-49,TOTAL,ALL,24,ALL,ALL,2023,3974.586633783365,,,,,,,,ALL_N1,,,,,,,
IT1:DF_DCSS_ISTR_LAV_PEN_2_TV_3(1.0),A,ITG1,RESPOP_AV,F,Y25-49,TOTAL,ALL,24,ALL,ALL,2024,4299.3430772434585,,,,,,,,ALL_N1,,,,,,,
IT1:DF_DCSS_ISTR_LAV_PEN_2_TV_3(1.0),A,ITG1,RESPOP_AV,F,Y25-49,TOTAL,ALL,4,ALL,ALL,2018,268441,,,,,,,,ALL_N1,,,,,,,
IT1:DF_DCSS_ISTR_LAV_PEN_2_TV_3(1.0),A,ITG1,RESPOP_AV,F,Y25-49,TOTAL,ALL,4,ALL,ALL,2019,257167,,,,,,,,ALL_N1,,,,,,,
IT1:DF_DCSS_ISTR_LAV_PEN_2_TV_3(1.0),A,ITG1,RESPOP_AV,F,Y25-49,TOTAL,ALL,4,ALL,ALL,2021,276581.71925231,,,,,,,,ALL_N1,,,,,,,
IT1:DF_DCSS_ISTR_LAV_PEN_2_TV_3(1.0),A,ITG1,RESPOP_AV,F,Y25-49,TOTAL,ALL,4,ALL,ALL,2022,258226.781390171,,,,,,,,ALL_N1,,,,,,,
IT1:DF_DCSS_ISTR_LAV_PEN_2_TV_3(1.0),A,ITG1,RESPOP_AV,F,Y25-49,TOTAL,ALL,4,ALL,ALL,2023,246262.33990307874,,,,,,,,ALL_N1,,,,,,,
IT1:DF_DCSS_ISTR_LAV_PEN_2_TV_3(1.0),A,ITG1,RESPOP_AV,F,Y25-49,TOTAL,ALL,4,ALL,ALL,2024,237200.1590586122,,,,,,,,ALL_N1,,,,,,,
IT1:DF_DCSS_ISTR_LAV_PEN_2_TV_3(1.0),A,ITG1,RESPOP_AV,F,Y25-49,TOTAL,ALL,5,ALL,ALL,2018,28358,,,,,,,,ALL_N1,,,,,,,
IT1:DF_DCSS_ISTR_LAV_PEN_2_TV_3(1.0),A,ITG1,RESPOP_AV,F,Y25-49,TOTAL,ALL,5,ALL,ALL,2019,30764,,,,,,,,ALL_N1,,,,,,,
IT1:DF_DCSS_ISTR_LAV_PEN_2_TV_3(1.0),A,ITG1,RESPOP_AV,F,Y25-49,TOTAL,ALL,5,ALL,ALL,2021,32410.8042187794,,,,,,,,ALL_N1,,,,,,,
IT1:DF_DCSS_ISTR_LAV_PEN_2_TV_3(1.0),A,ITG1,RESPOP_AV,F,Y25-49,TOTAL,ALL,5,ALL,ALL,2022,31257.5007770086,,,,,,,,ALL_N1,,,,,,,
IT1:DF_DCSS_ISTR_LAV_PEN_2_TV_3(1.0),A,ITG1,RESPOP_AV,F,Y25-49,TOTAL,ALL,5,ALL,ALL,2023,27822.408152573797,,,,,,,,ALL_N1,,,,,,,
IT1:DF_DCSS_ISTR_LAV_PEN_2_TV_3(1.0),A,ITG1,RESPOP_AV,F,Y25-49,TOTAL,ALL,5,ALL,ALL,2024,27630.819442642405,,,,,,,,ALL_N1,,,,,,,
IT1:DF_DCSS_ISTR_LAV_PEN_2_TV_3(1.0),A,ITG1,RESPOP_AV,F,Y25-49,TOTAL,ALL,7,ALL,ALL,2018,48846,,,,,,,,ALL_N1,,,,,,,
IT1:DF_DCSS_ISTR_LAV_PEN_2_TV_3(1.0),A,ITG1,RESPOP_AV,F,Y25-49,TOTAL,ALL,7,ALL,ALL,2019,44369,,,,,,,,ALL_N1,,,,,,,
IT1:DF_DCSS_ISTR_LAV_PEN_2_TV_3(1.0),A,ITG1,RESPOP_AV,F,Y25-49,TOTAL,ALL,7,ALL,ALL,2021,50256.5816159539,,,,,,,,ALL_N1,,,,,,,
IT1:DF_DCSS_ISTR_LAV_PEN_2_TV_3(1.0),A,ITG1,RESPOP_AV,F,Y25-49,TOTAL,ALL,7,ALL,ALL,2022,48474.2186074246,,,,,,,,ALL_N1,,,,,,,
IT1:DF_DCSS_ISTR_LAV_PEN_2_TV_3(1.0),A,ITG1,RESPOP_AV,F,Y25-49,TOTAL,ALL,7,ALL,ALL,2023,45246.48729408531,,,,,,,,ALL_N1,,,,,,,
IT1:DF_DCSS_ISTR_LAV_PEN_2_TV_3(1.0),A,ITG1,RESPOP_AV,F,Y25-49,TOTAL,ALL,7,ALL,ALL,2024,46000.09029980391,,,,,,,,ALL_N1,,,,,,,
IT1:DF_DCSS_ISTR_LAV_PEN_2_TV_3(1.0),A,ITG1,RESPOP_AV,F,Y25-49,TOTAL,ALL,99,ALL,ALL,2018,807985,,,,,,,,ALL_N1,99_N1,,,,,,
IT1:DF_DCSS_ISTR_LAV_PEN_2_TV_3(1.0),A,ITG1,RESPOP_AV,F,Y25-49,TOTAL,ALL,99,ALL,ALL,2019,789516,,,,,,,,ALL_N1,99_N1,,,,,,
IT1:DF_DCSS_ISTR_LAV_PEN_2_TV_3(1.0),A,ITG1,RESPOP_AV,F,Y25-49,TOTAL,ALL,99,ALL,ALL,2020,766619,,,,,,,,ALL_N1,99_N1,,,,,,
IT1:DF_DCSS_ISTR_LAV_PEN_2_TV_3(1.0),A,ITG1,RESPOP_AV,F,Y25-49,TOTAL,ALL,99,ALL,ALL,2021,754026,,,,,,,,ALL_N1,99_N1,,,,,,
IT1:DF_DCSS_ISTR_LAV_PEN_2_TV_3(1.0),A,ITG1,RESPOP_AV,F,Y25-49,TOTAL,ALL,99,ALL,ALL,2022,740631,,,,,,,,ALL_N1,99_N1,,,,,,
IT1:DF_DCSS_ISTR_LAV_PEN_2_TV_3(1.0),A,ITG1,RESPOP_AV,F,Y25-49,TOTAL,ALL,99,ALL,ALL,2023,726772,,,,,,,,ALL_N1,99_N1,,,,,,
IT1:DF_DCSS_ISTR_LAV_PEN_2_TV_3(1.0),A,ITG1,RESPOP_AV,F,Y25-49,TOTAL,ALL,99,ALL,ALL,2024,714135,,,,,,,,ALL_N1,99_N1,,,,,,
IT1:DF_DCSS_ISTR_LAV_PEN_2_TV_3(1.0),A,ITG1,RESPOP_AV,F,Y50-64,TOTAL,ALL,1,ALL,ALL,2018,196573,,,,,,,,ALL_N1,,,,,,,
IT1:DF_DCSS_ISTR_LAV_PEN_2_TV_3(1.0),A,ITG1,RESPOP_AV,F,Y50-64,TOTAL,ALL,1,ALL,ALL,2019,200887,,,,,,,,ALL_N1,,,,,,,
IT1:DF_DCSS_ISTR_LAV_PEN_2_TV_3(1.0),A,ITG1,RESPOP_AV,F,Y50-64,TOTAL,ALL,1,ALL,ALL,2021,211394,,,,,,,,ALL_N1,,,,,,,
IT1:DF_DCSS_ISTR_LAV_PEN_2_TV_3(1.0),A,ITG1,RESPOP_AV,F,Y50-64,TOTAL,ALL,1,ALL,ALL,2022,214185,,,,,,,,ALL_N1,,,,,,,
IT1:DF_DCSS_ISTR_LAV_PEN_2_TV_3(1.0),A,ITG1,RESPOP_AV,F,Y50-64,TOTAL,ALL,1,ALL,ALL,2023,225447,,,,,,,,ALL_N1,,,,,,,
IT1:DF_DCSS_ISTR_LAV_PEN_2_TV_3(1.0),A,ITG1,RESPOP_AV,F,Y50-64,TOTAL,ALL,1,ALL,ALL,2024,235478,,,,,,,,ALL_N1,,,,,,,
IT1:DF_DCSS_ISTR_LAV_PEN_2_TV_3(1.0),A,ITG1,RESPOP_AV,F,Y50-64,TOTAL,ALL,12,ALL,ALL,2018,49248,,,,,,,,ALL_N1,,,,,,,
IT1:DF_DCSS_ISTR_LAV_PEN_2_TV_3(1.0),A,ITG1,RESPOP_AV,F,Y50-64,TOTAL,ALL,12,ALL,ALL,2019,50386,,,,,,,,ALL_N1,,,,,,,
IT1:DF_DCSS_ISTR_LAV_PEN_2_TV_3(1.0),A,ITG1,RESPOP_AV,F,Y50-64,TOTAL,ALL,12,ALL,ALL,2021,25558.918833798,,,,,,,,ALL_N1,,,,,,,
IT1:DF_DCSS_ISTR_LAV_PEN_2_TV_3(1.0),A,ITG1,RESPOP_AV,F,Y50-64,TOTAL,ALL,12,ALL,ALL,2022,28087.3207755827,,,,,,,,ALL_N1,,,,,,,
IT1:DF_DCSS_ISTR_LAV_PEN_2_TV_3(1.0),A,ITG1,RESPOP_AV,F,Y50-64,TOTAL,ALL,12,ALL,ALL,2023,29978.405812204615,,,,,,,,ALL_N1,,,,,,,
IT1:DF_DCSS_ISTR_LAV_PEN_2_TV_3(1.0),A,ITG1,RESPOP_AV,F,Y50-64,TOTAL,ALL,12,ALL,ALL,2024,24795.607901971656,,,,,,,,ALL_N1,,,,,,,
IT1:DF_DCSS_ISTR_LAV_PEN_2_TV_3(1.0),A,ITG1,RESPOP_AV,F,Y50-64,TOTAL,ALL,22,ALL,ALL,2018,245821,,,,,,,,ALL_N1,,,,,,,
IT1:DF_DCSS_ISTR_LAV_PEN_2_TV_3(1.0),A,ITG1,RESPOP_AV,F,Y50-64,TOTAL,ALL,22,ALL,ALL,2019,251273,,,,,,,,ALL_N1,,,,,,,
IT1:DF_DCSS_ISTR_LAV_PEN_2_TV_3(1.0),A,ITG1,RESPOP_AV,F,Y50-64,TOTAL,ALL,22,ALL,ALL,2021,236952.918833798,,,,,,,,ALL_N1,,,,,,,
IT1:DF_DCSS_ISTR_LAV_PEN_2_TV_3(1.0),A,ITG1,RESPOP_AV,F,Y50-64,TOTAL,ALL,22,ALL,ALL,2022,242272.320775583,,,,,,,,ALL_N1,,,,,,,
IT1:DF_DCSS_ISTR_LAV_PEN_2_TV_3(1.0),A,ITG1,RESPOP_AV,F,Y50-64,TOTAL,ALL,22,ALL,ALL,2023,255425.4058122046,,,,,,,,ALL_N1,,,,,,,
IT1:DF_DCSS_ISTR_LAV_PEN_2_TV_3(1.0),A,ITG1,RESPOP_AV,F,Y50-64,TOTAL,ALL,22,ALL,ALL,2024,260273.60790197164,,,,,,,,ALL_N1,,,,,,,
IT1:DF_DCSS_ISTR_LAV_PEN_2_TV_3(1.0),A,ITG1,RESPOP_AV,F,Y50-64,TOTAL,ALL,23,ALL,ALL,2018,294877,,,,,,,,ALL_N1,,,,,,,
IT1:DF_DCSS_ISTR_LAV_PEN_2_TV_3(1.0),A,ITG1,RESPOP_AV,F,Y50-64,TOTAL,ALL,23,ALL,ALL,2019,294405,,,,,,,,ALL_N1,,,,,,,
IT1:DF_DCSS_ISTR_LAV_PEN_2_TV_3(1.0),A,ITG1,RESPOP_AV,F,Y50-64,TOTAL,ALL,23,ALL,ALL,2021,316503.081166202,,,,,,,,ALL_N1,,,,,,,
IT1:DF_DCSS_ISTR_LAV_PEN_2_TV_3(1.0),A,ITG1,RESPOP_AV,F,Y50-64,TOTAL,ALL,23,ALL,ALL,2022,314723.679224417,,,,,,,,ALL_N1,,,,,,,
IT1:DF_DCSS_ISTR_LAV_PEN_2_TV_3(1.0),A,ITG1,RESPOP_AV,F,Y50-64,TOTAL,ALL,23,ALL,ALL,2023,304792.59418779536,,,,,,,,ALL_N1,,,,,,,
IT1:DF_DCSS_ISTR_LAV_PEN_2_TV_3(1.0),A,ITG1,RESPOP_AV,F,Y50-64,TOTAL,ALL,23,ALL,ALL,2024,303670.39209802833,,,,,,,,ALL_N1,,,,,,,
IT1:DF_DCSS_ISTR_LAV_PEN_2_TV_3(1.0),A,ITG1,RESPOP_AV,F,Y50-64,TOTAL,ALL,24,ALL,ALL,2018,23075,,,,,,,,ALL_N1,,,,,,,
IT1:DF_DCSS_ISTR_LAV_PEN_2_TV_3(1.0),A,ITG1,RESPOP_AV,F,Y50-64,TOTAL,ALL,24,ALL,ALL,2019,22850,,,,,,,,ALL_N1,,,,,,,
IT1:DF_DCSS_ISTR_LAV_PEN_2_TV_3(1.0),A,ITG1,RESPOP_AV,F,Y50-64,TOTAL,ALL,24,ALL,ALL,2021,23593.5413613332,,,,,,,,ALL_N1,,,,,,,
IT1:DF_DCSS_ISTR_LAV_PEN_2_TV_3(1.0),A,ITG1,RESPOP_AV,F,Y50-64,TOTAL,ALL,24,ALL,ALL,2022,20530.8225982126,,,,,,,,ALL_N1,,,,,,,
IT1:DF_DCSS_ISTR_LAV_PEN_2_TV_3(1.0),A,ITG1,RESPOP_AV,F,Y50-64,TOTAL,ALL,24,ALL,ALL,2023,18086.504635292218,,,,,,,,ALL_N1,,,,,,,
IT1:DF_DCSS_ISTR_LAV_PEN_2_TV_3(1.0),A,ITG1,RESPOP_AV,F,Y50-64,TOTAL,ALL,24,ALL,ALL,2024,16313.930159548441,,,,,,,,ALL_N1,,,,,,,
IT1:DF_DCSS_ISTR_LAV_PEN_2_TV_3(1.0),A,ITG1,RESPOP_AV,F,Y50-64,TOTAL,ALL,4,ALL,ALL,2018,237655,,,,,,,,ALL_N1,,,,,,,
IT1:DF_DCSS_ISTR_LAV_PEN_2_TV_3(1.0),A,ITG1,RESPOP_AV,F,Y50-64,TOTAL,ALL,4,ALL,ALL,2019,238230,,,,,,,,ALL_N1,,,,,,,
IT1:DF_DCSS_ISTR_LAV_PEN_2_TV_3(1.0),A,ITG1,RESPOP_AV,F,Y50-64,TOTAL,ALL,4,ALL,ALL,2021,253496.535786752,,,,,,,,ALL_N1,,,,,,,
IT1:DF_DCSS_ISTR_LAV_PEN_2_TV_3(1.0),A,ITG1,RESPOP_AV,F,Y50-64,TOTAL,ALL,4,ALL,ALL,2022,250909.587305309,,,,,,,,ALL_N1,,,,,,,
IT1:DF_DCSS_ISTR_LAV_PEN_2_TV_3(1.0),A,ITG1,RESPOP_AV,F,Y50-64,TOTAL,ALL,4,ALL,ALL,2023,244010.02261498434,,,,,,,,ALL_N1,,,,,,,
IT1:DF_DCSS_ISTR_LAV_PEN_2_TV_3(1.0),A,ITG1,RESPOP_AV,F,Y50-64,TOTAL,ALL,4,ALL,ALL,2024,245387.4485961128,,,,,,,,ALL_N1,,,,,,,
IT1:DF_DCSS_ISTR_LAV_PEN_2_TV_3(1.0),A,ITG1,RESPOP_AV,F,Y50-64,TOTAL,ALL,5,ALL,ALL,2018,342,,,,,,,,ALL_N1,,,,,,,
IT1:DF_DCSS_ISTR_LAV_PEN_2_TV_3(1.0),A,ITG1,RESPOP_AV,F,Y50-64,TOTAL,ALL,5,ALL,ALL,2019,359,,,,,,,,ALL_N1,,,,,,,
IT1:DF_DCSS_ISTR_LAV_PEN_2_TV_3(1.0),A,ITG1,RESPOP_AV,F,Y50-64,TOTAL,ALL,5,ALL,ALL,2021,797.499910566263,,,,,,,,ALL_N1,,,,,,,
IT1:DF_DCSS_ISTR_LAV_PEN_2_TV_3(1.0),A,ITG1,RESPOP_AV,F,Y50-64,TOTAL,ALL,5,ALL,ALL,2022,1029.98376914222,,,,,,,,ALL_N1,,,,,,,
IT1:DF_DCSS_ISTR_LAV_PEN_2_TV_3(1.0),A,ITG1,RESPOP_AV,F,Y50-64,TOTAL,ALL,5,ALL,ALL,2023,996.5885737424544,,,,,,,,ALL_N1,,,,,,,
IT1:DF_DCSS_ISTR_LAV_PEN_2_TV_3(1.0),A,ITG1,RESPOP_AV,F,Y50-64,TOTAL,ALL,5,ALL,ALL,2024,1203.7669494448999,,,,,,,,ALL_N1,,,,,,,
IT1:DF_DCSS_ISTR_LAV_PEN_2_TV_3(1.0),A,ITG1,RESPOP_AV,F,Y50-64,TOTAL,ALL,7,ALL,ALL,2018,33805,,,,,,,,ALL_N1,,,,,,,
IT1:DF_DCSS_ISTR_LAV_PEN_2_TV_3(1.0),A,ITG1,RESPOP_AV,F,Y50-64,TOTAL,ALL,7,ALL,ALL,2019,32966,,,,,,,,ALL_N1,,,,,,,
IT1:DF_DCSS_ISTR_LAV_PEN_2_TV_3(1.0),A,ITG1,RESPOP_AV,F,Y50-64,TOTAL,ALL,7,ALL,ALL,2021,38615.5041075503,,,,,,,,ALL_N1,,,,,,,
IT1:DF_DCSS_ISTR_LAV_PEN_2_TV_3(1.0),A,ITG1,RESPOP_AV,F,Y50-64,TOTAL,ALL,7,ALL,ALL,2022,42253.2855517532,,,,,,,,ALL_N1,,,,,,,
IT1:DF_DCSS_ISTR_LAV_PEN_2_TV_3(1.0),A,ITG1,RESPOP_AV,F,Y50-64,TOTAL,ALL,7,ALL,ALL,2023,41699.47836377637,,,,,,,,ALL_N1,,,,,,,
IT1:DF_DCSS_ISTR_LAV_PEN_2_TV_3(1.0),A,ITG1,RESPOP_AV,F,Y50-64,TOTAL,ALL,7,ALL,ALL,2024,40765.24639292218,,,,,,,,ALL_N1,,,,,,,
IT1:DF_DCSS_ISTR_LAV_PEN_2_TV_3(1.0),A,ITG1,RESPOP_AV,F,Y50-64,TOTAL,ALL,99,ALL,ALL,2018,540698,,,,,,,,ALL_N1,99_N1,,,,,,
IT1:DF_DCSS_ISTR_LAV_PEN_2_TV_3(1.0),A,ITG1,RESPOP_AV,F,Y50-64,TOTAL,ALL,99,ALL,ALL,2019,545678,,,,,,,,ALL_N1,99_N1,,,,,,
IT1:DF_DCSS_ISTR_LAV_PEN_2_TV_3(1.0),A,ITG1,RESPOP_AV,F,Y50-64,TOTAL,ALL,99,ALL,ALL,2020,546169,,,,,,,,ALL_N1,99_N1,,,,,,
IT1:DF_DCSS_ISTR_LAV_PEN_2_TV_3(1.0),A,ITG1,RESPOP_AV,F,Y50-64,TOTAL,ALL,99,ALL,ALL,2021,553456,,,,,,,,ALL_N1,99_N1,,,,,,
IT1:DF_DCSS_ISTR_LAV_PEN_2_TV_3(1.0),A,ITG1,RESPOP_AV,F,Y50-64,TOTAL,ALL,99,ALL,ALL,2022,556996,,,,,,,,ALL_N1,99_N1,,,,,,
IT1:DF_DCSS_ISTR_LAV_PEN_2_TV_3(1.0),A,ITG1,RESPOP_AV,F,Y50-64,TOTAL,ALL,99,ALL,ALL,2023,560218,,,,,,,,ALL_N1,99_N1,,,,,,
IT1:DF_DCSS_ISTR_LAV_PEN_2_TV_3(1.0),A,ITG1,RESPOP_AV,F,Y50-64,TOTAL,ALL,99,ALL,ALL,2024,563944,,,,,,,,ALL_N1,99_N1,,,,,,
IT1:DF_DCSS_ISTR_LAV_PEN_2_TV_3(1.0),A,ITG1,RESPOP_AV,M,Y_GE15,TOTAL,ALL,1,ALL,ALL,2018,911004,,,,,,,,ALL_N1,,,,,,,
IT1:DF_DCSS_ISTR_LAV_PEN_2_TV_3(1.0),A,ITG1,RESPOP_AV,M,Y_GE15,TOTAL,ALL,1,ALL,ALL,2019,920138,,,,,,,,ALL_N1,,,,,,,
IT1:DF_DCSS_ISTR_LAV_PEN_2_TV_3(1.0),A,ITG1,RESPOP_AV,M,Y_GE15,TOTAL,ALL,1,ALL,ALL,2021,927591,,,,,,,,ALL_N1,,,,,,,
IT1:DF_DCSS_ISTR_LAV_PEN_2_TV_3(1.0),A,ITG1,RESPOP_AV,M,Y_GE15,TOTAL,ALL,1,ALL,ALL,2022,944445,,,,,,,,ALL_N1,,,,,,,
IT1:DF_DCSS_ISTR_LAV_PEN_2_TV_3(1.0),A,ITG1,RESPOP_AV,M,Y_GE15,TOTAL,ALL,1,ALL,ALL,2023,961356,,,,,,,,ALL_N1,,,,,,,
IT1:DF_DCSS_ISTR_LAV_PEN_2_TV_3(1.0),A,ITG1,RESPOP_AV,M,Y_GE15,TOTAL,ALL,1,ALL,ALL,2024,981813,,,,,,,,ALL_N1,,,,,,,
IT1:DF_DCSS_ISTR_LAV_PEN_2_TV_3(1.0),A,ITG1,RESPOP_AV,M,Y_GE15,TOTAL,ALL,12,ALL,ALL,2018,286239,,,,,,,,ALL_N1,,,,,,,
IT1:DF_DCSS_ISTR_LAV_PEN_2_TV_3(1.0),A,ITG1,RESPOP_AV,M,Y_GE15,TOTAL,ALL,12,ALL,ALL,2019,271111,,,,,,,,ALL_N1,,,,,,,
IT1:DF_DCSS_ISTR_LAV_PEN_2_TV_3(1.0),A,ITG1,RESPOP_AV,M,Y_GE15,TOTAL,ALL,12,ALL,ALL,2021,157627.774665655,,,,,,,,ALL_N1,,,,,,,
IT1:DF_DCSS_ISTR_LAV_PEN_2_TV_3(1.0),A,ITG1,RESPOP_AV,M,Y_GE15,TOTAL,ALL,12,ALL,ALL,2022,154392.756268642,,,,,,,,ALL_N1,,,,,,,
IT1:DF_DCSS_ISTR_LAV_PEN_2_TV_3(1.0),A,ITG1,RESPOP_AV,M,Y_GE15,TOTAL,ALL,12,ALL,ALL,2023,140573.14846949445,,,,,,,,ALL_N1,,,,,,,
IT1:DF_DCSS_ISTR_LAV_PEN_2_TV_3(1.0),A,ITG1,RESPOP_AV,M,Y_GE15,TOTAL,ALL,12,ALL,ALL,2024,122536.68779815135,,,,,,,,ALL_N1,,,,,,,
IT1:DF_DCSS_ISTR_LAV_PEN_2_TV_3(1.0),A,ITG1,RESPOP_AV,M,Y_GE15,TOTAL,ALL,22,ALL,ALL,2018,1197243,,,,,,,,ALL_N1,,,,,,,
IT1:DF_DCSS_ISTR_LAV_PEN_2_TV_3(1.0),A,ITG1,RESPOP_AV,M,Y_GE15,TOTAL,ALL,22,ALL,ALL,2019,1191249,,,,,,,,ALL_N1,,,,,,,
IT1:DF_DCSS_ISTR_LAV_PEN_2_TV_3(1.0),A,ITG1,RESPOP_AV,M,Y_GE15,TOTAL,ALL,22,ALL,ALL,2021,1085218.77466566,,,,,,,,ALL_N1,,,,,,,
IT1:DF_DCSS_ISTR_LAV_PEN_2_TV_3(1.0),A,ITG1,RESPOP_AV,M,Y_GE15,TOTAL,ALL,22,ALL,ALL,2022,1098837.75626864,,,,,,,,ALL_N1,,,,,,,
IT1:DF_DCSS_ISTR_LAV_PEN_2_TV_3(1.0),A,ITG1,RESPOP_AV,M,Y_GE15,TOTAL,ALL,22,ALL,ALL,2023,1101929.1484694944,,,,,,,,ALL_N1,,,,,,,
IT1:DF_DCSS_ISTR_LAV_PEN_2_TV_3(1.0),A,ITG1,RESPOP_AV,M,Y_GE15,TOTAL,ALL,22,ALL,ALL,2024,1104349.6877981513,,,,,,,,ALL_N1,,,,,,,
IT1:DF_DCSS_ISTR_LAV_PEN_2_TV_3(1.0),A,ITG1,RESPOP_AV,M,Y_GE15,TOTAL,ALL,23,ALL,ALL,2018,843169,,,,,,,,ALL_N1,,,,,,,
IT1:DF_DCSS_ISTR_LAV_PEN_2_TV_3(1.0),A,ITG1,RESPOP_AV,M,Y_GE15,TOTAL,ALL,23,ALL,ALL,2019,839501,,,,,,,,ALL_N1,,,,,,,
IT1:DF_DCSS_ISTR_LAV_PEN_2_TV_3(1.0),A,ITG1,RESPOP_AV,M,Y_GE15,TOTAL,ALL,23,ALL,ALL,2021,934900.225334345,,,,,,,,ALL_N1,,,,,,,
IT1:DF_DCSS_ISTR_LAV_PEN_2_TV_3(1.0),A,ITG1,RESPOP_AV,M,Y_GE15,TOTAL,ALL,23,ALL,ALL,2022,918112.243731358,,,,,,,,ALL_N1,,,,,,,
IT1:DF_DCSS_ISTR_LAV_PEN_2_TV_3(1.0),A,ITG1,RESPOP_AV,M,Y_GE15,TOTAL,ALL,23,ALL,ALL,2023,915131.8515305056,,,,,,,,ALL_N1,,,,,,,
IT1:DF_DCSS_ISTR_LAV_PEN_2_TV_3(1.0),A,ITG1,RESPOP_AV,M,Y_GE15,TOTAL,ALL,23,ALL,ALL,2024,915907.3122018486,,,,,,,,ALL_N1,,,,,,,
IT1:DF_DCSS_ISTR_LAV_PEN_2_TV_3(1.0),A,ITG1,RESPOP_AV,M,Y_GE15,TOTAL,ALL,24,ALL,ALL,2018,413755,,,,,,,,ALL_N1,,,,,,,
IT1:DF_DCSS_ISTR_LAV_PEN_2_TV_3(1.0),A,ITG1,RESPOP_AV,M,Y_GE15,TOTAL,ALL,24,ALL,ALL,2019,421818,,,,,,,,ALL_N1,,,,,,,
IT1:DF_DCSS_ISTR_LAV_PEN_2_TV_3(1.0),A,ITG1,RESPOP_AV,M,Y_GE15,TOTAL,ALL,24,ALL,ALL,2021,443447.41399277,,,,,,,,ALL_N1,,,,,,,
IT1:DF_DCSS_ISTR_LAV_PEN_2_TV_3(1.0),A,ITG1,RESPOP_AV,M,Y_GE15,TOTAL,ALL,24,ALL,ALL,2022,445374.228163986,,,,,,,,ALL_N1,,,,,,,
IT1:DF_DCSS_ISTR_LAV_PEN_2_TV_3(1.0),A,ITG1,RESPOP_AV,M,Y_GE15,TOTAL,ALL,24,ALL,ALL,2023,440144.7315335059,,,,,,,,ALL_N1,,,,,,,
IT1:DF_DCSS_ISTR_LAV_PEN_2_TV_3(1.0),A,ITG1,RESPOP_AV,M,Y_GE15,TOTAL,ALL,24,ALL,ALL,2024,450128.19085640006,,,,,,,,ALL_N1,,,,,,,
IT1:DF_DCSS_ISTR_LAV_PEN_2_TV_3(1.0),A,ITG1,RESPOP_AV,M,Y_GE15,TOTAL,ALL,4,ALL,ALL,2018,29138,,,,,,,,ALL_N1,,,,,,,
IT1:DF_DCSS_ISTR_LAV_PEN_2_TV_3(1.0),A,ITG1,RESPOP_AV,M,Y_GE15,TOTAL,ALL,4,ALL,ALL,2019,30671,,,,,,,,ALL_N1,,,,,,,
IT1:DF_DCSS_ISTR_LAV_PEN_2_TV_3(1.0),A,ITG1,RESPOP_AV,M,Y_GE15,TOTAL,ALL,4,ALL,ALL,2021,54311.1491566362,,,,,,,,ALL_N1,,,,,,,
IT1:DF_DCSS_ISTR_LAV_PEN_2_TV_3(1.0),A,ITG1,RESPOP_AV,M,Y_GE15,TOTAL,ALL,4,ALL,ALL,2022,52076.7175089329,,,,,,,,ALL_N1,,,,,,,
IT1:DF_DCSS_ISTR_LAV_PEN_2_TV_3(1.0),A,ITG1,RESPOP_AV,M,Y_GE15,TOTAL,ALL,4,ALL,ALL,2023,57399.22467756447,,,,,,,,ALL_N1,,,,,,,
IT1:DF_DCSS_ISTR_LAV_PEN_2_TV_3(1.0),A,ITG1,RESPOP_AV,M,Y_GE15,TOTAL,ALL,4,ALL,ALL,2024,51206.37286831824,,,,,,,,ALL_N1,,,,,,,
IT1:DF_DCSS_ISTR_LAV_PEN_2_TV_3(1.0),A,ITG1,RESPOP_AV,M,Y_GE15,TOTAL,ALL,5,ALL,ALL,2018,165112,,,,,,,,ALL_N1,,,,,,,
IT1:DF_DCSS_ISTR_LAV_PEN_2_TV_3(1.0),A,ITG1,RESPOP_AV,M,Y_GE15,TOTAL,ALL,5,ALL,ALL,2019,169338,,,,,,,,ALL_N1,,,,,,,
IT1:DF_DCSS_ISTR_LAV_PEN_2_TV_3(1.0),A,ITG1,RESPOP_AV,M,Y_GE15,TOTAL,ALL,5,ALL,ALL,2021,172870.943125648,,,,,,,,ALL_N1,,,,,,,
IT1:DF_DCSS_ISTR_LAV_PEN_2_TV_3(1.0),A,ITG1,RESPOP_AV,M,Y_GE15,TOTAL,ALL,5,ALL,ALL,2022,176510.611183602,,,,,,,,ALL_N1,,,,,,,
IT1:DF_DCSS_ISTR_LAV_PEN_2_TV_3(1.0),A,ITG1,RESPOP_AV,M,Y_GE15,TOTAL,ALL,5,ALL,ALL,2023,174388.08425204724,,,,,,,,ALL_N1,,,,,,,
IT1:DF_DCSS_ISTR_LAV_PEN_2_TV_3(1.0),A,ITG1,RESPOP_AV,M,Y_GE15,TOTAL,ALL,5,ALL,ALL,2024,169299.93152716177,,,,,,,,ALL_N1,,,,,,,
IT1:DF_DCSS_ISTR_LAV_PEN_2_TV_3(1.0),A,ITG1,RESPOP_AV,M,Y_GE15,TOTAL,ALL,7,ALL,ALL,2018,235164,,,,,,,,ALL_N1,,,,,,,
IT1:DF_DCSS_ISTR_LAV_PEN_2_TV_3(1.0),A,ITG1,RESPOP_AV,M,Y_GE15,TOTAL,ALL,7,ALL,ALL,2019,217674,,,,,,,,ALL_N1,,,,,,,
IT1:DF_DCSS_ISTR_LAV_PEN_2_TV_3(1.0),A,ITG1,RESPOP_AV,M,Y_GE15,TOTAL,ALL,7,ALL,ALL,2021,264270.719059291,,,,,,,,ALL_N1,,,,,,,
IT1:DF_DCSS_ISTR_LAV_PEN_2_TV_3(1.0),A,ITG1,RESPOP_AV,M,Y_GE15,TOTAL,ALL,7,ALL,ALL,2022,244150.686874837,,,,,,,,ALL_N1,,,,,,,
IT1:DF_DCSS_ISTR_LAV_PEN_2_TV_3(1.0),A,ITG1,RESPOP_AV,M,Y_GE15,TOTAL,ALL,7,ALL,ALL,2023,243199.8110673879,,,,,,,,ALL_N1,,,,,,,
IT1:DF_DCSS_ISTR_LAV_PEN_2_TV_3(1.0),A,ITG1,RESPOP_AV,M,Y_GE15,TOTAL,ALL,7,ALL,ALL,2024,245272.81694996858,,,,,,,,ALL_N1,,,,,,,
IT1:DF_DCSS_ISTR_LAV_PEN_2_TV_3(1.0),A,ITG1,RESPOP_AV,M,Y_GE15,TOTAL,ALL,99,ALL,ALL,2018,2040412,,,,,,,,ALL_N1,99_N1,,,,,,
IT1:DF_DCSS_ISTR_LAV_PEN_2_TV_3(1.0),A,ITG1,RESPOP_AV,M,Y_GE15,TOTAL,ALL,99,ALL,ALL,2019,2030749,,,,,,,,ALL_N1,99_N1,,,,,,
IT1:DF_DCSS_ISTR_LAV_PEN_2_TV_3(1.0),A,ITG1,RESPOP_AV,M,Y_GE15,TOTAL,ALL,99,ALL,ALL,2021,2020119,,,,,,,,ALL_N1,99_N1,,,,,,
IT1:DF_DCSS_ISTR_LAV_PEN_2_TV_3(1.0),A,ITG1,RESPOP_AV,M,Y_GE15,TOTAL,ALL,99,ALL,ALL,2022,2016950,,,,,,,,ALL_N1,99_N1,,,,,,
IT1:DF_DCSS_ISTR_LAV_PEN_2_TV_3(1.0),A,ITG1,RESPOP_AV,M,Y_GE15,TOTAL,ALL,99,ALL,ALL,2023,2017061,,,,,,,,ALL_N1,99_N1,,,,,,
IT1:DF_DCSS_ISTR_LAV_PEN_2_TV_3(1.0),A,ITG1,RESPOP_AV,M,Y_GE15,TOTAL,ALL,99,ALL,ALL,2024,2020257,,,,,,,,ALL_N1,99_N1,,,,,,
IT1:DF_DCSS_ISTR_LAV_PEN_2_TV_3(1.0),A,ITG1,RESPOP_AV,M,Y_GE65,TOTAL,ALL,1,ALL,ALL,2018,43704,,,,,,,,ALL_N1,,,,,,,
IT1:DF_DCSS_ISTR_LAV_PEN_2_TV_3(1.0),A,ITG1,RESPOP_AV,M,Y_GE65,TOTAL,ALL,1,ALL,ALL,2019,49676,,,,,,,,ALL_N1,,,,,,,
IT1:DF_DCSS_ISTR_LAV_PEN_2_TV_3(1.0),A,ITG1,RESPOP_AV,M,Y_GE65,TOTAL,ALL,1,ALL,ALL,2021,40987,,,,,,,,ALL_N1,,,,,,,
IT1:DF_DCSS_ISTR_LAV_PEN_2_TV_3(1.0),A,ITG1,RESPOP_AV,M,Y_GE65,TOTAL,ALL,1,ALL,ALL,2022,47409,,,,,,,,ALL_N1,,,,,,,
IT1:DF_DCSS_ISTR_LAV_PEN_2_TV_3(1.0),A,ITG1,RESPOP_AV,M,Y_GE65,TOTAL,ALL,1,ALL,ALL,2023,47184,,,,,,,,ALL_N1,,,,,,,
IT1:DF_DCSS_ISTR_LAV_PEN_2_TV_3(1.0),A,ITG1,RESPOP_AV,M,Y_GE65,TOTAL,ALL,1,ALL,ALL,2024,50890,,,,,,,,ALL_N1,,,,,,,
IT1:DF_DCSS_ISTR_LAV_PEN_2_TV_3(1.0),A,ITG1,RESPOP_AV,M,Y_GE65,TOTAL,ALL,12,ALL,ALL,2018,1826,,,,,,,,ALL_N1,,,,,,,
IT1:DF_DCSS_ISTR_LAV_PEN_2_TV_3(1.0),A,ITG1,RESPOP_AV,M,Y_GE65,TOTAL,ALL,12,ALL,ALL,2019,2316,,,,,,,,ALL_N1,,,,,,,
IT1:DF_DCSS_ISTR_LAV_PEN_2_TV_3(1.0),A,ITG1,RESPOP_AV,M,Y_GE65,TOTAL,ALL,12,ALL,ALL,2021,1283.71839829406,,,,,,,,ALL_N1,,,,,,,
IT1:DF_DCSS_ISTR_LAV_PEN_2_TV_3(1.0),A,ITG1,RESPOP_AV,M,Y_GE65,TOTAL,ALL,12,ALL,ALL,2022,752.608300153754,,,,,,,,ALL_N1,,,,,,,
IT1:DF_DCSS_ISTR_LAV_PEN_2_TV_3(1.0),A,ITG1,RESPOP_AV,M,Y_GE65,TOTAL,ALL,12,ALL,ALL,2023,672.1411157278432,,,,,,,,ALL_N1,,,,,,,
IT1:DF_DCSS_ISTR_LAV_PEN_2_TV_3(1.0),A,ITG1,RESPOP_AV,M,Y_GE65,TOTAL,ALL,12,ALL,ALL,2024,647.7604818653132,,,,,,,,ALL_N1,,,,,,,
IT1:DF_DCSS_ISTR_LAV_PEN_2_TV_3(1.0),A,ITG1,RESPOP_AV,M,Y_GE65,TOTAL,ALL,22,ALL,ALL,2018,45530,,,,,,,,ALL_N1,,,,,,,
IT1:DF_DCSS_ISTR_LAV_PEN_2_TV_3(1.0),A,ITG1,RESPOP_AV,M,Y_GE65,TOTAL,ALL,22,ALL,ALL,2019,51992,,,,,,,,ALL_N1,,,,,,,
IT1:DF_DCSS_ISTR_LAV_PEN_2_TV_3(1.0),A,ITG1,RESPOP_AV,M,Y_GE65,TOTAL,ALL,22,ALL,ALL,2021,42270.7183982941,,,,,,,,ALL_N1,,,,,,,
IT1:DF_DCSS_ISTR_LAV_PEN_2_TV_3(1.0),A,ITG1,RESPOP_AV,M,Y_GE65,TOTAL,ALL,22,ALL,ALL,2022,48161.6083001538,,,,,,,,ALL_N1,,,,,,,
IT1:DF_DCSS_ISTR_LAV_PEN_2_TV_3(1.0),A,ITG1,RESPOP_AV,M,Y_GE65,TOTAL,ALL,22,ALL,ALL,2023,47856.14111572784,,,,,,,,ALL_N1,,,,,,,
IT1:DF_DCSS_ISTR_LAV_PEN_2_TV_3(1.0),A,ITG1,RESPOP_AV,M,Y_GE65,TOTAL,ALL,22,ALL,ALL,2024,51537.76048186531,,,,,,,,ALL_N1,,,,,,,
IT1:DF_DCSS_ISTR_LAV_PEN_2_TV_3(1.0),A,ITG1,RESPOP_AV,M,Y_GE65,TOTAL,ALL,23,ALL,ALL,2018,410119,,,,,,,,ALL_N1,,,,,,,
IT1:DF_DCSS_ISTR_LAV_PEN_2_TV_3(1.0),A,ITG1,RESPOP_AV,M,Y_GE65,TOTAL,ALL,23,ALL,ALL,2019,411568,,,,,,,,ALL_N1,,,,,,,
IT1:DF_DCSS_ISTR_LAV_PEN_2_TV_3(1.0),A,ITG1,RESPOP_AV,M,Y_GE65,TOTAL,ALL,23,ALL,ALL,2021,438361.281601706,,,,,,,,ALL_N1,,,,,,,
IT1:DF_DCSS_ISTR_LAV_PEN_2_TV_3(1.0),A,ITG1,RESPOP_AV,M,Y_GE65,TOTAL,ALL,23,ALL,ALL,2022,438072.391699846,,,,,,,,ALL_N1,,,,,,,
IT1:DF_DCSS_ISTR_LAV_PEN_2_TV_3(1.0),A,ITG1,RESPOP_AV,M,Y_GE65,TOTAL,ALL,23,ALL,ALL,2023,446060.85888427217,,,,,,,,ALL_N1,,,,,,,
IT1:DF_DCSS_ISTR_LAV_PEN_2_TV_3(1.0),A,ITG1,RESPOP_AV,M,Y_GE65,TOTAL,ALL,23,ALL,ALL,2024,451983.2395181347,,,,,,,,ALL_N1,,,,,,,
IT1:DF_DCSS_ISTR_LAV_PEN_2_TV_3(1.0),A,ITG1,RESPOP_AV,M,Y_GE65,TOTAL,ALL,24,ALL,ALL,2018,358156,,,,,,,,ALL_N1,,,,,,,
IT1:DF_DCSS_ISTR_LAV_PEN_2_TV_3(1.0),A,ITG1,RESPOP_AV,M,Y_GE65,TOTAL,ALL,24,ALL,ALL,2019,361441,,,,,,,,ALL_N1,,,,,,,
IT1:DF_DCSS_ISTR_LAV_PEN_2_TV_3(1.0),A,ITG1,RESPOP_AV,M,Y_GE65,TOTAL,ALL,24,ALL,ALL,2021,384289.676088328,,,,,,,,ALL_N1,,,,,,,
IT1:DF_DCSS_ISTR_LAV_PEN_2_TV_3(1.0),A,ITG1,RESPOP_AV,M,Y_GE65,TOTAL,ALL,24,ALL,ALL,2022,385897.381118952,,,,,,,,ALL_N1,,,,,,,
IT1:DF_DCSS_ISTR_LAV_PEN_2_TV_3(1.0),A,ITG1,RESPOP_AV,M,Y_GE65,TOTAL,ALL,24,ALL,ALL,2023,385671.35051115963,,,,,,,,ALL_N1,,,,,,,
IT1:DF_DCSS_ISTR_LAV_PEN_2_TV_3(1.0),A,ITG1,RESPOP_AV,M,Y_GE65,TOTAL,ALL,24,ALL,ALL,2024,395396.9713932871,,,,,,,,ALL_N1,,,,,,,
IT1:DF_DCSS_ISTR_LAV_PEN_2_TV_3(1.0),A,ITG1,RESPOP_AV,M,Y_GE65,TOTAL,ALL,4,ALL,ALL,2018,2712,,,,,,,,ALL_N1,,,,,,,
IT1:DF_DCSS_ISTR_LAV_PEN_2_TV_3(1.0),A,ITG1,RESPOP_AV,M,Y_GE65,TOTAL,ALL,4,ALL,ALL,2019,3327,,,,,,,,ALL_N1,,,,,,,
IT1:DF_DCSS_ISTR_LAV_PEN_2_TV_3(1.0),A,ITG1,RESPOP_AV,M,Y_GE65,TOTAL,ALL,4,ALL,ALL,2021,4691.47581403556,,,,,,,,ALL_N1,,,,,,,
IT1:DF_DCSS_ISTR_LAV_PEN_2_TV_3(1.0),A,ITG1,RESPOP_AV,M,Y_GE65,TOTAL,ALL,4,ALL,ALL,2022,5264.0083045262,,,,,,,,ALL_N1,,,,,,,
IT1:DF_DCSS_ISTR_LAV_PEN_2_TV_3(1.0),A,ITG1,RESPOP_AV,M,Y_GE65,TOTAL,ALL,4,ALL,ALL,2023,6234.7045626484205,,,,,,,,ALL_N1,,,,,,,
IT1:DF_DCSS_ISTR_LAV_PEN_2_TV_3(1.0),A,ITG1,RESPOP_AV,M,Y_GE65,TOTAL,ALL,4,ALL,ALL,2024,5769.5101514193075,,,,,,,,ALL_N1,,,,,,,
IT1:DF_DCSS_ISTR_LAV_PEN_2_TV_3(1.0),A,ITG1,RESPOP_AV,M,Y_GE65,TOTAL,ALL,5,ALL,ALL,2018,8,,,,,,,,ALL_N1,,,,,,,
IT1:DF_DCSS_ISTR_LAV_PEN_2_TV_3(1.0),A,ITG1,RESPOP_AV,M,Y_GE65,TOTAL,ALL,5,ALL,ALL,2019,6,,,,,,,,ALL_N1,,,,,,,
IT1:DF_DCSS_ISTR_LAV_PEN_2_TV_3(1.0),A,ITG1,RESPOP_AV,M,Y_GE65,TOTAL,ALL,5,ALL,ALL,2021,0.00209782916861738,,,,,,,,ALL_N1,,,,,,,
IT1:DF_DCSS_ISTR_LAV_PEN_2_TV_3(1.0),A,ITG1,RESPOP_AV,M,Y_GE65,TOTAL,ALL,5,ALL,ALL,2022,34.9800092934961,,,,,,,,ALL_N1,,,,,,,
IT1:DF_DCSS_ISTR_LAV_PEN_2_TV_3(1.0),A,ITG1,RESPOP_AV,M,Y_GE65,TOTAL,ALL,5,ALL,ALL,2023,46.045017123470366,,,,,,,,ALL_N1,,,,,,,
IT1:DF_DCSS_ISTR_LAV_PEN_2_TV_3(1.0),A,ITG1,RESPOP_AV,M,Y_GE65,TOTAL,ALL,5,ALL,ALL,2024,19.934670364166784,,,,,,,,ALL_N1,,,,,,,
IT1:DF_DCSS_ISTR_LAV_PEN_2_TV_3(1.0),A,ITG1,RESPOP_AV,M,Y_GE65,TOTAL,ALL,7,ALL,ALL,2018,49243,,,,,,,,ALL_N1,,,,,,,
IT1:DF_DCSS_ISTR_LAV_PEN_2_TV_3(1.0),A,ITG1,RESPOP_AV,M,Y_GE65,TOTAL,ALL,7,ALL,ALL,2019,46794,,,,,,,,ALL_N1,,,,,,,
IT1:DF_DCSS_ISTR_LAV_PEN_2_TV_3(1.0),A,ITG1,RESPOP_AV,M,Y_GE65,TOTAL,ALL,7,ALL,ALL,2021,49380.1276015129,,,,,,,,ALL_N1,,,,,,,
IT1:DF_DCSS_ISTR_LAV_PEN_2_TV_3(1.0),A,ITG1,RESPOP_AV,M,Y_GE65,TOTAL,ALL,7,ALL,ALL,2022,46876.0222670743,,,,,,,,ALL_N1,,,,,,,
IT1:DF_DCSS_ISTR_LAV_PEN_2_TV_3(1.0),A,ITG1,RESPOP_AV,M,Y_GE65,TOTAL,ALL,7,ALL,ALL,2023,54108.75879334064,,,,,,,,ALL_N1,,,,,,,
IT1:DF_DCSS_ISTR_LAV_PEN_2_TV_3(1.0),A,ITG1,RESPOP_AV,M,Y_GE65,TOTAL,ALL,7,ALL,ALL,2024,50796.82330306408,,,,,,,,ALL_N1,,,,,,,
IT1:DF_DCSS_ISTR_LAV_PEN_2_TV_3(1.0),A,ITG1,RESPOP_AV,M,Y_GE65,TOTAL,ALL,99,ALL,ALL,2018,455649,,,,,,,,ALL_N1,99_N1,,,,,,
IT1:DF_DCSS_ISTR_LAV_PEN_2_TV_3(1.0),A,ITG1,RESPOP_AV,M,Y_GE65,TOTAL,ALL,99,ALL,ALL,2019,463560,,,,,,,,ALL_N1,99_N1,,,,,,
IT1:DF_DCSS_ISTR_LAV_PEN_2_TV_3(1.0),A,ITG1,RESPOP_AV,M,Y_GE65,TOTAL,ALL,99,ALL,ALL,2020,474507,,,,,,,,ALL_N1,99_N1,,,,,,
IT1:DF_DCSS_ISTR_LAV_PEN_2_TV_3(1.0),A,ITG1,RESPOP_AV,M,Y_GE65,TOTAL,ALL,99,ALL,ALL,2021,480632,,,,,,,,ALL_N1,99_N1,,,,,,
IT1:DF_DCSS_ISTR_LAV_PEN_2_TV_3(1.0),A,ITG1,RESPOP_AV,M,Y_GE65,TOTAL,ALL,99,ALL,ALL,2022,486234,,,,,,,,ALL_N1,99_N1,,,,,,
IT1:DF_DCSS_ISTR_LAV_PEN_2_TV_3(1.0),A,ITG1,RESPOP_AV,M,Y_GE65,TOTAL,ALL,99,ALL,ALL,2023,493917,,,,,,,,ALL_N1,99_N1,,,,,,
IT1:DF_DCSS_ISTR_LAV_PEN_2_TV_3(1.0),A,ITG1,RESPOP_AV,M,Y_GE65,TOTAL,ALL,99,ALL,ALL,2024,503521,,,,,,,,ALL_N1,99_N1,,,,,,
IT1:DF_DCSS_ISTR_LAV_PEN_2_TV_3(1.0),A,ITG1,RESPOP_AV,M,Y15-24,TOTAL,ALL,1,ALL,ALL,2018,41530,,,,,,,,ALL_N1,,,,,,,
IT1:DF_DCSS_ISTR_LAV_PEN_2_TV_3(1.0),A,ITG1,RESPOP_AV,M,Y15-24,TOTAL,ALL,1,ALL,ALL,2019,42314,,,,,,,,ALL_N1,,,,,,,
IT1:DF_DCSS_ISTR_LAV_PEN_2_TV_3(1.0),A,ITG1,RESPOP_AV,M,Y15-24,TOTAL,ALL,1,ALL,ALL,2021,45806,,,,,,,,ALL_N1,,,,,,,
IT1:DF_DCSS_ISTR_LAV_PEN_2_TV_3(1.0),A,ITG1,RESPOP_AV,M,Y15-24,TOTAL,ALL,1,ALL,ALL,2022,49618,,,,,,,,ALL_N1,,,,,,,
IT1:DF_DCSS_ISTR_LAV_PEN_2_TV_3(1.0),A,ITG1,RESPOP_AV,M,Y15-24,TOTAL,ALL,1,ALL,ALL,2023,51168,,,,,,,,ALL_N1,,,,,,,
IT1:DF_DCSS_ISTR_LAV_PEN_2_TV_3(1.0),A,ITG1,RESPOP_AV,M,Y15-24,TOTAL,ALL,1,ALL,ALL,2024,53848,,,,,,,,ALL_N1,,,,,,,
IT1:DF_DCSS_ISTR_LAV_PEN_2_TV_3(1.0),A,ITG1,RESPOP_AV,M,Y15-24,TOTAL,ALL,12,ALL,ALL,2018,47833,,,,,,,,ALL_N1,,,,,,,
IT1:DF_DCSS_ISTR_LAV_PEN_2_TV_3(1.0),A,ITG1,RESPOP_AV,M,Y15-24,TOTAL,ALL,12,ALL,ALL,2019,46651,,,,,,,,ALL_N1,,,,,,,
IT1:DF_DCSS_ISTR_LAV_PEN_2_TV_3(1.0),A,ITG1,RESPOP_AV,M,Y15-24,TOTAL,ALL,12,ALL,ALL,2021,27280.6284135136,,,,,,,,ALL_N1,,,,,,,
IT1:DF_DCSS_ISTR_LAV_PEN_2_TV_3(1.0),A,ITG1,RESPOP_AV,M,Y15-24,TOTAL,ALL,12,ALL,ALL,2022,26042.8181940415,,,,,,,,ALL_N1,,,,,,,
IT1:DF_DCSS_ISTR_LAV_PEN_2_TV_3(1.0),A,ITG1,RESPOP_AV,M,Y15-24,TOTAL,ALL,12,ALL,ALL,2023,25044.659426557875,,,,,,,,ALL_N1,,,,,,,
IT1:DF_DCSS_ISTR_LAV_PEN_2_TV_3(1.0),A,ITG1,RESPOP_AV,M,Y15-24,TOTAL,ALL,12,ALL,ALL,2024,22056.60228271751,,,,,,,,ALL_N1,,,,,,,
IT1:DF_DCSS_ISTR_LAV_PEN_2_TV_3(1.0),A,ITG1,RESPOP_AV,M,Y15-24,TOTAL,ALL,22,ALL,ALL,2018,89363,,,,,,,,ALL_N1,,,,,,,
IT1:DF_DCSS_ISTR_LAV_PEN_2_TV_3(1.0),A,ITG1,RESPOP_AV,M,Y15-24,TOTAL,ALL,22,ALL,ALL,2019,88965,,,,,,,,ALL_N1,,,,,,,
IT1:DF_DCSS_ISTR_LAV_PEN_2_TV_3(1.0),A,ITG1,RESPOP_AV,M,Y15-24,TOTAL,ALL,22,ALL,ALL,2021,73086.6284135136,,,,,,,,ALL_N1,,,,,,,
IT1:DF_DCSS_ISTR_LAV_PEN_2_TV_3(1.0),A,ITG1,RESPOP_AV,M,Y15-24,TOTAL,ALL,22,ALL,ALL,2022,75660.8181940415,,,,,,,,ALL_N1,,,,,,,
IT1:DF_DCSS_ISTR_LAV_PEN_2_TV_3(1.0),A,ITG1,RESPOP_AV,M,Y15-24,TOTAL,ALL,22,ALL,ALL,2023,76212.65942655788,,,,,,,,ALL_N1,,,,,,,
IT1:DF_DCSS_ISTR_LAV_PEN_2_TV_3(1.0),A,ITG1,RESPOP_AV,M,Y15-24,TOTAL,ALL,22,ALL,ALL,2024,75904.60228271752,,,,,,,,ALL_N1,,,,,,,
IT1:DF_DCSS_ISTR_LAV_PEN_2_TV_3(1.0),A,ITG1,RESPOP_AV,M,Y15-24,TOTAL,ALL,23,ALL,ALL,2018,190725,,,,,,,,ALL_N1,,,,,,,
IT1:DF_DCSS_ISTR_LAV_PEN_2_TV_3(1.0),A,ITG1,RESPOP_AV,M,Y15-24,TOTAL,ALL,23,ALL,ALL,2019,185887,,,,,,,,ALL_N1,,,,,,,
IT1:DF_DCSS_ISTR_LAV_PEN_2_TV_3(1.0),A,ITG1,RESPOP_AV,M,Y15-24,TOTAL,ALL,23,ALL,ALL,2021,193828.371586486,,,,,,,,ALL_N1,,,,,,,
IT1:DF_DCSS_ISTR_LAV_PEN_2_TV_3(1.0),A,ITG1,RESPOP_AV,M,Y15-24,TOTAL,ALL,23,ALL,ALL,2022,190411.181805959,,,,,,,,ALL_N1,,,,,,,
IT1:DF_DCSS_ISTR_LAV_PEN_2_TV_3(1.0),A,ITG1,RESPOP_AV,M,Y15-24,TOTAL,ALL,23,ALL,ALL,2023,189396.34057344214,,,,,,,,ALL_N1,,,,,,,
IT1:DF_DCSS_ISTR_LAV_PEN_2_TV_3(1.0),A,ITG1,RESPOP_AV,M,Y15-24,TOTAL,ALL,23,ALL,ALL,2024,189802.3977172825,,,,,,,,ALL_N1,,,,,,,
IT1:DF_DCSS_ISTR_LAV_PEN_2_TV_3(1.0),A,ITG1,RESPOP_AV,M,Y15-24,TOTAL,ALL,24,ALL,ALL,2018,638,,,,,,,,ALL_N1,,,,,,,
IT1:DF_DCSS_ISTR_LAV_PEN_2_TV_3(1.0),A,ITG1,RESPOP_AV,M,Y15-24,TOTAL,ALL,24,ALL,ALL,2019,902,,,,,,,,ALL_N1,,,,,,,
IT1:DF_DCSS_ISTR_LAV_PEN_2_TV_3(1.0),A,ITG1,RESPOP_AV,M,Y15-24,TOTAL,ALL,24,ALL,ALL,2021,694.747485391878,,,,,,,,ALL_N1,,,,,,,
IT1:DF_DCSS_ISTR_LAV_PEN_2_TV_3(1.0),A,ITG1,RESPOP_AV,M,Y15-24,TOTAL,ALL,24,ALL,ALL,2022,973.98906630343,,,,,,,,ALL_N1,,,,,,,
IT1:DF_DCSS_ISTR_LAV_PEN_2_TV_3(1.0),A,ITG1,RESPOP_AV,M,Y15-24,TOTAL,ALL,24,ALL,ALL,2023,805.1150655021193,,,,,,,,ALL_N1,,,,,,,
IT1:DF_DCSS_ISTR_LAV_PEN_2_TV_3(1.0),A,ITG1,RESPOP_AV,M,Y15-24,TOTAL,ALL,24,ALL,ALL,2024,1246.6054173637006,,,,,,,,ALL_N1,,,,,,,
IT1:DF_DCSS_ISTR_LAV_PEN_2_TV_3(1.0),A,ITG1,RESPOP_AV,M,Y15-24,TOTAL,ALL,4,ALL,ALL,2018,1849,,,,,,,,ALL_N1,,,,,,,
IT1:DF_DCSS_ISTR_LAV_PEN_2_TV_3(1.0),A,ITG1,RESPOP_AV,M,Y15-24,TOTAL,ALL,4,ALL,ALL,2019,2165,,,,,,,,ALL_N1,,,,,,,
IT1:DF_DCSS_ISTR_LAV_PEN_2_TV_3(1.0),A,ITG1,RESPOP_AV,M,Y15-24,TOTAL,ALL,4,ALL,ALL,2021,3807.01097766797,,,,,,,,ALL_N1,,,,,,,
IT1:DF_DCSS_ISTR_LAV_PEN_2_TV_3(1.0),A,ITG1,RESPOP_AV,M,Y15-24,TOTAL,ALL,4,ALL,ALL,2022,2730.29607030749,,,,,,,,ALL_N1,,,,,,,
IT1:DF_DCSS_ISTR_LAV_PEN_2_TV_3(1.0),A,ITG1,RESPOP_AV,M,Y15-24,TOTAL,ALL,4,ALL,ALL,2023,3288.6135929392085,,,,,,,,ALL_N1,,,,,,,
IT1:DF_DCSS_ISTR_LAV_PEN_2_TV_3(1.0),A,ITG1,RESPOP_AV,M,Y15-24,TOTAL,ALL,4,ALL,ALL,2024,3294.7855873817407,,,,,,,,ALL_N1,,,,,,,
IT1:DF_DCSS_ISTR_LAV_PEN_2_TV_3(1.0),A,ITG1,RESPOP_AV,M,Y15-24,TOTAL,ALL,5,ALL,ALL,2018,146415,,,,,,,,ALL_N1,,,,,,,
IT1:DF_DCSS_ISTR_LAV_PEN_2_TV_3(1.0),A,ITG1,RESPOP_AV,M,Y15-24,TOTAL,ALL,5,ALL,ALL,2019,150764,,,,,,,,ALL_N1,,,,,,,
IT1:DF_DCSS_ISTR_LAV_PEN_2_TV_3(1.0),A,ITG1,RESPOP_AV,M,Y15-24,TOTAL,ALL,5,ALL,ALL,2021,152729.852335582,,,,,,,,ALL_N1,,,,,,,
IT1:DF_DCSS_ISTR_LAV_PEN_2_TV_3(1.0),A,ITG1,RESPOP_AV,M,Y15-24,TOTAL,ALL,5,ALL,ALL,2022,155484.034190348,,,,,,,,ALL_N1,,,,,,,
IT1:DF_DCSS_ISTR_LAV_PEN_2_TV_3(1.0),A,ITG1,RESPOP_AV,M,Y15-24,TOTAL,ALL,5,ALL,ALL,2023,155610.1300697791,,,,,,,,ALL_N1,,,,,,,
IT1:DF_DCSS_ISTR_LAV_PEN_2_TV_3(1.0),A,ITG1,RESPOP_AV,M,Y15-24,TOTAL,ALL,5,ALL,ALL,2024,151500.0715542647,,,,,,,,ALL_N1,,,,,,,
IT1:DF_DCSS_ISTR_LAV_PEN_2_TV_3(1.0),A,ITG1,RESPOP_AV,M,Y15-24,TOTAL,ALL,7,ALL,ALL,2018,41823,,,,,,,,ALL_N1,,,,,,,
IT1:DF_DCSS_ISTR_LAV_PEN_2_TV_3(1.0),A,ITG1,RESPOP_AV,M,Y15-24,TOTAL,ALL,7,ALL,ALL,2019,32056,,,,,,,,ALL_N1,,,,,,,
IT1:DF_DCSS_ISTR_LAV_PEN_2_TV_3(1.0),A,ITG1,RESPOP_AV,M,Y15-24,TOTAL,ALL,7,ALL,ALL,2021,36596.7607878443,,,,,,,,ALL_N1,,,,,,,
IT1:DF_DCSS_ISTR_LAV_PEN_2_TV_3(1.0),A,ITG1,RESPOP_AV,M,Y15-24,TOTAL,ALL,7,ALL,ALL,2022,31222.8624789995,,,,,,,,ALL_N1,,,,,,,
IT1:DF_DCSS_ISTR_LAV_PEN_2_TV_3(1.0),A,ITG1,RESPOP_AV,M,Y15-24,TOTAL,ALL,7,ALL,ALL,2023,29692.481845221722,,,,,,,,ALL_N1,,,,,,,
IT1:DF_DCSS_ISTR_LAV_PEN_2_TV_3(1.0),A,ITG1,RESPOP_AV,M,Y15-24,TOTAL,ALL,7,ALL,ALL,2024,33760.93515827236,,,,,,,,ALL_N1,,,,,,,
IT1:DF_DCSS_ISTR_LAV_PEN_2_TV_3(1.0),A,ITG1,RESPOP_AV,M,Y15-24,TOTAL,ALL,99,ALL,ALL,2018,280088,,,,,,,,ALL_N1,99_N1,,,,,,
IT1:DF_DCSS_ISTR_LAV_PEN_2_TV_3(1.0),A,ITG1,RESPOP_AV,M,Y15-24,TOTAL,ALL,99,ALL,ALL,2019,274852,,,,,,,,ALL_N1,99_N1,,,,,,
IT1:DF_DCSS_ISTR_LAV_PEN_2_TV_3(1.0),A,ITG1,RESPOP_AV,M,Y15-24,TOTAL,ALL,99,ALL,ALL,2021,266915,,,,,,,,ALL_N1,99_N1,,,,,,
IT1:DF_DCSS_ISTR_LAV_PEN_2_TV_3(1.0),A,ITG1,RESPOP_AV,M,Y15-24,TOTAL,ALL,99,ALL,ALL,2022,266072,,,,,,,,ALL_N1,99_N1,,,,,,
IT1:DF_DCSS_ISTR_LAV_PEN_2_TV_3(1.0),A,ITG1,RESPOP_AV,M,Y15-24,TOTAL,ALL,99,ALL,ALL,2023,265609,,,,,,,,ALL_N1,99_N1,,,,,,
IT1:DF_DCSS_ISTR_LAV_PEN_2_TV_3(1.0),A,ITG1,RESPOP_AV,M,Y15-24,TOTAL,ALL,99,ALL,ALL,2024,265707,,,,,,,,ALL_N1,99_N1,,,,,,
IT1:DF_DCSS_ISTR_LAV_PEN_2_TV_3(1.0),A,ITG1,RESPOP_AV,M,Y25-49,TOTAL,ALL,1,ALL,ALL,2018,504411,,,,,,,,ALL_N1,,,,,,,
IT1:DF_DCSS_ISTR_LAV_PEN_2_TV_3(1.0),A,ITG1,RESPOP_AV,M,Y25-49,TOTAL,ALL,1,ALL,ALL,2019,501841,,,,,,,,ALL_N1,,,,,,,
IT1:DF_DCSS_ISTR_LAV_PEN_2_TV_3(1.0),A,ITG1,RESPOP_AV,M,Y25-49,TOTAL,ALL,1,ALL,ALL,2021,503715,,,,,,,,ALL_N1,,,,,,,
IT1:DF_DCSS_ISTR_LAV_PEN_2_TV_3(1.0),A,ITG1,RESPOP_AV,M,Y25-49,TOTAL,ALL,1,ALL,ALL,2022,505725,,,,,,,,ALL_N1,,,,,,,
IT1:DF_DCSS_ISTR_LAV_PEN_2_TV_3(1.0),A,ITG1,RESPOP_AV,M,Y25-49,TOTAL,ALL,1,ALL,ALL,2023,509086,,,,,,,,ALL_N1,,,,,,,
IT1:DF_DCSS_ISTR_LAV_PEN_2_TV_3(1.0),A,ITG1,RESPOP_AV,M,Y25-49,TOTAL,ALL,1,ALL,ALL,2024,513196,,,,,,,,ALL_N1,,,,,,,
IT1:DF_DCSS_ISTR_LAV_PEN_2_TV_3(1.0),A,ITG1,RESPOP_AV,M,Y25-49,TOTAL,ALL,12,ALL,ALL,2018,169225,,,,,,,,ALL_N1,,,,,,,
IT1:DF_DCSS_ISTR_LAV_PEN_2_TV_3(1.0),A,ITG1,RESPOP_AV,M,Y25-49,TOTAL,ALL,12,ALL,ALL,2019,156560,,,,,,,,ALL_N1,,,,,,,
IT1:DF_DCSS_ISTR_LAV_PEN_2_TV_3(1.0),A,ITG1,RESPOP_AV,M,Y25-49,TOTAL,ALL,12,ALL,ALL,2021,90406.4410694796,,,,,,,,ALL_N1,,,,,,,
IT1:DF_DCSS_ISTR_LAV_PEN_2_TV_3(1.0),A,ITG1,RESPOP_AV,M,Y25-49,TOTAL,ALL,12,ALL,ALL,2022,88503.7029931236,,,,,,,,ALL_N1,,,,,,,
IT1:DF_DCSS_ISTR_LAV_PEN_2_TV_3(1.0),A,ITG1,RESPOP_AV,M,Y25-49,TOTAL,ALL,12,ALL,ALL,2023,78707.2009924744,,,,,,,,ALL_N1,,,,,,,
IT1:DF_DCSS_ISTR_LAV_PEN_2_TV_3(1.0),A,ITG1,RESPOP_AV,M,Y25-49,TOTAL,ALL,12,ALL,ALL,2024,67570.58327127309,,,,,,,,ALL_N1,,,,,,,
IT1:DF_DCSS_ISTR_LAV_PEN_2_TV_3(1.0),A,ITG1,RESPOP_AV,M,Y25-49,TOTAL,ALL,22,ALL,ALL,2018,673636,,,,,,,,ALL_N1,,,,,,,
IT1:DF_DCSS_ISTR_LAV_PEN_2_TV_3(1.0),A,ITG1,RESPOP_AV,M,Y25-49,TOTAL,ALL,22,ALL,ALL,2019,658401,,,,,,,,ALL_N1,,,,,,,
IT1:DF_DCSS_ISTR_LAV_PEN_2_TV_3(1.0),A,ITG1,RESPOP_AV,M,Y25-49,TOTAL,ALL,22,ALL,ALL,2021,594121.44106948,,,,,,,,ALL_N1,,,,,,,
IT1:DF_DCSS_ISTR_LAV_PEN_2_TV_3(1.0),A,ITG1,RESPOP_AV,M,Y25-49,TOTAL,ALL,22,ALL,ALL,2022,594228.702993124,,,,,,,,ALL_N1,,,,,,,
IT1:DF_DCSS_ISTR_LAV_PEN_2_TV_3(1.0),A,ITG1,RESPOP_AV,M,Y25-49,TOTAL,ALL,22,ALL,ALL,2023,587793.2009924744,,,,,,,,ALL_N1,,,,,,,
IT1:DF_DCSS_ISTR_LAV_PEN_2_TV_3(1.0),A,ITG1,RESPOP_AV,M,Y25-49,TOTAL,ALL,22,ALL,ALL,2024,580766.5832712731,,,,,,,,ALL_N1,,,,,,,
IT1:DF_DCSS_ISTR_LAV_PEN_2_TV_3(1.0),A,ITG1,RESPOP_AV,M,Y25-49,TOTAL,ALL,23,ALL,ALL,2018,131281,,,,,,,,ALL_N1,,,,,,,
IT1:DF_DCSS_ISTR_LAV_PEN_2_TV_3(1.0),A,ITG1,RESPOP_AV,M,Y25-49,TOTAL,ALL,23,ALL,ALL,2019,128778,,,,,,,,ALL_N1,,,,,,,
IT1:DF_DCSS_ISTR_LAV_PEN_2_TV_3(1.0),A,ITG1,RESPOP_AV,M,Y25-49,TOTAL,ALL,23,ALL,ALL,2021,161602.55893052,,,,,,,,ALL_N1,,,,,,,
IT1:DF_DCSS_ISTR_LAV_PEN_2_TV_3(1.0),A,ITG1,RESPOP_AV,M,Y25-49,TOTAL,ALL,23,ALL,ALL,2022,150111.297006876,,,,,,,,ALL_N1,,,,,,,
IT1:DF_DCSS_ISTR_LAV_PEN_2_TV_3(1.0),A,ITG1,RESPOP_AV,M,Y25-49,TOTAL,ALL,23,ALL,ALL,2023,145843.7990075256,,,,,,,,ALL_N1,,,,,,,
IT1:DF_DCSS_ISTR_LAV_PEN_2_TV_3(1.0),A,ITG1,RESPOP_AV,M,Y25-49,TOTAL,ALL,23,ALL,ALL,2024,143352.4167287269,,,,,,,,ALL_N1,,,,,,,
IT1:DF_DCSS_ISTR_LAV_PEN_2_TV_3(1.0),A,ITG1,RESPOP_AV,M,Y25-49,TOTAL,ALL,24,ALL,ALL,2018,10413,,,,,,,,ALL_N1,,,,,,,
IT1:DF_DCSS_ISTR_LAV_PEN_2_TV_3(1.0),A,ITG1,RESPOP_AV,M,Y25-49,TOTAL,ALL,24,ALL,ALL,2019,12170,,,,,,,,ALL_N1,,,,,,,
IT1:DF_DCSS_ISTR_LAV_PEN_2_TV_3(1.0),A,ITG1,RESPOP_AV,M,Y25-49,TOTAL,ALL,24,ALL,ALL,2021,11472.1957988054,,,,,,,,ALL_N1,,,,,,,
IT1:DF_DCSS_ISTR_LAV_PEN_2_TV_3(1.0),A,ITG1,RESPOP_AV,M,Y25-49,TOTAL,ALL,24,ALL,ALL,2022,12480.9690053838,,,,,,,,ALL_N1,,,,,,,
IT1:DF_DCSS_ISTR_LAV_PEN_2_TV_3(1.0),A,ITG1,RESPOP_AV,M,Y25-49,TOTAL,ALL,24,ALL,ALL,2023,12140.371317957022,,,,,,,,ALL_N1,,,,,,,
IT1:DF_DCSS_ISTR_LAV_PEN_2_TV_3(1.0),A,ITG1,RESPOP_AV,M,Y25-49,TOTAL,ALL,24,ALL,ALL,2024,13730.175583739194,,,,,,,,ALL_N1,,,,,,,
IT1:DF_DCSS_ISTR_LAV_PEN_2_TV_3(1.0),A,ITG1,RESPOP_AV,M,Y25-49,TOTAL,ALL,4,ALL,ALL,2018,13434,,,,,,,,ALL_N1,,,,,,,
IT1:DF_DCSS_ISTR_LAV_PEN_2_TV_3(1.0),A,ITG1,RESPOP_AV,M,Y25-49,TOTAL,ALL,4,ALL,ALL,2019,13766,,,,,,,,ALL_N1,,,,,,,
IT1:DF_DCSS_ISTR_LAV_PEN_2_TV_3(1.0),A,ITG1,RESPOP_AV,M,Y25-49,TOTAL,ALL,4,ALL,ALL,2021,24693.0597260426,,,,,,,,ALL_N1,,,,,,,
IT1:DF_DCSS_ISTR_LAV_PEN_2_TV_3(1.0),A,ITG1,RESPOP_AV,M,Y25-49,TOTAL,ALL,4,ALL,ALL,2022,22738.172124985,,,,,,,,ALL_N1,,,,,,,
IT1:DF_DCSS_ISTR_LAV_PEN_2_TV_3(1.0),A,ITG1,RESPOP_AV,M,Y25-49,TOTAL,ALL,4,ALL,ALL,2023,24723.975723984935,,,,,,,,ALL_N1,,,,,,,
IT1:DF_DCSS_ISTR_LAV_PEN_2_TV_3(1.0),A,ITG1,RESPOP_AV,M,Y25-49,TOTAL,ALL,4,ALL,ALL,2024,21282.41923239329,,,,,,,,ALL_N1,,,,,,,
IT1:DF_DCSS_ISTR_LAV_PEN_2_TV_3(1.0),A,ITG1,RESPOP_AV,M,Y25-49,TOTAL,ALL,5,ALL,ALL,2018,18539,,,,,,,,ALL_N1,,,,,,,
IT1:DF_DCSS_ISTR_LAV_PEN_2_TV_3(1.0),A,ITG1,RESPOP_AV,M,Y25-49,TOTAL,ALL,5,ALL,ALL,2019,18426,,,,,,,,ALL_N1,,,,,,,
IT1:DF_DCSS_ISTR_LAV_PEN_2_TV_3(1.0),A,ITG1,RESPOP_AV,M,Y25-49,TOTAL,ALL,5,ALL,ALL,2021,19794.874534067,,,,,,,,ALL_N1,,,,,,,
IT1:DF_DCSS_ISTR_LAV_PEN_2_TV_3(1.0),A,ITG1,RESPOP_AV,M,Y25-49,TOTAL,ALL,5,ALL,ALL,2022,20493.0029755582,,,,,,,,ALL_N1,,,,,,,
IT1:DF_DCSS_ISTR_LAV_PEN_2_TV_3(1.0),A,ITG1,RESPOP_AV,M,Y25-49,TOTAL,ALL,5,ALL,ALL,2023,18318.262387295326,,,,,,,,ALL_N1,,,,,,,
IT1:DF_DCSS_ISTR_LAV_PEN_2_TV_3(1.0),A,ITG1,RESPOP_AV,M,Y25-49,TOTAL,ALL,5,ALL,ALL,2024,17166.552197893227,,,,,,,,ALL_N1,,,,,,,
IT1:DF_DCSS_ISTR_LAV_PEN_2_TV_3(1.0),A,ITG1,RESPOP_AV,M,Y25-49,TOTAL,ALL,7,ALL,ALL,2018,88895,,,,,,,,ALL_N1,,,,,,,
IT1:DF_DCSS_ISTR_LAV_PEN_2_TV_3(1.0),A,ITG1,RESPOP_AV,M,Y25-49,TOTAL,ALL,7,ALL,ALL,2019,84416,,,,,,,,ALL_N1,,,,,,,
IT1:DF_DCSS_ISTR_LAV_PEN_2_TV_3(1.0),A,ITG1,RESPOP_AV,M,Y25-49,TOTAL,ALL,7,ALL,ALL,2021,105642.428871605,,,,,,,,ALL_N1,,,,,,,
IT1:DF_DCSS_ISTR_LAV_PEN_2_TV_3(1.0),A,ITG1,RESPOP_AV,M,Y25-49,TOTAL,ALL,7,ALL,ALL,2022,94399.1529009495,,,,,,,,ALL_N1,,,,,,,
IT1:DF_DCSS_ISTR_LAV_PEN_2_TV_3(1.0),A,ITG1,RESPOP_AV,M,Y25-49,TOTAL,ALL,7,ALL,ALL,2023,90661.18957828831,,,,,,,,ALL_N1,,,,,,,
IT1:DF_DCSS_ISTR_LAV_PEN_2_TV_3(1.0),A,ITG1,RESPOP_AV,M,Y25-49,TOTAL,ALL,7,ALL,ALL,2024,91173.26971470118,,,,,,,,ALL_N1,,,,,,,
IT1:DF_DCSS_ISTR_LAV_PEN_2_TV_3(1.0),A,ITG1,RESPOP_AV,M,Y25-49,TOTAL,ALL,99,ALL,ALL,2018,804917,,,,,,,,ALL_N1,99_N1,,,,,,
IT1:DF_DCSS_ISTR_LAV_PEN_2_TV_3(1.0),A,ITG1,RESPOP_AV,M,Y25-49,TOTAL,ALL,99,ALL,ALL,2019,787179,,,,,,,,ALL_N1,99_N1,,,,,,
IT1:DF_DCSS_ISTR_LAV_PEN_2_TV_3(1.0),A,ITG1,RESPOP_AV,M,Y25-49,TOTAL,ALL,99,ALL,ALL,2020,758611,,,,,,,,ALL_N1,99_N1,,,,,,
IT1:DF_DCSS_ISTR_LAV_PEN_2_TV_3(1.0),A,ITG1,RESPOP_AV,M,Y25-49,TOTAL,ALL,99,ALL,ALL,2021,755724,,,,,,,,ALL_N1,99_N1,,,,,,
IT1:DF_DCSS_ISTR_LAV_PEN_2_TV_3(1.0),A,ITG1,RESPOP_AV,M,Y25-49,TOTAL,ALL,99,ALL,ALL,2022,744340,,,,,,,,ALL_N1,99_N1,,,,,,
IT1:DF_DCSS_ISTR_LAV_PEN_2_TV_3(1.0),A,ITG1,RESPOP_AV,M,Y25-49,TOTAL,ALL,99,ALL,ALL,2023,733637,,,,,,,,ALL_N1,99_N1,,,,,,
IT1:DF_DCSS_ISTR_LAV_PEN_2_TV_3(1.0),A,ITG1,RESPOP_AV,M,Y25-49,TOTAL,ALL,99,ALL,ALL,2024,724119,,,,,,,,ALL_N1,99_N1,,,,,,
IT1:DF_DCSS_ISTR_LAV_PEN_2_TV_3(1.0),A,ITG1,RESPOP_AV,M,Y50-64,TOTAL,ALL,1,ALL,ALL,2018,321359,,,,,,,,ALL_N1,,,,,,,
IT1:DF_DCSS_ISTR_LAV_PEN_2_TV_3(1.0),A,ITG1,RESPOP_AV,M,Y50-64,TOTAL,ALL,1,ALL,ALL,2019,326307,,,,,,,,ALL_N1,,,,,,,
IT1:DF_DCSS_ISTR_LAV_PEN_2_TV_3(1.0),A,ITG1,RESPOP_AV,M,Y50-64,TOTAL,ALL,1,ALL,ALL,2021,337083,,,,,,,,ALL_N1,,,,,,,
IT1:DF_DCSS_ISTR_LAV_PEN_2_TV_3(1.0),A,ITG1,RESPOP_AV,M,Y50-64,TOTAL,ALL,1,ALL,ALL,2022,341693,,,,,,,,ALL_N1,,,,,,,
IT1:DF_DCSS_ISTR_LAV_PEN_2_TV_3(1.0),A,ITG1,RESPOP_AV,M,Y50-64,TOTAL,ALL,1,ALL,ALL,2023,353918,,,,,,,,ALL_N1,,,,,,,
IT1:DF_DCSS_ISTR_LAV_PEN_2_TV_3(1.0),A,ITG1,RESPOP_AV,M,Y50-64,TOTAL,ALL,1,ALL,ALL,2024,363879,,,,,,,,ALL_N1,,,,,,,
IT1:DF_DCSS_ISTR_LAV_PEN_2_TV_3(1.0),A,ITG1,RESPOP_AV,M,Y50-64,TOTAL,ALL,12,ALL,ALL,2018,67355,,,,,,,,ALL_N1,,,,,,,
IT1:DF_DCSS_ISTR_LAV_PEN_2_TV_3(1.0),A,ITG1,RESPOP_AV,M,Y50-64,TOTAL,ALL,12,ALL,ALL,2019,65584,,,,,,,,ALL_N1,,,,,,,
IT1:DF_DCSS_ISTR_LAV_PEN_2_TV_3(1.0),A,ITG1,RESPOP_AV,M,Y50-64,TOTAL,ALL,12,ALL,ALL,2021,38656.9867843681,,,,,,,,ALL_N1,,,,,,,
IT1:DF_DCSS_ISTR_LAV_PEN_2_TV_3(1.0),A,ITG1,RESPOP_AV,M,Y50-64,TOTAL,ALL,12,ALL,ALL,2022,39093.6267813235,,,,,,,,ALL_N1,,,,,,,
IT1:DF_DCSS_ISTR_LAV_PEN_2_TV_3(1.0),A,ITG1,RESPOP_AV,M,Y50-64,TOTAL,ALL,12,ALL,ALL,2023,36149.14693473434,,,,,,,,ALL_N1,,,,,,,
IT1:DF_DCSS_ISTR_LAV_PEN_2_TV_3(1.0),A,ITG1,RESPOP_AV,M,Y50-64,TOTAL,ALL,12,ALL,ALL,2024,32261.741762295424,,,,,,,,ALL_N1,,,,,,,
IT1:DF_DCSS_ISTR_LAV_PEN_2_TV_3(1.0),A,ITG1,RESPOP_AV,M,Y50-64,TOTAL,ALL,22,ALL,ALL,2018,388714,,,,,,,,ALL_N1,,,,,,,
IT1:DF_DCSS_ISTR_LAV_PEN_2_TV_3(1.0),A,ITG1,RESPOP_AV,M,Y50-64,TOTAL,ALL,22,ALL,ALL,2019,391891,,,,,,,,ALL_N1,,,,,,,
IT1:DF_DCSS_ISTR_LAV_PEN_2_TV_3(1.0),A,ITG1,RESPOP_AV,M,Y50-64,TOTAL,ALL,22,ALL,ALL,2021,375739.986784368,,,,,,,,ALL_N1,,,,,,,
IT1:DF_DCSS_ISTR_LAV_PEN_2_TV_3(1.0),A,ITG1,RESPOP_AV,M,Y50-64,TOTAL,ALL,22,ALL,ALL,2022,380786.626781324,,,,,,,,ALL_N1,,,,,,,
IT1:DF_DCSS_ISTR_LAV_PEN_2_TV_3(1.0),A,ITG1,RESPOP_AV,M,Y50-64,TOTAL,ALL,22,ALL,ALL,2023,390067.14693473437,,,,,,,,ALL_N1,,,,,,,
IT1:DF_DCSS_ISTR_LAV_PEN_2_TV_3(1.0),A,ITG1,RESPOP_AV,M,Y50-64,TOTAL,ALL,22,ALL,ALL,2024,396140.7417622954,,,,,,,,ALL_N1,,,,,,,
IT1:DF_DCSS_ISTR_LAV_PEN_2_TV_3(1.0),A,ITG1,RESPOP_AV,M,Y50-64,TOTAL,ALL,23,ALL,ALL,2018,111044,,,,,,,,ALL_N1,,,,,,,
IT1:DF_DCSS_ISTR_LAV_PEN_2_TV_3(1.0),A,ITG1,RESPOP_AV,M,Y50-64,TOTAL,ALL,23,ALL,ALL,2019,113267,,,,,,,,ALL_N1,,,,,,,
IT1:DF_DCSS_ISTR_LAV_PEN_2_TV_3(1.0),A,ITG1,RESPOP_AV,M,Y50-64,TOTAL,ALL,23,ALL,ALL,2021,141108.013215632,,,,,,,,ALL_N1,,,,,,,
IT1:DF_DCSS_ISTR_LAV_PEN_2_TV_3(1.0),A,ITG1,RESPOP_AV,M,Y50-64,TOTAL,ALL,23,ALL,ALL,2022,139517.373218677,,,,,,,,ALL_N1,,,,,,,
IT1:DF_DCSS_ISTR_LAV_PEN_2_TV_3(1.0),A,ITG1,RESPOP_AV,M,Y50-64,TOTAL,ALL,23,ALL,ALL,2023,133830.85306526566,,,,,,,,ALL_N1,,,,,,,
IT1:DF_DCSS_ISTR_LAV_PEN_2_TV_3(1.0),A,ITG1,RESPOP_AV,M,Y50-64,TOTAL,ALL,23,ALL,ALL,2024,130769.25823770458,,,,,,,,ALL_N1,,,,,,,
IT1:DF_DCSS_ISTR_LAV_PEN_2_TV_3(1.0),A,ITG1,RESPOP_AV,M,Y50-64,TOTAL,ALL,24,ALL,ALL,2018,44548,,,,,,,,ALL_N1,,,,,,,
IT1:DF_DCSS_ISTR_LAV_PEN_2_TV_3(1.0),A,ITG1,RESPOP_AV,M,Y50-64,TOTAL,ALL,24,ALL,ALL,2019,47305,,,,,,,,ALL_N1,,,,,,,
IT1:DF_DCSS_ISTR_LAV_PEN_2_TV_3(1.0),A,ITG1,RESPOP_AV,M,Y50-64,TOTAL,ALL,24,ALL,ALL,2021,46990.7946202445,,,,,,,,ALL_N1,,,,,,,
IT1:DF_DCSS_ISTR_LAV_PEN_2_TV_3(1.0),A,ITG1,RESPOP_AV,M,Y50-64,TOTAL,ALL,24,ALL,ALL,2022,46021.8889733464,,,,,,,,ALL_N1,,,,,,,
IT1:DF_DCSS_ISTR_LAV_PEN_2_TV_3(1.0),A,ITG1,RESPOP_AV,M,Y50-64,TOTAL,ALL,24,ALL,ALL,2023,41527.894638887155,,,,,,,,ALL_N1,,,,,,,
IT1:DF_DCSS_ISTR_LAV_PEN_2_TV_3(1.0),A,ITG1,RESPOP_AV,M,Y50-64,TOTAL,ALL,24,ALL,ALL,2024,39754.438462010046,,,,,,,,ALL_N1,,,,,,,
IT1:DF_DCSS_ISTR_LAV_PEN_2_TV_3(1.0),A,ITG1,RESPOP_AV,M,Y50-64,TOTAL,ALL,4,ALL,ALL,2018,11143,,,,,,,,ALL_N1,,,,,,,
IT1:DF_DCSS_ISTR_LAV_PEN_2_TV_3(1.0),A,ITG1,RESPOP_AV,M,Y50-64,TOTAL,ALL,4,ALL,ALL,2019,11413,,,,,,,,ALL_N1,,,,,,,
IT1:DF_DCSS_ISTR_LAV_PEN_2_TV_3(1.0),A,ITG1,RESPOP_AV,M,Y50-64,TOTAL,ALL,4,ALL,ALL,2021,21119.6026388901,,,,,,,,ALL_N1,,,,,,,
IT1:DF_DCSS_ISTR_LAV_PEN_2_TV_3(1.0),A,ITG1,RESPOP_AV,M,Y50-64,TOTAL,ALL,4,ALL,ALL,2022,21344.2410091142,,,,,,,,ALL_N1,,,,,,,
IT1:DF_DCSS_ISTR_LAV_PEN_2_TV_3(1.0),A,ITG1,RESPOP_AV,M,Y50-64,TOTAL,ALL,4,ALL,ALL,2023,23151.930797991903,,,,,,,,ALL_N1,,,,,,,
IT1:DF_DCSS_ISTR_LAV_PEN_2_TV_3(1.0),A,ITG1,RESPOP_AV,M,Y50-64,TOTAL,ALL,4,ALL,ALL,2024,20859.6578971239,,,,,,,,ALL_N1,,,,,,,
IT1:DF_DCSS_ISTR_LAV_PEN_2_TV_3(1.0),A,ITG1,RESPOP_AV,M,Y50-64,TOTAL,ALL,5,ALL,ALL,2018,150,,,,,,,,ALL_N1,,,,,,,
IT1:DF_DCSS_ISTR_LAV_PEN_2_TV_3(1.0),A,ITG1,RESPOP_AV,M,Y50-64,TOTAL,ALL,5,ALL,ALL,2019,142,,,,,,,,ALL_N1,,,,,,,
IT1:DF_DCSS_ISTR_LAV_PEN_2_TV_3(1.0),A,ITG1,RESPOP_AV,M,Y50-64,TOTAL,ALL,5,ALL,ALL,2021,346.214158169154,,,,,,,,ALL_N1,,,,,,,
IT1:DF_DCSS_ISTR_LAV_PEN_2_TV_3(1.0),A,ITG1,RESPOP_AV,M,Y50-64,TOTAL,ALL,5,ALL,ALL,2022,498.594008401931,,,,,,,,ALL_N1,,,,,,,
IT1:DF_DCSS_ISTR_LAV_PEN_2_TV_3(1.0),A,ITG1,RESPOP_AV,M,Y50-64,TOTAL,ALL,5,ALL,ALL,2023,413.64677784937413,,,,,,,,ALL_N1,,,,,,,
IT1:DF_DCSS_ISTR_LAV_PEN_2_TV_3(1.0),A,ITG1,RESPOP_AV,M,Y50-64,TOTAL,ALL,5,ALL,ALL,2024,613.3731046396742,,,,,,,,ALL_N1,,,,,,,
IT1:DF_DCSS_ISTR_LAV_PEN_2_TV_3(1.0),A,ITG1,RESPOP_AV,M,Y50-64,TOTAL,ALL,7,ALL,ALL,2018,55203,,,,,,,,ALL_N1,,,,,,,
IT1:DF_DCSS_ISTR_LAV_PEN_2_TV_3(1.0),A,ITG1,RESPOP_AV,M,Y50-64,TOTAL,ALL,7,ALL,ALL,2019,54407,,,,,,,,ALL_N1,,,,,,,
IT1:DF_DCSS_ISTR_LAV_PEN_2_TV_3(1.0),A,ITG1,RESPOP_AV,M,Y50-64,TOTAL,ALL,7,ALL,ALL,2021,72651.4017983281,,,,,,,,ALL_N1,,,,,,,
IT1:DF_DCSS_ISTR_LAV_PEN_2_TV_3(1.0),A,ITG1,RESPOP_AV,M,Y50-64,TOTAL,ALL,7,ALL,ALL,2022,71652.649227814,,,,,,,,ALL_N1,,,,,,,
IT1:DF_DCSS_ISTR_LAV_PEN_2_TV_3(1.0),A,ITG1,RESPOP_AV,M,Y50-64,TOTAL,ALL,7,ALL,ALL,2023,68737.38085053723,,,,,,,,ALL_N1,,,,,,,
IT1:DF_DCSS_ISTR_LAV_PEN_2_TV_3(1.0),A,ITG1,RESPOP_AV,M,Y50-64,TOTAL,ALL,7,ALL,ALL,2024,69541.78877393095,,,,,,,,ALL_N1,,,,,,,
IT1:DF_DCSS_ISTR_LAV_PEN_2_TV_3(1.0),A,ITG1,RESPOP_AV,M,Y50-64,TOTAL,ALL,99,ALL,ALL,2018,499758,,,,,,,,ALL_N1,99_N1,,,,,,
IT1:DF_DCSS_ISTR_LAV_PEN_2_TV_3(1.0),A,ITG1,RESPOP_AV,M,Y50-64,TOTAL,ALL,99,ALL,ALL,2019,505158,,,,,,,,ALL_N1,99_N1,,,,,,
IT1:DF_DCSS_ISTR_LAV_PEN_2_TV_3(1.0),A,ITG1,RESPOP_AV,M,Y50-64,TOTAL,ALL,99,ALL,ALL,2020,506239,,,,,,,,ALL_N1,99_N1,,,,,,
IT1:DF_DCSS_ISTR_LAV_PEN_2_TV_3(1.0),A,ITG1,RESPOP_AV,M,Y50-64,TOTAL,ALL,99,ALL,ALL,2021,516848,,,,,,,,ALL_N1,99_N1,,,,,,
IT1:DF_DCSS_ISTR_LAV_PEN_2_TV_3(1.0),A,ITG1,RESPOP_AV,M,Y50-64,TOTAL,ALL,99,ALL,ALL,2022,520304,,,,,,,,ALL_N1,99_N1,,,,,,
IT1:DF_DCSS_ISTR_LAV_PEN_2_TV_3(1.0),A,ITG1,RESPOP_AV,M,Y50-64,TOTAL,ALL,99,ALL,ALL,2023,523898,,,,,,,,ALL_N1,99_N1,,,,,,
IT1:DF_DCSS_ISTR_LAV_PEN_2_TV_3(1.0),A,ITG1,RESPOP_AV,M,Y50-64,TOTAL,ALL,99,ALL,ALL,2024,526910,,,,,,,,ALL_N1,99_N1,,,,,,
IT1:DF_DCSS_ISTR_LAV_PEN_2_TV_3(1.0),A,ITG1,RESPOP_AV,T,Y_GE15,TOTAL,ALL,1,ALL,ALL,2018,1454343,,,,,,,,ALL_N1,,,,,,,
IT1:DF_DCSS_ISTR_LAV_PEN_2_TV_3(1.0),A,ITG1,RESPOP_AV,T,Y_GE15,TOTAL,ALL,1,ALL,ALL,2019,1472130,,,,,,,,ALL_N1,,,,,,,
IT1:DF_DCSS_ISTR_LAV_PEN_2_TV_3(1.0),A,ITG1,RESPOP_AV,T,Y_GE15,TOTAL,ALL,1,ALL,ALL,2021,1497357,,,,,,,,ALL_N1,,,,,,,
IT1:DF_DCSS_ISTR_LAV_PEN_2_TV_3(1.0),A,ITG1,RESPOP_AV,T,Y_GE15,TOTAL,ALL,1,ALL,ALL,2022,1526210,,,,,,,,ALL_N1,,,,,,,
IT1:DF_DCSS_ISTR_LAV_PEN_2_TV_3(1.0),A,ITG1,RESPOP_AV,T,Y_GE15,TOTAL,ALL,1,ALL,ALL,2023,1566947,,,,,,,,ALL_N1,,,,,,,
IT1:DF_DCSS_ISTR_LAV_PEN_2_TV_3(1.0),A,ITG1,RESPOP_AV,T,Y_GE15,TOTAL,ALL,1,ALL,ALL,2024,1606722,,,,,,,,ALL_N1,,,,,,,
IT1:DF_DCSS_ISTR_LAV_PEN_2_TV_3(1.0),A,ITG1,RESPOP_AV,T,Y_GE15,TOTAL,ALL,12,ALL,ALL,2018,529345,,,,,,,,ALL_N1,,,,,,,
IT1:DF_DCSS_ISTR_LAV_PEN_2_TV_3(1.0),A,ITG1,RESPOP_AV,T,Y_GE15,TOTAL,ALL,12,ALL,ALL,2019,508893,,,,,,,,ALL_N1,,,,,,,
IT1:DF_DCSS_ISTR_LAV_PEN_2_TV_3(1.0),A,ITG1,RESPOP_AV,T,Y_GE15,TOTAL,ALL,12,ALL,ALL,2021,276973.64476288,,,,,,,,ALL_N1,,,,,,,
IT1:DF_DCSS_ISTR_LAV_PEN_2_TV_3(1.0),A,ITG1,RESPOP_AV,T,Y_GE15,TOTAL,ALL,12,ALL,ALL,2022,280830.521267515,,,,,,,,ALL_N1,,,,,,,
IT1:DF_DCSS_ISTR_LAV_PEN_2_TV_3(1.0),A,ITG1,RESPOP_AV,T,Y_GE15,TOTAL,ALL,12,ALL,ALL,2023,261236.67382278174,,,,,,,,ALL_N1,,,,,,,
IT1:DF_DCSS_ISTR_LAV_PEN_2_TV_3(1.0),A,ITG1,RESPOP_AV,T,Y_GE15,TOTAL,ALL,12,ALL,ALL,2024,223638.9999999613,,,,,,,,ALL_N1,,,,,,,
IT1:DF_DCSS_ISTR_LAV_PEN_2_TV_3(1.0),A,ITG1,RESPOP_AV,T,Y_GE15,TOTAL,ALL,22,ALL,ALL,2018,1983688,,,,,,,,ALL_N1,,,,,,,
IT1:DF_DCSS_ISTR_LAV_PEN_2_TV_3(1.0),A,ITG1,RESPOP_AV,T,Y_GE15,TOTAL,ALL,22,ALL,ALL,2019,1981023,,,,,,,,ALL_N1,,,,,,,
IT1:DF_DCSS_ISTR_LAV_PEN_2_TV_3(1.0),A,ITG1,RESPOP_AV,T,Y_GE15,TOTAL,ALL,22,ALL,ALL,2021,1774330.64476288,,,,,,,,ALL_N1,,,,,,,
IT1:DF_DCSS_ISTR_LAV_PEN_2_TV_3(1.0),A,ITG1,RESPOP_AV,T,Y_GE15,TOTAL,ALL,22,ALL,ALL,2022,1807040.52126752,,,,,,,,ALL_N1,,,,,,,
IT1:DF_DCSS_ISTR_LAV_PEN_2_TV_3(1.0),A,ITG1,RESPOP_AV,T,Y_GE15,TOTAL,ALL,22,ALL,ALL,2023,1828183.6738227818,,,,,,,,ALL_N1,,,,,,,
IT1:DF_DCSS_ISTR_LAV_PEN_2_TV_3(1.0),A,ITG1,RESPOP_AV,T,Y_GE15,TOTAL,ALL,22,ALL,ALL,2024,1830360.9999999614,,,,,,,,ALL_N1,,,,,,,
IT1:DF_DCSS_ISTR_LAV_PEN_2_TV_3(1.0),A,ITG1,RESPOP_AV,T,Y_GE15,TOTAL,ALL,23,ALL,ALL,2018,2248530,,,,,,,,ALL_N1,,,,,,,
IT1:DF_DCSS_ISTR_LAV_PEN_2_TV_3(1.0),A,ITG1,RESPOP_AV,T,Y_GE15,TOTAL,ALL,23,ALL,ALL,2019,2231878,,,,,,,,ALL_N1,,,,,,,
IT1:DF_DCSS_ISTR_LAV_PEN_2_TV_3(1.0),A,ITG1,RESPOP_AV,T,Y_GE15,TOTAL,ALL,23,ALL,ALL,2021,2408474.35523712,,,,,,,,ALL_N1,,,,,,,
IT1:DF_DCSS_ISTR_LAV_PEN_2_TV_3(1.0),A,ITG1,RESPOP_AV,T,Y_GE15,TOTAL,ALL,23,ALL,ALL,2022,2367219.47873248,,,,,,,,ALL_N1,,,,,,,
IT1:DF_DCSS_ISTR_LAV_PEN_2_TV_3(1.0),A,ITG1,RESPOP_AV,T,Y_GE15,TOTAL,ALL,23,ALL,ALL,2023,2341222.3261772185,,,,,,,,ALL_N1,,,,,,,
IT1:DF_DCSS_ISTR_LAV_PEN_2_TV_3(1.0),A,ITG1,RESPOP_AV,T,Y_GE15,TOTAL,ALL,23,ALL,ALL,2024,2341592.0000000386,,,,,,,,ALL_N1,,,,,,,
IT1:DF_DCSS_ISTR_LAV_PEN_2_TV_3(1.0),A,ITG1,RESPOP_AV,T,Y_GE15,TOTAL,ALL,24,ALL,ALL,2018,780045,,,,,,,,ALL_N1,,,,,,,
IT1:DF_DCSS_ISTR_LAV_PEN_2_TV_3(1.0),A,ITG1,RESPOP_AV,T,Y_GE15,TOTAL,ALL,24,ALL,ALL,2019,782801,,,,,,,,ALL_N1,,,,,,,
IT1:DF_DCSS_ISTR_LAV_PEN_2_TV_3(1.0),A,ITG1,RESPOP_AV,T,Y_GE15,TOTAL,ALL,24,ALL,ALL,2021,822842.051853579,,,,,,,,ALL_N1,,,,,,,
IT1:DF_DCSS_ISTR_LAV_PEN_2_TV_3(1.0),A,ITG1,RESPOP_AV,T,Y_GE15,TOTAL,ALL,24,ALL,ALL,2022,812428.47632193,,,,,,,,ALL_N1,,,,,,,
IT1:DF_DCSS_ISTR_LAV_PEN_2_TV_3(1.0),A,ITG1,RESPOP_AV,T,Y_GE15,TOTAL,ALL,24,ALL,ALL,2023,796818.6185968773,,,,,,,,ALL_N1,,,,,,,
IT1:DF_DCSS_ISTR_LAV_PEN_2_TV_3(1.0),A,ITG1,RESPOP_AV,T,Y_GE15,TOTAL,ALL,24,ALL,ALL,2024,815226.8169883807,,,,,,,,ALL_N1,,,,,,,
IT1:DF_DCSS_ISTR_LAV_PEN_2_TV_3(1.0),A,ITG1,RESPOP_AV,T,Y_GE15,TOTAL,ALL,4,ALL,ALL,2018,709047,,,,,,,,ALL_N1,,,,,,,
IT1:DF_DCSS_ISTR_LAV_PEN_2_TV_3(1.0),A,ITG1,RESPOP_AV,T,Y_GE15,TOTAL,ALL,4,ALL,ALL,2019,707261,,,,,,,,ALL_N1,,,,,,,
IT1:DF_DCSS_ISTR_LAV_PEN_2_TV_3(1.0),A,ITG1,RESPOP_AV,T,Y_GE15,TOTAL,ALL,4,ALL,ALL,2021,778342.788553536,,,,,,,,ALL_N1,,,,,,,
IT1:DF_DCSS_ISTR_LAV_PEN_2_TV_3(1.0),A,ITG1,RESPOP_AV,T,Y_GE15,TOTAL,ALL,4,ALL,ALL,2022,757566.438281608,,,,,,,,ALL_N1,,,,,,,
IT1:DF_DCSS_ISTR_LAV_PEN_2_TV_3(1.0),A,ITG1,RESPOP_AV,T,Y_GE15,TOTAL,ALL,4,ALL,ALL,2023,750096.0903955045,,,,,,,,ALL_N1,,,,,,,
IT1:DF_DCSS_ISTR_LAV_PEN_2_TV_3(1.0),A,ITG1,RESPOP_AV,T,Y_GE15,TOTAL,ALL,4,ALL,ALL,2024,739380.5772032905,,,,,,,,ALL_N1,,,,,,,
IT1:DF_DCSS_ISTR_LAV_PEN_2_TV_3(1.0),A,ITG1,RESPOP_AV,T,Y_GE15,TOTAL,ALL,5,ALL,ALL,2018,348922,,,,,,,,ALL_N1,,,,,,,
IT1:DF_DCSS_ISTR_LAV_PEN_2_TV_3(1.0),A,ITG1,RESPOP_AV,T,Y_GE15,TOTAL,ALL,5,ALL,ALL,2019,360745,,,,,,,,ALL_N1,,,,,,,
IT1:DF_DCSS_ISTR_LAV_PEN_2_TV_3(1.0),A,ITG1,RESPOP_AV,T,Y_GE15,TOTAL,ALL,5,ALL,ALL,2021,368425.178495661,,,,,,,,ALL_N1,,,,,,,
IT1:DF_DCSS_ISTR_LAV_PEN_2_TV_3(1.0),A,ITG1,RESPOP_AV,T,Y_GE15,TOTAL,ALL,5,ALL,ALL,2022,373780.736649011,,,,,,,,ALL_N1,,,,,,,
IT1:DF_DCSS_ISTR_LAV_PEN_2_TV_3(1.0),A,ITG1,RESPOP_AV,T,Y_GE15,TOTAL,ALL,5,ALL,ALL,2023,368888.6926272158,,,,,,,,ALL_N1,,,,,,,
IT1:DF_DCSS_ISTR_LAV_PEN_2_TV_3(1.0),A,ITG1,RESPOP_AV,T,Y_GE15,TOTAL,ALL,5,ALL,ALL,2024,363092.1162518753,,,,,,,,ALL_N1,,,,,,,
IT1:DF_DCSS_ISTR_LAV_PEN_2_TV_3(1.0),A,ITG1,RESPOP_AV,T,Y_GE15,TOTAL,ALL,7,ALL,ALL,2018,410516,,,,,,,,ALL_N1,,,,,,,
IT1:DF_DCSS_ISTR_LAV_PEN_2_TV_3(1.0),A,ITG1,RESPOP_AV,T,Y_GE15,TOTAL,ALL,7,ALL,ALL,2019,381071,,,,,,,,ALL_N1,,,,,,,
IT1:DF_DCSS_ISTR_LAV_PEN_2_TV_3(1.0),A,ITG1,RESPOP_AV,T,Y_GE15,TOTAL,ALL,7,ALL,ALL,2021,438864.336334343,,,,,,,,ALL_N1,,,,,,,
IT1:DF_DCSS_ISTR_LAV_PEN_2_TV_3(1.0),A,ITG1,RESPOP_AV,T,Y_GE15,TOTAL,ALL,7,ALL,ALL,2022,423443.827479936,,,,,,,,ALL_N1,,,,,,,
IT1:DF_DCSS_ISTR_LAV_PEN_2_TV_3(1.0),A,ITG1,RESPOP_AV,T,Y_GE15,TOTAL,ALL,7,ALL,ALL,2023,425418.92455762054,,,,,,,,ALL_N1,,,,,,,
IT1:DF_DCSS_ISTR_LAV_PEN_2_TV_3(1.0),A,ITG1,RESPOP_AV,T,Y_GE15,TOTAL,ALL,7,ALL,ALL,2024,423892.48955649213,,,,,,,,ALL_N1,,,,,,,
IT1:DF_DCSS_ISTR_LAV_PEN_2_TV_3(1.0),A,ITG1,RESPOP_AV,T,Y_GE15,TOTAL,ALL,99,ALL,ALL,2018,4232217,,,,,,,,ALL_N1,99_N1,,,,,,
IT1:DF_DCSS_ISTR_LAV_PEN_2_TV_3(1.0),A,ITG1,RESPOP_AV,T,Y_GE15,TOTAL,ALL,99,ALL,ALL,2019,4212900,,,,,,,,ALL_N1,99_N1,,,,,,
IT1:DF_DCSS_ISTR_LAV_PEN_2_TV_3(1.0),A,ITG1,RESPOP_AV,T,Y_GE15,TOTAL,ALL,99,ALL,ALL,2021,4182805,,,,,,,,ALL_N1,99_N1,,,,,,
IT1:DF_DCSS_ISTR_LAV_PEN_2_TV_3(1.0),A,ITG1,RESPOP_AV,T,Y_GE15,TOTAL,ALL,99,ALL,ALL,2022,4174260,,,,,,,,ALL_N1,99_N1,,,,,,
IT1:DF_DCSS_ISTR_LAV_PEN_2_TV_3(1.0),A,ITG1,RESPOP_AV,T,Y_GE15,TOTAL,ALL,99,ALL,ALL,2023,4169406,,,,,,,,ALL_N1,99_N1,,,,,,
IT1:DF_DCSS_ISTR_LAV_PEN_2_TV_3(1.0),A,ITG1,RESPOP_AV,T,Y_GE15,TOTAL,ALL,99,ALL,ALL,2024,4171953,,,,,,,,ALL_N1,99_N1,,,,,,
IT1:DF_DCSS_ISTR_LAV_PEN_2_TV_3(1.0),A,ITG1,RESPOP_AV,T,Y_GE65,TOTAL,ALL,1,ALL,ALL,2018,63632,,,,,,,,ALL_N1,,,,,,,
IT1:DF_DCSS_ISTR_LAV_PEN_2_TV_3(1.0),A,ITG1,RESPOP_AV,T,Y_GE65,TOTAL,ALL,1,ALL,ALL,2019,74076,,,,,,,,ALL_N1,,,,,,,
IT1:DF_DCSS_ISTR_LAV_PEN_2_TV_3(1.0),A,ITG1,RESPOP_AV,T,Y_GE65,TOTAL,ALL,1,ALL,ALL,2021,60846,,,,,,,,ALL_N1,,,,,,,
IT1:DF_DCSS_ISTR_LAV_PEN_2_TV_3(1.0),A,ITG1,RESPOP_AV,T,Y_GE65,TOTAL,ALL,1,ALL,ALL,2022,70599,,,,,,,,ALL_N1,,,,,,,
IT1:DF_DCSS_ISTR_LAV_PEN_2_TV_3(1.0),A,ITG1,RESPOP_AV,T,Y_GE65,TOTAL,ALL,1,ALL,ALL,2023,69300,,,,,,,,ALL_N1,,,,,,,
IT1:DF_DCSS_ISTR_LAV_PEN_2_TV_3(1.0),A,ITG1,RESPOP_AV,T,Y_GE65,TOTAL,ALL,1,ALL,ALL,2024,74916,,,,,,,,ALL_N1,,,,,,,
IT1:DF_DCSS_ISTR_LAV_PEN_2_TV_3(1.0),A,ITG1,RESPOP_AV,T,Y_GE65,TOTAL,ALL,12,ALL,ALL,2018,4904,,,,,,,,ALL_N1,,,,,,,
IT1:DF_DCSS_ISTR_LAV_PEN_2_TV_3(1.0),A,ITG1,RESPOP_AV,T,Y_GE65,TOTAL,ALL,12,ALL,ALL,2019,5416,,,,,,,,ALL_N1,,,,,,,
IT1:DF_DCSS_ISTR_LAV_PEN_2_TV_3(1.0),A,ITG1,RESPOP_AV,T,Y_GE65,TOTAL,ALL,12,ALL,ALL,2021,3176.63092198909,,,,,,,,ALL_N1,,,,,,,
IT1:DF_DCSS_ISTR_LAV_PEN_2_TV_3(1.0),A,ITG1,RESPOP_AV,T,Y_GE65,TOTAL,ALL,12,ALL,ALL,2022,1976.58675274604,,,,,,,,ALL_N1,,,,,,,
IT1:DF_DCSS_ISTR_LAV_PEN_2_TV_3(1.0),A,ITG1,RESPOP_AV,T,Y_GE65,TOTAL,ALL,12,ALL,ALL,2023,2216.244613119334,,,,,,,,ALL_N1,,,,,,,
IT1:DF_DCSS_ISTR_LAV_PEN_2_TV_3(1.0),A,ITG1,RESPOP_AV,T,Y_GE65,TOTAL,ALL,12,ALL,ALL,2024,1974.5613498009855,,,,,,,,ALL_N1,,,,,,,
IT1:DF_DCSS_ISTR_LAV_PEN_2_TV_3(1.0),A,ITG1,RESPOP_AV,T,Y_GE65,TOTAL,ALL,22,ALL,ALL,2018,68536,,,,,,,,ALL_N1,,,,,,,
IT1:DF_DCSS_ISTR_LAV_PEN_2_TV_3(1.0),A,ITG1,RESPOP_AV,T,Y_GE65,TOTAL,ALL,22,ALL,ALL,2019,79492,,,,,,,,ALL_N1,,,,,,,
IT1:DF_DCSS_ISTR_LAV_PEN_2_TV_3(1.0),A,ITG1,RESPOP_AV,T,Y_GE65,TOTAL,ALL,22,ALL,ALL,2021,64022.6309219891,,,,,,,,ALL_N1,,,,,,,
IT1:DF_DCSS_ISTR_LAV_PEN_2_TV_3(1.0),A,ITG1,RESPOP_AV,T,Y_GE65,TOTAL,ALL,22,ALL,ALL,2022,72575.586752746,,,,,,,,ALL_N1,,,,,,,
IT1:DF_DCSS_ISTR_LAV_PEN_2_TV_3(1.0),A,ITG1,RESPOP_AV,T,Y_GE65,TOTAL,ALL,22,ALL,ALL,2023,71516.24461311933,,,,,,,,ALL_N1,,,,,,,
IT1:DF_DCSS_ISTR_LAV_PEN_2_TV_3(1.0),A,ITG1,RESPOP_AV,T,Y_GE65,TOTAL,ALL,22,ALL,ALL,2024,76890.56134980099,,,,,,,,ALL_N1,,,,,,,
IT1:DF_DCSS_ISTR_LAV_PEN_2_TV_3(1.0),A,ITG1,RESPOP_AV,T,Y_GE65,TOTAL,ALL,23,ALL,ALL,2018,972012,,,,,,,,ALL_N1,,,,,,,
IT1:DF_DCSS_ISTR_LAV_PEN_2_TV_3(1.0),A,ITG1,RESPOP_AV,T,Y_GE65,TOTAL,ALL,23,ALL,ALL,2019,976718,,,,,,,,ALL_N1,,,,,,,
IT1:DF_DCSS_ISTR_LAV_PEN_2_TV_3(1.0),A,ITG1,RESPOP_AV,T,Y_GE65,TOTAL,ALL,23,ALL,ALL,2021,1025946.36907801,,,,,,,,ALL_N1,,,,,,,
IT1:DF_DCSS_ISTR_LAV_PEN_2_TV_3(1.0),A,ITG1,RESPOP_AV,T,Y_GE65,TOTAL,ALL,23,ALL,ALL,2022,1027694.41324725,,,,,,,,ALL_N1,,,,,,,
IT1:DF_DCSS_ISTR_LAV_PEN_2_TV_3(1.0),A,ITG1,RESPOP_AV,T,Y_GE65,TOTAL,ALL,23,ALL,ALL,2023,1043078.7553868807,,,,,,,,ALL_N1,,,,,,,
IT1:DF_DCSS_ISTR_LAV_PEN_2_TV_3(1.0),A,ITG1,RESPOP_AV,T,Y_GE65,TOTAL,ALL,23,ALL,ALL,2024,1056955.438650199,,,,,,,,ALL_N1,,,,,,,
IT1:DF_DCSS_ISTR_LAV_PEN_2_TV_3(1.0),A,ITG1,RESPOP_AV,T,Y_GE65,TOTAL,ALL,24,ALL,ALL,2018,695911,,,,,,,,ALL_N1,,,,,,,
IT1:DF_DCSS_ISTR_LAV_PEN_2_TV_3(1.0),A,ITG1,RESPOP_AV,T,Y_GE65,TOTAL,ALL,24,ALL,ALL,2019,693845,,,,,,,,ALL_N1,,,,,,,
IT1:DF_DCSS_ISTR_LAV_PEN_2_TV_3(1.0),A,ITG1,RESPOP_AV,T,Y_GE65,TOTAL,ALL,24,ALL,ALL,2021,735407.546871075,,,,,,,,ALL_N1,,,,,,,
IT1:DF_DCSS_ISTR_LAV_PEN_2_TV_3(1.0),A,ITG1,RESPOP_AV,T,Y_GE65,TOTAL,ALL,24,ALL,ALL,2022,727701.720768068,,,,,,,,ALL_N1,,,,,,,
IT1:DF_DCSS_ISTR_LAV_PEN_2_TV_3(1.0),A,ITG1,RESPOP_AV,T,Y_GE65,TOTAL,ALL,24,ALL,ALL,2023,720114.5757799369,,,,,,,,ALL_N1,,,,,,,
IT1:DF_DCSS_ISTR_LAV_PEN_2_TV_3(1.0),A,ITG1,RESPOP_AV,T,Y_GE65,TOTAL,ALL,24,ALL,ALL,2024,739627.3256469021,,,,,,,,ALL_N1,,,,,,,
IT1:DF_DCSS_ISTR_LAV_PEN_2_TV_3(1.0),A,ITG1,RESPOP_AV,T,Y_GE65,TOTAL,ALL,4,ALL,ALL,2018,150845,,,,,,,,ALL_N1,,,,,,,
IT1:DF_DCSS_ISTR_LAV_PEN_2_TV_3(1.0),A,ITG1,RESPOP_AV,T,Y_GE65,TOTAL,ALL,4,ALL,ALL,2019,161355,,,,,,,,ALL_N1,,,,,,,
IT1:DF_DCSS_ISTR_LAV_PEN_2_TV_3(1.0),A,ITG1,RESPOP_AV,T,Y_GE65,TOTAL,ALL,4,ALL,ALL,2021,169035.74972377,,,,,,,,ALL_N1,,,,,,,
IT1:DF_DCSS_ISTR_LAV_PEN_2_TV_3(1.0),A,ITG1,RESPOP_AV,T,Y_GE65,TOTAL,ALL,4,ALL,ALL,2022,177005.420633368,,,,,,,,ALL_N1,,,,,,,
IT1:DF_DCSS_ISTR_LAV_PEN_2_TV_3(1.0),A,ITG1,RESPOP_AV,T,Y_GE65,TOTAL,ALL,4,ALL,ALL,2023,184335.24871395255,,,,,,,,ALL_N1,,,,,,,
IT1:DF_DCSS_ISTR_LAV_PEN_2_TV_3(1.0),A,ITG1,RESPOP_AV,T,Y_GE65,TOTAL,ALL,4,ALL,ALL,2024,186869.45895640957,,,,,,,,ALL_N1,,,,,,,
IT1:DF_DCSS_ISTR_LAV_PEN_2_TV_3(1.0),A,ITG1,RESPOP_AV,T,Y_GE65,TOTAL,ALL,5,ALL,ALL,2018,39,,,,,,,,ALL_N1,,,,,,,
IT1:DF_DCSS_ISTR_LAV_PEN_2_TV_3(1.0),A,ITG1,RESPOP_AV,T,Y_GE65,TOTAL,ALL,5,ALL,ALL,2019,37,,,,,,,,ALL_N1,,,,,,,
IT1:DF_DCSS_ISTR_LAV_PEN_2_TV_3(1.0),A,ITG1,RESPOP_AV,T,Y_GE65,TOTAL,ALL,5,ALL,ALL,2021,0.0108865537859062,,,,,,,,ALL_N1,,,,,,,
IT1:DF_DCSS_ISTR_LAV_PEN_2_TV_3(1.0),A,ITG1,RESPOP_AV,T,Y_GE65,TOTAL,ALL,5,ALL,ALL,2022,179.710827115776,,,,,,,,ALL_N1,,,,,,,
IT1:DF_DCSS_ISTR_LAV_PEN_2_TV_3(1.0),A,ITG1,RESPOP_AV,T,Y_GE65,TOTAL,ALL,5,ALL,ALL,2023,294.91889733357016,,,,,,,,ALL_N1,,,,,,,
IT1:DF_DCSS_ISTR_LAV_PEN_2_TV_3(1.0),A,ITG1,RESPOP_AV,T,Y_GE65,TOTAL,ALL,5,ALL,ALL,2024,115.30364878826425,,,,,,,,ALL_N1,,,,,,,
IT1:DF_DCSS_ISTR_LAV_PEN_2_TV_3(1.0),A,ITG1,RESPOP_AV,T,Y_GE65,TOTAL,ALL,7,ALL,ALL,2018,125217,,,,,,,,ALL_N1,,,,,,,
IT1:DF_DCSS_ISTR_LAV_PEN_2_TV_3(1.0),A,ITG1,RESPOP_AV,T,Y_GE65,TOTAL,ALL,7,ALL,ALL,2019,121481,,,,,,,,ALL_N1,,,,,,,
IT1:DF_DCSS_ISTR_LAV_PEN_2_TV_3(1.0),A,ITG1,RESPOP_AV,T,Y_GE65,TOTAL,ALL,7,ALL,ALL,2021,121503.061596612,,,,,,,,ALL_N1,,,,,,,
IT1:DF_DCSS_ISTR_LAV_PEN_2_TV_3(1.0),A,ITG1,RESPOP_AV,T,Y_GE65,TOTAL,ALL,7,ALL,ALL,2022,122807.561018702,,,,,,,,ALL_N1,,,,,,,
IT1:DF_DCSS_ISTR_LAV_PEN_2_TV_3(1.0),A,ITG1,RESPOP_AV,T,Y_GE65,TOTAL,ALL,7,ALL,ALL,2023,138334.01199565773,,,,,,,,ALL_N1,,,,,,,
IT1:DF_DCSS_ISTR_LAV_PEN_2_TV_3(1.0),A,ITG1,RESPOP_AV,T,Y_GE65,TOTAL,ALL,7,ALL,ALL,2024,130343.35039809914,,,,,,,,ALL_N1,,,,,,,
IT1:DF_DCSS_ISTR_LAV_PEN_2_TV_3(1.0),A,ITG1,RESPOP_AV,T,Y_GE65,TOTAL,ALL,99,ALL,ALL,2018,1040548,,,,,,,,ALL_N1,99_N1,,,,,,
IT1:DF_DCSS_ISTR_LAV_PEN_2_TV_3(1.0),A,ITG1,RESPOP_AV,T,Y_GE65,TOTAL,ALL,99,ALL,ALL,2019,1056210,,,,,,,,ALL_N1,99_N1,,,,,,
IT1:DF_DCSS_ISTR_LAV_PEN_2_TV_3(1.0),A,ITG1,RESPOP_AV,T,Y_GE65,TOTAL,ALL,99,ALL,ALL,2020,1079447,,,,,,,,ALL_N1,99_N1,,,,,,
IT1:DF_DCSS_ISTR_LAV_PEN_2_TV_3(1.0),A,ITG1,RESPOP_AV,T,Y_GE65,TOTAL,ALL,99,ALL,ALL,2021,1089969,,,,,,,,ALL_N1,99_N1,,,,,,
IT1:DF_DCSS_ISTR_LAV_PEN_2_TV_3(1.0),A,ITG1,RESPOP_AV,T,Y_GE65,TOTAL,ALL,99,ALL,ALL,2022,1100270,,,,,,,,ALL_N1,99_N1,,,,,,
IT1:DF_DCSS_ISTR_LAV_PEN_2_TV_3(1.0),A,ITG1,RESPOP_AV,T,Y_GE65,TOTAL,ALL,99,ALL,ALL,2023,1114595,,,,,,,,ALL_N1,99_N1,,,,,,
IT1:DF_DCSS_ISTR_LAV_PEN_2_TV_3(1.0),A,ITG1,RESPOP_AV,T,Y_GE65,TOTAL,ALL,99,ALL,ALL,2024,1133846,,,,,,,,ALL_N1,99_N1,,,,,,
IT1:DF_DCSS_ISTR_LAV_PEN_2_TV_3(1.0),A,ITG1,RESPOP_AV,T,Y15-24,TOTAL,ALL,1,ALL,ALL,2018,60941,,,,,,,,ALL_N1,,,,,,,
IT1:DF_DCSS_ISTR_LAV_PEN_2_TV_3(1.0),A,ITG1,RESPOP_AV,T,Y15-24,TOTAL,ALL,1,ALL,ALL,2019,62558,,,,,,,,ALL_N1,,,,,,,
IT1:DF_DCSS_ISTR_LAV_PEN_2_TV_3(1.0),A,ITG1,RESPOP_AV,T,Y15-24,TOTAL,ALL,1,ALL,ALL,2021,66499,,,,,,,,ALL_N1,,,,,,,
IT1:DF_DCSS_ISTR_LAV_PEN_2_TV_3(1.0),A,ITG1,RESPOP_AV,T,Y15-24,TOTAL,ALL,1,ALL,ALL,2022,72565,,,,,,,,ALL_N1,,,,,,,
IT1:DF_DCSS_ISTR_LAV_PEN_2_TV_3(1.0),A,ITG1,RESPOP_AV,T,Y15-24,TOTAL,ALL,1,ALL,ALL,2023,75488,,,,,,,,ALL_N1,,,,,,,
IT1:DF_DCSS_ISTR_LAV_PEN_2_TV_3(1.0),A,ITG1,RESPOP_AV,T,Y15-24,TOTAL,ALL,1,ALL,ALL,2024,79174,,,,,,,,ALL_N1,,,,,,,
IT1:DF_DCSS_ISTR_LAV_PEN_2_TV_3(1.0),A,ITG1,RESPOP_AV,T,Y15-24,TOTAL,ALL,12,ALL,ALL,2018,88934,,,,,,,,ALL_N1,,,,,,,
IT1:DF_DCSS_ISTR_LAV_PEN_2_TV_3(1.0),A,ITG1,RESPOP_AV,T,Y15-24,TOTAL,ALL,12,ALL,ALL,2019,85652,,,,,,,,ALL_N1,,,,,,,
IT1:DF_DCSS_ISTR_LAV_PEN_2_TV_3(1.0),A,ITG1,RESPOP_AV,T,Y15-24,TOTAL,ALL,12,ALL,ALL,2021,46710.2439578994,,,,,,,,ALL_N1,,,,,,,
IT1:DF_DCSS_ISTR_LAV_PEN_2_TV_3(1.0),A,ITG1,RESPOP_AV,T,Y15-24,TOTAL,ALL,12,ALL,ALL,2022,46415.8854669297,,,,,,,,ALL_N1,,,,,,,
IT1:DF_DCSS_ISTR_LAV_PEN_2_TV_3(1.0),A,ITG1,RESPOP_AV,T,Y15-24,TOTAL,ALL,12,ALL,ALL,2023,44427.49745377027,,,,,,,,ALL_N1,,,,,,,
IT1:DF_DCSS_ISTR_LAV_PEN_2_TV_3(1.0),A,ITG1,RESPOP_AV,T,Y15-24,TOTAL,ALL,12,ALL,ALL,2024,38110.91759292209,,,,,,,,ALL_N1,,,,,,,
IT1:DF_DCSS_ISTR_LAV_PEN_2_TV_3(1.0),A,ITG1,RESPOP_AV,T,Y15-24,TOTAL,ALL,22,ALL,ALL,2018,149875,,,,,,,,ALL_N1,,,,,,,
IT1:DF_DCSS_ISTR_LAV_PEN_2_TV_3(1.0),A,ITG1,RESPOP_AV,T,Y15-24,TOTAL,ALL,22,ALL,ALL,2019,148210,,,,,,,,ALL_N1,,,,,,,
IT1:DF_DCSS_ISTR_LAV_PEN_2_TV_3(1.0),A,ITG1,RESPOP_AV,T,Y15-24,TOTAL,ALL,22,ALL,ALL,2021,113209.243957899,,,,,,,,ALL_N1,,,,,,,
IT1:DF_DCSS_ISTR_LAV_PEN_2_TV_3(1.0),A,ITG1,RESPOP_AV,T,Y15-24,TOTAL,ALL,22,ALL,ALL,2022,118980.88546693,,,,,,,,ALL_N1,,,,,,,
IT1:DF_DCSS_ISTR_LAV_PEN_2_TV_3(1.0),A,ITG1,RESPOP_AV,T,Y15-24,TOTAL,ALL,22,ALL,ALL,2023,119915.49745377027,,,,,,,,ALL_N1,,,,,,,
IT1:DF_DCSS_ISTR_LAV_PEN_2_TV_3(1.0),A,ITG1,RESPOP_AV,T,Y15-24,TOTAL,ALL,22,ALL,ALL,2024,117284.9175929221,,,,,,,,ALL_N1,,,,,,,
IT1:DF_DCSS_ISTR_LAV_PEN_2_TV_3(1.0),A,ITG1,RESPOP_AV,T,Y15-24,TOTAL,ALL,23,ALL,ALL,2018,388436,,,,,,,,ALL_N1,,,,,,,
IT1:DF_DCSS_ISTR_LAV_PEN_2_TV_3(1.0),A,ITG1,RESPOP_AV,T,Y15-24,TOTAL,ALL,23,ALL,ALL,2019,380949,,,,,,,,ALL_N1,,,,,,,
IT1:DF_DCSS_ISTR_LAV_PEN_2_TV_3(1.0),A,ITG1,RESPOP_AV,T,Y15-24,TOTAL,ALL,23,ALL,ALL,2021,399572.756042101,,,,,,,,ALL_N1,,,,,,,
IT1:DF_DCSS_ISTR_LAV_PEN_2_TV_3(1.0),A,ITG1,RESPOP_AV,T,Y15-24,TOTAL,ALL,23,ALL,ALL,2022,392738.11453307,,,,,,,,ALL_N1,,,,,,,
IT1:DF_DCSS_ISTR_LAV_PEN_2_TV_3(1.0),A,ITG1,RESPOP_AV,T,Y15-24,TOTAL,ALL,23,ALL,ALL,2023,390370.50254622975,,,,,,,,ALL_N1,,,,,,,
IT1:DF_DCSS_ISTR_LAV_PEN_2_TV_3(1.0),A,ITG1,RESPOP_AV,T,Y15-24,TOTAL,ALL,23,ALL,ALL,2024,391714.0824070779,,,,,,,,ALL_N1,,,,,,,
IT1:DF_DCSS_ISTR_LAV_PEN_2_TV_3(1.0),A,ITG1,RESPOP_AV,T,Y15-24,TOTAL,ALL,24,ALL,ALL,2018,864,,,,,,,,ALL_N1,,,,,,,
IT1:DF_DCSS_ISTR_LAV_PEN_2_TV_3(1.0),A,ITG1,RESPOP_AV,T,Y15-24,TOTAL,ALL,24,ALL,ALL,2019,1171,,,,,,,,ALL_N1,,,,,,,
IT1:DF_DCSS_ISTR_LAV_PEN_2_TV_3(1.0),A,ITG1,RESPOP_AV,T,Y15-24,TOTAL,ALL,24,ALL,ALL,2021,885.501484510237,,,,,,,,ALL_N1,,,,,,,
IT1:DF_DCSS_ISTR_LAV_PEN_2_TV_3(1.0),A,ITG1,RESPOP_AV,T,Y15-24,TOTAL,ALL,24,ALL,ALL,2022,1216.97424933404,,,,,,,,ALL_N1,,,,,,,
IT1:DF_DCSS_ISTR_LAV_PEN_2_TV_3(1.0),A,ITG1,RESPOP_AV,T,Y15-24,TOTAL,ALL,24,ALL,ALL,2023,974.6855910207922,,,,,,,,ALL_N1,,,,,,,
IT1:DF_DCSS_ISTR_LAV_PEN_2_TV_3(1.0),A,ITG1,RESPOP_AV,T,Y15-24,TOTAL,ALL,24,ALL,ALL,2024,1501.604058937532,,,,,,,,ALL_N1,,,,,,,
IT1:DF_DCSS_ISTR_LAV_PEN_2_TV_3(1.0),A,ITG1,RESPOP_AV,T,Y15-24,TOTAL,ALL,4,ALL,ALL,2018,27529,,,,,,,,ALL_N1,,,,,,,
IT1:DF_DCSS_ISTR_LAV_PEN_2_TV_3(1.0),A,ITG1,RESPOP_AV,T,Y15-24,TOTAL,ALL,4,ALL,ALL,2019,25330,,,,,,,,ALL_N1,,,,,,,
IT1:DF_DCSS_ISTR_LAV_PEN_2_TV_3(1.0),A,ITG1,RESPOP_AV,T,Y15-24,TOTAL,ALL,4,ALL,ALL,2021,33416.1214257713,,,,,,,,ALL_N1,,,,,,,
IT1:DF_DCSS_ISTR_LAV_PEN_2_TV_3(1.0),A,ITG1,RESPOP_AV,T,Y15-24,TOTAL,ALL,4,ALL,ALL,2022,27342.2358186596,,,,,,,,ALL_N1,,,,,,,
IT1:DF_DCSS_ISTR_LAV_PEN_2_TV_3(1.0),A,ITG1,RESPOP_AV,T,Y15-24,TOTAL,ALL,4,ALL,ALL,2023,27612.572641512026,,,,,,,,ALL_N1,,,,,,,
IT1:DF_DCSS_ISTR_LAV_PEN_2_TV_3(1.0),A,ITG1,RESPOP_AV,T,Y15-24,TOTAL,ALL,4,ALL,ALL,2024,27781.433462638775,,,,,,,,ALL_N1,,,,,,,
IT1:DF_DCSS_ISTR_LAV_PEN_2_TV_3(1.0),A,ITG1,RESPOP_AV,T,Y15-24,TOTAL,ALL,5,ALL,ALL,2018,301493,,,,,,,,ALL_N1,,,,,,,
IT1:DF_DCSS_ISTR_LAV_PEN_2_TV_3(1.0),A,ITG1,RESPOP_AV,T,Y15-24,TOTAL,ALL,5,ALL,ALL,2019,311017,,,,,,,,ALL_N1,,,,,,,
IT1:DF_DCSS_ISTR_LAV_PEN_2_TV_3(1.0),A,ITG1,RESPOP_AV,T,Y15-24,TOTAL,ALL,5,ALL,ALL,2021,315075.774787525,,,,,,,,ALL_N1,,,,,,,
IT1:DF_DCSS_ISTR_LAV_PEN_2_TV_3(1.0),A,ITG1,RESPOP_AV,T,Y15-24,TOTAL,ALL,5,ALL,ALL,2022,320321.944291784,,,,,,,,ALL_N1,,,,,,,
IT1:DF_DCSS_ISTR_LAV_PEN_2_TV_3(1.0),A,ITG1,RESPOP_AV,T,Y15-24,TOTAL,ALL,5,ALL,ALL,2023,321042.86783842125,,,,,,,,ALL_N1,,,,,,,
IT1:DF_DCSS_ISTR_LAV_PEN_2_TV_3(1.0),A,ITG1,RESPOP_AV,T,Y15-24,TOTAL,ALL,5,ALL,ALL,2024,316362.3009084668,,,,,,,,ALL_N1,,,,,,,
IT1:DF_DCSS_ISTR_LAV_PEN_2_TV_3(1.0),A,ITG1,RESPOP_AV,T,Y15-24,TOTAL,ALL,7,ALL,ALL,2018,58550,,,,,,,,ALL_N1,,,,,,,
IT1:DF_DCSS_ISTR_LAV_PEN_2_TV_3(1.0),A,ITG1,RESPOP_AV,T,Y15-24,TOTAL,ALL,7,ALL,ALL,2019,43431,,,,,,,,ALL_N1,,,,,,,
IT1:DF_DCSS_ISTR_LAV_PEN_2_TV_3(1.0),A,ITG1,RESPOP_AV,T,Y15-24,TOTAL,ALL,7,ALL,ALL,2021,50195.3583442938,,,,,,,,ALL_N1,,,,,,,
IT1:DF_DCSS_ISTR_LAV_PEN_2_TV_3(1.0),A,ITG1,RESPOP_AV,T,Y15-24,TOTAL,ALL,7,ALL,ALL,2022,43856.9601732926,,,,,,,,ALL_N1,,,,,,,
IT1:DF_DCSS_ISTR_LAV_PEN_2_TV_3(1.0),A,ITG1,RESPOP_AV,T,Y15-24,TOTAL,ALL,7,ALL,ALL,2023,40740.376475275625,,,,,,,,ALL_N1,,,,,,,
IT1:DF_DCSS_ISTR_LAV_PEN_2_TV_3(1.0),A,ITG1,RESPOP_AV,T,Y15-24,TOTAL,ALL,7,ALL,ALL,2024,46068.74397703478,,,,,,,,ALL_N1,,,,,,,
IT1:DF_DCSS_ISTR_LAV_PEN_2_TV_3(1.0),A,ITG1,RESPOP_AV,T,Y15-24,TOTAL,ALL,99,ALL,ALL,2018,538311,,,,,,,,ALL_N1,99_N1,,,,,,
IT1:DF_DCSS_ISTR_LAV_PEN_2_TV_3(1.0),A,ITG1,RESPOP_AV,T,Y15-24,TOTAL,ALL,99,ALL,ALL,2019,529159,,,,,,,,ALL_N1,99_N1,,,,,,
IT1:DF_DCSS_ISTR_LAV_PEN_2_TV_3(1.0),A,ITG1,RESPOP_AV,T,Y15-24,TOTAL,ALL,99,ALL,ALL,2021,512782,,,,,,,,ALL_N1,99_N1,,,,,,
IT1:DF_DCSS_ISTR_LAV_PEN_2_TV_3(1.0),A,ITG1,RESPOP_AV,T,Y15-24,TOTAL,ALL,99,ALL,ALL,2022,511719,,,,,,,,ALL_N1,99_N1,,,,,,
IT1:DF_DCSS_ISTR_LAV_PEN_2_TV_3(1.0),A,ITG1,RESPOP_AV,T,Y15-24,TOTAL,ALL,99,ALL,ALL,2023,510286,,,,,,,,ALL_N1,99_N1,,,,,,
IT1:DF_DCSS_ISTR_LAV_PEN_2_TV_3(1.0),A,ITG1,RESPOP_AV,T,Y15-24,TOTAL,ALL,99,ALL,ALL,2024,508999,,,,,,,,ALL_N1,99_N1,,,,,,
IT1:DF_DCSS_ISTR_LAV_PEN_2_TV_3(1.0),A,ITG1,RESPOP_AV,T,Y25-49,TOTAL,ALL,1,ALL,ALL,2018,811838,,,,,,,,ALL_N1,,,,,,,
IT1:DF_DCSS_ISTR_LAV_PEN_2_TV_3(1.0),A,ITG1,RESPOP_AV,T,Y25-49,TOTAL,ALL,1,ALL,ALL,2019,808302,,,,,,,,ALL_N1,,,,,,,
IT1:DF_DCSS_ISTR_LAV_PEN_2_TV_3(1.0),A,ITG1,RESPOP_AV,T,Y25-49,TOTAL,ALL,1,ALL,ALL,2021,821535,,,,,,,,ALL_N1,,,,,,,
IT1:DF_DCSS_ISTR_LAV_PEN_2_TV_3(1.0),A,ITG1,RESPOP_AV,T,Y25-49,TOTAL,ALL,1,ALL,ALL,2022,827168,,,,,,,,ALL_N1,,,,,,,
IT1:DF_DCSS_ISTR_LAV_PEN_2_TV_3(1.0),A,ITG1,RESPOP_AV,T,Y25-49,TOTAL,ALL,1,ALL,ALL,2023,842794,,,,,,,,ALL_N1,,,,,,,
IT1:DF_DCSS_ISTR_LAV_PEN_2_TV_3(1.0),A,ITG1,RESPOP_AV,T,Y25-49,TOTAL,ALL,1,ALL,ALL,2024,853275,,,,,,,,ALL_N1,,,,,,,
IT1:DF_DCSS_ISTR_LAV_PEN_2_TV_3(1.0),A,ITG1,RESPOP_AV,T,Y25-49,TOTAL,ALL,12,ALL,ALL,2018,318904,,,,,,,,ALL_N1,,,,,,,
IT1:DF_DCSS_ISTR_LAV_PEN_2_TV_3(1.0),A,ITG1,RESPOP_AV,T,Y25-49,TOTAL,ALL,12,ALL,ALL,2019,301855,,,,,,,,ALL_N1,,,,,,,
IT1:DF_DCSS_ISTR_LAV_PEN_2_TV_3(1.0),A,ITG1,RESPOP_AV,T,Y25-49,TOTAL,ALL,12,ALL,ALL,2021,162870.864264826,,,,,,,,ALL_N1,,,,,,,
IT1:DF_DCSS_ISTR_LAV_PEN_2_TV_3(1.0),A,ITG1,RESPOP_AV,T,Y25-49,TOTAL,ALL,12,ALL,ALL,2022,165257.101490933,,,,,,,,ALL_N1,,,,,,,
IT1:DF_DCSS_ISTR_LAV_PEN_2_TV_3(1.0),A,ITG1,RESPOP_AV,T,Y25-49,TOTAL,ALL,12,ALL,ALL,2023,148465.3790089532,,,,,,,,ALL_N1,,,,,,,
IT1:DF_DCSS_ISTR_LAV_PEN_2_TV_3(1.0),A,ITG1,RESPOP_AV,T,Y25-49,TOTAL,ALL,12,ALL,ALL,2024,126496.17139297113,,,,,,,,ALL_N1,,,,,,,
IT1:DF_DCSS_ISTR_LAV_PEN_2_TV_3(1.0),A,ITG1,RESPOP_AV,T,Y25-49,TOTAL,ALL,22,ALL,ALL,2018,1130742,,,,,,,,ALL_N1,,,,,,,
IT1:DF_DCSS_ISTR_LAV_PEN_2_TV_3(1.0),A,ITG1,RESPOP_AV,T,Y25-49,TOTAL,ALL,22,ALL,ALL,2019,1110157,,,,,,,,ALL_N1,,,,,,,
IT1:DF_DCSS_ISTR_LAV_PEN_2_TV_3(1.0),A,ITG1,RESPOP_AV,T,Y25-49,TOTAL,ALL,22,ALL,ALL,2021,984405.864264826,,,,,,,,ALL_N1,,,,,,,
IT1:DF_DCSS_ISTR_LAV_PEN_2_TV_3(1.0),A,ITG1,RESPOP_AV,T,Y25-49,TOTAL,ALL,22,ALL,ALL,2022,992425.101490933,,,,,,,,ALL_N1,,,,,,,
IT1:DF_DCSS_ISTR_LAV_PEN_2_TV_3(1.0),A,ITG1,RESPOP_AV,T,Y25-49,TOTAL,ALL,22,ALL,ALL,2023,991259.3790089532,,,,,,,,ALL_N1,,,,,,,
IT1:DF_DCSS_ISTR_LAV_PEN_2_TV_3(1.0),A,ITG1,RESPOP_AV,T,Y25-49,TOTAL,ALL,22,ALL,ALL,2024,979771.1713929711,,,,,,,,ALL_N1,,,,,,,
IT1:DF_DCSS_ISTR_LAV_PEN_2_TV_3(1.0),A,ITG1,RESPOP_AV,T,Y25-49,TOTAL,ALL,23,ALL,ALL,2018,482160,,,,,,,,ALL_N1,,,,,,,
IT1:DF_DCSS_ISTR_LAV_PEN_2_TV_3(1.0),A,ITG1,RESPOP_AV,T,Y25-49,TOTAL,ALL,23,ALL,ALL,2019,466538,,,,,,,,ALL_N1,,,,,,,
IT1:DF_DCSS_ISTR_LAV_PEN_2_TV_3(1.0),A,ITG1,RESPOP_AV,T,Y25-49,TOTAL,ALL,23,ALL,ALL,2021,525344.135735174,,,,,,,,ALL_N1,,,,,,,
IT1:DF_DCSS_ISTR_LAV_PEN_2_TV_3(1.0),A,ITG1,RESPOP_AV,T,Y25-49,TOTAL,ALL,23,ALL,ALL,2022,492545.898509067,,,,,,,,ALL_N1,,,,,,,
IT1:DF_DCSS_ISTR_LAV_PEN_2_TV_3(1.0),A,ITG1,RESPOP_AV,T,Y25-49,TOTAL,ALL,23,ALL,ALL,2023,469149.62099104683,,,,,,,,ALL_N1,,,,,,,
IT1:DF_DCSS_ISTR_LAV_PEN_2_TV_3(1.0),A,ITG1,RESPOP_AV,T,Y25-49,TOTAL,ALL,23,ALL,ALL,2024,458482.8286070289,,,,,,,,ALL_N1,,,,,,,
IT1:DF_DCSS_ISTR_LAV_PEN_2_TV_3(1.0),A,ITG1,RESPOP_AV,T,Y25-49,TOTAL,ALL,24,ALL,ALL,2018,15647,,,,,,,,ALL_N1,,,,,,,
IT1:DF_DCSS_ISTR_LAV_PEN_2_TV_3(1.0),A,ITG1,RESPOP_AV,T,Y25-49,TOTAL,ALL,24,ALL,ALL,2019,17630,,,,,,,,ALL_N1,,,,,,,
IT1:DF_DCSS_ISTR_LAV_PEN_2_TV_3(1.0),A,ITG1,RESPOP_AV,T,Y25-49,TOTAL,ALL,24,ALL,ALL,2021,15964.6675164161,,,,,,,,ALL_N1,,,,,,,
IT1:DF_DCSS_ISTR_LAV_PEN_2_TV_3(1.0),A,ITG1,RESPOP_AV,T,Y25-49,TOTAL,ALL,24,ALL,ALL,2022,16957.0697329692,,,,,,,,ALL_N1,,,,,,,
IT1:DF_DCSS_ISTR_LAV_PEN_2_TV_3(1.0),A,ITG1,RESPOP_AV,T,Y25-49,TOTAL,ALL,24,ALL,ALL,2023,16114.957951740389,,,,,,,,ALL_N1,,,,,,,
IT1:DF_DCSS_ISTR_LAV_PEN_2_TV_3(1.0),A,ITG1,RESPOP_AV,T,Y25-49,TOTAL,ALL,24,ALL,ALL,2024,18029.518660982652,,,,,,,,ALL_N1,,,,,,,
IT1:DF_DCSS_ISTR_LAV_PEN_2_TV_3(1.0),A,ITG1,RESPOP_AV,T,Y25-49,TOTAL,ALL,4,ALL,ALL,2018,281875,,,,,,,,ALL_N1,,,,,,,
IT1:DF_DCSS_ISTR_LAV_PEN_2_TV_3(1.0),A,ITG1,RESPOP_AV,T,Y25-49,TOTAL,ALL,4,ALL,ALL,2019,270933,,,,,,,,ALL_N1,,,,,,,
IT1:DF_DCSS_ISTR_LAV_PEN_2_TV_3(1.0),A,ITG1,RESPOP_AV,T,Y25-49,TOTAL,ALL,4,ALL,ALL,2021,301274.778978353,,,,,,,,ALL_N1,,,,,,,
IT1:DF_DCSS_ISTR_LAV_PEN_2_TV_3(1.0),A,ITG1,RESPOP_AV,T,Y25-49,TOTAL,ALL,4,ALL,ALL,2022,280964.953515156,,,,,,,,ALL_N1,,,,,,,
IT1:DF_DCSS_ISTR_LAV_PEN_2_TV_3(1.0),A,ITG1,RESPOP_AV,T,Y25-49,TOTAL,ALL,4,ALL,ALL,2023,270986.3156270637,,,,,,,,ALL_N1,,,,,,,
IT1:DF_DCSS_ISTR_LAV_PEN_2_TV_3(1.0),A,ITG1,RESPOP_AV,T,Y25-49,TOTAL,ALL,4,ALL,ALL,2024,258482.57829100548,,,,,,,,ALL_N1,,,,,,,
IT1:DF_DCSS_ISTR_LAV_PEN_2_TV_3(1.0),A,ITG1,RESPOP_AV,T,Y25-49,TOTAL,ALL,5,ALL,ALL,2018,46897,,,,,,,,ALL_N1,,,,,,,
IT1:DF_DCSS_ISTR_LAV_PEN_2_TV_3(1.0),A,ITG1,RESPOP_AV,T,Y25-49,TOTAL,ALL,5,ALL,ALL,2019,49190,,,,,,,,ALL_N1,,,,,,,
IT1:DF_DCSS_ISTR_LAV_PEN_2_TV_3(1.0),A,ITG1,RESPOP_AV,T,Y25-49,TOTAL,ALL,5,ALL,ALL,2021,52205.6787528463,,,,,,,,ALL_N1,,,,,,,
IT1:DF_DCSS_ISTR_LAV_PEN_2_TV_3(1.0),A,ITG1,RESPOP_AV,T,Y25-49,TOTAL,ALL,5,ALL,ALL,2022,51750.5037525668,,,,,,,,ALL_N1,,,,,,,
IT1:DF_DCSS_ISTR_LAV_PEN_2_TV_3(1.0),A,ITG1,RESPOP_AV,T,Y25-49,TOTAL,ALL,5,ALL,ALL,2023,46140.67053986912,,,,,,,,ALL_N1,,,,,,,
IT1:DF_DCSS_ISTR_LAV_PEN_2_TV_3(1.0),A,ITG1,RESPOP_AV,T,Y25-49,TOTAL,ALL,5,ALL,ALL,2024,44797.37164053563,,,,,,,,ALL_N1,,,,,,,
IT1:DF_DCSS_ISTR_LAV_PEN_2_TV_3(1.0),A,ITG1,RESPOP_AV,T,Y25-49,TOTAL,ALL,7,ALL,ALL,2018,137741,,,,,,,,ALL_N1,,,,,,,
IT1:DF_DCSS_ISTR_LAV_PEN_2_TV_3(1.0),A,ITG1,RESPOP_AV,T,Y25-49,TOTAL,ALL,7,ALL,ALL,2019,128785,,,,,,,,ALL_N1,,,,,,,
IT1:DF_DCSS_ISTR_LAV_PEN_2_TV_3(1.0),A,ITG1,RESPOP_AV,T,Y25-49,TOTAL,ALL,7,ALL,ALL,2021,155899.010487559,,,,,,,,ALL_N1,,,,,,,
IT1:DF_DCSS_ISTR_LAV_PEN_2_TV_3(1.0),A,ITG1,RESPOP_AV,T,Y25-49,TOTAL,ALL,7,ALL,ALL,2022,142873.371508374,,,,,,,,ALL_N1,,,,,,,
IT1:DF_DCSS_ISTR_LAV_PEN_2_TV_3(1.0),A,ITG1,RESPOP_AV,T,Y25-49,TOTAL,ALL,7,ALL,ALL,2023,135907.67687237362,,,,,,,,ALL_N1,,,,,,,
IT1:DF_DCSS_ISTR_LAV_PEN_2_TV_3(1.0),A,ITG1,RESPOP_AV,T,Y25-49,TOTAL,ALL,7,ALL,ALL,2024,137173.3600145051,,,,,,,,ALL_N1,,,,,,,
IT1:DF_DCSS_ISTR_LAV_PEN_2_TV_3(1.0),A,ITG1,RESPOP_AV,T,Y25-49,TOTAL,ALL,99,ALL,ALL,2018,1612902,,,,,,,,ALL_N1,99_N1,,,,,,
IT1:DF_DCSS_ISTR_LAV_PEN_2_TV_3(1.0),A,ITG1,RESPOP_AV,T,Y25-49,TOTAL,ALL,99,ALL,ALL,2019,1576695,,,,,,,,ALL_N1,99_N1,,,,,,
IT1:DF_DCSS_ISTR_LAV_PEN_2_TV_3(1.0),A,ITG1,RESPOP_AV,T,Y25-49,TOTAL,ALL,99,ALL,ALL,2020,1525230,,,,,,,,ALL_N1,99_N1,,,,,,
IT1:DF_DCSS_ISTR_LAV_PEN_2_TV_3(1.0),A,ITG1,RESPOP_AV,T,Y25-49,TOTAL,ALL,99,ALL,ALL,2021,1509750,,,,,,,,ALL_N1,99_N1,,,,,,
IT1:DF_DCSS_ISTR_LAV_PEN_2_TV_3(1.0),A,ITG1,RESPOP_AV,T,Y25-49,TOTAL,ALL,99,ALL,ALL,2022,1484971,,,,,,,,ALL_N1,99_N1,,,,,,
IT1:DF_DCSS_ISTR_LAV_PEN_2_TV_3(1.0),A,ITG1,RESPOP_AV,T,Y25-49,TOTAL,ALL,99,ALL,ALL,2023,1460409,,,,,,,,ALL_N1,99_N1,,,,,,
IT1:DF_DCSS_ISTR_LAV_PEN_2_TV_3(1.0),A,ITG1,RESPOP_AV,T,Y25-49,TOTAL,ALL,99,ALL,ALL,2024,1438254,,,,,,,,ALL_N1,99_N1,,,,,,
IT1:DF_DCSS_ISTR_LAV_PEN_2_TV_3(1.0),A,ITG1,RESPOP_AV,T,Y50-64,TOTAL,ALL,1,ALL,ALL,2018,517932,,,,,,,,ALL_N1,,,,,,,
IT1:DF_DCSS_ISTR_LAV_PEN_2_TV_3(1.0),A,ITG1,RESPOP_AV,T,Y50-64,TOTAL,ALL,1,ALL,ALL,2019,527194,,,,,,,,ALL_N1,,,,,,,
IT1:DF_DCSS_ISTR_LAV_PEN_2_TV_3(1.0),A,ITG1,RESPOP_AV,T,Y50-64,TOTAL,ALL,1,ALL,ALL,2021,548477,,,,,,,,ALL_N1,,,,,,,
IT1:DF_DCSS_ISTR_LAV_PEN_2_TV_3(1.0),A,ITG1,RESPOP_AV,T,Y50-64,TOTAL,ALL,1,ALL,ALL,2022,555878,,,,,,,,ALL_N1,,,,,,,
IT1:DF_DCSS_ISTR_LAV_PEN_2_TV_3(1.0),A,ITG1,RESPOP_AV,T,Y50-64,TOTAL,ALL,1,ALL,ALL,2023,579365,,,,,,,,ALL_N1,,,,,,,
IT1:DF_DCSS_ISTR_LAV_PEN_2_TV_3(1.0),A,ITG1,RESPOP_AV,T,Y50-64,TOTAL,ALL,1,ALL,ALL,2024,599357,,,,,,,,ALL_N1,,,,,,,
IT1:DF_DCSS_ISTR_LAV_PEN_2_TV_3(1.0),A,ITG1,RESPOP_AV,T,Y50-64,TOTAL,ALL,12,ALL,ALL,2018,116603,,,,,,,,ALL_N1,,,,,,,
IT1:DF_DCSS_ISTR_LAV_PEN_2_TV_3(1.0),A,ITG1,RESPOP_AV,T,Y50-64,TOTAL,ALL,12,ALL,ALL,2019,115970,,,,,,,,ALL_N1,,,,,,,
IT1:DF_DCSS_ISTR_LAV_PEN_2_TV_3(1.0),A,ITG1,RESPOP_AV,T,Y50-64,TOTAL,ALL,12,ALL,ALL,2021,64215.9056181662,,,,,,,,ALL_N1,,,,,,,
IT1:DF_DCSS_ISTR_LAV_PEN_2_TV_3(1.0),A,ITG1,RESPOP_AV,T,Y50-64,TOTAL,ALL,12,ALL,ALL,2022,67180.9475569062,,,,,,,,ALL_N1,,,,,,,
IT1:DF_DCSS_ISTR_LAV_PEN_2_TV_3(1.0),A,ITG1,RESPOP_AV,T,Y50-64,TOTAL,ALL,12,ALL,ALL,2023,66127.55274693895,,,,,,,,ALL_N1,,,,,,,
IT1:DF_DCSS_ISTR_LAV_PEN_2_TV_3(1.0),A,ITG1,RESPOP_AV,T,Y50-64,TOTAL,ALL,12,ALL,ALL,2024,57057.34966426708,,,,,,,,ALL_N1,,,,,,,
IT1:DF_DCSS_ISTR_LAV_PEN_2_TV_3(1.0),A,ITG1,RESPOP_AV,T,Y50-64,TOTAL,ALL,22,ALL,ALL,2018,634535,,,,,,,,ALL_N1,,,,,,,
IT1:DF_DCSS_ISTR_LAV_PEN_2_TV_3(1.0),A,ITG1,RESPOP_AV,T,Y50-64,TOTAL,ALL,22,ALL,ALL,2019,643164,,,,,,,,ALL_N1,,,,,,,
IT1:DF_DCSS_ISTR_LAV_PEN_2_TV_3(1.0),A,ITG1,RESPOP_AV,T,Y50-64,TOTAL,ALL,22,ALL,ALL,2021,612692.905618166,,,,,,,,ALL_N1,,,,,,,
IT1:DF_DCSS_ISTR_LAV_PEN_2_TV_3(1.0),A,ITG1,RESPOP_AV,T,Y50-64,TOTAL,ALL,22,ALL,ALL,2022,623058.947556906,,,,,,,,ALL_N1,,,,,,,
IT1:DF_DCSS_ISTR_LAV_PEN_2_TV_3(1.0),A,ITG1,RESPOP_AV,T,Y50-64,TOTAL,ALL,22,ALL,ALL,2023,645492.552746939,,,,,,,,ALL_N1,,,,,,,
IT1:DF_DCSS_ISTR_LAV_PEN_2_TV_3(1.0),A,ITG1,RESPOP_AV,T,Y50-64,TOTAL,ALL,22,ALL,ALL,2024,656414.349664267,,,,,,,,ALL_N1,,,,,,,
IT1:DF_DCSS_ISTR_LAV_PEN_2_TV_3(1.0),A,ITG1,RESPOP_AV,T,Y50-64,TOTAL,ALL,23,ALL,ALL,2018,405921,,,,,,,,ALL_N1,,,,,,,
IT1:DF_DCSS_ISTR_LAV_PEN_2_TV_3(1.0),A,ITG1,RESPOP_AV,T,Y50-64,TOTAL,ALL,23,ALL,ALL,2019,407672,,,,,,,,ALL_N1,,,,,,,
IT1:DF_DCSS_ISTR_LAV_PEN_2_TV_3(1.0),A,ITG1,RESPOP_AV,T,Y50-64,TOTAL,ALL,23,ALL,ALL,2021,457611.094381834,,,,,,,,ALL_N1,,,,,,,
IT1:DF_DCSS_ISTR_LAV_PEN_2_TV_3(1.0),A,ITG1,RESPOP_AV,T,Y50-64,TOTAL,ALL,23,ALL,ALL,2022,454241.052443094,,,,,,,,ALL_N1,,,,,,,
IT1:DF_DCSS_ISTR_LAV_PEN_2_TV_3(1.0),A,ITG1,RESPOP_AV,T,Y50-64,TOTAL,ALL,23,ALL,ALL,2023,438623.44725306105,,,,,,,,ALL_N1,,,,,,,
IT1:DF_DCSS_ISTR_LAV_PEN_2_TV_3(1.0),A,ITG1,RESPOP_AV,T,Y50-64,TOTAL,ALL,23,ALL,ALL,2024,434439.6503357329,,,,,,,,ALL_N1,,,,,,,
IT1:DF_DCSS_ISTR_LAV_PEN_2_TV_3(1.0),A,ITG1,RESPOP_AV,T,Y50-64,TOTAL,ALL,24,ALL,ALL,2018,67623,,,,,,,,ALL_N1,,,,,,,
IT1:DF_DCSS_ISTR_LAV_PEN_2_TV_3(1.0),A,ITG1,RESPOP_AV,T,Y50-64,TOTAL,ALL,24,ALL,ALL,2019,70155,,,,,,,,ALL_N1,,,,,,,
IT1:DF_DCSS_ISTR_LAV_PEN_2_TV_3(1.0),A,ITG1,RESPOP_AV,T,Y50-64,TOTAL,ALL,24,ALL,ALL,2021,70584.3359815777,,,,,,,,ALL_N1,,,,,,,
IT1:DF_DCSS_ISTR_LAV_PEN_2_TV_3(1.0),A,ITG1,RESPOP_AV,T,Y50-64,TOTAL,ALL,24,ALL,ALL,2022,66552.711571559,,,,,,,,ALL_N1,,,,,,,
IT1:DF_DCSS_ISTR_LAV_PEN_2_TV_3(1.0),A,ITG1,RESPOP_AV,T,Y50-64,TOTAL,ALL,24,ALL,ALL,2023,59614.39927417938,,,,,,,,ALL_N1,,,,,,,
IT1:DF_DCSS_ISTR_LAV_PEN_2_TV_3(1.0),A,ITG1,RESPOP_AV,T,Y50-64,TOTAL,ALL,24,ALL,ALL,2024,56068.36862155849,,,,,,,,ALL_N1,,,,,,,
IT1:DF_DCSS_ISTR_LAV_PEN_2_TV_3(1.0),A,ITG1,RESPOP_AV,T,Y50-64,TOTAL,ALL,4,ALL,ALL,2018,248798,,,,,,,,ALL_N1,,,,,,,
IT1:DF_DCSS_ISTR_LAV_PEN_2_TV_3(1.0),A,ITG1,RESPOP_AV,T,Y50-64,TOTAL,ALL,4,ALL,ALL,2019,249643,,,,,,,,ALL_N1,,,,,,,
IT1:DF_DCSS_ISTR_LAV_PEN_2_TV_3(1.0),A,ITG1,RESPOP_AV,T,Y50-64,TOTAL,ALL,4,ALL,ALL,2021,274616.138425642,,,,,,,,ALL_N1,,,,,,,
IT1:DF_DCSS_ISTR_LAV_PEN_2_TV_3(1.0),A,ITG1,RESPOP_AV,T,Y50-64,TOTAL,ALL,4,ALL,ALL,2022,272253.828314423,,,,,,,,ALL_N1,,,,,,,
IT1:DF_DCSS_ISTR_LAV_PEN_2_TV_3(1.0),A,ITG1,RESPOP_AV,T,Y50-64,TOTAL,ALL,4,ALL,ALL,2023,267161.95341297623,,,,,,,,ALL_N1,,,,,,,
IT1:DF_DCSS_ISTR_LAV_PEN_2_TV_3(1.0),A,ITG1,RESPOP_AV,T,Y50-64,TOTAL,ALL,4,ALL,ALL,2024,266247.10649323673,,,,,,,,ALL_N1,,,,,,,
IT1:DF_DCSS_ISTR_LAV_PEN_2_TV_3(1.0),A,ITG1,RESPOP_AV,T,Y50-64,TOTAL,ALL,5,ALL,ALL,2018,492,,,,,,,,ALL_N1,,,,,,,
IT1:DF_DCSS_ISTR_LAV_PEN_2_TV_3(1.0),A,ITG1,RESPOP_AV,T,Y50-64,TOTAL,ALL,5,ALL,ALL,2019,501,,,,,,,,ALL_N1,,,,,,,
IT1:DF_DCSS_ISTR_LAV_PEN_2_TV_3(1.0),A,ITG1,RESPOP_AV,T,Y50-64,TOTAL,ALL,5,ALL,ALL,2021,1143.71406873542,,,,,,,,ALL_N1,,,,,,,
IT1:DF_DCSS_ISTR_LAV_PEN_2_TV_3(1.0),A,ITG1,RESPOP_AV,T,Y50-64,TOTAL,ALL,5,ALL,ALL,2022,1528.57777754415,,,,,,,,ALL_N1,,,,,,,
IT1:DF_DCSS_ISTR_LAV_PEN_2_TV_3(1.0),A,ITG1,RESPOP_AV,T,Y50-64,TOTAL,ALL,5,ALL,ALL,2023,1410.2353515918287,,,,,,,,ALL_N1,,,,,,,
IT1:DF_DCSS_ISTR_LAV_PEN_2_TV_3(1.0),A,ITG1,RESPOP_AV,T,Y50-64,TOTAL,ALL,5,ALL,ALL,2024,1817.140054084574,,,,,,,,ALL_N1,,,,,,,
IT1:DF_DCSS_ISTR_LAV_PEN_2_TV_3(1.0),A,ITG1,RESPOP_AV,T,Y50-64,TOTAL,ALL,7,ALL,ALL,2018,89008,,,,,,,,ALL_N1,,,,,,,
IT1:DF_DCSS_ISTR_LAV_PEN_2_TV_3(1.0),A,ITG1,RESPOP_AV,T,Y50-64,TOTAL,ALL,7,ALL,ALL,2019,87373,,,,,,,,ALL_N1,,,,,,,
IT1:DF_DCSS_ISTR_LAV_PEN_2_TV_3(1.0),A,ITG1,RESPOP_AV,T,Y50-64,TOTAL,ALL,7,ALL,ALL,2021,111266.905905878,,,,,,,,ALL_N1,,,,,,,
IT1:DF_DCSS_ISTR_LAV_PEN_2_TV_3(1.0),A,ITG1,RESPOP_AV,T,Y50-64,TOTAL,ALL,7,ALL,ALL,2022,113905.934779567,,,,,,,,ALL_N1,,,,,,,
IT1:DF_DCSS_ISTR_LAV_PEN_2_TV_3(1.0),A,ITG1,RESPOP_AV,T,Y50-64,TOTAL,ALL,7,ALL,ALL,2023,110436.85921431359,,,,,,,,ALL_N1,,,,,,,
IT1:DF_DCSS_ISTR_LAV_PEN_2_TV_3(1.0),A,ITG1,RESPOP_AV,T,Y50-64,TOTAL,ALL,7,ALL,ALL,2024,110307.03516685314,,,,,,,,ALL_N1,,,,,,,
IT1:DF_DCSS_ISTR_LAV_PEN_2_TV_3(1.0),A,ITG1,RESPOP_AV,T,Y50-64,TOTAL,ALL,99,ALL,ALL,2018,1040456,,,,,,,,ALL_N1,99_N1,,,,,,
IT1:DF_DCSS_ISTR_LAV_PEN_2_TV_3(1.0),A,ITG1,RESPOP_AV,T,Y50-64,TOTAL,ALL,99,ALL,ALL,2019,1050836,,,,,,,,ALL_N1,99_N1,,,,,,
IT1:DF_DCSS_ISTR_LAV_PEN_2_TV_3(1.0),A,ITG1,RESPOP_AV,T,Y50-64,TOTAL,ALL,99,ALL,ALL,2020,1052408,,,,,,,,ALL_N1,99_N1,,,,,,
IT1:DF_DCSS_ISTR_LAV_PEN_2_TV_3(1.0),A,ITG1,RESPOP_AV,T,Y50-64,TOTAL,ALL,99,ALL,ALL,2021,1070304,,,,,,,,ALL_N1,99_N1,,,,,,
IT1:DF_DCSS_ISTR_LAV_PEN_2_TV_3(1.0),A,ITG1,RESPOP_AV,T,Y50-64,TOTAL,ALL,99,ALL,ALL,2022,1077300,,,,,,,,ALL_N1,99_N1,,,,,,
IT1:DF_DCSS_ISTR_LAV_PEN_2_TV_3(1.0),A,ITG1,RESPOP_AV,T,Y50-64,TOTAL,ALL,99,ALL,ALL,2023,1084116,,,,,,,,ALL_N1,99_N1,,,,,,
IT1:DF_DCSS_ISTR_LAV_PEN_2_TV_3(1.0),A,ITG1,RESPOP_AV,T,Y50-64,TOTAL,ALL,99,ALL,ALL,2024,1090854,,,,,,,,ALL_N1,99_N1,,,,,,
