DATAFLOW,FREQ,REF_AREA,INDICATOR,GENDER,AGE_NOCLASS,CITIZENSHIP,EDU_ATTAIN,CUR_ACT_STAT,LOC_DEST,REAS_COMMUTING,TIME_PERIOD,OBS_VALUE,OBS_STATUS,NOTE_DS,NOTE_REF_AREA,NOTE_INDICATOR,NOTE_GENDER,NOTE_AGE_NOCLASS,NOTE_CITIZENSHIP,NOTE_EDU_ATTAIN,NOTE_CUR_ACT_STAT,NOTE_LOC_DEST,NOTE_REAS_COMMUTING,NOTE_TIME_PERIOD,BASE_PER,UNIT_MEAS,UNIT_MULT
IT1:DF_DCSS_ISTR_LAV_PEN_2_TV_3(1.0),A,086019,RESPOP_AV,F,Y_GE15,TOTAL,ALL,1,ALL,ALL,2018,697,,,,,,,,ALL_N1,,,,,,,
IT1:DF_DCSS_ISTR_LAV_PEN_2_TV_3(1.0),A,086019,RESPOP_AV,F,Y_GE15,TOTAL,ALL,1,ALL,ALL,2019,692,,,,,,,,ALL_N1,,,,,,,
IT1:DF_DCSS_ISTR_LAV_PEN_2_TV_3(1.0),A,086019,RESPOP_AV,F,Y_GE15,TOTAL,ALL,1,ALL,ALL,2021,697,,,,,,,,ALL_N1,,,,,,,
IT1:DF_DCSS_ISTR_LAV_PEN_2_TV_3(1.0),A,086019,RESPOP_AV,F,Y_GE15,TOTAL,ALL,1,ALL,ALL,2022,714,,,,,,,,ALL_N1,,,,,,,
IT1:DF_DCSS_ISTR_LAV_PEN_2_TV_3(1.0),A,086019,RESPOP_AV,F,Y_GE15,TOTAL,ALL,1,ALL,ALL,2023,739,,,,,,,,ALL_N1,,,,,,,
IT1:DF_DCSS_ISTR_LAV_PEN_2_TV_3(1.0),A,086019,RESPOP_AV,F,Y_GE15,TOTAL,ALL,1,ALL,ALL,2024,741,,,,,,,,ALL_N1,,,,,,,
IT1:DF_DCSS_ISTR_LAV_PEN_2_TV_3(1.0),A,086019,RESPOP_AV,F,Y_GE15,TOTAL,ALL,12,ALL,ALL,2018,278,,,,,,,,ALL_N1,,,,,,,
IT1:DF_DCSS_ISTR_LAV_PEN_2_TV_3(1.0),A,086019,RESPOP_AV,F,Y_GE15,TOTAL,ALL,12,ALL,ALL,2019,337,,,,,,,,ALL_N1,,,,,,,
IT1:DF_DCSS_ISTR_LAV_PEN_2_TV_3(1.0),A,086019,RESPOP_AV,F,Y_GE15,TOTAL,ALL,12,ALL,ALL,2021,172.834072866805,,,,,,,,ALL_N1,,,,,,,
IT1:DF_DCSS_ISTR_LAV_PEN_2_TV_3(1.0),A,086019,RESPOP_AV,F,Y_GE15,TOTAL,ALL,12,ALL,ALL,2022,132.80954421832,,,,,,,,ALL_N1,,,,,,,
IT1:DF_DCSS_ISTR_LAV_PEN_2_TV_3(1.0),A,086019,RESPOP_AV,F,Y_GE15,TOTAL,ALL,12,ALL,ALL,2023,129.81278127458825,,,,,,,,ALL_N1,,,,,,,
IT1:DF_DCSS_ISTR_LAV_PEN_2_TV_3(1.0),A,086019,RESPOP_AV,F,Y_GE15,TOTAL,ALL,12,ALL,ALL,2024,104.42294247869785,,,,,,,,ALL_N1,,,,,,,
IT1:DF_DCSS_ISTR_LAV_PEN_2_TV_3(1.0),A,086019,RESPOP_AV,F,Y_GE15,TOTAL,ALL,22,ALL,ALL,2018,975,,,,,,,,ALL_N1,,,,,,,
IT1:DF_DCSS_ISTR_LAV_PEN_2_TV_3(1.0),A,086019,RESPOP_AV,F,Y_GE15,TOTAL,ALL,22,ALL,ALL,2019,1029,,,,,,,,ALL_N1,,,,,,,
IT1:DF_DCSS_ISTR_LAV_PEN_2_TV_3(1.0),A,086019,RESPOP_AV,F,Y_GE15,TOTAL,ALL,22,ALL,ALL,2021,869.834072866805,,,,,,,,ALL_N1,,,,,,,
IT1:DF_DCSS_ISTR_LAV_PEN_2_TV_3(1.0),A,086019,RESPOP_AV,F,Y_GE15,TOTAL,ALL,22,ALL,ALL,2022,846.809544218321,,,,,,,,ALL_N1,,,,,,,
IT1:DF_DCSS_ISTR_LAV_PEN_2_TV_3(1.0),A,086019,RESPOP_AV,F,Y_GE15,TOTAL,ALL,22,ALL,ALL,2023,868.8127812745882,,,,,,,,ALL_N1,,,,,,,
IT1:DF_DCSS_ISTR_LAV_PEN_2_TV_3(1.0),A,086019,RESPOP_AV,F,Y_GE15,TOTAL,ALL,22,ALL,ALL,2024,845.4229424786979,,,,,,,,ALL_N1,,,,,,,
IT1:DF_DCSS_ISTR_LAV_PEN_2_TV_3(1.0),A,086019,RESPOP_AV,F,Y_GE15,TOTAL,ALL,23,ALL,ALL,2018,2460,,,,,,,,ALL_N1,,,,,,,
IT1:DF_DCSS_ISTR_LAV_PEN_2_TV_3(1.0),A,086019,RESPOP_AV,F,Y_GE15,TOTAL,ALL,23,ALL,ALL,2019,2346,,,,,,,,ALL_N1,,,,,,,
IT1:DF_DCSS_ISTR_LAV_PEN_2_TV_3(1.0),A,086019,RESPOP_AV,F,Y_GE15,TOTAL,ALL,23,ALL,ALL,2021,2438.1659271332,,,,,,,,ALL_N1,,,,,,,
IT1:DF_DCSS_ISTR_LAV_PEN_2_TV_3(1.0),A,086019,RESPOP_AV,F,Y_GE15,TOTAL,ALL,23,ALL,ALL,2022,2397.19045578168,,,,,,,,ALL_N1,,,,,,,
IT1:DF_DCSS_ISTR_LAV_PEN_2_TV_3(1.0),A,086019,RESPOP_AV,F,Y_GE15,TOTAL,ALL,23,ALL,ALL,2023,2333.1872187254116,,,,,,,,ALL_N1,,,,,,,
IT1:DF_DCSS_ISTR_LAV_PEN_2_TV_3(1.0),A,086019,RESPOP_AV,F,Y_GE15,TOTAL,ALL,23,ALL,ALL,2024,2350.5770575213023,,,,,,,,ALL_N1,,,,,,,
IT1:DF_DCSS_ISTR_LAV_PEN_2_TV_3(1.0),A,086019,RESPOP_AV,F,Y_GE15,TOTAL,ALL,24,ALL,ALL,2018,556,,,,,,,,ALL_N1,,,,,,,
IT1:DF_DCSS_ISTR_LAV_PEN_2_TV_3(1.0),A,086019,RESPOP_AV,F,Y_GE15,TOTAL,ALL,24,ALL,ALL,2019,514,,,,,,,,ALL_N1,,,,,,,
IT1:DF_DCSS_ISTR_LAV_PEN_2_TV_3(1.0),A,086019,RESPOP_AV,F,Y_GE15,TOTAL,ALL,24,ALL,ALL,2021,579.510855120528,,,,,,,,ALL_N1,,,,,,,
IT1:DF_DCSS_ISTR_LAV_PEN_2_TV_3(1.0),A,086019,RESPOP_AV,F,Y_GE15,TOTAL,ALL,24,ALL,ALL,2022,553.083494462596,,,,,,,,ALL_N1,,,,,,,
IT1:DF_DCSS_ISTR_LAV_PEN_2_TV_3(1.0),A,086019,RESPOP_AV,F,Y_GE15,TOTAL,ALL,24,ALL,ALL,2023,498.6079903262323,,,,,,,,ALL_N1,,,,,,,
IT1:DF_DCSS_ISTR_LAV_PEN_2_TV_3(1.0),A,086019,RESPOP_AV,F,Y_GE15,TOTAL,ALL,24,ALL,ALL,2024,540.2798469321815,,,,,,,,ALL_N1,,,,,,,
IT1:DF_DCSS_ISTR_LAV_PEN_2_TV_3(1.0),A,086019,RESPOP_AV,F,Y_GE15,TOTAL,ALL,4,ALL,ALL,2018,1325,,,,,,,,ALL_N1,,,,,,,
IT1:DF_DCSS_ISTR_LAV_PEN_2_TV_3(1.0),A,086019,RESPOP_AV,F,Y_GE15,TOTAL,ALL,4,ALL,ALL,2019,1240,,,,,,,,ALL_N1,,,,,,,
IT1:DF_DCSS_ISTR_LAV_PEN_2_TV_3(1.0),A,086019,RESPOP_AV,F,Y_GE15,TOTAL,ALL,4,ALL,ALL,2021,1300.36367147077,,,,,,,,ALL_N1,,,,,,,
IT1:DF_DCSS_ISTR_LAV_PEN_2_TV_3(1.0),A,086019,RESPOP_AV,F,Y_GE15,TOTAL,ALL,4,ALL,ALL,2022,1276.03185328045,,,,,,,,ALL_N1,,,,,,,
IT1:DF_DCSS_ISTR_LAV_PEN_2_TV_3(1.0),A,086019,RESPOP_AV,F,Y_GE15,TOTAL,ALL,4,ALL,ALL,2023,1259.8173437644357,,,,,,,,ALL_N1,,,,,,,
IT1:DF_DCSS_ISTR_LAV_PEN_2_TV_3(1.0),A,086019,RESPOP_AV,F,Y_GE15,TOTAL,ALL,4,ALL,ALL,2024,1264.6419993662264,,,,,,,,ALL_N1,,,,,,,
IT1:DF_DCSS_ISTR_LAV_PEN_2_TV_3(1.0),A,086019,RESPOP_AV,F,Y_GE15,TOTAL,ALL,5,ALL,ALL,2018,301,,,,,,,,ALL_N1,,,,,,,
IT1:DF_DCSS_ISTR_LAV_PEN_2_TV_3(1.0),A,086019,RESPOP_AV,F,Y_GE15,TOTAL,ALL,5,ALL,ALL,2019,302,,,,,,,,ALL_N1,,,,,,,
IT1:DF_DCSS_ISTR_LAV_PEN_2_TV_3(1.0),A,086019,RESPOP_AV,F,Y_GE15,TOTAL,ALL,5,ALL,ALL,2021,311.892479272213,,,,,,,,ALL_N1,,,,,,,
IT1:DF_DCSS_ISTR_LAV_PEN_2_TV_3(1.0),A,086019,RESPOP_AV,F,Y_GE15,TOTAL,ALL,5,ALL,ALL,2022,313.22735981598,,,,,,,,ALL_N1,,,,,,,
IT1:DF_DCSS_ISTR_LAV_PEN_2_TV_3(1.0),A,086019,RESPOP_AV,F,Y_GE15,TOTAL,ALL,5,ALL,ALL,2023,311.42900188961016,,,,,,,,ALL_N1,,,,,,,
IT1:DF_DCSS_ISTR_LAV_PEN_2_TV_3(1.0),A,086019,RESPOP_AV,F,Y_GE15,TOTAL,ALL,5,ALL,ALL,2024,314.0194446737168,,,,,,,,ALL_N1,,,,,,,
IT1:DF_DCSS_ISTR_LAV_PEN_2_TV_3(1.0),A,086019,RESPOP_AV,F,Y_GE15,TOTAL,ALL,7,ALL,ALL,2018,278,,,,,,,,ALL_N1,,,,,,,
IT1:DF_DCSS_ISTR_LAV_PEN_2_TV_3(1.0),A,086019,RESPOP_AV,F,Y_GE15,TOTAL,ALL,7,ALL,ALL,2019,290,,,,,,,,ALL_N1,,,,,,,
IT1:DF_DCSS_ISTR_LAV_PEN_2_TV_3(1.0),A,086019,RESPOP_AV,F,Y_GE15,TOTAL,ALL,7,ALL,ALL,2021,246.398921269681,,,,,,,,ALL_N1,,,,,,,
IT1:DF_DCSS_ISTR_LAV_PEN_2_TV_3(1.0),A,086019,RESPOP_AV,F,Y_GE15,TOTAL,ALL,7,ALL,ALL,2022,254.84774822265,,,,,,,,ALL_N1,,,,,,,
IT1:DF_DCSS_ISTR_LAV_PEN_2_TV_3(1.0),A,086019,RESPOP_AV,F,Y_GE15,TOTAL,ALL,7,ALL,ALL,2023,263.3328827451334,,,,,,,,ALL_N1,,,,,,,
IT1:DF_DCSS_ISTR_LAV_PEN_2_TV_3(1.0),A,086019,RESPOP_AV,F,Y_GE15,TOTAL,ALL,7,ALL,ALL,2024,231.63576654917736,,,,,,,,ALL_N1,,,,,,,
IT1:DF_DCSS_ISTR_LAV_PEN_2_TV_3(1.0),A,086019,RESPOP_AV,F,Y_GE15,TOTAL,ALL,99,ALL,ALL,2018,3435,,,,,,,,ALL_N1,99_N1,,,,,,
IT1:DF_DCSS_ISTR_LAV_PEN_2_TV_3(1.0),A,086019,RESPOP_AV,F,Y_GE15,TOTAL,ALL,99,ALL,ALL,2019,3375,,,,,,,,ALL_N1,99_N1,,,,,,
IT1:DF_DCSS_ISTR_LAV_PEN_2_TV_3(1.0),A,086019,RESPOP_AV,F,Y_GE15,TOTAL,ALL,99,ALL,ALL,2021,3308,,,,,,,,ALL_N1,99_N1,,,,,,
IT1:DF_DCSS_ISTR_LAV_PEN_2_TV_3(1.0),A,086019,RESPOP_AV,F,Y_GE15,TOTAL,ALL,99,ALL,ALL,2022,3244,,,,,,,,ALL_N1,99_N1,,,,,,
IT1:DF_DCSS_ISTR_LAV_PEN_2_TV_3(1.0),A,086019,RESPOP_AV,F,Y_GE15,TOTAL,ALL,99,ALL,ALL,2023,3202,,,,,,,,ALL_N1,99_N1,,,,,,
IT1:DF_DCSS_ISTR_LAV_PEN_2_TV_3(1.0),A,086019,RESPOP_AV,F,Y_GE15,TOTAL,ALL,99,ALL,ALL,2024,3196,,,,,,,,ALL_N1,99_N1,,,,,,
IT1:DF_DCSS_ISTR_LAV_PEN_2_TV_3(1.0),A,086019,RESPOP_AV,M,Y_GE15,TOTAL,ALL,1,ALL,ALL,2018,1352,,,,,,,,ALL_N1,,,,,,,
IT1:DF_DCSS_ISTR_LAV_PEN_2_TV_3(1.0),A,086019,RESPOP_AV,M,Y_GE15,TOTAL,ALL,1,ALL,ALL,2019,1330,,,,,,,,ALL_N1,,,,,,,
IT1:DF_DCSS_ISTR_LAV_PEN_2_TV_3(1.0),A,086019,RESPOP_AV,M,Y_GE15,TOTAL,ALL,1,ALL,ALL,2021,1335,,,,,,,,ALL_N1,,,,,,,
IT1:DF_DCSS_ISTR_LAV_PEN_2_TV_3(1.0),A,086019,RESPOP_AV,M,Y_GE15,TOTAL,ALL,1,ALL,ALL,2022,1317,,,,,,,,ALL_N1,,,,,,,
IT1:DF_DCSS_ISTR_LAV_PEN_2_TV_3(1.0),A,086019,RESPOP_AV,M,Y_GE15,TOTAL,ALL,1,ALL,ALL,2023,1311,,,,,,,,ALL_N1,,,,,,,
IT1:DF_DCSS_ISTR_LAV_PEN_2_TV_3(1.0),A,086019,RESPOP_AV,M,Y_GE15,TOTAL,ALL,1,ALL,ALL,2024,1335,,,,,,,,ALL_N1,,,,,,,
IT1:DF_DCSS_ISTR_LAV_PEN_2_TV_3(1.0),A,086019,RESPOP_AV,M,Y_GE15,TOTAL,ALL,12,ALL,ALL,2018,300,,,,,,,,ALL_N1,,,,,,,
IT1:DF_DCSS_ISTR_LAV_PEN_2_TV_3(1.0),A,086019,RESPOP_AV,M,Y_GE15,TOTAL,ALL,12,ALL,ALL,2019,318,,,,,,,,ALL_N1,,,,,,,
IT1:DF_DCSS_ISTR_LAV_PEN_2_TV_3(1.0),A,086019,RESPOP_AV,M,Y_GE15,TOTAL,ALL,12,ALL,ALL,2021,174.813666748023,,,,,,,,ALL_N1,,,,,,,
IT1:DF_DCSS_ISTR_LAV_PEN_2_TV_3(1.0),A,086019,RESPOP_AV,M,Y_GE15,TOTAL,ALL,12,ALL,ALL,2022,144.503340369333,,,,,,,,ALL_N1,,,,,,,
IT1:DF_DCSS_ISTR_LAV_PEN_2_TV_3(1.0),A,086019,RESPOP_AV,M,Y_GE15,TOTAL,ALL,12,ALL,ALL,2023,142.2676868001192,,,,,,,,ALL_N1,,,,,,,
IT1:DF_DCSS_ISTR_LAV_PEN_2_TV_3(1.0),A,086019,RESPOP_AV,M,Y_GE15,TOTAL,ALL,12,ALL,ALL,2024,122.36303820880885,,,,,,,,ALL_N1,,,,,,,
IT1:DF_DCSS_ISTR_LAV_PEN_2_TV_3(1.0),A,086019,RESPOP_AV,M,Y_GE15,TOTAL,ALL,22,ALL,ALL,2018,1652,,,,,,,,ALL_N1,,,,,,,
IT1:DF_DCSS_ISTR_LAV_PEN_2_TV_3(1.0),A,086019,RESPOP_AV,M,Y_GE15,TOTAL,ALL,22,ALL,ALL,2019,1648,,,,,,,,ALL_N1,,,,,,,
IT1:DF_DCSS_ISTR_LAV_PEN_2_TV_3(1.0),A,086019,RESPOP_AV,M,Y_GE15,TOTAL,ALL,22,ALL,ALL,2021,1509.81366674802,,,,,,,,ALL_N1,,,,,,,
IT1:DF_DCSS_ISTR_LAV_PEN_2_TV_3(1.0),A,086019,RESPOP_AV,M,Y_GE15,TOTAL,ALL,22,ALL,ALL,2022,1461.50334036933,,,,,,,,ALL_N1,,,,,,,
IT1:DF_DCSS_ISTR_LAV_PEN_2_TV_3(1.0),A,086019,RESPOP_AV,M,Y_GE15,TOTAL,ALL,22,ALL,ALL,2023,1453.2676868001192,,,,,,,,ALL_N1,,,,,,,
IT1:DF_DCSS_ISTR_LAV_PEN_2_TV_3(1.0),A,086019,RESPOP_AV,M,Y_GE15,TOTAL,ALL,22,ALL,ALL,2024,1457.3630382088088,,,,,,,,ALL_N1,,,,,,,
IT1:DF_DCSS_ISTR_LAV_PEN_2_TV_3(1.0),A,086019,RESPOP_AV,M,Y_GE15,TOTAL,ALL,23,ALL,ALL,2018,1322,,,,,,,,ALL_N1,,,,,,,
IT1:DF_DCSS_ISTR_LAV_PEN_2_TV_3(1.0),A,086019,RESPOP_AV,M,Y_GE15,TOTAL,ALL,23,ALL,ALL,2019,1277,,,,,,,,ALL_N1,,,,,,,
IT1:DF_DCSS_ISTR_LAV_PEN_2_TV_3(1.0),A,086019,RESPOP_AV,M,Y_GE15,TOTAL,ALL,23,ALL,ALL,2021,1344.18633325198,,,,,,,,ALL_N1,,,,,,,
IT1:DF_DCSS_ISTR_LAV_PEN_2_TV_3(1.0),A,086019,RESPOP_AV,M,Y_GE15,TOTAL,ALL,23,ALL,ALL,2022,1346.49665963067,,,,,,,,ALL_N1,,,,,,,
IT1:DF_DCSS_ISTR_LAV_PEN_2_TV_3(1.0),A,086019,RESPOP_AV,M,Y_GE15,TOTAL,ALL,23,ALL,ALL,2023,1326.7323131998805,,,,,,,,ALL_N1,,,,,,,
IT1:DF_DCSS_ISTR_LAV_PEN_2_TV_3(1.0),A,086019,RESPOP_AV,M,Y_GE15,TOTAL,ALL,23,ALL,ALL,2024,1318.6369617911912,,,,,,,,ALL_N1,,,,,,,
IT1:DF_DCSS_ISTR_LAV_PEN_2_TV_3(1.0),A,086019,RESPOP_AV,M,Y_GE15,TOTAL,ALL,24,ALL,ALL,2018,688,,,,,,,,ALL_N1,,,,,,,
IT1:DF_DCSS_ISTR_LAV_PEN_2_TV_3(1.0),A,086019,RESPOP_AV,M,Y_GE15,TOTAL,ALL,24,ALL,ALL,2019,682,,,,,,,,ALL_N1,,,,,,,
IT1:DF_DCSS_ISTR_LAV_PEN_2_TV_3(1.0),A,086019,RESPOP_AV,M,Y_GE15,TOTAL,ALL,24,ALL,ALL,2021,685.403260057171,,,,,,,,ALL_N1,,,,,,,
IT1:DF_DCSS_ISTR_LAV_PEN_2_TV_3(1.0),A,086019,RESPOP_AV,M,Y_GE15,TOTAL,ALL,24,ALL,ALL,2022,679.859223431134,,,,,,,,ALL_N1,,,,,,,
IT1:DF_DCSS_ISTR_LAV_PEN_2_TV_3(1.0),A,086019,RESPOP_AV,M,Y_GE15,TOTAL,ALL,24,ALL,ALL,2023,642.0640516184095,,,,,,,,ALL_N1,,,,,,,
IT1:DF_DCSS_ISTR_LAV_PEN_2_TV_3(1.0),A,086019,RESPOP_AV,M,Y_GE15,TOTAL,ALL,24,ALL,ALL,2024,678.9636986962576,,,,,,,,ALL_N1,,,,,,,
IT1:DF_DCSS_ISTR_LAV_PEN_2_TV_3(1.0),A,086019,RESPOP_AV,M,Y_GE15,TOTAL,ALL,4,ALL,ALL,2018,52,,,,,,,,ALL_N1,,,,,,,
IT1:DF_DCSS_ISTR_LAV_PEN_2_TV_3(1.0),A,086019,RESPOP_AV,M,Y_GE15,TOTAL,ALL,4,ALL,ALL,2019,49,,,,,,,,ALL_N1,,,,,,,
IT1:DF_DCSS_ISTR_LAV_PEN_2_TV_3(1.0),A,086019,RESPOP_AV,M,Y_GE15,TOTAL,ALL,4,ALL,ALL,2021,91.336544055606,,,,,,,,ALL_N1,,,,,,,
IT1:DF_DCSS_ISTR_LAV_PEN_2_TV_3(1.0),A,086019,RESPOP_AV,M,Y_GE15,TOTAL,ALL,4,ALL,ALL,2022,87.2665020105281,,,,,,,,ALL_N1,,,,,,,
IT1:DF_DCSS_ISTR_LAV_PEN_2_TV_3(1.0),A,086019,RESPOP_AV,M,Y_GE15,TOTAL,ALL,4,ALL,ALL,2023,96.01446761893409,,,,,,,,ALL_N1,,,,,,,
IT1:DF_DCSS_ISTR_LAV_PEN_2_TV_3(1.0),A,086019,RESPOP_AV,M,Y_GE15,TOTAL,ALL,4,ALL,ALL,2024,89.00630254841408,,,,,,,,ALL_N1,,,,,,,
IT1:DF_DCSS_ISTR_LAV_PEN_2_TV_3(1.0),A,086019,RESPOP_AV,M,Y_GE15,TOTAL,ALL,5,ALL,ALL,2018,226,,,,,,,,ALL_N1,,,,,,,
IT1:DF_DCSS_ISTR_LAV_PEN_2_TV_3(1.0),A,086019,RESPOP_AV,M,Y_GE15,TOTAL,ALL,5,ALL,ALL,2019,228,,,,,,,,ALL_N1,,,,,,,
IT1:DF_DCSS_ISTR_LAV_PEN_2_TV_3(1.0),A,086019,RESPOP_AV,M,Y_GE15,TOTAL,ALL,5,ALL,ALL,2021,252.597345276899,,,,,,,,ALL_N1,,,,,,,
IT1:DF_DCSS_ISTR_LAV_PEN_2_TV_3(1.0),A,086019,RESPOP_AV,M,Y_GE15,TOTAL,ALL,5,ALL,ALL,2022,264.311113377721,,,,,,,,ALL_N1,,,,,,,
IT1:DF_DCSS_ISTR_LAV_PEN_2_TV_3(1.0),A,086019,RESPOP_AV,M,Y_GE15,TOTAL,ALL,5,ALL,ALL,2023,260.6193043409043,,,,,,,,ALL_N1,,,,,,,
IT1:DF_DCSS_ISTR_LAV_PEN_2_TV_3(1.0),A,086019,RESPOP_AV,M,Y_GE15,TOTAL,ALL,5,ALL,ALL,2024,250.68165683124462,,,,,,,,ALL_N1,,,,,,,
IT1:DF_DCSS_ISTR_LAV_PEN_2_TV_3(1.0),A,086019,RESPOP_AV,M,Y_GE15,TOTAL,ALL,7,ALL,ALL,2018,356,,,,,,,,ALL_N1,,,,,,,
IT1:DF_DCSS_ISTR_LAV_PEN_2_TV_3(1.0),A,086019,RESPOP_AV,M,Y_GE15,TOTAL,ALL,7,ALL,ALL,2019,318,,,,,,,,ALL_N1,,,,,,,
IT1:DF_DCSS_ISTR_LAV_PEN_2_TV_3(1.0),A,086019,RESPOP_AV,M,Y_GE15,TOTAL,ALL,7,ALL,ALL,2021,314.849183862301,,,,,,,,ALL_N1,,,,,,,
IT1:DF_DCSS_ISTR_LAV_PEN_2_TV_3(1.0),A,086019,RESPOP_AV,M,Y_GE15,TOTAL,ALL,7,ALL,ALL,2022,315.059820811284,,,,,,,,ALL_N1,,,,,,,
IT1:DF_DCSS_ISTR_LAV_PEN_2_TV_3(1.0),A,086019,RESPOP_AV,M,Y_GE15,TOTAL,ALL,7,ALL,ALL,2023,328.0344896216327,,,,,,,,ALL_N1,,,,,,,
IT1:DF_DCSS_ISTR_LAV_PEN_2_TV_3(1.0),A,086019,RESPOP_AV,M,Y_GE15,TOTAL,ALL,7,ALL,ALL,2024,299.98530371527494,,,,,,,,ALL_N1,,,,,,,
IT1:DF_DCSS_ISTR_LAV_PEN_2_TV_3(1.0),A,086019,RESPOP_AV,M,Y_GE15,TOTAL,ALL,99,ALL,ALL,2018,2974,,,,,,,,ALL_N1,99_N1,,,,,,
IT1:DF_DCSS_ISTR_LAV_PEN_2_TV_3(1.0),A,086019,RESPOP_AV,M,Y_GE15,TOTAL,ALL,99,ALL,ALL,2019,2925,,,,,,,,ALL_N1,99_N1,,,,,,
IT1:DF_DCSS_ISTR_LAV_PEN_2_TV_3(1.0),A,086019,RESPOP_AV,M,Y_GE15,TOTAL,ALL,99,ALL,ALL,2021,2854,,,,,,,,ALL_N1,99_N1,,,,,,
IT1:DF_DCSS_ISTR_LAV_PEN_2_TV_3(1.0),A,086019,RESPOP_AV,M,Y_GE15,TOTAL,ALL,99,ALL,ALL,2022,2808,,,,,,,,ALL_N1,99_N1,,,,,,
IT1:DF_DCSS_ISTR_LAV_PEN_2_TV_3(1.0),A,086019,RESPOP_AV,M,Y_GE15,TOTAL,ALL,99,ALL,ALL,2023,2780,,,,,,,,ALL_N1,99_N1,,,,,,
IT1:DF_DCSS_ISTR_LAV_PEN_2_TV_3(1.0),A,086019,RESPOP_AV,M,Y_GE15,TOTAL,ALL,99,ALL,ALL,2024,2776,,,,,,,,ALL_N1,99_N1,,,,,,
IT1:DF_DCSS_ISTR_LAV_PEN_2_TV_3(1.0),A,086019,RESPOP_AV,T,Y_GE15,TOTAL,ALL,1,ALL,ALL,2018,2049,,,,,,,,ALL_N1,,,,,,,
IT1:DF_DCSS_ISTR_LAV_PEN_2_TV_3(1.0),A,086019,RESPOP_AV,T,Y_GE15,TOTAL,ALL,1,ALL,ALL,2019,2022,,,,,,,,ALL_N1,,,,,,,
IT1:DF_DCSS_ISTR_LAV_PEN_2_TV_3(1.0),A,086019,RESPOP_AV,T,Y_GE15,TOTAL,ALL,1,ALL,ALL,2021,2032,,,,,,,,ALL_N1,,,,,,,
IT1:DF_DCSS_ISTR_LAV_PEN_2_TV_3(1.0),A,086019,RESPOP_AV,T,Y_GE15,TOTAL,ALL,1,ALL,ALL,2022,2031,,,,,,,,ALL_N1,,,,,,,
IT1:DF_DCSS_ISTR_LAV_PEN_2_TV_3(1.0),A,086019,RESPOP_AV,T,Y_GE15,TOTAL,ALL,1,ALL,ALL,2023,2050,,,,,,,,ALL_N1,,,,,,,
IT1:DF_DCSS_ISTR_LAV_PEN_2_TV_3(1.0),A,086019,RESPOP_AV,T,Y_GE15,TOTAL,ALL,1,ALL,ALL,2024,2076,,,,,,,,ALL_N1,,,,,,,
IT1:DF_DCSS_ISTR_LAV_PEN_2_TV_3(1.0),A,086019,RESPOP_AV,T,Y_GE15,TOTAL,ALL,12,ALL,ALL,2018,578,,,,,,,,ALL_N1,,,,,,,
IT1:DF_DCSS_ISTR_LAV_PEN_2_TV_3(1.0),A,086019,RESPOP_AV,T,Y_GE15,TOTAL,ALL,12,ALL,ALL,2019,655,,,,,,,,ALL_N1,,,,,,,
IT1:DF_DCSS_ISTR_LAV_PEN_2_TV_3(1.0),A,086019,RESPOP_AV,T,Y_GE15,TOTAL,ALL,12,ALL,ALL,2021,347.647739614828,,,,,,,,ALL_N1,,,,,,,
IT1:DF_DCSS_ISTR_LAV_PEN_2_TV_3(1.0),A,086019,RESPOP_AV,T,Y_GE15,TOTAL,ALL,12,ALL,ALL,2022,277.312884587653,,,,,,,,ALL_N1,,,,,,,
IT1:DF_DCSS_ISTR_LAV_PEN_2_TV_3(1.0),A,086019,RESPOP_AV,T,Y_GE15,TOTAL,ALL,12,ALL,ALL,2023,272.0804680747075,,,,,,,,ALL_N1,,,,,,,
IT1:DF_DCSS_ISTR_LAV_PEN_2_TV_3(1.0),A,086019,RESPOP_AV,T,Y_GE15,TOTAL,ALL,12,ALL,ALL,2024,226.7859806875067,,,,,,,,ALL_N1,,,,,,,
IT1:DF_DCSS_ISTR_LAV_PEN_2_TV_3(1.0),A,086019,RESPOP_AV,T,Y_GE15,TOTAL,ALL,22,ALL,ALL,2018,2627,,,,,,,,ALL_N1,,,,,,,
IT1:DF_DCSS_ISTR_LAV_PEN_2_TV_3(1.0),A,086019,RESPOP_AV,T,Y_GE15,TOTAL,ALL,22,ALL,ALL,2019,2677,,,,,,,,ALL_N1,,,,,,,
IT1:DF_DCSS_ISTR_LAV_PEN_2_TV_3(1.0),A,086019,RESPOP_AV,T,Y_GE15,TOTAL,ALL,22,ALL,ALL,2021,2379.64773961483,,,,,,,,ALL_N1,,,,,,,
IT1:DF_DCSS_ISTR_LAV_PEN_2_TV_3(1.0),A,086019,RESPOP_AV,T,Y_GE15,TOTAL,ALL,22,ALL,ALL,2022,2308.31288458765,,,,,,,,ALL_N1,,,,,,,
IT1:DF_DCSS_ISTR_LAV_PEN_2_TV_3(1.0),A,086019,RESPOP_AV,T,Y_GE15,TOTAL,ALL,22,ALL,ALL,2023,2322.0804680747074,,,,,,,,ALL_N1,,,,,,,
IT1:DF_DCSS_ISTR_LAV_PEN_2_TV_3(1.0),A,086019,RESPOP_AV,T,Y_GE15,TOTAL,ALL,22,ALL,ALL,2024,2302.7859806875067,,,,,,,,ALL_N1,,,,,,,
IT1:DF_DCSS_ISTR_LAV_PEN_2_TV_3(1.0),A,086019,RESPOP_AV,T,Y_GE15,TOTAL,ALL,23,ALL,ALL,2018,3782,,,,,,,,ALL_N1,,,,,,,
IT1:DF_DCSS_ISTR_LAV_PEN_2_TV_3(1.0),A,086019,RESPOP_AV,T,Y_GE15,TOTAL,ALL,23,ALL,ALL,2019,3623,,,,,,,,ALL_N1,,,,,,,
IT1:DF_DCSS_ISTR_LAV_PEN_2_TV_3(1.0),A,086019,RESPOP_AV,T,Y_GE15,TOTAL,ALL,23,ALL,ALL,2021,3782.35226038517,,,,,,,,ALL_N1,,,,,,,
IT1:DF_DCSS_ISTR_LAV_PEN_2_TV_3(1.0),A,086019,RESPOP_AV,T,Y_GE15,TOTAL,ALL,23,ALL,ALL,2022,3743.68711541235,,,,,,,,ALL_N1,,,,,,,
IT1:DF_DCSS_ISTR_LAV_PEN_2_TV_3(1.0),A,086019,RESPOP_AV,T,Y_GE15,TOTAL,ALL,23,ALL,ALL,2023,3659.919531925292,,,,,,,,ALL_N1,,,,,,,
IT1:DF_DCSS_ISTR_LAV_PEN_2_TV_3(1.0),A,086019,RESPOP_AV,T,Y_GE15,TOTAL,ALL,23,ALL,ALL,2024,3669.2140193124933,,,,,,,,ALL_N1,,,,,,,
IT1:DF_DCSS_ISTR_LAV_PEN_2_TV_3(1.0),A,086019,RESPOP_AV,T,Y_GE15,TOTAL,ALL,24,ALL,ALL,2018,1244,,,,,,,,ALL_N1,,,,,,,
IT1:DF_DCSS_ISTR_LAV_PEN_2_TV_3(1.0),A,086019,RESPOP_AV,T,Y_GE15,TOTAL,ALL,24,ALL,ALL,2019,1196,,,,,,,,ALL_N1,,,,,,,
IT1:DF_DCSS_ISTR_LAV_PEN_2_TV_3(1.0),A,086019,RESPOP_AV,T,Y_GE15,TOTAL,ALL,24,ALL,ALL,2021,1264.9141151777,,,,,,,,ALL_N1,,,,,,,
IT1:DF_DCSS_ISTR_LAV_PEN_2_TV_3(1.0),A,086019,RESPOP_AV,T,Y_GE15,TOTAL,ALL,24,ALL,ALL,2022,1232.94271789373,,,,,,,,ALL_N1,,,,,,,
IT1:DF_DCSS_ISTR_LAV_PEN_2_TV_3(1.0),A,086019,RESPOP_AV,T,Y_GE15,TOTAL,ALL,24,ALL,ALL,2023,1140.672041944642,,,,,,,,ALL_N1,,,,,,,
IT1:DF_DCSS_ISTR_LAV_PEN_2_TV_3(1.0),A,086019,RESPOP_AV,T,Y_GE15,TOTAL,ALL,24,ALL,ALL,2024,1219.243545628439,,,,,,,,ALL_N1,,,,,,,
IT1:DF_DCSS_ISTR_LAV_PEN_2_TV_3(1.0),A,086019,RESPOP_AV,T,Y_GE15,TOTAL,ALL,4,ALL,ALL,2018,1377,,,,,,,,ALL_N1,,,,,,,
IT1:DF_DCSS_ISTR_LAV_PEN_2_TV_3(1.0),A,086019,RESPOP_AV,T,Y_GE15,TOTAL,ALL,4,ALL,ALL,2019,1289,,,,,,,,ALL_N1,,,,,,,
IT1:DF_DCSS_ISTR_LAV_PEN_2_TV_3(1.0),A,086019,RESPOP_AV,T,Y_GE15,TOTAL,ALL,4,ALL,ALL,2021,1391.70021552638,,,,,,,,ALL_N1,,,,,,,
IT1:DF_DCSS_ISTR_LAV_PEN_2_TV_3(1.0),A,086019,RESPOP_AV,T,Y_GE15,TOTAL,ALL,4,ALL,ALL,2022,1363.29835529098,,,,,,,,ALL_N1,,,,,,,
IT1:DF_DCSS_ISTR_LAV_PEN_2_TV_3(1.0),A,086019,RESPOP_AV,T,Y_GE15,TOTAL,ALL,4,ALL,ALL,2023,1355.8318113833698,,,,,,,,ALL_N1,,,,,,,
IT1:DF_DCSS_ISTR_LAV_PEN_2_TV_3(1.0),A,086019,RESPOP_AV,T,Y_GE15,TOTAL,ALL,4,ALL,ALL,2024,1353.6483019146406,,,,,,,,ALL_N1,,,,,,,
IT1:DF_DCSS_ISTR_LAV_PEN_2_TV_3(1.0),A,086019,RESPOP_AV,T,Y_GE15,TOTAL,ALL,5,ALL,ALL,2018,527,,,,,,,,ALL_N1,,,,,,,
IT1:DF_DCSS_ISTR_LAV_PEN_2_TV_3(1.0),A,086019,RESPOP_AV,T,Y_GE15,TOTAL,ALL,5,ALL,ALL,2019,530,,,,,,,,ALL_N1,,,,,,,
IT1:DF_DCSS_ISTR_LAV_PEN_2_TV_3(1.0),A,086019,RESPOP_AV,T,Y_GE15,TOTAL,ALL,5,ALL,ALL,2021,564.489824549111,,,,,,,,ALL_N1,,,,,,,
IT1:DF_DCSS_ISTR_LAV_PEN_2_TV_3(1.0),A,086019,RESPOP_AV,T,Y_GE15,TOTAL,ALL,5,ALL,ALL,2022,577.538473193701,,,,,,,,ALL_N1,,,,,,,
IT1:DF_DCSS_ISTR_LAV_PEN_2_TV_3(1.0),A,086019,RESPOP_AV,T,Y_GE15,TOTAL,ALL,5,ALL,ALL,2023,572.0483062305145,,,,,,,,ALL_N1,,,,,,,
IT1:DF_DCSS_ISTR_LAV_PEN_2_TV_3(1.0),A,086019,RESPOP_AV,T,Y_GE15,TOTAL,ALL,5,ALL,ALL,2024,564.7011015049615,,,,,,,,ALL_N1,,,,,,,
IT1:DF_DCSS_ISTR_LAV_PEN_2_TV_3(1.0),A,086019,RESPOP_AV,T,Y_GE15,TOTAL,ALL,7,ALL,ALL,2018,634,,,,,,,,ALL_N1,,,,,,,
IT1:DF_DCSS_ISTR_LAV_PEN_2_TV_3(1.0),A,086019,RESPOP_AV,T,Y_GE15,TOTAL,ALL,7,ALL,ALL,2019,608,,,,,,,,ALL_N1,,,,,,,
IT1:DF_DCSS_ISTR_LAV_PEN_2_TV_3(1.0),A,086019,RESPOP_AV,T,Y_GE15,TOTAL,ALL,7,ALL,ALL,2021,561.248105131982,,,,,,,,ALL_N1,,,,,,,
IT1:DF_DCSS_ISTR_LAV_PEN_2_TV_3(1.0),A,086019,RESPOP_AV,T,Y_GE15,TOTAL,ALL,7,ALL,ALL,2022,569.907569033933,,,,,,,,ALL_N1,,,,,,,
IT1:DF_DCSS_ISTR_LAV_PEN_2_TV_3(1.0),A,086019,RESPOP_AV,T,Y_GE15,TOTAL,ALL,7,ALL,ALL,2023,591.3673723667662,,,,,,,,ALL_N1,,,,,,,
IT1:DF_DCSS_ISTR_LAV_PEN_2_TV_3(1.0),A,086019,RESPOP_AV,T,Y_GE15,TOTAL,ALL,7,ALL,ALL,2024,531.6210702644523,,,,,,,,ALL_N1,,,,,,,
IT1:DF_DCSS_ISTR_LAV_PEN_2_TV_3(1.0),A,086019,RESPOP_AV,T,Y_GE15,TOTAL,ALL,99,ALL,ALL,2018,6409,,,,,,,,ALL_N1,99_N1,,,,,,
IT1:DF_DCSS_ISTR_LAV_PEN_2_TV_3(1.0),A,086019,RESPOP_AV,T,Y_GE15,TOTAL,ALL,99,ALL,ALL,2019,6300,,,,,,,,ALL_N1,99_N1,,,,,,
IT1:DF_DCSS_ISTR_LAV_PEN_2_TV_3(1.0),A,086019,RESPOP_AV,T,Y_GE15,TOTAL,ALL,99,ALL,ALL,2021,6162,,,,,,,,ALL_N1,99_N1,,,,,,
IT1:DF_DCSS_ISTR_LAV_PEN_2_TV_3(1.0),A,086019,RESPOP_AV,T,Y_GE15,TOTAL,ALL,99,ALL,ALL,2022,6052,,,,,,,,ALL_N1,99_N1,,,,,,
IT1:DF_DCSS_ISTR_LAV_PEN_2_TV_3(1.0),A,086019,RESPOP_AV,T,Y_GE15,TOTAL,ALL,99,ALL,ALL,2023,5982,,,,,,,,ALL_N1,99_N1,,,,,,
IT1:DF_DCSS_ISTR_LAV_PEN_2_TV_3(1.0),A,086019,RESPOP_AV,T,Y_GE15,TOTAL,ALL,99,ALL,ALL,2024,5972,,,,,,,,ALL_N1,99_N1,,,,,,
IT1:DF_DCSS_ISTR_LAV_PEN_2_TV_3(1.0),A,086020,RESPOP_AV,F,Y_GE15,TOTAL,ALL,1,ALL,ALL,2018,497,,,,,,,,ALL_N1,,,,,,,
IT1:DF_DCSS_ISTR_LAV_PEN_2_TV_3(1.0),A,086020,RESPOP_AV,F,Y_GE15,TOTAL,ALL,1,ALL,ALL,2019,489,,,,,,,,ALL_N1,,,,,,,
IT1:DF_DCSS_ISTR_LAV_PEN_2_TV_3(1.0),A,086020,RESPOP_AV,F,Y_GE15,TOTAL,ALL,1,ALL,ALL,2021,489,,,,,,,,ALL_N1,,,,,,,
IT1:DF_DCSS_ISTR_LAV_PEN_2_TV_3(1.0),A,086020,RESPOP_AV,F,Y_GE15,TOTAL,ALL,1,ALL,ALL,2022,492,,,,,,,,ALL_N1,,,,,,,
IT1:DF_DCSS_ISTR_LAV_PEN_2_TV_3(1.0),A,086020,RESPOP_AV,F,Y_GE15,TOTAL,ALL,1,ALL,ALL,2023,490,,,,,,,,ALL_N1,,,,,,,
IT1:DF_DCSS_ISTR_LAV_PEN_2_TV_3(1.0),A,086020,RESPOP_AV,F,Y_GE15,TOTAL,ALL,1,ALL,ALL,2024,512,,,,,,,,ALL_N1,,,,,,,
IT1:DF_DCSS_ISTR_LAV_PEN_2_TV_3(1.0),A,086020,RESPOP_AV,F,Y_GE15,TOTAL,ALL,12,ALL,ALL,2018,160,,,,,,,,ALL_N1,,,,,,,
IT1:DF_DCSS_ISTR_LAV_PEN_2_TV_3(1.0),A,086020,RESPOP_AV,F,Y_GE15,TOTAL,ALL,12,ALL,ALL,2019,168,,,,,,,,ALL_N1,,,,,,,
IT1:DF_DCSS_ISTR_LAV_PEN_2_TV_3(1.0),A,086020,RESPOP_AV,F,Y_GE15,TOTAL,ALL,12,ALL,ALL,2021,127.798328925821,,,,,,,,ALL_N1,,,,,,,
IT1:DF_DCSS_ISTR_LAV_PEN_2_TV_3(1.0),A,086020,RESPOP_AV,F,Y_GE15,TOTAL,ALL,12,ALL,ALL,2022,90.6787406586645,,,,,,,,ALL_N1,,,,,,,
IT1:DF_DCSS_ISTR_LAV_PEN_2_TV_3(1.0),A,086020,RESPOP_AV,F,Y_GE15,TOTAL,ALL,12,ALL,ALL,2023,84.03892802071762,,,,,,,,ALL_N1,,,,,,,
IT1:DF_DCSS_ISTR_LAV_PEN_2_TV_3(1.0),A,086020,RESPOP_AV,F,Y_GE15,TOTAL,ALL,12,ALL,ALL,2024,69.60444139039592,,,,,,,,ALL_N1,,,,,,,
IT1:DF_DCSS_ISTR_LAV_PEN_2_TV_3(1.0),A,086020,RESPOP_AV,F,Y_GE15,TOTAL,ALL,22,ALL,ALL,2018,657,,,,,,,,ALL_N1,,,,,,,
IT1:DF_DCSS_ISTR_LAV_PEN_2_TV_3(1.0),A,086020,RESPOP_AV,F,Y_GE15,TOTAL,ALL,22,ALL,ALL,2019,657,,,,,,,,ALL_N1,,,,,,,
IT1:DF_DCSS_ISTR_LAV_PEN_2_TV_3(1.0),A,086020,RESPOP_AV,F,Y_GE15,TOTAL,ALL,22,ALL,ALL,2021,616.798328925821,,,,,,,,ALL_N1,,,,,,,
IT1:DF_DCSS_ISTR_LAV_PEN_2_TV_3(1.0),A,086020,RESPOP_AV,F,Y_GE15,TOTAL,ALL,22,ALL,ALL,2022,582.678740658664,,,,,,,,ALL_N1,,,,,,,
IT1:DF_DCSS_ISTR_LAV_PEN_2_TV_3(1.0),A,086020,RESPOP_AV,F,Y_GE15,TOTAL,ALL,22,ALL,ALL,2023,574.0389280207177,,,,,,,,ALL_N1,,,,,,,
IT1:DF_DCSS_ISTR_LAV_PEN_2_TV_3(1.0),A,086020,RESPOP_AV,F,Y_GE15,TOTAL,ALL,22,ALL,ALL,2024,581.6044413903959,,,,,,,,ALL_N1,,,,,,,
IT1:DF_DCSS_ISTR_LAV_PEN_2_TV_3(1.0),A,086020,RESPOP_AV,F,Y_GE15,TOTAL,ALL,23,ALL,ALL,2018,1493,,,,,,,,ALL_N1,,,,,,,
IT1:DF_DCSS_ISTR_LAV_PEN_2_TV_3(1.0),A,086020,RESPOP_AV,F,Y_GE15,TOTAL,ALL,23,ALL,ALL,2019,1477,,,,,,,,ALL_N1,,,,,,,
IT1:DF_DCSS_ISTR_LAV_PEN_2_TV_3(1.0),A,086020,RESPOP_AV,F,Y_GE15,TOTAL,ALL,23,ALL,ALL,2021,1471.20167107418,,,,,,,,ALL_N1,,,,,,,
IT1:DF_DCSS_ISTR_LAV_PEN_2_TV_3(1.0),A,086020,RESPOP_AV,F,Y_GE15,TOTAL,ALL,23,ALL,ALL,2022,1484.32125934134,,,,,,,,ALL_N1,,,,,,,
IT1:DF_DCSS_ISTR_LAV_PEN_2_TV_3(1.0),A,086020,RESPOP_AV,F,Y_GE15,TOTAL,ALL,23,ALL,ALL,2023,1443.9610719792822,,,,,,,,ALL_N1,,,,,,,
IT1:DF_DCSS_ISTR_LAV_PEN_2_TV_3(1.0),A,086020,RESPOP_AV,F,Y_GE15,TOTAL,ALL,23,ALL,ALL,2024,1425.395558609604,,,,,,,,ALL_N1,,,,,,,
IT1:DF_DCSS_ISTR_LAV_PEN_2_TV_3(1.0),A,086020,RESPOP_AV,F,Y_GE15,TOTAL,ALL,24,ALL,ALL,2018,377,,,,,,,,ALL_N1,,,,,,,
IT1:DF_DCSS_ISTR_LAV_PEN_2_TV_3(1.0),A,086020,RESPOP_AV,F,Y_GE15,TOTAL,ALL,24,ALL,ALL,2019,414,,,,,,,,ALL_N1,,,,,,,
IT1:DF_DCSS_ISTR_LAV_PEN_2_TV_3(1.0),A,086020,RESPOP_AV,F,Y_GE15,TOTAL,ALL,24,ALL,ALL,2021,391.750191766954,,,,,,,,ALL_N1,,,,,,,
IT1:DF_DCSS_ISTR_LAV_PEN_2_TV_3(1.0),A,086020,RESPOP_AV,F,Y_GE15,TOTAL,ALL,24,ALL,ALL,2022,403.173071600894,,,,,,,,ALL_N1,,,,,,,
IT1:DF_DCSS_ISTR_LAV_PEN_2_TV_3(1.0),A,086020,RESPOP_AV,F,Y_GE15,TOTAL,ALL,24,ALL,ALL,2023,387.3197368640953,,,,,,,,ALL_N1,,,,,,,
IT1:DF_DCSS_ISTR_LAV_PEN_2_TV_3(1.0),A,086020,RESPOP_AV,F,Y_GE15,TOTAL,ALL,24,ALL,ALL,2024,384.90672098508605,,,,,,,,ALL_N1,,,,,,,
IT1:DF_DCSS_ISTR_LAV_PEN_2_TV_3(1.0),A,086020,RESPOP_AV,F,Y_GE15,TOTAL,ALL,4,ALL,ALL,2018,744,,,,,,,,ALL_N1,,,,,,,
IT1:DF_DCSS_ISTR_LAV_PEN_2_TV_3(1.0),A,086020,RESPOP_AV,F,Y_GE15,TOTAL,ALL,4,ALL,ALL,2019,703,,,,,,,,ALL_N1,,,,,,,
IT1:DF_DCSS_ISTR_LAV_PEN_2_TV_3(1.0),A,086020,RESPOP_AV,F,Y_GE15,TOTAL,ALL,4,ALL,ALL,2021,676.626792585339,,,,,,,,ALL_N1,,,,,,,
IT1:DF_DCSS_ISTR_LAV_PEN_2_TV_3(1.0),A,086020,RESPOP_AV,F,Y_GE15,TOTAL,ALL,4,ALL,ALL,2022,706.832376865761,,,,,,,,ALL_N1,,,,,,,
IT1:DF_DCSS_ISTR_LAV_PEN_2_TV_3(1.0),A,086020,RESPOP_AV,F,Y_GE15,TOTAL,ALL,4,ALL,ALL,2023,690.0562182486964,,,,,,,,ALL_N1,,,,,,,
IT1:DF_DCSS_ISTR_LAV_PEN_2_TV_3(1.0),A,086020,RESPOP_AV,F,Y_GE15,TOTAL,ALL,4,ALL,ALL,2024,682.1424582812905,,,,,,,,ALL_N1,,,,,,,
IT1:DF_DCSS_ISTR_LAV_PEN_2_TV_3(1.0),A,086020,RESPOP_AV,F,Y_GE15,TOTAL,ALL,5,ALL,ALL,2018,177,,,,,,,,ALL_N1,,,,,,,
IT1:DF_DCSS_ISTR_LAV_PEN_2_TV_3(1.0),A,086020,RESPOP_AV,F,Y_GE15,TOTAL,ALL,5,ALL,ALL,2019,190,,,,,,,,ALL_N1,,,,,,,
IT1:DF_DCSS_ISTR_LAV_PEN_2_TV_3(1.0),A,086020,RESPOP_AV,F,Y_GE15,TOTAL,ALL,5,ALL,ALL,2021,188.672100351299,,,,,,,,ALL_N1,,,,,,,
IT1:DF_DCSS_ISTR_LAV_PEN_2_TV_3(1.0),A,086020,RESPOP_AV,F,Y_GE15,TOTAL,ALL,5,ALL,ALL,2022,192.3764922676,,,,,,,,ALL_N1,,,,,,,
IT1:DF_DCSS_ISTR_LAV_PEN_2_TV_3(1.0),A,086020,RESPOP_AV,F,Y_GE15,TOTAL,ALL,5,ALL,ALL,2023,190.68680858377238,,,,,,,,ALL_N1,,,,,,,
IT1:DF_DCSS_ISTR_LAV_PEN_2_TV_3(1.0),A,086020,RESPOP_AV,F,Y_GE15,TOTAL,ALL,5,ALL,ALL,2024,185.5840316733126,,,,,,,,ALL_N1,,,,,,,
IT1:DF_DCSS_ISTR_LAV_PEN_2_TV_3(1.0),A,086020,RESPOP_AV,F,Y_GE15,TOTAL,ALL,7,ALL,ALL,2018,195,,,,,,,,ALL_N1,,,,,,,
IT1:DF_DCSS_ISTR_LAV_PEN_2_TV_3(1.0),A,086020,RESPOP_AV,F,Y_GE15,TOTAL,ALL,7,ALL,ALL,2019,171,,,,,,,,ALL_N1,,,,,,,
IT1:DF_DCSS_ISTR_LAV_PEN_2_TV_3(1.0),A,086020,RESPOP_AV,F,Y_GE15,TOTAL,ALL,7,ALL,ALL,2021,214.152586370587,,,,,,,,ALL_N1,,,,,,,
IT1:DF_DCSS_ISTR_LAV_PEN_2_TV_3(1.0),A,086020,RESPOP_AV,F,Y_GE15,TOTAL,ALL,7,ALL,ALL,2022,181.93931860708,,,,,,,,ALL_N1,,,,,,,
IT1:DF_DCSS_ISTR_LAV_PEN_2_TV_3(1.0),A,086020,RESPOP_AV,F,Y_GE15,TOTAL,ALL,7,ALL,ALL,2023,175.8983082827182,,,,,,,,ALL_N1,,,,,,,
IT1:DF_DCSS_ISTR_LAV_PEN_2_TV_3(1.0),A,086020,RESPOP_AV,F,Y_GE15,TOTAL,ALL,7,ALL,ALL,2024,172.76234766991476,,,,,,,,ALL_N1,,,,,,,
IT1:DF_DCSS_ISTR_LAV_PEN_2_TV_3(1.0),A,086020,RESPOP_AV,F,Y_GE15,TOTAL,ALL,99,ALL,ALL,2018,2149,,,,,,,,ALL_N1,99_N1,,,,,,
IT1:DF_DCSS_ISTR_LAV_PEN_2_TV_3(1.0),A,086020,RESPOP_AV,F,Y_GE15,TOTAL,ALL,99,ALL,ALL,2019,2134,,,,,,,,ALL_N1,99_N1,,,,,,
IT1:DF_DCSS_ISTR_LAV_PEN_2_TV_3(1.0),A,086020,RESPOP_AV,F,Y_GE15,TOTAL,ALL,99,ALL,ALL,2021,2088,,,,,,,,ALL_N1,99_N1,,,,,,
IT1:DF_DCSS_ISTR_LAV_PEN_2_TV_3(1.0),A,086020,RESPOP_AV,F,Y_GE15,TOTAL,ALL,99,ALL,ALL,2022,2067,,,,,,,,ALL_N1,99_N1,,,,,,
IT1:DF_DCSS_ISTR_LAV_PEN_2_TV_3(1.0),A,086020,RESPOP_AV,F,Y_GE15,TOTAL,ALL,99,ALL,ALL,2023,2017.9999999999998,,,,,,,,ALL_N1,99_N1,,,,,,
IT1:DF_DCSS_ISTR_LAV_PEN_2_TV_3(1.0),A,086020,RESPOP_AV,F,Y_GE15,TOTAL,ALL,99,ALL,ALL,2024,2006.9999999999998,,,,,,,,ALL_N1,99_N1,,,,,,
IT1:DF_DCSS_ISTR_LAV_PEN_2_TV_3(1.0),A,086020,RESPOP_AV,M,Y_GE15,TOTAL,ALL,1,ALL,ALL,2018,826,,,,,,,,ALL_N1,,,,,,,
IT1:DF_DCSS_ISTR_LAV_PEN_2_TV_3(1.0),A,086020,RESPOP_AV,M,Y_GE15,TOTAL,ALL,1,ALL,ALL,2019,814,,,,,,,,ALL_N1,,,,,,,
IT1:DF_DCSS_ISTR_LAV_PEN_2_TV_3(1.0),A,086020,RESPOP_AV,M,Y_GE15,TOTAL,ALL,1,ALL,ALL,2021,803,,,,,,,,ALL_N1,,,,,,,
IT1:DF_DCSS_ISTR_LAV_PEN_2_TV_3(1.0),A,086020,RESPOP_AV,M,Y_GE15,TOTAL,ALL,1,ALL,ALL,2022,832,,,,,,,,ALL_N1,,,,,,,
IT1:DF_DCSS_ISTR_LAV_PEN_2_TV_3(1.0),A,086020,RESPOP_AV,M,Y_GE15,TOTAL,ALL,1,ALL,ALL,2023,830,,,,,,,,ALL_N1,,,,,,,
IT1:DF_DCSS_ISTR_LAV_PEN_2_TV_3(1.0),A,086020,RESPOP_AV,M,Y_GE15,TOTAL,ALL,1,ALL,ALL,2024,845,,,,,,,,ALL_N1,,,,,,,
IT1:DF_DCSS_ISTR_LAV_PEN_2_TV_3(1.0),A,086020,RESPOP_AV,M,Y_GE15,TOTAL,ALL,12,ALL,ALL,2018,184,,,,,,,,ALL_N1,,,,,,,
IT1:DF_DCSS_ISTR_LAV_PEN_2_TV_3(1.0),A,086020,RESPOP_AV,M,Y_GE15,TOTAL,ALL,12,ALL,ALL,2019,177,,,,,,,,ALL_N1,,,,,,,
IT1:DF_DCSS_ISTR_LAV_PEN_2_TV_3(1.0),A,086020,RESPOP_AV,M,Y_GE15,TOTAL,ALL,12,ALL,ALL,2021,147.653843202933,,,,,,,,ALL_N1,,,,,,,
IT1:DF_DCSS_ISTR_LAV_PEN_2_TV_3(1.0),A,086020,RESPOP_AV,M,Y_GE15,TOTAL,ALL,12,ALL,ALL,2022,100.967673376087,,,,,,,,ALL_N1,,,,,,,
IT1:DF_DCSS_ISTR_LAV_PEN_2_TV_3(1.0),A,086020,RESPOP_AV,M,Y_GE15,TOTAL,ALL,12,ALL,ALL,2023,84.03515487129907,,,,,,,,ALL_N1,,,,,,,
IT1:DF_DCSS_ISTR_LAV_PEN_2_TV_3(1.0),A,086020,RESPOP_AV,M,Y_GE15,TOTAL,ALL,12,ALL,ALL,2024,81.29259186006804,,,,,,,,ALL_N1,,,,,,,
IT1:DF_DCSS_ISTR_LAV_PEN_2_TV_3(1.0),A,086020,RESPOP_AV,M,Y_GE15,TOTAL,ALL,22,ALL,ALL,2018,1010,,,,,,,,ALL_N1,,,,,,,
IT1:DF_DCSS_ISTR_LAV_PEN_2_TV_3(1.0),A,086020,RESPOP_AV,M,Y_GE15,TOTAL,ALL,22,ALL,ALL,2019,991,,,,,,,,ALL_N1,,,,,,,
IT1:DF_DCSS_ISTR_LAV_PEN_2_TV_3(1.0),A,086020,RESPOP_AV,M,Y_GE15,TOTAL,ALL,22,ALL,ALL,2021,950.653843202933,,,,,,,,ALL_N1,,,,,,,
IT1:DF_DCSS_ISTR_LAV_PEN_2_TV_3(1.0),A,086020,RESPOP_AV,M,Y_GE15,TOTAL,ALL,22,ALL,ALL,2022,932.967673376087,,,,,,,,ALL_N1,,,,,,,
IT1:DF_DCSS_ISTR_LAV_PEN_2_TV_3(1.0),A,086020,RESPOP_AV,M,Y_GE15,TOTAL,ALL,22,ALL,ALL,2023,914.035154871299,,,,,,,,ALL_N1,,,,,,,
IT1:DF_DCSS_ISTR_LAV_PEN_2_TV_3(1.0),A,086020,RESPOP_AV,M,Y_GE15,TOTAL,ALL,22,ALL,ALL,2024,926.292591860068,,,,,,,,ALL_N1,,,,,,,
IT1:DF_DCSS_ISTR_LAV_PEN_2_TV_3(1.0),A,086020,RESPOP_AV,M,Y_GE15,TOTAL,ALL,23,ALL,ALL,2018,917,,,,,,,,ALL_N1,,,,,,,
IT1:DF_DCSS_ISTR_LAV_PEN_2_TV_3(1.0),A,086020,RESPOP_AV,M,Y_GE15,TOTAL,ALL,23,ALL,ALL,2019,883,,,,,,,,ALL_N1,,,,,,,
IT1:DF_DCSS_ISTR_LAV_PEN_2_TV_3(1.0),A,086020,RESPOP_AV,M,Y_GE15,TOTAL,ALL,23,ALL,ALL,2021,900.346156797067,,,,,,,,ALL_N1,,,,,,,
IT1:DF_DCSS_ISTR_LAV_PEN_2_TV_3(1.0),A,086020,RESPOP_AV,M,Y_GE15,TOTAL,ALL,23,ALL,ALL,2022,904.032326623913,,,,,,,,ALL_N1,,,,,,,
IT1:DF_DCSS_ISTR_LAV_PEN_2_TV_3(1.0),A,086020,RESPOP_AV,M,Y_GE15,TOTAL,ALL,23,ALL,ALL,2023,871.964845128701,,,,,,,,ALL_N1,,,,,,,
IT1:DF_DCSS_ISTR_LAV_PEN_2_TV_3(1.0),A,086020,RESPOP_AV,M,Y_GE15,TOTAL,ALL,23,ALL,ALL,2024,889.7074081399319,,,,,,,,ALL_N1,,,,,,,
IT1:DF_DCSS_ISTR_LAV_PEN_2_TV_3(1.0),A,086020,RESPOP_AV,M,Y_GE15,TOTAL,ALL,24,ALL,ALL,2018,444,,,,,,,,ALL_N1,,,,,,,
IT1:DF_DCSS_ISTR_LAV_PEN_2_TV_3(1.0),A,086020,RESPOP_AV,M,Y_GE15,TOTAL,ALL,24,ALL,ALL,2019,463,,,,,,,,ALL_N1,,,,,,,
IT1:DF_DCSS_ISTR_LAV_PEN_2_TV_3(1.0),A,086020,RESPOP_AV,M,Y_GE15,TOTAL,ALL,24,ALL,ALL,2021,479.175435278257,,,,,,,,ALL_N1,,,,,,,
IT1:DF_DCSS_ISTR_LAV_PEN_2_TV_3(1.0),A,086020,RESPOP_AV,M,Y_GE15,TOTAL,ALL,24,ALL,ALL,2022,467.434129302806,,,,,,,,ALL_N1,,,,,,,
IT1:DF_DCSS_ISTR_LAV_PEN_2_TV_3(1.0),A,086020,RESPOP_AV,M,Y_GE15,TOTAL,ALL,24,ALL,ALL,2023,453.89310642113907,,,,,,,,ALL_N1,,,,,,,
IT1:DF_DCSS_ISTR_LAV_PEN_2_TV_3(1.0),A,086020,RESPOP_AV,M,Y_GE15,TOTAL,ALL,24,ALL,ALL,2024,461.1133659892218,,,,,,,,ALL_N1,,,,,,,
IT1:DF_DCSS_ISTR_LAV_PEN_2_TV_3(1.0),A,086020,RESPOP_AV,M,Y_GE15,TOTAL,ALL,4,ALL,ALL,2018,30,,,,,,,,ALL_N1,,,,,,,
IT1:DF_DCSS_ISTR_LAV_PEN_2_TV_3(1.0),A,086020,RESPOP_AV,M,Y_GE15,TOTAL,ALL,4,ALL,ALL,2019,28,,,,,,,,ALL_N1,,,,,,,
IT1:DF_DCSS_ISTR_LAV_PEN_2_TV_3(1.0),A,086020,RESPOP_AV,M,Y_GE15,TOTAL,ALL,4,ALL,ALL,2021,41.5320122088429,,,,,,,,ALL_N1,,,,,,,
IT1:DF_DCSS_ISTR_LAV_PEN_2_TV_3(1.0),A,086020,RESPOP_AV,M,Y_GE15,TOTAL,ALL,4,ALL,ALL,2022,46.9478464143921,,,,,,,,ALL_N1,,,,,,,
IT1:DF_DCSS_ISTR_LAV_PEN_2_TV_3(1.0),A,086020,RESPOP_AV,M,Y_GE15,TOTAL,ALL,4,ALL,ALL,2023,48.52780678564769,,,,,,,,ALL_N1,,,,,,,
IT1:DF_DCSS_ISTR_LAV_PEN_2_TV_3(1.0),A,086020,RESPOP_AV,M,Y_GE15,TOTAL,ALL,4,ALL,ALL,2024,47.74474660707689,,,,,,,,ALL_N1,,,,,,,
IT1:DF_DCSS_ISTR_LAV_PEN_2_TV_3(1.0),A,086020,RESPOP_AV,M,Y_GE15,TOTAL,ALL,5,ALL,ALL,2018,159,,,,,,,,ALL_N1,,,,,,,
IT1:DF_DCSS_ISTR_LAV_PEN_2_TV_3(1.0),A,086020,RESPOP_AV,M,Y_GE15,TOTAL,ALL,5,ALL,ALL,2019,167,,,,,,,,ALL_N1,,,,,,,
IT1:DF_DCSS_ISTR_LAV_PEN_2_TV_3(1.0),A,086020,RESPOP_AV,M,Y_GE15,TOTAL,ALL,5,ALL,ALL,2021,156.13194104783,,,,,,,,ALL_N1,,,,,,,
IT1:DF_DCSS_ISTR_LAV_PEN_2_TV_3(1.0),A,086020,RESPOP_AV,M,Y_GE15,TOTAL,ALL,5,ALL,ALL,2022,168.127011650903,,,,,,,,ALL_N1,,,,,,,
IT1:DF_DCSS_ISTR_LAV_PEN_2_TV_3(1.0),A,086020,RESPOP_AV,M,Y_GE15,TOTAL,ALL,5,ALL,ALL,2023,167.0761653721209,,,,,,,,ALL_N1,,,,,,,
IT1:DF_DCSS_ISTR_LAV_PEN_2_TV_3(1.0),A,086020,RESPOP_AV,M,Y_GE15,TOTAL,ALL,5,ALL,ALL,2024,154.37140581245777,,,,,,,,ALL_N1,,,,,,,
IT1:DF_DCSS_ISTR_LAV_PEN_2_TV_3(1.0),A,086020,RESPOP_AV,M,Y_GE15,TOTAL,ALL,7,ALL,ALL,2018,284,,,,,,,,ALL_N1,,,,,,,
IT1:DF_DCSS_ISTR_LAV_PEN_2_TV_3(1.0),A,086020,RESPOP_AV,M,Y_GE15,TOTAL,ALL,7,ALL,ALL,2019,225,,,,,,,,ALL_N1,,,,,,,
IT1:DF_DCSS_ISTR_LAV_PEN_2_TV_3(1.0),A,086020,RESPOP_AV,M,Y_GE15,TOTAL,ALL,7,ALL,ALL,2021,223.506768262137,,,,,,,,ALL_N1,,,,,,,
IT1:DF_DCSS_ISTR_LAV_PEN_2_TV_3(1.0),A,086020,RESPOP_AV,M,Y_GE15,TOTAL,ALL,7,ALL,ALL,2022,221.523339255811,,,,,,,,ALL_N1,,,,,,,
IT1:DF_DCSS_ISTR_LAV_PEN_2_TV_3(1.0),A,086020,RESPOP_AV,M,Y_GE15,TOTAL,ALL,7,ALL,ALL,2023,202.4677665497933,,,,,,,,ALL_N1,,,,,,,
IT1:DF_DCSS_ISTR_LAV_PEN_2_TV_3(1.0),A,086020,RESPOP_AV,M,Y_GE15,TOTAL,ALL,7,ALL,ALL,2024,226.47788973117548,,,,,,,,ALL_N1,,,,,,,
IT1:DF_DCSS_ISTR_LAV_PEN_2_TV_3(1.0),A,086020,RESPOP_AV,M,Y_GE15,TOTAL,ALL,99,ALL,ALL,2018,1926,,,,,,,,ALL_N1,99_N1,,,,,,
IT1:DF_DCSS_ISTR_LAV_PEN_2_TV_3(1.0),A,086020,RESPOP_AV,M,Y_GE15,TOTAL,ALL,99,ALL,ALL,2019,1874,,,,,,,,ALL_N1,99_N1,,,,,,
IT1:DF_DCSS_ISTR_LAV_PEN_2_TV_3(1.0),A,086020,RESPOP_AV,M,Y_GE15,TOTAL,ALL,99,ALL,ALL,2021,1851,,,,,,,,ALL_N1,99_N1,,,,,,
IT1:DF_DCSS_ISTR_LAV_PEN_2_TV_3(1.0),A,086020,RESPOP_AV,M,Y_GE15,TOTAL,ALL,99,ALL,ALL,2022,1837,,,,,,,,ALL_N1,99_N1,,,,,,
IT1:DF_DCSS_ISTR_LAV_PEN_2_TV_3(1.0),A,086020,RESPOP_AV,M,Y_GE15,TOTAL,ALL,99,ALL,ALL,2023,1786,,,,,,,,ALL_N1,99_N1,,,,,,
IT1:DF_DCSS_ISTR_LAV_PEN_2_TV_3(1.0),A,086020,RESPOP_AV,M,Y_GE15,TOTAL,ALL,99,ALL,ALL,2024,1816,,,,,,,,ALL_N1,99_N1,,,,,,
IT1:DF_DCSS_ISTR_LAV_PEN_2_TV_3(1.0),A,086020,RESPOP_AV,T,Y_GE15,TOTAL,ALL,1,ALL,ALL,2018,1322,,,,,,,,ALL_N1,,,,,,,
IT1:DF_DCSS_ISTR_LAV_PEN_2_TV_3(1.0),A,086020,RESPOP_AV,T,Y_GE15,TOTAL,ALL,1,ALL,ALL,2019,1303,,,,,,,,ALL_N1,,,,,,,
IT1:DF_DCSS_ISTR_LAV_PEN_2_TV_3(1.0),A,086020,RESPOP_AV,T,Y_GE15,TOTAL,ALL,1,ALL,ALL,2021,1292,,,,,,,,ALL_N1,,,,,,,
IT1:DF_DCSS_ISTR_LAV_PEN_2_TV_3(1.0),A,086020,RESPOP_AV,T,Y_GE15,TOTAL,ALL,1,ALL,ALL,2022,1324,,,,,,,,ALL_N1,,,,,,,
IT1:DF_DCSS_ISTR_LAV_PEN_2_TV_3(1.0),A,086020,RESPOP_AV,T,Y_GE15,TOTAL,ALL,1,ALL,ALL,2023,1320,,,,,,,,ALL_N1,,,,,,,
IT1:DF_DCSS_ISTR_LAV_PEN_2_TV_3(1.0),A,086020,RESPOP_AV,T,Y_GE15,TOTAL,ALL,1,ALL,ALL,2024,1357,,,,,,,,ALL_N1,,,,,,,
IT1:DF_DCSS_ISTR_LAV_PEN_2_TV_3(1.0),A,086020,RESPOP_AV,T,Y_GE15,TOTAL,ALL,12,ALL,ALL,2018,344,,,,,,,,ALL_N1,,,,,,,
IT1:DF_DCSS_ISTR_LAV_PEN_2_TV_3(1.0),A,086020,RESPOP_AV,T,Y_GE15,TOTAL,ALL,12,ALL,ALL,2019,345,,,,,,,,ALL_N1,,,,,,,
IT1:DF_DCSS_ISTR_LAV_PEN_2_TV_3(1.0),A,086020,RESPOP_AV,T,Y_GE15,TOTAL,ALL,12,ALL,ALL,2021,275.452172128754,,,,,,,,ALL_N1,,,,,,,
IT1:DF_DCSS_ISTR_LAV_PEN_2_TV_3(1.0),A,086020,RESPOP_AV,T,Y_GE15,TOTAL,ALL,12,ALL,ALL,2022,191.646414034752,,,,,,,,ALL_N1,,,,,,,
IT1:DF_DCSS_ISTR_LAV_PEN_2_TV_3(1.0),A,086020,RESPOP_AV,T,Y_GE15,TOTAL,ALL,12,ALL,ALL,2023,168.0740828920167,,,,,,,,ALL_N1,,,,,,,
IT1:DF_DCSS_ISTR_LAV_PEN_2_TV_3(1.0),A,086020,RESPOP_AV,T,Y_GE15,TOTAL,ALL,12,ALL,ALL,2024,150.89703325046395,,,,,,,,ALL_N1,,,,,,,
IT1:DF_DCSS_ISTR_LAV_PEN_2_TV_3(1.0),A,086020,RESPOP_AV,T,Y_GE15,TOTAL,ALL,22,ALL,ALL,2018,1666,,,,,,,,ALL_N1,,,,,,,
IT1:DF_DCSS_ISTR_LAV_PEN_2_TV_3(1.0),A,086020,RESPOP_AV,T,Y_GE15,TOTAL,ALL,22,ALL,ALL,2019,1648,,,,,,,,ALL_N1,,,,,,,
IT1:DF_DCSS_ISTR_LAV_PEN_2_TV_3(1.0),A,086020,RESPOP_AV,T,Y_GE15,TOTAL,ALL,22,ALL,ALL,2021,1567.45217212875,,,,,,,,ALL_N1,,,,,,,
IT1:DF_DCSS_ISTR_LAV_PEN_2_TV_3(1.0),A,086020,RESPOP_AV,T,Y_GE15,TOTAL,ALL,22,ALL,ALL,2022,1515.64641403475,,,,,,,,ALL_N1,,,,,,,
IT1:DF_DCSS_ISTR_LAV_PEN_2_TV_3(1.0),A,086020,RESPOP_AV,T,Y_GE15,TOTAL,ALL,22,ALL,ALL,2023,1488.0740828920166,,,,,,,,ALL_N1,,,,,,,
IT1:DF_DCSS_ISTR_LAV_PEN_2_TV_3(1.0),A,086020,RESPOP_AV,T,Y_GE15,TOTAL,ALL,22,ALL,ALL,2024,1507.897033250464,,,,,,,,ALL_N1,,,,,,,
IT1:DF_DCSS_ISTR_LAV_PEN_2_TV_3(1.0),A,086020,RESPOP_AV,T,Y_GE15,TOTAL,ALL,23,ALL,ALL,2018,2409,,,,,,,,ALL_N1,,,,,,,
IT1:DF_DCSS_ISTR_LAV_PEN_2_TV_3(1.0),A,086020,RESPOP_AV,T,Y_GE15,TOTAL,ALL,23,ALL,ALL,2019,2360,,,,,,,,ALL_N1,,,,,,,
IT1:DF_DCSS_ISTR_LAV_PEN_2_TV_3(1.0),A,086020,RESPOP_AV,T,Y_GE15,TOTAL,ALL,23,ALL,ALL,2021,2371.54782787125,,,,,,,,ALL_N1,,,,,,,
IT1:DF_DCSS_ISTR_LAV_PEN_2_TV_3(1.0),A,086020,RESPOP_AV,T,Y_GE15,TOTAL,ALL,23,ALL,ALL,2022,2388.35358596525,,,,,,,,ALL_N1,,,,,,,
IT1:DF_DCSS_ISTR_LAV_PEN_2_TV_3(1.0),A,086020,RESPOP_AV,T,Y_GE15,TOTAL,ALL,23,ALL,ALL,2023,2315.9259171079834,,,,,,,,ALL_N1,,,,,,,
IT1:DF_DCSS_ISTR_LAV_PEN_2_TV_3(1.0),A,086020,RESPOP_AV,T,Y_GE15,TOTAL,ALL,23,ALL,ALL,2024,2315.102966749536,,,,,,,,ALL_N1,,,,,,,
IT1:DF_DCSS_ISTR_LAV_PEN_2_TV_3(1.0),A,086020,RESPOP_AV,T,Y_GE15,TOTAL,ALL,24,ALL,ALL,2018,821,,,,,,,,ALL_N1,,,,,,,
IT1:DF_DCSS_ISTR_LAV_PEN_2_TV_3(1.0),A,086020,RESPOP_AV,T,Y_GE15,TOTAL,ALL,24,ALL,ALL,2019,877,,,,,,,,ALL_N1,,,,,,,
IT1:DF_DCSS_ISTR_LAV_PEN_2_TV_3(1.0),A,086020,RESPOP_AV,T,Y_GE15,TOTAL,ALL,24,ALL,ALL,2021,870.92562704521,,,,,,,,ALL_N1,,,,,,,
IT1:DF_DCSS_ISTR_LAV_PEN_2_TV_3(1.0),A,086020,RESPOP_AV,T,Y_GE15,TOTAL,ALL,24,ALL,ALL,2022,870.6072009037,,,,,,,,ALL_N1,,,,,,,
IT1:DF_DCSS_ISTR_LAV_PEN_2_TV_3(1.0),A,086020,RESPOP_AV,T,Y_GE15,TOTAL,ALL,24,ALL,ALL,2023,841.2128432852344,,,,,,,,ALL_N1,,,,,,,
IT1:DF_DCSS_ISTR_LAV_PEN_2_TV_3(1.0),A,086020,RESPOP_AV,T,Y_GE15,TOTAL,ALL,24,ALL,ALL,2024,846.0200869743079,,,,,,,,ALL_N1,,,,,,,
IT1:DF_DCSS_ISTR_LAV_PEN_2_TV_3(1.0),A,086020,RESPOP_AV,T,Y_GE15,TOTAL,ALL,4,ALL,ALL,2018,774,,,,,,,,ALL_N1,,,,,,,
IT1:DF_DCSS_ISTR_LAV_PEN_2_TV_3(1.0),A,086020,RESPOP_AV,T,Y_GE15,TOTAL,ALL,4,ALL,ALL,2019,731,,,,,,,,ALL_N1,,,,,,,
IT1:DF_DCSS_ISTR_LAV_PEN_2_TV_3(1.0),A,086020,RESPOP_AV,T,Y_GE15,TOTAL,ALL,4,ALL,ALL,2021,718.158804794182,,,,,,,,ALL_N1,,,,,,,
IT1:DF_DCSS_ISTR_LAV_PEN_2_TV_3(1.0),A,086020,RESPOP_AV,T,Y_GE15,TOTAL,ALL,4,ALL,ALL,2022,753.780223280154,,,,,,,,ALL_N1,,,,,,,
IT1:DF_DCSS_ISTR_LAV_PEN_2_TV_3(1.0),A,086020,RESPOP_AV,T,Y_GE15,TOTAL,ALL,4,ALL,ALL,2023,738.584025034344,,,,,,,,ALL_N1,,,,,,,
IT1:DF_DCSS_ISTR_LAV_PEN_2_TV_3(1.0),A,086020,RESPOP_AV,T,Y_GE15,TOTAL,ALL,4,ALL,ALL,2024,729.8872048883674,,,,,,,,ALL_N1,,,,,,,
IT1:DF_DCSS_ISTR_LAV_PEN_2_TV_3(1.0),A,086020,RESPOP_AV,T,Y_GE15,TOTAL,ALL,5,ALL,ALL,2018,336,,,,,,,,ALL_N1,,,,,,,
IT1:DF_DCSS_ISTR_LAV_PEN_2_TV_3(1.0),A,086020,RESPOP_AV,T,Y_GE15,TOTAL,ALL,5,ALL,ALL,2019,357,,,,,,,,ALL_N1,,,,,,,
IT1:DF_DCSS_ISTR_LAV_PEN_2_TV_3(1.0),A,086020,RESPOP_AV,T,Y_GE15,TOTAL,ALL,5,ALL,ALL,2021,344.804041399129,,,,,,,,ALL_N1,,,,,,,
IT1:DF_DCSS_ISTR_LAV_PEN_2_TV_3(1.0),A,086020,RESPOP_AV,T,Y_GE15,TOTAL,ALL,5,ALL,ALL,2022,360.503503918503,,,,,,,,ALL_N1,,,,,,,
IT1:DF_DCSS_ISTR_LAV_PEN_2_TV_3(1.0),A,086020,RESPOP_AV,T,Y_GE15,TOTAL,ALL,5,ALL,ALL,2023,357.7629739558933,,,,,,,,ALL_N1,,,,,,,
IT1:DF_DCSS_ISTR_LAV_PEN_2_TV_3(1.0),A,086020,RESPOP_AV,T,Y_GE15,TOTAL,ALL,5,ALL,ALL,2024,339.9554374857704,,,,,,,,ALL_N1,,,,,,,
IT1:DF_DCSS_ISTR_LAV_PEN_2_TV_3(1.0),A,086020,RESPOP_AV,T,Y_GE15,TOTAL,ALL,7,ALL,ALL,2018,479,,,,,,,,ALL_N1,,,,,,,
IT1:DF_DCSS_ISTR_LAV_PEN_2_TV_3(1.0),A,086020,RESPOP_AV,T,Y_GE15,TOTAL,ALL,7,ALL,ALL,2019,396,,,,,,,,ALL_N1,,,,,,,
IT1:DF_DCSS_ISTR_LAV_PEN_2_TV_3(1.0),A,086020,RESPOP_AV,T,Y_GE15,TOTAL,ALL,7,ALL,ALL,2021,437.659354632725,,,,,,,,ALL_N1,,,,,,,
IT1:DF_DCSS_ISTR_LAV_PEN_2_TV_3(1.0),A,086020,RESPOP_AV,T,Y_GE15,TOTAL,ALL,7,ALL,ALL,2022,403.462657862891,,,,,,,,ALL_N1,,,,,,,
IT1:DF_DCSS_ISTR_LAV_PEN_2_TV_3(1.0),A,086020,RESPOP_AV,T,Y_GE15,TOTAL,ALL,7,ALL,ALL,2023,378.3660748325115,,,,,,,,ALL_N1,,,,,,,
IT1:DF_DCSS_ISTR_LAV_PEN_2_TV_3(1.0),A,086020,RESPOP_AV,T,Y_GE15,TOTAL,ALL,7,ALL,ALL,2024,399.24023740109027,,,,,,,,ALL_N1,,,,,,,
IT1:DF_DCSS_ISTR_LAV_PEN_2_TV_3(1.0),A,086020,RESPOP_AV,T,Y_GE15,TOTAL,ALL,99,ALL,ALL,2018,4075,,,,,,,,ALL_N1,99_N1,,,,,,
IT1:DF_DCSS_ISTR_LAV_PEN_2_TV_3(1.0),A,086020,RESPOP_AV,T,Y_GE15,TOTAL,ALL,99,ALL,ALL,2019,4008,,,,,,,,ALL_N1,99_N1,,,,,,
IT1:DF_DCSS_ISTR_LAV_PEN_2_TV_3(1.0),A,086020,RESPOP_AV,T,Y_GE15,TOTAL,ALL,99,ALL,ALL,2021,3939,,,,,,,,ALL_N1,99_N1,,,,,,
IT1:DF_DCSS_ISTR_LAV_PEN_2_TV_3(1.0),A,086020,RESPOP_AV,T,Y_GE15,TOTAL,ALL,99,ALL,ALL,2022,3904,,,,,,,,ALL_N1,99_N1,,,,,,
IT1:DF_DCSS_ISTR_LAV_PEN_2_TV_3(1.0),A,086020,RESPOP_AV,T,Y_GE15,TOTAL,ALL,99,ALL,ALL,2023,3804,,,,,,,,ALL_N1,99_N1,,,,,,
IT1:DF_DCSS_ISTR_LAV_PEN_2_TV_3(1.0),A,086020,RESPOP_AV,T,Y_GE15,TOTAL,ALL,99,ALL,ALL,2024,3823,,,,,,,,ALL_N1,99_N1,,,,,,
IT1:DF_DCSS_ISTR_LAV_PEN_2_TV_3(1.0),A,087001,RESPOP_AV,F,Y_GE15,TOTAL,ALL,1,ALL,ALL,2018,449,,,,,,,,ALL_N1,,,,,,,
IT1:DF_DCSS_ISTR_LAV_PEN_2_TV_3(1.0),A,087001,RESPOP_AV,F,Y_GE15,TOTAL,ALL,1,ALL,ALL,2019,456,,,,,,,,ALL_N1,,,,,,,
IT1:DF_DCSS_ISTR_LAV_PEN_2_TV_3(1.0),A,087001,RESPOP_AV,F,Y_GE15,TOTAL,ALL,1,ALL,ALL,2021,478,,,,,,,,ALL_N1,,,,,,,
IT1:DF_DCSS_ISTR_LAV_PEN_2_TV_3(1.0),A,087001,RESPOP_AV,F,Y_GE15,TOTAL,ALL,1,ALL,ALL,2022,507,,,,,,,,ALL_N1,,,,,,,
IT1:DF_DCSS_ISTR_LAV_PEN_2_TV_3(1.0),A,087001,RESPOP_AV,F,Y_GE15,TOTAL,ALL,1,ALL,ALL,2023,520,,,,,,,,ALL_N1,,,,,,,
IT1:DF_DCSS_ISTR_LAV_PEN_2_TV_3(1.0),A,087001,RESPOP_AV,F,Y_GE15,TOTAL,ALL,1,ALL,ALL,2024,545,,,,,,,,ALL_N1,,,,,,,
IT1:DF_DCSS_ISTR_LAV_PEN_2_TV_3(1.0),A,087001,RESPOP_AV,F,Y_GE15,TOTAL,ALL,12,ALL,ALL,2018,163,,,,,,,,ALL_N1,,,,,,,
IT1:DF_DCSS_ISTR_LAV_PEN_2_TV_3(1.0),A,087001,RESPOP_AV,F,Y_GE15,TOTAL,ALL,12,ALL,ALL,2019,147,,,,,,,,ALL_N1,,,,,,,
IT1:DF_DCSS_ISTR_LAV_PEN_2_TV_3(1.0),A,087001,RESPOP_AV,F,Y_GE15,TOTAL,ALL,12,ALL,ALL,2021,101.043808229694,,,,,,,,ALL_N1,,,,,,,
IT1:DF_DCSS_ISTR_LAV_PEN_2_TV_3(1.0),A,087001,RESPOP_AV,F,Y_GE15,TOTAL,ALL,12,ALL,ALL,2022,113.925681845195,,,,,,,,ALL_N1,,,,,,,
IT1:DF_DCSS_ISTR_LAV_PEN_2_TV_3(1.0),A,087001,RESPOP_AV,F,Y_GE15,TOTAL,ALL,12,ALL,ALL,2023,85.36972789753453,,,,,,,,ALL_N1,,,,,,,
IT1:DF_DCSS_ISTR_LAV_PEN_2_TV_3(1.0),A,087001,RESPOP_AV,F,Y_GE15,TOTAL,ALL,12,ALL,ALL,2024,89.19569271686439,,,,,,,,ALL_N1,,,,,,,
IT1:DF_DCSS_ISTR_LAV_PEN_2_TV_3(1.0),A,087001,RESPOP_AV,F,Y_GE15,TOTAL,ALL,22,ALL,ALL,2018,612,,,,,,,,ALL_N1,,,,,,,
IT1:DF_DCSS_ISTR_LAV_PEN_2_TV_3(1.0),A,087001,RESPOP_AV,F,Y_GE15,TOTAL,ALL,22,ALL,ALL,2019,603,,,,,,,,ALL_N1,,,,,,,
IT1:DF_DCSS_ISTR_LAV_PEN_2_TV_3(1.0),A,087001,RESPOP_AV,F,Y_GE15,TOTAL,ALL,22,ALL,ALL,2021,579.043808229694,,,,,,,,ALL_N1,,,,,,,
IT1:DF_DCSS_ISTR_LAV_PEN_2_TV_3(1.0),A,087001,RESPOP_AV,F,Y_GE15,TOTAL,ALL,22,ALL,ALL,2022,620.925681845195,,,,,,,,ALL_N1,,,,,,,
IT1:DF_DCSS_ISTR_LAV_PEN_2_TV_3(1.0),A,087001,RESPOP_AV,F,Y_GE15,TOTAL,ALL,22,ALL,ALL,2023,605.3697278975345,,,,,,,,ALL_N1,,,,,,,
IT1:DF_DCSS_ISTR_LAV_PEN_2_TV_3(1.0),A,087001,RESPOP_AV,F,Y_GE15,TOTAL,ALL,22,ALL,ALL,2024,634.1956927168644,,,,,,,,ALL_N1,,,,,,,
IT1:DF_DCSS_ISTR_LAV_PEN_2_TV_3(1.0),A,087001,RESPOP_AV,F,Y_GE15,TOTAL,ALL,23,ALL,ALL,2018,958,,,,,,,,ALL_N1,,,,,,,
IT1:DF_DCSS_ISTR_LAV_PEN_2_TV_3(1.0),A,087001,RESPOP_AV,F,Y_GE15,TOTAL,ALL,23,ALL,ALL,2019,970,,,,,,,,ALL_N1,,,,,,,
IT1:DF_DCSS_ISTR_LAV_PEN_2_TV_3(1.0),A,087001,RESPOP_AV,F,Y_GE15,TOTAL,ALL,23,ALL,ALL,2021,975.956191770306,,,,,,,,ALL_N1,,,,,,,
IT1:DF_DCSS_ISTR_LAV_PEN_2_TV_3(1.0),A,087001,RESPOP_AV,F,Y_GE15,TOTAL,ALL,23,ALL,ALL,2022,946.074318154805,,,,,,,,ALL_N1,,,,,,,
IT1:DF_DCSS_ISTR_LAV_PEN_2_TV_3(1.0),A,087001,RESPOP_AV,F,Y_GE15,TOTAL,ALL,23,ALL,ALL,2023,988.6302721024655,,,,,,,,ALL_N1,,,,,,,
IT1:DF_DCSS_ISTR_LAV_PEN_2_TV_3(1.0),A,087001,RESPOP_AV,F,Y_GE15,TOTAL,ALL,23,ALL,ALL,2024,998.8043072831355,,,,,,,,ALL_N1,,,,,,,
IT1:DF_DCSS_ISTR_LAV_PEN_2_TV_3(1.0),A,087001,RESPOP_AV,F,Y_GE15,TOTAL,ALL,24,ALL,ALL,2018,223,,,,,,,,ALL_N1,,,,,,,
IT1:DF_DCSS_ISTR_LAV_PEN_2_TV_3(1.0),A,087001,RESPOP_AV,F,Y_GE15,TOTAL,ALL,24,ALL,ALL,2019,215,,,,,,,,ALL_N1,,,,,,,
IT1:DF_DCSS_ISTR_LAV_PEN_2_TV_3(1.0),A,087001,RESPOP_AV,F,Y_GE15,TOTAL,ALL,24,ALL,ALL,2021,240.437267143117,,,,,,,,ALL_N1,,,,,,,
IT1:DF_DCSS_ISTR_LAV_PEN_2_TV_3(1.0),A,087001,RESPOP_AV,F,Y_GE15,TOTAL,ALL,24,ALL,ALL,2022,232.894357875062,,,,,,,,ALL_N1,,,,,,,
IT1:DF_DCSS_ISTR_LAV_PEN_2_TV_3(1.0),A,087001,RESPOP_AV,F,Y_GE15,TOTAL,ALL,24,ALL,ALL,2023,248.77058893449848,,,,,,,,ALL_N1,,,,,,,
IT1:DF_DCSS_ISTR_LAV_PEN_2_TV_3(1.0),A,087001,RESPOP_AV,F,Y_GE15,TOTAL,ALL,24,ALL,ALL,2024,253.49012276038044,,,,,,,,ALL_N1,,,,,,,
IT1:DF_DCSS_ISTR_LAV_PEN_2_TV_3(1.0),A,087001,RESPOP_AV,F,Y_GE15,TOTAL,ALL,4,ALL,ALL,2018,476,,,,,,,,ALL_N1,,,,,,,
IT1:DF_DCSS_ISTR_LAV_PEN_2_TV_3(1.0),A,087001,RESPOP_AV,F,Y_GE15,TOTAL,ALL,4,ALL,ALL,2019,510,,,,,,,,ALL_N1,,,,,,,
IT1:DF_DCSS_ISTR_LAV_PEN_2_TV_3(1.0),A,087001,RESPOP_AV,F,Y_GE15,TOTAL,ALL,4,ALL,ALL,2021,467.181747109355,,,,,,,,ALL_N1,,,,,,,
IT1:DF_DCSS_ISTR_LAV_PEN_2_TV_3(1.0),A,087001,RESPOP_AV,F,Y_GE15,TOTAL,ALL,4,ALL,ALL,2022,447.826446735952,,,,,,,,ALL_N1,,,,,,,
IT1:DF_DCSS_ISTR_LAV_PEN_2_TV_3(1.0),A,087001,RESPOP_AV,F,Y_GE15,TOTAL,ALL,4,ALL,ALL,2023,468.12648730606776,,,,,,,,ALL_N1,,,,,,,
IT1:DF_DCSS_ISTR_LAV_PEN_2_TV_3(1.0),A,087001,RESPOP_AV,F,Y_GE15,TOTAL,ALL,4,ALL,ALL,2024,462.0409566814202,,,,,,,,ALL_N1,,,,,,,
IT1:DF_DCSS_ISTR_LAV_PEN_2_TV_3(1.0),A,087001,RESPOP_AV,F,Y_GE15,TOTAL,ALL,5,ALL,ALL,2018,146,,,,,,,,ALL_N1,,,,,,,
IT1:DF_DCSS_ISTR_LAV_PEN_2_TV_3(1.0),A,087001,RESPOP_AV,F,Y_GE15,TOTAL,ALL,5,ALL,ALL,2019,156,,,,,,,,ALL_N1,,,,,,,
IT1:DF_DCSS_ISTR_LAV_PEN_2_TV_3(1.0),A,087001,RESPOP_AV,F,Y_GE15,TOTAL,ALL,5,ALL,ALL,2021,147.651514778985,,,,,,,,ALL_N1,,,,,,,
IT1:DF_DCSS_ISTR_LAV_PEN_2_TV_3(1.0),A,087001,RESPOP_AV,F,Y_GE15,TOTAL,ALL,5,ALL,ALL,2022,150.904561101963,,,,,,,,ALL_N1,,,,,,,
IT1:DF_DCSS_ISTR_LAV_PEN_2_TV_3(1.0),A,087001,RESPOP_AV,F,Y_GE15,TOTAL,ALL,5,ALL,ALL,2023,157.03385519914852,,,,,,,,ALL_N1,,,,,,,
IT1:DF_DCSS_ISTR_LAV_PEN_2_TV_3(1.0),A,087001,RESPOP_AV,F,Y_GE15,TOTAL,ALL,5,ALL,ALL,2024,176.04823646939514,,,,,,,,ALL_N1,,,,,,,
IT1:DF_DCSS_ISTR_LAV_PEN_2_TV_3(1.0),A,087001,RESPOP_AV,F,Y_GE15,TOTAL,ALL,7,ALL,ALL,2018,113,,,,,,,,ALL_N1,,,,,,,
IT1:DF_DCSS_ISTR_LAV_PEN_2_TV_3(1.0),A,087001,RESPOP_AV,F,Y_GE15,TOTAL,ALL,7,ALL,ALL,2019,89,,,,,,,,ALL_N1,,,,,,,
IT1:DF_DCSS_ISTR_LAV_PEN_2_TV_3(1.0),A,087001,RESPOP_AV,F,Y_GE15,TOTAL,ALL,7,ALL,ALL,2021,120.685662738849,,,,,,,,ALL_N1,,,,,,,
IT1:DF_DCSS_ISTR_LAV_PEN_2_TV_3(1.0),A,087001,RESPOP_AV,F,Y_GE15,TOTAL,ALL,7,ALL,ALL,2022,114.448952441828,,,,,,,,ALL_N1,,,,,,,
IT1:DF_DCSS_ISTR_LAV_PEN_2_TV_3(1.0),A,087001,RESPOP_AV,F,Y_GE15,TOTAL,ALL,7,ALL,ALL,2023,114.69934066275079,,,,,,,,ALL_N1,,,,,,,
IT1:DF_DCSS_ISTR_LAV_PEN_2_TV_3(1.0),A,087001,RESPOP_AV,F,Y_GE15,TOTAL,ALL,7,ALL,ALL,2024,107.22499137193974,,,,,,,,ALL_N1,,,,,,,
IT1:DF_DCSS_ISTR_LAV_PEN_2_TV_3(1.0),A,087001,RESPOP_AV,F,Y_GE15,TOTAL,ALL,99,ALL,ALL,2018,1570,,,,,,,,ALL_N1,99_N1,,,,,,
IT1:DF_DCSS_ISTR_LAV_PEN_2_TV_3(1.0),A,087001,RESPOP_AV,F,Y_GE15,TOTAL,ALL,99,ALL,ALL,2019,1573,,,,,,,,ALL_N1,99_N1,,,,,,
IT1:DF_DCSS_ISTR_LAV_PEN_2_TV_3(1.0),A,087001,RESPOP_AV,F,Y_GE15,TOTAL,ALL,99,ALL,ALL,2021,1555,,,,,,,,ALL_N1,99_N1,,,,,,
IT1:DF_DCSS_ISTR_LAV_PEN_2_TV_3(1.0),A,087001,RESPOP_AV,F,Y_GE15,TOTAL,ALL,99,ALL,ALL,2022,1567,,,,,,,,ALL_N1,99_N1,,,,,,
IT1:DF_DCSS_ISTR_LAV_PEN_2_TV_3(1.0),A,087001,RESPOP_AV,F,Y_GE15,TOTAL,ALL,99,ALL,ALL,2023,1594,,,,,,,,ALL_N1,99_N1,,,,,,
IT1:DF_DCSS_ISTR_LAV_PEN_2_TV_3(1.0),A,087001,RESPOP_AV,F,Y_GE15,TOTAL,ALL,99,ALL,ALL,2024,1633,,,,,,,,ALL_N1,99_N1,,,,,,
IT1:DF_DCSS_ISTR_LAV_PEN_2_TV_3(1.0),A,087001,RESPOP_AV,M,Y_GE15,TOTAL,ALL,1,ALL,ALL,2018,729,,,,,,,,ALL_N1,,,,,,,
IT1:DF_DCSS_ISTR_LAV_PEN_2_TV_3(1.0),A,087001,RESPOP_AV,M,Y_GE15,TOTAL,ALL,1,ALL,ALL,2019,728,,,,,,,,ALL_N1,,,,,,,
IT1:DF_DCSS_ISTR_LAV_PEN_2_TV_3(1.0),A,087001,RESPOP_AV,M,Y_GE15,TOTAL,ALL,1,ALL,ALL,2021,744,,,,,,,,ALL_N1,,,,,,,
IT1:DF_DCSS_ISTR_LAV_PEN_2_TV_3(1.0),A,087001,RESPOP_AV,M,Y_GE15,TOTAL,ALL,1,ALL,ALL,2022,742,,,,,,,,ALL_N1,,,,,,,
IT1:DF_DCSS_ISTR_LAV_PEN_2_TV_3(1.0),A,087001,RESPOP_AV,M,Y_GE15,TOTAL,ALL,1,ALL,ALL,2023,778,,,,,,,,ALL_N1,,,,,,,
IT1:DF_DCSS_ISTR_LAV_PEN_2_TV_3(1.0),A,087001,RESPOP_AV,M,Y_GE15,TOTAL,ALL,1,ALL,ALL,2024,782,,,,,,,,ALL_N1,,,,,,,
IT1:DF_DCSS_ISTR_LAV_PEN_2_TV_3(1.0),A,087001,RESPOP_AV,M,Y_GE15,TOTAL,ALL,12,ALL,ALL,2018,167,,,,,,,,ALL_N1,,,,,,,
IT1:DF_DCSS_ISTR_LAV_PEN_2_TV_3(1.0),A,087001,RESPOP_AV,M,Y_GE15,TOTAL,ALL,12,ALL,ALL,2019,148,,,,,,,,ALL_N1,,,,,,,
IT1:DF_DCSS_ISTR_LAV_PEN_2_TV_3(1.0),A,087001,RESPOP_AV,M,Y_GE15,TOTAL,ALL,12,ALL,ALL,2021,102.78034164916,,,,,,,,ALL_N1,,,,,,,
IT1:DF_DCSS_ISTR_LAV_PEN_2_TV_3(1.0),A,087001,RESPOP_AV,M,Y_GE15,TOTAL,ALL,12,ALL,ALL,2022,121.438106211815,,,,,,,,ALL_N1,,,,,,,
IT1:DF_DCSS_ISTR_LAV_PEN_2_TV_3(1.0),A,087001,RESPOP_AV,M,Y_GE15,TOTAL,ALL,12,ALL,ALL,2023,81.4192282117213,,,,,,,,ALL_N1,,,,,,,
IT1:DF_DCSS_ISTR_LAV_PEN_2_TV_3(1.0),A,087001,RESPOP_AV,M,Y_GE15,TOTAL,ALL,12,ALL,ALL,2024,90.17841259967666,,,,,,,,ALL_N1,,,,,,,
IT1:DF_DCSS_ISTR_LAV_PEN_2_TV_3(1.0),A,087001,RESPOP_AV,M,Y_GE15,TOTAL,ALL,22,ALL,ALL,2018,896,,,,,,,,ALL_N1,,,,,,,
IT1:DF_DCSS_ISTR_LAV_PEN_2_TV_3(1.0),A,087001,RESPOP_AV,M,Y_GE15,TOTAL,ALL,22,ALL,ALL,2019,876,,,,,,,,ALL_N1,,,,,,,
IT1:DF_DCSS_ISTR_LAV_PEN_2_TV_3(1.0),A,087001,RESPOP_AV,M,Y_GE15,TOTAL,ALL,22,ALL,ALL,2021,846.78034164916,,,,,,,,ALL_N1,,,,,,,
IT1:DF_DCSS_ISTR_LAV_PEN_2_TV_3(1.0),A,087001,RESPOP_AV,M,Y_GE15,TOTAL,ALL,22,ALL,ALL,2022,863.438106211815,,,,,,,,ALL_N1,,,,,,,
IT1:DF_DCSS_ISTR_LAV_PEN_2_TV_3(1.0),A,087001,RESPOP_AV,M,Y_GE15,TOTAL,ALL,22,ALL,ALL,2023,859.4192282117212,,,,,,,,ALL_N1,,,,,,,
IT1:DF_DCSS_ISTR_LAV_PEN_2_TV_3(1.0),A,087001,RESPOP_AV,M,Y_GE15,TOTAL,ALL,22,ALL,ALL,2024,872.1784125996767,,,,,,,,ALL_N1,,,,,,,
IT1:DF_DCSS_ISTR_LAV_PEN_2_TV_3(1.0),A,087001,RESPOP_AV,M,Y_GE15,TOTAL,ALL,23,ALL,ALL,2018,502,,,,,,,,ALL_N1,,,,,,,
IT1:DF_DCSS_ISTR_LAV_PEN_2_TV_3(1.0),A,087001,RESPOP_AV,M,Y_GE15,TOTAL,ALL,23,ALL,ALL,2019,527,,,,,,,,ALL_N1,,,,,,,
IT1:DF_DCSS_ISTR_LAV_PEN_2_TV_3(1.0),A,087001,RESPOP_AV,M,Y_GE15,TOTAL,ALL,23,ALL,ALL,2021,604.21965835084,,,,,,,,ALL_N1,,,,,,,
IT1:DF_DCSS_ISTR_LAV_PEN_2_TV_3(1.0),A,087001,RESPOP_AV,M,Y_GE15,TOTAL,ALL,23,ALL,ALL,2022,583.561893788185,,,,,,,,ALL_N1,,,,,,,
IT1:DF_DCSS_ISTR_LAV_PEN_2_TV_3(1.0),A,087001,RESPOP_AV,M,Y_GE15,TOTAL,ALL,23,ALL,ALL,2023,608.5807717882788,,,,,,,,ALL_N1,,,,,,,
IT1:DF_DCSS_ISTR_LAV_PEN_2_TV_3(1.0),A,087001,RESPOP_AV,M,Y_GE15,TOTAL,ALL,23,ALL,ALL,2024,581.8215874003233,,,,,,,,ALL_N1,,,,,,,
IT1:DF_DCSS_ISTR_LAV_PEN_2_TV_3(1.0),A,087001,RESPOP_AV,M,Y_GE15,TOTAL,ALL,24,ALL,ALL,2018,239,,,,,,,,ALL_N1,,,,,,,
IT1:DF_DCSS_ISTR_LAV_PEN_2_TV_3(1.0),A,087001,RESPOP_AV,M,Y_GE15,TOTAL,ALL,24,ALL,ALL,2019,250,,,,,,,,ALL_N1,,,,,,,
IT1:DF_DCSS_ISTR_LAV_PEN_2_TV_3(1.0),A,087001,RESPOP_AV,M,Y_GE15,TOTAL,ALL,24,ALL,ALL,2021,265.808861665461,,,,,,,,ALL_N1,,,,,,,
IT1:DF_DCSS_ISTR_LAV_PEN_2_TV_3(1.0),A,087001,RESPOP_AV,M,Y_GE15,TOTAL,ALL,24,ALL,ALL,2022,272.955728262974,,,,,,,,ALL_N1,,,,,,,
IT1:DF_DCSS_ISTR_LAV_PEN_2_TV_3(1.0),A,087001,RESPOP_AV,M,Y_GE15,TOTAL,ALL,24,ALL,ALL,2023,284.8730806916347,,,,,,,,ALL_N1,,,,,,,
IT1:DF_DCSS_ISTR_LAV_PEN_2_TV_3(1.0),A,087001,RESPOP_AV,M,Y_GE15,TOTAL,ALL,24,ALL,ALL,2024,286.11110256981243,,,,,,,,ALL_N1,,,,,,,
IT1:DF_DCSS_ISTR_LAV_PEN_2_TV_3(1.0),A,087001,RESPOP_AV,M,Y_GE15,TOTAL,ALL,4,ALL,ALL,2018,20,,,,,,,,ALL_N1,,,,,,,
IT1:DF_DCSS_ISTR_LAV_PEN_2_TV_3(1.0),A,087001,RESPOP_AV,M,Y_GE15,TOTAL,ALL,4,ALL,ALL,2019,23,,,,,,,,ALL_N1,,,,,,,
IT1:DF_DCSS_ISTR_LAV_PEN_2_TV_3(1.0),A,087001,RESPOP_AV,M,Y_GE15,TOTAL,ALL,4,ALL,ALL,2021,33.0221898792438,,,,,,,,ALL_N1,,,,,,,
IT1:DF_DCSS_ISTR_LAV_PEN_2_TV_3(1.0),A,087001,RESPOP_AV,M,Y_GE15,TOTAL,ALL,4,ALL,ALL,2022,31.8034596368588,,,,,,,,ALL_N1,,,,,,,
IT1:DF_DCSS_ISTR_LAV_PEN_2_TV_3(1.0),A,087001,RESPOP_AV,M,Y_GE15,TOTAL,ALL,4,ALL,ALL,2023,35.946592965275315,,,,,,,,ALL_N1,,,,,,,
IT1:DF_DCSS_ISTR_LAV_PEN_2_TV_3(1.0),A,087001,RESPOP_AV,M,Y_GE15,TOTAL,ALL,4,ALL,ALL,2024,30.788313177920113,,,,,,,,ALL_N1,,,,,,,
IT1:DF_DCSS_ISTR_LAV_PEN_2_TV_3(1.0),A,087001,RESPOP_AV,M,Y_GE15,TOTAL,ALL,5,ALL,ALL,2018,115,,,,,,,,ALL_N1,,,,,,,
IT1:DF_DCSS_ISTR_LAV_PEN_2_TV_3(1.0),A,087001,RESPOP_AV,M,Y_GE15,TOTAL,ALL,5,ALL,ALL,2019,133,,,,,,,,ALL_N1,,,,,,,
IT1:DF_DCSS_ISTR_LAV_PEN_2_TV_3(1.0),A,087001,RESPOP_AV,M,Y_GE15,TOTAL,ALL,5,ALL,ALL,2021,148.698878905875,,,,,,,,ALL_N1,,,,,,,
IT1:DF_DCSS_ISTR_LAV_PEN_2_TV_3(1.0),A,087001,RESPOP_AV,M,Y_GE15,TOTAL,ALL,5,ALL,ALL,2022,144.699605135711,,,,,,,,ALL_N1,,,,,,,
IT1:DF_DCSS_ISTR_LAV_PEN_2_TV_3(1.0),A,087001,RESPOP_AV,M,Y_GE15,TOTAL,ALL,5,ALL,ALL,2023,159.3210922388773,,,,,,,,ALL_N1,,,,,,,
IT1:DF_DCSS_ISTR_LAV_PEN_2_TV_3(1.0),A,087001,RESPOP_AV,M,Y_GE15,TOTAL,ALL,5,ALL,ALL,2024,143.10884259770006,,,,,,,,ALL_N1,,,,,,,
IT1:DF_DCSS_ISTR_LAV_PEN_2_TV_3(1.0),A,087001,RESPOP_AV,M,Y_GE15,TOTAL,ALL,7,ALL,ALL,2018,128,,,,,,,,ALL_N1,,,,,,,
IT1:DF_DCSS_ISTR_LAV_PEN_2_TV_3(1.0),A,087001,RESPOP_AV,M,Y_GE15,TOTAL,ALL,7,ALL,ALL,2019,121,,,,,,,,ALL_N1,,,,,,,
IT1:DF_DCSS_ISTR_LAV_PEN_2_TV_3(1.0),A,087001,RESPOP_AV,M,Y_GE15,TOTAL,ALL,7,ALL,ALL,2021,156.68972790026,,,,,,,,ALL_N1,,,,,,,
IT1:DF_DCSS_ISTR_LAV_PEN_2_TV_3(1.0),A,087001,RESPOP_AV,M,Y_GE15,TOTAL,ALL,7,ALL,ALL,2022,134.103100752641,,,,,,,,ALL_N1,,,,,,,
IT1:DF_DCSS_ISTR_LAV_PEN_2_TV_3(1.0),A,087001,RESPOP_AV,M,Y_GE15,TOTAL,ALL,7,ALL,ALL,2023,128.44000589249146,,,,,,,,ALL_N1,,,,,,,
IT1:DF_DCSS_ISTR_LAV_PEN_2_TV_3(1.0),A,087001,RESPOP_AV,M,Y_GE15,TOTAL,ALL,7,ALL,ALL,2024,121.81332905489074,,,,,,,,ALL_N1,,,,,,,
IT1:DF_DCSS_ISTR_LAV_PEN_2_TV_3(1.0),A,087001,RESPOP_AV,M,Y_GE15,TOTAL,ALL,99,ALL,ALL,2018,1398,,,,,,,,ALL_N1,99_N1,,,,,,
IT1:DF_DCSS_ISTR_LAV_PEN_2_TV_3(1.0),A,087001,RESPOP_AV,M,Y_GE15,TOTAL,ALL,99,ALL,ALL,2019,1403,,,,,,,,ALL_N1,99_N1,,,,,,
IT1:DF_DCSS_ISTR_LAV_PEN_2_TV_3(1.0),A,087001,RESPOP_AV,M,Y_GE15,TOTAL,ALL,99,ALL,ALL,2021,1451,,,,,,,,ALL_N1,99_N1,,,,,,
IT1:DF_DCSS_ISTR_LAV_PEN_2_TV_3(1.0),A,087001,RESPOP_AV,M,Y_GE15,TOTAL,ALL,99,ALL,ALL,2022,1447,,,,,,,,ALL_N1,99_N1,,,,,,
IT1:DF_DCSS_ISTR_LAV_PEN_2_TV_3(1.0),A,087001,RESPOP_AV,M,Y_GE15,TOTAL,ALL,99,ALL,ALL,2023,1468,,,,,,,,ALL_N1,99_N1,,,,,,
IT1:DF_DCSS_ISTR_LAV_PEN_2_TV_3(1.0),A,087001,RESPOP_AV,M,Y_GE15,TOTAL,ALL,99,ALL,ALL,2024,1454,,,,,,,,ALL_N1,99_N1,,,,,,
IT1:DF_DCSS_ISTR_LAV_PEN_2_TV_3(1.0),A,087001,RESPOP_AV,T,Y_GE15,TOTAL,ALL,1,ALL,ALL,2018,1178,,,,,,,,ALL_N1,,,,,,,
IT1:DF_DCSS_ISTR_LAV_PEN_2_TV_3(1.0),A,087001,RESPOP_AV,T,Y_GE15,TOTAL,ALL,1,ALL,ALL,2019,1184,,,,,,,,ALL_N1,,,,,,,
IT1:DF_DCSS_ISTR_LAV_PEN_2_TV_3(1.0),A,087001,RESPOP_AV,T,Y_GE15,TOTAL,ALL,1,ALL,ALL,2021,1222,,,,,,,,ALL_N1,,,,,,,
IT1:DF_DCSS_ISTR_LAV_PEN_2_TV_3(1.0),A,087001,RESPOP_AV,T,Y_GE15,TOTAL,ALL,1,ALL,ALL,2022,1249,,,,,,,,ALL_N1,,,,,,,
IT1:DF_DCSS_ISTR_LAV_PEN_2_TV_3(1.0),A,087001,RESPOP_AV,T,Y_GE15,TOTAL,ALL,1,ALL,ALL,2023,1298,,,,,,,,ALL_N1,,,,,,,
IT1:DF_DCSS_ISTR_LAV_PEN_2_TV_3(1.0),A,087001,RESPOP_AV,T,Y_GE15,TOTAL,ALL,1,ALL,ALL,2024,1327,,,,,,,,ALL_N1,,,,,,,
IT1:DF_DCSS_ISTR_LAV_PEN_2_TV_3(1.0),A,087001,RESPOP_AV,T,Y_GE15,TOTAL,ALL,12,ALL,ALL,2018,330,,,,,,,,ALL_N1,,,,,,,
IT1:DF_DCSS_ISTR_LAV_PEN_2_TV_3(1.0),A,087001,RESPOP_AV,T,Y_GE15,TOTAL,ALL,12,ALL,ALL,2019,295,,,,,,,,ALL_N1,,,,,,,
IT1:DF_DCSS_ISTR_LAV_PEN_2_TV_3(1.0),A,087001,RESPOP_AV,T,Y_GE15,TOTAL,ALL,12,ALL,ALL,2021,203.824149878854,,,,,,,,ALL_N1,,,,,,,
IT1:DF_DCSS_ISTR_LAV_PEN_2_TV_3(1.0),A,087001,RESPOP_AV,T,Y_GE15,TOTAL,ALL,12,ALL,ALL,2022,235.36378805701,,,,,,,,ALL_N1,,,,,,,
IT1:DF_DCSS_ISTR_LAV_PEN_2_TV_3(1.0),A,087001,RESPOP_AV,T,Y_GE15,TOTAL,ALL,12,ALL,ALL,2023,166.78895610925582,,,,,,,,ALL_N1,,,,,,,
IT1:DF_DCSS_ISTR_LAV_PEN_2_TV_3(1.0),A,087001,RESPOP_AV,T,Y_GE15,TOTAL,ALL,12,ALL,ALL,2024,179.37410531654103,,,,,,,,ALL_N1,,,,,,,
IT1:DF_DCSS_ISTR_LAV_PEN_2_TV_3(1.0),A,087001,RESPOP_AV,T,Y_GE15,TOTAL,ALL,22,ALL,ALL,2018,1508,,,,,,,,ALL_N1,,,,,,,
IT1:DF_DCSS_ISTR_LAV_PEN_2_TV_3(1.0),A,087001,RESPOP_AV,T,Y_GE15,TOTAL,ALL,22,ALL,ALL,2019,1479,,,,,,,,ALL_N1,,,,,,,
IT1:DF_DCSS_ISTR_LAV_PEN_2_TV_3(1.0),A,087001,RESPOP_AV,T,Y_GE15,TOTAL,ALL,22,ALL,ALL,2021,1425.82414987885,,,,,,,,ALL_N1,,,,,,,
IT1:DF_DCSS_ISTR_LAV_PEN_2_TV_3(1.0),A,087001,RESPOP_AV,T,Y_GE15,TOTAL,ALL,22,ALL,ALL,2022,1484.36378805701,,,,,,,,ALL_N1,,,,,,,
IT1:DF_DCSS_ISTR_LAV_PEN_2_TV_3(1.0),A,087001,RESPOP_AV,T,Y_GE15,TOTAL,ALL,22,ALL,ALL,2023,1464.7889561092559,,,,,,,,ALL_N1,,,,,,,
IT1:DF_DCSS_ISTR_LAV_PEN_2_TV_3(1.0),A,087001,RESPOP_AV,T,Y_GE15,TOTAL,ALL,22,ALL,ALL,2024,1506.374105316541,,,,,,,,ALL_N1,,,,,,,
IT1:DF_DCSS_ISTR_LAV_PEN_2_TV_3(1.0),A,087001,RESPOP_AV,T,Y_GE15,TOTAL,ALL,23,ALL,ALL,2018,1460,,,,,,,,ALL_N1,,,,,,,
IT1:DF_DCSS_ISTR_LAV_PEN_2_TV_3(1.0),A,087001,RESPOP_AV,T,Y_GE15,TOTAL,ALL,23,ALL,ALL,2019,1497,,,,,,,,ALL_N1,,,,,,,
IT1:DF_DCSS_ISTR_LAV_PEN_2_TV_3(1.0),A,087001,RESPOP_AV,T,Y_GE15,TOTAL,ALL,23,ALL,ALL,2021,1580.17585012115,,,,,,,,ALL_N1,,,,,,,
IT1:DF_DCSS_ISTR_LAV_PEN_2_TV_3(1.0),A,087001,RESPOP_AV,T,Y_GE15,TOTAL,ALL,23,ALL,ALL,2022,1529.63621194299,,,,,,,,ALL_N1,,,,,,,
IT1:DF_DCSS_ISTR_LAV_PEN_2_TV_3(1.0),A,087001,RESPOP_AV,T,Y_GE15,TOTAL,ALL,23,ALL,ALL,2023,1597.2110438907443,,,,,,,,ALL_N1,,,,,,,
IT1:DF_DCSS_ISTR_LAV_PEN_2_TV_3(1.0),A,087001,RESPOP_AV,T,Y_GE15,TOTAL,ALL,23,ALL,ALL,2024,1580.625894683459,,,,,,,,ALL_N1,,,,,,,
IT1:DF_DCSS_ISTR_LAV_PEN_2_TV_3(1.0),A,087001,RESPOP_AV,T,Y_GE15,TOTAL,ALL,24,ALL,ALL,2018,462,,,,,,,,ALL_N1,,,,,,,
IT1:DF_DCSS_ISTR_LAV_PEN_2_TV_3(1.0),A,087001,RESPOP_AV,T,Y_GE15,TOTAL,ALL,24,ALL,ALL,2019,465,,,,,,,,ALL_N1,,,,,,,
IT1:DF_DCSS_ISTR_LAV_PEN_2_TV_3(1.0),A,087001,RESPOP_AV,T,Y_GE15,TOTAL,ALL,24,ALL,ALL,2021,506.246128808578,,,,,,,,ALL_N1,,,,,,,
IT1:DF_DCSS_ISTR_LAV_PEN_2_TV_3(1.0),A,087001,RESPOP_AV,T,Y_GE15,TOTAL,ALL,24,ALL,ALL,2022,505.850086138036,,,,,,,,ALL_N1,,,,,,,
IT1:DF_DCSS_ISTR_LAV_PEN_2_TV_3(1.0),A,087001,RESPOP_AV,T,Y_GE15,TOTAL,ALL,24,ALL,ALL,2023,533.6436696261331,,,,,,,,ALL_N1,,,,,,,
IT1:DF_DCSS_ISTR_LAV_PEN_2_TV_3(1.0),A,087001,RESPOP_AV,T,Y_GE15,TOTAL,ALL,24,ALL,ALL,2024,539.6012253301928,,,,,,,,ALL_N1,,,,,,,
IT1:DF_DCSS_ISTR_LAV_PEN_2_TV_3(1.0),A,087001,RESPOP_AV,T,Y_GE15,TOTAL,ALL,4,ALL,ALL,2018,496,,,,,,,,ALL_N1,,,,,,,
IT1:DF_DCSS_ISTR_LAV_PEN_2_TV_3(1.0),A,087001,RESPOP_AV,T,Y_GE15,TOTAL,ALL,4,ALL,ALL,2019,533,,,,,,,,ALL_N1,,,,,,,
IT1:DF_DCSS_ISTR_LAV_PEN_2_TV_3(1.0),A,087001,RESPOP_AV,T,Y_GE15,TOTAL,ALL,4,ALL,ALL,2021,500.203936988599,,,,,,,,ALL_N1,,,,,,,
IT1:DF_DCSS_ISTR_LAV_PEN_2_TV_3(1.0),A,087001,RESPOP_AV,T,Y_GE15,TOTAL,ALL,4,ALL,ALL,2022,479.629906372811,,,,,,,,ALL_N1,,,,,,,
IT1:DF_DCSS_ISTR_LAV_PEN_2_TV_3(1.0),A,087001,RESPOP_AV,T,Y_GE15,TOTAL,ALL,4,ALL,ALL,2023,504.0730802713431,,,,,,,,ALL_N1,,,,,,,
IT1:DF_DCSS_ISTR_LAV_PEN_2_TV_3(1.0),A,087001,RESPOP_AV,T,Y_GE15,TOTAL,ALL,4,ALL,ALL,2024,492.8292698593403,,,,,,,,ALL_N1,,,,,,,
IT1:DF_DCSS_ISTR_LAV_PEN_2_TV_3(1.0),A,087001,RESPOP_AV,T,Y_GE15,TOTAL,ALL,5,ALL,ALL,2018,261,,,,,,,,ALL_N1,,,,,,,
IT1:DF_DCSS_ISTR_LAV_PEN_2_TV_3(1.0),A,087001,RESPOP_AV,T,Y_GE15,TOTAL,ALL,5,ALL,ALL,2019,289,,,,,,,,ALL_N1,,,,,,,
IT1:DF_DCSS_ISTR_LAV_PEN_2_TV_3(1.0),A,087001,RESPOP_AV,T,Y_GE15,TOTAL,ALL,5,ALL,ALL,2021,296.35039368486,,,,,,,,ALL_N1,,,,,,,
IT1:DF_DCSS_ISTR_LAV_PEN_2_TV_3(1.0),A,087001,RESPOP_AV,T,Y_GE15,TOTAL,ALL,5,ALL,ALL,2022,295.604166237674,,,,,,,,ALL_N1,,,,,,,
IT1:DF_DCSS_ISTR_LAV_PEN_2_TV_3(1.0),A,087001,RESPOP_AV,T,Y_GE15,TOTAL,ALL,5,ALL,ALL,2023,316.3549474380258,,,,,,,,ALL_N1,,,,,,,
IT1:DF_DCSS_ISTR_LAV_PEN_2_TV_3(1.0),A,087001,RESPOP_AV,T,Y_GE15,TOTAL,ALL,5,ALL,ALL,2024,319.1570790670952,,,,,,,,ALL_N1,,,,,,,
IT1:DF_DCSS_ISTR_LAV_PEN_2_TV_3(1.0),A,087001,RESPOP_AV,T,Y_GE15,TOTAL,ALL,7,ALL,ALL,2018,241,,,,,,,,ALL_N1,,,,,,,
IT1:DF_DCSS_ISTR_LAV_PEN_2_TV_3(1.0),A,087001,RESPOP_AV,T,Y_GE15,TOTAL,ALL,7,ALL,ALL,2019,210,,,,,,,,ALL_N1,,,,,,,
IT1:DF_DCSS_ISTR_LAV_PEN_2_TV_3(1.0),A,087001,RESPOP_AV,T,Y_GE15,TOTAL,ALL,7,ALL,ALL,2021,277.375390639109,,,,,,,,ALL_N1,,,,,,,
IT1:DF_DCSS_ISTR_LAV_PEN_2_TV_3(1.0),A,087001,RESPOP_AV,T,Y_GE15,TOTAL,ALL,7,ALL,ALL,2022,248.552053194469,,,,,,,,ALL_N1,,,,,,,
IT1:DF_DCSS_ISTR_LAV_PEN_2_TV_3(1.0),A,087001,RESPOP_AV,T,Y_GE15,TOTAL,ALL,7,ALL,ALL,2023,243.13934655524224,,,,,,,,ALL_N1,,,,,,,
IT1:DF_DCSS_ISTR_LAV_PEN_2_TV_3(1.0),A,087001,RESPOP_AV,T,Y_GE15,TOTAL,ALL,7,ALL,ALL,2024,229.0383204268305,,,,,,,,ALL_N1,,,,,,,
IT1:DF_DCSS_ISTR_LAV_PEN_2_TV_3(1.0),A,087001,RESPOP_AV,T,Y_GE15,TOTAL,ALL,99,ALL,ALL,2018,2968,,,,,,,,ALL_N1,99_N1,,,,,,
IT1:DF_DCSS_ISTR_LAV_PEN_2_TV_3(1.0),A,087001,RESPOP_AV,T,Y_GE15,TOTAL,ALL,99,ALL,ALL,2019,2976,,,,,,,,ALL_N1,99_N1,,,,,,
IT1:DF_DCSS_ISTR_LAV_PEN_2_TV_3(1.0),A,087001,RESPOP_AV,T,Y_GE15,TOTAL,ALL,99,ALL,ALL,2021,3006,,,,,,,,ALL_N1,99_N1,,,,,,
IT1:DF_DCSS_ISTR_LAV_PEN_2_TV_3(1.0),A,087001,RESPOP_AV,T,Y_GE15,TOTAL,ALL,99,ALL,ALL,2022,3014,,,,,,,,ALL_N1,99_N1,,,,,,
IT1:DF_DCSS_ISTR_LAV_PEN_2_TV_3(1.0),A,087001,RESPOP_AV,T,Y_GE15,TOTAL,ALL,99,ALL,ALL,2023,3062,,,,,,,,ALL_N1,99_N1,,,,,,
IT1:DF_DCSS_ISTR_LAV_PEN_2_TV_3(1.0),A,087001,RESPOP_AV,T,Y_GE15,TOTAL,ALL,99,ALL,ALL,2024,3087,,,,,,,,ALL_N1,99_N1,,,,,,
IT1:DF_DCSS_ISTR_LAV_PEN_2_TV_3(1.0),A,087002,RESPOP_AV,F,Y_GE15,TOTAL,ALL,1,ALL,ALL,2018,2581,,,,,,,,ALL_N1,,,,,,,
IT1:DF_DCSS_ISTR_LAV_PEN_2_TV_3(1.0),A,087002,RESPOP_AV,F,Y_GE15,TOTAL,ALL,1,ALL,ALL,2019,2583,,,,,,,,ALL_N1,,,,,,,
IT1:DF_DCSS_ISTR_LAV_PEN_2_TV_3(1.0),A,087002,RESPOP_AV,F,Y_GE15,TOTAL,ALL,1,ALL,ALL,2021,2811,,,,,,,,ALL_N1,,,,,,,
IT1:DF_DCSS_ISTR_LAV_PEN_2_TV_3(1.0),A,087002,RESPOP_AV,F,Y_GE15,TOTAL,ALL,1,ALL,ALL,2022,2777,,,,,,,,ALL_N1,,,,,,,
IT1:DF_DCSS_ISTR_LAV_PEN_2_TV_3(1.0),A,087002,RESPOP_AV,F,Y_GE15,TOTAL,ALL,1,ALL,ALL,2023,2865,,,,,,,,ALL_N1,,,,,,,
IT1:DF_DCSS_ISTR_LAV_PEN_2_TV_3(1.0),A,087002,RESPOP_AV,F,Y_GE15,TOTAL,ALL,1,ALL,ALL,2024,2915,,,,,,,,ALL_N1,,,,,,,
IT1:DF_DCSS_ISTR_LAV_PEN_2_TV_3(1.0),A,087002,RESPOP_AV,F,Y_GE15,TOTAL,ALL,12,ALL,ALL,2018,694,,,,,,,,ALL_N1,,,,,,,
IT1:DF_DCSS_ISTR_LAV_PEN_2_TV_3(1.0),A,087002,RESPOP_AV,F,Y_GE15,TOTAL,ALL,12,ALL,ALL,2019,659,,,,,,,,ALL_N1,,,,,,,
IT1:DF_DCSS_ISTR_LAV_PEN_2_TV_3(1.0),A,087002,RESPOP_AV,F,Y_GE15,TOTAL,ALL,12,ALL,ALL,2021,457.610873624862,,,,,,,,ALL_N1,,,,,,,
IT1:DF_DCSS_ISTR_LAV_PEN_2_TV_3(1.0),A,087002,RESPOP_AV,F,Y_GE15,TOTAL,ALL,12,ALL,ALL,2022,563.624386348868,,,,,,,,ALL_N1,,,,,,,
IT1:DF_DCSS_ISTR_LAV_PEN_2_TV_3(1.0),A,087002,RESPOP_AV,F,Y_GE15,TOTAL,ALL,12,ALL,ALL,2023,439.01266733335,,,,,,,,ALL_N1,,,,,,,
IT1:DF_DCSS_ISTR_LAV_PEN_2_TV_3(1.0),A,087002,RESPOP_AV,F,Y_GE15,TOTAL,ALL,12,ALL,ALL,2024,398.48071071012833,,,,,,,,ALL_N1,,,,,,,
IT1:DF_DCSS_ISTR_LAV_PEN_2_TV_3(1.0),A,087002,RESPOP_AV,F,Y_GE15,TOTAL,ALL,22,ALL,ALL,2018,3275,,,,,,,,ALL_N1,,,,,,,
IT1:DF_DCSS_ISTR_LAV_PEN_2_TV_3(1.0),A,087002,RESPOP_AV,F,Y_GE15,TOTAL,ALL,22,ALL,ALL,2019,3242,,,,,,,,ALL_N1,,,,,,,
IT1:DF_DCSS_ISTR_LAV_PEN_2_TV_3(1.0),A,087002,RESPOP_AV,F,Y_GE15,TOTAL,ALL,22,ALL,ALL,2021,3268.61087362486,,,,,,,,ALL_N1,,,,,,,
IT1:DF_DCSS_ISTR_LAV_PEN_2_TV_3(1.0),A,087002,RESPOP_AV,F,Y_GE15,TOTAL,ALL,22,ALL,ALL,2022,3340.62438634887,,,,,,,,ALL_N1,,,,,,,
IT1:DF_DCSS_ISTR_LAV_PEN_2_TV_3(1.0),A,087002,RESPOP_AV,F,Y_GE15,TOTAL,ALL,22,ALL,ALL,2023,3304.01266733335,,,,,,,,ALL_N1,,,,,,,
IT1:DF_DCSS_ISTR_LAV_PEN_2_TV_3(1.0),A,087002,RESPOP_AV,F,Y_GE15,TOTAL,ALL,22,ALL,ALL,2024,3313.4807107101283,,,,,,,,ALL_N1,,,,,,,
IT1:DF_DCSS_ISTR_LAV_PEN_2_TV_3(1.0),A,087002,RESPOP_AV,F,Y_GE15,TOTAL,ALL,23,ALL,ALL,2018,4902,,,,,,,,ALL_N1,,,,,,,
IT1:DF_DCSS_ISTR_LAV_PEN_2_TV_3(1.0),A,087002,RESPOP_AV,F,Y_GE15,TOTAL,ALL,23,ALL,ALL,2019,4893,,,,,,,,ALL_N1,,,,,,,
IT1:DF_DCSS_ISTR_LAV_PEN_2_TV_3(1.0),A,087002,RESPOP_AV,F,Y_GE15,TOTAL,ALL,23,ALL,ALL,2021,5050.38912637514,,,,,,,,ALL_N1,,,,,,,
IT1:DF_DCSS_ISTR_LAV_PEN_2_TV_3(1.0),A,087002,RESPOP_AV,F,Y_GE15,TOTAL,ALL,23,ALL,ALL,2022,4963.37561365113,,,,,,,,ALL_N1,,,,,,,
IT1:DF_DCSS_ISTR_LAV_PEN_2_TV_3(1.0),A,087002,RESPOP_AV,F,Y_GE15,TOTAL,ALL,23,ALL,ALL,2023,4961.987332666649,,,,,,,,ALL_N1,,,,,,,
IT1:DF_DCSS_ISTR_LAV_PEN_2_TV_3(1.0),A,087002,RESPOP_AV,F,Y_GE15,TOTAL,ALL,23,ALL,ALL,2024,4961.51928928987,,,,,,,,ALL_N1,,,,,,,
IT1:DF_DCSS_ISTR_LAV_PEN_2_TV_3(1.0),A,087002,RESPOP_AV,F,Y_GE15,TOTAL,ALL,24,ALL,ALL,2018,1352,,,,,,,,ALL_N1,,,,,,,
IT1:DF_DCSS_ISTR_LAV_PEN_2_TV_3(1.0),A,087002,RESPOP_AV,F,Y_GE15,TOTAL,ALL,24,ALL,ALL,2019,1384,,,,,,,,ALL_N1,,,,,,,
IT1:DF_DCSS_ISTR_LAV_PEN_2_TV_3(1.0),A,087002,RESPOP_AV,F,Y_GE15,TOTAL,ALL,24,ALL,ALL,2021,1484.09992393026,,,,,,,,ALL_N1,,,,,,,
IT1:DF_DCSS_ISTR_LAV_PEN_2_TV_3(1.0),A,087002,RESPOP_AV,F,Y_GE15,TOTAL,ALL,24,ALL,ALL,2022,1465.32855113996,,,,,,,,ALL_N1,,,,,,,
IT1:DF_DCSS_ISTR_LAV_PEN_2_TV_3(1.0),A,087002,RESPOP_AV,F,Y_GE15,TOTAL,ALL,24,ALL,ALL,2023,1537.5942980181696,,,,,,,,ALL_N1,,,,,,,
IT1:DF_DCSS_ISTR_LAV_PEN_2_TV_3(1.0),A,087002,RESPOP_AV,F,Y_GE15,TOTAL,ALL,24,ALL,ALL,2024,1569.9221091975196,,,,,,,,ALL_N1,,,,,,,
IT1:DF_DCSS_ISTR_LAV_PEN_2_TV_3(1.0),A,087002,RESPOP_AV,F,Y_GE15,TOTAL,ALL,4,ALL,ALL,2018,2376,,,,,,,,ALL_N1,,,,,,,
IT1:DF_DCSS_ISTR_LAV_PEN_2_TV_3(1.0),A,087002,RESPOP_AV,F,Y_GE15,TOTAL,ALL,4,ALL,ALL,2019,2356,,,,,,,,ALL_N1,,,,,,,
IT1:DF_DCSS_ISTR_LAV_PEN_2_TV_3(1.0),A,087002,RESPOP_AV,F,Y_GE15,TOTAL,ALL,4,ALL,ALL,2021,2334.59888256853,,,,,,,,ALL_N1,,,,,,,
IT1:DF_DCSS_ISTR_LAV_PEN_2_TV_3(1.0),A,087002,RESPOP_AV,F,Y_GE15,TOTAL,ALL,4,ALL,ALL,2022,2232.2376148797,,,,,,,,ALL_N1,,,,,,,
IT1:DF_DCSS_ISTR_LAV_PEN_2_TV_3(1.0),A,087002,RESPOP_AV,F,Y_GE15,TOTAL,ALL,4,ALL,ALL,2023,2163.0704787674467,,,,,,,,ALL_N1,,,,,,,
IT1:DF_DCSS_ISTR_LAV_PEN_2_TV_3(1.0),A,087002,RESPOP_AV,F,Y_GE15,TOTAL,ALL,4,ALL,ALL,2024,2148.3258600205136,,,,,,,,ALL_N1,,,,,,,
IT1:DF_DCSS_ISTR_LAV_PEN_2_TV_3(1.0),A,087002,RESPOP_AV,F,Y_GE15,TOTAL,ALL,5,ALL,ALL,2018,625,,,,,,,,ALL_N1,,,,,,,
IT1:DF_DCSS_ISTR_LAV_PEN_2_TV_3(1.0),A,087002,RESPOP_AV,F,Y_GE15,TOTAL,ALL,5,ALL,ALL,2019,676,,,,,,,,ALL_N1,,,,,,,
IT1:DF_DCSS_ISTR_LAV_PEN_2_TV_3(1.0),A,087002,RESPOP_AV,F,Y_GE15,TOTAL,ALL,5,ALL,ALL,2021,691.945629707204,,,,,,,,ALL_N1,,,,,,,
IT1:DF_DCSS_ISTR_LAV_PEN_2_TV_3(1.0),A,087002,RESPOP_AV,F,Y_GE15,TOTAL,ALL,5,ALL,ALL,2022,697.672382456118,,,,,,,,ALL_N1,,,,,,,
IT1:DF_DCSS_ISTR_LAV_PEN_2_TV_3(1.0),A,087002,RESPOP_AV,F,Y_GE15,TOTAL,ALL,5,ALL,ALL,2023,715.535217983329,,,,,,,,ALL_N1,,,,,,,
IT1:DF_DCSS_ISTR_LAV_PEN_2_TV_3(1.0),A,087002,RESPOP_AV,F,Y_GE15,TOTAL,ALL,5,ALL,ALL,2024,710.7976658529631,,,,,,,,ALL_N1,,,,,,,
IT1:DF_DCSS_ISTR_LAV_PEN_2_TV_3(1.0),A,087002,RESPOP_AV,F,Y_GE15,TOTAL,ALL,7,ALL,ALL,2018,549,,,,,,,,ALL_N1,,,,,,,
IT1:DF_DCSS_ISTR_LAV_PEN_2_TV_3(1.0),A,087002,RESPOP_AV,F,Y_GE15,TOTAL,ALL,7,ALL,ALL,2019,477,,,,,,,,ALL_N1,,,,,,,
IT1:DF_DCSS_ISTR_LAV_PEN_2_TV_3(1.0),A,087002,RESPOP_AV,F,Y_GE15,TOTAL,ALL,7,ALL,ALL,2021,539.744690169138,,,,,,,,ALL_N1,,,,,,,
IT1:DF_DCSS_ISTR_LAV_PEN_2_TV_3(1.0),A,087002,RESPOP_AV,F,Y_GE15,TOTAL,ALL,7,ALL,ALL,2022,568.137065175346,,,,,,,,ALL_N1,,,,,,,
IT1:DF_DCSS_ISTR_LAV_PEN_2_TV_3(1.0),A,087002,RESPOP_AV,F,Y_GE15,TOTAL,ALL,7,ALL,ALL,2023,545.787337897704,,,,,,,,ALL_N1,,,,,,,
IT1:DF_DCSS_ISTR_LAV_PEN_2_TV_3(1.0),A,087002,RESPOP_AV,F,Y_GE15,TOTAL,ALL,7,ALL,ALL,2024,532.4736542188741,,,,,,,,ALL_N1,,,,,,,
IT1:DF_DCSS_ISTR_LAV_PEN_2_TV_3(1.0),A,087002,RESPOP_AV,F,Y_GE15,TOTAL,ALL,99,ALL,ALL,2018,8177,,,,,,,,ALL_N1,99_N1,,,,,,
IT1:DF_DCSS_ISTR_LAV_PEN_2_TV_3(1.0),A,087002,RESPOP_AV,F,Y_GE15,TOTAL,ALL,99,ALL,ALL,2019,8134,,,,,,,,ALL_N1,99_N1,,,,,,
IT1:DF_DCSS_ISTR_LAV_PEN_2_TV_3(1.0),A,087002,RESPOP_AV,F,Y_GE15,TOTAL,ALL,99,ALL,ALL,2021,8319,,,,,,,,ALL_N1,99_N1,,,,,,
IT1:DF_DCSS_ISTR_LAV_PEN_2_TV_3(1.0),A,087002,RESPOP_AV,F,Y_GE15,TOTAL,ALL,99,ALL,ALL,2022,8304,,,,,,,,ALL_N1,99_N1,,,,,,
IT1:DF_DCSS_ISTR_LAV_PEN_2_TV_3(1.0),A,087002,RESPOP_AV,F,Y_GE15,TOTAL,ALL,99,ALL,ALL,2023,8266,,,,,,,,ALL_N1,99_N1,,,,,,
IT1:DF_DCSS_ISTR_LAV_PEN_2_TV_3(1.0),A,087002,RESPOP_AV,F,Y_GE15,TOTAL,ALL,99,ALL,ALL,2024,8274.999999999998,,,,,,,,ALL_N1,99_N1,,,,,,
IT1:DF_DCSS_ISTR_LAV_PEN_2_TV_3(1.0),A,087002,RESPOP_AV,M,Y_GE15,TOTAL,ALL,1,ALL,ALL,2018,3690,,,,,,,,ALL_N1,,,,,,,
IT1:DF_DCSS_ISTR_LAV_PEN_2_TV_3(1.0),A,087002,RESPOP_AV,M,Y_GE15,TOTAL,ALL,1,ALL,ALL,2019,3667,,,,,,,,ALL_N1,,,,,,,
IT1:DF_DCSS_ISTR_LAV_PEN_2_TV_3(1.0),A,087002,RESPOP_AV,M,Y_GE15,TOTAL,ALL,1,ALL,ALL,2021,3710,,,,,,,,ALL_N1,,,,,,,
IT1:DF_DCSS_ISTR_LAV_PEN_2_TV_3(1.0),A,087002,RESPOP_AV,M,Y_GE15,TOTAL,ALL,1,ALL,ALL,2022,3767,,,,,,,,ALL_N1,,,,,,,
IT1:DF_DCSS_ISTR_LAV_PEN_2_TV_3(1.0),A,087002,RESPOP_AV,M,Y_GE15,TOTAL,ALL,1,ALL,ALL,2023,3802,,,,,,,,ALL_N1,,,,,,,
IT1:DF_DCSS_ISTR_LAV_PEN_2_TV_3(1.0),A,087002,RESPOP_AV,M,Y_GE15,TOTAL,ALL,1,ALL,ALL,2024,3857,,,,,,,,ALL_N1,,,,,,,
IT1:DF_DCSS_ISTR_LAV_PEN_2_TV_3(1.0),A,087002,RESPOP_AV,M,Y_GE15,TOTAL,ALL,12,ALL,ALL,2018,785,,,,,,,,ALL_N1,,,,,,,
IT1:DF_DCSS_ISTR_LAV_PEN_2_TV_3(1.0),A,087002,RESPOP_AV,M,Y_GE15,TOTAL,ALL,12,ALL,ALL,2019,728,,,,,,,,ALL_N1,,,,,,,
IT1:DF_DCSS_ISTR_LAV_PEN_2_TV_3(1.0),A,087002,RESPOP_AV,M,Y_GE15,TOTAL,ALL,12,ALL,ALL,2021,570.497676395944,,,,,,,,ALL_N1,,,,,,,
IT1:DF_DCSS_ISTR_LAV_PEN_2_TV_3(1.0),A,087002,RESPOP_AV,M,Y_GE15,TOTAL,ALL,12,ALL,ALL,2022,645.613260647405,,,,,,,,ALL_N1,,,,,,,
IT1:DF_DCSS_ISTR_LAV_PEN_2_TV_3(1.0),A,087002,RESPOP_AV,M,Y_GE15,TOTAL,ALL,12,ALL,ALL,2023,495.50246995428097,,,,,,,,ALL_N1,,,,,,,
IT1:DF_DCSS_ISTR_LAV_PEN_2_TV_3(1.0),A,087002,RESPOP_AV,M,Y_GE15,TOTAL,ALL,12,ALL,ALL,2024,445.7576596291518,,,,,,,,ALL_N1,,,,,,,
IT1:DF_DCSS_ISTR_LAV_PEN_2_TV_3(1.0),A,087002,RESPOP_AV,M,Y_GE15,TOTAL,ALL,22,ALL,ALL,2018,4475,,,,,,,,ALL_N1,,,,,,,
IT1:DF_DCSS_ISTR_LAV_PEN_2_TV_3(1.0),A,087002,RESPOP_AV,M,Y_GE15,TOTAL,ALL,22,ALL,ALL,2019,4395,,,,,,,,ALL_N1,,,,,,,
IT1:DF_DCSS_ISTR_LAV_PEN_2_TV_3(1.0),A,087002,RESPOP_AV,M,Y_GE15,TOTAL,ALL,22,ALL,ALL,2021,4280.49767639594,,,,,,,,ALL_N1,,,,,,,
IT1:DF_DCSS_ISTR_LAV_PEN_2_TV_3(1.0),A,087002,RESPOP_AV,M,Y_GE15,TOTAL,ALL,22,ALL,ALL,2022,4412.6132606474,,,,,,,,ALL_N1,,,,,,,
IT1:DF_DCSS_ISTR_LAV_PEN_2_TV_3(1.0),A,087002,RESPOP_AV,M,Y_GE15,TOTAL,ALL,22,ALL,ALL,2023,4297.502469954281,,,,,,,,ALL_N1,,,,,,,
IT1:DF_DCSS_ISTR_LAV_PEN_2_TV_3(1.0),A,087002,RESPOP_AV,M,Y_GE15,TOTAL,ALL,22,ALL,ALL,2024,4302.757659629152,,,,,,,,ALL_N1,,,,,,,
IT1:DF_DCSS_ISTR_LAV_PEN_2_TV_3(1.0),A,087002,RESPOP_AV,M,Y_GE15,TOTAL,ALL,23,ALL,ALL,2018,2885,,,,,,,,ALL_N1,,,,,,,
IT1:DF_DCSS_ISTR_LAV_PEN_2_TV_3(1.0),A,087002,RESPOP_AV,M,Y_GE15,TOTAL,ALL,23,ALL,ALL,2019,2923,,,,,,,,ALL_N1,,,,,,,
IT1:DF_DCSS_ISTR_LAV_PEN_2_TV_3(1.0),A,087002,RESPOP_AV,M,Y_GE15,TOTAL,ALL,23,ALL,ALL,2021,3206.50232360406,,,,,,,,ALL_N1,,,,,,,
IT1:DF_DCSS_ISTR_LAV_PEN_2_TV_3(1.0),A,087002,RESPOP_AV,M,Y_GE15,TOTAL,ALL,23,ALL,ALL,2022,3082.3867393526,,,,,,,,ALL_N1,,,,,,,
IT1:DF_DCSS_ISTR_LAV_PEN_2_TV_3(1.0),A,087002,RESPOP_AV,M,Y_GE15,TOTAL,ALL,23,ALL,ALL,2023,3188.4975300457186,,,,,,,,ALL_N1,,,,,,,
IT1:DF_DCSS_ISTR_LAV_PEN_2_TV_3(1.0),A,087002,RESPOP_AV,M,Y_GE15,TOTAL,ALL,23,ALL,ALL,2024,3182.2423403708485,,,,,,,,ALL_N1,,,,,,,
IT1:DF_DCSS_ISTR_LAV_PEN_2_TV_3(1.0),A,087002,RESPOP_AV,M,Y_GE15,TOTAL,ALL,24,ALL,ALL,2018,1527,,,,,,,,ALL_N1,,,,,,,
IT1:DF_DCSS_ISTR_LAV_PEN_2_TV_3(1.0),A,087002,RESPOP_AV,M,Y_GE15,TOTAL,ALL,24,ALL,ALL,2019,1602,,,,,,,,ALL_N1,,,,,,,
IT1:DF_DCSS_ISTR_LAV_PEN_2_TV_3(1.0),A,087002,RESPOP_AV,M,Y_GE15,TOTAL,ALL,24,ALL,ALL,2021,1699.99186451163,,,,,,,,ALL_N1,,,,,,,
IT1:DF_DCSS_ISTR_LAV_PEN_2_TV_3(1.0),A,087002,RESPOP_AV,M,Y_GE15,TOTAL,ALL,24,ALL,ALL,2022,1695.33343140821,,,,,,,,ALL_N1,,,,,,,
IT1:DF_DCSS_ISTR_LAV_PEN_2_TV_3(1.0),A,087002,RESPOP_AV,M,Y_GE15,TOTAL,ALL,24,ALL,ALL,2023,1749.3588659732873,,,,,,,,ALL_N1,,,,,,,
IT1:DF_DCSS_ISTR_LAV_PEN_2_TV_3(1.0),A,087002,RESPOP_AV,M,Y_GE15,TOTAL,ALL,24,ALL,ALL,2024,1796.0158229536269,,,,,,,,ALL_N1,,,,,,,
IT1:DF_DCSS_ISTR_LAV_PEN_2_TV_3(1.0),A,087002,RESPOP_AV,M,Y_GE15,TOTAL,ALL,4,ALL,ALL,2018,93,,,,,,,,ALL_N1,,,,,,,
IT1:DF_DCSS_ISTR_LAV_PEN_2_TV_3(1.0),A,087002,RESPOP_AV,M,Y_GE15,TOTAL,ALL,4,ALL,ALL,2019,98,,,,,,,,ALL_N1,,,,,,,
IT1:DF_DCSS_ISTR_LAV_PEN_2_TV_3(1.0),A,087002,RESPOP_AV,M,Y_GE15,TOTAL,ALL,4,ALL,ALL,2021,155.118884824486,,,,,,,,ALL_N1,,,,,,,
IT1:DF_DCSS_ISTR_LAV_PEN_2_TV_3(1.0),A,087002,RESPOP_AV,M,Y_GE15,TOTAL,ALL,4,ALL,ALL,2022,137.494656330952,,,,,,,,ALL_N1,,,,,,,
IT1:DF_DCSS_ISTR_LAV_PEN_2_TV_3(1.0),A,087002,RESPOP_AV,M,Y_GE15,TOTAL,ALL,4,ALL,ALL,2023,164.75491685840558,,,,,,,,ALL_N1,,,,,,,
IT1:DF_DCSS_ISTR_LAV_PEN_2_TV_3(1.0),A,087002,RESPOP_AV,M,Y_GE15,TOTAL,ALL,4,ALL,ALL,2024,139.19462554681434,,,,,,,,ALL_N1,,,,,,,
IT1:DF_DCSS_ISTR_LAV_PEN_2_TV_3(1.0),A,087002,RESPOP_AV,M,Y_GE15,TOTAL,ALL,5,ALL,ALL,2018,604,,,,,,,,ALL_N1,,,,,,,
IT1:DF_DCSS_ISTR_LAV_PEN_2_TV_3(1.0),A,087002,RESPOP_AV,M,Y_GE15,TOTAL,ALL,5,ALL,ALL,2019,647,,,,,,,,ALL_N1,,,,,,,
IT1:DF_DCSS_ISTR_LAV_PEN_2_TV_3(1.0),A,087002,RESPOP_AV,M,Y_GE15,TOTAL,ALL,5,ALL,ALL,2021,616.130621531755,,,,,,,,ALL_N1,,,,,,,
IT1:DF_DCSS_ISTR_LAV_PEN_2_TV_3(1.0),A,087002,RESPOP_AV,M,Y_GE15,TOTAL,ALL,5,ALL,ALL,2022,628.102728463221,,,,,,,,ALL_N1,,,,,,,
IT1:DF_DCSS_ISTR_LAV_PEN_2_TV_3(1.0),A,087002,RESPOP_AV,M,Y_GE15,TOTAL,ALL,5,ALL,ALL,2023,646.3603775054031,,,,,,,,ALL_N1,,,,,,,
IT1:DF_DCSS_ISTR_LAV_PEN_2_TV_3(1.0),A,087002,RESPOP_AV,M,Y_GE15,TOTAL,ALL,5,ALL,ALL,2024,645.6036461278636,,,,,,,,ALL_N1,,,,,,,
IT1:DF_DCSS_ISTR_LAV_PEN_2_TV_3(1.0),A,087002,RESPOP_AV,M,Y_GE15,TOTAL,ALL,7,ALL,ALL,2018,661,,,,,,,,ALL_N1,,,,,,,
IT1:DF_DCSS_ISTR_LAV_PEN_2_TV_3(1.0),A,087002,RESPOP_AV,M,Y_GE15,TOTAL,ALL,7,ALL,ALL,2019,577,,,,,,,,ALL_N1,,,,,,,
IT1:DF_DCSS_ISTR_LAV_PEN_2_TV_3(1.0),A,087002,RESPOP_AV,M,Y_GE15,TOTAL,ALL,7,ALL,ALL,2021,735.260952736186,,,,,,,,ALL_N1,,,,,,,
IT1:DF_DCSS_ISTR_LAV_PEN_2_TV_3(1.0),A,087002,RESPOP_AV,M,Y_GE15,TOTAL,ALL,7,ALL,ALL,2022,621.455923150208,,,,,,,,ALL_N1,,,,,,,
IT1:DF_DCSS_ISTR_LAV_PEN_2_TV_3(1.0),A,087002,RESPOP_AV,M,Y_GE15,TOTAL,ALL,7,ALL,ALL,2023,628.0233697086228,,,,,,,,ALL_N1,,,,,,,
IT1:DF_DCSS_ISTR_LAV_PEN_2_TV_3(1.0),A,087002,RESPOP_AV,M,Y_GE15,TOTAL,ALL,7,ALL,ALL,2024,601.4282457425438,,,,,,,,ALL_N1,,,,,,,
IT1:DF_DCSS_ISTR_LAV_PEN_2_TV_3(1.0),A,087002,RESPOP_AV,M,Y_GE15,TOTAL,ALL,99,ALL,ALL,2018,7360,,,,,,,,ALL_N1,99_N1,,,,,,
IT1:DF_DCSS_ISTR_LAV_PEN_2_TV_3(1.0),A,087002,RESPOP_AV,M,Y_GE15,TOTAL,ALL,99,ALL,ALL,2019,7317,,,,,,,,ALL_N1,99_N1,,,,,,
IT1:DF_DCSS_ISTR_LAV_PEN_2_TV_3(1.0),A,087002,RESPOP_AV,M,Y_GE15,TOTAL,ALL,99,ALL,ALL,2021,7487,,,,,,,,ALL_N1,99_N1,,,,,,
IT1:DF_DCSS_ISTR_LAV_PEN_2_TV_3(1.0),A,087002,RESPOP_AV,M,Y_GE15,TOTAL,ALL,99,ALL,ALL,2022,7495,,,,,,,,ALL_N1,99_N1,,,,,,
IT1:DF_DCSS_ISTR_LAV_PEN_2_TV_3(1.0),A,087002,RESPOP_AV,M,Y_GE15,TOTAL,ALL,99,ALL,ALL,2023,7486,,,,,,,,ALL_N1,99_N1,,,,,,
IT1:DF_DCSS_ISTR_LAV_PEN_2_TV_3(1.0),A,087002,RESPOP_AV,M,Y_GE15,TOTAL,ALL,99,ALL,ALL,2024,7485,,,,,,,,ALL_N1,99_N1,,,,,,
IT1:DF_DCSS_ISTR_LAV_PEN_2_TV_3(1.0),A,087002,RESPOP_AV,T,Y_GE15,TOTAL,ALL,1,ALL,ALL,2018,6271,,,,,,,,ALL_N1,,,,,,,
IT1:DF_DCSS_ISTR_LAV_PEN_2_TV_3(1.0),A,087002,RESPOP_AV,T,Y_GE15,TOTAL,ALL,1,ALL,ALL,2019,6249,,,,,,,,ALL_N1,,,,,,,
IT1:DF_DCSS_ISTR_LAV_PEN_2_TV_3(1.0),A,087002,RESPOP_AV,T,Y_GE15,TOTAL,ALL,1,ALL,ALL,2021,6521,,,,,,,,ALL_N1,,,,,,,
IT1:DF_DCSS_ISTR_LAV_PEN_2_TV_3(1.0),A,087002,RESPOP_AV,T,Y_GE15,TOTAL,ALL,1,ALL,ALL,2022,6544,,,,,,,,ALL_N1,,,,,,,
IT1:DF_DCSS_ISTR_LAV_PEN_2_TV_3(1.0),A,087002,RESPOP_AV,T,Y_GE15,TOTAL,ALL,1,ALL,ALL,2023,6667,,,,,,,,ALL_N1,,,,,,,
IT1:DF_DCSS_ISTR_LAV_PEN_2_TV_3(1.0),A,087002,RESPOP_AV,T,Y_GE15,TOTAL,ALL,1,ALL,ALL,2024,6772,,,,,,,,ALL_N1,,,,,,,
IT1:DF_DCSS_ISTR_LAV_PEN_2_TV_3(1.0),A,087002,RESPOP_AV,T,Y_GE15,TOTAL,ALL,12,ALL,ALL,2018,1479,,,,,,,,ALL_N1,,,,,,,
IT1:DF_DCSS_ISTR_LAV_PEN_2_TV_3(1.0),A,087002,RESPOP_AV,T,Y_GE15,TOTAL,ALL,12,ALL,ALL,2019,1387,,,,,,,,ALL_N1,,,,,,,
IT1:DF_DCSS_ISTR_LAV_PEN_2_TV_3(1.0),A,087002,RESPOP_AV,T,Y_GE15,TOTAL,ALL,12,ALL,ALL,2021,1028.10855002081,,,,,,,,ALL_N1,,,,,,,
IT1:DF_DCSS_ISTR_LAV_PEN_2_TV_3(1.0),A,087002,RESPOP_AV,T,Y_GE15,TOTAL,ALL,12,ALL,ALL,2022,1209.23764699627,,,,,,,,ALL_N1,,,,,,,
IT1:DF_DCSS_ISTR_LAV_PEN_2_TV_3(1.0),A,087002,RESPOP_AV,T,Y_GE15,TOTAL,ALL,12,ALL,ALL,2023,934.515137287631,,,,,,,,ALL_N1,,,,,,,
IT1:DF_DCSS_ISTR_LAV_PEN_2_TV_3(1.0),A,087002,RESPOP_AV,T,Y_GE15,TOTAL,ALL,12,ALL,ALL,2024,844.2383703392801,,,,,,,,ALL_N1,,,,,,,
IT1:DF_DCSS_ISTR_LAV_PEN_2_TV_3(1.0),A,087002,RESPOP_AV,T,Y_GE15,TOTAL,ALL,22,ALL,ALL,2018,7750,,,,,,,,ALL_N1,,,,,,,
IT1:DF_DCSS_ISTR_LAV_PEN_2_TV_3(1.0),A,087002,RESPOP_AV,T,Y_GE15,TOTAL,ALL,22,ALL,ALL,2019,7636,,,,,,,,ALL_N1,,,,,,,
IT1:DF_DCSS_ISTR_LAV_PEN_2_TV_3(1.0),A,087002,RESPOP_AV,T,Y_GE15,TOTAL,ALL,22,ALL,ALL,2021,7549.10855002081,,,,,,,,ALL_N1,,,,,,,
IT1:DF_DCSS_ISTR_LAV_PEN_2_TV_3(1.0),A,087002,RESPOP_AV,T,Y_GE15,TOTAL,ALL,22,ALL,ALL,2022,7753.23764699627,,,,,,,,ALL_N1,,,,,,,
IT1:DF_DCSS_ISTR_LAV_PEN_2_TV_3(1.0),A,087002,RESPOP_AV,T,Y_GE15,TOTAL,ALL,22,ALL,ALL,2023,7601.515137287631,,,,,,,,ALL_N1,,,,,,,
IT1:DF_DCSS_ISTR_LAV_PEN_2_TV_3(1.0),A,087002,RESPOP_AV,T,Y_GE15,TOTAL,ALL,22,ALL,ALL,2024,7616.23837033928,,,,,,,,ALL_N1,,,,,,,
IT1:DF_DCSS_ISTR_LAV_PEN_2_TV_3(1.0),A,087002,RESPOP_AV,T,Y_GE15,TOTAL,ALL,23,ALL,ALL,2018,7787,,,,,,,,ALL_N1,,,,,,,
IT1:DF_DCSS_ISTR_LAV_PEN_2_TV_3(1.0),A,087002,RESPOP_AV,T,Y_GE15,TOTAL,ALL,23,ALL,ALL,2019,7815,,,,,,,,ALL_N1,,,,,,,
IT1:DF_DCSS_ISTR_LAV_PEN_2_TV_3(1.0),A,087002,RESPOP_AV,T,Y_GE15,TOTAL,ALL,23,ALL,ALL,2021,8256.89144997919,,,,,,,,ALL_N1,,,,,,,
IT1:DF_DCSS_ISTR_LAV_PEN_2_TV_3(1.0),A,087002,RESPOP_AV,T,Y_GE15,TOTAL,ALL,23,ALL,ALL,2022,8045.76235300373,,,,,,,,ALL_N1,,,,,,,
IT1:DF_DCSS_ISTR_LAV_PEN_2_TV_3(1.0),A,087002,RESPOP_AV,T,Y_GE15,TOTAL,ALL,23,ALL,ALL,2023,8150.484862712368,,,,,,,,ALL_N1,,,,,,,
IT1:DF_DCSS_ISTR_LAV_PEN_2_TV_3(1.0),A,087002,RESPOP_AV,T,Y_GE15,TOTAL,ALL,23,ALL,ALL,2024,8143.761629660719,,,,,,,,ALL_N1,,,,,,,
IT1:DF_DCSS_ISTR_LAV_PEN_2_TV_3(1.0),A,087002,RESPOP_AV,T,Y_GE15,TOTAL,ALL,24,ALL,ALL,2018,2879,,,,,,,,ALL_N1,,,,,,,
IT1:DF_DCSS_ISTR_LAV_PEN_2_TV_3(1.0),A,087002,RESPOP_AV,T,Y_GE15,TOTAL,ALL,24,ALL,ALL,2019,2986,,,,,,,,ALL_N1,,,,,,,
IT1:DF_DCSS_ISTR_LAV_PEN_2_TV_3(1.0),A,087002,RESPOP_AV,T,Y_GE15,TOTAL,ALL,24,ALL,ALL,2021,3184.09178844189,,,,,,,,ALL_N1,,,,,,,
IT1:DF_DCSS_ISTR_LAV_PEN_2_TV_3(1.0),A,087002,RESPOP_AV,T,Y_GE15,TOTAL,ALL,24,ALL,ALL,2022,3160.66198254818,,,,,,,,ALL_N1,,,,,,,
IT1:DF_DCSS_ISTR_LAV_PEN_2_TV_3(1.0),A,087002,RESPOP_AV,T,Y_GE15,TOTAL,ALL,24,ALL,ALL,2023,3286.953163991457,,,,,,,,ALL_N1,,,,,,,
IT1:DF_DCSS_ISTR_LAV_PEN_2_TV_3(1.0),A,087002,RESPOP_AV,T,Y_GE15,TOTAL,ALL,24,ALL,ALL,2024,3365.9379321511465,,,,,,,,ALL_N1,,,,,,,
IT1:DF_DCSS_ISTR_LAV_PEN_2_TV_3(1.0),A,087002,RESPOP_AV,T,Y_GE15,TOTAL,ALL,4,ALL,ALL,2018,2469,,,,,,,,ALL_N1,,,,,,,
IT1:DF_DCSS_ISTR_LAV_PEN_2_TV_3(1.0),A,087002,RESPOP_AV,T,Y_GE15,TOTAL,ALL,4,ALL,ALL,2019,2454,,,,,,,,ALL_N1,,,,,,,
IT1:DF_DCSS_ISTR_LAV_PEN_2_TV_3(1.0),A,087002,RESPOP_AV,T,Y_GE15,TOTAL,ALL,4,ALL,ALL,2021,2489.71776739302,,,,,,,,ALL_N1,,,,,,,
IT1:DF_DCSS_ISTR_LAV_PEN_2_TV_3(1.0),A,087002,RESPOP_AV,T,Y_GE15,TOTAL,ALL,4,ALL,ALL,2022,2369.73227121066,,,,,,,,ALL_N1,,,,,,,
IT1:DF_DCSS_ISTR_LAV_PEN_2_TV_3(1.0),A,087002,RESPOP_AV,T,Y_GE15,TOTAL,ALL,4,ALL,ALL,2023,2327.8253956258527,,,,,,,,ALL_N1,,,,,,,
IT1:DF_DCSS_ISTR_LAV_PEN_2_TV_3(1.0),A,087002,RESPOP_AV,T,Y_GE15,TOTAL,ALL,4,ALL,ALL,2024,2287.5204855673283,,,,,,,,ALL_N1,,,,,,,
IT1:DF_DCSS_ISTR_LAV_PEN_2_TV_3(1.0),A,087002,RESPOP_AV,T,Y_GE15,TOTAL,ALL,5,ALL,ALL,2018,1229,,,,,,,,ALL_N1,,,,,,,
IT1:DF_DCSS_ISTR_LAV_PEN_2_TV_3(1.0),A,087002,RESPOP_AV,T,Y_GE15,TOTAL,ALL,5,ALL,ALL,2019,1322,,,,,,,,ALL_N1,,,,,,,
IT1:DF_DCSS_ISTR_LAV_PEN_2_TV_3(1.0),A,087002,RESPOP_AV,T,Y_GE15,TOTAL,ALL,5,ALL,ALL,2021,1308.07625123896,,,,,,,,ALL_N1,,,,,,,
IT1:DF_DCSS_ISTR_LAV_PEN_2_TV_3(1.0),A,087002,RESPOP_AV,T,Y_GE15,TOTAL,ALL,5,ALL,ALL,2022,1325.77511091934,,,,,,,,ALL_N1,,,,,,,
IT1:DF_DCSS_ISTR_LAV_PEN_2_TV_3(1.0),A,087002,RESPOP_AV,T,Y_GE15,TOTAL,ALL,5,ALL,ALL,2023,1361.895595488732,,,,,,,,ALL_N1,,,,,,,
IT1:DF_DCSS_ISTR_LAV_PEN_2_TV_3(1.0),A,087002,RESPOP_AV,T,Y_GE15,TOTAL,ALL,5,ALL,ALL,2024,1356.4013119808267,,,,,,,,ALL_N1,,,,,,,
IT1:DF_DCSS_ISTR_LAV_PEN_2_TV_3(1.0),A,087002,RESPOP_AV,T,Y_GE15,TOTAL,ALL,7,ALL,ALL,2018,1210,,,,,,,,ALL_N1,,,,,,,
IT1:DF_DCSS_ISTR_LAV_PEN_2_TV_3(1.0),A,087002,RESPOP_AV,T,Y_GE15,TOTAL,ALL,7,ALL,ALL,2019,1054,,,,,,,,ALL_N1,,,,,,,
IT1:DF_DCSS_ISTR_LAV_PEN_2_TV_3(1.0),A,087002,RESPOP_AV,T,Y_GE15,TOTAL,ALL,7,ALL,ALL,2021,1275.00564290532,,,,,,,,ALL_N1,,,,,,,
IT1:DF_DCSS_ISTR_LAV_PEN_2_TV_3(1.0),A,087002,RESPOP_AV,T,Y_GE15,TOTAL,ALL,7,ALL,ALL,2022,1189.59298832555,,,,,,,,ALL_N1,,,,,,,
IT1:DF_DCSS_ISTR_LAV_PEN_2_TV_3(1.0),A,087002,RESPOP_AV,T,Y_GE15,TOTAL,ALL,7,ALL,ALL,2023,1173.8107076063268,,,,,,,,ALL_N1,,,,,,,
IT1:DF_DCSS_ISTR_LAV_PEN_2_TV_3(1.0),A,087002,RESPOP_AV,T,Y_GE15,TOTAL,ALL,7,ALL,ALL,2024,1133.901899961418,,,,,,,,ALL_N1,,,,,,,
IT1:DF_DCSS_ISTR_LAV_PEN_2_TV_3(1.0),A,087002,RESPOP_AV,T,Y_GE15,TOTAL,ALL,99,ALL,ALL,2018,15537,,,,,,,,ALL_N1,99_N1,,,,,,
IT1:DF_DCSS_ISTR_LAV_PEN_2_TV_3(1.0),A,087002,RESPOP_AV,T,Y_GE15,TOTAL,ALL,99,ALL,ALL,2019,15451,,,,,,,,ALL_N1,99_N1,,,,,,
IT1:DF_DCSS_ISTR_LAV_PEN_2_TV_3(1.0),A,087002,RESPOP_AV,T,Y_GE15,TOTAL,ALL,99,ALL,ALL,2021,15806,,,,,,,,ALL_N1,99_N1,,,,,,
IT1:DF_DCSS_ISTR_LAV_PEN_2_TV_3(1.0),A,087002,RESPOP_AV,T,Y_GE15,TOTAL,ALL,99,ALL,ALL,2022,15799,,,,,,,,ALL_N1,99_N1,,,,,,
IT1:DF_DCSS_ISTR_LAV_PEN_2_TV_3(1.0),A,087002,RESPOP_AV,T,Y_GE15,TOTAL,ALL,99,ALL,ALL,2023,15752,,,,,,,,ALL_N1,99_N1,,,,,,
IT1:DF_DCSS_ISTR_LAV_PEN_2_TV_3(1.0),A,087002,RESPOP_AV,T,Y_GE15,TOTAL,ALL,99,ALL,ALL,2024,15760,,,,,,,,ALL_N1,99_N1,,,,,,
IT1:DF_DCSS_ISTR_LAV_PEN_2_TV_3(1.0),A,087003,RESPOP_AV,F,Y_GE15,TOTAL,ALL,1,ALL,ALL,2018,3082,,,,,,,,ALL_N1,,,,,,,
IT1:DF_DCSS_ISTR_LAV_PEN_2_TV_3(1.0),A,087003,RESPOP_AV,F,Y_GE15,TOTAL,ALL,1,ALL,ALL,2019,3065,,,,,,,,ALL_N1,,,,,,,
IT1:DF_DCSS_ISTR_LAV_PEN_2_TV_3(1.0),A,087003,RESPOP_AV,F,Y_GE15,TOTAL,ALL,1,ALL,ALL,2021,3310,,,,,,,,ALL_N1,,,,,,,
IT1:DF_DCSS_ISTR_LAV_PEN_2_TV_3(1.0),A,087003,RESPOP_AV,F,Y_GE15,TOTAL,ALL,1,ALL,ALL,2022,3346,,,,,,,,ALL_N1,,,,,,,
IT1:DF_DCSS_ISTR_LAV_PEN_2_TV_3(1.0),A,087003,RESPOP_AV,F,Y_GE15,TOTAL,ALL,1,ALL,ALL,2023,3504,,,,,,,,ALL_N1,,,,,,,
IT1:DF_DCSS_ISTR_LAV_PEN_2_TV_3(1.0),A,087003,RESPOP_AV,F,Y_GE15,TOTAL,ALL,1,ALL,ALL,2024,3629,,,,,,,,ALL_N1,,,,,,,
IT1:DF_DCSS_ISTR_LAV_PEN_2_TV_3(1.0),A,087003,RESPOP_AV,F,Y_GE15,TOTAL,ALL,12,ALL,ALL,2018,1752,,,,,,,,ALL_N1,,,,,,,
IT1:DF_DCSS_ISTR_LAV_PEN_2_TV_3(1.0),A,087003,RESPOP_AV,F,Y_GE15,TOTAL,ALL,12,ALL,ALL,2019,1721,,,,,,,,ALL_N1,,,,,,,
IT1:DF_DCSS_ISTR_LAV_PEN_2_TV_3(1.0),A,087003,RESPOP_AV,F,Y_GE15,TOTAL,ALL,12,ALL,ALL,2021,904.443336328564,,,,,,,,ALL_N1,,,,,,,
IT1:DF_DCSS_ISTR_LAV_PEN_2_TV_3(1.0),A,087003,RESPOP_AV,F,Y_GE15,TOTAL,ALL,12,ALL,ALL,2022,1089.98536382865,,,,,,,,ALL_N1,,,,,,,
IT1:DF_DCSS_ISTR_LAV_PEN_2_TV_3(1.0),A,087003,RESPOP_AV,F,Y_GE15,TOTAL,ALL,12,ALL,ALL,2023,845.647622361243,,,,,,,,ALL_N1,,,,,,,
IT1:DF_DCSS_ISTR_LAV_PEN_2_TV_3(1.0),A,087003,RESPOP_AV,F,Y_GE15,TOTAL,ALL,12,ALL,ALL,2024,782.7140719476685,,,,,,,,ALL_N1,,,,,,,
IT1:DF_DCSS_ISTR_LAV_PEN_2_TV_3(1.0),A,087003,RESPOP_AV,F,Y_GE15,TOTAL,ALL,22,ALL,ALL,2018,4834,,,,,,,,ALL_N1,,,,,,,
IT1:DF_DCSS_ISTR_LAV_PEN_2_TV_3(1.0),A,087003,RESPOP_AV,F,Y_GE15,TOTAL,ALL,22,ALL,ALL,2019,4786,,,,,,,,ALL_N1,,,,,,,
IT1:DF_DCSS_ISTR_LAV_PEN_2_TV_3(1.0),A,087003,RESPOP_AV,F,Y_GE15,TOTAL,ALL,22,ALL,ALL,2021,4214.44333632856,,,,,,,,ALL_N1,,,,,,,
IT1:DF_DCSS_ISTR_LAV_PEN_2_TV_3(1.0),A,087003,RESPOP_AV,F,Y_GE15,TOTAL,ALL,22,ALL,ALL,2022,4435.98536382865,,,,,,,,ALL_N1,,,,,,,
IT1:DF_DCSS_ISTR_LAV_PEN_2_TV_3(1.0),A,087003,RESPOP_AV,F,Y_GE15,TOTAL,ALL,22,ALL,ALL,2023,4349.647622361243,,,,,,,,ALL_N1,,,,,,,
IT1:DF_DCSS_ISTR_LAV_PEN_2_TV_3(1.0),A,087003,RESPOP_AV,F,Y_GE15,TOTAL,ALL,22,ALL,ALL,2024,4411.714071947668,,,,,,,,ALL_N1,,,,,,,
IT1:DF_DCSS_ISTR_LAV_PEN_2_TV_3(1.0),A,087003,RESPOP_AV,F,Y_GE15,TOTAL,ALL,23,ALL,ALL,2018,7195,,,,,,,,ALL_N1,,,,,,,
IT1:DF_DCSS_ISTR_LAV_PEN_2_TV_3(1.0),A,087003,RESPOP_AV,F,Y_GE15,TOTAL,ALL,23,ALL,ALL,2019,7237,,,,,,,,ALL_N1,,,,,,,
IT1:DF_DCSS_ISTR_LAV_PEN_2_TV_3(1.0),A,087003,RESPOP_AV,F,Y_GE15,TOTAL,ALL,23,ALL,ALL,2021,8045.55666367143,,,,,,,,ALL_N1,,,,,,,
IT1:DF_DCSS_ISTR_LAV_PEN_2_TV_3(1.0),A,087003,RESPOP_AV,F,Y_GE15,TOTAL,ALL,23,ALL,ALL,2022,7793.01463617135,,,,,,,,ALL_N1,,,,,,,
IT1:DF_DCSS_ISTR_LAV_PEN_2_TV_3(1.0),A,087003,RESPOP_AV,F,Y_GE15,TOTAL,ALL,23,ALL,ALL,2023,7867.3523776387565,,,,,,,,ALL_N1,,,,,,,
IT1:DF_DCSS_ISTR_LAV_PEN_2_TV_3(1.0),A,087003,RESPOP_AV,F,Y_GE15,TOTAL,ALL,23,ALL,ALL,2024,7724.28592805233,,,,,,,,ALL_N1,,,,,,,
IT1:DF_DCSS_ISTR_LAV_PEN_2_TV_3(1.0),A,087003,RESPOP_AV,F,Y_GE15,TOTAL,ALL,24,ALL,ALL,2018,1098,,,,,,,,ALL_N1,,,,,,,
IT1:DF_DCSS_ISTR_LAV_PEN_2_TV_3(1.0),A,087003,RESPOP_AV,F,Y_GE15,TOTAL,ALL,24,ALL,ALL,2019,1112,,,,,,,,ALL_N1,,,,,,,
IT1:DF_DCSS_ISTR_LAV_PEN_2_TV_3(1.0),A,087003,RESPOP_AV,F,Y_GE15,TOTAL,ALL,24,ALL,ALL,2021,1357.5301110788,,,,,,,,ALL_N1,,,,,,,
IT1:DF_DCSS_ISTR_LAV_PEN_2_TV_3(1.0),A,087003,RESPOP_AV,F,Y_GE15,TOTAL,ALL,24,ALL,ALL,2022,1245.6009044118,,,,,,,,ALL_N1,,,,,,,
IT1:DF_DCSS_ISTR_LAV_PEN_2_TV_3(1.0),A,087003,RESPOP_AV,F,Y_GE15,TOTAL,ALL,24,ALL,ALL,2023,1385.6968922662395,,,,,,,,ALL_N1,,,,,,,
IT1:DF_DCSS_ISTR_LAV_PEN_2_TV_3(1.0),A,087003,RESPOP_AV,F,Y_GE15,TOTAL,ALL,24,ALL,ALL,2024,1495.8057167887414,,,,,,,,ALL_N1,,,,,,,
IT1:DF_DCSS_ISTR_LAV_PEN_2_TV_3(1.0),A,087003,RESPOP_AV,F,Y_GE15,TOTAL,ALL,4,ALL,ALL,2018,4198,,,,,,,,ALL_N1,,,,,,,
IT1:DF_DCSS_ISTR_LAV_PEN_2_TV_3(1.0),A,087003,RESPOP_AV,F,Y_GE15,TOTAL,ALL,4,ALL,ALL,2019,4372,,,,,,,,ALL_N1,,,,,,,
IT1:DF_DCSS_ISTR_LAV_PEN_2_TV_3(1.0),A,087003,RESPOP_AV,F,Y_GE15,TOTAL,ALL,4,ALL,ALL,2021,4604.06108932627,,,,,,,,ALL_N1,,,,,,,
IT1:DF_DCSS_ISTR_LAV_PEN_2_TV_3(1.0),A,087003,RESPOP_AV,F,Y_GE15,TOTAL,ALL,4,ALL,ALL,2022,4481.69259946435,,,,,,,,ALL_N1,,,,,,,
IT1:DF_DCSS_ISTR_LAV_PEN_2_TV_3(1.0),A,087003,RESPOP_AV,F,Y_GE15,TOTAL,ALL,4,ALL,ALL,2023,4508.228315825799,,,,,,,,ALL_N1,,,,,,,
IT1:DF_DCSS_ISTR_LAV_PEN_2_TV_3(1.0),A,087003,RESPOP_AV,F,Y_GE15,TOTAL,ALL,4,ALL,ALL,2024,4303.764853356588,,,,,,,,ALL_N1,,,,,,,
IT1:DF_DCSS_ISTR_LAV_PEN_2_TV_3(1.0),A,087003,RESPOP_AV,F,Y_GE15,TOTAL,ALL,5,ALL,ALL,2018,1140,,,,,,,,ALL_N1,,,,,,,
IT1:DF_DCSS_ISTR_LAV_PEN_2_TV_3(1.0),A,087003,RESPOP_AV,F,Y_GE15,TOTAL,ALL,5,ALL,ALL,2019,1122,,,,,,,,ALL_N1,,,,,,,
IT1:DF_DCSS_ISTR_LAV_PEN_2_TV_3(1.0),A,087003,RESPOP_AV,F,Y_GE15,TOTAL,ALL,5,ALL,ALL,2021,1193.41412003973,,,,,,,,ALL_N1,,,,,,,
IT1:DF_DCSS_ISTR_LAV_PEN_2_TV_3(1.0),A,087003,RESPOP_AV,F,Y_GE15,TOTAL,ALL,5,ALL,ALL,2022,1208.67642037361,,,,,,,,ALL_N1,,,,,,,
IT1:DF_DCSS_ISTR_LAV_PEN_2_TV_3(1.0),A,087003,RESPOP_AV,F,Y_GE15,TOTAL,ALL,5,ALL,ALL,2023,1193.9360845157582,,,,,,,,ALL_N1,,,,,,,
IT1:DF_DCSS_ISTR_LAV_PEN_2_TV_3(1.0),A,087003,RESPOP_AV,F,Y_GE15,TOTAL,ALL,5,ALL,ALL,2024,1182.7020990354179,,,,,,,,ALL_N1,,,,,,,
IT1:DF_DCSS_ISTR_LAV_PEN_2_TV_3(1.0),A,087003,RESPOP_AV,F,Y_GE15,TOTAL,ALL,7,ALL,ALL,2018,760,,,,,,,,ALL_N1,,,,,,,
IT1:DF_DCSS_ISTR_LAV_PEN_2_TV_3(1.0),A,087003,RESPOP_AV,F,Y_GE15,TOTAL,ALL,7,ALL,ALL,2019,631,,,,,,,,ALL_N1,,,,,,,
IT1:DF_DCSS_ISTR_LAV_PEN_2_TV_3(1.0),A,087003,RESPOP_AV,F,Y_GE15,TOTAL,ALL,7,ALL,ALL,2021,890.551343226644,,,,,,,,ALL_N1,,,,,,,
IT1:DF_DCSS_ISTR_LAV_PEN_2_TV_3(1.0),A,087003,RESPOP_AV,F,Y_GE15,TOTAL,ALL,7,ALL,ALL,2022,857.044711921597,,,,,,,,ALL_N1,,,,,,,
IT1:DF_DCSS_ISTR_LAV_PEN_2_TV_3(1.0),A,087003,RESPOP_AV,F,Y_GE15,TOTAL,ALL,7,ALL,ALL,2023,779.4910850309591,,,,,,,,ALL_N1,,,,,,,
IT1:DF_DCSS_ISTR_LAV_PEN_2_TV_3(1.0),A,087003,RESPOP_AV,F,Y_GE15,TOTAL,ALL,7,ALL,ALL,2024,742.013258871582,,,,,,,,ALL_N1,,,,,,,
IT1:DF_DCSS_ISTR_LAV_PEN_2_TV_3(1.0),A,087003,RESPOP_AV,F,Y_GE15,TOTAL,ALL,99,ALL,ALL,2018,12029,,,,,,,,ALL_N1,99_N1,,,,,,
IT1:DF_DCSS_ISTR_LAV_PEN_2_TV_3(1.0),A,087003,RESPOP_AV,F,Y_GE15,TOTAL,ALL,99,ALL,ALL,2019,12023,,,,,,,,ALL_N1,99_N1,,,,,,
IT1:DF_DCSS_ISTR_LAV_PEN_2_TV_3(1.0),A,087003,RESPOP_AV,F,Y_GE15,TOTAL,ALL,99,ALL,ALL,2021,12260,,,,,,,,ALL_N1,99_N1,,,,,,
IT1:DF_DCSS_ISTR_LAV_PEN_2_TV_3(1.0),A,087003,RESPOP_AV,F,Y_GE15,TOTAL,ALL,99,ALL,ALL,2022,12229,,,,,,,,ALL_N1,99_N1,,,,,,
IT1:DF_DCSS_ISTR_LAV_PEN_2_TV_3(1.0),A,087003,RESPOP_AV,F,Y_GE15,TOTAL,ALL,99,ALL,ALL,2023,12216.999999999998,,,,,,,,ALL_N1,99_N1,,,,,,
IT1:DF_DCSS_ISTR_LAV_PEN_2_TV_3(1.0),A,087003,RESPOP_AV,F,Y_GE15,TOTAL,ALL,99,ALL,ALL,2024,12135.999999999998,,,,,,,,ALL_N1,99_N1,,,,,,
IT1:DF_DCSS_ISTR_LAV_PEN_2_TV_3(1.0),A,087003,RESPOP_AV,M,Y_GE15,TOTAL,ALL,1,ALL,ALL,2018,5492,,,,,,,,ALL_N1,,,,,,,
IT1:DF_DCSS_ISTR_LAV_PEN_2_TV_3(1.0),A,087003,RESPOP_AV,M,Y_GE15,TOTAL,ALL,1,ALL,ALL,2019,5408,,,,,,,,ALL_N1,,,,,,,
IT1:DF_DCSS_ISTR_LAV_PEN_2_TV_3(1.0),A,087003,RESPOP_AV,M,Y_GE15,TOTAL,ALL,1,ALL,ALL,2021,5597,,,,,,,,ALL_N1,,,,,,,
IT1:DF_DCSS_ISTR_LAV_PEN_2_TV_3(1.0),A,087003,RESPOP_AV,M,Y_GE15,TOTAL,ALL,1,ALL,ALL,2022,5630,,,,,,,,ALL_N1,,,,,,,
IT1:DF_DCSS_ISTR_LAV_PEN_2_TV_3(1.0),A,087003,RESPOP_AV,M,Y_GE15,TOTAL,ALL,1,ALL,ALL,2023,5694,,,,,,,,ALL_N1,,,,,,,
IT1:DF_DCSS_ISTR_LAV_PEN_2_TV_3(1.0),A,087003,RESPOP_AV,M,Y_GE15,TOTAL,ALL,1,ALL,ALL,2024,5861,,,,,,,,ALL_N1,,,,,,,
IT1:DF_DCSS_ISTR_LAV_PEN_2_TV_3(1.0),A,087003,RESPOP_AV,M,Y_GE15,TOTAL,ALL,12,ALL,ALL,2018,1902,,,,,,,,ALL_N1,,,,,,,
IT1:DF_DCSS_ISTR_LAV_PEN_2_TV_3(1.0),A,087003,RESPOP_AV,M,Y_GE15,TOTAL,ALL,12,ALL,ALL,2019,1990,,,,,,,,ALL_N1,,,,,,,
IT1:DF_DCSS_ISTR_LAV_PEN_2_TV_3(1.0),A,087003,RESPOP_AV,M,Y_GE15,TOTAL,ALL,12,ALL,ALL,2021,1122.15849941741,,,,,,,,ALL_N1,,,,,,,
IT1:DF_DCSS_ISTR_LAV_PEN_2_TV_3(1.0),A,087003,RESPOP_AV,M,Y_GE15,TOTAL,ALL,12,ALL,ALL,2022,1264.40804546549,,,,,,,,ALL_N1,,,,,,,
IT1:DF_DCSS_ISTR_LAV_PEN_2_TV_3(1.0),A,087003,RESPOP_AV,M,Y_GE15,TOTAL,ALL,12,ALL,ALL,2023,987.9992785682506,,,,,,,,ALL_N1,,,,,,,
IT1:DF_DCSS_ISTR_LAV_PEN_2_TV_3(1.0),A,087003,RESPOP_AV,M,Y_GE15,TOTAL,ALL,12,ALL,ALL,2024,922.3209045232577,,,,,,,,ALL_N1,,,,,,,
IT1:DF_DCSS_ISTR_LAV_PEN_2_TV_3(1.0),A,087003,RESPOP_AV,M,Y_GE15,TOTAL,ALL,22,ALL,ALL,2018,7394,,,,,,,,ALL_N1,,,,,,,
IT1:DF_DCSS_ISTR_LAV_PEN_2_TV_3(1.0),A,087003,RESPOP_AV,M,Y_GE15,TOTAL,ALL,22,ALL,ALL,2019,7398,,,,,,,,ALL_N1,,,,,,,
IT1:DF_DCSS_ISTR_LAV_PEN_2_TV_3(1.0),A,087003,RESPOP_AV,M,Y_GE15,TOTAL,ALL,22,ALL,ALL,2021,6719.15849941741,,,,,,,,ALL_N1,,,,,,,
IT1:DF_DCSS_ISTR_LAV_PEN_2_TV_3(1.0),A,087003,RESPOP_AV,M,Y_GE15,TOTAL,ALL,22,ALL,ALL,2022,6894.40804546549,,,,,,,,ALL_N1,,,,,,,
IT1:DF_DCSS_ISTR_LAV_PEN_2_TV_3(1.0),A,087003,RESPOP_AV,M,Y_GE15,TOTAL,ALL,22,ALL,ALL,2023,6681.999278568251,,,,,,,,ALL_N1,,,,,,,
IT1:DF_DCSS_ISTR_LAV_PEN_2_TV_3(1.0),A,087003,RESPOP_AV,M,Y_GE15,TOTAL,ALL,22,ALL,ALL,2024,6783.320904523258,,,,,,,,ALL_N1,,,,,,,
IT1:DF_DCSS_ISTR_LAV_PEN_2_TV_3(1.0),A,087003,RESPOP_AV,M,Y_GE15,TOTAL,ALL,23,ALL,ALL,2018,4071,,,,,,,,ALL_N1,,,,,,,
IT1:DF_DCSS_ISTR_LAV_PEN_2_TV_3(1.0),A,087003,RESPOP_AV,M,Y_GE15,TOTAL,ALL,23,ALL,ALL,2019,4063,,,,,,,,ALL_N1,,,,,,,
IT1:DF_DCSS_ISTR_LAV_PEN_2_TV_3(1.0),A,087003,RESPOP_AV,M,Y_GE15,TOTAL,ALL,23,ALL,ALL,2021,4941.84150058259,,,,,,,,ALL_N1,,,,,,,
IT1:DF_DCSS_ISTR_LAV_PEN_2_TV_3(1.0),A,087003,RESPOP_AV,M,Y_GE15,TOTAL,ALL,23,ALL,ALL,2022,4703.59195453452,,,,,,,,ALL_N1,,,,,,,
IT1:DF_DCSS_ISTR_LAV_PEN_2_TV_3(1.0),A,087003,RESPOP_AV,M,Y_GE15,TOTAL,ALL,23,ALL,ALL,2023,4893.000721431751,,,,,,,,ALL_N1,,,,,,,
IT1:DF_DCSS_ISTR_LAV_PEN_2_TV_3(1.0),A,087003,RESPOP_AV,M,Y_GE15,TOTAL,ALL,23,ALL,ALL,2024,4681.679095476742,,,,,,,,ALL_N1,,,,,,,
IT1:DF_DCSS_ISTR_LAV_PEN_2_TV_3(1.0),A,087003,RESPOP_AV,M,Y_GE15,TOTAL,ALL,24,ALL,ALL,2018,1771,,,,,,,,ALL_N1,,,,,,,
IT1:DF_DCSS_ISTR_LAV_PEN_2_TV_3(1.0),A,087003,RESPOP_AV,M,Y_GE15,TOTAL,ALL,24,ALL,ALL,2019,1887,,,,,,,,ALL_N1,,,,,,,
IT1:DF_DCSS_ISTR_LAV_PEN_2_TV_3(1.0),A,087003,RESPOP_AV,M,Y_GE15,TOTAL,ALL,24,ALL,ALL,2021,2125.33904605011,,,,,,,,ALL_N1,,,,,,,
IT1:DF_DCSS_ISTR_LAV_PEN_2_TV_3(1.0),A,087003,RESPOP_AV,M,Y_GE15,TOTAL,ALL,24,ALL,ALL,2022,2103.40583040355,,,,,,,,ALL_N1,,,,,,,
IT1:DF_DCSS_ISTR_LAV_PEN_2_TV_3(1.0),A,087003,RESPOP_AV,M,Y_GE15,TOTAL,ALL,24,ALL,ALL,2023,2271.6216381883405,,,,,,,,ALL_N1,,,,,,,
IT1:DF_DCSS_ISTR_LAV_PEN_2_TV_3(1.0),A,087003,RESPOP_AV,M,Y_GE15,TOTAL,ALL,24,ALL,ALL,2024,2361.227564509391,,,,,,,,ALL_N1,,,,,,,
IT1:DF_DCSS_ISTR_LAV_PEN_2_TV_3(1.0),A,087003,RESPOP_AV,M,Y_GE15,TOTAL,ALL,4,ALL,ALL,2018,165,,,,,,,,ALL_N1,,,,,,,
IT1:DF_DCSS_ISTR_LAV_PEN_2_TV_3(1.0),A,087003,RESPOP_AV,M,Y_GE15,TOTAL,ALL,4,ALL,ALL,2019,197,,,,,,,,ALL_N1,,,,,,,
IT1:DF_DCSS_ISTR_LAV_PEN_2_TV_3(1.0),A,087003,RESPOP_AV,M,Y_GE15,TOTAL,ALL,4,ALL,ALL,2021,326.466930257529,,,,,,,,ALL_N1,,,,,,,
IT1:DF_DCSS_ISTR_LAV_PEN_2_TV_3(1.0),A,087003,RESPOP_AV,M,Y_GE15,TOTAL,ALL,4,ALL,ALL,2022,311.383380931678,,,,,,,,ALL_N1,,,,,,,
IT1:DF_DCSS_ISTR_LAV_PEN_2_TV_3(1.0),A,087003,RESPOP_AV,M,Y_GE15,TOTAL,ALL,4,ALL,ALL,2023,373.30015065501124,,,,,,,,ALL_N1,,,,,,,
IT1:DF_DCSS_ISTR_LAV_PEN_2_TV_3(1.0),A,087003,RESPOP_AV,M,Y_GE15,TOTAL,ALL,4,ALL,ALL,2024,285.8427026191469,,,,,,,,ALL_N1,,,,,,,
IT1:DF_DCSS_ISTR_LAV_PEN_2_TV_3(1.0),A,087003,RESPOP_AV,M,Y_GE15,TOTAL,ALL,5,ALL,ALL,2018,1043,,,,,,,,ALL_N1,,,,,,,
IT1:DF_DCSS_ISTR_LAV_PEN_2_TV_3(1.0),A,087003,RESPOP_AV,M,Y_GE15,TOTAL,ALL,5,ALL,ALL,2019,1052,,,,,,,,ALL_N1,,,,,,,
IT1:DF_DCSS_ISTR_LAV_PEN_2_TV_3(1.0),A,087003,RESPOP_AV,M,Y_GE15,TOTAL,ALL,5,ALL,ALL,2021,1069.99691014639,,,,,,,,ALL_N1,,,,,,,
IT1:DF_DCSS_ISTR_LAV_PEN_2_TV_3(1.0),A,087003,RESPOP_AV,M,Y_GE15,TOTAL,ALL,5,ALL,ALL,2022,1073.49655446504,,,,,,,,ALL_N1,,,,,,,
IT1:DF_DCSS_ISTR_LAV_PEN_2_TV_3(1.0),A,087003,RESPOP_AV,M,Y_GE15,TOTAL,ALL,5,ALL,ALL,2023,1079.8362658785393,,,,,,,,ALL_N1,,,,,,,
IT1:DF_DCSS_ISTR_LAV_PEN_2_TV_3(1.0),A,087003,RESPOP_AV,M,Y_GE15,TOTAL,ALL,5,ALL,ALL,2024,998.8812831353968,,,,,,,,ALL_N1,,,,,,,
IT1:DF_DCSS_ISTR_LAV_PEN_2_TV_3(1.0),A,087003,RESPOP_AV,M,Y_GE15,TOTAL,ALL,7,ALL,ALL,2018,1092,,,,,,,,ALL_N1,,,,,,,
IT1:DF_DCSS_ISTR_LAV_PEN_2_TV_3(1.0),A,087003,RESPOP_AV,M,Y_GE15,TOTAL,ALL,7,ALL,ALL,2019,927,,,,,,,,ALL_N1,,,,,,,
IT1:DF_DCSS_ISTR_LAV_PEN_2_TV_3(1.0),A,087003,RESPOP_AV,M,Y_GE15,TOTAL,ALL,7,ALL,ALL,2021,1420.03861412855,,,,,,,,ALL_N1,,,,,,,
IT1:DF_DCSS_ISTR_LAV_PEN_2_TV_3(1.0),A,087003,RESPOP_AV,M,Y_GE15,TOTAL,ALL,7,ALL,ALL,2022,1215.30618873425,,,,,,,,ALL_N1,,,,,,,
IT1:DF_DCSS_ISTR_LAV_PEN_2_TV_3(1.0),A,087003,RESPOP_AV,M,Y_GE15,TOTAL,ALL,7,ALL,ALL,2023,1168.2426667098598,,,,,,,,ALL_N1,,,,,,,
IT1:DF_DCSS_ISTR_LAV_PEN_2_TV_3(1.0),A,087003,RESPOP_AV,M,Y_GE15,TOTAL,ALL,7,ALL,ALL,2024,1035.7275452128079,,,,,,,,ALL_N1,,,,,,,
IT1:DF_DCSS_ISTR_LAV_PEN_2_TV_3(1.0),A,087003,RESPOP_AV,M,Y_GE15,TOTAL,ALL,99,ALL,ALL,2018,11465,,,,,,,,ALL_N1,99_N1,,,,,,
IT1:DF_DCSS_ISTR_LAV_PEN_2_TV_3(1.0),A,087003,RESPOP_AV,M,Y_GE15,TOTAL,ALL,99,ALL,ALL,2019,11461,,,,,,,,ALL_N1,99_N1,,,,,,
IT1:DF_DCSS_ISTR_LAV_PEN_2_TV_3(1.0),A,087003,RESPOP_AV,M,Y_GE15,TOTAL,ALL,99,ALL,ALL,2021,11661,,,,,,,,ALL_N1,99_N1,,,,,,
IT1:DF_DCSS_ISTR_LAV_PEN_2_TV_3(1.0),A,087003,RESPOP_AV,M,Y_GE15,TOTAL,ALL,99,ALL,ALL,2022,11598,,,,,,,,ALL_N1,99_N1,,,,,,
IT1:DF_DCSS_ISTR_LAV_PEN_2_TV_3(1.0),A,087003,RESPOP_AV,M,Y_GE15,TOTAL,ALL,99,ALL,ALL,2023,11575.000000000002,,,,,,,,ALL_N1,99_N1,,,,,,
IT1:DF_DCSS_ISTR_LAV_PEN_2_TV_3(1.0),A,087003,RESPOP_AV,M,Y_GE15,TOTAL,ALL,99,ALL,ALL,2024,11465,,,,,,,,ALL_N1,99_N1,,,,,,
IT1:DF_DCSS_ISTR_LAV_PEN_2_TV_3(1.0),A,087003,RESPOP_AV,T,Y_GE15,TOTAL,ALL,1,ALL,ALL,2018,8574,,,,,,,,ALL_N1,,,,,,,
IT1:DF_DCSS_ISTR_LAV_PEN_2_TV_3(1.0),A,087003,RESPOP_AV,T,Y_GE15,TOTAL,ALL,1,ALL,ALL,2019,8473,,,,,,,,ALL_N1,,,,,,,
IT1:DF_DCSS_ISTR_LAV_PEN_2_TV_3(1.0),A,087003,RESPOP_AV,T,Y_GE15,TOTAL,ALL,1,ALL,ALL,2021,8907,,,,,,,,ALL_N1,,,,,,,
IT1:DF_DCSS_ISTR_LAV_PEN_2_TV_3(1.0),A,087003,RESPOP_AV,T,Y_GE15,TOTAL,ALL,1,ALL,ALL,2022,8976,,,,,,,,ALL_N1,,,,,,,
IT1:DF_DCSS_ISTR_LAV_PEN_2_TV_3(1.0),A,087003,RESPOP_AV,T,Y_GE15,TOTAL,ALL,1,ALL,ALL,2023,9198,,,,,,,,ALL_N1,,,,,,,
IT1:DF_DCSS_ISTR_LAV_PEN_2_TV_3(1.0),A,087003,RESPOP_AV,T,Y_GE15,TOTAL,ALL,1,ALL,ALL,2024,9490,,,,,,,,ALL_N1,,,,,,,
IT1:DF_DCSS_ISTR_LAV_PEN_2_TV_3(1.0),A,087003,RESPOP_AV,T,Y_GE15,TOTAL,ALL,12,ALL,ALL,2018,3654,,,,,,,,ALL_N1,,,,,,,
IT1:DF_DCSS_ISTR_LAV_PEN_2_TV_3(1.0),A,087003,RESPOP_AV,T,Y_GE15,TOTAL,ALL,12,ALL,ALL,2019,3711,,,,,,,,ALL_N1,,,,,,,
IT1:DF_DCSS_ISTR_LAV_PEN_2_TV_3(1.0),A,087003,RESPOP_AV,T,Y_GE15,TOTAL,ALL,12,ALL,ALL,2021,2026.60183574598,,,,,,,,ALL_N1,,,,,,,
IT1:DF_DCSS_ISTR_LAV_PEN_2_TV_3(1.0),A,087003,RESPOP_AV,T,Y_GE15,TOTAL,ALL,12,ALL,ALL,2022,2354.39340929413,,,,,,,,ALL_N1,,,,,,,
IT1:DF_DCSS_ISTR_LAV_PEN_2_TV_3(1.0),A,087003,RESPOP_AV,T,Y_GE15,TOTAL,ALL,12,ALL,ALL,2023,1833.6469009294935,,,,,,,,ALL_N1,,,,,,,
IT1:DF_DCSS_ISTR_LAV_PEN_2_TV_3(1.0),A,087003,RESPOP_AV,T,Y_GE15,TOTAL,ALL,12,ALL,ALL,2024,1705.034976470926,,,,,,,,ALL_N1,,,,,,,
IT1:DF_DCSS_ISTR_LAV_PEN_2_TV_3(1.0),A,087003,RESPOP_AV,T,Y_GE15,TOTAL,ALL,22,ALL,ALL,2018,12228,,,,,,,,ALL_N1,,,,,,,
IT1:DF_DCSS_ISTR_LAV_PEN_2_TV_3(1.0),A,087003,RESPOP_AV,T,Y_GE15,TOTAL,ALL,22,ALL,ALL,2019,12184,,,,,,,,ALL_N1,,,,,,,
IT1:DF_DCSS_ISTR_LAV_PEN_2_TV_3(1.0),A,087003,RESPOP_AV,T,Y_GE15,TOTAL,ALL,22,ALL,ALL,2021,10933.601835746,,,,,,,,ALL_N1,,,,,,,
IT1:DF_DCSS_ISTR_LAV_PEN_2_TV_3(1.0),A,087003,RESPOP_AV,T,Y_GE15,TOTAL,ALL,22,ALL,ALL,2022,11330.3934092941,,,,,,,,ALL_N1,,,,,,,
IT1:DF_DCSS_ISTR_LAV_PEN_2_TV_3(1.0),A,087003,RESPOP_AV,T,Y_GE15,TOTAL,ALL,22,ALL,ALL,2023,11031.646900929494,,,,,,,,ALL_N1,,,,,,,
IT1:DF_DCSS_ISTR_LAV_PEN_2_TV_3(1.0),A,087003,RESPOP_AV,T,Y_GE15,TOTAL,ALL,22,ALL,ALL,2024,11195.034976470926,,,,,,,,ALL_N1,,,,,,,
IT1:DF_DCSS_ISTR_LAV_PEN_2_TV_3(1.0),A,087003,RESPOP_AV,T,Y_GE15,TOTAL,ALL,23,ALL,ALL,2018,11266,,,,,,,,ALL_N1,,,,,,,
IT1:DF_DCSS_ISTR_LAV_PEN_2_TV_3(1.0),A,087003,RESPOP_AV,T,Y_GE15,TOTAL,ALL,23,ALL,ALL,2019,11300,,,,,,,,ALL_N1,,,,,,,
IT1:DF_DCSS_ISTR_LAV_PEN_2_TV_3(1.0),A,087003,RESPOP_AV,T,Y_GE15,TOTAL,ALL,23,ALL,ALL,2021,12987.398164254,,,,,,,,ALL_N1,,,,,,,
IT1:DF_DCSS_ISTR_LAV_PEN_2_TV_3(1.0),A,087003,RESPOP_AV,T,Y_GE15,TOTAL,ALL,23,ALL,ALL,2022,12496.6065907059,,,,,,,,ALL_N1,,,,,,,
IT1:DF_DCSS_ISTR_LAV_PEN_2_TV_3(1.0),A,087003,RESPOP_AV,T,Y_GE15,TOTAL,ALL,23,ALL,ALL,2023,12760.353099070508,,,,,,,,ALL_N1,,,,,,,
IT1:DF_DCSS_ISTR_LAV_PEN_2_TV_3(1.0),A,087003,RESPOP_AV,T,Y_GE15,TOTAL,ALL,23,ALL,ALL,2024,12405.965023529072,,,,,,,,ALL_N1,,,,,,,
IT1:DF_DCSS_ISTR_LAV_PEN_2_TV_3(1.0),A,087003,RESPOP_AV,T,Y_GE15,TOTAL,ALL,24,ALL,ALL,2018,2869,,,,,,,,ALL_N1,,,,,,,
IT1:DF_DCSS_ISTR_LAV_PEN_2_TV_3(1.0),A,087003,RESPOP_AV,T,Y_GE15,TOTAL,ALL,24,ALL,ALL,2019,2999,,,,,,,,ALL_N1,,,,,,,
IT1:DF_DCSS_ISTR_LAV_PEN_2_TV_3(1.0),A,087003,RESPOP_AV,T,Y_GE15,TOTAL,ALL,24,ALL,ALL,2021,3482.86915712891,,,,,,,,ALL_N1,,,,,,,
IT1:DF_DCSS_ISTR_LAV_PEN_2_TV_3(1.0),A,087003,RESPOP_AV,T,Y_GE15,TOTAL,ALL,24,ALL,ALL,2022,3349.00673481534,,,,,,,,ALL_N1,,,,,,,
IT1:DF_DCSS_ISTR_LAV_PEN_2_TV_3(1.0),A,087003,RESPOP_AV,T,Y_GE15,TOTAL,ALL,24,ALL,ALL,2023,3657.31853045458,,,,,,,,ALL_N1,,,,,,,
IT1:DF_DCSS_ISTR_LAV_PEN_2_TV_3(1.0),A,087003,RESPOP_AV,T,Y_GE15,TOTAL,ALL,24,ALL,ALL,2024,3857.0332812981324,,,,,,,,ALL_N1,,,,,,,
IT1:DF_DCSS_ISTR_LAV_PEN_2_TV_3(1.0),A,087003,RESPOP_AV,T,Y_GE15,TOTAL,ALL,4,ALL,ALL,2018,4363,,,,,,,,ALL_N1,,,,,,,
IT1:DF_DCSS_ISTR_LAV_PEN_2_TV_3(1.0),A,087003,RESPOP_AV,T,Y_GE15,TOTAL,ALL,4,ALL,ALL,2019,4569,,,,,,,,ALL_N1,,,,,,,
IT1:DF_DCSS_ISTR_LAV_PEN_2_TV_3(1.0),A,087003,RESPOP_AV,T,Y_GE15,TOTAL,ALL,4,ALL,ALL,2021,4930.5280195838,,,,,,,,ALL_N1,,,,,,,
IT1:DF_DCSS_ISTR_LAV_PEN_2_TV_3(1.0),A,087003,RESPOP_AV,T,Y_GE15,TOTAL,ALL,4,ALL,ALL,2022,4793.07598039603,,,,,,,,ALL_N1,,,,,,,
IT1:DF_DCSS_ISTR_LAV_PEN_2_TV_3(1.0),A,087003,RESPOP_AV,T,Y_GE15,TOTAL,ALL,4,ALL,ALL,2023,4881.5284664808105,,,,,,,,ALL_N1,,,,,,,
IT1:DF_DCSS_ISTR_LAV_PEN_2_TV_3(1.0),A,087003,RESPOP_AV,T,Y_GE15,TOTAL,ALL,4,ALL,ALL,2024,4589.607555975735,,,,,,,,ALL_N1,,,,,,,
IT1:DF_DCSS_ISTR_LAV_PEN_2_TV_3(1.0),A,087003,RESPOP_AV,T,Y_GE15,TOTAL,ALL,5,ALL,ALL,2018,2183,,,,,,,,ALL_N1,,,,,,,
IT1:DF_DCSS_ISTR_LAV_PEN_2_TV_3(1.0),A,087003,RESPOP_AV,T,Y_GE15,TOTAL,ALL,5,ALL,ALL,2019,2174,,,,,,,,ALL_N1,,,,,,,
IT1:DF_DCSS_ISTR_LAV_PEN_2_TV_3(1.0),A,087003,RESPOP_AV,T,Y_GE15,TOTAL,ALL,5,ALL,ALL,2021,2263.41103018612,,,,,,,,ALL_N1,,,,,,,
IT1:DF_DCSS_ISTR_LAV_PEN_2_TV_3(1.0),A,087003,RESPOP_AV,T,Y_GE15,TOTAL,ALL,5,ALL,ALL,2022,2282.17297483865,,,,,,,,ALL_N1,,,,,,,
IT1:DF_DCSS_ISTR_LAV_PEN_2_TV_3(1.0),A,087003,RESPOP_AV,T,Y_GE15,TOTAL,ALL,5,ALL,ALL,2023,2273.7723503942975,,,,,,,,ALL_N1,,,,,,,
IT1:DF_DCSS_ISTR_LAV_PEN_2_TV_3(1.0),A,087003,RESPOP_AV,T,Y_GE15,TOTAL,ALL,5,ALL,ALL,2024,2181.5833821708147,,,,,,,,ALL_N1,,,,,,,
IT1:DF_DCSS_ISTR_LAV_PEN_2_TV_3(1.0),A,087003,RESPOP_AV,T,Y_GE15,TOTAL,ALL,7,ALL,ALL,2018,1852,,,,,,,,ALL_N1,,,,,,,
IT1:DF_DCSS_ISTR_LAV_PEN_2_TV_3(1.0),A,087003,RESPOP_AV,T,Y_GE15,TOTAL,ALL,7,ALL,ALL,2019,1558,,,,,,,,ALL_N1,,,,,,,
IT1:DF_DCSS_ISTR_LAV_PEN_2_TV_3(1.0),A,087003,RESPOP_AV,T,Y_GE15,TOTAL,ALL,7,ALL,ALL,2021,2310.5899573552,,,,,,,,ALL_N1,,,,,,,
IT1:DF_DCSS_ISTR_LAV_PEN_2_TV_3(1.0),A,087003,RESPOP_AV,T,Y_GE15,TOTAL,ALL,7,ALL,ALL,2022,2072.35090065585,,,,,,,,ALL_N1,,,,,,,
IT1:DF_DCSS_ISTR_LAV_PEN_2_TV_3(1.0),A,087003,RESPOP_AV,T,Y_GE15,TOTAL,ALL,7,ALL,ALL,2023,1947.7337517408191,,,,,,,,ALL_N1,,,,,,,
IT1:DF_DCSS_ISTR_LAV_PEN_2_TV_3(1.0),A,087003,RESPOP_AV,T,Y_GE15,TOTAL,ALL,7,ALL,ALL,2024,1777.7408040843898,,,,,,,,ALL_N1,,,,,,,
IT1:DF_DCSS_ISTR_LAV_PEN_2_TV_3(1.0),A,087003,RESPOP_AV,T,Y_GE15,TOTAL,ALL,99,ALL,ALL,2018,23494,,,,,,,,ALL_N1,99_N1,,,,,,
IT1:DF_DCSS_ISTR_LAV_PEN_2_TV_3(1.0),A,087003,RESPOP_AV,T,Y_GE15,TOTAL,ALL,99,ALL,ALL,2019,23484,,,,,,,,ALL_N1,99_N1,,,,,,
IT1:DF_DCSS_ISTR_LAV_PEN_2_TV_3(1.0),A,087003,RESPOP_AV,T,Y_GE15,TOTAL,ALL,99,ALL,ALL,2021,23921,,,,,,,,ALL_N1,99_N1,,,,,,
IT1:DF_DCSS_ISTR_LAV_PEN_2_TV_3(1.0),A,087003,RESPOP_AV,T,Y_GE15,TOTAL,ALL,99,ALL,ALL,2022,23827,,,,,,,,ALL_N1,99_N1,,,,,,
IT1:DF_DCSS_ISTR_LAV_PEN_2_TV_3(1.0),A,087003,RESPOP_AV,T,Y_GE15,TOTAL,ALL,99,ALL,ALL,2023,23792,,,,,,,,ALL_N1,99_N1,,,,,,
IT1:DF_DCSS_ISTR_LAV_PEN_2_TV_3(1.0),A,087003,RESPOP_AV,T,Y_GE15,TOTAL,ALL,99,ALL,ALL,2024,23600.999999999996,,,,,,,,ALL_N1,99_N1,,,,,,
IT1:DF_DCSS_ISTR_LAV_PEN_2_TV_3(1.0),A,087004,RESPOP_AV,F,Y_GE15,TOTAL,ALL,1,ALL,ALL,2018,6144,,,,,,,,ALL_N1,,,,,,,
IT1:DF_DCSS_ISTR_LAV_PEN_2_TV_3(1.0),A,087004,RESPOP_AV,F,Y_GE15,TOTAL,ALL,1,ALL,ALL,2019,6250,,,,,,,,ALL_N1,,,,,,,
IT1:DF_DCSS_ISTR_LAV_PEN_2_TV_3(1.0),A,087004,RESPOP_AV,F,Y_GE15,TOTAL,ALL,1,ALL,ALL,2021,6451,,,,,,,,ALL_N1,,,,,,,
IT1:DF_DCSS_ISTR_LAV_PEN_2_TV_3(1.0),A,087004,RESPOP_AV,F,Y_GE15,TOTAL,ALL,1,ALL,ALL,2022,6660,,,,,,,,ALL_N1,,,,,,,
IT1:DF_DCSS_ISTR_LAV_PEN_2_TV_3(1.0),A,087004,RESPOP_AV,F,Y_GE15,TOTAL,ALL,1,ALL,ALL,2023,6950,,,,,,,,ALL_N1,,,,,,,
IT1:DF_DCSS_ISTR_LAV_PEN_2_TV_3(1.0),A,087004,RESPOP_AV,F,Y_GE15,TOTAL,ALL,1,ALL,ALL,2024,7236,,,,,,,,ALL_N1,,,,,,,
IT1:DF_DCSS_ISTR_LAV_PEN_2_TV_3(1.0),A,087004,RESPOP_AV,F,Y_GE15,TOTAL,ALL,12,ALL,ALL,2018,2682,,,,,,,,ALL_N1,,,,,,,
IT1:DF_DCSS_ISTR_LAV_PEN_2_TV_3(1.0),A,087004,RESPOP_AV,F,Y_GE15,TOTAL,ALL,12,ALL,ALL,2019,2624,,,,,,,,ALL_N1,,,,,,,
IT1:DF_DCSS_ISTR_LAV_PEN_2_TV_3(1.0),A,087004,RESPOP_AV,F,Y_GE15,TOTAL,ALL,12,ALL,ALL,2021,1526.13135571444,,,,,,,,ALL_N1,,,,,,,
IT1:DF_DCSS_ISTR_LAV_PEN_2_TV_3(1.0),A,087004,RESPOP_AV,F,Y_GE15,TOTAL,ALL,12,ALL,ALL,2022,1721.84938227264,,,,,,,,ALL_N1,,,,,,,
IT1:DF_DCSS_ISTR_LAV_PEN_2_TV_3(1.0),A,087004,RESPOP_AV,F,Y_GE15,TOTAL,ALL,12,ALL,ALL,2023,1435.5162127971169,,,,,,,,ALL_N1,,,,,,,
IT1:DF_DCSS_ISTR_LAV_PEN_2_TV_3(1.0),A,087004,RESPOP_AV,F,Y_GE15,TOTAL,ALL,12,ALL,ALL,2024,1266.0857157868456,,,,,,,,ALL_N1,,,,,,,
IT1:DF_DCSS_ISTR_LAV_PEN_2_TV_3(1.0),A,087004,RESPOP_AV,F,Y_GE15,TOTAL,ALL,22,ALL,ALL,2018,8826,,,,,,,,ALL_N1,,,,,,,
IT1:DF_DCSS_ISTR_LAV_PEN_2_TV_3(1.0),A,087004,RESPOP_AV,F,Y_GE15,TOTAL,ALL,22,ALL,ALL,2019,8874,,,,,,,,ALL_N1,,,,,,,
IT1:DF_DCSS_ISTR_LAV_PEN_2_TV_3(1.0),A,087004,RESPOP_AV,F,Y_GE15,TOTAL,ALL,22,ALL,ALL,2021,7977.13135571444,,,,,,,,ALL_N1,,,,,,,
IT1:DF_DCSS_ISTR_LAV_PEN_2_TV_3(1.0),A,087004,RESPOP_AV,F,Y_GE15,TOTAL,ALL,22,ALL,ALL,2022,8381.84938227264,,,,,,,,ALL_N1,,,,,,,
IT1:DF_DCSS_ISTR_LAV_PEN_2_TV_3(1.0),A,087004,RESPOP_AV,F,Y_GE15,TOTAL,ALL,22,ALL,ALL,2023,8385.516212797116,,,,,,,,ALL_N1,,,,,,,
IT1:DF_DCSS_ISTR_LAV_PEN_2_TV_3(1.0),A,087004,RESPOP_AV,F,Y_GE15,TOTAL,ALL,22,ALL,ALL,2024,8502.085715786845,,,,,,,,ALL_N1,,,,,,,
IT1:DF_DCSS_ISTR_LAV_PEN_2_TV_3(1.0),A,087004,RESPOP_AV,F,Y_GE15,TOTAL,ALL,23,ALL,ALL,2018,14413,,,,,,,,ALL_N1,,,,,,,
IT1:DF_DCSS_ISTR_LAV_PEN_2_TV_3(1.0),A,087004,RESPOP_AV,F,Y_GE15,TOTAL,ALL,23,ALL,ALL,2019,14342,,,,,,,,ALL_N1,,,,,,,
IT1:DF_DCSS_ISTR_LAV_PEN_2_TV_3(1.0),A,087004,RESPOP_AV,F,Y_GE15,TOTAL,ALL,23,ALL,ALL,2021,14999.8686442856,,,,,,,,ALL_N1,,,,,,,
IT1:DF_DCSS_ISTR_LAV_PEN_2_TV_3(1.0),A,087004,RESPOP_AV,F,Y_GE15,TOTAL,ALL,23,ALL,ALL,2022,14537.1506177274,,,,,,,,ALL_N1,,,,,,,
IT1:DF_DCSS_ISTR_LAV_PEN_2_TV_3(1.0),A,087004,RESPOP_AV,F,Y_GE15,TOTAL,ALL,23,ALL,ALL,2023,14501.483787202884,,,,,,,,ALL_N1,,,,,,,
IT1:DF_DCSS_ISTR_LAV_PEN_2_TV_3(1.0),A,087004,RESPOP_AV,F,Y_GE15,TOTAL,ALL,23,ALL,ALL,2024,14448.914284213155,,,,,,,,ALL_N1,,,,,,,
IT1:DF_DCSS_ISTR_LAV_PEN_2_TV_3(1.0),A,087004,RESPOP_AV,F,Y_GE15,TOTAL,ALL,24,ALL,ALL,2018,3613,,,,,,,,ALL_N1,,,,,,,
IT1:DF_DCSS_ISTR_LAV_PEN_2_TV_3(1.0),A,087004,RESPOP_AV,F,Y_GE15,TOTAL,ALL,24,ALL,ALL,2019,3912,,,,,,,,ALL_N1,,,,,,,
IT1:DF_DCSS_ISTR_LAV_PEN_2_TV_3(1.0),A,087004,RESPOP_AV,F,Y_GE15,TOTAL,ALL,24,ALL,ALL,2021,4125.11210634323,,,,,,,,ALL_N1,,,,,,,
IT1:DF_DCSS_ISTR_LAV_PEN_2_TV_3(1.0),A,087004,RESPOP_AV,F,Y_GE15,TOTAL,ALL,24,ALL,ALL,2022,3843.59198185598,,,,,,,,ALL_N1,,,,,,,
IT1:DF_DCSS_ISTR_LAV_PEN_2_TV_3(1.0),A,087004,RESPOP_AV,F,Y_GE15,TOTAL,ALL,24,ALL,ALL,2023,3946.5906152249363,,,,,,,,ALL_N1,,,,,,,
IT1:DF_DCSS_ISTR_LAV_PEN_2_TV_3(1.0),A,087004,RESPOP_AV,F,Y_GE15,TOTAL,ALL,24,ALL,ALL,2024,4001.047825374917,,,,,,,,ALL_N1,,,,,,,
IT1:DF_DCSS_ISTR_LAV_PEN_2_TV_3(1.0),A,087004,RESPOP_AV,F,Y_GE15,TOTAL,ALL,4,ALL,ALL,2018,6873,,,,,,,,ALL_N1,,,,,,,
IT1:DF_DCSS_ISTR_LAV_PEN_2_TV_3(1.0),A,087004,RESPOP_AV,F,Y_GE15,TOTAL,ALL,4,ALL,ALL,2019,6831,,,,,,,,ALL_N1,,,,,,,
IT1:DF_DCSS_ISTR_LAV_PEN_2_TV_3(1.0),A,087004,RESPOP_AV,F,Y_GE15,TOTAL,ALL,4,ALL,ALL,2021,6950.30192342886,,,,,,,,ALL_N1,,,,,,,
IT1:DF_DCSS_ISTR_LAV_PEN_2_TV_3(1.0),A,087004,RESPOP_AV,F,Y_GE15,TOTAL,ALL,4,ALL,ALL,2022,6868.06075339188,,,,,,,,ALL_N1,,,,,,,
IT1:DF_DCSS_ISTR_LAV_PEN_2_TV_3(1.0),A,087004,RESPOP_AV,F,Y_GE15,TOTAL,ALL,4,ALL,ALL,2023,6856.821207640425,,,,,,,,ALL_N1,,,,,,,
IT1:DF_DCSS_ISTR_LAV_PEN_2_TV_3(1.0),A,087004,RESPOP_AV,F,Y_GE15,TOTAL,ALL,4,ALL,ALL,2024,6720.07287802366,,,,,,,,ALL_N1,,,,,,,
IT1:DF_DCSS_ISTR_LAV_PEN_2_TV_3(1.0),A,087004,RESPOP_AV,F,Y_GE15,TOTAL,ALL,5,ALL,ALL,2018,1978,,,,,,,,ALL_N1,,,,,,,
IT1:DF_DCSS_ISTR_LAV_PEN_2_TV_3(1.0),A,087004,RESPOP_AV,F,Y_GE15,TOTAL,ALL,5,ALL,ALL,2019,2120,,,,,,,,ALL_N1,,,,,,,
IT1:DF_DCSS_ISTR_LAV_PEN_2_TV_3(1.0),A,087004,RESPOP_AV,F,Y_GE15,TOTAL,ALL,5,ALL,ALL,2021,2063.33162045696,,,,,,,,ALL_N1,,,,,,,
IT1:DF_DCSS_ISTR_LAV_PEN_2_TV_3(1.0),A,087004,RESPOP_AV,F,Y_GE15,TOTAL,ALL,5,ALL,ALL,2022,2017.84349778465,,,,,,,,ALL_N1,,,,,,,
IT1:DF_DCSS_ISTR_LAV_PEN_2_TV_3(1.0),A,087004,RESPOP_AV,F,Y_GE15,TOTAL,ALL,5,ALL,ALL,2023,2024.865582037042,,,,,,,,ALL_N1,,,,,,,
IT1:DF_DCSS_ISTR_LAV_PEN_2_TV_3(1.0),A,087004,RESPOP_AV,F,Y_GE15,TOTAL,ALL,5,ALL,ALL,2024,2055.4663672399834,,,,,,,,ALL_N1,,,,,,,
IT1:DF_DCSS_ISTR_LAV_PEN_2_TV_3(1.0),A,087004,RESPOP_AV,F,Y_GE15,TOTAL,ALL,7,ALL,ALL,2018,1949,,,,,,,,ALL_N1,,,,,,,
IT1:DF_DCSS_ISTR_LAV_PEN_2_TV_3(1.0),A,087004,RESPOP_AV,F,Y_GE15,TOTAL,ALL,7,ALL,ALL,2019,1479,,,,,,,,ALL_N1,,,,,,,
IT1:DF_DCSS_ISTR_LAV_PEN_2_TV_3(1.0),A,087004,RESPOP_AV,F,Y_GE15,TOTAL,ALL,7,ALL,ALL,2021,1861.12299405651,,,,,,,,ALL_N1,,,,,,,
IT1:DF_DCSS_ISTR_LAV_PEN_2_TV_3(1.0),A,087004,RESPOP_AV,F,Y_GE15,TOTAL,ALL,7,ALL,ALL,2022,1807.65438469485,,,,,,,,ALL_N1,,,,,,,
IT1:DF_DCSS_ISTR_LAV_PEN_2_TV_3(1.0),A,087004,RESPOP_AV,F,Y_GE15,TOTAL,ALL,7,ALL,ALL,2023,1673.20638230048,,,,,,,,ALL_N1,,,,,,,
IT1:DF_DCSS_ISTR_LAV_PEN_2_TV_3(1.0),A,087004,RESPOP_AV,F,Y_GE15,TOTAL,ALL,7,ALL,ALL,2024,1672.327213574594,,,,,,,,ALL_N1,,,,,,,
IT1:DF_DCSS_ISTR_LAV_PEN_2_TV_3(1.0),A,087004,RESPOP_AV,F,Y_GE15,TOTAL,ALL,99,ALL,ALL,2018,23239,,,,,,,,ALL_N1,99_N1,,,,,,
IT1:DF_DCSS_ISTR_LAV_PEN_2_TV_3(1.0),A,087004,RESPOP_AV,F,Y_GE15,TOTAL,ALL,99,ALL,ALL,2019,23215,,,,,,,,ALL_N1,99_N1,,,,,,
IT1:DF_DCSS_ISTR_LAV_PEN_2_TV_3(1.0),A,087004,RESPOP_AV,F,Y_GE15,TOTAL,ALL,99,ALL,ALL,2021,22977,,,,,,,,ALL_N1,99_N1,,,,,,
IT1:DF_DCSS_ISTR_LAV_PEN_2_TV_3(1.0),A,087004,RESPOP_AV,F,Y_GE15,TOTAL,ALL,99,ALL,ALL,2022,22919,,,,,,,,ALL_N1,99_N1,,,,,,
IT1:DF_DCSS_ISTR_LAV_PEN_2_TV_3(1.0),A,087004,RESPOP_AV,F,Y_GE15,TOTAL,ALL,99,ALL,ALL,2023,22887,,,,,,,,ALL_N1,99_N1,,,,,,
IT1:DF_DCSS_ISTR_LAV_PEN_2_TV_3(1.0),A,087004,RESPOP_AV,F,Y_GE15,TOTAL,ALL,99,ALL,ALL,2024,22951,,,,,,,,ALL_N1,99_N1,,,,,,
IT1:DF_DCSS_ISTR_LAV_PEN_2_TV_3(1.0),A,087004,RESPOP_AV,M,Y_GE15,TOTAL,ALL,1,ALL,ALL,2018,9927,,,,,,,,ALL_N1,,,,,,,
IT1:DF_DCSS_ISTR_LAV_PEN_2_TV_3(1.0),A,087004,RESPOP_AV,M,Y_GE15,TOTAL,ALL,1,ALL,ALL,2019,9966,,,,,,,,ALL_N1,,,,,,,
IT1:DF_DCSS_ISTR_LAV_PEN_2_TV_3(1.0),A,087004,RESPOP_AV,M,Y_GE15,TOTAL,ALL,1,ALL,ALL,2021,9953,,,,,,,,ALL_N1,,,,,,,
IT1:DF_DCSS_ISTR_LAV_PEN_2_TV_3(1.0),A,087004,RESPOP_AV,M,Y_GE15,TOTAL,ALL,1,ALL,ALL,2022,10056,,,,,,,,ALL_N1,,,,,,,
IT1:DF_DCSS_ISTR_LAV_PEN_2_TV_3(1.0),A,087004,RESPOP_AV,M,Y_GE15,TOTAL,ALL,1,ALL,ALL,2023,10334,,,,,,,,ALL_N1,,,,,,,
IT1:DF_DCSS_ISTR_LAV_PEN_2_TV_3(1.0),A,087004,RESPOP_AV,M,Y_GE15,TOTAL,ALL,1,ALL,ALL,2024,10638,,,,,,,,ALL_N1,,,,,,,
IT1:DF_DCSS_ISTR_LAV_PEN_2_TV_3(1.0),A,087004,RESPOP_AV,M,Y_GE15,TOTAL,ALL,12,ALL,ALL,2018,2964,,,,,,,,ALL_N1,,,,,,,
IT1:DF_DCSS_ISTR_LAV_PEN_2_TV_3(1.0),A,087004,RESPOP_AV,M,Y_GE15,TOTAL,ALL,12,ALL,ALL,2019,2915,,,,,,,,ALL_N1,,,,,,,
IT1:DF_DCSS_ISTR_LAV_PEN_2_TV_3(1.0),A,087004,RESPOP_AV,M,Y_GE15,TOTAL,ALL,12,ALL,ALL,2021,1813.73180048582,,,,,,,,ALL_N1,,,,,,,
IT1:DF_DCSS_ISTR_LAV_PEN_2_TV_3(1.0),A,087004,RESPOP_AV,M,Y_GE15,TOTAL,ALL,12,ALL,ALL,2022,2026.47327509369,,,,,,,,ALL_N1,,,,,,,
IT1:DF_DCSS_ISTR_LAV_PEN_2_TV_3(1.0),A,087004,RESPOP_AV,M,Y_GE15,TOTAL,ALL,12,ALL,ALL,2023,1615.7856826405277,,,,,,,,ALL_N1,,,,,,,
IT1:DF_DCSS_ISTR_LAV_PEN_2_TV_3(1.0),A,087004,RESPOP_AV,M,Y_GE15,TOTAL,ALL,12,ALL,ALL,2024,1456.9292053614317,,,,,,,,ALL_N1,,,,,,,
IT1:DF_DCSS_ISTR_LAV_PEN_2_TV_3(1.0),A,087004,RESPOP_AV,M,Y_GE15,TOTAL,ALL,22,ALL,ALL,2018,12891,,,,,,,,ALL_N1,,,,,,,
IT1:DF_DCSS_ISTR_LAV_PEN_2_TV_3(1.0),A,087004,RESPOP_AV,M,Y_GE15,TOTAL,ALL,22,ALL,ALL,2019,12881,,,,,,,,ALL_N1,,,,,,,
IT1:DF_DCSS_ISTR_LAV_PEN_2_TV_3(1.0),A,087004,RESPOP_AV,M,Y_GE15,TOTAL,ALL,22,ALL,ALL,2021,11766.7318004858,,,,,,,,ALL_N1,,,,,,,
IT1:DF_DCSS_ISTR_LAV_PEN_2_TV_3(1.0),A,087004,RESPOP_AV,M,Y_GE15,TOTAL,ALL,22,ALL,ALL,2022,12082.4732750937,,,,,,,,ALL_N1,,,,,,,
IT1:DF_DCSS_ISTR_LAV_PEN_2_TV_3(1.0),A,087004,RESPOP_AV,M,Y_GE15,TOTAL,ALL,22,ALL,ALL,2023,11949.785682640528,,,,,,,,ALL_N1,,,,,,,
IT1:DF_DCSS_ISTR_LAV_PEN_2_TV_3(1.0),A,087004,RESPOP_AV,M,Y_GE15,TOTAL,ALL,22,ALL,ALL,2024,12094.929205361432,,,,,,,,ALL_N1,,,,,,,
IT1:DF_DCSS_ISTR_LAV_PEN_2_TV_3(1.0),A,087004,RESPOP_AV,M,Y_GE15,TOTAL,ALL,23,ALL,ALL,2018,8510,,,,,,,,ALL_N1,,,,,,,
IT1:DF_DCSS_ISTR_LAV_PEN_2_TV_3(1.0),A,087004,RESPOP_AV,M,Y_GE15,TOTAL,ALL,23,ALL,ALL,2019,8478,,,,,,,,ALL_N1,,,,,,,
IT1:DF_DCSS_ISTR_LAV_PEN_2_TV_3(1.0),A,087004,RESPOP_AV,M,Y_GE15,TOTAL,ALL,23,ALL,ALL,2021,9533.26819951418,,,,,,,,ALL_N1,,,,,,,
IT1:DF_DCSS_ISTR_LAV_PEN_2_TV_3(1.0),A,087004,RESPOP_AV,M,Y_GE15,TOTAL,ALL,23,ALL,ALL,2022,9189.52672490631,,,,,,,,ALL_N1,,,,,,,
IT1:DF_DCSS_ISTR_LAV_PEN_2_TV_3(1.0),A,087004,RESPOP_AV,M,Y_GE15,TOTAL,ALL,23,ALL,ALL,2023,9341.214317359472,,,,,,,,ALL_N1,,,,,,,
IT1:DF_DCSS_ISTR_LAV_PEN_2_TV_3(1.0),A,087004,RESPOP_AV,M,Y_GE15,TOTAL,ALL,23,ALL,ALL,2024,9299.070794638568,,,,,,,,ALL_N1,,,,,,,
IT1:DF_DCSS_ISTR_LAV_PEN_2_TV_3(1.0),A,087004,RESPOP_AV,M,Y_GE15,TOTAL,ALL,24,ALL,ALL,2018,4064,,,,,,,,ALL_N1,,,,,,,
IT1:DF_DCSS_ISTR_LAV_PEN_2_TV_3(1.0),A,087004,RESPOP_AV,M,Y_GE15,TOTAL,ALL,24,ALL,ALL,2019,4382,,,,,,,,ALL_N1,,,,,,,
IT1:DF_DCSS_ISTR_LAV_PEN_2_TV_3(1.0),A,087004,RESPOP_AV,M,Y_GE15,TOTAL,ALL,24,ALL,ALL,2021,4557.26183670868,,,,,,,,ALL_N1,,,,,,,
IT1:DF_DCSS_ISTR_LAV_PEN_2_TV_3(1.0),A,087004,RESPOP_AV,M,Y_GE15,TOTAL,ALL,24,ALL,ALL,2022,4574.28510792639,,,,,,,,ALL_N1,,,,,,,
IT1:DF_DCSS_ISTR_LAV_PEN_2_TV_3(1.0),A,087004,RESPOP_AV,M,Y_GE15,TOTAL,ALL,24,ALL,ALL,2023,4772.5831094314835,,,,,,,,ALL_N1,,,,,,,
IT1:DF_DCSS_ISTR_LAV_PEN_2_TV_3(1.0),A,087004,RESPOP_AV,M,Y_GE15,TOTAL,ALL,24,ALL,ALL,2024,4816.764283839066,,,,,,,,ALL_N1,,,,,,,
IT1:DF_DCSS_ISTR_LAV_PEN_2_TV_3(1.0),A,087004,RESPOP_AV,M,Y_GE15,TOTAL,ALL,4,ALL,ALL,2018,279,,,,,,,,ALL_N1,,,,,,,
IT1:DF_DCSS_ISTR_LAV_PEN_2_TV_3(1.0),A,087004,RESPOP_AV,M,Y_GE15,TOTAL,ALL,4,ALL,ALL,2019,293,,,,,,,,ALL_N1,,,,,,,
IT1:DF_DCSS_ISTR_LAV_PEN_2_TV_3(1.0),A,087004,RESPOP_AV,M,Y_GE15,TOTAL,ALL,4,ALL,ALL,2021,480.893760392048,,,,,,,,ALL_N1,,,,,,,
IT1:DF_DCSS_ISTR_LAV_PEN_2_TV_3(1.0),A,087004,RESPOP_AV,M,Y_GE15,TOTAL,ALL,4,ALL,ALL,2022,473.658598066533,,,,,,,,ALL_N1,,,,,,,
IT1:DF_DCSS_ISTR_LAV_PEN_2_TV_3(1.0),A,087004,RESPOP_AV,M,Y_GE15,TOTAL,ALL,4,ALL,ALL,2023,540.6881852050885,,,,,,,,ALL_N1,,,,,,,
IT1:DF_DCSS_ISTR_LAV_PEN_2_TV_3(1.0),A,087004,RESPOP_AV,M,Y_GE15,TOTAL,ALL,4,ALL,ALL,2024,464.0153836049668,,,,,,,,ALL_N1,,,,,,,
IT1:DF_DCSS_ISTR_LAV_PEN_2_TV_3(1.0),A,087004,RESPOP_AV,M,Y_GE15,TOTAL,ALL,5,ALL,ALL,2018,1734,,,,,,,,ALL_N1,,,,,,,
IT1:DF_DCSS_ISTR_LAV_PEN_2_TV_3(1.0),A,087004,RESPOP_AV,M,Y_GE15,TOTAL,ALL,5,ALL,ALL,2019,1844,,,,,,,,ALL_N1,,,,,,,
IT1:DF_DCSS_ISTR_LAV_PEN_2_TV_3(1.0),A,087004,RESPOP_AV,M,Y_GE15,TOTAL,ALL,5,ALL,ALL,2021,1822.49544093914,,,,,,,,ALL_N1,,,,,,,
IT1:DF_DCSS_ISTR_LAV_PEN_2_TV_3(1.0),A,087004,RESPOP_AV,M,Y_GE15,TOTAL,ALL,5,ALL,ALL,2022,1837.16474250271,,,,,,,,ALL_N1,,,,,,,
IT1:DF_DCSS_ISTR_LAV_PEN_2_TV_3(1.0),A,087004,RESPOP_AV,M,Y_GE15,TOTAL,ALL,5,ALL,ALL,2023,1848.4826248160803,,,,,,,,ALL_N1,,,,,,,
IT1:DF_DCSS_ISTR_LAV_PEN_2_TV_3(1.0),A,087004,RESPOP_AV,M,Y_GE15,TOTAL,ALL,5,ALL,ALL,2024,1848.6055248795524,,,,,,,,ALL_N1,,,,,,,
IT1:DF_DCSS_ISTR_LAV_PEN_2_TV_3(1.0),A,087004,RESPOP_AV,M,Y_GE15,TOTAL,ALL,7,ALL,ALL,2018,2433,,,,,,,,ALL_N1,,,,,,,
IT1:DF_DCSS_ISTR_LAV_PEN_2_TV_3(1.0),A,087004,RESPOP_AV,M,Y_GE15,TOTAL,ALL,7,ALL,ALL,2019,1959,,,,,,,,ALL_N1,,,,,,,
IT1:DF_DCSS_ISTR_LAV_PEN_2_TV_3(1.0),A,087004,RESPOP_AV,M,Y_GE15,TOTAL,ALL,7,ALL,ALL,2021,2672.61716147432,,,,,,,,ALL_N1,,,,,,,
IT1:DF_DCSS_ISTR_LAV_PEN_2_TV_3(1.0),A,087004,RESPOP_AV,M,Y_GE15,TOTAL,ALL,7,ALL,ALL,2022,2304.41827641067,,,,,,,,ALL_N1,,,,,,,
IT1:DF_DCSS_ISTR_LAV_PEN_2_TV_3(1.0),A,087004,RESPOP_AV,M,Y_GE15,TOTAL,ALL,7,ALL,ALL,2023,2179.46039790682,,,,,,,,ALL_N1,,,,,,,
IT1:DF_DCSS_ISTR_LAV_PEN_2_TV_3(1.0),A,087004,RESPOP_AV,M,Y_GE15,TOTAL,ALL,7,ALL,ALL,2024,2169.6856023149835,,,,,,,,ALL_N1,,,,,,,
IT1:DF_DCSS_ISTR_LAV_PEN_2_TV_3(1.0),A,087004,RESPOP_AV,M,Y_GE15,TOTAL,ALL,99,ALL,ALL,2018,21401,,,,,,,,ALL_N1,99_N1,,,,,,
IT1:DF_DCSS_ISTR_LAV_PEN_2_TV_3(1.0),A,087004,RESPOP_AV,M,Y_GE15,TOTAL,ALL,99,ALL,ALL,2019,21359,,,,,,,,ALL_N1,99_N1,,,,,,
IT1:DF_DCSS_ISTR_LAV_PEN_2_TV_3(1.0),A,087004,RESPOP_AV,M,Y_GE15,TOTAL,ALL,99,ALL,ALL,2021,21300,,,,,,,,ALL_N1,99_N1,,,,,,
IT1:DF_DCSS_ISTR_LAV_PEN_2_TV_3(1.0),A,087004,RESPOP_AV,M,Y_GE15,TOTAL,ALL,99,ALL,ALL,2022,21272,,,,,,,,ALL_N1,99_N1,,,,,,
IT1:DF_DCSS_ISTR_LAV_PEN_2_TV_3(1.0),A,087004,RESPOP_AV,M,Y_GE15,TOTAL,ALL,99,ALL,ALL,2023,21291,,,,,,,,ALL_N1,99_N1,,,,,,
IT1:DF_DCSS_ISTR_LAV_PEN_2_TV_3(1.0),A,087004,RESPOP_AV,M,Y_GE15,TOTAL,ALL,99,ALL,ALL,2024,21394,,,,,,,,ALL_N1,99_N1,,,,,,
IT1:DF_DCSS_ISTR_LAV_PEN_2_TV_3(1.0),A,087004,RESPOP_AV,T,Y_GE15,TOTAL,ALL,1,ALL,ALL,2018,16071,,,,,,,,ALL_N1,,,,,,,
IT1:DF_DCSS_ISTR_LAV_PEN_2_TV_3(1.0),A,087004,RESPOP_AV,T,Y_GE15,TOTAL,ALL,1,ALL,ALL,2019,16216,,,,,,,,ALL_N1,,,,,,,
IT1:DF_DCSS_ISTR_LAV_PEN_2_TV_3(1.0),A,087004,RESPOP_AV,T,Y_GE15,TOTAL,ALL,1,ALL,ALL,2021,16404,,,,,,,,ALL_N1,,,,,,,
IT1:DF_DCSS_ISTR_LAV_PEN_2_TV_3(1.0),A,087004,RESPOP_AV,T,Y_GE15,TOTAL,ALL,1,ALL,ALL,2022,16716,,,,,,,,ALL_N1,,,,,,,
IT1:DF_DCSS_ISTR_LAV_PEN_2_TV_3(1.0),A,087004,RESPOP_AV,T,Y_GE15,TOTAL,ALL,1,ALL,ALL,2023,17284,,,,,,,,ALL_N1,,,,,,,
IT1:DF_DCSS_ISTR_LAV_PEN_2_TV_3(1.0),A,087004,RESPOP_AV,T,Y_GE15,TOTAL,ALL,1,ALL,ALL,2024,17874,,,,,,,,ALL_N1,,,,,,,
IT1:DF_DCSS_ISTR_LAV_PEN_2_TV_3(1.0),A,087004,RESPOP_AV,T,Y_GE15,TOTAL,ALL,12,ALL,ALL,2018,5646,,,,,,,,ALL_N1,,,,,,,
IT1:DF_DCSS_ISTR_LAV_PEN_2_TV_3(1.0),A,087004,RESPOP_AV,T,Y_GE15,TOTAL,ALL,12,ALL,ALL,2019,5539,,,,,,,,ALL_N1,,,,,,,
IT1:DF_DCSS_ISTR_LAV_PEN_2_TV_3(1.0),A,087004,RESPOP_AV,T,Y_GE15,TOTAL,ALL,12,ALL,ALL,2021,3339.86315620026,,,,,,,,ALL_N1,,,,,,,
IT1:DF_DCSS_ISTR_LAV_PEN_2_TV_3(1.0),A,087004,RESPOP_AV,T,Y_GE15,TOTAL,ALL,12,ALL,ALL,2022,3748.32265736633,,,,,,,,ALL_N1,,,,,,,
IT1:DF_DCSS_ISTR_LAV_PEN_2_TV_3(1.0),A,087004,RESPOP_AV,T,Y_GE15,TOTAL,ALL,12,ALL,ALL,2023,3051.3018954376444,,,,,,,,ALL_N1,,,,,,,
IT1:DF_DCSS_ISTR_LAV_PEN_2_TV_3(1.0),A,087004,RESPOP_AV,T,Y_GE15,TOTAL,ALL,12,ALL,ALL,2024,2723.014921148277,,,,,,,,ALL_N1,,,,,,,
IT1:DF_DCSS_ISTR_LAV_PEN_2_TV_3(1.0),A,087004,RESPOP_AV,T,Y_GE15,TOTAL,ALL,22,ALL,ALL,2018,21717,,,,,,,,ALL_N1,,,,,,,
IT1:DF_DCSS_ISTR_LAV_PEN_2_TV_3(1.0),A,087004,RESPOP_AV,T,Y_GE15,TOTAL,ALL,22,ALL,ALL,2019,21755,,,,,,,,ALL_N1,,,,,,,
IT1:DF_DCSS_ISTR_LAV_PEN_2_TV_3(1.0),A,087004,RESPOP_AV,T,Y_GE15,TOTAL,ALL,22,ALL,ALL,2021,19743.8631562003,,,,,,,,ALL_N1,,,,,,,
IT1:DF_DCSS_ISTR_LAV_PEN_2_TV_3(1.0),A,087004,RESPOP_AV,T,Y_GE15,TOTAL,ALL,22,ALL,ALL,2022,20464.3226573663,,,,,,,,ALL_N1,,,,,,,
IT1:DF_DCSS_ISTR_LAV_PEN_2_TV_3(1.0),A,087004,RESPOP_AV,T,Y_GE15,TOTAL,ALL,22,ALL,ALL,2023,20335.301895437646,,,,,,,,ALL_N1,,,,,,,
IT1:DF_DCSS_ISTR_LAV_PEN_2_TV_3(1.0),A,087004,RESPOP_AV,T,Y_GE15,TOTAL,ALL,22,ALL,ALL,2024,20597.01492114828,,,,,,,,ALL_N1,,,,,,,
IT1:DF_DCSS_ISTR_LAV_PEN_2_TV_3(1.0),A,087004,RESPOP_AV,T,Y_GE15,TOTAL,ALL,23,ALL,ALL,2018,22923,,,,,,,,ALL_N1,,,,,,,
IT1:DF_DCSS_ISTR_LAV_PEN_2_TV_3(1.0),A,087004,RESPOP_AV,T,Y_GE15,TOTAL,ALL,23,ALL,ALL,2019,22820,,,,,,,,ALL_N1,,,,,,,
IT1:DF_DCSS_ISTR_LAV_PEN_2_TV_3(1.0),A,087004,RESPOP_AV,T,Y_GE15,TOTAL,ALL,23,ALL,ALL,2021,24533.1368437997,,,,,,,,ALL_N1,,,,,,,
IT1:DF_DCSS_ISTR_LAV_PEN_2_TV_3(1.0),A,087004,RESPOP_AV,T,Y_GE15,TOTAL,ALL,23,ALL,ALL,2022,23726.6773426337,,,,,,,,ALL_N1,,,,,,,
IT1:DF_DCSS_ISTR_LAV_PEN_2_TV_3(1.0),A,087004,RESPOP_AV,T,Y_GE15,TOTAL,ALL,23,ALL,ALL,2023,23842.698104562354,,,,,,,,ALL_N1,,,,,,,
IT1:DF_DCSS_ISTR_LAV_PEN_2_TV_3(1.0),A,087004,RESPOP_AV,T,Y_GE15,TOTAL,ALL,23,ALL,ALL,2024,23747.985078851725,,,,,,,,ALL_N1,,,,,,,
IT1:DF_DCSS_ISTR_LAV_PEN_2_TV_3(1.0),A,087004,RESPOP_AV,T,Y_GE15,TOTAL,ALL,24,ALL,ALL,2018,7677,,,,,,,,ALL_N1,,,,,,,
IT1:DF_DCSS_ISTR_LAV_PEN_2_TV_3(1.0),A,087004,RESPOP_AV,T,Y_GE15,TOTAL,ALL,24,ALL,ALL,2019,8294,,,,,,,,ALL_N1,,,,,,,
IT1:DF_DCSS_ISTR_LAV_PEN_2_TV_3(1.0),A,087004,RESPOP_AV,T,Y_GE15,TOTAL,ALL,24,ALL,ALL,2021,8682.3739430519,,,,,,,,ALL_N1,,,,,,,
IT1:DF_DCSS_ISTR_LAV_PEN_2_TV_3(1.0),A,087004,RESPOP_AV,T,Y_GE15,TOTAL,ALL,24,ALL,ALL,2022,8417.87708978237,,,,,,,,ALL_N1,,,,,,,
IT1:DF_DCSS_ISTR_LAV_PEN_2_TV_3(1.0),A,087004,RESPOP_AV,T,Y_GE15,TOTAL,ALL,24,ALL,ALL,2023,8719.17372465642,,,,,,,,ALL_N1,,,,,,,
IT1:DF_DCSS_ISTR_LAV_PEN_2_TV_3(1.0),A,087004,RESPOP_AV,T,Y_GE15,TOTAL,ALL,24,ALL,ALL,2024,8817.812109213983,,,,,,,,ALL_N1,,,,,,,
IT1:DF_DCSS_ISTR_LAV_PEN_2_TV_3(1.0),A,087004,RESPOP_AV,T,Y_GE15,TOTAL,ALL,4,ALL,ALL,2018,7152,,,,,,,,ALL_N1,,,,,,,
IT1:DF_DCSS_ISTR_LAV_PEN_2_TV_3(1.0),A,087004,RESPOP_AV,T,Y_GE15,TOTAL,ALL,4,ALL,ALL,2019,7124,,,,,,,,ALL_N1,,,,,,,
IT1:DF_DCSS_ISTR_LAV_PEN_2_TV_3(1.0),A,087004,RESPOP_AV,T,Y_GE15,TOTAL,ALL,4,ALL,ALL,2021,7431.19568382091,,,,,,,,ALL_N1,,,,,,,
IT1:DF_DCSS_ISTR_LAV_PEN_2_TV_3(1.0),A,087004,RESPOP_AV,T,Y_GE15,TOTAL,ALL,4,ALL,ALL,2022,7341.71935145841,,,,,,,,ALL_N1,,,,,,,
IT1:DF_DCSS_ISTR_LAV_PEN_2_TV_3(1.0),A,087004,RESPOP_AV,T,Y_GE15,TOTAL,ALL,4,ALL,ALL,2023,7397.5093928455135,,,,,,,,ALL_N1,,,,,,,
IT1:DF_DCSS_ISTR_LAV_PEN_2_TV_3(1.0),A,087004,RESPOP_AV,T,Y_GE15,TOTAL,ALL,4,ALL,ALL,2024,7184.088261628627,,,,,,,,ALL_N1,,,,,,,
IT1:DF_DCSS_ISTR_LAV_PEN_2_TV_3(1.0),A,087004,RESPOP_AV,T,Y_GE15,TOTAL,ALL,5,ALL,ALL,2018,3712,,,,,,,,ALL_N1,,,,,,,
IT1:DF_DCSS_ISTR_LAV_PEN_2_TV_3(1.0),A,087004,RESPOP_AV,T,Y_GE15,TOTAL,ALL,5,ALL,ALL,2019,3964,,,,,,,,ALL_N1,,,,,,,
IT1:DF_DCSS_ISTR_LAV_PEN_2_TV_3(1.0),A,087004,RESPOP_AV,T,Y_GE15,TOTAL,ALL,5,ALL,ALL,2021,3885.8270613961,,,,,,,,ALL_N1,,,,,,,
IT1:DF_DCSS_ISTR_LAV_PEN_2_TV_3(1.0),A,087004,RESPOP_AV,T,Y_GE15,TOTAL,ALL,5,ALL,ALL,2022,3855.00824028736,,,,,,,,ALL_N1,,,,,,,
IT1:DF_DCSS_ISTR_LAV_PEN_2_TV_3(1.0),A,087004,RESPOP_AV,T,Y_GE15,TOTAL,ALL,5,ALL,ALL,2023,3873.3482068531225,,,,,,,,ALL_N1,,,,,,,
IT1:DF_DCSS_ISTR_LAV_PEN_2_TV_3(1.0),A,087004,RESPOP_AV,T,Y_GE15,TOTAL,ALL,5,ALL,ALL,2024,3904.0718921195357,,,,,,,,ALL_N1,,,,,,,
IT1:DF_DCSS_ISTR_LAV_PEN_2_TV_3(1.0),A,087004,RESPOP_AV,T,Y_GE15,TOTAL,ALL,7,ALL,ALL,2018,4382,,,,,,,,ALL_N1,,,,,,,
IT1:DF_DCSS_ISTR_LAV_PEN_2_TV_3(1.0),A,087004,RESPOP_AV,T,Y_GE15,TOTAL,ALL,7,ALL,ALL,2019,3438,,,,,,,,ALL_N1,,,,,,,
IT1:DF_DCSS_ISTR_LAV_PEN_2_TV_3(1.0),A,087004,RESPOP_AV,T,Y_GE15,TOTAL,ALL,7,ALL,ALL,2021,4533.74015553082,,,,,,,,ALL_N1,,,,,,,
IT1:DF_DCSS_ISTR_LAV_PEN_2_TV_3(1.0),A,087004,RESPOP_AV,T,Y_GE15,TOTAL,ALL,7,ALL,ALL,2022,4112.07266110552,,,,,,,,ALL_N1,,,,,,,
IT1:DF_DCSS_ISTR_LAV_PEN_2_TV_3(1.0),A,087004,RESPOP_AV,T,Y_GE15,TOTAL,ALL,7,ALL,ALL,2023,3852.6667802073,,,,,,,,ALL_N1,,,,,,,
IT1:DF_DCSS_ISTR_LAV_PEN_2_TV_3(1.0),A,087004,RESPOP_AV,T,Y_GE15,TOTAL,ALL,7,ALL,ALL,2024,3842.0128158895777,,,,,,,,ALL_N1,,,,,,,
IT1:DF_DCSS_ISTR_LAV_PEN_2_TV_3(1.0),A,087004,RESPOP_AV,T,Y_GE15,TOTAL,ALL,99,ALL,ALL,2018,44640,,,,,,,,ALL_N1,99_N1,,,,,,
IT1:DF_DCSS_ISTR_LAV_PEN_2_TV_3(1.0),A,087004,RESPOP_AV,T,Y_GE15,TOTAL,ALL,99,ALL,ALL,2019,44574,,,,,,,,ALL_N1,99_N1,,,,,,
IT1:DF_DCSS_ISTR_LAV_PEN_2_TV_3(1.0),A,087004,RESPOP_AV,T,Y_GE15,TOTAL,ALL,99,ALL,ALL,2021,44277,,,,,,,,ALL_N1,99_N1,,,,,,
IT1:DF_DCSS_ISTR_LAV_PEN_2_TV_3(1.0),A,087004,RESPOP_AV,T,Y_GE15,TOTAL,ALL,99,ALL,ALL,2022,44191,,,,,,,,ALL_N1,99_N1,,,,,,
IT1:DF_DCSS_ISTR_LAV_PEN_2_TV_3(1.0),A,087004,RESPOP_AV,T,Y_GE15,TOTAL,ALL,99,ALL,ALL,2023,44178,,,,,,,,ALL_N1,99_N1,,,,,,
IT1:DF_DCSS_ISTR_LAV_PEN_2_TV_3(1.0),A,087004,RESPOP_AV,T,Y_GE15,TOTAL,ALL,99,ALL,ALL,2024,44345,,,,,,,,ALL_N1,99_N1,,,,,,
IT1:DF_DCSS_ISTR_LAV_PEN_2_TV_3(1.0),A,087005,RESPOP_AV,F,Y_GE15,TOTAL,ALL,1,ALL,ALL,2018,2147,,,,,,,,ALL_N1,,,,,,,
IT1:DF_DCSS_ISTR_LAV_PEN_2_TV_3(1.0),A,087005,RESPOP_AV,F,Y_GE15,TOTAL,ALL,1,ALL,ALL,2019,2170,,,,,,,,ALL_N1,,,,,,,
IT1:DF_DCSS_ISTR_LAV_PEN_2_TV_3(1.0),A,087005,RESPOP_AV,F,Y_GE15,TOTAL,ALL,1,ALL,ALL,2021,2302,,,,,,,,ALL_N1,,,,,,,
IT1:DF_DCSS_ISTR_LAV_PEN_2_TV_3(1.0),A,087005,RESPOP_AV,F,Y_GE15,TOTAL,ALL,1,ALL,ALL,2022,2375,,,,,,,,ALL_N1,,,,,,,
IT1:DF_DCSS_ISTR_LAV_PEN_2_TV_3(1.0),A,087005,RESPOP_AV,F,Y_GE15,TOTAL,ALL,1,ALL,ALL,2023,2497,,,,,,,,ALL_N1,,,,,,,
IT1:DF_DCSS_ISTR_LAV_PEN_2_TV_3(1.0),A,087005,RESPOP_AV,F,Y_GE15,TOTAL,ALL,1,ALL,ALL,2024,2545,,,,,,,,ALL_N1,,,,,,,
IT1:DF_DCSS_ISTR_LAV_PEN_2_TV_3(1.0),A,087005,RESPOP_AV,F,Y_GE15,TOTAL,ALL,12,ALL,ALL,2018,1098,,,,,,,,ALL_N1,,,,,,,
IT1:DF_DCSS_ISTR_LAV_PEN_2_TV_3(1.0),A,087005,RESPOP_AV,F,Y_GE15,TOTAL,ALL,12,ALL,ALL,2019,1067,,,,,,,,ALL_N1,,,,,,,
IT1:DF_DCSS_ISTR_LAV_PEN_2_TV_3(1.0),A,087005,RESPOP_AV,F,Y_GE15,TOTAL,ALL,12,ALL,ALL,2021,608.366723588268,,,,,,,,ALL_N1,,,,,,,
IT1:DF_DCSS_ISTR_LAV_PEN_2_TV_3(1.0),A,087005,RESPOP_AV,F,Y_GE15,TOTAL,ALL,12,ALL,ALL,2022,779.970306146266,,,,,,,,ALL_N1,,,,,,,
IT1:DF_DCSS_ISTR_LAV_PEN_2_TV_3(1.0),A,087005,RESPOP_AV,F,Y_GE15,TOTAL,ALL,12,ALL,ALL,2023,569.2234326131539,,,,,,,,ALL_N1,,,,,,,
IT1:DF_DCSS_ISTR_LAV_PEN_2_TV_3(1.0),A,087005,RESPOP_AV,F,Y_GE15,TOTAL,ALL,12,ALL,ALL,2024,571.1694252002125,,,,,,,,ALL_N1,,,,,,,
IT1:DF_DCSS_ISTR_LAV_PEN_2_TV_3(1.0),A,087005,RESPOP_AV,F,Y_GE15,TOTAL,ALL,22,ALL,ALL,2018,3245,,,,,,,,ALL_N1,,,,,,,
IT1:DF_DCSS_ISTR_LAV_PEN_2_TV_3(1.0),A,087005,RESPOP_AV,F,Y_GE15,TOTAL,ALL,22,ALL,ALL,2019,3237,,,,,,,,ALL_N1,,,,,,,
IT1:DF_DCSS_ISTR_LAV_PEN_2_TV_3(1.0),A,087005,RESPOP_AV,F,Y_GE15,TOTAL,ALL,22,ALL,ALL,2021,2910.36672358827,,,,,,,,ALL_N1,,,,,,,
IT1:DF_DCSS_ISTR_LAV_PEN_2_TV_3(1.0),A,087005,RESPOP_AV,F,Y_GE15,TOTAL,ALL,22,ALL,ALL,2022,3154.97030614627,,,,,,,,ALL_N1,,,,,,,
IT1:DF_DCSS_ISTR_LAV_PEN_2_TV_3(1.0),A,087005,RESPOP_AV,F,Y_GE15,TOTAL,ALL,22,ALL,ALL,2023,3066.223432613154,,,,,,,,ALL_N1,,,,,,,
IT1:DF_DCSS_ISTR_LAV_PEN_2_TV_3(1.0),A,087005,RESPOP_AV,F,Y_GE15,TOTAL,ALL,22,ALL,ALL,2024,3116.1694252002126,,,,,,,,ALL_N1,,,,,,,
IT1:DF_DCSS_ISTR_LAV_PEN_2_TV_3(1.0),A,087005,RESPOP_AV,F,Y_GE15,TOTAL,ALL,23,ALL,ALL,2018,4420,,,,,,,,ALL_N1,,,,,,,
IT1:DF_DCSS_ISTR_LAV_PEN_2_TV_3(1.0),A,087005,RESPOP_AV,F,Y_GE15,TOTAL,ALL,23,ALL,ALL,2019,4426,,,,,,,,ALL_N1,,,,,,,
IT1:DF_DCSS_ISTR_LAV_PEN_2_TV_3(1.0),A,087005,RESPOP_AV,F,Y_GE15,TOTAL,ALL,23,ALL,ALL,2021,4837.63327641173,,,,,,,,ALL_N1,,,,,,,
IT1:DF_DCSS_ISTR_LAV_PEN_2_TV_3(1.0),A,087005,RESPOP_AV,F,Y_GE15,TOTAL,ALL,23,ALL,ALL,2022,4627.02969385373,,,,,,,,ALL_N1,,,,,,,
IT1:DF_DCSS_ISTR_LAV_PEN_2_TV_3(1.0),A,087005,RESPOP_AV,F,Y_GE15,TOTAL,ALL,23,ALL,ALL,2023,4732.776567386846,,,,,,,,ALL_N1,,,,,,,
IT1:DF_DCSS_ISTR_LAV_PEN_2_TV_3(1.0),A,087005,RESPOP_AV,F,Y_GE15,TOTAL,ALL,23,ALL,ALL,2024,4731.830574799787,,,,,,,,ALL_N1,,,,,,,
IT1:DF_DCSS_ISTR_LAV_PEN_2_TV_3(1.0),A,087005,RESPOP_AV,F,Y_GE15,TOTAL,ALL,24,ALL,ALL,2018,723,,,,,,,,ALL_N1,,,,,,,
IT1:DF_DCSS_ISTR_LAV_PEN_2_TV_3(1.0),A,087005,RESPOP_AV,F,Y_GE15,TOTAL,ALL,24,ALL,ALL,2019,747,,,,,,,,ALL_N1,,,,,,,
IT1:DF_DCSS_ISTR_LAV_PEN_2_TV_3(1.0),A,087005,RESPOP_AV,F,Y_GE15,TOTAL,ALL,24,ALL,ALL,2021,882.938346705527,,,,,,,,ALL_N1,,,,,,,
IT1:DF_DCSS_ISTR_LAV_PEN_2_TV_3(1.0),A,087005,RESPOP_AV,F,Y_GE15,TOTAL,ALL,24,ALL,ALL,2022,826.307131442919,,,,,,,,ALL_N1,,,,,,,
IT1:DF_DCSS_ISTR_LAV_PEN_2_TV_3(1.0),A,087005,RESPOP_AV,F,Y_GE15,TOTAL,ALL,24,ALL,ALL,2023,950.4498367661553,,,,,,,,ALL_N1,,,,,,,
IT1:DF_DCSS_ISTR_LAV_PEN_2_TV_3(1.0),A,087005,RESPOP_AV,F,Y_GE15,TOTAL,ALL,24,ALL,ALL,2024,1014.6256384452785,,,,,,,,ALL_N1,,,,,,,
IT1:DF_DCSS_ISTR_LAV_PEN_2_TV_3(1.0),A,087005,RESPOP_AV,F,Y_GE15,TOTAL,ALL,4,ALL,ALL,2018,2489,,,,,,,,ALL_N1,,,,,,,
IT1:DF_DCSS_ISTR_LAV_PEN_2_TV_3(1.0),A,087005,RESPOP_AV,F,Y_GE15,TOTAL,ALL,4,ALL,ALL,2019,2548,,,,,,,,ALL_N1,,,,,,,
IT1:DF_DCSS_ISTR_LAV_PEN_2_TV_3(1.0),A,087005,RESPOP_AV,F,Y_GE15,TOTAL,ALL,4,ALL,ALL,2021,2656.5956931462,,,,,,,,ALL_N1,,,,,,,
IT1:DF_DCSS_ISTR_LAV_PEN_2_TV_3(1.0),A,087005,RESPOP_AV,F,Y_GE15,TOTAL,ALL,4,ALL,ALL,2022,2541.59892805749,,,,,,,,ALL_N1,,,,,,,
IT1:DF_DCSS_ISTR_LAV_PEN_2_TV_3(1.0),A,087005,RESPOP_AV,F,Y_GE15,TOTAL,ALL,4,ALL,ALL,2023,2554.619319096961,,,,,,,,ALL_N1,,,,,,,
IT1:DF_DCSS_ISTR_LAV_PEN_2_TV_3(1.0),A,087005,RESPOP_AV,F,Y_GE15,TOTAL,ALL,4,ALL,ALL,2024,2496.1788105979635,,,,,,,,ALL_N1,,,,,,,
IT1:DF_DCSS_ISTR_LAV_PEN_2_TV_3(1.0),A,087005,RESPOP_AV,F,Y_GE15,TOTAL,ALL,5,ALL,ALL,2018,765,,,,,,,,ALL_N1,,,,,,,
IT1:DF_DCSS_ISTR_LAV_PEN_2_TV_3(1.0),A,087005,RESPOP_AV,F,Y_GE15,TOTAL,ALL,5,ALL,ALL,2019,766,,,,,,,,ALL_N1,,,,,,,
IT1:DF_DCSS_ISTR_LAV_PEN_2_TV_3(1.0),A,087005,RESPOP_AV,F,Y_GE15,TOTAL,ALL,5,ALL,ALL,2021,748.40879784114,,,,,,,,ALL_N1,,,,,,,
IT1:DF_DCSS_ISTR_LAV_PEN_2_TV_3(1.0),A,087005,RESPOP_AV,F,Y_GE15,TOTAL,ALL,5,ALL,ALL,2022,740.900652485067,,,,,,,,ALL_N1,,,,,,,
IT1:DF_DCSS_ISTR_LAV_PEN_2_TV_3(1.0),A,087005,RESPOP_AV,F,Y_GE15,TOTAL,ALL,5,ALL,ALL,2023,751.7990249491512,,,,,,,,ALL_N1,,,,,,,
IT1:DF_DCSS_ISTR_LAV_PEN_2_TV_3(1.0),A,087005,RESPOP_AV,F,Y_GE15,TOTAL,ALL,5,ALL,ALL,2024,760.544539125631,,,,,,,,ALL_N1,,,,,,,
IT1:DF_DCSS_ISTR_LAV_PEN_2_TV_3(1.0),A,087005,RESPOP_AV,F,Y_GE15,TOTAL,ALL,7,ALL,ALL,2018,444,,,,,,,,ALL_N1,,,,,,,
IT1:DF_DCSS_ISTR_LAV_PEN_2_TV_3(1.0),A,087005,RESPOP_AV,F,Y_GE15,TOTAL,ALL,7,ALL,ALL,2019,365,,,,,,,,ALL_N1,,,,,,,
IT1:DF_DCSS_ISTR_LAV_PEN_2_TV_3(1.0),A,087005,RESPOP_AV,F,Y_GE15,TOTAL,ALL,7,ALL,ALL,2021,549.690438718867,,,,,,,,ALL_N1,,,,,,,
IT1:DF_DCSS_ISTR_LAV_PEN_2_TV_3(1.0),A,087005,RESPOP_AV,F,Y_GE15,TOTAL,ALL,7,ALL,ALL,2022,518.222981868259,,,,,,,,ALL_N1,,,,,,,
IT1:DF_DCSS_ISTR_LAV_PEN_2_TV_3(1.0),A,087005,RESPOP_AV,F,Y_GE15,TOTAL,ALL,7,ALL,ALL,2023,475.90838657457846,,,,,,,,ALL_N1,,,,,,,
IT1:DF_DCSS_ISTR_LAV_PEN_2_TV_3(1.0),A,087005,RESPOP_AV,F,Y_GE15,TOTAL,ALL,7,ALL,ALL,2024,460.4815866309143,,,,,,,,ALL_N1,,,,,,,
IT1:DF_DCSS_ISTR_LAV_PEN_2_TV_3(1.0),A,087005,RESPOP_AV,F,Y_GE15,TOTAL,ALL,99,ALL,ALL,2018,7665,,,,,,,,ALL_N1,99_N1,,,,,,
IT1:DF_DCSS_ISTR_LAV_PEN_2_TV_3(1.0),A,087005,RESPOP_AV,F,Y_GE15,TOTAL,ALL,99,ALL,ALL,2019,7663,,,,,,,,ALL_N1,99_N1,,,,,,
IT1:DF_DCSS_ISTR_LAV_PEN_2_TV_3(1.0),A,087005,RESPOP_AV,F,Y_GE15,TOTAL,ALL,99,ALL,ALL,2021,7748,,,,,,,,ALL_N1,99_N1,,,,,,
IT1:DF_DCSS_ISTR_LAV_PEN_2_TV_3(1.0),A,087005,RESPOP_AV,F,Y_GE15,TOTAL,ALL,99,ALL,ALL,2022,7782,,,,,,,,ALL_N1,99_N1,,,,,,
IT1:DF_DCSS_ISTR_LAV_PEN_2_TV_3(1.0),A,087005,RESPOP_AV,F,Y_GE15,TOTAL,ALL,99,ALL,ALL,2023,7799,,,,,,,,ALL_N1,99_N1,,,,,,
IT1:DF_DCSS_ISTR_LAV_PEN_2_TV_3(1.0),A,087005,RESPOP_AV,F,Y_GE15,TOTAL,ALL,99,ALL,ALL,2024,7848,,,,,,,,ALL_N1,99_N1,,,,,,
IT1:DF_DCSS_ISTR_LAV_PEN_2_TV_3(1.0),A,087005,RESPOP_AV,M,Y_GE15,TOTAL,ALL,1,ALL,ALL,2018,3675,,,,,,,,ALL_N1,,,,,,,
IT1:DF_DCSS_ISTR_LAV_PEN_2_TV_3(1.0),A,087005,RESPOP_AV,M,Y_GE15,TOTAL,ALL,1,ALL,ALL,2019,3704,,,,,,,,ALL_N1,,,,,,,
IT1:DF_DCSS_ISTR_LAV_PEN_2_TV_3(1.0),A,087005,RESPOP_AV,M,Y_GE15,TOTAL,ALL,1,ALL,ALL,2021,3778,,,,,,,,ALL_N1,,,,,,,
IT1:DF_DCSS_ISTR_LAV_PEN_2_TV_3(1.0),A,087005,RESPOP_AV,M,Y_GE15,TOTAL,ALL,1,ALL,ALL,2022,3808,,,,,,,,ALL_N1,,,,,,,
IT1:DF_DCSS_ISTR_LAV_PEN_2_TV_3(1.0),A,087005,RESPOP_AV,M,Y_GE15,TOTAL,ALL,1,ALL,ALL,2023,3924,,,,,,,,ALL_N1,,,,,,,
IT1:DF_DCSS_ISTR_LAV_PEN_2_TV_3(1.0),A,087005,RESPOP_AV,M,Y_GE15,TOTAL,ALL,1,ALL,ALL,2024,4040,,,,,,,,ALL_N1,,,,,,,
IT1:DF_DCSS_ISTR_LAV_PEN_2_TV_3(1.0),A,087005,RESPOP_AV,M,Y_GE15,TOTAL,ALL,12,ALL,ALL,2018,1213,,,,,,,,ALL_N1,,,,,,,
IT1:DF_DCSS_ISTR_LAV_PEN_2_TV_3(1.0),A,087005,RESPOP_AV,M,Y_GE15,TOTAL,ALL,12,ALL,ALL,2019,1194,,,,,,,,ALL_N1,,,,,,,
IT1:DF_DCSS_ISTR_LAV_PEN_2_TV_3(1.0),A,087005,RESPOP_AV,M,Y_GE15,TOTAL,ALL,12,ALL,ALL,2021,706.578904096282,,,,,,,,ALL_N1,,,,,,,
IT1:DF_DCSS_ISTR_LAV_PEN_2_TV_3(1.0),A,087005,RESPOP_AV,M,Y_GE15,TOTAL,ALL,12,ALL,ALL,2022,859.417424526707,,,,,,,,ALL_N1,,,,,,,
IT1:DF_DCSS_ISTR_LAV_PEN_2_TV_3(1.0),A,087005,RESPOP_AV,M,Y_GE15,TOTAL,ALL,12,ALL,ALL,2023,637.7962833445507,,,,,,,,ALL_N1,,,,,,,
IT1:DF_DCSS_ISTR_LAV_PEN_2_TV_3(1.0),A,087005,RESPOP_AV,M,Y_GE15,TOTAL,ALL,12,ALL,ALL,2024,617.5683729567977,,,,,,,,ALL_N1,,,,,,,
IT1:DF_DCSS_ISTR_LAV_PEN_2_TV_3(1.0),A,087005,RESPOP_AV,M,Y_GE15,TOTAL,ALL,22,ALL,ALL,2018,4888,,,,,,,,ALL_N1,,,,,,,
IT1:DF_DCSS_ISTR_LAV_PEN_2_TV_3(1.0),A,087005,RESPOP_AV,M,Y_GE15,TOTAL,ALL,22,ALL,ALL,2019,4898,,,,,,,,ALL_N1,,,,,,,
IT1:DF_DCSS_ISTR_LAV_PEN_2_TV_3(1.0),A,087005,RESPOP_AV,M,Y_GE15,TOTAL,ALL,22,ALL,ALL,2021,4484.57890409628,,,,,,,,ALL_N1,,,,,,,
IT1:DF_DCSS_ISTR_LAV_PEN_2_TV_3(1.0),A,087005,RESPOP_AV,M,Y_GE15,TOTAL,ALL,22,ALL,ALL,2022,4667.41742452671,,,,,,,,ALL_N1,,,,,,,
IT1:DF_DCSS_ISTR_LAV_PEN_2_TV_3(1.0),A,087005,RESPOP_AV,M,Y_GE15,TOTAL,ALL,22,ALL,ALL,2023,4561.796283344551,,,,,,,,ALL_N1,,,,,,,
IT1:DF_DCSS_ISTR_LAV_PEN_2_TV_3(1.0),A,087005,RESPOP_AV,M,Y_GE15,TOTAL,ALL,22,ALL,ALL,2024,4657.568372956798,,,,,,,,ALL_N1,,,,,,,
IT1:DF_DCSS_ISTR_LAV_PEN_2_TV_3(1.0),A,087005,RESPOP_AV,M,Y_GE15,TOTAL,ALL,23,ALL,ALL,2018,2486,,,,,,,,ALL_N1,,,,,,,
IT1:DF_DCSS_ISTR_LAV_PEN_2_TV_3(1.0),A,087005,RESPOP_AV,M,Y_GE15,TOTAL,ALL,23,ALL,ALL,2019,2488,,,,,,,,ALL_N1,,,,,,,
IT1:DF_DCSS_ISTR_LAV_PEN_2_TV_3(1.0),A,087005,RESPOP_AV,M,Y_GE15,TOTAL,ALL,23,ALL,ALL,2021,3043.42109590372,,,,,,,,ALL_N1,,,,,,,
IT1:DF_DCSS_ISTR_LAV_PEN_2_TV_3(1.0),A,087005,RESPOP_AV,M,Y_GE15,TOTAL,ALL,23,ALL,ALL,2022,2867.58257547329,,,,,,,,ALL_N1,,,,,,,
IT1:DF_DCSS_ISTR_LAV_PEN_2_TV_3(1.0),A,087005,RESPOP_AV,M,Y_GE15,TOTAL,ALL,23,ALL,ALL,2023,3000.2037166554496,,,,,,,,ALL_N1,,,,,,,
IT1:DF_DCSS_ISTR_LAV_PEN_2_TV_3(1.0),A,087005,RESPOP_AV,M,Y_GE15,TOTAL,ALL,23,ALL,ALL,2024,2927.4316270432023,,,,,,,,ALL_N1,,,,,,,
IT1:DF_DCSS_ISTR_LAV_PEN_2_TV_3(1.0),A,087005,RESPOP_AV,M,Y_GE15,TOTAL,ALL,24,ALL,ALL,2018,1101,,,,,,,,ALL_N1,,,,,,,
IT1:DF_DCSS_ISTR_LAV_PEN_2_TV_3(1.0),A,087005,RESPOP_AV,M,Y_GE15,TOTAL,ALL,24,ALL,ALL,2019,1181,,,,,,,,ALL_N1,,,,,,,
IT1:DF_DCSS_ISTR_LAV_PEN_2_TV_3(1.0),A,087005,RESPOP_AV,M,Y_GE15,TOTAL,ALL,24,ALL,ALL,2021,1324.77860782945,,,,,,,,ALL_N1,,,,,,,
IT1:DF_DCSS_ISTR_LAV_PEN_2_TV_3(1.0),A,087005,RESPOP_AV,M,Y_GE15,TOTAL,ALL,24,ALL,ALL,2022,1334.61453283125,,,,,,,,ALL_N1,,,,,,,
IT1:DF_DCSS_ISTR_LAV_PEN_2_TV_3(1.0),A,087005,RESPOP_AV,M,Y_GE15,TOTAL,ALL,24,ALL,ALL,2023,1442.9804186766496,,,,,,,,ALL_N1,,,,,,,
IT1:DF_DCSS_ISTR_LAV_PEN_2_TV_3(1.0),A,087005,RESPOP_AV,M,Y_GE15,TOTAL,ALL,24,ALL,ALL,2024,1485.9167062639315,,,,,,,,ALL_N1,,,,,,,
IT1:DF_DCSS_ISTR_LAV_PEN_2_TV_3(1.0),A,087005,RESPOP_AV,M,Y_GE15,TOTAL,ALL,4,ALL,ALL,2018,109,,,,,,,,ALL_N1,,,,,,,
IT1:DF_DCSS_ISTR_LAV_PEN_2_TV_3(1.0),A,087005,RESPOP_AV,M,Y_GE15,TOTAL,ALL,4,ALL,ALL,2019,124,,,,,,,,ALL_N1,,,,,,,
IT1:DF_DCSS_ISTR_LAV_PEN_2_TV_3(1.0),A,087005,RESPOP_AV,M,Y_GE15,TOTAL,ALL,4,ALL,ALL,2021,197.608334987159,,,,,,,,ALL_N1,,,,,,,
IT1:DF_DCSS_ISTR_LAV_PEN_2_TV_3(1.0),A,087005,RESPOP_AV,M,Y_GE15,TOTAL,ALL,4,ALL,ALL,2022,174.894567846673,,,,,,,,ALL_N1,,,,,,,
IT1:DF_DCSS_ISTR_LAV_PEN_2_TV_3(1.0),A,087005,RESPOP_AV,M,Y_GE15,TOTAL,ALL,4,ALL,ALL,2023,209.63693004752528,,,,,,,,ALL_N1,,,,,,,
IT1:DF_DCSS_ISTR_LAV_PEN_2_TV_3(1.0),A,087005,RESPOP_AV,M,Y_GE15,TOTAL,ALL,4,ALL,ALL,2024,167.16537185331842,,,,,,,,ALL_N1,,,,,,,
IT1:DF_DCSS_ISTR_LAV_PEN_2_TV_3(1.0),A,087005,RESPOP_AV,M,Y_GE15,TOTAL,ALL,5,ALL,ALL,2018,639,,,,,,,,ALL_N1,,,,,,,
IT1:DF_DCSS_ISTR_LAV_PEN_2_TV_3(1.0),A,087005,RESPOP_AV,M,Y_GE15,TOTAL,ALL,5,ALL,ALL,2019,652,,,,,,,,ALL_N1,,,,,,,
IT1:DF_DCSS_ISTR_LAV_PEN_2_TV_3(1.0),A,087005,RESPOP_AV,M,Y_GE15,TOTAL,ALL,5,ALL,ALL,2021,667.305110667596,,,,,,,,ALL_N1,,,,,,,
IT1:DF_DCSS_ISTR_LAV_PEN_2_TV_3(1.0),A,087005,RESPOP_AV,M,Y_GE15,TOTAL,ALL,5,ALL,ALL,2022,654.466407853723,,,,,,,,ALL_N1,,,,,,,
IT1:DF_DCSS_ISTR_LAV_PEN_2_TV_3(1.0),A,087005,RESPOP_AV,M,Y_GE15,TOTAL,ALL,5,ALL,ALL,2023,680.57813687347,,,,,,,,ALL_N1,,,,,,,
IT1:DF_DCSS_ISTR_LAV_PEN_2_TV_3(1.0),A,087005,RESPOP_AV,M,Y_GE15,TOTAL,ALL,5,ALL,ALL,2024,661.1985170731031,,,,,,,,ALL_N1,,,,,,,
IT1:DF_DCSS_ISTR_LAV_PEN_2_TV_3(1.0),A,087005,RESPOP_AV,M,Y_GE15,TOTAL,ALL,7,ALL,ALL,2018,637,,,,,,,,ALL_N1,,,,,,,
IT1:DF_DCSS_ISTR_LAV_PEN_2_TV_3(1.0),A,087005,RESPOP_AV,M,Y_GE15,TOTAL,ALL,7,ALL,ALL,2019,531,,,,,,,,ALL_N1,,,,,,,
IT1:DF_DCSS_ISTR_LAV_PEN_2_TV_3(1.0),A,087005,RESPOP_AV,M,Y_GE15,TOTAL,ALL,7,ALL,ALL,2021,853.729042419515,,,,,,,,ALL_N1,,,,,,,
IT1:DF_DCSS_ISTR_LAV_PEN_2_TV_3(1.0),A,087005,RESPOP_AV,M,Y_GE15,TOTAL,ALL,7,ALL,ALL,2022,703.607066941642,,,,,,,,ALL_N1,,,,,,,
IT1:DF_DCSS_ISTR_LAV_PEN_2_TV_3(1.0),A,087005,RESPOP_AV,M,Y_GE15,TOTAL,ALL,7,ALL,ALL,2023,667.0082310578048,,,,,,,,ALL_N1,,,,,,,
IT1:DF_DCSS_ISTR_LAV_PEN_2_TV_3(1.0),A,087005,RESPOP_AV,M,Y_GE15,TOTAL,ALL,7,ALL,ALL,2024,613.1510318528495,,,,,,,,ALL_N1,,,,,,,
IT1:DF_DCSS_ISTR_LAV_PEN_2_TV_3(1.0),A,087005,RESPOP_AV,M,Y_GE15,TOTAL,ALL,99,ALL,ALL,2018,7374,,,,,,,,ALL_N1,99_N1,,,,,,
IT1:DF_DCSS_ISTR_LAV_PEN_2_TV_3(1.0),A,087005,RESPOP_AV,M,Y_GE15,TOTAL,ALL,99,ALL,ALL,2019,7386,,,,,,,,ALL_N1,99_N1,,,,,,
IT1:DF_DCSS_ISTR_LAV_PEN_2_TV_3(1.0),A,087005,RESPOP_AV,M,Y_GE15,TOTAL,ALL,99,ALL,ALL,2021,7528,,,,,,,,ALL_N1,99_N1,,,,,,
IT1:DF_DCSS_ISTR_LAV_PEN_2_TV_3(1.0),A,087005,RESPOP_AV,M,Y_GE15,TOTAL,ALL,99,ALL,ALL,2022,7535,,,,,,,,ALL_N1,99_N1,,,,,,
IT1:DF_DCSS_ISTR_LAV_PEN_2_TV_3(1.0),A,087005,RESPOP_AV,M,Y_GE15,TOTAL,ALL,99,ALL,ALL,2023,7562,,,,,,,,ALL_N1,99_N1,,,,,,
IT1:DF_DCSS_ISTR_LAV_PEN_2_TV_3(1.0),A,087005,RESPOP_AV,M,Y_GE15,TOTAL,ALL,99,ALL,ALL,2024,7585,,,,,,,,ALL_N1,99_N1,,,,,,
IT1:DF_DCSS_ISTR_LAV_PEN_2_TV_3(1.0),A,087005,RESPOP_AV,T,Y_GE15,TOTAL,ALL,1,ALL,ALL,2018,5822,,,,,,,,ALL_N1,,,,,,,
IT1:DF_DCSS_ISTR_LAV_PEN_2_TV_3(1.0),A,087005,RESPOP_AV,T,Y_GE15,TOTAL,ALL,1,ALL,ALL,2019,5874,,,,,,,,ALL_N1,,,,,,,
IT1:DF_DCSS_ISTR_LAV_PEN_2_TV_3(1.0),A,087005,RESPOP_AV,T,Y_GE15,TOTAL,ALL,1,ALL,ALL,2021,6080,,,,,,,,ALL_N1,,,,,,,
IT1:DF_DCSS_ISTR_LAV_PEN_2_TV_3(1.0),A,087005,RESPOP_AV,T,Y_GE15,TOTAL,ALL,1,ALL,ALL,2022,6183,,,,,,,,ALL_N1,,,,,,,
IT1:DF_DCSS_ISTR_LAV_PEN_2_TV_3(1.0),A,087005,RESPOP_AV,T,Y_GE15,TOTAL,ALL,1,ALL,ALL,2023,6421,,,,,,,,ALL_N1,,,,,,,
IT1:DF_DCSS_ISTR_LAV_PEN_2_TV_3(1.0),A,087005,RESPOP_AV,T,Y_GE15,TOTAL,ALL,1,ALL,ALL,2024,6585,,,,,,,,ALL_N1,,,,,,,
IT1:DF_DCSS_ISTR_LAV_PEN_2_TV_3(1.0),A,087005,RESPOP_AV,T,Y_GE15,TOTAL,ALL,12,ALL,ALL,2018,2311,,,,,,,,ALL_N1,,,,,,,
IT1:DF_DCSS_ISTR_LAV_PEN_2_TV_3(1.0),A,087005,RESPOP_AV,T,Y_GE15,TOTAL,ALL,12,ALL,ALL,2019,2261,,,,,,,,ALL_N1,,,,,,,
IT1:DF_DCSS_ISTR_LAV_PEN_2_TV_3(1.0),A,087005,RESPOP_AV,T,Y_GE15,TOTAL,ALL,12,ALL,ALL,2021,1314.94562768455,,,,,,,,ALL_N1,,,,,,,
IT1:DF_DCSS_ISTR_LAV_PEN_2_TV_3(1.0),A,087005,RESPOP_AV,T,Y_GE15,TOTAL,ALL,12,ALL,ALL,2022,1639.38773067297,,,,,,,,ALL_N1,,,,,,,
IT1:DF_DCSS_ISTR_LAV_PEN_2_TV_3(1.0),A,087005,RESPOP_AV,T,Y_GE15,TOTAL,ALL,12,ALL,ALL,2023,1207.0197159577046,,,,,,,,ALL_N1,,,,,,,
IT1:DF_DCSS_ISTR_LAV_PEN_2_TV_3(1.0),A,087005,RESPOP_AV,T,Y_GE15,TOTAL,ALL,12,ALL,ALL,2024,1188.7377981570103,,,,,,,,ALL_N1,,,,,,,
IT1:DF_DCSS_ISTR_LAV_PEN_2_TV_3(1.0),A,087005,RESPOP_AV,T,Y_GE15,TOTAL,ALL,22,ALL,ALL,2018,8133,,,,,,,,ALL_N1,,,,,,,
IT1:DF_DCSS_ISTR_LAV_PEN_2_TV_3(1.0),A,087005,RESPOP_AV,T,Y_GE15,TOTAL,ALL,22,ALL,ALL,2019,8135,,,,,,,,ALL_N1,,,,,,,
IT1:DF_DCSS_ISTR_LAV_PEN_2_TV_3(1.0),A,087005,RESPOP_AV,T,Y_GE15,TOTAL,ALL,22,ALL,ALL,2021,7394.94562768455,,,,,,,,ALL_N1,,,,,,,
IT1:DF_DCSS_ISTR_LAV_PEN_2_TV_3(1.0),A,087005,RESPOP_AV,T,Y_GE15,TOTAL,ALL,22,ALL,ALL,2022,7822.38773067297,,,,,,,,ALL_N1,,,,,,,
IT1:DF_DCSS_ISTR_LAV_PEN_2_TV_3(1.0),A,087005,RESPOP_AV,T,Y_GE15,TOTAL,ALL,22,ALL,ALL,2023,7628.019715957705,,,,,,,,ALL_N1,,,,,,,
IT1:DF_DCSS_ISTR_LAV_PEN_2_TV_3(1.0),A,087005,RESPOP_AV,T,Y_GE15,TOTAL,ALL,22,ALL,ALL,2024,7773.73779815701,,,,,,,,ALL_N1,,,,,,,
IT1:DF_DCSS_ISTR_LAV_PEN_2_TV_3(1.0),A,087005,RESPOP_AV,T,Y_GE15,TOTAL,ALL,23,ALL,ALL,2018,6906,,,,,,,,ALL_N1,,,,,,,
IT1:DF_DCSS_ISTR_LAV_PEN_2_TV_3(1.0),A,087005,RESPOP_AV,T,Y_GE15,TOTAL,ALL,23,ALL,ALL,2019,6914,,,,,,,,ALL_N1,,,,,,,
IT1:DF_DCSS_ISTR_LAV_PEN_2_TV_3(1.0),A,087005,RESPOP_AV,T,Y_GE15,TOTAL,ALL,23,ALL,ALL,2021,7881.05437231545,,,,,,,,ALL_N1,,,,,,,
IT1:DF_DCSS_ISTR_LAV_PEN_2_TV_3(1.0),A,087005,RESPOP_AV,T,Y_GE15,TOTAL,ALL,23,ALL,ALL,2022,7494.61226932703,,,,,,,,ALL_N1,,,,,,,
IT1:DF_DCSS_ISTR_LAV_PEN_2_TV_3(1.0),A,087005,RESPOP_AV,T,Y_GE15,TOTAL,ALL,23,ALL,ALL,2023,7732.980284042295,,,,,,,,ALL_N1,,,,,,,
IT1:DF_DCSS_ISTR_LAV_PEN_2_TV_3(1.0),A,087005,RESPOP_AV,T,Y_GE15,TOTAL,ALL,23,ALL,ALL,2024,7659.26220184299,,,,,,,,ALL_N1,,,,,,,
IT1:DF_DCSS_ISTR_LAV_PEN_2_TV_3(1.0),A,087005,RESPOP_AV,T,Y_GE15,TOTAL,ALL,24,ALL,ALL,2018,1824,,,,,,,,ALL_N1,,,,,,,
IT1:DF_DCSS_ISTR_LAV_PEN_2_TV_3(1.0),A,087005,RESPOP_AV,T,Y_GE15,TOTAL,ALL,24,ALL,ALL,2019,1928,,,,,,,,ALL_N1,,,,,,,
IT1:DF_DCSS_ISTR_LAV_PEN_2_TV_3(1.0),A,087005,RESPOP_AV,T,Y_GE15,TOTAL,ALL,24,ALL,ALL,2021,2207.71695453497,,,,,,,,ALL_N1,,,,,,,
IT1:DF_DCSS_ISTR_LAV_PEN_2_TV_3(1.0),A,087005,RESPOP_AV,T,Y_GE15,TOTAL,ALL,24,ALL,ALL,2022,2160.92166427417,,,,,,,,ALL_N1,,,,,,,
IT1:DF_DCSS_ISTR_LAV_PEN_2_TV_3(1.0),A,087005,RESPOP_AV,T,Y_GE15,TOTAL,ALL,24,ALL,ALL,2023,2393.430255442805,,,,,,,,ALL_N1,,,,,,,
IT1:DF_DCSS_ISTR_LAV_PEN_2_TV_3(1.0),A,087005,RESPOP_AV,T,Y_GE15,TOTAL,ALL,24,ALL,ALL,2024,2500.54234470921,,,,,,,,ALL_N1,,,,,,,
IT1:DF_DCSS_ISTR_LAV_PEN_2_TV_3(1.0),A,087005,RESPOP_AV,T,Y_GE15,TOTAL,ALL,4,ALL,ALL,2018,2598,,,,,,,,ALL_N1,,,,,,,
IT1:DF_DCSS_ISTR_LAV_PEN_2_TV_3(1.0),A,087005,RESPOP_AV,T,Y_GE15,TOTAL,ALL,4,ALL,ALL,2019,2672,,,,,,,,ALL_N1,,,,,,,
IT1:DF_DCSS_ISTR_LAV_PEN_2_TV_3(1.0),A,087005,RESPOP_AV,T,Y_GE15,TOTAL,ALL,4,ALL,ALL,2021,2854.20402813336,,,,,,,,ALL_N1,,,,,,,
IT1:DF_DCSS_ISTR_LAV_PEN_2_TV_3(1.0),A,087005,RESPOP_AV,T,Y_GE15,TOTAL,ALL,4,ALL,ALL,2022,2716.49349590416,,,,,,,,ALL_N1,,,,,,,
IT1:DF_DCSS_ISTR_LAV_PEN_2_TV_3(1.0),A,087005,RESPOP_AV,T,Y_GE15,TOTAL,ALL,4,ALL,ALL,2023,2764.2562491444864,,,,,,,,ALL_N1,,,,,,,
IT1:DF_DCSS_ISTR_LAV_PEN_2_TV_3(1.0),A,087005,RESPOP_AV,T,Y_GE15,TOTAL,ALL,4,ALL,ALL,2024,2663.344182451282,,,,,,,,ALL_N1,,,,,,,
IT1:DF_DCSS_ISTR_LAV_PEN_2_TV_3(1.0),A,087005,RESPOP_AV,T,Y_GE15,TOTAL,ALL,5,ALL,ALL,2018,1404,,,,,,,,ALL_N1,,,,,,,
IT1:DF_DCSS_ISTR_LAV_PEN_2_TV_3(1.0),A,087005,RESPOP_AV,T,Y_GE15,TOTAL,ALL,5,ALL,ALL,2019,1418,,,,,,,,ALL_N1,,,,,,,
IT1:DF_DCSS_ISTR_LAV_PEN_2_TV_3(1.0),A,087005,RESPOP_AV,T,Y_GE15,TOTAL,ALL,5,ALL,ALL,2021,1415.71390850874,,,,,,,,ALL_N1,,,,,,,
IT1:DF_DCSS_ISTR_LAV_PEN_2_TV_3(1.0),A,087005,RESPOP_AV,T,Y_GE15,TOTAL,ALL,5,ALL,ALL,2022,1395.36706033879,,,,,,,,ALL_N1,,,,,,,
IT1:DF_DCSS_ISTR_LAV_PEN_2_TV_3(1.0),A,087005,RESPOP_AV,T,Y_GE15,TOTAL,ALL,5,ALL,ALL,2023,1432.3771618226212,,,,,,,,ALL_N1,,,,,,,
IT1:DF_DCSS_ISTR_LAV_PEN_2_TV_3(1.0),A,087005,RESPOP_AV,T,Y_GE15,TOTAL,ALL,5,ALL,ALL,2024,1421.743056198734,,,,,,,,ALL_N1,,,,,,,
IT1:DF_DCSS_ISTR_LAV_PEN_2_TV_3(1.0),A,087005,RESPOP_AV,T,Y_GE15,TOTAL,ALL,7,ALL,ALL,2018,1081,,,,,,,,ALL_N1,,,,,,,
IT1:DF_DCSS_ISTR_LAV_PEN_2_TV_3(1.0),A,087005,RESPOP_AV,T,Y_GE15,TOTAL,ALL,7,ALL,ALL,2019,896,,,,,,,,ALL_N1,,,,,,,
IT1:DF_DCSS_ISTR_LAV_PEN_2_TV_3(1.0),A,087005,RESPOP_AV,T,Y_GE15,TOTAL,ALL,7,ALL,ALL,2021,1403.41948113838,,,,,,,,ALL_N1,,,,,,,
IT1:DF_DCSS_ISTR_LAV_PEN_2_TV_3(1.0),A,087005,RESPOP_AV,T,Y_GE15,TOTAL,ALL,7,ALL,ALL,2022,1221.8300488099,,,,,,,,ALL_N1,,,,,,,
IT1:DF_DCSS_ISTR_LAV_PEN_2_TV_3(1.0),A,087005,RESPOP_AV,T,Y_GE15,TOTAL,ALL,7,ALL,ALL,2023,1142.9166176323831,,,,,,,,ALL_N1,,,,,,,
IT1:DF_DCSS_ISTR_LAV_PEN_2_TV_3(1.0),A,087005,RESPOP_AV,T,Y_GE15,TOTAL,ALL,7,ALL,ALL,2024,1073.6326184837637,,,,,,,,ALL_N1,,,,,,,
IT1:DF_DCSS_ISTR_LAV_PEN_2_TV_3(1.0),A,087005,RESPOP_AV,T,Y_GE15,TOTAL,ALL,99,ALL,ALL,2018,15039,,,,,,,,ALL_N1,99_N1,,,,,,
IT1:DF_DCSS_ISTR_LAV_PEN_2_TV_3(1.0),A,087005,RESPOP_AV,T,Y_GE15,TOTAL,ALL,99,ALL,ALL,2019,15049,,,,,,,,ALL_N1,99_N1,,,,,,
IT1:DF_DCSS_ISTR_LAV_PEN_2_TV_3(1.0),A,087005,RESPOP_AV,T,Y_GE15,TOTAL,ALL,99,ALL,ALL,2021,15276,,,,,,,,ALL_N1,99_N1,,,,,,
IT1:DF_DCSS_ISTR_LAV_PEN_2_TV_3(1.0),A,087005,RESPOP_AV,T,Y_GE15,TOTAL,ALL,99,ALL,ALL,2022,15317,,,,,,,,ALL_N1,99_N1,,,,,,
IT1:DF_DCSS_ISTR_LAV_PEN_2_TV_3(1.0),A,087005,RESPOP_AV,T,Y_GE15,TOTAL,ALL,99,ALL,ALL,2023,15361,,,,,,,,ALL_N1,99_N1,,,,,,
IT1:DF_DCSS_ISTR_LAV_PEN_2_TV_3(1.0),A,087005,RESPOP_AV,T,Y_GE15,TOTAL,ALL,99,ALL,ALL,2024,15433,,,,,,,,ALL_N1,99_N1,,,,,,
IT1:DF_DCSS_ISTR_LAV_PEN_2_TV_3(1.0),A,087006,RESPOP_AV,F,Y_GE15,TOTAL,ALL,1,ALL,ALL,2018,2422,,,,,,,,ALL_N1,,,,,,,
IT1:DF_DCSS_ISTR_LAV_PEN_2_TV_3(1.0),A,087006,RESPOP_AV,F,Y_GE15,TOTAL,ALL,1,ALL,ALL,2019,2405,,,,,,,,ALL_N1,,,,,,,
IT1:DF_DCSS_ISTR_LAV_PEN_2_TV_3(1.0),A,087006,RESPOP_AV,F,Y_GE15,TOTAL,ALL,1,ALL,ALL,2021,2455,,,,,,,,ALL_N1,,,,,,,
IT1:DF_DCSS_ISTR_LAV_PEN_2_TV_3(1.0),A,087006,RESPOP_AV,F,Y_GE15,TOTAL,ALL,1,ALL,ALL,2022,2559,,,,,,,,ALL_N1,,,,,,,
IT1:DF_DCSS_ISTR_LAV_PEN_2_TV_3(1.0),A,087006,RESPOP_AV,F,Y_GE15,TOTAL,ALL,1,ALL,ALL,2023,2646,,,,,,,,ALL_N1,,,,,,,
IT1:DF_DCSS_ISTR_LAV_PEN_2_TV_3(1.0),A,087006,RESPOP_AV,F,Y_GE15,TOTAL,ALL,1,ALL,ALL,2024,2769,,,,,,,,ALL_N1,,,,,,,
IT1:DF_DCSS_ISTR_LAV_PEN_2_TV_3(1.0),A,087006,RESPOP_AV,F,Y_GE15,TOTAL,ALL,12,ALL,ALL,2018,1474,,,,,,,,ALL_N1,,,,,,,
IT1:DF_DCSS_ISTR_LAV_PEN_2_TV_3(1.0),A,087006,RESPOP_AV,F,Y_GE15,TOTAL,ALL,12,ALL,ALL,2019,1690,,,,,,,,ALL_N1,,,,,,,
IT1:DF_DCSS_ISTR_LAV_PEN_2_TV_3(1.0),A,087006,RESPOP_AV,F,Y_GE15,TOTAL,ALL,12,ALL,ALL,2021,799.558571271984,,,,,,,,ALL_N1,,,,,,,
IT1:DF_DCSS_ISTR_LAV_PEN_2_TV_3(1.0),A,087006,RESPOP_AV,F,Y_GE15,TOTAL,ALL,12,ALL,ALL,2022,892.144806312059,,,,,,,,ALL_N1,,,,,,,
IT1:DF_DCSS_ISTR_LAV_PEN_2_TV_3(1.0),A,087006,RESPOP_AV,F,Y_GE15,TOTAL,ALL,12,ALL,ALL,2023,953.4539848482395,,,,,,,,ALL_N1,,,,,,,
IT1:DF_DCSS_ISTR_LAV_PEN_2_TV_3(1.0),A,087006,RESPOP_AV,F,Y_GE15,TOTAL,ALL,12,ALL,ALL,2024,804.3135093862703,,,,,,,,ALL_N1,,,,,,,
IT1:DF_DCSS_ISTR_LAV_PEN_2_TV_3(1.0),A,087006,RESPOP_AV,F,Y_GE15,TOTAL,ALL,22,ALL,ALL,2018,3896,,,,,,,,ALL_N1,,,,,,,
IT1:DF_DCSS_ISTR_LAV_PEN_2_TV_3(1.0),A,087006,RESPOP_AV,F,Y_GE15,TOTAL,ALL,22,ALL,ALL,2019,4095,,,,,,,,ALL_N1,,,,,,,
IT1:DF_DCSS_ISTR_LAV_PEN_2_TV_3(1.0),A,087006,RESPOP_AV,F,Y_GE15,TOTAL,ALL,22,ALL,ALL,2021,3254.55857127198,,,,,,,,ALL_N1,,,,,,,
IT1:DF_DCSS_ISTR_LAV_PEN_2_TV_3(1.0),A,087006,RESPOP_AV,F,Y_GE15,TOTAL,ALL,22,ALL,ALL,2022,3451.14480631206,,,,,,,,ALL_N1,,,,,,,
IT1:DF_DCSS_ISTR_LAV_PEN_2_TV_3(1.0),A,087006,RESPOP_AV,F,Y_GE15,TOTAL,ALL,22,ALL,ALL,2023,3599.4539848482395,,,,,,,,ALL_N1,,,,,,,
IT1:DF_DCSS_ISTR_LAV_PEN_2_TV_3(1.0),A,087006,RESPOP_AV,F,Y_GE15,TOTAL,ALL,22,ALL,ALL,2024,3573.31350938627,,,,,,,,ALL_N1,,,,,,,
IT1:DF_DCSS_ISTR_LAV_PEN_2_TV_3(1.0),A,087006,RESPOP_AV,F,Y_GE15,TOTAL,ALL,23,ALL,ALL,2018,10984,,,,,,,,ALL_N1,,,,,,,
IT1:DF_DCSS_ISTR_LAV_PEN_2_TV_3(1.0),A,087006,RESPOP_AV,F,Y_GE15,TOTAL,ALL,23,ALL,ALL,2019,10739,,,,,,,,ALL_N1,,,,,,,
IT1:DF_DCSS_ISTR_LAV_PEN_2_TV_3(1.0),A,087006,RESPOP_AV,F,Y_GE15,TOTAL,ALL,23,ALL,ALL,2021,11615.441428728,,,,,,,,ALL_N1,,,,,,,
IT1:DF_DCSS_ISTR_LAV_PEN_2_TV_3(1.0),A,087006,RESPOP_AV,F,Y_GE15,TOTAL,ALL,23,ALL,ALL,2022,11344.8551936879,,,,,,,,ALL_N1,,,,,,,
IT1:DF_DCSS_ISTR_LAV_PEN_2_TV_3(1.0),A,087006,RESPOP_AV,F,Y_GE15,TOTAL,ALL,23,ALL,ALL,2023,11159.546015151758,,,,,,,,ALL_N1,,,,,,,
IT1:DF_DCSS_ISTR_LAV_PEN_2_TV_3(1.0),A,087006,RESPOP_AV,F,Y_GE15,TOTAL,ALL,23,ALL,ALL,2024,11155.686490613729,,,,,,,,ALL_N1,,,,,,,
IT1:DF_DCSS_ISTR_LAV_PEN_2_TV_3(1.0),A,087006,RESPOP_AV,F,Y_GE15,TOTAL,ALL,24,ALL,ALL,2018,1883,,,,,,,,ALL_N1,,,,,,,
IT1:DF_DCSS_ISTR_LAV_PEN_2_TV_3(1.0),A,087006,RESPOP_AV,F,Y_GE15,TOTAL,ALL,24,ALL,ALL,2019,1797,,,,,,,,ALL_N1,,,,,,,
IT1:DF_DCSS_ISTR_LAV_PEN_2_TV_3(1.0),A,087006,RESPOP_AV,F,Y_GE15,TOTAL,ALL,24,ALL,ALL,2021,2023.15201158033,,,,,,,,ALL_N1,,,,,,,
IT1:DF_DCSS_ISTR_LAV_PEN_2_TV_3(1.0),A,087006,RESPOP_AV,F,Y_GE15,TOTAL,ALL,24,ALL,ALL,2022,1771.13097675341,,,,,,,,ALL_N1,,,,,,,
IT1:DF_DCSS_ISTR_LAV_PEN_2_TV_3(1.0),A,087006,RESPOP_AV,F,Y_GE15,TOTAL,ALL,24,ALL,ALL,2023,1768.9910520443577,,,,,,,,ALL_N1,,,,,,,
IT1:DF_DCSS_ISTR_LAV_PEN_2_TV_3(1.0),A,087006,RESPOP_AV,F,Y_GE15,TOTAL,ALL,24,ALL,ALL,2024,2002.7272065793918,,,,,,,,ALL_N1,,,,,,,
IT1:DF_DCSS_ISTR_LAV_PEN_2_TV_3(1.0),A,087006,RESPOP_AV,F,Y_GE15,TOTAL,ALL,4,ALL,ALL,2018,6692,,,,,,,,ALL_N1,,,,,,,
IT1:DF_DCSS_ISTR_LAV_PEN_2_TV_3(1.0),A,087006,RESPOP_AV,F,Y_GE15,TOTAL,ALL,4,ALL,ALL,2019,6555,,,,,,,,ALL_N1,,,,,,,
IT1:DF_DCSS_ISTR_LAV_PEN_2_TV_3(1.0),A,087006,RESPOP_AV,F,Y_GE15,TOTAL,ALL,4,ALL,ALL,2021,7093.60898712408,,,,,,,,ALL_N1,,,,,,,
IT1:DF_DCSS_ISTR_LAV_PEN_2_TV_3(1.0),A,087006,RESPOP_AV,F,Y_GE15,TOTAL,ALL,4,ALL,ALL,2022,6935.33727472849,,,,,,,,ALL_N1,,,,,,,
IT1:DF_DCSS_ISTR_LAV_PEN_2_TV_3(1.0),A,087006,RESPOP_AV,F,Y_GE15,TOTAL,ALL,4,ALL,ALL,2023,6840.191533236502,,,,,,,,ALL_N1,,,,,,,
IT1:DF_DCSS_ISTR_LAV_PEN_2_TV_3(1.0),A,087006,RESPOP_AV,F,Y_GE15,TOTAL,ALL,4,ALL,ALL,2024,6596.706619503904,,,,,,,,ALL_N1,,,,,,,
IT1:DF_DCSS_ISTR_LAV_PEN_2_TV_3(1.0),A,087006,RESPOP_AV,F,Y_GE15,TOTAL,ALL,5,ALL,ALL,2018,1306,,,,,,,,ALL_N1,,,,,,,
IT1:DF_DCSS_ISTR_LAV_PEN_2_TV_3(1.0),A,087006,RESPOP_AV,F,Y_GE15,TOTAL,ALL,5,ALL,ALL,2019,1380,,,,,,,,ALL_N1,,,,,,,
IT1:DF_DCSS_ISTR_LAV_PEN_2_TV_3(1.0),A,087006,RESPOP_AV,F,Y_GE15,TOTAL,ALL,5,ALL,ALL,2021,1394.55983713025,,,,,,,,ALL_N1,,,,,,,
IT1:DF_DCSS_ISTR_LAV_PEN_2_TV_3(1.0),A,087006,RESPOP_AV,F,Y_GE15,TOTAL,ALL,5,ALL,ALL,2022,1444.6447440713,,,,,,,,ALL_N1,,,,,,,
IT1:DF_DCSS_ISTR_LAV_PEN_2_TV_3(1.0),A,087006,RESPOP_AV,F,Y_GE15,TOTAL,ALL,5,ALL,ALL,2023,1392.2721511105601,,,,,,,,ALL_N1,,,,,,,
IT1:DF_DCSS_ISTR_LAV_PEN_2_TV_3(1.0),A,087006,RESPOP_AV,F,Y_GE15,TOTAL,ALL,5,ALL,ALL,2024,1398.784418656015,,,,,,,,ALL_N1,,,,,,,
IT1:DF_DCSS_ISTR_LAV_PEN_2_TV_3(1.0),A,087006,RESPOP_AV,F,Y_GE15,TOTAL,ALL,7,ALL,ALL,2018,1103,,,,,,,,ALL_N1,,,,,,,
IT1:DF_DCSS_ISTR_LAV_PEN_2_TV_3(1.0),A,087006,RESPOP_AV,F,Y_GE15,TOTAL,ALL,7,ALL,ALL,2019,1007,,,,,,,,ALL_N1,,,,,,,
IT1:DF_DCSS_ISTR_LAV_PEN_2_TV_3(1.0),A,087006,RESPOP_AV,F,Y_GE15,TOTAL,ALL,7,ALL,ALL,2021,1104.12059289335,,,,,,,,ALL_N1,,,,,,,
IT1:DF_DCSS_ISTR_LAV_PEN_2_TV_3(1.0),A,087006,RESPOP_AV,F,Y_GE15,TOTAL,ALL,7,ALL,ALL,2022,1193.74219813474,,,,,,,,ALL_N1,,,,,,,
IT1:DF_DCSS_ISTR_LAV_PEN_2_TV_3(1.0),A,087006,RESPOP_AV,F,Y_GE15,TOTAL,ALL,7,ALL,ALL,2023,1158.0912787603386,,,,,,,,ALL_N1,,,,,,,
IT1:DF_DCSS_ISTR_LAV_PEN_2_TV_3(1.0),A,087006,RESPOP_AV,F,Y_GE15,TOTAL,ALL,7,ALL,ALL,2024,1157.468245874418,,,,,,,,ALL_N1,,,,,,,
IT1:DF_DCSS_ISTR_LAV_PEN_2_TV_3(1.0),A,087006,RESPOP_AV,F,Y_GE15,TOTAL,ALL,99,ALL,ALL,2018,14880,,,,,,,,ALL_N1,99_N1,,,,,,
IT1:DF_DCSS_ISTR_LAV_PEN_2_TV_3(1.0),A,087006,RESPOP_AV,F,Y_GE15,TOTAL,ALL,99,ALL,ALL,2019,14834,,,,,,,,ALL_N1,99_N1,,,,,,
IT1:DF_DCSS_ISTR_LAV_PEN_2_TV_3(1.0),A,087006,RESPOP_AV,F,Y_GE15,TOTAL,ALL,99,ALL,ALL,2021,14870,,,,,,,,ALL_N1,99_N1,,,,,,
IT1:DF_DCSS_ISTR_LAV_PEN_2_TV_3(1.0),A,087006,RESPOP_AV,F,Y_GE15,TOTAL,ALL,99,ALL,ALL,2022,14796,,,,,,,,ALL_N1,99_N1,,,,,,
IT1:DF_DCSS_ISTR_LAV_PEN_2_TV_3(1.0),A,087006,RESPOP_AV,F,Y_GE15,TOTAL,ALL,99,ALL,ALL,2023,14758.999999999998,,,,,,,,ALL_N1,99_N1,,,,,,
IT1:DF_DCSS_ISTR_LAV_PEN_2_TV_3(1.0),A,087006,RESPOP_AV,F,Y_GE15,TOTAL,ALL,99,ALL,ALL,2024,14729,,,,,,,,ALL_N1,99_N1,,,,,,
IT1:DF_DCSS_ISTR_LAV_PEN_2_TV_3(1.0),A,087006,RESPOP_AV,M,Y_GE15,TOTAL,ALL,1,ALL,ALL,2018,5272,,,,,,,,ALL_N1,,,,,,,
IT1:DF_DCSS_ISTR_LAV_PEN_2_TV_3(1.0),A,087006,RESPOP_AV,M,Y_GE15,TOTAL,ALL,1,ALL,ALL,2019,5411,,,,,,,,ALL_N1,,,,,,,
IT1:DF_DCSS_ISTR_LAV_PEN_2_TV_3(1.0),A,087006,RESPOP_AV,M,Y_GE15,TOTAL,ALL,1,ALL,ALL,2021,5302,,,,,,,,ALL_N1,,,,,,,
IT1:DF_DCSS_ISTR_LAV_PEN_2_TV_3(1.0),A,087006,RESPOP_AV,M,Y_GE15,TOTAL,ALL,1,ALL,ALL,2022,5420,,,,,,,,ALL_N1,,,,,,,
IT1:DF_DCSS_ISTR_LAV_PEN_2_TV_3(1.0),A,087006,RESPOP_AV,M,Y_GE15,TOTAL,ALL,1,ALL,ALL,2023,5525,,,,,,,,ALL_N1,,,,,,,
IT1:DF_DCSS_ISTR_LAV_PEN_2_TV_3(1.0),A,087006,RESPOP_AV,M,Y_GE15,TOTAL,ALL,1,ALL,ALL,2024,5783,,,,,,,,ALL_N1,,,,,,,
IT1:DF_DCSS_ISTR_LAV_PEN_2_TV_3(1.0),A,087006,RESPOP_AV,M,Y_GE15,TOTAL,ALL,12,ALL,ALL,2018,2401,,,,,,,,ALL_N1,,,,,,,
IT1:DF_DCSS_ISTR_LAV_PEN_2_TV_3(1.0),A,087006,RESPOP_AV,M,Y_GE15,TOTAL,ALL,12,ALL,ALL,2019,2416,,,,,,,,ALL_N1,,,,,,,
IT1:DF_DCSS_ISTR_LAV_PEN_2_TV_3(1.0),A,087006,RESPOP_AV,M,Y_GE15,TOTAL,ALL,12,ALL,ALL,2021,1397.93686083465,,,,,,,,ALL_N1,,,,,,,
IT1:DF_DCSS_ISTR_LAV_PEN_2_TV_3(1.0),A,087006,RESPOP_AV,M,Y_GE15,TOTAL,ALL,12,ALL,ALL,2022,1390.04387453202,,,,,,,,ALL_N1,,,,,,,
IT1:DF_DCSS_ISTR_LAV_PEN_2_TV_3(1.0),A,087006,RESPOP_AV,M,Y_GE15,TOTAL,ALL,12,ALL,ALL,2023,1425.7596394047364,,,,,,,,ALL_N1,,,,,,,
IT1:DF_DCSS_ISTR_LAV_PEN_2_TV_3(1.0),A,087006,RESPOP_AV,M,Y_GE15,TOTAL,ALL,12,ALL,ALL,2024,1261.6911384436069,,,,,,,,ALL_N1,,,,,,,
IT1:DF_DCSS_ISTR_LAV_PEN_2_TV_3(1.0),A,087006,RESPOP_AV,M,Y_GE15,TOTAL,ALL,22,ALL,ALL,2018,7673,,,,,,,,ALL_N1,,,,,,,
IT1:DF_DCSS_ISTR_LAV_PEN_2_TV_3(1.0),A,087006,RESPOP_AV,M,Y_GE15,TOTAL,ALL,22,ALL,ALL,2019,7827,,,,,,,,ALL_N1,,,,,,,
IT1:DF_DCSS_ISTR_LAV_PEN_2_TV_3(1.0),A,087006,RESPOP_AV,M,Y_GE15,TOTAL,ALL,22,ALL,ALL,2021,6699.93686083465,,,,,,,,ALL_N1,,,,,,,
IT1:DF_DCSS_ISTR_LAV_PEN_2_TV_3(1.0),A,087006,RESPOP_AV,M,Y_GE15,TOTAL,ALL,22,ALL,ALL,2022,6810.04387453202,,,,,,,,ALL_N1,,,,,,,
IT1:DF_DCSS_ISTR_LAV_PEN_2_TV_3(1.0),A,087006,RESPOP_AV,M,Y_GE15,TOTAL,ALL,22,ALL,ALL,2023,6950.759639404736,,,,,,,,ALL_N1,,,,,,,
IT1:DF_DCSS_ISTR_LAV_PEN_2_TV_3(1.0),A,087006,RESPOP_AV,M,Y_GE15,TOTAL,ALL,22,ALL,ALL,2024,7044.691138443607,,,,,,,,ALL_N1,,,,,,,
IT1:DF_DCSS_ISTR_LAV_PEN_2_TV_3(1.0),A,087006,RESPOP_AV,M,Y_GE15,TOTAL,ALL,23,ALL,ALL,2018,5972,,,,,,,,ALL_N1,,,,,,,
IT1:DF_DCSS_ISTR_LAV_PEN_2_TV_3(1.0),A,087006,RESPOP_AV,M,Y_GE15,TOTAL,ALL,23,ALL,ALL,2019,5739,,,,,,,,ALL_N1,,,,,,,
IT1:DF_DCSS_ISTR_LAV_PEN_2_TV_3(1.0),A,087006,RESPOP_AV,M,Y_GE15,TOTAL,ALL,23,ALL,ALL,2021,6969.06313916535,,,,,,,,ALL_N1,,,,,,,
IT1:DF_DCSS_ISTR_LAV_PEN_2_TV_3(1.0),A,087006,RESPOP_AV,M,Y_GE15,TOTAL,ALL,23,ALL,ALL,2022,6837.95612546798,,,,,,,,ALL_N1,,,,,,,
IT1:DF_DCSS_ISTR_LAV_PEN_2_TV_3(1.0),A,087006,RESPOP_AV,M,Y_GE15,TOTAL,ALL,23,ALL,ALL,2023,6685.240360595262,,,,,,,,ALL_N1,,,,,,,
IT1:DF_DCSS_ISTR_LAV_PEN_2_TV_3(1.0),A,087006,RESPOP_AV,M,Y_GE15,TOTAL,ALL,23,ALL,ALL,2024,6643.308861556393,,,,,,,,ALL_N1,,,,,,,
IT1:DF_DCSS_ISTR_LAV_PEN_2_TV_3(1.0),A,087006,RESPOP_AV,M,Y_GE15,TOTAL,ALL,24,ALL,ALL,2018,2479,,,,,,,,ALL_N1,,,,,,,
IT1:DF_DCSS_ISTR_LAV_PEN_2_TV_3(1.0),A,087006,RESPOP_AV,M,Y_GE15,TOTAL,ALL,24,ALL,ALL,2019,2491,,,,,,,,ALL_N1,,,,,,,
IT1:DF_DCSS_ISTR_LAV_PEN_2_TV_3(1.0),A,087006,RESPOP_AV,M,Y_GE15,TOTAL,ALL,24,ALL,ALL,2021,2694.13695692737,,,,,,,,ALL_N1,,,,,,,
IT1:DF_DCSS_ISTR_LAV_PEN_2_TV_3(1.0),A,087006,RESPOP_AV,M,Y_GE15,TOTAL,ALL,24,ALL,ALL,2022,2669.04632273081,,,,,,,,ALL_N1,,,,,,,
IT1:DF_DCSS_ISTR_LAV_PEN_2_TV_3(1.0),A,087006,RESPOP_AV,M,Y_GE15,TOTAL,ALL,24,ALL,ALL,2023,2698.8962968108813,,,,,,,,ALL_N1,,,,,,,
IT1:DF_DCSS_ISTR_LAV_PEN_2_TV_3(1.0),A,087006,RESPOP_AV,M,Y_GE15,TOTAL,ALL,24,ALL,ALL,2024,2858.864203359254,,,,,,,,ALL_N1,,,,,,,
IT1:DF_DCSS_ISTR_LAV_PEN_2_TV_3(1.0),A,087006,RESPOP_AV,M,Y_GE15,TOTAL,ALL,4,ALL,ALL,2018,353,,,,,,,,ALL_N1,,,,,,,
IT1:DF_DCSS_ISTR_LAV_PEN_2_TV_3(1.0),A,087006,RESPOP_AV,M,Y_GE15,TOTAL,ALL,4,ALL,ALL,2019,359,,,,,,,,ALL_N1,,,,,,,
IT1:DF_DCSS_ISTR_LAV_PEN_2_TV_3(1.0),A,087006,RESPOP_AV,M,Y_GE15,TOTAL,ALL,4,ALL,ALL,2021,665.955753563872,,,,,,,,ALL_N1,,,,,,,
IT1:DF_DCSS_ISTR_LAV_PEN_2_TV_3(1.0),A,087006,RESPOP_AV,M,Y_GE15,TOTAL,ALL,4,ALL,ALL,2022,629.496132347556,,,,,,,,ALL_N1,,,,,,,
IT1:DF_DCSS_ISTR_LAV_PEN_2_TV_3(1.0),A,087006,RESPOP_AV,M,Y_GE15,TOTAL,ALL,4,ALL,ALL,2023,676.0497043838798,,,,,,,,ALL_N1,,,,,,,
IT1:DF_DCSS_ISTR_LAV_PEN_2_TV_3(1.0),A,087006,RESPOP_AV,M,Y_GE15,TOTAL,ALL,4,ALL,ALL,2024,541.27814096683,,,,,,,,ALL_N1,,,,,,,
IT1:DF_DCSS_ISTR_LAV_PEN_2_TV_3(1.0),A,087006,RESPOP_AV,M,Y_GE15,TOTAL,ALL,5,ALL,ALL,2018,1117,,,,,,,,ALL_N1,,,,,,,
IT1:DF_DCSS_ISTR_LAV_PEN_2_TV_3(1.0),A,087006,RESPOP_AV,M,Y_GE15,TOTAL,ALL,5,ALL,ALL,2019,1144,,,,,,,,ALL_N1,,,,,,,
IT1:DF_DCSS_ISTR_LAV_PEN_2_TV_3(1.0),A,087006,RESPOP_AV,M,Y_GE15,TOTAL,ALL,5,ALL,ALL,2021,1239.74085279531,,,,,,,,ALL_N1,,,,,,,
IT1:DF_DCSS_ISTR_LAV_PEN_2_TV_3(1.0),A,087006,RESPOP_AV,M,Y_GE15,TOTAL,ALL,5,ALL,ALL,2022,1259.9479725109,,,,,,,,ALL_N1,,,,,,,
IT1:DF_DCSS_ISTR_LAV_PEN_2_TV_3(1.0),A,087006,RESPOP_AV,M,Y_GE15,TOTAL,ALL,5,ALL,ALL,2023,1213.0849614454428,,,,,,,,ALL_N1,,,,,,,
IT1:DF_DCSS_ISTR_LAV_PEN_2_TV_3(1.0),A,087006,RESPOP_AV,M,Y_GE15,TOTAL,ALL,5,ALL,ALL,2024,1216.8313664532477,,,,,,,,ALL_N1,,,,,,,
IT1:DF_DCSS_ISTR_LAV_PEN_2_TV_3(1.0),A,087006,RESPOP_AV,M,Y_GE15,TOTAL,ALL,7,ALL,ALL,2018,2023,,,,,,,,ALL_N1,,,,,,,
IT1:DF_DCSS_ISTR_LAV_PEN_2_TV_3(1.0),A,087006,RESPOP_AV,M,Y_GE15,TOTAL,ALL,7,ALL,ALL,2019,1745,,,,,,,,ALL_N1,,,,,,,
IT1:DF_DCSS_ISTR_LAV_PEN_2_TV_3(1.0),A,087006,RESPOP_AV,M,Y_GE15,TOTAL,ALL,7,ALL,ALL,2021,2369.2295758788,,,,,,,,ALL_N1,,,,,,,
IT1:DF_DCSS_ISTR_LAV_PEN_2_TV_3(1.0),A,087006,RESPOP_AV,M,Y_GE15,TOTAL,ALL,7,ALL,ALL,2022,2279.46569787872,,,,,,,,ALL_N1,,,,,,,
IT1:DF_DCSS_ISTR_LAV_PEN_2_TV_3(1.0),A,087006,RESPOP_AV,M,Y_GE15,TOTAL,ALL,7,ALL,ALL,2023,2097.2093979550586,,,,,,,,ALL_N1,,,,,,,
IT1:DF_DCSS_ISTR_LAV_PEN_2_TV_3(1.0),A,087006,RESPOP_AV,M,Y_GE15,TOTAL,ALL,7,ALL,ALL,2024,2026.3351507770608,,,,,,,,ALL_N1,,,,,,,
IT1:DF_DCSS_ISTR_LAV_PEN_2_TV_3(1.0),A,087006,RESPOP_AV,M,Y_GE15,TOTAL,ALL,99,ALL,ALL,2018,13644,,,,,,,,ALL_N1,99_N1,,,,,,
IT1:DF_DCSS_ISTR_LAV_PEN_2_TV_3(1.0),A,087006,RESPOP_AV,M,Y_GE15,TOTAL,ALL,99,ALL,ALL,2019,13566,,,,,,,,ALL_N1,99_N1,,,,,,
IT1:DF_DCSS_ISTR_LAV_PEN_2_TV_3(1.0),A,087006,RESPOP_AV,M,Y_GE15,TOTAL,ALL,99,ALL,ALL,2021,13669,,,,,,,,ALL_N1,99_N1,,,,,,
IT1:DF_DCSS_ISTR_LAV_PEN_2_TV_3(1.0),A,087006,RESPOP_AV,M,Y_GE15,TOTAL,ALL,99,ALL,ALL,2022,13648,,,,,,,,ALL_N1,99_N1,,,,,,
IT1:DF_DCSS_ISTR_LAV_PEN_2_TV_3(1.0),A,087006,RESPOP_AV,M,Y_GE15,TOTAL,ALL,99,ALL,ALL,2023,13635.999999999998,,,,,,,,ALL_N1,99_N1,,,,,,
IT1:DF_DCSS_ISTR_LAV_PEN_2_TV_3(1.0),A,087006,RESPOP_AV,M,Y_GE15,TOTAL,ALL,99,ALL,ALL,2024,13688,,,,,,,,ALL_N1,99_N1,,,,,,
IT1:DF_DCSS_ISTR_LAV_PEN_2_TV_3(1.0),A,087006,RESPOP_AV,T,Y_GE15,TOTAL,ALL,1,ALL,ALL,2018,7694,,,,,,,,ALL_N1,,,,,,,
IT1:DF_DCSS_ISTR_LAV_PEN_2_TV_3(1.0),A,087006,RESPOP_AV,T,Y_GE15,TOTAL,ALL,1,ALL,ALL,2019,7816,,,,,,,,ALL_N1,,,,,,,
IT1:DF_DCSS_ISTR_LAV_PEN_2_TV_3(1.0),A,087006,RESPOP_AV,T,Y_GE15,TOTAL,ALL,1,ALL,ALL,2021,7757,,,,,,,,ALL_N1,,,,,,,
IT1:DF_DCSS_ISTR_LAV_PEN_2_TV_3(1.0),A,087006,RESPOP_AV,T,Y_GE15,TOTAL,ALL,1,ALL,ALL,2022,7979,,,,,,,,ALL_N1,,,,,,,
IT1:DF_DCSS_ISTR_LAV_PEN_2_TV_3(1.0),A,087006,RESPOP_AV,T,Y_GE15,TOTAL,ALL,1,ALL,ALL,2023,8171,,,,,,,,ALL_N1,,,,,,,
IT1:DF_DCSS_ISTR_LAV_PEN_2_TV_3(1.0),A,087006,RESPOP_AV,T,Y_GE15,TOTAL,ALL,1,ALL,ALL,2024,8552,,,,,,,,ALL_N1,,,,,,,
IT1:DF_DCSS_ISTR_LAV_PEN_2_TV_3(1.0),A,087006,RESPOP_AV,T,Y_GE15,TOTAL,ALL,12,ALL,ALL,2018,3875,,,,,,,,ALL_N1,,,,,,,
IT1:DF_DCSS_ISTR_LAV_PEN_2_TV_3(1.0),A,087006,RESPOP_AV,T,Y_GE15,TOTAL,ALL,12,ALL,ALL,2019,4106,,,,,,,,ALL_N1,,,,,,,
IT1:DF_DCSS_ISTR_LAV_PEN_2_TV_3(1.0),A,087006,RESPOP_AV,T,Y_GE15,TOTAL,ALL,12,ALL,ALL,2021,2197.49543210663,,,,,,,,ALL_N1,,,,,,,
IT1:DF_DCSS_ISTR_LAV_PEN_2_TV_3(1.0),A,087006,RESPOP_AV,T,Y_GE15,TOTAL,ALL,12,ALL,ALL,2022,2282.18868084408,,,,,,,,ALL_N1,,,,,,,
IT1:DF_DCSS_ISTR_LAV_PEN_2_TV_3(1.0),A,087006,RESPOP_AV,T,Y_GE15,TOTAL,ALL,12,ALL,ALL,2023,2379.213624252976,,,,,,,,ALL_N1,,,,,,,
IT1:DF_DCSS_ISTR_LAV_PEN_2_TV_3(1.0),A,087006,RESPOP_AV,T,Y_GE15,TOTAL,ALL,12,ALL,ALL,2024,2066.0046478298773,,,,,,,,ALL_N1,,,,,,,
IT1:DF_DCSS_ISTR_LAV_PEN_2_TV_3(1.0),A,087006,RESPOP_AV,T,Y_GE15,TOTAL,ALL,22,ALL,ALL,2018,11569,,,,,,,,ALL_N1,,,,,,,
IT1:DF_DCSS_ISTR_LAV_PEN_2_TV_3(1.0),A,087006,RESPOP_AV,T,Y_GE15,TOTAL,ALL,22,ALL,ALL,2019,11922,,,,,,,,ALL_N1,,,,,,,
IT1:DF_DCSS_ISTR_LAV_PEN_2_TV_3(1.0),A,087006,RESPOP_AV,T,Y_GE15,TOTAL,ALL,22,ALL,ALL,2021,9954.49543210663,,,,,,,,ALL_N1,,,,,,,
IT1:DF_DCSS_ISTR_LAV_PEN_2_TV_3(1.0),A,087006,RESPOP_AV,T,Y_GE15,TOTAL,ALL,22,ALL,ALL,2022,10261.1886808441,,,,,,,,ALL_N1,,,,,,,
IT1:DF_DCSS_ISTR_LAV_PEN_2_TV_3(1.0),A,087006,RESPOP_AV,T,Y_GE15,TOTAL,ALL,22,ALL,ALL,2023,10550.213624252976,,,,,,,,ALL_N1,,,,,,,
IT1:DF_DCSS_ISTR_LAV_PEN_2_TV_3(1.0),A,087006,RESPOP_AV,T,Y_GE15,TOTAL,ALL,22,ALL,ALL,2024,10618.004647829877,,,,,,,,ALL_N1,,,,,,,
IT1:DF_DCSS_ISTR_LAV_PEN_2_TV_3(1.0),A,087006,RESPOP_AV,T,Y_GE15,TOTAL,ALL,23,ALL,ALL,2018,16956,,,,,,,,ALL_N1,,,,,,,
IT1:DF_DCSS_ISTR_LAV_PEN_2_TV_3(1.0),A,087006,RESPOP_AV,T,Y_GE15,TOTAL,ALL,23,ALL,ALL,2019,16478,,,,,,,,ALL_N1,,,,,,,
IT1:DF_DCSS_ISTR_LAV_PEN_2_TV_3(1.0),A,087006,RESPOP_AV,T,Y_GE15,TOTAL,ALL,23,ALL,ALL,2021,18584.5045678934,,,,,,,,ALL_N1,,,,,,,
IT1:DF_DCSS_ISTR_LAV_PEN_2_TV_3(1.0),A,087006,RESPOP_AV,T,Y_GE15,TOTAL,ALL,23,ALL,ALL,2022,18182.8113191559,,,,,,,,ALL_N1,,,,,,,
IT1:DF_DCSS_ISTR_LAV_PEN_2_TV_3(1.0),A,087006,RESPOP_AV,T,Y_GE15,TOTAL,ALL,23,ALL,ALL,2023,17844.786375747022,,,,,,,,ALL_N1,,,,,,,
IT1:DF_DCSS_ISTR_LAV_PEN_2_TV_3(1.0),A,087006,RESPOP_AV,T,Y_GE15,TOTAL,ALL,23,ALL,ALL,2024,17798.99535217012,,,,,,,,ALL_N1,,,,,,,
IT1:DF_DCSS_ISTR_LAV_PEN_2_TV_3(1.0),A,087006,RESPOP_AV,T,Y_GE15,TOTAL,ALL,24,ALL,ALL,2018,4362,,,,,,,,ALL_N1,,,,,,,
IT1:DF_DCSS_ISTR_LAV_PEN_2_TV_3(1.0),A,087006,RESPOP_AV,T,Y_GE15,TOTAL,ALL,24,ALL,ALL,2019,4288,,,,,,,,ALL_N1,,,,,,,
IT1:DF_DCSS_ISTR_LAV_PEN_2_TV_3(1.0),A,087006,RESPOP_AV,T,Y_GE15,TOTAL,ALL,24,ALL,ALL,2021,4717.2889685077,,,,,,,,ALL_N1,,,,,,,
IT1:DF_DCSS_ISTR_LAV_PEN_2_TV_3(1.0),A,087006,RESPOP_AV,T,Y_GE15,TOTAL,ALL,24,ALL,ALL,2022,4440.17729948422,,,,,,,,ALL_N1,,,,,,,
IT1:DF_DCSS_ISTR_LAV_PEN_2_TV_3(1.0),A,087006,RESPOP_AV,T,Y_GE15,TOTAL,ALL,24,ALL,ALL,2023,4467.887348855239,,,,,,,,ALL_N1,,,,,,,
IT1:DF_DCSS_ISTR_LAV_PEN_2_TV_3(1.0),A,087006,RESPOP_AV,T,Y_GE15,TOTAL,ALL,24,ALL,ALL,2024,4861.591409938646,,,,,,,,ALL_N1,,,,,,,
IT1:DF_DCSS_ISTR_LAV_PEN_2_TV_3(1.0),A,087006,RESPOP_AV,T,Y_GE15,TOTAL,ALL,4,ALL,ALL,2018,7045,,,,,,,,ALL_N1,,,,,,,
IT1:DF_DCSS_ISTR_LAV_PEN_2_TV_3(1.0),A,087006,RESPOP_AV,T,Y_GE15,TOTAL,ALL,4,ALL,ALL,2019,6914,,,,,,,,ALL_N1,,,,,,,
IT1:DF_DCSS_ISTR_LAV_PEN_2_TV_3(1.0),A,087006,RESPOP_AV,T,Y_GE15,TOTAL,ALL,4,ALL,ALL,2021,7759.56474068796,,,,,,,,ALL_N1,,,,,,,
IT1:DF_DCSS_ISTR_LAV_PEN_2_TV_3(1.0),A,087006,RESPOP_AV,T,Y_GE15,TOTAL,ALL,4,ALL,ALL,2022,7564.83340707605,,,,,,,,ALL_N1,,,,,,,
IT1:DF_DCSS_ISTR_LAV_PEN_2_TV_3(1.0),A,087006,RESPOP_AV,T,Y_GE15,TOTAL,ALL,4,ALL,ALL,2023,7516.241237620382,,,,,,,,ALL_N1,,,,,,,
IT1:DF_DCSS_ISTR_LAV_PEN_2_TV_3(1.0),A,087006,RESPOP_AV,T,Y_GE15,TOTAL,ALL,4,ALL,ALL,2024,7137.984760470735,,,,,,,,ALL_N1,,,,,,,
IT1:DF_DCSS_ISTR_LAV_PEN_2_TV_3(1.0),A,087006,RESPOP_AV,T,Y_GE15,TOTAL,ALL,5,ALL,ALL,2018,2423,,,,,,,,ALL_N1,,,,,,,
IT1:DF_DCSS_ISTR_LAV_PEN_2_TV_3(1.0),A,087006,RESPOP_AV,T,Y_GE15,TOTAL,ALL,5,ALL,ALL,2019,2524,,,,,,,,ALL_N1,,,,,,,
IT1:DF_DCSS_ISTR_LAV_PEN_2_TV_3(1.0),A,087006,RESPOP_AV,T,Y_GE15,TOTAL,ALL,5,ALL,ALL,2021,2634.30068992556,,,,,,,,ALL_N1,,,,,,,
IT1:DF_DCSS_ISTR_LAV_PEN_2_TV_3(1.0),A,087006,RESPOP_AV,T,Y_GE15,TOTAL,ALL,5,ALL,ALL,2022,2704.59271658219,,,,,,,,ALL_N1,,,,,,,
IT1:DF_DCSS_ISTR_LAV_PEN_2_TV_3(1.0),A,087006,RESPOP_AV,T,Y_GE15,TOTAL,ALL,5,ALL,ALL,2023,2605.357112556003,,,,,,,,ALL_N1,,,,,,,
IT1:DF_DCSS_ISTR_LAV_PEN_2_TV_3(1.0),A,087006,RESPOP_AV,T,Y_GE15,TOTAL,ALL,5,ALL,ALL,2024,2615.6157851092626,,,,,,,,ALL_N1,,,,,,,
IT1:DF_DCSS_ISTR_LAV_PEN_2_TV_3(1.0),A,087006,RESPOP_AV,T,Y_GE15,TOTAL,ALL,7,ALL,ALL,2018,3126,,,,,,,,ALL_N1,,,,,,,
IT1:DF_DCSS_ISTR_LAV_PEN_2_TV_3(1.0),A,087006,RESPOP_AV,T,Y_GE15,TOTAL,ALL,7,ALL,ALL,2019,2752,,,,,,,,ALL_N1,,,,,,,
IT1:DF_DCSS_ISTR_LAV_PEN_2_TV_3(1.0),A,087006,RESPOP_AV,T,Y_GE15,TOTAL,ALL,7,ALL,ALL,2021,3473.35016877215,,,,,,,,ALL_N1,,,,,,,
IT1:DF_DCSS_ISTR_LAV_PEN_2_TV_3(1.0),A,087006,RESPOP_AV,T,Y_GE15,TOTAL,ALL,7,ALL,ALL,2022,3473.20789601346,,,,,,,,ALL_N1,,,,,,,
IT1:DF_DCSS_ISTR_LAV_PEN_2_TV_3(1.0),A,087006,RESPOP_AV,T,Y_GE15,TOTAL,ALL,7,ALL,ALL,2023,3255.3006767153975,,,,,,,,ALL_N1,,,,,,,
IT1:DF_DCSS_ISTR_LAV_PEN_2_TV_3(1.0),A,087006,RESPOP_AV,T,Y_GE15,TOTAL,ALL,7,ALL,ALL,2024,3183.803396651479,,,,,,,,ALL_N1,,,,,,,
IT1:DF_DCSS_ISTR_LAV_PEN_2_TV_3(1.0),A,087006,RESPOP_AV,T,Y_GE15,TOTAL,ALL,99,ALL,ALL,2018,28524,,,,,,,,ALL_N1,99_N1,,,,,,
IT1:DF_DCSS_ISTR_LAV_PEN_2_TV_3(1.0),A,087006,RESPOP_AV,T,Y_GE15,TOTAL,ALL,99,ALL,ALL,2019,28400,,,,,,,,ALL_N1,99_N1,,,,,,
IT1:DF_DCSS_ISTR_LAV_PEN_2_TV_3(1.0),A,087006,RESPOP_AV,T,Y_GE15,TOTAL,ALL,99,ALL,ALL,2021,28539,,,,,,,,ALL_N1,99_N1,,,,,,
IT1:DF_DCSS_ISTR_LAV_PEN_2_TV_3(1.0),A,087006,RESPOP_AV,T,Y_GE15,TOTAL,ALL,99,ALL,ALL,2022,28444,,,,,,,,ALL_N1,99_N1,,,,,,
IT1:DF_DCSS_ISTR_LAV_PEN_2_TV_3(1.0),A,087006,RESPOP_AV,T,Y_GE15,TOTAL,ALL,99,ALL,ALL,2023,28394.999999999996,,,,,,,,ALL_N1,99_N1,,,,,,
IT1:DF_DCSS_ISTR_LAV_PEN_2_TV_3(1.0),A,087006,RESPOP_AV,T,Y_GE15,TOTAL,ALL,99,ALL,ALL,2024,28417,,,,,,,,ALL_N1,99_N1,,,,,,
IT1:DF_DCSS_ISTR_LAV_PEN_2_TV_3(1.0),A,087007,RESPOP_AV,F,Y_GE15,TOTAL,ALL,1,ALL,ALL,2018,2941,,,,,,,,ALL_N1,,,,,,,
IT1:DF_DCSS_ISTR_LAV_PEN_2_TV_3(1.0),A,087007,RESPOP_AV,F,Y_GE15,TOTAL,ALL,1,ALL,ALL,2019,3000,,,,,,,,ALL_N1,,,,,,,
IT1:DF_DCSS_ISTR_LAV_PEN_2_TV_3(1.0),A,087007,RESPOP_AV,F,Y_GE15,TOTAL,ALL,1,ALL,ALL,2021,3129,,,,,,,,ALL_N1,,,,,,,
IT1:DF_DCSS_ISTR_LAV_PEN_2_TV_3(1.0),A,087007,RESPOP_AV,F,Y_GE15,TOTAL,ALL,1,ALL,ALL,2022,3263,,,,,,,,ALL_N1,,,,,,,
IT1:DF_DCSS_ISTR_LAV_PEN_2_TV_3(1.0),A,087007,RESPOP_AV,F,Y_GE15,TOTAL,ALL,1,ALL,ALL,2023,3409,,,,,,,,ALL_N1,,,,,,,
IT1:DF_DCSS_ISTR_LAV_PEN_2_TV_3(1.0),A,087007,RESPOP_AV,F,Y_GE15,TOTAL,ALL,1,ALL,ALL,2024,3567,,,,,,,,ALL_N1,,,,,,,
IT1:DF_DCSS_ISTR_LAV_PEN_2_TV_3(1.0),A,087007,RESPOP_AV,F,Y_GE15,TOTAL,ALL,12,ALL,ALL,2018,1305,,,,,,,,ALL_N1,,,,,,,
IT1:DF_DCSS_ISTR_LAV_PEN_2_TV_3(1.0),A,087007,RESPOP_AV,F,Y_GE15,TOTAL,ALL,12,ALL,ALL,2019,1251,,,,,,,,ALL_N1,,,,,,,
IT1:DF_DCSS_ISTR_LAV_PEN_2_TV_3(1.0),A,087007,RESPOP_AV,F,Y_GE15,TOTAL,ALL,12,ALL,ALL,2021,767.320444476828,,,,,,,,ALL_N1,,,,,,,
IT1:DF_DCSS_ISTR_LAV_PEN_2_TV_3(1.0),A,087007,RESPOP_AV,F,Y_GE15,TOTAL,ALL,12,ALL,ALL,2022,972.676409121902,,,,,,,,ALL_N1,,,,,,,
IT1:DF_DCSS_ISTR_LAV_PEN_2_TV_3(1.0),A,087007,RESPOP_AV,F,Y_GE15,TOTAL,ALL,12,ALL,ALL,2023,788.33330864446,,,,,,,,ALL_N1,,,,,,,
IT1:DF_DCSS_ISTR_LAV_PEN_2_TV_3(1.0),A,087007,RESPOP_AV,F,Y_GE15,TOTAL,ALL,12,ALL,ALL,2024,760.5253069850517,,,,,,,,ALL_N1,,,,,,,
IT1:DF_DCSS_ISTR_LAV_PEN_2_TV_3(1.0),A,087007,RESPOP_AV,F,Y_GE15,TOTAL,ALL,22,ALL,ALL,2018,4246,,,,,,,,ALL_N1,,,,,,,
IT1:DF_DCSS_ISTR_LAV_PEN_2_TV_3(1.0),A,087007,RESPOP_AV,F,Y_GE15,TOTAL,ALL,22,ALL,ALL,2019,4251,,,,,,,,ALL_N1,,,,,,,
IT1:DF_DCSS_ISTR_LAV_PEN_2_TV_3(1.0),A,087007,RESPOP_AV,F,Y_GE15,TOTAL,ALL,22,ALL,ALL,2021,3896.32044447683,,,,,,,,ALL_N1,,,,,,,
IT1:DF_DCSS_ISTR_LAV_PEN_2_TV_3(1.0),A,087007,RESPOP_AV,F,Y_GE15,TOTAL,ALL,22,ALL,ALL,2022,4235.6764091219,,,,,,,,ALL_N1,,,,,,,
IT1:DF_DCSS_ISTR_LAV_PEN_2_TV_3(1.0),A,087007,RESPOP_AV,F,Y_GE15,TOTAL,ALL,22,ALL,ALL,2023,4197.33330864446,,,,,,,,ALL_N1,,,,,,,
IT1:DF_DCSS_ISTR_LAV_PEN_2_TV_3(1.0),A,087007,RESPOP_AV,F,Y_GE15,TOTAL,ALL,22,ALL,ALL,2024,4327.525306985051,,,,,,,,ALL_N1,,,,,,,
IT1:DF_DCSS_ISTR_LAV_PEN_2_TV_3(1.0),A,087007,RESPOP_AV,F,Y_GE15,TOTAL,ALL,23,ALL,ALL,2018,7347,,,,,,,,ALL_N1,,,,,,,
IT1:DF_DCSS_ISTR_LAV_PEN_2_TV_3(1.0),A,087007,RESPOP_AV,F,Y_GE15,TOTAL,ALL,23,ALL,ALL,2019,7350,,,,,,,,ALL_N1,,,,,,,
IT1:DF_DCSS_ISTR_LAV_PEN_2_TV_3(1.0),A,087007,RESPOP_AV,F,Y_GE15,TOTAL,ALL,23,ALL,ALL,2021,7850.67955552317,,,,,,,,ALL_N1,,,,,,,
IT1:DF_DCSS_ISTR_LAV_PEN_2_TV_3(1.0),A,087007,RESPOP_AV,F,Y_GE15,TOTAL,ALL,23,ALL,ALL,2022,7596.3235908781,,,,,,,,ALL_N1,,,,,,,
IT1:DF_DCSS_ISTR_LAV_PEN_2_TV_3(1.0),A,087007,RESPOP_AV,F,Y_GE15,TOTAL,ALL,23,ALL,ALL,2023,7753.666691355541,,,,,,,,ALL_N1,,,,,,,
IT1:DF_DCSS_ISTR_LAV_PEN_2_TV_3(1.0),A,087007,RESPOP_AV,F,Y_GE15,TOTAL,ALL,23,ALL,ALL,2024,7695.4746930149495,,,,,,,,ALL_N1,,,,,,,
IT1:DF_DCSS_ISTR_LAV_PEN_2_TV_3(1.0),A,087007,RESPOP_AV,F,Y_GE15,TOTAL,ALL,24,ALL,ALL,2018,1249,,,,,,,,ALL_N1,,,,,,,
IT1:DF_DCSS_ISTR_LAV_PEN_2_TV_3(1.0),A,087007,RESPOP_AV,F,Y_GE15,TOTAL,ALL,24,ALL,ALL,2019,1210,,,,,,,,ALL_N1,,,,,,,
IT1:DF_DCSS_ISTR_LAV_PEN_2_TV_3(1.0),A,087007,RESPOP_AV,F,Y_GE15,TOTAL,ALL,24,ALL,ALL,2021,1362.5665421799,,,,,,,,ALL_N1,,,,,,,
IT1:DF_DCSS_ISTR_LAV_PEN_2_TV_3(1.0),A,087007,RESPOP_AV,F,Y_GE15,TOTAL,ALL,24,ALL,ALL,2022,1203.15409598489,,,,,,,,ALL_N1,,,,,,,
IT1:DF_DCSS_ISTR_LAV_PEN_2_TV_3(1.0),A,087007,RESPOP_AV,F,Y_GE15,TOTAL,ALL,24,ALL,ALL,2023,1306.4047729485796,,,,,,,,ALL_N1,,,,,,,
IT1:DF_DCSS_ISTR_LAV_PEN_2_TV_3(1.0),A,087007,RESPOP_AV,F,Y_GE15,TOTAL,ALL,24,ALL,ALL,2024,1450.6667660142634,,,,,,,,ALL_N1,,,,,,,
IT1:DF_DCSS_ISTR_LAV_PEN_2_TV_3(1.0),A,087007,RESPOP_AV,F,Y_GE15,TOTAL,ALL,4,ALL,ALL,2018,4301,,,,,,,,ALL_N1,,,,,,,
IT1:DF_DCSS_ISTR_LAV_PEN_2_TV_3(1.0),A,087007,RESPOP_AV,F,Y_GE15,TOTAL,ALL,4,ALL,ALL,2019,4392,,,,,,,,ALL_N1,,,,,,,
IT1:DF_DCSS_ISTR_LAV_PEN_2_TV_3(1.0),A,087007,RESPOP_AV,F,Y_GE15,TOTAL,ALL,4,ALL,ALL,2021,4574.12923003699,,,,,,,,ALL_N1,,,,,,,
IT1:DF_DCSS_ISTR_LAV_PEN_2_TV_3(1.0),A,087007,RESPOP_AV,F,Y_GE15,TOTAL,ALL,4,ALL,ALL,2022,4432.15771833568,,,,,,,,ALL_N1,,,,,,,
IT1:DF_DCSS_ISTR_LAV_PEN_2_TV_3(1.0),A,087007,RESPOP_AV,F,Y_GE15,TOTAL,ALL,4,ALL,ALL,2023,4438.503420584021,,,,,,,,ALL_N1,,,,,,,
IT1:DF_DCSS_ISTR_LAV_PEN_2_TV_3(1.0),A,087007,RESPOP_AV,F,Y_GE15,TOTAL,ALL,4,ALL,ALL,2024,4353.49391880639,,,,,,,,ALL_N1,,,,,,,
IT1:DF_DCSS_ISTR_LAV_PEN_2_TV_3(1.0),A,087007,RESPOP_AV,F,Y_GE15,TOTAL,ALL,5,ALL,ALL,2018,1003,,,,,,,,ALL_N1,,,,,,,
IT1:DF_DCSS_ISTR_LAV_PEN_2_TV_3(1.0),A,087007,RESPOP_AV,F,Y_GE15,TOTAL,ALL,5,ALL,ALL,2019,1048,,,,,,,,ALL_N1,,,,,,,
IT1:DF_DCSS_ISTR_LAV_PEN_2_TV_3(1.0),A,087007,RESPOP_AV,F,Y_GE15,TOTAL,ALL,5,ALL,ALL,2021,1081.29960562013,,,,,,,,ALL_N1,,,,,,,
IT1:DF_DCSS_ISTR_LAV_PEN_2_TV_3(1.0),A,087007,RESPOP_AV,F,Y_GE15,TOTAL,ALL,5,ALL,ALL,2022,1123.15356132854,,,,,,,,ALL_N1,,,,,,,
IT1:DF_DCSS_ISTR_LAV_PEN_2_TV_3(1.0),A,087007,RESPOP_AV,F,Y_GE15,TOTAL,ALL,5,ALL,ALL,2023,1198.3850301257976,,,,,,,,ALL_N1,,,,,,,
IT1:DF_DCSS_ISTR_LAV_PEN_2_TV_3(1.0),A,087007,RESPOP_AV,F,Y_GE15,TOTAL,ALL,5,ALL,ALL,2024,1179.1006542220107,,,,,,,,ALL_N1,,,,,,,
IT1:DF_DCSS_ISTR_LAV_PEN_2_TV_3(1.0),A,087007,RESPOP_AV,F,Y_GE15,TOTAL,ALL,7,ALL,ALL,2018,794,,,,,,,,ALL_N1,,,,,,,
IT1:DF_DCSS_ISTR_LAV_PEN_2_TV_3(1.0),A,087007,RESPOP_AV,F,Y_GE15,TOTAL,ALL,7,ALL,ALL,2019,700,,,,,,,,ALL_N1,,,,,,,
IT1:DF_DCSS_ISTR_LAV_PEN_2_TV_3(1.0),A,087007,RESPOP_AV,F,Y_GE15,TOTAL,ALL,7,ALL,ALL,2021,832.684177686154,,,,,,,,ALL_N1,,,,,,,
IT1:DF_DCSS_ISTR_LAV_PEN_2_TV_3(1.0),A,087007,RESPOP_AV,F,Y_GE15,TOTAL,ALL,7,ALL,ALL,2022,837.858215228988,,,,,,,,ALL_N1,,,,,,,
IT1:DF_DCSS_ISTR_LAV_PEN_2_TV_3(1.0),A,087007,RESPOP_AV,F,Y_GE15,TOTAL,ALL,7,ALL,ALL,2023,810.3734676971426,,,,,,,,ALL_N1,,,,,,,
IT1:DF_DCSS_ISTR_LAV_PEN_2_TV_3(1.0),A,087007,RESPOP_AV,F,Y_GE15,TOTAL,ALL,7,ALL,ALL,2024,712.2133539722852,,,,,,,,ALL_N1,,,,,,,
IT1:DF_DCSS_ISTR_LAV_PEN_2_TV_3(1.0),A,087007,RESPOP_AV,F,Y_GE15,TOTAL,ALL,99,ALL,ALL,2018,11593,,,,,,,,ALL_N1,99_N1,,,,,,
IT1:DF_DCSS_ISTR_LAV_PEN_2_TV_3(1.0),A,087007,RESPOP_AV,F,Y_GE15,TOTAL,ALL,99,ALL,ALL,2019,11601,,,,,,,,ALL_N1,99_N1,,,,,,
IT1:DF_DCSS_ISTR_LAV_PEN_2_TV_3(1.0),A,087007,RESPOP_AV,F,Y_GE15,TOTAL,ALL,99,ALL,ALL,2021,11747,,,,,,,,ALL_N1,99_N1,,,,,,
IT1:DF_DCSS_ISTR_LAV_PEN_2_TV_3(1.0),A,087007,RESPOP_AV,F,Y_GE15,TOTAL,ALL,99,ALL,ALL,2022,11832,,,,,,,,ALL_N1,99_N1,,,,,,
IT1:DF_DCSS_ISTR_LAV_PEN_2_TV_3(1.0),A,087007,RESPOP_AV,F,Y_GE15,TOTAL,ALL,99,ALL,ALL,2023,11951,,,,,,,,ALL_N1,99_N1,,,,,,
IT1:DF_DCSS_ISTR_LAV_PEN_2_TV_3(1.0),A,087007,RESPOP_AV,F,Y_GE15,TOTAL,ALL,99,ALL,ALL,2024,12023,,,,,,,,ALL_N1,99_N1,,,,,,
IT1:DF_DCSS_ISTR_LAV_PEN_2_TV_3(1.0),A,087007,RESPOP_AV,M,Y_GE15,TOTAL,ALL,1,ALL,ALL,2018,5382,,,,,,,,ALL_N1,,,,,,,
IT1:DF_DCSS_ISTR_LAV_PEN_2_TV_3(1.0),A,087007,RESPOP_AV,M,Y_GE15,TOTAL,ALL,1,ALL,ALL,2019,5495,,,,,,,,ALL_N1,,,,,,,
IT1:DF_DCSS_ISTR_LAV_PEN_2_TV_3(1.0),A,087007,RESPOP_AV,M,Y_GE15,TOTAL,ALL,1,ALL,ALL,2021,5714,,,,,,,,ALL_N1,,,,,,,
IT1:DF_DCSS_ISTR_LAV_PEN_2_TV_3(1.0),A,087007,RESPOP_AV,M,Y_GE15,TOTAL,ALL,1,ALL,ALL,2022,5888,,,,,,,,ALL_N1,,,,,,,
IT1:DF_DCSS_ISTR_LAV_PEN_2_TV_3(1.0),A,087007,RESPOP_AV,M,Y_GE15,TOTAL,ALL,1,ALL,ALL,2023,5992,,,,,,,,ALL_N1,,,,,,,
IT1:DF_DCSS_ISTR_LAV_PEN_2_TV_3(1.0),A,087007,RESPOP_AV,M,Y_GE15,TOTAL,ALL,1,ALL,ALL,2024,6190,,,,,,,,ALL_N1,,,,,,,
IT1:DF_DCSS_ISTR_LAV_PEN_2_TV_3(1.0),A,087007,RESPOP_AV,M,Y_GE15,TOTAL,ALL,12,ALL,ALL,2018,1670,,,,,,,,ALL_N1,,,,,,,
IT1:DF_DCSS_ISTR_LAV_PEN_2_TV_3(1.0),A,087007,RESPOP_AV,M,Y_GE15,TOTAL,ALL,12,ALL,ALL,2019,1590,,,,,,,,ALL_N1,,,,,,,
IT1:DF_DCSS_ISTR_LAV_PEN_2_TV_3(1.0),A,087007,RESPOP_AV,M,Y_GE15,TOTAL,ALL,12,ALL,ALL,2021,1012.932464808,,,,,,,,ALL_N1,,,,,,,
IT1:DF_DCSS_ISTR_LAV_PEN_2_TV_3(1.0),A,087007,RESPOP_AV,M,Y_GE15,TOTAL,ALL,12,ALL,ALL,2022,1153.93974040992,,,,,,,,ALL_N1,,,,,,,
IT1:DF_DCSS_ISTR_LAV_PEN_2_TV_3(1.0),A,087007,RESPOP_AV,M,Y_GE15,TOTAL,ALL,12,ALL,ALL,2023,928.6577773948852,,,,,,,,ALL_N1,,,,,,,
IT1:DF_DCSS_ISTR_LAV_PEN_2_TV_3(1.0),A,087007,RESPOP_AV,M,Y_GE15,TOTAL,ALL,12,ALL,ALL,2024,908.0856522065288,,,,,,,,ALL_N1,,,,,,,
IT1:DF_DCSS_ISTR_LAV_PEN_2_TV_3(1.0),A,087007,RESPOP_AV,M,Y_GE15,TOTAL,ALL,22,ALL,ALL,2018,7052,,,,,,,,ALL_N1,,,,,,,
IT1:DF_DCSS_ISTR_LAV_PEN_2_TV_3(1.0),A,087007,RESPOP_AV,M,Y_GE15,TOTAL,ALL,22,ALL,ALL,2019,7085,,,,,,,,ALL_N1,,,,,,,
IT1:DF_DCSS_ISTR_LAV_PEN_2_TV_3(1.0),A,087007,RESPOP_AV,M,Y_GE15,TOTAL,ALL,22,ALL,ALL,2021,6726.932464808,,,,,,,,ALL_N1,,,,,,,
IT1:DF_DCSS_ISTR_LAV_PEN_2_TV_3(1.0),A,087007,RESPOP_AV,M,Y_GE15,TOTAL,ALL,22,ALL,ALL,2022,7041.93974040992,,,,,,,,ALL_N1,,,,,,,
IT1:DF_DCSS_ISTR_LAV_PEN_2_TV_3(1.0),A,087007,RESPOP_AV,M,Y_GE15,TOTAL,ALL,22,ALL,ALL,2023,6920.657777394885,,,,,,,,ALL_N1,,,,,,,
IT1:DF_DCSS_ISTR_LAV_PEN_2_TV_3(1.0),A,087007,RESPOP_AV,M,Y_GE15,TOTAL,ALL,22,ALL,ALL,2024,7098.085652206529,,,,,,,,ALL_N1,,,,,,,
IT1:DF_DCSS_ISTR_LAV_PEN_2_TV_3(1.0),A,087007,RESPOP_AV,M,Y_GE15,TOTAL,ALL,23,ALL,ALL,2018,4114,,,,,,,,ALL_N1,,,,,,,
IT1:DF_DCSS_ISTR_LAV_PEN_2_TV_3(1.0),A,087007,RESPOP_AV,M,Y_GE15,TOTAL,ALL,23,ALL,ALL,2019,4102,,,,,,,,ALL_N1,,,,,,,
IT1:DF_DCSS_ISTR_LAV_PEN_2_TV_3(1.0),A,087007,RESPOP_AV,M,Y_GE15,TOTAL,ALL,23,ALL,ALL,2021,4743.067535192,,,,,,,,ALL_N1,,,,,,,
IT1:DF_DCSS_ISTR_LAV_PEN_2_TV_3(1.0),A,087007,RESPOP_AV,M,Y_GE15,TOTAL,ALL,23,ALL,ALL,2022,4492.06025959008,,,,,,,,ALL_N1,,,,,,,
IT1:DF_DCSS_ISTR_LAV_PEN_2_TV_3(1.0),A,087007,RESPOP_AV,M,Y_GE15,TOTAL,ALL,23,ALL,ALL,2023,4715.342222605114,,,,,,,,ALL_N1,,,,,,,
IT1:DF_DCSS_ISTR_LAV_PEN_2_TV_3(1.0),A,087007,RESPOP_AV,M,Y_GE15,TOTAL,ALL,23,ALL,ALL,2024,4561.914347793471,,,,,,,,ALL_N1,,,,,,,
IT1:DF_DCSS_ISTR_LAV_PEN_2_TV_3(1.0),A,087007,RESPOP_AV,M,Y_GE15,TOTAL,ALL,24,ALL,ALL,2018,1807,,,,,,,,ALL_N1,,,,,,,
IT1:DF_DCSS_ISTR_LAV_PEN_2_TV_3(1.0),A,087007,RESPOP_AV,M,Y_GE15,TOTAL,ALL,24,ALL,ALL,2019,1831,,,,,,,,ALL_N1,,,,,,,
IT1:DF_DCSS_ISTR_LAV_PEN_2_TV_3(1.0),A,087007,RESPOP_AV,M,Y_GE15,TOTAL,ALL,24,ALL,ALL,2021,1988.72355822575,,,,,,,,ALL_N1,,,,,,,
IT1:DF_DCSS_ISTR_LAV_PEN_2_TV_3(1.0),A,087007,RESPOP_AV,M,Y_GE15,TOTAL,ALL,24,ALL,ALL,2022,1957.59498414701,,,,,,,,ALL_N1,,,,,,,
IT1:DF_DCSS_ISTR_LAV_PEN_2_TV_3(1.0),A,087007,RESPOP_AV,M,Y_GE15,TOTAL,ALL,24,ALL,ALL,2023,2064.841271002553,,,,,,,,ALL_N1,,,,,,,
IT1:DF_DCSS_ISTR_LAV_PEN_2_TV_3(1.0),A,087007,RESPOP_AV,M,Y_GE15,TOTAL,ALL,24,ALL,ALL,2024,2184.6505886797668,,,,,,,,ALL_N1,,,,,,,
IT1:DF_DCSS_ISTR_LAV_PEN_2_TV_3(1.0),A,087007,RESPOP_AV,M,Y_GE15,TOTAL,ALL,4,ALL,ALL,2018,201,,,,,,,,ALL_N1,,,,,,,
IT1:DF_DCSS_ISTR_LAV_PEN_2_TV_3(1.0),A,087007,RESPOP_AV,M,Y_GE15,TOTAL,ALL,4,ALL,ALL,2019,223,,,,,,,,ALL_N1,,,,,,,
IT1:DF_DCSS_ISTR_LAV_PEN_2_TV_3(1.0),A,087007,RESPOP_AV,M,Y_GE15,TOTAL,ALL,4,ALL,ALL,2021,343.293881188335,,,,,,,,ALL_N1,,,,,,,
IT1:DF_DCSS_ISTR_LAV_PEN_2_TV_3(1.0),A,087007,RESPOP_AV,M,Y_GE15,TOTAL,ALL,4,ALL,ALL,2022,319.928250515256,,,,,,,,ALL_N1,,,,,,,
IT1:DF_DCSS_ISTR_LAV_PEN_2_TV_3(1.0),A,087007,RESPOP_AV,M,Y_GE15,TOTAL,ALL,4,ALL,ALL,2023,382.6735685230717,,,,,,,,ALL_N1,,,,,,,
IT1:DF_DCSS_ISTR_LAV_PEN_2_TV_3(1.0),A,087007,RESPOP_AV,M,Y_GE15,TOTAL,ALL,4,ALL,ALL,2024,314.350609821316,,,,,,,,ALL_N1,,,,,,,
IT1:DF_DCSS_ISTR_LAV_PEN_2_TV_3(1.0),A,087007,RESPOP_AV,M,Y_GE15,TOTAL,ALL,5,ALL,ALL,2018,919,,,,,,,,ALL_N1,,,,,,,
IT1:DF_DCSS_ISTR_LAV_PEN_2_TV_3(1.0),A,087007,RESPOP_AV,M,Y_GE15,TOTAL,ALL,5,ALL,ALL,2019,964,,,,,,,,ALL_N1,,,,,,,
IT1:DF_DCSS_ISTR_LAV_PEN_2_TV_3(1.0),A,087007,RESPOP_AV,M,Y_GE15,TOTAL,ALL,5,ALL,ALL,2021,1018.78570927876,,,,,,,,ALL_N1,,,,,,,
IT1:DF_DCSS_ISTR_LAV_PEN_2_TV_3(1.0),A,087007,RESPOP_AV,M,Y_GE15,TOTAL,ALL,5,ALL,ALL,2022,1046.44152128829,,,,,,,,ALL_N1,,,,,,,
IT1:DF_DCSS_ISTR_LAV_PEN_2_TV_3(1.0),A,087007,RESPOP_AV,M,Y_GE15,TOTAL,ALL,5,ALL,ALL,2023,1096.9559701920086,,,,,,,,ALL_N1,,,,,,,
IT1:DF_DCSS_ISTR_LAV_PEN_2_TV_3(1.0),A,087007,RESPOP_AV,M,Y_GE15,TOTAL,ALL,5,ALL,ALL,2024,1052.4677951515384,,,,,,,,ALL_N1,,,,,,,
IT1:DF_DCSS_ISTR_LAV_PEN_2_TV_3(1.0),A,087007,RESPOP_AV,M,Y_GE15,TOTAL,ALL,7,ALL,ALL,2018,1187,,,,,,,,ALL_N1,,,,,,,
IT1:DF_DCSS_ISTR_LAV_PEN_2_TV_3(1.0),A,087007,RESPOP_AV,M,Y_GE15,TOTAL,ALL,7,ALL,ALL,2019,1084,,,,,,,,ALL_N1,,,,,,,
IT1:DF_DCSS_ISTR_LAV_PEN_2_TV_3(1.0),A,087007,RESPOP_AV,M,Y_GE15,TOTAL,ALL,7,ALL,ALL,2021,1392.26438649916,,,,,,,,ALL_N1,,,,,,,
IT1:DF_DCSS_ISTR_LAV_PEN_2_TV_3(1.0),A,087007,RESPOP_AV,M,Y_GE15,TOTAL,ALL,7,ALL,ALL,2022,1168.09550363953,,,,,,,,ALL_N1,,,,,,,
IT1:DF_DCSS_ISTR_LAV_PEN_2_TV_3(1.0),A,087007,RESPOP_AV,M,Y_GE15,TOTAL,ALL,7,ALL,ALL,2023,1170.8714128874808,,,,,,,,ALL_N1,,,,,,,
IT1:DF_DCSS_ISTR_LAV_PEN_2_TV_3(1.0),A,087007,RESPOP_AV,M,Y_GE15,TOTAL,ALL,7,ALL,ALL,2024,1010.4453541408501,,,,,,,,ALL_N1,,,,,,,
IT1:DF_DCSS_ISTR_LAV_PEN_2_TV_3(1.0),A,087007,RESPOP_AV,M,Y_GE15,TOTAL,ALL,99,ALL,ALL,2018,11166,,,,,,,,ALL_N1,99_N1,,,,,,
IT1:DF_DCSS_ISTR_LAV_PEN_2_TV_3(1.0),A,087007,RESPOP_AV,M,Y_GE15,TOTAL,ALL,99,ALL,ALL,2019,11186,,,,,,,,ALL_N1,99_N1,,,,,,
IT1:DF_DCSS_ISTR_LAV_PEN_2_TV_3(1.0),A,087007,RESPOP_AV,M,Y_GE15,TOTAL,ALL,99,ALL,ALL,2021,11470,,,,,,,,ALL_N1,99_N1,,,,,,
IT1:DF_DCSS_ISTR_LAV_PEN_2_TV_3(1.0),A,087007,RESPOP_AV,M,Y_GE15,TOTAL,ALL,99,ALL,ALL,2022,11534,,,,,,,,ALL_N1,99_N1,,,,,,
IT1:DF_DCSS_ISTR_LAV_PEN_2_TV_3(1.0),A,087007,RESPOP_AV,M,Y_GE15,TOTAL,ALL,99,ALL,ALL,2023,11636,,,,,,,,ALL_N1,99_N1,,,,,,
IT1:DF_DCSS_ISTR_LAV_PEN_2_TV_3(1.0),A,087007,RESPOP_AV,M,Y_GE15,TOTAL,ALL,99,ALL,ALL,2024,11660,,,,,,,,ALL_N1,99_N1,,,,,,
IT1:DF_DCSS_ISTR_LAV_PEN_2_TV_3(1.0),A,087007,RESPOP_AV,T,Y_GE15,TOTAL,ALL,1,ALL,ALL,2018,8323,,,,,,,,ALL_N1,,,,,,,
IT1:DF_DCSS_ISTR_LAV_PEN_2_TV_3(1.0),A,087007,RESPOP_AV,T,Y_GE15,TOTAL,ALL,1,ALL,ALL,2019,8495,,,,,,,,ALL_N1,,,,,,,
IT1:DF_DCSS_ISTR_LAV_PEN_2_TV_3(1.0),A,087007,RESPOP_AV,T,Y_GE15,TOTAL,ALL,1,ALL,ALL,2021,8843,,,,,,,,ALL_N1,,,,,,,
IT1:DF_DCSS_ISTR_LAV_PEN_2_TV_3(1.0),A,087007,RESPOP_AV,T,Y_GE15,TOTAL,ALL,1,ALL,ALL,2022,9151,,,,,,,,ALL_N1,,,,,,,
IT1:DF_DCSS_ISTR_LAV_PEN_2_TV_3(1.0),A,087007,RESPOP_AV,T,Y_GE15,TOTAL,ALL,1,ALL,ALL,2023,9401,,,,,,,,ALL_N1,,,,,,,
IT1:DF_DCSS_ISTR_LAV_PEN_2_TV_3(1.0),A,087007,RESPOP_AV,T,Y_GE15,TOTAL,ALL,1,ALL,ALL,2024,9757,,,,,,,,ALL_N1,,,,,,,
IT1:DF_DCSS_ISTR_LAV_PEN_2_TV_3(1.0),A,087007,RESPOP_AV,T,Y_GE15,TOTAL,ALL,12,ALL,ALL,2018,2975,,,,,,,,ALL_N1,,,,,,,
IT1:DF_DCSS_ISTR_LAV_PEN_2_TV_3(1.0),A,087007,RESPOP_AV,T,Y_GE15,TOTAL,ALL,12,ALL,ALL,2019,2841,,,,,,,,ALL_N1,,,,,,,
IT1:DF_DCSS_ISTR_LAV_PEN_2_TV_3(1.0),A,087007,RESPOP_AV,T,Y_GE15,TOTAL,ALL,12,ALL,ALL,2021,1780.25290928482,,,,,,,,ALL_N1,,,,,,,
IT1:DF_DCSS_ISTR_LAV_PEN_2_TV_3(1.0),A,087007,RESPOP_AV,T,Y_GE15,TOTAL,ALL,12,ALL,ALL,2022,2126.61614953182,,,,,,,,ALL_N1,,,,,,,
IT1:DF_DCSS_ISTR_LAV_PEN_2_TV_3(1.0),A,087007,RESPOP_AV,T,Y_GE15,TOTAL,ALL,12,ALL,ALL,2023,1716.9910860393452,,,,,,,,ALL_N1,,,,,,,
IT1:DF_DCSS_ISTR_LAV_PEN_2_TV_3(1.0),A,087007,RESPOP_AV,T,Y_GE15,TOTAL,ALL,12,ALL,ALL,2024,1668.6109591915806,,,,,,,,ALL_N1,,,,,,,
IT1:DF_DCSS_ISTR_LAV_PEN_2_TV_3(1.0),A,087007,RESPOP_AV,T,Y_GE15,TOTAL,ALL,22,ALL,ALL,2018,11298,,,,,,,,ALL_N1,,,,,,,
IT1:DF_DCSS_ISTR_LAV_PEN_2_TV_3(1.0),A,087007,RESPOP_AV,T,Y_GE15,TOTAL,ALL,22,ALL,ALL,2019,11336,,,,,,,,ALL_N1,,,,,,,
IT1:DF_DCSS_ISTR_LAV_PEN_2_TV_3(1.0),A,087007,RESPOP_AV,T,Y_GE15,TOTAL,ALL,22,ALL,ALL,2021,10623.2529092848,,,,,,,,ALL_N1,,,,,,,
IT1:DF_DCSS_ISTR_LAV_PEN_2_TV_3(1.0),A,087007,RESPOP_AV,T,Y_GE15,TOTAL,ALL,22,ALL,ALL,2022,11277.6161495318,,,,,,,,ALL_N1,,,,,,,
IT1:DF_DCSS_ISTR_LAV_PEN_2_TV_3(1.0),A,087007,RESPOP_AV,T,Y_GE15,TOTAL,ALL,22,ALL,ALL,2023,11117.991086039345,,,,,,,,ALL_N1,,,,,,,
IT1:DF_DCSS_ISTR_LAV_PEN_2_TV_3(1.0),A,087007,RESPOP_AV,T,Y_GE15,TOTAL,ALL,22,ALL,ALL,2024,11425.610959191581,,,,,,,,ALL_N1,,,,,,,
IT1:DF_DCSS_ISTR_LAV_PEN_2_TV_3(1.0),A,087007,RESPOP_AV,T,Y_GE15,TOTAL,ALL,23,ALL,ALL,2018,11461,,,,,,,,ALL_N1,,,,,,,
IT1:DF_DCSS_ISTR_LAV_PEN_2_TV_3(1.0),A,087007,RESPOP_AV,T,Y_GE15,TOTAL,ALL,23,ALL,ALL,2019,11452,,,,,,,,ALL_N1,,,,,,,
IT1:DF_DCSS_ISTR_LAV_PEN_2_TV_3(1.0),A,087007,RESPOP_AV,T,Y_GE15,TOTAL,ALL,23,ALL,ALL,2021,12593.7470907152,,,,,,,,ALL_N1,,,,,,,
IT1:DF_DCSS_ISTR_LAV_PEN_2_TV_3(1.0),A,087007,RESPOP_AV,T,Y_GE15,TOTAL,ALL,23,ALL,ALL,2022,12088.3838504682,,,,,,,,ALL_N1,,,,,,,
IT1:DF_DCSS_ISTR_LAV_PEN_2_TV_3(1.0),A,087007,RESPOP_AV,T,Y_GE15,TOTAL,ALL,23,ALL,ALL,2023,12469.008913960655,,,,,,,,ALL_N1,,,,,,,
IT1:DF_DCSS_ISTR_LAV_PEN_2_TV_3(1.0),A,087007,RESPOP_AV,T,Y_GE15,TOTAL,ALL,23,ALL,ALL,2024,12257.38904080842,,,,,,,,ALL_N1,,,,,,,
IT1:DF_DCSS_ISTR_LAV_PEN_2_TV_3(1.0),A,087007,RESPOP_AV,T,Y_GE15,TOTAL,ALL,24,ALL,ALL,2018,3056,,,,,,,,ALL_N1,,,,,,,
IT1:DF_DCSS_ISTR_LAV_PEN_2_TV_3(1.0),A,087007,RESPOP_AV,T,Y_GE15,TOTAL,ALL,24,ALL,ALL,2019,3041,,,,,,,,ALL_N1,,,,,,,
IT1:DF_DCSS_ISTR_LAV_PEN_2_TV_3(1.0),A,087007,RESPOP_AV,T,Y_GE15,TOTAL,ALL,24,ALL,ALL,2021,3351.29010040565,,,,,,,,ALL_N1,,,,,,,
IT1:DF_DCSS_ISTR_LAV_PEN_2_TV_3(1.0),A,087007,RESPOP_AV,T,Y_GE15,TOTAL,ALL,24,ALL,ALL,2022,3160.7490801319,,,,,,,,ALL_N1,,,,,,,
IT1:DF_DCSS_ISTR_LAV_PEN_2_TV_3(1.0),A,087007,RESPOP_AV,T,Y_GE15,TOTAL,ALL,24,ALL,ALL,2023,3371.246043951133,,,,,,,,ALL_N1,,,,,,,
IT1:DF_DCSS_ISTR_LAV_PEN_2_TV_3(1.0),A,087007,RESPOP_AV,T,Y_GE15,TOTAL,ALL,24,ALL,ALL,2024,3635.31735469403,,,,,,,,ALL_N1,,,,,,,
IT1:DF_DCSS_ISTR_LAV_PEN_2_TV_3(1.0),A,087007,RESPOP_AV,T,Y_GE15,TOTAL,ALL,4,ALL,ALL,2018,4502,,,,,,,,ALL_N1,,,,,,,
IT1:DF_DCSS_ISTR_LAV_PEN_2_TV_3(1.0),A,087007,RESPOP_AV,T,Y_GE15,TOTAL,ALL,4,ALL,ALL,2019,4615,,,,,,,,ALL_N1,,,,,,,
IT1:DF_DCSS_ISTR_LAV_PEN_2_TV_3(1.0),A,087007,RESPOP_AV,T,Y_GE15,TOTAL,ALL,4,ALL,ALL,2021,4917.42311122532,,,,,,,,ALL_N1,,,,,,,
IT1:DF_DCSS_ISTR_LAV_PEN_2_TV_3(1.0),A,087007,RESPOP_AV,T,Y_GE15,TOTAL,ALL,4,ALL,ALL,2022,4752.08596885093,,,,,,,,ALL_N1,,,,,,,
IT1:DF_DCSS_ISTR_LAV_PEN_2_TV_3(1.0),A,087007,RESPOP_AV,T,Y_GE15,TOTAL,ALL,4,ALL,ALL,2023,4821.176989107093,,,,,,,,ALL_N1,,,,,,,
IT1:DF_DCSS_ISTR_LAV_PEN_2_TV_3(1.0),A,087007,RESPOP_AV,T,Y_GE15,TOTAL,ALL,4,ALL,ALL,2024,4667.844528627706,,,,,,,,ALL_N1,,,,,,,
IT1:DF_DCSS_ISTR_LAV_PEN_2_TV_3(1.0),A,087007,RESPOP_AV,T,Y_GE15,TOTAL,ALL,5,ALL,ALL,2018,1922,,,,,,,,ALL_N1,,,,,,,
IT1:DF_DCSS_ISTR_LAV_PEN_2_TV_3(1.0),A,087007,RESPOP_AV,T,Y_GE15,TOTAL,ALL,5,ALL,ALL,2019,2012,,,,,,,,ALL_N1,,,,,,,
IT1:DF_DCSS_ISTR_LAV_PEN_2_TV_3(1.0),A,087007,RESPOP_AV,T,Y_GE15,TOTAL,ALL,5,ALL,ALL,2021,2100.08531489889,,,,,,,,ALL_N1,,,,,,,
IT1:DF_DCSS_ISTR_LAV_PEN_2_TV_3(1.0),A,087007,RESPOP_AV,T,Y_GE15,TOTAL,ALL,5,ALL,ALL,2022,2169.59508261683,,,,,,,,ALL_N1,,,,,,,
IT1:DF_DCSS_ISTR_LAV_PEN_2_TV_3(1.0),A,087007,RESPOP_AV,T,Y_GE15,TOTAL,ALL,5,ALL,ALL,2023,2295.341000317806,,,,,,,,ALL_N1,,,,,,,
IT1:DF_DCSS_ISTR_LAV_PEN_2_TV_3(1.0),A,087007,RESPOP_AV,T,Y_GE15,TOTAL,ALL,5,ALL,ALL,2024,2231.5684493735494,,,,,,,,ALL_N1,,,,,,,
IT1:DF_DCSS_ISTR_LAV_PEN_2_TV_3(1.0),A,087007,RESPOP_AV,T,Y_GE15,TOTAL,ALL,7,ALL,ALL,2018,1981,,,,,,,,ALL_N1,,,,,,,
IT1:DF_DCSS_ISTR_LAV_PEN_2_TV_3(1.0),A,087007,RESPOP_AV,T,Y_GE15,TOTAL,ALL,7,ALL,ALL,2019,1784,,,,,,,,ALL_N1,,,,,,,
IT1:DF_DCSS_ISTR_LAV_PEN_2_TV_3(1.0),A,087007,RESPOP_AV,T,Y_GE15,TOTAL,ALL,7,ALL,ALL,2021,2224.94856418532,,,,,,,,ALL_N1,,,,,,,
IT1:DF_DCSS_ISTR_LAV_PEN_2_TV_3(1.0),A,087007,RESPOP_AV,T,Y_GE15,TOTAL,ALL,7,ALL,ALL,2022,2005.95371886852,,,,,,,,ALL_N1,,,,,,,
IT1:DF_DCSS_ISTR_LAV_PEN_2_TV_3(1.0),A,087007,RESPOP_AV,T,Y_GE15,TOTAL,ALL,7,ALL,ALL,2023,1981.2448805846232,,,,,,,,ALL_N1,,,,,,,
IT1:DF_DCSS_ISTR_LAV_PEN_2_TV_3(1.0),A,087007,RESPOP_AV,T,Y_GE15,TOTAL,ALL,7,ALL,ALL,2024,1722.6587081131354,,,,,,,,ALL_N1,,,,,,,
IT1:DF_DCSS_ISTR_LAV_PEN_2_TV_3(1.0),A,087007,RESPOP_AV,T,Y_GE15,TOTAL,ALL,99,ALL,ALL,2018,22759,,,,,,,,ALL_N1,99_N1,,,,,,
IT1:DF_DCSS_ISTR_LAV_PEN_2_TV_3(1.0),A,087007,RESPOP_AV,T,Y_GE15,TOTAL,ALL,99,ALL,ALL,2019,22787,,,,,,,,ALL_N1,99_N1,,,,,,
IT1:DF_DCSS_ISTR_LAV_PEN_2_TV_3(1.0),A,087007,RESPOP_AV,T,Y_GE15,TOTAL,ALL,99,ALL,ALL,2021,23217,,,,,,,,ALL_N1,99_N1,,,,,,
IT1:DF_DCSS_ISTR_LAV_PEN_2_TV_3(1.0),A,087007,RESPOP_AV,T,Y_GE15,TOTAL,ALL,99,ALL,ALL,2022,23366,,,,,,,,ALL_N1,99_N1,,,,,,
IT1:DF_DCSS_ISTR_LAV_PEN_2_TV_3(1.0),A,087007,RESPOP_AV,T,Y_GE15,TOTAL,ALL,99,ALL,ALL,2023,23587,,,,,,,,ALL_N1,99_N1,,,,,,
IT1:DF_DCSS_ISTR_LAV_PEN_2_TV_3(1.0),A,087007,RESPOP_AV,T,Y_GE15,TOTAL,ALL,99,ALL,ALL,2024,23683,,,,,,,,ALL_N1,99_N1,,,,,,
IT1:DF_DCSS_ISTR_LAV_PEN_2_TV_3(1.0),A,087008,RESPOP_AV,F,Y_GE15,TOTAL,ALL,1,ALL,ALL,2018,1763,,,,,,,,ALL_N1,,,,,,,
IT1:DF_DCSS_ISTR_LAV_PEN_2_TV_3(1.0),A,087008,RESPOP_AV,F,Y_GE15,TOTAL,ALL,1,ALL,ALL,2019,1776,,,,,,,,ALL_N1,,,,,,,
IT1:DF_DCSS_ISTR_LAV_PEN_2_TV_3(1.0),A,087008,RESPOP_AV,F,Y_GE15,TOTAL,ALL,1,ALL,ALL,2021,2005,,,,,,,,ALL_N1,,,,,,,
IT1:DF_DCSS_ISTR_LAV_PEN_2_TV_3(1.0),A,087008,RESPOP_AV,F,Y_GE15,TOTAL,ALL,1,ALL,ALL,2022,2026,,,,,,,,ALL_N1,,,,,,,
IT1:DF_DCSS_ISTR_LAV_PEN_2_TV_3(1.0),A,087008,RESPOP_AV,F,Y_GE15,TOTAL,ALL,1,ALL,ALL,2023,2203,,,,,,,,ALL_N1,,,,,,,
IT1:DF_DCSS_ISTR_LAV_PEN_2_TV_3(1.0),A,087008,RESPOP_AV,F,Y_GE15,TOTAL,ALL,1,ALL,ALL,2024,2296,,,,,,,,ALL_N1,,,,,,,
IT1:DF_DCSS_ISTR_LAV_PEN_2_TV_3(1.0),A,087008,RESPOP_AV,F,Y_GE15,TOTAL,ALL,12,ALL,ALL,2018,865,,,,,,,,ALL_N1,,,,,,,
IT1:DF_DCSS_ISTR_LAV_PEN_2_TV_3(1.0),A,087008,RESPOP_AV,F,Y_GE15,TOTAL,ALL,12,ALL,ALL,2019,999,,,,,,,,ALL_N1,,,,,,,
IT1:DF_DCSS_ISTR_LAV_PEN_2_TV_3(1.0),A,087008,RESPOP_AV,F,Y_GE15,TOTAL,ALL,12,ALL,ALL,2021,491.152955927496,,,,,,,,ALL_N1,,,,,,,
IT1:DF_DCSS_ISTR_LAV_PEN_2_TV_3(1.0),A,087008,RESPOP_AV,F,Y_GE15,TOTAL,ALL,12,ALL,ALL,2022,594.401261407327,,,,,,,,ALL_N1,,,,,,,
IT1:DF_DCSS_ISTR_LAV_PEN_2_TV_3(1.0),A,087008,RESPOP_AV,F,Y_GE15,TOTAL,ALL,12,ALL,ALL,2023,575.0858530266681,,,,,,,,ALL_N1,,,,,,,
IT1:DF_DCSS_ISTR_LAV_PEN_2_TV_3(1.0),A,087008,RESPOP_AV,F,Y_GE15,TOTAL,ALL,12,ALL,ALL,2024,536.2561913585686,,,,,,,,ALL_N1,,,,,,,
IT1:DF_DCSS_ISTR_LAV_PEN_2_TV_3(1.0),A,087008,RESPOP_AV,F,Y_GE15,TOTAL,ALL,22,ALL,ALL,2018,2628,,,,,,,,ALL_N1,,,,,,,
IT1:DF_DCSS_ISTR_LAV_PEN_2_TV_3(1.0),A,087008,RESPOP_AV,F,Y_GE15,TOTAL,ALL,22,ALL,ALL,2019,2775,,,,,,,,ALL_N1,,,,,,,
IT1:DF_DCSS_ISTR_LAV_PEN_2_TV_3(1.0),A,087008,RESPOP_AV,F,Y_GE15,TOTAL,ALL,22,ALL,ALL,2021,2496.1529559275,,,,,,,,ALL_N1,,,,,,,
IT1:DF_DCSS_ISTR_LAV_PEN_2_TV_3(1.0),A,087008,RESPOP_AV,F,Y_GE15,TOTAL,ALL,22,ALL,ALL,2022,2620.40126140733,,,,,,,,ALL_N1,,,,,,,
IT1:DF_DCSS_ISTR_LAV_PEN_2_TV_3(1.0),A,087008,RESPOP_AV,F,Y_GE15,TOTAL,ALL,22,ALL,ALL,2023,2778.0858530266682,,,,,,,,ALL_N1,,,,,,,
IT1:DF_DCSS_ISTR_LAV_PEN_2_TV_3(1.0),A,087008,RESPOP_AV,F,Y_GE15,TOTAL,ALL,22,ALL,ALL,2024,2832.2561913585687,,,,,,,,ALL_N1,,,,,,,
IT1:DF_DCSS_ISTR_LAV_PEN_2_TV_3(1.0),A,087008,RESPOP_AV,F,Y_GE15,TOTAL,ALL,23,ALL,ALL,2018,7393,,,,,,,,ALL_N1,,,,,,,
IT1:DF_DCSS_ISTR_LAV_PEN_2_TV_3(1.0),A,087008,RESPOP_AV,F,Y_GE15,TOTAL,ALL,23,ALL,ALL,2019,7215,,,,,,,,ALL_N1,,,,,,,
IT1:DF_DCSS_ISTR_LAV_PEN_2_TV_3(1.0),A,087008,RESPOP_AV,F,Y_GE15,TOTAL,ALL,23,ALL,ALL,2021,7464.8470440725,,,,,,,,ALL_N1,,,,,,,
IT1:DF_DCSS_ISTR_LAV_PEN_2_TV_3(1.0),A,087008,RESPOP_AV,F,Y_GE15,TOTAL,ALL,23,ALL,ALL,2022,7324.59873859267,,,,,,,,ALL_N1,,,,,,,
IT1:DF_DCSS_ISTR_LAV_PEN_2_TV_3(1.0),A,087008,RESPOP_AV,F,Y_GE15,TOTAL,ALL,23,ALL,ALL,2023,7182.914146973331,,,,,,,,ALL_N1,,,,,,,
IT1:DF_DCSS_ISTR_LAV_PEN_2_TV_3(1.0),A,087008,RESPOP_AV,F,Y_GE15,TOTAL,ALL,23,ALL,ALL,2024,7157.743808641431,,,,,,,,ALL_N1,,,,,,,
IT1:DF_DCSS_ISTR_LAV_PEN_2_TV_3(1.0),A,087008,RESPOP_AV,F,Y_GE15,TOTAL,ALL,24,ALL,ALL,2018,1343,,,,,,,,ALL_N1,,,,,,,
IT1:DF_DCSS_ISTR_LAV_PEN_2_TV_3(1.0),A,087008,RESPOP_AV,F,Y_GE15,TOTAL,ALL,24,ALL,ALL,2019,1264,,,,,,,,ALL_N1,,,,,,,
IT1:DF_DCSS_ISTR_LAV_PEN_2_TV_3(1.0),A,087008,RESPOP_AV,F,Y_GE15,TOTAL,ALL,24,ALL,ALL,2021,1361.75557654464,,,,,,,,ALL_N1,,,,,,,
IT1:DF_DCSS_ISTR_LAV_PEN_2_TV_3(1.0),A,087008,RESPOP_AV,F,Y_GE15,TOTAL,ALL,24,ALL,ALL,2022,1237.25187059319,,,,,,,,ALL_N1,,,,,,,
IT1:DF_DCSS_ISTR_LAV_PEN_2_TV_3(1.0),A,087008,RESPOP_AV,F,Y_GE15,TOTAL,ALL,24,ALL,ALL,2023,1223.865354855917,,,,,,,,ALL_N1,,,,,,,
IT1:DF_DCSS_ISTR_LAV_PEN_2_TV_3(1.0),A,087008,RESPOP_AV,F,Y_GE15,TOTAL,ALL,24,ALL,ALL,2024,1355.1779170109176,,,,,,,,ALL_N1,,,,,,,
IT1:DF_DCSS_ISTR_LAV_PEN_2_TV_3(1.0),A,087008,RESPOP_AV,F,Y_GE15,TOTAL,ALL,4,ALL,ALL,2018,4456,,,,,,,,ALL_N1,,,,,,,
IT1:DF_DCSS_ISTR_LAV_PEN_2_TV_3(1.0),A,087008,RESPOP_AV,F,Y_GE15,TOTAL,ALL,4,ALL,ALL,2019,4301,,,,,,,,ALL_N1,,,,,,,
IT1:DF_DCSS_ISTR_LAV_PEN_2_TV_3(1.0),A,087008,RESPOP_AV,F,Y_GE15,TOTAL,ALL,4,ALL,ALL,2021,4439.1754200715,,,,,,,,ALL_N1,,,,,,,
IT1:DF_DCSS_ISTR_LAV_PEN_2_TV_3(1.0),A,087008,RESPOP_AV,F,Y_GE15,TOTAL,ALL,4,ALL,ALL,2022,4318.13780759775,,,,,,,,ALL_N1,,,,,,,
IT1:DF_DCSS_ISTR_LAV_PEN_2_TV_3(1.0),A,087008,RESPOP_AV,F,Y_GE15,TOTAL,ALL,4,ALL,ALL,2023,4184.942040746322,,,,,,,,ALL_N1,,,,,,,
IT1:DF_DCSS_ISTR_LAV_PEN_2_TV_3(1.0),A,087008,RESPOP_AV,F,Y_GE15,TOTAL,ALL,4,ALL,ALL,2024,4087.9407443658365,,,,,,,,ALL_N1,,,,,,,
IT1:DF_DCSS_ISTR_LAV_PEN_2_TV_3(1.0),A,087008,RESPOP_AV,F,Y_GE15,TOTAL,ALL,5,ALL,ALL,2018,910,,,,,,,,ALL_N1,,,,,,,
IT1:DF_DCSS_ISTR_LAV_PEN_2_TV_3(1.0),A,087008,RESPOP_AV,F,Y_GE15,TOTAL,ALL,5,ALL,ALL,2019,994,,,,,,,,ALL_N1,,,,,,,
IT1:DF_DCSS_ISTR_LAV_PEN_2_TV_3(1.0),A,087008,RESPOP_AV,F,Y_GE15,TOTAL,ALL,5,ALL,ALL,2021,990.548949520579,,,,,,,,ALL_N1,,,,,,,
IT1:DF_DCSS_ISTR_LAV_PEN_2_TV_3(1.0),A,087008,RESPOP_AV,F,Y_GE15,TOTAL,ALL,5,ALL,ALL,2022,1027.34749354603,,,,,,,,ALL_N1,,,,,,,
IT1:DF_DCSS_ISTR_LAV_PEN_2_TV_3(1.0),A,087008,RESPOP_AV,F,Y_GE15,TOTAL,ALL,5,ALL,ALL,2023,1037.1710366484126,,,,,,,,ALL_N1,,,,,,,
IT1:DF_DCSS_ISTR_LAV_PEN_2_TV_3(1.0),A,087008,RESPOP_AV,F,Y_GE15,TOTAL,ALL,5,ALL,ALL,2024,1020.9134862064077,,,,,,,,ALL_N1,,,,,,,
IT1:DF_DCSS_ISTR_LAV_PEN_2_TV_3(1.0),A,087008,RESPOP_AV,F,Y_GE15,TOTAL,ALL,7,ALL,ALL,2018,684,,,,,,,,ALL_N1,,,,,,,
IT1:DF_DCSS_ISTR_LAV_PEN_2_TV_3(1.0),A,087008,RESPOP_AV,F,Y_GE15,TOTAL,ALL,7,ALL,ALL,2019,656,,,,,,,,ALL_N1,,,,,,,
IT1:DF_DCSS_ISTR_LAV_PEN_2_TV_3(1.0),A,087008,RESPOP_AV,F,Y_GE15,TOTAL,ALL,7,ALL,ALL,2021,673.367097935782,,,,,,,,ALL_N1,,,,,,,
IT1:DF_DCSS_ISTR_LAV_PEN_2_TV_3(1.0),A,087008,RESPOP_AV,F,Y_GE15,TOTAL,ALL,7,ALL,ALL,2022,741.861566855704,,,,,,,,ALL_N1,,,,,,,
IT1:DF_DCSS_ISTR_LAV_PEN_2_TV_3(1.0),A,087008,RESPOP_AV,F,Y_GE15,TOTAL,ALL,7,ALL,ALL,2023,736.9357147226794,,,,,,,,ALL_N1,,,,,,,
IT1:DF_DCSS_ISTR_LAV_PEN_2_TV_3(1.0),A,087008,RESPOP_AV,F,Y_GE15,TOTAL,ALL,7,ALL,ALL,2024,693.7116610582692,,,,,,,,ALL_N1,,,,,,,
IT1:DF_DCSS_ISTR_LAV_PEN_2_TV_3(1.0),A,087008,RESPOP_AV,F,Y_GE15,TOTAL,ALL,99,ALL,ALL,2018,10021,,,,,,,,ALL_N1,99_N1,,,,,,
IT1:DF_DCSS_ISTR_LAV_PEN_2_TV_3(1.0),A,087008,RESPOP_AV,F,Y_GE15,TOTAL,ALL,99,ALL,ALL,2019,9990,,,,,,,,ALL_N1,99_N1,,,,,,
IT1:DF_DCSS_ISTR_LAV_PEN_2_TV_3(1.0),A,087008,RESPOP_AV,F,Y_GE15,TOTAL,ALL,99,ALL,ALL,2021,9961,,,,,,,,ALL_N1,99_N1,,,,,,
IT1:DF_DCSS_ISTR_LAV_PEN_2_TV_3(1.0),A,087008,RESPOP_AV,F,Y_GE15,TOTAL,ALL,99,ALL,ALL,2022,9945,,,,,,,,ALL_N1,99_N1,,,,,,
IT1:DF_DCSS_ISTR_LAV_PEN_2_TV_3(1.0),A,087008,RESPOP_AV,F,Y_GE15,TOTAL,ALL,99,ALL,ALL,2023,9961,,,,,,,,ALL_N1,99_N1,,,,,,
IT1:DF_DCSS_ISTR_LAV_PEN_2_TV_3(1.0),A,087008,RESPOP_AV,F,Y_GE15,TOTAL,ALL,99,ALL,ALL,2024,9990,,,,,,,,ALL_N1,99_N1,,,,,,
IT1:DF_DCSS_ISTR_LAV_PEN_2_TV_3(1.0),A,087008,RESPOP_AV,M,Y_GE15,TOTAL,ALL,1,ALL,ALL,2018,3907,,,,,,,,ALL_N1,,,,,,,
IT1:DF_DCSS_ISTR_LAV_PEN_2_TV_3(1.0),A,087008,RESPOP_AV,M,Y_GE15,TOTAL,ALL,1,ALL,ALL,2019,4025,,,,,,,,ALL_N1,,,,,,,
IT1:DF_DCSS_ISTR_LAV_PEN_2_TV_3(1.0),A,087008,RESPOP_AV,M,Y_GE15,TOTAL,ALL,1,ALL,ALL,2021,3960,,,,,,,,ALL_N1,,,,,,,
IT1:DF_DCSS_ISTR_LAV_PEN_2_TV_3(1.0),A,087008,RESPOP_AV,M,Y_GE15,TOTAL,ALL,1,ALL,ALL,2022,4118,,,,,,,,ALL_N1,,,,,,,
IT1:DF_DCSS_ISTR_LAV_PEN_2_TV_3(1.0),A,087008,RESPOP_AV,M,Y_GE15,TOTAL,ALL,1,ALL,ALL,2023,4308,,,,,,,,ALL_N1,,,,,,,
IT1:DF_DCSS_ISTR_LAV_PEN_2_TV_3(1.0),A,087008,RESPOP_AV,M,Y_GE15,TOTAL,ALL,1,ALL,ALL,2024,4320,,,,,,,,ALL_N1,,,,,,,
IT1:DF_DCSS_ISTR_LAV_PEN_2_TV_3(1.0),A,087008,RESPOP_AV,M,Y_GE15,TOTAL,ALL,12,ALL,ALL,2018,1360,,,,,,,,ALL_N1,,,,,,,
IT1:DF_DCSS_ISTR_LAV_PEN_2_TV_3(1.0),A,087008,RESPOP_AV,M,Y_GE15,TOTAL,ALL,12,ALL,ALL,2019,1365,,,,,,,,ALL_N1,,,,,,,
IT1:DF_DCSS_ISTR_LAV_PEN_2_TV_3(1.0),A,087008,RESPOP_AV,M,Y_GE15,TOTAL,ALL,12,ALL,ALL,2021,850.332006022787,,,,,,,,ALL_N1,,,,,,,
IT1:DF_DCSS_ISTR_LAV_PEN_2_TV_3(1.0),A,087008,RESPOP_AV,M,Y_GE15,TOTAL,ALL,12,ALL,ALL,2022,865.002971827812,,,,,,,,ALL_N1,,,,,,,
IT1:DF_DCSS_ISTR_LAV_PEN_2_TV_3(1.0),A,087008,RESPOP_AV,M,Y_GE15,TOTAL,ALL,12,ALL,ALL,2023,793.1761915042144,,,,,,,,ALL_N1,,,,,,,
IT1:DF_DCSS_ISTR_LAV_PEN_2_TV_3(1.0),A,087008,RESPOP_AV,M,Y_GE15,TOTAL,ALL,12,ALL,ALL,2024,814.5714063882307,,,,,,,,ALL_N1,,,,,,,
IT1:DF_DCSS_ISTR_LAV_PEN_2_TV_3(1.0),A,087008,RESPOP_AV,M,Y_GE15,TOTAL,ALL,22,ALL,ALL,2018,5267,,,,,,,,ALL_N1,,,,,,,
IT1:DF_DCSS_ISTR_LAV_PEN_2_TV_3(1.0),A,087008,RESPOP_AV,M,Y_GE15,TOTAL,ALL,22,ALL,ALL,2019,5390,,,,,,,,ALL_N1,,,,,,,
IT1:DF_DCSS_ISTR_LAV_PEN_2_TV_3(1.0),A,087008,RESPOP_AV,M,Y_GE15,TOTAL,ALL,22,ALL,ALL,2021,4810.33200602279,,,,,,,,ALL_N1,,,,,,,
IT1:DF_DCSS_ISTR_LAV_PEN_2_TV_3(1.0),A,087008,RESPOP_AV,M,Y_GE15,TOTAL,ALL,22,ALL,ALL,2022,4983.00297182781,,,,,,,,ALL_N1,,,,,,,
IT1:DF_DCSS_ISTR_LAV_PEN_2_TV_3(1.0),A,087008,RESPOP_AV,M,Y_GE15,TOTAL,ALL,22,ALL,ALL,2023,5101.176191504214,,,,,,,,ALL_N1,,,,,,,
IT1:DF_DCSS_ISTR_LAV_PEN_2_TV_3(1.0),A,087008,RESPOP_AV,M,Y_GE15,TOTAL,ALL,22,ALL,ALL,2024,5134.571406388231,,,,,,,,ALL_N1,,,,,,,
IT1:DF_DCSS_ISTR_LAV_PEN_2_TV_3(1.0),A,087008,RESPOP_AV,M,Y_GE15,TOTAL,ALL,23,ALL,ALL,2018,4023,,,,,,,,ALL_N1,,,,,,,
IT1:DF_DCSS_ISTR_LAV_PEN_2_TV_3(1.0),A,087008,RESPOP_AV,M,Y_GE15,TOTAL,ALL,23,ALL,ALL,2019,3871,,,,,,,,ALL_N1,,,,,,,
IT1:DF_DCSS_ISTR_LAV_PEN_2_TV_3(1.0),A,087008,RESPOP_AV,M,Y_GE15,TOTAL,ALL,23,ALL,ALL,2021,4461.66799397721,,,,,,,,ALL_N1,,,,,,,
IT1:DF_DCSS_ISTR_LAV_PEN_2_TV_3(1.0),A,087008,RESPOP_AV,M,Y_GE15,TOTAL,ALL,23,ALL,ALL,2022,4305.99702817219,,,,,,,,ALL_N1,,,,,,,
IT1:DF_DCSS_ISTR_LAV_PEN_2_TV_3(1.0),A,087008,RESPOP_AV,M,Y_GE15,TOTAL,ALL,23,ALL,ALL,2023,4211.823808495787,,,,,,,,ALL_N1,,,,,,,
IT1:DF_DCSS_ISTR_LAV_PEN_2_TV_3(1.0),A,087008,RESPOP_AV,M,Y_GE15,TOTAL,ALL,23,ALL,ALL,2024,4197.428593611769,,,,,,,,ALL_N1,,,,,,,
IT1:DF_DCSS_ISTR_LAV_PEN_2_TV_3(1.0),A,087008,RESPOP_AV,M,Y_GE15,TOTAL,ALL,24,ALL,ALL,2018,1732,,,,,,,,ALL_N1,,,,,,,
IT1:DF_DCSS_ISTR_LAV_PEN_2_TV_3(1.0),A,087008,RESPOP_AV,M,Y_GE15,TOTAL,ALL,24,ALL,ALL,2019,1715,,,,,,,,ALL_N1,,,,,,,
IT1:DF_DCSS_ISTR_LAV_PEN_2_TV_3(1.0),A,087008,RESPOP_AV,M,Y_GE15,TOTAL,ALL,24,ALL,ALL,2021,1853.52547517356,,,,,,,,ALL_N1,,,,,,,
IT1:DF_DCSS_ISTR_LAV_PEN_2_TV_3(1.0),A,087008,RESPOP_AV,M,Y_GE15,TOTAL,ALL,24,ALL,ALL,2022,1812.62171631341,,,,,,,,ALL_N1,,,,,,,
IT1:DF_DCSS_ISTR_LAV_PEN_2_TV_3(1.0),A,087008,RESPOP_AV,M,Y_GE15,TOTAL,ALL,24,ALL,ALL,2023,1799.8992711891478,,,,,,,,ALL_N1,,,,,,,
IT1:DF_DCSS_ISTR_LAV_PEN_2_TV_3(1.0),A,087008,RESPOP_AV,M,Y_GE15,TOTAL,ALL,24,ALL,ALL,2024,1901.0980834755899,,,,,,,,ALL_N1,,,,,,,
IT1:DF_DCSS_ISTR_LAV_PEN_2_TV_3(1.0),A,087008,RESPOP_AV,M,Y_GE15,TOTAL,ALL,4,ALL,ALL,2018,244,,,,,,,,ALL_N1,,,,,,,
IT1:DF_DCSS_ISTR_LAV_PEN_2_TV_3(1.0),A,087008,RESPOP_AV,M,Y_GE15,TOTAL,ALL,4,ALL,ALL,2019,224,,,,,,,,ALL_N1,,,,,,,
IT1:DF_DCSS_ISTR_LAV_PEN_2_TV_3(1.0),A,087008,RESPOP_AV,M,Y_GE15,TOTAL,ALL,4,ALL,ALL,2021,393.948912943231,,,,,,,,ALL_N1,,,,,,,
IT1:DF_DCSS_ISTR_LAV_PEN_2_TV_3(1.0),A,087008,RESPOP_AV,M,Y_GE15,TOTAL,ALL,4,ALL,ALL,2022,347.71322053461,,,,,,,,ALL_N1,,,,,,,
IT1:DF_DCSS_ISTR_LAV_PEN_2_TV_3(1.0),A,087008,RESPOP_AV,M,Y_GE15,TOTAL,ALL,4,ALL,ALL,2023,367.1126200872407,,,,,,,,ALL_N1,,,,,,,
IT1:DF_DCSS_ISTR_LAV_PEN_2_TV_3(1.0),A,087008,RESPOP_AV,M,Y_GE15,TOTAL,ALL,4,ALL,ALL,2024,312.35362526616035,,,,,,,,ALL_N1,,,,,,,
IT1:DF_DCSS_ISTR_LAV_PEN_2_TV_3(1.0),A,087008,RESPOP_AV,M,Y_GE15,TOTAL,ALL,5,ALL,ALL,2018,840,,,,,,,,ALL_N1,,,,,,,
IT1:DF_DCSS_ISTR_LAV_PEN_2_TV_3(1.0),A,087008,RESPOP_AV,M,Y_GE15,TOTAL,ALL,5,ALL,ALL,2019,866,,,,,,,,ALL_N1,,,,,,,
IT1:DF_DCSS_ISTR_LAV_PEN_2_TV_3(1.0),A,087008,RESPOP_AV,M,Y_GE15,TOTAL,ALL,5,ALL,ALL,2021,876.630145398012,,,,,,,,ALL_N1,,,,,,,
IT1:DF_DCSS_ISTR_LAV_PEN_2_TV_3(1.0),A,087008,RESPOP_AV,M,Y_GE15,TOTAL,ALL,5,ALL,ALL,2022,908.61909362094,,,,,,,,ALL_N1,,,,,,,
IT1:DF_DCSS_ISTR_LAV_PEN_2_TV_3(1.0),A,087008,RESPOP_AV,M,Y_GE15,TOTAL,ALL,5,ALL,ALL,2023,882.4566662557361,,,,,,,,ALL_N1,,,,,,,
IT1:DF_DCSS_ISTR_LAV_PEN_2_TV_3(1.0),A,087008,RESPOP_AV,M,Y_GE15,TOTAL,ALL,5,ALL,ALL,2024,853.653218719453,,,,,,,,ALL_N1,,,,,,,
IT1:DF_DCSS_ISTR_LAV_PEN_2_TV_3(1.0),A,087008,RESPOP_AV,M,Y_GE15,TOTAL,ALL,7,ALL,ALL,2018,1207,,,,,,,,ALL_N1,,,,,,,
IT1:DF_DCSS_ISTR_LAV_PEN_2_TV_3(1.0),A,087008,RESPOP_AV,M,Y_GE15,TOTAL,ALL,7,ALL,ALL,2019,1066,,,,,,,,ALL_N1,,,,,,,
IT1:DF_DCSS_ISTR_LAV_PEN_2_TV_3(1.0),A,087008,RESPOP_AV,M,Y_GE15,TOTAL,ALL,7,ALL,ALL,2021,1337.56346046241,,,,,,,,ALL_N1,,,,,,,
IT1:DF_DCSS_ISTR_LAV_PEN_2_TV_3(1.0),A,087008,RESPOP_AV,M,Y_GE15,TOTAL,ALL,7,ALL,ALL,2022,1237.04299770323,,,,,,,,ALL_N1,,,,,,,
IT1:DF_DCSS_ISTR_LAV_PEN_2_TV_3(1.0),A,087008,RESPOP_AV,M,Y_GE15,TOTAL,ALL,7,ALL,ALL,2023,1162.3552509636615,,,,,,,,ALL_N1,,,,,,,
IT1:DF_DCSS_ISTR_LAV_PEN_2_TV_3(1.0),A,087008,RESPOP_AV,M,Y_GE15,TOTAL,ALL,7,ALL,ALL,2024,1130.3236661505662,,,,,,,,ALL_N1,,,,,,,
IT1:DF_DCSS_ISTR_LAV_PEN_2_TV_3(1.0),A,087008,RESPOP_AV,M,Y_GE15,TOTAL,ALL,99,ALL,ALL,2018,9290,,,,,,,,ALL_N1,99_N1,,,,,,
IT1:DF_DCSS_ISTR_LAV_PEN_2_TV_3(1.0),A,087008,RESPOP_AV,M,Y_GE15,TOTAL,ALL,99,ALL,ALL,2019,9261,,,,,,,,ALL_N1,99_N1,,,,,,
IT1:DF_DCSS_ISTR_LAV_PEN_2_TV_3(1.0),A,087008,RESPOP_AV,M,Y_GE15,TOTAL,ALL,99,ALL,ALL,2021,9272,,,,,,,,ALL_N1,99_N1,,,,,,
IT1:DF_DCSS_ISTR_LAV_PEN_2_TV_3(1.0),A,087008,RESPOP_AV,M,Y_GE15,TOTAL,ALL,99,ALL,ALL,2022,9289,,,,,,,,ALL_N1,99_N1,,,,,,
IT1:DF_DCSS_ISTR_LAV_PEN_2_TV_3(1.0),A,087008,RESPOP_AV,M,Y_GE15,TOTAL,ALL,99,ALL,ALL,2023,9313,,,,,,,,ALL_N1,99_N1,,,,,,
IT1:DF_DCSS_ISTR_LAV_PEN_2_TV_3(1.0),A,087008,RESPOP_AV,M,Y_GE15,TOTAL,ALL,99,ALL,ALL,2024,9332,,,,,,,,ALL_N1,99_N1,,,,,,
IT1:DF_DCSS_ISTR_LAV_PEN_2_TV_3(1.0),A,087008,RESPOP_AV,T,Y_GE15,TOTAL,ALL,1,ALL,ALL,2018,5670,,,,,,,,ALL_N1,,,,,,,
IT1:DF_DCSS_ISTR_LAV_PEN_2_TV_3(1.0),A,087008,RESPOP_AV,T,Y_GE15,TOTAL,ALL,1,ALL,ALL,2019,5801,,,,,,,,ALL_N1,,,,,,,
IT1:DF_DCSS_ISTR_LAV_PEN_2_TV_3(1.0),A,087008,RESPOP_AV,T,Y_GE15,TOTAL,ALL,1,ALL,ALL,2021,5965,,,,,,,,ALL_N1,,,,,,,
IT1:DF_DCSS_ISTR_LAV_PEN_2_TV_3(1.0),A,087008,RESPOP_AV,T,Y_GE15,TOTAL,ALL,1,ALL,ALL,2022,6144,,,,,,,,ALL_N1,,,,,,,
IT1:DF_DCSS_ISTR_LAV_PEN_2_TV_3(1.0),A,087008,RESPOP_AV,T,Y_GE15,TOTAL,ALL,1,ALL,ALL,2023,6511,,,,,,,,ALL_N1,,,,,,,
IT1:DF_DCSS_ISTR_LAV_PEN_2_TV_3(1.0),A,087008,RESPOP_AV,T,Y_GE15,TOTAL,ALL,1,ALL,ALL,2024,6616,,,,,,,,ALL_N1,,,,,,,
IT1:DF_DCSS_ISTR_LAV_PEN_2_TV_3(1.0),A,087008,RESPOP_AV,T,Y_GE15,TOTAL,ALL,12,ALL,ALL,2018,2225,,,,,,,,ALL_N1,,,,,,,
IT1:DF_DCSS_ISTR_LAV_PEN_2_TV_3(1.0),A,087008,RESPOP_AV,T,Y_GE15,TOTAL,ALL,12,ALL,ALL,2019,2364,,,,,,,,ALL_N1,,,,,,,
IT1:DF_DCSS_ISTR_LAV_PEN_2_TV_3(1.0),A,087008,RESPOP_AV,T,Y_GE15,TOTAL,ALL,12,ALL,ALL,2021,1341.48496195028,,,,,,,,ALL_N1,,,,,,,
IT1:DF_DCSS_ISTR_LAV_PEN_2_TV_3(1.0),A,087008,RESPOP_AV,T,Y_GE15,TOTAL,ALL,12,ALL,ALL,2022,1459.40423323514,,,,,,,,ALL_N1,,,,,,,
IT1:DF_DCSS_ISTR_LAV_PEN_2_TV_3(1.0),A,087008,RESPOP_AV,T,Y_GE15,TOTAL,ALL,12,ALL,ALL,2023,1368.2620445308826,,,,,,,,ALL_N1,,,,,,,
IT1:DF_DCSS_ISTR_LAV_PEN_2_TV_3(1.0),A,087008,RESPOP_AV,T,Y_GE15,TOTAL,ALL,12,ALL,ALL,2024,1350.8275977467993,,,,,,,,ALL_N1,,,,,,,
IT1:DF_DCSS_ISTR_LAV_PEN_2_TV_3(1.0),A,087008,RESPOP_AV,T,Y_GE15,TOTAL,ALL,22,ALL,ALL,2018,7895,,,,,,,,ALL_N1,,,,,,,
IT1:DF_DCSS_ISTR_LAV_PEN_2_TV_3(1.0),A,087008,RESPOP_AV,T,Y_GE15,TOTAL,ALL,22,ALL,ALL,2019,8165,,,,,,,,ALL_N1,,,,,,,
IT1:DF_DCSS_ISTR_LAV_PEN_2_TV_3(1.0),A,087008,RESPOP_AV,T,Y_GE15,TOTAL,ALL,22,ALL,ALL,2021,7306.48496195028,,,,,,,,ALL_N1,,,,,,,
IT1:DF_DCSS_ISTR_LAV_PEN_2_TV_3(1.0),A,087008,RESPOP_AV,T,Y_GE15,TOTAL,ALL,22,ALL,ALL,2022,7603.40423323514,,,,,,,,ALL_N1,,,,,,,
IT1:DF_DCSS_ISTR_LAV_PEN_2_TV_3(1.0),A,087008,RESPOP_AV,T,Y_GE15,TOTAL,ALL,22,ALL,ALL,2023,7879.262044530883,,,,,,,,ALL_N1,,,,,,,
IT1:DF_DCSS_ISTR_LAV_PEN_2_TV_3(1.0),A,087008,RESPOP_AV,T,Y_GE15,TOTAL,ALL,22,ALL,ALL,2024,7966.827597746799,,,,,,,,ALL_N1,,,,,,,
IT1:DF_DCSS_ISTR_LAV_PEN_2_TV_3(1.0),A,087008,RESPOP_AV,T,Y_GE15,TOTAL,ALL,23,ALL,ALL,2018,11416,,,,,,,,ALL_N1,,,,,,,
IT1:DF_DCSS_ISTR_LAV_PEN_2_TV_3(1.0),A,087008,RESPOP_AV,T,Y_GE15,TOTAL,ALL,23,ALL,ALL,2019,11086,,,,,,,,ALL_N1,,,,,,,
IT1:DF_DCSS_ISTR_LAV_PEN_2_TV_3(1.0),A,087008,RESPOP_AV,T,Y_GE15,TOTAL,ALL,23,ALL,ALL,2021,11926.5150380497,,,,,,,,ALL_N1,,,,,,,
IT1:DF_DCSS_ISTR_LAV_PEN_2_TV_3(1.0),A,087008,RESPOP_AV,T,Y_GE15,TOTAL,ALL,23,ALL,ALL,2022,11630.5957667649,,,,,,,,ALL_N1,,,,,,,
IT1:DF_DCSS_ISTR_LAV_PEN_2_TV_3(1.0),A,087008,RESPOP_AV,T,Y_GE15,TOTAL,ALL,23,ALL,ALL,2023,11394.737955469118,,,,,,,,ALL_N1,,,,,,,
IT1:DF_DCSS_ISTR_LAV_PEN_2_TV_3(1.0),A,087008,RESPOP_AV,T,Y_GE15,TOTAL,ALL,23,ALL,ALL,2024,11355.1724022532,,,,,,,,ALL_N1,,,,,,,
IT1:DF_DCSS_ISTR_LAV_PEN_2_TV_3(1.0),A,087008,RESPOP_AV,T,Y_GE15,TOTAL,ALL,24,ALL,ALL,2018,3075,,,,,,,,ALL_N1,,,,,,,
IT1:DF_DCSS_ISTR_LAV_PEN_2_TV_3(1.0),A,087008,RESPOP_AV,T,Y_GE15,TOTAL,ALL,24,ALL,ALL,2019,2979,,,,,,,,ALL_N1,,,,,,,
IT1:DF_DCSS_ISTR_LAV_PEN_2_TV_3(1.0),A,087008,RESPOP_AV,T,Y_GE15,TOTAL,ALL,24,ALL,ALL,2021,3215.28105171821,,,,,,,,ALL_N1,,,,,,,
IT1:DF_DCSS_ISTR_LAV_PEN_2_TV_3(1.0),A,087008,RESPOP_AV,T,Y_GE15,TOTAL,ALL,24,ALL,ALL,2022,3049.87358690659,,,,,,,,ALL_N1,,,,,,,
IT1:DF_DCSS_ISTR_LAV_PEN_2_TV_3(1.0),A,087008,RESPOP_AV,T,Y_GE15,TOTAL,ALL,24,ALL,ALL,2023,3023.764626045065,,,,,,,,ALL_N1,,,,,,,
IT1:DF_DCSS_ISTR_LAV_PEN_2_TV_3(1.0),A,087008,RESPOP_AV,T,Y_GE15,TOTAL,ALL,24,ALL,ALL,2024,3256.276000486507,,,,,,,,ALL_N1,,,,,,,
IT1:DF_DCSS_ISTR_LAV_PEN_2_TV_3(1.0),A,087008,RESPOP_AV,T,Y_GE15,TOTAL,ALL,4,ALL,ALL,2018,4700,,,,,,,,ALL_N1,,,,,,,
IT1:DF_DCSS_ISTR_LAV_PEN_2_TV_3(1.0),A,087008,RESPOP_AV,T,Y_GE15,TOTAL,ALL,4,ALL,ALL,2019,4525,,,,,,,,ALL_N1,,,,,,,
IT1:DF_DCSS_ISTR_LAV_PEN_2_TV_3(1.0),A,087008,RESPOP_AV,T,Y_GE15,TOTAL,ALL,4,ALL,ALL,2021,4833.12433301473,,,,,,,,ALL_N1,,,,,,,
IT1:DF_DCSS_ISTR_LAV_PEN_2_TV_3(1.0),A,087008,RESPOP_AV,T,Y_GE15,TOTAL,ALL,4,ALL,ALL,2022,4665.85102813236,,,,,,,,ALL_N1,,,,,,,
IT1:DF_DCSS_ISTR_LAV_PEN_2_TV_3(1.0),A,087008,RESPOP_AV,T,Y_GE15,TOTAL,ALL,4,ALL,ALL,2023,4552.054660833563,,,,,,,,ALL_N1,,,,,,,
IT1:DF_DCSS_ISTR_LAV_PEN_2_TV_3(1.0),A,087008,RESPOP_AV,T,Y_GE15,TOTAL,ALL,4,ALL,ALL,2024,4400.294369631997,,,,,,,,ALL_N1,,,,,,,
IT1:DF_DCSS_ISTR_LAV_PEN_2_TV_3(1.0),A,087008,RESPOP_AV,T,Y_GE15,TOTAL,ALL,5,ALL,ALL,2018,1750,,,,,,,,ALL_N1,,,,,,,
IT1:DF_DCSS_ISTR_LAV_PEN_2_TV_3(1.0),A,087008,RESPOP_AV,T,Y_GE15,TOTAL,ALL,5,ALL,ALL,2019,1860,,,,,,,,ALL_N1,,,,,,,
IT1:DF_DCSS_ISTR_LAV_PEN_2_TV_3(1.0),A,087008,RESPOP_AV,T,Y_GE15,TOTAL,ALL,5,ALL,ALL,2021,1867.17909491859,,,,,,,,ALL_N1,,,,,,,
IT1:DF_DCSS_ISTR_LAV_PEN_2_TV_3(1.0),A,087008,RESPOP_AV,T,Y_GE15,TOTAL,ALL,5,ALL,ALL,2022,1935.96658716697,,,,,,,,ALL_N1,,,,,,,
IT1:DF_DCSS_ISTR_LAV_PEN_2_TV_3(1.0),A,087008,RESPOP_AV,T,Y_GE15,TOTAL,ALL,5,ALL,ALL,2023,1919.6277029041487,,,,,,,,ALL_N1,,,,,,,
IT1:DF_DCSS_ISTR_LAV_PEN_2_TV_3(1.0),A,087008,RESPOP_AV,T,Y_GE15,TOTAL,ALL,5,ALL,ALL,2024,1874.5667049258607,,,,,,,,ALL_N1,,,,,,,
IT1:DF_DCSS_ISTR_LAV_PEN_2_TV_3(1.0),A,087008,RESPOP_AV,T,Y_GE15,TOTAL,ALL,7,ALL,ALL,2018,1891,,,,,,,,ALL_N1,,,,,,,
IT1:DF_DCSS_ISTR_LAV_PEN_2_TV_3(1.0),A,087008,RESPOP_AV,T,Y_GE15,TOTAL,ALL,7,ALL,ALL,2019,1722,,,,,,,,ALL_N1,,,,,,,
IT1:DF_DCSS_ISTR_LAV_PEN_2_TV_3(1.0),A,087008,RESPOP_AV,T,Y_GE15,TOTAL,ALL,7,ALL,ALL,2021,2010.93055839819,,,,,,,,ALL_N1,,,,,,,
IT1:DF_DCSS_ISTR_LAV_PEN_2_TV_3(1.0),A,087008,RESPOP_AV,T,Y_GE15,TOTAL,ALL,7,ALL,ALL,2022,1978.90456455894,,,,,,,,ALL_N1,,,,,,,
IT1:DF_DCSS_ISTR_LAV_PEN_2_TV_3(1.0),A,087008,RESPOP_AV,T,Y_GE15,TOTAL,ALL,7,ALL,ALL,2023,1899.290965686341,,,,,,,,ALL_N1,,,,,,,
IT1:DF_DCSS_ISTR_LAV_PEN_2_TV_3(1.0),A,087008,RESPOP_AV,T,Y_GE15,TOTAL,ALL,7,ALL,ALL,2024,1824.0353272088355,,,,,,,,ALL_N1,,,,,,,
IT1:DF_DCSS_ISTR_LAV_PEN_2_TV_3(1.0),A,087008,RESPOP_AV,T,Y_GE15,TOTAL,ALL,99,ALL,ALL,2018,19311,,,,,,,,ALL_N1,99_N1,,,,,,
IT1:DF_DCSS_ISTR_LAV_PEN_2_TV_3(1.0),A,087008,RESPOP_AV,T,Y_GE15,TOTAL,ALL,99,ALL,ALL,2019,19251,,,,,,,,ALL_N1,99_N1,,,,,,
IT1:DF_DCSS_ISTR_LAV_PEN_2_TV_3(1.0),A,087008,RESPOP_AV,T,Y_GE15,TOTAL,ALL,99,ALL,ALL,2021,19233,,,,,,,,ALL_N1,99_N1,,,,,,
IT1:DF_DCSS_ISTR_LAV_PEN_2_TV_3(1.0),A,087008,RESPOP_AV,T,Y_GE15,TOTAL,ALL,99,ALL,ALL,2022,19234,,,,,,,,ALL_N1,99_N1,,,,,,
IT1:DF_DCSS_ISTR_LAV_PEN_2_TV_3(1.0),A,087008,RESPOP_AV,T,Y_GE15,TOTAL,ALL,99,ALL,ALL,2023,19274,,,,,,,,ALL_N1,99_N1,,,,,,
IT1:DF_DCSS_ISTR_LAV_PEN_2_TV_3(1.0),A,087008,RESPOP_AV,T,Y_GE15,TOTAL,ALL,99,ALL,ALL,2024,19322,,,,,,,,ALL_N1,99_N1,,,,,,
IT1:DF_DCSS_ISTR_LAV_PEN_2_TV_3(1.0),A,087009,RESPOP_AV,F,Y_GE15,TOTAL,ALL,1,ALL,ALL,2018,2169,,,,,,,,ALL_N1,,,,,,,
IT1:DF_DCSS_ISTR_LAV_PEN_2_TV_3(1.0),A,087009,RESPOP_AV,F,Y_GE15,TOTAL,ALL,1,ALL,ALL,2019,2194,,,,,,,,ALL_N1,,,,,,,
IT1:DF_DCSS_ISTR_LAV_PEN_2_TV_3(1.0),A,087009,RESPOP_AV,F,Y_GE15,TOTAL,ALL,1,ALL,ALL,2021,2273,,,,,,,,ALL_N1,,,,,,,
IT1:DF_DCSS_ISTR_LAV_PEN_2_TV_3(1.0),A,087009,RESPOP_AV,F,Y_GE15,TOTAL,ALL,1,ALL,ALL,2022,2375,,,,,,,,ALL_N1,,,,,,,
IT1:DF_DCSS_ISTR_LAV_PEN_2_TV_3(1.0),A,087009,RESPOP_AV,F,Y_GE15,TOTAL,ALL,1,ALL,ALL,2023,2482,,,,,,,,ALL_N1,,,,,,,
IT1:DF_DCSS_ISTR_LAV_PEN_2_TV_3(1.0),A,087009,RESPOP_AV,F,Y_GE15,TOTAL,ALL,1,ALL,ALL,2024,2539,,,,,,,,ALL_N1,,,,,,,
IT1:DF_DCSS_ISTR_LAV_PEN_2_TV_3(1.0),A,087009,RESPOP_AV,F,Y_GE15,TOTAL,ALL,12,ALL,ALL,2018,864,,,,,,,,ALL_N1,,,,,,,
IT1:DF_DCSS_ISTR_LAV_PEN_2_TV_3(1.0),A,087009,RESPOP_AV,F,Y_GE15,TOTAL,ALL,12,ALL,ALL,2019,908,,,,,,,,ALL_N1,,,,,,,
IT1:DF_DCSS_ISTR_LAV_PEN_2_TV_3(1.0),A,087009,RESPOP_AV,F,Y_GE15,TOTAL,ALL,12,ALL,ALL,2021,421.723720103815,,,,,,,,ALL_N1,,,,,,,
IT1:DF_DCSS_ISTR_LAV_PEN_2_TV_3(1.0),A,087009,RESPOP_AV,F,Y_GE15,TOTAL,ALL,12,ALL,ALL,2022,458.978374652105,,,,,,,,ALL_N1,,,,,,,
IT1:DF_DCSS_ISTR_LAV_PEN_2_TV_3(1.0),A,087009,RESPOP_AV,F,Y_GE15,TOTAL,ALL,12,ALL,ALL,2023,443.9765627797307,,,,,,,,ALL_N1,,,,,,,
IT1:DF_DCSS_ISTR_LAV_PEN_2_TV_3(1.0),A,087009,RESPOP_AV,F,Y_GE15,TOTAL,ALL,12,ALL,ALL,2024,408.66431635494666,,,,,,,,ALL_N1,,,,,,,
IT1:DF_DCSS_ISTR_LAV_PEN_2_TV_3(1.0),A,087009,RESPOP_AV,F,Y_GE15,TOTAL,ALL,22,ALL,ALL,2018,3033,,,,,,,,ALL_N1,,,,,,,
IT1:DF_DCSS_ISTR_LAV_PEN_2_TV_3(1.0),A,087009,RESPOP_AV,F,Y_GE15,TOTAL,ALL,22,ALL,ALL,2019,3102,,,,,,,,ALL_N1,,,,,,,
IT1:DF_DCSS_ISTR_LAV_PEN_2_TV_3(1.0),A,087009,RESPOP_AV,F,Y_GE15,TOTAL,ALL,22,ALL,ALL,2021,2694.72372010382,,,,,,,,ALL_N1,,,,,,,
IT1:DF_DCSS_ISTR_LAV_PEN_2_TV_3(1.0),A,087009,RESPOP_AV,F,Y_GE15,TOTAL,ALL,22,ALL,ALL,2022,2833.97837465211,,,,,,,,ALL_N1,,,,,,,
IT1:DF_DCSS_ISTR_LAV_PEN_2_TV_3(1.0),A,087009,RESPOP_AV,F,Y_GE15,TOTAL,ALL,22,ALL,ALL,2023,2925.9765627797306,,,,,,,,ALL_N1,,,,,,,
IT1:DF_DCSS_ISTR_LAV_PEN_2_TV_3(1.0),A,087009,RESPOP_AV,F,Y_GE15,TOTAL,ALL,22,ALL,ALL,2024,2947.6643163549465,,,,,,,,ALL_N1,,,,,,,
IT1:DF_DCSS_ISTR_LAV_PEN_2_TV_3(1.0),A,087009,RESPOP_AV,F,Y_GE15,TOTAL,ALL,23,ALL,ALL,2018,5356,,,,,,,,ALL_N1,,,,,,,
IT1:DF_DCSS_ISTR_LAV_PEN_2_TV_3(1.0),A,087009,RESPOP_AV,F,Y_GE15,TOTAL,ALL,23,ALL,ALL,2019,5273,,,,,,,,ALL_N1,,,,,,,
IT1:DF_DCSS_ISTR_LAV_PEN_2_TV_3(1.0),A,087009,RESPOP_AV,F,Y_GE15,TOTAL,ALL,23,ALL,ALL,2021,5601.27627989619,,,,,,,,ALL_N1,,,,,,,
IT1:DF_DCSS_ISTR_LAV_PEN_2_TV_3(1.0),A,087009,RESPOP_AV,F,Y_GE15,TOTAL,ALL,23,ALL,ALL,2022,5470.02162534789,,,,,,,,ALL_N1,,,,,,,
IT1:DF_DCSS_ISTR_LAV_PEN_2_TV_3(1.0),A,087009,RESPOP_AV,F,Y_GE15,TOTAL,ALL,23,ALL,ALL,2023,5363.023437220269,,,,,,,,ALL_N1,,,,,,,
IT1:DF_DCSS_ISTR_LAV_PEN_2_TV_3(1.0),A,087009,RESPOP_AV,F,Y_GE15,TOTAL,ALL,23,ALL,ALL,2024,5351.335683645054,,,,,,,,ALL_N1,,,,,,,
IT1:DF_DCSS_ISTR_LAV_PEN_2_TV_3(1.0),A,087009,RESPOP_AV,F,Y_GE15,TOTAL,ALL,24,ALL,ALL,2018,1401,,,,,,,,ALL_N1,,,,,,,
IT1:DF_DCSS_ISTR_LAV_PEN_2_TV_3(1.0),A,087009,RESPOP_AV,F,Y_GE15,TOTAL,ALL,24,ALL,ALL,2019,1359,,,,,,,,ALL_N1,,,,,,,
IT1:DF_DCSS_ISTR_LAV_PEN_2_TV_3(1.0),A,087009,RESPOP_AV,F,Y_GE15,TOTAL,ALL,24,ALL,ALL,2021,1482.88424119387,,,,,,,,ALL_N1,,,,,,,
IT1:DF_DCSS_ISTR_LAV_PEN_2_TV_3(1.0),A,087009,RESPOP_AV,F,Y_GE15,TOTAL,ALL,24,ALL,ALL,2022,1470.72661040131,,,,,,,,ALL_N1,,,,,,,
IT1:DF_DCSS_ISTR_LAV_PEN_2_TV_3(1.0),A,087009,RESPOP_AV,F,Y_GE15,TOTAL,ALL,24,ALL,ALL,2023,1432.99032433812,,,,,,,,ALL_N1,,,,,,,
IT1:DF_DCSS_ISTR_LAV_PEN_2_TV_3(1.0),A,087009,RESPOP_AV,F,Y_GE15,TOTAL,ALL,24,ALL,ALL,2024,1473.2946435065771,,,,,,,,ALL_N1,,,,,,,
IT1:DF_DCSS_ISTR_LAV_PEN_2_TV_3(1.0),A,087009,RESPOP_AV,F,Y_GE15,TOTAL,ALL,4,ALL,ALL,2018,2543,,,,,,,,ALL_N1,,,,,,,
IT1:DF_DCSS_ISTR_LAV_PEN_2_TV_3(1.0),A,087009,RESPOP_AV,F,Y_GE15,TOTAL,ALL,4,ALL,ALL,2019,2520,,,,,,,,ALL_N1,,,,,,,
IT1:DF_DCSS_ISTR_LAV_PEN_2_TV_3(1.0),A,087009,RESPOP_AV,F,Y_GE15,TOTAL,ALL,4,ALL,ALL,2021,2606.50070072106,,,,,,,,ALL_N1,,,,,,,
IT1:DF_DCSS_ISTR_LAV_PEN_2_TV_3(1.0),A,087009,RESPOP_AV,F,Y_GE15,TOTAL,ALL,4,ALL,ALL,2022,2534.79442134732,,,,,,,,ALL_N1,,,,,,,
IT1:DF_DCSS_ISTR_LAV_PEN_2_TV_3(1.0),A,087009,RESPOP_AV,F,Y_GE15,TOTAL,ALL,4,ALL,ALL,2023,2402.127119486508,,,,,,,,ALL_N1,,,,,,,
IT1:DF_DCSS_ISTR_LAV_PEN_2_TV_3(1.0),A,087009,RESPOP_AV,F,Y_GE15,TOTAL,ALL,4,ALL,ALL,2024,2386.954157800474,,,,,,,,ALL_N1,,,,,,,
IT1:DF_DCSS_ISTR_LAV_PEN_2_TV_3(1.0),A,087009,RESPOP_AV,F,Y_GE15,TOTAL,ALL,5,ALL,ALL,2018,786,,,,,,,,ALL_N1,,,,,,,
IT1:DF_DCSS_ISTR_LAV_PEN_2_TV_3(1.0),A,087009,RESPOP_AV,F,Y_GE15,TOTAL,ALL,5,ALL,ALL,2019,822,,,,,,,,ALL_N1,,,,,,,
IT1:DF_DCSS_ISTR_LAV_PEN_2_TV_3(1.0),A,087009,RESPOP_AV,F,Y_GE15,TOTAL,ALL,5,ALL,ALL,2021,879.251964991132,,,,,,,,ALL_N1,,,,,,,
IT1:DF_DCSS_ISTR_LAV_PEN_2_TV_3(1.0),A,087009,RESPOP_AV,F,Y_GE15,TOTAL,ALL,5,ALL,ALL,2022,882.92004753551,,,,,,,,ALL_N1,,,,,,,
IT1:DF_DCSS_ISTR_LAV_PEN_2_TV_3(1.0),A,087009,RESPOP_AV,F,Y_GE15,TOTAL,ALL,5,ALL,ALL,2023,905.7638436501827,,,,,,,,ALL_N1,,,,,,,
IT1:DF_DCSS_ISTR_LAV_PEN_2_TV_3(1.0),A,087009,RESPOP_AV,F,Y_GE15,TOTAL,ALL,5,ALL,ALL,2024,907.1432757736738,,,,,,,,ALL_N1,,,,,,,
IT1:DF_DCSS_ISTR_LAV_PEN_2_TV_3(1.0),A,087009,RESPOP_AV,F,Y_GE15,TOTAL,ALL,7,ALL,ALL,2018,627,,,,,,,,ALL_N1,,,,,,,
IT1:DF_DCSS_ISTR_LAV_PEN_2_TV_3(1.0),A,087009,RESPOP_AV,F,Y_GE15,TOTAL,ALL,7,ALL,ALL,2019,572,,,,,,,,ALL_N1,,,,,,,
IT1:DF_DCSS_ISTR_LAV_PEN_2_TV_3(1.0),A,087009,RESPOP_AV,F,Y_GE15,TOTAL,ALL,7,ALL,ALL,2021,632.639372990119,,,,,,,,ALL_N1,,,,,,,
IT1:DF_DCSS_ISTR_LAV_PEN_2_TV_3(1.0),A,087009,RESPOP_AV,F,Y_GE15,TOTAL,ALL,7,ALL,ALL,2022,581.580546063758,,,,,,,,ALL_N1,,,,,,,
IT1:DF_DCSS_ISTR_LAV_PEN_2_TV_3(1.0),A,087009,RESPOP_AV,F,Y_GE15,TOTAL,ALL,7,ALL,ALL,2023,622.1421497454587,,,,,,,,ALL_N1,,,,,,,
IT1:DF_DCSS_ISTR_LAV_PEN_2_TV_3(1.0),A,087009,RESPOP_AV,F,Y_GE15,TOTAL,ALL,7,ALL,ALL,2024,583.9436065643287,,,,,,,,ALL_N1,,,,,,,
IT1:DF_DCSS_ISTR_LAV_PEN_2_TV_3(1.0),A,087009,RESPOP_AV,F,Y_GE15,TOTAL,ALL,99,ALL,ALL,2018,8389,,,,,,,,ALL_N1,99_N1,,,,,,
IT1:DF_DCSS_ISTR_LAV_PEN_2_TV_3(1.0),A,087009,RESPOP_AV,F,Y_GE15,TOTAL,ALL,99,ALL,ALL,2019,8374,,,,,,,,ALL_N1,99_N1,,,,,,
IT1:DF_DCSS_ISTR_LAV_PEN_2_TV_3(1.0),A,087009,RESPOP_AV,F,Y_GE15,TOTAL,ALL,99,ALL,ALL,2021,8296,,,,,,,,ALL_N1,99_N1,,,,,,
IT1:DF_DCSS_ISTR_LAV_PEN_2_TV_3(1.0),A,087009,RESPOP_AV,F,Y_GE15,TOTAL,ALL,99,ALL,ALL,2022,8304,,,,,,,,ALL_N1,99_N1,,,,,,
IT1:DF_DCSS_ISTR_LAV_PEN_2_TV_3(1.0),A,087009,RESPOP_AV,F,Y_GE15,TOTAL,ALL,99,ALL,ALL,2023,8289,,,,,,,,ALL_N1,99_N1,,,,,,
IT1:DF_DCSS_ISTR_LAV_PEN_2_TV_3(1.0),A,087009,RESPOP_AV,F,Y_GE15,TOTAL,ALL,99,ALL,ALL,2024,8299,,,,,,,,ALL_N1,99_N1,,,,,,
IT1:DF_DCSS_ISTR_LAV_PEN_2_TV_3(1.0),A,087009,RESPOP_AV,M,Y_GE15,TOTAL,ALL,1,ALL,ALL,2018,3518,,,,,,,,ALL_N1,,,,,,,
IT1:DF_DCSS_ISTR_LAV_PEN_2_TV_3(1.0),A,087009,RESPOP_AV,M,Y_GE15,TOTAL,ALL,1,ALL,ALL,2019,3581,,,,,,,,ALL_N1,,,,,,,
IT1:DF_DCSS_ISTR_LAV_PEN_2_TV_3(1.0),A,087009,RESPOP_AV,M,Y_GE15,TOTAL,ALL,1,ALL,ALL,2021,3694,,,,,,,,ALL_N1,,,,,,,
IT1:DF_DCSS_ISTR_LAV_PEN_2_TV_3(1.0),A,087009,RESPOP_AV,M,Y_GE15,TOTAL,ALL,1,ALL,ALL,2022,3733,,,,,,,,ALL_N1,,,,,,,
IT1:DF_DCSS_ISTR_LAV_PEN_2_TV_3(1.0),A,087009,RESPOP_AV,M,Y_GE15,TOTAL,ALL,1,ALL,ALL,2023,3717,,,,,,,,ALL_N1,,,,,,,
IT1:DF_DCSS_ISTR_LAV_PEN_2_TV_3(1.0),A,087009,RESPOP_AV,M,Y_GE15,TOTAL,ALL,1,ALL,ALL,2024,3958,,,,,,,,ALL_N1,,,,,,,
IT1:DF_DCSS_ISTR_LAV_PEN_2_TV_3(1.0),A,087009,RESPOP_AV,M,Y_GE15,TOTAL,ALL,12,ALL,ALL,2018,1028,,,,,,,,ALL_N1,,,,,,,
IT1:DF_DCSS_ISTR_LAV_PEN_2_TV_3(1.0),A,087009,RESPOP_AV,M,Y_GE15,TOTAL,ALL,12,ALL,ALL,2019,1010,,,,,,,,ALL_N1,,,,,,,
IT1:DF_DCSS_ISTR_LAV_PEN_2_TV_3(1.0),A,087009,RESPOP_AV,M,Y_GE15,TOTAL,ALL,12,ALL,ALL,2021,533.597300871726,,,,,,,,ALL_N1,,,,,,,
IT1:DF_DCSS_ISTR_LAV_PEN_2_TV_3(1.0),A,087009,RESPOP_AV,M,Y_GE15,TOTAL,ALL,12,ALL,ALL,2022,575.433988999283,,,,,,,,ALL_N1,,,,,,,
IT1:DF_DCSS_ISTR_LAV_PEN_2_TV_3(1.0),A,087009,RESPOP_AV,M,Y_GE15,TOTAL,ALL,12,ALL,ALL,2023,518.4729391290799,,,,,,,,ALL_N1,,,,,,,
IT1:DF_DCSS_ISTR_LAV_PEN_2_TV_3(1.0),A,087009,RESPOP_AV,M,Y_GE15,TOTAL,ALL,12,ALL,ALL,2024,459.9177572284796,,,,,,,,ALL_N1,,,,,,,
IT1:DF_DCSS_ISTR_LAV_PEN_2_TV_3(1.0),A,087009,RESPOP_AV,M,Y_GE15,TOTAL,ALL,22,ALL,ALL,2018,4546,,,,,,,,ALL_N1,,,,,,,
IT1:DF_DCSS_ISTR_LAV_PEN_2_TV_3(1.0),A,087009,RESPOP_AV,M,Y_GE15,TOTAL,ALL,22,ALL,ALL,2019,4591,,,,,,,,ALL_N1,,,,,,,
IT1:DF_DCSS_ISTR_LAV_PEN_2_TV_3(1.0),A,087009,RESPOP_AV,M,Y_GE15,TOTAL,ALL,22,ALL,ALL,2021,4227.59730087173,,,,,,,,ALL_N1,,,,,,,
IT1:DF_DCSS_ISTR_LAV_PEN_2_TV_3(1.0),A,087009,RESPOP_AV,M,Y_GE15,TOTAL,ALL,22,ALL,ALL,2022,4308.43398899928,,,,,,,,ALL_N1,,,,,,,
IT1:DF_DCSS_ISTR_LAV_PEN_2_TV_3(1.0),A,087009,RESPOP_AV,M,Y_GE15,TOTAL,ALL,22,ALL,ALL,2023,4235.47293912908,,,,,,,,ALL_N1,,,,,,,
IT1:DF_DCSS_ISTR_LAV_PEN_2_TV_3(1.0),A,087009,RESPOP_AV,M,Y_GE15,TOTAL,ALL,22,ALL,ALL,2024,4417.91775722848,,,,,,,,ALL_N1,,,,,,,
IT1:DF_DCSS_ISTR_LAV_PEN_2_TV_3(1.0),A,087009,RESPOP_AV,M,Y_GE15,TOTAL,ALL,23,ALL,ALL,2018,3054,,,,,,,,ALL_N1,,,,,,,
IT1:DF_DCSS_ISTR_LAV_PEN_2_TV_3(1.0),A,087009,RESPOP_AV,M,Y_GE15,TOTAL,ALL,23,ALL,ALL,2019,2973,,,,,,,,ALL_N1,,,,,,,
IT1:DF_DCSS_ISTR_LAV_PEN_2_TV_3(1.0),A,087009,RESPOP_AV,M,Y_GE15,TOTAL,ALL,23,ALL,ALL,2021,3321.40269912827,,,,,,,,ALL_N1,,,,,,,
IT1:DF_DCSS_ISTR_LAV_PEN_2_TV_3(1.0),A,087009,RESPOP_AV,M,Y_GE15,TOTAL,ALL,23,ALL,ALL,2022,3251.56601100072,,,,,,,,ALL_N1,,,,,,,
IT1:DF_DCSS_ISTR_LAV_PEN_2_TV_3(1.0),A,087009,RESPOP_AV,M,Y_GE15,TOTAL,ALL,23,ALL,ALL,2023,3334.52706087092,,,,,,,,ALL_N1,,,,,,,
IT1:DF_DCSS_ISTR_LAV_PEN_2_TV_3(1.0),A,087009,RESPOP_AV,M,Y_GE15,TOTAL,ALL,23,ALL,ALL,2024,3221.08224277152,,,,,,,,ALL_N1,,,,,,,
IT1:DF_DCSS_ISTR_LAV_PEN_2_TV_3(1.0),A,087009,RESPOP_AV,M,Y_GE15,TOTAL,ALL,24,ALL,ALL,2018,1496,,,,,,,,ALL_N1,,,,,,,
IT1:DF_DCSS_ISTR_LAV_PEN_2_TV_3(1.0),A,087009,RESPOP_AV,M,Y_GE15,TOTAL,ALL,24,ALL,ALL,2019,1492,,,,,,,,ALL_N1,,,,,,,
IT1:DF_DCSS_ISTR_LAV_PEN_2_TV_3(1.0),A,087009,RESPOP_AV,M,Y_GE15,TOTAL,ALL,24,ALL,ALL,2021,1575.37617801371,,,,,,,,ALL_N1,,,,,,,
IT1:DF_DCSS_ISTR_LAV_PEN_2_TV_3(1.0),A,087009,RESPOP_AV,M,Y_GE15,TOTAL,ALL,24,ALL,ALL,2022,1649.34985543902,,,,,,,,ALL_N1,,,,,,,
IT1:DF_DCSS_ISTR_LAV_PEN_2_TV_3(1.0),A,087009,RESPOP_AV,M,Y_GE15,TOTAL,ALL,24,ALL,ALL,2023,1640.595276977303,,,,,,,,ALL_N1,,,,,,,
IT1:DF_DCSS_ISTR_LAV_PEN_2_TV_3(1.0),A,087009,RESPOP_AV,M,Y_GE15,TOTAL,ALL,24,ALL,ALL,2024,1679.486052520908,,,,,,,,ALL_N1,,,,,,,
IT1:DF_DCSS_ISTR_LAV_PEN_2_TV_3(1.0),A,087009,RESPOP_AV,M,Y_GE15,TOTAL,ALL,4,ALL,ALL,2018,96,,,,,,,,ALL_N1,,,,,,,
IT1:DF_DCSS_ISTR_LAV_PEN_2_TV_3(1.0),A,087009,RESPOP_AV,M,Y_GE15,TOTAL,ALL,4,ALL,ALL,2019,96,,,,,,,,ALL_N1,,,,,,,
IT1:DF_DCSS_ISTR_LAV_PEN_2_TV_3(1.0),A,087009,RESPOP_AV,M,Y_GE15,TOTAL,ALL,4,ALL,ALL,2021,160.799097993225,,,,,,,,ALL_N1,,,,,,,
IT1:DF_DCSS_ISTR_LAV_PEN_2_TV_3(1.0),A,087009,RESPOP_AV,M,Y_GE15,TOTAL,ALL,4,ALL,ALL,2022,159.898179191697,,,,,,,,ALL_N1,,,,,,,
IT1:DF_DCSS_ISTR_LAV_PEN_2_TV_3(1.0),A,087009,RESPOP_AV,M,Y_GE15,TOTAL,ALL,4,ALL,ALL,2023,170.477136533631,,,,,,,,ALL_N1,,,,,,,
IT1:DF_DCSS_ISTR_LAV_PEN_2_TV_3(1.0),A,087009,RESPOP_AV,M,Y_GE15,TOTAL,ALL,4,ALL,ALL,2024,141.43879301297684,,,,,,,,ALL_N1,,,,,,,
IT1:DF_DCSS_ISTR_LAV_PEN_2_TV_3(1.0),A,087009,RESPOP_AV,M,Y_GE15,TOTAL,ALL,5,ALL,ALL,2018,675,,,,,,,,ALL_N1,,,,,,,
IT1:DF_DCSS_ISTR_LAV_PEN_2_TV_3(1.0),A,087009,RESPOP_AV,M,Y_GE15,TOTAL,ALL,5,ALL,ALL,2019,679,,,,,,,,ALL_N1,,,,,,,
IT1:DF_DCSS_ISTR_LAV_PEN_2_TV_3(1.0),A,087009,RESPOP_AV,M,Y_GE15,TOTAL,ALL,5,ALL,ALL,2021,713.19735516009,,,,,,,,ALL_N1,,,,,,,
IT1:DF_DCSS_ISTR_LAV_PEN_2_TV_3(1.0),A,087009,RESPOP_AV,M,Y_GE15,TOTAL,ALL,5,ALL,ALL,2022,712.754792636565,,,,,,,,ALL_N1,,,,,,,
IT1:DF_DCSS_ISTR_LAV_PEN_2_TV_3(1.0),A,087009,RESPOP_AV,M,Y_GE15,TOTAL,ALL,5,ALL,ALL,2023,755.5748901785619,,,,,,,,ALL_N1,,,,,,,
IT1:DF_DCSS_ISTR_LAV_PEN_2_TV_3(1.0),A,087009,RESPOP_AV,M,Y_GE15,TOTAL,ALL,5,ALL,ALL,2024,696.618030042953,,,,,,,,ALL_N1,,,,,,,
IT1:DF_DCSS_ISTR_LAV_PEN_2_TV_3(1.0),A,087009,RESPOP_AV,M,Y_GE15,TOTAL,ALL,7,ALL,ALL,2018,788,,,,,,,,ALL_N1,,,,,,,
IT1:DF_DCSS_ISTR_LAV_PEN_2_TV_3(1.0),A,087009,RESPOP_AV,M,Y_GE15,TOTAL,ALL,7,ALL,ALL,2019,707,,,,,,,,ALL_N1,,,,,,,
IT1:DF_DCSS_ISTR_LAV_PEN_2_TV_3(1.0),A,087009,RESPOP_AV,M,Y_GE15,TOTAL,ALL,7,ALL,ALL,2021,872.030067961245,,,,,,,,ALL_N1,,,,,,,
IT1:DF_DCSS_ISTR_LAV_PEN_2_TV_3(1.0),A,087009,RESPOP_AV,M,Y_GE15,TOTAL,ALL,7,ALL,ALL,2022,729.563183733436,,,,,,,,ALL_N1,,,,,,,
IT1:DF_DCSS_ISTR_LAV_PEN_2_TV_3(1.0),A,087009,RESPOP_AV,M,Y_GE15,TOTAL,ALL,7,ALL,ALL,2023,767.8797571814241,,,,,,,,ALL_N1,,,,,,,
IT1:DF_DCSS_ISTR_LAV_PEN_2_TV_3(1.0),A,087009,RESPOP_AV,M,Y_GE15,TOTAL,ALL,7,ALL,ALL,2024,703.5393671946824,,,,,,,,ALL_N1,,,,,,,
IT1:DF_DCSS_ISTR_LAV_PEN_2_TV_3(1.0),A,087009,RESPOP_AV,M,Y_GE15,TOTAL,ALL,99,ALL,ALL,2018,7600,,,,,,,,ALL_N1,99_N1,,,,,,
IT1:DF_DCSS_ISTR_LAV_PEN_2_TV_3(1.0),A,087009,RESPOP_AV,M,Y_GE15,TOTAL,ALL,99,ALL,ALL,2019,7564,,,,,,,,ALL_N1,99_N1,,,,,,
IT1:DF_DCSS_ISTR_LAV_PEN_2_TV_3(1.0),A,087009,RESPOP_AV,M,Y_GE15,TOTAL,ALL,99,ALL,ALL,2021,7549,,,,,,,,ALL_N1,99_N1,,,,,,
IT1:DF_DCSS_ISTR_LAV_PEN_2_TV_3(1.0),A,087009,RESPOP_AV,M,Y_GE15,TOTAL,ALL,99,ALL,ALL,2022,7560,,,,,,,,ALL_N1,99_N1,,,,,,
IT1:DF_DCSS_ISTR_LAV_PEN_2_TV_3(1.0),A,087009,RESPOP_AV,M,Y_GE15,TOTAL,ALL,99,ALL,ALL,2023,7570,,,,,,,,ALL_N1,99_N1,,,,,,
IT1:DF_DCSS_ISTR_LAV_PEN_2_TV_3(1.0),A,087009,RESPOP_AV,M,Y_GE15,TOTAL,ALL,99,ALL,ALL,2024,7639,,,,,,,,ALL_N1,99_N1,,,,,,
IT1:DF_DCSS_ISTR_LAV_PEN_2_TV_3(1.0),A,087009,RESPOP_AV,T,Y_GE15,TOTAL,ALL,1,ALL,ALL,2018,5687,,,,,,,,ALL_N1,,,,,,,
IT1:DF_DCSS_ISTR_LAV_PEN_2_TV_3(1.0),A,087009,RESPOP_AV,T,Y_GE15,TOTAL,ALL,1,ALL,ALL,2019,5775,,,,,,,,ALL_N1,,,,,,,
IT1:DF_DCSS_ISTR_LAV_PEN_2_TV_3(1.0),A,087009,RESPOP_AV,T,Y_GE15,TOTAL,ALL,1,ALL,ALL,2021,5967,,,,,,,,ALL_N1,,,,,,,
IT1:DF_DCSS_ISTR_LAV_PEN_2_TV_3(1.0),A,087009,RESPOP_AV,T,Y_GE15,TOTAL,ALL,1,ALL,ALL,2022,6108,,,,,,,,ALL_N1,,,,,,,
IT1:DF_DCSS_ISTR_LAV_PEN_2_TV_3(1.0),A,087009,RESPOP_AV,T,Y_GE15,TOTAL,ALL,1,ALL,ALL,2023,6199,,,,,,,,ALL_N1,,,,,,,
IT1:DF_DCSS_ISTR_LAV_PEN_2_TV_3(1.0),A,087009,RESPOP_AV,T,Y_GE15,TOTAL,ALL,1,ALL,ALL,2024,6497,,,,,,,,ALL_N1,,,,,,,
IT1:DF_DCSS_ISTR_LAV_PEN_2_TV_3(1.0),A,087009,RESPOP_AV,T,Y_GE15,TOTAL,ALL,12,ALL,ALL,2018,1892,,,,,,,,ALL_N1,,,,,,,
IT1:DF_DCSS_ISTR_LAV_PEN_2_TV_3(1.0),A,087009,RESPOP_AV,T,Y_GE15,TOTAL,ALL,12,ALL,ALL,2019,1918,,,,,,,,ALL_N1,,,,,,,
IT1:DF_DCSS_ISTR_LAV_PEN_2_TV_3(1.0),A,087009,RESPOP_AV,T,Y_GE15,TOTAL,ALL,12,ALL,ALL,2021,955.321020975542,,,,,,,,ALL_N1,,,,,,,
IT1:DF_DCSS_ISTR_LAV_PEN_2_TV_3(1.0),A,087009,RESPOP_AV,T,Y_GE15,TOTAL,ALL,12,ALL,ALL,2022,1034.41236365139,,,,,,,,ALL_N1,,,,,,,
IT1:DF_DCSS_ISTR_LAV_PEN_2_TV_3(1.0),A,087009,RESPOP_AV,T,Y_GE15,TOTAL,ALL,12,ALL,ALL,2023,962.4495019088106,,,,,,,,ALL_N1,,,,,,,
IT1:DF_DCSS_ISTR_LAV_PEN_2_TV_3(1.0),A,087009,RESPOP_AV,T,Y_GE15,TOTAL,ALL,12,ALL,ALL,2024,868.5820735834263,,,,,,,,ALL_N1,,,,,,,
IT1:DF_DCSS_ISTR_LAV_PEN_2_TV_3(1.0),A,087009,RESPOP_AV,T,Y_GE15,TOTAL,ALL,22,ALL,ALL,2018,7579,,,,,,,,ALL_N1,,,,,,,
IT1:DF_DCSS_ISTR_LAV_PEN_2_TV_3(1.0),A,087009,RESPOP_AV,T,Y_GE15,TOTAL,ALL,22,ALL,ALL,2019,7693,,,,,,,,ALL_N1,,,,,,,
IT1:DF_DCSS_ISTR_LAV_PEN_2_TV_3(1.0),A,087009,RESPOP_AV,T,Y_GE15,TOTAL,ALL,22,ALL,ALL,2021,6922.32102097554,,,,,,,,ALL_N1,,,,,,,
IT1:DF_DCSS_ISTR_LAV_PEN_2_TV_3(1.0),A,087009,RESPOP_AV,T,Y_GE15,TOTAL,ALL,22,ALL,ALL,2022,7142.41236365139,,,,,,,,ALL_N1,,,,,,,
IT1:DF_DCSS_ISTR_LAV_PEN_2_TV_3(1.0),A,087009,RESPOP_AV,T,Y_GE15,TOTAL,ALL,22,ALL,ALL,2023,7161.449501908811,,,,,,,,ALL_N1,,,,,,,
IT1:DF_DCSS_ISTR_LAV_PEN_2_TV_3(1.0),A,087009,RESPOP_AV,T,Y_GE15,TOTAL,ALL,22,ALL,ALL,2024,7365.582073583426,,,,,,,,ALL_N1,,,,,,,
IT1:DF_DCSS_ISTR_LAV_PEN_2_TV_3(1.0),A,087009,RESPOP_AV,T,Y_GE15,TOTAL,ALL,23,ALL,ALL,2018,8410,,,,,,,,ALL_N1,,,,,,,
IT1:DF_DCSS_ISTR_LAV_PEN_2_TV_3(1.0),A,087009,RESPOP_AV,T,Y_GE15,TOTAL,ALL,23,ALL,ALL,2019,8246,,,,,,,,ALL_N1,,,,,,,
IT1:DF_DCSS_ISTR_LAV_PEN_2_TV_3(1.0),A,087009,RESPOP_AV,T,Y_GE15,TOTAL,ALL,23,ALL,ALL,2021,8922.67897902446,,,,,,,,ALL_N1,,,,,,,
IT1:DF_DCSS_ISTR_LAV_PEN_2_TV_3(1.0),A,087009,RESPOP_AV,T,Y_GE15,TOTAL,ALL,23,ALL,ALL,2022,8721.58763634861,,,,,,,,ALL_N1,,,,,,,
IT1:DF_DCSS_ISTR_LAV_PEN_2_TV_3(1.0),A,087009,RESPOP_AV,T,Y_GE15,TOTAL,ALL,23,ALL,ALL,2023,8697.55049809119,,,,,,,,ALL_N1,,,,,,,
IT1:DF_DCSS_ISTR_LAV_PEN_2_TV_3(1.0),A,087009,RESPOP_AV,T,Y_GE15,TOTAL,ALL,23,ALL,ALL,2024,8572.417926416574,,,,,,,,ALL_N1,,,,,,,
IT1:DF_DCSS_ISTR_LAV_PEN_2_TV_3(1.0),A,087009,RESPOP_AV,T,Y_GE15,TOTAL,ALL,24,ALL,ALL,2018,2897,,,,,,,,ALL_N1,,,,,,,
IT1:DF_DCSS_ISTR_LAV_PEN_2_TV_3(1.0),A,087009,RESPOP_AV,T,Y_GE15,TOTAL,ALL,24,ALL,ALL,2019,2851,,,,,,,,ALL_N1,,,,,,,
IT1:DF_DCSS_ISTR_LAV_PEN_2_TV_3(1.0),A,087009,RESPOP_AV,T,Y_GE15,TOTAL,ALL,24,ALL,ALL,2021,3058.26041920759,,,,,,,,ALL_N1,,,,,,,
IT1:DF_DCSS_ISTR_LAV_PEN_2_TV_3(1.0),A,087009,RESPOP_AV,T,Y_GE15,TOTAL,ALL,24,ALL,ALL,2022,3120.07646584033,,,,,,,,ALL_N1,,,,,,,
IT1:DF_DCSS_ISTR_LAV_PEN_2_TV_3(1.0),A,087009,RESPOP_AV,T,Y_GE15,TOTAL,ALL,24,ALL,ALL,2023,3073.585601315423,,,,,,,,ALL_N1,,,,,,,
IT1:DF_DCSS_ISTR_LAV_PEN_2_TV_3(1.0),A,087009,RESPOP_AV,T,Y_GE15,TOTAL,ALL,24,ALL,ALL,2024,3152.780696027485,,,,,,,,ALL_N1,,,,,,,
IT1:DF_DCSS_ISTR_LAV_PEN_2_TV_3(1.0),A,087009,RESPOP_AV,T,Y_GE15,TOTAL,ALL,4,ALL,ALL,2018,2639,,,,,,,,ALL_N1,,,,,,,
IT1:DF_DCSS_ISTR_LAV_PEN_2_TV_3(1.0),A,087009,RESPOP_AV,T,Y_GE15,TOTAL,ALL,4,ALL,ALL,2019,2615,,,,,,,,ALL_N1,,,,,,,
IT1:DF_DCSS_ISTR_LAV_PEN_2_TV_3(1.0),A,087009,RESPOP_AV,T,Y_GE15,TOTAL,ALL,4,ALL,ALL,2021,2767.29979871428,,,,,,,,ALL_N1,,,,,,,
IT1:DF_DCSS_ISTR_LAV_PEN_2_TV_3(1.0),A,087009,RESPOP_AV,T,Y_GE15,TOTAL,ALL,4,ALL,ALL,2022,2694.69260053901,,,,,,,,ALL_N1,,,,,,,
IT1:DF_DCSS_ISTR_LAV_PEN_2_TV_3(1.0),A,087009,RESPOP_AV,T,Y_GE15,TOTAL,ALL,4,ALL,ALL,2023,2572.604256020139,,,,,,,,ALL_N1,,,,,,,
IT1:DF_DCSS_ISTR_LAV_PEN_2_TV_3(1.0),A,087009,RESPOP_AV,T,Y_GE15,TOTAL,ALL,4,ALL,ALL,2024,2528.392950813451,,,,,,,,ALL_N1,,,,,,,
IT1:DF_DCSS_ISTR_LAV_PEN_2_TV_3(1.0),A,087009,RESPOP_AV,T,Y_GE15,TOTAL,ALL,5,ALL,ALL,2018,1460,,,,,,,,ALL_N1,,,,,,,
IT1:DF_DCSS_ISTR_LAV_PEN_2_TV_3(1.0),A,087009,RESPOP_AV,T,Y_GE15,TOTAL,ALL,5,ALL,ALL,2019,1501,,,,,,,,ALL_N1,,,,,,,
IT1:DF_DCSS_ISTR_LAV_PEN_2_TV_3(1.0),A,087009,RESPOP_AV,T,Y_GE15,TOTAL,ALL,5,ALL,ALL,2021,1592.44932015122,,,,,,,,ALL_N1,,,,,,,
IT1:DF_DCSS_ISTR_LAV_PEN_2_TV_3(1.0),A,087009,RESPOP_AV,T,Y_GE15,TOTAL,ALL,5,ALL,ALL,2022,1595.67484017208,,,,,,,,ALL_N1,,,,,,,
IT1:DF_DCSS_ISTR_LAV_PEN_2_TV_3(1.0),A,087009,RESPOP_AV,T,Y_GE15,TOTAL,ALL,5,ALL,ALL,2023,1661.3387338287446,,,,,,,,ALL_N1,,,,,,,
IT1:DF_DCSS_ISTR_LAV_PEN_2_TV_3(1.0),A,087009,RESPOP_AV,T,Y_GE15,TOTAL,ALL,5,ALL,ALL,2024,1603.7613058166269,,,,,,,,ALL_N1,,,,,,,
IT1:DF_DCSS_ISTR_LAV_PEN_2_TV_3(1.0),A,087009,RESPOP_AV,T,Y_GE15,TOTAL,ALL,7,ALL,ALL,2018,1414,,,,,,,,ALL_N1,,,,,,,
IT1:DF_DCSS_ISTR_LAV_PEN_2_TV_3(1.0),A,087009,RESPOP_AV,T,Y_GE15,TOTAL,ALL,7,ALL,ALL,2019,1279,,,,,,,,ALL_N1,,,,,,,
IT1:DF_DCSS_ISTR_LAV_PEN_2_TV_3(1.0),A,087009,RESPOP_AV,T,Y_GE15,TOTAL,ALL,7,ALL,ALL,2021,1504.66944095136,,,,,,,,ALL_N1,,,,,,,
IT1:DF_DCSS_ISTR_LAV_PEN_2_TV_3(1.0),A,087009,RESPOP_AV,T,Y_GE15,TOTAL,ALL,7,ALL,ALL,2022,1311.14372979719,,,,,,,,ALL_N1,,,,,,,
IT1:DF_DCSS_ISTR_LAV_PEN_2_TV_3(1.0),A,087009,RESPOP_AV,T,Y_GE15,TOTAL,ALL,7,ALL,ALL,2023,1390.0219069268828,,,,,,,,ALL_N1,,,,,,,
IT1:DF_DCSS_ISTR_LAV_PEN_2_TV_3(1.0),A,087009,RESPOP_AV,T,Y_GE15,TOTAL,ALL,7,ALL,ALL,2024,1287.4829737590112,,,,,,,,ALL_N1,,,,,,,
IT1:DF_DCSS_ISTR_LAV_PEN_2_TV_3(1.0),A,087009,RESPOP_AV,T,Y_GE15,TOTAL,ALL,99,ALL,ALL,2018,15989,,,,,,,,ALL_N1,99_N1,,,,,,
IT1:DF_DCSS_ISTR_LAV_PEN_2_TV_3(1.0),A,087009,RESPOP_AV,T,Y_GE15,TOTAL,ALL,99,ALL,ALL,2019,15938,,,,,,,,ALL_N1,99_N1,,,,,,
IT1:DF_DCSS_ISTR_LAV_PEN_2_TV_3(1.0),A,087009,RESPOP_AV,T,Y_GE15,TOTAL,ALL,99,ALL,ALL,2021,15845,,,,,,,,ALL_N1,99_N1,,,,,,
IT1:DF_DCSS_ISTR_LAV_PEN_2_TV_3(1.0),A,087009,RESPOP_AV,T,Y_GE15,TOTAL,ALL,99,ALL,ALL,2022,15864,,,,,,,,ALL_N1,99_N1,,,,,,
IT1:DF_DCSS_ISTR_LAV_PEN_2_TV_3(1.0),A,087009,RESPOP_AV,T,Y_GE15,TOTAL,ALL,99,ALL,ALL,2023,15859,,,,,,,,ALL_N1,99_N1,,,,,,
IT1:DF_DCSS_ISTR_LAV_PEN_2_TV_3(1.0),A,087009,RESPOP_AV,T,Y_GE15,TOTAL,ALL,99,ALL,ALL,2024,15938,,,,,,,,ALL_N1,99_N1,,,,,,
IT1:DF_DCSS_ISTR_LAV_PEN_2_TV_3(1.0),A,087010,RESPOP_AV,F,Y_GE15,TOTAL,ALL,1,ALL,ALL,2018,554,,,,,,,,ALL_N1,,,,,,,
IT1:DF_DCSS_ISTR_LAV_PEN_2_TV_3(1.0),A,087010,RESPOP_AV,F,Y_GE15,TOTAL,ALL,1,ALL,ALL,2019,598,,,,,,,,ALL_N1,,,,,,,
IT1:DF_DCSS_ISTR_LAV_PEN_2_TV_3(1.0),A,087010,RESPOP_AV,F,Y_GE15,TOTAL,ALL,1,ALL,ALL,2021,529,,,,,,,,ALL_N1,,,,,,,
IT1:DF_DCSS_ISTR_LAV_PEN_2_TV_3(1.0),A,087010,RESPOP_AV,F,Y_GE15,TOTAL,ALL,1,ALL,ALL,2022,561,,,,,,,,ALL_N1,,,,,,,
IT1:DF_DCSS_ISTR_LAV_PEN_2_TV_3(1.0),A,087010,RESPOP_AV,F,Y_GE15,TOTAL,ALL,1,ALL,ALL,2023,647,,,,,,,,ALL_N1,,,,,,,
IT1:DF_DCSS_ISTR_LAV_PEN_2_TV_3(1.0),A,087010,RESPOP_AV,F,Y_GE15,TOTAL,ALL,1,ALL,ALL,2024,696,,,,,,,,ALL_N1,,,,,,,
IT1:DF_DCSS_ISTR_LAV_PEN_2_TV_3(1.0),A,087010,RESPOP_AV,F,Y_GE15,TOTAL,ALL,12,ALL,ALL,2018,287,,,,,,,,ALL_N1,,,,,,,
IT1:DF_DCSS_ISTR_LAV_PEN_2_TV_3(1.0),A,087010,RESPOP_AV,F,Y_GE15,TOTAL,ALL,12,ALL,ALL,2019,287,,,,,,,,ALL_N1,,,,,,,
IT1:DF_DCSS_ISTR_LAV_PEN_2_TV_3(1.0),A,087010,RESPOP_AV,F,Y_GE15,TOTAL,ALL,12,ALL,ALL,2021,129.272411210184,,,,,,,,ALL_N1,,,,,,,
IT1:DF_DCSS_ISTR_LAV_PEN_2_TV_3(1.0),A,087010,RESPOP_AV,F,Y_GE15,TOTAL,ALL,12,ALL,ALL,2022,155.82695149017,,,,,,,,ALL_N1,,,,,,,
IT1:DF_DCSS_ISTR_LAV_PEN_2_TV_3(1.0),A,087010,RESPOP_AV,F,Y_GE15,TOTAL,ALL,12,ALL,ALL,2023,167.2196902924998,,,,,,,,ALL_N1,,,,,,,
IT1:DF_DCSS_ISTR_LAV_PEN_2_TV_3(1.0),A,087010,RESPOP_AV,F,Y_GE15,TOTAL,ALL,12,ALL,ALL,2024,112.7189899314268,,,,,,,,ALL_N1,,,,,,,
IT1:DF_DCSS_ISTR_LAV_PEN_2_TV_3(1.0),A,087010,RESPOP_AV,F,Y_GE15,TOTAL,ALL,22,ALL,ALL,2018,841,,,,,,,,ALL_N1,,,,,,,
IT1:DF_DCSS_ISTR_LAV_PEN_2_TV_3(1.0),A,087010,RESPOP_AV,F,Y_GE15,TOTAL,ALL,22,ALL,ALL,2019,885,,,,,,,,ALL_N1,,,,,,,
IT1:DF_DCSS_ISTR_LAV_PEN_2_TV_3(1.0),A,087010,RESPOP_AV,F,Y_GE15,TOTAL,ALL,22,ALL,ALL,2021,658.272411210184,,,,,,,,ALL_N1,,,,,,,
IT1:DF_DCSS_ISTR_LAV_PEN_2_TV_3(1.0),A,087010,RESPOP_AV,F,Y_GE15,TOTAL,ALL,22,ALL,ALL,2022,716.82695149017,,,,,,,,ALL_N1,,,,,,,
IT1:DF_DCSS_ISTR_LAV_PEN_2_TV_3(1.0),A,087010,RESPOP_AV,F,Y_GE15,TOTAL,ALL,22,ALL,ALL,2023,814.2196902924998,,,,,,,,ALL_N1,,,,,,,
IT1:DF_DCSS_ISTR_LAV_PEN_2_TV_3(1.0),A,087010,RESPOP_AV,F,Y_GE15,TOTAL,ALL,22,ALL,ALL,2024,808.7189899314268,,,,,,,,ALL_N1,,,,,,,
IT1:DF_DCSS_ISTR_LAV_PEN_2_TV_3(1.0),A,087010,RESPOP_AV,F,Y_GE15,TOTAL,ALL,23,ALL,ALL,2018,1432,,,,,,,,ALL_N1,,,,,,,
IT1:DF_DCSS_ISTR_LAV_PEN_2_TV_3(1.0),A,087010,RESPOP_AV,F,Y_GE15,TOTAL,ALL,23,ALL,ALL,2019,1410,,,,,,,,ALL_N1,,,,,,,
IT1:DF_DCSS_ISTR_LAV_PEN_2_TV_3(1.0),A,087010,RESPOP_AV,F,Y_GE15,TOTAL,ALL,23,ALL,ALL,2021,1641.72758878982,,,,,,,,ALL_N1,,,,,,,
IT1:DF_DCSS_ISTR_LAV_PEN_2_TV_3(1.0),A,087010,RESPOP_AV,F,Y_GE15,TOTAL,ALL,23,ALL,ALL,2022,1577.17304850983,,,,,,,,ALL_N1,,,,,,,
IT1:DF_DCSS_ISTR_LAV_PEN_2_TV_3(1.0),A,087010,RESPOP_AV,F,Y_GE15,TOTAL,ALL,23,ALL,ALL,2023,1477.7803097075,,,,,,,,ALL_N1,,,,,,,
IT1:DF_DCSS_ISTR_LAV_PEN_2_TV_3(1.0),A,087010,RESPOP_AV,F,Y_GE15,TOTAL,ALL,23,ALL,ALL,2024,1485.281010068573,,,,,,,,ALL_N1,,,,,,,
IT1:DF_DCSS_ISTR_LAV_PEN_2_TV_3(1.0),A,087010,RESPOP_AV,F,Y_GE15,TOTAL,ALL,24,ALL,ALL,2018,414,,,,,,,,ALL_N1,,,,,,,
IT1:DF_DCSS_ISTR_LAV_PEN_2_TV_3(1.0),A,087010,RESPOP_AV,F,Y_GE15,TOTAL,ALL,24,ALL,ALL,2019,399,,,,,,,,ALL_N1,,,,,,,
IT1:DF_DCSS_ISTR_LAV_PEN_2_TV_3(1.0),A,087010,RESPOP_AV,F,Y_GE15,TOTAL,ALL,24,ALL,ALL,2021,455.094724887804,,,,,,,,ALL_N1,,,,,,,
IT1:DF_DCSS_ISTR_LAV_PEN_2_TV_3(1.0),A,087010,RESPOP_AV,F,Y_GE15,TOTAL,ALL,24,ALL,ALL,2022,416.23883942261,,,,,,,,ALL_N1,,,,,,,
IT1:DF_DCSS_ISTR_LAV_PEN_2_TV_3(1.0),A,087010,RESPOP_AV,F,Y_GE15,TOTAL,ALL,24,ALL,ALL,2023,434.59634010470296,,,,,,,,ALL_N1,,,,,,,
IT1:DF_DCSS_ISTR_LAV_PEN_2_TV_3(1.0),A,087010,RESPOP_AV,F,Y_GE15,TOTAL,ALL,24,ALL,ALL,2024,437.41939128783633,,,,,,,,ALL_N1,,,,,,,
IT1:DF_DCSS_ISTR_LAV_PEN_2_TV_3(1.0),A,087010,RESPOP_AV,F,Y_GE15,TOTAL,ALL,4,ALL,ALL,2018,639,,,,,,,,ALL_N1,,,,,,,
IT1:DF_DCSS_ISTR_LAV_PEN_2_TV_3(1.0),A,087010,RESPOP_AV,F,Y_GE15,TOTAL,ALL,4,ALL,ALL,2019,659,,,,,,,,ALL_N1,,,,,,,
IT1:DF_DCSS_ISTR_LAV_PEN_2_TV_3(1.0),A,087010,RESPOP_AV,F,Y_GE15,TOTAL,ALL,4,ALL,ALL,2021,817.16338358359,,,,,,,,ALL_N1,,,,,,,
IT1:DF_DCSS_ISTR_LAV_PEN_2_TV_3(1.0),A,087010,RESPOP_AV,F,Y_GE15,TOTAL,ALL,4,ALL,ALL,2022,785.245937053569,,,,,,,,ALL_N1,,,,,,,
IT1:DF_DCSS_ISTR_LAV_PEN_2_TV_3(1.0),A,087010,RESPOP_AV,F,Y_GE15,TOTAL,ALL,4,ALL,ALL,2023,697.895509601128,,,,,,,,ALL_N1,,,,,,,
IT1:DF_DCSS_ISTR_LAV_PEN_2_TV_3(1.0),A,087010,RESPOP_AV,F,Y_GE15,TOTAL,ALL,4,ALL,ALL,2024,704.3055845182097,,,,,,,,ALL_N1,,,,,,,
IT1:DF_DCSS_ISTR_LAV_PEN_2_TV_3(1.0),A,087010,RESPOP_AV,F,Y_GE15,TOTAL,ALL,5,ALL,ALL,2018,162,,,,,,,,ALL_N1,,,,,,,
IT1:DF_DCSS_ISTR_LAV_PEN_2_TV_3(1.0),A,087010,RESPOP_AV,F,Y_GE15,TOTAL,ALL,5,ALL,ALL,2019,156,,,,,,,,ALL_N1,,,,,,,
IT1:DF_DCSS_ISTR_LAV_PEN_2_TV_3(1.0),A,087010,RESPOP_AV,F,Y_GE15,TOTAL,ALL,5,ALL,ALL,2021,175.067407671353,,,,,,,,ALL_N1,,,,,,,
IT1:DF_DCSS_ISTR_LAV_PEN_2_TV_3(1.0),A,087010,RESPOP_AV,F,Y_GE15,TOTAL,ALL,5,ALL,ALL,2022,176.324125848144,,,,,,,,ALL_N1,,,,,,,
IT1:DF_DCSS_ISTR_LAV_PEN_2_TV_3(1.0),A,087010,RESPOP_AV,F,Y_GE15,TOTAL,ALL,5,ALL,ALL,2023,161.87440185636214,,,,,,,,ALL_N1,,,,,,,
IT1:DF_DCSS_ISTR_LAV_PEN_2_TV_3(1.0),A,087010,RESPOP_AV,F,Y_GE15,TOTAL,ALL,5,ALL,ALL,2024,162.97451720732244,,,,,,,,ALL_N1,,,,,,,
IT1:DF_DCSS_ISTR_LAV_PEN_2_TV_3(1.0),A,087010,RESPOP_AV,F,Y_GE15,TOTAL,ALL,7,ALL,ALL,2018,217,,,,,,,,ALL_N1,,,,,,,
IT1:DF_DCSS_ISTR_LAV_PEN_2_TV_3(1.0),A,087010,RESPOP_AV,F,Y_GE15,TOTAL,ALL,7,ALL,ALL,2019,196,,,,,,,,ALL_N1,,,,,,,
IT1:DF_DCSS_ISTR_LAV_PEN_2_TV_3(1.0),A,087010,RESPOP_AV,F,Y_GE15,TOTAL,ALL,7,ALL,ALL,2021,194.402072647069,,,,,,,,ALL_N1,,,,,,,
IT1:DF_DCSS_ISTR_LAV_PEN_2_TV_3(1.0),A,087010,RESPOP_AV,F,Y_GE15,TOTAL,ALL,7,ALL,ALL,2022,199.364146185506,,,,,,,,ALL_N1,,,,,,,
IT1:DF_DCSS_ISTR_LAV_PEN_2_TV_3(1.0),A,087010,RESPOP_AV,F,Y_GE15,TOTAL,ALL,7,ALL,ALL,2023,183.41405814530705,,,,,,,,ALL_N1,,,,,,,
IT1:DF_DCSS_ISTR_LAV_PEN_2_TV_3(1.0),A,087010,RESPOP_AV,F,Y_GE15,TOTAL,ALL,7,ALL,ALL,2024,180.58151705520464,,,,,,,,ALL_N1,,,,,,,
IT1:DF_DCSS_ISTR_LAV_PEN_2_TV_3(1.0),A,087010,RESPOP_AV,F,Y_GE15,TOTAL,ALL,99,ALL,ALL,2018,2273,,,,,,,,ALL_N1,99_N1,,,,,,
IT1:DF_DCSS_ISTR_LAV_PEN_2_TV_3(1.0),A,087010,RESPOP_AV,F,Y_GE15,TOTAL,ALL,99,ALL,ALL,2019,2295,,,,,,,,ALL_N1,99_N1,,,,,,
IT1:DF_DCSS_ISTR_LAV_PEN_2_TV_3(1.0),A,087010,RESPOP_AV,F,Y_GE15,TOTAL,ALL,99,ALL,ALL,2021,2300,,,,,,,,ALL_N1,99_N1,,,,,,
IT1:DF_DCSS_ISTR_LAV_PEN_2_TV_3(1.0),A,087010,RESPOP_AV,F,Y_GE15,TOTAL,ALL,99,ALL,ALL,2022,2294,,,,,,,,ALL_N1,99_N1,,,,,,
IT1:DF_DCSS_ISTR_LAV_PEN_2_TV_3(1.0),A,087010,RESPOP_AV,F,Y_GE15,TOTAL,ALL,99,ALL,ALL,2023,2292,,,,,,,,ALL_N1,99_N1,,,,,,
IT1:DF_DCSS_ISTR_LAV_PEN_2_TV_3(1.0),A,087010,RESPOP_AV,F,Y_GE15,TOTAL,ALL,99,ALL,ALL,2024,2294,,,,,,,,ALL_N1,99_N1,,,,,,
IT1:DF_DCSS_ISTR_LAV_PEN_2_TV_3(1.0),A,087010,RESPOP_AV,M,Y_GE15,TOTAL,ALL,1,ALL,ALL,2018,895,,,,,,,,ALL_N1,,,,,,,
IT1:DF_DCSS_ISTR_LAV_PEN_2_TV_3(1.0),A,087010,RESPOP_AV,M,Y_GE15,TOTAL,ALL,1,ALL,ALL,2019,945,,,,,,,,ALL_N1,,,,,,,
IT1:DF_DCSS_ISTR_LAV_PEN_2_TV_3(1.0),A,087010,RESPOP_AV,M,Y_GE15,TOTAL,ALL,1,ALL,ALL,2021,912,,,,,,,,ALL_N1,,,,,,,
IT1:DF_DCSS_ISTR_LAV_PEN_2_TV_3(1.0),A,087010,RESPOP_AV,M,Y_GE15,TOTAL,ALL,1,ALL,ALL,2022,979,,,,,,,,ALL_N1,,,,,,,
IT1:DF_DCSS_ISTR_LAV_PEN_2_TV_3(1.0),A,087010,RESPOP_AV,M,Y_GE15,TOTAL,ALL,1,ALL,ALL,2023,1027,,,,,,,,ALL_N1,,,,,,,
IT1:DF_DCSS_ISTR_LAV_PEN_2_TV_3(1.0),A,087010,RESPOP_AV,M,Y_GE15,TOTAL,ALL,1,ALL,ALL,2024,1046,,,,,,,,ALL_N1,,,,,,,
IT1:DF_DCSS_ISTR_LAV_PEN_2_TV_3(1.0),A,087010,RESPOP_AV,M,Y_GE15,TOTAL,ALL,12,ALL,ALL,2018,357,,,,,,,,ALL_N1,,,,,,,
IT1:DF_DCSS_ISTR_LAV_PEN_2_TV_3(1.0),A,087010,RESPOP_AV,M,Y_GE15,TOTAL,ALL,12,ALL,ALL,2019,368,,,,,,,,ALL_N1,,,,,,,
IT1:DF_DCSS_ISTR_LAV_PEN_2_TV_3(1.0),A,087010,RESPOP_AV,M,Y_GE15,TOTAL,ALL,12,ALL,ALL,2021,205.641795410643,,,,,,,,ALL_N1,,,,,,,
IT1:DF_DCSS_ISTR_LAV_PEN_2_TV_3(1.0),A,087010,RESPOP_AV,M,Y_GE15,TOTAL,ALL,12,ALL,ALL,2022,227.261875400317,,,,,,,,ALL_N1,,,,,,,
IT1:DF_DCSS_ISTR_LAV_PEN_2_TV_3(1.0),A,087010,RESPOP_AV,M,Y_GE15,TOTAL,ALL,12,ALL,ALL,2023,218.97037681048923,,,,,,,,ALL_N1,,,,,,,
IT1:DF_DCSS_ISTR_LAV_PEN_2_TV_3(1.0),A,087010,RESPOP_AV,M,Y_GE15,TOTAL,ALL,12,ALL,ALL,2024,177.4167250828538,,,,,,,,ALL_N1,,,,,,,
IT1:DF_DCSS_ISTR_LAV_PEN_2_TV_3(1.0),A,087010,RESPOP_AV,M,Y_GE15,TOTAL,ALL,22,ALL,ALL,2018,1252,,,,,,,,ALL_N1,,,,,,,
IT1:DF_DCSS_ISTR_LAV_PEN_2_TV_3(1.0),A,087010,RESPOP_AV,M,Y_GE15,TOTAL,ALL,22,ALL,ALL,2019,1313,,,,,,,,ALL_N1,,,,,,,
IT1:DF_DCSS_ISTR_LAV_PEN_2_TV_3(1.0),A,087010,RESPOP_AV,M,Y_GE15,TOTAL,ALL,22,ALL,ALL,2021,1117.64179541064,,,,,,,,ALL_N1,,,,,,,
IT1:DF_DCSS_ISTR_LAV_PEN_2_TV_3(1.0),A,087010,RESPOP_AV,M,Y_GE15,TOTAL,ALL,22,ALL,ALL,2022,1206.26187540032,,,,,,,,ALL_N1,,,,,,,
IT1:DF_DCSS_ISTR_LAV_PEN_2_TV_3(1.0),A,087010,RESPOP_AV,M,Y_GE15,TOTAL,ALL,22,ALL,ALL,2023,1245.9703768104891,,,,,,,,ALL_N1,,,,,,,
IT1:DF_DCSS_ISTR_LAV_PEN_2_TV_3(1.0),A,087010,RESPOP_AV,M,Y_GE15,TOTAL,ALL,22,ALL,ALL,2024,1223.4167250828539,,,,,,,,ALL_N1,,,,,,,
IT1:DF_DCSS_ISTR_LAV_PEN_2_TV_3(1.0),A,087010,RESPOP_AV,M,Y_GE15,TOTAL,ALL,23,ALL,ALL,2018,892,,,,,,,,ALL_N1,,,,,,,
IT1:DF_DCSS_ISTR_LAV_PEN_2_TV_3(1.0),A,087010,RESPOP_AV,M,Y_GE15,TOTAL,ALL,23,ALL,ALL,2019,900,,,,,,,,ALL_N1,,,,,,,
IT1:DF_DCSS_ISTR_LAV_PEN_2_TV_3(1.0),A,087010,RESPOP_AV,M,Y_GE15,TOTAL,ALL,23,ALL,ALL,2021,1135.35820458936,,,,,,,,ALL_N1,,,,,,,
IT1:DF_DCSS_ISTR_LAV_PEN_2_TV_3(1.0),A,087010,RESPOP_AV,M,Y_GE15,TOTAL,ALL,23,ALL,ALL,2022,1020.73812459968,,,,,,,,ALL_N1,,,,,,,
IT1:DF_DCSS_ISTR_LAV_PEN_2_TV_3(1.0),A,087010,RESPOP_AV,M,Y_GE15,TOTAL,ALL,23,ALL,ALL,2023,988.0296231895109,,,,,,,,ALL_N1,,,,,,,
IT1:DF_DCSS_ISTR_LAV_PEN_2_TV_3(1.0),A,087010,RESPOP_AV,M,Y_GE15,TOTAL,ALL,23,ALL,ALL,2024,1008.5832749171464,,,,,,,,ALL_N1,,,,,,,
IT1:DF_DCSS_ISTR_LAV_PEN_2_TV_3(1.0),A,087010,RESPOP_AV,M,Y_GE15,TOTAL,ALL,24,ALL,ALL,2018,470,,,,,,,,ALL_N1,,,,,,,
IT1:DF_DCSS_ISTR_LAV_PEN_2_TV_3(1.0),A,087010,RESPOP_AV,M,Y_GE15,TOTAL,ALL,24,ALL,ALL,2019,487,,,,,,,,ALL_N1,,,,,,,
IT1:DF_DCSS_ISTR_LAV_PEN_2_TV_3(1.0),A,087010,RESPOP_AV,M,Y_GE15,TOTAL,ALL,24,ALL,ALL,2021,554.591897186493,,,,,,,,ALL_N1,,,,,,,
IT1:DF_DCSS_ISTR_LAV_PEN_2_TV_3(1.0),A,087010,RESPOP_AV,M,Y_GE15,TOTAL,ALL,24,ALL,ALL,2022,531.425416334073,,,,,,,,ALL_N1,,,,,,,
IT1:DF_DCSS_ISTR_LAV_PEN_2_TV_3(1.0),A,087010,RESPOP_AV,M,Y_GE15,TOTAL,ALL,24,ALL,ALL,2023,552.69008563052,,,,,,,,ALL_N1,,,,,,,
IT1:DF_DCSS_ISTR_LAV_PEN_2_TV_3(1.0),A,087010,RESPOP_AV,M,Y_GE15,TOTAL,ALL,24,ALL,ALL,2024,555.7147538248026,,,,,,,,ALL_N1,,,,,,,
IT1:DF_DCSS_ISTR_LAV_PEN_2_TV_3(1.0),A,087010,RESPOP_AV,M,Y_GE15,TOTAL,ALL,4,ALL,ALL,2018,28,,,,,,,,ALL_N1,,,,,,,
IT1:DF_DCSS_ISTR_LAV_PEN_2_TV_3(1.0),A,087010,RESPOP_AV,M,Y_GE15,TOTAL,ALL,4,ALL,ALL,2019,32,,,,,,,,ALL_N1,,,,,,,
IT1:DF_DCSS_ISTR_LAV_PEN_2_TV_3(1.0),A,087010,RESPOP_AV,M,Y_GE15,TOTAL,ALL,4,ALL,ALL,2021,81.9031660592906,,,,,,,,ALL_N1,,,,,,,
IT1:DF_DCSS_ISTR_LAV_PEN_2_TV_3(1.0),A,087010,RESPOP_AV,M,Y_GE15,TOTAL,ALL,4,ALL,ALL,2022,69.501875991469,,,,,,,,ALL_N1,,,,,,,
IT1:DF_DCSS_ISTR_LAV_PEN_2_TV_3(1.0),A,087010,RESPOP_AV,M,Y_GE15,TOTAL,ALL,4,ALL,ALL,2023,58.20656117297458,,,,,,,,ALL_N1,,,,,,,
IT1:DF_DCSS_ISTR_LAV_PEN_2_TV_3(1.0),A,087010,RESPOP_AV,M,Y_GE15,TOTAL,ALL,4,ALL,ALL,2024,62.4264318496753,,,,,,,,ALL_N1,,,,,,,
IT1:DF_DCSS_ISTR_LAV_PEN_2_TV_3(1.0),A,087010,RESPOP_AV,M,Y_GE15,TOTAL,ALL,5,ALL,ALL,2018,119,,,,,,,,ALL_N1,,,,,,,
IT1:DF_DCSS_ISTR_LAV_PEN_2_TV_3(1.0),A,087010,RESPOP_AV,M,Y_GE15,TOTAL,ALL,5,ALL,ALL,2019,119,,,,,,,,ALL_N1,,,,,,,
IT1:DF_DCSS_ISTR_LAV_PEN_2_TV_3(1.0),A,087010,RESPOP_AV,M,Y_GE15,TOTAL,ALL,5,ALL,ALL,2021,125.515833251495,,,,,,,,ALL_N1,,,,,,,
IT1:DF_DCSS_ISTR_LAV_PEN_2_TV_3(1.0),A,087010,RESPOP_AV,M,Y_GE15,TOTAL,ALL,5,ALL,ALL,2022,126.462704339924,,,,,,,,ALL_N1,,,,,,,
IT1:DF_DCSS_ISTR_LAV_PEN_2_TV_3(1.0),A,087010,RESPOP_AV,M,Y_GE15,TOTAL,ALL,5,ALL,ALL,2023,127.5998682908838,,,,,,,,ALL_N1,,,,,,,
IT1:DF_DCSS_ISTR_LAV_PEN_2_TV_3(1.0),A,087010,RESPOP_AV,M,Y_GE15,TOTAL,ALL,5,ALL,ALL,2024,122.00045653121317,,,,,,,,ALL_N1,,,,,,,
IT1:DF_DCSS_ISTR_LAV_PEN_2_TV_3(1.0),A,087010,RESPOP_AV,M,Y_GE15,TOTAL,ALL,7,ALL,ALL,2018,276,,,,,,,,ALL_N1,,,,,,,
IT1:DF_DCSS_ISTR_LAV_PEN_2_TV_3(1.0),A,087010,RESPOP_AV,M,Y_GE15,TOTAL,ALL,7,ALL,ALL,2019,263,,,,,,,,ALL_N1,,,,,,,
IT1:DF_DCSS_ISTR_LAV_PEN_2_TV_3(1.0),A,087010,RESPOP_AV,M,Y_GE15,TOTAL,ALL,7,ALL,ALL,2021,373.347308092078,,,,,,,,ALL_N1,,,,,,,
IT1:DF_DCSS_ISTR_LAV_PEN_2_TV_3(1.0),A,087010,RESPOP_AV,M,Y_GE15,TOTAL,ALL,7,ALL,ALL,2022,293.348127934217,,,,,,,,ALL_N1,,,,,,,
IT1:DF_DCSS_ISTR_LAV_PEN_2_TV_3(1.0),A,087010,RESPOP_AV,M,Y_GE15,TOTAL,ALL,7,ALL,ALL,2023,249.53310809513252,,,,,,,,ALL_N1,,,,,,,
IT1:DF_DCSS_ISTR_LAV_PEN_2_TV_3(1.0),A,087010,RESPOP_AV,M,Y_GE15,TOTAL,ALL,7,ALL,ALL,2024,268.4416327114552,,,,,,,,ALL_N1,,,,,,,
IT1:DF_DCSS_ISTR_LAV_PEN_2_TV_3(1.0),A,087010,RESPOP_AV,M,Y_GE15,TOTAL,ALL,99,ALL,ALL,2018,2144,,,,,,,,ALL_N1,99_N1,,,,,,
IT1:DF_DCSS_ISTR_LAV_PEN_2_TV_3(1.0),A,087010,RESPOP_AV,M,Y_GE15,TOTAL,ALL,99,ALL,ALL,2019,2213,,,,,,,,ALL_N1,99_N1,,,,,,
IT1:DF_DCSS_ISTR_LAV_PEN_2_TV_3(1.0),A,087010,RESPOP_AV,M,Y_GE15,TOTAL,ALL,99,ALL,ALL,2021,2253,,,,,,,,ALL_N1,99_N1,,,,,,
IT1:DF_DCSS_ISTR_LAV_PEN_2_TV_3(1.0),A,087010,RESPOP_AV,M,Y_GE15,TOTAL,ALL,99,ALL,ALL,2022,2227,,,,,,,,ALL_N1,99_N1,,,,,,
IT1:DF_DCSS_ISTR_LAV_PEN_2_TV_3(1.0),A,087010,RESPOP_AV,M,Y_GE15,TOTAL,ALL,99,ALL,ALL,2023,2234,,,,,,,,ALL_N1,99_N1,,,,,,
IT1:DF_DCSS_ISTR_LAV_PEN_2_TV_3(1.0),A,087010,RESPOP_AV,M,Y_GE15,TOTAL,ALL,99,ALL,ALL,2024,2232,,,,,,,,ALL_N1,99_N1,,,,,,
IT1:DF_DCSS_ISTR_LAV_PEN_2_TV_3(1.0),A,087010,RESPOP_AV,T,Y_GE15,TOTAL,ALL,1,ALL,ALL,2018,1449,,,,,,,,ALL_N1,,,,,,,
IT1:DF_DCSS_ISTR_LAV_PEN_2_TV_3(1.0),A,087010,RESPOP_AV,T,Y_GE15,TOTAL,ALL,1,ALL,ALL,2019,1543,,,,,,,,ALL_N1,,,,,,,
IT1:DF_DCSS_ISTR_LAV_PEN_2_TV_3(1.0),A,087010,RESPOP_AV,T,Y_GE15,TOTAL,ALL,1,ALL,ALL,2021,1441,,,,,,,,ALL_N1,,,,,,,
IT1:DF_DCSS_ISTR_LAV_PEN_2_TV_3(1.0),A,087010,RESPOP_AV,T,Y_GE15,TOTAL,ALL,1,ALL,ALL,2022,1540,,,,,,,,ALL_N1,,,,,,,
IT1:DF_DCSS_ISTR_LAV_PEN_2_TV_3(1.0),A,087010,RESPOP_AV,T,Y_GE15,TOTAL,ALL,1,ALL,ALL,2023,1674,,,,,,,,ALL_N1,,,,,,,
IT1:DF_DCSS_ISTR_LAV_PEN_2_TV_3(1.0),A,087010,RESPOP_AV,T,Y_GE15,TOTAL,ALL,1,ALL,ALL,2024,1742,,,,,,,,ALL_N1,,,,,,,
IT1:DF_DCSS_ISTR_LAV_PEN_2_TV_3(1.0),A,087010,RESPOP_AV,T,Y_GE15,TOTAL,ALL,12,ALL,ALL,2018,644,,,,,,,,ALL_N1,,,,,,,
IT1:DF_DCSS_ISTR_LAV_PEN_2_TV_3(1.0),A,087010,RESPOP_AV,T,Y_GE15,TOTAL,ALL,12,ALL,ALL,2019,655,,,,,,,,ALL_N1,,,,,,,
IT1:DF_DCSS_ISTR_LAV_PEN_2_TV_3(1.0),A,087010,RESPOP_AV,T,Y_GE15,TOTAL,ALL,12,ALL,ALL,2021,334.914206620828,,,,,,,,ALL_N1,,,,,,,
IT1:DF_DCSS_ISTR_LAV_PEN_2_TV_3(1.0),A,087010,RESPOP_AV,T,Y_GE15,TOTAL,ALL,12,ALL,ALL,2022,383.088826890487,,,,,,,,ALL_N1,,,,,,,
IT1:DF_DCSS_ISTR_LAV_PEN_2_TV_3(1.0),A,087010,RESPOP_AV,T,Y_GE15,TOTAL,ALL,12,ALL,ALL,2023,386.190067102989,,,,,,,,ALL_N1,,,,,,,
IT1:DF_DCSS_ISTR_LAV_PEN_2_TV_3(1.0),A,087010,RESPOP_AV,T,Y_GE15,TOTAL,ALL,12,ALL,ALL,2024,290.1357150142806,,,,,,,,ALL_N1,,,,,,,
IT1:DF_DCSS_ISTR_LAV_PEN_2_TV_3(1.0),A,087010,RESPOP_AV,T,Y_GE15,TOTAL,ALL,22,ALL,ALL,2018,2093,,,,,,,,ALL_N1,,,,,,,
IT1:DF_DCSS_ISTR_LAV_PEN_2_TV_3(1.0),A,087010,RESPOP_AV,T,Y_GE15,TOTAL,ALL,22,ALL,ALL,2019,2198,,,,,,,,ALL_N1,,,,,,,
IT1:DF_DCSS_ISTR_LAV_PEN_2_TV_3(1.0),A,087010,RESPOP_AV,T,Y_GE15,TOTAL,ALL,22,ALL,ALL,2021,1775.91420662083,,,,,,,,ALL_N1,,,,,,,
IT1:DF_DCSS_ISTR_LAV_PEN_2_TV_3(1.0),A,087010,RESPOP_AV,T,Y_GE15,TOTAL,ALL,22,ALL,ALL,2022,1923.08882689049,,,,,,,,ALL_N1,,,,,,,
IT1:DF_DCSS_ISTR_LAV_PEN_2_TV_3(1.0),A,087010,RESPOP_AV,T,Y_GE15,TOTAL,ALL,22,ALL,ALL,2023,2060.190067102989,,,,,,,,ALL_N1,,,,,,,
IT1:DF_DCSS_ISTR_LAV_PEN_2_TV_3(1.0),A,087010,RESPOP_AV,T,Y_GE15,TOTAL,ALL,22,ALL,ALL,2024,2032.1357150142805,,,,,,,,ALL_N1,,,,,,,
IT1:DF_DCSS_ISTR_LAV_PEN_2_TV_3(1.0),A,087010,RESPOP_AV,T,Y_GE15,TOTAL,ALL,23,ALL,ALL,2018,2324,,,,,,,,ALL_N1,,,,,,,
IT1:DF_DCSS_ISTR_LAV_PEN_2_TV_3(1.0),A,087010,RESPOP_AV,T,Y_GE15,TOTAL,ALL,23,ALL,ALL,2019,2310,,,,,,,,ALL_N1,,,,,,,
IT1:DF_DCSS_ISTR_LAV_PEN_2_TV_3(1.0),A,087010,RESPOP_AV,T,Y_GE15,TOTAL,ALL,23,ALL,ALL,2021,2777.08579337917,,,,,,,,ALL_N1,,,,,,,
IT1:DF_DCSS_ISTR_LAV_PEN_2_TV_3(1.0),A,087010,RESPOP_AV,T,Y_GE15,TOTAL,ALL,23,ALL,ALL,2022,2597.91117310951,,,,,,,,ALL_N1,,,,,,,
IT1:DF_DCSS_ISTR_LAV_PEN_2_TV_3(1.0),A,087010,RESPOP_AV,T,Y_GE15,TOTAL,ALL,23,ALL,ALL,2023,2465.809932897011,,,,,,,,ALL_N1,,,,,,,
IT1:DF_DCSS_ISTR_LAV_PEN_2_TV_3(1.0),A,087010,RESPOP_AV,T,Y_GE15,TOTAL,ALL,23,ALL,ALL,2024,2493.8642849857197,,,,,,,,ALL_N1,,,,,,,
IT1:DF_DCSS_ISTR_LAV_PEN_2_TV_3(1.0),A,087010,RESPOP_AV,T,Y_GE15,TOTAL,ALL,24,ALL,ALL,2018,884,,,,,,,,ALL_N1,,,,,,,
IT1:DF_DCSS_ISTR_LAV_PEN_2_TV_3(1.0),A,087010,RESPOP_AV,T,Y_GE15,TOTAL,ALL,24,ALL,ALL,2019,886,,,,,,,,ALL_N1,,,,,,,
IT1:DF_DCSS_ISTR_LAV_PEN_2_TV_3(1.0),A,087010,RESPOP_AV,T,Y_GE15,TOTAL,ALL,24,ALL,ALL,2021,1009.6866220743,,,,,,,,ALL_N1,,,,,,,
IT1:DF_DCSS_ISTR_LAV_PEN_2_TV_3(1.0),A,087010,RESPOP_AV,T,Y_GE15,TOTAL,ALL,24,ALL,ALL,2022,947.664255756683,,,,,,,,ALL_N1,,,,,,,
IT1:DF_DCSS_ISTR_LAV_PEN_2_TV_3(1.0),A,087010,RESPOP_AV,T,Y_GE15,TOTAL,ALL,24,ALL,ALL,2023,987.2864257352229,,,,,,,,ALL_N1,,,,,,,
IT1:DF_DCSS_ISTR_LAV_PEN_2_TV_3(1.0),A,087010,RESPOP_AV,T,Y_GE15,TOTAL,ALL,24,ALL,ALL,2024,993.134145112639,,,,,,,,ALL_N1,,,,,,,
IT1:DF_DCSS_ISTR_LAV_PEN_2_TV_3(1.0),A,087010,RESPOP_AV,T,Y_GE15,TOTAL,ALL,4,ALL,ALL,2018,667,,,,,,,,ALL_N1,,,,,,,
IT1:DF_DCSS_ISTR_LAV_PEN_2_TV_3(1.0),A,087010,RESPOP_AV,T,Y_GE15,TOTAL,ALL,4,ALL,ALL,2019,691,,,,,,,,ALL_N1,,,,,,,
IT1:DF_DCSS_ISTR_LAV_PEN_2_TV_3(1.0),A,087010,RESPOP_AV,T,Y_GE15,TOTAL,ALL,4,ALL,ALL,2021,899.066549642881,,,,,,,,ALL_N1,,,,,,,
IT1:DF_DCSS_ISTR_LAV_PEN_2_TV_3(1.0),A,087010,RESPOP_AV,T,Y_GE15,TOTAL,ALL,4,ALL,ALL,2022,854.747813045038,,,,,,,,ALL_N1,,,,,,,
IT1:DF_DCSS_ISTR_LAV_PEN_2_TV_3(1.0),A,087010,RESPOP_AV,T,Y_GE15,TOTAL,ALL,4,ALL,ALL,2023,756.1020707741026,,,,,,,,ALL_N1,,,,,,,
IT1:DF_DCSS_ISTR_LAV_PEN_2_TV_3(1.0),A,087010,RESPOP_AV,T,Y_GE15,TOTAL,ALL,4,ALL,ALL,2024,766.732016367885,,,,,,,,ALL_N1,,,,,,,
IT1:DF_DCSS_ISTR_LAV_PEN_2_TV_3(1.0),A,087010,RESPOP_AV,T,Y_GE15,TOTAL,ALL,5,ALL,ALL,2018,281,,,,,,,,ALL_N1,,,,,,,
IT1:DF_DCSS_ISTR_LAV_PEN_2_TV_3(1.0),A,087010,RESPOP_AV,T,Y_GE15,TOTAL,ALL,5,ALL,ALL,2019,275,,,,,,,,ALL_N1,,,,,,,
IT1:DF_DCSS_ISTR_LAV_PEN_2_TV_3(1.0),A,087010,RESPOP_AV,T,Y_GE15,TOTAL,ALL,5,ALL,ALL,2021,300.583240922848,,,,,,,,ALL_N1,,,,,,,
IT1:DF_DCSS_ISTR_LAV_PEN_2_TV_3(1.0),A,087010,RESPOP_AV,T,Y_GE15,TOTAL,ALL,5,ALL,ALL,2022,302.786830188068,,,,,,,,ALL_N1,,,,,,,
IT1:DF_DCSS_ISTR_LAV_PEN_2_TV_3(1.0),A,087010,RESPOP_AV,T,Y_GE15,TOTAL,ALL,5,ALL,ALL,2023,289.47427014724593,,,,,,,,ALL_N1,,,,,,,
IT1:DF_DCSS_ISTR_LAV_PEN_2_TV_3(1.0),A,087010,RESPOP_AV,T,Y_GE15,TOTAL,ALL,5,ALL,ALL,2024,284.9749737385356,,,,,,,,ALL_N1,,,,,,,
IT1:DF_DCSS_ISTR_LAV_PEN_2_TV_3(1.0),A,087010,RESPOP_AV,T,Y_GE15,TOTAL,ALL,7,ALL,ALL,2018,493,,,,,,,,ALL_N1,,,,,,,
IT1:DF_DCSS_ISTR_LAV_PEN_2_TV_3(1.0),A,087010,RESPOP_AV,T,Y_GE15,TOTAL,ALL,7,ALL,ALL,2019,459,,,,,,,,ALL_N1,,,,,,,
IT1:DF_DCSS_ISTR_LAV_PEN_2_TV_3(1.0),A,087010,RESPOP_AV,T,Y_GE15,TOTAL,ALL,7,ALL,ALL,2021,567.749380739147,,,,,,,,ALL_N1,,,,,,,
IT1:DF_DCSS_ISTR_LAV_PEN_2_TV_3(1.0),A,087010,RESPOP_AV,T,Y_GE15,TOTAL,ALL,7,ALL,ALL,2022,492.712274119723,,,,,,,,ALL_N1,,,,,,,
IT1:DF_DCSS_ISTR_LAV_PEN_2_TV_3(1.0),A,087010,RESPOP_AV,T,Y_GE15,TOTAL,ALL,7,ALL,ALL,2023,432.94716624043957,,,,,,,,ALL_N1,,,,,,,
IT1:DF_DCSS_ISTR_LAV_PEN_2_TV_3(1.0),A,087010,RESPOP_AV,T,Y_GE15,TOTAL,ALL,7,ALL,ALL,2024,449.02314976665986,,,,,,,,ALL_N1,,,,,,,
IT1:DF_DCSS_ISTR_LAV_PEN_2_TV_3(1.0),A,087010,RESPOP_AV,T,Y_GE15,TOTAL,ALL,99,ALL,ALL,2018,4417,,,,,,,,ALL_N1,99_N1,,,,,,
IT1:DF_DCSS_ISTR_LAV_PEN_2_TV_3(1.0),A,087010,RESPOP_AV,T,Y_GE15,TOTAL,ALL,99,ALL,ALL,2019,4508,,,,,,,,ALL_N1,99_N1,,,,,,
IT1:DF_DCSS_ISTR_LAV_PEN_2_TV_3(1.0),A,087010,RESPOP_AV,T,Y_GE15,TOTAL,ALL,99,ALL,ALL,2021,4553,,,,,,,,ALL_N1,99_N1,,,,,,
IT1:DF_DCSS_ISTR_LAV_PEN_2_TV_3(1.0),A,087010,RESPOP_AV,T,Y_GE15,TOTAL,ALL,99,ALL,ALL,2022,4521,,,,,,,,ALL_N1,99_N1,,,,,,
IT1:DF_DCSS_ISTR_LAV_PEN_2_TV_3(1.0),A,087010,RESPOP_AV,T,Y_GE15,TOTAL,ALL,99,ALL,ALL,2023,4526,,,,,,,,ALL_N1,99_N1,,,,,,
IT1:DF_DCSS_ISTR_LAV_PEN_2_TV_3(1.0),A,087010,RESPOP_AV,T,Y_GE15,TOTAL,ALL,99,ALL,ALL,2024,4526,,,,,,,,ALL_N1,99_N1,,,,,,
IT1:DF_DCSS_ISTR_LAV_PEN_2_TV_3(1.0),A,087011,RESPOP_AV,F,Y_GE15,TOTAL,ALL,1,ALL,ALL,2018,4115,,,,,,,,ALL_N1,,,,,,,
IT1:DF_DCSS_ISTR_LAV_PEN_2_TV_3(1.0),A,087011,RESPOP_AV,F,Y_GE15,TOTAL,ALL,1,ALL,ALL,2019,4081,,,,,,,,ALL_N1,,,,,,,
IT1:DF_DCSS_ISTR_LAV_PEN_2_TV_3(1.0),A,087011,RESPOP_AV,F,Y_GE15,TOTAL,ALL,1,ALL,ALL,2021,4281,,,,,,,,ALL_N1,,,,,,,
IT1:DF_DCSS_ISTR_LAV_PEN_2_TV_3(1.0),A,087011,RESPOP_AV,F,Y_GE15,TOTAL,ALL,1,ALL,ALL,2022,4352,,,,,,,,ALL_N1,,,,,,,
IT1:DF_DCSS_ISTR_LAV_PEN_2_TV_3(1.0),A,087011,RESPOP_AV,F,Y_GE15,TOTAL,ALL,1,ALL,ALL,2023,4509,,,,,,,,ALL_N1,,,,,,,
IT1:DF_DCSS_ISTR_LAV_PEN_2_TV_3(1.0),A,087011,RESPOP_AV,F,Y_GE15,TOTAL,ALL,1,ALL,ALL,2024,4601,,,,,,,,ALL_N1,,,,,,,
IT1:DF_DCSS_ISTR_LAV_PEN_2_TV_3(1.0),A,087011,RESPOP_AV,F,Y_GE15,TOTAL,ALL,12,ALL,ALL,2018,1700,,,,,,,,ALL_N1,,,,,,,
IT1:DF_DCSS_ISTR_LAV_PEN_2_TV_3(1.0),A,087011,RESPOP_AV,F,Y_GE15,TOTAL,ALL,12,ALL,ALL,2019,1834,,,,,,,,ALL_N1,,,,,,,
IT1:DF_DCSS_ISTR_LAV_PEN_2_TV_3(1.0),A,087011,RESPOP_AV,F,Y_GE15,TOTAL,ALL,12,ALL,ALL,2021,888.520556561969,,,,,,,,ALL_N1,,,,,,,
IT1:DF_DCSS_ISTR_LAV_PEN_2_TV_3(1.0),A,087011,RESPOP_AV,F,Y_GE15,TOTAL,ALL,12,ALL,ALL,2022,1001.24868736461,,,,,,,,ALL_N1,,,,,,,
IT1:DF_DCSS_ISTR_LAV_PEN_2_TV_3(1.0),A,087011,RESPOP_AV,F,Y_GE15,TOTAL,ALL,12,ALL,ALL,2023,928.900928644109,,,,,,,,ALL_N1,,,,,,,
IT1:DF_DCSS_ISTR_LAV_PEN_2_TV_3(1.0),A,087011,RESPOP_AV,F,Y_GE15,TOTAL,ALL,12,ALL,ALL,2024,812.0743686083313,,,,,,,,ALL_N1,,,,,,,
IT1:DF_DCSS_ISTR_LAV_PEN_2_TV_3(1.0),A,087011,RESPOP_AV,F,Y_GE15,TOTAL,ALL,22,ALL,ALL,2018,5815,,,,,,,,ALL_N1,,,,,,,
IT1:DF_DCSS_ISTR_LAV_PEN_2_TV_3(1.0),A,087011,RESPOP_AV,F,Y_GE15,TOTAL,ALL,22,ALL,ALL,2019,5915,,,,,,,,ALL_N1,,,,,,,
IT1:DF_DCSS_ISTR_LAV_PEN_2_TV_3(1.0),A,087011,RESPOP_AV,F,Y_GE15,TOTAL,ALL,22,ALL,ALL,2021,5169.52055656197,,,,,,,,ALL_N1,,,,,,,
IT1:DF_DCSS_ISTR_LAV_PEN_2_TV_3(1.0),A,087011,RESPOP_AV,F,Y_GE15,TOTAL,ALL,22,ALL,ALL,2022,5353.24868736461,,,,,,,,ALL_N1,,,,,,,
IT1:DF_DCSS_ISTR_LAV_PEN_2_TV_3(1.0),A,087011,RESPOP_AV,F,Y_GE15,TOTAL,ALL,22,ALL,ALL,2023,5437.900928644109,,,,,,,,ALL_N1,,,,,,,
IT1:DF_DCSS_ISTR_LAV_PEN_2_TV_3(1.0),A,087011,RESPOP_AV,F,Y_GE15,TOTAL,ALL,22,ALL,ALL,2024,5413.0743686083315,,,,,,,,ALL_N1,,,,,,,
IT1:DF_DCSS_ISTR_LAV_PEN_2_TV_3(1.0),A,087011,RESPOP_AV,F,Y_GE15,TOTAL,ALL,23,ALL,ALL,2018,10586,,,,,,,,ALL_N1,,,,,,,
IT1:DF_DCSS_ISTR_LAV_PEN_2_TV_3(1.0),A,087011,RESPOP_AV,F,Y_GE15,TOTAL,ALL,23,ALL,ALL,2019,10298,,,,,,,,ALL_N1,,,,,,,
IT1:DF_DCSS_ISTR_LAV_PEN_2_TV_3(1.0),A,087011,RESPOP_AV,F,Y_GE15,TOTAL,ALL,23,ALL,ALL,2021,11018.479443438,,,,,,,,ALL_N1,,,,,,,
IT1:DF_DCSS_ISTR_LAV_PEN_2_TV_3(1.0),A,087011,RESPOP_AV,F,Y_GE15,TOTAL,ALL,23,ALL,ALL,2022,10714.7513126354,,,,,,,,ALL_N1,,,,,,,
IT1:DF_DCSS_ISTR_LAV_PEN_2_TV_3(1.0),A,087011,RESPOP_AV,F,Y_GE15,TOTAL,ALL,23,ALL,ALL,2023,10527.099071355891,,,,,,,,ALL_N1,,,,,,,
IT1:DF_DCSS_ISTR_LAV_PEN_2_TV_3(1.0),A,087011,RESPOP_AV,F,Y_GE15,TOTAL,ALL,23,ALL,ALL,2024,10535.925631391667,,,,,,,,ALL_N1,,,,,,,
IT1:DF_DCSS_ISTR_LAV_PEN_2_TV_3(1.0),A,087011,RESPOP_AV,F,Y_GE15,TOTAL,ALL,24,ALL,ALL,2018,2775,,,,,,,,ALL_N1,,,,,,,
IT1:DF_DCSS_ISTR_LAV_PEN_2_TV_3(1.0),A,087011,RESPOP_AV,F,Y_GE15,TOTAL,ALL,24,ALL,ALL,2019,2735,,,,,,,,ALL_N1,,,,,,,
IT1:DF_DCSS_ISTR_LAV_PEN_2_TV_3(1.0),A,087011,RESPOP_AV,F,Y_GE15,TOTAL,ALL,24,ALL,ALL,2021,2997.04266070531,,,,,,,,ALL_N1,,,,,,,
IT1:DF_DCSS_ISTR_LAV_PEN_2_TV_3(1.0),A,087011,RESPOP_AV,F,Y_GE15,TOTAL,ALL,24,ALL,ALL,2022,2933.29253150993,,,,,,,,ALL_N1,,,,,,,
IT1:DF_DCSS_ISTR_LAV_PEN_2_TV_3(1.0),A,087011,RESPOP_AV,F,Y_GE15,TOTAL,ALL,24,ALL,ALL,2023,2833.5550392194305,,,,,,,,ALL_N1,,,,,,,
IT1:DF_DCSS_ISTR_LAV_PEN_2_TV_3(1.0),A,087011,RESPOP_AV,F,Y_GE15,TOTAL,ALL,24,ALL,ALL,2024,2895.562629994964,,,,,,,,ALL_N1,,,,,,,
IT1:DF_DCSS_ISTR_LAV_PEN_2_TV_3(1.0),A,087011,RESPOP_AV,F,Y_GE15,TOTAL,ALL,4,ALL,ALL,2018,5013,,,,,,,,ALL_N1,,,,,,,
IT1:DF_DCSS_ISTR_LAV_PEN_2_TV_3(1.0),A,087011,RESPOP_AV,F,Y_GE15,TOTAL,ALL,4,ALL,ALL,2019,4833,,,,,,,,ALL_N1,,,,,,,
IT1:DF_DCSS_ISTR_LAV_PEN_2_TV_3(1.0),A,087011,RESPOP_AV,F,Y_GE15,TOTAL,ALL,4,ALL,ALL,2021,5096.43219345464,,,,,,,,ALL_N1,,,,,,,
IT1:DF_DCSS_ISTR_LAV_PEN_2_TV_3(1.0),A,087011,RESPOP_AV,F,Y_GE15,TOTAL,ALL,4,ALL,ALL,2022,5006.62344759184,,,,,,,,ALL_N1,,,,,,,
IT1:DF_DCSS_ISTR_LAV_PEN_2_TV_3(1.0),A,087011,RESPOP_AV,F,Y_GE15,TOTAL,ALL,4,ALL,ALL,2023,4919.706140599022,,,,,,,,ALL_N1,,,,,,,
IT1:DF_DCSS_ISTR_LAV_PEN_2_TV_3(1.0),A,087011,RESPOP_AV,F,Y_GE15,TOTAL,ALL,4,ALL,ALL,2024,4839.454422225844,,,,,,,,ALL_N1,,,,,,,
IT1:DF_DCSS_ISTR_LAV_PEN_2_TV_3(1.0),A,087011,RESPOP_AV,F,Y_GE15,TOTAL,ALL,5,ALL,ALL,2018,1588,,,,,,,,ALL_N1,,,,,,,
IT1:DF_DCSS_ISTR_LAV_PEN_2_TV_3(1.0),A,087011,RESPOP_AV,F,Y_GE15,TOTAL,ALL,5,ALL,ALL,2019,1650,,,,,,,,ALL_N1,,,,,,,
IT1:DF_DCSS_ISTR_LAV_PEN_2_TV_3(1.0),A,087011,RESPOP_AV,F,Y_GE15,TOTAL,ALL,5,ALL,ALL,2021,1652.3185833683,,,,,,,,ALL_N1,,,,,,,
IT1:DF_DCSS_ISTR_LAV_PEN_2_TV_3(1.0),A,087011,RESPOP_AV,F,Y_GE15,TOTAL,ALL,5,ALL,ALL,2022,1560.05457996638,,,,,,,,ALL_N1,,,,,,,
IT1:DF_DCSS_ISTR_LAV_PEN_2_TV_3(1.0),A,087011,RESPOP_AV,F,Y_GE15,TOTAL,ALL,5,ALL,ALL,2023,1549.1546825092603,,,,,,,,ALL_N1,,,,,,,
IT1:DF_DCSS_ISTR_LAV_PEN_2_TV_3(1.0),A,087011,RESPOP_AV,F,Y_GE15,TOTAL,ALL,5,ALL,ALL,2024,1545.1869098348582,,,,,,,,ALL_N1,,,,,,,
IT1:DF_DCSS_ISTR_LAV_PEN_2_TV_3(1.0),A,087011,RESPOP_AV,F,Y_GE15,TOTAL,ALL,7,ALL,ALL,2018,1211,,,,,,,,ALL_N1,,,,,,,
IT1:DF_DCSS_ISTR_LAV_PEN_2_TV_3(1.0),A,087011,RESPOP_AV,F,Y_GE15,TOTAL,ALL,7,ALL,ALL,2019,1080,,,,,,,,ALL_N1,,,,,,,
IT1:DF_DCSS_ISTR_LAV_PEN_2_TV_3(1.0),A,087011,RESPOP_AV,F,Y_GE15,TOTAL,ALL,7,ALL,ALL,2021,1272.68600590979,,,,,,,,ALL_N1,,,,,,,
IT1:DF_DCSS_ISTR_LAV_PEN_2_TV_3(1.0),A,087011,RESPOP_AV,F,Y_GE15,TOTAL,ALL,7,ALL,ALL,2022,1214.78075356724,,,,,,,,ALL_N1,,,,,,,
IT1:DF_DCSS_ISTR_LAV_PEN_2_TV_3(1.0),A,087011,RESPOP_AV,F,Y_GE15,TOTAL,ALL,7,ALL,ALL,2023,1224.6832090281794,,,,,,,,ALL_N1,,,,,,,
IT1:DF_DCSS_ISTR_LAV_PEN_2_TV_3(1.0),A,087011,RESPOP_AV,F,Y_GE15,TOTAL,ALL,7,ALL,ALL,2024,1255.7216693360017,,,,,,,,ALL_N1,,,,,,,
IT1:DF_DCSS_ISTR_LAV_PEN_2_TV_3(1.0),A,087011,RESPOP_AV,F,Y_GE15,TOTAL,ALL,99,ALL,ALL,2018,16401,,,,,,,,ALL_N1,99_N1,,,,,,
IT1:DF_DCSS_ISTR_LAV_PEN_2_TV_3(1.0),A,087011,RESPOP_AV,F,Y_GE15,TOTAL,ALL,99,ALL,ALL,2019,16213,,,,,,,,ALL_N1,99_N1,,,,,,
IT1:DF_DCSS_ISTR_LAV_PEN_2_TV_3(1.0),A,087011,RESPOP_AV,F,Y_GE15,TOTAL,ALL,99,ALL,ALL,2021,16188,,,,,,,,ALL_N1,99_N1,,,,,,
IT1:DF_DCSS_ISTR_LAV_PEN_2_TV_3(1.0),A,087011,RESPOP_AV,F,Y_GE15,TOTAL,ALL,99,ALL,ALL,2022,16068,,,,,,,,ALL_N1,99_N1,,,,,,
IT1:DF_DCSS_ISTR_LAV_PEN_2_TV_3(1.0),A,087011,RESPOP_AV,F,Y_GE15,TOTAL,ALL,99,ALL,ALL,2023,15965,,,,,,,,ALL_N1,99_N1,,,,,,
IT1:DF_DCSS_ISTR_LAV_PEN_2_TV_3(1.0),A,087011,RESPOP_AV,F,Y_GE15,TOTAL,ALL,99,ALL,ALL,2024,15948.999999999998,,,,,,,,ALL_N1,99_N1,,,,,,
IT1:DF_DCSS_ISTR_LAV_PEN_2_TV_3(1.0),A,087011,RESPOP_AV,M,Y_GE15,TOTAL,ALL,1,ALL,ALL,2018,6711,,,,,,,,ALL_N1,,,,,,,
IT1:DF_DCSS_ISTR_LAV_PEN_2_TV_3(1.0),A,087011,RESPOP_AV,M,Y_GE15,TOTAL,ALL,1,ALL,ALL,2019,6733,,,,,,,,ALL_N1,,,,,,,
IT1:DF_DCSS_ISTR_LAV_PEN_2_TV_3(1.0),A,087011,RESPOP_AV,M,Y_GE15,TOTAL,ALL,1,ALL,ALL,2021,6728,,,,,,,,ALL_N1,,,,,,,
IT1:DF_DCSS_ISTR_LAV_PEN_2_TV_3(1.0),A,087011,RESPOP_AV,M,Y_GE15,TOTAL,ALL,1,ALL,ALL,2022,6846,,,,,,,,ALL_N1,,,,,,,
IT1:DF_DCSS_ISTR_LAV_PEN_2_TV_3(1.0),A,087011,RESPOP_AV,M,Y_GE15,TOTAL,ALL,1,ALL,ALL,2023,6926,,,,,,,,ALL_N1,,,,,,,
IT1:DF_DCSS_ISTR_LAV_PEN_2_TV_3(1.0),A,087011,RESPOP_AV,M,Y_GE15,TOTAL,ALL,1,ALL,ALL,2024,7097,,,,,,,,ALL_N1,,,,,,,
IT1:DF_DCSS_ISTR_LAV_PEN_2_TV_3(1.0),A,087011,RESPOP_AV,M,Y_GE15,TOTAL,ALL,12,ALL,ALL,2018,2161,,,,,,,,ALL_N1,,,,,,,
IT1:DF_DCSS_ISTR_LAV_PEN_2_TV_3(1.0),A,087011,RESPOP_AV,M,Y_GE15,TOTAL,ALL,12,ALL,ALL,2019,2157,,,,,,,,ALL_N1,,,,,,,
IT1:DF_DCSS_ISTR_LAV_PEN_2_TV_3(1.0),A,087011,RESPOP_AV,M,Y_GE15,TOTAL,ALL,12,ALL,ALL,2021,1209.25543934013,,,,,,,,ALL_N1,,,,,,,
IT1:DF_DCSS_ISTR_LAV_PEN_2_TV_3(1.0),A,087011,RESPOP_AV,M,Y_GE15,TOTAL,ALL,12,ALL,ALL,2022,1317.32861729508,,,,,,,,ALL_N1,,,,,,,
IT1:DF_DCSS_ISTR_LAV_PEN_2_TV_3(1.0),A,087011,RESPOP_AV,M,Y_GE15,TOTAL,ALL,12,ALL,ALL,2023,1182.676903535862,,,,,,,,ALL_N1,,,,,,,
IT1:DF_DCSS_ISTR_LAV_PEN_2_TV_3(1.0),A,087011,RESPOP_AV,M,Y_GE15,TOTAL,ALL,12,ALL,ALL,2024,1024.2863858606463,,,,,,,,ALL_N1,,,,,,,
IT1:DF_DCSS_ISTR_LAV_PEN_2_TV_3(1.0),A,087011,RESPOP_AV,M,Y_GE15,TOTAL,ALL,22,ALL,ALL,2018,8872,,,,,,,,ALL_N1,,,,,,,
IT1:DF_DCSS_ISTR_LAV_PEN_2_TV_3(1.0),A,087011,RESPOP_AV,M,Y_GE15,TOTAL,ALL,22,ALL,ALL,2019,8890,,,,,,,,ALL_N1,,,,,,,
IT1:DF_DCSS_ISTR_LAV_PEN_2_TV_3(1.0),A,087011,RESPOP_AV,M,Y_GE15,TOTAL,ALL,22,ALL,ALL,2021,7937.25543934013,,,,,,,,ALL_N1,,,,,,,
IT1:DF_DCSS_ISTR_LAV_PEN_2_TV_3(1.0),A,087011,RESPOP_AV,M,Y_GE15,TOTAL,ALL,22,ALL,ALL,2022,8163.32861729508,,,,,,,,ALL_N1,,,,,,,
IT1:DF_DCSS_ISTR_LAV_PEN_2_TV_3(1.0),A,087011,RESPOP_AV,M,Y_GE15,TOTAL,ALL,22,ALL,ALL,2023,8108.676903535862,,,,,,,,ALL_N1,,,,,,,
IT1:DF_DCSS_ISTR_LAV_PEN_2_TV_3(1.0),A,087011,RESPOP_AV,M,Y_GE15,TOTAL,ALL,22,ALL,ALL,2024,8121.286385860646,,,,,,,,ALL_N1,,,,,,,
IT1:DF_DCSS_ISTR_LAV_PEN_2_TV_3(1.0),A,087011,RESPOP_AV,M,Y_GE15,TOTAL,ALL,23,ALL,ALL,2018,6526,,,,,,,,ALL_N1,,,,,,,
IT1:DF_DCSS_ISTR_LAV_PEN_2_TV_3(1.0),A,087011,RESPOP_AV,M,Y_GE15,TOTAL,ALL,23,ALL,ALL,2019,6330,,,,,,,,ALL_N1,,,,,,,
IT1:DF_DCSS_ISTR_LAV_PEN_2_TV_3(1.0),A,087011,RESPOP_AV,M,Y_GE15,TOTAL,ALL,23,ALL,ALL,2021,7259.74456065986,,,,,,,,ALL_N1,,,,,,,
IT1:DF_DCSS_ISTR_LAV_PEN_2_TV_3(1.0),A,087011,RESPOP_AV,M,Y_GE15,TOTAL,ALL,23,ALL,ALL,2022,7014.67138270492,,,,,,,,ALL_N1,,,,,,,
IT1:DF_DCSS_ISTR_LAV_PEN_2_TV_3(1.0),A,087011,RESPOP_AV,M,Y_GE15,TOTAL,ALL,23,ALL,ALL,2023,7045.323096464138,,,,,,,,ALL_N1,,,,,,,
IT1:DF_DCSS_ISTR_LAV_PEN_2_TV_3(1.0),A,087011,RESPOP_AV,M,Y_GE15,TOTAL,ALL,23,ALL,ALL,2024,7027.713614139354,,,,,,,,ALL_N1,,,,,,,
IT1:DF_DCSS_ISTR_LAV_PEN_2_TV_3(1.0),A,087011,RESPOP_AV,M,Y_GE15,TOTAL,ALL,24,ALL,ALL,2018,3092,,,,,,,,ALL_N1,,,,,,,
IT1:DF_DCSS_ISTR_LAV_PEN_2_TV_3(1.0),A,087011,RESPOP_AV,M,Y_GE15,TOTAL,ALL,24,ALL,ALL,2019,3145,,,,,,,,ALL_N1,,,,,,,
IT1:DF_DCSS_ISTR_LAV_PEN_2_TV_3(1.0),A,087011,RESPOP_AV,M,Y_GE15,TOTAL,ALL,24,ALL,ALL,2021,3421.82513346954,,,,,,,,ALL_N1,,,,,,,
IT1:DF_DCSS_ISTR_LAV_PEN_2_TV_3(1.0),A,087011,RESPOP_AV,M,Y_GE15,TOTAL,ALL,24,ALL,ALL,2022,3457.10241757484,,,,,,,,ALL_N1,,,,,,,
IT1:DF_DCSS_ISTR_LAV_PEN_2_TV_3(1.0),A,087011,RESPOP_AV,M,Y_GE15,TOTAL,ALL,24,ALL,ALL,2023,3445.7778622010665,,,,,,,,ALL_N1,,,,,,,
IT1:DF_DCSS_ISTR_LAV_PEN_2_TV_3(1.0),A,087011,RESPOP_AV,M,Y_GE15,TOTAL,ALL,24,ALL,ALL,2024,3498.6463684604187,,,,,,,,ALL_N1,,,,,,,
IT1:DF_DCSS_ISTR_LAV_PEN_2_TV_3(1.0),A,087011,RESPOP_AV,M,Y_GE15,TOTAL,ALL,4,ALL,ALL,2018,225,,,,,,,,ALL_N1,,,,,,,
IT1:DF_DCSS_ISTR_LAV_PEN_2_TV_3(1.0),A,087011,RESPOP_AV,M,Y_GE15,TOTAL,ALL,4,ALL,ALL,2019,214,,,,,,,,ALL_N1,,,,,,,
IT1:DF_DCSS_ISTR_LAV_PEN_2_TV_3(1.0),A,087011,RESPOP_AV,M,Y_GE15,TOTAL,ALL,4,ALL,ALL,2021,382.018656607292,,,,,,,,ALL_N1,,,,,,,
IT1:DF_DCSS_ISTR_LAV_PEN_2_TV_3(1.0),A,087011,RESPOP_AV,M,Y_GE15,TOTAL,ALL,4,ALL,ALL,2022,375.235967413139,,,,,,,,ALL_N1,,,,,,,
IT1:DF_DCSS_ISTR_LAV_PEN_2_TV_3(1.0),A,087011,RESPOP_AV,M,Y_GE15,TOTAL,ALL,4,ALL,ALL,2023,428.6758118128746,,,,,,,,ALL_N1,,,,,,,
IT1:DF_DCSS_ISTR_LAV_PEN_2_TV_3(1.0),A,087011,RESPOP_AV,M,Y_GE15,TOTAL,ALL,4,ALL,ALL,2024,355.8769899448871,,,,,,,,ALL_N1,,,,,,,
IT1:DF_DCSS_ISTR_LAV_PEN_2_TV_3(1.0),A,087011,RESPOP_AV,M,Y_GE15,TOTAL,ALL,5,ALL,ALL,2018,1509,,,,,,,,ALL_N1,,,,,,,
IT1:DF_DCSS_ISTR_LAV_PEN_2_TV_3(1.0),A,087011,RESPOP_AV,M,Y_GE15,TOTAL,ALL,5,ALL,ALL,2019,1527,,,,,,,,ALL_N1,,,,,,,
IT1:DF_DCSS_ISTR_LAV_PEN_2_TV_3(1.0),A,087011,RESPOP_AV,M,Y_GE15,TOTAL,ALL,5,ALL,ALL,2021,1458.62918370038,,,,,,,,ALL_N1,,,,,,,
IT1:DF_DCSS_ISTR_LAV_PEN_2_TV_3(1.0),A,087011,RESPOP_AV,M,Y_GE15,TOTAL,ALL,5,ALL,ALL,2022,1451.27419125123,,,,,,,,ALL_N1,,,,,,,
IT1:DF_DCSS_ISTR_LAV_PEN_2_TV_3(1.0),A,087011,RESPOP_AV,M,Y_GE15,TOTAL,ALL,5,ALL,ALL,2023,1446.0745934629333,,,,,,,,ALL_N1,,,,,,,
IT1:DF_DCSS_ISTR_LAV_PEN_2_TV_3(1.0),A,087011,RESPOP_AV,M,Y_GE15,TOTAL,ALL,5,ALL,ALL,2024,1419.2276648457016,,,,,,,,ALL_N1,,,,,,,
IT1:DF_DCSS_ISTR_LAV_PEN_2_TV_3(1.0),A,087011,RESPOP_AV,M,Y_GE15,TOTAL,ALL,7,ALL,ALL,2018,1701,,,,,,,,ALL_N1,,,,,,,
IT1:DF_DCSS_ISTR_LAV_PEN_2_TV_3(1.0),A,087011,RESPOP_AV,M,Y_GE15,TOTAL,ALL,7,ALL,ALL,2019,1444,,,,,,,,ALL_N1,,,,,,,
IT1:DF_DCSS_ISTR_LAV_PEN_2_TV_3(1.0),A,087011,RESPOP_AV,M,Y_GE15,TOTAL,ALL,7,ALL,ALL,2021,1997.27158688265,,,,,,,,ALL_N1,,,,,,,
IT1:DF_DCSS_ISTR_LAV_PEN_2_TV_3(1.0),A,087011,RESPOP_AV,M,Y_GE15,TOTAL,ALL,7,ALL,ALL,2022,1731.05880646571,,,,,,,,ALL_N1,,,,,,,
IT1:DF_DCSS_ISTR_LAV_PEN_2_TV_3(1.0),A,087011,RESPOP_AV,M,Y_GE15,TOTAL,ALL,7,ALL,ALL,2023,1724.7948289872636,,,,,,,,ALL_N1,,,,,,,
IT1:DF_DCSS_ISTR_LAV_PEN_2_TV_3(1.0),A,087011,RESPOP_AV,M,Y_GE15,TOTAL,ALL,7,ALL,ALL,2024,1753.9625908883468,,,,,,,,ALL_N1,,,,,,,
IT1:DF_DCSS_ISTR_LAV_PEN_2_TV_3(1.0),A,087011,RESPOP_AV,M,Y_GE15,TOTAL,ALL,99,ALL,ALL,2018,15398,,,,,,,,ALL_N1,99_N1,,,,,,
IT1:DF_DCSS_ISTR_LAV_PEN_2_TV_3(1.0),A,087011,RESPOP_AV,M,Y_GE15,TOTAL,ALL,99,ALL,ALL,2019,15220,,,,,,,,ALL_N1,99_N1,,,,,,
IT1:DF_DCSS_ISTR_LAV_PEN_2_TV_3(1.0),A,087011,RESPOP_AV,M,Y_GE15,TOTAL,ALL,99,ALL,ALL,2021,15197,,,,,,,,ALL_N1,99_N1,,,,,,
IT1:DF_DCSS_ISTR_LAV_PEN_2_TV_3(1.0),A,087011,RESPOP_AV,M,Y_GE15,TOTAL,ALL,99,ALL,ALL,2022,15178,,,,,,,,ALL_N1,99_N1,,,,,,
IT1:DF_DCSS_ISTR_LAV_PEN_2_TV_3(1.0),A,087011,RESPOP_AV,M,Y_GE15,TOTAL,ALL,99,ALL,ALL,2023,15154,,,,,,,,ALL_N1,99_N1,,,,,,
IT1:DF_DCSS_ISTR_LAV_PEN_2_TV_3(1.0),A,087011,RESPOP_AV,M,Y_GE15,TOTAL,ALL,99,ALL,ALL,2024,15149,,,,,,,,ALL_N1,99_N1,,,,,,
IT1:DF_DCSS_ISTR_LAV_PEN_2_TV_3(1.0),A,087011,RESPOP_AV,T,Y_GE15,TOTAL,ALL,1,ALL,ALL,2018,10826,,,,,,,,ALL_N1,,,,,,,
IT1:DF_DCSS_ISTR_LAV_PEN_2_TV_3(1.0),A,087011,RESPOP_AV,T,Y_GE15,TOTAL,ALL,1,ALL,ALL,2019,10814,,,,,,,,ALL_N1,,,,,,,
IT1:DF_DCSS_ISTR_LAV_PEN_2_TV_3(1.0),A,087011,RESPOP_AV,T,Y_GE15,TOTAL,ALL,1,ALL,ALL,2021,11009,,,,,,,,ALL_N1,,,,,,,
IT1:DF_DCSS_ISTR_LAV_PEN_2_TV_3(1.0),A,087011,RESPOP_AV,T,Y_GE15,TOTAL,ALL,1,ALL,ALL,2022,11198,,,,,,,,ALL_N1,,,,,,,
IT1:DF_DCSS_ISTR_LAV_PEN_2_TV_3(1.0),A,087011,RESPOP_AV,T,Y_GE15,TOTAL,ALL,1,ALL,ALL,2023,11435,,,,,,,,ALL_N1,,,,,,,
IT1:DF_DCSS_ISTR_LAV_PEN_2_TV_3(1.0),A,087011,RESPOP_AV,T,Y_GE15,TOTAL,ALL,1,ALL,ALL,2024,11698,,,,,,,,ALL_N1,,,,,,,
IT1:DF_DCSS_ISTR_LAV_PEN_2_TV_3(1.0),A,087011,RESPOP_AV,T,Y_GE15,TOTAL,ALL,12,ALL,ALL,2018,3861,,,,,,,,ALL_N1,,,,,,,
IT1:DF_DCSS_ISTR_LAV_PEN_2_TV_3(1.0),A,087011,RESPOP_AV,T,Y_GE15,TOTAL,ALL,12,ALL,ALL,2019,3991,,,,,,,,ALL_N1,,,,,,,
IT1:DF_DCSS_ISTR_LAV_PEN_2_TV_3(1.0),A,087011,RESPOP_AV,T,Y_GE15,TOTAL,ALL,12,ALL,ALL,2021,2097.7759959021,,,,,,,,ALL_N1,,,,,,,
IT1:DF_DCSS_ISTR_LAV_PEN_2_TV_3(1.0),A,087011,RESPOP_AV,T,Y_GE15,TOTAL,ALL,12,ALL,ALL,2022,2318.57730465969,,,,,,,,ALL_N1,,,,,,,
IT1:DF_DCSS_ISTR_LAV_PEN_2_TV_3(1.0),A,087011,RESPOP_AV,T,Y_GE15,TOTAL,ALL,12,ALL,ALL,2023,2111.5778321799708,,,,,,,,ALL_N1,,,,,,,
IT1:DF_DCSS_ISTR_LAV_PEN_2_TV_3(1.0),A,087011,RESPOP_AV,T,Y_GE15,TOTAL,ALL,12,ALL,ALL,2024,1836.3607544689776,,,,,,,,ALL_N1,,,,,,,
IT1:DF_DCSS_ISTR_LAV_PEN_2_TV_3(1.0),A,087011,RESPOP_AV,T,Y_GE15,TOTAL,ALL,22,ALL,ALL,2018,14687,,,,,,,,ALL_N1,,,,,,,
IT1:DF_DCSS_ISTR_LAV_PEN_2_TV_3(1.0),A,087011,RESPOP_AV,T,Y_GE15,TOTAL,ALL,22,ALL,ALL,2019,14805,,,,,,,,ALL_N1,,,,,,,
IT1:DF_DCSS_ISTR_LAV_PEN_2_TV_3(1.0),A,087011,RESPOP_AV,T,Y_GE15,TOTAL,ALL,22,ALL,ALL,2021,13106.7759959021,,,,,,,,ALL_N1,,,,,,,
IT1:DF_DCSS_ISTR_LAV_PEN_2_TV_3(1.0),A,087011,RESPOP_AV,T,Y_GE15,TOTAL,ALL,22,ALL,ALL,2022,13516.5773046597,,,,,,,,ALL_N1,,,,,,,
IT1:DF_DCSS_ISTR_LAV_PEN_2_TV_3(1.0),A,087011,RESPOP_AV,T,Y_GE15,TOTAL,ALL,22,ALL,ALL,2023,13546.577832179972,,,,,,,,ALL_N1,,,,,,,
IT1:DF_DCSS_ISTR_LAV_PEN_2_TV_3(1.0),A,087011,RESPOP_AV,T,Y_GE15,TOTAL,ALL,22,ALL,ALL,2024,13534.360754468977,,,,,,,,ALL_N1,,,,,,,
IT1:DF_DCSS_ISTR_LAV_PEN_2_TV_3(1.0),A,087011,RESPOP_AV,T,Y_GE15,TOTAL,ALL,23,ALL,ALL,2018,17112,,,,,,,,ALL_N1,,,,,,,
IT1:DF_DCSS_ISTR_LAV_PEN_2_TV_3(1.0),A,087011,RESPOP_AV,T,Y_GE15,TOTAL,ALL,23,ALL,ALL,2019,16628,,,,,,,,ALL_N1,,,,,,,
IT1:DF_DCSS_ISTR_LAV_PEN_2_TV_3(1.0),A,087011,RESPOP_AV,T,Y_GE15,TOTAL,ALL,23,ALL,ALL,2021,18278.2240040979,,,,,,,,ALL_N1,,,,,,,
IT1:DF_DCSS_ISTR_LAV_PEN_2_TV_3(1.0),A,087011,RESPOP_AV,T,Y_GE15,TOTAL,ALL,23,ALL,ALL,2022,17729.4226953403,,,,,,,,ALL_N1,,,,,,,
IT1:DF_DCSS_ISTR_LAV_PEN_2_TV_3(1.0),A,087011,RESPOP_AV,T,Y_GE15,TOTAL,ALL,23,ALL,ALL,2023,17572.42216782003,,,,,,,,ALL_N1,,,,,,,
IT1:DF_DCSS_ISTR_LAV_PEN_2_TV_3(1.0),A,087011,RESPOP_AV,T,Y_GE15,TOTAL,ALL,23,ALL,ALL,2024,17563.63924553102,,,,,,,,ALL_N1,,,,,,,
IT1:DF_DCSS_ISTR_LAV_PEN_2_TV_3(1.0),A,087011,RESPOP_AV,T,Y_GE15,TOTAL,ALL,24,ALL,ALL,2018,5867,,,,,,,,ALL_N1,,,,,,,
IT1:DF_DCSS_ISTR_LAV_PEN_2_TV_3(1.0),A,087011,RESPOP_AV,T,Y_GE15,TOTAL,ALL,24,ALL,ALL,2019,5880,,,,,,,,ALL_N1,,,,,,,
IT1:DF_DCSS_ISTR_LAV_PEN_2_TV_3(1.0),A,087011,RESPOP_AV,T,Y_GE15,TOTAL,ALL,24,ALL,ALL,2021,6418.86779417485,,,,,,,,ALL_N1,,,,,,,
IT1:DF_DCSS_ISTR_LAV_PEN_2_TV_3(1.0),A,087011,RESPOP_AV,T,Y_GE15,TOTAL,ALL,24,ALL,ALL,2022,6390.39494908477,,,,,,,,ALL_N1,,,,,,,
IT1:DF_DCSS_ISTR_LAV_PEN_2_TV_3(1.0),A,087011,RESPOP_AV,T,Y_GE15,TOTAL,ALL,24,ALL,ALL,2023,6279.332901420497,,,,,,,,ALL_N1,,,,,,,
IT1:DF_DCSS_ISTR_LAV_PEN_2_TV_3(1.0),A,087011,RESPOP_AV,T,Y_GE15,TOTAL,ALL,24,ALL,ALL,2024,6394.208998455382,,,,,,,,ALL_N1,,,,,,,
IT1:DF_DCSS_ISTR_LAV_PEN_2_TV_3(1.0),A,087011,RESPOP_AV,T,Y_GE15,TOTAL,ALL,4,ALL,ALL,2018,5237,,,,,,,,ALL_N1,,,,,,,
IT1:DF_DCSS_ISTR_LAV_PEN_2_TV_3(1.0),A,087011,RESPOP_AV,T,Y_GE15,TOTAL,ALL,4,ALL,ALL,2019,5047,,,,,,,,ALL_N1,,,,,,,
IT1:DF_DCSS_ISTR_LAV_PEN_2_TV_3(1.0),A,087011,RESPOP_AV,T,Y_GE15,TOTAL,ALL,4,ALL,ALL,2021,5478.45085006193,,,,,,,,ALL_N1,,,,,,,
IT1:DF_DCSS_ISTR_LAV_PEN_2_TV_3(1.0),A,087011,RESPOP_AV,T,Y_GE15,TOTAL,ALL,4,ALL,ALL,2022,5381.85941500498,,,,,,,,ALL_N1,,,,,,,
IT1:DF_DCSS_ISTR_LAV_PEN_2_TV_3(1.0),A,087011,RESPOP_AV,T,Y_GE15,TOTAL,ALL,4,ALL,ALL,2023,5348.381952411896,,,,,,,,ALL_N1,,,,,,,
IT1:DF_DCSS_ISTR_LAV_PEN_2_TV_3(1.0),A,087011,RESPOP_AV,T,Y_GE15,TOTAL,ALL,4,ALL,ALL,2024,5195.331412170731,,,,,,,,ALL_N1,,,,,,,
IT1:DF_DCSS_ISTR_LAV_PEN_2_TV_3(1.0),A,087011,RESPOP_AV,T,Y_GE15,TOTAL,ALL,5,ALL,ALL,2018,3097,,,,,,,,ALL_N1,,,,,,,
IT1:DF_DCSS_ISTR_LAV_PEN_2_TV_3(1.0),A,087011,RESPOP_AV,T,Y_GE15,TOTAL,ALL,5,ALL,ALL,2019,3177,,,,,,,,ALL_N1,,,,,,,
IT1:DF_DCSS_ISTR_LAV_PEN_2_TV_3(1.0),A,087011,RESPOP_AV,T,Y_GE15,TOTAL,ALL,5,ALL,ALL,2021,3110.94776706868,,,,,,,,ALL_N1,,,,,,,
IT1:DF_DCSS_ISTR_LAV_PEN_2_TV_3(1.0),A,087011,RESPOP_AV,T,Y_GE15,TOTAL,ALL,5,ALL,ALL,2022,3011.3287712176,,,,,,,,ALL_N1,,,,,,,
IT1:DF_DCSS_ISTR_LAV_PEN_2_TV_3(1.0),A,087011,RESPOP_AV,T,Y_GE15,TOTAL,ALL,5,ALL,ALL,2023,2995.2292759721936,,,,,,,,ALL_N1,,,,,,,
IT1:DF_DCSS_ISTR_LAV_PEN_2_TV_3(1.0),A,087011,RESPOP_AV,T,Y_GE15,TOTAL,ALL,5,ALL,ALL,2024,2964.41457468056,,,,,,,,ALL_N1,,,,,,,
IT1:DF_DCSS_ISTR_LAV_PEN_2_TV_3(1.0),A,087011,RESPOP_AV,T,Y_GE15,TOTAL,ALL,7,ALL,ALL,2018,2912,,,,,,,,ALL_N1,,,,,,,
IT1:DF_DCSS_ISTR_LAV_PEN_2_TV_3(1.0),A,087011,RESPOP_AV,T,Y_GE15,TOTAL,ALL,7,ALL,ALL,2019,2524,,,,,,,,ALL_N1,,,,,,,
IT1:DF_DCSS_ISTR_LAV_PEN_2_TV_3(1.0),A,087011,RESPOP_AV,T,Y_GE15,TOTAL,ALL,7,ALL,ALL,2021,3269.95759279244,,,,,,,,ALL_N1,,,,,,,
IT1:DF_DCSS_ISTR_LAV_PEN_2_TV_3(1.0),A,087011,RESPOP_AV,T,Y_GE15,TOTAL,ALL,7,ALL,ALL,2022,2945.83956003295,,,,,,,,ALL_N1,,,,,,,
IT1:DF_DCSS_ISTR_LAV_PEN_2_TV_3(1.0),A,087011,RESPOP_AV,T,Y_GE15,TOTAL,ALL,7,ALL,ALL,2023,2949.478038015443,,,,,,,,ALL_N1,,,,,,,
IT1:DF_DCSS_ISTR_LAV_PEN_2_TV_3(1.0),A,087011,RESPOP_AV,T,Y_GE15,TOTAL,ALL,7,ALL,ALL,2024,3009.6842602243482,,,,,,,,ALL_N1,,,,,,,
IT1:DF_DCSS_ISTR_LAV_PEN_2_TV_3(1.0),A,087011,RESPOP_AV,T,Y_GE15,TOTAL,ALL,99,ALL,ALL,2018,31799,,,,,,,,ALL_N1,99_N1,,,,,,
IT1:DF_DCSS_ISTR_LAV_PEN_2_TV_3(1.0),A,087011,RESPOP_AV,T,Y_GE15,TOTAL,ALL,99,ALL,ALL,2019,31433,,,,,,,,ALL_N1,99_N1,,,,,,
IT1:DF_DCSS_ISTR_LAV_PEN_2_TV_3(1.0),A,087011,RESPOP_AV,T,Y_GE15,TOTAL,ALL,99,ALL,ALL,2021,31385,,,,,,,,ALL_N1,99_N1,,,,,,
IT1:DF_DCSS_ISTR_LAV_PEN_2_TV_3(1.0),A,087011,RESPOP_AV,T,Y_GE15,TOTAL,ALL,99,ALL,ALL,2022,31246,,,,,,,,ALL_N1,99_N1,,,,,,
IT1:DF_DCSS_ISTR_LAV_PEN_2_TV_3(1.0),A,087011,RESPOP_AV,T,Y_GE15,TOTAL,ALL,99,ALL,ALL,2023,31119,,,,,,,,ALL_N1,99_N1,,,,,,
IT1:DF_DCSS_ISTR_LAV_PEN_2_TV_3(1.0),A,087011,RESPOP_AV,T,Y_GE15,TOTAL,ALL,99,ALL,ALL,2024,31098,,,,,,,,ALL_N1,99_N1,,,,,,
IT1:DF_DCSS_ISTR_LAV_PEN_2_TV_3(1.0),A,087012,RESPOP_AV,F,Y_GE15,TOTAL,ALL,1,ALL,ALL,2018,561,,,,,,,,ALL_N1,,,,,,,
IT1:DF_DCSS_ISTR_LAV_PEN_2_TV_3(1.0),A,087012,RESPOP_AV,F,Y_GE15,TOTAL,ALL,1,ALL,ALL,2019,577,,,,,,,,ALL_N1,,,,,,,
IT1:DF_DCSS_ISTR_LAV_PEN_2_TV_3(1.0),A,087012,RESPOP_AV,F,Y_GE15,TOTAL,ALL,1,ALL,ALL,2021,614,,,,,,,,ALL_N1,,,,,,,
IT1:DF_DCSS_ISTR_LAV_PEN_2_TV_3(1.0),A,087012,RESPOP_AV,F,Y_GE15,TOTAL,ALL,1,ALL,ALL,2022,596,,,,,,,,ALL_N1,,,,,,,
IT1:DF_DCSS_ISTR_LAV_PEN_2_TV_3(1.0),A,087012,RESPOP_AV,F,Y_GE15,TOTAL,ALL,1,ALL,ALL,2023,633,,,,,,,,ALL_N1,,,,,,,
IT1:DF_DCSS_ISTR_LAV_PEN_2_TV_3(1.0),A,087012,RESPOP_AV,F,Y_GE15,TOTAL,ALL,1,ALL,ALL,2024,701,,,,,,,,ALL_N1,,,,,,,
IT1:DF_DCSS_ISTR_LAV_PEN_2_TV_3(1.0),A,087012,RESPOP_AV,F,Y_GE15,TOTAL,ALL,12,ALL,ALL,2018,275,,,,,,,,ALL_N1,,,,,,,
IT1:DF_DCSS_ISTR_LAV_PEN_2_TV_3(1.0),A,087012,RESPOP_AV,F,Y_GE15,TOTAL,ALL,12,ALL,ALL,2019,253,,,,,,,,ALL_N1,,,,,,,
IT1:DF_DCSS_ISTR_LAV_PEN_2_TV_3(1.0),A,087012,RESPOP_AV,F,Y_GE15,TOTAL,ALL,12,ALL,ALL,2021,165.495230756497,,,,,,,,ALL_N1,,,,,,,
IT1:DF_DCSS_ISTR_LAV_PEN_2_TV_3(1.0),A,087012,RESPOP_AV,F,Y_GE15,TOTAL,ALL,12,ALL,ALL,2022,264.913209585272,,,,,,,,ALL_N1,,,,,,,
IT1:DF_DCSS_ISTR_LAV_PEN_2_TV_3(1.0),A,087012,RESPOP_AV,F,Y_GE15,TOTAL,ALL,12,ALL,ALL,2023,179.55946133391396,,,,,,,,ALL_N1,,,,,,,
IT1:DF_DCSS_ISTR_LAV_PEN_2_TV_3(1.0),A,087012,RESPOP_AV,F,Y_GE15,TOTAL,ALL,12,ALL,ALL,2024,178.84658952852055,,,,,,,,ALL_N1,,,,,,,
IT1:DF_DCSS_ISTR_LAV_PEN_2_TV_3(1.0),A,087012,RESPOP_AV,F,Y_GE15,TOTAL,ALL,22,ALL,ALL,2018,836,,,,,,,,ALL_N1,,,,,,,
IT1:DF_DCSS_ISTR_LAV_PEN_2_TV_3(1.0),A,087012,RESPOP_AV,F,Y_GE15,TOTAL,ALL,22,ALL,ALL,2019,829,,,,,,,,ALL_N1,,,,,,,
IT1:DF_DCSS_ISTR_LAV_PEN_2_TV_3(1.0),A,087012,RESPOP_AV,F,Y_GE15,TOTAL,ALL,22,ALL,ALL,2021,779.495230756497,,,,,,,,ALL_N1,,,,,,,
IT1:DF_DCSS_ISTR_LAV_PEN_2_TV_3(1.0),A,087012,RESPOP_AV,F,Y_GE15,TOTAL,ALL,22,ALL,ALL,2022,860.913209585272,,,,,,,,ALL_N1,,,,,,,
IT1:DF_DCSS_ISTR_LAV_PEN_2_TV_3(1.0),A,087012,RESPOP_AV,F,Y_GE15,TOTAL,ALL,22,ALL,ALL,2023,812.559461333914,,,,,,,,ALL_N1,,,,,,,
IT1:DF_DCSS_ISTR_LAV_PEN_2_TV_3(1.0),A,087012,RESPOP_AV,F,Y_GE15,TOTAL,ALL,22,ALL,ALL,2024,879.8465895285206,,,,,,,,ALL_N1,,,,,,,
IT1:DF_DCSS_ISTR_LAV_PEN_2_TV_3(1.0),A,087012,RESPOP_AV,F,Y_GE15,TOTAL,ALL,23,ALL,ALL,2018,1183,,,,,,,,ALL_N1,,,,,,,
IT1:DF_DCSS_ISTR_LAV_PEN_2_TV_3(1.0),A,087012,RESPOP_AV,F,Y_GE15,TOTAL,ALL,23,ALL,ALL,2019,1187,,,,,,,,ALL_N1,,,,,,,
IT1:DF_DCSS_ISTR_LAV_PEN_2_TV_3(1.0),A,087012,RESPOP_AV,F,Y_GE15,TOTAL,ALL,23,ALL,ALL,2021,1302.5047692435,,,,,,,,ALL_N1,,,,,,,
IT1:DF_DCSS_ISTR_LAV_PEN_2_TV_3(1.0),A,087012,RESPOP_AV,F,Y_GE15,TOTAL,ALL,23,ALL,ALL,2022,1218.08679041473,,,,,,,,ALL_N1,,,,,,,
IT1:DF_DCSS_ISTR_LAV_PEN_2_TV_3(1.0),A,087012,RESPOP_AV,F,Y_GE15,TOTAL,ALL,23,ALL,ALL,2023,1263.440538666086,,,,,,,,ALL_N1,,,,,,,
IT1:DF_DCSS_ISTR_LAV_PEN_2_TV_3(1.0),A,087012,RESPOP_AV,F,Y_GE15,TOTAL,ALL,23,ALL,ALL,2024,1237.1534104714794,,,,,,,,ALL_N1,,,,,,,
IT1:DF_DCSS_ISTR_LAV_PEN_2_TV_3(1.0),A,087012,RESPOP_AV,F,Y_GE15,TOTAL,ALL,24,ALL,ALL,2018,151,,,,,,,,ALL_N1,,,,,,,
IT1:DF_DCSS_ISTR_LAV_PEN_2_TV_3(1.0),A,087012,RESPOP_AV,F,Y_GE15,TOTAL,ALL,24,ALL,ALL,2019,132,,,,,,,,ALL_N1,,,,,,,
IT1:DF_DCSS_ISTR_LAV_PEN_2_TV_3(1.0),A,087012,RESPOP_AV,F,Y_GE15,TOTAL,ALL,24,ALL,ALL,2021,165.23858911356,,,,,,,,ALL_N1,,,,,,,
IT1:DF_DCSS_ISTR_LAV_PEN_2_TV_3(1.0),A,087012,RESPOP_AV,F,Y_GE15,TOTAL,ALL,24,ALL,ALL,2022,146.29085115655,,,,,,,,ALL_N1,,,,,,,
IT1:DF_DCSS_ISTR_LAV_PEN_2_TV_3(1.0),A,087012,RESPOP_AV,F,Y_GE15,TOTAL,ALL,24,ALL,ALL,2023,182.40120098734306,,,,,,,,ALL_N1,,,,,,,
IT1:DF_DCSS_ISTR_LAV_PEN_2_TV_3(1.0),A,087012,RESPOP_AV,F,Y_GE15,TOTAL,ALL,24,ALL,ALL,2024,200.08988584696544,,,,,,,,ALL_N1,,,,,,,
IT1:DF_DCSS_ISTR_LAV_PEN_2_TV_3(1.0),A,087012,RESPOP_AV,F,Y_GE15,TOTAL,ALL,4,ALL,ALL,2018,761,,,,,,,,ALL_N1,,,,,,,
IT1:DF_DCSS_ISTR_LAV_PEN_2_TV_3(1.0),A,087012,RESPOP_AV,F,Y_GE15,TOTAL,ALL,4,ALL,ALL,2019,797,,,,,,,,ALL_N1,,,,,,,
IT1:DF_DCSS_ISTR_LAV_PEN_2_TV_3(1.0),A,087012,RESPOP_AV,F,Y_GE15,TOTAL,ALL,4,ALL,ALL,2021,815.794264080506,,,,,,,,ALL_N1,,,,,,,
IT1:DF_DCSS_ISTR_LAV_PEN_2_TV_3(1.0),A,087012,RESPOP_AV,F,Y_GE15,TOTAL,ALL,4,ALL,ALL,2022,742.747635327116,,,,,,,,ALL_N1,,,,,,,
IT1:DF_DCSS_ISTR_LAV_PEN_2_TV_3(1.0),A,087012,RESPOP_AV,F,Y_GE15,TOTAL,ALL,4,ALL,ALL,2023,750.1518289412805,,,,,,,,ALL_N1,,,,,,,
IT1:DF_DCSS_ISTR_LAV_PEN_2_TV_3(1.0),A,087012,RESPOP_AV,F,Y_GE15,TOTAL,ALL,4,ALL,ALL,2024,745.266164037282,,,,,,,,ALL_N1,,,,,,,
IT1:DF_DCSS_ISTR_LAV_PEN_2_TV_3(1.0),A,087012,RESPOP_AV,F,Y_GE15,TOTAL,ALL,5,ALL,ALL,2018,177,,,,,,,,ALL_N1,,,,,,,
IT1:DF_DCSS_ISTR_LAV_PEN_2_TV_3(1.0),A,087012,RESPOP_AV,F,Y_GE15,TOTAL,ALL,5,ALL,ALL,2019,169,,,,,,,,ALL_N1,,,,,,,
IT1:DF_DCSS_ISTR_LAV_PEN_2_TV_3(1.0),A,087012,RESPOP_AV,F,Y_GE15,TOTAL,ALL,5,ALL,ALL,2021,191.70639839186,,,,,,,,ALL_N1,,,,,,,
IT1:DF_DCSS_ISTR_LAV_PEN_2_TV_3(1.0),A,087012,RESPOP_AV,F,Y_GE15,TOTAL,ALL,5,ALL,ALL,2022,202.474491120587,,,,,,,,ALL_N1,,,,,,,
IT1:DF_DCSS_ISTR_LAV_PEN_2_TV_3(1.0),A,087012,RESPOP_AV,F,Y_GE15,TOTAL,ALL,5,ALL,ALL,2023,219.08847764201374,,,,,,,,ALL_N1,,,,,,,
IT1:DF_DCSS_ISTR_LAV_PEN_2_TV_3(1.0),A,087012,RESPOP_AV,F,Y_GE15,TOTAL,ALL,5,ALL,ALL,2024,199.7005774959407,,,,,,,,ALL_N1,,,,,,,
IT1:DF_DCSS_ISTR_LAV_PEN_2_TV_3(1.0),A,087012,RESPOP_AV,F,Y_GE15,TOTAL,ALL,7,ALL,ALL,2018,95,,,,,,,,ALL_N1,,,,,,,
IT1:DF_DCSS_ISTR_LAV_PEN_2_TV_3(1.0),A,087012,RESPOP_AV,F,Y_GE15,TOTAL,ALL,7,ALL,ALL,2019,90,,,,,,,,ALL_N1,,,,,,,
IT1:DF_DCSS_ISTR_LAV_PEN_2_TV_3(1.0),A,087012,RESPOP_AV,F,Y_GE15,TOTAL,ALL,7,ALL,ALL,2021,129.765517657576,,,,,,,,ALL_N1,,,,,,,
IT1:DF_DCSS_ISTR_LAV_PEN_2_TV_3(1.0),A,087012,RESPOP_AV,F,Y_GE15,TOTAL,ALL,7,ALL,ALL,2022,126.573812810474,,,,,,,,ALL_N1,,,,,,,
IT1:DF_DCSS_ISTR_LAV_PEN_2_TV_3(1.0),A,087012,RESPOP_AV,F,Y_GE15,TOTAL,ALL,7,ALL,ALL,2023,111.79903109544873,,,,,,,,ALL_N1,,,,,,,
IT1:DF_DCSS_ISTR_LAV_PEN_2_TV_3(1.0),A,087012,RESPOP_AV,F,Y_GE15,TOTAL,ALL,7,ALL,ALL,2024,92.09678309129127,,,,,,,,ALL_N1,,,,,,,
IT1:DF_DCSS_ISTR_LAV_PEN_2_TV_3(1.0),A,087012,RESPOP_AV,F,Y_GE15,TOTAL,ALL,99,ALL,ALL,2018,2019,,,,,,,,ALL_N1,99_N1,,,,,,
IT1:DF_DCSS_ISTR_LAV_PEN_2_TV_3(1.0),A,087012,RESPOP_AV,F,Y_GE15,TOTAL,ALL,99,ALL,ALL,2019,2016,,,,,,,,ALL_N1,99_N1,,,,,,
IT1:DF_DCSS_ISTR_LAV_PEN_2_TV_3(1.0),A,087012,RESPOP_AV,F,Y_GE15,TOTAL,ALL,99,ALL,ALL,2021,2082,,,,,,,,ALL_N1,99_N1,,,,,,
IT1:DF_DCSS_ISTR_LAV_PEN_2_TV_3(1.0),A,087012,RESPOP_AV,F,Y_GE15,TOTAL,ALL,99,ALL,ALL,2022,2079,,,,,,,,ALL_N1,99_N1,,,,,,
IT1:DF_DCSS_ISTR_LAV_PEN_2_TV_3(1.0),A,087012,RESPOP_AV,F,Y_GE15,TOTAL,ALL,99,ALL,ALL,2023,2076,,,,,,,,ALL_N1,99_N1,,,,,,
IT1:DF_DCSS_ISTR_LAV_PEN_2_TV_3(1.0),A,087012,RESPOP_AV,F,Y_GE15,TOTAL,ALL,99,ALL,ALL,2024,2117,,,,,,,,ALL_N1,99_N1,,,,,,
IT1:DF_DCSS_ISTR_LAV_PEN_2_TV_3(1.0),A,087012,RESPOP_AV,M,Y_GE15,TOTAL,ALL,1,ALL,ALL,2018,1139,,,,,,,,ALL_N1,,,,,,,
IT1:DF_DCSS_ISTR_LAV_PEN_2_TV_3(1.0),A,087012,RESPOP_AV,M,Y_GE15,TOTAL,ALL,1,ALL,ALL,2019,1099,,,,,,,,ALL_N1,,,,,,,
IT1:DF_DCSS_ISTR_LAV_PEN_2_TV_3(1.0),A,087012,RESPOP_AV,M,Y_GE15,TOTAL,ALL,1,ALL,ALL,2021,1175,,,,,,,,ALL_N1,,,,,,,
IT1:DF_DCSS_ISTR_LAV_PEN_2_TV_3(1.0),A,087012,RESPOP_AV,M,Y_GE15,TOTAL,ALL,1,ALL,ALL,2022,1192,,,,,,,,ALL_N1,,,,,,,
IT1:DF_DCSS_ISTR_LAV_PEN_2_TV_3(1.0),A,087012,RESPOP_AV,M,Y_GE15,TOTAL,ALL,1,ALL,ALL,2023,1190,,,,,,,,ALL_N1,,,,,,,
IT1:DF_DCSS_ISTR_LAV_PEN_2_TV_3(1.0),A,087012,RESPOP_AV,M,Y_GE15,TOTAL,ALL,1,ALL,ALL,2024,1228,,,,,,,,ALL_N1,,,,,,,
IT1:DF_DCSS_ISTR_LAV_PEN_2_TV_3(1.0),A,087012,RESPOP_AV,M,Y_GE15,TOTAL,ALL,12,ALL,ALL,2018,288,,,,,,,,ALL_N1,,,,,,,
IT1:DF_DCSS_ISTR_LAV_PEN_2_TV_3(1.0),A,087012,RESPOP_AV,M,Y_GE15,TOTAL,ALL,12,ALL,ALL,2019,293,,,,,,,,ALL_N1,,,,,,,
IT1:DF_DCSS_ISTR_LAV_PEN_2_TV_3(1.0),A,087012,RESPOP_AV,M,Y_GE15,TOTAL,ALL,12,ALL,ALL,2021,177.946541269256,,,,,,,,ALL_N1,,,,,,,
IT1:DF_DCSS_ISTR_LAV_PEN_2_TV_3(1.0),A,087012,RESPOP_AV,M,Y_GE15,TOTAL,ALL,12,ALL,ALL,2022,232.340872196439,,,,,,,,ALL_N1,,,,,,,
IT1:DF_DCSS_ISTR_LAV_PEN_2_TV_3(1.0),A,087012,RESPOP_AV,M,Y_GE15,TOTAL,ALL,12,ALL,ALL,2023,170.20585733238835,,,,,,,,ALL_N1,,,,,,,
IT1:DF_DCSS_ISTR_LAV_PEN_2_TV_3(1.0),A,087012,RESPOP_AV,M,Y_GE15,TOTAL,ALL,12,ALL,ALL,2024,175.19627091706357,,,,,,,,ALL_N1,,,,,,,
IT1:DF_DCSS_ISTR_LAV_PEN_2_TV_3(1.0),A,087012,RESPOP_AV,M,Y_GE15,TOTAL,ALL,22,ALL,ALL,2018,1427,,,,,,,,ALL_N1,,,,,,,
IT1:DF_DCSS_ISTR_LAV_PEN_2_TV_3(1.0),A,087012,RESPOP_AV,M,Y_GE15,TOTAL,ALL,22,ALL,ALL,2019,1391,,,,,,,,ALL_N1,,,,,,,
IT1:DF_DCSS_ISTR_LAV_PEN_2_TV_3(1.0),A,087012,RESPOP_AV,M,Y_GE15,TOTAL,ALL,22,ALL,ALL,2021,1352.94654126926,,,,,,,,ALL_N1,,,,,,,
IT1:DF_DCSS_ISTR_LAV_PEN_2_TV_3(1.0),A,087012,RESPOP_AV,M,Y_GE15,TOTAL,ALL,22,ALL,ALL,2022,1424.34087219644,,,,,,,,ALL_N1,,,,,,,
IT1:DF_DCSS_ISTR_LAV_PEN_2_TV_3(1.0),A,087012,RESPOP_AV,M,Y_GE15,TOTAL,ALL,22,ALL,ALL,2023,1360.2058573323884,,,,,,,,ALL_N1,,,,,,,
IT1:DF_DCSS_ISTR_LAV_PEN_2_TV_3(1.0),A,087012,RESPOP_AV,M,Y_GE15,TOTAL,ALL,22,ALL,ALL,2024,1403.1962709170637,,,,,,,,ALL_N1,,,,,,,
IT1:DF_DCSS_ISTR_LAV_PEN_2_TV_3(1.0),A,087012,RESPOP_AV,M,Y_GE15,TOTAL,ALL,23,ALL,ALL,2018,575,,,,,,,,ALL_N1,,,,,,,
IT1:DF_DCSS_ISTR_LAV_PEN_2_TV_3(1.0),A,087012,RESPOP_AV,M,Y_GE15,TOTAL,ALL,23,ALL,ALL,2019,607,,,,,,,,ALL_N1,,,,,,,
IT1:DF_DCSS_ISTR_LAV_PEN_2_TV_3(1.0),A,087012,RESPOP_AV,M,Y_GE15,TOTAL,ALL,23,ALL,ALL,2021,712.053458730744,,,,,,,,ALL_N1,,,,,,,
IT1:DF_DCSS_ISTR_LAV_PEN_2_TV_3(1.0),A,087012,RESPOP_AV,M,Y_GE15,TOTAL,ALL,23,ALL,ALL,2022,653.659127803561,,,,,,,,ALL_N1,,,,,,,
IT1:DF_DCSS_ISTR_LAV_PEN_2_TV_3(1.0),A,087012,RESPOP_AV,M,Y_GE15,TOTAL,ALL,23,ALL,ALL,2023,727.7941426676116,,,,,,,,ALL_N1,,,,,,,
IT1:DF_DCSS_ISTR_LAV_PEN_2_TV_3(1.0),A,087012,RESPOP_AV,M,Y_GE15,TOTAL,ALL,23,ALL,ALL,2024,705.8037290829363,,,,,,,,ALL_N1,,,,,,,
IT1:DF_DCSS_ISTR_LAV_PEN_2_TV_3(1.0),A,087012,RESPOP_AV,M,Y_GE15,TOTAL,ALL,24,ALL,ALL,2018,243,,,,,,,,ALL_N1,,,,,,,
IT1:DF_DCSS_ISTR_LAV_PEN_2_TV_3(1.0),A,087012,RESPOP_AV,M,Y_GE15,TOTAL,ALL,24,ALL,ALL,2019,247,,,,,,,,ALL_N1,,,,,,,
IT1:DF_DCSS_ISTR_LAV_PEN_2_TV_3(1.0),A,087012,RESPOP_AV,M,Y_GE15,TOTAL,ALL,24,ALL,ALL,2021,276.56552526516,,,,,,,,ALL_N1,,,,,,,
IT1:DF_DCSS_ISTR_LAV_PEN_2_TV_3(1.0),A,087012,RESPOP_AV,M,Y_GE15,TOTAL,ALL,24,ALL,ALL,2022,273.639850908595,,,,,,,,ALL_N1,,,,,,,
IT1:DF_DCSS_ISTR_LAV_PEN_2_TV_3(1.0),A,087012,RESPOP_AV,M,Y_GE15,TOTAL,ALL,24,ALL,ALL,2023,311.5763517131272,,,,,,,,ALL_N1,,,,,,,
IT1:DF_DCSS_ISTR_LAV_PEN_2_TV_3(1.0),A,087012,RESPOP_AV,M,Y_GE15,TOTAL,ALL,24,ALL,ALL,2024,341.4397145411293,,,,,,,,ALL_N1,,,,,,,
IT1:DF_DCSS_ISTR_LAV_PEN_2_TV_3(1.0),A,087012,RESPOP_AV,M,Y_GE15,TOTAL,ALL,4,ALL,ALL,2018,32,,,,,,,,ALL_N1,,,,,,,
IT1:DF_DCSS_ISTR_LAV_PEN_2_TV_3(1.0),A,087012,RESPOP_AV,M,Y_GE15,TOTAL,ALL,4,ALL,ALL,2019,41,,,,,,,,ALL_N1,,,,,,,
IT1:DF_DCSS_ISTR_LAV_PEN_2_TV_3(1.0),A,087012,RESPOP_AV,M,Y_GE15,TOTAL,ALL,4,ALL,ALL,2021,56.9813307928579,,,,,,,,ALL_N1,,,,,,,
IT1:DF_DCSS_ISTR_LAV_PEN_2_TV_3(1.0),A,087012,RESPOP_AV,M,Y_GE15,TOTAL,ALL,4,ALL,ALL,2022,40.7780912215033,,,,,,,,ALL_N1,,,,,,,
IT1:DF_DCSS_ISTR_LAV_PEN_2_TV_3(1.0),A,087012,RESPOP_AV,M,Y_GE15,TOTAL,ALL,4,ALL,ALL,2023,53.20050531870777,,,,,,,,ALL_N1,,,,,,,
IT1:DF_DCSS_ISTR_LAV_PEN_2_TV_3(1.0),A,087012,RESPOP_AV,M,Y_GE15,TOTAL,ALL,4,ALL,ALL,2024,47.779977054609056,,,,,,,,ALL_N1,,,,,,,
IT1:DF_DCSS_ISTR_LAV_PEN_2_TV_3(1.0),A,087012,RESPOP_AV,M,Y_GE15,TOTAL,ALL,5,ALL,ALL,2018,161,,,,,,,,ALL_N1,,,,,,,
IT1:DF_DCSS_ISTR_LAV_PEN_2_TV_3(1.0),A,087012,RESPOP_AV,M,Y_GE15,TOTAL,ALL,5,ALL,ALL,2019,169,,,,,,,,ALL_N1,,,,,,,
IT1:DF_DCSS_ISTR_LAV_PEN_2_TV_3(1.0),A,087012,RESPOP_AV,M,Y_GE15,TOTAL,ALL,5,ALL,ALL,2021,175.90923916291,,,,,,,,ALL_N1,,,,,,,
IT1:DF_DCSS_ISTR_LAV_PEN_2_TV_3(1.0),A,087012,RESPOP_AV,M,Y_GE15,TOTAL,ALL,5,ALL,ALL,2022,183.808348471756,,,,,,,,ALL_N1,,,,,,,
IT1:DF_DCSS_ISTR_LAV_PEN_2_TV_3(1.0),A,087012,RESPOP_AV,M,Y_GE15,TOTAL,ALL,5,ALL,ALL,2023,210.2285353557665,,,,,,,,ALL_N1,,,,,,,
IT1:DF_DCSS_ISTR_LAV_PEN_2_TV_3(1.0),A,087012,RESPOP_AV,M,Y_GE15,TOTAL,ALL,5,ALL,ALL,2024,188.66189265819756,,,,,,,,ALL_N1,,,,,,,
IT1:DF_DCSS_ISTR_LAV_PEN_2_TV_3(1.0),A,087012,RESPOP_AV,M,Y_GE15,TOTAL,ALL,7,ALL,ALL,2018,140,,,,,,,,ALL_N1,,,,,,,
IT1:DF_DCSS_ISTR_LAV_PEN_2_TV_3(1.0),A,087012,RESPOP_AV,M,Y_GE15,TOTAL,ALL,7,ALL,ALL,2019,151,,,,,,,,ALL_N1,,,,,,,
IT1:DF_DCSS_ISTR_LAV_PEN_2_TV_3(1.0),A,087012,RESPOP_AV,M,Y_GE15,TOTAL,ALL,7,ALL,ALL,2021,202.597363509817,,,,,,,,ALL_N1,,,,,,,
IT1:DF_DCSS_ISTR_LAV_PEN_2_TV_3(1.0),A,087012,RESPOP_AV,M,Y_GE15,TOTAL,ALL,7,ALL,ALL,2022,155.432837201708,,,,,,,,ALL_N1,,,,,,,
IT1:DF_DCSS_ISTR_LAV_PEN_2_TV_3(1.0),A,087012,RESPOP_AV,M,Y_GE15,TOTAL,ALL,7,ALL,ALL,2023,152.78875028001008,,,,,,,,ALL_N1,,,,,,,
IT1:DF_DCSS_ISTR_LAV_PEN_2_TV_3(1.0),A,087012,RESPOP_AV,M,Y_GE15,TOTAL,ALL,7,ALL,ALL,2024,127.92214482900043,,,,,,,,ALL_N1,,,,,,,
IT1:DF_DCSS_ISTR_LAV_PEN_2_TV_3(1.0),A,087012,RESPOP_AV,M,Y_GE15,TOTAL,ALL,99,ALL,ALL,2018,2002,,,,,,,,ALL_N1,99_N1,,,,,,
IT1:DF_DCSS_ISTR_LAV_PEN_2_TV_3(1.0),A,087012,RESPOP_AV,M,Y_GE15,TOTAL,ALL,99,ALL,ALL,2019,1998,,,,,,,,ALL_N1,99_N1,,,,,,
IT1:DF_DCSS_ISTR_LAV_PEN_2_TV_3(1.0),A,087012,RESPOP_AV,M,Y_GE15,TOTAL,ALL,99,ALL,ALL,2021,2065,,,,,,,,ALL_N1,99_N1,,,,,,
IT1:DF_DCSS_ISTR_LAV_PEN_2_TV_3(1.0),A,087012,RESPOP_AV,M,Y_GE15,TOTAL,ALL,99,ALL,ALL,2022,2078,,,,,,,,ALL_N1,99_N1,,,,,,
IT1:DF_DCSS_ISTR_LAV_PEN_2_TV_3(1.0),A,087012,RESPOP_AV,M,Y_GE15,TOTAL,ALL,99,ALL,ALL,2023,2088,,,,,,,,ALL_N1,99_N1,,,,,,
IT1:DF_DCSS_ISTR_LAV_PEN_2_TV_3(1.0),A,087012,RESPOP_AV,M,Y_GE15,TOTAL,ALL,99,ALL,ALL,2024,2109,,,,,,,,ALL_N1,99_N1,,,,,,
IT1:DF_DCSS_ISTR_LAV_PEN_2_TV_3(1.0),A,087012,RESPOP_AV,T,Y_GE15,TOTAL,ALL,1,ALL,ALL,2018,1700,,,,,,,,ALL_N1,,,,,,,
IT1:DF_DCSS_ISTR_LAV_PEN_2_TV_3(1.0),A,087012,RESPOP_AV,T,Y_GE15,TOTAL,ALL,1,ALL,ALL,2019,1675,,,,,,,,ALL_N1,,,,,,,
IT1:DF_DCSS_ISTR_LAV_PEN_2_TV_3(1.0),A,087012,RESPOP_AV,T,Y_GE15,TOTAL,ALL,1,ALL,ALL,2021,1789,,,,,,,,ALL_N1,,,,,,,
IT1:DF_DCSS_ISTR_LAV_PEN_2_TV_3(1.0),A,087012,RESPOP_AV,T,Y_GE15,TOTAL,ALL,1,ALL,ALL,2022,1788,,,,,,,,ALL_N1,,,,,,,
IT1:DF_DCSS_ISTR_LAV_PEN_2_TV_3(1.0),A,087012,RESPOP_AV,T,Y_GE15,TOTAL,ALL,1,ALL,ALL,2023,1823,,,,,,,,ALL_N1,,,,,,,
IT1:DF_DCSS_ISTR_LAV_PEN_2_TV_3(1.0),A,087012,RESPOP_AV,T,Y_GE15,TOTAL,ALL,1,ALL,ALL,2024,1929,,,,,,,,ALL_N1,,,,,,,
IT1:DF_DCSS_ISTR_LAV_PEN_2_TV_3(1.0),A,087012,RESPOP_AV,T,Y_GE15,TOTAL,ALL,12,ALL,ALL,2018,563,,,,,,,,ALL_N1,,,,,,,
IT1:DF_DCSS_ISTR_LAV_PEN_2_TV_3(1.0),A,087012,RESPOP_AV,T,Y_GE15,TOTAL,ALL,12,ALL,ALL,2019,545,,,,,,,,ALL_N1,,,,,,,
IT1:DF_DCSS_ISTR_LAV_PEN_2_TV_3(1.0),A,087012,RESPOP_AV,T,Y_GE15,TOTAL,ALL,12,ALL,ALL,2021,343.441772025753,,,,,,,,ALL_N1,,,,,,,
IT1:DF_DCSS_ISTR_LAV_PEN_2_TV_3(1.0),A,087012,RESPOP_AV,T,Y_GE15,TOTAL,ALL,12,ALL,ALL,2022,497.254081781711,,,,,,,,ALL_N1,,,,,,,
IT1:DF_DCSS_ISTR_LAV_PEN_2_TV_3(1.0),A,087012,RESPOP_AV,T,Y_GE15,TOTAL,ALL,12,ALL,ALL,2023,349.7653186663023,,,,,,,,ALL_N1,,,,,,,
IT1:DF_DCSS_ISTR_LAV_PEN_2_TV_3(1.0),A,087012,RESPOP_AV,T,Y_GE15,TOTAL,ALL,12,ALL,ALL,2024,354.0428604455841,,,,,,,,ALL_N1,,,,,,,
IT1:DF_DCSS_ISTR_LAV_PEN_2_TV_3(1.0),A,087012,RESPOP_AV,T,Y_GE15,TOTAL,ALL,22,ALL,ALL,2018,2263,,,,,,,,ALL_N1,,,,,,,
IT1:DF_DCSS_ISTR_LAV_PEN_2_TV_3(1.0),A,087012,RESPOP_AV,T,Y_GE15,TOTAL,ALL,22,ALL,ALL,2019,2220,,,,,,,,ALL_N1,,,,,,,
IT1:DF_DCSS_ISTR_LAV_PEN_2_TV_3(1.0),A,087012,RESPOP_AV,T,Y_GE15,TOTAL,ALL,22,ALL,ALL,2021,2132.44177202575,,,,,,,,ALL_N1,,,,,,,
IT1:DF_DCSS_ISTR_LAV_PEN_2_TV_3(1.0),A,087012,RESPOP_AV,T,Y_GE15,TOTAL,ALL,22,ALL,ALL,2022,2285.25408178171,,,,,,,,ALL_N1,,,,,,,
IT1:DF_DCSS_ISTR_LAV_PEN_2_TV_3(1.0),A,087012,RESPOP_AV,T,Y_GE15,TOTAL,ALL,22,ALL,ALL,2023,2172.7653186663024,,,,,,,,ALL_N1,,,,,,,
IT1:DF_DCSS_ISTR_LAV_PEN_2_TV_3(1.0),A,087012,RESPOP_AV,T,Y_GE15,TOTAL,ALL,22,ALL,ALL,2024,2283.042860445584,,,,,,,,ALL_N1,,,,,,,
IT1:DF_DCSS_ISTR_LAV_PEN_2_TV_3(1.0),A,087012,RESPOP_AV,T,Y_GE15,TOTAL,ALL,23,ALL,ALL,2018,1758,,,,,,,,ALL_N1,,,,,,,
IT1:DF_DCSS_ISTR_LAV_PEN_2_TV_3(1.0),A,087012,RESPOP_AV,T,Y_GE15,TOTAL,ALL,23,ALL,ALL,2019,1794,,,,,,,,ALL_N1,,,,,,,
IT1:DF_DCSS_ISTR_LAV_PEN_2_TV_3(1.0),A,087012,RESPOP_AV,T,Y_GE15,TOTAL,ALL,23,ALL,ALL,2021,2014.55822797425,,,,,,,,ALL_N1,,,,,,,
IT1:DF_DCSS_ISTR_LAV_PEN_2_TV_3(1.0),A,087012,RESPOP_AV,T,Y_GE15,TOTAL,ALL,23,ALL,ALL,2022,1871.74591821829,,,,,,,,ALL_N1,,,,,,,
IT1:DF_DCSS_ISTR_LAV_PEN_2_TV_3(1.0),A,087012,RESPOP_AV,T,Y_GE15,TOTAL,ALL,23,ALL,ALL,2023,1991.2346813336976,,,,,,,,ALL_N1,,,,,,,
IT1:DF_DCSS_ISTR_LAV_PEN_2_TV_3(1.0),A,087012,RESPOP_AV,T,Y_GE15,TOTAL,ALL,23,ALL,ALL,2024,1942.9571395544158,,,,,,,,ALL_N1,,,,,,,
IT1:DF_DCSS_ISTR_LAV_PEN_2_TV_3(1.0),A,087012,RESPOP_AV,T,Y_GE15,TOTAL,ALL,24,ALL,ALL,2018,394,,,,,,,,ALL_N1,,,,,,,
IT1:DF_DCSS_ISTR_LAV_PEN_2_TV_3(1.0),A,087012,RESPOP_AV,T,Y_GE15,TOTAL,ALL,24,ALL,ALL,2019,378,,,,,,,,ALL_N1,,,,,,,
IT1:DF_DCSS_ISTR_LAV_PEN_2_TV_3(1.0),A,087012,RESPOP_AV,T,Y_GE15,TOTAL,ALL,24,ALL,ALL,2021,441.80411437872,,,,,,,,ALL_N1,,,,,,,
IT1:DF_DCSS_ISTR_LAV_PEN_2_TV_3(1.0),A,087012,RESPOP_AV,T,Y_GE15,TOTAL,ALL,24,ALL,ALL,2022,419.930702065145,,,,,,,,ALL_N1,,,,,,,
IT1:DF_DCSS_ISTR_LAV_PEN_2_TV_3(1.0),A,087012,RESPOP_AV,T,Y_GE15,TOTAL,ALL,24,ALL,ALL,2023,493.9775527004703,,,,,,,,ALL_N1,,,,,,,
IT1:DF_DCSS_ISTR_LAV_PEN_2_TV_3(1.0),A,087012,RESPOP_AV,T,Y_GE15,TOTAL,ALL,24,ALL,ALL,2024,541.5296003880948,,,,,,,,ALL_N1,,,,,,,
IT1:DF_DCSS_ISTR_LAV_PEN_2_TV_3(1.0),A,087012,RESPOP_AV,T,Y_GE15,TOTAL,ALL,4,ALL,ALL,2018,793,,,,,,,,ALL_N1,,,,,,,
IT1:DF_DCSS_ISTR_LAV_PEN_2_TV_3(1.0),A,087012,RESPOP_AV,T,Y_GE15,TOTAL,ALL,4,ALL,ALL,2019,838,,,,,,,,ALL_N1,,,,,,,
IT1:DF_DCSS_ISTR_LAV_PEN_2_TV_3(1.0),A,087012,RESPOP_AV,T,Y_GE15,TOTAL,ALL,4,ALL,ALL,2021,872.775594873364,,,,,,,,ALL_N1,,,,,,,
IT1:DF_DCSS_ISTR_LAV_PEN_2_TV_3(1.0),A,087012,RESPOP_AV,T,Y_GE15,TOTAL,ALL,4,ALL,ALL,2022,783.525726548619,,,,,,,,ALL_N1,,,,,,,
IT1:DF_DCSS_ISTR_LAV_PEN_2_TV_3(1.0),A,087012,RESPOP_AV,T,Y_GE15,TOTAL,ALL,4,ALL,ALL,2023,803.3523342599883,,,,,,,,ALL_N1,,,,,,,
IT1:DF_DCSS_ISTR_LAV_PEN_2_TV_3(1.0),A,087012,RESPOP_AV,T,Y_GE15,TOTAL,ALL,4,ALL,ALL,2024,793.0461410918911,,,,,,,,ALL_N1,,,,,,,
IT1:DF_DCSS_ISTR_LAV_PEN_2_TV_3(1.0),A,087012,RESPOP_AV,T,Y_GE15,TOTAL,ALL,5,ALL,ALL,2018,338,,,,,,,,ALL_N1,,,,,,,
IT1:DF_DCSS_ISTR_LAV_PEN_2_TV_3(1.0),A,087012,RESPOP_AV,T,Y_GE15,TOTAL,ALL,5,ALL,ALL,2019,338,,,,,,,,ALL_N1,,,,,,,
IT1:DF_DCSS_ISTR_LAV_PEN_2_TV_3(1.0),A,087012,RESPOP_AV,T,Y_GE15,TOTAL,ALL,5,ALL,ALL,2021,367.61563755477,,,,,,,,ALL_N1,,,,,,,
IT1:DF_DCSS_ISTR_LAV_PEN_2_TV_3(1.0),A,087012,RESPOP_AV,T,Y_GE15,TOTAL,ALL,5,ALL,ALL,2022,386.282839592343,,,,,,,,ALL_N1,,,,,,,
IT1:DF_DCSS_ISTR_LAV_PEN_2_TV_3(1.0),A,087012,RESPOP_AV,T,Y_GE15,TOTAL,ALL,5,ALL,ALL,2023,429.31701299778024,,,,,,,,ALL_N1,,,,,,,
IT1:DF_DCSS_ISTR_LAV_PEN_2_TV_3(1.0),A,087012,RESPOP_AV,T,Y_GE15,TOTAL,ALL,5,ALL,ALL,2024,388.36247015413824,,,,,,,,ALL_N1,,,,,,,
IT1:DF_DCSS_ISTR_LAV_PEN_2_TV_3(1.0),A,087012,RESPOP_AV,T,Y_GE15,TOTAL,ALL,7,ALL,ALL,2018,234,,,,,,,,ALL_N1,,,,,,,
IT1:DF_DCSS_ISTR_LAV_PEN_2_TV_3(1.0),A,087012,RESPOP_AV,T,Y_GE15,TOTAL,ALL,7,ALL,ALL,2019,240,,,,,,,,ALL_N1,,,,,,,
IT1:DF_DCSS_ISTR_LAV_PEN_2_TV_3(1.0),A,087012,RESPOP_AV,T,Y_GE15,TOTAL,ALL,7,ALL,ALL,2021,332.362881167393,,,,,,,,ALL_N1,,,,,,,
IT1:DF_DCSS_ISTR_LAV_PEN_2_TV_3(1.0),A,087012,RESPOP_AV,T,Y_GE15,TOTAL,ALL,7,ALL,ALL,2022,282.006650012182,,,,,,,,ALL_N1,,,,,,,
IT1:DF_DCSS_ISTR_LAV_PEN_2_TV_3(1.0),A,087012,RESPOP_AV,T,Y_GE15,TOTAL,ALL,7,ALL,ALL,2023,264.5877813754588,,,,,,,,ALL_N1,,,,,,,
IT1:DF_DCSS_ISTR_LAV_PEN_2_TV_3(1.0),A,087012,RESPOP_AV,T,Y_GE15,TOTAL,ALL,7,ALL,ALL,2024,220.0189279202917,,,,,,,,ALL_N1,,,,,,,
IT1:DF_DCSS_ISTR_LAV_PEN_2_TV_3(1.0),A,087012,RESPOP_AV,T,Y_GE15,TOTAL,ALL,99,ALL,ALL,2018,4021,,,,,,,,ALL_N1,99_N1,,,,,,
IT1:DF_DCSS_ISTR_LAV_PEN_2_TV_3(1.0),A,087012,RESPOP_AV,T,Y_GE15,TOTAL,ALL,99,ALL,ALL,2019,4014,,,,,,,,ALL_N1,99_N1,,,,,,
IT1:DF_DCSS_ISTR_LAV_PEN_2_TV_3(1.0),A,087012,RESPOP_AV,T,Y_GE15,TOTAL,ALL,99,ALL,ALL,2021,4147,,,,,,,,ALL_N1,99_N1,,,,,,
IT1:DF_DCSS_ISTR_LAV_PEN_2_TV_3(1.0),A,087012,RESPOP_AV,T,Y_GE15,TOTAL,ALL,99,ALL,ALL,2022,4157,,,,,,,,ALL_N1,99_N1,,,,,,
IT1:DF_DCSS_ISTR_LAV_PEN_2_TV_3(1.0),A,087012,RESPOP_AV,T,Y_GE15,TOTAL,ALL,99,ALL,ALL,2023,4164,,,,,,,,ALL_N1,99_N1,,,,,,
IT1:DF_DCSS_ISTR_LAV_PEN_2_TV_3(1.0),A,087012,RESPOP_AV,T,Y_GE15,TOTAL,ALL,99,ALL,ALL,2024,4226,,,,,,,,ALL_N1,99_N1,,,,,,
IT1:DF_DCSS_ISTR_LAV_PEN_2_TV_3(1.0),A,087013,RESPOP_AV,F,Y_GE15,TOTAL,ALL,1,ALL,ALL,2018,358,,,,,,,,ALL_N1,,,,,,,
IT1:DF_DCSS_ISTR_LAV_PEN_2_TV_3(1.0),A,087013,RESPOP_AV,F,Y_GE15,TOTAL,ALL,1,ALL,ALL,2019,378,,,,,,,,ALL_N1,,,,,,,
IT1:DF_DCSS_ISTR_LAV_PEN_2_TV_3(1.0),A,087013,RESPOP_AV,F,Y_GE15,TOTAL,ALL,1,ALL,ALL,2021,371,,,,,,,,ALL_N1,,,,,,,
IT1:DF_DCSS_ISTR_LAV_PEN_2_TV_3(1.0),A,087013,RESPOP_AV,F,Y_GE15,TOTAL,ALL,1,ALL,ALL,2022,368,,,,,,,,ALL_N1,,,,,,,
IT1:DF_DCSS_ISTR_LAV_PEN_2_TV_3(1.0),A,087013,RESPOP_AV,F,Y_GE15,TOTAL,ALL,1,ALL,ALL,2023,425,,,,,,,,ALL_N1,,,,,,,
IT1:DF_DCSS_ISTR_LAV_PEN_2_TV_3(1.0),A,087013,RESPOP_AV,F,Y_GE15,TOTAL,ALL,1,ALL,ALL,2024,419,,,,,,,,ALL_N1,,,,,,,
IT1:DF_DCSS_ISTR_LAV_PEN_2_TV_3(1.0),A,087013,RESPOP_AV,F,Y_GE15,TOTAL,ALL,12,ALL,ALL,2018,208,,,,,,,,ALL_N1,,,,,,,
IT1:DF_DCSS_ISTR_LAV_PEN_2_TV_3(1.0),A,087013,RESPOP_AV,F,Y_GE15,TOTAL,ALL,12,ALL,ALL,2019,227,,,,,,,,ALL_N1,,,,,,,
IT1:DF_DCSS_ISTR_LAV_PEN_2_TV_3(1.0),A,087013,RESPOP_AV,F,Y_GE15,TOTAL,ALL,12,ALL,ALL,2021,101.361189200062,,,,,,,,ALL_N1,,,,,,,
IT1:DF_DCSS_ISTR_LAV_PEN_2_TV_3(1.0),A,087013,RESPOP_AV,F,Y_GE15,TOTAL,ALL,12,ALL,ALL,2022,100.113919140229,,,,,,,,ALL_N1,,,,,,,
IT1:DF_DCSS_ISTR_LAV_PEN_2_TV_3(1.0),A,087013,RESPOP_AV,F,Y_GE15,TOTAL,ALL,12,ALL,ALL,2023,107.16036375411228,,,,,,,,ALL_N1,,,,,,,
IT1:DF_DCSS_ISTR_LAV_PEN_2_TV_3(1.0),A,087013,RESPOP_AV,F,Y_GE15,TOTAL,ALL,12,ALL,ALL,2024,96.80800456559848,,,,,,,,ALL_N1,,,,,,,
IT1:DF_DCSS_ISTR_LAV_PEN_2_TV_3(1.0),A,087013,RESPOP_AV,F,Y_GE15,TOTAL,ALL,22,ALL,ALL,2018,566,,,,,,,,ALL_N1,,,,,,,
IT1:DF_DCSS_ISTR_LAV_PEN_2_TV_3(1.0),A,087013,RESPOP_AV,F,Y_GE15,TOTAL,ALL,22,ALL,ALL,2019,605,,,,,,,,ALL_N1,,,,,,,
IT1:DF_DCSS_ISTR_LAV_PEN_2_TV_3(1.0),A,087013,RESPOP_AV,F,Y_GE15,TOTAL,ALL,22,ALL,ALL,2021,472.361189200062,,,,,,,,ALL_N1,,,,,,,
IT1:DF_DCSS_ISTR_LAV_PEN_2_TV_3(1.0),A,087013,RESPOP_AV,F,Y_GE15,TOTAL,ALL,22,ALL,ALL,2022,468.113919140229,,,,,,,,ALL_N1,,,,,,,
IT1:DF_DCSS_ISTR_LAV_PEN_2_TV_3(1.0),A,087013,RESPOP_AV,F,Y_GE15,TOTAL,ALL,22,ALL,ALL,2023,532.1603637541123,,,,,,,,ALL_N1,,,,,,,
IT1:DF_DCSS_ISTR_LAV_PEN_2_TV_3(1.0),A,087013,RESPOP_AV,F,Y_GE15,TOTAL,ALL,22,ALL,ALL,2024,515.8080045655985,,,,,,,,ALL_N1,,,,,,,
IT1:DF_DCSS_ISTR_LAV_PEN_2_TV_3(1.0),A,087013,RESPOP_AV,F,Y_GE15,TOTAL,ALL,23,ALL,ALL,2018,1438,,,,,,,,ALL_N1,,,,,,,
IT1:DF_DCSS_ISTR_LAV_PEN_2_TV_3(1.0),A,087013,RESPOP_AV,F,Y_GE15,TOTAL,ALL,23,ALL,ALL,2019,1392,,,,,,,,ALL_N1,,,,,,,
IT1:DF_DCSS_ISTR_LAV_PEN_2_TV_3(1.0),A,087013,RESPOP_AV,F,Y_GE15,TOTAL,ALL,23,ALL,ALL,2021,1474.63881079994,,,,,,,,ALL_N1,,,,,,,
IT1:DF_DCSS_ISTR_LAV_PEN_2_TV_3(1.0),A,087013,RESPOP_AV,F,Y_GE15,TOTAL,ALL,23,ALL,ALL,2022,1472.88608085977,,,,,,,,ALL_N1,,,,,,,
IT1:DF_DCSS_ISTR_LAV_PEN_2_TV_3(1.0),A,087013,RESPOP_AV,F,Y_GE15,TOTAL,ALL,23,ALL,ALL,2023,1371.839636245888,,,,,,,,ALL_N1,,,,,,,
IT1:DF_DCSS_ISTR_LAV_PEN_2_TV_3(1.0),A,087013,RESPOP_AV,F,Y_GE15,TOTAL,ALL,23,ALL,ALL,2024,1372.1919954344014,,,,,,,,ALL_N1,,,,,,,
IT1:DF_DCSS_ISTR_LAV_PEN_2_TV_3(1.0),A,087013,RESPOP_AV,F,Y_GE15,TOTAL,ALL,24,ALL,ALL,2018,336,,,,,,,,ALL_N1,,,,,,,
IT1:DF_DCSS_ISTR_LAV_PEN_2_TV_3(1.0),A,087013,RESPOP_AV,F,Y_GE15,TOTAL,ALL,24,ALL,ALL,2019,312,,,,,,,,ALL_N1,,,,,,,
IT1:DF_DCSS_ISTR_LAV_PEN_2_TV_3(1.0),A,087013,RESPOP_AV,F,Y_GE15,TOTAL,ALL,24,ALL,ALL,2021,359.184858757791,,,,,,,,ALL_N1,,,,,,,
IT1:DF_DCSS_ISTR_LAV_PEN_2_TV_3(1.0),A,087013,RESPOP_AV,F,Y_GE15,TOTAL,ALL,24,ALL,ALL,2022,344.656413088693,,,,,,,,ALL_N1,,,,,,,
IT1:DF_DCSS_ISTR_LAV_PEN_2_TV_3(1.0),A,087013,RESPOP_AV,F,Y_GE15,TOTAL,ALL,24,ALL,ALL,2023,312.11000961801915,,,,,,,,ALL_N1,,,,,,,
IT1:DF_DCSS_ISTR_LAV_PEN_2_TV_3(1.0),A,087013,RESPOP_AV,F,Y_GE15,TOTAL,ALL,24,ALL,ALL,2024,325.6155878288878,,,,,,,,ALL_N1,,,,,,,
IT1:DF_DCSS_ISTR_LAV_PEN_2_TV_3(1.0),A,087013,RESPOP_AV,F,Y_GE15,TOTAL,ALL,4,ALL,ALL,2018,723,,,,,,,,ALL_N1,,,,,,,
IT1:DF_DCSS_ISTR_LAV_PEN_2_TV_3(1.0),A,087013,RESPOP_AV,F,Y_GE15,TOTAL,ALL,4,ALL,ALL,2019,692,,,,,,,,ALL_N1,,,,,,,
IT1:DF_DCSS_ISTR_LAV_PEN_2_TV_3(1.0),A,087013,RESPOP_AV,F,Y_GE15,TOTAL,ALL,4,ALL,ALL,2021,751.04677082078,,,,,,,,ALL_N1,,,,,,,
IT1:DF_DCSS_ISTR_LAV_PEN_2_TV_3(1.0),A,087013,RESPOP_AV,F,Y_GE15,TOTAL,ALL,4,ALL,ALL,2022,763.432574993359,,,,,,,,ALL_N1,,,,,,,
IT1:DF_DCSS_ISTR_LAV_PEN_2_TV_3(1.0),A,087013,RESPOP_AV,F,Y_GE15,TOTAL,ALL,4,ALL,ALL,2023,719.1198535183371,,,,,,,,ALL_N1,,,,,,,
IT1:DF_DCSS_ISTR_LAV_PEN_2_TV_3(1.0),A,087013,RESPOP_AV,F,Y_GE15,TOTAL,ALL,4,ALL,ALL,2024,723.3509537297797,,,,,,,,ALL_N1,,,,,,,
IT1:DF_DCSS_ISTR_LAV_PEN_2_TV_3(1.0),A,087013,RESPOP_AV,F,Y_GE15,TOTAL,ALL,5,ALL,ALL,2018,185,,,,,,,,ALL_N1,,,,,,,
IT1:DF_DCSS_ISTR_LAV_PEN_2_TV_3(1.0),A,087013,RESPOP_AV,F,Y_GE15,TOTAL,ALL,5,ALL,ALL,2019,200,,,,,,,,ALL_N1,,,,,,,
IT1:DF_DCSS_ISTR_LAV_PEN_2_TV_3(1.0),A,087013,RESPOP_AV,F,Y_GE15,TOTAL,ALL,5,ALL,ALL,2021,184.748890325697,,,,,,,,ALL_N1,,,,,,,
IT1:DF_DCSS_ISTR_LAV_PEN_2_TV_3(1.0),A,087013,RESPOP_AV,F,Y_GE15,TOTAL,ALL,5,ALL,ALL,2022,187.078832843713,,,,,,,,ALL_N1,,,,,,,
IT1:DF_DCSS_ISTR_LAV_PEN_2_TV_3(1.0),A,087013,RESPOP_AV,F,Y_GE15,TOTAL,ALL,5,ALL,ALL,2023,171.80895434693534,,,,,,,,ALL_N1,,,,,,,
IT1:DF_DCSS_ISTR_LAV_PEN_2_TV_3(1.0),A,087013,RESPOP_AV,F,Y_GE15,TOTAL,ALL,5,ALL,ALL,2024,154.3234520880619,,,,,,,,ALL_N1,,,,,,,
IT1:DF_DCSS_ISTR_LAV_PEN_2_TV_3(1.0),A,087013,RESPOP_AV,F,Y_GE15,TOTAL,ALL,7,ALL,ALL,2018,195,,,,,,,,ALL_N1,,,,,,,
IT1:DF_DCSS_ISTR_LAV_PEN_2_TV_3(1.0),A,087013,RESPOP_AV,F,Y_GE15,TOTAL,ALL,7,ALL,ALL,2019,188,,,,,,,,ALL_N1,,,,,,,
IT1:DF_DCSS_ISTR_LAV_PEN_2_TV_3(1.0),A,087013,RESPOP_AV,F,Y_GE15,TOTAL,ALL,7,ALL,ALL,2021,179.658290895668,,,,,,,,ALL_N1,,,,,,,
IT1:DF_DCSS_ISTR_LAV_PEN_2_TV_3(1.0),A,087013,RESPOP_AV,F,Y_GE15,TOTAL,ALL,7,ALL,ALL,2022,177.718259934006,,,,,,,,ALL_N1,,,,,,,
IT1:DF_DCSS_ISTR_LAV_PEN_2_TV_3(1.0),A,087013,RESPOP_AV,F,Y_GE15,TOTAL,ALL,7,ALL,ALL,2023,168.80081876259618,,,,,,,,ALL_N1,,,,,,,
IT1:DF_DCSS_ISTR_LAV_PEN_2_TV_3(1.0),A,087013,RESPOP_AV,F,Y_GE15,TOTAL,ALL,7,ALL,ALL,2024,168.90200178767205,,,,,,,,ALL_N1,,,,,,,
IT1:DF_DCSS_ISTR_LAV_PEN_2_TV_3(1.0),A,087013,RESPOP_AV,F,Y_GE15,TOTAL,ALL,99,ALL,ALL,2018,2004,,,,,,,,ALL_N1,99_N1,,,,,,
IT1:DF_DCSS_ISTR_LAV_PEN_2_TV_3(1.0),A,087013,RESPOP_AV,F,Y_GE15,TOTAL,ALL,99,ALL,ALL,2019,1997,,,,,,,,ALL_N1,99_N1,,,,,,
IT1:DF_DCSS_ISTR_LAV_PEN_2_TV_3(1.0),A,087013,RESPOP_AV,F,Y_GE15,TOTAL,ALL,99,ALL,ALL,2021,1947,,,,,,,,ALL_N1,99_N1,,,,,,
IT1:DF_DCSS_ISTR_LAV_PEN_2_TV_3(1.0),A,087013,RESPOP_AV,F,Y_GE15,TOTAL,ALL,99,ALL,ALL,2022,1941,,,,,,,,ALL_N1,99_N1,,,,,,
IT1:DF_DCSS_ISTR_LAV_PEN_2_TV_3(1.0),A,087013,RESPOP_AV,F,Y_GE15,TOTAL,ALL,99,ALL,ALL,2023,1904.0000000000002,,,,,,,,ALL_N1,99_N1,,,,,,
IT1:DF_DCSS_ISTR_LAV_PEN_2_TV_3(1.0),A,087013,RESPOP_AV,F,Y_GE15,TOTAL,ALL,99,ALL,ALL,2024,1888,,,,,,,,ALL_N1,99_N1,,,,,,
IT1:DF_DCSS_ISTR_LAV_PEN_2_TV_3(1.0),A,087013,RESPOP_AV,M,Y_GE15,TOTAL,ALL,1,ALL,ALL,2018,779,,,,,,,,ALL_N1,,,,,,,
IT1:DF_DCSS_ISTR_LAV_PEN_2_TV_3(1.0),A,087013,RESPOP_AV,M,Y_GE15,TOTAL,ALL,1,ALL,ALL,2019,791,,,,,,,,ALL_N1,,,,,,,
IT1:DF_DCSS_ISTR_LAV_PEN_2_TV_3(1.0),A,087013,RESPOP_AV,M,Y_GE15,TOTAL,ALL,1,ALL,ALL,2021,780,,,,,,,,ALL_N1,,,,,,,
IT1:DF_DCSS_ISTR_LAV_PEN_2_TV_3(1.0),A,087013,RESPOP_AV,M,Y_GE15,TOTAL,ALL,1,ALL,ALL,2022,809,,,,,,,,ALL_N1,,,,,,,
IT1:DF_DCSS_ISTR_LAV_PEN_2_TV_3(1.0),A,087013,RESPOP_AV,M,Y_GE15,TOTAL,ALL,1,ALL,ALL,2023,842,,,,,,,,ALL_N1,,,,,,,
IT1:DF_DCSS_ISTR_LAV_PEN_2_TV_3(1.0),A,087013,RESPOP_AV,M,Y_GE15,TOTAL,ALL,1,ALL,ALL,2024,878,,,,,,,,ALL_N1,,,,,,,
IT1:DF_DCSS_ISTR_LAV_PEN_2_TV_3(1.0),A,087013,RESPOP_AV,M,Y_GE15,TOTAL,ALL,12,ALL,ALL,2018,248,,,,,,,,ALL_N1,,,,,,,
IT1:DF_DCSS_ISTR_LAV_PEN_2_TV_3(1.0),A,087013,RESPOP_AV,M,Y_GE15,TOTAL,ALL,12,ALL,ALL,2019,259,,,,,,,,ALL_N1,,,,,,,
IT1:DF_DCSS_ISTR_LAV_PEN_2_TV_3(1.0),A,087013,RESPOP_AV,M,Y_GE15,TOTAL,ALL,12,ALL,ALL,2021,122.987580576663,,,,,,,,ALL_N1,,,,,,,
IT1:DF_DCSS_ISTR_LAV_PEN_2_TV_3(1.0),A,087013,RESPOP_AV,M,Y_GE15,TOTAL,ALL,12,ALL,ALL,2022,108.480450451383,,,,,,,,ALL_N1,,,,,,,
IT1:DF_DCSS_ISTR_LAV_PEN_2_TV_3(1.0),A,087013,RESPOP_AV,M,Y_GE15,TOTAL,ALL,12,ALL,ALL,2023,123.3028363959181,,,,,,,,ALL_N1,,,,,,,
IT1:DF_DCSS_ISTR_LAV_PEN_2_TV_3(1.0),A,087013,RESPOP_AV,M,Y_GE15,TOTAL,ALL,12,ALL,ALL,2024,107.71655351764929,,,,,,,,ALL_N1,,,,,,,
IT1:DF_DCSS_ISTR_LAV_PEN_2_TV_3(1.0),A,087013,RESPOP_AV,M,Y_GE15,TOTAL,ALL,22,ALL,ALL,2018,1027,,,,,,,,ALL_N1,,,,,,,
IT1:DF_DCSS_ISTR_LAV_PEN_2_TV_3(1.0),A,087013,RESPOP_AV,M,Y_GE15,TOTAL,ALL,22,ALL,ALL,2019,1050,,,,,,,,ALL_N1,,,,,,,
IT1:DF_DCSS_ISTR_LAV_PEN_2_TV_3(1.0),A,087013,RESPOP_AV,M,Y_GE15,TOTAL,ALL,22,ALL,ALL,2021,902.987580576663,,,,,,,,ALL_N1,,,,,,,
IT1:DF_DCSS_ISTR_LAV_PEN_2_TV_3(1.0),A,087013,RESPOP_AV,M,Y_GE15,TOTAL,ALL,22,ALL,ALL,2022,917.480450451383,,,,,,,,ALL_N1,,,,,,,
IT1:DF_DCSS_ISTR_LAV_PEN_2_TV_3(1.0),A,087013,RESPOP_AV,M,Y_GE15,TOTAL,ALL,22,ALL,ALL,2023,965.3028363959181,,,,,,,,ALL_N1,,,,,,,
IT1:DF_DCSS_ISTR_LAV_PEN_2_TV_3(1.0),A,087013,RESPOP_AV,M,Y_GE15,TOTAL,ALL,22,ALL,ALL,2024,985.7165535176492,,,,,,,,ALL_N1,,,,,,,
IT1:DF_DCSS_ISTR_LAV_PEN_2_TV_3(1.0),A,087013,RESPOP_AV,M,Y_GE15,TOTAL,ALL,23,ALL,ALL,2018,825,,,,,,,,ALL_N1,,,,,,,
IT1:DF_DCSS_ISTR_LAV_PEN_2_TV_3(1.0),A,087013,RESPOP_AV,M,Y_GE15,TOTAL,ALL,23,ALL,ALL,2019,783,,,,,,,,ALL_N1,,,,,,,
IT1:DF_DCSS_ISTR_LAV_PEN_2_TV_3(1.0),A,087013,RESPOP_AV,M,Y_GE15,TOTAL,ALL,23,ALL,ALL,2021,912.012419423337,,,,,,,,ALL_N1,,,,,,,
IT1:DF_DCSS_ISTR_LAV_PEN_2_TV_3(1.0),A,087013,RESPOP_AV,M,Y_GE15,TOTAL,ALL,23,ALL,ALL,2022,893.519549548617,,,,,,,,ALL_N1,,,,,,,
IT1:DF_DCSS_ISTR_LAV_PEN_2_TV_3(1.0),A,087013,RESPOP_AV,M,Y_GE15,TOTAL,ALL,23,ALL,ALL,2023,858.6971636040818,,,,,,,,ALL_N1,,,,,,,
IT1:DF_DCSS_ISTR_LAV_PEN_2_TV_3(1.0),A,087013,RESPOP_AV,M,Y_GE15,TOTAL,ALL,23,ALL,ALL,2024,839.2834464823508,,,,,,,,ALL_N1,,,,,,,
IT1:DF_DCSS_ISTR_LAV_PEN_2_TV_3(1.0),A,087013,RESPOP_AV,M,Y_GE15,TOTAL,ALL,24,ALL,ALL,2018,392,,,,,,,,ALL_N1,,,,,,,
IT1:DF_DCSS_ISTR_LAV_PEN_2_TV_3(1.0),A,087013,RESPOP_AV,M,Y_GE15,TOTAL,ALL,24,ALL,ALL,2019,391,,,,,,,,ALL_N1,,,,,,,
IT1:DF_DCSS_ISTR_LAV_PEN_2_TV_3(1.0),A,087013,RESPOP_AV,M,Y_GE15,TOTAL,ALL,24,ALL,ALL,2021,430.866226652052,,,,,,,,ALL_N1,,,,,,,
IT1:DF_DCSS_ISTR_LAV_PEN_2_TV_3(1.0),A,087013,RESPOP_AV,M,Y_GE15,TOTAL,ALL,24,ALL,ALL,2022,441.789782387941,,,,,,,,ALL_N1,,,,,,,
IT1:DF_DCSS_ISTR_LAV_PEN_2_TV_3(1.0),A,087013,RESPOP_AV,M,Y_GE15,TOTAL,ALL,24,ALL,ALL,2023,419.01802835846655,,,,,,,,ALL_N1,,,,,,,
IT1:DF_DCSS_ISTR_LAV_PEN_2_TV_3(1.0),A,087013,RESPOP_AV,M,Y_GE15,TOTAL,ALL,24,ALL,ALL,2024,425.8473179212917,,,,,,,,ALL_N1,,,,,,,
IT1:DF_DCSS_ISTR_LAV_PEN_2_TV_3(1.0),A,087013,RESPOP_AV,M,Y_GE15,TOTAL,ALL,4,ALL,ALL,2018,32,,,,,,,,ALL_N1,,,,,,,
IT1:DF_DCSS_ISTR_LAV_PEN_2_TV_3(1.0),A,087013,RESPOP_AV,M,Y_GE15,TOTAL,ALL,4,ALL,ALL,2019,28,,,,,,,,ALL_N1,,,,,,,
IT1:DF_DCSS_ISTR_LAV_PEN_2_TV_3(1.0),A,087013,RESPOP_AV,M,Y_GE15,TOTAL,ALL,4,ALL,ALL,2021,52.7204898691348,,,,,,,,ALL_N1,,,,,,,
IT1:DF_DCSS_ISTR_LAV_PEN_2_TV_3(1.0),A,087013,RESPOP_AV,M,Y_GE15,TOTAL,ALL,4,ALL,ALL,2022,51.3762486053794,,,,,,,,ALL_N1,,,,,,,
IT1:DF_DCSS_ISTR_LAV_PEN_2_TV_3(1.0),A,087013,RESPOP_AV,M,Y_GE15,TOTAL,ALL,4,ALL,ALL,2023,57.023831177166784,,,,,,,,ALL_N1,,,,,,,
IT1:DF_DCSS_ISTR_LAV_PEN_2_TV_3(1.0),A,087013,RESPOP_AV,M,Y_GE15,TOTAL,ALL,4,ALL,ALL,2024,47.98902569421962,,,,,,,,ALL_N1,,,,,,,
IT1:DF_DCSS_ISTR_LAV_PEN_2_TV_3(1.0),A,087013,RESPOP_AV,M,Y_GE15,TOTAL,ALL,5,ALL,ALL,2018,133,,,,,,,,ALL_N1,,,,,,,
IT1:DF_DCSS_ISTR_LAV_PEN_2_TV_3(1.0),A,087013,RESPOP_AV,M,Y_GE15,TOTAL,ALL,5,ALL,ALL,2019,135,,,,,,,,ALL_N1,,,,,,,
IT1:DF_DCSS_ISTR_LAV_PEN_2_TV_3(1.0),A,087013,RESPOP_AV,M,Y_GE15,TOTAL,ALL,5,ALL,ALL,2021,159.022230346228,,,,,,,,ALL_N1,,,,,,,
IT1:DF_DCSS_ISTR_LAV_PEN_2_TV_3(1.0),A,087013,RESPOP_AV,M,Y_GE15,TOTAL,ALL,5,ALL,ALL,2022,168.028784099038,,,,,,,,ALL_N1,,,,,,,
IT1:DF_DCSS_ISTR_LAV_PEN_2_TV_3(1.0),A,087013,RESPOP_AV,M,Y_GE15,TOTAL,ALL,5,ALL,ALL,2023,156.42993944547294,,,,,,,,ALL_N1,,,,,,,
IT1:DF_DCSS_ISTR_LAV_PEN_2_TV_3(1.0),A,087013,RESPOP_AV,M,Y_GE15,TOTAL,ALL,5,ALL,ALL,2024,139.38612687926923,,,,,,,,ALL_N1,,,,,,,
IT1:DF_DCSS_ISTR_LAV_PEN_2_TV_3(1.0),A,087013,RESPOP_AV,M,Y_GE15,TOTAL,ALL,7,ALL,ALL,2018,269,,,,,,,,ALL_N1,,,,,,,
IT1:DF_DCSS_ISTR_LAV_PEN_2_TV_3(1.0),A,087013,RESPOP_AV,M,Y_GE15,TOTAL,ALL,7,ALL,ALL,2019,229,,,,,,,,ALL_N1,,,,,,,
IT1:DF_DCSS_ISTR_LAV_PEN_2_TV_3(1.0),A,087013,RESPOP_AV,M,Y_GE15,TOTAL,ALL,7,ALL,ALL,2021,269.403472555922,,,,,,,,ALL_N1,,,,,,,
IT1:DF_DCSS_ISTR_LAV_PEN_2_TV_3(1.0),A,087013,RESPOP_AV,M,Y_GE15,TOTAL,ALL,7,ALL,ALL,2022,232.324734456259,,,,,,,,ALL_N1,,,,,,,
IT1:DF_DCSS_ISTR_LAV_PEN_2_TV_3(1.0),A,087013,RESPOP_AV,M,Y_GE15,TOTAL,ALL,7,ALL,ALL,2023,226.2253646229755,,,,,,,,ALL_N1,,,,,,,
IT1:DF_DCSS_ISTR_LAV_PEN_2_TV_3(1.0),A,087013,RESPOP_AV,M,Y_GE15,TOTAL,ALL,7,ALL,ALL,2024,226.06097598757026,,,,,,,,ALL_N1,,,,,,,
IT1:DF_DCSS_ISTR_LAV_PEN_2_TV_3(1.0),A,087013,RESPOP_AV,M,Y_GE15,TOTAL,ALL,99,ALL,ALL,2018,1852,,,,,,,,ALL_N1,99_N1,,,,,,
IT1:DF_DCSS_ISTR_LAV_PEN_2_TV_3(1.0),A,087013,RESPOP_AV,M,Y_GE15,TOTAL,ALL,99,ALL,ALL,2019,1832,,,,,,,,ALL_N1,99_N1,,,,,,
IT1:DF_DCSS_ISTR_LAV_PEN_2_TV_3(1.0),A,087013,RESPOP_AV,M,Y_GE15,TOTAL,ALL,99,ALL,ALL,2021,1815,,,,,,,,ALL_N1,99_N1,,,,,,
IT1:DF_DCSS_ISTR_LAV_PEN_2_TV_3(1.0),A,087013,RESPOP_AV,M,Y_GE15,TOTAL,ALL,99,ALL,ALL,2022,1811,,,,,,,,ALL_N1,99_N1,,,,,,
IT1:DF_DCSS_ISTR_LAV_PEN_2_TV_3(1.0),A,087013,RESPOP_AV,M,Y_GE15,TOTAL,ALL,99,ALL,ALL,2023,1823.9999999999998,,,,,,,,ALL_N1,99_N1,,,,,,
IT1:DF_DCSS_ISTR_LAV_PEN_2_TV_3(1.0),A,087013,RESPOP_AV,M,Y_GE15,TOTAL,ALL,99,ALL,ALL,2024,1825,,,,,,,,ALL_N1,99_N1,,,,,,
IT1:DF_DCSS_ISTR_LAV_PEN_2_TV_3(1.0),A,087013,RESPOP_AV,T,Y_GE15,TOTAL,ALL,1,ALL,ALL,2018,1137,,,,,,,,ALL_N1,,,,,,,
IT1:DF_DCSS_ISTR_LAV_PEN_2_TV_3(1.0),A,087013,RESPOP_AV,T,Y_GE15,TOTAL,ALL,1,ALL,ALL,2019,1169,,,,,,,,ALL_N1,,,,,,,
IT1:DF_DCSS_ISTR_LAV_PEN_2_TV_3(1.0),A,087013,RESPOP_AV,T,Y_GE15,TOTAL,ALL,1,ALL,ALL,2021,1151,,,,,,,,ALL_N1,,,,,,,
IT1:DF_DCSS_ISTR_LAV_PEN_2_TV_3(1.0),A,087013,RESPOP_AV,T,Y_GE15,TOTAL,ALL,1,ALL,ALL,2022,1177,,,,,,,,ALL_N1,,,,,,,
IT1:DF_DCSS_ISTR_LAV_PEN_2_TV_3(1.0),A,087013,RESPOP_AV,T,Y_GE15,TOTAL,ALL,1,ALL,ALL,2023,1267,,,,,,,,ALL_N1,,,,,,,
IT1:DF_DCSS_ISTR_LAV_PEN_2_TV_3(1.0),A,087013,RESPOP_AV,T,Y_GE15,TOTAL,ALL,1,ALL,ALL,2024,1297,,,,,,,,ALL_N1,,,,,,,
IT1:DF_DCSS_ISTR_LAV_PEN_2_TV_3(1.0),A,087013,RESPOP_AV,T,Y_GE15,TOTAL,ALL,12,ALL,ALL,2018,456,,,,,,,,ALL_N1,,,,,,,
IT1:DF_DCSS_ISTR_LAV_PEN_2_TV_3(1.0),A,087013,RESPOP_AV,T,Y_GE15,TOTAL,ALL,12,ALL,ALL,2019,486,,,,,,,,ALL_N1,,,,,,,
IT1:DF_DCSS_ISTR_LAV_PEN_2_TV_3(1.0),A,087013,RESPOP_AV,T,Y_GE15,TOTAL,ALL,12,ALL,ALL,2021,224.348769776726,,,,,,,,ALL_N1,,,,,,,
IT1:DF_DCSS_ISTR_LAV_PEN_2_TV_3(1.0),A,087013,RESPOP_AV,T,Y_GE15,TOTAL,ALL,12,ALL,ALL,2022,208.594369591611,,,,,,,,ALL_N1,,,,,,,
IT1:DF_DCSS_ISTR_LAV_PEN_2_TV_3(1.0),A,087013,RESPOP_AV,T,Y_GE15,TOTAL,ALL,12,ALL,ALL,2023,230.4632001500304,,,,,,,,ALL_N1,,,,,,,
IT1:DF_DCSS_ISTR_LAV_PEN_2_TV_3(1.0),A,087013,RESPOP_AV,T,Y_GE15,TOTAL,ALL,12,ALL,ALL,2024,204.52455808324777,,,,,,,,ALL_N1,,,,,,,
IT1:DF_DCSS_ISTR_LAV_PEN_2_TV_3(1.0),A,087013,RESPOP_AV,T,Y_GE15,TOTAL,ALL,22,ALL,ALL,2018,1593,,,,,,,,ALL_N1,,,,,,,
IT1:DF_DCSS_ISTR_LAV_PEN_2_TV_3(1.0),A,087013,RESPOP_AV,T,Y_GE15,TOTAL,ALL,22,ALL,ALL,2019,1655,,,,,,,,ALL_N1,,,,,,,
IT1:DF_DCSS_ISTR_LAV_PEN_2_TV_3(1.0),A,087013,RESPOP_AV,T,Y_GE15,TOTAL,ALL,22,ALL,ALL,2021,1375.34876977673,,,,,,,,ALL_N1,,,,,,,
IT1:DF_DCSS_ISTR_LAV_PEN_2_TV_3(1.0),A,087013,RESPOP_AV,T,Y_GE15,TOTAL,ALL,22,ALL,ALL,2022,1385.59436959161,,,,,,,,ALL_N1,,,,,,,
IT1:DF_DCSS_ISTR_LAV_PEN_2_TV_3(1.0),A,087013,RESPOP_AV,T,Y_GE15,TOTAL,ALL,22,ALL,ALL,2023,1497.4632001500304,,,,,,,,ALL_N1,,,,,,,
IT1:DF_DCSS_ISTR_LAV_PEN_2_TV_3(1.0),A,087013,RESPOP_AV,T,Y_GE15,TOTAL,ALL,22,ALL,ALL,2024,1501.5245580832477,,,,,,,,ALL_N1,,,,,,,
IT1:DF_DCSS_ISTR_LAV_PEN_2_TV_3(1.0),A,087013,RESPOP_AV,T,Y_GE15,TOTAL,ALL,23,ALL,ALL,2018,2263,,,,,,,,ALL_N1,,,,,,,
IT1:DF_DCSS_ISTR_LAV_PEN_2_TV_3(1.0),A,087013,RESPOP_AV,T,Y_GE15,TOTAL,ALL,23,ALL,ALL,2019,2175,,,,,,,,ALL_N1,,,,,,,
IT1:DF_DCSS_ISTR_LAV_PEN_2_TV_3(1.0),A,087013,RESPOP_AV,T,Y_GE15,TOTAL,ALL,23,ALL,ALL,2021,2386.65123022327,,,,,,,,ALL_N1,,,,,,,
IT1:DF_DCSS_ISTR_LAV_PEN_2_TV_3(1.0),A,087013,RESPOP_AV,T,Y_GE15,TOTAL,ALL,23,ALL,ALL,2022,2366.40563040839,,,,,,,,ALL_N1,,,,,,,
IT1:DF_DCSS_ISTR_LAV_PEN_2_TV_3(1.0),A,087013,RESPOP_AV,T,Y_GE15,TOTAL,ALL,23,ALL,ALL,2023,2230.5367998499696,,,,,,,,ALL_N1,,,,,,,
IT1:DF_DCSS_ISTR_LAV_PEN_2_TV_3(1.0),A,087013,RESPOP_AV,T,Y_GE15,TOTAL,ALL,23,ALL,ALL,2024,2211.475441916752,,,,,,,,ALL_N1,,,,,,,
IT1:DF_DCSS_ISTR_LAV_PEN_2_TV_3(1.0),A,087013,RESPOP_AV,T,Y_GE15,TOTAL,ALL,24,ALL,ALL,2018,727,,,,,,,,ALL_N1,,,,,,,
IT1:DF_DCSS_ISTR_LAV_PEN_2_TV_3(1.0),A,087013,RESPOP_AV,T,Y_GE15,TOTAL,ALL,24,ALL,ALL,2019,703,,,,,,,,ALL_N1,,,,,,,
IT1:DF_DCSS_ISTR_LAV_PEN_2_TV_3(1.0),A,087013,RESPOP_AV,T,Y_GE15,TOTAL,ALL,24,ALL,ALL,2021,790.051085409843,,,,,,,,ALL_N1,,,,,,,
IT1:DF_DCSS_ISTR_LAV_PEN_2_TV_3(1.0),A,087013,RESPOP_AV,T,Y_GE15,TOTAL,ALL,24,ALL,ALL,2022,786.446195476634,,,,,,,,ALL_N1,,,,,,,
IT1:DF_DCSS_ISTR_LAV_PEN_2_TV_3(1.0),A,087013,RESPOP_AV,T,Y_GE15,TOTAL,ALL,24,ALL,ALL,2023,731.1280379764858,,,,,,,,ALL_N1,,,,,,,
IT1:DF_DCSS_ISTR_LAV_PEN_2_TV_3(1.0),A,087013,RESPOP_AV,T,Y_GE15,TOTAL,ALL,24,ALL,ALL,2024,751.4629057501794,,,,,,,,ALL_N1,,,,,,,
IT1:DF_DCSS_ISTR_LAV_PEN_2_TV_3(1.0),A,087013,RESPOP_AV,T,Y_GE15,TOTAL,ALL,4,ALL,ALL,2018,755,,,,,,,,ALL_N1,,,,,,,
IT1:DF_DCSS_ISTR_LAV_PEN_2_TV_3(1.0),A,087013,RESPOP_AV,T,Y_GE15,TOTAL,ALL,4,ALL,ALL,2019,720,,,,,,,,ALL_N1,,,,,,,
IT1:DF_DCSS_ISTR_LAV_PEN_2_TV_3(1.0),A,087013,RESPOP_AV,T,Y_GE15,TOTAL,ALL,4,ALL,ALL,2021,803.767260689915,,,,,,,,ALL_N1,,,,,,,
IT1:DF_DCSS_ISTR_LAV_PEN_2_TV_3(1.0),A,087013,RESPOP_AV,T,Y_GE15,TOTAL,ALL,4,ALL,ALL,2022,814.808823598738,,,,,,,,ALL_N1,,,,,,,
IT1:DF_DCSS_ISTR_LAV_PEN_2_TV_3(1.0),A,087013,RESPOP_AV,T,Y_GE15,TOTAL,ALL,4,ALL,ALL,2023,776.1436846955039,,,,,,,,ALL_N1,,,,,,,
IT1:DF_DCSS_ISTR_LAV_PEN_2_TV_3(1.0),A,087013,RESPOP_AV,T,Y_GE15,TOTAL,ALL,4,ALL,ALL,2024,771.3399794239994,,,,,,,,ALL_N1,,,,,,,
IT1:DF_DCSS_ISTR_LAV_PEN_2_TV_3(1.0),A,087013,RESPOP_AV,T,Y_GE15,TOTAL,ALL,5,ALL,ALL,2018,317,,,,,,,,ALL_N1,,,,,,,
IT1:DF_DCSS_ISTR_LAV_PEN_2_TV_3(1.0),A,087013,RESPOP_AV,T,Y_GE15,TOTAL,ALL,5,ALL,ALL,2019,335,,,,,,,,ALL_N1,,,,,,,
IT1:DF_DCSS_ISTR_LAV_PEN_2_TV_3(1.0),A,087013,RESPOP_AV,T,Y_GE15,TOTAL,ALL,5,ALL,ALL,2021,343.771120671925,,,,,,,,ALL_N1,,,,,,,
IT1:DF_DCSS_ISTR_LAV_PEN_2_TV_3(1.0),A,087013,RESPOP_AV,T,Y_GE15,TOTAL,ALL,5,ALL,ALL,2022,355.107616942751,,,,,,,,ALL_N1,,,,,,,
IT1:DF_DCSS_ISTR_LAV_PEN_2_TV_3(1.0),A,087013,RESPOP_AV,T,Y_GE15,TOTAL,ALL,5,ALL,ALL,2023,328.2388937924083,,,,,,,,ALL_N1,,,,,,,
IT1:DF_DCSS_ISTR_LAV_PEN_2_TV_3(1.0),A,087013,RESPOP_AV,T,Y_GE15,TOTAL,ALL,5,ALL,ALL,2024,293.70957896733114,,,,,,,,ALL_N1,,,,,,,
IT1:DF_DCSS_ISTR_LAV_PEN_2_TV_3(1.0),A,087013,RESPOP_AV,T,Y_GE15,TOTAL,ALL,7,ALL,ALL,2018,464,,,,,,,,ALL_N1,,,,,,,
IT1:DF_DCSS_ISTR_LAV_PEN_2_TV_3(1.0),A,087013,RESPOP_AV,T,Y_GE15,TOTAL,ALL,7,ALL,ALL,2019,417,,,,,,,,ALL_N1,,,,,,,
IT1:DF_DCSS_ISTR_LAV_PEN_2_TV_3(1.0),A,087013,RESPOP_AV,T,Y_GE15,TOTAL,ALL,7,ALL,ALL,2021,449.061763451591,,,,,,,,ALL_N1,,,,,,,
IT1:DF_DCSS_ISTR_LAV_PEN_2_TV_3(1.0),A,087013,RESPOP_AV,T,Y_GE15,TOTAL,ALL,7,ALL,ALL,2022,410.042994390265,,,,,,,,ALL_N1,,,,,,,
IT1:DF_DCSS_ISTR_LAV_PEN_2_TV_3(1.0),A,087013,RESPOP_AV,T,Y_GE15,TOTAL,ALL,7,ALL,ALL,2023,395.0261833855717,,,,,,,,ALL_N1,,,,,,,
IT1:DF_DCSS_ISTR_LAV_PEN_2_TV_3(1.0),A,087013,RESPOP_AV,T,Y_GE15,TOTAL,ALL,7,ALL,ALL,2024,394.96297777524234,,,,,,,,ALL_N1,,,,,,,
IT1:DF_DCSS_ISTR_LAV_PEN_2_TV_3(1.0),A,087013,RESPOP_AV,T,Y_GE15,TOTAL,ALL,99,ALL,ALL,2018,3856,,,,,,,,ALL_N1,99_N1,,,,,,
IT1:DF_DCSS_ISTR_LAV_PEN_2_TV_3(1.0),A,087013,RESPOP_AV,T,Y_GE15,TOTAL,ALL,99,ALL,ALL,2019,3829,,,,,,,,ALL_N1,99_N1,,,,,,
IT1:DF_DCSS_ISTR_LAV_PEN_2_TV_3(1.0),A,087013,RESPOP_AV,T,Y_GE15,TOTAL,ALL,99,ALL,ALL,2021,3762,,,,,,,,ALL_N1,99_N1,,,,,,
IT1:DF_DCSS_ISTR_LAV_PEN_2_TV_3(1.0),A,087013,RESPOP_AV,T,Y_GE15,TOTAL,ALL,99,ALL,ALL,2022,3752,,,,,,,,ALL_N1,99_N1,,,,,,
IT1:DF_DCSS_ISTR_LAV_PEN_2_TV_3(1.0),A,087013,RESPOP_AV,T,Y_GE15,TOTAL,ALL,99,ALL,ALL,2023,3728,,,,,,,,ALL_N1,99_N1,,,,,,
IT1:DF_DCSS_ISTR_LAV_PEN_2_TV_3(1.0),A,087013,RESPOP_AV,T,Y_GE15,TOTAL,ALL,99,ALL,ALL,2024,3713,,,,,,,,ALL_N1,99_N1,,,,,,
IT1:DF_DCSS_ISTR_LAV_PEN_2_TV_3(1.0),A,087014,RESPOP_AV,F,Y_GE15,TOTAL,ALL,1,ALL,ALL,2018,383,,,,,,,,ALL_N1,,,,,,,
IT1:DF_DCSS_ISTR_LAV_PEN_2_TV_3(1.0),A,087014,RESPOP_AV,F,Y_GE15,TOTAL,ALL,1,ALL,ALL,2019,402,,,,,,,,ALL_N1,,,,,,,
IT1:DF_DCSS_ISTR_LAV_PEN_2_TV_3(1.0),A,087014,RESPOP_AV,F,Y_GE15,TOTAL,ALL,1,ALL,ALL,2021,348,,,,,,,,ALL_N1,,,,,,,
IT1:DF_DCSS_ISTR_LAV_PEN_2_TV_3(1.0),A,087014,RESPOP_AV,F,Y_GE15,TOTAL,ALL,1,ALL,ALL,2022,360,,,,,,,,ALL_N1,,,,,,,
IT1:DF_DCSS_ISTR_LAV_PEN_2_TV_3(1.0),A,087014,RESPOP_AV,F,Y_GE15,TOTAL,ALL,1,ALL,ALL,2023,394,,,,,,,,ALL_N1,,,,,,,
IT1:DF_DCSS_ISTR_LAV_PEN_2_TV_3(1.0),A,087014,RESPOP_AV,F,Y_GE15,TOTAL,ALL,1,ALL,ALL,2024,412,,,,,,,,ALL_N1,,,,,,,
IT1:DF_DCSS_ISTR_LAV_PEN_2_TV_3(1.0),A,087014,RESPOP_AV,F,Y_GE15,TOTAL,ALL,12,ALL,ALL,2018,180,,,,,,,,ALL_N1,,,,,,,
IT1:DF_DCSS_ISTR_LAV_PEN_2_TV_3(1.0),A,087014,RESPOP_AV,F,Y_GE15,TOTAL,ALL,12,ALL,ALL,2019,156,,,,,,,,ALL_N1,,,,,,,
IT1:DF_DCSS_ISTR_LAV_PEN_2_TV_3(1.0),A,087014,RESPOP_AV,F,Y_GE15,TOTAL,ALL,12,ALL,ALL,2021,80.7541046247567,,,,,,,,ALL_N1,,,,,,,
IT1:DF_DCSS_ISTR_LAV_PEN_2_TV_3(1.0),A,087014,RESPOP_AV,F,Y_GE15,TOTAL,ALL,12,ALL,ALL,2022,105.044037340433,,,,,,,,ALL_N1,,,,,,,
IT1:DF_DCSS_ISTR_LAV_PEN_2_TV_3(1.0),A,087014,RESPOP_AV,F,Y_GE15,TOTAL,ALL,12,ALL,ALL,2023,108.39456618704341,,,,,,,,ALL_N1,,,,,,,
IT1:DF_DCSS_ISTR_LAV_PEN_2_TV_3(1.0),A,087014,RESPOP_AV,F,Y_GE15,TOTAL,ALL,12,ALL,ALL,2024,76.71646329198317,,,,,,,,ALL_N1,,,,,,,
IT1:DF_DCSS_ISTR_LAV_PEN_2_TV_3(1.0),A,087014,RESPOP_AV,F,Y_GE15,TOTAL,ALL,22,ALL,ALL,2018,563,,,,,,,,ALL_N1,,,,,,,
IT1:DF_DCSS_ISTR_LAV_PEN_2_TV_3(1.0),A,087014,RESPOP_AV,F,Y_GE15,TOTAL,ALL,22,ALL,ALL,2019,558,,,,,,,,ALL_N1,,,,,,,
IT1:DF_DCSS_ISTR_LAV_PEN_2_TV_3(1.0),A,087014,RESPOP_AV,F,Y_GE15,TOTAL,ALL,22,ALL,ALL,2021,428.754104624757,,,,,,,,ALL_N1,,,,,,,
IT1:DF_DCSS_ISTR_LAV_PEN_2_TV_3(1.0),A,087014,RESPOP_AV,F,Y_GE15,TOTAL,ALL,22,ALL,ALL,2022,465.044037340433,,,,,,,,ALL_N1,,,,,,,
IT1:DF_DCSS_ISTR_LAV_PEN_2_TV_3(1.0),A,087014,RESPOP_AV,F,Y_GE15,TOTAL,ALL,22,ALL,ALL,2023,502.3945661870434,,,,,,,,ALL_N1,,,,,,,
IT1:DF_DCSS_ISTR_LAV_PEN_2_TV_3(1.0),A,087014,RESPOP_AV,F,Y_GE15,TOTAL,ALL,22,ALL,ALL,2024,488.7164632919832,,,,,,,,ALL_N1,,,,,,,
IT1:DF_DCSS_ISTR_LAV_PEN_2_TV_3(1.0),A,087014,RESPOP_AV,F,Y_GE15,TOTAL,ALL,23,ALL,ALL,2018,835,,,,,,,,ALL_N1,,,,,,,
IT1:DF_DCSS_ISTR_LAV_PEN_2_TV_3(1.0),A,087014,RESPOP_AV,F,Y_GE15,TOTAL,ALL,23,ALL,ALL,2019,813,,,,,,,,ALL_N1,,,,,,,
IT1:DF_DCSS_ISTR_LAV_PEN_2_TV_3(1.0),A,087014,RESPOP_AV,F,Y_GE15,TOTAL,ALL,23,ALL,ALL,2021,879.245895375243,,,,,,,,ALL_N1,,,,,,,
IT1:DF_DCSS_ISTR_LAV_PEN_2_TV_3(1.0),A,087014,RESPOP_AV,F,Y_GE15,TOTAL,ALL,23,ALL,ALL,2022,840.955962659567,,,,,,,,ALL_N1,,,,,,,
IT1:DF_DCSS_ISTR_LAV_PEN_2_TV_3(1.0),A,087014,RESPOP_AV,F,Y_GE15,TOTAL,ALL,23,ALL,ALL,2023,798.6054338129567,,,,,,,,ALL_N1,,,,,,,
IT1:DF_DCSS_ISTR_LAV_PEN_2_TV_3(1.0),A,087014,RESPOP_AV,F,Y_GE15,TOTAL,ALL,23,ALL,ALL,2024,806.2835367080169,,,,,,,,ALL_N1,,,,,,,
IT1:DF_DCSS_ISTR_LAV_PEN_2_TV_3(1.0),A,087014,RESPOP_AV,F,Y_GE15,TOTAL,ALL,24,ALL,ALL,2018,344,,,,,,,,ALL_N1,,,,,,,
IT1:DF_DCSS_ISTR_LAV_PEN_2_TV_3(1.0),A,087014,RESPOP_AV,F,Y_GE15,TOTAL,ALL,24,ALL,ALL,2019,346,,,,,,,,ALL_N1,,,,,,,
IT1:DF_DCSS_ISTR_LAV_PEN_2_TV_3(1.0),A,087014,RESPOP_AV,F,Y_GE15,TOTAL,ALL,24,ALL,ALL,2021,326.849467952288,,,,,,,,ALL_N1,,,,,,,
IT1:DF_DCSS_ISTR_LAV_PEN_2_TV_3(1.0),A,087014,RESPOP_AV,F,Y_GE15,TOTAL,ALL,24,ALL,ALL,2022,315.086643262729,,,,,,,,ALL_N1,,,,,,,
IT1:DF_DCSS_ISTR_LAV_PEN_2_TV_3(1.0),A,087014,RESPOP_AV,F,Y_GE15,TOTAL,ALL,24,ALL,ALL,2023,323.7187830320094,,,,,,,,ALL_N1,,,,,,,
IT1:DF_DCSS_ISTR_LAV_PEN_2_TV_3(1.0),A,087014,RESPOP_AV,F,Y_GE15,TOTAL,ALL,24,ALL,ALL,2024,313.390068356711,,,,,,,,ALL_N1,,,,,,,
IT1:DF_DCSS_ISTR_LAV_PEN_2_TV_3(1.0),A,087014,RESPOP_AV,F,Y_GE15,TOTAL,ALL,4,ALL,ALL,2018,266,,,,,,,,ALL_N1,,,,,,,
IT1:DF_DCSS_ISTR_LAV_PEN_2_TV_3(1.0),A,087014,RESPOP_AV,F,Y_GE15,TOTAL,ALL,4,ALL,ALL,2019,265,,,,,,,,ALL_N1,,,,,,,
IT1:DF_DCSS_ISTR_LAV_PEN_2_TV_3(1.0),A,087014,RESPOP_AV,F,Y_GE15,TOTAL,ALL,4,ALL,ALL,2021,337.567051018295,,,,,,,,ALL_N1,,,,,,,
IT1:DF_DCSS_ISTR_LAV_PEN_2_TV_3(1.0),A,087014,RESPOP_AV,F,Y_GE15,TOTAL,ALL,4,ALL,ALL,2022,318.142597007732,,,,,,,,ALL_N1,,,,,,,
IT1:DF_DCSS_ISTR_LAV_PEN_2_TV_3(1.0),A,087014,RESPOP_AV,F,Y_GE15,TOTAL,ALL,4,ALL,ALL,2023,279.0312031771852,,,,,,,,ALL_N1,,,,,,,
IT1:DF_DCSS_ISTR_LAV_PEN_2_TV_3(1.0),A,087014,RESPOP_AV,F,Y_GE15,TOTAL,ALL,4,ALL,ALL,2024,288.5909353489677,,,,,,,,ALL_N1,,,,,,,
IT1:DF_DCSS_ISTR_LAV_PEN_2_TV_3(1.0),A,087014,RESPOP_AV,F,Y_GE15,TOTAL,ALL,5,ALL,ALL,2018,95,,,,,,,,ALL_N1,,,,,,,
IT1:DF_DCSS_ISTR_LAV_PEN_2_TV_3(1.0),A,087014,RESPOP_AV,F,Y_GE15,TOTAL,ALL,5,ALL,ALL,2019,95,,,,,,,,ALL_N1,,,,,,,
IT1:DF_DCSS_ISTR_LAV_PEN_2_TV_3(1.0),A,087014,RESPOP_AV,F,Y_GE15,TOTAL,ALL,5,ALL,ALL,2021,92.3653034697289,,,,,,,,ALL_N1,,,,,,,
IT1:DF_DCSS_ISTR_LAV_PEN_2_TV_3(1.0),A,087014,RESPOP_AV,F,Y_GE15,TOTAL,ALL,5,ALL,ALL,2022,96.6818978396821,,,,,,,,ALL_N1,,,,,,,
IT1:DF_DCSS_ISTR_LAV_PEN_2_TV_3(1.0),A,087014,RESPOP_AV,F,Y_GE15,TOTAL,ALL,5,ALL,ALL,2023,100.4549113811192,,,,,,,,ALL_N1,,,,,,,
IT1:DF_DCSS_ISTR_LAV_PEN_2_TV_3(1.0),A,087014,RESPOP_AV,F,Y_GE15,TOTAL,ALL,5,ALL,ALL,2024,104.47721117756856,,,,,,,,ALL_N1,,,,,,,
IT1:DF_DCSS_ISTR_LAV_PEN_2_TV_3(1.0),A,087014,RESPOP_AV,F,Y_GE15,TOTAL,ALL,7,ALL,ALL,2018,130,,,,,,,,ALL_N1,,,,,,,
IT1:DF_DCSS_ISTR_LAV_PEN_2_TV_3(1.0),A,087014,RESPOP_AV,F,Y_GE15,TOTAL,ALL,7,ALL,ALL,2019,108,,,,,,,,ALL_N1,,,,,,,
IT1:DF_DCSS_ISTR_LAV_PEN_2_TV_3(1.0),A,087014,RESPOP_AV,F,Y_GE15,TOTAL,ALL,7,ALL,ALL,2021,122.464072934932,,,,,,,,ALL_N1,,,,,,,
IT1:DF_DCSS_ISTR_LAV_PEN_2_TV_3(1.0),A,087014,RESPOP_AV,F,Y_GE15,TOTAL,ALL,7,ALL,ALL,2022,111.044824549425,,,,,,,,ALL_N1,,,,,,,
IT1:DF_DCSS_ISTR_LAV_PEN_2_TV_3(1.0),A,087014,RESPOP_AV,F,Y_GE15,TOTAL,ALL,7,ALL,ALL,2023,95.4005362226428,,,,,,,,ALL_N1,,,,,,,
IT1:DF_DCSS_ISTR_LAV_PEN_2_TV_3(1.0),A,087014,RESPOP_AV,F,Y_GE15,TOTAL,ALL,7,ALL,ALL,2024,99.8253218247695,,,,,,,,ALL_N1,,,,,,,
IT1:DF_DCSS_ISTR_LAV_PEN_2_TV_3(1.0),A,087014,RESPOP_AV,F,Y_GE15,TOTAL,ALL,99,ALL,ALL,2018,1398,,,,,,,,ALL_N1,99_N1,,,,,,
IT1:DF_DCSS_ISTR_LAV_PEN_2_TV_3(1.0),A,087014,RESPOP_AV,F,Y_GE15,TOTAL,ALL,99,ALL,ALL,2019,1371,,,,,,,,ALL_N1,99_N1,,,,,,
IT1:DF_DCSS_ISTR_LAV_PEN_2_TV_3(1.0),A,087014,RESPOP_AV,F,Y_GE15,TOTAL,ALL,99,ALL,ALL,2021,1308,,,,,,,,ALL_N1,99_N1,,,,,,
IT1:DF_DCSS_ISTR_LAV_PEN_2_TV_3(1.0),A,087014,RESPOP_AV,F,Y_GE15,TOTAL,ALL,99,ALL,ALL,2022,1306,,,,,,,,ALL_N1,99_N1,,,,,,
IT1:DF_DCSS_ISTR_LAV_PEN_2_TV_3(1.0),A,087014,RESPOP_AV,F,Y_GE15,TOTAL,ALL,99,ALL,ALL,2023,1301,,,,,,,,ALL_N1,99_N1,,,,,,
IT1:DF_DCSS_ISTR_LAV_PEN_2_TV_3(1.0),A,087014,RESPOP_AV,F,Y_GE15,TOTAL,ALL,99,ALL,ALL,2024,1295,,,,,,,,ALL_N1,99_N1,,,,,,
IT1:DF_DCSS_ISTR_LAV_PEN_2_TV_3(1.0),A,087014,RESPOP_AV,M,Y_GE15,TOTAL,ALL,1,ALL,ALL,2018,591,,,,,,,,ALL_N1,,,,,,,
IT1:DF_DCSS_ISTR_LAV_PEN_2_TV_3(1.0),A,087014,RESPOP_AV,M,Y_GE15,TOTAL,ALL,1,ALL,ALL,2019,567,,,,,,,,ALL_N1,,,,,,,
IT1:DF_DCSS_ISTR_LAV_PEN_2_TV_3(1.0),A,087014,RESPOP_AV,M,Y_GE15,TOTAL,ALL,1,ALL,ALL,2021,541,,,,,,,,ALL_N1,,,,,,,
IT1:DF_DCSS_ISTR_LAV_PEN_2_TV_3(1.0),A,087014,RESPOP_AV,M,Y_GE15,TOTAL,ALL,1,ALL,ALL,2022,559,,,,,,,,ALL_N1,,,,,,,
IT1:DF_DCSS_ISTR_LAV_PEN_2_TV_3(1.0),A,087014,RESPOP_AV,M,Y_GE15,TOTAL,ALL,1,ALL,ALL,2023,577,,,,,,,,ALL_N1,,,,,,,
IT1:DF_DCSS_ISTR_LAV_PEN_2_TV_3(1.0),A,087014,RESPOP_AV,M,Y_GE15,TOTAL,ALL,1,ALL,ALL,2024,589,,,,,,,,ALL_N1,,,,,,,
IT1:DF_DCSS_ISTR_LAV_PEN_2_TV_3(1.0),A,087014,RESPOP_AV,M,Y_GE15,TOTAL,ALL,12,ALL,ALL,2018,178,,,,,,,,ALL_N1,,,,,,,
IT1:DF_DCSS_ISTR_LAV_PEN_2_TV_3(1.0),A,087014,RESPOP_AV,M,Y_GE15,TOTAL,ALL,12,ALL,ALL,2019,178,,,,,,,,ALL_N1,,,,,,,
IT1:DF_DCSS_ISTR_LAV_PEN_2_TV_3(1.0),A,087014,RESPOP_AV,M,Y_GE15,TOTAL,ALL,12,ALL,ALL,2021,106.841963204526,,,,,,,,ALL_N1,,,,,,,
IT1:DF_DCSS_ISTR_LAV_PEN_2_TV_3(1.0),A,087014,RESPOP_AV,M,Y_GE15,TOTAL,ALL,12,ALL,ALL,2022,125.132310763874,,,,,,,,ALL_N1,,,,,,,
IT1:DF_DCSS_ISTR_LAV_PEN_2_TV_3(1.0),A,087014,RESPOP_AV,M,Y_GE15,TOTAL,ALL,12,ALL,ALL,2023,115.17297162202141,,,,,,,,ALL_N1,,,,,,,
IT1:DF_DCSS_ISTR_LAV_PEN_2_TV_3(1.0),A,087014,RESPOP_AV,M,Y_GE15,TOTAL,ALL,12,ALL,ALL,2024,82.92619507969837,,,,,,,,ALL_N1,,,,,,,
IT1:DF_DCSS_ISTR_LAV_PEN_2_TV_3(1.0),A,087014,RESPOP_AV,M,Y_GE15,TOTAL,ALL,22,ALL,ALL,2018,769,,,,,,,,ALL_N1,,,,,,,
IT1:DF_DCSS_ISTR_LAV_PEN_2_TV_3(1.0),A,087014,RESPOP_AV,M,Y_GE15,TOTAL,ALL,22,ALL,ALL,2019,745,,,,,,,,ALL_N1,,,,,,,
IT1:DF_DCSS_ISTR_LAV_PEN_2_TV_3(1.0),A,087014,RESPOP_AV,M,Y_GE15,TOTAL,ALL,22,ALL,ALL,2021,647.841963204526,,,,,,,,ALL_N1,,,,,,,
IT1:DF_DCSS_ISTR_LAV_PEN_2_TV_3(1.0),A,087014,RESPOP_AV,M,Y_GE15,TOTAL,ALL,22,ALL,ALL,2022,684.132310763874,,,,,,,,ALL_N1,,,,,,,
IT1:DF_DCSS_ISTR_LAV_PEN_2_TV_3(1.0),A,087014,RESPOP_AV,M,Y_GE15,TOTAL,ALL,22,ALL,ALL,2023,692.1729716220215,,,,,,,,ALL_N1,,,,,,,
IT1:DF_DCSS_ISTR_LAV_PEN_2_TV_3(1.0),A,087014,RESPOP_AV,M,Y_GE15,TOTAL,ALL,22,ALL,ALL,2024,671.9261950796983,,,,,,,,ALL_N1,,,,,,,
IT1:DF_DCSS_ISTR_LAV_PEN_2_TV_3(1.0),A,087014,RESPOP_AV,M,Y_GE15,TOTAL,ALL,23,ALL,ALL,2018,572,,,,,,,,ALL_N1,,,,,,,
IT1:DF_DCSS_ISTR_LAV_PEN_2_TV_3(1.0),A,087014,RESPOP_AV,M,Y_GE15,TOTAL,ALL,23,ALL,ALL,2019,581,,,,,,,,ALL_N1,,,,,,,
IT1:DF_DCSS_ISTR_LAV_PEN_2_TV_3(1.0),A,087014,RESPOP_AV,M,Y_GE15,TOTAL,ALL,23,ALL,ALL,2021,617.158036795474,,,,,,,,ALL_N1,,,,,,,
IT1:DF_DCSS_ISTR_LAV_PEN_2_TV_3(1.0),A,087014,RESPOP_AV,M,Y_GE15,TOTAL,ALL,23,ALL,ALL,2022,561.867689236126,,,,,,,,ALL_N1,,,,,,,
IT1:DF_DCSS_ISTR_LAV_PEN_2_TV_3(1.0),A,087014,RESPOP_AV,M,Y_GE15,TOTAL,ALL,23,ALL,ALL,2023,546.8270283779785,,,,,,,,ALL_N1,,,,,,,
IT1:DF_DCSS_ISTR_LAV_PEN_2_TV_3(1.0),A,087014,RESPOP_AV,M,Y_GE15,TOTAL,ALL,23,ALL,ALL,2024,551.0738049203017,,,,,,,,ALL_N1,,,,,,,
IT1:DF_DCSS_ISTR_LAV_PEN_2_TV_3(1.0),A,087014,RESPOP_AV,M,Y_GE15,TOTAL,ALL,24,ALL,ALL,2018,316,,,,,,,,ALL_N1,,,,,,,
IT1:DF_DCSS_ISTR_LAV_PEN_2_TV_3(1.0),A,087014,RESPOP_AV,M,Y_GE15,TOTAL,ALL,24,ALL,ALL,2019,326,,,,,,,,ALL_N1,,,,,,,
IT1:DF_DCSS_ISTR_LAV_PEN_2_TV_3(1.0),A,087014,RESPOP_AV,M,Y_GE15,TOTAL,ALL,24,ALL,ALL,2021,316.555411218814,,,,,,,,ALL_N1,,,,,,,
IT1:DF_DCSS_ISTR_LAV_PEN_2_TV_3(1.0),A,087014,RESPOP_AV,M,Y_GE15,TOTAL,ALL,24,ALL,ALL,2022,318.2383631589,,,,,,,,ALL_N1,,,,,,,
IT1:DF_DCSS_ISTR_LAV_PEN_2_TV_3(1.0),A,087014,RESPOP_AV,M,Y_GE15,TOTAL,ALL,24,ALL,ALL,2023,327.2810911217422,,,,,,,,ALL_N1,,,,,,,
IT1:DF_DCSS_ISTR_LAV_PEN_2_TV_3(1.0),A,087014,RESPOP_AV,M,Y_GE15,TOTAL,ALL,24,ALL,ALL,2024,329.3910744464041,,,,,,,,ALL_N1,,,,,,,
IT1:DF_DCSS_ISTR_LAV_PEN_2_TV_3(1.0),A,087014,RESPOP_AV,M,Y_GE15,TOTAL,ALL,4,ALL,ALL,2018,11,,,,,,,,ALL_N1,,,,,,,
IT1:DF_DCSS_ISTR_LAV_PEN_2_TV_3(1.0),A,087014,RESPOP_AV,M,Y_GE15,TOTAL,ALL,4,ALL,ALL,2019,13,,,,,,,,ALL_N1,,,,,,,
IT1:DF_DCSS_ISTR_LAV_PEN_2_TV_3(1.0),A,087014,RESPOP_AV,M,Y_GE15,TOTAL,ALL,4,ALL,ALL,2021,27.2018776028792,,,,,,,,ALL_N1,,,,,,,
IT1:DF_DCSS_ISTR_LAV_PEN_2_TV_3(1.0),A,087014,RESPOP_AV,M,Y_GE15,TOTAL,ALL,4,ALL,ALL,2022,22.6887557832987,,,,,,,,ALL_N1,,,,,,,
IT1:DF_DCSS_ISTR_LAV_PEN_2_TV_3(1.0),A,087014,RESPOP_AV,M,Y_GE15,TOTAL,ALL,4,ALL,ALL,2023,22.039167002234517,,,,,,,,ALL_N1,,,,,,,
IT1:DF_DCSS_ISTR_LAV_PEN_2_TV_3(1.0),A,087014,RESPOP_AV,M,Y_GE15,TOTAL,ALL,4,ALL,ALL,2024,20.43146210946448,,,,,,,,ALL_N1,,,,,,,
IT1:DF_DCSS_ISTR_LAV_PEN_2_TV_3(1.0),A,087014,RESPOP_AV,M,Y_GE15,TOTAL,ALL,5,ALL,ALL,2018,87,,,,,,,,ALL_N1,,,,,,,
IT1:DF_DCSS_ISTR_LAV_PEN_2_TV_3(1.0),A,087014,RESPOP_AV,M,Y_GE15,TOTAL,ALL,5,ALL,ALL,2019,94,,,,,,,,ALL_N1,,,,,,,
IT1:DF_DCSS_ISTR_LAV_PEN_2_TV_3(1.0),A,087014,RESPOP_AV,M,Y_GE15,TOTAL,ALL,5,ALL,ALL,2021,82.4407653454728,,,,,,,,ALL_N1,,,,,,,
IT1:DF_DCSS_ISTR_LAV_PEN_2_TV_3(1.0),A,087014,RESPOP_AV,M,Y_GE15,TOTAL,ALL,5,ALL,ALL,2022,78.61986208374,,,,,,,,ALL_N1,,,,,,,
IT1:DF_DCSS_ISTR_LAV_PEN_2_TV_3(1.0),A,087014,RESPOP_AV,M,Y_GE15,TOTAL,ALL,5,ALL,ALL,2023,74.54287987497521,,,,,,,,ALL_N1,,,,,,,
IT1:DF_DCSS_ISTR_LAV_PEN_2_TV_3(1.0),A,087014,RESPOP_AV,M,Y_GE15,TOTAL,ALL,5,ALL,ALL,2024,72.81987639645229,,,,,,,,ALL_N1,,,,,,,
IT1:DF_DCSS_ISTR_LAV_PEN_2_TV_3(1.0),A,087014,RESPOP_AV,M,Y_GE15,TOTAL,ALL,7,ALL,ALL,2018,158,,,,,,,,ALL_N1,,,,,,,
IT1:DF_DCSS_ISTR_LAV_PEN_2_TV_3(1.0),A,087014,RESPOP_AV,M,Y_GE15,TOTAL,ALL,7,ALL,ALL,2019,148,,,,,,,,ALL_N1,,,,,,,
IT1:DF_DCSS_ISTR_LAV_PEN_2_TV_3(1.0),A,087014,RESPOP_AV,M,Y_GE15,TOTAL,ALL,7,ALL,ALL,2021,190.959982628308,,,,,,,,ALL_N1,,,,,,,
IT1:DF_DCSS_ISTR_LAV_PEN_2_TV_3(1.0),A,087014,RESPOP_AV,M,Y_GE15,TOTAL,ALL,7,ALL,ALL,2022,142.320708210187,,,,,,,,ALL_N1,,,,,,,
IT1:DF_DCSS_ISTR_LAV_PEN_2_TV_3(1.0),A,087014,RESPOP_AV,M,Y_GE15,TOTAL,ALL,7,ALL,ALL,2023,122.96389037902667,,,,,,,,ALL_N1,,,,,,,
IT1:DF_DCSS_ISTR_LAV_PEN_2_TV_3(1.0),A,087014,RESPOP_AV,M,Y_GE15,TOTAL,ALL,7,ALL,ALL,2024,128.4313919679808,,,,,,,,ALL_N1,,,,,,,
IT1:DF_DCSS_ISTR_LAV_PEN_2_TV_3(1.0),A,087014,RESPOP_AV,M,Y_GE15,TOTAL,ALL,99,ALL,ALL,2018,1341,,,,,,,,ALL_N1,99_N1,,,,,,
IT1:DF_DCSS_ISTR_LAV_PEN_2_TV_3(1.0),A,087014,RESPOP_AV,M,Y_GE15,TOTAL,ALL,99,ALL,ALL,2019,1326,,,,,,,,ALL_N1,99_N1,,,,,,
IT1:DF_DCSS_ISTR_LAV_PEN_2_TV_3(1.0),A,087014,RESPOP_AV,M,Y_GE15,TOTAL,ALL,99,ALL,ALL,2021,1265,,,,,,,,ALL_N1,99_N1,,,,,,
IT1:DF_DCSS_ISTR_LAV_PEN_2_TV_3(1.0),A,087014,RESPOP_AV,M,Y_GE15,TOTAL,ALL,99,ALL,ALL,2022,1246,,,,,,,,ALL_N1,99_N1,,,,,,
IT1:DF_DCSS_ISTR_LAV_PEN_2_TV_3(1.0),A,087014,RESPOP_AV,M,Y_GE15,TOTAL,ALL,99,ALL,ALL,2023,1239,,,,,,,,ALL_N1,99_N1,,,,,,
IT1:DF_DCSS_ISTR_LAV_PEN_2_TV_3(1.0),A,087014,RESPOP_AV,M,Y_GE15,TOTAL,ALL,99,ALL,ALL,2024,1223,,,,,,,,ALL_N1,99_N1,,,,,,
IT1:DF_DCSS_ISTR_LAV_PEN_2_TV_3(1.0),A,087014,RESPOP_AV,T,Y_GE15,TOTAL,ALL,1,ALL,ALL,2018,974,,,,,,,,ALL_N1,,,,,,,
IT1:DF_DCSS_ISTR_LAV_PEN_2_TV_3(1.0),A,087014,RESPOP_AV,T,Y_GE15,TOTAL,ALL,1,ALL,ALL,2019,969,,,,,,,,ALL_N1,,,,,,,
IT1:DF_DCSS_ISTR_LAV_PEN_2_TV_3(1.0),A,087014,RESPOP_AV,T,Y_GE15,TOTAL,ALL,1,ALL,ALL,2021,889,,,,,,,,ALL_N1,,,,,,,
IT1:DF_DCSS_ISTR_LAV_PEN_2_TV_3(1.0),A,087014,RESPOP_AV,T,Y_GE15,TOTAL,ALL,1,ALL,ALL,2022,919,,,,,,,,ALL_N1,,,,,,,
IT1:DF_DCSS_ISTR_LAV_PEN_2_TV_3(1.0),A,087014,RESPOP_AV,T,Y_GE15,TOTAL,ALL,1,ALL,ALL,2023,971,,,,,,,,ALL_N1,,,,,,,
IT1:DF_DCSS_ISTR_LAV_PEN_2_TV_3(1.0),A,087014,RESPOP_AV,T,Y_GE15,TOTAL,ALL,1,ALL,ALL,2024,1001,,,,,,,,ALL_N1,,,,,,,
IT1:DF_DCSS_ISTR_LAV_PEN_2_TV_3(1.0),A,087014,RESPOP_AV,T,Y_GE15,TOTAL,ALL,12,ALL,ALL,2018,358,,,,,,,,ALL_N1,,,,,,,
IT1:DF_DCSS_ISTR_LAV_PEN_2_TV_3(1.0),A,087014,RESPOP_AV,T,Y_GE15,TOTAL,ALL,12,ALL,ALL,2019,334,,,,,,,,ALL_N1,,,,,,,
IT1:DF_DCSS_ISTR_LAV_PEN_2_TV_3(1.0),A,087014,RESPOP_AV,T,Y_GE15,TOTAL,ALL,12,ALL,ALL,2021,187.596067829283,,,,,,,,ALL_N1,,,,,,,
IT1:DF_DCSS_ISTR_LAV_PEN_2_TV_3(1.0),A,087014,RESPOP_AV,T,Y_GE15,TOTAL,ALL,12,ALL,ALL,2022,230.176348104306,,,,,,,,ALL_N1,,,,,,,
IT1:DF_DCSS_ISTR_LAV_PEN_2_TV_3(1.0),A,087014,RESPOP_AV,T,Y_GE15,TOTAL,ALL,12,ALL,ALL,2023,223.56753780906482,,,,,,,,ALL_N1,,,,,,,
IT1:DF_DCSS_ISTR_LAV_PEN_2_TV_3(1.0),A,087014,RESPOP_AV,T,Y_GE15,TOTAL,ALL,12,ALL,ALL,2024,159.64265837168156,,,,,,,,ALL_N1,,,,,,,
IT1:DF_DCSS_ISTR_LAV_PEN_2_TV_3(1.0),A,087014,RESPOP_AV,T,Y_GE15,TOTAL,ALL,22,ALL,ALL,2018,1332,,,,,,,,ALL_N1,,,,,,,
IT1:DF_DCSS_ISTR_LAV_PEN_2_TV_3(1.0),A,087014,RESPOP_AV,T,Y_GE15,TOTAL,ALL,22,ALL,ALL,2019,1303,,,,,,,,ALL_N1,,,,,,,
IT1:DF_DCSS_ISTR_LAV_PEN_2_TV_3(1.0),A,087014,RESPOP_AV,T,Y_GE15,TOTAL,ALL,22,ALL,ALL,2021,1076.59606782928,,,,,,,,ALL_N1,,,,,,,
IT1:DF_DCSS_ISTR_LAV_PEN_2_TV_3(1.0),A,087014,RESPOP_AV,T,Y_GE15,TOTAL,ALL,22,ALL,ALL,2022,1149.17634810431,,,,,,,,ALL_N1,,,,,,,
IT1:DF_DCSS_ISTR_LAV_PEN_2_TV_3(1.0),A,087014,RESPOP_AV,T,Y_GE15,TOTAL,ALL,22,ALL,ALL,2023,1194.5675378090648,,,,,,,,ALL_N1,,,,,,,
IT1:DF_DCSS_ISTR_LAV_PEN_2_TV_3(1.0),A,087014,RESPOP_AV,T,Y_GE15,TOTAL,ALL,22,ALL,ALL,2024,1160.6426583716816,,,,,,,,ALL_N1,,,,,,,
IT1:DF_DCSS_ISTR_LAV_PEN_2_TV_3(1.0),A,087014,RESPOP_AV,T,Y_GE15,TOTAL,ALL,23,ALL,ALL,2018,1407,,,,,,,,ALL_N1,,,,,,,
IT1:DF_DCSS_ISTR_LAV_PEN_2_TV_3(1.0),A,087014,RESPOP_AV,T,Y_GE15,TOTAL,ALL,23,ALL,ALL,2019,1394,,,,,,,,ALL_N1,,,,,,,
IT1:DF_DCSS_ISTR_LAV_PEN_2_TV_3(1.0),A,087014,RESPOP_AV,T,Y_GE15,TOTAL,ALL,23,ALL,ALL,2021,1496.40393217072,,,,,,,,ALL_N1,,,,,,,
IT1:DF_DCSS_ISTR_LAV_PEN_2_TV_3(1.0),A,087014,RESPOP_AV,T,Y_GE15,TOTAL,ALL,23,ALL,ALL,2022,1402.82365189569,,,,,,,,ALL_N1,,,,,,,
IT1:DF_DCSS_ISTR_LAV_PEN_2_TV_3(1.0),A,087014,RESPOP_AV,T,Y_GE15,TOTAL,ALL,23,ALL,ALL,2023,1345.4324621909352,,,,,,,,ALL_N1,,,,,,,
IT1:DF_DCSS_ISTR_LAV_PEN_2_TV_3(1.0),A,087014,RESPOP_AV,T,Y_GE15,TOTAL,ALL,23,ALL,ALL,2024,1357.3573416283184,,,,,,,,ALL_N1,,,,,,,
IT1:DF_DCSS_ISTR_LAV_PEN_2_TV_3(1.0),A,087014,RESPOP_AV,T,Y_GE15,TOTAL,ALL,24,ALL,ALL,2018,660,,,,,,,,ALL_N1,,,,,,,
IT1:DF_DCSS_ISTR_LAV_PEN_2_TV_3(1.0),A,087014,RESPOP_AV,T,Y_GE15,TOTAL,ALL,24,ALL,ALL,2019,672,,,,,,,,ALL_N1,,,,,,,
IT1:DF_DCSS_ISTR_LAV_PEN_2_TV_3(1.0),A,087014,RESPOP_AV,T,Y_GE15,TOTAL,ALL,24,ALL,ALL,2021,643.404879171102,,,,,,,,ALL_N1,,,,,,,
IT1:DF_DCSS_ISTR_LAV_PEN_2_TV_3(1.0),A,087014,RESPOP_AV,T,Y_GE15,TOTAL,ALL,24,ALL,ALL,2022,633.325006421629,,,,,,,,ALL_N1,,,,,,,
IT1:DF_DCSS_ISTR_LAV_PEN_2_TV_3(1.0),A,087014,RESPOP_AV,T,Y_GE15,TOTAL,ALL,24,ALL,ALL,2023,650.9998741537516,,,,,,,,ALL_N1,,,,,,,
IT1:DF_DCSS_ISTR_LAV_PEN_2_TV_3(1.0),A,087014,RESPOP_AV,T,Y_GE15,TOTAL,ALL,24,ALL,ALL,2024,642.7811428031151,,,,,,,,ALL_N1,,,,,,,
IT1:DF_DCSS_ISTR_LAV_PEN_2_TV_3(1.0),A,087014,RESPOP_AV,T,Y_GE15,TOTAL,ALL,4,ALL,ALL,2018,277,,,,,,,,ALL_N1,,,,,,,
IT1:DF_DCSS_ISTR_LAV_PEN_2_TV_3(1.0),A,087014,RESPOP_AV,T,Y_GE15,TOTAL,ALL,4,ALL,ALL,2019,278,,,,,,,,ALL_N1,,,,,,,
IT1:DF_DCSS_ISTR_LAV_PEN_2_TV_3(1.0),A,087014,RESPOP_AV,T,Y_GE15,TOTAL,ALL,4,ALL,ALL,2021,364.768928621174,,,,,,,,ALL_N1,,,,,,,
IT1:DF_DCSS_ISTR_LAV_PEN_2_TV_3(1.0),A,087014,RESPOP_AV,T,Y_GE15,TOTAL,ALL,4,ALL,ALL,2022,340.83135279103,,,,,,,,ALL_N1,,,,,,,
IT1:DF_DCSS_ISTR_LAV_PEN_2_TV_3(1.0),A,087014,RESPOP_AV,T,Y_GE15,TOTAL,ALL,4,ALL,ALL,2023,301.07037017941974,,,,,,,,ALL_N1,,,,,,,
IT1:DF_DCSS_ISTR_LAV_PEN_2_TV_3(1.0),A,087014,RESPOP_AV,T,Y_GE15,TOTAL,ALL,4,ALL,ALL,2024,309.0223974584322,,,,,,,,ALL_N1,,,,,,,
IT1:DF_DCSS_ISTR_LAV_PEN_2_TV_3(1.0),A,087014,RESPOP_AV,T,Y_GE15,TOTAL,ALL,5,ALL,ALL,2018,182,,,,,,,,ALL_N1,,,,,,,
IT1:DF_DCSS_ISTR_LAV_PEN_2_TV_3(1.0),A,087014,RESPOP_AV,T,Y_GE15,TOTAL,ALL,5,ALL,ALL,2019,189,,,,,,,,ALL_N1,,,,,,,
IT1:DF_DCSS_ISTR_LAV_PEN_2_TV_3(1.0),A,087014,RESPOP_AV,T,Y_GE15,TOTAL,ALL,5,ALL,ALL,2021,174.806068815202,,,,,,,,ALL_N1,,,,,,,
IT1:DF_DCSS_ISTR_LAV_PEN_2_TV_3(1.0),A,087014,RESPOP_AV,T,Y_GE15,TOTAL,ALL,5,ALL,ALL,2022,175.301759923422,,,,,,,,ALL_N1,,,,,,,
IT1:DF_DCSS_ISTR_LAV_PEN_2_TV_3(1.0),A,087014,RESPOP_AV,T,Y_GE15,TOTAL,ALL,5,ALL,ALL,2023,174.99779125609442,,,,,,,,ALL_N1,,,,,,,
IT1:DF_DCSS_ISTR_LAV_PEN_2_TV_3(1.0),A,087014,RESPOP_AV,T,Y_GE15,TOTAL,ALL,5,ALL,ALL,2024,177.29708757402085,,,,,,,,ALL_N1,,,,,,,
IT1:DF_DCSS_ISTR_LAV_PEN_2_TV_3(1.0),A,087014,RESPOP_AV,T,Y_GE15,TOTAL,ALL,7,ALL,ALL,2018,288,,,,,,,,ALL_N1,,,,,,,
IT1:DF_DCSS_ISTR_LAV_PEN_2_TV_3(1.0),A,087014,RESPOP_AV,T,Y_GE15,TOTAL,ALL,7,ALL,ALL,2019,256,,,,,,,,ALL_N1,,,,,,,
IT1:DF_DCSS_ISTR_LAV_PEN_2_TV_3(1.0),A,087014,RESPOP_AV,T,Y_GE15,TOTAL,ALL,7,ALL,ALL,2021,313.42405556324,,,,,,,,ALL_N1,,,,,,,
IT1:DF_DCSS_ISTR_LAV_PEN_2_TV_3(1.0),A,087014,RESPOP_AV,T,Y_GE15,TOTAL,ALL,7,ALL,ALL,2022,253.365532759612,,,,,,,,ALL_N1,,,,,,,
IT1:DF_DCSS_ISTR_LAV_PEN_2_TV_3(1.0),A,087014,RESPOP_AV,T,Y_GE15,TOTAL,ALL,7,ALL,ALL,2023,218.36442660166946,,,,,,,,ALL_N1,,,,,,,
IT1:DF_DCSS_ISTR_LAV_PEN_2_TV_3(1.0),A,087014,RESPOP_AV,T,Y_GE15,TOTAL,ALL,7,ALL,ALL,2024,228.2567137927503,,,,,,,,ALL_N1,,,,,,,
IT1:DF_DCSS_ISTR_LAV_PEN_2_TV_3(1.0),A,087014,RESPOP_AV,T,Y_GE15,TOTAL,ALL,99,ALL,ALL,2018,2739,,,,,,,,ALL_N1,99_N1,,,,,,
IT1:DF_DCSS_ISTR_LAV_PEN_2_TV_3(1.0),A,087014,RESPOP_AV,T,Y_GE15,TOTAL,ALL,99,ALL,ALL,2019,2697,,,,,,,,ALL_N1,99_N1,,,,,,
IT1:DF_DCSS_ISTR_LAV_PEN_2_TV_3(1.0),A,087014,RESPOP_AV,T,Y_GE15,TOTAL,ALL,99,ALL,ALL,2021,2573,,,,,,,,ALL_N1,99_N1,,,,,,
IT1:DF_DCSS_ISTR_LAV_PEN_2_TV_3(1.0),A,087014,RESPOP_AV,T,Y_GE15,TOTAL,ALL,99,ALL,ALL,2022,2552,,,,,,,,ALL_N1,99_N1,,,,,,
IT1:DF_DCSS_ISTR_LAV_PEN_2_TV_3(1.0),A,087014,RESPOP_AV,T,Y_GE15,TOTAL,ALL,99,ALL,ALL,2023,2540,,,,,,,,ALL_N1,99_N1,,,,,,
IT1:DF_DCSS_ISTR_LAV_PEN_2_TV_3(1.0),A,087014,RESPOP_AV,T,Y_GE15,TOTAL,ALL,99,ALL,ALL,2024,2518,,,,,,,,ALL_N1,99_N1,,,,,,
IT1:DF_DCSS_ISTR_LAV_PEN_2_TV_3(1.0),A,087015,RESPOP_AV,F,Y_GE15,TOTAL,ALL,1,ALL,ALL,2018,33311,,,,,,,,ALL_N1,,,,,,,
IT1:DF_DCSS_ISTR_LAV_PEN_2_TV_3(1.0),A,087015,RESPOP_AV,F,Y_GE15,TOTAL,ALL,1,ALL,ALL,2019,33585,,,,,,,,ALL_N1,,,,,,,
IT1:DF_DCSS_ISTR_LAV_PEN_2_TV_3(1.0),A,087015,RESPOP_AV,F,Y_GE15,TOTAL,ALL,1,ALL,ALL,2021,35479,,,,,,,,ALL_N1,,,,,,,
IT1:DF_DCSS_ISTR_LAV_PEN_2_TV_3(1.0),A,087015,RESPOP_AV,F,Y_GE15,TOTAL,ALL,1,ALL,ALL,2022,35879,,,,,,,,ALL_N1,,,,,,,
IT1:DF_DCSS_ISTR_LAV_PEN_2_TV_3(1.0),A,087015,RESPOP_AV,F,Y_GE15,TOTAL,ALL,1,ALL,ALL,2023,37288,,,,,,,,ALL_N1,,,,,,,
IT1:DF_DCSS_ISTR_LAV_PEN_2_TV_3(1.0),A,087015,RESPOP_AV,F,Y_GE15,TOTAL,ALL,1,ALL,ALL,2024,38410,,,,,,,,ALL_N1,,,,,,,
IT1:DF_DCSS_ISTR_LAV_PEN_2_TV_3(1.0),A,087015,RESPOP_AV,F,Y_GE15,TOTAL,ALL,12,ALL,ALL,2018,17628,,,,,,,,ALL_N1,,,,,,,
IT1:DF_DCSS_ISTR_LAV_PEN_2_TV_3(1.0),A,087015,RESPOP_AV,F,Y_GE15,TOTAL,ALL,12,ALL,ALL,2019,16841,,,,,,,,ALL_N1,,,,,,,
IT1:DF_DCSS_ISTR_LAV_PEN_2_TV_3(1.0),A,087015,RESPOP_AV,F,Y_GE15,TOTAL,ALL,12,ALL,ALL,2021,8254.46834774644,,,,,,,,ALL_N1,,,,,,,
IT1:DF_DCSS_ISTR_LAV_PEN_2_TV_3(1.0),A,087015,RESPOP_AV,F,Y_GE15,TOTAL,ALL,12,ALL,ALL,2022,10261.7400559062,,,,,,,,ALL_N1,,,,,,,
IT1:DF_DCSS_ISTR_LAV_PEN_2_TV_3(1.0),A,087015,RESPOP_AV,F,Y_GE15,TOTAL,ALL,12,ALL,ALL,2023,9027.371310610417,,,,,,,,ALL_N1,,,,,,,
IT1:DF_DCSS_ISTR_LAV_PEN_2_TV_3(1.0),A,087015,RESPOP_AV,F,Y_GE15,TOTAL,ALL,12,ALL,ALL,2024,7809.220138553013,,,,,,,,ALL_N1,,,,,,,
IT1:DF_DCSS_ISTR_LAV_PEN_2_TV_3(1.0),A,087015,RESPOP_AV,F,Y_GE15,TOTAL,ALL,22,ALL,ALL,2018,50939,,,,,,,,ALL_N1,,,,,,,
IT1:DF_DCSS_ISTR_LAV_PEN_2_TV_3(1.0),A,087015,RESPOP_AV,F,Y_GE15,TOTAL,ALL,22,ALL,ALL,2019,50426,,,,,,,,ALL_N1,,,,,,,
IT1:DF_DCSS_ISTR_LAV_PEN_2_TV_3(1.0),A,087015,RESPOP_AV,F,Y_GE15,TOTAL,ALL,22,ALL,ALL,2021,43733.4683477464,,,,,,,,ALL_N1,,,,,,,
IT1:DF_DCSS_ISTR_LAV_PEN_2_TV_3(1.0),A,087015,RESPOP_AV,F,Y_GE15,TOTAL,ALL,22,ALL,ALL,2022,46140.7400559063,,,,,,,,ALL_N1,,,,,,,
IT1:DF_DCSS_ISTR_LAV_PEN_2_TV_3(1.0),A,087015,RESPOP_AV,F,Y_GE15,TOTAL,ALL,22,ALL,ALL,2023,46315.37131061042,,,,,,,,ALL_N1,,,,,,,
IT1:DF_DCSS_ISTR_LAV_PEN_2_TV_3(1.0),A,087015,RESPOP_AV,F,Y_GE15,TOTAL,ALL,22,ALL,ALL,2024,46219.22013855301,,,,,,,,ALL_N1,,,,,,,
IT1:DF_DCSS_ISTR_LAV_PEN_2_TV_3(1.0),A,087015,RESPOP_AV,F,Y_GE15,TOTAL,ALL,23,ALL,ALL,2018,83869,,,,,,,,ALL_N1,,,,,,,
IT1:DF_DCSS_ISTR_LAV_PEN_2_TV_3(1.0),A,087015,RESPOP_AV,F,Y_GE15,TOTAL,ALL,23,ALL,ALL,2019,83779,,,,,,,,ALL_N1,,,,,,,
IT1:DF_DCSS_ISTR_LAV_PEN_2_TV_3(1.0),A,087015,RESPOP_AV,F,Y_GE15,TOTAL,ALL,23,ALL,ALL,2021,91850.5316522536,,,,,,,,ALL_N1,,,,,,,
IT1:DF_DCSS_ISTR_LAV_PEN_2_TV_3(1.0),A,087015,RESPOP_AV,F,Y_GE15,TOTAL,ALL,23,ALL,ALL,2022,89168.2599440937,,,,,,,,ALL_N1,,,,,,,
IT1:DF_DCSS_ISTR_LAV_PEN_2_TV_3(1.0),A,087015,RESPOP_AV,F,Y_GE15,TOTAL,ALL,23,ALL,ALL,2023,88631.62868938959,,,,,,,,ALL_N1,,,,,,,
IT1:DF_DCSS_ISTR_LAV_PEN_2_TV_3(1.0),A,087015,RESPOP_AV,F,Y_GE15,TOTAL,ALL,23,ALL,ALL,2024,88501.779861447,,,,,,,,ALL_N1,,,,,,,
IT1:DF_DCSS_ISTR_LAV_PEN_2_TV_3(1.0),A,087015,RESPOP_AV,F,Y_GE15,TOTAL,ALL,24,ALL,ALL,2018,21542,,,,,,,,ALL_N1,,,,,,,
IT1:DF_DCSS_ISTR_LAV_PEN_2_TV_3(1.0),A,087015,RESPOP_AV,F,Y_GE15,TOTAL,ALL,24,ALL,ALL,2019,21100,,,,,,,,ALL_N1,,,,,,,
IT1:DF_DCSS_ISTR_LAV_PEN_2_TV_3(1.0),A,087015,RESPOP_AV,F,Y_GE15,TOTAL,ALL,24,ALL,ALL,2021,22968.9124032083,,,,,,,,ALL_N1,,,,,,,
IT1:DF_DCSS_ISTR_LAV_PEN_2_TV_3(1.0),A,087015,RESPOP_AV,F,Y_GE15,TOTAL,ALL,24,ALL,ALL,2022,21465.9655210557,,,,,,,,ALL_N1,,,,,,,
IT1:DF_DCSS_ISTR_LAV_PEN_2_TV_3(1.0),A,087015,RESPOP_AV,F,Y_GE15,TOTAL,ALL,24,ALL,ALL,2023,21718.326399809048,,,,,,,,ALL_N1,,,,,,,
IT1:DF_DCSS_ISTR_LAV_PEN_2_TV_3(1.0),A,087015,RESPOP_AV,F,Y_GE15,TOTAL,ALL,24,ALL,ALL,2024,22128.752835737567,,,,,,,,ALL_N1,,,,,,,
IT1:DF_DCSS_ISTR_LAV_PEN_2_TV_3(1.0),A,087015,RESPOP_AV,F,Y_GE15,TOTAL,ALL,4,ALL,ALL,2018,41232,,,,,,,,ALL_N1,,,,,,,
IT1:DF_DCSS_ISTR_LAV_PEN_2_TV_3(1.0),A,087015,RESPOP_AV,F,Y_GE15,TOTAL,ALL,4,ALL,ALL,2019,42251,,,,,,,,ALL_N1,,,,,,,
IT1:DF_DCSS_ISTR_LAV_PEN_2_TV_3(1.0),A,087015,RESPOP_AV,F,Y_GE15,TOTAL,ALL,4,ALL,ALL,2021,46502.2623019507,,,,,,,,ALL_N1,,,,,,,
IT1:DF_DCSS_ISTR_LAV_PEN_2_TV_3(1.0),A,087015,RESPOP_AV,F,Y_GE15,TOTAL,ALL,4,ALL,ALL,2022,44140.9071103303,,,,,,,,ALL_N1,,,,,,,
IT1:DF_DCSS_ISTR_LAV_PEN_2_TV_3(1.0),A,087015,RESPOP_AV,F,Y_GE15,TOTAL,ALL,4,ALL,ALL,2023,44767.66858542895,,,,,,,,ALL_N1,,,,,,,
IT1:DF_DCSS_ISTR_LAV_PEN_2_TV_3(1.0),A,087015,RESPOP_AV,F,Y_GE15,TOTAL,ALL,4,ALL,ALL,2024,43632.83246242553,,,,,,,,ALL_N1,,,,,,,
IT1:DF_DCSS_ISTR_LAV_PEN_2_TV_3(1.0),A,087015,RESPOP_AV,F,Y_GE15,TOTAL,ALL,5,ALL,ALL,2018,9961,,,,,,,,ALL_N1,,,,,,,
IT1:DF_DCSS_ISTR_LAV_PEN_2_TV_3(1.0),A,087015,RESPOP_AV,F,Y_GE15,TOTAL,ALL,5,ALL,ALL,2019,10203,,,,,,,,ALL_N1,,,,,,,
IT1:DF_DCSS_ISTR_LAV_PEN_2_TV_3(1.0),A,087015,RESPOP_AV,F,Y_GE15,TOTAL,ALL,5,ALL,ALL,2021,11103.1615027952,,,,,,,,ALL_N1,,,,,,,
IT1:DF_DCSS_ISTR_LAV_PEN_2_TV_3(1.0),A,087015,RESPOP_AV,F,Y_GE15,TOTAL,ALL,5,ALL,ALL,2022,11184.3256327248,,,,,,,,ALL_N1,,,,,,,
IT1:DF_DCSS_ISTR_LAV_PEN_2_TV_3(1.0),A,087015,RESPOP_AV,F,Y_GE15,TOTAL,ALL,5,ALL,ALL,2023,10632.66228367329,,,,,,,,ALL_N1,,,,,,,
IT1:DF_DCSS_ISTR_LAV_PEN_2_TV_3(1.0),A,087015,RESPOP_AV,F,Y_GE15,TOTAL,ALL,5,ALL,ALL,2024,10807.83793368988,,,,,,,,ALL_N1,,,,,,,
IT1:DF_DCSS_ISTR_LAV_PEN_2_TV_3(1.0),A,087015,RESPOP_AV,F,Y_GE15,TOTAL,ALL,7,ALL,ALL,2018,11134,,,,,,,,ALL_N1,,,,,,,
IT1:DF_DCSS_ISTR_LAV_PEN_2_TV_3(1.0),A,087015,RESPOP_AV,F,Y_GE15,TOTAL,ALL,7,ALL,ALL,2019,10225,,,,,,,,ALL_N1,,,,,,,
IT1:DF_DCSS_ISTR_LAV_PEN_2_TV_3(1.0),A,087015,RESPOP_AV,F,Y_GE15,TOTAL,ALL,7,ALL,ALL,2021,11276.1954442994,,,,,,,,ALL_N1,,,,,,,
IT1:DF_DCSS_ISTR_LAV_PEN_2_TV_3(1.0),A,087015,RESPOP_AV,F,Y_GE15,TOTAL,ALL,7,ALL,ALL,2022,12377.0616799829,,,,,,,,ALL_N1,,,,,,,
IT1:DF_DCSS_ISTR_LAV_PEN_2_TV_3(1.0),A,087015,RESPOP_AV,F,Y_GE15,TOTAL,ALL,7,ALL,ALL,2023,11512.971420478301,,,,,,,,ALL_N1,,,,,,,
IT1:DF_DCSS_ISTR_LAV_PEN_2_TV_3(1.0),A,087015,RESPOP_AV,F,Y_GE15,TOTAL,ALL,7,ALL,ALL,2024,11932.356629594007,,,,,,,,ALL_N1,,,,,,,
IT1:DF_DCSS_ISTR_LAV_PEN_2_TV_3(1.0),A,087015,RESPOP_AV,F,Y_GE15,TOTAL,ALL,99,ALL,ALL,2018,134808,,,,,,,,ALL_N1,99_N1,,,,,,
IT1:DF_DCSS_ISTR_LAV_PEN_2_TV_3(1.0),A,087015,RESPOP_AV,F,Y_GE15,TOTAL,ALL,99,ALL,ALL,2019,134205,,,,,,,,ALL_N1,99_N1,,,,,,
IT1:DF_DCSS_ISTR_LAV_PEN_2_TV_3(1.0),A,087015,RESPOP_AV,F,Y_GE15,TOTAL,ALL,99,ALL,ALL,2021,135584,,,,,,,,ALL_N1,99_N1,,,,,,
IT1:DF_DCSS_ISTR_LAV_PEN_2_TV_3(1.0),A,087015,RESPOP_AV,F,Y_GE15,TOTAL,ALL,99,ALL,ALL,2022,135309,,,,,,,,ALL_N1,99_N1,,,,,,
IT1:DF_DCSS_ISTR_LAV_PEN_2_TV_3(1.0),A,087015,RESPOP_AV,F,Y_GE15,TOTAL,ALL,99,ALL,ALL,2023,134947,,,,,,,,ALL_N1,99_N1,,,,,,
IT1:DF_DCSS_ISTR_LAV_PEN_2_TV_3(1.0),A,087015,RESPOP_AV,F,Y_GE15,TOTAL,ALL,99,ALL,ALL,2024,134721,,,,,,,,ALL_N1,99_N1,,,,,,
IT1:DF_DCSS_ISTR_LAV_PEN_2_TV_3(1.0),A,087015,RESPOP_AV,M,Y_GE15,TOTAL,ALL,1,ALL,ALL,2018,52656,,,,,,,,ALL_N1,,,,,,,
IT1:DF_DCSS_ISTR_LAV_PEN_2_TV_3(1.0),A,087015,RESPOP_AV,M,Y_GE15,TOTAL,ALL,1,ALL,ALL,2019,53240,,,,,,,,ALL_N1,,,,,,,
IT1:DF_DCSS_ISTR_LAV_PEN_2_TV_3(1.0),A,087015,RESPOP_AV,M,Y_GE15,TOTAL,ALL,1,ALL,ALL,2021,55202,,,,,,,,ALL_N1,,,,,,,
IT1:DF_DCSS_ISTR_LAV_PEN_2_TV_3(1.0),A,087015,RESPOP_AV,M,Y_GE15,TOTAL,ALL,1,ALL,ALL,2022,56036,,,,,,,,ALL_N1,,,,,,,
IT1:DF_DCSS_ISTR_LAV_PEN_2_TV_3(1.0),A,087015,RESPOP_AV,M,Y_GE15,TOTAL,ALL,1,ALL,ALL,2023,56898,,,,,,,,ALL_N1,,,,,,,
IT1:DF_DCSS_ISTR_LAV_PEN_2_TV_3(1.0),A,087015,RESPOP_AV,M,Y_GE15,TOTAL,ALL,1,ALL,ALL,2024,58701,,,,,,,,ALL_N1,,,,,,,
IT1:DF_DCSS_ISTR_LAV_PEN_2_TV_3(1.0),A,087015,RESPOP_AV,M,Y_GE15,TOTAL,ALL,12,ALL,ALL,2018,21169,,,,,,,,ALL_N1,,,,,,,
IT1:DF_DCSS_ISTR_LAV_PEN_2_TV_3(1.0),A,087015,RESPOP_AV,M,Y_GE15,TOTAL,ALL,12,ALL,ALL,2019,20179,,,,,,,,ALL_N1,,,,,,,
IT1:DF_DCSS_ISTR_LAV_PEN_2_TV_3(1.0),A,087015,RESPOP_AV,M,Y_GE15,TOTAL,ALL,12,ALL,ALL,2021,11846.7801966655,,,,,,,,ALL_N1,,,,,,,
IT1:DF_DCSS_ISTR_LAV_PEN_2_TV_3(1.0),A,087015,RESPOP_AV,M,Y_GE15,TOTAL,ALL,12,ALL,ALL,2022,13370.6584924681,,,,,,,,ALL_N1,,,,,,,
IT1:DF_DCSS_ISTR_LAV_PEN_2_TV_3(1.0),A,087015,RESPOP_AV,M,Y_GE15,TOTAL,ALL,12,ALL,ALL,2023,11473.415633391072,,,,,,,,ALL_N1,,,,,,,
IT1:DF_DCSS_ISTR_LAV_PEN_2_TV_3(1.0),A,087015,RESPOP_AV,M,Y_GE15,TOTAL,ALL,12,ALL,ALL,2024,9940.77487865682,,,,,,,,ALL_N1,,,,,,,
IT1:DF_DCSS_ISTR_LAV_PEN_2_TV_3(1.0),A,087015,RESPOP_AV,M,Y_GE15,TOTAL,ALL,22,ALL,ALL,2018,73825,,,,,,,,ALL_N1,,,,,,,
IT1:DF_DCSS_ISTR_LAV_PEN_2_TV_3(1.0),A,087015,RESPOP_AV,M,Y_GE15,TOTAL,ALL,22,ALL,ALL,2019,73419,,,,,,,,ALL_N1,,,,,,,
IT1:DF_DCSS_ISTR_LAV_PEN_2_TV_3(1.0),A,087015,RESPOP_AV,M,Y_GE15,TOTAL,ALL,22,ALL,ALL,2021,67048.7801966655,,,,,,,,ALL_N1,,,,,,,
IT1:DF_DCSS_ISTR_LAV_PEN_2_TV_3(1.0),A,087015,RESPOP_AV,M,Y_GE15,TOTAL,ALL,22,ALL,ALL,2022,69406.6584924681,,,,,,,,ALL_N1,,,,,,,
IT1:DF_DCSS_ISTR_LAV_PEN_2_TV_3(1.0),A,087015,RESPOP_AV,M,Y_GE15,TOTAL,ALL,22,ALL,ALL,2023,68371.41563339107,,,,,,,,ALL_N1,,,,,,,
IT1:DF_DCSS_ISTR_LAV_PEN_2_TV_3(1.0),A,087015,RESPOP_AV,M,Y_GE15,TOTAL,ALL,22,ALL,ALL,2024,68641.77487865683,,,,,,,,ALL_N1,,,,,,,
IT1:DF_DCSS_ISTR_LAV_PEN_2_TV_3(1.0),A,087015,RESPOP_AV,M,Y_GE15,TOTAL,ALL,23,ALL,ALL,2018,47500,,,,,,,,ALL_N1,,,,,,,
IT1:DF_DCSS_ISTR_LAV_PEN_2_TV_3(1.0),A,087015,RESPOP_AV,M,Y_GE15,TOTAL,ALL,23,ALL,ALL,2019,47641,,,,,,,,ALL_N1,,,,,,,
IT1:DF_DCSS_ISTR_LAV_PEN_2_TV_3(1.0),A,087015,RESPOP_AV,M,Y_GE15,TOTAL,ALL,23,ALL,ALL,2021,56206.2198033345,,,,,,,,ALL_N1,,,,,,,
IT1:DF_DCSS_ISTR_LAV_PEN_2_TV_3(1.0),A,087015,RESPOP_AV,M,Y_GE15,TOTAL,ALL,23,ALL,ALL,2022,53406.3415075319,,,,,,,,ALL_N1,,,,,,,
IT1:DF_DCSS_ISTR_LAV_PEN_2_TV_3(1.0),A,087015,RESPOP_AV,M,Y_GE15,TOTAL,ALL,23,ALL,ALL,2023,54499.58436660892,,,,,,,,ALL_N1,,,,,,,
IT1:DF_DCSS_ISTR_LAV_PEN_2_TV_3(1.0),A,087015,RESPOP_AV,M,Y_GE15,TOTAL,ALL,23,ALL,ALL,2024,54550.22512134318,,,,,,,,ALL_N1,,,,,,,
IT1:DF_DCSS_ISTR_LAV_PEN_2_TV_3(1.0),A,087015,RESPOP_AV,M,Y_GE15,TOTAL,ALL,24,ALL,ALL,2018,22434,,,,,,,,ALL_N1,,,,,,,
IT1:DF_DCSS_ISTR_LAV_PEN_2_TV_3(1.0),A,087015,RESPOP_AV,M,Y_GE15,TOTAL,ALL,24,ALL,ALL,2019,22913,,,,,,,,ALL_N1,,,,,,,
IT1:DF_DCSS_ISTR_LAV_PEN_2_TV_3(1.0),A,087015,RESPOP_AV,M,Y_GE15,TOTAL,ALL,24,ALL,ALL,2021,24731.8781963944,,,,,,,,ALL_N1,,,,,,,
IT1:DF_DCSS_ISTR_LAV_PEN_2_TV_3(1.0),A,087015,RESPOP_AV,M,Y_GE15,TOTAL,ALL,24,ALL,ALL,2022,24082.7931449439,,,,,,,,ALL_N1,,,,,,,
IT1:DF_DCSS_ISTR_LAV_PEN_2_TV_3(1.0),A,087015,RESPOP_AV,M,Y_GE15,TOTAL,ALL,24,ALL,ALL,2023,24698.273597015726,,,,,,,,ALL_N1,,,,,,,
IT1:DF_DCSS_ISTR_LAV_PEN_2_TV_3(1.0),A,087015,RESPOP_AV,M,Y_GE15,TOTAL,ALL,24,ALL,ALL,2024,25040.6431707315,,,,,,,,ALL_N1,,,,,,,
IT1:DF_DCSS_ISTR_LAV_PEN_2_TV_3(1.0),A,087015,RESPOP_AV,M,Y_GE15,TOTAL,ALL,4,ALL,ALL,2018,1910,,,,,,,,ALL_N1,,,,,,,
IT1:DF_DCSS_ISTR_LAV_PEN_2_TV_3(1.0),A,087015,RESPOP_AV,M,Y_GE15,TOTAL,ALL,4,ALL,ALL,2019,2161,,,,,,,,ALL_N1,,,,,,,
IT1:DF_DCSS_ISTR_LAV_PEN_2_TV_3(1.0),A,087015,RESPOP_AV,M,Y_GE15,TOTAL,ALL,4,ALL,ALL,2021,4045.95955117458,,,,,,,,ALL_N1,,,,,,,
IT1:DF_DCSS_ISTR_LAV_PEN_2_TV_3(1.0),A,087015,RESPOP_AV,M,Y_GE15,TOTAL,ALL,4,ALL,ALL,2022,3506.43160696382,,,,,,,,ALL_N1,,,,,,,
IT1:DF_DCSS_ISTR_LAV_PEN_2_TV_3(1.0),A,087015,RESPOP_AV,M,Y_GE15,TOTAL,ALL,4,ALL,ALL,2023,4362.236600380951,,,,,,,,ALL_N1,,,,,,,
IT1:DF_DCSS_ISTR_LAV_PEN_2_TV_3(1.0),A,087015,RESPOP_AV,M,Y_GE15,TOTAL,ALL,4,ALL,ALL,2024,3628.1813665100376,,,,,,,,ALL_N1,,,,,,,
IT1:DF_DCSS_ISTR_LAV_PEN_2_TV_3(1.0),A,087015,RESPOP_AV,M,Y_GE15,TOTAL,ALL,5,ALL,ALL,2018,8986,,,,,,,,ALL_N1,,,,,,,
IT1:DF_DCSS_ISTR_LAV_PEN_2_TV_3(1.0),A,087015,RESPOP_AV,M,Y_GE15,TOTAL,ALL,5,ALL,ALL,2019,9229,,,,,,,,ALL_N1,,,,,,,
IT1:DF_DCSS_ISTR_LAV_PEN_2_TV_3(1.0),A,087015,RESPOP_AV,M,Y_GE15,TOTAL,ALL,5,ALL,ALL,2021,10147.6927345319,,,,,,,,ALL_N1,,,,,,,
IT1:DF_DCSS_ISTR_LAV_PEN_2_TV_3(1.0),A,087015,RESPOP_AV,M,Y_GE15,TOTAL,ALL,5,ALL,ALL,2022,9950.25236360994,,,,,,,,ALL_N1,,,,,,,
IT1:DF_DCSS_ISTR_LAV_PEN_2_TV_3(1.0),A,087015,RESPOP_AV,M,Y_GE15,TOTAL,ALL,5,ALL,ALL,2023,9671.411485586346,,,,,,,,ALL_N1,,,,,,,
IT1:DF_DCSS_ISTR_LAV_PEN_2_TV_3(1.0),A,087015,RESPOP_AV,M,Y_GE15,TOTAL,ALL,5,ALL,ALL,2024,9731.754113439712,,,,,,,,ALL_N1,,,,,,,
IT1:DF_DCSS_ISTR_LAV_PEN_2_TV_3(1.0),A,087015,RESPOP_AV,M,Y_GE15,TOTAL,ALL,7,ALL,ALL,2018,14170,,,,,,,,ALL_N1,,,,,,,
IT1:DF_DCSS_ISTR_LAV_PEN_2_TV_3(1.0),A,087015,RESPOP_AV,M,Y_GE15,TOTAL,ALL,7,ALL,ALL,2019,13338,,,,,,,,ALL_N1,,,,,,,
IT1:DF_DCSS_ISTR_LAV_PEN_2_TV_3(1.0),A,087015,RESPOP_AV,M,Y_GE15,TOTAL,ALL,7,ALL,ALL,2021,17280.6893212336,,,,,,,,ALL_N1,,,,,,,
IT1:DF_DCSS_ISTR_LAV_PEN_2_TV_3(1.0),A,087015,RESPOP_AV,M,Y_GE15,TOTAL,ALL,7,ALL,ALL,2022,15866.8643920143,,,,,,,,ALL_N1,,,,,,,
IT1:DF_DCSS_ISTR_LAV_PEN_2_TV_3(1.0),A,087015,RESPOP_AV,M,Y_GE15,TOTAL,ALL,7,ALL,ALL,2023,15767.662683625895,,,,,,,,ALL_N1,,,,,,,
IT1:DF_DCSS_ISTR_LAV_PEN_2_TV_3(1.0),A,087015,RESPOP_AV,M,Y_GE15,TOTAL,ALL,7,ALL,ALL,2024,16149.646470661932,,,,,,,,ALL_N1,,,,,,,
IT1:DF_DCSS_ISTR_LAV_PEN_2_TV_3(1.0),A,087015,RESPOP_AV,M,Y_GE15,TOTAL,ALL,99,ALL,ALL,2018,121324,,,,,,,,ALL_N1,99_N1,,,,,,
IT1:DF_DCSS_ISTR_LAV_PEN_2_TV_3(1.0),A,087015,RESPOP_AV,M,Y_GE15,TOTAL,ALL,99,ALL,ALL,2019,121060,,,,,,,,ALL_N1,99_N1,,,,,,
IT1:DF_DCSS_ISTR_LAV_PEN_2_TV_3(1.0),A,087015,RESPOP_AV,M,Y_GE15,TOTAL,ALL,99,ALL,ALL,2021,123255,,,,,,,,ALL_N1,99_N1,,,,,,
IT1:DF_DCSS_ISTR_LAV_PEN_2_TV_3(1.0),A,087015,RESPOP_AV,M,Y_GE15,TOTAL,ALL,99,ALL,ALL,2022,122813,,,,,,,,ALL_N1,99_N1,,,,,,
IT1:DF_DCSS_ISTR_LAV_PEN_2_TV_3(1.0),A,087015,RESPOP_AV,M,Y_GE15,TOTAL,ALL,99,ALL,ALL,2023,122871,,,,,,,,ALL_N1,99_N1,,,,,,
IT1:DF_DCSS_ISTR_LAV_PEN_2_TV_3(1.0),A,087015,RESPOP_AV,M,Y_GE15,TOTAL,ALL,99,ALL,ALL,2024,123192,,,,,,,,ALL_N1,99_N1,,,,,,
IT1:DF_DCSS_ISTR_LAV_PEN_2_TV_3(1.0),A,087015,RESPOP_AV,T,Y_GE15,TOTAL,ALL,1,ALL,ALL,2018,85967,,,,,,,,ALL_N1,,,,,,,
IT1:DF_DCSS_ISTR_LAV_PEN_2_TV_3(1.0),A,087015,RESPOP_AV,T,Y_GE15,TOTAL,ALL,1,ALL,ALL,2019,86825,,,,,,,,ALL_N1,,,,,,,
IT1:DF_DCSS_ISTR_LAV_PEN_2_TV_3(1.0),A,087015,RESPOP_AV,T,Y_GE15,TOTAL,ALL,1,ALL,ALL,2021,90681,,,,,,,,ALL_N1,,,,,,,
IT1:DF_DCSS_ISTR_LAV_PEN_2_TV_3(1.0),A,087015,RESPOP_AV,T,Y_GE15,TOTAL,ALL,1,ALL,ALL,2022,91915,,,,,,,,ALL_N1,,,,,,,
IT1:DF_DCSS_ISTR_LAV_PEN_2_TV_3(1.0),A,087015,RESPOP_AV,T,Y_GE15,TOTAL,ALL,1,ALL,ALL,2023,94186,,,,,,,,ALL_N1,,,,,,,
IT1:DF_DCSS_ISTR_LAV_PEN_2_TV_3(1.0),A,087015,RESPOP_AV,T,Y_GE15,TOTAL,ALL,1,ALL,ALL,2024,97111,,,,,,,,ALL_N1,,,,,,,
IT1:DF_DCSS_ISTR_LAV_PEN_2_TV_3(1.0),A,087015,RESPOP_AV,T,Y_GE15,TOTAL,ALL,12,ALL,ALL,2018,38797,,,,,,,,ALL_N1,,,,,,,
IT1:DF_DCSS_ISTR_LAV_PEN_2_TV_3(1.0),A,087015,RESPOP_AV,T,Y_GE15,TOTAL,ALL,12,ALL,ALL,2019,37020,,,,,,,,ALL_N1,,,,,,,
IT1:DF_DCSS_ISTR_LAV_PEN_2_TV_3(1.0),A,087015,RESPOP_AV,T,Y_GE15,TOTAL,ALL,12,ALL,ALL,2021,20101.2485444119,,,,,,,,ALL_N1,,,,,,,
IT1:DF_DCSS_ISTR_LAV_PEN_2_TV_3(1.0),A,087015,RESPOP_AV,T,Y_GE15,TOTAL,ALL,12,ALL,ALL,2022,23632.3985483743,,,,,,,,ALL_N1,,,,,,,
IT1:DF_DCSS_ISTR_LAV_PEN_2_TV_3(1.0),A,087015,RESPOP_AV,T,Y_GE15,TOTAL,ALL,12,ALL,ALL,2023,20500.78694400149,,,,,,,,ALL_N1,,,,,,,
IT1:DF_DCSS_ISTR_LAV_PEN_2_TV_3(1.0),A,087015,RESPOP_AV,T,Y_GE15,TOTAL,ALL,12,ALL,ALL,2024,17749.995017209832,,,,,,,,ALL_N1,,,,,,,
IT1:DF_DCSS_ISTR_LAV_PEN_2_TV_3(1.0),A,087015,RESPOP_AV,T,Y_GE15,TOTAL,ALL,22,ALL,ALL,2018,124764,,,,,,,,ALL_N1,,,,,,,
IT1:DF_DCSS_ISTR_LAV_PEN_2_TV_3(1.0),A,087015,RESPOP_AV,T,Y_GE15,TOTAL,ALL,22,ALL,ALL,2019,123845,,,,,,,,ALL_N1,,,,,,,
IT1:DF_DCSS_ISTR_LAV_PEN_2_TV_3(1.0),A,087015,RESPOP_AV,T,Y_GE15,TOTAL,ALL,22,ALL,ALL,2021,110782.248544412,,,,,,,,ALL_N1,,,,,,,
IT1:DF_DCSS_ISTR_LAV_PEN_2_TV_3(1.0),A,087015,RESPOP_AV,T,Y_GE15,TOTAL,ALL,22,ALL,ALL,2022,115547.398548374,,,,,,,,ALL_N1,,,,,,,
IT1:DF_DCSS_ISTR_LAV_PEN_2_TV_3(1.0),A,087015,RESPOP_AV,T,Y_GE15,TOTAL,ALL,22,ALL,ALL,2023,114686.78694400149,,,,,,,,ALL_N1,,,,,,,
IT1:DF_DCSS_ISTR_LAV_PEN_2_TV_3(1.0),A,087015,RESPOP_AV,T,Y_GE15,TOTAL,ALL,22,ALL,ALL,2024,114860.99501720983,,,,,,,,ALL_N1,,,,,,,
IT1:DF_DCSS_ISTR_LAV_PEN_2_TV_3(1.0),A,087015,RESPOP_AV,T,Y_GE15,TOTAL,ALL,23,ALL,ALL,2018,131369,,,,,,,,ALL_N1,,,,,,,
IT1:DF_DCSS_ISTR_LAV_PEN_2_TV_3(1.0),A,087015,RESPOP_AV,T,Y_GE15,TOTAL,ALL,23,ALL,ALL,2019,131420,,,,,,,,ALL_N1,,,,,,,
IT1:DF_DCSS_ISTR_LAV_PEN_2_TV_3(1.0),A,087015,RESPOP_AV,T,Y_GE15,TOTAL,ALL,23,ALL,ALL,2021,148056.751455588,,,,,,,,ALL_N1,,,,,,,
IT1:DF_DCSS_ISTR_LAV_PEN_2_TV_3(1.0),A,087015,RESPOP_AV,T,Y_GE15,TOTAL,ALL,23,ALL,ALL,2022,142574.601451626,,,,,,,,ALL_N1,,,,,,,
IT1:DF_DCSS_ISTR_LAV_PEN_2_TV_3(1.0),A,087015,RESPOP_AV,T,Y_GE15,TOTAL,ALL,23,ALL,ALL,2023,143131.21305599852,,,,,,,,ALL_N1,,,,,,,
IT1:DF_DCSS_ISTR_LAV_PEN_2_TV_3(1.0),A,087015,RESPOP_AV,T,Y_GE15,TOTAL,ALL,23,ALL,ALL,2024,143052.00498279018,,,,,,,,ALL_N1,,,,,,,
IT1:DF_DCSS_ISTR_LAV_PEN_2_TV_3(1.0),A,087015,RESPOP_AV,T,Y_GE15,TOTAL,ALL,24,ALL,ALL,2018,43976,,,,,,,,ALL_N1,,,,,,,
IT1:DF_DCSS_ISTR_LAV_PEN_2_TV_3(1.0),A,087015,RESPOP_AV,T,Y_GE15,TOTAL,ALL,24,ALL,ALL,2019,44013,,,,,,,,ALL_N1,,,,,,,
IT1:DF_DCSS_ISTR_LAV_PEN_2_TV_3(1.0),A,087015,RESPOP_AV,T,Y_GE15,TOTAL,ALL,24,ALL,ALL,2021,47700.7905996027,,,,,,,,ALL_N1,,,,,,,
IT1:DF_DCSS_ISTR_LAV_PEN_2_TV_3(1.0),A,087015,RESPOP_AV,T,Y_GE15,TOTAL,ALL,24,ALL,ALL,2022,45548.7586659995,,,,,,,,ALL_N1,,,,,,,
IT1:DF_DCSS_ISTR_LAV_PEN_2_TV_3(1.0),A,087015,RESPOP_AV,T,Y_GE15,TOTAL,ALL,24,ALL,ALL,2023,46416.59999682477,,,,,,,,ALL_N1,,,,,,,
IT1:DF_DCSS_ISTR_LAV_PEN_2_TV_3(1.0),A,087015,RESPOP_AV,T,Y_GE15,TOTAL,ALL,24,ALL,ALL,2024,47169.39600646907,,,,,,,,ALL_N1,,,,,,,
IT1:DF_DCSS_ISTR_LAV_PEN_2_TV_3(1.0),A,087015,RESPOP_AV,T,Y_GE15,TOTAL,ALL,4,ALL,ALL,2018,43142,,,,,,,,ALL_N1,,,,,,,
IT1:DF_DCSS_ISTR_LAV_PEN_2_TV_3(1.0),A,087015,RESPOP_AV,T,Y_GE15,TOTAL,ALL,4,ALL,ALL,2019,44412,,,,,,,,ALL_N1,,,,,,,
IT1:DF_DCSS_ISTR_LAV_PEN_2_TV_3(1.0),A,087015,RESPOP_AV,T,Y_GE15,TOTAL,ALL,4,ALL,ALL,2021,50548.2218531253,,,,,,,,ALL_N1,,,,,,,
IT1:DF_DCSS_ISTR_LAV_PEN_2_TV_3(1.0),A,087015,RESPOP_AV,T,Y_GE15,TOTAL,ALL,4,ALL,ALL,2022,47647.3387172942,,,,,,,,ALL_N1,,,,,,,
IT1:DF_DCSS_ISTR_LAV_PEN_2_TV_3(1.0),A,087015,RESPOP_AV,T,Y_GE15,TOTAL,ALL,4,ALL,ALL,2023,49129.905185809905,,,,,,,,ALL_N1,,,,,,,
IT1:DF_DCSS_ISTR_LAV_PEN_2_TV_3(1.0),A,087015,RESPOP_AV,T,Y_GE15,TOTAL,ALL,4,ALL,ALL,2024,47261.01382893557,,,,,,,,ALL_N1,,,,,,,
IT1:DF_DCSS_ISTR_LAV_PEN_2_TV_3(1.0),A,087015,RESPOP_AV,T,Y_GE15,TOTAL,ALL,5,ALL,ALL,2018,18947,,,,,,,,ALL_N1,,,,,,,
IT1:DF_DCSS_ISTR_LAV_PEN_2_TV_3(1.0),A,087015,RESPOP_AV,T,Y_GE15,TOTAL,ALL,5,ALL,ALL,2019,19432,,,,,,,,ALL_N1,,,,,,,
IT1:DF_DCSS_ISTR_LAV_PEN_2_TV_3(1.0),A,087015,RESPOP_AV,T,Y_GE15,TOTAL,ALL,5,ALL,ALL,2021,21250.8542373271,,,,,,,,ALL_N1,,,,,,,
IT1:DF_DCSS_ISTR_LAV_PEN_2_TV_3(1.0),A,087015,RESPOP_AV,T,Y_GE15,TOTAL,ALL,5,ALL,ALL,2022,21134.5779963347,,,,,,,,ALL_N1,,,,,,,
IT1:DF_DCSS_ISTR_LAV_PEN_2_TV_3(1.0),A,087015,RESPOP_AV,T,Y_GE15,TOTAL,ALL,5,ALL,ALL,2023,20304.073769259634,,,,,,,,ALL_N1,,,,,,,
IT1:DF_DCSS_ISTR_LAV_PEN_2_TV_3(1.0),A,087015,RESPOP_AV,T,Y_GE15,TOTAL,ALL,5,ALL,ALL,2024,20539.592047129594,,,,,,,,ALL_N1,,,,,,,
IT1:DF_DCSS_ISTR_LAV_PEN_2_TV_3(1.0),A,087015,RESPOP_AV,T,Y_GE15,TOTAL,ALL,7,ALL,ALL,2018,25304,,,,,,,,ALL_N1,,,,,,,
IT1:DF_DCSS_ISTR_LAV_PEN_2_TV_3(1.0),A,087015,RESPOP_AV,T,Y_GE15,TOTAL,ALL,7,ALL,ALL,2019,23563,,,,,,,,ALL_N1,,,,,,,
IT1:DF_DCSS_ISTR_LAV_PEN_2_TV_3(1.0),A,087015,RESPOP_AV,T,Y_GE15,TOTAL,ALL,7,ALL,ALL,2021,28556.8847655331,,,,,,,,ALL_N1,,,,,,,
IT1:DF_DCSS_ISTR_LAV_PEN_2_TV_3(1.0),A,087015,RESPOP_AV,T,Y_GE15,TOTAL,ALL,7,ALL,ALL,2022,28243.9260719972,,,,,,,,ALL_N1,,,,,,,
IT1:DF_DCSS_ISTR_LAV_PEN_2_TV_3(1.0),A,087015,RESPOP_AV,T,Y_GE15,TOTAL,ALL,7,ALL,ALL,2023,27280.634104104196,,,,,,,,ALL_N1,,,,,,,
IT1:DF_DCSS_ISTR_LAV_PEN_2_TV_3(1.0),A,087015,RESPOP_AV,T,Y_GE15,TOTAL,ALL,7,ALL,ALL,2024,28082.003100255937,,,,,,,,ALL_N1,,,,,,,
IT1:DF_DCSS_ISTR_LAV_PEN_2_TV_3(1.0),A,087015,RESPOP_AV,T,Y_GE15,TOTAL,ALL,99,ALL,ALL,2018,256132,,,,,,,,ALL_N1,99_N1,,,,,,
IT1:DF_DCSS_ISTR_LAV_PEN_2_TV_3(1.0),A,087015,RESPOP_AV,T,Y_GE15,TOTAL,ALL,99,ALL,ALL,2019,255265,,,,,,,,ALL_N1,99_N1,,,,,,
IT1:DF_DCSS_ISTR_LAV_PEN_2_TV_3(1.0),A,087015,RESPOP_AV,T,Y_GE15,TOTAL,ALL,99,ALL,ALL,2021,258839,,,,,,,,ALL_N1,99_N1,,,,,,
IT1:DF_DCSS_ISTR_LAV_PEN_2_TV_3(1.0),A,087015,RESPOP_AV,T,Y_GE15,TOTAL,ALL,99,ALL,ALL,2022,258122,,,,,,,,ALL_N1,99_N1,,,,,,
IT1:DF_DCSS_ISTR_LAV_PEN_2_TV_3(1.0),A,087015,RESPOP_AV,T,Y_GE15,TOTAL,ALL,99,ALL,ALL,2023,257818,,,,,,,,ALL_N1,99_N1,,,,,,
IT1:DF_DCSS_ISTR_LAV_PEN_2_TV_3(1.0),A,087015,RESPOP_AV,T,Y_GE15,TOTAL,ALL,99,ALL,ALL,2024,257913,,,,,,,,ALL_N1,99_N1,,,,,,
IT1:DF_DCSS_ISTR_LAV_PEN_2_TV_3(1.0),A,087016,RESPOP_AV,F,Y_GE15,TOTAL,ALL,1,ALL,ALL,2018,1035,,,,,,,,ALL_N1,,,,,,,
IT1:DF_DCSS_ISTR_LAV_PEN_2_TV_3(1.0),A,087016,RESPOP_AV,F,Y_GE15,TOTAL,ALL,1,ALL,ALL,2019,1038,,,,,,,,ALL_N1,,,,,,,
IT1:DF_DCSS_ISTR_LAV_PEN_2_TV_3(1.0),A,087016,RESPOP_AV,F,Y_GE15,TOTAL,ALL,1,ALL,ALL,2021,1029,,,,,,,,ALL_N1,,,,,,,
IT1:DF_DCSS_ISTR_LAV_PEN_2_TV_3(1.0),A,087016,RESPOP_AV,F,Y_GE15,TOTAL,ALL,1,ALL,ALL,2022,1069,,,,,,,,ALL_N1,,,,,,,
IT1:DF_DCSS_ISTR_LAV_PEN_2_TV_3(1.0),A,087016,RESPOP_AV,F,Y_GE15,TOTAL,ALL,1,ALL,ALL,2023,1155,,,,,,,,ALL_N1,,,,,,,
IT1:DF_DCSS_ISTR_LAV_PEN_2_TV_3(1.0),A,087016,RESPOP_AV,F,Y_GE15,TOTAL,ALL,1,ALL,ALL,2024,1224,,,,,,,,ALL_N1,,,,,,,
IT1:DF_DCSS_ISTR_LAV_PEN_2_TV_3(1.0),A,087016,RESPOP_AV,F,Y_GE15,TOTAL,ALL,12,ALL,ALL,2018,537,,,,,,,,ALL_N1,,,,,,,
IT1:DF_DCSS_ISTR_LAV_PEN_2_TV_3(1.0),A,087016,RESPOP_AV,F,Y_GE15,TOTAL,ALL,12,ALL,ALL,2019,556,,,,,,,,ALL_N1,,,,,,,
IT1:DF_DCSS_ISTR_LAV_PEN_2_TV_3(1.0),A,087016,RESPOP_AV,F,Y_GE15,TOTAL,ALL,12,ALL,ALL,2021,280.160416785889,,,,,,,,ALL_N1,,,,,,,
IT1:DF_DCSS_ISTR_LAV_PEN_2_TV_3(1.0),A,087016,RESPOP_AV,F,Y_GE15,TOTAL,ALL,12,ALL,ALL,2022,367.104199824827,,,,,,,,ALL_N1,,,,,,,
IT1:DF_DCSS_ISTR_LAV_PEN_2_TV_3(1.0),A,087016,RESPOP_AV,F,Y_GE15,TOTAL,ALL,12,ALL,ALL,2023,346.0868507187542,,,,,,,,ALL_N1,,,,,,,
IT1:DF_DCSS_ISTR_LAV_PEN_2_TV_3(1.0),A,087016,RESPOP_AV,F,Y_GE15,TOTAL,ALL,12,ALL,ALL,2024,249.96415454234503,,,,,,,,ALL_N1,,,,,,,
IT1:DF_DCSS_ISTR_LAV_PEN_2_TV_3(1.0),A,087016,RESPOP_AV,F,Y_GE15,TOTAL,ALL,22,ALL,ALL,2018,1571,,,,,,,,ALL_N1,,,,,,,
IT1:DF_DCSS_ISTR_LAV_PEN_2_TV_3(1.0),A,087016,RESPOP_AV,F,Y_GE15,TOTAL,ALL,22,ALL,ALL,2019,1594,,,,,,,,ALL_N1,,,,,,,
IT1:DF_DCSS_ISTR_LAV_PEN_2_TV_3(1.0),A,087016,RESPOP_AV,F,Y_GE15,TOTAL,ALL,22,ALL,ALL,2021,1309.16041678589,,,,,,,,ALL_N1,,,,,,,
IT1:DF_DCSS_ISTR_LAV_PEN_2_TV_3(1.0),A,087016,RESPOP_AV,F,Y_GE15,TOTAL,ALL,22,ALL,ALL,2022,1436.10419982483,,,,,,,,ALL_N1,,,,,,,
IT1:DF_DCSS_ISTR_LAV_PEN_2_TV_3(1.0),A,087016,RESPOP_AV,F,Y_GE15,TOTAL,ALL,22,ALL,ALL,2023,1501.0868507187542,,,,,,,,ALL_N1,,,,,,,
IT1:DF_DCSS_ISTR_LAV_PEN_2_TV_3(1.0),A,087016,RESPOP_AV,F,Y_GE15,TOTAL,ALL,22,ALL,ALL,2024,1473.964154542345,,,,,,,,ALL_N1,,,,,,,
IT1:DF_DCSS_ISTR_LAV_PEN_2_TV_3(1.0),A,087016,RESPOP_AV,F,Y_GE15,TOTAL,ALL,23,ALL,ALL,2018,2652,,,,,,,,ALL_N1,,,,,,,
IT1:DF_DCSS_ISTR_LAV_PEN_2_TV_3(1.0),A,087016,RESPOP_AV,F,Y_GE15,TOTAL,ALL,23,ALL,ALL,2019,2624,,,,,,,,ALL_N1,,,,,,,
IT1:DF_DCSS_ISTR_LAV_PEN_2_TV_3(1.0),A,087016,RESPOP_AV,F,Y_GE15,TOTAL,ALL,23,ALL,ALL,2021,2869.83958321411,,,,,,,,ALL_N1,,,,,,,
IT1:DF_DCSS_ISTR_LAV_PEN_2_TV_3(1.0),A,087016,RESPOP_AV,F,Y_GE15,TOTAL,ALL,23,ALL,ALL,2022,2735.89580017517,,,,,,,,ALL_N1,,,,,,,
IT1:DF_DCSS_ISTR_LAV_PEN_2_TV_3(1.0),A,087016,RESPOP_AV,F,Y_GE15,TOTAL,ALL,23,ALL,ALL,2023,2664.9131492812458,,,,,,,,ALL_N1,,,,,,,
IT1:DF_DCSS_ISTR_LAV_PEN_2_TV_3(1.0),A,087016,RESPOP_AV,F,Y_GE15,TOTAL,ALL,23,ALL,ALL,2024,2670.035845457655,,,,,,,,ALL_N1,,,,,,,
IT1:DF_DCSS_ISTR_LAV_PEN_2_TV_3(1.0),A,087016,RESPOP_AV,F,Y_GE15,TOTAL,ALL,24,ALL,ALL,2018,679,,,,,,,,ALL_N1,,,,,,,
IT1:DF_DCSS_ISTR_LAV_PEN_2_TV_3(1.0),A,087016,RESPOP_AV,F,Y_GE15,TOTAL,ALL,24,ALL,ALL,2019,671,,,,,,,,ALL_N1,,,,,,,
IT1:DF_DCSS_ISTR_LAV_PEN_2_TV_3(1.0),A,087016,RESPOP_AV,F,Y_GE15,TOTAL,ALL,24,ALL,ALL,2021,730.255407153144,,,,,,,,ALL_N1,,,,,,,
IT1:DF_DCSS_ISTR_LAV_PEN_2_TV_3(1.0),A,087016,RESPOP_AV,F,Y_GE15,TOTAL,ALL,24,ALL,ALL,2022,641.165004919465,,,,,,,,ALL_N1,,,,,,,
IT1:DF_DCSS_ISTR_LAV_PEN_2_TV_3(1.0),A,087016,RESPOP_AV,F,Y_GE15,TOTAL,ALL,24,ALL,ALL,2023,692.720323134865,,,,,,,,ALL_N1,,,,,,,
IT1:DF_DCSS_ISTR_LAV_PEN_2_TV_3(1.0),A,087016,RESPOP_AV,F,Y_GE15,TOTAL,ALL,24,ALL,ALL,2024,722.6353537301457,,,,,,,,ALL_N1,,,,,,,
IT1:DF_DCSS_ISTR_LAV_PEN_2_TV_3(1.0),A,087016,RESPOP_AV,F,Y_GE15,TOTAL,ALL,4,ALL,ALL,2018,1290,,,,,,,,ALL_N1,,,,,,,
IT1:DF_DCSS_ISTR_LAV_PEN_2_TV_3(1.0),A,087016,RESPOP_AV,F,Y_GE15,TOTAL,ALL,4,ALL,ALL,2019,1306,,,,,,,,ALL_N1,,,,,,,
IT1:DF_DCSS_ISTR_LAV_PEN_2_TV_3(1.0),A,087016,RESPOP_AV,F,Y_GE15,TOTAL,ALL,4,ALL,ALL,2021,1497.31132846932,,,,,,,,ALL_N1,,,,,,,
IT1:DF_DCSS_ISTR_LAV_PEN_2_TV_3(1.0),A,087016,RESPOP_AV,F,Y_GE15,TOTAL,ALL,4,ALL,ALL,2022,1426.04840027518,,,,,,,,ALL_N1,,,,,,,
IT1:DF_DCSS_ISTR_LAV_PEN_2_TV_3(1.0),A,087016,RESPOP_AV,F,Y_GE15,TOTAL,ALL,4,ALL,ALL,2023,1339.7247069620673,,,,,,,,ALL_N1,,,,,,,
IT1:DF_DCSS_ISTR_LAV_PEN_2_TV_3(1.0),A,087016,RESPOP_AV,F,Y_GE15,TOTAL,ALL,4,ALL,ALL,2024,1341.1173786118566,,,,,,,,ALL_N1,,,,,,,
IT1:DF_DCSS_ISTR_LAV_PEN_2_TV_3(1.0),A,087016,RESPOP_AV,F,Y_GE15,TOTAL,ALL,5,ALL,ALL,2018,349,,,,,,,,ALL_N1,,,,,,,
IT1:DF_DCSS_ISTR_LAV_PEN_2_TV_3(1.0),A,087016,RESPOP_AV,F,Y_GE15,TOTAL,ALL,5,ALL,ALL,2019,354,,,,,,,,ALL_N1,,,,,,,
IT1:DF_DCSS_ISTR_LAV_PEN_2_TV_3(1.0),A,087016,RESPOP_AV,F,Y_GE15,TOTAL,ALL,5,ALL,ALL,2021,348.161367424247,,,,,,,,ALL_N1,,,,,,,
IT1:DF_DCSS_ISTR_LAV_PEN_2_TV_3(1.0),A,087016,RESPOP_AV,F,Y_GE15,TOTAL,ALL,5,ALL,ALL,2022,346.324981739944,,,,,,,,ALL_N1,,,,,,,
IT1:DF_DCSS_ISTR_LAV_PEN_2_TV_3(1.0),A,087016,RESPOP_AV,F,Y_GE15,TOTAL,ALL,5,ALL,ALL,2023,339.1852637485773,,,,,,,,ALL_N1,,,,,,,
IT1:DF_DCSS_ISTR_LAV_PEN_2_TV_3(1.0),A,087016,RESPOP_AV,F,Y_GE15,TOTAL,ALL,5,ALL,ALL,2024,329.6990109501625,,,,,,,,ALL_N1,,,,,,,
IT1:DF_DCSS_ISTR_LAV_PEN_2_TV_3(1.0),A,087016,RESPOP_AV,F,Y_GE15,TOTAL,ALL,7,ALL,ALL,2018,335,,,,,,,,ALL_N1,,,,,,,
IT1:DF_DCSS_ISTR_LAV_PEN_2_TV_3(1.0),A,087016,RESPOP_AV,F,Y_GE15,TOTAL,ALL,7,ALL,ALL,2019,293,,,,,,,,ALL_N1,,,,,,,
IT1:DF_DCSS_ISTR_LAV_PEN_2_TV_3(1.0),A,087016,RESPOP_AV,F,Y_GE15,TOTAL,ALL,7,ALL,ALL,2021,294.111480167397,,,,,,,,ALL_N1,,,,,,,
IT1:DF_DCSS_ISTR_LAV_PEN_2_TV_3(1.0),A,087016,RESPOP_AV,F,Y_GE15,TOTAL,ALL,7,ALL,ALL,2022,322.357413240581,,,,,,,,ALL_N1,,,,,,,
IT1:DF_DCSS_ISTR_LAV_PEN_2_TV_3(1.0),A,087016,RESPOP_AV,F,Y_GE15,TOTAL,ALL,7,ALL,ALL,2023,293.2828554357359,,,,,,,,ALL_N1,,,,,,,
IT1:DF_DCSS_ISTR_LAV_PEN_2_TV_3(1.0),A,087016,RESPOP_AV,F,Y_GE15,TOTAL,ALL,7,ALL,ALL,2024,276.58410216549004,,,,,,,,ALL_N1,,,,,,,
IT1:DF_DCSS_ISTR_LAV_PEN_2_TV_3(1.0),A,087016,RESPOP_AV,F,Y_GE15,TOTAL,ALL,99,ALL,ALL,2018,4223,,,,,,,,ALL_N1,99_N1,,,,,,
IT1:DF_DCSS_ISTR_LAV_PEN_2_TV_3(1.0),A,087016,RESPOP_AV,F,Y_GE15,TOTAL,ALL,99,ALL,ALL,2019,4217,,,,,,,,ALL_N1,99_N1,,,,,,
IT1:DF_DCSS_ISTR_LAV_PEN_2_TV_3(1.0),A,087016,RESPOP_AV,F,Y_GE15,TOTAL,ALL,99,ALL,ALL,2021,4179,,,,,,,,ALL_N1,99_N1,,,,,,
IT1:DF_DCSS_ISTR_LAV_PEN_2_TV_3(1.0),A,087016,RESPOP_AV,F,Y_GE15,TOTAL,ALL,99,ALL,ALL,2022,4172,,,,,,,,ALL_N1,99_N1,,,,,,
IT1:DF_DCSS_ISTR_LAV_PEN_2_TV_3(1.0),A,087016,RESPOP_AV,F,Y_GE15,TOTAL,ALL,99,ALL,ALL,2023,4166,,,,,,,,ALL_N1,99_N1,,,,,,
IT1:DF_DCSS_ISTR_LAV_PEN_2_TV_3(1.0),A,087016,RESPOP_AV,F,Y_GE15,TOTAL,ALL,99,ALL,ALL,2024,4144,,,,,,,,ALL_N1,99_N1,,,,,,
IT1:DF_DCSS_ISTR_LAV_PEN_2_TV_3(1.0),A,087016,RESPOP_AV,M,Y_GE15,TOTAL,ALL,1,ALL,ALL,2018,1702,,,,,,,,ALL_N1,,,,,,,
IT1:DF_DCSS_ISTR_LAV_PEN_2_TV_3(1.0),A,087016,RESPOP_AV,M,Y_GE15,TOTAL,ALL,1,ALL,ALL,2019,1696,,,,,,,,ALL_N1,,,,,,,
IT1:DF_DCSS_ISTR_LAV_PEN_2_TV_3(1.0),A,087016,RESPOP_AV,M,Y_GE15,TOTAL,ALL,1,ALL,ALL,2021,1657,,,,,,,,ALL_N1,,,,,,,
IT1:DF_DCSS_ISTR_LAV_PEN_2_TV_3(1.0),A,087016,RESPOP_AV,M,Y_GE15,TOTAL,ALL,1,ALL,ALL,2022,1718,,,,,,,,ALL_N1,,,,,,,
IT1:DF_DCSS_ISTR_LAV_PEN_2_TV_3(1.0),A,087016,RESPOP_AV,M,Y_GE15,TOTAL,ALL,1,ALL,ALL,2023,1748,,,,,,,,ALL_N1,,,,,,,
IT1:DF_DCSS_ISTR_LAV_PEN_2_TV_3(1.0),A,087016,RESPOP_AV,M,Y_GE15,TOTAL,ALL,1,ALL,ALL,2024,1805,,,,,,,,ALL_N1,,,,,,,
IT1:DF_DCSS_ISTR_LAV_PEN_2_TV_3(1.0),A,087016,RESPOP_AV,M,Y_GE15,TOTAL,ALL,12,ALL,ALL,2018,577,,,,,,,,ALL_N1,,,,,,,
IT1:DF_DCSS_ISTR_LAV_PEN_2_TV_3(1.0),A,087016,RESPOP_AV,M,Y_GE15,TOTAL,ALL,12,ALL,ALL,2019,570,,,,,,,,ALL_N1,,,,,,,
IT1:DF_DCSS_ISTR_LAV_PEN_2_TV_3(1.0),A,087016,RESPOP_AV,M,Y_GE15,TOTAL,ALL,12,ALL,ALL,2021,330.952983384991,,,,,,,,ALL_N1,,,,,,,
IT1:DF_DCSS_ISTR_LAV_PEN_2_TV_3(1.0),A,087016,RESPOP_AV,M,Y_GE15,TOTAL,ALL,12,ALL,ALL,2022,409.065484811629,,,,,,,,ALL_N1,,,,,,,
IT1:DF_DCSS_ISTR_LAV_PEN_2_TV_3(1.0),A,087016,RESPOP_AV,M,Y_GE15,TOTAL,ALL,12,ALL,ALL,2023,367.31346039940433,,,,,,,,ALL_N1,,,,,,,
IT1:DF_DCSS_ISTR_LAV_PEN_2_TV_3(1.0),A,087016,RESPOP_AV,M,Y_GE15,TOTAL,ALL,12,ALL,ALL,2024,281.94983189554296,,,,,,,,ALL_N1,,,,,,,
IT1:DF_DCSS_ISTR_LAV_PEN_2_TV_3(1.0),A,087016,RESPOP_AV,M,Y_GE15,TOTAL,ALL,22,ALL,ALL,2018,2279,,,,,,,,ALL_N1,,,,,,,
IT1:DF_DCSS_ISTR_LAV_PEN_2_TV_3(1.0),A,087016,RESPOP_AV,M,Y_GE15,TOTAL,ALL,22,ALL,ALL,2019,2266,,,,,,,,ALL_N1,,,,,,,
IT1:DF_DCSS_ISTR_LAV_PEN_2_TV_3(1.0),A,087016,RESPOP_AV,M,Y_GE15,TOTAL,ALL,22,ALL,ALL,2021,1987.95298338499,,,,,,,,ALL_N1,,,,,,,
IT1:DF_DCSS_ISTR_LAV_PEN_2_TV_3(1.0),A,087016,RESPOP_AV,M,Y_GE15,TOTAL,ALL,22,ALL,ALL,2022,2127.06548481163,,,,,,,,ALL_N1,,,,,,,
IT1:DF_DCSS_ISTR_LAV_PEN_2_TV_3(1.0),A,087016,RESPOP_AV,M,Y_GE15,TOTAL,ALL,22,ALL,ALL,2023,2115.3134603994044,,,,,,,,ALL_N1,,,,,,,
IT1:DF_DCSS_ISTR_LAV_PEN_2_TV_3(1.0),A,087016,RESPOP_AV,M,Y_GE15,TOTAL,ALL,22,ALL,ALL,2024,2086.949831895543,,,,,,,,ALL_N1,,,,,,,
IT1:DF_DCSS_ISTR_LAV_PEN_2_TV_3(1.0),A,087016,RESPOP_AV,M,Y_GE15,TOTAL,ALL,23,ALL,ALL,2018,1576,,,,,,,,ALL_N1,,,,,,,
IT1:DF_DCSS_ISTR_LAV_PEN_2_TV_3(1.0),A,087016,RESPOP_AV,M,Y_GE15,TOTAL,ALL,23,ALL,ALL,2019,1560,,,,,,,,ALL_N1,,,,,,,
IT1:DF_DCSS_ISTR_LAV_PEN_2_TV_3(1.0),A,087016,RESPOP_AV,M,Y_GE15,TOTAL,ALL,23,ALL,ALL,2021,1788.04701661501,,,,,,,,ALL_N1,,,,,,,
IT1:DF_DCSS_ISTR_LAV_PEN_2_TV_3(1.0),A,087016,RESPOP_AV,M,Y_GE15,TOTAL,ALL,23,ALL,ALL,2022,1626.93451518837,,,,,,,,ALL_N1,,,,,,,
IT1:DF_DCSS_ISTR_LAV_PEN_2_TV_3(1.0),A,087016,RESPOP_AV,M,Y_GE15,TOTAL,ALL,23,ALL,ALL,2023,1618.6865396005956,,,,,,,,ALL_N1,,,,,,,
IT1:DF_DCSS_ISTR_LAV_PEN_2_TV_3(1.0),A,087016,RESPOP_AV,M,Y_GE15,TOTAL,ALL,23,ALL,ALL,2024,1614.0501681044568,,,,,,,,ALL_N1,,,,,,,
IT1:DF_DCSS_ISTR_LAV_PEN_2_TV_3(1.0),A,087016,RESPOP_AV,M,Y_GE15,TOTAL,ALL,24,ALL,ALL,2018,806,,,,,,,,ALL_N1,,,,,,,
IT1:DF_DCSS_ISTR_LAV_PEN_2_TV_3(1.0),A,087016,RESPOP_AV,M,Y_GE15,TOTAL,ALL,24,ALL,ALL,2019,824,,,,,,,,ALL_N1,,,,,,,
IT1:DF_DCSS_ISTR_LAV_PEN_2_TV_3(1.0),A,087016,RESPOP_AV,M,Y_GE15,TOTAL,ALL,24,ALL,ALL,2021,910.126676105838,,,,,,,,ALL_N1,,,,,,,
IT1:DF_DCSS_ISTR_LAV_PEN_2_TV_3(1.0),A,087016,RESPOP_AV,M,Y_GE15,TOTAL,ALL,24,ALL,ALL,2022,845.181662115383,,,,,,,,ALL_N1,,,,,,,
IT1:DF_DCSS_ISTR_LAV_PEN_2_TV_3(1.0),A,087016,RESPOP_AV,M,Y_GE15,TOTAL,ALL,24,ALL,ALL,2023,894.7273167247774,,,,,,,,ALL_N1,,,,,,,
IT1:DF_DCSS_ISTR_LAV_PEN_2_TV_3(1.0),A,087016,RESPOP_AV,M,Y_GE15,TOTAL,ALL,24,ALL,ALL,2024,935.5898663017516,,,,,,,,ALL_N1,,,,,,,
IT1:DF_DCSS_ISTR_LAV_PEN_2_TV_3(1.0),A,087016,RESPOP_AV,M,Y_GE15,TOTAL,ALL,4,ALL,ALL,2018,51,,,,,,,,ALL_N1,,,,,,,
IT1:DF_DCSS_ISTR_LAV_PEN_2_TV_3(1.0),A,087016,RESPOP_AV,M,Y_GE15,TOTAL,ALL,4,ALL,ALL,2019,54,,,,,,,,ALL_N1,,,,,,,
IT1:DF_DCSS_ISTR_LAV_PEN_2_TV_3(1.0),A,087016,RESPOP_AV,M,Y_GE15,TOTAL,ALL,4,ALL,ALL,2021,137.071680621419,,,,,,,,ALL_N1,,,,,,,
IT1:DF_DCSS_ISTR_LAV_PEN_2_TV_3(1.0),A,087016,RESPOP_AV,M,Y_GE15,TOTAL,ALL,4,ALL,ALL,2022,97.2261338825572,,,,,,,,ALL_N1,,,,,,,
IT1:DF_DCSS_ISTR_LAV_PEN_2_TV_3(1.0),A,087016,RESPOP_AV,M,Y_GE15,TOTAL,ALL,4,ALL,ALL,2023,100.62851391876247,,,,,,,,ALL_N1,,,,,,,
IT1:DF_DCSS_ISTR_LAV_PEN_2_TV_3(1.0),A,087016,RESPOP_AV,M,Y_GE15,TOTAL,ALL,4,ALL,ALL,2024,92.98755595307041,,,,,,,,ALL_N1,,,,,,,
IT1:DF_DCSS_ISTR_LAV_PEN_2_TV_3(1.0),A,087016,RESPOP_AV,M,Y_GE15,TOTAL,ALL,5,ALL,ALL,2018,284,,,,,,,,ALL_N1,,,,,,,
IT1:DF_DCSS_ISTR_LAV_PEN_2_TV_3(1.0),A,087016,RESPOP_AV,M,Y_GE15,TOTAL,ALL,5,ALL,ALL,2019,289,,,,,,,,ALL_N1,,,,,,,
IT1:DF_DCSS_ISTR_LAV_PEN_2_TV_3(1.0),A,087016,RESPOP_AV,M,Y_GE15,TOTAL,ALL,5,ALL,ALL,2021,253.052849617449,,,,,,,,ALL_N1,,,,,,,
IT1:DF_DCSS_ISTR_LAV_PEN_2_TV_3(1.0),A,087016,RESPOP_AV,M,Y_GE15,TOTAL,ALL,5,ALL,ALL,2022,246.889802929643,,,,,,,,ALL_N1,,,,,,,
IT1:DF_DCSS_ISTR_LAV_PEN_2_TV_3(1.0),A,087016,RESPOP_AV,M,Y_GE15,TOTAL,ALL,5,ALL,ALL,2023,232.92106490222454,,,,,,,,ALL_N1,,,,,,,
IT1:DF_DCSS_ISTR_LAV_PEN_2_TV_3(1.0),A,087016,RESPOP_AV,M,Y_GE15,TOTAL,ALL,5,ALL,ALL,2024,210.60930804677065,,,,,,,,ALL_N1,,,,,,,
IT1:DF_DCSS_ISTR_LAV_PEN_2_TV_3(1.0),A,087016,RESPOP_AV,M,Y_GE15,TOTAL,ALL,7,ALL,ALL,2018,436,,,,,,,,ALL_N1,,,,,,,
IT1:DF_DCSS_ISTR_LAV_PEN_2_TV_3(1.0),A,087016,RESPOP_AV,M,Y_GE15,TOTAL,ALL,7,ALL,ALL,2019,393,,,,,,,,ALL_N1,,,,,,,
IT1:DF_DCSS_ISTR_LAV_PEN_2_TV_3(1.0),A,087016,RESPOP_AV,M,Y_GE15,TOTAL,ALL,7,ALL,ALL,2021,487.795810270302,,,,,,,,ALL_N1,,,,,,,
IT1:DF_DCSS_ISTR_LAV_PEN_2_TV_3(1.0),A,087016,RESPOP_AV,M,Y_GE15,TOTAL,ALL,7,ALL,ALL,2022,437.636916260787,,,,,,,,ALL_N1,,,,,,,
IT1:DF_DCSS_ISTR_LAV_PEN_2_TV_3(1.0),A,087016,RESPOP_AV,M,Y_GE15,TOTAL,ALL,7,ALL,ALL,2023,390.4096440548312,,,,,,,,ALL_N1,,,,,,,
IT1:DF_DCSS_ISTR_LAV_PEN_2_TV_3(1.0),A,087016,RESPOP_AV,M,Y_GE15,TOTAL,ALL,7,ALL,ALL,2024,374.8634378028641,,,,,,,,ALL_N1,,,,,,,
IT1:DF_DCSS_ISTR_LAV_PEN_2_TV_3(1.0),A,087016,RESPOP_AV,M,Y_GE15,TOTAL,ALL,99,ALL,ALL,2018,3855,,,,,,,,ALL_N1,99_N1,,,,,,
IT1:DF_DCSS_ISTR_LAV_PEN_2_TV_3(1.0),A,087016,RESPOP_AV,M,Y_GE15,TOTAL,ALL,99,ALL,ALL,2019,3826,,,,,,,,ALL_N1,99_N1,,,,,,
IT1:DF_DCSS_ISTR_LAV_PEN_2_TV_3(1.0),A,087016,RESPOP_AV,M,Y_GE15,TOTAL,ALL,99,ALL,ALL,2021,3776,,,,,,,,ALL_N1,99_N1,,,,,,
IT1:DF_DCSS_ISTR_LAV_PEN_2_TV_3(1.0),A,087016,RESPOP_AV,M,Y_GE15,TOTAL,ALL,99,ALL,ALL,2022,3754,,,,,,,,ALL_N1,99_N1,,,,,,
IT1:DF_DCSS_ISTR_LAV_PEN_2_TV_3(1.0),A,087016,RESPOP_AV,M,Y_GE15,TOTAL,ALL,99,ALL,ALL,2023,3734,,,,,,,,ALL_N1,99_N1,,,,,,
IT1:DF_DCSS_ISTR_LAV_PEN_2_TV_3(1.0),A,087016,RESPOP_AV,M,Y_GE15,TOTAL,ALL,99,ALL,ALL,2024,3700.9999999999995,,,,,,,,ALL_N1,99_N1,,,,,,
IT1:DF_DCSS_ISTR_LAV_PEN_2_TV_3(1.0),A,087016,RESPOP_AV,T,Y_GE15,TOTAL,ALL,1,ALL,ALL,2018,2737,,,,,,,,ALL_N1,,,,,,,
IT1:DF_DCSS_ISTR_LAV_PEN_2_TV_3(1.0),A,087016,RESPOP_AV,T,Y_GE15,TOTAL,ALL,1,ALL,ALL,2019,2734,,,,,,,,ALL_N1,,,,,,,
IT1:DF_DCSS_ISTR_LAV_PEN_2_TV_3(1.0),A,087016,RESPOP_AV,T,Y_GE15,TOTAL,ALL,1,ALL,ALL,2021,2686,,,,,,,,ALL_N1,,,,,,,
IT1:DF_DCSS_ISTR_LAV_PEN_2_TV_3(1.0),A,087016,RESPOP_AV,T,Y_GE15,TOTAL,ALL,1,ALL,ALL,2022,2787,,,,,,,,ALL_N1,,,,,,,
IT1:DF_DCSS_ISTR_LAV_PEN_2_TV_3(1.0),A,087016,RESPOP_AV,T,Y_GE15,TOTAL,ALL,1,ALL,ALL,2023,2903,,,,,,,,ALL_N1,,,,,,,
IT1:DF_DCSS_ISTR_LAV_PEN_2_TV_3(1.0),A,087016,RESPOP_AV,T,Y_GE15,TOTAL,ALL,1,ALL,ALL,2024,3029,,,,,,,,ALL_N1,,,,,,,
IT1:DF_DCSS_ISTR_LAV_PEN_2_TV_3(1.0),A,087016,RESPOP_AV,T,Y_GE15,TOTAL,ALL,12,ALL,ALL,2018,1114,,,,,,,,ALL_N1,,,,,,,
IT1:DF_DCSS_ISTR_LAV_PEN_2_TV_3(1.0),A,087016,RESPOP_AV,T,Y_GE15,TOTAL,ALL,12,ALL,ALL,2019,1126,,,,,,,,ALL_N1,,,,,,,
IT1:DF_DCSS_ISTR_LAV_PEN_2_TV_3(1.0),A,087016,RESPOP_AV,T,Y_GE15,TOTAL,ALL,12,ALL,ALL,2021,611.113400170881,,,,,,,,ALL_N1,,,,,,,
IT1:DF_DCSS_ISTR_LAV_PEN_2_TV_3(1.0),A,087016,RESPOP_AV,T,Y_GE15,TOTAL,ALL,12,ALL,ALL,2022,776.169684636456,,,,,,,,ALL_N1,,,,,,,
IT1:DF_DCSS_ISTR_LAV_PEN_2_TV_3(1.0),A,087016,RESPOP_AV,T,Y_GE15,TOTAL,ALL,12,ALL,ALL,2023,713.4003111181586,,,,,,,,ALL_N1,,,,,,,
IT1:DF_DCSS_ISTR_LAV_PEN_2_TV_3(1.0),A,087016,RESPOP_AV,T,Y_GE15,TOTAL,ALL,12,ALL,ALL,2024,531.913986437888,,,,,,,,ALL_N1,,,,,,,
IT1:DF_DCSS_ISTR_LAV_PEN_2_TV_3(1.0),A,087016,RESPOP_AV,T,Y_GE15,TOTAL,ALL,22,ALL,ALL,2018,3850,,,,,,,,ALL_N1,,,,,,,
IT1:DF_DCSS_ISTR_LAV_PEN_2_TV_3(1.0),A,087016,RESPOP_AV,T,Y_GE15,TOTAL,ALL,22,ALL,ALL,2019,3860,,,,,,,,ALL_N1,,,,,,,
IT1:DF_DCSS_ISTR_LAV_PEN_2_TV_3(1.0),A,087016,RESPOP_AV,T,Y_GE15,TOTAL,ALL,22,ALL,ALL,2021,3297.11340017088,,,,,,,,ALL_N1,,,,,,,
IT1:DF_DCSS_ISTR_LAV_PEN_2_TV_3(1.0),A,087016,RESPOP_AV,T,Y_GE15,TOTAL,ALL,22,ALL,ALL,2022,3563.16968463646,,,,,,,,ALL_N1,,,,,,,
IT1:DF_DCSS_ISTR_LAV_PEN_2_TV_3(1.0),A,087016,RESPOP_AV,T,Y_GE15,TOTAL,ALL,22,ALL,ALL,2023,3616.4003111181587,,,,,,,,ALL_N1,,,,,,,
IT1:DF_DCSS_ISTR_LAV_PEN_2_TV_3(1.0),A,087016,RESPOP_AV,T,Y_GE15,TOTAL,ALL,22,ALL,ALL,2024,3560.913986437888,,,,,,,,ALL_N1,,,,,,,
IT1:DF_DCSS_ISTR_LAV_PEN_2_TV_3(1.0),A,087016,RESPOP_AV,T,Y_GE15,TOTAL,ALL,23,ALL,ALL,2018,4228,,,,,,,,ALL_N1,,,,,,,
IT1:DF_DCSS_ISTR_LAV_PEN_2_TV_3(1.0),A,087016,RESPOP_AV,T,Y_GE15,TOTAL,ALL,23,ALL,ALL,2019,4184,,,,,,,,ALL_N1,,,,,,,
IT1:DF_DCSS_ISTR_LAV_PEN_2_TV_3(1.0),A,087016,RESPOP_AV,T,Y_GE15,TOTAL,ALL,23,ALL,ALL,2021,4657.88659982912,,,,,,,,ALL_N1,,,,,,,
IT1:DF_DCSS_ISTR_LAV_PEN_2_TV_3(1.0),A,087016,RESPOP_AV,T,Y_GE15,TOTAL,ALL,23,ALL,ALL,2022,4362.83031536354,,,,,,,,ALL_N1,,,,,,,
IT1:DF_DCSS_ISTR_LAV_PEN_2_TV_3(1.0),A,087016,RESPOP_AV,T,Y_GE15,TOTAL,ALL,23,ALL,ALL,2023,4283.599688881841,,,,,,,,ALL_N1,,,,,,,
IT1:DF_DCSS_ISTR_LAV_PEN_2_TV_3(1.0),A,087016,RESPOP_AV,T,Y_GE15,TOTAL,ALL,23,ALL,ALL,2024,4284.0860135621115,,,,,,,,ALL_N1,,,,,,,
IT1:DF_DCSS_ISTR_LAV_PEN_2_TV_3(1.0),A,087016,RESPOP_AV,T,Y_GE15,TOTAL,ALL,24,ALL,ALL,2018,1484,,,,,,,,ALL_N1,,,,,,,
IT1:DF_DCSS_ISTR_LAV_PEN_2_TV_3(1.0),A,087016,RESPOP_AV,T,Y_GE15,TOTAL,ALL,24,ALL,ALL,2019,1495,,,,,,,,ALL_N1,,,,,,,
IT1:DF_DCSS_ISTR_LAV_PEN_2_TV_3(1.0),A,087016,RESPOP_AV,T,Y_GE15,TOTAL,ALL,24,ALL,ALL,2021,1640.38208325898,,,,,,,,ALL_N1,,,,,,,
IT1:DF_DCSS_ISTR_LAV_PEN_2_TV_3(1.0),A,087016,RESPOP_AV,T,Y_GE15,TOTAL,ALL,24,ALL,ALL,2022,1486.34666703485,,,,,,,,ALL_N1,,,,,,,
IT1:DF_DCSS_ISTR_LAV_PEN_2_TV_3(1.0),A,087016,RESPOP_AV,T,Y_GE15,TOTAL,ALL,24,ALL,ALL,2023,1587.4476398596425,,,,,,,,ALL_N1,,,,,,,
IT1:DF_DCSS_ISTR_LAV_PEN_2_TV_3(1.0),A,087016,RESPOP_AV,T,Y_GE15,TOTAL,ALL,24,ALL,ALL,2024,1658.2252200318974,,,,,,,,ALL_N1,,,,,,,
IT1:DF_DCSS_ISTR_LAV_PEN_2_TV_3(1.0),A,087016,RESPOP_AV,T,Y_GE15,TOTAL,ALL,4,ALL,ALL,2018,1340,,,,,,,,ALL_N1,,,,,,,
IT1:DF_DCSS_ISTR_LAV_PEN_2_TV_3(1.0),A,087016,RESPOP_AV,T,Y_GE15,TOTAL,ALL,4,ALL,ALL,2019,1360,,,,,,,,ALL_N1,,,,,,,
IT1:DF_DCSS_ISTR_LAV_PEN_2_TV_3(1.0),A,087016,RESPOP_AV,T,Y_GE15,TOTAL,ALL,4,ALL,ALL,2021,1634.38300909074,,,,,,,,ALL_N1,,,,,,,
IT1:DF_DCSS_ISTR_LAV_PEN_2_TV_3(1.0),A,087016,RESPOP_AV,T,Y_GE15,TOTAL,ALL,4,ALL,ALL,2022,1523.27453415774,,,,,,,,ALL_N1,,,,,,,
IT1:DF_DCSS_ISTR_LAV_PEN_2_TV_3(1.0),A,087016,RESPOP_AV,T,Y_GE15,TOTAL,ALL,4,ALL,ALL,2023,1440.35322088083,,,,,,,,ALL_N1,,,,,,,
IT1:DF_DCSS_ISTR_LAV_PEN_2_TV_3(1.0),A,087016,RESPOP_AV,T,Y_GE15,TOTAL,ALL,4,ALL,ALL,2024,1434.104934564927,,,,,,,,ALL_N1,,,,,,,
IT1:DF_DCSS_ISTR_LAV_PEN_2_TV_3(1.0),A,087016,RESPOP_AV,T,Y_GE15,TOTAL,ALL,5,ALL,ALL,2018,633,,,,,,,,ALL_N1,,,,,,,
IT1:DF_DCSS_ISTR_LAV_PEN_2_TV_3(1.0),A,087016,RESPOP_AV,T,Y_GE15,TOTAL,ALL,5,ALL,ALL,2019,643,,,,,,,,ALL_N1,,,,,,,
IT1:DF_DCSS_ISTR_LAV_PEN_2_TV_3(1.0),A,087016,RESPOP_AV,T,Y_GE15,TOTAL,ALL,5,ALL,ALL,2021,601.214217041696,,,,,,,,ALL_N1,,,,,,,
IT1:DF_DCSS_ISTR_LAV_PEN_2_TV_3(1.0),A,087016,RESPOP_AV,T,Y_GE15,TOTAL,ALL,5,ALL,ALL,2022,593.214784669588,,,,,,,,ALL_N1,,,,,,,
IT1:DF_DCSS_ISTR_LAV_PEN_2_TV_3(1.0),A,087016,RESPOP_AV,T,Y_GE15,TOTAL,ALL,5,ALL,ALL,2023,572.1063286508019,,,,,,,,ALL_N1,,,,,,,
IT1:DF_DCSS_ISTR_LAV_PEN_2_TV_3(1.0),A,087016,RESPOP_AV,T,Y_GE15,TOTAL,ALL,5,ALL,ALL,2024,540.3083189969332,,,,,,,,ALL_N1,,,,,,,
IT1:DF_DCSS_ISTR_LAV_PEN_2_TV_3(1.0),A,087016,RESPOP_AV,T,Y_GE15,TOTAL,ALL,7,ALL,ALL,2018,771,,,,,,,,ALL_N1,,,,,,,
IT1:DF_DCSS_ISTR_LAV_PEN_2_TV_3(1.0),A,087016,RESPOP_AV,T,Y_GE15,TOTAL,ALL,7,ALL,ALL,2019,686,,,,,,,,ALL_N1,,,,,,,
IT1:DF_DCSS_ISTR_LAV_PEN_2_TV_3(1.0),A,087016,RESPOP_AV,T,Y_GE15,TOTAL,ALL,7,ALL,ALL,2021,781.907290437699,,,,,,,,ALL_N1,,,,,,,
IT1:DF_DCSS_ISTR_LAV_PEN_2_TV_3(1.0),A,087016,RESPOP_AV,T,Y_GE15,TOTAL,ALL,7,ALL,ALL,2022,759.994329501368,,,,,,,,ALL_N1,,,,,,,
IT1:DF_DCSS_ISTR_LAV_PEN_2_TV_3(1.0),A,087016,RESPOP_AV,T,Y_GE15,TOTAL,ALL,7,ALL,ALL,2023,683.692499490567,,,,,,,,ALL_N1,,,,,,,
IT1:DF_DCSS_ISTR_LAV_PEN_2_TV_3(1.0),A,087016,RESPOP_AV,T,Y_GE15,TOTAL,ALL,7,ALL,ALL,2024,651.4475399683541,,,,,,,,ALL_N1,,,,,,,
IT1:DF_DCSS_ISTR_LAV_PEN_2_TV_3(1.0),A,087016,RESPOP_AV,T,Y_GE15,TOTAL,ALL,99,ALL,ALL,2018,8078,,,,,,,,ALL_N1,99_N1,,,,,,
IT1:DF_DCSS_ISTR_LAV_PEN_2_TV_3(1.0),A,087016,RESPOP_AV,T,Y_GE15,TOTAL,ALL,99,ALL,ALL,2019,8043,,,,,,,,ALL_N1,99_N1,,,,,,
IT1:DF_DCSS_ISTR_LAV_PEN_2_TV_3(1.0),A,087016,RESPOP_AV,T,Y_GE15,TOTAL,ALL,99,ALL,ALL,2021,7955,,,,,,,,ALL_N1,99_N1,,,,,,
IT1:DF_DCSS_ISTR_LAV_PEN_2_TV_3(1.0),A,087016,RESPOP_AV,T,Y_GE15,TOTAL,ALL,99,ALL,ALL,2022,7926,,,,,,,,ALL_N1,99_N1,,,,,,
IT1:DF_DCSS_ISTR_LAV_PEN_2_TV_3(1.0),A,087016,RESPOP_AV,T,Y_GE15,TOTAL,ALL,99,ALL,ALL,2023,7900,,,,,,,,ALL_N1,99_N1,,,,,,
IT1:DF_DCSS_ISTR_LAV_PEN_2_TV_3(1.0),A,087016,RESPOP_AV,T,Y_GE15,TOTAL,ALL,99,ALL,ALL,2024,7844.999999999999,,,,,,,,ALL_N1,99_N1,,,,,,
IT1:DF_DCSS_ISTR_LAV_PEN_2_TV_3(1.0),A,087017,RESPOP_AV,F,Y_GE15,TOTAL,ALL,1,ALL,ALL,2018,3423,,,,,,,,ALL_N1,,,,,,,
IT1:DF_DCSS_ISTR_LAV_PEN_2_TV_3(1.0),A,087017,RESPOP_AV,F,Y_GE15,TOTAL,ALL,1,ALL,ALL,2019,3498,,,,,,,,ALL_N1,,,,,,,
IT1:DF_DCSS_ISTR_LAV_PEN_2_TV_3(1.0),A,087017,RESPOP_AV,F,Y_GE15,TOTAL,ALL,1,ALL,ALL,2021,3558,,,,,,,,ALL_N1,,,,,,,
IT1:DF_DCSS_ISTR_LAV_PEN_2_TV_3(1.0),A,087017,RESPOP_AV,F,Y_GE15,TOTAL,ALL,1,ALL,ALL,2022,3636,,,,,,,,ALL_N1,,,,,,,
IT1:DF_DCSS_ISTR_LAV_PEN_2_TV_3(1.0),A,087017,RESPOP_AV,F,Y_GE15,TOTAL,ALL,1,ALL,ALL,2023,3792,,,,,,,,ALL_N1,,,,,,,
IT1:DF_DCSS_ISTR_LAV_PEN_2_TV_3(1.0),A,087017,RESPOP_AV,F,Y_GE15,TOTAL,ALL,1,ALL,ALL,2024,3788,,,,,,,,ALL_N1,,,,,,,
IT1:DF_DCSS_ISTR_LAV_PEN_2_TV_3(1.0),A,087017,RESPOP_AV,F,Y_GE15,TOTAL,ALL,12,ALL,ALL,2018,1388,,,,,,,,ALL_N1,,,,,,,
IT1:DF_DCSS_ISTR_LAV_PEN_2_TV_3(1.0),A,087017,RESPOP_AV,F,Y_GE15,TOTAL,ALL,12,ALL,ALL,2019,1311,,,,,,,,ALL_N1,,,,,,,
IT1:DF_DCSS_ISTR_LAV_PEN_2_TV_3(1.0),A,087017,RESPOP_AV,F,Y_GE15,TOTAL,ALL,12,ALL,ALL,2021,749.922031655113,,,,,,,,ALL_N1,,,,,,,
IT1:DF_DCSS_ISTR_LAV_PEN_2_TV_3(1.0),A,087017,RESPOP_AV,F,Y_GE15,TOTAL,ALL,12,ALL,ALL,2022,818.593169116472,,,,,,,,ALL_N1,,,,,,,
IT1:DF_DCSS_ISTR_LAV_PEN_2_TV_3(1.0),A,087017,RESPOP_AV,F,Y_GE15,TOTAL,ALL,12,ALL,ALL,2023,712.4609250410359,,,,,,,,ALL_N1,,,,,,,
IT1:DF_DCSS_ISTR_LAV_PEN_2_TV_3(1.0),A,087017,RESPOP_AV,F,Y_GE15,TOTAL,ALL,12,ALL,ALL,2024,599.9803727553074,,,,,,,,ALL_N1,,,,,,,
IT1:DF_DCSS_ISTR_LAV_PEN_2_TV_3(1.0),A,087017,RESPOP_AV,F,Y_GE15,TOTAL,ALL,22,ALL,ALL,2018,4811,,,,,,,,ALL_N1,,,,,,,
IT1:DF_DCSS_ISTR_LAV_PEN_2_TV_3(1.0),A,087017,RESPOP_AV,F,Y_GE15,TOTAL,ALL,22,ALL,ALL,2019,4809,,,,,,,,ALL_N1,,,,,,,
IT1:DF_DCSS_ISTR_LAV_PEN_2_TV_3(1.0),A,087017,RESPOP_AV,F,Y_GE15,TOTAL,ALL,22,ALL,ALL,2021,4307.92203165511,,,,,,,,ALL_N1,,,,,,,
IT1:DF_DCSS_ISTR_LAV_PEN_2_TV_3(1.0),A,087017,RESPOP_AV,F,Y_GE15,TOTAL,ALL,22,ALL,ALL,2022,4454.59316911647,,,,,,,,ALL_N1,,,,,,,
IT1:DF_DCSS_ISTR_LAV_PEN_2_TV_3(1.0),A,087017,RESPOP_AV,F,Y_GE15,TOTAL,ALL,22,ALL,ALL,2023,4504.460925041036,,,,,,,,ALL_N1,,,,,,,
IT1:DF_DCSS_ISTR_LAV_PEN_2_TV_3(1.0),A,087017,RESPOP_AV,F,Y_GE15,TOTAL,ALL,22,ALL,ALL,2024,4387.980372755307,,,,,,,,ALL_N1,,,,,,,
IT1:DF_DCSS_ISTR_LAV_PEN_2_TV_3(1.0),A,087017,RESPOP_AV,F,Y_GE15,TOTAL,ALL,23,ALL,ALL,2018,7393,,,,,,,,ALL_N1,,,,,,,
IT1:DF_DCSS_ISTR_LAV_PEN_2_TV_3(1.0),A,087017,RESPOP_AV,F,Y_GE15,TOTAL,ALL,23,ALL,ALL,2019,7368,,,,,,,,ALL_N1,,,,,,,
IT1:DF_DCSS_ISTR_LAV_PEN_2_TV_3(1.0),A,087017,RESPOP_AV,F,Y_GE15,TOTAL,ALL,23,ALL,ALL,2021,7844.07796834489,,,,,,,,ALL_N1,,,,,,,
IT1:DF_DCSS_ISTR_LAV_PEN_2_TV_3(1.0),A,087017,RESPOP_AV,F,Y_GE15,TOTAL,ALL,23,ALL,ALL,2022,7648.40683088353,,,,,,,,ALL_N1,,,,,,,
IT1:DF_DCSS_ISTR_LAV_PEN_2_TV_3(1.0),A,087017,RESPOP_AV,F,Y_GE15,TOTAL,ALL,23,ALL,ALL,2023,7572.539074958963,,,,,,,,ALL_N1,,,,,,,
IT1:DF_DCSS_ISTR_LAV_PEN_2_TV_3(1.0),A,087017,RESPOP_AV,F,Y_GE15,TOTAL,ALL,23,ALL,ALL,2024,7668.019627244692,,,,,,,,ALL_N1,,,,,,,
IT1:DF_DCSS_ISTR_LAV_PEN_2_TV_3(1.0),A,087017,RESPOP_AV,F,Y_GE15,TOTAL,ALL,24,ALL,ALL,2018,2232,,,,,,,,ALL_N1,,,,,,,
IT1:DF_DCSS_ISTR_LAV_PEN_2_TV_3(1.0),A,087017,RESPOP_AV,F,Y_GE15,TOTAL,ALL,24,ALL,ALL,2019,2380,,,,,,,,ALL_N1,,,,,,,
IT1:DF_DCSS_ISTR_LAV_PEN_2_TV_3(1.0),A,087017,RESPOP_AV,F,Y_GE15,TOTAL,ALL,24,ALL,ALL,2021,2454.83184751042,,,,,,,,ALL_N1,,,,,,,
IT1:DF_DCSS_ISTR_LAV_PEN_2_TV_3(1.0),A,087017,RESPOP_AV,F,Y_GE15,TOTAL,ALL,24,ALL,ALL,2022,2361.4669774722,,,,,,,,ALL_N1,,,,,,,
IT1:DF_DCSS_ISTR_LAV_PEN_2_TV_3(1.0),A,087017,RESPOP_AV,F,Y_GE15,TOTAL,ALL,24,ALL,ALL,2023,2418.4528669031433,,,,,,,,ALL_N1,,,,,,,
IT1:DF_DCSS_ISTR_LAV_PEN_2_TV_3(1.0),A,087017,RESPOP_AV,F,Y_GE15,TOTAL,ALL,24,ALL,ALL,2024,2412.7244408252377,,,,,,,,ALL_N1,,,,,,,
IT1:DF_DCSS_ISTR_LAV_PEN_2_TV_3(1.0),A,087017,RESPOP_AV,F,Y_GE15,TOTAL,ALL,4,ALL,ALL,2018,3032,,,,,,,,ALL_N1,,,,,,,
IT1:DF_DCSS_ISTR_LAV_PEN_2_TV_3(1.0),A,087017,RESPOP_AV,F,Y_GE15,TOTAL,ALL,4,ALL,ALL,2019,3079,,,,,,,,ALL_N1,,,,,,,
IT1:DF_DCSS_ISTR_LAV_PEN_2_TV_3(1.0),A,087017,RESPOP_AV,F,Y_GE15,TOTAL,ALL,4,ALL,ALL,2021,3281.5939945826,,,,,,,,ALL_N1,,,,,,,
IT1:DF_DCSS_ISTR_LAV_PEN_2_TV_3(1.0),A,087017,RESPOP_AV,F,Y_GE15,TOTAL,ALL,4,ALL,ALL,2022,3257.15938309607,,,,,,,,ALL_N1,,,,,,,
IT1:DF_DCSS_ISTR_LAV_PEN_2_TV_3(1.0),A,087017,RESPOP_AV,F,Y_GE15,TOTAL,ALL,4,ALL,ALL,2023,3200.615657900028,,,,,,,,ALL_N1,,,,,,,
IT1:DF_DCSS_ISTR_LAV_PEN_2_TV_3(1.0),A,087017,RESPOP_AV,F,Y_GE15,TOTAL,ALL,4,ALL,ALL,2024,3224.8850121321625,,,,,,,,ALL_N1,,,,,,,
IT1:DF_DCSS_ISTR_LAV_PEN_2_TV_3(1.0),A,087017,RESPOP_AV,F,Y_GE15,TOTAL,ALL,5,ALL,ALL,2018,944,,,,,,,,ALL_N1,,,,,,,
IT1:DF_DCSS_ISTR_LAV_PEN_2_TV_3(1.0),A,087017,RESPOP_AV,F,Y_GE15,TOTAL,ALL,5,ALL,ALL,2019,1001,,,,,,,,ALL_N1,,,,,,,
IT1:DF_DCSS_ISTR_LAV_PEN_2_TV_3(1.0),A,087017,RESPOP_AV,F,Y_GE15,TOTAL,ALL,5,ALL,ALL,2021,1008.24272143747,,,,,,,,ALL_N1,,,,,,,
IT1:DF_DCSS_ISTR_LAV_PEN_2_TV_3(1.0),A,087017,RESPOP_AV,F,Y_GE15,TOTAL,ALL,5,ALL,ALL,2022,1006.03748902854,,,,,,,,ALL_N1,,,,,,,
IT1:DF_DCSS_ISTR_LAV_PEN_2_TV_3(1.0),A,087017,RESPOP_AV,F,Y_GE15,TOTAL,ALL,5,ALL,ALL,2023,997.2177541178506,,,,,,,,ALL_N1,,,,,,,
IT1:DF_DCSS_ISTR_LAV_PEN_2_TV_3(1.0),A,087017,RESPOP_AV,F,Y_GE15,TOTAL,ALL,5,ALL,ALL,2024,1012.3364010881636,,,,,,,,ALL_N1,,,,,,,
IT1:DF_DCSS_ISTR_LAV_PEN_2_TV_3(1.0),A,087017,RESPOP_AV,F,Y_GE15,TOTAL,ALL,7,ALL,ALL,2018,1185,,,,,,,,ALL_N1,,,,,,,
IT1:DF_DCSS_ISTR_LAV_PEN_2_TV_3(1.0),A,087017,RESPOP_AV,F,Y_GE15,TOTAL,ALL,7,ALL,ALL,2019,908,,,,,,,,ALL_N1,,,,,,,
IT1:DF_DCSS_ISTR_LAV_PEN_2_TV_3(1.0),A,087017,RESPOP_AV,F,Y_GE15,TOTAL,ALL,7,ALL,ALL,2021,1099.4094048144,,,,,,,,ALL_N1,,,,,,,
IT1:DF_DCSS_ISTR_LAV_PEN_2_TV_3(1.0),A,087017,RESPOP_AV,F,Y_GE15,TOTAL,ALL,7,ALL,ALL,2022,1023.74298128671,,,,,,,,ALL_N1,,,,,,,
IT1:DF_DCSS_ISTR_LAV_PEN_2_TV_3(1.0),A,087017,RESPOP_AV,F,Y_GE15,TOTAL,ALL,7,ALL,ALL,2023,956.2527960379414,,,,,,,,ALL_N1,,,,,,,
IT1:DF_DCSS_ISTR_LAV_PEN_2_TV_3(1.0),A,087017,RESPOP_AV,F,Y_GE15,TOTAL,ALL,7,ALL,ALL,2024,1018.0737731991283,,,,,,,,ALL_N1,,,,,,,
IT1:DF_DCSS_ISTR_LAV_PEN_2_TV_3(1.0),A,087017,RESPOP_AV,F,Y_GE15,TOTAL,ALL,99,ALL,ALL,2018,12204,,,,,,,,ALL_N1,99_N1,,,,,,
IT1:DF_DCSS_ISTR_LAV_PEN_2_TV_3(1.0),A,087017,RESPOP_AV,F,Y_GE15,TOTAL,ALL,99,ALL,ALL,2019,12176,,,,,,,,ALL_N1,99_N1,,,,,,
IT1:DF_DCSS_ISTR_LAV_PEN_2_TV_3(1.0),A,087017,RESPOP_AV,F,Y_GE15,TOTAL,ALL,99,ALL,ALL,2021,12152,,,,,,,,ALL_N1,99_N1,,,,,,
IT1:DF_DCSS_ISTR_LAV_PEN_2_TV_3(1.0),A,087017,RESPOP_AV,F,Y_GE15,TOTAL,ALL,99,ALL,ALL,2022,12103,,,,,,,,ALL_N1,99_N1,,,,,,
IT1:DF_DCSS_ISTR_LAV_PEN_2_TV_3(1.0),A,087017,RESPOP_AV,F,Y_GE15,TOTAL,ALL,99,ALL,ALL,2023,12077,,,,,,,,ALL_N1,99_N1,,,,,,
IT1:DF_DCSS_ISTR_LAV_PEN_2_TV_3(1.0),A,087017,RESPOP_AV,F,Y_GE15,TOTAL,ALL,99,ALL,ALL,2024,12056,,,,,,,,ALL_N1,99_N1,,,,,,
IT1:DF_DCSS_ISTR_LAV_PEN_2_TV_3(1.0),A,087017,RESPOP_AV,M,Y_GE15,TOTAL,ALL,1,ALL,ALL,2018,4925,,,,,,,,ALL_N1,,,,,,,
IT1:DF_DCSS_ISTR_LAV_PEN_2_TV_3(1.0),A,087017,RESPOP_AV,M,Y_GE15,TOTAL,ALL,1,ALL,ALL,2019,5021,,,,,,,,ALL_N1,,,,,,,
IT1:DF_DCSS_ISTR_LAV_PEN_2_TV_3(1.0),A,087017,RESPOP_AV,M,Y_GE15,TOTAL,ALL,1,ALL,ALL,2021,4986,,,,,,,,ALL_N1,,,,,,,
IT1:DF_DCSS_ISTR_LAV_PEN_2_TV_3(1.0),A,087017,RESPOP_AV,M,Y_GE15,TOTAL,ALL,1,ALL,ALL,2022,5078,,,,,,,,ALL_N1,,,,,,,
IT1:DF_DCSS_ISTR_LAV_PEN_2_TV_3(1.0),A,087017,RESPOP_AV,M,Y_GE15,TOTAL,ALL,1,ALL,ALL,2023,5180,,,,,,,,ALL_N1,,,,,,,
IT1:DF_DCSS_ISTR_LAV_PEN_2_TV_3(1.0),A,087017,RESPOP_AV,M,Y_GE15,TOTAL,ALL,1,ALL,ALL,2024,5298,,,,,,,,ALL_N1,,,,,,,
IT1:DF_DCSS_ISTR_LAV_PEN_2_TV_3(1.0),A,087017,RESPOP_AV,M,Y_GE15,TOTAL,ALL,12,ALL,ALL,2018,1548,,,,,,,,ALL_N1,,,,,,,
IT1:DF_DCSS_ISTR_LAV_PEN_2_TV_3(1.0),A,087017,RESPOP_AV,M,Y_GE15,TOTAL,ALL,12,ALL,ALL,2019,1453,,,,,,,,ALL_N1,,,,,,,
IT1:DF_DCSS_ISTR_LAV_PEN_2_TV_3(1.0),A,087017,RESPOP_AV,M,Y_GE15,TOTAL,ALL,12,ALL,ALL,2021,901.127030591974,,,,,,,,ALL_N1,,,,,,,
IT1:DF_DCSS_ISTR_LAV_PEN_2_TV_3(1.0),A,087017,RESPOP_AV,M,Y_GE15,TOTAL,ALL,12,ALL,ALL,2022,988.421764011345,,,,,,,,ALL_N1,,,,,,,
IT1:DF_DCSS_ISTR_LAV_PEN_2_TV_3(1.0),A,087017,RESPOP_AV,M,Y_GE15,TOTAL,ALL,12,ALL,ALL,2023,828.4083994342301,,,,,,,,ALL_N1,,,,,,,
IT1:DF_DCSS_ISTR_LAV_PEN_2_TV_3(1.0),A,087017,RESPOP_AV,M,Y_GE15,TOTAL,ALL,12,ALL,ALL,2024,704.4357521322825,,,,,,,,ALL_N1,,,,,,,
IT1:DF_DCSS_ISTR_LAV_PEN_2_TV_3(1.0),A,087017,RESPOP_AV,M,Y_GE15,TOTAL,ALL,22,ALL,ALL,2018,6473,,,,,,,,ALL_N1,,,,,,,
IT1:DF_DCSS_ISTR_LAV_PEN_2_TV_3(1.0),A,087017,RESPOP_AV,M,Y_GE15,TOTAL,ALL,22,ALL,ALL,2019,6474,,,,,,,,ALL_N1,,,,,,,
IT1:DF_DCSS_ISTR_LAV_PEN_2_TV_3(1.0),A,087017,RESPOP_AV,M,Y_GE15,TOTAL,ALL,22,ALL,ALL,2021,5887.12703059197,,,,,,,,ALL_N1,,,,,,,
IT1:DF_DCSS_ISTR_LAV_PEN_2_TV_3(1.0),A,087017,RESPOP_AV,M,Y_GE15,TOTAL,ALL,22,ALL,ALL,2022,6066.42176401134,,,,,,,,ALL_N1,,,,,,,
IT1:DF_DCSS_ISTR_LAV_PEN_2_TV_3(1.0),A,087017,RESPOP_AV,M,Y_GE15,TOTAL,ALL,22,ALL,ALL,2023,6008.40839943423,,,,,,,,ALL_N1,,,,,,,
IT1:DF_DCSS_ISTR_LAV_PEN_2_TV_3(1.0),A,087017,RESPOP_AV,M,Y_GE15,TOTAL,ALL,22,ALL,ALL,2024,6002.435752132283,,,,,,,,ALL_N1,,,,,,,
IT1:DF_DCSS_ISTR_LAV_PEN_2_TV_3(1.0),A,087017,RESPOP_AV,M,Y_GE15,TOTAL,ALL,23,ALL,ALL,2018,4738,,,,,,,,ALL_N1,,,,,,,
IT1:DF_DCSS_ISTR_LAV_PEN_2_TV_3(1.0),A,087017,RESPOP_AV,M,Y_GE15,TOTAL,ALL,23,ALL,ALL,2019,4712,,,,,,,,ALL_N1,,,,,,,
IT1:DF_DCSS_ISTR_LAV_PEN_2_TV_3(1.0),A,087017,RESPOP_AV,M,Y_GE15,TOTAL,ALL,23,ALL,ALL,2021,5291.87296940803,,,,,,,,ALL_N1,,,,,,,
IT1:DF_DCSS_ISTR_LAV_PEN_2_TV_3(1.0),A,087017,RESPOP_AV,M,Y_GE15,TOTAL,ALL,23,ALL,ALL,2022,5092.57823598866,,,,,,,,ALL_N1,,,,,,,
IT1:DF_DCSS_ISTR_LAV_PEN_2_TV_3(1.0),A,087017,RESPOP_AV,M,Y_GE15,TOTAL,ALL,23,ALL,ALL,2023,5110.59160056577,,,,,,,,ALL_N1,,,,,,,
IT1:DF_DCSS_ISTR_LAV_PEN_2_TV_3(1.0),A,087017,RESPOP_AV,M,Y_GE15,TOTAL,ALL,23,ALL,ALL,2024,5170.564247867717,,,,,,,,ALL_N1,,,,,,,
IT1:DF_DCSS_ISTR_LAV_PEN_2_TV_3(1.0),A,087017,RESPOP_AV,M,Y_GE15,TOTAL,ALL,24,ALL,ALL,2018,2239,,,,,,,,ALL_N1,,,,,,,
IT1:DF_DCSS_ISTR_LAV_PEN_2_TV_3(1.0),A,087017,RESPOP_AV,M,Y_GE15,TOTAL,ALL,24,ALL,ALL,2019,2433,,,,,,,,ALL_N1,,,,,,,
IT1:DF_DCSS_ISTR_LAV_PEN_2_TV_3(1.0),A,087017,RESPOP_AV,M,Y_GE15,TOTAL,ALL,24,ALL,ALL,2021,2589.13977219646,,,,,,,,ALL_N1,,,,,,,
IT1:DF_DCSS_ISTR_LAV_PEN_2_TV_3(1.0),A,087017,RESPOP_AV,M,Y_GE15,TOTAL,ALL,24,ALL,ALL,2022,2591.70236802583,,,,,,,,ALL_N1,,,,,,,
IT1:DF_DCSS_ISTR_LAV_PEN_2_TV_3(1.0),A,087017,RESPOP_AV,M,Y_GE15,TOTAL,ALL,24,ALL,ALL,2023,2629.5253443577935,,,,,,,,ALL_N1,,,,,,,
IT1:DF_DCSS_ISTR_LAV_PEN_2_TV_3(1.0),A,087017,RESPOP_AV,M,Y_GE15,TOTAL,ALL,24,ALL,ALL,2024,2672.3138299281177,,,,,,,,ALL_N1,,,,,,,
IT1:DF_DCSS_ISTR_LAV_PEN_2_TV_3(1.0),A,087017,RESPOP_AV,M,Y_GE15,TOTAL,ALL,4,ALL,ALL,2018,133,,,,,,,,ALL_N1,,,,,,,
IT1:DF_DCSS_ISTR_LAV_PEN_2_TV_3(1.0),A,087017,RESPOP_AV,M,Y_GE15,TOTAL,ALL,4,ALL,ALL,2019,145,,,,,,,,ALL_N1,,,,,,,
IT1:DF_DCSS_ISTR_LAV_PEN_2_TV_3(1.0),A,087017,RESPOP_AV,M,Y_GE15,TOTAL,ALL,4,ALL,ALL,2021,237.632407988119,,,,,,,,ALL_N1,,,,,,,
IT1:DF_DCSS_ISTR_LAV_PEN_2_TV_3(1.0),A,087017,RESPOP_AV,M,Y_GE15,TOTAL,ALL,4,ALL,ALL,2022,243.877729552219,,,,,,,,ALL_N1,,,,,,,
IT1:DF_DCSS_ISTR_LAV_PEN_2_TV_3(1.0),A,087017,RESPOP_AV,M,Y_GE15,TOTAL,ALL,4,ALL,ALL,2023,278.98827650786745,,,,,,,,ALL_N1,,,,,,,
IT1:DF_DCSS_ISTR_LAV_PEN_2_TV_3(1.0),A,087017,RESPOP_AV,M,Y_GE15,TOTAL,ALL,4,ALL,ALL,2024,249.1102972552844,,,,,,,,ALL_N1,,,,,,,
IT1:DF_DCSS_ISTR_LAV_PEN_2_TV_3(1.0),A,087017,RESPOP_AV,M,Y_GE15,TOTAL,ALL,5,ALL,ALL,2018,841,,,,,,,,ALL_N1,,,,,,,
IT1:DF_DCSS_ISTR_LAV_PEN_2_TV_3(1.0),A,087017,RESPOP_AV,M,Y_GE15,TOTAL,ALL,5,ALL,ALL,2019,892,,,,,,,,ALL_N1,,,,,,,
IT1:DF_DCSS_ISTR_LAV_PEN_2_TV_3(1.0),A,087017,RESPOP_AV,M,Y_GE15,TOTAL,ALL,5,ALL,ALL,2021,855.023470417636,,,,,,,,ALL_N1,,,,,,,
IT1:DF_DCSS_ISTR_LAV_PEN_2_TV_3(1.0),A,087017,RESPOP_AV,M,Y_GE15,TOTAL,ALL,5,ALL,ALL,2022,881.952598187815,,,,,,,,ALL_N1,,,,,,,
IT1:DF_DCSS_ISTR_LAV_PEN_2_TV_3(1.0),A,087017,RESPOP_AV,M,Y_GE15,TOTAL,ALL,5,ALL,ALL,2023,904.7554943656197,,,,,,,,ALL_N1,,,,,,,
IT1:DF_DCSS_ISTR_LAV_PEN_2_TV_3(1.0),A,087017,RESPOP_AV,M,Y_GE15,TOTAL,ALL,5,ALL,ALL,2024,877.6410119839124,,,,,,,,ALL_N1,,,,,,,
IT1:DF_DCSS_ISTR_LAV_PEN_2_TV_3(1.0),A,087017,RESPOP_AV,M,Y_GE15,TOTAL,ALL,7,ALL,ALL,2018,1525,,,,,,,,ALL_N1,,,,,,,
IT1:DF_DCSS_ISTR_LAV_PEN_2_TV_3(1.0),A,087017,RESPOP_AV,M,Y_GE15,TOTAL,ALL,7,ALL,ALL,2019,1242,,,,,,,,ALL_N1,,,,,,,
IT1:DF_DCSS_ISTR_LAV_PEN_2_TV_3(1.0),A,087017,RESPOP_AV,M,Y_GE15,TOTAL,ALL,7,ALL,ALL,2021,1610.07731880581,,,,,,,,ALL_N1,,,,,,,
IT1:DF_DCSS_ISTR_LAV_PEN_2_TV_3(1.0),A,087017,RESPOP_AV,M,Y_GE15,TOTAL,ALL,7,ALL,ALL,2022,1375.04554022279,,,,,,,,ALL_N1,,,,,,,
IT1:DF_DCSS_ISTR_LAV_PEN_2_TV_3(1.0),A,087017,RESPOP_AV,M,Y_GE15,TOTAL,ALL,7,ALL,ALL,2023,1297.3224853344896,,,,,,,,ALL_N1,,,,,,,
IT1:DF_DCSS_ISTR_LAV_PEN_2_TV_3(1.0),A,087017,RESPOP_AV,M,Y_GE15,TOTAL,ALL,7,ALL,ALL,2024,1371.4991087004032,,,,,,,,ALL_N1,,,,,,,
IT1:DF_DCSS_ISTR_LAV_PEN_2_TV_3(1.0),A,087017,RESPOP_AV,M,Y_GE15,TOTAL,ALL,99,ALL,ALL,2018,11210,,,,,,,,ALL_N1,99_N1,,,,,,
IT1:DF_DCSS_ISTR_LAV_PEN_2_TV_3(1.0),A,087017,RESPOP_AV,M,Y_GE15,TOTAL,ALL,99,ALL,ALL,2019,11185,,,,,,,,ALL_N1,99_N1,,,,,,
IT1:DF_DCSS_ISTR_LAV_PEN_2_TV_3(1.0),A,087017,RESPOP_AV,M,Y_GE15,TOTAL,ALL,99,ALL,ALL,2021,11179,,,,,,,,ALL_N1,99_N1,,,,,,
IT1:DF_DCSS_ISTR_LAV_PEN_2_TV_3(1.0),A,087017,RESPOP_AV,M,Y_GE15,TOTAL,ALL,99,ALL,ALL,2022,11159,,,,,,,,ALL_N1,99_N1,,,,,,
IT1:DF_DCSS_ISTR_LAV_PEN_2_TV_3(1.0),A,087017,RESPOP_AV,M,Y_GE15,TOTAL,ALL,99,ALL,ALL,2023,11119,,,,,,,,ALL_N1,99_N1,,,,,,
IT1:DF_DCSS_ISTR_LAV_PEN_2_TV_3(1.0),A,087017,RESPOP_AV,M,Y_GE15,TOTAL,ALL,99,ALL,ALL,2024,11173,,,,,,,,ALL_N1,99_N1,,,,,,
IT1:DF_DCSS_ISTR_LAV_PEN_2_TV_3(1.0),A,087017,RESPOP_AV,T,Y_GE15,TOTAL,ALL,1,ALL,ALL,2018,8348,,,,,,,,ALL_N1,,,,,,,
IT1:DF_DCSS_ISTR_LAV_PEN_2_TV_3(1.0),A,087017,RESPOP_AV,T,Y_GE15,TOTAL,ALL,1,ALL,ALL,2019,8519,,,,,,,,ALL_N1,,,,,,,
IT1:DF_DCSS_ISTR_LAV_PEN_2_TV_3(1.0),A,087017,RESPOP_AV,T,Y_GE15,TOTAL,ALL,1,ALL,ALL,2021,8544,,,,,,,,ALL_N1,,,,,,,
IT1:DF_DCSS_ISTR_LAV_PEN_2_TV_3(1.0),A,087017,RESPOP_AV,T,Y_GE15,TOTAL,ALL,1,ALL,ALL,2022,8714,,,,,,,,ALL_N1,,,,,,,
IT1:DF_DCSS_ISTR_LAV_PEN_2_TV_3(1.0),A,087017,RESPOP_AV,T,Y_GE15,TOTAL,ALL,1,ALL,ALL,2023,8972,,,,,,,,ALL_N1,,,,,,,
IT1:DF_DCSS_ISTR_LAV_PEN_2_TV_3(1.0),A,087017,RESPOP_AV,T,Y_GE15,TOTAL,ALL,1,ALL,ALL,2024,9086,,,,,,,,ALL_N1,,,,,,,
IT1:DF_DCSS_ISTR_LAV_PEN_2_TV_3(1.0),A,087017,RESPOP_AV,T,Y_GE15,TOTAL,ALL,12,ALL,ALL,2018,2936,,,,,,,,ALL_N1,,,,,,,
IT1:DF_DCSS_ISTR_LAV_PEN_2_TV_3(1.0),A,087017,RESPOP_AV,T,Y_GE15,TOTAL,ALL,12,ALL,ALL,2019,2763,,,,,,,,ALL_N1,,,,,,,
IT1:DF_DCSS_ISTR_LAV_PEN_2_TV_3(1.0),A,087017,RESPOP_AV,T,Y_GE15,TOTAL,ALL,12,ALL,ALL,2021,1651.04906224709,,,,,,,,ALL_N1,,,,,,,
IT1:DF_DCSS_ISTR_LAV_PEN_2_TV_3(1.0),A,087017,RESPOP_AV,T,Y_GE15,TOTAL,ALL,12,ALL,ALL,2022,1807.01493312782,,,,,,,,ALL_N1,,,,,,,
IT1:DF_DCSS_ISTR_LAV_PEN_2_TV_3(1.0),A,087017,RESPOP_AV,T,Y_GE15,TOTAL,ALL,12,ALL,ALL,2023,1540.869324475266,,,,,,,,ALL_N1,,,,,,,
IT1:DF_DCSS_ISTR_LAV_PEN_2_TV_3(1.0),A,087017,RESPOP_AV,T,Y_GE15,TOTAL,ALL,12,ALL,ALL,2024,1304.4161248875898,,,,,,,,ALL_N1,,,,,,,
IT1:DF_DCSS_ISTR_LAV_PEN_2_TV_3(1.0),A,087017,RESPOP_AV,T,Y_GE15,TOTAL,ALL,22,ALL,ALL,2018,11284,,,,,,,,ALL_N1,,,,,,,
IT1:DF_DCSS_ISTR_LAV_PEN_2_TV_3(1.0),A,087017,RESPOP_AV,T,Y_GE15,TOTAL,ALL,22,ALL,ALL,2019,11282,,,,,,,,ALL_N1,,,,,,,
IT1:DF_DCSS_ISTR_LAV_PEN_2_TV_3(1.0),A,087017,RESPOP_AV,T,Y_GE15,TOTAL,ALL,22,ALL,ALL,2021,10195.0490622471,,,,,,,,ALL_N1,,,,,,,
IT1:DF_DCSS_ISTR_LAV_PEN_2_TV_3(1.0),A,087017,RESPOP_AV,T,Y_GE15,TOTAL,ALL,22,ALL,ALL,2022,10521.0149331278,,,,,,,,ALL_N1,,,,,,,
IT1:DF_DCSS_ISTR_LAV_PEN_2_TV_3(1.0),A,087017,RESPOP_AV,T,Y_GE15,TOTAL,ALL,22,ALL,ALL,2023,10512.869324475267,,,,,,,,ALL_N1,,,,,,,
IT1:DF_DCSS_ISTR_LAV_PEN_2_TV_3(1.0),A,087017,RESPOP_AV,T,Y_GE15,TOTAL,ALL,22,ALL,ALL,2024,10390.41612488759,,,,,,,,ALL_N1,,,,,,,
IT1:DF_DCSS_ISTR_LAV_PEN_2_TV_3(1.0),A,087017,RESPOP_AV,T,Y_GE15,TOTAL,ALL,23,ALL,ALL,2018,12131,,,,,,,,ALL_N1,,,,,,,
IT1:DF_DCSS_ISTR_LAV_PEN_2_TV_3(1.0),A,087017,RESPOP_AV,T,Y_GE15,TOTAL,ALL,23,ALL,ALL,2019,12079,,,,,,,,ALL_N1,,,,,,,
IT1:DF_DCSS_ISTR_LAV_PEN_2_TV_3(1.0),A,087017,RESPOP_AV,T,Y_GE15,TOTAL,ALL,23,ALL,ALL,2021,13135.9509377529,,,,,,,,ALL_N1,,,,,,,
IT1:DF_DCSS_ISTR_LAV_PEN_2_TV_3(1.0),A,087017,RESPOP_AV,T,Y_GE15,TOTAL,ALL,23,ALL,ALL,2022,12740.9850668722,,,,,,,,ALL_N1,,,,,,,
IT1:DF_DCSS_ISTR_LAV_PEN_2_TV_3(1.0),A,087017,RESPOP_AV,T,Y_GE15,TOTAL,ALL,23,ALL,ALL,2023,12683.130675524733,,,,,,,,ALL_N1,,,,,,,
IT1:DF_DCSS_ISTR_LAV_PEN_2_TV_3(1.0),A,087017,RESPOP_AV,T,Y_GE15,TOTAL,ALL,23,ALL,ALL,2024,12838.58387511241,,,,,,,,ALL_N1,,,,,,,
IT1:DF_DCSS_ISTR_LAV_PEN_2_TV_3(1.0),A,087017,RESPOP_AV,T,Y_GE15,TOTAL,ALL,24,ALL,ALL,2018,4471,,,,,,,,ALL_N1,,,,,,,
IT1:DF_DCSS_ISTR_LAV_PEN_2_TV_3(1.0),A,087017,RESPOP_AV,T,Y_GE15,TOTAL,ALL,24,ALL,ALL,2019,4813,,,,,,,,ALL_N1,,,,,,,
IT1:DF_DCSS_ISTR_LAV_PEN_2_TV_3(1.0),A,087017,RESPOP_AV,T,Y_GE15,TOTAL,ALL,24,ALL,ALL,2021,5043.97161970688,,,,,,,,ALL_N1,,,,,,,
IT1:DF_DCSS_ISTR_LAV_PEN_2_TV_3(1.0),A,087017,RESPOP_AV,T,Y_GE15,TOTAL,ALL,24,ALL,ALL,2022,4953.16934549804,,,,,,,,ALL_N1,,,,,,,
IT1:DF_DCSS_ISTR_LAV_PEN_2_TV_3(1.0),A,087017,RESPOP_AV,T,Y_GE15,TOTAL,ALL,24,ALL,ALL,2023,5047.978211260937,,,,,,,,ALL_N1,,,,,,,
IT1:DF_DCSS_ISTR_LAV_PEN_2_TV_3(1.0),A,087017,RESPOP_AV,T,Y_GE15,TOTAL,ALL,24,ALL,ALL,2024,5085.038270753355,,,,,,,,ALL_N1,,,,,,,
IT1:DF_DCSS_ISTR_LAV_PEN_2_TV_3(1.0),A,087017,RESPOP_AV,T,Y_GE15,TOTAL,ALL,4,ALL,ALL,2018,3165,,,,,,,,ALL_N1,,,,,,,
IT1:DF_DCSS_ISTR_LAV_PEN_2_TV_3(1.0),A,087017,RESPOP_AV,T,Y_GE15,TOTAL,ALL,4,ALL,ALL,2019,3224,,,,,,,,ALL_N1,,,,,,,
IT1:DF_DCSS_ISTR_LAV_PEN_2_TV_3(1.0),A,087017,RESPOP_AV,T,Y_GE15,TOTAL,ALL,4,ALL,ALL,2021,3519.22640257072,,,,,,,,ALL_N1,,,,,,,
IT1:DF_DCSS_ISTR_LAV_PEN_2_TV_3(1.0),A,087017,RESPOP_AV,T,Y_GE15,TOTAL,ALL,4,ALL,ALL,2022,3501.03711264829,,,,,,,,ALL_N1,,,,,,,
IT1:DF_DCSS_ISTR_LAV_PEN_2_TV_3(1.0),A,087017,RESPOP_AV,T,Y_GE15,TOTAL,ALL,4,ALL,ALL,2023,3479.6039344078954,,,,,,,,ALL_N1,,,,,,,
IT1:DF_DCSS_ISTR_LAV_PEN_2_TV_3(1.0),A,087017,RESPOP_AV,T,Y_GE15,TOTAL,ALL,4,ALL,ALL,2024,3473.995309387447,,,,,,,,ALL_N1,,,,,,,
IT1:DF_DCSS_ISTR_LAV_PEN_2_TV_3(1.0),A,087017,RESPOP_AV,T,Y_GE15,TOTAL,ALL,5,ALL,ALL,2018,1785,,,,,,,,ALL_N1,,,,,,,
IT1:DF_DCSS_ISTR_LAV_PEN_2_TV_3(1.0),A,087017,RESPOP_AV,T,Y_GE15,TOTAL,ALL,5,ALL,ALL,2019,1892,,,,,,,,ALL_N1,,,,,,,
IT1:DF_DCSS_ISTR_LAV_PEN_2_TV_3(1.0),A,087017,RESPOP_AV,T,Y_GE15,TOTAL,ALL,5,ALL,ALL,2021,1863.2661918551,,,,,,,,ALL_N1,,,,,,,
IT1:DF_DCSS_ISTR_LAV_PEN_2_TV_3(1.0),A,087017,RESPOP_AV,T,Y_GE15,TOTAL,ALL,5,ALL,ALL,2022,1887.99008721636,,,,,,,,ALL_N1,,,,,,,
IT1:DF_DCSS_ISTR_LAV_PEN_2_TV_3(1.0),A,087017,RESPOP_AV,T,Y_GE15,TOTAL,ALL,5,ALL,ALL,2023,1901.9732484834703,,,,,,,,ALL_N1,,,,,,,
IT1:DF_DCSS_ISTR_LAV_PEN_2_TV_3(1.0),A,087017,RESPOP_AV,T,Y_GE15,TOTAL,ALL,5,ALL,ALL,2024,1889.977413072076,,,,,,,,ALL_N1,,,,,,,
IT1:DF_DCSS_ISTR_LAV_PEN_2_TV_3(1.0),A,087017,RESPOP_AV,T,Y_GE15,TOTAL,ALL,7,ALL,ALL,2018,2710,,,,,,,,ALL_N1,,,,,,,
IT1:DF_DCSS_ISTR_LAV_PEN_2_TV_3(1.0),A,087017,RESPOP_AV,T,Y_GE15,TOTAL,ALL,7,ALL,ALL,2019,2150,,,,,,,,ALL_N1,,,,,,,
IT1:DF_DCSS_ISTR_LAV_PEN_2_TV_3(1.0),A,087017,RESPOP_AV,T,Y_GE15,TOTAL,ALL,7,ALL,ALL,2021,2709.48672362021,,,,,,,,ALL_N1,,,,,,,
IT1:DF_DCSS_ISTR_LAV_PEN_2_TV_3(1.0),A,087017,RESPOP_AV,T,Y_GE15,TOTAL,ALL,7,ALL,ALL,2022,2398.7885215095,,,,,,,,ALL_N1,,,,,,,
IT1:DF_DCSS_ISTR_LAV_PEN_2_TV_3(1.0),A,087017,RESPOP_AV,T,Y_GE15,TOTAL,ALL,7,ALL,ALL,2023,2253.575281372431,,,,,,,,ALL_N1,,,,,,,
IT1:DF_DCSS_ISTR_LAV_PEN_2_TV_3(1.0),A,087017,RESPOP_AV,T,Y_GE15,TOTAL,ALL,7,ALL,ALL,2024,2389.5728818995317,,,,,,,,ALL_N1,,,,,,,
IT1:DF_DCSS_ISTR_LAV_PEN_2_TV_3(1.0),A,087017,RESPOP_AV,T,Y_GE15,TOTAL,ALL,99,ALL,ALL,2018,23414,,,,,,,,ALL_N1,99_N1,,,,,,
IT1:DF_DCSS_ISTR_LAV_PEN_2_TV_3(1.0),A,087017,RESPOP_AV,T,Y_GE15,TOTAL,ALL,99,ALL,ALL,2019,23361,,,,,,,,ALL_N1,99_N1,,,,,,
IT1:DF_DCSS_ISTR_LAV_PEN_2_TV_3(1.0),A,087017,RESPOP_AV,T,Y_GE15,TOTAL,ALL,99,ALL,ALL,2021,23331,,,,,,,,ALL_N1,99_N1,,,,,,
IT1:DF_DCSS_ISTR_LAV_PEN_2_TV_3(1.0),A,087017,RESPOP_AV,T,Y_GE15,TOTAL,ALL,99,ALL,ALL,2022,23262,,,,,,,,ALL_N1,99_N1,,,,,,
IT1:DF_DCSS_ISTR_LAV_PEN_2_TV_3(1.0),A,087017,RESPOP_AV,T,Y_GE15,TOTAL,ALL,99,ALL,ALL,2023,23196,,,,,,,,ALL_N1,99_N1,,,,,,
IT1:DF_DCSS_ISTR_LAV_PEN_2_TV_3(1.0),A,087017,RESPOP_AV,T,Y_GE15,TOTAL,ALL,99,ALL,ALL,2024,23229,,,,,,,,ALL_N1,99_N1,,,,,,
IT1:DF_DCSS_ISTR_LAV_PEN_2_TV_3(1.0),A,087018,RESPOP_AV,F,Y_GE15,TOTAL,ALL,1,ALL,ALL,2018,1257,,,,,,,,ALL_N1,,,,,,,
IT1:DF_DCSS_ISTR_LAV_PEN_2_TV_3(1.0),A,087018,RESPOP_AV,F,Y_GE15,TOTAL,ALL,1,ALL,ALL,2019,1249,,,,,,,,ALL_N1,,,,,,,
IT1:DF_DCSS_ISTR_LAV_PEN_2_TV_3(1.0),A,087018,RESPOP_AV,F,Y_GE15,TOTAL,ALL,1,ALL,ALL,2021,1271,,,,,,,,ALL_N1,,,,,,,
IT1:DF_DCSS_ISTR_LAV_PEN_2_TV_3(1.0),A,087018,RESPOP_AV,F,Y_GE15,TOTAL,ALL,1,ALL,ALL,2022,1294,,,,,,,,ALL_N1,,,,,,,
IT1:DF_DCSS_ISTR_LAV_PEN_2_TV_3(1.0),A,087018,RESPOP_AV,F,Y_GE15,TOTAL,ALL,1,ALL,ALL,2023,1331,,,,,,,,ALL_N1,,,,,,,
IT1:DF_DCSS_ISTR_LAV_PEN_2_TV_3(1.0),A,087018,RESPOP_AV,F,Y_GE15,TOTAL,ALL,1,ALL,ALL,2024,1364,,,,,,,,ALL_N1,,,,,,,
IT1:DF_DCSS_ISTR_LAV_PEN_2_TV_3(1.0),A,087018,RESPOP_AV,F,Y_GE15,TOTAL,ALL,12,ALL,ALL,2018,476,,,,,,,,ALL_N1,,,,,,,
IT1:DF_DCSS_ISTR_LAV_PEN_2_TV_3(1.0),A,087018,RESPOP_AV,F,Y_GE15,TOTAL,ALL,12,ALL,ALL,2019,527,,,,,,,,ALL_N1,,,,,,,
IT1:DF_DCSS_ISTR_LAV_PEN_2_TV_3(1.0),A,087018,RESPOP_AV,F,Y_GE15,TOTAL,ALL,12,ALL,ALL,2021,303.105122266497,,,,,,,,ALL_N1,,,,,,,
IT1:DF_DCSS_ISTR_LAV_PEN_2_TV_3(1.0),A,087018,RESPOP_AV,F,Y_GE15,TOTAL,ALL,12,ALL,ALL,2022,337.443612927244,,,,,,,,ALL_N1,,,,,,,
IT1:DF_DCSS_ISTR_LAV_PEN_2_TV_3(1.0),A,087018,RESPOP_AV,F,Y_GE15,TOTAL,ALL,12,ALL,ALL,2023,334.6691844697408,,,,,,,,ALL_N1,,,,,,,
IT1:DF_DCSS_ISTR_LAV_PEN_2_TV_3(1.0),A,087018,RESPOP_AV,F,Y_GE15,TOTAL,ALL,12,ALL,ALL,2024,261.4148227715919,,,,,,,,ALL_N1,,,,,,,
IT1:DF_DCSS_ISTR_LAV_PEN_2_TV_3(1.0),A,087018,RESPOP_AV,F,Y_GE15,TOTAL,ALL,22,ALL,ALL,2018,1733,,,,,,,,ALL_N1,,,,,,,
IT1:DF_DCSS_ISTR_LAV_PEN_2_TV_3(1.0),A,087018,RESPOP_AV,F,Y_GE15,TOTAL,ALL,22,ALL,ALL,2019,1776,,,,,,,,ALL_N1,,,,,,,
IT1:DF_DCSS_ISTR_LAV_PEN_2_TV_3(1.0),A,087018,RESPOP_AV,F,Y_GE15,TOTAL,ALL,22,ALL,ALL,2021,1574.1051222665,,,,,,,,ALL_N1,,,,,,,
IT1:DF_DCSS_ISTR_LAV_PEN_2_TV_3(1.0),A,087018,RESPOP_AV,F,Y_GE15,TOTAL,ALL,22,ALL,ALL,2022,1631.44361292724,,,,,,,,ALL_N1,,,,,,,
IT1:DF_DCSS_ISTR_LAV_PEN_2_TV_3(1.0),A,087018,RESPOP_AV,F,Y_GE15,TOTAL,ALL,22,ALL,ALL,2023,1665.669184469741,,,,,,,,ALL_N1,,,,,,,
IT1:DF_DCSS_ISTR_LAV_PEN_2_TV_3(1.0),A,087018,RESPOP_AV,F,Y_GE15,TOTAL,ALL,22,ALL,ALL,2024,1625.4148227715918,,,,,,,,ALL_N1,,,,,,,
IT1:DF_DCSS_ISTR_LAV_PEN_2_TV_3(1.0),A,087018,RESPOP_AV,F,Y_GE15,TOTAL,ALL,23,ALL,ALL,2018,3989,,,,,,,,ALL_N1,,,,,,,
IT1:DF_DCSS_ISTR_LAV_PEN_2_TV_3(1.0),A,087018,RESPOP_AV,F,Y_GE15,TOTAL,ALL,23,ALL,ALL,2019,3934,,,,,,,,ALL_N1,,,,,,,
IT1:DF_DCSS_ISTR_LAV_PEN_2_TV_3(1.0),A,087018,RESPOP_AV,F,Y_GE15,TOTAL,ALL,23,ALL,ALL,2021,4004.8948777335,,,,,,,,ALL_N1,,,,,,,
IT1:DF_DCSS_ISTR_LAV_PEN_2_TV_3(1.0),A,087018,RESPOP_AV,F,Y_GE15,TOTAL,ALL,23,ALL,ALL,2022,3892.55638707276,,,,,,,,ALL_N1,,,,,,,
IT1:DF_DCSS_ISTR_LAV_PEN_2_TV_3(1.0),A,087018,RESPOP_AV,F,Y_GE15,TOTAL,ALL,23,ALL,ALL,2023,3795.330815530259,,,,,,,,ALL_N1,,,,,,,
IT1:DF_DCSS_ISTR_LAV_PEN_2_TV_3(1.0),A,087018,RESPOP_AV,F,Y_GE15,TOTAL,ALL,23,ALL,ALL,2024,3817.5851772284086,,,,,,,,ALL_N1,,,,,,,
IT1:DF_DCSS_ISTR_LAV_PEN_2_TV_3(1.0),A,087018,RESPOP_AV,F,Y_GE15,TOTAL,ALL,24,ALL,ALL,2018,975,,,,,,,,ALL_N1,,,,,,,
IT1:DF_DCSS_ISTR_LAV_PEN_2_TV_3(1.0),A,087018,RESPOP_AV,F,Y_GE15,TOTAL,ALL,24,ALL,ALL,2019,979,,,,,,,,ALL_N1,,,,,,,
IT1:DF_DCSS_ISTR_LAV_PEN_2_TV_3(1.0),A,087018,RESPOP_AV,F,Y_GE15,TOTAL,ALL,24,ALL,ALL,2021,952.567729485034,,,,,,,,ALL_N1,,,,,,,
IT1:DF_DCSS_ISTR_LAV_PEN_2_TV_3(1.0),A,087018,RESPOP_AV,F,Y_GE15,TOTAL,ALL,24,ALL,ALL,2022,886.066919368616,,,,,,,,ALL_N1,,,,,,,
IT1:DF_DCSS_ISTR_LAV_PEN_2_TV_3(1.0),A,087018,RESPOP_AV,F,Y_GE15,TOTAL,ALL,24,ALL,ALL,2023,858.2717000307177,,,,,,,,ALL_N1,,,,,,,
IT1:DF_DCSS_ISTR_LAV_PEN_2_TV_3(1.0),A,087018,RESPOP_AV,F,Y_GE15,TOTAL,ALL,24,ALL,ALL,2024,902.2495008400783,,,,,,,,ALL_N1,,,,,,,
IT1:DF_DCSS_ISTR_LAV_PEN_2_TV_3(1.0),A,087018,RESPOP_AV,F,Y_GE15,TOTAL,ALL,4,ALL,ALL,2018,2061,,,,,,,,ALL_N1,,,,,,,
IT1:DF_DCSS_ISTR_LAV_PEN_2_TV_3(1.0),A,087018,RESPOP_AV,F,Y_GE15,TOTAL,ALL,4,ALL,ALL,2019,2003,,,,,,,,ALL_N1,,,,,,,
IT1:DF_DCSS_ISTR_LAV_PEN_2_TV_3(1.0),A,087018,RESPOP_AV,F,Y_GE15,TOTAL,ALL,4,ALL,ALL,2021,2093.74817049702,,,,,,,,ALL_N1,,,,,,,
IT1:DF_DCSS_ISTR_LAV_PEN_2_TV_3(1.0),A,087018,RESPOP_AV,F,Y_GE15,TOTAL,ALL,4,ALL,ALL,2022,2056.53833999341,,,,,,,,ALL_N1,,,,,,,
IT1:DF_DCSS_ISTR_LAV_PEN_2_TV_3(1.0),A,087018,RESPOP_AV,F,Y_GE15,TOTAL,ALL,4,ALL,ALL,2023,2012.1407111224598,,,,,,,,ALL_N1,,,,,,,
IT1:DF_DCSS_ISTR_LAV_PEN_2_TV_3(1.0),A,087018,RESPOP_AV,F,Y_GE15,TOTAL,ALL,4,ALL,ALL,2024,1993.6530457745293,,,,,,,,ALL_N1,,,,,,,
IT1:DF_DCSS_ISTR_LAV_PEN_2_TV_3(1.0),A,087018,RESPOP_AV,F,Y_GE15,TOTAL,ALL,5,ALL,ALL,2018,448,,,,,,,,ALL_N1,,,,,,,
IT1:DF_DCSS_ISTR_LAV_PEN_2_TV_3(1.0),A,087018,RESPOP_AV,F,Y_GE15,TOTAL,ALL,5,ALL,ALL,2019,493,,,,,,,,ALL_N1,,,,,,,
IT1:DF_DCSS_ISTR_LAV_PEN_2_TV_3(1.0),A,087018,RESPOP_AV,F,Y_GE15,TOTAL,ALL,5,ALL,ALL,2021,491.607922741154,,,,,,,,ALL_N1,,,,,,,
IT1:DF_DCSS_ISTR_LAV_PEN_2_TV_3(1.0),A,087018,RESPOP_AV,F,Y_GE15,TOTAL,ALL,5,ALL,ALL,2022,482.031124330651,,,,,,,,ALL_N1,,,,,,,
IT1:DF_DCSS_ISTR_LAV_PEN_2_TV_3(1.0),A,087018,RESPOP_AV,F,Y_GE15,TOTAL,ALL,5,ALL,ALL,2023,470.98431558804606,,,,,,,,ALL_N1,,,,,,,
IT1:DF_DCSS_ISTR_LAV_PEN_2_TV_3(1.0),A,087018,RESPOP_AV,F,Y_GE15,TOTAL,ALL,5,ALL,ALL,2024,475.7185493198909,,,,,,,,ALL_N1,,,,,,,
IT1:DF_DCSS_ISTR_LAV_PEN_2_TV_3(1.0),A,087018,RESPOP_AV,F,Y_GE15,TOTAL,ALL,7,ALL,ALL,2018,505,,,,,,,,ALL_N1,,,,,,,
IT1:DF_DCSS_ISTR_LAV_PEN_2_TV_3(1.0),A,087018,RESPOP_AV,F,Y_GE15,TOTAL,ALL,7,ALL,ALL,2019,460,,,,,,,,ALL_N1,,,,,,,
IT1:DF_DCSS_ISTR_LAV_PEN_2_TV_3(1.0),A,087018,RESPOP_AV,F,Y_GE15,TOTAL,ALL,7,ALL,ALL,2021,466.971055010299,,,,,,,,ALL_N1,,,,,,,
IT1:DF_DCSS_ISTR_LAV_PEN_2_TV_3(1.0),A,087018,RESPOP_AV,F,Y_GE15,TOTAL,ALL,7,ALL,ALL,2022,467.920003380083,,,,,,,,ALL_N1,,,,,,,
IT1:DF_DCSS_ISTR_LAV_PEN_2_TV_3(1.0),A,087018,RESPOP_AV,F,Y_GE15,TOTAL,ALL,7,ALL,ALL,2023,453.93408878903534,,,,,,,,ALL_N1,,,,,,,
IT1:DF_DCSS_ISTR_LAV_PEN_2_TV_3(1.0),A,087018,RESPOP_AV,F,Y_GE15,TOTAL,ALL,7,ALL,ALL,2024,445.9640812939099,,,,,,,,ALL_N1,,,,,,,
IT1:DF_DCSS_ISTR_LAV_PEN_2_TV_3(1.0),A,087018,RESPOP_AV,F,Y_GE15,TOTAL,ALL,99,ALL,ALL,2018,5722,,,,,,,,ALL_N1,99_N1,,,,,,
IT1:DF_DCSS_ISTR_LAV_PEN_2_TV_3(1.0),A,087018,RESPOP_AV,F,Y_GE15,TOTAL,ALL,99,ALL,ALL,2019,5710,,,,,,,,ALL_N1,99_N1,,,,,,
IT1:DF_DCSS_ISTR_LAV_PEN_2_TV_3(1.0),A,087018,RESPOP_AV,F,Y_GE15,TOTAL,ALL,99,ALL,ALL,2021,5579,,,,,,,,ALL_N1,99_N1,,,,,,
IT1:DF_DCSS_ISTR_LAV_PEN_2_TV_3(1.0),A,087018,RESPOP_AV,F,Y_GE15,TOTAL,ALL,99,ALL,ALL,2022,5524,,,,,,,,ALL_N1,99_N1,,,,,,
IT1:DF_DCSS_ISTR_LAV_PEN_2_TV_3(1.0),A,087018,RESPOP_AV,F,Y_GE15,TOTAL,ALL,99,ALL,ALL,2023,5461,,,,,,,,ALL_N1,99_N1,,,,,,
IT1:DF_DCSS_ISTR_LAV_PEN_2_TV_3(1.0),A,087018,RESPOP_AV,F,Y_GE15,TOTAL,ALL,99,ALL,ALL,2024,5443,,,,,,,,ALL_N1,99_N1,,,,,,
IT1:DF_DCSS_ISTR_LAV_PEN_2_TV_3(1.0),A,087018,RESPOP_AV,M,Y_GE15,TOTAL,ALL,1,ALL,ALL,2018,2337,,,,,,,,ALL_N1,,,,,,,
IT1:DF_DCSS_ISTR_LAV_PEN_2_TV_3(1.0),A,087018,RESPOP_AV,M,Y_GE15,TOTAL,ALL,1,ALL,ALL,2019,2379,,,,,,,,ALL_N1,,,,,,,
IT1:DF_DCSS_ISTR_LAV_PEN_2_TV_3(1.0),A,087018,RESPOP_AV,M,Y_GE15,TOTAL,ALL,1,ALL,ALL,2021,2249,,,,,,,,ALL_N1,,,,,,,
IT1:DF_DCSS_ISTR_LAV_PEN_2_TV_3(1.0),A,087018,RESPOP_AV,M,Y_GE15,TOTAL,ALL,1,ALL,ALL,2022,2304,,,,,,,,ALL_N1,,,,,,,
IT1:DF_DCSS_ISTR_LAV_PEN_2_TV_3(1.0),A,087018,RESPOP_AV,M,Y_GE15,TOTAL,ALL,1,ALL,ALL,2023,2388,,,,,,,,ALL_N1,,,,,,,
IT1:DF_DCSS_ISTR_LAV_PEN_2_TV_3(1.0),A,087018,RESPOP_AV,M,Y_GE15,TOTAL,ALL,1,ALL,ALL,2024,2397,,,,,,,,ALL_N1,,,,,,,
IT1:DF_DCSS_ISTR_LAV_PEN_2_TV_3(1.0),A,087018,RESPOP_AV,M,Y_GE15,TOTAL,ALL,12,ALL,ALL,2018,667,,,,,,,,ALL_N1,,,,,,,
IT1:DF_DCSS_ISTR_LAV_PEN_2_TV_3(1.0),A,087018,RESPOP_AV,M,Y_GE15,TOTAL,ALL,12,ALL,ALL,2019,670,,,,,,,,ALL_N1,,,,,,,
IT1:DF_DCSS_ISTR_LAV_PEN_2_TV_3(1.0),A,087018,RESPOP_AV,M,Y_GE15,TOTAL,ALL,12,ALL,ALL,2021,417.828773233012,,,,,,,,ALL_N1,,,,,,,
IT1:DF_DCSS_ISTR_LAV_PEN_2_TV_3(1.0),A,087018,RESPOP_AV,M,Y_GE15,TOTAL,ALL,12,ALL,ALL,2022,471.00359235006,,,,,,,,ALL_N1,,,,,,,
IT1:DF_DCSS_ISTR_LAV_PEN_2_TV_3(1.0),A,087018,RESPOP_AV,M,Y_GE15,TOTAL,ALL,12,ALL,ALL,2023,416.63437957127235,,,,,,,,ALL_N1,,,,,,,
IT1:DF_DCSS_ISTR_LAV_PEN_2_TV_3(1.0),A,087018,RESPOP_AV,M,Y_GE15,TOTAL,ALL,12,ALL,ALL,2024,350.48578011364117,,,,,,,,ALL_N1,,,,,,,
IT1:DF_DCSS_ISTR_LAV_PEN_2_TV_3(1.0),A,087018,RESPOP_AV,M,Y_GE15,TOTAL,ALL,22,ALL,ALL,2018,3004,,,,,,,,ALL_N1,,,,,,,
IT1:DF_DCSS_ISTR_LAV_PEN_2_TV_3(1.0),A,087018,RESPOP_AV,M,Y_GE15,TOTAL,ALL,22,ALL,ALL,2019,3049,,,,,,,,ALL_N1,,,,,,,
IT1:DF_DCSS_ISTR_LAV_PEN_2_TV_3(1.0),A,087018,RESPOP_AV,M,Y_GE15,TOTAL,ALL,22,ALL,ALL,2021,2666.82877323301,,,,,,,,ALL_N1,,,,,,,
IT1:DF_DCSS_ISTR_LAV_PEN_2_TV_3(1.0),A,087018,RESPOP_AV,M,Y_GE15,TOTAL,ALL,22,ALL,ALL,2022,2775.00359235006,,,,,,,,ALL_N1,,,,,,,
IT1:DF_DCSS_ISTR_LAV_PEN_2_TV_3(1.0),A,087018,RESPOP_AV,M,Y_GE15,TOTAL,ALL,22,ALL,ALL,2023,2804.6343795712723,,,,,,,,ALL_N1,,,,,,,
IT1:DF_DCSS_ISTR_LAV_PEN_2_TV_3(1.0),A,087018,RESPOP_AV,M,Y_GE15,TOTAL,ALL,22,ALL,ALL,2024,2747.4857801136413,,,,,,,,ALL_N1,,,,,,,
IT1:DF_DCSS_ISTR_LAV_PEN_2_TV_3(1.0),A,087018,RESPOP_AV,M,Y_GE15,TOTAL,ALL,23,ALL,ALL,2018,2403,,,,,,,,ALL_N1,,,,,,,
IT1:DF_DCSS_ISTR_LAV_PEN_2_TV_3(1.0),A,087018,RESPOP_AV,M,Y_GE15,TOTAL,ALL,23,ALL,ALL,2019,2368,,,,,,,,ALL_N1,,,,,,,
IT1:DF_DCSS_ISTR_LAV_PEN_2_TV_3(1.0),A,087018,RESPOP_AV,M,Y_GE15,TOTAL,ALL,23,ALL,ALL,2021,2570.17122676699,,,,,,,,ALL_N1,,,,,,,
IT1:DF_DCSS_ISTR_LAV_PEN_2_TV_3(1.0),A,087018,RESPOP_AV,M,Y_GE15,TOTAL,ALL,23,ALL,ALL,2022,2445.99640764994,,,,,,,,ALL_N1,,,,,,,
IT1:DF_DCSS_ISTR_LAV_PEN_2_TV_3(1.0),A,087018,RESPOP_AV,M,Y_GE15,TOTAL,ALL,23,ALL,ALL,2023,2394.3656204287277,,,,,,,,ALL_N1,,,,,,,
IT1:DF_DCSS_ISTR_LAV_PEN_2_TV_3(1.0),A,087018,RESPOP_AV,M,Y_GE15,TOTAL,ALL,23,ALL,ALL,2024,2416.514219886359,,,,,,,,ALL_N1,,,,,,,
IT1:DF_DCSS_ISTR_LAV_PEN_2_TV_3(1.0),A,087018,RESPOP_AV,M,Y_GE15,TOTAL,ALL,24,ALL,ALL,2018,1110,,,,,,,,ALL_N1,,,,,,,
IT1:DF_DCSS_ISTR_LAV_PEN_2_TV_3(1.0),A,087018,RESPOP_AV,M,Y_GE15,TOTAL,ALL,24,ALL,ALL,2019,1129,,,,,,,,ALL_N1,,,,,,,
IT1:DF_DCSS_ISTR_LAV_PEN_2_TV_3(1.0),A,087018,RESPOP_AV,M,Y_GE15,TOTAL,ALL,24,ALL,ALL,2021,1222.33479150094,,,,,,,,ALL_N1,,,,,,,
IT1:DF_DCSS_ISTR_LAV_PEN_2_TV_3(1.0),A,087018,RESPOP_AV,M,Y_GE15,TOTAL,ALL,24,ALL,ALL,2022,1158.78994585618,,,,,,,,ALL_N1,,,,,,,
IT1:DF_DCSS_ISTR_LAV_PEN_2_TV_3(1.0),A,087018,RESPOP_AV,M,Y_GE15,TOTAL,ALL,24,ALL,ALL,2023,1162.2189886381839,,,,,,,,ALL_N1,,,,,,,
IT1:DF_DCSS_ISTR_LAV_PEN_2_TV_3(1.0),A,087018,RESPOP_AV,M,Y_GE15,TOTAL,ALL,24,ALL,ALL,2024,1188.2499243121931,,,,,,,,ALL_N1,,,,,,,
IT1:DF_DCSS_ISTR_LAV_PEN_2_TV_3(1.0),A,087018,RESPOP_AV,M,Y_GE15,TOTAL,ALL,4,ALL,ALL,2018,101,,,,,,,,ALL_N1,,,,,,,
IT1:DF_DCSS_ISTR_LAV_PEN_2_TV_3(1.0),A,087018,RESPOP_AV,M,Y_GE15,TOTAL,ALL,4,ALL,ALL,2019,105,,,,,,,,ALL_N1,,,,,,,
IT1:DF_DCSS_ISTR_LAV_PEN_2_TV_3(1.0),A,087018,RESPOP_AV,M,Y_GE15,TOTAL,ALL,4,ALL,ALL,2021,175.977745486869,,,,,,,,ALL_N1,,,,,,,
IT1:DF_DCSS_ISTR_LAV_PEN_2_TV_3(1.0),A,087018,RESPOP_AV,M,Y_GE15,TOTAL,ALL,4,ALL,ALL,2022,162.207043410247,,,,,,,,ALL_N1,,,,,,,
IT1:DF_DCSS_ISTR_LAV_PEN_2_TV_3(1.0),A,087018,RESPOP_AV,M,Y_GE15,TOTAL,ALL,4,ALL,ALL,2023,172.79058713433795,,,,,,,,ALL_N1,,,,,,,
IT1:DF_DCSS_ISTR_LAV_PEN_2_TV_3(1.0),A,087018,RESPOP_AV,M,Y_GE15,TOTAL,ALL,4,ALL,ALL,2024,149.43265818098558,,,,,,,,ALL_N1,,,,,,,
IT1:DF_DCSS_ISTR_LAV_PEN_2_TV_3(1.0),A,087018,RESPOP_AV,M,Y_GE15,TOTAL,ALL,5,ALL,ALL,2018,400,,,,,,,,ALL_N1,,,,,,,
IT1:DF_DCSS_ISTR_LAV_PEN_2_TV_3(1.0),A,087018,RESPOP_AV,M,Y_GE15,TOTAL,ALL,5,ALL,ALL,2019,422,,,,,,,,ALL_N1,,,,,,,
IT1:DF_DCSS_ISTR_LAV_PEN_2_TV_3(1.0),A,087018,RESPOP_AV,M,Y_GE15,TOTAL,ALL,5,ALL,ALL,2021,403.708657832212,,,,,,,,ALL_N1,,,,,,,
IT1:DF_DCSS_ISTR_LAV_PEN_2_TV_3(1.0),A,087018,RESPOP_AV,M,Y_GE15,TOTAL,ALL,5,ALL,ALL,2022,422.143825564946,,,,,,,,ALL_N1,,,,,,,
IT1:DF_DCSS_ISTR_LAV_PEN_2_TV_3(1.0),A,087018,RESPOP_AV,M,Y_GE15,TOTAL,ALL,5,ALL,ALL,2023,405.43558997884566,,,,,,,,ALL_N1,,,,,,,
IT1:DF_DCSS_ISTR_LAV_PEN_2_TV_3(1.0),A,087018,RESPOP_AV,M,Y_GE15,TOTAL,ALL,5,ALL,ALL,2024,403.779577320302,,,,,,,,ALL_N1,,,,,,,
IT1:DF_DCSS_ISTR_LAV_PEN_2_TV_3(1.0),A,087018,RESPOP_AV,M,Y_GE15,TOTAL,ALL,7,ALL,ALL,2018,792,,,,,,,,ALL_N1,,,,,,,
IT1:DF_DCSS_ISTR_LAV_PEN_2_TV_3(1.0),A,087018,RESPOP_AV,M,Y_GE15,TOTAL,ALL,7,ALL,ALL,2019,713,,,,,,,,ALL_N1,,,,,,,
IT1:DF_DCSS_ISTR_LAV_PEN_2_TV_3(1.0),A,087018,RESPOP_AV,M,Y_GE15,TOTAL,ALL,7,ALL,ALL,2021,768.150031946964,,,,,,,,ALL_N1,,,,,,,
IT1:DF_DCSS_ISTR_LAV_PEN_2_TV_3(1.0),A,087018,RESPOP_AV,M,Y_GE15,TOTAL,ALL,7,ALL,ALL,2022,702.855592818571,,,,,,,,ALL_N1,,,,,,,
IT1:DF_DCSS_ISTR_LAV_PEN_2_TV_3(1.0),A,087018,RESPOP_AV,M,Y_GE15,TOTAL,ALL,7,ALL,ALL,2023,653.9204546773601,,,,,,,,ALL_N1,,,,,,,
IT1:DF_DCSS_ISTR_LAV_PEN_2_TV_3(1.0),A,087018,RESPOP_AV,M,Y_GE15,TOTAL,ALL,7,ALL,ALL,2024,675.0520600728782,,,,,,,,ALL_N1,,,,,,,
IT1:DF_DCSS_ISTR_LAV_PEN_2_TV_3(1.0),A,087018,RESPOP_AV,M,Y_GE15,TOTAL,ALL,99,ALL,ALL,2018,5406,,,,,,,,ALL_N1,99_N1,,,,,,
IT1:DF_DCSS_ISTR_LAV_PEN_2_TV_3(1.0),A,087018,RESPOP_AV,M,Y_GE15,TOTAL,ALL,99,ALL,ALL,2019,5417,,,,,,,,ALL_N1,99_N1,,,,,,
IT1:DF_DCSS_ISTR_LAV_PEN_2_TV_3(1.0),A,087018,RESPOP_AV,M,Y_GE15,TOTAL,ALL,99,ALL,ALL,2021,5237,,,,,,,,ALL_N1,99_N1,,,,,,
IT1:DF_DCSS_ISTR_LAV_PEN_2_TV_3(1.0),A,087018,RESPOP_AV,M,Y_GE15,TOTAL,ALL,99,ALL,ALL,2022,5221,,,,,,,,ALL_N1,99_N1,,,,,,
IT1:DF_DCSS_ISTR_LAV_PEN_2_TV_3(1.0),A,087018,RESPOP_AV,M,Y_GE15,TOTAL,ALL,99,ALL,ALL,2023,5199,,,,,,,,ALL_N1,99_N1,,,,,,
IT1:DF_DCSS_ISTR_LAV_PEN_2_TV_3(1.0),A,087018,RESPOP_AV,M,Y_GE15,TOTAL,ALL,99,ALL,ALL,2024,5164,,,,,,,,ALL_N1,99_N1,,,,,,
IT1:DF_DCSS_ISTR_LAV_PEN_2_TV_3(1.0),A,087018,RESPOP_AV,T,Y_GE15,TOTAL,ALL,1,ALL,ALL,2018,3594,,,,,,,,ALL_N1,,,,,,,
IT1:DF_DCSS_ISTR_LAV_PEN_2_TV_3(1.0),A,087018,RESPOP_AV,T,Y_GE15,TOTAL,ALL,1,ALL,ALL,2019,3628,,,,,,,,ALL_N1,,,,,,,
IT1:DF_DCSS_ISTR_LAV_PEN_2_TV_3(1.0),A,087018,RESPOP_AV,T,Y_GE15,TOTAL,ALL,1,ALL,ALL,2021,3520,,,,,,,,ALL_N1,,,,,,,
IT1:DF_DCSS_ISTR_LAV_PEN_2_TV_3(1.0),A,087018,RESPOP_AV,T,Y_GE15,TOTAL,ALL,1,ALL,ALL,2022,3598,,,,,,,,ALL_N1,,,,,,,
IT1:DF_DCSS_ISTR_LAV_PEN_2_TV_3(1.0),A,087018,RESPOP_AV,T,Y_GE15,TOTAL,ALL,1,ALL,ALL,2023,3719,,,,,,,,ALL_N1,,,,,,,
IT1:DF_DCSS_ISTR_LAV_PEN_2_TV_3(1.0),A,087018,RESPOP_AV,T,Y_GE15,TOTAL,ALL,1,ALL,ALL,2024,3761,,,,,,,,ALL_N1,,,,,,,
IT1:DF_DCSS_ISTR_LAV_PEN_2_TV_3(1.0),A,087018,RESPOP_AV,T,Y_GE15,TOTAL,ALL,12,ALL,ALL,2018,1143,,,,,,,,ALL_N1,,,,,,,
IT1:DF_DCSS_ISTR_LAV_PEN_2_TV_3(1.0),A,087018,RESPOP_AV,T,Y_GE15,TOTAL,ALL,12,ALL,ALL,2019,1197,,,,,,,,ALL_N1,,,,,,,
IT1:DF_DCSS_ISTR_LAV_PEN_2_TV_3(1.0),A,087018,RESPOP_AV,T,Y_GE15,TOTAL,ALL,12,ALL,ALL,2021,720.933895499509,,,,,,,,ALL_N1,,,,,,,
IT1:DF_DCSS_ISTR_LAV_PEN_2_TV_3(1.0),A,087018,RESPOP_AV,T,Y_GE15,TOTAL,ALL,12,ALL,ALL,2022,808.447205277304,,,,,,,,ALL_N1,,,,,,,
IT1:DF_DCSS_ISTR_LAV_PEN_2_TV_3(1.0),A,087018,RESPOP_AV,T,Y_GE15,TOTAL,ALL,12,ALL,ALL,2023,751.3035640410131,,,,,,,,ALL_N1,,,,,,,
IT1:DF_DCSS_ISTR_LAV_PEN_2_TV_3(1.0),A,087018,RESPOP_AV,T,Y_GE15,TOTAL,ALL,12,ALL,ALL,2024,611.9006028852331,,,,,,,,ALL_N1,,,,,,,
IT1:DF_DCSS_ISTR_LAV_PEN_2_TV_3(1.0),A,087018,RESPOP_AV,T,Y_GE15,TOTAL,ALL,22,ALL,ALL,2018,4737,,,,,,,,ALL_N1,,,,,,,
IT1:DF_DCSS_ISTR_LAV_PEN_2_TV_3(1.0),A,087018,RESPOP_AV,T,Y_GE15,TOTAL,ALL,22,ALL,ALL,2019,4825,,,,,,,,ALL_N1,,,,,,,
IT1:DF_DCSS_ISTR_LAV_PEN_2_TV_3(1.0),A,087018,RESPOP_AV,T,Y_GE15,TOTAL,ALL,22,ALL,ALL,2021,4240.93389549951,,,,,,,,ALL_N1,,,,,,,
IT1:DF_DCSS_ISTR_LAV_PEN_2_TV_3(1.0),A,087018,RESPOP_AV,T,Y_GE15,TOTAL,ALL,22,ALL,ALL,2022,4406.4472052773,,,,,,,,ALL_N1,,,,,,,
IT1:DF_DCSS_ISTR_LAV_PEN_2_TV_3(1.0),A,087018,RESPOP_AV,T,Y_GE15,TOTAL,ALL,22,ALL,ALL,2023,4470.3035640410135,,,,,,,,ALL_N1,,,,,,,
IT1:DF_DCSS_ISTR_LAV_PEN_2_TV_3(1.0),A,087018,RESPOP_AV,T,Y_GE15,TOTAL,ALL,22,ALL,ALL,2024,4372.900602885233,,,,,,,,ALL_N1,,,,,,,
IT1:DF_DCSS_ISTR_LAV_PEN_2_TV_3(1.0),A,087018,RESPOP_AV,T,Y_GE15,TOTAL,ALL,23,ALL,ALL,2018,6392,,,,,,,,ALL_N1,,,,,,,
IT1:DF_DCSS_ISTR_LAV_PEN_2_TV_3(1.0),A,087018,RESPOP_AV,T,Y_GE15,TOTAL,ALL,23,ALL,ALL,2019,6302,,,,,,,,ALL_N1,,,,,,,
IT1:DF_DCSS_ISTR_LAV_PEN_2_TV_3(1.0),A,087018,RESPOP_AV,T,Y_GE15,TOTAL,ALL,23,ALL,ALL,2021,6575.06610450049,,,,,,,,ALL_N1,,,,,,,
IT1:DF_DCSS_ISTR_LAV_PEN_2_TV_3(1.0),A,087018,RESPOP_AV,T,Y_GE15,TOTAL,ALL,23,ALL,ALL,2022,6338.5527947227,,,,,,,,ALL_N1,,,,,,,
IT1:DF_DCSS_ISTR_LAV_PEN_2_TV_3(1.0),A,087018,RESPOP_AV,T,Y_GE15,TOTAL,ALL,23,ALL,ALL,2023,6189.6964359589865,,,,,,,,ALL_N1,,,,,,,
IT1:DF_DCSS_ISTR_LAV_PEN_2_TV_3(1.0),A,087018,RESPOP_AV,T,Y_GE15,TOTAL,ALL,23,ALL,ALL,2024,6234.099397114767,,,,,,,,ALL_N1,,,,,,,
IT1:DF_DCSS_ISTR_LAV_PEN_2_TV_3(1.0),A,087018,RESPOP_AV,T,Y_GE15,TOTAL,ALL,24,ALL,ALL,2018,2085,,,,,,,,ALL_N1,,,,,,,
IT1:DF_DCSS_ISTR_LAV_PEN_2_TV_3(1.0),A,087018,RESPOP_AV,T,Y_GE15,TOTAL,ALL,24,ALL,ALL,2019,2108,,,,,,,,ALL_N1,,,,,,,
IT1:DF_DCSS_ISTR_LAV_PEN_2_TV_3(1.0),A,087018,RESPOP_AV,T,Y_GE15,TOTAL,ALL,24,ALL,ALL,2021,2174.90252098598,,,,,,,,ALL_N1,,,,,,,
IT1:DF_DCSS_ISTR_LAV_PEN_2_TV_3(1.0),A,087018,RESPOP_AV,T,Y_GE15,TOTAL,ALL,24,ALL,ALL,2022,2044.85686522479,,,,,,,,ALL_N1,,,,,,,
IT1:DF_DCSS_ISTR_LAV_PEN_2_TV_3(1.0),A,087018,RESPOP_AV,T,Y_GE15,TOTAL,ALL,24,ALL,ALL,2023,2020.4906886689014,,,,,,,,ALL_N1,,,,,,,
IT1:DF_DCSS_ISTR_LAV_PEN_2_TV_3(1.0),A,087018,RESPOP_AV,T,Y_GE15,TOTAL,ALL,24,ALL,ALL,2024,2090.4994251522717,,,,,,,,ALL_N1,,,,,,,
IT1:DF_DCSS_ISTR_LAV_PEN_2_TV_3(1.0),A,087018,RESPOP_AV,T,Y_GE15,TOTAL,ALL,4,ALL,ALL,2018,2162,,,,,,,,ALL_N1,,,,,,,
IT1:DF_DCSS_ISTR_LAV_PEN_2_TV_3(1.0),A,087018,RESPOP_AV,T,Y_GE15,TOTAL,ALL,4,ALL,ALL,2019,2108,,,,,,,,ALL_N1,,,,,,,
IT1:DF_DCSS_ISTR_LAV_PEN_2_TV_3(1.0),A,087018,RESPOP_AV,T,Y_GE15,TOTAL,ALL,4,ALL,ALL,2021,2269.72591598388,,,,,,,,ALL_N1,,,,,,,
IT1:DF_DCSS_ISTR_LAV_PEN_2_TV_3(1.0),A,087018,RESPOP_AV,T,Y_GE15,TOTAL,ALL,4,ALL,ALL,2022,2218.74538340365,,,,,,,,ALL_N1,,,,,,,
IT1:DF_DCSS_ISTR_LAV_PEN_2_TV_3(1.0),A,087018,RESPOP_AV,T,Y_GE15,TOTAL,ALL,4,ALL,ALL,2023,2184.9312982567976,,,,,,,,ALL_N1,,,,,,,
IT1:DF_DCSS_ISTR_LAV_PEN_2_TV_3(1.0),A,087018,RESPOP_AV,T,Y_GE15,TOTAL,ALL,4,ALL,ALL,2024,2143.085703955515,,,,,,,,ALL_N1,,,,,,,
IT1:DF_DCSS_ISTR_LAV_PEN_2_TV_3(1.0),A,087018,RESPOP_AV,T,Y_GE15,TOTAL,ALL,5,ALL,ALL,2018,848,,,,,,,,ALL_N1,,,,,,,
IT1:DF_DCSS_ISTR_LAV_PEN_2_TV_3(1.0),A,087018,RESPOP_AV,T,Y_GE15,TOTAL,ALL,5,ALL,ALL,2019,915,,,,,,,,ALL_N1,,,,,,,
IT1:DF_DCSS_ISTR_LAV_PEN_2_TV_3(1.0),A,087018,RESPOP_AV,T,Y_GE15,TOTAL,ALL,5,ALL,ALL,2021,895.316580573366,,,,,,,,ALL_N1,,,,,,,
IT1:DF_DCSS_ISTR_LAV_PEN_2_TV_3(1.0),A,087018,RESPOP_AV,T,Y_GE15,TOTAL,ALL,5,ALL,ALL,2022,904.174949895597,,,,,,,,ALL_N1,,,,,,,
IT1:DF_DCSS_ISTR_LAV_PEN_2_TV_3(1.0),A,087018,RESPOP_AV,T,Y_GE15,TOTAL,ALL,5,ALL,ALL,2023,876.4199055668917,,,,,,,,ALL_N1,,,,,,,
IT1:DF_DCSS_ISTR_LAV_PEN_2_TV_3(1.0),A,087018,RESPOP_AV,T,Y_GE15,TOTAL,ALL,5,ALL,ALL,2024,879.4981266401929,,,,,,,,ALL_N1,,,,,,,
IT1:DF_DCSS_ISTR_LAV_PEN_2_TV_3(1.0),A,087018,RESPOP_AV,T,Y_GE15,TOTAL,ALL,7,ALL,ALL,2018,1297,,,,,,,,ALL_N1,,,,,,,
IT1:DF_DCSS_ISTR_LAV_PEN_2_TV_3(1.0),A,087018,RESPOP_AV,T,Y_GE15,TOTAL,ALL,7,ALL,ALL,2019,1173,,,,,,,,ALL_N1,,,,,,,
IT1:DF_DCSS_ISTR_LAV_PEN_2_TV_3(1.0),A,087018,RESPOP_AV,T,Y_GE15,TOTAL,ALL,7,ALL,ALL,2021,1235.12108695726,,,,,,,,ALL_N1,,,,,,,
IT1:DF_DCSS_ISTR_LAV_PEN_2_TV_3(1.0),A,087018,RESPOP_AV,T,Y_GE15,TOTAL,ALL,7,ALL,ALL,2022,1170.77559619865,,,,,,,,ALL_N1,,,,,,,
IT1:DF_DCSS_ISTR_LAV_PEN_2_TV_3(1.0),A,087018,RESPOP_AV,T,Y_GE15,TOTAL,ALL,7,ALL,ALL,2023,1107.8545434663954,,,,,,,,ALL_N1,,,,,,,
IT1:DF_DCSS_ISTR_LAV_PEN_2_TV_3(1.0),A,087018,RESPOP_AV,T,Y_GE15,TOTAL,ALL,7,ALL,ALL,2024,1121.0161413667881,,,,,,,,ALL_N1,,,,,,,
IT1:DF_DCSS_ISTR_LAV_PEN_2_TV_3(1.0),A,087018,RESPOP_AV,T,Y_GE15,TOTAL,ALL,99,ALL,ALL,2018,11128,,,,,,,,ALL_N1,99_N1,,,,,,
IT1:DF_DCSS_ISTR_LAV_PEN_2_TV_3(1.0),A,087018,RESPOP_AV,T,Y_GE15,TOTAL,ALL,99,ALL,ALL,2019,11127,,,,,,,,ALL_N1,99_N1,,,,,,
IT1:DF_DCSS_ISTR_LAV_PEN_2_TV_3(1.0),A,087018,RESPOP_AV,T,Y_GE15,TOTAL,ALL,99,ALL,ALL,2021,10816,,,,,,,,ALL_N1,99_N1,,,,,,
IT1:DF_DCSS_ISTR_LAV_PEN_2_TV_3(1.0),A,087018,RESPOP_AV,T,Y_GE15,TOTAL,ALL,99,ALL,ALL,2022,10745,,,,,,,,ALL_N1,99_N1,,,,,,
IT1:DF_DCSS_ISTR_LAV_PEN_2_TV_3(1.0),A,087018,RESPOP_AV,T,Y_GE15,TOTAL,ALL,99,ALL,ALL,2023,10660,,,,,,,,ALL_N1,99_N1,,,,,,
IT1:DF_DCSS_ISTR_LAV_PEN_2_TV_3(1.0),A,087018,RESPOP_AV,T,Y_GE15,TOTAL,ALL,99,ALL,ALL,2024,10607,,,,,,,,ALL_N1,99_N1,,,,,,
IT1:DF_DCSS_ISTR_LAV_PEN_2_TV_3(1.0),A,087019,RESPOP_AV,F,Y_GE15,TOTAL,ALL,1,ALL,ALL,2018,3321,,,,,,,,ALL_N1,,,,,,,
IT1:DF_DCSS_ISTR_LAV_PEN_2_TV_3(1.0),A,087019,RESPOP_AV,F,Y_GE15,TOTAL,ALL,1,ALL,ALL,2019,3363,,,,,,,,ALL_N1,,,,,,,
IT1:DF_DCSS_ISTR_LAV_PEN_2_TV_3(1.0),A,087019,RESPOP_AV,F,Y_GE15,TOTAL,ALL,1,ALL,ALL,2021,3512,,,,,,,,ALL_N1,,,,,,,
IT1:DF_DCSS_ISTR_LAV_PEN_2_TV_3(1.0),A,087019,RESPOP_AV,F,Y_GE15,TOTAL,ALL,1,ALL,ALL,2022,3624,,,,,,,,ALL_N1,,,,,,,
IT1:DF_DCSS_ISTR_LAV_PEN_2_TV_3(1.0),A,087019,RESPOP_AV,F,Y_GE15,TOTAL,ALL,1,ALL,ALL,2023,3789,,,,,,,,ALL_N1,,,,,,,
IT1:DF_DCSS_ISTR_LAV_PEN_2_TV_3(1.0),A,087019,RESPOP_AV,F,Y_GE15,TOTAL,ALL,1,ALL,ALL,2024,3932,,,,,,,,ALL_N1,,,,,,,
IT1:DF_DCSS_ISTR_LAV_PEN_2_TV_3(1.0),A,087019,RESPOP_AV,F,Y_GE15,TOTAL,ALL,12,ALL,ALL,2018,1237,,,,,,,,ALL_N1,,,,,,,
IT1:DF_DCSS_ISTR_LAV_PEN_2_TV_3(1.0),A,087019,RESPOP_AV,F,Y_GE15,TOTAL,ALL,12,ALL,ALL,2019,1195,,,,,,,,ALL_N1,,,,,,,
IT1:DF_DCSS_ISTR_LAV_PEN_2_TV_3(1.0),A,087019,RESPOP_AV,F,Y_GE15,TOTAL,ALL,12,ALL,ALL,2021,697.619505930258,,,,,,,,ALL_N1,,,,,,,
IT1:DF_DCSS_ISTR_LAV_PEN_2_TV_3(1.0),A,087019,RESPOP_AV,F,Y_GE15,TOTAL,ALL,12,ALL,ALL,2022,860.569504379725,,,,,,,,ALL_N1,,,,,,,
IT1:DF_DCSS_ISTR_LAV_PEN_2_TV_3(1.0),A,087019,RESPOP_AV,F,Y_GE15,TOTAL,ALL,12,ALL,ALL,2023,682.9917775618791,,,,,,,,ALL_N1,,,,,,,
IT1:DF_DCSS_ISTR_LAV_PEN_2_TV_3(1.0),A,087019,RESPOP_AV,F,Y_GE15,TOTAL,ALL,12,ALL,ALL,2024,616.3171690830317,,,,,,,,ALL_N1,,,,,,,
IT1:DF_DCSS_ISTR_LAV_PEN_2_TV_3(1.0),A,087019,RESPOP_AV,F,Y_GE15,TOTAL,ALL,22,ALL,ALL,2018,4558,,,,,,,,ALL_N1,,,,,,,
IT1:DF_DCSS_ISTR_LAV_PEN_2_TV_3(1.0),A,087019,RESPOP_AV,F,Y_GE15,TOTAL,ALL,22,ALL,ALL,2019,4558,,,,,,,,ALL_N1,,,,,,,
IT1:DF_DCSS_ISTR_LAV_PEN_2_TV_3(1.0),A,087019,RESPOP_AV,F,Y_GE15,TOTAL,ALL,22,ALL,ALL,2021,4209.61950593026,,,,,,,,ALL_N1,,,,,,,
IT1:DF_DCSS_ISTR_LAV_PEN_2_TV_3(1.0),A,087019,RESPOP_AV,F,Y_GE15,TOTAL,ALL,22,ALL,ALL,2022,4484.56950437973,,,,,,,,ALL_N1,,,,,,,
IT1:DF_DCSS_ISTR_LAV_PEN_2_TV_3(1.0),A,087019,RESPOP_AV,F,Y_GE15,TOTAL,ALL,22,ALL,ALL,2023,4471.991777561879,,,,,,,,ALL_N1,,,,,,,
IT1:DF_DCSS_ISTR_LAV_PEN_2_TV_3(1.0),A,087019,RESPOP_AV,F,Y_GE15,TOTAL,ALL,22,ALL,ALL,2024,4548.317169083031,,,,,,,,ALL_N1,,,,,,,
IT1:DF_DCSS_ISTR_LAV_PEN_2_TV_3(1.0),A,087019,RESPOP_AV,F,Y_GE15,TOTAL,ALL,23,ALL,ALL,2018,7038,,,,,,,,ALL_N1,,,,,,,
IT1:DF_DCSS_ISTR_LAV_PEN_2_TV_3(1.0),A,087019,RESPOP_AV,F,Y_GE15,TOTAL,ALL,23,ALL,ALL,2019,7039,,,,,,,,ALL_N1,,,,,,,
IT1:DF_DCSS_ISTR_LAV_PEN_2_TV_3(1.0),A,087019,RESPOP_AV,F,Y_GE15,TOTAL,ALL,23,ALL,ALL,2021,7313.38049406974,,,,,,,,ALL_N1,,,,,,,
IT1:DF_DCSS_ISTR_LAV_PEN_2_TV_3(1.0),A,087019,RESPOP_AV,F,Y_GE15,TOTAL,ALL,23,ALL,ALL,2022,7123.43049562028,,,,,,,,ALL_N1,,,,,,,
IT1:DF_DCSS_ISTR_LAV_PEN_2_TV_3(1.0),A,087019,RESPOP_AV,F,Y_GE15,TOTAL,ALL,23,ALL,ALL,2023,7219.008222438121,,,,,,,,ALL_N1,,,,,,,
IT1:DF_DCSS_ISTR_LAV_PEN_2_TV_3(1.0),A,087019,RESPOP_AV,F,Y_GE15,TOTAL,ALL,23,ALL,ALL,2024,7157.682830916967,,,,,,,,ALL_N1,,,,,,,
IT1:DF_DCSS_ISTR_LAV_PEN_2_TV_3(1.0),A,087019,RESPOP_AV,F,Y_GE15,TOTAL,ALL,24,ALL,ALL,2018,1791,,,,,,,,ALL_N1,,,,,,,
IT1:DF_DCSS_ISTR_LAV_PEN_2_TV_3(1.0),A,087019,RESPOP_AV,F,Y_GE15,TOTAL,ALL,24,ALL,ALL,2019,1899,,,,,,,,ALL_N1,,,,,,,
IT1:DF_DCSS_ISTR_LAV_PEN_2_TV_3(1.0),A,087019,RESPOP_AV,F,Y_GE15,TOTAL,ALL,24,ALL,ALL,2021,2003.17790279151,,,,,,,,ALL_N1,,,,,,,
IT1:DF_DCSS_ISTR_LAV_PEN_2_TV_3(1.0),A,087019,RESPOP_AV,F,Y_GE15,TOTAL,ALL,24,ALL,ALL,2022,1888.22468894432,,,,,,,,ALL_N1,,,,,,,
IT1:DF_DCSS_ISTR_LAV_PEN_2_TV_3(1.0),A,087019,RESPOP_AV,F,Y_GE15,TOTAL,ALL,24,ALL,ALL,2023,1968.363852216624,,,,,,,,ALL_N1,,,,,,,
IT1:DF_DCSS_ISTR_LAV_PEN_2_TV_3(1.0),A,087019,RESPOP_AV,F,Y_GE15,TOTAL,ALL,24,ALL,ALL,2024,2044.2092092542196,,,,,,,,ALL_N1,,,,,,,
IT1:DF_DCSS_ISTR_LAV_PEN_2_TV_3(1.0),A,087019,RESPOP_AV,F,Y_GE15,TOTAL,ALL,4,ALL,ALL,2018,3507,,,,,,,,ALL_N1,,,,,,,
IT1:DF_DCSS_ISTR_LAV_PEN_2_TV_3(1.0),A,087019,RESPOP_AV,F,Y_GE15,TOTAL,ALL,4,ALL,ALL,2019,3551,,,,,,,,ALL_N1,,,,,,,
IT1:DF_DCSS_ISTR_LAV_PEN_2_TV_3(1.0),A,087019,RESPOP_AV,F,Y_GE15,TOTAL,ALL,4,ALL,ALL,2021,3604.25057412903,,,,,,,,ALL_N1,,,,,,,
IT1:DF_DCSS_ISTR_LAV_PEN_2_TV_3(1.0),A,087019,RESPOP_AV,F,Y_GE15,TOTAL,ALL,4,ALL,ALL,2022,3423.01579972393,,,,,,,,ALL_N1,,,,,,,
IT1:DF_DCSS_ISTR_LAV_PEN_2_TV_3(1.0),A,087019,RESPOP_AV,F,Y_GE15,TOTAL,ALL,4,ALL,ALL,2023,3421.503022354123,,,,,,,,ALL_N1,,,,,,,
IT1:DF_DCSS_ISTR_LAV_PEN_2_TV_3(1.0),A,087019,RESPOP_AV,F,Y_GE15,TOTAL,ALL,4,ALL,ALL,2024,3365.428925500287,,,,,,,,ALL_N1,,,,,,,
IT1:DF_DCSS_ISTR_LAV_PEN_2_TV_3(1.0),A,087019,RESPOP_AV,F,Y_GE15,TOTAL,ALL,5,ALL,ALL,2018,870,,,,,,,,ALL_N1,,,,,,,
IT1:DF_DCSS_ISTR_LAV_PEN_2_TV_3(1.0),A,087019,RESPOP_AV,F,Y_GE15,TOTAL,ALL,5,ALL,ALL,2019,898,,,,,,,,ALL_N1,,,,,,,
IT1:DF_DCSS_ISTR_LAV_PEN_2_TV_3(1.0),A,087019,RESPOP_AV,F,Y_GE15,TOTAL,ALL,5,ALL,ALL,2021,905.288620717148,,,,,,,,ALL_N1,,,,,,,
IT1:DF_DCSS_ISTR_LAV_PEN_2_TV_3(1.0),A,087019,RESPOP_AV,F,Y_GE15,TOTAL,ALL,5,ALL,ALL,2022,928.322164531585,,,,,,,,ALL_N1,,,,,,,
IT1:DF_DCSS_ISTR_LAV_PEN_2_TV_3(1.0),A,087019,RESPOP_AV,F,Y_GE15,TOTAL,ALL,5,ALL,ALL,2023,992.3053567518168,,,,,,,,ALL_N1,,,,,,,
IT1:DF_DCSS_ISTR_LAV_PEN_2_TV_3(1.0),A,087019,RESPOP_AV,F,Y_GE15,TOTAL,ALL,5,ALL,ALL,2024,969.4225298970292,,,,,,,,ALL_N1,,,,,,,
IT1:DF_DCSS_ISTR_LAV_PEN_2_TV_3(1.0),A,087019,RESPOP_AV,F,Y_GE15,TOTAL,ALL,7,ALL,ALL,2018,870,,,,,,,,ALL_N1,,,,,,,
IT1:DF_DCSS_ISTR_LAV_PEN_2_TV_3(1.0),A,087019,RESPOP_AV,F,Y_GE15,TOTAL,ALL,7,ALL,ALL,2019,691,,,,,,,,ALL_N1,,,,,,,
IT1:DF_DCSS_ISTR_LAV_PEN_2_TV_3(1.0),A,087019,RESPOP_AV,F,Y_GE15,TOTAL,ALL,7,ALL,ALL,2021,800.663396432055,,,,,,,,ALL_N1,,,,,,,
IT1:DF_DCSS_ISTR_LAV_PEN_2_TV_3(1.0),A,087019,RESPOP_AV,F,Y_GE15,TOTAL,ALL,7,ALL,ALL,2022,883.86784242044,,,,,,,,ALL_N1,,,,,,,
IT1:DF_DCSS_ISTR_LAV_PEN_2_TV_3(1.0),A,087019,RESPOP_AV,F,Y_GE15,TOTAL,ALL,7,ALL,ALL,2023,836.8359911155576,,,,,,,,ALL_N1,,,,,,,
IT1:DF_DCSS_ISTR_LAV_PEN_2_TV_3(1.0),A,087019,RESPOP_AV,F,Y_GE15,TOTAL,ALL,7,ALL,ALL,2024,778.6221662654312,,,,,,,,ALL_N1,,,,,,,
IT1:DF_DCSS_ISTR_LAV_PEN_2_TV_3(1.0),A,087019,RESPOP_AV,F,Y_GE15,TOTAL,ALL,99,ALL,ALL,2018,11595,,,,,,,,ALL_N1,99_N1,,,,,,
IT1:DF_DCSS_ISTR_LAV_PEN_2_TV_3(1.0),A,087019,RESPOP_AV,F,Y_GE15,TOTAL,ALL,99,ALL,ALL,2019,11597,,,,,,,,ALL_N1,99_N1,,,,,,
IT1:DF_DCSS_ISTR_LAV_PEN_2_TV_3(1.0),A,087019,RESPOP_AV,F,Y_GE15,TOTAL,ALL,99,ALL,ALL,2021,11523,,,,,,,,ALL_N1,99_N1,,,,,,
IT1:DF_DCSS_ISTR_LAV_PEN_2_TV_3(1.0),A,087019,RESPOP_AV,F,Y_GE15,TOTAL,ALL,99,ALL,ALL,2022,11608,,,,,,,,ALL_N1,99_N1,,,,,,
IT1:DF_DCSS_ISTR_LAV_PEN_2_TV_3(1.0),A,087019,RESPOP_AV,F,Y_GE15,TOTAL,ALL,99,ALL,ALL,2023,11691,,,,,,,,ALL_N1,99_N1,,,,,,
IT1:DF_DCSS_ISTR_LAV_PEN_2_TV_3(1.0),A,087019,RESPOP_AV,F,Y_GE15,TOTAL,ALL,99,ALL,ALL,2024,11705.999999999998,,,,,,,,ALL_N1,99_N1,,,,,,
IT1:DF_DCSS_ISTR_LAV_PEN_2_TV_3(1.0),A,087019,RESPOP_AV,M,Y_GE15,TOTAL,ALL,1,ALL,ALL,2018,5008,,,,,,,,ALL_N1,,,,,,,
IT1:DF_DCSS_ISTR_LAV_PEN_2_TV_3(1.0),A,087019,RESPOP_AV,M,Y_GE15,TOTAL,ALL,1,ALL,ALL,2019,4995,,,,,,,,ALL_N1,,,,,,,
IT1:DF_DCSS_ISTR_LAV_PEN_2_TV_3(1.0),A,087019,RESPOP_AV,M,Y_GE15,TOTAL,ALL,1,ALL,ALL,2021,5069,,,,,,,,ALL_N1,,,,,,,
IT1:DF_DCSS_ISTR_LAV_PEN_2_TV_3(1.0),A,087019,RESPOP_AV,M,Y_GE15,TOTAL,ALL,1,ALL,ALL,2022,5141,,,,,,,,ALL_N1,,,,,,,
IT1:DF_DCSS_ISTR_LAV_PEN_2_TV_3(1.0),A,087019,RESPOP_AV,M,Y_GE15,TOTAL,ALL,1,ALL,ALL,2023,5303,,,,,,,,ALL_N1,,,,,,,
IT1:DF_DCSS_ISTR_LAV_PEN_2_TV_3(1.0),A,087019,RESPOP_AV,M,Y_GE15,TOTAL,ALL,1,ALL,ALL,2024,5323,,,,,,,,ALL_N1,,,,,,,
IT1:DF_DCSS_ISTR_LAV_PEN_2_TV_3(1.0),A,087019,RESPOP_AV,M,Y_GE15,TOTAL,ALL,12,ALL,ALL,2018,1246,,,,,,,,ALL_N1,,,,,,,
IT1:DF_DCSS_ISTR_LAV_PEN_2_TV_3(1.0),A,087019,RESPOP_AV,M,Y_GE15,TOTAL,ALL,12,ALL,ALL,2019,1244,,,,,,,,ALL_N1,,,,,,,
IT1:DF_DCSS_ISTR_LAV_PEN_2_TV_3(1.0),A,087019,RESPOP_AV,M,Y_GE15,TOTAL,ALL,12,ALL,ALL,2021,786.492805433664,,,,,,,,ALL_N1,,,,,,,
IT1:DF_DCSS_ISTR_LAV_PEN_2_TV_3(1.0),A,087019,RESPOP_AV,M,Y_GE15,TOTAL,ALL,12,ALL,ALL,2022,870.35463281657,,,,,,,,ALL_N1,,,,,,,
IT1:DF_DCSS_ISTR_LAV_PEN_2_TV_3(1.0),A,087019,RESPOP_AV,M,Y_GE15,TOTAL,ALL,12,ALL,ALL,2023,657.8485234407004,,,,,,,,ALL_N1,,,,,,,
IT1:DF_DCSS_ISTR_LAV_PEN_2_TV_3(1.0),A,087019,RESPOP_AV,M,Y_GE15,TOTAL,ALL,12,ALL,ALL,2024,652.2614517948853,,,,,,,,ALL_N1,,,,,,,
IT1:DF_DCSS_ISTR_LAV_PEN_2_TV_3(1.0),A,087019,RESPOP_AV,M,Y_GE15,TOTAL,ALL,22,ALL,ALL,2018,6254,,,,,,,,ALL_N1,,,,,,,
IT1:DF_DCSS_ISTR_LAV_PEN_2_TV_3(1.0),A,087019,RESPOP_AV,M,Y_GE15,TOTAL,ALL,22,ALL,ALL,2019,6238,,,,,,,,ALL_N1,,,,,,,
IT1:DF_DCSS_ISTR_LAV_PEN_2_TV_3(1.0),A,087019,RESPOP_AV,M,Y_GE15,TOTAL,ALL,22,ALL,ALL,2021,5855.49280543366,,,,,,,,ALL_N1,,,,,,,
IT1:DF_DCSS_ISTR_LAV_PEN_2_TV_3(1.0),A,087019,RESPOP_AV,M,Y_GE15,TOTAL,ALL,22,ALL,ALL,2022,6011.35463281657,,,,,,,,ALL_N1,,,,,,,
IT1:DF_DCSS_ISTR_LAV_PEN_2_TV_3(1.0),A,087019,RESPOP_AV,M,Y_GE15,TOTAL,ALL,22,ALL,ALL,2023,5960.848523440701,,,,,,,,ALL_N1,,,,,,,
IT1:DF_DCSS_ISTR_LAV_PEN_2_TV_3(1.0),A,087019,RESPOP_AV,M,Y_GE15,TOTAL,ALL,22,ALL,ALL,2024,5975.261451794885,,,,,,,,ALL_N1,,,,,,,
IT1:DF_DCSS_ISTR_LAV_PEN_2_TV_3(1.0),A,087019,RESPOP_AV,M,Y_GE15,TOTAL,ALL,23,ALL,ALL,2018,4141,,,,,,,,ALL_N1,,,,,,,
IT1:DF_DCSS_ISTR_LAV_PEN_2_TV_3(1.0),A,087019,RESPOP_AV,M,Y_GE15,TOTAL,ALL,23,ALL,ALL,2019,4157,,,,,,,,ALL_N1,,,,,,,
IT1:DF_DCSS_ISTR_LAV_PEN_2_TV_3(1.0),A,087019,RESPOP_AV,M,Y_GE15,TOTAL,ALL,23,ALL,ALL,2021,4409.50719456634,,,,,,,,ALL_N1,,,,,,,
IT1:DF_DCSS_ISTR_LAV_PEN_2_TV_3(1.0),A,087019,RESPOP_AV,M,Y_GE15,TOTAL,ALL,23,ALL,ALL,2022,4268.64536718343,,,,,,,,ALL_N1,,,,,,,
IT1:DF_DCSS_ISTR_LAV_PEN_2_TV_3(1.0),A,087019,RESPOP_AV,M,Y_GE15,TOTAL,ALL,23,ALL,ALL,2023,4348.1514765593,,,,,,,,ALL_N1,,,,,,,
IT1:DF_DCSS_ISTR_LAV_PEN_2_TV_3(1.0),A,087019,RESPOP_AV,M,Y_GE15,TOTAL,ALL,23,ALL,ALL,2024,4399.738548205115,,,,,,,,ALL_N1,,,,,,,
IT1:DF_DCSS_ISTR_LAV_PEN_2_TV_3(1.0),A,087019,RESPOP_AV,M,Y_GE15,TOTAL,ALL,24,ALL,ALL,2018,2209,,,,,,,,ALL_N1,,,,,,,
IT1:DF_DCSS_ISTR_LAV_PEN_2_TV_3(1.0),A,087019,RESPOP_AV,M,Y_GE15,TOTAL,ALL,24,ALL,ALL,2019,2348,,,,,,,,ALL_N1,,,,,,,
IT1:DF_DCSS_ISTR_LAV_PEN_2_TV_3(1.0),A,087019,RESPOP_AV,M,Y_GE15,TOTAL,ALL,24,ALL,ALL,2021,2362.20516095268,,,,,,,,ALL_N1,,,,,,,
IT1:DF_DCSS_ISTR_LAV_PEN_2_TV_3(1.0),A,087019,RESPOP_AV,M,Y_GE15,TOTAL,ALL,24,ALL,ALL,2022,2328.36930239175,,,,,,,,ALL_N1,,,,,,,
IT1:DF_DCSS_ISTR_LAV_PEN_2_TV_3(1.0),A,087019,RESPOP_AV,M,Y_GE15,TOTAL,ALL,24,ALL,ALL,2023,2381.7802254031153,,,,,,,,ALL_N1,,,,,,,
IT1:DF_DCSS_ISTR_LAV_PEN_2_TV_3(1.0),A,087019,RESPOP_AV,M,Y_GE15,TOTAL,ALL,24,ALL,ALL,2024,2457.067459992456,,,,,,,,ALL_N1,,,,,,,
IT1:DF_DCSS_ISTR_LAV_PEN_2_TV_3(1.0),A,087019,RESPOP_AV,M,Y_GE15,TOTAL,ALL,4,ALL,ALL,2018,121,,,,,,,,ALL_N1,,,,,,,
IT1:DF_DCSS_ISTR_LAV_PEN_2_TV_3(1.0),A,087019,RESPOP_AV,M,Y_GE15,TOTAL,ALL,4,ALL,ALL,2019,138,,,,,,,,ALL_N1,,,,,,,
IT1:DF_DCSS_ISTR_LAV_PEN_2_TV_3(1.0),A,087019,RESPOP_AV,M,Y_GE15,TOTAL,ALL,4,ALL,ALL,2021,206.013472792834,,,,,,,,ALL_N1,,,,,,,
IT1:DF_DCSS_ISTR_LAV_PEN_2_TV_3(1.0),A,087019,RESPOP_AV,M,Y_GE15,TOTAL,ALL,4,ALL,ALL,2022,180.492596225941,,,,,,,,ALL_N1,,,,,,,
IT1:DF_DCSS_ISTR_LAV_PEN_2_TV_3(1.0),A,087019,RESPOP_AV,M,Y_GE15,TOTAL,ALL,4,ALL,ALL,2023,211.76097651616683,,,,,,,,ALL_N1,,,,,,,
IT1:DF_DCSS_ISTR_LAV_PEN_2_TV_3(1.0),A,087019,RESPOP_AV,M,Y_GE15,TOTAL,ALL,4,ALL,ALL,2024,192.29142208186806,,,,,,,,ALL_N1,,,,,,,
IT1:DF_DCSS_ISTR_LAV_PEN_2_TV_3(1.0),A,087019,RESPOP_AV,M,Y_GE15,TOTAL,ALL,5,ALL,ALL,2018,818,,,,,,,,ALL_N1,,,,,,,
IT1:DF_DCSS_ISTR_LAV_PEN_2_TV_3(1.0),A,087019,RESPOP_AV,M,Y_GE15,TOTAL,ALL,5,ALL,ALL,2019,840,,,,,,,,ALL_N1,,,,,,,
IT1:DF_DCSS_ISTR_LAV_PEN_2_TV_3(1.0),A,087019,RESPOP_AV,M,Y_GE15,TOTAL,ALL,5,ALL,ALL,2021,838.424722629137,,,,,,,,ALL_N1,,,,,,,
IT1:DF_DCSS_ISTR_LAV_PEN_2_TV_3(1.0),A,087019,RESPOP_AV,M,Y_GE15,TOTAL,ALL,5,ALL,ALL,2022,853.632404912823,,,,,,,,ALL_N1,,,,,,,
IT1:DF_DCSS_ISTR_LAV_PEN_2_TV_3(1.0),A,087019,RESPOP_AV,M,Y_GE15,TOTAL,ALL,5,ALL,ALL,2023,868.4966457283231,,,,,,,,ALL_N1,,,,,,,
IT1:DF_DCSS_ISTR_LAV_PEN_2_TV_3(1.0),A,087019,RESPOP_AV,M,Y_GE15,TOTAL,ALL,5,ALL,ALL,2024,893.2723213782908,,,,,,,,ALL_N1,,,,,,,
IT1:DF_DCSS_ISTR_LAV_PEN_2_TV_3(1.0),A,087019,RESPOP_AV,M,Y_GE15,TOTAL,ALL,7,ALL,ALL,2018,994,,,,,,,,ALL_N1,,,,,,,
IT1:DF_DCSS_ISTR_LAV_PEN_2_TV_3(1.0),A,087019,RESPOP_AV,M,Y_GE15,TOTAL,ALL,7,ALL,ALL,2019,831,,,,,,,,ALL_N1,,,,,,,
IT1:DF_DCSS_ISTR_LAV_PEN_2_TV_3(1.0),A,087019,RESPOP_AV,M,Y_GE15,TOTAL,ALL,7,ALL,ALL,2021,1002.86383819168,,,,,,,,ALL_N1,,,,,,,
IT1:DF_DCSS_ISTR_LAV_PEN_2_TV_3(1.0),A,087019,RESPOP_AV,M,Y_GE15,TOTAL,ALL,7,ALL,ALL,2022,906.151063652919,,,,,,,,ALL_N1,,,,,,,
IT1:DF_DCSS_ISTR_LAV_PEN_2_TV_3(1.0),A,087019,RESPOP_AV,M,Y_GE15,TOTAL,ALL,7,ALL,ALL,2023,886.1136289116944,,,,,,,,ALL_N1,,,,,,,
IT1:DF_DCSS_ISTR_LAV_PEN_2_TV_3(1.0),A,087019,RESPOP_AV,M,Y_GE15,TOTAL,ALL,7,ALL,ALL,2024,857.1073447524997,,,,,,,,ALL_N1,,,,,,,
IT1:DF_DCSS_ISTR_LAV_PEN_2_TV_3(1.0),A,087019,RESPOP_AV,M,Y_GE15,TOTAL,ALL,99,ALL,ALL,2018,10394,,,,,,,,ALL_N1,99_N1,,,,,,
IT1:DF_DCSS_ISTR_LAV_PEN_2_TV_3(1.0),A,087019,RESPOP_AV,M,Y_GE15,TOTAL,ALL,99,ALL,ALL,2019,10395,,,,,,,,ALL_N1,99_N1,,,,,,
IT1:DF_DCSS_ISTR_LAV_PEN_2_TV_3(1.0),A,087019,RESPOP_AV,M,Y_GE15,TOTAL,ALL,99,ALL,ALL,2021,10265,,,,,,,,ALL_N1,99_N1,,,,,,
IT1:DF_DCSS_ISTR_LAV_PEN_2_TV_3(1.0),A,087019,RESPOP_AV,M,Y_GE15,TOTAL,ALL,99,ALL,ALL,2022,10280,,,,,,,,ALL_N1,99_N1,,,,,,
IT1:DF_DCSS_ISTR_LAV_PEN_2_TV_3(1.0),A,087019,RESPOP_AV,M,Y_GE15,TOTAL,ALL,99,ALL,ALL,2023,10309,,,,,,,,ALL_N1,99_N1,,,,,,
IT1:DF_DCSS_ISTR_LAV_PEN_2_TV_3(1.0),A,087019,RESPOP_AV,M,Y_GE15,TOTAL,ALL,99,ALL,ALL,2024,10375,,,,,,,,ALL_N1,99_N1,,,,,,
IT1:DF_DCSS_ISTR_LAV_PEN_2_TV_3(1.0),A,087019,RESPOP_AV,T,Y_GE15,TOTAL,ALL,1,ALL,ALL,2018,8329,,,,,,,,ALL_N1,,,,,,,
IT1:DF_DCSS_ISTR_LAV_PEN_2_TV_3(1.0),A,087019,RESPOP_AV,T,Y_GE15,TOTAL,ALL,1,ALL,ALL,2019,8358,,,,,,,,ALL_N1,,,,,,,
IT1:DF_DCSS_ISTR_LAV_PEN_2_TV_3(1.0),A,087019,RESPOP_AV,T,Y_GE15,TOTAL,ALL,1,ALL,ALL,2021,8581,,,,,,,,ALL_N1,,,,,,,
IT1:DF_DCSS_ISTR_LAV_PEN_2_TV_3(1.0),A,087019,RESPOP_AV,T,Y_GE15,TOTAL,ALL,1,ALL,ALL,2022,8765,,,,,,,,ALL_N1,,,,,,,
IT1:DF_DCSS_ISTR_LAV_PEN_2_TV_3(1.0),A,087019,RESPOP_AV,T,Y_GE15,TOTAL,ALL,1,ALL,ALL,2023,9092,,,,,,,,ALL_N1,,,,,,,
IT1:DF_DCSS_ISTR_LAV_PEN_2_TV_3(1.0),A,087019,RESPOP_AV,T,Y_GE15,TOTAL,ALL,1,ALL,ALL,2024,9255,,,,,,,,ALL_N1,,,,,,,
IT1:DF_DCSS_ISTR_LAV_PEN_2_TV_3(1.0),A,087019,RESPOP_AV,T,Y_GE15,TOTAL,ALL,12,ALL,ALL,2018,2482,,,,,,,,ALL_N1,,,,,,,
IT1:DF_DCSS_ISTR_LAV_PEN_2_TV_3(1.0),A,087019,RESPOP_AV,T,Y_GE15,TOTAL,ALL,12,ALL,ALL,2019,2439,,,,,,,,ALL_N1,,,,,,,
IT1:DF_DCSS_ISTR_LAV_PEN_2_TV_3(1.0),A,087019,RESPOP_AV,T,Y_GE15,TOTAL,ALL,12,ALL,ALL,2021,1484.11231136392,,,,,,,,ALL_N1,,,,,,,
IT1:DF_DCSS_ISTR_LAV_PEN_2_TV_3(1.0),A,087019,RESPOP_AV,T,Y_GE15,TOTAL,ALL,12,ALL,ALL,2022,1730.92413719629,,,,,,,,ALL_N1,,,,,,,
IT1:DF_DCSS_ISTR_LAV_PEN_2_TV_3(1.0),A,087019,RESPOP_AV,T,Y_GE15,TOTAL,ALL,12,ALL,ALL,2023,1340.8403010025795,,,,,,,,ALL_N1,,,,,,,
IT1:DF_DCSS_ISTR_LAV_PEN_2_TV_3(1.0),A,087019,RESPOP_AV,T,Y_GE15,TOTAL,ALL,12,ALL,ALL,2024,1268.5786208779168,,,,,,,,ALL_N1,,,,,,,
IT1:DF_DCSS_ISTR_LAV_PEN_2_TV_3(1.0),A,087019,RESPOP_AV,T,Y_GE15,TOTAL,ALL,22,ALL,ALL,2018,10811,,,,,,,,ALL_N1,,,,,,,
IT1:DF_DCSS_ISTR_LAV_PEN_2_TV_3(1.0),A,087019,RESPOP_AV,T,Y_GE15,TOTAL,ALL,22,ALL,ALL,2019,10796,,,,,,,,ALL_N1,,,,,,,
IT1:DF_DCSS_ISTR_LAV_PEN_2_TV_3(1.0),A,087019,RESPOP_AV,T,Y_GE15,TOTAL,ALL,22,ALL,ALL,2021,10065.1123113639,,,,,,,,ALL_N1,,,,,,,
IT1:DF_DCSS_ISTR_LAV_PEN_2_TV_3(1.0),A,087019,RESPOP_AV,T,Y_GE15,TOTAL,ALL,22,ALL,ALL,2022,10495.9241371963,,,,,,,,ALL_N1,,,,,,,
IT1:DF_DCSS_ISTR_LAV_PEN_2_TV_3(1.0),A,087019,RESPOP_AV,T,Y_GE15,TOTAL,ALL,22,ALL,ALL,2023,10432.84030100258,,,,,,,,ALL_N1,,,,,,,
IT1:DF_DCSS_ISTR_LAV_PEN_2_TV_3(1.0),A,087019,RESPOP_AV,T,Y_GE15,TOTAL,ALL,22,ALL,ALL,2024,10523.578620877917,,,,,,,,ALL_N1,,,,,,,
IT1:DF_DCSS_ISTR_LAV_PEN_2_TV_3(1.0),A,087019,RESPOP_AV,T,Y_GE15,TOTAL,ALL,23,ALL,ALL,2018,11178,,,,,,,,ALL_N1,,,,,,,
IT1:DF_DCSS_ISTR_LAV_PEN_2_TV_3(1.0),A,087019,RESPOP_AV,T,Y_GE15,TOTAL,ALL,23,ALL,ALL,2019,11196,,,,,,,,ALL_N1,,,,,,,
IT1:DF_DCSS_ISTR_LAV_PEN_2_TV_3(1.0),A,087019,RESPOP_AV,T,Y_GE15,TOTAL,ALL,23,ALL,ALL,2021,11722.8876886361,,,,,,,,ALL_N1,,,,,,,
IT1:DF_DCSS_ISTR_LAV_PEN_2_TV_3(1.0),A,087019,RESPOP_AV,T,Y_GE15,TOTAL,ALL,23,ALL,ALL,2022,11392.0758628037,,,,,,,,ALL_N1,,,,,,,
IT1:DF_DCSS_ISTR_LAV_PEN_2_TV_3(1.0),A,087019,RESPOP_AV,T,Y_GE15,TOTAL,ALL,23,ALL,ALL,2023,11567.15969899742,,,,,,,,ALL_N1,,,,,,,
IT1:DF_DCSS_ISTR_LAV_PEN_2_TV_3(1.0),A,087019,RESPOP_AV,T,Y_GE15,TOTAL,ALL,23,ALL,ALL,2024,11557.42137912208,,,,,,,,ALL_N1,,,,,,,
IT1:DF_DCSS_ISTR_LAV_PEN_2_TV_3(1.0),A,087019,RESPOP_AV,T,Y_GE15,TOTAL,ALL,24,ALL,ALL,2018,4000,,,,,,,,ALL_N1,,,,,,,
IT1:DF_DCSS_ISTR_LAV_PEN_2_TV_3(1.0),A,087019,RESPOP_AV,T,Y_GE15,TOTAL,ALL,24,ALL,ALL,2019,4247,,,,,,,,ALL_N1,,,,,,,
IT1:DF_DCSS_ISTR_LAV_PEN_2_TV_3(1.0),A,087019,RESPOP_AV,T,Y_GE15,TOTAL,ALL,24,ALL,ALL,2021,4365.38306374419,,,,,,,,ALL_N1,,,,,,,
IT1:DF_DCSS_ISTR_LAV_PEN_2_TV_3(1.0),A,087019,RESPOP_AV,T,Y_GE15,TOTAL,ALL,24,ALL,ALL,2022,4216.59399133607,,,,,,,,ALL_N1,,,,,,,
IT1:DF_DCSS_ISTR_LAV_PEN_2_TV_3(1.0),A,087019,RESPOP_AV,T,Y_GE15,TOTAL,ALL,24,ALL,ALL,2023,4350.14407761974,,,,,,,,ALL_N1,,,,,,,
IT1:DF_DCSS_ISTR_LAV_PEN_2_TV_3(1.0),A,087019,RESPOP_AV,T,Y_GE15,TOTAL,ALL,24,ALL,ALL,2024,4501.276669246676,,,,,,,,ALL_N1,,,,,,,
IT1:DF_DCSS_ISTR_LAV_PEN_2_TV_3(1.0),A,087019,RESPOP_AV,T,Y_GE15,TOTAL,ALL,4,ALL,ALL,2018,3627,,,,,,,,ALL_N1,,,,,,,
IT1:DF_DCSS_ISTR_LAV_PEN_2_TV_3(1.0),A,087019,RESPOP_AV,T,Y_GE15,TOTAL,ALL,4,ALL,ALL,2019,3689,,,,,,,,ALL_N1,,,,,,,
IT1:DF_DCSS_ISTR_LAV_PEN_2_TV_3(1.0),A,087019,RESPOP_AV,T,Y_GE15,TOTAL,ALL,4,ALL,ALL,2021,3810.26404692187,,,,,,,,ALL_N1,,,,,,,
IT1:DF_DCSS_ISTR_LAV_PEN_2_TV_3(1.0),A,087019,RESPOP_AV,T,Y_GE15,TOTAL,ALL,4,ALL,ALL,2022,3603.50839594987,,,,,,,,ALL_N1,,,,,,,
IT1:DF_DCSS_ISTR_LAV_PEN_2_TV_3(1.0),A,087019,RESPOP_AV,T,Y_GE15,TOTAL,ALL,4,ALL,ALL,2023,3633.26399887029,,,,,,,,ALL_N1,,,,,,,
IT1:DF_DCSS_ISTR_LAV_PEN_2_TV_3(1.0),A,087019,RESPOP_AV,T,Y_GE15,TOTAL,ALL,4,ALL,ALL,2024,3557.7203475821552,,,,,,,,ALL_N1,,,,,,,
IT1:DF_DCSS_ISTR_LAV_PEN_2_TV_3(1.0),A,087019,RESPOP_AV,T,Y_GE15,TOTAL,ALL,5,ALL,ALL,2018,1688,,,,,,,,ALL_N1,,,,,,,
IT1:DF_DCSS_ISTR_LAV_PEN_2_TV_3(1.0),A,087019,RESPOP_AV,T,Y_GE15,TOTAL,ALL,5,ALL,ALL,2019,1738,,,,,,,,ALL_N1,,,,,,,
IT1:DF_DCSS_ISTR_LAV_PEN_2_TV_3(1.0),A,087019,RESPOP_AV,T,Y_GE15,TOTAL,ALL,5,ALL,ALL,2021,1743.71334334629,,,,,,,,ALL_N1,,,,,,,
IT1:DF_DCSS_ISTR_LAV_PEN_2_TV_3(1.0),A,087019,RESPOP_AV,T,Y_GE15,TOTAL,ALL,5,ALL,ALL,2022,1781.95456944441,,,,,,,,ALL_N1,,,,,,,
IT1:DF_DCSS_ISTR_LAV_PEN_2_TV_3(1.0),A,087019,RESPOP_AV,T,Y_GE15,TOTAL,ALL,5,ALL,ALL,2023,1860.80200248014,,,,,,,,ALL_N1,,,,,,,
IT1:DF_DCSS_ISTR_LAV_PEN_2_TV_3(1.0),A,087019,RESPOP_AV,T,Y_GE15,TOTAL,ALL,5,ALL,ALL,2024,1862.6948512753202,,,,,,,,ALL_N1,,,,,,,
IT1:DF_DCSS_ISTR_LAV_PEN_2_TV_3(1.0),A,087019,RESPOP_AV,T,Y_GE15,TOTAL,ALL,7,ALL,ALL,2018,1864,,,,,,,,ALL_N1,,,,,,,
IT1:DF_DCSS_ISTR_LAV_PEN_2_TV_3(1.0),A,087019,RESPOP_AV,T,Y_GE15,TOTAL,ALL,7,ALL,ALL,2019,1522,,,,,,,,ALL_N1,,,,,,,
IT1:DF_DCSS_ISTR_LAV_PEN_2_TV_3(1.0),A,087019,RESPOP_AV,T,Y_GE15,TOTAL,ALL,7,ALL,ALL,2021,1803.52723462374,,,,,,,,ALL_N1,,,,,,,
IT1:DF_DCSS_ISTR_LAV_PEN_2_TV_3(1.0),A,087019,RESPOP_AV,T,Y_GE15,TOTAL,ALL,7,ALL,ALL,2022,1790.01890607336,,,,,,,,ALL_N1,,,,,,,
IT1:DF_DCSS_ISTR_LAV_PEN_2_TV_3(1.0),A,087019,RESPOP_AV,T,Y_GE15,TOTAL,ALL,7,ALL,ALL,2023,1722.949620027252,,,,,,,,ALL_N1,,,,,,,
IT1:DF_DCSS_ISTR_LAV_PEN_2_TV_3(1.0),A,087019,RESPOP_AV,T,Y_GE15,TOTAL,ALL,7,ALL,ALL,2024,1635.729511017931,,,,,,,,ALL_N1,,,,,,,
IT1:DF_DCSS_ISTR_LAV_PEN_2_TV_3(1.0),A,087019,RESPOP_AV,T,Y_GE15,TOTAL,ALL,99,ALL,ALL,2018,21989,,,,,,,,ALL_N1,99_N1,,,,,,
IT1:DF_DCSS_ISTR_LAV_PEN_2_TV_3(1.0),A,087019,RESPOP_AV,T,Y_GE15,TOTAL,ALL,99,ALL,ALL,2019,21992,,,,,,,,ALL_N1,99_N1,,,,,,
IT1:DF_DCSS_ISTR_LAV_PEN_2_TV_3(1.0),A,087019,RESPOP_AV,T,Y_GE15,TOTAL,ALL,99,ALL,ALL,2021,21788,,,,,,,,ALL_N1,99_N1,,,,,,
IT1:DF_DCSS_ISTR_LAV_PEN_2_TV_3(1.0),A,087019,RESPOP_AV,T,Y_GE15,TOTAL,ALL,99,ALL,ALL,2022,21888,,,,,,,,ALL_N1,99_N1,,,,,,
IT1:DF_DCSS_ISTR_LAV_PEN_2_TV_3(1.0),A,087019,RESPOP_AV,T,Y_GE15,TOTAL,ALL,99,ALL,ALL,2023,22000,,,,,,,,ALL_N1,99_N1,,,,,,
IT1:DF_DCSS_ISTR_LAV_PEN_2_TV_3(1.0),A,087019,RESPOP_AV,T,Y_GE15,TOTAL,ALL,99,ALL,ALL,2024,22081,,,,,,,,ALL_N1,99_N1,,,,,,
IT1:DF_DCSS_ISTR_LAV_PEN_2_TV_3(1.0),A,087020,RESPOP_AV,F,Y_GE15,TOTAL,ALL,1,ALL,ALL,2018,268,,,,,,,,ALL_N1,,,,,,,
IT1:DF_DCSS_ISTR_LAV_PEN_2_TV_3(1.0),A,087020,RESPOP_AV,F,Y_GE15,TOTAL,ALL,1,ALL,ALL,2019,272,,,,,,,,ALL_N1,,,,,,,
IT1:DF_DCSS_ISTR_LAV_PEN_2_TV_3(1.0),A,087020,RESPOP_AV,F,Y_GE15,TOTAL,ALL,1,ALL,ALL,2021,279,,,,,,,,ALL_N1,,,,,,,
IT1:DF_DCSS_ISTR_LAV_PEN_2_TV_3(1.0),A,087020,RESPOP_AV,F,Y_GE15,TOTAL,ALL,1,ALL,ALL,2022,282,,,,,,,,ALL_N1,,,,,,,
IT1:DF_DCSS_ISTR_LAV_PEN_2_TV_3(1.0),A,087020,RESPOP_AV,F,Y_GE15,TOTAL,ALL,1,ALL,ALL,2023,302,,,,,,,,ALL_N1,,,,,,,
IT1:DF_DCSS_ISTR_LAV_PEN_2_TV_3(1.0),A,087020,RESPOP_AV,F,Y_GE15,TOTAL,ALL,1,ALL,ALL,2024,294,,,,,,,,ALL_N1,,,,,,,
IT1:DF_DCSS_ISTR_LAV_PEN_2_TV_3(1.0),A,087020,RESPOP_AV,F,Y_GE15,TOTAL,ALL,12,ALL,ALL,2018,124,,,,,,,,ALL_N1,,,,,,,
IT1:DF_DCSS_ISTR_LAV_PEN_2_TV_3(1.0),A,087020,RESPOP_AV,F,Y_GE15,TOTAL,ALL,12,ALL,ALL,2019,128,,,,,,,,ALL_N1,,,,,,,
IT1:DF_DCSS_ISTR_LAV_PEN_2_TV_3(1.0),A,087020,RESPOP_AV,F,Y_GE15,TOTAL,ALL,12,ALL,ALL,2021,53.9872207533071,,,,,,,,ALL_N1,,,,,,,
IT1:DF_DCSS_ISTR_LAV_PEN_2_TV_3(1.0),A,087020,RESPOP_AV,F,Y_GE15,TOTAL,ALL,12,ALL,ALL,2022,64.6517854875008,,,,,,,,ALL_N1,,,,,,,
IT1:DF_DCSS_ISTR_LAV_PEN_2_TV_3(1.0),A,087020,RESPOP_AV,F,Y_GE15,TOTAL,ALL,12,ALL,ALL,2023,67.5136692724852,,,,,,,,ALL_N1,,,,,,,
IT1:DF_DCSS_ISTR_LAV_PEN_2_TV_3(1.0),A,087020,RESPOP_AV,F,Y_GE15,TOTAL,ALL,12,ALL,ALL,2024,52.36944185343019,,,,,,,,ALL_N1,,,,,,,
IT1:DF_DCSS_ISTR_LAV_PEN_2_TV_3(1.0),A,087020,RESPOP_AV,F,Y_GE15,TOTAL,ALL,22,ALL,ALL,2018,392,,,,,,,,ALL_N1,,,,,,,
IT1:DF_DCSS_ISTR_LAV_PEN_2_TV_3(1.0),A,087020,RESPOP_AV,F,Y_GE15,TOTAL,ALL,22,ALL,ALL,2019,400,,,,,,,,ALL_N1,,,,,,,
IT1:DF_DCSS_ISTR_LAV_PEN_2_TV_3(1.0),A,087020,RESPOP_AV,F,Y_GE15,TOTAL,ALL,22,ALL,ALL,2021,332.987220753307,,,,,,,,ALL_N1,,,,,,,
IT1:DF_DCSS_ISTR_LAV_PEN_2_TV_3(1.0),A,087020,RESPOP_AV,F,Y_GE15,TOTAL,ALL,22,ALL,ALL,2022,346.651785487501,,,,,,,,ALL_N1,,,,,,,
IT1:DF_DCSS_ISTR_LAV_PEN_2_TV_3(1.0),A,087020,RESPOP_AV,F,Y_GE15,TOTAL,ALL,22,ALL,ALL,2023,369.51366927248523,,,,,,,,ALL_N1,,,,,,,
IT1:DF_DCSS_ISTR_LAV_PEN_2_TV_3(1.0),A,087020,RESPOP_AV,F,Y_GE15,TOTAL,ALL,22,ALL,ALL,2024,346.3694418534302,,,,,,,,ALL_N1,,,,,,,
IT1:DF_DCSS_ISTR_LAV_PEN_2_TV_3(1.0),A,087020,RESPOP_AV,F,Y_GE15,TOTAL,ALL,23,ALL,ALL,2018,903,,,,,,,,ALL_N1,,,,,,,
IT1:DF_DCSS_ISTR_LAV_PEN_2_TV_3(1.0),A,087020,RESPOP_AV,F,Y_GE15,TOTAL,ALL,23,ALL,ALL,2019,889,,,,,,,,ALL_N1,,,,,,,
IT1:DF_DCSS_ISTR_LAV_PEN_2_TV_3(1.0),A,087020,RESPOP_AV,F,Y_GE15,TOTAL,ALL,23,ALL,ALL,2021,857.012779246693,,,,,,,,ALL_N1,,,,,,,
IT1:DF_DCSS_ISTR_LAV_PEN_2_TV_3(1.0),A,087020,RESPOP_AV,F,Y_GE15,TOTAL,ALL,23,ALL,ALL,2022,839.348214512499,,,,,,,,ALL_N1,,,,,,,
IT1:DF_DCSS_ISTR_LAV_PEN_2_TV_3(1.0),A,087020,RESPOP_AV,F,Y_GE15,TOTAL,ALL,23,ALL,ALL,2023,840.4863307275147,,,,,,,,ALL_N1,,,,,,,
IT1:DF_DCSS_ISTR_LAV_PEN_2_TV_3(1.0),A,087020,RESPOP_AV,F,Y_GE15,TOTAL,ALL,23,ALL,ALL,2024,888.6305581465698,,,,,,,,ALL_N1,,,,,,,
IT1:DF_DCSS_ISTR_LAV_PEN_2_TV_3(1.0),A,087020,RESPOP_AV,F,Y_GE15,TOTAL,ALL,24,ALL,ALL,2018,207,,,,,,,,ALL_N1,,,,,,,
IT1:DF_DCSS_ISTR_LAV_PEN_2_TV_3(1.0),A,087020,RESPOP_AV,F,Y_GE15,TOTAL,ALL,24,ALL,ALL,2019,201,,,,,,,,ALL_N1,,,,,,,
IT1:DF_DCSS_ISTR_LAV_PEN_2_TV_3(1.0),A,087020,RESPOP_AV,F,Y_GE15,TOTAL,ALL,24,ALL,ALL,2021,184.367427098493,,,,,,,,ALL_N1,,,,,,,
IT1:DF_DCSS_ISTR_LAV_PEN_2_TV_3(1.0),A,087020,RESPOP_AV,F,Y_GE15,TOTAL,ALL,24,ALL,ALL,2022,164.189225184831,,,,,,,,ALL_N1,,,,,,,
IT1:DF_DCSS_ISTR_LAV_PEN_2_TV_3(1.0),A,087020,RESPOP_AV,F,Y_GE15,TOTAL,ALL,24,ALL,ALL,2023,164.42850128761438,,,,,,,,ALL_N1,,,,,,,
IT1:DF_DCSS_ISTR_LAV_PEN_2_TV_3(1.0),A,087020,RESPOP_AV,F,Y_GE15,TOTAL,ALL,24,ALL,ALL,2024,180.4783573571662,,,,,,,,ALL_N1,,,,,,,
IT1:DF_DCSS_ISTR_LAV_PEN_2_TV_3(1.0),A,087020,RESPOP_AV,F,Y_GE15,TOTAL,ALL,4,ALL,ALL,2018,482,,,,,,,,ALL_N1,,,,,,,
IT1:DF_DCSS_ISTR_LAV_PEN_2_TV_3(1.0),A,087020,RESPOP_AV,F,Y_GE15,TOTAL,ALL,4,ALL,ALL,2019,471,,,,,,,,ALL_N1,,,,,,,
IT1:DF_DCSS_ISTR_LAV_PEN_2_TV_3(1.0),A,087020,RESPOP_AV,F,Y_GE15,TOTAL,ALL,4,ALL,ALL,2021,482.166027859508,,,,,,,,ALL_N1,,,,,,,
IT1:DF_DCSS_ISTR_LAV_PEN_2_TV_3(1.0),A,087020,RESPOP_AV,F,Y_GE15,TOTAL,ALL,4,ALL,ALL,2022,469.493905694326,,,,,,,,ALL_N1,,,,,,,
IT1:DF_DCSS_ISTR_LAV_PEN_2_TV_3(1.0),A,087020,RESPOP_AV,F,Y_GE15,TOTAL,ALL,4,ALL,ALL,2023,461.03574415912146,,,,,,,,ALL_N1,,,,,,,
IT1:DF_DCSS_ISTR_LAV_PEN_2_TV_3(1.0),A,087020,RESPOP_AV,F,Y_GE15,TOTAL,ALL,4,ALL,ALL,2024,476.7758011449749,,,,,,,,ALL_N1,,,,,,,
IT1:DF_DCSS_ISTR_LAV_PEN_2_TV_3(1.0),A,087020,RESPOP_AV,F,Y_GE15,TOTAL,ALL,5,ALL,ALL,2018,104,,,,,,,,ALL_N1,,,,,,,
IT1:DF_DCSS_ISTR_LAV_PEN_2_TV_3(1.0),A,087020,RESPOP_AV,F,Y_GE15,TOTAL,ALL,5,ALL,ALL,2019,117,,,,,,,,ALL_N1,,,,,,,
IT1:DF_DCSS_ISTR_LAV_PEN_2_TV_3(1.0),A,087020,RESPOP_AV,F,Y_GE15,TOTAL,ALL,5,ALL,ALL,2021,100.159756743764,,,,,,,,ALL_N1,,,,,,,
IT1:DF_DCSS_ISTR_LAV_PEN_2_TV_3(1.0),A,087020,RESPOP_AV,F,Y_GE15,TOTAL,ALL,5,ALL,ALL,2022,106.299396154175,,,,,,,,ALL_N1,,,,,,,
IT1:DF_DCSS_ISTR_LAV_PEN_2_TV_3(1.0),A,087020,RESPOP_AV,F,Y_GE15,TOTAL,ALL,5,ALL,ALL,2023,113.91606846819761,,,,,,,,ALL_N1,,,,,,,
IT1:DF_DCSS_ISTR_LAV_PEN_2_TV_3(1.0),A,087020,RESPOP_AV,F,Y_GE15,TOTAL,ALL,5,ALL,ALL,2024,131.90344601607026,,,,,,,,ALL_N1,,,,,,,
IT1:DF_DCSS_ISTR_LAV_PEN_2_TV_3(1.0),A,087020,RESPOP_AV,F,Y_GE15,TOTAL,ALL,7,ALL,ALL,2018,111,,,,,,,,ALL_N1,,,,,,,
IT1:DF_DCSS_ISTR_LAV_PEN_2_TV_3(1.0),A,087020,RESPOP_AV,F,Y_GE15,TOTAL,ALL,7,ALL,ALL,2019,100,,,,,,,,ALL_N1,,,,,,,
IT1:DF_DCSS_ISTR_LAV_PEN_2_TV_3(1.0),A,087020,RESPOP_AV,F,Y_GE15,TOTAL,ALL,7,ALL,ALL,2021,90.3195675449276,,,,,,,,ALL_N1,,,,,,,
IT1:DF_DCSS_ISTR_LAV_PEN_2_TV_3(1.0),A,087020,RESPOP_AV,F,Y_GE15,TOTAL,ALL,7,ALL,ALL,2022,99.3656874791676,,,,,,,,ALL_N1,,,,,,,
IT1:DF_DCSS_ISTR_LAV_PEN_2_TV_3(1.0),A,087020,RESPOP_AV,F,Y_GE15,TOTAL,ALL,7,ALL,ALL,2023,101.10601681258122,,,,,,,,ALL_N1,,,,,,,
IT1:DF_DCSS_ISTR_LAV_PEN_2_TV_3(1.0),A,087020,RESPOP_AV,F,Y_GE15,TOTAL,ALL,7,ALL,ALL,2024,99.47295362835844,,,,,,,,ALL_N1,,,,,,,
IT1:DF_DCSS_ISTR_LAV_PEN_2_TV_3(1.0),A,087020,RESPOP_AV,F,Y_GE15,TOTAL,ALL,99,ALL,ALL,2018,1295,,,,,,,,ALL_N1,99_N1,,,,,,
IT1:DF_DCSS_ISTR_LAV_PEN_2_TV_3(1.0),A,087020,RESPOP_AV,F,Y_GE15,TOTAL,ALL,99,ALL,ALL,2019,1289,,,,,,,,ALL_N1,99_N1,,,,,,
IT1:DF_DCSS_ISTR_LAV_PEN_2_TV_3(1.0),A,087020,RESPOP_AV,F,Y_GE15,TOTAL,ALL,99,ALL,ALL,2021,1190,,,,,,,,ALL_N1,99_N1,,,,,,
IT1:DF_DCSS_ISTR_LAV_PEN_2_TV_3(1.0),A,087020,RESPOP_AV,F,Y_GE15,TOTAL,ALL,99,ALL,ALL,2022,1186,,,,,,,,ALL_N1,99_N1,,,,,,
IT1:DF_DCSS_ISTR_LAV_PEN_2_TV_3(1.0),A,087020,RESPOP_AV,F,Y_GE15,TOTAL,ALL,99,ALL,ALL,2023,1210,,,,,,,,ALL_N1,99_N1,,,,,,
IT1:DF_DCSS_ISTR_LAV_PEN_2_TV_3(1.0),A,087020,RESPOP_AV,F,Y_GE15,TOTAL,ALL,99,ALL,ALL,2024,1235,,,,,,,,ALL_N1,99_N1,,,,,,
IT1:DF_DCSS_ISTR_LAV_PEN_2_TV_3(1.0),A,087020,RESPOP_AV,M,Y_GE15,TOTAL,ALL,1,ALL,ALL,2018,573,,,,,,,,ALL_N1,,,,,,,
IT1:DF_DCSS_ISTR_LAV_PEN_2_TV_3(1.0),A,087020,RESPOP_AV,M,Y_GE15,TOTAL,ALL,1,ALL,ALL,2019,571,,,,,,,,ALL_N1,,,,,,,
IT1:DF_DCSS_ISTR_LAV_PEN_2_TV_3(1.0),A,087020,RESPOP_AV,M,Y_GE15,TOTAL,ALL,1,ALL,ALL,2021,535,,,,,,,,ALL_N1,,,,,,,
IT1:DF_DCSS_ISTR_LAV_PEN_2_TV_3(1.0),A,087020,RESPOP_AV,M,Y_GE15,TOTAL,ALL,1,ALL,ALL,2022,550,,,,,,,,ALL_N1,,,,,,,
IT1:DF_DCSS_ISTR_LAV_PEN_2_TV_3(1.0),A,087020,RESPOP_AV,M,Y_GE15,TOTAL,ALL,1,ALL,ALL,2023,570,,,,,,,,ALL_N1,,,,,,,
IT1:DF_DCSS_ISTR_LAV_PEN_2_TV_3(1.0),A,087020,RESPOP_AV,M,Y_GE15,TOTAL,ALL,1,ALL,ALL,2024,589,,,,,,,,ALL_N1,,,,,,,
IT1:DF_DCSS_ISTR_LAV_PEN_2_TV_3(1.0),A,087020,RESPOP_AV,M,Y_GE15,TOTAL,ALL,12,ALL,ALL,2018,163,,,,,,,,ALL_N1,,,,,,,
IT1:DF_DCSS_ISTR_LAV_PEN_2_TV_3(1.0),A,087020,RESPOP_AV,M,Y_GE15,TOTAL,ALL,12,ALL,ALL,2019,157,,,,,,,,ALL_N1,,,,,,,
IT1:DF_DCSS_ISTR_LAV_PEN_2_TV_3(1.0),A,087020,RESPOP_AV,M,Y_GE15,TOTAL,ALL,12,ALL,ALL,2021,87.3915990786113,,,,,,,,ALL_N1,,,,,,,
IT1:DF_DCSS_ISTR_LAV_PEN_2_TV_3(1.0),A,087020,RESPOP_AV,M,Y_GE15,TOTAL,ALL,12,ALL,ALL,2022,88.9339011915417,,,,,,,,ALL_N1,,,,,,,
IT1:DF_DCSS_ISTR_LAV_PEN_2_TV_3(1.0),A,087020,RESPOP_AV,M,Y_GE15,TOTAL,ALL,12,ALL,ALL,2023,84.20079890586642,,,,,,,,ALL_N1,,,,,,,
IT1:DF_DCSS_ISTR_LAV_PEN_2_TV_3(1.0),A,087020,RESPOP_AV,M,Y_GE15,TOTAL,ALL,12,ALL,ALL,2024,71.61988046410083,,,,,,,,ALL_N1,,,,,,,
IT1:DF_DCSS_ISTR_LAV_PEN_2_TV_3(1.0),A,087020,RESPOP_AV,M,Y_GE15,TOTAL,ALL,22,ALL,ALL,2018,736,,,,,,,,ALL_N1,,,,,,,
IT1:DF_DCSS_ISTR_LAV_PEN_2_TV_3(1.0),A,087020,RESPOP_AV,M,Y_GE15,TOTAL,ALL,22,ALL,ALL,2019,727,,,,,,,,ALL_N1,,,,,,,
IT1:DF_DCSS_ISTR_LAV_PEN_2_TV_3(1.0),A,087020,RESPOP_AV,M,Y_GE15,TOTAL,ALL,22,ALL,ALL,2021,622.391599078611,,,,,,,,ALL_N1,,,,,,,
IT1:DF_DCSS_ISTR_LAV_PEN_2_TV_3(1.0),A,087020,RESPOP_AV,M,Y_GE15,TOTAL,ALL,22,ALL,ALL,2022,638.933901191542,,,,,,,,ALL_N1,,,,,,,
IT1:DF_DCSS_ISTR_LAV_PEN_2_TV_3(1.0),A,087020,RESPOP_AV,M,Y_GE15,TOTAL,ALL,22,ALL,ALL,2023,654.2007989058665,,,,,,,,ALL_N1,,,,,,,
IT1:DF_DCSS_ISTR_LAV_PEN_2_TV_3(1.0),A,087020,RESPOP_AV,M,Y_GE15,TOTAL,ALL,22,ALL,ALL,2024,660.6198804641008,,,,,,,,ALL_N1,,,,,,,
IT1:DF_DCSS_ISTR_LAV_PEN_2_TV_3(1.0),A,087020,RESPOP_AV,M,Y_GE15,TOTAL,ALL,23,ALL,ALL,2018,558,,,,,,,,ALL_N1,,,,,,,
IT1:DF_DCSS_ISTR_LAV_PEN_2_TV_3(1.0),A,087020,RESPOP_AV,M,Y_GE15,TOTAL,ALL,23,ALL,ALL,2019,562,,,,,,,,ALL_N1,,,,,,,
IT1:DF_DCSS_ISTR_LAV_PEN_2_TV_3(1.0),A,087020,RESPOP_AV,M,Y_GE15,TOTAL,ALL,23,ALL,ALL,2021,586.608400921389,,,,,,,,ALL_N1,,,,,,,
IT1:DF_DCSS_ISTR_LAV_PEN_2_TV_3(1.0),A,087020,RESPOP_AV,M,Y_GE15,TOTAL,ALL,23,ALL,ALL,2022,563.066098808458,,,,,,,,ALL_N1,,,,,,,
IT1:DF_DCSS_ISTR_LAV_PEN_2_TV_3(1.0),A,087020,RESPOP_AV,M,Y_GE15,TOTAL,ALL,23,ALL,ALL,2023,557.7992010941335,,,,,,,,ALL_N1,,,,,,,
IT1:DF_DCSS_ISTR_LAV_PEN_2_TV_3(1.0),A,087020,RESPOP_AV,M,Y_GE15,TOTAL,ALL,23,ALL,ALL,2024,569.3801195358991,,,,,,,,ALL_N1,,,,,,,
IT1:DF_DCSS_ISTR_LAV_PEN_2_TV_3(1.0),A,087020,RESPOP_AV,M,Y_GE15,TOTAL,ALL,24,ALL,ALL,2018,264,,,,,,,,ALL_N1,,,,,,,
IT1:DF_DCSS_ISTR_LAV_PEN_2_TV_3(1.0),A,087020,RESPOP_AV,M,Y_GE15,TOTAL,ALL,24,ALL,ALL,2019,278,,,,,,,,ALL_N1,,,,,,,
IT1:DF_DCSS_ISTR_LAV_PEN_2_TV_3(1.0),A,087020,RESPOP_AV,M,Y_GE15,TOTAL,ALL,24,ALL,ALL,2021,274.131863083501,,,,,,,,ALL_N1,,,,,,,
IT1:DF_DCSS_ISTR_LAV_PEN_2_TV_3(1.0),A,087020,RESPOP_AV,M,Y_GE15,TOTAL,ALL,24,ALL,ALL,2022,267.642288620351,,,,,,,,ALL_N1,,,,,,,
IT1:DF_DCSS_ISTR_LAV_PEN_2_TV_3(1.0),A,087020,RESPOP_AV,M,Y_GE15,TOTAL,ALL,24,ALL,ALL,2023,256.4572237406572,,,,,,,,ALL_N1,,,,,,,
IT1:DF_DCSS_ISTR_LAV_PEN_2_TV_3(1.0),A,087020,RESPOP_AV,M,Y_GE15,TOTAL,ALL,24,ALL,ALL,2024,270.2121941589531,,,,,,,,ALL_N1,,,,,,,
IT1:DF_DCSS_ISTR_LAV_PEN_2_TV_3(1.0),A,087020,RESPOP_AV,M,Y_GE15,TOTAL,ALL,4,ALL,ALL,2018,27,,,,,,,,ALL_N1,,,,,,,
IT1:DF_DCSS_ISTR_LAV_PEN_2_TV_3(1.0),A,087020,RESPOP_AV,M,Y_GE15,TOTAL,ALL,4,ALL,ALL,2019,27,,,,,,,,ALL_N1,,,,,,,
IT1:DF_DCSS_ISTR_LAV_PEN_2_TV_3(1.0),A,087020,RESPOP_AV,M,Y_GE15,TOTAL,ALL,4,ALL,ALL,2021,43.6511995386858,,,,,,,,ALL_N1,,,,,,,
IT1:DF_DCSS_ISTR_LAV_PEN_2_TV_3(1.0),A,087020,RESPOP_AV,M,Y_GE15,TOTAL,ALL,4,ALL,ALL,2022,38.236560722987,,,,,,,,ALL_N1,,,,,,,
IT1:DF_DCSS_ISTR_LAV_PEN_2_TV_3(1.0),A,087020,RESPOP_AV,M,Y_GE15,TOTAL,ALL,4,ALL,ALL,2023,43.21492093426501,,,,,,,,ALL_N1,,,,,,,
IT1:DF_DCSS_ISTR_LAV_PEN_2_TV_3(1.0),A,087020,RESPOP_AV,M,Y_GE15,TOTAL,ALL,4,ALL,ALL,2024,42.916450033216584,,,,,,,,ALL_N1,,,,,,,
IT1:DF_DCSS_ISTR_LAV_PEN_2_TV_3(1.0),A,087020,RESPOP_AV,M,Y_GE15,TOTAL,ALL,5,ALL,ALL,2018,90,,,,,,,,ALL_N1,,,,,,,
IT1:DF_DCSS_ISTR_LAV_PEN_2_TV_3(1.0),A,087020,RESPOP_AV,M,Y_GE15,TOTAL,ALL,5,ALL,ALL,2019,95,,,,,,,,ALL_N1,,,,,,,
IT1:DF_DCSS_ISTR_LAV_PEN_2_TV_3(1.0),A,087020,RESPOP_AV,M,Y_GE15,TOTAL,ALL,5,ALL,ALL,2021,87.7126840506158,,,,,,,,ALL_N1,,,,,,,
IT1:DF_DCSS_ISTR_LAV_PEN_2_TV_3(1.0),A,087020,RESPOP_AV,M,Y_GE15,TOTAL,ALL,5,ALL,ALL,2022,92.6384253332097,,,,,,,,ALL_N1,,,,,,,
IT1:DF_DCSS_ISTR_LAV_PEN_2_TV_3(1.0),A,087020,RESPOP_AV,M,Y_GE15,TOTAL,ALL,5,ALL,ALL,2023,100.78578344809704,,,,,,,,ALL_N1,,,,,,,
IT1:DF_DCSS_ISTR_LAV_PEN_2_TV_3(1.0),A,087020,RESPOP_AV,M,Y_GE15,TOTAL,ALL,5,ALL,ALL,2024,94.10844218921613,,,,,,,,ALL_N1,,,,,,,
IT1:DF_DCSS_ISTR_LAV_PEN_2_TV_3(1.0),A,087020,RESPOP_AV,M,Y_GE15,TOTAL,ALL,7,ALL,ALL,2018,178,,,,,,,,ALL_N1,,,,,,,
IT1:DF_DCSS_ISTR_LAV_PEN_2_TV_3(1.0),A,087020,RESPOP_AV,M,Y_GE15,TOTAL,ALL,7,ALL,ALL,2019,162,,,,,,,,ALL_N1,,,,,,,
IT1:DF_DCSS_ISTR_LAV_PEN_2_TV_3(1.0),A,087020,RESPOP_AV,M,Y_GE15,TOTAL,ALL,7,ALL,ALL,2021,181.112654248586,,,,,,,,ALL_N1,,,,,,,
IT1:DF_DCSS_ISTR_LAV_PEN_2_TV_3(1.0),A,087020,RESPOP_AV,M,Y_GE15,TOTAL,ALL,7,ALL,ALL,2022,164.548824131911,,,,,,,,ALL_N1,,,,,,,
IT1:DF_DCSS_ISTR_LAV_PEN_2_TV_3(1.0),A,087020,RESPOP_AV,M,Y_GE15,TOTAL,ALL,7,ALL,ALL,2023,157.34127297111434,,,,,,,,ALL_N1,,,,,,,
IT1:DF_DCSS_ISTR_LAV_PEN_2_TV_3(1.0),A,087020,RESPOP_AV,M,Y_GE15,TOTAL,ALL,7,ALL,ALL,2024,162.1430331545133,,,,,,,,ALL_N1,,,,,,,
IT1:DF_DCSS_ISTR_LAV_PEN_2_TV_3(1.0),A,087020,RESPOP_AV,M,Y_GE15,TOTAL,ALL,99,ALL,ALL,2018,1294,,,,,,,,ALL_N1,99_N1,,,,,,
IT1:DF_DCSS_ISTR_LAV_PEN_2_TV_3(1.0),A,087020,RESPOP_AV,M,Y_GE15,TOTAL,ALL,99,ALL,ALL,2019,1289,,,,,,,,ALL_N1,99_N1,,,,,,
IT1:DF_DCSS_ISTR_LAV_PEN_2_TV_3(1.0),A,087020,RESPOP_AV,M,Y_GE15,TOTAL,ALL,99,ALL,ALL,2021,1209,,,,,,,,ALL_N1,99_N1,,,,,,
IT1:DF_DCSS_ISTR_LAV_PEN_2_TV_3(1.0),A,087020,RESPOP_AV,M,Y_GE15,TOTAL,ALL,99,ALL,ALL,2022,1202,,,,,,,,ALL_N1,99_N1,,,,,,
IT1:DF_DCSS_ISTR_LAV_PEN_2_TV_3(1.0),A,087020,RESPOP_AV,M,Y_GE15,TOTAL,ALL,99,ALL,ALL,2023,1212,,,,,,,,ALL_N1,99_N1,,,,,,
IT1:DF_DCSS_ISTR_LAV_PEN_2_TV_3(1.0),A,087020,RESPOP_AV,M,Y_GE15,TOTAL,ALL,99,ALL,ALL,2024,1230,,,,,,,,ALL_N1,99_N1,,,,,,
IT1:DF_DCSS_ISTR_LAV_PEN_2_TV_3(1.0),A,087020,RESPOP_AV,T,Y_GE15,TOTAL,ALL,1,ALL,ALL,2018,841,,,,,,,,ALL_N1,,,,,,,
IT1:DF_DCSS_ISTR_LAV_PEN_2_TV_3(1.0),A,087020,RESPOP_AV,T,Y_GE15,TOTAL,ALL,1,ALL,ALL,2019,843,,,,,,,,ALL_N1,,,,,,,
IT1:DF_DCSS_ISTR_LAV_PEN_2_TV_3(1.0),A,087020,RESPOP_AV,T,Y_GE15,TOTAL,ALL,1,ALL,ALL,2021,814,,,,,,,,ALL_N1,,,,,,,
IT1:DF_DCSS_ISTR_LAV_PEN_2_TV_3(1.0),A,087020,RESPOP_AV,T,Y_GE15,TOTAL,ALL,1,ALL,ALL,2022,832,,,,,,,,ALL_N1,,,,,,,
IT1:DF_DCSS_ISTR_LAV_PEN_2_TV_3(1.0),A,087020,RESPOP_AV,T,Y_GE15,TOTAL,ALL,1,ALL,ALL,2023,872,,,,,,,,ALL_N1,,,,,,,
IT1:DF_DCSS_ISTR_LAV_PEN_2_TV_3(1.0),A,087020,RESPOP_AV,T,Y_GE15,TOTAL,ALL,1,ALL,ALL,2024,883,,,,,,,,ALL_N1,,,,,,,
IT1:DF_DCSS_ISTR_LAV_PEN_2_TV_3(1.0),A,087020,RESPOP_AV,T,Y_GE15,TOTAL,ALL,12,ALL,ALL,2018,287,,,,,,,,ALL_N1,,,,,,,
IT1:DF_DCSS_ISTR_LAV_PEN_2_TV_3(1.0),A,087020,RESPOP_AV,T,Y_GE15,TOTAL,ALL,12,ALL,ALL,2019,285,,,,,,,,ALL_N1,,,,,,,
IT1:DF_DCSS_ISTR_LAV_PEN_2_TV_3(1.0),A,087020,RESPOP_AV,T,Y_GE15,TOTAL,ALL,12,ALL,ALL,2021,141.378819831918,,,,,,,,ALL_N1,,,,,,,
IT1:DF_DCSS_ISTR_LAV_PEN_2_TV_3(1.0),A,087020,RESPOP_AV,T,Y_GE15,TOTAL,ALL,12,ALL,ALL,2022,153.585686679043,,,,,,,,ALL_N1,,,,,,,
IT1:DF_DCSS_ISTR_LAV_PEN_2_TV_3(1.0),A,087020,RESPOP_AV,T,Y_GE15,TOTAL,ALL,12,ALL,ALL,2023,151.71446817835164,,,,,,,,ALL_N1,,,,,,,
IT1:DF_DCSS_ISTR_LAV_PEN_2_TV_3(1.0),A,087020,RESPOP_AV,T,Y_GE15,TOTAL,ALL,12,ALL,ALL,2024,123.98932231753102,,,,,,,,ALL_N1,,,,,,,
IT1:DF_DCSS_ISTR_LAV_PEN_2_TV_3(1.0),A,087020,RESPOP_AV,T,Y_GE15,TOTAL,ALL,22,ALL,ALL,2018,1128,,,,,,,,ALL_N1,,,,,,,
IT1:DF_DCSS_ISTR_LAV_PEN_2_TV_3(1.0),A,087020,RESPOP_AV,T,Y_GE15,TOTAL,ALL,22,ALL,ALL,2019,1127,,,,,,,,ALL_N1,,,,,,,
IT1:DF_DCSS_ISTR_LAV_PEN_2_TV_3(1.0),A,087020,RESPOP_AV,T,Y_GE15,TOTAL,ALL,22,ALL,ALL,2021,955.378819831918,,,,,,,,ALL_N1,,,,,,,
IT1:DF_DCSS_ISTR_LAV_PEN_2_TV_3(1.0),A,087020,RESPOP_AV,T,Y_GE15,TOTAL,ALL,22,ALL,ALL,2022,985.585686679043,,,,,,,,ALL_N1,,,,,,,
IT1:DF_DCSS_ISTR_LAV_PEN_2_TV_3(1.0),A,087020,RESPOP_AV,T,Y_GE15,TOTAL,ALL,22,ALL,ALL,2023,1023.7144681783516,,,,,,,,ALL_N1,,,,,,,
IT1:DF_DCSS_ISTR_LAV_PEN_2_TV_3(1.0),A,087020,RESPOP_AV,T,Y_GE15,TOTAL,ALL,22,ALL,ALL,2024,1006.989322317531,,,,,,,,ALL_N1,,,,,,,
IT1:DF_DCSS_ISTR_LAV_PEN_2_TV_3(1.0),A,087020,RESPOP_AV,T,Y_GE15,TOTAL,ALL,23,ALL,ALL,2018,1461,,,,,,,,ALL_N1,,,,,,,
IT1:DF_DCSS_ISTR_LAV_PEN_2_TV_3(1.0),A,087020,RESPOP_AV,T,Y_GE15,TOTAL,ALL,23,ALL,ALL,2019,1451,,,,,,,,ALL_N1,,,,,,,
IT1:DF_DCSS_ISTR_LAV_PEN_2_TV_3(1.0),A,087020,RESPOP_AV,T,Y_GE15,TOTAL,ALL,23,ALL,ALL,2021,1443.62118016808,,,,,,,,ALL_N1,,,,,,,
IT1:DF_DCSS_ISTR_LAV_PEN_2_TV_3(1.0),A,087020,RESPOP_AV,T,Y_GE15,TOTAL,ALL,23,ALL,ALL,2022,1402.41431332096,,,,,,,,ALL_N1,,,,,,,
IT1:DF_DCSS_ISTR_LAV_PEN_2_TV_3(1.0),A,087020,RESPOP_AV,T,Y_GE15,TOTAL,ALL,23,ALL,ALL,2023,1398.2855318216482,,,,,,,,ALL_N1,,,,,,,
IT1:DF_DCSS_ISTR_LAV_PEN_2_TV_3(1.0),A,087020,RESPOP_AV,T,Y_GE15,TOTAL,ALL,23,ALL,ALL,2024,1458.010677682469,,,,,,,,ALL_N1,,,,,,,
IT1:DF_DCSS_ISTR_LAV_PEN_2_TV_3(1.0),A,087020,RESPOP_AV,T,Y_GE15,TOTAL,ALL,24,ALL,ALL,2018,471,,,,,,,,ALL_N1,,,,,,,
IT1:DF_DCSS_ISTR_LAV_PEN_2_TV_3(1.0),A,087020,RESPOP_AV,T,Y_GE15,TOTAL,ALL,24,ALL,ALL,2019,479,,,,,,,,ALL_N1,,,,,,,
IT1:DF_DCSS_ISTR_LAV_PEN_2_TV_3(1.0),A,087020,RESPOP_AV,T,Y_GE15,TOTAL,ALL,24,ALL,ALL,2021,458.499290181995,,,,,,,,ALL_N1,,,,,,,
IT1:DF_DCSS_ISTR_LAV_PEN_2_TV_3(1.0),A,087020,RESPOP_AV,T,Y_GE15,TOTAL,ALL,24,ALL,ALL,2022,431.831513805181,,,,,,,,ALL_N1,,,,,,,
IT1:DF_DCSS_ISTR_LAV_PEN_2_TV_3(1.0),A,087020,RESPOP_AV,T,Y_GE15,TOTAL,ALL,24,ALL,ALL,2023,420.88572502827157,,,,,,,,ALL_N1,,,,,,,
IT1:DF_DCSS_ISTR_LAV_PEN_2_TV_3(1.0),A,087020,RESPOP_AV,T,Y_GE15,TOTAL,ALL,24,ALL,ALL,2024,450.6905515161193,,,,,,,,ALL_N1,,,,,,,
IT1:DF_DCSS_ISTR_LAV_PEN_2_TV_3(1.0),A,087020,RESPOP_AV,T,Y_GE15,TOTAL,ALL,4,ALL,ALL,2018,508,,,,,,,,ALL_N1,,,,,,,
IT1:DF_DCSS_ISTR_LAV_PEN_2_TV_3(1.0),A,087020,RESPOP_AV,T,Y_GE15,TOTAL,ALL,4,ALL,ALL,2019,498,,,,,,,,ALL_N1,,,,,,,
IT1:DF_DCSS_ISTR_LAV_PEN_2_TV_3(1.0),A,087020,RESPOP_AV,T,Y_GE15,TOTAL,ALL,4,ALL,ALL,2021,525.817227398193,,,,,,,,ALL_N1,,,,,,,
IT1:DF_DCSS_ISTR_LAV_PEN_2_TV_3(1.0),A,087020,RESPOP_AV,T,Y_GE15,TOTAL,ALL,4,ALL,ALL,2022,507.730466417313,,,,,,,,ALL_N1,,,,,,,
IT1:DF_DCSS_ISTR_LAV_PEN_2_TV_3(1.0),A,087020,RESPOP_AV,T,Y_GE15,TOTAL,ALL,4,ALL,ALL,2023,504.2506650933865,,,,,,,,ALL_N1,,,,,,,
IT1:DF_DCSS_ISTR_LAV_PEN_2_TV_3(1.0),A,087020,RESPOP_AV,T,Y_GE15,TOTAL,ALL,4,ALL,ALL,2024,519.6922511781914,,,,,,,,ALL_N1,,,,,,,
IT1:DF_DCSS_ISTR_LAV_PEN_2_TV_3(1.0),A,087020,RESPOP_AV,T,Y_GE15,TOTAL,ALL,5,ALL,ALL,2018,194,,,,,,,,ALL_N1,,,,,,,
IT1:DF_DCSS_ISTR_LAV_PEN_2_TV_3(1.0),A,087020,RESPOP_AV,T,Y_GE15,TOTAL,ALL,5,ALL,ALL,2019,212,,,,,,,,ALL_N1,,,,,,,
IT1:DF_DCSS_ISTR_LAV_PEN_2_TV_3(1.0),A,087020,RESPOP_AV,T,Y_GE15,TOTAL,ALL,5,ALL,ALL,2021,187.87244079438,,,,,,,,ALL_N1,,,,,,,
IT1:DF_DCSS_ISTR_LAV_PEN_2_TV_3(1.0),A,087020,RESPOP_AV,T,Y_GE15,TOTAL,ALL,5,ALL,ALL,2022,198.937821487385,,,,,,,,ALL_N1,,,,,,,
IT1:DF_DCSS_ISTR_LAV_PEN_2_TV_3(1.0),A,087020,RESPOP_AV,T,Y_GE15,TOTAL,ALL,5,ALL,ALL,2023,214.70185191629466,,,,,,,,ALL_N1,,,,,,,
IT1:DF_DCSS_ISTR_LAV_PEN_2_TV_3(1.0),A,087020,RESPOP_AV,T,Y_GE15,TOTAL,ALL,5,ALL,ALL,2024,226.0118882052864,,,,,,,,ALL_N1,,,,,,,
IT1:DF_DCSS_ISTR_LAV_PEN_2_TV_3(1.0),A,087020,RESPOP_AV,T,Y_GE15,TOTAL,ALL,7,ALL,ALL,2018,289,,,,,,,,ALL_N1,,,,,,,
IT1:DF_DCSS_ISTR_LAV_PEN_2_TV_3(1.0),A,087020,RESPOP_AV,T,Y_GE15,TOTAL,ALL,7,ALL,ALL,2019,262,,,,,,,,ALL_N1,,,,,,,
IT1:DF_DCSS_ISTR_LAV_PEN_2_TV_3(1.0),A,087020,RESPOP_AV,T,Y_GE15,TOTAL,ALL,7,ALL,ALL,2021,271.432221793513,,,,,,,,ALL_N1,,,,,,,
IT1:DF_DCSS_ISTR_LAV_PEN_2_TV_3(1.0),A,087020,RESPOP_AV,T,Y_GE15,TOTAL,ALL,7,ALL,ALL,2022,263.914511611078,,,,,,,,ALL_N1,,,,,,,
IT1:DF_DCSS_ISTR_LAV_PEN_2_TV_3(1.0),A,087020,RESPOP_AV,T,Y_GE15,TOTAL,ALL,7,ALL,ALL,2023,258.44728978369557,,,,,,,,ALL_N1,,,,,,,
IT1:DF_DCSS_ISTR_LAV_PEN_2_TV_3(1.0),A,087020,RESPOP_AV,T,Y_GE15,TOTAL,ALL,7,ALL,ALL,2024,261.61598678287174,,,,,,,,ALL_N1,,,,,,,
IT1:DF_DCSS_ISTR_LAV_PEN_2_TV_3(1.0),A,087020,RESPOP_AV,T,Y_GE15,TOTAL,ALL,99,ALL,ALL,2018,2589,,,,,,,,ALL_N1,99_N1,,,,,,
IT1:DF_DCSS_ISTR_LAV_PEN_2_TV_3(1.0),A,087020,RESPOP_AV,T,Y_GE15,TOTAL,ALL,99,ALL,ALL,2019,2578,,,,,,,,ALL_N1,99_N1,,,,,,
IT1:DF_DCSS_ISTR_LAV_PEN_2_TV_3(1.0),A,087020,RESPOP_AV,T,Y_GE15,TOTAL,ALL,99,ALL,ALL,2021,2399,,,,,,,,ALL_N1,99_N1,,,,,,
IT1:DF_DCSS_ISTR_LAV_PEN_2_TV_3(1.0),A,087020,RESPOP_AV,T,Y_GE15,TOTAL,ALL,99,ALL,ALL,2022,2388,,,,,,,,ALL_N1,99_N1,,,,,,
IT1:DF_DCSS_ISTR_LAV_PEN_2_TV_3(1.0),A,087020,RESPOP_AV,T,Y_GE15,TOTAL,ALL,99,ALL,ALL,2023,2422,,,,,,,,ALL_N1,99_N1,,,,,,
IT1:DF_DCSS_ISTR_LAV_PEN_2_TV_3(1.0),A,087020,RESPOP_AV,T,Y_GE15,TOTAL,ALL,99,ALL,ALL,2024,2465,,,,,,,,ALL_N1,99_N1,,,,,,
IT1:DF_DCSS_ISTR_LAV_PEN_2_TV_3(1.0),A,087021,RESPOP_AV,F,Y_GE15,TOTAL,ALL,1,ALL,ALL,2018,718,,,,,,,,ALL_N1,,,,,,,
IT1:DF_DCSS_ISTR_LAV_PEN_2_TV_3(1.0),A,087021,RESPOP_AV,F,Y_GE15,TOTAL,ALL,1,ALL,ALL,2019,704,,,,,,,,ALL_N1,,,,,,,
IT1:DF_DCSS_ISTR_LAV_PEN_2_TV_3(1.0),A,087021,RESPOP_AV,F,Y_GE15,TOTAL,ALL,1,ALL,ALL,2021,731,,,,,,,,ALL_N1,,,,,,,
IT1:DF_DCSS_ISTR_LAV_PEN_2_TV_3(1.0),A,087021,RESPOP_AV,F,Y_GE15,TOTAL,ALL,1,ALL,ALL,2022,769,,,,,,,,ALL_N1,,,,,,,
IT1:DF_DCSS_ISTR_LAV_PEN_2_TV_3(1.0),A,087021,RESPOP_AV,F,Y_GE15,TOTAL,ALL,1,ALL,ALL,2023,821,,,,,,,,ALL_N1,,,,,,,
IT1:DF_DCSS_ISTR_LAV_PEN_2_TV_3(1.0),A,087021,RESPOP_AV,F,Y_GE15,TOTAL,ALL,1,ALL,ALL,2024,828,,,,,,,,ALL_N1,,,,,,,
IT1:DF_DCSS_ISTR_LAV_PEN_2_TV_3(1.0),A,087021,RESPOP_AV,F,Y_GE15,TOTAL,ALL,12,ALL,ALL,2018,249,,,,,,,,ALL_N1,,,,,,,
IT1:DF_DCSS_ISTR_LAV_PEN_2_TV_3(1.0),A,087021,RESPOP_AV,F,Y_GE15,TOTAL,ALL,12,ALL,ALL,2019,228,,,,,,,,ALL_N1,,,,,,,
IT1:DF_DCSS_ISTR_LAV_PEN_2_TV_3(1.0),A,087021,RESPOP_AV,F,Y_GE15,TOTAL,ALL,12,ALL,ALL,2021,136.526114364648,,,,,,,,ALL_N1,,,,,,,
IT1:DF_DCSS_ISTR_LAV_PEN_2_TV_3(1.0),A,087021,RESPOP_AV,F,Y_GE15,TOTAL,ALL,12,ALL,ALL,2022,156.823823900069,,,,,,,,ALL_N1,,,,,,,
IT1:DF_DCSS_ISTR_LAV_PEN_2_TV_3(1.0),A,087021,RESPOP_AV,F,Y_GE15,TOTAL,ALL,12,ALL,ALL,2023,140.80404919531674,,,,,,,,ALL_N1,,,,,,,
IT1:DF_DCSS_ISTR_LAV_PEN_2_TV_3(1.0),A,087021,RESPOP_AV,F,Y_GE15,TOTAL,ALL,12,ALL,ALL,2024,141.17625041388047,,,,,,,,ALL_N1,,,,,,,
IT1:DF_DCSS_ISTR_LAV_PEN_2_TV_3(1.0),A,087021,RESPOP_AV,F,Y_GE15,TOTAL,ALL,22,ALL,ALL,2018,967,,,,,,,,ALL_N1,,,,,,,
IT1:DF_DCSS_ISTR_LAV_PEN_2_TV_3(1.0),A,087021,RESPOP_AV,F,Y_GE15,TOTAL,ALL,22,ALL,ALL,2019,932,,,,,,,,ALL_N1,,,,,,,
IT1:DF_DCSS_ISTR_LAV_PEN_2_TV_3(1.0),A,087021,RESPOP_AV,F,Y_GE15,TOTAL,ALL,22,ALL,ALL,2021,867.526114364648,,,,,,,,ALL_N1,,,,,,,
IT1:DF_DCSS_ISTR_LAV_PEN_2_TV_3(1.0),A,087021,RESPOP_AV,F,Y_GE15,TOTAL,ALL,22,ALL,ALL,2022,925.823823900069,,,,,,,,ALL_N1,,,,,,,
IT1:DF_DCSS_ISTR_LAV_PEN_2_TV_3(1.0),A,087021,RESPOP_AV,F,Y_GE15,TOTAL,ALL,22,ALL,ALL,2023,961.8040491953168,,,,,,,,ALL_N1,,,,,,,
IT1:DF_DCSS_ISTR_LAV_PEN_2_TV_3(1.0),A,087021,RESPOP_AV,F,Y_GE15,TOTAL,ALL,22,ALL,ALL,2024,969.1762504138804,,,,,,,,ALL_N1,,,,,,,
IT1:DF_DCSS_ISTR_LAV_PEN_2_TV_3(1.0),A,087021,RESPOP_AV,F,Y_GE15,TOTAL,ALL,23,ALL,ALL,2018,1394,,,,,,,,ALL_N1,,,,,,,
IT1:DF_DCSS_ISTR_LAV_PEN_2_TV_3(1.0),A,087021,RESPOP_AV,F,Y_GE15,TOTAL,ALL,23,ALL,ALL,2019,1406,,,,,,,,ALL_N1,,,,,,,
IT1:DF_DCSS_ISTR_LAV_PEN_2_TV_3(1.0),A,087021,RESPOP_AV,F,Y_GE15,TOTAL,ALL,23,ALL,ALL,2021,1378.47388563535,,,,,,,,ALL_N1,,,,,,,
IT1:DF_DCSS_ISTR_LAV_PEN_2_TV_3(1.0),A,087021,RESPOP_AV,F,Y_GE15,TOTAL,ALL,23,ALL,ALL,2022,1331.17617609993,,,,,,,,ALL_N1,,,,,,,
IT1:DF_DCSS_ISTR_LAV_PEN_2_TV_3(1.0),A,087021,RESPOP_AV,F,Y_GE15,TOTAL,ALL,23,ALL,ALL,2023,1355.1959508046834,,,,,,,,ALL_N1,,,,,,,
IT1:DF_DCSS_ISTR_LAV_PEN_2_TV_3(1.0),A,087021,RESPOP_AV,F,Y_GE15,TOTAL,ALL,23,ALL,ALL,2024,1313.8237495861197,,,,,,,,ALL_N1,,,,,,,
IT1:DF_DCSS_ISTR_LAV_PEN_2_TV_3(1.0),A,087021,RESPOP_AV,F,Y_GE15,TOTAL,ALL,24,ALL,ALL,2018,522,,,,,,,,ALL_N1,,,,,,,
IT1:DF_DCSS_ISTR_LAV_PEN_2_TV_3(1.0),A,087021,RESPOP_AV,F,Y_GE15,TOTAL,ALL,24,ALL,ALL,2019,519,,,,,,,,ALL_N1,,,,,,,
IT1:DF_DCSS_ISTR_LAV_PEN_2_TV_3(1.0),A,087021,RESPOP_AV,F,Y_GE15,TOTAL,ALL,24,ALL,ALL,2021,452.809840605892,,,,,,,,ALL_N1,,,,,,,
IT1:DF_DCSS_ISTR_LAV_PEN_2_TV_3(1.0),A,087021,RESPOP_AV,F,Y_GE15,TOTAL,ALL,24,ALL,ALL,2022,464.364184596966,,,,,,,,ALL_N1,,,,,,,
IT1:DF_DCSS_ISTR_LAV_PEN_2_TV_3(1.0),A,087021,RESPOP_AV,F,Y_GE15,TOTAL,ALL,24,ALL,ALL,2023,505.5562062543316,,,,,,,,ALL_N1,,,,,,,
IT1:DF_DCSS_ISTR_LAV_PEN_2_TV_3(1.0),A,087021,RESPOP_AV,F,Y_GE15,TOTAL,ALL,24,ALL,ALL,2024,478.8632721071347,,,,,,,,ALL_N1,,,,,,,
IT1:DF_DCSS_ISTR_LAV_PEN_2_TV_3(1.0),A,087021,RESPOP_AV,F,Y_GE15,TOTAL,ALL,4,ALL,ALL,2018,456,,,,,,,,ALL_N1,,,,,,,
IT1:DF_DCSS_ISTR_LAV_PEN_2_TV_3(1.0),A,087021,RESPOP_AV,F,Y_GE15,TOTAL,ALL,4,ALL,ALL,2019,472,,,,,,,,ALL_N1,,,,,,,
IT1:DF_DCSS_ISTR_LAV_PEN_2_TV_3(1.0),A,087021,RESPOP_AV,F,Y_GE15,TOTAL,ALL,4,ALL,ALL,2021,495.593284678081,,,,,,,,ALL_N1,,,,,,,
IT1:DF_DCSS_ISTR_LAV_PEN_2_TV_3(1.0),A,087021,RESPOP_AV,F,Y_GE15,TOTAL,ALL,4,ALL,ALL,2022,490.43359753074,,,,,,,,ALL_N1,,,,,,,
IT1:DF_DCSS_ISTR_LAV_PEN_2_TV_3(1.0),A,087021,RESPOP_AV,F,Y_GE15,TOTAL,ALL,4,ALL,ALL,2023,461.94277188923905,,,,,,,,ALL_N1,,,,,,,
IT1:DF_DCSS_ISTR_LAV_PEN_2_TV_3(1.0),A,087021,RESPOP_AV,F,Y_GE15,TOTAL,ALL,4,ALL,ALL,2024,466.5098235150434,,,,,,,,ALL_N1,,,,,,,
IT1:DF_DCSS_ISTR_LAV_PEN_2_TV_3(1.0),A,087021,RESPOP_AV,F,Y_GE15,TOTAL,ALL,5,ALL,ALL,2018,244,,,,,,,,ALL_N1,,,,,,,
IT1:DF_DCSS_ISTR_LAV_PEN_2_TV_3(1.0),A,087021,RESPOP_AV,F,Y_GE15,TOTAL,ALL,5,ALL,ALL,2019,257,,,,,,,,ALL_N1,,,,,,,
IT1:DF_DCSS_ISTR_LAV_PEN_2_TV_3(1.0),A,087021,RESPOP_AV,F,Y_GE15,TOTAL,ALL,5,ALL,ALL,2021,245.910796992213,,,,,,,,ALL_N1,,,,,,,
IT1:DF_DCSS_ISTR_LAV_PEN_2_TV_3(1.0),A,087021,RESPOP_AV,F,Y_GE15,TOTAL,ALL,5,ALL,ALL,2022,237.265438552363,,,,,,,,ALL_N1,,,,,,,
IT1:DF_DCSS_ISTR_LAV_PEN_2_TV_3(1.0),A,087021,RESPOP_AV,F,Y_GE15,TOTAL,ALL,5,ALL,ALL,2023,239.70199500455416,,,,,,,,ALL_N1,,,,,,,
IT1:DF_DCSS_ISTR_LAV_PEN_2_TV_3(1.0),A,087021,RESPOP_AV,F,Y_GE15,TOTAL,ALL,5,ALL,ALL,2024,214.4040025952261,,,,,,,,ALL_N1,,,,,,,
IT1:DF_DCSS_ISTR_LAV_PEN_2_TV_3(1.0),A,087021,RESPOP_AV,F,Y_GE15,TOTAL,ALL,7,ALL,ALL,2018,173,,,,,,,,ALL_N1,,,,,,,
IT1:DF_DCSS_ISTR_LAV_PEN_2_TV_3(1.0),A,087021,RESPOP_AV,F,Y_GE15,TOTAL,ALL,7,ALL,ALL,2019,159,,,,,,,,ALL_N1,,,,,,,
IT1:DF_DCSS_ISTR_LAV_PEN_2_TV_3(1.0),A,087021,RESPOP_AV,F,Y_GE15,TOTAL,ALL,7,ALL,ALL,2021,184.159963359165,,,,,,,,ALL_N1,,,,,,,
IT1:DF_DCSS_ISTR_LAV_PEN_2_TV_3(1.0),A,087021,RESPOP_AV,F,Y_GE15,TOTAL,ALL,7,ALL,ALL,2022,139.112955419862,,,,,,,,ALL_N1,,,,,,,
IT1:DF_DCSS_ISTR_LAV_PEN_2_TV_3(1.0),A,087021,RESPOP_AV,F,Y_GE15,TOTAL,ALL,7,ALL,ALL,2023,147.9949776565586,,,,,,,,ALL_N1,,,,,,,
IT1:DF_DCSS_ISTR_LAV_PEN_2_TV_3(1.0),A,087021,RESPOP_AV,F,Y_GE15,TOTAL,ALL,7,ALL,ALL,2024,154.0466513687154,,,,,,,,ALL_N1,,,,,,,
IT1:DF_DCSS_ISTR_LAV_PEN_2_TV_3(1.0),A,087021,RESPOP_AV,F,Y_GE15,TOTAL,ALL,99,ALL,ALL,2018,2361,,,,,,,,ALL_N1,99_N1,,,,,,
IT1:DF_DCSS_ISTR_LAV_PEN_2_TV_3(1.0),A,087021,RESPOP_AV,F,Y_GE15,TOTAL,ALL,99,ALL,ALL,2019,2338,,,,,,,,ALL_N1,99_N1,,,,,,
IT1:DF_DCSS_ISTR_LAV_PEN_2_TV_3(1.0),A,087021,RESPOP_AV,F,Y_GE15,TOTAL,ALL,99,ALL,ALL,2021,2246,,,,,,,,ALL_N1,99_N1,,,,,,
IT1:DF_DCSS_ISTR_LAV_PEN_2_TV_3(1.0),A,087021,RESPOP_AV,F,Y_GE15,TOTAL,ALL,99,ALL,ALL,2022,2257,,,,,,,,ALL_N1,99_N1,,,,,,
IT1:DF_DCSS_ISTR_LAV_PEN_2_TV_3(1.0),A,087021,RESPOP_AV,F,Y_GE15,TOTAL,ALL,99,ALL,ALL,2023,2317,,,,,,,,ALL_N1,99_N1,,,,,,
IT1:DF_DCSS_ISTR_LAV_PEN_2_TV_3(1.0),A,087021,RESPOP_AV,F,Y_GE15,TOTAL,ALL,99,ALL,ALL,2024,2283,,,,,,,,ALL_N1,99_N1,,,,,,
IT1:DF_DCSS_ISTR_LAV_PEN_2_TV_3(1.0),A,087021,RESPOP_AV,M,Y_GE15,TOTAL,ALL,1,ALL,ALL,2018,1000,,,,,,,,ALL_N1,,,,,,,
IT1:DF_DCSS_ISTR_LAV_PEN_2_TV_3(1.0),A,087021,RESPOP_AV,M,Y_GE15,TOTAL,ALL,1,ALL,ALL,2019,1028,,,,,,,,ALL_N1,,,,,,,
IT1:DF_DCSS_ISTR_LAV_PEN_2_TV_3(1.0),A,087021,RESPOP_AV,M,Y_GE15,TOTAL,ALL,1,ALL,ALL,2021,990,,,,,,,,ALL_N1,,,,,,,
IT1:DF_DCSS_ISTR_LAV_PEN_2_TV_3(1.0),A,087021,RESPOP_AV,M,Y_GE15,TOTAL,ALL,1,ALL,ALL,2022,1023,,,,,,,,ALL_N1,,,,,,,
IT1:DF_DCSS_ISTR_LAV_PEN_2_TV_3(1.0),A,087021,RESPOP_AV,M,Y_GE15,TOTAL,ALL,1,ALL,ALL,2023,1070,,,,,,,,ALL_N1,,,,,,,
IT1:DF_DCSS_ISTR_LAV_PEN_2_TV_3(1.0),A,087021,RESPOP_AV,M,Y_GE15,TOTAL,ALL,1,ALL,ALL,2024,1086,,,,,,,,ALL_N1,,,,,,,
IT1:DF_DCSS_ISTR_LAV_PEN_2_TV_3(1.0),A,087021,RESPOP_AV,M,Y_GE15,TOTAL,ALL,12,ALL,ALL,2018,272,,,,,,,,ALL_N1,,,,,,,
IT1:DF_DCSS_ISTR_LAV_PEN_2_TV_3(1.0),A,087021,RESPOP_AV,M,Y_GE15,TOTAL,ALL,12,ALL,ALL,2019,228,,,,,,,,ALL_N1,,,,,,,
IT1:DF_DCSS_ISTR_LAV_PEN_2_TV_3(1.0),A,087021,RESPOP_AV,M,Y_GE15,TOTAL,ALL,12,ALL,ALL,2021,142.751249616954,,,,,,,,ALL_N1,,,,,,,
IT1:DF_DCSS_ISTR_LAV_PEN_2_TV_3(1.0),A,087021,RESPOP_AV,M,Y_GE15,TOTAL,ALL,12,ALL,ALL,2022,169.318476864866,,,,,,,,ALL_N1,,,,,,,
IT1:DF_DCSS_ISTR_LAV_PEN_2_TV_3(1.0),A,087021,RESPOP_AV,M,Y_GE15,TOTAL,ALL,12,ALL,ALL,2023,139.4496962914659,,,,,,,,ALL_N1,,,,,,,
IT1:DF_DCSS_ISTR_LAV_PEN_2_TV_3(1.0),A,087021,RESPOP_AV,M,Y_GE15,TOTAL,ALL,12,ALL,ALL,2024,147.33995311235878,,,,,,,,ALL_N1,,,,,,,
IT1:DF_DCSS_ISTR_LAV_PEN_2_TV_3(1.0),A,087021,RESPOP_AV,M,Y_GE15,TOTAL,ALL,22,ALL,ALL,2018,1272,,,,,,,,ALL_N1,,,,,,,
IT1:DF_DCSS_ISTR_LAV_PEN_2_TV_3(1.0),A,087021,RESPOP_AV,M,Y_GE15,TOTAL,ALL,22,ALL,ALL,2019,1256,,,,,,,,ALL_N1,,,,,,,
IT1:DF_DCSS_ISTR_LAV_PEN_2_TV_3(1.0),A,087021,RESPOP_AV,M,Y_GE15,TOTAL,ALL,22,ALL,ALL,2021,1132.75124961695,,,,,,,,ALL_N1,,,,,,,
IT1:DF_DCSS_ISTR_LAV_PEN_2_TV_3(1.0),A,087021,RESPOP_AV,M,Y_GE15,TOTAL,ALL,22,ALL,ALL,2022,1192.31847686487,,,,,,,,ALL_N1,,,,,,,
IT1:DF_DCSS_ISTR_LAV_PEN_2_TV_3(1.0),A,087021,RESPOP_AV,M,Y_GE15,TOTAL,ALL,22,ALL,ALL,2023,1209.449696291466,,,,,,,,ALL_N1,,,,,,,
IT1:DF_DCSS_ISTR_LAV_PEN_2_TV_3(1.0),A,087021,RESPOP_AV,M,Y_GE15,TOTAL,ALL,22,ALL,ALL,2024,1233.3399531123587,,,,,,,,ALL_N1,,,,,,,
IT1:DF_DCSS_ISTR_LAV_PEN_2_TV_3(1.0),A,087021,RESPOP_AV,M,Y_GE15,TOTAL,ALL,23,ALL,ALL,2018,910,,,,,,,,ALL_N1,,,,,,,
IT1:DF_DCSS_ISTR_LAV_PEN_2_TV_3(1.0),A,087021,RESPOP_AV,M,Y_GE15,TOTAL,ALL,23,ALL,ALL,2019,909,,,,,,,,ALL_N1,,,,,,,
IT1:DF_DCSS_ISTR_LAV_PEN_2_TV_3(1.0),A,087021,RESPOP_AV,M,Y_GE15,TOTAL,ALL,23,ALL,ALL,2021,999.248750383046,,,,,,,,ALL_N1,,,,,,,
IT1:DF_DCSS_ISTR_LAV_PEN_2_TV_3(1.0),A,087021,RESPOP_AV,M,Y_GE15,TOTAL,ALL,23,ALL,ALL,2022,950.681523135134,,,,,,,,ALL_N1,,,,,,,
IT1:DF_DCSS_ISTR_LAV_PEN_2_TV_3(1.0),A,087021,RESPOP_AV,M,Y_GE15,TOTAL,ALL,23,ALL,ALL,2023,935.5503037085341,,,,,,,,ALL_N1,,,,,,,
IT1:DF_DCSS_ISTR_LAV_PEN_2_TV_3(1.0),A,087021,RESPOP_AV,M,Y_GE15,TOTAL,ALL,23,ALL,ALL,2024,916.6600468876413,,,,,,,,ALL_N1,,,,,,,
IT1:DF_DCSS_ISTR_LAV_PEN_2_TV_3(1.0),A,087021,RESPOP_AV,M,Y_GE15,TOTAL,ALL,24,ALL,ALL,2018,471,,,,,,,,ALL_N1,,,,,,,
IT1:DF_DCSS_ISTR_LAV_PEN_2_TV_3(1.0),A,087021,RESPOP_AV,M,Y_GE15,TOTAL,ALL,24,ALL,ALL,2019,489,,,,,,,,ALL_N1,,,,,,,
IT1:DF_DCSS_ISTR_LAV_PEN_2_TV_3(1.0),A,087021,RESPOP_AV,M,Y_GE15,TOTAL,ALL,24,ALL,ALL,2021,503.781662235399,,,,,,,,ALL_N1,,,,,,,
IT1:DF_DCSS_ISTR_LAV_PEN_2_TV_3(1.0),A,087021,RESPOP_AV,M,Y_GE15,TOTAL,ALL,24,ALL,ALL,2022,532.502241725893,,,,,,,,ALL_N1,,,,,,,
IT1:DF_DCSS_ISTR_LAV_PEN_2_TV_3(1.0),A,087021,RESPOP_AV,M,Y_GE15,TOTAL,ALL,24,ALL,ALL,2023,526.3695137326827,,,,,,,,ALL_N1,,,,,,,
IT1:DF_DCSS_ISTR_LAV_PEN_2_TV_3(1.0),A,087021,RESPOP_AV,M,Y_GE15,TOTAL,ALL,24,ALL,ALL,2024,517.6838213484262,,,,,,,,ALL_N1,,,,,,,
IT1:DF_DCSS_ISTR_LAV_PEN_2_TV_3(1.0),A,087021,RESPOP_AV,M,Y_GE15,TOTAL,ALL,4,ALL,ALL,2018,21,,,,,,,,ALL_N1,,,,,,,
IT1:DF_DCSS_ISTR_LAV_PEN_2_TV_3(1.0),A,087021,RESPOP_AV,M,Y_GE15,TOTAL,ALL,4,ALL,ALL,2019,22,,,,,,,,ALL_N1,,,,,,,
IT1:DF_DCSS_ISTR_LAV_PEN_2_TV_3(1.0),A,087021,RESPOP_AV,M,Y_GE15,TOTAL,ALL,4,ALL,ALL,2021,35.5706528141768,,,,,,,,ALL_N1,,,,,,,
IT1:DF_DCSS_ISTR_LAV_PEN_2_TV_3(1.0),A,087021,RESPOP_AV,M,Y_GE15,TOTAL,ALL,4,ALL,ALL,2022,37.4081011441172,,,,,,,,ALL_N1,,,,,,,
IT1:DF_DCSS_ISTR_LAV_PEN_2_TV_3(1.0),A,087021,RESPOP_AV,M,Y_GE15,TOTAL,ALL,4,ALL,ALL,2023,36.534300459448716,,,,,,,,ALL_N1,,,,,,,
IT1:DF_DCSS_ISTR_LAV_PEN_2_TV_3(1.0),A,087021,RESPOP_AV,M,Y_GE15,TOTAL,ALL,4,ALL,ALL,2024,32.99213084660477,,,,,,,,ALL_N1,,,,,,,
IT1:DF_DCSS_ISTR_LAV_PEN_2_TV_3(1.0),A,087021,RESPOP_AV,M,Y_GE15,TOTAL,ALL,5,ALL,ALL,2018,191,,,,,,,,ALL_N1,,,,,,,
IT1:DF_DCSS_ISTR_LAV_PEN_2_TV_3(1.0),A,087021,RESPOP_AV,M,Y_GE15,TOTAL,ALL,5,ALL,ALL,2019,191,,,,,,,,ALL_N1,,,,,,,
IT1:DF_DCSS_ISTR_LAV_PEN_2_TV_3(1.0),A,087021,RESPOP_AV,M,Y_GE15,TOTAL,ALL,5,ALL,ALL,2021,198.420010051083,,,,,,,,ALL_N1,,,,,,,
IT1:DF_DCSS_ISTR_LAV_PEN_2_TV_3(1.0),A,087021,RESPOP_AV,M,Y_GE15,TOTAL,ALL,5,ALL,ALL,2022,192.083249841371,,,,,,,,ALL_N1,,,,,,,
IT1:DF_DCSS_ISTR_LAV_PEN_2_TV_3(1.0),A,087021,RESPOP_AV,M,Y_GE15,TOTAL,ALL,5,ALL,ALL,2023,191.38768621275133,,,,,,,,ALL_N1,,,,,,,
IT1:DF_DCSS_ISTR_LAV_PEN_2_TV_3(1.0),A,087021,RESPOP_AV,M,Y_GE15,TOTAL,ALL,5,ALL,ALL,2024,173.63577029906472,,,,,,,,ALL_N1,,,,,,,
IT1:DF_DCSS_ISTR_LAV_PEN_2_TV_3(1.0),A,087021,RESPOP_AV,M,Y_GE15,TOTAL,ALL,7,ALL,ALL,2018,228,,,,,,,,ALL_N1,,,,,,,
IT1:DF_DCSS_ISTR_LAV_PEN_2_TV_3(1.0),A,087021,RESPOP_AV,M,Y_GE15,TOTAL,ALL,7,ALL,ALL,2019,208,,,,,,,,ALL_N1,,,,,,,
IT1:DF_DCSS_ISTR_LAV_PEN_2_TV_3(1.0),A,087021,RESPOP_AV,M,Y_GE15,TOTAL,ALL,7,ALL,ALL,2021,261.476425282387,,,,,,,,ALL_N1,,,,,,,
IT1:DF_DCSS_ISTR_LAV_PEN_2_TV_3(1.0),A,087021,RESPOP_AV,M,Y_GE15,TOTAL,ALL,7,ALL,ALL,2022,188.687930423752,,,,,,,,ALL_N1,,,,,,,
IT1:DF_DCSS_ISTR_LAV_PEN_2_TV_3(1.0),A,087021,RESPOP_AV,M,Y_GE15,TOTAL,ALL,7,ALL,ALL,2023,181.25880330365143,,,,,,,,ALL_N1,,,,,,,
IT1:DF_DCSS_ISTR_LAV_PEN_2_TV_3(1.0),A,087021,RESPOP_AV,M,Y_GE15,TOTAL,ALL,7,ALL,ALL,2024,192.34832439354557,,,,,,,,ALL_N1,,,,,,,
IT1:DF_DCSS_ISTR_LAV_PEN_2_TV_3(1.0),A,087021,RESPOP_AV,M,Y_GE15,TOTAL,ALL,99,ALL,ALL,2018,2182,,,,,,,,ALL_N1,99_N1,,,,,,
IT1:DF_DCSS_ISTR_LAV_PEN_2_TV_3(1.0),A,087021,RESPOP_AV,M,Y_GE15,TOTAL,ALL,99,ALL,ALL,2019,2165,,,,,,,,ALL_N1,99_N1,,,,,,
IT1:DF_DCSS_ISTR_LAV_PEN_2_TV_3(1.0),A,087021,RESPOP_AV,M,Y_GE15,TOTAL,ALL,99,ALL,ALL,2021,2132,,,,,,,,ALL_N1,99_N1,,,,,,
IT1:DF_DCSS_ISTR_LAV_PEN_2_TV_3(1.0),A,087021,RESPOP_AV,M,Y_GE15,TOTAL,ALL,99,ALL,ALL,2022,2143,,,,,,,,ALL_N1,99_N1,,,,,,
IT1:DF_DCSS_ISTR_LAV_PEN_2_TV_3(1.0),A,087021,RESPOP_AV,M,Y_GE15,TOTAL,ALL,99,ALL,ALL,2023,2145,,,,,,,,ALL_N1,99_N1,,,,,,
IT1:DF_DCSS_ISTR_LAV_PEN_2_TV_3(1.0),A,087021,RESPOP_AV,M,Y_GE15,TOTAL,ALL,99,ALL,ALL,2024,2150,,,,,,,,ALL_N1,99_N1,,,,,,
IT1:DF_DCSS_ISTR_LAV_PEN_2_TV_3(1.0),A,087021,RESPOP_AV,T,Y_GE15,TOTAL,ALL,1,ALL,ALL,2018,1718,,,,,,,,ALL_N1,,,,,,,
IT1:DF_DCSS_ISTR_LAV_PEN_2_TV_3(1.0),A,087021,RESPOP_AV,T,Y_GE15,TOTAL,ALL,1,ALL,ALL,2019,1732,,,,,,,,ALL_N1,,,,,,,
IT1:DF_DCSS_ISTR_LAV_PEN_2_TV_3(1.0),A,087021,RESPOP_AV,T,Y_GE15,TOTAL,ALL,1,ALL,ALL,2021,1721,,,,,,,,ALL_N1,,,,,,,
IT1:DF_DCSS_ISTR_LAV_PEN_2_TV_3(1.0),A,087021,RESPOP_AV,T,Y_GE15,TOTAL,ALL,1,ALL,ALL,2022,1792,,,,,,,,ALL_N1,,,,,,,
IT1:DF_DCSS_ISTR_LAV_PEN_2_TV_3(1.0),A,087021,RESPOP_AV,T,Y_GE15,TOTAL,ALL,1,ALL,ALL,2023,1891,,,,,,,,ALL_N1,,,,,,,
IT1:DF_DCSS_ISTR_LAV_PEN_2_TV_3(1.0),A,087021,RESPOP_AV,T,Y_GE15,TOTAL,ALL,1,ALL,ALL,2024,1914,,,,,,,,ALL_N1,,,,,,,
IT1:DF_DCSS_ISTR_LAV_PEN_2_TV_3(1.0),A,087021,RESPOP_AV,T,Y_GE15,TOTAL,ALL,12,ALL,ALL,2018,521,,,,,,,,ALL_N1,,,,,,,
IT1:DF_DCSS_ISTR_LAV_PEN_2_TV_3(1.0),A,087021,RESPOP_AV,T,Y_GE15,TOTAL,ALL,12,ALL,ALL,2019,456,,,,,,,,ALL_N1,,,,,,,
IT1:DF_DCSS_ISTR_LAV_PEN_2_TV_3(1.0),A,087021,RESPOP_AV,T,Y_GE15,TOTAL,ALL,12,ALL,ALL,2021,279.277363981602,,,,,,,,ALL_N1,,,,,,,
IT1:DF_DCSS_ISTR_LAV_PEN_2_TV_3(1.0),A,087021,RESPOP_AV,T,Y_GE15,TOTAL,ALL,12,ALL,ALL,2022,326.142300764935,,,,,,,,ALL_N1,,,,,,,
IT1:DF_DCSS_ISTR_LAV_PEN_2_TV_3(1.0),A,087021,RESPOP_AV,T,Y_GE15,TOTAL,ALL,12,ALL,ALL,2023,280.25374548678263,,,,,,,,ALL_N1,,,,,,,
IT1:DF_DCSS_ISTR_LAV_PEN_2_TV_3(1.0),A,087021,RESPOP_AV,T,Y_GE15,TOTAL,ALL,12,ALL,ALL,2024,288.5162035262393,,,,,,,,ALL_N1,,,,,,,
IT1:DF_DCSS_ISTR_LAV_PEN_2_TV_3(1.0),A,087021,RESPOP_AV,T,Y_GE15,TOTAL,ALL,22,ALL,ALL,2018,2239,,,,,,,,ALL_N1,,,,,,,
IT1:DF_DCSS_ISTR_LAV_PEN_2_TV_3(1.0),A,087021,RESPOP_AV,T,Y_GE15,TOTAL,ALL,22,ALL,ALL,2019,2188,,,,,,,,ALL_N1,,,,,,,
IT1:DF_DCSS_ISTR_LAV_PEN_2_TV_3(1.0),A,087021,RESPOP_AV,T,Y_GE15,TOTAL,ALL,22,ALL,ALL,2021,2000.2773639816,,,,,,,,ALL_N1,,,,,,,
IT1:DF_DCSS_ISTR_LAV_PEN_2_TV_3(1.0),A,087021,RESPOP_AV,T,Y_GE15,TOTAL,ALL,22,ALL,ALL,2022,2118.14230076494,,,,,,,,ALL_N1,,,,,,,
IT1:DF_DCSS_ISTR_LAV_PEN_2_TV_3(1.0),A,087021,RESPOP_AV,T,Y_GE15,TOTAL,ALL,22,ALL,ALL,2023,2171.2537454867825,,,,,,,,ALL_N1,,,,,,,
IT1:DF_DCSS_ISTR_LAV_PEN_2_TV_3(1.0),A,087021,RESPOP_AV,T,Y_GE15,TOTAL,ALL,22,ALL,ALL,2024,2202.516203526239,,,,,,,,ALL_N1,,,,,,,
IT1:DF_DCSS_ISTR_LAV_PEN_2_TV_3(1.0),A,087021,RESPOP_AV,T,Y_GE15,TOTAL,ALL,23,ALL,ALL,2018,2304,,,,,,,,ALL_N1,,,,,,,
IT1:DF_DCSS_ISTR_LAV_PEN_2_TV_3(1.0),A,087021,RESPOP_AV,T,Y_GE15,TOTAL,ALL,23,ALL,ALL,2019,2315,,,,,,,,ALL_N1,,,,,,,
IT1:DF_DCSS_ISTR_LAV_PEN_2_TV_3(1.0),A,087021,RESPOP_AV,T,Y_GE15,TOTAL,ALL,23,ALL,ALL,2021,2377.7226360184,,,,,,,,ALL_N1,,,,,,,
IT1:DF_DCSS_ISTR_LAV_PEN_2_TV_3(1.0),A,087021,RESPOP_AV,T,Y_GE15,TOTAL,ALL,23,ALL,ALL,2022,2281.85769923506,,,,,,,,ALL_N1,,,,,,,
IT1:DF_DCSS_ISTR_LAV_PEN_2_TV_3(1.0),A,087021,RESPOP_AV,T,Y_GE15,TOTAL,ALL,23,ALL,ALL,2023,2290.7462545132175,,,,,,,,ALL_N1,,,,,,,
IT1:DF_DCSS_ISTR_LAV_PEN_2_TV_3(1.0),A,087021,RESPOP_AV,T,Y_GE15,TOTAL,ALL,23,ALL,ALL,2024,2230.483796473761,,,,,,,,ALL_N1,,,,,,,
IT1:DF_DCSS_ISTR_LAV_PEN_2_TV_3(1.0),A,087021,RESPOP_AV,T,Y_GE15,TOTAL,ALL,24,ALL,ALL,2018,992,,,,,,,,ALL_N1,,,,,,,
IT1:DF_DCSS_ISTR_LAV_PEN_2_TV_3(1.0),A,087021,RESPOP_AV,T,Y_GE15,TOTAL,ALL,24,ALL,ALL,2019,1008,,,,,,,,ALL_N1,,,,,,,
IT1:DF_DCSS_ISTR_LAV_PEN_2_TV_3(1.0),A,087021,RESPOP_AV,T,Y_GE15,TOTAL,ALL,24,ALL,ALL,2021,956.591502841292,,,,,,,,ALL_N1,,,,,,,
IT1:DF_DCSS_ISTR_LAV_PEN_2_TV_3(1.0),A,087021,RESPOP_AV,T,Y_GE15,TOTAL,ALL,24,ALL,ALL,2022,996.86642632286,,,,,,,,ALL_N1,,,,,,,
IT1:DF_DCSS_ISTR_LAV_PEN_2_TV_3(1.0),A,087021,RESPOP_AV,T,Y_GE15,TOTAL,ALL,24,ALL,ALL,2023,1031.9257199870142,,,,,,,,ALL_N1,,,,,,,
IT1:DF_DCSS_ISTR_LAV_PEN_2_TV_3(1.0),A,087021,RESPOP_AV,T,Y_GE15,TOTAL,ALL,24,ALL,ALL,2024,996.5470934555609,,,,,,,,ALL_N1,,,,,,,
IT1:DF_DCSS_ISTR_LAV_PEN_2_TV_3(1.0),A,087021,RESPOP_AV,T,Y_GE15,TOTAL,ALL,4,ALL,ALL,2018,477,,,,,,,,ALL_N1,,,,,,,
IT1:DF_DCSS_ISTR_LAV_PEN_2_TV_3(1.0),A,087021,RESPOP_AV,T,Y_GE15,TOTAL,ALL,4,ALL,ALL,2019,494,,,,,,,,ALL_N1,,,,,,,
IT1:DF_DCSS_ISTR_LAV_PEN_2_TV_3(1.0),A,087021,RESPOP_AV,T,Y_GE15,TOTAL,ALL,4,ALL,ALL,2021,531.163937492258,,,,,,,,ALL_N1,,,,,,,
IT1:DF_DCSS_ISTR_LAV_PEN_2_TV_3(1.0),A,087021,RESPOP_AV,T,Y_GE15,TOTAL,ALL,4,ALL,ALL,2022,527.841698674857,,,,,,,,ALL_N1,,,,,,,
IT1:DF_DCSS_ISTR_LAV_PEN_2_TV_3(1.0),A,087021,RESPOP_AV,T,Y_GE15,TOTAL,ALL,4,ALL,ALL,2023,498.4770723486877,,,,,,,,ALL_N1,,,,,,,
IT1:DF_DCSS_ISTR_LAV_PEN_2_TV_3(1.0),A,087021,RESPOP_AV,T,Y_GE15,TOTAL,ALL,4,ALL,ALL,2024,499.5019543616482,,,,,,,,ALL_N1,,,,,,,
IT1:DF_DCSS_ISTR_LAV_PEN_2_TV_3(1.0),A,087021,RESPOP_AV,T,Y_GE15,TOTAL,ALL,5,ALL,ALL,2018,435,,,,,,,,ALL_N1,,,,,,,
IT1:DF_DCSS_ISTR_LAV_PEN_2_TV_3(1.0),A,087021,RESPOP_AV,T,Y_GE15,TOTAL,ALL,5,ALL,ALL,2019,448,,,,,,,,ALL_N1,,,,,,,
IT1:DF_DCSS_ISTR_LAV_PEN_2_TV_3(1.0),A,087021,RESPOP_AV,T,Y_GE15,TOTAL,ALL,5,ALL,ALL,2021,444.330807043297,,,,,,,,ALL_N1,,,,,,,
IT1:DF_DCSS_ISTR_LAV_PEN_2_TV_3(1.0),A,087021,RESPOP_AV,T,Y_GE15,TOTAL,ALL,5,ALL,ALL,2022,429.348688393734,,,,,,,,ALL_N1,,,,,,,
IT1:DF_DCSS_ISTR_LAV_PEN_2_TV_3(1.0),A,087021,RESPOP_AV,T,Y_GE15,TOTAL,ALL,5,ALL,ALL,2023,431.0896812173055,,,,,,,,ALL_N1,,,,,,,
IT1:DF_DCSS_ISTR_LAV_PEN_2_TV_3(1.0),A,087021,RESPOP_AV,T,Y_GE15,TOTAL,ALL,5,ALL,ALL,2024,388.0397728942908,,,,,,,,ALL_N1,,,,,,,
IT1:DF_DCSS_ISTR_LAV_PEN_2_TV_3(1.0),A,087021,RESPOP_AV,T,Y_GE15,TOTAL,ALL,7,ALL,ALL,2018,400,,,,,,,,ALL_N1,,,,,,,
IT1:DF_DCSS_ISTR_LAV_PEN_2_TV_3(1.0),A,087021,RESPOP_AV,T,Y_GE15,TOTAL,ALL,7,ALL,ALL,2019,366,,,,,,,,ALL_N1,,,,,,,
IT1:DF_DCSS_ISTR_LAV_PEN_2_TV_3(1.0),A,087021,RESPOP_AV,T,Y_GE15,TOTAL,ALL,7,ALL,ALL,2021,445.636388641552,,,,,,,,ALL_N1,,,,,,,
IT1:DF_DCSS_ISTR_LAV_PEN_2_TV_3(1.0),A,087021,RESPOP_AV,T,Y_GE15,TOTAL,ALL,7,ALL,ALL,2022,327.800885843614,,,,,,,,ALL_N1,,,,,,,
IT1:DF_DCSS_ISTR_LAV_PEN_2_TV_3(1.0),A,087021,RESPOP_AV,T,Y_GE15,TOTAL,ALL,7,ALL,ALL,2023,329.25378096021,,,,,,,,ALL_N1,,,,,,,
IT1:DF_DCSS_ISTR_LAV_PEN_2_TV_3(1.0),A,087021,RESPOP_AV,T,Y_GE15,TOTAL,ALL,7,ALL,ALL,2024,346.39497576226097,,,,,,,,ALL_N1,,,,,,,
IT1:DF_DCSS_ISTR_LAV_PEN_2_TV_3(1.0),A,087021,RESPOP_AV,T,Y_GE15,TOTAL,ALL,99,ALL,ALL,2018,4543,,,,,,,,ALL_N1,99_N1,,,,,,
IT1:DF_DCSS_ISTR_LAV_PEN_2_TV_3(1.0),A,087021,RESPOP_AV,T,Y_GE15,TOTAL,ALL,99,ALL,ALL,2019,4503,,,,,,,,ALL_N1,99_N1,,,,,,
IT1:DF_DCSS_ISTR_LAV_PEN_2_TV_3(1.0),A,087021,RESPOP_AV,T,Y_GE15,TOTAL,ALL,99,ALL,ALL,2021,4378,,,,,,,,ALL_N1,99_N1,,,,,,
IT1:DF_DCSS_ISTR_LAV_PEN_2_TV_3(1.0),A,087021,RESPOP_AV,T,Y_GE15,TOTAL,ALL,99,ALL,ALL,2022,4400,,,,,,,,ALL_N1,99_N1,,,,,,
IT1:DF_DCSS_ISTR_LAV_PEN_2_TV_3(1.0),A,087021,RESPOP_AV,T,Y_GE15,TOTAL,ALL,99,ALL,ALL,2023,4462,,,,,,,,ALL_N1,99_N1,,,,,,
IT1:DF_DCSS_ISTR_LAV_PEN_2_TV_3(1.0),A,087021,RESPOP_AV,T,Y_GE15,TOTAL,ALL,99,ALL,ALL,2024,4433,,,,,,,,ALL_N1,99_N1,,,,,,
IT1:DF_DCSS_ISTR_LAV_PEN_2_TV_3(1.0),A,087022,RESPOP_AV,F,Y_GE15,TOTAL,ALL,1,ALL,ALL,2018,352,,,,,,,,ALL_N1,,,,,,,
IT1:DF_DCSS_ISTR_LAV_PEN_2_TV_3(1.0),A,087022,RESPOP_AV,F,Y_GE15,TOTAL,ALL,1,ALL,ALL,2019,383,,,,,,,,ALL_N1,,,,,,,
IT1:DF_DCSS_ISTR_LAV_PEN_2_TV_3(1.0),A,087022,RESPOP_AV,F,Y_GE15,TOTAL,ALL,1,ALL,ALL,2021,376,,,,,,,,ALL_N1,,,,,,,
IT1:DF_DCSS_ISTR_LAV_PEN_2_TV_3(1.0),A,087022,RESPOP_AV,F,Y_GE15,TOTAL,ALL,1,ALL,ALL,2022,387,,,,,,,,ALL_N1,,,,,,,
IT1:DF_DCSS_ISTR_LAV_PEN_2_TV_3(1.0),A,087022,RESPOP_AV,F,Y_GE15,TOTAL,ALL,1,ALL,ALL,2023,396,,,,,,,,ALL_N1,,,,,,,
IT1:DF_DCSS_ISTR_LAV_PEN_2_TV_3(1.0),A,087022,RESPOP_AV,F,Y_GE15,TOTAL,ALL,1,ALL,ALL,2024,433,,,,,,,,ALL_N1,,,,,,,
IT1:DF_DCSS_ISTR_LAV_PEN_2_TV_3(1.0),A,087022,RESPOP_AV,F,Y_GE15,TOTAL,ALL,12,ALL,ALL,2018,174,,,,,,,,ALL_N1,,,,,,,
IT1:DF_DCSS_ISTR_LAV_PEN_2_TV_3(1.0),A,087022,RESPOP_AV,F,Y_GE15,TOTAL,ALL,12,ALL,ALL,2019,176,,,,,,,,ALL_N1,,,,,,,
IT1:DF_DCSS_ISTR_LAV_PEN_2_TV_3(1.0),A,087022,RESPOP_AV,F,Y_GE15,TOTAL,ALL,12,ALL,ALL,2021,77.4778652542224,,,,,,,,ALL_N1,,,,,,,
IT1:DF_DCSS_ISTR_LAV_PEN_2_TV_3(1.0),A,087022,RESPOP_AV,F,Y_GE15,TOTAL,ALL,12,ALL,ALL,2022,68.0986427887929,,,,,,,,ALL_N1,,,,,,,
IT1:DF_DCSS_ISTR_LAV_PEN_2_TV_3(1.0),A,087022,RESPOP_AV,F,Y_GE15,TOTAL,ALL,12,ALL,ALL,2023,85.81557736324046,,,,,,,,ALL_N1,,,,,,,
IT1:DF_DCSS_ISTR_LAV_PEN_2_TV_3(1.0),A,087022,RESPOP_AV,F,Y_GE15,TOTAL,ALL,12,ALL,ALL,2024,71.04041007582455,,,,,,,,ALL_N1,,,,,,,
IT1:DF_DCSS_ISTR_LAV_PEN_2_TV_3(1.0),A,087022,RESPOP_AV,F,Y_GE15,TOTAL,ALL,22,ALL,ALL,2018,526,,,,,,,,ALL_N1,,,,,,,
IT1:DF_DCSS_ISTR_LAV_PEN_2_TV_3(1.0),A,087022,RESPOP_AV,F,Y_GE15,TOTAL,ALL,22,ALL,ALL,2019,559,,,,,,,,ALL_N1,,,,,,,
IT1:DF_DCSS_ISTR_LAV_PEN_2_TV_3(1.0),A,087022,RESPOP_AV,F,Y_GE15,TOTAL,ALL,22,ALL,ALL,2021,453.477865254222,,,,,,,,ALL_N1,,,,,,,
IT1:DF_DCSS_ISTR_LAV_PEN_2_TV_3(1.0),A,087022,RESPOP_AV,F,Y_GE15,TOTAL,ALL,22,ALL,ALL,2022,455.098642788793,,,,,,,,ALL_N1,,,,,,,
IT1:DF_DCSS_ISTR_LAV_PEN_2_TV_3(1.0),A,087022,RESPOP_AV,F,Y_GE15,TOTAL,ALL,22,ALL,ALL,2023,481.8155773632405,,,,,,,,ALL_N1,,,,,,,
IT1:DF_DCSS_ISTR_LAV_PEN_2_TV_3(1.0),A,087022,RESPOP_AV,F,Y_GE15,TOTAL,ALL,22,ALL,ALL,2024,504.0404100758246,,,,,,,,ALL_N1,,,,,,,
IT1:DF_DCSS_ISTR_LAV_PEN_2_TV_3(1.0),A,087022,RESPOP_AV,F,Y_GE15,TOTAL,ALL,23,ALL,ALL,2018,1167,,,,,,,,ALL_N1,,,,,,,
IT1:DF_DCSS_ISTR_LAV_PEN_2_TV_3(1.0),A,087022,RESPOP_AV,F,Y_GE15,TOTAL,ALL,23,ALL,ALL,2019,1124,,,,,,,,ALL_N1,,,,,,,
IT1:DF_DCSS_ISTR_LAV_PEN_2_TV_3(1.0),A,087022,RESPOP_AV,F,Y_GE15,TOTAL,ALL,23,ALL,ALL,2021,1195.52213474578,,,,,,,,ALL_N1,,,,,,,
IT1:DF_DCSS_ISTR_LAV_PEN_2_TV_3(1.0),A,087022,RESPOP_AV,F,Y_GE15,TOTAL,ALL,23,ALL,ALL,2022,1176.90135721121,,,,,,,,ALL_N1,,,,,,,
IT1:DF_DCSS_ISTR_LAV_PEN_2_TV_3(1.0),A,087022,RESPOP_AV,F,Y_GE15,TOTAL,ALL,23,ALL,ALL,2023,1149.1844226367596,,,,,,,,ALL_N1,,,,,,,
IT1:DF_DCSS_ISTR_LAV_PEN_2_TV_3(1.0),A,087022,RESPOP_AV,F,Y_GE15,TOTAL,ALL,23,ALL,ALL,2024,1116.9595899241756,,,,,,,,ALL_N1,,,,,,,
IT1:DF_DCSS_ISTR_LAV_PEN_2_TV_3(1.0),A,087022,RESPOP_AV,F,Y_GE15,TOTAL,ALL,24,ALL,ALL,2018,272,,,,,,,,ALL_N1,,,,,,,
IT1:DF_DCSS_ISTR_LAV_PEN_2_TV_3(1.0),A,087022,RESPOP_AV,F,Y_GE15,TOTAL,ALL,24,ALL,ALL,2019,279,,,,,,,,ALL_N1,,,,,,,
IT1:DF_DCSS_ISTR_LAV_PEN_2_TV_3(1.0),A,087022,RESPOP_AV,F,Y_GE15,TOTAL,ALL,24,ALL,ALL,2021,250.74634279756,,,,,,,,ALL_N1,,,,,,,
IT1:DF_DCSS_ISTR_LAV_PEN_2_TV_3(1.0),A,087022,RESPOP_AV,F,Y_GE15,TOTAL,ALL,24,ALL,ALL,2022,270.317285327007,,,,,,,,ALL_N1,,,,,,,
IT1:DF_DCSS_ISTR_LAV_PEN_2_TV_3(1.0),A,087022,RESPOP_AV,F,Y_GE15,TOTAL,ALL,24,ALL,ALL,2023,238.4406838985955,,,,,,,,ALL_N1,,,,,,,
IT1:DF_DCSS_ISTR_LAV_PEN_2_TV_3(1.0),A,087022,RESPOP_AV,F,Y_GE15,TOTAL,ALL,24,ALL,ALL,2024,259.5989803955224,,,,,,,,ALL_N1,,,,,,,
IT1:DF_DCSS_ISTR_LAV_PEN_2_TV_3(1.0),A,087022,RESPOP_AV,F,Y_GE15,TOTAL,ALL,4,ALL,ALL,2018,608,,,,,,,,ALL_N1,,,,,,,
IT1:DF_DCSS_ISTR_LAV_PEN_2_TV_3(1.0),A,087022,RESPOP_AV,F,Y_GE15,TOTAL,ALL,4,ALL,ALL,2019,569,,,,,,,,ALL_N1,,,,,,,
IT1:DF_DCSS_ISTR_LAV_PEN_2_TV_3(1.0),A,087022,RESPOP_AV,F,Y_GE15,TOTAL,ALL,4,ALL,ALL,2021,628.695102492701,,,,,,,,ALL_N1,,,,,,,
IT1:DF_DCSS_ISTR_LAV_PEN_2_TV_3(1.0),A,087022,RESPOP_AV,F,Y_GE15,TOTAL,ALL,4,ALL,ALL,2022,620.06799662786,,,,,,,,ALL_N1,,,,,,,
IT1:DF_DCSS_ISTR_LAV_PEN_2_TV_3(1.0),A,087022,RESPOP_AV,F,Y_GE15,TOTAL,ALL,4,ALL,ALL,2023,607.1827213729365,,,,,,,,ALL_N1,,,,,,,
IT1:DF_DCSS_ISTR_LAV_PEN_2_TV_3(1.0),A,087022,RESPOP_AV,F,Y_GE15,TOTAL,ALL,4,ALL,ALL,2024,579.6382807955007,,,,,,,,ALL_N1,,,,,,,
IT1:DF_DCSS_ISTR_LAV_PEN_2_TV_3(1.0),A,087022,RESPOP_AV,F,Y_GE15,TOTAL,ALL,5,ALL,ALL,2018,158,,,,,,,,ALL_N1,,,,,,,
IT1:DF_DCSS_ISTR_LAV_PEN_2_TV_3(1.0),A,087022,RESPOP_AV,F,Y_GE15,TOTAL,ALL,5,ALL,ALL,2019,164,,,,,,,,ALL_N1,,,,,,,
IT1:DF_DCSS_ISTR_LAV_PEN_2_TV_3(1.0),A,087022,RESPOP_AV,F,Y_GE15,TOTAL,ALL,5,ALL,ALL,2021,164.751019841531,,,,,,,,ALL_N1,,,,,,,
IT1:DF_DCSS_ISTR_LAV_PEN_2_TV_3(1.0),A,087022,RESPOP_AV,F,Y_GE15,TOTAL,ALL,5,ALL,ALL,2022,167.804940853284,,,,,,,,ALL_N1,,,,,,,
IT1:DF_DCSS_ISTR_LAV_PEN_2_TV_3(1.0),A,087022,RESPOP_AV,F,Y_GE15,TOTAL,ALL,5,ALL,ALL,2023,171.16216168527848,,,,,,,,ALL_N1,,,,,,,
IT1:DF_DCSS_ISTR_LAV_PEN_2_TV_3(1.0),A,087022,RESPOP_AV,F,Y_GE15,TOTAL,ALL,5,ALL,ALL,2024,168.04538903280806,,,,,,,,ALL_N1,,,,,,,
IT1:DF_DCSS_ISTR_LAV_PEN_2_TV_3(1.0),A,087022,RESPOP_AV,F,Y_GE15,TOTAL,ALL,7,ALL,ALL,2018,129,,,,,,,,ALL_N1,,,,,,,
IT1:DF_DCSS_ISTR_LAV_PEN_2_TV_3(1.0),A,087022,RESPOP_AV,F,Y_GE15,TOTAL,ALL,7,ALL,ALL,2019,113,,,,,,,,ALL_N1,,,,,,,
IT1:DF_DCSS_ISTR_LAV_PEN_2_TV_3(1.0),A,087022,RESPOP_AV,F,Y_GE15,TOTAL,ALL,7,ALL,ALL,2021,151.329669613987,,,,,,,,ALL_N1,,,,,,,
IT1:DF_DCSS_ISTR_LAV_PEN_2_TV_3(1.0),A,087022,RESPOP_AV,F,Y_GE15,TOTAL,ALL,7,ALL,ALL,2022,118.711134403056,,,,,,,,ALL_N1,,,,,,,
IT1:DF_DCSS_ISTR_LAV_PEN_2_TV_3(1.0),A,087022,RESPOP_AV,F,Y_GE15,TOTAL,ALL,7,ALL,ALL,2023,132.39885567994915,,,,,,,,ALL_N1,,,,,,,
IT1:DF_DCSS_ISTR_LAV_PEN_2_TV_3(1.0),A,087022,RESPOP_AV,F,Y_GE15,TOTAL,ALL,7,ALL,ALL,2024,109.67693970034432,,,,,,,,ALL_N1,,,,,,,
IT1:DF_DCSS_ISTR_LAV_PEN_2_TV_3(1.0),A,087022,RESPOP_AV,F,Y_GE15,TOTAL,ALL,99,ALL,ALL,2018,1693,,,,,,,,ALL_N1,99_N1,,,,,,
IT1:DF_DCSS_ISTR_LAV_PEN_2_TV_3(1.0),A,087022,RESPOP_AV,F,Y_GE15,TOTAL,ALL,99,ALL,ALL,2019,1683,,,,,,,,ALL_N1,99_N1,,,,,,
IT1:DF_DCSS_ISTR_LAV_PEN_2_TV_3(1.0),A,087022,RESPOP_AV,F,Y_GE15,TOTAL,ALL,99,ALL,ALL,2021,1649,,,,,,,,ALL_N1,99_N1,,,,,,
IT1:DF_DCSS_ISTR_LAV_PEN_2_TV_3(1.0),A,087022,RESPOP_AV,F,Y_GE15,TOTAL,ALL,99,ALL,ALL,2022,1632,,,,,,,,ALL_N1,99_N1,,,,,,
IT1:DF_DCSS_ISTR_LAV_PEN_2_TV_3(1.0),A,087022,RESPOP_AV,F,Y_GE15,TOTAL,ALL,99,ALL,ALL,2023,1631.0000000000002,,,,,,,,ALL_N1,99_N1,,,,,,
IT1:DF_DCSS_ISTR_LAV_PEN_2_TV_3(1.0),A,087022,RESPOP_AV,F,Y_GE15,TOTAL,ALL,99,ALL,ALL,2024,1621,,,,,,,,ALL_N1,99_N1,,,,,,
IT1:DF_DCSS_ISTR_LAV_PEN_2_TV_3(1.0),A,087022,RESPOP_AV,M,Y_GE15,TOTAL,ALL,1,ALL,ALL,2018,677,,,,,,,,ALL_N1,,,,,,,
IT1:DF_DCSS_ISTR_LAV_PEN_2_TV_3(1.0),A,087022,RESPOP_AV,M,Y_GE15,TOTAL,ALL,1,ALL,ALL,2019,689,,,,,,,,ALL_N1,,,,,,,
IT1:DF_DCSS_ISTR_LAV_PEN_2_TV_3(1.0),A,087022,RESPOP_AV,M,Y_GE15,TOTAL,ALL,1,ALL,ALL,2021,681,,,,,,,,ALL_N1,,,,,,,
IT1:DF_DCSS_ISTR_LAV_PEN_2_TV_3(1.0),A,087022,RESPOP_AV,M,Y_GE15,TOTAL,ALL,1,ALL,ALL,2022,696,,,,,,,,ALL_N1,,,,,,,
IT1:DF_DCSS_ISTR_LAV_PEN_2_TV_3(1.0),A,087022,RESPOP_AV,M,Y_GE15,TOTAL,ALL,1,ALL,ALL,2023,734,,,,,,,,ALL_N1,,,,,,,
IT1:DF_DCSS_ISTR_LAV_PEN_2_TV_3(1.0),A,087022,RESPOP_AV,M,Y_GE15,TOTAL,ALL,1,ALL,ALL,2024,733,,,,,,,,ALL_N1,,,,,,,
IT1:DF_DCSS_ISTR_LAV_PEN_2_TV_3(1.0),A,087022,RESPOP_AV,M,Y_GE15,TOTAL,ALL,12,ALL,ALL,2018,192,,,,,,,,ALL_N1,,,,,,,
IT1:DF_DCSS_ISTR_LAV_PEN_2_TV_3(1.0),A,087022,RESPOP_AV,M,Y_GE15,TOTAL,ALL,12,ALL,ALL,2019,180,,,,,,,,ALL_N1,,,,,,,
IT1:DF_DCSS_ISTR_LAV_PEN_2_TV_3(1.0),A,087022,RESPOP_AV,M,Y_GE15,TOTAL,ALL,12,ALL,ALL,2021,95.8451815632856,,,,,,,,ALL_N1,,,,,,,
IT1:DF_DCSS_ISTR_LAV_PEN_2_TV_3(1.0),A,087022,RESPOP_AV,M,Y_GE15,TOTAL,ALL,12,ALL,ALL,2022,81.7976003067609,,,,,,,,ALL_N1,,,,,,,
IT1:DF_DCSS_ISTR_LAV_PEN_2_TV_3(1.0),A,087022,RESPOP_AV,M,Y_GE15,TOTAL,ALL,12,ALL,ALL,2023,79.83046667532021,,,,,,,,ALL_N1,,,,,,,
IT1:DF_DCSS_ISTR_LAV_PEN_2_TV_3(1.0),A,087022,RESPOP_AV,M,Y_GE15,TOTAL,ALL,12,ALL,ALL,2024,82.83909424874071,,,,,,,,ALL_N1,,,,,,,
IT1:DF_DCSS_ISTR_LAV_PEN_2_TV_3(1.0),A,087022,RESPOP_AV,M,Y_GE15,TOTAL,ALL,22,ALL,ALL,2018,869,,,,,,,,ALL_N1,,,,,,,
IT1:DF_DCSS_ISTR_LAV_PEN_2_TV_3(1.0),A,087022,RESPOP_AV,M,Y_GE15,TOTAL,ALL,22,ALL,ALL,2019,869,,,,,,,,ALL_N1,,,,,,,
IT1:DF_DCSS_ISTR_LAV_PEN_2_TV_3(1.0),A,087022,RESPOP_AV,M,Y_GE15,TOTAL,ALL,22,ALL,ALL,2021,776.845181563286,,,,,,,,ALL_N1,,,,,,,
IT1:DF_DCSS_ISTR_LAV_PEN_2_TV_3(1.0),A,087022,RESPOP_AV,M,Y_GE15,TOTAL,ALL,22,ALL,ALL,2022,777.797600306761,,,,,,,,ALL_N1,,,,,,,
IT1:DF_DCSS_ISTR_LAV_PEN_2_TV_3(1.0),A,087022,RESPOP_AV,M,Y_GE15,TOTAL,ALL,22,ALL,ALL,2023,813.8304666753202,,,,,,,,ALL_N1,,,,,,,
IT1:DF_DCSS_ISTR_LAV_PEN_2_TV_3(1.0),A,087022,RESPOP_AV,M,Y_GE15,TOTAL,ALL,22,ALL,ALL,2024,815.8390942487407,,,,,,,,ALL_N1,,,,,,,
IT1:DF_DCSS_ISTR_LAV_PEN_2_TV_3(1.0),A,087022,RESPOP_AV,M,Y_GE15,TOTAL,ALL,23,ALL,ALL,2018,671,,,,,,,,ALL_N1,,,,,,,
IT1:DF_DCSS_ISTR_LAV_PEN_2_TV_3(1.0),A,087022,RESPOP_AV,M,Y_GE15,TOTAL,ALL,23,ALL,ALL,2019,649,,,,,,,,ALL_N1,,,,,,,
IT1:DF_DCSS_ISTR_LAV_PEN_2_TV_3(1.0),A,087022,RESPOP_AV,M,Y_GE15,TOTAL,ALL,23,ALL,ALL,2021,717.154818436714,,,,,,,,ALL_N1,,,,,,,
IT1:DF_DCSS_ISTR_LAV_PEN_2_TV_3(1.0),A,087022,RESPOP_AV,M,Y_GE15,TOTAL,ALL,23,ALL,ALL,2022,709.202399693239,,,,,,,,ALL_N1,,,,,,,
IT1:DF_DCSS_ISTR_LAV_PEN_2_TV_3(1.0),A,087022,RESPOP_AV,M,Y_GE15,TOTAL,ALL,23,ALL,ALL,2023,664.16953332468,,,,,,,,ALL_N1,,,,,,,
IT1:DF_DCSS_ISTR_LAV_PEN_2_TV_3(1.0),A,087022,RESPOP_AV,M,Y_GE15,TOTAL,ALL,23,ALL,ALL,2024,675.1609057512593,,,,,,,,ALL_N1,,,,,,,
IT1:DF_DCSS_ISTR_LAV_PEN_2_TV_3(1.0),A,087022,RESPOP_AV,M,Y_GE15,TOTAL,ALL,24,ALL,ALL,2018,347,,,,,,,,ALL_N1,,,,,,,
IT1:DF_DCSS_ISTR_LAV_PEN_2_TV_3(1.0),A,087022,RESPOP_AV,M,Y_GE15,TOTAL,ALL,24,ALL,ALL,2019,353,,,,,,,,ALL_N1,,,,,,,
IT1:DF_DCSS_ISTR_LAV_PEN_2_TV_3(1.0),A,087022,RESPOP_AV,M,Y_GE15,TOTAL,ALL,24,ALL,ALL,2021,367.270887741594,,,,,,,,ALL_N1,,,,,,,
IT1:DF_DCSS_ISTR_LAV_PEN_2_TV_3(1.0),A,087022,RESPOP_AV,M,Y_GE15,TOTAL,ALL,24,ALL,ALL,2022,381.814539210414,,,,,,,,ALL_N1,,,,,,,
IT1:DF_DCSS_ISTR_LAV_PEN_2_TV_3(1.0),A,087022,RESPOP_AV,M,Y_GE15,TOTAL,ALL,24,ALL,ALL,2023,348.05921096491994,,,,,,,,ALL_N1,,,,,,,
IT1:DF_DCSS_ISTR_LAV_PEN_2_TV_3(1.0),A,087022,RESPOP_AV,M,Y_GE15,TOTAL,ALL,24,ALL,ALL,2024,375.86511151027383,,,,,,,,ALL_N1,,,,,,,
IT1:DF_DCSS_ISTR_LAV_PEN_2_TV_3(1.0),A,087022,RESPOP_AV,M,Y_GE15,TOTAL,ALL,4,ALL,ALL,2018,21,,,,,,,,ALL_N1,,,,,,,
IT1:DF_DCSS_ISTR_LAV_PEN_2_TV_3(1.0),A,087022,RESPOP_AV,M,Y_GE15,TOTAL,ALL,4,ALL,ALL,2019,19,,,,,,,,ALL_N1,,,,,,,
IT1:DF_DCSS_ISTR_LAV_PEN_2_TV_3(1.0),A,087022,RESPOP_AV,M,Y_GE15,TOTAL,ALL,4,ALL,ALL,2021,28.8290297192537,,,,,,,,ALL_N1,,,,,,,
IT1:DF_DCSS_ISTR_LAV_PEN_2_TV_3(1.0),A,087022,RESPOP_AV,M,Y_GE15,TOTAL,ALL,4,ALL,ALL,2022,35.3706591078245,,,,,,,,ALL_N1,,,,,,,
IT1:DF_DCSS_ISTR_LAV_PEN_2_TV_3(1.0),A,087022,RESPOP_AV,M,Y_GE15,TOTAL,ALL,4,ALL,ALL,2023,33.5941032061405,,,,,,,,ALL_N1,,,,,,,
IT1:DF_DCSS_ISTR_LAV_PEN_2_TV_3(1.0),A,087022,RESPOP_AV,M,Y_GE15,TOTAL,ALL,4,ALL,ALL,2024,34.601732822474595,,,,,,,,ALL_N1,,,,,,,
IT1:DF_DCSS_ISTR_LAV_PEN_2_TV_3(1.0),A,087022,RESPOP_AV,M,Y_GE15,TOTAL,ALL,5,ALL,ALL,2018,134,,,,,,,,ALL_N1,,,,,,,
IT1:DF_DCSS_ISTR_LAV_PEN_2_TV_3(1.0),A,087022,RESPOP_AV,M,Y_GE15,TOTAL,ALL,5,ALL,ALL,2019,139,,,,,,,,ALL_N1,,,,,,,
IT1:DF_DCSS_ISTR_LAV_PEN_2_TV_3(1.0),A,087022,RESPOP_AV,M,Y_GE15,TOTAL,ALL,5,ALL,ALL,2021,142.303338830171,,,,,,,,ALL_N1,,,,,,,
IT1:DF_DCSS_ISTR_LAV_PEN_2_TV_3(1.0),A,087022,RESPOP_AV,M,Y_GE15,TOTAL,ALL,5,ALL,ALL,2022,134.112376472619,,,,,,,,ALL_N1,,,,,,,
IT1:DF_DCSS_ISTR_LAV_PEN_2_TV_3(1.0),A,087022,RESPOP_AV,M,Y_GE15,TOTAL,ALL,5,ALL,ALL,2023,130.9591321121705,,,,,,,,ALL_N1,,,,,,,
IT1:DF_DCSS_ISTR_LAV_PEN_2_TV_3(1.0),A,087022,RESPOP_AV,M,Y_GE15,TOTAL,ALL,5,ALL,ALL,2024,119.88462795701719,,,,,,,,ALL_N1,,,,,,,
IT1:DF_DCSS_ISTR_LAV_PEN_2_TV_3(1.0),A,087022,RESPOP_AV,M,Y_GE15,TOTAL,ALL,7,ALL,ALL,2018,169,,,,,,,,ALL_N1,,,,,,,
IT1:DF_DCSS_ISTR_LAV_PEN_2_TV_3(1.0),A,087022,RESPOP_AV,M,Y_GE15,TOTAL,ALL,7,ALL,ALL,2019,139,,,,,,,,ALL_N1,,,,,,,
IT1:DF_DCSS_ISTR_LAV_PEN_2_TV_3(1.0),A,087022,RESPOP_AV,M,Y_GE15,TOTAL,ALL,7,ALL,ALL,2021,178.751562145696,,,,,,,,ALL_N1,,,,,,,
IT1:DF_DCSS_ISTR_LAV_PEN_2_TV_3(1.0),A,087022,RESPOP_AV,M,Y_GE15,TOTAL,ALL,7,ALL,ALL,2022,157.904824902381,,,,,,,,ALL_N1,,,,,,,
IT1:DF_DCSS_ISTR_LAV_PEN_2_TV_3(1.0),A,087022,RESPOP_AV,M,Y_GE15,TOTAL,ALL,7,ALL,ALL,2023,151.55708704144905,,,,,,,,ALL_N1,,,,,,,
IT1:DF_DCSS_ISTR_LAV_PEN_2_TV_3(1.0),A,087022,RESPOP_AV,M,Y_GE15,TOTAL,ALL,7,ALL,ALL,2024,144.80943346149365,,,,,,,,ALL_N1,,,,,,,
IT1:DF_DCSS_ISTR_LAV_PEN_2_TV_3(1.0),A,087022,RESPOP_AV,M,Y_GE15,TOTAL,ALL,99,ALL,ALL,2018,1540,,,,,,,,ALL_N1,99_N1,,,,,,
IT1:DF_DCSS_ISTR_LAV_PEN_2_TV_3(1.0),A,087022,RESPOP_AV,M,Y_GE15,TOTAL,ALL,99,ALL,ALL,2019,1518,,,,,,,,ALL_N1,99_N1,,,,,,
IT1:DF_DCSS_ISTR_LAV_PEN_2_TV_3(1.0),A,087022,RESPOP_AV,M,Y_GE15,TOTAL,ALL,99,ALL,ALL,2021,1494,,,,,,,,ALL_N1,99_N1,,,,,,
IT1:DF_DCSS_ISTR_LAV_PEN_2_TV_3(1.0),A,087022,RESPOP_AV,M,Y_GE15,TOTAL,ALL,99,ALL,ALL,2022,1487,,,,,,,,ALL_N1,99_N1,,,,,,
IT1:DF_DCSS_ISTR_LAV_PEN_2_TV_3(1.0),A,087022,RESPOP_AV,M,Y_GE15,TOTAL,ALL,99,ALL,ALL,2023,1478.0000000000002,,,,,,,,ALL_N1,99_N1,,,,,,
IT1:DF_DCSS_ISTR_LAV_PEN_2_TV_3(1.0),A,087022,RESPOP_AV,M,Y_GE15,TOTAL,ALL,99,ALL,ALL,2024,1491,,,,,,,,ALL_N1,99_N1,,,,,,
IT1:DF_DCSS_ISTR_LAV_PEN_2_TV_3(1.0),A,087022,RESPOP_AV,T,Y_GE15,TOTAL,ALL,1,ALL,ALL,2018,1029,,,,,,,,ALL_N1,,,,,,,
IT1:DF_DCSS_ISTR_LAV_PEN_2_TV_3(1.0),A,087022,RESPOP_AV,T,Y_GE15,TOTAL,ALL,1,ALL,ALL,2019,1072,,,,,,,,ALL_N1,,,,,,,
IT1:DF_DCSS_ISTR_LAV_PEN_2_TV_3(1.0),A,087022,RESPOP_AV,T,Y_GE15,TOTAL,ALL,1,ALL,ALL,2021,1057,,,,,,,,ALL_N1,,,,,,,
IT1:DF_DCSS_ISTR_LAV_PEN_2_TV_3(1.0),A,087022,RESPOP_AV,T,Y_GE15,TOTAL,ALL,1,ALL,ALL,2022,1083,,,,,,,,ALL_N1,,,,,,,
IT1:DF_DCSS_ISTR_LAV_PEN_2_TV_3(1.0),A,087022,RESPOP_AV,T,Y_GE15,TOTAL,ALL,1,ALL,ALL,2023,1130,,,,,,,,ALL_N1,,,,,,,
IT1:DF_DCSS_ISTR_LAV_PEN_2_TV_3(1.0),A,087022,RESPOP_AV,T,Y_GE15,TOTAL,ALL,1,ALL,ALL,2024,1166,,,,,,,,ALL_N1,,,,,,,
IT1:DF_DCSS_ISTR_LAV_PEN_2_TV_3(1.0),A,087022,RESPOP_AV,T,Y_GE15,TOTAL,ALL,12,ALL,ALL,2018,366,,,,,,,,ALL_N1,,,,,,,
IT1:DF_DCSS_ISTR_LAV_PEN_2_TV_3(1.0),A,087022,RESPOP_AV,T,Y_GE15,TOTAL,ALL,12,ALL,ALL,2019,356,,,,,,,,ALL_N1,,,,,,,
IT1:DF_DCSS_ISTR_LAV_PEN_2_TV_3(1.0),A,087022,RESPOP_AV,T,Y_GE15,TOTAL,ALL,12,ALL,ALL,2021,173.323046817508,,,,,,,,ALL_N1,,,,,,,
IT1:DF_DCSS_ISTR_LAV_PEN_2_TV_3(1.0),A,087022,RESPOP_AV,T,Y_GE15,TOTAL,ALL,12,ALL,ALL,2022,149.896243095554,,,,,,,,ALL_N1,,,,,,,
IT1:DF_DCSS_ISTR_LAV_PEN_2_TV_3(1.0),A,087022,RESPOP_AV,T,Y_GE15,TOTAL,ALL,12,ALL,ALL,2023,165.6460440385607,,,,,,,,ALL_N1,,,,,,,
IT1:DF_DCSS_ISTR_LAV_PEN_2_TV_3(1.0),A,087022,RESPOP_AV,T,Y_GE15,TOTAL,ALL,12,ALL,ALL,2024,153.87950432456526,,,,,,,,ALL_N1,,,,,,,
IT1:DF_DCSS_ISTR_LAV_PEN_2_TV_3(1.0),A,087022,RESPOP_AV,T,Y_GE15,TOTAL,ALL,22,ALL,ALL,2018,1395,,,,,,,,ALL_N1,,,,,,,
IT1:DF_DCSS_ISTR_LAV_PEN_2_TV_3(1.0),A,087022,RESPOP_AV,T,Y_GE15,TOTAL,ALL,22,ALL,ALL,2019,1428,,,,,,,,ALL_N1,,,,,,,
IT1:DF_DCSS_ISTR_LAV_PEN_2_TV_3(1.0),A,087022,RESPOP_AV,T,Y_GE15,TOTAL,ALL,22,ALL,ALL,2021,1230.32304681751,,,,,,,,ALL_N1,,,,,,,
IT1:DF_DCSS_ISTR_LAV_PEN_2_TV_3(1.0),A,087022,RESPOP_AV,T,Y_GE15,TOTAL,ALL,22,ALL,ALL,2022,1232.89624309555,,,,,,,,ALL_N1,,,,,,,
IT1:DF_DCSS_ISTR_LAV_PEN_2_TV_3(1.0),A,087022,RESPOP_AV,T,Y_GE15,TOTAL,ALL,22,ALL,ALL,2023,1295.6460440385606,,,,,,,,ALL_N1,,,,,,,
IT1:DF_DCSS_ISTR_LAV_PEN_2_TV_3(1.0),A,087022,RESPOP_AV,T,Y_GE15,TOTAL,ALL,22,ALL,ALL,2024,1319.8795043245652,,,,,,,,ALL_N1,,,,,,,
IT1:DF_DCSS_ISTR_LAV_PEN_2_TV_3(1.0),A,087022,RESPOP_AV,T,Y_GE15,TOTAL,ALL,23,ALL,ALL,2018,1838,,,,,,,,ALL_N1,,,,,,,
IT1:DF_DCSS_ISTR_LAV_PEN_2_TV_3(1.0),A,087022,RESPOP_AV,T,Y_GE15,TOTAL,ALL,23,ALL,ALL,2019,1773,,,,,,,,ALL_N1,,,,,,,
IT1:DF_DCSS_ISTR_LAV_PEN_2_TV_3(1.0),A,087022,RESPOP_AV,T,Y_GE15,TOTAL,ALL,23,ALL,ALL,2021,1912.67695318249,,,,,,,,ALL_N1,,,,,,,
IT1:DF_DCSS_ISTR_LAV_PEN_2_TV_3(1.0),A,087022,RESPOP_AV,T,Y_GE15,TOTAL,ALL,23,ALL,ALL,2022,1886.10375690445,,,,,,,,ALL_N1,,,,,,,
IT1:DF_DCSS_ISTR_LAV_PEN_2_TV_3(1.0),A,087022,RESPOP_AV,T,Y_GE15,TOTAL,ALL,23,ALL,ALL,2023,1813.3539559614396,,,,,,,,ALL_N1,,,,,,,
IT1:DF_DCSS_ISTR_LAV_PEN_2_TV_3(1.0),A,087022,RESPOP_AV,T,Y_GE15,TOTAL,ALL,23,ALL,ALL,2024,1792.1204956754348,,,,,,,,ALL_N1,,,,,,,
IT1:DF_DCSS_ISTR_LAV_PEN_2_TV_3(1.0),A,087022,RESPOP_AV,T,Y_GE15,TOTAL,ALL,24,ALL,ALL,2018,619,,,,,,,,ALL_N1,,,,,,,
IT1:DF_DCSS_ISTR_LAV_PEN_2_TV_3(1.0),A,087022,RESPOP_AV,T,Y_GE15,TOTAL,ALL,24,ALL,ALL,2019,631,,,,,,,,ALL_N1,,,,,,,
IT1:DF_DCSS_ISTR_LAV_PEN_2_TV_3(1.0),A,087022,RESPOP_AV,T,Y_GE15,TOTAL,ALL,24,ALL,ALL,2021,618.017230539154,,,,,,,,ALL_N1,,,,,,,
IT1:DF_DCSS_ISTR_LAV_PEN_2_TV_3(1.0),A,087022,RESPOP_AV,T,Y_GE15,TOTAL,ALL,24,ALL,ALL,2022,652.131824537421,,,,,,,,ALL_N1,,,,,,,
IT1:DF_DCSS_ISTR_LAV_PEN_2_TV_3(1.0),A,087022,RESPOP_AV,T,Y_GE15,TOTAL,ALL,24,ALL,ALL,2023,586.4998948635154,,,,,,,,ALL_N1,,,,,,,
IT1:DF_DCSS_ISTR_LAV_PEN_2_TV_3(1.0),A,087022,RESPOP_AV,T,Y_GE15,TOTAL,ALL,24,ALL,ALL,2024,635.4640919057963,,,,,,,,ALL_N1,,,,,,,
IT1:DF_DCSS_ISTR_LAV_PEN_2_TV_3(1.0),A,087022,RESPOP_AV,T,Y_GE15,TOTAL,ALL,4,ALL,ALL,2018,629,,,,,,,,ALL_N1,,,,,,,
IT1:DF_DCSS_ISTR_LAV_PEN_2_TV_3(1.0),A,087022,RESPOP_AV,T,Y_GE15,TOTAL,ALL,4,ALL,ALL,2019,588,,,,,,,,ALL_N1,,,,,,,
IT1:DF_DCSS_ISTR_LAV_PEN_2_TV_3(1.0),A,087022,RESPOP_AV,T,Y_GE15,TOTAL,ALL,4,ALL,ALL,2021,657.524132211955,,,,,,,,ALL_N1,,,,,,,
IT1:DF_DCSS_ISTR_LAV_PEN_2_TV_3(1.0),A,087022,RESPOP_AV,T,Y_GE15,TOTAL,ALL,4,ALL,ALL,2022,655.438655735684,,,,,,,,ALL_N1,,,,,,,
IT1:DF_DCSS_ISTR_LAV_PEN_2_TV_3(1.0),A,087022,RESPOP_AV,T,Y_GE15,TOTAL,ALL,4,ALL,ALL,2023,640.776824579077,,,,,,,,ALL_N1,,,,,,,
IT1:DF_DCSS_ISTR_LAV_PEN_2_TV_3(1.0),A,087022,RESPOP_AV,T,Y_GE15,TOTAL,ALL,4,ALL,ALL,2024,614.2400136179753,,,,,,,,ALL_N1,,,,,,,
IT1:DF_DCSS_ISTR_LAV_PEN_2_TV_3(1.0),A,087022,RESPOP_AV,T,Y_GE15,TOTAL,ALL,5,ALL,ALL,2018,292,,,,,,,,ALL_N1,,,,,,,
IT1:DF_DCSS_ISTR_LAV_PEN_2_TV_3(1.0),A,087022,RESPOP_AV,T,Y_GE15,TOTAL,ALL,5,ALL,ALL,2019,302,,,,,,,,ALL_N1,,,,,,,
IT1:DF_DCSS_ISTR_LAV_PEN_2_TV_3(1.0),A,087022,RESPOP_AV,T,Y_GE15,TOTAL,ALL,5,ALL,ALL,2021,307.054358671701,,,,,,,,ALL_N1,,,,,,,
IT1:DF_DCSS_ISTR_LAV_PEN_2_TV_3(1.0),A,087022,RESPOP_AV,T,Y_GE15,TOTAL,ALL,5,ALL,ALL,2022,301.917317325903,,,,,,,,ALL_N1,,,,,,,
IT1:DF_DCSS_ISTR_LAV_PEN_2_TV_3(1.0),A,087022,RESPOP_AV,T,Y_GE15,TOTAL,ALL,5,ALL,ALL,2023,302.12129379744897,,,,,,,,ALL_N1,,,,,,,
IT1:DF_DCSS_ISTR_LAV_PEN_2_TV_3(1.0),A,087022,RESPOP_AV,T,Y_GE15,TOTAL,ALL,5,ALL,ALL,2024,287.9300169898252,,,,,,,,ALL_N1,,,,,,,
IT1:DF_DCSS_ISTR_LAV_PEN_2_TV_3(1.0),A,087022,RESPOP_AV,T,Y_GE15,TOTAL,ALL,7,ALL,ALL,2018,298,,,,,,,,ALL_N1,,,,,,,
IT1:DF_DCSS_ISTR_LAV_PEN_2_TV_3(1.0),A,087022,RESPOP_AV,T,Y_GE15,TOTAL,ALL,7,ALL,ALL,2019,252,,,,,,,,ALL_N1,,,,,,,
IT1:DF_DCSS_ISTR_LAV_PEN_2_TV_3(1.0),A,087022,RESPOP_AV,T,Y_GE15,TOTAL,ALL,7,ALL,ALL,2021,330.081231759682,,,,,,,,ALL_N1,,,,,,,
IT1:DF_DCSS_ISTR_LAV_PEN_2_TV_3(1.0),A,087022,RESPOP_AV,T,Y_GE15,TOTAL,ALL,7,ALL,ALL,2022,276.615959305437,,,,,,,,ALL_N1,,,,,,,
IT1:DF_DCSS_ISTR_LAV_PEN_2_TV_3(1.0),A,087022,RESPOP_AV,T,Y_GE15,TOTAL,ALL,7,ALL,ALL,2023,283.9559427213982,,,,,,,,ALL_N1,,,,,,,
IT1:DF_DCSS_ISTR_LAV_PEN_2_TV_3(1.0),A,087022,RESPOP_AV,T,Y_GE15,TOTAL,ALL,7,ALL,ALL,2024,254.48637316183797,,,,,,,,ALL_N1,,,,,,,
IT1:DF_DCSS_ISTR_LAV_PEN_2_TV_3(1.0),A,087022,RESPOP_AV,T,Y_GE15,TOTAL,ALL,99,ALL,ALL,2018,3233,,,,,,,,ALL_N1,99_N1,,,,,,
IT1:DF_DCSS_ISTR_LAV_PEN_2_TV_3(1.0),A,087022,RESPOP_AV,T,Y_GE15,TOTAL,ALL,99,ALL,ALL,2019,3201,,,,,,,,ALL_N1,99_N1,,,,,,
IT1:DF_DCSS_ISTR_LAV_PEN_2_TV_3(1.0),A,087022,RESPOP_AV,T,Y_GE15,TOTAL,ALL,99,ALL,ALL,2021,3143,,,,,,,,ALL_N1,99_N1,,,,,,
IT1:DF_DCSS_ISTR_LAV_PEN_2_TV_3(1.0),A,087022,RESPOP_AV,T,Y_GE15,TOTAL,ALL,99,ALL,ALL,2022,3119,,,,,,,,ALL_N1,99_N1,,,,,,
IT1:DF_DCSS_ISTR_LAV_PEN_2_TV_3(1.0),A,087022,RESPOP_AV,T,Y_GE15,TOTAL,ALL,99,ALL,ALL,2023,3109.0000000000005,,,,,,,,ALL_N1,99_N1,,,,,,
IT1:DF_DCSS_ISTR_LAV_PEN_2_TV_3(1.0),A,087022,RESPOP_AV,T,Y_GE15,TOTAL,ALL,99,ALL,ALL,2024,3112,,,,,,,,ALL_N1,99_N1,,,,,,
IT1:DF_DCSS_ISTR_LAV_PEN_2_TV_3(1.0),A,087023,RESPOP_AV,F,Y_GE15,TOTAL,ALL,1,ALL,ALL,2018,1692,,,,,,,,ALL_N1,,,,,,,
IT1:DF_DCSS_ISTR_LAV_PEN_2_TV_3(1.0),A,087023,RESPOP_AV,F,Y_GE15,TOTAL,ALL,1,ALL,ALL,2019,1740,,,,,,,,ALL_N1,,,,,,,
IT1:DF_DCSS_ISTR_LAV_PEN_2_TV_3(1.0),A,087023,RESPOP_AV,F,Y_GE15,TOTAL,ALL,1,ALL,ALL,2021,1836,,,,,,,,ALL_N1,,,,,,,
IT1:DF_DCSS_ISTR_LAV_PEN_2_TV_3(1.0),A,087023,RESPOP_AV,F,Y_GE15,TOTAL,ALL,1,ALL,ALL,2022,1917,,,,,,,,ALL_N1,,,,,,,
IT1:DF_DCSS_ISTR_LAV_PEN_2_TV_3(1.0),A,087023,RESPOP_AV,F,Y_GE15,TOTAL,ALL,1,ALL,ALL,2023,1990,,,,,,,,ALL_N1,,,,,,,
IT1:DF_DCSS_ISTR_LAV_PEN_2_TV_3(1.0),A,087023,RESPOP_AV,F,Y_GE15,TOTAL,ALL,1,ALL,ALL,2024,2068,,,,,,,,ALL_N1,,,,,,,
IT1:DF_DCSS_ISTR_LAV_PEN_2_TV_3(1.0),A,087023,RESPOP_AV,F,Y_GE15,TOTAL,ALL,12,ALL,ALL,2018,838,,,,,,,,ALL_N1,,,,,,,
IT1:DF_DCSS_ISTR_LAV_PEN_2_TV_3(1.0),A,087023,RESPOP_AV,F,Y_GE15,TOTAL,ALL,12,ALL,ALL,2019,831,,,,,,,,ALL_N1,,,,,,,
IT1:DF_DCSS_ISTR_LAV_PEN_2_TV_3(1.0),A,087023,RESPOP_AV,F,Y_GE15,TOTAL,ALL,12,ALL,ALL,2021,403.910320089369,,,,,,,,ALL_N1,,,,,,,
IT1:DF_DCSS_ISTR_LAV_PEN_2_TV_3(1.0),A,087023,RESPOP_AV,F,Y_GE15,TOTAL,ALL,12,ALL,ALL,2022,567.738539505109,,,,,,,,ALL_N1,,,,,,,
IT1:DF_DCSS_ISTR_LAV_PEN_2_TV_3(1.0),A,087023,RESPOP_AV,F,Y_GE15,TOTAL,ALL,12,ALL,ALL,2023,507.1695552254658,,,,,,,,ALL_N1,,,,,,,
IT1:DF_DCSS_ISTR_LAV_PEN_2_TV_3(1.0),A,087023,RESPOP_AV,F,Y_GE15,TOTAL,ALL,12,ALL,ALL,2024,412.69135024455477,,,,,,,,ALL_N1,,,,,,,
IT1:DF_DCSS_ISTR_LAV_PEN_2_TV_3(1.0),A,087023,RESPOP_AV,F,Y_GE15,TOTAL,ALL,22,ALL,ALL,2018,2530,,,,,,,,ALL_N1,,,,,,,
IT1:DF_DCSS_ISTR_LAV_PEN_2_TV_3(1.0),A,087023,RESPOP_AV,F,Y_GE15,TOTAL,ALL,22,ALL,ALL,2019,2571,,,,,,,,ALL_N1,,,,,,,
IT1:DF_DCSS_ISTR_LAV_PEN_2_TV_3(1.0),A,087023,RESPOP_AV,F,Y_GE15,TOTAL,ALL,22,ALL,ALL,2021,2239.91032008937,,,,,,,,ALL_N1,,,,,,,
IT1:DF_DCSS_ISTR_LAV_PEN_2_TV_3(1.0),A,087023,RESPOP_AV,F,Y_GE15,TOTAL,ALL,22,ALL,ALL,2022,2484.73853950511,,,,,,,,ALL_N1,,,,,,,
IT1:DF_DCSS_ISTR_LAV_PEN_2_TV_3(1.0),A,087023,RESPOP_AV,F,Y_GE15,TOTAL,ALL,22,ALL,ALL,2023,2497.169555225466,,,,,,,,ALL_N1,,,,,,,
IT1:DF_DCSS_ISTR_LAV_PEN_2_TV_3(1.0),A,087023,RESPOP_AV,F,Y_GE15,TOTAL,ALL,22,ALL,ALL,2024,2480.6913502445545,,,,,,,,ALL_N1,,,,,,,
IT1:DF_DCSS_ISTR_LAV_PEN_2_TV_3(1.0),A,087023,RESPOP_AV,F,Y_GE15,TOTAL,ALL,23,ALL,ALL,2018,3533,,,,,,,,ALL_N1,,,,,,,
IT1:DF_DCSS_ISTR_LAV_PEN_2_TV_3(1.0),A,087023,RESPOP_AV,F,Y_GE15,TOTAL,ALL,23,ALL,ALL,2019,3494,,,,,,,,ALL_N1,,,,,,,
IT1:DF_DCSS_ISTR_LAV_PEN_2_TV_3(1.0),A,087023,RESPOP_AV,F,Y_GE15,TOTAL,ALL,23,ALL,ALL,2021,4036.08967991063,,,,,,,,ALL_N1,,,,,,,
IT1:DF_DCSS_ISTR_LAV_PEN_2_TV_3(1.0),A,087023,RESPOP_AV,F,Y_GE15,TOTAL,ALL,23,ALL,ALL,2022,3860.26146049489,,,,,,,,ALL_N1,,,,,,,
IT1:DF_DCSS_ISTR_LAV_PEN_2_TV_3(1.0),A,087023,RESPOP_AV,F,Y_GE15,TOTAL,ALL,23,ALL,ALL,2023,3854.830444774534,,,,,,,,ALL_N1,,,,,,,
IT1:DF_DCSS_ISTR_LAV_PEN_2_TV_3(1.0),A,087023,RESPOP_AV,F,Y_GE15,TOTAL,ALL,23,ALL,ALL,2024,3912.3086497554455,,,,,,,,ALL_N1,,,,,,,
IT1:DF_DCSS_ISTR_LAV_PEN_2_TV_3(1.0),A,087023,RESPOP_AV,F,Y_GE15,TOTAL,ALL,24,ALL,ALL,2018,803,,,,,,,,ALL_N1,,,,,,,
IT1:DF_DCSS_ISTR_LAV_PEN_2_TV_3(1.0),A,087023,RESPOP_AV,F,Y_GE15,TOTAL,ALL,24,ALL,ALL,2019,761,,,,,,,,ALL_N1,,,,,,,
IT1:DF_DCSS_ISTR_LAV_PEN_2_TV_3(1.0),A,087023,RESPOP_AV,F,Y_GE15,TOTAL,ALL,24,ALL,ALL,2021,902.057542063663,,,,,,,,ALL_N1,,,,,,,
IT1:DF_DCSS_ISTR_LAV_PEN_2_TV_3(1.0),A,087023,RESPOP_AV,F,Y_GE15,TOTAL,ALL,24,ALL,ALL,2022,845.272031387446,,,,,,,,ALL_N1,,,,,,,
IT1:DF_DCSS_ISTR_LAV_PEN_2_TV_3(1.0),A,087023,RESPOP_AV,F,Y_GE15,TOTAL,ALL,24,ALL,ALL,2023,915.9424653400971,,,,,,,,ALL_N1,,,,,,,
IT1:DF_DCSS_ISTR_LAV_PEN_2_TV_3(1.0),A,087023,RESPOP_AV,F,Y_GE15,TOTAL,ALL,24,ALL,ALL,2024,960.3712529106305,,,,,,,,ALL_N1,,,,,,,
IT1:DF_DCSS_ISTR_LAV_PEN_2_TV_3(1.0),A,087023,RESPOP_AV,F,Y_GE15,TOTAL,ALL,4,ALL,ALL,2018,1847,,,,,,,,ALL_N1,,,,,,,
IT1:DF_DCSS_ISTR_LAV_PEN_2_TV_3(1.0),A,087023,RESPOP_AV,F,Y_GE15,TOTAL,ALL,4,ALL,ALL,2019,1897,,,,,,,,ALL_N1,,,,,,,
IT1:DF_DCSS_ISTR_LAV_PEN_2_TV_3(1.0),A,087023,RESPOP_AV,F,Y_GE15,TOTAL,ALL,4,ALL,ALL,2021,2145.9358303181,,,,,,,,ALL_N1,,,,,,,
IT1:DF_DCSS_ISTR_LAV_PEN_2_TV_3(1.0),A,087023,RESPOP_AV,F,Y_GE15,TOTAL,ALL,4,ALL,ALL,2022,2026.02547111576,,,,,,,,ALL_N1,,,,,,,
IT1:DF_DCSS_ISTR_LAV_PEN_2_TV_3(1.0),A,087023,RESPOP_AV,F,Y_GE15,TOTAL,ALL,4,ALL,ALL,2023,1978.139359567923,,,,,,,,ALL_N1,,,,,,,
IT1:DF_DCSS_ISTR_LAV_PEN_2_TV_3(1.0),A,087023,RESPOP_AV,F,Y_GE15,TOTAL,ALL,4,ALL,ALL,2024,2004.6725843374545,,,,,,,,ALL_N1,,,,,,,
IT1:DF_DCSS_ISTR_LAV_PEN_2_TV_3(1.0),A,087023,RESPOP_AV,F,Y_GE15,TOTAL,ALL,5,ALL,ALL,2018,483,,,,,,,,ALL_N1,,,,,,,
IT1:DF_DCSS_ISTR_LAV_PEN_2_TV_3(1.0),A,087023,RESPOP_AV,F,Y_GE15,TOTAL,ALL,5,ALL,ALL,2019,469,,,,,,,,ALL_N1,,,,,,,
IT1:DF_DCSS_ISTR_LAV_PEN_2_TV_3(1.0),A,087023,RESPOP_AV,F,Y_GE15,TOTAL,ALL,5,ALL,ALL,2021,514.130559599034,,,,,,,,ALL_N1,,,,,,,
IT1:DF_DCSS_ISTR_LAV_PEN_2_TV_3(1.0),A,087023,RESPOP_AV,F,Y_GE15,TOTAL,ALL,5,ALL,ALL,2022,525.826121773162,,,,,,,,ALL_N1,,,,,,,
IT1:DF_DCSS_ISTR_LAV_PEN_2_TV_3(1.0),A,087023,RESPOP_AV,F,Y_GE15,TOTAL,ALL,5,ALL,ALL,2023,532.7686114560353,,,,,,,,ALL_N1,,,,,,,
IT1:DF_DCSS_ISTR_LAV_PEN_2_TV_3(1.0),A,087023,RESPOP_AV,F,Y_GE15,TOTAL,ALL,5,ALL,ALL,2024,538.0492433794587,,,,,,,,ALL_N1,,,,,,,
IT1:DF_DCSS_ISTR_LAV_PEN_2_TV_3(1.0),A,087023,RESPOP_AV,F,Y_GE15,TOTAL,ALL,7,ALL,ALL,2018,401,,,,,,,,ALL_N1,,,,,,,
IT1:DF_DCSS_ISTR_LAV_PEN_2_TV_3(1.0),A,087023,RESPOP_AV,F,Y_GE15,TOTAL,ALL,7,ALL,ALL,2019,367,,,,,,,,ALL_N1,,,,,,,
IT1:DF_DCSS_ISTR_LAV_PEN_2_TV_3(1.0),A,087023,RESPOP_AV,F,Y_GE15,TOTAL,ALL,7,ALL,ALL,2021,473.965747929839,,,,,,,,ALL_N1,,,,,,,
IT1:DF_DCSS_ISTR_LAV_PEN_2_TV_3(1.0),A,087023,RESPOP_AV,F,Y_GE15,TOTAL,ALL,7,ALL,ALL,2022,463.137836218523,,,,,,,,ALL_N1,,,,,,,
IT1:DF_DCSS_ISTR_LAV_PEN_2_TV_3(1.0),A,087023,RESPOP_AV,F,Y_GE15,TOTAL,ALL,7,ALL,ALL,2023,427.9800084104787,,,,,,,,ALL_N1,,,,,,,
IT1:DF_DCSS_ISTR_LAV_PEN_2_TV_3(1.0),A,087023,RESPOP_AV,F,Y_GE15,TOTAL,ALL,7,ALL,ALL,2024,409.21556912790163,,,,,,,,ALL_N1,,,,,,,
IT1:DF_DCSS_ISTR_LAV_PEN_2_TV_3(1.0),A,087023,RESPOP_AV,F,Y_GE15,TOTAL,ALL,99,ALL,ALL,2018,6063,,,,,,,,ALL_N1,99_N1,,,,,,
IT1:DF_DCSS_ISTR_LAV_PEN_2_TV_3(1.0),A,087023,RESPOP_AV,F,Y_GE15,TOTAL,ALL,99,ALL,ALL,2019,6065,,,,,,,,ALL_N1,99_N1,,,,,,
IT1:DF_DCSS_ISTR_LAV_PEN_2_TV_3(1.0),A,087023,RESPOP_AV,F,Y_GE15,TOTAL,ALL,99,ALL,ALL,2021,6276,,,,,,,,ALL_N1,99_N1,,,,,,
IT1:DF_DCSS_ISTR_LAV_PEN_2_TV_3(1.0),A,087023,RESPOP_AV,F,Y_GE15,TOTAL,ALL,99,ALL,ALL,2022,6345,,,,,,,,ALL_N1,99_N1,,,,,,
IT1:DF_DCSS_ISTR_LAV_PEN_2_TV_3(1.0),A,087023,RESPOP_AV,F,Y_GE15,TOTAL,ALL,99,ALL,ALL,2023,6352,,,,,,,,ALL_N1,99_N1,,,,,,
IT1:DF_DCSS_ISTR_LAV_PEN_2_TV_3(1.0),A,087023,RESPOP_AV,F,Y_GE15,TOTAL,ALL,99,ALL,ALL,2024,6393,,,,,,,,ALL_N1,99_N1,,,,,,
IT1:DF_DCSS_ISTR_LAV_PEN_2_TV_3(1.0),A,087023,RESPOP_AV,M,Y_GE15,TOTAL,ALL,1,ALL,ALL,2018,2739,,,,,,,,ALL_N1,,,,,,,
IT1:DF_DCSS_ISTR_LAV_PEN_2_TV_3(1.0),A,087023,RESPOP_AV,M,Y_GE15,TOTAL,ALL,1,ALL,ALL,2019,2784,,,,,,,,ALL_N1,,,,,,,
IT1:DF_DCSS_ISTR_LAV_PEN_2_TV_3(1.0),A,087023,RESPOP_AV,M,Y_GE15,TOTAL,ALL,1,ALL,ALL,2021,2787,,,,,,,,ALL_N1,,,,,,,
IT1:DF_DCSS_ISTR_LAV_PEN_2_TV_3(1.0),A,087023,RESPOP_AV,M,Y_GE15,TOTAL,ALL,1,ALL,ALL,2022,2907,,,,,,,,ALL_N1,,,,,,,
IT1:DF_DCSS_ISTR_LAV_PEN_2_TV_3(1.0),A,087023,RESPOP_AV,M,Y_GE15,TOTAL,ALL,1,ALL,ALL,2023,2998,,,,,,,,ALL_N1,,,,,,,
IT1:DF_DCSS_ISTR_LAV_PEN_2_TV_3(1.0),A,087023,RESPOP_AV,M,Y_GE15,TOTAL,ALL,1,ALL,ALL,2024,3104,,,,,,,,ALL_N1,,,,,,,
IT1:DF_DCSS_ISTR_LAV_PEN_2_TV_3(1.0),A,087023,RESPOP_AV,M,Y_GE15,TOTAL,ALL,12,ALL,ALL,2018,994,,,,,,,,ALL_N1,,,,,,,
IT1:DF_DCSS_ISTR_LAV_PEN_2_TV_3(1.0),A,087023,RESPOP_AV,M,Y_GE15,TOTAL,ALL,12,ALL,ALL,2019,980,,,,,,,,ALL_N1,,,,,,,
IT1:DF_DCSS_ISTR_LAV_PEN_2_TV_3(1.0),A,087023,RESPOP_AV,M,Y_GE15,TOTAL,ALL,12,ALL,ALL,2021,556.417268161704,,,,,,,,ALL_N1,,,,,,,
IT1:DF_DCSS_ISTR_LAV_PEN_2_TV_3(1.0),A,087023,RESPOP_AV,M,Y_GE15,TOTAL,ALL,12,ALL,ALL,2022,714.623797968516,,,,,,,,ALL_N1,,,,,,,
IT1:DF_DCSS_ISTR_LAV_PEN_2_TV_3(1.0),A,087023,RESPOP_AV,M,Y_GE15,TOTAL,ALL,12,ALL,ALL,2023,595.4329071452089,,,,,,,,ALL_N1,,,,,,,
IT1:DF_DCSS_ISTR_LAV_PEN_2_TV_3(1.0),A,087023,RESPOP_AV,M,Y_GE15,TOTAL,ALL,12,ALL,ALL,2024,496.3118194779176,,,,,,,,ALL_N1,,,,,,,
IT1:DF_DCSS_ISTR_LAV_PEN_2_TV_3(1.0),A,087023,RESPOP_AV,M,Y_GE15,TOTAL,ALL,22,ALL,ALL,2018,3733,,,,,,,,ALL_N1,,,,,,,
IT1:DF_DCSS_ISTR_LAV_PEN_2_TV_3(1.0),A,087023,RESPOP_AV,M,Y_GE15,TOTAL,ALL,22,ALL,ALL,2019,3764,,,,,,,,ALL_N1,,,,,,,
IT1:DF_DCSS_ISTR_LAV_PEN_2_TV_3(1.0),A,087023,RESPOP_AV,M,Y_GE15,TOTAL,ALL,22,ALL,ALL,2021,3343.4172681617,,,,,,,,ALL_N1,,,,,,,
IT1:DF_DCSS_ISTR_LAV_PEN_2_TV_3(1.0),A,087023,RESPOP_AV,M,Y_GE15,TOTAL,ALL,22,ALL,ALL,2022,3621.62379796852,,,,,,,,ALL_N1,,,,,,,
IT1:DF_DCSS_ISTR_LAV_PEN_2_TV_3(1.0),A,087023,RESPOP_AV,M,Y_GE15,TOTAL,ALL,22,ALL,ALL,2023,3593.432907145209,,,,,,,,ALL_N1,,,,,,,
IT1:DF_DCSS_ISTR_LAV_PEN_2_TV_3(1.0),A,087023,RESPOP_AV,M,Y_GE15,TOTAL,ALL,22,ALL,ALL,2024,3600.3118194779177,,,,,,,,ALL_N1,,,,,,,
IT1:DF_DCSS_ISTR_LAV_PEN_2_TV_3(1.0),A,087023,RESPOP_AV,M,Y_GE15,TOTAL,ALL,23,ALL,ALL,2018,2112,,,,,,,,ALL_N1,,,,,,,
IT1:DF_DCSS_ISTR_LAV_PEN_2_TV_3(1.0),A,087023,RESPOP_AV,M,Y_GE15,TOTAL,ALL,23,ALL,ALL,2019,2105,,,,,,,,ALL_N1,,,,,,,
IT1:DF_DCSS_ISTR_LAV_PEN_2_TV_3(1.0),A,087023,RESPOP_AV,M,Y_GE15,TOTAL,ALL,23,ALL,ALL,2021,2668.5827318383,,,,,,,,ALL_N1,,,,,,,
IT1:DF_DCSS_ISTR_LAV_PEN_2_TV_3(1.0),A,087023,RESPOP_AV,M,Y_GE15,TOTAL,ALL,23,ALL,ALL,2022,2414.37620203148,,,,,,,,ALL_N1,,,,,,,
IT1:DF_DCSS_ISTR_LAV_PEN_2_TV_3(1.0),A,087023,RESPOP_AV,M,Y_GE15,TOTAL,ALL,23,ALL,ALL,2023,2537.567092854791,,,,,,,,ALL_N1,,,,,,,
IT1:DF_DCSS_ISTR_LAV_PEN_2_TV_3(1.0),A,087023,RESPOP_AV,M,Y_GE15,TOTAL,ALL,23,ALL,ALL,2024,2510.6881805220823,,,,,,,,ALL_N1,,,,,,,
IT1:DF_DCSS_ISTR_LAV_PEN_2_TV_3(1.0),A,087023,RESPOP_AV,M,Y_GE15,TOTAL,ALL,24,ALL,ALL,2018,1012,,,,,,,,ALL_N1,,,,,,,
IT1:DF_DCSS_ISTR_LAV_PEN_2_TV_3(1.0),A,087023,RESPOP_AV,M,Y_GE15,TOTAL,ALL,24,ALL,ALL,2019,1019,,,,,,,,ALL_N1,,,,,,,
IT1:DF_DCSS_ISTR_LAV_PEN_2_TV_3(1.0),A,087023,RESPOP_AV,M,Y_GE15,TOTAL,ALL,24,ALL,ALL,2021,1187.01373381093,,,,,,,,ALL_N1,,,,,,,
IT1:DF_DCSS_ISTR_LAV_PEN_2_TV_3(1.0),A,087023,RESPOP_AV,M,Y_GE15,TOTAL,ALL,24,ALL,ALL,2022,1149.51901307095,,,,,,,,ALL_N1,,,,,,,
IT1:DF_DCSS_ISTR_LAV_PEN_2_TV_3(1.0),A,087023,RESPOP_AV,M,Y_GE15,TOTAL,ALL,24,ALL,ALL,2023,1254.5935129532595,,,,,,,,ALL_N1,,,,,,,
IT1:DF_DCSS_ISTR_LAV_PEN_2_TV_3(1.0),A,087023,RESPOP_AV,M,Y_GE15,TOTAL,ALL,24,ALL,ALL,2024,1312.1079914343468,,,,,,,,ALL_N1,,,,,,,
IT1:DF_DCSS_ISTR_LAV_PEN_2_TV_3(1.0),A,087023,RESPOP_AV,M,Y_GE15,TOTAL,ALL,4,ALL,ALL,2018,85,,,,,,,,ALL_N1,,,,,,,
IT1:DF_DCSS_ISTR_LAV_PEN_2_TV_3(1.0),A,087023,RESPOP_AV,M,Y_GE15,TOTAL,ALL,4,ALL,ALL,2019,99,,,,,,,,ALL_N1,,,,,,,
IT1:DF_DCSS_ISTR_LAV_PEN_2_TV_3(1.0),A,087023,RESPOP_AV,M,Y_GE15,TOTAL,ALL,4,ALL,ALL,2021,191.882148585394,,,,,,,,ALL_N1,,,,,,,
IT1:DF_DCSS_ISTR_LAV_PEN_2_TV_3(1.0),A,087023,RESPOP_AV,M,Y_GE15,TOTAL,ALL,4,ALL,ALL,2022,155.665613009968,,,,,,,,ALL_N1,,,,,,,
IT1:DF_DCSS_ISTR_LAV_PEN_2_TV_3(1.0),A,087023,RESPOP_AV,M,Y_GE15,TOTAL,ALL,4,ALL,ALL,2023,180.9971156906718,,,,,,,,ALL_N1,,,,,,,
IT1:DF_DCSS_ISTR_LAV_PEN_2_TV_3(1.0),A,087023,RESPOP_AV,M,Y_GE15,TOTAL,ALL,4,ALL,ALL,2024,159.67370094504494,,,,,,,,ALL_N1,,,,,,,
IT1:DF_DCSS_ISTR_LAV_PEN_2_TV_3(1.0),A,087023,RESPOP_AV,M,Y_GE15,TOTAL,ALL,5,ALL,ALL,2018,421,,,,,,,,ALL_N1,,,,,,,
IT1:DF_DCSS_ISTR_LAV_PEN_2_TV_3(1.0),A,087023,RESPOP_AV,M,Y_GE15,TOTAL,ALL,5,ALL,ALL,2019,426,,,,,,,,ALL_N1,,,,,,,
IT1:DF_DCSS_ISTR_LAV_PEN_2_TV_3(1.0),A,087023,RESPOP_AV,M,Y_GE15,TOTAL,ALL,5,ALL,ALL,2021,451.692192378313,,,,,,,,ALL_N1,,,,,,,
IT1:DF_DCSS_ISTR_LAV_PEN_2_TV_3(1.0),A,087023,RESPOP_AV,M,Y_GE15,TOTAL,ALL,5,ALL,ALL,2022,452.927695148438,,,,,,,,ALL_N1,,,,,,,
IT1:DF_DCSS_ISTR_LAV_PEN_2_TV_3(1.0),A,087023,RESPOP_AV,M,Y_GE15,TOTAL,ALL,5,ALL,ALL,2023,465.99972388883003,,,,,,,,ALL_N1,,,,,,,
IT1:DF_DCSS_ISTR_LAV_PEN_2_TV_3(1.0),A,087023,RESPOP_AV,M,Y_GE15,TOTAL,ALL,5,ALL,ALL,2024,431.8848892843382,,,,,,,,ALL_N1,,,,,,,
IT1:DF_DCSS_ISTR_LAV_PEN_2_TV_3(1.0),A,087023,RESPOP_AV,M,Y_GE15,TOTAL,ALL,7,ALL,ALL,2018,594,,,,,,,,ALL_N1,,,,,,,
IT1:DF_DCSS_ISTR_LAV_PEN_2_TV_3(1.0),A,087023,RESPOP_AV,M,Y_GE15,TOTAL,ALL,7,ALL,ALL,2019,562,,,,,,,,ALL_N1,,,,,,,
IT1:DF_DCSS_ISTR_LAV_PEN_2_TV_3(1.0),A,087023,RESPOP_AV,M,Y_GE15,TOTAL,ALL,7,ALL,ALL,2021,837.994657063658,,,,,,,,ALL_N1,,,,,,,
IT1:DF_DCSS_ISTR_LAV_PEN_2_TV_3(1.0),A,087023,RESPOP_AV,M,Y_GE15,TOTAL,ALL,7,ALL,ALL,2022,656.263880802133,,,,,,,,ALL_N1,,,,,,,
IT1:DF_DCSS_ISTR_LAV_PEN_2_TV_3(1.0),A,087023,RESPOP_AV,M,Y_GE15,TOTAL,ALL,7,ALL,ALL,2023,635.9767403220297,,,,,,,,ALL_N1,,,,,,,
IT1:DF_DCSS_ISTR_LAV_PEN_2_TV_3(1.0),A,087023,RESPOP_AV,M,Y_GE15,TOTAL,ALL,7,ALL,ALL,2024,607.0215988583525,,,,,,,,ALL_N1,,,,,,,
IT1:DF_DCSS_ISTR_LAV_PEN_2_TV_3(1.0),A,087023,RESPOP_AV,M,Y_GE15,TOTAL,ALL,99,ALL,ALL,2018,5845,,,,,,,,ALL_N1,99_N1,,,,,,
IT1:DF_DCSS_ISTR_LAV_PEN_2_TV_3(1.0),A,087023,RESPOP_AV,M,Y_GE15,TOTAL,ALL,99,ALL,ALL,2019,5869,,,,,,,,ALL_N1,99_N1,,,,,,
IT1:DF_DCSS_ISTR_LAV_PEN_2_TV_3(1.0),A,087023,RESPOP_AV,M,Y_GE15,TOTAL,ALL,99,ALL,ALL,2021,6012,,,,,,,,ALL_N1,99_N1,,,,,,
IT1:DF_DCSS_ISTR_LAV_PEN_2_TV_3(1.0),A,087023,RESPOP_AV,M,Y_GE15,TOTAL,ALL,99,ALL,ALL,2022,6036,,,,,,,,ALL_N1,99_N1,,,,,,
IT1:DF_DCSS_ISTR_LAV_PEN_2_TV_3(1.0),A,087023,RESPOP_AV,M,Y_GE15,TOTAL,ALL,99,ALL,ALL,2023,6131,,,,,,,,ALL_N1,99_N1,,,,,,
IT1:DF_DCSS_ISTR_LAV_PEN_2_TV_3(1.0),A,087023,RESPOP_AV,M,Y_GE15,TOTAL,ALL,99,ALL,ALL,2024,6111,,,,,,,,ALL_N1,99_N1,,,,,,
IT1:DF_DCSS_ISTR_LAV_PEN_2_TV_3(1.0),A,087023,RESPOP_AV,T,Y_GE15,TOTAL,ALL,1,ALL,ALL,2018,4431,,,,,,,,ALL_N1,,,,,,,
IT1:DF_DCSS_ISTR_LAV_PEN_2_TV_3(1.0),A,087023,RESPOP_AV,T,Y_GE15,TOTAL,ALL,1,ALL,ALL,2019,4524,,,,,,,,ALL_N1,,,,,,,
IT1:DF_DCSS_ISTR_LAV_PEN_2_TV_3(1.0),A,087023,RESPOP_AV,T,Y_GE15,TOTAL,ALL,1,ALL,ALL,2021,4623,,,,,,,,ALL_N1,,,,,,,
IT1:DF_DCSS_ISTR_LAV_PEN_2_TV_3(1.0),A,087023,RESPOP_AV,T,Y_GE15,TOTAL,ALL,1,ALL,ALL,2022,4824,,,,,,,,ALL_N1,,,,,,,
IT1:DF_DCSS_ISTR_LAV_PEN_2_TV_3(1.0),A,087023,RESPOP_AV,T,Y_GE15,TOTAL,ALL,1,ALL,ALL,2023,4988,,,,,,,,ALL_N1,,,,,,,
IT1:DF_DCSS_ISTR_LAV_PEN_2_TV_3(1.0),A,087023,RESPOP_AV,T,Y_GE15,TOTAL,ALL,1,ALL,ALL,2024,5172,,,,,,,,ALL_N1,,,,,,,
IT1:DF_DCSS_ISTR_LAV_PEN_2_TV_3(1.0),A,087023,RESPOP_AV,T,Y_GE15,TOTAL,ALL,12,ALL,ALL,2018,1832,,,,,,,,ALL_N1,,,,,,,
IT1:DF_DCSS_ISTR_LAV_PEN_2_TV_3(1.0),A,087023,RESPOP_AV,T,Y_GE15,TOTAL,ALL,12,ALL,ALL,2019,1811,,,,,,,,ALL_N1,,,,,,,
IT1:DF_DCSS_ISTR_LAV_PEN_2_TV_3(1.0),A,087023,RESPOP_AV,T,Y_GE15,TOTAL,ALL,12,ALL,ALL,2021,960.327588251072,,,,,,,,ALL_N1,,,,,,,
IT1:DF_DCSS_ISTR_LAV_PEN_2_TV_3(1.0),A,087023,RESPOP_AV,T,Y_GE15,TOTAL,ALL,12,ALL,ALL,2022,1282.36233747362,,,,,,,,ALL_N1,,,,,,,
IT1:DF_DCSS_ISTR_LAV_PEN_2_TV_3(1.0),A,087023,RESPOP_AV,T,Y_GE15,TOTAL,ALL,12,ALL,ALL,2023,1102.6024623706746,,,,,,,,ALL_N1,,,,,,,
IT1:DF_DCSS_ISTR_LAV_PEN_2_TV_3(1.0),A,087023,RESPOP_AV,T,Y_GE15,TOTAL,ALL,12,ALL,ALL,2024,909.0031697224724,,,,,,,,ALL_N1,,,,,,,
IT1:DF_DCSS_ISTR_LAV_PEN_2_TV_3(1.0),A,087023,RESPOP_AV,T,Y_GE15,TOTAL,ALL,22,ALL,ALL,2018,6263,,,,,,,,ALL_N1,,,,,,,
IT1:DF_DCSS_ISTR_LAV_PEN_2_TV_3(1.0),A,087023,RESPOP_AV,T,Y_GE15,TOTAL,ALL,22,ALL,ALL,2019,6335,,,,,,,,ALL_N1,,,,,,,
IT1:DF_DCSS_ISTR_LAV_PEN_2_TV_3(1.0),A,087023,RESPOP_AV,T,Y_GE15,TOTAL,ALL,22,ALL,ALL,2021,5583.32758825107,,,,,,,,ALL_N1,,,,,,,
IT1:DF_DCSS_ISTR_LAV_PEN_2_TV_3(1.0),A,087023,RESPOP_AV,T,Y_GE15,TOTAL,ALL,22,ALL,ALL,2022,6106.36233747362,,,,,,,,ALL_N1,,,,,,,
IT1:DF_DCSS_ISTR_LAV_PEN_2_TV_3(1.0),A,087023,RESPOP_AV,T,Y_GE15,TOTAL,ALL,22,ALL,ALL,2023,6090.602462370674,,,,,,,,ALL_N1,,,,,,,
IT1:DF_DCSS_ISTR_LAV_PEN_2_TV_3(1.0),A,087023,RESPOP_AV,T,Y_GE15,TOTAL,ALL,22,ALL,ALL,2024,6081.003169722472,,,,,,,,ALL_N1,,,,,,,
IT1:DF_DCSS_ISTR_LAV_PEN_2_TV_3(1.0),A,087023,RESPOP_AV,T,Y_GE15,TOTAL,ALL,23,ALL,ALL,2018,5645,,,,,,,,ALL_N1,,,,,,,
IT1:DF_DCSS_ISTR_LAV_PEN_2_TV_3(1.0),A,087023,RESPOP_AV,T,Y_GE15,TOTAL,ALL,23,ALL,ALL,2019,5599,,,,,,,,ALL_N1,,,,,,,
IT1:DF_DCSS_ISTR_LAV_PEN_2_TV_3(1.0),A,087023,RESPOP_AV,T,Y_GE15,TOTAL,ALL,23,ALL,ALL,2021,6704.67241174893,,,,,,,,ALL_N1,,,,,,,
IT1:DF_DCSS_ISTR_LAV_PEN_2_TV_3(1.0),A,087023,RESPOP_AV,T,Y_GE15,TOTAL,ALL,23,ALL,ALL,2022,6274.63766252637,,,,,,,,ALL_N1,,,,,,,
IT1:DF_DCSS_ISTR_LAV_PEN_2_TV_3(1.0),A,087023,RESPOP_AV,T,Y_GE15,TOTAL,ALL,23,ALL,ALL,2023,6392.397537629326,,,,,,,,ALL_N1,,,,,,,
IT1:DF_DCSS_ISTR_LAV_PEN_2_TV_3(1.0),A,087023,RESPOP_AV,T,Y_GE15,TOTAL,ALL,23,ALL,ALL,2024,6422.996830277528,,,,,,,,ALL_N1,,,,,,,
IT1:DF_DCSS_ISTR_LAV_PEN_2_TV_3(1.0),A,087023,RESPOP_AV,T,Y_GE15,TOTAL,ALL,24,ALL,ALL,2018,1815,,,,,,,,ALL_N1,,,,,,,
IT1:DF_DCSS_ISTR_LAV_PEN_2_TV_3(1.0),A,087023,RESPOP_AV,T,Y_GE15,TOTAL,ALL,24,ALL,ALL,2019,1780,,,,,,,,ALL_N1,,,,,,,
IT1:DF_DCSS_ISTR_LAV_PEN_2_TV_3(1.0),A,087023,RESPOP_AV,T,Y_GE15,TOTAL,ALL,24,ALL,ALL,2021,2089.07127587459,,,,,,,,ALL_N1,,,,,,,
IT1:DF_DCSS_ISTR_LAV_PEN_2_TV_3(1.0),A,087023,RESPOP_AV,T,Y_GE15,TOTAL,ALL,24,ALL,ALL,2022,1994.79104445839,,,,,,,,ALL_N1,,,,,,,
IT1:DF_DCSS_ISTR_LAV_PEN_2_TV_3(1.0),A,087023,RESPOP_AV,T,Y_GE15,TOTAL,ALL,24,ALL,ALL,2023,2170.5359782933565,,,,,,,,ALL_N1,,,,,,,
IT1:DF_DCSS_ISTR_LAV_PEN_2_TV_3(1.0),A,087023,RESPOP_AV,T,Y_GE15,TOTAL,ALL,24,ALL,ALL,2024,2272.4792443449774,,,,,,,,ALL_N1,,,,,,,
IT1:DF_DCSS_ISTR_LAV_PEN_2_TV_3(1.0),A,087023,RESPOP_AV,T,Y_GE15,TOTAL,ALL,4,ALL,ALL,2018,1932,,,,,,,,ALL_N1,,,,,,,
IT1:DF_DCSS_ISTR_LAV_PEN_2_TV_3(1.0),A,087023,RESPOP_AV,T,Y_GE15,TOTAL,ALL,4,ALL,ALL,2019,1996,,,,,,,,ALL_N1,,,,,,,
IT1:DF_DCSS_ISTR_LAV_PEN_2_TV_3(1.0),A,087023,RESPOP_AV,T,Y_GE15,TOTAL,ALL,4,ALL,ALL,2021,2337.81797890349,,,,,,,,ALL_N1,,,,,,,
IT1:DF_DCSS_ISTR_LAV_PEN_2_TV_3(1.0),A,087023,RESPOP_AV,T,Y_GE15,TOTAL,ALL,4,ALL,ALL,2022,2181.69108412573,,,,,,,,ALL_N1,,,,,,,
IT1:DF_DCSS_ISTR_LAV_PEN_2_TV_3(1.0),A,087023,RESPOP_AV,T,Y_GE15,TOTAL,ALL,4,ALL,ALL,2023,2159.1364752585946,,,,,,,,ALL_N1,,,,,,,
IT1:DF_DCSS_ISTR_LAV_PEN_2_TV_3(1.0),A,087023,RESPOP_AV,T,Y_GE15,TOTAL,ALL,4,ALL,ALL,2024,2164.3462852824996,,,,,,,,ALL_N1,,,,,,,
IT1:DF_DCSS_ISTR_LAV_PEN_2_TV_3(1.0),A,087023,RESPOP_AV,T,Y_GE15,TOTAL,ALL,5,ALL,ALL,2018,904,,,,,,,,ALL_N1,,,,,,,
IT1:DF_DCSS_ISTR_LAV_PEN_2_TV_3(1.0),A,087023,RESPOP_AV,T,Y_GE15,TOTAL,ALL,5,ALL,ALL,2019,895,,,,,,,,ALL_N1,,,,,,,
IT1:DF_DCSS_ISTR_LAV_PEN_2_TV_3(1.0),A,087023,RESPOP_AV,T,Y_GE15,TOTAL,ALL,5,ALL,ALL,2021,965.822751977346,,,,,,,,ALL_N1,,,,,,,
IT1:DF_DCSS_ISTR_LAV_PEN_2_TV_3(1.0),A,087023,RESPOP_AV,T,Y_GE15,TOTAL,ALL,5,ALL,ALL,2022,978.7538169216,,,,,,,,ALL_N1,,,,,,,
IT1:DF_DCSS_ISTR_LAV_PEN_2_TV_3(1.0),A,087023,RESPOP_AV,T,Y_GE15,TOTAL,ALL,5,ALL,ALL,2023,998.7683353448654,,,,,,,,ALL_N1,,,,,,,
IT1:DF_DCSS_ISTR_LAV_PEN_2_TV_3(1.0),A,087023,RESPOP_AV,T,Y_GE15,TOTAL,ALL,5,ALL,ALL,2024,969.9341326637971,,,,,,,,ALL_N1,,,,,,,
IT1:DF_DCSS_ISTR_LAV_PEN_2_TV_3(1.0),A,087023,RESPOP_AV,T,Y_GE15,TOTAL,ALL,7,ALL,ALL,2018,995,,,,,,,,ALL_N1,,,,,,,
IT1:DF_DCSS_ISTR_LAV_PEN_2_TV_3(1.0),A,087023,RESPOP_AV,T,Y_GE15,TOTAL,ALL,7,ALL,ALL,2019,929,,,,,,,,ALL_N1,,,,,,,
IT1:DF_DCSS_ISTR_LAV_PEN_2_TV_3(1.0),A,087023,RESPOP_AV,T,Y_GE15,TOTAL,ALL,7,ALL,ALL,2021,1311.9604049935,,,,,,,,ALL_N1,,,,,,,
IT1:DF_DCSS_ISTR_LAV_PEN_2_TV_3(1.0),A,087023,RESPOP_AV,T,Y_GE15,TOTAL,ALL,7,ALL,ALL,2022,1119.40171702066,,,,,,,,ALL_N1,,,,,,,
IT1:DF_DCSS_ISTR_LAV_PEN_2_TV_3(1.0),A,087023,RESPOP_AV,T,Y_GE15,TOTAL,ALL,7,ALL,ALL,2023,1063.9567487325085,,,,,,,,ALL_N1,,,,,,,
IT1:DF_DCSS_ISTR_LAV_PEN_2_TV_3(1.0),A,087023,RESPOP_AV,T,Y_GE15,TOTAL,ALL,7,ALL,ALL,2024,1016.2371679862541,,,,,,,,ALL_N1,,,,,,,
IT1:DF_DCSS_ISTR_LAV_PEN_2_TV_3(1.0),A,087023,RESPOP_AV,T,Y_GE15,TOTAL,ALL,99,ALL,ALL,2018,11908,,,,,,,,ALL_N1,99_N1,,,,,,
IT1:DF_DCSS_ISTR_LAV_PEN_2_TV_3(1.0),A,087023,RESPOP_AV,T,Y_GE15,TOTAL,ALL,99,ALL,ALL,2019,11934,,,,,,,,ALL_N1,99_N1,,,,,,
IT1:DF_DCSS_ISTR_LAV_PEN_2_TV_3(1.0),A,087023,RESPOP_AV,T,Y_GE15,TOTAL,ALL,99,ALL,ALL,2021,12288,,,,,,,,ALL_N1,99_N1,,,,,,
IT1:DF_DCSS_ISTR_LAV_PEN_2_TV_3(1.0),A,087023,RESPOP_AV,T,Y_GE15,TOTAL,ALL,99,ALL,ALL,2022,12381,,,,,,,,ALL_N1,99_N1,,,,,,
IT1:DF_DCSS_ISTR_LAV_PEN_2_TV_3(1.0),A,087023,RESPOP_AV,T,Y_GE15,TOTAL,ALL,99,ALL,ALL,2023,12483,,,,,,,,ALL_N1,99_N1,,,,,,
IT1:DF_DCSS_ISTR_LAV_PEN_2_TV_3(1.0),A,087023,RESPOP_AV,T,Y_GE15,TOTAL,ALL,99,ALL,ALL,2024,12504,,,,,,,,ALL_N1,99_N1,,,,,,
IT1:DF_DCSS_ISTR_LAV_PEN_2_TV_3(1.0),A,087024,RESPOP_AV,F,Y_GE15,TOTAL,ALL,1,ALL,ALL,2018,3845,,,,,,,,ALL_N1,,,,,,,
IT1:DF_DCSS_ISTR_LAV_PEN_2_TV_3(1.0),A,087024,RESPOP_AV,F,Y_GE15,TOTAL,ALL,1,ALL,ALL,2019,3922,,,,,,,,ALL_N1,,,,,,,
IT1:DF_DCSS_ISTR_LAV_PEN_2_TV_3(1.0),A,087024,RESPOP_AV,F,Y_GE15,TOTAL,ALL,1,ALL,ALL,2021,4241,,,,,,,,ALL_N1,,,,,,,
IT1:DF_DCSS_ISTR_LAV_PEN_2_TV_3(1.0),A,087024,RESPOP_AV,F,Y_GE15,TOTAL,ALL,1,ALL,ALL,2022,4395,,,,,,,,ALL_N1,,,,,,,
IT1:DF_DCSS_ISTR_LAV_PEN_2_TV_3(1.0),A,087024,RESPOP_AV,F,Y_GE15,TOTAL,ALL,1,ALL,ALL,2023,4583,,,,,,,,ALL_N1,,,,,,,
IT1:DF_DCSS_ISTR_LAV_PEN_2_TV_3(1.0),A,087024,RESPOP_AV,F,Y_GE15,TOTAL,ALL,1,ALL,ALL,2024,4716,,,,,,,,ALL_N1,,,,,,,
IT1:DF_DCSS_ISTR_LAV_PEN_2_TV_3(1.0),A,087024,RESPOP_AV,F,Y_GE15,TOTAL,ALL,12,ALL,ALL,2018,1732,,,,,,,,ALL_N1,,,,,,,
IT1:DF_DCSS_ISTR_LAV_PEN_2_TV_3(1.0),A,087024,RESPOP_AV,F,Y_GE15,TOTAL,ALL,12,ALL,ALL,2019,1595,,,,,,,,ALL_N1,,,,,,,
IT1:DF_DCSS_ISTR_LAV_PEN_2_TV_3(1.0),A,087024,RESPOP_AV,F,Y_GE15,TOTAL,ALL,12,ALL,ALL,2021,976.417245011184,,,,,,,,ALL_N1,,,,,,,
IT1:DF_DCSS_ISTR_LAV_PEN_2_TV_3(1.0),A,087024,RESPOP_AV,F,Y_GE15,TOTAL,ALL,12,ALL,ALL,2022,1152.90084657307,,,,,,,,ALL_N1,,,,,,,
IT1:DF_DCSS_ISTR_LAV_PEN_2_TV_3(1.0),A,087024,RESPOP_AV,F,Y_GE15,TOTAL,ALL,12,ALL,ALL,2023,847.8877554028624,,,,,,,,ALL_N1,,,,,,,
IT1:DF_DCSS_ISTR_LAV_PEN_2_TV_3(1.0),A,087024,RESPOP_AV,F,Y_GE15,TOTAL,ALL,12,ALL,ALL,2024,879.9594320174837,,,,,,,,ALL_N1,,,,,,,
IT1:DF_DCSS_ISTR_LAV_PEN_2_TV_3(1.0),A,087024,RESPOP_AV,F,Y_GE15,TOTAL,ALL,22,ALL,ALL,2018,5577,,,,,,,,ALL_N1,,,,,,,
IT1:DF_DCSS_ISTR_LAV_PEN_2_TV_3(1.0),A,087024,RESPOP_AV,F,Y_GE15,TOTAL,ALL,22,ALL,ALL,2019,5517,,,,,,,,ALL_N1,,,,,,,
IT1:DF_DCSS_ISTR_LAV_PEN_2_TV_3(1.0),A,087024,RESPOP_AV,F,Y_GE15,TOTAL,ALL,22,ALL,ALL,2021,5217.41724501118,,,,,,,,ALL_N1,,,,,,,
IT1:DF_DCSS_ISTR_LAV_PEN_2_TV_3(1.0),A,087024,RESPOP_AV,F,Y_GE15,TOTAL,ALL,22,ALL,ALL,2022,5547.90084657307,,,,,,,,ALL_N1,,,,,,,
IT1:DF_DCSS_ISTR_LAV_PEN_2_TV_3(1.0),A,087024,RESPOP_AV,F,Y_GE15,TOTAL,ALL,22,ALL,ALL,2023,5430.887755402862,,,,,,,,ALL_N1,,,,,,,
IT1:DF_DCSS_ISTR_LAV_PEN_2_TV_3(1.0),A,087024,RESPOP_AV,F,Y_GE15,TOTAL,ALL,22,ALL,ALL,2024,5595.959432017484,,,,,,,,ALL_N1,,,,,,,
IT1:DF_DCSS_ISTR_LAV_PEN_2_TV_3(1.0),A,087024,RESPOP_AV,F,Y_GE15,TOTAL,ALL,23,ALL,ALL,2018,7723,,,,,,,,ALL_N1,,,,,,,
IT1:DF_DCSS_ISTR_LAV_PEN_2_TV_3(1.0),A,087024,RESPOP_AV,F,Y_GE15,TOTAL,ALL,23,ALL,ALL,2019,7795,,,,,,,,ALL_N1,,,,,,,
IT1:DF_DCSS_ISTR_LAV_PEN_2_TV_3(1.0),A,087024,RESPOP_AV,F,Y_GE15,TOTAL,ALL,23,ALL,ALL,2021,8731.58275498881,,,,,,,,ALL_N1,,,,,,,
IT1:DF_DCSS_ISTR_LAV_PEN_2_TV_3(1.0),A,087024,RESPOP_AV,F,Y_GE15,TOTAL,ALL,23,ALL,ALL,2022,8479.09915342693,,,,,,,,ALL_N1,,,,,,,
IT1:DF_DCSS_ISTR_LAV_PEN_2_TV_3(1.0),A,087024,RESPOP_AV,F,Y_GE15,TOTAL,ALL,23,ALL,ALL,2023,8666.112244597138,,,,,,,,ALL_N1,,,,,,,
IT1:DF_DCSS_ISTR_LAV_PEN_2_TV_3(1.0),A,087024,RESPOP_AV,F,Y_GE15,TOTAL,ALL,23,ALL,ALL,2024,8613.040567982518,,,,,,,,ALL_N1,,,,,,,
IT1:DF_DCSS_ISTR_LAV_PEN_2_TV_3(1.0),A,087024,RESPOP_AV,F,Y_GE15,TOTAL,ALL,24,ALL,ALL,2018,1529,,,,,,,,ALL_N1,,,,,,,
IT1:DF_DCSS_ISTR_LAV_PEN_2_TV_3(1.0),A,087024,RESPOP_AV,F,Y_GE15,TOTAL,ALL,24,ALL,ALL,2019,1532,,,,,,,,ALL_N1,,,,,,,
IT1:DF_DCSS_ISTR_LAV_PEN_2_TV_3(1.0),A,087024,RESPOP_AV,F,Y_GE15,TOTAL,ALL,24,ALL,ALL,2021,1804.454547896,,,,,,,,ALL_N1,,,,,,,
IT1:DF_DCSS_ISTR_LAV_PEN_2_TV_3(1.0),A,087024,RESPOP_AV,F,Y_GE15,TOTAL,ALL,24,ALL,ALL,2022,1744.56893131309,,,,,,,,ALL_N1,,,,,,,
IT1:DF_DCSS_ISTR_LAV_PEN_2_TV_3(1.0),A,087024,RESPOP_AV,F,Y_GE15,TOTAL,ALL,24,ALL,ALL,2023,1860.4021272466236,,,,,,,,ALL_N1,,,,,,,
IT1:DF_DCSS_ISTR_LAV_PEN_2_TV_3(1.0),A,087024,RESPOP_AV,F,Y_GE15,TOTAL,ALL,24,ALL,ALL,2024,1961.099572074345,,,,,,,,ALL_N1,,,,,,,
IT1:DF_DCSS_ISTR_LAV_PEN_2_TV_3(1.0),A,087024,RESPOP_AV,F,Y_GE15,TOTAL,ALL,4,ALL,ALL,2018,4158,,,,,,,,ALL_N1,,,,,,,
IT1:DF_DCSS_ISTR_LAV_PEN_2_TV_3(1.0),A,087024,RESPOP_AV,F,Y_GE15,TOTAL,ALL,4,ALL,ALL,2019,4327,,,,,,,,ALL_N1,,,,,,,
IT1:DF_DCSS_ISTR_LAV_PEN_2_TV_3(1.0),A,087024,RESPOP_AV,F,Y_GE15,TOTAL,ALL,4,ALL,ALL,2021,4552.71141360133,,,,,,,,ALL_N1,,,,,,,
IT1:DF_DCSS_ISTR_LAV_PEN_2_TV_3(1.0),A,087024,RESPOP_AV,F,Y_GE15,TOTAL,ALL,4,ALL,ALL,2022,4415.15876458743,,,,,,,,ALL_N1,,,,,,,
IT1:DF_DCSS_ISTR_LAV_PEN_2_TV_3(1.0),A,087024,RESPOP_AV,F,Y_GE15,TOTAL,ALL,4,ALL,ALL,2023,4441.031873642517,,,,,,,,ALL_N1,,,,,,,
IT1:DF_DCSS_ISTR_LAV_PEN_2_TV_3(1.0),A,087024,RESPOP_AV,F,Y_GE15,TOTAL,ALL,4,ALL,ALL,2024,4420.002446232555,,,,,,,,ALL_N1,,,,,,,
IT1:DF_DCSS_ISTR_LAV_PEN_2_TV_3(1.0),A,087024,RESPOP_AV,F,Y_GE15,TOTAL,ALL,5,ALL,ALL,2018,1233,,,,,,,,ALL_N1,,,,,,,
IT1:DF_DCSS_ISTR_LAV_PEN_2_TV_3(1.0),A,087024,RESPOP_AV,F,Y_GE15,TOTAL,ALL,5,ALL,ALL,2019,1263,,,,,,,,ALL_N1,,,,,,,
IT1:DF_DCSS_ISTR_LAV_PEN_2_TV_3(1.0),A,087024,RESPOP_AV,F,Y_GE15,TOTAL,ALL,5,ALL,ALL,2021,1428.56541619135,,,,,,,,ALL_N1,,,,,,,
IT1:DF_DCSS_ISTR_LAV_PEN_2_TV_3(1.0),A,087024,RESPOP_AV,F,Y_GE15,TOTAL,ALL,5,ALL,ALL,2022,1436.43941051262,,,,,,,,ALL_N1,,,,,,,
IT1:DF_DCSS_ISTR_LAV_PEN_2_TV_3(1.0),A,087024,RESPOP_AV,F,Y_GE15,TOTAL,ALL,5,ALL,ALL,2023,1498.368853962237,,,,,,,,ALL_N1,,,,,,,
IT1:DF_DCSS_ISTR_LAV_PEN_2_TV_3(1.0),A,087024,RESPOP_AV,F,Y_GE15,TOTAL,ALL,5,ALL,ALL,2024,1447.606576625343,,,,,,,,ALL_N1,,,,,,,
IT1:DF_DCSS_ISTR_LAV_PEN_2_TV_3(1.0),A,087024,RESPOP_AV,F,Y_GE15,TOTAL,ALL,7,ALL,ALL,2018,803,,,,,,,,ALL_N1,,,,,,,
IT1:DF_DCSS_ISTR_LAV_PEN_2_TV_3(1.0),A,087024,RESPOP_AV,F,Y_GE15,TOTAL,ALL,7,ALL,ALL,2019,674,,,,,,,,ALL_N1,,,,,,,
IT1:DF_DCSS_ISTR_LAV_PEN_2_TV_3(1.0),A,087024,RESPOP_AV,F,Y_GE15,TOTAL,ALL,7,ALL,ALL,2021,945.851377300133,,,,,,,,ALL_N1,,,,,,,
IT1:DF_DCSS_ISTR_LAV_PEN_2_TV_3(1.0),A,087024,RESPOP_AV,F,Y_GE15,TOTAL,ALL,7,ALL,ALL,2022,882.93204701378,,,,,,,,ALL_N1,,,,,,,
IT1:DF_DCSS_ISTR_LAV_PEN_2_TV_3(1.0),A,087024,RESPOP_AV,F,Y_GE15,TOTAL,ALL,7,ALL,ALL,2023,866.3093897457602,,,,,,,,ALL_N1,,,,,,,
IT1:DF_DCSS_ISTR_LAV_PEN_2_TV_3(1.0),A,087024,RESPOP_AV,F,Y_GE15,TOTAL,ALL,7,ALL,ALL,2024,784.3319730502753,,,,,,,,ALL_N1,,,,,,,
IT1:DF_DCSS_ISTR_LAV_PEN_2_TV_3(1.0),A,087024,RESPOP_AV,F,Y_GE15,TOTAL,ALL,99,ALL,ALL,2018,13299,,,,,,,,ALL_N1,99_N1,,,,,,
IT1:DF_DCSS_ISTR_LAV_PEN_2_TV_3(1.0),A,087024,RESPOP_AV,F,Y_GE15,TOTAL,ALL,99,ALL,ALL,2019,13312,,,,,,,,ALL_N1,99_N1,,,,,,
IT1:DF_DCSS_ISTR_LAV_PEN_2_TV_3(1.0),A,087024,RESPOP_AV,F,Y_GE15,TOTAL,ALL,99,ALL,ALL,2021,13949,,,,,,,,ALL_N1,99_N1,,,,,,
IT1:DF_DCSS_ISTR_LAV_PEN_2_TV_3(1.0),A,087024,RESPOP_AV,F,Y_GE15,TOTAL,ALL,99,ALL,ALL,2022,14027,,,,,,,,ALL_N1,99_N1,,,,,,
IT1:DF_DCSS_ISTR_LAV_PEN_2_TV_3(1.0),A,087024,RESPOP_AV,F,Y_GE15,TOTAL,ALL,99,ALL,ALL,2023,14097,,,,,,,,ALL_N1,99_N1,,,,,,
IT1:DF_DCSS_ISTR_LAV_PEN_2_TV_3(1.0),A,087024,RESPOP_AV,F,Y_GE15,TOTAL,ALL,99,ALL,ALL,2024,14209.000000000002,,,,,,,,ALL_N1,99_N1,,,,,,
IT1:DF_DCSS_ISTR_LAV_PEN_2_TV_3(1.0),A,087024,RESPOP_AV,M,Y_GE15,TOTAL,ALL,1,ALL,ALL,2018,6238,,,,,,,,ALL_N1,,,,,,,
IT1:DF_DCSS_ISTR_LAV_PEN_2_TV_3(1.0),A,087024,RESPOP_AV,M,Y_GE15,TOTAL,ALL,1,ALL,ALL,2019,6305,,,,,,,,ALL_N1,,,,,,,
IT1:DF_DCSS_ISTR_LAV_PEN_2_TV_3(1.0),A,087024,RESPOP_AV,M,Y_GE15,TOTAL,ALL,1,ALL,ALL,2021,6752,,,,,,,,ALL_N1,,,,,,,
IT1:DF_DCSS_ISTR_LAV_PEN_2_TV_3(1.0),A,087024,RESPOP_AV,M,Y_GE15,TOTAL,ALL,1,ALL,ALL,2022,6841,,,,,,,,ALL_N1,,,,,,,
IT1:DF_DCSS_ISTR_LAV_PEN_2_TV_3(1.0),A,087024,RESPOP_AV,M,Y_GE15,TOTAL,ALL,1,ALL,ALL,2023,6987,,,,,,,,ALL_N1,,,,,,,
IT1:DF_DCSS_ISTR_LAV_PEN_2_TV_3(1.0),A,087024,RESPOP_AV,M,Y_GE15,TOTAL,ALL,1,ALL,ALL,2024,7119,,,,,,,,ALL_N1,,,,,,,
IT1:DF_DCSS_ISTR_LAV_PEN_2_TV_3(1.0),A,087024,RESPOP_AV,M,Y_GE15,TOTAL,ALL,12,ALL,ALL,2018,1794,,,,,,,,ALL_N1,,,,,,,
IT1:DF_DCSS_ISTR_LAV_PEN_2_TV_3(1.0),A,087024,RESPOP_AV,M,Y_GE15,TOTAL,ALL,12,ALL,ALL,2019,1692,,,,,,,,ALL_N1,,,,,,,
IT1:DF_DCSS_ISTR_LAV_PEN_2_TV_3(1.0),A,087024,RESPOP_AV,M,Y_GE15,TOTAL,ALL,12,ALL,ALL,2021,1054.12941967138,,,,,,,,ALL_N1,,,,,,,
IT1:DF_DCSS_ISTR_LAV_PEN_2_TV_3(1.0),A,087024,RESPOP_AV,M,Y_GE15,TOTAL,ALL,12,ALL,ALL,2022,1209.67166393082,,,,,,,,ALL_N1,,,,,,,
IT1:DF_DCSS_ISTR_LAV_PEN_2_TV_3(1.0),A,087024,RESPOP_AV,M,Y_GE15,TOTAL,ALL,12,ALL,ALL,2023,866.5940667156091,,,,,,,,ALL_N1,,,,,,,
IT1:DF_DCSS_ISTR_LAV_PEN_2_TV_3(1.0),A,087024,RESPOP_AV,M,Y_GE15,TOTAL,ALL,12,ALL,ALL,2024,911.2244013103635,,,,,,,,ALL_N1,,,,,,,
IT1:DF_DCSS_ISTR_LAV_PEN_2_TV_3(1.0),A,087024,RESPOP_AV,M,Y_GE15,TOTAL,ALL,22,ALL,ALL,2018,8032,,,,,,,,ALL_N1,,,,,,,
IT1:DF_DCSS_ISTR_LAV_PEN_2_TV_3(1.0),A,087024,RESPOP_AV,M,Y_GE15,TOTAL,ALL,22,ALL,ALL,2019,7997,,,,,,,,ALL_N1,,,,,,,
IT1:DF_DCSS_ISTR_LAV_PEN_2_TV_3(1.0),A,087024,RESPOP_AV,M,Y_GE15,TOTAL,ALL,22,ALL,ALL,2021,7806.12941967138,,,,,,,,ALL_N1,,,,,,,
IT1:DF_DCSS_ISTR_LAV_PEN_2_TV_3(1.0),A,087024,RESPOP_AV,M,Y_GE15,TOTAL,ALL,22,ALL,ALL,2022,8050.67166393082,,,,,,,,ALL_N1,,,,,,,
IT1:DF_DCSS_ISTR_LAV_PEN_2_TV_3(1.0),A,087024,RESPOP_AV,M,Y_GE15,TOTAL,ALL,22,ALL,ALL,2023,7853.594066715609,,,,,,,,ALL_N1,,,,,,,
IT1:DF_DCSS_ISTR_LAV_PEN_2_TV_3(1.0),A,087024,RESPOP_AV,M,Y_GE15,TOTAL,ALL,22,ALL,ALL,2024,8030.224401310364,,,,,,,,ALL_N1,,,,,,,
IT1:DF_DCSS_ISTR_LAV_PEN_2_TV_3(1.0),A,087024,RESPOP_AV,M,Y_GE15,TOTAL,ALL,23,ALL,ALL,2018,4482,,,,,,,,ALL_N1,,,,,,,
IT1:DF_DCSS_ISTR_LAV_PEN_2_TV_3(1.0),A,087024,RESPOP_AV,M,Y_GE15,TOTAL,ALL,23,ALL,ALL,2019,4510,,,,,,,,ALL_N1,,,,,,,
IT1:DF_DCSS_ISTR_LAV_PEN_2_TV_3(1.0),A,087024,RESPOP_AV,M,Y_GE15,TOTAL,ALL,23,ALL,ALL,2021,5266.87058032862,,,,,,,,ALL_N1,,,,,,,
IT1:DF_DCSS_ISTR_LAV_PEN_2_TV_3(1.0),A,087024,RESPOP_AV,M,Y_GE15,TOTAL,ALL,23,ALL,ALL,2022,5076.32833606918,,,,,,,,ALL_N1,,,,,,,
IT1:DF_DCSS_ISTR_LAV_PEN_2_TV_3(1.0),A,087024,RESPOP_AV,M,Y_GE15,TOTAL,ALL,23,ALL,ALL,2023,5343.405933284391,,,,,,,,ALL_N1,,,,,,,
IT1:DF_DCSS_ISTR_LAV_PEN_2_TV_3(1.0),A,087024,RESPOP_AV,M,Y_GE15,TOTAL,ALL,23,ALL,ALL,2024,5180.775598689637,,,,,,,,ALL_N1,,,,,,,
IT1:DF_DCSS_ISTR_LAV_PEN_2_TV_3(1.0),A,087024,RESPOP_AV,M,Y_GE15,TOTAL,ALL,24,ALL,ALL,2018,2144,,,,,,,,ALL_N1,,,,,,,
IT1:DF_DCSS_ISTR_LAV_PEN_2_TV_3(1.0),A,087024,RESPOP_AV,M,Y_GE15,TOTAL,ALL,24,ALL,ALL,2019,2236,,,,,,,,ALL_N1,,,,,,,
IT1:DF_DCSS_ISTR_LAV_PEN_2_TV_3(1.0),A,087024,RESPOP_AV,M,Y_GE15,TOTAL,ALL,24,ALL,ALL,2021,2454.68432405584,,,,,,,,ALL_N1,,,,,,,
IT1:DF_DCSS_ISTR_LAV_PEN_2_TV_3(1.0),A,087024,RESPOP_AV,M,Y_GE15,TOTAL,ALL,24,ALL,ALL,2022,2493.26074233479,,,,,,,,ALL_N1,,,,,,,
IT1:DF_DCSS_ISTR_LAV_PEN_2_TV_3(1.0),A,087024,RESPOP_AV,M,Y_GE15,TOTAL,ALL,24,ALL,ALL,2023,2581.6281411882933,,,,,,,,ALL_N1,,,,,,,
IT1:DF_DCSS_ISTR_LAV_PEN_2_TV_3(1.0),A,087024,RESPOP_AV,M,Y_GE15,TOTAL,ALL,24,ALL,ALL,2024,2689.9947956755955,,,,,,,,ALL_N1,,,,,,,
IT1:DF_DCSS_ISTR_LAV_PEN_2_TV_3(1.0),A,087024,RESPOP_AV,M,Y_GE15,TOTAL,ALL,4,ALL,ALL,2018,154,,,,,,,,ALL_N1,,,,,,,
IT1:DF_DCSS_ISTR_LAV_PEN_2_TV_3(1.0),A,087024,RESPOP_AV,M,Y_GE15,TOTAL,ALL,4,ALL,ALL,2019,182,,,,,,,,ALL_N1,,,,,,,
IT1:DF_DCSS_ISTR_LAV_PEN_2_TV_3(1.0),A,087024,RESPOP_AV,M,Y_GE15,TOTAL,ALL,4,ALL,ALL,2021,283.284138357253,,,,,,,,ALL_N1,,,,,,,
IT1:DF_DCSS_ISTR_LAV_PEN_2_TV_3(1.0),A,087024,RESPOP_AV,M,Y_GE15,TOTAL,ALL,4,ALL,ALL,2022,265.276588737505,,,,,,,,ALL_N1,,,,,,,
IT1:DF_DCSS_ISTR_LAV_PEN_2_TV_3(1.0),A,087024,RESPOP_AV,M,Y_GE15,TOTAL,ALL,4,ALL,ALL,2023,322.2378070979301,,,,,,,,ALL_N1,,,,,,,
IT1:DF_DCSS_ISTR_LAV_PEN_2_TV_3(1.0),A,087024,RESPOP_AV,M,Y_GE15,TOTAL,ALL,4,ALL,ALL,2024,271.8643717038354,,,,,,,,ALL_N1,,,,,,,
IT1:DF_DCSS_ISTR_LAV_PEN_2_TV_3(1.0),A,087024,RESPOP_AV,M,Y_GE15,TOTAL,ALL,5,ALL,ALL,2018,1154,,,,,,,,ALL_N1,,,,,,,
IT1:DF_DCSS_ISTR_LAV_PEN_2_TV_3(1.0),A,087024,RESPOP_AV,M,Y_GE15,TOTAL,ALL,5,ALL,ALL,2019,1190,,,,,,,,ALL_N1,,,,,,,
IT1:DF_DCSS_ISTR_LAV_PEN_2_TV_3(1.0),A,087024,RESPOP_AV,M,Y_GE15,TOTAL,ALL,5,ALL,ALL,2021,1238.77544573964,,,,,,,,ALL_N1,,,,,,,
IT1:DF_DCSS_ISTR_LAV_PEN_2_TV_3(1.0),A,087024,RESPOP_AV,M,Y_GE15,TOTAL,ALL,5,ALL,ALL,2022,1259.73529613973,,,,,,,,ALL_N1,,,,,,,
IT1:DF_DCSS_ISTR_LAV_PEN_2_TV_3(1.0),A,087024,RESPOP_AV,M,Y_GE15,TOTAL,ALL,5,ALL,ALL,2023,1352.135666297963,,,,,,,,ALL_N1,,,,,,,
IT1:DF_DCSS_ISTR_LAV_PEN_2_TV_3(1.0),A,087024,RESPOP_AV,M,Y_GE15,TOTAL,ALL,5,ALL,ALL,2024,1250.7513934246788,,,,,,,,ALL_N1,,,,,,,
IT1:DF_DCSS_ISTR_LAV_PEN_2_TV_3(1.0),A,087024,RESPOP_AV,M,Y_GE15,TOTAL,ALL,7,ALL,ALL,2018,1031,,,,,,,,ALL_N1,,,,,,,
IT1:DF_DCSS_ISTR_LAV_PEN_2_TV_3(1.0),A,087024,RESPOP_AV,M,Y_GE15,TOTAL,ALL,7,ALL,ALL,2019,903,,,,,,,,ALL_N1,,,,,,,
IT1:DF_DCSS_ISTR_LAV_PEN_2_TV_3(1.0),A,087024,RESPOP_AV,M,Y_GE15,TOTAL,ALL,7,ALL,ALL,2021,1290.12667217589,,,,,,,,ALL_N1,,,,,,,
IT1:DF_DCSS_ISTR_LAV_PEN_2_TV_3(1.0),A,087024,RESPOP_AV,M,Y_GE15,TOTAL,ALL,7,ALL,ALL,2022,1058.05570885716,,,,,,,,ALL_N1,,,,,,,
IT1:DF_DCSS_ISTR_LAV_PEN_2_TV_3(1.0),A,087024,RESPOP_AV,M,Y_GE15,TOTAL,ALL,7,ALL,ALL,2023,1087.4043187002048,,,,,,,,ALL_N1,,,,,,,
IT1:DF_DCSS_ISTR_LAV_PEN_2_TV_3(1.0),A,087024,RESPOP_AV,M,Y_GE15,TOTAL,ALL,7,ALL,ALL,2024,968.1650378855271,,,,,,,,ALL_N1,,,,,,,
IT1:DF_DCSS_ISTR_LAV_PEN_2_TV_3(1.0),A,087024,RESPOP_AV,M,Y_GE15,TOTAL,ALL,99,ALL,ALL,2018,12514,,,,,,,,ALL_N1,99_N1,,,,,,
IT1:DF_DCSS_ISTR_LAV_PEN_2_TV_3(1.0),A,087024,RESPOP_AV,M,Y_GE15,TOTAL,ALL,99,ALL,ALL,2019,12507,,,,,,,,ALL_N1,99_N1,,,,,,
IT1:DF_DCSS_ISTR_LAV_PEN_2_TV_3(1.0),A,087024,RESPOP_AV,M,Y_GE15,TOTAL,ALL,99,ALL,ALL,2021,13073,,,,,,,,ALL_N1,99_N1,,,,,,
IT1:DF_DCSS_ISTR_LAV_PEN_2_TV_3(1.0),A,087024,RESPOP_AV,M,Y_GE15,TOTAL,ALL,99,ALL,ALL,2022,13127,,,,,,,,ALL_N1,99_N1,,,,,,
IT1:DF_DCSS_ISTR_LAV_PEN_2_TV_3(1.0),A,087024,RESPOP_AV,M,Y_GE15,TOTAL,ALL,99,ALL,ALL,2023,13197,,,,,,,,ALL_N1,99_N1,,,,,,
IT1:DF_DCSS_ISTR_LAV_PEN_2_TV_3(1.0),A,087024,RESPOP_AV,M,Y_GE15,TOTAL,ALL,99,ALL,ALL,2024,13211,,,,,,,,ALL_N1,99_N1,,,,,,
IT1:DF_DCSS_ISTR_LAV_PEN_2_TV_3(1.0),A,087024,RESPOP_AV,T,Y_GE15,TOTAL,ALL,1,ALL,ALL,2018,10083,,,,,,,,ALL_N1,,,,,,,
IT1:DF_DCSS_ISTR_LAV_PEN_2_TV_3(1.0),A,087024,RESPOP_AV,T,Y_GE15,TOTAL,ALL,1,ALL,ALL,2019,10227,,,,,,,,ALL_N1,,,,,,,
IT1:DF_DCSS_ISTR_LAV_PEN_2_TV_3(1.0),A,087024,RESPOP_AV,T,Y_GE15,TOTAL,ALL,1,ALL,ALL,2021,10993,,,,,,,,ALL_N1,,,,,,,
IT1:DF_DCSS_ISTR_LAV_PEN_2_TV_3(1.0),A,087024,RESPOP_AV,T,Y_GE15,TOTAL,ALL,1,ALL,ALL,2022,11236,,,,,,,,ALL_N1,,,,,,,
IT1:DF_DCSS_ISTR_LAV_PEN_2_TV_3(1.0),A,087024,RESPOP_AV,T,Y_GE15,TOTAL,ALL,1,ALL,ALL,2023,11570,,,,,,,,ALL_N1,,,,,,,
IT1:DF_DCSS_ISTR_LAV_PEN_2_TV_3(1.0),A,087024,RESPOP_AV,T,Y_GE15,TOTAL,ALL,1,ALL,ALL,2024,11835,,,,,,,,ALL_N1,,,,,,,
IT1:DF_DCSS_ISTR_LAV_PEN_2_TV_3(1.0),A,087024,RESPOP_AV,T,Y_GE15,TOTAL,ALL,12,ALL,ALL,2018,3526,,,,,,,,ALL_N1,,,,,,,
IT1:DF_DCSS_ISTR_LAV_PEN_2_TV_3(1.0),A,087024,RESPOP_AV,T,Y_GE15,TOTAL,ALL,12,ALL,ALL,2019,3287,,,,,,,,ALL_N1,,,,,,,
IT1:DF_DCSS_ISTR_LAV_PEN_2_TV_3(1.0),A,087024,RESPOP_AV,T,Y_GE15,TOTAL,ALL,12,ALL,ALL,2021,2030.54666468256,,,,,,,,ALL_N1,,,,,,,
IT1:DF_DCSS_ISTR_LAV_PEN_2_TV_3(1.0),A,087024,RESPOP_AV,T,Y_GE15,TOTAL,ALL,12,ALL,ALL,2022,2362.57251050389,,,,,,,,ALL_N1,,,,,,,
IT1:DF_DCSS_ISTR_LAV_PEN_2_TV_3(1.0),A,087024,RESPOP_AV,T,Y_GE15,TOTAL,ALL,12,ALL,ALL,2023,1714.4818221184714,,,,,,,,ALL_N1,,,,,,,
IT1:DF_DCSS_ISTR_LAV_PEN_2_TV_3(1.0),A,087024,RESPOP_AV,T,Y_GE15,TOTAL,ALL,12,ALL,ALL,2024,1791.1838333278472,,,,,,,,ALL_N1,,,,,,,
IT1:DF_DCSS_ISTR_LAV_PEN_2_TV_3(1.0),A,087024,RESPOP_AV,T,Y_GE15,TOTAL,ALL,22,ALL,ALL,2018,13609,,,,,,,,ALL_N1,,,,,,,
IT1:DF_DCSS_ISTR_LAV_PEN_2_TV_3(1.0),A,087024,RESPOP_AV,T,Y_GE15,TOTAL,ALL,22,ALL,ALL,2019,13514,,,,,,,,ALL_N1,,,,,,,
IT1:DF_DCSS_ISTR_LAV_PEN_2_TV_3(1.0),A,087024,RESPOP_AV,T,Y_GE15,TOTAL,ALL,22,ALL,ALL,2021,13023.5466646826,,,,,,,,ALL_N1,,,,,,,
IT1:DF_DCSS_ISTR_LAV_PEN_2_TV_3(1.0),A,087024,RESPOP_AV,T,Y_GE15,TOTAL,ALL,22,ALL,ALL,2022,13598.5725105039,,,,,,,,ALL_N1,,,,,,,
IT1:DF_DCSS_ISTR_LAV_PEN_2_TV_3(1.0),A,087024,RESPOP_AV,T,Y_GE15,TOTAL,ALL,22,ALL,ALL,2023,13284.48182211847,,,,,,,,ALL_N1,,,,,,,
IT1:DF_DCSS_ISTR_LAV_PEN_2_TV_3(1.0),A,087024,RESPOP_AV,T,Y_GE15,TOTAL,ALL,22,ALL,ALL,2024,13626.183833327847,,,,,,,,ALL_N1,,,,,,,
IT1:DF_DCSS_ISTR_LAV_PEN_2_TV_3(1.0),A,087024,RESPOP_AV,T,Y_GE15,TOTAL,ALL,23,ALL,ALL,2018,12205,,,,,,,,ALL_N1,,,,,,,
IT1:DF_DCSS_ISTR_LAV_PEN_2_TV_3(1.0),A,087024,RESPOP_AV,T,Y_GE15,TOTAL,ALL,23,ALL,ALL,2019,12305,,,,,,,,ALL_N1,,,,,,,
IT1:DF_DCSS_ISTR_LAV_PEN_2_TV_3(1.0),A,087024,RESPOP_AV,T,Y_GE15,TOTAL,ALL,23,ALL,ALL,2021,13998.4533353174,,,,,,,,ALL_N1,,,,,,,
IT1:DF_DCSS_ISTR_LAV_PEN_2_TV_3(1.0),A,087024,RESPOP_AV,T,Y_GE15,TOTAL,ALL,23,ALL,ALL,2022,13555.4274894961,,,,,,,,ALL_N1,,,,,,,
IT1:DF_DCSS_ISTR_LAV_PEN_2_TV_3(1.0),A,087024,RESPOP_AV,T,Y_GE15,TOTAL,ALL,23,ALL,ALL,2023,14009.518177881528,,,,,,,,ALL_N1,,,,,,,
IT1:DF_DCSS_ISTR_LAV_PEN_2_TV_3(1.0),A,087024,RESPOP_AV,T,Y_GE15,TOTAL,ALL,23,ALL,ALL,2024,13793.816166672155,,,,,,,,ALL_N1,,,,,,,
IT1:DF_DCSS_ISTR_LAV_PEN_2_TV_3(1.0),A,087024,RESPOP_AV,T,Y_GE15,TOTAL,ALL,24,ALL,ALL,2018,3673,,,,,,,,ALL_N1,,,,,,,
IT1:DF_DCSS_ISTR_LAV_PEN_2_TV_3(1.0),A,087024,RESPOP_AV,T,Y_GE15,TOTAL,ALL,24,ALL,ALL,2019,3767,,,,,,,,ALL_N1,,,,,,,
IT1:DF_DCSS_ISTR_LAV_PEN_2_TV_3(1.0),A,087024,RESPOP_AV,T,Y_GE15,TOTAL,ALL,24,ALL,ALL,2021,4259.13887195184,,,,,,,,ALL_N1,,,,,,,
IT1:DF_DCSS_ISTR_LAV_PEN_2_TV_3(1.0),A,087024,RESPOP_AV,T,Y_GE15,TOTAL,ALL,24,ALL,ALL,2022,4237.82967364789,,,,,,,,ALL_N1,,,,,,,
IT1:DF_DCSS_ISTR_LAV_PEN_2_TV_3(1.0),A,087024,RESPOP_AV,T,Y_GE15,TOTAL,ALL,24,ALL,ALL,2023,4442.030268434917,,,,,,,,ALL_N1,,,,,,,
IT1:DF_DCSS_ISTR_LAV_PEN_2_TV_3(1.0),A,087024,RESPOP_AV,T,Y_GE15,TOTAL,ALL,24,ALL,ALL,2024,4651.094367749941,,,,,,,,ALL_N1,,,,,,,
IT1:DF_DCSS_ISTR_LAV_PEN_2_TV_3(1.0),A,087024,RESPOP_AV,T,Y_GE15,TOTAL,ALL,4,ALL,ALL,2018,4312,,,,,,,,ALL_N1,,,,,,,
IT1:DF_DCSS_ISTR_LAV_PEN_2_TV_3(1.0),A,087024,RESPOP_AV,T,Y_GE15,TOTAL,ALL,4,ALL,ALL,2019,4509,,,,,,,,ALL_N1,,,,,,,
IT1:DF_DCSS_ISTR_LAV_PEN_2_TV_3(1.0),A,087024,RESPOP_AV,T,Y_GE15,TOTAL,ALL,4,ALL,ALL,2021,4835.99555195859,,,,,,,,ALL_N1,,,,,,,
IT1:DF_DCSS_ISTR_LAV_PEN_2_TV_3(1.0),A,087024,RESPOP_AV,T,Y_GE15,TOTAL,ALL,4,ALL,ALL,2022,4680.43535332494,,,,,,,,ALL_N1,,,,,,,
IT1:DF_DCSS_ISTR_LAV_PEN_2_TV_3(1.0),A,087024,RESPOP_AV,T,Y_GE15,TOTAL,ALL,4,ALL,ALL,2023,4763.269680740446,,,,,,,,ALL_N1,,,,,,,
IT1:DF_DCSS_ISTR_LAV_PEN_2_TV_3(1.0),A,087024,RESPOP_AV,T,Y_GE15,TOTAL,ALL,4,ALL,ALL,2024,4691.866817936389,,,,,,,,ALL_N1,,,,,,,
IT1:DF_DCSS_ISTR_LAV_PEN_2_TV_3(1.0),A,087024,RESPOP_AV,T,Y_GE15,TOTAL,ALL,5,ALL,ALL,2018,2387,,,,,,,,ALL_N1,,,,,,,
IT1:DF_DCSS_ISTR_LAV_PEN_2_TV_3(1.0),A,087024,RESPOP_AV,T,Y_GE15,TOTAL,ALL,5,ALL,ALL,2019,2453,,,,,,,,ALL_N1,,,,,,,
IT1:DF_DCSS_ISTR_LAV_PEN_2_TV_3(1.0),A,087024,RESPOP_AV,T,Y_GE15,TOTAL,ALL,5,ALL,ALL,2021,2667.34086193099,,,,,,,,ALL_N1,,,,,,,
IT1:DF_DCSS_ISTR_LAV_PEN_2_TV_3(1.0),A,087024,RESPOP_AV,T,Y_GE15,TOTAL,ALL,5,ALL,ALL,2022,2696.17470665235,,,,,,,,ALL_N1,,,,,,,
IT1:DF_DCSS_ISTR_LAV_PEN_2_TV_3(1.0),A,087024,RESPOP_AV,T,Y_GE15,TOTAL,ALL,5,ALL,ALL,2023,2850.5045202602,,,,,,,,ALL_N1,,,,,,,
IT1:DF_DCSS_ISTR_LAV_PEN_2_TV_3(1.0),A,087024,RESPOP_AV,T,Y_GE15,TOTAL,ALL,5,ALL,ALL,2024,2698.357970050022,,,,,,,,ALL_N1,,,,,,,
IT1:DF_DCSS_ISTR_LAV_PEN_2_TV_3(1.0),A,087024,RESPOP_AV,T,Y_GE15,TOTAL,ALL,7,ALL,ALL,2018,1833,,,,,,,,ALL_N1,,,,,,,
IT1:DF_DCSS_ISTR_LAV_PEN_2_TV_3(1.0),A,087024,RESPOP_AV,T,Y_GE15,TOTAL,ALL,7,ALL,ALL,2019,1576,,,,,,,,ALL_N1,,,,,,,
IT1:DF_DCSS_ISTR_LAV_PEN_2_TV_3(1.0),A,087024,RESPOP_AV,T,Y_GE15,TOTAL,ALL,7,ALL,ALL,2021,2235.97804947602,,,,,,,,ALL_N1,,,,,,,
IT1:DF_DCSS_ISTR_LAV_PEN_2_TV_3(1.0),A,087024,RESPOP_AV,T,Y_GE15,TOTAL,ALL,7,ALL,ALL,2022,1940.98775587094,,,,,,,,ALL_N1,,,,,,,
IT1:DF_DCSS_ISTR_LAV_PEN_2_TV_3(1.0),A,087024,RESPOP_AV,T,Y_GE15,TOTAL,ALL,7,ALL,ALL,2023,1953.713708445965,,,,,,,,ALL_N1,,,,,,,
IT1:DF_DCSS_ISTR_LAV_PEN_2_TV_3(1.0),A,087024,RESPOP_AV,T,Y_GE15,TOTAL,ALL,7,ALL,ALL,2024,1752.4970109358026,,,,,,,,ALL_N1,,,,,,,
IT1:DF_DCSS_ISTR_LAV_PEN_2_TV_3(1.0),A,087024,RESPOP_AV,T,Y_GE15,TOTAL,ALL,99,ALL,ALL,2018,25813,,,,,,,,ALL_N1,99_N1,,,,,,
IT1:DF_DCSS_ISTR_LAV_PEN_2_TV_3(1.0),A,087024,RESPOP_AV,T,Y_GE15,TOTAL,ALL,99,ALL,ALL,2019,25819,,,,,,,,ALL_N1,99_N1,,,,,,
IT1:DF_DCSS_ISTR_LAV_PEN_2_TV_3(1.0),A,087024,RESPOP_AV,T,Y_GE15,TOTAL,ALL,99,ALL,ALL,2021,27022,,,,,,,,ALL_N1,99_N1,,,,,,
IT1:DF_DCSS_ISTR_LAV_PEN_2_TV_3(1.0),A,087024,RESPOP_AV,T,Y_GE15,TOTAL,ALL,99,ALL,ALL,2022,27154,,,,,,,,ALL_N1,99_N1,,,,,,
IT1:DF_DCSS_ISTR_LAV_PEN_2_TV_3(1.0),A,087024,RESPOP_AV,T,Y_GE15,TOTAL,ALL,99,ALL,ALL,2023,27294,,,,,,,,ALL_N1,99_N1,,,,,,
IT1:DF_DCSS_ISTR_LAV_PEN_2_TV_3(1.0),A,087024,RESPOP_AV,T,Y_GE15,TOTAL,ALL,99,ALL,ALL,2024,27420,,,,,,,,ALL_N1,99_N1,,,,,,
IT1:DF_DCSS_ISTR_LAV_PEN_2_TV_3(1.0),A,087025,RESPOP_AV,F,Y_GE15,TOTAL,ALL,1,ALL,ALL,2018,587,,,,,,,,ALL_N1,,,,,,,
IT1:DF_DCSS_ISTR_LAV_PEN_2_TV_3(1.0),A,087025,RESPOP_AV,F,Y_GE15,TOTAL,ALL,1,ALL,ALL,2019,606,,,,,,,,ALL_N1,,,,,,,
IT1:DF_DCSS_ISTR_LAV_PEN_2_TV_3(1.0),A,087025,RESPOP_AV,F,Y_GE15,TOTAL,ALL,1,ALL,ALL,2021,588,,,,,,,,ALL_N1,,,,,,,
IT1:DF_DCSS_ISTR_LAV_PEN_2_TV_3(1.0),A,087025,RESPOP_AV,F,Y_GE15,TOTAL,ALL,1,ALL,ALL,2022,611,,,,,,,,ALL_N1,,,,,,,
IT1:DF_DCSS_ISTR_LAV_PEN_2_TV_3(1.0),A,087025,RESPOP_AV,F,Y_GE15,TOTAL,ALL,1,ALL,ALL,2023,645,,,,,,,,ALL_N1,,,,,,,
IT1:DF_DCSS_ISTR_LAV_PEN_2_TV_3(1.0),A,087025,RESPOP_AV,F,Y_GE15,TOTAL,ALL,1,ALL,ALL,2024,658,,,,,,,,ALL_N1,,,,,,,
IT1:DF_DCSS_ISTR_LAV_PEN_2_TV_3(1.0),A,087025,RESPOP_AV,F,Y_GE15,TOTAL,ALL,12,ALL,ALL,2018,338,,,,,,,,ALL_N1,,,,,,,
IT1:DF_DCSS_ISTR_LAV_PEN_2_TV_3(1.0),A,087025,RESPOP_AV,F,Y_GE15,TOTAL,ALL,12,ALL,ALL,2019,378,,,,,,,,ALL_N1,,,,,,,
IT1:DF_DCSS_ISTR_LAV_PEN_2_TV_3(1.0),A,087025,RESPOP_AV,F,Y_GE15,TOTAL,ALL,12,ALL,ALL,2021,166.464617728112,,,,,,,,ALL_N1,,,,,,,
IT1:DF_DCSS_ISTR_LAV_PEN_2_TV_3(1.0),A,087025,RESPOP_AV,F,Y_GE15,TOTAL,ALL,12,ALL,ALL,2022,161.608015898073,,,,,,,,ALL_N1,,,,,,,
IT1:DF_DCSS_ISTR_LAV_PEN_2_TV_3(1.0),A,087025,RESPOP_AV,F,Y_GE15,TOTAL,ALL,12,ALL,ALL,2023,177.2568728793604,,,,,,,,ALL_N1,,,,,,,
IT1:DF_DCSS_ISTR_LAV_PEN_2_TV_3(1.0),A,087025,RESPOP_AV,F,Y_GE15,TOTAL,ALL,12,ALL,ALL,2024,122.9311920143911,,,,,,,,ALL_N1,,,,,,,
IT1:DF_DCSS_ISTR_LAV_PEN_2_TV_3(1.0),A,087025,RESPOP_AV,F,Y_GE15,TOTAL,ALL,22,ALL,ALL,2018,925,,,,,,,,ALL_N1,,,,,,,
IT1:DF_DCSS_ISTR_LAV_PEN_2_TV_3(1.0),A,087025,RESPOP_AV,F,Y_GE15,TOTAL,ALL,22,ALL,ALL,2019,984,,,,,,,,ALL_N1,,,,,,,
IT1:DF_DCSS_ISTR_LAV_PEN_2_TV_3(1.0),A,087025,RESPOP_AV,F,Y_GE15,TOTAL,ALL,22,ALL,ALL,2021,754.464617728112,,,,,,,,ALL_N1,,,,,,,
IT1:DF_DCSS_ISTR_LAV_PEN_2_TV_3(1.0),A,087025,RESPOP_AV,F,Y_GE15,TOTAL,ALL,22,ALL,ALL,2022,772.608015898073,,,,,,,,ALL_N1,,,,,,,
IT1:DF_DCSS_ISTR_LAV_PEN_2_TV_3(1.0),A,087025,RESPOP_AV,F,Y_GE15,TOTAL,ALL,22,ALL,ALL,2023,822.2568728793603,,,,,,,,ALL_N1,,,,,,,
IT1:DF_DCSS_ISTR_LAV_PEN_2_TV_3(1.0),A,087025,RESPOP_AV,F,Y_GE15,TOTAL,ALL,22,ALL,ALL,2024,780.9311920143911,,,,,,,,ALL_N1,,,,,,,
IT1:DF_DCSS_ISTR_LAV_PEN_2_TV_3(1.0),A,087025,RESPOP_AV,F,Y_GE15,TOTAL,ALL,23,ALL,ALL,2018,2280,,,,,,,,ALL_N1,,,,,,,
IT1:DF_DCSS_ISTR_LAV_PEN_2_TV_3(1.0),A,087025,RESPOP_AV,F,Y_GE15,TOTAL,ALL,23,ALL,ALL,2019,2175,,,,,,,,ALL_N1,,,,,,,
IT1:DF_DCSS_ISTR_LAV_PEN_2_TV_3(1.0),A,087025,RESPOP_AV,F,Y_GE15,TOTAL,ALL,23,ALL,ALL,2021,2307.53538227189,,,,,,,,ALL_N1,,,,,,,
IT1:DF_DCSS_ISTR_LAV_PEN_2_TV_3(1.0),A,087025,RESPOP_AV,F,Y_GE15,TOTAL,ALL,23,ALL,ALL,2022,2271.39198410193,,,,,,,,ALL_N1,,,,,,,
IT1:DF_DCSS_ISTR_LAV_PEN_2_TV_3(1.0),A,087025,RESPOP_AV,F,Y_GE15,TOTAL,ALL,23,ALL,ALL,2023,2192.7431271206397,,,,,,,,ALL_N1,,,,,,,
IT1:DF_DCSS_ISTR_LAV_PEN_2_TV_3(1.0),A,087025,RESPOP_AV,F,Y_GE15,TOTAL,ALL,23,ALL,ALL,2024,2199.068807985609,,,,,,,,ALL_N1,,,,,,,
IT1:DF_DCSS_ISTR_LAV_PEN_2_TV_3(1.0),A,087025,RESPOP_AV,F,Y_GE15,TOTAL,ALL,24,ALL,ALL,2018,524,,,,,,,,ALL_N1,,,,,,,
IT1:DF_DCSS_ISTR_LAV_PEN_2_TV_3(1.0),A,087025,RESPOP_AV,F,Y_GE15,TOTAL,ALL,24,ALL,ALL,2019,548,,,,,,,,ALL_N1,,,,,,,
IT1:DF_DCSS_ISTR_LAV_PEN_2_TV_3(1.0),A,087025,RESPOP_AV,F,Y_GE15,TOTAL,ALL,24,ALL,ALL,2021,539.460928694068,,,,,,,,ALL_N1,,,,,,,
IT1:DF_DCSS_ISTR_LAV_PEN_2_TV_3(1.0),A,087025,RESPOP_AV,F,Y_GE15,TOTAL,ALL,24,ALL,ALL,2022,501.323965859148,,,,,,,,ALL_N1,,,,,,,
IT1:DF_DCSS_ISTR_LAV_PEN_2_TV_3(1.0),A,087025,RESPOP_AV,F,Y_GE15,TOTAL,ALL,24,ALL,ALL,2023,475.97941202119426,,,,,,,,ALL_N1,,,,,,,
IT1:DF_DCSS_ISTR_LAV_PEN_2_TV_3(1.0),A,087025,RESPOP_AV,F,Y_GE15,TOTAL,ALL,24,ALL,ALL,2024,485.1518297907646,,,,,,,,ALL_N1,,,,,,,
IT1:DF_DCSS_ISTR_LAV_PEN_2_TV_3(1.0),A,087025,RESPOP_AV,F,Y_GE15,TOTAL,ALL,4,ALL,ALL,2018,1157,,,,,,,,ALL_N1,,,,,,,
IT1:DF_DCSS_ISTR_LAV_PEN_2_TV_3(1.0),A,087025,RESPOP_AV,F,Y_GE15,TOTAL,ALL,4,ALL,ALL,2019,1104,,,,,,,,ALL_N1,,,,,,,
IT1:DF_DCSS_ISTR_LAV_PEN_2_TV_3(1.0),A,087025,RESPOP_AV,F,Y_GE15,TOTAL,ALL,4,ALL,ALL,2021,1228.10412524257,,,,,,,,ALL_N1,,,,,,,
IT1:DF_DCSS_ISTR_LAV_PEN_2_TV_3(1.0),A,087025,RESPOP_AV,F,Y_GE15,TOTAL,ALL,4,ALL,ALL,2022,1224.86985860784,,,,,,,,ALL_N1,,,,,,,
IT1:DF_DCSS_ISTR_LAV_PEN_2_TV_3(1.0),A,087025,RESPOP_AV,F,Y_GE15,TOTAL,ALL,4,ALL,ALL,2023,1213.4251418477838,,,,,,,,ALL_N1,,,,,,,
IT1:DF_DCSS_ISTR_LAV_PEN_2_TV_3(1.0),A,087025,RESPOP_AV,F,Y_GE15,TOTAL,ALL,4,ALL,ALL,2024,1177.3363834842703,,,,,,,,ALL_N1,,,,,,,
IT1:DF_DCSS_ISTR_LAV_PEN_2_TV_3(1.0),A,087025,RESPOP_AV,F,Y_GE15,TOTAL,ALL,5,ALL,ALL,2018,227,,,,,,,,ALL_N1,,,,,,,
IT1:DF_DCSS_ISTR_LAV_PEN_2_TV_3(1.0),A,087025,RESPOP_AV,F,Y_GE15,TOTAL,ALL,5,ALL,ALL,2019,234,,,,,,,,ALL_N1,,,,,,,
IT1:DF_DCSS_ISTR_LAV_PEN_2_TV_3(1.0),A,087025,RESPOP_AV,F,Y_GE15,TOTAL,ALL,5,ALL,ALL,2021,258.319598432117,,,,,,,,ALL_N1,,,,,,,
IT1:DF_DCSS_ISTR_LAV_PEN_2_TV_3(1.0),A,087025,RESPOP_AV,F,Y_GE15,TOTAL,ALL,5,ALL,ALL,2022,260.245819380325,,,,,,,,ALL_N1,,,,,,,
IT1:DF_DCSS_ISTR_LAV_PEN_2_TV_3(1.0),A,087025,RESPOP_AV,F,Y_GE15,TOTAL,ALL,5,ALL,ALL,2023,226.70375064795263,,,,,,,,ALL_N1,,,,,,,
IT1:DF_DCSS_ISTR_LAV_PEN_2_TV_3(1.0),A,087025,RESPOP_AV,F,Y_GE15,TOTAL,ALL,5,ALL,ALL,2024,243.54974116252336,,,,,,,,ALL_N1,,,,,,,
IT1:DF_DCSS_ISTR_LAV_PEN_2_TV_3(1.0),A,087025,RESPOP_AV,F,Y_GE15,TOTAL,ALL,7,ALL,ALL,2018,372,,,,,,,,ALL_N1,,,,,,,
IT1:DF_DCSS_ISTR_LAV_PEN_2_TV_3(1.0),A,087025,RESPOP_AV,F,Y_GE15,TOTAL,ALL,7,ALL,ALL,2019,289,,,,,,,,ALL_N1,,,,,,,
IT1:DF_DCSS_ISTR_LAV_PEN_2_TV_3(1.0),A,087025,RESPOP_AV,F,Y_GE15,TOTAL,ALL,7,ALL,ALL,2021,281.650729903135,,,,,,,,ALL_N1,,,,,,,
IT1:DF_DCSS_ISTR_LAV_PEN_2_TV_3(1.0),A,087025,RESPOP_AV,F,Y_GE15,TOTAL,ALL,7,ALL,ALL,2022,284.952340254619,,,,,,,,ALL_N1,,,,,,,
IT1:DF_DCSS_ISTR_LAV_PEN_2_TV_3(1.0),A,087025,RESPOP_AV,F,Y_GE15,TOTAL,ALL,7,ALL,ALL,2023,276.634822603709,,,,,,,,ALL_N1,,,,,,,
IT1:DF_DCSS_ISTR_LAV_PEN_2_TV_3(1.0),A,087025,RESPOP_AV,F,Y_GE15,TOTAL,ALL,7,ALL,ALL,2024,293.0308535480508,,,,,,,,ALL_N1,,,,,,,
IT1:DF_DCSS_ISTR_LAV_PEN_2_TV_3(1.0),A,087025,RESPOP_AV,F,Y_GE15,TOTAL,ALL,99,ALL,ALL,2018,3205,,,,,,,,ALL_N1,99_N1,,,,,,
IT1:DF_DCSS_ISTR_LAV_PEN_2_TV_3(1.0),A,087025,RESPOP_AV,F,Y_GE15,TOTAL,ALL,99,ALL,ALL,2019,3159,,,,,,,,ALL_N1,99_N1,,,,,,
IT1:DF_DCSS_ISTR_LAV_PEN_2_TV_3(1.0),A,087025,RESPOP_AV,F,Y_GE15,TOTAL,ALL,99,ALL,ALL,2021,3062,,,,,,,,ALL_N1,99_N1,,,,,,
IT1:DF_DCSS_ISTR_LAV_PEN_2_TV_3(1.0),A,087025,RESPOP_AV,F,Y_GE15,TOTAL,ALL,99,ALL,ALL,2022,3044,,,,,,,,ALL_N1,99_N1,,,,,,
IT1:DF_DCSS_ISTR_LAV_PEN_2_TV_3(1.0),A,087025,RESPOP_AV,F,Y_GE15,TOTAL,ALL,99,ALL,ALL,2023,3015,,,,,,,,ALL_N1,99_N1,,,,,,
IT1:DF_DCSS_ISTR_LAV_PEN_2_TV_3(1.0),A,087025,RESPOP_AV,F,Y_GE15,TOTAL,ALL,99,ALL,ALL,2024,2980,,,,,,,,ALL_N1,99_N1,,,,,,
IT1:DF_DCSS_ISTR_LAV_PEN_2_TV_3(1.0),A,087025,RESPOP_AV,M,Y_GE15,TOTAL,ALL,1,ALL,ALL,2018,1126,,,,,,,,ALL_N1,,,,,,,
IT1:DF_DCSS_ISTR_LAV_PEN_2_TV_3(1.0),A,087025,RESPOP_AV,M,Y_GE15,TOTAL,ALL,1,ALL,ALL,2019,1124,,,,,,,,ALL_N1,,,,,,,
IT1:DF_DCSS_ISTR_LAV_PEN_2_TV_3(1.0),A,087025,RESPOP_AV,M,Y_GE15,TOTAL,ALL,1,ALL,ALL,2021,1070,,,,,,,,ALL_N1,,,,,,,
IT1:DF_DCSS_ISTR_LAV_PEN_2_TV_3(1.0),A,087025,RESPOP_AV,M,Y_GE15,TOTAL,ALL,1,ALL,ALL,2022,1125,,,,,,,,ALL_N1,,,,,,,
IT1:DF_DCSS_ISTR_LAV_PEN_2_TV_3(1.0),A,087025,RESPOP_AV,M,Y_GE15,TOTAL,ALL,1,ALL,ALL,2023,1142,,,,,,,,ALL_N1,,,,,,,
IT1:DF_DCSS_ISTR_LAV_PEN_2_TV_3(1.0),A,087025,RESPOP_AV,M,Y_GE15,TOTAL,ALL,1,ALL,ALL,2024,1192,,,,,,,,ALL_N1,,,,,,,
IT1:DF_DCSS_ISTR_LAV_PEN_2_TV_3(1.0),A,087025,RESPOP_AV,M,Y_GE15,TOTAL,ALL,12,ALL,ALL,2018,470,,,,,,,,ALL_N1,,,,,,,
IT1:DF_DCSS_ISTR_LAV_PEN_2_TV_3(1.0),A,087025,RESPOP_AV,M,Y_GE15,TOTAL,ALL,12,ALL,ALL,2019,484,,,,,,,,ALL_N1,,,,,,,
IT1:DF_DCSS_ISTR_LAV_PEN_2_TV_3(1.0),A,087025,RESPOP_AV,M,Y_GE15,TOTAL,ALL,12,ALL,ALL,2021,255.87033193722,,,,,,,,ALL_N1,,,,,,,
IT1:DF_DCSS_ISTR_LAV_PEN_2_TV_3(1.0),A,087025,RESPOP_AV,M,Y_GE15,TOTAL,ALL,12,ALL,ALL,2022,234.980073877462,,,,,,,,ALL_N1,,,,,,,
IT1:DF_DCSS_ISTR_LAV_PEN_2_TV_3(1.0),A,087025,RESPOP_AV,M,Y_GE15,TOTAL,ALL,12,ALL,ALL,2023,261.696267428576,,,,,,,,ALL_N1,,,,,,,
IT1:DF_DCSS_ISTR_LAV_PEN_2_TV_3(1.0),A,087025,RESPOP_AV,M,Y_GE15,TOTAL,ALL,12,ALL,ALL,2024,193.87173691052405,,,,,,,,ALL_N1,,,,,,,
IT1:DF_DCSS_ISTR_LAV_PEN_2_TV_3(1.0),A,087025,RESPOP_AV,M,Y_GE15,TOTAL,ALL,22,ALL,ALL,2018,1596,,,,,,,,ALL_N1,,,,,,,
IT1:DF_DCSS_ISTR_LAV_PEN_2_TV_3(1.0),A,087025,RESPOP_AV,M,Y_GE15,TOTAL,ALL,22,ALL,ALL,2019,1608,,,,,,,,ALL_N1,,,,,,,
IT1:DF_DCSS_ISTR_LAV_PEN_2_TV_3(1.0),A,087025,RESPOP_AV,M,Y_GE15,TOTAL,ALL,22,ALL,ALL,2021,1325.87033193722,,,,,,,,ALL_N1,,,,,,,
IT1:DF_DCSS_ISTR_LAV_PEN_2_TV_3(1.0),A,087025,RESPOP_AV,M,Y_GE15,TOTAL,ALL,22,ALL,ALL,2022,1359.98007387746,,,,,,,,ALL_N1,,,,,,,
IT1:DF_DCSS_ISTR_LAV_PEN_2_TV_3(1.0),A,087025,RESPOP_AV,M,Y_GE15,TOTAL,ALL,22,ALL,ALL,2023,1403.696267428576,,,,,,,,ALL_N1,,,,,,,
IT1:DF_DCSS_ISTR_LAV_PEN_2_TV_3(1.0),A,087025,RESPOP_AV,M,Y_GE15,TOTAL,ALL,22,ALL,ALL,2024,1385.871736910524,,,,,,,,ALL_N1,,,,,,,
IT1:DF_DCSS_ISTR_LAV_PEN_2_TV_3(1.0),A,087025,RESPOP_AV,M,Y_GE15,TOTAL,ALL,23,ALL,ALL,2018,1465,,,,,,,,ALL_N1,,,,,,,
IT1:DF_DCSS_ISTR_LAV_PEN_2_TV_3(1.0),A,087025,RESPOP_AV,M,Y_GE15,TOTAL,ALL,23,ALL,ALL,2019,1422,,,,,,,,ALL_N1,,,,,,,
IT1:DF_DCSS_ISTR_LAV_PEN_2_TV_3(1.0),A,087025,RESPOP_AV,M,Y_GE15,TOTAL,ALL,23,ALL,ALL,2021,1636.12966806278,,,,,,,,ALL_N1,,,,,,,
IT1:DF_DCSS_ISTR_LAV_PEN_2_TV_3(1.0),A,087025,RESPOP_AV,M,Y_GE15,TOTAL,ALL,23,ALL,ALL,2022,1582.01992612254,,,,,,,,ALL_N1,,,,,,,
IT1:DF_DCSS_ISTR_LAV_PEN_2_TV_3(1.0),A,087025,RESPOP_AV,M,Y_GE15,TOTAL,ALL,23,ALL,ALL,2023,1524.3037325714238,,,,,,,,ALL_N1,,,,,,,
IT1:DF_DCSS_ISTR_LAV_PEN_2_TV_3(1.0),A,087025,RESPOP_AV,M,Y_GE15,TOTAL,ALL,23,ALL,ALL,2024,1531.128263089476,,,,,,,,ALL_N1,,,,,,,
IT1:DF_DCSS_ISTR_LAV_PEN_2_TV_3(1.0),A,087025,RESPOP_AV,M,Y_GE15,TOTAL,ALL,24,ALL,ALL,2018,676,,,,,,,,ALL_N1,,,,,,,
IT1:DF_DCSS_ISTR_LAV_PEN_2_TV_3(1.0),A,087025,RESPOP_AV,M,Y_GE15,TOTAL,ALL,24,ALL,ALL,2019,733,,,,,,,,ALL_N1,,,,,,,
IT1:DF_DCSS_ISTR_LAV_PEN_2_TV_3(1.0),A,087025,RESPOP_AV,M,Y_GE15,TOTAL,ALL,24,ALL,ALL,2021,741.315300591378,,,,,,,,ALL_N1,,,,,,,
IT1:DF_DCSS_ISTR_LAV_PEN_2_TV_3(1.0),A,087025,RESPOP_AV,M,Y_GE15,TOTAL,ALL,24,ALL,ALL,2022,740.526563077731,,,,,,,,ALL_N1,,,,,,,
IT1:DF_DCSS_ISTR_LAV_PEN_2_TV_3(1.0),A,087025,RESPOP_AV,M,Y_GE15,TOTAL,ALL,24,ALL,ALL,2023,727.2355567843218,,,,,,,,ALL_N1,,,,,,,
IT1:DF_DCSS_ISTR_LAV_PEN_2_TV_3(1.0),A,087025,RESPOP_AV,M,Y_GE15,TOTAL,ALL,24,ALL,ALL,2024,730.8065154774063,,,,,,,,ALL_N1,,,,,,,
IT1:DF_DCSS_ISTR_LAV_PEN_2_TV_3(1.0),A,087025,RESPOP_AV,M,Y_GE15,TOTAL,ALL,4,ALL,ALL,2018,55,,,,,,,,ALL_N1,,,,,,,
IT1:DF_DCSS_ISTR_LAV_PEN_2_TV_3(1.0),A,087025,RESPOP_AV,M,Y_GE15,TOTAL,ALL,4,ALL,ALL,2019,55,,,,,,,,ALL_N1,,,,,,,
IT1:DF_DCSS_ISTR_LAV_PEN_2_TV_3(1.0),A,087025,RESPOP_AV,M,Y_GE15,TOTAL,ALL,4,ALL,ALL,2021,110.234507306933,,,,,,,,ALL_N1,,,,,,,
IT1:DF_DCSS_ISTR_LAV_PEN_2_TV_3(1.0),A,087025,RESPOP_AV,M,Y_GE15,TOTAL,ALL,4,ALL,ALL,2022,117.891138131517,,,,,,,,ALL_N1,,,,,,,
IT1:DF_DCSS_ISTR_LAV_PEN_2_TV_3(1.0),A,087025,RESPOP_AV,M,Y_GE15,TOTAL,ALL,4,ALL,ALL,2023,126.7902073988632,,,,,,,,ALL_N1,,,,,,,
IT1:DF_DCSS_ISTR_LAV_PEN_2_TV_3(1.0),A,087025,RESPOP_AV,M,Y_GE15,TOTAL,ALL,4,ALL,ALL,2024,103.04744125262172,,,,,,,,ALL_N1,,,,,,,
IT1:DF_DCSS_ISTR_LAV_PEN_2_TV_3(1.0),A,087025,RESPOP_AV,M,Y_GE15,TOTAL,ALL,5,ALL,ALL,2018,192,,,,,,,,ALL_N1,,,,,,,
IT1:DF_DCSS_ISTR_LAV_PEN_2_TV_3(1.0),A,087025,RESPOP_AV,M,Y_GE15,TOTAL,ALL,5,ALL,ALL,2019,206,,,,,,,,ALL_N1,,,,,,,
IT1:DF_DCSS_ISTR_LAV_PEN_2_TV_3(1.0),A,087025,RESPOP_AV,M,Y_GE15,TOTAL,ALL,5,ALL,ALL,2021,238.479584009406,,,,,,,,ALL_N1,,,,,,,
IT1:DF_DCSS_ISTR_LAV_PEN_2_TV_3(1.0),A,087025,RESPOP_AV,M,Y_GE15,TOTAL,ALL,5,ALL,ALL,2022,235.303363900595,,,,,,,,ALL_N1,,,,,,,
IT1:DF_DCSS_ISTR_LAV_PEN_2_TV_3(1.0),A,087025,RESPOP_AV,M,Y_GE15,TOTAL,ALL,5,ALL,ALL,2023,214.77206322520203,,,,,,,,ALL_N1,,,,,,,
IT1:DF_DCSS_ISTR_LAV_PEN_2_TV_3(1.0),A,087025,RESPOP_AV,M,Y_GE15,TOTAL,ALL,5,ALL,ALL,2024,218.70735539755924,,,,,,,,ALL_N1,,,,,,,
IT1:DF_DCSS_ISTR_LAV_PEN_2_TV_3(1.0),A,087025,RESPOP_AV,M,Y_GE15,TOTAL,ALL,7,ALL,ALL,2018,542,,,,,,,,ALL_N1,,,,,,,
IT1:DF_DCSS_ISTR_LAV_PEN_2_TV_3(1.0),A,087025,RESPOP_AV,M,Y_GE15,TOTAL,ALL,7,ALL,ALL,2019,428,,,,,,,,ALL_N1,,,,,,,
IT1:DF_DCSS_ISTR_LAV_PEN_2_TV_3(1.0),A,087025,RESPOP_AV,M,Y_GE15,TOTAL,ALL,7,ALL,ALL,2021,546.100276155062,,,,,,,,ALL_N1,,,,,,,
IT1:DF_DCSS_ISTR_LAV_PEN_2_TV_3(1.0),A,087025,RESPOP_AV,M,Y_GE15,TOTAL,ALL,7,ALL,ALL,2022,488.298861012694,,,,,,,,ALL_N1,,,,,,,
IT1:DF_DCSS_ISTR_LAV_PEN_2_TV_3(1.0),A,087025,RESPOP_AV,M,Y_GE15,TOTAL,ALL,7,ALL,ALL,2023,455.5059051630368,,,,,,,,ALL_N1,,,,,,,
IT1:DF_DCSS_ISTR_LAV_PEN_2_TV_3(1.0),A,087025,RESPOP_AV,M,Y_GE15,TOTAL,ALL,7,ALL,ALL,2024,478.56695096188867,,,,,,,,ALL_N1,,,,,,,
IT1:DF_DCSS_ISTR_LAV_PEN_2_TV_3(1.0),A,087025,RESPOP_AV,M,Y_GE15,TOTAL,ALL,99,ALL,ALL,2018,3061,,,,,,,,ALL_N1,99_N1,,,,,,
IT1:DF_DCSS_ISTR_LAV_PEN_2_TV_3(1.0),A,087025,RESPOP_AV,M,Y_GE15,TOTAL,ALL,99,ALL,ALL,2019,3030,,,,,,,,ALL_N1,99_N1,,,,,,
IT1:DF_DCSS_ISTR_LAV_PEN_2_TV_3(1.0),A,087025,RESPOP_AV,M,Y_GE15,TOTAL,ALL,99,ALL,ALL,2021,2962,,,,,,,,ALL_N1,99_N1,,,,,,
IT1:DF_DCSS_ISTR_LAV_PEN_2_TV_3(1.0),A,087025,RESPOP_AV,M,Y_GE15,TOTAL,ALL,99,ALL,ALL,2022,2942,,,,,,,,ALL_N1,99_N1,,,,,,
IT1:DF_DCSS_ISTR_LAV_PEN_2_TV_3(1.0),A,087025,RESPOP_AV,M,Y_GE15,TOTAL,ALL,99,ALL,ALL,2023,2928,,,,,,,,ALL_N1,99_N1,,,,,,
IT1:DF_DCSS_ISTR_LAV_PEN_2_TV_3(1.0),A,087025,RESPOP_AV,M,Y_GE15,TOTAL,ALL,99,ALL,ALL,2024,2917,,,,,,,,ALL_N1,99_N1,,,,,,
IT1:DF_DCSS_ISTR_LAV_PEN_2_TV_3(1.0),A,087025,RESPOP_AV,T,Y_GE15,TOTAL,ALL,1,ALL,ALL,2018,1713,,,,,,,,ALL_N1,,,,,,,
IT1:DF_DCSS_ISTR_LAV_PEN_2_TV_3(1.0),A,087025,RESPOP_AV,T,Y_GE15,TOTAL,ALL,1,ALL,ALL,2019,1730,,,,,,,,ALL_N1,,,,,,,
IT1:DF_DCSS_ISTR_LAV_PEN_2_TV_3(1.0),A,087025,RESPOP_AV,T,Y_GE15,TOTAL,ALL,1,ALL,ALL,2021,1658,,,,,,,,ALL_N1,,,,,,,
IT1:DF_DCSS_ISTR_LAV_PEN_2_TV_3(1.0),A,087025,RESPOP_AV,T,Y_GE15,TOTAL,ALL,1,ALL,ALL,2022,1736,,,,,,,,ALL_N1,,,,,,,
IT1:DF_DCSS_ISTR_LAV_PEN_2_TV_3(1.0),A,087025,RESPOP_AV,T,Y_GE15,TOTAL,ALL,1,ALL,ALL,2023,1787,,,,,,,,ALL_N1,,,,,,,
IT1:DF_DCSS_ISTR_LAV_PEN_2_TV_3(1.0),A,087025,RESPOP_AV,T,Y_GE15,TOTAL,ALL,1,ALL,ALL,2024,1850,,,,,,,,ALL_N1,,,,,,,
IT1:DF_DCSS_ISTR_LAV_PEN_2_TV_3(1.0),A,087025,RESPOP_AV,T,Y_GE15,TOTAL,ALL,12,ALL,ALL,2018,808,,,,,,,,ALL_N1,,,,,,,
IT1:DF_DCSS_ISTR_LAV_PEN_2_TV_3(1.0),A,087025,RESPOP_AV,T,Y_GE15,TOTAL,ALL,12,ALL,ALL,2019,862,,,,,,,,ALL_N1,,,,,,,
IT1:DF_DCSS_ISTR_LAV_PEN_2_TV_3(1.0),A,087025,RESPOP_AV,T,Y_GE15,TOTAL,ALL,12,ALL,ALL,2021,422.334949665332,,,,,,,,ALL_N1,,,,,,,
IT1:DF_DCSS_ISTR_LAV_PEN_2_TV_3(1.0),A,087025,RESPOP_AV,T,Y_GE15,TOTAL,ALL,12,ALL,ALL,2022,396.588089775535,,,,,,,,ALL_N1,,,,,,,
IT1:DF_DCSS_ISTR_LAV_PEN_2_TV_3(1.0),A,087025,RESPOP_AV,T,Y_GE15,TOTAL,ALL,12,ALL,ALL,2023,438.9531403079364,,,,,,,,ALL_N1,,,,,,,
IT1:DF_DCSS_ISTR_LAV_PEN_2_TV_3(1.0),A,087025,RESPOP_AV,T,Y_GE15,TOTAL,ALL,12,ALL,ALL,2024,316.80292892491514,,,,,,,,ALL_N1,,,,,,,
IT1:DF_DCSS_ISTR_LAV_PEN_2_TV_3(1.0),A,087025,RESPOP_AV,T,Y_GE15,TOTAL,ALL,22,ALL,ALL,2018,2521,,,,,,,,ALL_N1,,,,,,,
IT1:DF_DCSS_ISTR_LAV_PEN_2_TV_3(1.0),A,087025,RESPOP_AV,T,Y_GE15,TOTAL,ALL,22,ALL,ALL,2019,2592,,,,,,,,ALL_N1,,,,,,,
IT1:DF_DCSS_ISTR_LAV_PEN_2_TV_3(1.0),A,087025,RESPOP_AV,T,Y_GE15,TOTAL,ALL,22,ALL,ALL,2021,2080.33494966533,,,,,,,,ALL_N1,,,,,,,
IT1:DF_DCSS_ISTR_LAV_PEN_2_TV_3(1.0),A,087025,RESPOP_AV,T,Y_GE15,TOTAL,ALL,22,ALL,ALL,2022,2132.58808977554,,,,,,,,ALL_N1,,,,,,,
IT1:DF_DCSS_ISTR_LAV_PEN_2_TV_3(1.0),A,087025,RESPOP_AV,T,Y_GE15,TOTAL,ALL,22,ALL,ALL,2023,2225.9531403079363,,,,,,,,ALL_N1,,,,,,,
IT1:DF_DCSS_ISTR_LAV_PEN_2_TV_3(1.0),A,087025,RESPOP_AV,T,Y_GE15,TOTAL,ALL,22,ALL,ALL,2024,2166.8029289249152,,,,,,,,ALL_N1,,,,,,,
IT1:DF_DCSS_ISTR_LAV_PEN_2_TV_3(1.0),A,087025,RESPOP_AV,T,Y_GE15,TOTAL,ALL,23,ALL,ALL,2018,3745,,,,,,,,ALL_N1,,,,,,,
IT1:DF_DCSS_ISTR_LAV_PEN_2_TV_3(1.0),A,087025,RESPOP_AV,T,Y_GE15,TOTAL,ALL,23,ALL,ALL,2019,3597,,,,,,,,ALL_N1,,,,,,,
IT1:DF_DCSS_ISTR_LAV_PEN_2_TV_3(1.0),A,087025,RESPOP_AV,T,Y_GE15,TOTAL,ALL,23,ALL,ALL,2021,3943.66505033467,,,,,,,,ALL_N1,,,,,,,
IT1:DF_DCSS_ISTR_LAV_PEN_2_TV_3(1.0),A,087025,RESPOP_AV,T,Y_GE15,TOTAL,ALL,23,ALL,ALL,2022,3853.41191022446,,,,,,,,ALL_N1,,,,,,,
IT1:DF_DCSS_ISTR_LAV_PEN_2_TV_3(1.0),A,087025,RESPOP_AV,T,Y_GE15,TOTAL,ALL,23,ALL,ALL,2023,3717.0468596920637,,,,,,,,ALL_N1,,,,,,,
IT1:DF_DCSS_ISTR_LAV_PEN_2_TV_3(1.0),A,087025,RESPOP_AV,T,Y_GE15,TOTAL,ALL,23,ALL,ALL,2024,3730.1970710750848,,,,,,,,ALL_N1,,,,,,,
IT1:DF_DCSS_ISTR_LAV_PEN_2_TV_3(1.0),A,087025,RESPOP_AV,T,Y_GE15,TOTAL,ALL,24,ALL,ALL,2018,1200,,,,,,,,ALL_N1,,,,,,,
IT1:DF_DCSS_ISTR_LAV_PEN_2_TV_3(1.0),A,087025,RESPOP_AV,T,Y_GE15,TOTAL,ALL,24,ALL,ALL,2019,1281,,,,,,,,ALL_N1,,,,,,,
IT1:DF_DCSS_ISTR_LAV_PEN_2_TV_3(1.0),A,087025,RESPOP_AV,T,Y_GE15,TOTAL,ALL,24,ALL,ALL,2021,1280.77622928545,,,,,,,,ALL_N1,,,,,,,
IT1:DF_DCSS_ISTR_LAV_PEN_2_TV_3(1.0),A,087025,RESPOP_AV,T,Y_GE15,TOTAL,ALL,24,ALL,ALL,2022,1241.85052893688,,,,,,,,ALL_N1,,,,,,,
IT1:DF_DCSS_ISTR_LAV_PEN_2_TV_3(1.0),A,087025,RESPOP_AV,T,Y_GE15,TOTAL,ALL,24,ALL,ALL,2023,1203.214968805516,,,,,,,,ALL_N1,,,,,,,
IT1:DF_DCSS_ISTR_LAV_PEN_2_TV_3(1.0),A,087025,RESPOP_AV,T,Y_GE15,TOTAL,ALL,24,ALL,ALL,2024,1215.958345268171,,,,,,,,ALL_N1,,,,,,,
IT1:DF_DCSS_ISTR_LAV_PEN_2_TV_3(1.0),A,087025,RESPOP_AV,T,Y_GE15,TOTAL,ALL,4,ALL,ALL,2018,1212,,,,,,,,ALL_N1,,,,,,,
IT1:DF_DCSS_ISTR_LAV_PEN_2_TV_3(1.0),A,087025,RESPOP_AV,T,Y_GE15,TOTAL,ALL,4,ALL,ALL,2019,1159,,,,,,,,ALL_N1,,,,,,,
IT1:DF_DCSS_ISTR_LAV_PEN_2_TV_3(1.0),A,087025,RESPOP_AV,T,Y_GE15,TOTAL,ALL,4,ALL,ALL,2021,1338.3386325495,,,,,,,,ALL_N1,,,,,,,
IT1:DF_DCSS_ISTR_LAV_PEN_2_TV_3(1.0),A,087025,RESPOP_AV,T,Y_GE15,TOTAL,ALL,4,ALL,ALL,2022,1342.76099673935,,,,,,,,ALL_N1,,,,,,,
IT1:DF_DCSS_ISTR_LAV_PEN_2_TV_3(1.0),A,087025,RESPOP_AV,T,Y_GE15,TOTAL,ALL,4,ALL,ALL,2023,1340.215349246647,,,,,,,,ALL_N1,,,,,,,
IT1:DF_DCSS_ISTR_LAV_PEN_2_TV_3(1.0),A,087025,RESPOP_AV,T,Y_GE15,TOTAL,ALL,4,ALL,ALL,2024,1280.383824736892,,,,,,,,ALL_N1,,,,,,,
IT1:DF_DCSS_ISTR_LAV_PEN_2_TV_3(1.0),A,087025,RESPOP_AV,T,Y_GE15,TOTAL,ALL,5,ALL,ALL,2018,419,,,,,,,,ALL_N1,,,,,,,
IT1:DF_DCSS_ISTR_LAV_PEN_2_TV_3(1.0),A,087025,RESPOP_AV,T,Y_GE15,TOTAL,ALL,5,ALL,ALL,2019,440,,,,,,,,ALL_N1,,,,,,,
IT1:DF_DCSS_ISTR_LAV_PEN_2_TV_3(1.0),A,087025,RESPOP_AV,T,Y_GE15,TOTAL,ALL,5,ALL,ALL,2021,496.799182441523,,,,,,,,ALL_N1,,,,,,,
IT1:DF_DCSS_ISTR_LAV_PEN_2_TV_3(1.0),A,087025,RESPOP_AV,T,Y_GE15,TOTAL,ALL,5,ALL,ALL,2022,495.54918328092,,,,,,,,ALL_N1,,,,,,,
IT1:DF_DCSS_ISTR_LAV_PEN_2_TV_3(1.0),A,087025,RESPOP_AV,T,Y_GE15,TOTAL,ALL,5,ALL,ALL,2023,441.47581387315466,,,,,,,,ALL_N1,,,,,,,
IT1:DF_DCSS_ISTR_LAV_PEN_2_TV_3(1.0),A,087025,RESPOP_AV,T,Y_GE15,TOTAL,ALL,5,ALL,ALL,2024,462.2570965600826,,,,,,,,ALL_N1,,,,,,,
IT1:DF_DCSS_ISTR_LAV_PEN_2_TV_3(1.0),A,087025,RESPOP_AV,T,Y_GE15,TOTAL,ALL,7,ALL,ALL,2018,914,,,,,,,,ALL_N1,,,,,,,
IT1:DF_DCSS_ISTR_LAV_PEN_2_TV_3(1.0),A,087025,RESPOP_AV,T,Y_GE15,TOTAL,ALL,7,ALL,ALL,2019,717,,,,,,,,ALL_N1,,,,,,,
IT1:DF_DCSS_ISTR_LAV_PEN_2_TV_3(1.0),A,087025,RESPOP_AV,T,Y_GE15,TOTAL,ALL,7,ALL,ALL,2021,827.751006058197,,,,,,,,ALL_N1,,,,,,,
IT1:DF_DCSS_ISTR_LAV_PEN_2_TV_3(1.0),A,087025,RESPOP_AV,T,Y_GE15,TOTAL,ALL,7,ALL,ALL,2022,773.251201267313,,,,,,,,ALL_N1,,,,,,,
IT1:DF_DCSS_ISTR_LAV_PEN_2_TV_3(1.0),A,087025,RESPOP_AV,T,Y_GE15,TOTAL,ALL,7,ALL,ALL,2023,732.1407277667457,,,,,,,,ALL_N1,,,,,,,
IT1:DF_DCSS_ISTR_LAV_PEN_2_TV_3(1.0),A,087025,RESPOP_AV,T,Y_GE15,TOTAL,ALL,7,ALL,ALL,2024,771.5978045099395,,,,,,,,ALL_N1,,,,,,,
IT1:DF_DCSS_ISTR_LAV_PEN_2_TV_3(1.0),A,087025,RESPOP_AV,T,Y_GE15,TOTAL,ALL,99,ALL,ALL,2018,6266,,,,,,,,ALL_N1,99_N1,,,,,,
IT1:DF_DCSS_ISTR_LAV_PEN_2_TV_3(1.0),A,087025,RESPOP_AV,T,Y_GE15,TOTAL,ALL,99,ALL,ALL,2019,6189,,,,,,,,ALL_N1,99_N1,,,,,,
IT1:DF_DCSS_ISTR_LAV_PEN_2_TV_3(1.0),A,087025,RESPOP_AV,T,Y_GE15,TOTAL,ALL,99,ALL,ALL,2021,6024,,,,,,,,ALL_N1,99_N1,,,,,,
IT1:DF_DCSS_ISTR_LAV_PEN_2_TV_3(1.0),A,087025,RESPOP_AV,T,Y_GE15,TOTAL,ALL,99,ALL,ALL,2022,5986,,,,,,,,ALL_N1,99_N1,,,,,,
IT1:DF_DCSS_ISTR_LAV_PEN_2_TV_3(1.0),A,087025,RESPOP_AV,T,Y_GE15,TOTAL,ALL,99,ALL,ALL,2023,5943,,,,,,,,ALL_N1,99_N1,,,,,,
IT1:DF_DCSS_ISTR_LAV_PEN_2_TV_3(1.0),A,087025,RESPOP_AV,T,Y_GE15,TOTAL,ALL,99,ALL,ALL,2024,5897,,,,,,,,ALL_N1,99_N1,,,,,,
IT1:DF_DCSS_ISTR_LAV_PEN_2_TV_3(1.0),A,087026,RESPOP_AV,F,Y_GE15,TOTAL,ALL,1,ALL,ALL,2018,129,,,,,,,,ALL_N1,,,,,,,
IT1:DF_DCSS_ISTR_LAV_PEN_2_TV_3(1.0),A,087026,RESPOP_AV,F,Y_GE15,TOTAL,ALL,1,ALL,ALL,2019,131,,,,,,,,ALL_N1,,,,,,,
IT1:DF_DCSS_ISTR_LAV_PEN_2_TV_3(1.0),A,087026,RESPOP_AV,F,Y_GE15,TOTAL,ALL,1,ALL,ALL,2021,140,,,,,,,,ALL_N1,,,,,,,
IT1:DF_DCSS_ISTR_LAV_PEN_2_TV_3(1.0),A,087026,RESPOP_AV,F,Y_GE15,TOTAL,ALL,1,ALL,ALL,2022,140,,,,,,,,ALL_N1,,,,,,,
IT1:DF_DCSS_ISTR_LAV_PEN_2_TV_3(1.0),A,087026,RESPOP_AV,F,Y_GE15,TOTAL,ALL,1,ALL,ALL,2023,140,,,,,,,,ALL_N1,,,,,,,
IT1:DF_DCSS_ISTR_LAV_PEN_2_TV_3(1.0),A,087026,RESPOP_AV,F,Y_GE15,TOTAL,ALL,1,ALL,ALL,2024,148,,,,,,,,ALL_N1,,,,,,,
IT1:DF_DCSS_ISTR_LAV_PEN_2_TV_3(1.0),A,087026,RESPOP_AV,F,Y_GE15,TOTAL,ALL,12,ALL,ALL,2018,52,,,,,,,,ALL_N1,,,,,,,
IT1:DF_DCSS_ISTR_LAV_PEN_2_TV_3(1.0),A,087026,RESPOP_AV,F,Y_GE15,TOTAL,ALL,12,ALL,ALL,2019,51,,,,,,,,ALL_N1,,,,,,,
IT1:DF_DCSS_ISTR_LAV_PEN_2_TV_3(1.0),A,087026,RESPOP_AV,F,Y_GE15,TOTAL,ALL,12,ALL,ALL,2021,23.9050349048537,,,,,,,,ALL_N1,,,,,,,
IT1:DF_DCSS_ISTR_LAV_PEN_2_TV_3(1.0),A,087026,RESPOP_AV,F,Y_GE15,TOTAL,ALL,12,ALL,ALL,2022,31.7843050298129,,,,,,,,ALL_N1,,,,,,,
IT1:DF_DCSS_ISTR_LAV_PEN_2_TV_3(1.0),A,087026,RESPOP_AV,F,Y_GE15,TOTAL,ALL,12,ALL,ALL,2023,30.549360180031343,,,,,,,,ALL_N1,,,,,,,
IT1:DF_DCSS_ISTR_LAV_PEN_2_TV_3(1.0),A,087026,RESPOP_AV,F,Y_GE15,TOTAL,ALL,12,ALL,ALL,2024,20.578275040189233,,,,,,,,ALL_N1,,,,,,,
IT1:DF_DCSS_ISTR_LAV_PEN_2_TV_3(1.0),A,087026,RESPOP_AV,F,Y_GE15,TOTAL,ALL,22,ALL,ALL,2018,181,,,,,,,,ALL_N1,,,,,,,
IT1:DF_DCSS_ISTR_LAV_PEN_2_TV_3(1.0),A,087026,RESPOP_AV,F,Y_GE15,TOTAL,ALL,22,ALL,ALL,2019,182,,,,,,,,ALL_N1,,,,,,,
IT1:DF_DCSS_ISTR_LAV_PEN_2_TV_3(1.0),A,087026,RESPOP_AV,F,Y_GE15,TOTAL,ALL,22,ALL,ALL,2021,163.905034904854,,,,,,,,ALL_N1,,,,,,,
IT1:DF_DCSS_ISTR_LAV_PEN_2_TV_3(1.0),A,087026,RESPOP_AV,F,Y_GE15,TOTAL,ALL,22,ALL,ALL,2022,171.784305029813,,,,,,,,ALL_N1,,,,,,,
IT1:DF_DCSS_ISTR_LAV_PEN_2_TV_3(1.0),A,087026,RESPOP_AV,F,Y_GE15,TOTAL,ALL,22,ALL,ALL,2023,170.54936018003136,,,,,,,,ALL_N1,,,,,,,
IT1:DF_DCSS_ISTR_LAV_PEN_2_TV_3(1.0),A,087026,RESPOP_AV,F,Y_GE15,TOTAL,ALL,22,ALL,ALL,2024,168.57827504018923,,,,,,,,ALL_N1,,,,,,,
IT1:DF_DCSS_ISTR_LAV_PEN_2_TV_3(1.0),A,087026,RESPOP_AV,F,Y_GE15,TOTAL,ALL,23,ALL,ALL,2018,280,,,,,,,,ALL_N1,,,,,,,
IT1:DF_DCSS_ISTR_LAV_PEN_2_TV_3(1.0),A,087026,RESPOP_AV,F,Y_GE15,TOTAL,ALL,23,ALL,ALL,2019,274,,,,,,,,ALL_N1,,,,,,,
IT1:DF_DCSS_ISTR_LAV_PEN_2_TV_3(1.0),A,087026,RESPOP_AV,F,Y_GE15,TOTAL,ALL,23,ALL,ALL,2021,286.094965095146,,,,,,,,ALL_N1,,,,,,,
IT1:DF_DCSS_ISTR_LAV_PEN_2_TV_3(1.0),A,087026,RESPOP_AV,F,Y_GE15,TOTAL,ALL,23,ALL,ALL,2022,279.215694970187,,,,,,,,ALL_N1,,,,,,,
IT1:DF_DCSS_ISTR_LAV_PEN_2_TV_3(1.0),A,087026,RESPOP_AV,F,Y_GE15,TOTAL,ALL,23,ALL,ALL,2023,265.4506398199687,,,,,,,,ALL_N1,,,,,,,
IT1:DF_DCSS_ISTR_LAV_PEN_2_TV_3(1.0),A,087026,RESPOP_AV,F,Y_GE15,TOTAL,ALL,23,ALL,ALL,2024,274.4217249598108,,,,,,,,ALL_N1,,,,,,,
IT1:DF_DCSS_ISTR_LAV_PEN_2_TV_3(1.0),A,087026,RESPOP_AV,F,Y_GE15,TOTAL,ALL,24,ALL,ALL,2018,115,,,,,,,,ALL_N1,,,,,,,
IT1:DF_DCSS_ISTR_LAV_PEN_2_TV_3(1.0),A,087026,RESPOP_AV,F,Y_GE15,TOTAL,ALL,24,ALL,ALL,2019,112,,,,,,,,ALL_N1,,,,,,,
IT1:DF_DCSS_ISTR_LAV_PEN_2_TV_3(1.0),A,087026,RESPOP_AV,F,Y_GE15,TOTAL,ALL,24,ALL,ALL,2021,111.994433729835,,,,,,,,ALL_N1,,,,,,,
IT1:DF_DCSS_ISTR_LAV_PEN_2_TV_3(1.0),A,087026,RESPOP_AV,F,Y_GE15,TOTAL,ALL,24,ALL,ALL,2022,108.464300962343,,,,,,,,ALL_N1,,,,,,,
IT1:DF_DCSS_ISTR_LAV_PEN_2_TV_3(1.0),A,087026,RESPOP_AV,F,Y_GE15,TOTAL,ALL,24,ALL,ALL,2023,107.61576581868964,,,,,,,,ALL_N1,,,,,,,
IT1:DF_DCSS_ISTR_LAV_PEN_2_TV_3(1.0),A,087026,RESPOP_AV,F,Y_GE15,TOTAL,ALL,24,ALL,ALL,2024,104.58591635282355,,,,,,,,ALL_N1,,,,,,,
IT1:DF_DCSS_ISTR_LAV_PEN_2_TV_3(1.0),A,087026,RESPOP_AV,F,Y_GE15,TOTAL,ALL,4,ALL,ALL,2018,84,,,,,,,,ALL_N1,,,,,,,
IT1:DF_DCSS_ISTR_LAV_PEN_2_TV_3(1.0),A,087026,RESPOP_AV,F,Y_GE15,TOTAL,ALL,4,ALL,ALL,2019,89,,,,,,,,ALL_N1,,,,,,,
IT1:DF_DCSS_ISTR_LAV_PEN_2_TV_3(1.0),A,087026,RESPOP_AV,F,Y_GE15,TOTAL,ALL,4,ALL,ALL,2021,97.6123908259285,,,,,,,,ALL_N1,,,,,,,
IT1:DF_DCSS_ISTR_LAV_PEN_2_TV_3(1.0),A,087026,RESPOP_AV,F,Y_GE15,TOTAL,ALL,4,ALL,ALL,2022,95.3042042538122,,,,,,,,ALL_N1,,,,,,,
IT1:DF_DCSS_ISTR_LAV_PEN_2_TV_3(1.0),A,087026,RESPOP_AV,F,Y_GE15,TOTAL,ALL,4,ALL,ALL,2023,90.77239722135418,,,,,,,,ALL_N1,,,,,,,
IT1:DF_DCSS_ISTR_LAV_PEN_2_TV_3(1.0),A,087026,RESPOP_AV,F,Y_GE15,TOTAL,ALL,4,ALL,ALL,2024,93.57272064654163,,,,,,,,ALL_N1,,,,,,,
IT1:DF_DCSS_ISTR_LAV_PEN_2_TV_3(1.0),A,087026,RESPOP_AV,F,Y_GE15,TOTAL,ALL,5,ALL,ALL,2018,34,,,,,,,,ALL_N1,,,,,,,
IT1:DF_DCSS_ISTR_LAV_PEN_2_TV_3(1.0),A,087026,RESPOP_AV,F,Y_GE15,TOTAL,ALL,5,ALL,ALL,2019,33,,,,,,,,ALL_N1,,,,,,,
IT1:DF_DCSS_ISTR_LAV_PEN_2_TV_3(1.0),A,087026,RESPOP_AV,F,Y_GE15,TOTAL,ALL,5,ALL,ALL,2021,33.5468020164916,,,,,,,,ALL_N1,,,,,,,
IT1:DF_DCSS_ISTR_LAV_PEN_2_TV_3(1.0),A,087026,RESPOP_AV,F,Y_GE15,TOTAL,ALL,5,ALL,ALL,2022,33.0377856317927,,,,,,,,ALL_N1,,,,,,,
IT1:DF_DCSS_ISTR_LAV_PEN_2_TV_3(1.0),A,087026,RESPOP_AV,F,Y_GE15,TOTAL,ALL,5,ALL,ALL,2023,28.243795349309213,,,,,,,,ALL_N1,,,,,,,
IT1:DF_DCSS_ISTR_LAV_PEN_2_TV_3(1.0),A,087026,RESPOP_AV,F,Y_GE15,TOTAL,ALL,5,ALL,ALL,2024,30.793732561685253,,,,,,,,ALL_N1,,,,,,,
IT1:DF_DCSS_ISTR_LAV_PEN_2_TV_3(1.0),A,087026,RESPOP_AV,F,Y_GE15,TOTAL,ALL,7,ALL,ALL,2018,47,,,,,,,,ALL_N1,,,,,,,
IT1:DF_DCSS_ISTR_LAV_PEN_2_TV_3(1.0),A,087026,RESPOP_AV,F,Y_GE15,TOTAL,ALL,7,ALL,ALL,2019,40,,,,,,,,ALL_N1,,,,,,,
IT1:DF_DCSS_ISTR_LAV_PEN_2_TV_3(1.0),A,087026,RESPOP_AV,F,Y_GE15,TOTAL,ALL,7,ALL,ALL,2021,42.941338522891,,,,,,,,ALL_N1,,,,,,,
IT1:DF_DCSS_ISTR_LAV_PEN_2_TV_3(1.0),A,087026,RESPOP_AV,F,Y_GE15,TOTAL,ALL,7,ALL,ALL,2022,42.4094041222393,,,,,,,,ALL_N1,,,,,,,
IT1:DF_DCSS_ISTR_LAV_PEN_2_TV_3(1.0),A,087026,RESPOP_AV,F,Y_GE15,TOTAL,ALL,7,ALL,ALL,2023,38.81868143061569,,,,,,,,ALL_N1,,,,,,,
IT1:DF_DCSS_ISTR_LAV_PEN_2_TV_3(1.0),A,087026,RESPOP_AV,F,Y_GE15,TOTAL,ALL,7,ALL,ALL,2024,45.46935539876037,,,,,,,,ALL_N1,,,,,,,
IT1:DF_DCSS_ISTR_LAV_PEN_2_TV_3(1.0),A,087026,RESPOP_AV,F,Y_GE15,TOTAL,ALL,99,ALL,ALL,2018,461,,,,,,,,ALL_N1,99_N1,,,,,,
IT1:DF_DCSS_ISTR_LAV_PEN_2_TV_3(1.0),A,087026,RESPOP_AV,F,Y_GE15,TOTAL,ALL,99,ALL,ALL,2019,456,,,,,,,,ALL_N1,99_N1,,,,,,
IT1:DF_DCSS_ISTR_LAV_PEN_2_TV_3(1.0),A,087026,RESPOP_AV,F,Y_GE15,TOTAL,ALL,99,ALL,ALL,2021,450,,,,,,,,ALL_N1,99_N1,,,,,,
IT1:DF_DCSS_ISTR_LAV_PEN_2_TV_3(1.0),A,087026,RESPOP_AV,F,Y_GE15,TOTAL,ALL,99,ALL,ALL,2022,451,,,,,,,,ALL_N1,99_N1,,,,,,
IT1:DF_DCSS_ISTR_LAV_PEN_2_TV_3(1.0),A,087026,RESPOP_AV,F,Y_GE15,TOTAL,ALL,99,ALL,ALL,2023,436.00000000000006,,,,,,,,ALL_N1,99_N1,,,,,,
IT1:DF_DCSS_ISTR_LAV_PEN_2_TV_3(1.0),A,087026,RESPOP_AV,F,Y_GE15,TOTAL,ALL,99,ALL,ALL,2024,443,,,,,,,,ALL_N1,99_N1,,,,,,
IT1:DF_DCSS_ISTR_LAV_PEN_2_TV_3(1.0),A,087026,RESPOP_AV,M,Y_GE15,TOTAL,ALL,1,ALL,ALL,2018,196,,,,,,,,ALL_N1,,,,,,,
IT1:DF_DCSS_ISTR_LAV_PEN_2_TV_3(1.0),A,087026,RESPOP_AV,M,Y_GE15,TOTAL,ALL,1,ALL,ALL,2019,202,,,,,,,,ALL_N1,,,,,,,
IT1:DF_DCSS_ISTR_LAV_PEN_2_TV_3(1.0),A,087026,RESPOP_AV,M,Y_GE15,TOTAL,ALL,1,ALL,ALL,2021,206,,,,,,,,ALL_N1,,,,,,,
IT1:DF_DCSS_ISTR_LAV_PEN_2_TV_3(1.0),A,087026,RESPOP_AV,M,Y_GE15,TOTAL,ALL,1,ALL,ALL,2022,217,,,,,,,,ALL_N1,,,,,,,
IT1:DF_DCSS_ISTR_LAV_PEN_2_TV_3(1.0),A,087026,RESPOP_AV,M,Y_GE15,TOTAL,ALL,1,ALL,ALL,2023,221,,,,,,,,ALL_N1,,,,,,,
IT1:DF_DCSS_ISTR_LAV_PEN_2_TV_3(1.0),A,087026,RESPOP_AV,M,Y_GE15,TOTAL,ALL,1,ALL,ALL,2024,220,,,,,,,,ALL_N1,,,,,,,
IT1:DF_DCSS_ISTR_LAV_PEN_2_TV_3(1.0),A,087026,RESPOP_AV,M,Y_GE15,TOTAL,ALL,12,ALL,ALL,2018,60,,,,,,,,ALL_N1,,,,,,,
IT1:DF_DCSS_ISTR_LAV_PEN_2_TV_3(1.0),A,087026,RESPOP_AV,M,Y_GE15,TOTAL,ALL,12,ALL,ALL,2019,59,,,,,,,,ALL_N1,,,,,,,
IT1:DF_DCSS_ISTR_LAV_PEN_2_TV_3(1.0),A,087026,RESPOP_AV,M,Y_GE15,TOTAL,ALL,12,ALL,ALL,2021,32.4205064378312,,,,,,,,ALL_N1,,,,,,,
IT1:DF_DCSS_ISTR_LAV_PEN_2_TV_3(1.0),A,087026,RESPOP_AV,M,Y_GE15,TOTAL,ALL,12,ALL,ALL,2022,39.2660930640494,,,,,,,,ALL_N1,,,,,,,
IT1:DF_DCSS_ISTR_LAV_PEN_2_TV_3(1.0),A,087026,RESPOP_AV,M,Y_GE15,TOTAL,ALL,12,ALL,ALL,2023,36.62692481901988,,,,,,,,ALL_N1,,,,,,,
IT1:DF_DCSS_ISTR_LAV_PEN_2_TV_3(1.0),A,087026,RESPOP_AV,M,Y_GE15,TOTAL,ALL,12,ALL,ALL,2024,23.498567136918624,,,,,,,,ALL_N1,,,,,,,
IT1:DF_DCSS_ISTR_LAV_PEN_2_TV_3(1.0),A,087026,RESPOP_AV,M,Y_GE15,TOTAL,ALL,22,ALL,ALL,2018,256,,,,,,,,ALL_N1,,,,,,,
IT1:DF_DCSS_ISTR_LAV_PEN_2_TV_3(1.0),A,087026,RESPOP_AV,M,Y_GE15,TOTAL,ALL,22,ALL,ALL,2019,261,,,,,,,,ALL_N1,,,,,,,
IT1:DF_DCSS_ISTR_LAV_PEN_2_TV_3(1.0),A,087026,RESPOP_AV,M,Y_GE15,TOTAL,ALL,22,ALL,ALL,2021,238.420506437831,,,,,,,,ALL_N1,,,,,,,
IT1:DF_DCSS_ISTR_LAV_PEN_2_TV_3(1.0),A,087026,RESPOP_AV,M,Y_GE15,TOTAL,ALL,22,ALL,ALL,2022,256.266093064049,,,,,,,,ALL_N1,,,,,,,
IT1:DF_DCSS_ISTR_LAV_PEN_2_TV_3(1.0),A,087026,RESPOP_AV,M,Y_GE15,TOTAL,ALL,22,ALL,ALL,2023,257.62692481901985,,,,,,,,ALL_N1,,,,,,,
IT1:DF_DCSS_ISTR_LAV_PEN_2_TV_3(1.0),A,087026,RESPOP_AV,M,Y_GE15,TOTAL,ALL,22,ALL,ALL,2024,243.4985671369186,,,,,,,,ALL_N1,,,,,,,
IT1:DF_DCSS_ISTR_LAV_PEN_2_TV_3(1.0),A,087026,RESPOP_AV,M,Y_GE15,TOTAL,ALL,23,ALL,ALL,2018,205,,,,,,,,ALL_N1,,,,,,,
IT1:DF_DCSS_ISTR_LAV_PEN_2_TV_3(1.0),A,087026,RESPOP_AV,M,Y_GE15,TOTAL,ALL,23,ALL,ALL,2019,197,,,,,,,,ALL_N1,,,,,,,
IT1:DF_DCSS_ISTR_LAV_PEN_2_TV_3(1.0),A,087026,RESPOP_AV,M,Y_GE15,TOTAL,ALL,23,ALL,ALL,2021,238.579493562169,,,,,,,,ALL_N1,,,,,,,
IT1:DF_DCSS_ISTR_LAV_PEN_2_TV_3(1.0),A,087026,RESPOP_AV,M,Y_GE15,TOTAL,ALL,23,ALL,ALL,2022,224.733906935951,,,,,,,,ALL_N1,,,,,,,
IT1:DF_DCSS_ISTR_LAV_PEN_2_TV_3(1.0),A,087026,RESPOP_AV,M,Y_GE15,TOTAL,ALL,23,ALL,ALL,2023,229.37307518098012,,,,,,,,ALL_N1,,,,,,,
IT1:DF_DCSS_ISTR_LAV_PEN_2_TV_3(1.0),A,087026,RESPOP_AV,M,Y_GE15,TOTAL,ALL,23,ALL,ALL,2024,241.50143286308133,,,,,,,,ALL_N1,,,,,,,
IT1:DF_DCSS_ISTR_LAV_PEN_2_TV_3(1.0),A,087026,RESPOP_AV,M,Y_GE15,TOTAL,ALL,24,ALL,ALL,2018,113,,,,,,,,ALL_N1,,,,,,,
IT1:DF_DCSS_ISTR_LAV_PEN_2_TV_3(1.0),A,087026,RESPOP_AV,M,Y_GE15,TOTAL,ALL,24,ALL,ALL,2019,112,,,,,,,,ALL_N1,,,,,,,
IT1:DF_DCSS_ISTR_LAV_PEN_2_TV_3(1.0),A,087026,RESPOP_AV,M,Y_GE15,TOTAL,ALL,24,ALL,ALL,2021,127.090145850626,,,,,,,,ALL_N1,,,,,,,
IT1:DF_DCSS_ISTR_LAV_PEN_2_TV_3(1.0),A,087026,RESPOP_AV,M,Y_GE15,TOTAL,ALL,24,ALL,ALL,2022,129.605852051782,,,,,,,,ALL_N1,,,,,,,
IT1:DF_DCSS_ISTR_LAV_PEN_2_TV_3(1.0),A,087026,RESPOP_AV,M,Y_GE15,TOTAL,ALL,24,ALL,ALL,2023,130.6437632454709,,,,,,,,ALL_N1,,,,,,,
IT1:DF_DCSS_ISTR_LAV_PEN_2_TV_3(1.0),A,087026,RESPOP_AV,M,Y_GE15,TOTAL,ALL,24,ALL,ALL,2024,132.94326139620986,,,,,,,,ALL_N1,,,,,,,
IT1:DF_DCSS_ISTR_LAV_PEN_2_TV_3(1.0),A,087026,RESPOP_AV,M,Y_GE15,TOTAL,ALL,4,ALL,ALL,2018,4,,,,,,,,ALL_N1,,,,,,,
IT1:DF_DCSS_ISTR_LAV_PEN_2_TV_3(1.0),A,087026,RESPOP_AV,M,Y_GE15,TOTAL,ALL,4,ALL,ALL,2019,5,,,,,,,,ALL_N1,,,,,,,
IT1:DF_DCSS_ISTR_LAV_PEN_2_TV_3(1.0),A,087026,RESPOP_AV,M,Y_GE15,TOTAL,ALL,4,ALL,ALL,2021,7.91172048872352,,,,,,,,ALL_N1,,,,,,,
IT1:DF_DCSS_ISTR_LAV_PEN_2_TV_3(1.0),A,087026,RESPOP_AV,M,Y_GE15,TOTAL,ALL,4,ALL,ALL,2022,6.67555906422355,,,,,,,,ALL_N1,,,,,,,
IT1:DF_DCSS_ISTR_LAV_PEN_2_TV_3(1.0),A,087026,RESPOP_AV,M,Y_GE15,TOTAL,ALL,4,ALL,ALL,2023,8.093544435661006,,,,,,,,ALL_N1,,,,,,,
IT1:DF_DCSS_ISTR_LAV_PEN_2_TV_3(1.0),A,087026,RESPOP_AV,M,Y_GE15,TOTAL,ALL,4,ALL,ALL,2024,8.420197567579303,,,,,,,,ALL_N1,,,,,,,
IT1:DF_DCSS_ISTR_LAV_PEN_2_TV_3(1.0),A,087026,RESPOP_AV,M,Y_GE15,TOTAL,ALL,5,ALL,ALL,2018,23,,,,,,,,ALL_N1,,,,,,,
IT1:DF_DCSS_ISTR_LAV_PEN_2_TV_3(1.0),A,087026,RESPOP_AV,M,Y_GE15,TOTAL,ALL,5,ALL,ALL,2019,21,,,,,,,,ALL_N1,,,,,,,
IT1:DF_DCSS_ISTR_LAV_PEN_2_TV_3(1.0),A,087026,RESPOP_AV,M,Y_GE15,TOTAL,ALL,5,ALL,ALL,2021,29.8311647965097,,,,,,,,ALL_N1,,,,,,,
IT1:DF_DCSS_ISTR_LAV_PEN_2_TV_3(1.0),A,087026,RESPOP_AV,M,Y_GE15,TOTAL,ALL,5,ALL,ALL,2022,29.1674891099855,,,,,,,,ALL_N1,,,,,,,
IT1:DF_DCSS_ISTR_LAV_PEN_2_TV_3(1.0),A,087026,RESPOP_AV,M,Y_GE15,TOTAL,ALL,5,ALL,ALL,2023,31.313646899104576,,,,,,,,ALL_N1,,,,,,,
IT1:DF_DCSS_ISTR_LAV_PEN_2_TV_3(1.0),A,087026,RESPOP_AV,M,Y_GE15,TOTAL,ALL,5,ALL,ALL,2024,30.169661437305756,,,,,,,,ALL_N1,,,,,,,
IT1:DF_DCSS_ISTR_LAV_PEN_2_TV_3(1.0),A,087026,RESPOP_AV,M,Y_GE15,TOTAL,ALL,7,ALL,ALL,2018,65,,,,,,,,ALL_N1,,,,,,,
IT1:DF_DCSS_ISTR_LAV_PEN_2_TV_3(1.0),A,087026,RESPOP_AV,M,Y_GE15,TOTAL,ALL,7,ALL,ALL,2019,59,,,,,,,,ALL_N1,,,,,,,
IT1:DF_DCSS_ISTR_LAV_PEN_2_TV_3(1.0),A,087026,RESPOP_AV,M,Y_GE15,TOTAL,ALL,7,ALL,ALL,2021,73.7464624263093,,,,,,,,ALL_N1,,,,,,,
IT1:DF_DCSS_ISTR_LAV_PEN_2_TV_3(1.0),A,087026,RESPOP_AV,M,Y_GE15,TOTAL,ALL,7,ALL,ALL,2022,59.2850067099598,,,,,,,,ALL_N1,,,,,,,
IT1:DF_DCSS_ISTR_LAV_PEN_2_TV_3(1.0),A,087026,RESPOP_AV,M,Y_GE15,TOTAL,ALL,7,ALL,ALL,2023,59.322120600743645,,,,,,,,ALL_N1,,,,,,,
IT1:DF_DCSS_ISTR_LAV_PEN_2_TV_3(1.0),A,087026,RESPOP_AV,M,Y_GE15,TOTAL,ALL,7,ALL,ALL,2024,69.96831246198641,,,,,,,,ALL_N1,,,,,,,
IT1:DF_DCSS_ISTR_LAV_PEN_2_TV_3(1.0),A,087026,RESPOP_AV,M,Y_GE15,TOTAL,ALL,99,ALL,ALL,2018,461,,,,,,,,ALL_N1,99_N1,,,,,,
IT1:DF_DCSS_ISTR_LAV_PEN_2_TV_3(1.0),A,087026,RESPOP_AV,M,Y_GE15,TOTAL,ALL,99,ALL,ALL,2019,458,,,,,,,,ALL_N1,99_N1,,,,,,
IT1:DF_DCSS_ISTR_LAV_PEN_2_TV_3(1.0),A,087026,RESPOP_AV,M,Y_GE15,TOTAL,ALL,99,ALL,ALL,2021,477,,,,,,,,ALL_N1,99_N1,,,,,,
IT1:DF_DCSS_ISTR_LAV_PEN_2_TV_3(1.0),A,087026,RESPOP_AV,M,Y_GE15,TOTAL,ALL,99,ALL,ALL,2022,481,,,,,,,,ALL_N1,99_N1,,,,,,
IT1:DF_DCSS_ISTR_LAV_PEN_2_TV_3(1.0),A,087026,RESPOP_AV,M,Y_GE15,TOTAL,ALL,99,ALL,ALL,2023,487,,,,,,,,ALL_N1,99_N1,,,,,,
IT1:DF_DCSS_ISTR_LAV_PEN_2_TV_3(1.0),A,087026,RESPOP_AV,M,Y_GE15,TOTAL,ALL,99,ALL,ALL,2024,484.99999999999994,,,,,,,,ALL_N1,99_N1,,,,,,
IT1:DF_DCSS_ISTR_LAV_PEN_2_TV_3(1.0),A,087026,RESPOP_AV,T,Y_GE15,TOTAL,ALL,1,ALL,ALL,2018,325,,,,,,,,ALL_N1,,,,,,,
IT1:DF_DCSS_ISTR_LAV_PEN_2_TV_3(1.0),A,087026,RESPOP_AV,T,Y_GE15,TOTAL,ALL,1,ALL,ALL,2019,333,,,,,,,,ALL_N1,,,,,,,
IT1:DF_DCSS_ISTR_LAV_PEN_2_TV_3(1.0),A,087026,RESPOP_AV,T,Y_GE15,TOTAL,ALL,1,ALL,ALL,2021,346,,,,,,,,ALL_N1,,,,,,,
IT1:DF_DCSS_ISTR_LAV_PEN_2_TV_3(1.0),A,087026,RESPOP_AV,T,Y_GE15,TOTAL,ALL,1,ALL,ALL,2022,357,,,,,,,,ALL_N1,,,,,,,
IT1:DF_DCSS_ISTR_LAV_PEN_2_TV_3(1.0),A,087026,RESPOP_AV,T,Y_GE15,TOTAL,ALL,1,ALL,ALL,2023,361,,,,,,,,ALL_N1,,,,,,,
IT1:DF_DCSS_ISTR_LAV_PEN_2_TV_3(1.0),A,087026,RESPOP_AV,T,Y_GE15,TOTAL,ALL,1,ALL,ALL,2024,368,,,,,,,,ALL_N1,,,,,,,
IT1:DF_DCSS_ISTR_LAV_PEN_2_TV_3(1.0),A,087026,RESPOP_AV,T,Y_GE15,TOTAL,ALL,12,ALL,ALL,2018,112,,,,,,,,ALL_N1,,,,,,,
IT1:DF_DCSS_ISTR_LAV_PEN_2_TV_3(1.0),A,087026,RESPOP_AV,T,Y_GE15,TOTAL,ALL,12,ALL,ALL,2019,110,,,,,,,,ALL_N1,,,,,,,
IT1:DF_DCSS_ISTR_LAV_PEN_2_TV_3(1.0),A,087026,RESPOP_AV,T,Y_GE15,TOTAL,ALL,12,ALL,ALL,2021,56.3255413426848,,,,,,,,ALL_N1,,,,,,,
IT1:DF_DCSS_ISTR_LAV_PEN_2_TV_3(1.0),A,087026,RESPOP_AV,T,Y_GE15,TOTAL,ALL,12,ALL,ALL,2022,71.0503980938623,,,,,,,,ALL_N1,,,,,,,
IT1:DF_DCSS_ISTR_LAV_PEN_2_TV_3(1.0),A,087026,RESPOP_AV,T,Y_GE15,TOTAL,ALL,12,ALL,ALL,2023,67.17628499905122,,,,,,,,ALL_N1,,,,,,,
IT1:DF_DCSS_ISTR_LAV_PEN_2_TV_3(1.0),A,087026,RESPOP_AV,T,Y_GE15,TOTAL,ALL,12,ALL,ALL,2024,44.07684217710786,,,,,,,,ALL_N1,,,,,,,
IT1:DF_DCSS_ISTR_LAV_PEN_2_TV_3(1.0),A,087026,RESPOP_AV,T,Y_GE15,TOTAL,ALL,22,ALL,ALL,2018,437,,,,,,,,ALL_N1,,,,,,,
IT1:DF_DCSS_ISTR_LAV_PEN_2_TV_3(1.0),A,087026,RESPOP_AV,T,Y_GE15,TOTAL,ALL,22,ALL,ALL,2019,443,,,,,,,,ALL_N1,,,,,,,
IT1:DF_DCSS_ISTR_LAV_PEN_2_TV_3(1.0),A,087026,RESPOP_AV,T,Y_GE15,TOTAL,ALL,22,ALL,ALL,2021,402.325541342685,,,,,,,,ALL_N1,,,,,,,
IT1:DF_DCSS_ISTR_LAV_PEN_2_TV_3(1.0),A,087026,RESPOP_AV,T,Y_GE15,TOTAL,ALL,22,ALL,ALL,2022,428.050398093862,,,,,,,,ALL_N1,,,,,,,
IT1:DF_DCSS_ISTR_LAV_PEN_2_TV_3(1.0),A,087026,RESPOP_AV,T,Y_GE15,TOTAL,ALL,22,ALL,ALL,2023,428.17628499905123,,,,,,,,ALL_N1,,,,,,,
IT1:DF_DCSS_ISTR_LAV_PEN_2_TV_3(1.0),A,087026,RESPOP_AV,T,Y_GE15,TOTAL,ALL,22,ALL,ALL,2024,412.07684217710784,,,,,,,,ALL_N1,,,,,,,
IT1:DF_DCSS_ISTR_LAV_PEN_2_TV_3(1.0),A,087026,RESPOP_AV,T,Y_GE15,TOTAL,ALL,23,ALL,ALL,2018,485,,,,,,,,ALL_N1,,,,,,,
IT1:DF_DCSS_ISTR_LAV_PEN_2_TV_3(1.0),A,087026,RESPOP_AV,T,Y_GE15,TOTAL,ALL,23,ALL,ALL,2019,471,,,,,,,,ALL_N1,,,,,,,
IT1:DF_DCSS_ISTR_LAV_PEN_2_TV_3(1.0),A,087026,RESPOP_AV,T,Y_GE15,TOTAL,ALL,23,ALL,ALL,2021,524.674458657315,,,,,,,,ALL_N1,,,,,,,
IT1:DF_DCSS_ISTR_LAV_PEN_2_TV_3(1.0),A,087026,RESPOP_AV,T,Y_GE15,TOTAL,ALL,23,ALL,ALL,2022,503.949601906138,,,,,,,,ALL_N1,,,,,,,
IT1:DF_DCSS_ISTR_LAV_PEN_2_TV_3(1.0),A,087026,RESPOP_AV,T,Y_GE15,TOTAL,ALL,23,ALL,ALL,2023,494.8237150009488,,,,,,,,ALL_N1,,,,,,,
IT1:DF_DCSS_ISTR_LAV_PEN_2_TV_3(1.0),A,087026,RESPOP_AV,T,Y_GE15,TOTAL,ALL,23,ALL,ALL,2024,515.9231578228921,,,,,,,,ALL_N1,,,,,,,
IT1:DF_DCSS_ISTR_LAV_PEN_2_TV_3(1.0),A,087026,RESPOP_AV,T,Y_GE15,TOTAL,ALL,24,ALL,ALL,2018,228,,,,,,,,ALL_N1,,,,,,,
IT1:DF_DCSS_ISTR_LAV_PEN_2_TV_3(1.0),A,087026,RESPOP_AV,T,Y_GE15,TOTAL,ALL,24,ALL,ALL,2019,224,,,,,,,,ALL_N1,,,,,,,
IT1:DF_DCSS_ISTR_LAV_PEN_2_TV_3(1.0),A,087026,RESPOP_AV,T,Y_GE15,TOTAL,ALL,24,ALL,ALL,2021,239.084579580461,,,,,,,,ALL_N1,,,,,,,
IT1:DF_DCSS_ISTR_LAV_PEN_2_TV_3(1.0),A,087026,RESPOP_AV,T,Y_GE15,TOTAL,ALL,24,ALL,ALL,2022,238.070153014125,,,,,,,,ALL_N1,,,,,,,
IT1:DF_DCSS_ISTR_LAV_PEN_2_TV_3(1.0),A,087026,RESPOP_AV,T,Y_GE15,TOTAL,ALL,24,ALL,ALL,2023,238.25952906416055,,,,,,,,ALL_N1,,,,,,,
IT1:DF_DCSS_ISTR_LAV_PEN_2_TV_3(1.0),A,087026,RESPOP_AV,T,Y_GE15,TOTAL,ALL,24,ALL,ALL,2024,237.5291777490334,,,,,,,,ALL_N1,,,,,,,
IT1:DF_DCSS_ISTR_LAV_PEN_2_TV_3(1.0),A,087026,RESPOP_AV,T,Y_GE15,TOTAL,ALL,4,ALL,ALL,2018,88,,,,,,,,ALL_N1,,,,,,,
IT1:DF_DCSS_ISTR_LAV_PEN_2_TV_3(1.0),A,087026,RESPOP_AV,T,Y_GE15,TOTAL,ALL,4,ALL,ALL,2019,94,,,,,,,,ALL_N1,,,,,,,
IT1:DF_DCSS_ISTR_LAV_PEN_2_TV_3(1.0),A,087026,RESPOP_AV,T,Y_GE15,TOTAL,ALL,4,ALL,ALL,2021,105.524111314652,,,,,,,,ALL_N1,,,,,,,
IT1:DF_DCSS_ISTR_LAV_PEN_2_TV_3(1.0),A,087026,RESPOP_AV,T,Y_GE15,TOTAL,ALL,4,ALL,ALL,2022,101.979763318036,,,,,,,,ALL_N1,,,,,,,
IT1:DF_DCSS_ISTR_LAV_PEN_2_TV_3(1.0),A,087026,RESPOP_AV,T,Y_GE15,TOTAL,ALL,4,ALL,ALL,2023,98.86594165701518,,,,,,,,ALL_N1,,,,,,,
IT1:DF_DCSS_ISTR_LAV_PEN_2_TV_3(1.0),A,087026,RESPOP_AV,T,Y_GE15,TOTAL,ALL,4,ALL,ALL,2024,101.99291821412092,,,,,,,,ALL_N1,,,,,,,
IT1:DF_DCSS_ISTR_LAV_PEN_2_TV_3(1.0),A,087026,RESPOP_AV,T,Y_GE15,TOTAL,ALL,5,ALL,ALL,2018,57,,,,,,,,ALL_N1,,,,,,,
IT1:DF_DCSS_ISTR_LAV_PEN_2_TV_3(1.0),A,087026,RESPOP_AV,T,Y_GE15,TOTAL,ALL,5,ALL,ALL,2019,54,,,,,,,,ALL_N1,,,,,,,
IT1:DF_DCSS_ISTR_LAV_PEN_2_TV_3(1.0),A,087026,RESPOP_AV,T,Y_GE15,TOTAL,ALL,5,ALL,ALL,2021,63.3779668130013,,,,,,,,ALL_N1,,,,,,,
IT1:DF_DCSS_ISTR_LAV_PEN_2_TV_3(1.0),A,087026,RESPOP_AV,T,Y_GE15,TOTAL,ALL,5,ALL,ALL,2022,62.2052747417782,,,,,,,,ALL_N1,,,,,,,
IT1:DF_DCSS_ISTR_LAV_PEN_2_TV_3(1.0),A,087026,RESPOP_AV,T,Y_GE15,TOTAL,ALL,5,ALL,ALL,2023,59.55744224841379,,,,,,,,ALL_N1,,,,,,,
IT1:DF_DCSS_ISTR_LAV_PEN_2_TV_3(1.0),A,087026,RESPOP_AV,T,Y_GE15,TOTAL,ALL,5,ALL,ALL,2024,60.96339399899101,,,,,,,,ALL_N1,,,,,,,
IT1:DF_DCSS_ISTR_LAV_PEN_2_TV_3(1.0),A,087026,RESPOP_AV,T,Y_GE15,TOTAL,ALL,7,ALL,ALL,2018,112,,,,,,,,ALL_N1,,,,,,,
IT1:DF_DCSS_ISTR_LAV_PEN_2_TV_3(1.0),A,087026,RESPOP_AV,T,Y_GE15,TOTAL,ALL,7,ALL,ALL,2019,99,,,,,,,,ALL_N1,,,,,,,
IT1:DF_DCSS_ISTR_LAV_PEN_2_TV_3(1.0),A,087026,RESPOP_AV,T,Y_GE15,TOTAL,ALL,7,ALL,ALL,2021,116.6878009492,,,,,,,,ALL_N1,,,,,,,
IT1:DF_DCSS_ISTR_LAV_PEN_2_TV_3(1.0),A,087026,RESPOP_AV,T,Y_GE15,TOTAL,ALL,7,ALL,ALL,2022,101.694410832199,,,,,,,,ALL_N1,,,,,,,
IT1:DF_DCSS_ISTR_LAV_PEN_2_TV_3(1.0),A,087026,RESPOP_AV,T,Y_GE15,TOTAL,ALL,7,ALL,ALL,2023,98.14080203135933,,,,,,,,ALL_N1,,,,,,,
IT1:DF_DCSS_ISTR_LAV_PEN_2_TV_3(1.0),A,087026,RESPOP_AV,T,Y_GE15,TOTAL,ALL,7,ALL,ALL,2024,115.43766786074679,,,,,,,,ALL_N1,,,,,,,
IT1:DF_DCSS_ISTR_LAV_PEN_2_TV_3(1.0),A,087026,RESPOP_AV,T,Y_GE15,TOTAL,ALL,99,ALL,ALL,2018,922,,,,,,,,ALL_N1,99_N1,,,,,,
IT1:DF_DCSS_ISTR_LAV_PEN_2_TV_3(1.0),A,087026,RESPOP_AV,T,Y_GE15,TOTAL,ALL,99,ALL,ALL,2019,914,,,,,,,,ALL_N1,99_N1,,,,,,
IT1:DF_DCSS_ISTR_LAV_PEN_2_TV_3(1.0),A,087026,RESPOP_AV,T,Y_GE15,TOTAL,ALL,99,ALL,ALL,2021,927,,,,,,,,ALL_N1,99_N1,,,,,,
IT1:DF_DCSS_ISTR_LAV_PEN_2_TV_3(1.0),A,087026,RESPOP_AV,T,Y_GE15,TOTAL,ALL,99,ALL,ALL,2022,932,,,,,,,,ALL_N1,99_N1,,,,,,
IT1:DF_DCSS_ISTR_LAV_PEN_2_TV_3(1.0),A,087026,RESPOP_AV,T,Y_GE15,TOTAL,ALL,99,ALL,ALL,2023,923.0000000000001,,,,,,,,ALL_N1,99_N1,,,,,,
IT1:DF_DCSS_ISTR_LAV_PEN_2_TV_3(1.0),A,087026,RESPOP_AV,T,Y_GE15,TOTAL,ALL,99,ALL,ALL,2024,928,,,,,,,,ALL_N1,99_N1,,,,,,
IT1:DF_DCSS_ISTR_LAV_PEN_2_TV_3(1.0),A,087027,RESPOP_AV,F,Y_GE15,TOTAL,ALL,1,ALL,ALL,2018,460,,,,,,,,ALL_N1,,,,,,,
IT1:DF_DCSS_ISTR_LAV_PEN_2_TV_3(1.0),A,087027,RESPOP_AV,F,Y_GE15,TOTAL,ALL,1,ALL,ALL,2019,459,,,,,,,,ALL_N1,,,,,,,
IT1:DF_DCSS_ISTR_LAV_PEN_2_TV_3(1.0),A,087027,RESPOP_AV,F,Y_GE15,TOTAL,ALL,1,ALL,ALL,2021,459,,,,,,,,ALL_N1,,,,,,,
IT1:DF_DCSS_ISTR_LAV_PEN_2_TV_3(1.0),A,087027,RESPOP_AV,F,Y_GE15,TOTAL,ALL,1,ALL,ALL,2022,465,,,,,,,,ALL_N1,,,,,,,
IT1:DF_DCSS_ISTR_LAV_PEN_2_TV_3(1.0),A,087027,RESPOP_AV,F,Y_GE15,TOTAL,ALL,1,ALL,ALL,2023,480,,,,,,,,ALL_N1,,,,,,,
IT1:DF_DCSS_ISTR_LAV_PEN_2_TV_3(1.0),A,087027,RESPOP_AV,F,Y_GE15,TOTAL,ALL,1,ALL,ALL,2024,462,,,,,,,,ALL_N1,,,,,,,
IT1:DF_DCSS_ISTR_LAV_PEN_2_TV_3(1.0),A,087027,RESPOP_AV,F,Y_GE15,TOTAL,ALL,12,ALL,ALL,2018,211,,,,,,,,ALL_N1,,,,,,,
IT1:DF_DCSS_ISTR_LAV_PEN_2_TV_3(1.0),A,087027,RESPOP_AV,F,Y_GE15,TOTAL,ALL,12,ALL,ALL,2019,218,,,,,,,,ALL_N1,,,,,,,
IT1:DF_DCSS_ISTR_LAV_PEN_2_TV_3(1.0),A,087027,RESPOP_AV,F,Y_GE15,TOTAL,ALL,12,ALL,ALL,2021,98.1115032183031,,,,,,,,ALL_N1,,,,,,,
IT1:DF_DCSS_ISTR_LAV_PEN_2_TV_3(1.0),A,087027,RESPOP_AV,F,Y_GE15,TOTAL,ALL,12,ALL,ALL,2022,88.9824187473924,,,,,,,,ALL_N1,,,,,,,
IT1:DF_DCSS_ISTR_LAV_PEN_2_TV_3(1.0),A,087027,RESPOP_AV,F,Y_GE15,TOTAL,ALL,12,ALL,ALL,2023,103.38314386073287,,,,,,,,ALL_N1,,,,,,,
IT1:DF_DCSS_ISTR_LAV_PEN_2_TV_3(1.0),A,087027,RESPOP_AV,F,Y_GE15,TOTAL,ALL,12,ALL,ALL,2024,75.25219113718445,,,,,,,,ALL_N1,,,,,,,
IT1:DF_DCSS_ISTR_LAV_PEN_2_TV_3(1.0),A,087027,RESPOP_AV,F,Y_GE15,TOTAL,ALL,22,ALL,ALL,2018,671,,,,,,,,ALL_N1,,,,,,,
IT1:DF_DCSS_ISTR_LAV_PEN_2_TV_3(1.0),A,087027,RESPOP_AV,F,Y_GE15,TOTAL,ALL,22,ALL,ALL,2019,677,,,,,,,,ALL_N1,,,,,,,
IT1:DF_DCSS_ISTR_LAV_PEN_2_TV_3(1.0),A,087027,RESPOP_AV,F,Y_GE15,TOTAL,ALL,22,ALL,ALL,2021,557.111503218303,,,,,,,,ALL_N1,,,,,,,
IT1:DF_DCSS_ISTR_LAV_PEN_2_TV_3(1.0),A,087027,RESPOP_AV,F,Y_GE15,TOTAL,ALL,22,ALL,ALL,2022,553.982418747392,,,,,,,,ALL_N1,,,,,,,
IT1:DF_DCSS_ISTR_LAV_PEN_2_TV_3(1.0),A,087027,RESPOP_AV,F,Y_GE15,TOTAL,ALL,22,ALL,ALL,2023,583.3831438607328,,,,,,,,ALL_N1,,,,,,,
IT1:DF_DCSS_ISTR_LAV_PEN_2_TV_3(1.0),A,087027,RESPOP_AV,F,Y_GE15,TOTAL,ALL,22,ALL,ALL,2024,537.2521911371845,,,,,,,,ALL_N1,,,,,,,
IT1:DF_DCSS_ISTR_LAV_PEN_2_TV_3(1.0),A,087027,RESPOP_AV,F,Y_GE15,TOTAL,ALL,23,ALL,ALL,2018,1540,,,,,,,,ALL_N1,,,,,,,
IT1:DF_DCSS_ISTR_LAV_PEN_2_TV_3(1.0),A,087027,RESPOP_AV,F,Y_GE15,TOTAL,ALL,23,ALL,ALL,2019,1498,,,,,,,,ALL_N1,,,,,,,
IT1:DF_DCSS_ISTR_LAV_PEN_2_TV_3(1.0),A,087027,RESPOP_AV,F,Y_GE15,TOTAL,ALL,23,ALL,ALL,2021,1517.8884967817,,,,,,,,ALL_N1,,,,,,,
IT1:DF_DCSS_ISTR_LAV_PEN_2_TV_3(1.0),A,087027,RESPOP_AV,F,Y_GE15,TOTAL,ALL,23,ALL,ALL,2022,1487.01758125261,,,,,,,,ALL_N1,,,,,,,
IT1:DF_DCSS_ISTR_LAV_PEN_2_TV_3(1.0),A,087027,RESPOP_AV,F,Y_GE15,TOTAL,ALL,23,ALL,ALL,2023,1429.6168561392674,,,,,,,,ALL_N1,,,,,,,
IT1:DF_DCSS_ISTR_LAV_PEN_2_TV_3(1.0),A,087027,RESPOP_AV,F,Y_GE15,TOTAL,ALL,23,ALL,ALL,2024,1480.7478088628154,,,,,,,,ALL_N1,,,,,,,
IT1:DF_DCSS_ISTR_LAV_PEN_2_TV_3(1.0),A,087027,RESPOP_AV,F,Y_GE15,TOTAL,ALL,24,ALL,ALL,2018,406,,,,,,,,ALL_N1,,,,,,,
IT1:DF_DCSS_ISTR_LAV_PEN_2_TV_3(1.0),A,087027,RESPOP_AV,F,Y_GE15,TOTAL,ALL,24,ALL,ALL,2019,419,,,,,,,,ALL_N1,,,,,,,
IT1:DF_DCSS_ISTR_LAV_PEN_2_TV_3(1.0),A,087027,RESPOP_AV,F,Y_GE15,TOTAL,ALL,24,ALL,ALL,2021,439.756676449219,,,,,,,,ALL_N1,,,,,,,
IT1:DF_DCSS_ISTR_LAV_PEN_2_TV_3(1.0),A,087027,RESPOP_AV,F,Y_GE15,TOTAL,ALL,24,ALL,ALL,2022,406.428422893888,,,,,,,,ALL_N1,,,,,,,
IT1:DF_DCSS_ISTR_LAV_PEN_2_TV_3(1.0),A,087027,RESPOP_AV,F,Y_GE15,TOTAL,ALL,24,ALL,ALL,2023,382.43786777562474,,,,,,,,ALL_N1,,,,,,,
IT1:DF_DCSS_ISTR_LAV_PEN_2_TV_3(1.0),A,087027,RESPOP_AV,F,Y_GE15,TOTAL,ALL,24,ALL,ALL,2024,378.7191066834767,,,,,,,,ALL_N1,,,,,,,
IT1:DF_DCSS_ISTR_LAV_PEN_2_TV_3(1.0),A,087027,RESPOP_AV,F,Y_GE15,TOTAL,ALL,4,ALL,ALL,2018,749,,,,,,,,ALL_N1,,,,,,,
IT1:DF_DCSS_ISTR_LAV_PEN_2_TV_3(1.0),A,087027,RESPOP_AV,F,Y_GE15,TOTAL,ALL,4,ALL,ALL,2019,715,,,,,,,,ALL_N1,,,,,,,
IT1:DF_DCSS_ISTR_LAV_PEN_2_TV_3(1.0),A,087027,RESPOP_AV,F,Y_GE15,TOTAL,ALL,4,ALL,ALL,2021,711.041602790502,,,,,,,,ALL_N1,,,,,,,
IT1:DF_DCSS_ISTR_LAV_PEN_2_TV_3(1.0),A,087027,RESPOP_AV,F,Y_GE15,TOTAL,ALL,4,ALL,ALL,2022,728.060474064008,,,,,,,,ALL_N1,,,,,,,
IT1:DF_DCSS_ISTR_LAV_PEN_2_TV_3(1.0),A,087027,RESPOP_AV,F,Y_GE15,TOTAL,ALL,4,ALL,ALL,2023,698.7131066056817,,,,,,,,ALL_N1,,,,,,,
IT1:DF_DCSS_ISTR_LAV_PEN_2_TV_3(1.0),A,087027,RESPOP_AV,F,Y_GE15,TOTAL,ALL,4,ALL,ALL,2024,739.0585304916173,,,,,,,,ALL_N1,,,,,,,
IT1:DF_DCSS_ISTR_LAV_PEN_2_TV_3(1.0),A,087027,RESPOP_AV,F,Y_GE15,TOTAL,ALL,5,ALL,ALL,2018,175,,,,,,,,ALL_N1,,,,,,,
IT1:DF_DCSS_ISTR_LAV_PEN_2_TV_3(1.0),A,087027,RESPOP_AV,F,Y_GE15,TOTAL,ALL,5,ALL,ALL,2019,184,,,,,,,,ALL_N1,,,,,,,
IT1:DF_DCSS_ISTR_LAV_PEN_2_TV_3(1.0),A,087027,RESPOP_AV,F,Y_GE15,TOTAL,ALL,5,ALL,ALL,2021,184.178831513901,,,,,,,,ALL_N1,,,,,,,
IT1:DF_DCSS_ISTR_LAV_PEN_2_TV_3(1.0),A,087027,RESPOP_AV,F,Y_GE15,TOTAL,ALL,5,ALL,ALL,2022,180.08040631581,,,,,,,,ALL_N1,,,,,,,
IT1:DF_DCSS_ISTR_LAV_PEN_2_TV_3(1.0),A,087027,RESPOP_AV,F,Y_GE15,TOTAL,ALL,5,ALL,ALL,2023,172.97333677845612,,,,,,,,ALL_N1,,,,,,,
IT1:DF_DCSS_ISTR_LAV_PEN_2_TV_3(1.0),A,087027,RESPOP_AV,F,Y_GE15,TOTAL,ALL,5,ALL,ALL,2024,187.73764727952036,,,,,,,,ALL_N1,,,,,,,
IT1:DF_DCSS_ISTR_LAV_PEN_2_TV_3(1.0),A,087027,RESPOP_AV,F,Y_GE15,TOTAL,ALL,7,ALL,ALL,2018,210,,,,,,,,ALL_N1,,,,,,,
IT1:DF_DCSS_ISTR_LAV_PEN_2_TV_3(1.0),A,087027,RESPOP_AV,F,Y_GE15,TOTAL,ALL,7,ALL,ALL,2019,180,,,,,,,,ALL_N1,,,,,,,
IT1:DF_DCSS_ISTR_LAV_PEN_2_TV_3(1.0),A,087027,RESPOP_AV,F,Y_GE15,TOTAL,ALL,7,ALL,ALL,2021,182.911386028074,,,,,,,,ALL_N1,,,,,,,
IT1:DF_DCSS_ISTR_LAV_PEN_2_TV_3(1.0),A,087027,RESPOP_AV,F,Y_GE15,TOTAL,ALL,7,ALL,ALL,2022,172.448277978901,,,,,,,,ALL_N1,,,,,,,
IT1:DF_DCSS_ISTR_LAV_PEN_2_TV_3(1.0),A,087027,RESPOP_AV,F,Y_GE15,TOTAL,ALL,7,ALL,ALL,2023,175.49254497950494,,,,,,,,ALL_N1,,,,,,,
IT1:DF_DCSS_ISTR_LAV_PEN_2_TV_3(1.0),A,087027,RESPOP_AV,F,Y_GE15,TOTAL,ALL,7,ALL,ALL,2024,175.2325244082011,,,,,,,,ALL_N1,,,,,,,
IT1:DF_DCSS_ISTR_LAV_PEN_2_TV_3(1.0),A,087027,RESPOP_AV,F,Y_GE15,TOTAL,ALL,99,ALL,ALL,2018,2211,,,,,,,,ALL_N1,99_N1,,,,,,
IT1:DF_DCSS_ISTR_LAV_PEN_2_TV_3(1.0),A,087027,RESPOP_AV,F,Y_GE15,TOTAL,ALL,99,ALL,ALL,2019,2175,,,,,,,,ALL_N1,99_N1,,,,,,
IT1:DF_DCSS_ISTR_LAV_PEN_2_TV_3(1.0),A,087027,RESPOP_AV,F,Y_GE15,TOTAL,ALL,99,ALL,ALL,2021,2075,,,,,,,,ALL_N1,99_N1,,,,,,
IT1:DF_DCSS_ISTR_LAV_PEN_2_TV_3(1.0),A,087027,RESPOP_AV,F,Y_GE15,TOTAL,ALL,99,ALL,ALL,2022,2041,,,,,,,,ALL_N1,99_N1,,,,,,
IT1:DF_DCSS_ISTR_LAV_PEN_2_TV_3(1.0),A,087027,RESPOP_AV,F,Y_GE15,TOTAL,ALL,99,ALL,ALL,2023,2013.0000000000002,,,,,,,,ALL_N1,99_N1,,,,,,
IT1:DF_DCSS_ISTR_LAV_PEN_2_TV_3(1.0),A,087027,RESPOP_AV,F,Y_GE15,TOTAL,ALL,99,ALL,ALL,2024,2018,,,,,,,,ALL_N1,99_N1,,,,,,
IT1:DF_DCSS_ISTR_LAV_PEN_2_TV_3(1.0),A,087027,RESPOP_AV,M,Y_GE15,TOTAL,ALL,1,ALL,ALL,2018,925,,,,,,,,ALL_N1,,,,,,,
IT1:DF_DCSS_ISTR_LAV_PEN_2_TV_3(1.0),A,087027,RESPOP_AV,M,Y_GE15,TOTAL,ALL,1,ALL,ALL,2019,913,,,,,,,,ALL_N1,,,,,,,
IT1:DF_DCSS_ISTR_LAV_PEN_2_TV_3(1.0),A,087027,RESPOP_AV,M,Y_GE15,TOTAL,ALL,1,ALL,ALL,2021,805,,,,,,,,ALL_N1,,,,,,,
IT1:DF_DCSS_ISTR_LAV_PEN_2_TV_3(1.0),A,087027,RESPOP_AV,M,Y_GE15,TOTAL,ALL,1,ALL,ALL,2022,811,,,,,,,,ALL_N1,,,,,,,
IT1:DF_DCSS_ISTR_LAV_PEN_2_TV_3(1.0),A,087027,RESPOP_AV,M,Y_GE15,TOTAL,ALL,1,ALL,ALL,2023,825,,,,,,,,ALL_N1,,,,,,,
IT1:DF_DCSS_ISTR_LAV_PEN_2_TV_3(1.0),A,087027,RESPOP_AV,M,Y_GE15,TOTAL,ALL,1,ALL,ALL,2024,853,,,,,,,,ALL_N1,,,,,,,
IT1:DF_DCSS_ISTR_LAV_PEN_2_TV_3(1.0),A,087027,RESPOP_AV,M,Y_GE15,TOTAL,ALL,12,ALL,ALL,2018,400,,,,,,,,ALL_N1,,,,,,,
IT1:DF_DCSS_ISTR_LAV_PEN_2_TV_3(1.0),A,087027,RESPOP_AV,M,Y_GE15,TOTAL,ALL,12,ALL,ALL,2019,414,,,,,,,,ALL_N1,,,,,,,
IT1:DF_DCSS_ISTR_LAV_PEN_2_TV_3(1.0),A,087027,RESPOP_AV,M,Y_GE15,TOTAL,ALL,12,ALL,ALL,2021,144.922023255634,,,,,,,,ALL_N1,,,,,,,
IT1:DF_DCSS_ISTR_LAV_PEN_2_TV_3(1.0),A,087027,RESPOP_AV,M,Y_GE15,TOTAL,ALL,12,ALL,ALL,2022,138.872501075372,,,,,,,,ALL_N1,,,,,,,
IT1:DF_DCSS_ISTR_LAV_PEN_2_TV_3(1.0),A,087027,RESPOP_AV,M,Y_GE15,TOTAL,ALL,12,ALL,ALL,2023,145.44758116540413,,,,,,,,ALL_N1,,,,,,,
IT1:DF_DCSS_ISTR_LAV_PEN_2_TV_3(1.0),A,087027,RESPOP_AV,M,Y_GE15,TOTAL,ALL,12,ALL,ALL,2024,109.8870896316528,,,,,,,,ALL_N1,,,,,,,
IT1:DF_DCSS_ISTR_LAV_PEN_2_TV_3(1.0),A,087027,RESPOP_AV,M,Y_GE15,TOTAL,ALL,22,ALL,ALL,2018,1325,,,,,,,,ALL_N1,,,,,,,
IT1:DF_DCSS_ISTR_LAV_PEN_2_TV_3(1.0),A,087027,RESPOP_AV,M,Y_GE15,TOTAL,ALL,22,ALL,ALL,2019,1327,,,,,,,,ALL_N1,,,,,,,
IT1:DF_DCSS_ISTR_LAV_PEN_2_TV_3(1.0),A,087027,RESPOP_AV,M,Y_GE15,TOTAL,ALL,22,ALL,ALL,2021,949.922023255634,,,,,,,,ALL_N1,,,,,,,
IT1:DF_DCSS_ISTR_LAV_PEN_2_TV_3(1.0),A,087027,RESPOP_AV,M,Y_GE15,TOTAL,ALL,22,ALL,ALL,2022,949.872501075372,,,,,,,,ALL_N1,,,,,,,
IT1:DF_DCSS_ISTR_LAV_PEN_2_TV_3(1.0),A,087027,RESPOP_AV,M,Y_GE15,TOTAL,ALL,22,ALL,ALL,2023,970.4475811654041,,,,,,,,ALL_N1,,,,,,,
IT1:DF_DCSS_ISTR_LAV_PEN_2_TV_3(1.0),A,087027,RESPOP_AV,M,Y_GE15,TOTAL,ALL,22,ALL,ALL,2024,962.8870896316528,,,,,,,,ALL_N1,,,,,,,
IT1:DF_DCSS_ISTR_LAV_PEN_2_TV_3(1.0),A,087027,RESPOP_AV,M,Y_GE15,TOTAL,ALL,23,ALL,ALL,2018,1181,,,,,,,,ALL_N1,,,,,,,
IT1:DF_DCSS_ISTR_LAV_PEN_2_TV_3(1.0),A,087027,RESPOP_AV,M,Y_GE15,TOTAL,ALL,23,ALL,ALL,2019,1090,,,,,,,,ALL_N1,,,,,,,
IT1:DF_DCSS_ISTR_LAV_PEN_2_TV_3(1.0),A,087027,RESPOP_AV,M,Y_GE15,TOTAL,ALL,23,ALL,ALL,2021,1050.07797674437,,,,,,,,ALL_N1,,,,,,,
IT1:DF_DCSS_ISTR_LAV_PEN_2_TV_3(1.0),A,087027,RESPOP_AV,M,Y_GE15,TOTAL,ALL,23,ALL,ALL,2022,1012.12749892463,,,,,,,,ALL_N1,,,,,,,
IT1:DF_DCSS_ISTR_LAV_PEN_2_TV_3(1.0),A,087027,RESPOP_AV,M,Y_GE15,TOTAL,ALL,23,ALL,ALL,2023,959.5524188345959,,,,,,,,ALL_N1,,,,,,,
IT1:DF_DCSS_ISTR_LAV_PEN_2_TV_3(1.0),A,087027,RESPOP_AV,M,Y_GE15,TOTAL,ALL,23,ALL,ALL,2024,976.1129103683473,,,,,,,,ALL_N1,,,,,,,
IT1:DF_DCSS_ISTR_LAV_PEN_2_TV_3(1.0),A,087027,RESPOP_AV,M,Y_GE15,TOTAL,ALL,24,ALL,ALL,2018,484,,,,,,,,ALL_N1,,,,,,,
IT1:DF_DCSS_ISTR_LAV_PEN_2_TV_3(1.0),A,087027,RESPOP_AV,M,Y_GE15,TOTAL,ALL,24,ALL,ALL,2019,479,,,,,,,,ALL_N1,,,,,,,
IT1:DF_DCSS_ISTR_LAV_PEN_2_TV_3(1.0),A,087027,RESPOP_AV,M,Y_GE15,TOTAL,ALL,24,ALL,ALL,2021,504.870513275141,,,,,,,,ALL_N1,,,,,,,
IT1:DF_DCSS_ISTR_LAV_PEN_2_TV_3(1.0),A,087027,RESPOP_AV,M,Y_GE15,TOTAL,ALL,24,ALL,ALL,2022,498.079616929761,,,,,,,,ALL_N1,,,,,,,
IT1:DF_DCSS_ISTR_LAV_PEN_2_TV_3(1.0),A,087027,RESPOP_AV,M,Y_GE15,TOTAL,ALL,24,ALL,ALL,2023,475.8420471735078,,,,,,,,ALL_N1,,,,,,,
IT1:DF_DCSS_ISTR_LAV_PEN_2_TV_3(1.0),A,087027,RESPOP_AV,M,Y_GE15,TOTAL,ALL,24,ALL,ALL,2024,481.17229165065703,,,,,,,,ALL_N1,,,,,,,
IT1:DF_DCSS_ISTR_LAV_PEN_2_TV_3(1.0),A,087027,RESPOP_AV,M,Y_GE15,TOTAL,ALL,4,ALL,ALL,2018,49,,,,,,,,ALL_N1,,,,,,,
IT1:DF_DCSS_ISTR_LAV_PEN_2_TV_3(1.0),A,087027,RESPOP_AV,M,Y_GE15,TOTAL,ALL,4,ALL,ALL,2019,47,,,,,,,,ALL_N1,,,,,,,
IT1:DF_DCSS_ISTR_LAV_PEN_2_TV_3(1.0),A,087027,RESPOP_AV,M,Y_GE15,TOTAL,ALL,4,ALL,ALL,2021,50.8408542870987,,,,,,,,ALL_N1,,,,,,,
IT1:DF_DCSS_ISTR_LAV_PEN_2_TV_3(1.0),A,087027,RESPOP_AV,M,Y_GE15,TOTAL,ALL,4,ALL,ALL,2022,62.3671487336668,,,,,,,,ALL_N1,,,,,,,
IT1:DF_DCSS_ISTR_LAV_PEN_2_TV_3(1.0),A,087027,RESPOP_AV,M,Y_GE15,TOTAL,ALL,4,ALL,ALL,2023,64.40076011999318,,,,,,,,ALL_N1,,,,,,,
IT1:DF_DCSS_ISTR_LAV_PEN_2_TV_3(1.0),A,087027,RESPOP_AV,M,Y_GE15,TOTAL,ALL,4,ALL,ALL,2024,60.524580966684276,,,,,,,,ALL_N1,,,,,,,
IT1:DF_DCSS_ISTR_LAV_PEN_2_TV_3(1.0),A,087027,RESPOP_AV,M,Y_GE15,TOTAL,ALL,5,ALL,ALL,2018,210,,,,,,,,ALL_N1,,,,,,,
IT1:DF_DCSS_ISTR_LAV_PEN_2_TV_3(1.0),A,087027,RESPOP_AV,M,Y_GE15,TOTAL,ALL,5,ALL,ALL,2019,198,,,,,,,,ALL_N1,,,,,,,
IT1:DF_DCSS_ISTR_LAV_PEN_2_TV_3(1.0),A,087027,RESPOP_AV,M,Y_GE15,TOTAL,ALL,5,ALL,ALL,2021,161.053301831094,,,,,,,,ALL_N1,,,,,,,
IT1:DF_DCSS_ISTR_LAV_PEN_2_TV_3(1.0),A,087027,RESPOP_AV,M,Y_GE15,TOTAL,ALL,5,ALL,ALL,2022,168.125923012086,,,,,,,,ALL_N1,,,,,,,
IT1:DF_DCSS_ISTR_LAV_PEN_2_TV_3(1.0),A,087027,RESPOP_AV,M,Y_GE15,TOTAL,ALL,5,ALL,ALL,2023,159.3106595197571,,,,,,,,ALL_N1,,,,,,,
IT1:DF_DCSS_ISTR_LAV_PEN_2_TV_3(1.0),A,087027,RESPOP_AV,M,Y_GE15,TOTAL,ALL,5,ALL,ALL,2024,157.1761665762985,,,,,,,,ALL_N1,,,,,,,
IT1:DF_DCSS_ISTR_LAV_PEN_2_TV_3(1.0),A,087027,RESPOP_AV,M,Y_GE15,TOTAL,ALL,7,ALL,ALL,2018,438,,,,,,,,ALL_N1,,,,,,,
IT1:DF_DCSS_ISTR_LAV_PEN_2_TV_3(1.0),A,087027,RESPOP_AV,M,Y_GE15,TOTAL,ALL,7,ALL,ALL,2019,366,,,,,,,,ALL_N1,,,,,,,
IT1:DF_DCSS_ISTR_LAV_PEN_2_TV_3(1.0),A,087027,RESPOP_AV,M,Y_GE15,TOTAL,ALL,7,ALL,ALL,2021,333.313307351033,,,,,,,,ALL_N1,,,,,,,
IT1:DF_DCSS_ISTR_LAV_PEN_2_TV_3(1.0),A,087027,RESPOP_AV,M,Y_GE15,TOTAL,ALL,7,ALL,ALL,2022,283.554810249114,,,,,,,,ALL_N1,,,,,,,
IT1:DF_DCSS_ISTR_LAV_PEN_2_TV_3(1.0),A,087027,RESPOP_AV,M,Y_GE15,TOTAL,ALL,7,ALL,ALL,2023,259.99895202133774,,,,,,,,ALL_N1,,,,,,,
IT1:DF_DCSS_ISTR_LAV_PEN_2_TV_3(1.0),A,087027,RESPOP_AV,M,Y_GE15,TOTAL,ALL,7,ALL,ALL,2024,277.23987117470756,,,,,,,,ALL_N1,,,,,,,
IT1:DF_DCSS_ISTR_LAV_PEN_2_TV_3(1.0),A,087027,RESPOP_AV,M,Y_GE15,TOTAL,ALL,99,ALL,ALL,2018,2506,,,,,,,,ALL_N1,99_N1,,,,,,
IT1:DF_DCSS_ISTR_LAV_PEN_2_TV_3(1.0),A,087027,RESPOP_AV,M,Y_GE15,TOTAL,ALL,99,ALL,ALL,2019,2416,,,,,,,,ALL_N1,99_N1,,,,,,
IT1:DF_DCSS_ISTR_LAV_PEN_2_TV_3(1.0),A,087027,RESPOP_AV,M,Y_GE15,TOTAL,ALL,99,ALL,ALL,2021,2000,,,,,,,,ALL_N1,99_N1,,,,,,
IT1:DF_DCSS_ISTR_LAV_PEN_2_TV_3(1.0),A,087027,RESPOP_AV,M,Y_GE15,TOTAL,ALL,99,ALL,ALL,2022,1962,,,,,,,,ALL_N1,99_N1,,,,,,
IT1:DF_DCSS_ISTR_LAV_PEN_2_TV_3(1.0),A,087027,RESPOP_AV,M,Y_GE15,TOTAL,ALL,99,ALL,ALL,2023,1930,,,,,,,,ALL_N1,99_N1,,,,,,
IT1:DF_DCSS_ISTR_LAV_PEN_2_TV_3(1.0),A,087027,RESPOP_AV,M,Y_GE15,TOTAL,ALL,99,ALL,ALL,2024,1939.0000000000002,,,,,,,,ALL_N1,99_N1,,,,,,
IT1:DF_DCSS_ISTR_LAV_PEN_2_TV_3(1.0),A,087027,RESPOP_AV,T,Y_GE15,TOTAL,ALL,1,ALL,ALL,2018,1385,,,,,,,,ALL_N1,,,,,,,
IT1:DF_DCSS_ISTR_LAV_PEN_2_TV_3(1.0),A,087027,RESPOP_AV,T,Y_GE15,TOTAL,ALL,1,ALL,ALL,2019,1372,,,,,,,,ALL_N1,,,,,,,
IT1:DF_DCSS_ISTR_LAV_PEN_2_TV_3(1.0),A,087027,RESPOP_AV,T,Y_GE15,TOTAL,ALL,1,ALL,ALL,2021,1264,,,,,,,,ALL_N1,,,,,,,
IT1:DF_DCSS_ISTR_LAV_PEN_2_TV_3(1.0),A,087027,RESPOP_AV,T,Y_GE15,TOTAL,ALL,1,ALL,ALL,2022,1276,,,,,,,,ALL_N1,,,,,,,
IT1:DF_DCSS_ISTR_LAV_PEN_2_TV_3(1.0),A,087027,RESPOP_AV,T,Y_GE15,TOTAL,ALL,1,ALL,ALL,2023,1305,,,,,,,,ALL_N1,,,,,,,
IT1:DF_DCSS_ISTR_LAV_PEN_2_TV_3(1.0),A,087027,RESPOP_AV,T,Y_GE15,TOTAL,ALL,1,ALL,ALL,2024,1315,,,,,,,,ALL_N1,,,,,,,
IT1:DF_DCSS_ISTR_LAV_PEN_2_TV_3(1.0),A,087027,RESPOP_AV,T,Y_GE15,TOTAL,ALL,12,ALL,ALL,2018,611,,,,,,,,ALL_N1,,,,,,,
IT1:DF_DCSS_ISTR_LAV_PEN_2_TV_3(1.0),A,087027,RESPOP_AV,T,Y_GE15,TOTAL,ALL,12,ALL,ALL,2019,632,,,,,,,,ALL_N1,,,,,,,
IT1:DF_DCSS_ISTR_LAV_PEN_2_TV_3(1.0),A,087027,RESPOP_AV,T,Y_GE15,TOTAL,ALL,12,ALL,ALL,2021,243.033526473937,,,,,,,,ALL_N1,,,,,,,
IT1:DF_DCSS_ISTR_LAV_PEN_2_TV_3(1.0),A,087027,RESPOP_AV,T,Y_GE15,TOTAL,ALL,12,ALL,ALL,2022,227.854919822765,,,,,,,,ALL_N1,,,,,,,
IT1:DF_DCSS_ISTR_LAV_PEN_2_TV_3(1.0),A,087027,RESPOP_AV,T,Y_GE15,TOTAL,ALL,12,ALL,ALL,2023,248.830725026137,,,,,,,,ALL_N1,,,,,,,
IT1:DF_DCSS_ISTR_LAV_PEN_2_TV_3(1.0),A,087027,RESPOP_AV,T,Y_GE15,TOTAL,ALL,12,ALL,ALL,2024,185.13928076883724,,,,,,,,ALL_N1,,,,,,,
IT1:DF_DCSS_ISTR_LAV_PEN_2_TV_3(1.0),A,087027,RESPOP_AV,T,Y_GE15,TOTAL,ALL,22,ALL,ALL,2018,1996,,,,,,,,ALL_N1,,,,,,,
IT1:DF_DCSS_ISTR_LAV_PEN_2_TV_3(1.0),A,087027,RESPOP_AV,T,Y_GE15,TOTAL,ALL,22,ALL,ALL,2019,2004,,,,,,,,ALL_N1,,,,,,,
IT1:DF_DCSS_ISTR_LAV_PEN_2_TV_3(1.0),A,087027,RESPOP_AV,T,Y_GE15,TOTAL,ALL,22,ALL,ALL,2021,1507.03352647394,,,,,,,,ALL_N1,,,,,,,
IT1:DF_DCSS_ISTR_LAV_PEN_2_TV_3(1.0),A,087027,RESPOP_AV,T,Y_GE15,TOTAL,ALL,22,ALL,ALL,2022,1503.85491982276,,,,,,,,ALL_N1,,,,,,,
IT1:DF_DCSS_ISTR_LAV_PEN_2_TV_3(1.0),A,087027,RESPOP_AV,T,Y_GE15,TOTAL,ALL,22,ALL,ALL,2023,1553.830725026137,,,,,,,,ALL_N1,,,,,,,
IT1:DF_DCSS_ISTR_LAV_PEN_2_TV_3(1.0),A,087027,RESPOP_AV,T,Y_GE15,TOTAL,ALL,22,ALL,ALL,2024,1500.1392807688374,,,,,,,,ALL_N1,,,,,,,
IT1:DF_DCSS_ISTR_LAV_PEN_2_TV_3(1.0),A,087027,RESPOP_AV,T,Y_GE15,TOTAL,ALL,23,ALL,ALL,2018,2721,,,,,,,,ALL_N1,,,,,,,
IT1:DF_DCSS_ISTR_LAV_PEN_2_TV_3(1.0),A,087027,RESPOP_AV,T,Y_GE15,TOTAL,ALL,23,ALL,ALL,2019,2588,,,,,,,,ALL_N1,,,,,,,
IT1:DF_DCSS_ISTR_LAV_PEN_2_TV_3(1.0),A,087027,RESPOP_AV,T,Y_GE15,TOTAL,ALL,23,ALL,ALL,2021,2567.96647352606,,,,,,,,ALL_N1,,,,,,,
IT1:DF_DCSS_ISTR_LAV_PEN_2_TV_3(1.0),A,087027,RESPOP_AV,T,Y_GE15,TOTAL,ALL,23,ALL,ALL,2022,2499.14508017724,,,,,,,,ALL_N1,,,,,,,
IT1:DF_DCSS_ISTR_LAV_PEN_2_TV_3(1.0),A,087027,RESPOP_AV,T,Y_GE15,TOTAL,ALL,23,ALL,ALL,2023,2389.169274973863,,,,,,,,ALL_N1,,,,,,,
IT1:DF_DCSS_ISTR_LAV_PEN_2_TV_3(1.0),A,087027,RESPOP_AV,T,Y_GE15,TOTAL,ALL,23,ALL,ALL,2024,2456.860719231163,,,,,,,,ALL_N1,,,,,,,
IT1:DF_DCSS_ISTR_LAV_PEN_2_TV_3(1.0),A,087027,RESPOP_AV,T,Y_GE15,TOTAL,ALL,24,ALL,ALL,2018,890,,,,,,,,ALL_N1,,,,,,,
IT1:DF_DCSS_ISTR_LAV_PEN_2_TV_3(1.0),A,087027,RESPOP_AV,T,Y_GE15,TOTAL,ALL,24,ALL,ALL,2019,898,,,,,,,,ALL_N1,,,,,,,
IT1:DF_DCSS_ISTR_LAV_PEN_2_TV_3(1.0),A,087027,RESPOP_AV,T,Y_GE15,TOTAL,ALL,24,ALL,ALL,2021,944.62718972436,,,,,,,,ALL_N1,,,,,,,
IT1:DF_DCSS_ISTR_LAV_PEN_2_TV_3(1.0),A,087027,RESPOP_AV,T,Y_GE15,TOTAL,ALL,24,ALL,ALL,2022,904.508039823649,,,,,,,,ALL_N1,,,,,,,
IT1:DF_DCSS_ISTR_LAV_PEN_2_TV_3(1.0),A,087027,RESPOP_AV,T,Y_GE15,TOTAL,ALL,24,ALL,ALL,2023,858.2799149491326,,,,,,,,ALL_N1,,,,,,,
IT1:DF_DCSS_ISTR_LAV_PEN_2_TV_3(1.0),A,087027,RESPOP_AV,T,Y_GE15,TOTAL,ALL,24,ALL,ALL,2024,859.8913983341338,,,,,,,,ALL_N1,,,,,,,
IT1:DF_DCSS_ISTR_LAV_PEN_2_TV_3(1.0),A,087027,RESPOP_AV,T,Y_GE15,TOTAL,ALL,4,ALL,ALL,2018,798,,,,,,,,ALL_N1,,,,,,,
IT1:DF_DCSS_ISTR_LAV_PEN_2_TV_3(1.0),A,087027,RESPOP_AV,T,Y_GE15,TOTAL,ALL,4,ALL,ALL,2019,762,,,,,,,,ALL_N1,,,,,,,
IT1:DF_DCSS_ISTR_LAV_PEN_2_TV_3(1.0),A,087027,RESPOP_AV,T,Y_GE15,TOTAL,ALL,4,ALL,ALL,2021,761.882457077601,,,,,,,,ALL_N1,,,,,,,
IT1:DF_DCSS_ISTR_LAV_PEN_2_TV_3(1.0),A,087027,RESPOP_AV,T,Y_GE15,TOTAL,ALL,4,ALL,ALL,2022,790.427622797675,,,,,,,,ALL_N1,,,,,,,
IT1:DF_DCSS_ISTR_LAV_PEN_2_TV_3(1.0),A,087027,RESPOP_AV,T,Y_GE15,TOTAL,ALL,4,ALL,ALL,2023,763.1138667256748,,,,,,,,ALL_N1,,,,,,,
IT1:DF_DCSS_ISTR_LAV_PEN_2_TV_3(1.0),A,087027,RESPOP_AV,T,Y_GE15,TOTAL,ALL,4,ALL,ALL,2024,799.5831114583016,,,,,,,,ALL_N1,,,,,,,
IT1:DF_DCSS_ISTR_LAV_PEN_2_TV_3(1.0),A,087027,RESPOP_AV,T,Y_GE15,TOTAL,ALL,5,ALL,ALL,2018,385,,,,,,,,ALL_N1,,,,,,,
IT1:DF_DCSS_ISTR_LAV_PEN_2_TV_3(1.0),A,087027,RESPOP_AV,T,Y_GE15,TOTAL,ALL,5,ALL,ALL,2019,382,,,,,,,,ALL_N1,,,,,,,
IT1:DF_DCSS_ISTR_LAV_PEN_2_TV_3(1.0),A,087027,RESPOP_AV,T,Y_GE15,TOTAL,ALL,5,ALL,ALL,2021,345.232133344996,,,,,,,,ALL_N1,,,,,,,
IT1:DF_DCSS_ISTR_LAV_PEN_2_TV_3(1.0),A,087027,RESPOP_AV,T,Y_GE15,TOTAL,ALL,5,ALL,ALL,2022,348.206329327896,,,,,,,,ALL_N1,,,,,,,
IT1:DF_DCSS_ISTR_LAV_PEN_2_TV_3(1.0),A,087027,RESPOP_AV,T,Y_GE15,TOTAL,ALL,5,ALL,ALL,2023,332.2839962982132,,,,,,,,ALL_N1,,,,,,,
IT1:DF_DCSS_ISTR_LAV_PEN_2_TV_3(1.0),A,087027,RESPOP_AV,T,Y_GE15,TOTAL,ALL,5,ALL,ALL,2024,344.91381385581883,,,,,,,,ALL_N1,,,,,,,
IT1:DF_DCSS_ISTR_LAV_PEN_2_TV_3(1.0),A,087027,RESPOP_AV,T,Y_GE15,TOTAL,ALL,7,ALL,ALL,2018,648,,,,,,,,ALL_N1,,,,,,,
IT1:DF_DCSS_ISTR_LAV_PEN_2_TV_3(1.0),A,087027,RESPOP_AV,T,Y_GE15,TOTAL,ALL,7,ALL,ALL,2019,546,,,,,,,,ALL_N1,,,,,,,
IT1:DF_DCSS_ISTR_LAV_PEN_2_TV_3(1.0),A,087027,RESPOP_AV,T,Y_GE15,TOTAL,ALL,7,ALL,ALL,2021,516.224693379107,,,,,,,,ALL_N1,,,,,,,
IT1:DF_DCSS_ISTR_LAV_PEN_2_TV_3(1.0),A,087027,RESPOP_AV,T,Y_GE15,TOTAL,ALL,7,ALL,ALL,2022,456.003088228015,,,,,,,,ALL_N1,,,,,,,
IT1:DF_DCSS_ISTR_LAV_PEN_2_TV_3(1.0),A,087027,RESPOP_AV,T,Y_GE15,TOTAL,ALL,7,ALL,ALL,2023,435.4914970008427,,,,,,,,ALL_N1,,,,,,,
IT1:DF_DCSS_ISTR_LAV_PEN_2_TV_3(1.0),A,087027,RESPOP_AV,T,Y_GE15,TOTAL,ALL,7,ALL,ALL,2024,452.47239558290863,,,,,,,,ALL_N1,,,,,,,
IT1:DF_DCSS_ISTR_LAV_PEN_2_TV_3(1.0),A,087027,RESPOP_AV,T,Y_GE15,TOTAL,ALL,99,ALL,ALL,2018,4717,,,,,,,,ALL_N1,99_N1,,,,,,
IT1:DF_DCSS_ISTR_LAV_PEN_2_TV_3(1.0),A,087027,RESPOP_AV,T,Y_GE15,TOTAL,ALL,99,ALL,ALL,2019,4591,,,,,,,,ALL_N1,99_N1,,,,,,
IT1:DF_DCSS_ISTR_LAV_PEN_2_TV_3(1.0),A,087027,RESPOP_AV,T,Y_GE15,TOTAL,ALL,99,ALL,ALL,2021,4075,,,,,,,,ALL_N1,99_N1,,,,,,
IT1:DF_DCSS_ISTR_LAV_PEN_2_TV_3(1.0),A,087027,RESPOP_AV,T,Y_GE15,TOTAL,ALL,99,ALL,ALL,2022,4003,,,,,,,,ALL_N1,99_N1,,,,,,
IT1:DF_DCSS_ISTR_LAV_PEN_2_TV_3(1.0),A,087027,RESPOP_AV,T,Y_GE15,TOTAL,ALL,99,ALL,ALL,2023,3943.0000000000005,,,,,,,,ALL_N1,99_N1,,,,,,
IT1:DF_DCSS_ISTR_LAV_PEN_2_TV_3(1.0),A,087027,RESPOP_AV,T,Y_GE15,TOTAL,ALL,99,ALL,ALL,2024,3957,,,,,,,,ALL_N1,99_N1,,,,,,
IT1:DF_DCSS_ISTR_LAV_PEN_2_TV_3(1.0),A,087028,RESPOP_AV,F,Y_GE15,TOTAL,ALL,1,ALL,ALL,2018,372,,,,,,,,ALL_N1,,,,,,,
IT1:DF_DCSS_ISTR_LAV_PEN_2_TV_3(1.0),A,087028,RESPOP_AV,F,Y_GE15,TOTAL,ALL,1,ALL,ALL,2019,369,,,,,,,,ALL_N1,,,,,,,
IT1:DF_DCSS_ISTR_LAV_PEN_2_TV_3(1.0),A,087028,RESPOP_AV,F,Y_GE15,TOTAL,ALL,1,ALL,ALL,2021,391,,,,,,,,ALL_N1,,,,,,,
IT1:DF_DCSS_ISTR_LAV_PEN_2_TV_3(1.0),A,087028,RESPOP_AV,F,Y_GE15,TOTAL,ALL,1,ALL,ALL,2022,376,,,,,,,,ALL_N1,,,,,,,
IT1:DF_DCSS_ISTR_LAV_PEN_2_TV_3(1.0),A,087028,RESPOP_AV,F,Y_GE15,TOTAL,ALL,1,ALL,ALL,2023,401,,,,,,,,ALL_N1,,,,,,,
IT1:DF_DCSS_ISTR_LAV_PEN_2_TV_3(1.0),A,087028,RESPOP_AV,F,Y_GE15,TOTAL,ALL,1,ALL,ALL,2024,418,,,,,,,,ALL_N1,,,,,,,
IT1:DF_DCSS_ISTR_LAV_PEN_2_TV_3(1.0),A,087028,RESPOP_AV,F,Y_GE15,TOTAL,ALL,12,ALL,ALL,2018,187,,,,,,,,ALL_N1,,,,,,,
IT1:DF_DCSS_ISTR_LAV_PEN_2_TV_3(1.0),A,087028,RESPOP_AV,F,Y_GE15,TOTAL,ALL,12,ALL,ALL,2019,210,,,,,,,,ALL_N1,,,,,,,
IT1:DF_DCSS_ISTR_LAV_PEN_2_TV_3(1.0),A,087028,RESPOP_AV,F,Y_GE15,TOTAL,ALL,12,ALL,ALL,2021,96.6619765155026,,,,,,,,ALL_N1,,,,,,,
IT1:DF_DCSS_ISTR_LAV_PEN_2_TV_3(1.0),A,087028,RESPOP_AV,F,Y_GE15,TOTAL,ALL,12,ALL,ALL,2022,106.406820338052,,,,,,,,ALL_N1,,,,,,,
IT1:DF_DCSS_ISTR_LAV_PEN_2_TV_3(1.0),A,087028,RESPOP_AV,F,Y_GE15,TOTAL,ALL,12,ALL,ALL,2023,119.80019126676807,,,,,,,,ALL_N1,,,,,,,
IT1:DF_DCSS_ISTR_LAV_PEN_2_TV_3(1.0),A,087028,RESPOP_AV,F,Y_GE15,TOTAL,ALL,12,ALL,ALL,2024,74.27013167006345,,,,,,,,ALL_N1,,,,,,,
IT1:DF_DCSS_ISTR_LAV_PEN_2_TV_3(1.0),A,087028,RESPOP_AV,F,Y_GE15,TOTAL,ALL,22,ALL,ALL,2018,559,,,,,,,,ALL_N1,,,,,,,
IT1:DF_DCSS_ISTR_LAV_PEN_2_TV_3(1.0),A,087028,RESPOP_AV,F,Y_GE15,TOTAL,ALL,22,ALL,ALL,2019,579,,,,,,,,ALL_N1,,,,,,,
IT1:DF_DCSS_ISTR_LAV_PEN_2_TV_3(1.0),A,087028,RESPOP_AV,F,Y_GE15,TOTAL,ALL,22,ALL,ALL,2021,487.661976515503,,,,,,,,ALL_N1,,,,,,,
IT1:DF_DCSS_ISTR_LAV_PEN_2_TV_3(1.0),A,087028,RESPOP_AV,F,Y_GE15,TOTAL,ALL,22,ALL,ALL,2022,482.406820338052,,,,,,,,ALL_N1,,,,,,,
IT1:DF_DCSS_ISTR_LAV_PEN_2_TV_3(1.0),A,087028,RESPOP_AV,F,Y_GE15,TOTAL,ALL,22,ALL,ALL,2023,520.800191266768,,,,,,,,ALL_N1,,,,,,,
IT1:DF_DCSS_ISTR_LAV_PEN_2_TV_3(1.0),A,087028,RESPOP_AV,F,Y_GE15,TOTAL,ALL,22,ALL,ALL,2024,492.27013167006345,,,,,,,,ALL_N1,,,,,,,
IT1:DF_DCSS_ISTR_LAV_PEN_2_TV_3(1.0),A,087028,RESPOP_AV,F,Y_GE15,TOTAL,ALL,23,ALL,ALL,2018,1574,,,,,,,,ALL_N1,,,,,,,
IT1:DF_DCSS_ISTR_LAV_PEN_2_TV_3(1.0),A,087028,RESPOP_AV,F,Y_GE15,TOTAL,ALL,23,ALL,ALL,2019,1516,,,,,,,,ALL_N1,,,,,,,
IT1:DF_DCSS_ISTR_LAV_PEN_2_TV_3(1.0),A,087028,RESPOP_AV,F,Y_GE15,TOTAL,ALL,23,ALL,ALL,2021,1534.3380234845,,,,,,,,ALL_N1,,,,,,,
IT1:DF_DCSS_ISTR_LAV_PEN_2_TV_3(1.0),A,087028,RESPOP_AV,F,Y_GE15,TOTAL,ALL,23,ALL,ALL,2022,1525.59317966195,,,,,,,,ALL_N1,,,,,,,
IT1:DF_DCSS_ISTR_LAV_PEN_2_TV_3(1.0),A,087028,RESPOP_AV,F,Y_GE15,TOTAL,ALL,23,ALL,ALL,2023,1497.199808733232,,,,,,,,ALL_N1,,,,,,,
IT1:DF_DCSS_ISTR_LAV_PEN_2_TV_3(1.0),A,087028,RESPOP_AV,F,Y_GE15,TOTAL,ALL,23,ALL,ALL,2024,1501.7298683299364,,,,,,,,ALL_N1,,,,,,,
IT1:DF_DCSS_ISTR_LAV_PEN_2_TV_3(1.0),A,087028,RESPOP_AV,F,Y_GE15,TOTAL,ALL,24,ALL,ALL,2018,443,,,,,,,,ALL_N1,,,,,,,
IT1:DF_DCSS_ISTR_LAV_PEN_2_TV_3(1.0),A,087028,RESPOP_AV,F,Y_GE15,TOTAL,ALL,24,ALL,ALL,2019,488,,,,,,,,ALL_N1,,,,,,,
IT1:DF_DCSS_ISTR_LAV_PEN_2_TV_3(1.0),A,087028,RESPOP_AV,F,Y_GE15,TOTAL,ALL,24,ALL,ALL,2021,463.470960017292,,,,,,,,ALL_N1,,,,,,,
IT1:DF_DCSS_ISTR_LAV_PEN_2_TV_3(1.0),A,087028,RESPOP_AV,F,Y_GE15,TOTAL,ALL,24,ALL,ALL,2022,418.68714835408,,,,,,,,ALL_N1,,,,,,,
IT1:DF_DCSS_ISTR_LAV_PEN_2_TV_3(1.0),A,087028,RESPOP_AV,F,Y_GE15,TOTAL,ALL,24,ALL,ALL,2023,396.83488411270463,,,,,,,,ALL_N1,,,,,,,
IT1:DF_DCSS_ISTR_LAV_PEN_2_TV_3(1.0),A,087028,RESPOP_AV,F,Y_GE15,TOTAL,ALL,24,ALL,ALL,2024,389.30863999445165,,,,,,,,ALL_N1,,,,,,,
IT1:DF_DCSS_ISTR_LAV_PEN_2_TV_3(1.0),A,087028,RESPOP_AV,F,Y_GE15,TOTAL,ALL,4,ALL,ALL,2018,728,,,,,,,,ALL_N1,,,,,,,
IT1:DF_DCSS_ISTR_LAV_PEN_2_TV_3(1.0),A,087028,RESPOP_AV,F,Y_GE15,TOTAL,ALL,4,ALL,ALL,2019,679,,,,,,,,ALL_N1,,,,,,,
IT1:DF_DCSS_ISTR_LAV_PEN_2_TV_3(1.0),A,087028,RESPOP_AV,F,Y_GE15,TOTAL,ALL,4,ALL,ALL,2021,757.083739816091,,,,,,,,ALL_N1,,,,,,,
IT1:DF_DCSS_ISTR_LAV_PEN_2_TV_3(1.0),A,087028,RESPOP_AV,F,Y_GE15,TOTAL,ALL,4,ALL,ALL,2022,747.096569110244,,,,,,,,ALL_N1,,,,,,,
IT1:DF_DCSS_ISTR_LAV_PEN_2_TV_3(1.0),A,087028,RESPOP_AV,F,Y_GE15,TOTAL,ALL,4,ALL,ALL,2023,753.5712872169502,,,,,,,,ALL_N1,,,,,,,
IT1:DF_DCSS_ISTR_LAV_PEN_2_TV_3(1.0),A,087028,RESPOP_AV,F,Y_GE15,TOTAL,ALL,4,ALL,ALL,2024,734.0352400200388,,,,,,,,ALL_N1,,,,,,,
IT1:DF_DCSS_ISTR_LAV_PEN_2_TV_3(1.0),A,087028,RESPOP_AV,F,Y_GE15,TOTAL,ALL,5,ALL,ALL,2018,159,,,,,,,,ALL_N1,,,,,,,
IT1:DF_DCSS_ISTR_LAV_PEN_2_TV_3(1.0),A,087028,RESPOP_AV,F,Y_GE15,TOTAL,ALL,5,ALL,ALL,2019,160,,,,,,,,ALL_N1,,,,,,,
IT1:DF_DCSS_ISTR_LAV_PEN_2_TV_3(1.0),A,087028,RESPOP_AV,F,Y_GE15,TOTAL,ALL,5,ALL,ALL,2021,141.010172741701,,,,,,,,ALL_N1,,,,,,,
IT1:DF_DCSS_ISTR_LAV_PEN_2_TV_3(1.0),A,087028,RESPOP_AV,F,Y_GE15,TOTAL,ALL,5,ALL,ALL,2022,142.105893236818,,,,,,,,ALL_N1,,,,,,,
IT1:DF_DCSS_ISTR_LAV_PEN_2_TV_3(1.0),A,087028,RESPOP_AV,F,Y_GE15,TOTAL,ALL,5,ALL,ALL,2023,137.22317084672167,,,,,,,,ALL_N1,,,,,,,
IT1:DF_DCSS_ISTR_LAV_PEN_2_TV_3(1.0),A,087028,RESPOP_AV,F,Y_GE15,TOTAL,ALL,5,ALL,ALL,2024,149.73961390906163,,,,,,,,ALL_N1,,,,,,,
IT1:DF_DCSS_ISTR_LAV_PEN_2_TV_3(1.0),A,087028,RESPOP_AV,F,Y_GE15,TOTAL,ALL,7,ALL,ALL,2018,244,,,,,,,,ALL_N1,,,,,,,
IT1:DF_DCSS_ISTR_LAV_PEN_2_TV_3(1.0),A,087028,RESPOP_AV,F,Y_GE15,TOTAL,ALL,7,ALL,ALL,2019,189,,,,,,,,ALL_N1,,,,,,,
IT1:DF_DCSS_ISTR_LAV_PEN_2_TV_3(1.0),A,087028,RESPOP_AV,F,Y_GE15,TOTAL,ALL,7,ALL,ALL,2021,172.773150909413,,,,,,,,ALL_N1,,,,,,,
IT1:DF_DCSS_ISTR_LAV_PEN_2_TV_3(1.0),A,087028,RESPOP_AV,F,Y_GE15,TOTAL,ALL,7,ALL,ALL,2022,217.703568960806,,,,,,,,ALL_N1,,,,,,,
IT1:DF_DCSS_ISTR_LAV_PEN_2_TV_3(1.0),A,087028,RESPOP_AV,F,Y_GE15,TOTAL,ALL,7,ALL,ALL,2023,209.5704665568555,,,,,,,,ALL_N1,,,,,,,
IT1:DF_DCSS_ISTR_LAV_PEN_2_TV_3(1.0),A,087028,RESPOP_AV,F,Y_GE15,TOTAL,ALL,7,ALL,ALL,2024,228.6463744063844,,,,,,,,ALL_N1,,,,,,,
IT1:DF_DCSS_ISTR_LAV_PEN_2_TV_3(1.0),A,087028,RESPOP_AV,F,Y_GE15,TOTAL,ALL,99,ALL,ALL,2018,2133,,,,,,,,ALL_N1,99_N1,,,,,,
IT1:DF_DCSS_ISTR_LAV_PEN_2_TV_3(1.0),A,087028,RESPOP_AV,F,Y_GE15,TOTAL,ALL,99,ALL,ALL,2019,2095,,,,,,,,ALL_N1,99_N1,,,,,,
IT1:DF_DCSS_ISTR_LAV_PEN_2_TV_3(1.0),A,087028,RESPOP_AV,F,Y_GE15,TOTAL,ALL,99,ALL,ALL,2021,2022,,,,,,,,ALL_N1,99_N1,,,,,,
IT1:DF_DCSS_ISTR_LAV_PEN_2_TV_3(1.0),A,087028,RESPOP_AV,F,Y_GE15,TOTAL,ALL,99,ALL,ALL,2022,2008,,,,,,,,ALL_N1,99_N1,,,,,,
IT1:DF_DCSS_ISTR_LAV_PEN_2_TV_3(1.0),A,087028,RESPOP_AV,F,Y_GE15,TOTAL,ALL,99,ALL,ALL,2023,2018,,,,,,,,ALL_N1,99_N1,,,,,,
IT1:DF_DCSS_ISTR_LAV_PEN_2_TV_3(1.0),A,087028,RESPOP_AV,F,Y_GE15,TOTAL,ALL,99,ALL,ALL,2024,1994,,,,,,,,ALL_N1,99_N1,,,,,,
IT1:DF_DCSS_ISTR_LAV_PEN_2_TV_3(1.0),A,087028,RESPOP_AV,M,Y_GE15,TOTAL,ALL,1,ALL,ALL,2018,712,,,,,,,,ALL_N1,,,,,,,
IT1:DF_DCSS_ISTR_LAV_PEN_2_TV_3(1.0),A,087028,RESPOP_AV,M,Y_GE15,TOTAL,ALL,1,ALL,ALL,2019,705,,,,,,,,ALL_N1,,,,,,,
IT1:DF_DCSS_ISTR_LAV_PEN_2_TV_3(1.0),A,087028,RESPOP_AV,M,Y_GE15,TOTAL,ALL,1,ALL,ALL,2021,675,,,,,,,,ALL_N1,,,,,,,
IT1:DF_DCSS_ISTR_LAV_PEN_2_TV_3(1.0),A,087028,RESPOP_AV,M,Y_GE15,TOTAL,ALL,1,ALL,ALL,2022,674,,,,,,,,ALL_N1,,,,,,,
IT1:DF_DCSS_ISTR_LAV_PEN_2_TV_3(1.0),A,087028,RESPOP_AV,M,Y_GE15,TOTAL,ALL,1,ALL,ALL,2023,701,,,,,,,,ALL_N1,,,,,,,
IT1:DF_DCSS_ISTR_LAV_PEN_2_TV_3(1.0),A,087028,RESPOP_AV,M,Y_GE15,TOTAL,ALL,1,ALL,ALL,2024,691,,,,,,,,ALL_N1,,,,,,,
IT1:DF_DCSS_ISTR_LAV_PEN_2_TV_3(1.0),A,087028,RESPOP_AV,M,Y_GE15,TOTAL,ALL,12,ALL,ALL,2018,205,,,,,,,,ALL_N1,,,,,,,
IT1:DF_DCSS_ISTR_LAV_PEN_2_TV_3(1.0),A,087028,RESPOP_AV,M,Y_GE15,TOTAL,ALL,12,ALL,ALL,2019,205,,,,,,,,ALL_N1,,,,,,,
IT1:DF_DCSS_ISTR_LAV_PEN_2_TV_3(1.0),A,087028,RESPOP_AV,M,Y_GE15,TOTAL,ALL,12,ALL,ALL,2021,131.591722181531,,,,,,,,ALL_N1,,,,,,,
IT1:DF_DCSS_ISTR_LAV_PEN_2_TV_3(1.0),A,087028,RESPOP_AV,M,Y_GE15,TOTAL,ALL,12,ALL,ALL,2022,136.973603966912,,,,,,,,ALL_N1,,,,,,,
IT1:DF_DCSS_ISTR_LAV_PEN_2_TV_3(1.0),A,087028,RESPOP_AV,M,Y_GE15,TOTAL,ALL,12,ALL,ALL,2023,144.00511863020594,,,,,,,,ALL_N1,,,,,,,
IT1:DF_DCSS_ISTR_LAV_PEN_2_TV_3(1.0),A,087028,RESPOP_AV,M,Y_GE15,TOTAL,ALL,12,ALL,ALL,2024,96.32180947421898,,,,,,,,ALL_N1,,,,,,,
IT1:DF_DCSS_ISTR_LAV_PEN_2_TV_3(1.0),A,087028,RESPOP_AV,M,Y_GE15,TOTAL,ALL,22,ALL,ALL,2018,917,,,,,,,,ALL_N1,,,,,,,
IT1:DF_DCSS_ISTR_LAV_PEN_2_TV_3(1.0),A,087028,RESPOP_AV,M,Y_GE15,TOTAL,ALL,22,ALL,ALL,2019,910,,,,,,,,ALL_N1,,,,,,,
IT1:DF_DCSS_ISTR_LAV_PEN_2_TV_3(1.0),A,087028,RESPOP_AV,M,Y_GE15,TOTAL,ALL,22,ALL,ALL,2021,806.591722181531,,,,,,,,ALL_N1,,,,,,,
IT1:DF_DCSS_ISTR_LAV_PEN_2_TV_3(1.0),A,087028,RESPOP_AV,M,Y_GE15,TOTAL,ALL,22,ALL,ALL,2022,810.973603966912,,,,,,,,ALL_N1,,,,,,,
IT1:DF_DCSS_ISTR_LAV_PEN_2_TV_3(1.0),A,087028,RESPOP_AV,M,Y_GE15,TOTAL,ALL,22,ALL,ALL,2023,845.005118630206,,,,,,,,ALL_N1,,,,,,,
IT1:DF_DCSS_ISTR_LAV_PEN_2_TV_3(1.0),A,087028,RESPOP_AV,M,Y_GE15,TOTAL,ALL,22,ALL,ALL,2024,787.321809474219,,,,,,,,ALL_N1,,,,,,,
IT1:DF_DCSS_ISTR_LAV_PEN_2_TV_3(1.0),A,087028,RESPOP_AV,M,Y_GE15,TOTAL,ALL,23,ALL,ALL,2018,921,,,,,,,,ALL_N1,,,,,,,
IT1:DF_DCSS_ISTR_LAV_PEN_2_TV_3(1.0),A,087028,RESPOP_AV,M,Y_GE15,TOTAL,ALL,23,ALL,ALL,2019,885,,,,,,,,ALL_N1,,,,,,,
IT1:DF_DCSS_ISTR_LAV_PEN_2_TV_3(1.0),A,087028,RESPOP_AV,M,Y_GE15,TOTAL,ALL,23,ALL,ALL,2021,961.408277818469,,,,,,,,ALL_N1,,,,,,,
IT1:DF_DCSS_ISTR_LAV_PEN_2_TV_3(1.0),A,087028,RESPOP_AV,M,Y_GE15,TOTAL,ALL,23,ALL,ALL,2022,931.026396033088,,,,,,,,ALL_N1,,,,,,,
IT1:DF_DCSS_ISTR_LAV_PEN_2_TV_3(1.0),A,087028,RESPOP_AV,M,Y_GE15,TOTAL,ALL,23,ALL,ALL,2023,903.994881369794,,,,,,,,ALL_N1,,,,,,,
IT1:DF_DCSS_ISTR_LAV_PEN_2_TV_3(1.0),A,087028,RESPOP_AV,M,Y_GE15,TOTAL,ALL,23,ALL,ALL,2024,940.678190525781,,,,,,,,ALL_N1,,,,,,,
IT1:DF_DCSS_ISTR_LAV_PEN_2_TV_3(1.0),A,087028,RESPOP_AV,M,Y_GE15,TOTAL,ALL,24,ALL,ALL,2018,470,,,,,,,,ALL_N1,,,,,,,
IT1:DF_DCSS_ISTR_LAV_PEN_2_TV_3(1.0),A,087028,RESPOP_AV,M,Y_GE15,TOTAL,ALL,24,ALL,ALL,2019,500,,,,,,,,ALL_N1,,,,,,,
IT1:DF_DCSS_ISTR_LAV_PEN_2_TV_3(1.0),A,087028,RESPOP_AV,M,Y_GE15,TOTAL,ALL,24,ALL,ALL,2021,510.319076193003,,,,,,,,ALL_N1,,,,,,,
IT1:DF_DCSS_ISTR_LAV_PEN_2_TV_3(1.0),A,087028,RESPOP_AV,M,Y_GE15,TOTAL,ALL,24,ALL,ALL,2022,464.997919218925,,,,,,,,ALL_N1,,,,,,,
IT1:DF_DCSS_ISTR_LAV_PEN_2_TV_3(1.0),A,087028,RESPOP_AV,M,Y_GE15,TOTAL,ALL,24,ALL,ALL,2023,453.6653403406167,,,,,,,,ALL_N1,,,,,,,
IT1:DF_DCSS_ISTR_LAV_PEN_2_TV_3(1.0),A,087028,RESPOP_AV,M,Y_GE15,TOTAL,ALL,24,ALL,ALL,2024,452.95448210431584,,,,,,,,ALL_N1,,,,,,,
IT1:DF_DCSS_ISTR_LAV_PEN_2_TV_3(1.0),A,087028,RESPOP_AV,M,Y_GE15,TOTAL,ALL,4,ALL,ALL,2018,32,,,,,,,,ALL_N1,,,,,,,
IT1:DF_DCSS_ISTR_LAV_PEN_2_TV_3(1.0),A,087028,RESPOP_AV,M,Y_GE15,TOTAL,ALL,4,ALL,ALL,2019,29,,,,,,,,ALL_N1,,,,,,,
IT1:DF_DCSS_ISTR_LAV_PEN_2_TV_3(1.0),A,087028,RESPOP_AV,M,Y_GE15,TOTAL,ALL,4,ALL,ALL,2021,62.2095292185696,,,,,,,,ALL_N1,,,,,,,
IT1:DF_DCSS_ISTR_LAV_PEN_2_TV_3(1.0),A,087028,RESPOP_AV,M,Y_GE15,TOTAL,ALL,4,ALL,ALL,2022,62.4205614237763,,,,,,,,ALL_N1,,,,,,,
IT1:DF_DCSS_ISTR_LAV_PEN_2_TV_3(1.0),A,087028,RESPOP_AV,M,Y_GE15,TOTAL,ALL,4,ALL,ALL,2023,67.49248189359194,,,,,,,,ALL_N1,,,,,,,
IT1:DF_DCSS_ISTR_LAV_PEN_2_TV_3(1.0),A,087028,RESPOP_AV,M,Y_GE15,TOTAL,ALL,4,ALL,ALL,2024,59.77244998265186,,,,,,,,ALL_N1,,,,,,,
IT1:DF_DCSS_ISTR_LAV_PEN_2_TV_3(1.0),A,087028,RESPOP_AV,M,Y_GE15,TOTAL,ALL,5,ALL,ALL,2018,121,,,,,,,,ALL_N1,,,,,,,
IT1:DF_DCSS_ISTR_LAV_PEN_2_TV_3(1.0),A,087028,RESPOP_AV,M,Y_GE15,TOTAL,ALL,5,ALL,ALL,2019,131,,,,,,,,ALL_N1,,,,,,,
IT1:DF_DCSS_ISTR_LAV_PEN_2_TV_3(1.0),A,087028,RESPOP_AV,M,Y_GE15,TOTAL,ALL,5,ALL,ALL,2021,128.399024318176,,,,,,,,ALL_N1,,,,,,,
IT1:DF_DCSS_ISTR_LAV_PEN_2_TV_3(1.0),A,087028,RESPOP_AV,M,Y_GE15,TOTAL,ALL,5,ALL,ALL,2022,123.230385187735,,,,,,,,ALL_N1,,,,,,,
IT1:DF_DCSS_ISTR_LAV_PEN_2_TV_3(1.0),A,087028,RESPOP_AV,M,Y_GE15,TOTAL,ALL,5,ALL,ALL,2023,114.2904427080042,,,,,,,,ALL_N1,,,,,,,
IT1:DF_DCSS_ISTR_LAV_PEN_2_TV_3(1.0),A,087028,RESPOP_AV,M,Y_GE15,TOTAL,ALL,5,ALL,ALL,2024,123.9934930054826,,,,,,,,ALL_N1,,,,,,,
IT1:DF_DCSS_ISTR_LAV_PEN_2_TV_3(1.0),A,087028,RESPOP_AV,M,Y_GE15,TOTAL,ALL,7,ALL,ALL,2018,298,,,,,,,,ALL_N1,,,,,,,
IT1:DF_DCSS_ISTR_LAV_PEN_2_TV_3(1.0),A,087028,RESPOP_AV,M,Y_GE15,TOTAL,ALL,7,ALL,ALL,2019,225,,,,,,,,ALL_N1,,,,,,,
IT1:DF_DCSS_ISTR_LAV_PEN_2_TV_3(1.0),A,087028,RESPOP_AV,M,Y_GE15,TOTAL,ALL,7,ALL,ALL,2021,260.48064808872,,,,,,,,ALL_N1,,,,,,,
IT1:DF_DCSS_ISTR_LAV_PEN_2_TV_3(1.0),A,087028,RESPOP_AV,M,Y_GE15,TOTAL,ALL,7,ALL,ALL,2022,280.377530202652,,,,,,,,ALL_N1,,,,,,,
IT1:DF_DCSS_ISTR_LAV_PEN_2_TV_3(1.0),A,087028,RESPOP_AV,M,Y_GE15,TOTAL,ALL,7,ALL,ALL,2023,268.5466164275812,,,,,,,,ALL_N1,,,,,,,
IT1:DF_DCSS_ISTR_LAV_PEN_2_TV_3(1.0),A,087028,RESPOP_AV,M,Y_GE15,TOTAL,ALL,7,ALL,ALL,2024,303.95776543333074,,,,,,,,ALL_N1,,,,,,,
IT1:DF_DCSS_ISTR_LAV_PEN_2_TV_3(1.0),A,087028,RESPOP_AV,M,Y_GE15,TOTAL,ALL,99,ALL,ALL,2018,1838,,,,,,,,ALL_N1,99_N1,,,,,,
IT1:DF_DCSS_ISTR_LAV_PEN_2_TV_3(1.0),A,087028,RESPOP_AV,M,Y_GE15,TOTAL,ALL,99,ALL,ALL,2019,1795,,,,,,,,ALL_N1,99_N1,,,,,,
IT1:DF_DCSS_ISTR_LAV_PEN_2_TV_3(1.0),A,087028,RESPOP_AV,M,Y_GE15,TOTAL,ALL,99,ALL,ALL,2021,1768,,,,,,,,ALL_N1,99_N1,,,,,,
IT1:DF_DCSS_ISTR_LAV_PEN_2_TV_3(1.0),A,087028,RESPOP_AV,M,Y_GE15,TOTAL,ALL,99,ALL,ALL,2022,1742,,,,,,,,ALL_N1,99_N1,,,,,,
IT1:DF_DCSS_ISTR_LAV_PEN_2_TV_3(1.0),A,087028,RESPOP_AV,M,Y_GE15,TOTAL,ALL,99,ALL,ALL,2023,1749,,,,,,,,ALL_N1,99_N1,,,,,,
IT1:DF_DCSS_ISTR_LAV_PEN_2_TV_3(1.0),A,087028,RESPOP_AV,M,Y_GE15,TOTAL,ALL,99,ALL,ALL,2024,1728,,,,,,,,ALL_N1,99_N1,,,,,,
IT1:DF_DCSS_ISTR_LAV_PEN_2_TV_3(1.0),A,087028,RESPOP_AV,T,Y_GE15,TOTAL,ALL,1,ALL,ALL,2018,1084,,,,,,,,ALL_N1,,,,,,,
IT1:DF_DCSS_ISTR_LAV_PEN_2_TV_3(1.0),A,087028,RESPOP_AV,T,Y_GE15,TOTAL,ALL,1,ALL,ALL,2019,1074,,,,,,,,ALL_N1,,,,,,,
IT1:DF_DCSS_ISTR_LAV_PEN_2_TV_3(1.0),A,087028,RESPOP_AV,T,Y_GE15,TOTAL,ALL,1,ALL,ALL,2021,1066,,,,,,,,ALL_N1,,,,,,,
IT1:DF_DCSS_ISTR_LAV_PEN_2_TV_3(1.0),A,087028,RESPOP_AV,T,Y_GE15,TOTAL,ALL,1,ALL,ALL,2022,1050,,,,,,,,ALL_N1,,,,,,,
IT1:DF_DCSS_ISTR_LAV_PEN_2_TV_3(1.0),A,087028,RESPOP_AV,T,Y_GE15,TOTAL,ALL,1,ALL,ALL,2023,1102,,,,,,,,ALL_N1,,,,,,,
IT1:DF_DCSS_ISTR_LAV_PEN_2_TV_3(1.0),A,087028,RESPOP_AV,T,Y_GE15,TOTAL,ALL,1,ALL,ALL,2024,1109,,,,,,,,ALL_N1,,,,,,,
IT1:DF_DCSS_ISTR_LAV_PEN_2_TV_3(1.0),A,087028,RESPOP_AV,T,Y_GE15,TOTAL,ALL,12,ALL,ALL,2018,392,,,,,,,,ALL_N1,,,,,,,
IT1:DF_DCSS_ISTR_LAV_PEN_2_TV_3(1.0),A,087028,RESPOP_AV,T,Y_GE15,TOTAL,ALL,12,ALL,ALL,2019,415,,,,,,,,ALL_N1,,,,,,,
IT1:DF_DCSS_ISTR_LAV_PEN_2_TV_3(1.0),A,087028,RESPOP_AV,T,Y_GE15,TOTAL,ALL,12,ALL,ALL,2021,228.253698697033,,,,,,,,ALL_N1,,,,,,,
IT1:DF_DCSS_ISTR_LAV_PEN_2_TV_3(1.0),A,087028,RESPOP_AV,T,Y_GE15,TOTAL,ALL,12,ALL,ALL,2022,243.380424304964,,,,,,,,ALL_N1,,,,,,,
IT1:DF_DCSS_ISTR_LAV_PEN_2_TV_3(1.0),A,087028,RESPOP_AV,T,Y_GE15,TOTAL,ALL,12,ALL,ALL,2023,263.805309896974,,,,,,,,ALL_N1,,,,,,,
IT1:DF_DCSS_ISTR_LAV_PEN_2_TV_3(1.0),A,087028,RESPOP_AV,T,Y_GE15,TOTAL,ALL,12,ALL,ALL,2024,170.59194114428243,,,,,,,,ALL_N1,,,,,,,
IT1:DF_DCSS_ISTR_LAV_PEN_2_TV_3(1.0),A,087028,RESPOP_AV,T,Y_GE15,TOTAL,ALL,22,ALL,ALL,2018,1476,,,,,,,,ALL_N1,,,,,,,
IT1:DF_DCSS_ISTR_LAV_PEN_2_TV_3(1.0),A,087028,RESPOP_AV,T,Y_GE15,TOTAL,ALL,22,ALL,ALL,2019,1489,,,,,,,,ALL_N1,,,,,,,
IT1:DF_DCSS_ISTR_LAV_PEN_2_TV_3(1.0),A,087028,RESPOP_AV,T,Y_GE15,TOTAL,ALL,22,ALL,ALL,2021,1294.25369869703,,,,,,,,ALL_N1,,,,,,,
IT1:DF_DCSS_ISTR_LAV_PEN_2_TV_3(1.0),A,087028,RESPOP_AV,T,Y_GE15,TOTAL,ALL,22,ALL,ALL,2022,1293.38042430496,,,,,,,,ALL_N1,,,,,,,
IT1:DF_DCSS_ISTR_LAV_PEN_2_TV_3(1.0),A,087028,RESPOP_AV,T,Y_GE15,TOTAL,ALL,22,ALL,ALL,2023,1365.805309896974,,,,,,,,ALL_N1,,,,,,,
IT1:DF_DCSS_ISTR_LAV_PEN_2_TV_3(1.0),A,087028,RESPOP_AV,T,Y_GE15,TOTAL,ALL,22,ALL,ALL,2024,1279.5919411442824,,,,,,,,ALL_N1,,,,,,,
IT1:DF_DCSS_ISTR_LAV_PEN_2_TV_3(1.0),A,087028,RESPOP_AV,T,Y_GE15,TOTAL,ALL,23,ALL,ALL,2018,2495,,,,,,,,ALL_N1,,,,,,,
IT1:DF_DCSS_ISTR_LAV_PEN_2_TV_3(1.0),A,087028,RESPOP_AV,T,Y_GE15,TOTAL,ALL,23,ALL,ALL,2019,2401,,,,,,,,ALL_N1,,,,,,,
IT1:DF_DCSS_ISTR_LAV_PEN_2_TV_3(1.0),A,087028,RESPOP_AV,T,Y_GE15,TOTAL,ALL,23,ALL,ALL,2021,2495.74630130297,,,,,,,,ALL_N1,,,,,,,
IT1:DF_DCSS_ISTR_LAV_PEN_2_TV_3(1.0),A,087028,RESPOP_AV,T,Y_GE15,TOTAL,ALL,23,ALL,ALL,2022,2456.61957569504,,,,,,,,ALL_N1,,,,,,,
IT1:DF_DCSS_ISTR_LAV_PEN_2_TV_3(1.0),A,087028,RESPOP_AV,T,Y_GE15,TOTAL,ALL,23,ALL,ALL,2023,2401.194690103026,,,,,,,,ALL_N1,,,,,,,
IT1:DF_DCSS_ISTR_LAV_PEN_2_TV_3(1.0),A,087028,RESPOP_AV,T,Y_GE15,TOTAL,ALL,23,ALL,ALL,2024,2442.4080588557176,,,,,,,,ALL_N1,,,,,,,
IT1:DF_DCSS_ISTR_LAV_PEN_2_TV_3(1.0),A,087028,RESPOP_AV,T,Y_GE15,TOTAL,ALL,24,ALL,ALL,2018,913,,,,,,,,ALL_N1,,,,,,,
IT1:DF_DCSS_ISTR_LAV_PEN_2_TV_3(1.0),A,087028,RESPOP_AV,T,Y_GE15,TOTAL,ALL,24,ALL,ALL,2019,988,,,,,,,,ALL_N1,,,,,,,
IT1:DF_DCSS_ISTR_LAV_PEN_2_TV_3(1.0),A,087028,RESPOP_AV,T,Y_GE15,TOTAL,ALL,24,ALL,ALL,2021,973.790036210295,,,,,,,,ALL_N1,,,,,,,
IT1:DF_DCSS_ISTR_LAV_PEN_2_TV_3(1.0),A,087028,RESPOP_AV,T,Y_GE15,TOTAL,ALL,24,ALL,ALL,2022,883.685067573005,,,,,,,,ALL_N1,,,,,,,
IT1:DF_DCSS_ISTR_LAV_PEN_2_TV_3(1.0),A,087028,RESPOP_AV,T,Y_GE15,TOTAL,ALL,24,ALL,ALL,2023,850.5002244533213,,,,,,,,ALL_N1,,,,,,,
IT1:DF_DCSS_ISTR_LAV_PEN_2_TV_3(1.0),A,087028,RESPOP_AV,T,Y_GE15,TOTAL,ALL,24,ALL,ALL,2024,842.2631220987676,,,,,,,,ALL_N1,,,,,,,
IT1:DF_DCSS_ISTR_LAV_PEN_2_TV_3(1.0),A,087028,RESPOP_AV,T,Y_GE15,TOTAL,ALL,4,ALL,ALL,2018,760,,,,,,,,ALL_N1,,,,,,,
IT1:DF_DCSS_ISTR_LAV_PEN_2_TV_3(1.0),A,087028,RESPOP_AV,T,Y_GE15,TOTAL,ALL,4,ALL,ALL,2019,708,,,,,,,,ALL_N1,,,,,,,
IT1:DF_DCSS_ISTR_LAV_PEN_2_TV_3(1.0),A,087028,RESPOP_AV,T,Y_GE15,TOTAL,ALL,4,ALL,ALL,2021,819.293269034661,,,,,,,,ALL_N1,,,,,,,
IT1:DF_DCSS_ISTR_LAV_PEN_2_TV_3(1.0),A,087028,RESPOP_AV,T,Y_GE15,TOTAL,ALL,4,ALL,ALL,2022,809.51713053402,,,,,,,,ALL_N1,,,,,,,
IT1:DF_DCSS_ISTR_LAV_PEN_2_TV_3(1.0),A,087028,RESPOP_AV,T,Y_GE15,TOTAL,ALL,4,ALL,ALL,2023,821.0637691105421,,,,,,,,ALL_N1,,,,,,,
IT1:DF_DCSS_ISTR_LAV_PEN_2_TV_3(1.0),A,087028,RESPOP_AV,T,Y_GE15,TOTAL,ALL,4,ALL,ALL,2024,793.8076900026906,,,,,,,,ALL_N1,,,,,,,
IT1:DF_DCSS_ISTR_LAV_PEN_2_TV_3(1.0),A,087028,RESPOP_AV,T,Y_GE15,TOTAL,ALL,5,ALL,ALL,2018,280,,,,,,,,ALL_N1,,,,,,,
IT1:DF_DCSS_ISTR_LAV_PEN_2_TV_3(1.0),A,087028,RESPOP_AV,T,Y_GE15,TOTAL,ALL,5,ALL,ALL,2019,291,,,,,,,,ALL_N1,,,,,,,
IT1:DF_DCSS_ISTR_LAV_PEN_2_TV_3(1.0),A,087028,RESPOP_AV,T,Y_GE15,TOTAL,ALL,5,ALL,ALL,2021,269.409197059877,,,,,,,,ALL_N1,,,,,,,
IT1:DF_DCSS_ISTR_LAV_PEN_2_TV_3(1.0),A,087028,RESPOP_AV,T,Y_GE15,TOTAL,ALL,5,ALL,ALL,2022,265.336278424552,,,,,,,,ALL_N1,,,,,,,
IT1:DF_DCSS_ISTR_LAV_PEN_2_TV_3(1.0),A,087028,RESPOP_AV,T,Y_GE15,TOTAL,ALL,5,ALL,ALL,2023,251.51361355472588,,,,,,,,ALL_N1,,,,,,,
IT1:DF_DCSS_ISTR_LAV_PEN_2_TV_3(1.0),A,087028,RESPOP_AV,T,Y_GE15,TOTAL,ALL,5,ALL,ALL,2024,273.73310691454424,,,,,,,,ALL_N1,,,,,,,
IT1:DF_DCSS_ISTR_LAV_PEN_2_TV_3(1.0),A,087028,RESPOP_AV,T,Y_GE15,TOTAL,ALL,7,ALL,ALL,2018,542,,,,,,,,ALL_N1,,,,,,,
IT1:DF_DCSS_ISTR_LAV_PEN_2_TV_3(1.0),A,087028,RESPOP_AV,T,Y_GE15,TOTAL,ALL,7,ALL,ALL,2019,414,,,,,,,,ALL_N1,,,,,,,
IT1:DF_DCSS_ISTR_LAV_PEN_2_TV_3(1.0),A,087028,RESPOP_AV,T,Y_GE15,TOTAL,ALL,7,ALL,ALL,2021,433.253798998133,,,,,,,,ALL_N1,,,,,,,
IT1:DF_DCSS_ISTR_LAV_PEN_2_TV_3(1.0),A,087028,RESPOP_AV,T,Y_GE15,TOTAL,ALL,7,ALL,ALL,2022,498.081099163458,,,,,,,,ALL_N1,,,,,,,
IT1:DF_DCSS_ISTR_LAV_PEN_2_TV_3(1.0),A,087028,RESPOP_AV,T,Y_GE15,TOTAL,ALL,7,ALL,ALL,2023,478.1170829844367,,,,,,,,ALL_N1,,,,,,,
IT1:DF_DCSS_ISTR_LAV_PEN_2_TV_3(1.0),A,087028,RESPOP_AV,T,Y_GE15,TOTAL,ALL,7,ALL,ALL,2024,532.6041398397151,,,,,,,,ALL_N1,,,,,,,
IT1:DF_DCSS_ISTR_LAV_PEN_2_TV_3(1.0),A,087028,RESPOP_AV,T,Y_GE15,TOTAL,ALL,99,ALL,ALL,2018,3971,,,,,,,,ALL_N1,99_N1,,,,,,
IT1:DF_DCSS_ISTR_LAV_PEN_2_TV_3(1.0),A,087028,RESPOP_AV,T,Y_GE15,TOTAL,ALL,99,ALL,ALL,2019,3890,,,,,,,,ALL_N1,99_N1,,,,,,
IT1:DF_DCSS_ISTR_LAV_PEN_2_TV_3(1.0),A,087028,RESPOP_AV,T,Y_GE15,TOTAL,ALL,99,ALL,ALL,2021,3790,,,,,,,,ALL_N1,99_N1,,,,,,
IT1:DF_DCSS_ISTR_LAV_PEN_2_TV_3(1.0),A,087028,RESPOP_AV,T,Y_GE15,TOTAL,ALL,99,ALL,ALL,2022,3750,,,,,,,,ALL_N1,99_N1,,,,,,
IT1:DF_DCSS_ISTR_LAV_PEN_2_TV_3(1.0),A,087028,RESPOP_AV,T,Y_GE15,TOTAL,ALL,99,ALL,ALL,2023,3767,,,,,,,,ALL_N1,99_N1,,,,,,
IT1:DF_DCSS_ISTR_LAV_PEN_2_TV_3(1.0),A,087028,RESPOP_AV,T,Y_GE15,TOTAL,ALL,99,ALL,ALL,2024,3722,,,,,,,,ALL_N1,99_N1,,,,,,
IT1:DF_DCSS_ISTR_LAV_PEN_2_TV_3(1.0),A,087029,RESPOP_AV,F,Y_GE15,TOTAL,ALL,1,ALL,ALL,2018,4989,,,,,,,,ALL_N1,,,,,,,
IT1:DF_DCSS_ISTR_LAV_PEN_2_TV_3(1.0),A,087029,RESPOP_AV,F,Y_GE15,TOTAL,ALL,1,ALL,ALL,2019,5092,,,,,,,,ALL_N1,,,,,,,
IT1:DF_DCSS_ISTR_LAV_PEN_2_TV_3(1.0),A,087029,RESPOP_AV,F,Y_GE15,TOTAL,ALL,1,ALL,ALL,2021,5195,,,,,,,,ALL_N1,,,,,,,
IT1:DF_DCSS_ISTR_LAV_PEN_2_TV_3(1.0),A,087029,RESPOP_AV,F,Y_GE15,TOTAL,ALL,1,ALL,ALL,2022,5309,,,,,,,,ALL_N1,,,,,,,
IT1:DF_DCSS_ISTR_LAV_PEN_2_TV_3(1.0),A,087029,RESPOP_AV,F,Y_GE15,TOTAL,ALL,1,ALL,ALL,2023,5553,,,,,,,,ALL_N1,,,,,,,
IT1:DF_DCSS_ISTR_LAV_PEN_2_TV_3(1.0),A,087029,RESPOP_AV,F,Y_GE15,TOTAL,ALL,1,ALL,ALL,2024,5890,,,,,,,,ALL_N1,,,,,,,
IT1:DF_DCSS_ISTR_LAV_PEN_2_TV_3(1.0),A,087029,RESPOP_AV,F,Y_GE15,TOTAL,ALL,12,ALL,ALL,2018,2912,,,,,,,,ALL_N1,,,,,,,
IT1:DF_DCSS_ISTR_LAV_PEN_2_TV_3(1.0),A,087029,RESPOP_AV,F,Y_GE15,TOTAL,ALL,12,ALL,ALL,2019,2854,,,,,,,,ALL_N1,,,,,,,
IT1:DF_DCSS_ISTR_LAV_PEN_2_TV_3(1.0),A,087029,RESPOP_AV,F,Y_GE15,TOTAL,ALL,12,ALL,ALL,2021,1572.41690466074,,,,,,,,ALL_N1,,,,,,,
IT1:DF_DCSS_ISTR_LAV_PEN_2_TV_3(1.0),A,087029,RESPOP_AV,F,Y_GE15,TOTAL,ALL,12,ALL,ALL,2022,2044.52920504237,,,,,,,,ALL_N1,,,,,,,
IT1:DF_DCSS_ISTR_LAV_PEN_2_TV_3(1.0),A,087029,RESPOP_AV,F,Y_GE15,TOTAL,ALL,12,ALL,ALL,2023,1781.9013680659054,,,,,,,,ALL_N1,,,,,,,
IT1:DF_DCSS_ISTR_LAV_PEN_2_TV_3(1.0),A,087029,RESPOP_AV,F,Y_GE15,TOTAL,ALL,12,ALL,ALL,2024,1553.9728769020262,,,,,,,,ALL_N1,,,,,,,
IT1:DF_DCSS_ISTR_LAV_PEN_2_TV_3(1.0),A,087029,RESPOP_AV,F,Y_GE15,TOTAL,ALL,22,ALL,ALL,2018,7901,,,,,,,,ALL_N1,,,,,,,
IT1:DF_DCSS_ISTR_LAV_PEN_2_TV_3(1.0),A,087029,RESPOP_AV,F,Y_GE15,TOTAL,ALL,22,ALL,ALL,2019,7946,,,,,,,,ALL_N1,,,,,,,
IT1:DF_DCSS_ISTR_LAV_PEN_2_TV_3(1.0),A,087029,RESPOP_AV,F,Y_GE15,TOTAL,ALL,22,ALL,ALL,2021,6767.41690466074,,,,,,,,ALL_N1,,,,,,,
IT1:DF_DCSS_ISTR_LAV_PEN_2_TV_3(1.0),A,087029,RESPOP_AV,F,Y_GE15,TOTAL,ALL,22,ALL,ALL,2022,7353.52920504237,,,,,,,,ALL_N1,,,,,,,
IT1:DF_DCSS_ISTR_LAV_PEN_2_TV_3(1.0),A,087029,RESPOP_AV,F,Y_GE15,TOTAL,ALL,22,ALL,ALL,2023,7334.901368065905,,,,,,,,ALL_N1,,,,,,,
IT1:DF_DCSS_ISTR_LAV_PEN_2_TV_3(1.0),A,087029,RESPOP_AV,F,Y_GE15,TOTAL,ALL,22,ALL,ALL,2024,7443.972876902027,,,,,,,,ALL_N1,,,,,,,
IT1:DF_DCSS_ISTR_LAV_PEN_2_TV_3(1.0),A,087029,RESPOP_AV,F,Y_GE15,TOTAL,ALL,23,ALL,ALL,2018,13109,,,,,,,,ALL_N1,,,,,,,
IT1:DF_DCSS_ISTR_LAV_PEN_2_TV_3(1.0),A,087029,RESPOP_AV,F,Y_GE15,TOTAL,ALL,23,ALL,ALL,2019,13142,,,,,,,,ALL_N1,,,,,,,
IT1:DF_DCSS_ISTR_LAV_PEN_2_TV_3(1.0),A,087029,RESPOP_AV,F,Y_GE15,TOTAL,ALL,23,ALL,ALL,2021,14282.5830953393,,,,,,,,ALL_N1,,,,,,,
IT1:DF_DCSS_ISTR_LAV_PEN_2_TV_3(1.0),A,087029,RESPOP_AV,F,Y_GE15,TOTAL,ALL,23,ALL,ALL,2022,13615.4707949576,,,,,,,,ALL_N1,,,,,,,
IT1:DF_DCSS_ISTR_LAV_PEN_2_TV_3(1.0),A,087029,RESPOP_AV,F,Y_GE15,TOTAL,ALL,23,ALL,ALL,2023,13734.098631934094,,,,,,,,ALL_N1,,,,,,,
IT1:DF_DCSS_ISTR_LAV_PEN_2_TV_3(1.0),A,087029,RESPOP_AV,F,Y_GE15,TOTAL,ALL,23,ALL,ALL,2024,13670.027123097974,,,,,,,,ALL_N1,,,,,,,
IT1:DF_DCSS_ISTR_LAV_PEN_2_TV_3(1.0),A,087029,RESPOP_AV,F,Y_GE15,TOTAL,ALL,24,ALL,ALL,2018,1959,,,,,,,,ALL_N1,,,,,,,
IT1:DF_DCSS_ISTR_LAV_PEN_2_TV_3(1.0),A,087029,RESPOP_AV,F,Y_GE15,TOTAL,ALL,24,ALL,ALL,2019,2008,,,,,,,,ALL_N1,,,,,,,
IT1:DF_DCSS_ISTR_LAV_PEN_2_TV_3(1.0),A,087029,RESPOP_AV,F,Y_GE15,TOTAL,ALL,24,ALL,ALL,2021,2321.77424487084,,,,,,,,ALL_N1,,,,,,,
IT1:DF_DCSS_ISTR_LAV_PEN_2_TV_3(1.0),A,087029,RESPOP_AV,F,Y_GE15,TOTAL,ALL,24,ALL,ALL,2022,1962.40599022559,,,,,,,,ALL_N1,,,,,,,
IT1:DF_DCSS_ISTR_LAV_PEN_2_TV_3(1.0),A,087029,RESPOP_AV,F,Y_GE15,TOTAL,ALL,24,ALL,ALL,2023,1982.6472030078148,,,,,,,,ALL_N1,,,,,,,
IT1:DF_DCSS_ISTR_LAV_PEN_2_TV_3(1.0),A,087029,RESPOP_AV,F,Y_GE15,TOTAL,ALL,24,ALL,ALL,2024,2299.538381104827,,,,,,,,ALL_N1,,,,,,,
IT1:DF_DCSS_ISTR_LAV_PEN_2_TV_3(1.0),A,087029,RESPOP_AV,F,Y_GE15,TOTAL,ALL,4,ALL,ALL,2018,7972,,,,,,,,ALL_N1,,,,,,,
IT1:DF_DCSS_ISTR_LAV_PEN_2_TV_3(1.0),A,087029,RESPOP_AV,F,Y_GE15,TOTAL,ALL,4,ALL,ALL,2019,8236,,,,,,,,ALL_N1,,,,,,,
IT1:DF_DCSS_ISTR_LAV_PEN_2_TV_3(1.0),A,087029,RESPOP_AV,F,Y_GE15,TOTAL,ALL,4,ALL,ALL,2021,8535.91211760697,,,,,,,,ALL_N1,,,,,,,
IT1:DF_DCSS_ISTR_LAV_PEN_2_TV_3(1.0),A,087029,RESPOP_AV,F,Y_GE15,TOTAL,ALL,4,ALL,ALL,2022,8092.97006944829,,,,,,,,ALL_N1,,,,,,,
IT1:DF_DCSS_ISTR_LAV_PEN_2_TV_3(1.0),A,087029,RESPOP_AV,F,Y_GE15,TOTAL,ALL,4,ALL,ALL,2023,8151.776614611797,,,,,,,,ALL_N1,,,,,,,
IT1:DF_DCSS_ISTR_LAV_PEN_2_TV_3(1.0),A,087029,RESPOP_AV,F,Y_GE15,TOTAL,ALL,4,ALL,ALL,2024,7822.453542606948,,,,,,,,ALL_N1,,,,,,,
IT1:DF_DCSS_ISTR_LAV_PEN_2_TV_3(1.0),A,087029,RESPOP_AV,F,Y_GE15,TOTAL,ALL,5,ALL,ALL,2018,1672,,,,,,,,ALL_N1,,,,,,,
IT1:DF_DCSS_ISTR_LAV_PEN_2_TV_3(1.0),A,087029,RESPOP_AV,F,Y_GE15,TOTAL,ALL,5,ALL,ALL,2019,1697,,,,,,,,ALL_N1,,,,,,,
IT1:DF_DCSS_ISTR_LAV_PEN_2_TV_3(1.0),A,087029,RESPOP_AV,F,Y_GE15,TOTAL,ALL,5,ALL,ALL,2021,1832.48545532246,,,,,,,,ALL_N1,,,,,,,
IT1:DF_DCSS_ISTR_LAV_PEN_2_TV_3(1.0),A,087029,RESPOP_AV,F,Y_GE15,TOTAL,ALL,5,ALL,ALL,2022,1835.45501337941,,,,,,,,ALL_N1,,,,,,,
IT1:DF_DCSS_ISTR_LAV_PEN_2_TV_3(1.0),A,087029,RESPOP_AV,F,Y_GE15,TOTAL,ALL,5,ALL,ALL,2023,1757.3967091338375,,,,,,,,ALL_N1,,,,,,,
IT1:DF_DCSS_ISTR_LAV_PEN_2_TV_3(1.0),A,087029,RESPOP_AV,F,Y_GE15,TOTAL,ALL,5,ALL,ALL,2024,1853.6082738139532,,,,,,,,ALL_N1,,,,,,,
IT1:DF_DCSS_ISTR_LAV_PEN_2_TV_3(1.0),A,087029,RESPOP_AV,F,Y_GE15,TOTAL,ALL,7,ALL,ALL,2018,1506,,,,,,,,ALL_N1,,,,,,,
IT1:DF_DCSS_ISTR_LAV_PEN_2_TV_3(1.0),A,087029,RESPOP_AV,F,Y_GE15,TOTAL,ALL,7,ALL,ALL,2019,1202,,,,,,,,ALL_N1,,,,,,,
IT1:DF_DCSS_ISTR_LAV_PEN_2_TV_3(1.0),A,087029,RESPOP_AV,F,Y_GE15,TOTAL,ALL,7,ALL,ALL,2021,1592.411277539,,,,,,,,ALL_N1,,,,,,,
IT1:DF_DCSS_ISTR_LAV_PEN_2_TV_3(1.0),A,087029,RESPOP_AV,F,Y_GE15,TOTAL,ALL,7,ALL,ALL,2022,1724.63972190434,,,,,,,,ALL_N1,,,,,,,
IT1:DF_DCSS_ISTR_LAV_PEN_2_TV_3(1.0),A,087029,RESPOP_AV,F,Y_GE15,TOTAL,ALL,7,ALL,ALL,2023,1842.2781051806444,,,,,,,,ALL_N1,,,,,,,
IT1:DF_DCSS_ISTR_LAV_PEN_2_TV_3(1.0),A,087029,RESPOP_AV,F,Y_GE15,TOTAL,ALL,7,ALL,ALL,2024,1694.4269255722459,,,,,,,,ALL_N1,,,,,,,
IT1:DF_DCSS_ISTR_LAV_PEN_2_TV_3(1.0),A,087029,RESPOP_AV,F,Y_GE15,TOTAL,ALL,99,ALL,ALL,2018,21010,,,,,,,,ALL_N1,99_N1,,,,,,
IT1:DF_DCSS_ISTR_LAV_PEN_2_TV_3(1.0),A,087029,RESPOP_AV,F,Y_GE15,TOTAL,ALL,99,ALL,ALL,2019,21088,,,,,,,,ALL_N1,99_N1,,,,,,
IT1:DF_DCSS_ISTR_LAV_PEN_2_TV_3(1.0),A,087029,RESPOP_AV,F,Y_GE15,TOTAL,ALL,99,ALL,ALL,2021,21050,,,,,,,,ALL_N1,99_N1,,,,,,
IT1:DF_DCSS_ISTR_LAV_PEN_2_TV_3(1.0),A,087029,RESPOP_AV,F,Y_GE15,TOTAL,ALL,99,ALL,ALL,2022,20969,,,,,,,,ALL_N1,99_N1,,,,,,
IT1:DF_DCSS_ISTR_LAV_PEN_2_TV_3(1.0),A,087029,RESPOP_AV,F,Y_GE15,TOTAL,ALL,99,ALL,ALL,2023,21069,,,,,,,,ALL_N1,99_N1,,,,,,
IT1:DF_DCSS_ISTR_LAV_PEN_2_TV_3(1.0),A,087029,RESPOP_AV,F,Y_GE15,TOTAL,ALL,99,ALL,ALL,2024,21114,,,,,,,,ALL_N1,99_N1,,,,,,
IT1:DF_DCSS_ISTR_LAV_PEN_2_TV_3(1.0),A,087029,RESPOP_AV,M,Y_GE15,TOTAL,ALL,1,ALL,ALL,2018,9301,,,,,,,,ALL_N1,,,,,,,
IT1:DF_DCSS_ISTR_LAV_PEN_2_TV_3(1.0),A,087029,RESPOP_AV,M,Y_GE15,TOTAL,ALL,1,ALL,ALL,2019,9371,,,,,,,,ALL_N1,,,,,,,
IT1:DF_DCSS_ISTR_LAV_PEN_2_TV_3(1.0),A,087029,RESPOP_AV,M,Y_GE15,TOTAL,ALL,1,ALL,ALL,2021,9702,,,,,,,,ALL_N1,,,,,,,
IT1:DF_DCSS_ISTR_LAV_PEN_2_TV_3(1.0),A,087029,RESPOP_AV,M,Y_GE15,TOTAL,ALL,1,ALL,ALL,2022,9875,,,,,,,,ALL_N1,,,,,,,
IT1:DF_DCSS_ISTR_LAV_PEN_2_TV_3(1.0),A,087029,RESPOP_AV,M,Y_GE15,TOTAL,ALL,1,ALL,ALL,2023,9956,,,,,,,,ALL_N1,,,,,,,
IT1:DF_DCSS_ISTR_LAV_PEN_2_TV_3(1.0),A,087029,RESPOP_AV,M,Y_GE15,TOTAL,ALL,1,ALL,ALL,2024,10245,,,,,,,,ALL_N1,,,,,,,
IT1:DF_DCSS_ISTR_LAV_PEN_2_TV_3(1.0),A,087029,RESPOP_AV,M,Y_GE15,TOTAL,ALL,12,ALL,ALL,2018,3277,,,,,,,,ALL_N1,,,,,,,
IT1:DF_DCSS_ISTR_LAV_PEN_2_TV_3(1.0),A,087029,RESPOP_AV,M,Y_GE15,TOTAL,ALL,12,ALL,ALL,2019,3349,,,,,,,,ALL_N1,,,,,,,
IT1:DF_DCSS_ISTR_LAV_PEN_2_TV_3(1.0),A,087029,RESPOP_AV,M,Y_GE15,TOTAL,ALL,12,ALL,ALL,2021,1901.26058322787,,,,,,,,ALL_N1,,,,,,,
IT1:DF_DCSS_ISTR_LAV_PEN_2_TV_3(1.0),A,087029,RESPOP_AV,M,Y_GE15,TOTAL,ALL,12,ALL,ALL,2022,2181.89037144945,,,,,,,,ALL_N1,,,,,,,
IT1:DF_DCSS_ISTR_LAV_PEN_2_TV_3(1.0),A,087029,RESPOP_AV,M,Y_GE15,TOTAL,ALL,12,ALL,ALL,2023,1829.870119807806,,,,,,,,ALL_N1,,,,,,,
IT1:DF_DCSS_ISTR_LAV_PEN_2_TV_3(1.0),A,087029,RESPOP_AV,M,Y_GE15,TOTAL,ALL,12,ALL,ALL,2024,1654.113892398164,,,,,,,,ALL_N1,,,,,,,
IT1:DF_DCSS_ISTR_LAV_PEN_2_TV_3(1.0),A,087029,RESPOP_AV,M,Y_GE15,TOTAL,ALL,22,ALL,ALL,2018,12578,,,,,,,,ALL_N1,,,,,,,
IT1:DF_DCSS_ISTR_LAV_PEN_2_TV_3(1.0),A,087029,RESPOP_AV,M,Y_GE15,TOTAL,ALL,22,ALL,ALL,2019,12720,,,,,,,,ALL_N1,,,,,,,
IT1:DF_DCSS_ISTR_LAV_PEN_2_TV_3(1.0),A,087029,RESPOP_AV,M,Y_GE15,TOTAL,ALL,22,ALL,ALL,2021,11603.2605832279,,,,,,,,ALL_N1,,,,,,,
IT1:DF_DCSS_ISTR_LAV_PEN_2_TV_3(1.0),A,087029,RESPOP_AV,M,Y_GE15,TOTAL,ALL,22,ALL,ALL,2022,12056.8903714494,,,,,,,,ALL_N1,,,,,,,
IT1:DF_DCSS_ISTR_LAV_PEN_2_TV_3(1.0),A,087029,RESPOP_AV,M,Y_GE15,TOTAL,ALL,22,ALL,ALL,2023,11785.870119807805,,,,,,,,ALL_N1,,,,,,,
IT1:DF_DCSS_ISTR_LAV_PEN_2_TV_3(1.0),A,087029,RESPOP_AV,M,Y_GE15,TOTAL,ALL,22,ALL,ALL,2024,11899.113892398163,,,,,,,,ALL_N1,,,,,,,
IT1:DF_DCSS_ISTR_LAV_PEN_2_TV_3(1.0),A,087029,RESPOP_AV,M,Y_GE15,TOTAL,ALL,23,ALL,ALL,2018,7124,,,,,,,,ALL_N1,,,,,,,
IT1:DF_DCSS_ISTR_LAV_PEN_2_TV_3(1.0),A,087029,RESPOP_AV,M,Y_GE15,TOTAL,ALL,23,ALL,ALL,2019,7063,,,,,,,,ALL_N1,,,,,,,
IT1:DF_DCSS_ISTR_LAV_PEN_2_TV_3(1.0),A,087029,RESPOP_AV,M,Y_GE15,TOTAL,ALL,23,ALL,ALL,2021,8165.73941677213,,,,,,,,ALL_N1,,,,,,,
IT1:DF_DCSS_ISTR_LAV_PEN_2_TV_3(1.0),A,087029,RESPOP_AV,M,Y_GE15,TOTAL,ALL,23,ALL,ALL,2022,7634.10962855055,,,,,,,,ALL_N1,,,,,,,
IT1:DF_DCSS_ISTR_LAV_PEN_2_TV_3(1.0),A,087029,RESPOP_AV,M,Y_GE15,TOTAL,ALL,23,ALL,ALL,2023,7885.129880192195,,,,,,,,ALL_N1,,,,,,,
IT1:DF_DCSS_ISTR_LAV_PEN_2_TV_3(1.0),A,087029,RESPOP_AV,M,Y_GE15,TOTAL,ALL,23,ALL,ALL,2024,7827.886107601836,,,,,,,,ALL_N1,,,,,,,
IT1:DF_DCSS_ISTR_LAV_PEN_2_TV_3(1.0),A,087029,RESPOP_AV,M,Y_GE15,TOTAL,ALL,24,ALL,ALL,2018,3117,,,,,,,,ALL_N1,,,,,,,
IT1:DF_DCSS_ISTR_LAV_PEN_2_TV_3(1.0),A,087029,RESPOP_AV,M,Y_GE15,TOTAL,ALL,24,ALL,ALL,2019,3306,,,,,,,,ALL_N1,,,,,,,
IT1:DF_DCSS_ISTR_LAV_PEN_2_TV_3(1.0),A,087029,RESPOP_AV,M,Y_GE15,TOTAL,ALL,24,ALL,ALL,2021,3510.26109600647,,,,,,,,ALL_N1,,,,,,,
IT1:DF_DCSS_ISTR_LAV_PEN_2_TV_3(1.0),A,087029,RESPOP_AV,M,Y_GE15,TOTAL,ALL,24,ALL,ALL,2022,3319.13825896233,,,,,,,,ALL_N1,,,,,,,
IT1:DF_DCSS_ISTR_LAV_PEN_2_TV_3(1.0),A,087029,RESPOP_AV,M,Y_GE15,TOTAL,ALL,24,ALL,ALL,2023,3319.15964941451,,,,,,,,ALL_N1,,,,,,,
IT1:DF_DCSS_ISTR_LAV_PEN_2_TV_3(1.0),A,087029,RESPOP_AV,M,Y_GE15,TOTAL,ALL,24,ALL,ALL,2024,3553.7018450618098,,,,,,,,ALL_N1,,,,,,,
IT1:DF_DCSS_ISTR_LAV_PEN_2_TV_3(1.0),A,087029,RESPOP_AV,M,Y_GE15,TOTAL,ALL,4,ALL,ALL,2018,348,,,,,,,,ALL_N1,,,,,,,
IT1:DF_DCSS_ISTR_LAV_PEN_2_TV_3(1.0),A,087029,RESPOP_AV,M,Y_GE15,TOTAL,ALL,4,ALL,ALL,2019,396,,,,,,,,ALL_N1,,,,,,,
IT1:DF_DCSS_ISTR_LAV_PEN_2_TV_3(1.0),A,087029,RESPOP_AV,M,Y_GE15,TOTAL,ALL,4,ALL,ALL,2021,613.157737259735,,,,,,,,ALL_N1,,,,,,,
IT1:DF_DCSS_ISTR_LAV_PEN_2_TV_3(1.0),A,087029,RESPOP_AV,M,Y_GE15,TOTAL,ALL,4,ALL,ALL,2022,522.823644283191,,,,,,,,ALL_N1,,,,,,,
IT1:DF_DCSS_ISTR_LAV_PEN_2_TV_3(1.0),A,087029,RESPOP_AV,M,Y_GE15,TOTAL,ALL,4,ALL,ALL,2023,607.2070386922802,,,,,,,,ALL_N1,,,,,,,
IT1:DF_DCSS_ISTR_LAV_PEN_2_TV_3(1.0),A,087029,RESPOP_AV,M,Y_GE15,TOTAL,ALL,4,ALL,ALL,2024,492.78932164069374,,,,,,,,ALL_N1,,,,,,,
IT1:DF_DCSS_ISTR_LAV_PEN_2_TV_3(1.0),A,087029,RESPOP_AV,M,Y_GE15,TOTAL,ALL,5,ALL,ALL,2018,1526,,,,,,,,ALL_N1,,,,,,,
IT1:DF_DCSS_ISTR_LAV_PEN_2_TV_3(1.0),A,087029,RESPOP_AV,M,Y_GE15,TOTAL,ALL,5,ALL,ALL,2019,1587,,,,,,,,ALL_N1,,,,,,,
IT1:DF_DCSS_ISTR_LAV_PEN_2_TV_3(1.0),A,087029,RESPOP_AV,M,Y_GE15,TOTAL,ALL,5,ALL,ALL,2021,1631.14295767409,,,,,,,,ALL_N1,,,,,,,
IT1:DF_DCSS_ISTR_LAV_PEN_2_TV_3(1.0),A,087029,RESPOP_AV,M,Y_GE15,TOTAL,ALL,5,ALL,ALL,2022,1617.08453435019,,,,,,,,ALL_N1,,,,,,,
IT1:DF_DCSS_ISTR_LAV_PEN_2_TV_3(1.0),A,087029,RESPOP_AV,M,Y_GE15,TOTAL,ALL,5,ALL,ALL,2023,1553.059978297886,,,,,,,,ALL_N1,,,,,,,
IT1:DF_DCSS_ISTR_LAV_PEN_2_TV_3(1.0),A,087029,RESPOP_AV,M,Y_GE15,TOTAL,ALL,5,ALL,ALL,2024,1649.418910181863,,,,,,,,ALL_N1,,,,,,,
IT1:DF_DCSS_ISTR_LAV_PEN_2_TV_3(1.0),A,087029,RESPOP_AV,M,Y_GE15,TOTAL,ALL,7,ALL,ALL,2018,2133,,,,,,,,ALL_N1,,,,,,,
IT1:DF_DCSS_ISTR_LAV_PEN_2_TV_3(1.0),A,087029,RESPOP_AV,M,Y_GE15,TOTAL,ALL,7,ALL,ALL,2019,1774,,,,,,,,ALL_N1,,,,,,,
IT1:DF_DCSS_ISTR_LAV_PEN_2_TV_3(1.0),A,087029,RESPOP_AV,M,Y_GE15,TOTAL,ALL,7,ALL,ALL,2021,2411.17762583183,,,,,,,,ALL_N1,,,,,,,
IT1:DF_DCSS_ISTR_LAV_PEN_2_TV_3(1.0),A,087029,RESPOP_AV,M,Y_GE15,TOTAL,ALL,7,ALL,ALL,2022,2175.06319095484,,,,,,,,ALL_N1,,,,,,,
IT1:DF_DCSS_ISTR_LAV_PEN_2_TV_3(1.0),A,087029,RESPOP_AV,M,Y_GE15,TOTAL,ALL,7,ALL,ALL,2023,2405.7032137875185,,,,,,,,ALL_N1,,,,,,,
IT1:DF_DCSS_ISTR_LAV_PEN_2_TV_3(1.0),A,087029,RESPOP_AV,M,Y_GE15,TOTAL,ALL,7,ALL,ALL,2024,2131.976030717469,,,,,,,,ALL_N1,,,,,,,
IT1:DF_DCSS_ISTR_LAV_PEN_2_TV_3(1.0),A,087029,RESPOP_AV,M,Y_GE15,TOTAL,ALL,99,ALL,ALL,2018,19702,,,,,,,,ALL_N1,99_N1,,,,,,
IT1:DF_DCSS_ISTR_LAV_PEN_2_TV_3(1.0),A,087029,RESPOP_AV,M,Y_GE15,TOTAL,ALL,99,ALL,ALL,2019,19783,,,,,,,,ALL_N1,99_N1,,,,,,
IT1:DF_DCSS_ISTR_LAV_PEN_2_TV_3(1.0),A,087029,RESPOP_AV,M,Y_GE15,TOTAL,ALL,99,ALL,ALL,2021,19769,,,,,,,,ALL_N1,99_N1,,,,,,
IT1:DF_DCSS_ISTR_LAV_PEN_2_TV_3(1.0),A,087029,RESPOP_AV,M,Y_GE15,TOTAL,ALL,99,ALL,ALL,2022,19691,,,,,,,,ALL_N1,99_N1,,,,,,
IT1:DF_DCSS_ISTR_LAV_PEN_2_TV_3(1.0),A,087029,RESPOP_AV,M,Y_GE15,TOTAL,ALL,99,ALL,ALL,2023,19671,,,,,,,,ALL_N1,99_N1,,,,,,
IT1:DF_DCSS_ISTR_LAV_PEN_2_TV_3(1.0),A,087029,RESPOP_AV,M,Y_GE15,TOTAL,ALL,99,ALL,ALL,2024,19727,,,,,,,,ALL_N1,99_N1,,,,,,
IT1:DF_DCSS_ISTR_LAV_PEN_2_TV_3(1.0),A,087029,RESPOP_AV,T,Y_GE15,TOTAL,ALL,1,ALL,ALL,2018,14290,,,,,,,,ALL_N1,,,,,,,
IT1:DF_DCSS_ISTR_LAV_PEN_2_TV_3(1.0),A,087029,RESPOP_AV,T,Y_GE15,TOTAL,ALL,1,ALL,ALL,2019,14463,,,,,,,,ALL_N1,,,,,,,
IT1:DF_DCSS_ISTR_LAV_PEN_2_TV_3(1.0),A,087029,RESPOP_AV,T,Y_GE15,TOTAL,ALL,1,ALL,ALL,2021,14897,,,,,,,,ALL_N1,,,,,,,
IT1:DF_DCSS_ISTR_LAV_PEN_2_TV_3(1.0),A,087029,RESPOP_AV,T,Y_GE15,TOTAL,ALL,1,ALL,ALL,2022,15184,,,,,,,,ALL_N1,,,,,,,
IT1:DF_DCSS_ISTR_LAV_PEN_2_TV_3(1.0),A,087029,RESPOP_AV,T,Y_GE15,TOTAL,ALL,1,ALL,ALL,2023,15509,,,,,,,,ALL_N1,,,,,,,
IT1:DF_DCSS_ISTR_LAV_PEN_2_TV_3(1.0),A,087029,RESPOP_AV,T,Y_GE15,TOTAL,ALL,1,ALL,ALL,2024,16135,,,,,,,,ALL_N1,,,,,,,
IT1:DF_DCSS_ISTR_LAV_PEN_2_TV_3(1.0),A,087029,RESPOP_AV,T,Y_GE15,TOTAL,ALL,12,ALL,ALL,2018,6189,,,,,,,,ALL_N1,,,,,,,
IT1:DF_DCSS_ISTR_LAV_PEN_2_TV_3(1.0),A,087029,RESPOP_AV,T,Y_GE15,TOTAL,ALL,12,ALL,ALL,2019,6203,,,,,,,,ALL_N1,,,,,,,
IT1:DF_DCSS_ISTR_LAV_PEN_2_TV_3(1.0),A,087029,RESPOP_AV,T,Y_GE15,TOTAL,ALL,12,ALL,ALL,2021,3473.67748788861,,,,,,,,ALL_N1,,,,,,,
IT1:DF_DCSS_ISTR_LAV_PEN_2_TV_3(1.0),A,087029,RESPOP_AV,T,Y_GE15,TOTAL,ALL,12,ALL,ALL,2022,4226.41957649182,,,,,,,,ALL_N1,,,,,,,
IT1:DF_DCSS_ISTR_LAV_PEN_2_TV_3(1.0),A,087029,RESPOP_AV,T,Y_GE15,TOTAL,ALL,12,ALL,ALL,2023,3611.7714878737115,,,,,,,,ALL_N1,,,,,,,
IT1:DF_DCSS_ISTR_LAV_PEN_2_TV_3(1.0),A,087029,RESPOP_AV,T,Y_GE15,TOTAL,ALL,12,ALL,ALL,2024,3208.08676930019,,,,,,,,ALL_N1,,,,,,,
IT1:DF_DCSS_ISTR_LAV_PEN_2_TV_3(1.0),A,087029,RESPOP_AV,T,Y_GE15,TOTAL,ALL,22,ALL,ALL,2018,20479,,,,,,,,ALL_N1,,,,,,,
IT1:DF_DCSS_ISTR_LAV_PEN_2_TV_3(1.0),A,087029,RESPOP_AV,T,Y_GE15,TOTAL,ALL,22,ALL,ALL,2019,20666,,,,,,,,ALL_N1,,,,,,,
IT1:DF_DCSS_ISTR_LAV_PEN_2_TV_3(1.0),A,087029,RESPOP_AV,T,Y_GE15,TOTAL,ALL,22,ALL,ALL,2021,18370.6774878886,,,,,,,,ALL_N1,,,,,,,
IT1:DF_DCSS_ISTR_LAV_PEN_2_TV_3(1.0),A,087029,RESPOP_AV,T,Y_GE15,TOTAL,ALL,22,ALL,ALL,2022,19410.4195764918,,,,,,,,ALL_N1,,,,,,,
IT1:DF_DCSS_ISTR_LAV_PEN_2_TV_3(1.0),A,087029,RESPOP_AV,T,Y_GE15,TOTAL,ALL,22,ALL,ALL,2023,19120.77148787371,,,,,,,,ALL_N1,,,,,,,
IT1:DF_DCSS_ISTR_LAV_PEN_2_TV_3(1.0),A,087029,RESPOP_AV,T,Y_GE15,TOTAL,ALL,22,ALL,ALL,2024,19343.08676930019,,,,,,,,ALL_N1,,,,,,,
IT1:DF_DCSS_ISTR_LAV_PEN_2_TV_3(1.0),A,087029,RESPOP_AV,T,Y_GE15,TOTAL,ALL,23,ALL,ALL,2018,20233,,,,,,,,ALL_N1,,,,,,,
IT1:DF_DCSS_ISTR_LAV_PEN_2_TV_3(1.0),A,087029,RESPOP_AV,T,Y_GE15,TOTAL,ALL,23,ALL,ALL,2019,20205,,,,,,,,ALL_N1,,,,,,,
IT1:DF_DCSS_ISTR_LAV_PEN_2_TV_3(1.0),A,087029,RESPOP_AV,T,Y_GE15,TOTAL,ALL,23,ALL,ALL,2021,22448.3225121114,,,,,,,,ALL_N1,,,,,,,
IT1:DF_DCSS_ISTR_LAV_PEN_2_TV_3(1.0),A,087029,RESPOP_AV,T,Y_GE15,TOTAL,ALL,23,ALL,ALL,2022,21249.5804235082,,,,,,,,ALL_N1,,,,,,,
IT1:DF_DCSS_ISTR_LAV_PEN_2_TV_3(1.0),A,087029,RESPOP_AV,T,Y_GE15,TOTAL,ALL,23,ALL,ALL,2023,21619.22851212629,,,,,,,,ALL_N1,,,,,,,
IT1:DF_DCSS_ISTR_LAV_PEN_2_TV_3(1.0),A,087029,RESPOP_AV,T,Y_GE15,TOTAL,ALL,23,ALL,ALL,2024,21497.91323069981,,,,,,,,ALL_N1,,,,,,,
IT1:DF_DCSS_ISTR_LAV_PEN_2_TV_3(1.0),A,087029,RESPOP_AV,T,Y_GE15,TOTAL,ALL,24,ALL,ALL,2018,5076,,,,,,,,ALL_N1,,,,,,,
IT1:DF_DCSS_ISTR_LAV_PEN_2_TV_3(1.0),A,087029,RESPOP_AV,T,Y_GE15,TOTAL,ALL,24,ALL,ALL,2019,5314,,,,,,,,ALL_N1,,,,,,,
IT1:DF_DCSS_ISTR_LAV_PEN_2_TV_3(1.0),A,087029,RESPOP_AV,T,Y_GE15,TOTAL,ALL,24,ALL,ALL,2021,5832.03534087731,,,,,,,,ALL_N1,,,,,,,
IT1:DF_DCSS_ISTR_LAV_PEN_2_TV_3(1.0),A,087029,RESPOP_AV,T,Y_GE15,TOTAL,ALL,24,ALL,ALL,2022,5281.54424918792,,,,,,,,ALL_N1,,,,,,,
IT1:DF_DCSS_ISTR_LAV_PEN_2_TV_3(1.0),A,087029,RESPOP_AV,T,Y_GE15,TOTAL,ALL,24,ALL,ALL,2023,5301.8068524223245,,,,,,,,ALL_N1,,,,,,,
IT1:DF_DCSS_ISTR_LAV_PEN_2_TV_3(1.0),A,087029,RESPOP_AV,T,Y_GE15,TOTAL,ALL,24,ALL,ALL,2024,5853.240226166637,,,,,,,,ALL_N1,,,,,,,
IT1:DF_DCSS_ISTR_LAV_PEN_2_TV_3(1.0),A,087029,RESPOP_AV,T,Y_GE15,TOTAL,ALL,4,ALL,ALL,2018,8320,,,,,,,,ALL_N1,,,,,,,
IT1:DF_DCSS_ISTR_LAV_PEN_2_TV_3(1.0),A,087029,RESPOP_AV,T,Y_GE15,TOTAL,ALL,4,ALL,ALL,2019,8632,,,,,,,,ALL_N1,,,,,,,
IT1:DF_DCSS_ISTR_LAV_PEN_2_TV_3(1.0),A,087029,RESPOP_AV,T,Y_GE15,TOTAL,ALL,4,ALL,ALL,2021,9149.0698548667,,,,,,,,ALL_N1,,,,,,,
IT1:DF_DCSS_ISTR_LAV_PEN_2_TV_3(1.0),A,087029,RESPOP_AV,T,Y_GE15,TOTAL,ALL,4,ALL,ALL,2022,8615.79371373148,,,,,,,,ALL_N1,,,,,,,
IT1:DF_DCSS_ISTR_LAV_PEN_2_TV_3(1.0),A,087029,RESPOP_AV,T,Y_GE15,TOTAL,ALL,4,ALL,ALL,2023,8758.983653304078,,,,,,,,ALL_N1,,,,,,,
IT1:DF_DCSS_ISTR_LAV_PEN_2_TV_3(1.0),A,087029,RESPOP_AV,T,Y_GE15,TOTAL,ALL,4,ALL,ALL,2024,8315.242864247643,,,,,,,,ALL_N1,,,,,,,
IT1:DF_DCSS_ISTR_LAV_PEN_2_TV_3(1.0),A,087029,RESPOP_AV,T,Y_GE15,TOTAL,ALL,5,ALL,ALL,2018,3198,,,,,,,,ALL_N1,,,,,,,
IT1:DF_DCSS_ISTR_LAV_PEN_2_TV_3(1.0),A,087029,RESPOP_AV,T,Y_GE15,TOTAL,ALL,5,ALL,ALL,2019,3284,,,,,,,,ALL_N1,,,,,,,
IT1:DF_DCSS_ISTR_LAV_PEN_2_TV_3(1.0),A,087029,RESPOP_AV,T,Y_GE15,TOTAL,ALL,5,ALL,ALL,2021,3463.62841299655,,,,,,,,ALL_N1,,,,,,,
IT1:DF_DCSS_ISTR_LAV_PEN_2_TV_3(1.0),A,087029,RESPOP_AV,T,Y_GE15,TOTAL,ALL,5,ALL,ALL,2022,3452.5395477296,,,,,,,,ALL_N1,,,,,,,
IT1:DF_DCSS_ISTR_LAV_PEN_2_TV_3(1.0),A,087029,RESPOP_AV,T,Y_GE15,TOTAL,ALL,5,ALL,ALL,2023,3310.4566874317234,,,,,,,,ALL_N1,,,,,,,
IT1:DF_DCSS_ISTR_LAV_PEN_2_TV_3(1.0),A,087029,RESPOP_AV,T,Y_GE15,TOTAL,ALL,5,ALL,ALL,2024,3503.0271839958164,,,,,,,,ALL_N1,,,,,,,
IT1:DF_DCSS_ISTR_LAV_PEN_2_TV_3(1.0),A,087029,RESPOP_AV,T,Y_GE15,TOTAL,ALL,7,ALL,ALL,2018,3639,,,,,,,,ALL_N1,,,,,,,
IT1:DF_DCSS_ISTR_LAV_PEN_2_TV_3(1.0),A,087029,RESPOP_AV,T,Y_GE15,TOTAL,ALL,7,ALL,ALL,2019,2976,,,,,,,,ALL_N1,,,,,,,
IT1:DF_DCSS_ISTR_LAV_PEN_2_TV_3(1.0),A,087029,RESPOP_AV,T,Y_GE15,TOTAL,ALL,7,ALL,ALL,2021,4003.58890337082,,,,,,,,ALL_N1,,,,,,,
IT1:DF_DCSS_ISTR_LAV_PEN_2_TV_3(1.0),A,087029,RESPOP_AV,T,Y_GE15,TOTAL,ALL,7,ALL,ALL,2022,3899.70291285918,,,,,,,,ALL_N1,,,,,,,
IT1:DF_DCSS_ISTR_LAV_PEN_2_TV_3(1.0),A,087029,RESPOP_AV,T,Y_GE15,TOTAL,ALL,7,ALL,ALL,2023,4247.981318968163,,,,,,,,ALL_N1,,,,,,,
IT1:DF_DCSS_ISTR_LAV_PEN_2_TV_3(1.0),A,087029,RESPOP_AV,T,Y_GE15,TOTAL,ALL,7,ALL,ALL,2024,3826.4029562897144,,,,,,,,ALL_N1,,,,,,,
IT1:DF_DCSS_ISTR_LAV_PEN_2_TV_3(1.0),A,087029,RESPOP_AV,T,Y_GE15,TOTAL,ALL,99,ALL,ALL,2018,40712,,,,,,,,ALL_N1,99_N1,,,,,,
IT1:DF_DCSS_ISTR_LAV_PEN_2_TV_3(1.0),A,087029,RESPOP_AV,T,Y_GE15,TOTAL,ALL,99,ALL,ALL,2019,40871,,,,,,,,ALL_N1,99_N1,,,,,,
IT1:DF_DCSS_ISTR_LAV_PEN_2_TV_3(1.0),A,087029,RESPOP_AV,T,Y_GE15,TOTAL,ALL,99,ALL,ALL,2021,40819,,,,,,,,ALL_N1,99_N1,,,,,,
IT1:DF_DCSS_ISTR_LAV_PEN_2_TV_3(1.0),A,087029,RESPOP_AV,T,Y_GE15,TOTAL,ALL,99,ALL,ALL,2022,40660,,,,,,,,ALL_N1,99_N1,,,,,,
IT1:DF_DCSS_ISTR_LAV_PEN_2_TV_3(1.0),A,087029,RESPOP_AV,T,Y_GE15,TOTAL,ALL,99,ALL,ALL,2023,40740,,,,,,,,ALL_N1,99_N1,,,,,,
IT1:DF_DCSS_ISTR_LAV_PEN_2_TV_3(1.0),A,087029,RESPOP_AV,T,Y_GE15,TOTAL,ALL,99,ALL,ALL,2024,40841,,,,,,,,ALL_N1,99_N1,,,,,,
IT1:DF_DCSS_ISTR_LAV_PEN_2_TV_3(1.0),A,087030,RESPOP_AV,F,Y_GE15,TOTAL,ALL,1,ALL,ALL,2018,1485,,,,,,,,ALL_N1,,,,,,,
IT1:DF_DCSS_ISTR_LAV_PEN_2_TV_3(1.0),A,087030,RESPOP_AV,F,Y_GE15,TOTAL,ALL,1,ALL,ALL,2019,1494,,,,,,,,ALL_N1,,,,,,,
IT1:DF_DCSS_ISTR_LAV_PEN_2_TV_3(1.0),A,087030,RESPOP_AV,F,Y_GE15,TOTAL,ALL,1,ALL,ALL,2021,1485,,,,,,,,ALL_N1,,,,,,,
IT1:DF_DCSS_ISTR_LAV_PEN_2_TV_3(1.0),A,087030,RESPOP_AV,F,Y_GE15,TOTAL,ALL,1,ALL,ALL,2022,1555,,,,,,,,ALL_N1,,,,,,,
IT1:DF_DCSS_ISTR_LAV_PEN_2_TV_3(1.0),A,087030,RESPOP_AV,F,Y_GE15,TOTAL,ALL,1,ALL,ALL,2023,1581,,,,,,,,ALL_N1,,,,,,,
IT1:DF_DCSS_ISTR_LAV_PEN_2_TV_3(1.0),A,087030,RESPOP_AV,F,Y_GE15,TOTAL,ALL,1,ALL,ALL,2024,1681,,,,,,,,ALL_N1,,,,,,,
IT1:DF_DCSS_ISTR_LAV_PEN_2_TV_3(1.0),A,087030,RESPOP_AV,F,Y_GE15,TOTAL,ALL,12,ALL,ALL,2018,662,,,,,,,,ALL_N1,,,,,,,
IT1:DF_DCSS_ISTR_LAV_PEN_2_TV_3(1.0),A,087030,RESPOP_AV,F,Y_GE15,TOTAL,ALL,12,ALL,ALL,2019,630,,,,,,,,ALL_N1,,,,,,,
IT1:DF_DCSS_ISTR_LAV_PEN_2_TV_3(1.0),A,087030,RESPOP_AV,F,Y_GE15,TOTAL,ALL,12,ALL,ALL,2021,358.984253969923,,,,,,,,ALL_N1,,,,,,,
IT1:DF_DCSS_ISTR_LAV_PEN_2_TV_3(1.0),A,087030,RESPOP_AV,F,Y_GE15,TOTAL,ALL,12,ALL,ALL,2022,471.915932940349,,,,,,,,ALL_N1,,,,,,,
IT1:DF_DCSS_ISTR_LAV_PEN_2_TV_3(1.0),A,087030,RESPOP_AV,F,Y_GE15,TOTAL,ALL,12,ALL,ALL,2023,409.6168832217418,,,,,,,,ALL_N1,,,,,,,
IT1:DF_DCSS_ISTR_LAV_PEN_2_TV_3(1.0),A,087030,RESPOP_AV,F,Y_GE15,TOTAL,ALL,12,ALL,ALL,2024,381.20878983454395,,,,,,,,ALL_N1,,,,,,,
IT1:DF_DCSS_ISTR_LAV_PEN_2_TV_3(1.0),A,087030,RESPOP_AV,F,Y_GE15,TOTAL,ALL,22,ALL,ALL,2018,2147,,,,,,,,ALL_N1,,,,,,,
IT1:DF_DCSS_ISTR_LAV_PEN_2_TV_3(1.0),A,087030,RESPOP_AV,F,Y_GE15,TOTAL,ALL,22,ALL,ALL,2019,2123,,,,,,,,ALL_N1,,,,,,,
IT1:DF_DCSS_ISTR_LAV_PEN_2_TV_3(1.0),A,087030,RESPOP_AV,F,Y_GE15,TOTAL,ALL,22,ALL,ALL,2021,1843.98425396992,,,,,,,,ALL_N1,,,,,,,
IT1:DF_DCSS_ISTR_LAV_PEN_2_TV_3(1.0),A,087030,RESPOP_AV,F,Y_GE15,TOTAL,ALL,22,ALL,ALL,2022,2026.91593294035,,,,,,,,ALL_N1,,,,,,,
IT1:DF_DCSS_ISTR_LAV_PEN_2_TV_3(1.0),A,087030,RESPOP_AV,F,Y_GE15,TOTAL,ALL,22,ALL,ALL,2023,1990.6168832217418,,,,,,,,ALL_N1,,,,,,,
IT1:DF_DCSS_ISTR_LAV_PEN_2_TV_3(1.0),A,087030,RESPOP_AV,F,Y_GE15,TOTAL,ALL,22,ALL,ALL,2024,2062.208789834544,,,,,,,,ALL_N1,,,,,,,
IT1:DF_DCSS_ISTR_LAV_PEN_2_TV_3(1.0),A,087030,RESPOP_AV,F,Y_GE15,TOTAL,ALL,23,ALL,ALL,2018,3039,,,,,,,,ALL_N1,,,,,,,
IT1:DF_DCSS_ISTR_LAV_PEN_2_TV_3(1.0),A,087030,RESPOP_AV,F,Y_GE15,TOTAL,ALL,23,ALL,ALL,2019,3092,,,,,,,,ALL_N1,,,,,,,
IT1:DF_DCSS_ISTR_LAV_PEN_2_TV_3(1.0),A,087030,RESPOP_AV,F,Y_GE15,TOTAL,ALL,23,ALL,ALL,2021,3316.01574603008,,,,,,,,ALL_N1,,,,,,,
IT1:DF_DCSS_ISTR_LAV_PEN_2_TV_3(1.0),A,087030,RESPOP_AV,F,Y_GE15,TOTAL,ALL,23,ALL,ALL,2022,3162.08406705965,,,,,,,,ALL_N1,,,,,,,
IT1:DF_DCSS_ISTR_LAV_PEN_2_TV_3(1.0),A,087030,RESPOP_AV,F,Y_GE15,TOTAL,ALL,23,ALL,ALL,2023,3175.3831167782578,,,,,,,,ALL_N1,,,,,,,
IT1:DF_DCSS_ISTR_LAV_PEN_2_TV_3(1.0),A,087030,RESPOP_AV,F,Y_GE15,TOTAL,ALL,23,ALL,ALL,2024,3132.7912101654565,,,,,,,,ALL_N1,,,,,,,
IT1:DF_DCSS_ISTR_LAV_PEN_2_TV_3(1.0),A,087030,RESPOP_AV,F,Y_GE15,TOTAL,ALL,24,ALL,ALL,2018,567,,,,,,,,ALL_N1,,,,,,,
IT1:DF_DCSS_ISTR_LAV_PEN_2_TV_3(1.0),A,087030,RESPOP_AV,F,Y_GE15,TOTAL,ALL,24,ALL,ALL,2019,568,,,,,,,,ALL_N1,,,,,,,
IT1:DF_DCSS_ISTR_LAV_PEN_2_TV_3(1.0),A,087030,RESPOP_AV,F,Y_GE15,TOTAL,ALL,24,ALL,ALL,2021,645.015154146404,,,,,,,,ALL_N1,,,,,,,
IT1:DF_DCSS_ISTR_LAV_PEN_2_TV_3(1.0),A,087030,RESPOP_AV,F,Y_GE15,TOTAL,ALL,24,ALL,ALL,2022,560.122056745972,,,,,,,,ALL_N1,,,,,,,
IT1:DF_DCSS_ISTR_LAV_PEN_2_TV_3(1.0),A,087030,RESPOP_AV,F,Y_GE15,TOTAL,ALL,24,ALL,ALL,2023,578.9824674059208,,,,,,,,ALL_N1,,,,,,,
IT1:DF_DCSS_ISTR_LAV_PEN_2_TV_3(1.0),A,087030,RESPOP_AV,F,Y_GE15,TOTAL,ALL,24,ALL,ALL,2024,636.3048536520453,,,,,,,,ALL_N1,,,,,,,
IT1:DF_DCSS_ISTR_LAV_PEN_2_TV_3(1.0),A,087030,RESPOP_AV,F,Y_GE15,TOTAL,ALL,4,ALL,ALL,2018,1738,,,,,,,,ALL_N1,,,,,,,
IT1:DF_DCSS_ISTR_LAV_PEN_2_TV_3(1.0),A,087030,RESPOP_AV,F,Y_GE15,TOTAL,ALL,4,ALL,ALL,2019,1806,,,,,,,,ALL_N1,,,,,,,
IT1:DF_DCSS_ISTR_LAV_PEN_2_TV_3(1.0),A,087030,RESPOP_AV,F,Y_GE15,TOTAL,ALL,4,ALL,ALL,2021,1858.52821196293,,,,,,,,ALL_N1,,,,,,,
IT1:DF_DCSS_ISTR_LAV_PEN_2_TV_3(1.0),A,087030,RESPOP_AV,F,Y_GE15,TOTAL,ALL,4,ALL,ALL,2022,1760.25467673583,,,,,,,,ALL_N1,,,,,,,
IT1:DF_DCSS_ISTR_LAV_PEN_2_TV_3(1.0),A,087030,RESPOP_AV,F,Y_GE15,TOTAL,ALL,4,ALL,ALL,2023,1714.3750464468305,,,,,,,,ALL_N1,,,,,,,
IT1:DF_DCSS_ISTR_LAV_PEN_2_TV_3(1.0),A,087030,RESPOP_AV,F,Y_GE15,TOTAL,ALL,4,ALL,ALL,2024,1674.2141373599707,,,,,,,,ALL_N1,,,,,,,
IT1:DF_DCSS_ISTR_LAV_PEN_2_TV_3(1.0),A,087030,RESPOP_AV,F,Y_GE15,TOTAL,ALL,5,ALL,ALL,2018,426,,,,,,,,ALL_N1,,,,,,,
IT1:DF_DCSS_ISTR_LAV_PEN_2_TV_3(1.0),A,087030,RESPOP_AV,F,Y_GE15,TOTAL,ALL,5,ALL,ALL,2019,448,,,,,,,,ALL_N1,,,,,,,
IT1:DF_DCSS_ISTR_LAV_PEN_2_TV_3(1.0),A,087030,RESPOP_AV,F,Y_GE15,TOTAL,ALL,5,ALL,ALL,2021,464.643759889617,,,,,,,,ALL_N1,,,,,,,
IT1:DF_DCSS_ISTR_LAV_PEN_2_TV_3(1.0),A,087030,RESPOP_AV,F,Y_GE15,TOTAL,ALL,5,ALL,ALL,2022,481.851940816623,,,,,,,,ALL_N1,,,,,,,
IT1:DF_DCSS_ISTR_LAV_PEN_2_TV_3(1.0),A,087030,RESPOP_AV,F,Y_GE15,TOTAL,ALL,5,ALL,ALL,2023,482.28857177677946,,,,,,,,ALL_N1,,,,,,,
IT1:DF_DCSS_ISTR_LAV_PEN_2_TV_3(1.0),A,087030,RESPOP_AV,F,Y_GE15,TOTAL,ALL,5,ALL,ALL,2024,470.2457161134296,,,,,,,,ALL_N1,,,,,,,
IT1:DF_DCSS_ISTR_LAV_PEN_2_TV_3(1.0),A,087030,RESPOP_AV,F,Y_GE15,TOTAL,ALL,7,ALL,ALL,2018,309,,,,,,,,ALL_N1,,,,,,,
IT1:DF_DCSS_ISTR_LAV_PEN_2_TV_3(1.0),A,087030,RESPOP_AV,F,Y_GE15,TOTAL,ALL,7,ALL,ALL,2019,270,,,,,,,,ALL_N1,,,,,,,
IT1:DF_DCSS_ISTR_LAV_PEN_2_TV_3(1.0),A,087030,RESPOP_AV,F,Y_GE15,TOTAL,ALL,7,ALL,ALL,2021,347.828620031128,,,,,,,,ALL_N1,,,,,,,
IT1:DF_DCSS_ISTR_LAV_PEN_2_TV_3(1.0),A,087030,RESPOP_AV,F,Y_GE15,TOTAL,ALL,7,ALL,ALL,2022,359.855392761231,,,,,,,,ALL_N1,,,,,,,
IT1:DF_DCSS_ISTR_LAV_PEN_2_TV_3(1.0),A,087030,RESPOP_AV,F,Y_GE15,TOTAL,ALL,7,ALL,ALL,2023,399.7370311487269,,,,,,,,ALL_N1,,,,,,,
IT1:DF_DCSS_ISTR_LAV_PEN_2_TV_3(1.0),A,087030,RESPOP_AV,F,Y_GE15,TOTAL,ALL,7,ALL,ALL,2024,352.02650304001094,,,,,,,,ALL_N1,,,,,,,
IT1:DF_DCSS_ISTR_LAV_PEN_2_TV_3(1.0),A,087030,RESPOP_AV,F,Y_GE15,TOTAL,ALL,99,ALL,ALL,2018,5185,,,,,,,,ALL_N1,99_N1,,,,,,
IT1:DF_DCSS_ISTR_LAV_PEN_2_TV_3(1.0),A,087030,RESPOP_AV,F,Y_GE15,TOTAL,ALL,99,ALL,ALL,2019,5215,,,,,,,,ALL_N1,99_N1,,,,,,
IT1:DF_DCSS_ISTR_LAV_PEN_2_TV_3(1.0),A,087030,RESPOP_AV,F,Y_GE15,TOTAL,ALL,99,ALL,ALL,2021,5160,,,,,,,,ALL_N1,99_N1,,,,,,
IT1:DF_DCSS_ISTR_LAV_PEN_2_TV_3(1.0),A,087030,RESPOP_AV,F,Y_GE15,TOTAL,ALL,99,ALL,ALL,2022,5189,,,,,,,,ALL_N1,99_N1,,,,,,
IT1:DF_DCSS_ISTR_LAV_PEN_2_TV_3(1.0),A,087030,RESPOP_AV,F,Y_GE15,TOTAL,ALL,99,ALL,ALL,2023,5165.999999999999,,,,,,,,ALL_N1,99_N1,,,,,,
IT1:DF_DCSS_ISTR_LAV_PEN_2_TV_3(1.0),A,087030,RESPOP_AV,F,Y_GE15,TOTAL,ALL,99,ALL,ALL,2024,5195,,,,,,,,ALL_N1,99_N1,,,,,,
IT1:DF_DCSS_ISTR_LAV_PEN_2_TV_3(1.0),A,087030,RESPOP_AV,M,Y_GE15,TOTAL,ALL,1,ALL,ALL,2018,2523,,,,,,,,ALL_N1,,,,,,,
IT1:DF_DCSS_ISTR_LAV_PEN_2_TV_3(1.0),A,087030,RESPOP_AV,M,Y_GE15,TOTAL,ALL,1,ALL,ALL,2019,2527,,,,,,,,ALL_N1,,,,,,,
IT1:DF_DCSS_ISTR_LAV_PEN_2_TV_3(1.0),A,087030,RESPOP_AV,M,Y_GE15,TOTAL,ALL,1,ALL,ALL,2021,2538,,,,,,,,ALL_N1,,,,,,,
IT1:DF_DCSS_ISTR_LAV_PEN_2_TV_3(1.0),A,087030,RESPOP_AV,M,Y_GE15,TOTAL,ALL,1,ALL,ALL,2022,2581,,,,,,,,ALL_N1,,,,,,,
IT1:DF_DCSS_ISTR_LAV_PEN_2_TV_3(1.0),A,087030,RESPOP_AV,M,Y_GE15,TOTAL,ALL,1,ALL,ALL,2023,2637,,,,,,,,ALL_N1,,,,,,,
IT1:DF_DCSS_ISTR_LAV_PEN_2_TV_3(1.0),A,087030,RESPOP_AV,M,Y_GE15,TOTAL,ALL,1,ALL,ALL,2024,2683,,,,,,,,ALL_N1,,,,,,,
IT1:DF_DCSS_ISTR_LAV_PEN_2_TV_3(1.0),A,087030,RESPOP_AV,M,Y_GE15,TOTAL,ALL,12,ALL,ALL,2018,731,,,,,,,,ALL_N1,,,,,,,
IT1:DF_DCSS_ISTR_LAV_PEN_2_TV_3(1.0),A,087030,RESPOP_AV,M,Y_GE15,TOTAL,ALL,12,ALL,ALL,2019,710,,,,,,,,ALL_N1,,,,,,,
IT1:DF_DCSS_ISTR_LAV_PEN_2_TV_3(1.0),A,087030,RESPOP_AV,M,Y_GE15,TOTAL,ALL,12,ALL,ALL,2021,420.533931146996,,,,,,,,ALL_N1,,,,,,,
IT1:DF_DCSS_ISTR_LAV_PEN_2_TV_3(1.0),A,087030,RESPOP_AV,M,Y_GE15,TOTAL,ALL,12,ALL,ALL,2022,508.326587087721,,,,,,,,ALL_N1,,,,,,,
IT1:DF_DCSS_ISTR_LAV_PEN_2_TV_3(1.0),A,087030,RESPOP_AV,M,Y_GE15,TOTAL,ALL,12,ALL,ALL,2023,398.9102667115166,,,,,,,,ALL_N1,,,,,,,
IT1:DF_DCSS_ISTR_LAV_PEN_2_TV_3(1.0),A,087030,RESPOP_AV,M,Y_GE15,TOTAL,ALL,12,ALL,ALL,2024,398.72854239444376,,,,,,,,ALL_N1,,,,,,,
IT1:DF_DCSS_ISTR_LAV_PEN_2_TV_3(1.0),A,087030,RESPOP_AV,M,Y_GE15,TOTAL,ALL,22,ALL,ALL,2018,3254,,,,,,,,ALL_N1,,,,,,,
IT1:DF_DCSS_ISTR_LAV_PEN_2_TV_3(1.0),A,087030,RESPOP_AV,M,Y_GE15,TOTAL,ALL,22,ALL,ALL,2019,3236,,,,,,,,ALL_N1,,,,,,,
IT1:DF_DCSS_ISTR_LAV_PEN_2_TV_3(1.0),A,087030,RESPOP_AV,M,Y_GE15,TOTAL,ALL,22,ALL,ALL,2021,2958.533931147,,,,,,,,ALL_N1,,,,,,,
IT1:DF_DCSS_ISTR_LAV_PEN_2_TV_3(1.0),A,087030,RESPOP_AV,M,Y_GE15,TOTAL,ALL,22,ALL,ALL,2022,3089.32658708772,,,,,,,,ALL_N1,,,,,,,
IT1:DF_DCSS_ISTR_LAV_PEN_2_TV_3(1.0),A,087030,RESPOP_AV,M,Y_GE15,TOTAL,ALL,22,ALL,ALL,2023,3035.9102667115167,,,,,,,,ALL_N1,,,,,,,
IT1:DF_DCSS_ISTR_LAV_PEN_2_TV_3(1.0),A,087030,RESPOP_AV,M,Y_GE15,TOTAL,ALL,22,ALL,ALL,2024,3081.7285423944436,,,,,,,,ALL_N1,,,,,,,
IT1:DF_DCSS_ISTR_LAV_PEN_2_TV_3(1.0),A,087030,RESPOP_AV,M,Y_GE15,TOTAL,ALL,23,ALL,ALL,2018,1655,,,,,,,,ALL_N1,,,,,,,
IT1:DF_DCSS_ISTR_LAV_PEN_2_TV_3(1.0),A,087030,RESPOP_AV,M,Y_GE15,TOTAL,ALL,23,ALL,ALL,2019,1680,,,,,,,,ALL_N1,,,,,,,
IT1:DF_DCSS_ISTR_LAV_PEN_2_TV_3(1.0),A,087030,RESPOP_AV,M,Y_GE15,TOTAL,ALL,23,ALL,ALL,2021,1912.466068853,,,,,,,,ALL_N1,,,,,,,
IT1:DF_DCSS_ISTR_LAV_PEN_2_TV_3(1.0),A,087030,RESPOP_AV,M,Y_GE15,TOTAL,ALL,23,ALL,ALL,2022,1817.67341291228,,,,,,,,ALL_N1,,,,,,,
IT1:DF_DCSS_ISTR_LAV_PEN_2_TV_3(1.0),A,087030,RESPOP_AV,M,Y_GE15,TOTAL,ALL,23,ALL,ALL,2023,1892.0897332884833,,,,,,,,ALL_N1,,,,,,,
IT1:DF_DCSS_ISTR_LAV_PEN_2_TV_3(1.0),A,087030,RESPOP_AV,M,Y_GE15,TOTAL,ALL,23,ALL,ALL,2024,1895.2714576055562,,,,,,,,ALL_N1,,,,,,,
IT1:DF_DCSS_ISTR_LAV_PEN_2_TV_3(1.0),A,087030,RESPOP_AV,M,Y_GE15,TOTAL,ALL,24,ALL,ALL,2018,803,,,,,,,,ALL_N1,,,,,,,
IT1:DF_DCSS_ISTR_LAV_PEN_2_TV_3(1.0),A,087030,RESPOP_AV,M,Y_GE15,TOTAL,ALL,24,ALL,ALL,2019,845,,,,,,,,ALL_N1,,,,,,,
IT1:DF_DCSS_ISTR_LAV_PEN_2_TV_3(1.0),A,087030,RESPOP_AV,M,Y_GE15,TOTAL,ALL,24,ALL,ALL,2021,882.774333201665,,,,,,,,ALL_N1,,,,,,,
IT1:DF_DCSS_ISTR_LAV_PEN_2_TV_3(1.0),A,087030,RESPOP_AV,M,Y_GE15,TOTAL,ALL,24,ALL,ALL,2022,864.889196080249,,,,,,,,ALL_N1,,,,,,,
IT1:DF_DCSS_ISTR_LAV_PEN_2_TV_3(1.0),A,087030,RESPOP_AV,M,Y_GE15,TOTAL,ALL,24,ALL,ALL,2023,862.8860097157271,,,,,,,,ALL_N1,,,,,,,
IT1:DF_DCSS_ISTR_LAV_PEN_2_TV_3(1.0),A,087030,RESPOP_AV,M,Y_GE15,TOTAL,ALL,24,ALL,ALL,2024,920.1915118867945,,,,,,,,ALL_N1,,,,,,,
IT1:DF_DCSS_ISTR_LAV_PEN_2_TV_3(1.0),A,087030,RESPOP_AV,M,Y_GE15,TOTAL,ALL,4,ALL,ALL,2018,66,,,,,,,,ALL_N1,,,,,,,
IT1:DF_DCSS_ISTR_LAV_PEN_2_TV_3(1.0),A,087030,RESPOP_AV,M,Y_GE15,TOTAL,ALL,4,ALL,ALL,2019,79,,,,,,,,ALL_N1,,,,,,,
IT1:DF_DCSS_ISTR_LAV_PEN_2_TV_3(1.0),A,087030,RESPOP_AV,M,Y_GE15,TOTAL,ALL,4,ALL,ALL,2021,120.956324043956,,,,,,,,ALL_N1,,,,,,,
IT1:DF_DCSS_ISTR_LAV_PEN_2_TV_3(1.0),A,087030,RESPOP_AV,M,Y_GE15,TOTAL,ALL,4,ALL,ALL,2022,106.431075428108,,,,,,,,ALL_N1,,,,,,,
IT1:DF_DCSS_ISTR_LAV_PEN_2_TV_3(1.0),A,087030,RESPOP_AV,M,Y_GE15,TOTAL,ALL,4,ALL,ALL,2023,121.5411357756034,,,,,,,,ALL_N1,,,,,,,
IT1:DF_DCSS_ISTR_LAV_PEN_2_TV_3(1.0),A,087030,RESPOP_AV,M,Y_GE15,TOTAL,ALL,4,ALL,ALL,2024,105.74684817772933,,,,,,,,ALL_N1,,,,,,,
IT1:DF_DCSS_ISTR_LAV_PEN_2_TV_3(1.0),A,087030,RESPOP_AV,M,Y_GE15,TOTAL,ALL,5,ALL,ALL,2018,387,,,,,,,,ALL_N1,,,,,,,
IT1:DF_DCSS_ISTR_LAV_PEN_2_TV_3(1.0),A,087030,RESPOP_AV,M,Y_GE15,TOTAL,ALL,5,ALL,ALL,2019,398,,,,,,,,ALL_N1,,,,,,,
IT1:DF_DCSS_ISTR_LAV_PEN_2_TV_3(1.0),A,087030,RESPOP_AV,M,Y_GE15,TOTAL,ALL,5,ALL,ALL,2021,393.484478737683,,,,,,,,ALL_N1,,,,,,,
IT1:DF_DCSS_ISTR_LAV_PEN_2_TV_3(1.0),A,087030,RESPOP_AV,M,Y_GE15,TOTAL,ALL,5,ALL,ALL,2022,413.70683835585,,,,,,,,ALL_N1,,,,,,,
IT1:DF_DCSS_ISTR_LAV_PEN_2_TV_3(1.0),A,087030,RESPOP_AV,M,Y_GE15,TOTAL,ALL,5,ALL,ALL,2023,415.9433861289056,,,,,,,,ALL_N1,,,,,,,
IT1:DF_DCSS_ISTR_LAV_PEN_2_TV_3(1.0),A,087030,RESPOP_AV,M,Y_GE15,TOTAL,ALL,5,ALL,ALL,2024,429.37486492160053,,,,,,,,ALL_N1,,,,,,,
IT1:DF_DCSS_ISTR_LAV_PEN_2_TV_3(1.0),A,087030,RESPOP_AV,M,Y_GE15,TOTAL,ALL,7,ALL,ALL,2018,400,,,,,,,,ALL_N1,,,,,,,
IT1:DF_DCSS_ISTR_LAV_PEN_2_TV_3(1.0),A,087030,RESPOP_AV,M,Y_GE15,TOTAL,ALL,7,ALL,ALL,2019,358,,,,,,,,ALL_N1,,,,,,,
IT1:DF_DCSS_ISTR_LAV_PEN_2_TV_3(1.0),A,087030,RESPOP_AV,M,Y_GE15,TOTAL,ALL,7,ALL,ALL,2021,515.2509328697,,,,,,,,ALL_N1,,,,,,,
IT1:DF_DCSS_ISTR_LAV_PEN_2_TV_3(1.0),A,087030,RESPOP_AV,M,Y_GE15,TOTAL,ALL,7,ALL,ALL,2022,432.646303048072,,,,,,,,ALL_N1,,,,,,,
IT1:DF_DCSS_ISTR_LAV_PEN_2_TV_3(1.0),A,087030,RESPOP_AV,M,Y_GE15,TOTAL,ALL,7,ALL,ALL,2023,491.7192016682471,,,,,,,,ALL_N1,,,,,,,
IT1:DF_DCSS_ISTR_LAV_PEN_2_TV_3(1.0),A,087030,RESPOP_AV,M,Y_GE15,TOTAL,ALL,7,ALL,ALL,2024,439.95823261943184,,,,,,,,ALL_N1,,,,,,,
IT1:DF_DCSS_ISTR_LAV_PEN_2_TV_3(1.0),A,087030,RESPOP_AV,M,Y_GE15,TOTAL,ALL,99,ALL,ALL,2018,4908,,,,,,,,ALL_N1,99_N1,,,,,,
IT1:DF_DCSS_ISTR_LAV_PEN_2_TV_3(1.0),A,087030,RESPOP_AV,M,Y_GE15,TOTAL,ALL,99,ALL,ALL,2019,4916,,,,,,,,ALL_N1,99_N1,,,,,,
IT1:DF_DCSS_ISTR_LAV_PEN_2_TV_3(1.0),A,087030,RESPOP_AV,M,Y_GE15,TOTAL,ALL,99,ALL,ALL,2021,4871,,,,,,,,ALL_N1,99_N1,,,,,,
IT1:DF_DCSS_ISTR_LAV_PEN_2_TV_3(1.0),A,087030,RESPOP_AV,M,Y_GE15,TOTAL,ALL,99,ALL,ALL,2022,4907,,,,,,,,ALL_N1,99_N1,,,,,,
IT1:DF_DCSS_ISTR_LAV_PEN_2_TV_3(1.0),A,087030,RESPOP_AV,M,Y_GE15,TOTAL,ALL,99,ALL,ALL,2023,4928,,,,,,,,ALL_N1,99_N1,,,,,,
IT1:DF_DCSS_ISTR_LAV_PEN_2_TV_3(1.0),A,087030,RESPOP_AV,M,Y_GE15,TOTAL,ALL,99,ALL,ALL,2024,4977,,,,,,,,ALL_N1,99_N1,,,,,,
IT1:DF_DCSS_ISTR_LAV_PEN_2_TV_3(1.0),A,087030,RESPOP_AV,T,Y_GE15,TOTAL,ALL,1,ALL,ALL,2018,4008,,,,,,,,ALL_N1,,,,,,,
IT1:DF_DCSS_ISTR_LAV_PEN_2_TV_3(1.0),A,087030,RESPOP_AV,T,Y_GE15,TOTAL,ALL,1,ALL,ALL,2019,4020,,,,,,,,ALL_N1,,,,,,,
IT1:DF_DCSS_ISTR_LAV_PEN_2_TV_3(1.0),A,087030,RESPOP_AV,T,Y_GE15,TOTAL,ALL,1,ALL,ALL,2021,4023,,,,,,,,ALL_N1,,,,,,,
IT1:DF_DCSS_ISTR_LAV_PEN_2_TV_3(1.0),A,087030,RESPOP_AV,T,Y_GE15,TOTAL,ALL,1,ALL,ALL,2022,4136,,,,,,,,ALL_N1,,,,,,,
IT1:DF_DCSS_ISTR_LAV_PEN_2_TV_3(1.0),A,087030,RESPOP_AV,T,Y_GE15,TOTAL,ALL,1,ALL,ALL,2023,4218,,,,,,,,ALL_N1,,,,,,,
IT1:DF_DCSS_ISTR_LAV_PEN_2_TV_3(1.0),A,087030,RESPOP_AV,T,Y_GE15,TOTAL,ALL,1,ALL,ALL,2024,4364,,,,,,,,ALL_N1,,,,,,,
IT1:DF_DCSS_ISTR_LAV_PEN_2_TV_3(1.0),A,087030,RESPOP_AV,T,Y_GE15,TOTAL,ALL,12,ALL,ALL,2018,1392,,,,,,,,ALL_N1,,,,,,,
IT1:DF_DCSS_ISTR_LAV_PEN_2_TV_3(1.0),A,087030,RESPOP_AV,T,Y_GE15,TOTAL,ALL,12,ALL,ALL,2019,1339,,,,,,,,ALL_N1,,,,,,,
IT1:DF_DCSS_ISTR_LAV_PEN_2_TV_3(1.0),A,087030,RESPOP_AV,T,Y_GE15,TOTAL,ALL,12,ALL,ALL,2021,779.518185116919,,,,,,,,ALL_N1,,,,,,,
IT1:DF_DCSS_ISTR_LAV_PEN_2_TV_3(1.0),A,087030,RESPOP_AV,T,Y_GE15,TOTAL,ALL,12,ALL,ALL,2022,980.242520028069,,,,,,,,ALL_N1,,,,,,,
IT1:DF_DCSS_ISTR_LAV_PEN_2_TV_3(1.0),A,087030,RESPOP_AV,T,Y_GE15,TOTAL,ALL,12,ALL,ALL,2023,808.5271499332583,,,,,,,,ALL_N1,,,,,,,
IT1:DF_DCSS_ISTR_LAV_PEN_2_TV_3(1.0),A,087030,RESPOP_AV,T,Y_GE15,TOTAL,ALL,12,ALL,ALL,2024,779.9373322289877,,,,,,,,ALL_N1,,,,,,,
IT1:DF_DCSS_ISTR_LAV_PEN_2_TV_3(1.0),A,087030,RESPOP_AV,T,Y_GE15,TOTAL,ALL,22,ALL,ALL,2018,5400,,,,,,,,ALL_N1,,,,,,,
IT1:DF_DCSS_ISTR_LAV_PEN_2_TV_3(1.0),A,087030,RESPOP_AV,T,Y_GE15,TOTAL,ALL,22,ALL,ALL,2019,5359,,,,,,,,ALL_N1,,,,,,,
IT1:DF_DCSS_ISTR_LAV_PEN_2_TV_3(1.0),A,087030,RESPOP_AV,T,Y_GE15,TOTAL,ALL,22,ALL,ALL,2021,4802.51818511692,,,,,,,,ALL_N1,,,,,,,
IT1:DF_DCSS_ISTR_LAV_PEN_2_TV_3(1.0),A,087030,RESPOP_AV,T,Y_GE15,TOTAL,ALL,22,ALL,ALL,2022,5116.24252002807,,,,,,,,ALL_N1,,,,,,,
IT1:DF_DCSS_ISTR_LAV_PEN_2_TV_3(1.0),A,087030,RESPOP_AV,T,Y_GE15,TOTAL,ALL,22,ALL,ALL,2023,5026.527149933258,,,,,,,,ALL_N1,,,,,,,
IT1:DF_DCSS_ISTR_LAV_PEN_2_TV_3(1.0),A,087030,RESPOP_AV,T,Y_GE15,TOTAL,ALL,22,ALL,ALL,2024,5143.9373322289875,,,,,,,,ALL_N1,,,,,,,
IT1:DF_DCSS_ISTR_LAV_PEN_2_TV_3(1.0),A,087030,RESPOP_AV,T,Y_GE15,TOTAL,ALL,23,ALL,ALL,2018,4693,,,,,,,,ALL_N1,,,,,,,
IT1:DF_DCSS_ISTR_LAV_PEN_2_TV_3(1.0),A,087030,RESPOP_AV,T,Y_GE15,TOTAL,ALL,23,ALL,ALL,2019,4772,,,,,,,,ALL_N1,,,,,,,
IT1:DF_DCSS_ISTR_LAV_PEN_2_TV_3(1.0),A,087030,RESPOP_AV,T,Y_GE15,TOTAL,ALL,23,ALL,ALL,2021,5228.48181488308,,,,,,,,ALL_N1,,,,,,,
IT1:DF_DCSS_ISTR_LAV_PEN_2_TV_3(1.0),A,087030,RESPOP_AV,T,Y_GE15,TOTAL,ALL,23,ALL,ALL,2022,4979.75747997193,,,,,,,,ALL_N1,,,,,,,
IT1:DF_DCSS_ISTR_LAV_PEN_2_TV_3(1.0),A,087030,RESPOP_AV,T,Y_GE15,TOTAL,ALL,23,ALL,ALL,2023,5067.472850066741,,,,,,,,ALL_N1,,,,,,,
IT1:DF_DCSS_ISTR_LAV_PEN_2_TV_3(1.0),A,087030,RESPOP_AV,T,Y_GE15,TOTAL,ALL,23,ALL,ALL,2024,5028.0626677710125,,,,,,,,ALL_N1,,,,,,,
IT1:DF_DCSS_ISTR_LAV_PEN_2_TV_3(1.0),A,087030,RESPOP_AV,T,Y_GE15,TOTAL,ALL,24,ALL,ALL,2018,1369,,,,,,,,ALL_N1,,,,,,,
IT1:DF_DCSS_ISTR_LAV_PEN_2_TV_3(1.0),A,087030,RESPOP_AV,T,Y_GE15,TOTAL,ALL,24,ALL,ALL,2019,1413,,,,,,,,ALL_N1,,,,,,,
IT1:DF_DCSS_ISTR_LAV_PEN_2_TV_3(1.0),A,087030,RESPOP_AV,T,Y_GE15,TOTAL,ALL,24,ALL,ALL,2021,1527.78948734807,,,,,,,,ALL_N1,,,,,,,
IT1:DF_DCSS_ISTR_LAV_PEN_2_TV_3(1.0),A,087030,RESPOP_AV,T,Y_GE15,TOTAL,ALL,24,ALL,ALL,2022,1425.01125282622,,,,,,,,ALL_N1,,,,,,,
IT1:DF_DCSS_ISTR_LAV_PEN_2_TV_3(1.0),A,087030,RESPOP_AV,T,Y_GE15,TOTAL,ALL,24,ALL,ALL,2023,1441.8684771216479,,,,,,,,ALL_N1,,,,,,,
IT1:DF_DCSS_ISTR_LAV_PEN_2_TV_3(1.0),A,087030,RESPOP_AV,T,Y_GE15,TOTAL,ALL,24,ALL,ALL,2024,1556.4963655388397,,,,,,,,ALL_N1,,,,,,,
IT1:DF_DCSS_ISTR_LAV_PEN_2_TV_3(1.0),A,087030,RESPOP_AV,T,Y_GE15,TOTAL,ALL,4,ALL,ALL,2018,1804,,,,,,,,ALL_N1,,,,,,,
IT1:DF_DCSS_ISTR_LAV_PEN_2_TV_3(1.0),A,087030,RESPOP_AV,T,Y_GE15,TOTAL,ALL,4,ALL,ALL,2019,1885,,,,,,,,ALL_N1,,,,,,,
IT1:DF_DCSS_ISTR_LAV_PEN_2_TV_3(1.0),A,087030,RESPOP_AV,T,Y_GE15,TOTAL,ALL,4,ALL,ALL,2021,1979.48453600688,,,,,,,,ALL_N1,,,,,,,
IT1:DF_DCSS_ISTR_LAV_PEN_2_TV_3(1.0),A,087030,RESPOP_AV,T,Y_GE15,TOTAL,ALL,4,ALL,ALL,2022,1866.68575216393,,,,,,,,ALL_N1,,,,,,,
IT1:DF_DCSS_ISTR_LAV_PEN_2_TV_3(1.0),A,087030,RESPOP_AV,T,Y_GE15,TOTAL,ALL,4,ALL,ALL,2023,1835.916182222434,,,,,,,,ALL_N1,,,,,,,
IT1:DF_DCSS_ISTR_LAV_PEN_2_TV_3(1.0),A,087030,RESPOP_AV,T,Y_GE15,TOTAL,ALL,4,ALL,ALL,2024,1779.9609855377,,,,,,,,ALL_N1,,,,,,,
IT1:DF_DCSS_ISTR_LAV_PEN_2_TV_3(1.0),A,087030,RESPOP_AV,T,Y_GE15,TOTAL,ALL,5,ALL,ALL,2018,812,,,,,,,,ALL_N1,,,,,,,
IT1:DF_DCSS_ISTR_LAV_PEN_2_TV_3(1.0),A,087030,RESPOP_AV,T,Y_GE15,TOTAL,ALL,5,ALL,ALL,2019,846,,,,,,,,ALL_N1,,,,,,,
IT1:DF_DCSS_ISTR_LAV_PEN_2_TV_3(1.0),A,087030,RESPOP_AV,T,Y_GE15,TOTAL,ALL,5,ALL,ALL,2021,858.1282386273,,,,,,,,ALL_N1,,,,,,,
IT1:DF_DCSS_ISTR_LAV_PEN_2_TV_3(1.0),A,087030,RESPOP_AV,T,Y_GE15,TOTAL,ALL,5,ALL,ALL,2022,895.558779172474,,,,,,,,ALL_N1,,,,,,,
IT1:DF_DCSS_ISTR_LAV_PEN_2_TV_3(1.0),A,087030,RESPOP_AV,T,Y_GE15,TOTAL,ALL,5,ALL,ALL,2023,898.2319579056851,,,,,,,,ALL_N1,,,,,,,
IT1:DF_DCSS_ISTR_LAV_PEN_2_TV_3(1.0),A,087030,RESPOP_AV,T,Y_GE15,TOTAL,ALL,5,ALL,ALL,2024,899.6205810350301,,,,,,,,ALL_N1,,,,,,,
IT1:DF_DCSS_ISTR_LAV_PEN_2_TV_3(1.0),A,087030,RESPOP_AV,T,Y_GE15,TOTAL,ALL,7,ALL,ALL,2018,708,,,,,,,,ALL_N1,,,,,,,
IT1:DF_DCSS_ISTR_LAV_PEN_2_TV_3(1.0),A,087030,RESPOP_AV,T,Y_GE15,TOTAL,ALL,7,ALL,ALL,2019,628,,,,,,,,ALL_N1,,,,,,,
IT1:DF_DCSS_ISTR_LAV_PEN_2_TV_3(1.0),A,087030,RESPOP_AV,T,Y_GE15,TOTAL,ALL,7,ALL,ALL,2021,863.079552900828,,,,,,,,ALL_N1,,,,,,,
IT1:DF_DCSS_ISTR_LAV_PEN_2_TV_3(1.0),A,087030,RESPOP_AV,T,Y_GE15,TOTAL,ALL,7,ALL,ALL,2022,792.501695809303,,,,,,,,ALL_N1,,,,,,,
IT1:DF_DCSS_ISTR_LAV_PEN_2_TV_3(1.0),A,087030,RESPOP_AV,T,Y_GE15,TOTAL,ALL,7,ALL,ALL,2023,891.456232816974,,,,,,,,ALL_N1,,,,,,,
IT1:DF_DCSS_ISTR_LAV_PEN_2_TV_3(1.0),A,087030,RESPOP_AV,T,Y_GE15,TOTAL,ALL,7,ALL,ALL,2024,791.9847356594428,,,,,,,,ALL_N1,,,,,,,
IT1:DF_DCSS_ISTR_LAV_PEN_2_TV_3(1.0),A,087030,RESPOP_AV,T,Y_GE15,TOTAL,ALL,99,ALL,ALL,2018,10093,,,,,,,,ALL_N1,99_N1,,,,,,
IT1:DF_DCSS_ISTR_LAV_PEN_2_TV_3(1.0),A,087030,RESPOP_AV,T,Y_GE15,TOTAL,ALL,99,ALL,ALL,2019,10131,,,,,,,,ALL_N1,99_N1,,,,,,
IT1:DF_DCSS_ISTR_LAV_PEN_2_TV_3(1.0),A,087030,RESPOP_AV,T,Y_GE15,TOTAL,ALL,99,ALL,ALL,2021,10031,,,,,,,,ALL_N1,99_N1,,,,,,
IT1:DF_DCSS_ISTR_LAV_PEN_2_TV_3(1.0),A,087030,RESPOP_AV,T,Y_GE15,TOTAL,ALL,99,ALL,ALL,2022,10096,,,,,,,,ALL_N1,99_N1,,,,,,
IT1:DF_DCSS_ISTR_LAV_PEN_2_TV_3(1.0),A,087030,RESPOP_AV,T,Y_GE15,TOTAL,ALL,99,ALL,ALL,2023,10094,,,,,,,,ALL_N1,99_N1,,,,,,
IT1:DF_DCSS_ISTR_LAV_PEN_2_TV_3(1.0),A,087030,RESPOP_AV,T,Y_GE15,TOTAL,ALL,99,ALL,ALL,2024,10172,,,,,,,,ALL_N1,99_N1,,,,,,
IT1:DF_DCSS_ISTR_LAV_PEN_2_TV_3(1.0),A,087031,RESPOP_AV,F,Y_GE15,TOTAL,ALL,1,ALL,ALL,2018,980,,,,,,,,ALL_N1,,,,,,,
IT1:DF_DCSS_ISTR_LAV_PEN_2_TV_3(1.0),A,087031,RESPOP_AV,F,Y_GE15,TOTAL,ALL,1,ALL,ALL,2019,1017,,,,,,,,ALL_N1,,,,,,,
IT1:DF_DCSS_ISTR_LAV_PEN_2_TV_3(1.0),A,087031,RESPOP_AV,F,Y_GE15,TOTAL,ALL,1,ALL,ALL,2021,1084,,,,,,,,ALL_N1,,,,,,,
IT1:DF_DCSS_ISTR_LAV_PEN_2_TV_3(1.0),A,087031,RESPOP_AV,F,Y_GE15,TOTAL,ALL,1,ALL,ALL,2022,1116,,,,,,,,ALL_N1,,,,,,,
IT1:DF_DCSS_ISTR_LAV_PEN_2_TV_3(1.0),A,087031,RESPOP_AV,F,Y_GE15,TOTAL,ALL,1,ALL,ALL,2023,1180,,,,,,,,ALL_N1,,,,,,,
IT1:DF_DCSS_ISTR_LAV_PEN_2_TV_3(1.0),A,087031,RESPOP_AV,F,Y_GE15,TOTAL,ALL,1,ALL,ALL,2024,1226,,,,,,,,ALL_N1,,,,,,,
IT1:DF_DCSS_ISTR_LAV_PEN_2_TV_3(1.0),A,087031,RESPOP_AV,F,Y_GE15,TOTAL,ALL,12,ALL,ALL,2018,365,,,,,,,,ALL_N1,,,,,,,
IT1:DF_DCSS_ISTR_LAV_PEN_2_TV_3(1.0),A,087031,RESPOP_AV,F,Y_GE15,TOTAL,ALL,12,ALL,ALL,2019,326,,,,,,,,ALL_N1,,,,,,,
IT1:DF_DCSS_ISTR_LAV_PEN_2_TV_3(1.0),A,087031,RESPOP_AV,F,Y_GE15,TOTAL,ALL,12,ALL,ALL,2021,226.235850156033,,,,,,,,ALL_N1,,,,,,,
IT1:DF_DCSS_ISTR_LAV_PEN_2_TV_3(1.0),A,087031,RESPOP_AV,F,Y_GE15,TOTAL,ALL,12,ALL,ALL,2022,290.086741987338,,,,,,,,ALL_N1,,,,,,,
IT1:DF_DCSS_ISTR_LAV_PEN_2_TV_3(1.0),A,087031,RESPOP_AV,F,Y_GE15,TOTAL,ALL,12,ALL,ALL,2023,218.11296504080005,,,,,,,,ALL_N1,,,,,,,
IT1:DF_DCSS_ISTR_LAV_PEN_2_TV_3(1.0),A,087031,RESPOP_AV,F,Y_GE15,TOTAL,ALL,12,ALL,ALL,2024,218.43963007447277,,,,,,,,ALL_N1,,,,,,,
IT1:DF_DCSS_ISTR_LAV_PEN_2_TV_3(1.0),A,087031,RESPOP_AV,F,Y_GE15,TOTAL,ALL,22,ALL,ALL,2018,1344,,,,,,,,ALL_N1,,,,,,,
IT1:DF_DCSS_ISTR_LAV_PEN_2_TV_3(1.0),A,087031,RESPOP_AV,F,Y_GE15,TOTAL,ALL,22,ALL,ALL,2019,1343,,,,,,,,ALL_N1,,,,,,,
IT1:DF_DCSS_ISTR_LAV_PEN_2_TV_3(1.0),A,087031,RESPOP_AV,F,Y_GE15,TOTAL,ALL,22,ALL,ALL,2021,1310.23585015603,,,,,,,,ALL_N1,,,,,,,
IT1:DF_DCSS_ISTR_LAV_PEN_2_TV_3(1.0),A,087031,RESPOP_AV,F,Y_GE15,TOTAL,ALL,22,ALL,ALL,2022,1406.08674198734,,,,,,,,ALL_N1,,,,,,,
IT1:DF_DCSS_ISTR_LAV_PEN_2_TV_3(1.0),A,087031,RESPOP_AV,F,Y_GE15,TOTAL,ALL,22,ALL,ALL,2023,1398.1129650408,,,,,,,,ALL_N1,,,,,,,
IT1:DF_DCSS_ISTR_LAV_PEN_2_TV_3(1.0),A,087031,RESPOP_AV,F,Y_GE15,TOTAL,ALL,22,ALL,ALL,2024,1444.4396300744727,,,,,,,,ALL_N1,,,,,,,
IT1:DF_DCSS_ISTR_LAV_PEN_2_TV_3(1.0),A,087031,RESPOP_AV,F,Y_GE15,TOTAL,ALL,23,ALL,ALL,2018,1871,,,,,,,,ALL_N1,,,,,,,
IT1:DF_DCSS_ISTR_LAV_PEN_2_TV_3(1.0),A,087031,RESPOP_AV,F,Y_GE15,TOTAL,ALL,23,ALL,ALL,2019,1884,,,,,,,,ALL_N1,,,,,,,
IT1:DF_DCSS_ISTR_LAV_PEN_2_TV_3(1.0),A,087031,RESPOP_AV,F,Y_GE15,TOTAL,ALL,23,ALL,ALL,2021,1984.76414984397,,,,,,,,ALL_N1,,,,,,,
IT1:DF_DCSS_ISTR_LAV_PEN_2_TV_3(1.0),A,087031,RESPOP_AV,F,Y_GE15,TOTAL,ALL,23,ALL,ALL,2022,1905.91325801266,,,,,,,,ALL_N1,,,,,,,
IT1:DF_DCSS_ISTR_LAV_PEN_2_TV_3(1.0),A,087031,RESPOP_AV,F,Y_GE15,TOTAL,ALL,23,ALL,ALL,2023,1908.8870349591998,,,,,,,,ALL_N1,,,,,,,
IT1:DF_DCSS_ISTR_LAV_PEN_2_TV_3(1.0),A,087031,RESPOP_AV,F,Y_GE15,TOTAL,ALL,23,ALL,ALL,2024,1910.5603699255273,,,,,,,,ALL_N1,,,,,,,
IT1:DF_DCSS_ISTR_LAV_PEN_2_TV_3(1.0),A,087031,RESPOP_AV,F,Y_GE15,TOTAL,ALL,24,ALL,ALL,2018,440,,,,,,,,ALL_N1,,,,,,,
IT1:DF_DCSS_ISTR_LAV_PEN_2_TV_3(1.0),A,087031,RESPOP_AV,F,Y_GE15,TOTAL,ALL,24,ALL,ALL,2019,468,,,,,,,,ALL_N1,,,,,,,
IT1:DF_DCSS_ISTR_LAV_PEN_2_TV_3(1.0),A,087031,RESPOP_AV,F,Y_GE15,TOTAL,ALL,24,ALL,ALL,2021,469.364485383023,,,,,,,,ALL_N1,,,,,,,
IT1:DF_DCSS_ISTR_LAV_PEN_2_TV_3(1.0),A,087031,RESPOP_AV,F,Y_GE15,TOTAL,ALL,24,ALL,ALL,2022,443.018331801041,,,,,,,,ALL_N1,,,,,,,
IT1:DF_DCSS_ISTR_LAV_PEN_2_TV_3(1.0),A,087031,RESPOP_AV,F,Y_GE15,TOTAL,ALL,24,ALL,ALL,2023,480.8348910590533,,,,,,,,ALL_N1,,,,,,,
IT1:DF_DCSS_ISTR_LAV_PEN_2_TV_3(1.0),A,087031,RESPOP_AV,F,Y_GE15,TOTAL,ALL,24,ALL,ALL,2024,485.70846733279785,,,,,,,,ALL_N1,,,,,,,
IT1:DF_DCSS_ISTR_LAV_PEN_2_TV_3(1.0),A,087031,RESPOP_AV,F,Y_GE15,TOTAL,ALL,4,ALL,ALL,2018,905,,,,,,,,ALL_N1,,,,,,,
IT1:DF_DCSS_ISTR_LAV_PEN_2_TV_3(1.0),A,087031,RESPOP_AV,F,Y_GE15,TOTAL,ALL,4,ALL,ALL,2019,904,,,,,,,,ALL_N1,,,,,,,
IT1:DF_DCSS_ISTR_LAV_PEN_2_TV_3(1.0),A,087031,RESPOP_AV,F,Y_GE15,TOTAL,ALL,4,ALL,ALL,2021,942.988341566101,,,,,,,,ALL_N1,,,,,,,
IT1:DF_DCSS_ISTR_LAV_PEN_2_TV_3(1.0),A,087031,RESPOP_AV,F,Y_GE15,TOTAL,ALL,4,ALL,ALL,2022,929.993945247264,,,,,,,,ALL_N1,,,,,,,
IT1:DF_DCSS_ISTR_LAV_PEN_2_TV_3(1.0),A,087031,RESPOP_AV,F,Y_GE15,TOTAL,ALL,4,ALL,ALL,2023,914.2918222825099,,,,,,,,ALL_N1,,,,,,,
IT1:DF_DCSS_ISTR_LAV_PEN_2_TV_3(1.0),A,087031,RESPOP_AV,F,Y_GE15,TOTAL,ALL,4,ALL,ALL,2024,931.2067622403702,,,,,,,,ALL_N1,,,,,,,
IT1:DF_DCSS_ISTR_LAV_PEN_2_TV_3(1.0),A,087031,RESPOP_AV,F,Y_GE15,TOTAL,ALL,5,ALL,ALL,2018,299,,,,,,,,ALL_N1,,,,,,,
IT1:DF_DCSS_ISTR_LAV_PEN_2_TV_3(1.0),A,087031,RESPOP_AV,F,Y_GE15,TOTAL,ALL,5,ALL,ALL,2019,323,,,,,,,,ALL_N1,,,,,,,
IT1:DF_DCSS_ISTR_LAV_PEN_2_TV_3(1.0),A,087031,RESPOP_AV,F,Y_GE15,TOTAL,ALL,5,ALL,ALL,2021,307.246305113925,,,,,,,,ALL_N1,,,,,,,
IT1:DF_DCSS_ISTR_LAV_PEN_2_TV_3(1.0),A,087031,RESPOP_AV,F,Y_GE15,TOTAL,ALL,5,ALL,ALL,2022,303.642188665225,,,,,,,,ALL_N1,,,,,,,
IT1:DF_DCSS_ISTR_LAV_PEN_2_TV_3(1.0),A,087031,RESPOP_AV,F,Y_GE15,TOTAL,ALL,5,ALL,ALL,2023,309.3437684681732,,,,,,,,ALL_N1,,,,,,,
IT1:DF_DCSS_ISTR_LAV_PEN_2_TV_3(1.0),A,087031,RESPOP_AV,F,Y_GE15,TOTAL,ALL,5,ALL,ALL,2024,291.56790143914384,,,,,,,,ALL_N1,,,,,,,
IT1:DF_DCSS_ISTR_LAV_PEN_2_TV_3(1.0),A,087031,RESPOP_AV,F,Y_GE15,TOTAL,ALL,7,ALL,ALL,2018,227,,,,,,,,ALL_N1,,,,,,,
IT1:DF_DCSS_ISTR_LAV_PEN_2_TV_3(1.0),A,087031,RESPOP_AV,F,Y_GE15,TOTAL,ALL,7,ALL,ALL,2019,189,,,,,,,,ALL_N1,,,,,,,
IT1:DF_DCSS_ISTR_LAV_PEN_2_TV_3(1.0),A,087031,RESPOP_AV,F,Y_GE15,TOTAL,ALL,7,ALL,ALL,2021,265.165017780918,,,,,,,,ALL_N1,,,,,,,
IT1:DF_DCSS_ISTR_LAV_PEN_2_TV_3(1.0),A,087031,RESPOP_AV,F,Y_GE15,TOTAL,ALL,7,ALL,ALL,2022,229.258792299132,,,,,,,,ALL_N1,,,,,,,
IT1:DF_DCSS_ISTR_LAV_PEN_2_TV_3(1.0),A,087031,RESPOP_AV,F,Y_GE15,TOTAL,ALL,7,ALL,ALL,2023,204.4165531494635,,,,,,,,ALL_N1,,,,,,,
IT1:DF_DCSS_ISTR_LAV_PEN_2_TV_3(1.0),A,087031,RESPOP_AV,F,Y_GE15,TOTAL,ALL,7,ALL,ALL,2024,202.07723891321547,,,,,,,,ALL_N1,,,,,,,
IT1:DF_DCSS_ISTR_LAV_PEN_2_TV_3(1.0),A,087031,RESPOP_AV,F,Y_GE15,TOTAL,ALL,99,ALL,ALL,2018,3215,,,,,,,,ALL_N1,99_N1,,,,,,
IT1:DF_DCSS_ISTR_LAV_PEN_2_TV_3(1.0),A,087031,RESPOP_AV,F,Y_GE15,TOTAL,ALL,99,ALL,ALL,2019,3227,,,,,,,,ALL_N1,99_N1,,,,,,
IT1:DF_DCSS_ISTR_LAV_PEN_2_TV_3(1.0),A,087031,RESPOP_AV,F,Y_GE15,TOTAL,ALL,99,ALL,ALL,2021,3295,,,,,,,,ALL_N1,99_N1,,,,,,
IT1:DF_DCSS_ISTR_LAV_PEN_2_TV_3(1.0),A,087031,RESPOP_AV,F,Y_GE15,TOTAL,ALL,99,ALL,ALL,2022,3312,,,,,,,,ALL_N1,99_N1,,,,,,
IT1:DF_DCSS_ISTR_LAV_PEN_2_TV_3(1.0),A,087031,RESPOP_AV,F,Y_GE15,TOTAL,ALL,99,ALL,ALL,2023,3307,,,,,,,,ALL_N1,99_N1,,,,,,
IT1:DF_DCSS_ISTR_LAV_PEN_2_TV_3(1.0),A,087031,RESPOP_AV,F,Y_GE15,TOTAL,ALL,99,ALL,ALL,2024,3355,,,,,,,,ALL_N1,99_N1,,,,,,
IT1:DF_DCSS_ISTR_LAV_PEN_2_TV_3(1.0),A,087031,RESPOP_AV,M,Y_GE15,TOTAL,ALL,1,ALL,ALL,2018,1524,,,,,,,,ALL_N1,,,,,,,
IT1:DF_DCSS_ISTR_LAV_PEN_2_TV_3(1.0),A,087031,RESPOP_AV,M,Y_GE15,TOTAL,ALL,1,ALL,ALL,2019,1576,,,,,,,,ALL_N1,,,,,,,
IT1:DF_DCSS_ISTR_LAV_PEN_2_TV_3(1.0),A,087031,RESPOP_AV,M,Y_GE15,TOTAL,ALL,1,ALL,ALL,2021,1638,,,,,,,,ALL_N1,,,,,,,
IT1:DF_DCSS_ISTR_LAV_PEN_2_TV_3(1.0),A,087031,RESPOP_AV,M,Y_GE15,TOTAL,ALL,1,ALL,ALL,2022,1645,,,,,,,,ALL_N1,,,,,,,
IT1:DF_DCSS_ISTR_LAV_PEN_2_TV_3(1.0),A,087031,RESPOP_AV,M,Y_GE15,TOTAL,ALL,1,ALL,ALL,2023,1705,,,,,,,,ALL_N1,,,,,,,
IT1:DF_DCSS_ISTR_LAV_PEN_2_TV_3(1.0),A,087031,RESPOP_AV,M,Y_GE15,TOTAL,ALL,1,ALL,ALL,2024,1782,,,,,,,,ALL_N1,,,,,,,
IT1:DF_DCSS_ISTR_LAV_PEN_2_TV_3(1.0),A,087031,RESPOP_AV,M,Y_GE15,TOTAL,ALL,12,ALL,ALL,2018,425,,,,,,,,ALL_N1,,,,,,,
IT1:DF_DCSS_ISTR_LAV_PEN_2_TV_3(1.0),A,087031,RESPOP_AV,M,Y_GE15,TOTAL,ALL,12,ALL,ALL,2019,393,,,,,,,,ALL_N1,,,,,,,
IT1:DF_DCSS_ISTR_LAV_PEN_2_TV_3(1.0),A,087031,RESPOP_AV,M,Y_GE15,TOTAL,ALL,12,ALL,ALL,2021,280.397074195424,,,,,,,,ALL_N1,,,,,,,
IT1:DF_DCSS_ISTR_LAV_PEN_2_TV_3(1.0),A,087031,RESPOP_AV,M,Y_GE15,TOTAL,ALL,12,ALL,ALL,2022,351.636221713734,,,,,,,,ALL_N1,,,,,,,
IT1:DF_DCSS_ISTR_LAV_PEN_2_TV_3(1.0),A,087031,RESPOP_AV,M,Y_GE15,TOTAL,ALL,12,ALL,ALL,2023,257.7671354313627,,,,,,,,ALL_N1,,,,,,,
IT1:DF_DCSS_ISTR_LAV_PEN_2_TV_3(1.0),A,087031,RESPOP_AV,M,Y_GE15,TOTAL,ALL,12,ALL,ALL,2024,239.38076455199473,,,,,,,,ALL_N1,,,,,,,
IT1:DF_DCSS_ISTR_LAV_PEN_2_TV_3(1.0),A,087031,RESPOP_AV,M,Y_GE15,TOTAL,ALL,22,ALL,ALL,2018,1949,,,,,,,,ALL_N1,,,,,,,
IT1:DF_DCSS_ISTR_LAV_PEN_2_TV_3(1.0),A,087031,RESPOP_AV,M,Y_GE15,TOTAL,ALL,22,ALL,ALL,2019,1969,,,,,,,,ALL_N1,,,,,,,
IT1:DF_DCSS_ISTR_LAV_PEN_2_TV_3(1.0),A,087031,RESPOP_AV,M,Y_GE15,TOTAL,ALL,22,ALL,ALL,2021,1918.39707419542,,,,,,,,ALL_N1,,,,,,,
IT1:DF_DCSS_ISTR_LAV_PEN_2_TV_3(1.0),A,087031,RESPOP_AV,M,Y_GE15,TOTAL,ALL,22,ALL,ALL,2022,1996.63622171373,,,,,,,,ALL_N1,,,,,,,
IT1:DF_DCSS_ISTR_LAV_PEN_2_TV_3(1.0),A,087031,RESPOP_AV,M,Y_GE15,TOTAL,ALL,22,ALL,ALL,2023,1962.7671354313627,,,,,,,,ALL_N1,,,,,,,
IT1:DF_DCSS_ISTR_LAV_PEN_2_TV_3(1.0),A,087031,RESPOP_AV,M,Y_GE15,TOTAL,ALL,22,ALL,ALL,2024,2021.3807645519948,,,,,,,,ALL_N1,,,,,,,
IT1:DF_DCSS_ISTR_LAV_PEN_2_TV_3(1.0),A,087031,RESPOP_AV,M,Y_GE15,TOTAL,ALL,23,ALL,ALL,2018,1139,,,,,,,,ALL_N1,,,,,,,
IT1:DF_DCSS_ISTR_LAV_PEN_2_TV_3(1.0),A,087031,RESPOP_AV,M,Y_GE15,TOTAL,ALL,23,ALL,ALL,2019,1166,,,,,,,,ALL_N1,,,,,,,
IT1:DF_DCSS_ISTR_LAV_PEN_2_TV_3(1.0),A,087031,RESPOP_AV,M,Y_GE15,TOTAL,ALL,23,ALL,ALL,2021,1342.60292580458,,,,,,,,ALL_N1,,,,,,,
IT1:DF_DCSS_ISTR_LAV_PEN_2_TV_3(1.0),A,087031,RESPOP_AV,M,Y_GE15,TOTAL,ALL,23,ALL,ALL,2022,1276.36377828627,,,,,,,,ALL_N1,,,,,,,
IT1:DF_DCSS_ISTR_LAV_PEN_2_TV_3(1.0),A,087031,RESPOP_AV,M,Y_GE15,TOTAL,ALL,23,ALL,ALL,2023,1302.2328645686373,,,,,,,,ALL_N1,,,,,,,
IT1:DF_DCSS_ISTR_LAV_PEN_2_TV_3(1.0),A,087031,RESPOP_AV,M,Y_GE15,TOTAL,ALL,23,ALL,ALL,2024,1294.6192354480052,,,,,,,,ALL_N1,,,,,,,
IT1:DF_DCSS_ISTR_LAV_PEN_2_TV_3(1.0),A,087031,RESPOP_AV,M,Y_GE15,TOTAL,ALL,24,ALL,ALL,2018,556,,,,,,,,ALL_N1,,,,,,,
IT1:DF_DCSS_ISTR_LAV_PEN_2_TV_3(1.0),A,087031,RESPOP_AV,M,Y_GE15,TOTAL,ALL,24,ALL,ALL,2019,594,,,,,,,,ALL_N1,,,,,,,
IT1:DF_DCSS_ISTR_LAV_PEN_2_TV_3(1.0),A,087031,RESPOP_AV,M,Y_GE15,TOTAL,ALL,24,ALL,ALL,2021,614.66480374729,,,,,,,,ALL_N1,,,,,,,
IT1:DF_DCSS_ISTR_LAV_PEN_2_TV_3(1.0),A,087031,RESPOP_AV,M,Y_GE15,TOTAL,ALL,24,ALL,ALL,2022,626.574196555396,,,,,,,,ALL_N1,,,,,,,
IT1:DF_DCSS_ISTR_LAV_PEN_2_TV_3(1.0),A,087031,RESPOP_AV,M,Y_GE15,TOTAL,ALL,24,ALL,ALL,2023,657.6746347303904,,,,,,,,ALL_N1,,,,,,,
IT1:DF_DCSS_ISTR_LAV_PEN_2_TV_3(1.0),A,087031,RESPOP_AV,M,Y_GE15,TOTAL,ALL,24,ALL,ALL,2024,681.4130518286526,,,,,,,,ALL_N1,,,,,,,
IT1:DF_DCSS_ISTR_LAV_PEN_2_TV_3(1.0),A,087031,RESPOP_AV,M,Y_GE15,TOTAL,ALL,4,ALL,ALL,2018,40,,,,,,,,ALL_N1,,,,,,,
IT1:DF_DCSS_ISTR_LAV_PEN_2_TV_3(1.0),A,087031,RESPOP_AV,M,Y_GE15,TOTAL,ALL,4,ALL,ALL,2019,38,,,,,,,,ALL_N1,,,,,,,
IT1:DF_DCSS_ISTR_LAV_PEN_2_TV_3(1.0),A,087031,RESPOP_AV,M,Y_GE15,TOTAL,ALL,4,ALL,ALL,2021,65.5016759003138,,,,,,,,ALL_N1,,,,,,,
IT1:DF_DCSS_ISTR_LAV_PEN_2_TV_3(1.0),A,087031,RESPOP_AV,M,Y_GE15,TOTAL,ALL,4,ALL,ALL,2022,63.4563549037971,,,,,,,,ALL_N1,,,,,,,
IT1:DF_DCSS_ISTR_LAV_PEN_2_TV_3(1.0),A,087031,RESPOP_AV,M,Y_GE15,TOTAL,ALL,4,ALL,ALL,2023,74.19925692238023,,,,,,,,ALL_N1,,,,,,,
IT1:DF_DCSS_ISTR_LAV_PEN_2_TV_3(1.0),A,087031,RESPOP_AV,M,Y_GE15,TOTAL,ALL,4,ALL,ALL,2024,63.0639053330527,,,,,,,,ALL_N1,,,,,,,
IT1:DF_DCSS_ISTR_LAV_PEN_2_TV_3(1.0),A,087031,RESPOP_AV,M,Y_GE15,TOTAL,ALL,5,ALL,ALL,2018,243,,,,,,,,ALL_N1,,,,,,,
IT1:DF_DCSS_ISTR_LAV_PEN_2_TV_3(1.0),A,087031,RESPOP_AV,M,Y_GE15,TOTAL,ALL,5,ALL,ALL,2019,265,,,,,,,,ALL_N1,,,,,,,
IT1:DF_DCSS_ISTR_LAV_PEN_2_TV_3(1.0),A,087031,RESPOP_AV,M,Y_GE15,TOTAL,ALL,5,ALL,ALL,2021,278.596359718181,,,,,,,,ALL_N1,,,,,,,
IT1:DF_DCSS_ISTR_LAV_PEN_2_TV_3(1.0),A,087031,RESPOP_AV,M,Y_GE15,TOTAL,ALL,5,ALL,ALL,2022,286.235686324351,,,,,,,,ALL_N1,,,,,,,
IT1:DF_DCSS_ISTR_LAV_PEN_2_TV_3(1.0),A,087031,RESPOP_AV,M,Y_GE15,TOTAL,ALL,5,ALL,ALL,2023,296.0542721983847,,,,,,,,ALL_N1,,,,,,,
IT1:DF_DCSS_ISTR_LAV_PEN_2_TV_3(1.0),A,087031,RESPOP_AV,M,Y_GE15,TOTAL,ALL,5,ALL,ALL,2024,291.91651474081556,,,,,,,,ALL_N1,,,,,,,
IT1:DF_DCSS_ISTR_LAV_PEN_2_TV_3(1.0),A,087031,RESPOP_AV,M,Y_GE15,TOTAL,ALL,7,ALL,ALL,2018,300,,,,,,,,ALL_N1,,,,,,,
IT1:DF_DCSS_ISTR_LAV_PEN_2_TV_3(1.0),A,087031,RESPOP_AV,M,Y_GE15,TOTAL,ALL,7,ALL,ALL,2019,269,,,,,,,,ALL_N1,,,,,,,
IT1:DF_DCSS_ISTR_LAV_PEN_2_TV_3(1.0),A,087031,RESPOP_AV,M,Y_GE15,TOTAL,ALL,7,ALL,ALL,2021,383.840086438791,,,,,,,,ALL_N1,,,,,,,
IT1:DF_DCSS_ISTR_LAV_PEN_2_TV_3(1.0),A,087031,RESPOP_AV,M,Y_GE15,TOTAL,ALL,7,ALL,ALL,2022,300.097540502722,,,,,,,,ALL_N1,,,,,,,
IT1:DF_DCSS_ISTR_LAV_PEN_2_TV_3(1.0),A,087031,RESPOP_AV,M,Y_GE15,TOTAL,ALL,7,ALL,ALL,2023,274.304700717482,,,,,,,,ALL_N1,,,,,,,
IT1:DF_DCSS_ISTR_LAV_PEN_2_TV_3(1.0),A,087031,RESPOP_AV,M,Y_GE15,TOTAL,ALL,7,ALL,ALL,2024,258.2257635454843,,,,,,,,ALL_N1,,,,,,,
IT1:DF_DCSS_ISTR_LAV_PEN_2_TV_3(1.0),A,087031,RESPOP_AV,M,Y_GE15,TOTAL,ALL,99,ALL,ALL,2018,3087,,,,,,,,ALL_N1,99_N1,,,,,,
IT1:DF_DCSS_ISTR_LAV_PEN_2_TV_3(1.0),A,087031,RESPOP_AV,M,Y_GE15,TOTAL,ALL,99,ALL,ALL,2019,3134,,,,,,,,ALL_N1,99_N1,,,,,,
IT1:DF_DCSS_ISTR_LAV_PEN_2_TV_3(1.0),A,087031,RESPOP_AV,M,Y_GE15,TOTAL,ALL,99,ALL,ALL,2021,3261,,,,,,,,ALL_N1,99_N1,,,,,,
IT1:DF_DCSS_ISTR_LAV_PEN_2_TV_3(1.0),A,087031,RESPOP_AV,M,Y_GE15,TOTAL,ALL,99,ALL,ALL,2022,3273,,,,,,,,ALL_N1,99_N1,,,,,,
IT1:DF_DCSS_ISTR_LAV_PEN_2_TV_3(1.0),A,087031,RESPOP_AV,M,Y_GE15,TOTAL,ALL,99,ALL,ALL,2023,3265,,,,,,,,ALL_N1,99_N1,,,,,,
IT1:DF_DCSS_ISTR_LAV_PEN_2_TV_3(1.0),A,087031,RESPOP_AV,M,Y_GE15,TOTAL,ALL,99,ALL,ALL,2024,3316,,,,,,,,ALL_N1,99_N1,,,,,,
IT1:DF_DCSS_ISTR_LAV_PEN_2_TV_3(1.0),A,087031,RESPOP_AV,T,Y_GE15,TOTAL,ALL,1,ALL,ALL,2018,2504,,,,,,,,ALL_N1,,,,,,,
IT1:DF_DCSS_ISTR_LAV_PEN_2_TV_3(1.0),A,087031,RESPOP_AV,T,Y_GE15,TOTAL,ALL,1,ALL,ALL,2019,2593,,,,,,,,ALL_N1,,,,,,,
IT1:DF_DCSS_ISTR_LAV_PEN_2_TV_3(1.0),A,087031,RESPOP_AV,T,Y_GE15,TOTAL,ALL,1,ALL,ALL,2021,2722,,,,,,,,ALL_N1,,,,,,,
IT1:DF_DCSS_ISTR_LAV_PEN_2_TV_3(1.0),A,087031,RESPOP_AV,T,Y_GE15,TOTAL,ALL,1,ALL,ALL,2022,2761,,,,,,,,ALL_N1,,,,,,,
IT1:DF_DCSS_ISTR_LAV_PEN_2_TV_3(1.0),A,087031,RESPOP_AV,T,Y_GE15,TOTAL,ALL,1,ALL,ALL,2023,2885,,,,,,,,ALL_N1,,,,,,,
IT1:DF_DCSS_ISTR_LAV_PEN_2_TV_3(1.0),A,087031,RESPOP_AV,T,Y_GE15,TOTAL,ALL,1,ALL,ALL,2024,3008,,,,,,,,ALL_N1,,,,,,,
IT1:DF_DCSS_ISTR_LAV_PEN_2_TV_3(1.0),A,087031,RESPOP_AV,T,Y_GE15,TOTAL,ALL,12,ALL,ALL,2018,789,,,,,,,,ALL_N1,,,,,,,
IT1:DF_DCSS_ISTR_LAV_PEN_2_TV_3(1.0),A,087031,RESPOP_AV,T,Y_GE15,TOTAL,ALL,12,ALL,ALL,2019,719,,,,,,,,ALL_N1,,,,,,,
IT1:DF_DCSS_ISTR_LAV_PEN_2_TV_3(1.0),A,087031,RESPOP_AV,T,Y_GE15,TOTAL,ALL,12,ALL,ALL,2021,506.632924351457,,,,,,,,ALL_N1,,,,,,,
IT1:DF_DCSS_ISTR_LAV_PEN_2_TV_3(1.0),A,087031,RESPOP_AV,T,Y_GE15,TOTAL,ALL,12,ALL,ALL,2022,641.722963701072,,,,,,,,ALL_N1,,,,,,,
IT1:DF_DCSS_ISTR_LAV_PEN_2_TV_3(1.0),A,087031,RESPOP_AV,T,Y_GE15,TOTAL,ALL,12,ALL,ALL,2023,475.8801004721627,,,,,,,,ALL_N1,,,,,,,
IT1:DF_DCSS_ISTR_LAV_PEN_2_TV_3(1.0),A,087031,RESPOP_AV,T,Y_GE15,TOTAL,ALL,12,ALL,ALL,2024,457.82039462646753,,,,,,,,ALL_N1,,,,,,,
IT1:DF_DCSS_ISTR_LAV_PEN_2_TV_3(1.0),A,087031,RESPOP_AV,T,Y_GE15,TOTAL,ALL,22,ALL,ALL,2018,3293,,,,,,,,ALL_N1,,,,,,,
IT1:DF_DCSS_ISTR_LAV_PEN_2_TV_3(1.0),A,087031,RESPOP_AV,T,Y_GE15,TOTAL,ALL,22,ALL,ALL,2019,3312,,,,,,,,ALL_N1,,,,,,,
IT1:DF_DCSS_ISTR_LAV_PEN_2_TV_3(1.0),A,087031,RESPOP_AV,T,Y_GE15,TOTAL,ALL,22,ALL,ALL,2021,3228.63292435146,,,,,,,,ALL_N1,,,,,,,
IT1:DF_DCSS_ISTR_LAV_PEN_2_TV_3(1.0),A,087031,RESPOP_AV,T,Y_GE15,TOTAL,ALL,22,ALL,ALL,2022,3402.72296370107,,,,,,,,ALL_N1,,,,,,,
IT1:DF_DCSS_ISTR_LAV_PEN_2_TV_3(1.0),A,087031,RESPOP_AV,T,Y_GE15,TOTAL,ALL,22,ALL,ALL,2023,3360.8801004721627,,,,,,,,ALL_N1,,,,,,,
IT1:DF_DCSS_ISTR_LAV_PEN_2_TV_3(1.0),A,087031,RESPOP_AV,T,Y_GE15,TOTAL,ALL,22,ALL,ALL,2024,3465.8203946264675,,,,,,,,ALL_N1,,,,,,,
IT1:DF_DCSS_ISTR_LAV_PEN_2_TV_3(1.0),A,087031,RESPOP_AV,T,Y_GE15,TOTAL,ALL,23,ALL,ALL,2018,3010,,,,,,,,ALL_N1,,,,,,,
IT1:DF_DCSS_ISTR_LAV_PEN_2_TV_3(1.0),A,087031,RESPOP_AV,T,Y_GE15,TOTAL,ALL,23,ALL,ALL,2019,3050,,,,,,,,ALL_N1,,,,,,,
IT1:DF_DCSS_ISTR_LAV_PEN_2_TV_3(1.0),A,087031,RESPOP_AV,T,Y_GE15,TOTAL,ALL,23,ALL,ALL,2021,3327.36707564854,,,,,,,,ALL_N1,,,,,,,
IT1:DF_DCSS_ISTR_LAV_PEN_2_TV_3(1.0),A,087031,RESPOP_AV,T,Y_GE15,TOTAL,ALL,23,ALL,ALL,2022,3182.27703629893,,,,,,,,ALL_N1,,,,,,,
IT1:DF_DCSS_ISTR_LAV_PEN_2_TV_3(1.0),A,087031,RESPOP_AV,T,Y_GE15,TOTAL,ALL,23,ALL,ALL,2023,3211.1198995278373,,,,,,,,ALL_N1,,,,,,,
IT1:DF_DCSS_ISTR_LAV_PEN_2_TV_3(1.0),A,087031,RESPOP_AV,T,Y_GE15,TOTAL,ALL,23,ALL,ALL,2024,3205.1796053735325,,,,,,,,ALL_N1,,,,,,,
IT1:DF_DCSS_ISTR_LAV_PEN_2_TV_3(1.0),A,087031,RESPOP_AV,T,Y_GE15,TOTAL,ALL,24,ALL,ALL,2018,996,,,,,,,,ALL_N1,,,,,,,
IT1:DF_DCSS_ISTR_LAV_PEN_2_TV_3(1.0),A,087031,RESPOP_AV,T,Y_GE15,TOTAL,ALL,24,ALL,ALL,2019,1062,,,,,,,,ALL_N1,,,,,,,
IT1:DF_DCSS_ISTR_LAV_PEN_2_TV_3(1.0),A,087031,RESPOP_AV,T,Y_GE15,TOTAL,ALL,24,ALL,ALL,2021,1084.02928913031,,,,,,,,ALL_N1,,,,,,,
IT1:DF_DCSS_ISTR_LAV_PEN_2_TV_3(1.0),A,087031,RESPOP_AV,T,Y_GE15,TOTAL,ALL,24,ALL,ALL,2022,1069.59252835644,,,,,,,,ALL_N1,,,,,,,
IT1:DF_DCSS_ISTR_LAV_PEN_2_TV_3(1.0),A,087031,RESPOP_AV,T,Y_GE15,TOTAL,ALL,24,ALL,ALL,2023,1138.5095257894438,,,,,,,,ALL_N1,,,,,,,
IT1:DF_DCSS_ISTR_LAV_PEN_2_TV_3(1.0),A,087031,RESPOP_AV,T,Y_GE15,TOTAL,ALL,24,ALL,ALL,2024,1167.1215191614504,,,,,,,,ALL_N1,,,,,,,
IT1:DF_DCSS_ISTR_LAV_PEN_2_TV_3(1.0),A,087031,RESPOP_AV,T,Y_GE15,TOTAL,ALL,4,ALL,ALL,2018,945,,,,,,,,ALL_N1,,,,,,,
IT1:DF_DCSS_ISTR_LAV_PEN_2_TV_3(1.0),A,087031,RESPOP_AV,T,Y_GE15,TOTAL,ALL,4,ALL,ALL,2019,942,,,,,,,,ALL_N1,,,,,,,
IT1:DF_DCSS_ISTR_LAV_PEN_2_TV_3(1.0),A,087031,RESPOP_AV,T,Y_GE15,TOTAL,ALL,4,ALL,ALL,2021,1008.49001746641,,,,,,,,ALL_N1,,,,,,,
IT1:DF_DCSS_ISTR_LAV_PEN_2_TV_3(1.0),A,087031,RESPOP_AV,T,Y_GE15,TOTAL,ALL,4,ALL,ALL,2022,993.450300151061,,,,,,,,ALL_N1,,,,,,,
IT1:DF_DCSS_ISTR_LAV_PEN_2_TV_3(1.0),A,087031,RESPOP_AV,T,Y_GE15,TOTAL,ALL,4,ALL,ALL,2023,988.4910792048901,,,,,,,,ALL_N1,,,,,,,
IT1:DF_DCSS_ISTR_LAV_PEN_2_TV_3(1.0),A,087031,RESPOP_AV,T,Y_GE15,TOTAL,ALL,4,ALL,ALL,2024,994.2706675734229,,,,,,,,ALL_N1,,,,,,,
IT1:DF_DCSS_ISTR_LAV_PEN_2_TV_3(1.0),A,087031,RESPOP_AV,T,Y_GE15,TOTAL,ALL,5,ALL,ALL,2018,542,,,,,,,,ALL_N1,,,,,,,
IT1:DF_DCSS_ISTR_LAV_PEN_2_TV_3(1.0),A,087031,RESPOP_AV,T,Y_GE15,TOTAL,ALL,5,ALL,ALL,2019,588,,,,,,,,ALL_N1,,,,,,,
IT1:DF_DCSS_ISTR_LAV_PEN_2_TV_3(1.0),A,087031,RESPOP_AV,T,Y_GE15,TOTAL,ALL,5,ALL,ALL,2021,585.842664832106,,,,,,,,ALL_N1,,,,,,,
IT1:DF_DCSS_ISTR_LAV_PEN_2_TV_3(1.0),A,087031,RESPOP_AV,T,Y_GE15,TOTAL,ALL,5,ALL,ALL,2022,589.877874989576,,,,,,,,ALL_N1,,,,,,,
IT1:DF_DCSS_ISTR_LAV_PEN_2_TV_3(1.0),A,087031,RESPOP_AV,T,Y_GE15,TOTAL,ALL,5,ALL,ALL,2023,605.3980406665579,,,,,,,,ALL_N1,,,,,,,
IT1:DF_DCSS_ISTR_LAV_PEN_2_TV_3(1.0),A,087031,RESPOP_AV,T,Y_GE15,TOTAL,ALL,5,ALL,ALL,2024,583.4844161799593,,,,,,,,ALL_N1,,,,,,,
IT1:DF_DCSS_ISTR_LAV_PEN_2_TV_3(1.0),A,087031,RESPOP_AV,T,Y_GE15,TOTAL,ALL,7,ALL,ALL,2018,527,,,,,,,,ALL_N1,,,,,,,
IT1:DF_DCSS_ISTR_LAV_PEN_2_TV_3(1.0),A,087031,RESPOP_AV,T,Y_GE15,TOTAL,ALL,7,ALL,ALL,2019,458,,,,,,,,ALL_N1,,,,,,,
IT1:DF_DCSS_ISTR_LAV_PEN_2_TV_3(1.0),A,087031,RESPOP_AV,T,Y_GE15,TOTAL,ALL,7,ALL,ALL,2021,649.00510421971,,,,,,,,ALL_N1,,,,,,,
IT1:DF_DCSS_ISTR_LAV_PEN_2_TV_3(1.0),A,087031,RESPOP_AV,T,Y_GE15,TOTAL,ALL,7,ALL,ALL,2022,529.356332801854,,,,,,,,ALL_N1,,,,,,,
IT1:DF_DCSS_ISTR_LAV_PEN_2_TV_3(1.0),A,087031,RESPOP_AV,T,Y_GE15,TOTAL,ALL,7,ALL,ALL,2023,478.7212538669455,,,,,,,,ALL_N1,,,,,,,
IT1:DF_DCSS_ISTR_LAV_PEN_2_TV_3(1.0),A,087031,RESPOP_AV,T,Y_GE15,TOTAL,ALL,7,ALL,ALL,2024,460.3030024586998,,,,,,,,ALL_N1,,,,,,,
IT1:DF_DCSS_ISTR_LAV_PEN_2_TV_3(1.0),A,087031,RESPOP_AV,T,Y_GE15,TOTAL,ALL,99,ALL,ALL,2018,6302,,,,,,,,ALL_N1,99_N1,,,,,,
IT1:DF_DCSS_ISTR_LAV_PEN_2_TV_3(1.0),A,087031,RESPOP_AV,T,Y_GE15,TOTAL,ALL,99,ALL,ALL,2019,6361,,,,,,,,ALL_N1,99_N1,,,,,,
IT1:DF_DCSS_ISTR_LAV_PEN_2_TV_3(1.0),A,087031,RESPOP_AV,T,Y_GE15,TOTAL,ALL,99,ALL,ALL,2021,6556,,,,,,,,ALL_N1,99_N1,,,,,,
IT1:DF_DCSS_ISTR_LAV_PEN_2_TV_3(1.0),A,087031,RESPOP_AV,T,Y_GE15,TOTAL,ALL,99,ALL,ALL,2022,6585,,,,,,,,ALL_N1,99_N1,,,,,,
IT1:DF_DCSS_ISTR_LAV_PEN_2_TV_3(1.0),A,087031,RESPOP_AV,T,Y_GE15,TOTAL,ALL,99,ALL,ALL,2023,6572,,,,,,,,ALL_N1,99_N1,,,,,,
IT1:DF_DCSS_ISTR_LAV_PEN_2_TV_3(1.0),A,087031,RESPOP_AV,T,Y_GE15,TOTAL,ALL,99,ALL,ALL,2024,6671,,,,,,,,ALL_N1,99_N1,,,,,,
