DATAFLOW,FREQ,REF_AREA,INDICATOR,GENDER,AGE_NOCLASS,CITIZENSHIP,EDU_ATTAIN,CUR_ACT_STAT,LOC_DEST,REAS_COMMUTING,TIME_PERIOD,OBS_VALUE,OBS_STATUS,NOTE_DS,NOTE_REF_AREA,NOTE_INDICATOR,NOTE_GENDER,NOTE_AGE_NOCLASS,NOTE_CITIZENSHIP,NOTE_EDU_ATTAIN,NOTE_CUR_ACT_STAT,NOTE_LOC_DEST,NOTE_REAS_COMMUTING,NOTE_TIME_PERIOD,BASE_PER,UNIT_MEAS,UNIT_MULT
IT1:DF_DCSS_ISTR_LAV_PEN_2_TV_3(1.0),A,082010,RESPOP_AV,F,Y_GE15,TOTAL,ALL,1,ALL,ALL,2018,446,,,,,,,,ALL_N1,,,,,,,
IT1:DF_DCSS_ISTR_LAV_PEN_2_TV_3(1.0),A,082010,RESPOP_AV,F,Y_GE15,TOTAL,ALL,1,ALL,ALL,2019,468,,,,,,,,ALL_N1,,,,,,,
IT1:DF_DCSS_ISTR_LAV_PEN_2_TV_3(1.0),A,082010,RESPOP_AV,F,Y_GE15,TOTAL,ALL,1,ALL,ALL,2021,468,,,,,,,,ALL_N1,,,,,,,
IT1:DF_DCSS_ISTR_LAV_PEN_2_TV_3(1.0),A,082010,RESPOP_AV,F,Y_GE15,TOTAL,ALL,1,ALL,ALL,2022,463,,,,,,,,ALL_N1,,,,,,,
IT1:DF_DCSS_ISTR_LAV_PEN_2_TV_3(1.0),A,082010,RESPOP_AV,F,Y_GE15,TOTAL,ALL,1,ALL,ALL,2023,495,,,,,,,,ALL_N1,,,,,,,
IT1:DF_DCSS_ISTR_LAV_PEN_2_TV_3(1.0),A,082010,RESPOP_AV,F,Y_GE15,TOTAL,ALL,1,ALL,ALL,2024,505,,,,,,,,ALL_N1,,,,,,,
IT1:DF_DCSS_ISTR_LAV_PEN_2_TV_3(1.0),A,082010,RESPOP_AV,F,Y_GE15,TOTAL,ALL,12,ALL,ALL,2018,182,,,,,,,,ALL_N1,,,,,,,
IT1:DF_DCSS_ISTR_LAV_PEN_2_TV_3(1.0),A,082010,RESPOP_AV,F,Y_GE15,TOTAL,ALL,12,ALL,ALL,2019,184,,,,,,,,ALL_N1,,,,,,,
IT1:DF_DCSS_ISTR_LAV_PEN_2_TV_3(1.0),A,082010,RESPOP_AV,F,Y_GE15,TOTAL,ALL,12,ALL,ALL,2021,100.134117488624,,,,,,,,ALL_N1,,,,,,,
IT1:DF_DCSS_ISTR_LAV_PEN_2_TV_3(1.0),A,082010,RESPOP_AV,F,Y_GE15,TOTAL,ALL,12,ALL,ALL,2022,102.983266148128,,,,,,,,ALL_N1,,,,,,,
IT1:DF_DCSS_ISTR_LAV_PEN_2_TV_3(1.0),A,082010,RESPOP_AV,F,Y_GE15,TOTAL,ALL,12,ALL,ALL,2023,110.63780953667776,,,,,,,,ALL_N1,,,,,,,
IT1:DF_DCSS_ISTR_LAV_PEN_2_TV_3(1.0),A,082010,RESPOP_AV,F,Y_GE15,TOTAL,ALL,12,ALL,ALL,2024,84.55243717430643,,,,,,,,ALL_N1,,,,,,,
IT1:DF_DCSS_ISTR_LAV_PEN_2_TV_3(1.0),A,082010,RESPOP_AV,F,Y_GE15,TOTAL,ALL,22,ALL,ALL,2018,628,,,,,,,,ALL_N1,,,,,,,
IT1:DF_DCSS_ISTR_LAV_PEN_2_TV_3(1.0),A,082010,RESPOP_AV,F,Y_GE15,TOTAL,ALL,22,ALL,ALL,2019,652,,,,,,,,ALL_N1,,,,,,,
IT1:DF_DCSS_ISTR_LAV_PEN_2_TV_3(1.0),A,082010,RESPOP_AV,F,Y_GE15,TOTAL,ALL,22,ALL,ALL,2021,568.134117488624,,,,,,,,ALL_N1,,,,,,,
IT1:DF_DCSS_ISTR_LAV_PEN_2_TV_3(1.0),A,082010,RESPOP_AV,F,Y_GE15,TOTAL,ALL,22,ALL,ALL,2022,565.983266148128,,,,,,,,ALL_N1,,,,,,,
IT1:DF_DCSS_ISTR_LAV_PEN_2_TV_3(1.0),A,082010,RESPOP_AV,F,Y_GE15,TOTAL,ALL,22,ALL,ALL,2023,605.6378095366778,,,,,,,,ALL_N1,,,,,,,
IT1:DF_DCSS_ISTR_LAV_PEN_2_TV_3(1.0),A,082010,RESPOP_AV,F,Y_GE15,TOTAL,ALL,22,ALL,ALL,2024,589.5524371743064,,,,,,,,ALL_N1,,,,,,,
IT1:DF_DCSS_ISTR_LAV_PEN_2_TV_3(1.0),A,082010,RESPOP_AV,F,Y_GE15,TOTAL,ALL,23,ALL,ALL,2018,1377,,,,,,,,ALL_N1,,,,,,,
IT1:DF_DCSS_ISTR_LAV_PEN_2_TV_3(1.0),A,082010,RESPOP_AV,F,Y_GE15,TOTAL,ALL,23,ALL,ALL,2019,1337,,,,,,,,ALL_N1,,,,,,,
IT1:DF_DCSS_ISTR_LAV_PEN_2_TV_3(1.0),A,082010,RESPOP_AV,F,Y_GE15,TOTAL,ALL,23,ALL,ALL,2021,1359.86588251138,,,,,,,,ALL_N1,,,,,,,
IT1:DF_DCSS_ISTR_LAV_PEN_2_TV_3(1.0),A,082010,RESPOP_AV,F,Y_GE15,TOTAL,ALL,23,ALL,ALL,2022,1335.01673385187,,,,,,,,ALL_N1,,,,,,,
IT1:DF_DCSS_ISTR_LAV_PEN_2_TV_3(1.0),A,082010,RESPOP_AV,F,Y_GE15,TOTAL,ALL,23,ALL,ALL,2023,1252.3621904633223,,,,,,,,ALL_N1,,,,,,,
IT1:DF_DCSS_ISTR_LAV_PEN_2_TV_3(1.0),A,082010,RESPOP_AV,F,Y_GE15,TOTAL,ALL,23,ALL,ALL,2024,1243.4475628256935,,,,,,,,ALL_N1,,,,,,,
IT1:DF_DCSS_ISTR_LAV_PEN_2_TV_3(1.0),A,082010,RESPOP_AV,F,Y_GE15,TOTAL,ALL,24,ALL,ALL,2018,510,,,,,,,,ALL_N1,,,,,,,
IT1:DF_DCSS_ISTR_LAV_PEN_2_TV_3(1.0),A,082010,RESPOP_AV,F,Y_GE15,TOTAL,ALL,24,ALL,ALL,2019,542,,,,,,,,ALL_N1,,,,,,,
IT1:DF_DCSS_ISTR_LAV_PEN_2_TV_3(1.0),A,082010,RESPOP_AV,F,Y_GE15,TOTAL,ALL,24,ALL,ALL,2021,508.941122142066,,,,,,,,ALL_N1,,,,,,,
IT1:DF_DCSS_ISTR_LAV_PEN_2_TV_3(1.0),A,082010,RESPOP_AV,F,Y_GE15,TOTAL,ALL,24,ALL,ALL,2022,475.762420204452,,,,,,,,ALL_N1,,,,,,,
IT1:DF_DCSS_ISTR_LAV_PEN_2_TV_3(1.0),A,082010,RESPOP_AV,F,Y_GE15,TOTAL,ALL,24,ALL,ALL,2023,448.67941363778027,,,,,,,,ALL_N1,,,,,,,
IT1:DF_DCSS_ISTR_LAV_PEN_2_TV_3(1.0),A,082010,RESPOP_AV,F,Y_GE15,TOTAL,ALL,24,ALL,ALL,2024,415.5638965073945,,,,,,,,ALL_N1,,,,,,,
IT1:DF_DCSS_ISTR_LAV_PEN_2_TV_3(1.0),A,082010,RESPOP_AV,F,Y_GE15,TOTAL,ALL,4,ALL,ALL,2018,492,,,,,,,,ALL_N1,,,,,,,
IT1:DF_DCSS_ISTR_LAV_PEN_2_TV_3(1.0),A,082010,RESPOP_AV,F,Y_GE15,TOTAL,ALL,4,ALL,ALL,2019,448,,,,,,,,ALL_N1,,,,,,,
IT1:DF_DCSS_ISTR_LAV_PEN_2_TV_3(1.0),A,082010,RESPOP_AV,F,Y_GE15,TOTAL,ALL,4,ALL,ALL,2021,506.772068551138,,,,,,,,ALL_N1,,,,,,,
IT1:DF_DCSS_ISTR_LAV_PEN_2_TV_3(1.0),A,082010,RESPOP_AV,F,Y_GE15,TOTAL,ALL,4,ALL,ALL,2022,520.855815382231,,,,,,,,ALL_N1,,,,,,,
IT1:DF_DCSS_ISTR_LAV_PEN_2_TV_3(1.0),A,082010,RESPOP_AV,F,Y_GE15,TOTAL,ALL,4,ALL,ALL,2023,487.9148103725954,,,,,,,,ALL_N1,,,,,,,
IT1:DF_DCSS_ISTR_LAV_PEN_2_TV_3(1.0),A,082010,RESPOP_AV,F,Y_GE15,TOTAL,ALL,4,ALL,ALL,2024,496.33836707762424,,,,,,,,ALL_N1,,,,,,,
IT1:DF_DCSS_ISTR_LAV_PEN_2_TV_3(1.0),A,082010,RESPOP_AV,F,Y_GE15,TOTAL,ALL,5,ALL,ALL,2018,153,,,,,,,,ALL_N1,,,,,,,
IT1:DF_DCSS_ISTR_LAV_PEN_2_TV_3(1.0),A,082010,RESPOP_AV,F,Y_GE15,TOTAL,ALL,5,ALL,ALL,2019,168,,,,,,,,ALL_N1,,,,,,,
IT1:DF_DCSS_ISTR_LAV_PEN_2_TV_3(1.0),A,082010,RESPOP_AV,F,Y_GE15,TOTAL,ALL,5,ALL,ALL,2021,173.033222968684,,,,,,,,ALL_N1,,,,,,,
IT1:DF_DCSS_ISTR_LAV_PEN_2_TV_3(1.0),A,082010,RESPOP_AV,F,Y_GE15,TOTAL,ALL,5,ALL,ALL,2022,169.48406809408,,,,,,,,ALL_N1,,,,,,,
IT1:DF_DCSS_ISTR_LAV_PEN_2_TV_3(1.0),A,082010,RESPOP_AV,F,Y_GE15,TOTAL,ALL,5,ALL,ALL,2023,157.3988648597167,,,,,,,,ALL_N1,,,,,,,
IT1:DF_DCSS_ISTR_LAV_PEN_2_TV_3(1.0),A,082010,RESPOP_AV,F,Y_GE15,TOTAL,ALL,5,ALL,ALL,2024,168.75439052334593,,,,,,,,ALL_N1,,,,,,,
IT1:DF_DCSS_ISTR_LAV_PEN_2_TV_3(1.0),A,082010,RESPOP_AV,F,Y_GE15,TOTAL,ALL,7,ALL,ALL,2018,223,,,,,,,,ALL_N1,,,,,,,
IT1:DF_DCSS_ISTR_LAV_PEN_2_TV_3(1.0),A,082010,RESPOP_AV,F,Y_GE15,TOTAL,ALL,7,ALL,ALL,2019,179,,,,,,,,ALL_N1,,,,,,,
IT1:DF_DCSS_ISTR_LAV_PEN_2_TV_3(1.0),A,082010,RESPOP_AV,F,Y_GE15,TOTAL,ALL,7,ALL,ALL,2021,171.119468849489,,,,,,,,ALL_N1,,,,,,,
IT1:DF_DCSS_ISTR_LAV_PEN_2_TV_3(1.0),A,082010,RESPOP_AV,F,Y_GE15,TOTAL,ALL,7,ALL,ALL,2022,168.914430171107,,,,,,,,ALL_N1,,,,,,,
IT1:DF_DCSS_ISTR_LAV_PEN_2_TV_3(1.0),A,082010,RESPOP_AV,F,Y_GE15,TOTAL,ALL,7,ALL,ALL,2023,158.3691015932299,,,,,,,,ALL_N1,,,,,,,
IT1:DF_DCSS_ISTR_LAV_PEN_2_TV_3(1.0),A,082010,RESPOP_AV,F,Y_GE15,TOTAL,ALL,7,ALL,ALL,2024,162.7909087173289,,,,,,,,ALL_N1,,,,,,,
IT1:DF_DCSS_ISTR_LAV_PEN_2_TV_3(1.0),A,082010,RESPOP_AV,F,Y_GE15,TOTAL,ALL,99,ALL,ALL,2018,2005,,,,,,,,ALL_N1,99_N1,,,,,,
IT1:DF_DCSS_ISTR_LAV_PEN_2_TV_3(1.0),A,082010,RESPOP_AV,F,Y_GE15,TOTAL,ALL,99,ALL,ALL,2019,1989,,,,,,,,ALL_N1,99_N1,,,,,,
IT1:DF_DCSS_ISTR_LAV_PEN_2_TV_3(1.0),A,082010,RESPOP_AV,F,Y_GE15,TOTAL,ALL,99,ALL,ALL,2021,1928,,,,,,,,ALL_N1,99_N1,,,,,,
IT1:DF_DCSS_ISTR_LAV_PEN_2_TV_3(1.0),A,082010,RESPOP_AV,F,Y_GE15,TOTAL,ALL,99,ALL,ALL,2022,1901,,,,,,,,ALL_N1,99_N1,,,,,,
IT1:DF_DCSS_ISTR_LAV_PEN_2_TV_3(1.0),A,082010,RESPOP_AV,F,Y_GE15,TOTAL,ALL,99,ALL,ALL,2023,1858,,,,,,,,ALL_N1,99_N1,,,,,,
IT1:DF_DCSS_ISTR_LAV_PEN_2_TV_3(1.0),A,082010,RESPOP_AV,F,Y_GE15,TOTAL,ALL,99,ALL,ALL,2024,1833,,,,,,,,ALL_N1,99_N1,,,,,,
IT1:DF_DCSS_ISTR_LAV_PEN_2_TV_3(1.0),A,082010,RESPOP_AV,M,Y_GE15,TOTAL,ALL,1,ALL,ALL,2018,774,,,,,,,,ALL_N1,,,,,,,
IT1:DF_DCSS_ISTR_LAV_PEN_2_TV_3(1.0),A,082010,RESPOP_AV,M,Y_GE15,TOTAL,ALL,1,ALL,ALL,2019,779,,,,,,,,ALL_N1,,,,,,,
IT1:DF_DCSS_ISTR_LAV_PEN_2_TV_3(1.0),A,082010,RESPOP_AV,M,Y_GE15,TOTAL,ALL,1,ALL,ALL,2021,764,,,,,,,,ALL_N1,,,,,,,
IT1:DF_DCSS_ISTR_LAV_PEN_2_TV_3(1.0),A,082010,RESPOP_AV,M,Y_GE15,TOTAL,ALL,1,ALL,ALL,2022,737,,,,,,,,ALL_N1,,,,,,,
IT1:DF_DCSS_ISTR_LAV_PEN_2_TV_3(1.0),A,082010,RESPOP_AV,M,Y_GE15,TOTAL,ALL,1,ALL,ALL,2023,775,,,,,,,,ALL_N1,,,,,,,
IT1:DF_DCSS_ISTR_LAV_PEN_2_TV_3(1.0),A,082010,RESPOP_AV,M,Y_GE15,TOTAL,ALL,1,ALL,ALL,2024,773,,,,,,,,ALL_N1,,,,,,,
IT1:DF_DCSS_ISTR_LAV_PEN_2_TV_3(1.0),A,082010,RESPOP_AV,M,Y_GE15,TOTAL,ALL,12,ALL,ALL,2018,187,,,,,,,,ALL_N1,,,,,,,
IT1:DF_DCSS_ISTR_LAV_PEN_2_TV_3(1.0),A,082010,RESPOP_AV,M,Y_GE15,TOTAL,ALL,12,ALL,ALL,2019,175,,,,,,,,ALL_N1,,,,,,,
IT1:DF_DCSS_ISTR_LAV_PEN_2_TV_3(1.0),A,082010,RESPOP_AV,M,Y_GE15,TOTAL,ALL,12,ALL,ALL,2021,117.426997668679,,,,,,,,ALL_N1,,,,,,,
IT1:DF_DCSS_ISTR_LAV_PEN_2_TV_3(1.0),A,082010,RESPOP_AV,M,Y_GE15,TOTAL,ALL,12,ALL,ALL,2022,120.114818188852,,,,,,,,ALL_N1,,,,,,,
IT1:DF_DCSS_ISTR_LAV_PEN_2_TV_3(1.0),A,082010,RESPOP_AV,M,Y_GE15,TOTAL,ALL,12,ALL,ALL,2023,125.62022347279749,,,,,,,,ALL_N1,,,,,,,
IT1:DF_DCSS_ISTR_LAV_PEN_2_TV_3(1.0),A,082010,RESPOP_AV,M,Y_GE15,TOTAL,ALL,12,ALL,ALL,2024,107.20973580673355,,,,,,,,ALL_N1,,,,,,,
IT1:DF_DCSS_ISTR_LAV_PEN_2_TV_3(1.0),A,082010,RESPOP_AV,M,Y_GE15,TOTAL,ALL,22,ALL,ALL,2018,961,,,,,,,,ALL_N1,,,,,,,
IT1:DF_DCSS_ISTR_LAV_PEN_2_TV_3(1.0),A,082010,RESPOP_AV,M,Y_GE15,TOTAL,ALL,22,ALL,ALL,2019,954,,,,,,,,ALL_N1,,,,,,,
IT1:DF_DCSS_ISTR_LAV_PEN_2_TV_3(1.0),A,082010,RESPOP_AV,M,Y_GE15,TOTAL,ALL,22,ALL,ALL,2021,881.426997668679,,,,,,,,ALL_N1,,,,,,,
IT1:DF_DCSS_ISTR_LAV_PEN_2_TV_3(1.0),A,082010,RESPOP_AV,M,Y_GE15,TOTAL,ALL,22,ALL,ALL,2022,857.114818188852,,,,,,,,ALL_N1,,,,,,,
IT1:DF_DCSS_ISTR_LAV_PEN_2_TV_3(1.0),A,082010,RESPOP_AV,M,Y_GE15,TOTAL,ALL,22,ALL,ALL,2023,900.6202234727975,,,,,,,,ALL_N1,,,,,,,
IT1:DF_DCSS_ISTR_LAV_PEN_2_TV_3(1.0),A,082010,RESPOP_AV,M,Y_GE15,TOTAL,ALL,22,ALL,ALL,2024,880.2097358067335,,,,,,,,ALL_N1,,,,,,,
IT1:DF_DCSS_ISTR_LAV_PEN_2_TV_3(1.0),A,082010,RESPOP_AV,M,Y_GE15,TOTAL,ALL,23,ALL,ALL,2018,885,,,,,,,,ALL_N1,,,,,,,
IT1:DF_DCSS_ISTR_LAV_PEN_2_TV_3(1.0),A,082010,RESPOP_AV,M,Y_GE15,TOTAL,ALL,23,ALL,ALL,2019,861,,,,,,,,ALL_N1,,,,,,,
IT1:DF_DCSS_ISTR_LAV_PEN_2_TV_3(1.0),A,082010,RESPOP_AV,M,Y_GE15,TOTAL,ALL,23,ALL,ALL,2021,904.573002331321,,,,,,,,ALL_N1,,,,,,,
IT1:DF_DCSS_ISTR_LAV_PEN_2_TV_3(1.0),A,082010,RESPOP_AV,M,Y_GE15,TOTAL,ALL,23,ALL,ALL,2022,905.885181811148,,,,,,,,ALL_N1,,,,,,,
IT1:DF_DCSS_ISTR_LAV_PEN_2_TV_3(1.0),A,082010,RESPOP_AV,M,Y_GE15,TOTAL,ALL,23,ALL,ALL,2023,847.3797765272026,,,,,,,,ALL_N1,,,,,,,
IT1:DF_DCSS_ISTR_LAV_PEN_2_TV_3(1.0),A,082010,RESPOP_AV,M,Y_GE15,TOTAL,ALL,23,ALL,ALL,2024,850.7902641932664,,,,,,,,ALL_N1,,,,,,,
IT1:DF_DCSS_ISTR_LAV_PEN_2_TV_3(1.0),A,082010,RESPOP_AV,M,Y_GE15,TOTAL,ALL,24,ALL,ALL,2018,485,,,,,,,,ALL_N1,,,,,,,
IT1:DF_DCSS_ISTR_LAV_PEN_2_TV_3(1.0),A,082010,RESPOP_AV,M,Y_GE15,TOTAL,ALL,24,ALL,ALL,2019,507,,,,,,,,ALL_N1,,,,,,,
IT1:DF_DCSS_ISTR_LAV_PEN_2_TV_3(1.0),A,082010,RESPOP_AV,M,Y_GE15,TOTAL,ALL,24,ALL,ALL,2021,503.53803666701,,,,,,,,ALL_N1,,,,,,,
IT1:DF_DCSS_ISTR_LAV_PEN_2_TV_3(1.0),A,082010,RESPOP_AV,M,Y_GE15,TOTAL,ALL,24,ALL,ALL,2022,504.361940802486,,,,,,,,ALL_N1,,,,,,,
IT1:DF_DCSS_ISTR_LAV_PEN_2_TV_3(1.0),A,082010,RESPOP_AV,M,Y_GE15,TOTAL,ALL,24,ALL,ALL,2023,485.41893242345094,,,,,,,,ALL_N1,,,,,,,
IT1:DF_DCSS_ISTR_LAV_PEN_2_TV_3(1.0),A,082010,RESPOP_AV,M,Y_GE15,TOTAL,ALL,24,ALL,ALL,2024,471.8194977302562,,,,,,,,ALL_N1,,,,,,,
IT1:DF_DCSS_ISTR_LAV_PEN_2_TV_3(1.0),A,082010,RESPOP_AV,M,Y_GE15,TOTAL,ALL,4,ALL,ALL,2018,16,,,,,,,,ALL_N1,,,,,,,
IT1:DF_DCSS_ISTR_LAV_PEN_2_TV_3(1.0),A,082010,RESPOP_AV,M,Y_GE15,TOTAL,ALL,4,ALL,ALL,2019,14,,,,,,,,ALL_N1,,,,,,,
IT1:DF_DCSS_ISTR_LAV_PEN_2_TV_3(1.0),A,082010,RESPOP_AV,M,Y_GE15,TOTAL,ALL,4,ALL,ALL,2021,29.8733591418382,,,,,,,,ALL_N1,,,,,,,
IT1:DF_DCSS_ISTR_LAV_PEN_2_TV_3(1.0),A,082010,RESPOP_AV,M,Y_GE15,TOTAL,ALL,4,ALL,ALL,2022,33.3667172413815,,,,,,,,ALL_N1,,,,,,,
IT1:DF_DCSS_ISTR_LAV_PEN_2_TV_3(1.0),A,082010,RESPOP_AV,M,Y_GE15,TOTAL,ALL,4,ALL,ALL,2023,30.521563476059864,,,,,,,,ALL_N1,,,,,,,
IT1:DF_DCSS_ISTR_LAV_PEN_2_TV_3(1.0),A,082010,RESPOP_AV,M,Y_GE15,TOTAL,ALL,4,ALL,ALL,2024,31.40264856995175,,,,,,,,ALL_N1,,,,,,,
IT1:DF_DCSS_ISTR_LAV_PEN_2_TV_3(1.0),A,082010,RESPOP_AV,M,Y_GE15,TOTAL,ALL,5,ALL,ALL,2018,144,,,,,,,,ALL_N1,,,,,,,
IT1:DF_DCSS_ISTR_LAV_PEN_2_TV_3(1.0),A,082010,RESPOP_AV,M,Y_GE15,TOTAL,ALL,5,ALL,ALL,2019,151,,,,,,,,ALL_N1,,,,,,,
IT1:DF_DCSS_ISTR_LAV_PEN_2_TV_3(1.0),A,082010,RESPOP_AV,M,Y_GE15,TOTAL,ALL,5,ALL,ALL,2021,155.362020576989,,,,,,,,ALL_N1,,,,,,,
IT1:DF_DCSS_ISTR_LAV_PEN_2_TV_3(1.0),A,082010,RESPOP_AV,M,Y_GE15,TOTAL,ALL,5,ALL,ALL,2022,158.483560707582,,,,,,,,ALL_N1,,,,,,,
IT1:DF_DCSS_ISTR_LAV_PEN_2_TV_3(1.0),A,082010,RESPOP_AV,M,Y_GE15,TOTAL,ALL,5,ALL,ALL,2023,157.18248476860683,,,,,,,,ALL_N1,,,,,,,
IT1:DF_DCSS_ISTR_LAV_PEN_2_TV_3(1.0),A,082010,RESPOP_AV,M,Y_GE15,TOTAL,ALL,5,ALL,ALL,2024,148.77400039929105,,,,,,,,ALL_N1,,,,,,,
IT1:DF_DCSS_ISTR_LAV_PEN_2_TV_3(1.0),A,082010,RESPOP_AV,M,Y_GE15,TOTAL,ALL,7,ALL,ALL,2018,241,,,,,,,,ALL_N1,,,,,,,
IT1:DF_DCSS_ISTR_LAV_PEN_2_TV_3(1.0),A,082010,RESPOP_AV,M,Y_GE15,TOTAL,ALL,7,ALL,ALL,2019,189,,,,,,,,ALL_N1,,,,,,,
IT1:DF_DCSS_ISTR_LAV_PEN_2_TV_3(1.0),A,082010,RESPOP_AV,M,Y_GE15,TOTAL,ALL,7,ALL,ALL,2021,215.799585945484,,,,,,,,ALL_N1,,,,,,,
IT1:DF_DCSS_ISTR_LAV_PEN_2_TV_3(1.0),A,082010,RESPOP_AV,M,Y_GE15,TOTAL,ALL,7,ALL,ALL,2022,209.672963059699,,,,,,,,ALL_N1,,,,,,,
IT1:DF_DCSS_ISTR_LAV_PEN_2_TV_3(1.0),A,082010,RESPOP_AV,M,Y_GE15,TOTAL,ALL,7,ALL,ALL,2023,174.25679585908495,,,,,,,,ALL_N1,,,,,,,
IT1:DF_DCSS_ISTR_LAV_PEN_2_TV_3(1.0),A,082010,RESPOP_AV,M,Y_GE15,TOTAL,ALL,7,ALL,ALL,2024,198.7941174937674,,,,,,,,ALL_N1,,,,,,,
IT1:DF_DCSS_ISTR_LAV_PEN_2_TV_3(1.0),A,082010,RESPOP_AV,M,Y_GE15,TOTAL,ALL,99,ALL,ALL,2018,1846,,,,,,,,ALL_N1,99_N1,,,,,,
IT1:DF_DCSS_ISTR_LAV_PEN_2_TV_3(1.0),A,082010,RESPOP_AV,M,Y_GE15,TOTAL,ALL,99,ALL,ALL,2019,1815,,,,,,,,ALL_N1,99_N1,,,,,,
IT1:DF_DCSS_ISTR_LAV_PEN_2_TV_3(1.0),A,082010,RESPOP_AV,M,Y_GE15,TOTAL,ALL,99,ALL,ALL,2021,1786,,,,,,,,ALL_N1,99_N1,,,,,,
IT1:DF_DCSS_ISTR_LAV_PEN_2_TV_3(1.0),A,082010,RESPOP_AV,M,Y_GE15,TOTAL,ALL,99,ALL,ALL,2022,1763,,,,,,,,ALL_N1,99_N1,,,,,,
IT1:DF_DCSS_ISTR_LAV_PEN_2_TV_3(1.0),A,082010,RESPOP_AV,M,Y_GE15,TOTAL,ALL,99,ALL,ALL,2023,1748,,,,,,,,ALL_N1,99_N1,,,,,,
IT1:DF_DCSS_ISTR_LAV_PEN_2_TV_3(1.0),A,082010,RESPOP_AV,M,Y_GE15,TOTAL,ALL,99,ALL,ALL,2024,1731,,,,,,,,ALL_N1,99_N1,,,,,,
IT1:DF_DCSS_ISTR_LAV_PEN_2_TV_3(1.0),A,082010,RESPOP_AV,T,Y_GE15,TOTAL,ALL,1,ALL,ALL,2018,1220,,,,,,,,ALL_N1,,,,,,,
IT1:DF_DCSS_ISTR_LAV_PEN_2_TV_3(1.0),A,082010,RESPOP_AV,T,Y_GE15,TOTAL,ALL,1,ALL,ALL,2019,1247,,,,,,,,ALL_N1,,,,,,,
IT1:DF_DCSS_ISTR_LAV_PEN_2_TV_3(1.0),A,082010,RESPOP_AV,T,Y_GE15,TOTAL,ALL,1,ALL,ALL,2021,1232,,,,,,,,ALL_N1,,,,,,,
IT1:DF_DCSS_ISTR_LAV_PEN_2_TV_3(1.0),A,082010,RESPOP_AV,T,Y_GE15,TOTAL,ALL,1,ALL,ALL,2022,1200,,,,,,,,ALL_N1,,,,,,,
IT1:DF_DCSS_ISTR_LAV_PEN_2_TV_3(1.0),A,082010,RESPOP_AV,T,Y_GE15,TOTAL,ALL,1,ALL,ALL,2023,1270,,,,,,,,ALL_N1,,,,,,,
IT1:DF_DCSS_ISTR_LAV_PEN_2_TV_3(1.0),A,082010,RESPOP_AV,T,Y_GE15,TOTAL,ALL,1,ALL,ALL,2024,1278,,,,,,,,ALL_N1,,,,,,,
IT1:DF_DCSS_ISTR_LAV_PEN_2_TV_3(1.0),A,082010,RESPOP_AV,T,Y_GE15,TOTAL,ALL,12,ALL,ALL,2018,369,,,,,,,,ALL_N1,,,,,,,
IT1:DF_DCSS_ISTR_LAV_PEN_2_TV_3(1.0),A,082010,RESPOP_AV,T,Y_GE15,TOTAL,ALL,12,ALL,ALL,2019,359,,,,,,,,ALL_N1,,,,,,,
IT1:DF_DCSS_ISTR_LAV_PEN_2_TV_3(1.0),A,082010,RESPOP_AV,T,Y_GE15,TOTAL,ALL,12,ALL,ALL,2021,217.561115157303,,,,,,,,ALL_N1,,,,,,,
IT1:DF_DCSS_ISTR_LAV_PEN_2_TV_3(1.0),A,082010,RESPOP_AV,T,Y_GE15,TOTAL,ALL,12,ALL,ALL,2022,223.09808433698,,,,,,,,ALL_N1,,,,,,,
IT1:DF_DCSS_ISTR_LAV_PEN_2_TV_3(1.0),A,082010,RESPOP_AV,T,Y_GE15,TOTAL,ALL,12,ALL,ALL,2023,236.25803300947524,,,,,,,,ALL_N1,,,,,,,
IT1:DF_DCSS_ISTR_LAV_PEN_2_TV_3(1.0),A,082010,RESPOP_AV,T,Y_GE15,TOTAL,ALL,12,ALL,ALL,2024,191.76217298103998,,,,,,,,ALL_N1,,,,,,,
IT1:DF_DCSS_ISTR_LAV_PEN_2_TV_3(1.0),A,082010,RESPOP_AV,T,Y_GE15,TOTAL,ALL,22,ALL,ALL,2018,1589,,,,,,,,ALL_N1,,,,,,,
IT1:DF_DCSS_ISTR_LAV_PEN_2_TV_3(1.0),A,082010,RESPOP_AV,T,Y_GE15,TOTAL,ALL,22,ALL,ALL,2019,1606,,,,,,,,ALL_N1,,,,,,,
IT1:DF_DCSS_ISTR_LAV_PEN_2_TV_3(1.0),A,082010,RESPOP_AV,T,Y_GE15,TOTAL,ALL,22,ALL,ALL,2021,1449.5611151573,,,,,,,,ALL_N1,,,,,,,
IT1:DF_DCSS_ISTR_LAV_PEN_2_TV_3(1.0),A,082010,RESPOP_AV,T,Y_GE15,TOTAL,ALL,22,ALL,ALL,2022,1423.09808433698,,,,,,,,ALL_N1,,,,,,,
IT1:DF_DCSS_ISTR_LAV_PEN_2_TV_3(1.0),A,082010,RESPOP_AV,T,Y_GE15,TOTAL,ALL,22,ALL,ALL,2023,1506.2580330094752,,,,,,,,ALL_N1,,,,,,,
IT1:DF_DCSS_ISTR_LAV_PEN_2_TV_3(1.0),A,082010,RESPOP_AV,T,Y_GE15,TOTAL,ALL,22,ALL,ALL,2024,1469.76217298104,,,,,,,,ALL_N1,,,,,,,
IT1:DF_DCSS_ISTR_LAV_PEN_2_TV_3(1.0),A,082010,RESPOP_AV,T,Y_GE15,TOTAL,ALL,23,ALL,ALL,2018,2262,,,,,,,,ALL_N1,,,,,,,
IT1:DF_DCSS_ISTR_LAV_PEN_2_TV_3(1.0),A,082010,RESPOP_AV,T,Y_GE15,TOTAL,ALL,23,ALL,ALL,2019,2198,,,,,,,,ALL_N1,,,,,,,
IT1:DF_DCSS_ISTR_LAV_PEN_2_TV_3(1.0),A,082010,RESPOP_AV,T,Y_GE15,TOTAL,ALL,23,ALL,ALL,2021,2264.4388848427,,,,,,,,ALL_N1,,,,,,,
IT1:DF_DCSS_ISTR_LAV_PEN_2_TV_3(1.0),A,082010,RESPOP_AV,T,Y_GE15,TOTAL,ALL,23,ALL,ALL,2022,2240.90191566302,,,,,,,,ALL_N1,,,,,,,
IT1:DF_DCSS_ISTR_LAV_PEN_2_TV_3(1.0),A,082010,RESPOP_AV,T,Y_GE15,TOTAL,ALL,23,ALL,ALL,2023,2099.741966990525,,,,,,,,ALL_N1,,,,,,,
IT1:DF_DCSS_ISTR_LAV_PEN_2_TV_3(1.0),A,082010,RESPOP_AV,T,Y_GE15,TOTAL,ALL,23,ALL,ALL,2024,2094.23782701896,,,,,,,,ALL_N1,,,,,,,
IT1:DF_DCSS_ISTR_LAV_PEN_2_TV_3(1.0),A,082010,RESPOP_AV,T,Y_GE15,TOTAL,ALL,24,ALL,ALL,2018,994,,,,,,,,ALL_N1,,,,,,,
IT1:DF_DCSS_ISTR_LAV_PEN_2_TV_3(1.0),A,082010,RESPOP_AV,T,Y_GE15,TOTAL,ALL,24,ALL,ALL,2019,1049,,,,,,,,ALL_N1,,,,,,,
IT1:DF_DCSS_ISTR_LAV_PEN_2_TV_3(1.0),A,082010,RESPOP_AV,T,Y_GE15,TOTAL,ALL,24,ALL,ALL,2021,1012.47915880908,,,,,,,,ALL_N1,,,,,,,
IT1:DF_DCSS_ISTR_LAV_PEN_2_TV_3(1.0),A,082010,RESPOP_AV,T,Y_GE15,TOTAL,ALL,24,ALL,ALL,2022,980.124361006938,,,,,,,,ALL_N1,,,,,,,
IT1:DF_DCSS_ISTR_LAV_PEN_2_TV_3(1.0),A,082010,RESPOP_AV,T,Y_GE15,TOTAL,ALL,24,ALL,ALL,2023,934.0983460612313,,,,,,,,ALL_N1,,,,,,,
IT1:DF_DCSS_ISTR_LAV_PEN_2_TV_3(1.0),A,082010,RESPOP_AV,T,Y_GE15,TOTAL,ALL,24,ALL,ALL,2024,887.3833942376507,,,,,,,,ALL_N1,,,,,,,
IT1:DF_DCSS_ISTR_LAV_PEN_2_TV_3(1.0),A,082010,RESPOP_AV,T,Y_GE15,TOTAL,ALL,4,ALL,ALL,2018,508,,,,,,,,ALL_N1,,,,,,,
IT1:DF_DCSS_ISTR_LAV_PEN_2_TV_3(1.0),A,082010,RESPOP_AV,T,Y_GE15,TOTAL,ALL,4,ALL,ALL,2019,462,,,,,,,,ALL_N1,,,,,,,
IT1:DF_DCSS_ISTR_LAV_PEN_2_TV_3(1.0),A,082010,RESPOP_AV,T,Y_GE15,TOTAL,ALL,4,ALL,ALL,2021,536.645427692976,,,,,,,,ALL_N1,,,,,,,
IT1:DF_DCSS_ISTR_LAV_PEN_2_TV_3(1.0),A,082010,RESPOP_AV,T,Y_GE15,TOTAL,ALL,4,ALL,ALL,2022,554.222532623613,,,,,,,,ALL_N1,,,,,,,
IT1:DF_DCSS_ISTR_LAV_PEN_2_TV_3(1.0),A,082010,RESPOP_AV,T,Y_GE15,TOTAL,ALL,4,ALL,ALL,2023,518.4363738486553,,,,,,,,ALL_N1,,,,,,,
IT1:DF_DCSS_ISTR_LAV_PEN_2_TV_3(1.0),A,082010,RESPOP_AV,T,Y_GE15,TOTAL,ALL,4,ALL,ALL,2024,527.741015647576,,,,,,,,ALL_N1,,,,,,,
IT1:DF_DCSS_ISTR_LAV_PEN_2_TV_3(1.0),A,082010,RESPOP_AV,T,Y_GE15,TOTAL,ALL,5,ALL,ALL,2018,296,,,,,,,,ALL_N1,,,,,,,
IT1:DF_DCSS_ISTR_LAV_PEN_2_TV_3(1.0),A,082010,RESPOP_AV,T,Y_GE15,TOTAL,ALL,5,ALL,ALL,2019,319,,,,,,,,ALL_N1,,,,,,,
IT1:DF_DCSS_ISTR_LAV_PEN_2_TV_3(1.0),A,082010,RESPOP_AV,T,Y_GE15,TOTAL,ALL,5,ALL,ALL,2021,328.395243545673,,,,,,,,ALL_N1,,,,,,,
IT1:DF_DCSS_ISTR_LAV_PEN_2_TV_3(1.0),A,082010,RESPOP_AV,T,Y_GE15,TOTAL,ALL,5,ALL,ALL,2022,327.967628801662,,,,,,,,ALL_N1,,,,,,,
IT1:DF_DCSS_ISTR_LAV_PEN_2_TV_3(1.0),A,082010,RESPOP_AV,T,Y_GE15,TOTAL,ALL,5,ALL,ALL,2023,314.5813496283235,,,,,,,,ALL_N1,,,,,,,
IT1:DF_DCSS_ISTR_LAV_PEN_2_TV_3(1.0),A,082010,RESPOP_AV,T,Y_GE15,TOTAL,ALL,5,ALL,ALL,2024,317.52839092263696,,,,,,,,ALL_N1,,,,,,,
IT1:DF_DCSS_ISTR_LAV_PEN_2_TV_3(1.0),A,082010,RESPOP_AV,T,Y_GE15,TOTAL,ALL,7,ALL,ALL,2018,464,,,,,,,,ALL_N1,,,,,,,
IT1:DF_DCSS_ISTR_LAV_PEN_2_TV_3(1.0),A,082010,RESPOP_AV,T,Y_GE15,TOTAL,ALL,7,ALL,ALL,2019,368,,,,,,,,ALL_N1,,,,,,,
IT1:DF_DCSS_ISTR_LAV_PEN_2_TV_3(1.0),A,082010,RESPOP_AV,T,Y_GE15,TOTAL,ALL,7,ALL,ALL,2021,386.919054794972,,,,,,,,ALL_N1,,,,,,,
IT1:DF_DCSS_ISTR_LAV_PEN_2_TV_3(1.0),A,082010,RESPOP_AV,T,Y_GE15,TOTAL,ALL,7,ALL,ALL,2022,378.587393230807,,,,,,,,ALL_N1,,,,,,,
IT1:DF_DCSS_ISTR_LAV_PEN_2_TV_3(1.0),A,082010,RESPOP_AV,T,Y_GE15,TOTAL,ALL,7,ALL,ALL,2023,332.62589745231486,,,,,,,,ALL_N1,,,,,,,
IT1:DF_DCSS_ISTR_LAV_PEN_2_TV_3(1.0),A,082010,RESPOP_AV,T,Y_GE15,TOTAL,ALL,7,ALL,ALL,2024,361.5850262110963,,,,,,,,ALL_N1,,,,,,,
IT1:DF_DCSS_ISTR_LAV_PEN_2_TV_3(1.0),A,082010,RESPOP_AV,T,Y_GE15,TOTAL,ALL,99,ALL,ALL,2018,3851,,,,,,,,ALL_N1,99_N1,,,,,,
IT1:DF_DCSS_ISTR_LAV_PEN_2_TV_3(1.0),A,082010,RESPOP_AV,T,Y_GE15,TOTAL,ALL,99,ALL,ALL,2019,3804,,,,,,,,ALL_N1,99_N1,,,,,,
IT1:DF_DCSS_ISTR_LAV_PEN_2_TV_3(1.0),A,082010,RESPOP_AV,T,Y_GE15,TOTAL,ALL,99,ALL,ALL,2021,3714,,,,,,,,ALL_N1,99_N1,,,,,,
IT1:DF_DCSS_ISTR_LAV_PEN_2_TV_3(1.0),A,082010,RESPOP_AV,T,Y_GE15,TOTAL,ALL,99,ALL,ALL,2022,3664,,,,,,,,ALL_N1,99_N1,,,,,,
IT1:DF_DCSS_ISTR_LAV_PEN_2_TV_3(1.0),A,082010,RESPOP_AV,T,Y_GE15,TOTAL,ALL,99,ALL,ALL,2023,3606,,,,,,,,ALL_N1,99_N1,,,,,,
IT1:DF_DCSS_ISTR_LAV_PEN_2_TV_3(1.0),A,082010,RESPOP_AV,T,Y_GE15,TOTAL,ALL,99,ALL,ALL,2024,3564,,,,,,,,ALL_N1,99_N1,,,,,,
IT1:DF_DCSS_ISTR_LAV_PEN_2_TV_3(1.0),A,082011,RESPOP_AV,F,Y_GE15,TOTAL,ALL,1,ALL,ALL,2018,344,,,,,,,,ALL_N1,,,,,,,
IT1:DF_DCSS_ISTR_LAV_PEN_2_TV_3(1.0),A,082011,RESPOP_AV,F,Y_GE15,TOTAL,ALL,1,ALL,ALL,2019,332,,,,,,,,ALL_N1,,,,,,,
IT1:DF_DCSS_ISTR_LAV_PEN_2_TV_3(1.0),A,082011,RESPOP_AV,F,Y_GE15,TOTAL,ALL,1,ALL,ALL,2021,347,,,,,,,,ALL_N1,,,,,,,
IT1:DF_DCSS_ISTR_LAV_PEN_2_TV_3(1.0),A,082011,RESPOP_AV,F,Y_GE15,TOTAL,ALL,1,ALL,ALL,2022,376,,,,,,,,ALL_N1,,,,,,,
IT1:DF_DCSS_ISTR_LAV_PEN_2_TV_3(1.0),A,082011,RESPOP_AV,F,Y_GE15,TOTAL,ALL,1,ALL,ALL,2023,417,,,,,,,,ALL_N1,,,,,,,
IT1:DF_DCSS_ISTR_LAV_PEN_2_TV_3(1.0),A,082011,RESPOP_AV,F,Y_GE15,TOTAL,ALL,1,ALL,ALL,2024,425,,,,,,,,ALL_N1,,,,,,,
IT1:DF_DCSS_ISTR_LAV_PEN_2_TV_3(1.0),A,082011,RESPOP_AV,F,Y_GE15,TOTAL,ALL,12,ALL,ALL,2018,180,,,,,,,,ALL_N1,,,,,,,
IT1:DF_DCSS_ISTR_LAV_PEN_2_TV_3(1.0),A,082011,RESPOP_AV,F,Y_GE15,TOTAL,ALL,12,ALL,ALL,2019,201,,,,,,,,ALL_N1,,,,,,,
IT1:DF_DCSS_ISTR_LAV_PEN_2_TV_3(1.0),A,082011,RESPOP_AV,F,Y_GE15,TOTAL,ALL,12,ALL,ALL,2021,95.1096598832702,,,,,,,,ALL_N1,,,,,,,
IT1:DF_DCSS_ISTR_LAV_PEN_2_TV_3(1.0),A,082011,RESPOP_AV,F,Y_GE15,TOTAL,ALL,12,ALL,ALL,2022,101.14685186307,,,,,,,,ALL_N1,,,,,,,
IT1:DF_DCSS_ISTR_LAV_PEN_2_TV_3(1.0),A,082011,RESPOP_AV,F,Y_GE15,TOTAL,ALL,12,ALL,ALL,2023,93.91785797062401,,,,,,,,ALL_N1,,,,,,,
IT1:DF_DCSS_ISTR_LAV_PEN_2_TV_3(1.0),A,082011,RESPOP_AV,F,Y_GE15,TOTAL,ALL,12,ALL,ALL,2024,76.2858083177295,,,,,,,,ALL_N1,,,,,,,
IT1:DF_DCSS_ISTR_LAV_PEN_2_TV_3(1.0),A,082011,RESPOP_AV,F,Y_GE15,TOTAL,ALL,22,ALL,ALL,2018,523,,,,,,,,ALL_N1,,,,,,,
IT1:DF_DCSS_ISTR_LAV_PEN_2_TV_3(1.0),A,082011,RESPOP_AV,F,Y_GE15,TOTAL,ALL,22,ALL,ALL,2019,532,,,,,,,,ALL_N1,,,,,,,
IT1:DF_DCSS_ISTR_LAV_PEN_2_TV_3(1.0),A,082011,RESPOP_AV,F,Y_GE15,TOTAL,ALL,22,ALL,ALL,2021,442.10965988327,,,,,,,,ALL_N1,,,,,,,
IT1:DF_DCSS_ISTR_LAV_PEN_2_TV_3(1.0),A,082011,RESPOP_AV,F,Y_GE15,TOTAL,ALL,22,ALL,ALL,2022,477.14685186307,,,,,,,,ALL_N1,,,,,,,
IT1:DF_DCSS_ISTR_LAV_PEN_2_TV_3(1.0),A,082011,RESPOP_AV,F,Y_GE15,TOTAL,ALL,22,ALL,ALL,2023,510.917857970624,,,,,,,,ALL_N1,,,,,,,
IT1:DF_DCSS_ISTR_LAV_PEN_2_TV_3(1.0),A,082011,RESPOP_AV,F,Y_GE15,TOTAL,ALL,22,ALL,ALL,2024,501.2858083177295,,,,,,,,ALL_N1,,,,,,,
IT1:DF_DCSS_ISTR_LAV_PEN_2_TV_3(1.0),A,082011,RESPOP_AV,F,Y_GE15,TOTAL,ALL,23,ALL,ALL,2018,1229,,,,,,,,ALL_N1,,,,,,,
IT1:DF_DCSS_ISTR_LAV_PEN_2_TV_3(1.0),A,082011,RESPOP_AV,F,Y_GE15,TOTAL,ALL,23,ALL,ALL,2019,1220,,,,,,,,ALL_N1,,,,,,,
IT1:DF_DCSS_ISTR_LAV_PEN_2_TV_3(1.0),A,082011,RESPOP_AV,F,Y_GE15,TOTAL,ALL,23,ALL,ALL,2021,1340.89034011673,,,,,,,,ALL_N1,,,,,,,
IT1:DF_DCSS_ISTR_LAV_PEN_2_TV_3(1.0),A,082011,RESPOP_AV,F,Y_GE15,TOTAL,ALL,23,ALL,ALL,2022,1309.85314813693,,,,,,,,ALL_N1,,,,,,,
IT1:DF_DCSS_ISTR_LAV_PEN_2_TV_3(1.0),A,082011,RESPOP_AV,F,Y_GE15,TOTAL,ALL,23,ALL,ALL,2023,1277.082142029376,,,,,,,,ALL_N1,,,,,,,
IT1:DF_DCSS_ISTR_LAV_PEN_2_TV_3(1.0),A,082011,RESPOP_AV,F,Y_GE15,TOTAL,ALL,23,ALL,ALL,2024,1297.7141916822707,,,,,,,,ALL_N1,,,,,,,
IT1:DF_DCSS_ISTR_LAV_PEN_2_TV_3(1.0),A,082011,RESPOP_AV,F,Y_GE15,TOTAL,ALL,24,ALL,ALL,2018,242,,,,,,,,ALL_N1,,,,,,,
IT1:DF_DCSS_ISTR_LAV_PEN_2_TV_3(1.0),A,082011,RESPOP_AV,F,Y_GE15,TOTAL,ALL,24,ALL,ALL,2019,238,,,,,,,,ALL_N1,,,,,,,
IT1:DF_DCSS_ISTR_LAV_PEN_2_TV_3(1.0),A,082011,RESPOP_AV,F,Y_GE15,TOTAL,ALL,24,ALL,ALL,2021,252.118507306227,,,,,,,,ALL_N1,,,,,,,
IT1:DF_DCSS_ISTR_LAV_PEN_2_TV_3(1.0),A,082011,RESPOP_AV,F,Y_GE15,TOTAL,ALL,24,ALL,ALL,2022,220.087429338676,,,,,,,,ALL_N1,,,,,,,
IT1:DF_DCSS_ISTR_LAV_PEN_2_TV_3(1.0),A,082011,RESPOP_AV,F,Y_GE15,TOTAL,ALL,24,ALL,ALL,2023,212.9173616676556,,,,,,,,ALL_N1,,,,,,,
IT1:DF_DCSS_ISTR_LAV_PEN_2_TV_3(1.0),A,082011,RESPOP_AV,F,Y_GE15,TOTAL,ALL,24,ALL,ALL,2024,242.91421339162346,,,,,,,,ALL_N1,,,,,,,
IT1:DF_DCSS_ISTR_LAV_PEN_2_TV_3(1.0),A,082011,RESPOP_AV,F,Y_GE15,TOTAL,ALL,4,ALL,ALL,2018,708,,,,,,,,ALL_N1,,,,,,,
IT1:DF_DCSS_ISTR_LAV_PEN_2_TV_3(1.0),A,082011,RESPOP_AV,F,Y_GE15,TOTAL,ALL,4,ALL,ALL,2019,706,,,,,,,,ALL_N1,,,,,,,
IT1:DF_DCSS_ISTR_LAV_PEN_2_TV_3(1.0),A,082011,RESPOP_AV,F,Y_GE15,TOTAL,ALL,4,ALL,ALL,2021,787.568321067641,,,,,,,,ALL_N1,,,,,,,
IT1:DF_DCSS_ISTR_LAV_PEN_2_TV_3(1.0),A,082011,RESPOP_AV,F,Y_GE15,TOTAL,ALL,4,ALL,ALL,2022,763.97557753793,,,,,,,,ALL_N1,,,,,,,
IT1:DF_DCSS_ISTR_LAV_PEN_2_TV_3(1.0),A,082011,RESPOP_AV,F,Y_GE15,TOTAL,ALL,4,ALL,ALL,2023,750.9432263750726,,,,,,,,ALL_N1,,,,,,,
IT1:DF_DCSS_ISTR_LAV_PEN_2_TV_3(1.0),A,082011,RESPOP_AV,F,Y_GE15,TOTAL,ALL,4,ALL,ALL,2024,742.8556127426256,,,,,,,,ALL_N1,,,,,,,
IT1:DF_DCSS_ISTR_LAV_PEN_2_TV_3(1.0),A,082011,RESPOP_AV,F,Y_GE15,TOTAL,ALL,5,ALL,ALL,2018,133,,,,,,,,ALL_N1,,,,,,,
IT1:DF_DCSS_ISTR_LAV_PEN_2_TV_3(1.0),A,082011,RESPOP_AV,F,Y_GE15,TOTAL,ALL,5,ALL,ALL,2019,142,,,,,,,,ALL_N1,,,,,,,
IT1:DF_DCSS_ISTR_LAV_PEN_2_TV_3(1.0),A,082011,RESPOP_AV,F,Y_GE15,TOTAL,ALL,5,ALL,ALL,2021,163.680029178039,,,,,,,,ALL_N1,,,,,,,
IT1:DF_DCSS_ISTR_LAV_PEN_2_TV_3(1.0),A,082011,RESPOP_AV,F,Y_GE15,TOTAL,ALL,5,ALL,ALL,2022,166.983558882907,,,,,,,,ALL_N1,,,,,,,
IT1:DF_DCSS_ISTR_LAV_PEN_2_TV_3(1.0),A,082011,RESPOP_AV,F,Y_GE15,TOTAL,ALL,5,ALL,ALL,2023,163.97742512781136,,,,,,,,ALL_N1,,,,,,,
IT1:DF_DCSS_ISTR_LAV_PEN_2_TV_3(1.0),A,082011,RESPOP_AV,F,Y_GE15,TOTAL,ALL,5,ALL,ALL,2024,170.38601169423407,,,,,,,,ALL_N1,,,,,,,
IT1:DF_DCSS_ISTR_LAV_PEN_2_TV_3(1.0),A,082011,RESPOP_AV,F,Y_GE15,TOTAL,ALL,7,ALL,ALL,2018,147,,,,,,,,ALL_N1,,,,,,,
IT1:DF_DCSS_ISTR_LAV_PEN_2_TV_3(1.0),A,082011,RESPOP_AV,F,Y_GE15,TOTAL,ALL,7,ALL,ALL,2019,134,,,,,,,,ALL_N1,,,,,,,
IT1:DF_DCSS_ISTR_LAV_PEN_2_TV_3(1.0),A,082011,RESPOP_AV,F,Y_GE15,TOTAL,ALL,7,ALL,ALL,2021,137.523482564823,,,,,,,,ALL_N1,,,,,,,
IT1:DF_DCSS_ISTR_LAV_PEN_2_TV_3(1.0),A,082011,RESPOP_AV,F,Y_GE15,TOTAL,ALL,7,ALL,ALL,2022,158.806582377419,,,,,,,,ALL_N1,,,,,,,
IT1:DF_DCSS_ISTR_LAV_PEN_2_TV_3(1.0),A,082011,RESPOP_AV,F,Y_GE15,TOTAL,ALL,7,ALL,ALL,2023,149.2441288588364,,,,,,,,ALL_N1,,,,,,,
IT1:DF_DCSS_ISTR_LAV_PEN_2_TV_3(1.0),A,082011,RESPOP_AV,F,Y_GE15,TOTAL,ALL,7,ALL,ALL,2024,141.55835385378754,,,,,,,,ALL_N1,,,,,,,
IT1:DF_DCSS_ISTR_LAV_PEN_2_TV_3(1.0),A,082011,RESPOP_AV,F,Y_GE15,TOTAL,ALL,99,ALL,ALL,2018,1752,,,,,,,,ALL_N1,99_N1,,,,,,
IT1:DF_DCSS_ISTR_LAV_PEN_2_TV_3(1.0),A,082011,RESPOP_AV,F,Y_GE15,TOTAL,ALL,99,ALL,ALL,2019,1752,,,,,,,,ALL_N1,99_N1,,,,,,
IT1:DF_DCSS_ISTR_LAV_PEN_2_TV_3(1.0),A,082011,RESPOP_AV,F,Y_GE15,TOTAL,ALL,99,ALL,ALL,2021,1783,,,,,,,,ALL_N1,99_N1,,,,,,
IT1:DF_DCSS_ISTR_LAV_PEN_2_TV_3(1.0),A,082011,RESPOP_AV,F,Y_GE15,TOTAL,ALL,99,ALL,ALL,2022,1787,,,,,,,,ALL_N1,99_N1,,,,,,
IT1:DF_DCSS_ISTR_LAV_PEN_2_TV_3(1.0),A,082011,RESPOP_AV,F,Y_GE15,TOTAL,ALL,99,ALL,ALL,2023,1788,,,,,,,,ALL_N1,99_N1,,,,,,
IT1:DF_DCSS_ISTR_LAV_PEN_2_TV_3(1.0),A,082011,RESPOP_AV,F,Y_GE15,TOTAL,ALL,99,ALL,ALL,2024,1799.0000000000002,,,,,,,,ALL_N1,99_N1,,,,,,
IT1:DF_DCSS_ISTR_LAV_PEN_2_TV_3(1.0),A,082011,RESPOP_AV,M,Y_GE15,TOTAL,ALL,1,ALL,ALL,2018,710,,,,,,,,ALL_N1,,,,,,,
IT1:DF_DCSS_ISTR_LAV_PEN_2_TV_3(1.0),A,082011,RESPOP_AV,M,Y_GE15,TOTAL,ALL,1,ALL,ALL,2019,754,,,,,,,,ALL_N1,,,,,,,
IT1:DF_DCSS_ISTR_LAV_PEN_2_TV_3(1.0),A,082011,RESPOP_AV,M,Y_GE15,TOTAL,ALL,1,ALL,ALL,2021,793,,,,,,,,ALL_N1,,,,,,,
IT1:DF_DCSS_ISTR_LAV_PEN_2_TV_3(1.0),A,082011,RESPOP_AV,M,Y_GE15,TOTAL,ALL,1,ALL,ALL,2022,798,,,,,,,,ALL_N1,,,,,,,
IT1:DF_DCSS_ISTR_LAV_PEN_2_TV_3(1.0),A,082011,RESPOP_AV,M,Y_GE15,TOTAL,ALL,1,ALL,ALL,2023,823,,,,,,,,ALL_N1,,,,,,,
IT1:DF_DCSS_ISTR_LAV_PEN_2_TV_3(1.0),A,082011,RESPOP_AV,M,Y_GE15,TOTAL,ALL,1,ALL,ALL,2024,853,,,,,,,,ALL_N1,,,,,,,
IT1:DF_DCSS_ISTR_LAV_PEN_2_TV_3(1.0),A,082011,RESPOP_AV,M,Y_GE15,TOTAL,ALL,12,ALL,ALL,2018,251,,,,,,,,ALL_N1,,,,,,,
IT1:DF_DCSS_ISTR_LAV_PEN_2_TV_3(1.0),A,082011,RESPOP_AV,M,Y_GE15,TOTAL,ALL,12,ALL,ALL,2019,237,,,,,,,,ALL_N1,,,,,,,
IT1:DF_DCSS_ISTR_LAV_PEN_2_TV_3(1.0),A,082011,RESPOP_AV,M,Y_GE15,TOTAL,ALL,12,ALL,ALL,2021,134.182012152499,,,,,,,,ALL_N1,,,,,,,
IT1:DF_DCSS_ISTR_LAV_PEN_2_TV_3(1.0),A,082011,RESPOP_AV,M,Y_GE15,TOTAL,ALL,12,ALL,ALL,2022,132.044748904783,,,,,,,,ALL_N1,,,,,,,
IT1:DF_DCSS_ISTR_LAV_PEN_2_TV_3(1.0),A,082011,RESPOP_AV,M,Y_GE15,TOTAL,ALL,12,ALL,ALL,2023,125.19465435704026,,,,,,,,ALL_N1,,,,,,,
IT1:DF_DCSS_ISTR_LAV_PEN_2_TV_3(1.0),A,082011,RESPOP_AV,M,Y_GE15,TOTAL,ALL,12,ALL,ALL,2024,104.59878098679476,,,,,,,,ALL_N1,,,,,,,
IT1:DF_DCSS_ISTR_LAV_PEN_2_TV_3(1.0),A,082011,RESPOP_AV,M,Y_GE15,TOTAL,ALL,22,ALL,ALL,2018,961,,,,,,,,ALL_N1,,,,,,,
IT1:DF_DCSS_ISTR_LAV_PEN_2_TV_3(1.0),A,082011,RESPOP_AV,M,Y_GE15,TOTAL,ALL,22,ALL,ALL,2019,991,,,,,,,,ALL_N1,,,,,,,
IT1:DF_DCSS_ISTR_LAV_PEN_2_TV_3(1.0),A,082011,RESPOP_AV,M,Y_GE15,TOTAL,ALL,22,ALL,ALL,2021,927.182012152499,,,,,,,,ALL_N1,,,,,,,
IT1:DF_DCSS_ISTR_LAV_PEN_2_TV_3(1.0),A,082011,RESPOP_AV,M,Y_GE15,TOTAL,ALL,22,ALL,ALL,2022,930.044748904783,,,,,,,,ALL_N1,,,,,,,
IT1:DF_DCSS_ISTR_LAV_PEN_2_TV_3(1.0),A,082011,RESPOP_AV,M,Y_GE15,TOTAL,ALL,22,ALL,ALL,2023,948.1946543570402,,,,,,,,ALL_N1,,,,,,,
IT1:DF_DCSS_ISTR_LAV_PEN_2_TV_3(1.0),A,082011,RESPOP_AV,M,Y_GE15,TOTAL,ALL,22,ALL,ALL,2024,957.5987809867947,,,,,,,,ALL_N1,,,,,,,
IT1:DF_DCSS_ISTR_LAV_PEN_2_TV_3(1.0),A,082011,RESPOP_AV,M,Y_GE15,TOTAL,ALL,23,ALL,ALL,2018,768,,,,,,,,ALL_N1,,,,,,,
IT1:DF_DCSS_ISTR_LAV_PEN_2_TV_3(1.0),A,082011,RESPOP_AV,M,Y_GE15,TOTAL,ALL,23,ALL,ALL,2019,724,,,,,,,,ALL_N1,,,,,,,
IT1:DF_DCSS_ISTR_LAV_PEN_2_TV_3(1.0),A,082011,RESPOP_AV,M,Y_GE15,TOTAL,ALL,23,ALL,ALL,2021,782.817987847501,,,,,,,,ALL_N1,,,,,,,
IT1:DF_DCSS_ISTR_LAV_PEN_2_TV_3(1.0),A,082011,RESPOP_AV,M,Y_GE15,TOTAL,ALL,23,ALL,ALL,2022,795.955251095217,,,,,,,,ALL_N1,,,,,,,
IT1:DF_DCSS_ISTR_LAV_PEN_2_TV_3(1.0),A,082011,RESPOP_AV,M,Y_GE15,TOTAL,ALL,23,ALL,ALL,2023,807.8053456429597,,,,,,,,ALL_N1,,,,,,,
IT1:DF_DCSS_ISTR_LAV_PEN_2_TV_3(1.0),A,082011,RESPOP_AV,M,Y_GE15,TOTAL,ALL,23,ALL,ALL,2024,797.4012190132053,,,,,,,,ALL_N1,,,,,,,
IT1:DF_DCSS_ISTR_LAV_PEN_2_TV_3(1.0),A,082011,RESPOP_AV,M,Y_GE15,TOTAL,ALL,24,ALL,ALL,2018,366,,,,,,,,ALL_N1,,,,,,,
IT1:DF_DCSS_ISTR_LAV_PEN_2_TV_3(1.0),A,082011,RESPOP_AV,M,Y_GE15,TOTAL,ALL,24,ALL,ALL,2019,366,,,,,,,,ALL_N1,,,,,,,
IT1:DF_DCSS_ISTR_LAV_PEN_2_TV_3(1.0),A,082011,RESPOP_AV,M,Y_GE15,TOTAL,ALL,24,ALL,ALL,2021,373.849611625611,,,,,,,,ALL_N1,,,,,,,
IT1:DF_DCSS_ISTR_LAV_PEN_2_TV_3(1.0),A,082011,RESPOP_AV,M,Y_GE15,TOTAL,ALL,24,ALL,ALL,2022,348.323519243383,,,,,,,,ALL_N1,,,,,,,
IT1:DF_DCSS_ISTR_LAV_PEN_2_TV_3(1.0),A,082011,RESPOP_AV,M,Y_GE15,TOTAL,ALL,24,ALL,ALL,2023,360.2449648559399,,,,,,,,ALL_N1,,,,,,,
IT1:DF_DCSS_ISTR_LAV_PEN_2_TV_3(1.0),A,082011,RESPOP_AV,M,Y_GE15,TOTAL,ALL,24,ALL,ALL,2024,373.8257368439226,,,,,,,,ALL_N1,,,,,,,
IT1:DF_DCSS_ISTR_LAV_PEN_2_TV_3(1.0),A,082011,RESPOP_AV,M,Y_GE15,TOTAL,ALL,4,ALL,ALL,2018,36,,,,,,,,ALL_N1,,,,,,,
IT1:DF_DCSS_ISTR_LAV_PEN_2_TV_3(1.0),A,082011,RESPOP_AV,M,Y_GE15,TOTAL,ALL,4,ALL,ALL,2019,35,,,,,,,,ALL_N1,,,,,,,
IT1:DF_DCSS_ISTR_LAV_PEN_2_TV_3(1.0),A,082011,RESPOP_AV,M,Y_GE15,TOTAL,ALL,4,ALL,ALL,2021,67.6926416189228,,,,,,,,ALL_N1,,,,,,,
IT1:DF_DCSS_ISTR_LAV_PEN_2_TV_3(1.0),A,082011,RESPOP_AV,M,Y_GE15,TOTAL,ALL,4,ALL,ALL,2022,64.9346250087424,,,,,,,,ALL_N1,,,,,,,
IT1:DF_DCSS_ISTR_LAV_PEN_2_TV_3(1.0),A,082011,RESPOP_AV,M,Y_GE15,TOTAL,ALL,4,ALL,ALL,2023,73.66955592070877,,,,,,,,ALL_N1,,,,,,,
IT1:DF_DCSS_ISTR_LAV_PEN_2_TV_3(1.0),A,082011,RESPOP_AV,M,Y_GE15,TOTAL,ALL,4,ALL,ALL,2024,62.29600098372036,,,,,,,,ALL_N1,,,,,,,
IT1:DF_DCSS_ISTR_LAV_PEN_2_TV_3(1.0),A,082011,RESPOP_AV,M,Y_GE15,TOTAL,ALL,5,ALL,ALL,2018,130,,,,,,,,ALL_N1,,,,,,,
IT1:DF_DCSS_ISTR_LAV_PEN_2_TV_3(1.0),A,082011,RESPOP_AV,M,Y_GE15,TOTAL,ALL,5,ALL,ALL,2019,127,,,,,,,,ALL_N1,,,,,,,
IT1:DF_DCSS_ISTR_LAV_PEN_2_TV_3(1.0),A,082011,RESPOP_AV,M,Y_GE15,TOTAL,ALL,5,ALL,ALL,2021,129.89735936365,,,,,,,,ALL_N1,,,,,,,
IT1:DF_DCSS_ISTR_LAV_PEN_2_TV_3(1.0),A,082011,RESPOP_AV,M,Y_GE15,TOTAL,ALL,5,ALL,ALL,2022,144.413289817198,,,,,,,,ALL_N1,,,,,,,
IT1:DF_DCSS_ISTR_LAV_PEN_2_TV_3(1.0),A,082011,RESPOP_AV,M,Y_GE15,TOTAL,ALL,5,ALL,ALL,2023,141.79413199699582,,,,,,,,ALL_N1,,,,,,,
IT1:DF_DCSS_ISTR_LAV_PEN_2_TV_3(1.0),A,082011,RESPOP_AV,M,Y_GE15,TOTAL,ALL,5,ALL,ALL,2024,138.25227898330235,,,,,,,,ALL_N1,,,,,,,
IT1:DF_DCSS_ISTR_LAV_PEN_2_TV_3(1.0),A,082011,RESPOP_AV,M,Y_GE15,TOTAL,ALL,7,ALL,ALL,2018,236,,,,,,,,ALL_N1,,,,,,,
IT1:DF_DCSS_ISTR_LAV_PEN_2_TV_3(1.0),A,082011,RESPOP_AV,M,Y_GE15,TOTAL,ALL,7,ALL,ALL,2019,196,,,,,,,,ALL_N1,,,,,,,
IT1:DF_DCSS_ISTR_LAV_PEN_2_TV_3(1.0),A,082011,RESPOP_AV,M,Y_GE15,TOTAL,ALL,7,ALL,ALL,2021,211.378375239317,,,,,,,,ALL_N1,,,,,,,
IT1:DF_DCSS_ISTR_LAV_PEN_2_TV_3(1.0),A,082011,RESPOP_AV,M,Y_GE15,TOTAL,ALL,7,ALL,ALL,2022,238.283817025894,,,,,,,,ALL_N1,,,,,,,
IT1:DF_DCSS_ISTR_LAV_PEN_2_TV_3(1.0),A,082011,RESPOP_AV,M,Y_GE15,TOTAL,ALL,7,ALL,ALL,2023,232.0966928693152,,,,,,,,ALL_N1,,,,,,,
IT1:DF_DCSS_ISTR_LAV_PEN_2_TV_3(1.0),A,082011,RESPOP_AV,M,Y_GE15,TOTAL,ALL,7,ALL,ALL,2024,223.0272022022599,,,,,,,,ALL_N1,,,,,,,
IT1:DF_DCSS_ISTR_LAV_PEN_2_TV_3(1.0),A,082011,RESPOP_AV,M,Y_GE15,TOTAL,ALL,99,ALL,ALL,2018,1728,,,,,,,,ALL_N1,99_N1,,,,,,
IT1:DF_DCSS_ISTR_LAV_PEN_2_TV_3(1.0),A,082011,RESPOP_AV,M,Y_GE15,TOTAL,ALL,99,ALL,ALL,2019,1715,,,,,,,,ALL_N1,99_N1,,,,,,
IT1:DF_DCSS_ISTR_LAV_PEN_2_TV_3(1.0),A,082011,RESPOP_AV,M,Y_GE15,TOTAL,ALL,99,ALL,ALL,2021,1710,,,,,,,,ALL_N1,99_N1,,,,,,
IT1:DF_DCSS_ISTR_LAV_PEN_2_TV_3(1.0),A,082011,RESPOP_AV,M,Y_GE15,TOTAL,ALL,99,ALL,ALL,2022,1726,,,,,,,,ALL_N1,99_N1,,,,,,
IT1:DF_DCSS_ISTR_LAV_PEN_2_TV_3(1.0),A,082011,RESPOP_AV,M,Y_GE15,TOTAL,ALL,99,ALL,ALL,2023,1756,,,,,,,,ALL_N1,99_N1,,,,,,
IT1:DF_DCSS_ISTR_LAV_PEN_2_TV_3(1.0),A,082011,RESPOP_AV,M,Y_GE15,TOTAL,ALL,99,ALL,ALL,2024,1755,,,,,,,,ALL_N1,99_N1,,,,,,
IT1:DF_DCSS_ISTR_LAV_PEN_2_TV_3(1.0),A,082011,RESPOP_AV,T,Y_GE15,TOTAL,ALL,1,ALL,ALL,2018,1053,,,,,,,,ALL_N1,,,,,,,
IT1:DF_DCSS_ISTR_LAV_PEN_2_TV_3(1.0),A,082011,RESPOP_AV,T,Y_GE15,TOTAL,ALL,1,ALL,ALL,2019,1086,,,,,,,,ALL_N1,,,,,,,
IT1:DF_DCSS_ISTR_LAV_PEN_2_TV_3(1.0),A,082011,RESPOP_AV,T,Y_GE15,TOTAL,ALL,1,ALL,ALL,2021,1140,,,,,,,,ALL_N1,,,,,,,
IT1:DF_DCSS_ISTR_LAV_PEN_2_TV_3(1.0),A,082011,RESPOP_AV,T,Y_GE15,TOTAL,ALL,1,ALL,ALL,2022,1174,,,,,,,,ALL_N1,,,,,,,
IT1:DF_DCSS_ISTR_LAV_PEN_2_TV_3(1.0),A,082011,RESPOP_AV,T,Y_GE15,TOTAL,ALL,1,ALL,ALL,2023,1240,,,,,,,,ALL_N1,,,,,,,
IT1:DF_DCSS_ISTR_LAV_PEN_2_TV_3(1.0),A,082011,RESPOP_AV,T,Y_GE15,TOTAL,ALL,1,ALL,ALL,2024,1278,,,,,,,,ALL_N1,,,,,,,
IT1:DF_DCSS_ISTR_LAV_PEN_2_TV_3(1.0),A,082011,RESPOP_AV,T,Y_GE15,TOTAL,ALL,12,ALL,ALL,2018,431,,,,,,,,ALL_N1,,,,,,,
IT1:DF_DCSS_ISTR_LAV_PEN_2_TV_3(1.0),A,082011,RESPOP_AV,T,Y_GE15,TOTAL,ALL,12,ALL,ALL,2019,438,,,,,,,,ALL_N1,,,,,,,
IT1:DF_DCSS_ISTR_LAV_PEN_2_TV_3(1.0),A,082011,RESPOP_AV,T,Y_GE15,TOTAL,ALL,12,ALL,ALL,2021,229.291672035769,,,,,,,,ALL_N1,,,,,,,
IT1:DF_DCSS_ISTR_LAV_PEN_2_TV_3(1.0),A,082011,RESPOP_AV,T,Y_GE15,TOTAL,ALL,12,ALL,ALL,2022,233.191600767853,,,,,,,,ALL_N1,,,,,,,
IT1:DF_DCSS_ISTR_LAV_PEN_2_TV_3(1.0),A,082011,RESPOP_AV,T,Y_GE15,TOTAL,ALL,12,ALL,ALL,2023,219.11251232766426,,,,,,,,ALL_N1,,,,,,,
IT1:DF_DCSS_ISTR_LAV_PEN_2_TV_3(1.0),A,082011,RESPOP_AV,T,Y_GE15,TOTAL,ALL,12,ALL,ALL,2024,180.88458930452427,,,,,,,,ALL_N1,,,,,,,
IT1:DF_DCSS_ISTR_LAV_PEN_2_TV_3(1.0),A,082011,RESPOP_AV,T,Y_GE15,TOTAL,ALL,22,ALL,ALL,2018,1484,,,,,,,,ALL_N1,,,,,,,
IT1:DF_DCSS_ISTR_LAV_PEN_2_TV_3(1.0),A,082011,RESPOP_AV,T,Y_GE15,TOTAL,ALL,22,ALL,ALL,2019,1523,,,,,,,,ALL_N1,,,,,,,
IT1:DF_DCSS_ISTR_LAV_PEN_2_TV_3(1.0),A,082011,RESPOP_AV,T,Y_GE15,TOTAL,ALL,22,ALL,ALL,2021,1369.29167203577,,,,,,,,ALL_N1,,,,,,,
IT1:DF_DCSS_ISTR_LAV_PEN_2_TV_3(1.0),A,082011,RESPOP_AV,T,Y_GE15,TOTAL,ALL,22,ALL,ALL,2022,1407.19160076785,,,,,,,,ALL_N1,,,,,,,
IT1:DF_DCSS_ISTR_LAV_PEN_2_TV_3(1.0),A,082011,RESPOP_AV,T,Y_GE15,TOTAL,ALL,22,ALL,ALL,2023,1459.1125123276643,,,,,,,,ALL_N1,,,,,,,
IT1:DF_DCSS_ISTR_LAV_PEN_2_TV_3(1.0),A,082011,RESPOP_AV,T,Y_GE15,TOTAL,ALL,22,ALL,ALL,2024,1458.8845893045243,,,,,,,,ALL_N1,,,,,,,
IT1:DF_DCSS_ISTR_LAV_PEN_2_TV_3(1.0),A,082011,RESPOP_AV,T,Y_GE15,TOTAL,ALL,23,ALL,ALL,2018,1997,,,,,,,,ALL_N1,,,,,,,
IT1:DF_DCSS_ISTR_LAV_PEN_2_TV_3(1.0),A,082011,RESPOP_AV,T,Y_GE15,TOTAL,ALL,23,ALL,ALL,2019,1944,,,,,,,,ALL_N1,,,,,,,
IT1:DF_DCSS_ISTR_LAV_PEN_2_TV_3(1.0),A,082011,RESPOP_AV,T,Y_GE15,TOTAL,ALL,23,ALL,ALL,2021,2123.70832796423,,,,,,,,ALL_N1,,,,,,,
IT1:DF_DCSS_ISTR_LAV_PEN_2_TV_3(1.0),A,082011,RESPOP_AV,T,Y_GE15,TOTAL,ALL,23,ALL,ALL,2022,2105.80839923215,,,,,,,,ALL_N1,,,,,,,
IT1:DF_DCSS_ISTR_LAV_PEN_2_TV_3(1.0),A,082011,RESPOP_AV,T,Y_GE15,TOTAL,ALL,23,ALL,ALL,2023,2084.8874876723357,,,,,,,,ALL_N1,,,,,,,
IT1:DF_DCSS_ISTR_LAV_PEN_2_TV_3(1.0),A,082011,RESPOP_AV,T,Y_GE15,TOTAL,ALL,23,ALL,ALL,2024,2095.115410695476,,,,,,,,ALL_N1,,,,,,,
IT1:DF_DCSS_ISTR_LAV_PEN_2_TV_3(1.0),A,082011,RESPOP_AV,T,Y_GE15,TOTAL,ALL,24,ALL,ALL,2018,607,,,,,,,,ALL_N1,,,,,,,
IT1:DF_DCSS_ISTR_LAV_PEN_2_TV_3(1.0),A,082011,RESPOP_AV,T,Y_GE15,TOTAL,ALL,24,ALL,ALL,2019,604,,,,,,,,ALL_N1,,,,,,,
IT1:DF_DCSS_ISTR_LAV_PEN_2_TV_3(1.0),A,082011,RESPOP_AV,T,Y_GE15,TOTAL,ALL,24,ALL,ALL,2021,625.968118931838,,,,,,,,ALL_N1,,,,,,,
IT1:DF_DCSS_ISTR_LAV_PEN_2_TV_3(1.0),A,082011,RESPOP_AV,T,Y_GE15,TOTAL,ALL,24,ALL,ALL,2022,568.410948582059,,,,,,,,ALL_N1,,,,,,,
IT1:DF_DCSS_ISTR_LAV_PEN_2_TV_3(1.0),A,082011,RESPOP_AV,T,Y_GE15,TOTAL,ALL,24,ALL,ALL,2023,573.1623265235954,,,,,,,,ALL_N1,,,,,,,
IT1:DF_DCSS_ISTR_LAV_PEN_2_TV_3(1.0),A,082011,RESPOP_AV,T,Y_GE15,TOTAL,ALL,24,ALL,ALL,2024,616.7399502355461,,,,,,,,ALL_N1,,,,,,,
IT1:DF_DCSS_ISTR_LAV_PEN_2_TV_3(1.0),A,082011,RESPOP_AV,T,Y_GE15,TOTAL,ALL,4,ALL,ALL,2018,744,,,,,,,,ALL_N1,,,,,,,
IT1:DF_DCSS_ISTR_LAV_PEN_2_TV_3(1.0),A,082011,RESPOP_AV,T,Y_GE15,TOTAL,ALL,4,ALL,ALL,2019,741,,,,,,,,ALL_N1,,,,,,,
IT1:DF_DCSS_ISTR_LAV_PEN_2_TV_3(1.0),A,082011,RESPOP_AV,T,Y_GE15,TOTAL,ALL,4,ALL,ALL,2021,855.260962686564,,,,,,,,ALL_N1,,,,,,,
IT1:DF_DCSS_ISTR_LAV_PEN_2_TV_3(1.0),A,082011,RESPOP_AV,T,Y_GE15,TOTAL,ALL,4,ALL,ALL,2022,828.910202546672,,,,,,,,ALL_N1,,,,,,,
IT1:DF_DCSS_ISTR_LAV_PEN_2_TV_3(1.0),A,082011,RESPOP_AV,T,Y_GE15,TOTAL,ALL,4,ALL,ALL,2023,824.6127822957815,,,,,,,,ALL_N1,,,,,,,
IT1:DF_DCSS_ISTR_LAV_PEN_2_TV_3(1.0),A,082011,RESPOP_AV,T,Y_GE15,TOTAL,ALL,4,ALL,ALL,2024,805.151613726346,,,,,,,,ALL_N1,,,,,,,
IT1:DF_DCSS_ISTR_LAV_PEN_2_TV_3(1.0),A,082011,RESPOP_AV,T,Y_GE15,TOTAL,ALL,5,ALL,ALL,2018,263,,,,,,,,ALL_N1,,,,,,,
IT1:DF_DCSS_ISTR_LAV_PEN_2_TV_3(1.0),A,082011,RESPOP_AV,T,Y_GE15,TOTAL,ALL,5,ALL,ALL,2019,269,,,,,,,,ALL_N1,,,,,,,
IT1:DF_DCSS_ISTR_LAV_PEN_2_TV_3(1.0),A,082011,RESPOP_AV,T,Y_GE15,TOTAL,ALL,5,ALL,ALL,2021,293.577388541688,,,,,,,,ALL_N1,,,,,,,
IT1:DF_DCSS_ISTR_LAV_PEN_2_TV_3(1.0),A,082011,RESPOP_AV,T,Y_GE15,TOTAL,ALL,5,ALL,ALL,2022,311.396848700104,,,,,,,,ALL_N1,,,,,,,
IT1:DF_DCSS_ISTR_LAV_PEN_2_TV_3(1.0),A,082011,RESPOP_AV,T,Y_GE15,TOTAL,ALL,5,ALL,ALL,2023,305.7715571248072,,,,,,,,ALL_N1,,,,,,,
IT1:DF_DCSS_ISTR_LAV_PEN_2_TV_3(1.0),A,082011,RESPOP_AV,T,Y_GE15,TOTAL,ALL,5,ALL,ALL,2024,308.6382906775364,,,,,,,,ALL_N1,,,,,,,
IT1:DF_DCSS_ISTR_LAV_PEN_2_TV_3(1.0),A,082011,RESPOP_AV,T,Y_GE15,TOTAL,ALL,7,ALL,ALL,2018,383,,,,,,,,ALL_N1,,,,,,,
IT1:DF_DCSS_ISTR_LAV_PEN_2_TV_3(1.0),A,082011,RESPOP_AV,T,Y_GE15,TOTAL,ALL,7,ALL,ALL,2019,330,,,,,,,,ALL_N1,,,,,,,
IT1:DF_DCSS_ISTR_LAV_PEN_2_TV_3(1.0),A,082011,RESPOP_AV,T,Y_GE15,TOTAL,ALL,7,ALL,ALL,2021,348.90185780414,,,,,,,,ALL_N1,,,,,,,
IT1:DF_DCSS_ISTR_LAV_PEN_2_TV_3(1.0),A,082011,RESPOP_AV,T,Y_GE15,TOTAL,ALL,7,ALL,ALL,2022,397.090399403312,,,,,,,,ALL_N1,,,,,,,
IT1:DF_DCSS_ISTR_LAV_PEN_2_TV_3(1.0),A,082011,RESPOP_AV,T,Y_GE15,TOTAL,ALL,7,ALL,ALL,2023,381.3408217281516,,,,,,,,ALL_N1,,,,,,,
IT1:DF_DCSS_ISTR_LAV_PEN_2_TV_3(1.0),A,082011,RESPOP_AV,T,Y_GE15,TOTAL,ALL,7,ALL,ALL,2024,364.58555605604744,,,,,,,,ALL_N1,,,,,,,
IT1:DF_DCSS_ISTR_LAV_PEN_2_TV_3(1.0),A,082011,RESPOP_AV,T,Y_GE15,TOTAL,ALL,99,ALL,ALL,2018,3480,,,,,,,,ALL_N1,99_N1,,,,,,
IT1:DF_DCSS_ISTR_LAV_PEN_2_TV_3(1.0),A,082011,RESPOP_AV,T,Y_GE15,TOTAL,ALL,99,ALL,ALL,2019,3467,,,,,,,,ALL_N1,99_N1,,,,,,
IT1:DF_DCSS_ISTR_LAV_PEN_2_TV_3(1.0),A,082011,RESPOP_AV,T,Y_GE15,TOTAL,ALL,99,ALL,ALL,2021,3493,,,,,,,,ALL_N1,99_N1,,,,,,
IT1:DF_DCSS_ISTR_LAV_PEN_2_TV_3(1.0),A,082011,RESPOP_AV,T,Y_GE15,TOTAL,ALL,99,ALL,ALL,2022,3513,,,,,,,,ALL_N1,99_N1,,,,,,
IT1:DF_DCSS_ISTR_LAV_PEN_2_TV_3(1.0),A,082011,RESPOP_AV,T,Y_GE15,TOTAL,ALL,99,ALL,ALL,2023,3544,,,,,,,,ALL_N1,99_N1,,,,,,
IT1:DF_DCSS_ISTR_LAV_PEN_2_TV_3(1.0),A,082011,RESPOP_AV,T,Y_GE15,TOTAL,ALL,99,ALL,ALL,2024,3554,,,,,,,,ALL_N1,99_N1,,,,,,
IT1:DF_DCSS_ISTR_LAV_PEN_2_TV_3(1.0),A,082012,RESPOP_AV,F,Y_GE15,TOTAL,ALL,1,ALL,ALL,2018,151,,,,,,,,ALL_N1,,,,,,,
IT1:DF_DCSS_ISTR_LAV_PEN_2_TV_3(1.0),A,082012,RESPOP_AV,F,Y_GE15,TOTAL,ALL,1,ALL,ALL,2019,167,,,,,,,,ALL_N1,,,,,,,
IT1:DF_DCSS_ISTR_LAV_PEN_2_TV_3(1.0),A,082012,RESPOP_AV,F,Y_GE15,TOTAL,ALL,1,ALL,ALL,2021,159,,,,,,,,ALL_N1,,,,,,,
IT1:DF_DCSS_ISTR_LAV_PEN_2_TV_3(1.0),A,082012,RESPOP_AV,F,Y_GE15,TOTAL,ALL,1,ALL,ALL,2022,152,,,,,,,,ALL_N1,,,,,,,
IT1:DF_DCSS_ISTR_LAV_PEN_2_TV_3(1.0),A,082012,RESPOP_AV,F,Y_GE15,TOTAL,ALL,1,ALL,ALL,2023,162,,,,,,,,ALL_N1,,,,,,,
IT1:DF_DCSS_ISTR_LAV_PEN_2_TV_3(1.0),A,082012,RESPOP_AV,F,Y_GE15,TOTAL,ALL,1,ALL,ALL,2024,171,,,,,,,,ALL_N1,,,,,,,
IT1:DF_DCSS_ISTR_LAV_PEN_2_TV_3(1.0),A,082012,RESPOP_AV,F,Y_GE15,TOTAL,ALL,12,ALL,ALL,2018,58,,,,,,,,ALL_N1,,,,,,,
IT1:DF_DCSS_ISTR_LAV_PEN_2_TV_3(1.0),A,082012,RESPOP_AV,F,Y_GE15,TOTAL,ALL,12,ALL,ALL,2019,49,,,,,,,,ALL_N1,,,,,,,
IT1:DF_DCSS_ISTR_LAV_PEN_2_TV_3(1.0),A,082012,RESPOP_AV,F,Y_GE15,TOTAL,ALL,12,ALL,ALL,2021,24.6560621905456,,,,,,,,ALL_N1,,,,,,,
IT1:DF_DCSS_ISTR_LAV_PEN_2_TV_3(1.0),A,082012,RESPOP_AV,F,Y_GE15,TOTAL,ALL,12,ALL,ALL,2022,24.6478548243338,,,,,,,,ALL_N1,,,,,,,
IT1:DF_DCSS_ISTR_LAV_PEN_2_TV_3(1.0),A,082012,RESPOP_AV,F,Y_GE15,TOTAL,ALL,12,ALL,ALL,2023,29.752824072674596,,,,,,,,ALL_N1,,,,,,,
IT1:DF_DCSS_ISTR_LAV_PEN_2_TV_3(1.0),A,082012,RESPOP_AV,F,Y_GE15,TOTAL,ALL,12,ALL,ALL,2024,17.888871850661285,,,,,,,,ALL_N1,,,,,,,
IT1:DF_DCSS_ISTR_LAV_PEN_2_TV_3(1.0),A,082012,RESPOP_AV,F,Y_GE15,TOTAL,ALL,22,ALL,ALL,2018,209,,,,,,,,ALL_N1,,,,,,,
IT1:DF_DCSS_ISTR_LAV_PEN_2_TV_3(1.0),A,082012,RESPOP_AV,F,Y_GE15,TOTAL,ALL,22,ALL,ALL,2019,216,,,,,,,,ALL_N1,,,,,,,
IT1:DF_DCSS_ISTR_LAV_PEN_2_TV_3(1.0),A,082012,RESPOP_AV,F,Y_GE15,TOTAL,ALL,22,ALL,ALL,2021,183.656062190546,,,,,,,,ALL_N1,,,,,,,
IT1:DF_DCSS_ISTR_LAV_PEN_2_TV_3(1.0),A,082012,RESPOP_AV,F,Y_GE15,TOTAL,ALL,22,ALL,ALL,2022,176.647854824334,,,,,,,,ALL_N1,,,,,,,
IT1:DF_DCSS_ISTR_LAV_PEN_2_TV_3(1.0),A,082012,RESPOP_AV,F,Y_GE15,TOTAL,ALL,22,ALL,ALL,2023,191.7528240726746,,,,,,,,ALL_N1,,,,,,,
IT1:DF_DCSS_ISTR_LAV_PEN_2_TV_3(1.0),A,082012,RESPOP_AV,F,Y_GE15,TOTAL,ALL,22,ALL,ALL,2024,188.88887185066127,,,,,,,,ALL_N1,,,,,,,
IT1:DF_DCSS_ISTR_LAV_PEN_2_TV_3(1.0),A,082012,RESPOP_AV,F,Y_GE15,TOTAL,ALL,23,ALL,ALL,2018,432,,,,,,,,ALL_N1,,,,,,,
IT1:DF_DCSS_ISTR_LAV_PEN_2_TV_3(1.0),A,082012,RESPOP_AV,F,Y_GE15,TOTAL,ALL,23,ALL,ALL,2019,420,,,,,,,,ALL_N1,,,,,,,
IT1:DF_DCSS_ISTR_LAV_PEN_2_TV_3(1.0),A,082012,RESPOP_AV,F,Y_GE15,TOTAL,ALL,23,ALL,ALL,2021,402.343937809454,,,,,,,,ALL_N1,,,,,,,
IT1:DF_DCSS_ISTR_LAV_PEN_2_TV_3(1.0),A,082012,RESPOP_AV,F,Y_GE15,TOTAL,ALL,23,ALL,ALL,2022,401.352145175666,,,,,,,,ALL_N1,,,,,,,
IT1:DF_DCSS_ISTR_LAV_PEN_2_TV_3(1.0),A,082012,RESPOP_AV,F,Y_GE15,TOTAL,ALL,23,ALL,ALL,2023,372.2471759273254,,,,,,,,ALL_N1,,,,,,,
IT1:DF_DCSS_ISTR_LAV_PEN_2_TV_3(1.0),A,082012,RESPOP_AV,F,Y_GE15,TOTAL,ALL,23,ALL,ALL,2024,369.11112814933864,,,,,,,,ALL_N1,,,,,,,
IT1:DF_DCSS_ISTR_LAV_PEN_2_TV_3(1.0),A,082012,RESPOP_AV,F,Y_GE15,TOTAL,ALL,24,ALL,ALL,2018,212,,,,,,,,ALL_N1,,,,,,,
IT1:DF_DCSS_ISTR_LAV_PEN_2_TV_3(1.0),A,082012,RESPOP_AV,F,Y_GE15,TOTAL,ALL,24,ALL,ALL,2019,223,,,,,,,,ALL_N1,,,,,,,
IT1:DF_DCSS_ISTR_LAV_PEN_2_TV_3(1.0),A,082012,RESPOP_AV,F,Y_GE15,TOTAL,ALL,24,ALL,ALL,2021,200.771098932227,,,,,,,,ALL_N1,,,,,,,
IT1:DF_DCSS_ISTR_LAV_PEN_2_TV_3(1.0),A,082012,RESPOP_AV,F,Y_GE15,TOTAL,ALL,24,ALL,ALL,2022,198.841220932653,,,,,,,,ALL_N1,,,,,,,
IT1:DF_DCSS_ISTR_LAV_PEN_2_TV_3(1.0),A,082012,RESPOP_AV,F,Y_GE15,TOTAL,ALL,24,ALL,ALL,2023,181.27332841878453,,,,,,,,ALL_N1,,,,,,,
IT1:DF_DCSS_ISTR_LAV_PEN_2_TV_3(1.0),A,082012,RESPOP_AV,F,Y_GE15,TOTAL,ALL,24,ALL,ALL,2024,173.76330107083538,,,,,,,,ALL_N1,,,,,,,
IT1:DF_DCSS_ISTR_LAV_PEN_2_TV_3(1.0),A,082012,RESPOP_AV,F,Y_GE15,TOTAL,ALL,4,ALL,ALL,2018,106,,,,,,,,ALL_N1,,,,,,,
IT1:DF_DCSS_ISTR_LAV_PEN_2_TV_3(1.0),A,082012,RESPOP_AV,F,Y_GE15,TOTAL,ALL,4,ALL,ALL,2019,102,,,,,,,,ALL_N1,,,,,,,
IT1:DF_DCSS_ISTR_LAV_PEN_2_TV_3(1.0),A,082012,RESPOP_AV,F,Y_GE15,TOTAL,ALL,4,ALL,ALL,2021,112.071213148345,,,,,,,,ALL_N1,,,,,,,
IT1:DF_DCSS_ISTR_LAV_PEN_2_TV_3(1.0),A,082012,RESPOP_AV,F,Y_GE15,TOTAL,ALL,4,ALL,ALL,2022,113.142103120511,,,,,,,,ALL_N1,,,,,,,
IT1:DF_DCSS_ISTR_LAV_PEN_2_TV_3(1.0),A,082012,RESPOP_AV,F,Y_GE15,TOTAL,ALL,4,ALL,ALL,2023,98.95695271729113,,,,,,,,ALL_N1,,,,,,,
IT1:DF_DCSS_ISTR_LAV_PEN_2_TV_3(1.0),A,082012,RESPOP_AV,F,Y_GE15,TOTAL,ALL,4,ALL,ALL,2024,101.92150186432964,,,,,,,,ALL_N1,,,,,,,
IT1:DF_DCSS_ISTR_LAV_PEN_2_TV_3(1.0),A,082012,RESPOP_AV,F,Y_GE15,TOTAL,ALL,5,ALL,ALL,2018,45,,,,,,,,ALL_N1,,,,,,,
IT1:DF_DCSS_ISTR_LAV_PEN_2_TV_3(1.0),A,082012,RESPOP_AV,F,Y_GE15,TOTAL,ALL,5,ALL,ALL,2019,46,,,,,,,,ALL_N1,,,,,,,
IT1:DF_DCSS_ISTR_LAV_PEN_2_TV_3(1.0),A,082012,RESPOP_AV,F,Y_GE15,TOTAL,ALL,5,ALL,ALL,2021,43.1743462223648,,,,,,,,ALL_N1,,,,,,,
IT1:DF_DCSS_ISTR_LAV_PEN_2_TV_3(1.0),A,082012,RESPOP_AV,F,Y_GE15,TOTAL,ALL,5,ALL,ALL,2022,38.7942552492346,,,,,,,,ALL_N1,,,,,,,
IT1:DF_DCSS_ISTR_LAV_PEN_2_TV_3(1.0),A,082012,RESPOP_AV,F,Y_GE15,TOTAL,ALL,5,ALL,ALL,2023,39.58990897796207,,,,,,,,ALL_N1,,,,,,,
IT1:DF_DCSS_ISTR_LAV_PEN_2_TV_3(1.0),A,082012,RESPOP_AV,F,Y_GE15,TOTAL,ALL,5,ALL,ALL,2024,33.16411100846898,,,,,,,,ALL_N1,,,,,,,
IT1:DF_DCSS_ISTR_LAV_PEN_2_TV_3(1.0),A,082012,RESPOP_AV,F,Y_GE15,TOTAL,ALL,7,ALL,ALL,2018,69,,,,,,,,ALL_N1,,,,,,,
IT1:DF_DCSS_ISTR_LAV_PEN_2_TV_3(1.0),A,082012,RESPOP_AV,F,Y_GE15,TOTAL,ALL,7,ALL,ALL,2019,49,,,,,,,,ALL_N1,,,,,,,
IT1:DF_DCSS_ISTR_LAV_PEN_2_TV_3(1.0),A,082012,RESPOP_AV,F,Y_GE15,TOTAL,ALL,7,ALL,ALL,2021,46.3272795065175,,,,,,,,ALL_N1,,,,,,,
IT1:DF_DCSS_ISTR_LAV_PEN_2_TV_3(1.0),A,082012,RESPOP_AV,F,Y_GE15,TOTAL,ALL,7,ALL,ALL,2022,50.5745658732681,,,,,,,,ALL_N1,,,,,,,
IT1:DF_DCSS_ISTR_LAV_PEN_2_TV_3(1.0),A,082012,RESPOP_AV,F,Y_GE15,TOTAL,ALL,7,ALL,ALL,2023,52.42698581328766,,,,,,,,ALL_N1,,,,,,,
IT1:DF_DCSS_ISTR_LAV_PEN_2_TV_3(1.0),A,082012,RESPOP_AV,F,Y_GE15,TOTAL,ALL,7,ALL,ALL,2024,60.26221420570463,,,,,,,,ALL_N1,,,,,,,
IT1:DF_DCSS_ISTR_LAV_PEN_2_TV_3(1.0),A,082012,RESPOP_AV,F,Y_GE15,TOTAL,ALL,99,ALL,ALL,2018,641,,,,,,,,ALL_N1,99_N1,,,,,,
IT1:DF_DCSS_ISTR_LAV_PEN_2_TV_3(1.0),A,082012,RESPOP_AV,F,Y_GE15,TOTAL,ALL,99,ALL,ALL,2019,635,,,,,,,,ALL_N1,99_N1,,,,,,
IT1:DF_DCSS_ISTR_LAV_PEN_2_TV_3(1.0),A,082012,RESPOP_AV,F,Y_GE15,TOTAL,ALL,99,ALL,ALL,2021,586,,,,,,,,ALL_N1,99_N1,,,,,,
IT1:DF_DCSS_ISTR_LAV_PEN_2_TV_3(1.0),A,082012,RESPOP_AV,F,Y_GE15,TOTAL,ALL,99,ALL,ALL,2022,578,,,,,,,,ALL_N1,99_N1,,,,,,
IT1:DF_DCSS_ISTR_LAV_PEN_2_TV_3(1.0),A,082012,RESPOP_AV,F,Y_GE15,TOTAL,ALL,99,ALL,ALL,2023,564,,,,,,,,ALL_N1,99_N1,,,,,,
IT1:DF_DCSS_ISTR_LAV_PEN_2_TV_3(1.0),A,082012,RESPOP_AV,F,Y_GE15,TOTAL,ALL,99,ALL,ALL,2024,557.9999999999999,,,,,,,,ALL_N1,99_N1,,,,,,
IT1:DF_DCSS_ISTR_LAV_PEN_2_TV_3(1.0),A,082012,RESPOP_AV,M,Y_GE15,TOTAL,ALL,1,ALL,ALL,2018,237,,,,,,,,ALL_N1,,,,,,,
IT1:DF_DCSS_ISTR_LAV_PEN_2_TV_3(1.0),A,082012,RESPOP_AV,M,Y_GE15,TOTAL,ALL,1,ALL,ALL,2019,243,,,,,,,,ALL_N1,,,,,,,
IT1:DF_DCSS_ISTR_LAV_PEN_2_TV_3(1.0),A,082012,RESPOP_AV,M,Y_GE15,TOTAL,ALL,1,ALL,ALL,2021,248,,,,,,,,ALL_N1,,,,,,,
IT1:DF_DCSS_ISTR_LAV_PEN_2_TV_3(1.0),A,082012,RESPOP_AV,M,Y_GE15,TOTAL,ALL,1,ALL,ALL,2022,230,,,,,,,,ALL_N1,,,,,,,
IT1:DF_DCSS_ISTR_LAV_PEN_2_TV_3(1.0),A,082012,RESPOP_AV,M,Y_GE15,TOTAL,ALL,1,ALL,ALL,2023,218,,,,,,,,ALL_N1,,,,,,,
IT1:DF_DCSS_ISTR_LAV_PEN_2_TV_3(1.0),A,082012,RESPOP_AV,M,Y_GE15,TOTAL,ALL,1,ALL,ALL,2024,219,,,,,,,,ALL_N1,,,,,,,
IT1:DF_DCSS_ISTR_LAV_PEN_2_TV_3(1.0),A,082012,RESPOP_AV,M,Y_GE15,TOTAL,ALL,12,ALL,ALL,2018,46,,,,,,,,ALL_N1,,,,,,,
IT1:DF_DCSS_ISTR_LAV_PEN_2_TV_3(1.0),A,082012,RESPOP_AV,M,Y_GE15,TOTAL,ALL,12,ALL,ALL,2019,43,,,,,,,,ALL_N1,,,,,,,
IT1:DF_DCSS_ISTR_LAV_PEN_2_TV_3(1.0),A,082012,RESPOP_AV,M,Y_GE15,TOTAL,ALL,12,ALL,ALL,2021,23.6974748997551,,,,,,,,ALL_N1,,,,,,,
IT1:DF_DCSS_ISTR_LAV_PEN_2_TV_3(1.0),A,082012,RESPOP_AV,M,Y_GE15,TOTAL,ALL,12,ALL,ALL,2022,22.3852471576489,,,,,,,,ALL_N1,,,,,,,
IT1:DF_DCSS_ISTR_LAV_PEN_2_TV_3(1.0),A,082012,RESPOP_AV,M,Y_GE15,TOTAL,ALL,12,ALL,ALL,2023,28.925235070101948,,,,,,,,ALL_N1,,,,,,,
IT1:DF_DCSS_ISTR_LAV_PEN_2_TV_3(1.0),A,082012,RESPOP_AV,M,Y_GE15,TOTAL,ALL,12,ALL,ALL,2024,22.46583858481735,,,,,,,,ALL_N1,,,,,,,
IT1:DF_DCSS_ISTR_LAV_PEN_2_TV_3(1.0),A,082012,RESPOP_AV,M,Y_GE15,TOTAL,ALL,22,ALL,ALL,2018,283,,,,,,,,ALL_N1,,,,,,,
IT1:DF_DCSS_ISTR_LAV_PEN_2_TV_3(1.0),A,082012,RESPOP_AV,M,Y_GE15,TOTAL,ALL,22,ALL,ALL,2019,286,,,,,,,,ALL_N1,,,,,,,
IT1:DF_DCSS_ISTR_LAV_PEN_2_TV_3(1.0),A,082012,RESPOP_AV,M,Y_GE15,TOTAL,ALL,22,ALL,ALL,2021,271.697474899755,,,,,,,,ALL_N1,,,,,,,
IT1:DF_DCSS_ISTR_LAV_PEN_2_TV_3(1.0),A,082012,RESPOP_AV,M,Y_GE15,TOTAL,ALL,22,ALL,ALL,2022,252.385247157649,,,,,,,,ALL_N1,,,,,,,
IT1:DF_DCSS_ISTR_LAV_PEN_2_TV_3(1.0),A,082012,RESPOP_AV,M,Y_GE15,TOTAL,ALL,22,ALL,ALL,2023,246.92523507010193,,,,,,,,ALL_N1,,,,,,,
IT1:DF_DCSS_ISTR_LAV_PEN_2_TV_3(1.0),A,082012,RESPOP_AV,M,Y_GE15,TOTAL,ALL,22,ALL,ALL,2024,241.46583858481736,,,,,,,,ALL_N1,,,,,,,
IT1:DF_DCSS_ISTR_LAV_PEN_2_TV_3(1.0),A,082012,RESPOP_AV,M,Y_GE15,TOTAL,ALL,23,ALL,ALL,2018,266,,,,,,,,ALL_N1,,,,,,,
IT1:DF_DCSS_ISTR_LAV_PEN_2_TV_3(1.0),A,082012,RESPOP_AV,M,Y_GE15,TOTAL,ALL,23,ALL,ALL,2019,273,,,,,,,,ALL_N1,,,,,,,
IT1:DF_DCSS_ISTR_LAV_PEN_2_TV_3(1.0),A,082012,RESPOP_AV,M,Y_GE15,TOTAL,ALL,23,ALL,ALL,2021,264.302525100245,,,,,,,,ALL_N1,,,,,,,
IT1:DF_DCSS_ISTR_LAV_PEN_2_TV_3(1.0),A,082012,RESPOP_AV,M,Y_GE15,TOTAL,ALL,23,ALL,ALL,2022,270.614752842351,,,,,,,,ALL_N1,,,,,,,
IT1:DF_DCSS_ISTR_LAV_PEN_2_TV_3(1.0),A,082012,RESPOP_AV,M,Y_GE15,TOTAL,ALL,23,ALL,ALL,2023,254.074764929898,,,,,,,,ALL_N1,,,,,,,
IT1:DF_DCSS_ISTR_LAV_PEN_2_TV_3(1.0),A,082012,RESPOP_AV,M,Y_GE15,TOTAL,ALL,23,ALL,ALL,2024,260.53416141518267,,,,,,,,ALL_N1,,,,,,,
IT1:DF_DCSS_ISTR_LAV_PEN_2_TV_3(1.0),A,082012,RESPOP_AV,M,Y_GE15,TOTAL,ALL,24,ALL,ALL,2018,149,,,,,,,,ALL_N1,,,,,,,
IT1:DF_DCSS_ISTR_LAV_PEN_2_TV_3(1.0),A,082012,RESPOP_AV,M,Y_GE15,TOTAL,ALL,24,ALL,ALL,2019,159,,,,,,,,ALL_N1,,,,,,,
IT1:DF_DCSS_ISTR_LAV_PEN_2_TV_3(1.0),A,082012,RESPOP_AV,M,Y_GE15,TOTAL,ALL,24,ALL,ALL,2021,156.6259043014,,,,,,,,ALL_N1,,,,,,,
IT1:DF_DCSS_ISTR_LAV_PEN_2_TV_3(1.0),A,082012,RESPOP_AV,M,Y_GE15,TOTAL,ALL,24,ALL,ALL,2022,166.097904294992,,,,,,,,ALL_N1,,,,,,,
IT1:DF_DCSS_ISTR_LAV_PEN_2_TV_3(1.0),A,082012,RESPOP_AV,M,Y_GE15,TOTAL,ALL,24,ALL,ALL,2023,154.35637425546005,,,,,,,,ALL_N1,,,,,,,
IT1:DF_DCSS_ISTR_LAV_PEN_2_TV_3(1.0),A,082012,RESPOP_AV,M,Y_GE15,TOTAL,ALL,24,ALL,ALL,2024,149.16852983620623,,,,,,,,ALL_N1,,,,,,,
IT1:DF_DCSS_ISTR_LAV_PEN_2_TV_3(1.0),A,082012,RESPOP_AV,M,Y_GE15,TOTAL,ALL,4,ALL,ALL,2018,3,,,,,,,,ALL_N1,,,,,,,
IT1:DF_DCSS_ISTR_LAV_PEN_2_TV_3(1.0),A,082012,RESPOP_AV,M,Y_GE15,TOTAL,ALL,4,ALL,ALL,2019,3,,,,,,,,ALL_N1,,,,,,,
IT1:DF_DCSS_ISTR_LAV_PEN_2_TV_3(1.0),A,082012,RESPOP_AV,M,Y_GE15,TOTAL,ALL,4,ALL,ALL,2021,6.11791308697809,,,,,,,,ALL_N1,,,,,,,
IT1:DF_DCSS_ISTR_LAV_PEN_2_TV_3(1.0),A,082012,RESPOP_AV,M,Y_GE15,TOTAL,ALL,4,ALL,ALL,2022,6.02829522176321,,,,,,,,ALL_N1,,,,,,,
IT1:DF_DCSS_ISTR_LAV_PEN_2_TV_3(1.0),A,082012,RESPOP_AV,M,Y_GE15,TOTAL,ALL,4,ALL,ALL,2023,6.173814444803621,,,,,,,,ALL_N1,,,,,,,
IT1:DF_DCSS_ISTR_LAV_PEN_2_TV_3(1.0),A,082012,RESPOP_AV,M,Y_GE15,TOTAL,ALL,4,ALL,ALL,2024,5.769318736636569,,,,,,,,ALL_N1,,,,,,,
IT1:DF_DCSS_ISTR_LAV_PEN_2_TV_3(1.0),A,082012,RESPOP_AV,M,Y_GE15,TOTAL,ALL,5,ALL,ALL,2018,48,,,,,,,,ALL_N1,,,,,,,
IT1:DF_DCSS_ISTR_LAV_PEN_2_TV_3(1.0),A,082012,RESPOP_AV,M,Y_GE15,TOTAL,ALL,5,ALL,ALL,2019,57,,,,,,,,ALL_N1,,,,,,,
IT1:DF_DCSS_ISTR_LAV_PEN_2_TV_3(1.0),A,082012,RESPOP_AV,M,Y_GE15,TOTAL,ALL,5,ALL,ALL,2021,46.836824798654,,,,,,,,ALL_N1,,,,,,,
IT1:DF_DCSS_ISTR_LAV_PEN_2_TV_3(1.0),A,082012,RESPOP_AV,M,Y_GE15,TOTAL,ALL,5,ALL,ALL,2022,45.6286131601529,,,,,,,,ALL_N1,,,,,,,
IT1:DF_DCSS_ISTR_LAV_PEN_2_TV_3(1.0),A,082012,RESPOP_AV,M,Y_GE15,TOTAL,ALL,5,ALL,ALL,2023,38.681286263362765,,,,,,,,ALL_N1,,,,,,,
IT1:DF_DCSS_ISTR_LAV_PEN_2_TV_3(1.0),A,082012,RESPOP_AV,M,Y_GE15,TOTAL,ALL,5,ALL,ALL,2024,35.010747217151874,,,,,,,,ALL_N1,,,,,,,
IT1:DF_DCSS_ISTR_LAV_PEN_2_TV_3(1.0),A,082012,RESPOP_AV,M,Y_GE15,TOTAL,ALL,7,ALL,ALL,2018,66,,,,,,,,ALL_N1,,,,,,,
IT1:DF_DCSS_ISTR_LAV_PEN_2_TV_3(1.0),A,082012,RESPOP_AV,M,Y_GE15,TOTAL,ALL,7,ALL,ALL,2019,54,,,,,,,,ALL_N1,,,,,,,
IT1:DF_DCSS_ISTR_LAV_PEN_2_TV_3(1.0),A,082012,RESPOP_AV,M,Y_GE15,TOTAL,ALL,7,ALL,ALL,2021,54.7218829132131,,,,,,,,ALL_N1,,,,,,,
IT1:DF_DCSS_ISTR_LAV_PEN_2_TV_3(1.0),A,082012,RESPOP_AV,M,Y_GE15,TOTAL,ALL,7,ALL,ALL,2022,52.8599401654426,,,,,,,,ALL_N1,,,,,,,
IT1:DF_DCSS_ISTR_LAV_PEN_2_TV_3(1.0),A,082012,RESPOP_AV,M,Y_GE15,TOTAL,ALL,7,ALL,ALL,2023,54.86328996627159,,,,,,,,ALL_N1,,,,,,,
IT1:DF_DCSS_ISTR_LAV_PEN_2_TV_3(1.0),A,082012,RESPOP_AV,M,Y_GE15,TOTAL,ALL,7,ALL,ALL,2024,70.58556562518798,,,,,,,,ALL_N1,,,,,,,
IT1:DF_DCSS_ISTR_LAV_PEN_2_TV_3(1.0),A,082012,RESPOP_AV,M,Y_GE15,TOTAL,ALL,99,ALL,ALL,2018,549,,,,,,,,ALL_N1,99_N1,,,,,,
IT1:DF_DCSS_ISTR_LAV_PEN_2_TV_3(1.0),A,082012,RESPOP_AV,M,Y_GE15,TOTAL,ALL,99,ALL,ALL,2019,558,,,,,,,,ALL_N1,99_N1,,,,,,
IT1:DF_DCSS_ISTR_LAV_PEN_2_TV_3(1.0),A,082012,RESPOP_AV,M,Y_GE15,TOTAL,ALL,99,ALL,ALL,2021,536,,,,,,,,ALL_N1,99_N1,,,,,,
IT1:DF_DCSS_ISTR_LAV_PEN_2_TV_3(1.0),A,082012,RESPOP_AV,M,Y_GE15,TOTAL,ALL,99,ALL,ALL,2022,523,,,,,,,,ALL_N1,99_N1,,,,,,
IT1:DF_DCSS_ISTR_LAV_PEN_2_TV_3(1.0),A,082012,RESPOP_AV,M,Y_GE15,TOTAL,ALL,99,ALL,ALL,2023,500.99999999999994,,,,,,,,ALL_N1,99_N1,,,,,,
IT1:DF_DCSS_ISTR_LAV_PEN_2_TV_3(1.0),A,082012,RESPOP_AV,M,Y_GE15,TOTAL,ALL,99,ALL,ALL,2024,502,,,,,,,,ALL_N1,99_N1,,,,,,
IT1:DF_DCSS_ISTR_LAV_PEN_2_TV_3(1.0),A,082012,RESPOP_AV,T,Y_GE15,TOTAL,ALL,1,ALL,ALL,2018,388,,,,,,,,ALL_N1,,,,,,,
IT1:DF_DCSS_ISTR_LAV_PEN_2_TV_3(1.0),A,082012,RESPOP_AV,T,Y_GE15,TOTAL,ALL,1,ALL,ALL,2019,409,,,,,,,,ALL_N1,,,,,,,
IT1:DF_DCSS_ISTR_LAV_PEN_2_TV_3(1.0),A,082012,RESPOP_AV,T,Y_GE15,TOTAL,ALL,1,ALL,ALL,2021,407,,,,,,,,ALL_N1,,,,,,,
IT1:DF_DCSS_ISTR_LAV_PEN_2_TV_3(1.0),A,082012,RESPOP_AV,T,Y_GE15,TOTAL,ALL,1,ALL,ALL,2022,382,,,,,,,,ALL_N1,,,,,,,
IT1:DF_DCSS_ISTR_LAV_PEN_2_TV_3(1.0),A,082012,RESPOP_AV,T,Y_GE15,TOTAL,ALL,1,ALL,ALL,2023,380,,,,,,,,ALL_N1,,,,,,,
IT1:DF_DCSS_ISTR_LAV_PEN_2_TV_3(1.0),A,082012,RESPOP_AV,T,Y_GE15,TOTAL,ALL,1,ALL,ALL,2024,390,,,,,,,,ALL_N1,,,,,,,
IT1:DF_DCSS_ISTR_LAV_PEN_2_TV_3(1.0),A,082012,RESPOP_AV,T,Y_GE15,TOTAL,ALL,12,ALL,ALL,2018,104,,,,,,,,ALL_N1,,,,,,,
IT1:DF_DCSS_ISTR_LAV_PEN_2_TV_3(1.0),A,082012,RESPOP_AV,T,Y_GE15,TOTAL,ALL,12,ALL,ALL,2019,92,,,,,,,,ALL_N1,,,,,,,
IT1:DF_DCSS_ISTR_LAV_PEN_2_TV_3(1.0),A,082012,RESPOP_AV,T,Y_GE15,TOTAL,ALL,12,ALL,ALL,2021,48.3535370903007,,,,,,,,ALL_N1,,,,,,,
IT1:DF_DCSS_ISTR_LAV_PEN_2_TV_3(1.0),A,082012,RESPOP_AV,T,Y_GE15,TOTAL,ALL,12,ALL,ALL,2022,47.0331019819827,,,,,,,,ALL_N1,,,,,,,
IT1:DF_DCSS_ISTR_LAV_PEN_2_TV_3(1.0),A,082012,RESPOP_AV,T,Y_GE15,TOTAL,ALL,12,ALL,ALL,2023,58.67805914277655,,,,,,,,ALL_N1,,,,,,,
IT1:DF_DCSS_ISTR_LAV_PEN_2_TV_3(1.0),A,082012,RESPOP_AV,T,Y_GE15,TOTAL,ALL,12,ALL,ALL,2024,40.35471043547864,,,,,,,,ALL_N1,,,,,,,
IT1:DF_DCSS_ISTR_LAV_PEN_2_TV_3(1.0),A,082012,RESPOP_AV,T,Y_GE15,TOTAL,ALL,22,ALL,ALL,2018,492,,,,,,,,ALL_N1,,,,,,,
IT1:DF_DCSS_ISTR_LAV_PEN_2_TV_3(1.0),A,082012,RESPOP_AV,T,Y_GE15,TOTAL,ALL,22,ALL,ALL,2019,501,,,,,,,,ALL_N1,,,,,,,
IT1:DF_DCSS_ISTR_LAV_PEN_2_TV_3(1.0),A,082012,RESPOP_AV,T,Y_GE15,TOTAL,ALL,22,ALL,ALL,2021,455.353537090301,,,,,,,,ALL_N1,,,,,,,
IT1:DF_DCSS_ISTR_LAV_PEN_2_TV_3(1.0),A,082012,RESPOP_AV,T,Y_GE15,TOTAL,ALL,22,ALL,ALL,2022,429.033101981983,,,,,,,,ALL_N1,,,,,,,
IT1:DF_DCSS_ISTR_LAV_PEN_2_TV_3(1.0),A,082012,RESPOP_AV,T,Y_GE15,TOTAL,ALL,22,ALL,ALL,2023,438.67805914277653,,,,,,,,ALL_N1,,,,,,,
IT1:DF_DCSS_ISTR_LAV_PEN_2_TV_3(1.0),A,082012,RESPOP_AV,T,Y_GE15,TOTAL,ALL,22,ALL,ALL,2024,430.35471043547864,,,,,,,,ALL_N1,,,,,,,
IT1:DF_DCSS_ISTR_LAV_PEN_2_TV_3(1.0),A,082012,RESPOP_AV,T,Y_GE15,TOTAL,ALL,23,ALL,ALL,2018,698,,,,,,,,ALL_N1,,,,,,,
IT1:DF_DCSS_ISTR_LAV_PEN_2_TV_3(1.0),A,082012,RESPOP_AV,T,Y_GE15,TOTAL,ALL,23,ALL,ALL,2019,692,,,,,,,,ALL_N1,,,,,,,
IT1:DF_DCSS_ISTR_LAV_PEN_2_TV_3(1.0),A,082012,RESPOP_AV,T,Y_GE15,TOTAL,ALL,23,ALL,ALL,2021,666.646462909699,,,,,,,,ALL_N1,,,,,,,
IT1:DF_DCSS_ISTR_LAV_PEN_2_TV_3(1.0),A,082012,RESPOP_AV,T,Y_GE15,TOTAL,ALL,23,ALL,ALL,2022,671.966898018017,,,,,,,,ALL_N1,,,,,,,
IT1:DF_DCSS_ISTR_LAV_PEN_2_TV_3(1.0),A,082012,RESPOP_AV,T,Y_GE15,TOTAL,ALL,23,ALL,ALL,2023,626.3219408572234,,,,,,,,ALL_N1,,,,,,,
IT1:DF_DCSS_ISTR_LAV_PEN_2_TV_3(1.0),A,082012,RESPOP_AV,T,Y_GE15,TOTAL,ALL,23,ALL,ALL,2024,629.6452895645212,,,,,,,,ALL_N1,,,,,,,
IT1:DF_DCSS_ISTR_LAV_PEN_2_TV_3(1.0),A,082012,RESPOP_AV,T,Y_GE15,TOTAL,ALL,24,ALL,ALL,2018,361,,,,,,,,ALL_N1,,,,,,,
IT1:DF_DCSS_ISTR_LAV_PEN_2_TV_3(1.0),A,082012,RESPOP_AV,T,Y_GE15,TOTAL,ALL,24,ALL,ALL,2019,381,,,,,,,,ALL_N1,,,,,,,
IT1:DF_DCSS_ISTR_LAV_PEN_2_TV_3(1.0),A,082012,RESPOP_AV,T,Y_GE15,TOTAL,ALL,24,ALL,ALL,2021,357.397003233627,,,,,,,,ALL_N1,,,,,,,
IT1:DF_DCSS_ISTR_LAV_PEN_2_TV_3(1.0),A,082012,RESPOP_AV,T,Y_GE15,TOTAL,ALL,24,ALL,ALL,2022,364.939125227645,,,,,,,,ALL_N1,,,,,,,
IT1:DF_DCSS_ISTR_LAV_PEN_2_TV_3(1.0),A,082012,RESPOP_AV,T,Y_GE15,TOTAL,ALL,24,ALL,ALL,2023,335.6297026742446,,,,,,,,ALL_N1,,,,,,,
IT1:DF_DCSS_ISTR_LAV_PEN_2_TV_3(1.0),A,082012,RESPOP_AV,T,Y_GE15,TOTAL,ALL,24,ALL,ALL,2024,322.9318309070416,,,,,,,,ALL_N1,,,,,,,
IT1:DF_DCSS_ISTR_LAV_PEN_2_TV_3(1.0),A,082012,RESPOP_AV,T,Y_GE15,TOTAL,ALL,4,ALL,ALL,2018,109,,,,,,,,ALL_N1,,,,,,,
IT1:DF_DCSS_ISTR_LAV_PEN_2_TV_3(1.0),A,082012,RESPOP_AV,T,Y_GE15,TOTAL,ALL,4,ALL,ALL,2019,105,,,,,,,,ALL_N1,,,,,,,
IT1:DF_DCSS_ISTR_LAV_PEN_2_TV_3(1.0),A,082012,RESPOP_AV,T,Y_GE15,TOTAL,ALL,4,ALL,ALL,2021,118.189126235323,,,,,,,,ALL_N1,,,,,,,
IT1:DF_DCSS_ISTR_LAV_PEN_2_TV_3(1.0),A,082012,RESPOP_AV,T,Y_GE15,TOTAL,ALL,4,ALL,ALL,2022,119.170398342274,,,,,,,,ALL_N1,,,,,,,
IT1:DF_DCSS_ISTR_LAV_PEN_2_TV_3(1.0),A,082012,RESPOP_AV,T,Y_GE15,TOTAL,ALL,4,ALL,ALL,2023,105.13076716209476,,,,,,,,ALL_N1,,,,,,,
IT1:DF_DCSS_ISTR_LAV_PEN_2_TV_3(1.0),A,082012,RESPOP_AV,T,Y_GE15,TOTAL,ALL,4,ALL,ALL,2024,107.6908206009662,,,,,,,,ALL_N1,,,,,,,
IT1:DF_DCSS_ISTR_LAV_PEN_2_TV_3(1.0),A,082012,RESPOP_AV,T,Y_GE15,TOTAL,ALL,5,ALL,ALL,2018,93,,,,,,,,ALL_N1,,,,,,,
IT1:DF_DCSS_ISTR_LAV_PEN_2_TV_3(1.0),A,082012,RESPOP_AV,T,Y_GE15,TOTAL,ALL,5,ALL,ALL,2019,103,,,,,,,,ALL_N1,,,,,,,
IT1:DF_DCSS_ISTR_LAV_PEN_2_TV_3(1.0),A,082012,RESPOP_AV,T,Y_GE15,TOTAL,ALL,5,ALL,ALL,2021,90.0111710210188,,,,,,,,ALL_N1,,,,,,,
IT1:DF_DCSS_ISTR_LAV_PEN_2_TV_3(1.0),A,082012,RESPOP_AV,T,Y_GE15,TOTAL,ALL,5,ALL,ALL,2022,84.4228684093876,,,,,,,,ALL_N1,,,,,,,
IT1:DF_DCSS_ISTR_LAV_PEN_2_TV_3(1.0),A,082012,RESPOP_AV,T,Y_GE15,TOTAL,ALL,5,ALL,ALL,2023,78.27119524132483,,,,,,,,ALL_N1,,,,,,,
IT1:DF_DCSS_ISTR_LAV_PEN_2_TV_3(1.0),A,082012,RESPOP_AV,T,Y_GE15,TOTAL,ALL,5,ALL,ALL,2024,68.17485822562085,,,,,,,,ALL_N1,,,,,,,
IT1:DF_DCSS_ISTR_LAV_PEN_2_TV_3(1.0),A,082012,RESPOP_AV,T,Y_GE15,TOTAL,ALL,7,ALL,ALL,2018,135,,,,,,,,ALL_N1,,,,,,,
IT1:DF_DCSS_ISTR_LAV_PEN_2_TV_3(1.0),A,082012,RESPOP_AV,T,Y_GE15,TOTAL,ALL,7,ALL,ALL,2019,103,,,,,,,,ALL_N1,,,,,,,
IT1:DF_DCSS_ISTR_LAV_PEN_2_TV_3(1.0),A,082012,RESPOP_AV,T,Y_GE15,TOTAL,ALL,7,ALL,ALL,2021,101.049162419731,,,,,,,,ALL_N1,,,,,,,
IT1:DF_DCSS_ISTR_LAV_PEN_2_TV_3(1.0),A,082012,RESPOP_AV,T,Y_GE15,TOTAL,ALL,7,ALL,ALL,2022,103.434506038711,,,,,,,,ALL_N1,,,,,,,
IT1:DF_DCSS_ISTR_LAV_PEN_2_TV_3(1.0),A,082012,RESPOP_AV,T,Y_GE15,TOTAL,ALL,7,ALL,ALL,2023,107.29027577955924,,,,,,,,ALL_N1,,,,,,,
IT1:DF_DCSS_ISTR_LAV_PEN_2_TV_3(1.0),A,082012,RESPOP_AV,T,Y_GE15,TOTAL,ALL,7,ALL,ALL,2024,130.84777983089262,,,,,,,,ALL_N1,,,,,,,
IT1:DF_DCSS_ISTR_LAV_PEN_2_TV_3(1.0),A,082012,RESPOP_AV,T,Y_GE15,TOTAL,ALL,99,ALL,ALL,2018,1190,,,,,,,,ALL_N1,99_N1,,,,,,
IT1:DF_DCSS_ISTR_LAV_PEN_2_TV_3(1.0),A,082012,RESPOP_AV,T,Y_GE15,TOTAL,ALL,99,ALL,ALL,2019,1193,,,,,,,,ALL_N1,99_N1,,,,,,
IT1:DF_DCSS_ISTR_LAV_PEN_2_TV_3(1.0),A,082012,RESPOP_AV,T,Y_GE15,TOTAL,ALL,99,ALL,ALL,2021,1122,,,,,,,,ALL_N1,99_N1,,,,,,
IT1:DF_DCSS_ISTR_LAV_PEN_2_TV_3(1.0),A,082012,RESPOP_AV,T,Y_GE15,TOTAL,ALL,99,ALL,ALL,2022,1101,,,,,,,,ALL_N1,99_N1,,,,,,
IT1:DF_DCSS_ISTR_LAV_PEN_2_TV_3(1.0),A,082012,RESPOP_AV,T,Y_GE15,TOTAL,ALL,99,ALL,ALL,2023,1065,,,,,,,,ALL_N1,99_N1,,,,,,
IT1:DF_DCSS_ISTR_LAV_PEN_2_TV_3(1.0),A,082012,RESPOP_AV,T,Y_GE15,TOTAL,ALL,99,ALL,ALL,2024,1060,,,,,,,,ALL_N1,99_N1,,,,,,
IT1:DF_DCSS_ISTR_LAV_PEN_2_TV_3(1.0),A,082013,RESPOP_AV,F,Y_GE15,TOTAL,ALL,1,ALL,ALL,2018,618,,,,,,,,ALL_N1,,,,,,,
IT1:DF_DCSS_ISTR_LAV_PEN_2_TV_3(1.0),A,082013,RESPOP_AV,F,Y_GE15,TOTAL,ALL,1,ALL,ALL,2019,644,,,,,,,,ALL_N1,,,,,,,
IT1:DF_DCSS_ISTR_LAV_PEN_2_TV_3(1.0),A,082013,RESPOP_AV,F,Y_GE15,TOTAL,ALL,1,ALL,ALL,2021,678,,,,,,,,ALL_N1,,,,,,,
IT1:DF_DCSS_ISTR_LAV_PEN_2_TV_3(1.0),A,082013,RESPOP_AV,F,Y_GE15,TOTAL,ALL,1,ALL,ALL,2022,695,,,,,,,,ALL_N1,,,,,,,
IT1:DF_DCSS_ISTR_LAV_PEN_2_TV_3(1.0),A,082013,RESPOP_AV,F,Y_GE15,TOTAL,ALL,1,ALL,ALL,2023,717,,,,,,,,ALL_N1,,,,,,,
IT1:DF_DCSS_ISTR_LAV_PEN_2_TV_3(1.0),A,082013,RESPOP_AV,F,Y_GE15,TOTAL,ALL,1,ALL,ALL,2024,782,,,,,,,,ALL_N1,,,,,,,
IT1:DF_DCSS_ISTR_LAV_PEN_2_TV_3(1.0),A,082013,RESPOP_AV,F,Y_GE15,TOTAL,ALL,12,ALL,ALL,2018,339,,,,,,,,ALL_N1,,,,,,,
IT1:DF_DCSS_ISTR_LAV_PEN_2_TV_3(1.0),A,082013,RESPOP_AV,F,Y_GE15,TOTAL,ALL,12,ALL,ALL,2019,369,,,,,,,,ALL_N1,,,,,,,
IT1:DF_DCSS_ISTR_LAV_PEN_2_TV_3(1.0),A,082013,RESPOP_AV,F,Y_GE15,TOTAL,ALL,12,ALL,ALL,2021,173.907343043932,,,,,,,,ALL_N1,,,,,,,
IT1:DF_DCSS_ISTR_LAV_PEN_2_TV_3(1.0),A,082013,RESPOP_AV,F,Y_GE15,TOTAL,ALL,12,ALL,ALL,2022,182.600873782552,,,,,,,,ALL_N1,,,,,,,
IT1:DF_DCSS_ISTR_LAV_PEN_2_TV_3(1.0),A,082013,RESPOP_AV,F,Y_GE15,TOTAL,ALL,12,ALL,ALL,2023,163.59742777157092,,,,,,,,ALL_N1,,,,,,,
IT1:DF_DCSS_ISTR_LAV_PEN_2_TV_3(1.0),A,082013,RESPOP_AV,F,Y_GE15,TOTAL,ALL,12,ALL,ALL,2024,123.3398098435981,,,,,,,,ALL_N1,,,,,,,
IT1:DF_DCSS_ISTR_LAV_PEN_2_TV_3(1.0),A,082013,RESPOP_AV,F,Y_GE15,TOTAL,ALL,22,ALL,ALL,2018,957,,,,,,,,ALL_N1,,,,,,,
IT1:DF_DCSS_ISTR_LAV_PEN_2_TV_3(1.0),A,082013,RESPOP_AV,F,Y_GE15,TOTAL,ALL,22,ALL,ALL,2019,1013,,,,,,,,ALL_N1,,,,,,,
IT1:DF_DCSS_ISTR_LAV_PEN_2_TV_3(1.0),A,082013,RESPOP_AV,F,Y_GE15,TOTAL,ALL,22,ALL,ALL,2021,851.907343043932,,,,,,,,ALL_N1,,,,,,,
IT1:DF_DCSS_ISTR_LAV_PEN_2_TV_3(1.0),A,082013,RESPOP_AV,F,Y_GE15,TOTAL,ALL,22,ALL,ALL,2022,877.600873782552,,,,,,,,ALL_N1,,,,,,,
IT1:DF_DCSS_ISTR_LAV_PEN_2_TV_3(1.0),A,082013,RESPOP_AV,F,Y_GE15,TOTAL,ALL,22,ALL,ALL,2023,880.5974277715709,,,,,,,,ALL_N1,,,,,,,
IT1:DF_DCSS_ISTR_LAV_PEN_2_TV_3(1.0),A,082013,RESPOP_AV,F,Y_GE15,TOTAL,ALL,22,ALL,ALL,2024,905.3398098435981,,,,,,,,ALL_N1,,,,,,,
IT1:DF_DCSS_ISTR_LAV_PEN_2_TV_3(1.0),A,082013,RESPOP_AV,F,Y_GE15,TOTAL,ALL,23,ALL,ALL,2018,2070,,,,,,,,ALL_N1,,,,,,,
IT1:DF_DCSS_ISTR_LAV_PEN_2_TV_3(1.0),A,082013,RESPOP_AV,F,Y_GE15,TOTAL,ALL,23,ALL,ALL,2019,2023,,,,,,,,ALL_N1,,,,,,,
IT1:DF_DCSS_ISTR_LAV_PEN_2_TV_3(1.0),A,082013,RESPOP_AV,F,Y_GE15,TOTAL,ALL,23,ALL,ALL,2021,2172.09265695607,,,,,,,,ALL_N1,,,,,,,
IT1:DF_DCSS_ISTR_LAV_PEN_2_TV_3(1.0),A,082013,RESPOP_AV,F,Y_GE15,TOTAL,ALL,23,ALL,ALL,2022,2137.39912621745,,,,,,,,ALL_N1,,,,,,,
IT1:DF_DCSS_ISTR_LAV_PEN_2_TV_3(1.0),A,082013,RESPOP_AV,F,Y_GE15,TOTAL,ALL,23,ALL,ALL,2023,2171.402572228429,,,,,,,,ALL_N1,,,,,,,
IT1:DF_DCSS_ISTR_LAV_PEN_2_TV_3(1.0),A,082013,RESPOP_AV,F,Y_GE15,TOTAL,ALL,23,ALL,ALL,2024,2170.6601901564018,,,,,,,,ALL_N1,,,,,,,
IT1:DF_DCSS_ISTR_LAV_PEN_2_TV_3(1.0),A,082013,RESPOP_AV,F,Y_GE15,TOTAL,ALL,24,ALL,ALL,2018,395,,,,,,,,ALL_N1,,,,,,,
IT1:DF_DCSS_ISTR_LAV_PEN_2_TV_3(1.0),A,082013,RESPOP_AV,F,Y_GE15,TOTAL,ALL,24,ALL,ALL,2019,389,,,,,,,,ALL_N1,,,,,,,
IT1:DF_DCSS_ISTR_LAV_PEN_2_TV_3(1.0),A,082013,RESPOP_AV,F,Y_GE15,TOTAL,ALL,24,ALL,ALL,2021,438.867748998212,,,,,,,,ALL_N1,,,,,,,
IT1:DF_DCSS_ISTR_LAV_PEN_2_TV_3(1.0),A,082013,RESPOP_AV,F,Y_GE15,TOTAL,ALL,24,ALL,ALL,2022,389.677270284529,,,,,,,,ALL_N1,,,,,,,
IT1:DF_DCSS_ISTR_LAV_PEN_2_TV_3(1.0),A,082013,RESPOP_AV,F,Y_GE15,TOTAL,ALL,24,ALL,ALL,2023,365.0841349706107,,,,,,,,ALL_N1,,,,,,,
IT1:DF_DCSS_ISTR_LAV_PEN_2_TV_3(1.0),A,082013,RESPOP_AV,F,Y_GE15,TOTAL,ALL,24,ALL,ALL,2024,401.25916297203764,,,,,,,,ALL_N1,,,,,,,
IT1:DF_DCSS_ISTR_LAV_PEN_2_TV_3(1.0),A,082013,RESPOP_AV,F,Y_GE15,TOTAL,ALL,4,ALL,ALL,2018,1134,,,,,,,,ALL_N1,,,,,,,
IT1:DF_DCSS_ISTR_LAV_PEN_2_TV_3(1.0),A,082013,RESPOP_AV,F,Y_GE15,TOTAL,ALL,4,ALL,ALL,2019,1116,,,,,,,,ALL_N1,,,,,,,
IT1:DF_DCSS_ISTR_LAV_PEN_2_TV_3(1.0),A,082013,RESPOP_AV,F,Y_GE15,TOTAL,ALL,4,ALL,ALL,2021,1163.82325645409,,,,,,,,ALL_N1,,,,,,,
IT1:DF_DCSS_ISTR_LAV_PEN_2_TV_3(1.0),A,082013,RESPOP_AV,F,Y_GE15,TOTAL,ALL,4,ALL,ALL,2022,1143.55908938489,,,,,,,,ALL_N1,,,,,,,
IT1:DF_DCSS_ISTR_LAV_PEN_2_TV_3(1.0),A,082013,RESPOP_AV,F,Y_GE15,TOTAL,ALL,4,ALL,ALL,2023,1213.9759968964202,,,,,,,,ALL_N1,,,,,,,
IT1:DF_DCSS_ISTR_LAV_PEN_2_TV_3(1.0),A,082013,RESPOP_AV,F,Y_GE15,TOTAL,ALL,4,ALL,ALL,2024,1175.2999134279553,,,,,,,,ALL_N1,,,,,,,
IT1:DF_DCSS_ISTR_LAV_PEN_2_TV_3(1.0),A,082013,RESPOP_AV,F,Y_GE15,TOTAL,ALL,5,ALL,ALL,2018,250,,,,,,,,ALL_N1,,,,,,,
IT1:DF_DCSS_ISTR_LAV_PEN_2_TV_3(1.0),A,082013,RESPOP_AV,F,Y_GE15,TOTAL,ALL,5,ALL,ALL,2019,260,,,,,,,,ALL_N1,,,,,,,
IT1:DF_DCSS_ISTR_LAV_PEN_2_TV_3(1.0),A,082013,RESPOP_AV,F,Y_GE15,TOTAL,ALL,5,ALL,ALL,2021,271.165406151438,,,,,,,,ALL_N1,,,,,,,
IT1:DF_DCSS_ISTR_LAV_PEN_2_TV_3(1.0),A,082013,RESPOP_AV,F,Y_GE15,TOTAL,ALL,5,ALL,ALL,2022,271.240635119329,,,,,,,,ALL_N1,,,,,,,
IT1:DF_DCSS_ISTR_LAV_PEN_2_TV_3(1.0),A,082013,RESPOP_AV,F,Y_GE15,TOTAL,ALL,5,ALL,ALL,2023,280.4829959088464,,,,,,,,ALL_N1,,,,,,,
IT1:DF_DCSS_ISTR_LAV_PEN_2_TV_3(1.0),A,082013,RESPOP_AV,F,Y_GE15,TOTAL,ALL,5,ALL,ALL,2024,289.7728478843395,,,,,,,,ALL_N1,,,,,,,
IT1:DF_DCSS_ISTR_LAV_PEN_2_TV_3(1.0),A,082013,RESPOP_AV,F,Y_GE15,TOTAL,ALL,7,ALL,ALL,2018,291,,,,,,,,ALL_N1,,,,,,,
IT1:DF_DCSS_ISTR_LAV_PEN_2_TV_3(1.0),A,082013,RESPOP_AV,F,Y_GE15,TOTAL,ALL,7,ALL,ALL,2019,258,,,,,,,,ALL_N1,,,,,,,
IT1:DF_DCSS_ISTR_LAV_PEN_2_TV_3(1.0),A,082013,RESPOP_AV,F,Y_GE15,TOTAL,ALL,7,ALL,ALL,2021,298.236245352325,,,,,,,,ALL_N1,,,,,,,
IT1:DF_DCSS_ISTR_LAV_PEN_2_TV_3(1.0),A,082013,RESPOP_AV,F,Y_GE15,TOTAL,ALL,7,ALL,ALL,2022,332.922131428696,,,,,,,,ALL_N1,,,,,,,
IT1:DF_DCSS_ISTR_LAV_PEN_2_TV_3(1.0),A,082013,RESPOP_AV,F,Y_GE15,TOTAL,ALL,7,ALL,ALL,2023,311.8594444525518,,,,,,,,ALL_N1,,,,,,,
IT1:DF_DCSS_ISTR_LAV_PEN_2_TV_3(1.0),A,082013,RESPOP_AV,F,Y_GE15,TOTAL,ALL,7,ALL,ALL,2024,304.32826587206904,,,,,,,,ALL_N1,,,,,,,
IT1:DF_DCSS_ISTR_LAV_PEN_2_TV_3(1.0),A,082013,RESPOP_AV,F,Y_GE15,TOTAL,ALL,99,ALL,ALL,2018,3027,,,,,,,,ALL_N1,99_N1,,,,,,
IT1:DF_DCSS_ISTR_LAV_PEN_2_TV_3(1.0),A,082013,RESPOP_AV,F,Y_GE15,TOTAL,ALL,99,ALL,ALL,2019,3035,,,,,,,,ALL_N1,99_N1,,,,,,
IT1:DF_DCSS_ISTR_LAV_PEN_2_TV_3(1.0),A,082013,RESPOP_AV,F,Y_GE15,TOTAL,ALL,99,ALL,ALL,2021,3024,,,,,,,,ALL_N1,99_N1,,,,,,
IT1:DF_DCSS_ISTR_LAV_PEN_2_TV_3(1.0),A,082013,RESPOP_AV,F,Y_GE15,TOTAL,ALL,99,ALL,ALL,2022,3015,,,,,,,,ALL_N1,99_N1,,,,,,
IT1:DF_DCSS_ISTR_LAV_PEN_2_TV_3(1.0),A,082013,RESPOP_AV,F,Y_GE15,TOTAL,ALL,99,ALL,ALL,2023,3052,,,,,,,,ALL_N1,99_N1,,,,,,
IT1:DF_DCSS_ISTR_LAV_PEN_2_TV_3(1.0),A,082013,RESPOP_AV,F,Y_GE15,TOTAL,ALL,99,ALL,ALL,2024,3075.9999999999995,,,,,,,,ALL_N1,99_N1,,,,,,
IT1:DF_DCSS_ISTR_LAV_PEN_2_TV_3(1.0),A,082013,RESPOP_AV,M,Y_GE15,TOTAL,ALL,1,ALL,ALL,2018,1229,,,,,,,,ALL_N1,,,,,,,
IT1:DF_DCSS_ISTR_LAV_PEN_2_TV_3(1.0),A,082013,RESPOP_AV,M,Y_GE15,TOTAL,ALL,1,ALL,ALL,2019,1272,,,,,,,,ALL_N1,,,,,,,
IT1:DF_DCSS_ISTR_LAV_PEN_2_TV_3(1.0),A,082013,RESPOP_AV,M,Y_GE15,TOTAL,ALL,1,ALL,ALL,2021,1311,,,,,,,,ALL_N1,,,,,,,
IT1:DF_DCSS_ISTR_LAV_PEN_2_TV_3(1.0),A,082013,RESPOP_AV,M,Y_GE15,TOTAL,ALL,1,ALL,ALL,2022,1301,,,,,,,,ALL_N1,,,,,,,
IT1:DF_DCSS_ISTR_LAV_PEN_2_TV_3(1.0),A,082013,RESPOP_AV,M,Y_GE15,TOTAL,ALL,1,ALL,ALL,2023,1353,,,,,,,,ALL_N1,,,,,,,
IT1:DF_DCSS_ISTR_LAV_PEN_2_TV_3(1.0),A,082013,RESPOP_AV,M,Y_GE15,TOTAL,ALL,1,ALL,ALL,2024,1429,,,,,,,,ALL_N1,,,,,,,
IT1:DF_DCSS_ISTR_LAV_PEN_2_TV_3(1.0),A,082013,RESPOP_AV,M,Y_GE15,TOTAL,ALL,12,ALL,ALL,2018,479,,,,,,,,ALL_N1,,,,,,,
IT1:DF_DCSS_ISTR_LAV_PEN_2_TV_3(1.0),A,082013,RESPOP_AV,M,Y_GE15,TOTAL,ALL,12,ALL,ALL,2019,471,,,,,,,,ALL_N1,,,,,,,
IT1:DF_DCSS_ISTR_LAV_PEN_2_TV_3(1.0),A,082013,RESPOP_AV,M,Y_GE15,TOTAL,ALL,12,ALL,ALL,2021,229.838428712885,,,,,,,,ALL_N1,,,,,,,
IT1:DF_DCSS_ISTR_LAV_PEN_2_TV_3(1.0),A,082013,RESPOP_AV,M,Y_GE15,TOTAL,ALL,12,ALL,ALL,2022,218.264703558681,,,,,,,,ALL_N1,,,,,,,
IT1:DF_DCSS_ISTR_LAV_PEN_2_TV_3(1.0),A,082013,RESPOP_AV,M,Y_GE15,TOTAL,ALL,12,ALL,ALL,2023,195.94989362629536,,,,,,,,ALL_N1,,,,,,,
IT1:DF_DCSS_ISTR_LAV_PEN_2_TV_3(1.0),A,082013,RESPOP_AV,M,Y_GE15,TOTAL,ALL,12,ALL,ALL,2024,149.319096924249,,,,,,,,ALL_N1,,,,,,,
IT1:DF_DCSS_ISTR_LAV_PEN_2_TV_3(1.0),A,082013,RESPOP_AV,M,Y_GE15,TOTAL,ALL,22,ALL,ALL,2018,1708,,,,,,,,ALL_N1,,,,,,,
IT1:DF_DCSS_ISTR_LAV_PEN_2_TV_3(1.0),A,082013,RESPOP_AV,M,Y_GE15,TOTAL,ALL,22,ALL,ALL,2019,1743,,,,,,,,ALL_N1,,,,,,,
IT1:DF_DCSS_ISTR_LAV_PEN_2_TV_3(1.0),A,082013,RESPOP_AV,M,Y_GE15,TOTAL,ALL,22,ALL,ALL,2021,1540.83842871288,,,,,,,,ALL_N1,,,,,,,
IT1:DF_DCSS_ISTR_LAV_PEN_2_TV_3(1.0),A,082013,RESPOP_AV,M,Y_GE15,TOTAL,ALL,22,ALL,ALL,2022,1519.26470355868,,,,,,,,ALL_N1,,,,,,,
IT1:DF_DCSS_ISTR_LAV_PEN_2_TV_3(1.0),A,082013,RESPOP_AV,M,Y_GE15,TOTAL,ALL,22,ALL,ALL,2023,1548.9498936262953,,,,,,,,ALL_N1,,,,,,,
IT1:DF_DCSS_ISTR_LAV_PEN_2_TV_3(1.0),A,082013,RESPOP_AV,M,Y_GE15,TOTAL,ALL,22,ALL,ALL,2024,1578.319096924249,,,,,,,,ALL_N1,,,,,,,
IT1:DF_DCSS_ISTR_LAV_PEN_2_TV_3(1.0),A,082013,RESPOP_AV,M,Y_GE15,TOTAL,ALL,23,ALL,ALL,2018,1330,,,,,,,,ALL_N1,,,,,,,
IT1:DF_DCSS_ISTR_LAV_PEN_2_TV_3(1.0),A,082013,RESPOP_AV,M,Y_GE15,TOTAL,ALL,23,ALL,ALL,2019,1238,,,,,,,,ALL_N1,,,,,,,
IT1:DF_DCSS_ISTR_LAV_PEN_2_TV_3(1.0),A,082013,RESPOP_AV,M,Y_GE15,TOTAL,ALL,23,ALL,ALL,2021,1423.16157128712,,,,,,,,ALL_N1,,,,,,,
IT1:DF_DCSS_ISTR_LAV_PEN_2_TV_3(1.0),A,082013,RESPOP_AV,M,Y_GE15,TOTAL,ALL,23,ALL,ALL,2022,1411.73529644132,,,,,,,,ALL_N1,,,,,,,
IT1:DF_DCSS_ISTR_LAV_PEN_2_TV_3(1.0),A,082013,RESPOP_AV,M,Y_GE15,TOTAL,ALL,23,ALL,ALL,2023,1386.0501063737047,,,,,,,,ALL_N1,,,,,,,
IT1:DF_DCSS_ISTR_LAV_PEN_2_TV_3(1.0),A,082013,RESPOP_AV,M,Y_GE15,TOTAL,ALL,23,ALL,ALL,2024,1393.680903075751,,,,,,,,ALL_N1,,,,,,,
IT1:DF_DCSS_ISTR_LAV_PEN_2_TV_3(1.0),A,082013,RESPOP_AV,M,Y_GE15,TOTAL,ALL,24,ALL,ALL,2018,524,,,,,,,,ALL_N1,,,,,,,
IT1:DF_DCSS_ISTR_LAV_PEN_2_TV_3(1.0),A,082013,RESPOP_AV,M,Y_GE15,TOTAL,ALL,24,ALL,ALL,2019,536,,,,,,,,ALL_N1,,,,,,,
IT1:DF_DCSS_ISTR_LAV_PEN_2_TV_3(1.0),A,082013,RESPOP_AV,M,Y_GE15,TOTAL,ALL,24,ALL,ALL,2021,598.408913492167,,,,,,,,ALL_N1,,,,,,,
IT1:DF_DCSS_ISTR_LAV_PEN_2_TV_3(1.0),A,082013,RESPOP_AV,M,Y_GE15,TOTAL,ALL,24,ALL,ALL,2022,600.999930979192,,,,,,,,ALL_N1,,,,,,,
IT1:DF_DCSS_ISTR_LAV_PEN_2_TV_3(1.0),A,082013,RESPOP_AV,M,Y_GE15,TOTAL,ALL,24,ALL,ALL,2023,582.50928943602,,,,,,,,ALL_N1,,,,,,,
IT1:DF_DCSS_ISTR_LAV_PEN_2_TV_3(1.0),A,082013,RESPOP_AV,M,Y_GE15,TOTAL,ALL,24,ALL,ALL,2024,612.3946664212264,,,,,,,,ALL_N1,,,,,,,
IT1:DF_DCSS_ISTR_LAV_PEN_2_TV_3(1.0),A,082013,RESPOP_AV,M,Y_GE15,TOTAL,ALL,4,ALL,ALL,2018,63,,,,,,,,ALL_N1,,,,,,,
IT1:DF_DCSS_ISTR_LAV_PEN_2_TV_3(1.0),A,082013,RESPOP_AV,M,Y_GE15,TOTAL,ALL,4,ALL,ALL,2019,63,,,,,,,,ALL_N1,,,,,,,
IT1:DF_DCSS_ISTR_LAV_PEN_2_TV_3(1.0),A,082013,RESPOP_AV,M,Y_GE15,TOTAL,ALL,4,ALL,ALL,2021,89.5694625532895,,,,,,,,ALL_N1,,,,,,,
IT1:DF_DCSS_ISTR_LAV_PEN_2_TV_3(1.0),A,082013,RESPOP_AV,M,Y_GE15,TOTAL,ALL,4,ALL,ALL,2022,83.135256593548,,,,,,,,ALL_N1,,,,,,,
IT1:DF_DCSS_ISTR_LAV_PEN_2_TV_3(1.0),A,082013,RESPOP_AV,M,Y_GE15,TOTAL,ALL,4,ALL,ALL,2023,107.77083474385873,,,,,,,,ALL_N1,,,,,,,
IT1:DF_DCSS_ISTR_LAV_PEN_2_TV_3(1.0),A,082013,RESPOP_AV,M,Y_GE15,TOTAL,ALL,4,ALL,ALL,2024,91.6805683077284,,,,,,,,ALL_N1,,,,,,,
IT1:DF_DCSS_ISTR_LAV_PEN_2_TV_3(1.0),A,082013,RESPOP_AV,M,Y_GE15,TOTAL,ALL,5,ALL,ALL,2018,234,,,,,,,,ALL_N1,,,,,,,
IT1:DF_DCSS_ISTR_LAV_PEN_2_TV_3(1.0),A,082013,RESPOP_AV,M,Y_GE15,TOTAL,ALL,5,ALL,ALL,2019,222,,,,,,,,ALL_N1,,,,,,,
IT1:DF_DCSS_ISTR_LAV_PEN_2_TV_3(1.0),A,082013,RESPOP_AV,M,Y_GE15,TOTAL,ALL,5,ALL,ALL,2021,230.468828490294,,,,,,,,ALL_N1,,,,,,,
IT1:DF_DCSS_ISTR_LAV_PEN_2_TV_3(1.0),A,082013,RESPOP_AV,M,Y_GE15,TOTAL,ALL,5,ALL,ALL,2022,243.065902411496,,,,,,,,ALL_N1,,,,,,,
IT1:DF_DCSS_ISTR_LAV_PEN_2_TV_3(1.0),A,082013,RESPOP_AV,M,Y_GE15,TOTAL,ALL,5,ALL,ALL,2023,234.10560171415798,,,,,,,,ALL_N1,,,,,,,
IT1:DF_DCSS_ISTR_LAV_PEN_2_TV_3(1.0),A,082013,RESPOP_AV,M,Y_GE15,TOTAL,ALL,5,ALL,ALL,2024,240.60916315983624,,,,,,,,ALL_N1,,,,,,,
IT1:DF_DCSS_ISTR_LAV_PEN_2_TV_3(1.0),A,082013,RESPOP_AV,M,Y_GE15,TOTAL,ALL,7,ALL,ALL,2018,509,,,,,,,,ALL_N1,,,,,,,
IT1:DF_DCSS_ISTR_LAV_PEN_2_TV_3(1.0),A,082013,RESPOP_AV,M,Y_GE15,TOTAL,ALL,7,ALL,ALL,2019,417,,,,,,,,ALL_N1,,,,,,,
IT1:DF_DCSS_ISTR_LAV_PEN_2_TV_3(1.0),A,082013,RESPOP_AV,M,Y_GE15,TOTAL,ALL,7,ALL,ALL,2021,504.714366751365,,,,,,,,ALL_N1,,,,,,,
IT1:DF_DCSS_ISTR_LAV_PEN_2_TV_3(1.0),A,082013,RESPOP_AV,M,Y_GE15,TOTAL,ALL,7,ALL,ALL,2022,484.534206457083,,,,,,,,ALL_N1,,,,,,,
IT1:DF_DCSS_ISTR_LAV_PEN_2_TV_3(1.0),A,082013,RESPOP_AV,M,Y_GE15,TOTAL,ALL,7,ALL,ALL,2023,461.66438047966795,,,,,,,,ALL_N1,,,,,,,
IT1:DF_DCSS_ISTR_LAV_PEN_2_TV_3(1.0),A,082013,RESPOP_AV,M,Y_GE15,TOTAL,ALL,7,ALL,ALL,2024,448.99650518696,,,,,,,,ALL_N1,,,,,,,
IT1:DF_DCSS_ISTR_LAV_PEN_2_TV_3(1.0),A,082013,RESPOP_AV,M,Y_GE15,TOTAL,ALL,99,ALL,ALL,2018,3038,,,,,,,,ALL_N1,99_N1,,,,,,
IT1:DF_DCSS_ISTR_LAV_PEN_2_TV_3(1.0),A,082013,RESPOP_AV,M,Y_GE15,TOTAL,ALL,99,ALL,ALL,2019,2980,,,,,,,,ALL_N1,99_N1,,,,,,
IT1:DF_DCSS_ISTR_LAV_PEN_2_TV_3(1.0),A,082013,RESPOP_AV,M,Y_GE15,TOTAL,ALL,99,ALL,ALL,2021,2964,,,,,,,,ALL_N1,99_N1,,,,,,
IT1:DF_DCSS_ISTR_LAV_PEN_2_TV_3(1.0),A,082013,RESPOP_AV,M,Y_GE15,TOTAL,ALL,99,ALL,ALL,2022,2931,,,,,,,,ALL_N1,99_N1,,,,,,
IT1:DF_DCSS_ISTR_LAV_PEN_2_TV_3(1.0),A,082013,RESPOP_AV,M,Y_GE15,TOTAL,ALL,99,ALL,ALL,2023,2935,,,,,,,,ALL_N1,99_N1,,,,,,
IT1:DF_DCSS_ISTR_LAV_PEN_2_TV_3(1.0),A,082013,RESPOP_AV,M,Y_GE15,TOTAL,ALL,99,ALL,ALL,2024,2972,,,,,,,,ALL_N1,99_N1,,,,,,
IT1:DF_DCSS_ISTR_LAV_PEN_2_TV_3(1.0),A,082013,RESPOP_AV,T,Y_GE15,TOTAL,ALL,1,ALL,ALL,2018,1847,,,,,,,,ALL_N1,,,,,,,
IT1:DF_DCSS_ISTR_LAV_PEN_2_TV_3(1.0),A,082013,RESPOP_AV,T,Y_GE15,TOTAL,ALL,1,ALL,ALL,2019,1916,,,,,,,,ALL_N1,,,,,,,
IT1:DF_DCSS_ISTR_LAV_PEN_2_TV_3(1.0),A,082013,RESPOP_AV,T,Y_GE15,TOTAL,ALL,1,ALL,ALL,2021,1989,,,,,,,,ALL_N1,,,,,,,
IT1:DF_DCSS_ISTR_LAV_PEN_2_TV_3(1.0),A,082013,RESPOP_AV,T,Y_GE15,TOTAL,ALL,1,ALL,ALL,2022,1996,,,,,,,,ALL_N1,,,,,,,
IT1:DF_DCSS_ISTR_LAV_PEN_2_TV_3(1.0),A,082013,RESPOP_AV,T,Y_GE15,TOTAL,ALL,1,ALL,ALL,2023,2070,,,,,,,,ALL_N1,,,,,,,
IT1:DF_DCSS_ISTR_LAV_PEN_2_TV_3(1.0),A,082013,RESPOP_AV,T,Y_GE15,TOTAL,ALL,1,ALL,ALL,2024,2211,,,,,,,,ALL_N1,,,,,,,
IT1:DF_DCSS_ISTR_LAV_PEN_2_TV_3(1.0),A,082013,RESPOP_AV,T,Y_GE15,TOTAL,ALL,12,ALL,ALL,2018,818,,,,,,,,ALL_N1,,,,,,,
IT1:DF_DCSS_ISTR_LAV_PEN_2_TV_3(1.0),A,082013,RESPOP_AV,T,Y_GE15,TOTAL,ALL,12,ALL,ALL,2019,839,,,,,,,,ALL_N1,,,,,,,
IT1:DF_DCSS_ISTR_LAV_PEN_2_TV_3(1.0),A,082013,RESPOP_AV,T,Y_GE15,TOTAL,ALL,12,ALL,ALL,2021,403.745771756817,,,,,,,,ALL_N1,,,,,,,
IT1:DF_DCSS_ISTR_LAV_PEN_2_TV_3(1.0),A,082013,RESPOP_AV,T,Y_GE15,TOTAL,ALL,12,ALL,ALL,2022,400.865577341233,,,,,,,,ALL_N1,,,,,,,
IT1:DF_DCSS_ISTR_LAV_PEN_2_TV_3(1.0),A,082013,RESPOP_AV,T,Y_GE15,TOTAL,ALL,12,ALL,ALL,2023,359.5473213978663,,,,,,,,ALL_N1,,,,,,,
IT1:DF_DCSS_ISTR_LAV_PEN_2_TV_3(1.0),A,082013,RESPOP_AV,T,Y_GE15,TOTAL,ALL,12,ALL,ALL,2024,272.6589067678471,,,,,,,,ALL_N1,,,,,,,
IT1:DF_DCSS_ISTR_LAV_PEN_2_TV_3(1.0),A,082013,RESPOP_AV,T,Y_GE15,TOTAL,ALL,22,ALL,ALL,2018,2665,,,,,,,,ALL_N1,,,,,,,
IT1:DF_DCSS_ISTR_LAV_PEN_2_TV_3(1.0),A,082013,RESPOP_AV,T,Y_GE15,TOTAL,ALL,22,ALL,ALL,2019,2755,,,,,,,,ALL_N1,,,,,,,
IT1:DF_DCSS_ISTR_LAV_PEN_2_TV_3(1.0),A,082013,RESPOP_AV,T,Y_GE15,TOTAL,ALL,22,ALL,ALL,2021,2392.74577175682,,,,,,,,ALL_N1,,,,,,,
IT1:DF_DCSS_ISTR_LAV_PEN_2_TV_3(1.0),A,082013,RESPOP_AV,T,Y_GE15,TOTAL,ALL,22,ALL,ALL,2022,2396.86557734123,,,,,,,,ALL_N1,,,,,,,
IT1:DF_DCSS_ISTR_LAV_PEN_2_TV_3(1.0),A,082013,RESPOP_AV,T,Y_GE15,TOTAL,ALL,22,ALL,ALL,2023,2429.547321397866,,,,,,,,ALL_N1,,,,,,,
IT1:DF_DCSS_ISTR_LAV_PEN_2_TV_3(1.0),A,082013,RESPOP_AV,T,Y_GE15,TOTAL,ALL,22,ALL,ALL,2024,2483.658906767847,,,,,,,,ALL_N1,,,,,,,
IT1:DF_DCSS_ISTR_LAV_PEN_2_TV_3(1.0),A,082013,RESPOP_AV,T,Y_GE15,TOTAL,ALL,23,ALL,ALL,2018,3400,,,,,,,,ALL_N1,,,,,,,
IT1:DF_DCSS_ISTR_LAV_PEN_2_TV_3(1.0),A,082013,RESPOP_AV,T,Y_GE15,TOTAL,ALL,23,ALL,ALL,2019,3260,,,,,,,,ALL_N1,,,,,,,
IT1:DF_DCSS_ISTR_LAV_PEN_2_TV_3(1.0),A,082013,RESPOP_AV,T,Y_GE15,TOTAL,ALL,23,ALL,ALL,2021,3595.25422824318,,,,,,,,ALL_N1,,,,,,,
IT1:DF_DCSS_ISTR_LAV_PEN_2_TV_3(1.0),A,082013,RESPOP_AV,T,Y_GE15,TOTAL,ALL,23,ALL,ALL,2022,3549.13442265877,,,,,,,,ALL_N1,,,,,,,
IT1:DF_DCSS_ISTR_LAV_PEN_2_TV_3(1.0),A,082013,RESPOP_AV,T,Y_GE15,TOTAL,ALL,23,ALL,ALL,2023,3557.452678602134,,,,,,,,ALL_N1,,,,,,,
IT1:DF_DCSS_ISTR_LAV_PEN_2_TV_3(1.0),A,082013,RESPOP_AV,T,Y_GE15,TOTAL,ALL,23,ALL,ALL,2024,3564.3410932321526,,,,,,,,ALL_N1,,,,,,,
IT1:DF_DCSS_ISTR_LAV_PEN_2_TV_3(1.0),A,082013,RESPOP_AV,T,Y_GE15,TOTAL,ALL,24,ALL,ALL,2018,919,,,,,,,,ALL_N1,,,,,,,
IT1:DF_DCSS_ISTR_LAV_PEN_2_TV_3(1.0),A,082013,RESPOP_AV,T,Y_GE15,TOTAL,ALL,24,ALL,ALL,2019,925,,,,,,,,ALL_N1,,,,,,,
IT1:DF_DCSS_ISTR_LAV_PEN_2_TV_3(1.0),A,082013,RESPOP_AV,T,Y_GE15,TOTAL,ALL,24,ALL,ALL,2021,1037.27666249038,,,,,,,,ALL_N1,,,,,,,
IT1:DF_DCSS_ISTR_LAV_PEN_2_TV_3(1.0),A,082013,RESPOP_AV,T,Y_GE15,TOTAL,ALL,24,ALL,ALL,2022,990.677201263721,,,,,,,,ALL_N1,,,,,,,
IT1:DF_DCSS_ISTR_LAV_PEN_2_TV_3(1.0),A,082013,RESPOP_AV,T,Y_GE15,TOTAL,ALL,24,ALL,ALL,2023,947.5934244066308,,,,,,,,ALL_N1,,,,,,,
IT1:DF_DCSS_ISTR_LAV_PEN_2_TV_3(1.0),A,082013,RESPOP_AV,T,Y_GE15,TOTAL,ALL,24,ALL,ALL,2024,1013.653829393264,,,,,,,,ALL_N1,,,,,,,
IT1:DF_DCSS_ISTR_LAV_PEN_2_TV_3(1.0),A,082013,RESPOP_AV,T,Y_GE15,TOTAL,ALL,4,ALL,ALL,2018,1197,,,,,,,,ALL_N1,,,,,,,
IT1:DF_DCSS_ISTR_LAV_PEN_2_TV_3(1.0),A,082013,RESPOP_AV,T,Y_GE15,TOTAL,ALL,4,ALL,ALL,2019,1179,,,,,,,,ALL_N1,,,,,,,
IT1:DF_DCSS_ISTR_LAV_PEN_2_TV_3(1.0),A,082013,RESPOP_AV,T,Y_GE15,TOTAL,ALL,4,ALL,ALL,2021,1253.39271900738,,,,,,,,ALL_N1,,,,,,,
IT1:DF_DCSS_ISTR_LAV_PEN_2_TV_3(1.0),A,082013,RESPOP_AV,T,Y_GE15,TOTAL,ALL,4,ALL,ALL,2022,1226.69434597844,,,,,,,,ALL_N1,,,,,,,
IT1:DF_DCSS_ISTR_LAV_PEN_2_TV_3(1.0),A,082013,RESPOP_AV,T,Y_GE15,TOTAL,ALL,4,ALL,ALL,2023,1321.7468316402787,,,,,,,,ALL_N1,,,,,,,
IT1:DF_DCSS_ISTR_LAV_PEN_2_TV_3(1.0),A,082013,RESPOP_AV,T,Y_GE15,TOTAL,ALL,4,ALL,ALL,2024,1266.9804817356837,,,,,,,,ALL_N1,,,,,,,
IT1:DF_DCSS_ISTR_LAV_PEN_2_TV_3(1.0),A,082013,RESPOP_AV,T,Y_GE15,TOTAL,ALL,5,ALL,ALL,2018,484,,,,,,,,ALL_N1,,,,,,,
IT1:DF_DCSS_ISTR_LAV_PEN_2_TV_3(1.0),A,082013,RESPOP_AV,T,Y_GE15,TOTAL,ALL,5,ALL,ALL,2019,482,,,,,,,,ALL_N1,,,,,,,
IT1:DF_DCSS_ISTR_LAV_PEN_2_TV_3(1.0),A,082013,RESPOP_AV,T,Y_GE15,TOTAL,ALL,5,ALL,ALL,2021,501.634234641732,,,,,,,,ALL_N1,,,,,,,
IT1:DF_DCSS_ISTR_LAV_PEN_2_TV_3(1.0),A,082013,RESPOP_AV,T,Y_GE15,TOTAL,ALL,5,ALL,ALL,2022,514.306537530825,,,,,,,,ALL_N1,,,,,,,
IT1:DF_DCSS_ISTR_LAV_PEN_2_TV_3(1.0),A,082013,RESPOP_AV,T,Y_GE15,TOTAL,ALL,5,ALL,ALL,2023,514.5885976230044,,,,,,,,ALL_N1,,,,,,,
IT1:DF_DCSS_ISTR_LAV_PEN_2_TV_3(1.0),A,082013,RESPOP_AV,T,Y_GE15,TOTAL,ALL,5,ALL,ALL,2024,530.3820110441758,,,,,,,,ALL_N1,,,,,,,
IT1:DF_DCSS_ISTR_LAV_PEN_2_TV_3(1.0),A,082013,RESPOP_AV,T,Y_GE15,TOTAL,ALL,7,ALL,ALL,2018,800,,,,,,,,ALL_N1,,,,,,,
IT1:DF_DCSS_ISTR_LAV_PEN_2_TV_3(1.0),A,082013,RESPOP_AV,T,Y_GE15,TOTAL,ALL,7,ALL,ALL,2019,675,,,,,,,,ALL_N1,,,,,,,
IT1:DF_DCSS_ISTR_LAV_PEN_2_TV_3(1.0),A,082013,RESPOP_AV,T,Y_GE15,TOTAL,ALL,7,ALL,ALL,2021,802.95061210369,,,,,,,,ALL_N1,,,,,,,
IT1:DF_DCSS_ISTR_LAV_PEN_2_TV_3(1.0),A,082013,RESPOP_AV,T,Y_GE15,TOTAL,ALL,7,ALL,ALL,2022,817.456337885779,,,,,,,,ALL_N1,,,,,,,
IT1:DF_DCSS_ISTR_LAV_PEN_2_TV_3(1.0),A,082013,RESPOP_AV,T,Y_GE15,TOTAL,ALL,7,ALL,ALL,2023,773.5238249322198,,,,,,,,ALL_N1,,,,,,,
IT1:DF_DCSS_ISTR_LAV_PEN_2_TV_3(1.0),A,082013,RESPOP_AV,T,Y_GE15,TOTAL,ALL,7,ALL,ALL,2024,753.324771059029,,,,,,,,ALL_N1,,,,,,,
IT1:DF_DCSS_ISTR_LAV_PEN_2_TV_3(1.0),A,082013,RESPOP_AV,T,Y_GE15,TOTAL,ALL,99,ALL,ALL,2018,6065,,,,,,,,ALL_N1,99_N1,,,,,,
IT1:DF_DCSS_ISTR_LAV_PEN_2_TV_3(1.0),A,082013,RESPOP_AV,T,Y_GE15,TOTAL,ALL,99,ALL,ALL,2019,6015,,,,,,,,ALL_N1,99_N1,,,,,,
IT1:DF_DCSS_ISTR_LAV_PEN_2_TV_3(1.0),A,082013,RESPOP_AV,T,Y_GE15,TOTAL,ALL,99,ALL,ALL,2021,5988,,,,,,,,ALL_N1,99_N1,,,,,,
IT1:DF_DCSS_ISTR_LAV_PEN_2_TV_3(1.0),A,082013,RESPOP_AV,T,Y_GE15,TOTAL,ALL,99,ALL,ALL,2022,5946,,,,,,,,ALL_N1,99_N1,,,,,,
IT1:DF_DCSS_ISTR_LAV_PEN_2_TV_3(1.0),A,082013,RESPOP_AV,T,Y_GE15,TOTAL,ALL,99,ALL,ALL,2023,5987,,,,,,,,ALL_N1,99_N1,,,,,,
IT1:DF_DCSS_ISTR_LAV_PEN_2_TV_3(1.0),A,082013,RESPOP_AV,T,Y_GE15,TOTAL,ALL,99,ALL,ALL,2024,6048,,,,,,,,ALL_N1,99_N1,,,,,,
IT1:DF_DCSS_ISTR_LAV_PEN_2_TV_3(1.0),A,082014,RESPOP_AV,F,Y_GE15,TOTAL,ALL,1,ALL,ALL,2018,728,,,,,,,,ALL_N1,,,,,,,
IT1:DF_DCSS_ISTR_LAV_PEN_2_TV_3(1.0),A,082014,RESPOP_AV,F,Y_GE15,TOTAL,ALL,1,ALL,ALL,2019,774,,,,,,,,ALL_N1,,,,,,,
IT1:DF_DCSS_ISTR_LAV_PEN_2_TV_3(1.0),A,082014,RESPOP_AV,F,Y_GE15,TOTAL,ALL,1,ALL,ALL,2021,789,,,,,,,,ALL_N1,,,,,,,
IT1:DF_DCSS_ISTR_LAV_PEN_2_TV_3(1.0),A,082014,RESPOP_AV,F,Y_GE15,TOTAL,ALL,1,ALL,ALL,2022,840,,,,,,,,ALL_N1,,,,,,,
IT1:DF_DCSS_ISTR_LAV_PEN_2_TV_3(1.0),A,082014,RESPOP_AV,F,Y_GE15,TOTAL,ALL,1,ALL,ALL,2023,891,,,,,,,,ALL_N1,,,,,,,
IT1:DF_DCSS_ISTR_LAV_PEN_2_TV_3(1.0),A,082014,RESPOP_AV,F,Y_GE15,TOTAL,ALL,1,ALL,ALL,2024,938,,,,,,,,ALL_N1,,,,,,,
IT1:DF_DCSS_ISTR_LAV_PEN_2_TV_3(1.0),A,082014,RESPOP_AV,F,Y_GE15,TOTAL,ALL,12,ALL,ALL,2018,381,,,,,,,,ALL_N1,,,,,,,
IT1:DF_DCSS_ISTR_LAV_PEN_2_TV_3(1.0),A,082014,RESPOP_AV,F,Y_GE15,TOTAL,ALL,12,ALL,ALL,2019,370,,,,,,,,ALL_N1,,,,,,,
IT1:DF_DCSS_ISTR_LAV_PEN_2_TV_3(1.0),A,082014,RESPOP_AV,F,Y_GE15,TOTAL,ALL,12,ALL,ALL,2021,179.839802368344,,,,,,,,ALL_N1,,,,,,,
IT1:DF_DCSS_ISTR_LAV_PEN_2_TV_3(1.0),A,082014,RESPOP_AV,F,Y_GE15,TOTAL,ALL,12,ALL,ALL,2022,163.376514153922,,,,,,,,ALL_N1,,,,,,,
IT1:DF_DCSS_ISTR_LAV_PEN_2_TV_3(1.0),A,082014,RESPOP_AV,F,Y_GE15,TOTAL,ALL,12,ALL,ALL,2023,219.17003349577374,,,,,,,,ALL_N1,,,,,,,
IT1:DF_DCSS_ISTR_LAV_PEN_2_TV_3(1.0),A,082014,RESPOP_AV,F,Y_GE15,TOTAL,ALL,12,ALL,ALL,2024,152.6206785710108,,,,,,,,ALL_N1,,,,,,,
IT1:DF_DCSS_ISTR_LAV_PEN_2_TV_3(1.0),A,082014,RESPOP_AV,F,Y_GE15,TOTAL,ALL,22,ALL,ALL,2018,1109,,,,,,,,ALL_N1,,,,,,,
IT1:DF_DCSS_ISTR_LAV_PEN_2_TV_3(1.0),A,082014,RESPOP_AV,F,Y_GE15,TOTAL,ALL,22,ALL,ALL,2019,1144,,,,,,,,ALL_N1,,,,,,,
IT1:DF_DCSS_ISTR_LAV_PEN_2_TV_3(1.0),A,082014,RESPOP_AV,F,Y_GE15,TOTAL,ALL,22,ALL,ALL,2021,968.839802368344,,,,,,,,ALL_N1,,,,,,,
IT1:DF_DCSS_ISTR_LAV_PEN_2_TV_3(1.0),A,082014,RESPOP_AV,F,Y_GE15,TOTAL,ALL,22,ALL,ALL,2022,1003.37651415392,,,,,,,,ALL_N1,,,,,,,
IT1:DF_DCSS_ISTR_LAV_PEN_2_TV_3(1.0),A,082014,RESPOP_AV,F,Y_GE15,TOTAL,ALL,22,ALL,ALL,2023,1110.1700334957736,,,,,,,,ALL_N1,,,,,,,
IT1:DF_DCSS_ISTR_LAV_PEN_2_TV_3(1.0),A,082014,RESPOP_AV,F,Y_GE15,TOTAL,ALL,22,ALL,ALL,2024,1090.6206785710108,,,,,,,,ALL_N1,,,,,,,
IT1:DF_DCSS_ISTR_LAV_PEN_2_TV_3(1.0),A,082014,RESPOP_AV,F,Y_GE15,TOTAL,ALL,23,ALL,ALL,2018,2496,,,,,,,,ALL_N1,,,,,,,
IT1:DF_DCSS_ISTR_LAV_PEN_2_TV_3(1.0),A,082014,RESPOP_AV,F,Y_GE15,TOTAL,ALL,23,ALL,ALL,2019,2439,,,,,,,,ALL_N1,,,,,,,
IT1:DF_DCSS_ISTR_LAV_PEN_2_TV_3(1.0),A,082014,RESPOP_AV,F,Y_GE15,TOTAL,ALL,23,ALL,ALL,2021,2521.16019763166,,,,,,,,ALL_N1,,,,,,,
IT1:DF_DCSS_ISTR_LAV_PEN_2_TV_3(1.0),A,082014,RESPOP_AV,F,Y_GE15,TOTAL,ALL,23,ALL,ALL,2022,2480.62348584608,,,,,,,,ALL_N1,,,,,,,
IT1:DF_DCSS_ISTR_LAV_PEN_2_TV_3(1.0),A,082014,RESPOP_AV,F,Y_GE15,TOTAL,ALL,23,ALL,ALL,2023,2350.829966504226,,,,,,,,ALL_N1,,,,,,,
IT1:DF_DCSS_ISTR_LAV_PEN_2_TV_3(1.0),A,082014,RESPOP_AV,F,Y_GE15,TOTAL,ALL,23,ALL,ALL,2024,2360.3793214289894,,,,,,,,ALL_N1,,,,,,,
IT1:DF_DCSS_ISTR_LAV_PEN_2_TV_3(1.0),A,082014,RESPOP_AV,F,Y_GE15,TOTAL,ALL,24,ALL,ALL,2018,764,,,,,,,,ALL_N1,,,,,,,
IT1:DF_DCSS_ISTR_LAV_PEN_2_TV_3(1.0),A,082014,RESPOP_AV,F,Y_GE15,TOTAL,ALL,24,ALL,ALL,2019,783,,,,,,,,ALL_N1,,,,,,,
IT1:DF_DCSS_ISTR_LAV_PEN_2_TV_3(1.0),A,082014,RESPOP_AV,F,Y_GE15,TOTAL,ALL,24,ALL,ALL,2021,767.118525122615,,,,,,,,ALL_N1,,,,,,,
IT1:DF_DCSS_ISTR_LAV_PEN_2_TV_3(1.0),A,082014,RESPOP_AV,F,Y_GE15,TOTAL,ALL,24,ALL,ALL,2022,747.160001015993,,,,,,,,ALL_N1,,,,,,,
IT1:DF_DCSS_ISTR_LAV_PEN_2_TV_3(1.0),A,082014,RESPOP_AV,F,Y_GE15,TOTAL,ALL,24,ALL,ALL,2023,629.4639022474361,,,,,,,,ALL_N1,,,,,,,
IT1:DF_DCSS_ISTR_LAV_PEN_2_TV_3(1.0),A,082014,RESPOP_AV,F,Y_GE15,TOTAL,ALL,24,ALL,ALL,2024,638.5467354974953,,,,,,,,ALL_N1,,,,,,,
IT1:DF_DCSS_ISTR_LAV_PEN_2_TV_3(1.0),A,082014,RESPOP_AV,F,Y_GE15,TOTAL,ALL,4,ALL,ALL,2018,1050,,,,,,,,ALL_N1,,,,,,,
IT1:DF_DCSS_ISTR_LAV_PEN_2_TV_3(1.0),A,082014,RESPOP_AV,F,Y_GE15,TOTAL,ALL,4,ALL,ALL,2019,1025,,,,,,,,ALL_N1,,,,,,,
IT1:DF_DCSS_ISTR_LAV_PEN_2_TV_3(1.0),A,082014,RESPOP_AV,F,Y_GE15,TOTAL,ALL,4,ALL,ALL,2021,1099.68277806932,,,,,,,,ALL_N1,,,,,,,
IT1:DF_DCSS_ISTR_LAV_PEN_2_TV_3(1.0),A,082014,RESPOP_AV,F,Y_GE15,TOTAL,ALL,4,ALL,ALL,2022,1091.74726621922,,,,,,,,ALL_N1,,,,,,,
IT1:DF_DCSS_ISTR_LAV_PEN_2_TV_3(1.0),A,082014,RESPOP_AV,F,Y_GE15,TOTAL,ALL,4,ALL,ALL,2023,1029.9463428864337,,,,,,,,ALL_N1,,,,,,,
IT1:DF_DCSS_ISTR_LAV_PEN_2_TV_3(1.0),A,082014,RESPOP_AV,F,Y_GE15,TOTAL,ALL,4,ALL,ALL,2024,1012.8055827446543,,,,,,,,ALL_N1,,,,,,,
IT1:DF_DCSS_ISTR_LAV_PEN_2_TV_3(1.0),A,082014,RESPOP_AV,F,Y_GE15,TOTAL,ALL,5,ALL,ALL,2018,315,,,,,,,,ALL_N1,,,,,,,
IT1:DF_DCSS_ISTR_LAV_PEN_2_TV_3(1.0),A,082014,RESPOP_AV,F,Y_GE15,TOTAL,ALL,5,ALL,ALL,2019,334,,,,,,,,ALL_N1,,,,,,,
IT1:DF_DCSS_ISTR_LAV_PEN_2_TV_3(1.0),A,082014,RESPOP_AV,F,Y_GE15,TOTAL,ALL,5,ALL,ALL,2021,340.263297066332,,,,,,,,ALL_N1,,,,,,,
IT1:DF_DCSS_ISTR_LAV_PEN_2_TV_3(1.0),A,082014,RESPOP_AV,F,Y_GE15,TOTAL,ALL,5,ALL,ALL,2022,327.72519848364,,,,,,,,ALL_N1,,,,,,,
IT1:DF_DCSS_ISTR_LAV_PEN_2_TV_3(1.0),A,082014,RESPOP_AV,F,Y_GE15,TOTAL,ALL,5,ALL,ALL,2023,305.29573833603877,,,,,,,,ALL_N1,,,,,,,
IT1:DF_DCSS_ISTR_LAV_PEN_2_TV_3(1.0),A,082014,RESPOP_AV,F,Y_GE15,TOTAL,ALL,5,ALL,ALL,2024,332.9758766971784,,,,,,,,ALL_N1,,,,,,,
IT1:DF_DCSS_ISTR_LAV_PEN_2_TV_3(1.0),A,082014,RESPOP_AV,F,Y_GE15,TOTAL,ALL,7,ALL,ALL,2018,367,,,,,,,,ALL_N1,,,,,,,
IT1:DF_DCSS_ISTR_LAV_PEN_2_TV_3(1.0),A,082014,RESPOP_AV,F,Y_GE15,TOTAL,ALL,7,ALL,ALL,2019,299,,,,,,,,ALL_N1,,,,,,,
IT1:DF_DCSS_ISTR_LAV_PEN_2_TV_3(1.0),A,082014,RESPOP_AV,F,Y_GE15,TOTAL,ALL,7,ALL,ALL,2021,314.09559737339,,,,,,,,ALL_N1,,,,,,,
IT1:DF_DCSS_ISTR_LAV_PEN_2_TV_3(1.0),A,082014,RESPOP_AV,F,Y_GE15,TOTAL,ALL,7,ALL,ALL,2022,313.991020127226,,,,,,,,ALL_N1,,,,,,,
IT1:DF_DCSS_ISTR_LAV_PEN_2_TV_3(1.0),A,082014,RESPOP_AV,F,Y_GE15,TOTAL,ALL,7,ALL,ALL,2023,386.1239830343176,,,,,,,,ALL_N1,,,,,,,
IT1:DF_DCSS_ISTR_LAV_PEN_2_TV_3(1.0),A,082014,RESPOP_AV,F,Y_GE15,TOTAL,ALL,7,ALL,ALL,2024,376.05112648966116,,,,,,,,ALL_N1,,,,,,,
IT1:DF_DCSS_ISTR_LAV_PEN_2_TV_3(1.0),A,082014,RESPOP_AV,F,Y_GE15,TOTAL,ALL,99,ALL,ALL,2018,3605,,,,,,,,ALL_N1,99_N1,,,,,,
IT1:DF_DCSS_ISTR_LAV_PEN_2_TV_3(1.0),A,082014,RESPOP_AV,F,Y_GE15,TOTAL,ALL,99,ALL,ALL,2019,3583,,,,,,,,ALL_N1,99_N1,,,,,,
IT1:DF_DCSS_ISTR_LAV_PEN_2_TV_3(1.0),A,082014,RESPOP_AV,F,Y_GE15,TOTAL,ALL,99,ALL,ALL,2021,3490,,,,,,,,ALL_N1,99_N1,,,,,,
IT1:DF_DCSS_ISTR_LAV_PEN_2_TV_3(1.0),A,082014,RESPOP_AV,F,Y_GE15,TOTAL,ALL,99,ALL,ALL,2022,3484,,,,,,,,ALL_N1,99_N1,,,,,,
IT1:DF_DCSS_ISTR_LAV_PEN_2_TV_3(1.0),A,082014,RESPOP_AV,F,Y_GE15,TOTAL,ALL,99,ALL,ALL,2023,3461,,,,,,,,ALL_N1,99_N1,,,,,,
IT1:DF_DCSS_ISTR_LAV_PEN_2_TV_3(1.0),A,082014,RESPOP_AV,F,Y_GE15,TOTAL,ALL,99,ALL,ALL,2024,3451,,,,,,,,ALL_N1,99_N1,,,,,,
IT1:DF_DCSS_ISTR_LAV_PEN_2_TV_3(1.0),A,082014,RESPOP_AV,M,Y_GE15,TOTAL,ALL,1,ALL,ALL,2018,1442,,,,,,,,ALL_N1,,,,,,,
IT1:DF_DCSS_ISTR_LAV_PEN_2_TV_3(1.0),A,082014,RESPOP_AV,M,Y_GE15,TOTAL,ALL,1,ALL,ALL,2019,1463,,,,,,,,ALL_N1,,,,,,,
IT1:DF_DCSS_ISTR_LAV_PEN_2_TV_3(1.0),A,082014,RESPOP_AV,M,Y_GE15,TOTAL,ALL,1,ALL,ALL,2021,1481,,,,,,,,ALL_N1,,,,,,,
IT1:DF_DCSS_ISTR_LAV_PEN_2_TV_3(1.0),A,082014,RESPOP_AV,M,Y_GE15,TOTAL,ALL,1,ALL,ALL,2022,1487,,,,,,,,ALL_N1,,,,,,,
IT1:DF_DCSS_ISTR_LAV_PEN_2_TV_3(1.0),A,082014,RESPOP_AV,M,Y_GE15,TOTAL,ALL,1,ALL,ALL,2023,1562,,,,,,,,ALL_N1,,,,,,,
IT1:DF_DCSS_ISTR_LAV_PEN_2_TV_3(1.0),A,082014,RESPOP_AV,M,Y_GE15,TOTAL,ALL,1,ALL,ALL,2024,1558,,,,,,,,ALL_N1,,,,,,,
IT1:DF_DCSS_ISTR_LAV_PEN_2_TV_3(1.0),A,082014,RESPOP_AV,M,Y_GE15,TOTAL,ALL,12,ALL,ALL,2018,398,,,,,,,,ALL_N1,,,,,,,
IT1:DF_DCSS_ISTR_LAV_PEN_2_TV_3(1.0),A,082014,RESPOP_AV,M,Y_GE15,TOTAL,ALL,12,ALL,ALL,2019,380,,,,,,,,ALL_N1,,,,,,,
IT1:DF_DCSS_ISTR_LAV_PEN_2_TV_3(1.0),A,082014,RESPOP_AV,M,Y_GE15,TOTAL,ALL,12,ALL,ALL,2021,199.69632936121,,,,,,,,ALL_N1,,,,,,,
IT1:DF_DCSS_ISTR_LAV_PEN_2_TV_3(1.0),A,082014,RESPOP_AV,M,Y_GE15,TOTAL,ALL,12,ALL,ALL,2022,183.390600463167,,,,,,,,ALL_N1,,,,,,,
IT1:DF_DCSS_ISTR_LAV_PEN_2_TV_3(1.0),A,082014,RESPOP_AV,M,Y_GE15,TOTAL,ALL,12,ALL,ALL,2023,191.13765963013313,,,,,,,,ALL_N1,,,,,,,
IT1:DF_DCSS_ISTR_LAV_PEN_2_TV_3(1.0),A,082014,RESPOP_AV,M,Y_GE15,TOTAL,ALL,12,ALL,ALL,2024,155.0835798737324,,,,,,,,ALL_N1,,,,,,,
IT1:DF_DCSS_ISTR_LAV_PEN_2_TV_3(1.0),A,082014,RESPOP_AV,M,Y_GE15,TOTAL,ALL,22,ALL,ALL,2018,1840,,,,,,,,ALL_N1,,,,,,,
IT1:DF_DCSS_ISTR_LAV_PEN_2_TV_3(1.0),A,082014,RESPOP_AV,M,Y_GE15,TOTAL,ALL,22,ALL,ALL,2019,1843,,,,,,,,ALL_N1,,,,,,,
IT1:DF_DCSS_ISTR_LAV_PEN_2_TV_3(1.0),A,082014,RESPOP_AV,M,Y_GE15,TOTAL,ALL,22,ALL,ALL,2021,1680.69632936121,,,,,,,,ALL_N1,,,,,,,
IT1:DF_DCSS_ISTR_LAV_PEN_2_TV_3(1.0),A,082014,RESPOP_AV,M,Y_GE15,TOTAL,ALL,22,ALL,ALL,2022,1670.39060046317,,,,,,,,ALL_N1,,,,,,,
IT1:DF_DCSS_ISTR_LAV_PEN_2_TV_3(1.0),A,082014,RESPOP_AV,M,Y_GE15,TOTAL,ALL,22,ALL,ALL,2023,1753.1376596301332,,,,,,,,ALL_N1,,,,,,,
IT1:DF_DCSS_ISTR_LAV_PEN_2_TV_3(1.0),A,082014,RESPOP_AV,M,Y_GE15,TOTAL,ALL,22,ALL,ALL,2024,1713.0835798737323,,,,,,,,ALL_N1,,,,,,,
IT1:DF_DCSS_ISTR_LAV_PEN_2_TV_3(1.0),A,082014,RESPOP_AV,M,Y_GE15,TOTAL,ALL,23,ALL,ALL,2018,1618,,,,,,,,ALL_N1,,,,,,,
IT1:DF_DCSS_ISTR_LAV_PEN_2_TV_3(1.0),A,082014,RESPOP_AV,M,Y_GE15,TOTAL,ALL,23,ALL,ALL,2019,1576,,,,,,,,ALL_N1,,,,,,,
IT1:DF_DCSS_ISTR_LAV_PEN_2_TV_3(1.0),A,082014,RESPOP_AV,M,Y_GE15,TOTAL,ALL,23,ALL,ALL,2021,1633.30367063879,,,,,,,,ALL_N1,,,,,,,
IT1:DF_DCSS_ISTR_LAV_PEN_2_TV_3(1.0),A,082014,RESPOP_AV,M,Y_GE15,TOTAL,ALL,23,ALL,ALL,2022,1588.60939953683,,,,,,,,ALL_N1,,,,,,,
IT1:DF_DCSS_ISTR_LAV_PEN_2_TV_3(1.0),A,082014,RESPOP_AV,M,Y_GE15,TOTAL,ALL,23,ALL,ALL,2023,1490.862340369867,,,,,,,,ALL_N1,,,,,,,
IT1:DF_DCSS_ISTR_LAV_PEN_2_TV_3(1.0),A,082014,RESPOP_AV,M,Y_GE15,TOTAL,ALL,23,ALL,ALL,2024,1537.9164201262674,,,,,,,,ALL_N1,,,,,,,
IT1:DF_DCSS_ISTR_LAV_PEN_2_TV_3(1.0),A,082014,RESPOP_AV,M,Y_GE15,TOTAL,ALL,24,ALL,ALL,2018,820,,,,,,,,ALL_N1,,,,,,,
IT1:DF_DCSS_ISTR_LAV_PEN_2_TV_3(1.0),A,082014,RESPOP_AV,M,Y_GE15,TOTAL,ALL,24,ALL,ALL,2019,839,,,,,,,,ALL_N1,,,,,,,
IT1:DF_DCSS_ISTR_LAV_PEN_2_TV_3(1.0),A,082014,RESPOP_AV,M,Y_GE15,TOTAL,ALL,24,ALL,ALL,2021,852.857505576858,,,,,,,,ALL_N1,,,,,,,
IT1:DF_DCSS_ISTR_LAV_PEN_2_TV_3(1.0),A,082014,RESPOP_AV,M,Y_GE15,TOTAL,ALL,24,ALL,ALL,2022,849.823294776966,,,,,,,,ALL_N1,,,,,,,
IT1:DF_DCSS_ISTR_LAV_PEN_2_TV_3(1.0),A,082014,RESPOP_AV,M,Y_GE15,TOTAL,ALL,24,ALL,ALL,2023,770.3199834327067,,,,,,,,ALL_N1,,,,,,,
IT1:DF_DCSS_ISTR_LAV_PEN_2_TV_3(1.0),A,082014,RESPOP_AV,M,Y_GE15,TOTAL,ALL,24,ALL,ALL,2024,777.2835428525997,,,,,,,,ALL_N1,,,,,,,
IT1:DF_DCSS_ISTR_LAV_PEN_2_TV_3(1.0),A,082014,RESPOP_AV,M,Y_GE15,TOTAL,ALL,4,ALL,ALL,2018,40,,,,,,,,ALL_N1,,,,,,,
IT1:DF_DCSS_ISTR_LAV_PEN_2_TV_3(1.0),A,082014,RESPOP_AV,M,Y_GE15,TOTAL,ALL,4,ALL,ALL,2019,40,,,,,,,,ALL_N1,,,,,,,
IT1:DF_DCSS_ISTR_LAV_PEN_2_TV_3(1.0),A,082014,RESPOP_AV,M,Y_GE15,TOTAL,ALL,4,ALL,ALL,2021,68.0722390492652,,,,,,,,ALL_N1,,,,,,,
IT1:DF_DCSS_ISTR_LAV_PEN_2_TV_3(1.0),A,082014,RESPOP_AV,M,Y_GE15,TOTAL,ALL,4,ALL,ALL,2022,73.9596603524443,,,,,,,,ALL_N1,,,,,,,
IT1:DF_DCSS_ISTR_LAV_PEN_2_TV_3(1.0),A,082014,RESPOP_AV,M,Y_GE15,TOTAL,ALL,4,ALL,ALL,2023,63.775939152525766,,,,,,,,ALL_N1,,,,,,,
IT1:DF_DCSS_ISTR_LAV_PEN_2_TV_3(1.0),A,082014,RESPOP_AV,M,Y_GE15,TOTAL,ALL,4,ALL,ALL,2024,60.23817714774327,,,,,,,,ALL_N1,,,,,,,
IT1:DF_DCSS_ISTR_LAV_PEN_2_TV_3(1.0),A,082014,RESPOP_AV,M,Y_GE15,TOTAL,ALL,5,ALL,ALL,2018,298,,,,,,,,ALL_N1,,,,,,,
IT1:DF_DCSS_ISTR_LAV_PEN_2_TV_3(1.0),A,082014,RESPOP_AV,M,Y_GE15,TOTAL,ALL,5,ALL,ALL,2019,294,,,,,,,,ALL_N1,,,,,,,
IT1:DF_DCSS_ISTR_LAV_PEN_2_TV_3(1.0),A,082014,RESPOP_AV,M,Y_GE15,TOTAL,ALL,5,ALL,ALL,2021,289.94996784211,,,,,,,,ALL_N1,,,,,,,
IT1:DF_DCSS_ISTR_LAV_PEN_2_TV_3(1.0),A,082014,RESPOP_AV,M,Y_GE15,TOTAL,ALL,5,ALL,ALL,2022,277.957358175713,,,,,,,,ALL_N1,,,,,,,
IT1:DF_DCSS_ISTR_LAV_PEN_2_TV_3(1.0),A,082014,RESPOP_AV,M,Y_GE15,TOTAL,ALL,5,ALL,ALL,2023,254.247595600607,,,,,,,,ALL_N1,,,,,,,
IT1:DF_DCSS_ISTR_LAV_PEN_2_TV_3(1.0),A,082014,RESPOP_AV,M,Y_GE15,TOTAL,ALL,5,ALL,ALL,2024,264.17778754616705,,,,,,,,ALL_N1,,,,,,,
IT1:DF_DCSS_ISTR_LAV_PEN_2_TV_3(1.0),A,082014,RESPOP_AV,M,Y_GE15,TOTAL,ALL,7,ALL,ALL,2018,460,,,,,,,,ALL_N1,,,,,,,
IT1:DF_DCSS_ISTR_LAV_PEN_2_TV_3(1.0),A,082014,RESPOP_AV,M,Y_GE15,TOTAL,ALL,7,ALL,ALL,2019,404,,,,,,,,ALL_N1,,,,,,,
IT1:DF_DCSS_ISTR_LAV_PEN_2_TV_3(1.0),A,082014,RESPOP_AV,M,Y_GE15,TOTAL,ALL,7,ALL,ALL,2021,422.423958170557,,,,,,,,ALL_N1,,,,,,,
IT1:DF_DCSS_ISTR_LAV_PEN_2_TV_3(1.0),A,082014,RESPOP_AV,M,Y_GE15,TOTAL,ALL,7,ALL,ALL,2022,386.86908623171,,,,,,,,ALL_N1,,,,,,,
IT1:DF_DCSS_ISTR_LAV_PEN_2_TV_3(1.0),A,082014,RESPOP_AV,M,Y_GE15,TOTAL,ALL,7,ALL,ALL,2023,402.51882218402744,,,,,,,,ALL_N1,,,,,,,
IT1:DF_DCSS_ISTR_LAV_PEN_2_TV_3(1.0),A,082014,RESPOP_AV,M,Y_GE15,TOTAL,ALL,7,ALL,ALL,2024,436.2169125797573,,,,,,,,ALL_N1,,,,,,,
IT1:DF_DCSS_ISTR_LAV_PEN_2_TV_3(1.0),A,082014,RESPOP_AV,M,Y_GE15,TOTAL,ALL,99,ALL,ALL,2018,3458,,,,,,,,ALL_N1,99_N1,,,,,,
IT1:DF_DCSS_ISTR_LAV_PEN_2_TV_3(1.0),A,082014,RESPOP_AV,M,Y_GE15,TOTAL,ALL,99,ALL,ALL,2019,3418,,,,,,,,ALL_N1,99_N1,,,,,,
IT1:DF_DCSS_ISTR_LAV_PEN_2_TV_3(1.0),A,082014,RESPOP_AV,M,Y_GE15,TOTAL,ALL,99,ALL,ALL,2021,3314,,,,,,,,ALL_N1,99_N1,,,,,,
IT1:DF_DCSS_ISTR_LAV_PEN_2_TV_3(1.0),A,082014,RESPOP_AV,M,Y_GE15,TOTAL,ALL,99,ALL,ALL,2022,3259,,,,,,,,ALL_N1,99_N1,,,,,,
IT1:DF_DCSS_ISTR_LAV_PEN_2_TV_3(1.0),A,082014,RESPOP_AV,M,Y_GE15,TOTAL,ALL,99,ALL,ALL,2023,3244,,,,,,,,ALL_N1,99_N1,,,,,,
IT1:DF_DCSS_ISTR_LAV_PEN_2_TV_3(1.0),A,082014,RESPOP_AV,M,Y_GE15,TOTAL,ALL,99,ALL,ALL,2024,3251,,,,,,,,ALL_N1,99_N1,,,,,,
IT1:DF_DCSS_ISTR_LAV_PEN_2_TV_3(1.0),A,082014,RESPOP_AV,T,Y_GE15,TOTAL,ALL,1,ALL,ALL,2018,2170,,,,,,,,ALL_N1,,,,,,,
IT1:DF_DCSS_ISTR_LAV_PEN_2_TV_3(1.0),A,082014,RESPOP_AV,T,Y_GE15,TOTAL,ALL,1,ALL,ALL,2019,2237,,,,,,,,ALL_N1,,,,,,,
IT1:DF_DCSS_ISTR_LAV_PEN_2_TV_3(1.0),A,082014,RESPOP_AV,T,Y_GE15,TOTAL,ALL,1,ALL,ALL,2021,2270,,,,,,,,ALL_N1,,,,,,,
IT1:DF_DCSS_ISTR_LAV_PEN_2_TV_3(1.0),A,082014,RESPOP_AV,T,Y_GE15,TOTAL,ALL,1,ALL,ALL,2022,2327,,,,,,,,ALL_N1,,,,,,,
IT1:DF_DCSS_ISTR_LAV_PEN_2_TV_3(1.0),A,082014,RESPOP_AV,T,Y_GE15,TOTAL,ALL,1,ALL,ALL,2023,2453,,,,,,,,ALL_N1,,,,,,,
IT1:DF_DCSS_ISTR_LAV_PEN_2_TV_3(1.0),A,082014,RESPOP_AV,T,Y_GE15,TOTAL,ALL,1,ALL,ALL,2024,2496,,,,,,,,ALL_N1,,,,,,,
IT1:DF_DCSS_ISTR_LAV_PEN_2_TV_3(1.0),A,082014,RESPOP_AV,T,Y_GE15,TOTAL,ALL,12,ALL,ALL,2018,779,,,,,,,,ALL_N1,,,,,,,
IT1:DF_DCSS_ISTR_LAV_PEN_2_TV_3(1.0),A,082014,RESPOP_AV,T,Y_GE15,TOTAL,ALL,12,ALL,ALL,2019,750,,,,,,,,ALL_N1,,,,,,,
IT1:DF_DCSS_ISTR_LAV_PEN_2_TV_3(1.0),A,082014,RESPOP_AV,T,Y_GE15,TOTAL,ALL,12,ALL,ALL,2021,379.536131729554,,,,,,,,ALL_N1,,,,,,,
IT1:DF_DCSS_ISTR_LAV_PEN_2_TV_3(1.0),A,082014,RESPOP_AV,T,Y_GE15,TOTAL,ALL,12,ALL,ALL,2022,346.767114617089,,,,,,,,ALL_N1,,,,,,,
IT1:DF_DCSS_ISTR_LAV_PEN_2_TV_3(1.0),A,082014,RESPOP_AV,T,Y_GE15,TOTAL,ALL,12,ALL,ALL,2023,410.3076931259069,,,,,,,,ALL_N1,,,,,,,
IT1:DF_DCSS_ISTR_LAV_PEN_2_TV_3(1.0),A,082014,RESPOP_AV,T,Y_GE15,TOTAL,ALL,12,ALL,ALL,2024,307.70425844474323,,,,,,,,ALL_N1,,,,,,,
IT1:DF_DCSS_ISTR_LAV_PEN_2_TV_3(1.0),A,082014,RESPOP_AV,T,Y_GE15,TOTAL,ALL,22,ALL,ALL,2018,2949,,,,,,,,ALL_N1,,,,,,,
IT1:DF_DCSS_ISTR_LAV_PEN_2_TV_3(1.0),A,082014,RESPOP_AV,T,Y_GE15,TOTAL,ALL,22,ALL,ALL,2019,2987,,,,,,,,ALL_N1,,,,,,,
IT1:DF_DCSS_ISTR_LAV_PEN_2_TV_3(1.0),A,082014,RESPOP_AV,T,Y_GE15,TOTAL,ALL,22,ALL,ALL,2021,2649.53613172955,,,,,,,,ALL_N1,,,,,,,
IT1:DF_DCSS_ISTR_LAV_PEN_2_TV_3(1.0),A,082014,RESPOP_AV,T,Y_GE15,TOTAL,ALL,22,ALL,ALL,2022,2673.76711461709,,,,,,,,ALL_N1,,,,,,,
IT1:DF_DCSS_ISTR_LAV_PEN_2_TV_3(1.0),A,082014,RESPOP_AV,T,Y_GE15,TOTAL,ALL,22,ALL,ALL,2023,2863.307693125907,,,,,,,,ALL_N1,,,,,,,
IT1:DF_DCSS_ISTR_LAV_PEN_2_TV_3(1.0),A,082014,RESPOP_AV,T,Y_GE15,TOTAL,ALL,22,ALL,ALL,2024,2803.704258444743,,,,,,,,ALL_N1,,,,,,,
IT1:DF_DCSS_ISTR_LAV_PEN_2_TV_3(1.0),A,082014,RESPOP_AV,T,Y_GE15,TOTAL,ALL,23,ALL,ALL,2018,4114,,,,,,,,ALL_N1,,,,,,,
IT1:DF_DCSS_ISTR_LAV_PEN_2_TV_3(1.0),A,082014,RESPOP_AV,T,Y_GE15,TOTAL,ALL,23,ALL,ALL,2019,4015,,,,,,,,ALL_N1,,,,,,,
IT1:DF_DCSS_ISTR_LAV_PEN_2_TV_3(1.0),A,082014,RESPOP_AV,T,Y_GE15,TOTAL,ALL,23,ALL,ALL,2021,4154.46386827045,,,,,,,,ALL_N1,,,,,,,
IT1:DF_DCSS_ISTR_LAV_PEN_2_TV_3(1.0),A,082014,RESPOP_AV,T,Y_GE15,TOTAL,ALL,23,ALL,ALL,2022,4069.23288538291,,,,,,,,ALL_N1,,,,,,,
IT1:DF_DCSS_ISTR_LAV_PEN_2_TV_3(1.0),A,082014,RESPOP_AV,T,Y_GE15,TOTAL,ALL,23,ALL,ALL,2023,3841.692306874093,,,,,,,,ALL_N1,,,,,,,
IT1:DF_DCSS_ISTR_LAV_PEN_2_TV_3(1.0),A,082014,RESPOP_AV,T,Y_GE15,TOTAL,ALL,23,ALL,ALL,2024,3898.2957415552564,,,,,,,,ALL_N1,,,,,,,
IT1:DF_DCSS_ISTR_LAV_PEN_2_TV_3(1.0),A,082014,RESPOP_AV,T,Y_GE15,TOTAL,ALL,24,ALL,ALL,2018,1584,,,,,,,,ALL_N1,,,,,,,
IT1:DF_DCSS_ISTR_LAV_PEN_2_TV_3(1.0),A,082014,RESPOP_AV,T,Y_GE15,TOTAL,ALL,24,ALL,ALL,2019,1621,,,,,,,,ALL_N1,,,,,,,
IT1:DF_DCSS_ISTR_LAV_PEN_2_TV_3(1.0),A,082014,RESPOP_AV,T,Y_GE15,TOTAL,ALL,24,ALL,ALL,2021,1619.97603069947,,,,,,,,ALL_N1,,,,,,,
IT1:DF_DCSS_ISTR_LAV_PEN_2_TV_3(1.0),A,082014,RESPOP_AV,T,Y_GE15,TOTAL,ALL,24,ALL,ALL,2022,1596.98329579296,,,,,,,,ALL_N1,,,,,,,
IT1:DF_DCSS_ISTR_LAV_PEN_2_TV_3(1.0),A,082014,RESPOP_AV,T,Y_GE15,TOTAL,ALL,24,ALL,ALL,2023,1399.783885680143,,,,,,,,ALL_N1,,,,,,,
IT1:DF_DCSS_ISTR_LAV_PEN_2_TV_3(1.0),A,082014,RESPOP_AV,T,Y_GE15,TOTAL,ALL,24,ALL,ALL,2024,1415.8302783500949,,,,,,,,ALL_N1,,,,,,,
IT1:DF_DCSS_ISTR_LAV_PEN_2_TV_3(1.0),A,082014,RESPOP_AV,T,Y_GE15,TOTAL,ALL,4,ALL,ALL,2018,1090,,,,,,,,ALL_N1,,,,,,,
IT1:DF_DCSS_ISTR_LAV_PEN_2_TV_3(1.0),A,082014,RESPOP_AV,T,Y_GE15,TOTAL,ALL,4,ALL,ALL,2019,1064,,,,,,,,ALL_N1,,,,,,,
IT1:DF_DCSS_ISTR_LAV_PEN_2_TV_3(1.0),A,082014,RESPOP_AV,T,Y_GE15,TOTAL,ALL,4,ALL,ALL,2021,1167.75501711858,,,,,,,,ALL_N1,,,,,,,
IT1:DF_DCSS_ISTR_LAV_PEN_2_TV_3(1.0),A,082014,RESPOP_AV,T,Y_GE15,TOTAL,ALL,4,ALL,ALL,2022,1165.70692657166,,,,,,,,ALL_N1,,,,,,,
IT1:DF_DCSS_ISTR_LAV_PEN_2_TV_3(1.0),A,082014,RESPOP_AV,T,Y_GE15,TOTAL,ALL,4,ALL,ALL,2023,1093.7222820389595,,,,,,,,ALL_N1,,,,,,,
IT1:DF_DCSS_ISTR_LAV_PEN_2_TV_3(1.0),A,082014,RESPOP_AV,T,Y_GE15,TOTAL,ALL,4,ALL,ALL,2024,1073.0437598923977,,,,,,,,ALL_N1,,,,,,,
IT1:DF_DCSS_ISTR_LAV_PEN_2_TV_3(1.0),A,082014,RESPOP_AV,T,Y_GE15,TOTAL,ALL,5,ALL,ALL,2018,613,,,,,,,,ALL_N1,,,,,,,
IT1:DF_DCSS_ISTR_LAV_PEN_2_TV_3(1.0),A,082014,RESPOP_AV,T,Y_GE15,TOTAL,ALL,5,ALL,ALL,2019,627,,,,,,,,ALL_N1,,,,,,,
IT1:DF_DCSS_ISTR_LAV_PEN_2_TV_3(1.0),A,082014,RESPOP_AV,T,Y_GE15,TOTAL,ALL,5,ALL,ALL,2021,630.213264908442,,,,,,,,ALL_N1,,,,,,,
IT1:DF_DCSS_ISTR_LAV_PEN_2_TV_3(1.0),A,082014,RESPOP_AV,T,Y_GE15,TOTAL,ALL,5,ALL,ALL,2022,605.682556659353,,,,,,,,ALL_N1,,,,,,,
IT1:DF_DCSS_ISTR_LAV_PEN_2_TV_3(1.0),A,082014,RESPOP_AV,T,Y_GE15,TOTAL,ALL,5,ALL,ALL,2023,559.5433339366458,,,,,,,,ALL_N1,,,,,,,
IT1:DF_DCSS_ISTR_LAV_PEN_2_TV_3(1.0),A,082014,RESPOP_AV,T,Y_GE15,TOTAL,ALL,5,ALL,ALL,2024,597.1536642433455,,,,,,,,ALL_N1,,,,,,,
IT1:DF_DCSS_ISTR_LAV_PEN_2_TV_3(1.0),A,082014,RESPOP_AV,T,Y_GE15,TOTAL,ALL,7,ALL,ALL,2018,827,,,,,,,,ALL_N1,,,,,,,
IT1:DF_DCSS_ISTR_LAV_PEN_2_TV_3(1.0),A,082014,RESPOP_AV,T,Y_GE15,TOTAL,ALL,7,ALL,ALL,2019,703,,,,,,,,ALL_N1,,,,,,,
IT1:DF_DCSS_ISTR_LAV_PEN_2_TV_3(1.0),A,082014,RESPOP_AV,T,Y_GE15,TOTAL,ALL,7,ALL,ALL,2021,736.519555543947,,,,,,,,ALL_N1,,,,,,,
IT1:DF_DCSS_ISTR_LAV_PEN_2_TV_3(1.0),A,082014,RESPOP_AV,T,Y_GE15,TOTAL,ALL,7,ALL,ALL,2022,700.860106358936,,,,,,,,ALL_N1,,,,,,,
IT1:DF_DCSS_ISTR_LAV_PEN_2_TV_3(1.0),A,082014,RESPOP_AV,T,Y_GE15,TOTAL,ALL,7,ALL,ALL,2023,788.6428052183451,,,,,,,,ALL_N1,,,,,,,
IT1:DF_DCSS_ISTR_LAV_PEN_2_TV_3(1.0),A,082014,RESPOP_AV,T,Y_GE15,TOTAL,ALL,7,ALL,ALL,2024,812.2680390694185,,,,,,,,ALL_N1,,,,,,,
IT1:DF_DCSS_ISTR_LAV_PEN_2_TV_3(1.0),A,082014,RESPOP_AV,T,Y_GE15,TOTAL,ALL,99,ALL,ALL,2018,7063,,,,,,,,ALL_N1,99_N1,,,,,,
IT1:DF_DCSS_ISTR_LAV_PEN_2_TV_3(1.0),A,082014,RESPOP_AV,T,Y_GE15,TOTAL,ALL,99,ALL,ALL,2019,7001,,,,,,,,ALL_N1,99_N1,,,,,,
IT1:DF_DCSS_ISTR_LAV_PEN_2_TV_3(1.0),A,082014,RESPOP_AV,T,Y_GE15,TOTAL,ALL,99,ALL,ALL,2021,6804,,,,,,,,ALL_N1,99_N1,,,,,,
IT1:DF_DCSS_ISTR_LAV_PEN_2_TV_3(1.0),A,082014,RESPOP_AV,T,Y_GE15,TOTAL,ALL,99,ALL,ALL,2022,6743,,,,,,,,ALL_N1,99_N1,,,,,,
IT1:DF_DCSS_ISTR_LAV_PEN_2_TV_3(1.0),A,082014,RESPOP_AV,T,Y_GE15,TOTAL,ALL,99,ALL,ALL,2023,6705,,,,,,,,ALL_N1,99_N1,,,,,,
IT1:DF_DCSS_ISTR_LAV_PEN_2_TV_3(1.0),A,082014,RESPOP_AV,T,Y_GE15,TOTAL,ALL,99,ALL,ALL,2024,6702,,,,,,,,ALL_N1,99_N1,,,,,,
IT1:DF_DCSS_ISTR_LAV_PEN_2_TV_3(1.0),A,082015,RESPOP_AV,F,Y_GE15,TOTAL,ALL,1,ALL,ALL,2018,354,,,,,,,,ALL_N1,,,,,,,
IT1:DF_DCSS_ISTR_LAV_PEN_2_TV_3(1.0),A,082015,RESPOP_AV,F,Y_GE15,TOTAL,ALL,1,ALL,ALL,2019,350,,,,,,,,ALL_N1,,,,,,,
IT1:DF_DCSS_ISTR_LAV_PEN_2_TV_3(1.0),A,082015,RESPOP_AV,F,Y_GE15,TOTAL,ALL,1,ALL,ALL,2021,381,,,,,,,,ALL_N1,,,,,,,
IT1:DF_DCSS_ISTR_LAV_PEN_2_TV_3(1.0),A,082015,RESPOP_AV,F,Y_GE15,TOTAL,ALL,1,ALL,ALL,2022,370,,,,,,,,ALL_N1,,,,,,,
IT1:DF_DCSS_ISTR_LAV_PEN_2_TV_3(1.0),A,082015,RESPOP_AV,F,Y_GE15,TOTAL,ALL,1,ALL,ALL,2023,384,,,,,,,,ALL_N1,,,,,,,
IT1:DF_DCSS_ISTR_LAV_PEN_2_TV_3(1.0),A,082015,RESPOP_AV,F,Y_GE15,TOTAL,ALL,1,ALL,ALL,2024,372,,,,,,,,ALL_N1,,,,,,,
IT1:DF_DCSS_ISTR_LAV_PEN_2_TV_3(1.0),A,082015,RESPOP_AV,F,Y_GE15,TOTAL,ALL,12,ALL,ALL,2018,170,,,,,,,,ALL_N1,,,,,,,
IT1:DF_DCSS_ISTR_LAV_PEN_2_TV_3(1.0),A,082015,RESPOP_AV,F,Y_GE15,TOTAL,ALL,12,ALL,ALL,2019,175,,,,,,,,ALL_N1,,,,,,,
IT1:DF_DCSS_ISTR_LAV_PEN_2_TV_3(1.0),A,082015,RESPOP_AV,F,Y_GE15,TOTAL,ALL,12,ALL,ALL,2021,76.2910559955127,,,,,,,,ALL_N1,,,,,,,
IT1:DF_DCSS_ISTR_LAV_PEN_2_TV_3(1.0),A,082015,RESPOP_AV,F,Y_GE15,TOTAL,ALL,12,ALL,ALL,2022,81.0015194026016,,,,,,,,ALL_N1,,,,,,,
IT1:DF_DCSS_ISTR_LAV_PEN_2_TV_3(1.0),A,082015,RESPOP_AV,F,Y_GE15,TOTAL,ALL,12,ALL,ALL,2023,90.80543385294963,,,,,,,,ALL_N1,,,,,,,
IT1:DF_DCSS_ISTR_LAV_PEN_2_TV_3(1.0),A,082015,RESPOP_AV,F,Y_GE15,TOTAL,ALL,12,ALL,ALL,2024,61.68680418443118,,,,,,,,ALL_N1,,,,,,,
IT1:DF_DCSS_ISTR_LAV_PEN_2_TV_3(1.0),A,082015,RESPOP_AV,F,Y_GE15,TOTAL,ALL,22,ALL,ALL,2018,524,,,,,,,,ALL_N1,,,,,,,
IT1:DF_DCSS_ISTR_LAV_PEN_2_TV_3(1.0),A,082015,RESPOP_AV,F,Y_GE15,TOTAL,ALL,22,ALL,ALL,2019,525,,,,,,,,ALL_N1,,,,,,,
IT1:DF_DCSS_ISTR_LAV_PEN_2_TV_3(1.0),A,082015,RESPOP_AV,F,Y_GE15,TOTAL,ALL,22,ALL,ALL,2021,457.291055995513,,,,,,,,ALL_N1,,,,,,,
IT1:DF_DCSS_ISTR_LAV_PEN_2_TV_3(1.0),A,082015,RESPOP_AV,F,Y_GE15,TOTAL,ALL,22,ALL,ALL,2022,451.001519402602,,,,,,,,ALL_N1,,,,,,,
IT1:DF_DCSS_ISTR_LAV_PEN_2_TV_3(1.0),A,082015,RESPOP_AV,F,Y_GE15,TOTAL,ALL,22,ALL,ALL,2023,474.80543385294965,,,,,,,,ALL_N1,,,,,,,
IT1:DF_DCSS_ISTR_LAV_PEN_2_TV_3(1.0),A,082015,RESPOP_AV,F,Y_GE15,TOTAL,ALL,22,ALL,ALL,2024,433.6868041844312,,,,,,,,ALL_N1,,,,,,,
IT1:DF_DCSS_ISTR_LAV_PEN_2_TV_3(1.0),A,082015,RESPOP_AV,F,Y_GE15,TOTAL,ALL,23,ALL,ALL,2018,1234,,,,,,,,ALL_N1,,,,,,,
IT1:DF_DCSS_ISTR_LAV_PEN_2_TV_3(1.0),A,082015,RESPOP_AV,F,Y_GE15,TOTAL,ALL,23,ALL,ALL,2019,1193,,,,,,,,ALL_N1,,,,,,,
IT1:DF_DCSS_ISTR_LAV_PEN_2_TV_3(1.0),A,082015,RESPOP_AV,F,Y_GE15,TOTAL,ALL,23,ALL,ALL,2021,1211.70894400449,,,,,,,,ALL_N1,,,,,,,
IT1:DF_DCSS_ISTR_LAV_PEN_2_TV_3(1.0),A,082015,RESPOP_AV,F,Y_GE15,TOTAL,ALL,23,ALL,ALL,2022,1184.9984805974,,,,,,,,ALL_N1,,,,,,,
IT1:DF_DCSS_ISTR_LAV_PEN_2_TV_3(1.0),A,082015,RESPOP_AV,F,Y_GE15,TOTAL,ALL,23,ALL,ALL,2023,1112.1945661470504,,,,,,,,ALL_N1,,,,,,,
IT1:DF_DCSS_ISTR_LAV_PEN_2_TV_3(1.0),A,082015,RESPOP_AV,F,Y_GE15,TOTAL,ALL,23,ALL,ALL,2024,1126.313195815569,,,,,,,,ALL_N1,,,,,,,
IT1:DF_DCSS_ISTR_LAV_PEN_2_TV_3(1.0),A,082015,RESPOP_AV,F,Y_GE15,TOTAL,ALL,24,ALL,ALL,2018,421,,,,,,,,ALL_N1,,,,,,,
IT1:DF_DCSS_ISTR_LAV_PEN_2_TV_3(1.0),A,082015,RESPOP_AV,F,Y_GE15,TOTAL,ALL,24,ALL,ALL,2019,427,,,,,,,,ALL_N1,,,,,,,
IT1:DF_DCSS_ISTR_LAV_PEN_2_TV_3(1.0),A,082015,RESPOP_AV,F,Y_GE15,TOTAL,ALL,24,ALL,ALL,2021,409.268771401137,,,,,,,,ALL_N1,,,,,,,
IT1:DF_DCSS_ISTR_LAV_PEN_2_TV_3(1.0),A,082015,RESPOP_AV,F,Y_GE15,TOTAL,ALL,24,ALL,ALL,2022,380.363664240018,,,,,,,,ALL_N1,,,,,,,
IT1:DF_DCSS_ISTR_LAV_PEN_2_TV_3(1.0),A,082015,RESPOP_AV,F,Y_GE15,TOTAL,ALL,24,ALL,ALL,2023,340.44299958289054,,,,,,,,ALL_N1,,,,,,,
IT1:DF_DCSS_ISTR_LAV_PEN_2_TV_3(1.0),A,082015,RESPOP_AV,F,Y_GE15,TOTAL,ALL,24,ALL,ALL,2024,354.7401105582318,,,,,,,,ALL_N1,,,,,,,
IT1:DF_DCSS_ISTR_LAV_PEN_2_TV_3(1.0),A,082015,RESPOP_AV,F,Y_GE15,TOTAL,ALL,4,ALL,ALL,2018,530,,,,,,,,ALL_N1,,,,,,,
IT1:DF_DCSS_ISTR_LAV_PEN_2_TV_3(1.0),A,082015,RESPOP_AV,F,Y_GE15,TOTAL,ALL,4,ALL,ALL,2019,511,,,,,,,,ALL_N1,,,,,,,
IT1:DF_DCSS_ISTR_LAV_PEN_2_TV_3(1.0),A,082015,RESPOP_AV,F,Y_GE15,TOTAL,ALL,4,ALL,ALL,2021,549.654960291769,,,,,,,,ALL_N1,,,,,,,
IT1:DF_DCSS_ISTR_LAV_PEN_2_TV_3(1.0),A,082015,RESPOP_AV,F,Y_GE15,TOTAL,ALL,4,ALL,ALL,2022,527.669242106991,,,,,,,,ALL_N1,,,,,,,
IT1:DF_DCSS_ISTR_LAV_PEN_2_TV_3(1.0),A,082015,RESPOP_AV,F,Y_GE15,TOTAL,ALL,4,ALL,ALL,2023,486.6292653340535,,,,,,,,ALL_N1,,,,,,,
IT1:DF_DCSS_ISTR_LAV_PEN_2_TV_3(1.0),A,082015,RESPOP_AV,F,Y_GE15,TOTAL,ALL,4,ALL,ALL,2024,491.8038852928536,,,,,,,,ALL_N1,,,,,,,
IT1:DF_DCSS_ISTR_LAV_PEN_2_TV_3(1.0),A,082015,RESPOP_AV,F,Y_GE15,TOTAL,ALL,5,ALL,ALL,2018,126,,,,,,,,ALL_N1,,,,,,,
IT1:DF_DCSS_ISTR_LAV_PEN_2_TV_3(1.0),A,082015,RESPOP_AV,F,Y_GE15,TOTAL,ALL,5,ALL,ALL,2019,134,,,,,,,,ALL_N1,,,,,,,
IT1:DF_DCSS_ISTR_LAV_PEN_2_TV_3(1.0),A,082015,RESPOP_AV,F,Y_GE15,TOTAL,ALL,5,ALL,ALL,2021,135.987742920218,,,,,,,,ALL_N1,,,,,,,
IT1:DF_DCSS_ISTR_LAV_PEN_2_TV_3(1.0),A,082015,RESPOP_AV,F,Y_GE15,TOTAL,ALL,5,ALL,ALL,2022,132.720630705836,,,,,,,,ALL_N1,,,,,,,
IT1:DF_DCSS_ISTR_LAV_PEN_2_TV_3(1.0),A,082015,RESPOP_AV,F,Y_GE15,TOTAL,ALL,5,ALL,ALL,2023,137.33022286020216,,,,,,,,ALL_N1,,,,,,,
IT1:DF_DCSS_ISTR_LAV_PEN_2_TV_3(1.0),A,082015,RESPOP_AV,F,Y_GE15,TOTAL,ALL,5,ALL,ALL,2024,142.69546248632182,,,,,,,,ALL_N1,,,,,,,
IT1:DF_DCSS_ISTR_LAV_PEN_2_TV_3(1.0),A,082015,RESPOP_AV,F,Y_GE15,TOTAL,ALL,7,ALL,ALL,2018,157,,,,,,,,ALL_N1,,,,,,,
IT1:DF_DCSS_ISTR_LAV_PEN_2_TV_3(1.0),A,082015,RESPOP_AV,F,Y_GE15,TOTAL,ALL,7,ALL,ALL,2019,121,,,,,,,,ALL_N1,,,,,,,
IT1:DF_DCSS_ISTR_LAV_PEN_2_TV_3(1.0),A,082015,RESPOP_AV,F,Y_GE15,TOTAL,ALL,7,ALL,ALL,2021,116.797469391362,,,,,,,,ALL_N1,,,,,,,
IT1:DF_DCSS_ISTR_LAV_PEN_2_TV_3(1.0),A,082015,RESPOP_AV,F,Y_GE15,TOTAL,ALL,7,ALL,ALL,2022,144.244943544554,,,,,,,,ALL_N1,,,,,,,
IT1:DF_DCSS_ISTR_LAV_PEN_2_TV_3(1.0),A,082015,RESPOP_AV,F,Y_GE15,TOTAL,ALL,7,ALL,ALL,2023,147.7920783699043,,,,,,,,ALL_N1,,,,,,,
IT1:DF_DCSS_ISTR_LAV_PEN_2_TV_3(1.0),A,082015,RESPOP_AV,F,Y_GE15,TOTAL,ALL,7,ALL,ALL,2024,137.0737374781618,,,,,,,,ALL_N1,,,,,,,
IT1:DF_DCSS_ISTR_LAV_PEN_2_TV_3(1.0),A,082015,RESPOP_AV,F,Y_GE15,TOTAL,ALL,99,ALL,ALL,2018,1758,,,,,,,,ALL_N1,99_N1,,,,,,
IT1:DF_DCSS_ISTR_LAV_PEN_2_TV_3(1.0),A,082015,RESPOP_AV,F,Y_GE15,TOTAL,ALL,99,ALL,ALL,2019,1718,,,,,,,,ALL_N1,99_N1,,,,,,
IT1:DF_DCSS_ISTR_LAV_PEN_2_TV_3(1.0),A,082015,RESPOP_AV,F,Y_GE15,TOTAL,ALL,99,ALL,ALL,2021,1669,,,,,,,,ALL_N1,99_N1,,,,,,
IT1:DF_DCSS_ISTR_LAV_PEN_2_TV_3(1.0),A,082015,RESPOP_AV,F,Y_GE15,TOTAL,ALL,99,ALL,ALL,2022,1636,,,,,,,,ALL_N1,99_N1,,,,,,
IT1:DF_DCSS_ISTR_LAV_PEN_2_TV_3(1.0),A,082015,RESPOP_AV,F,Y_GE15,TOTAL,ALL,99,ALL,ALL,2023,1587,,,,,,,,ALL_N1,99_N1,,,,,,
IT1:DF_DCSS_ISTR_LAV_PEN_2_TV_3(1.0),A,082015,RESPOP_AV,F,Y_GE15,TOTAL,ALL,99,ALL,ALL,2024,1560.0000000000002,,,,,,,,ALL_N1,99_N1,,,,,,
IT1:DF_DCSS_ISTR_LAV_PEN_2_TV_3(1.0),A,082015,RESPOP_AV,M,Y_GE15,TOTAL,ALL,1,ALL,ALL,2018,759,,,,,,,,ALL_N1,,,,,,,
IT1:DF_DCSS_ISTR_LAV_PEN_2_TV_3(1.0),A,082015,RESPOP_AV,M,Y_GE15,TOTAL,ALL,1,ALL,ALL,2019,752,,,,,,,,ALL_N1,,,,,,,
IT1:DF_DCSS_ISTR_LAV_PEN_2_TV_3(1.0),A,082015,RESPOP_AV,M,Y_GE15,TOTAL,ALL,1,ALL,ALL,2021,751,,,,,,,,ALL_N1,,,,,,,
IT1:DF_DCSS_ISTR_LAV_PEN_2_TV_3(1.0),A,082015,RESPOP_AV,M,Y_GE15,TOTAL,ALL,1,ALL,ALL,2022,772,,,,,,,,ALL_N1,,,,,,,
IT1:DF_DCSS_ISTR_LAV_PEN_2_TV_3(1.0),A,082015,RESPOP_AV,M,Y_GE15,TOTAL,ALL,1,ALL,ALL,2023,747,,,,,,,,ALL_N1,,,,,,,
IT1:DF_DCSS_ISTR_LAV_PEN_2_TV_3(1.0),A,082015,RESPOP_AV,M,Y_GE15,TOTAL,ALL,1,ALL,ALL,2024,744,,,,,,,,ALL_N1,,,,,,,
IT1:DF_DCSS_ISTR_LAV_PEN_2_TV_3(1.0),A,082015,RESPOP_AV,M,Y_GE15,TOTAL,ALL,12,ALL,ALL,2018,172,,,,,,,,ALL_N1,,,,,,,
IT1:DF_DCSS_ISTR_LAV_PEN_2_TV_3(1.0),A,082015,RESPOP_AV,M,Y_GE15,TOTAL,ALL,12,ALL,ALL,2019,165,,,,,,,,ALL_N1,,,,,,,
IT1:DF_DCSS_ISTR_LAV_PEN_2_TV_3(1.0),A,082015,RESPOP_AV,M,Y_GE15,TOTAL,ALL,12,ALL,ALL,2021,89.889107893972,,,,,,,,ALL_N1,,,,,,,
IT1:DF_DCSS_ISTR_LAV_PEN_2_TV_3(1.0),A,082015,RESPOP_AV,M,Y_GE15,TOTAL,ALL,12,ALL,ALL,2022,70.5816208047724,,,,,,,,ALL_N1,,,,,,,
IT1:DF_DCSS_ISTR_LAV_PEN_2_TV_3(1.0),A,082015,RESPOP_AV,M,Y_GE15,TOTAL,ALL,12,ALL,ALL,2023,75.16824379191127,,,,,,,,ALL_N1,,,,,,,
IT1:DF_DCSS_ISTR_LAV_PEN_2_TV_3(1.0),A,082015,RESPOP_AV,M,Y_GE15,TOTAL,ALL,12,ALL,ALL,2024,55.65374504027439,,,,,,,,ALL_N1,,,,,,,
IT1:DF_DCSS_ISTR_LAV_PEN_2_TV_3(1.0),A,082015,RESPOP_AV,M,Y_GE15,TOTAL,ALL,22,ALL,ALL,2018,931,,,,,,,,ALL_N1,,,,,,,
IT1:DF_DCSS_ISTR_LAV_PEN_2_TV_3(1.0),A,082015,RESPOP_AV,M,Y_GE15,TOTAL,ALL,22,ALL,ALL,2019,917,,,,,,,,ALL_N1,,,,,,,
IT1:DF_DCSS_ISTR_LAV_PEN_2_TV_3(1.0),A,082015,RESPOP_AV,M,Y_GE15,TOTAL,ALL,22,ALL,ALL,2021,840.889107893972,,,,,,,,ALL_N1,,,,,,,
IT1:DF_DCSS_ISTR_LAV_PEN_2_TV_3(1.0),A,082015,RESPOP_AV,M,Y_GE15,TOTAL,ALL,22,ALL,ALL,2022,842.581620804772,,,,,,,,ALL_N1,,,,,,,
IT1:DF_DCSS_ISTR_LAV_PEN_2_TV_3(1.0),A,082015,RESPOP_AV,M,Y_GE15,TOTAL,ALL,22,ALL,ALL,2023,822.1682437919112,,,,,,,,ALL_N1,,,,,,,
IT1:DF_DCSS_ISTR_LAV_PEN_2_TV_3(1.0),A,082015,RESPOP_AV,M,Y_GE15,TOTAL,ALL,22,ALL,ALL,2024,799.6537450402744,,,,,,,,ALL_N1,,,,,,,
IT1:DF_DCSS_ISTR_LAV_PEN_2_TV_3(1.0),A,082015,RESPOP_AV,M,Y_GE15,TOTAL,ALL,23,ALL,ALL,2018,727,,,,,,,,ALL_N1,,,,,,,
IT1:DF_DCSS_ISTR_LAV_PEN_2_TV_3(1.0),A,082015,RESPOP_AV,M,Y_GE15,TOTAL,ALL,23,ALL,ALL,2019,726,,,,,,,,ALL_N1,,,,,,,
IT1:DF_DCSS_ISTR_LAV_PEN_2_TV_3(1.0),A,082015,RESPOP_AV,M,Y_GE15,TOTAL,ALL,23,ALL,ALL,2021,744.110892106028,,,,,,,,ALL_N1,,,,,,,
IT1:DF_DCSS_ISTR_LAV_PEN_2_TV_3(1.0),A,082015,RESPOP_AV,M,Y_GE15,TOTAL,ALL,23,ALL,ALL,2022,726.418379195228,,,,,,,,ALL_N1,,,,,,,
IT1:DF_DCSS_ISTR_LAV_PEN_2_TV_3(1.0),A,082015,RESPOP_AV,M,Y_GE15,TOTAL,ALL,23,ALL,ALL,2023,696.8317562080887,,,,,,,,ALL_N1,,,,,,,
IT1:DF_DCSS_ISTR_LAV_PEN_2_TV_3(1.0),A,082015,RESPOP_AV,M,Y_GE15,TOTAL,ALL,23,ALL,ALL,2024,700.3462549597257,,,,,,,,ALL_N1,,,,,,,
IT1:DF_DCSS_ISTR_LAV_PEN_2_TV_3(1.0),A,082015,RESPOP_AV,M,Y_GE15,TOTAL,ALL,24,ALL,ALL,2018,426,,,,,,,,ALL_N1,,,,,,,
IT1:DF_DCSS_ISTR_LAV_PEN_2_TV_3(1.0),A,082015,RESPOP_AV,M,Y_GE15,TOTAL,ALL,24,ALL,ALL,2019,448,,,,,,,,ALL_N1,,,,,,,
IT1:DF_DCSS_ISTR_LAV_PEN_2_TV_3(1.0),A,082015,RESPOP_AV,M,Y_GE15,TOTAL,ALL,24,ALL,ALL,2021,454.423597836004,,,,,,,,ALL_N1,,,,,,,
IT1:DF_DCSS_ISTR_LAV_PEN_2_TV_3(1.0),A,082015,RESPOP_AV,M,Y_GE15,TOTAL,ALL,24,ALL,ALL,2022,454.260598073336,,,,,,,,ALL_N1,,,,,,,
IT1:DF_DCSS_ISTR_LAV_PEN_2_TV_3(1.0),A,082015,RESPOP_AV,M,Y_GE15,TOTAL,ALL,24,ALL,ALL,2023,429.90043660126565,,,,,,,,ALL_N1,,,,,,,
IT1:DF_DCSS_ISTR_LAV_PEN_2_TV_3(1.0),A,082015,RESPOP_AV,M,Y_GE15,TOTAL,ALL,24,ALL,ALL,2024,436.3285615367244,,,,,,,,ALL_N1,,,,,,,
IT1:DF_DCSS_ISTR_LAV_PEN_2_TV_3(1.0),A,082015,RESPOP_AV,M,Y_GE15,TOTAL,ALL,4,ALL,ALL,2018,15,,,,,,,,ALL_N1,,,,,,,
IT1:DF_DCSS_ISTR_LAV_PEN_2_TV_3(1.0),A,082015,RESPOP_AV,M,Y_GE15,TOTAL,ALL,4,ALL,ALL,2019,13,,,,,,,,ALL_N1,,,,,,,
IT1:DF_DCSS_ISTR_LAV_PEN_2_TV_3(1.0),A,082015,RESPOP_AV,M,Y_GE15,TOTAL,ALL,4,ALL,ALL,2021,28.907616160236,,,,,,,,ALL_N1,,,,,,,
IT1:DF_DCSS_ISTR_LAV_PEN_2_TV_3(1.0),A,082015,RESPOP_AV,M,Y_GE15,TOTAL,ALL,4,ALL,ALL,2022,20.1104455283141,,,,,,,,ALL_N1,,,,,,,
IT1:DF_DCSS_ISTR_LAV_PEN_2_TV_3(1.0),A,082015,RESPOP_AV,M,Y_GE15,TOTAL,ALL,4,ALL,ALL,2023,21.359299530361636,,,,,,,,ALL_N1,,,,,,,
IT1:DF_DCSS_ISTR_LAV_PEN_2_TV_3(1.0),A,082015,RESPOP_AV,M,Y_GE15,TOTAL,ALL,4,ALL,ALL,2024,20.31938382064396,,,,,,,,ALL_N1,,,,,,,
IT1:DF_DCSS_ISTR_LAV_PEN_2_TV_3(1.0),A,082015,RESPOP_AV,M,Y_GE15,TOTAL,ALL,5,ALL,ALL,2018,107,,,,,,,,ALL_N1,,,,,,,
IT1:DF_DCSS_ISTR_LAV_PEN_2_TV_3(1.0),A,082015,RESPOP_AV,M,Y_GE15,TOTAL,ALL,5,ALL,ALL,2019,121,,,,,,,,ALL_N1,,,,,,,
IT1:DF_DCSS_ISTR_LAV_PEN_2_TV_3(1.0),A,082015,RESPOP_AV,M,Y_GE15,TOTAL,ALL,5,ALL,ALL,2021,115.785784462197,,,,,,,,ALL_N1,,,,,,,
IT1:DF_DCSS_ISTR_LAV_PEN_2_TV_3(1.0),A,082015,RESPOP_AV,M,Y_GE15,TOTAL,ALL,5,ALL,ALL,2022,109.581167224106,,,,,,,,ALL_N1,,,,,,,
IT1:DF_DCSS_ISTR_LAV_PEN_2_TV_3(1.0),A,082015,RESPOP_AV,M,Y_GE15,TOTAL,ALL,5,ALL,ALL,2023,103.32478903162311,,,,,,,,ALL_N1,,,,,,,
IT1:DF_DCSS_ISTR_LAV_PEN_2_TV_3(1.0),A,082015,RESPOP_AV,M,Y_GE15,TOTAL,ALL,5,ALL,ALL,2024,102.49078248053682,,,,,,,,ALL_N1,,,,,,,
IT1:DF_DCSS_ISTR_LAV_PEN_2_TV_3(1.0),A,082015,RESPOP_AV,M,Y_GE15,TOTAL,ALL,7,ALL,ALL,2018,179,,,,,,,,ALL_N1,,,,,,,
IT1:DF_DCSS_ISTR_LAV_PEN_2_TV_3(1.0),A,082015,RESPOP_AV,M,Y_GE15,TOTAL,ALL,7,ALL,ALL,2019,144,,,,,,,,ALL_N1,,,,,,,
IT1:DF_DCSS_ISTR_LAV_PEN_2_TV_3(1.0),A,082015,RESPOP_AV,M,Y_GE15,TOTAL,ALL,7,ALL,ALL,2021,144.993893647591,,,,,,,,ALL_N1,,,,,,,
IT1:DF_DCSS_ISTR_LAV_PEN_2_TV_3(1.0),A,082015,RESPOP_AV,M,Y_GE15,TOTAL,ALL,7,ALL,ALL,2022,142.466168369471,,,,,,,,ALL_N1,,,,,,,
IT1:DF_DCSS_ISTR_LAV_PEN_2_TV_3(1.0),A,082015,RESPOP_AV,M,Y_GE15,TOTAL,ALL,7,ALL,ALL,2023,142.2472310448383,,,,,,,,ALL_N1,,,,,,,
IT1:DF_DCSS_ISTR_LAV_PEN_2_TV_3(1.0),A,082015,RESPOP_AV,M,Y_GE15,TOTAL,ALL,7,ALL,ALL,2024,141.20752712182045,,,,,,,,ALL_N1,,,,,,,
IT1:DF_DCSS_ISTR_LAV_PEN_2_TV_3(1.0),A,082015,RESPOP_AV,M,Y_GE15,TOTAL,ALL,99,ALL,ALL,2018,1658,,,,,,,,ALL_N1,99_N1,,,,,,
IT1:DF_DCSS_ISTR_LAV_PEN_2_TV_3(1.0),A,082015,RESPOP_AV,M,Y_GE15,TOTAL,ALL,99,ALL,ALL,2019,1643,,,,,,,,ALL_N1,99_N1,,,,,,
IT1:DF_DCSS_ISTR_LAV_PEN_2_TV_3(1.0),A,082015,RESPOP_AV,M,Y_GE15,TOTAL,ALL,99,ALL,ALL,2021,1585,,,,,,,,ALL_N1,99_N1,,,,,,
IT1:DF_DCSS_ISTR_LAV_PEN_2_TV_3(1.0),A,082015,RESPOP_AV,M,Y_GE15,TOTAL,ALL,99,ALL,ALL,2022,1569,,,,,,,,ALL_N1,99_N1,,,,,,
IT1:DF_DCSS_ISTR_LAV_PEN_2_TV_3(1.0),A,082015,RESPOP_AV,M,Y_GE15,TOTAL,ALL,99,ALL,ALL,2023,1519,,,,,,,,ALL_N1,99_N1,,,,,,
IT1:DF_DCSS_ISTR_LAV_PEN_2_TV_3(1.0),A,082015,RESPOP_AV,M,Y_GE15,TOTAL,ALL,99,ALL,ALL,2024,1500,,,,,,,,ALL_N1,99_N1,,,,,,
IT1:DF_DCSS_ISTR_LAV_PEN_2_TV_3(1.0),A,082015,RESPOP_AV,T,Y_GE15,TOTAL,ALL,1,ALL,ALL,2018,1113,,,,,,,,ALL_N1,,,,,,,
IT1:DF_DCSS_ISTR_LAV_PEN_2_TV_3(1.0),A,082015,RESPOP_AV,T,Y_GE15,TOTAL,ALL,1,ALL,ALL,2019,1102,,,,,,,,ALL_N1,,,,,,,
IT1:DF_DCSS_ISTR_LAV_PEN_2_TV_3(1.0),A,082015,RESPOP_AV,T,Y_GE15,TOTAL,ALL,1,ALL,ALL,2021,1132,,,,,,,,ALL_N1,,,,,,,
IT1:DF_DCSS_ISTR_LAV_PEN_2_TV_3(1.0),A,082015,RESPOP_AV,T,Y_GE15,TOTAL,ALL,1,ALL,ALL,2022,1142,,,,,,,,ALL_N1,,,,,,,
IT1:DF_DCSS_ISTR_LAV_PEN_2_TV_3(1.0),A,082015,RESPOP_AV,T,Y_GE15,TOTAL,ALL,1,ALL,ALL,2023,1131,,,,,,,,ALL_N1,,,,,,,
IT1:DF_DCSS_ISTR_LAV_PEN_2_TV_3(1.0),A,082015,RESPOP_AV,T,Y_GE15,TOTAL,ALL,1,ALL,ALL,2024,1116,,,,,,,,ALL_N1,,,,,,,
IT1:DF_DCSS_ISTR_LAV_PEN_2_TV_3(1.0),A,082015,RESPOP_AV,T,Y_GE15,TOTAL,ALL,12,ALL,ALL,2018,342,,,,,,,,ALL_N1,,,,,,,
IT1:DF_DCSS_ISTR_LAV_PEN_2_TV_3(1.0),A,082015,RESPOP_AV,T,Y_GE15,TOTAL,ALL,12,ALL,ALL,2019,340,,,,,,,,ALL_N1,,,,,,,
IT1:DF_DCSS_ISTR_LAV_PEN_2_TV_3(1.0),A,082015,RESPOP_AV,T,Y_GE15,TOTAL,ALL,12,ALL,ALL,2021,166.180163889485,,,,,,,,ALL_N1,,,,,,,
IT1:DF_DCSS_ISTR_LAV_PEN_2_TV_3(1.0),A,082015,RESPOP_AV,T,Y_GE15,TOTAL,ALL,12,ALL,ALL,2022,151.583140207374,,,,,,,,ALL_N1,,,,,,,
IT1:DF_DCSS_ISTR_LAV_PEN_2_TV_3(1.0),A,082015,RESPOP_AV,T,Y_GE15,TOTAL,ALL,12,ALL,ALL,2023,165.97367764486089,,,,,,,,ALL_N1,,,,,,,
IT1:DF_DCSS_ISTR_LAV_PEN_2_TV_3(1.0),A,082015,RESPOP_AV,T,Y_GE15,TOTAL,ALL,12,ALL,ALL,2024,117.34054922470557,,,,,,,,ALL_N1,,,,,,,
IT1:DF_DCSS_ISTR_LAV_PEN_2_TV_3(1.0),A,082015,RESPOP_AV,T,Y_GE15,TOTAL,ALL,22,ALL,ALL,2018,1455,,,,,,,,ALL_N1,,,,,,,
IT1:DF_DCSS_ISTR_LAV_PEN_2_TV_3(1.0),A,082015,RESPOP_AV,T,Y_GE15,TOTAL,ALL,22,ALL,ALL,2019,1442,,,,,,,,ALL_N1,,,,,,,
IT1:DF_DCSS_ISTR_LAV_PEN_2_TV_3(1.0),A,082015,RESPOP_AV,T,Y_GE15,TOTAL,ALL,22,ALL,ALL,2021,1298.18016388948,,,,,,,,ALL_N1,,,,,,,
IT1:DF_DCSS_ISTR_LAV_PEN_2_TV_3(1.0),A,082015,RESPOP_AV,T,Y_GE15,TOTAL,ALL,22,ALL,ALL,2022,1293.58314020737,,,,,,,,ALL_N1,,,,,,,
IT1:DF_DCSS_ISTR_LAV_PEN_2_TV_3(1.0),A,082015,RESPOP_AV,T,Y_GE15,TOTAL,ALL,22,ALL,ALL,2023,1296.9736776448608,,,,,,,,ALL_N1,,,,,,,
IT1:DF_DCSS_ISTR_LAV_PEN_2_TV_3(1.0),A,082015,RESPOP_AV,T,Y_GE15,TOTAL,ALL,22,ALL,ALL,2024,1233.3405492247055,,,,,,,,ALL_N1,,,,,,,
IT1:DF_DCSS_ISTR_LAV_PEN_2_TV_3(1.0),A,082015,RESPOP_AV,T,Y_GE15,TOTAL,ALL,23,ALL,ALL,2018,1961,,,,,,,,ALL_N1,,,,,,,
IT1:DF_DCSS_ISTR_LAV_PEN_2_TV_3(1.0),A,082015,RESPOP_AV,T,Y_GE15,TOTAL,ALL,23,ALL,ALL,2019,1919,,,,,,,,ALL_N1,,,,,,,
IT1:DF_DCSS_ISTR_LAV_PEN_2_TV_3(1.0),A,082015,RESPOP_AV,T,Y_GE15,TOTAL,ALL,23,ALL,ALL,2021,1955.81983611052,,,,,,,,ALL_N1,,,,,,,
IT1:DF_DCSS_ISTR_LAV_PEN_2_TV_3(1.0),A,082015,RESPOP_AV,T,Y_GE15,TOTAL,ALL,23,ALL,ALL,2022,1911.41685979263,,,,,,,,ALL_N1,,,,,,,
IT1:DF_DCSS_ISTR_LAV_PEN_2_TV_3(1.0),A,082015,RESPOP_AV,T,Y_GE15,TOTAL,ALL,23,ALL,ALL,2023,1809.0263223551392,,,,,,,,ALL_N1,,,,,,,
IT1:DF_DCSS_ISTR_LAV_PEN_2_TV_3(1.0),A,082015,RESPOP_AV,T,Y_GE15,TOTAL,ALL,23,ALL,ALL,2024,1826.6594507752945,,,,,,,,ALL_N1,,,,,,,
IT1:DF_DCSS_ISTR_LAV_PEN_2_TV_3(1.0),A,082015,RESPOP_AV,T,Y_GE15,TOTAL,ALL,24,ALL,ALL,2018,847,,,,,,,,ALL_N1,,,,,,,
IT1:DF_DCSS_ISTR_LAV_PEN_2_TV_3(1.0),A,082015,RESPOP_AV,T,Y_GE15,TOTAL,ALL,24,ALL,ALL,2019,875,,,,,,,,ALL_N1,,,,,,,
IT1:DF_DCSS_ISTR_LAV_PEN_2_TV_3(1.0),A,082015,RESPOP_AV,T,Y_GE15,TOTAL,ALL,24,ALL,ALL,2021,863.692369237141,,,,,,,,ALL_N1,,,,,,,
IT1:DF_DCSS_ISTR_LAV_PEN_2_TV_3(1.0),A,082015,RESPOP_AV,T,Y_GE15,TOTAL,ALL,24,ALL,ALL,2022,834.624262313354,,,,,,,,ALL_N1,,,,,,,
IT1:DF_DCSS_ISTR_LAV_PEN_2_TV_3(1.0),A,082015,RESPOP_AV,T,Y_GE15,TOTAL,ALL,24,ALL,ALL,2023,770.3434361841562,,,,,,,,ALL_N1,,,,,,,
IT1:DF_DCSS_ISTR_LAV_PEN_2_TV_3(1.0),A,082015,RESPOP_AV,T,Y_GE15,TOTAL,ALL,24,ALL,ALL,2024,791.0686720949562,,,,,,,,ALL_N1,,,,,,,
IT1:DF_DCSS_ISTR_LAV_PEN_2_TV_3(1.0),A,082015,RESPOP_AV,T,Y_GE15,TOTAL,ALL,4,ALL,ALL,2018,545,,,,,,,,ALL_N1,,,,,,,
IT1:DF_DCSS_ISTR_LAV_PEN_2_TV_3(1.0),A,082015,RESPOP_AV,T,Y_GE15,TOTAL,ALL,4,ALL,ALL,2019,524,,,,,,,,ALL_N1,,,,,,,
IT1:DF_DCSS_ISTR_LAV_PEN_2_TV_3(1.0),A,082015,RESPOP_AV,T,Y_GE15,TOTAL,ALL,4,ALL,ALL,2021,578.562576452005,,,,,,,,ALL_N1,,,,,,,
IT1:DF_DCSS_ISTR_LAV_PEN_2_TV_3(1.0),A,082015,RESPOP_AV,T,Y_GE15,TOTAL,ALL,4,ALL,ALL,2022,547.779687635305,,,,,,,,ALL_N1,,,,,,,
IT1:DF_DCSS_ISTR_LAV_PEN_2_TV_3(1.0),A,082015,RESPOP_AV,T,Y_GE15,TOTAL,ALL,4,ALL,ALL,2023,507.98856486441514,,,,,,,,ALL_N1,,,,,,,
IT1:DF_DCSS_ISTR_LAV_PEN_2_TV_3(1.0),A,082015,RESPOP_AV,T,Y_GE15,TOTAL,ALL,4,ALL,ALL,2024,512.1232691134975,,,,,,,,ALL_N1,,,,,,,
IT1:DF_DCSS_ISTR_LAV_PEN_2_TV_3(1.0),A,082015,RESPOP_AV,T,Y_GE15,TOTAL,ALL,5,ALL,ALL,2018,233,,,,,,,,ALL_N1,,,,,,,
IT1:DF_DCSS_ISTR_LAV_PEN_2_TV_3(1.0),A,082015,RESPOP_AV,T,Y_GE15,TOTAL,ALL,5,ALL,ALL,2019,255,,,,,,,,ALL_N1,,,,,,,
IT1:DF_DCSS_ISTR_LAV_PEN_2_TV_3(1.0),A,082015,RESPOP_AV,T,Y_GE15,TOTAL,ALL,5,ALL,ALL,2021,251.773527382415,,,,,,,,ALL_N1,,,,,,,
IT1:DF_DCSS_ISTR_LAV_PEN_2_TV_3(1.0),A,082015,RESPOP_AV,T,Y_GE15,TOTAL,ALL,5,ALL,ALL,2022,242.301797929942,,,,,,,,ALL_N1,,,,,,,
IT1:DF_DCSS_ISTR_LAV_PEN_2_TV_3(1.0),A,082015,RESPOP_AV,T,Y_GE15,TOTAL,ALL,5,ALL,ALL,2023,240.65501189182527,,,,,,,,ALL_N1,,,,,,,
IT1:DF_DCSS_ISTR_LAV_PEN_2_TV_3(1.0),A,082015,RESPOP_AV,T,Y_GE15,TOTAL,ALL,5,ALL,ALL,2024,245.18624496685862,,,,,,,,ALL_N1,,,,,,,
IT1:DF_DCSS_ISTR_LAV_PEN_2_TV_3(1.0),A,082015,RESPOP_AV,T,Y_GE15,TOTAL,ALL,7,ALL,ALL,2018,336,,,,,,,,ALL_N1,,,,,,,
IT1:DF_DCSS_ISTR_LAV_PEN_2_TV_3(1.0),A,082015,RESPOP_AV,T,Y_GE15,TOTAL,ALL,7,ALL,ALL,2019,265,,,,,,,,ALL_N1,,,,,,,
IT1:DF_DCSS_ISTR_LAV_PEN_2_TV_3(1.0),A,082015,RESPOP_AV,T,Y_GE15,TOTAL,ALL,7,ALL,ALL,2021,261.791363038953,,,,,,,,ALL_N1,,,,,,,
IT1:DF_DCSS_ISTR_LAV_PEN_2_TV_3(1.0),A,082015,RESPOP_AV,T,Y_GE15,TOTAL,ALL,7,ALL,ALL,2022,286.711111914025,,,,,,,,ALL_N1,,,,,,,
IT1:DF_DCSS_ISTR_LAV_PEN_2_TV_3(1.0),A,082015,RESPOP_AV,T,Y_GE15,TOTAL,ALL,7,ALL,ALL,2023,290.03930941474255,,,,,,,,ALL_N1,,,,,,,
IT1:DF_DCSS_ISTR_LAV_PEN_2_TV_3(1.0),A,082015,RESPOP_AV,T,Y_GE15,TOTAL,ALL,7,ALL,ALL,2024,278.28126459998225,,,,,,,,ALL_N1,,,,,,,
IT1:DF_DCSS_ISTR_LAV_PEN_2_TV_3(1.0),A,082015,RESPOP_AV,T,Y_GE15,TOTAL,ALL,99,ALL,ALL,2018,3416,,,,,,,,ALL_N1,99_N1,,,,,,
IT1:DF_DCSS_ISTR_LAV_PEN_2_TV_3(1.0),A,082015,RESPOP_AV,T,Y_GE15,TOTAL,ALL,99,ALL,ALL,2019,3361,,,,,,,,ALL_N1,99_N1,,,,,,
IT1:DF_DCSS_ISTR_LAV_PEN_2_TV_3(1.0),A,082015,RESPOP_AV,T,Y_GE15,TOTAL,ALL,99,ALL,ALL,2021,3254,,,,,,,,ALL_N1,99_N1,,,,,,
IT1:DF_DCSS_ISTR_LAV_PEN_2_TV_3(1.0),A,082015,RESPOP_AV,T,Y_GE15,TOTAL,ALL,99,ALL,ALL,2022,3205,,,,,,,,ALL_N1,99_N1,,,,,,
IT1:DF_DCSS_ISTR_LAV_PEN_2_TV_3(1.0),A,082015,RESPOP_AV,T,Y_GE15,TOTAL,ALL,99,ALL,ALL,2023,3106,,,,,,,,ALL_N1,99_N1,,,,,,
IT1:DF_DCSS_ISTR_LAV_PEN_2_TV_3(1.0),A,082015,RESPOP_AV,T,Y_GE15,TOTAL,ALL,99,ALL,ALL,2024,3060,,,,,,,,ALL_N1,99_N1,,,,,,
IT1:DF_DCSS_ISTR_LAV_PEN_2_TV_3(1.0),A,082016,RESPOP_AV,F,Y_GE15,TOTAL,ALL,1,ALL,ALL,2018,46,,,,,,,,ALL_N1,,,,,,,
IT1:DF_DCSS_ISTR_LAV_PEN_2_TV_3(1.0),A,082016,RESPOP_AV,F,Y_GE15,TOTAL,ALL,1,ALL,ALL,2019,44,,,,,,,,ALL_N1,,,,,,,
IT1:DF_DCSS_ISTR_LAV_PEN_2_TV_3(1.0),A,082016,RESPOP_AV,F,Y_GE15,TOTAL,ALL,1,ALL,ALL,2021,43,,,,,,,,ALL_N1,,,,,,,
IT1:DF_DCSS_ISTR_LAV_PEN_2_TV_3(1.0),A,082016,RESPOP_AV,F,Y_GE15,TOTAL,ALL,1,ALL,ALL,2022,41,,,,,,,,ALL_N1,,,,,,,
IT1:DF_DCSS_ISTR_LAV_PEN_2_TV_3(1.0),A,082016,RESPOP_AV,F,Y_GE15,TOTAL,ALL,1,ALL,ALL,2023,41,,,,,,,,ALL_N1,,,,,,,
IT1:DF_DCSS_ISTR_LAV_PEN_2_TV_3(1.0),A,082016,RESPOP_AV,F,Y_GE15,TOTAL,ALL,1,ALL,ALL,2024,46,,,,,,,,ALL_N1,,,,,,,
IT1:DF_DCSS_ISTR_LAV_PEN_2_TV_3(1.0),A,082016,RESPOP_AV,F,Y_GE15,TOTAL,ALL,12,ALL,ALL,2018,16,,,,,,,,ALL_N1,,,,,,,
IT1:DF_DCSS_ISTR_LAV_PEN_2_TV_3(1.0),A,082016,RESPOP_AV,F,Y_GE15,TOTAL,ALL,12,ALL,ALL,2019,18,,,,,,,,ALL_N1,,,,,,,
IT1:DF_DCSS_ISTR_LAV_PEN_2_TV_3(1.0),A,082016,RESPOP_AV,F,Y_GE15,TOTAL,ALL,12,ALL,ALL,2021,9.83317494179578,,,,,,,,ALL_N1,,,,,,,
IT1:DF_DCSS_ISTR_LAV_PEN_2_TV_3(1.0),A,082016,RESPOP_AV,F,Y_GE15,TOTAL,ALL,12,ALL,ALL,2022,8.96711157216323,,,,,,,,ALL_N1,,,,,,,
IT1:DF_DCSS_ISTR_LAV_PEN_2_TV_3(1.0),A,082016,RESPOP_AV,F,Y_GE15,TOTAL,ALL,12,ALL,ALL,2023,10.686512594499678,,,,,,,,ALL_N1,,,,,,,
IT1:DF_DCSS_ISTR_LAV_PEN_2_TV_3(1.0),A,082016,RESPOP_AV,F,Y_GE15,TOTAL,ALL,12,ALL,ALL,2024,6.663456675984765,,,,,,,,ALL_N1,,,,,,,
IT1:DF_DCSS_ISTR_LAV_PEN_2_TV_3(1.0),A,082016,RESPOP_AV,F,Y_GE15,TOTAL,ALL,22,ALL,ALL,2018,62,,,,,,,,ALL_N1,,,,,,,
IT1:DF_DCSS_ISTR_LAV_PEN_2_TV_3(1.0),A,082016,RESPOP_AV,F,Y_GE15,TOTAL,ALL,22,ALL,ALL,2019,62,,,,,,,,ALL_N1,,,,,,,
IT1:DF_DCSS_ISTR_LAV_PEN_2_TV_3(1.0),A,082016,RESPOP_AV,F,Y_GE15,TOTAL,ALL,22,ALL,ALL,2021,52.8331749417958,,,,,,,,ALL_N1,,,,,,,
IT1:DF_DCSS_ISTR_LAV_PEN_2_TV_3(1.0),A,082016,RESPOP_AV,F,Y_GE15,TOTAL,ALL,22,ALL,ALL,2022,49.9671115721632,,,,,,,,ALL_N1,,,,,,,
IT1:DF_DCSS_ISTR_LAV_PEN_2_TV_3(1.0),A,082016,RESPOP_AV,F,Y_GE15,TOTAL,ALL,22,ALL,ALL,2023,51.686512594499675,,,,,,,,ALL_N1,,,,,,,
IT1:DF_DCSS_ISTR_LAV_PEN_2_TV_3(1.0),A,082016,RESPOP_AV,F,Y_GE15,TOTAL,ALL,22,ALL,ALL,2024,52.66345667598476,,,,,,,,ALL_N1,,,,,,,
IT1:DF_DCSS_ISTR_LAV_PEN_2_TV_3(1.0),A,082016,RESPOP_AV,F,Y_GE15,TOTAL,ALL,23,ALL,ALL,2018,152,,,,,,,,ALL_N1,,,,,,,
IT1:DF_DCSS_ISTR_LAV_PEN_2_TV_3(1.0),A,082016,RESPOP_AV,F,Y_GE15,TOTAL,ALL,23,ALL,ALL,2019,147,,,,,,,,ALL_N1,,,,,,,
IT1:DF_DCSS_ISTR_LAV_PEN_2_TV_3(1.0),A,082016,RESPOP_AV,F,Y_GE15,TOTAL,ALL,23,ALL,ALL,2021,148.166825058204,,,,,,,,ALL_N1,,,,,,,
IT1:DF_DCSS_ISTR_LAV_PEN_2_TV_3(1.0),A,082016,RESPOP_AV,F,Y_GE15,TOTAL,ALL,23,ALL,ALL,2022,146.032888427837,,,,,,,,ALL_N1,,,,,,,
IT1:DF_DCSS_ISTR_LAV_PEN_2_TV_3(1.0),A,082016,RESPOP_AV,F,Y_GE15,TOTAL,ALL,23,ALL,ALL,2023,134.3134874055003,,,,,,,,ALL_N1,,,,,,,
IT1:DF_DCSS_ISTR_LAV_PEN_2_TV_3(1.0),A,082016,RESPOP_AV,F,Y_GE15,TOTAL,ALL,23,ALL,ALL,2024,125.33654332401524,,,,,,,,ALL_N1,,,,,,,
IT1:DF_DCSS_ISTR_LAV_PEN_2_TV_3(1.0),A,082016,RESPOP_AV,F,Y_GE15,TOTAL,ALL,24,ALL,ALL,2018,56,,,,,,,,ALL_N1,,,,,,,
IT1:DF_DCSS_ISTR_LAV_PEN_2_TV_3(1.0),A,082016,RESPOP_AV,F,Y_GE15,TOTAL,ALL,24,ALL,ALL,2019,60,,,,,,,,ALL_N1,,,,,,,
IT1:DF_DCSS_ISTR_LAV_PEN_2_TV_3(1.0),A,082016,RESPOP_AV,F,Y_GE15,TOTAL,ALL,24,ALL,ALL,2021,55.4493510493504,,,,,,,,ALL_N1,,,,,,,
IT1:DF_DCSS_ISTR_LAV_PEN_2_TV_3(1.0),A,082016,RESPOP_AV,F,Y_GE15,TOTAL,ALL,24,ALL,ALL,2022,56.7780858077376,,,,,,,,ALL_N1,,,,,,,
IT1:DF_DCSS_ISTR_LAV_PEN_2_TV_3(1.0),A,082016,RESPOP_AV,F,Y_GE15,TOTAL,ALL,24,ALL,ALL,2023,50.82460284237757,,,,,,,,ALL_N1,,,,,,,
IT1:DF_DCSS_ISTR_LAV_PEN_2_TV_3(1.0),A,082016,RESPOP_AV,F,Y_GE15,TOTAL,ALL,24,ALL,ALL,2024,43.29179586940199,,,,,,,,ALL_N1,,,,,,,
IT1:DF_DCSS_ISTR_LAV_PEN_2_TV_3(1.0),A,082016,RESPOP_AV,F,Y_GE15,TOTAL,ALL,4,ALL,ALL,2018,45,,,,,,,,ALL_N1,,,,,,,
IT1:DF_DCSS_ISTR_LAV_PEN_2_TV_3(1.0),A,082016,RESPOP_AV,F,Y_GE15,TOTAL,ALL,4,ALL,ALL,2019,40,,,,,,,,ALL_N1,,,,,,,
IT1:DF_DCSS_ISTR_LAV_PEN_2_TV_3(1.0),A,082016,RESPOP_AV,F,Y_GE15,TOTAL,ALL,4,ALL,ALL,2021,45.7410339573295,,,,,,,,ALL_N1,,,,,,,
IT1:DF_DCSS_ISTR_LAV_PEN_2_TV_3(1.0),A,082016,RESPOP_AV,F,Y_GE15,TOTAL,ALL,4,ALL,ALL,2022,47.3959319575402,,,,,,,,ALL_N1,,,,,,,
IT1:DF_DCSS_ISTR_LAV_PEN_2_TV_3(1.0),A,082016,RESPOP_AV,F,Y_GE15,TOTAL,ALL,4,ALL,ALL,2023,45.72544294210784,,,,,,,,ALL_N1,,,,,,,
IT1:DF_DCSS_ISTR_LAV_PEN_2_TV_3(1.0),A,082016,RESPOP_AV,F,Y_GE15,TOTAL,ALL,4,ALL,ALL,2024,42.71585670443994,,,,,,,,ALL_N1,,,,,,,
IT1:DF_DCSS_ISTR_LAV_PEN_2_TV_3(1.0),A,082016,RESPOP_AV,F,Y_GE15,TOTAL,ALL,5,ALL,ALL,2018,21,,,,,,,,ALL_N1,,,,,,,
IT1:DF_DCSS_ISTR_LAV_PEN_2_TV_3(1.0),A,082016,RESPOP_AV,F,Y_GE15,TOTAL,ALL,5,ALL,ALL,2019,24,,,,,,,,ALL_N1,,,,,,,
IT1:DF_DCSS_ISTR_LAV_PEN_2_TV_3(1.0),A,082016,RESPOP_AV,F,Y_GE15,TOTAL,ALL,5,ALL,ALL,2021,21.0847307658139,,,,,,,,ALL_N1,,,,,,,
IT1:DF_DCSS_ISTR_LAV_PEN_2_TV_3(1.0),A,082016,RESPOP_AV,F,Y_GE15,TOTAL,ALL,5,ALL,ALL,2022,18.4648222038306,,,,,,,,ALL_N1,,,,,,,
IT1:DF_DCSS_ISTR_LAV_PEN_2_TV_3(1.0),A,082016,RESPOP_AV,F,Y_GE15,TOTAL,ALL,5,ALL,ALL,2023,14.52247475423524,,,,,,,,ALL_N1,,,,,,,
IT1:DF_DCSS_ISTR_LAV_PEN_2_TV_3(1.0),A,082016,RESPOP_AV,F,Y_GE15,TOTAL,ALL,5,ALL,ALL,2024,10.764774470448055,,,,,,,,ALL_N1,,,,,,,
IT1:DF_DCSS_ISTR_LAV_PEN_2_TV_3(1.0),A,082016,RESPOP_AV,F,Y_GE15,TOTAL,ALL,7,ALL,ALL,2018,30,,,,,,,,ALL_N1,,,,,,,
IT1:DF_DCSS_ISTR_LAV_PEN_2_TV_3(1.0),A,082016,RESPOP_AV,F,Y_GE15,TOTAL,ALL,7,ALL,ALL,2019,23,,,,,,,,ALL_N1,,,,,,,
IT1:DF_DCSS_ISTR_LAV_PEN_2_TV_3(1.0),A,082016,RESPOP_AV,F,Y_GE15,TOTAL,ALL,7,ALL,ALL,2021,25.8917092857104,,,,,,,,ALL_N1,,,,,,,
IT1:DF_DCSS_ISTR_LAV_PEN_2_TV_3(1.0),A,082016,RESPOP_AV,F,Y_GE15,TOTAL,ALL,7,ALL,ALL,2022,23.3940484587284,,,,,,,,ALL_N1,,,,,,,
IT1:DF_DCSS_ISTR_LAV_PEN_2_TV_3(1.0),A,082016,RESPOP_AV,F,Y_GE15,TOTAL,ALL,7,ALL,ALL,2023,23.240966866779655,,,,,,,,ALL_N1,,,,,,,
IT1:DF_DCSS_ISTR_LAV_PEN_2_TV_3(1.0),A,082016,RESPOP_AV,F,Y_GE15,TOTAL,ALL,7,ALL,ALL,2024,28.56411627972525,,,,,,,,ALL_N1,,,,,,,
IT1:DF_DCSS_ISTR_LAV_PEN_2_TV_3(1.0),A,082016,RESPOP_AV,F,Y_GE15,TOTAL,ALL,99,ALL,ALL,2018,214,,,,,,,,ALL_N1,99_N1,,,,,,
IT1:DF_DCSS_ISTR_LAV_PEN_2_TV_3(1.0),A,082016,RESPOP_AV,F,Y_GE15,TOTAL,ALL,99,ALL,ALL,2019,208,,,,,,,,ALL_N1,99_N1,,,,,,
IT1:DF_DCSS_ISTR_LAV_PEN_2_TV_3(1.0),A,082016,RESPOP_AV,F,Y_GE15,TOTAL,ALL,99,ALL,ALL,2021,201,,,,,,,,ALL_N1,99_N1,,,,,,
IT1:DF_DCSS_ISTR_LAV_PEN_2_TV_3(1.0),A,082016,RESPOP_AV,F,Y_GE15,TOTAL,ALL,99,ALL,ALL,2022,196,,,,,,,,ALL_N1,99_N1,,,,,,
IT1:DF_DCSS_ISTR_LAV_PEN_2_TV_3(1.0),A,082016,RESPOP_AV,F,Y_GE15,TOTAL,ALL,99,ALL,ALL,2023,186,,,,,,,,ALL_N1,99_N1,,,,,,
IT1:DF_DCSS_ISTR_LAV_PEN_2_TV_3(1.0),A,082016,RESPOP_AV,F,Y_GE15,TOTAL,ALL,99,ALL,ALL,2024,178,,,,,,,,ALL_N1,99_N1,,,,,,
IT1:DF_DCSS_ISTR_LAV_PEN_2_TV_3(1.0),A,082016,RESPOP_AV,M,Y_GE15,TOTAL,ALL,1,ALL,ALL,2018,88,,,,,,,,ALL_N1,,,,,,,
IT1:DF_DCSS_ISTR_LAV_PEN_2_TV_3(1.0),A,082016,RESPOP_AV,M,Y_GE15,TOTAL,ALL,1,ALL,ALL,2019,95,,,,,,,,ALL_N1,,,,,,,
IT1:DF_DCSS_ISTR_LAV_PEN_2_TV_3(1.0),A,082016,RESPOP_AV,M,Y_GE15,TOTAL,ALL,1,ALL,ALL,2021,83,,,,,,,,ALL_N1,,,,,,,
IT1:DF_DCSS_ISTR_LAV_PEN_2_TV_3(1.0),A,082016,RESPOP_AV,M,Y_GE15,TOTAL,ALL,1,ALL,ALL,2022,85,,,,,,,,ALL_N1,,,,,,,
IT1:DF_DCSS_ISTR_LAV_PEN_2_TV_3(1.0),A,082016,RESPOP_AV,M,Y_GE15,TOTAL,ALL,1,ALL,ALL,2023,94,,,,,,,,ALL_N1,,,,,,,
IT1:DF_DCSS_ISTR_LAV_PEN_2_TV_3(1.0),A,082016,RESPOP_AV,M,Y_GE15,TOTAL,ALL,1,ALL,ALL,2024,87,,,,,,,,ALL_N1,,,,,,,
IT1:DF_DCSS_ISTR_LAV_PEN_2_TV_3(1.0),A,082016,RESPOP_AV,M,Y_GE15,TOTAL,ALL,12,ALL,ALL,2018,18,,,,,,,,ALL_N1,,,,,,,
IT1:DF_DCSS_ISTR_LAV_PEN_2_TV_3(1.0),A,082016,RESPOP_AV,M,Y_GE15,TOTAL,ALL,12,ALL,ALL,2019,17,,,,,,,,ALL_N1,,,,,,,
IT1:DF_DCSS_ISTR_LAV_PEN_2_TV_3(1.0),A,082016,RESPOP_AV,M,Y_GE15,TOTAL,ALL,12,ALL,ALL,2021,15.9143207131323,,,,,,,,ALL_N1,,,,,,,
IT1:DF_DCSS_ISTR_LAV_PEN_2_TV_3(1.0),A,082016,RESPOP_AV,M,Y_GE15,TOTAL,ALL,12,ALL,ALL,2022,12.2903022928784,,,,,,,,ALL_N1,,,,,,,
IT1:DF_DCSS_ISTR_LAV_PEN_2_TV_3(1.0),A,082016,RESPOP_AV,M,Y_GE15,TOTAL,ALL,12,ALL,ALL,2023,13.160286016651288,,,,,,,,ALL_N1,,,,,,,
IT1:DF_DCSS_ISTR_LAV_PEN_2_TV_3(1.0),A,082016,RESPOP_AV,M,Y_GE15,TOTAL,ALL,12,ALL,ALL,2024,11.79850500661189,,,,,,,,ALL_N1,,,,,,,
IT1:DF_DCSS_ISTR_LAV_PEN_2_TV_3(1.0),A,082016,RESPOP_AV,M,Y_GE15,TOTAL,ALL,22,ALL,ALL,2018,106,,,,,,,,ALL_N1,,,,,,,
IT1:DF_DCSS_ISTR_LAV_PEN_2_TV_3(1.0),A,082016,RESPOP_AV,M,Y_GE15,TOTAL,ALL,22,ALL,ALL,2019,112,,,,,,,,ALL_N1,,,,,,,
IT1:DF_DCSS_ISTR_LAV_PEN_2_TV_3(1.0),A,082016,RESPOP_AV,M,Y_GE15,TOTAL,ALL,22,ALL,ALL,2021,98.9143207131323,,,,,,,,ALL_N1,,,,,,,
IT1:DF_DCSS_ISTR_LAV_PEN_2_TV_3(1.0),A,082016,RESPOP_AV,M,Y_GE15,TOTAL,ALL,22,ALL,ALL,2022,97.2903022928784,,,,,,,,ALL_N1,,,,,,,
IT1:DF_DCSS_ISTR_LAV_PEN_2_TV_3(1.0),A,082016,RESPOP_AV,M,Y_GE15,TOTAL,ALL,22,ALL,ALL,2023,107.16028601665128,,,,,,,,ALL_N1,,,,,,,
IT1:DF_DCSS_ISTR_LAV_PEN_2_TV_3(1.0),A,082016,RESPOP_AV,M,Y_GE15,TOTAL,ALL,22,ALL,ALL,2024,98.79850500661189,,,,,,,,ALL_N1,,,,,,,
IT1:DF_DCSS_ISTR_LAV_PEN_2_TV_3(1.0),A,082016,RESPOP_AV,M,Y_GE15,TOTAL,ALL,23,ALL,ALL,2018,107,,,,,,,,ALL_N1,,,,,,,
IT1:DF_DCSS_ISTR_LAV_PEN_2_TV_3(1.0),A,082016,RESPOP_AV,M,Y_GE15,TOTAL,ALL,23,ALL,ALL,2019,95,,,,,,,,ALL_N1,,,,,,,
IT1:DF_DCSS_ISTR_LAV_PEN_2_TV_3(1.0),A,082016,RESPOP_AV,M,Y_GE15,TOTAL,ALL,23,ALL,ALL,2021,115.085679286868,,,,,,,,ALL_N1,,,,,,,
IT1:DF_DCSS_ISTR_LAV_PEN_2_TV_3(1.0),A,082016,RESPOP_AV,M,Y_GE15,TOTAL,ALL,23,ALL,ALL,2022,109.709697707122,,,,,,,,ALL_N1,,,,,,,
IT1:DF_DCSS_ISTR_LAV_PEN_2_TV_3(1.0),A,082016,RESPOP_AV,M,Y_GE15,TOTAL,ALL,23,ALL,ALL,2023,98.8397139833487,,,,,,,,ALL_N1,,,,,,,
IT1:DF_DCSS_ISTR_LAV_PEN_2_TV_3(1.0),A,082016,RESPOP_AV,M,Y_GE15,TOTAL,ALL,23,ALL,ALL,2024,106.20149499338811,,,,,,,,ALL_N1,,,,,,,
IT1:DF_DCSS_ISTR_LAV_PEN_2_TV_3(1.0),A,082016,RESPOP_AV,M,Y_GE15,TOTAL,ALL,24,ALL,ALL,2018,48,,,,,,,,ALL_N1,,,,,,,
IT1:DF_DCSS_ISTR_LAV_PEN_2_TV_3(1.0),A,082016,RESPOP_AV,M,Y_GE15,TOTAL,ALL,24,ALL,ALL,2019,46,,,,,,,,ALL_N1,,,,,,,
IT1:DF_DCSS_ISTR_LAV_PEN_2_TV_3(1.0),A,082016,RESPOP_AV,M,Y_GE15,TOTAL,ALL,24,ALL,ALL,2021,52.6529095476034,,,,,,,,ALL_N1,,,,,,,
IT1:DF_DCSS_ISTR_LAV_PEN_2_TV_3(1.0),A,082016,RESPOP_AV,M,Y_GE15,TOTAL,ALL,24,ALL,ALL,2022,54.025863765549,,,,,,,,ALL_N1,,,,,,,
IT1:DF_DCSS_ISTR_LAV_PEN_2_TV_3(1.0),A,082016,RESPOP_AV,M,Y_GE15,TOTAL,ALL,24,ALL,ALL,2023,48.515462501382395,,,,,,,,ALL_N1,,,,,,,
IT1:DF_DCSS_ISTR_LAV_PEN_2_TV_3(1.0),A,082016,RESPOP_AV,M,Y_GE15,TOTAL,ALL,24,ALL,ALL,2024,45.05715819224708,,,,,,,,ALL_N1,,,,,,,
IT1:DF_DCSS_ISTR_LAV_PEN_2_TV_3(1.0),A,082016,RESPOP_AV,M,Y_GE15,TOTAL,ALL,4,ALL,ALL,2018,2,,,,,,,,ALL_N1,,,,,,,
IT1:DF_DCSS_ISTR_LAV_PEN_2_TV_3(1.0),A,082016,RESPOP_AV,M,Y_GE15,TOTAL,ALL,4,ALL,ALL,2019,2,,,,,,,,ALL_N1,,,,,,,
IT1:DF_DCSS_ISTR_LAV_PEN_2_TV_3(1.0),A,082016,RESPOP_AV,M,Y_GE15,TOTAL,ALL,4,ALL,ALL,2021,3.56535409064445,,,,,,,,ALL_N1,,,,,,,
IT1:DF_DCSS_ISTR_LAV_PEN_2_TV_3(1.0),A,082016,RESPOP_AV,M,Y_GE15,TOTAL,ALL,4,ALL,ALL,2022,4.18377188864793,,,,,,,,ALL_N1,,,,,,,
IT1:DF_DCSS_ISTR_LAV_PEN_2_TV_3(1.0),A,082016,RESPOP_AV,M,Y_GE15,TOTAL,ALL,4,ALL,ALL,2023,4.459126335113435,,,,,,,,ALL_N1,,,,,,,
IT1:DF_DCSS_ISTR_LAV_PEN_2_TV_3(1.0),A,082016,RESPOP_AV,M,Y_GE15,TOTAL,ALL,4,ALL,ALL,2024,3.956387686615862,,,,,,,,ALL_N1,,,,,,,
IT1:DF_DCSS_ISTR_LAV_PEN_2_TV_3(1.0),A,082016,RESPOP_AV,M,Y_GE15,TOTAL,ALL,5,ALL,ALL,2018,18,,,,,,,,ALL_N1,,,,,,,
IT1:DF_DCSS_ISTR_LAV_PEN_2_TV_3(1.0),A,082016,RESPOP_AV,M,Y_GE15,TOTAL,ALL,5,ALL,ALL,2019,19,,,,,,,,ALL_N1,,,,,,,
IT1:DF_DCSS_ISTR_LAV_PEN_2_TV_3(1.0),A,082016,RESPOP_AV,M,Y_GE15,TOTAL,ALL,5,ALL,ALL,2021,15.9469111488809,,,,,,,,ALL_N1,,,,,,,
IT1:DF_DCSS_ISTR_LAV_PEN_2_TV_3(1.0),A,082016,RESPOP_AV,M,Y_GE15,TOTAL,ALL,5,ALL,ALL,2022,14.0376754297085,,,,,,,,ALL_N1,,,,,,,
IT1:DF_DCSS_ISTR_LAV_PEN_2_TV_3(1.0),A,082016,RESPOP_AV,M,Y_GE15,TOTAL,ALL,5,ALL,ALL,2023,14.95788178286244,,,,,,,,ALL_N1,,,,,,,
IT1:DF_DCSS_ISTR_LAV_PEN_2_TV_3(1.0),A,082016,RESPOP_AV,M,Y_GE15,TOTAL,ALL,5,ALL,ALL,2024,13.141745201589005,,,,,,,,ALL_N1,,,,,,,
IT1:DF_DCSS_ISTR_LAV_PEN_2_TV_3(1.0),A,082016,RESPOP_AV,M,Y_GE15,TOTAL,ALL,7,ALL,ALL,2018,39,,,,,,,,ALL_N1,,,,,,,
IT1:DF_DCSS_ISTR_LAV_PEN_2_TV_3(1.0),A,082016,RESPOP_AV,M,Y_GE15,TOTAL,ALL,7,ALL,ALL,2019,29,,,,,,,,ALL_N1,,,,,,,
IT1:DF_DCSS_ISTR_LAV_PEN_2_TV_3(1.0),A,082016,RESPOP_AV,M,Y_GE15,TOTAL,ALL,7,ALL,ALL,2021,42.9205044997389,,,,,,,,ALL_N1,,,,,,,
IT1:DF_DCSS_ISTR_LAV_PEN_2_TV_3(1.0),A,082016,RESPOP_AV,M,Y_GE15,TOTAL,ALL,7,ALL,ALL,2022,37.4623866232161,,,,,,,,ALL_N1,,,,,,,
IT1:DF_DCSS_ISTR_LAV_PEN_2_TV_3(1.0),A,082016,RESPOP_AV,M,Y_GE15,TOTAL,ALL,7,ALL,ALL,2023,30.90724336399044,,,,,,,,ALL_N1,,,,,,,
IT1:DF_DCSS_ISTR_LAV_PEN_2_TV_3(1.0),A,082016,RESPOP_AV,M,Y_GE15,TOTAL,ALL,7,ALL,ALL,2024,44.046203912936164,,,,,,,,ALL_N1,,,,,,,
IT1:DF_DCSS_ISTR_LAV_PEN_2_TV_3(1.0),A,082016,RESPOP_AV,M,Y_GE15,TOTAL,ALL,99,ALL,ALL,2018,213,,,,,,,,ALL_N1,99_N1,,,,,,
IT1:DF_DCSS_ISTR_LAV_PEN_2_TV_3(1.0),A,082016,RESPOP_AV,M,Y_GE15,TOTAL,ALL,99,ALL,ALL,2019,206,,,,,,,,ALL_N1,99_N1,,,,,,
IT1:DF_DCSS_ISTR_LAV_PEN_2_TV_3(1.0),A,082016,RESPOP_AV,M,Y_GE15,TOTAL,ALL,99,ALL,ALL,2021,214,,,,,,,,ALL_N1,99_N1,,,,,,
IT1:DF_DCSS_ISTR_LAV_PEN_2_TV_3(1.0),A,082016,RESPOP_AV,M,Y_GE15,TOTAL,ALL,99,ALL,ALL,2022,207,,,,,,,,ALL_N1,99_N1,,,,,,
IT1:DF_DCSS_ISTR_LAV_PEN_2_TV_3(1.0),A,082016,RESPOP_AV,M,Y_GE15,TOTAL,ALL,99,ALL,ALL,2023,206,,,,,,,,ALL_N1,99_N1,,,,,,
IT1:DF_DCSS_ISTR_LAV_PEN_2_TV_3(1.0),A,082016,RESPOP_AV,M,Y_GE15,TOTAL,ALL,99,ALL,ALL,2024,205,,,,,,,,ALL_N1,99_N1,,,,,,
IT1:DF_DCSS_ISTR_LAV_PEN_2_TV_3(1.0),A,082016,RESPOP_AV,T,Y_GE15,TOTAL,ALL,1,ALL,ALL,2018,134,,,,,,,,ALL_N1,,,,,,,
IT1:DF_DCSS_ISTR_LAV_PEN_2_TV_3(1.0),A,082016,RESPOP_AV,T,Y_GE15,TOTAL,ALL,1,ALL,ALL,2019,139,,,,,,,,ALL_N1,,,,,,,
IT1:DF_DCSS_ISTR_LAV_PEN_2_TV_3(1.0),A,082016,RESPOP_AV,T,Y_GE15,TOTAL,ALL,1,ALL,ALL,2021,126,,,,,,,,ALL_N1,,,,,,,
IT1:DF_DCSS_ISTR_LAV_PEN_2_TV_3(1.0),A,082016,RESPOP_AV,T,Y_GE15,TOTAL,ALL,1,ALL,ALL,2022,126,,,,,,,,ALL_N1,,,,,,,
IT1:DF_DCSS_ISTR_LAV_PEN_2_TV_3(1.0),A,082016,RESPOP_AV,T,Y_GE15,TOTAL,ALL,1,ALL,ALL,2023,135,,,,,,,,ALL_N1,,,,,,,
IT1:DF_DCSS_ISTR_LAV_PEN_2_TV_3(1.0),A,082016,RESPOP_AV,T,Y_GE15,TOTAL,ALL,1,ALL,ALL,2024,133,,,,,,,,ALL_N1,,,,,,,
IT1:DF_DCSS_ISTR_LAV_PEN_2_TV_3(1.0),A,082016,RESPOP_AV,T,Y_GE15,TOTAL,ALL,12,ALL,ALL,2018,34,,,,,,,,ALL_N1,,,,,,,
IT1:DF_DCSS_ISTR_LAV_PEN_2_TV_3(1.0),A,082016,RESPOP_AV,T,Y_GE15,TOTAL,ALL,12,ALL,ALL,2019,34,,,,,,,,ALL_N1,,,,,,,
IT1:DF_DCSS_ISTR_LAV_PEN_2_TV_3(1.0),A,082016,RESPOP_AV,T,Y_GE15,TOTAL,ALL,12,ALL,ALL,2021,25.7474956549281,,,,,,,,ALL_N1,,,,,,,
IT1:DF_DCSS_ISTR_LAV_PEN_2_TV_3(1.0),A,082016,RESPOP_AV,T,Y_GE15,TOTAL,ALL,12,ALL,ALL,2022,21.2574138650417,,,,,,,,ALL_N1,,,,,,,
IT1:DF_DCSS_ISTR_LAV_PEN_2_TV_3(1.0),A,082016,RESPOP_AV,T,Y_GE15,TOTAL,ALL,12,ALL,ALL,2023,23.846798611150966,,,,,,,,ALL_N1,,,,,,,
IT1:DF_DCSS_ISTR_LAV_PEN_2_TV_3(1.0),A,082016,RESPOP_AV,T,Y_GE15,TOTAL,ALL,12,ALL,ALL,2024,18.461961682596655,,,,,,,,ALL_N1,,,,,,,
IT1:DF_DCSS_ISTR_LAV_PEN_2_TV_3(1.0),A,082016,RESPOP_AV,T,Y_GE15,TOTAL,ALL,22,ALL,ALL,2018,168,,,,,,,,ALL_N1,,,,,,,
IT1:DF_DCSS_ISTR_LAV_PEN_2_TV_3(1.0),A,082016,RESPOP_AV,T,Y_GE15,TOTAL,ALL,22,ALL,ALL,2019,173,,,,,,,,ALL_N1,,,,,,,
IT1:DF_DCSS_ISTR_LAV_PEN_2_TV_3(1.0),A,082016,RESPOP_AV,T,Y_GE15,TOTAL,ALL,22,ALL,ALL,2021,151.747495654928,,,,,,,,ALL_N1,,,,,,,
IT1:DF_DCSS_ISTR_LAV_PEN_2_TV_3(1.0),A,082016,RESPOP_AV,T,Y_GE15,TOTAL,ALL,22,ALL,ALL,2022,147.257413865042,,,,,,,,ALL_N1,,,,,,,
IT1:DF_DCSS_ISTR_LAV_PEN_2_TV_3(1.0),A,082016,RESPOP_AV,T,Y_GE15,TOTAL,ALL,22,ALL,ALL,2023,158.84679861115097,,,,,,,,ALL_N1,,,,,,,
IT1:DF_DCSS_ISTR_LAV_PEN_2_TV_3(1.0),A,082016,RESPOP_AV,T,Y_GE15,TOTAL,ALL,22,ALL,ALL,2024,151.46196168259667,,,,,,,,ALL_N1,,,,,,,
IT1:DF_DCSS_ISTR_LAV_PEN_2_TV_3(1.0),A,082016,RESPOP_AV,T,Y_GE15,TOTAL,ALL,23,ALL,ALL,2018,259,,,,,,,,ALL_N1,,,,,,,
IT1:DF_DCSS_ISTR_LAV_PEN_2_TV_3(1.0),A,082016,RESPOP_AV,T,Y_GE15,TOTAL,ALL,23,ALL,ALL,2019,241,,,,,,,,ALL_N1,,,,,,,
IT1:DF_DCSS_ISTR_LAV_PEN_2_TV_3(1.0),A,082016,RESPOP_AV,T,Y_GE15,TOTAL,ALL,23,ALL,ALL,2021,263.252504345072,,,,,,,,ALL_N1,,,,,,,
IT1:DF_DCSS_ISTR_LAV_PEN_2_TV_3(1.0),A,082016,RESPOP_AV,T,Y_GE15,TOTAL,ALL,23,ALL,ALL,2022,255.742586134958,,,,,,,,ALL_N1,,,,,,,
IT1:DF_DCSS_ISTR_LAV_PEN_2_TV_3(1.0),A,082016,RESPOP_AV,T,Y_GE15,TOTAL,ALL,23,ALL,ALL,2023,233.15320138884903,,,,,,,,ALL_N1,,,,,,,
IT1:DF_DCSS_ISTR_LAV_PEN_2_TV_3(1.0),A,082016,RESPOP_AV,T,Y_GE15,TOTAL,ALL,23,ALL,ALL,2024,231.53803831740333,,,,,,,,ALL_N1,,,,,,,
IT1:DF_DCSS_ISTR_LAV_PEN_2_TV_3(1.0),A,082016,RESPOP_AV,T,Y_GE15,TOTAL,ALL,24,ALL,ALL,2018,104,,,,,,,,ALL_N1,,,,,,,
IT1:DF_DCSS_ISTR_LAV_PEN_2_TV_3(1.0),A,082016,RESPOP_AV,T,Y_GE15,TOTAL,ALL,24,ALL,ALL,2019,106,,,,,,,,ALL_N1,,,,,,,
IT1:DF_DCSS_ISTR_LAV_PEN_2_TV_3(1.0),A,082016,RESPOP_AV,T,Y_GE15,TOTAL,ALL,24,ALL,ALL,2021,108.102260596954,,,,,,,,ALL_N1,,,,,,,
IT1:DF_DCSS_ISTR_LAV_PEN_2_TV_3(1.0),A,082016,RESPOP_AV,T,Y_GE15,TOTAL,ALL,24,ALL,ALL,2022,110.803949573287,,,,,,,,ALL_N1,,,,,,,
IT1:DF_DCSS_ISTR_LAV_PEN_2_TV_3(1.0),A,082016,RESPOP_AV,T,Y_GE15,TOTAL,ALL,24,ALL,ALL,2023,99.34006534375997,,,,,,,,ALL_N1,,,,,,,
IT1:DF_DCSS_ISTR_LAV_PEN_2_TV_3(1.0),A,082016,RESPOP_AV,T,Y_GE15,TOTAL,ALL,24,ALL,ALL,2024,88.34895406164907,,,,,,,,ALL_N1,,,,,,,
IT1:DF_DCSS_ISTR_LAV_PEN_2_TV_3(1.0),A,082016,RESPOP_AV,T,Y_GE15,TOTAL,ALL,4,ALL,ALL,2018,47,,,,,,,,ALL_N1,,,,,,,
IT1:DF_DCSS_ISTR_LAV_PEN_2_TV_3(1.0),A,082016,RESPOP_AV,T,Y_GE15,TOTAL,ALL,4,ALL,ALL,2019,42,,,,,,,,ALL_N1,,,,,,,
IT1:DF_DCSS_ISTR_LAV_PEN_2_TV_3(1.0),A,082016,RESPOP_AV,T,Y_GE15,TOTAL,ALL,4,ALL,ALL,2021,49.306388047974,,,,,,,,ALL_N1,,,,,,,
IT1:DF_DCSS_ISTR_LAV_PEN_2_TV_3(1.0),A,082016,RESPOP_AV,T,Y_GE15,TOTAL,ALL,4,ALL,ALL,2022,51.5797038461881,,,,,,,,ALL_N1,,,,,,,
IT1:DF_DCSS_ISTR_LAV_PEN_2_TV_3(1.0),A,082016,RESPOP_AV,T,Y_GE15,TOTAL,ALL,4,ALL,ALL,2023,50.18456927722127,,,,,,,,ALL_N1,,,,,,,
IT1:DF_DCSS_ISTR_LAV_PEN_2_TV_3(1.0),A,082016,RESPOP_AV,T,Y_GE15,TOTAL,ALL,4,ALL,ALL,2024,46.672244391055806,,,,,,,,ALL_N1,,,,,,,
IT1:DF_DCSS_ISTR_LAV_PEN_2_TV_3(1.0),A,082016,RESPOP_AV,T,Y_GE15,TOTAL,ALL,5,ALL,ALL,2018,39,,,,,,,,ALL_N1,,,,,,,
IT1:DF_DCSS_ISTR_LAV_PEN_2_TV_3(1.0),A,082016,RESPOP_AV,T,Y_GE15,TOTAL,ALL,5,ALL,ALL,2019,43,,,,,,,,ALL_N1,,,,,,,
IT1:DF_DCSS_ISTR_LAV_PEN_2_TV_3(1.0),A,082016,RESPOP_AV,T,Y_GE15,TOTAL,ALL,5,ALL,ALL,2021,37.0316419146948,,,,,,,,ALL_N1,,,,,,,
IT1:DF_DCSS_ISTR_LAV_PEN_2_TV_3(1.0),A,082016,RESPOP_AV,T,Y_GE15,TOTAL,ALL,5,ALL,ALL,2022,32.5024976335391,,,,,,,,ALL_N1,,,,,,,
IT1:DF_DCSS_ISTR_LAV_PEN_2_TV_3(1.0),A,082016,RESPOP_AV,T,Y_GE15,TOTAL,ALL,5,ALL,ALL,2023,29.48035653709768,,,,,,,,ALL_N1,,,,,,,
IT1:DF_DCSS_ISTR_LAV_PEN_2_TV_3(1.0),A,082016,RESPOP_AV,T,Y_GE15,TOTAL,ALL,5,ALL,ALL,2024,23.90651967203706,,,,,,,,ALL_N1,,,,,,,
IT1:DF_DCSS_ISTR_LAV_PEN_2_TV_3(1.0),A,082016,RESPOP_AV,T,Y_GE15,TOTAL,ALL,7,ALL,ALL,2018,69,,,,,,,,ALL_N1,,,,,,,
IT1:DF_DCSS_ISTR_LAV_PEN_2_TV_3(1.0),A,082016,RESPOP_AV,T,Y_GE15,TOTAL,ALL,7,ALL,ALL,2019,51,,,,,,,,ALL_N1,,,,,,,
IT1:DF_DCSS_ISTR_LAV_PEN_2_TV_3(1.0),A,082016,RESPOP_AV,T,Y_GE15,TOTAL,ALL,7,ALL,ALL,2021,68.8122137854492,,,,,,,,ALL_N1,,,,,,,
IT1:DF_DCSS_ISTR_LAV_PEN_2_TV_3(1.0),A,082016,RESPOP_AV,T,Y_GE15,TOTAL,ALL,7,ALL,ALL,2022,60.8564350819446,,,,,,,,ALL_N1,,,,,,,
IT1:DF_DCSS_ISTR_LAV_PEN_2_TV_3(1.0),A,082016,RESPOP_AV,T,Y_GE15,TOTAL,ALL,7,ALL,ALL,2023,54.14821023077009,,,,,,,,ALL_N1,,,,,,,
IT1:DF_DCSS_ISTR_LAV_PEN_2_TV_3(1.0),A,082016,RESPOP_AV,T,Y_GE15,TOTAL,ALL,7,ALL,ALL,2024,72.61032019266142,,,,,,,,ALL_N1,,,,,,,
IT1:DF_DCSS_ISTR_LAV_PEN_2_TV_3(1.0),A,082016,RESPOP_AV,T,Y_GE15,TOTAL,ALL,99,ALL,ALL,2018,427,,,,,,,,ALL_N1,99_N1,,,,,,
IT1:DF_DCSS_ISTR_LAV_PEN_2_TV_3(1.0),A,082016,RESPOP_AV,T,Y_GE15,TOTAL,ALL,99,ALL,ALL,2019,414,,,,,,,,ALL_N1,99_N1,,,,,,
IT1:DF_DCSS_ISTR_LAV_PEN_2_TV_3(1.0),A,082016,RESPOP_AV,T,Y_GE15,TOTAL,ALL,99,ALL,ALL,2021,415,,,,,,,,ALL_N1,99_N1,,,,,,
IT1:DF_DCSS_ISTR_LAV_PEN_2_TV_3(1.0),A,082016,RESPOP_AV,T,Y_GE15,TOTAL,ALL,99,ALL,ALL,2022,403,,,,,,,,ALL_N1,99_N1,,,,,,
IT1:DF_DCSS_ISTR_LAV_PEN_2_TV_3(1.0),A,082016,RESPOP_AV,T,Y_GE15,TOTAL,ALL,99,ALL,ALL,2023,392,,,,,,,,ALL_N1,99_N1,,,,,,
IT1:DF_DCSS_ISTR_LAV_PEN_2_TV_3(1.0),A,082016,RESPOP_AV,T,Y_GE15,TOTAL,ALL,99,ALL,ALL,2024,383,,,,,,,,ALL_N1,99_N1,,,,,,
IT1:DF_DCSS_ISTR_LAV_PEN_2_TV_3(1.0),A,082017,RESPOP_AV,F,Y_GE15,TOTAL,ALL,1,ALL,ALL,2018,915,,,,,,,,ALL_N1,,,,,,,
IT1:DF_DCSS_ISTR_LAV_PEN_2_TV_3(1.0),A,082017,RESPOP_AV,F,Y_GE15,TOTAL,ALL,1,ALL,ALL,2019,946,,,,,,,,ALL_N1,,,,,,,
IT1:DF_DCSS_ISTR_LAV_PEN_2_TV_3(1.0),A,082017,RESPOP_AV,F,Y_GE15,TOTAL,ALL,1,ALL,ALL,2021,971,,,,,,,,ALL_N1,,,,,,,
IT1:DF_DCSS_ISTR_LAV_PEN_2_TV_3(1.0),A,082017,RESPOP_AV,F,Y_GE15,TOTAL,ALL,1,ALL,ALL,2022,1038,,,,,,,,ALL_N1,,,,,,,
IT1:DF_DCSS_ISTR_LAV_PEN_2_TV_3(1.0),A,082017,RESPOP_AV,F,Y_GE15,TOTAL,ALL,1,ALL,ALL,2023,1066,,,,,,,,ALL_N1,,,,,,,
IT1:DF_DCSS_ISTR_LAV_PEN_2_TV_3(1.0),A,082017,RESPOP_AV,F,Y_GE15,TOTAL,ALL,1,ALL,ALL,2024,1157,,,,,,,,ALL_N1,,,,,,,
IT1:DF_DCSS_ISTR_LAV_PEN_2_TV_3(1.0),A,082017,RESPOP_AV,F,Y_GE15,TOTAL,ALL,12,ALL,ALL,2018,343,,,,,,,,ALL_N1,,,,,,,
IT1:DF_DCSS_ISTR_LAV_PEN_2_TV_3(1.0),A,082017,RESPOP_AV,F,Y_GE15,TOTAL,ALL,12,ALL,ALL,2019,348,,,,,,,,ALL_N1,,,,,,,
IT1:DF_DCSS_ISTR_LAV_PEN_2_TV_3(1.0),A,082017,RESPOP_AV,F,Y_GE15,TOTAL,ALL,12,ALL,ALL,2021,180.263373286166,,,,,,,,ALL_N1,,,,,,,
IT1:DF_DCSS_ISTR_LAV_PEN_2_TV_3(1.0),A,082017,RESPOP_AV,F,Y_GE15,TOTAL,ALL,12,ALL,ALL,2022,215.687027976753,,,,,,,,ALL_N1,,,,,,,
IT1:DF_DCSS_ISTR_LAV_PEN_2_TV_3(1.0),A,082017,RESPOP_AV,F,Y_GE15,TOTAL,ALL,12,ALL,ALL,2023,262.0319801652202,,,,,,,,ALL_N1,,,,,,,
IT1:DF_DCSS_ISTR_LAV_PEN_2_TV_3(1.0),A,082017,RESPOP_AV,F,Y_GE15,TOTAL,ALL,12,ALL,ALL,2024,182.62498690349204,,,,,,,,ALL_N1,,,,,,,
IT1:DF_DCSS_ISTR_LAV_PEN_2_TV_3(1.0),A,082017,RESPOP_AV,F,Y_GE15,TOTAL,ALL,22,ALL,ALL,2018,1258,,,,,,,,ALL_N1,,,,,,,
IT1:DF_DCSS_ISTR_LAV_PEN_2_TV_3(1.0),A,082017,RESPOP_AV,F,Y_GE15,TOTAL,ALL,22,ALL,ALL,2019,1294,,,,,,,,ALL_N1,,,,,,,
IT1:DF_DCSS_ISTR_LAV_PEN_2_TV_3(1.0),A,082017,RESPOP_AV,F,Y_GE15,TOTAL,ALL,22,ALL,ALL,2021,1151.26337328617,,,,,,,,ALL_N1,,,,,,,
IT1:DF_DCSS_ISTR_LAV_PEN_2_TV_3(1.0),A,082017,RESPOP_AV,F,Y_GE15,TOTAL,ALL,22,ALL,ALL,2022,1253.68702797675,,,,,,,,ALL_N1,,,,,,,
IT1:DF_DCSS_ISTR_LAV_PEN_2_TV_3(1.0),A,082017,RESPOP_AV,F,Y_GE15,TOTAL,ALL,22,ALL,ALL,2023,1328.0319801652201,,,,,,,,ALL_N1,,,,,,,
IT1:DF_DCSS_ISTR_LAV_PEN_2_TV_3(1.0),A,082017,RESPOP_AV,F,Y_GE15,TOTAL,ALL,22,ALL,ALL,2024,1339.624986903492,,,,,,,,ALL_N1,,,,,,,
IT1:DF_DCSS_ISTR_LAV_PEN_2_TV_3(1.0),A,082017,RESPOP_AV,F,Y_GE15,TOTAL,ALL,23,ALL,ALL,2018,2132,,,,,,,,ALL_N1,,,,,,,
IT1:DF_DCSS_ISTR_LAV_PEN_2_TV_3(1.0),A,082017,RESPOP_AV,F,Y_GE15,TOTAL,ALL,23,ALL,ALL,2019,2106,,,,,,,,ALL_N1,,,,,,,
IT1:DF_DCSS_ISTR_LAV_PEN_2_TV_3(1.0),A,082017,RESPOP_AV,F,Y_GE15,TOTAL,ALL,23,ALL,ALL,2021,2253.73662671383,,,,,,,,ALL_N1,,,,,,,
IT1:DF_DCSS_ISTR_LAV_PEN_2_TV_3(1.0),A,082017,RESPOP_AV,F,Y_GE15,TOTAL,ALL,23,ALL,ALL,2022,2197.31297202325,,,,,,,,ALL_N1,,,,,,,
IT1:DF_DCSS_ISTR_LAV_PEN_2_TV_3(1.0),A,082017,RESPOP_AV,F,Y_GE15,TOTAL,ALL,23,ALL,ALL,2023,2158.9680198347796,,,,,,,,ALL_N1,,,,,,,
IT1:DF_DCSS_ISTR_LAV_PEN_2_TV_3(1.0),A,082017,RESPOP_AV,F,Y_GE15,TOTAL,ALL,23,ALL,ALL,2024,2194.375013096508,,,,,,,,ALL_N1,,,,,,,
IT1:DF_DCSS_ISTR_LAV_PEN_2_TV_3(1.0),A,082017,RESPOP_AV,F,Y_GE15,TOTAL,ALL,24,ALL,ALL,2018,531,,,,,,,,ALL_N1,,,,,,,
IT1:DF_DCSS_ISTR_LAV_PEN_2_TV_3(1.0),A,082017,RESPOP_AV,F,Y_GE15,TOTAL,ALL,24,ALL,ALL,2019,515,,,,,,,,ALL_N1,,,,,,,
IT1:DF_DCSS_ISTR_LAV_PEN_2_TV_3(1.0),A,082017,RESPOP_AV,F,Y_GE15,TOTAL,ALL,24,ALL,ALL,2021,540.146469418783,,,,,,,,ALL_N1,,,,,,,
IT1:DF_DCSS_ISTR_LAV_PEN_2_TV_3(1.0),A,082017,RESPOP_AV,F,Y_GE15,TOTAL,ALL,24,ALL,ALL,2022,505.491877355402,,,,,,,,ALL_N1,,,,,,,
IT1:DF_DCSS_ISTR_LAV_PEN_2_TV_3(1.0),A,082017,RESPOP_AV,F,Y_GE15,TOTAL,ALL,24,ALL,ALL,2023,477.7577671905838,,,,,,,,ALL_N1,,,,,,,
IT1:DF_DCSS_ISTR_LAV_PEN_2_TV_3(1.0),A,082017,RESPOP_AV,F,Y_GE15,TOTAL,ALL,24,ALL,ALL,2024,509.6149934814862,,,,,,,,ALL_N1,,,,,,,
IT1:DF_DCSS_ISTR_LAV_PEN_2_TV_3(1.0),A,082017,RESPOP_AV,F,Y_GE15,TOTAL,ALL,4,ALL,ALL,2018,1083,,,,,,,,ALL_N1,,,,,,,
IT1:DF_DCSS_ISTR_LAV_PEN_2_TV_3(1.0),A,082017,RESPOP_AV,F,Y_GE15,TOTAL,ALL,4,ALL,ALL,2019,1066,,,,,,,,ALL_N1,,,,,,,
IT1:DF_DCSS_ISTR_LAV_PEN_2_TV_3(1.0),A,082017,RESPOP_AV,F,Y_GE15,TOTAL,ALL,4,ALL,ALL,2021,1188.29851070591,,,,,,,,ALL_N1,,,,,,,
IT1:DF_DCSS_ISTR_LAV_PEN_2_TV_3(1.0),A,082017,RESPOP_AV,F,Y_GE15,TOTAL,ALL,4,ALL,ALL,2022,1135.81551827188,,,,,,,,ALL_N1,,,,,,,
IT1:DF_DCSS_ISTR_LAV_PEN_2_TV_3(1.0),A,082017,RESPOP_AV,F,Y_GE15,TOTAL,ALL,4,ALL,ALL,2023,1085.0032749221994,,,,,,,,ALL_N1,,,,,,,
IT1:DF_DCSS_ISTR_LAV_PEN_2_TV_3(1.0),A,082017,RESPOP_AV,F,Y_GE15,TOTAL,ALL,4,ALL,ALL,2024,1113.9516287148529,,,,,,,,ALL_N1,,,,,,,
IT1:DF_DCSS_ISTR_LAV_PEN_2_TV_3(1.0),A,082017,RESPOP_AV,F,Y_GE15,TOTAL,ALL,5,ALL,ALL,2018,275,,,,,,,,ALL_N1,,,,,,,
IT1:DF_DCSS_ISTR_LAV_PEN_2_TV_3(1.0),A,082017,RESPOP_AV,F,Y_GE15,TOTAL,ALL,5,ALL,ALL,2019,285,,,,,,,,ALL_N1,,,,,,,
IT1:DF_DCSS_ISTR_LAV_PEN_2_TV_3(1.0),A,082017,RESPOP_AV,F,Y_GE15,TOTAL,ALL,5,ALL,ALL,2021,267.838718654647,,,,,,,,ALL_N1,,,,,,,
IT1:DF_DCSS_ISTR_LAV_PEN_2_TV_3(1.0),A,082017,RESPOP_AV,F,Y_GE15,TOTAL,ALL,5,ALL,ALL,2022,287.566770106923,,,,,,,,ALL_N1,,,,,,,
IT1:DF_DCSS_ISTR_LAV_PEN_2_TV_3(1.0),A,082017,RESPOP_AV,F,Y_GE15,TOTAL,ALL,5,ALL,ALL,2023,269.9489411829273,,,,,,,,ALL_N1,,,,,,,
IT1:DF_DCSS_ISTR_LAV_PEN_2_TV_3(1.0),A,082017,RESPOP_AV,F,Y_GE15,TOTAL,ALL,5,ALL,ALL,2024,277.9494414766066,,,,,,,,ALL_N1,,,,,,,
IT1:DF_DCSS_ISTR_LAV_PEN_2_TV_3(1.0),A,082017,RESPOP_AV,F,Y_GE15,TOTAL,ALL,7,ALL,ALL,2018,243,,,,,,,,ALL_N1,,,,,,,
IT1:DF_DCSS_ISTR_LAV_PEN_2_TV_3(1.0),A,082017,RESPOP_AV,F,Y_GE15,TOTAL,ALL,7,ALL,ALL,2019,240,,,,,,,,ALL_N1,,,,,,,
IT1:DF_DCSS_ISTR_LAV_PEN_2_TV_3(1.0),A,082017,RESPOP_AV,F,Y_GE15,TOTAL,ALL,7,ALL,ALL,2021,257.452927934494,,,,,,,,ALL_N1,,,,,,,
IT1:DF_DCSS_ISTR_LAV_PEN_2_TV_3(1.0),A,082017,RESPOP_AV,F,Y_GE15,TOTAL,ALL,7,ALL,ALL,2022,268.438806289042,,,,,,,,ALL_N1,,,,,,,
IT1:DF_DCSS_ISTR_LAV_PEN_2_TV_3(1.0),A,082017,RESPOP_AV,F,Y_GE15,TOTAL,ALL,7,ALL,ALL,2023,326.25803653906905,,,,,,,,ALL_N1,,,,,,,
IT1:DF_DCSS_ISTR_LAV_PEN_2_TV_3(1.0),A,082017,RESPOP_AV,F,Y_GE15,TOTAL,ALL,7,ALL,ALL,2024,292.8589494235624,,,,,,,,ALL_N1,,,,,,,
IT1:DF_DCSS_ISTR_LAV_PEN_2_TV_3(1.0),A,082017,RESPOP_AV,F,Y_GE15,TOTAL,ALL,99,ALL,ALL,2018,3390,,,,,,,,ALL_N1,99_N1,,,,,,
IT1:DF_DCSS_ISTR_LAV_PEN_2_TV_3(1.0),A,082017,RESPOP_AV,F,Y_GE15,TOTAL,ALL,99,ALL,ALL,2019,3400,,,,,,,,ALL_N1,99_N1,,,,,,
IT1:DF_DCSS_ISTR_LAV_PEN_2_TV_3(1.0),A,082017,RESPOP_AV,F,Y_GE15,TOTAL,ALL,99,ALL,ALL,2021,3405,,,,,,,,ALL_N1,99_N1,,,,,,
IT1:DF_DCSS_ISTR_LAV_PEN_2_TV_3(1.0),A,082017,RESPOP_AV,F,Y_GE15,TOTAL,ALL,99,ALL,ALL,2022,3451,,,,,,,,ALL_N1,99_N1,,,,,,
IT1:DF_DCSS_ISTR_LAV_PEN_2_TV_3(1.0),A,082017,RESPOP_AV,F,Y_GE15,TOTAL,ALL,99,ALL,ALL,2023,3486.9999999999995,,,,,,,,ALL_N1,99_N1,,,,,,
IT1:DF_DCSS_ISTR_LAV_PEN_2_TV_3(1.0),A,082017,RESPOP_AV,F,Y_GE15,TOTAL,ALL,99,ALL,ALL,2024,3534,,,,,,,,ALL_N1,99_N1,,,,,,
IT1:DF_DCSS_ISTR_LAV_PEN_2_TV_3(1.0),A,082017,RESPOP_AV,M,Y_GE15,TOTAL,ALL,1,ALL,ALL,2018,1490,,,,,,,,ALL_N1,,,,,,,
IT1:DF_DCSS_ISTR_LAV_PEN_2_TV_3(1.0),A,082017,RESPOP_AV,M,Y_GE15,TOTAL,ALL,1,ALL,ALL,2019,1510,,,,,,,,ALL_N1,,,,,,,
IT1:DF_DCSS_ISTR_LAV_PEN_2_TV_3(1.0),A,082017,RESPOP_AV,M,Y_GE15,TOTAL,ALL,1,ALL,ALL,2021,1583,,,,,,,,ALL_N1,,,,,,,
IT1:DF_DCSS_ISTR_LAV_PEN_2_TV_3(1.0),A,082017,RESPOP_AV,M,Y_GE15,TOTAL,ALL,1,ALL,ALL,2022,1647,,,,,,,,ALL_N1,,,,,,,
IT1:DF_DCSS_ISTR_LAV_PEN_2_TV_3(1.0),A,082017,RESPOP_AV,M,Y_GE15,TOTAL,ALL,1,ALL,ALL,2023,1699,,,,,,,,ALL_N1,,,,,,,
IT1:DF_DCSS_ISTR_LAV_PEN_2_TV_3(1.0),A,082017,RESPOP_AV,M,Y_GE15,TOTAL,ALL,1,ALL,ALL,2024,1738,,,,,,,,ALL_N1,,,,,,,
IT1:DF_DCSS_ISTR_LAV_PEN_2_TV_3(1.0),A,082017,RESPOP_AV,M,Y_GE15,TOTAL,ALL,12,ALL,ALL,2018,389,,,,,,,,ALL_N1,,,,,,,
IT1:DF_DCSS_ISTR_LAV_PEN_2_TV_3(1.0),A,082017,RESPOP_AV,M,Y_GE15,TOTAL,ALL,12,ALL,ALL,2019,390,,,,,,,,ALL_N1,,,,,,,
IT1:DF_DCSS_ISTR_LAV_PEN_2_TV_3(1.0),A,082017,RESPOP_AV,M,Y_GE15,TOTAL,ALL,12,ALL,ALL,2021,238.764284048161,,,,,,,,ALL_N1,,,,,,,
IT1:DF_DCSS_ISTR_LAV_PEN_2_TV_3(1.0),A,082017,RESPOP_AV,M,Y_GE15,TOTAL,ALL,12,ALL,ALL,2022,248.558442799795,,,,,,,,ALL_N1,,,,,,,
IT1:DF_DCSS_ISTR_LAV_PEN_2_TV_3(1.0),A,082017,RESPOP_AV,M,Y_GE15,TOTAL,ALL,12,ALL,ALL,2023,239.42932081095532,,,,,,,,ALL_N1,,,,,,,
IT1:DF_DCSS_ISTR_LAV_PEN_2_TV_3(1.0),A,082017,RESPOP_AV,M,Y_GE15,TOTAL,ALL,12,ALL,ALL,2024,182.25022828738952,,,,,,,,ALL_N1,,,,,,,
IT1:DF_DCSS_ISTR_LAV_PEN_2_TV_3(1.0),A,082017,RESPOP_AV,M,Y_GE15,TOTAL,ALL,22,ALL,ALL,2018,1879,,,,,,,,ALL_N1,,,,,,,
IT1:DF_DCSS_ISTR_LAV_PEN_2_TV_3(1.0),A,082017,RESPOP_AV,M,Y_GE15,TOTAL,ALL,22,ALL,ALL,2019,1900,,,,,,,,ALL_N1,,,,,,,
IT1:DF_DCSS_ISTR_LAV_PEN_2_TV_3(1.0),A,082017,RESPOP_AV,M,Y_GE15,TOTAL,ALL,22,ALL,ALL,2021,1821.76428404816,,,,,,,,ALL_N1,,,,,,,
IT1:DF_DCSS_ISTR_LAV_PEN_2_TV_3(1.0),A,082017,RESPOP_AV,M,Y_GE15,TOTAL,ALL,22,ALL,ALL,2022,1895.5584427998,,,,,,,,ALL_N1,,,,,,,
IT1:DF_DCSS_ISTR_LAV_PEN_2_TV_3(1.0),A,082017,RESPOP_AV,M,Y_GE15,TOTAL,ALL,22,ALL,ALL,2023,1938.4293208109552,,,,,,,,ALL_N1,,,,,,,
IT1:DF_DCSS_ISTR_LAV_PEN_2_TV_3(1.0),A,082017,RESPOP_AV,M,Y_GE15,TOTAL,ALL,22,ALL,ALL,2024,1920.2502282873895,,,,,,,,ALL_N1,,,,,,,
IT1:DF_DCSS_ISTR_LAV_PEN_2_TV_3(1.0),A,082017,RESPOP_AV,M,Y_GE15,TOTAL,ALL,23,ALL,ALL,2018,1298,,,,,,,,ALL_N1,,,,,,,
IT1:DF_DCSS_ISTR_LAV_PEN_2_TV_3(1.0),A,082017,RESPOP_AV,M,Y_GE15,TOTAL,ALL,23,ALL,ALL,2019,1342,,,,,,,,ALL_N1,,,,,,,
IT1:DF_DCSS_ISTR_LAV_PEN_2_TV_3(1.0),A,082017,RESPOP_AV,M,Y_GE15,TOTAL,ALL,23,ALL,ALL,2021,1481.23571595184,,,,,,,,ALL_N1,,,,,,,
IT1:DF_DCSS_ISTR_LAV_PEN_2_TV_3(1.0),A,082017,RESPOP_AV,M,Y_GE15,TOTAL,ALL,23,ALL,ALL,2022,1455.4415572002,,,,,,,,ALL_N1,,,,,,,
IT1:DF_DCSS_ISTR_LAV_PEN_2_TV_3(1.0),A,082017,RESPOP_AV,M,Y_GE15,TOTAL,ALL,23,ALL,ALL,2023,1442.5706791890445,,,,,,,,ALL_N1,,,,,,,
IT1:DF_DCSS_ISTR_LAV_PEN_2_TV_3(1.0),A,082017,RESPOP_AV,M,Y_GE15,TOTAL,ALL,23,ALL,ALL,2024,1481.7497717126105,,,,,,,,ALL_N1,,,,,,,
IT1:DF_DCSS_ISTR_LAV_PEN_2_TV_3(1.0),A,082017,RESPOP_AV,M,Y_GE15,TOTAL,ALL,24,ALL,ALL,2018,698,,,,,,,,ALL_N1,,,,,,,
IT1:DF_DCSS_ISTR_LAV_PEN_2_TV_3(1.0),A,082017,RESPOP_AV,M,Y_GE15,TOTAL,ALL,24,ALL,ALL,2019,717,,,,,,,,ALL_N1,,,,,,,
IT1:DF_DCSS_ISTR_LAV_PEN_2_TV_3(1.0),A,082017,RESPOP_AV,M,Y_GE15,TOTAL,ALL,24,ALL,ALL,2021,745.695044688646,,,,,,,,ALL_N1,,,,,,,
IT1:DF_DCSS_ISTR_LAV_PEN_2_TV_3(1.0),A,082017,RESPOP_AV,M,Y_GE15,TOTAL,ALL,24,ALL,ALL,2022,757.208512256452,,,,,,,,ALL_N1,,,,,,,
IT1:DF_DCSS_ISTR_LAV_PEN_2_TV_3(1.0),A,082017,RESPOP_AV,M,Y_GE15,TOTAL,ALL,24,ALL,ALL,2023,732.3769933494079,,,,,,,,ALL_N1,,,,,,,
IT1:DF_DCSS_ISTR_LAV_PEN_2_TV_3(1.0),A,082017,RESPOP_AV,M,Y_GE15,TOTAL,ALL,24,ALL,ALL,2024,789.653940845799,,,,,,,,ALL_N1,,,,,,,
IT1:DF_DCSS_ISTR_LAV_PEN_2_TV_3(1.0),A,082017,RESPOP_AV,M,Y_GE15,TOTAL,ALL,4,ALL,ALL,2018,44,,,,,,,,ALL_N1,,,,,,,
IT1:DF_DCSS_ISTR_LAV_PEN_2_TV_3(1.0),A,082017,RESPOP_AV,M,Y_GE15,TOTAL,ALL,4,ALL,ALL,2019,49,,,,,,,,ALL_N1,,,,,,,
IT1:DF_DCSS_ISTR_LAV_PEN_2_TV_3(1.0),A,082017,RESPOP_AV,M,Y_GE15,TOTAL,ALL,4,ALL,ALL,2021,87.5769029727787,,,,,,,,ALL_N1,,,,,,,
IT1:DF_DCSS_ISTR_LAV_PEN_2_TV_3(1.0),A,082017,RESPOP_AV,M,Y_GE15,TOTAL,ALL,4,ALL,ALL,2022,79.7283619336421,,,,,,,,ALL_N1,,,,,,,
IT1:DF_DCSS_ISTR_LAV_PEN_2_TV_3(1.0),A,082017,RESPOP_AV,M,Y_GE15,TOTAL,ALL,4,ALL,ALL,2023,72.56209924876634,,,,,,,,ALL_N1,,,,,,,
IT1:DF_DCSS_ISTR_LAV_PEN_2_TV_3(1.0),A,082017,RESPOP_AV,M,Y_GE15,TOTAL,ALL,4,ALL,ALL,2024,73.27826525157069,,,,,,,,ALL_N1,,,,,,,
IT1:DF_DCSS_ISTR_LAV_PEN_2_TV_3(1.0),A,082017,RESPOP_AV,M,Y_GE15,TOTAL,ALL,5,ALL,ALL,2018,228,,,,,,,,ALL_N1,,,,,,,
IT1:DF_DCSS_ISTR_LAV_PEN_2_TV_3(1.0),A,082017,RESPOP_AV,M,Y_GE15,TOTAL,ALL,5,ALL,ALL,2019,244,,,,,,,,ALL_N1,,,,,,,
IT1:DF_DCSS_ISTR_LAV_PEN_2_TV_3(1.0),A,082017,RESPOP_AV,M,Y_GE15,TOTAL,ALL,5,ALL,ALL,2021,249.270899789628,,,,,,,,ALL_N1,,,,,,,
IT1:DF_DCSS_ISTR_LAV_PEN_2_TV_3(1.0),A,082017,RESPOP_AV,M,Y_GE15,TOTAL,ALL,5,ALL,ALL,2022,258.271271198614,,,,,,,,ALL_N1,,,,,,,
IT1:DF_DCSS_ISTR_LAV_PEN_2_TV_3(1.0),A,082017,RESPOP_AV,M,Y_GE15,TOTAL,ALL,5,ALL,ALL,2023,242.9647650790474,,,,,,,,ALL_N1,,,,,,,
IT1:DF_DCSS_ISTR_LAV_PEN_2_TV_3(1.0),A,082017,RESPOP_AV,M,Y_GE15,TOTAL,ALL,5,ALL,ALL,2024,244.10733872847285,,,,,,,,ALL_N1,,,,,,,
IT1:DF_DCSS_ISTR_LAV_PEN_2_TV_3(1.0),A,082017,RESPOP_AV,M,Y_GE15,TOTAL,ALL,7,ALL,ALL,2018,328,,,,,,,,ALL_N1,,,,,,,
IT1:DF_DCSS_ISTR_LAV_PEN_2_TV_3(1.0),A,082017,RESPOP_AV,M,Y_GE15,TOTAL,ALL,7,ALL,ALL,2019,332,,,,,,,,ALL_N1,,,,,,,
IT1:DF_DCSS_ISTR_LAV_PEN_2_TV_3(1.0),A,082017,RESPOP_AV,M,Y_GE15,TOTAL,ALL,7,ALL,ALL,2021,398.692868500786,,,,,,,,ALL_N1,,,,,,,
IT1:DF_DCSS_ISTR_LAV_PEN_2_TV_3(1.0),A,082017,RESPOP_AV,M,Y_GE15,TOTAL,ALL,7,ALL,ALL,2022,360.233411811496,,,,,,,,ALL_N1,,,,,,,
IT1:DF_DCSS_ISTR_LAV_PEN_2_TV_3(1.0),A,082017,RESPOP_AV,M,Y_GE15,TOTAL,ALL,7,ALL,ALL,2023,394.66682151182283,,,,,,,,ALL_N1,,,,,,,
IT1:DF_DCSS_ISTR_LAV_PEN_2_TV_3(1.0),A,082017,RESPOP_AV,M,Y_GE15,TOTAL,ALL,7,ALL,ALL,2024,374.7102268867679,,,,,,,,ALL_N1,,,,,,,
IT1:DF_DCSS_ISTR_LAV_PEN_2_TV_3(1.0),A,082017,RESPOP_AV,M,Y_GE15,TOTAL,ALL,99,ALL,ALL,2018,3176,,,,,,,,ALL_N1,99_N1,,,,,,
IT1:DF_DCSS_ISTR_LAV_PEN_2_TV_3(1.0),A,082017,RESPOP_AV,M,Y_GE15,TOTAL,ALL,99,ALL,ALL,2019,3242,,,,,,,,ALL_N1,99_N1,,,,,,
IT1:DF_DCSS_ISTR_LAV_PEN_2_TV_3(1.0),A,082017,RESPOP_AV,M,Y_GE15,TOTAL,ALL,99,ALL,ALL,2021,3303,,,,,,,,ALL_N1,99_N1,,,,,,
IT1:DF_DCSS_ISTR_LAV_PEN_2_TV_3(1.0),A,082017,RESPOP_AV,M,Y_GE15,TOTAL,ALL,99,ALL,ALL,2022,3351,,,,,,,,ALL_N1,99_N1,,,,,,
IT1:DF_DCSS_ISTR_LAV_PEN_2_TV_3(1.0),A,082017,RESPOP_AV,M,Y_GE15,TOTAL,ALL,99,ALL,ALL,2023,3381,,,,,,,,ALL_N1,99_N1,,,,,,
IT1:DF_DCSS_ISTR_LAV_PEN_2_TV_3(1.0),A,082017,RESPOP_AV,M,Y_GE15,TOTAL,ALL,99,ALL,ALL,2024,3402,,,,,,,,ALL_N1,99_N1,,,,,,
IT1:DF_DCSS_ISTR_LAV_PEN_2_TV_3(1.0),A,082017,RESPOP_AV,T,Y_GE15,TOTAL,ALL,1,ALL,ALL,2018,2405,,,,,,,,ALL_N1,,,,,,,
IT1:DF_DCSS_ISTR_LAV_PEN_2_TV_3(1.0),A,082017,RESPOP_AV,T,Y_GE15,TOTAL,ALL,1,ALL,ALL,2019,2456,,,,,,,,ALL_N1,,,,,,,
IT1:DF_DCSS_ISTR_LAV_PEN_2_TV_3(1.0),A,082017,RESPOP_AV,T,Y_GE15,TOTAL,ALL,1,ALL,ALL,2021,2554,,,,,,,,ALL_N1,,,,,,,
IT1:DF_DCSS_ISTR_LAV_PEN_2_TV_3(1.0),A,082017,RESPOP_AV,T,Y_GE15,TOTAL,ALL,1,ALL,ALL,2022,2685,,,,,,,,ALL_N1,,,,,,,
IT1:DF_DCSS_ISTR_LAV_PEN_2_TV_3(1.0),A,082017,RESPOP_AV,T,Y_GE15,TOTAL,ALL,1,ALL,ALL,2023,2765,,,,,,,,ALL_N1,,,,,,,
IT1:DF_DCSS_ISTR_LAV_PEN_2_TV_3(1.0),A,082017,RESPOP_AV,T,Y_GE15,TOTAL,ALL,1,ALL,ALL,2024,2895,,,,,,,,ALL_N1,,,,,,,
IT1:DF_DCSS_ISTR_LAV_PEN_2_TV_3(1.0),A,082017,RESPOP_AV,T,Y_GE15,TOTAL,ALL,12,ALL,ALL,2018,732,,,,,,,,ALL_N1,,,,,,,
IT1:DF_DCSS_ISTR_LAV_PEN_2_TV_3(1.0),A,082017,RESPOP_AV,T,Y_GE15,TOTAL,ALL,12,ALL,ALL,2019,738,,,,,,,,ALL_N1,,,,,,,
IT1:DF_DCSS_ISTR_LAV_PEN_2_TV_3(1.0),A,082017,RESPOP_AV,T,Y_GE15,TOTAL,ALL,12,ALL,ALL,2021,419.027657334328,,,,,,,,ALL_N1,,,,,,,
IT1:DF_DCSS_ISTR_LAV_PEN_2_TV_3(1.0),A,082017,RESPOP_AV,T,Y_GE15,TOTAL,ALL,12,ALL,ALL,2022,464.245470776548,,,,,,,,ALL_N1,,,,,,,
IT1:DF_DCSS_ISTR_LAV_PEN_2_TV_3(1.0),A,082017,RESPOP_AV,T,Y_GE15,TOTAL,ALL,12,ALL,ALL,2023,501.4613009761755,,,,,,,,ALL_N1,,,,,,,
IT1:DF_DCSS_ISTR_LAV_PEN_2_TV_3(1.0),A,082017,RESPOP_AV,T,Y_GE15,TOTAL,ALL,12,ALL,ALL,2024,364.87521519088153,,,,,,,,ALL_N1,,,,,,,
IT1:DF_DCSS_ISTR_LAV_PEN_2_TV_3(1.0),A,082017,RESPOP_AV,T,Y_GE15,TOTAL,ALL,22,ALL,ALL,2018,3137,,,,,,,,ALL_N1,,,,,,,
IT1:DF_DCSS_ISTR_LAV_PEN_2_TV_3(1.0),A,082017,RESPOP_AV,T,Y_GE15,TOTAL,ALL,22,ALL,ALL,2019,3194,,,,,,,,ALL_N1,,,,,,,
IT1:DF_DCSS_ISTR_LAV_PEN_2_TV_3(1.0),A,082017,RESPOP_AV,T,Y_GE15,TOTAL,ALL,22,ALL,ALL,2021,2973.02765733433,,,,,,,,ALL_N1,,,,,,,
IT1:DF_DCSS_ISTR_LAV_PEN_2_TV_3(1.0),A,082017,RESPOP_AV,T,Y_GE15,TOTAL,ALL,22,ALL,ALL,2022,3149.24547077655,,,,,,,,ALL_N1,,,,,,,
IT1:DF_DCSS_ISTR_LAV_PEN_2_TV_3(1.0),A,082017,RESPOP_AV,T,Y_GE15,TOTAL,ALL,22,ALL,ALL,2023,3266.4613009761756,,,,,,,,ALL_N1,,,,,,,
IT1:DF_DCSS_ISTR_LAV_PEN_2_TV_3(1.0),A,082017,RESPOP_AV,T,Y_GE15,TOTAL,ALL,22,ALL,ALL,2024,3259.8752151908816,,,,,,,,ALL_N1,,,,,,,
IT1:DF_DCSS_ISTR_LAV_PEN_2_TV_3(1.0),A,082017,RESPOP_AV,T,Y_GE15,TOTAL,ALL,23,ALL,ALL,2018,3430,,,,,,,,ALL_N1,,,,,,,
IT1:DF_DCSS_ISTR_LAV_PEN_2_TV_3(1.0),A,082017,RESPOP_AV,T,Y_GE15,TOTAL,ALL,23,ALL,ALL,2019,3448,,,,,,,,ALL_N1,,,,,,,
IT1:DF_DCSS_ISTR_LAV_PEN_2_TV_3(1.0),A,082017,RESPOP_AV,T,Y_GE15,TOTAL,ALL,23,ALL,ALL,2021,3734.97234266567,,,,,,,,ALL_N1,,,,,,,
IT1:DF_DCSS_ISTR_LAV_PEN_2_TV_3(1.0),A,082017,RESPOP_AV,T,Y_GE15,TOTAL,ALL,23,ALL,ALL,2022,3652.75452922345,,,,,,,,ALL_N1,,,,,,,
IT1:DF_DCSS_ISTR_LAV_PEN_2_TV_3(1.0),A,082017,RESPOP_AV,T,Y_GE15,TOTAL,ALL,23,ALL,ALL,2023,3601.538699023824,,,,,,,,ALL_N1,,,,,,,
IT1:DF_DCSS_ISTR_LAV_PEN_2_TV_3(1.0),A,082017,RESPOP_AV,T,Y_GE15,TOTAL,ALL,23,ALL,ALL,2024,3676.1247848091184,,,,,,,,ALL_N1,,,,,,,
IT1:DF_DCSS_ISTR_LAV_PEN_2_TV_3(1.0),A,082017,RESPOP_AV,T,Y_GE15,TOTAL,ALL,24,ALL,ALL,2018,1229,,,,,,,,ALL_N1,,,,,,,
IT1:DF_DCSS_ISTR_LAV_PEN_2_TV_3(1.0),A,082017,RESPOP_AV,T,Y_GE15,TOTAL,ALL,24,ALL,ALL,2019,1232,,,,,,,,ALL_N1,,,,,,,
IT1:DF_DCSS_ISTR_LAV_PEN_2_TV_3(1.0),A,082017,RESPOP_AV,T,Y_GE15,TOTAL,ALL,24,ALL,ALL,2021,1285.84151410743,,,,,,,,ALL_N1,,,,,,,
IT1:DF_DCSS_ISTR_LAV_PEN_2_TV_3(1.0),A,082017,RESPOP_AV,T,Y_GE15,TOTAL,ALL,24,ALL,ALL,2022,1262.70038961185,,,,,,,,ALL_N1,,,,,,,
IT1:DF_DCSS_ISTR_LAV_PEN_2_TV_3(1.0),A,082017,RESPOP_AV,T,Y_GE15,TOTAL,ALL,24,ALL,ALL,2023,1210.1347605399917,,,,,,,,ALL_N1,,,,,,,
IT1:DF_DCSS_ISTR_LAV_PEN_2_TV_3(1.0),A,082017,RESPOP_AV,T,Y_GE15,TOTAL,ALL,24,ALL,ALL,2024,1299.268934327285,,,,,,,,ALL_N1,,,,,,,
IT1:DF_DCSS_ISTR_LAV_PEN_2_TV_3(1.0),A,082017,RESPOP_AV,T,Y_GE15,TOTAL,ALL,4,ALL,ALL,2018,1127,,,,,,,,ALL_N1,,,,,,,
IT1:DF_DCSS_ISTR_LAV_PEN_2_TV_3(1.0),A,082017,RESPOP_AV,T,Y_GE15,TOTAL,ALL,4,ALL,ALL,2019,1115,,,,,,,,ALL_N1,,,,,,,
IT1:DF_DCSS_ISTR_LAV_PEN_2_TV_3(1.0),A,082017,RESPOP_AV,T,Y_GE15,TOTAL,ALL,4,ALL,ALL,2021,1275.87541367869,,,,,,,,ALL_N1,,,,,,,
IT1:DF_DCSS_ISTR_LAV_PEN_2_TV_3(1.0),A,082017,RESPOP_AV,T,Y_GE15,TOTAL,ALL,4,ALL,ALL,2022,1215.54388020552,,,,,,,,ALL_N1,,,,,,,
IT1:DF_DCSS_ISTR_LAV_PEN_2_TV_3(1.0),A,082017,RESPOP_AV,T,Y_GE15,TOTAL,ALL,4,ALL,ALL,2023,1157.5653741709657,,,,,,,,ALL_N1,,,,,,,
IT1:DF_DCSS_ISTR_LAV_PEN_2_TV_3(1.0),A,082017,RESPOP_AV,T,Y_GE15,TOTAL,ALL,4,ALL,ALL,2024,1187.2298939664236,,,,,,,,ALL_N1,,,,,,,
IT1:DF_DCSS_ISTR_LAV_PEN_2_TV_3(1.0),A,082017,RESPOP_AV,T,Y_GE15,TOTAL,ALL,5,ALL,ALL,2018,503,,,,,,,,ALL_N1,,,,,,,
IT1:DF_DCSS_ISTR_LAV_PEN_2_TV_3(1.0),A,082017,RESPOP_AV,T,Y_GE15,TOTAL,ALL,5,ALL,ALL,2019,529,,,,,,,,ALL_N1,,,,,,,
IT1:DF_DCSS_ISTR_LAV_PEN_2_TV_3(1.0),A,082017,RESPOP_AV,T,Y_GE15,TOTAL,ALL,5,ALL,ALL,2021,517.109618444275,,,,,,,,ALL_N1,,,,,,,
IT1:DF_DCSS_ISTR_LAV_PEN_2_TV_3(1.0),A,082017,RESPOP_AV,T,Y_GE15,TOTAL,ALL,5,ALL,ALL,2022,545.838041305537,,,,,,,,ALL_N1,,,,,,,
IT1:DF_DCSS_ISTR_LAV_PEN_2_TV_3(1.0),A,082017,RESPOP_AV,T,Y_GE15,TOTAL,ALL,5,ALL,ALL,2023,512.9137062619747,,,,,,,,ALL_N1,,,,,,,
IT1:DF_DCSS_ISTR_LAV_PEN_2_TV_3(1.0),A,082017,RESPOP_AV,T,Y_GE15,TOTAL,ALL,5,ALL,ALL,2024,522.0567802050795,,,,,,,,ALL_N1,,,,,,,
IT1:DF_DCSS_ISTR_LAV_PEN_2_TV_3(1.0),A,082017,RESPOP_AV,T,Y_GE15,TOTAL,ALL,7,ALL,ALL,2018,571,,,,,,,,ALL_N1,,,,,,,
IT1:DF_DCSS_ISTR_LAV_PEN_2_TV_3(1.0),A,082017,RESPOP_AV,T,Y_GE15,TOTAL,ALL,7,ALL,ALL,2019,572,,,,,,,,ALL_N1,,,,,,,
IT1:DF_DCSS_ISTR_LAV_PEN_2_TV_3(1.0),A,082017,RESPOP_AV,T,Y_GE15,TOTAL,ALL,7,ALL,ALL,2021,656.14579643528,,,,,,,,ALL_N1,,,,,,,
IT1:DF_DCSS_ISTR_LAV_PEN_2_TV_3(1.0),A,082017,RESPOP_AV,T,Y_GE15,TOTAL,ALL,7,ALL,ALL,2022,628.672218100538,,,,,,,,ALL_N1,,,,,,,
IT1:DF_DCSS_ISTR_LAV_PEN_2_TV_3(1.0),A,082017,RESPOP_AV,T,Y_GE15,TOTAL,ALL,7,ALL,ALL,2023,720.9248580508919,,,,,,,,ALL_N1,,,,,,,
IT1:DF_DCSS_ISTR_LAV_PEN_2_TV_3(1.0),A,082017,RESPOP_AV,T,Y_GE15,TOTAL,ALL,7,ALL,ALL,2024,667.5691763103304,,,,,,,,ALL_N1,,,,,,,
IT1:DF_DCSS_ISTR_LAV_PEN_2_TV_3(1.0),A,082017,RESPOP_AV,T,Y_GE15,TOTAL,ALL,99,ALL,ALL,2018,6566,,,,,,,,ALL_N1,99_N1,,,,,,
IT1:DF_DCSS_ISTR_LAV_PEN_2_TV_3(1.0),A,082017,RESPOP_AV,T,Y_GE15,TOTAL,ALL,99,ALL,ALL,2019,6642,,,,,,,,ALL_N1,99_N1,,,,,,
IT1:DF_DCSS_ISTR_LAV_PEN_2_TV_3(1.0),A,082017,RESPOP_AV,T,Y_GE15,TOTAL,ALL,99,ALL,ALL,2021,6708,,,,,,,,ALL_N1,99_N1,,,,,,
IT1:DF_DCSS_ISTR_LAV_PEN_2_TV_3(1.0),A,082017,RESPOP_AV,T,Y_GE15,TOTAL,ALL,99,ALL,ALL,2022,6802,,,,,,,,ALL_N1,99_N1,,,,,,
IT1:DF_DCSS_ISTR_LAV_PEN_2_TV_3(1.0),A,082017,RESPOP_AV,T,Y_GE15,TOTAL,ALL,99,ALL,ALL,2023,6868,,,,,,,,ALL_N1,99_N1,,,,,,
IT1:DF_DCSS_ISTR_LAV_PEN_2_TV_3(1.0),A,082017,RESPOP_AV,T,Y_GE15,TOTAL,ALL,99,ALL,ALL,2024,6936,,,,,,,,ALL_N1,99_N1,,,,,,
IT1:DF_DCSS_ISTR_LAV_PEN_2_TV_3(1.0),A,082018,RESPOP_AV,F,Y_GE15,TOTAL,ALL,1,ALL,ALL,2018,107,,,,,,,,ALL_N1,,,,,,,
IT1:DF_DCSS_ISTR_LAV_PEN_2_TV_3(1.0),A,082018,RESPOP_AV,F,Y_GE15,TOTAL,ALL,1,ALL,ALL,2019,112,,,,,,,,ALL_N1,,,,,,,
IT1:DF_DCSS_ISTR_LAV_PEN_2_TV_3(1.0),A,082018,RESPOP_AV,F,Y_GE15,TOTAL,ALL,1,ALL,ALL,2021,116,,,,,,,,ALL_N1,,,,,,,
IT1:DF_DCSS_ISTR_LAV_PEN_2_TV_3(1.0),A,082018,RESPOP_AV,F,Y_GE15,TOTAL,ALL,1,ALL,ALL,2022,106,,,,,,,,ALL_N1,,,,,,,
IT1:DF_DCSS_ISTR_LAV_PEN_2_TV_3(1.0),A,082018,RESPOP_AV,F,Y_GE15,TOTAL,ALL,1,ALL,ALL,2023,111,,,,,,,,ALL_N1,,,,,,,
IT1:DF_DCSS_ISTR_LAV_PEN_2_TV_3(1.0),A,082018,RESPOP_AV,F,Y_GE15,TOTAL,ALL,1,ALL,ALL,2024,103,,,,,,,,ALL_N1,,,,,,,
IT1:DF_DCSS_ISTR_LAV_PEN_2_TV_3(1.0),A,082018,RESPOP_AV,F,Y_GE15,TOTAL,ALL,12,ALL,ALL,2018,66,,,,,,,,ALL_N1,,,,,,,
IT1:DF_DCSS_ISTR_LAV_PEN_2_TV_3(1.0),A,082018,RESPOP_AV,F,Y_GE15,TOTAL,ALL,12,ALL,ALL,2019,60,,,,,,,,ALL_N1,,,,,,,
IT1:DF_DCSS_ISTR_LAV_PEN_2_TV_3(1.0),A,082018,RESPOP_AV,F,Y_GE15,TOTAL,ALL,12,ALL,ALL,2021,19.0718359075243,,,,,,,,ALL_N1,,,,,,,
IT1:DF_DCSS_ISTR_LAV_PEN_2_TV_3(1.0),A,082018,RESPOP_AV,F,Y_GE15,TOTAL,ALL,12,ALL,ALL,2022,21.1951268613497,,,,,,,,ALL_N1,,,,,,,
IT1:DF_DCSS_ISTR_LAV_PEN_2_TV_3(1.0),A,082018,RESPOP_AV,F,Y_GE15,TOTAL,ALL,12,ALL,ALL,2023,25.746042461285363,,,,,,,,ALL_N1,,,,,,,
IT1:DF_DCSS_ISTR_LAV_PEN_2_TV_3(1.0),A,082018,RESPOP_AV,F,Y_GE15,TOTAL,ALL,12,ALL,ALL,2024,16.79147904121378,,,,,,,,ALL_N1,,,,,,,
IT1:DF_DCSS_ISTR_LAV_PEN_2_TV_3(1.0),A,082018,RESPOP_AV,F,Y_GE15,TOTAL,ALL,22,ALL,ALL,2018,173,,,,,,,,ALL_N1,,,,,,,
IT1:DF_DCSS_ISTR_LAV_PEN_2_TV_3(1.0),A,082018,RESPOP_AV,F,Y_GE15,TOTAL,ALL,22,ALL,ALL,2019,172,,,,,,,,ALL_N1,,,,,,,
IT1:DF_DCSS_ISTR_LAV_PEN_2_TV_3(1.0),A,082018,RESPOP_AV,F,Y_GE15,TOTAL,ALL,22,ALL,ALL,2021,135.071835907524,,,,,,,,ALL_N1,,,,,,,
IT1:DF_DCSS_ISTR_LAV_PEN_2_TV_3(1.0),A,082018,RESPOP_AV,F,Y_GE15,TOTAL,ALL,22,ALL,ALL,2022,127.19512686135,,,,,,,,ALL_N1,,,,,,,
IT1:DF_DCSS_ISTR_LAV_PEN_2_TV_3(1.0),A,082018,RESPOP_AV,F,Y_GE15,TOTAL,ALL,22,ALL,ALL,2023,136.74604246128536,,,,,,,,ALL_N1,,,,,,,
IT1:DF_DCSS_ISTR_LAV_PEN_2_TV_3(1.0),A,082018,RESPOP_AV,F,Y_GE15,TOTAL,ALL,22,ALL,ALL,2024,119.79147904121378,,,,,,,,ALL_N1,,,,,,,
IT1:DF_DCSS_ISTR_LAV_PEN_2_TV_3(1.0),A,082018,RESPOP_AV,F,Y_GE15,TOTAL,ALL,23,ALL,ALL,2018,393,,,,,,,,ALL_N1,,,,,,,
IT1:DF_DCSS_ISTR_LAV_PEN_2_TV_3(1.0),A,082018,RESPOP_AV,F,Y_GE15,TOTAL,ALL,23,ALL,ALL,2019,378,,,,,,,,ALL_N1,,,,,,,
IT1:DF_DCSS_ISTR_LAV_PEN_2_TV_3(1.0),A,082018,RESPOP_AV,F,Y_GE15,TOTAL,ALL,23,ALL,ALL,2021,406.928164092476,,,,,,,,ALL_N1,,,,,,,
IT1:DF_DCSS_ISTR_LAV_PEN_2_TV_3(1.0),A,082018,RESPOP_AV,F,Y_GE15,TOTAL,ALL,23,ALL,ALL,2022,399.80487313865,,,,,,,,ALL_N1,,,,,,,
IT1:DF_DCSS_ISTR_LAV_PEN_2_TV_3(1.0),A,082018,RESPOP_AV,F,Y_GE15,TOTAL,ALL,23,ALL,ALL,2023,388.25395753871464,,,,,,,,ALL_N1,,,,,,,
IT1:DF_DCSS_ISTR_LAV_PEN_2_TV_3(1.0),A,082018,RESPOP_AV,F,Y_GE15,TOTAL,ALL,23,ALL,ALL,2024,398.2085209587862,,,,,,,,ALL_N1,,,,,,,
IT1:DF_DCSS_ISTR_LAV_PEN_2_TV_3(1.0),A,082018,RESPOP_AV,F,Y_GE15,TOTAL,ALL,24,ALL,ALL,2018,139,,,,,,,,ALL_N1,,,,,,,
IT1:DF_DCSS_ISTR_LAV_PEN_2_TV_3(1.0),A,082018,RESPOP_AV,F,Y_GE15,TOTAL,ALL,24,ALL,ALL,2019,136,,,,,,,,ALL_N1,,,,,,,
IT1:DF_DCSS_ISTR_LAV_PEN_2_TV_3(1.0),A,082018,RESPOP_AV,F,Y_GE15,TOTAL,ALL,24,ALL,ALL,2021,167.36018192074,,,,,,,,ALL_N1,,,,,,,
IT1:DF_DCSS_ISTR_LAV_PEN_2_TV_3(1.0),A,082018,RESPOP_AV,F,Y_GE15,TOTAL,ALL,24,ALL,ALL,2022,153.228501756568,,,,,,,,ALL_N1,,,,,,,
IT1:DF_DCSS_ISTR_LAV_PEN_2_TV_3(1.0),A,082018,RESPOP_AV,F,Y_GE15,TOTAL,ALL,24,ALL,ALL,2023,145.23993612123118,,,,,,,,ALL_N1,,,,,,,
IT1:DF_DCSS_ISTR_LAV_PEN_2_TV_3(1.0),A,082018,RESPOP_AV,F,Y_GE15,TOTAL,ALL,24,ALL,ALL,2024,136.35242815193476,,,,,,,,ALL_N1,,,,,,,
IT1:DF_DCSS_ISTR_LAV_PEN_2_TV_3(1.0),A,082018,RESPOP_AV,F,Y_GE15,TOTAL,ALL,4,ALL,ALL,2018,125,,,,,,,,ALL_N1,,,,,,,
IT1:DF_DCSS_ISTR_LAV_PEN_2_TV_3(1.0),A,082018,RESPOP_AV,F,Y_GE15,TOTAL,ALL,4,ALL,ALL,2019,125,,,,,,,,ALL_N1,,,,,,,
IT1:DF_DCSS_ISTR_LAV_PEN_2_TV_3(1.0),A,082018,RESPOP_AV,F,Y_GE15,TOTAL,ALL,4,ALL,ALL,2021,147.119778601278,,,,,,,,ALL_N1,,,,,,,
IT1:DF_DCSS_ISTR_LAV_PEN_2_TV_3(1.0),A,082018,RESPOP_AV,F,Y_GE15,TOTAL,ALL,4,ALL,ALL,2022,137.776543252858,,,,,,,,ALL_N1,,,,,,,
IT1:DF_DCSS_ISTR_LAV_PEN_2_TV_3(1.0),A,082018,RESPOP_AV,F,Y_GE15,TOTAL,ALL,4,ALL,ALL,2023,131.09830832036548,,,,,,,,ALL_N1,,,,,,,
IT1:DF_DCSS_ISTR_LAV_PEN_2_TV_3(1.0),A,082018,RESPOP_AV,F,Y_GE15,TOTAL,ALL,4,ALL,ALL,2024,139.3313754058798,,,,,,,,ALL_N1,,,,,,,
IT1:DF_DCSS_ISTR_LAV_PEN_2_TV_3(1.0),A,082018,RESPOP_AV,F,Y_GE15,TOTAL,ALL,5,ALL,ALL,2018,46,,,,,,,,ALL_N1,,,,,,,
IT1:DF_DCSS_ISTR_LAV_PEN_2_TV_3(1.0),A,082018,RESPOP_AV,F,Y_GE15,TOTAL,ALL,5,ALL,ALL,2019,50,,,,,,,,ALL_N1,,,,,,,
IT1:DF_DCSS_ISTR_LAV_PEN_2_TV_3(1.0),A,082018,RESPOP_AV,F,Y_GE15,TOTAL,ALL,5,ALL,ALL,2021,47.1050648183273,,,,,,,,ALL_N1,,,,,,,
IT1:DF_DCSS_ISTR_LAV_PEN_2_TV_3(1.0),A,082018,RESPOP_AV,F,Y_GE15,TOTAL,ALL,5,ALL,ALL,2022,48.1132372864583,,,,,,,,ALL_N1,,,,,,,
IT1:DF_DCSS_ISTR_LAV_PEN_2_TV_3(1.0),A,082018,RESPOP_AV,F,Y_GE15,TOTAL,ALL,5,ALL,ALL,2023,52.596002167272864,,,,,,,,ALL_N1,,,,,,,
IT1:DF_DCSS_ISTR_LAV_PEN_2_TV_3(1.0),A,082018,RESPOP_AV,F,Y_GE15,TOTAL,ALL,5,ALL,ALL,2024,53.53437856224163,,,,,,,,ALL_N1,,,,,,,
IT1:DF_DCSS_ISTR_LAV_PEN_2_TV_3(1.0),A,082018,RESPOP_AV,F,Y_GE15,TOTAL,ALL,7,ALL,ALL,2018,83,,,,,,,,ALL_N1,,,,,,,
IT1:DF_DCSS_ISTR_LAV_PEN_2_TV_3(1.0),A,082018,RESPOP_AV,F,Y_GE15,TOTAL,ALL,7,ALL,ALL,2019,68,,,,,,,,ALL_N1,,,,,,,
IT1:DF_DCSS_ISTR_LAV_PEN_2_TV_3(1.0),A,082018,RESPOP_AV,F,Y_GE15,TOTAL,ALL,7,ALL,ALL,2021,45.3431387521299,,,,,,,,ALL_N1,,,,,,,
IT1:DF_DCSS_ISTR_LAV_PEN_2_TV_3(1.0),A,082018,RESPOP_AV,F,Y_GE15,TOTAL,ALL,7,ALL,ALL,2022,60.6865908427662,,,,,,,,ALL_N1,,,,,,,
IT1:DF_DCSS_ISTR_LAV_PEN_2_TV_3(1.0),A,082018,RESPOP_AV,F,Y_GE15,TOTAL,ALL,7,ALL,ALL,2023,59.319710929845094,,,,,,,,ALL_N1,,,,,,,
IT1:DF_DCSS_ISTR_LAV_PEN_2_TV_3(1.0),A,082018,RESPOP_AV,F,Y_GE15,TOTAL,ALL,7,ALL,ALL,2024,68.99033883872998,,,,,,,,ALL_N1,,,,,,,
IT1:DF_DCSS_ISTR_LAV_PEN_2_TV_3(1.0),A,082018,RESPOP_AV,F,Y_GE15,TOTAL,ALL,99,ALL,ALL,2018,565,,,,,,,,ALL_N1,99_N1,,,,,,
IT1:DF_DCSS_ISTR_LAV_PEN_2_TV_3(1.0),A,082018,RESPOP_AV,F,Y_GE15,TOTAL,ALL,99,ALL,ALL,2019,550,,,,,,,,ALL_N1,99_N1,,,,,,
IT1:DF_DCSS_ISTR_LAV_PEN_2_TV_3(1.0),A,082018,RESPOP_AV,F,Y_GE15,TOTAL,ALL,99,ALL,ALL,2021,542,,,,,,,,ALL_N1,99_N1,,,,,,
IT1:DF_DCSS_ISTR_LAV_PEN_2_TV_3(1.0),A,082018,RESPOP_AV,F,Y_GE15,TOTAL,ALL,99,ALL,ALL,2022,527,,,,,,,,ALL_N1,99_N1,,,,,,
IT1:DF_DCSS_ISTR_LAV_PEN_2_TV_3(1.0),A,082018,RESPOP_AV,F,Y_GE15,TOTAL,ALL,99,ALL,ALL,2023,525,,,,,,,,ALL_N1,99_N1,,,,,,
IT1:DF_DCSS_ISTR_LAV_PEN_2_TV_3(1.0),A,082018,RESPOP_AV,F,Y_GE15,TOTAL,ALL,99,ALL,ALL,2024,518,,,,,,,,ALL_N1,99_N1,,,,,,
IT1:DF_DCSS_ISTR_LAV_PEN_2_TV_3(1.0),A,082018,RESPOP_AV,M,Y_GE15,TOTAL,ALL,1,ALL,ALL,2018,197,,,,,,,,ALL_N1,,,,,,,
IT1:DF_DCSS_ISTR_LAV_PEN_2_TV_3(1.0),A,082018,RESPOP_AV,M,Y_GE15,TOTAL,ALL,1,ALL,ALL,2019,202,,,,,,,,ALL_N1,,,,,,,
IT1:DF_DCSS_ISTR_LAV_PEN_2_TV_3(1.0),A,082018,RESPOP_AV,M,Y_GE15,TOTAL,ALL,1,ALL,ALL,2021,179,,,,,,,,ALL_N1,,,,,,,
IT1:DF_DCSS_ISTR_LAV_PEN_2_TV_3(1.0),A,082018,RESPOP_AV,M,Y_GE15,TOTAL,ALL,1,ALL,ALL,2022,190,,,,,,,,ALL_N1,,,,,,,
IT1:DF_DCSS_ISTR_LAV_PEN_2_TV_3(1.0),A,082018,RESPOP_AV,M,Y_GE15,TOTAL,ALL,1,ALL,ALL,2023,201,,,,,,,,ALL_N1,,,,,,,
IT1:DF_DCSS_ISTR_LAV_PEN_2_TV_3(1.0),A,082018,RESPOP_AV,M,Y_GE15,TOTAL,ALL,1,ALL,ALL,2024,191,,,,,,,,ALL_N1,,,,,,,
IT1:DF_DCSS_ISTR_LAV_PEN_2_TV_3(1.0),A,082018,RESPOP_AV,M,Y_GE15,TOTAL,ALL,12,ALL,ALL,2018,72,,,,,,,,ALL_N1,,,,,,,
IT1:DF_DCSS_ISTR_LAV_PEN_2_TV_3(1.0),A,082018,RESPOP_AV,M,Y_GE15,TOTAL,ALL,12,ALL,ALL,2019,60,,,,,,,,ALL_N1,,,,,,,
IT1:DF_DCSS_ISTR_LAV_PEN_2_TV_3(1.0),A,082018,RESPOP_AV,M,Y_GE15,TOTAL,ALL,12,ALL,ALL,2021,36.6104893128173,,,,,,,,ALL_N1,,,,,,,
IT1:DF_DCSS_ISTR_LAV_PEN_2_TV_3(1.0),A,082018,RESPOP_AV,M,Y_GE15,TOTAL,ALL,12,ALL,ALL,2022,23.3404855318387,,,,,,,,ALL_N1,,,,,,,
IT1:DF_DCSS_ISTR_LAV_PEN_2_TV_3(1.0),A,082018,RESPOP_AV,M,Y_GE15,TOTAL,ALL,12,ALL,ALL,2023,27.191107263564938,,,,,,,,ALL_N1,,,,,,,
IT1:DF_DCSS_ISTR_LAV_PEN_2_TV_3(1.0),A,082018,RESPOP_AV,M,Y_GE15,TOTAL,ALL,12,ALL,ALL,2024,18.32803197513425,,,,,,,,ALL_N1,,,,,,,
IT1:DF_DCSS_ISTR_LAV_PEN_2_TV_3(1.0),A,082018,RESPOP_AV,M,Y_GE15,TOTAL,ALL,22,ALL,ALL,2018,269,,,,,,,,ALL_N1,,,,,,,
IT1:DF_DCSS_ISTR_LAV_PEN_2_TV_3(1.0),A,082018,RESPOP_AV,M,Y_GE15,TOTAL,ALL,22,ALL,ALL,2019,262,,,,,,,,ALL_N1,,,,,,,
IT1:DF_DCSS_ISTR_LAV_PEN_2_TV_3(1.0),A,082018,RESPOP_AV,M,Y_GE15,TOTAL,ALL,22,ALL,ALL,2021,215.610489312817,,,,,,,,ALL_N1,,,,,,,
IT1:DF_DCSS_ISTR_LAV_PEN_2_TV_3(1.0),A,082018,RESPOP_AV,M,Y_GE15,TOTAL,ALL,22,ALL,ALL,2022,213.340485531839,,,,,,,,ALL_N1,,,,,,,
IT1:DF_DCSS_ISTR_LAV_PEN_2_TV_3(1.0),A,082018,RESPOP_AV,M,Y_GE15,TOTAL,ALL,22,ALL,ALL,2023,228.19110726356493,,,,,,,,ALL_N1,,,,,,,
IT1:DF_DCSS_ISTR_LAV_PEN_2_TV_3(1.0),A,082018,RESPOP_AV,M,Y_GE15,TOTAL,ALL,22,ALL,ALL,2024,209.32803197513425,,,,,,,,ALL_N1,,,,,,,
IT1:DF_DCSS_ISTR_LAV_PEN_2_TV_3(1.0),A,082018,RESPOP_AV,M,Y_GE15,TOTAL,ALL,23,ALL,ALL,2018,265,,,,,,,,ALL_N1,,,,,,,
IT1:DF_DCSS_ISTR_LAV_PEN_2_TV_3(1.0),A,082018,RESPOP_AV,M,Y_GE15,TOTAL,ALL,23,ALL,ALL,2019,253,,,,,,,,ALL_N1,,,,,,,
IT1:DF_DCSS_ISTR_LAV_PEN_2_TV_3(1.0),A,082018,RESPOP_AV,M,Y_GE15,TOTAL,ALL,23,ALL,ALL,2021,293.389510687183,,,,,,,,ALL_N1,,,,,,,
IT1:DF_DCSS_ISTR_LAV_PEN_2_TV_3(1.0),A,082018,RESPOP_AV,M,Y_GE15,TOTAL,ALL,23,ALL,ALL,2022,270.659514468161,,,,,,,,ALL_N1,,,,,,,
IT1:DF_DCSS_ISTR_LAV_PEN_2_TV_3(1.0),A,082018,RESPOP_AV,M,Y_GE15,TOTAL,ALL,23,ALL,ALL,2023,257.80889273643504,,,,,,,,ALL_N1,,,,,,,
IT1:DF_DCSS_ISTR_LAV_PEN_2_TV_3(1.0),A,082018,RESPOP_AV,M,Y_GE15,TOTAL,ALL,23,ALL,ALL,2024,281.67196802486575,,,,,,,,ALL_N1,,,,,,,
IT1:DF_DCSS_ISTR_LAV_PEN_2_TV_3(1.0),A,082018,RESPOP_AV,M,Y_GE15,TOTAL,ALL,24,ALL,ALL,2018,130,,,,,,,,ALL_N1,,,,,,,
IT1:DF_DCSS_ISTR_LAV_PEN_2_TV_3(1.0),A,082018,RESPOP_AV,M,Y_GE15,TOTAL,ALL,24,ALL,ALL,2019,142,,,,,,,,ALL_N1,,,,,,,
IT1:DF_DCSS_ISTR_LAV_PEN_2_TV_3(1.0),A,082018,RESPOP_AV,M,Y_GE15,TOTAL,ALL,24,ALL,ALL,2021,148.934275056187,,,,,,,,ALL_N1,,,,,,,
IT1:DF_DCSS_ISTR_LAV_PEN_2_TV_3(1.0),A,082018,RESPOP_AV,M,Y_GE15,TOTAL,ALL,24,ALL,ALL,2022,144.407380252329,,,,,,,,ALL_N1,,,,,,,
IT1:DF_DCSS_ISTR_LAV_PEN_2_TV_3(1.0),A,082018,RESPOP_AV,M,Y_GE15,TOTAL,ALL,24,ALL,ALL,2023,135.21911549533203,,,,,,,,ALL_N1,,,,,,,
IT1:DF_DCSS_ISTR_LAV_PEN_2_TV_3(1.0),A,082018,RESPOP_AV,M,Y_GE15,TOTAL,ALL,24,ALL,ALL,2024,133.61637016617183,,,,,,,,ALL_N1,,,,,,,
IT1:DF_DCSS_ISTR_LAV_PEN_2_TV_3(1.0),A,082018,RESPOP_AV,M,Y_GE15,TOTAL,ALL,4,ALL,ALL,2018,4,,,,,,,,ALL_N1,,,,,,,
IT1:DF_DCSS_ISTR_LAV_PEN_2_TV_3(1.0),A,082018,RESPOP_AV,M,Y_GE15,TOTAL,ALL,4,ALL,ALL,2019,4,,,,,,,,ALL_N1,,,,,,,
IT1:DF_DCSS_ISTR_LAV_PEN_2_TV_3(1.0),A,082018,RESPOP_AV,M,Y_GE15,TOTAL,ALL,4,ALL,ALL,2021,7.45592056342918,,,,,,,,ALL_N1,,,,,,,
IT1:DF_DCSS_ISTR_LAV_PEN_2_TV_3(1.0),A,082018,RESPOP_AV,M,Y_GE15,TOTAL,ALL,4,ALL,ALL,2022,9.95893979341263,,,,,,,,ALL_N1,,,,,,,
IT1:DF_DCSS_ISTR_LAV_PEN_2_TV_3(1.0),A,082018,RESPOP_AV,M,Y_GE15,TOTAL,ALL,4,ALL,ALL,2023,9.17075578781398,,,,,,,,ALL_N1,,,,,,,
IT1:DF_DCSS_ISTR_LAV_PEN_2_TV_3(1.0),A,082018,RESPOP_AV,M,Y_GE15,TOTAL,ALL,4,ALL,ALL,2024,9.338609052089009,,,,,,,,ALL_N1,,,,,,,
IT1:DF_DCSS_ISTR_LAV_PEN_2_TV_3(1.0),A,082018,RESPOP_AV,M,Y_GE15,TOTAL,ALL,5,ALL,ALL,2018,37,,,,,,,,ALL_N1,,,,,,,
IT1:DF_DCSS_ISTR_LAV_PEN_2_TV_3(1.0),A,082018,RESPOP_AV,M,Y_GE15,TOTAL,ALL,5,ALL,ALL,2019,34,,,,,,,,ALL_N1,,,,,,,
IT1:DF_DCSS_ISTR_LAV_PEN_2_TV_3(1.0),A,082018,RESPOP_AV,M,Y_GE15,TOTAL,ALL,5,ALL,ALL,2021,35.8510611441221,,,,,,,,ALL_N1,,,,,,,
IT1:DF_DCSS_ISTR_LAV_PEN_2_TV_3(1.0),A,082018,RESPOP_AV,M,Y_GE15,TOTAL,ALL,5,ALL,ALL,2022,35.113777462012,,,,,,,,ALL_N1,,,,,,,
IT1:DF_DCSS_ISTR_LAV_PEN_2_TV_3(1.0),A,082018,RESPOP_AV,M,Y_GE15,TOTAL,ALL,5,ALL,ALL,2023,43.29838970429615,,,,,,,,ALL_N1,,,,,,,
IT1:DF_DCSS_ISTR_LAV_PEN_2_TV_3(1.0),A,082018,RESPOP_AV,M,Y_GE15,TOTAL,ALL,5,ALL,ALL,2024,42.456028260436895,,,,,,,,ALL_N1,,,,,,,
IT1:DF_DCSS_ISTR_LAV_PEN_2_TV_3(1.0),A,082018,RESPOP_AV,M,Y_GE15,TOTAL,ALL,7,ALL,ALL,2018,94,,,,,,,,ALL_N1,,,,,,,
IT1:DF_DCSS_ISTR_LAV_PEN_2_TV_3(1.0),A,082018,RESPOP_AV,M,Y_GE15,TOTAL,ALL,7,ALL,ALL,2019,74,,,,,,,,ALL_N1,,,,,,,
IT1:DF_DCSS_ISTR_LAV_PEN_2_TV_3(1.0),A,082018,RESPOP_AV,M,Y_GE15,TOTAL,ALL,7,ALL,ALL,2021,101.148253923444,,,,,,,,ALL_N1,,,,,,,
IT1:DF_DCSS_ISTR_LAV_PEN_2_TV_3(1.0),A,082018,RESPOP_AV,M,Y_GE15,TOTAL,ALL,7,ALL,ALL,2022,81.1794169604075,,,,,,,,ALL_N1,,,,,,,
IT1:DF_DCSS_ISTR_LAV_PEN_2_TV_3(1.0),A,082018,RESPOP_AV,M,Y_GE15,TOTAL,ALL,7,ALL,ALL,2023,70.12063174899289,,,,,,,,ALL_N1,,,,,,,
IT1:DF_DCSS_ISTR_LAV_PEN_2_TV_3(1.0),A,082018,RESPOP_AV,M,Y_GE15,TOTAL,ALL,7,ALL,ALL,2024,96.260960546168,,,,,,,,ALL_N1,,,,,,,
IT1:DF_DCSS_ISTR_LAV_PEN_2_TV_3(1.0),A,082018,RESPOP_AV,M,Y_GE15,TOTAL,ALL,99,ALL,ALL,2018,533,,,,,,,,ALL_N1,99_N1,,,,,,
IT1:DF_DCSS_ISTR_LAV_PEN_2_TV_3(1.0),A,082018,RESPOP_AV,M,Y_GE15,TOTAL,ALL,99,ALL,ALL,2019,515,,,,,,,,ALL_N1,99_N1,,,,,,
IT1:DF_DCSS_ISTR_LAV_PEN_2_TV_3(1.0),A,082018,RESPOP_AV,M,Y_GE15,TOTAL,ALL,99,ALL,ALL,2021,509,,,,,,,,ALL_N1,99_N1,,,,,,
IT1:DF_DCSS_ISTR_LAV_PEN_2_TV_3(1.0),A,082018,RESPOP_AV,M,Y_GE15,TOTAL,ALL,99,ALL,ALL,2022,484,,,,,,,,ALL_N1,99_N1,,,,,,
IT1:DF_DCSS_ISTR_LAV_PEN_2_TV_3(1.0),A,082018,RESPOP_AV,M,Y_GE15,TOTAL,ALL,99,ALL,ALL,2023,486,,,,,,,,ALL_N1,99_N1,,,,,,
IT1:DF_DCSS_ISTR_LAV_PEN_2_TV_3(1.0),A,082018,RESPOP_AV,M,Y_GE15,TOTAL,ALL,99,ALL,ALL,2024,491,,,,,,,,ALL_N1,99_N1,,,,,,
IT1:DF_DCSS_ISTR_LAV_PEN_2_TV_3(1.0),A,082018,RESPOP_AV,T,Y_GE15,TOTAL,ALL,1,ALL,ALL,2018,304,,,,,,,,ALL_N1,,,,,,,
IT1:DF_DCSS_ISTR_LAV_PEN_2_TV_3(1.0),A,082018,RESPOP_AV,T,Y_GE15,TOTAL,ALL,1,ALL,ALL,2019,314,,,,,,,,ALL_N1,,,,,,,
IT1:DF_DCSS_ISTR_LAV_PEN_2_TV_3(1.0),A,082018,RESPOP_AV,T,Y_GE15,TOTAL,ALL,1,ALL,ALL,2021,295,,,,,,,,ALL_N1,,,,,,,
IT1:DF_DCSS_ISTR_LAV_PEN_2_TV_3(1.0),A,082018,RESPOP_AV,T,Y_GE15,TOTAL,ALL,1,ALL,ALL,2022,296,,,,,,,,ALL_N1,,,,,,,
IT1:DF_DCSS_ISTR_LAV_PEN_2_TV_3(1.0),A,082018,RESPOP_AV,T,Y_GE15,TOTAL,ALL,1,ALL,ALL,2023,312,,,,,,,,ALL_N1,,,,,,,
IT1:DF_DCSS_ISTR_LAV_PEN_2_TV_3(1.0),A,082018,RESPOP_AV,T,Y_GE15,TOTAL,ALL,1,ALL,ALL,2024,294,,,,,,,,ALL_N1,,,,,,,
IT1:DF_DCSS_ISTR_LAV_PEN_2_TV_3(1.0),A,082018,RESPOP_AV,T,Y_GE15,TOTAL,ALL,12,ALL,ALL,2018,137,,,,,,,,ALL_N1,,,,,,,
IT1:DF_DCSS_ISTR_LAV_PEN_2_TV_3(1.0),A,082018,RESPOP_AV,T,Y_GE15,TOTAL,ALL,12,ALL,ALL,2019,120,,,,,,,,ALL_N1,,,,,,,
IT1:DF_DCSS_ISTR_LAV_PEN_2_TV_3(1.0),A,082018,RESPOP_AV,T,Y_GE15,TOTAL,ALL,12,ALL,ALL,2021,55.6823252203416,,,,,,,,ALL_N1,,,,,,,
IT1:DF_DCSS_ISTR_LAV_PEN_2_TV_3(1.0),A,082018,RESPOP_AV,T,Y_GE15,TOTAL,ALL,12,ALL,ALL,2022,44.5356123931883,,,,,,,,ALL_N1,,,,,,,
IT1:DF_DCSS_ISTR_LAV_PEN_2_TV_3(1.0),A,082018,RESPOP_AV,T,Y_GE15,TOTAL,ALL,12,ALL,ALL,2023,52.9371497248503,,,,,,,,ALL_N1,,,,,,,
IT1:DF_DCSS_ISTR_LAV_PEN_2_TV_3(1.0),A,082018,RESPOP_AV,T,Y_GE15,TOTAL,ALL,12,ALL,ALL,2024,35.11951101634803,,,,,,,,ALL_N1,,,,,,,
IT1:DF_DCSS_ISTR_LAV_PEN_2_TV_3(1.0),A,082018,RESPOP_AV,T,Y_GE15,TOTAL,ALL,22,ALL,ALL,2018,441,,,,,,,,ALL_N1,,,,,,,
IT1:DF_DCSS_ISTR_LAV_PEN_2_TV_3(1.0),A,082018,RESPOP_AV,T,Y_GE15,TOTAL,ALL,22,ALL,ALL,2019,434,,,,,,,,ALL_N1,,,,,,,
IT1:DF_DCSS_ISTR_LAV_PEN_2_TV_3(1.0),A,082018,RESPOP_AV,T,Y_GE15,TOTAL,ALL,22,ALL,ALL,2021,350.682325220342,,,,,,,,ALL_N1,,,,,,,
IT1:DF_DCSS_ISTR_LAV_PEN_2_TV_3(1.0),A,082018,RESPOP_AV,T,Y_GE15,TOTAL,ALL,22,ALL,ALL,2022,340.535612393188,,,,,,,,ALL_N1,,,,,,,
IT1:DF_DCSS_ISTR_LAV_PEN_2_TV_3(1.0),A,082018,RESPOP_AV,T,Y_GE15,TOTAL,ALL,22,ALL,ALL,2023,364.9371497248503,,,,,,,,ALL_N1,,,,,,,
IT1:DF_DCSS_ISTR_LAV_PEN_2_TV_3(1.0),A,082018,RESPOP_AV,T,Y_GE15,TOTAL,ALL,22,ALL,ALL,2024,329.11951101634804,,,,,,,,ALL_N1,,,,,,,
IT1:DF_DCSS_ISTR_LAV_PEN_2_TV_3(1.0),A,082018,RESPOP_AV,T,Y_GE15,TOTAL,ALL,23,ALL,ALL,2018,657,,,,,,,,ALL_N1,,,,,,,
IT1:DF_DCSS_ISTR_LAV_PEN_2_TV_3(1.0),A,082018,RESPOP_AV,T,Y_GE15,TOTAL,ALL,23,ALL,ALL,2019,631,,,,,,,,ALL_N1,,,,,,,
IT1:DF_DCSS_ISTR_LAV_PEN_2_TV_3(1.0),A,082018,RESPOP_AV,T,Y_GE15,TOTAL,ALL,23,ALL,ALL,2021,700.317674779658,,,,,,,,ALL_N1,,,,,,,
IT1:DF_DCSS_ISTR_LAV_PEN_2_TV_3(1.0),A,082018,RESPOP_AV,T,Y_GE15,TOTAL,ALL,23,ALL,ALL,2022,670.464387606812,,,,,,,,ALL_N1,,,,,,,
IT1:DF_DCSS_ISTR_LAV_PEN_2_TV_3(1.0),A,082018,RESPOP_AV,T,Y_GE15,TOTAL,ALL,23,ALL,ALL,2023,646.0628502751497,,,,,,,,ALL_N1,,,,,,,
IT1:DF_DCSS_ISTR_LAV_PEN_2_TV_3(1.0),A,082018,RESPOP_AV,T,Y_GE15,TOTAL,ALL,23,ALL,ALL,2024,679.880488983652,,,,,,,,ALL_N1,,,,,,,
IT1:DF_DCSS_ISTR_LAV_PEN_2_TV_3(1.0),A,082018,RESPOP_AV,T,Y_GE15,TOTAL,ALL,24,ALL,ALL,2018,269,,,,,,,,ALL_N1,,,,,,,
IT1:DF_DCSS_ISTR_LAV_PEN_2_TV_3(1.0),A,082018,RESPOP_AV,T,Y_GE15,TOTAL,ALL,24,ALL,ALL,2019,278,,,,,,,,ALL_N1,,,,,,,
IT1:DF_DCSS_ISTR_LAV_PEN_2_TV_3(1.0),A,082018,RESPOP_AV,T,Y_GE15,TOTAL,ALL,24,ALL,ALL,2021,316.294456976928,,,,,,,,ALL_N1,,,,,,,
IT1:DF_DCSS_ISTR_LAV_PEN_2_TV_3(1.0),A,082018,RESPOP_AV,T,Y_GE15,TOTAL,ALL,24,ALL,ALL,2022,297.635882008897,,,,,,,,ALL_N1,,,,,,,
IT1:DF_DCSS_ISTR_LAV_PEN_2_TV_3(1.0),A,082018,RESPOP_AV,T,Y_GE15,TOTAL,ALL,24,ALL,ALL,2023,280.4590516165632,,,,,,,,ALL_N1,,,,,,,
IT1:DF_DCSS_ISTR_LAV_PEN_2_TV_3(1.0),A,082018,RESPOP_AV,T,Y_GE15,TOTAL,ALL,24,ALL,ALL,2024,269.9687983181066,,,,,,,,ALL_N1,,,,,,,
IT1:DF_DCSS_ISTR_LAV_PEN_2_TV_3(1.0),A,082018,RESPOP_AV,T,Y_GE15,TOTAL,ALL,4,ALL,ALL,2018,129,,,,,,,,ALL_N1,,,,,,,
IT1:DF_DCSS_ISTR_LAV_PEN_2_TV_3(1.0),A,082018,RESPOP_AV,T,Y_GE15,TOTAL,ALL,4,ALL,ALL,2019,129,,,,,,,,ALL_N1,,,,,,,
IT1:DF_DCSS_ISTR_LAV_PEN_2_TV_3(1.0),A,082018,RESPOP_AV,T,Y_GE15,TOTAL,ALL,4,ALL,ALL,2021,154.575699164707,,,,,,,,ALL_N1,,,,,,,
IT1:DF_DCSS_ISTR_LAV_PEN_2_TV_3(1.0),A,082018,RESPOP_AV,T,Y_GE15,TOTAL,ALL,4,ALL,ALL,2022,147.73548304627,,,,,,,,ALL_N1,,,,,,,
IT1:DF_DCSS_ISTR_LAV_PEN_2_TV_3(1.0),A,082018,RESPOP_AV,T,Y_GE15,TOTAL,ALL,4,ALL,ALL,2023,140.26906410817946,,,,,,,,ALL_N1,,,,,,,
IT1:DF_DCSS_ISTR_LAV_PEN_2_TV_3(1.0),A,082018,RESPOP_AV,T,Y_GE15,TOTAL,ALL,4,ALL,ALL,2024,148.6699844579688,,,,,,,,ALL_N1,,,,,,,
IT1:DF_DCSS_ISTR_LAV_PEN_2_TV_3(1.0),A,082018,RESPOP_AV,T,Y_GE15,TOTAL,ALL,5,ALL,ALL,2018,83,,,,,,,,ALL_N1,,,,,,,
IT1:DF_DCSS_ISTR_LAV_PEN_2_TV_3(1.0),A,082018,RESPOP_AV,T,Y_GE15,TOTAL,ALL,5,ALL,ALL,2019,83,,,,,,,,ALL_N1,,,,,,,
IT1:DF_DCSS_ISTR_LAV_PEN_2_TV_3(1.0),A,082018,RESPOP_AV,T,Y_GE15,TOTAL,ALL,5,ALL,ALL,2021,82.9561259624494,,,,,,,,ALL_N1,,,,,,,
IT1:DF_DCSS_ISTR_LAV_PEN_2_TV_3(1.0),A,082018,RESPOP_AV,T,Y_GE15,TOTAL,ALL,5,ALL,ALL,2022,83.2270147484703,,,,,,,,ALL_N1,,,,,,,
IT1:DF_DCSS_ISTR_LAV_PEN_2_TV_3(1.0),A,082018,RESPOP_AV,T,Y_GE15,TOTAL,ALL,5,ALL,ALL,2023,95.89439187156901,,,,,,,,ALL_N1,,,,,,,
IT1:DF_DCSS_ISTR_LAV_PEN_2_TV_3(1.0),A,082018,RESPOP_AV,T,Y_GE15,TOTAL,ALL,5,ALL,ALL,2024,95.99040682267852,,,,,,,,ALL_N1,,,,,,,
IT1:DF_DCSS_ISTR_LAV_PEN_2_TV_3(1.0),A,082018,RESPOP_AV,T,Y_GE15,TOTAL,ALL,7,ALL,ALL,2018,177,,,,,,,,ALL_N1,,,,,,,
IT1:DF_DCSS_ISTR_LAV_PEN_2_TV_3(1.0),A,082018,RESPOP_AV,T,Y_GE15,TOTAL,ALL,7,ALL,ALL,2019,142,,,,,,,,ALL_N1,,,,,,,
IT1:DF_DCSS_ISTR_LAV_PEN_2_TV_3(1.0),A,082018,RESPOP_AV,T,Y_GE15,TOTAL,ALL,7,ALL,ALL,2021,146.491392675574,,,,,,,,ALL_N1,,,,,,,
IT1:DF_DCSS_ISTR_LAV_PEN_2_TV_3(1.0),A,082018,RESPOP_AV,T,Y_GE15,TOTAL,ALL,7,ALL,ALL,2022,141.866007803174,,,,,,,,ALL_N1,,,,,,,
IT1:DF_DCSS_ISTR_LAV_PEN_2_TV_3(1.0),A,082018,RESPOP_AV,T,Y_GE15,TOTAL,ALL,7,ALL,ALL,2023,129.440342678838,,,,,,,,ALL_N1,,,,,,,
IT1:DF_DCSS_ISTR_LAV_PEN_2_TV_3(1.0),A,082018,RESPOP_AV,T,Y_GE15,TOTAL,ALL,7,ALL,ALL,2024,165.25129938489798,,,,,,,,ALL_N1,,,,,,,
IT1:DF_DCSS_ISTR_LAV_PEN_2_TV_3(1.0),A,082018,RESPOP_AV,T,Y_GE15,TOTAL,ALL,99,ALL,ALL,2018,1098,,,,,,,,ALL_N1,99_N1,,,,,,
IT1:DF_DCSS_ISTR_LAV_PEN_2_TV_3(1.0),A,082018,RESPOP_AV,T,Y_GE15,TOTAL,ALL,99,ALL,ALL,2019,1065,,,,,,,,ALL_N1,99_N1,,,,,,
IT1:DF_DCSS_ISTR_LAV_PEN_2_TV_3(1.0),A,082018,RESPOP_AV,T,Y_GE15,TOTAL,ALL,99,ALL,ALL,2021,1051,,,,,,,,ALL_N1,99_N1,,,,,,
IT1:DF_DCSS_ISTR_LAV_PEN_2_TV_3(1.0),A,082018,RESPOP_AV,T,Y_GE15,TOTAL,ALL,99,ALL,ALL,2022,1011,,,,,,,,ALL_N1,99_N1,,,,,,
IT1:DF_DCSS_ISTR_LAV_PEN_2_TV_3(1.0),A,082018,RESPOP_AV,T,Y_GE15,TOTAL,ALL,99,ALL,ALL,2023,1011,,,,,,,,ALL_N1,99_N1,,,,,,
IT1:DF_DCSS_ISTR_LAV_PEN_2_TV_3(1.0),A,082018,RESPOP_AV,T,Y_GE15,TOTAL,ALL,99,ALL,ALL,2024,1009,,,,,,,,ALL_N1,99_N1,,,,,,
IT1:DF_DCSS_ISTR_LAV_PEN_2_TV_3(1.0),A,082019,RESPOP_AV,F,Y_GE15,TOTAL,ALL,1,ALL,ALL,2018,337,,,,,,,,ALL_N1,,,,,,,
IT1:DF_DCSS_ISTR_LAV_PEN_2_TV_3(1.0),A,082019,RESPOP_AV,F,Y_GE15,TOTAL,ALL,1,ALL,ALL,2019,350,,,,,,,,ALL_N1,,,,,,,
IT1:DF_DCSS_ISTR_LAV_PEN_2_TV_3(1.0),A,082019,RESPOP_AV,F,Y_GE15,TOTAL,ALL,1,ALL,ALL,2021,330,,,,,,,,ALL_N1,,,,,,,
IT1:DF_DCSS_ISTR_LAV_PEN_2_TV_3(1.0),A,082019,RESPOP_AV,F,Y_GE15,TOTAL,ALL,1,ALL,ALL,2022,338,,,,,,,,ALL_N1,,,,,,,
IT1:DF_DCSS_ISTR_LAV_PEN_2_TV_3(1.0),A,082019,RESPOP_AV,F,Y_GE15,TOTAL,ALL,1,ALL,ALL,2023,367,,,,,,,,ALL_N1,,,,,,,
IT1:DF_DCSS_ISTR_LAV_PEN_2_TV_3(1.0),A,082019,RESPOP_AV,F,Y_GE15,TOTAL,ALL,1,ALL,ALL,2024,362,,,,,,,,ALL_N1,,,,,,,
IT1:DF_DCSS_ISTR_LAV_PEN_2_TV_3(1.0),A,082019,RESPOP_AV,F,Y_GE15,TOTAL,ALL,12,ALL,ALL,2018,151,,,,,,,,ALL_N1,,,,,,,
IT1:DF_DCSS_ISTR_LAV_PEN_2_TV_3(1.0),A,082019,RESPOP_AV,F,Y_GE15,TOTAL,ALL,12,ALL,ALL,2019,146,,,,,,,,ALL_N1,,,,,,,
IT1:DF_DCSS_ISTR_LAV_PEN_2_TV_3(1.0),A,082019,RESPOP_AV,F,Y_GE15,TOTAL,ALL,12,ALL,ALL,2021,72.5904149133801,,,,,,,,ALL_N1,,,,,,,
IT1:DF_DCSS_ISTR_LAV_PEN_2_TV_3(1.0),A,082019,RESPOP_AV,F,Y_GE15,TOTAL,ALL,12,ALL,ALL,2022,60.9503308258058,,,,,,,,ALL_N1,,,,,,,
IT1:DF_DCSS_ISTR_LAV_PEN_2_TV_3(1.0),A,082019,RESPOP_AV,F,Y_GE15,TOTAL,ALL,12,ALL,ALL,2023,55.842408476396514,,,,,,,,ALL_N1,,,,,,,
IT1:DF_DCSS_ISTR_LAV_PEN_2_TV_3(1.0),A,082019,RESPOP_AV,F,Y_GE15,TOTAL,ALL,12,ALL,ALL,2024,50.65394010173172,,,,,,,,ALL_N1,,,,,,,
IT1:DF_DCSS_ISTR_LAV_PEN_2_TV_3(1.0),A,082019,RESPOP_AV,F,Y_GE15,TOTAL,ALL,22,ALL,ALL,2018,488,,,,,,,,ALL_N1,,,,,,,
IT1:DF_DCSS_ISTR_LAV_PEN_2_TV_3(1.0),A,082019,RESPOP_AV,F,Y_GE15,TOTAL,ALL,22,ALL,ALL,2019,496,,,,,,,,ALL_N1,,,,,,,
IT1:DF_DCSS_ISTR_LAV_PEN_2_TV_3(1.0),A,082019,RESPOP_AV,F,Y_GE15,TOTAL,ALL,22,ALL,ALL,2021,402.59041491338,,,,,,,,ALL_N1,,,,,,,
IT1:DF_DCSS_ISTR_LAV_PEN_2_TV_3(1.0),A,082019,RESPOP_AV,F,Y_GE15,TOTAL,ALL,22,ALL,ALL,2022,398.950330825806,,,,,,,,ALL_N1,,,,,,,
IT1:DF_DCSS_ISTR_LAV_PEN_2_TV_3(1.0),A,082019,RESPOP_AV,F,Y_GE15,TOTAL,ALL,22,ALL,ALL,2023,422.8424084763965,,,,,,,,ALL_N1,,,,,,,
IT1:DF_DCSS_ISTR_LAV_PEN_2_TV_3(1.0),A,082019,RESPOP_AV,F,Y_GE15,TOTAL,ALL,22,ALL,ALL,2024,412.65394010173173,,,,,,,,ALL_N1,,,,,,,
IT1:DF_DCSS_ISTR_LAV_PEN_2_TV_3(1.0),A,082019,RESPOP_AV,F,Y_GE15,TOTAL,ALL,23,ALL,ALL,2018,886,,,,,,,,ALL_N1,,,,,,,
IT1:DF_DCSS_ISTR_LAV_PEN_2_TV_3(1.0),A,082019,RESPOP_AV,F,Y_GE15,TOTAL,ALL,23,ALL,ALL,2019,849,,,,,,,,ALL_N1,,,,,,,
IT1:DF_DCSS_ISTR_LAV_PEN_2_TV_3(1.0),A,082019,RESPOP_AV,F,Y_GE15,TOTAL,ALL,23,ALL,ALL,2021,915.40958508662,,,,,,,,ALL_N1,,,,,,,
IT1:DF_DCSS_ISTR_LAV_PEN_2_TV_3(1.0),A,082019,RESPOP_AV,F,Y_GE15,TOTAL,ALL,23,ALL,ALL,2022,921.049669174194,,,,,,,,ALL_N1,,,,,,,
IT1:DF_DCSS_ISTR_LAV_PEN_2_TV_3(1.0),A,082019,RESPOP_AV,F,Y_GE15,TOTAL,ALL,23,ALL,ALL,2023,861.1575915236035,,,,,,,,ALL_N1,,,,,,,
IT1:DF_DCSS_ISTR_LAV_PEN_2_TV_3(1.0),A,082019,RESPOP_AV,F,Y_GE15,TOTAL,ALL,23,ALL,ALL,2024,858.3460598982684,,,,,,,,ALL_N1,,,,,,,
IT1:DF_DCSS_ISTR_LAV_PEN_2_TV_3(1.0),A,082019,RESPOP_AV,F,Y_GE15,TOTAL,ALL,24,ALL,ALL,2018,255,,,,,,,,ALL_N1,,,,,,,
IT1:DF_DCSS_ISTR_LAV_PEN_2_TV_3(1.0),A,082019,RESPOP_AV,F,Y_GE15,TOTAL,ALL,24,ALL,ALL,2019,240,,,,,,,,ALL_N1,,,,,,,
IT1:DF_DCSS_ISTR_LAV_PEN_2_TV_3(1.0),A,082019,RESPOP_AV,F,Y_GE15,TOTAL,ALL,24,ALL,ALL,2021,255.298480159693,,,,,,,,ALL_N1,,,,,,,
IT1:DF_DCSS_ISTR_LAV_PEN_2_TV_3(1.0),A,082019,RESPOP_AV,F,Y_GE15,TOTAL,ALL,24,ALL,ALL,2022,261.027184897317,,,,,,,,ALL_N1,,,,,,,
IT1:DF_DCSS_ISTR_LAV_PEN_2_TV_3(1.0),A,082019,RESPOP_AV,F,Y_GE15,TOTAL,ALL,24,ALL,ALL,2023,242.64564139521238,,,,,,,,ALL_N1,,,,,,,
IT1:DF_DCSS_ISTR_LAV_PEN_2_TV_3(1.0),A,082019,RESPOP_AV,F,Y_GE15,TOTAL,ALL,24,ALL,ALL,2024,231.37758688611586,,,,,,,,ALL_N1,,,,,,,
IT1:DF_DCSS_ISTR_LAV_PEN_2_TV_3(1.0),A,082019,RESPOP_AV,F,Y_GE15,TOTAL,ALL,4,ALL,ALL,2018,370,,,,,,,,ALL_N1,,,,,,,
IT1:DF_DCSS_ISTR_LAV_PEN_2_TV_3(1.0),A,082019,RESPOP_AV,F,Y_GE15,TOTAL,ALL,4,ALL,ALL,2019,359,,,,,,,,ALL_N1,,,,,,,
IT1:DF_DCSS_ISTR_LAV_PEN_2_TV_3(1.0),A,082019,RESPOP_AV,F,Y_GE15,TOTAL,ALL,4,ALL,ALL,2021,378.21198816602,,,,,,,,ALL_N1,,,,,,,
IT1:DF_DCSS_ISTR_LAV_PEN_2_TV_3(1.0),A,082019,RESPOP_AV,F,Y_GE15,TOTAL,ALL,4,ALL,ALL,2022,391.862368891137,,,,,,,,ALL_N1,,,,,,,
IT1:DF_DCSS_ISTR_LAV_PEN_2_TV_3(1.0),A,082019,RESPOP_AV,F,Y_GE15,TOTAL,ALL,4,ALL,ALL,2023,350.97980184559617,,,,,,,,ALL_N1,,,,,,,
IT1:DF_DCSS_ISTR_LAV_PEN_2_TV_3(1.0),A,082019,RESPOP_AV,F,Y_GE15,TOTAL,ALL,4,ALL,ALL,2024,355.35613251721094,,,,,,,,ALL_N1,,,,,,,
IT1:DF_DCSS_ISTR_LAV_PEN_2_TV_3(1.0),A,082019,RESPOP_AV,F,Y_GE15,TOTAL,ALL,5,ALL,ALL,2018,143,,,,,,,,ALL_N1,,,,,,,
IT1:DF_DCSS_ISTR_LAV_PEN_2_TV_3(1.0),A,082019,RESPOP_AV,F,Y_GE15,TOTAL,ALL,5,ALL,ALL,2019,149,,,,,,,,ALL_N1,,,,,,,
IT1:DF_DCSS_ISTR_LAV_PEN_2_TV_3(1.0),A,082019,RESPOP_AV,F,Y_GE15,TOTAL,ALL,5,ALL,ALL,2021,147.073271241388,,,,,,,,ALL_N1,,,,,,,
IT1:DF_DCSS_ISTR_LAV_PEN_2_TV_3(1.0),A,082019,RESPOP_AV,F,Y_GE15,TOTAL,ALL,5,ALL,ALL,2022,145.207555309537,,,,,,,,ALL_N1,,,,,,,
IT1:DF_DCSS_ISTR_LAV_PEN_2_TV_3(1.0),A,082019,RESPOP_AV,F,Y_GE15,TOTAL,ALL,5,ALL,ALL,2023,151.94206112523855,,,,,,,,ALL_N1,,,,,,,
IT1:DF_DCSS_ISTR_LAV_PEN_2_TV_3(1.0),A,082019,RESPOP_AV,F,Y_GE15,TOTAL,ALL,5,ALL,ALL,2024,143.02516079108273,,,,,,,,ALL_N1,,,,,,,
IT1:DF_DCSS_ISTR_LAV_PEN_2_TV_3(1.0),A,082019,RESPOP_AV,F,Y_GE15,TOTAL,ALL,7,ALL,ALL,2018,118,,,,,,,,ALL_N1,,,,,,,
IT1:DF_DCSS_ISTR_LAV_PEN_2_TV_3(1.0),A,082019,RESPOP_AV,F,Y_GE15,TOTAL,ALL,7,ALL,ALL,2019,102,,,,,,,,ALL_N1,,,,,,,
IT1:DF_DCSS_ISTR_LAV_PEN_2_TV_3(1.0),A,082019,RESPOP_AV,F,Y_GE15,TOTAL,ALL,7,ALL,ALL,2021,134.825845519519,,,,,,,,ALL_N1,,,,,,,
IT1:DF_DCSS_ISTR_LAV_PEN_2_TV_3(1.0),A,082019,RESPOP_AV,F,Y_GE15,TOTAL,ALL,7,ALL,ALL,2022,122.952560076204,,,,,,,,ALL_N1,,,,,,,
IT1:DF_DCSS_ISTR_LAV_PEN_2_TV_3(1.0),A,082019,RESPOP_AV,F,Y_GE15,TOTAL,ALL,7,ALL,ALL,2023,115.59008715755638,,,,,,,,ALL_N1,,,,,,,
IT1:DF_DCSS_ISTR_LAV_PEN_2_TV_3(1.0),A,082019,RESPOP_AV,F,Y_GE15,TOTAL,ALL,7,ALL,ALL,2024,128.58717970385888,,,,,,,,ALL_N1,,,,,,,
IT1:DF_DCSS_ISTR_LAV_PEN_2_TV_3(1.0),A,082019,RESPOP_AV,F,Y_GE15,TOTAL,ALL,99,ALL,ALL,2018,1374,,,,,,,,ALL_N1,99_N1,,,,,,
IT1:DF_DCSS_ISTR_LAV_PEN_2_TV_3(1.0),A,082019,RESPOP_AV,F,Y_GE15,TOTAL,ALL,99,ALL,ALL,2019,1345,,,,,,,,ALL_N1,99_N1,,,,,,
IT1:DF_DCSS_ISTR_LAV_PEN_2_TV_3(1.0),A,082019,RESPOP_AV,F,Y_GE15,TOTAL,ALL,99,ALL,ALL,2021,1318,,,,,,,,ALL_N1,99_N1,,,,,,
IT1:DF_DCSS_ISTR_LAV_PEN_2_TV_3(1.0),A,082019,RESPOP_AV,F,Y_GE15,TOTAL,ALL,99,ALL,ALL,2022,1320,,,,,,,,ALL_N1,99_N1,,,,,,
IT1:DF_DCSS_ISTR_LAV_PEN_2_TV_3(1.0),A,082019,RESPOP_AV,F,Y_GE15,TOTAL,ALL,99,ALL,ALL,2023,1284,,,,,,,,ALL_N1,99_N1,,,,,,
IT1:DF_DCSS_ISTR_LAV_PEN_2_TV_3(1.0),A,082019,RESPOP_AV,F,Y_GE15,TOTAL,ALL,99,ALL,ALL,2024,1271.0000000000002,,,,,,,,ALL_N1,99_N1,,,,,,
IT1:DF_DCSS_ISTR_LAV_PEN_2_TV_3(1.0),A,082019,RESPOP_AV,M,Y_GE15,TOTAL,ALL,1,ALL,ALL,2018,572,,,,,,,,ALL_N1,,,,,,,
IT1:DF_DCSS_ISTR_LAV_PEN_2_TV_3(1.0),A,082019,RESPOP_AV,M,Y_GE15,TOTAL,ALL,1,ALL,ALL,2019,577,,,,,,,,ALL_N1,,,,,,,
IT1:DF_DCSS_ISTR_LAV_PEN_2_TV_3(1.0),A,082019,RESPOP_AV,M,Y_GE15,TOTAL,ALL,1,ALL,ALL,2021,526,,,,,,,,ALL_N1,,,,,,,
IT1:DF_DCSS_ISTR_LAV_PEN_2_TV_3(1.0),A,082019,RESPOP_AV,M,Y_GE15,TOTAL,ALL,1,ALL,ALL,2022,525,,,,,,,,ALL_N1,,,,,,,
IT1:DF_DCSS_ISTR_LAV_PEN_2_TV_3(1.0),A,082019,RESPOP_AV,M,Y_GE15,TOTAL,ALL,1,ALL,ALL,2023,570,,,,,,,,ALL_N1,,,,,,,
IT1:DF_DCSS_ISTR_LAV_PEN_2_TV_3(1.0),A,082019,RESPOP_AV,M,Y_GE15,TOTAL,ALL,1,ALL,ALL,2024,552,,,,,,,,ALL_N1,,,,,,,
IT1:DF_DCSS_ISTR_LAV_PEN_2_TV_3(1.0),A,082019,RESPOP_AV,M,Y_GE15,TOTAL,ALL,12,ALL,ALL,2018,182,,,,,,,,ALL_N1,,,,,,,
IT1:DF_DCSS_ISTR_LAV_PEN_2_TV_3(1.0),A,082019,RESPOP_AV,M,Y_GE15,TOTAL,ALL,12,ALL,ALL,2019,182,,,,,,,,ALL_N1,,,,,,,
IT1:DF_DCSS_ISTR_LAV_PEN_2_TV_3(1.0),A,082019,RESPOP_AV,M,Y_GE15,TOTAL,ALL,12,ALL,ALL,2021,90.907032130187,,,,,,,,ALL_N1,,,,,,,
IT1:DF_DCSS_ISTR_LAV_PEN_2_TV_3(1.0),A,082019,RESPOP_AV,M,Y_GE15,TOTAL,ALL,12,ALL,ALL,2022,76.1558811611335,,,,,,,,ALL_N1,,,,,,,
IT1:DF_DCSS_ISTR_LAV_PEN_2_TV_3(1.0),A,082019,RESPOP_AV,M,Y_GE15,TOTAL,ALL,12,ALL,ALL,2023,67.65943552853399,,,,,,,,ALL_N1,,,,,,,
IT1:DF_DCSS_ISTR_LAV_PEN_2_TV_3(1.0),A,082019,RESPOP_AV,M,Y_GE15,TOTAL,ALL,12,ALL,ALL,2024,62.71033289832269,,,,,,,,ALL_N1,,,,,,,
IT1:DF_DCSS_ISTR_LAV_PEN_2_TV_3(1.0),A,082019,RESPOP_AV,M,Y_GE15,TOTAL,ALL,22,ALL,ALL,2018,754,,,,,,,,ALL_N1,,,,,,,
IT1:DF_DCSS_ISTR_LAV_PEN_2_TV_3(1.0),A,082019,RESPOP_AV,M,Y_GE15,TOTAL,ALL,22,ALL,ALL,2019,759,,,,,,,,ALL_N1,,,,,,,
IT1:DF_DCSS_ISTR_LAV_PEN_2_TV_3(1.0),A,082019,RESPOP_AV,M,Y_GE15,TOTAL,ALL,22,ALL,ALL,2021,616.907032130187,,,,,,,,ALL_N1,,,,,,,
IT1:DF_DCSS_ISTR_LAV_PEN_2_TV_3(1.0),A,082019,RESPOP_AV,M,Y_GE15,TOTAL,ALL,22,ALL,ALL,2022,601.155881161133,,,,,,,,ALL_N1,,,,,,,
IT1:DF_DCSS_ISTR_LAV_PEN_2_TV_3(1.0),A,082019,RESPOP_AV,M,Y_GE15,TOTAL,ALL,22,ALL,ALL,2023,637.659435528534,,,,,,,,ALL_N1,,,,,,,
IT1:DF_DCSS_ISTR_LAV_PEN_2_TV_3(1.0),A,082019,RESPOP_AV,M,Y_GE15,TOTAL,ALL,22,ALL,ALL,2024,614.7103328983227,,,,,,,,ALL_N1,,,,,,,
IT1:DF_DCSS_ISTR_LAV_PEN_2_TV_3(1.0),A,082019,RESPOP_AV,M,Y_GE15,TOTAL,ALL,23,ALL,ALL,2018,567,,,,,,,,ALL_N1,,,,,,,
IT1:DF_DCSS_ISTR_LAV_PEN_2_TV_3(1.0),A,082019,RESPOP_AV,M,Y_GE15,TOTAL,ALL,23,ALL,ALL,2019,541,,,,,,,,ALL_N1,,,,,,,
IT1:DF_DCSS_ISTR_LAV_PEN_2_TV_3(1.0),A,082019,RESPOP_AV,M,Y_GE15,TOTAL,ALL,23,ALL,ALL,2021,652.092967869813,,,,,,,,ALL_N1,,,,,,,
IT1:DF_DCSS_ISTR_LAV_PEN_2_TV_3(1.0),A,082019,RESPOP_AV,M,Y_GE15,TOTAL,ALL,23,ALL,ALL,2022,661.844118838867,,,,,,,,ALL_N1,,,,,,,
IT1:DF_DCSS_ISTR_LAV_PEN_2_TV_3(1.0),A,082019,RESPOP_AV,M,Y_GE15,TOTAL,ALL,23,ALL,ALL,2023,611.340564471466,,,,,,,,ALL_N1,,,,,,,
IT1:DF_DCSS_ISTR_LAV_PEN_2_TV_3(1.0),A,082019,RESPOP_AV,M,Y_GE15,TOTAL,ALL,23,ALL,ALL,2024,614.2896671016773,,,,,,,,ALL_N1,,,,,,,
IT1:DF_DCSS_ISTR_LAV_PEN_2_TV_3(1.0),A,082019,RESPOP_AV,M,Y_GE15,TOTAL,ALL,24,ALL,ALL,2018,262,,,,,,,,ALL_N1,,,,,,,
IT1:DF_DCSS_ISTR_LAV_PEN_2_TV_3(1.0),A,082019,RESPOP_AV,M,Y_GE15,TOTAL,ALL,24,ALL,ALL,2019,255,,,,,,,,ALL_N1,,,,,,,
IT1:DF_DCSS_ISTR_LAV_PEN_2_TV_3(1.0),A,082019,RESPOP_AV,M,Y_GE15,TOTAL,ALL,24,ALL,ALL,2021,285.702059436591,,,,,,,,ALL_N1,,,,,,,
IT1:DF_DCSS_ISTR_LAV_PEN_2_TV_3(1.0),A,082019,RESPOP_AV,M,Y_GE15,TOTAL,ALL,24,ALL,ALL,2022,294.977700985864,,,,,,,,ALL_N1,,,,,,,
IT1:DF_DCSS_ISTR_LAV_PEN_2_TV_3(1.0),A,082019,RESPOP_AV,M,Y_GE15,TOTAL,ALL,24,ALL,ALL,2023,286.07310569814376,,,,,,,,ALL_N1,,,,,,,
IT1:DF_DCSS_ISTR_LAV_PEN_2_TV_3(1.0),A,082019,RESPOP_AV,M,Y_GE15,TOTAL,ALL,24,ALL,ALL,2024,278.63092098802764,,,,,,,,ALL_N1,,,,,,,
IT1:DF_DCSS_ISTR_LAV_PEN_2_TV_3(1.0),A,082019,RESPOP_AV,M,Y_GE15,TOTAL,ALL,4,ALL,ALL,2018,16,,,,,,,,ALL_N1,,,,,,,
IT1:DF_DCSS_ISTR_LAV_PEN_2_TV_3(1.0),A,082019,RESPOP_AV,M,Y_GE15,TOTAL,ALL,4,ALL,ALL,2019,17,,,,,,,,ALL_N1,,,,,,,
IT1:DF_DCSS_ISTR_LAV_PEN_2_TV_3(1.0),A,082019,RESPOP_AV,M,Y_GE15,TOTAL,ALL,4,ALL,ALL,2021,30.2688093862426,,,,,,,,ALL_N1,,,,,,,
IT1:DF_DCSS_ISTR_LAV_PEN_2_TV_3(1.0),A,082019,RESPOP_AV,M,Y_GE15,TOTAL,ALL,4,ALL,ALL,2022,33.5644505555842,,,,,,,,ALL_N1,,,,,,,
IT1:DF_DCSS_ISTR_LAV_PEN_2_TV_3(1.0),A,082019,RESPOP_AV,M,Y_GE15,TOTAL,ALL,4,ALL,ALL,2023,29.90386648749025,,,,,,,,ALL_N1,,,,,,,
IT1:DF_DCSS_ISTR_LAV_PEN_2_TV_3(1.0),A,082019,RESPOP_AV,M,Y_GE15,TOTAL,ALL,4,ALL,ALL,2024,26.680353078492455,,,,,,,,ALL_N1,,,,,,,
IT1:DF_DCSS_ISTR_LAV_PEN_2_TV_3(1.0),A,082019,RESPOP_AV,M,Y_GE15,TOTAL,ALL,5,ALL,ALL,2018,118,,,,,,,,ALL_N1,,,,,,,
IT1:DF_DCSS_ISTR_LAV_PEN_2_TV_3(1.0),A,082019,RESPOP_AV,M,Y_GE15,TOTAL,ALL,5,ALL,ALL,2019,114,,,,,,,,ALL_N1,,,,,,,
IT1:DF_DCSS_ISTR_LAV_PEN_2_TV_3(1.0),A,082019,RESPOP_AV,M,Y_GE15,TOTAL,ALL,5,ALL,ALL,2021,114.985841420469,,,,,,,,ALL_N1,,,,,,,
IT1:DF_DCSS_ISTR_LAV_PEN_2_TV_3(1.0),A,082019,RESPOP_AV,M,Y_GE15,TOTAL,ALL,5,ALL,ALL,2022,120.944077839058,,,,,,,,ALL_N1,,,,,,,
IT1:DF_DCSS_ISTR_LAV_PEN_2_TV_3(1.0),A,082019,RESPOP_AV,M,Y_GE15,TOTAL,ALL,5,ALL,ALL,2023,116.51901670993179,,,,,,,,ALL_N1,,,,,,,
IT1:DF_DCSS_ISTR_LAV_PEN_2_TV_3(1.0),A,082019,RESPOP_AV,M,Y_GE15,TOTAL,ALL,5,ALL,ALL,2024,110.66323614618797,,,,,,,,ALL_N1,,,,,,,
IT1:DF_DCSS_ISTR_LAV_PEN_2_TV_3(1.0),A,082019,RESPOP_AV,M,Y_GE15,TOTAL,ALL,7,ALL,ALL,2018,171,,,,,,,,ALL_N1,,,,,,,
IT1:DF_DCSS_ISTR_LAV_PEN_2_TV_3(1.0),A,082019,RESPOP_AV,M,Y_GE15,TOTAL,ALL,7,ALL,ALL,2019,155,,,,,,,,ALL_N1,,,,,,,
IT1:DF_DCSS_ISTR_LAV_PEN_2_TV_3(1.0),A,082019,RESPOP_AV,M,Y_GE15,TOTAL,ALL,7,ALL,ALL,2021,221.136257626511,,,,,,,,ALL_N1,,,,,,,
IT1:DF_DCSS_ISTR_LAV_PEN_2_TV_3(1.0),A,082019,RESPOP_AV,M,Y_GE15,TOTAL,ALL,7,ALL,ALL,2022,212.357889458361,,,,,,,,ALL_N1,,,,,,,
IT1:DF_DCSS_ISTR_LAV_PEN_2_TV_3(1.0),A,082019,RESPOP_AV,M,Y_GE15,TOTAL,ALL,7,ALL,ALL,2023,178.84457557590025,,,,,,,,ALL_N1,,,,,,,
IT1:DF_DCSS_ISTR_LAV_PEN_2_TV_3(1.0),A,082019,RESPOP_AV,M,Y_GE15,TOTAL,ALL,7,ALL,ALL,2024,198.31515688896926,,,,,,,,ALL_N1,,,,,,,
IT1:DF_DCSS_ISTR_LAV_PEN_2_TV_3(1.0),A,082019,RESPOP_AV,M,Y_GE15,TOTAL,ALL,99,ALL,ALL,2018,1321,,,,,,,,ALL_N1,99_N1,,,,,,
IT1:DF_DCSS_ISTR_LAV_PEN_2_TV_3(1.0),A,082019,RESPOP_AV,M,Y_GE15,TOTAL,ALL,99,ALL,ALL,2019,1300,,,,,,,,ALL_N1,99_N1,,,,,,
IT1:DF_DCSS_ISTR_LAV_PEN_2_TV_3(1.0),A,082019,RESPOP_AV,M,Y_GE15,TOTAL,ALL,99,ALL,ALL,2021,1269,,,,,,,,ALL_N1,99_N1,,,,,,
IT1:DF_DCSS_ISTR_LAV_PEN_2_TV_3(1.0),A,082019,RESPOP_AV,M,Y_GE15,TOTAL,ALL,99,ALL,ALL,2022,1263,,,,,,,,ALL_N1,99_N1,,,,,,
IT1:DF_DCSS_ISTR_LAV_PEN_2_TV_3(1.0),A,082019,RESPOP_AV,M,Y_GE15,TOTAL,ALL,99,ALL,ALL,2023,1249,,,,,,,,ALL_N1,99_N1,,,,,,
IT1:DF_DCSS_ISTR_LAV_PEN_2_TV_3(1.0),A,082019,RESPOP_AV,M,Y_GE15,TOTAL,ALL,99,ALL,ALL,2024,1229,,,,,,,,ALL_N1,99_N1,,,,,,
IT1:DF_DCSS_ISTR_LAV_PEN_2_TV_3(1.0),A,082019,RESPOP_AV,T,Y_GE15,TOTAL,ALL,1,ALL,ALL,2018,909,,,,,,,,ALL_N1,,,,,,,
IT1:DF_DCSS_ISTR_LAV_PEN_2_TV_3(1.0),A,082019,RESPOP_AV,T,Y_GE15,TOTAL,ALL,1,ALL,ALL,2019,927,,,,,,,,ALL_N1,,,,,,,
IT1:DF_DCSS_ISTR_LAV_PEN_2_TV_3(1.0),A,082019,RESPOP_AV,T,Y_GE15,TOTAL,ALL,1,ALL,ALL,2021,856,,,,,,,,ALL_N1,,,,,,,
IT1:DF_DCSS_ISTR_LAV_PEN_2_TV_3(1.0),A,082019,RESPOP_AV,T,Y_GE15,TOTAL,ALL,1,ALL,ALL,2022,863,,,,,,,,ALL_N1,,,,,,,
IT1:DF_DCSS_ISTR_LAV_PEN_2_TV_3(1.0),A,082019,RESPOP_AV,T,Y_GE15,TOTAL,ALL,1,ALL,ALL,2023,937,,,,,,,,ALL_N1,,,,,,,
IT1:DF_DCSS_ISTR_LAV_PEN_2_TV_3(1.0),A,082019,RESPOP_AV,T,Y_GE15,TOTAL,ALL,1,ALL,ALL,2024,914,,,,,,,,ALL_N1,,,,,,,
IT1:DF_DCSS_ISTR_LAV_PEN_2_TV_3(1.0),A,082019,RESPOP_AV,T,Y_GE15,TOTAL,ALL,12,ALL,ALL,2018,333,,,,,,,,ALL_N1,,,,,,,
IT1:DF_DCSS_ISTR_LAV_PEN_2_TV_3(1.0),A,082019,RESPOP_AV,T,Y_GE15,TOTAL,ALL,12,ALL,ALL,2019,328,,,,,,,,ALL_N1,,,,,,,
IT1:DF_DCSS_ISTR_LAV_PEN_2_TV_3(1.0),A,082019,RESPOP_AV,T,Y_GE15,TOTAL,ALL,12,ALL,ALL,2021,163.497447043567,,,,,,,,ALL_N1,,,,,,,
IT1:DF_DCSS_ISTR_LAV_PEN_2_TV_3(1.0),A,082019,RESPOP_AV,T,Y_GE15,TOTAL,ALL,12,ALL,ALL,2022,137.106211986939,,,,,,,,ALL_N1,,,,,,,
IT1:DF_DCSS_ISTR_LAV_PEN_2_TV_3(1.0),A,082019,RESPOP_AV,T,Y_GE15,TOTAL,ALL,12,ALL,ALL,2023,123.5018440049305,,,,,,,,ALL_N1,,,,,,,
IT1:DF_DCSS_ISTR_LAV_PEN_2_TV_3(1.0),A,082019,RESPOP_AV,T,Y_GE15,TOTAL,ALL,12,ALL,ALL,2024,113.36427300005441,,,,,,,,ALL_N1,,,,,,,
IT1:DF_DCSS_ISTR_LAV_PEN_2_TV_3(1.0),A,082019,RESPOP_AV,T,Y_GE15,TOTAL,ALL,22,ALL,ALL,2018,1242,,,,,,,,ALL_N1,,,,,,,
IT1:DF_DCSS_ISTR_LAV_PEN_2_TV_3(1.0),A,082019,RESPOP_AV,T,Y_GE15,TOTAL,ALL,22,ALL,ALL,2019,1255,,,,,,,,ALL_N1,,,,,,,
IT1:DF_DCSS_ISTR_LAV_PEN_2_TV_3(1.0),A,082019,RESPOP_AV,T,Y_GE15,TOTAL,ALL,22,ALL,ALL,2021,1019.49744704357,,,,,,,,ALL_N1,,,,,,,
IT1:DF_DCSS_ISTR_LAV_PEN_2_TV_3(1.0),A,082019,RESPOP_AV,T,Y_GE15,TOTAL,ALL,22,ALL,ALL,2022,1000.10621198694,,,,,,,,ALL_N1,,,,,,,
IT1:DF_DCSS_ISTR_LAV_PEN_2_TV_3(1.0),A,082019,RESPOP_AV,T,Y_GE15,TOTAL,ALL,22,ALL,ALL,2023,1060.5018440049305,,,,,,,,ALL_N1,,,,,,,
IT1:DF_DCSS_ISTR_LAV_PEN_2_TV_3(1.0),A,082019,RESPOP_AV,T,Y_GE15,TOTAL,ALL,22,ALL,ALL,2024,1027.3642730000545,,,,,,,,ALL_N1,,,,,,,
IT1:DF_DCSS_ISTR_LAV_PEN_2_TV_3(1.0),A,082019,RESPOP_AV,T,Y_GE15,TOTAL,ALL,23,ALL,ALL,2018,1453,,,,,,,,ALL_N1,,,,,,,
IT1:DF_DCSS_ISTR_LAV_PEN_2_TV_3(1.0),A,082019,RESPOP_AV,T,Y_GE15,TOTAL,ALL,23,ALL,ALL,2019,1390,,,,,,,,ALL_N1,,,,,,,
IT1:DF_DCSS_ISTR_LAV_PEN_2_TV_3(1.0),A,082019,RESPOP_AV,T,Y_GE15,TOTAL,ALL,23,ALL,ALL,2021,1567.50255295643,,,,,,,,ALL_N1,,,,,,,
IT1:DF_DCSS_ISTR_LAV_PEN_2_TV_3(1.0),A,082019,RESPOP_AV,T,Y_GE15,TOTAL,ALL,23,ALL,ALL,2022,1582.89378801306,,,,,,,,ALL_N1,,,,,,,
IT1:DF_DCSS_ISTR_LAV_PEN_2_TV_3(1.0),A,082019,RESPOP_AV,T,Y_GE15,TOTAL,ALL,23,ALL,ALL,2023,1472.4981559950695,,,,,,,,ALL_N1,,,,,,,
IT1:DF_DCSS_ISTR_LAV_PEN_2_TV_3(1.0),A,082019,RESPOP_AV,T,Y_GE15,TOTAL,ALL,23,ALL,ALL,2024,1472.6357269999457,,,,,,,,ALL_N1,,,,,,,
IT1:DF_DCSS_ISTR_LAV_PEN_2_TV_3(1.0),A,082019,RESPOP_AV,T,Y_GE15,TOTAL,ALL,24,ALL,ALL,2018,517,,,,,,,,ALL_N1,,,,,,,
IT1:DF_DCSS_ISTR_LAV_PEN_2_TV_3(1.0),A,082019,RESPOP_AV,T,Y_GE15,TOTAL,ALL,24,ALL,ALL,2019,495,,,,,,,,ALL_N1,,,,,,,
IT1:DF_DCSS_ISTR_LAV_PEN_2_TV_3(1.0),A,082019,RESPOP_AV,T,Y_GE15,TOTAL,ALL,24,ALL,ALL,2021,541.000539596283,,,,,,,,ALL_N1,,,,,,,
IT1:DF_DCSS_ISTR_LAV_PEN_2_TV_3(1.0),A,082019,RESPOP_AV,T,Y_GE15,TOTAL,ALL,24,ALL,ALL,2022,556.004885883181,,,,,,,,ALL_N1,,,,,,,
IT1:DF_DCSS_ISTR_LAV_PEN_2_TV_3(1.0),A,082019,RESPOP_AV,T,Y_GE15,TOTAL,ALL,24,ALL,ALL,2023,528.7187470933561,,,,,,,,ALL_N1,,,,,,,
IT1:DF_DCSS_ISTR_LAV_PEN_2_TV_3(1.0),A,082019,RESPOP_AV,T,Y_GE15,TOTAL,ALL,24,ALL,ALL,2024,510.0085078741435,,,,,,,,ALL_N1,,,,,,,
IT1:DF_DCSS_ISTR_LAV_PEN_2_TV_3(1.0),A,082019,RESPOP_AV,T,Y_GE15,TOTAL,ALL,4,ALL,ALL,2018,386,,,,,,,,ALL_N1,,,,,,,
IT1:DF_DCSS_ISTR_LAV_PEN_2_TV_3(1.0),A,082019,RESPOP_AV,T,Y_GE15,TOTAL,ALL,4,ALL,ALL,2019,376,,,,,,,,ALL_N1,,,,,,,
IT1:DF_DCSS_ISTR_LAV_PEN_2_TV_3(1.0),A,082019,RESPOP_AV,T,Y_GE15,TOTAL,ALL,4,ALL,ALL,2021,408.480797552262,,,,,,,,ALL_N1,,,,,,,
IT1:DF_DCSS_ISTR_LAV_PEN_2_TV_3(1.0),A,082019,RESPOP_AV,T,Y_GE15,TOTAL,ALL,4,ALL,ALL,2022,425.426819446721,,,,,,,,ALL_N1,,,,,,,
IT1:DF_DCSS_ISTR_LAV_PEN_2_TV_3(1.0),A,082019,RESPOP_AV,T,Y_GE15,TOTAL,ALL,4,ALL,ALL,2023,380.8836683330864,,,,,,,,ALL_N1,,,,,,,
IT1:DF_DCSS_ISTR_LAV_PEN_2_TV_3(1.0),A,082019,RESPOP_AV,T,Y_GE15,TOTAL,ALL,4,ALL,ALL,2024,382.0364855957034,,,,,,,,ALL_N1,,,,,,,
IT1:DF_DCSS_ISTR_LAV_PEN_2_TV_3(1.0),A,082019,RESPOP_AV,T,Y_GE15,TOTAL,ALL,5,ALL,ALL,2018,261,,,,,,,,ALL_N1,,,,,,,
IT1:DF_DCSS_ISTR_LAV_PEN_2_TV_3(1.0),A,082019,RESPOP_AV,T,Y_GE15,TOTAL,ALL,5,ALL,ALL,2019,263,,,,,,,,ALL_N1,,,,,,,
IT1:DF_DCSS_ISTR_LAV_PEN_2_TV_3(1.0),A,082019,RESPOP_AV,T,Y_GE15,TOTAL,ALL,5,ALL,ALL,2021,262.059112661858,,,,,,,,ALL_N1,,,,,,,
IT1:DF_DCSS_ISTR_LAV_PEN_2_TV_3(1.0),A,082019,RESPOP_AV,T,Y_GE15,TOTAL,ALL,5,ALL,ALL,2022,266.151633148595,,,,,,,,ALL_N1,,,,,,,
IT1:DF_DCSS_ISTR_LAV_PEN_2_TV_3(1.0),A,082019,RESPOP_AV,T,Y_GE15,TOTAL,ALL,5,ALL,ALL,2023,268.46107783517033,,,,,,,,ALL_N1,,,,,,,
IT1:DF_DCSS_ISTR_LAV_PEN_2_TV_3(1.0),A,082019,RESPOP_AV,T,Y_GE15,TOTAL,ALL,5,ALL,ALL,2024,253.68839693727068,,,,,,,,ALL_N1,,,,,,,
IT1:DF_DCSS_ISTR_LAV_PEN_2_TV_3(1.0),A,082019,RESPOP_AV,T,Y_GE15,TOTAL,ALL,7,ALL,ALL,2018,289,,,,,,,,ALL_N1,,,,,,,
IT1:DF_DCSS_ISTR_LAV_PEN_2_TV_3(1.0),A,082019,RESPOP_AV,T,Y_GE15,TOTAL,ALL,7,ALL,ALL,2019,257,,,,,,,,ALL_N1,,,,,,,
IT1:DF_DCSS_ISTR_LAV_PEN_2_TV_3(1.0),A,082019,RESPOP_AV,T,Y_GE15,TOTAL,ALL,7,ALL,ALL,2021,355.96210314603,,,,,,,,ALL_N1,,,,,,,
IT1:DF_DCSS_ISTR_LAV_PEN_2_TV_3(1.0),A,082019,RESPOP_AV,T,Y_GE15,TOTAL,ALL,7,ALL,ALL,2022,335.310449534564,,,,,,,,ALL_N1,,,,,,,
IT1:DF_DCSS_ISTR_LAV_PEN_2_TV_3(1.0),A,082019,RESPOP_AV,T,Y_GE15,TOTAL,ALL,7,ALL,ALL,2023,294.4346627334566,,,,,,,,ALL_N1,,,,,,,
IT1:DF_DCSS_ISTR_LAV_PEN_2_TV_3(1.0),A,082019,RESPOP_AV,T,Y_GE15,TOTAL,ALL,7,ALL,ALL,2024,326.90233659282814,,,,,,,,ALL_N1,,,,,,,
IT1:DF_DCSS_ISTR_LAV_PEN_2_TV_3(1.0),A,082019,RESPOP_AV,T,Y_GE15,TOTAL,ALL,99,ALL,ALL,2018,2695,,,,,,,,ALL_N1,99_N1,,,,,,
IT1:DF_DCSS_ISTR_LAV_PEN_2_TV_3(1.0),A,082019,RESPOP_AV,T,Y_GE15,TOTAL,ALL,99,ALL,ALL,2019,2645,,,,,,,,ALL_N1,99_N1,,,,,,
IT1:DF_DCSS_ISTR_LAV_PEN_2_TV_3(1.0),A,082019,RESPOP_AV,T,Y_GE15,TOTAL,ALL,99,ALL,ALL,2021,2587,,,,,,,,ALL_N1,99_N1,,,,,,
IT1:DF_DCSS_ISTR_LAV_PEN_2_TV_3(1.0),A,082019,RESPOP_AV,T,Y_GE15,TOTAL,ALL,99,ALL,ALL,2022,2583,,,,,,,,ALL_N1,99_N1,,,,,,
IT1:DF_DCSS_ISTR_LAV_PEN_2_TV_3(1.0),A,082019,RESPOP_AV,T,Y_GE15,TOTAL,ALL,99,ALL,ALL,2023,2533,,,,,,,,ALL_N1,99_N1,,,,,,
IT1:DF_DCSS_ISTR_LAV_PEN_2_TV_3(1.0),A,082019,RESPOP_AV,T,Y_GE15,TOTAL,ALL,99,ALL,ALL,2024,2500,,,,,,,,ALL_N1,99_N1,,,,,,
IT1:DF_DCSS_ISTR_LAV_PEN_2_TV_3(1.0),A,082020,RESPOP_AV,F,Y_GE15,TOTAL,ALL,1,ALL,ALL,2018,1134,,,,,,,,ALL_N1,,,,,,,
IT1:DF_DCSS_ISTR_LAV_PEN_2_TV_3(1.0),A,082020,RESPOP_AV,F,Y_GE15,TOTAL,ALL,1,ALL,ALL,2019,1168,,,,,,,,ALL_N1,,,,,,,
IT1:DF_DCSS_ISTR_LAV_PEN_2_TV_3(1.0),A,082020,RESPOP_AV,F,Y_GE15,TOTAL,ALL,1,ALL,ALL,2021,1232,,,,,,,,ALL_N1,,,,,,,
IT1:DF_DCSS_ISTR_LAV_PEN_2_TV_3(1.0),A,082020,RESPOP_AV,F,Y_GE15,TOTAL,ALL,1,ALL,ALL,2022,1222,,,,,,,,ALL_N1,,,,,,,
IT1:DF_DCSS_ISTR_LAV_PEN_2_TV_3(1.0),A,082020,RESPOP_AV,F,Y_GE15,TOTAL,ALL,1,ALL,ALL,2023,1317,,,,,,,,ALL_N1,,,,,,,
IT1:DF_DCSS_ISTR_LAV_PEN_2_TV_3(1.0),A,082020,RESPOP_AV,F,Y_GE15,TOTAL,ALL,1,ALL,ALL,2024,1394,,,,,,,,ALL_N1,,,,,,,
IT1:DF_DCSS_ISTR_LAV_PEN_2_TV_3(1.0),A,082020,RESPOP_AV,F,Y_GE15,TOTAL,ALL,12,ALL,ALL,2018,645,,,,,,,,ALL_N1,,,,,,,
IT1:DF_DCSS_ISTR_LAV_PEN_2_TV_3(1.0),A,082020,RESPOP_AV,F,Y_GE15,TOTAL,ALL,12,ALL,ALL,2019,622,,,,,,,,ALL_N1,,,,,,,
IT1:DF_DCSS_ISTR_LAV_PEN_2_TV_3(1.0),A,082020,RESPOP_AV,F,Y_GE15,TOTAL,ALL,12,ALL,ALL,2021,298.662829061424,,,,,,,,ALL_N1,,,,,,,
IT1:DF_DCSS_ISTR_LAV_PEN_2_TV_3(1.0),A,082020,RESPOP_AV,F,Y_GE15,TOTAL,ALL,12,ALL,ALL,2022,319.926925552233,,,,,,,,ALL_N1,,,,,,,
IT1:DF_DCSS_ISTR_LAV_PEN_2_TV_3(1.0),A,082020,RESPOP_AV,F,Y_GE15,TOTAL,ALL,12,ALL,ALL,2023,253.2942481363118,,,,,,,,ALL_N1,,,,,,,
IT1:DF_DCSS_ISTR_LAV_PEN_2_TV_3(1.0),A,082020,RESPOP_AV,F,Y_GE15,TOTAL,ALL,12,ALL,ALL,2024,215.1032138689548,,,,,,,,ALL_N1,,,,,,,
IT1:DF_DCSS_ISTR_LAV_PEN_2_TV_3(1.0),A,082020,RESPOP_AV,F,Y_GE15,TOTAL,ALL,22,ALL,ALL,2018,1779,,,,,,,,ALL_N1,,,,,,,
IT1:DF_DCSS_ISTR_LAV_PEN_2_TV_3(1.0),A,082020,RESPOP_AV,F,Y_GE15,TOTAL,ALL,22,ALL,ALL,2019,1790,,,,,,,,ALL_N1,,,,,,,
IT1:DF_DCSS_ISTR_LAV_PEN_2_TV_3(1.0),A,082020,RESPOP_AV,F,Y_GE15,TOTAL,ALL,22,ALL,ALL,2021,1530.66282906142,,,,,,,,ALL_N1,,,,,,,
IT1:DF_DCSS_ISTR_LAV_PEN_2_TV_3(1.0),A,082020,RESPOP_AV,F,Y_GE15,TOTAL,ALL,22,ALL,ALL,2022,1541.92692555223,,,,,,,,ALL_N1,,,,,,,
IT1:DF_DCSS_ISTR_LAV_PEN_2_TV_3(1.0),A,082020,RESPOP_AV,F,Y_GE15,TOTAL,ALL,22,ALL,ALL,2023,1570.2942481363118,,,,,,,,ALL_N1,,,,,,,
IT1:DF_DCSS_ISTR_LAV_PEN_2_TV_3(1.0),A,082020,RESPOP_AV,F,Y_GE15,TOTAL,ALL,22,ALL,ALL,2024,1609.1032138689548,,,,,,,,ALL_N1,,,,,,,
IT1:DF_DCSS_ISTR_LAV_PEN_2_TV_3(1.0),A,082020,RESPOP_AV,F,Y_GE15,TOTAL,ALL,23,ALL,ALL,2018,3190,,,,,,,,ALL_N1,,,,,,,
IT1:DF_DCSS_ISTR_LAV_PEN_2_TV_3(1.0),A,082020,RESPOP_AV,F,Y_GE15,TOTAL,ALL,23,ALL,ALL,2019,3210,,,,,,,,ALL_N1,,,,,,,
IT1:DF_DCSS_ISTR_LAV_PEN_2_TV_3(1.0),A,082020,RESPOP_AV,F,Y_GE15,TOTAL,ALL,23,ALL,ALL,2021,3331.33717093858,,,,,,,,ALL_N1,,,,,,,
IT1:DF_DCSS_ISTR_LAV_PEN_2_TV_3(1.0),A,082020,RESPOP_AV,F,Y_GE15,TOTAL,ALL,23,ALL,ALL,2022,3352.07307444777,,,,,,,,ALL_N1,,,,,,,
IT1:DF_DCSS_ISTR_LAV_PEN_2_TV_3(1.0),A,082020,RESPOP_AV,F,Y_GE15,TOTAL,ALL,23,ALL,ALL,2023,3339.7057518636884,,,,,,,,ALL_N1,,,,,,,
IT1:DF_DCSS_ISTR_LAV_PEN_2_TV_3(1.0),A,082020,RESPOP_AV,F,Y_GE15,TOTAL,ALL,23,ALL,ALL,2024,3341.8967861310452,,,,,,,,ALL_N1,,,,,,,
IT1:DF_DCSS_ISTR_LAV_PEN_2_TV_3(1.0),A,082020,RESPOP_AV,F,Y_GE15,TOTAL,ALL,24,ALL,ALL,2018,534,,,,,,,,ALL_N1,,,,,,,
IT1:DF_DCSS_ISTR_LAV_PEN_2_TV_3(1.0),A,082020,RESPOP_AV,F,Y_GE15,TOTAL,ALL,24,ALL,ALL,2019,573,,,,,,,,ALL_N1,,,,,,,
IT1:DF_DCSS_ISTR_LAV_PEN_2_TV_3(1.0),A,082020,RESPOP_AV,F,Y_GE15,TOTAL,ALL,24,ALL,ALL,2021,654.902594737475,,,,,,,,ALL_N1,,,,,,,
IT1:DF_DCSS_ISTR_LAV_PEN_2_TV_3(1.0),A,082020,RESPOP_AV,F,Y_GE15,TOTAL,ALL,24,ALL,ALL,2022,585.717442513479,,,,,,,,ALL_N1,,,,,,,
IT1:DF_DCSS_ISTR_LAV_PEN_2_TV_3(1.0),A,082020,RESPOP_AV,F,Y_GE15,TOTAL,ALL,24,ALL,ALL,2023,620.8845983576551,,,,,,,,ALL_N1,,,,,,,
IT1:DF_DCSS_ISTR_LAV_PEN_2_TV_3(1.0),A,082020,RESPOP_AV,F,Y_GE15,TOTAL,ALL,24,ALL,ALL,2024,668.0649223002696,,,,,,,,ALL_N1,,,,,,,
IT1:DF_DCSS_ISTR_LAV_PEN_2_TV_3(1.0),A,082020,RESPOP_AV,F,Y_GE15,TOTAL,ALL,4,ALL,ALL,2018,1791,,,,,,,,ALL_N1,,,,,,,
IT1:DF_DCSS_ISTR_LAV_PEN_2_TV_3(1.0),A,082020,RESPOP_AV,F,Y_GE15,TOTAL,ALL,4,ALL,ALL,2019,1865,,,,,,,,ALL_N1,,,,,,,
IT1:DF_DCSS_ISTR_LAV_PEN_2_TV_3(1.0),A,082020,RESPOP_AV,F,Y_GE15,TOTAL,ALL,4,ALL,ALL,2021,1836.96790784282,,,,,,,,ALL_N1,,,,,,,
IT1:DF_DCSS_ISTR_LAV_PEN_2_TV_3(1.0),A,082020,RESPOP_AV,F,Y_GE15,TOTAL,ALL,4,ALL,ALL,2022,1828.56142251522,,,,,,,,ALL_N1,,,,,,,
IT1:DF_DCSS_ISTR_LAV_PEN_2_TV_3(1.0),A,082020,RESPOP_AV,F,Y_GE15,TOTAL,ALL,4,ALL,ALL,2023,1863.0812632966931,,,,,,,,ALL_N1,,,,,,,
IT1:DF_DCSS_ISTR_LAV_PEN_2_TV_3(1.0),A,082020,RESPOP_AV,F,Y_GE15,TOTAL,ALL,4,ALL,ALL,2024,1830.6011931643836,,,,,,,,ALL_N1,,,,,,,
IT1:DF_DCSS_ISTR_LAV_PEN_2_TV_3(1.0),A,082020,RESPOP_AV,F,Y_GE15,TOTAL,ALL,5,ALL,ALL,2018,388,,,,,,,,ALL_N1,,,,,,,
IT1:DF_DCSS_ISTR_LAV_PEN_2_TV_3(1.0),A,082020,RESPOP_AV,F,Y_GE15,TOTAL,ALL,5,ALL,ALL,2019,395,,,,,,,,ALL_N1,,,,,,,
IT1:DF_DCSS_ISTR_LAV_PEN_2_TV_3(1.0),A,082020,RESPOP_AV,F,Y_GE15,TOTAL,ALL,5,ALL,ALL,2021,426.156893184424,,,,,,,,ALL_N1,,,,,,,
IT1:DF_DCSS_ISTR_LAV_PEN_2_TV_3(1.0),A,082020,RESPOP_AV,F,Y_GE15,TOTAL,ALL,5,ALL,ALL,2022,448.770847894294,,,,,,,,ALL_N1,,,,,,,
IT1:DF_DCSS_ISTR_LAV_PEN_2_TV_3(1.0),A,082020,RESPOP_AV,F,Y_GE15,TOTAL,ALL,5,ALL,ALL,2023,431.57986978722823,,,,,,,,ALL_N1,,,,,,,
IT1:DF_DCSS_ISTR_LAV_PEN_2_TV_3(1.0),A,082020,RESPOP_AV,F,Y_GE15,TOTAL,ALL,5,ALL,ALL,2024,438.57120465871805,,,,,,,,ALL_N1,,,,,,,
IT1:DF_DCSS_ISTR_LAV_PEN_2_TV_3(1.0),A,082020,RESPOP_AV,F,Y_GE15,TOTAL,ALL,7,ALL,ALL,2018,477,,,,,,,,ALL_N1,,,,,,,
IT1:DF_DCSS_ISTR_LAV_PEN_2_TV_3(1.0),A,082020,RESPOP_AV,F,Y_GE15,TOTAL,ALL,7,ALL,ALL,2019,377,,,,,,,,ALL_N1,,,,,,,
IT1:DF_DCSS_ISTR_LAV_PEN_2_TV_3(1.0),A,082020,RESPOP_AV,F,Y_GE15,TOTAL,ALL,7,ALL,ALL,2021,413.309775173856,,,,,,,,ALL_N1,,,,,,,
IT1:DF_DCSS_ISTR_LAV_PEN_2_TV_3(1.0),A,082020,RESPOP_AV,F,Y_GE15,TOTAL,ALL,7,ALL,ALL,2022,489.023361524775,,,,,,,,ALL_N1,,,,,,,
IT1:DF_DCSS_ISTR_LAV_PEN_2_TV_3(1.0),A,082020,RESPOP_AV,F,Y_GE15,TOTAL,ALL,7,ALL,ALL,2023,424.1600204221118,,,,,,,,ALL_N1,,,,,,,
IT1:DF_DCSS_ISTR_LAV_PEN_2_TV_3(1.0),A,082020,RESPOP_AV,F,Y_GE15,TOTAL,ALL,7,ALL,ALL,2024,404.65946600767415,,,,,,,,ALL_N1,,,,,,,
IT1:DF_DCSS_ISTR_LAV_PEN_2_TV_3(1.0),A,082020,RESPOP_AV,F,Y_GE15,TOTAL,ALL,99,ALL,ALL,2018,4969,,,,,,,,ALL_N1,99_N1,,,,,,
IT1:DF_DCSS_ISTR_LAV_PEN_2_TV_3(1.0),A,082020,RESPOP_AV,F,Y_GE15,TOTAL,ALL,99,ALL,ALL,2019,5000,,,,,,,,ALL_N1,99_N1,,,,,,
IT1:DF_DCSS_ISTR_LAV_PEN_2_TV_3(1.0),A,082020,RESPOP_AV,F,Y_GE15,TOTAL,ALL,99,ALL,ALL,2021,4862,,,,,,,,ALL_N1,99_N1,,,,,,
IT1:DF_DCSS_ISTR_LAV_PEN_2_TV_3(1.0),A,082020,RESPOP_AV,F,Y_GE15,TOTAL,ALL,99,ALL,ALL,2022,4894,,,,,,,,ALL_N1,99_N1,,,,,,
IT1:DF_DCSS_ISTR_LAV_PEN_2_TV_3(1.0),A,082020,RESPOP_AV,F,Y_GE15,TOTAL,ALL,99,ALL,ALL,2023,4910,,,,,,,,ALL_N1,99_N1,,,,,,
IT1:DF_DCSS_ISTR_LAV_PEN_2_TV_3(1.0),A,082020,RESPOP_AV,F,Y_GE15,TOTAL,ALL,99,ALL,ALL,2024,4951,,,,,,,,ALL_N1,99_N1,,,,,,
IT1:DF_DCSS_ISTR_LAV_PEN_2_TV_3(1.0),A,082020,RESPOP_AV,M,Y_GE15,TOTAL,ALL,1,ALL,ALL,2018,2059,,,,,,,,ALL_N1,,,,,,,
IT1:DF_DCSS_ISTR_LAV_PEN_2_TV_3(1.0),A,082020,RESPOP_AV,M,Y_GE15,TOTAL,ALL,1,ALL,ALL,2019,2096,,,,,,,,ALL_N1,,,,,,,
IT1:DF_DCSS_ISTR_LAV_PEN_2_TV_3(1.0),A,082020,RESPOP_AV,M,Y_GE15,TOTAL,ALL,1,ALL,ALL,2021,2198,,,,,,,,ALL_N1,,,,,,,
IT1:DF_DCSS_ISTR_LAV_PEN_2_TV_3(1.0),A,082020,RESPOP_AV,M,Y_GE15,TOTAL,ALL,1,ALL,ALL,2022,2181,,,,,,,,ALL_N1,,,,,,,
IT1:DF_DCSS_ISTR_LAV_PEN_2_TV_3(1.0),A,082020,RESPOP_AV,M,Y_GE15,TOTAL,ALL,1,ALL,ALL,2023,2248,,,,,,,,ALL_N1,,,,,,,
IT1:DF_DCSS_ISTR_LAV_PEN_2_TV_3(1.0),A,082020,RESPOP_AV,M,Y_GE15,TOTAL,ALL,1,ALL,ALL,2024,2339,,,,,,,,ALL_N1,,,,,,,
IT1:DF_DCSS_ISTR_LAV_PEN_2_TV_3(1.0),A,082020,RESPOP_AV,M,Y_GE15,TOTAL,ALL,12,ALL,ALL,2018,726,,,,,,,,ALL_N1,,,,,,,
IT1:DF_DCSS_ISTR_LAV_PEN_2_TV_3(1.0),A,082020,RESPOP_AV,M,Y_GE15,TOTAL,ALL,12,ALL,ALL,2019,716,,,,,,,,ALL_N1,,,,,,,
IT1:DF_DCSS_ISTR_LAV_PEN_2_TV_3(1.0),A,082020,RESPOP_AV,M,Y_GE15,TOTAL,ALL,12,ALL,ALL,2021,382.413217327969,,,,,,,,ALL_N1,,,,,,,
IT1:DF_DCSS_ISTR_LAV_PEN_2_TV_3(1.0),A,082020,RESPOP_AV,M,Y_GE15,TOTAL,ALL,12,ALL,ALL,2022,378.049742443339,,,,,,,,ALL_N1,,,,,,,
IT1:DF_DCSS_ISTR_LAV_PEN_2_TV_3(1.0),A,082020,RESPOP_AV,M,Y_GE15,TOTAL,ALL,12,ALL,ALL,2023,301.7906537053302,,,,,,,,ALL_N1,,,,,,,
IT1:DF_DCSS_ISTR_LAV_PEN_2_TV_3(1.0),A,082020,RESPOP_AV,M,Y_GE15,TOTAL,ALL,12,ALL,ALL,2024,262.0918855663593,,,,,,,,ALL_N1,,,,,,,
IT1:DF_DCSS_ISTR_LAV_PEN_2_TV_3(1.0),A,082020,RESPOP_AV,M,Y_GE15,TOTAL,ALL,22,ALL,ALL,2018,2785,,,,,,,,ALL_N1,,,,,,,
IT1:DF_DCSS_ISTR_LAV_PEN_2_TV_3(1.0),A,082020,RESPOP_AV,M,Y_GE15,TOTAL,ALL,22,ALL,ALL,2019,2812,,,,,,,,ALL_N1,,,,,,,
IT1:DF_DCSS_ISTR_LAV_PEN_2_TV_3(1.0),A,082020,RESPOP_AV,M,Y_GE15,TOTAL,ALL,22,ALL,ALL,2021,2580.41321732797,,,,,,,,ALL_N1,,,,,,,
IT1:DF_DCSS_ISTR_LAV_PEN_2_TV_3(1.0),A,082020,RESPOP_AV,M,Y_GE15,TOTAL,ALL,22,ALL,ALL,2022,2559.04974244334,,,,,,,,ALL_N1,,,,,,,
IT1:DF_DCSS_ISTR_LAV_PEN_2_TV_3(1.0),A,082020,RESPOP_AV,M,Y_GE15,TOTAL,ALL,22,ALL,ALL,2023,2549.7906537053304,,,,,,,,ALL_N1,,,,,,,
IT1:DF_DCSS_ISTR_LAV_PEN_2_TV_3(1.0),A,082020,RESPOP_AV,M,Y_GE15,TOTAL,ALL,22,ALL,ALL,2024,2601.0918855663595,,,,,,,,ALL_N1,,,,,,,
IT1:DF_DCSS_ISTR_LAV_PEN_2_TV_3(1.0),A,082020,RESPOP_AV,M,Y_GE15,TOTAL,ALL,23,ALL,ALL,2018,1916,,,,,,,,ALL_N1,,,,,,,
IT1:DF_DCSS_ISTR_LAV_PEN_2_TV_3(1.0),A,082020,RESPOP_AV,M,Y_GE15,TOTAL,ALL,23,ALL,ALL,2019,1911,,,,,,,,ALL_N1,,,,,,,
IT1:DF_DCSS_ISTR_LAV_PEN_2_TV_3(1.0),A,082020,RESPOP_AV,M,Y_GE15,TOTAL,ALL,23,ALL,ALL,2021,2085.58678267203,,,,,,,,ALL_N1,,,,,,,
IT1:DF_DCSS_ISTR_LAV_PEN_2_TV_3(1.0),A,082020,RESPOP_AV,M,Y_GE15,TOTAL,ALL,23,ALL,ALL,2022,2134.95025755666,,,,,,,,ALL_N1,,,,,,,
IT1:DF_DCSS_ISTR_LAV_PEN_2_TV_3(1.0),A,082020,RESPOP_AV,M,Y_GE15,TOTAL,ALL,23,ALL,ALL,2023,2151.2093462946696,,,,,,,,ALL_N1,,,,,,,
IT1:DF_DCSS_ISTR_LAV_PEN_2_TV_3(1.0),A,082020,RESPOP_AV,M,Y_GE15,TOTAL,ALL,23,ALL,ALL,2024,2110.9081144336405,,,,,,,,ALL_N1,,,,,,,
IT1:DF_DCSS_ISTR_LAV_PEN_2_TV_3(1.0),A,082020,RESPOP_AV,M,Y_GE15,TOTAL,ALL,24,ALL,ALL,2018,829,,,,,,,,ALL_N1,,,,,,,
IT1:DF_DCSS_ISTR_LAV_PEN_2_TV_3(1.0),A,082020,RESPOP_AV,M,Y_GE15,TOTAL,ALL,24,ALL,ALL,2019,904,,,,,,,,ALL_N1,,,,,,,
IT1:DF_DCSS_ISTR_LAV_PEN_2_TV_3(1.0),A,082020,RESPOP_AV,M,Y_GE15,TOTAL,ALL,24,ALL,ALL,2021,934.77713987507,,,,,,,,ALL_N1,,,,,,,
IT1:DF_DCSS_ISTR_LAV_PEN_2_TV_3(1.0),A,082020,RESPOP_AV,M,Y_GE15,TOTAL,ALL,24,ALL,ALL,2022,909.427461726839,,,,,,,,ALL_N1,,,,,,,
IT1:DF_DCSS_ISTR_LAV_PEN_2_TV_3(1.0),A,082020,RESPOP_AV,M,Y_GE15,TOTAL,ALL,24,ALL,ALL,2023,958.6563198117057,,,,,,,,ALL_N1,,,,,,,
IT1:DF_DCSS_ISTR_LAV_PEN_2_TV_3(1.0),A,082020,RESPOP_AV,M,Y_GE15,TOTAL,ALL,24,ALL,ALL,2024,998.831573498973,,,,,,,,ALL_N1,,,,,,,
IT1:DF_DCSS_ISTR_LAV_PEN_2_TV_3(1.0),A,082020,RESPOP_AV,M,Y_GE15,TOTAL,ALL,4,ALL,ALL,2018,85,,,,,,,,ALL_N1,,,,,,,
IT1:DF_DCSS_ISTR_LAV_PEN_2_TV_3(1.0),A,082020,RESPOP_AV,M,Y_GE15,TOTAL,ALL,4,ALL,ALL,2019,100,,,,,,,,ALL_N1,,,,,,,
IT1:DF_DCSS_ISTR_LAV_PEN_2_TV_3(1.0),A,082020,RESPOP_AV,M,Y_GE15,TOTAL,ALL,4,ALL,ALL,2021,137.952483882732,,,,,,,,ALL_N1,,,,,,,
IT1:DF_DCSS_ISTR_LAV_PEN_2_TV_3(1.0),A,082020,RESPOP_AV,M,Y_GE15,TOTAL,ALL,4,ALL,ALL,2022,144.10419191179,,,,,,,,ALL_N1,,,,,,,
IT1:DF_DCSS_ISTR_LAV_PEN_2_TV_3(1.0),A,082020,RESPOP_AV,M,Y_GE15,TOTAL,ALL,4,ALL,ALL,2023,177.45891007561082,,,,,,,,ALL_N1,,,,,,,
IT1:DF_DCSS_ISTR_LAV_PEN_2_TV_3(1.0),A,082020,RESPOP_AV,M,Y_GE15,TOTAL,ALL,4,ALL,ALL,2024,152.40098773369058,,,,,,,,ALL_N1,,,,,,,
IT1:DF_DCSS_ISTR_LAV_PEN_2_TV_3(1.0),A,082020,RESPOP_AV,M,Y_GE15,TOTAL,ALL,5,ALL,ALL,2018,324,,,,,,,,ALL_N1,,,,,,,
IT1:DF_DCSS_ISTR_LAV_PEN_2_TV_3(1.0),A,082020,RESPOP_AV,M,Y_GE15,TOTAL,ALL,5,ALL,ALL,2019,347,,,,,,,,ALL_N1,,,,,,,
IT1:DF_DCSS_ISTR_LAV_PEN_2_TV_3(1.0),A,082020,RESPOP_AV,M,Y_GE15,TOTAL,ALL,5,ALL,ALL,2021,363.143457037322,,,,,,,,ALL_N1,,,,,,,
IT1:DF_DCSS_ISTR_LAV_PEN_2_TV_3(1.0),A,082020,RESPOP_AV,M,Y_GE15,TOTAL,ALL,5,ALL,ALL,2022,381.310332874796,,,,,,,,ALL_N1,,,,,,,
IT1:DF_DCSS_ISTR_LAV_PEN_2_TV_3(1.0),A,082020,RESPOP_AV,M,Y_GE15,TOTAL,ALL,5,ALL,ALL,2023,386.28825683917046,,,,,,,,ALL_N1,,,,,,,
IT1:DF_DCSS_ISTR_LAV_PEN_2_TV_3(1.0),A,082020,RESPOP_AV,M,Y_GE15,TOTAL,ALL,5,ALL,ALL,2024,359.3585961643658,,,,,,,,ALL_N1,,,,,,,
IT1:DF_DCSS_ISTR_LAV_PEN_2_TV_3(1.0),A,082020,RESPOP_AV,M,Y_GE15,TOTAL,ALL,7,ALL,ALL,2018,678,,,,,,,,ALL_N1,,,,,,,
IT1:DF_DCSS_ISTR_LAV_PEN_2_TV_3(1.0),A,082020,RESPOP_AV,M,Y_GE15,TOTAL,ALL,7,ALL,ALL,2019,561,,,,,,,,ALL_N1,,,,,,,
IT1:DF_DCSS_ISTR_LAV_PEN_2_TV_3(1.0),A,082020,RESPOP_AV,M,Y_GE15,TOTAL,ALL,7,ALL,ALL,2021,649.713701876908,,,,,,,,ALL_N1,,,,,,,
IT1:DF_DCSS_ISTR_LAV_PEN_2_TV_3(1.0),A,082020,RESPOP_AV,M,Y_GE15,TOTAL,ALL,7,ALL,ALL,2022,700.108271043237,,,,,,,,ALL_N1,,,,,,,
IT1:DF_DCSS_ISTR_LAV_PEN_2_TV_3(1.0),A,082020,RESPOP_AV,M,Y_GE15,TOTAL,ALL,7,ALL,ALL,2023,628.8058595681829,,,,,,,,ALL_N1,,,,,,,
IT1:DF_DCSS_ISTR_LAV_PEN_2_TV_3(1.0),A,082020,RESPOP_AV,M,Y_GE15,TOTAL,ALL,7,ALL,ALL,2024,600.3169570366111,,,,,,,,ALL_N1,,,,,,,
IT1:DF_DCSS_ISTR_LAV_PEN_2_TV_3(1.0),A,082020,RESPOP_AV,M,Y_GE15,TOTAL,ALL,99,ALL,ALL,2018,4701,,,,,,,,ALL_N1,99_N1,,,,,,
IT1:DF_DCSS_ISTR_LAV_PEN_2_TV_3(1.0),A,082020,RESPOP_AV,M,Y_GE15,TOTAL,ALL,99,ALL,ALL,2019,4723,,,,,,,,ALL_N1,99_N1,,,,,,
IT1:DF_DCSS_ISTR_LAV_PEN_2_TV_3(1.0),A,082020,RESPOP_AV,M,Y_GE15,TOTAL,ALL,99,ALL,ALL,2021,4666,,,,,,,,ALL_N1,99_N1,,,,,,
IT1:DF_DCSS_ISTR_LAV_PEN_2_TV_3(1.0),A,082020,RESPOP_AV,M,Y_GE15,TOTAL,ALL,99,ALL,ALL,2022,4694,,,,,,,,ALL_N1,99_N1,,,,,,
IT1:DF_DCSS_ISTR_LAV_PEN_2_TV_3(1.0),A,082020,RESPOP_AV,M,Y_GE15,TOTAL,ALL,99,ALL,ALL,2023,4701,,,,,,,,ALL_N1,99_N1,,,,,,
IT1:DF_DCSS_ISTR_LAV_PEN_2_TV_3(1.0),A,082020,RESPOP_AV,M,Y_GE15,TOTAL,ALL,99,ALL,ALL,2024,4712,,,,,,,,ALL_N1,99_N1,,,,,,
IT1:DF_DCSS_ISTR_LAV_PEN_2_TV_3(1.0),A,082020,RESPOP_AV,T,Y_GE15,TOTAL,ALL,1,ALL,ALL,2018,3193,,,,,,,,ALL_N1,,,,,,,
IT1:DF_DCSS_ISTR_LAV_PEN_2_TV_3(1.0),A,082020,RESPOP_AV,T,Y_GE15,TOTAL,ALL,1,ALL,ALL,2019,3264,,,,,,,,ALL_N1,,,,,,,
IT1:DF_DCSS_ISTR_LAV_PEN_2_TV_3(1.0),A,082020,RESPOP_AV,T,Y_GE15,TOTAL,ALL,1,ALL,ALL,2021,3430,,,,,,,,ALL_N1,,,,,,,
IT1:DF_DCSS_ISTR_LAV_PEN_2_TV_3(1.0),A,082020,RESPOP_AV,T,Y_GE15,TOTAL,ALL,1,ALL,ALL,2022,3403,,,,,,,,ALL_N1,,,,,,,
IT1:DF_DCSS_ISTR_LAV_PEN_2_TV_3(1.0),A,082020,RESPOP_AV,T,Y_GE15,TOTAL,ALL,1,ALL,ALL,2023,3565,,,,,,,,ALL_N1,,,,,,,
IT1:DF_DCSS_ISTR_LAV_PEN_2_TV_3(1.0),A,082020,RESPOP_AV,T,Y_GE15,TOTAL,ALL,1,ALL,ALL,2024,3733,,,,,,,,ALL_N1,,,,,,,
IT1:DF_DCSS_ISTR_LAV_PEN_2_TV_3(1.0),A,082020,RESPOP_AV,T,Y_GE15,TOTAL,ALL,12,ALL,ALL,2018,1371,,,,,,,,ALL_N1,,,,,,,
IT1:DF_DCSS_ISTR_LAV_PEN_2_TV_3(1.0),A,082020,RESPOP_AV,T,Y_GE15,TOTAL,ALL,12,ALL,ALL,2019,1338,,,,,,,,ALL_N1,,,,,,,
IT1:DF_DCSS_ISTR_LAV_PEN_2_TV_3(1.0),A,082020,RESPOP_AV,T,Y_GE15,TOTAL,ALL,12,ALL,ALL,2021,681.076046389393,,,,,,,,ALL_N1,,,,,,,
IT1:DF_DCSS_ISTR_LAV_PEN_2_TV_3(1.0),A,082020,RESPOP_AV,T,Y_GE15,TOTAL,ALL,12,ALL,ALL,2022,697.976667995571,,,,,,,,ALL_N1,,,,,,,
IT1:DF_DCSS_ISTR_LAV_PEN_2_TV_3(1.0),A,082020,RESPOP_AV,T,Y_GE15,TOTAL,ALL,12,ALL,ALL,2023,555.084901841642,,,,,,,,ALL_N1,,,,,,,
IT1:DF_DCSS_ISTR_LAV_PEN_2_TV_3(1.0),A,082020,RESPOP_AV,T,Y_GE15,TOTAL,ALL,12,ALL,ALL,2024,477.1950994353141,,,,,,,,ALL_N1,,,,,,,
IT1:DF_DCSS_ISTR_LAV_PEN_2_TV_3(1.0),A,082020,RESPOP_AV,T,Y_GE15,TOTAL,ALL,22,ALL,ALL,2018,4564,,,,,,,,ALL_N1,,,,,,,
IT1:DF_DCSS_ISTR_LAV_PEN_2_TV_3(1.0),A,082020,RESPOP_AV,T,Y_GE15,TOTAL,ALL,22,ALL,ALL,2019,4602,,,,,,,,ALL_N1,,,,,,,
IT1:DF_DCSS_ISTR_LAV_PEN_2_TV_3(1.0),A,082020,RESPOP_AV,T,Y_GE15,TOTAL,ALL,22,ALL,ALL,2021,4111.07604638939,,,,,,,,ALL_N1,,,,,,,
IT1:DF_DCSS_ISTR_LAV_PEN_2_TV_3(1.0),A,082020,RESPOP_AV,T,Y_GE15,TOTAL,ALL,22,ALL,ALL,2022,4100.97666799557,,,,,,,,ALL_N1,,,,,,,
IT1:DF_DCSS_ISTR_LAV_PEN_2_TV_3(1.0),A,082020,RESPOP_AV,T,Y_GE15,TOTAL,ALL,22,ALL,ALL,2023,4120.084901841642,,,,,,,,ALL_N1,,,,,,,
IT1:DF_DCSS_ISTR_LAV_PEN_2_TV_3(1.0),A,082020,RESPOP_AV,T,Y_GE15,TOTAL,ALL,22,ALL,ALL,2024,4210.195099435314,,,,,,,,ALL_N1,,,,,,,
IT1:DF_DCSS_ISTR_LAV_PEN_2_TV_3(1.0),A,082020,RESPOP_AV,T,Y_GE15,TOTAL,ALL,23,ALL,ALL,2018,5106,,,,,,,,ALL_N1,,,,,,,
IT1:DF_DCSS_ISTR_LAV_PEN_2_TV_3(1.0),A,082020,RESPOP_AV,T,Y_GE15,TOTAL,ALL,23,ALL,ALL,2019,5121,,,,,,,,ALL_N1,,,,,,,
IT1:DF_DCSS_ISTR_LAV_PEN_2_TV_3(1.0),A,082020,RESPOP_AV,T,Y_GE15,TOTAL,ALL,23,ALL,ALL,2021,5416.92395361061,,,,,,,,ALL_N1,,,,,,,
IT1:DF_DCSS_ISTR_LAV_PEN_2_TV_3(1.0),A,082020,RESPOP_AV,T,Y_GE15,TOTAL,ALL,23,ALL,ALL,2022,5487.02333200443,,,,,,,,ALL_N1,,,,,,,
IT1:DF_DCSS_ISTR_LAV_PEN_2_TV_3(1.0),A,082020,RESPOP_AV,T,Y_GE15,TOTAL,ALL,23,ALL,ALL,2023,5490.915098158358,,,,,,,,ALL_N1,,,,,,,
IT1:DF_DCSS_ISTR_LAV_PEN_2_TV_3(1.0),A,082020,RESPOP_AV,T,Y_GE15,TOTAL,ALL,23,ALL,ALL,2024,5452.804900564686,,,,,,,,ALL_N1,,,,,,,
IT1:DF_DCSS_ISTR_LAV_PEN_2_TV_3(1.0),A,082020,RESPOP_AV,T,Y_GE15,TOTAL,ALL,24,ALL,ALL,2018,1363,,,,,,,,ALL_N1,,,,,,,
IT1:DF_DCSS_ISTR_LAV_PEN_2_TV_3(1.0),A,082020,RESPOP_AV,T,Y_GE15,TOTAL,ALL,24,ALL,ALL,2019,1477,,,,,,,,ALL_N1,,,,,,,
IT1:DF_DCSS_ISTR_LAV_PEN_2_TV_3(1.0),A,082020,RESPOP_AV,T,Y_GE15,TOTAL,ALL,24,ALL,ALL,2021,1589.67973461255,,,,,,,,ALL_N1,,,,,,,
IT1:DF_DCSS_ISTR_LAV_PEN_2_TV_3(1.0),A,082020,RESPOP_AV,T,Y_GE15,TOTAL,ALL,24,ALL,ALL,2022,1495.14490424032,,,,,,,,ALL_N1,,,,,,,
IT1:DF_DCSS_ISTR_LAV_PEN_2_TV_3(1.0),A,082020,RESPOP_AV,T,Y_GE15,TOTAL,ALL,24,ALL,ALL,2023,1579.5409181693608,,,,,,,,ALL_N1,,,,,,,
IT1:DF_DCSS_ISTR_LAV_PEN_2_TV_3(1.0),A,082020,RESPOP_AV,T,Y_GE15,TOTAL,ALL,24,ALL,ALL,2024,1666.8964957992425,,,,,,,,ALL_N1,,,,,,,
IT1:DF_DCSS_ISTR_LAV_PEN_2_TV_3(1.0),A,082020,RESPOP_AV,T,Y_GE15,TOTAL,ALL,4,ALL,ALL,2018,1876,,,,,,,,ALL_N1,,,,,,,
IT1:DF_DCSS_ISTR_LAV_PEN_2_TV_3(1.0),A,082020,RESPOP_AV,T,Y_GE15,TOTAL,ALL,4,ALL,ALL,2019,1965,,,,,,,,ALL_N1,,,,,,,
IT1:DF_DCSS_ISTR_LAV_PEN_2_TV_3(1.0),A,082020,RESPOP_AV,T,Y_GE15,TOTAL,ALL,4,ALL,ALL,2021,1974.92039172555,,,,,,,,ALL_N1,,,,,,,
IT1:DF_DCSS_ISTR_LAV_PEN_2_TV_3(1.0),A,082020,RESPOP_AV,T,Y_GE15,TOTAL,ALL,4,ALL,ALL,2022,1972.66561442701,,,,,,,,ALL_N1,,,,,,,
IT1:DF_DCSS_ISTR_LAV_PEN_2_TV_3(1.0),A,082020,RESPOP_AV,T,Y_GE15,TOTAL,ALL,4,ALL,ALL,2023,2040.540173372304,,,,,,,,ALL_N1,,,,,,,
IT1:DF_DCSS_ISTR_LAV_PEN_2_TV_3(1.0),A,082020,RESPOP_AV,T,Y_GE15,TOTAL,ALL,4,ALL,ALL,2024,1983.0021808980741,,,,,,,,ALL_N1,,,,,,,
IT1:DF_DCSS_ISTR_LAV_PEN_2_TV_3(1.0),A,082020,RESPOP_AV,T,Y_GE15,TOTAL,ALL,5,ALL,ALL,2018,712,,,,,,,,ALL_N1,,,,,,,
IT1:DF_DCSS_ISTR_LAV_PEN_2_TV_3(1.0),A,082020,RESPOP_AV,T,Y_GE15,TOTAL,ALL,5,ALL,ALL,2019,742,,,,,,,,ALL_N1,,,,,,,
IT1:DF_DCSS_ISTR_LAV_PEN_2_TV_3(1.0),A,082020,RESPOP_AV,T,Y_GE15,TOTAL,ALL,5,ALL,ALL,2021,789.300350221746,,,,,,,,ALL_N1,,,,,,,
IT1:DF_DCSS_ISTR_LAV_PEN_2_TV_3(1.0),A,082020,RESPOP_AV,T,Y_GE15,TOTAL,ALL,5,ALL,ALL,2022,830.08118076909,,,,,,,,ALL_N1,,,,,,,
IT1:DF_DCSS_ISTR_LAV_PEN_2_TV_3(1.0),A,082020,RESPOP_AV,T,Y_GE15,TOTAL,ALL,5,ALL,ALL,2023,817.8681266263987,,,,,,,,ALL_N1,,,,,,,
IT1:DF_DCSS_ISTR_LAV_PEN_2_TV_3(1.0),A,082020,RESPOP_AV,T,Y_GE15,TOTAL,ALL,5,ALL,ALL,2024,797.9298008230838,,,,,,,,ALL_N1,,,,,,,
IT1:DF_DCSS_ISTR_LAV_PEN_2_TV_3(1.0),A,082020,RESPOP_AV,T,Y_GE15,TOTAL,ALL,7,ALL,ALL,2018,1155,,,,,,,,ALL_N1,,,,,,,
IT1:DF_DCSS_ISTR_LAV_PEN_2_TV_3(1.0),A,082020,RESPOP_AV,T,Y_GE15,TOTAL,ALL,7,ALL,ALL,2019,938,,,,,,,,ALL_N1,,,,,,,
IT1:DF_DCSS_ISTR_LAV_PEN_2_TV_3(1.0),A,082020,RESPOP_AV,T,Y_GE15,TOTAL,ALL,7,ALL,ALL,2021,1063.02347705076,,,,,,,,ALL_N1,,,,,,,
IT1:DF_DCSS_ISTR_LAV_PEN_2_TV_3(1.0),A,082020,RESPOP_AV,T,Y_GE15,TOTAL,ALL,7,ALL,ALL,2022,1189.13163256801,,,,,,,,ALL_N1,,,,,,,
IT1:DF_DCSS_ISTR_LAV_PEN_2_TV_3(1.0),A,082020,RESPOP_AV,T,Y_GE15,TOTAL,ALL,7,ALL,ALL,2023,1052.9658799902945,,,,,,,,ALL_N1,,,,,,,
IT1:DF_DCSS_ISTR_LAV_PEN_2_TV_3(1.0),A,082020,RESPOP_AV,T,Y_GE15,TOTAL,ALL,7,ALL,ALL,2024,1004.9764230442854,,,,,,,,ALL_N1,,,,,,,
IT1:DF_DCSS_ISTR_LAV_PEN_2_TV_3(1.0),A,082020,RESPOP_AV,T,Y_GE15,TOTAL,ALL,99,ALL,ALL,2018,9670,,,,,,,,ALL_N1,99_N1,,,,,,
IT1:DF_DCSS_ISTR_LAV_PEN_2_TV_3(1.0),A,082020,RESPOP_AV,T,Y_GE15,TOTAL,ALL,99,ALL,ALL,2019,9723,,,,,,,,ALL_N1,99_N1,,,,,,
IT1:DF_DCSS_ISTR_LAV_PEN_2_TV_3(1.0),A,082020,RESPOP_AV,T,Y_GE15,TOTAL,ALL,99,ALL,ALL,2021,9528,,,,,,,,ALL_N1,99_N1,,,,,,
IT1:DF_DCSS_ISTR_LAV_PEN_2_TV_3(1.0),A,082020,RESPOP_AV,T,Y_GE15,TOTAL,ALL,99,ALL,ALL,2022,9588,,,,,,,,ALL_N1,99_N1,,,,,,
IT1:DF_DCSS_ISTR_LAV_PEN_2_TV_3(1.0),A,082020,RESPOP_AV,T,Y_GE15,TOTAL,ALL,99,ALL,ALL,2023,9611,,,,,,,,ALL_N1,99_N1,,,,,,
IT1:DF_DCSS_ISTR_LAV_PEN_2_TV_3(1.0),A,082020,RESPOP_AV,T,Y_GE15,TOTAL,ALL,99,ALL,ALL,2024,9663,,,,,,,,ALL_N1,99_N1,,,,,,
IT1:DF_DCSS_ISTR_LAV_PEN_2_TV_3(1.0),A,082021,RESPOP_AV,F,Y_GE15,TOTAL,ALL,1,ALL,ALL,2018,3460,,,,,,,,ALL_N1,,,,,,,
IT1:DF_DCSS_ISTR_LAV_PEN_2_TV_3(1.0),A,082021,RESPOP_AV,F,Y_GE15,TOTAL,ALL,1,ALL,ALL,2019,3601,,,,,,,,ALL_N1,,,,,,,
IT1:DF_DCSS_ISTR_LAV_PEN_2_TV_3(1.0),A,082021,RESPOP_AV,F,Y_GE15,TOTAL,ALL,1,ALL,ALL,2021,3954,,,,,,,,ALL_N1,,,,,,,
IT1:DF_DCSS_ISTR_LAV_PEN_2_TV_3(1.0),A,082021,RESPOP_AV,F,Y_GE15,TOTAL,ALL,1,ALL,ALL,2022,4137,,,,,,,,ALL_N1,,,,,,,
IT1:DF_DCSS_ISTR_LAV_PEN_2_TV_3(1.0),A,082021,RESPOP_AV,F,Y_GE15,TOTAL,ALL,1,ALL,ALL,2023,4349,,,,,,,,ALL_N1,,,,,,,
IT1:DF_DCSS_ISTR_LAV_PEN_2_TV_3(1.0),A,082021,RESPOP_AV,F,Y_GE15,TOTAL,ALL,1,ALL,ALL,2024,4569,,,,,,,,ALL_N1,,,,,,,
IT1:DF_DCSS_ISTR_LAV_PEN_2_TV_3(1.0),A,082021,RESPOP_AV,F,Y_GE15,TOTAL,ALL,12,ALL,ALL,2018,1769,,,,,,,,ALL_N1,,,,,,,
IT1:DF_DCSS_ISTR_LAV_PEN_2_TV_3(1.0),A,082021,RESPOP_AV,F,Y_GE15,TOTAL,ALL,12,ALL,ALL,2019,1706,,,,,,,,ALL_N1,,,,,,,
IT1:DF_DCSS_ISTR_LAV_PEN_2_TV_3(1.0),A,082021,RESPOP_AV,F,Y_GE15,TOTAL,ALL,12,ALL,ALL,2021,1005.83268584692,,,,,,,,ALL_N1,,,,,,,
IT1:DF_DCSS_ISTR_LAV_PEN_2_TV_3(1.0),A,082021,RESPOP_AV,F,Y_GE15,TOTAL,ALL,12,ALL,ALL,2022,1057.48932044128,,,,,,,,ALL_N1,,,,,,,
IT1:DF_DCSS_ISTR_LAV_PEN_2_TV_3(1.0),A,082021,RESPOP_AV,F,Y_GE15,TOTAL,ALL,12,ALL,ALL,2023,907.7321923977901,,,,,,,,ALL_N1,,,,,,,
IT1:DF_DCSS_ISTR_LAV_PEN_2_TV_3(1.0),A,082021,RESPOP_AV,F,Y_GE15,TOTAL,ALL,12,ALL,ALL,2024,871.5752783214555,,,,,,,,ALL_N1,,,,,,,
IT1:DF_DCSS_ISTR_LAV_PEN_2_TV_3(1.0),A,082021,RESPOP_AV,F,Y_GE15,TOTAL,ALL,22,ALL,ALL,2018,5229,,,,,,,,ALL_N1,,,,,,,
IT1:DF_DCSS_ISTR_LAV_PEN_2_TV_3(1.0),A,082021,RESPOP_AV,F,Y_GE15,TOTAL,ALL,22,ALL,ALL,2019,5307,,,,,,,,ALL_N1,,,,,,,
IT1:DF_DCSS_ISTR_LAV_PEN_2_TV_3(1.0),A,082021,RESPOP_AV,F,Y_GE15,TOTAL,ALL,22,ALL,ALL,2021,4959.83268584692,,,,,,,,ALL_N1,,,,,,,
IT1:DF_DCSS_ISTR_LAV_PEN_2_TV_3(1.0),A,082021,RESPOP_AV,F,Y_GE15,TOTAL,ALL,22,ALL,ALL,2022,5194.48932044128,,,,,,,,ALL_N1,,,,,,,
IT1:DF_DCSS_ISTR_LAV_PEN_2_TV_3(1.0),A,082021,RESPOP_AV,F,Y_GE15,TOTAL,ALL,22,ALL,ALL,2023,5256.73219239779,,,,,,,,ALL_N1,,,,,,,
IT1:DF_DCSS_ISTR_LAV_PEN_2_TV_3(1.0),A,082021,RESPOP_AV,F,Y_GE15,TOTAL,ALL,22,ALL,ALL,2024,5440.575278321456,,,,,,,,ALL_N1,,,,,,,
IT1:DF_DCSS_ISTR_LAV_PEN_2_TV_3(1.0),A,082021,RESPOP_AV,F,Y_GE15,TOTAL,ALL,23,ALL,ALL,2018,10655,,,,,,,,ALL_N1,,,,,,,
IT1:DF_DCSS_ISTR_LAV_PEN_2_TV_3(1.0),A,082021,RESPOP_AV,F,Y_GE15,TOTAL,ALL,23,ALL,ALL,2019,10791,,,,,,,,ALL_N1,,,,,,,
IT1:DF_DCSS_ISTR_LAV_PEN_2_TV_3(1.0),A,082021,RESPOP_AV,F,Y_GE15,TOTAL,ALL,23,ALL,ALL,2021,11474.1673141531,,,,,,,,ALL_N1,,,,,,,
IT1:DF_DCSS_ISTR_LAV_PEN_2_TV_3(1.0),A,082021,RESPOP_AV,F,Y_GE15,TOTAL,ALL,23,ALL,ALL,2022,11476.5106795587,,,,,,,,ALL_N1,,,,,,,
IT1:DF_DCSS_ISTR_LAV_PEN_2_TV_3(1.0),A,082021,RESPOP_AV,F,Y_GE15,TOTAL,ALL,23,ALL,ALL,2023,11662.267807602211,,,,,,,,ALL_N1,,,,,,,
IT1:DF_DCSS_ISTR_LAV_PEN_2_TV_3(1.0),A,082021,RESPOP_AV,F,Y_GE15,TOTAL,ALL,23,ALL,ALL,2024,11745.424721678544,,,,,,,,ALL_N1,,,,,,,
IT1:DF_DCSS_ISTR_LAV_PEN_2_TV_3(1.0),A,082021,RESPOP_AV,F,Y_GE15,TOTAL,ALL,24,ALL,ALL,2018,1745,,,,,,,,ALL_N1,,,,,,,
IT1:DF_DCSS_ISTR_LAV_PEN_2_TV_3(1.0),A,082021,RESPOP_AV,F,Y_GE15,TOTAL,ALL,24,ALL,ALL,2019,1785,,,,,,,,ALL_N1,,,,,,,
IT1:DF_DCSS_ISTR_LAV_PEN_2_TV_3(1.0),A,082021,RESPOP_AV,F,Y_GE15,TOTAL,ALL,24,ALL,ALL,2021,1945.85856982727,,,,,,,,ALL_N1,,,,,,,
IT1:DF_DCSS_ISTR_LAV_PEN_2_TV_3(1.0),A,082021,RESPOP_AV,F,Y_GE15,TOTAL,ALL,24,ALL,ALL,2022,1738.35237273481,,,,,,,,ALL_N1,,,,,,,
IT1:DF_DCSS_ISTR_LAV_PEN_2_TV_3(1.0),A,082021,RESPOP_AV,F,Y_GE15,TOTAL,ALL,24,ALL,ALL,2023,1726.336232651298,,,,,,,,ALL_N1,,,,,,,
IT1:DF_DCSS_ISTR_LAV_PEN_2_TV_3(1.0),A,082021,RESPOP_AV,F,Y_GE15,TOTAL,ALL,24,ALL,ALL,2024,1969.6076936801346,,,,,,,,ALL_N1,,,,,,,
IT1:DF_DCSS_ISTR_LAV_PEN_2_TV_3(1.0),A,082021,RESPOP_AV,F,Y_GE15,TOTAL,ALL,4,ALL,ALL,2018,6243,,,,,,,,ALL_N1,,,,,,,
IT1:DF_DCSS_ISTR_LAV_PEN_2_TV_3(1.0),A,082021,RESPOP_AV,F,Y_GE15,TOTAL,ALL,4,ALL,ALL,2019,6480,,,,,,,,ALL_N1,,,,,,,
IT1:DF_DCSS_ISTR_LAV_PEN_2_TV_3(1.0),A,082021,RESPOP_AV,F,Y_GE15,TOTAL,ALL,4,ALL,ALL,2021,6675.89454940282,,,,,,,,ALL_N1,,,,,,,
IT1:DF_DCSS_ISTR_LAV_PEN_2_TV_3(1.0),A,082021,RESPOP_AV,F,Y_GE15,TOTAL,ALL,4,ALL,ALL,2022,6661.78484731757,,,,,,,,ALL_N1,,,,,,,
IT1:DF_DCSS_ISTR_LAV_PEN_2_TV_3(1.0),A,082021,RESPOP_AV,F,Y_GE15,TOTAL,ALL,4,ALL,ALL,2023,6880.1401464940855,,,,,,,,ALL_N1,,,,,,,
IT1:DF_DCSS_ISTR_LAV_PEN_2_TV_3(1.0),A,082021,RESPOP_AV,F,Y_GE15,TOTAL,ALL,4,ALL,ALL,2024,6869.247734635366,,,,,,,,ALL_N1,,,,,,,
IT1:DF_DCSS_ISTR_LAV_PEN_2_TV_3(1.0),A,082021,RESPOP_AV,F,Y_GE15,TOTAL,ALL,5,ALL,ALL,2018,1359,,,,,,,,ALL_N1,,,,,,,
IT1:DF_DCSS_ISTR_LAV_PEN_2_TV_3(1.0),A,082021,RESPOP_AV,F,Y_GE15,TOTAL,ALL,5,ALL,ALL,2019,1426,,,,,,,,ALL_N1,,,,,,,
IT1:DF_DCSS_ISTR_LAV_PEN_2_TV_3(1.0),A,082021,RESPOP_AV,F,Y_GE15,TOTAL,ALL,5,ALL,ALL,2021,1558.93480155201,,,,,,,,ALL_N1,,,,,,,
IT1:DF_DCSS_ISTR_LAV_PEN_2_TV_3(1.0),A,082021,RESPOP_AV,F,Y_GE15,TOTAL,ALL,5,ALL,ALL,2022,1648.41300040365,,,,,,,,ALL_N1,,,,,,,
IT1:DF_DCSS_ISTR_LAV_PEN_2_TV_3(1.0),A,082021,RESPOP_AV,F,Y_GE15,TOTAL,ALL,5,ALL,ALL,2023,1746.6090698679204,,,,,,,,ALL_N1,,,,,,,
IT1:DF_DCSS_ISTR_LAV_PEN_2_TV_3(1.0),A,082021,RESPOP_AV,F,Y_GE15,TOTAL,ALL,5,ALL,ALL,2024,1689.4815029348786,,,,,,,,ALL_N1,,,,,,,
IT1:DF_DCSS_ISTR_LAV_PEN_2_TV_3(1.0),A,082021,RESPOP_AV,F,Y_GE15,TOTAL,ALL,7,ALL,ALL,2018,1308,,,,,,,,ALL_N1,,,,,,,
IT1:DF_DCSS_ISTR_LAV_PEN_2_TV_3(1.0),A,082021,RESPOP_AV,F,Y_GE15,TOTAL,ALL,7,ALL,ALL,2019,1100,,,,,,,,ALL_N1,,,,,,,
IT1:DF_DCSS_ISTR_LAV_PEN_2_TV_3(1.0),A,082021,RESPOP_AV,F,Y_GE15,TOTAL,ALL,7,ALL,ALL,2021,1293.47939337098,,,,,,,,ALL_N1,,,,,,,
IT1:DF_DCSS_ISTR_LAV_PEN_2_TV_3(1.0),A,082021,RESPOP_AV,F,Y_GE15,TOTAL,ALL,7,ALL,ALL,2022,1427.96045910269,,,,,,,,ALL_N1,,,,,,,
IT1:DF_DCSS_ISTR_LAV_PEN_2_TV_3(1.0),A,082021,RESPOP_AV,F,Y_GE15,TOTAL,ALL,7,ALL,ALL,2023,1309.1823585889067,,,,,,,,ALL_N1,,,,,,,
IT1:DF_DCSS_ISTR_LAV_PEN_2_TV_3(1.0),A,082021,RESPOP_AV,F,Y_GE15,TOTAL,ALL,7,ALL,ALL,2024,1217.087790428164,,,,,,,,ALL_N1,,,,,,,
IT1:DF_DCSS_ISTR_LAV_PEN_2_TV_3(1.0),A,082021,RESPOP_AV,F,Y_GE15,TOTAL,ALL,99,ALL,ALL,2018,15884,,,,,,,,ALL_N1,99_N1,,,,,,
IT1:DF_DCSS_ISTR_LAV_PEN_2_TV_3(1.0),A,082021,RESPOP_AV,F,Y_GE15,TOTAL,ALL,99,ALL,ALL,2019,16097,,,,,,,,ALL_N1,99_N1,,,,,,
IT1:DF_DCSS_ISTR_LAV_PEN_2_TV_3(1.0),A,082021,RESPOP_AV,F,Y_GE15,TOTAL,ALL,99,ALL,ALL,2021,16434,,,,,,,,ALL_N1,99_N1,,,,,,
IT1:DF_DCSS_ISTR_LAV_PEN_2_TV_3(1.0),A,082021,RESPOP_AV,F,Y_GE15,TOTAL,ALL,99,ALL,ALL,2022,16671,,,,,,,,ALL_N1,99_N1,,,,,,
IT1:DF_DCSS_ISTR_LAV_PEN_2_TV_3(1.0),A,082021,RESPOP_AV,F,Y_GE15,TOTAL,ALL,99,ALL,ALL,2023,16919,,,,,,,,ALL_N1,99_N1,,,,,,
IT1:DF_DCSS_ISTR_LAV_PEN_2_TV_3(1.0),A,082021,RESPOP_AV,F,Y_GE15,TOTAL,ALL,99,ALL,ALL,2024,17186,,,,,,,,ALL_N1,99_N1,,,,,,
IT1:DF_DCSS_ISTR_LAV_PEN_2_TV_3(1.0),A,082021,RESPOP_AV,M,Y_GE15,TOTAL,ALL,1,ALL,ALL,2018,6835,,,,,,,,ALL_N1,,,,,,,
IT1:DF_DCSS_ISTR_LAV_PEN_2_TV_3(1.0),A,082021,RESPOP_AV,M,Y_GE15,TOTAL,ALL,1,ALL,ALL,2019,6931,,,,,,,,ALL_N1,,,,,,,
IT1:DF_DCSS_ISTR_LAV_PEN_2_TV_3(1.0),A,082021,RESPOP_AV,M,Y_GE15,TOTAL,ALL,1,ALL,ALL,2021,7480,,,,,,,,ALL_N1,,,,,,,
IT1:DF_DCSS_ISTR_LAV_PEN_2_TV_3(1.0),A,082021,RESPOP_AV,M,Y_GE15,TOTAL,ALL,1,ALL,ALL,2022,7789,,,,,,,,ALL_N1,,,,,,,
IT1:DF_DCSS_ISTR_LAV_PEN_2_TV_3(1.0),A,082021,RESPOP_AV,M,Y_GE15,TOTAL,ALL,1,ALL,ALL,2023,7956,,,,,,,,ALL_N1,,,,,,,
IT1:DF_DCSS_ISTR_LAV_PEN_2_TV_3(1.0),A,082021,RESPOP_AV,M,Y_GE15,TOTAL,ALL,1,ALL,ALL,2024,8187,,,,,,,,ALL_N1,,,,,,,
IT1:DF_DCSS_ISTR_LAV_PEN_2_TV_3(1.0),A,082021,RESPOP_AV,M,Y_GE15,TOTAL,ALL,12,ALL,ALL,2018,2279,,,,,,,,ALL_N1,,,,,,,
IT1:DF_DCSS_ISTR_LAV_PEN_2_TV_3(1.0),A,082021,RESPOP_AV,M,Y_GE15,TOTAL,ALL,12,ALL,ALL,2019,2276,,,,,,,,ALL_N1,,,,,,,
IT1:DF_DCSS_ISTR_LAV_PEN_2_TV_3(1.0),A,082021,RESPOP_AV,M,Y_GE15,TOTAL,ALL,12,ALL,ALL,2021,1368.07581887163,,,,,,,,ALL_N1,,,,,,,
IT1:DF_DCSS_ISTR_LAV_PEN_2_TV_3(1.0),A,082021,RESPOP_AV,M,Y_GE15,TOTAL,ALL,12,ALL,ALL,2022,1334.53881832731,,,,,,,,ALL_N1,,,,,,,
IT1:DF_DCSS_ISTR_LAV_PEN_2_TV_3(1.0),A,082021,RESPOP_AV,M,Y_GE15,TOTAL,ALL,12,ALL,ALL,2023,1146.5419276653986,,,,,,,,ALL_N1,,,,,,,
IT1:DF_DCSS_ISTR_LAV_PEN_2_TV_3(1.0),A,082021,RESPOP_AV,M,Y_GE15,TOTAL,ALL,12,ALL,ALL,2024,1129.1648799415811,,,,,,,,ALL_N1,,,,,,,
IT1:DF_DCSS_ISTR_LAV_PEN_2_TV_3(1.0),A,082021,RESPOP_AV,M,Y_GE15,TOTAL,ALL,22,ALL,ALL,2018,9114,,,,,,,,ALL_N1,,,,,,,
IT1:DF_DCSS_ISTR_LAV_PEN_2_TV_3(1.0),A,082021,RESPOP_AV,M,Y_GE15,TOTAL,ALL,22,ALL,ALL,2019,9207,,,,,,,,ALL_N1,,,,,,,
IT1:DF_DCSS_ISTR_LAV_PEN_2_TV_3(1.0),A,082021,RESPOP_AV,M,Y_GE15,TOTAL,ALL,22,ALL,ALL,2021,8848.07581887163,,,,,,,,ALL_N1,,,,,,,
IT1:DF_DCSS_ISTR_LAV_PEN_2_TV_3(1.0),A,082021,RESPOP_AV,M,Y_GE15,TOTAL,ALL,22,ALL,ALL,2022,9123.53881832731,,,,,,,,ALL_N1,,,,,,,
IT1:DF_DCSS_ISTR_LAV_PEN_2_TV_3(1.0),A,082021,RESPOP_AV,M,Y_GE15,TOTAL,ALL,22,ALL,ALL,2023,9102.5419276654,,,,,,,,ALL_N1,,,,,,,
IT1:DF_DCSS_ISTR_LAV_PEN_2_TV_3(1.0),A,082021,RESPOP_AV,M,Y_GE15,TOTAL,ALL,22,ALL,ALL,2024,9316.164879941582,,,,,,,,ALL_N1,,,,,,,
IT1:DF_DCSS_ISTR_LAV_PEN_2_TV_3(1.0),A,082021,RESPOP_AV,M,Y_GE15,TOTAL,ALL,23,ALL,ALL,2018,6315,,,,,,,,ALL_N1,,,,,,,
IT1:DF_DCSS_ISTR_LAV_PEN_2_TV_3(1.0),A,082021,RESPOP_AV,M,Y_GE15,TOTAL,ALL,23,ALL,ALL,2019,6394,,,,,,,,ALL_N1,,,,,,,
IT1:DF_DCSS_ISTR_LAV_PEN_2_TV_3(1.0),A,082021,RESPOP_AV,M,Y_GE15,TOTAL,ALL,23,ALL,ALL,2021,7140.92418112837,,,,,,,,ALL_N1,,,,,,,
IT1:DF_DCSS_ISTR_LAV_PEN_2_TV_3(1.0),A,082021,RESPOP_AV,M,Y_GE15,TOTAL,ALL,23,ALL,ALL,2022,7135.46118167269,,,,,,,,ALL_N1,,,,,,,
IT1:DF_DCSS_ISTR_LAV_PEN_2_TV_3(1.0),A,082021,RESPOP_AV,M,Y_GE15,TOTAL,ALL,23,ALL,ALL,2023,7371.458072334602,,,,,,,,ALL_N1,,,,,,,
IT1:DF_DCSS_ISTR_LAV_PEN_2_TV_3(1.0),A,082021,RESPOP_AV,M,Y_GE15,TOTAL,ALL,23,ALL,ALL,2024,7403.835120058418,,,,,,,,ALL_N1,,,,,,,
IT1:DF_DCSS_ISTR_LAV_PEN_2_TV_3(1.0),A,082021,RESPOP_AV,M,Y_GE15,TOTAL,ALL,24,ALL,ALL,2018,2576,,,,,,,,ALL_N1,,,,,,,
IT1:DF_DCSS_ISTR_LAV_PEN_2_TV_3(1.0),A,082021,RESPOP_AV,M,Y_GE15,TOTAL,ALL,24,ALL,ALL,2019,2753,,,,,,,,ALL_N1,,,,,,,
IT1:DF_DCSS_ISTR_LAV_PEN_2_TV_3(1.0),A,082021,RESPOP_AV,M,Y_GE15,TOTAL,ALL,24,ALL,ALL,2021,2884.421690089,,,,,,,,ALL_N1,,,,,,,
IT1:DF_DCSS_ISTR_LAV_PEN_2_TV_3(1.0),A,082021,RESPOP_AV,M,Y_GE15,TOTAL,ALL,24,ALL,ALL,2022,2808.40117567087,,,,,,,,ALL_N1,,,,,,,
IT1:DF_DCSS_ISTR_LAV_PEN_2_TV_3(1.0),A,082021,RESPOP_AV,M,Y_GE15,TOTAL,ALL,24,ALL,ALL,2023,2873.1654453709957,,,,,,,,ALL_N1,,,,,,,
IT1:DF_DCSS_ISTR_LAV_PEN_2_TV_3(1.0),A,082021,RESPOP_AV,M,Y_GE15,TOTAL,ALL,24,ALL,ALL,2024,3196.0623908407956,,,,,,,,ALL_N1,,,,,,,
IT1:DF_DCSS_ISTR_LAV_PEN_2_TV_3(1.0),A,082021,RESPOP_AV,M,Y_GE15,TOTAL,ALL,4,ALL,ALL,2018,343,,,,,,,,ALL_N1,,,,,,,
IT1:DF_DCSS_ISTR_LAV_PEN_2_TV_3(1.0),A,082021,RESPOP_AV,M,Y_GE15,TOTAL,ALL,4,ALL,ALL,2019,399,,,,,,,,ALL_N1,,,,,,,
IT1:DF_DCSS_ISTR_LAV_PEN_2_TV_3(1.0),A,082021,RESPOP_AV,M,Y_GE15,TOTAL,ALL,4,ALL,ALL,2021,584.561341571523,,,,,,,,ALL_N1,,,,,,,
IT1:DF_DCSS_ISTR_LAV_PEN_2_TV_3(1.0),A,082021,RESPOP_AV,M,Y_GE15,TOTAL,ALL,4,ALL,ALL,2022,583.006381583988,,,,,,,,ALL_N1,,,,,,,
IT1:DF_DCSS_ISTR_LAV_PEN_2_TV_3(1.0),A,082021,RESPOP_AV,M,Y_GE15,TOTAL,ALL,4,ALL,ALL,2023,720.2491090459615,,,,,,,,ALL_N1,,,,,,,
IT1:DF_DCSS_ISTR_LAV_PEN_2_TV_3(1.0),A,082021,RESPOP_AV,M,Y_GE15,TOTAL,ALL,4,ALL,ALL,2024,642.7107955649743,,,,,,,,ALL_N1,,,,,,,
IT1:DF_DCSS_ISTR_LAV_PEN_2_TV_3(1.0),A,082021,RESPOP_AV,M,Y_GE15,TOTAL,ALL,5,ALL,ALL,2018,1246,,,,,,,,ALL_N1,,,,,,,
IT1:DF_DCSS_ISTR_LAV_PEN_2_TV_3(1.0),A,082021,RESPOP_AV,M,Y_GE15,TOTAL,ALL,5,ALL,ALL,2019,1300,,,,,,,,ALL_N1,,,,,,,
IT1:DF_DCSS_ISTR_LAV_PEN_2_TV_3(1.0),A,082021,RESPOP_AV,M,Y_GE15,TOTAL,ALL,5,ALL,ALL,2021,1356.664514901,,,,,,,,ALL_N1,,,,,,,
IT1:DF_DCSS_ISTR_LAV_PEN_2_TV_3(1.0),A,082021,RESPOP_AV,M,Y_GE15,TOTAL,ALL,5,ALL,ALL,2022,1466.11293014982,,,,,,,,ALL_N1,,,,,,,
IT1:DF_DCSS_ISTR_LAV_PEN_2_TV_3(1.0),A,082021,RESPOP_AV,M,Y_GE15,TOTAL,ALL,5,ALL,ALL,2023,1581.9459160185995,,,,,,,,ALL_N1,,,,,,,
IT1:DF_DCSS_ISTR_LAV_PEN_2_TV_3(1.0),A,082021,RESPOP_AV,M,Y_GE15,TOTAL,ALL,5,ALL,ALL,2024,1482.4820168666583,,,,,,,,ALL_N1,,,,,,,
IT1:DF_DCSS_ISTR_LAV_PEN_2_TV_3(1.0),A,082021,RESPOP_AV,M,Y_GE15,TOTAL,ALL,7,ALL,ALL,2018,2150,,,,,,,,ALL_N1,,,,,,,
IT1:DF_DCSS_ISTR_LAV_PEN_2_TV_3(1.0),A,082021,RESPOP_AV,M,Y_GE15,TOTAL,ALL,7,ALL,ALL,2019,1943,,,,,,,,ALL_N1,,,,,,,
IT1:DF_DCSS_ISTR_LAV_PEN_2_TV_3(1.0),A,082021,RESPOP_AV,M,Y_GE15,TOTAL,ALL,7,ALL,ALL,2021,2315.27663456684,,,,,,,,ALL_N1,,,,,,,
IT1:DF_DCSS_ISTR_LAV_PEN_2_TV_3(1.0),A,082021,RESPOP_AV,M,Y_GE15,TOTAL,ALL,7,ALL,ALL,2022,2277.94069426801,,,,,,,,ALL_N1,,,,,,,
IT1:DF_DCSS_ISTR_LAV_PEN_2_TV_3(1.0),A,082021,RESPOP_AV,M,Y_GE15,TOTAL,ALL,7,ALL,ALL,2023,2196.0976018990445,,,,,,,,ALL_N1,,,,,,,
IT1:DF_DCSS_ISTR_LAV_PEN_2_TV_3(1.0),A,082021,RESPOP_AV,M,Y_GE15,TOTAL,ALL,7,ALL,ALL,2024,2082.57991678599,,,,,,,,ALL_N1,,,,,,,
IT1:DF_DCSS_ISTR_LAV_PEN_2_TV_3(1.0),A,082021,RESPOP_AV,M,Y_GE15,TOTAL,ALL,99,ALL,ALL,2018,15429,,,,,,,,ALL_N1,99_N1,,,,,,
IT1:DF_DCSS_ISTR_LAV_PEN_2_TV_3(1.0),A,082021,RESPOP_AV,M,Y_GE15,TOTAL,ALL,99,ALL,ALL,2019,15600,,,,,,,,ALL_N1,99_N1,,,,,,
IT1:DF_DCSS_ISTR_LAV_PEN_2_TV_3(1.0),A,082021,RESPOP_AV,M,Y_GE15,TOTAL,ALL,99,ALL,ALL,2021,15989,,,,,,,,ALL_N1,99_N1,,,,,,
IT1:DF_DCSS_ISTR_LAV_PEN_2_TV_3(1.0),A,082021,RESPOP_AV,M,Y_GE15,TOTAL,ALL,99,ALL,ALL,2022,16259,,,,,,,,ALL_N1,99_N1,,,,,,
IT1:DF_DCSS_ISTR_LAV_PEN_2_TV_3(1.0),A,082021,RESPOP_AV,M,Y_GE15,TOTAL,ALL,99,ALL,ALL,2023,16474,,,,,,,,ALL_N1,99_N1,,,,,,
IT1:DF_DCSS_ISTR_LAV_PEN_2_TV_3(1.0),A,082021,RESPOP_AV,M,Y_GE15,TOTAL,ALL,99,ALL,ALL,2024,16720,,,,,,,,ALL_N1,99_N1,,,,,,
IT1:DF_DCSS_ISTR_LAV_PEN_2_TV_3(1.0),A,082021,RESPOP_AV,T,Y_GE15,TOTAL,ALL,1,ALL,ALL,2018,10295,,,,,,,,ALL_N1,,,,,,,
IT1:DF_DCSS_ISTR_LAV_PEN_2_TV_3(1.0),A,082021,RESPOP_AV,T,Y_GE15,TOTAL,ALL,1,ALL,ALL,2019,10532,,,,,,,,ALL_N1,,,,,,,
IT1:DF_DCSS_ISTR_LAV_PEN_2_TV_3(1.0),A,082021,RESPOP_AV,T,Y_GE15,TOTAL,ALL,1,ALL,ALL,2021,11434,,,,,,,,ALL_N1,,,,,,,
IT1:DF_DCSS_ISTR_LAV_PEN_2_TV_3(1.0),A,082021,RESPOP_AV,T,Y_GE15,TOTAL,ALL,1,ALL,ALL,2022,11926,,,,,,,,ALL_N1,,,,,,,
IT1:DF_DCSS_ISTR_LAV_PEN_2_TV_3(1.0),A,082021,RESPOP_AV,T,Y_GE15,TOTAL,ALL,1,ALL,ALL,2023,12305,,,,,,,,ALL_N1,,,,,,,
IT1:DF_DCSS_ISTR_LAV_PEN_2_TV_3(1.0),A,082021,RESPOP_AV,T,Y_GE15,TOTAL,ALL,1,ALL,ALL,2024,12756,,,,,,,,ALL_N1,,,,,,,
IT1:DF_DCSS_ISTR_LAV_PEN_2_TV_3(1.0),A,082021,RESPOP_AV,T,Y_GE15,TOTAL,ALL,12,ALL,ALL,2018,4048,,,,,,,,ALL_N1,,,,,,,
IT1:DF_DCSS_ISTR_LAV_PEN_2_TV_3(1.0),A,082021,RESPOP_AV,T,Y_GE15,TOTAL,ALL,12,ALL,ALL,2019,3982,,,,,,,,ALL_N1,,,,,,,
IT1:DF_DCSS_ISTR_LAV_PEN_2_TV_3(1.0),A,082021,RESPOP_AV,T,Y_GE15,TOTAL,ALL,12,ALL,ALL,2021,2373.90850471855,,,,,,,,ALL_N1,,,,,,,
IT1:DF_DCSS_ISTR_LAV_PEN_2_TV_3(1.0),A,082021,RESPOP_AV,T,Y_GE15,TOTAL,ALL,12,ALL,ALL,2022,2392.0281387686,,,,,,,,ALL_N1,,,,,,,
IT1:DF_DCSS_ISTR_LAV_PEN_2_TV_3(1.0),A,082021,RESPOP_AV,T,Y_GE15,TOTAL,ALL,12,ALL,ALL,2023,2054.2741200631885,,,,,,,,ALL_N1,,,,,,,
IT1:DF_DCSS_ISTR_LAV_PEN_2_TV_3(1.0),A,082021,RESPOP_AV,T,Y_GE15,TOTAL,ALL,12,ALL,ALL,2024,2000.7401582630366,,,,,,,,ALL_N1,,,,,,,
IT1:DF_DCSS_ISTR_LAV_PEN_2_TV_3(1.0),A,082021,RESPOP_AV,T,Y_GE15,TOTAL,ALL,22,ALL,ALL,2018,14343,,,,,,,,ALL_N1,,,,,,,
IT1:DF_DCSS_ISTR_LAV_PEN_2_TV_3(1.0),A,082021,RESPOP_AV,T,Y_GE15,TOTAL,ALL,22,ALL,ALL,2019,14513,,,,,,,,ALL_N1,,,,,,,
IT1:DF_DCSS_ISTR_LAV_PEN_2_TV_3(1.0),A,082021,RESPOP_AV,T,Y_GE15,TOTAL,ALL,22,ALL,ALL,2021,13807.9085047186,,,,,,,,ALL_N1,,,,,,,
IT1:DF_DCSS_ISTR_LAV_PEN_2_TV_3(1.0),A,082021,RESPOP_AV,T,Y_GE15,TOTAL,ALL,22,ALL,ALL,2022,14318.0281387686,,,,,,,,ALL_N1,,,,,,,
IT1:DF_DCSS_ISTR_LAV_PEN_2_TV_3(1.0),A,082021,RESPOP_AV,T,Y_GE15,TOTAL,ALL,22,ALL,ALL,2023,14359.274120063188,,,,,,,,ALL_N1,,,,,,,
IT1:DF_DCSS_ISTR_LAV_PEN_2_TV_3(1.0),A,082021,RESPOP_AV,T,Y_GE15,TOTAL,ALL,22,ALL,ALL,2024,14756.740158263037,,,,,,,,ALL_N1,,,,,,,
IT1:DF_DCSS_ISTR_LAV_PEN_2_TV_3(1.0),A,082021,RESPOP_AV,T,Y_GE15,TOTAL,ALL,23,ALL,ALL,2018,16970,,,,,,,,ALL_N1,,,,,,,
IT1:DF_DCSS_ISTR_LAV_PEN_2_TV_3(1.0),A,082021,RESPOP_AV,T,Y_GE15,TOTAL,ALL,23,ALL,ALL,2019,17184,,,,,,,,ALL_N1,,,,,,,
IT1:DF_DCSS_ISTR_LAV_PEN_2_TV_3(1.0),A,082021,RESPOP_AV,T,Y_GE15,TOTAL,ALL,23,ALL,ALL,2021,18615.0914952814,,,,,,,,ALL_N1,,,,,,,
IT1:DF_DCSS_ISTR_LAV_PEN_2_TV_3(1.0),A,082021,RESPOP_AV,T,Y_GE15,TOTAL,ALL,23,ALL,ALL,2022,18611.9718612314,,,,,,,,ALL_N1,,,,,,,
IT1:DF_DCSS_ISTR_LAV_PEN_2_TV_3(1.0),A,082021,RESPOP_AV,T,Y_GE15,TOTAL,ALL,23,ALL,ALL,2023,19033.725879936814,,,,,,,,ALL_N1,,,,,,,
IT1:DF_DCSS_ISTR_LAV_PEN_2_TV_3(1.0),A,082021,RESPOP_AV,T,Y_GE15,TOTAL,ALL,23,ALL,ALL,2024,19149.259841736963,,,,,,,,ALL_N1,,,,,,,
IT1:DF_DCSS_ISTR_LAV_PEN_2_TV_3(1.0),A,082021,RESPOP_AV,T,Y_GE15,TOTAL,ALL,24,ALL,ALL,2018,4321,,,,,,,,ALL_N1,,,,,,,
IT1:DF_DCSS_ISTR_LAV_PEN_2_TV_3(1.0),A,082021,RESPOP_AV,T,Y_GE15,TOTAL,ALL,24,ALL,ALL,2019,4538,,,,,,,,ALL_N1,,,,,,,
IT1:DF_DCSS_ISTR_LAV_PEN_2_TV_3(1.0),A,082021,RESPOP_AV,T,Y_GE15,TOTAL,ALL,24,ALL,ALL,2021,4830.28025991626,,,,,,,,ALL_N1,,,,,,,
IT1:DF_DCSS_ISTR_LAV_PEN_2_TV_3(1.0),A,082021,RESPOP_AV,T,Y_GE15,TOTAL,ALL,24,ALL,ALL,2022,4546.75354840568,,,,,,,,ALL_N1,,,,,,,
IT1:DF_DCSS_ISTR_LAV_PEN_2_TV_3(1.0),A,082021,RESPOP_AV,T,Y_GE15,TOTAL,ALL,24,ALL,ALL,2023,4599.501678022293,,,,,,,,ALL_N1,,,,,,,
IT1:DF_DCSS_ISTR_LAV_PEN_2_TV_3(1.0),A,082021,RESPOP_AV,T,Y_GE15,TOTAL,ALL,24,ALL,ALL,2024,5165.670084520931,,,,,,,,ALL_N1,,,,,,,
IT1:DF_DCSS_ISTR_LAV_PEN_2_TV_3(1.0),A,082021,RESPOP_AV,T,Y_GE15,TOTAL,ALL,4,ALL,ALL,2018,6586,,,,,,,,ALL_N1,,,,,,,
IT1:DF_DCSS_ISTR_LAV_PEN_2_TV_3(1.0),A,082021,RESPOP_AV,T,Y_GE15,TOTAL,ALL,4,ALL,ALL,2019,6879,,,,,,,,ALL_N1,,,,,,,
IT1:DF_DCSS_ISTR_LAV_PEN_2_TV_3(1.0),A,082021,RESPOP_AV,T,Y_GE15,TOTAL,ALL,4,ALL,ALL,2021,7260.45589097435,,,,,,,,ALL_N1,,,,,,,
IT1:DF_DCSS_ISTR_LAV_PEN_2_TV_3(1.0),A,082021,RESPOP_AV,T,Y_GE15,TOTAL,ALL,4,ALL,ALL,2022,7244.79122890155,,,,,,,,ALL_N1,,,,,,,
IT1:DF_DCSS_ISTR_LAV_PEN_2_TV_3(1.0),A,082021,RESPOP_AV,T,Y_GE15,TOTAL,ALL,4,ALL,ALL,2023,7600.389255540047,,,,,,,,ALL_N1,,,,,,,
IT1:DF_DCSS_ISTR_LAV_PEN_2_TV_3(1.0),A,082021,RESPOP_AV,T,Y_GE15,TOTAL,ALL,4,ALL,ALL,2024,7511.958530200341,,,,,,,,ALL_N1,,,,,,,
IT1:DF_DCSS_ISTR_LAV_PEN_2_TV_3(1.0),A,082021,RESPOP_AV,T,Y_GE15,TOTAL,ALL,5,ALL,ALL,2018,2605,,,,,,,,ALL_N1,,,,,,,
IT1:DF_DCSS_ISTR_LAV_PEN_2_TV_3(1.0),A,082021,RESPOP_AV,T,Y_GE15,TOTAL,ALL,5,ALL,ALL,2019,2726,,,,,,,,ALL_N1,,,,,,,
IT1:DF_DCSS_ISTR_LAV_PEN_2_TV_3(1.0),A,082021,RESPOP_AV,T,Y_GE15,TOTAL,ALL,5,ALL,ALL,2021,2915.59931645301,,,,,,,,ALL_N1,,,,,,,
IT1:DF_DCSS_ISTR_LAV_PEN_2_TV_3(1.0),A,082021,RESPOP_AV,T,Y_GE15,TOTAL,ALL,5,ALL,ALL,2022,3114.52593055346,,,,,,,,ALL_N1,,,,,,,
IT1:DF_DCSS_ISTR_LAV_PEN_2_TV_3(1.0),A,082021,RESPOP_AV,T,Y_GE15,TOTAL,ALL,5,ALL,ALL,2023,3328.5549858865197,,,,,,,,ALL_N1,,,,,,,
IT1:DF_DCSS_ISTR_LAV_PEN_2_TV_3(1.0),A,082021,RESPOP_AV,T,Y_GE15,TOTAL,ALL,5,ALL,ALL,2024,3171.9635198015367,,,,,,,,ALL_N1,,,,,,,
IT1:DF_DCSS_ISTR_LAV_PEN_2_TV_3(1.0),A,082021,RESPOP_AV,T,Y_GE15,TOTAL,ALL,7,ALL,ALL,2018,3458,,,,,,,,ALL_N1,,,,,,,
IT1:DF_DCSS_ISTR_LAV_PEN_2_TV_3(1.0),A,082021,RESPOP_AV,T,Y_GE15,TOTAL,ALL,7,ALL,ALL,2019,3042,,,,,,,,ALL_N1,,,,,,,
IT1:DF_DCSS_ISTR_LAV_PEN_2_TV_3(1.0),A,082021,RESPOP_AV,T,Y_GE15,TOTAL,ALL,7,ALL,ALL,2021,3608.75602793783,,,,,,,,ALL_N1,,,,,,,
IT1:DF_DCSS_ISTR_LAV_PEN_2_TV_3(1.0),A,082021,RESPOP_AV,T,Y_GE15,TOTAL,ALL,7,ALL,ALL,2022,3705.90115337071,,,,,,,,ALL_N1,,,,,,,
IT1:DF_DCSS_ISTR_LAV_PEN_2_TV_3(1.0),A,082021,RESPOP_AV,T,Y_GE15,TOTAL,ALL,7,ALL,ALL,2023,3505.2799604879515,,,,,,,,ALL_N1,,,,,,,
IT1:DF_DCSS_ISTR_LAV_PEN_2_TV_3(1.0),A,082021,RESPOP_AV,T,Y_GE15,TOTAL,ALL,7,ALL,ALL,2024,3299.6677072141542,,,,,,,,ALL_N1,,,,,,,
IT1:DF_DCSS_ISTR_LAV_PEN_2_TV_3(1.0),A,082021,RESPOP_AV,T,Y_GE15,TOTAL,ALL,99,ALL,ALL,2018,31313,,,,,,,,ALL_N1,99_N1,,,,,,
IT1:DF_DCSS_ISTR_LAV_PEN_2_TV_3(1.0),A,082021,RESPOP_AV,T,Y_GE15,TOTAL,ALL,99,ALL,ALL,2019,31697,,,,,,,,ALL_N1,99_N1,,,,,,
IT1:DF_DCSS_ISTR_LAV_PEN_2_TV_3(1.0),A,082021,RESPOP_AV,T,Y_GE15,TOTAL,ALL,99,ALL,ALL,2021,32423,,,,,,,,ALL_N1,99_N1,,,,,,
IT1:DF_DCSS_ISTR_LAV_PEN_2_TV_3(1.0),A,082021,RESPOP_AV,T,Y_GE15,TOTAL,ALL,99,ALL,ALL,2022,32930,,,,,,,,ALL_N1,99_N1,,,,,,
IT1:DF_DCSS_ISTR_LAV_PEN_2_TV_3(1.0),A,082021,RESPOP_AV,T,Y_GE15,TOTAL,ALL,99,ALL,ALL,2023,33393,,,,,,,,ALL_N1,99_N1,,,,,,
IT1:DF_DCSS_ISTR_LAV_PEN_2_TV_3(1.0),A,082021,RESPOP_AV,T,Y_GE15,TOTAL,ALL,99,ALL,ALL,2024,33906,,,,,,,,ALL_N1,99_N1,,,,,,
IT1:DF_DCSS_ISTR_LAV_PEN_2_TV_3(1.0),A,082022,RESPOP_AV,F,Y_GE15,TOTAL,ALL,1,ALL,ALL,2018,999,,,,,,,,ALL_N1,,,,,,,
IT1:DF_DCSS_ISTR_LAV_PEN_2_TV_3(1.0),A,082022,RESPOP_AV,F,Y_GE15,TOTAL,ALL,1,ALL,ALL,2019,1050,,,,,,,,ALL_N1,,,,,,,
IT1:DF_DCSS_ISTR_LAV_PEN_2_TV_3(1.0),A,082022,RESPOP_AV,F,Y_GE15,TOTAL,ALL,1,ALL,ALL,2021,1085,,,,,,,,ALL_N1,,,,,,,
IT1:DF_DCSS_ISTR_LAV_PEN_2_TV_3(1.0),A,082022,RESPOP_AV,F,Y_GE15,TOTAL,ALL,1,ALL,ALL,2022,1068,,,,,,,,ALL_N1,,,,,,,
IT1:DF_DCSS_ISTR_LAV_PEN_2_TV_3(1.0),A,082022,RESPOP_AV,F,Y_GE15,TOTAL,ALL,1,ALL,ALL,2023,1131,,,,,,,,ALL_N1,,,,,,,
IT1:DF_DCSS_ISTR_LAV_PEN_2_TV_3(1.0),A,082022,RESPOP_AV,F,Y_GE15,TOTAL,ALL,1,ALL,ALL,2024,1157,,,,,,,,ALL_N1,,,,,,,
IT1:DF_DCSS_ISTR_LAV_PEN_2_TV_3(1.0),A,082022,RESPOP_AV,F,Y_GE15,TOTAL,ALL,12,ALL,ALL,2018,372,,,,,,,,ALL_N1,,,,,,,
IT1:DF_DCSS_ISTR_LAV_PEN_2_TV_3(1.0),A,082022,RESPOP_AV,F,Y_GE15,TOTAL,ALL,12,ALL,ALL,2019,346,,,,,,,,ALL_N1,,,,,,,
IT1:DF_DCSS_ISTR_LAV_PEN_2_TV_3(1.0),A,082022,RESPOP_AV,F,Y_GE15,TOTAL,ALL,12,ALL,ALL,2021,191.291000282528,,,,,,,,ALL_N1,,,,,,,
IT1:DF_DCSS_ISTR_LAV_PEN_2_TV_3(1.0),A,082022,RESPOP_AV,F,Y_GE15,TOTAL,ALL,12,ALL,ALL,2022,212.814767190037,,,,,,,,ALL_N1,,,,,,,
IT1:DF_DCSS_ISTR_LAV_PEN_2_TV_3(1.0),A,082022,RESPOP_AV,F,Y_GE15,TOTAL,ALL,12,ALL,ALL,2023,225.31122409431816,,,,,,,,ALL_N1,,,,,,,
IT1:DF_DCSS_ISTR_LAV_PEN_2_TV_3(1.0),A,082022,RESPOP_AV,F,Y_GE15,TOTAL,ALL,12,ALL,ALL,2024,170.73099178882782,,,,,,,,ALL_N1,,,,,,,
IT1:DF_DCSS_ISTR_LAV_PEN_2_TV_3(1.0),A,082022,RESPOP_AV,F,Y_GE15,TOTAL,ALL,22,ALL,ALL,2018,1371,,,,,,,,ALL_N1,,,,,,,
IT1:DF_DCSS_ISTR_LAV_PEN_2_TV_3(1.0),A,082022,RESPOP_AV,F,Y_GE15,TOTAL,ALL,22,ALL,ALL,2019,1396,,,,,,,,ALL_N1,,,,,,,
IT1:DF_DCSS_ISTR_LAV_PEN_2_TV_3(1.0),A,082022,RESPOP_AV,F,Y_GE15,TOTAL,ALL,22,ALL,ALL,2021,1276.29100028253,,,,,,,,ALL_N1,,,,,,,
IT1:DF_DCSS_ISTR_LAV_PEN_2_TV_3(1.0),A,082022,RESPOP_AV,F,Y_GE15,TOTAL,ALL,22,ALL,ALL,2022,1280.81476719004,,,,,,,,ALL_N1,,,,,,,
IT1:DF_DCSS_ISTR_LAV_PEN_2_TV_3(1.0),A,082022,RESPOP_AV,F,Y_GE15,TOTAL,ALL,22,ALL,ALL,2023,1356.3112240943183,,,,,,,,ALL_N1,,,,,,,
IT1:DF_DCSS_ISTR_LAV_PEN_2_TV_3(1.0),A,082022,RESPOP_AV,F,Y_GE15,TOTAL,ALL,22,ALL,ALL,2024,1327.7309917888279,,,,,,,,ALL_N1,,,,,,,
IT1:DF_DCSS_ISTR_LAV_PEN_2_TV_3(1.0),A,082022,RESPOP_AV,F,Y_GE15,TOTAL,ALL,23,ALL,ALL,2018,2561,,,,,,,,ALL_N1,,,,,,,
IT1:DF_DCSS_ISTR_LAV_PEN_2_TV_3(1.0),A,082022,RESPOP_AV,F,Y_GE15,TOTAL,ALL,23,ALL,ALL,2019,2492,,,,,,,,ALL_N1,,,,,,,
IT1:DF_DCSS_ISTR_LAV_PEN_2_TV_3(1.0),A,082022,RESPOP_AV,F,Y_GE15,TOTAL,ALL,23,ALL,ALL,2021,2512.70899971747,,,,,,,,ALL_N1,,,,,,,
IT1:DF_DCSS_ISTR_LAV_PEN_2_TV_3(1.0),A,082022,RESPOP_AV,F,Y_GE15,TOTAL,ALL,23,ALL,ALL,2022,2454.18523280996,,,,,,,,ALL_N1,,,,,,,
IT1:DF_DCSS_ISTR_LAV_PEN_2_TV_3(1.0),A,082022,RESPOP_AV,F,Y_GE15,TOTAL,ALL,23,ALL,ALL,2023,2334.6887759056817,,,,,,,,ALL_N1,,,,,,,
IT1:DF_DCSS_ISTR_LAV_PEN_2_TV_3(1.0),A,082022,RESPOP_AV,F,Y_GE15,TOTAL,ALL,23,ALL,ALL,2024,2318.2690082111726,,,,,,,,ALL_N1,,,,,,,
IT1:DF_DCSS_ISTR_LAV_PEN_2_TV_3(1.0),A,082022,RESPOP_AV,F,Y_GE15,TOTAL,ALL,24,ALL,ALL,2018,919,,,,,,,,ALL_N1,,,,,,,
IT1:DF_DCSS_ISTR_LAV_PEN_2_TV_3(1.0),A,082022,RESPOP_AV,F,Y_GE15,TOTAL,ALL,24,ALL,ALL,2019,922,,,,,,,,ALL_N1,,,,,,,
IT1:DF_DCSS_ISTR_LAV_PEN_2_TV_3(1.0),A,082022,RESPOP_AV,F,Y_GE15,TOTAL,ALL,24,ALL,ALL,2021,869.336388600142,,,,,,,,ALL_N1,,,,,,,
IT1:DF_DCSS_ISTR_LAV_PEN_2_TV_3(1.0),A,082022,RESPOP_AV,F,Y_GE15,TOTAL,ALL,24,ALL,ALL,2022,860.619622198242,,,,,,,,ALL_N1,,,,,,,
IT1:DF_DCSS_ISTR_LAV_PEN_2_TV_3(1.0),A,082022,RESPOP_AV,F,Y_GE15,TOTAL,ALL,24,ALL,ALL,2023,836.2491516855196,,,,,,,,ALL_N1,,,,,,,
IT1:DF_DCSS_ISTR_LAV_PEN_2_TV_3(1.0),A,082022,RESPOP_AV,F,Y_GE15,TOTAL,ALL,24,ALL,ALL,2024,842.7722406189125,,,,,,,,ALL_N1,,,,,,,
IT1:DF_DCSS_ISTR_LAV_PEN_2_TV_3(1.0),A,082022,RESPOP_AV,F,Y_GE15,TOTAL,ALL,4,ALL,ALL,2018,1009,,,,,,,,ALL_N1,,,,,,,
IT1:DF_DCSS_ISTR_LAV_PEN_2_TV_3(1.0),A,082022,RESPOP_AV,F,Y_GE15,TOTAL,ALL,4,ALL,ALL,2019,946,,,,,,,,ALL_N1,,,,,,,
IT1:DF_DCSS_ISTR_LAV_PEN_2_TV_3(1.0),A,082022,RESPOP_AV,F,Y_GE15,TOTAL,ALL,4,ALL,ALL,2021,1029.61822506496,,,,,,,,ALL_N1,,,,,,,
IT1:DF_DCSS_ISTR_LAV_PEN_2_TV_3(1.0),A,082022,RESPOP_AV,F,Y_GE15,TOTAL,ALL,4,ALL,ALL,2022,996.793279499038,,,,,,,,ALL_N1,,,,,,,
IT1:DF_DCSS_ISTR_LAV_PEN_2_TV_3(1.0),A,082022,RESPOP_AV,F,Y_GE15,TOTAL,ALL,4,ALL,ALL,2023,896.9820031398629,,,,,,,,ALL_N1,,,,,,,
IT1:DF_DCSS_ISTR_LAV_PEN_2_TV_3(1.0),A,082022,RESPOP_AV,F,Y_GE15,TOTAL,ALL,4,ALL,ALL,2024,878.2186837904216,,,,,,,,ALL_N1,,,,,,,
IT1:DF_DCSS_ISTR_LAV_PEN_2_TV_3(1.0),A,082022,RESPOP_AV,F,Y_GE15,TOTAL,ALL,5,ALL,ALL,2018,366,,,,,,,,ALL_N1,,,,,,,
IT1:DF_DCSS_ISTR_LAV_PEN_2_TV_3(1.0),A,082022,RESPOP_AV,F,Y_GE15,TOTAL,ALL,5,ALL,ALL,2019,387,,,,,,,,ALL_N1,,,,,,,
IT1:DF_DCSS_ISTR_LAV_PEN_2_TV_3(1.0),A,082022,RESPOP_AV,F,Y_GE15,TOTAL,ALL,5,ALL,ALL,2021,358.363537275944,,,,,,,,ALL_N1,,,,,,,
IT1:DF_DCSS_ISTR_LAV_PEN_2_TV_3(1.0),A,082022,RESPOP_AV,F,Y_GE15,TOTAL,ALL,5,ALL,ALL,2022,330.630702188144,,,,,,,,ALL_N1,,,,,,,
IT1:DF_DCSS_ISTR_LAV_PEN_2_TV_3(1.0),A,082022,RESPOP_AV,F,Y_GE15,TOTAL,ALL,5,ALL,ALL,2023,314.30398320501405,,,,,,,,ALL_N1,,,,,,,
IT1:DF_DCSS_ISTR_LAV_PEN_2_TV_3(1.0),A,082022,RESPOP_AV,F,Y_GE15,TOTAL,ALL,5,ALL,ALL,2024,311.9829546818723,,,,,,,,ALL_N1,,,,,,,
IT1:DF_DCSS_ISTR_LAV_PEN_2_TV_3(1.0),A,082022,RESPOP_AV,F,Y_GE15,TOTAL,ALL,7,ALL,ALL,2018,267,,,,,,,,ALL_N1,,,,,,,
IT1:DF_DCSS_ISTR_LAV_PEN_2_TV_3(1.0),A,082022,RESPOP_AV,F,Y_GE15,TOTAL,ALL,7,ALL,ALL,2019,238,,,,,,,,ALL_N1,,,,,,,
IT1:DF_DCSS_ISTR_LAV_PEN_2_TV_3(1.0),A,082022,RESPOP_AV,F,Y_GE15,TOTAL,ALL,7,ALL,ALL,2021,255.39084877643,,,,,,,,ALL_N1,,,,,,,
IT1:DF_DCSS_ISTR_LAV_PEN_2_TV_3(1.0),A,082022,RESPOP_AV,F,Y_GE15,TOTAL,ALL,7,ALL,ALL,2022,266.141628924539,,,,,,,,ALL_N1,,,,,,,
IT1:DF_DCSS_ISTR_LAV_PEN_2_TV_3(1.0),A,082022,RESPOP_AV,F,Y_GE15,TOTAL,ALL,7,ALL,ALL,2023,287.15363787528537,,,,,,,,ALL_N1,,,,,,,
IT1:DF_DCSS_ISTR_LAV_PEN_2_TV_3(1.0),A,082022,RESPOP_AV,F,Y_GE15,TOTAL,ALL,7,ALL,ALL,2024,285.2951291199662,,,,,,,,ALL_N1,,,,,,,
IT1:DF_DCSS_ISTR_LAV_PEN_2_TV_3(1.0),A,082022,RESPOP_AV,F,Y_GE15,TOTAL,ALL,99,ALL,ALL,2018,3932,,,,,,,,ALL_N1,99_N1,,,,,,
IT1:DF_DCSS_ISTR_LAV_PEN_2_TV_3(1.0),A,082022,RESPOP_AV,F,Y_GE15,TOTAL,ALL,99,ALL,ALL,2019,3888,,,,,,,,ALL_N1,99_N1,,,,,,
IT1:DF_DCSS_ISTR_LAV_PEN_2_TV_3(1.0),A,082022,RESPOP_AV,F,Y_GE15,TOTAL,ALL,99,ALL,ALL,2021,3789,,,,,,,,ALL_N1,99_N1,,,,,,
IT1:DF_DCSS_ISTR_LAV_PEN_2_TV_3(1.0),A,082022,RESPOP_AV,F,Y_GE15,TOTAL,ALL,99,ALL,ALL,2022,3735,,,,,,,,ALL_N1,99_N1,,,,,,
IT1:DF_DCSS_ISTR_LAV_PEN_2_TV_3(1.0),A,082022,RESPOP_AV,F,Y_GE15,TOTAL,ALL,99,ALL,ALL,2023,3691,,,,,,,,ALL_N1,99_N1,,,,,,
IT1:DF_DCSS_ISTR_LAV_PEN_2_TV_3(1.0),A,082022,RESPOP_AV,F,Y_GE15,TOTAL,ALL,99,ALL,ALL,2024,3646.0000000000005,,,,,,,,ALL_N1,99_N1,,,,,,
IT1:DF_DCSS_ISTR_LAV_PEN_2_TV_3(1.0),A,082022,RESPOP_AV,M,Y_GE15,TOTAL,ALL,1,ALL,ALL,2018,1784,,,,,,,,ALL_N1,,,,,,,
IT1:DF_DCSS_ISTR_LAV_PEN_2_TV_3(1.0),A,082022,RESPOP_AV,M,Y_GE15,TOTAL,ALL,1,ALL,ALL,2019,1748,,,,,,,,ALL_N1,,,,,,,
IT1:DF_DCSS_ISTR_LAV_PEN_2_TV_3(1.0),A,082022,RESPOP_AV,M,Y_GE15,TOTAL,ALL,1,ALL,ALL,2021,1729,,,,,,,,ALL_N1,,,,,,,
IT1:DF_DCSS_ISTR_LAV_PEN_2_TV_3(1.0),A,082022,RESPOP_AV,M,Y_GE15,TOTAL,ALL,1,ALL,ALL,2022,1732,,,,,,,,ALL_N1,,,,,,,
IT1:DF_DCSS_ISTR_LAV_PEN_2_TV_3(1.0),A,082022,RESPOP_AV,M,Y_GE15,TOTAL,ALL,1,ALL,ALL,2023,1761,,,,,,,,ALL_N1,,,,,,,
IT1:DF_DCSS_ISTR_LAV_PEN_2_TV_3(1.0),A,082022,RESPOP_AV,M,Y_GE15,TOTAL,ALL,1,ALL,ALL,2024,1778,,,,,,,,ALL_N1,,,,,,,
IT1:DF_DCSS_ISTR_LAV_PEN_2_TV_3(1.0),A,082022,RESPOP_AV,M,Y_GE15,TOTAL,ALL,12,ALL,ALL,2018,406,,,,,,,,ALL_N1,,,,,,,
IT1:DF_DCSS_ISTR_LAV_PEN_2_TV_3(1.0),A,082022,RESPOP_AV,M,Y_GE15,TOTAL,ALL,12,ALL,ALL,2019,388,,,,,,,,ALL_N1,,,,,,,
IT1:DF_DCSS_ISTR_LAV_PEN_2_TV_3(1.0),A,082022,RESPOP_AV,M,Y_GE15,TOTAL,ALL,12,ALL,ALL,2021,228.998341795749,,,,,,,,ALL_N1,,,,,,,
IT1:DF_DCSS_ISTR_LAV_PEN_2_TV_3(1.0),A,082022,RESPOP_AV,M,Y_GE15,TOTAL,ALL,12,ALL,ALL,2022,216.063150422343,,,,,,,,ALL_N1,,,,,,,
IT1:DF_DCSS_ISTR_LAV_PEN_2_TV_3(1.0),A,082022,RESPOP_AV,M,Y_GE15,TOTAL,ALL,12,ALL,ALL,2023,202.73819583639877,,,,,,,,ALL_N1,,,,,,,
IT1:DF_DCSS_ISTR_LAV_PEN_2_TV_3(1.0),A,082022,RESPOP_AV,M,Y_GE15,TOTAL,ALL,12,ALL,ALL,2024,159.12842438257167,,,,,,,,ALL_N1,,,,,,,
IT1:DF_DCSS_ISTR_LAV_PEN_2_TV_3(1.0),A,082022,RESPOP_AV,M,Y_GE15,TOTAL,ALL,22,ALL,ALL,2018,2190,,,,,,,,ALL_N1,,,,,,,
IT1:DF_DCSS_ISTR_LAV_PEN_2_TV_3(1.0),A,082022,RESPOP_AV,M,Y_GE15,TOTAL,ALL,22,ALL,ALL,2019,2136,,,,,,,,ALL_N1,,,,,,,
IT1:DF_DCSS_ISTR_LAV_PEN_2_TV_3(1.0),A,082022,RESPOP_AV,M,Y_GE15,TOTAL,ALL,22,ALL,ALL,2021,1957.99834179575,,,,,,,,ALL_N1,,,,,,,
IT1:DF_DCSS_ISTR_LAV_PEN_2_TV_3(1.0),A,082022,RESPOP_AV,M,Y_GE15,TOTAL,ALL,22,ALL,ALL,2022,1948.06315042234,,,,,,,,ALL_N1,,,,,,,
IT1:DF_DCSS_ISTR_LAV_PEN_2_TV_3(1.0),A,082022,RESPOP_AV,M,Y_GE15,TOTAL,ALL,22,ALL,ALL,2023,1963.7381958363987,,,,,,,,ALL_N1,,,,,,,
IT1:DF_DCSS_ISTR_LAV_PEN_2_TV_3(1.0),A,082022,RESPOP_AV,M,Y_GE15,TOTAL,ALL,22,ALL,ALL,2024,1937.1284243825717,,,,,,,,ALL_N1,,,,,,,
IT1:DF_DCSS_ISTR_LAV_PEN_2_TV_3(1.0),A,082022,RESPOP_AV,M,Y_GE15,TOTAL,ALL,23,ALL,ALL,2018,1543,,,,,,,,ALL_N1,,,,,,,
IT1:DF_DCSS_ISTR_LAV_PEN_2_TV_3(1.0),A,082022,RESPOP_AV,M,Y_GE15,TOTAL,ALL,23,ALL,ALL,2019,1536,,,,,,,,ALL_N1,,,,,,,
IT1:DF_DCSS_ISTR_LAV_PEN_2_TV_3(1.0),A,082022,RESPOP_AV,M,Y_GE15,TOTAL,ALL,23,ALL,ALL,2021,1620.00165820425,,,,,,,,ALL_N1,,,,,,,
IT1:DF_DCSS_ISTR_LAV_PEN_2_TV_3(1.0),A,082022,RESPOP_AV,M,Y_GE15,TOTAL,ALL,23,ALL,ALL,2022,1585.93684957766,,,,,,,,ALL_N1,,,,,,,
IT1:DF_DCSS_ISTR_LAV_PEN_2_TV_3(1.0),A,082022,RESPOP_AV,M,Y_GE15,TOTAL,ALL,23,ALL,ALL,2023,1534.261804163601,,,,,,,,ALL_N1,,,,,,,
IT1:DF_DCSS_ISTR_LAV_PEN_2_TV_3(1.0),A,082022,RESPOP_AV,M,Y_GE15,TOTAL,ALL,23,ALL,ALL,2024,1551.8715756174283,,,,,,,,ALL_N1,,,,,,,
IT1:DF_DCSS_ISTR_LAV_PEN_2_TV_3(1.0),A,082022,RESPOP_AV,M,Y_GE15,TOTAL,ALL,24,ALL,ALL,2018,889,,,,,,,,ALL_N1,,,,,,,
IT1:DF_DCSS_ISTR_LAV_PEN_2_TV_3(1.0),A,082022,RESPOP_AV,M,Y_GE15,TOTAL,ALL,24,ALL,ALL,2019,903,,,,,,,,ALL_N1,,,,,,,
IT1:DF_DCSS_ISTR_LAV_PEN_2_TV_3(1.0),A,082022,RESPOP_AV,M,Y_GE15,TOTAL,ALL,24,ALL,ALL,2021,933.932134801715,,,,,,,,ALL_N1,,,,,,,
IT1:DF_DCSS_ISTR_LAV_PEN_2_TV_3(1.0),A,082022,RESPOP_AV,M,Y_GE15,TOTAL,ALL,24,ALL,ALL,2022,942.843650932601,,,,,,,,ALL_N1,,,,,,,
IT1:DF_DCSS_ISTR_LAV_PEN_2_TV_3(1.0),A,082022,RESPOP_AV,M,Y_GE15,TOTAL,ALL,24,ALL,ALL,2023,920.4038153802413,,,,,,,,ALL_N1,,,,,,,
IT1:DF_DCSS_ISTR_LAV_PEN_2_TV_3(1.0),A,082022,RESPOP_AV,M,Y_GE15,TOTAL,ALL,24,ALL,ALL,2024,930.5532987922093,,,,,,,,ALL_N1,,,,,,,
IT1:DF_DCSS_ISTR_LAV_PEN_2_TV_3(1.0),A,082022,RESPOP_AV,M,Y_GE15,TOTAL,ALL,4,ALL,ALL,2018,31,,,,,,,,ALL_N1,,,,,,,
IT1:DF_DCSS_ISTR_LAV_PEN_2_TV_3(1.0),A,082022,RESPOP_AV,M,Y_GE15,TOTAL,ALL,4,ALL,ALL,2019,30,,,,,,,,ALL_N1,,,,,,,
IT1:DF_DCSS_ISTR_LAV_PEN_2_TV_3(1.0),A,082022,RESPOP_AV,M,Y_GE15,TOTAL,ALL,4,ALL,ALL,2021,54.6083369745477,,,,,,,,ALL_N1,,,,,,,
IT1:DF_DCSS_ISTR_LAV_PEN_2_TV_3(1.0),A,082022,RESPOP_AV,M,Y_GE15,TOTAL,ALL,4,ALL,ALL,2022,52.0998580992822,,,,,,,,ALL_N1,,,,,,,
IT1:DF_DCSS_ISTR_LAV_PEN_2_TV_3(1.0),A,082022,RESPOP_AV,M,Y_GE15,TOTAL,ALL,4,ALL,ALL,2023,49.166293136092435,,,,,,,,ALL_N1,,,,,,,
IT1:DF_DCSS_ISTR_LAV_PEN_2_TV_3(1.0),A,082022,RESPOP_AV,M,Y_GE15,TOTAL,ALL,4,ALL,ALL,2024,44.49023756540928,,,,,,,,ALL_N1,,,,,,,
IT1:DF_DCSS_ISTR_LAV_PEN_2_TV_3(1.0),A,082022,RESPOP_AV,M,Y_GE15,TOTAL,ALL,5,ALL,ALL,2018,310,,,,,,,,ALL_N1,,,,,,,
IT1:DF_DCSS_ISTR_LAV_PEN_2_TV_3(1.0),A,082022,RESPOP_AV,M,Y_GE15,TOTAL,ALL,5,ALL,ALL,2019,322,,,,,,,,ALL_N1,,,,,,,
IT1:DF_DCSS_ISTR_LAV_PEN_2_TV_3(1.0),A,082022,RESPOP_AV,M,Y_GE15,TOTAL,ALL,5,ALL,ALL,2021,293.454206976694,,,,,,,,ALL_N1,,,,,,,
IT1:DF_DCSS_ISTR_LAV_PEN_2_TV_3(1.0),A,082022,RESPOP_AV,M,Y_GE15,TOTAL,ALL,5,ALL,ALL,2022,289.905492100899,,,,,,,,ALL_N1,,,,,,,
IT1:DF_DCSS_ISTR_LAV_PEN_2_TV_3(1.0),A,082022,RESPOP_AV,M,Y_GE15,TOTAL,ALL,5,ALL,ALL,2023,274.1054990053725,,,,,,,,ALL_N1,,,,,,,
IT1:DF_DCSS_ISTR_LAV_PEN_2_TV_3(1.0),A,082022,RESPOP_AV,M,Y_GE15,TOTAL,ALL,5,ALL,ALL,2024,280.4988994950576,,,,,,,,ALL_N1,,,,,,,
IT1:DF_DCSS_ISTR_LAV_PEN_2_TV_3(1.0),A,082022,RESPOP_AV,M,Y_GE15,TOTAL,ALL,7,ALL,ALL,2018,313,,,,,,,,ALL_N1,,,,,,,
IT1:DF_DCSS_ISTR_LAV_PEN_2_TV_3(1.0),A,082022,RESPOP_AV,M,Y_GE15,TOTAL,ALL,7,ALL,ALL,2019,282,,,,,,,,ALL_N1,,,,,,,
IT1:DF_DCSS_ISTR_LAV_PEN_2_TV_3(1.0),A,082022,RESPOP_AV,M,Y_GE15,TOTAL,ALL,7,ALL,ALL,2021,338.006979451295,,,,,,,,ALL_N1,,,,,,,
IT1:DF_DCSS_ISTR_LAV_PEN_2_TV_3(1.0),A,082022,RESPOP_AV,M,Y_GE15,TOTAL,ALL,7,ALL,ALL,2022,301.087848444876,,,,,,,,ALL_N1,,,,,,,
IT1:DF_DCSS_ISTR_LAV_PEN_2_TV_3(1.0),A,082022,RESPOP_AV,M,Y_GE15,TOTAL,ALL,7,ALL,ALL,2023,290.5861966418949,,,,,,,,ALL_N1,,,,,,,
IT1:DF_DCSS_ISTR_LAV_PEN_2_TV_3(1.0),A,082022,RESPOP_AV,M,Y_GE15,TOTAL,ALL,7,ALL,ALL,2024,296.3291397647522,,,,,,,,ALL_N1,,,,,,,
IT1:DF_DCSS_ISTR_LAV_PEN_2_TV_3(1.0),A,082022,RESPOP_AV,M,Y_GE15,TOTAL,ALL,99,ALL,ALL,2018,3733,,,,,,,,ALL_N1,99_N1,,,,,,
IT1:DF_DCSS_ISTR_LAV_PEN_2_TV_3(1.0),A,082022,RESPOP_AV,M,Y_GE15,TOTAL,ALL,99,ALL,ALL,2019,3672,,,,,,,,ALL_N1,99_N1,,,,,,
IT1:DF_DCSS_ISTR_LAV_PEN_2_TV_3(1.0),A,082022,RESPOP_AV,M,Y_GE15,TOTAL,ALL,99,ALL,ALL,2021,3578,,,,,,,,ALL_N1,99_N1,,,,,,
IT1:DF_DCSS_ISTR_LAV_PEN_2_TV_3(1.0),A,082022,RESPOP_AV,M,Y_GE15,TOTAL,ALL,99,ALL,ALL,2022,3534,,,,,,,,ALL_N1,99_N1,,,,,,
IT1:DF_DCSS_ISTR_LAV_PEN_2_TV_3(1.0),A,082022,RESPOP_AV,M,Y_GE15,TOTAL,ALL,99,ALL,ALL,2023,3498,,,,,,,,ALL_N1,99_N1,,,,,,
IT1:DF_DCSS_ISTR_LAV_PEN_2_TV_3(1.0),A,082022,RESPOP_AV,M,Y_GE15,TOTAL,ALL,99,ALL,ALL,2024,3489,,,,,,,,ALL_N1,99_N1,,,,,,
IT1:DF_DCSS_ISTR_LAV_PEN_2_TV_3(1.0),A,082022,RESPOP_AV,T,Y_GE15,TOTAL,ALL,1,ALL,ALL,2018,2783,,,,,,,,ALL_N1,,,,,,,
IT1:DF_DCSS_ISTR_LAV_PEN_2_TV_3(1.0),A,082022,RESPOP_AV,T,Y_GE15,TOTAL,ALL,1,ALL,ALL,2019,2798,,,,,,,,ALL_N1,,,,,,,
IT1:DF_DCSS_ISTR_LAV_PEN_2_TV_3(1.0),A,082022,RESPOP_AV,T,Y_GE15,TOTAL,ALL,1,ALL,ALL,2021,2814,,,,,,,,ALL_N1,,,,,,,
IT1:DF_DCSS_ISTR_LAV_PEN_2_TV_3(1.0),A,082022,RESPOP_AV,T,Y_GE15,TOTAL,ALL,1,ALL,ALL,2022,2800,,,,,,,,ALL_N1,,,,,,,
IT1:DF_DCSS_ISTR_LAV_PEN_2_TV_3(1.0),A,082022,RESPOP_AV,T,Y_GE15,TOTAL,ALL,1,ALL,ALL,2023,2892,,,,,,,,ALL_N1,,,,,,,
IT1:DF_DCSS_ISTR_LAV_PEN_2_TV_3(1.0),A,082022,RESPOP_AV,T,Y_GE15,TOTAL,ALL,1,ALL,ALL,2024,2935,,,,,,,,ALL_N1,,,,,,,
IT1:DF_DCSS_ISTR_LAV_PEN_2_TV_3(1.0),A,082022,RESPOP_AV,T,Y_GE15,TOTAL,ALL,12,ALL,ALL,2018,778,,,,,,,,ALL_N1,,,,,,,
IT1:DF_DCSS_ISTR_LAV_PEN_2_TV_3(1.0),A,082022,RESPOP_AV,T,Y_GE15,TOTAL,ALL,12,ALL,ALL,2019,734,,,,,,,,ALL_N1,,,,,,,
IT1:DF_DCSS_ISTR_LAV_PEN_2_TV_3(1.0),A,082022,RESPOP_AV,T,Y_GE15,TOTAL,ALL,12,ALL,ALL,2021,420.289342078277,,,,,,,,ALL_N1,,,,,,,
IT1:DF_DCSS_ISTR_LAV_PEN_2_TV_3(1.0),A,082022,RESPOP_AV,T,Y_GE15,TOTAL,ALL,12,ALL,ALL,2022,428.87791761238,,,,,,,,ALL_N1,,,,,,,
IT1:DF_DCSS_ISTR_LAV_PEN_2_TV_3(1.0),A,082022,RESPOP_AV,T,Y_GE15,TOTAL,ALL,12,ALL,ALL,2023,428.0494199307169,,,,,,,,ALL_N1,,,,,,,
IT1:DF_DCSS_ISTR_LAV_PEN_2_TV_3(1.0),A,082022,RESPOP_AV,T,Y_GE15,TOTAL,ALL,12,ALL,ALL,2024,329.85941617139946,,,,,,,,ALL_N1,,,,,,,
IT1:DF_DCSS_ISTR_LAV_PEN_2_TV_3(1.0),A,082022,RESPOP_AV,T,Y_GE15,TOTAL,ALL,22,ALL,ALL,2018,3561,,,,,,,,ALL_N1,,,,,,,
IT1:DF_DCSS_ISTR_LAV_PEN_2_TV_3(1.0),A,082022,RESPOP_AV,T,Y_GE15,TOTAL,ALL,22,ALL,ALL,2019,3532,,,,,,,,ALL_N1,,,,,,,
IT1:DF_DCSS_ISTR_LAV_PEN_2_TV_3(1.0),A,082022,RESPOP_AV,T,Y_GE15,TOTAL,ALL,22,ALL,ALL,2021,3234.28934207828,,,,,,,,ALL_N1,,,,,,,
IT1:DF_DCSS_ISTR_LAV_PEN_2_TV_3(1.0),A,082022,RESPOP_AV,T,Y_GE15,TOTAL,ALL,22,ALL,ALL,2022,3228.87791761238,,,,,,,,ALL_N1,,,,,,,
IT1:DF_DCSS_ISTR_LAV_PEN_2_TV_3(1.0),A,082022,RESPOP_AV,T,Y_GE15,TOTAL,ALL,22,ALL,ALL,2023,3320.049419930717,,,,,,,,ALL_N1,,,,,,,
IT1:DF_DCSS_ISTR_LAV_PEN_2_TV_3(1.0),A,082022,RESPOP_AV,T,Y_GE15,TOTAL,ALL,22,ALL,ALL,2024,3264.8594161713995,,,,,,,,ALL_N1,,,,,,,
IT1:DF_DCSS_ISTR_LAV_PEN_2_TV_3(1.0),A,082022,RESPOP_AV,T,Y_GE15,TOTAL,ALL,23,ALL,ALL,2018,4104,,,,,,,,ALL_N1,,,,,,,
IT1:DF_DCSS_ISTR_LAV_PEN_2_TV_3(1.0),A,082022,RESPOP_AV,T,Y_GE15,TOTAL,ALL,23,ALL,ALL,2019,4028,,,,,,,,ALL_N1,,,,,,,
IT1:DF_DCSS_ISTR_LAV_PEN_2_TV_3(1.0),A,082022,RESPOP_AV,T,Y_GE15,TOTAL,ALL,23,ALL,ALL,2021,4132.71065792172,,,,,,,,ALL_N1,,,,,,,
IT1:DF_DCSS_ISTR_LAV_PEN_2_TV_3(1.0),A,082022,RESPOP_AV,T,Y_GE15,TOTAL,ALL,23,ALL,ALL,2022,4040.12208238762,,,,,,,,ALL_N1,,,,,,,
IT1:DF_DCSS_ISTR_LAV_PEN_2_TV_3(1.0),A,082022,RESPOP_AV,T,Y_GE15,TOTAL,ALL,23,ALL,ALL,2023,3868.9505800692828,,,,,,,,ALL_N1,,,,,,,
IT1:DF_DCSS_ISTR_LAV_PEN_2_TV_3(1.0),A,082022,RESPOP_AV,T,Y_GE15,TOTAL,ALL,23,ALL,ALL,2024,3870.140583828601,,,,,,,,ALL_N1,,,,,,,
IT1:DF_DCSS_ISTR_LAV_PEN_2_TV_3(1.0),A,082022,RESPOP_AV,T,Y_GE15,TOTAL,ALL,24,ALL,ALL,2018,1808,,,,,,,,ALL_N1,,,,,,,
IT1:DF_DCSS_ISTR_LAV_PEN_2_TV_3(1.0),A,082022,RESPOP_AV,T,Y_GE15,TOTAL,ALL,24,ALL,ALL,2019,1825,,,,,,,,ALL_N1,,,,,,,
IT1:DF_DCSS_ISTR_LAV_PEN_2_TV_3(1.0),A,082022,RESPOP_AV,T,Y_GE15,TOTAL,ALL,24,ALL,ALL,2021,1803.26852340186,,,,,,,,ALL_N1,,,,,,,
IT1:DF_DCSS_ISTR_LAV_PEN_2_TV_3(1.0),A,082022,RESPOP_AV,T,Y_GE15,TOTAL,ALL,24,ALL,ALL,2022,1803.46327313084,,,,,,,,ALL_N1,,,,,,,
IT1:DF_DCSS_ISTR_LAV_PEN_2_TV_3(1.0),A,082022,RESPOP_AV,T,Y_GE15,TOTAL,ALL,24,ALL,ALL,2023,1756.6529670657608,,,,,,,,ALL_N1,,,,,,,
IT1:DF_DCSS_ISTR_LAV_PEN_2_TV_3(1.0),A,082022,RESPOP_AV,T,Y_GE15,TOTAL,ALL,24,ALL,ALL,2024,1773.3255394111218,,,,,,,,ALL_N1,,,,,,,
IT1:DF_DCSS_ISTR_LAV_PEN_2_TV_3(1.0),A,082022,RESPOP_AV,T,Y_GE15,TOTAL,ALL,4,ALL,ALL,2018,1040,,,,,,,,ALL_N1,,,,,,,
IT1:DF_DCSS_ISTR_LAV_PEN_2_TV_3(1.0),A,082022,RESPOP_AV,T,Y_GE15,TOTAL,ALL,4,ALL,ALL,2019,975,,,,,,,,ALL_N1,,,,,,,
IT1:DF_DCSS_ISTR_LAV_PEN_2_TV_3(1.0),A,082022,RESPOP_AV,T,Y_GE15,TOTAL,ALL,4,ALL,ALL,2021,1084.2265620395,,,,,,,,ALL_N1,,,,,,,
IT1:DF_DCSS_ISTR_LAV_PEN_2_TV_3(1.0),A,082022,RESPOP_AV,T,Y_GE15,TOTAL,ALL,4,ALL,ALL,2022,1048.89313759832,,,,,,,,ALL_N1,,,,,,,
IT1:DF_DCSS_ISTR_LAV_PEN_2_TV_3(1.0),A,082022,RESPOP_AV,T,Y_GE15,TOTAL,ALL,4,ALL,ALL,2023,946.1482962759553,,,,,,,,ALL_N1,,,,,,,
IT1:DF_DCSS_ISTR_LAV_PEN_2_TV_3(1.0),A,082022,RESPOP_AV,T,Y_GE15,TOTAL,ALL,4,ALL,ALL,2024,922.7089213558307,,,,,,,,ALL_N1,,,,,,,
IT1:DF_DCSS_ISTR_LAV_PEN_2_TV_3(1.0),A,082022,RESPOP_AV,T,Y_GE15,TOTAL,ALL,5,ALL,ALL,2018,676,,,,,,,,ALL_N1,,,,,,,
IT1:DF_DCSS_ISTR_LAV_PEN_2_TV_3(1.0),A,082022,RESPOP_AV,T,Y_GE15,TOTAL,ALL,5,ALL,ALL,2019,709,,,,,,,,ALL_N1,,,,,,,
IT1:DF_DCSS_ISTR_LAV_PEN_2_TV_3(1.0),A,082022,RESPOP_AV,T,Y_GE15,TOTAL,ALL,5,ALL,ALL,2021,651.817744252637,,,,,,,,ALL_N1,,,,,,,
IT1:DF_DCSS_ISTR_LAV_PEN_2_TV_3(1.0),A,082022,RESPOP_AV,T,Y_GE15,TOTAL,ALL,5,ALL,ALL,2022,620.536194289043,,,,,,,,ALL_N1,,,,,,,
IT1:DF_DCSS_ISTR_LAV_PEN_2_TV_3(1.0),A,082022,RESPOP_AV,T,Y_GE15,TOTAL,ALL,5,ALL,ALL,2023,588.4094822103865,,,,,,,,ALL_N1,,,,,,,
IT1:DF_DCSS_ISTR_LAV_PEN_2_TV_3(1.0),A,082022,RESPOP_AV,T,Y_GE15,TOTAL,ALL,5,ALL,ALL,2024,592.4818541769299,,,,,,,,ALL_N1,,,,,,,
IT1:DF_DCSS_ISTR_LAV_PEN_2_TV_3(1.0),A,082022,RESPOP_AV,T,Y_GE15,TOTAL,ALL,7,ALL,ALL,2018,580,,,,,,,,ALL_N1,,,,,,,
IT1:DF_DCSS_ISTR_LAV_PEN_2_TV_3(1.0),A,082022,RESPOP_AV,T,Y_GE15,TOTAL,ALL,7,ALL,ALL,2019,519,,,,,,,,ALL_N1,,,,,,,
IT1:DF_DCSS_ISTR_LAV_PEN_2_TV_3(1.0),A,082022,RESPOP_AV,T,Y_GE15,TOTAL,ALL,7,ALL,ALL,2021,593.397828227725,,,,,,,,ALL_N1,,,,,,,
IT1:DF_DCSS_ISTR_LAV_PEN_2_TV_3(1.0),A,082022,RESPOP_AV,T,Y_GE15,TOTAL,ALL,7,ALL,ALL,2022,567.229477369415,,,,,,,,ALL_N1,,,,,,,
IT1:DF_DCSS_ISTR_LAV_PEN_2_TV_3(1.0),A,082022,RESPOP_AV,T,Y_GE15,TOTAL,ALL,7,ALL,ALL,2023,577.7398345171803,,,,,,,,ALL_N1,,,,,,,
IT1:DF_DCSS_ISTR_LAV_PEN_2_TV_3(1.0),A,082022,RESPOP_AV,T,Y_GE15,TOTAL,ALL,7,ALL,ALL,2024,581.6242688847184,,,,,,,,ALL_N1,,,,,,,
IT1:DF_DCSS_ISTR_LAV_PEN_2_TV_3(1.0),A,082022,RESPOP_AV,T,Y_GE15,TOTAL,ALL,99,ALL,ALL,2018,7665,,,,,,,,ALL_N1,99_N1,,,,,,
IT1:DF_DCSS_ISTR_LAV_PEN_2_TV_3(1.0),A,082022,RESPOP_AV,T,Y_GE15,TOTAL,ALL,99,ALL,ALL,2019,7560,,,,,,,,ALL_N1,99_N1,,,,,,
IT1:DF_DCSS_ISTR_LAV_PEN_2_TV_3(1.0),A,082022,RESPOP_AV,T,Y_GE15,TOTAL,ALL,99,ALL,ALL,2021,7367,,,,,,,,ALL_N1,99_N1,,,,,,
IT1:DF_DCSS_ISTR_LAV_PEN_2_TV_3(1.0),A,082022,RESPOP_AV,T,Y_GE15,TOTAL,ALL,99,ALL,ALL,2022,7269,,,,,,,,ALL_N1,99_N1,,,,,,
IT1:DF_DCSS_ISTR_LAV_PEN_2_TV_3(1.0),A,082022,RESPOP_AV,T,Y_GE15,TOTAL,ALL,99,ALL,ALL,2023,7189,,,,,,,,ALL_N1,99_N1,,,,,,
IT1:DF_DCSS_ISTR_LAV_PEN_2_TV_3(1.0),A,082022,RESPOP_AV,T,Y_GE15,TOTAL,ALL,99,ALL,ALL,2024,7135,,,,,,,,ALL_N1,99_N1,,,,,,
IT1:DF_DCSS_ISTR_LAV_PEN_2_TV_3(1.0),A,082023,RESPOP_AV,F,Y_GE15,TOTAL,ALL,1,ALL,ALL,2018,1019,,,,,,,,ALL_N1,,,,,,,
IT1:DF_DCSS_ISTR_LAV_PEN_2_TV_3(1.0),A,082023,RESPOP_AV,F,Y_GE15,TOTAL,ALL,1,ALL,ALL,2019,1008,,,,,,,,ALL_N1,,,,,,,
IT1:DF_DCSS_ISTR_LAV_PEN_2_TV_3(1.0),A,082023,RESPOP_AV,F,Y_GE15,TOTAL,ALL,1,ALL,ALL,2021,1152,,,,,,,,ALL_N1,,,,,,,
IT1:DF_DCSS_ISTR_LAV_PEN_2_TV_3(1.0),A,082023,RESPOP_AV,F,Y_GE15,TOTAL,ALL,1,ALL,ALL,2022,1212,,,,,,,,ALL_N1,,,,,,,
IT1:DF_DCSS_ISTR_LAV_PEN_2_TV_3(1.0),A,082023,RESPOP_AV,F,Y_GE15,TOTAL,ALL,1,ALL,ALL,2023,1247,,,,,,,,ALL_N1,,,,,,,
IT1:DF_DCSS_ISTR_LAV_PEN_2_TV_3(1.0),A,082023,RESPOP_AV,F,Y_GE15,TOTAL,ALL,1,ALL,ALL,2024,1353,,,,,,,,ALL_N1,,,,,,,
IT1:DF_DCSS_ISTR_LAV_PEN_2_TV_3(1.0),A,082023,RESPOP_AV,F,Y_GE15,TOTAL,ALL,12,ALL,ALL,2018,521,,,,,,,,ALL_N1,,,,,,,
IT1:DF_DCSS_ISTR_LAV_PEN_2_TV_3(1.0),A,082023,RESPOP_AV,F,Y_GE15,TOTAL,ALL,12,ALL,ALL,2019,512,,,,,,,,ALL_N1,,,,,,,
IT1:DF_DCSS_ISTR_LAV_PEN_2_TV_3(1.0),A,082023,RESPOP_AV,F,Y_GE15,TOTAL,ALL,12,ALL,ALL,2021,269.535561619956,,,,,,,,ALL_N1,,,,,,,
IT1:DF_DCSS_ISTR_LAV_PEN_2_TV_3(1.0),A,082023,RESPOP_AV,F,Y_GE15,TOTAL,ALL,12,ALL,ALL,2022,261.774389212545,,,,,,,,ALL_N1,,,,,,,
IT1:DF_DCSS_ISTR_LAV_PEN_2_TV_3(1.0),A,082023,RESPOP_AV,F,Y_GE15,TOTAL,ALL,12,ALL,ALL,2023,292.8841622076508,,,,,,,,ALL_N1,,,,,,,
IT1:DF_DCSS_ISTR_LAV_PEN_2_TV_3(1.0),A,082023,RESPOP_AV,F,Y_GE15,TOTAL,ALL,12,ALL,ALL,2024,233.4328919980834,,,,,,,,ALL_N1,,,,,,,
IT1:DF_DCSS_ISTR_LAV_PEN_2_TV_3(1.0),A,082023,RESPOP_AV,F,Y_GE15,TOTAL,ALL,22,ALL,ALL,2018,1540,,,,,,,,ALL_N1,,,,,,,
IT1:DF_DCSS_ISTR_LAV_PEN_2_TV_3(1.0),A,082023,RESPOP_AV,F,Y_GE15,TOTAL,ALL,22,ALL,ALL,2019,1520,,,,,,,,ALL_N1,,,,,,,
IT1:DF_DCSS_ISTR_LAV_PEN_2_TV_3(1.0),A,082023,RESPOP_AV,F,Y_GE15,TOTAL,ALL,22,ALL,ALL,2021,1421.53556161996,,,,,,,,ALL_N1,,,,,,,
IT1:DF_DCSS_ISTR_LAV_PEN_2_TV_3(1.0),A,082023,RESPOP_AV,F,Y_GE15,TOTAL,ALL,22,ALL,ALL,2022,1473.77438921255,,,,,,,,ALL_N1,,,,,,,
IT1:DF_DCSS_ISTR_LAV_PEN_2_TV_3(1.0),A,082023,RESPOP_AV,F,Y_GE15,TOTAL,ALL,22,ALL,ALL,2023,1539.884162207651,,,,,,,,ALL_N1,,,,,,,
IT1:DF_DCSS_ISTR_LAV_PEN_2_TV_3(1.0),A,082023,RESPOP_AV,F,Y_GE15,TOTAL,ALL,22,ALL,ALL,2024,1586.4328919980835,,,,,,,,ALL_N1,,,,,,,
IT1:DF_DCSS_ISTR_LAV_PEN_2_TV_3(1.0),A,082023,RESPOP_AV,F,Y_GE15,TOTAL,ALL,23,ALL,ALL,2018,3349,,,,,,,,ALL_N1,,,,,,,
IT1:DF_DCSS_ISTR_LAV_PEN_2_TV_3(1.0),A,082023,RESPOP_AV,F,Y_GE15,TOTAL,ALL,23,ALL,ALL,2019,3400,,,,,,,,ALL_N1,,,,,,,
IT1:DF_DCSS_ISTR_LAV_PEN_2_TV_3(1.0),A,082023,RESPOP_AV,F,Y_GE15,TOTAL,ALL,23,ALL,ALL,2021,3558.46443838004,,,,,,,,ALL_N1,,,,,,,
IT1:DF_DCSS_ISTR_LAV_PEN_2_TV_3(1.0),A,082023,RESPOP_AV,F,Y_GE15,TOTAL,ALL,23,ALL,ALL,2022,3559.22561078745,,,,,,,,ALL_N1,,,,,,,
IT1:DF_DCSS_ISTR_LAV_PEN_2_TV_3(1.0),A,082023,RESPOP_AV,F,Y_GE15,TOTAL,ALL,23,ALL,ALL,2023,3510.1158377923493,,,,,,,,ALL_N1,,,,,,,
IT1:DF_DCSS_ISTR_LAV_PEN_2_TV_3(1.0),A,082023,RESPOP_AV,F,Y_GE15,TOTAL,ALL,23,ALL,ALL,2024,3519.5671080019165,,,,,,,,ALL_N1,,,,,,,
IT1:DF_DCSS_ISTR_LAV_PEN_2_TV_3(1.0),A,082023,RESPOP_AV,F,Y_GE15,TOTAL,ALL,24,ALL,ALL,2018,614,,,,,,,,ALL_N1,,,,,,,
IT1:DF_DCSS_ISTR_LAV_PEN_2_TV_3(1.0),A,082023,RESPOP_AV,F,Y_GE15,TOTAL,ALL,24,ALL,ALL,2019,621,,,,,,,,ALL_N1,,,,,,,
IT1:DF_DCSS_ISTR_LAV_PEN_2_TV_3(1.0),A,082023,RESPOP_AV,F,Y_GE15,TOTAL,ALL,24,ALL,ALL,2021,671.519962070809,,,,,,,,ALL_N1,,,,,,,
IT1:DF_DCSS_ISTR_LAV_PEN_2_TV_3(1.0),A,082023,RESPOP_AV,F,Y_GE15,TOTAL,ALL,24,ALL,ALL,2022,619.977849168164,,,,,,,,ALL_N1,,,,,,,
IT1:DF_DCSS_ISTR_LAV_PEN_2_TV_3(1.0),A,082023,RESPOP_AV,F,Y_GE15,TOTAL,ALL,24,ALL,ALL,2023,572.9734256342799,,,,,,,,ALL_N1,,,,,,,
IT1:DF_DCSS_ISTR_LAV_PEN_2_TV_3(1.0),A,082023,RESPOP_AV,F,Y_GE15,TOTAL,ALL,24,ALL,ALL,2024,637.4243275154745,,,,,,,,ALL_N1,,,,,,,
IT1:DF_DCSS_ISTR_LAV_PEN_2_TV_3(1.0),A,082023,RESPOP_AV,F,Y_GE15,TOTAL,ALL,4,ALL,ALL,2018,1897,,,,,,,,ALL_N1,,,,,,,
IT1:DF_DCSS_ISTR_LAV_PEN_2_TV_3(1.0),A,082023,RESPOP_AV,F,Y_GE15,TOTAL,ALL,4,ALL,ALL,2019,1964,,,,,,,,ALL_N1,,,,,,,
IT1:DF_DCSS_ISTR_LAV_PEN_2_TV_3(1.0),A,082023,RESPOP_AV,F,Y_GE15,TOTAL,ALL,4,ALL,ALL,2021,2068.12076752763,,,,,,,,ALL_N1,,,,,,,
IT1:DF_DCSS_ISTR_LAV_PEN_2_TV_3(1.0),A,082023,RESPOP_AV,F,Y_GE15,TOTAL,ALL,4,ALL,ALL,2022,2032.86065483425,,,,,,,,ALL_N1,,,,,,,
IT1:DF_DCSS_ISTR_LAV_PEN_2_TV_3(1.0),A,082023,RESPOP_AV,F,Y_GE15,TOTAL,ALL,4,ALL,ALL,2023,1970.8084548418678,,,,,,,,ALL_N1,,,,,,,
IT1:DF_DCSS_ISTR_LAV_PEN_2_TV_3(1.0),A,082023,RESPOP_AV,F,Y_GE15,TOTAL,ALL,4,ALL,ALL,2024,1955.2029322054805,,,,,,,,ALL_N1,,,,,,,
IT1:DF_DCSS_ISTR_LAV_PEN_2_TV_3(1.0),A,082023,RESPOP_AV,F,Y_GE15,TOTAL,ALL,5,ALL,ALL,2018,404,,,,,,,,ALL_N1,,,,,,,
IT1:DF_DCSS_ISTR_LAV_PEN_2_TV_3(1.0),A,082023,RESPOP_AV,F,Y_GE15,TOTAL,ALL,5,ALL,ALL,2019,428,,,,,,,,ALL_N1,,,,,,,
IT1:DF_DCSS_ISTR_LAV_PEN_2_TV_3(1.0),A,082023,RESPOP_AV,F,Y_GE15,TOTAL,ALL,5,ALL,ALL,2021,441.574384347332,,,,,,,,ALL_N1,,,,,,,
IT1:DF_DCSS_ISTR_LAV_PEN_2_TV_3(1.0),A,082023,RESPOP_AV,F,Y_GE15,TOTAL,ALL,5,ALL,ALL,2022,494.623164919699,,,,,,,,ALL_N1,,,,,,,
IT1:DF_DCSS_ISTR_LAV_PEN_2_TV_3(1.0),A,082023,RESPOP_AV,F,Y_GE15,TOTAL,ALL,5,ALL,ALL,2023,486.0243197605998,,,,,,,,ALL_N1,,,,,,,
IT1:DF_DCSS_ISTR_LAV_PEN_2_TV_3(1.0),A,082023,RESPOP_AV,F,Y_GE15,TOTAL,ALL,5,ALL,ALL,2024,503.20399103097685,,,,,,,,ALL_N1,,,,,,,
IT1:DF_DCSS_ISTR_LAV_PEN_2_TV_3(1.0),A,082023,RESPOP_AV,F,Y_GE15,TOTAL,ALL,7,ALL,ALL,2018,434,,,,,,,,ALL_N1,,,,,,,
IT1:DF_DCSS_ISTR_LAV_PEN_2_TV_3(1.0),A,082023,RESPOP_AV,F,Y_GE15,TOTAL,ALL,7,ALL,ALL,2019,388,,,,,,,,ALL_N1,,,,,,,
IT1:DF_DCSS_ISTR_LAV_PEN_2_TV_3(1.0),A,082023,RESPOP_AV,F,Y_GE15,TOTAL,ALL,7,ALL,ALL,2021,377.249324434276,,,,,,,,ALL_N1,,,,,,,
IT1:DF_DCSS_ISTR_LAV_PEN_2_TV_3(1.0),A,082023,RESPOP_AV,F,Y_GE15,TOTAL,ALL,7,ALL,ALL,2022,411.763941865338,,,,,,,,ALL_N1,,,,,,,
IT1:DF_DCSS_ISTR_LAV_PEN_2_TV_3(1.0),A,082023,RESPOP_AV,F,Y_GE15,TOTAL,ALL,7,ALL,ALL,2023,480.30963755560157,,,,,,,,ALL_N1,,,,,,,
IT1:DF_DCSS_ISTR_LAV_PEN_2_TV_3(1.0),A,082023,RESPOP_AV,F,Y_GE15,TOTAL,ALL,7,ALL,ALL,2024,423.73585724998486,,,,,,,,ALL_N1,,,,,,,
IT1:DF_DCSS_ISTR_LAV_PEN_2_TV_3(1.0),A,082023,RESPOP_AV,F,Y_GE15,TOTAL,ALL,99,ALL,ALL,2018,4889,,,,,,,,ALL_N1,99_N1,,,,,,
IT1:DF_DCSS_ISTR_LAV_PEN_2_TV_3(1.0),A,082023,RESPOP_AV,F,Y_GE15,TOTAL,ALL,99,ALL,ALL,2019,4920,,,,,,,,ALL_N1,99_N1,,,,,,
IT1:DF_DCSS_ISTR_LAV_PEN_2_TV_3(1.0),A,082023,RESPOP_AV,F,Y_GE15,TOTAL,ALL,99,ALL,ALL,2021,4980,,,,,,,,ALL_N1,99_N1,,,,,,
IT1:DF_DCSS_ISTR_LAV_PEN_2_TV_3(1.0),A,082023,RESPOP_AV,F,Y_GE15,TOTAL,ALL,99,ALL,ALL,2022,5033,,,,,,,,ALL_N1,99_N1,,,,,,
IT1:DF_DCSS_ISTR_LAV_PEN_2_TV_3(1.0),A,082023,RESPOP_AV,F,Y_GE15,TOTAL,ALL,99,ALL,ALL,2023,5050,,,,,,,,ALL_N1,99_N1,,,,,,
IT1:DF_DCSS_ISTR_LAV_PEN_2_TV_3(1.0),A,082023,RESPOP_AV,F,Y_GE15,TOTAL,ALL,99,ALL,ALL,2024,5106,,,,,,,,ALL_N1,99_N1,,,,,,
IT1:DF_DCSS_ISTR_LAV_PEN_2_TV_3(1.0),A,082023,RESPOP_AV,M,Y_GE15,TOTAL,ALL,1,ALL,ALL,2018,2046,,,,,,,,ALL_N1,,,,,,,
IT1:DF_DCSS_ISTR_LAV_PEN_2_TV_3(1.0),A,082023,RESPOP_AV,M,Y_GE15,TOTAL,ALL,1,ALL,ALL,2019,2066,,,,,,,,ALL_N1,,,,,,,
IT1:DF_DCSS_ISTR_LAV_PEN_2_TV_3(1.0),A,082023,RESPOP_AV,M,Y_GE15,TOTAL,ALL,1,ALL,ALL,2021,2216,,,,,,,,ALL_N1,,,,,,,
IT1:DF_DCSS_ISTR_LAV_PEN_2_TV_3(1.0),A,082023,RESPOP_AV,M,Y_GE15,TOTAL,ALL,1,ALL,ALL,2022,2267,,,,,,,,ALL_N1,,,,,,,
IT1:DF_DCSS_ISTR_LAV_PEN_2_TV_3(1.0),A,082023,RESPOP_AV,M,Y_GE15,TOTAL,ALL,1,ALL,ALL,2023,2361,,,,,,,,ALL_N1,,,,,,,
IT1:DF_DCSS_ISTR_LAV_PEN_2_TV_3(1.0),A,082023,RESPOP_AV,M,Y_GE15,TOTAL,ALL,1,ALL,ALL,2024,2466,,,,,,,,ALL_N1,,,,,,,
IT1:DF_DCSS_ISTR_LAV_PEN_2_TV_3(1.0),A,082023,RESPOP_AV,M,Y_GE15,TOTAL,ALL,12,ALL,ALL,2018,638,,,,,,,,ALL_N1,,,,,,,
IT1:DF_DCSS_ISTR_LAV_PEN_2_TV_3(1.0),A,082023,RESPOP_AV,M,Y_GE15,TOTAL,ALL,12,ALL,ALL,2019,635,,,,,,,,ALL_N1,,,,,,,
IT1:DF_DCSS_ISTR_LAV_PEN_2_TV_3(1.0),A,082023,RESPOP_AV,M,Y_GE15,TOTAL,ALL,12,ALL,ALL,2021,372.895504230455,,,,,,,,ALL_N1,,,,,,,
IT1:DF_DCSS_ISTR_LAV_PEN_2_TV_3(1.0),A,082023,RESPOP_AV,M,Y_GE15,TOTAL,ALL,12,ALL,ALL,2022,342.28336783437,,,,,,,,ALL_N1,,,,,,,
IT1:DF_DCSS_ISTR_LAV_PEN_2_TV_3(1.0),A,082023,RESPOP_AV,M,Y_GE15,TOTAL,ALL,12,ALL,ALL,2023,333.6074287723182,,,,,,,,ALL_N1,,,,,,,
IT1:DF_DCSS_ISTR_LAV_PEN_2_TV_3(1.0),A,082023,RESPOP_AV,M,Y_GE15,TOTAL,ALL,12,ALL,ALL,2024,286.4834320133107,,,,,,,,ALL_N1,,,,,,,
IT1:DF_DCSS_ISTR_LAV_PEN_2_TV_3(1.0),A,082023,RESPOP_AV,M,Y_GE15,TOTAL,ALL,22,ALL,ALL,2018,2684,,,,,,,,ALL_N1,,,,,,,
IT1:DF_DCSS_ISTR_LAV_PEN_2_TV_3(1.0),A,082023,RESPOP_AV,M,Y_GE15,TOTAL,ALL,22,ALL,ALL,2019,2701,,,,,,,,ALL_N1,,,,,,,
IT1:DF_DCSS_ISTR_LAV_PEN_2_TV_3(1.0),A,082023,RESPOP_AV,M,Y_GE15,TOTAL,ALL,22,ALL,ALL,2021,2588.89550423045,,,,,,,,ALL_N1,,,,,,,
IT1:DF_DCSS_ISTR_LAV_PEN_2_TV_3(1.0),A,082023,RESPOP_AV,M,Y_GE15,TOTAL,ALL,22,ALL,ALL,2022,2609.28336783437,,,,,,,,ALL_N1,,,,,,,
IT1:DF_DCSS_ISTR_LAV_PEN_2_TV_3(1.0),A,082023,RESPOP_AV,M,Y_GE15,TOTAL,ALL,22,ALL,ALL,2023,2694.607428772318,,,,,,,,ALL_N1,,,,,,,
IT1:DF_DCSS_ISTR_LAV_PEN_2_TV_3(1.0),A,082023,RESPOP_AV,M,Y_GE15,TOTAL,ALL,22,ALL,ALL,2024,2752.483432013311,,,,,,,,ALL_N1,,,,,,,
IT1:DF_DCSS_ISTR_LAV_PEN_2_TV_3(1.0),A,082023,RESPOP_AV,M,Y_GE15,TOTAL,ALL,23,ALL,ALL,2018,1979,,,,,,,,ALL_N1,,,,,,,
IT1:DF_DCSS_ISTR_LAV_PEN_2_TV_3(1.0),A,082023,RESPOP_AV,M,Y_GE15,TOTAL,ALL,23,ALL,ALL,2019,1998,,,,,,,,ALL_N1,,,,,,,
IT1:DF_DCSS_ISTR_LAV_PEN_2_TV_3(1.0),A,082023,RESPOP_AV,M,Y_GE15,TOTAL,ALL,23,ALL,ALL,2021,2214.10449576955,,,,,,,,ALL_N1,,,,,,,
IT1:DF_DCSS_ISTR_LAV_PEN_2_TV_3(1.0),A,082023,RESPOP_AV,M,Y_GE15,TOTAL,ALL,23,ALL,ALL,2022,2184.71663216563,,,,,,,,ALL_N1,,,,,,,
IT1:DF_DCSS_ISTR_LAV_PEN_2_TV_3(1.0),A,082023,RESPOP_AV,M,Y_GE15,TOTAL,ALL,23,ALL,ALL,2023,2136.392571227682,,,,,,,,ALL_N1,,,,,,,
IT1:DF_DCSS_ISTR_LAV_PEN_2_TV_3(1.0),A,082023,RESPOP_AV,M,Y_GE15,TOTAL,ALL,23,ALL,ALL,2024,2150.5165679866896,,,,,,,,ALL_N1,,,,,,,
IT1:DF_DCSS_ISTR_LAV_PEN_2_TV_3(1.0),A,082023,RESPOP_AV,M,Y_GE15,TOTAL,ALL,24,ALL,ALL,2018,906,,,,,,,,ALL_N1,,,,,,,
IT1:DF_DCSS_ISTR_LAV_PEN_2_TV_3(1.0),A,082023,RESPOP_AV,M,Y_GE15,TOTAL,ALL,24,ALL,ALL,2019,950,,,,,,,,ALL_N1,,,,,,,
IT1:DF_DCSS_ISTR_LAV_PEN_2_TV_3(1.0),A,082023,RESPOP_AV,M,Y_GE15,TOTAL,ALL,24,ALL,ALL,2021,995.314214174763,,,,,,,,ALL_N1,,,,,,,
IT1:DF_DCSS_ISTR_LAV_PEN_2_TV_3(1.0),A,082023,RESPOP_AV,M,Y_GE15,TOTAL,ALL,24,ALL,ALL,2022,971.587316037021,,,,,,,,ALL_N1,,,,,,,
IT1:DF_DCSS_ISTR_LAV_PEN_2_TV_3(1.0),A,082023,RESPOP_AV,M,Y_GE15,TOTAL,ALL,24,ALL,ALL,2023,909.2678442020562,,,,,,,,ALL_N1,,,,,,,
IT1:DF_DCSS_ISTR_LAV_PEN_2_TV_3(1.0),A,082023,RESPOP_AV,M,Y_GE15,TOTAL,ALL,24,ALL,ALL,2024,965.907501924388,,,,,,,,ALL_N1,,,,,,,
IT1:DF_DCSS_ISTR_LAV_PEN_2_TV_3(1.0),A,082023,RESPOP_AV,M,Y_GE15,TOTAL,ALL,4,ALL,ALL,2018,82,,,,,,,,ALL_N1,,,,,,,
IT1:DF_DCSS_ISTR_LAV_PEN_2_TV_3(1.0),A,082023,RESPOP_AV,M,Y_GE15,TOTAL,ALL,4,ALL,ALL,2019,87,,,,,,,,ALL_N1,,,,,,,
IT1:DF_DCSS_ISTR_LAV_PEN_2_TV_3(1.0),A,082023,RESPOP_AV,M,Y_GE15,TOTAL,ALL,4,ALL,ALL,2021,160.922064313166,,,,,,,,ALL_N1,,,,,,,
IT1:DF_DCSS_ISTR_LAV_PEN_2_TV_3(1.0),A,082023,RESPOP_AV,M,Y_GE15,TOTAL,ALL,4,ALL,ALL,2022,156.414911378693,,,,,,,,ALL_N1,,,,,,,
IT1:DF_DCSS_ISTR_LAV_PEN_2_TV_3(1.0),A,082023,RESPOP_AV,M,Y_GE15,TOTAL,ALL,4,ALL,ALL,2023,155.7800734500413,,,,,,,,ALL_N1,,,,,,,
IT1:DF_DCSS_ISTR_LAV_PEN_2_TV_3(1.0),A,082023,RESPOP_AV,M,Y_GE15,TOTAL,ALL,4,ALL,ALL,2024,143.87444334717247,,,,,,,,ALL_N1,,,,,,,
IT1:DF_DCSS_ISTR_LAV_PEN_2_TV_3(1.0),A,082023,RESPOP_AV,M,Y_GE15,TOTAL,ALL,5,ALL,ALL,2018,366,,,,,,,,ALL_N1,,,,,,,
IT1:DF_DCSS_ISTR_LAV_PEN_2_TV_3(1.0),A,082023,RESPOP_AV,M,Y_GE15,TOTAL,ALL,5,ALL,ALL,2019,392,,,,,,,,ALL_N1,,,,,,,
IT1:DF_DCSS_ISTR_LAV_PEN_2_TV_3(1.0),A,082023,RESPOP_AV,M,Y_GE15,TOTAL,ALL,5,ALL,ALL,2021,436.117930972757,,,,,,,,ALL_N1,,,,,,,
IT1:DF_DCSS_ISTR_LAV_PEN_2_TV_3(1.0),A,082023,RESPOP_AV,M,Y_GE15,TOTAL,ALL,5,ALL,ALL,2022,450.213062360437,,,,,,,,ALL_N1,,,,,,,
IT1:DF_DCSS_ISTR_LAV_PEN_2_TV_3(1.0),A,082023,RESPOP_AV,M,Y_GE15,TOTAL,ALL,5,ALL,ALL,2023,424.33552116313564,,,,,,,,ALL_N1,,,,,,,
IT1:DF_DCSS_ISTR_LAV_PEN_2_TV_3(1.0),A,082023,RESPOP_AV,M,Y_GE15,TOTAL,ALL,5,ALL,ALL,2024,442.27688374537837,,,,,,,,ALL_N1,,,,,,,
IT1:DF_DCSS_ISTR_LAV_PEN_2_TV_3(1.0),A,082023,RESPOP_AV,M,Y_GE15,TOTAL,ALL,7,ALL,ALL,2018,625,,,,,,,,ALL_N1,,,,,,,
IT1:DF_DCSS_ISTR_LAV_PEN_2_TV_3(1.0),A,082023,RESPOP_AV,M,Y_GE15,TOTAL,ALL,7,ALL,ALL,2019,570,,,,,,,,ALL_N1,,,,,,,
IT1:DF_DCSS_ISTR_LAV_PEN_2_TV_3(1.0),A,082023,RESPOP_AV,M,Y_GE15,TOTAL,ALL,7,ALL,ALL,2021,621.75028630886,,,,,,,,ALL_N1,,,,,,,
IT1:DF_DCSS_ISTR_LAV_PEN_2_TV_3(1.0),A,082023,RESPOP_AV,M,Y_GE15,TOTAL,ALL,7,ALL,ALL,2022,606.501342389479,,,,,,,,ALL_N1,,,,,,,
IT1:DF_DCSS_ISTR_LAV_PEN_2_TV_3(1.0),A,082023,RESPOP_AV,M,Y_GE15,TOTAL,ALL,7,ALL,ALL,2023,647.0091324124488,,,,,,,,ALL_N1,,,,,,,
IT1:DF_DCSS_ISTR_LAV_PEN_2_TV_3(1.0),A,082023,RESPOP_AV,M,Y_GE15,TOTAL,ALL,7,ALL,ALL,2024,598.4577389697507,,,,,,,,ALL_N1,,,,,,,
IT1:DF_DCSS_ISTR_LAV_PEN_2_TV_3(1.0),A,082023,RESPOP_AV,M,Y_GE15,TOTAL,ALL,99,ALL,ALL,2018,4663,,,,,,,,ALL_N1,99_N1,,,,,,
IT1:DF_DCSS_ISTR_LAV_PEN_2_TV_3(1.0),A,082023,RESPOP_AV,M,Y_GE15,TOTAL,ALL,99,ALL,ALL,2019,4699,,,,,,,,ALL_N1,99_N1,,,,,,
IT1:DF_DCSS_ISTR_LAV_PEN_2_TV_3(1.0),A,082023,RESPOP_AV,M,Y_GE15,TOTAL,ALL,99,ALL,ALL,2021,4803,,,,,,,,ALL_N1,99_N1,,,,,,
IT1:DF_DCSS_ISTR_LAV_PEN_2_TV_3(1.0),A,082023,RESPOP_AV,M,Y_GE15,TOTAL,ALL,99,ALL,ALL,2022,4794,,,,,,,,ALL_N1,99_N1,,,,,,
IT1:DF_DCSS_ISTR_LAV_PEN_2_TV_3(1.0),A,082023,RESPOP_AV,M,Y_GE15,TOTAL,ALL,99,ALL,ALL,2023,4831,,,,,,,,ALL_N1,99_N1,,,,,,
IT1:DF_DCSS_ISTR_LAV_PEN_2_TV_3(1.0),A,082023,RESPOP_AV,M,Y_GE15,TOTAL,ALL,99,ALL,ALL,2024,4903,,,,,,,,ALL_N1,99_N1,,,,,,
IT1:DF_DCSS_ISTR_LAV_PEN_2_TV_3(1.0),A,082023,RESPOP_AV,T,Y_GE15,TOTAL,ALL,1,ALL,ALL,2018,3065,,,,,,,,ALL_N1,,,,,,,
IT1:DF_DCSS_ISTR_LAV_PEN_2_TV_3(1.0),A,082023,RESPOP_AV,T,Y_GE15,TOTAL,ALL,1,ALL,ALL,2019,3074,,,,,,,,ALL_N1,,,,,,,
IT1:DF_DCSS_ISTR_LAV_PEN_2_TV_3(1.0),A,082023,RESPOP_AV,T,Y_GE15,TOTAL,ALL,1,ALL,ALL,2021,3368,,,,,,,,ALL_N1,,,,,,,
IT1:DF_DCSS_ISTR_LAV_PEN_2_TV_3(1.0),A,082023,RESPOP_AV,T,Y_GE15,TOTAL,ALL,1,ALL,ALL,2022,3479,,,,,,,,ALL_N1,,,,,,,
IT1:DF_DCSS_ISTR_LAV_PEN_2_TV_3(1.0),A,082023,RESPOP_AV,T,Y_GE15,TOTAL,ALL,1,ALL,ALL,2023,3608,,,,,,,,ALL_N1,,,,,,,
IT1:DF_DCSS_ISTR_LAV_PEN_2_TV_3(1.0),A,082023,RESPOP_AV,T,Y_GE15,TOTAL,ALL,1,ALL,ALL,2024,3819,,,,,,,,ALL_N1,,,,,,,
IT1:DF_DCSS_ISTR_LAV_PEN_2_TV_3(1.0),A,082023,RESPOP_AV,T,Y_GE15,TOTAL,ALL,12,ALL,ALL,2018,1159,,,,,,,,ALL_N1,,,,,,,
IT1:DF_DCSS_ISTR_LAV_PEN_2_TV_3(1.0),A,082023,RESPOP_AV,T,Y_GE15,TOTAL,ALL,12,ALL,ALL,2019,1147,,,,,,,,ALL_N1,,,,,,,
IT1:DF_DCSS_ISTR_LAV_PEN_2_TV_3(1.0),A,082023,RESPOP_AV,T,Y_GE15,TOTAL,ALL,12,ALL,ALL,2021,642.43106585041,,,,,,,,ALL_N1,,,,,,,
IT1:DF_DCSS_ISTR_LAV_PEN_2_TV_3(1.0),A,082023,RESPOP_AV,T,Y_GE15,TOTAL,ALL,12,ALL,ALL,2022,604.057757046916,,,,,,,,ALL_N1,,,,,,,
IT1:DF_DCSS_ISTR_LAV_PEN_2_TV_3(1.0),A,082023,RESPOP_AV,T,Y_GE15,TOTAL,ALL,12,ALL,ALL,2023,626.491590979969,,,,,,,,ALL_N1,,,,,,,
IT1:DF_DCSS_ISTR_LAV_PEN_2_TV_3(1.0),A,082023,RESPOP_AV,T,Y_GE15,TOTAL,ALL,12,ALL,ALL,2024,519.9163240113941,,,,,,,,ALL_N1,,,,,,,
IT1:DF_DCSS_ISTR_LAV_PEN_2_TV_3(1.0),A,082023,RESPOP_AV,T,Y_GE15,TOTAL,ALL,22,ALL,ALL,2018,4224,,,,,,,,ALL_N1,,,,,,,
IT1:DF_DCSS_ISTR_LAV_PEN_2_TV_3(1.0),A,082023,RESPOP_AV,T,Y_GE15,TOTAL,ALL,22,ALL,ALL,2019,4221,,,,,,,,ALL_N1,,,,,,,
IT1:DF_DCSS_ISTR_LAV_PEN_2_TV_3(1.0),A,082023,RESPOP_AV,T,Y_GE15,TOTAL,ALL,22,ALL,ALL,2021,4010.43106585041,,,,,,,,ALL_N1,,,,,,,
IT1:DF_DCSS_ISTR_LAV_PEN_2_TV_3(1.0),A,082023,RESPOP_AV,T,Y_GE15,TOTAL,ALL,22,ALL,ALL,2022,4083.05775704692,,,,,,,,ALL_N1,,,,,,,
IT1:DF_DCSS_ISTR_LAV_PEN_2_TV_3(1.0),A,082023,RESPOP_AV,T,Y_GE15,TOTAL,ALL,22,ALL,ALL,2023,4234.491590979969,,,,,,,,ALL_N1,,,,,,,
IT1:DF_DCSS_ISTR_LAV_PEN_2_TV_3(1.0),A,082023,RESPOP_AV,T,Y_GE15,TOTAL,ALL,22,ALL,ALL,2024,4338.916324011394,,,,,,,,ALL_N1,,,,,,,
IT1:DF_DCSS_ISTR_LAV_PEN_2_TV_3(1.0),A,082023,RESPOP_AV,T,Y_GE15,TOTAL,ALL,23,ALL,ALL,2018,5328,,,,,,,,ALL_N1,,,,,,,
IT1:DF_DCSS_ISTR_LAV_PEN_2_TV_3(1.0),A,082023,RESPOP_AV,T,Y_GE15,TOTAL,ALL,23,ALL,ALL,2019,5398,,,,,,,,ALL_N1,,,,,,,
IT1:DF_DCSS_ISTR_LAV_PEN_2_TV_3(1.0),A,082023,RESPOP_AV,T,Y_GE15,TOTAL,ALL,23,ALL,ALL,2021,5772.56893414959,,,,,,,,ALL_N1,,,,,,,
IT1:DF_DCSS_ISTR_LAV_PEN_2_TV_3(1.0),A,082023,RESPOP_AV,T,Y_GE15,TOTAL,ALL,23,ALL,ALL,2022,5743.94224295308,,,,,,,,ALL_N1,,,,,,,
IT1:DF_DCSS_ISTR_LAV_PEN_2_TV_3(1.0),A,082023,RESPOP_AV,T,Y_GE15,TOTAL,ALL,23,ALL,ALL,2023,5646.508409020031,,,,,,,,ALL_N1,,,,,,,
IT1:DF_DCSS_ISTR_LAV_PEN_2_TV_3(1.0),A,082023,RESPOP_AV,T,Y_GE15,TOTAL,ALL,23,ALL,ALL,2024,5670.083675988606,,,,,,,,ALL_N1,,,,,,,
IT1:DF_DCSS_ISTR_LAV_PEN_2_TV_3(1.0),A,082023,RESPOP_AV,T,Y_GE15,TOTAL,ALL,24,ALL,ALL,2018,1520,,,,,,,,ALL_N1,,,,,,,
IT1:DF_DCSS_ISTR_LAV_PEN_2_TV_3(1.0),A,082023,RESPOP_AV,T,Y_GE15,TOTAL,ALL,24,ALL,ALL,2019,1571,,,,,,,,ALL_N1,,,,,,,
IT1:DF_DCSS_ISTR_LAV_PEN_2_TV_3(1.0),A,082023,RESPOP_AV,T,Y_GE15,TOTAL,ALL,24,ALL,ALL,2021,1666.83417624557,,,,,,,,ALL_N1,,,,,,,
IT1:DF_DCSS_ISTR_LAV_PEN_2_TV_3(1.0),A,082023,RESPOP_AV,T,Y_GE15,TOTAL,ALL,24,ALL,ALL,2022,1591.56516520518,,,,,,,,ALL_N1,,,,,,,
IT1:DF_DCSS_ISTR_LAV_PEN_2_TV_3(1.0),A,082023,RESPOP_AV,T,Y_GE15,TOTAL,ALL,24,ALL,ALL,2023,1482.241269836336,,,,,,,,ALL_N1,,,,,,,
IT1:DF_DCSS_ISTR_LAV_PEN_2_TV_3(1.0),A,082023,RESPOP_AV,T,Y_GE15,TOTAL,ALL,24,ALL,ALL,2024,1603.3318294398625,,,,,,,,ALL_N1,,,,,,,
IT1:DF_DCSS_ISTR_LAV_PEN_2_TV_3(1.0),A,082023,RESPOP_AV,T,Y_GE15,TOTAL,ALL,4,ALL,ALL,2018,1979,,,,,,,,ALL_N1,,,,,,,
IT1:DF_DCSS_ISTR_LAV_PEN_2_TV_3(1.0),A,082023,RESPOP_AV,T,Y_GE15,TOTAL,ALL,4,ALL,ALL,2019,2050,,,,,,,,ALL_N1,,,,,,,
IT1:DF_DCSS_ISTR_LAV_PEN_2_TV_3(1.0),A,082023,RESPOP_AV,T,Y_GE15,TOTAL,ALL,4,ALL,ALL,2021,2229.04283184079,,,,,,,,ALL_N1,,,,,,,
IT1:DF_DCSS_ISTR_LAV_PEN_2_TV_3(1.0),A,082023,RESPOP_AV,T,Y_GE15,TOTAL,ALL,4,ALL,ALL,2022,2189.27556621295,,,,,,,,ALL_N1,,,,,,,
IT1:DF_DCSS_ISTR_LAV_PEN_2_TV_3(1.0),A,082023,RESPOP_AV,T,Y_GE15,TOTAL,ALL,4,ALL,ALL,2023,2126.5885282919094,,,,,,,,ALL_N1,,,,,,,
IT1:DF_DCSS_ISTR_LAV_PEN_2_TV_3(1.0),A,082023,RESPOP_AV,T,Y_GE15,TOTAL,ALL,4,ALL,ALL,2024,2099.077375552653,,,,,,,,ALL_N1,,,,,,,
IT1:DF_DCSS_ISTR_LAV_PEN_2_TV_3(1.0),A,082023,RESPOP_AV,T,Y_GE15,TOTAL,ALL,5,ALL,ALL,2018,770,,,,,,,,ALL_N1,,,,,,,
IT1:DF_DCSS_ISTR_LAV_PEN_2_TV_3(1.0),A,082023,RESPOP_AV,T,Y_GE15,TOTAL,ALL,5,ALL,ALL,2019,820,,,,,,,,ALL_N1,,,,,,,
IT1:DF_DCSS_ISTR_LAV_PEN_2_TV_3(1.0),A,082023,RESPOP_AV,T,Y_GE15,TOTAL,ALL,5,ALL,ALL,2021,877.692315320089,,,,,,,,ALL_N1,,,,,,,
IT1:DF_DCSS_ISTR_LAV_PEN_2_TV_3(1.0),A,082023,RESPOP_AV,T,Y_GE15,TOTAL,ALL,5,ALL,ALL,2022,944.836227280136,,,,,,,,ALL_N1,,,,,,,
IT1:DF_DCSS_ISTR_LAV_PEN_2_TV_3(1.0),A,082023,RESPOP_AV,T,Y_GE15,TOTAL,ALL,5,ALL,ALL,2023,910.3598409237354,,,,,,,,ALL_N1,,,,,,,
IT1:DF_DCSS_ISTR_LAV_PEN_2_TV_3(1.0),A,082023,RESPOP_AV,T,Y_GE15,TOTAL,ALL,5,ALL,ALL,2024,945.4808747763552,,,,,,,,ALL_N1,,,,,,,
IT1:DF_DCSS_ISTR_LAV_PEN_2_TV_3(1.0),A,082023,RESPOP_AV,T,Y_GE15,TOTAL,ALL,7,ALL,ALL,2018,1059,,,,,,,,ALL_N1,,,,,,,
IT1:DF_DCSS_ISTR_LAV_PEN_2_TV_3(1.0),A,082023,RESPOP_AV,T,Y_GE15,TOTAL,ALL,7,ALL,ALL,2019,958,,,,,,,,ALL_N1,,,,,,,
IT1:DF_DCSS_ISTR_LAV_PEN_2_TV_3(1.0),A,082023,RESPOP_AV,T,Y_GE15,TOTAL,ALL,7,ALL,ALL,2021,998.999610743135,,,,,,,,ALL_N1,,,,,,,
IT1:DF_DCSS_ISTR_LAV_PEN_2_TV_3(1.0),A,082023,RESPOP_AV,T,Y_GE15,TOTAL,ALL,7,ALL,ALL,2022,1018.26528425482,,,,,,,,ALL_N1,,,,,,,
IT1:DF_DCSS_ISTR_LAV_PEN_2_TV_3(1.0),A,082023,RESPOP_AV,T,Y_GE15,TOTAL,ALL,7,ALL,ALL,2023,1127.3187699680502,,,,,,,,ALL_N1,,,,,,,
IT1:DF_DCSS_ISTR_LAV_PEN_2_TV_3(1.0),A,082023,RESPOP_AV,T,Y_GE15,TOTAL,ALL,7,ALL,ALL,2024,1022.1935962197356,,,,,,,,ALL_N1,,,,,,,
IT1:DF_DCSS_ISTR_LAV_PEN_2_TV_3(1.0),A,082023,RESPOP_AV,T,Y_GE15,TOTAL,ALL,99,ALL,ALL,2018,9552,,,,,,,,ALL_N1,99_N1,,,,,,
IT1:DF_DCSS_ISTR_LAV_PEN_2_TV_3(1.0),A,082023,RESPOP_AV,T,Y_GE15,TOTAL,ALL,99,ALL,ALL,2019,9619,,,,,,,,ALL_N1,99_N1,,,,,,
IT1:DF_DCSS_ISTR_LAV_PEN_2_TV_3(1.0),A,082023,RESPOP_AV,T,Y_GE15,TOTAL,ALL,99,ALL,ALL,2021,9783,,,,,,,,ALL_N1,99_N1,,,,,,
IT1:DF_DCSS_ISTR_LAV_PEN_2_TV_3(1.0),A,082023,RESPOP_AV,T,Y_GE15,TOTAL,ALL,99,ALL,ALL,2022,9827,,,,,,,,ALL_N1,99_N1,,,,,,
IT1:DF_DCSS_ISTR_LAV_PEN_2_TV_3(1.0),A,082023,RESPOP_AV,T,Y_GE15,TOTAL,ALL,99,ALL,ALL,2023,9881,,,,,,,,ALL_N1,99_N1,,,,,,
IT1:DF_DCSS_ISTR_LAV_PEN_2_TV_3(1.0),A,082023,RESPOP_AV,T,Y_GE15,TOTAL,ALL,99,ALL,ALL,2024,10009,,,,,,,,ALL_N1,99_N1,,,,,,
IT1:DF_DCSS_ISTR_LAV_PEN_2_TV_3(1.0),A,082024,RESPOP_AV,F,Y_GE15,TOTAL,ALL,1,ALL,ALL,2018,397,,,,,,,,ALL_N1,,,,,,,
IT1:DF_DCSS_ISTR_LAV_PEN_2_TV_3(1.0),A,082024,RESPOP_AV,F,Y_GE15,TOTAL,ALL,1,ALL,ALL,2019,420,,,,,,,,ALL_N1,,,,,,,
IT1:DF_DCSS_ISTR_LAV_PEN_2_TV_3(1.0),A,082024,RESPOP_AV,F,Y_GE15,TOTAL,ALL,1,ALL,ALL,2021,410,,,,,,,,ALL_N1,,,,,,,
IT1:DF_DCSS_ISTR_LAV_PEN_2_TV_3(1.0),A,082024,RESPOP_AV,F,Y_GE15,TOTAL,ALL,1,ALL,ALL,2022,398,,,,,,,,ALL_N1,,,,,,,
IT1:DF_DCSS_ISTR_LAV_PEN_2_TV_3(1.0),A,082024,RESPOP_AV,F,Y_GE15,TOTAL,ALL,1,ALL,ALL,2023,413,,,,,,,,ALL_N1,,,,,,,
IT1:DF_DCSS_ISTR_LAV_PEN_2_TV_3(1.0),A,082024,RESPOP_AV,F,Y_GE15,TOTAL,ALL,1,ALL,ALL,2024,419,,,,,,,,ALL_N1,,,,,,,
IT1:DF_DCSS_ISTR_LAV_PEN_2_TV_3(1.0),A,082024,RESPOP_AV,F,Y_GE15,TOTAL,ALL,12,ALL,ALL,2018,150,,,,,,,,ALL_N1,,,,,,,
IT1:DF_DCSS_ISTR_LAV_PEN_2_TV_3(1.0),A,082024,RESPOP_AV,F,Y_GE15,TOTAL,ALL,12,ALL,ALL,2019,135,,,,,,,,ALL_N1,,,,,,,
IT1:DF_DCSS_ISTR_LAV_PEN_2_TV_3(1.0),A,082024,RESPOP_AV,F,Y_GE15,TOTAL,ALL,12,ALL,ALL,2021,71.1088079287433,,,,,,,,ALL_N1,,,,,,,
IT1:DF_DCSS_ISTR_LAV_PEN_2_TV_3(1.0),A,082024,RESPOP_AV,F,Y_GE15,TOTAL,ALL,12,ALL,ALL,2022,71.4981118596566,,,,,,,,ALL_N1,,,,,,,
IT1:DF_DCSS_ISTR_LAV_PEN_2_TV_3(1.0),A,082024,RESPOP_AV,F,Y_GE15,TOTAL,ALL,12,ALL,ALL,2023,84.24420867336556,,,,,,,,ALL_N1,,,,,,,
IT1:DF_DCSS_ISTR_LAV_PEN_2_TV_3(1.0),A,082024,RESPOP_AV,F,Y_GE15,TOTAL,ALL,12,ALL,ALL,2024,63.748265151767,,,,,,,,ALL_N1,,,,,,,
IT1:DF_DCSS_ISTR_LAV_PEN_2_TV_3(1.0),A,082024,RESPOP_AV,F,Y_GE15,TOTAL,ALL,22,ALL,ALL,2018,546,,,,,,,,ALL_N1,,,,,,,
IT1:DF_DCSS_ISTR_LAV_PEN_2_TV_3(1.0),A,082024,RESPOP_AV,F,Y_GE15,TOTAL,ALL,22,ALL,ALL,2019,555,,,,,,,,ALL_N1,,,,,,,
IT1:DF_DCSS_ISTR_LAV_PEN_2_TV_3(1.0),A,082024,RESPOP_AV,F,Y_GE15,TOTAL,ALL,22,ALL,ALL,2021,481.108807928743,,,,,,,,ALL_N1,,,,,,,
IT1:DF_DCSS_ISTR_LAV_PEN_2_TV_3(1.0),A,082024,RESPOP_AV,F,Y_GE15,TOTAL,ALL,22,ALL,ALL,2022,469.498111859657,,,,,,,,ALL_N1,,,,,,,
IT1:DF_DCSS_ISTR_LAV_PEN_2_TV_3(1.0),A,082024,RESPOP_AV,F,Y_GE15,TOTAL,ALL,22,ALL,ALL,2023,497.24420867336556,,,,,,,,ALL_N1,,,,,,,
IT1:DF_DCSS_ISTR_LAV_PEN_2_TV_3(1.0),A,082024,RESPOP_AV,F,Y_GE15,TOTAL,ALL,22,ALL,ALL,2024,482.748265151767,,,,,,,,ALL_N1,,,,,,,
IT1:DF_DCSS_ISTR_LAV_PEN_2_TV_3(1.0),A,082024,RESPOP_AV,F,Y_GE15,TOTAL,ALL,23,ALL,ALL,2018,977,,,,,,,,ALL_N1,,,,,,,
IT1:DF_DCSS_ISTR_LAV_PEN_2_TV_3(1.0),A,082024,RESPOP_AV,F,Y_GE15,TOTAL,ALL,23,ALL,ALL,2019,951,,,,,,,,ALL_N1,,,,,,,
IT1:DF_DCSS_ISTR_LAV_PEN_2_TV_3(1.0),A,082024,RESPOP_AV,F,Y_GE15,TOTAL,ALL,23,ALL,ALL,2021,979.891192071257,,,,,,,,ALL_N1,,,,,,,
IT1:DF_DCSS_ISTR_LAV_PEN_2_TV_3(1.0),A,082024,RESPOP_AV,F,Y_GE15,TOTAL,ALL,23,ALL,ALL,2022,953.501888140343,,,,,,,,ALL_N1,,,,,,,
IT1:DF_DCSS_ISTR_LAV_PEN_2_TV_3(1.0),A,082024,RESPOP_AV,F,Y_GE15,TOTAL,ALL,23,ALL,ALL,2023,927.7557913266345,,,,,,,,ALL_N1,,,,,,,
IT1:DF_DCSS_ISTR_LAV_PEN_2_TV_3(1.0),A,082024,RESPOP_AV,F,Y_GE15,TOTAL,ALL,23,ALL,ALL,2024,921.251734848233,,,,,,,,ALL_N1,,,,,,,
IT1:DF_DCSS_ISTR_LAV_PEN_2_TV_3(1.0),A,082024,RESPOP_AV,F,Y_GE15,TOTAL,ALL,24,ALL,ALL,2018,408,,,,,,,,ALL_N1,,,,,,,
IT1:DF_DCSS_ISTR_LAV_PEN_2_TV_3(1.0),A,082024,RESPOP_AV,F,Y_GE15,TOTAL,ALL,24,ALL,ALL,2019,405,,,,,,,,ALL_N1,,,,,,,
IT1:DF_DCSS_ISTR_LAV_PEN_2_TV_3(1.0),A,082024,RESPOP_AV,F,Y_GE15,TOTAL,ALL,24,ALL,ALL,2021,389.769316411696,,,,,,,,ALL_N1,,,,,,,
IT1:DF_DCSS_ISTR_LAV_PEN_2_TV_3(1.0),A,082024,RESPOP_AV,F,Y_GE15,TOTAL,ALL,24,ALL,ALL,2022,378.921609917697,,,,,,,,ALL_N1,,,,,,,
IT1:DF_DCSS_ISTR_LAV_PEN_2_TV_3(1.0),A,082024,RESPOP_AV,F,Y_GE15,TOTAL,ALL,24,ALL,ALL,2023,361.0345238298553,,,,,,,,ALL_N1,,,,,,,
IT1:DF_DCSS_ISTR_LAV_PEN_2_TV_3(1.0),A,082024,RESPOP_AV,F,Y_GE15,TOTAL,ALL,24,ALL,ALL,2024,348.17408541890757,,,,,,,,ALL_N1,,,,,,,
IT1:DF_DCSS_ISTR_LAV_PEN_2_TV_3(1.0),A,082024,RESPOP_AV,F,Y_GE15,TOTAL,ALL,4,ALL,ALL,2018,307,,,,,,,,ALL_N1,,,,,,,
IT1:DF_DCSS_ISTR_LAV_PEN_2_TV_3(1.0),A,082024,RESPOP_AV,F,Y_GE15,TOTAL,ALL,4,ALL,ALL,2019,301,,,,,,,,ALL_N1,,,,,,,
IT1:DF_DCSS_ISTR_LAV_PEN_2_TV_3(1.0),A,082024,RESPOP_AV,F,Y_GE15,TOTAL,ALL,4,ALL,ALL,2021,340.475896226853,,,,,,,,ALL_N1,,,,,,,
IT1:DF_DCSS_ISTR_LAV_PEN_2_TV_3(1.0),A,082024,RESPOP_AV,F,Y_GE15,TOTAL,ALL,4,ALL,ALL,2022,329.305127509831,,,,,,,,ALL_N1,,,,,,,
IT1:DF_DCSS_ISTR_LAV_PEN_2_TV_3(1.0),A,082024,RESPOP_AV,F,Y_GE15,TOTAL,ALL,4,ALL,ALL,2023,306.35237910666433,,,,,,,,ALL_N1,,,,,,,
IT1:DF_DCSS_ISTR_LAV_PEN_2_TV_3(1.0),A,082024,RESPOP_AV,F,Y_GE15,TOTAL,ALL,4,ALL,ALL,2024,320.4846350737724,,,,,,,,ALL_N1,,,,,,,
IT1:DF_DCSS_ISTR_LAV_PEN_2_TV_3(1.0),A,082024,RESPOP_AV,F,Y_GE15,TOTAL,ALL,5,ALL,ALL,2018,133,,,,,,,,ALL_N1,,,,,,,
IT1:DF_DCSS_ISTR_LAV_PEN_2_TV_3(1.0),A,082024,RESPOP_AV,F,Y_GE15,TOTAL,ALL,5,ALL,ALL,2019,141,,,,,,,,ALL_N1,,,,,,,
IT1:DF_DCSS_ISTR_LAV_PEN_2_TV_3(1.0),A,082024,RESPOP_AV,F,Y_GE15,TOTAL,ALL,5,ALL,ALL,2021,134.343807751311,,,,,,,,ALL_N1,,,,,,,
IT1:DF_DCSS_ISTR_LAV_PEN_2_TV_3(1.0),A,082024,RESPOP_AV,F,Y_GE15,TOTAL,ALL,5,ALL,ALL,2022,133.7226085488,,,,,,,,ALL_N1,,,,,,,
IT1:DF_DCSS_ISTR_LAV_PEN_2_TV_3(1.0),A,082024,RESPOP_AV,F,Y_GE15,TOTAL,ALL,5,ALL,ALL,2023,144.5919332503892,,,,,,,,ALL_N1,,,,,,,
IT1:DF_DCSS_ISTR_LAV_PEN_2_TV_3(1.0),A,082024,RESPOP_AV,F,Y_GE15,TOTAL,ALL,5,ALL,ALL,2024,138.13631028313958,,,,,,,,ALL_N1,,,,,,,
IT1:DF_DCSS_ISTR_LAV_PEN_2_TV_3(1.0),A,082024,RESPOP_AV,F,Y_GE15,TOTAL,ALL,7,ALL,ALL,2018,129,,,,,,,,ALL_N1,,,,,,,
IT1:DF_DCSS_ISTR_LAV_PEN_2_TV_3(1.0),A,082024,RESPOP_AV,F,Y_GE15,TOTAL,ALL,7,ALL,ALL,2019,104,,,,,,,,ALL_N1,,,,,,,
IT1:DF_DCSS_ISTR_LAV_PEN_2_TV_3(1.0),A,082024,RESPOP_AV,F,Y_GE15,TOTAL,ALL,7,ALL,ALL,2021,115.302171681397,,,,,,,,ALL_N1,,,,,,,
IT1:DF_DCSS_ISTR_LAV_PEN_2_TV_3(1.0),A,082024,RESPOP_AV,F,Y_GE15,TOTAL,ALL,7,ALL,ALL,2022,111.552542164016,,,,,,,,ALL_N1,,,,,,,
IT1:DF_DCSS_ISTR_LAV_PEN_2_TV_3(1.0),A,082024,RESPOP_AV,F,Y_GE15,TOTAL,ALL,7,ALL,ALL,2023,115.77695513972573,,,,,,,,ALL_N1,,,,,,,
IT1:DF_DCSS_ISTR_LAV_PEN_2_TV_3(1.0),A,082024,RESPOP_AV,F,Y_GE15,TOTAL,ALL,7,ALL,ALL,2024,114.45670407241354,,,,,,,,ALL_N1,,,,,,,
IT1:DF_DCSS_ISTR_LAV_PEN_2_TV_3(1.0),A,082024,RESPOP_AV,F,Y_GE15,TOTAL,ALL,99,ALL,ALL,2018,1523,,,,,,,,ALL_N1,99_N1,,,,,,
IT1:DF_DCSS_ISTR_LAV_PEN_2_TV_3(1.0),A,082024,RESPOP_AV,F,Y_GE15,TOTAL,ALL,99,ALL,ALL,2019,1506,,,,,,,,ALL_N1,99_N1,,,,,,
IT1:DF_DCSS_ISTR_LAV_PEN_2_TV_3(1.0),A,082024,RESPOP_AV,F,Y_GE15,TOTAL,ALL,99,ALL,ALL,2021,1461,,,,,,,,ALL_N1,99_N1,,,,,,
IT1:DF_DCSS_ISTR_LAV_PEN_2_TV_3(1.0),A,082024,RESPOP_AV,F,Y_GE15,TOTAL,ALL,99,ALL,ALL,2022,1423,,,,,,,,ALL_N1,99_N1,,,,,,
IT1:DF_DCSS_ISTR_LAV_PEN_2_TV_3(1.0),A,082024,RESPOP_AV,F,Y_GE15,TOTAL,ALL,99,ALL,ALL,2023,1425,,,,,,,,ALL_N1,99_N1,,,,,,
IT1:DF_DCSS_ISTR_LAV_PEN_2_TV_3(1.0),A,082024,RESPOP_AV,F,Y_GE15,TOTAL,ALL,99,ALL,ALL,2024,1404,,,,,,,,ALL_N1,99_N1,,,,,,
IT1:DF_DCSS_ISTR_LAV_PEN_2_TV_3(1.0),A,082024,RESPOP_AV,M,Y_GE15,TOTAL,ALL,1,ALL,ALL,2018,602,,,,,,,,ALL_N1,,,,,,,
IT1:DF_DCSS_ISTR_LAV_PEN_2_TV_3(1.0),A,082024,RESPOP_AV,M,Y_GE15,TOTAL,ALL,1,ALL,ALL,2019,618,,,,,,,,ALL_N1,,,,,,,
IT1:DF_DCSS_ISTR_LAV_PEN_2_TV_3(1.0),A,082024,RESPOP_AV,M,Y_GE15,TOTAL,ALL,1,ALL,ALL,2021,606,,,,,,,,ALL_N1,,,,,,,
IT1:DF_DCSS_ISTR_LAV_PEN_2_TV_3(1.0),A,082024,RESPOP_AV,M,Y_GE15,TOTAL,ALL,1,ALL,ALL,2022,605,,,,,,,,ALL_N1,,,,,,,
IT1:DF_DCSS_ISTR_LAV_PEN_2_TV_3(1.0),A,082024,RESPOP_AV,M,Y_GE15,TOTAL,ALL,1,ALL,ALL,2023,614,,,,,,,,ALL_N1,,,,,,,
IT1:DF_DCSS_ISTR_LAV_PEN_2_TV_3(1.0),A,082024,RESPOP_AV,M,Y_GE15,TOTAL,ALL,1,ALL,ALL,2024,642,,,,,,,,ALL_N1,,,,,,,
IT1:DF_DCSS_ISTR_LAV_PEN_2_TV_3(1.0),A,082024,RESPOP_AV,M,Y_GE15,TOTAL,ALL,12,ALL,ALL,2018,157,,,,,,,,ALL_N1,,,,,,,
IT1:DF_DCSS_ISTR_LAV_PEN_2_TV_3(1.0),A,082024,RESPOP_AV,M,Y_GE15,TOTAL,ALL,12,ALL,ALL,2019,131,,,,,,,,ALL_N1,,,,,,,
IT1:DF_DCSS_ISTR_LAV_PEN_2_TV_3(1.0),A,082024,RESPOP_AV,M,Y_GE15,TOTAL,ALL,12,ALL,ALL,2021,73.8722694274452,,,,,,,,ALL_N1,,,,,,,
IT1:DF_DCSS_ISTR_LAV_PEN_2_TV_3(1.0),A,082024,RESPOP_AV,M,Y_GE15,TOTAL,ALL,12,ALL,ALL,2022,67.5572993961758,,,,,,,,ALL_N1,,,,,,,
IT1:DF_DCSS_ISTR_LAV_PEN_2_TV_3(1.0),A,082024,RESPOP_AV,M,Y_GE15,TOTAL,ALL,12,ALL,ALL,2023,70.45509372491934,,,,,,,,ALL_N1,,,,,,,
IT1:DF_DCSS_ISTR_LAV_PEN_2_TV_3(1.0),A,082024,RESPOP_AV,M,Y_GE15,TOTAL,ALL,12,ALL,ALL,2024,54.63989557707174,,,,,,,,ALL_N1,,,,,,,
IT1:DF_DCSS_ISTR_LAV_PEN_2_TV_3(1.0),A,082024,RESPOP_AV,M,Y_GE15,TOTAL,ALL,22,ALL,ALL,2018,759,,,,,,,,ALL_N1,,,,,,,
IT1:DF_DCSS_ISTR_LAV_PEN_2_TV_3(1.0),A,082024,RESPOP_AV,M,Y_GE15,TOTAL,ALL,22,ALL,ALL,2019,749,,,,,,,,ALL_N1,,,,,,,
IT1:DF_DCSS_ISTR_LAV_PEN_2_TV_3(1.0),A,082024,RESPOP_AV,M,Y_GE15,TOTAL,ALL,22,ALL,ALL,2021,679.872269427445,,,,,,,,ALL_N1,,,,,,,
IT1:DF_DCSS_ISTR_LAV_PEN_2_TV_3(1.0),A,082024,RESPOP_AV,M,Y_GE15,TOTAL,ALL,22,ALL,ALL,2022,672.557299396176,,,,,,,,ALL_N1,,,,,,,
IT1:DF_DCSS_ISTR_LAV_PEN_2_TV_3(1.0),A,082024,RESPOP_AV,M,Y_GE15,TOTAL,ALL,22,ALL,ALL,2023,684.4550937249194,,,,,,,,ALL_N1,,,,,,,
IT1:DF_DCSS_ISTR_LAV_PEN_2_TV_3(1.0),A,082024,RESPOP_AV,M,Y_GE15,TOTAL,ALL,22,ALL,ALL,2024,696.6398955770718,,,,,,,,ALL_N1,,,,,,,
IT1:DF_DCSS_ISTR_LAV_PEN_2_TV_3(1.0),A,082024,RESPOP_AV,M,Y_GE15,TOTAL,ALL,23,ALL,ALL,2018,612,,,,,,,,ALL_N1,,,,,,,
IT1:DF_DCSS_ISTR_LAV_PEN_2_TV_3(1.0),A,082024,RESPOP_AV,M,Y_GE15,TOTAL,ALL,23,ALL,ALL,2019,601,,,,,,,,ALL_N1,,,,,,,
IT1:DF_DCSS_ISTR_LAV_PEN_2_TV_3(1.0),A,082024,RESPOP_AV,M,Y_GE15,TOTAL,ALL,23,ALL,ALL,2021,634.127730572555,,,,,,,,ALL_N1,,,,,,,
IT1:DF_DCSS_ISTR_LAV_PEN_2_TV_3(1.0),A,082024,RESPOP_AV,M,Y_GE15,TOTAL,ALL,23,ALL,ALL,2022,612.442700603824,,,,,,,,ALL_N1,,,,,,,
IT1:DF_DCSS_ISTR_LAV_PEN_2_TV_3(1.0),A,082024,RESPOP_AV,M,Y_GE15,TOTAL,ALL,23,ALL,ALL,2023,586.5449062750806,,,,,,,,ALL_N1,,,,,,,
IT1:DF_DCSS_ISTR_LAV_PEN_2_TV_3(1.0),A,082024,RESPOP_AV,M,Y_GE15,TOTAL,ALL,23,ALL,ALL,2024,556.3601044229282,,,,,,,,ALL_N1,,,,,,,
IT1:DF_DCSS_ISTR_LAV_PEN_2_TV_3(1.0),A,082024,RESPOP_AV,M,Y_GE15,TOTAL,ALL,24,ALL,ALL,2018,355,,,,,,,,ALL_N1,,,,,,,
IT1:DF_DCSS_ISTR_LAV_PEN_2_TV_3(1.0),A,082024,RESPOP_AV,M,Y_GE15,TOTAL,ALL,24,ALL,ALL,2019,370,,,,,,,,ALL_N1,,,,,,,
IT1:DF_DCSS_ISTR_LAV_PEN_2_TV_3(1.0),A,082024,RESPOP_AV,M,Y_GE15,TOTAL,ALL,24,ALL,ALL,2021,372.608310944064,,,,,,,,ALL_N1,,,,,,,
IT1:DF_DCSS_ISTR_LAV_PEN_2_TV_3(1.0),A,082024,RESPOP_AV,M,Y_GE15,TOTAL,ALL,24,ALL,ALL,2022,375.274719597872,,,,,,,,ALL_N1,,,,,,,
IT1:DF_DCSS_ISTR_LAV_PEN_2_TV_3(1.0),A,082024,RESPOP_AV,M,Y_GE15,TOTAL,ALL,24,ALL,ALL,2023,357.29194855640395,,,,,,,,ALL_N1,,,,,,,
IT1:DF_DCSS_ISTR_LAV_PEN_2_TV_3(1.0),A,082024,RESPOP_AV,M,Y_GE15,TOTAL,ALL,24,ALL,ALL,2024,333.5959566122794,,,,,,,,ALL_N1,,,,,,,
IT1:DF_DCSS_ISTR_LAV_PEN_2_TV_3(1.0),A,082024,RESPOP_AV,M,Y_GE15,TOTAL,ALL,4,ALL,ALL,2018,11,,,,,,,,ALL_N1,,,,,,,
IT1:DF_DCSS_ISTR_LAV_PEN_2_TV_3(1.0),A,082024,RESPOP_AV,M,Y_GE15,TOTAL,ALL,4,ALL,ALL,2019,12,,,,,,,,ALL_N1,,,,,,,
IT1:DF_DCSS_ISTR_LAV_PEN_2_TV_3(1.0),A,082024,RESPOP_AV,M,Y_GE15,TOTAL,ALL,4,ALL,ALL,2021,16.9549957321966,,,,,,,,ALL_N1,,,,,,,
IT1:DF_DCSS_ISTR_LAV_PEN_2_TV_3(1.0),A,082024,RESPOP_AV,M,Y_GE15,TOTAL,ALL,4,ALL,ALL,2022,17.5446365780716,,,,,,,,ALL_N1,,,,,,,
IT1:DF_DCSS_ISTR_LAV_PEN_2_TV_3(1.0),A,082024,RESPOP_AV,M,Y_GE15,TOTAL,ALL,4,ALL,ALL,2023,19.0100146966952,,,,,,,,ALL_N1,,,,,,,
IT1:DF_DCSS_ISTR_LAV_PEN_2_TV_3(1.0),A,082024,RESPOP_AV,M,Y_GE15,TOTAL,ALL,4,ALL,ALL,2024,16.381099057061927,,,,,,,,ALL_N1,,,,,,,
IT1:DF_DCSS_ISTR_LAV_PEN_2_TV_3(1.0),A,082024,RESPOP_AV,M,Y_GE15,TOTAL,ALL,5,ALL,ALL,2018,104,,,,,,,,ALL_N1,,,,,,,
IT1:DF_DCSS_ISTR_LAV_PEN_2_TV_3(1.0),A,082024,RESPOP_AV,M,Y_GE15,TOTAL,ALL,5,ALL,ALL,2019,105,,,,,,,,ALL_N1,,,,,,,
IT1:DF_DCSS_ISTR_LAV_PEN_2_TV_3(1.0),A,082024,RESPOP_AV,M,Y_GE15,TOTAL,ALL,5,ALL,ALL,2021,103.814369234019,,,,,,,,ALL_N1,,,,,,,
IT1:DF_DCSS_ISTR_LAV_PEN_2_TV_3(1.0),A,082024,RESPOP_AV,M,Y_GE15,TOTAL,ALL,5,ALL,ALL,2022,103.302100364996,,,,,,,,ALL_N1,,,,,,,
IT1:DF_DCSS_ISTR_LAV_PEN_2_TV_3(1.0),A,082024,RESPOP_AV,M,Y_GE15,TOTAL,ALL,5,ALL,ALL,2023,101.3451849746806,,,,,,,,ALL_N1,,,,,,,
IT1:DF_DCSS_ISTR_LAV_PEN_2_TV_3(1.0),A,082024,RESPOP_AV,M,Y_GE15,TOTAL,ALL,5,ALL,ALL,2024,96.67041858659213,,,,,,,,ALL_N1,,,,,,,
IT1:DF_DCSS_ISTR_LAV_PEN_2_TV_3(1.0),A,082024,RESPOP_AV,M,Y_GE15,TOTAL,ALL,7,ALL,ALL,2018,142,,,,,,,,ALL_N1,,,,,,,
IT1:DF_DCSS_ISTR_LAV_PEN_2_TV_3(1.0),A,082024,RESPOP_AV,M,Y_GE15,TOTAL,ALL,7,ALL,ALL,2019,114,,,,,,,,ALL_N1,,,,,,,
IT1:DF_DCSS_ISTR_LAV_PEN_2_TV_3(1.0),A,082024,RESPOP_AV,M,Y_GE15,TOTAL,ALL,7,ALL,ALL,2021,140.750054662276,,,,,,,,ALL_N1,,,,,,,
IT1:DF_DCSS_ISTR_LAV_PEN_2_TV_3(1.0),A,082024,RESPOP_AV,M,Y_GE15,TOTAL,ALL,7,ALL,ALL,2022,116.321244062884,,,,,,,,ALL_N1,,,,,,,
IT1:DF_DCSS_ISTR_LAV_PEN_2_TV_3(1.0),A,082024,RESPOP_AV,M,Y_GE15,TOTAL,ALL,7,ALL,ALL,2023,108.8977580473009,,,,,,,,ALL_N1,,,,,,,
IT1:DF_DCSS_ISTR_LAV_PEN_2_TV_3(1.0),A,082024,RESPOP_AV,M,Y_GE15,TOTAL,ALL,7,ALL,ALL,2024,109.71263016699478,,,,,,,,ALL_N1,,,,,,,
IT1:DF_DCSS_ISTR_LAV_PEN_2_TV_3(1.0),A,082024,RESPOP_AV,M,Y_GE15,TOTAL,ALL,99,ALL,ALL,2018,1371,,,,,,,,ALL_N1,99_N1,,,,,,
IT1:DF_DCSS_ISTR_LAV_PEN_2_TV_3(1.0),A,082024,RESPOP_AV,M,Y_GE15,TOTAL,ALL,99,ALL,ALL,2019,1350,,,,,,,,ALL_N1,99_N1,,,,,,
IT1:DF_DCSS_ISTR_LAV_PEN_2_TV_3(1.0),A,082024,RESPOP_AV,M,Y_GE15,TOTAL,ALL,99,ALL,ALL,2021,1314,,,,,,,,ALL_N1,99_N1,,,,,,
IT1:DF_DCSS_ISTR_LAV_PEN_2_TV_3(1.0),A,082024,RESPOP_AV,M,Y_GE15,TOTAL,ALL,99,ALL,ALL,2022,1285,,,,,,,,ALL_N1,99_N1,,,,,,
IT1:DF_DCSS_ISTR_LAV_PEN_2_TV_3(1.0),A,082024,RESPOP_AV,M,Y_GE15,TOTAL,ALL,99,ALL,ALL,2023,1271,,,,,,,,ALL_N1,99_N1,,,,,,
IT1:DF_DCSS_ISTR_LAV_PEN_2_TV_3(1.0),A,082024,RESPOP_AV,M,Y_GE15,TOTAL,ALL,99,ALL,ALL,2024,1253,,,,,,,,ALL_N1,99_N1,,,,,,
IT1:DF_DCSS_ISTR_LAV_PEN_2_TV_3(1.0),A,082024,RESPOP_AV,T,Y_GE15,TOTAL,ALL,1,ALL,ALL,2018,999,,,,,,,,ALL_N1,,,,,,,
IT1:DF_DCSS_ISTR_LAV_PEN_2_TV_3(1.0),A,082024,RESPOP_AV,T,Y_GE15,TOTAL,ALL,1,ALL,ALL,2019,1038,,,,,,,,ALL_N1,,,,,,,
IT1:DF_DCSS_ISTR_LAV_PEN_2_TV_3(1.0),A,082024,RESPOP_AV,T,Y_GE15,TOTAL,ALL,1,ALL,ALL,2021,1016,,,,,,,,ALL_N1,,,,,,,
IT1:DF_DCSS_ISTR_LAV_PEN_2_TV_3(1.0),A,082024,RESPOP_AV,T,Y_GE15,TOTAL,ALL,1,ALL,ALL,2022,1003,,,,,,,,ALL_N1,,,,,,,
IT1:DF_DCSS_ISTR_LAV_PEN_2_TV_3(1.0),A,082024,RESPOP_AV,T,Y_GE15,TOTAL,ALL,1,ALL,ALL,2023,1027,,,,,,,,ALL_N1,,,,,,,
IT1:DF_DCSS_ISTR_LAV_PEN_2_TV_3(1.0),A,082024,RESPOP_AV,T,Y_GE15,TOTAL,ALL,1,ALL,ALL,2024,1061,,,,,,,,ALL_N1,,,,,,,
IT1:DF_DCSS_ISTR_LAV_PEN_2_TV_3(1.0),A,082024,RESPOP_AV,T,Y_GE15,TOTAL,ALL,12,ALL,ALL,2018,307,,,,,,,,ALL_N1,,,,,,,
IT1:DF_DCSS_ISTR_LAV_PEN_2_TV_3(1.0),A,082024,RESPOP_AV,T,Y_GE15,TOTAL,ALL,12,ALL,ALL,2019,266,,,,,,,,ALL_N1,,,,,,,
IT1:DF_DCSS_ISTR_LAV_PEN_2_TV_3(1.0),A,082024,RESPOP_AV,T,Y_GE15,TOTAL,ALL,12,ALL,ALL,2021,144.981077356189,,,,,,,,ALL_N1,,,,,,,
IT1:DF_DCSS_ISTR_LAV_PEN_2_TV_3(1.0),A,082024,RESPOP_AV,T,Y_GE15,TOTAL,ALL,12,ALL,ALL,2022,139.055411255832,,,,,,,,ALL_N1,,,,,,,
IT1:DF_DCSS_ISTR_LAV_PEN_2_TV_3(1.0),A,082024,RESPOP_AV,T,Y_GE15,TOTAL,ALL,12,ALL,ALL,2023,154.6993023982849,,,,,,,,ALL_N1,,,,,,,
IT1:DF_DCSS_ISTR_LAV_PEN_2_TV_3(1.0),A,082024,RESPOP_AV,T,Y_GE15,TOTAL,ALL,12,ALL,ALL,2024,118.38816072883874,,,,,,,,ALL_N1,,,,,,,
IT1:DF_DCSS_ISTR_LAV_PEN_2_TV_3(1.0),A,082024,RESPOP_AV,T,Y_GE15,TOTAL,ALL,22,ALL,ALL,2018,1305,,,,,,,,ALL_N1,,,,,,,
IT1:DF_DCSS_ISTR_LAV_PEN_2_TV_3(1.0),A,082024,RESPOP_AV,T,Y_GE15,TOTAL,ALL,22,ALL,ALL,2019,1304,,,,,,,,ALL_N1,,,,,,,
IT1:DF_DCSS_ISTR_LAV_PEN_2_TV_3(1.0),A,082024,RESPOP_AV,T,Y_GE15,TOTAL,ALL,22,ALL,ALL,2021,1160.98107735619,,,,,,,,ALL_N1,,,,,,,
IT1:DF_DCSS_ISTR_LAV_PEN_2_TV_3(1.0),A,082024,RESPOP_AV,T,Y_GE15,TOTAL,ALL,22,ALL,ALL,2022,1142.05541125583,,,,,,,,ALL_N1,,,,,,,
IT1:DF_DCSS_ISTR_LAV_PEN_2_TV_3(1.0),A,082024,RESPOP_AV,T,Y_GE15,TOTAL,ALL,22,ALL,ALL,2023,1181.699302398285,,,,,,,,ALL_N1,,,,,,,
IT1:DF_DCSS_ISTR_LAV_PEN_2_TV_3(1.0),A,082024,RESPOP_AV,T,Y_GE15,TOTAL,ALL,22,ALL,ALL,2024,1179.3881607288388,,,,,,,,ALL_N1,,,,,,,
IT1:DF_DCSS_ISTR_LAV_PEN_2_TV_3(1.0),A,082024,RESPOP_AV,T,Y_GE15,TOTAL,ALL,23,ALL,ALL,2018,1589,,,,,,,,ALL_N1,,,,,,,
IT1:DF_DCSS_ISTR_LAV_PEN_2_TV_3(1.0),A,082024,RESPOP_AV,T,Y_GE15,TOTAL,ALL,23,ALL,ALL,2019,1552,,,,,,,,ALL_N1,,,,,,,
IT1:DF_DCSS_ISTR_LAV_PEN_2_TV_3(1.0),A,082024,RESPOP_AV,T,Y_GE15,TOTAL,ALL,23,ALL,ALL,2021,1614.01892264381,,,,,,,,ALL_N1,,,,,,,
IT1:DF_DCSS_ISTR_LAV_PEN_2_TV_3(1.0),A,082024,RESPOP_AV,T,Y_GE15,TOTAL,ALL,23,ALL,ALL,2022,1565.94458874417,,,,,,,,ALL_N1,,,,,,,
IT1:DF_DCSS_ISTR_LAV_PEN_2_TV_3(1.0),A,082024,RESPOP_AV,T,Y_GE15,TOTAL,ALL,23,ALL,ALL,2023,1514.3006976017152,,,,,,,,ALL_N1,,,,,,,
IT1:DF_DCSS_ISTR_LAV_PEN_2_TV_3(1.0),A,082024,RESPOP_AV,T,Y_GE15,TOTAL,ALL,23,ALL,ALL,2024,1477.6118392711612,,,,,,,,ALL_N1,,,,,,,
IT1:DF_DCSS_ISTR_LAV_PEN_2_TV_3(1.0),A,082024,RESPOP_AV,T,Y_GE15,TOTAL,ALL,24,ALL,ALL,2018,763,,,,,,,,ALL_N1,,,,,,,
IT1:DF_DCSS_ISTR_LAV_PEN_2_TV_3(1.0),A,082024,RESPOP_AV,T,Y_GE15,TOTAL,ALL,24,ALL,ALL,2019,775,,,,,,,,ALL_N1,,,,,,,
IT1:DF_DCSS_ISTR_LAV_PEN_2_TV_3(1.0),A,082024,RESPOP_AV,T,Y_GE15,TOTAL,ALL,24,ALL,ALL,2021,762.37762735576,,,,,,,,ALL_N1,,,,,,,
IT1:DF_DCSS_ISTR_LAV_PEN_2_TV_3(1.0),A,082024,RESPOP_AV,T,Y_GE15,TOTAL,ALL,24,ALL,ALL,2022,754.196329515569,,,,,,,,ALL_N1,,,,,,,
IT1:DF_DCSS_ISTR_LAV_PEN_2_TV_3(1.0),A,082024,RESPOP_AV,T,Y_GE15,TOTAL,ALL,24,ALL,ALL,2023,718.3264723862592,,,,,,,,ALL_N1,,,,,,,
IT1:DF_DCSS_ISTR_LAV_PEN_2_TV_3(1.0),A,082024,RESPOP_AV,T,Y_GE15,TOTAL,ALL,24,ALL,ALL,2024,681.770042031187,,,,,,,,ALL_N1,,,,,,,
IT1:DF_DCSS_ISTR_LAV_PEN_2_TV_3(1.0),A,082024,RESPOP_AV,T,Y_GE15,TOTAL,ALL,4,ALL,ALL,2018,318,,,,,,,,ALL_N1,,,,,,,
IT1:DF_DCSS_ISTR_LAV_PEN_2_TV_3(1.0),A,082024,RESPOP_AV,T,Y_GE15,TOTAL,ALL,4,ALL,ALL,2019,313,,,,,,,,ALL_N1,,,,,,,
IT1:DF_DCSS_ISTR_LAV_PEN_2_TV_3(1.0),A,082024,RESPOP_AV,T,Y_GE15,TOTAL,ALL,4,ALL,ALL,2021,357.430891959049,,,,,,,,ALL_N1,,,,,,,
IT1:DF_DCSS_ISTR_LAV_PEN_2_TV_3(1.0),A,082024,RESPOP_AV,T,Y_GE15,TOTAL,ALL,4,ALL,ALL,2022,346.849764087902,,,,,,,,ALL_N1,,,,,,,
IT1:DF_DCSS_ISTR_LAV_PEN_2_TV_3(1.0),A,082024,RESPOP_AV,T,Y_GE15,TOTAL,ALL,4,ALL,ALL,2023,325.3623938033595,,,,,,,,ALL_N1,,,,,,,
IT1:DF_DCSS_ISTR_LAV_PEN_2_TV_3(1.0),A,082024,RESPOP_AV,T,Y_GE15,TOTAL,ALL,4,ALL,ALL,2024,336.8657341308343,,,,,,,,ALL_N1,,,,,,,
IT1:DF_DCSS_ISTR_LAV_PEN_2_TV_3(1.0),A,082024,RESPOP_AV,T,Y_GE15,TOTAL,ALL,5,ALL,ALL,2018,237,,,,,,,,ALL_N1,,,,,,,
IT1:DF_DCSS_ISTR_LAV_PEN_2_TV_3(1.0),A,082024,RESPOP_AV,T,Y_GE15,TOTAL,ALL,5,ALL,ALL,2019,246,,,,,,,,ALL_N1,,,,,,,
IT1:DF_DCSS_ISTR_LAV_PEN_2_TV_3(1.0),A,082024,RESPOP_AV,T,Y_GE15,TOTAL,ALL,5,ALL,ALL,2021,238.15817698533,,,,,,,,ALL_N1,,,,,,,
IT1:DF_DCSS_ISTR_LAV_PEN_2_TV_3(1.0),A,082024,RESPOP_AV,T,Y_GE15,TOTAL,ALL,5,ALL,ALL,2022,237.024708913797,,,,,,,,ALL_N1,,,,,,,
IT1:DF_DCSS_ISTR_LAV_PEN_2_TV_3(1.0),A,082024,RESPOP_AV,T,Y_GE15,TOTAL,ALL,5,ALL,ALL,2023,245.9371182250698,,,,,,,,ALL_N1,,,,,,,
IT1:DF_DCSS_ISTR_LAV_PEN_2_TV_3(1.0),A,082024,RESPOP_AV,T,Y_GE15,TOTAL,ALL,5,ALL,ALL,2024,234.80672886973173,,,,,,,,ALL_N1,,,,,,,
IT1:DF_DCSS_ISTR_LAV_PEN_2_TV_3(1.0),A,082024,RESPOP_AV,T,Y_GE15,TOTAL,ALL,7,ALL,ALL,2018,271,,,,,,,,ALL_N1,,,,,,,
IT1:DF_DCSS_ISTR_LAV_PEN_2_TV_3(1.0),A,082024,RESPOP_AV,T,Y_GE15,TOTAL,ALL,7,ALL,ALL,2019,218,,,,,,,,ALL_N1,,,,,,,
IT1:DF_DCSS_ISTR_LAV_PEN_2_TV_3(1.0),A,082024,RESPOP_AV,T,Y_GE15,TOTAL,ALL,7,ALL,ALL,2021,256.052226343673,,,,,,,,ALL_N1,,,,,,,
IT1:DF_DCSS_ISTR_LAV_PEN_2_TV_3(1.0),A,082024,RESPOP_AV,T,Y_GE15,TOTAL,ALL,7,ALL,ALL,2022,227.8737862269,,,,,,,,ALL_N1,,,,,,,
IT1:DF_DCSS_ISTR_LAV_PEN_2_TV_3(1.0),A,082024,RESPOP_AV,T,Y_GE15,TOTAL,ALL,7,ALL,ALL,2023,224.6747131870266,,,,,,,,ALL_N1,,,,,,,
IT1:DF_DCSS_ISTR_LAV_PEN_2_TV_3(1.0),A,082024,RESPOP_AV,T,Y_GE15,TOTAL,ALL,7,ALL,ALL,2024,224.16933423940833,,,,,,,,ALL_N1,,,,,,,
IT1:DF_DCSS_ISTR_LAV_PEN_2_TV_3(1.0),A,082024,RESPOP_AV,T,Y_GE15,TOTAL,ALL,99,ALL,ALL,2018,2894,,,,,,,,ALL_N1,99_N1,,,,,,
IT1:DF_DCSS_ISTR_LAV_PEN_2_TV_3(1.0),A,082024,RESPOP_AV,T,Y_GE15,TOTAL,ALL,99,ALL,ALL,2019,2856,,,,,,,,ALL_N1,99_N1,,,,,,
IT1:DF_DCSS_ISTR_LAV_PEN_2_TV_3(1.0),A,082024,RESPOP_AV,T,Y_GE15,TOTAL,ALL,99,ALL,ALL,2021,2775,,,,,,,,ALL_N1,99_N1,,,,,,
IT1:DF_DCSS_ISTR_LAV_PEN_2_TV_3(1.0),A,082024,RESPOP_AV,T,Y_GE15,TOTAL,ALL,99,ALL,ALL,2022,2708,,,,,,,,ALL_N1,99_N1,,,,,,
IT1:DF_DCSS_ISTR_LAV_PEN_2_TV_3(1.0),A,082024,RESPOP_AV,T,Y_GE15,TOTAL,ALL,99,ALL,ALL,2023,2696,,,,,,,,ALL_N1,99_N1,,,,,,
IT1:DF_DCSS_ISTR_LAV_PEN_2_TV_3(1.0),A,082024,RESPOP_AV,T,Y_GE15,TOTAL,ALL,99,ALL,ALL,2024,2657,,,,,,,,ALL_N1,99_N1,,,,,,
IT1:DF_DCSS_ISTR_LAV_PEN_2_TV_3(1.0),A,082025,RESPOP_AV,F,Y_GE15,TOTAL,ALL,1,ALL,ALL,2018,300,,,,,,,,ALL_N1,,,,,,,
IT1:DF_DCSS_ISTR_LAV_PEN_2_TV_3(1.0),A,082025,RESPOP_AV,F,Y_GE15,TOTAL,ALL,1,ALL,ALL,2019,310,,,,,,,,ALL_N1,,,,,,,
IT1:DF_DCSS_ISTR_LAV_PEN_2_TV_3(1.0),A,082025,RESPOP_AV,F,Y_GE15,TOTAL,ALL,1,ALL,ALL,2021,305,,,,,,,,ALL_N1,,,,,,,
IT1:DF_DCSS_ISTR_LAV_PEN_2_TV_3(1.0),A,082025,RESPOP_AV,F,Y_GE15,TOTAL,ALL,1,ALL,ALL,2022,317,,,,,,,,ALL_N1,,,,,,,
IT1:DF_DCSS_ISTR_LAV_PEN_2_TV_3(1.0),A,082025,RESPOP_AV,F,Y_GE15,TOTAL,ALL,1,ALL,ALL,2023,334,,,,,,,,ALL_N1,,,,,,,
IT1:DF_DCSS_ISTR_LAV_PEN_2_TV_3(1.0),A,082025,RESPOP_AV,F,Y_GE15,TOTAL,ALL,1,ALL,ALL,2024,337,,,,,,,,ALL_N1,,,,,,,
IT1:DF_DCSS_ISTR_LAV_PEN_2_TV_3(1.0),A,082025,RESPOP_AV,F,Y_GE15,TOTAL,ALL,12,ALL,ALL,2018,142,,,,,,,,ALL_N1,,,,,,,
IT1:DF_DCSS_ISTR_LAV_PEN_2_TV_3(1.0),A,082025,RESPOP_AV,F,Y_GE15,TOTAL,ALL,12,ALL,ALL,2019,141,,,,,,,,ALL_N1,,,,,,,
IT1:DF_DCSS_ISTR_LAV_PEN_2_TV_3(1.0),A,082025,RESPOP_AV,F,Y_GE15,TOTAL,ALL,12,ALL,ALL,2021,78.7125256255392,,,,,,,,ALL_N1,,,,,,,
IT1:DF_DCSS_ISTR_LAV_PEN_2_TV_3(1.0),A,082025,RESPOP_AV,F,Y_GE15,TOTAL,ALL,12,ALL,ALL,2022,76.2339244001143,,,,,,,,ALL_N1,,,,,,,
IT1:DF_DCSS_ISTR_LAV_PEN_2_TV_3(1.0),A,082025,RESPOP_AV,F,Y_GE15,TOTAL,ALL,12,ALL,ALL,2023,87.93323656132914,,,,,,,,ALL_N1,,,,,,,
IT1:DF_DCSS_ISTR_LAV_PEN_2_TV_3(1.0),A,082025,RESPOP_AV,F,Y_GE15,TOTAL,ALL,12,ALL,ALL,2024,64.32933194056575,,,,,,,,ALL_N1,,,,,,,
IT1:DF_DCSS_ISTR_LAV_PEN_2_TV_3(1.0),A,082025,RESPOP_AV,F,Y_GE15,TOTAL,ALL,22,ALL,ALL,2018,442,,,,,,,,ALL_N1,,,,,,,
IT1:DF_DCSS_ISTR_LAV_PEN_2_TV_3(1.0),A,082025,RESPOP_AV,F,Y_GE15,TOTAL,ALL,22,ALL,ALL,2019,451,,,,,,,,ALL_N1,,,,,,,
IT1:DF_DCSS_ISTR_LAV_PEN_2_TV_3(1.0),A,082025,RESPOP_AV,F,Y_GE15,TOTAL,ALL,22,ALL,ALL,2021,383.712525625539,,,,,,,,ALL_N1,,,,,,,
IT1:DF_DCSS_ISTR_LAV_PEN_2_TV_3(1.0),A,082025,RESPOP_AV,F,Y_GE15,TOTAL,ALL,22,ALL,ALL,2022,393.233924400114,,,,,,,,ALL_N1,,,,,,,
IT1:DF_DCSS_ISTR_LAV_PEN_2_TV_3(1.0),A,082025,RESPOP_AV,F,Y_GE15,TOTAL,ALL,22,ALL,ALL,2023,421.9332365613291,,,,,,,,ALL_N1,,,,,,,
IT1:DF_DCSS_ISTR_LAV_PEN_2_TV_3(1.0),A,082025,RESPOP_AV,F,Y_GE15,TOTAL,ALL,22,ALL,ALL,2024,401.32933194056574,,,,,,,,ALL_N1,,,,,,,
IT1:DF_DCSS_ISTR_LAV_PEN_2_TV_3(1.0),A,082025,RESPOP_AV,F,Y_GE15,TOTAL,ALL,23,ALL,ALL,2018,943,,,,,,,,ALL_N1,,,,,,,
IT1:DF_DCSS_ISTR_LAV_PEN_2_TV_3(1.0),A,082025,RESPOP_AV,F,Y_GE15,TOTAL,ALL,23,ALL,ALL,2019,925,,,,,,,,ALL_N1,,,,,,,
IT1:DF_DCSS_ISTR_LAV_PEN_2_TV_3(1.0),A,082025,RESPOP_AV,F,Y_GE15,TOTAL,ALL,23,ALL,ALL,2021,956.287474374461,,,,,,,,ALL_N1,,,,,,,
IT1:DF_DCSS_ISTR_LAV_PEN_2_TV_3(1.0),A,082025,RESPOP_AV,F,Y_GE15,TOTAL,ALL,23,ALL,ALL,2022,935.766075599886,,,,,,,,ALL_N1,,,,,,,
IT1:DF_DCSS_ISTR_LAV_PEN_2_TV_3(1.0),A,082025,RESPOP_AV,F,Y_GE15,TOTAL,ALL,23,ALL,ALL,2023,885.0667634386708,,,,,,,,ALL_N1,,,,,,,
IT1:DF_DCSS_ISTR_LAV_PEN_2_TV_3(1.0),A,082025,RESPOP_AV,F,Y_GE15,TOTAL,ALL,23,ALL,ALL,2024,895.6706680594343,,,,,,,,ALL_N1,,,,,,,
IT1:DF_DCSS_ISTR_LAV_PEN_2_TV_3(1.0),A,082025,RESPOP_AV,F,Y_GE15,TOTAL,ALL,24,ALL,ALL,2018,321,,,,,,,,ALL_N1,,,,,,,
IT1:DF_DCSS_ISTR_LAV_PEN_2_TV_3(1.0),A,082025,RESPOP_AV,F,Y_GE15,TOTAL,ALL,24,ALL,ALL,2019,336,,,,,,,,ALL_N1,,,,,,,
IT1:DF_DCSS_ISTR_LAV_PEN_2_TV_3(1.0),A,082025,RESPOP_AV,F,Y_GE15,TOTAL,ALL,24,ALL,ALL,2021,310.436579749254,,,,,,,,ALL_N1,,,,,,,
IT1:DF_DCSS_ISTR_LAV_PEN_2_TV_3(1.0),A,082025,RESPOP_AV,F,Y_GE15,TOTAL,ALL,24,ALL,ALL,2022,295.740857344031,,,,,,,,ALL_N1,,,,,,,
IT1:DF_DCSS_ISTR_LAV_PEN_2_TV_3(1.0),A,082025,RESPOP_AV,F,Y_GE15,TOTAL,ALL,24,ALL,ALL,2023,297.91697219880155,,,,,,,,ALL_N1,,,,,,,
IT1:DF_DCSS_ISTR_LAV_PEN_2_TV_3(1.0),A,082025,RESPOP_AV,F,Y_GE15,TOTAL,ALL,24,ALL,ALL,2024,294.46916473533133,,,,,,,,ALL_N1,,,,,,,
IT1:DF_DCSS_ISTR_LAV_PEN_2_TV_3(1.0),A,082025,RESPOP_AV,F,Y_GE15,TOTAL,ALL,4,ALL,ALL,2018,372,,,,,,,,ALL_N1,,,,,,,
IT1:DF_DCSS_ISTR_LAV_PEN_2_TV_3(1.0),A,082025,RESPOP_AV,F,Y_GE15,TOTAL,ALL,4,ALL,ALL,2019,355,,,,,,,,ALL_N1,,,,,,,
IT1:DF_DCSS_ISTR_LAV_PEN_2_TV_3(1.0),A,082025,RESPOP_AV,F,Y_GE15,TOTAL,ALL,4,ALL,ALL,2021,409.135415433583,,,,,,,,ALL_N1,,,,,,,
IT1:DF_DCSS_ISTR_LAV_PEN_2_TV_3(1.0),A,082025,RESPOP_AV,F,Y_GE15,TOTAL,ALL,4,ALL,ALL,2022,401.161160415365,,,,,,,,ALL_N1,,,,,,,
IT1:DF_DCSS_ISTR_LAV_PEN_2_TV_3(1.0),A,082025,RESPOP_AV,F,Y_GE15,TOTAL,ALL,4,ALL,ALL,2023,363.77009162932967,,,,,,,,ALL_N1,,,,,,,
IT1:DF_DCSS_ISTR_LAV_PEN_2_TV_3(1.0),A,082025,RESPOP_AV,F,Y_GE15,TOTAL,ALL,4,ALL,ALL,2024,372.9559260790038,,,,,,,,ALL_N1,,,,,,,
IT1:DF_DCSS_ISTR_LAV_PEN_2_TV_3(1.0),A,082025,RESPOP_AV,F,Y_GE15,TOTAL,ALL,5,ALL,ALL,2018,124,,,,,,,,ALL_N1,,,,,,,
IT1:DF_DCSS_ISTR_LAV_PEN_2_TV_3(1.0),A,082025,RESPOP_AV,F,Y_GE15,TOTAL,ALL,5,ALL,ALL,2019,134,,,,,,,,ALL_N1,,,,,,,
IT1:DF_DCSS_ISTR_LAV_PEN_2_TV_3(1.0),A,082025,RESPOP_AV,F,Y_GE15,TOTAL,ALL,5,ALL,ALL,2021,129.58836906872,,,,,,,,ALL_N1,,,,,,,
IT1:DF_DCSS_ISTR_LAV_PEN_2_TV_3(1.0),A,082025,RESPOP_AV,F,Y_GE15,TOTAL,ALL,5,ALL,ALL,2022,123.636874485752,,,,,,,,ALL_N1,,,,,,,
IT1:DF_DCSS_ISTR_LAV_PEN_2_TV_3(1.0),A,082025,RESPOP_AV,F,Y_GE15,TOTAL,ALL,5,ALL,ALL,2023,110.70263787270892,,,,,,,,ALL_N1,,,,,,,
IT1:DF_DCSS_ISTR_LAV_PEN_2_TV_3(1.0),A,082025,RESPOP_AV,F,Y_GE15,TOTAL,ALL,5,ALL,ALL,2024,110.9489756076717,,,,,,,,ALL_N1,,,,,,,
IT1:DF_DCSS_ISTR_LAV_PEN_2_TV_3(1.0),A,082025,RESPOP_AV,F,Y_GE15,TOTAL,ALL,7,ALL,ALL,2018,127,,,,,,,,ALL_N1,,,,,,,
IT1:DF_DCSS_ISTR_LAV_PEN_2_TV_3(1.0),A,082025,RESPOP_AV,F,Y_GE15,TOTAL,ALL,7,ALL,ALL,2019,100,,,,,,,,ALL_N1,,,,,,,
IT1:DF_DCSS_ISTR_LAV_PEN_2_TV_3(1.0),A,082025,RESPOP_AV,F,Y_GE15,TOTAL,ALL,7,ALL,ALL,2021,107.127110122904,,,,,,,,ALL_N1,,,,,,,
IT1:DF_DCSS_ISTR_LAV_PEN_2_TV_3(1.0),A,082025,RESPOP_AV,F,Y_GE15,TOTAL,ALL,7,ALL,ALL,2022,115.227183354739,,,,,,,,ALL_N1,,,,,,,
IT1:DF_DCSS_ISTR_LAV_PEN_2_TV_3(1.0),A,082025,RESPOP_AV,F,Y_GE15,TOTAL,ALL,7,ALL,ALL,2023,112.67706173783073,,,,,,,,ALL_N1,,,,,,,
IT1:DF_DCSS_ISTR_LAV_PEN_2_TV_3(1.0),A,082025,RESPOP_AV,F,Y_GE15,TOTAL,ALL,7,ALL,ALL,2024,117.2966016374275,,,,,,,,ALL_N1,,,,,,,
IT1:DF_DCSS_ISTR_LAV_PEN_2_TV_3(1.0),A,082025,RESPOP_AV,F,Y_GE15,TOTAL,ALL,99,ALL,ALL,2018,1385,,,,,,,,ALL_N1,99_N1,,,,,,
IT1:DF_DCSS_ISTR_LAV_PEN_2_TV_3(1.0),A,082025,RESPOP_AV,F,Y_GE15,TOTAL,ALL,99,ALL,ALL,2019,1376,,,,,,,,ALL_N1,99_N1,,,,,,
IT1:DF_DCSS_ISTR_LAV_PEN_2_TV_3(1.0),A,082025,RESPOP_AV,F,Y_GE15,TOTAL,ALL,99,ALL,ALL,2021,1340,,,,,,,,ALL_N1,99_N1,,,,,,
IT1:DF_DCSS_ISTR_LAV_PEN_2_TV_3(1.0),A,082025,RESPOP_AV,F,Y_GE15,TOTAL,ALL,99,ALL,ALL,2022,1329,,,,,,,,ALL_N1,99_N1,,,,,,
IT1:DF_DCSS_ISTR_LAV_PEN_2_TV_3(1.0),A,082025,RESPOP_AV,F,Y_GE15,TOTAL,ALL,99,ALL,ALL,2023,1307,,,,,,,,ALL_N1,99_N1,,,,,,
IT1:DF_DCSS_ISTR_LAV_PEN_2_TV_3(1.0),A,082025,RESPOP_AV,F,Y_GE15,TOTAL,ALL,99,ALL,ALL,2024,1297,,,,,,,,ALL_N1,99_N1,,,,,,
IT1:DF_DCSS_ISTR_LAV_PEN_2_TV_3(1.0),A,082025,RESPOP_AV,M,Y_GE15,TOTAL,ALL,1,ALL,ALL,2018,555,,,,,,,,ALL_N1,,,,,,,
IT1:DF_DCSS_ISTR_LAV_PEN_2_TV_3(1.0),A,082025,RESPOP_AV,M,Y_GE15,TOTAL,ALL,1,ALL,ALL,2019,592,,,,,,,,ALL_N1,,,,,,,
IT1:DF_DCSS_ISTR_LAV_PEN_2_TV_3(1.0),A,082025,RESPOP_AV,M,Y_GE15,TOTAL,ALL,1,ALL,ALL,2021,566,,,,,,,,ALL_N1,,,,,,,
IT1:DF_DCSS_ISTR_LAV_PEN_2_TV_3(1.0),A,082025,RESPOP_AV,M,Y_GE15,TOTAL,ALL,1,ALL,ALL,2022,555,,,,,,,,ALL_N1,,,,,,,
IT1:DF_DCSS_ISTR_LAV_PEN_2_TV_3(1.0),A,082025,RESPOP_AV,M,Y_GE15,TOTAL,ALL,1,ALL,ALL,2023,579,,,,,,,,ALL_N1,,,,,,,
IT1:DF_DCSS_ISTR_LAV_PEN_2_TV_3(1.0),A,082025,RESPOP_AV,M,Y_GE15,TOTAL,ALL,1,ALL,ALL,2024,588,,,,,,,,ALL_N1,,,,,,,
IT1:DF_DCSS_ISTR_LAV_PEN_2_TV_3(1.0),A,082025,RESPOP_AV,M,Y_GE15,TOTAL,ALL,12,ALL,ALL,2018,151,,,,,,,,ALL_N1,,,,,,,
IT1:DF_DCSS_ISTR_LAV_PEN_2_TV_3(1.0),A,082025,RESPOP_AV,M,Y_GE15,TOTAL,ALL,12,ALL,ALL,2019,134,,,,,,,,ALL_N1,,,,,,,
IT1:DF_DCSS_ISTR_LAV_PEN_2_TV_3(1.0),A,082025,RESPOP_AV,M,Y_GE15,TOTAL,ALL,12,ALL,ALL,2021,84.4227849981357,,,,,,,,ALL_N1,,,,,,,
IT1:DF_DCSS_ISTR_LAV_PEN_2_TV_3(1.0),A,082025,RESPOP_AV,M,Y_GE15,TOTAL,ALL,12,ALL,ALL,2022,76.8240868466221,,,,,,,,ALL_N1,,,,,,,
IT1:DF_DCSS_ISTR_LAV_PEN_2_TV_3(1.0),A,082025,RESPOP_AV,M,Y_GE15,TOTAL,ALL,12,ALL,ALL,2023,74.73816046036234,,,,,,,,ALL_N1,,,,,,,
IT1:DF_DCSS_ISTR_LAV_PEN_2_TV_3(1.0),A,082025,RESPOP_AV,M,Y_GE15,TOTAL,ALL,12,ALL,ALL,2024,62.280795588903906,,,,,,,,ALL_N1,,,,,,,
IT1:DF_DCSS_ISTR_LAV_PEN_2_TV_3(1.0),A,082025,RESPOP_AV,M,Y_GE15,TOTAL,ALL,22,ALL,ALL,2018,706,,,,,,,,ALL_N1,,,,,,,
IT1:DF_DCSS_ISTR_LAV_PEN_2_TV_3(1.0),A,082025,RESPOP_AV,M,Y_GE15,TOTAL,ALL,22,ALL,ALL,2019,726,,,,,,,,ALL_N1,,,,,,,
IT1:DF_DCSS_ISTR_LAV_PEN_2_TV_3(1.0),A,082025,RESPOP_AV,M,Y_GE15,TOTAL,ALL,22,ALL,ALL,2021,650.422784998136,,,,,,,,ALL_N1,,,,,,,
IT1:DF_DCSS_ISTR_LAV_PEN_2_TV_3(1.0),A,082025,RESPOP_AV,M,Y_GE15,TOTAL,ALL,22,ALL,ALL,2022,631.824086846622,,,,,,,,ALL_N1,,,,,,,
IT1:DF_DCSS_ISTR_LAV_PEN_2_TV_3(1.0),A,082025,RESPOP_AV,M,Y_GE15,TOTAL,ALL,22,ALL,ALL,2023,653.7381604603623,,,,,,,,ALL_N1,,,,,,,
IT1:DF_DCSS_ISTR_LAV_PEN_2_TV_3(1.0),A,082025,RESPOP_AV,M,Y_GE15,TOTAL,ALL,22,ALL,ALL,2024,650.2807955889039,,,,,,,,ALL_N1,,,,,,,
IT1:DF_DCSS_ISTR_LAV_PEN_2_TV_3(1.0),A,082025,RESPOP_AV,M,Y_GE15,TOTAL,ALL,23,ALL,ALL,2018,592,,,,,,,,ALL_N1,,,,,,,
IT1:DF_DCSS_ISTR_LAV_PEN_2_TV_3(1.0),A,082025,RESPOP_AV,M,Y_GE15,TOTAL,ALL,23,ALL,ALL,2019,561,,,,,,,,ALL_N1,,,,,,,
IT1:DF_DCSS_ISTR_LAV_PEN_2_TV_3(1.0),A,082025,RESPOP_AV,M,Y_GE15,TOTAL,ALL,23,ALL,ALL,2021,604.577215001864,,,,,,,,ALL_N1,,,,,,,
IT1:DF_DCSS_ISTR_LAV_PEN_2_TV_3(1.0),A,082025,RESPOP_AV,M,Y_GE15,TOTAL,ALL,23,ALL,ALL,2022,597.175913153378,,,,,,,,ALL_N1,,,,,,,
IT1:DF_DCSS_ISTR_LAV_PEN_2_TV_3(1.0),A,082025,RESPOP_AV,M,Y_GE15,TOTAL,ALL,23,ALL,ALL,2023,555.2618395396377,,,,,,,,ALL_N1,,,,,,,
IT1:DF_DCSS_ISTR_LAV_PEN_2_TV_3(1.0),A,082025,RESPOP_AV,M,Y_GE15,TOTAL,ALL,23,ALL,ALL,2024,555.7192044110961,,,,,,,,ALL_N1,,,,,,,
IT1:DF_DCSS_ISTR_LAV_PEN_2_TV_3(1.0),A,082025,RESPOP_AV,M,Y_GE15,TOTAL,ALL,24,ALL,ALL,2018,340,,,,,,,,ALL_N1,,,,,,,
IT1:DF_DCSS_ISTR_LAV_PEN_2_TV_3(1.0),A,082025,RESPOP_AV,M,Y_GE15,TOTAL,ALL,24,ALL,ALL,2019,341,,,,,,,,ALL_N1,,,,,,,
IT1:DF_DCSS_ISTR_LAV_PEN_2_TV_3(1.0),A,082025,RESPOP_AV,M,Y_GE15,TOTAL,ALL,24,ALL,ALL,2021,353.033326438012,,,,,,,,ALL_N1,,,,,,,
IT1:DF_DCSS_ISTR_LAV_PEN_2_TV_3(1.0),A,082025,RESPOP_AV,M,Y_GE15,TOTAL,ALL,24,ALL,ALL,2022,352.700673821648,,,,,,,,ALL_N1,,,,,,,
IT1:DF_DCSS_ISTR_LAV_PEN_2_TV_3(1.0),A,082025,RESPOP_AV,M,Y_GE15,TOTAL,ALL,24,ALL,ALL,2023,338.5465411774714,,,,,,,,ALL_N1,,,,,,,
IT1:DF_DCSS_ISTR_LAV_PEN_2_TV_3(1.0),A,082025,RESPOP_AV,M,Y_GE15,TOTAL,ALL,24,ALL,ALL,2024,330.54160527030103,,,,,,,,ALL_N1,,,,,,,
IT1:DF_DCSS_ISTR_LAV_PEN_2_TV_3(1.0),A,082025,RESPOP_AV,M,Y_GE15,TOTAL,ALL,4,ALL,ALL,2018,12,,,,,,,,ALL_N1,,,,,,,
IT1:DF_DCSS_ISTR_LAV_PEN_2_TV_3(1.0),A,082025,RESPOP_AV,M,Y_GE15,TOTAL,ALL,4,ALL,ALL,2019,11,,,,,,,,ALL_N1,,,,,,,
IT1:DF_DCSS_ISTR_LAV_PEN_2_TV_3(1.0),A,082025,RESPOP_AV,M,Y_GE15,TOTAL,ALL,4,ALL,ALL,2021,21.303619013848,,,,,,,,ALL_N1,,,,,,,
IT1:DF_DCSS_ISTR_LAV_PEN_2_TV_3(1.0),A,082025,RESPOP_AV,M,Y_GE15,TOTAL,ALL,4,ALL,ALL,2022,21.0638900267395,,,,,,,,ALL_N1,,,,,,,
IT1:DF_DCSS_ISTR_LAV_PEN_2_TV_3(1.0),A,082025,RESPOP_AV,M,Y_GE15,TOTAL,ALL,4,ALL,ALL,2023,18.42683093932653,,,,,,,,ALL_N1,,,,,,,
IT1:DF_DCSS_ISTR_LAV_PEN_2_TV_3(1.0),A,082025,RESPOP_AV,M,Y_GE15,TOTAL,ALL,4,ALL,ALL,2024,18.64509867750754,,,,,,,,ALL_N1,,,,,,,
IT1:DF_DCSS_ISTR_LAV_PEN_2_TV_3(1.0),A,082025,RESPOP_AV,M,Y_GE15,TOTAL,ALL,5,ALL,ALL,2018,89,,,,,,,,ALL_N1,,,,,,,
IT1:DF_DCSS_ISTR_LAV_PEN_2_TV_3(1.0),A,082025,RESPOP_AV,M,Y_GE15,TOTAL,ALL,5,ALL,ALL,2019,97,,,,,,,,ALL_N1,,,,,,,
IT1:DF_DCSS_ISTR_LAV_PEN_2_TV_3(1.0),A,082025,RESPOP_AV,M,Y_GE15,TOTAL,ALL,5,ALL,ALL,2021,90.3089789592236,,,,,,,,ALL_N1,,,,,,,
IT1:DF_DCSS_ISTR_LAV_PEN_2_TV_3(1.0),A,082025,RESPOP_AV,M,Y_GE15,TOTAL,ALL,5,ALL,ALL,2022,88.8688017466771,,,,,,,,ALL_N1,,,,,,,
IT1:DF_DCSS_ISTR_LAV_PEN_2_TV_3(1.0),A,082025,RESPOP_AV,M,Y_GE15,TOTAL,ALL,5,ALL,ALL,2023,84.19906752775617,,,,,,,,ALL_N1,,,,,,,
IT1:DF_DCSS_ISTR_LAV_PEN_2_TV_3(1.0),A,082025,RESPOP_AV,M,Y_GE15,TOTAL,ALL,5,ALL,ALL,2024,78.91855905937561,,,,,,,,ALL_N1,,,,,,,
IT1:DF_DCSS_ISTR_LAV_PEN_2_TV_3(1.0),A,082025,RESPOP_AV,M,Y_GE15,TOTAL,ALL,7,ALL,ALL,2018,152,,,,,,,,ALL_N1,,,,,,,
IT1:DF_DCSS_ISTR_LAV_PEN_2_TV_3(1.0),A,082025,RESPOP_AV,M,Y_GE15,TOTAL,ALL,7,ALL,ALL,2019,112,,,,,,,,ALL_N1,,,,,,,
IT1:DF_DCSS_ISTR_LAV_PEN_2_TV_3(1.0),A,082025,RESPOP_AV,M,Y_GE15,TOTAL,ALL,7,ALL,ALL,2021,139.931290590781,,,,,,,,ALL_N1,,,,,,,
IT1:DF_DCSS_ISTR_LAV_PEN_2_TV_3(1.0),A,082025,RESPOP_AV,M,Y_GE15,TOTAL,ALL,7,ALL,ALL,2022,134.542547558313,,,,,,,,ALL_N1,,,,,,,
IT1:DF_DCSS_ISTR_LAV_PEN_2_TV_3(1.0),A,082025,RESPOP_AV,M,Y_GE15,TOTAL,ALL,7,ALL,ALL,2023,114.08939989508353,,,,,,,,ALL_N1,,,,,,,
IT1:DF_DCSS_ISTR_LAV_PEN_2_TV_3(1.0),A,082025,RESPOP_AV,M,Y_GE15,TOTAL,ALL,7,ALL,ALL,2024,127.61394140391191,,,,,,,,ALL_N1,,,,,,,
IT1:DF_DCSS_ISTR_LAV_PEN_2_TV_3(1.0),A,082025,RESPOP_AV,M,Y_GE15,TOTAL,ALL,99,ALL,ALL,2018,1298,,,,,,,,ALL_N1,99_N1,,,,,,
IT1:DF_DCSS_ISTR_LAV_PEN_2_TV_3(1.0),A,082025,RESPOP_AV,M,Y_GE15,TOTAL,ALL,99,ALL,ALL,2019,1287,,,,,,,,ALL_N1,99_N1,,,,,,
IT1:DF_DCSS_ISTR_LAV_PEN_2_TV_3(1.0),A,082025,RESPOP_AV,M,Y_GE15,TOTAL,ALL,99,ALL,ALL,2021,1255,,,,,,,,ALL_N1,99_N1,,,,,,
IT1:DF_DCSS_ISTR_LAV_PEN_2_TV_3(1.0),A,082025,RESPOP_AV,M,Y_GE15,TOTAL,ALL,99,ALL,ALL,2022,1229,,,,,,,,ALL_N1,99_N1,,,,,,
IT1:DF_DCSS_ISTR_LAV_PEN_2_TV_3(1.0),A,082025,RESPOP_AV,M,Y_GE15,TOTAL,ALL,99,ALL,ALL,2023,1209,,,,,,,,ALL_N1,99_N1,,,,,,
IT1:DF_DCSS_ISTR_LAV_PEN_2_TV_3(1.0),A,082025,RESPOP_AV,M,Y_GE15,TOTAL,ALL,99,ALL,ALL,2024,1206,,,,,,,,ALL_N1,99_N1,,,,,,
IT1:DF_DCSS_ISTR_LAV_PEN_2_TV_3(1.0),A,082025,RESPOP_AV,T,Y_GE15,TOTAL,ALL,1,ALL,ALL,2018,855,,,,,,,,ALL_N1,,,,,,,
IT1:DF_DCSS_ISTR_LAV_PEN_2_TV_3(1.0),A,082025,RESPOP_AV,T,Y_GE15,TOTAL,ALL,1,ALL,ALL,2019,902,,,,,,,,ALL_N1,,,,,,,
IT1:DF_DCSS_ISTR_LAV_PEN_2_TV_3(1.0),A,082025,RESPOP_AV,T,Y_GE15,TOTAL,ALL,1,ALL,ALL,2021,871,,,,,,,,ALL_N1,,,,,,,
IT1:DF_DCSS_ISTR_LAV_PEN_2_TV_3(1.0),A,082025,RESPOP_AV,T,Y_GE15,TOTAL,ALL,1,ALL,ALL,2022,872,,,,,,,,ALL_N1,,,,,,,
IT1:DF_DCSS_ISTR_LAV_PEN_2_TV_3(1.0),A,082025,RESPOP_AV,T,Y_GE15,TOTAL,ALL,1,ALL,ALL,2023,913,,,,,,,,ALL_N1,,,,,,,
IT1:DF_DCSS_ISTR_LAV_PEN_2_TV_3(1.0),A,082025,RESPOP_AV,T,Y_GE15,TOTAL,ALL,1,ALL,ALL,2024,925,,,,,,,,ALL_N1,,,,,,,
IT1:DF_DCSS_ISTR_LAV_PEN_2_TV_3(1.0),A,082025,RESPOP_AV,T,Y_GE15,TOTAL,ALL,12,ALL,ALL,2018,293,,,,,,,,ALL_N1,,,,,,,
IT1:DF_DCSS_ISTR_LAV_PEN_2_TV_3(1.0),A,082025,RESPOP_AV,T,Y_GE15,TOTAL,ALL,12,ALL,ALL,2019,275,,,,,,,,ALL_N1,,,,,,,
IT1:DF_DCSS_ISTR_LAV_PEN_2_TV_3(1.0),A,082025,RESPOP_AV,T,Y_GE15,TOTAL,ALL,12,ALL,ALL,2021,163.135310623675,,,,,,,,ALL_N1,,,,,,,
IT1:DF_DCSS_ISTR_LAV_PEN_2_TV_3(1.0),A,082025,RESPOP_AV,T,Y_GE15,TOTAL,ALL,12,ALL,ALL,2022,153.058011246736,,,,,,,,ALL_N1,,,,,,,
IT1:DF_DCSS_ISTR_LAV_PEN_2_TV_3(1.0),A,082025,RESPOP_AV,T,Y_GE15,TOTAL,ALL,12,ALL,ALL,2023,162.6713970216915,,,,,,,,ALL_N1,,,,,,,
IT1:DF_DCSS_ISTR_LAV_PEN_2_TV_3(1.0),A,082025,RESPOP_AV,T,Y_GE15,TOTAL,ALL,12,ALL,ALL,2024,126.61012752946965,,,,,,,,ALL_N1,,,,,,,
IT1:DF_DCSS_ISTR_LAV_PEN_2_TV_3(1.0),A,082025,RESPOP_AV,T,Y_GE15,TOTAL,ALL,22,ALL,ALL,2018,1148,,,,,,,,ALL_N1,,,,,,,
IT1:DF_DCSS_ISTR_LAV_PEN_2_TV_3(1.0),A,082025,RESPOP_AV,T,Y_GE15,TOTAL,ALL,22,ALL,ALL,2019,1177,,,,,,,,ALL_N1,,,,,,,
IT1:DF_DCSS_ISTR_LAV_PEN_2_TV_3(1.0),A,082025,RESPOP_AV,T,Y_GE15,TOTAL,ALL,22,ALL,ALL,2021,1034.13531062367,,,,,,,,ALL_N1,,,,,,,
IT1:DF_DCSS_ISTR_LAV_PEN_2_TV_3(1.0),A,082025,RESPOP_AV,T,Y_GE15,TOTAL,ALL,22,ALL,ALL,2022,1025.05801124674,,,,,,,,ALL_N1,,,,,,,
IT1:DF_DCSS_ISTR_LAV_PEN_2_TV_3(1.0),A,082025,RESPOP_AV,T,Y_GE15,TOTAL,ALL,22,ALL,ALL,2023,1075.6713970216915,,,,,,,,ALL_N1,,,,,,,
IT1:DF_DCSS_ISTR_LAV_PEN_2_TV_3(1.0),A,082025,RESPOP_AV,T,Y_GE15,TOTAL,ALL,22,ALL,ALL,2024,1051.6101275294698,,,,,,,,ALL_N1,,,,,,,
IT1:DF_DCSS_ISTR_LAV_PEN_2_TV_3(1.0),A,082025,RESPOP_AV,T,Y_GE15,TOTAL,ALL,23,ALL,ALL,2018,1535,,,,,,,,ALL_N1,,,,,,,
IT1:DF_DCSS_ISTR_LAV_PEN_2_TV_3(1.0),A,082025,RESPOP_AV,T,Y_GE15,TOTAL,ALL,23,ALL,ALL,2019,1486,,,,,,,,ALL_N1,,,,,,,
IT1:DF_DCSS_ISTR_LAV_PEN_2_TV_3(1.0),A,082025,RESPOP_AV,T,Y_GE15,TOTAL,ALL,23,ALL,ALL,2021,1560.86468937633,,,,,,,,ALL_N1,,,,,,,
IT1:DF_DCSS_ISTR_LAV_PEN_2_TV_3(1.0),A,082025,RESPOP_AV,T,Y_GE15,TOTAL,ALL,23,ALL,ALL,2022,1532.94198875326,,,,,,,,ALL_N1,,,,,,,
IT1:DF_DCSS_ISTR_LAV_PEN_2_TV_3(1.0),A,082025,RESPOP_AV,T,Y_GE15,TOTAL,ALL,23,ALL,ALL,2023,1440.3286029783085,,,,,,,,ALL_N1,,,,,,,
IT1:DF_DCSS_ISTR_LAV_PEN_2_TV_3(1.0),A,082025,RESPOP_AV,T,Y_GE15,TOTAL,ALL,23,ALL,ALL,2024,1451.3898724705305,,,,,,,,ALL_N1,,,,,,,
IT1:DF_DCSS_ISTR_LAV_PEN_2_TV_3(1.0),A,082025,RESPOP_AV,T,Y_GE15,TOTAL,ALL,24,ALL,ALL,2018,660,,,,,,,,ALL_N1,,,,,,,
IT1:DF_DCSS_ISTR_LAV_PEN_2_TV_3(1.0),A,082025,RESPOP_AV,T,Y_GE15,TOTAL,ALL,24,ALL,ALL,2019,677,,,,,,,,ALL_N1,,,,,,,
IT1:DF_DCSS_ISTR_LAV_PEN_2_TV_3(1.0),A,082025,RESPOP_AV,T,Y_GE15,TOTAL,ALL,24,ALL,ALL,2021,663.469906187266,,,,,,,,ALL_N1,,,,,,,
IT1:DF_DCSS_ISTR_LAV_PEN_2_TV_3(1.0),A,082025,RESPOP_AV,T,Y_GE15,TOTAL,ALL,24,ALL,ALL,2022,648.441531165679,,,,,,,,ALL_N1,,,,,,,
IT1:DF_DCSS_ISTR_LAV_PEN_2_TV_3(1.0),A,082025,RESPOP_AV,T,Y_GE15,TOTAL,ALL,24,ALL,ALL,2023,636.4635133762729,,,,,,,,ALL_N1,,,,,,,
IT1:DF_DCSS_ISTR_LAV_PEN_2_TV_3(1.0),A,082025,RESPOP_AV,T,Y_GE15,TOTAL,ALL,24,ALL,ALL,2024,625.0107700056324,,,,,,,,ALL_N1,,,,,,,
IT1:DF_DCSS_ISTR_LAV_PEN_2_TV_3(1.0),A,082025,RESPOP_AV,T,Y_GE15,TOTAL,ALL,4,ALL,ALL,2018,384,,,,,,,,ALL_N1,,,,,,,
IT1:DF_DCSS_ISTR_LAV_PEN_2_TV_3(1.0),A,082025,RESPOP_AV,T,Y_GE15,TOTAL,ALL,4,ALL,ALL,2019,366,,,,,,,,ALL_N1,,,,,,,
IT1:DF_DCSS_ISTR_LAV_PEN_2_TV_3(1.0),A,082025,RESPOP_AV,T,Y_GE15,TOTAL,ALL,4,ALL,ALL,2021,430.439034447431,,,,,,,,ALL_N1,,,,,,,
IT1:DF_DCSS_ISTR_LAV_PEN_2_TV_3(1.0),A,082025,RESPOP_AV,T,Y_GE15,TOTAL,ALL,4,ALL,ALL,2022,422.225050442104,,,,,,,,ALL_N1,,,,,,,
IT1:DF_DCSS_ISTR_LAV_PEN_2_TV_3(1.0),A,082025,RESPOP_AV,T,Y_GE15,TOTAL,ALL,4,ALL,ALL,2023,382.1969225686562,,,,,,,,ALL_N1,,,,,,,
IT1:DF_DCSS_ISTR_LAV_PEN_2_TV_3(1.0),A,082025,RESPOP_AV,T,Y_GE15,TOTAL,ALL,4,ALL,ALL,2024,391.6010247565114,,,,,,,,ALL_N1,,,,,,,
IT1:DF_DCSS_ISTR_LAV_PEN_2_TV_3(1.0),A,082025,RESPOP_AV,T,Y_GE15,TOTAL,ALL,5,ALL,ALL,2018,213,,,,,,,,ALL_N1,,,,,,,
IT1:DF_DCSS_ISTR_LAV_PEN_2_TV_3(1.0),A,082025,RESPOP_AV,T,Y_GE15,TOTAL,ALL,5,ALL,ALL,2019,231,,,,,,,,ALL_N1,,,,,,,
IT1:DF_DCSS_ISTR_LAV_PEN_2_TV_3(1.0),A,082025,RESPOP_AV,T,Y_GE15,TOTAL,ALL,5,ALL,ALL,2021,219.897348027943,,,,,,,,ALL_N1,,,,,,,
IT1:DF_DCSS_ISTR_LAV_PEN_2_TV_3(1.0),A,082025,RESPOP_AV,T,Y_GE15,TOTAL,ALL,5,ALL,ALL,2022,212.505676232429,,,,,,,,ALL_N1,,,,,,,
IT1:DF_DCSS_ISTR_LAV_PEN_2_TV_3(1.0),A,082025,RESPOP_AV,T,Y_GE15,TOTAL,ALL,5,ALL,ALL,2023,194.9017054004651,,,,,,,,ALL_N1,,,,,,,
IT1:DF_DCSS_ISTR_LAV_PEN_2_TV_3(1.0),A,082025,RESPOP_AV,T,Y_GE15,TOTAL,ALL,5,ALL,ALL,2024,189.8675346670473,,,,,,,,ALL_N1,,,,,,,
IT1:DF_DCSS_ISTR_LAV_PEN_2_TV_3(1.0),A,082025,RESPOP_AV,T,Y_GE15,TOTAL,ALL,7,ALL,ALL,2018,278,,,,,,,,ALL_N1,,,,,,,
IT1:DF_DCSS_ISTR_LAV_PEN_2_TV_3(1.0),A,082025,RESPOP_AV,T,Y_GE15,TOTAL,ALL,7,ALL,ALL,2019,212,,,,,,,,ALL_N1,,,,,,,
IT1:DF_DCSS_ISTR_LAV_PEN_2_TV_3(1.0),A,082025,RESPOP_AV,T,Y_GE15,TOTAL,ALL,7,ALL,ALL,2021,247.058400713685,,,,,,,,ALL_N1,,,,,,,
IT1:DF_DCSS_ISTR_LAV_PEN_2_TV_3(1.0),A,082025,RESPOP_AV,T,Y_GE15,TOTAL,ALL,7,ALL,ALL,2022,249.769730913052,,,,,,,,ALL_N1,,,,,,,
IT1:DF_DCSS_ISTR_LAV_PEN_2_TV_3(1.0),A,082025,RESPOP_AV,T,Y_GE15,TOTAL,ALL,7,ALL,ALL,2023,226.76646163291426,,,,,,,,ALL_N1,,,,,,,
IT1:DF_DCSS_ISTR_LAV_PEN_2_TV_3(1.0),A,082025,RESPOP_AV,T,Y_GE15,TOTAL,ALL,7,ALL,ALL,2024,244.91054304133942,,,,,,,,ALL_N1,,,,,,,
IT1:DF_DCSS_ISTR_LAV_PEN_2_TV_3(1.0),A,082025,RESPOP_AV,T,Y_GE15,TOTAL,ALL,99,ALL,ALL,2018,2683,,,,,,,,ALL_N1,99_N1,,,,,,
IT1:DF_DCSS_ISTR_LAV_PEN_2_TV_3(1.0),A,082025,RESPOP_AV,T,Y_GE15,TOTAL,ALL,99,ALL,ALL,2019,2663,,,,,,,,ALL_N1,99_N1,,,,,,
IT1:DF_DCSS_ISTR_LAV_PEN_2_TV_3(1.0),A,082025,RESPOP_AV,T,Y_GE15,TOTAL,ALL,99,ALL,ALL,2021,2595,,,,,,,,ALL_N1,99_N1,,,,,,
IT1:DF_DCSS_ISTR_LAV_PEN_2_TV_3(1.0),A,082025,RESPOP_AV,T,Y_GE15,TOTAL,ALL,99,ALL,ALL,2022,2558,,,,,,,,ALL_N1,99_N1,,,,,,
IT1:DF_DCSS_ISTR_LAV_PEN_2_TV_3(1.0),A,082025,RESPOP_AV,T,Y_GE15,TOTAL,ALL,99,ALL,ALL,2023,2516,,,,,,,,ALL_N1,99_N1,,,,,,
IT1:DF_DCSS_ISTR_LAV_PEN_2_TV_3(1.0),A,082025,RESPOP_AV,T,Y_GE15,TOTAL,ALL,99,ALL,ALL,2024,2503,,,,,,,,ALL_N1,99_N1,,,,,,
IT1:DF_DCSS_ISTR_LAV_PEN_2_TV_3(1.0),A,082026,RESPOP_AV,F,Y_GE15,TOTAL,ALL,1,ALL,ALL,2018,102,,,,,,,,ALL_N1,,,,,,,
IT1:DF_DCSS_ISTR_LAV_PEN_2_TV_3(1.0),A,082026,RESPOP_AV,F,Y_GE15,TOTAL,ALL,1,ALL,ALL,2019,100,,,,,,,,ALL_N1,,,,,,,
IT1:DF_DCSS_ISTR_LAV_PEN_2_TV_3(1.0),A,082026,RESPOP_AV,F,Y_GE15,TOTAL,ALL,1,ALL,ALL,2021,95,,,,,,,,ALL_N1,,,,,,,
IT1:DF_DCSS_ISTR_LAV_PEN_2_TV_3(1.0),A,082026,RESPOP_AV,F,Y_GE15,TOTAL,ALL,1,ALL,ALL,2022,100,,,,,,,,ALL_N1,,,,,,,
IT1:DF_DCSS_ISTR_LAV_PEN_2_TV_3(1.0),A,082026,RESPOP_AV,F,Y_GE15,TOTAL,ALL,1,ALL,ALL,2023,120,,,,,,,,ALL_N1,,,,,,,
IT1:DF_DCSS_ISTR_LAV_PEN_2_TV_3(1.0),A,082026,RESPOP_AV,F,Y_GE15,TOTAL,ALL,1,ALL,ALL,2024,112,,,,,,,,ALL_N1,,,,,,,
IT1:DF_DCSS_ISTR_LAV_PEN_2_TV_3(1.0),A,082026,RESPOP_AV,F,Y_GE15,TOTAL,ALL,12,ALL,ALL,2018,45,,,,,,,,ALL_N1,,,,,,,
IT1:DF_DCSS_ISTR_LAV_PEN_2_TV_3(1.0),A,082026,RESPOP_AV,F,Y_GE15,TOTAL,ALL,12,ALL,ALL,2019,47,,,,,,,,ALL_N1,,,,,,,
IT1:DF_DCSS_ISTR_LAV_PEN_2_TV_3(1.0),A,082026,RESPOP_AV,F,Y_GE15,TOTAL,ALL,12,ALL,ALL,2021,25.48311660366,,,,,,,,ALL_N1,,,,,,,
IT1:DF_DCSS_ISTR_LAV_PEN_2_TV_3(1.0),A,082026,RESPOP_AV,F,Y_GE15,TOTAL,ALL,12,ALL,ALL,2022,27.267618532383,,,,,,,,ALL_N1,,,,,,,
IT1:DF_DCSS_ISTR_LAV_PEN_2_TV_3(1.0),A,082026,RESPOP_AV,F,Y_GE15,TOTAL,ALL,12,ALL,ALL,2023,21.784899716741155,,,,,,,,ALL_N1,,,,,,,
IT1:DF_DCSS_ISTR_LAV_PEN_2_TV_3(1.0),A,082026,RESPOP_AV,F,Y_GE15,TOTAL,ALL,12,ALL,ALL,2024,21.991681693801006,,,,,,,,ALL_N1,,,,,,,
IT1:DF_DCSS_ISTR_LAV_PEN_2_TV_3(1.0),A,082026,RESPOP_AV,F,Y_GE15,TOTAL,ALL,22,ALL,ALL,2018,147,,,,,,,,ALL_N1,,,,,,,
IT1:DF_DCSS_ISTR_LAV_PEN_2_TV_3(1.0),A,082026,RESPOP_AV,F,Y_GE15,TOTAL,ALL,22,ALL,ALL,2019,147,,,,,,,,ALL_N1,,,,,,,
IT1:DF_DCSS_ISTR_LAV_PEN_2_TV_3(1.0),A,082026,RESPOP_AV,F,Y_GE15,TOTAL,ALL,22,ALL,ALL,2021,120.48311660366,,,,,,,,ALL_N1,,,,,,,
IT1:DF_DCSS_ISTR_LAV_PEN_2_TV_3(1.0),A,082026,RESPOP_AV,F,Y_GE15,TOTAL,ALL,22,ALL,ALL,2022,127.267618532383,,,,,,,,ALL_N1,,,,,,,
IT1:DF_DCSS_ISTR_LAV_PEN_2_TV_3(1.0),A,082026,RESPOP_AV,F,Y_GE15,TOTAL,ALL,22,ALL,ALL,2023,141.78489971674117,,,,,,,,ALL_N1,,,,,,,
IT1:DF_DCSS_ISTR_LAV_PEN_2_TV_3(1.0),A,082026,RESPOP_AV,F,Y_GE15,TOTAL,ALL,22,ALL,ALL,2024,133.991681693801,,,,,,,,ALL_N1,,,,,,,
IT1:DF_DCSS_ISTR_LAV_PEN_2_TV_3(1.0),A,082026,RESPOP_AV,F,Y_GE15,TOTAL,ALL,23,ALL,ALL,2018,281,,,,,,,,ALL_N1,,,,,,,
IT1:DF_DCSS_ISTR_LAV_PEN_2_TV_3(1.0),A,082026,RESPOP_AV,F,Y_GE15,TOTAL,ALL,23,ALL,ALL,2019,275,,,,,,,,ALL_N1,,,,,,,
IT1:DF_DCSS_ISTR_LAV_PEN_2_TV_3(1.0),A,082026,RESPOP_AV,F,Y_GE15,TOTAL,ALL,23,ALL,ALL,2021,302.51688339634,,,,,,,,ALL_N1,,,,,,,
IT1:DF_DCSS_ISTR_LAV_PEN_2_TV_3(1.0),A,082026,RESPOP_AV,F,Y_GE15,TOTAL,ALL,23,ALL,ALL,2022,297.732381467617,,,,,,,,ALL_N1,,,,,,,
IT1:DF_DCSS_ISTR_LAV_PEN_2_TV_3(1.0),A,082026,RESPOP_AV,F,Y_GE15,TOTAL,ALL,23,ALL,ALL,2023,275.21510028325883,,,,,,,,ALL_N1,,,,,,,
IT1:DF_DCSS_ISTR_LAV_PEN_2_TV_3(1.0),A,082026,RESPOP_AV,F,Y_GE15,TOTAL,ALL,23,ALL,ALL,2024,280.00831830619904,,,,,,,,ALL_N1,,,,,,,
IT1:DF_DCSS_ISTR_LAV_PEN_2_TV_3(1.0),A,082026,RESPOP_AV,F,Y_GE15,TOTAL,ALL,24,ALL,ALL,2018,69,,,,,,,,ALL_N1,,,,,,,
IT1:DF_DCSS_ISTR_LAV_PEN_2_TV_3(1.0),A,082026,RESPOP_AV,F,Y_GE15,TOTAL,ALL,24,ALL,ALL,2019,65,,,,,,,,ALL_N1,,,,,,,
IT1:DF_DCSS_ISTR_LAV_PEN_2_TV_3(1.0),A,082026,RESPOP_AV,F,Y_GE15,TOTAL,ALL,24,ALL,ALL,2021,68.0594124215816,,,,,,,,ALL_N1,,,,,,,
IT1:DF_DCSS_ISTR_LAV_PEN_2_TV_3(1.0),A,082026,RESPOP_AV,F,Y_GE15,TOTAL,ALL,24,ALL,ALL,2022,67.185145794862,,,,,,,,ALL_N1,,,,,,,
IT1:DF_DCSS_ISTR_LAV_PEN_2_TV_3(1.0),A,082026,RESPOP_AV,F,Y_GE15,TOTAL,ALL,24,ALL,ALL,2023,65.32391621326946,,,,,,,,ALL_N1,,,,,,,
IT1:DF_DCSS_ISTR_LAV_PEN_2_TV_3(1.0),A,082026,RESPOP_AV,F,Y_GE15,TOTAL,ALL,24,ALL,ALL,2024,63.293043638741594,,,,,,,,ALL_N1,,,,,,,
IT1:DF_DCSS_ISTR_LAV_PEN_2_TV_3(1.0),A,082026,RESPOP_AV,F,Y_GE15,TOTAL,ALL,4,ALL,ALL,2018,137,,,,,,,,ALL_N1,,,,,,,
IT1:DF_DCSS_ISTR_LAV_PEN_2_TV_3(1.0),A,082026,RESPOP_AV,F,Y_GE15,TOTAL,ALL,4,ALL,ALL,2019,136,,,,,,,,ALL_N1,,,,,,,
IT1:DF_DCSS_ISTR_LAV_PEN_2_TV_3(1.0),A,082026,RESPOP_AV,F,Y_GE15,TOTAL,ALL,4,ALL,ALL,2021,152.086787137685,,,,,,,,ALL_N1,,,,,,,
IT1:DF_DCSS_ISTR_LAV_PEN_2_TV_3(1.0),A,082026,RESPOP_AV,F,Y_GE15,TOTAL,ALL,4,ALL,ALL,2022,139.1613256123,,,,,,,,ALL_N1,,,,,,,
IT1:DF_DCSS_ISTR_LAV_PEN_2_TV_3(1.0),A,082026,RESPOP_AV,F,Y_GE15,TOTAL,ALL,4,ALL,ALL,2023,130.84093908385373,,,,,,,,ALL_N1,,,,,,,
IT1:DF_DCSS_ISTR_LAV_PEN_2_TV_3(1.0),A,082026,RESPOP_AV,F,Y_GE15,TOTAL,ALL,4,ALL,ALL,2024,130.4830736336683,,,,,,,,ALL_N1,,,,,,,
IT1:DF_DCSS_ISTR_LAV_PEN_2_TV_3(1.0),A,082026,RESPOP_AV,F,Y_GE15,TOTAL,ALL,5,ALL,ALL,2018,34,,,,,,,,ALL_N1,,,,,,,
IT1:DF_DCSS_ISTR_LAV_PEN_2_TV_3(1.0),A,082026,RESPOP_AV,F,Y_GE15,TOTAL,ALL,5,ALL,ALL,2019,40,,,,,,,,ALL_N1,,,,,,,
IT1:DF_DCSS_ISTR_LAV_PEN_2_TV_3(1.0),A,082026,RESPOP_AV,F,Y_GE15,TOTAL,ALL,5,ALL,ALL,2021,44.0696181752378,,,,,,,,ALL_N1,,,,,,,
IT1:DF_DCSS_ISTR_LAV_PEN_2_TV_3(1.0),A,082026,RESPOP_AV,F,Y_GE15,TOTAL,ALL,5,ALL,ALL,2022,51.2683950115212,,,,,,,,ALL_N1,,,,,,,
IT1:DF_DCSS_ISTR_LAV_PEN_2_TV_3(1.0),A,082026,RESPOP_AV,F,Y_GE15,TOTAL,ALL,5,ALL,ALL,2023,42.95353289900383,,,,,,,,ALL_N1,,,,,,,
IT1:DF_DCSS_ISTR_LAV_PEN_2_TV_3(1.0),A,082026,RESPOP_AV,F,Y_GE15,TOTAL,ALL,5,ALL,ALL,2024,47.406016271287506,,,,,,,,ALL_N1,,,,,,,
IT1:DF_DCSS_ISTR_LAV_PEN_2_TV_3(1.0),A,082026,RESPOP_AV,F,Y_GE15,TOTAL,ALL,7,ALL,ALL,2018,41,,,,,,,,ALL_N1,,,,,,,
IT1:DF_DCSS_ISTR_LAV_PEN_2_TV_3(1.0),A,082026,RESPOP_AV,F,Y_GE15,TOTAL,ALL,7,ALL,ALL,2019,34,,,,,,,,ALL_N1,,,,,,,
IT1:DF_DCSS_ISTR_LAV_PEN_2_TV_3(1.0),A,082026,RESPOP_AV,F,Y_GE15,TOTAL,ALL,7,ALL,ALL,2021,38.3010656618355,,,,,,,,ALL_N1,,,,,,,
IT1:DF_DCSS_ISTR_LAV_PEN_2_TV_3(1.0),A,082026,RESPOP_AV,F,Y_GE15,TOTAL,ALL,7,ALL,ALL,2022,40.1175150489338,,,,,,,,ALL_N1,,,,,,,
IT1:DF_DCSS_ISTR_LAV_PEN_2_TV_3(1.0),A,082026,RESPOP_AV,F,Y_GE15,TOTAL,ALL,7,ALL,ALL,2023,36.096712087131856,,,,,,,,ALL_N1,,,,,,,
IT1:DF_DCSS_ISTR_LAV_PEN_2_TV_3(1.0),A,082026,RESPOP_AV,F,Y_GE15,TOTAL,ALL,7,ALL,ALL,2024,38.82618476250162,,,,,,,,ALL_N1,,,,,,,
IT1:DF_DCSS_ISTR_LAV_PEN_2_TV_3(1.0),A,082026,RESPOP_AV,F,Y_GE15,TOTAL,ALL,99,ALL,ALL,2018,428,,,,,,,,ALL_N1,99_N1,,,,,,
IT1:DF_DCSS_ISTR_LAV_PEN_2_TV_3(1.0),A,082026,RESPOP_AV,F,Y_GE15,TOTAL,ALL,99,ALL,ALL,2019,422,,,,,,,,ALL_N1,99_N1,,,,,,
IT1:DF_DCSS_ISTR_LAV_PEN_2_TV_3(1.0),A,082026,RESPOP_AV,F,Y_GE15,TOTAL,ALL,99,ALL,ALL,2021,423,,,,,,,,ALL_N1,99_N1,,,,,,
IT1:DF_DCSS_ISTR_LAV_PEN_2_TV_3(1.0),A,082026,RESPOP_AV,F,Y_GE15,TOTAL,ALL,99,ALL,ALL,2022,425,,,,,,,,ALL_N1,99_N1,,,,,,
IT1:DF_DCSS_ISTR_LAV_PEN_2_TV_3(1.0),A,082026,RESPOP_AV,F,Y_GE15,TOTAL,ALL,99,ALL,ALL,2023,417,,,,,,,,ALL_N1,99_N1,,,,,,
IT1:DF_DCSS_ISTR_LAV_PEN_2_TV_3(1.0),A,082026,RESPOP_AV,F,Y_GE15,TOTAL,ALL,99,ALL,ALL,2024,414,,,,,,,,ALL_N1,99_N1,,,,,,
IT1:DF_DCSS_ISTR_LAV_PEN_2_TV_3(1.0),A,082026,RESPOP_AV,M,Y_GE15,TOTAL,ALL,1,ALL,ALL,2018,179,,,,,,,,ALL_N1,,,,,,,
IT1:DF_DCSS_ISTR_LAV_PEN_2_TV_3(1.0),A,082026,RESPOP_AV,M,Y_GE15,TOTAL,ALL,1,ALL,ALL,2019,189,,,,,,,,ALL_N1,,,,,,,
IT1:DF_DCSS_ISTR_LAV_PEN_2_TV_3(1.0),A,082026,RESPOP_AV,M,Y_GE15,TOTAL,ALL,1,ALL,ALL,2021,207,,,,,,,,ALL_N1,,,,,,,
IT1:DF_DCSS_ISTR_LAV_PEN_2_TV_3(1.0),A,082026,RESPOP_AV,M,Y_GE15,TOTAL,ALL,1,ALL,ALL,2022,208,,,,,,,,ALL_N1,,,,,,,
IT1:DF_DCSS_ISTR_LAV_PEN_2_TV_3(1.0),A,082026,RESPOP_AV,M,Y_GE15,TOTAL,ALL,1,ALL,ALL,2023,209,,,,,,,,ALL_N1,,,,,,,
IT1:DF_DCSS_ISTR_LAV_PEN_2_TV_3(1.0),A,082026,RESPOP_AV,M,Y_GE15,TOTAL,ALL,1,ALL,ALL,2024,207,,,,,,,,ALL_N1,,,,,,,
IT1:DF_DCSS_ISTR_LAV_PEN_2_TV_3(1.0),A,082026,RESPOP_AV,M,Y_GE15,TOTAL,ALL,12,ALL,ALL,2018,54,,,,,,,,ALL_N1,,,,,,,
IT1:DF_DCSS_ISTR_LAV_PEN_2_TV_3(1.0),A,082026,RESPOP_AV,M,Y_GE15,TOTAL,ALL,12,ALL,ALL,2019,52,,,,,,,,ALL_N1,,,,,,,
IT1:DF_DCSS_ISTR_LAV_PEN_2_TV_3(1.0),A,082026,RESPOP_AV,M,Y_GE15,TOTAL,ALL,12,ALL,ALL,2021,28.9815752158905,,,,,,,,ALL_N1,,,,,,,
IT1:DF_DCSS_ISTR_LAV_PEN_2_TV_3(1.0),A,082026,RESPOP_AV,M,Y_GE15,TOTAL,ALL,12,ALL,ALL,2022,27.6770332547696,,,,,,,,ALL_N1,,,,,,,
IT1:DF_DCSS_ISTR_LAV_PEN_2_TV_3(1.0),A,082026,RESPOP_AV,M,Y_GE15,TOTAL,ALL,12,ALL,ALL,2023,23.3379916441334,,,,,,,,ALL_N1,,,,,,,
IT1:DF_DCSS_ISTR_LAV_PEN_2_TV_3(1.0),A,082026,RESPOP_AV,M,Y_GE15,TOTAL,ALL,12,ALL,ALL,2024,20.851938581779205,,,,,,,,ALL_N1,,,,,,,
IT1:DF_DCSS_ISTR_LAV_PEN_2_TV_3(1.0),A,082026,RESPOP_AV,M,Y_GE15,TOTAL,ALL,22,ALL,ALL,2018,233,,,,,,,,ALL_N1,,,,,,,
IT1:DF_DCSS_ISTR_LAV_PEN_2_TV_3(1.0),A,082026,RESPOP_AV,M,Y_GE15,TOTAL,ALL,22,ALL,ALL,2019,241,,,,,,,,ALL_N1,,,,,,,
IT1:DF_DCSS_ISTR_LAV_PEN_2_TV_3(1.0),A,082026,RESPOP_AV,M,Y_GE15,TOTAL,ALL,22,ALL,ALL,2021,235.98157521589,,,,,,,,ALL_N1,,,,,,,
IT1:DF_DCSS_ISTR_LAV_PEN_2_TV_3(1.0),A,082026,RESPOP_AV,M,Y_GE15,TOTAL,ALL,22,ALL,ALL,2022,235.67703325477,,,,,,,,ALL_N1,,,,,,,
IT1:DF_DCSS_ISTR_LAV_PEN_2_TV_3(1.0),A,082026,RESPOP_AV,M,Y_GE15,TOTAL,ALL,22,ALL,ALL,2023,232.3379916441334,,,,,,,,ALL_N1,,,,,,,
IT1:DF_DCSS_ISTR_LAV_PEN_2_TV_3(1.0),A,082026,RESPOP_AV,M,Y_GE15,TOTAL,ALL,22,ALL,ALL,2024,227.8519385817792,,,,,,,,ALL_N1,,,,,,,
IT1:DF_DCSS_ISTR_LAV_PEN_2_TV_3(1.0),A,082026,RESPOP_AV,M,Y_GE15,TOTAL,ALL,23,ALL,ALL,2018,186,,,,,,,,ALL_N1,,,,,,,
IT1:DF_DCSS_ISTR_LAV_PEN_2_TV_3(1.0),A,082026,RESPOP_AV,M,Y_GE15,TOTAL,ALL,23,ALL,ALL,2019,181,,,,,,,,ALL_N1,,,,,,,
IT1:DF_DCSS_ISTR_LAV_PEN_2_TV_3(1.0),A,082026,RESPOP_AV,M,Y_GE15,TOTAL,ALL,23,ALL,ALL,2021,196.01842478411,,,,,,,,ALL_N1,,,,,,,
IT1:DF_DCSS_ISTR_LAV_PEN_2_TV_3(1.0),A,082026,RESPOP_AV,M,Y_GE15,TOTAL,ALL,23,ALL,ALL,2022,189.32296674523,,,,,,,,ALL_N1,,,,,,,
IT1:DF_DCSS_ISTR_LAV_PEN_2_TV_3(1.0),A,082026,RESPOP_AV,M,Y_GE15,TOTAL,ALL,23,ALL,ALL,2023,190.6620083558666,,,,,,,,ALL_N1,,,,,,,
IT1:DF_DCSS_ISTR_LAV_PEN_2_TV_3(1.0),A,082026,RESPOP_AV,M,Y_GE15,TOTAL,ALL,23,ALL,ALL,2024,197.14806141822083,,,,,,,,ALL_N1,,,,,,,
IT1:DF_DCSS_ISTR_LAV_PEN_2_TV_3(1.0),A,082026,RESPOP_AV,M,Y_GE15,TOTAL,ALL,24,ALL,ALL,2018,99,,,,,,,,ALL_N1,,,,,,,
IT1:DF_DCSS_ISTR_LAV_PEN_2_TV_3(1.0),A,082026,RESPOP_AV,M,Y_GE15,TOTAL,ALL,24,ALL,ALL,2019,105,,,,,,,,ALL_N1,,,,,,,
IT1:DF_DCSS_ISTR_LAV_PEN_2_TV_3(1.0),A,082026,RESPOP_AV,M,Y_GE15,TOTAL,ALL,24,ALL,ALL,2021,108.03810042204,,,,,,,,ALL_N1,,,,,,,
IT1:DF_DCSS_ISTR_LAV_PEN_2_TV_3(1.0),A,082026,RESPOP_AV,M,Y_GE15,TOTAL,ALL,24,ALL,ALL,2022,107.369724822863,,,,,,,,ALL_N1,,,,,,,
IT1:DF_DCSS_ISTR_LAV_PEN_2_TV_3(1.0),A,082026,RESPOP_AV,M,Y_GE15,TOTAL,ALL,24,ALL,ALL,2023,109.6539122767667,,,,,,,,ALL_N1,,,,,,,
IT1:DF_DCSS_ISTR_LAV_PEN_2_TV_3(1.0),A,082026,RESPOP_AV,M,Y_GE15,TOTAL,ALL,24,ALL,ALL,2024,111.14272344066107,,,,,,,,ALL_N1,,,,,,,
IT1:DF_DCSS_ISTR_LAV_PEN_2_TV_3(1.0),A,082026,RESPOP_AV,M,Y_GE15,TOTAL,ALL,4,ALL,ALL,2018,6,,,,,,,,ALL_N1,,,,,,,
IT1:DF_DCSS_ISTR_LAV_PEN_2_TV_3(1.0),A,082026,RESPOP_AV,M,Y_GE15,TOTAL,ALL,4,ALL,ALL,2019,6,,,,,,,,ALL_N1,,,,,,,
IT1:DF_DCSS_ISTR_LAV_PEN_2_TV_3(1.0),A,082026,RESPOP_AV,M,Y_GE15,TOTAL,ALL,4,ALL,ALL,2021,9.88813292378477,,,,,,,,ALL_N1,,,,,,,
IT1:DF_DCSS_ISTR_LAV_PEN_2_TV_3(1.0),A,082026,RESPOP_AV,M,Y_GE15,TOTAL,ALL,4,ALL,ALL,2022,8.85067666406112,,,,,,,,ALL_N1,,,,,,,
IT1:DF_DCSS_ISTR_LAV_PEN_2_TV_3(1.0),A,082026,RESPOP_AV,M,Y_GE15,TOTAL,ALL,4,ALL,ALL,2023,9.288113664629803,,,,,,,,ALL_N1,,,,,,,
IT1:DF_DCSS_ISTR_LAV_PEN_2_TV_3(1.0),A,082026,RESPOP_AV,M,Y_GE15,TOTAL,ALL,4,ALL,ALL,2024,7.811200256808115,,,,,,,,ALL_N1,,,,,,,
IT1:DF_DCSS_ISTR_LAV_PEN_2_TV_3(1.0),A,082026,RESPOP_AV,M,Y_GE15,TOTAL,ALL,5,ALL,ALL,2018,28,,,,,,,,ALL_N1,,,,,,,
IT1:DF_DCSS_ISTR_LAV_PEN_2_TV_3(1.0),A,082026,RESPOP_AV,M,Y_GE15,TOTAL,ALL,5,ALL,ALL,2019,25,,,,,,,,ALL_N1,,,,,,,
IT1:DF_DCSS_ISTR_LAV_PEN_2_TV_3(1.0),A,082026,RESPOP_AV,M,Y_GE15,TOTAL,ALL,5,ALL,ALL,2021,25.5944712118399,,,,,,,,ALL_N1,,,,,,,
IT1:DF_DCSS_ISTR_LAV_PEN_2_TV_3(1.0),A,082026,RESPOP_AV,M,Y_GE15,TOTAL,ALL,5,ALL,ALL,2022,25.8294710732142,,,,,,,,ALL_N1,,,,,,,
IT1:DF_DCSS_ISTR_LAV_PEN_2_TV_3(1.0),A,082026,RESPOP_AV,M,Y_GE15,TOTAL,ALL,5,ALL,ALL,2023,25.892301764043996,,,,,,,,ALL_N1,,,,,,,
IT1:DF_DCSS_ISTR_LAV_PEN_2_TV_3(1.0),A,082026,RESPOP_AV,M,Y_GE15,TOTAL,ALL,5,ALL,ALL,2024,30.1968075178995,,,,,,,,ALL_N1,,,,,,,
IT1:DF_DCSS_ISTR_LAV_PEN_2_TV_3(1.0),A,082026,RESPOP_AV,M,Y_GE15,TOTAL,ALL,7,ALL,ALL,2018,53,,,,,,,,ALL_N1,,,,,,,
IT1:DF_DCSS_ISTR_LAV_PEN_2_TV_3(1.0),A,082026,RESPOP_AV,M,Y_GE15,TOTAL,ALL,7,ALL,ALL,2019,45,,,,,,,,ALL_N1,,,,,,,
IT1:DF_DCSS_ISTR_LAV_PEN_2_TV_3(1.0),A,082026,RESPOP_AV,M,Y_GE15,TOTAL,ALL,7,ALL,ALL,2021,52.4977202264448,,,,,,,,ALL_N1,,,,,,,
IT1:DF_DCSS_ISTR_LAV_PEN_2_TV_3(1.0),A,082026,RESPOP_AV,M,Y_GE15,TOTAL,ALL,7,ALL,ALL,2022,47.2730941850924,,,,,,,,ALL_N1,,,,,,,
IT1:DF_DCSS_ISTR_LAV_PEN_2_TV_3(1.0),A,082026,RESPOP_AV,M,Y_GE15,TOTAL,ALL,7,ALL,ALL,2023,45.827680650426075,,,,,,,,ALL_N1,,,,,,,
IT1:DF_DCSS_ISTR_LAV_PEN_2_TV_3(1.0),A,082026,RESPOP_AV,M,Y_GE15,TOTAL,ALL,7,ALL,ALL,2024,47.99733020285216,,,,,,,,ALL_N1,,,,,,,
IT1:DF_DCSS_ISTR_LAV_PEN_2_TV_3(1.0),A,082026,RESPOP_AV,M,Y_GE15,TOTAL,ALL,99,ALL,ALL,2018,419,,,,,,,,ALL_N1,99_N1,,,,,,
IT1:DF_DCSS_ISTR_LAV_PEN_2_TV_3(1.0),A,082026,RESPOP_AV,M,Y_GE15,TOTAL,ALL,99,ALL,ALL,2019,422,,,,,,,,ALL_N1,99_N1,,,,,,
IT1:DF_DCSS_ISTR_LAV_PEN_2_TV_3(1.0),A,082026,RESPOP_AV,M,Y_GE15,TOTAL,ALL,99,ALL,ALL,2021,432,,,,,,,,ALL_N1,99_N1,,,,,,
IT1:DF_DCSS_ISTR_LAV_PEN_2_TV_3(1.0),A,082026,RESPOP_AV,M,Y_GE15,TOTAL,ALL,99,ALL,ALL,2022,425,,,,,,,,ALL_N1,99_N1,,,,,,
IT1:DF_DCSS_ISTR_LAV_PEN_2_TV_3(1.0),A,082026,RESPOP_AV,M,Y_GE15,TOTAL,ALL,99,ALL,ALL,2023,423,,,,,,,,ALL_N1,99_N1,,,,,,
IT1:DF_DCSS_ISTR_LAV_PEN_2_TV_3(1.0),A,082026,RESPOP_AV,M,Y_GE15,TOTAL,ALL,99,ALL,ALL,2024,425.00000000000006,,,,,,,,ALL_N1,99_N1,,,,,,
IT1:DF_DCSS_ISTR_LAV_PEN_2_TV_3(1.0),A,082026,RESPOP_AV,T,Y_GE15,TOTAL,ALL,1,ALL,ALL,2018,281,,,,,,,,ALL_N1,,,,,,,
IT1:DF_DCSS_ISTR_LAV_PEN_2_TV_3(1.0),A,082026,RESPOP_AV,T,Y_GE15,TOTAL,ALL,1,ALL,ALL,2019,289,,,,,,,,ALL_N1,,,,,,,
IT1:DF_DCSS_ISTR_LAV_PEN_2_TV_3(1.0),A,082026,RESPOP_AV,T,Y_GE15,TOTAL,ALL,1,ALL,ALL,2021,302,,,,,,,,ALL_N1,,,,,,,
IT1:DF_DCSS_ISTR_LAV_PEN_2_TV_3(1.0),A,082026,RESPOP_AV,T,Y_GE15,TOTAL,ALL,1,ALL,ALL,2022,308,,,,,,,,ALL_N1,,,,,,,
IT1:DF_DCSS_ISTR_LAV_PEN_2_TV_3(1.0),A,082026,RESPOP_AV,T,Y_GE15,TOTAL,ALL,1,ALL,ALL,2023,329,,,,,,,,ALL_N1,,,,,,,
IT1:DF_DCSS_ISTR_LAV_PEN_2_TV_3(1.0),A,082026,RESPOP_AV,T,Y_GE15,TOTAL,ALL,1,ALL,ALL,2024,319,,,,,,,,ALL_N1,,,,,,,
IT1:DF_DCSS_ISTR_LAV_PEN_2_TV_3(1.0),A,082026,RESPOP_AV,T,Y_GE15,TOTAL,ALL,12,ALL,ALL,2018,99,,,,,,,,ALL_N1,,,,,,,
IT1:DF_DCSS_ISTR_LAV_PEN_2_TV_3(1.0),A,082026,RESPOP_AV,T,Y_GE15,TOTAL,ALL,12,ALL,ALL,2019,99,,,,,,,,ALL_N1,,,,,,,
IT1:DF_DCSS_ISTR_LAV_PEN_2_TV_3(1.0),A,082026,RESPOP_AV,T,Y_GE15,TOTAL,ALL,12,ALL,ALL,2021,54.4646918195504,,,,,,,,ALL_N1,,,,,,,
IT1:DF_DCSS_ISTR_LAV_PEN_2_TV_3(1.0),A,082026,RESPOP_AV,T,Y_GE15,TOTAL,ALL,12,ALL,ALL,2022,54.9446517871527,,,,,,,,ALL_N1,,,,,,,
IT1:DF_DCSS_ISTR_LAV_PEN_2_TV_3(1.0),A,082026,RESPOP_AV,T,Y_GE15,TOTAL,ALL,12,ALL,ALL,2023,45.122891360874554,,,,,,,,ALL_N1,,,,,,,
IT1:DF_DCSS_ISTR_LAV_PEN_2_TV_3(1.0),A,082026,RESPOP_AV,T,Y_GE15,TOTAL,ALL,12,ALL,ALL,2024,42.84362027558021,,,,,,,,ALL_N1,,,,,,,
IT1:DF_DCSS_ISTR_LAV_PEN_2_TV_3(1.0),A,082026,RESPOP_AV,T,Y_GE15,TOTAL,ALL,22,ALL,ALL,2018,380,,,,,,,,ALL_N1,,,,,,,
IT1:DF_DCSS_ISTR_LAV_PEN_2_TV_3(1.0),A,082026,RESPOP_AV,T,Y_GE15,TOTAL,ALL,22,ALL,ALL,2019,388,,,,,,,,ALL_N1,,,,,,,
IT1:DF_DCSS_ISTR_LAV_PEN_2_TV_3(1.0),A,082026,RESPOP_AV,T,Y_GE15,TOTAL,ALL,22,ALL,ALL,2021,356.46469181955,,,,,,,,ALL_N1,,,,,,,
IT1:DF_DCSS_ISTR_LAV_PEN_2_TV_3(1.0),A,082026,RESPOP_AV,T,Y_GE15,TOTAL,ALL,22,ALL,ALL,2022,362.944651787153,,,,,,,,ALL_N1,,,,,,,
IT1:DF_DCSS_ISTR_LAV_PEN_2_TV_3(1.0),A,082026,RESPOP_AV,T,Y_GE15,TOTAL,ALL,22,ALL,ALL,2023,374.1228913608746,,,,,,,,ALL_N1,,,,,,,
IT1:DF_DCSS_ISTR_LAV_PEN_2_TV_3(1.0),A,082026,RESPOP_AV,T,Y_GE15,TOTAL,ALL,22,ALL,ALL,2024,361.84362027558024,,,,,,,,ALL_N1,,,,,,,
IT1:DF_DCSS_ISTR_LAV_PEN_2_TV_3(1.0),A,082026,RESPOP_AV,T,Y_GE15,TOTAL,ALL,23,ALL,ALL,2018,467,,,,,,,,ALL_N1,,,,,,,
IT1:DF_DCSS_ISTR_LAV_PEN_2_TV_3(1.0),A,082026,RESPOP_AV,T,Y_GE15,TOTAL,ALL,23,ALL,ALL,2019,456,,,,,,,,ALL_N1,,,,,,,
IT1:DF_DCSS_ISTR_LAV_PEN_2_TV_3(1.0),A,082026,RESPOP_AV,T,Y_GE15,TOTAL,ALL,23,ALL,ALL,2021,498.53530818045,,,,,,,,ALL_N1,,,,,,,
IT1:DF_DCSS_ISTR_LAV_PEN_2_TV_3(1.0),A,082026,RESPOP_AV,T,Y_GE15,TOTAL,ALL,23,ALL,ALL,2022,487.055348212847,,,,,,,,ALL_N1,,,,,,,
IT1:DF_DCSS_ISTR_LAV_PEN_2_TV_3(1.0),A,082026,RESPOP_AV,T,Y_GE15,TOTAL,ALL,23,ALL,ALL,2023,465.8771086391254,,,,,,,,ALL_N1,,,,,,,
IT1:DF_DCSS_ISTR_LAV_PEN_2_TV_3(1.0),A,082026,RESPOP_AV,T,Y_GE15,TOTAL,ALL,23,ALL,ALL,2024,477.1563797244199,,,,,,,,ALL_N1,,,,,,,
IT1:DF_DCSS_ISTR_LAV_PEN_2_TV_3(1.0),A,082026,RESPOP_AV,T,Y_GE15,TOTAL,ALL,24,ALL,ALL,2018,168,,,,,,,,ALL_N1,,,,,,,
IT1:DF_DCSS_ISTR_LAV_PEN_2_TV_3(1.0),A,082026,RESPOP_AV,T,Y_GE15,TOTAL,ALL,24,ALL,ALL,2019,170,,,,,,,,ALL_N1,,,,,,,
IT1:DF_DCSS_ISTR_LAV_PEN_2_TV_3(1.0),A,082026,RESPOP_AV,T,Y_GE15,TOTAL,ALL,24,ALL,ALL,2021,176.097512843622,,,,,,,,ALL_N1,,,,,,,
IT1:DF_DCSS_ISTR_LAV_PEN_2_TV_3(1.0),A,082026,RESPOP_AV,T,Y_GE15,TOTAL,ALL,24,ALL,ALL,2022,174.554870617725,,,,,,,,ALL_N1,,,,,,,
IT1:DF_DCSS_ISTR_LAV_PEN_2_TV_3(1.0),A,082026,RESPOP_AV,T,Y_GE15,TOTAL,ALL,24,ALL,ALL,2023,174.97782849003616,,,,,,,,ALL_N1,,,,,,,
IT1:DF_DCSS_ISTR_LAV_PEN_2_TV_3(1.0),A,082026,RESPOP_AV,T,Y_GE15,TOTAL,ALL,24,ALL,ALL,2024,174.43576707940267,,,,,,,,ALL_N1,,,,,,,
IT1:DF_DCSS_ISTR_LAV_PEN_2_TV_3(1.0),A,082026,RESPOP_AV,T,Y_GE15,TOTAL,ALL,4,ALL,ALL,2018,143,,,,,,,,ALL_N1,,,,,,,
IT1:DF_DCSS_ISTR_LAV_PEN_2_TV_3(1.0),A,082026,RESPOP_AV,T,Y_GE15,TOTAL,ALL,4,ALL,ALL,2019,142,,,,,,,,ALL_N1,,,,,,,
IT1:DF_DCSS_ISTR_LAV_PEN_2_TV_3(1.0),A,082026,RESPOP_AV,T,Y_GE15,TOTAL,ALL,4,ALL,ALL,2021,161.97492006147,,,,,,,,ALL_N1,,,,,,,
IT1:DF_DCSS_ISTR_LAV_PEN_2_TV_3(1.0),A,082026,RESPOP_AV,T,Y_GE15,TOTAL,ALL,4,ALL,ALL,2022,148.012002276361,,,,,,,,ALL_N1,,,,,,,
IT1:DF_DCSS_ISTR_LAV_PEN_2_TV_3(1.0),A,082026,RESPOP_AV,T,Y_GE15,TOTAL,ALL,4,ALL,ALL,2023,140.12905274848353,,,,,,,,ALL_N1,,,,,,,
IT1:DF_DCSS_ISTR_LAV_PEN_2_TV_3(1.0),A,082026,RESPOP_AV,T,Y_GE15,TOTAL,ALL,4,ALL,ALL,2024,138.29427389047643,,,,,,,,ALL_N1,,,,,,,
IT1:DF_DCSS_ISTR_LAV_PEN_2_TV_3(1.0),A,082026,RESPOP_AV,T,Y_GE15,TOTAL,ALL,5,ALL,ALL,2018,62,,,,,,,,ALL_N1,,,,,,,
IT1:DF_DCSS_ISTR_LAV_PEN_2_TV_3(1.0),A,082026,RESPOP_AV,T,Y_GE15,TOTAL,ALL,5,ALL,ALL,2019,65,,,,,,,,ALL_N1,,,,,,,
IT1:DF_DCSS_ISTR_LAV_PEN_2_TV_3(1.0),A,082026,RESPOP_AV,T,Y_GE15,TOTAL,ALL,5,ALL,ALL,2021,69.6640893870777,,,,,,,,ALL_N1,,,,,,,
IT1:DF_DCSS_ISTR_LAV_PEN_2_TV_3(1.0),A,082026,RESPOP_AV,T,Y_GE15,TOTAL,ALL,5,ALL,ALL,2022,77.0978660847355,,,,,,,,ALL_N1,,,,,,,
IT1:DF_DCSS_ISTR_LAV_PEN_2_TV_3(1.0),A,082026,RESPOP_AV,T,Y_GE15,TOTAL,ALL,5,ALL,ALL,2023,68.84583466304782,,,,,,,,ALL_N1,,,,,,,
IT1:DF_DCSS_ISTR_LAV_PEN_2_TV_3(1.0),A,082026,RESPOP_AV,T,Y_GE15,TOTAL,ALL,5,ALL,ALL,2024,77.602823789187,,,,,,,,ALL_N1,,,,,,,
IT1:DF_DCSS_ISTR_LAV_PEN_2_TV_3(1.0),A,082026,RESPOP_AV,T,Y_GE15,TOTAL,ALL,7,ALL,ALL,2018,94,,,,,,,,ALL_N1,,,,,,,
IT1:DF_DCSS_ISTR_LAV_PEN_2_TV_3(1.0),A,082026,RESPOP_AV,T,Y_GE15,TOTAL,ALL,7,ALL,ALL,2019,79,,,,,,,,ALL_N1,,,,,,,
IT1:DF_DCSS_ISTR_LAV_PEN_2_TV_3(1.0),A,082026,RESPOP_AV,T,Y_GE15,TOTAL,ALL,7,ALL,ALL,2021,90.7987858882803,,,,,,,,ALL_N1,,,,,,,
IT1:DF_DCSS_ISTR_LAV_PEN_2_TV_3(1.0),A,082026,RESPOP_AV,T,Y_GE15,TOTAL,ALL,7,ALL,ALL,2022,87.3906092340261,,,,,,,,ALL_N1,,,,,,,
IT1:DF_DCSS_ISTR_LAV_PEN_2_TV_3(1.0),A,082026,RESPOP_AV,T,Y_GE15,TOTAL,ALL,7,ALL,ALL,2023,81.92439273755792,,,,,,,,ALL_N1,,,,,,,
IT1:DF_DCSS_ISTR_LAV_PEN_2_TV_3(1.0),A,082026,RESPOP_AV,T,Y_GE15,TOTAL,ALL,7,ALL,ALL,2024,86.82351496535378,,,,,,,,ALL_N1,,,,,,,
IT1:DF_DCSS_ISTR_LAV_PEN_2_TV_3(1.0),A,082026,RESPOP_AV,T,Y_GE15,TOTAL,ALL,99,ALL,ALL,2018,847,,,,,,,,ALL_N1,99_N1,,,,,,
IT1:DF_DCSS_ISTR_LAV_PEN_2_TV_3(1.0),A,082026,RESPOP_AV,T,Y_GE15,TOTAL,ALL,99,ALL,ALL,2019,844,,,,,,,,ALL_N1,99_N1,,,,,,
IT1:DF_DCSS_ISTR_LAV_PEN_2_TV_3(1.0),A,082026,RESPOP_AV,T,Y_GE15,TOTAL,ALL,99,ALL,ALL,2021,855,,,,,,,,ALL_N1,99_N1,,,,,,
IT1:DF_DCSS_ISTR_LAV_PEN_2_TV_3(1.0),A,082026,RESPOP_AV,T,Y_GE15,TOTAL,ALL,99,ALL,ALL,2022,850,,,,,,,,ALL_N1,99_N1,,,,,,
IT1:DF_DCSS_ISTR_LAV_PEN_2_TV_3(1.0),A,082026,RESPOP_AV,T,Y_GE15,TOTAL,ALL,99,ALL,ALL,2023,840,,,,,,,,ALL_N1,99_N1,,,,,,
IT1:DF_DCSS_ISTR_LAV_PEN_2_TV_3(1.0),A,082026,RESPOP_AV,T,Y_GE15,TOTAL,ALL,99,ALL,ALL,2024,839.0000000000001,,,,,,,,ALL_N1,99_N1,,,,,,
IT1:DF_DCSS_ISTR_LAV_PEN_2_TV_3(1.0),A,082027,RESPOP_AV,F,Y_GE15,TOTAL,ALL,1,ALL,ALL,2018,1854,,,,,,,,ALL_N1,,,,,,,
IT1:DF_DCSS_ISTR_LAV_PEN_2_TV_3(1.0),A,082027,RESPOP_AV,F,Y_GE15,TOTAL,ALL,1,ALL,ALL,2019,1893,,,,,,,,ALL_N1,,,,,,,
IT1:DF_DCSS_ISTR_LAV_PEN_2_TV_3(1.0),A,082027,RESPOP_AV,F,Y_GE15,TOTAL,ALL,1,ALL,ALL,2021,1967,,,,,,,,ALL_N1,,,,,,,
IT1:DF_DCSS_ISTR_LAV_PEN_2_TV_3(1.0),A,082027,RESPOP_AV,F,Y_GE15,TOTAL,ALL,1,ALL,ALL,2022,1983,,,,,,,,ALL_N1,,,,,,,
IT1:DF_DCSS_ISTR_LAV_PEN_2_TV_3(1.0),A,082027,RESPOP_AV,F,Y_GE15,TOTAL,ALL,1,ALL,ALL,2023,2052,,,,,,,,ALL_N1,,,,,,,
IT1:DF_DCSS_ISTR_LAV_PEN_2_TV_3(1.0),A,082027,RESPOP_AV,F,Y_GE15,TOTAL,ALL,1,ALL,ALL,2024,2180,,,,,,,,ALL_N1,,,,,,,
IT1:DF_DCSS_ISTR_LAV_PEN_2_TV_3(1.0),A,082027,RESPOP_AV,F,Y_GE15,TOTAL,ALL,12,ALL,ALL,2018,540,,,,,,,,ALL_N1,,,,,,,
IT1:DF_DCSS_ISTR_LAV_PEN_2_TV_3(1.0),A,082027,RESPOP_AV,F,Y_GE15,TOTAL,ALL,12,ALL,ALL,2019,531,,,,,,,,ALL_N1,,,,,,,
IT1:DF_DCSS_ISTR_LAV_PEN_2_TV_3(1.0),A,082027,RESPOP_AV,F,Y_GE15,TOTAL,ALL,12,ALL,ALL,2021,311.451663633877,,,,,,,,ALL_N1,,,,,,,
IT1:DF_DCSS_ISTR_LAV_PEN_2_TV_3(1.0),A,082027,RESPOP_AV,F,Y_GE15,TOTAL,ALL,12,ALL,ALL,2022,365.108479013266,,,,,,,,ALL_N1,,,,,,,
IT1:DF_DCSS_ISTR_LAV_PEN_2_TV_3(1.0),A,082027,RESPOP_AV,F,Y_GE15,TOTAL,ALL,12,ALL,ALL,2023,424.14470141860784,,,,,,,,ALL_N1,,,,,,,
IT1:DF_DCSS_ISTR_LAV_PEN_2_TV_3(1.0),A,082027,RESPOP_AV,F,Y_GE15,TOTAL,ALL,12,ALL,ALL,2024,271.1313898474087,,,,,,,,ALL_N1,,,,,,,
IT1:DF_DCSS_ISTR_LAV_PEN_2_TV_3(1.0),A,082027,RESPOP_AV,F,Y_GE15,TOTAL,ALL,22,ALL,ALL,2018,2394,,,,,,,,ALL_N1,,,,,,,
IT1:DF_DCSS_ISTR_LAV_PEN_2_TV_3(1.0),A,082027,RESPOP_AV,F,Y_GE15,TOTAL,ALL,22,ALL,ALL,2019,2424,,,,,,,,ALL_N1,,,,,,,
IT1:DF_DCSS_ISTR_LAV_PEN_2_TV_3(1.0),A,082027,RESPOP_AV,F,Y_GE15,TOTAL,ALL,22,ALL,ALL,2021,2278.45166363388,,,,,,,,ALL_N1,,,,,,,
IT1:DF_DCSS_ISTR_LAV_PEN_2_TV_3(1.0),A,082027,RESPOP_AV,F,Y_GE15,TOTAL,ALL,22,ALL,ALL,2022,2348.10847901327,,,,,,,,ALL_N1,,,,,,,
IT1:DF_DCSS_ISTR_LAV_PEN_2_TV_3(1.0),A,082027,RESPOP_AV,F,Y_GE15,TOTAL,ALL,22,ALL,ALL,2023,2476.144701418608,,,,,,,,ALL_N1,,,,,,,
IT1:DF_DCSS_ISTR_LAV_PEN_2_TV_3(1.0),A,082027,RESPOP_AV,F,Y_GE15,TOTAL,ALL,22,ALL,ALL,2024,2451.1313898474086,,,,,,,,ALL_N1,,,,,,,
IT1:DF_DCSS_ISTR_LAV_PEN_2_TV_3(1.0),A,082027,RESPOP_AV,F,Y_GE15,TOTAL,ALL,23,ALL,ALL,2018,4056,,,,,,,,ALL_N1,,,,,,,
IT1:DF_DCSS_ISTR_LAV_PEN_2_TV_3(1.0),A,082027,RESPOP_AV,F,Y_GE15,TOTAL,ALL,23,ALL,ALL,2019,4019,,,,,,,,ALL_N1,,,,,,,
IT1:DF_DCSS_ISTR_LAV_PEN_2_TV_3(1.0),A,082027,RESPOP_AV,F,Y_GE15,TOTAL,ALL,23,ALL,ALL,2021,4162.54833636612,,,,,,,,ALL_N1,,,,,,,
IT1:DF_DCSS_ISTR_LAV_PEN_2_TV_3(1.0),A,082027,RESPOP_AV,F,Y_GE15,TOTAL,ALL,23,ALL,ALL,2022,4069.89152098673,,,,,,,,ALL_N1,,,,,,,
IT1:DF_DCSS_ISTR_LAV_PEN_2_TV_3(1.0),A,082027,RESPOP_AV,F,Y_GE15,TOTAL,ALL,23,ALL,ALL,2023,3945.8552985813917,,,,,,,,ALL_N1,,,,,,,
IT1:DF_DCSS_ISTR_LAV_PEN_2_TV_3(1.0),A,082027,RESPOP_AV,F,Y_GE15,TOTAL,ALL,23,ALL,ALL,2024,3978.868610152591,,,,,,,,ALL_N1,,,,,,,
IT1:DF_DCSS_ISTR_LAV_PEN_2_TV_3(1.0),A,082027,RESPOP_AV,F,Y_GE15,TOTAL,ALL,24,ALL,ALL,2018,1380,,,,,,,,ALL_N1,,,,,,,
IT1:DF_DCSS_ISTR_LAV_PEN_2_TV_3(1.0),A,082027,RESPOP_AV,F,Y_GE15,TOTAL,ALL,24,ALL,ALL,2019,1338,,,,,,,,ALL_N1,,,,,,,
IT1:DF_DCSS_ISTR_LAV_PEN_2_TV_3(1.0),A,082027,RESPOP_AV,F,Y_GE15,TOTAL,ALL,24,ALL,ALL,2021,1353.49496853044,,,,,,,,ALL_N1,,,,,,,
IT1:DF_DCSS_ISTR_LAV_PEN_2_TV_3(1.0),A,082027,RESPOP_AV,F,Y_GE15,TOTAL,ALL,24,ALL,ALL,2022,1342.08123676669,,,,,,,,ALL_N1,,,,,,,
IT1:DF_DCSS_ISTR_LAV_PEN_2_TV_3(1.0),A,082027,RESPOP_AV,F,Y_GE15,TOTAL,ALL,24,ALL,ALL,2023,1193.6817273806491,,,,,,,,ALL_N1,,,,,,,
IT1:DF_DCSS_ISTR_LAV_PEN_2_TV_3(1.0),A,082027,RESPOP_AV,F,Y_GE15,TOTAL,ALL,24,ALL,ALL,2024,1259.0100553133593,,,,,,,,ALL_N1,,,,,,,
IT1:DF_DCSS_ISTR_LAV_PEN_2_TV_3(1.0),A,082027,RESPOP_AV,F,Y_GE15,TOTAL,ALL,4,ALL,ALL,2018,1724,,,,,,,,ALL_N1,,,,,,,
IT1:DF_DCSS_ISTR_LAV_PEN_2_TV_3(1.0),A,082027,RESPOP_AV,F,Y_GE15,TOTAL,ALL,4,ALL,ALL,2019,1717,,,,,,,,ALL_N1,,,,,,,
IT1:DF_DCSS_ISTR_LAV_PEN_2_TV_3(1.0),A,082027,RESPOP_AV,F,Y_GE15,TOTAL,ALL,4,ALL,ALL,2021,1869.28444534929,,,,,,,,ALL_N1,,,,,,,
IT1:DF_DCSS_ISTR_LAV_PEN_2_TV_3(1.0),A,082027,RESPOP_AV,F,Y_GE15,TOTAL,ALL,4,ALL,ALL,2022,1773.8230956387,,,,,,,,ALL_N1,,,,,,,
IT1:DF_DCSS_ISTR_LAV_PEN_2_TV_3(1.0),A,082027,RESPOP_AV,F,Y_GE15,TOTAL,ALL,4,ALL,ALL,2023,1750.1485498126572,,,,,,,,ALL_N1,,,,,,,
IT1:DF_DCSS_ISTR_LAV_PEN_2_TV_3(1.0),A,082027,RESPOP_AV,F,Y_GE15,TOTAL,ALL,4,ALL,ALL,2024,1773.5060877881606,,,,,,,,ALL_N1,,,,,,,
IT1:DF_DCSS_ISTR_LAV_PEN_2_TV_3(1.0),A,082027,RESPOP_AV,F,Y_GE15,TOTAL,ALL,5,ALL,ALL,2018,469,,,,,,,,ALL_N1,,,,,,,
IT1:DF_DCSS_ISTR_LAV_PEN_2_TV_3(1.0),A,082027,RESPOP_AV,F,Y_GE15,TOTAL,ALL,5,ALL,ALL,2019,492,,,,,,,,ALL_N1,,,,,,,
IT1:DF_DCSS_ISTR_LAV_PEN_2_TV_3(1.0),A,082027,RESPOP_AV,F,Y_GE15,TOTAL,ALL,5,ALL,ALL,2021,498.787293172654,,,,,,,,ALL_N1,,,,,,,
IT1:DF_DCSS_ISTR_LAV_PEN_2_TV_3(1.0),A,082027,RESPOP_AV,F,Y_GE15,TOTAL,ALL,5,ALL,ALL,2022,484.812489113662,,,,,,,,ALL_N1,,,,,,,
IT1:DF_DCSS_ISTR_LAV_PEN_2_TV_3(1.0),A,082027,RESPOP_AV,F,Y_GE15,TOTAL,ALL,5,ALL,ALL,2023,467.23355710365615,,,,,,,,ALL_N1,,,,,,,
IT1:DF_DCSS_ISTR_LAV_PEN_2_TV_3(1.0),A,082027,RESPOP_AV,F,Y_GE15,TOTAL,ALL,5,ALL,ALL,2024,486.64563015500687,,,,,,,,ALL_N1,,,,,,,
IT1:DF_DCSS_ISTR_LAV_PEN_2_TV_3(1.0),A,082027,RESPOP_AV,F,Y_GE15,TOTAL,ALL,7,ALL,ALL,2018,483,,,,,,,,ALL_N1,,,,,,,
IT1:DF_DCSS_ISTR_LAV_PEN_2_TV_3(1.0),A,082027,RESPOP_AV,F,Y_GE15,TOTAL,ALL,7,ALL,ALL,2019,472,,,,,,,,ALL_N1,,,,,,,
IT1:DF_DCSS_ISTR_LAV_PEN_2_TV_3(1.0),A,082027,RESPOP_AV,F,Y_GE15,TOTAL,ALL,7,ALL,ALL,2021,440.98162931374,,,,,,,,ALL_N1,,,,,,,
IT1:DF_DCSS_ISTR_LAV_PEN_2_TV_3(1.0),A,082027,RESPOP_AV,F,Y_GE15,TOTAL,ALL,7,ALL,ALL,2022,469.17469946768,,,,,,,,ALL_N1,,,,,,,
IT1:DF_DCSS_ISTR_LAV_PEN_2_TV_3(1.0),A,082027,RESPOP_AV,F,Y_GE15,TOTAL,ALL,7,ALL,ALL,2023,534.7914642844294,,,,,,,,ALL_N1,,,,,,,
IT1:DF_DCSS_ISTR_LAV_PEN_2_TV_3(1.0),A,082027,RESPOP_AV,F,Y_GE15,TOTAL,ALL,7,ALL,ALL,2024,459.70683689606426,,,,,,,,ALL_N1,,,,,,,
IT1:DF_DCSS_ISTR_LAV_PEN_2_TV_3(1.0),A,082027,RESPOP_AV,F,Y_GE15,TOTAL,ALL,99,ALL,ALL,2018,6450,,,,,,,,ALL_N1,99_N1,,,,,,
IT1:DF_DCSS_ISTR_LAV_PEN_2_TV_3(1.0),A,082027,RESPOP_AV,F,Y_GE15,TOTAL,ALL,99,ALL,ALL,2019,6443,,,,,,,,ALL_N1,99_N1,,,,,,
IT1:DF_DCSS_ISTR_LAV_PEN_2_TV_3(1.0),A,082027,RESPOP_AV,F,Y_GE15,TOTAL,ALL,99,ALL,ALL,2021,6441,,,,,,,,ALL_N1,99_N1,,,,,,
IT1:DF_DCSS_ISTR_LAV_PEN_2_TV_3(1.0),A,082027,RESPOP_AV,F,Y_GE15,TOTAL,ALL,99,ALL,ALL,2022,6418,,,,,,,,ALL_N1,99_N1,,,,,,
IT1:DF_DCSS_ISTR_LAV_PEN_2_TV_3(1.0),A,082027,RESPOP_AV,F,Y_GE15,TOTAL,ALL,99,ALL,ALL,2023,6422,,,,,,,,ALL_N1,99_N1,,,,,,
IT1:DF_DCSS_ISTR_LAV_PEN_2_TV_3(1.0),A,082027,RESPOP_AV,F,Y_GE15,TOTAL,ALL,99,ALL,ALL,2024,6430,,,,,,,,ALL_N1,99_N1,,,,,,
IT1:DF_DCSS_ISTR_LAV_PEN_2_TV_3(1.0),A,082027,RESPOP_AV,M,Y_GE15,TOTAL,ALL,1,ALL,ALL,2018,2761,,,,,,,,ALL_N1,,,,,,,
IT1:DF_DCSS_ISTR_LAV_PEN_2_TV_3(1.0),A,082027,RESPOP_AV,M,Y_GE15,TOTAL,ALL,1,ALL,ALL,2019,2791,,,,,,,,ALL_N1,,,,,,,
IT1:DF_DCSS_ISTR_LAV_PEN_2_TV_3(1.0),A,082027,RESPOP_AV,M,Y_GE15,TOTAL,ALL,1,ALL,ALL,2021,2780,,,,,,,,ALL_N1,,,,,,,
IT1:DF_DCSS_ISTR_LAV_PEN_2_TV_3(1.0),A,082027,RESPOP_AV,M,Y_GE15,TOTAL,ALL,1,ALL,ALL,2022,2855,,,,,,,,ALL_N1,,,,,,,
IT1:DF_DCSS_ISTR_LAV_PEN_2_TV_3(1.0),A,082027,RESPOP_AV,M,Y_GE15,TOTAL,ALL,1,ALL,ALL,2023,2880,,,,,,,,ALL_N1,,,,,,,
IT1:DF_DCSS_ISTR_LAV_PEN_2_TV_3(1.0),A,082027,RESPOP_AV,M,Y_GE15,TOTAL,ALL,1,ALL,ALL,2024,2981,,,,,,,,ALL_N1,,,,,,,
IT1:DF_DCSS_ISTR_LAV_PEN_2_TV_3(1.0),A,082027,RESPOP_AV,M,Y_GE15,TOTAL,ALL,12,ALL,ALL,2018,635,,,,,,,,ALL_N1,,,,,,,
IT1:DF_DCSS_ISTR_LAV_PEN_2_TV_3(1.0),A,082027,RESPOP_AV,M,Y_GE15,TOTAL,ALL,12,ALL,ALL,2019,581,,,,,,,,ALL_N1,,,,,,,
IT1:DF_DCSS_ISTR_LAV_PEN_2_TV_3(1.0),A,082027,RESPOP_AV,M,Y_GE15,TOTAL,ALL,12,ALL,ALL,2021,409.356859302405,,,,,,,,ALL_N1,,,,,,,
IT1:DF_DCSS_ISTR_LAV_PEN_2_TV_3(1.0),A,082027,RESPOP_AV,M,Y_GE15,TOTAL,ALL,12,ALL,ALL,2022,401.67428323425,,,,,,,,ALL_N1,,,,,,,
IT1:DF_DCSS_ISTR_LAV_PEN_2_TV_3(1.0),A,082027,RESPOP_AV,M,Y_GE15,TOTAL,ALL,12,ALL,ALL,2023,445.00200899020285,,,,,,,,ALL_N1,,,,,,,
IT1:DF_DCSS_ISTR_LAV_PEN_2_TV_3(1.0),A,082027,RESPOP_AV,M,Y_GE15,TOTAL,ALL,12,ALL,ALL,2024,317.890085031332,,,,,,,,ALL_N1,,,,,,,
IT1:DF_DCSS_ISTR_LAV_PEN_2_TV_3(1.0),A,082027,RESPOP_AV,M,Y_GE15,TOTAL,ALL,22,ALL,ALL,2018,3396,,,,,,,,ALL_N1,,,,,,,
IT1:DF_DCSS_ISTR_LAV_PEN_2_TV_3(1.0),A,082027,RESPOP_AV,M,Y_GE15,TOTAL,ALL,22,ALL,ALL,2019,3372,,,,,,,,ALL_N1,,,,,,,
IT1:DF_DCSS_ISTR_LAV_PEN_2_TV_3(1.0),A,082027,RESPOP_AV,M,Y_GE15,TOTAL,ALL,22,ALL,ALL,2021,3189.3568593024,,,,,,,,ALL_N1,,,,,,,
IT1:DF_DCSS_ISTR_LAV_PEN_2_TV_3(1.0),A,082027,RESPOP_AV,M,Y_GE15,TOTAL,ALL,22,ALL,ALL,2022,3256.67428323425,,,,,,,,ALL_N1,,,,,,,
IT1:DF_DCSS_ISTR_LAV_PEN_2_TV_3(1.0),A,082027,RESPOP_AV,M,Y_GE15,TOTAL,ALL,22,ALL,ALL,2023,3325.0020089902027,,,,,,,,ALL_N1,,,,,,,
IT1:DF_DCSS_ISTR_LAV_PEN_2_TV_3(1.0),A,082027,RESPOP_AV,M,Y_GE15,TOTAL,ALL,22,ALL,ALL,2024,3298.890085031332,,,,,,,,ALL_N1,,,,,,,
IT1:DF_DCSS_ISTR_LAV_PEN_2_TV_3(1.0),A,082027,RESPOP_AV,M,Y_GE15,TOTAL,ALL,23,ALL,ALL,2018,2674,,,,,,,,ALL_N1,,,,,,,
IT1:DF_DCSS_ISTR_LAV_PEN_2_TV_3(1.0),A,082027,RESPOP_AV,M,Y_GE15,TOTAL,ALL,23,ALL,ALL,2019,2669,,,,,,,,ALL_N1,,,,,,,
IT1:DF_DCSS_ISTR_LAV_PEN_2_TV_3(1.0),A,082027,RESPOP_AV,M,Y_GE15,TOTAL,ALL,23,ALL,ALL,2021,2801.6431406976,,,,,,,,ALL_N1,,,,,,,
IT1:DF_DCSS_ISTR_LAV_PEN_2_TV_3(1.0),A,082027,RESPOP_AV,M,Y_GE15,TOTAL,ALL,23,ALL,ALL,2022,2706.32571676575,,,,,,,,ALL_N1,,,,,,,
IT1:DF_DCSS_ISTR_LAV_PEN_2_TV_3(1.0),A,082027,RESPOP_AV,M,Y_GE15,TOTAL,ALL,23,ALL,ALL,2023,2638.9979910097973,,,,,,,,ALL_N1,,,,,,,
IT1:DF_DCSS_ISTR_LAV_PEN_2_TV_3(1.0),A,082027,RESPOP_AV,M,Y_GE15,TOTAL,ALL,23,ALL,ALL,2024,2677.109914968668,,,,,,,,ALL_N1,,,,,,,
IT1:DF_DCSS_ISTR_LAV_PEN_2_TV_3(1.0),A,082027,RESPOP_AV,M,Y_GE15,TOTAL,ALL,24,ALL,ALL,2018,1563,,,,,,,,ALL_N1,,,,,,,
IT1:DF_DCSS_ISTR_LAV_PEN_2_TV_3(1.0),A,082027,RESPOP_AV,M,Y_GE15,TOTAL,ALL,24,ALL,ALL,2019,1567,,,,,,,,ALL_N1,,,,,,,
IT1:DF_DCSS_ISTR_LAV_PEN_2_TV_3(1.0),A,082027,RESPOP_AV,M,Y_GE15,TOTAL,ALL,24,ALL,ALL,2021,1570.40243881043,,,,,,,,ALL_N1,,,,,,,
IT1:DF_DCSS_ISTR_LAV_PEN_2_TV_3(1.0),A,082027,RESPOP_AV,M,Y_GE15,TOTAL,ALL,24,ALL,ALL,2022,1602.11765425875,,,,,,,,ALL_N1,,,,,,,
IT1:DF_DCSS_ISTR_LAV_PEN_2_TV_3(1.0),A,082027,RESPOP_AV,M,Y_GE15,TOTAL,ALL,24,ALL,ALL,2023,1496.4539039354765,,,,,,,,ALL_N1,,,,,,,
IT1:DF_DCSS_ISTR_LAV_PEN_2_TV_3(1.0),A,082027,RESPOP_AV,M,Y_GE15,TOTAL,ALL,24,ALL,ALL,2024,1580.313873846025,,,,,,,,ALL_N1,,,,,,,
IT1:DF_DCSS_ISTR_LAV_PEN_2_TV_3(1.0),A,082027,RESPOP_AV,M,Y_GE15,TOTAL,ALL,4,ALL,ALL,2018,65,,,,,,,,ALL_N1,,,,,,,
IT1:DF_DCSS_ISTR_LAV_PEN_2_TV_3(1.0),A,082027,RESPOP_AV,M,Y_GE15,TOTAL,ALL,4,ALL,ALL,2019,68,,,,,,,,ALL_N1,,,,,,,
IT1:DF_DCSS_ISTR_LAV_PEN_2_TV_3(1.0),A,082027,RESPOP_AV,M,Y_GE15,TOTAL,ALL,4,ALL,ALL,2021,122.665963069601,,,,,,,,ALL_N1,,,,,,,
IT1:DF_DCSS_ISTR_LAV_PEN_2_TV_3(1.0),A,082027,RESPOP_AV,M,Y_GE15,TOTAL,ALL,4,ALL,ALL,2022,107.218110371853,,,,,,,,ALL_N1,,,,,,,
IT1:DF_DCSS_ISTR_LAV_PEN_2_TV_3(1.0),A,082027,RESPOP_AV,M,Y_GE15,TOTAL,ALL,4,ALL,ALL,2023,116.2648934589361,,,,,,,,ALL_N1,,,,,,,
IT1:DF_DCSS_ISTR_LAV_PEN_2_TV_3(1.0),A,082027,RESPOP_AV,M,Y_GE15,TOTAL,ALL,4,ALL,ALL,2024,119.49577391922638,,,,,,,,ALL_N1,,,,,,,
IT1:DF_DCSS_ISTR_LAV_PEN_2_TV_3(1.0),A,082027,RESPOP_AV,M,Y_GE15,TOTAL,ALL,5,ALL,ALL,2018,422,,,,,,,,ALL_N1,,,,,,,
IT1:DF_DCSS_ISTR_LAV_PEN_2_TV_3(1.0),A,082027,RESPOP_AV,M,Y_GE15,TOTAL,ALL,5,ALL,ALL,2019,449,,,,,,,,ALL_N1,,,,,,,
IT1:DF_DCSS_ISTR_LAV_PEN_2_TV_3(1.0),A,082027,RESPOP_AV,M,Y_GE15,TOTAL,ALL,5,ALL,ALL,2021,448.297161101137,,,,,,,,ALL_N1,,,,,,,
IT1:DF_DCSS_ISTR_LAV_PEN_2_TV_3(1.0),A,082027,RESPOP_AV,M,Y_GE15,TOTAL,ALL,5,ALL,ALL,2022,448.191347563468,,,,,,,,ALL_N1,,,,,,,
IT1:DF_DCSS_ISTR_LAV_PEN_2_TV_3(1.0),A,082027,RESPOP_AV,M,Y_GE15,TOTAL,ALL,5,ALL,ALL,2023,429.7314818439936,,,,,,,,ALL_N1,,,,,,,
IT1:DF_DCSS_ISTR_LAV_PEN_2_TV_3(1.0),A,082027,RESPOP_AV,M,Y_GE15,TOTAL,ALL,5,ALL,ALL,2024,422.92967566907953,,,,,,,,ALL_N1,,,,,,,
IT1:DF_DCSS_ISTR_LAV_PEN_2_TV_3(1.0),A,082027,RESPOP_AV,M,Y_GE15,TOTAL,ALL,7,ALL,ALL,2018,625,,,,,,,,ALL_N1,,,,,,,
IT1:DF_DCSS_ISTR_LAV_PEN_2_TV_3(1.0),A,082027,RESPOP_AV,M,Y_GE15,TOTAL,ALL,7,ALL,ALL,2019,585,,,,,,,,ALL_N1,,,,,,,
IT1:DF_DCSS_ISTR_LAV_PEN_2_TV_3(1.0),A,082027,RESPOP_AV,M,Y_GE15,TOTAL,ALL,7,ALL,ALL,2021,660.277577716424,,,,,,,,ALL_N1,,,,,,,
IT1:DF_DCSS_ISTR_LAV_PEN_2_TV_3(1.0),A,082027,RESPOP_AV,M,Y_GE15,TOTAL,ALL,7,ALL,ALL,2022,548.798604571677,,,,,,,,ALL_N1,,,,,,,
IT1:DF_DCSS_ISTR_LAV_PEN_2_TV_3(1.0),A,082027,RESPOP_AV,M,Y_GE15,TOTAL,ALL,7,ALL,ALL,2023,596.5477117713912,,,,,,,,ALL_N1,,,,,,,
IT1:DF_DCSS_ISTR_LAV_PEN_2_TV_3(1.0),A,082027,RESPOP_AV,M,Y_GE15,TOTAL,ALL,7,ALL,ALL,2024,554.370591534337,,,,,,,,ALL_N1,,,,,,,
IT1:DF_DCSS_ISTR_LAV_PEN_2_TV_3(1.0),A,082027,RESPOP_AV,M,Y_GE15,TOTAL,ALL,99,ALL,ALL,2018,6070,,,,,,,,ALL_N1,99_N1,,,,,,
IT1:DF_DCSS_ISTR_LAV_PEN_2_TV_3(1.0),A,082027,RESPOP_AV,M,Y_GE15,TOTAL,ALL,99,ALL,ALL,2019,6041,,,,,,,,ALL_N1,99_N1,,,,,,
IT1:DF_DCSS_ISTR_LAV_PEN_2_TV_3(1.0),A,082027,RESPOP_AV,M,Y_GE15,TOTAL,ALL,99,ALL,ALL,2021,5991,,,,,,,,ALL_N1,99_N1,,,,,,
IT1:DF_DCSS_ISTR_LAV_PEN_2_TV_3(1.0),A,082027,RESPOP_AV,M,Y_GE15,TOTAL,ALL,99,ALL,ALL,2022,5963,,,,,,,,ALL_N1,99_N1,,,,,,
IT1:DF_DCSS_ISTR_LAV_PEN_2_TV_3(1.0),A,082027,RESPOP_AV,M,Y_GE15,TOTAL,ALL,99,ALL,ALL,2023,5964,,,,,,,,ALL_N1,99_N1,,,,,,
IT1:DF_DCSS_ISTR_LAV_PEN_2_TV_3(1.0),A,082027,RESPOP_AV,M,Y_GE15,TOTAL,ALL,99,ALL,ALL,2024,5976,,,,,,,,ALL_N1,99_N1,,,,,,
IT1:DF_DCSS_ISTR_LAV_PEN_2_TV_3(1.0),A,082027,RESPOP_AV,T,Y_GE15,TOTAL,ALL,1,ALL,ALL,2018,4615,,,,,,,,ALL_N1,,,,,,,
IT1:DF_DCSS_ISTR_LAV_PEN_2_TV_3(1.0),A,082027,RESPOP_AV,T,Y_GE15,TOTAL,ALL,1,ALL,ALL,2019,4684,,,,,,,,ALL_N1,,,,,,,
IT1:DF_DCSS_ISTR_LAV_PEN_2_TV_3(1.0),A,082027,RESPOP_AV,T,Y_GE15,TOTAL,ALL,1,ALL,ALL,2021,4747,,,,,,,,ALL_N1,,,,,,,
IT1:DF_DCSS_ISTR_LAV_PEN_2_TV_3(1.0),A,082027,RESPOP_AV,T,Y_GE15,TOTAL,ALL,1,ALL,ALL,2022,4838,,,,,,,,ALL_N1,,,,,,,
IT1:DF_DCSS_ISTR_LAV_PEN_2_TV_3(1.0),A,082027,RESPOP_AV,T,Y_GE15,TOTAL,ALL,1,ALL,ALL,2023,4932,,,,,,,,ALL_N1,,,,,,,
IT1:DF_DCSS_ISTR_LAV_PEN_2_TV_3(1.0),A,082027,RESPOP_AV,T,Y_GE15,TOTAL,ALL,1,ALL,ALL,2024,5161,,,,,,,,ALL_N1,,,,,,,
IT1:DF_DCSS_ISTR_LAV_PEN_2_TV_3(1.0),A,082027,RESPOP_AV,T,Y_GE15,TOTAL,ALL,12,ALL,ALL,2018,1175,,,,,,,,ALL_N1,,,,,,,
IT1:DF_DCSS_ISTR_LAV_PEN_2_TV_3(1.0),A,082027,RESPOP_AV,T,Y_GE15,TOTAL,ALL,12,ALL,ALL,2019,1112,,,,,,,,ALL_N1,,,,,,,
IT1:DF_DCSS_ISTR_LAV_PEN_2_TV_3(1.0),A,082027,RESPOP_AV,T,Y_GE15,TOTAL,ALL,12,ALL,ALL,2021,720.808522936281,,,,,,,,ALL_N1,,,,,,,
IT1:DF_DCSS_ISTR_LAV_PEN_2_TV_3(1.0),A,082027,RESPOP_AV,T,Y_GE15,TOTAL,ALL,12,ALL,ALL,2022,766.782762247516,,,,,,,,ALL_N1,,,,,,,
IT1:DF_DCSS_ISTR_LAV_PEN_2_TV_3(1.0),A,082027,RESPOP_AV,T,Y_GE15,TOTAL,ALL,12,ALL,ALL,2023,869.1467104088107,,,,,,,,ALL_N1,,,,,,,
IT1:DF_DCSS_ISTR_LAV_PEN_2_TV_3(1.0),A,082027,RESPOP_AV,T,Y_GE15,TOTAL,ALL,12,ALL,ALL,2024,589.0214748787406,,,,,,,,ALL_N1,,,,,,,
IT1:DF_DCSS_ISTR_LAV_PEN_2_TV_3(1.0),A,082027,RESPOP_AV,T,Y_GE15,TOTAL,ALL,22,ALL,ALL,2018,5790,,,,,,,,ALL_N1,,,,,,,
IT1:DF_DCSS_ISTR_LAV_PEN_2_TV_3(1.0),A,082027,RESPOP_AV,T,Y_GE15,TOTAL,ALL,22,ALL,ALL,2019,5796,,,,,,,,ALL_N1,,,,,,,
IT1:DF_DCSS_ISTR_LAV_PEN_2_TV_3(1.0),A,082027,RESPOP_AV,T,Y_GE15,TOTAL,ALL,22,ALL,ALL,2021,5467.80852293628,,,,,,,,ALL_N1,,,,,,,
IT1:DF_DCSS_ISTR_LAV_PEN_2_TV_3(1.0),A,082027,RESPOP_AV,T,Y_GE15,TOTAL,ALL,22,ALL,ALL,2022,5604.78276224752,,,,,,,,ALL_N1,,,,,,,
IT1:DF_DCSS_ISTR_LAV_PEN_2_TV_3(1.0),A,082027,RESPOP_AV,T,Y_GE15,TOTAL,ALL,22,ALL,ALL,2023,5801.146710408811,,,,,,,,ALL_N1,,,,,,,
IT1:DF_DCSS_ISTR_LAV_PEN_2_TV_3(1.0),A,082027,RESPOP_AV,T,Y_GE15,TOTAL,ALL,22,ALL,ALL,2024,5750.02147487874,,,,,,,,ALL_N1,,,,,,,
IT1:DF_DCSS_ISTR_LAV_PEN_2_TV_3(1.0),A,082027,RESPOP_AV,T,Y_GE15,TOTAL,ALL,23,ALL,ALL,2018,6730,,,,,,,,ALL_N1,,,,,,,
IT1:DF_DCSS_ISTR_LAV_PEN_2_TV_3(1.0),A,082027,RESPOP_AV,T,Y_GE15,TOTAL,ALL,23,ALL,ALL,2019,6688,,,,,,,,ALL_N1,,,,,,,
IT1:DF_DCSS_ISTR_LAV_PEN_2_TV_3(1.0),A,082027,RESPOP_AV,T,Y_GE15,TOTAL,ALL,23,ALL,ALL,2021,6964.19147706372,,,,,,,,ALL_N1,,,,,,,
IT1:DF_DCSS_ISTR_LAV_PEN_2_TV_3(1.0),A,082027,RESPOP_AV,T,Y_GE15,TOTAL,ALL,23,ALL,ALL,2022,6776.21723775248,,,,,,,,ALL_N1,,,,,,,
IT1:DF_DCSS_ISTR_LAV_PEN_2_TV_3(1.0),A,082027,RESPOP_AV,T,Y_GE15,TOTAL,ALL,23,ALL,ALL,2023,6584.853289591189,,,,,,,,ALL_N1,,,,,,,
IT1:DF_DCSS_ISTR_LAV_PEN_2_TV_3(1.0),A,082027,RESPOP_AV,T,Y_GE15,TOTAL,ALL,23,ALL,ALL,2024,6655.978525121259,,,,,,,,ALL_N1,,,,,,,
IT1:DF_DCSS_ISTR_LAV_PEN_2_TV_3(1.0),A,082027,RESPOP_AV,T,Y_GE15,TOTAL,ALL,24,ALL,ALL,2018,2943,,,,,,,,ALL_N1,,,,,,,
IT1:DF_DCSS_ISTR_LAV_PEN_2_TV_3(1.0),A,082027,RESPOP_AV,T,Y_GE15,TOTAL,ALL,24,ALL,ALL,2019,2905,,,,,,,,ALL_N1,,,,,,,
IT1:DF_DCSS_ISTR_LAV_PEN_2_TV_3(1.0),A,082027,RESPOP_AV,T,Y_GE15,TOTAL,ALL,24,ALL,ALL,2021,2923.89740734087,,,,,,,,ALL_N1,,,,,,,
IT1:DF_DCSS_ISTR_LAV_PEN_2_TV_3(1.0),A,082027,RESPOP_AV,T,Y_GE15,TOTAL,ALL,24,ALL,ALL,2022,2944.19889102545,,,,,,,,ALL_N1,,,,,,,
IT1:DF_DCSS_ISTR_LAV_PEN_2_TV_3(1.0),A,082027,RESPOP_AV,T,Y_GE15,TOTAL,ALL,24,ALL,ALL,2023,2690.135631316126,,,,,,,,ALL_N1,,,,,,,
IT1:DF_DCSS_ISTR_LAV_PEN_2_TV_3(1.0),A,082027,RESPOP_AV,T,Y_GE15,TOTAL,ALL,24,ALL,ALL,2024,2839.3239291593845,,,,,,,,ALL_N1,,,,,,,
IT1:DF_DCSS_ISTR_LAV_PEN_2_TV_3(1.0),A,082027,RESPOP_AV,T,Y_GE15,TOTAL,ALL,4,ALL,ALL,2018,1789,,,,,,,,ALL_N1,,,,,,,
IT1:DF_DCSS_ISTR_LAV_PEN_2_TV_3(1.0),A,082027,RESPOP_AV,T,Y_GE15,TOTAL,ALL,4,ALL,ALL,2019,1785,,,,,,,,ALL_N1,,,,,,,
IT1:DF_DCSS_ISTR_LAV_PEN_2_TV_3(1.0),A,082027,RESPOP_AV,T,Y_GE15,TOTAL,ALL,4,ALL,ALL,2021,1991.95040841889,,,,,,,,ALL_N1,,,,,,,
IT1:DF_DCSS_ISTR_LAV_PEN_2_TV_3(1.0),A,082027,RESPOP_AV,T,Y_GE15,TOTAL,ALL,4,ALL,ALL,2022,1881.04120601055,,,,,,,,ALL_N1,,,,,,,
IT1:DF_DCSS_ISTR_LAV_PEN_2_TV_3(1.0),A,082027,RESPOP_AV,T,Y_GE15,TOTAL,ALL,4,ALL,ALL,2023,1866.4134432715932,,,,,,,,ALL_N1,,,,,,,
IT1:DF_DCSS_ISTR_LAV_PEN_2_TV_3(1.0),A,082027,RESPOP_AV,T,Y_GE15,TOTAL,ALL,4,ALL,ALL,2024,1893.001861707387,,,,,,,,ALL_N1,,,,,,,
IT1:DF_DCSS_ISTR_LAV_PEN_2_TV_3(1.0),A,082027,RESPOP_AV,T,Y_GE15,TOTAL,ALL,5,ALL,ALL,2018,891,,,,,,,,ALL_N1,,,,,,,
IT1:DF_DCSS_ISTR_LAV_PEN_2_TV_3(1.0),A,082027,RESPOP_AV,T,Y_GE15,TOTAL,ALL,5,ALL,ALL,2019,941,,,,,,,,ALL_N1,,,,,,,
IT1:DF_DCSS_ISTR_LAV_PEN_2_TV_3(1.0),A,082027,RESPOP_AV,T,Y_GE15,TOTAL,ALL,5,ALL,ALL,2021,947.084454273791,,,,,,,,ALL_N1,,,,,,,
IT1:DF_DCSS_ISTR_LAV_PEN_2_TV_3(1.0),A,082027,RESPOP_AV,T,Y_GE15,TOTAL,ALL,5,ALL,ALL,2022,933.003836677131,,,,,,,,ALL_N1,,,,,,,
IT1:DF_DCSS_ISTR_LAV_PEN_2_TV_3(1.0),A,082027,RESPOP_AV,T,Y_GE15,TOTAL,ALL,5,ALL,ALL,2023,896.9650389476498,,,,,,,,ALL_N1,,,,,,,
IT1:DF_DCSS_ISTR_LAV_PEN_2_TV_3(1.0),A,082027,RESPOP_AV,T,Y_GE15,TOTAL,ALL,5,ALL,ALL,2024,909.5753058240864,,,,,,,,ALL_N1,,,,,,,
IT1:DF_DCSS_ISTR_LAV_PEN_2_TV_3(1.0),A,082027,RESPOP_AV,T,Y_GE15,TOTAL,ALL,7,ALL,ALL,2018,1108,,,,,,,,ALL_N1,,,,,,,
IT1:DF_DCSS_ISTR_LAV_PEN_2_TV_3(1.0),A,082027,RESPOP_AV,T,Y_GE15,TOTAL,ALL,7,ALL,ALL,2019,1057,,,,,,,,ALL_N1,,,,,,,
IT1:DF_DCSS_ISTR_LAV_PEN_2_TV_3(1.0),A,082027,RESPOP_AV,T,Y_GE15,TOTAL,ALL,7,ALL,ALL,2021,1101.25920703016,,,,,,,,ALL_N1,,,,,,,
IT1:DF_DCSS_ISTR_LAV_PEN_2_TV_3(1.0),A,082027,RESPOP_AV,T,Y_GE15,TOTAL,ALL,7,ALL,ALL,2022,1017.97330403936,,,,,,,,ALL_N1,,,,,,,
IT1:DF_DCSS_ISTR_LAV_PEN_2_TV_3(1.0),A,082027,RESPOP_AV,T,Y_GE15,TOTAL,ALL,7,ALL,ALL,2023,1131.3391760558204,,,,,,,,ALL_N1,,,,,,,
IT1:DF_DCSS_ISTR_LAV_PEN_2_TV_3(1.0),A,082027,RESPOP_AV,T,Y_GE15,TOTAL,ALL,7,ALL,ALL,2024,1014.0774284304013,,,,,,,,ALL_N1,,,,,,,
IT1:DF_DCSS_ISTR_LAV_PEN_2_TV_3(1.0),A,082027,RESPOP_AV,T,Y_GE15,TOTAL,ALL,99,ALL,ALL,2018,12520,,,,,,,,ALL_N1,99_N1,,,,,,
IT1:DF_DCSS_ISTR_LAV_PEN_2_TV_3(1.0),A,082027,RESPOP_AV,T,Y_GE15,TOTAL,ALL,99,ALL,ALL,2019,12484,,,,,,,,ALL_N1,99_N1,,,,,,
IT1:DF_DCSS_ISTR_LAV_PEN_2_TV_3(1.0),A,082027,RESPOP_AV,T,Y_GE15,TOTAL,ALL,99,ALL,ALL,2021,12432,,,,,,,,ALL_N1,99_N1,,,,,,
IT1:DF_DCSS_ISTR_LAV_PEN_2_TV_3(1.0),A,082027,RESPOP_AV,T,Y_GE15,TOTAL,ALL,99,ALL,ALL,2022,12381,,,,,,,,ALL_N1,99_N1,,,,,,
IT1:DF_DCSS_ISTR_LAV_PEN_2_TV_3(1.0),A,082027,RESPOP_AV,T,Y_GE15,TOTAL,ALL,99,ALL,ALL,2023,12386,,,,,,,,ALL_N1,99_N1,,,,,,
IT1:DF_DCSS_ISTR_LAV_PEN_2_TV_3(1.0),A,082027,RESPOP_AV,T,Y_GE15,TOTAL,ALL,99,ALL,ALL,2024,12406,,,,,,,,ALL_N1,99_N1,,,,,,
IT1:DF_DCSS_ISTR_LAV_PEN_2_TV_3(1.0),A,082028,RESPOP_AV,F,Y_GE15,TOTAL,ALL,1,ALL,ALL,2018,379,,,,,,,,ALL_N1,,,,,,,
IT1:DF_DCSS_ISTR_LAV_PEN_2_TV_3(1.0),A,082028,RESPOP_AV,F,Y_GE15,TOTAL,ALL,1,ALL,ALL,2019,378,,,,,,,,ALL_N1,,,,,,,
IT1:DF_DCSS_ISTR_LAV_PEN_2_TV_3(1.0),A,082028,RESPOP_AV,F,Y_GE15,TOTAL,ALL,1,ALL,ALL,2021,404,,,,,,,,ALL_N1,,,,,,,
IT1:DF_DCSS_ISTR_LAV_PEN_2_TV_3(1.0),A,082028,RESPOP_AV,F,Y_GE15,TOTAL,ALL,1,ALL,ALL,2022,426,,,,,,,,ALL_N1,,,,,,,
IT1:DF_DCSS_ISTR_LAV_PEN_2_TV_3(1.0),A,082028,RESPOP_AV,F,Y_GE15,TOTAL,ALL,1,ALL,ALL,2023,462,,,,,,,,ALL_N1,,,,,,,
IT1:DF_DCSS_ISTR_LAV_PEN_2_TV_3(1.0),A,082028,RESPOP_AV,F,Y_GE15,TOTAL,ALL,1,ALL,ALL,2024,485,,,,,,,,ALL_N1,,,,,,,
IT1:DF_DCSS_ISTR_LAV_PEN_2_TV_3(1.0),A,082028,RESPOP_AV,F,Y_GE15,TOTAL,ALL,12,ALL,ALL,2018,222,,,,,,,,ALL_N1,,,,,,,
IT1:DF_DCSS_ISTR_LAV_PEN_2_TV_3(1.0),A,082028,RESPOP_AV,F,Y_GE15,TOTAL,ALL,12,ALL,ALL,2019,220,,,,,,,,ALL_N1,,,,,,,
IT1:DF_DCSS_ISTR_LAV_PEN_2_TV_3(1.0),A,082028,RESPOP_AV,F,Y_GE15,TOTAL,ALL,12,ALL,ALL,2021,106.471147477686,,,,,,,,ALL_N1,,,,,,,
IT1:DF_DCSS_ISTR_LAV_PEN_2_TV_3(1.0),A,082028,RESPOP_AV,F,Y_GE15,TOTAL,ALL,12,ALL,ALL,2022,104.303243408558,,,,,,,,ALL_N1,,,,,,,
IT1:DF_DCSS_ISTR_LAV_PEN_2_TV_3(1.0),A,082028,RESPOP_AV,F,Y_GE15,TOTAL,ALL,12,ALL,ALL,2023,152.48521948322642,,,,,,,,ALL_N1,,,,,,,
IT1:DF_DCSS_ISTR_LAV_PEN_2_TV_3(1.0),A,082028,RESPOP_AV,F,Y_GE15,TOTAL,ALL,12,ALL,ALL,2024,101.83687876047404,,,,,,,,ALL_N1,,,,,,,
IT1:DF_DCSS_ISTR_LAV_PEN_2_TV_3(1.0),A,082028,RESPOP_AV,F,Y_GE15,TOTAL,ALL,22,ALL,ALL,2018,601,,,,,,,,ALL_N1,,,,,,,
IT1:DF_DCSS_ISTR_LAV_PEN_2_TV_3(1.0),A,082028,RESPOP_AV,F,Y_GE15,TOTAL,ALL,22,ALL,ALL,2019,598,,,,,,,,ALL_N1,,,,,,,
IT1:DF_DCSS_ISTR_LAV_PEN_2_TV_3(1.0),A,082028,RESPOP_AV,F,Y_GE15,TOTAL,ALL,22,ALL,ALL,2021,510.471147477686,,,,,,,,ALL_N1,,,,,,,
IT1:DF_DCSS_ISTR_LAV_PEN_2_TV_3(1.0),A,082028,RESPOP_AV,F,Y_GE15,TOTAL,ALL,22,ALL,ALL,2022,530.303243408558,,,,,,,,ALL_N1,,,,,,,
IT1:DF_DCSS_ISTR_LAV_PEN_2_TV_3(1.0),A,082028,RESPOP_AV,F,Y_GE15,TOTAL,ALL,22,ALL,ALL,2023,614.4852194832264,,,,,,,,ALL_N1,,,,,,,
IT1:DF_DCSS_ISTR_LAV_PEN_2_TV_3(1.0),A,082028,RESPOP_AV,F,Y_GE15,TOTAL,ALL,22,ALL,ALL,2024,586.8368787604741,,,,,,,,ALL_N1,,,,,,,
IT1:DF_DCSS_ISTR_LAV_PEN_2_TV_3(1.0),A,082028,RESPOP_AV,F,Y_GE15,TOTAL,ALL,23,ALL,ALL,2018,1622,,,,,,,,ALL_N1,,,,,,,
IT1:DF_DCSS_ISTR_LAV_PEN_2_TV_3(1.0),A,082028,RESPOP_AV,F,Y_GE15,TOTAL,ALL,23,ALL,ALL,2019,1602,,,,,,,,ALL_N1,,,,,,,
IT1:DF_DCSS_ISTR_LAV_PEN_2_TV_3(1.0),A,082028,RESPOP_AV,F,Y_GE15,TOTAL,ALL,23,ALL,ALL,2021,1697.52885252231,,,,,,,,ALL_N1,,,,,,,
IT1:DF_DCSS_ISTR_LAV_PEN_2_TV_3(1.0),A,082028,RESPOP_AV,F,Y_GE15,TOTAL,ALL,23,ALL,ALL,2022,1670.69675659144,,,,,,,,ALL_N1,,,,,,,
IT1:DF_DCSS_ISTR_LAV_PEN_2_TV_3(1.0),A,082028,RESPOP_AV,F,Y_GE15,TOTAL,ALL,23,ALL,ALL,2023,1568.5147805167737,,,,,,,,ALL_N1,,,,,,,
IT1:DF_DCSS_ISTR_LAV_PEN_2_TV_3(1.0),A,082028,RESPOP_AV,F,Y_GE15,TOTAL,ALL,23,ALL,ALL,2024,1573.163121239526,,,,,,,,ALL_N1,,,,,,,
IT1:DF_DCSS_ISTR_LAV_PEN_2_TV_3(1.0),A,082028,RESPOP_AV,F,Y_GE15,TOTAL,ALL,24,ALL,ALL,2018,495,,,,,,,,ALL_N1,,,,,,,
IT1:DF_DCSS_ISTR_LAV_PEN_2_TV_3(1.0),A,082028,RESPOP_AV,F,Y_GE15,TOTAL,ALL,24,ALL,ALL,2019,492,,,,,,,,ALL_N1,,,,,,,
IT1:DF_DCSS_ISTR_LAV_PEN_2_TV_3(1.0),A,082028,RESPOP_AV,F,Y_GE15,TOTAL,ALL,24,ALL,ALL,2021,495.663634378742,,,,,,,,ALL_N1,,,,,,,
IT1:DF_DCSS_ISTR_LAV_PEN_2_TV_3(1.0),A,082028,RESPOP_AV,F,Y_GE15,TOTAL,ALL,24,ALL,ALL,2022,455.288337070889,,,,,,,,ALL_N1,,,,,,,
IT1:DF_DCSS_ISTR_LAV_PEN_2_TV_3(1.0),A,082028,RESPOP_AV,F,Y_GE15,TOTAL,ALL,24,ALL,ALL,2023,419.17517773720846,,,,,,,,ALL_N1,,,,,,,
IT1:DF_DCSS_ISTR_LAV_PEN_2_TV_3(1.0),A,082028,RESPOP_AV,F,Y_GE15,TOTAL,ALL,24,ALL,ALL,2024,415.96828769211135,,,,,,,,ALL_N1,,,,,,,
IT1:DF_DCSS_ISTR_LAV_PEN_2_TV_3(1.0),A,082028,RESPOP_AV,F,Y_GE15,TOTAL,ALL,4,ALL,ALL,2018,742,,,,,,,,ALL_N1,,,,,,,
IT1:DF_DCSS_ISTR_LAV_PEN_2_TV_3(1.0),A,082028,RESPOP_AV,F,Y_GE15,TOTAL,ALL,4,ALL,ALL,2019,737,,,,,,,,ALL_N1,,,,,,,
IT1:DF_DCSS_ISTR_LAV_PEN_2_TV_3(1.0),A,082028,RESPOP_AV,F,Y_GE15,TOTAL,ALL,4,ALL,ALL,2021,822.011933801837,,,,,,,,ALL_N1,,,,,,,
IT1:DF_DCSS_ISTR_LAV_PEN_2_TV_3(1.0),A,082028,RESPOP_AV,F,Y_GE15,TOTAL,ALL,4,ALL,ALL,2022,810.994697145663,,,,,,,,ALL_N1,,,,,,,
IT1:DF_DCSS_ISTR_LAV_PEN_2_TV_3(1.0),A,082028,RESPOP_AV,F,Y_GE15,TOTAL,ALL,4,ALL,ALL,2023,717.7359316122082,,,,,,,,ALL_N1,,,,,,,
IT1:DF_DCSS_ISTR_LAV_PEN_2_TV_3(1.0),A,082028,RESPOP_AV,F,Y_GE15,TOTAL,ALL,4,ALL,ALL,2024,720.7050427247283,,,,,,,,ALL_N1,,,,,,,
IT1:DF_DCSS_ISTR_LAV_PEN_2_TV_3(1.0),A,082028,RESPOP_AV,F,Y_GE15,TOTAL,ALL,5,ALL,ALL,2018,186,,,,,,,,ALL_N1,,,,,,,
IT1:DF_DCSS_ISTR_LAV_PEN_2_TV_3(1.0),A,082028,RESPOP_AV,F,Y_GE15,TOTAL,ALL,5,ALL,ALL,2019,201,,,,,,,,ALL_N1,,,,,,,
IT1:DF_DCSS_ISTR_LAV_PEN_2_TV_3(1.0),A,082028,RESPOP_AV,F,Y_GE15,TOTAL,ALL,5,ALL,ALL,2021,215.880056048254,,,,,,,,ALL_N1,,,,,,,
IT1:DF_DCSS_ISTR_LAV_PEN_2_TV_3(1.0),A,082028,RESPOP_AV,F,Y_GE15,TOTAL,ALL,5,ALL,ALL,2022,214.360541948299,,,,,,,,ALL_N1,,,,,,,
IT1:DF_DCSS_ISTR_LAV_PEN_2_TV_3(1.0),A,082028,RESPOP_AV,F,Y_GE15,TOTAL,ALL,5,ALL,ALL,2023,196.9989828733581,,,,,,,,ALL_N1,,,,,,,
IT1:DF_DCSS_ISTR_LAV_PEN_2_TV_3(1.0),A,082028,RESPOP_AV,F,Y_GE15,TOTAL,ALL,5,ALL,ALL,2024,208.6860900287898,,,,,,,,ALL_N1,,,,,,,
IT1:DF_DCSS_ISTR_LAV_PEN_2_TV_3(1.0),A,082028,RESPOP_AV,F,Y_GE15,TOTAL,ALL,7,ALL,ALL,2018,199,,,,,,,,ALL_N1,,,,,,,
IT1:DF_DCSS_ISTR_LAV_PEN_2_TV_3(1.0),A,082028,RESPOP_AV,F,Y_GE15,TOTAL,ALL,7,ALL,ALL,2019,172,,,,,,,,ALL_N1,,,,,,,
IT1:DF_DCSS_ISTR_LAV_PEN_2_TV_3(1.0),A,082028,RESPOP_AV,F,Y_GE15,TOTAL,ALL,7,ALL,ALL,2021,163.973228293481,,,,,,,,ALL_N1,,,,,,,
IT1:DF_DCSS_ISTR_LAV_PEN_2_TV_3(1.0),A,082028,RESPOP_AV,F,Y_GE15,TOTAL,ALL,7,ALL,ALL,2022,190.053180426591,,,,,,,,ALL_N1,,,,,,,
IT1:DF_DCSS_ISTR_LAV_PEN_2_TV_3(1.0),A,082028,RESPOP_AV,F,Y_GE15,TOTAL,ALL,7,ALL,ALL,2023,234.60468829399903,,,,,,,,ALL_N1,,,,,,,
IT1:DF_DCSS_ISTR_LAV_PEN_2_TV_3(1.0),A,082028,RESPOP_AV,F,Y_GE15,TOTAL,ALL,7,ALL,ALL,2024,227.80370079389658,,,,,,,,ALL_N1,,,,,,,
IT1:DF_DCSS_ISTR_LAV_PEN_2_TV_3(1.0),A,082028,RESPOP_AV,F,Y_GE15,TOTAL,ALL,99,ALL,ALL,2018,2223,,,,,,,,ALL_N1,99_N1,,,,,,
IT1:DF_DCSS_ISTR_LAV_PEN_2_TV_3(1.0),A,082028,RESPOP_AV,F,Y_GE15,TOTAL,ALL,99,ALL,ALL,2019,2200,,,,,,,,ALL_N1,99_N1,,,,,,
IT1:DF_DCSS_ISTR_LAV_PEN_2_TV_3(1.0),A,082028,RESPOP_AV,F,Y_GE15,TOTAL,ALL,99,ALL,ALL,2021,2208,,,,,,,,ALL_N1,99_N1,,,,,,
IT1:DF_DCSS_ISTR_LAV_PEN_2_TV_3(1.0),A,082028,RESPOP_AV,F,Y_GE15,TOTAL,ALL,99,ALL,ALL,2022,2201,,,,,,,,ALL_N1,99_N1,,,,,,
IT1:DF_DCSS_ISTR_LAV_PEN_2_TV_3(1.0),A,082028,RESPOP_AV,F,Y_GE15,TOTAL,ALL,99,ALL,ALL,2023,2183,,,,,,,,ALL_N1,99_N1,,,,,,
IT1:DF_DCSS_ISTR_LAV_PEN_2_TV_3(1.0),A,082028,RESPOP_AV,F,Y_GE15,TOTAL,ALL,99,ALL,ALL,2024,2160,,,,,,,,ALL_N1,99_N1,,,,,,
IT1:DF_DCSS_ISTR_LAV_PEN_2_TV_3(1.0),A,082028,RESPOP_AV,M,Y_GE15,TOTAL,ALL,1,ALL,ALL,2018,902,,,,,,,,ALL_N1,,,,,,,
IT1:DF_DCSS_ISTR_LAV_PEN_2_TV_3(1.0),A,082028,RESPOP_AV,M,Y_GE15,TOTAL,ALL,1,ALL,ALL,2019,887,,,,,,,,ALL_N1,,,,,,,
IT1:DF_DCSS_ISTR_LAV_PEN_2_TV_3(1.0),A,082028,RESPOP_AV,M,Y_GE15,TOTAL,ALL,1,ALL,ALL,2021,887,,,,,,,,ALL_N1,,,,,,,
IT1:DF_DCSS_ISTR_LAV_PEN_2_TV_3(1.0),A,082028,RESPOP_AV,M,Y_GE15,TOTAL,ALL,1,ALL,ALL,2022,912,,,,,,,,ALL_N1,,,,,,,
IT1:DF_DCSS_ISTR_LAV_PEN_2_TV_3(1.0),A,082028,RESPOP_AV,M,Y_GE15,TOTAL,ALL,1,ALL,ALL,2023,961,,,,,,,,ALL_N1,,,,,,,
IT1:DF_DCSS_ISTR_LAV_PEN_2_TV_3(1.0),A,082028,RESPOP_AV,M,Y_GE15,TOTAL,ALL,1,ALL,ALL,2024,955,,,,,,,,ALL_N1,,,,,,,
IT1:DF_DCSS_ISTR_LAV_PEN_2_TV_3(1.0),A,082028,RESPOP_AV,M,Y_GE15,TOTAL,ALL,12,ALL,ALL,2018,241,,,,,,,,ALL_N1,,,,,,,
IT1:DF_DCSS_ISTR_LAV_PEN_2_TV_3(1.0),A,082028,RESPOP_AV,M,Y_GE15,TOTAL,ALL,12,ALL,ALL,2019,245,,,,,,,,ALL_N1,,,,,,,
IT1:DF_DCSS_ISTR_LAV_PEN_2_TV_3(1.0),A,082028,RESPOP_AV,M,Y_GE15,TOTAL,ALL,12,ALL,ALL,2021,149.975613772855,,,,,,,,ALL_N1,,,,,,,
IT1:DF_DCSS_ISTR_LAV_PEN_2_TV_3(1.0),A,082028,RESPOP_AV,M,Y_GE15,TOTAL,ALL,12,ALL,ALL,2022,138.151812141611,,,,,,,,ALL_N1,,,,,,,
IT1:DF_DCSS_ISTR_LAV_PEN_2_TV_3(1.0),A,082028,RESPOP_AV,M,Y_GE15,TOTAL,ALL,12,ALL,ALL,2023,143.90419463064916,,,,,,,,ALL_N1,,,,,,,
IT1:DF_DCSS_ISTR_LAV_PEN_2_TV_3(1.0),A,082028,RESPOP_AV,M,Y_GE15,TOTAL,ALL,12,ALL,ALL,2024,103.63244644910374,,,,,,,,ALL_N1,,,,,,,
IT1:DF_DCSS_ISTR_LAV_PEN_2_TV_3(1.0),A,082028,RESPOP_AV,M,Y_GE15,TOTAL,ALL,22,ALL,ALL,2018,1143,,,,,,,,ALL_N1,,,,,,,
IT1:DF_DCSS_ISTR_LAV_PEN_2_TV_3(1.0),A,082028,RESPOP_AV,M,Y_GE15,TOTAL,ALL,22,ALL,ALL,2019,1132,,,,,,,,ALL_N1,,,,,,,
IT1:DF_DCSS_ISTR_LAV_PEN_2_TV_3(1.0),A,082028,RESPOP_AV,M,Y_GE15,TOTAL,ALL,22,ALL,ALL,2021,1036.97561377286,,,,,,,,ALL_N1,,,,,,,
IT1:DF_DCSS_ISTR_LAV_PEN_2_TV_3(1.0),A,082028,RESPOP_AV,M,Y_GE15,TOTAL,ALL,22,ALL,ALL,2022,1050.15181214161,,,,,,,,ALL_N1,,,,,,,
IT1:DF_DCSS_ISTR_LAV_PEN_2_TV_3(1.0),A,082028,RESPOP_AV,M,Y_GE15,TOTAL,ALL,22,ALL,ALL,2023,1104.9041946306493,,,,,,,,ALL_N1,,,,,,,
IT1:DF_DCSS_ISTR_LAV_PEN_2_TV_3(1.0),A,082028,RESPOP_AV,M,Y_GE15,TOTAL,ALL,22,ALL,ALL,2024,1058.6324464491038,,,,,,,,ALL_N1,,,,,,,
IT1:DF_DCSS_ISTR_LAV_PEN_2_TV_3(1.0),A,082028,RESPOP_AV,M,Y_GE15,TOTAL,ALL,23,ALL,ALL,2018,975,,,,,,,,ALL_N1,,,,,,,
IT1:DF_DCSS_ISTR_LAV_PEN_2_TV_3(1.0),A,082028,RESPOP_AV,M,Y_GE15,TOTAL,ALL,23,ALL,ALL,2019,972,,,,,,,,ALL_N1,,,,,,,
IT1:DF_DCSS_ISTR_LAV_PEN_2_TV_3(1.0),A,082028,RESPOP_AV,M,Y_GE15,TOTAL,ALL,23,ALL,ALL,2021,1055.02438622714,,,,,,,,ALL_N1,,,,,,,
IT1:DF_DCSS_ISTR_LAV_PEN_2_TV_3(1.0),A,082028,RESPOP_AV,M,Y_GE15,TOTAL,ALL,23,ALL,ALL,2022,1044.84818785839,,,,,,,,ALL_N1,,,,,,,
IT1:DF_DCSS_ISTR_LAV_PEN_2_TV_3(1.0),A,082028,RESPOP_AV,M,Y_GE15,TOTAL,ALL,23,ALL,ALL,2023,960.095805369351,,,,,,,,ALL_N1,,,,,,,
IT1:DF_DCSS_ISTR_LAV_PEN_2_TV_3(1.0),A,082028,RESPOP_AV,M,Y_GE15,TOTAL,ALL,23,ALL,ALL,2024,982.3675535508963,,,,,,,,ALL_N1,,,,,,,
IT1:DF_DCSS_ISTR_LAV_PEN_2_TV_3(1.0),A,082028,RESPOP_AV,M,Y_GE15,TOTAL,ALL,24,ALL,ALL,2018,501,,,,,,,,ALL_N1,,,,,,,
IT1:DF_DCSS_ISTR_LAV_PEN_2_TV_3(1.0),A,082028,RESPOP_AV,M,Y_GE15,TOTAL,ALL,24,ALL,ALL,2019,521,,,,,,,,ALL_N1,,,,,,,
IT1:DF_DCSS_ISTR_LAV_PEN_2_TV_3(1.0),A,082028,RESPOP_AV,M,Y_GE15,TOTAL,ALL,24,ALL,ALL,2021,535.594404302729,,,,,,,,ALL_N1,,,,,,,
IT1:DF_DCSS_ISTR_LAV_PEN_2_TV_3(1.0),A,082028,RESPOP_AV,M,Y_GE15,TOTAL,ALL,24,ALL,ALL,2022,539.693290421269,,,,,,,,ALL_N1,,,,,,,
IT1:DF_DCSS_ISTR_LAV_PEN_2_TV_3(1.0),A,082028,RESPOP_AV,M,Y_GE15,TOTAL,ALL,24,ALL,ALL,2023,500.3730493605067,,,,,,,,ALL_N1,,,,,,,
IT1:DF_DCSS_ISTR_LAV_PEN_2_TV_3(1.0),A,082028,RESPOP_AV,M,Y_GE15,TOTAL,ALL,24,ALL,ALL,2024,512.4320654169022,,,,,,,,ALL_N1,,,,,,,
IT1:DF_DCSS_ISTR_LAV_PEN_2_TV_3(1.0),A,082028,RESPOP_AV,M,Y_GE15,TOTAL,ALL,4,ALL,ALL,2018,29,,,,,,,,ALL_N1,,,,,,,
IT1:DF_DCSS_ISTR_LAV_PEN_2_TV_3(1.0),A,082028,RESPOP_AV,M,Y_GE15,TOTAL,ALL,4,ALL,ALL,2019,30,,,,,,,,ALL_N1,,,,,,,
IT1:DF_DCSS_ISTR_LAV_PEN_2_TV_3(1.0),A,082028,RESPOP_AV,M,Y_GE15,TOTAL,ALL,4,ALL,ALL,2021,70.9097439655202,,,,,,,,ALL_N1,,,,,,,
IT1:DF_DCSS_ISTR_LAV_PEN_2_TV_3(1.0),A,082028,RESPOP_AV,M,Y_GE15,TOTAL,ALL,4,ALL,ALL,2022,64.0959346618851,,,,,,,,ALL_N1,,,,,,,
IT1:DF_DCSS_ISTR_LAV_PEN_2_TV_3(1.0),A,082028,RESPOP_AV,M,Y_GE15,TOTAL,ALL,4,ALL,ALL,2023,44.87012939196347,,,,,,,,ALL_N1,,,,,,,
IT1:DF_DCSS_ISTR_LAV_PEN_2_TV_3(1.0),A,082028,RESPOP_AV,M,Y_GE15,TOTAL,ALL,4,ALL,ALL,2024,45.750575546060496,,,,,,,,ALL_N1,,,,,,,
IT1:DF_DCSS_ISTR_LAV_PEN_2_TV_3(1.0),A,082028,RESPOP_AV,M,Y_GE15,TOTAL,ALL,5,ALL,ALL,2018,169,,,,,,,,ALL_N1,,,,,,,
IT1:DF_DCSS_ISTR_LAV_PEN_2_TV_3(1.0),A,082028,RESPOP_AV,M,Y_GE15,TOTAL,ALL,5,ALL,ALL,2019,175,,,,,,,,ALL_N1,,,,,,,
IT1:DF_DCSS_ISTR_LAV_PEN_2_TV_3(1.0),A,082028,RESPOP_AV,M,Y_GE15,TOTAL,ALL,5,ALL,ALL,2021,173.083073099354,,,,,,,,ALL_N1,,,,,,,
IT1:DF_DCSS_ISTR_LAV_PEN_2_TV_3(1.0),A,082028,RESPOP_AV,M,Y_GE15,TOTAL,ALL,5,ALL,ALL,2022,172.095570426901,,,,,,,,ALL_N1,,,,,,,
IT1:DF_DCSS_ISTR_LAV_PEN_2_TV_3(1.0),A,082028,RESPOP_AV,M,Y_GE15,TOTAL,ALL,5,ALL,ALL,2023,150.22655006162992,,,,,,,,ALL_N1,,,,,,,
IT1:DF_DCSS_ISTR_LAV_PEN_2_TV_3(1.0),A,082028,RESPOP_AV,M,Y_GE15,TOTAL,ALL,5,ALL,ALL,2024,137.768826880186,,,,,,,,ALL_N1,,,,,,,
IT1:DF_DCSS_ISTR_LAV_PEN_2_TV_3(1.0),A,082028,RESPOP_AV,M,Y_GE15,TOTAL,ALL,7,ALL,ALL,2018,276,,,,,,,,ALL_N1,,,,,,,
IT1:DF_DCSS_ISTR_LAV_PEN_2_TV_3(1.0),A,082028,RESPOP_AV,M,Y_GE15,TOTAL,ALL,7,ALL,ALL,2019,246,,,,,,,,ALL_N1,,,,,,,
IT1:DF_DCSS_ISTR_LAV_PEN_2_TV_3(1.0),A,082028,RESPOP_AV,M,Y_GE15,TOTAL,ALL,7,ALL,ALL,2021,275.437164859542,,,,,,,,ALL_N1,,,,,,,
IT1:DF_DCSS_ISTR_LAV_PEN_2_TV_3(1.0),A,082028,RESPOP_AV,M,Y_GE15,TOTAL,ALL,7,ALL,ALL,2022,268.963392348334,,,,,,,,ALL_N1,,,,,,,
IT1:DF_DCSS_ISTR_LAV_PEN_2_TV_3(1.0),A,082028,RESPOP_AV,M,Y_GE15,TOTAL,ALL,7,ALL,ALL,2023,264.62607655525085,,,,,,,,ALL_N1,,,,,,,
IT1:DF_DCSS_ISTR_LAV_PEN_2_TV_3(1.0),A,082028,RESPOP_AV,M,Y_GE15,TOTAL,ALL,7,ALL,ALL,2024,286.4160857077475,,,,,,,,ALL_N1,,,,,,,
IT1:DF_DCSS_ISTR_LAV_PEN_2_TV_3(1.0),A,082028,RESPOP_AV,M,Y_GE15,TOTAL,ALL,99,ALL,ALL,2018,2118,,,,,,,,ALL_N1,99_N1,,,,,,
IT1:DF_DCSS_ISTR_LAV_PEN_2_TV_3(1.0),A,082028,RESPOP_AV,M,Y_GE15,TOTAL,ALL,99,ALL,ALL,2019,2104,,,,,,,,ALL_N1,99_N1,,,,,,
IT1:DF_DCSS_ISTR_LAV_PEN_2_TV_3(1.0),A,082028,RESPOP_AV,M,Y_GE15,TOTAL,ALL,99,ALL,ALL,2021,2092,,,,,,,,ALL_N1,99_N1,,,,,,
IT1:DF_DCSS_ISTR_LAV_PEN_2_TV_3(1.0),A,082028,RESPOP_AV,M,Y_GE15,TOTAL,ALL,99,ALL,ALL,2022,2095,,,,,,,,ALL_N1,99_N1,,,,,,
IT1:DF_DCSS_ISTR_LAV_PEN_2_TV_3(1.0),A,082028,RESPOP_AV,M,Y_GE15,TOTAL,ALL,99,ALL,ALL,2023,2065,,,,,,,,ALL_N1,99_N1,,,,,,
IT1:DF_DCSS_ISTR_LAV_PEN_2_TV_3(1.0),A,082028,RESPOP_AV,M,Y_GE15,TOTAL,ALL,99,ALL,ALL,2024,2041,,,,,,,,ALL_N1,99_N1,,,,,,
IT1:DF_DCSS_ISTR_LAV_PEN_2_TV_3(1.0),A,082028,RESPOP_AV,T,Y_GE15,TOTAL,ALL,1,ALL,ALL,2018,1281,,,,,,,,ALL_N1,,,,,,,
IT1:DF_DCSS_ISTR_LAV_PEN_2_TV_3(1.0),A,082028,RESPOP_AV,T,Y_GE15,TOTAL,ALL,1,ALL,ALL,2019,1265,,,,,,,,ALL_N1,,,,,,,
IT1:DF_DCSS_ISTR_LAV_PEN_2_TV_3(1.0),A,082028,RESPOP_AV,T,Y_GE15,TOTAL,ALL,1,ALL,ALL,2021,1291,,,,,,,,ALL_N1,,,,,,,
IT1:DF_DCSS_ISTR_LAV_PEN_2_TV_3(1.0),A,082028,RESPOP_AV,T,Y_GE15,TOTAL,ALL,1,ALL,ALL,2022,1338,,,,,,,,ALL_N1,,,,,,,
IT1:DF_DCSS_ISTR_LAV_PEN_2_TV_3(1.0),A,082028,RESPOP_AV,T,Y_GE15,TOTAL,ALL,1,ALL,ALL,2023,1423,,,,,,,,ALL_N1,,,,,,,
IT1:DF_DCSS_ISTR_LAV_PEN_2_TV_3(1.0),A,082028,RESPOP_AV,T,Y_GE15,TOTAL,ALL,1,ALL,ALL,2024,1440,,,,,,,,ALL_N1,,,,,,,
IT1:DF_DCSS_ISTR_LAV_PEN_2_TV_3(1.0),A,082028,RESPOP_AV,T,Y_GE15,TOTAL,ALL,12,ALL,ALL,2018,463,,,,,,,,ALL_N1,,,,,,,
IT1:DF_DCSS_ISTR_LAV_PEN_2_TV_3(1.0),A,082028,RESPOP_AV,T,Y_GE15,TOTAL,ALL,12,ALL,ALL,2019,465,,,,,,,,ALL_N1,,,,,,,
IT1:DF_DCSS_ISTR_LAV_PEN_2_TV_3(1.0),A,082028,RESPOP_AV,T,Y_GE15,TOTAL,ALL,12,ALL,ALL,2021,256.446761250542,,,,,,,,ALL_N1,,,,,,,
IT1:DF_DCSS_ISTR_LAV_PEN_2_TV_3(1.0),A,082028,RESPOP_AV,T,Y_GE15,TOTAL,ALL,12,ALL,ALL,2022,242.455055550169,,,,,,,,ALL_N1,,,,,,,
IT1:DF_DCSS_ISTR_LAV_PEN_2_TV_3(1.0),A,082028,RESPOP_AV,T,Y_GE15,TOTAL,ALL,12,ALL,ALL,2023,296.38941411387555,,,,,,,,ALL_N1,,,,,,,
IT1:DF_DCSS_ISTR_LAV_PEN_2_TV_3(1.0),A,082028,RESPOP_AV,T,Y_GE15,TOTAL,ALL,12,ALL,ALL,2024,205.4693252095778,,,,,,,,ALL_N1,,,,,,,
IT1:DF_DCSS_ISTR_LAV_PEN_2_TV_3(1.0),A,082028,RESPOP_AV,T,Y_GE15,TOTAL,ALL,22,ALL,ALL,2018,1744,,,,,,,,ALL_N1,,,,,,,
IT1:DF_DCSS_ISTR_LAV_PEN_2_TV_3(1.0),A,082028,RESPOP_AV,T,Y_GE15,TOTAL,ALL,22,ALL,ALL,2019,1730,,,,,,,,ALL_N1,,,,,,,
IT1:DF_DCSS_ISTR_LAV_PEN_2_TV_3(1.0),A,082028,RESPOP_AV,T,Y_GE15,TOTAL,ALL,22,ALL,ALL,2021,1547.44676125054,,,,,,,,ALL_N1,,,,,,,
IT1:DF_DCSS_ISTR_LAV_PEN_2_TV_3(1.0),A,082028,RESPOP_AV,T,Y_GE15,TOTAL,ALL,22,ALL,ALL,2022,1580.45505555017,,,,,,,,ALL_N1,,,,,,,
IT1:DF_DCSS_ISTR_LAV_PEN_2_TV_3(1.0),A,082028,RESPOP_AV,T,Y_GE15,TOTAL,ALL,22,ALL,ALL,2023,1719.3894141138755,,,,,,,,ALL_N1,,,,,,,
IT1:DF_DCSS_ISTR_LAV_PEN_2_TV_3(1.0),A,082028,RESPOP_AV,T,Y_GE15,TOTAL,ALL,22,ALL,ALL,2024,1645.4693252095778,,,,,,,,ALL_N1,,,,,,,
IT1:DF_DCSS_ISTR_LAV_PEN_2_TV_3(1.0),A,082028,RESPOP_AV,T,Y_GE15,TOTAL,ALL,23,ALL,ALL,2018,2597,,,,,,,,ALL_N1,,,,,,,
IT1:DF_DCSS_ISTR_LAV_PEN_2_TV_3(1.0),A,082028,RESPOP_AV,T,Y_GE15,TOTAL,ALL,23,ALL,ALL,2019,2574,,,,,,,,ALL_N1,,,,,,,
IT1:DF_DCSS_ISTR_LAV_PEN_2_TV_3(1.0),A,082028,RESPOP_AV,T,Y_GE15,TOTAL,ALL,23,ALL,ALL,2021,2752.55323874946,,,,,,,,ALL_N1,,,,,,,
IT1:DF_DCSS_ISTR_LAV_PEN_2_TV_3(1.0),A,082028,RESPOP_AV,T,Y_GE15,TOTAL,ALL,23,ALL,ALL,2022,2715.54494444983,,,,,,,,ALL_N1,,,,,,,
IT1:DF_DCSS_ISTR_LAV_PEN_2_TV_3(1.0),A,082028,RESPOP_AV,T,Y_GE15,TOTAL,ALL,23,ALL,ALL,2023,2528.6105858861247,,,,,,,,ALL_N1,,,,,,,
IT1:DF_DCSS_ISTR_LAV_PEN_2_TV_3(1.0),A,082028,RESPOP_AV,T,Y_GE15,TOTAL,ALL,23,ALL,ALL,2024,2555.5306747904224,,,,,,,,ALL_N1,,,,,,,
IT1:DF_DCSS_ISTR_LAV_PEN_2_TV_3(1.0),A,082028,RESPOP_AV,T,Y_GE15,TOTAL,ALL,24,ALL,ALL,2018,996,,,,,,,,ALL_N1,,,,,,,
IT1:DF_DCSS_ISTR_LAV_PEN_2_TV_3(1.0),A,082028,RESPOP_AV,T,Y_GE15,TOTAL,ALL,24,ALL,ALL,2019,1013,,,,,,,,ALL_N1,,,,,,,
IT1:DF_DCSS_ISTR_LAV_PEN_2_TV_3(1.0),A,082028,RESPOP_AV,T,Y_GE15,TOTAL,ALL,24,ALL,ALL,2021,1031.25803868147,,,,,,,,ALL_N1,,,,,,,
IT1:DF_DCSS_ISTR_LAV_PEN_2_TV_3(1.0),A,082028,RESPOP_AV,T,Y_GE15,TOTAL,ALL,24,ALL,ALL,2022,994.981627492158,,,,,,,,ALL_N1,,,,,,,
IT1:DF_DCSS_ISTR_LAV_PEN_2_TV_3(1.0),A,082028,RESPOP_AV,T,Y_GE15,TOTAL,ALL,24,ALL,ALL,2023,919.5482270977151,,,,,,,,ALL_N1,,,,,,,
IT1:DF_DCSS_ISTR_LAV_PEN_2_TV_3(1.0),A,082028,RESPOP_AV,T,Y_GE15,TOTAL,ALL,24,ALL,ALL,2024,928.4003531090136,,,,,,,,ALL_N1,,,,,,,
IT1:DF_DCSS_ISTR_LAV_PEN_2_TV_3(1.0),A,082028,RESPOP_AV,T,Y_GE15,TOTAL,ALL,4,ALL,ALL,2018,771,,,,,,,,ALL_N1,,,,,,,
IT1:DF_DCSS_ISTR_LAV_PEN_2_TV_3(1.0),A,082028,RESPOP_AV,T,Y_GE15,TOTAL,ALL,4,ALL,ALL,2019,767,,,,,,,,ALL_N1,,,,,,,
IT1:DF_DCSS_ISTR_LAV_PEN_2_TV_3(1.0),A,082028,RESPOP_AV,T,Y_GE15,TOTAL,ALL,4,ALL,ALL,2021,892.921677767357,,,,,,,,ALL_N1,,,,,,,
IT1:DF_DCSS_ISTR_LAV_PEN_2_TV_3(1.0),A,082028,RESPOP_AV,T,Y_GE15,TOTAL,ALL,4,ALL,ALL,2022,875.090631807548,,,,,,,,ALL_N1,,,,,,,
IT1:DF_DCSS_ISTR_LAV_PEN_2_TV_3(1.0),A,082028,RESPOP_AV,T,Y_GE15,TOTAL,ALL,4,ALL,ALL,2023,762.6060610041717,,,,,,,,ALL_N1,,,,,,,
IT1:DF_DCSS_ISTR_LAV_PEN_2_TV_3(1.0),A,082028,RESPOP_AV,T,Y_GE15,TOTAL,ALL,4,ALL,ALL,2024,766.4556182707888,,,,,,,,ALL_N1,,,,,,,
IT1:DF_DCSS_ISTR_LAV_PEN_2_TV_3(1.0),A,082028,RESPOP_AV,T,Y_GE15,TOTAL,ALL,5,ALL,ALL,2018,355,,,,,,,,ALL_N1,,,,,,,
IT1:DF_DCSS_ISTR_LAV_PEN_2_TV_3(1.0),A,082028,RESPOP_AV,T,Y_GE15,TOTAL,ALL,5,ALL,ALL,2019,376,,,,,,,,ALL_N1,,,,,,,
IT1:DF_DCSS_ISTR_LAV_PEN_2_TV_3(1.0),A,082028,RESPOP_AV,T,Y_GE15,TOTAL,ALL,5,ALL,ALL,2021,388.963129147608,,,,,,,,ALL_N1,,,,,,,
IT1:DF_DCSS_ISTR_LAV_PEN_2_TV_3(1.0),A,082028,RESPOP_AV,T,Y_GE15,TOTAL,ALL,5,ALL,ALL,2022,386.4561123752,,,,,,,,ALL_N1,,,,,,,
IT1:DF_DCSS_ISTR_LAV_PEN_2_TV_3(1.0),A,082028,RESPOP_AV,T,Y_GE15,TOTAL,ALL,5,ALL,ALL,2023,347.225532934988,,,,,,,,ALL_N1,,,,,,,
IT1:DF_DCSS_ISTR_LAV_PEN_2_TV_3(1.0),A,082028,RESPOP_AV,T,Y_GE15,TOTAL,ALL,5,ALL,ALL,2024,346.4549169089758,,,,,,,,ALL_N1,,,,,,,
IT1:DF_DCSS_ISTR_LAV_PEN_2_TV_3(1.0),A,082028,RESPOP_AV,T,Y_GE15,TOTAL,ALL,7,ALL,ALL,2018,475,,,,,,,,ALL_N1,,,,,,,
IT1:DF_DCSS_ISTR_LAV_PEN_2_TV_3(1.0),A,082028,RESPOP_AV,T,Y_GE15,TOTAL,ALL,7,ALL,ALL,2019,418,,,,,,,,ALL_N1,,,,,,,
IT1:DF_DCSS_ISTR_LAV_PEN_2_TV_3(1.0),A,082028,RESPOP_AV,T,Y_GE15,TOTAL,ALL,7,ALL,ALL,2021,439.410393153023,,,,,,,,ALL_N1,,,,,,,
IT1:DF_DCSS_ISTR_LAV_PEN_2_TV_3(1.0),A,082028,RESPOP_AV,T,Y_GE15,TOTAL,ALL,7,ALL,ALL,2022,459.016572774925,,,,,,,,ALL_N1,,,,,,,
IT1:DF_DCSS_ISTR_LAV_PEN_2_TV_3(1.0),A,082028,RESPOP_AV,T,Y_GE15,TOTAL,ALL,7,ALL,ALL,2023,499.2307648492499,,,,,,,,ALL_N1,,,,,,,
IT1:DF_DCSS_ISTR_LAV_PEN_2_TV_3(1.0),A,082028,RESPOP_AV,T,Y_GE15,TOTAL,ALL,7,ALL,ALL,2024,514.2197865016441,,,,,,,,ALL_N1,,,,,,,
IT1:DF_DCSS_ISTR_LAV_PEN_2_TV_3(1.0),A,082028,RESPOP_AV,T,Y_GE15,TOTAL,ALL,99,ALL,ALL,2018,4341,,,,,,,,ALL_N1,99_N1,,,,,,
IT1:DF_DCSS_ISTR_LAV_PEN_2_TV_3(1.0),A,082028,RESPOP_AV,T,Y_GE15,TOTAL,ALL,99,ALL,ALL,2019,4304,,,,,,,,ALL_N1,99_N1,,,,,,
IT1:DF_DCSS_ISTR_LAV_PEN_2_TV_3(1.0),A,082028,RESPOP_AV,T,Y_GE15,TOTAL,ALL,99,ALL,ALL,2021,4300,,,,,,,,ALL_N1,99_N1,,,,,,
IT1:DF_DCSS_ISTR_LAV_PEN_2_TV_3(1.0),A,082028,RESPOP_AV,T,Y_GE15,TOTAL,ALL,99,ALL,ALL,2022,4296,,,,,,,,ALL_N1,99_N1,,,,,,
IT1:DF_DCSS_ISTR_LAV_PEN_2_TV_3(1.0),A,082028,RESPOP_AV,T,Y_GE15,TOTAL,ALL,99,ALL,ALL,2023,4248,,,,,,,,ALL_N1,99_N1,,,,,,
IT1:DF_DCSS_ISTR_LAV_PEN_2_TV_3(1.0),A,082028,RESPOP_AV,T,Y_GE15,TOTAL,ALL,99,ALL,ALL,2024,4201,,,,,,,,ALL_N1,99_N1,,,,,,
IT1:DF_DCSS_ISTR_LAV_PEN_2_TV_3(1.0),A,082029,RESPOP_AV,F,Y_GE15,TOTAL,ALL,1,ALL,ALL,2018,296,,,,,,,,ALL_N1,,,,,,,
IT1:DF_DCSS_ISTR_LAV_PEN_2_TV_3(1.0),A,082029,RESPOP_AV,F,Y_GE15,TOTAL,ALL,1,ALL,ALL,2019,313,,,,,,,,ALL_N1,,,,,,,
IT1:DF_DCSS_ISTR_LAV_PEN_2_TV_3(1.0),A,082029,RESPOP_AV,F,Y_GE15,TOTAL,ALL,1,ALL,ALL,2021,309,,,,,,,,ALL_N1,,,,,,,
IT1:DF_DCSS_ISTR_LAV_PEN_2_TV_3(1.0),A,082029,RESPOP_AV,F,Y_GE15,TOTAL,ALL,1,ALL,ALL,2022,304,,,,,,,,ALL_N1,,,,,,,
IT1:DF_DCSS_ISTR_LAV_PEN_2_TV_3(1.0),A,082029,RESPOP_AV,F,Y_GE15,TOTAL,ALL,1,ALL,ALL,2023,323,,,,,,,,ALL_N1,,,,,,,
IT1:DF_DCSS_ISTR_LAV_PEN_2_TV_3(1.0),A,082029,RESPOP_AV,F,Y_GE15,TOTAL,ALL,1,ALL,ALL,2024,334,,,,,,,,ALL_N1,,,,,,,
IT1:DF_DCSS_ISTR_LAV_PEN_2_TV_3(1.0),A,082029,RESPOP_AV,F,Y_GE15,TOTAL,ALL,12,ALL,ALL,2018,107,,,,,,,,ALL_N1,,,,,,,
IT1:DF_DCSS_ISTR_LAV_PEN_2_TV_3(1.0),A,082029,RESPOP_AV,F,Y_GE15,TOTAL,ALL,12,ALL,ALL,2019,99,,,,,,,,ALL_N1,,,,,,,
IT1:DF_DCSS_ISTR_LAV_PEN_2_TV_3(1.0),A,082029,RESPOP_AV,F,Y_GE15,TOTAL,ALL,12,ALL,ALL,2021,52.0883554508428,,,,,,,,ALL_N1,,,,,,,
IT1:DF_DCSS_ISTR_LAV_PEN_2_TV_3(1.0),A,082029,RESPOP_AV,F,Y_GE15,TOTAL,ALL,12,ALL,ALL,2022,49.2478956004145,,,,,,,,ALL_N1,,,,,,,
IT1:DF_DCSS_ISTR_LAV_PEN_2_TV_3(1.0),A,082029,RESPOP_AV,F,Y_GE15,TOTAL,ALL,12,ALL,ALL,2023,59.71061100585602,,,,,,,,ALL_N1,,,,,,,
IT1:DF_DCSS_ISTR_LAV_PEN_2_TV_3(1.0),A,082029,RESPOP_AV,F,Y_GE15,TOTAL,ALL,12,ALL,ALL,2024,44.86835968978752,,,,,,,,ALL_N1,,,,,,,
IT1:DF_DCSS_ISTR_LAV_PEN_2_TV_3(1.0),A,082029,RESPOP_AV,F,Y_GE15,TOTAL,ALL,22,ALL,ALL,2018,403,,,,,,,,ALL_N1,,,,,,,
IT1:DF_DCSS_ISTR_LAV_PEN_2_TV_3(1.0),A,082029,RESPOP_AV,F,Y_GE15,TOTAL,ALL,22,ALL,ALL,2019,412,,,,,,,,ALL_N1,,,,,,,
IT1:DF_DCSS_ISTR_LAV_PEN_2_TV_3(1.0),A,082029,RESPOP_AV,F,Y_GE15,TOTAL,ALL,22,ALL,ALL,2021,361.088355450843,,,,,,,,ALL_N1,,,,,,,
IT1:DF_DCSS_ISTR_LAV_PEN_2_TV_3(1.0),A,082029,RESPOP_AV,F,Y_GE15,TOTAL,ALL,22,ALL,ALL,2022,353.247895600414,,,,,,,,ALL_N1,,,,,,,
IT1:DF_DCSS_ISTR_LAV_PEN_2_TV_3(1.0),A,082029,RESPOP_AV,F,Y_GE15,TOTAL,ALL,22,ALL,ALL,2023,382.71061100585604,,,,,,,,ALL_N1,,,,,,,
IT1:DF_DCSS_ISTR_LAV_PEN_2_TV_3(1.0),A,082029,RESPOP_AV,F,Y_GE15,TOTAL,ALL,22,ALL,ALL,2024,378.8683596897875,,,,,,,,ALL_N1,,,,,,,
IT1:DF_DCSS_ISTR_LAV_PEN_2_TV_3(1.0),A,082029,RESPOP_AV,F,Y_GE15,TOTAL,ALL,23,ALL,ALL,2018,920,,,,,,,,ALL_N1,,,,,,,
IT1:DF_DCSS_ISTR_LAV_PEN_2_TV_3(1.0),A,082029,RESPOP_AV,F,Y_GE15,TOTAL,ALL,23,ALL,ALL,2019,897,,,,,,,,ALL_N1,,,,,,,
IT1:DF_DCSS_ISTR_LAV_PEN_2_TV_3(1.0),A,082029,RESPOP_AV,F,Y_GE15,TOTAL,ALL,23,ALL,ALL,2021,897.911644549157,,,,,,,,ALL_N1,,,,,,,
IT1:DF_DCSS_ISTR_LAV_PEN_2_TV_3(1.0),A,082029,RESPOP_AV,F,Y_GE15,TOTAL,ALL,23,ALL,ALL,2022,873.752104399586,,,,,,,,ALL_N1,,,,,,,
IT1:DF_DCSS_ISTR_LAV_PEN_2_TV_3(1.0),A,082029,RESPOP_AV,F,Y_GE15,TOTAL,ALL,23,ALL,ALL,2023,817.2893889941439,,,,,,,,ALL_N1,,,,,,,
IT1:DF_DCSS_ISTR_LAV_PEN_2_TV_3(1.0),A,082029,RESPOP_AV,F,Y_GE15,TOTAL,ALL,23,ALL,ALL,2024,795.1316403102126,,,,,,,,ALL_N1,,,,,,,
IT1:DF_DCSS_ISTR_LAV_PEN_2_TV_3(1.0),A,082029,RESPOP_AV,F,Y_GE15,TOTAL,ALL,24,ALL,ALL,2018,365,,,,,,,,ALL_N1,,,,,,,
IT1:DF_DCSS_ISTR_LAV_PEN_2_TV_3(1.0),A,082029,RESPOP_AV,F,Y_GE15,TOTAL,ALL,24,ALL,ALL,2019,390,,,,,,,,ALL_N1,,,,,,,
IT1:DF_DCSS_ISTR_LAV_PEN_2_TV_3(1.0),A,082029,RESPOP_AV,F,Y_GE15,TOTAL,ALL,24,ALL,ALL,2021,355.317447910598,,,,,,,,ALL_N1,,,,,,,
IT1:DF_DCSS_ISTR_LAV_PEN_2_TV_3(1.0),A,082029,RESPOP_AV,F,Y_GE15,TOTAL,ALL,24,ALL,ALL,2022,331.923500316348,,,,,,,,ALL_N1,,,,,,,
IT1:DF_DCSS_ISTR_LAV_PEN_2_TV_3(1.0),A,082029,RESPOP_AV,F,Y_GE15,TOTAL,ALL,24,ALL,ALL,2023,326.23373363403846,,,,,,,,ALL_N1,,,,,,,
IT1:DF_DCSS_ISTR_LAV_PEN_2_TV_3(1.0),A,082029,RESPOP_AV,F,Y_GE15,TOTAL,ALL,24,ALL,ALL,2024,296.99234770516273,,,,,,,,ALL_N1,,,,,,,
IT1:DF_DCSS_ISTR_LAV_PEN_2_TV_3(1.0),A,082029,RESPOP_AV,F,Y_GE15,TOTAL,ALL,4,ALL,ALL,2018,299,,,,,,,,ALL_N1,,,,,,,
IT1:DF_DCSS_ISTR_LAV_PEN_2_TV_3(1.0),A,082029,RESPOP_AV,F,Y_GE15,TOTAL,ALL,4,ALL,ALL,2019,279,,,,,,,,ALL_N1,,,,,,,
IT1:DF_DCSS_ISTR_LAV_PEN_2_TV_3(1.0),A,082029,RESPOP_AV,F,Y_GE15,TOTAL,ALL,4,ALL,ALL,2021,320.434176965906,,,,,,,,ALL_N1,,,,,,,
IT1:DF_DCSS_ISTR_LAV_PEN_2_TV_3(1.0),A,082029,RESPOP_AV,F,Y_GE15,TOTAL,ALL,4,ALL,ALL,2022,328.26522571416,,,,,,,,ALL_N1,,,,,,,
IT1:DF_DCSS_ISTR_LAV_PEN_2_TV_3(1.0),A,082029,RESPOP_AV,F,Y_GE15,TOTAL,ALL,4,ALL,ALL,2023,291.7407224997978,,,,,,,,ALL_N1,,,,,,,
IT1:DF_DCSS_ISTR_LAV_PEN_2_TV_3(1.0),A,082029,RESPOP_AV,F,Y_GE15,TOTAL,ALL,4,ALL,ALL,2024,295.98401249912285,,,,,,,,ALL_N1,,,,,,,
IT1:DF_DCSS_ISTR_LAV_PEN_2_TV_3(1.0),A,082029,RESPOP_AV,F,Y_GE15,TOTAL,ALL,5,ALL,ALL,2018,111,,,,,,,,ALL_N1,,,,,,,
IT1:DF_DCSS_ISTR_LAV_PEN_2_TV_3(1.0),A,082029,RESPOP_AV,F,Y_GE15,TOTAL,ALL,5,ALL,ALL,2019,106,,,,,,,,ALL_N1,,,,,,,
IT1:DF_DCSS_ISTR_LAV_PEN_2_TV_3(1.0),A,082029,RESPOP_AV,F,Y_GE15,TOTAL,ALL,5,ALL,ALL,2021,109.984076008375,,,,,,,,ALL_N1,,,,,,,
IT1:DF_DCSS_ISTR_LAV_PEN_2_TV_3(1.0),A,082029,RESPOP_AV,F,Y_GE15,TOTAL,ALL,5,ALL,ALL,2022,108.33903410135,,,,,,,,ALL_N1,,,,,,,
IT1:DF_DCSS_ISTR_LAV_PEN_2_TV_3(1.0),A,082029,RESPOP_AV,F,Y_GE15,TOTAL,ALL,5,ALL,ALL,2023,99.90660416599104,,,,,,,,ALL_N1,,,,,,,
IT1:DF_DCSS_ISTR_LAV_PEN_2_TV_3(1.0),A,082029,RESPOP_AV,F,Y_GE15,TOTAL,ALL,5,ALL,ALL,2024,93.37603835904507,,,,,,,,ALL_N1,,,,,,,
IT1:DF_DCSS_ISTR_LAV_PEN_2_TV_3(1.0),A,082029,RESPOP_AV,F,Y_GE15,TOTAL,ALL,7,ALL,ALL,2018,145,,,,,,,,ALL_N1,,,,,,,
IT1:DF_DCSS_ISTR_LAV_PEN_2_TV_3(1.0),A,082029,RESPOP_AV,F,Y_GE15,TOTAL,ALL,7,ALL,ALL,2019,122,,,,,,,,ALL_N1,,,,,,,
IT1:DF_DCSS_ISTR_LAV_PEN_2_TV_3(1.0),A,082029,RESPOP_AV,F,Y_GE15,TOTAL,ALL,7,ALL,ALL,2021,112.175943664279,,,,,,,,ALL_N1,,,,,,,
IT1:DF_DCSS_ISTR_LAV_PEN_2_TV_3(1.0),A,082029,RESPOP_AV,F,Y_GE15,TOTAL,ALL,7,ALL,ALL,2022,105.224344267728,,,,,,,,ALL_N1,,,,,,,
IT1:DF_DCSS_ISTR_LAV_PEN_2_TV_3(1.0),A,082029,RESPOP_AV,F,Y_GE15,TOTAL,ALL,7,ALL,ALL,2023,99.40832869431661,,,,,,,,ALL_N1,,,,,,,
IT1:DF_DCSS_ISTR_LAV_PEN_2_TV_3(1.0),A,082029,RESPOP_AV,F,Y_GE15,TOTAL,ALL,7,ALL,ALL,2024,108.77924174688187,,,,,,,,ALL_N1,,,,,,,
IT1:DF_DCSS_ISTR_LAV_PEN_2_TV_3(1.0),A,082029,RESPOP_AV,F,Y_GE15,TOTAL,ALL,99,ALL,ALL,2018,1323,,,,,,,,ALL_N1,99_N1,,,,,,
IT1:DF_DCSS_ISTR_LAV_PEN_2_TV_3(1.0),A,082029,RESPOP_AV,F,Y_GE15,TOTAL,ALL,99,ALL,ALL,2019,1309,,,,,,,,ALL_N1,99_N1,,,,,,
IT1:DF_DCSS_ISTR_LAV_PEN_2_TV_3(1.0),A,082029,RESPOP_AV,F,Y_GE15,TOTAL,ALL,99,ALL,ALL,2021,1259,,,,,,,,ALL_N1,99_N1,,,,,,
IT1:DF_DCSS_ISTR_LAV_PEN_2_TV_3(1.0),A,082029,RESPOP_AV,F,Y_GE15,TOTAL,ALL,99,ALL,ALL,2022,1227,,,,,,,,ALL_N1,99_N1,,,,,,
IT1:DF_DCSS_ISTR_LAV_PEN_2_TV_3(1.0),A,082029,RESPOP_AV,F,Y_GE15,TOTAL,ALL,99,ALL,ALL,2023,1200,,,,,,,,ALL_N1,99_N1,,,,,,
IT1:DF_DCSS_ISTR_LAV_PEN_2_TV_3(1.0),A,082029,RESPOP_AV,F,Y_GE15,TOTAL,ALL,99,ALL,ALL,2024,1174,,,,,,,,ALL_N1,99_N1,,,,,,
IT1:DF_DCSS_ISTR_LAV_PEN_2_TV_3(1.0),A,082029,RESPOP_AV,M,Y_GE15,TOTAL,ALL,1,ALL,ALL,2018,471,,,,,,,,ALL_N1,,,,,,,
IT1:DF_DCSS_ISTR_LAV_PEN_2_TV_3(1.0),A,082029,RESPOP_AV,M,Y_GE15,TOTAL,ALL,1,ALL,ALL,2019,461,,,,,,,,ALL_N1,,,,,,,
IT1:DF_DCSS_ISTR_LAV_PEN_2_TV_3(1.0),A,082029,RESPOP_AV,M,Y_GE15,TOTAL,ALL,1,ALL,ALL,2021,455,,,,,,,,ALL_N1,,,,,,,
IT1:DF_DCSS_ISTR_LAV_PEN_2_TV_3(1.0),A,082029,RESPOP_AV,M,Y_GE15,TOTAL,ALL,1,ALL,ALL,2022,425,,,,,,,,ALL_N1,,,,,,,
IT1:DF_DCSS_ISTR_LAV_PEN_2_TV_3(1.0),A,082029,RESPOP_AV,M,Y_GE15,TOTAL,ALL,1,ALL,ALL,2023,441,,,,,,,,ALL_N1,,,,,,,
IT1:DF_DCSS_ISTR_LAV_PEN_2_TV_3(1.0),A,082029,RESPOP_AV,M,Y_GE15,TOTAL,ALL,1,ALL,ALL,2024,440,,,,,,,,ALL_N1,,,,,,,
IT1:DF_DCSS_ISTR_LAV_PEN_2_TV_3(1.0),A,082029,RESPOP_AV,M,Y_GE15,TOTAL,ALL,12,ALL,ALL,2018,110,,,,,,,,ALL_N1,,,,,,,
IT1:DF_DCSS_ISTR_LAV_PEN_2_TV_3(1.0),A,082029,RESPOP_AV,M,Y_GE15,TOTAL,ALL,12,ALL,ALL,2019,99,,,,,,,,ALL_N1,,,,,,,
IT1:DF_DCSS_ISTR_LAV_PEN_2_TV_3(1.0),A,082029,RESPOP_AV,M,Y_GE15,TOTAL,ALL,12,ALL,ALL,2021,67.0296254341709,,,,,,,,ALL_N1,,,,,,,
IT1:DF_DCSS_ISTR_LAV_PEN_2_TV_3(1.0),A,082029,RESPOP_AV,M,Y_GE15,TOTAL,ALL,12,ALL,ALL,2022,64.5070323389486,,,,,,,,ALL_N1,,,,,,,
IT1:DF_DCSS_ISTR_LAV_PEN_2_TV_3(1.0),A,082029,RESPOP_AV,M,Y_GE15,TOTAL,ALL,12,ALL,ALL,2023,68.47558188679322,,,,,,,,ALL_N1,,,,,,,
IT1:DF_DCSS_ISTR_LAV_PEN_2_TV_3(1.0),A,082029,RESPOP_AV,M,Y_GE15,TOTAL,ALL,12,ALL,ALL,2024,53.25829323107406,,,,,,,,ALL_N1,,,,,,,
IT1:DF_DCSS_ISTR_LAV_PEN_2_TV_3(1.0),A,082029,RESPOP_AV,M,Y_GE15,TOTAL,ALL,22,ALL,ALL,2018,581,,,,,,,,ALL_N1,,,,,,,
IT1:DF_DCSS_ISTR_LAV_PEN_2_TV_3(1.0),A,082029,RESPOP_AV,M,Y_GE15,TOTAL,ALL,22,ALL,ALL,2019,560,,,,,,,,ALL_N1,,,,,,,
IT1:DF_DCSS_ISTR_LAV_PEN_2_TV_3(1.0),A,082029,RESPOP_AV,M,Y_GE15,TOTAL,ALL,22,ALL,ALL,2021,522.029625434171,,,,,,,,ALL_N1,,,,,,,
IT1:DF_DCSS_ISTR_LAV_PEN_2_TV_3(1.0),A,082029,RESPOP_AV,M,Y_GE15,TOTAL,ALL,22,ALL,ALL,2022,489.507032338949,,,,,,,,ALL_N1,,,,,,,
IT1:DF_DCSS_ISTR_LAV_PEN_2_TV_3(1.0),A,082029,RESPOP_AV,M,Y_GE15,TOTAL,ALL,22,ALL,ALL,2023,509.47558188679324,,,,,,,,ALL_N1,,,,,,,
IT1:DF_DCSS_ISTR_LAV_PEN_2_TV_3(1.0),A,082029,RESPOP_AV,M,Y_GE15,TOTAL,ALL,22,ALL,ALL,2024,493.25829323107405,,,,,,,,ALL_N1,,,,,,,
IT1:DF_DCSS_ISTR_LAV_PEN_2_TV_3(1.0),A,082029,RESPOP_AV,M,Y_GE15,TOTAL,ALL,23,ALL,ALL,2018,556,,,,,,,,ALL_N1,,,,,,,
IT1:DF_DCSS_ISTR_LAV_PEN_2_TV_3(1.0),A,082029,RESPOP_AV,M,Y_GE15,TOTAL,ALL,23,ALL,ALL,2019,558,,,,,,,,ALL_N1,,,,,,,
IT1:DF_DCSS_ISTR_LAV_PEN_2_TV_3(1.0),A,082029,RESPOP_AV,M,Y_GE15,TOTAL,ALL,23,ALL,ALL,2021,544.970374565829,,,,,,,,ALL_N1,,,,,,,
IT1:DF_DCSS_ISTR_LAV_PEN_2_TV_3(1.0),A,082029,RESPOP_AV,M,Y_GE15,TOTAL,ALL,23,ALL,ALL,2022,570.492967661051,,,,,,,,ALL_N1,,,,,,,
IT1:DF_DCSS_ISTR_LAV_PEN_2_TV_3(1.0),A,082029,RESPOP_AV,M,Y_GE15,TOTAL,ALL,23,ALL,ALL,2023,523.5244181132068,,,,,,,,ALL_N1,,,,,,,
IT1:DF_DCSS_ISTR_LAV_PEN_2_TV_3(1.0),A,082029,RESPOP_AV,M,Y_GE15,TOTAL,ALL,23,ALL,ALL,2024,534.741706768926,,,,,,,,ALL_N1,,,,,,,
IT1:DF_DCSS_ISTR_LAV_PEN_2_TV_3(1.0),A,082029,RESPOP_AV,M,Y_GE15,TOTAL,ALL,24,ALL,ALL,2018,307,,,,,,,,ALL_N1,,,,,,,
IT1:DF_DCSS_ISTR_LAV_PEN_2_TV_3(1.0),A,082029,RESPOP_AV,M,Y_GE15,TOTAL,ALL,24,ALL,ALL,2019,321,,,,,,,,ALL_N1,,,,,,,
IT1:DF_DCSS_ISTR_LAV_PEN_2_TV_3(1.0),A,082029,RESPOP_AV,M,Y_GE15,TOTAL,ALL,24,ALL,ALL,2021,289.674757755372,,,,,,,,ALL_N1,,,,,,,
IT1:DF_DCSS_ISTR_LAV_PEN_2_TV_3(1.0),A,082029,RESPOP_AV,M,Y_GE15,TOTAL,ALL,24,ALL,ALL,2022,300.712157197226,,,,,,,,ALL_N1,,,,,,,
IT1:DF_DCSS_ISTR_LAV_PEN_2_TV_3(1.0),A,082029,RESPOP_AV,M,Y_GE15,TOTAL,ALL,24,ALL,ALL,2023,291.8842730924817,,,,,,,,ALL_N1,,,,,,,
IT1:DF_DCSS_ISTR_LAV_PEN_2_TV_3(1.0),A,082029,RESPOP_AV,M,Y_GE15,TOTAL,ALL,24,ALL,ALL,2024,292.79629187315226,,,,,,,,ALL_N1,,,,,,,
IT1:DF_DCSS_ISTR_LAV_PEN_2_TV_3(1.0),A,082029,RESPOP_AV,M,Y_GE15,TOTAL,ALL,4,ALL,ALL,2018,9,,,,,,,,ALL_N1,,,,,,,
IT1:DF_DCSS_ISTR_LAV_PEN_2_TV_3(1.0),A,082029,RESPOP_AV,M,Y_GE15,TOTAL,ALL,4,ALL,ALL,2019,8,,,,,,,,ALL_N1,,,,,,,
IT1:DF_DCSS_ISTR_LAV_PEN_2_TV_3(1.0),A,082029,RESPOP_AV,M,Y_GE15,TOTAL,ALL,4,ALL,ALL,2021,18.4573081291262,,,,,,,,ALL_N1,,,,,,,
IT1:DF_DCSS_ISTR_LAV_PEN_2_TV_3(1.0),A,082029,RESPOP_AV,M,Y_GE15,TOTAL,ALL,4,ALL,ALL,2022,21.2426545369592,,,,,,,,ALL_N1,,,,,,,
IT1:DF_DCSS_ISTR_LAV_PEN_2_TV_3(1.0),A,082029,RESPOP_AV,M,Y_GE15,TOTAL,ALL,4,ALL,ALL,2023,19.881996819377143,,,,,,,,ALL_N1,,,,,,,
IT1:DF_DCSS_ISTR_LAV_PEN_2_TV_3(1.0),A,082029,RESPOP_AV,M,Y_GE15,TOTAL,ALL,4,ALL,ALL,2024,18.73986067407707,,,,,,,,ALL_N1,,,,,,,
IT1:DF_DCSS_ISTR_LAV_PEN_2_TV_3(1.0),A,082029,RESPOP_AV,M,Y_GE15,TOTAL,ALL,5,ALL,ALL,2018,86,,,,,,,,ALL_N1,,,,,,,
IT1:DF_DCSS_ISTR_LAV_PEN_2_TV_3(1.0),A,082029,RESPOP_AV,M,Y_GE15,TOTAL,ALL,5,ALL,ALL,2019,89,,,,,,,,ALL_N1,,,,,,,
IT1:DF_DCSS_ISTR_LAV_PEN_2_TV_3(1.0),A,082029,RESPOP_AV,M,Y_GE15,TOTAL,ALL,5,ALL,ALL,2021,94.7504366366227,,,,,,,,ALL_N1,,,,,,,
IT1:DF_DCSS_ISTR_LAV_PEN_2_TV_3(1.0),A,082029,RESPOP_AV,M,Y_GE15,TOTAL,ALL,5,ALL,ALL,2022,101.47910549117,,,,,,,,ALL_N1,,,,,,,
IT1:DF_DCSS_ISTR_LAV_PEN_2_TV_3(1.0),A,082029,RESPOP_AV,M,Y_GE15,TOTAL,ALL,5,ALL,ALL,2023,93.03890572785582,,,,,,,,ALL_N1,,,,,,,
IT1:DF_DCSS_ISTR_LAV_PEN_2_TV_3(1.0),A,082029,RESPOP_AV,M,Y_GE15,TOTAL,ALL,5,ALL,ALL,2024,91.03944444613684,,,,,,,,ALL_N1,,,,,,,
IT1:DF_DCSS_ISTR_LAV_PEN_2_TV_3(1.0),A,082029,RESPOP_AV,M,Y_GE15,TOTAL,ALL,7,ALL,ALL,2018,154,,,,,,,,ALL_N1,,,,,,,
IT1:DF_DCSS_ISTR_LAV_PEN_2_TV_3(1.0),A,082029,RESPOP_AV,M,Y_GE15,TOTAL,ALL,7,ALL,ALL,2019,140,,,,,,,,ALL_N1,,,,,,,
IT1:DF_DCSS_ISTR_LAV_PEN_2_TV_3(1.0),A,082029,RESPOP_AV,M,Y_GE15,TOTAL,ALL,7,ALL,ALL,2021,142.087872044708,,,,,,,,ALL_N1,,,,,,,
IT1:DF_DCSS_ISTR_LAV_PEN_2_TV_3(1.0),A,082029,RESPOP_AV,M,Y_GE15,TOTAL,ALL,7,ALL,ALL,2022,147.059050435696,,,,,,,,ALL_N1,,,,,,,
IT1:DF_DCSS_ISTR_LAV_PEN_2_TV_3(1.0),A,082029,RESPOP_AV,M,Y_GE15,TOTAL,ALL,7,ALL,ALL,2023,118.71924247349213,,,,,,,,ALL_N1,,,,,,,
IT1:DF_DCSS_ISTR_LAV_PEN_2_TV_3(1.0),A,082029,RESPOP_AV,M,Y_GE15,TOTAL,ALL,7,ALL,ALL,2024,132.16610977555982,,,,,,,,ALL_N1,,,,,,,
IT1:DF_DCSS_ISTR_LAV_PEN_2_TV_3(1.0),A,082029,RESPOP_AV,M,Y_GE15,TOTAL,ALL,99,ALL,ALL,2018,1137,,,,,,,,ALL_N1,99_N1,,,,,,
IT1:DF_DCSS_ISTR_LAV_PEN_2_TV_3(1.0),A,082029,RESPOP_AV,M,Y_GE15,TOTAL,ALL,99,ALL,ALL,2019,1117,,,,,,,,ALL_N1,99_N1,,,,,,
IT1:DF_DCSS_ISTR_LAV_PEN_2_TV_3(1.0),A,082029,RESPOP_AV,M,Y_GE15,TOTAL,ALL,99,ALL,ALL,2021,1067,,,,,,,,ALL_N1,99_N1,,,,,,
IT1:DF_DCSS_ISTR_LAV_PEN_2_TV_3(1.0),A,082029,RESPOP_AV,M,Y_GE15,TOTAL,ALL,99,ALL,ALL,2022,1060,,,,,,,,ALL_N1,99_N1,,,,,,
IT1:DF_DCSS_ISTR_LAV_PEN_2_TV_3(1.0),A,082029,RESPOP_AV,M,Y_GE15,TOTAL,ALL,99,ALL,ALL,2023,1033,,,,,,,,ALL_N1,99_N1,,,,,,
IT1:DF_DCSS_ISTR_LAV_PEN_2_TV_3(1.0),A,082029,RESPOP_AV,M,Y_GE15,TOTAL,ALL,99,ALL,ALL,2024,1028,,,,,,,,ALL_N1,99_N1,,,,,,
IT1:DF_DCSS_ISTR_LAV_PEN_2_TV_3(1.0),A,082029,RESPOP_AV,T,Y_GE15,TOTAL,ALL,1,ALL,ALL,2018,767,,,,,,,,ALL_N1,,,,,,,
IT1:DF_DCSS_ISTR_LAV_PEN_2_TV_3(1.0),A,082029,RESPOP_AV,T,Y_GE15,TOTAL,ALL,1,ALL,ALL,2019,774,,,,,,,,ALL_N1,,,,,,,
IT1:DF_DCSS_ISTR_LAV_PEN_2_TV_3(1.0),A,082029,RESPOP_AV,T,Y_GE15,TOTAL,ALL,1,ALL,ALL,2021,764,,,,,,,,ALL_N1,,,,,,,
IT1:DF_DCSS_ISTR_LAV_PEN_2_TV_3(1.0),A,082029,RESPOP_AV,T,Y_GE15,TOTAL,ALL,1,ALL,ALL,2022,729,,,,,,,,ALL_N1,,,,,,,
IT1:DF_DCSS_ISTR_LAV_PEN_2_TV_3(1.0),A,082029,RESPOP_AV,T,Y_GE15,TOTAL,ALL,1,ALL,ALL,2023,764,,,,,,,,ALL_N1,,,,,,,
IT1:DF_DCSS_ISTR_LAV_PEN_2_TV_3(1.0),A,082029,RESPOP_AV,T,Y_GE15,TOTAL,ALL,1,ALL,ALL,2024,774,,,,,,,,ALL_N1,,,,,,,
IT1:DF_DCSS_ISTR_LAV_PEN_2_TV_3(1.0),A,082029,RESPOP_AV,T,Y_GE15,TOTAL,ALL,12,ALL,ALL,2018,217,,,,,,,,ALL_N1,,,,,,,
IT1:DF_DCSS_ISTR_LAV_PEN_2_TV_3(1.0),A,082029,RESPOP_AV,T,Y_GE15,TOTAL,ALL,12,ALL,ALL,2019,198,,,,,,,,ALL_N1,,,,,,,
IT1:DF_DCSS_ISTR_LAV_PEN_2_TV_3(1.0),A,082029,RESPOP_AV,T,Y_GE15,TOTAL,ALL,12,ALL,ALL,2021,119.117980885014,,,,,,,,ALL_N1,,,,,,,
IT1:DF_DCSS_ISTR_LAV_PEN_2_TV_3(1.0),A,082029,RESPOP_AV,T,Y_GE15,TOTAL,ALL,12,ALL,ALL,2022,113.754927939363,,,,,,,,ALL_N1,,,,,,,
IT1:DF_DCSS_ISTR_LAV_PEN_2_TV_3(1.0),A,082029,RESPOP_AV,T,Y_GE15,TOTAL,ALL,12,ALL,ALL,2023,128.18619289264925,,,,,,,,ALL_N1,,,,,,,
IT1:DF_DCSS_ISTR_LAV_PEN_2_TV_3(1.0),A,082029,RESPOP_AV,T,Y_GE15,TOTAL,ALL,12,ALL,ALL,2024,98.12665292086159,,,,,,,,ALL_N1,,,,,,,
IT1:DF_DCSS_ISTR_LAV_PEN_2_TV_3(1.0),A,082029,RESPOP_AV,T,Y_GE15,TOTAL,ALL,22,ALL,ALL,2018,984,,,,,,,,ALL_N1,,,,,,,
IT1:DF_DCSS_ISTR_LAV_PEN_2_TV_3(1.0),A,082029,RESPOP_AV,T,Y_GE15,TOTAL,ALL,22,ALL,ALL,2019,972,,,,,,,,ALL_N1,,,,,,,
IT1:DF_DCSS_ISTR_LAV_PEN_2_TV_3(1.0),A,082029,RESPOP_AV,T,Y_GE15,TOTAL,ALL,22,ALL,ALL,2021,883.117980885014,,,,,,,,ALL_N1,,,,,,,
IT1:DF_DCSS_ISTR_LAV_PEN_2_TV_3(1.0),A,082029,RESPOP_AV,T,Y_GE15,TOTAL,ALL,22,ALL,ALL,2022,842.754927939363,,,,,,,,ALL_N1,,,,,,,
IT1:DF_DCSS_ISTR_LAV_PEN_2_TV_3(1.0),A,082029,RESPOP_AV,T,Y_GE15,TOTAL,ALL,22,ALL,ALL,2023,892.1861928926493,,,,,,,,ALL_N1,,,,,,,
IT1:DF_DCSS_ISTR_LAV_PEN_2_TV_3(1.0),A,082029,RESPOP_AV,T,Y_GE15,TOTAL,ALL,22,ALL,ALL,2024,872.1266529208616,,,,,,,,ALL_N1,,,,,,,
IT1:DF_DCSS_ISTR_LAV_PEN_2_TV_3(1.0),A,082029,RESPOP_AV,T,Y_GE15,TOTAL,ALL,23,ALL,ALL,2018,1476,,,,,,,,ALL_N1,,,,,,,
IT1:DF_DCSS_ISTR_LAV_PEN_2_TV_3(1.0),A,082029,RESPOP_AV,T,Y_GE15,TOTAL,ALL,23,ALL,ALL,2019,1455,,,,,,,,ALL_N1,,,,,,,
IT1:DF_DCSS_ISTR_LAV_PEN_2_TV_3(1.0),A,082029,RESPOP_AV,T,Y_GE15,TOTAL,ALL,23,ALL,ALL,2021,1442.88201911499,,,,,,,,ALL_N1,,,,,,,
IT1:DF_DCSS_ISTR_LAV_PEN_2_TV_3(1.0),A,082029,RESPOP_AV,T,Y_GE15,TOTAL,ALL,23,ALL,ALL,2022,1444.24507206064,,,,,,,,ALL_N1,,,,,,,
IT1:DF_DCSS_ISTR_LAV_PEN_2_TV_3(1.0),A,082029,RESPOP_AV,T,Y_GE15,TOTAL,ALL,23,ALL,ALL,2023,1340.8138071073506,,,,,,,,ALL_N1,,,,,,,
IT1:DF_DCSS_ISTR_LAV_PEN_2_TV_3(1.0),A,082029,RESPOP_AV,T,Y_GE15,TOTAL,ALL,23,ALL,ALL,2024,1329.8733470791385,,,,,,,,ALL_N1,,,,,,,
IT1:DF_DCSS_ISTR_LAV_PEN_2_TV_3(1.0),A,082029,RESPOP_AV,T,Y_GE15,TOTAL,ALL,24,ALL,ALL,2018,672,,,,,,,,ALL_N1,,,,,,,
IT1:DF_DCSS_ISTR_LAV_PEN_2_TV_3(1.0),A,082029,RESPOP_AV,T,Y_GE15,TOTAL,ALL,24,ALL,ALL,2019,711,,,,,,,,ALL_N1,,,,,,,
IT1:DF_DCSS_ISTR_LAV_PEN_2_TV_3(1.0),A,082029,RESPOP_AV,T,Y_GE15,TOTAL,ALL,24,ALL,ALL,2021,644.99220566597,,,,,,,,ALL_N1,,,,,,,
IT1:DF_DCSS_ISTR_LAV_PEN_2_TV_3(1.0),A,082029,RESPOP_AV,T,Y_GE15,TOTAL,ALL,24,ALL,ALL,2022,632.635657513574,,,,,,,,ALL_N1,,,,,,,
IT1:DF_DCSS_ISTR_LAV_PEN_2_TV_3(1.0),A,082029,RESPOP_AV,T,Y_GE15,TOTAL,ALL,24,ALL,ALL,2023,618.1180067265202,,,,,,,,ALL_N1,,,,,,,
IT1:DF_DCSS_ISTR_LAV_PEN_2_TV_3(1.0),A,082029,RESPOP_AV,T,Y_GE15,TOTAL,ALL,24,ALL,ALL,2024,589.788639578315,,,,,,,,ALL_N1,,,,,,,
IT1:DF_DCSS_ISTR_LAV_PEN_2_TV_3(1.0),A,082029,RESPOP_AV,T,Y_GE15,TOTAL,ALL,4,ALL,ALL,2018,308,,,,,,,,ALL_N1,,,,,,,
IT1:DF_DCSS_ISTR_LAV_PEN_2_TV_3(1.0),A,082029,RESPOP_AV,T,Y_GE15,TOTAL,ALL,4,ALL,ALL,2019,287,,,,,,,,ALL_N1,,,,,,,
IT1:DF_DCSS_ISTR_LAV_PEN_2_TV_3(1.0),A,082029,RESPOP_AV,T,Y_GE15,TOTAL,ALL,4,ALL,ALL,2021,338.891485095032,,,,,,,,ALL_N1,,,,,,,
IT1:DF_DCSS_ISTR_LAV_PEN_2_TV_3(1.0),A,082029,RESPOP_AV,T,Y_GE15,TOTAL,ALL,4,ALL,ALL,2022,349.507880251119,,,,,,,,ALL_N1,,,,,,,
IT1:DF_DCSS_ISTR_LAV_PEN_2_TV_3(1.0),A,082029,RESPOP_AV,T,Y_GE15,TOTAL,ALL,4,ALL,ALL,2023,311.62271931917496,,,,,,,,ALL_N1,,,,,,,
IT1:DF_DCSS_ISTR_LAV_PEN_2_TV_3(1.0),A,082029,RESPOP_AV,T,Y_GE15,TOTAL,ALL,4,ALL,ALL,2024,314.72387317319993,,,,,,,,ALL_N1,,,,,,,
IT1:DF_DCSS_ISTR_LAV_PEN_2_TV_3(1.0),A,082029,RESPOP_AV,T,Y_GE15,TOTAL,ALL,5,ALL,ALL,2018,197,,,,,,,,ALL_N1,,,,,,,
IT1:DF_DCSS_ISTR_LAV_PEN_2_TV_3(1.0),A,082029,RESPOP_AV,T,Y_GE15,TOTAL,ALL,5,ALL,ALL,2019,195,,,,,,,,ALL_N1,,,,,,,
IT1:DF_DCSS_ISTR_LAV_PEN_2_TV_3(1.0),A,082029,RESPOP_AV,T,Y_GE15,TOTAL,ALL,5,ALL,ALL,2021,204.734512644998,,,,,,,,ALL_N1,,,,,,,
IT1:DF_DCSS_ISTR_LAV_PEN_2_TV_3(1.0),A,082029,RESPOP_AV,T,Y_GE15,TOTAL,ALL,5,ALL,ALL,2022,209.81813959252,,,,,,,,ALL_N1,,,,,,,
IT1:DF_DCSS_ISTR_LAV_PEN_2_TV_3(1.0),A,082029,RESPOP_AV,T,Y_GE15,TOTAL,ALL,5,ALL,ALL,2023,192.94550989384686,,,,,,,,ALL_N1,,,,,,,
IT1:DF_DCSS_ISTR_LAV_PEN_2_TV_3(1.0),A,082029,RESPOP_AV,T,Y_GE15,TOTAL,ALL,5,ALL,ALL,2024,184.4154828051819,,,,,,,,ALL_N1,,,,,,,
IT1:DF_DCSS_ISTR_LAV_PEN_2_TV_3(1.0),A,082029,RESPOP_AV,T,Y_GE15,TOTAL,ALL,7,ALL,ALL,2018,299,,,,,,,,ALL_N1,,,,,,,
IT1:DF_DCSS_ISTR_LAV_PEN_2_TV_3(1.0),A,082029,RESPOP_AV,T,Y_GE15,TOTAL,ALL,7,ALL,ALL,2019,262,,,,,,,,ALL_N1,,,,,,,
IT1:DF_DCSS_ISTR_LAV_PEN_2_TV_3(1.0),A,082029,RESPOP_AV,T,Y_GE15,TOTAL,ALL,7,ALL,ALL,2021,254.263815708987,,,,,,,,ALL_N1,,,,,,,
IT1:DF_DCSS_ISTR_LAV_PEN_2_TV_3(1.0),A,082029,RESPOP_AV,T,Y_GE15,TOTAL,ALL,7,ALL,ALL,2022,252.283394703424,,,,,,,,ALL_N1,,,,,,,
IT1:DF_DCSS_ISTR_LAV_PEN_2_TV_3(1.0),A,082029,RESPOP_AV,T,Y_GE15,TOTAL,ALL,7,ALL,ALL,2023,218.12757116780875,,,,,,,,ALL_N1,,,,,,,
IT1:DF_DCSS_ISTR_LAV_PEN_2_TV_3(1.0),A,082029,RESPOP_AV,T,Y_GE15,TOTAL,ALL,7,ALL,ALL,2024,240.94535152244165,,,,,,,,ALL_N1,,,,,,,
IT1:DF_DCSS_ISTR_LAV_PEN_2_TV_3(1.0),A,082029,RESPOP_AV,T,Y_GE15,TOTAL,ALL,99,ALL,ALL,2018,2460,,,,,,,,ALL_N1,99_N1,,,,,,
IT1:DF_DCSS_ISTR_LAV_PEN_2_TV_3(1.0),A,082029,RESPOP_AV,T,Y_GE15,TOTAL,ALL,99,ALL,ALL,2019,2426,,,,,,,,ALL_N1,99_N1,,,,,,
IT1:DF_DCSS_ISTR_LAV_PEN_2_TV_3(1.0),A,082029,RESPOP_AV,T,Y_GE15,TOTAL,ALL,99,ALL,ALL,2021,2326,,,,,,,,ALL_N1,99_N1,,,,,,
IT1:DF_DCSS_ISTR_LAV_PEN_2_TV_3(1.0),A,082029,RESPOP_AV,T,Y_GE15,TOTAL,ALL,99,ALL,ALL,2022,2287,,,,,,,,ALL_N1,99_N1,,,,,,
IT1:DF_DCSS_ISTR_LAV_PEN_2_TV_3(1.0),A,082029,RESPOP_AV,T,Y_GE15,TOTAL,ALL,99,ALL,ALL,2023,2233,,,,,,,,ALL_N1,99_N1,,,,,,
IT1:DF_DCSS_ISTR_LAV_PEN_2_TV_3(1.0),A,082029,RESPOP_AV,T,Y_GE15,TOTAL,ALL,99,ALL,ALL,2024,2202,,,,,,,,ALL_N1,99_N1,,,,,,
IT1:DF_DCSS_ISTR_LAV_PEN_2_TV_3(1.0),A,082030,RESPOP_AV,F,Y_GE15,TOTAL,ALL,1,ALL,ALL,2018,244,,,,,,,,ALL_N1,,,,,,,
IT1:DF_DCSS_ISTR_LAV_PEN_2_TV_3(1.0),A,082030,RESPOP_AV,F,Y_GE15,TOTAL,ALL,1,ALL,ALL,2019,262,,,,,,,,ALL_N1,,,,,,,
IT1:DF_DCSS_ISTR_LAV_PEN_2_TV_3(1.0),A,082030,RESPOP_AV,F,Y_GE15,TOTAL,ALL,1,ALL,ALL,2021,289,,,,,,,,ALL_N1,,,,,,,
IT1:DF_DCSS_ISTR_LAV_PEN_2_TV_3(1.0),A,082030,RESPOP_AV,F,Y_GE15,TOTAL,ALL,1,ALL,ALL,2022,286,,,,,,,,ALL_N1,,,,,,,
IT1:DF_DCSS_ISTR_LAV_PEN_2_TV_3(1.0),A,082030,RESPOP_AV,F,Y_GE15,TOTAL,ALL,1,ALL,ALL,2023,293,,,,,,,,ALL_N1,,,,,,,
IT1:DF_DCSS_ISTR_LAV_PEN_2_TV_3(1.0),A,082030,RESPOP_AV,F,Y_GE15,TOTAL,ALL,1,ALL,ALL,2024,320,,,,,,,,ALL_N1,,,,,,,
IT1:DF_DCSS_ISTR_LAV_PEN_2_TV_3(1.0),A,082030,RESPOP_AV,F,Y_GE15,TOTAL,ALL,12,ALL,ALL,2018,141,,,,,,,,ALL_N1,,,,,,,
IT1:DF_DCSS_ISTR_LAV_PEN_2_TV_3(1.0),A,082030,RESPOP_AV,F,Y_GE15,TOTAL,ALL,12,ALL,ALL,2019,152,,,,,,,,ALL_N1,,,,,,,
IT1:DF_DCSS_ISTR_LAV_PEN_2_TV_3(1.0),A,082030,RESPOP_AV,F,Y_GE15,TOTAL,ALL,12,ALL,ALL,2021,61.5650729943091,,,,,,,,ALL_N1,,,,,,,
IT1:DF_DCSS_ISTR_LAV_PEN_2_TV_3(1.0),A,082030,RESPOP_AV,F,Y_GE15,TOTAL,ALL,12,ALL,ALL,2022,58.5343468126589,,,,,,,,ALL_N1,,,,,,,
IT1:DF_DCSS_ISTR_LAV_PEN_2_TV_3(1.0),A,082030,RESPOP_AV,F,Y_GE15,TOTAL,ALL,12,ALL,ALL,2023,75.80252107809201,,,,,,,,ALL_N1,,,,,,,
IT1:DF_DCSS_ISTR_LAV_PEN_2_TV_3(1.0),A,082030,RESPOP_AV,F,Y_GE15,TOTAL,ALL,12,ALL,ALL,2024,47.80679244438554,,,,,,,,ALL_N1,,,,,,,
IT1:DF_DCSS_ISTR_LAV_PEN_2_TV_3(1.0),A,082030,RESPOP_AV,F,Y_GE15,TOTAL,ALL,22,ALL,ALL,2018,385,,,,,,,,ALL_N1,,,,,,,
IT1:DF_DCSS_ISTR_LAV_PEN_2_TV_3(1.0),A,082030,RESPOP_AV,F,Y_GE15,TOTAL,ALL,22,ALL,ALL,2019,414,,,,,,,,ALL_N1,,,,,,,
IT1:DF_DCSS_ISTR_LAV_PEN_2_TV_3(1.0),A,082030,RESPOP_AV,F,Y_GE15,TOTAL,ALL,22,ALL,ALL,2021,350.565072994309,,,,,,,,ALL_N1,,,,,,,
IT1:DF_DCSS_ISTR_LAV_PEN_2_TV_3(1.0),A,082030,RESPOP_AV,F,Y_GE15,TOTAL,ALL,22,ALL,ALL,2022,344.534346812659,,,,,,,,ALL_N1,,,,,,,
IT1:DF_DCSS_ISTR_LAV_PEN_2_TV_3(1.0),A,082030,RESPOP_AV,F,Y_GE15,TOTAL,ALL,22,ALL,ALL,2023,368.802521078092,,,,,,,,ALL_N1,,,,,,,
IT1:DF_DCSS_ISTR_LAV_PEN_2_TV_3(1.0),A,082030,RESPOP_AV,F,Y_GE15,TOTAL,ALL,22,ALL,ALL,2024,367.80679244438556,,,,,,,,ALL_N1,,,,,,,
IT1:DF_DCSS_ISTR_LAV_PEN_2_TV_3(1.0),A,082030,RESPOP_AV,F,Y_GE15,TOTAL,ALL,23,ALL,ALL,2018,1264,,,,,,,,ALL_N1,,,,,,,
IT1:DF_DCSS_ISTR_LAV_PEN_2_TV_3(1.0),A,082030,RESPOP_AV,F,Y_GE15,TOTAL,ALL,23,ALL,ALL,2019,1215,,,,,,,,ALL_N1,,,,,,,
IT1:DF_DCSS_ISTR_LAV_PEN_2_TV_3(1.0),A,082030,RESPOP_AV,F,Y_GE15,TOTAL,ALL,23,ALL,ALL,2021,1214.43492700569,,,,,,,,ALL_N1,,,,,,,
IT1:DF_DCSS_ISTR_LAV_PEN_2_TV_3(1.0),A,082030,RESPOP_AV,F,Y_GE15,TOTAL,ALL,23,ALL,ALL,2022,1201.46565318734,,,,,,,,ALL_N1,,,,,,,
IT1:DF_DCSS_ISTR_LAV_PEN_2_TV_3(1.0),A,082030,RESPOP_AV,F,Y_GE15,TOTAL,ALL,23,ALL,ALL,2023,1139.1974789219078,,,,,,,,ALL_N1,,,,,,,
IT1:DF_DCSS_ISTR_LAV_PEN_2_TV_3(1.0),A,082030,RESPOP_AV,F,Y_GE15,TOTAL,ALL,23,ALL,ALL,2024,1139.1932075556144,,,,,,,,ALL_N1,,,,,,,
IT1:DF_DCSS_ISTR_LAV_PEN_2_TV_3(1.0),A,082030,RESPOP_AV,F,Y_GE15,TOTAL,ALL,24,ALL,ALL,2018,376,,,,,,,,ALL_N1,,,,,,,
IT1:DF_DCSS_ISTR_LAV_PEN_2_TV_3(1.0),A,082030,RESPOP_AV,F,Y_GE15,TOTAL,ALL,24,ALL,ALL,2019,389,,,,,,,,ALL_N1,,,,,,,
IT1:DF_DCSS_ISTR_LAV_PEN_2_TV_3(1.0),A,082030,RESPOP_AV,F,Y_GE15,TOTAL,ALL,24,ALL,ALL,2021,368.760446269443,,,,,,,,ALL_N1,,,,,,,
IT1:DF_DCSS_ISTR_LAV_PEN_2_TV_3(1.0),A,082030,RESPOP_AV,F,Y_GE15,TOTAL,ALL,24,ALL,ALL,2022,337.909340303643,,,,,,,,ALL_N1,,,,,,,
IT1:DF_DCSS_ISTR_LAV_PEN_2_TV_3(1.0),A,082030,RESPOP_AV,F,Y_GE15,TOTAL,ALL,24,ALL,ALL,2023,289.73431369407,,,,,,,,ALL_N1,,,,,,,
IT1:DF_DCSS_ISTR_LAV_PEN_2_TV_3(1.0),A,082030,RESPOP_AV,F,Y_GE15,TOTAL,ALL,24,ALL,ALL,2024,301.9548831688512,,,,,,,,ALL_N1,,,,,,,
IT1:DF_DCSS_ISTR_LAV_PEN_2_TV_3(1.0),A,082030,RESPOP_AV,F,Y_GE15,TOTAL,ALL,4,ALL,ALL,2018,572,,,,,,,,ALL_N1,,,,,,,
IT1:DF_DCSS_ISTR_LAV_PEN_2_TV_3(1.0),A,082030,RESPOP_AV,F,Y_GE15,TOTAL,ALL,4,ALL,ALL,2019,528,,,,,,,,ALL_N1,,,,,,,
IT1:DF_DCSS_ISTR_LAV_PEN_2_TV_3(1.0),A,082030,RESPOP_AV,F,Y_GE15,TOTAL,ALL,4,ALL,ALL,2021,575.507947117446,,,,,,,,ALL_N1,,,,,,,
IT1:DF_DCSS_ISTR_LAV_PEN_2_TV_3(1.0),A,082030,RESPOP_AV,F,Y_GE15,TOTAL,ALL,4,ALL,ALL,2022,565.10135218367,,,,,,,,ALL_N1,,,,,,,
IT1:DF_DCSS_ISTR_LAV_PEN_2_TV_3(1.0),A,082030,RESPOP_AV,F,Y_GE15,TOTAL,ALL,4,ALL,ALL,2023,565.7329752336566,,,,,,,,ALL_N1,,,,,,,
IT1:DF_DCSS_ISTR_LAV_PEN_2_TV_3(1.0),A,082030,RESPOP_AV,F,Y_GE15,TOTAL,ALL,4,ALL,ALL,2024,552.3249457430062,,,,,,,,ALL_N1,,,,,,,
IT1:DF_DCSS_ISTR_LAV_PEN_2_TV_3(1.0),A,082030,RESPOP_AV,F,Y_GE15,TOTAL,ALL,5,ALL,ALL,2018,126,,,,,,,,ALL_N1,,,,,,,
IT1:DF_DCSS_ISTR_LAV_PEN_2_TV_3(1.0),A,082030,RESPOP_AV,F,Y_GE15,TOTAL,ALL,5,ALL,ALL,2019,140,,,,,,,,ALL_N1,,,,,,,
IT1:DF_DCSS_ISTR_LAV_PEN_2_TV_3(1.0),A,082030,RESPOP_AV,F,Y_GE15,TOTAL,ALL,5,ALL,ALL,2021,127.832072586101,,,,,,,,ALL_N1,,,,,,,
IT1:DF_DCSS_ISTR_LAV_PEN_2_TV_3(1.0),A,082030,RESPOP_AV,F,Y_GE15,TOTAL,ALL,5,ALL,ALL,2022,127.97901982316,,,,,,,,ALL_N1,,,,,,,
IT1:DF_DCSS_ISTR_LAV_PEN_2_TV_3(1.0),A,082030,RESPOP_AV,F,Y_GE15,TOTAL,ALL,5,ALL,ALL,2023,112.90659303722317,,,,,,,,ALL_N1,,,,,,,
IT1:DF_DCSS_ISTR_LAV_PEN_2_TV_3(1.0),A,082030,RESPOP_AV,F,Y_GE15,TOTAL,ALL,5,ALL,ALL,2024,120.45153452191937,,,,,,,,ALL_N1,,,,,,,
IT1:DF_DCSS_ISTR_LAV_PEN_2_TV_3(1.0),A,082030,RESPOP_AV,F,Y_GE15,TOTAL,ALL,7,ALL,ALL,2018,190,,,,,,,,ALL_N1,,,,,,,
IT1:DF_DCSS_ISTR_LAV_PEN_2_TV_3(1.0),A,082030,RESPOP_AV,F,Y_GE15,TOTAL,ALL,7,ALL,ALL,2019,158,,,,,,,,ALL_N1,,,,,,,
IT1:DF_DCSS_ISTR_LAV_PEN_2_TV_3(1.0),A,082030,RESPOP_AV,F,Y_GE15,TOTAL,ALL,7,ALL,ALL,2021,142.334461032701,,,,,,,,ALL_N1,,,,,,,
IT1:DF_DCSS_ISTR_LAV_PEN_2_TV_3(1.0),A,082030,RESPOP_AV,F,Y_GE15,TOTAL,ALL,7,ALL,ALL,2022,170.475940876868,,,,,,,,ALL_N1,,,,,,,
IT1:DF_DCSS_ISTR_LAV_PEN_2_TV_3(1.0),A,082030,RESPOP_AV,F,Y_GE15,TOTAL,ALL,7,ALL,ALL,2023,170.823596956958,,,,,,,,ALL_N1,,,,,,,
IT1:DF_DCSS_ISTR_LAV_PEN_2_TV_3(1.0),A,082030,RESPOP_AV,F,Y_GE15,TOTAL,ALL,7,ALL,ALL,2024,164.46184412183763,,,,,,,,ALL_N1,,,,,,,
IT1:DF_DCSS_ISTR_LAV_PEN_2_TV_3(1.0),A,082030,RESPOP_AV,F,Y_GE15,TOTAL,ALL,99,ALL,ALL,2018,1648,,,,,,,,ALL_N1,99_N1,,,,,,
IT1:DF_DCSS_ISTR_LAV_PEN_2_TV_3(1.0),A,082030,RESPOP_AV,F,Y_GE15,TOTAL,ALL,99,ALL,ALL,2019,1629,,,,,,,,ALL_N1,99_N1,,,,,,
IT1:DF_DCSS_ISTR_LAV_PEN_2_TV_3(1.0),A,082030,RESPOP_AV,F,Y_GE15,TOTAL,ALL,99,ALL,ALL,2021,1565,,,,,,,,ALL_N1,99_N1,,,,,,
IT1:DF_DCSS_ISTR_LAV_PEN_2_TV_3(1.0),A,082030,RESPOP_AV,F,Y_GE15,TOTAL,ALL,99,ALL,ALL,2022,1546,,,,,,,,ALL_N1,99_N1,,,,,,
IT1:DF_DCSS_ISTR_LAV_PEN_2_TV_3(1.0),A,082030,RESPOP_AV,F,Y_GE15,TOTAL,ALL,99,ALL,ALL,2023,1507.9999999999998,,,,,,,,ALL_N1,99_N1,,,,,,
IT1:DF_DCSS_ISTR_LAV_PEN_2_TV_3(1.0),A,082030,RESPOP_AV,F,Y_GE15,TOTAL,ALL,99,ALL,ALL,2024,1507,,,,,,,,ALL_N1,99_N1,,,,,,
IT1:DF_DCSS_ISTR_LAV_PEN_2_TV_3(1.0),A,082030,RESPOP_AV,M,Y_GE15,TOTAL,ALL,1,ALL,ALL,2018,613,,,,,,,,ALL_N1,,,,,,,
IT1:DF_DCSS_ISTR_LAV_PEN_2_TV_3(1.0),A,082030,RESPOP_AV,M,Y_GE15,TOTAL,ALL,1,ALL,ALL,2019,644,,,,,,,,ALL_N1,,,,,,,
IT1:DF_DCSS_ISTR_LAV_PEN_2_TV_3(1.0),A,082030,RESPOP_AV,M,Y_GE15,TOTAL,ALL,1,ALL,ALL,2021,625,,,,,,,,ALL_N1,,,,,,,
IT1:DF_DCSS_ISTR_LAV_PEN_2_TV_3(1.0),A,082030,RESPOP_AV,M,Y_GE15,TOTAL,ALL,1,ALL,ALL,2022,655,,,,,,,,ALL_N1,,,,,,,
IT1:DF_DCSS_ISTR_LAV_PEN_2_TV_3(1.0),A,082030,RESPOP_AV,M,Y_GE15,TOTAL,ALL,1,ALL,ALL,2023,646,,,,,,,,ALL_N1,,,,,,,
IT1:DF_DCSS_ISTR_LAV_PEN_2_TV_3(1.0),A,082030,RESPOP_AV,M,Y_GE15,TOTAL,ALL,1,ALL,ALL,2024,655,,,,,,,,ALL_N1,,,,,,,
IT1:DF_DCSS_ISTR_LAV_PEN_2_TV_3(1.0),A,082030,RESPOP_AV,M,Y_GE15,TOTAL,ALL,12,ALL,ALL,2018,160,,,,,,,,ALL_N1,,,,,,,
IT1:DF_DCSS_ISTR_LAV_PEN_2_TV_3(1.0),A,082030,RESPOP_AV,M,Y_GE15,TOTAL,ALL,12,ALL,ALL,2019,143,,,,,,,,ALL_N1,,,,,,,
IT1:DF_DCSS_ISTR_LAV_PEN_2_TV_3(1.0),A,082030,RESPOP_AV,M,Y_GE15,TOTAL,ALL,12,ALL,ALL,2021,76.7245006513551,,,,,,,,ALL_N1,,,,,,,
IT1:DF_DCSS_ISTR_LAV_PEN_2_TV_3(1.0),A,082030,RESPOP_AV,M,Y_GE15,TOTAL,ALL,12,ALL,ALL,2022,60.1408576981224,,,,,,,,ALL_N1,,,,,,,
IT1:DF_DCSS_ISTR_LAV_PEN_2_TV_3(1.0),A,082030,RESPOP_AV,M,Y_GE15,TOTAL,ALL,12,ALL,ALL,2023,76.01193636633735,,,,,,,,ALL_N1,,,,,,,
IT1:DF_DCSS_ISTR_LAV_PEN_2_TV_3(1.0),A,082030,RESPOP_AV,M,Y_GE15,TOTAL,ALL,12,ALL,ALL,2024,55.17606287529324,,,,,,,,ALL_N1,,,,,,,
IT1:DF_DCSS_ISTR_LAV_PEN_2_TV_3(1.0),A,082030,RESPOP_AV,M,Y_GE15,TOTAL,ALL,22,ALL,ALL,2018,772,,,,,,,,ALL_N1,,,,,,,
IT1:DF_DCSS_ISTR_LAV_PEN_2_TV_3(1.0),A,082030,RESPOP_AV,M,Y_GE15,TOTAL,ALL,22,ALL,ALL,2019,787,,,,,,,,ALL_N1,,,,,,,
IT1:DF_DCSS_ISTR_LAV_PEN_2_TV_3(1.0),A,082030,RESPOP_AV,M,Y_GE15,TOTAL,ALL,22,ALL,ALL,2021,701.724500651355,,,,,,,,ALL_N1,,,,,,,
IT1:DF_DCSS_ISTR_LAV_PEN_2_TV_3(1.0),A,082030,RESPOP_AV,M,Y_GE15,TOTAL,ALL,22,ALL,ALL,2022,715.140857698122,,,,,,,,ALL_N1,,,,,,,
IT1:DF_DCSS_ISTR_LAV_PEN_2_TV_3(1.0),A,082030,RESPOP_AV,M,Y_GE15,TOTAL,ALL,22,ALL,ALL,2023,722.0119363663374,,,,,,,,ALL_N1,,,,,,,
IT1:DF_DCSS_ISTR_LAV_PEN_2_TV_3(1.0),A,082030,RESPOP_AV,M,Y_GE15,TOTAL,ALL,22,ALL,ALL,2024,710.1760628752933,,,,,,,,ALL_N1,,,,,,,
IT1:DF_DCSS_ISTR_LAV_PEN_2_TV_3(1.0),A,082030,RESPOP_AV,M,Y_GE15,TOTAL,ALL,23,ALL,ALL,2018,759,,,,,,,,ALL_N1,,,,,,,
IT1:DF_DCSS_ISTR_LAV_PEN_2_TV_3(1.0),A,082030,RESPOP_AV,M,Y_GE15,TOTAL,ALL,23,ALL,ALL,2019,720,,,,,,,,ALL_N1,,,,,,,
IT1:DF_DCSS_ISTR_LAV_PEN_2_TV_3(1.0),A,082030,RESPOP_AV,M,Y_GE15,TOTAL,ALL,23,ALL,ALL,2021,777.275499348645,,,,,,,,ALL_N1,,,,,,,
IT1:DF_DCSS_ISTR_LAV_PEN_2_TV_3(1.0),A,082030,RESPOP_AV,M,Y_GE15,TOTAL,ALL,23,ALL,ALL,2022,751.859142301878,,,,,,,,ALL_N1,,,,,,,
IT1:DF_DCSS_ISTR_LAV_PEN_2_TV_3(1.0),A,082030,RESPOP_AV,M,Y_GE15,TOTAL,ALL,23,ALL,ALL,2023,704.9880636336627,,,,,,,,ALL_N1,,,,,,,
IT1:DF_DCSS_ISTR_LAV_PEN_2_TV_3(1.0),A,082030,RESPOP_AV,M,Y_GE15,TOTAL,ALL,23,ALL,ALL,2024,711.8239371247067,,,,,,,,ALL_N1,,,,,,,
IT1:DF_DCSS_ISTR_LAV_PEN_2_TV_3(1.0),A,082030,RESPOP_AV,M,Y_GE15,TOTAL,ALL,24,ALL,ALL,2018,383,,,,,,,,ALL_N1,,,,,,,
IT1:DF_DCSS_ISTR_LAV_PEN_2_TV_3(1.0),A,082030,RESPOP_AV,M,Y_GE15,TOTAL,ALL,24,ALL,ALL,2019,398,,,,,,,,ALL_N1,,,,,,,
IT1:DF_DCSS_ISTR_LAV_PEN_2_TV_3(1.0),A,082030,RESPOP_AV,M,Y_GE15,TOTAL,ALL,24,ALL,ALL,2021,400.124488325193,,,,,,,,ALL_N1,,,,,,,
IT1:DF_DCSS_ISTR_LAV_PEN_2_TV_3(1.0),A,082030,RESPOP_AV,M,Y_GE15,TOTAL,ALL,24,ALL,ALL,2022,403.62286537165,,,,,,,,ALL_N1,,,,,,,
IT1:DF_DCSS_ISTR_LAV_PEN_2_TV_3(1.0),A,082030,RESPOP_AV,M,Y_GE15,TOTAL,ALL,24,ALL,ALL,2023,369.9499055735731,,,,,,,,ALL_N1,,,,,,,
IT1:DF_DCSS_ISTR_LAV_PEN_2_TV_3(1.0),A,082030,RESPOP_AV,M,Y_GE15,TOTAL,ALL,24,ALL,ALL,2024,376.08070734462603,,,,,,,,ALL_N1,,,,,,,
IT1:DF_DCSS_ISTR_LAV_PEN_2_TV_3(1.0),A,082030,RESPOP_AV,M,Y_GE15,TOTAL,ALL,4,ALL,ALL,2018,23,,,,,,,,ALL_N1,,,,,,,
IT1:DF_DCSS_ISTR_LAV_PEN_2_TV_3(1.0),A,082030,RESPOP_AV,M,Y_GE15,TOTAL,ALL,4,ALL,ALL,2019,20,,,,,,,,ALL_N1,,,,,,,
IT1:DF_DCSS_ISTR_LAV_PEN_2_TV_3(1.0),A,082030,RESPOP_AV,M,Y_GE15,TOTAL,ALL,4,ALL,ALL,2021,30.8202123816696,,,,,,,,ALL_N1,,,,,,,
IT1:DF_DCSS_ISTR_LAV_PEN_2_TV_3(1.0),A,082030,RESPOP_AV,M,Y_GE15,TOTAL,ALL,4,ALL,ALL,2022,34.9063286147814,,,,,,,,ALL_N1,,,,,,,
IT1:DF_DCSS_ISTR_LAV_PEN_2_TV_3(1.0),A,082030,RESPOP_AV,M,Y_GE15,TOTAL,ALL,4,ALL,ALL,2023,37.80379402525578,,,,,,,,ALL_N1,,,,,,,
IT1:DF_DCSS_ISTR_LAV_PEN_2_TV_3(1.0),A,082030,RESPOP_AV,M,Y_GE15,TOTAL,ALL,4,ALL,ALL,2024,35.513926766855185,,,,,,,,ALL_N1,,,,,,,
IT1:DF_DCSS_ISTR_LAV_PEN_2_TV_3(1.0),A,082030,RESPOP_AV,M,Y_GE15,TOTAL,ALL,5,ALL,ALL,2018,108,,,,,,,,ALL_N1,,,,,,,
IT1:DF_DCSS_ISTR_LAV_PEN_2_TV_3(1.0),A,082030,RESPOP_AV,M,Y_GE15,TOTAL,ALL,5,ALL,ALL,2019,108,,,,,,,,ALL_N1,,,,,,,
IT1:DF_DCSS_ISTR_LAV_PEN_2_TV_3(1.0),A,082030,RESPOP_AV,M,Y_GE15,TOTAL,ALL,5,ALL,ALL,2021,107.018232886226,,,,,,,,ALL_N1,,,,,,,
IT1:DF_DCSS_ISTR_LAV_PEN_2_TV_3(1.0),A,082030,RESPOP_AV,M,Y_GE15,TOTAL,ALL,5,ALL,ALL,2022,109.888612347792,,,,,,,,ALL_N1,,,,,,,
IT1:DF_DCSS_ISTR_LAV_PEN_2_TV_3(1.0),A,082030,RESPOP_AV,M,Y_GE15,TOTAL,ALL,5,ALL,ALL,2023,103.13342066101336,,,,,,,,ALL_N1,,,,,,,
IT1:DF_DCSS_ISTR_LAV_PEN_2_TV_3(1.0),A,082030,RESPOP_AV,M,Y_GE15,TOTAL,ALL,5,ALL,ALL,2024,99.01022856390507,,,,,,,,ALL_N1,,,,,,,
IT1:DF_DCSS_ISTR_LAV_PEN_2_TV_3(1.0),A,082030,RESPOP_AV,M,Y_GE15,TOTAL,ALL,7,ALL,ALL,2018,246,,,,,,,,ALL_N1,,,,,,,
IT1:DF_DCSS_ISTR_LAV_PEN_2_TV_3(1.0),A,082030,RESPOP_AV,M,Y_GE15,TOTAL,ALL,7,ALL,ALL,2019,194,,,,,,,,ALL_N1,,,,,,,
IT1:DF_DCSS_ISTR_LAV_PEN_2_TV_3(1.0),A,082030,RESPOP_AV,M,Y_GE15,TOTAL,ALL,7,ALL,ALL,2021,239.312565755556,,,,,,,,ALL_N1,,,,,,,
IT1:DF_DCSS_ISTR_LAV_PEN_2_TV_3(1.0),A,082030,RESPOP_AV,M,Y_GE15,TOTAL,ALL,7,ALL,ALL,2022,203.441335967654,,,,,,,,ALL_N1,,,,,,,
IT1:DF_DCSS_ISTR_LAV_PEN_2_TV_3(1.0),A,082030,RESPOP_AV,M,Y_GE15,TOTAL,ALL,7,ALL,ALL,2023,194.10094337382043,,,,,,,,ALL_N1,,,,,,,
IT1:DF_DCSS_ISTR_LAV_PEN_2_TV_3(1.0),A,082030,RESPOP_AV,M,Y_GE15,TOTAL,ALL,7,ALL,ALL,2024,201.2190744493205,,,,,,,,ALL_N1,,,,,,,
IT1:DF_DCSS_ISTR_LAV_PEN_2_TV_3(1.0),A,082030,RESPOP_AV,M,Y_GE15,TOTAL,ALL,99,ALL,ALL,2018,1531,,,,,,,,ALL_N1,99_N1,,,,,,
IT1:DF_DCSS_ISTR_LAV_PEN_2_TV_3(1.0),A,082030,RESPOP_AV,M,Y_GE15,TOTAL,ALL,99,ALL,ALL,2019,1507,,,,,,,,ALL_N1,99_N1,,,,,,
IT1:DF_DCSS_ISTR_LAV_PEN_2_TV_3(1.0),A,082030,RESPOP_AV,M,Y_GE15,TOTAL,ALL,99,ALL,ALL,2021,1479,,,,,,,,ALL_N1,99_N1,,,,,,
IT1:DF_DCSS_ISTR_LAV_PEN_2_TV_3(1.0),A,082030,RESPOP_AV,M,Y_GE15,TOTAL,ALL,99,ALL,ALL,2022,1467,,,,,,,,ALL_N1,99_N1,,,,,,
IT1:DF_DCSS_ISTR_LAV_PEN_2_TV_3(1.0),A,082030,RESPOP_AV,M,Y_GE15,TOTAL,ALL,99,ALL,ALL,2023,1427,,,,,,,,ALL_N1,99_N1,,,,,,
IT1:DF_DCSS_ISTR_LAV_PEN_2_TV_3(1.0),A,082030,RESPOP_AV,M,Y_GE15,TOTAL,ALL,99,ALL,ALL,2024,1422,,,,,,,,ALL_N1,99_N1,,,,,,
IT1:DF_DCSS_ISTR_LAV_PEN_2_TV_3(1.0),A,082030,RESPOP_AV,T,Y_GE15,TOTAL,ALL,1,ALL,ALL,2018,856,,,,,,,,ALL_N1,,,,,,,
IT1:DF_DCSS_ISTR_LAV_PEN_2_TV_3(1.0),A,082030,RESPOP_AV,T,Y_GE15,TOTAL,ALL,1,ALL,ALL,2019,906,,,,,,,,ALL_N1,,,,,,,
IT1:DF_DCSS_ISTR_LAV_PEN_2_TV_3(1.0),A,082030,RESPOP_AV,T,Y_GE15,TOTAL,ALL,1,ALL,ALL,2021,914,,,,,,,,ALL_N1,,,,,,,
IT1:DF_DCSS_ISTR_LAV_PEN_2_TV_3(1.0),A,082030,RESPOP_AV,T,Y_GE15,TOTAL,ALL,1,ALL,ALL,2022,941,,,,,,,,ALL_N1,,,,,,,
IT1:DF_DCSS_ISTR_LAV_PEN_2_TV_3(1.0),A,082030,RESPOP_AV,T,Y_GE15,TOTAL,ALL,1,ALL,ALL,2023,939,,,,,,,,ALL_N1,,,,,,,
IT1:DF_DCSS_ISTR_LAV_PEN_2_TV_3(1.0),A,082030,RESPOP_AV,T,Y_GE15,TOTAL,ALL,1,ALL,ALL,2024,975,,,,,,,,ALL_N1,,,,,,,
IT1:DF_DCSS_ISTR_LAV_PEN_2_TV_3(1.0),A,082030,RESPOP_AV,T,Y_GE15,TOTAL,ALL,12,ALL,ALL,2018,301,,,,,,,,ALL_N1,,,,,,,
IT1:DF_DCSS_ISTR_LAV_PEN_2_TV_3(1.0),A,082030,RESPOP_AV,T,Y_GE15,TOTAL,ALL,12,ALL,ALL,2019,295,,,,,,,,ALL_N1,,,,,,,
IT1:DF_DCSS_ISTR_LAV_PEN_2_TV_3(1.0),A,082030,RESPOP_AV,T,Y_GE15,TOTAL,ALL,12,ALL,ALL,2021,138.289573645664,,,,,,,,ALL_N1,,,,,,,
IT1:DF_DCSS_ISTR_LAV_PEN_2_TV_3(1.0),A,082030,RESPOP_AV,T,Y_GE15,TOTAL,ALL,12,ALL,ALL,2022,118.675204510781,,,,,,,,ALL_N1,,,,,,,
IT1:DF_DCSS_ISTR_LAV_PEN_2_TV_3(1.0),A,082030,RESPOP_AV,T,Y_GE15,TOTAL,ALL,12,ALL,ALL,2023,151.81445744442937,,,,,,,,ALL_N1,,,,,,,
IT1:DF_DCSS_ISTR_LAV_PEN_2_TV_3(1.0),A,082030,RESPOP_AV,T,Y_GE15,TOTAL,ALL,12,ALL,ALL,2024,102.98285531967879,,,,,,,,ALL_N1,,,,,,,
IT1:DF_DCSS_ISTR_LAV_PEN_2_TV_3(1.0),A,082030,RESPOP_AV,T,Y_GE15,TOTAL,ALL,22,ALL,ALL,2018,1157,,,,,,,,ALL_N1,,,,,,,
IT1:DF_DCSS_ISTR_LAV_PEN_2_TV_3(1.0),A,082030,RESPOP_AV,T,Y_GE15,TOTAL,ALL,22,ALL,ALL,2019,1201,,,,,,,,ALL_N1,,,,,,,
IT1:DF_DCSS_ISTR_LAV_PEN_2_TV_3(1.0),A,082030,RESPOP_AV,T,Y_GE15,TOTAL,ALL,22,ALL,ALL,2021,1052.28957364566,,,,,,,,ALL_N1,,,,,,,
IT1:DF_DCSS_ISTR_LAV_PEN_2_TV_3(1.0),A,082030,RESPOP_AV,T,Y_GE15,TOTAL,ALL,22,ALL,ALL,2022,1059.67520451078,,,,,,,,ALL_N1,,,,,,,
IT1:DF_DCSS_ISTR_LAV_PEN_2_TV_3(1.0),A,082030,RESPOP_AV,T,Y_GE15,TOTAL,ALL,22,ALL,ALL,2023,1090.8144574444293,,,,,,,,ALL_N1,,,,,,,
IT1:DF_DCSS_ISTR_LAV_PEN_2_TV_3(1.0),A,082030,RESPOP_AV,T,Y_GE15,TOTAL,ALL,22,ALL,ALL,2024,1077.9828553196787,,,,,,,,ALL_N1,,,,,,,
IT1:DF_DCSS_ISTR_LAV_PEN_2_TV_3(1.0),A,082030,RESPOP_AV,T,Y_GE15,TOTAL,ALL,23,ALL,ALL,2018,2023,,,,,,,,ALL_N1,,,,,,,
IT1:DF_DCSS_ISTR_LAV_PEN_2_TV_3(1.0),A,082030,RESPOP_AV,T,Y_GE15,TOTAL,ALL,23,ALL,ALL,2019,1935,,,,,,,,ALL_N1,,,,,,,
IT1:DF_DCSS_ISTR_LAV_PEN_2_TV_3(1.0),A,082030,RESPOP_AV,T,Y_GE15,TOTAL,ALL,23,ALL,ALL,2021,1991.71042635434,,,,,,,,ALL_N1,,,,,,,
IT1:DF_DCSS_ISTR_LAV_PEN_2_TV_3(1.0),A,082030,RESPOP_AV,T,Y_GE15,TOTAL,ALL,23,ALL,ALL,2022,1953.32479548922,,,,,,,,ALL_N1,,,,,,,
IT1:DF_DCSS_ISTR_LAV_PEN_2_TV_3(1.0),A,082030,RESPOP_AV,T,Y_GE15,TOTAL,ALL,23,ALL,ALL,2023,1844.1855425555705,,,,,,,,ALL_N1,,,,,,,
IT1:DF_DCSS_ISTR_LAV_PEN_2_TV_3(1.0),A,082030,RESPOP_AV,T,Y_GE15,TOTAL,ALL,23,ALL,ALL,2024,1851.0171446803213,,,,,,,,ALL_N1,,,,,,,
IT1:DF_DCSS_ISTR_LAV_PEN_2_TV_3(1.0),A,082030,RESPOP_AV,T,Y_GE15,TOTAL,ALL,24,ALL,ALL,2018,759,,,,,,,,ALL_N1,,,,,,,
IT1:DF_DCSS_ISTR_LAV_PEN_2_TV_3(1.0),A,082030,RESPOP_AV,T,Y_GE15,TOTAL,ALL,24,ALL,ALL,2019,787,,,,,,,,ALL_N1,,,,,,,
IT1:DF_DCSS_ISTR_LAV_PEN_2_TV_3(1.0),A,082030,RESPOP_AV,T,Y_GE15,TOTAL,ALL,24,ALL,ALL,2021,768.884934594636,,,,,,,,ALL_N1,,,,,,,
IT1:DF_DCSS_ISTR_LAV_PEN_2_TV_3(1.0),A,082030,RESPOP_AV,T,Y_GE15,TOTAL,ALL,24,ALL,ALL,2022,741.532205675293,,,,,,,,ALL_N1,,,,,,,
IT1:DF_DCSS_ISTR_LAV_PEN_2_TV_3(1.0),A,082030,RESPOP_AV,T,Y_GE15,TOTAL,ALL,24,ALL,ALL,2023,659.6842192676431,,,,,,,,ALL_N1,,,,,,,
IT1:DF_DCSS_ISTR_LAV_PEN_2_TV_3(1.0),A,082030,RESPOP_AV,T,Y_GE15,TOTAL,ALL,24,ALL,ALL,2024,678.0355905134772,,,,,,,,ALL_N1,,,,,,,
IT1:DF_DCSS_ISTR_LAV_PEN_2_TV_3(1.0),A,082030,RESPOP_AV,T,Y_GE15,TOTAL,ALL,4,ALL,ALL,2018,594,,,,,,,,ALL_N1,,,,,,,
IT1:DF_DCSS_ISTR_LAV_PEN_2_TV_3(1.0),A,082030,RESPOP_AV,T,Y_GE15,TOTAL,ALL,4,ALL,ALL,2019,548,,,,,,,,ALL_N1,,,,,,,
IT1:DF_DCSS_ISTR_LAV_PEN_2_TV_3(1.0),A,082030,RESPOP_AV,T,Y_GE15,TOTAL,ALL,4,ALL,ALL,2021,606.328159499116,,,,,,,,ALL_N1,,,,,,,
IT1:DF_DCSS_ISTR_LAV_PEN_2_TV_3(1.0),A,082030,RESPOP_AV,T,Y_GE15,TOTAL,ALL,4,ALL,ALL,2022,600.007680798451,,,,,,,,ALL_N1,,,,,,,
IT1:DF_DCSS_ISTR_LAV_PEN_2_TV_3(1.0),A,082030,RESPOP_AV,T,Y_GE15,TOTAL,ALL,4,ALL,ALL,2023,603.5367692589124,,,,,,,,ALL_N1,,,,,,,
IT1:DF_DCSS_ISTR_LAV_PEN_2_TV_3(1.0),A,082030,RESPOP_AV,T,Y_GE15,TOTAL,ALL,4,ALL,ALL,2024,587.8388725098614,,,,,,,,ALL_N1,,,,,,,
IT1:DF_DCSS_ISTR_LAV_PEN_2_TV_3(1.0),A,082030,RESPOP_AV,T,Y_GE15,TOTAL,ALL,5,ALL,ALL,2018,234,,,,,,,,ALL_N1,,,,,,,
IT1:DF_DCSS_ISTR_LAV_PEN_2_TV_3(1.0),A,082030,RESPOP_AV,T,Y_GE15,TOTAL,ALL,5,ALL,ALL,2019,248,,,,,,,,ALL_N1,,,,,,,
IT1:DF_DCSS_ISTR_LAV_PEN_2_TV_3(1.0),A,082030,RESPOP_AV,T,Y_GE15,TOTAL,ALL,5,ALL,ALL,2021,234.850305472327,,,,,,,,ALL_N1,,,,,,,
IT1:DF_DCSS_ISTR_LAV_PEN_2_TV_3(1.0),A,082030,RESPOP_AV,T,Y_GE15,TOTAL,ALL,5,ALL,ALL,2022,237.867632170952,,,,,,,,ALL_N1,,,,,,,
IT1:DF_DCSS_ISTR_LAV_PEN_2_TV_3(1.0),A,082030,RESPOP_AV,T,Y_GE15,TOTAL,ALL,5,ALL,ALL,2023,216.04001369823655,,,,,,,,ALL_N1,,,,,,,
IT1:DF_DCSS_ISTR_LAV_PEN_2_TV_3(1.0),A,082030,RESPOP_AV,T,Y_GE15,TOTAL,ALL,5,ALL,ALL,2024,219.46176308582443,,,,,,,,ALL_N1,,,,,,,
IT1:DF_DCSS_ISTR_LAV_PEN_2_TV_3(1.0),A,082030,RESPOP_AV,T,Y_GE15,TOTAL,ALL,7,ALL,ALL,2018,436,,,,,,,,ALL_N1,,,,,,,
IT1:DF_DCSS_ISTR_LAV_PEN_2_TV_3(1.0),A,082030,RESPOP_AV,T,Y_GE15,TOTAL,ALL,7,ALL,ALL,2019,352,,,,,,,,ALL_N1,,,,,,,
IT1:DF_DCSS_ISTR_LAV_PEN_2_TV_3(1.0),A,082030,RESPOP_AV,T,Y_GE15,TOTAL,ALL,7,ALL,ALL,2021,381.647026788257,,,,,,,,ALL_N1,,,,,,,
IT1:DF_DCSS_ISTR_LAV_PEN_2_TV_3(1.0),A,082030,RESPOP_AV,T,Y_GE15,TOTAL,ALL,7,ALL,ALL,2022,373.917276844522,,,,,,,,ALL_N1,,,,,,,
IT1:DF_DCSS_ISTR_LAV_PEN_2_TV_3(1.0),A,082030,RESPOP_AV,T,Y_GE15,TOTAL,ALL,7,ALL,ALL,2023,364.9245403307784,,,,,,,,ALL_N1,,,,,,,
IT1:DF_DCSS_ISTR_LAV_PEN_2_TV_3(1.0),A,082030,RESPOP_AV,T,Y_GE15,TOTAL,ALL,7,ALL,ALL,2024,365.68091857115814,,,,,,,,ALL_N1,,,,,,,
IT1:DF_DCSS_ISTR_LAV_PEN_2_TV_3(1.0),A,082030,RESPOP_AV,T,Y_GE15,TOTAL,ALL,99,ALL,ALL,2018,3179,,,,,,,,ALL_N1,99_N1,,,,,,
IT1:DF_DCSS_ISTR_LAV_PEN_2_TV_3(1.0),A,082030,RESPOP_AV,T,Y_GE15,TOTAL,ALL,99,ALL,ALL,2019,3136,,,,,,,,ALL_N1,99_N1,,,,,,
IT1:DF_DCSS_ISTR_LAV_PEN_2_TV_3(1.0),A,082030,RESPOP_AV,T,Y_GE15,TOTAL,ALL,99,ALL,ALL,2021,3044,,,,,,,,ALL_N1,99_N1,,,,,,
IT1:DF_DCSS_ISTR_LAV_PEN_2_TV_3(1.0),A,082030,RESPOP_AV,T,Y_GE15,TOTAL,ALL,99,ALL,ALL,2022,3013,,,,,,,,ALL_N1,99_N1,,,,,,
IT1:DF_DCSS_ISTR_LAV_PEN_2_TV_3(1.0),A,082030,RESPOP_AV,T,Y_GE15,TOTAL,ALL,99,ALL,ALL,2023,2935,,,,,,,,ALL_N1,99_N1,,,,,,
IT1:DF_DCSS_ISTR_LAV_PEN_2_TV_3(1.0),A,082030,RESPOP_AV,T,Y_GE15,TOTAL,ALL,99,ALL,ALL,2024,2929,,,,,,,,ALL_N1,99_N1,,,,,,
IT1:DF_DCSS_ISTR_LAV_PEN_2_TV_3(1.0),A,082031,RESPOP_AV,F,Y_GE15,TOTAL,ALL,1,ALL,ALL,2018,1155,,,,,,,,ALL_N1,,,,,,,
IT1:DF_DCSS_ISTR_LAV_PEN_2_TV_3(1.0),A,082031,RESPOP_AV,F,Y_GE15,TOTAL,ALL,1,ALL,ALL,2019,1231,,,,,,,,ALL_N1,,,,,,,
IT1:DF_DCSS_ISTR_LAV_PEN_2_TV_3(1.0),A,082031,RESPOP_AV,F,Y_GE15,TOTAL,ALL,1,ALL,ALL,2021,1300,,,,,,,,ALL_N1,,,,,,,
IT1:DF_DCSS_ISTR_LAV_PEN_2_TV_3(1.0),A,082031,RESPOP_AV,F,Y_GE15,TOTAL,ALL,1,ALL,ALL,2022,1322,,,,,,,,ALL_N1,,,,,,,
IT1:DF_DCSS_ISTR_LAV_PEN_2_TV_3(1.0),A,082031,RESPOP_AV,F,Y_GE15,TOTAL,ALL,1,ALL,ALL,2023,1391,,,,,,,,ALL_N1,,,,,,,
IT1:DF_DCSS_ISTR_LAV_PEN_2_TV_3(1.0),A,082031,RESPOP_AV,F,Y_GE15,TOTAL,ALL,1,ALL,ALL,2024,1490,,,,,,,,ALL_N1,,,,,,,
IT1:DF_DCSS_ISTR_LAV_PEN_2_TV_3(1.0),A,082031,RESPOP_AV,F,Y_GE15,TOTAL,ALL,12,ALL,ALL,2018,453,,,,,,,,ALL_N1,,,,,,,
IT1:DF_DCSS_ISTR_LAV_PEN_2_TV_3(1.0),A,082031,RESPOP_AV,F,Y_GE15,TOTAL,ALL,12,ALL,ALL,2019,431,,,,,,,,ALL_N1,,,,,,,
IT1:DF_DCSS_ISTR_LAV_PEN_2_TV_3(1.0),A,082031,RESPOP_AV,F,Y_GE15,TOTAL,ALL,12,ALL,ALL,2021,278.261092072439,,,,,,,,ALL_N1,,,,,,,
IT1:DF_DCSS_ISTR_LAV_PEN_2_TV_3(1.0),A,082031,RESPOP_AV,F,Y_GE15,TOTAL,ALL,12,ALL,ALL,2022,276.47746451438,,,,,,,,ALL_N1,,,,,,,
IT1:DF_DCSS_ISTR_LAV_PEN_2_TV_3(1.0),A,082031,RESPOP_AV,F,Y_GE15,TOTAL,ALL,12,ALL,ALL,2023,242.16443699612404,,,,,,,,ALL_N1,,,,,,,
IT1:DF_DCSS_ISTR_LAV_PEN_2_TV_3(1.0),A,082031,RESPOP_AV,F,Y_GE15,TOTAL,ALL,12,ALL,ALL,2024,212.40004303317968,,,,,,,,ALL_N1,,,,,,,
IT1:DF_DCSS_ISTR_LAV_PEN_2_TV_3(1.0),A,082031,RESPOP_AV,F,Y_GE15,TOTAL,ALL,22,ALL,ALL,2018,1608,,,,,,,,ALL_N1,,,,,,,
IT1:DF_DCSS_ISTR_LAV_PEN_2_TV_3(1.0),A,082031,RESPOP_AV,F,Y_GE15,TOTAL,ALL,22,ALL,ALL,2019,1662,,,,,,,,ALL_N1,,,,,,,
IT1:DF_DCSS_ISTR_LAV_PEN_2_TV_3(1.0),A,082031,RESPOP_AV,F,Y_GE15,TOTAL,ALL,22,ALL,ALL,2021,1578.26109207244,,,,,,,,ALL_N1,,,,,,,
IT1:DF_DCSS_ISTR_LAV_PEN_2_TV_3(1.0),A,082031,RESPOP_AV,F,Y_GE15,TOTAL,ALL,22,ALL,ALL,2022,1598.47746451438,,,,,,,,ALL_N1,,,,,,,
IT1:DF_DCSS_ISTR_LAV_PEN_2_TV_3(1.0),A,082031,RESPOP_AV,F,Y_GE15,TOTAL,ALL,22,ALL,ALL,2023,1633.164436996124,,,,,,,,ALL_N1,,,,,,,
IT1:DF_DCSS_ISTR_LAV_PEN_2_TV_3(1.0),A,082031,RESPOP_AV,F,Y_GE15,TOTAL,ALL,22,ALL,ALL,2024,1702.4000430331796,,,,,,,,ALL_N1,,,,,,,
IT1:DF_DCSS_ISTR_LAV_PEN_2_TV_3(1.0),A,082031,RESPOP_AV,F,Y_GE15,TOTAL,ALL,23,ALL,ALL,2018,3541,,,,,,,,ALL_N1,,,,,,,
IT1:DF_DCSS_ISTR_LAV_PEN_2_TV_3(1.0),A,082031,RESPOP_AV,F,Y_GE15,TOTAL,ALL,23,ALL,ALL,2019,3486,,,,,,,,ALL_N1,,,,,,,
IT1:DF_DCSS_ISTR_LAV_PEN_2_TV_3(1.0),A,082031,RESPOP_AV,F,Y_GE15,TOTAL,ALL,23,ALL,ALL,2021,3576.73890792756,,,,,,,,ALL_N1,,,,,,,
IT1:DF_DCSS_ISTR_LAV_PEN_2_TV_3(1.0),A,082031,RESPOP_AV,F,Y_GE15,TOTAL,ALL,23,ALL,ALL,2022,3610.52253548562,,,,,,,,ALL_N1,,,,,,,
IT1:DF_DCSS_ISTR_LAV_PEN_2_TV_3(1.0),A,082031,RESPOP_AV,F,Y_GE15,TOTAL,ALL,23,ALL,ALL,2023,3606.835563003876,,,,,,,,ALL_N1,,,,,,,
IT1:DF_DCSS_ISTR_LAV_PEN_2_TV_3(1.0),A,082031,RESPOP_AV,F,Y_GE15,TOTAL,ALL,23,ALL,ALL,2024,3645.59995696682,,,,,,,,ALL_N1,,,,,,,
IT1:DF_DCSS_ISTR_LAV_PEN_2_TV_3(1.0),A,082031,RESPOP_AV,F,Y_GE15,TOTAL,ALL,24,ALL,ALL,2018,657,,,,,,,,ALL_N1,,,,,,,
IT1:DF_DCSS_ISTR_LAV_PEN_2_TV_3(1.0),A,082031,RESPOP_AV,F,Y_GE15,TOTAL,ALL,24,ALL,ALL,2019,663,,,,,,,,ALL_N1,,,,,,,
IT1:DF_DCSS_ISTR_LAV_PEN_2_TV_3(1.0),A,082031,RESPOP_AV,F,Y_GE15,TOTAL,ALL,24,ALL,ALL,2021,698.02694679843,,,,,,,,ALL_N1,,,,,,,
IT1:DF_DCSS_ISTR_LAV_PEN_2_TV_3(1.0),A,082031,RESPOP_AV,F,Y_GE15,TOTAL,ALL,24,ALL,ALL,2022,656.656782651219,,,,,,,,ALL_N1,,,,,,,
IT1:DF_DCSS_ISTR_LAV_PEN_2_TV_3(1.0),A,082031,RESPOP_AV,F,Y_GE15,TOTAL,ALL,24,ALL,ALL,2023,693.5792794925717,,,,,,,,ALL_N1,,,,,,,
IT1:DF_DCSS_ISTR_LAV_PEN_2_TV_3(1.0),A,082031,RESPOP_AV,F,Y_GE15,TOTAL,ALL,24,ALL,ALL,2024,763.2132479763653,,,,,,,,ALL_N1,,,,,,,
IT1:DF_DCSS_ISTR_LAV_PEN_2_TV_3(1.0),A,082031,RESPOP_AV,F,Y_GE15,TOTAL,ALL,4,ALL,ALL,2018,2023,,,,,,,,ALL_N1,,,,,,,
IT1:DF_DCSS_ISTR_LAV_PEN_2_TV_3(1.0),A,082031,RESPOP_AV,F,Y_GE15,TOTAL,ALL,4,ALL,ALL,2019,1992,,,,,,,,ALL_N1,,,,,,,
IT1:DF_DCSS_ISTR_LAV_PEN_2_TV_3(1.0),A,082031,RESPOP_AV,F,Y_GE15,TOTAL,ALL,4,ALL,ALL,2021,2014.01976975368,,,,,,,,ALL_N1,,,,,,,
IT1:DF_DCSS_ISTR_LAV_PEN_2_TV_3(1.0),A,082031,RESPOP_AV,F,Y_GE15,TOTAL,ALL,4,ALL,ALL,2022,2018.8729893055,,,,,,,,ALL_N1,,,,,,,
IT1:DF_DCSS_ISTR_LAV_PEN_2_TV_3(1.0),A,082031,RESPOP_AV,F,Y_GE15,TOTAL,ALL,4,ALL,ALL,2023,1985.2549337788787,,,,,,,,ALL_N1,,,,,,,
IT1:DF_DCSS_ISTR_LAV_PEN_2_TV_3(1.0),A,082031,RESPOP_AV,F,Y_GE15,TOTAL,ALL,4,ALL,ALL,2024,2007.3006084510885,,,,,,,,ALL_N1,,,,,,,
IT1:DF_DCSS_ISTR_LAV_PEN_2_TV_3(1.0),A,082031,RESPOP_AV,F,Y_GE15,TOTAL,ALL,5,ALL,ALL,2018,451,,,,,,,,ALL_N1,,,,,,,
IT1:DF_DCSS_ISTR_LAV_PEN_2_TV_3(1.0),A,082031,RESPOP_AV,F,Y_GE15,TOTAL,ALL,5,ALL,ALL,2019,470,,,,,,,,ALL_N1,,,,,,,
IT1:DF_DCSS_ISTR_LAV_PEN_2_TV_3(1.0),A,082031,RESPOP_AV,F,Y_GE15,TOTAL,ALL,5,ALL,ALL,2021,472.10251103778,,,,,,,,ALL_N1,,,,,,,
IT1:DF_DCSS_ISTR_LAV_PEN_2_TV_3(1.0),A,082031,RESPOP_AV,F,Y_GE15,TOTAL,ALL,5,ALL,ALL,2022,513.572572058494,,,,,,,,ALL_N1,,,,,,,
IT1:DF_DCSS_ISTR_LAV_PEN_2_TV_3(1.0),A,082031,RESPOP_AV,F,Y_GE15,TOTAL,ALL,5,ALL,ALL,2023,532.3926776217406,,,,,,,,ALL_N1,,,,,,,
IT1:DF_DCSS_ISTR_LAV_PEN_2_TV_3(1.0),A,082031,RESPOP_AV,F,Y_GE15,TOTAL,ALL,5,ALL,ALL,2024,516.8887342281301,,,,,,,,ALL_N1,,,,,,,
IT1:DF_DCSS_ISTR_LAV_PEN_2_TV_3(1.0),A,082031,RESPOP_AV,F,Y_GE15,TOTAL,ALL,7,ALL,ALL,2018,410,,,,,,,,ALL_N1,,,,,,,
IT1:DF_DCSS_ISTR_LAV_PEN_2_TV_3(1.0),A,082031,RESPOP_AV,F,Y_GE15,TOTAL,ALL,7,ALL,ALL,2019,361,,,,,,,,ALL_N1,,,,,,,
IT1:DF_DCSS_ISTR_LAV_PEN_2_TV_3(1.0),A,082031,RESPOP_AV,F,Y_GE15,TOTAL,ALL,7,ALL,ALL,2021,392.589680337672,,,,,,,,ALL_N1,,,,,,,
IT1:DF_DCSS_ISTR_LAV_PEN_2_TV_3(1.0),A,082031,RESPOP_AV,F,Y_GE15,TOTAL,ALL,7,ALL,ALL,2022,421.420191470407,,,,,,,,ALL_N1,,,,,,,
IT1:DF_DCSS_ISTR_LAV_PEN_2_TV_3(1.0),A,082031,RESPOP_AV,F,Y_GE15,TOTAL,ALL,7,ALL,ALL,2023,395.60867211068506,,,,,,,,ALL_N1,,,,,,,
IT1:DF_DCSS_ISTR_LAV_PEN_2_TV_3(1.0),A,082031,RESPOP_AV,F,Y_GE15,TOTAL,ALL,7,ALL,ALL,2024,358.1973663112365,,,,,,,,ALL_N1,,,,,,,
IT1:DF_DCSS_ISTR_LAV_PEN_2_TV_3(1.0),A,082031,RESPOP_AV,F,Y_GE15,TOTAL,ALL,99,ALL,ALL,2018,5149,,,,,,,,ALL_N1,99_N1,,,,,,
IT1:DF_DCSS_ISTR_LAV_PEN_2_TV_3(1.0),A,082031,RESPOP_AV,F,Y_GE15,TOTAL,ALL,99,ALL,ALL,2019,5148,,,,,,,,ALL_N1,99_N1,,,,,,
IT1:DF_DCSS_ISTR_LAV_PEN_2_TV_3(1.0),A,082031,RESPOP_AV,F,Y_GE15,TOTAL,ALL,99,ALL,ALL,2021,5155,,,,,,,,ALL_N1,99_N1,,,,,,
IT1:DF_DCSS_ISTR_LAV_PEN_2_TV_3(1.0),A,082031,RESPOP_AV,F,Y_GE15,TOTAL,ALL,99,ALL,ALL,2022,5209,,,,,,,,ALL_N1,99_N1,,,,,,
IT1:DF_DCSS_ISTR_LAV_PEN_2_TV_3(1.0),A,082031,RESPOP_AV,F,Y_GE15,TOTAL,ALL,99,ALL,ALL,2023,5240,,,,,,,,ALL_N1,99_N1,,,,,,
IT1:DF_DCSS_ISTR_LAV_PEN_2_TV_3(1.0),A,082031,RESPOP_AV,F,Y_GE15,TOTAL,ALL,99,ALL,ALL,2024,5348,,,,,,,,ALL_N1,99_N1,,,,,,
IT1:DF_DCSS_ISTR_LAV_PEN_2_TV_3(1.0),A,082031,RESPOP_AV,M,Y_GE15,TOTAL,ALL,1,ALL,ALL,2018,2164,,,,,,,,ALL_N1,,,,,,,
IT1:DF_DCSS_ISTR_LAV_PEN_2_TV_3(1.0),A,082031,RESPOP_AV,M,Y_GE15,TOTAL,ALL,1,ALL,ALL,2019,2241,,,,,,,,ALL_N1,,,,,,,
IT1:DF_DCSS_ISTR_LAV_PEN_2_TV_3(1.0),A,082031,RESPOP_AV,M,Y_GE15,TOTAL,ALL,1,ALL,ALL,2021,2319,,,,,,,,ALL_N1,,,,,,,
IT1:DF_DCSS_ISTR_LAV_PEN_2_TV_3(1.0),A,082031,RESPOP_AV,M,Y_GE15,TOTAL,ALL,1,ALL,ALL,2022,2394,,,,,,,,ALL_N1,,,,,,,
IT1:DF_DCSS_ISTR_LAV_PEN_2_TV_3(1.0),A,082031,RESPOP_AV,M,Y_GE15,TOTAL,ALL,1,ALL,ALL,2023,2460,,,,,,,,ALL_N1,,,,,,,
IT1:DF_DCSS_ISTR_LAV_PEN_2_TV_3(1.0),A,082031,RESPOP_AV,M,Y_GE15,TOTAL,ALL,1,ALL,ALL,2024,2581,,,,,,,,ALL_N1,,,,,,,
IT1:DF_DCSS_ISTR_LAV_PEN_2_TV_3(1.0),A,082031,RESPOP_AV,M,Y_GE15,TOTAL,ALL,12,ALL,ALL,2018,607,,,,,,,,ALL_N1,,,,,,,
IT1:DF_DCSS_ISTR_LAV_PEN_2_TV_3(1.0),A,082031,RESPOP_AV,M,Y_GE15,TOTAL,ALL,12,ALL,ALL,2019,562,,,,,,,,ALL_N1,,,,,,,
IT1:DF_DCSS_ISTR_LAV_PEN_2_TV_3(1.0),A,082031,RESPOP_AV,M,Y_GE15,TOTAL,ALL,12,ALL,ALL,2021,401.833900153254,,,,,,,,ALL_N1,,,,,,,
IT1:DF_DCSS_ISTR_LAV_PEN_2_TV_3(1.0),A,082031,RESPOP_AV,M,Y_GE15,TOTAL,ALL,12,ALL,ALL,2022,347.138096496829,,,,,,,,ALL_N1,,,,,,,
IT1:DF_DCSS_ISTR_LAV_PEN_2_TV_3(1.0),A,082031,RESPOP_AV,M,Y_GE15,TOTAL,ALL,12,ALL,ALL,2023,303.78042947720223,,,,,,,,ALL_N1,,,,,,,
IT1:DF_DCSS_ISTR_LAV_PEN_2_TV_3(1.0),A,082031,RESPOP_AV,M,Y_GE15,TOTAL,ALL,12,ALL,ALL,2024,288.1309544145319,,,,,,,,ALL_N1,,,,,,,
IT1:DF_DCSS_ISTR_LAV_PEN_2_TV_3(1.0),A,082031,RESPOP_AV,M,Y_GE15,TOTAL,ALL,22,ALL,ALL,2018,2771,,,,,,,,ALL_N1,,,,,,,
IT1:DF_DCSS_ISTR_LAV_PEN_2_TV_3(1.0),A,082031,RESPOP_AV,M,Y_GE15,TOTAL,ALL,22,ALL,ALL,2019,2803,,,,,,,,ALL_N1,,,,,,,
IT1:DF_DCSS_ISTR_LAV_PEN_2_TV_3(1.0),A,082031,RESPOP_AV,M,Y_GE15,TOTAL,ALL,22,ALL,ALL,2021,2720.83390015325,,,,,,,,ALL_N1,,,,,,,
IT1:DF_DCSS_ISTR_LAV_PEN_2_TV_3(1.0),A,082031,RESPOP_AV,M,Y_GE15,TOTAL,ALL,22,ALL,ALL,2022,2741.13809649683,,,,,,,,ALL_N1,,,,,,,
IT1:DF_DCSS_ISTR_LAV_PEN_2_TV_3(1.0),A,082031,RESPOP_AV,M,Y_GE15,TOTAL,ALL,22,ALL,ALL,2023,2763.7804294772022,,,,,,,,ALL_N1,,,,,,,
IT1:DF_DCSS_ISTR_LAV_PEN_2_TV_3(1.0),A,082031,RESPOP_AV,M,Y_GE15,TOTAL,ALL,22,ALL,ALL,2024,2869.130954414532,,,,,,,,ALL_N1,,,,,,,
IT1:DF_DCSS_ISTR_LAV_PEN_2_TV_3(1.0),A,082031,RESPOP_AV,M,Y_GE15,TOTAL,ALL,23,ALL,ALL,2018,2149,,,,,,,,ALL_N1,,,,,,,
IT1:DF_DCSS_ISTR_LAV_PEN_2_TV_3(1.0),A,082031,RESPOP_AV,M,Y_GE15,TOTAL,ALL,23,ALL,ALL,2019,2149,,,,,,,,ALL_N1,,,,,,,
IT1:DF_DCSS_ISTR_LAV_PEN_2_TV_3(1.0),A,082031,RESPOP_AV,M,Y_GE15,TOTAL,ALL,23,ALL,ALL,2021,2288.16609984675,,,,,,,,ALL_N1,,,,,,,
IT1:DF_DCSS_ISTR_LAV_PEN_2_TV_3(1.0),A,082031,RESPOP_AV,M,Y_GE15,TOTAL,ALL,23,ALL,ALL,2022,2302.86190350317,,,,,,,,ALL_N1,,,,,,,
IT1:DF_DCSS_ISTR_LAV_PEN_2_TV_3(1.0),A,082031,RESPOP_AV,M,Y_GE15,TOTAL,ALL,23,ALL,ALL,2023,2311.2195705227978,,,,,,,,ALL_N1,,,,,,,
IT1:DF_DCSS_ISTR_LAV_PEN_2_TV_3(1.0),A,082031,RESPOP_AV,M,Y_GE15,TOTAL,ALL,23,ALL,ALL,2024,2291.869045585468,,,,,,,,ALL_N1,,,,,,,
IT1:DF_DCSS_ISTR_LAV_PEN_2_TV_3(1.0),A,082031,RESPOP_AV,M,Y_GE15,TOTAL,ALL,24,ALL,ALL,2018,939,,,,,,,,ALL_N1,,,,,,,
IT1:DF_DCSS_ISTR_LAV_PEN_2_TV_3(1.0),A,082031,RESPOP_AV,M,Y_GE15,TOTAL,ALL,24,ALL,ALL,2019,983,,,,,,,,ALL_N1,,,,,,,
IT1:DF_DCSS_ISTR_LAV_PEN_2_TV_3(1.0),A,082031,RESPOP_AV,M,Y_GE15,TOTAL,ALL,24,ALL,ALL,2021,989.998649771338,,,,,,,,ALL_N1,,,,,,,
IT1:DF_DCSS_ISTR_LAV_PEN_2_TV_3(1.0),A,082031,RESPOP_AV,M,Y_GE15,TOTAL,ALL,24,ALL,ALL,2022,999.669734572958,,,,,,,,ALL_N1,,,,,,,
IT1:DF_DCSS_ISTR_LAV_PEN_2_TV_3(1.0),A,082031,RESPOP_AV,M,Y_GE15,TOTAL,ALL,24,ALL,ALL,2023,1008.0111998723648,,,,,,,,ALL_N1,,,,,,,
IT1:DF_DCSS_ISTR_LAV_PEN_2_TV_3(1.0),A,082031,RESPOP_AV,M,Y_GE15,TOTAL,ALL,24,ALL,ALL,2024,1085.186912469079,,,,,,,,ALL_N1,,,,,,,
IT1:DF_DCSS_ISTR_LAV_PEN_2_TV_3(1.0),A,082031,RESPOP_AV,M,Y_GE15,TOTAL,ALL,4,ALL,ALL,2018,108,,,,,,,,ALL_N1,,,,,,,
IT1:DF_DCSS_ISTR_LAV_PEN_2_TV_3(1.0),A,082031,RESPOP_AV,M,Y_GE15,TOTAL,ALL,4,ALL,ALL,2019,112,,,,,,,,ALL_N1,,,,,,,
IT1:DF_DCSS_ISTR_LAV_PEN_2_TV_3(1.0),A,082031,RESPOP_AV,M,Y_GE15,TOTAL,ALL,4,ALL,ALL,2021,167.001190844566,,,,,,,,ALL_N1,,,,,,,
IT1:DF_DCSS_ISTR_LAV_PEN_2_TV_3(1.0),A,082031,RESPOP_AV,M,Y_GE15,TOTAL,ALL,4,ALL,ALL,2022,168.026724836854,,,,,,,,ALL_N1,,,,,,,
IT1:DF_DCSS_ISTR_LAV_PEN_2_TV_3(1.0),A,082031,RESPOP_AV,M,Y_GE15,TOTAL,ALL,4,ALL,ALL,2023,180.59047459088185,,,,,,,,ALL_N1,,,,,,,
IT1:DF_DCSS_ISTR_LAV_PEN_2_TV_3(1.0),A,082031,RESPOP_AV,M,Y_GE15,TOTAL,ALL,4,ALL,ALL,2024,168.2783334644781,,,,,,,,ALL_N1,,,,,,,
IT1:DF_DCSS_ISTR_LAV_PEN_2_TV_3(1.0),A,082031,RESPOP_AV,M,Y_GE15,TOTAL,ALL,5,ALL,ALL,2018,424,,,,,,,,ALL_N1,,,,,,,
IT1:DF_DCSS_ISTR_LAV_PEN_2_TV_3(1.0),A,082031,RESPOP_AV,M,Y_GE15,TOTAL,ALL,5,ALL,ALL,2019,455,,,,,,,,ALL_N1,,,,,,,
IT1:DF_DCSS_ISTR_LAV_PEN_2_TV_3(1.0),A,082031,RESPOP_AV,M,Y_GE15,TOTAL,ALL,5,ALL,ALL,2021,454.831062762631,,,,,,,,ALL_N1,,,,,,,
IT1:DF_DCSS_ISTR_LAV_PEN_2_TV_3(1.0),A,082031,RESPOP_AV,M,Y_GE15,TOTAL,ALL,5,ALL,ALL,2022,500.119954886408,,,,,,,,ALL_N1,,,,,,,
IT1:DF_DCSS_ISTR_LAV_PEN_2_TV_3(1.0),A,082031,RESPOP_AV,M,Y_GE15,TOTAL,ALL,5,ALL,ALL,2023,528.2133905924189,,,,,,,,ALL_N1,,,,,,,
IT1:DF_DCSS_ISTR_LAV_PEN_2_TV_3(1.0),A,082031,RESPOP_AV,M,Y_GE15,TOTAL,ALL,5,ALL,ALL,2024,481.51116736785224,,,,,,,,ALL_N1,,,,,,,
IT1:DF_DCSS_ISTR_LAV_PEN_2_TV_3(1.0),A,082031,RESPOP_AV,M,Y_GE15,TOTAL,ALL,7,ALL,ALL,2018,679,,,,,,,,ALL_N1,,,,,,,
IT1:DF_DCSS_ISTR_LAV_PEN_2_TV_3(1.0),A,082031,RESPOP_AV,M,Y_GE15,TOTAL,ALL,7,ALL,ALL,2019,599,,,,,,,,ALL_N1,,,,,,,
IT1:DF_DCSS_ISTR_LAV_PEN_2_TV_3(1.0),A,082031,RESPOP_AV,M,Y_GE15,TOTAL,ALL,7,ALL,ALL,2021,676.335196468212,,,,,,,,ALL_N1,,,,,,,
IT1:DF_DCSS_ISTR_LAV_PEN_2_TV_3(1.0),A,082031,RESPOP_AV,M,Y_GE15,TOTAL,ALL,7,ALL,ALL,2022,635.045489206951,,,,,,,,ALL_N1,,,,,,,
IT1:DF_DCSS_ISTR_LAV_PEN_2_TV_3(1.0),A,082031,RESPOP_AV,M,Y_GE15,TOTAL,ALL,7,ALL,ALL,2023,594.4045054671323,,,,,,,,ALL_N1,,,,,,,
IT1:DF_DCSS_ISTR_LAV_PEN_2_TV_3(1.0),A,082031,RESPOP_AV,M,Y_GE15,TOTAL,ALL,7,ALL,ALL,2024,556.8926322840585,,,,,,,,ALL_N1,,,,,,,
IT1:DF_DCSS_ISTR_LAV_PEN_2_TV_3(1.0),A,082031,RESPOP_AV,M,Y_GE15,TOTAL,ALL,99,ALL,ALL,2018,4920,,,,,,,,ALL_N1,99_N1,,,,,,
IT1:DF_DCSS_ISTR_LAV_PEN_2_TV_3(1.0),A,082031,RESPOP_AV,M,Y_GE15,TOTAL,ALL,99,ALL,ALL,2019,4952,,,,,,,,ALL_N1,99_N1,,,,,,
IT1:DF_DCSS_ISTR_LAV_PEN_2_TV_3(1.0),A,082031,RESPOP_AV,M,Y_GE15,TOTAL,ALL,99,ALL,ALL,2021,5009,,,,,,,,ALL_N1,99_N1,,,,,,
IT1:DF_DCSS_ISTR_LAV_PEN_2_TV_3(1.0),A,082031,RESPOP_AV,M,Y_GE15,TOTAL,ALL,99,ALL,ALL,2022,5044,,,,,,,,ALL_N1,99_N1,,,,,,
IT1:DF_DCSS_ISTR_LAV_PEN_2_TV_3(1.0),A,082031,RESPOP_AV,M,Y_GE15,TOTAL,ALL,99,ALL,ALL,2023,5075,,,,,,,,ALL_N1,99_N1,,,,,,
IT1:DF_DCSS_ISTR_LAV_PEN_2_TV_3(1.0),A,082031,RESPOP_AV,M,Y_GE15,TOTAL,ALL,99,ALL,ALL,2024,5161,,,,,,,,ALL_N1,99_N1,,,,,,
IT1:DF_DCSS_ISTR_LAV_PEN_2_TV_3(1.0),A,082031,RESPOP_AV,T,Y_GE15,TOTAL,ALL,1,ALL,ALL,2018,3319,,,,,,,,ALL_N1,,,,,,,
IT1:DF_DCSS_ISTR_LAV_PEN_2_TV_3(1.0),A,082031,RESPOP_AV,T,Y_GE15,TOTAL,ALL,1,ALL,ALL,2019,3472,,,,,,,,ALL_N1,,,,,,,
IT1:DF_DCSS_ISTR_LAV_PEN_2_TV_3(1.0),A,082031,RESPOP_AV,T,Y_GE15,TOTAL,ALL,1,ALL,ALL,2021,3619,,,,,,,,ALL_N1,,,,,,,
IT1:DF_DCSS_ISTR_LAV_PEN_2_TV_3(1.0),A,082031,RESPOP_AV,T,Y_GE15,TOTAL,ALL,1,ALL,ALL,2022,3716,,,,,,,,ALL_N1,,,,,,,
IT1:DF_DCSS_ISTR_LAV_PEN_2_TV_3(1.0),A,082031,RESPOP_AV,T,Y_GE15,TOTAL,ALL,1,ALL,ALL,2023,3851,,,,,,,,ALL_N1,,,,,,,
IT1:DF_DCSS_ISTR_LAV_PEN_2_TV_3(1.0),A,082031,RESPOP_AV,T,Y_GE15,TOTAL,ALL,1,ALL,ALL,2024,4071,,,,,,,,ALL_N1,,,,,,,
IT1:DF_DCSS_ISTR_LAV_PEN_2_TV_3(1.0),A,082031,RESPOP_AV,T,Y_GE15,TOTAL,ALL,12,ALL,ALL,2018,1060,,,,,,,,ALL_N1,,,,,,,
IT1:DF_DCSS_ISTR_LAV_PEN_2_TV_3(1.0),A,082031,RESPOP_AV,T,Y_GE15,TOTAL,ALL,12,ALL,ALL,2019,993,,,,,,,,ALL_N1,,,,,,,
IT1:DF_DCSS_ISTR_LAV_PEN_2_TV_3(1.0),A,082031,RESPOP_AV,T,Y_GE15,TOTAL,ALL,12,ALL,ALL,2021,680.094992225693,,,,,,,,ALL_N1,,,,,,,
IT1:DF_DCSS_ISTR_LAV_PEN_2_TV_3(1.0),A,082031,RESPOP_AV,T,Y_GE15,TOTAL,ALL,12,ALL,ALL,2022,623.615561011209,,,,,,,,ALL_N1,,,,,,,
IT1:DF_DCSS_ISTR_LAV_PEN_2_TV_3(1.0),A,082031,RESPOP_AV,T,Y_GE15,TOTAL,ALL,12,ALL,ALL,2023,545.9448664733262,,,,,,,,ALL_N1,,,,,,,
IT1:DF_DCSS_ISTR_LAV_PEN_2_TV_3(1.0),A,082031,RESPOP_AV,T,Y_GE15,TOTAL,ALL,12,ALL,ALL,2024,500.5309974477116,,,,,,,,ALL_N1,,,,,,,
IT1:DF_DCSS_ISTR_LAV_PEN_2_TV_3(1.0),A,082031,RESPOP_AV,T,Y_GE15,TOTAL,ALL,22,ALL,ALL,2018,4379,,,,,,,,ALL_N1,,,,,,,
IT1:DF_DCSS_ISTR_LAV_PEN_2_TV_3(1.0),A,082031,RESPOP_AV,T,Y_GE15,TOTAL,ALL,22,ALL,ALL,2019,4465,,,,,,,,ALL_N1,,,,,,,
IT1:DF_DCSS_ISTR_LAV_PEN_2_TV_3(1.0),A,082031,RESPOP_AV,T,Y_GE15,TOTAL,ALL,22,ALL,ALL,2021,4299.09499222569,,,,,,,,ALL_N1,,,,,,,
IT1:DF_DCSS_ISTR_LAV_PEN_2_TV_3(1.0),A,082031,RESPOP_AV,T,Y_GE15,TOTAL,ALL,22,ALL,ALL,2022,4339.61556101121,,,,,,,,ALL_N1,,,,,,,
IT1:DF_DCSS_ISTR_LAV_PEN_2_TV_3(1.0),A,082031,RESPOP_AV,T,Y_GE15,TOTAL,ALL,22,ALL,ALL,2023,4396.944866473326,,,,,,,,ALL_N1,,,,,,,
IT1:DF_DCSS_ISTR_LAV_PEN_2_TV_3(1.0),A,082031,RESPOP_AV,T,Y_GE15,TOTAL,ALL,22,ALL,ALL,2024,4571.530997447711,,,,,,,,ALL_N1,,,,,,,
IT1:DF_DCSS_ISTR_LAV_PEN_2_TV_3(1.0),A,082031,RESPOP_AV,T,Y_GE15,TOTAL,ALL,23,ALL,ALL,2018,5690,,,,,,,,ALL_N1,,,,,,,
IT1:DF_DCSS_ISTR_LAV_PEN_2_TV_3(1.0),A,082031,RESPOP_AV,T,Y_GE15,TOTAL,ALL,23,ALL,ALL,2019,5635,,,,,,,,ALL_N1,,,,,,,
IT1:DF_DCSS_ISTR_LAV_PEN_2_TV_3(1.0),A,082031,RESPOP_AV,T,Y_GE15,TOTAL,ALL,23,ALL,ALL,2021,5864.90500777431,,,,,,,,ALL_N1,,,,,,,
IT1:DF_DCSS_ISTR_LAV_PEN_2_TV_3(1.0),A,082031,RESPOP_AV,T,Y_GE15,TOTAL,ALL,23,ALL,ALL,2022,5913.38443898879,,,,,,,,ALL_N1,,,,,,,
IT1:DF_DCSS_ISTR_LAV_PEN_2_TV_3(1.0),A,082031,RESPOP_AV,T,Y_GE15,TOTAL,ALL,23,ALL,ALL,2023,5918.055133526674,,,,,,,,ALL_N1,,,,,,,
IT1:DF_DCSS_ISTR_LAV_PEN_2_TV_3(1.0),A,082031,RESPOP_AV,T,Y_GE15,TOTAL,ALL,23,ALL,ALL,2024,5937.469002552289,,,,,,,,ALL_N1,,,,,,,
IT1:DF_DCSS_ISTR_LAV_PEN_2_TV_3(1.0),A,082031,RESPOP_AV,T,Y_GE15,TOTAL,ALL,24,ALL,ALL,2018,1596,,,,,,,,ALL_N1,,,,,,,
IT1:DF_DCSS_ISTR_LAV_PEN_2_TV_3(1.0),A,082031,RESPOP_AV,T,Y_GE15,TOTAL,ALL,24,ALL,ALL,2019,1646,,,,,,,,ALL_N1,,,,,,,
IT1:DF_DCSS_ISTR_LAV_PEN_2_TV_3(1.0),A,082031,RESPOP_AV,T,Y_GE15,TOTAL,ALL,24,ALL,ALL,2021,1688.02559656977,,,,,,,,ALL_N1,,,,,,,
IT1:DF_DCSS_ISTR_LAV_PEN_2_TV_3(1.0),A,082031,RESPOP_AV,T,Y_GE15,TOTAL,ALL,24,ALL,ALL,2022,1656.32651722418,,,,,,,,ALL_N1,,,,,,,
IT1:DF_DCSS_ISTR_LAV_PEN_2_TV_3(1.0),A,082031,RESPOP_AV,T,Y_GE15,TOTAL,ALL,24,ALL,ALL,2023,1701.5904793649365,,,,,,,,ALL_N1,,,,,,,
IT1:DF_DCSS_ISTR_LAV_PEN_2_TV_3(1.0),A,082031,RESPOP_AV,T,Y_GE15,TOTAL,ALL,24,ALL,ALL,2024,1848.4001604454443,,,,,,,,ALL_N1,,,,,,,
IT1:DF_DCSS_ISTR_LAV_PEN_2_TV_3(1.0),A,082031,RESPOP_AV,T,Y_GE15,TOTAL,ALL,4,ALL,ALL,2018,2131,,,,,,,,ALL_N1,,,,,,,
IT1:DF_DCSS_ISTR_LAV_PEN_2_TV_3(1.0),A,082031,RESPOP_AV,T,Y_GE15,TOTAL,ALL,4,ALL,ALL,2019,2104,,,,,,,,ALL_N1,,,,,,,
IT1:DF_DCSS_ISTR_LAV_PEN_2_TV_3(1.0),A,082031,RESPOP_AV,T,Y_GE15,TOTAL,ALL,4,ALL,ALL,2021,2181.02096059824,,,,,,,,ALL_N1,,,,,,,
IT1:DF_DCSS_ISTR_LAV_PEN_2_TV_3(1.0),A,082031,RESPOP_AV,T,Y_GE15,TOTAL,ALL,4,ALL,ALL,2022,2186.89971414235,,,,,,,,ALL_N1,,,,,,,
IT1:DF_DCSS_ISTR_LAV_PEN_2_TV_3(1.0),A,082031,RESPOP_AV,T,Y_GE15,TOTAL,ALL,4,ALL,ALL,2023,2165.8454083697607,,,,,,,,ALL_N1,,,,,,,
IT1:DF_DCSS_ISTR_LAV_PEN_2_TV_3(1.0),A,082031,RESPOP_AV,T,Y_GE15,TOTAL,ALL,4,ALL,ALL,2024,2175.5789419155667,,,,,,,,ALL_N1,,,,,,,
IT1:DF_DCSS_ISTR_LAV_PEN_2_TV_3(1.0),A,082031,RESPOP_AV,T,Y_GE15,TOTAL,ALL,5,ALL,ALL,2018,875,,,,,,,,ALL_N1,,,,,,,
IT1:DF_DCSS_ISTR_LAV_PEN_2_TV_3(1.0),A,082031,RESPOP_AV,T,Y_GE15,TOTAL,ALL,5,ALL,ALL,2019,925,,,,,,,,ALL_N1,,,,,,,
IT1:DF_DCSS_ISTR_LAV_PEN_2_TV_3(1.0),A,082031,RESPOP_AV,T,Y_GE15,TOTAL,ALL,5,ALL,ALL,2021,926.933573800411,,,,,,,,ALL_N1,,,,,,,
IT1:DF_DCSS_ISTR_LAV_PEN_2_TV_3(1.0),A,082031,RESPOP_AV,T,Y_GE15,TOTAL,ALL,5,ALL,ALL,2022,1013.6925269449,,,,,,,,ALL_N1,,,,,,,
IT1:DF_DCSS_ISTR_LAV_PEN_2_TV_3(1.0),A,082031,RESPOP_AV,T,Y_GE15,TOTAL,ALL,5,ALL,ALL,2023,1060.6060682141594,,,,,,,,ALL_N1,,,,,,,
IT1:DF_DCSS_ISTR_LAV_PEN_2_TV_3(1.0),A,082031,RESPOP_AV,T,Y_GE15,TOTAL,ALL,5,ALL,ALL,2024,998.3999015959823,,,,,,,,ALL_N1,,,,,,,
IT1:DF_DCSS_ISTR_LAV_PEN_2_TV_3(1.0),A,082031,RESPOP_AV,T,Y_GE15,TOTAL,ALL,7,ALL,ALL,2018,1089,,,,,,,,ALL_N1,,,,,,,
IT1:DF_DCSS_ISTR_LAV_PEN_2_TV_3(1.0),A,082031,RESPOP_AV,T,Y_GE15,TOTAL,ALL,7,ALL,ALL,2019,960,,,,,,,,ALL_N1,,,,,,,
IT1:DF_DCSS_ISTR_LAV_PEN_2_TV_3(1.0),A,082031,RESPOP_AV,T,Y_GE15,TOTAL,ALL,7,ALL,ALL,2021,1068.92487680588,,,,,,,,ALL_N1,,,,,,,
IT1:DF_DCSS_ISTR_LAV_PEN_2_TV_3(1.0),A,082031,RESPOP_AV,T,Y_GE15,TOTAL,ALL,7,ALL,ALL,2022,1056.46568067736,,,,,,,,ALL_N1,,,,,,,
IT1:DF_DCSS_ISTR_LAV_PEN_2_TV_3(1.0),A,082031,RESPOP_AV,T,Y_GE15,TOTAL,ALL,7,ALL,ALL,2023,990.0131775778173,,,,,,,,ALL_N1,,,,,,,
IT1:DF_DCSS_ISTR_LAV_PEN_2_TV_3(1.0),A,082031,RESPOP_AV,T,Y_GE15,TOTAL,ALL,7,ALL,ALL,2024,915.089998595295,,,,,,,,ALL_N1,,,,,,,
IT1:DF_DCSS_ISTR_LAV_PEN_2_TV_3(1.0),A,082031,RESPOP_AV,T,Y_GE15,TOTAL,ALL,99,ALL,ALL,2018,10069,,,,,,,,ALL_N1,99_N1,,,,,,
IT1:DF_DCSS_ISTR_LAV_PEN_2_TV_3(1.0),A,082031,RESPOP_AV,T,Y_GE15,TOTAL,ALL,99,ALL,ALL,2019,10100,,,,,,,,ALL_N1,99_N1,,,,,,
IT1:DF_DCSS_ISTR_LAV_PEN_2_TV_3(1.0),A,082031,RESPOP_AV,T,Y_GE15,TOTAL,ALL,99,ALL,ALL,2021,10164,,,,,,,,ALL_N1,99_N1,,,,,,
IT1:DF_DCSS_ISTR_LAV_PEN_2_TV_3(1.0),A,082031,RESPOP_AV,T,Y_GE15,TOTAL,ALL,99,ALL,ALL,2022,10253,,,,,,,,ALL_N1,99_N1,,,,,,
IT1:DF_DCSS_ISTR_LAV_PEN_2_TV_3(1.0),A,082031,RESPOP_AV,T,Y_GE15,TOTAL,ALL,99,ALL,ALL,2023,10315,,,,,,,,ALL_N1,99_N1,,,,,,
IT1:DF_DCSS_ISTR_LAV_PEN_2_TV_3(1.0),A,082031,RESPOP_AV,T,Y_GE15,TOTAL,ALL,99,ALL,ALL,2024,10509,,,,,,,,ALL_N1,99_N1,,,,,,
IT1:DF_DCSS_ISTR_LAV_PEN_2_TV_3(1.0),A,082032,RESPOP_AV,F,Y_GE15,TOTAL,ALL,1,ALL,ALL,2018,382,,,,,,,,ALL_N1,,,,,,,
IT1:DF_DCSS_ISTR_LAV_PEN_2_TV_3(1.0),A,082032,RESPOP_AV,F,Y_GE15,TOTAL,ALL,1,ALL,ALL,2019,389,,,,,,,,ALL_N1,,,,,,,
IT1:DF_DCSS_ISTR_LAV_PEN_2_TV_3(1.0),A,082032,RESPOP_AV,F,Y_GE15,TOTAL,ALL,1,ALL,ALL,2021,410,,,,,,,,ALL_N1,,,,,,,
IT1:DF_DCSS_ISTR_LAV_PEN_2_TV_3(1.0),A,082032,RESPOP_AV,F,Y_GE15,TOTAL,ALL,1,ALL,ALL,2022,399,,,,,,,,ALL_N1,,,,,,,
IT1:DF_DCSS_ISTR_LAV_PEN_2_TV_3(1.0),A,082032,RESPOP_AV,F,Y_GE15,TOTAL,ALL,1,ALL,ALL,2023,430,,,,,,,,ALL_N1,,,,,,,
IT1:DF_DCSS_ISTR_LAV_PEN_2_TV_3(1.0),A,082032,RESPOP_AV,F,Y_GE15,TOTAL,ALL,1,ALL,ALL,2024,442,,,,,,,,ALL_N1,,,,,,,
IT1:DF_DCSS_ISTR_LAV_PEN_2_TV_3(1.0),A,082032,RESPOP_AV,F,Y_GE15,TOTAL,ALL,12,ALL,ALL,2018,157,,,,,,,,ALL_N1,,,,,,,
IT1:DF_DCSS_ISTR_LAV_PEN_2_TV_3(1.0),A,082032,RESPOP_AV,F,Y_GE15,TOTAL,ALL,12,ALL,ALL,2019,162,,,,,,,,ALL_N1,,,,,,,
IT1:DF_DCSS_ISTR_LAV_PEN_2_TV_3(1.0),A,082032,RESPOP_AV,F,Y_GE15,TOTAL,ALL,12,ALL,ALL,2021,75.7685185737194,,,,,,,,ALL_N1,,,,,,,
IT1:DF_DCSS_ISTR_LAV_PEN_2_TV_3(1.0),A,082032,RESPOP_AV,F,Y_GE15,TOTAL,ALL,12,ALL,ALL,2022,84.9333427429123,,,,,,,,ALL_N1,,,,,,,
IT1:DF_DCSS_ISTR_LAV_PEN_2_TV_3(1.0),A,082032,RESPOP_AV,F,Y_GE15,TOTAL,ALL,12,ALL,ALL,2023,104.95086483158354,,,,,,,,ALL_N1,,,,,,,
IT1:DF_DCSS_ISTR_LAV_PEN_2_TV_3(1.0),A,082032,RESPOP_AV,F,Y_GE15,TOTAL,ALL,12,ALL,ALL,2024,69.80926741602319,,,,,,,,ALL_N1,,,,,,,
IT1:DF_DCSS_ISTR_LAV_PEN_2_TV_3(1.0),A,082032,RESPOP_AV,F,Y_GE15,TOTAL,ALL,22,ALL,ALL,2018,539,,,,,,,,ALL_N1,,,,,,,
IT1:DF_DCSS_ISTR_LAV_PEN_2_TV_3(1.0),A,082032,RESPOP_AV,F,Y_GE15,TOTAL,ALL,22,ALL,ALL,2019,551,,,,,,,,ALL_N1,,,,,,,
IT1:DF_DCSS_ISTR_LAV_PEN_2_TV_3(1.0),A,082032,RESPOP_AV,F,Y_GE15,TOTAL,ALL,22,ALL,ALL,2021,485.768518573719,,,,,,,,ALL_N1,,,,,,,
IT1:DF_DCSS_ISTR_LAV_PEN_2_TV_3(1.0),A,082032,RESPOP_AV,F,Y_GE15,TOTAL,ALL,22,ALL,ALL,2022,483.933342742912,,,,,,,,ALL_N1,,,,,,,
IT1:DF_DCSS_ISTR_LAV_PEN_2_TV_3(1.0),A,082032,RESPOP_AV,F,Y_GE15,TOTAL,ALL,22,ALL,ALL,2023,534.9508648315835,,,,,,,,ALL_N1,,,,,,,
IT1:DF_DCSS_ISTR_LAV_PEN_2_TV_3(1.0),A,082032,RESPOP_AV,F,Y_GE15,TOTAL,ALL,22,ALL,ALL,2024,511.8092674160232,,,,,,,,ALL_N1,,,,,,,
IT1:DF_DCSS_ISTR_LAV_PEN_2_TV_3(1.0),A,082032,RESPOP_AV,F,Y_GE15,TOTAL,ALL,23,ALL,ALL,2018,1217,,,,,,,,ALL_N1,,,,,,,
IT1:DF_DCSS_ISTR_LAV_PEN_2_TV_3(1.0),A,082032,RESPOP_AV,F,Y_GE15,TOTAL,ALL,23,ALL,ALL,2019,1201,,,,,,,,ALL_N1,,,,,,,
IT1:DF_DCSS_ISTR_LAV_PEN_2_TV_3(1.0),A,082032,RESPOP_AV,F,Y_GE15,TOTAL,ALL,23,ALL,ALL,2021,1196.23148142628,,,,,,,,ALL_N1,,,,,,,
IT1:DF_DCSS_ISTR_LAV_PEN_2_TV_3(1.0),A,082032,RESPOP_AV,F,Y_GE15,TOTAL,ALL,23,ALL,ALL,2022,1181.06665725709,,,,,,,,ALL_N1,,,,,,,
IT1:DF_DCSS_ISTR_LAV_PEN_2_TV_3(1.0),A,082032,RESPOP_AV,F,Y_GE15,TOTAL,ALL,23,ALL,ALL,2023,1157.0491351684166,,,,,,,,ALL_N1,,,,,,,
IT1:DF_DCSS_ISTR_LAV_PEN_2_TV_3(1.0),A,082032,RESPOP_AV,F,Y_GE15,TOTAL,ALL,23,ALL,ALL,2024,1159.1907325839768,,,,,,,,ALL_N1,,,,,,,
IT1:DF_DCSS_ISTR_LAV_PEN_2_TV_3(1.0),A,082032,RESPOP_AV,F,Y_GE15,TOTAL,ALL,24,ALL,ALL,2018,429,,,,,,,,ALL_N1,,,,,,,
IT1:DF_DCSS_ISTR_LAV_PEN_2_TV_3(1.0),A,082032,RESPOP_AV,F,Y_GE15,TOTAL,ALL,24,ALL,ALL,2019,425,,,,,,,,ALL_N1,,,,,,,
IT1:DF_DCSS_ISTR_LAV_PEN_2_TV_3(1.0),A,082032,RESPOP_AV,F,Y_GE15,TOTAL,ALL,24,ALL,ALL,2021,405.782270119443,,,,,,,,ALL_N1,,,,,,,
IT1:DF_DCSS_ISTR_LAV_PEN_2_TV_3(1.0),A,082032,RESPOP_AV,F,Y_GE15,TOTAL,ALL,24,ALL,ALL,2022,391.87790282909,,,,,,,,ALL_N1,,,,,,,
IT1:DF_DCSS_ISTR_LAV_PEN_2_TV_3(1.0),A,082032,RESPOP_AV,F,Y_GE15,TOTAL,ALL,24,ALL,ALL,2023,414.73954346205767,,,,,,,,ALL_N1,,,,,,,
IT1:DF_DCSS_ISTR_LAV_PEN_2_TV_3(1.0),A,082032,RESPOP_AV,F,Y_GE15,TOTAL,ALL,24,ALL,ALL,2024,411.1685914573936,,,,,,,,ALL_N1,,,,,,,
IT1:DF_DCSS_ISTR_LAV_PEN_2_TV_3(1.0),A,082032,RESPOP_AV,F,Y_GE15,TOTAL,ALL,4,ALL,ALL,2018,509,,,,,,,,ALL_N1,,,,,,,
IT1:DF_DCSS_ISTR_LAV_PEN_2_TV_3(1.0),A,082032,RESPOP_AV,F,Y_GE15,TOTAL,ALL,4,ALL,ALL,2019,498,,,,,,,,ALL_N1,,,,,,,
IT1:DF_DCSS_ISTR_LAV_PEN_2_TV_3(1.0),A,082032,RESPOP_AV,F,Y_GE15,TOTAL,ALL,4,ALL,ALL,2021,528.28151902239,,,,,,,,ALL_N1,,,,,,,
IT1:DF_DCSS_ISTR_LAV_PEN_2_TV_3(1.0),A,082032,RESPOP_AV,F,Y_GE15,TOTAL,ALL,4,ALL,ALL,2022,501.193601444408,,,,,,,,ALL_N1,,,,,,,
IT1:DF_DCSS_ISTR_LAV_PEN_2_TV_3(1.0),A,082032,RESPOP_AV,F,Y_GE15,TOTAL,ALL,4,ALL,ALL,2023,440.27895260908514,,,,,,,,ALL_N1,,,,,,,
IT1:DF_DCSS_ISTR_LAV_PEN_2_TV_3(1.0),A,082032,RESPOP_AV,F,Y_GE15,TOTAL,ALL,4,ALL,ALL,2024,456.55608865484515,,,,,,,,ALL_N1,,,,,,,
IT1:DF_DCSS_ISTR_LAV_PEN_2_TV_3(1.0),A,082032,RESPOP_AV,F,Y_GE15,TOTAL,ALL,5,ALL,ALL,2018,118,,,,,,,,ALL_N1,,,,,,,
IT1:DF_DCSS_ISTR_LAV_PEN_2_TV_3(1.0),A,082032,RESPOP_AV,F,Y_GE15,TOTAL,ALL,5,ALL,ALL,2019,130,,,,,,,,ALL_N1,,,,,,,
IT1:DF_DCSS_ISTR_LAV_PEN_2_TV_3(1.0),A,082032,RESPOP_AV,F,Y_GE15,TOTAL,ALL,5,ALL,ALL,2021,136.121311431879,,,,,,,,ALL_N1,,,,,,,
IT1:DF_DCSS_ISTR_LAV_PEN_2_TV_3(1.0),A,082032,RESPOP_AV,F,Y_GE15,TOTAL,ALL,5,ALL,ALL,2022,148.209974432505,,,,,,,,ALL_N1,,,,,,,
IT1:DF_DCSS_ISTR_LAV_PEN_2_TV_3(1.0),A,082032,RESPOP_AV,F,Y_GE15,TOTAL,ALL,5,ALL,ALL,2023,159.17180633071519,,,,,,,,ALL_N1,,,,,,,
IT1:DF_DCSS_ISTR_LAV_PEN_2_TV_3(1.0),A,082032,RESPOP_AV,F,Y_GE15,TOTAL,ALL,5,ALL,ALL,2024,152.8300740453542,,,,,,,,ALL_N1,,,,,,,
IT1:DF_DCSS_ISTR_LAV_PEN_2_TV_3(1.0),A,082032,RESPOP_AV,F,Y_GE15,TOTAL,ALL,7,ALL,ALL,2018,161,,,,,,,,ALL_N1,,,,,,,
IT1:DF_DCSS_ISTR_LAV_PEN_2_TV_3(1.0),A,082032,RESPOP_AV,F,Y_GE15,TOTAL,ALL,7,ALL,ALL,2019,148,,,,,,,,ALL_N1,,,,,,,
IT1:DF_DCSS_ISTR_LAV_PEN_2_TV_3(1.0),A,082032,RESPOP_AV,F,Y_GE15,TOTAL,ALL,7,ALL,ALL,2021,126.046380852569,,,,,,,,ALL_N1,,,,,,,
IT1:DF_DCSS_ISTR_LAV_PEN_2_TV_3(1.0),A,082032,RESPOP_AV,F,Y_GE15,TOTAL,ALL,7,ALL,ALL,2022,139.785178551085,,,,,,,,ALL_N1,,,,,,,
IT1:DF_DCSS_ISTR_LAV_PEN_2_TV_3(1.0),A,082032,RESPOP_AV,F,Y_GE15,TOTAL,ALL,7,ALL,ALL,2023,142.85883276655863,,,,,,,,ALL_N1,,,,,,,
IT1:DF_DCSS_ISTR_LAV_PEN_2_TV_3(1.0),A,082032,RESPOP_AV,F,Y_GE15,TOTAL,ALL,7,ALL,ALL,2024,138.6359784263839,,,,,,,,ALL_N1,,,,,,,
IT1:DF_DCSS_ISTR_LAV_PEN_2_TV_3(1.0),A,082032,RESPOP_AV,F,Y_GE15,TOTAL,ALL,99,ALL,ALL,2018,1756,,,,,,,,ALL_N1,99_N1,,,,,,
IT1:DF_DCSS_ISTR_LAV_PEN_2_TV_3(1.0),A,082032,RESPOP_AV,F,Y_GE15,TOTAL,ALL,99,ALL,ALL,2019,1752,,,,,,,,ALL_N1,99_N1,,,,,,
IT1:DF_DCSS_ISTR_LAV_PEN_2_TV_3(1.0),A,082032,RESPOP_AV,F,Y_GE15,TOTAL,ALL,99,ALL,ALL,2021,1682,,,,,,,,ALL_N1,99_N1,,,,,,
IT1:DF_DCSS_ISTR_LAV_PEN_2_TV_3(1.0),A,082032,RESPOP_AV,F,Y_GE15,TOTAL,ALL,99,ALL,ALL,2022,1665,,,,,,,,ALL_N1,99_N1,,,,,,
IT1:DF_DCSS_ISTR_LAV_PEN_2_TV_3(1.0),A,082032,RESPOP_AV,F,Y_GE15,TOTAL,ALL,99,ALL,ALL,2023,1692.0000000000002,,,,,,,,ALL_N1,99_N1,,,,,,
IT1:DF_DCSS_ISTR_LAV_PEN_2_TV_3(1.0),A,082032,RESPOP_AV,F,Y_GE15,TOTAL,ALL,99,ALL,ALL,2024,1671,,,,,,,,ALL_N1,99_N1,,,,,,
IT1:DF_DCSS_ISTR_LAV_PEN_2_TV_3(1.0),A,082032,RESPOP_AV,M,Y_GE15,TOTAL,ALL,1,ALL,ALL,2018,694,,,,,,,,ALL_N1,,,,,,,
IT1:DF_DCSS_ISTR_LAV_PEN_2_TV_3(1.0),A,082032,RESPOP_AV,M,Y_GE15,TOTAL,ALL,1,ALL,ALL,2019,703,,,,,,,,ALL_N1,,,,,,,
IT1:DF_DCSS_ISTR_LAV_PEN_2_TV_3(1.0),A,082032,RESPOP_AV,M,Y_GE15,TOTAL,ALL,1,ALL,ALL,2021,695,,,,,,,,ALL_N1,,,,,,,
IT1:DF_DCSS_ISTR_LAV_PEN_2_TV_3(1.0),A,082032,RESPOP_AV,M,Y_GE15,TOTAL,ALL,1,ALL,ALL,2022,705,,,,,,,,ALL_N1,,,,,,,
IT1:DF_DCSS_ISTR_LAV_PEN_2_TV_3(1.0),A,082032,RESPOP_AV,M,Y_GE15,TOTAL,ALL,1,ALL,ALL,2023,728,,,,,,,,ALL_N1,,,,,,,
IT1:DF_DCSS_ISTR_LAV_PEN_2_TV_3(1.0),A,082032,RESPOP_AV,M,Y_GE15,TOTAL,ALL,1,ALL,ALL,2024,718,,,,,,,,ALL_N1,,,,,,,
IT1:DF_DCSS_ISTR_LAV_PEN_2_TV_3(1.0),A,082032,RESPOP_AV,M,Y_GE15,TOTAL,ALL,12,ALL,ALL,2018,194,,,,,,,,ALL_N1,,,,,,,
IT1:DF_DCSS_ISTR_LAV_PEN_2_TV_3(1.0),A,082032,RESPOP_AV,M,Y_GE15,TOTAL,ALL,12,ALL,ALL,2019,179,,,,,,,,ALL_N1,,,,,,,
IT1:DF_DCSS_ISTR_LAV_PEN_2_TV_3(1.0),A,082032,RESPOP_AV,M,Y_GE15,TOTAL,ALL,12,ALL,ALL,2021,104.00413955928,,,,,,,,ALL_N1,,,,,,,
IT1:DF_DCSS_ISTR_LAV_PEN_2_TV_3(1.0),A,082032,RESPOP_AV,M,Y_GE15,TOTAL,ALL,12,ALL,ALL,2022,98.7170001368422,,,,,,,,ALL_N1,,,,,,,
IT1:DF_DCSS_ISTR_LAV_PEN_2_TV_3(1.0),A,082032,RESPOP_AV,M,Y_GE15,TOTAL,ALL,12,ALL,ALL,2023,98.01775857354417,,,,,,,,ALL_N1,,,,,,,
IT1:DF_DCSS_ISTR_LAV_PEN_2_TV_3(1.0),A,082032,RESPOP_AV,M,Y_GE15,TOTAL,ALL,12,ALL,ALL,2024,80.72859686328533,,,,,,,,ALL_N1,,,,,,,
IT1:DF_DCSS_ISTR_LAV_PEN_2_TV_3(1.0),A,082032,RESPOP_AV,M,Y_GE15,TOTAL,ALL,22,ALL,ALL,2018,888,,,,,,,,ALL_N1,,,,,,,
IT1:DF_DCSS_ISTR_LAV_PEN_2_TV_3(1.0),A,082032,RESPOP_AV,M,Y_GE15,TOTAL,ALL,22,ALL,ALL,2019,882,,,,,,,,ALL_N1,,,,,,,
IT1:DF_DCSS_ISTR_LAV_PEN_2_TV_3(1.0),A,082032,RESPOP_AV,M,Y_GE15,TOTAL,ALL,22,ALL,ALL,2021,799.00413955928,,,,,,,,ALL_N1,,,,,,,
IT1:DF_DCSS_ISTR_LAV_PEN_2_TV_3(1.0),A,082032,RESPOP_AV,M,Y_GE15,TOTAL,ALL,22,ALL,ALL,2022,803.717000136842,,,,,,,,ALL_N1,,,,,,,
IT1:DF_DCSS_ISTR_LAV_PEN_2_TV_3(1.0),A,082032,RESPOP_AV,M,Y_GE15,TOTAL,ALL,22,ALL,ALL,2023,826.0177585735441,,,,,,,,ALL_N1,,,,,,,
IT1:DF_DCSS_ISTR_LAV_PEN_2_TV_3(1.0),A,082032,RESPOP_AV,M,Y_GE15,TOTAL,ALL,22,ALL,ALL,2024,798.7285968632854,,,,,,,,ALL_N1,,,,,,,
IT1:DF_DCSS_ISTR_LAV_PEN_2_TV_3(1.0),A,082032,RESPOP_AV,M,Y_GE15,TOTAL,ALL,23,ALL,ALL,2018,769,,,,,,,,ALL_N1,,,,,,,
IT1:DF_DCSS_ISTR_LAV_PEN_2_TV_3(1.0),A,082032,RESPOP_AV,M,Y_GE15,TOTAL,ALL,23,ALL,ALL,2019,745,,,,,,,,ALL_N1,,,,,,,
IT1:DF_DCSS_ISTR_LAV_PEN_2_TV_3(1.0),A,082032,RESPOP_AV,M,Y_GE15,TOTAL,ALL,23,ALL,ALL,2021,759.99586044072,,,,,,,,ALL_N1,,,,,,,
IT1:DF_DCSS_ISTR_LAV_PEN_2_TV_3(1.0),A,082032,RESPOP_AV,M,Y_GE15,TOTAL,ALL,23,ALL,ALL,2022,763.282999863158,,,,,,,,ALL_N1,,,,,,,
IT1:DF_DCSS_ISTR_LAV_PEN_2_TV_3(1.0),A,082032,RESPOP_AV,M,Y_GE15,TOTAL,ALL,23,ALL,ALL,2023,742.9822414264559,,,,,,,,ALL_N1,,,,,,,
IT1:DF_DCSS_ISTR_LAV_PEN_2_TV_3(1.0),A,082032,RESPOP_AV,M,Y_GE15,TOTAL,ALL,23,ALL,ALL,2024,754.2714031367148,,,,,,,,ALL_N1,,,,,,,
IT1:DF_DCSS_ISTR_LAV_PEN_2_TV_3(1.0),A,082032,RESPOP_AV,M,Y_GE15,TOTAL,ALL,24,ALL,ALL,2018,460,,,,,,,,ALL_N1,,,,,,,
IT1:DF_DCSS_ISTR_LAV_PEN_2_TV_3(1.0),A,082032,RESPOP_AV,M,Y_GE15,TOTAL,ALL,24,ALL,ALL,2019,455,,,,,,,,ALL_N1,,,,,,,
IT1:DF_DCSS_ISTR_LAV_PEN_2_TV_3(1.0),A,082032,RESPOP_AV,M,Y_GE15,TOTAL,ALL,24,ALL,ALL,2021,440.607868363552,,,,,,,,ALL_N1,,,,,,,
IT1:DF_DCSS_ISTR_LAV_PEN_2_TV_3(1.0),A,082032,RESPOP_AV,M,Y_GE15,TOTAL,ALL,24,ALL,ALL,2022,451.70514559364,,,,,,,,ALL_N1,,,,,,,
IT1:DF_DCSS_ISTR_LAV_PEN_2_TV_3(1.0),A,082032,RESPOP_AV,M,Y_GE15,TOTAL,ALL,24,ALL,ALL,2023,450.7364554998956,,,,,,,,ALL_N1,,,,,,,
IT1:DF_DCSS_ISTR_LAV_PEN_2_TV_3(1.0),A,082032,RESPOP_AV,M,Y_GE15,TOTAL,ALL,24,ALL,ALL,2024,447.50446635397236,,,,,,,,ALL_N1,,,,,,,
IT1:DF_DCSS_ISTR_LAV_PEN_2_TV_3(1.0),A,082032,RESPOP_AV,M,Y_GE15,TOTAL,ALL,4,ALL,ALL,2018,18,,,,,,,,ALL_N1,,,,,,,
IT1:DF_DCSS_ISTR_LAV_PEN_2_TV_3(1.0),A,082032,RESPOP_AV,M,Y_GE15,TOTAL,ALL,4,ALL,ALL,2019,18,,,,,,,,ALL_N1,,,,,,,
IT1:DF_DCSS_ISTR_LAV_PEN_2_TV_3(1.0),A,082032,RESPOP_AV,M,Y_GE15,TOTAL,ALL,4,ALL,ALL,2021,32.9808808065661,,,,,,,,ALL_N1,,,,,,,
IT1:DF_DCSS_ISTR_LAV_PEN_2_TV_3(1.0),A,082032,RESPOP_AV,M,Y_GE15,TOTAL,ALL,4,ALL,ALL,2022,30.1607275568948,,,,,,,,ALL_N1,,,,,,,
IT1:DF_DCSS_ISTR_LAV_PEN_2_TV_3(1.0),A,082032,RESPOP_AV,M,Y_GE15,TOTAL,ALL,4,ALL,ALL,2023,26.93402814009872,,,,,,,,ALL_N1,,,,,,,
IT1:DF_DCSS_ISTR_LAV_PEN_2_TV_3(1.0),A,082032,RESPOP_AV,M,Y_GE15,TOTAL,ALL,4,ALL,ALL,2024,27.77734975647205,,,,,,,,ALL_N1,,,,,,,
IT1:DF_DCSS_ISTR_LAV_PEN_2_TV_3(1.0),A,082032,RESPOP_AV,M,Y_GE15,TOTAL,ALL,5,ALL,ALL,2018,90,,,,,,,,ALL_N1,,,,,,,
IT1:DF_DCSS_ISTR_LAV_PEN_2_TV_3(1.0),A,082032,RESPOP_AV,M,Y_GE15,TOTAL,ALL,5,ALL,ALL,2019,94,,,,,,,,ALL_N1,,,,,,,
IT1:DF_DCSS_ISTR_LAV_PEN_2_TV_3(1.0),A,082032,RESPOP_AV,M,Y_GE15,TOTAL,ALL,5,ALL,ALL,2021,109.716208432523,,,,,,,,ALL_N1,,,,,,,
IT1:DF_DCSS_ISTR_LAV_PEN_2_TV_3(1.0),A,082032,RESPOP_AV,M,Y_GE15,TOTAL,ALL,5,ALL,ALL,2022,110.615441834023,,,,,,,,ALL_N1,,,,,,,
IT1:DF_DCSS_ISTR_LAV_PEN_2_TV_3(1.0),A,082032,RESPOP_AV,M,Y_GE15,TOTAL,ALL,5,ALL,ALL,2023,117.39450537518299,,,,,,,,ALL_N1,,,,,,,
IT1:DF_DCSS_ISTR_LAV_PEN_2_TV_3(1.0),A,082032,RESPOP_AV,M,Y_GE15,TOTAL,ALL,5,ALL,ALL,2024,115.05332603741678,,,,,,,,ALL_N1,,,,,,,
IT1:DF_DCSS_ISTR_LAV_PEN_2_TV_3(1.0),A,082032,RESPOP_AV,M,Y_GE15,TOTAL,ALL,7,ALL,ALL,2018,201,,,,,,,,ALL_N1,,,,,,,
IT1:DF_DCSS_ISTR_LAV_PEN_2_TV_3(1.0),A,082032,RESPOP_AV,M,Y_GE15,TOTAL,ALL,7,ALL,ALL,2019,178,,,,,,,,ALL_N1,,,,,,,
IT1:DF_DCSS_ISTR_LAV_PEN_2_TV_3(1.0),A,082032,RESPOP_AV,M,Y_GE15,TOTAL,ALL,7,ALL,ALL,2021,176.690902838078,,,,,,,,ALL_N1,,,,,,,
IT1:DF_DCSS_ISTR_LAV_PEN_2_TV_3(1.0),A,082032,RESPOP_AV,M,Y_GE15,TOTAL,ALL,7,ALL,ALL,2022,170.8016848786,,,,,,,,ALL_N1,,,,,,,
IT1:DF_DCSS_ISTR_LAV_PEN_2_TV_3(1.0),A,082032,RESPOP_AV,M,Y_GE15,TOTAL,ALL,7,ALL,ALL,2023,147.91725241127855,,,,,,,,ALL_N1,,,,,,,
IT1:DF_DCSS_ISTR_LAV_PEN_2_TV_3(1.0),A,082032,RESPOP_AV,M,Y_GE15,TOTAL,ALL,7,ALL,ALL,2024,163.93626098885352,,,,,,,,ALL_N1,,,,,,,
IT1:DF_DCSS_ISTR_LAV_PEN_2_TV_3(1.0),A,082032,RESPOP_AV,M,Y_GE15,TOTAL,ALL,99,ALL,ALL,2018,1656,,,,,,,,ALL_N1,99_N1,,,,,,
IT1:DF_DCSS_ISTR_LAV_PEN_2_TV_3(1.0),A,082032,RESPOP_AV,M,Y_GE15,TOTAL,ALL,99,ALL,ALL,2019,1627,,,,,,,,ALL_N1,99_N1,,,,,,
IT1:DF_DCSS_ISTR_LAV_PEN_2_TV_3(1.0),A,082032,RESPOP_AV,M,Y_GE15,TOTAL,ALL,99,ALL,ALL,2021,1559,,,,,,,,ALL_N1,99_N1,,,,,,
IT1:DF_DCSS_ISTR_LAV_PEN_2_TV_3(1.0),A,082032,RESPOP_AV,M,Y_GE15,TOTAL,ALL,99,ALL,ALL,2022,1567,,,,,,,,ALL_N1,99_N1,,,,,,
IT1:DF_DCSS_ISTR_LAV_PEN_2_TV_3(1.0),A,082032,RESPOP_AV,M,Y_GE15,TOTAL,ALL,99,ALL,ALL,2023,1569,,,,,,,,ALL_N1,99_N1,,,,,,
IT1:DF_DCSS_ISTR_LAV_PEN_2_TV_3(1.0),A,082032,RESPOP_AV,M,Y_GE15,TOTAL,ALL,99,ALL,ALL,2024,1553,,,,,,,,ALL_N1,99_N1,,,,,,
IT1:DF_DCSS_ISTR_LAV_PEN_2_TV_3(1.0),A,082032,RESPOP_AV,T,Y_GE15,TOTAL,ALL,1,ALL,ALL,2018,1076,,,,,,,,ALL_N1,,,,,,,
IT1:DF_DCSS_ISTR_LAV_PEN_2_TV_3(1.0),A,082032,RESPOP_AV,T,Y_GE15,TOTAL,ALL,1,ALL,ALL,2019,1092,,,,,,,,ALL_N1,,,,,,,
IT1:DF_DCSS_ISTR_LAV_PEN_2_TV_3(1.0),A,082032,RESPOP_AV,T,Y_GE15,TOTAL,ALL,1,ALL,ALL,2021,1105,,,,,,,,ALL_N1,,,,,,,
IT1:DF_DCSS_ISTR_LAV_PEN_2_TV_3(1.0),A,082032,RESPOP_AV,T,Y_GE15,TOTAL,ALL,1,ALL,ALL,2022,1104,,,,,,,,ALL_N1,,,,,,,
IT1:DF_DCSS_ISTR_LAV_PEN_2_TV_3(1.0),A,082032,RESPOP_AV,T,Y_GE15,TOTAL,ALL,1,ALL,ALL,2023,1158,,,,,,,,ALL_N1,,,,,,,
IT1:DF_DCSS_ISTR_LAV_PEN_2_TV_3(1.0),A,082032,RESPOP_AV,T,Y_GE15,TOTAL,ALL,1,ALL,ALL,2024,1160,,,,,,,,ALL_N1,,,,,,,
IT1:DF_DCSS_ISTR_LAV_PEN_2_TV_3(1.0),A,082032,RESPOP_AV,T,Y_GE15,TOTAL,ALL,12,ALL,ALL,2018,351,,,,,,,,ALL_N1,,,,,,,
IT1:DF_DCSS_ISTR_LAV_PEN_2_TV_3(1.0),A,082032,RESPOP_AV,T,Y_GE15,TOTAL,ALL,12,ALL,ALL,2019,341,,,,,,,,ALL_N1,,,,,,,
IT1:DF_DCSS_ISTR_LAV_PEN_2_TV_3(1.0),A,082032,RESPOP_AV,T,Y_GE15,TOTAL,ALL,12,ALL,ALL,2021,179.772658133,,,,,,,,ALL_N1,,,,,,,
IT1:DF_DCSS_ISTR_LAV_PEN_2_TV_3(1.0),A,082032,RESPOP_AV,T,Y_GE15,TOTAL,ALL,12,ALL,ALL,2022,183.650342879755,,,,,,,,ALL_N1,,,,,,,
IT1:DF_DCSS_ISTR_LAV_PEN_2_TV_3(1.0),A,082032,RESPOP_AV,T,Y_GE15,TOTAL,ALL,12,ALL,ALL,2023,202.96862340512772,,,,,,,,ALL_N1,,,,,,,
IT1:DF_DCSS_ISTR_LAV_PEN_2_TV_3(1.0),A,082032,RESPOP_AV,T,Y_GE15,TOTAL,ALL,12,ALL,ALL,2024,150.53786427930854,,,,,,,,ALL_N1,,,,,,,
IT1:DF_DCSS_ISTR_LAV_PEN_2_TV_3(1.0),A,082032,RESPOP_AV,T,Y_GE15,TOTAL,ALL,22,ALL,ALL,2018,1427,,,,,,,,ALL_N1,,,,,,,
IT1:DF_DCSS_ISTR_LAV_PEN_2_TV_3(1.0),A,082032,RESPOP_AV,T,Y_GE15,TOTAL,ALL,22,ALL,ALL,2019,1433,,,,,,,,ALL_N1,,,,,,,
IT1:DF_DCSS_ISTR_LAV_PEN_2_TV_3(1.0),A,082032,RESPOP_AV,T,Y_GE15,TOTAL,ALL,22,ALL,ALL,2021,1284.772658133,,,,,,,,ALL_N1,,,,,,,
IT1:DF_DCSS_ISTR_LAV_PEN_2_TV_3(1.0),A,082032,RESPOP_AV,T,Y_GE15,TOTAL,ALL,22,ALL,ALL,2022,1287.65034287975,,,,,,,,ALL_N1,,,,,,,
IT1:DF_DCSS_ISTR_LAV_PEN_2_TV_3(1.0),A,082032,RESPOP_AV,T,Y_GE15,TOTAL,ALL,22,ALL,ALL,2023,1360.9686234051278,,,,,,,,ALL_N1,,,,,,,
IT1:DF_DCSS_ISTR_LAV_PEN_2_TV_3(1.0),A,082032,RESPOP_AV,T,Y_GE15,TOTAL,ALL,22,ALL,ALL,2024,1310.5378642793085,,,,,,,,ALL_N1,,,,,,,
IT1:DF_DCSS_ISTR_LAV_PEN_2_TV_3(1.0),A,082032,RESPOP_AV,T,Y_GE15,TOTAL,ALL,23,ALL,ALL,2018,1986,,,,,,,,ALL_N1,,,,,,,
IT1:DF_DCSS_ISTR_LAV_PEN_2_TV_3(1.0),A,082032,RESPOP_AV,T,Y_GE15,TOTAL,ALL,23,ALL,ALL,2019,1946,,,,,,,,ALL_N1,,,,,,,
IT1:DF_DCSS_ISTR_LAV_PEN_2_TV_3(1.0),A,082032,RESPOP_AV,T,Y_GE15,TOTAL,ALL,23,ALL,ALL,2021,1956.227341867,,,,,,,,ALL_N1,,,,,,,
IT1:DF_DCSS_ISTR_LAV_PEN_2_TV_3(1.0),A,082032,RESPOP_AV,T,Y_GE15,TOTAL,ALL,23,ALL,ALL,2022,1944.34965712025,,,,,,,,ALL_N1,,,,,,,
IT1:DF_DCSS_ISTR_LAV_PEN_2_TV_3(1.0),A,082032,RESPOP_AV,T,Y_GE15,TOTAL,ALL,23,ALL,ALL,2023,1900.0313765948724,,,,,,,,ALL_N1,,,,,,,
IT1:DF_DCSS_ISTR_LAV_PEN_2_TV_3(1.0),A,082032,RESPOP_AV,T,Y_GE15,TOTAL,ALL,23,ALL,ALL,2024,1913.4621357206915,,,,,,,,ALL_N1,,,,,,,
IT1:DF_DCSS_ISTR_LAV_PEN_2_TV_3(1.0),A,082032,RESPOP_AV,T,Y_GE15,TOTAL,ALL,24,ALL,ALL,2018,889,,,,,,,,ALL_N1,,,,,,,
IT1:DF_DCSS_ISTR_LAV_PEN_2_TV_3(1.0),A,082032,RESPOP_AV,T,Y_GE15,TOTAL,ALL,24,ALL,ALL,2019,880,,,,,,,,ALL_N1,,,,,,,
IT1:DF_DCSS_ISTR_LAV_PEN_2_TV_3(1.0),A,082032,RESPOP_AV,T,Y_GE15,TOTAL,ALL,24,ALL,ALL,2021,846.390138482995,,,,,,,,ALL_N1,,,,,,,
IT1:DF_DCSS_ISTR_LAV_PEN_2_TV_3(1.0),A,082032,RESPOP_AV,T,Y_GE15,TOTAL,ALL,24,ALL,ALL,2022,843.583048422729,,,,,,,,ALL_N1,,,,,,,
IT1:DF_DCSS_ISTR_LAV_PEN_2_TV_3(1.0),A,082032,RESPOP_AV,T,Y_GE15,TOTAL,ALL,24,ALL,ALL,2023,865.4759989619532,,,,,,,,ALL_N1,,,,,,,
IT1:DF_DCSS_ISTR_LAV_PEN_2_TV_3(1.0),A,082032,RESPOP_AV,T,Y_GE15,TOTAL,ALL,24,ALL,ALL,2024,858.6730578113659,,,,,,,,ALL_N1,,,,,,,
IT1:DF_DCSS_ISTR_LAV_PEN_2_TV_3(1.0),A,082032,RESPOP_AV,T,Y_GE15,TOTAL,ALL,4,ALL,ALL,2018,527,,,,,,,,ALL_N1,,,,,,,
IT1:DF_DCSS_ISTR_LAV_PEN_2_TV_3(1.0),A,082032,RESPOP_AV,T,Y_GE15,TOTAL,ALL,4,ALL,ALL,2019,516,,,,,,,,ALL_N1,,,,,,,
IT1:DF_DCSS_ISTR_LAV_PEN_2_TV_3(1.0),A,082032,RESPOP_AV,T,Y_GE15,TOTAL,ALL,4,ALL,ALL,2021,561.262399828956,,,,,,,,ALL_N1,,,,,,,
IT1:DF_DCSS_ISTR_LAV_PEN_2_TV_3(1.0),A,082032,RESPOP_AV,T,Y_GE15,TOTAL,ALL,4,ALL,ALL,2022,531.354329001302,,,,,,,,ALL_N1,,,,,,,
IT1:DF_DCSS_ISTR_LAV_PEN_2_TV_3(1.0),A,082032,RESPOP_AV,T,Y_GE15,TOTAL,ALL,4,ALL,ALL,2023,467.2129807491838,,,,,,,,ALL_N1,,,,,,,
IT1:DF_DCSS_ISTR_LAV_PEN_2_TV_3(1.0),A,082032,RESPOP_AV,T,Y_GE15,TOTAL,ALL,4,ALL,ALL,2024,484.3334384113172,,,,,,,,ALL_N1,,,,,,,
IT1:DF_DCSS_ISTR_LAV_PEN_2_TV_3(1.0),A,082032,RESPOP_AV,T,Y_GE15,TOTAL,ALL,5,ALL,ALL,2018,208,,,,,,,,ALL_N1,,,,,,,
IT1:DF_DCSS_ISTR_LAV_PEN_2_TV_3(1.0),A,082032,RESPOP_AV,T,Y_GE15,TOTAL,ALL,5,ALL,ALL,2019,224,,,,,,,,ALL_N1,,,,,,,
IT1:DF_DCSS_ISTR_LAV_PEN_2_TV_3(1.0),A,082032,RESPOP_AV,T,Y_GE15,TOTAL,ALL,5,ALL,ALL,2021,245.837519864402,,,,,,,,ALL_N1,,,,,,,
IT1:DF_DCSS_ISTR_LAV_PEN_2_TV_3(1.0),A,082032,RESPOP_AV,T,Y_GE15,TOTAL,ALL,5,ALL,ALL,2022,258.825416266529,,,,,,,,ALL_N1,,,,,,,
IT1:DF_DCSS_ISTR_LAV_PEN_2_TV_3(1.0),A,082032,RESPOP_AV,T,Y_GE15,TOTAL,ALL,5,ALL,ALL,2023,276.56631170589816,,,,,,,,ALL_N1,,,,,,,
IT1:DF_DCSS_ISTR_LAV_PEN_2_TV_3(1.0),A,082032,RESPOP_AV,T,Y_GE15,TOTAL,ALL,5,ALL,ALL,2024,267.883400082771,,,,,,,,ALL_N1,,,,,,,
IT1:DF_DCSS_ISTR_LAV_PEN_2_TV_3(1.0),A,082032,RESPOP_AV,T,Y_GE15,TOTAL,ALL,7,ALL,ALL,2018,362,,,,,,,,ALL_N1,,,,,,,
IT1:DF_DCSS_ISTR_LAV_PEN_2_TV_3(1.0),A,082032,RESPOP_AV,T,Y_GE15,TOTAL,ALL,7,ALL,ALL,2019,326,,,,,,,,ALL_N1,,,,,,,
IT1:DF_DCSS_ISTR_LAV_PEN_2_TV_3(1.0),A,082032,RESPOP_AV,T,Y_GE15,TOTAL,ALL,7,ALL,ALL,2021,302.737283690647,,,,,,,,ALL_N1,,,,,,,
IT1:DF_DCSS_ISTR_LAV_PEN_2_TV_3(1.0),A,082032,RESPOP_AV,T,Y_GE15,TOTAL,ALL,7,ALL,ALL,2022,310.586863429685,,,,,,,,ALL_N1,,,,,,,
IT1:DF_DCSS_ISTR_LAV_PEN_2_TV_3(1.0),A,082032,RESPOP_AV,T,Y_GE15,TOTAL,ALL,7,ALL,ALL,2023,290.77608517783716,,,,,,,,ALL_N1,,,,,,,
IT1:DF_DCSS_ISTR_LAV_PEN_2_TV_3(1.0),A,082032,RESPOP_AV,T,Y_GE15,TOTAL,ALL,7,ALL,ALL,2024,302.5722394152374,,,,,,,,ALL_N1,,,,,,,
IT1:DF_DCSS_ISTR_LAV_PEN_2_TV_3(1.0),A,082032,RESPOP_AV,T,Y_GE15,TOTAL,ALL,99,ALL,ALL,2018,3412,,,,,,,,ALL_N1,99_N1,,,,,,
IT1:DF_DCSS_ISTR_LAV_PEN_2_TV_3(1.0),A,082032,RESPOP_AV,T,Y_GE15,TOTAL,ALL,99,ALL,ALL,2019,3379,,,,,,,,ALL_N1,99_N1,,,,,,
IT1:DF_DCSS_ISTR_LAV_PEN_2_TV_3(1.0),A,082032,RESPOP_AV,T,Y_GE15,TOTAL,ALL,99,ALL,ALL,2021,3241,,,,,,,,ALL_N1,99_N1,,,,,,
IT1:DF_DCSS_ISTR_LAV_PEN_2_TV_3(1.0),A,082032,RESPOP_AV,T,Y_GE15,TOTAL,ALL,99,ALL,ALL,2022,3232,,,,,,,,ALL_N1,99_N1,,,,,,
IT1:DF_DCSS_ISTR_LAV_PEN_2_TV_3(1.0),A,082032,RESPOP_AV,T,Y_GE15,TOTAL,ALL,99,ALL,ALL,2023,3261,,,,,,,,ALL_N1,99_N1,,,,,,
IT1:DF_DCSS_ISTR_LAV_PEN_2_TV_3(1.0),A,082032,RESPOP_AV,T,Y_GE15,TOTAL,ALL,99,ALL,ALL,2024,3224,,,,,,,,ALL_N1,99_N1,,,,,,
IT1:DF_DCSS_ISTR_LAV_PEN_2_TV_3(1.0),A,082033,RESPOP_AV,F,Y_GE15,TOTAL,ALL,1,ALL,ALL,2018,194,,,,,,,,ALL_N1,,,,,,,
IT1:DF_DCSS_ISTR_LAV_PEN_2_TV_3(1.0),A,082033,RESPOP_AV,F,Y_GE15,TOTAL,ALL,1,ALL,ALL,2019,187,,,,,,,,ALL_N1,,,,,,,
IT1:DF_DCSS_ISTR_LAV_PEN_2_TV_3(1.0),A,082033,RESPOP_AV,F,Y_GE15,TOTAL,ALL,1,ALL,ALL,2021,169,,,,,,,,ALL_N1,,,,,,,
IT1:DF_DCSS_ISTR_LAV_PEN_2_TV_3(1.0),A,082033,RESPOP_AV,F,Y_GE15,TOTAL,ALL,1,ALL,ALL,2022,150,,,,,,,,ALL_N1,,,,,,,
IT1:DF_DCSS_ISTR_LAV_PEN_2_TV_3(1.0),A,082033,RESPOP_AV,F,Y_GE15,TOTAL,ALL,1,ALL,ALL,2023,172,,,,,,,,ALL_N1,,,,,,,
IT1:DF_DCSS_ISTR_LAV_PEN_2_TV_3(1.0),A,082033,RESPOP_AV,F,Y_GE15,TOTAL,ALL,1,ALL,ALL,2024,164,,,,,,,,ALL_N1,,,,,,,
IT1:DF_DCSS_ISTR_LAV_PEN_2_TV_3(1.0),A,082033,RESPOP_AV,F,Y_GE15,TOTAL,ALL,12,ALL,ALL,2018,77,,,,,,,,ALL_N1,,,,,,,
IT1:DF_DCSS_ISTR_LAV_PEN_2_TV_3(1.0),A,082033,RESPOP_AV,F,Y_GE15,TOTAL,ALL,12,ALL,ALL,2019,77,,,,,,,,ALL_N1,,,,,,,
IT1:DF_DCSS_ISTR_LAV_PEN_2_TV_3(1.0),A,082033,RESPOP_AV,F,Y_GE15,TOTAL,ALL,12,ALL,ALL,2021,39.8132306138244,,,,,,,,ALL_N1,,,,,,,
IT1:DF_DCSS_ISTR_LAV_PEN_2_TV_3(1.0),A,082033,RESPOP_AV,F,Y_GE15,TOTAL,ALL,12,ALL,ALL,2022,41.4112023582947,,,,,,,,ALL_N1,,,,,,,
IT1:DF_DCSS_ISTR_LAV_PEN_2_TV_3(1.0),A,082033,RESPOP_AV,F,Y_GE15,TOTAL,ALL,12,ALL,ALL,2023,37.524240254938704,,,,,,,,ALL_N1,,,,,,,
IT1:DF_DCSS_ISTR_LAV_PEN_2_TV_3(1.0),A,082033,RESPOP_AV,F,Y_GE15,TOTAL,ALL,12,ALL,ALL,2024,30.193035883849152,,,,,,,,ALL_N1,,,,,,,
IT1:DF_DCSS_ISTR_LAV_PEN_2_TV_3(1.0),A,082033,RESPOP_AV,F,Y_GE15,TOTAL,ALL,22,ALL,ALL,2018,271,,,,,,,,ALL_N1,,,,,,,
IT1:DF_DCSS_ISTR_LAV_PEN_2_TV_3(1.0),A,082033,RESPOP_AV,F,Y_GE15,TOTAL,ALL,22,ALL,ALL,2019,264,,,,,,,,ALL_N1,,,,,,,
IT1:DF_DCSS_ISTR_LAV_PEN_2_TV_3(1.0),A,082033,RESPOP_AV,F,Y_GE15,TOTAL,ALL,22,ALL,ALL,2021,208.813230613824,,,,,,,,ALL_N1,,,,,,,
IT1:DF_DCSS_ISTR_LAV_PEN_2_TV_3(1.0),A,082033,RESPOP_AV,F,Y_GE15,TOTAL,ALL,22,ALL,ALL,2022,191.411202358295,,,,,,,,ALL_N1,,,,,,,
IT1:DF_DCSS_ISTR_LAV_PEN_2_TV_3(1.0),A,082033,RESPOP_AV,F,Y_GE15,TOTAL,ALL,22,ALL,ALL,2023,209.5242402549387,,,,,,,,ALL_N1,,,,,,,
IT1:DF_DCSS_ISTR_LAV_PEN_2_TV_3(1.0),A,082033,RESPOP_AV,F,Y_GE15,TOTAL,ALL,22,ALL,ALL,2024,194.19303588384915,,,,,,,,ALL_N1,,,,,,,
IT1:DF_DCSS_ISTR_LAV_PEN_2_TV_3(1.0),A,082033,RESPOP_AV,F,Y_GE15,TOTAL,ALL,23,ALL,ALL,2018,496,,,,,,,,ALL_N1,,,,,,,
IT1:DF_DCSS_ISTR_LAV_PEN_2_TV_3(1.0),A,082033,RESPOP_AV,F,Y_GE15,TOTAL,ALL,23,ALL,ALL,2019,473,,,,,,,,ALL_N1,,,,,,,
IT1:DF_DCSS_ISTR_LAV_PEN_2_TV_3(1.0),A,082033,RESPOP_AV,F,Y_GE15,TOTAL,ALL,23,ALL,ALL,2021,500.186769386176,,,,,,,,ALL_N1,,,,,,,
IT1:DF_DCSS_ISTR_LAV_PEN_2_TV_3(1.0),A,082033,RESPOP_AV,F,Y_GE15,TOTAL,ALL,23,ALL,ALL,2022,508.588797641705,,,,,,,,ALL_N1,,,,,,,
IT1:DF_DCSS_ISTR_LAV_PEN_2_TV_3(1.0),A,082033,RESPOP_AV,F,Y_GE15,TOTAL,ALL,23,ALL,ALL,2023,475.4757597450614,,,,,,,,ALL_N1,,,,,,,
IT1:DF_DCSS_ISTR_LAV_PEN_2_TV_3(1.0),A,082033,RESPOP_AV,F,Y_GE15,TOTAL,ALL,23,ALL,ALL,2024,481.8069641161508,,,,,,,,ALL_N1,,,,,,,
IT1:DF_DCSS_ISTR_LAV_PEN_2_TV_3(1.0),A,082033,RESPOP_AV,F,Y_GE15,TOTAL,ALL,24,ALL,ALL,2018,161,,,,,,,,ALL_N1,,,,,,,
IT1:DF_DCSS_ISTR_LAV_PEN_2_TV_3(1.0),A,082033,RESPOP_AV,F,Y_GE15,TOTAL,ALL,24,ALL,ALL,2019,179,,,,,,,,ALL_N1,,,,,,,
IT1:DF_DCSS_ISTR_LAV_PEN_2_TV_3(1.0),A,082033,RESPOP_AV,F,Y_GE15,TOTAL,ALL,24,ALL,ALL,2021,180.849045408059,,,,,,,,ALL_N1,,,,,,,
IT1:DF_DCSS_ISTR_LAV_PEN_2_TV_3(1.0),A,082033,RESPOP_AV,F,Y_GE15,TOTAL,ALL,24,ALL,ALL,2022,171.743755267619,,,,,,,,ALL_N1,,,,,,,
IT1:DF_DCSS_ISTR_LAV_PEN_2_TV_3(1.0),A,082033,RESPOP_AV,F,Y_GE15,TOTAL,ALL,24,ALL,ALL,2023,174.69166114216583,,,,,,,,ALL_N1,,,,,,,
IT1:DF_DCSS_ISTR_LAV_PEN_2_TV_3(1.0),A,082033,RESPOP_AV,F,Y_GE15,TOTAL,ALL,24,ALL,ALL,2024,157.7683013246222,,,,,,,,ALL_N1,,,,,,,
IT1:DF_DCSS_ISTR_LAV_PEN_2_TV_3(1.0),A,082033,RESPOP_AV,F,Y_GE15,TOTAL,ALL,4,ALL,ALL,2018,196,,,,,,,,ALL_N1,,,,,,,
IT1:DF_DCSS_ISTR_LAV_PEN_2_TV_3(1.0),A,082033,RESPOP_AV,F,Y_GE15,TOTAL,ALL,4,ALL,ALL,2019,185,,,,,,,,ALL_N1,,,,,,,
IT1:DF_DCSS_ISTR_LAV_PEN_2_TV_3(1.0),A,082033,RESPOP_AV,F,Y_GE15,TOTAL,ALL,4,ALL,ALL,2021,197.170440696876,,,,,,,,ALL_N1,,,,,,,
IT1:DF_DCSS_ISTR_LAV_PEN_2_TV_3(1.0),A,082033,RESPOP_AV,F,Y_GE15,TOTAL,ALL,4,ALL,ALL,2022,201.096672614459,,,,,,,,ALL_N1,,,,,,,
IT1:DF_DCSS_ISTR_LAV_PEN_2_TV_3(1.0),A,082033,RESPOP_AV,F,Y_GE15,TOTAL,ALL,4,ALL,ALL,2023,181.84528737019969,,,,,,,,ALL_N1,,,,,,,
IT1:DF_DCSS_ISTR_LAV_PEN_2_TV_3(1.0),A,082033,RESPOP_AV,F,Y_GE15,TOTAL,ALL,4,ALL,ALL,2024,187.12357240704324,,,,,,,,ALL_N1,,,,,,,
IT1:DF_DCSS_ISTR_LAV_PEN_2_TV_3(1.0),A,082033,RESPOP_AV,F,Y_GE15,TOTAL,ALL,5,ALL,ALL,2018,52,,,,,,,,ALL_N1,,,,,,,
IT1:DF_DCSS_ISTR_LAV_PEN_2_TV_3(1.0),A,082033,RESPOP_AV,F,Y_GE15,TOTAL,ALL,5,ALL,ALL,2019,51,,,,,,,,ALL_N1,,,,,,,
IT1:DF_DCSS_ISTR_LAV_PEN_2_TV_3(1.0),A,082033,RESPOP_AV,F,Y_GE15,TOTAL,ALL,5,ALL,ALL,2021,63.7256122245976,,,,,,,,ALL_N1,,,,,,,
IT1:DF_DCSS_ISTR_LAV_PEN_2_TV_3(1.0),A,082033,RESPOP_AV,F,Y_GE15,TOTAL,ALL,5,ALL,ALL,2022,55.9550223400062,,,,,,,,ALL_N1,,,,,,,
IT1:DF_DCSS_ISTR_LAV_PEN_2_TV_3(1.0),A,082033,RESPOP_AV,F,Y_GE15,TOTAL,ALL,5,ALL,ALL,2023,54.22159383264833,,,,,,,,ALL_N1,,,,,,,
IT1:DF_DCSS_ISTR_LAV_PEN_2_TV_3(1.0),A,082033,RESPOP_AV,F,Y_GE15,TOTAL,ALL,5,ALL,ALL,2024,55.78867251412489,,,,,,,,ALL_N1,,,,,,,
IT1:DF_DCSS_ISTR_LAV_PEN_2_TV_3(1.0),A,082033,RESPOP_AV,F,Y_GE15,TOTAL,ALL,7,ALL,ALL,2018,87,,,,,,,,ALL_N1,,,,,,,
IT1:DF_DCSS_ISTR_LAV_PEN_2_TV_3(1.0),A,082033,RESPOP_AV,F,Y_GE15,TOTAL,ALL,7,ALL,ALL,2019,59,,,,,,,,ALL_N1,,,,,,,
IT1:DF_DCSS_ISTR_LAV_PEN_2_TV_3(1.0),A,082033,RESPOP_AV,F,Y_GE15,TOTAL,ALL,7,ALL,ALL,2021,58.4416710566434,,,,,,,,ALL_N1,,,,,,,
IT1:DF_DCSS_ISTR_LAV_PEN_2_TV_3(1.0),A,082033,RESPOP_AV,F,Y_GE15,TOTAL,ALL,7,ALL,ALL,2022,79.7933474196212,,,,,,,,ALL_N1,,,,,,,
IT1:DF_DCSS_ISTR_LAV_PEN_2_TV_3(1.0),A,082033,RESPOP_AV,F,Y_GE15,TOTAL,ALL,7,ALL,ALL,2023,64.71721740004759,,,,,,,,ALL_N1,,,,,,,
IT1:DF_DCSS_ISTR_LAV_PEN_2_TV_3(1.0),A,082033,RESPOP_AV,F,Y_GE15,TOTAL,ALL,7,ALL,ALL,2024,81.1264178703605,,,,,,,,ALL_N1,,,,,,,
IT1:DF_DCSS_ISTR_LAV_PEN_2_TV_3(1.0),A,082033,RESPOP_AV,F,Y_GE15,TOTAL,ALL,99,ALL,ALL,2018,767,,,,,,,,ALL_N1,99_N1,,,,,,
IT1:DF_DCSS_ISTR_LAV_PEN_2_TV_3(1.0),A,082033,RESPOP_AV,F,Y_GE15,TOTAL,ALL,99,ALL,ALL,2019,737,,,,,,,,ALL_N1,99_N1,,,,,,
IT1:DF_DCSS_ISTR_LAV_PEN_2_TV_3(1.0),A,082033,RESPOP_AV,F,Y_GE15,TOTAL,ALL,99,ALL,ALL,2021,709,,,,,,,,ALL_N1,99_N1,,,,,,
IT1:DF_DCSS_ISTR_LAV_PEN_2_TV_3(1.0),A,082033,RESPOP_AV,F,Y_GE15,TOTAL,ALL,99,ALL,ALL,2022,700,,,,,,,,ALL_N1,99_N1,,,,,,
IT1:DF_DCSS_ISTR_LAV_PEN_2_TV_3(1.0),A,082033,RESPOP_AV,F,Y_GE15,TOTAL,ALL,99,ALL,ALL,2023,685.0000000000001,,,,,,,,ALL_N1,99_N1,,,,,,
IT1:DF_DCSS_ISTR_LAV_PEN_2_TV_3(1.0),A,082033,RESPOP_AV,F,Y_GE15,TOTAL,ALL,99,ALL,ALL,2024,676,,,,,,,,ALL_N1,99_N1,,,,,,
IT1:DF_DCSS_ISTR_LAV_PEN_2_TV_3(1.0),A,082033,RESPOP_AV,M,Y_GE15,TOTAL,ALL,1,ALL,ALL,2018,294,,,,,,,,ALL_N1,,,,,,,
IT1:DF_DCSS_ISTR_LAV_PEN_2_TV_3(1.0),A,082033,RESPOP_AV,M,Y_GE15,TOTAL,ALL,1,ALL,ALL,2019,297,,,,,,,,ALL_N1,,,,,,,
IT1:DF_DCSS_ISTR_LAV_PEN_2_TV_3(1.0),A,082033,RESPOP_AV,M,Y_GE15,TOTAL,ALL,1,ALL,ALL,2021,283,,,,,,,,ALL_N1,,,,,,,
IT1:DF_DCSS_ISTR_LAV_PEN_2_TV_3(1.0),A,082033,RESPOP_AV,M,Y_GE15,TOTAL,ALL,1,ALL,ALL,2022,261,,,,,,,,ALL_N1,,,,,,,
IT1:DF_DCSS_ISTR_LAV_PEN_2_TV_3(1.0),A,082033,RESPOP_AV,M,Y_GE15,TOTAL,ALL,1,ALL,ALL,2023,273,,,,,,,,ALL_N1,,,,,,,
IT1:DF_DCSS_ISTR_LAV_PEN_2_TV_3(1.0),A,082033,RESPOP_AV,M,Y_GE15,TOTAL,ALL,1,ALL,ALL,2024,277,,,,,,,,ALL_N1,,,,,,,
IT1:DF_DCSS_ISTR_LAV_PEN_2_TV_3(1.0),A,082033,RESPOP_AV,M,Y_GE15,TOTAL,ALL,12,ALL,ALL,2018,91,,,,,,,,ALL_N1,,,,,,,
IT1:DF_DCSS_ISTR_LAV_PEN_2_TV_3(1.0),A,082033,RESPOP_AV,M,Y_GE15,TOTAL,ALL,12,ALL,ALL,2019,81,,,,,,,,ALL_N1,,,,,,,
IT1:DF_DCSS_ISTR_LAV_PEN_2_TV_3(1.0),A,082033,RESPOP_AV,M,Y_GE15,TOTAL,ALL,12,ALL,ALL,2021,47.0005867749229,,,,,,,,ALL_N1,,,,,,,
IT1:DF_DCSS_ISTR_LAV_PEN_2_TV_3(1.0),A,082033,RESPOP_AV,M,Y_GE15,TOTAL,ALL,12,ALL,ALL,2022,44.4184060557215,,,,,,,,ALL_N1,,,,,,,
IT1:DF_DCSS_ISTR_LAV_PEN_2_TV_3(1.0),A,082033,RESPOP_AV,M,Y_GE15,TOTAL,ALL,12,ALL,ALL,2023,43.98831034200818,,,,,,,,ALL_N1,,,,,,,
IT1:DF_DCSS_ISTR_LAV_PEN_2_TV_3(1.0),A,082033,RESPOP_AV,M,Y_GE15,TOTAL,ALL,12,ALL,ALL,2024,32.547055431128626,,,,,,,,ALL_N1,,,,,,,
IT1:DF_DCSS_ISTR_LAV_PEN_2_TV_3(1.0),A,082033,RESPOP_AV,M,Y_GE15,TOTAL,ALL,22,ALL,ALL,2018,385,,,,,,,,ALL_N1,,,,,,,
IT1:DF_DCSS_ISTR_LAV_PEN_2_TV_3(1.0),A,082033,RESPOP_AV,M,Y_GE15,TOTAL,ALL,22,ALL,ALL,2019,378,,,,,,,,ALL_N1,,,,,,,
IT1:DF_DCSS_ISTR_LAV_PEN_2_TV_3(1.0),A,082033,RESPOP_AV,M,Y_GE15,TOTAL,ALL,22,ALL,ALL,2021,330.000586774923,,,,,,,,ALL_N1,,,,,,,
IT1:DF_DCSS_ISTR_LAV_PEN_2_TV_3(1.0),A,082033,RESPOP_AV,M,Y_GE15,TOTAL,ALL,22,ALL,ALL,2022,305.418406055722,,,,,,,,ALL_N1,,,,,,,
IT1:DF_DCSS_ISTR_LAV_PEN_2_TV_3(1.0),A,082033,RESPOP_AV,M,Y_GE15,TOTAL,ALL,22,ALL,ALL,2023,316.98831034200816,,,,,,,,ALL_N1,,,,,,,
IT1:DF_DCSS_ISTR_LAV_PEN_2_TV_3(1.0),A,082033,RESPOP_AV,M,Y_GE15,TOTAL,ALL,22,ALL,ALL,2024,309.5470554311286,,,,,,,,ALL_N1,,,,,,,
IT1:DF_DCSS_ISTR_LAV_PEN_2_TV_3(1.0),A,082033,RESPOP_AV,M,Y_GE15,TOTAL,ALL,23,ALL,ALL,2018,338,,,,,,,,ALL_N1,,,,,,,
IT1:DF_DCSS_ISTR_LAV_PEN_2_TV_3(1.0),A,082033,RESPOP_AV,M,Y_GE15,TOTAL,ALL,23,ALL,ALL,2019,323,,,,,,,,ALL_N1,,,,,,,
IT1:DF_DCSS_ISTR_LAV_PEN_2_TV_3(1.0),A,082033,RESPOP_AV,M,Y_GE15,TOTAL,ALL,23,ALL,ALL,2021,343.999413225077,,,,,,,,ALL_N1,,,,,,,
IT1:DF_DCSS_ISTR_LAV_PEN_2_TV_3(1.0),A,082033,RESPOP_AV,M,Y_GE15,TOTAL,ALL,23,ALL,ALL,2022,354.581593944278,,,,,,,,ALL_N1,,,,,,,
IT1:DF_DCSS_ISTR_LAV_PEN_2_TV_3(1.0),A,082033,RESPOP_AV,M,Y_GE15,TOTAL,ALL,23,ALL,ALL,2023,334.0116896579918,,,,,,,,ALL_N1,,,,,,,
IT1:DF_DCSS_ISTR_LAV_PEN_2_TV_3(1.0),A,082033,RESPOP_AV,M,Y_GE15,TOTAL,ALL,23,ALL,ALL,2024,342.45294456887143,,,,,,,,ALL_N1,,,,,,,
IT1:DF_DCSS_ISTR_LAV_PEN_2_TV_3(1.0),A,082033,RESPOP_AV,M,Y_GE15,TOTAL,ALL,24,ALL,ALL,2018,169,,,,,,,,ALL_N1,,,,,,,
IT1:DF_DCSS_ISTR_LAV_PEN_2_TV_3(1.0),A,082033,RESPOP_AV,M,Y_GE15,TOTAL,ALL,24,ALL,ALL,2019,186,,,,,,,,ALL_N1,,,,,,,
IT1:DF_DCSS_ISTR_LAV_PEN_2_TV_3(1.0),A,082033,RESPOP_AV,M,Y_GE15,TOTAL,ALL,24,ALL,ALL,2021,187.28513592782,,,,,,,,ALL_N1,,,,,,,
IT1:DF_DCSS_ISTR_LAV_PEN_2_TV_3(1.0),A,082033,RESPOP_AV,M,Y_GE15,TOTAL,ALL,24,ALL,ALL,2022,191.453268952831,,,,,,,,ALL_N1,,,,,,,
IT1:DF_DCSS_ISTR_LAV_PEN_2_TV_3(1.0),A,082033,RESPOP_AV,M,Y_GE15,TOTAL,ALL,24,ALL,ALL,2023,195.20081150413583,,,,,,,,ALL_N1,,,,,,,
IT1:DF_DCSS_ISTR_LAV_PEN_2_TV_3(1.0),A,082033,RESPOP_AV,M,Y_GE15,TOTAL,ALL,24,ALL,ALL,2024,190.22518708846857,,,,,,,,ALL_N1,,,,,,,
IT1:DF_DCSS_ISTR_LAV_PEN_2_TV_3(1.0),A,082033,RESPOP_AV,M,Y_GE15,TOTAL,ALL,4,ALL,ALL,2018,7,,,,,,,,ALL_N1,,,,,,,
IT1:DF_DCSS_ISTR_LAV_PEN_2_TV_3(1.0),A,082033,RESPOP_AV,M,Y_GE15,TOTAL,ALL,4,ALL,ALL,2019,6,,,,,,,,ALL_N1,,,,,,,
IT1:DF_DCSS_ISTR_LAV_PEN_2_TV_3(1.0),A,082033,RESPOP_AV,M,Y_GE15,TOTAL,ALL,4,ALL,ALL,2021,9.37629083992467,,,,,,,,ALL_N1,,,,,,,
IT1:DF_DCSS_ISTR_LAV_PEN_2_TV_3(1.0),A,082033,RESPOP_AV,M,Y_GE15,TOTAL,ALL,4,ALL,ALL,2022,11.1124528463358,,,,,,,,ALL_N1,,,,,,,
IT1:DF_DCSS_ISTR_LAV_PEN_2_TV_3(1.0),A,082033,RESPOP_AV,M,Y_GE15,TOTAL,ALL,4,ALL,ALL,2023,10.751039437126442,,,,,,,,ALL_N1,,,,,,,
IT1:DF_DCSS_ISTR_LAV_PEN_2_TV_3(1.0),A,082033,RESPOP_AV,M,Y_GE15,TOTAL,ALL,4,ALL,ALL,2024,9.755636313062329,,,,,,,,ALL_N1,,,,,,,
IT1:DF_DCSS_ISTR_LAV_PEN_2_TV_3(1.0),A,082033,RESPOP_AV,M,Y_GE15,TOTAL,ALL,5,ALL,ALL,2018,53,,,,,,,,ALL_N1,,,,,,,
IT1:DF_DCSS_ISTR_LAV_PEN_2_TV_3(1.0),A,082033,RESPOP_AV,M,Y_GE15,TOTAL,ALL,5,ALL,ALL,2019,55,,,,,,,,ALL_N1,,,,,,,
IT1:DF_DCSS_ISTR_LAV_PEN_2_TV_3(1.0),A,082033,RESPOP_AV,M,Y_GE15,TOTAL,ALL,5,ALL,ALL,2021,44.3825019034703,,,,,,,,ALL_N1,,,,,,,
IT1:DF_DCSS_ISTR_LAV_PEN_2_TV_3(1.0),A,082033,RESPOP_AV,M,Y_GE15,TOTAL,ALL,5,ALL,ALL,2022,47.3359978199327,,,,,,,,ALL_N1,,,,,,,
IT1:DF_DCSS_ISTR_LAV_PEN_2_TV_3(1.0),A,082033,RESPOP_AV,M,Y_GE15,TOTAL,ALL,5,ALL,ALL,2023,45.74320401022259,,,,,,,,ALL_N1,,,,,,,
IT1:DF_DCSS_ISTR_LAV_PEN_2_TV_3(1.0),A,082033,RESPOP_AV,M,Y_GE15,TOTAL,ALL,5,ALL,ALL,2024,45.64290213973399,,,,,,,,ALL_N1,,,,,,,
IT1:DF_DCSS_ISTR_LAV_PEN_2_TV_3(1.0),A,082033,RESPOP_AV,M,Y_GE15,TOTAL,ALL,7,ALL,ALL,2018,109,,,,,,,,ALL_N1,,,,,,,
IT1:DF_DCSS_ISTR_LAV_PEN_2_TV_3(1.0),A,082033,RESPOP_AV,M,Y_GE15,TOTAL,ALL,7,ALL,ALL,2019,77,,,,,,,,ALL_N1,,,,,,,
IT1:DF_DCSS_ISTR_LAV_PEN_2_TV_3(1.0),A,082033,RESPOP_AV,M,Y_GE15,TOTAL,ALL,7,ALL,ALL,2021,102.955484553863,,,,,,,,ALL_N1,,,,,,,
IT1:DF_DCSS_ISTR_LAV_PEN_2_TV_3(1.0),A,082033,RESPOP_AV,M,Y_GE15,TOTAL,ALL,7,ALL,ALL,2022,104.679874325179,,,,,,,,ALL_N1,,,,,,,
IT1:DF_DCSS_ISTR_LAV_PEN_2_TV_3(1.0),A,082033,RESPOP_AV,M,Y_GE15,TOTAL,ALL,7,ALL,ALL,2023,82.31663470650692,,,,,,,,ALL_N1,,,,,,,
IT1:DF_DCSS_ISTR_LAV_PEN_2_TV_3(1.0),A,082033,RESPOP_AV,M,Y_GE15,TOTAL,ALL,7,ALL,ALL,2024,96.82921902760651,,,,,,,,ALL_N1,,,,,,,
IT1:DF_DCSS_ISTR_LAV_PEN_2_TV_3(1.0),A,082033,RESPOP_AV,M,Y_GE15,TOTAL,ALL,99,ALL,ALL,2018,722,,,,,,,,ALL_N1,99_N1,,,,,,
IT1:DF_DCSS_ISTR_LAV_PEN_2_TV_3(1.0),A,082033,RESPOP_AV,M,Y_GE15,TOTAL,ALL,99,ALL,ALL,2019,701,,,,,,,,ALL_N1,99_N1,,,,,,
IT1:DF_DCSS_ISTR_LAV_PEN_2_TV_3(1.0),A,082033,RESPOP_AV,M,Y_GE15,TOTAL,ALL,99,ALL,ALL,2021,674,,,,,,,,ALL_N1,99_N1,,,,,,
IT1:DF_DCSS_ISTR_LAV_PEN_2_TV_3(1.0),A,082033,RESPOP_AV,M,Y_GE15,TOTAL,ALL,99,ALL,ALL,2022,660,,,,,,,,ALL_N1,99_N1,,,,,,
IT1:DF_DCSS_ISTR_LAV_PEN_2_TV_3(1.0),A,082033,RESPOP_AV,M,Y_GE15,TOTAL,ALL,99,ALL,ALL,2023,651,,,,,,,,ALL_N1,99_N1,,,,,,
IT1:DF_DCSS_ISTR_LAV_PEN_2_TV_3(1.0),A,082033,RESPOP_AV,M,Y_GE15,TOTAL,ALL,99,ALL,ALL,2024,652,,,,,,,,ALL_N1,99_N1,,,,,,
IT1:DF_DCSS_ISTR_LAV_PEN_2_TV_3(1.0),A,082033,RESPOP_AV,T,Y_GE15,TOTAL,ALL,1,ALL,ALL,2018,488,,,,,,,,ALL_N1,,,,,,,
IT1:DF_DCSS_ISTR_LAV_PEN_2_TV_3(1.0),A,082033,RESPOP_AV,T,Y_GE15,TOTAL,ALL,1,ALL,ALL,2019,484,,,,,,,,ALL_N1,,,,,,,
IT1:DF_DCSS_ISTR_LAV_PEN_2_TV_3(1.0),A,082033,RESPOP_AV,T,Y_GE15,TOTAL,ALL,1,ALL,ALL,2021,452,,,,,,,,ALL_N1,,,,,,,
IT1:DF_DCSS_ISTR_LAV_PEN_2_TV_3(1.0),A,082033,RESPOP_AV,T,Y_GE15,TOTAL,ALL,1,ALL,ALL,2022,411,,,,,,,,ALL_N1,,,,,,,
IT1:DF_DCSS_ISTR_LAV_PEN_2_TV_3(1.0),A,082033,RESPOP_AV,T,Y_GE15,TOTAL,ALL,1,ALL,ALL,2023,445,,,,,,,,ALL_N1,,,,,,,
IT1:DF_DCSS_ISTR_LAV_PEN_2_TV_3(1.0),A,082033,RESPOP_AV,T,Y_GE15,TOTAL,ALL,1,ALL,ALL,2024,441,,,,,,,,ALL_N1,,,,,,,
IT1:DF_DCSS_ISTR_LAV_PEN_2_TV_3(1.0),A,082033,RESPOP_AV,T,Y_GE15,TOTAL,ALL,12,ALL,ALL,2018,168,,,,,,,,ALL_N1,,,,,,,
IT1:DF_DCSS_ISTR_LAV_PEN_2_TV_3(1.0),A,082033,RESPOP_AV,T,Y_GE15,TOTAL,ALL,12,ALL,ALL,2019,158,,,,,,,,ALL_N1,,,,,,,
IT1:DF_DCSS_ISTR_LAV_PEN_2_TV_3(1.0),A,082033,RESPOP_AV,T,Y_GE15,TOTAL,ALL,12,ALL,ALL,2021,86.8138173887473,,,,,,,,ALL_N1,,,,,,,
IT1:DF_DCSS_ISTR_LAV_PEN_2_TV_3(1.0),A,082033,RESPOP_AV,T,Y_GE15,TOTAL,ALL,12,ALL,ALL,2022,85.8296084140162,,,,,,,,ALL_N1,,,,,,,
IT1:DF_DCSS_ISTR_LAV_PEN_2_TV_3(1.0),A,082033,RESPOP_AV,T,Y_GE15,TOTAL,ALL,12,ALL,ALL,2023,81.51255059694688,,,,,,,,ALL_N1,,,,,,,
IT1:DF_DCSS_ISTR_LAV_PEN_2_TV_3(1.0),A,082033,RESPOP_AV,T,Y_GE15,TOTAL,ALL,12,ALL,ALL,2024,62.740091314977775,,,,,,,,ALL_N1,,,,,,,
IT1:DF_DCSS_ISTR_LAV_PEN_2_TV_3(1.0),A,082033,RESPOP_AV,T,Y_GE15,TOTAL,ALL,22,ALL,ALL,2018,656,,,,,,,,ALL_N1,,,,,,,
IT1:DF_DCSS_ISTR_LAV_PEN_2_TV_3(1.0),A,082033,RESPOP_AV,T,Y_GE15,TOTAL,ALL,22,ALL,ALL,2019,642,,,,,,,,ALL_N1,,,,,,,
IT1:DF_DCSS_ISTR_LAV_PEN_2_TV_3(1.0),A,082033,RESPOP_AV,T,Y_GE15,TOTAL,ALL,22,ALL,ALL,2021,538.813817388747,,,,,,,,ALL_N1,,,,,,,
IT1:DF_DCSS_ISTR_LAV_PEN_2_TV_3(1.0),A,082033,RESPOP_AV,T,Y_GE15,TOTAL,ALL,22,ALL,ALL,2022,496.829608414016,,,,,,,,ALL_N1,,,,,,,
IT1:DF_DCSS_ISTR_LAV_PEN_2_TV_3(1.0),A,082033,RESPOP_AV,T,Y_GE15,TOTAL,ALL,22,ALL,ALL,2023,526.5125505969469,,,,,,,,ALL_N1,,,,,,,
IT1:DF_DCSS_ISTR_LAV_PEN_2_TV_3(1.0),A,082033,RESPOP_AV,T,Y_GE15,TOTAL,ALL,22,ALL,ALL,2024,503.74009131497775,,,,,,,,ALL_N1,,,,,,,
IT1:DF_DCSS_ISTR_LAV_PEN_2_TV_3(1.0),A,082033,RESPOP_AV,T,Y_GE15,TOTAL,ALL,23,ALL,ALL,2018,834,,,,,,,,ALL_N1,,,,,,,
IT1:DF_DCSS_ISTR_LAV_PEN_2_TV_3(1.0),A,082033,RESPOP_AV,T,Y_GE15,TOTAL,ALL,23,ALL,ALL,2019,796,,,,,,,,ALL_N1,,,,,,,
IT1:DF_DCSS_ISTR_LAV_PEN_2_TV_3(1.0),A,082033,RESPOP_AV,T,Y_GE15,TOTAL,ALL,23,ALL,ALL,2021,844.186182611253,,,,,,,,ALL_N1,,,,,,,
IT1:DF_DCSS_ISTR_LAV_PEN_2_TV_3(1.0),A,082033,RESPOP_AV,T,Y_GE15,TOTAL,ALL,23,ALL,ALL,2022,863.170391585984,,,,,,,,ALL_N1,,,,,,,
IT1:DF_DCSS_ISTR_LAV_PEN_2_TV_3(1.0),A,082033,RESPOP_AV,T,Y_GE15,TOTAL,ALL,23,ALL,ALL,2023,809.4874494030532,,,,,,,,ALL_N1,,,,,,,
IT1:DF_DCSS_ISTR_LAV_PEN_2_TV_3(1.0),A,082033,RESPOP_AV,T,Y_GE15,TOTAL,ALL,23,ALL,ALL,2024,824.2599086850223,,,,,,,,ALL_N1,,,,,,,
IT1:DF_DCSS_ISTR_LAV_PEN_2_TV_3(1.0),A,082033,RESPOP_AV,T,Y_GE15,TOTAL,ALL,24,ALL,ALL,2018,330,,,,,,,,ALL_N1,,,,,,,
IT1:DF_DCSS_ISTR_LAV_PEN_2_TV_3(1.0),A,082033,RESPOP_AV,T,Y_GE15,TOTAL,ALL,24,ALL,ALL,2019,364,,,,,,,,ALL_N1,,,,,,,
IT1:DF_DCSS_ISTR_LAV_PEN_2_TV_3(1.0),A,082033,RESPOP_AV,T,Y_GE15,TOTAL,ALL,24,ALL,ALL,2021,368.134181335879,,,,,,,,ALL_N1,,,,,,,
IT1:DF_DCSS_ISTR_LAV_PEN_2_TV_3(1.0),A,082033,RESPOP_AV,T,Y_GE15,TOTAL,ALL,24,ALL,ALL,2022,363.19702422045,,,,,,,,ALL_N1,,,,,,,
IT1:DF_DCSS_ISTR_LAV_PEN_2_TV_3(1.0),A,082033,RESPOP_AV,T,Y_GE15,TOTAL,ALL,24,ALL,ALL,2023,369.89247264630166,,,,,,,,ALL_N1,,,,,,,
IT1:DF_DCSS_ISTR_LAV_PEN_2_TV_3(1.0),A,082033,RESPOP_AV,T,Y_GE15,TOTAL,ALL,24,ALL,ALL,2024,347.9934884130908,,,,,,,,ALL_N1,,,,,,,
IT1:DF_DCSS_ISTR_LAV_PEN_2_TV_3(1.0),A,082033,RESPOP_AV,T,Y_GE15,TOTAL,ALL,4,ALL,ALL,2018,203,,,,,,,,ALL_N1,,,,,,,
IT1:DF_DCSS_ISTR_LAV_PEN_2_TV_3(1.0),A,082033,RESPOP_AV,T,Y_GE15,TOTAL,ALL,4,ALL,ALL,2019,191,,,,,,,,ALL_N1,,,,,,,
IT1:DF_DCSS_ISTR_LAV_PEN_2_TV_3(1.0),A,082033,RESPOP_AV,T,Y_GE15,TOTAL,ALL,4,ALL,ALL,2021,206.5467315368,,,,,,,,ALL_N1,,,,,,,
IT1:DF_DCSS_ISTR_LAV_PEN_2_TV_3(1.0),A,082033,RESPOP_AV,T,Y_GE15,TOTAL,ALL,4,ALL,ALL,2022,212.209125460795,,,,,,,,ALL_N1,,,,,,,
IT1:DF_DCSS_ISTR_LAV_PEN_2_TV_3(1.0),A,082033,RESPOP_AV,T,Y_GE15,TOTAL,ALL,4,ALL,ALL,2023,192.5963268073261,,,,,,,,ALL_N1,,,,,,,
IT1:DF_DCSS_ISTR_LAV_PEN_2_TV_3(1.0),A,082033,RESPOP_AV,T,Y_GE15,TOTAL,ALL,4,ALL,ALL,2024,196.8792087201056,,,,,,,,ALL_N1,,,,,,,
IT1:DF_DCSS_ISTR_LAV_PEN_2_TV_3(1.0),A,082033,RESPOP_AV,T,Y_GE15,TOTAL,ALL,5,ALL,ALL,2018,105,,,,,,,,ALL_N1,,,,,,,
IT1:DF_DCSS_ISTR_LAV_PEN_2_TV_3(1.0),A,082033,RESPOP_AV,T,Y_GE15,TOTAL,ALL,5,ALL,ALL,2019,106,,,,,,,,ALL_N1,,,,,,,
IT1:DF_DCSS_ISTR_LAV_PEN_2_TV_3(1.0),A,082033,RESPOP_AV,T,Y_GE15,TOTAL,ALL,5,ALL,ALL,2021,108.108114128068,,,,,,,,ALL_N1,,,,,,,
IT1:DF_DCSS_ISTR_LAV_PEN_2_TV_3(1.0),A,082033,RESPOP_AV,T,Y_GE15,TOTAL,ALL,5,ALL,ALL,2022,103.291020159939,,,,,,,,ALL_N1,,,,,,,
IT1:DF_DCSS_ISTR_LAV_PEN_2_TV_3(1.0),A,082033,RESPOP_AV,T,Y_GE15,TOTAL,ALL,5,ALL,ALL,2023,99.96479784287092,,,,,,,,ALL_N1,,,,,,,
IT1:DF_DCSS_ISTR_LAV_PEN_2_TV_3(1.0),A,082033,RESPOP_AV,T,Y_GE15,TOTAL,ALL,5,ALL,ALL,2024,101.43157465385887,,,,,,,,ALL_N1,,,,,,,
IT1:DF_DCSS_ISTR_LAV_PEN_2_TV_3(1.0),A,082033,RESPOP_AV,T,Y_GE15,TOTAL,ALL,7,ALL,ALL,2018,196,,,,,,,,ALL_N1,,,,,,,
IT1:DF_DCSS_ISTR_LAV_PEN_2_TV_3(1.0),A,082033,RESPOP_AV,T,Y_GE15,TOTAL,ALL,7,ALL,ALL,2019,136,,,,,,,,ALL_N1,,,,,,,
IT1:DF_DCSS_ISTR_LAV_PEN_2_TV_3(1.0),A,082033,RESPOP_AV,T,Y_GE15,TOTAL,ALL,7,ALL,ALL,2021,161.397155610506,,,,,,,,ALL_N1,,,,,,,
IT1:DF_DCSS_ISTR_LAV_PEN_2_TV_3(1.0),A,082033,RESPOP_AV,T,Y_GE15,TOTAL,ALL,7,ALL,ALL,2022,184.4732217448,,,,,,,,ALL_N1,,,,,,,
IT1:DF_DCSS_ISTR_LAV_PEN_2_TV_3(1.0),A,082033,RESPOP_AV,T,Y_GE15,TOTAL,ALL,7,ALL,ALL,2023,147.0338521065545,,,,,,,,ALL_N1,,,,,,,
IT1:DF_DCSS_ISTR_LAV_PEN_2_TV_3(1.0),A,082033,RESPOP_AV,T,Y_GE15,TOTAL,ALL,7,ALL,ALL,2024,177.95563689796703,,,,,,,,ALL_N1,,,,,,,
IT1:DF_DCSS_ISTR_LAV_PEN_2_TV_3(1.0),A,082033,RESPOP_AV,T,Y_GE15,TOTAL,ALL,99,ALL,ALL,2018,1489,,,,,,,,ALL_N1,99_N1,,,,,,
IT1:DF_DCSS_ISTR_LAV_PEN_2_TV_3(1.0),A,082033,RESPOP_AV,T,Y_GE15,TOTAL,ALL,99,ALL,ALL,2019,1438,,,,,,,,ALL_N1,99_N1,,,,,,
IT1:DF_DCSS_ISTR_LAV_PEN_2_TV_3(1.0),A,082033,RESPOP_AV,T,Y_GE15,TOTAL,ALL,99,ALL,ALL,2021,1383,,,,,,,,ALL_N1,99_N1,,,,,,
IT1:DF_DCSS_ISTR_LAV_PEN_2_TV_3(1.0),A,082033,RESPOP_AV,T,Y_GE15,TOTAL,ALL,99,ALL,ALL,2022,1360,,,,,,,,ALL_N1,99_N1,,,,,,
IT1:DF_DCSS_ISTR_LAV_PEN_2_TV_3(1.0),A,082033,RESPOP_AV,T,Y_GE15,TOTAL,ALL,99,ALL,ALL,2023,1336,,,,,,,,ALL_N1,99_N1,,,,,,
IT1:DF_DCSS_ISTR_LAV_PEN_2_TV_3(1.0),A,082033,RESPOP_AV,T,Y_GE15,TOTAL,ALL,99,ALL,ALL,2024,1328,,,,,,,,ALL_N1,99_N1,,,,,,
IT1:DF_DCSS_ISTR_LAV_PEN_2_TV_3(1.0),A,082034,RESPOP_AV,F,Y_GE15,TOTAL,ALL,1,ALL,ALL,2018,1173,,,,,,,,ALL_N1,,,,,,,
IT1:DF_DCSS_ISTR_LAV_PEN_2_TV_3(1.0),A,082034,RESPOP_AV,F,Y_GE15,TOTAL,ALL,1,ALL,ALL,2019,1224,,,,,,,,ALL_N1,,,,,,,
IT1:DF_DCSS_ISTR_LAV_PEN_2_TV_3(1.0),A,082034,RESPOP_AV,F,Y_GE15,TOTAL,ALL,1,ALL,ALL,2021,1219,,,,,,,,ALL_N1,,,,,,,
IT1:DF_DCSS_ISTR_LAV_PEN_2_TV_3(1.0),A,082034,RESPOP_AV,F,Y_GE15,TOTAL,ALL,1,ALL,ALL,2022,1220,,,,,,,,ALL_N1,,,,,,,
IT1:DF_DCSS_ISTR_LAV_PEN_2_TV_3(1.0),A,082034,RESPOP_AV,F,Y_GE15,TOTAL,ALL,1,ALL,ALL,2023,1246,,,,,,,,ALL_N1,,,,,,,
IT1:DF_DCSS_ISTR_LAV_PEN_2_TV_3(1.0),A,082034,RESPOP_AV,F,Y_GE15,TOTAL,ALL,1,ALL,ALL,2024,1286,,,,,,,,ALL_N1,,,,,,,
IT1:DF_DCSS_ISTR_LAV_PEN_2_TV_3(1.0),A,082034,RESPOP_AV,F,Y_GE15,TOTAL,ALL,12,ALL,ALL,2018,495,,,,,,,,ALL_N1,,,,,,,
IT1:DF_DCSS_ISTR_LAV_PEN_2_TV_3(1.0),A,082034,RESPOP_AV,F,Y_GE15,TOTAL,ALL,12,ALL,ALL,2019,489,,,,,,,,ALL_N1,,,,,,,
IT1:DF_DCSS_ISTR_LAV_PEN_2_TV_3(1.0),A,082034,RESPOP_AV,F,Y_GE15,TOTAL,ALL,12,ALL,ALL,2021,250.263718214286,,,,,,,,ALL_N1,,,,,,,
IT1:DF_DCSS_ISTR_LAV_PEN_2_TV_3(1.0),A,082034,RESPOP_AV,F,Y_GE15,TOTAL,ALL,12,ALL,ALL,2022,261.783661797329,,,,,,,,ALL_N1,,,,,,,
IT1:DF_DCSS_ISTR_LAV_PEN_2_TV_3(1.0),A,082034,RESPOP_AV,F,Y_GE15,TOTAL,ALL,12,ALL,ALL,2023,258.92360879220763,,,,,,,,ALL_N1,,,,,,,
IT1:DF_DCSS_ISTR_LAV_PEN_2_TV_3(1.0),A,082034,RESPOP_AV,F,Y_GE15,TOTAL,ALL,12,ALL,ALL,2024,217.5100801624295,,,,,,,,ALL_N1,,,,,,,
IT1:DF_DCSS_ISTR_LAV_PEN_2_TV_3(1.0),A,082034,RESPOP_AV,F,Y_GE15,TOTAL,ALL,22,ALL,ALL,2018,1667,,,,,,,,ALL_N1,,,,,,,
IT1:DF_DCSS_ISTR_LAV_PEN_2_TV_3(1.0),A,082034,RESPOP_AV,F,Y_GE15,TOTAL,ALL,22,ALL,ALL,2019,1713,,,,,,,,ALL_N1,,,,,,,
IT1:DF_DCSS_ISTR_LAV_PEN_2_TV_3(1.0),A,082034,RESPOP_AV,F,Y_GE15,TOTAL,ALL,22,ALL,ALL,2021,1469.26371821429,,,,,,,,ALL_N1,,,,,,,
IT1:DF_DCSS_ISTR_LAV_PEN_2_TV_3(1.0),A,082034,RESPOP_AV,F,Y_GE15,TOTAL,ALL,22,ALL,ALL,2022,1481.78366179733,,,,,,,,ALL_N1,,,,,,,
IT1:DF_DCSS_ISTR_LAV_PEN_2_TV_3(1.0),A,082034,RESPOP_AV,F,Y_GE15,TOTAL,ALL,22,ALL,ALL,2023,1504.9236087922077,,,,,,,,ALL_N1,,,,,,,
IT1:DF_DCSS_ISTR_LAV_PEN_2_TV_3(1.0),A,082034,RESPOP_AV,F,Y_GE15,TOTAL,ALL,22,ALL,ALL,2024,1503.5100801624294,,,,,,,,ALL_N1,,,,,,,
IT1:DF_DCSS_ISTR_LAV_PEN_2_TV_3(1.0),A,082034,RESPOP_AV,F,Y_GE15,TOTAL,ALL,23,ALL,ALL,2018,3204,,,,,,,,ALL_N1,,,,,,,
IT1:DF_DCSS_ISTR_LAV_PEN_2_TV_3(1.0),A,082034,RESPOP_AV,F,Y_GE15,TOTAL,ALL,23,ALL,ALL,2019,3108,,,,,,,,ALL_N1,,,,,,,
IT1:DF_DCSS_ISTR_LAV_PEN_2_TV_3(1.0),A,082034,RESPOP_AV,F,Y_GE15,TOTAL,ALL,23,ALL,ALL,2021,3208.73628178571,,,,,,,,ALL_N1,,,,,,,
IT1:DF_DCSS_ISTR_LAV_PEN_2_TV_3(1.0),A,082034,RESPOP_AV,F,Y_GE15,TOTAL,ALL,23,ALL,ALL,2022,3150.21633820267,,,,,,,,ALL_N1,,,,,,,
IT1:DF_DCSS_ISTR_LAV_PEN_2_TV_3(1.0),A,082034,RESPOP_AV,F,Y_GE15,TOTAL,ALL,23,ALL,ALL,2023,3066.076391207792,,,,,,,,ALL_N1,,,,,,,
IT1:DF_DCSS_ISTR_LAV_PEN_2_TV_3(1.0),A,082034,RESPOP_AV,F,Y_GE15,TOTAL,ALL,23,ALL,ALL,2024,3046.48991983757,,,,,,,,ALL_N1,,,,,,,
IT1:DF_DCSS_ISTR_LAV_PEN_2_TV_3(1.0),A,082034,RESPOP_AV,F,Y_GE15,TOTAL,ALL,24,ALL,ALL,2018,1077,,,,,,,,ALL_N1,,,,,,,
IT1:DF_DCSS_ISTR_LAV_PEN_2_TV_3(1.0),A,082034,RESPOP_AV,F,Y_GE15,TOTAL,ALL,24,ALL,ALL,2019,1080,,,,,,,,ALL_N1,,,,,,,
IT1:DF_DCSS_ISTR_LAV_PEN_2_TV_3(1.0),A,082034,RESPOP_AV,F,Y_GE15,TOTAL,ALL,24,ALL,ALL,2021,1104.97085266337,,,,,,,,ALL_N1,,,,,,,
IT1:DF_DCSS_ISTR_LAV_PEN_2_TV_3(1.0),A,082034,RESPOP_AV,F,Y_GE15,TOTAL,ALL,24,ALL,ALL,2022,1066.52421809584,,,,,,,,ALL_N1,,,,,,,
IT1:DF_DCSS_ISTR_LAV_PEN_2_TV_3(1.0),A,082034,RESPOP_AV,F,Y_GE15,TOTAL,ALL,24,ALL,ALL,2023,1049.7206253918448,,,,,,,,ALL_N1,,,,,,,
IT1:DF_DCSS_ISTR_LAV_PEN_2_TV_3(1.0),A,082034,RESPOP_AV,F,Y_GE15,TOTAL,ALL,24,ALL,ALL,2024,1042.0182568638713,,,,,,,,ALL_N1,,,,,,,
IT1:DF_DCSS_ISTR_LAV_PEN_2_TV_3(1.0),A,082034,RESPOP_AV,F,Y_GE15,TOTAL,ALL,4,ALL,ALL,2018,1247,,,,,,,,ALL_N1,,,,,,,
IT1:DF_DCSS_ISTR_LAV_PEN_2_TV_3(1.0),A,082034,RESPOP_AV,F,Y_GE15,TOTAL,ALL,4,ALL,ALL,2019,1196,,,,,,,,ALL_N1,,,,,,,
IT1:DF_DCSS_ISTR_LAV_PEN_2_TV_3(1.0),A,082034,RESPOP_AV,F,Y_GE15,TOTAL,ALL,4,ALL,ALL,2021,1234.98085299457,,,,,,,,ALL_N1,,,,,,,
IT1:DF_DCSS_ISTR_LAV_PEN_2_TV_3(1.0),A,082034,RESPOP_AV,F,Y_GE15,TOTAL,ALL,4,ALL,ALL,2022,1218.42837609895,,,,,,,,ALL_N1,,,,,,,
IT1:DF_DCSS_ISTR_LAV_PEN_2_TV_3(1.0),A,082034,RESPOP_AV,F,Y_GE15,TOTAL,ALL,4,ALL,ALL,2023,1137.796488276848,,,,,,,,ALL_N1,,,,,,,
IT1:DF_DCSS_ISTR_LAV_PEN_2_TV_3(1.0),A,082034,RESPOP_AV,F,Y_GE15,TOTAL,ALL,4,ALL,ALL,2024,1155.6955454907775,,,,,,,,ALL_N1,,,,,,,
IT1:DF_DCSS_ISTR_LAV_PEN_2_TV_3(1.0),A,082034,RESPOP_AV,F,Y_GE15,TOTAL,ALL,5,ALL,ALL,2018,435,,,,,,,,ALL_N1,,,,,,,
IT1:DF_DCSS_ISTR_LAV_PEN_2_TV_3(1.0),A,082034,RESPOP_AV,F,Y_GE15,TOTAL,ALL,5,ALL,ALL,2019,453,,,,,,,,ALL_N1,,,,,,,
IT1:DF_DCSS_ISTR_LAV_PEN_2_TV_3(1.0),A,082034,RESPOP_AV,F,Y_GE15,TOTAL,ALL,5,ALL,ALL,2021,460.663498439517,,,,,,,,ALL_N1,,,,,,,
IT1:DF_DCSS_ISTR_LAV_PEN_2_TV_3(1.0),A,082034,RESPOP_AV,F,Y_GE15,TOTAL,ALL,5,ALL,ALL,2022,468.594017974668,,,,,,,,ALL_N1,,,,,,,
IT1:DF_DCSS_ISTR_LAV_PEN_2_TV_3(1.0),A,082034,RESPOP_AV,F,Y_GE15,TOTAL,ALL,5,ALL,ALL,2023,488.02356916287823,,,,,,,,ALL_N1,,,,,,,
IT1:DF_DCSS_ISTR_LAV_PEN_2_TV_3(1.0),A,082034,RESPOP_AV,F,Y_GE15,TOTAL,ALL,5,ALL,ALL,2024,454.96056680528596,,,,,,,,ALL_N1,,,,,,,
IT1:DF_DCSS_ISTR_LAV_PEN_2_TV_3(1.0),A,082034,RESPOP_AV,F,Y_GE15,TOTAL,ALL,7,ALL,ALL,2018,446,,,,,,,,ALL_N1,,,,,,,
IT1:DF_DCSS_ISTR_LAV_PEN_2_TV_3(1.0),A,082034,RESPOP_AV,F,Y_GE15,TOTAL,ALL,7,ALL,ALL,2019,379,,,,,,,,ALL_N1,,,,,,,
IT1:DF_DCSS_ISTR_LAV_PEN_2_TV_3(1.0),A,082034,RESPOP_AV,F,Y_GE15,TOTAL,ALL,7,ALL,ALL,2021,408.121077688258,,,,,,,,ALL_N1,,,,,,,
IT1:DF_DCSS_ISTR_LAV_PEN_2_TV_3(1.0),A,082034,RESPOP_AV,F,Y_GE15,TOTAL,ALL,7,ALL,ALL,2022,396.669726033213,,,,,,,,ALL_N1,,,,,,,
IT1:DF_DCSS_ISTR_LAV_PEN_2_TV_3(1.0),A,082034,RESPOP_AV,F,Y_GE15,TOTAL,ALL,7,ALL,ALL,2023,390.5357083762208,,,,,,,,ALL_N1,,,,,,,
IT1:DF_DCSS_ISTR_LAV_PEN_2_TV_3(1.0),A,082034,RESPOP_AV,F,Y_GE15,TOTAL,ALL,7,ALL,ALL,2024,393.8155506776356,,,,,,,,ALL_N1,,,,,,,
IT1:DF_DCSS_ISTR_LAV_PEN_2_TV_3(1.0),A,082034,RESPOP_AV,F,Y_GE15,TOTAL,ALL,99,ALL,ALL,2018,4871,,,,,,,,ALL_N1,99_N1,,,,,,
IT1:DF_DCSS_ISTR_LAV_PEN_2_TV_3(1.0),A,082034,RESPOP_AV,F,Y_GE15,TOTAL,ALL,99,ALL,ALL,2019,4821,,,,,,,,ALL_N1,99_N1,,,,,,
IT1:DF_DCSS_ISTR_LAV_PEN_2_TV_3(1.0),A,082034,RESPOP_AV,F,Y_GE15,TOTAL,ALL,99,ALL,ALL,2021,4678,,,,,,,,ALL_N1,99_N1,,,,,,
IT1:DF_DCSS_ISTR_LAV_PEN_2_TV_3(1.0),A,082034,RESPOP_AV,F,Y_GE15,TOTAL,ALL,99,ALL,ALL,2022,4632,,,,,,,,ALL_N1,99_N1,,,,,,
IT1:DF_DCSS_ISTR_LAV_PEN_2_TV_3(1.0),A,082034,RESPOP_AV,F,Y_GE15,TOTAL,ALL,99,ALL,ALL,2023,4571,,,,,,,,ALL_N1,99_N1,,,,,,
IT1:DF_DCSS_ISTR_LAV_PEN_2_TV_3(1.0),A,082034,RESPOP_AV,F,Y_GE15,TOTAL,ALL,99,ALL,ALL,2024,4550,,,,,,,,ALL_N1,99_N1,,,,,,
IT1:DF_DCSS_ISTR_LAV_PEN_2_TV_3(1.0),A,082034,RESPOP_AV,M,Y_GE15,TOTAL,ALL,1,ALL,ALL,2018,2028,,,,,,,,ALL_N1,,,,,,,
IT1:DF_DCSS_ISTR_LAV_PEN_2_TV_3(1.0),A,082034,RESPOP_AV,M,Y_GE15,TOTAL,ALL,1,ALL,ALL,2019,2130,,,,,,,,ALL_N1,,,,,,,
IT1:DF_DCSS_ISTR_LAV_PEN_2_TV_3(1.0),A,082034,RESPOP_AV,M,Y_GE15,TOTAL,ALL,1,ALL,ALL,2021,2040,,,,,,,,ALL_N1,,,,,,,
IT1:DF_DCSS_ISTR_LAV_PEN_2_TV_3(1.0),A,082034,RESPOP_AV,M,Y_GE15,TOTAL,ALL,1,ALL,ALL,2022,2067,,,,,,,,ALL_N1,,,,,,,
IT1:DF_DCSS_ISTR_LAV_PEN_2_TV_3(1.0),A,082034,RESPOP_AV,M,Y_GE15,TOTAL,ALL,1,ALL,ALL,2023,2108,,,,,,,,ALL_N1,,,,,,,
IT1:DF_DCSS_ISTR_LAV_PEN_2_TV_3(1.0),A,082034,RESPOP_AV,M,Y_GE15,TOTAL,ALL,1,ALL,ALL,2024,2143,,,,,,,,ALL_N1,,,,,,,
IT1:DF_DCSS_ISTR_LAV_PEN_2_TV_3(1.0),A,082034,RESPOP_AV,M,Y_GE15,TOTAL,ALL,12,ALL,ALL,2018,546,,,,,,,,ALL_N1,,,,,,,
IT1:DF_DCSS_ISTR_LAV_PEN_2_TV_3(1.0),A,082034,RESPOP_AV,M,Y_GE15,TOTAL,ALL,12,ALL,ALL,2019,497,,,,,,,,ALL_N1,,,,,,,
IT1:DF_DCSS_ISTR_LAV_PEN_2_TV_3(1.0),A,082034,RESPOP_AV,M,Y_GE15,TOTAL,ALL,12,ALL,ALL,2021,308.243327774922,,,,,,,,ALL_N1,,,,,,,
IT1:DF_DCSS_ISTR_LAV_PEN_2_TV_3(1.0),A,082034,RESPOP_AV,M,Y_GE15,TOTAL,ALL,12,ALL,ALL,2022,298.615231923337,,,,,,,,ALL_N1,,,,,,,
IT1:DF_DCSS_ISTR_LAV_PEN_2_TV_3(1.0),A,082034,RESPOP_AV,M,Y_GE15,TOTAL,ALL,12,ALL,ALL,2023,278.3298731298683,,,,,,,,ALL_N1,,,,,,,
IT1:DF_DCSS_ISTR_LAV_PEN_2_TV_3(1.0),A,082034,RESPOP_AV,M,Y_GE15,TOTAL,ALL,12,ALL,ALL,2024,241.5009352285973,,,,,,,,ALL_N1,,,,,,,
IT1:DF_DCSS_ISTR_LAV_PEN_2_TV_3(1.0),A,082034,RESPOP_AV,M,Y_GE15,TOTAL,ALL,22,ALL,ALL,2018,2573,,,,,,,,ALL_N1,,,,,,,
IT1:DF_DCSS_ISTR_LAV_PEN_2_TV_3(1.0),A,082034,RESPOP_AV,M,Y_GE15,TOTAL,ALL,22,ALL,ALL,2019,2626,,,,,,,,ALL_N1,,,,,,,
IT1:DF_DCSS_ISTR_LAV_PEN_2_TV_3(1.0),A,082034,RESPOP_AV,M,Y_GE15,TOTAL,ALL,22,ALL,ALL,2021,2348.24332777492,,,,,,,,ALL_N1,,,,,,,
IT1:DF_DCSS_ISTR_LAV_PEN_2_TV_3(1.0),A,082034,RESPOP_AV,M,Y_GE15,TOTAL,ALL,22,ALL,ALL,2022,2365.61523192334,,,,,,,,ALL_N1,,,,,,,
IT1:DF_DCSS_ISTR_LAV_PEN_2_TV_3(1.0),A,082034,RESPOP_AV,M,Y_GE15,TOTAL,ALL,22,ALL,ALL,2023,2386.3298731298682,,,,,,,,ALL_N1,,,,,,,
IT1:DF_DCSS_ISTR_LAV_PEN_2_TV_3(1.0),A,082034,RESPOP_AV,M,Y_GE15,TOTAL,ALL,22,ALL,ALL,2024,2384.5009352285974,,,,,,,,ALL_N1,,,,,,,
IT1:DF_DCSS_ISTR_LAV_PEN_2_TV_3(1.0),A,082034,RESPOP_AV,M,Y_GE15,TOTAL,ALL,23,ALL,ALL,2018,1950,,,,,,,,ALL_N1,,,,,,,
IT1:DF_DCSS_ISTR_LAV_PEN_2_TV_3(1.0),A,082034,RESPOP_AV,M,Y_GE15,TOTAL,ALL,23,ALL,ALL,2019,1873,,,,,,,,ALL_N1,,,,,,,
IT1:DF_DCSS_ISTR_LAV_PEN_2_TV_3(1.0),A,082034,RESPOP_AV,M,Y_GE15,TOTAL,ALL,23,ALL,ALL,2021,2034.75667222508,,,,,,,,ALL_N1,,,,,,,
IT1:DF_DCSS_ISTR_LAV_PEN_2_TV_3(1.0),A,082034,RESPOP_AV,M,Y_GE15,TOTAL,ALL,23,ALL,ALL,2022,2006.38476807666,,,,,,,,ALL_N1,,,,,,,
IT1:DF_DCSS_ISTR_LAV_PEN_2_TV_3(1.0),A,082034,RESPOP_AV,M,Y_GE15,TOTAL,ALL,23,ALL,ALL,2023,1945.6701268701318,,,,,,,,ALL_N1,,,,,,,
IT1:DF_DCSS_ISTR_LAV_PEN_2_TV_3(1.0),A,082034,RESPOP_AV,M,Y_GE15,TOTAL,ALL,23,ALL,ALL,2024,1964.4990647714026,,,,,,,,ALL_N1,,,,,,,
IT1:DF_DCSS_ISTR_LAV_PEN_2_TV_3(1.0),A,082034,RESPOP_AV,M,Y_GE15,TOTAL,ALL,24,ALL,ALL,2018,927,,,,,,,,ALL_N1,,,,,,,
IT1:DF_DCSS_ISTR_LAV_PEN_2_TV_3(1.0),A,082034,RESPOP_AV,M,Y_GE15,TOTAL,ALL,24,ALL,ALL,2019,940,,,,,,,,ALL_N1,,,,,,,
IT1:DF_DCSS_ISTR_LAV_PEN_2_TV_3(1.0),A,082034,RESPOP_AV,M,Y_GE15,TOTAL,ALL,24,ALL,ALL,2021,978.073971797403,,,,,,,,ALL_N1,,,,,,,
IT1:DF_DCSS_ISTR_LAV_PEN_2_TV_3(1.0),A,082034,RESPOP_AV,M,Y_GE15,TOTAL,ALL,24,ALL,ALL,2022,1005.97050595788,,,,,,,,ALL_N1,,,,,,,
IT1:DF_DCSS_ISTR_LAV_PEN_2_TV_3(1.0),A,082034,RESPOP_AV,M,Y_GE15,TOTAL,ALL,24,ALL,ALL,2023,963.0389186423582,,,,,,,,ALL_N1,,,,,,,
IT1:DF_DCSS_ISTR_LAV_PEN_2_TV_3(1.0),A,082034,RESPOP_AV,M,Y_GE15,TOTAL,ALL,24,ALL,ALL,2024,993.6200445575723,,,,,,,,ALL_N1,,,,,,,
IT1:DF_DCSS_ISTR_LAV_PEN_2_TV_3(1.0),A,082034,RESPOP_AV,M,Y_GE15,TOTAL,ALL,4,ALL,ALL,2018,46,,,,,,,,ALL_N1,,,,,,,
IT1:DF_DCSS_ISTR_LAV_PEN_2_TV_3(1.0),A,082034,RESPOP_AV,M,Y_GE15,TOTAL,ALL,4,ALL,ALL,2019,43,,,,,,,,ALL_N1,,,,,,,
IT1:DF_DCSS_ISTR_LAV_PEN_2_TV_3(1.0),A,082034,RESPOP_AV,M,Y_GE15,TOTAL,ALL,4,ALL,ALL,2021,69.2184269475392,,,,,,,,ALL_N1,,,,,,,
IT1:DF_DCSS_ISTR_LAV_PEN_2_TV_3(1.0),A,082034,RESPOP_AV,M,Y_GE15,TOTAL,ALL,4,ALL,ALL,2022,76.3074134193348,,,,,,,,ALL_N1,,,,,,,
IT1:DF_DCSS_ISTR_LAV_PEN_2_TV_3(1.0),A,082034,RESPOP_AV,M,Y_GE15,TOTAL,ALL,4,ALL,ALL,2023,77.26392355445671,,,,,,,,ALL_N1,,,,,,,
IT1:DF_DCSS_ISTR_LAV_PEN_2_TV_3(1.0),A,082034,RESPOP_AV,M,Y_GE15,TOTAL,ALL,4,ALL,ALL,2024,70.24381467257736,,,,,,,,ALL_N1,,,,,,,
IT1:DF_DCSS_ISTR_LAV_PEN_2_TV_3(1.0),A,082034,RESPOP_AV,M,Y_GE15,TOTAL,ALL,5,ALL,ALL,2018,399,,,,,,,,ALL_N1,,,,,,,
IT1:DF_DCSS_ISTR_LAV_PEN_2_TV_3(1.0),A,082034,RESPOP_AV,M,Y_GE15,TOTAL,ALL,5,ALL,ALL,2019,410,,,,,,,,ALL_N1,,,,,,,
IT1:DF_DCSS_ISTR_LAV_PEN_2_TV_3(1.0),A,082034,RESPOP_AV,M,Y_GE15,TOTAL,ALL,5,ALL,ALL,2021,400.403201159519,,,,,,,,ALL_N1,,,,,,,
IT1:DF_DCSS_ISTR_LAV_PEN_2_TV_3(1.0),A,082034,RESPOP_AV,M,Y_GE15,TOTAL,ALL,5,ALL,ALL,2022,411.250025351443,,,,,,,,ALL_N1,,,,,,,
IT1:DF_DCSS_ISTR_LAV_PEN_2_TV_3(1.0),A,082034,RESPOP_AV,M,Y_GE15,TOTAL,ALL,5,ALL,ALL,2023,442.7500595112469,,,,,,,,ALL_N1,,,,,,,
IT1:DF_DCSS_ISTR_LAV_PEN_2_TV_3(1.0),A,082034,RESPOP_AV,M,Y_GE15,TOTAL,ALL,5,ALL,ALL,2024,412.4449796669517,,,,,,,,ALL_N1,,,,,,,
IT1:DF_DCSS_ISTR_LAV_PEN_2_TV_3(1.0),A,082034,RESPOP_AV,M,Y_GE15,TOTAL,ALL,7,ALL,ALL,2018,579,,,,,,,,ALL_N1,,,,,,,
IT1:DF_DCSS_ISTR_LAV_PEN_2_TV_3(1.0),A,082034,RESPOP_AV,M,Y_GE15,TOTAL,ALL,7,ALL,ALL,2019,480,,,,,,,,ALL_N1,,,,,,,
IT1:DF_DCSS_ISTR_LAV_PEN_2_TV_3(1.0),A,082034,RESPOP_AV,M,Y_GE15,TOTAL,ALL,7,ALL,ALL,2021,587.061072320617,,,,,,,,ALL_N1,,,,,,,
IT1:DF_DCSS_ISTR_LAV_PEN_2_TV_3(1.0),A,082034,RESPOP_AV,M,Y_GE15,TOTAL,ALL,7,ALL,ALL,2022,512.856823348001,,,,,,,,ALL_N1,,,,,,,
IT1:DF_DCSS_ISTR_LAV_PEN_2_TV_3(1.0),A,082034,RESPOP_AV,M,Y_GE15,TOTAL,ALL,7,ALL,ALL,2023,462.61722516206993,,,,,,,,ALL_N1,,,,,,,
IT1:DF_DCSS_ISTR_LAV_PEN_2_TV_3(1.0),A,082034,RESPOP_AV,M,Y_GE15,TOTAL,ALL,7,ALL,ALL,2024,488.1902258743012,,,,,,,,ALL_N1,,,,,,,
IT1:DF_DCSS_ISTR_LAV_PEN_2_TV_3(1.0),A,082034,RESPOP_AV,M,Y_GE15,TOTAL,ALL,99,ALL,ALL,2018,4523,,,,,,,,ALL_N1,99_N1,,,,,,
IT1:DF_DCSS_ISTR_LAV_PEN_2_TV_3(1.0),A,082034,RESPOP_AV,M,Y_GE15,TOTAL,ALL,99,ALL,ALL,2019,4499,,,,,,,,ALL_N1,99_N1,,,,,,
IT1:DF_DCSS_ISTR_LAV_PEN_2_TV_3(1.0),A,082034,RESPOP_AV,M,Y_GE15,TOTAL,ALL,99,ALL,ALL,2021,4383,,,,,,,,ALL_N1,99_N1,,,,,,
IT1:DF_DCSS_ISTR_LAV_PEN_2_TV_3(1.0),A,082034,RESPOP_AV,M,Y_GE15,TOTAL,ALL,99,ALL,ALL,2022,4372,,,,,,,,ALL_N1,99_N1,,,,,,
IT1:DF_DCSS_ISTR_LAV_PEN_2_TV_3(1.0),A,082034,RESPOP_AV,M,Y_GE15,TOTAL,ALL,99,ALL,ALL,2023,4332,,,,,,,,ALL_N1,99_N1,,,,,,
IT1:DF_DCSS_ISTR_LAV_PEN_2_TV_3(1.0),A,082034,RESPOP_AV,M,Y_GE15,TOTAL,ALL,99,ALL,ALL,2024,4349,,,,,,,,ALL_N1,99_N1,,,,,,
IT1:DF_DCSS_ISTR_LAV_PEN_2_TV_3(1.0),A,082034,RESPOP_AV,T,Y_GE15,TOTAL,ALL,1,ALL,ALL,2018,3200,,,,,,,,ALL_N1,,,,,,,
IT1:DF_DCSS_ISTR_LAV_PEN_2_TV_3(1.0),A,082034,RESPOP_AV,T,Y_GE15,TOTAL,ALL,1,ALL,ALL,2019,3354,,,,,,,,ALL_N1,,,,,,,
IT1:DF_DCSS_ISTR_LAV_PEN_2_TV_3(1.0),A,082034,RESPOP_AV,T,Y_GE15,TOTAL,ALL,1,ALL,ALL,2021,3259,,,,,,,,ALL_N1,,,,,,,
IT1:DF_DCSS_ISTR_LAV_PEN_2_TV_3(1.0),A,082034,RESPOP_AV,T,Y_GE15,TOTAL,ALL,1,ALL,ALL,2022,3287,,,,,,,,ALL_N1,,,,,,,
IT1:DF_DCSS_ISTR_LAV_PEN_2_TV_3(1.0),A,082034,RESPOP_AV,T,Y_GE15,TOTAL,ALL,1,ALL,ALL,2023,3354,,,,,,,,ALL_N1,,,,,,,
IT1:DF_DCSS_ISTR_LAV_PEN_2_TV_3(1.0),A,082034,RESPOP_AV,T,Y_GE15,TOTAL,ALL,1,ALL,ALL,2024,3429,,,,,,,,ALL_N1,,,,,,,
IT1:DF_DCSS_ISTR_LAV_PEN_2_TV_3(1.0),A,082034,RESPOP_AV,T,Y_GE15,TOTAL,ALL,12,ALL,ALL,2018,1040,,,,,,,,ALL_N1,,,,,,,
IT1:DF_DCSS_ISTR_LAV_PEN_2_TV_3(1.0),A,082034,RESPOP_AV,T,Y_GE15,TOTAL,ALL,12,ALL,ALL,2019,986,,,,,,,,ALL_N1,,,,,,,
IT1:DF_DCSS_ISTR_LAV_PEN_2_TV_3(1.0),A,082034,RESPOP_AV,T,Y_GE15,TOTAL,ALL,12,ALL,ALL,2021,558.507045989208,,,,,,,,ALL_N1,,,,,,,
IT1:DF_DCSS_ISTR_LAV_PEN_2_TV_3(1.0),A,082034,RESPOP_AV,T,Y_GE15,TOTAL,ALL,12,ALL,ALL,2022,560.398893720666,,,,,,,,ALL_N1,,,,,,,
IT1:DF_DCSS_ISTR_LAV_PEN_2_TV_3(1.0),A,082034,RESPOP_AV,T,Y_GE15,TOTAL,ALL,12,ALL,ALL,2023,537.2534819220759,,,,,,,,ALL_N1,,,,,,,
IT1:DF_DCSS_ISTR_LAV_PEN_2_TV_3(1.0),A,082034,RESPOP_AV,T,Y_GE15,TOTAL,ALL,12,ALL,ALL,2024,459.01101539102683,,,,,,,,ALL_N1,,,,,,,
IT1:DF_DCSS_ISTR_LAV_PEN_2_TV_3(1.0),A,082034,RESPOP_AV,T,Y_GE15,TOTAL,ALL,22,ALL,ALL,2018,4240,,,,,,,,ALL_N1,,,,,,,
IT1:DF_DCSS_ISTR_LAV_PEN_2_TV_3(1.0),A,082034,RESPOP_AV,T,Y_GE15,TOTAL,ALL,22,ALL,ALL,2019,4339,,,,,,,,ALL_N1,,,,,,,
IT1:DF_DCSS_ISTR_LAV_PEN_2_TV_3(1.0),A,082034,RESPOP_AV,T,Y_GE15,TOTAL,ALL,22,ALL,ALL,2021,3817.50704598921,,,,,,,,ALL_N1,,,,,,,
IT1:DF_DCSS_ISTR_LAV_PEN_2_TV_3(1.0),A,082034,RESPOP_AV,T,Y_GE15,TOTAL,ALL,22,ALL,ALL,2022,3847.39889372067,,,,,,,,ALL_N1,,,,,,,
IT1:DF_DCSS_ISTR_LAV_PEN_2_TV_3(1.0),A,082034,RESPOP_AV,T,Y_GE15,TOTAL,ALL,22,ALL,ALL,2023,3891.253481922076,,,,,,,,ALL_N1,,,,,,,
IT1:DF_DCSS_ISTR_LAV_PEN_2_TV_3(1.0),A,082034,RESPOP_AV,T,Y_GE15,TOTAL,ALL,22,ALL,ALL,2024,3888.011015391027,,,,,,,,ALL_N1,,,,,,,
IT1:DF_DCSS_ISTR_LAV_PEN_2_TV_3(1.0),A,082034,RESPOP_AV,T,Y_GE15,TOTAL,ALL,23,ALL,ALL,2018,5154,,,,,,,,ALL_N1,,,,,,,
IT1:DF_DCSS_ISTR_LAV_PEN_2_TV_3(1.0),A,082034,RESPOP_AV,T,Y_GE15,TOTAL,ALL,23,ALL,ALL,2019,4981,,,,,,,,ALL_N1,,,,,,,
IT1:DF_DCSS_ISTR_LAV_PEN_2_TV_3(1.0),A,082034,RESPOP_AV,T,Y_GE15,TOTAL,ALL,23,ALL,ALL,2021,5243.49295401079,,,,,,,,ALL_N1,,,,,,,
IT1:DF_DCSS_ISTR_LAV_PEN_2_TV_3(1.0),A,082034,RESPOP_AV,T,Y_GE15,TOTAL,ALL,23,ALL,ALL,2022,5156.60110627933,,,,,,,,ALL_N1,,,,,,,
IT1:DF_DCSS_ISTR_LAV_PEN_2_TV_3(1.0),A,082034,RESPOP_AV,T,Y_GE15,TOTAL,ALL,23,ALL,ALL,2023,5011.746518077924,,,,,,,,ALL_N1,,,,,,,
IT1:DF_DCSS_ISTR_LAV_PEN_2_TV_3(1.0),A,082034,RESPOP_AV,T,Y_GE15,TOTAL,ALL,23,ALL,ALL,2024,5010.988984608973,,,,,,,,ALL_N1,,,,,,,
IT1:DF_DCSS_ISTR_LAV_PEN_2_TV_3(1.0),A,082034,RESPOP_AV,T,Y_GE15,TOTAL,ALL,24,ALL,ALL,2018,2004,,,,,,,,ALL_N1,,,,,,,
IT1:DF_DCSS_ISTR_LAV_PEN_2_TV_3(1.0),A,082034,RESPOP_AV,T,Y_GE15,TOTAL,ALL,24,ALL,ALL,2019,2020,,,,,,,,ALL_N1,,,,,,,
IT1:DF_DCSS_ISTR_LAV_PEN_2_TV_3(1.0),A,082034,RESPOP_AV,T,Y_GE15,TOTAL,ALL,24,ALL,ALL,2021,2083.04482446078,,,,,,,,ALL_N1,,,,,,,
IT1:DF_DCSS_ISTR_LAV_PEN_2_TV_3(1.0),A,082034,RESPOP_AV,T,Y_GE15,TOTAL,ALL,24,ALL,ALL,2022,2072.49472405373,,,,,,,,ALL_N1,,,,,,,
IT1:DF_DCSS_ISTR_LAV_PEN_2_TV_3(1.0),A,082034,RESPOP_AV,T,Y_GE15,TOTAL,ALL,24,ALL,ALL,2023,2012.7595440342031,,,,,,,,ALL_N1,,,,,,,
IT1:DF_DCSS_ISTR_LAV_PEN_2_TV_3(1.0),A,082034,RESPOP_AV,T,Y_GE15,TOTAL,ALL,24,ALL,ALL,2024,2035.6383014214437,,,,,,,,ALL_N1,,,,,,,
IT1:DF_DCSS_ISTR_LAV_PEN_2_TV_3(1.0),A,082034,RESPOP_AV,T,Y_GE15,TOTAL,ALL,4,ALL,ALL,2018,1292,,,,,,,,ALL_N1,,,,,,,
IT1:DF_DCSS_ISTR_LAV_PEN_2_TV_3(1.0),A,082034,RESPOP_AV,T,Y_GE15,TOTAL,ALL,4,ALL,ALL,2019,1239,,,,,,,,ALL_N1,,,,,,,
IT1:DF_DCSS_ISTR_LAV_PEN_2_TV_3(1.0),A,082034,RESPOP_AV,T,Y_GE15,TOTAL,ALL,4,ALL,ALL,2021,1304.19927994211,,,,,,,,ALL_N1,,,,,,,
IT1:DF_DCSS_ISTR_LAV_PEN_2_TV_3(1.0),A,082034,RESPOP_AV,T,Y_GE15,TOTAL,ALL,4,ALL,ALL,2022,1294.73578951828,,,,,,,,ALL_N1,,,,,,,
IT1:DF_DCSS_ISTR_LAV_PEN_2_TV_3(1.0),A,082034,RESPOP_AV,T,Y_GE15,TOTAL,ALL,4,ALL,ALL,2023,1215.060411831305,,,,,,,,ALL_N1,,,,,,,
IT1:DF_DCSS_ISTR_LAV_PEN_2_TV_3(1.0),A,082034,RESPOP_AV,T,Y_GE15,TOTAL,ALL,4,ALL,ALL,2024,1225.9393601633549,,,,,,,,ALL_N1,,,,,,,
IT1:DF_DCSS_ISTR_LAV_PEN_2_TV_3(1.0),A,082034,RESPOP_AV,T,Y_GE15,TOTAL,ALL,5,ALL,ALL,2018,833,,,,,,,,ALL_N1,,,,,,,
IT1:DF_DCSS_ISTR_LAV_PEN_2_TV_3(1.0),A,082034,RESPOP_AV,T,Y_GE15,TOTAL,ALL,5,ALL,ALL,2019,863,,,,,,,,ALL_N1,,,,,,,
IT1:DF_DCSS_ISTR_LAV_PEN_2_TV_3(1.0),A,082034,RESPOP_AV,T,Y_GE15,TOTAL,ALL,5,ALL,ALL,2021,861.066699599036,,,,,,,,ALL_N1,,,,,,,
IT1:DF_DCSS_ISTR_LAV_PEN_2_TV_3(1.0),A,082034,RESPOP_AV,T,Y_GE15,TOTAL,ALL,5,ALL,ALL,2022,879.844043326111,,,,,,,,ALL_N1,,,,,,,
IT1:DF_DCSS_ISTR_LAV_PEN_2_TV_3(1.0),A,082034,RESPOP_AV,T,Y_GE15,TOTAL,ALL,5,ALL,ALL,2023,930.7736286741251,,,,,,,,ALL_N1,,,,,,,
IT1:DF_DCSS_ISTR_LAV_PEN_2_TV_3(1.0),A,082034,RESPOP_AV,T,Y_GE15,TOTAL,ALL,5,ALL,ALL,2024,867.4055464722377,,,,,,,,ALL_N1,,,,,,,
IT1:DF_DCSS_ISTR_LAV_PEN_2_TV_3(1.0),A,082034,RESPOP_AV,T,Y_GE15,TOTAL,ALL,7,ALL,ALL,2018,1025,,,,,,,,ALL_N1,,,,,,,
IT1:DF_DCSS_ISTR_LAV_PEN_2_TV_3(1.0),A,082034,RESPOP_AV,T,Y_GE15,TOTAL,ALL,7,ALL,ALL,2019,859,,,,,,,,ALL_N1,,,,,,,
IT1:DF_DCSS_ISTR_LAV_PEN_2_TV_3(1.0),A,082034,RESPOP_AV,T,Y_GE15,TOTAL,ALL,7,ALL,ALL,2021,995.182150008874,,,,,,,,ALL_N1,,,,,,,
IT1:DF_DCSS_ISTR_LAV_PEN_2_TV_3(1.0),A,082034,RESPOP_AV,T,Y_GE15,TOTAL,ALL,7,ALL,ALL,2022,909.526549381213,,,,,,,,ALL_N1,,,,,,,
IT1:DF_DCSS_ISTR_LAV_PEN_2_TV_3(1.0),A,082034,RESPOP_AV,T,Y_GE15,TOTAL,ALL,7,ALL,ALL,2023,853.1529335382907,,,,,,,,ALL_N1,,,,,,,
IT1:DF_DCSS_ISTR_LAV_PEN_2_TV_3(1.0),A,082034,RESPOP_AV,T,Y_GE15,TOTAL,ALL,7,ALL,ALL,2024,882.0057765519368,,,,,,,,ALL_N1,,,,,,,
IT1:DF_DCSS_ISTR_LAV_PEN_2_TV_3(1.0),A,082034,RESPOP_AV,T,Y_GE15,TOTAL,ALL,99,ALL,ALL,2018,9394,,,,,,,,ALL_N1,99_N1,,,,,,
IT1:DF_DCSS_ISTR_LAV_PEN_2_TV_3(1.0),A,082034,RESPOP_AV,T,Y_GE15,TOTAL,ALL,99,ALL,ALL,2019,9320,,,,,,,,ALL_N1,99_N1,,,,,,
IT1:DF_DCSS_ISTR_LAV_PEN_2_TV_3(1.0),A,082034,RESPOP_AV,T,Y_GE15,TOTAL,ALL,99,ALL,ALL,2021,9061,,,,,,,,ALL_N1,99_N1,,,,,,
IT1:DF_DCSS_ISTR_LAV_PEN_2_TV_3(1.0),A,082034,RESPOP_AV,T,Y_GE15,TOTAL,ALL,99,ALL,ALL,2022,9004,,,,,,,,ALL_N1,99_N1,,,,,,
IT1:DF_DCSS_ISTR_LAV_PEN_2_TV_3(1.0),A,082034,RESPOP_AV,T,Y_GE15,TOTAL,ALL,99,ALL,ALL,2023,8903,,,,,,,,ALL_N1,99_N1,,,,,,
IT1:DF_DCSS_ISTR_LAV_PEN_2_TV_3(1.0),A,082034,RESPOP_AV,T,Y_GE15,TOTAL,ALL,99,ALL,ALL,2024,8899,,,,,,,,ALL_N1,99_N1,,,,,,
IT1:DF_DCSS_ISTR_LAV_PEN_2_TV_3(1.0),A,082035,RESPOP_AV,F,Y_GE15,TOTAL,ALL,1,ALL,ALL,2018,1090,,,,,,,,ALL_N1,,,,,,,
IT1:DF_DCSS_ISTR_LAV_PEN_2_TV_3(1.0),A,082035,RESPOP_AV,F,Y_GE15,TOTAL,ALL,1,ALL,ALL,2019,1137,,,,,,,,ALL_N1,,,,,,,
IT1:DF_DCSS_ISTR_LAV_PEN_2_TV_3(1.0),A,082035,RESPOP_AV,F,Y_GE15,TOTAL,ALL,1,ALL,ALL,2021,1254,,,,,,,,ALL_N1,,,,,,,
IT1:DF_DCSS_ISTR_LAV_PEN_2_TV_3(1.0),A,082035,RESPOP_AV,F,Y_GE15,TOTAL,ALL,1,ALL,ALL,2022,1253,,,,,,,,ALL_N1,,,,,,,
IT1:DF_DCSS_ISTR_LAV_PEN_2_TV_3(1.0),A,082035,RESPOP_AV,F,Y_GE15,TOTAL,ALL,1,ALL,ALL,2023,1306,,,,,,,,ALL_N1,,,,,,,
IT1:DF_DCSS_ISTR_LAV_PEN_2_TV_3(1.0),A,082035,RESPOP_AV,F,Y_GE15,TOTAL,ALL,1,ALL,ALL,2024,1401,,,,,,,,ALL_N1,,,,,,,
IT1:DF_DCSS_ISTR_LAV_PEN_2_TV_3(1.0),A,082035,RESPOP_AV,F,Y_GE15,TOTAL,ALL,12,ALL,ALL,2018,692,,,,,,,,ALL_N1,,,,,,,
IT1:DF_DCSS_ISTR_LAV_PEN_2_TV_3(1.0),A,082035,RESPOP_AV,F,Y_GE15,TOTAL,ALL,12,ALL,ALL,2019,694,,,,,,,,ALL_N1,,,,,,,
IT1:DF_DCSS_ISTR_LAV_PEN_2_TV_3(1.0),A,082035,RESPOP_AV,F,Y_GE15,TOTAL,ALL,12,ALL,ALL,2021,422.213002554497,,,,,,,,ALL_N1,,,,,,,
IT1:DF_DCSS_ISTR_LAV_PEN_2_TV_3(1.0),A,082035,RESPOP_AV,F,Y_GE15,TOTAL,ALL,12,ALL,ALL,2022,500.88394433304,,,,,,,,ALL_N1,,,,,,,
IT1:DF_DCSS_ISTR_LAV_PEN_2_TV_3(1.0),A,082035,RESPOP_AV,F,Y_GE15,TOTAL,ALL,12,ALL,ALL,2023,439.1316628529044,,,,,,,,ALL_N1,,,,,,,
IT1:DF_DCSS_ISTR_LAV_PEN_2_TV_3(1.0),A,082035,RESPOP_AV,F,Y_GE15,TOTAL,ALL,12,ALL,ALL,2024,413.0968085792971,,,,,,,,ALL_N1,,,,,,,
IT1:DF_DCSS_ISTR_LAV_PEN_2_TV_3(1.0),A,082035,RESPOP_AV,F,Y_GE15,TOTAL,ALL,22,ALL,ALL,2018,1782,,,,,,,,ALL_N1,,,,,,,
IT1:DF_DCSS_ISTR_LAV_PEN_2_TV_3(1.0),A,082035,RESPOP_AV,F,Y_GE15,TOTAL,ALL,22,ALL,ALL,2019,1831,,,,,,,,ALL_N1,,,,,,,
IT1:DF_DCSS_ISTR_LAV_PEN_2_TV_3(1.0),A,082035,RESPOP_AV,F,Y_GE15,TOTAL,ALL,22,ALL,ALL,2021,1676.2130025545,,,,,,,,ALL_N1,,,,,,,
IT1:DF_DCSS_ISTR_LAV_PEN_2_TV_3(1.0),A,082035,RESPOP_AV,F,Y_GE15,TOTAL,ALL,22,ALL,ALL,2022,1753.88394433304,,,,,,,,ALL_N1,,,,,,,
IT1:DF_DCSS_ISTR_LAV_PEN_2_TV_3(1.0),A,082035,RESPOP_AV,F,Y_GE15,TOTAL,ALL,22,ALL,ALL,2023,1745.1316628529044,,,,,,,,ALL_N1,,,,,,,
IT1:DF_DCSS_ISTR_LAV_PEN_2_TV_3(1.0),A,082035,RESPOP_AV,F,Y_GE15,TOTAL,ALL,22,ALL,ALL,2024,1814.096808579297,,,,,,,,ALL_N1,,,,,,,
IT1:DF_DCSS_ISTR_LAV_PEN_2_TV_3(1.0),A,082035,RESPOP_AV,F,Y_GE15,TOTAL,ALL,23,ALL,ALL,2018,3470,,,,,,,,ALL_N1,,,,,,,
IT1:DF_DCSS_ISTR_LAV_PEN_2_TV_3(1.0),A,082035,RESPOP_AV,F,Y_GE15,TOTAL,ALL,23,ALL,ALL,2019,3507,,,,,,,,ALL_N1,,,,,,,
IT1:DF_DCSS_ISTR_LAV_PEN_2_TV_3(1.0),A,082035,RESPOP_AV,F,Y_GE15,TOTAL,ALL,23,ALL,ALL,2021,3737.7869974455,,,,,,,,ALL_N1,,,,,,,
IT1:DF_DCSS_ISTR_LAV_PEN_2_TV_3(1.0),A,082035,RESPOP_AV,F,Y_GE15,TOTAL,ALL,23,ALL,ALL,2022,3703.11605566696,,,,,,,,ALL_N1,,,,,,,
IT1:DF_DCSS_ISTR_LAV_PEN_2_TV_3(1.0),A,082035,RESPOP_AV,F,Y_GE15,TOTAL,ALL,23,ALL,ALL,2023,3674.8683371470956,,,,,,,,ALL_N1,,,,,,,
IT1:DF_DCSS_ISTR_LAV_PEN_2_TV_3(1.0),A,082035,RESPOP_AV,F,Y_GE15,TOTAL,ALL,23,ALL,ALL,2024,3672.9031914207035,,,,,,,,ALL_N1,,,,,,,
IT1:DF_DCSS_ISTR_LAV_PEN_2_TV_3(1.0),A,082035,RESPOP_AV,F,Y_GE15,TOTAL,ALL,24,ALL,ALL,2018,514,,,,,,,,ALL_N1,,,,,,,
IT1:DF_DCSS_ISTR_LAV_PEN_2_TV_3(1.0),A,082035,RESPOP_AV,F,Y_GE15,TOTAL,ALL,24,ALL,ALL,2019,543,,,,,,,,ALL_N1,,,,,,,
IT1:DF_DCSS_ISTR_LAV_PEN_2_TV_3(1.0),A,082035,RESPOP_AV,F,Y_GE15,TOTAL,ALL,24,ALL,ALL,2021,623.716750442955,,,,,,,,ALL_N1,,,,,,,
IT1:DF_DCSS_ISTR_LAV_PEN_2_TV_3(1.0),A,082035,RESPOP_AV,F,Y_GE15,TOTAL,ALL,24,ALL,ALL,2022,498.944144358841,,,,,,,,ALL_N1,,,,,,,
IT1:DF_DCSS_ISTR_LAV_PEN_2_TV_3(1.0),A,082035,RESPOP_AV,F,Y_GE15,TOTAL,ALL,24,ALL,ALL,2023,472.97049432533095,,,,,,,,ALL_N1,,,,,,,
IT1:DF_DCSS_ISTR_LAV_PEN_2_TV_3(1.0),A,082035,RESPOP_AV,F,Y_GE15,TOTAL,ALL,24,ALL,ALL,2024,532.164038029997,,,,,,,,ALL_N1,,,,,,,
IT1:DF_DCSS_ISTR_LAV_PEN_2_TV_3(1.0),A,082035,RESPOP_AV,F,Y_GE15,TOTAL,ALL,4,ALL,ALL,2018,2084,,,,,,,,ALL_N1,,,,,,,
IT1:DF_DCSS_ISTR_LAV_PEN_2_TV_3(1.0),A,082035,RESPOP_AV,F,Y_GE15,TOTAL,ALL,4,ALL,ALL,2019,2131,,,,,,,,ALL_N1,,,,,,,
IT1:DF_DCSS_ISTR_LAV_PEN_2_TV_3(1.0),A,082035,RESPOP_AV,F,Y_GE15,TOTAL,ALL,4,ALL,ALL,2021,2188.35328838473,,,,,,,,ALL_N1,,,,,,,
IT1:DF_DCSS_ISTR_LAV_PEN_2_TV_3(1.0),A,082035,RESPOP_AV,F,Y_GE15,TOTAL,ALL,4,ALL,ALL,2022,2196.64583992046,,,,,,,,ALL_N1,,,,,,,
IT1:DF_DCSS_ISTR_LAV_PEN_2_TV_3(1.0),A,082035,RESPOP_AV,F,Y_GE15,TOTAL,ALL,4,ALL,ALL,2023,2223.438847803056,,,,,,,,ALL_N1,,,,,,,
IT1:DF_DCSS_ISTR_LAV_PEN_2_TV_3(1.0),A,082035,RESPOP_AV,F,Y_GE15,TOTAL,ALL,4,ALL,ALL,2024,2129.955841713439,,,,,,,,ALL_N1,,,,,,,
IT1:DF_DCSS_ISTR_LAV_PEN_2_TV_3(1.0),A,082035,RESPOP_AV,F,Y_GE15,TOTAL,ALL,5,ALL,ALL,2018,470,,,,,,,,ALL_N1,,,,,,,
IT1:DF_DCSS_ISTR_LAV_PEN_2_TV_3(1.0),A,082035,RESPOP_AV,F,Y_GE15,TOTAL,ALL,5,ALL,ALL,2019,511,,,,,,,,ALL_N1,,,,,,,
IT1:DF_DCSS_ISTR_LAV_PEN_2_TV_3(1.0),A,082035,RESPOP_AV,F,Y_GE15,TOTAL,ALL,5,ALL,ALL,2021,530.982110062783,,,,,,,,ALL_N1,,,,,,,
IT1:DF_DCSS_ISTR_LAV_PEN_2_TV_3(1.0),A,082035,RESPOP_AV,F,Y_GE15,TOTAL,ALL,5,ALL,ALL,2022,537.968843067318,,,,,,,,ALL_N1,,,,,,,
IT1:DF_DCSS_ISTR_LAV_PEN_2_TV_3(1.0),A,082035,RESPOP_AV,F,Y_GE15,TOTAL,ALL,5,ALL,ALL,2023,503.9996899930834,,,,,,,,ALL_N1,,,,,,,
IT1:DF_DCSS_ISTR_LAV_PEN_2_TV_3(1.0),A,082035,RESPOP_AV,F,Y_GE15,TOTAL,ALL,5,ALL,ALL,2024,548.8638492237495,,,,,,,,ALL_N1,,,,,,,
IT1:DF_DCSS_ISTR_LAV_PEN_2_TV_3(1.0),A,082035,RESPOP_AV,F,Y_GE15,TOTAL,ALL,7,ALL,ALL,2018,402,,,,,,,,ALL_N1,,,,,,,
IT1:DF_DCSS_ISTR_LAV_PEN_2_TV_3(1.0),A,082035,RESPOP_AV,F,Y_GE15,TOTAL,ALL,7,ALL,ALL,2019,322,,,,,,,,ALL_N1,,,,,,,
IT1:DF_DCSS_ISTR_LAV_PEN_2_TV_3(1.0),A,082035,RESPOP_AV,F,Y_GE15,TOTAL,ALL,7,ALL,ALL,2021,394.734848555031,,,,,,,,ALL_N1,,,,,,,
IT1:DF_DCSS_ISTR_LAV_PEN_2_TV_3(1.0),A,082035,RESPOP_AV,F,Y_GE15,TOTAL,ALL,7,ALL,ALL,2022,469.557228320339,,,,,,,,ALL_N1,,,,,,,
IT1:DF_DCSS_ISTR_LAV_PEN_2_TV_3(1.0),A,082035,RESPOP_AV,F,Y_GE15,TOTAL,ALL,7,ALL,ALL,2023,474.45930502562544,,,,,,,,ALL_N1,,,,,,,
IT1:DF_DCSS_ISTR_LAV_PEN_2_TV_3(1.0),A,082035,RESPOP_AV,F,Y_GE15,TOTAL,ALL,7,ALL,ALL,2024,461.91946245351784,,,,,,,,ALL_N1,,,,,,,
IT1:DF_DCSS_ISTR_LAV_PEN_2_TV_3(1.0),A,082035,RESPOP_AV,F,Y_GE15,TOTAL,ALL,99,ALL,ALL,2018,5252,,,,,,,,ALL_N1,99_N1,,,,,,
IT1:DF_DCSS_ISTR_LAV_PEN_2_TV_3(1.0),A,082035,RESPOP_AV,F,Y_GE15,TOTAL,ALL,99,ALL,ALL,2019,5338,,,,,,,,ALL_N1,99_N1,,,,,,
IT1:DF_DCSS_ISTR_LAV_PEN_2_TV_3(1.0),A,082035,RESPOP_AV,F,Y_GE15,TOTAL,ALL,99,ALL,ALL,2021,5414,,,,,,,,ALL_N1,99_N1,,,,,,
IT1:DF_DCSS_ISTR_LAV_PEN_2_TV_3(1.0),A,082035,RESPOP_AV,F,Y_GE15,TOTAL,ALL,99,ALL,ALL,2022,5457,,,,,,,,ALL_N1,99_N1,,,,,,
IT1:DF_DCSS_ISTR_LAV_PEN_2_TV_3(1.0),A,082035,RESPOP_AV,F,Y_GE15,TOTAL,ALL,99,ALL,ALL,2023,5420,,,,,,,,ALL_N1,99_N1,,,,,,
IT1:DF_DCSS_ISTR_LAV_PEN_2_TV_3(1.0),A,082035,RESPOP_AV,F,Y_GE15,TOTAL,ALL,99,ALL,ALL,2024,5487.000000000001,,,,,,,,ALL_N1,99_N1,,,,,,
IT1:DF_DCSS_ISTR_LAV_PEN_2_TV_3(1.0),A,082035,RESPOP_AV,M,Y_GE15,TOTAL,ALL,1,ALL,ALL,2018,2256,,,,,,,,ALL_N1,,,,,,,
IT1:DF_DCSS_ISTR_LAV_PEN_2_TV_3(1.0),A,082035,RESPOP_AV,M,Y_GE15,TOTAL,ALL,1,ALL,ALL,2019,2330,,,,,,,,ALL_N1,,,,,,,
IT1:DF_DCSS_ISTR_LAV_PEN_2_TV_3(1.0),A,082035,RESPOP_AV,M,Y_GE15,TOTAL,ALL,1,ALL,ALL,2021,2465,,,,,,,,ALL_N1,,,,,,,
IT1:DF_DCSS_ISTR_LAV_PEN_2_TV_3(1.0),A,082035,RESPOP_AV,M,Y_GE15,TOTAL,ALL,1,ALL,ALL,2022,2483,,,,,,,,ALL_N1,,,,,,,
IT1:DF_DCSS_ISTR_LAV_PEN_2_TV_3(1.0),A,082035,RESPOP_AV,M,Y_GE15,TOTAL,ALL,1,ALL,ALL,2023,2518,,,,,,,,ALL_N1,,,,,,,
IT1:DF_DCSS_ISTR_LAV_PEN_2_TV_3(1.0),A,082035,RESPOP_AV,M,Y_GE15,TOTAL,ALL,1,ALL,ALL,2024,2557,,,,,,,,ALL_N1,,,,,,,
IT1:DF_DCSS_ISTR_LAV_PEN_2_TV_3(1.0),A,082035,RESPOP_AV,M,Y_GE15,TOTAL,ALL,12,ALL,ALL,2018,831,,,,,,,,ALL_N1,,,,,,,
IT1:DF_DCSS_ISTR_LAV_PEN_2_TV_3(1.0),A,082035,RESPOP_AV,M,Y_GE15,TOTAL,ALL,12,ALL,ALL,2019,837,,,,,,,,ALL_N1,,,,,,,
IT1:DF_DCSS_ISTR_LAV_PEN_2_TV_3(1.0),A,082035,RESPOP_AV,M,Y_GE15,TOTAL,ALL,12,ALL,ALL,2021,513.561140214074,,,,,,,,ALL_N1,,,,,,,
IT1:DF_DCSS_ISTR_LAV_PEN_2_TV_3(1.0),A,082035,RESPOP_AV,M,Y_GE15,TOTAL,ALL,12,ALL,ALL,2022,567.903842769889,,,,,,,,ALL_N1,,,,,,,
IT1:DF_DCSS_ISTR_LAV_PEN_2_TV_3(1.0),A,082035,RESPOP_AV,M,Y_GE15,TOTAL,ALL,12,ALL,ALL,2023,479.20371567813635,,,,,,,,ALL_N1,,,,,,,
IT1:DF_DCSS_ISTR_LAV_PEN_2_TV_3(1.0),A,082035,RESPOP_AV,M,Y_GE15,TOTAL,ALL,12,ALL,ALL,2024,453.25751962020166,,,,,,,,ALL_N1,,,,,,,
IT1:DF_DCSS_ISTR_LAV_PEN_2_TV_3(1.0),A,082035,RESPOP_AV,M,Y_GE15,TOTAL,ALL,22,ALL,ALL,2018,3087,,,,,,,,ALL_N1,,,,,,,
IT1:DF_DCSS_ISTR_LAV_PEN_2_TV_3(1.0),A,082035,RESPOP_AV,M,Y_GE15,TOTAL,ALL,22,ALL,ALL,2019,3167,,,,,,,,ALL_N1,,,,,,,
IT1:DF_DCSS_ISTR_LAV_PEN_2_TV_3(1.0),A,082035,RESPOP_AV,M,Y_GE15,TOTAL,ALL,22,ALL,ALL,2021,2978.56114021407,,,,,,,,ALL_N1,,,,,,,
IT1:DF_DCSS_ISTR_LAV_PEN_2_TV_3(1.0),A,082035,RESPOP_AV,M,Y_GE15,TOTAL,ALL,22,ALL,ALL,2022,3050.90384276989,,,,,,,,ALL_N1,,,,,,,
IT1:DF_DCSS_ISTR_LAV_PEN_2_TV_3(1.0),A,082035,RESPOP_AV,M,Y_GE15,TOTAL,ALL,22,ALL,ALL,2023,2997.203715678136,,,,,,,,ALL_N1,,,,,,,
IT1:DF_DCSS_ISTR_LAV_PEN_2_TV_3(1.0),A,082035,RESPOP_AV,M,Y_GE15,TOTAL,ALL,22,ALL,ALL,2024,3010.2575196202015,,,,,,,,ALL_N1,,,,,,,
IT1:DF_DCSS_ISTR_LAV_PEN_2_TV_3(1.0),A,082035,RESPOP_AV,M,Y_GE15,TOTAL,ALL,23,ALL,ALL,2018,1926,,,,,,,,ALL_N1,,,,,,,
IT1:DF_DCSS_ISTR_LAV_PEN_2_TV_3(1.0),A,082035,RESPOP_AV,M,Y_GE15,TOTAL,ALL,23,ALL,ALL,2019,1917,,,,,,,,ALL_N1,,,,,,,
IT1:DF_DCSS_ISTR_LAV_PEN_2_TV_3(1.0),A,082035,RESPOP_AV,M,Y_GE15,TOTAL,ALL,23,ALL,ALL,2021,2189.43885978593,,,,,,,,ALL_N1,,,,,,,
IT1:DF_DCSS_ISTR_LAV_PEN_2_TV_3(1.0),A,082035,RESPOP_AV,M,Y_GE15,TOTAL,ALL,23,ALL,ALL,2022,2154.09615723011,,,,,,,,ALL_N1,,,,,,,
IT1:DF_DCSS_ISTR_LAV_PEN_2_TV_3(1.0),A,082035,RESPOP_AV,M,Y_GE15,TOTAL,ALL,23,ALL,ALL,2023,2148.7962843218634,,,,,,,,ALL_N1,,,,,,,
IT1:DF_DCSS_ISTR_LAV_PEN_2_TV_3(1.0),A,082035,RESPOP_AV,M,Y_GE15,TOTAL,ALL,23,ALL,ALL,2024,2186.742480379798,,,,,,,,ALL_N1,,,,,,,
IT1:DF_DCSS_ISTR_LAV_PEN_2_TV_3(1.0),A,082035,RESPOP_AV,M,Y_GE15,TOTAL,ALL,24,ALL,ALL,2018,724,,,,,,,,ALL_N1,,,,,,,
IT1:DF_DCSS_ISTR_LAV_PEN_2_TV_3(1.0),A,082035,RESPOP_AV,M,Y_GE15,TOTAL,ALL,24,ALL,ALL,2019,786,,,,,,,,ALL_N1,,,,,,,
IT1:DF_DCSS_ISTR_LAV_PEN_2_TV_3(1.0),A,082035,RESPOP_AV,M,Y_GE15,TOTAL,ALL,24,ALL,ALL,2021,837.381927917904,,,,,,,,ALL_N1,,,,,,,
IT1:DF_DCSS_ISTR_LAV_PEN_2_TV_3(1.0),A,082035,RESPOP_AV,M,Y_GE15,TOTAL,ALL,24,ALL,ALL,2022,794.59689993126,,,,,,,,ALL_N1,,,,,,,
IT1:DF_DCSS_ISTR_LAV_PEN_2_TV_3(1.0),A,082035,RESPOP_AV,M,Y_GE15,TOTAL,ALL,24,ALL,ALL,2023,787.0976549126764,,,,,,,,ALL_N1,,,,,,,
IT1:DF_DCSS_ISTR_LAV_PEN_2_TV_3(1.0),A,082035,RESPOP_AV,M,Y_GE15,TOTAL,ALL,24,ALL,ALL,2024,849.3425320086995,,,,,,,,ALL_N1,,,,,,,
IT1:DF_DCSS_ISTR_LAV_PEN_2_TV_3(1.0),A,082035,RESPOP_AV,M,Y_GE15,TOTAL,ALL,4,ALL,ALL,2018,103,,,,,,,,ALL_N1,,,,,,,
IT1:DF_DCSS_ISTR_LAV_PEN_2_TV_3(1.0),A,082035,RESPOP_AV,M,Y_GE15,TOTAL,ALL,4,ALL,ALL,2019,115,,,,,,,,ALL_N1,,,,,,,
IT1:DF_DCSS_ISTR_LAV_PEN_2_TV_3(1.0),A,082035,RESPOP_AV,M,Y_GE15,TOTAL,ALL,4,ALL,ALL,2021,169.204584449975,,,,,,,,ALL_N1,,,,,,,
IT1:DF_DCSS_ISTR_LAV_PEN_2_TV_3(1.0),A,082035,RESPOP_AV,M,Y_GE15,TOTAL,ALL,4,ALL,ALL,2022,166.425653850857,,,,,,,,ALL_N1,,,,,,,
IT1:DF_DCSS_ISTR_LAV_PEN_2_TV_3(1.0),A,082035,RESPOP_AV,M,Y_GE15,TOTAL,ALL,4,ALL,ALL,2023,189.11351475925701,,,,,,,,ALL_N1,,,,,,,
IT1:DF_DCSS_ISTR_LAV_PEN_2_TV_3(1.0),A,082035,RESPOP_AV,M,Y_GE15,TOTAL,ALL,4,ALL,ALL,2024,155.50579887851006,,,,,,,,ALL_N1,,,,,,,
IT1:DF_DCSS_ISTR_LAV_PEN_2_TV_3(1.0),A,082035,RESPOP_AV,M,Y_GE15,TOTAL,ALL,5,ALL,ALL,2018,458,,,,,,,,ALL_N1,,,,,,,
IT1:DF_DCSS_ISTR_LAV_PEN_2_TV_3(1.0),A,082035,RESPOP_AV,M,Y_GE15,TOTAL,ALL,5,ALL,ALL,2019,489,,,,,,,,ALL_N1,,,,,,,
IT1:DF_DCSS_ISTR_LAV_PEN_2_TV_3(1.0),A,082035,RESPOP_AV,M,Y_GE15,TOTAL,ALL,5,ALL,ALL,2021,481.559303749675,,,,,,,,ALL_N1,,,,,,,
IT1:DF_DCSS_ISTR_LAV_PEN_2_TV_3(1.0),A,082035,RESPOP_AV,M,Y_GE15,TOTAL,ALL,5,ALL,ALL,2022,489.987525521768,,,,,,,,ALL_N1,,,,,,,
IT1:DF_DCSS_ISTR_LAV_PEN_2_TV_3(1.0),A,082035,RESPOP_AV,M,Y_GE15,TOTAL,ALL,5,ALL,ALL,2023,461.61626003028493,,,,,,,,ALL_N1,,,,,,,
IT1:DF_DCSS_ISTR_LAV_PEN_2_TV_3(1.0),A,082035,RESPOP_AV,M,Y_GE15,TOTAL,ALL,5,ALL,ALL,2024,499.33384987265106,,,,,,,,ALL_N1,,,,,,,
IT1:DF_DCSS_ISTR_LAV_PEN_2_TV_3(1.0),A,082035,RESPOP_AV,M,Y_GE15,TOTAL,ALL,7,ALL,ALL,2018,642,,,,,,,,ALL_N1,,,,,,,
IT1:DF_DCSS_ISTR_LAV_PEN_2_TV_3(1.0),A,082035,RESPOP_AV,M,Y_GE15,TOTAL,ALL,7,ALL,ALL,2019,527,,,,,,,,ALL_N1,,,,,,,
IT1:DF_DCSS_ISTR_LAV_PEN_2_TV_3(1.0),A,082035,RESPOP_AV,M,Y_GE15,TOTAL,ALL,7,ALL,ALL,2021,701.293043668371,,,,,,,,ALL_N1,,,,,,,
IT1:DF_DCSS_ISTR_LAV_PEN_2_TV_3(1.0),A,082035,RESPOP_AV,M,Y_GE15,TOTAL,ALL,7,ALL,ALL,2022,703.086077926225,,,,,,,,ALL_N1,,,,,,,
IT1:DF_DCSS_ISTR_LAV_PEN_2_TV_3(1.0),A,082035,RESPOP_AV,M,Y_GE15,TOTAL,ALL,7,ALL,ALL,2023,710.9688546196452,,,,,,,,ALL_N1,,,,,,,
IT1:DF_DCSS_ISTR_LAV_PEN_2_TV_3(1.0),A,082035,RESPOP_AV,M,Y_GE15,TOTAL,ALL,7,ALL,ALL,2024,682.5602996199374,,,,,,,,ALL_N1,,,,,,,
IT1:DF_DCSS_ISTR_LAV_PEN_2_TV_3(1.0),A,082035,RESPOP_AV,M,Y_GE15,TOTAL,ALL,99,ALL,ALL,2018,5013,,,,,,,,ALL_N1,99_N1,,,,,,
IT1:DF_DCSS_ISTR_LAV_PEN_2_TV_3(1.0),A,082035,RESPOP_AV,M,Y_GE15,TOTAL,ALL,99,ALL,ALL,2019,5084,,,,,,,,ALL_N1,99_N1,,,,,,
IT1:DF_DCSS_ISTR_LAV_PEN_2_TV_3(1.0),A,082035,RESPOP_AV,M,Y_GE15,TOTAL,ALL,99,ALL,ALL,2021,5168,,,,,,,,ALL_N1,99_N1,,,,,,
IT1:DF_DCSS_ISTR_LAV_PEN_2_TV_3(1.0),A,082035,RESPOP_AV,M,Y_GE15,TOTAL,ALL,99,ALL,ALL,2022,5205,,,,,,,,ALL_N1,99_N1,,,,,,
IT1:DF_DCSS_ISTR_LAV_PEN_2_TV_3(1.0),A,082035,RESPOP_AV,M,Y_GE15,TOTAL,ALL,99,ALL,ALL,2023,5146,,,,,,,,ALL_N1,99_N1,,,,,,
IT1:DF_DCSS_ISTR_LAV_PEN_2_TV_3(1.0),A,082035,RESPOP_AV,M,Y_GE15,TOTAL,ALL,99,ALL,ALL,2024,5197,,,,,,,,ALL_N1,99_N1,,,,,,
IT1:DF_DCSS_ISTR_LAV_PEN_2_TV_3(1.0),A,082035,RESPOP_AV,T,Y_GE15,TOTAL,ALL,1,ALL,ALL,2018,3346,,,,,,,,ALL_N1,,,,,,,
IT1:DF_DCSS_ISTR_LAV_PEN_2_TV_3(1.0),A,082035,RESPOP_AV,T,Y_GE15,TOTAL,ALL,1,ALL,ALL,2019,3467,,,,,,,,ALL_N1,,,,,,,
IT1:DF_DCSS_ISTR_LAV_PEN_2_TV_3(1.0),A,082035,RESPOP_AV,T,Y_GE15,TOTAL,ALL,1,ALL,ALL,2021,3719,,,,,,,,ALL_N1,,,,,,,
IT1:DF_DCSS_ISTR_LAV_PEN_2_TV_3(1.0),A,082035,RESPOP_AV,T,Y_GE15,TOTAL,ALL,1,ALL,ALL,2022,3736,,,,,,,,ALL_N1,,,,,,,
IT1:DF_DCSS_ISTR_LAV_PEN_2_TV_3(1.0),A,082035,RESPOP_AV,T,Y_GE15,TOTAL,ALL,1,ALL,ALL,2023,3824,,,,,,,,ALL_N1,,,,,,,
IT1:DF_DCSS_ISTR_LAV_PEN_2_TV_3(1.0),A,082035,RESPOP_AV,T,Y_GE15,TOTAL,ALL,1,ALL,ALL,2024,3958,,,,,,,,ALL_N1,,,,,,,
IT1:DF_DCSS_ISTR_LAV_PEN_2_TV_3(1.0),A,082035,RESPOP_AV,T,Y_GE15,TOTAL,ALL,12,ALL,ALL,2018,1523,,,,,,,,ALL_N1,,,,,,,
IT1:DF_DCSS_ISTR_LAV_PEN_2_TV_3(1.0),A,082035,RESPOP_AV,T,Y_GE15,TOTAL,ALL,12,ALL,ALL,2019,1531,,,,,,,,ALL_N1,,,,,,,
IT1:DF_DCSS_ISTR_LAV_PEN_2_TV_3(1.0),A,082035,RESPOP_AV,T,Y_GE15,TOTAL,ALL,12,ALL,ALL,2021,935.774142768571,,,,,,,,ALL_N1,,,,,,,
IT1:DF_DCSS_ISTR_LAV_PEN_2_TV_3(1.0),A,082035,RESPOP_AV,T,Y_GE15,TOTAL,ALL,12,ALL,ALL,2022,1068.78778710293,,,,,,,,ALL_N1,,,,,,,
IT1:DF_DCSS_ISTR_LAV_PEN_2_TV_3(1.0),A,082035,RESPOP_AV,T,Y_GE15,TOTAL,ALL,12,ALL,ALL,2023,918.3353785310408,,,,,,,,ALL_N1,,,,,,,
IT1:DF_DCSS_ISTR_LAV_PEN_2_TV_3(1.0),A,082035,RESPOP_AV,T,Y_GE15,TOTAL,ALL,12,ALL,ALL,2024,866.3543281994987,,,,,,,,ALL_N1,,,,,,,
IT1:DF_DCSS_ISTR_LAV_PEN_2_TV_3(1.0),A,082035,RESPOP_AV,T,Y_GE15,TOTAL,ALL,22,ALL,ALL,2018,4869,,,,,,,,ALL_N1,,,,,,,
IT1:DF_DCSS_ISTR_LAV_PEN_2_TV_3(1.0),A,082035,RESPOP_AV,T,Y_GE15,TOTAL,ALL,22,ALL,ALL,2019,4998,,,,,,,,ALL_N1,,,,,,,
IT1:DF_DCSS_ISTR_LAV_PEN_2_TV_3(1.0),A,082035,RESPOP_AV,T,Y_GE15,TOTAL,ALL,22,ALL,ALL,2021,4654.77414276857,,,,,,,,ALL_N1,,,,,,,
IT1:DF_DCSS_ISTR_LAV_PEN_2_TV_3(1.0),A,082035,RESPOP_AV,T,Y_GE15,TOTAL,ALL,22,ALL,ALL,2022,4804.78778710293,,,,,,,,ALL_N1,,,,,,,
IT1:DF_DCSS_ISTR_LAV_PEN_2_TV_3(1.0),A,082035,RESPOP_AV,T,Y_GE15,TOTAL,ALL,22,ALL,ALL,2023,4742.335378531041,,,,,,,,ALL_N1,,,,,,,
IT1:DF_DCSS_ISTR_LAV_PEN_2_TV_3(1.0),A,082035,RESPOP_AV,T,Y_GE15,TOTAL,ALL,22,ALL,ALL,2024,4824.354328199499,,,,,,,,ALL_N1,,,,,,,
IT1:DF_DCSS_ISTR_LAV_PEN_2_TV_3(1.0),A,082035,RESPOP_AV,T,Y_GE15,TOTAL,ALL,23,ALL,ALL,2018,5396,,,,,,,,ALL_N1,,,,,,,
IT1:DF_DCSS_ISTR_LAV_PEN_2_TV_3(1.0),A,082035,RESPOP_AV,T,Y_GE15,TOTAL,ALL,23,ALL,ALL,2019,5424,,,,,,,,ALL_N1,,,,,,,
IT1:DF_DCSS_ISTR_LAV_PEN_2_TV_3(1.0),A,082035,RESPOP_AV,T,Y_GE15,TOTAL,ALL,23,ALL,ALL,2021,5927.22585723143,,,,,,,,ALL_N1,,,,,,,
IT1:DF_DCSS_ISTR_LAV_PEN_2_TV_3(1.0),A,082035,RESPOP_AV,T,Y_GE15,TOTAL,ALL,23,ALL,ALL,2022,5857.21221289707,,,,,,,,ALL_N1,,,,,,,
IT1:DF_DCSS_ISTR_LAV_PEN_2_TV_3(1.0),A,082035,RESPOP_AV,T,Y_GE15,TOTAL,ALL,23,ALL,ALL,2023,5823.664621468959,,,,,,,,ALL_N1,,,,,,,
IT1:DF_DCSS_ISTR_LAV_PEN_2_TV_3(1.0),A,082035,RESPOP_AV,T,Y_GE15,TOTAL,ALL,23,ALL,ALL,2024,5859.645671800502,,,,,,,,ALL_N1,,,,,,,
IT1:DF_DCSS_ISTR_LAV_PEN_2_TV_3(1.0),A,082035,RESPOP_AV,T,Y_GE15,TOTAL,ALL,24,ALL,ALL,2018,1238,,,,,,,,ALL_N1,,,,,,,
IT1:DF_DCSS_ISTR_LAV_PEN_2_TV_3(1.0),A,082035,RESPOP_AV,T,Y_GE15,TOTAL,ALL,24,ALL,ALL,2019,1329,,,,,,,,ALL_N1,,,,,,,
IT1:DF_DCSS_ISTR_LAV_PEN_2_TV_3(1.0),A,082035,RESPOP_AV,T,Y_GE15,TOTAL,ALL,24,ALL,ALL,2021,1461.09867836086,,,,,,,,ALL_N1,,,,,,,
IT1:DF_DCSS_ISTR_LAV_PEN_2_TV_3(1.0),A,082035,RESPOP_AV,T,Y_GE15,TOTAL,ALL,24,ALL,ALL,2022,1293.5410442901,,,,,,,,ALL_N1,,,,,,,
IT1:DF_DCSS_ISTR_LAV_PEN_2_TV_3(1.0),A,082035,RESPOP_AV,T,Y_GE15,TOTAL,ALL,24,ALL,ALL,2023,1260.0681492380072,,,,,,,,ALL_N1,,,,,,,
IT1:DF_DCSS_ISTR_LAV_PEN_2_TV_3(1.0),A,082035,RESPOP_AV,T,Y_GE15,TOTAL,ALL,24,ALL,ALL,2024,1381.5065700386965,,,,,,,,ALL_N1,,,,,,,
IT1:DF_DCSS_ISTR_LAV_PEN_2_TV_3(1.0),A,082035,RESPOP_AV,T,Y_GE15,TOTAL,ALL,4,ALL,ALL,2018,2187,,,,,,,,ALL_N1,,,,,,,
IT1:DF_DCSS_ISTR_LAV_PEN_2_TV_3(1.0),A,082035,RESPOP_AV,T,Y_GE15,TOTAL,ALL,4,ALL,ALL,2019,2246,,,,,,,,ALL_N1,,,,,,,
IT1:DF_DCSS_ISTR_LAV_PEN_2_TV_3(1.0),A,082035,RESPOP_AV,T,Y_GE15,TOTAL,ALL,4,ALL,ALL,2021,2357.55787283471,,,,,,,,ALL_N1,,,,,,,
IT1:DF_DCSS_ISTR_LAV_PEN_2_TV_3(1.0),A,082035,RESPOP_AV,T,Y_GE15,TOTAL,ALL,4,ALL,ALL,2022,2363.07149377132,,,,,,,,ALL_N1,,,,,,,
IT1:DF_DCSS_ISTR_LAV_PEN_2_TV_3(1.0),A,082035,RESPOP_AV,T,Y_GE15,TOTAL,ALL,4,ALL,ALL,2023,2412.552362562313,,,,,,,,ALL_N1,,,,,,,
IT1:DF_DCSS_ISTR_LAV_PEN_2_TV_3(1.0),A,082035,RESPOP_AV,T,Y_GE15,TOTAL,ALL,4,ALL,ALL,2024,2285.461640591949,,,,,,,,ALL_N1,,,,,,,
IT1:DF_DCSS_ISTR_LAV_PEN_2_TV_3(1.0),A,082035,RESPOP_AV,T,Y_GE15,TOTAL,ALL,5,ALL,ALL,2018,928,,,,,,,,ALL_N1,,,,,,,
IT1:DF_DCSS_ISTR_LAV_PEN_2_TV_3(1.0),A,082035,RESPOP_AV,T,Y_GE15,TOTAL,ALL,5,ALL,ALL,2019,1000,,,,,,,,ALL_N1,,,,,,,
IT1:DF_DCSS_ISTR_LAV_PEN_2_TV_3(1.0),A,082035,RESPOP_AV,T,Y_GE15,TOTAL,ALL,5,ALL,ALL,2021,1012.54141381246,,,,,,,,ALL_N1,,,,,,,
IT1:DF_DCSS_ISTR_LAV_PEN_2_TV_3(1.0),A,082035,RESPOP_AV,T,Y_GE15,TOTAL,ALL,5,ALL,ALL,2022,1027.95636858909,,,,,,,,ALL_N1,,,,,,,
IT1:DF_DCSS_ISTR_LAV_PEN_2_TV_3(1.0),A,082035,RESPOP_AV,T,Y_GE15,TOTAL,ALL,5,ALL,ALL,2023,965.6159500233683,,,,,,,,ALL_N1,,,,,,,
IT1:DF_DCSS_ISTR_LAV_PEN_2_TV_3(1.0),A,082035,RESPOP_AV,T,Y_GE15,TOTAL,ALL,5,ALL,ALL,2024,1048.1976990964006,,,,,,,,ALL_N1,,,,,,,
IT1:DF_DCSS_ISTR_LAV_PEN_2_TV_3(1.0),A,082035,RESPOP_AV,T,Y_GE15,TOTAL,ALL,7,ALL,ALL,2018,1044,,,,,,,,ALL_N1,,,,,,,
IT1:DF_DCSS_ISTR_LAV_PEN_2_TV_3(1.0),A,082035,RESPOP_AV,T,Y_GE15,TOTAL,ALL,7,ALL,ALL,2019,849,,,,,,,,ALL_N1,,,,,,,
IT1:DF_DCSS_ISTR_LAV_PEN_2_TV_3(1.0),A,082035,RESPOP_AV,T,Y_GE15,TOTAL,ALL,7,ALL,ALL,2021,1096.0278922234,,,,,,,,ALL_N1,,,,,,,
IT1:DF_DCSS_ISTR_LAV_PEN_2_TV_3(1.0),A,082035,RESPOP_AV,T,Y_GE15,TOTAL,ALL,7,ALL,ALL,2022,1172.64330624656,,,,,,,,ALL_N1,,,,,,,
IT1:DF_DCSS_ISTR_LAV_PEN_2_TV_3(1.0),A,082035,RESPOP_AV,T,Y_GE15,TOTAL,ALL,7,ALL,ALL,2023,1185.4281596452706,,,,,,,,ALL_N1,,,,,,,
IT1:DF_DCSS_ISTR_LAV_PEN_2_TV_3(1.0),A,082035,RESPOP_AV,T,Y_GE15,TOTAL,ALL,7,ALL,ALL,2024,1144.4797620734553,,,,,,,,ALL_N1,,,,,,,
IT1:DF_DCSS_ISTR_LAV_PEN_2_TV_3(1.0),A,082035,RESPOP_AV,T,Y_GE15,TOTAL,ALL,99,ALL,ALL,2018,10265,,,,,,,,ALL_N1,99_N1,,,,,,
IT1:DF_DCSS_ISTR_LAV_PEN_2_TV_3(1.0),A,082035,RESPOP_AV,T,Y_GE15,TOTAL,ALL,99,ALL,ALL,2019,10422,,,,,,,,ALL_N1,99_N1,,,,,,
IT1:DF_DCSS_ISTR_LAV_PEN_2_TV_3(1.0),A,082035,RESPOP_AV,T,Y_GE15,TOTAL,ALL,99,ALL,ALL,2021,10582,,,,,,,,ALL_N1,99_N1,,,,,,
IT1:DF_DCSS_ISTR_LAV_PEN_2_TV_3(1.0),A,082035,RESPOP_AV,T,Y_GE15,TOTAL,ALL,99,ALL,ALL,2022,10662,,,,,,,,ALL_N1,99_N1,,,,,,
IT1:DF_DCSS_ISTR_LAV_PEN_2_TV_3(1.0),A,082035,RESPOP_AV,T,Y_GE15,TOTAL,ALL,99,ALL,ALL,2023,10566,,,,,,,,ALL_N1,99_N1,,,,,,
IT1:DF_DCSS_ISTR_LAV_PEN_2_TV_3(1.0),A,082035,RESPOP_AV,T,Y_GE15,TOTAL,ALL,99,ALL,ALL,2024,10684,,,,,,,,ALL_N1,99_N1,,,,,,
IT1:DF_DCSS_ISTR_LAV_PEN_2_TV_3(1.0),A,082036,RESPOP_AV,F,Y_GE15,TOTAL,ALL,1,ALL,ALL,2018,720,,,,,,,,ALL_N1,,,,,,,
IT1:DF_DCSS_ISTR_LAV_PEN_2_TV_3(1.0),A,082036,RESPOP_AV,F,Y_GE15,TOTAL,ALL,1,ALL,ALL,2019,745,,,,,,,,ALL_N1,,,,,,,
IT1:DF_DCSS_ISTR_LAV_PEN_2_TV_3(1.0),A,082036,RESPOP_AV,F,Y_GE15,TOTAL,ALL,1,ALL,ALL,2021,757,,,,,,,,ALL_N1,,,,,,,
IT1:DF_DCSS_ISTR_LAV_PEN_2_TV_3(1.0),A,082036,RESPOP_AV,F,Y_GE15,TOTAL,ALL,1,ALL,ALL,2022,781,,,,,,,,ALL_N1,,,,,,,
IT1:DF_DCSS_ISTR_LAV_PEN_2_TV_3(1.0),A,082036,RESPOP_AV,F,Y_GE15,TOTAL,ALL,1,ALL,ALL,2023,821,,,,,,,,ALL_N1,,,,,,,
IT1:DF_DCSS_ISTR_LAV_PEN_2_TV_3(1.0),A,082036,RESPOP_AV,F,Y_GE15,TOTAL,ALL,1,ALL,ALL,2024,847,,,,,,,,ALL_N1,,,,,,,
IT1:DF_DCSS_ISTR_LAV_PEN_2_TV_3(1.0),A,082036,RESPOP_AV,F,Y_GE15,TOTAL,ALL,12,ALL,ALL,2018,256,,,,,,,,ALL_N1,,,,,,,
IT1:DF_DCSS_ISTR_LAV_PEN_2_TV_3(1.0),A,082036,RESPOP_AV,F,Y_GE15,TOTAL,ALL,12,ALL,ALL,2019,235,,,,,,,,ALL_N1,,,,,,,
IT1:DF_DCSS_ISTR_LAV_PEN_2_TV_3(1.0),A,082036,RESPOP_AV,F,Y_GE15,TOTAL,ALL,12,ALL,ALL,2021,131.608206825822,,,,,,,,ALL_N1,,,,,,,
IT1:DF_DCSS_ISTR_LAV_PEN_2_TV_3(1.0),A,082036,RESPOP_AV,F,Y_GE15,TOTAL,ALL,12,ALL,ALL,2022,125.804556387215,,,,,,,,ALL_N1,,,,,,,
IT1:DF_DCSS_ISTR_LAV_PEN_2_TV_3(1.0),A,082036,RESPOP_AV,F,Y_GE15,TOTAL,ALL,12,ALL,ALL,2023,153.5622668554885,,,,,,,,ALL_N1,,,,,,,
IT1:DF_DCSS_ISTR_LAV_PEN_2_TV_3(1.0),A,082036,RESPOP_AV,F,Y_GE15,TOTAL,ALL,12,ALL,ALL,2024,121.88726053413728,,,,,,,,ALL_N1,,,,,,,
IT1:DF_DCSS_ISTR_LAV_PEN_2_TV_3(1.0),A,082036,RESPOP_AV,F,Y_GE15,TOTAL,ALL,22,ALL,ALL,2018,976,,,,,,,,ALL_N1,,,,,,,
IT1:DF_DCSS_ISTR_LAV_PEN_2_TV_3(1.0),A,082036,RESPOP_AV,F,Y_GE15,TOTAL,ALL,22,ALL,ALL,2019,980,,,,,,,,ALL_N1,,,,,,,
IT1:DF_DCSS_ISTR_LAV_PEN_2_TV_3(1.0),A,082036,RESPOP_AV,F,Y_GE15,TOTAL,ALL,22,ALL,ALL,2021,888.608206825822,,,,,,,,ALL_N1,,,,,,,
IT1:DF_DCSS_ISTR_LAV_PEN_2_TV_3(1.0),A,082036,RESPOP_AV,F,Y_GE15,TOTAL,ALL,22,ALL,ALL,2022,906.804556387215,,,,,,,,ALL_N1,,,,,,,
IT1:DF_DCSS_ISTR_LAV_PEN_2_TV_3(1.0),A,082036,RESPOP_AV,F,Y_GE15,TOTAL,ALL,22,ALL,ALL,2023,974.5622668554885,,,,,,,,ALL_N1,,,,,,,
IT1:DF_DCSS_ISTR_LAV_PEN_2_TV_3(1.0),A,082036,RESPOP_AV,F,Y_GE15,TOTAL,ALL,22,ALL,ALL,2024,968.8872605341372,,,,,,,,ALL_N1,,,,,,,
IT1:DF_DCSS_ISTR_LAV_PEN_2_TV_3(1.0),A,082036,RESPOP_AV,F,Y_GE15,TOTAL,ALL,23,ALL,ALL,2018,2077,,,,,,,,ALL_N1,,,,,,,
IT1:DF_DCSS_ISTR_LAV_PEN_2_TV_3(1.0),A,082036,RESPOP_AV,F,Y_GE15,TOTAL,ALL,23,ALL,ALL,2019,2047,,,,,,,,ALL_N1,,,,,,,
IT1:DF_DCSS_ISTR_LAV_PEN_2_TV_3(1.0),A,082036,RESPOP_AV,F,Y_GE15,TOTAL,ALL,23,ALL,ALL,2021,2019.39179317418,,,,,,,,ALL_N1,,,,,,,
IT1:DF_DCSS_ISTR_LAV_PEN_2_TV_3(1.0),A,082036,RESPOP_AV,F,Y_GE15,TOTAL,ALL,23,ALL,ALL,2022,1945.19544361278,,,,,,,,ALL_N1,,,,,,,
IT1:DF_DCSS_ISTR_LAV_PEN_2_TV_3(1.0),A,082036,RESPOP_AV,F,Y_GE15,TOTAL,ALL,23,ALL,ALL,2023,1850.4377331445112,,,,,,,,ALL_N1,,,,,,,
IT1:DF_DCSS_ISTR_LAV_PEN_2_TV_3(1.0),A,082036,RESPOP_AV,F,Y_GE15,TOTAL,ALL,23,ALL,ALL,2024,1873.112739465863,,,,,,,,ALL_N1,,,,,,,
IT1:DF_DCSS_ISTR_LAV_PEN_2_TV_3(1.0),A,082036,RESPOP_AV,F,Y_GE15,TOTAL,ALL,24,ALL,ALL,2018,849,,,,,,,,ALL_N1,,,,,,,
IT1:DF_DCSS_ISTR_LAV_PEN_2_TV_3(1.0),A,082036,RESPOP_AV,F,Y_GE15,TOTAL,ALL,24,ALL,ALL,2019,872,,,,,,,,ALL_N1,,,,,,,
IT1:DF_DCSS_ISTR_LAV_PEN_2_TV_3(1.0),A,082036,RESPOP_AV,F,Y_GE15,TOTAL,ALL,24,ALL,ALL,2021,788.832813265411,,,,,,,,ALL_N1,,,,,,,
IT1:DF_DCSS_ISTR_LAV_PEN_2_TV_3(1.0),A,082036,RESPOP_AV,F,Y_GE15,TOTAL,ALL,24,ALL,ALL,2022,762.688600519682,,,,,,,,ALL_N1,,,,,,,
IT1:DF_DCSS_ISTR_LAV_PEN_2_TV_3(1.0),A,082036,RESPOP_AV,F,Y_GE15,TOTAL,ALL,24,ALL,ALL,2023,692.8402781877071,,,,,,,,ALL_N1,,,,,,,
IT1:DF_DCSS_ISTR_LAV_PEN_2_TV_3(1.0),A,082036,RESPOP_AV,F,Y_GE15,TOTAL,ALL,24,ALL,ALL,2024,699.7613056220978,,,,,,,,ALL_N1,,,,,,,
IT1:DF_DCSS_ISTR_LAV_PEN_2_TV_3(1.0),A,082036,RESPOP_AV,F,Y_GE15,TOTAL,ALL,4,ALL,ALL,2018,723,,,,,,,,ALL_N1,,,,,,,
IT1:DF_DCSS_ISTR_LAV_PEN_2_TV_3(1.0),A,082036,RESPOP_AV,F,Y_GE15,TOTAL,ALL,4,ALL,ALL,2019,687,,,,,,,,ALL_N1,,,,,,,
IT1:DF_DCSS_ISTR_LAV_PEN_2_TV_3(1.0),A,082036,RESPOP_AV,F,Y_GE15,TOTAL,ALL,4,ALL,ALL,2021,766.33613632608,,,,,,,,ALL_N1,,,,,,,
IT1:DF_DCSS_ISTR_LAV_PEN_2_TV_3(1.0),A,082036,RESPOP_AV,F,Y_GE15,TOTAL,ALL,4,ALL,ALL,2022,723.308122666284,,,,,,,,ALL_N1,,,,,,,
IT1:DF_DCSS_ISTR_LAV_PEN_2_TV_3(1.0),A,082036,RESPOP_AV,F,Y_GE15,TOTAL,ALL,4,ALL,ALL,2023,661.5214653202845,,,,,,,,ALL_N1,,,,,,,
IT1:DF_DCSS_ISTR_LAV_PEN_2_TV_3(1.0),A,082036,RESPOP_AV,F,Y_GE15,TOTAL,ALL,4,ALL,ALL,2024,676.5484902533939,,,,,,,,ALL_N1,,,,,,,
IT1:DF_DCSS_ISTR_LAV_PEN_2_TV_3(1.0),A,082036,RESPOP_AV,F,Y_GE15,TOTAL,ALL,5,ALL,ALL,2018,242,,,,,,,,ALL_N1,,,,,,,
IT1:DF_DCSS_ISTR_LAV_PEN_2_TV_3(1.0),A,082036,RESPOP_AV,F,Y_GE15,TOTAL,ALL,5,ALL,ALL,2019,259,,,,,,,,ALL_N1,,,,,,,
IT1:DF_DCSS_ISTR_LAV_PEN_2_TV_3(1.0),A,082036,RESPOP_AV,F,Y_GE15,TOTAL,ALL,5,ALL,ALL,2021,262.082445250153,,,,,,,,ALL_N1,,,,,,,
IT1:DF_DCSS_ISTR_LAV_PEN_2_TV_3(1.0),A,082036,RESPOP_AV,F,Y_GE15,TOTAL,ALL,5,ALL,ALL,2022,250.37582479387,,,,,,,,ALL_N1,,,,,,,
IT1:DF_DCSS_ISTR_LAV_PEN_2_TV_3(1.0),A,082036,RESPOP_AV,F,Y_GE15,TOTAL,ALL,5,ALL,ALL,2023,251.27000074898154,,,,,,,,ALL_N1,,,,,,,
IT1:DF_DCSS_ISTR_LAV_PEN_2_TV_3(1.0),A,082036,RESPOP_AV,F,Y_GE15,TOTAL,ALL,5,ALL,ALL,2024,257.9812693326021,,,,,,,,ALL_N1,,,,,,,
IT1:DF_DCSS_ISTR_LAV_PEN_2_TV_3(1.0),A,082036,RESPOP_AV,F,Y_GE15,TOTAL,ALL,7,ALL,ALL,2018,263,,,,,,,,ALL_N1,,,,,,,
IT1:DF_DCSS_ISTR_LAV_PEN_2_TV_3(1.0),A,082036,RESPOP_AV,F,Y_GE15,TOTAL,ALL,7,ALL,ALL,2019,230,,,,,,,,ALL_N1,,,,,,,
IT1:DF_DCSS_ISTR_LAV_PEN_2_TV_3(1.0),A,082036,RESPOP_AV,F,Y_GE15,TOTAL,ALL,7,ALL,ALL,2021,202.140398332534,,,,,,,,ALL_N1,,,,,,,
IT1:DF_DCSS_ISTR_LAV_PEN_2_TV_3(1.0),A,082036,RESPOP_AV,F,Y_GE15,TOTAL,ALL,7,ALL,ALL,2022,208.822895632949,,,,,,,,ALL_N1,,,,,,,
IT1:DF_DCSS_ISTR_LAV_PEN_2_TV_3(1.0),A,082036,RESPOP_AV,F,Y_GE15,TOTAL,ALL,7,ALL,ALL,2023,244.8059888875381,,,,,,,,ALL_N1,,,,,,,
IT1:DF_DCSS_ISTR_LAV_PEN_2_TV_3(1.0),A,082036,RESPOP_AV,F,Y_GE15,TOTAL,ALL,7,ALL,ALL,2024,238.821674257769,,,,,,,,ALL_N1,,,,,,,
IT1:DF_DCSS_ISTR_LAV_PEN_2_TV_3(1.0),A,082036,RESPOP_AV,F,Y_GE15,TOTAL,ALL,99,ALL,ALL,2018,3053,,,,,,,,ALL_N1,99_N1,,,,,,
IT1:DF_DCSS_ISTR_LAV_PEN_2_TV_3(1.0),A,082036,RESPOP_AV,F,Y_GE15,TOTAL,ALL,99,ALL,ALL,2019,3027,,,,,,,,ALL_N1,99_N1,,,,,,
IT1:DF_DCSS_ISTR_LAV_PEN_2_TV_3(1.0),A,082036,RESPOP_AV,F,Y_GE15,TOTAL,ALL,99,ALL,ALL,2021,2908,,,,,,,,ALL_N1,99_N1,,,,,,
IT1:DF_DCSS_ISTR_LAV_PEN_2_TV_3(1.0),A,082036,RESPOP_AV,F,Y_GE15,TOTAL,ALL,99,ALL,ALL,2022,2852,,,,,,,,ALL_N1,99_N1,,,,,,
IT1:DF_DCSS_ISTR_LAV_PEN_2_TV_3(1.0),A,082036,RESPOP_AV,F,Y_GE15,TOTAL,ALL,99,ALL,ALL,2023,2825,,,,,,,,ALL_N1,99_N1,,,,,,
IT1:DF_DCSS_ISTR_LAV_PEN_2_TV_3(1.0),A,082036,RESPOP_AV,F,Y_GE15,TOTAL,ALL,99,ALL,ALL,2024,2842,,,,,,,,ALL_N1,99_N1,,,,,,
IT1:DF_DCSS_ISTR_LAV_PEN_2_TV_3(1.0),A,082036,RESPOP_AV,M,Y_GE15,TOTAL,ALL,1,ALL,ALL,2018,1342,,,,,,,,ALL_N1,,,,,,,
IT1:DF_DCSS_ISTR_LAV_PEN_2_TV_3(1.0),A,082036,RESPOP_AV,M,Y_GE15,TOTAL,ALL,1,ALL,ALL,2019,1369,,,,,,,,ALL_N1,,,,,,,
IT1:DF_DCSS_ISTR_LAV_PEN_2_TV_3(1.0),A,082036,RESPOP_AV,M,Y_GE15,TOTAL,ALL,1,ALL,ALL,2021,1309,,,,,,,,ALL_N1,,,,,,,
IT1:DF_DCSS_ISTR_LAV_PEN_2_TV_3(1.0),A,082036,RESPOP_AV,M,Y_GE15,TOTAL,ALL,1,ALL,ALL,2022,1318,,,,,,,,ALL_N1,,,,,,,
IT1:DF_DCSS_ISTR_LAV_PEN_2_TV_3(1.0),A,082036,RESPOP_AV,M,Y_GE15,TOTAL,ALL,1,ALL,ALL,2023,1294,,,,,,,,ALL_N1,,,,,,,
IT1:DF_DCSS_ISTR_LAV_PEN_2_TV_3(1.0),A,082036,RESPOP_AV,M,Y_GE15,TOTAL,ALL,1,ALL,ALL,2024,1330,,,,,,,,ALL_N1,,,,,,,
IT1:DF_DCSS_ISTR_LAV_PEN_2_TV_3(1.0),A,082036,RESPOP_AV,M,Y_GE15,TOTAL,ALL,12,ALL,ALL,2018,202,,,,,,,,ALL_N1,,,,,,,
IT1:DF_DCSS_ISTR_LAV_PEN_2_TV_3(1.0),A,082036,RESPOP_AV,M,Y_GE15,TOTAL,ALL,12,ALL,ALL,2019,160,,,,,,,,ALL_N1,,,,,,,
IT1:DF_DCSS_ISTR_LAV_PEN_2_TV_3(1.0),A,082036,RESPOP_AV,M,Y_GE15,TOTAL,ALL,12,ALL,ALL,2021,115.318611062533,,,,,,,,ALL_N1,,,,,,,
IT1:DF_DCSS_ISTR_LAV_PEN_2_TV_3(1.0),A,082036,RESPOP_AV,M,Y_GE15,TOTAL,ALL,12,ALL,ALL,2022,102.178213519494,,,,,,,,ALL_N1,,,,,,,
IT1:DF_DCSS_ISTR_LAV_PEN_2_TV_3(1.0),A,082036,RESPOP_AV,M,Y_GE15,TOTAL,ALL,12,ALL,ALL,2023,113.2184442468658,,,,,,,,ALL_N1,,,,,,,
IT1:DF_DCSS_ISTR_LAV_PEN_2_TV_3(1.0),A,082036,RESPOP_AV,M,Y_GE15,TOTAL,ALL,12,ALL,ALL,2024,90.1828518110155,,,,,,,,ALL_N1,,,,,,,
IT1:DF_DCSS_ISTR_LAV_PEN_2_TV_3(1.0),A,082036,RESPOP_AV,M,Y_GE15,TOTAL,ALL,22,ALL,ALL,2018,1544,,,,,,,,ALL_N1,,,,,,,
IT1:DF_DCSS_ISTR_LAV_PEN_2_TV_3(1.0),A,082036,RESPOP_AV,M,Y_GE15,TOTAL,ALL,22,ALL,ALL,2019,1529,,,,,,,,ALL_N1,,,,,,,
IT1:DF_DCSS_ISTR_LAV_PEN_2_TV_3(1.0),A,082036,RESPOP_AV,M,Y_GE15,TOTAL,ALL,22,ALL,ALL,2021,1424.31861106253,,,,,,,,ALL_N1,,,,,,,
IT1:DF_DCSS_ISTR_LAV_PEN_2_TV_3(1.0),A,082036,RESPOP_AV,M,Y_GE15,TOTAL,ALL,22,ALL,ALL,2022,1420.17821351949,,,,,,,,ALL_N1,,,,,,,
IT1:DF_DCSS_ISTR_LAV_PEN_2_TV_3(1.0),A,082036,RESPOP_AV,M,Y_GE15,TOTAL,ALL,22,ALL,ALL,2023,1407.2184442468658,,,,,,,,ALL_N1,,,,,,,
IT1:DF_DCSS_ISTR_LAV_PEN_2_TV_3(1.0),A,082036,RESPOP_AV,M,Y_GE15,TOTAL,ALL,22,ALL,ALL,2024,1420.1828518110156,,,,,,,,ALL_N1,,,,,,,
IT1:DF_DCSS_ISTR_LAV_PEN_2_TV_3(1.0),A,082036,RESPOP_AV,M,Y_GE15,TOTAL,ALL,23,ALL,ALL,2018,1253,,,,,,,,ALL_N1,,,,,,,
IT1:DF_DCSS_ISTR_LAV_PEN_2_TV_3(1.0),A,082036,RESPOP_AV,M,Y_GE15,TOTAL,ALL,23,ALL,ALL,2019,1235,,,,,,,,ALL_N1,,,,,,,
IT1:DF_DCSS_ISTR_LAV_PEN_2_TV_3(1.0),A,082036,RESPOP_AV,M,Y_GE15,TOTAL,ALL,23,ALL,ALL,2021,1224.68138893747,,,,,,,,ALL_N1,,,,,,,
IT1:DF_DCSS_ISTR_LAV_PEN_2_TV_3(1.0),A,082036,RESPOP_AV,M,Y_GE15,TOTAL,ALL,23,ALL,ALL,2022,1217.82178648051,,,,,,,,ALL_N1,,,,,,,
IT1:DF_DCSS_ISTR_LAV_PEN_2_TV_3(1.0),A,082036,RESPOP_AV,M,Y_GE15,TOTAL,ALL,23,ALL,ALL,2023,1172.7815557531344,,,,,,,,ALL_N1,,,,,,,
IT1:DF_DCSS_ISTR_LAV_PEN_2_TV_3(1.0),A,082036,RESPOP_AV,M,Y_GE15,TOTAL,ALL,23,ALL,ALL,2024,1158.8171481889844,,,,,,,,ALL_N1,,,,,,,
IT1:DF_DCSS_ISTR_LAV_PEN_2_TV_3(1.0),A,082036,RESPOP_AV,M,Y_GE15,TOTAL,ALL,24,ALL,ALL,2018,781,,,,,,,,ALL_N1,,,,,,,
IT1:DF_DCSS_ISTR_LAV_PEN_2_TV_3(1.0),A,082036,RESPOP_AV,M,Y_GE15,TOTAL,ALL,24,ALL,ALL,2019,798,,,,,,,,ALL_N1,,,,,,,
IT1:DF_DCSS_ISTR_LAV_PEN_2_TV_3(1.0),A,082036,RESPOP_AV,M,Y_GE15,TOTAL,ALL,24,ALL,ALL,2021,763.889082788967,,,,,,,,ALL_N1,,,,,,,
IT1:DF_DCSS_ISTR_LAV_PEN_2_TV_3(1.0),A,082036,RESPOP_AV,M,Y_GE15,TOTAL,ALL,24,ALL,ALL,2022,772.79631376943,,,,,,,,ALL_N1,,,,,,,
IT1:DF_DCSS_ISTR_LAV_PEN_2_TV_3(1.0),A,082036,RESPOP_AV,M,Y_GE15,TOTAL,ALL,24,ALL,ALL,2023,721.626248008734,,,,,,,,ALL_N1,,,,,,,
IT1:DF_DCSS_ISTR_LAV_PEN_2_TV_3(1.0),A,082036,RESPOP_AV,M,Y_GE15,TOTAL,ALL,24,ALL,ALL,2024,715.8829514183733,,,,,,,,ALL_N1,,,,,,,
IT1:DF_DCSS_ISTR_LAV_PEN_2_TV_3(1.0),A,082036,RESPOP_AV,M,Y_GE15,TOTAL,ALL,4,ALL,ALL,2018,17,,,,,,,,ALL_N1,,,,,,,
IT1:DF_DCSS_ISTR_LAV_PEN_2_TV_3(1.0),A,082036,RESPOP_AV,M,Y_GE15,TOTAL,ALL,4,ALL,ALL,2019,16,,,,,,,,ALL_N1,,,,,,,
IT1:DF_DCSS_ISTR_LAV_PEN_2_TV_3(1.0),A,082036,RESPOP_AV,M,Y_GE15,TOTAL,ALL,4,ALL,ALL,2021,38.9559046322943,,,,,,,,ALL_N1,,,,,,,
IT1:DF_DCSS_ISTR_LAV_PEN_2_TV_3(1.0),A,082036,RESPOP_AV,M,Y_GE15,TOTAL,ALL,4,ALL,ALL,2022,31.2897182879615,,,,,,,,ALL_N1,,,,,,,
IT1:DF_DCSS_ISTR_LAV_PEN_2_TV_3(1.0),A,082036,RESPOP_AV,M,Y_GE15,TOTAL,ALL,4,ALL,ALL,2023,30.10821907829861,,,,,,,,ALL_N1,,,,,,,
IT1:DF_DCSS_ISTR_LAV_PEN_2_TV_3(1.0),A,082036,RESPOP_AV,M,Y_GE15,TOTAL,ALL,4,ALL,ALL,2024,28.552363955763354,,,,,,,,ALL_N1,,,,,,,
IT1:DF_DCSS_ISTR_LAV_PEN_2_TV_3(1.0),A,082036,RESPOP_AV,M,Y_GE15,TOTAL,ALL,5,ALL,ALL,2018,194,,,,,,,,ALL_N1,,,,,,,
IT1:DF_DCSS_ISTR_LAV_PEN_2_TV_3(1.0),A,082036,RESPOP_AV,M,Y_GE15,TOTAL,ALL,5,ALL,ALL,2019,210,,,,,,,,ALL_N1,,,,,,,
IT1:DF_DCSS_ISTR_LAV_PEN_2_TV_3(1.0),A,082036,RESPOP_AV,M,Y_GE15,TOTAL,ALL,5,ALL,ALL,2021,228.61715747239,,,,,,,,ALL_N1,,,,,,,
IT1:DF_DCSS_ISTR_LAV_PEN_2_TV_3(1.0),A,082036,RESPOP_AV,M,Y_GE15,TOTAL,ALL,5,ALL,ALL,2022,218.67109185374,,,,,,,,ALL_N1,,,,,,,
IT1:DF_DCSS_ISTR_LAV_PEN_2_TV_3(1.0),A,082036,RESPOP_AV,M,Y_GE15,TOTAL,ALL,5,ALL,ALL,2023,215.45451822438784,,,,,,,,ALL_N1,,,,,,,
IT1:DF_DCSS_ISTR_LAV_PEN_2_TV_3(1.0),A,082036,RESPOP_AV,M,Y_GE15,TOTAL,ALL,5,ALL,ALL,2024,209.1271323260419,,,,,,,,ALL_N1,,,,,,,
IT1:DF_DCSS_ISTR_LAV_PEN_2_TV_3(1.0),A,082036,RESPOP_AV,M,Y_GE15,TOTAL,ALL,7,ALL,ALL,2018,261,,,,,,,,ALL_N1,,,,,,,
IT1:DF_DCSS_ISTR_LAV_PEN_2_TV_3(1.0),A,082036,RESPOP_AV,M,Y_GE15,TOTAL,ALL,7,ALL,ALL,2019,211,,,,,,,,ALL_N1,,,,,,,
IT1:DF_DCSS_ISTR_LAV_PEN_2_TV_3(1.0),A,082036,RESPOP_AV,M,Y_GE15,TOTAL,ALL,7,ALL,ALL,2021,193.219244043816,,,,,,,,ALL_N1,,,,,,,
IT1:DF_DCSS_ISTR_LAV_PEN_2_TV_3(1.0),A,082036,RESPOP_AV,M,Y_GE15,TOTAL,ALL,7,ALL,ALL,2022,195.064662569375,,,,,,,,ALL_N1,,,,,,,
IT1:DF_DCSS_ISTR_LAV_PEN_2_TV_3(1.0),A,082036,RESPOP_AV,M,Y_GE15,TOTAL,ALL,7,ALL,ALL,2023,205.59257044171386,,,,,,,,ALL_N1,,,,,,,
IT1:DF_DCSS_ISTR_LAV_PEN_2_TV_3(1.0),A,082036,RESPOP_AV,M,Y_GE15,TOTAL,ALL,7,ALL,ALL,2024,205.25470048880598,,,,,,,,ALL_N1,,,,,,,
IT1:DF_DCSS_ISTR_LAV_PEN_2_TV_3(1.0),A,082036,RESPOP_AV,M,Y_GE15,TOTAL,ALL,99,ALL,ALL,2018,2797,,,,,,,,ALL_N1,99_N1,,,,,,
IT1:DF_DCSS_ISTR_LAV_PEN_2_TV_3(1.0),A,082036,RESPOP_AV,M,Y_GE15,TOTAL,ALL,99,ALL,ALL,2019,2764,,,,,,,,ALL_N1,99_N1,,,,,,
IT1:DF_DCSS_ISTR_LAV_PEN_2_TV_3(1.0),A,082036,RESPOP_AV,M,Y_GE15,TOTAL,ALL,99,ALL,ALL,2021,2649,,,,,,,,ALL_N1,99_N1,,,,,,
IT1:DF_DCSS_ISTR_LAV_PEN_2_TV_3(1.0),A,082036,RESPOP_AV,M,Y_GE15,TOTAL,ALL,99,ALL,ALL,2022,2638,,,,,,,,ALL_N1,99_N1,,,,,,
IT1:DF_DCSS_ISTR_LAV_PEN_2_TV_3(1.0),A,082036,RESPOP_AV,M,Y_GE15,TOTAL,ALL,99,ALL,ALL,2023,2580,,,,,,,,ALL_N1,99_N1,,,,,,
IT1:DF_DCSS_ISTR_LAV_PEN_2_TV_3(1.0),A,082036,RESPOP_AV,M,Y_GE15,TOTAL,ALL,99,ALL,ALL,2024,2579,,,,,,,,ALL_N1,99_N1,,,,,,
IT1:DF_DCSS_ISTR_LAV_PEN_2_TV_3(1.0),A,082036,RESPOP_AV,T,Y_GE15,TOTAL,ALL,1,ALL,ALL,2018,2062,,,,,,,,ALL_N1,,,,,,,
IT1:DF_DCSS_ISTR_LAV_PEN_2_TV_3(1.0),A,082036,RESPOP_AV,T,Y_GE15,TOTAL,ALL,1,ALL,ALL,2019,2114,,,,,,,,ALL_N1,,,,,,,
IT1:DF_DCSS_ISTR_LAV_PEN_2_TV_3(1.0),A,082036,RESPOP_AV,T,Y_GE15,TOTAL,ALL,1,ALL,ALL,2021,2066,,,,,,,,ALL_N1,,,,,,,
IT1:DF_DCSS_ISTR_LAV_PEN_2_TV_3(1.0),A,082036,RESPOP_AV,T,Y_GE15,TOTAL,ALL,1,ALL,ALL,2022,2099,,,,,,,,ALL_N1,,,,,,,
IT1:DF_DCSS_ISTR_LAV_PEN_2_TV_3(1.0),A,082036,RESPOP_AV,T,Y_GE15,TOTAL,ALL,1,ALL,ALL,2023,2115,,,,,,,,ALL_N1,,,,,,,
IT1:DF_DCSS_ISTR_LAV_PEN_2_TV_3(1.0),A,082036,RESPOP_AV,T,Y_GE15,TOTAL,ALL,1,ALL,ALL,2024,2177,,,,,,,,ALL_N1,,,,,,,
IT1:DF_DCSS_ISTR_LAV_PEN_2_TV_3(1.0),A,082036,RESPOP_AV,T,Y_GE15,TOTAL,ALL,12,ALL,ALL,2018,458,,,,,,,,ALL_N1,,,,,,,
IT1:DF_DCSS_ISTR_LAV_PEN_2_TV_3(1.0),A,082036,RESPOP_AV,T,Y_GE15,TOTAL,ALL,12,ALL,ALL,2019,395,,,,,,,,ALL_N1,,,,,,,
IT1:DF_DCSS_ISTR_LAV_PEN_2_TV_3(1.0),A,082036,RESPOP_AV,T,Y_GE15,TOTAL,ALL,12,ALL,ALL,2021,246.926817888355,,,,,,,,ALL_N1,,,,,,,
IT1:DF_DCSS_ISTR_LAV_PEN_2_TV_3(1.0),A,082036,RESPOP_AV,T,Y_GE15,TOTAL,ALL,12,ALL,ALL,2022,227.982769906709,,,,,,,,ALL_N1,,,,,,,
IT1:DF_DCSS_ISTR_LAV_PEN_2_TV_3(1.0),A,082036,RESPOP_AV,T,Y_GE15,TOTAL,ALL,12,ALL,ALL,2023,266.7807111023543,,,,,,,,ALL_N1,,,,,,,
IT1:DF_DCSS_ISTR_LAV_PEN_2_TV_3(1.0),A,082036,RESPOP_AV,T,Y_GE15,TOTAL,ALL,12,ALL,ALL,2024,212.07011234515278,,,,,,,,ALL_N1,,,,,,,
IT1:DF_DCSS_ISTR_LAV_PEN_2_TV_3(1.0),A,082036,RESPOP_AV,T,Y_GE15,TOTAL,ALL,22,ALL,ALL,2018,2520,,,,,,,,ALL_N1,,,,,,,
IT1:DF_DCSS_ISTR_LAV_PEN_2_TV_3(1.0),A,082036,RESPOP_AV,T,Y_GE15,TOTAL,ALL,22,ALL,ALL,2019,2509,,,,,,,,ALL_N1,,,,,,,
IT1:DF_DCSS_ISTR_LAV_PEN_2_TV_3(1.0),A,082036,RESPOP_AV,T,Y_GE15,TOTAL,ALL,22,ALL,ALL,2021,2312.92681788836,,,,,,,,ALL_N1,,,,,,,
IT1:DF_DCSS_ISTR_LAV_PEN_2_TV_3(1.0),A,082036,RESPOP_AV,T,Y_GE15,TOTAL,ALL,22,ALL,ALL,2022,2326.98276990671,,,,,,,,ALL_N1,,,,,,,
IT1:DF_DCSS_ISTR_LAV_PEN_2_TV_3(1.0),A,082036,RESPOP_AV,T,Y_GE15,TOTAL,ALL,22,ALL,ALL,2023,2381.7807111023544,,,,,,,,ALL_N1,,,,,,,
IT1:DF_DCSS_ISTR_LAV_PEN_2_TV_3(1.0),A,082036,RESPOP_AV,T,Y_GE15,TOTAL,ALL,22,ALL,ALL,2024,2389.0701123451527,,,,,,,,ALL_N1,,,,,,,
IT1:DF_DCSS_ISTR_LAV_PEN_2_TV_3(1.0),A,082036,RESPOP_AV,T,Y_GE15,TOTAL,ALL,23,ALL,ALL,2018,3330,,,,,,,,ALL_N1,,,,,,,
IT1:DF_DCSS_ISTR_LAV_PEN_2_TV_3(1.0),A,082036,RESPOP_AV,T,Y_GE15,TOTAL,ALL,23,ALL,ALL,2019,3282,,,,,,,,ALL_N1,,,,,,,
IT1:DF_DCSS_ISTR_LAV_PEN_2_TV_3(1.0),A,082036,RESPOP_AV,T,Y_GE15,TOTAL,ALL,23,ALL,ALL,2021,3244.07318211164,,,,,,,,ALL_N1,,,,,,,
IT1:DF_DCSS_ISTR_LAV_PEN_2_TV_3(1.0),A,082036,RESPOP_AV,T,Y_GE15,TOTAL,ALL,23,ALL,ALL,2022,3163.01723009329,,,,,,,,ALL_N1,,,,,,,
IT1:DF_DCSS_ISTR_LAV_PEN_2_TV_3(1.0),A,082036,RESPOP_AV,T,Y_GE15,TOTAL,ALL,23,ALL,ALL,2023,3023.2192888976456,,,,,,,,ALL_N1,,,,,,,
IT1:DF_DCSS_ISTR_LAV_PEN_2_TV_3(1.0),A,082036,RESPOP_AV,T,Y_GE15,TOTAL,ALL,23,ALL,ALL,2024,3031.9298876548473,,,,,,,,ALL_N1,,,,,,,
IT1:DF_DCSS_ISTR_LAV_PEN_2_TV_3(1.0),A,082036,RESPOP_AV,T,Y_GE15,TOTAL,ALL,24,ALL,ALL,2018,1630,,,,,,,,ALL_N1,,,,,,,
IT1:DF_DCSS_ISTR_LAV_PEN_2_TV_3(1.0),A,082036,RESPOP_AV,T,Y_GE15,TOTAL,ALL,24,ALL,ALL,2019,1670,,,,,,,,ALL_N1,,,,,,,
IT1:DF_DCSS_ISTR_LAV_PEN_2_TV_3(1.0),A,082036,RESPOP_AV,T,Y_GE15,TOTAL,ALL,24,ALL,ALL,2021,1552.72189605438,,,,,,,,ALL_N1,,,,,,,
IT1:DF_DCSS_ISTR_LAV_PEN_2_TV_3(1.0),A,082036,RESPOP_AV,T,Y_GE15,TOTAL,ALL,24,ALL,ALL,2022,1535.48491428911,,,,,,,,ALL_N1,,,,,,,
IT1:DF_DCSS_ISTR_LAV_PEN_2_TV_3(1.0),A,082036,RESPOP_AV,T,Y_GE15,TOTAL,ALL,24,ALL,ALL,2023,1414.466526196441,,,,,,,,ALL_N1,,,,,,,
IT1:DF_DCSS_ISTR_LAV_PEN_2_TV_3(1.0),A,082036,RESPOP_AV,T,Y_GE15,TOTAL,ALL,24,ALL,ALL,2024,1415.644257040471,,,,,,,,ALL_N1,,,,,,,
IT1:DF_DCSS_ISTR_LAV_PEN_2_TV_3(1.0),A,082036,RESPOP_AV,T,Y_GE15,TOTAL,ALL,4,ALL,ALL,2018,740,,,,,,,,ALL_N1,,,,,,,
IT1:DF_DCSS_ISTR_LAV_PEN_2_TV_3(1.0),A,082036,RESPOP_AV,T,Y_GE15,TOTAL,ALL,4,ALL,ALL,2019,703,,,,,,,,ALL_N1,,,,,,,
IT1:DF_DCSS_ISTR_LAV_PEN_2_TV_3(1.0),A,082036,RESPOP_AV,T,Y_GE15,TOTAL,ALL,4,ALL,ALL,2021,805.292040958375,,,,,,,,ALL_N1,,,,,,,
IT1:DF_DCSS_ISTR_LAV_PEN_2_TV_3(1.0),A,082036,RESPOP_AV,T,Y_GE15,TOTAL,ALL,4,ALL,ALL,2022,754.597840954246,,,,,,,,ALL_N1,,,,,,,
IT1:DF_DCSS_ISTR_LAV_PEN_2_TV_3(1.0),A,082036,RESPOP_AV,T,Y_GE15,TOTAL,ALL,4,ALL,ALL,2023,691.6296843985831,,,,,,,,ALL_N1,,,,,,,
IT1:DF_DCSS_ISTR_LAV_PEN_2_TV_3(1.0),A,082036,RESPOP_AV,T,Y_GE15,TOTAL,ALL,4,ALL,ALL,2024,705.1008542091573,,,,,,,,ALL_N1,,,,,,,
IT1:DF_DCSS_ISTR_LAV_PEN_2_TV_3(1.0),A,082036,RESPOP_AV,T,Y_GE15,TOTAL,ALL,5,ALL,ALL,2018,436,,,,,,,,ALL_N1,,,,,,,
IT1:DF_DCSS_ISTR_LAV_PEN_2_TV_3(1.0),A,082036,RESPOP_AV,T,Y_GE15,TOTAL,ALL,5,ALL,ALL,2019,469,,,,,,,,ALL_N1,,,,,,,
IT1:DF_DCSS_ISTR_LAV_PEN_2_TV_3(1.0),A,082036,RESPOP_AV,T,Y_GE15,TOTAL,ALL,5,ALL,ALL,2021,490.699602722543,,,,,,,,ALL_N1,,,,,,,
IT1:DF_DCSS_ISTR_LAV_PEN_2_TV_3(1.0),A,082036,RESPOP_AV,T,Y_GE15,TOTAL,ALL,5,ALL,ALL,2022,469.04691664761,,,,,,,,ALL_N1,,,,,,,
IT1:DF_DCSS_ISTR_LAV_PEN_2_TV_3(1.0),A,082036,RESPOP_AV,T,Y_GE15,TOTAL,ALL,5,ALL,ALL,2023,466.7245189733694,,,,,,,,ALL_N1,,,,,,,
IT1:DF_DCSS_ISTR_LAV_PEN_2_TV_3(1.0),A,082036,RESPOP_AV,T,Y_GE15,TOTAL,ALL,5,ALL,ALL,2024,467.10840165864397,,,,,,,,ALL_N1,,,,,,,
IT1:DF_DCSS_ISTR_LAV_PEN_2_TV_3(1.0),A,082036,RESPOP_AV,T,Y_GE15,TOTAL,ALL,7,ALL,ALL,2018,524,,,,,,,,ALL_N1,,,,,,,
IT1:DF_DCSS_ISTR_LAV_PEN_2_TV_3(1.0),A,082036,RESPOP_AV,T,Y_GE15,TOTAL,ALL,7,ALL,ALL,2019,441,,,,,,,,ALL_N1,,,,,,,
IT1:DF_DCSS_ISTR_LAV_PEN_2_TV_3(1.0),A,082036,RESPOP_AV,T,Y_GE15,TOTAL,ALL,7,ALL,ALL,2021,395.35964237635,,,,,,,,ALL_N1,,,,,,,
IT1:DF_DCSS_ISTR_LAV_PEN_2_TV_3(1.0),A,082036,RESPOP_AV,T,Y_GE15,TOTAL,ALL,7,ALL,ALL,2022,403.887558202324,,,,,,,,ALL_N1,,,,,,,
IT1:DF_DCSS_ISTR_LAV_PEN_2_TV_3(1.0),A,082036,RESPOP_AV,T,Y_GE15,TOTAL,ALL,7,ALL,ALL,2023,450.39855932925195,,,,,,,,ALL_N1,,,,,,,
IT1:DF_DCSS_ISTR_LAV_PEN_2_TV_3(1.0),A,082036,RESPOP_AV,T,Y_GE15,TOTAL,ALL,7,ALL,ALL,2024,444.07637474657497,,,,,,,,ALL_N1,,,,,,,
IT1:DF_DCSS_ISTR_LAV_PEN_2_TV_3(1.0),A,082036,RESPOP_AV,T,Y_GE15,TOTAL,ALL,99,ALL,ALL,2018,5850,,,,,,,,ALL_N1,99_N1,,,,,,
IT1:DF_DCSS_ISTR_LAV_PEN_2_TV_3(1.0),A,082036,RESPOP_AV,T,Y_GE15,TOTAL,ALL,99,ALL,ALL,2019,5791,,,,,,,,ALL_N1,99_N1,,,,,,
IT1:DF_DCSS_ISTR_LAV_PEN_2_TV_3(1.0),A,082036,RESPOP_AV,T,Y_GE15,TOTAL,ALL,99,ALL,ALL,2021,5557,,,,,,,,ALL_N1,99_N1,,,,,,
IT1:DF_DCSS_ISTR_LAV_PEN_2_TV_3(1.0),A,082036,RESPOP_AV,T,Y_GE15,TOTAL,ALL,99,ALL,ALL,2022,5490,,,,,,,,ALL_N1,99_N1,,,,,,
IT1:DF_DCSS_ISTR_LAV_PEN_2_TV_3(1.0),A,082036,RESPOP_AV,T,Y_GE15,TOTAL,ALL,99,ALL,ALL,2023,5405,,,,,,,,ALL_N1,99_N1,,,,,,
IT1:DF_DCSS_ISTR_LAV_PEN_2_TV_3(1.0),A,082036,RESPOP_AV,T,Y_GE15,TOTAL,ALL,99,ALL,ALL,2024,5421,,,,,,,,ALL_N1,99_N1,,,,,,
IT1:DF_DCSS_ISTR_LAV_PEN_2_TV_3(1.0),A,082037,RESPOP_AV,F,Y_GE15,TOTAL,ALL,1,ALL,ALL,2018,230,,,,,,,,ALL_N1,,,,,,,
IT1:DF_DCSS_ISTR_LAV_PEN_2_TV_3(1.0),A,082037,RESPOP_AV,F,Y_GE15,TOTAL,ALL,1,ALL,ALL,2019,238,,,,,,,,ALL_N1,,,,,,,
IT1:DF_DCSS_ISTR_LAV_PEN_2_TV_3(1.0),A,082037,RESPOP_AV,F,Y_GE15,TOTAL,ALL,1,ALL,ALL,2021,226,,,,,,,,ALL_N1,,,,,,,
IT1:DF_DCSS_ISTR_LAV_PEN_2_TV_3(1.0),A,082037,RESPOP_AV,F,Y_GE15,TOTAL,ALL,1,ALL,ALL,2022,238,,,,,,,,ALL_N1,,,,,,,
IT1:DF_DCSS_ISTR_LAV_PEN_2_TV_3(1.0),A,082037,RESPOP_AV,F,Y_GE15,TOTAL,ALL,1,ALL,ALL,2023,241,,,,,,,,ALL_N1,,,,,,,
IT1:DF_DCSS_ISTR_LAV_PEN_2_TV_3(1.0),A,082037,RESPOP_AV,F,Y_GE15,TOTAL,ALL,1,ALL,ALL,2024,234,,,,,,,,ALL_N1,,,,,,,
IT1:DF_DCSS_ISTR_LAV_PEN_2_TV_3(1.0),A,082037,RESPOP_AV,F,Y_GE15,TOTAL,ALL,12,ALL,ALL,2018,69,,,,,,,,ALL_N1,,,,,,,
IT1:DF_DCSS_ISTR_LAV_PEN_2_TV_3(1.0),A,082037,RESPOP_AV,F,Y_GE15,TOTAL,ALL,12,ALL,ALL,2019,58,,,,,,,,ALL_N1,,,,,,,
IT1:DF_DCSS_ISTR_LAV_PEN_2_TV_3(1.0),A,082037,RESPOP_AV,F,Y_GE15,TOTAL,ALL,12,ALL,ALL,2021,41.0068819472894,,,,,,,,ALL_N1,,,,,,,
IT1:DF_DCSS_ISTR_LAV_PEN_2_TV_3(1.0),A,082037,RESPOP_AV,F,Y_GE15,TOTAL,ALL,12,ALL,ALL,2022,42.3021449968511,,,,,,,,ALL_N1,,,,,,,
IT1:DF_DCSS_ISTR_LAV_PEN_2_TV_3(1.0),A,082037,RESPOP_AV,F,Y_GE15,TOTAL,ALL,12,ALL,ALL,2023,49.431498215770084,,,,,,,,ALL_N1,,,,,,,
IT1:DF_DCSS_ISTR_LAV_PEN_2_TV_3(1.0),A,082037,RESPOP_AV,F,Y_GE15,TOTAL,ALL,12,ALL,ALL,2024,38.50195666178241,,,,,,,,ALL_N1,,,,,,,
IT1:DF_DCSS_ISTR_LAV_PEN_2_TV_3(1.0),A,082037,RESPOP_AV,F,Y_GE15,TOTAL,ALL,22,ALL,ALL,2018,299,,,,,,,,ALL_N1,,,,,,,
IT1:DF_DCSS_ISTR_LAV_PEN_2_TV_3(1.0),A,082037,RESPOP_AV,F,Y_GE15,TOTAL,ALL,22,ALL,ALL,2019,296,,,,,,,,ALL_N1,,,,,,,
IT1:DF_DCSS_ISTR_LAV_PEN_2_TV_3(1.0),A,082037,RESPOP_AV,F,Y_GE15,TOTAL,ALL,22,ALL,ALL,2021,267.006881947289,,,,,,,,ALL_N1,,,,,,,
IT1:DF_DCSS_ISTR_LAV_PEN_2_TV_3(1.0),A,082037,RESPOP_AV,F,Y_GE15,TOTAL,ALL,22,ALL,ALL,2022,280.302144996851,,,,,,,,ALL_N1,,,,,,,
IT1:DF_DCSS_ISTR_LAV_PEN_2_TV_3(1.0),A,082037,RESPOP_AV,F,Y_GE15,TOTAL,ALL,22,ALL,ALL,2023,290.4314982157701,,,,,,,,ALL_N1,,,,,,,
IT1:DF_DCSS_ISTR_LAV_PEN_2_TV_3(1.0),A,082037,RESPOP_AV,F,Y_GE15,TOTAL,ALL,22,ALL,ALL,2024,272.5019566617824,,,,,,,,ALL_N1,,,,,,,
IT1:DF_DCSS_ISTR_LAV_PEN_2_TV_3(1.0),A,082037,RESPOP_AV,F,Y_GE15,TOTAL,ALL,23,ALL,ALL,2018,552,,,,,,,,ALL_N1,,,,,,,
IT1:DF_DCSS_ISTR_LAV_PEN_2_TV_3(1.0),A,082037,RESPOP_AV,F,Y_GE15,TOTAL,ALL,23,ALL,ALL,2019,549,,,,,,,,ALL_N1,,,,,,,
IT1:DF_DCSS_ISTR_LAV_PEN_2_TV_3(1.0),A,082037,RESPOP_AV,F,Y_GE15,TOTAL,ALL,23,ALL,ALL,2021,528.993118052711,,,,,,,,ALL_N1,,,,,,,
IT1:DF_DCSS_ISTR_LAV_PEN_2_TV_3(1.0),A,082037,RESPOP_AV,F,Y_GE15,TOTAL,ALL,23,ALL,ALL,2022,512.697855003149,,,,,,,,ALL_N1,,,,,,,
IT1:DF_DCSS_ISTR_LAV_PEN_2_TV_3(1.0),A,082037,RESPOP_AV,F,Y_GE15,TOTAL,ALL,23,ALL,ALL,2023,492.5685017842299,,,,,,,,ALL_N1,,,,,,,
IT1:DF_DCSS_ISTR_LAV_PEN_2_TV_3(1.0),A,082037,RESPOP_AV,F,Y_GE15,TOTAL,ALL,23,ALL,ALL,2024,487.49804333821754,,,,,,,,ALL_N1,,,,,,,
IT1:DF_DCSS_ISTR_LAV_PEN_2_TV_3(1.0),A,082037,RESPOP_AV,F,Y_GE15,TOTAL,ALL,24,ALL,ALL,2018,274,,,,,,,,ALL_N1,,,,,,,
IT1:DF_DCSS_ISTR_LAV_PEN_2_TV_3(1.0),A,082037,RESPOP_AV,F,Y_GE15,TOTAL,ALL,24,ALL,ALL,2019,283,,,,,,,,ALL_N1,,,,,,,
IT1:DF_DCSS_ISTR_LAV_PEN_2_TV_3(1.0),A,082037,RESPOP_AV,F,Y_GE15,TOTAL,ALL,24,ALL,ALL,2021,261.408229353106,,,,,,,,ALL_N1,,,,,,,
IT1:DF_DCSS_ISTR_LAV_PEN_2_TV_3(1.0),A,082037,RESPOP_AV,F,Y_GE15,TOTAL,ALL,24,ALL,ALL,2022,259.847901816168,,,,,,,,ALL_N1,,,,,,,
IT1:DF_DCSS_ISTR_LAV_PEN_2_TV_3(1.0),A,082037,RESPOP_AV,F,Y_GE15,TOTAL,ALL,24,ALL,ALL,2023,243.4732342872399,,,,,,,,ALL_N1,,,,,,,
IT1:DF_DCSS_ISTR_LAV_PEN_2_TV_3(1.0),A,082037,RESPOP_AV,F,Y_GE15,TOTAL,ALL,24,ALL,ALL,2024,235.67168608837426,,,,,,,,ALL_N1,,,,,,,
IT1:DF_DCSS_ISTR_LAV_PEN_2_TV_3(1.0),A,082037,RESPOP_AV,F,Y_GE15,TOTAL,ALL,4,ALL,ALL,2018,133,,,,,,,,ALL_N1,,,,,,,
IT1:DF_DCSS_ISTR_LAV_PEN_2_TV_3(1.0),A,082037,RESPOP_AV,F,Y_GE15,TOTAL,ALL,4,ALL,ALL,2019,128,,,,,,,,ALL_N1,,,,,,,
IT1:DF_DCSS_ISTR_LAV_PEN_2_TV_3(1.0),A,082037,RESPOP_AV,F,Y_GE15,TOTAL,ALL,4,ALL,ALL,2021,137.241658941015,,,,,,,,ALL_N1,,,,,,,
IT1:DF_DCSS_ISTR_LAV_PEN_2_TV_3(1.0),A,082037,RESPOP_AV,F,Y_GE15,TOTAL,ALL,4,ALL,ALL,2022,129.072893358148,,,,,,,,ALL_N1,,,,,,,
IT1:DF_DCSS_ISTR_LAV_PEN_2_TV_3(1.0),A,082037,RESPOP_AV,F,Y_GE15,TOTAL,ALL,4,ALL,ALL,2023,111.44512366393425,,,,,,,,ALL_N1,,,,,,,
IT1:DF_DCSS_ISTR_LAV_PEN_2_TV_3(1.0),A,082037,RESPOP_AV,F,Y_GE15,TOTAL,ALL,4,ALL,ALL,2024,116.02076534879438,,,,,,,,ALL_N1,,,,,,,
IT1:DF_DCSS_ISTR_LAV_PEN_2_TV_3(1.0),A,082037,RESPOP_AV,F,Y_GE15,TOTAL,ALL,5,ALL,ALL,2018,83,,,,,,,,ALL_N1,,,,,,,
IT1:DF_DCSS_ISTR_LAV_PEN_2_TV_3(1.0),A,082037,RESPOP_AV,F,Y_GE15,TOTAL,ALL,5,ALL,ALL,2019,87,,,,,,,,ALL_N1,,,,,,,
IT1:DF_DCSS_ISTR_LAV_PEN_2_TV_3(1.0),A,082037,RESPOP_AV,F,Y_GE15,TOTAL,ALL,5,ALL,ALL,2021,72.4478574857662,,,,,,,,ALL_N1,,,,,,,
IT1:DF_DCSS_ISTR_LAV_PEN_2_TV_3(1.0),A,082037,RESPOP_AV,F,Y_GE15,TOTAL,ALL,5,ALL,ALL,2022,68.3981054235141,,,,,,,,ALL_N1,,,,,,,
IT1:DF_DCSS_ISTR_LAV_PEN_2_TV_3(1.0),A,082037,RESPOP_AV,F,Y_GE15,TOTAL,ALL,5,ALL,ALL,2023,75.46570542895542,,,,,,,,ALL_N1,,,,,,,
IT1:DF_DCSS_ISTR_LAV_PEN_2_TV_3(1.0),A,082037,RESPOP_AV,F,Y_GE15,TOTAL,ALL,5,ALL,ALL,2024,69.36354463105002,,,,,,,,ALL_N1,,,,,,,
IT1:DF_DCSS_ISTR_LAV_PEN_2_TV_3(1.0),A,082037,RESPOP_AV,F,Y_GE15,TOTAL,ALL,7,ALL,ALL,2018,63,,,,,,,,ALL_N1,,,,,,,
IT1:DF_DCSS_ISTR_LAV_PEN_2_TV_3(1.0),A,082037,RESPOP_AV,F,Y_GE15,TOTAL,ALL,7,ALL,ALL,2019,51,,,,,,,,ALL_N1,,,,,,,
IT1:DF_DCSS_ISTR_LAV_PEN_2_TV_3(1.0),A,082037,RESPOP_AV,F,Y_GE15,TOTAL,ALL,7,ALL,ALL,2021,57.8953722728233,,,,,,,,ALL_N1,,,,,,,
IT1:DF_DCSS_ISTR_LAV_PEN_2_TV_3(1.0),A,082037,RESPOP_AV,F,Y_GE15,TOTAL,ALL,7,ALL,ALL,2022,55.3789544053191,,,,,,,,ALL_N1,,,,,,,
IT1:DF_DCSS_ISTR_LAV_PEN_2_TV_3(1.0),A,082037,RESPOP_AV,F,Y_GE15,TOTAL,ALL,7,ALL,ALL,2023,62.18443840410031,,,,,,,,ALL_N1,,,,,,,
IT1:DF_DCSS_ISTR_LAV_PEN_2_TV_3(1.0),A,082037,RESPOP_AV,F,Y_GE15,TOTAL,ALL,7,ALL,ALL,2024,66.44204726999891,,,,,,,,ALL_N1,,,,,,,
IT1:DF_DCSS_ISTR_LAV_PEN_2_TV_3(1.0),A,082037,RESPOP_AV,F,Y_GE15,TOTAL,ALL,99,ALL,ALL,2018,851,,,,,,,,ALL_N1,99_N1,,,,,,
IT1:DF_DCSS_ISTR_LAV_PEN_2_TV_3(1.0),A,082037,RESPOP_AV,F,Y_GE15,TOTAL,ALL,99,ALL,ALL,2019,844,,,,,,,,ALL_N1,99_N1,,,,,,
IT1:DF_DCSS_ISTR_LAV_PEN_2_TV_3(1.0),A,082037,RESPOP_AV,F,Y_GE15,TOTAL,ALL,99,ALL,ALL,2021,796,,,,,,,,ALL_N1,99_N1,,,,,,
IT1:DF_DCSS_ISTR_LAV_PEN_2_TV_3(1.0),A,082037,RESPOP_AV,F,Y_GE15,TOTAL,ALL,99,ALL,ALL,2022,793,,,,,,,,ALL_N1,99_N1,,,,,,
IT1:DF_DCSS_ISTR_LAV_PEN_2_TV_3(1.0),A,082037,RESPOP_AV,F,Y_GE15,TOTAL,ALL,99,ALL,ALL,2023,783,,,,,,,,ALL_N1,99_N1,,,,,,
IT1:DF_DCSS_ISTR_LAV_PEN_2_TV_3(1.0),A,082037,RESPOP_AV,F,Y_GE15,TOTAL,ALL,99,ALL,ALL,2024,760,,,,,,,,ALL_N1,99_N1,,,,,,
IT1:DF_DCSS_ISTR_LAV_PEN_2_TV_3(1.0),A,082037,RESPOP_AV,M,Y_GE15,TOTAL,ALL,1,ALL,ALL,2018,325,,,,,,,,ALL_N1,,,,,,,
IT1:DF_DCSS_ISTR_LAV_PEN_2_TV_3(1.0),A,082037,RESPOP_AV,M,Y_GE15,TOTAL,ALL,1,ALL,ALL,2019,340,,,,,,,,ALL_N1,,,,,,,
IT1:DF_DCSS_ISTR_LAV_PEN_2_TV_3(1.0),A,082037,RESPOP_AV,M,Y_GE15,TOTAL,ALL,1,ALL,ALL,2021,353,,,,,,,,ALL_N1,,,,,,,
IT1:DF_DCSS_ISTR_LAV_PEN_2_TV_3(1.0),A,082037,RESPOP_AV,M,Y_GE15,TOTAL,ALL,1,ALL,ALL,2022,380,,,,,,,,ALL_N1,,,,,,,
IT1:DF_DCSS_ISTR_LAV_PEN_2_TV_3(1.0),A,082037,RESPOP_AV,M,Y_GE15,TOTAL,ALL,1,ALL,ALL,2023,406,,,,,,,,ALL_N1,,,,,,,
IT1:DF_DCSS_ISTR_LAV_PEN_2_TV_3(1.0),A,082037,RESPOP_AV,M,Y_GE15,TOTAL,ALL,1,ALL,ALL,2024,422,,,,,,,,ALL_N1,,,,,,,
IT1:DF_DCSS_ISTR_LAV_PEN_2_TV_3(1.0),A,082037,RESPOP_AV,M,Y_GE15,TOTAL,ALL,12,ALL,ALL,2018,70,,,,,,,,ALL_N1,,,,,,,
IT1:DF_DCSS_ISTR_LAV_PEN_2_TV_3(1.0),A,082037,RESPOP_AV,M,Y_GE15,TOTAL,ALL,12,ALL,ALL,2019,55,,,,,,,,ALL_N1,,,,,,,
IT1:DF_DCSS_ISTR_LAV_PEN_2_TV_3(1.0),A,082037,RESPOP_AV,M,Y_GE15,TOTAL,ALL,12,ALL,ALL,2021,44.2122774317362,,,,,,,,ALL_N1,,,,,,,
IT1:DF_DCSS_ISTR_LAV_PEN_2_TV_3(1.0),A,082037,RESPOP_AV,M,Y_GE15,TOTAL,ALL,12,ALL,ALL,2022,36.651760699116,,,,,,,,ALL_N1,,,,,,,
IT1:DF_DCSS_ISTR_LAV_PEN_2_TV_3(1.0),A,082037,RESPOP_AV,M,Y_GE15,TOTAL,ALL,12,ALL,ALL,2023,35.52810648281475,,,,,,,,ALL_N1,,,,,,,
IT1:DF_DCSS_ISTR_LAV_PEN_2_TV_3(1.0),A,082037,RESPOP_AV,M,Y_GE15,TOTAL,ALL,12,ALL,ALL,2024,31.148869103048877,,,,,,,,ALL_N1,,,,,,,
IT1:DF_DCSS_ISTR_LAV_PEN_2_TV_3(1.0),A,082037,RESPOP_AV,M,Y_GE15,TOTAL,ALL,22,ALL,ALL,2018,395,,,,,,,,ALL_N1,,,,,,,
IT1:DF_DCSS_ISTR_LAV_PEN_2_TV_3(1.0),A,082037,RESPOP_AV,M,Y_GE15,TOTAL,ALL,22,ALL,ALL,2019,395,,,,,,,,ALL_N1,,,,,,,
IT1:DF_DCSS_ISTR_LAV_PEN_2_TV_3(1.0),A,082037,RESPOP_AV,M,Y_GE15,TOTAL,ALL,22,ALL,ALL,2021,397.212277431736,,,,,,,,ALL_N1,,,,,,,
IT1:DF_DCSS_ISTR_LAV_PEN_2_TV_3(1.0),A,082037,RESPOP_AV,M,Y_GE15,TOTAL,ALL,22,ALL,ALL,2022,416.651760699116,,,,,,,,ALL_N1,,,,,,,
IT1:DF_DCSS_ISTR_LAV_PEN_2_TV_3(1.0),A,082037,RESPOP_AV,M,Y_GE15,TOTAL,ALL,22,ALL,ALL,2023,441.52810648281474,,,,,,,,ALL_N1,,,,,,,
IT1:DF_DCSS_ISTR_LAV_PEN_2_TV_3(1.0),A,082037,RESPOP_AV,M,Y_GE15,TOTAL,ALL,22,ALL,ALL,2024,453.14886910304887,,,,,,,,ALL_N1,,,,,,,
IT1:DF_DCSS_ISTR_LAV_PEN_2_TV_3(1.0),A,082037,RESPOP_AV,M,Y_GE15,TOTAL,ALL,23,ALL,ALL,2018,393,,,,,,,,ALL_N1,,,,,,,
IT1:DF_DCSS_ISTR_LAV_PEN_2_TV_3(1.0),A,082037,RESPOP_AV,M,Y_GE15,TOTAL,ALL,23,ALL,ALL,2019,377,,,,,,,,ALL_N1,,,,,,,
IT1:DF_DCSS_ISTR_LAV_PEN_2_TV_3(1.0),A,082037,RESPOP_AV,M,Y_GE15,TOTAL,ALL,23,ALL,ALL,2021,368.787722568264,,,,,,,,ALL_N1,,,,,,,
IT1:DF_DCSS_ISTR_LAV_PEN_2_TV_3(1.0),A,082037,RESPOP_AV,M,Y_GE15,TOTAL,ALL,23,ALL,ALL,2022,345.348239300884,,,,,,,,ALL_N1,,,,,,,
IT1:DF_DCSS_ISTR_LAV_PEN_2_TV_3(1.0),A,082037,RESPOP_AV,M,Y_GE15,TOTAL,ALL,23,ALL,ALL,2023,311.4718935171852,,,,,,,,ALL_N1,,,,,,,
IT1:DF_DCSS_ISTR_LAV_PEN_2_TV_3(1.0),A,082037,RESPOP_AV,M,Y_GE15,TOTAL,ALL,23,ALL,ALL,2024,305.8511308969511,,,,,,,,ALL_N1,,,,,,,
IT1:DF_DCSS_ISTR_LAV_PEN_2_TV_3(1.0),A,082037,RESPOP_AV,M,Y_GE15,TOTAL,ALL,24,ALL,ALL,2018,222,,,,,,,,ALL_N1,,,,,,,
IT1:DF_DCSS_ISTR_LAV_PEN_2_TV_3(1.0),A,082037,RESPOP_AV,M,Y_GE15,TOTAL,ALL,24,ALL,ALL,2019,225,,,,,,,,ALL_N1,,,,,,,
IT1:DF_DCSS_ISTR_LAV_PEN_2_TV_3(1.0),A,082037,RESPOP_AV,M,Y_GE15,TOTAL,ALL,24,ALL,ALL,2021,215.928109286835,,,,,,,,ALL_N1,,,,,,,
IT1:DF_DCSS_ISTR_LAV_PEN_2_TV_3(1.0),A,082037,RESPOP_AV,M,Y_GE15,TOTAL,ALL,24,ALL,ALL,2022,215.957371793044,,,,,,,,ALL_N1,,,,,,,
IT1:DF_DCSS_ISTR_LAV_PEN_2_TV_3(1.0),A,082037,RESPOP_AV,M,Y_GE15,TOTAL,ALL,24,ALL,ALL,2023,194.31833524418897,,,,,,,,ALL_N1,,,,,,,
IT1:DF_DCSS_ISTR_LAV_PEN_2_TV_3(1.0),A,082037,RESPOP_AV,M,Y_GE15,TOTAL,ALL,24,ALL,ALL,2024,188.15694811580929,,,,,,,,ALL_N1,,,,,,,
IT1:DF_DCSS_ISTR_LAV_PEN_2_TV_3(1.0),A,082037,RESPOP_AV,M,Y_GE15,TOTAL,ALL,4,ALL,ALL,2018,4,,,,,,,,ALL_N1,,,,,,,
IT1:DF_DCSS_ISTR_LAV_PEN_2_TV_3(1.0),A,082037,RESPOP_AV,M,Y_GE15,TOTAL,ALL,4,ALL,ALL,2019,4,,,,,,,,ALL_N1,,,,,,,
IT1:DF_DCSS_ISTR_LAV_PEN_2_TV_3(1.0),A,082037,RESPOP_AV,M,Y_GE15,TOTAL,ALL,4,ALL,ALL,2021,8.245702199896,,,,,,,,ALL_N1,,,,,,,
IT1:DF_DCSS_ISTR_LAV_PEN_2_TV_3(1.0),A,082037,RESPOP_AV,M,Y_GE15,TOTAL,ALL,4,ALL,ALL,2022,7.16742442893096,,,,,,,,ALL_N1,,,,,,,
IT1:DF_DCSS_ISTR_LAV_PEN_2_TV_3(1.0),A,082037,RESPOP_AV,M,Y_GE15,TOTAL,ALL,4,ALL,ALL,2023,5.171151932271161,,,,,,,,ALL_N1,,,,,,,
IT1:DF_DCSS_ISTR_LAV_PEN_2_TV_3(1.0),A,082037,RESPOP_AV,M,Y_GE15,TOTAL,ALL,4,ALL,ALL,2024,5.272744637056565,,,,,,,,ALL_N1,,,,,,,
IT1:DF_DCSS_ISTR_LAV_PEN_2_TV_3(1.0),A,082037,RESPOP_AV,M,Y_GE15,TOTAL,ALL,5,ALL,ALL,2018,84,,,,,,,,ALL_N1,,,,,,,
IT1:DF_DCSS_ISTR_LAV_PEN_2_TV_3(1.0),A,082037,RESPOP_AV,M,Y_GE15,TOTAL,ALL,5,ALL,ALL,2019,85,,,,,,,,ALL_N1,,,,,,,
IT1:DF_DCSS_ISTR_LAV_PEN_2_TV_3(1.0),A,082037,RESPOP_AV,M,Y_GE15,TOTAL,ALL,5,ALL,ALL,2021,66.3028163488325,,,,,,,,ALL_N1,,,,,,,
IT1:DF_DCSS_ISTR_LAV_PEN_2_TV_3(1.0),A,082037,RESPOP_AV,M,Y_GE15,TOTAL,ALL,5,ALL,ALL,2022,57.5793828929605,,,,,,,,ALL_N1,,,,,,,
IT1:DF_DCSS_ISTR_LAV_PEN_2_TV_3(1.0),A,082037,RESPOP_AV,M,Y_GE15,TOTAL,ALL,5,ALL,ALL,2023,54.08735216967728,,,,,,,,ALL_N1,,,,,,,
IT1:DF_DCSS_ISTR_LAV_PEN_2_TV_3(1.0),A,082037,RESPOP_AV,M,Y_GE15,TOTAL,ALL,5,ALL,ALL,2024,44.523116627211756,,,,,,,,ALL_N1,,,,,,,
IT1:DF_DCSS_ISTR_LAV_PEN_2_TV_3(1.0),A,082037,RESPOP_AV,M,Y_GE15,TOTAL,ALL,7,ALL,ALL,2018,83,,,,,,,,ALL_N1,,,,,,,
IT1:DF_DCSS_ISTR_LAV_PEN_2_TV_3(1.0),A,082037,RESPOP_AV,M,Y_GE15,TOTAL,ALL,7,ALL,ALL,2019,63,,,,,,,,ALL_N1,,,,,,,
IT1:DF_DCSS_ISTR_LAV_PEN_2_TV_3(1.0),A,082037,RESPOP_AV,M,Y_GE15,TOTAL,ALL,7,ALL,ALL,2021,78.3110947327007,,,,,,,,ALL_N1,,,,,,,
IT1:DF_DCSS_ISTR_LAV_PEN_2_TV_3(1.0),A,082037,RESPOP_AV,M,Y_GE15,TOTAL,ALL,7,ALL,ALL,2022,64.6440601859485,,,,,,,,ALL_N1,,,,,,,
IT1:DF_DCSS_ISTR_LAV_PEN_2_TV_3(1.0),A,082037,RESPOP_AV,M,Y_GE15,TOTAL,ALL,7,ALL,ALL,2023,57.8950541710478,,,,,,,,ALL_N1,,,,,,,
IT1:DF_DCSS_ISTR_LAV_PEN_2_TV_3(1.0),A,082037,RESPOP_AV,M,Y_GE15,TOTAL,ALL,7,ALL,ALL,2024,67.89832151687347,,,,,,,,ALL_N1,,,,,,,
IT1:DF_DCSS_ISTR_LAV_PEN_2_TV_3(1.0),A,082037,RESPOP_AV,M,Y_GE15,TOTAL,ALL,99,ALL,ALL,2018,787,,,,,,,,ALL_N1,99_N1,,,,,,
IT1:DF_DCSS_ISTR_LAV_PEN_2_TV_3(1.0),A,082037,RESPOP_AV,M,Y_GE15,TOTAL,ALL,99,ALL,ALL,2019,772,,,,,,,,ALL_N1,99_N1,,,,,,
IT1:DF_DCSS_ISTR_LAV_PEN_2_TV_3(1.0),A,082037,RESPOP_AV,M,Y_GE15,TOTAL,ALL,99,ALL,ALL,2021,766,,,,,,,,ALL_N1,99_N1,,,,,,
IT1:DF_DCSS_ISTR_LAV_PEN_2_TV_3(1.0),A,082037,RESPOP_AV,M,Y_GE15,TOTAL,ALL,99,ALL,ALL,2022,762,,,,,,,,ALL_N1,99_N1,,,,,,
IT1:DF_DCSS_ISTR_LAV_PEN_2_TV_3(1.0),A,082037,RESPOP_AV,M,Y_GE15,TOTAL,ALL,99,ALL,ALL,2023,753,,,,,,,,ALL_N1,99_N1,,,,,,
IT1:DF_DCSS_ISTR_LAV_PEN_2_TV_3(1.0),A,082037,RESPOP_AV,M,Y_GE15,TOTAL,ALL,99,ALL,ALL,2024,759,,,,,,,,ALL_N1,99_N1,,,,,,
IT1:DF_DCSS_ISTR_LAV_PEN_2_TV_3(1.0),A,082037,RESPOP_AV,T,Y_GE15,TOTAL,ALL,1,ALL,ALL,2018,555,,,,,,,,ALL_N1,,,,,,,
IT1:DF_DCSS_ISTR_LAV_PEN_2_TV_3(1.0),A,082037,RESPOP_AV,T,Y_GE15,TOTAL,ALL,1,ALL,ALL,2019,578,,,,,,,,ALL_N1,,,,,,,
IT1:DF_DCSS_ISTR_LAV_PEN_2_TV_3(1.0),A,082037,RESPOP_AV,T,Y_GE15,TOTAL,ALL,1,ALL,ALL,2021,579,,,,,,,,ALL_N1,,,,,,,
IT1:DF_DCSS_ISTR_LAV_PEN_2_TV_3(1.0),A,082037,RESPOP_AV,T,Y_GE15,TOTAL,ALL,1,ALL,ALL,2022,618,,,,,,,,ALL_N1,,,,,,,
IT1:DF_DCSS_ISTR_LAV_PEN_2_TV_3(1.0),A,082037,RESPOP_AV,T,Y_GE15,TOTAL,ALL,1,ALL,ALL,2023,647,,,,,,,,ALL_N1,,,,,,,
IT1:DF_DCSS_ISTR_LAV_PEN_2_TV_3(1.0),A,082037,RESPOP_AV,T,Y_GE15,TOTAL,ALL,1,ALL,ALL,2024,656,,,,,,,,ALL_N1,,,,,,,
IT1:DF_DCSS_ISTR_LAV_PEN_2_TV_3(1.0),A,082037,RESPOP_AV,T,Y_GE15,TOTAL,ALL,12,ALL,ALL,2018,139,,,,,,,,ALL_N1,,,,,,,
IT1:DF_DCSS_ISTR_LAV_PEN_2_TV_3(1.0),A,082037,RESPOP_AV,T,Y_GE15,TOTAL,ALL,12,ALL,ALL,2019,113,,,,,,,,ALL_N1,,,,,,,
IT1:DF_DCSS_ISTR_LAV_PEN_2_TV_3(1.0),A,082037,RESPOP_AV,T,Y_GE15,TOTAL,ALL,12,ALL,ALL,2021,85.2191593790256,,,,,,,,ALL_N1,,,,,,,
IT1:DF_DCSS_ISTR_LAV_PEN_2_TV_3(1.0),A,082037,RESPOP_AV,T,Y_GE15,TOTAL,ALL,12,ALL,ALL,2022,78.9539056959671,,,,,,,,ALL_N1,,,,,,,
IT1:DF_DCSS_ISTR_LAV_PEN_2_TV_3(1.0),A,082037,RESPOP_AV,T,Y_GE15,TOTAL,ALL,12,ALL,ALL,2023,84.95960469858483,,,,,,,,ALL_N1,,,,,,,
IT1:DF_DCSS_ISTR_LAV_PEN_2_TV_3(1.0),A,082037,RESPOP_AV,T,Y_GE15,TOTAL,ALL,12,ALL,ALL,2024,69.65082576483128,,,,,,,,ALL_N1,,,,,,,
IT1:DF_DCSS_ISTR_LAV_PEN_2_TV_3(1.0),A,082037,RESPOP_AV,T,Y_GE15,TOTAL,ALL,22,ALL,ALL,2018,694,,,,,,,,ALL_N1,,,,,,,
IT1:DF_DCSS_ISTR_LAV_PEN_2_TV_3(1.0),A,082037,RESPOP_AV,T,Y_GE15,TOTAL,ALL,22,ALL,ALL,2019,691,,,,,,,,ALL_N1,,,,,,,
IT1:DF_DCSS_ISTR_LAV_PEN_2_TV_3(1.0),A,082037,RESPOP_AV,T,Y_GE15,TOTAL,ALL,22,ALL,ALL,2021,664.219159379026,,,,,,,,ALL_N1,,,,,,,
IT1:DF_DCSS_ISTR_LAV_PEN_2_TV_3(1.0),A,082037,RESPOP_AV,T,Y_GE15,TOTAL,ALL,22,ALL,ALL,2022,696.953905695967,,,,,,,,ALL_N1,,,,,,,
IT1:DF_DCSS_ISTR_LAV_PEN_2_TV_3(1.0),A,082037,RESPOP_AV,T,Y_GE15,TOTAL,ALL,22,ALL,ALL,2023,731.9596046985848,,,,,,,,ALL_N1,,,,,,,
IT1:DF_DCSS_ISTR_LAV_PEN_2_TV_3(1.0),A,082037,RESPOP_AV,T,Y_GE15,TOTAL,ALL,22,ALL,ALL,2024,725.6508257648313,,,,,,,,ALL_N1,,,,,,,
IT1:DF_DCSS_ISTR_LAV_PEN_2_TV_3(1.0),A,082037,RESPOP_AV,T,Y_GE15,TOTAL,ALL,23,ALL,ALL,2018,945,,,,,,,,ALL_N1,,,,,,,
IT1:DF_DCSS_ISTR_LAV_PEN_2_TV_3(1.0),A,082037,RESPOP_AV,T,Y_GE15,TOTAL,ALL,23,ALL,ALL,2019,926,,,,,,,,ALL_N1,,,,,,,
IT1:DF_DCSS_ISTR_LAV_PEN_2_TV_3(1.0),A,082037,RESPOP_AV,T,Y_GE15,TOTAL,ALL,23,ALL,ALL,2021,897.780840620974,,,,,,,,ALL_N1,,,,,,,
IT1:DF_DCSS_ISTR_LAV_PEN_2_TV_3(1.0),A,082037,RESPOP_AV,T,Y_GE15,TOTAL,ALL,23,ALL,ALL,2022,858.046094304033,,,,,,,,ALL_N1,,,,,,,
IT1:DF_DCSS_ISTR_LAV_PEN_2_TV_3(1.0),A,082037,RESPOP_AV,T,Y_GE15,TOTAL,ALL,23,ALL,ALL,2023,804.0403953014151,,,,,,,,ALL_N1,,,,,,,
IT1:DF_DCSS_ISTR_LAV_PEN_2_TV_3(1.0),A,082037,RESPOP_AV,T,Y_GE15,TOTAL,ALL,23,ALL,ALL,2024,793.3491742351687,,,,,,,,ALL_N1,,,,,,,
IT1:DF_DCSS_ISTR_LAV_PEN_2_TV_3(1.0),A,082037,RESPOP_AV,T,Y_GE15,TOTAL,ALL,24,ALL,ALL,2018,495,,,,,,,,ALL_N1,,,,,,,
IT1:DF_DCSS_ISTR_LAV_PEN_2_TV_3(1.0),A,082037,RESPOP_AV,T,Y_GE15,TOTAL,ALL,24,ALL,ALL,2019,508,,,,,,,,ALL_N1,,,,,,,
IT1:DF_DCSS_ISTR_LAV_PEN_2_TV_3(1.0),A,082037,RESPOP_AV,T,Y_GE15,TOTAL,ALL,24,ALL,ALL,2021,477.33633863994,,,,,,,,ALL_N1,,,,,,,
IT1:DF_DCSS_ISTR_LAV_PEN_2_TV_3(1.0),A,082037,RESPOP_AV,T,Y_GE15,TOTAL,ALL,24,ALL,ALL,2022,475.805273609212,,,,,,,,ALL_N1,,,,,,,
IT1:DF_DCSS_ISTR_LAV_PEN_2_TV_3(1.0),A,082037,RESPOP_AV,T,Y_GE15,TOTAL,ALL,24,ALL,ALL,2023,437.7915695314289,,,,,,,,ALL_N1,,,,,,,
IT1:DF_DCSS_ISTR_LAV_PEN_2_TV_3(1.0),A,082037,RESPOP_AV,T,Y_GE15,TOTAL,ALL,24,ALL,ALL,2024,423.8286342041835,,,,,,,,ALL_N1,,,,,,,
IT1:DF_DCSS_ISTR_LAV_PEN_2_TV_3(1.0),A,082037,RESPOP_AV,T,Y_GE15,TOTAL,ALL,4,ALL,ALL,2018,137,,,,,,,,ALL_N1,,,,,,,
IT1:DF_DCSS_ISTR_LAV_PEN_2_TV_3(1.0),A,082037,RESPOP_AV,T,Y_GE15,TOTAL,ALL,4,ALL,ALL,2019,132,,,,,,,,ALL_N1,,,,,,,
IT1:DF_DCSS_ISTR_LAV_PEN_2_TV_3(1.0),A,082037,RESPOP_AV,T,Y_GE15,TOTAL,ALL,4,ALL,ALL,2021,145.487361140911,,,,,,,,ALL_N1,,,,,,,
IT1:DF_DCSS_ISTR_LAV_PEN_2_TV_3(1.0),A,082037,RESPOP_AV,T,Y_GE15,TOTAL,ALL,4,ALL,ALL,2022,136.240317787079,,,,,,,,ALL_N1,,,,,,,
IT1:DF_DCSS_ISTR_LAV_PEN_2_TV_3(1.0),A,082037,RESPOP_AV,T,Y_GE15,TOTAL,ALL,4,ALL,ALL,2023,116.61627559620541,,,,,,,,ALL_N1,,,,,,,
IT1:DF_DCSS_ISTR_LAV_PEN_2_TV_3(1.0),A,082037,RESPOP_AV,T,Y_GE15,TOTAL,ALL,4,ALL,ALL,2024,121.29350998585095,,,,,,,,ALL_N1,,,,,,,
IT1:DF_DCSS_ISTR_LAV_PEN_2_TV_3(1.0),A,082037,RESPOP_AV,T,Y_GE15,TOTAL,ALL,5,ALL,ALL,2018,167,,,,,,,,ALL_N1,,,,,,,
IT1:DF_DCSS_ISTR_LAV_PEN_2_TV_3(1.0),A,082037,RESPOP_AV,T,Y_GE15,TOTAL,ALL,5,ALL,ALL,2019,172,,,,,,,,ALL_N1,,,,,,,
IT1:DF_DCSS_ISTR_LAV_PEN_2_TV_3(1.0),A,082037,RESPOP_AV,T,Y_GE15,TOTAL,ALL,5,ALL,ALL,2021,138.750673834599,,,,,,,,ALL_N1,,,,,,,
IT1:DF_DCSS_ISTR_LAV_PEN_2_TV_3(1.0),A,082037,RESPOP_AV,T,Y_GE15,TOTAL,ALL,5,ALL,ALL,2022,125.977488316475,,,,,,,,ALL_N1,,,,,,,
IT1:DF_DCSS_ISTR_LAV_PEN_2_TV_3(1.0),A,082037,RESPOP_AV,T,Y_GE15,TOTAL,ALL,5,ALL,ALL,2023,129.55305759863268,,,,,,,,ALL_N1,,,,,,,
IT1:DF_DCSS_ISTR_LAV_PEN_2_TV_3(1.0),A,082037,RESPOP_AV,T,Y_GE15,TOTAL,ALL,5,ALL,ALL,2024,113.88666125826177,,,,,,,,ALL_N1,,,,,,,
IT1:DF_DCSS_ISTR_LAV_PEN_2_TV_3(1.0),A,082037,RESPOP_AV,T,Y_GE15,TOTAL,ALL,7,ALL,ALL,2018,146,,,,,,,,ALL_N1,,,,,,,
IT1:DF_DCSS_ISTR_LAV_PEN_2_TV_3(1.0),A,082037,RESPOP_AV,T,Y_GE15,TOTAL,ALL,7,ALL,ALL,2019,114,,,,,,,,ALL_N1,,,,,,,
IT1:DF_DCSS_ISTR_LAV_PEN_2_TV_3(1.0),A,082037,RESPOP_AV,T,Y_GE15,TOTAL,ALL,7,ALL,ALL,2021,136.206467005524,,,,,,,,ALL_N1,,,,,,,
IT1:DF_DCSS_ISTR_LAV_PEN_2_TV_3(1.0),A,082037,RESPOP_AV,T,Y_GE15,TOTAL,ALL,7,ALL,ALL,2022,120.023014591268,,,,,,,,ALL_N1,,,,,,,
IT1:DF_DCSS_ISTR_LAV_PEN_2_TV_3(1.0),A,082037,RESPOP_AV,T,Y_GE15,TOTAL,ALL,7,ALL,ALL,2023,120.07949257514811,,,,,,,,ALL_N1,,,,,,,
IT1:DF_DCSS_ISTR_LAV_PEN_2_TV_3(1.0),A,082037,RESPOP_AV,T,Y_GE15,TOTAL,ALL,7,ALL,ALL,2024,134.34036878687238,,,,,,,,ALL_N1,,,,,,,
IT1:DF_DCSS_ISTR_LAV_PEN_2_TV_3(1.0),A,082037,RESPOP_AV,T,Y_GE15,TOTAL,ALL,99,ALL,ALL,2018,1638,,,,,,,,ALL_N1,99_N1,,,,,,
IT1:DF_DCSS_ISTR_LAV_PEN_2_TV_3(1.0),A,082037,RESPOP_AV,T,Y_GE15,TOTAL,ALL,99,ALL,ALL,2019,1616,,,,,,,,ALL_N1,99_N1,,,,,,
IT1:DF_DCSS_ISTR_LAV_PEN_2_TV_3(1.0),A,082037,RESPOP_AV,T,Y_GE15,TOTAL,ALL,99,ALL,ALL,2021,1562,,,,,,,,ALL_N1,99_N1,,,,,,
IT1:DF_DCSS_ISTR_LAV_PEN_2_TV_3(1.0),A,082037,RESPOP_AV,T,Y_GE15,TOTAL,ALL,99,ALL,ALL,2022,1555,,,,,,,,ALL_N1,99_N1,,,,,,
IT1:DF_DCSS_ISTR_LAV_PEN_2_TV_3(1.0),A,082037,RESPOP_AV,T,Y_GE15,TOTAL,ALL,99,ALL,ALL,2023,1536,,,,,,,,ALL_N1,99_N1,,,,,,
IT1:DF_DCSS_ISTR_LAV_PEN_2_TV_3(1.0),A,082037,RESPOP_AV,T,Y_GE15,TOTAL,ALL,99,ALL,ALL,2024,1519,,,,,,,,ALL_N1,99_N1,,,,,,
IT1:DF_DCSS_ISTR_LAV_PEN_2_TV_3(1.0),A,082038,RESPOP_AV,F,Y_GE15,TOTAL,ALL,1,ALL,ALL,2018,191,,,,,,,,ALL_N1,,,,,,,
IT1:DF_DCSS_ISTR_LAV_PEN_2_TV_3(1.0),A,082038,RESPOP_AV,F,Y_GE15,TOTAL,ALL,1,ALL,ALL,2019,190,,,,,,,,ALL_N1,,,,,,,
IT1:DF_DCSS_ISTR_LAV_PEN_2_TV_3(1.0),A,082038,RESPOP_AV,F,Y_GE15,TOTAL,ALL,1,ALL,ALL,2021,208,,,,,,,,ALL_N1,,,,,,,
IT1:DF_DCSS_ISTR_LAV_PEN_2_TV_3(1.0),A,082038,RESPOP_AV,F,Y_GE15,TOTAL,ALL,1,ALL,ALL,2022,209,,,,,,,,ALL_N1,,,,,,,
IT1:DF_DCSS_ISTR_LAV_PEN_2_TV_3(1.0),A,082038,RESPOP_AV,F,Y_GE15,TOTAL,ALL,1,ALL,ALL,2023,227,,,,,,,,ALL_N1,,,,,,,
IT1:DF_DCSS_ISTR_LAV_PEN_2_TV_3(1.0),A,082038,RESPOP_AV,F,Y_GE15,TOTAL,ALL,1,ALL,ALL,2024,247,,,,,,,,ALL_N1,,,,,,,
IT1:DF_DCSS_ISTR_LAV_PEN_2_TV_3(1.0),A,082038,RESPOP_AV,F,Y_GE15,TOTAL,ALL,12,ALL,ALL,2018,85,,,,,,,,ALL_N1,,,,,,,
IT1:DF_DCSS_ISTR_LAV_PEN_2_TV_3(1.0),A,082038,RESPOP_AV,F,Y_GE15,TOTAL,ALL,12,ALL,ALL,2019,88,,,,,,,,ALL_N1,,,,,,,
IT1:DF_DCSS_ISTR_LAV_PEN_2_TV_3(1.0),A,082038,RESPOP_AV,F,Y_GE15,TOTAL,ALL,12,ALL,ALL,2021,52.0203925632601,,,,,,,,ALL_N1,,,,,,,
IT1:DF_DCSS_ISTR_LAV_PEN_2_TV_3(1.0),A,082038,RESPOP_AV,F,Y_GE15,TOTAL,ALL,12,ALL,ALL,2022,50.2223543943784,,,,,,,,ALL_N1,,,,,,,
IT1:DF_DCSS_ISTR_LAV_PEN_2_TV_3(1.0),A,082038,RESPOP_AV,F,Y_GE15,TOTAL,ALL,12,ALL,ALL,2023,47.88085080858818,,,,,,,,ALL_N1,,,,,,,
IT1:DF_DCSS_ISTR_LAV_PEN_2_TV_3(1.0),A,082038,RESPOP_AV,F,Y_GE15,TOTAL,ALL,12,ALL,ALL,2024,46.642213962828784,,,,,,,,ALL_N1,,,,,,,
IT1:DF_DCSS_ISTR_LAV_PEN_2_TV_3(1.0),A,082038,RESPOP_AV,F,Y_GE15,TOTAL,ALL,22,ALL,ALL,2018,276,,,,,,,,ALL_N1,,,,,,,
IT1:DF_DCSS_ISTR_LAV_PEN_2_TV_3(1.0),A,082038,RESPOP_AV,F,Y_GE15,TOTAL,ALL,22,ALL,ALL,2019,278,,,,,,,,ALL_N1,,,,,,,
IT1:DF_DCSS_ISTR_LAV_PEN_2_TV_3(1.0),A,082038,RESPOP_AV,F,Y_GE15,TOTAL,ALL,22,ALL,ALL,2021,260.02039256326,,,,,,,,ALL_N1,,,,,,,
IT1:DF_DCSS_ISTR_LAV_PEN_2_TV_3(1.0),A,082038,RESPOP_AV,F,Y_GE15,TOTAL,ALL,22,ALL,ALL,2022,259.222354394378,,,,,,,,ALL_N1,,,,,,,
IT1:DF_DCSS_ISTR_LAV_PEN_2_TV_3(1.0),A,082038,RESPOP_AV,F,Y_GE15,TOTAL,ALL,22,ALL,ALL,2023,274.88085080858815,,,,,,,,ALL_N1,,,,,,,
IT1:DF_DCSS_ISTR_LAV_PEN_2_TV_3(1.0),A,082038,RESPOP_AV,F,Y_GE15,TOTAL,ALL,22,ALL,ALL,2024,293.6422139628288,,,,,,,,ALL_N1,,,,,,,
IT1:DF_DCSS_ISTR_LAV_PEN_2_TV_3(1.0),A,082038,RESPOP_AV,F,Y_GE15,TOTAL,ALL,23,ALL,ALL,2018,698,,,,,,,,ALL_N1,,,,,,,
IT1:DF_DCSS_ISTR_LAV_PEN_2_TV_3(1.0),A,082038,RESPOP_AV,F,Y_GE15,TOTAL,ALL,23,ALL,ALL,2019,696,,,,,,,,ALL_N1,,,,,,,
IT1:DF_DCSS_ISTR_LAV_PEN_2_TV_3(1.0),A,082038,RESPOP_AV,F,Y_GE15,TOTAL,ALL,23,ALL,ALL,2021,706.97960743674,,,,,,,,ALL_N1,,,,,,,
IT1:DF_DCSS_ISTR_LAV_PEN_2_TV_3(1.0),A,082038,RESPOP_AV,F,Y_GE15,TOTAL,ALL,23,ALL,ALL,2022,693.777645605622,,,,,,,,ALL_N1,,,,,,,
IT1:DF_DCSS_ISTR_LAV_PEN_2_TV_3(1.0),A,082038,RESPOP_AV,F,Y_GE15,TOTAL,ALL,23,ALL,ALL,2023,676.1191491914118,,,,,,,,ALL_N1,,,,,,,
IT1:DF_DCSS_ISTR_LAV_PEN_2_TV_3(1.0),A,082038,RESPOP_AV,F,Y_GE15,TOTAL,ALL,23,ALL,ALL,2024,657.3577860371712,,,,,,,,ALL_N1,,,,,,,
IT1:DF_DCSS_ISTR_LAV_PEN_2_TV_3(1.0),A,082038,RESPOP_AV,F,Y_GE15,TOTAL,ALL,24,ALL,ALL,2018,145,,,,,,,,ALL_N1,,,,,,,
IT1:DF_DCSS_ISTR_LAV_PEN_2_TV_3(1.0),A,082038,RESPOP_AV,F,Y_GE15,TOTAL,ALL,24,ALL,ALL,2019,138,,,,,,,,ALL_N1,,,,,,,
IT1:DF_DCSS_ISTR_LAV_PEN_2_TV_3(1.0),A,082038,RESPOP_AV,F,Y_GE15,TOTAL,ALL,24,ALL,ALL,2021,143.815786671281,,,,,,,,ALL_N1,,,,,,,
IT1:DF_DCSS_ISTR_LAV_PEN_2_TV_3(1.0),A,082038,RESPOP_AV,F,Y_GE15,TOTAL,ALL,24,ALL,ALL,2022,141.126729548713,,,,,,,,ALL_N1,,,,,,,
IT1:DF_DCSS_ISTR_LAV_PEN_2_TV_3(1.0),A,082038,RESPOP_AV,F,Y_GE15,TOTAL,ALL,24,ALL,ALL,2023,138.80964056758594,,,,,,,,ALL_N1,,,,,,,
IT1:DF_DCSS_ISTR_LAV_PEN_2_TV_3(1.0),A,082038,RESPOP_AV,F,Y_GE15,TOTAL,ALL,24,ALL,ALL,2024,148.79603737053156,,,,,,,,ALL_N1,,,,,,,
IT1:DF_DCSS_ISTR_LAV_PEN_2_TV_3(1.0),A,082038,RESPOP_AV,F,Y_GE15,TOTAL,ALL,4,ALL,ALL,2018,365,,,,,,,,ALL_N1,,,,,,,
IT1:DF_DCSS_ISTR_LAV_PEN_2_TV_3(1.0),A,082038,RESPOP_AV,F,Y_GE15,TOTAL,ALL,4,ALL,ALL,2019,369,,,,,,,,ALL_N1,,,,,,,
IT1:DF_DCSS_ISTR_LAV_PEN_2_TV_3(1.0),A,082038,RESPOP_AV,F,Y_GE15,TOTAL,ALL,4,ALL,ALL,2021,376.189712629962,,,,,,,,ALL_N1,,,,,,,
IT1:DF_DCSS_ISTR_LAV_PEN_2_TV_3(1.0),A,082038,RESPOP_AV,F,Y_GE15,TOTAL,ALL,4,ALL,ALL,2022,367.22972201319,,,,,,,,ALL_N1,,,,,,,
IT1:DF_DCSS_ISTR_LAV_PEN_2_TV_3(1.0),A,082038,RESPOP_AV,F,Y_GE15,TOTAL,ALL,4,ALL,ALL,2023,348.3326196163835,,,,,,,,ALL_N1,,,,,,,
IT1:DF_DCSS_ISTR_LAV_PEN_2_TV_3(1.0),A,082038,RESPOP_AV,F,Y_GE15,TOTAL,ALL,4,ALL,ALL,2024,332.80250347036105,,,,,,,,ALL_N1,,,,,,,
IT1:DF_DCSS_ISTR_LAV_PEN_2_TV_3(1.0),A,082038,RESPOP_AV,F,Y_GE15,TOTAL,ALL,5,ALL,ALL,2018,104,,,,,,,,ALL_N1,,,,,,,
IT1:DF_DCSS_ISTR_LAV_PEN_2_TV_3(1.0),A,082038,RESPOP_AV,F,Y_GE15,TOTAL,ALL,5,ALL,ALL,2019,106,,,,,,,,ALL_N1,,,,,,,
IT1:DF_DCSS_ISTR_LAV_PEN_2_TV_3(1.0),A,082038,RESPOP_AV,F,Y_GE15,TOTAL,ALL,5,ALL,ALL,2021,106.397952105265,,,,,,,,ALL_N1,,,,,,,
IT1:DF_DCSS_ISTR_LAV_PEN_2_TV_3(1.0),A,082038,RESPOP_AV,F,Y_GE15,TOTAL,ALL,5,ALL,ALL,2022,111.016046559328,,,,,,,,ALL_N1,,,,,,,
IT1:DF_DCSS_ISTR_LAV_PEN_2_TV_3(1.0),A,082038,RESPOP_AV,F,Y_GE15,TOTAL,ALL,5,ALL,ALL,2023,116.06308187432619,,,,,,,,ALL_N1,,,,,,,
IT1:DF_DCSS_ISTR_LAV_PEN_2_TV_3(1.0),A,082038,RESPOP_AV,F,Y_GE15,TOTAL,ALL,5,ALL,ALL,2024,110.76380496913713,,,,,,,,ALL_N1,,,,,,,
IT1:DF_DCSS_ISTR_LAV_PEN_2_TV_3(1.0),A,082038,RESPOP_AV,F,Y_GE15,TOTAL,ALL,7,ALL,ALL,2018,84,,,,,,,,ALL_N1,,,,,,,
IT1:DF_DCSS_ISTR_LAV_PEN_2_TV_3(1.0),A,082038,RESPOP_AV,F,Y_GE15,TOTAL,ALL,7,ALL,ALL,2019,83,,,,,,,,ALL_N1,,,,,,,
IT1:DF_DCSS_ISTR_LAV_PEN_2_TV_3(1.0),A,082038,RESPOP_AV,F,Y_GE15,TOTAL,ALL,7,ALL,ALL,2021,80.5761560302325,,,,,,,,ALL_N1,,,,,,,
IT1:DF_DCSS_ISTR_LAV_PEN_2_TV_3(1.0),A,082038,RESPOP_AV,F,Y_GE15,TOTAL,ALL,7,ALL,ALL,2022,74.4051474843908,,,,,,,,ALL_N1,,,,,,,
IT1:DF_DCSS_ISTR_LAV_PEN_2_TV_3(1.0),A,082038,RESPOP_AV,F,Y_GE15,TOTAL,ALL,7,ALL,ALL,2023,72.91380713311611,,,,,,,,ALL_N1,,,,,,,
IT1:DF_DCSS_ISTR_LAV_PEN_2_TV_3(1.0),A,082038,RESPOP_AV,F,Y_GE15,TOTAL,ALL,7,ALL,ALL,2024,64.99544022714153,,,,,,,,ALL_N1,,,,,,,
IT1:DF_DCSS_ISTR_LAV_PEN_2_TV_3(1.0),A,082038,RESPOP_AV,F,Y_GE15,TOTAL,ALL,99,ALL,ALL,2018,973,,,,,,,,ALL_N1,99_N1,,,,,,
IT1:DF_DCSS_ISTR_LAV_PEN_2_TV_3(1.0),A,082038,RESPOP_AV,F,Y_GE15,TOTAL,ALL,99,ALL,ALL,2019,974,,,,,,,,ALL_N1,99_N1,,,,,,
IT1:DF_DCSS_ISTR_LAV_PEN_2_TV_3(1.0),A,082038,RESPOP_AV,F,Y_GE15,TOTAL,ALL,99,ALL,ALL,2021,967,,,,,,,,ALL_N1,99_N1,,,,,,
IT1:DF_DCSS_ISTR_LAV_PEN_2_TV_3(1.0),A,082038,RESPOP_AV,F,Y_GE15,TOTAL,ALL,99,ALL,ALL,2022,953,,,,,,,,ALL_N1,99_N1,,,,,,
IT1:DF_DCSS_ISTR_LAV_PEN_2_TV_3(1.0),A,082038,RESPOP_AV,F,Y_GE15,TOTAL,ALL,99,ALL,ALL,2023,950.9999999999999,,,,,,,,ALL_N1,99_N1,,,,,,
IT1:DF_DCSS_ISTR_LAV_PEN_2_TV_3(1.0),A,082038,RESPOP_AV,F,Y_GE15,TOTAL,ALL,99,ALL,ALL,2024,951,,,,,,,,ALL_N1,99_N1,,,,,,
IT1:DF_DCSS_ISTR_LAV_PEN_2_TV_3(1.0),A,082038,RESPOP_AV,M,Y_GE15,TOTAL,ALL,1,ALL,ALL,2018,394,,,,,,,,ALL_N1,,,,,,,
IT1:DF_DCSS_ISTR_LAV_PEN_2_TV_3(1.0),A,082038,RESPOP_AV,M,Y_GE15,TOTAL,ALL,1,ALL,ALL,2019,436,,,,,,,,ALL_N1,,,,,,,
IT1:DF_DCSS_ISTR_LAV_PEN_2_TV_3(1.0),A,082038,RESPOP_AV,M,Y_GE15,TOTAL,ALL,1,ALL,ALL,2021,429,,,,,,,,ALL_N1,,,,,,,
IT1:DF_DCSS_ISTR_LAV_PEN_2_TV_3(1.0),A,082038,RESPOP_AV,M,Y_GE15,TOTAL,ALL,1,ALL,ALL,2022,458,,,,,,,,ALL_N1,,,,,,,
IT1:DF_DCSS_ISTR_LAV_PEN_2_TV_3(1.0),A,082038,RESPOP_AV,M,Y_GE15,TOTAL,ALL,1,ALL,ALL,2023,470,,,,,,,,ALL_N1,,,,,,,
IT1:DF_DCSS_ISTR_LAV_PEN_2_TV_3(1.0),A,082038,RESPOP_AV,M,Y_GE15,TOTAL,ALL,1,ALL,ALL,2024,492,,,,,,,,ALL_N1,,,,,,,
IT1:DF_DCSS_ISTR_LAV_PEN_2_TV_3(1.0),A,082038,RESPOP_AV,M,Y_GE15,TOTAL,ALL,12,ALL,ALL,2018,103,,,,,,,,ALL_N1,,,,,,,
IT1:DF_DCSS_ISTR_LAV_PEN_2_TV_3(1.0),A,082038,RESPOP_AV,M,Y_GE15,TOTAL,ALL,12,ALL,ALL,2019,87,,,,,,,,ALL_N1,,,,,,,
IT1:DF_DCSS_ISTR_LAV_PEN_2_TV_3(1.0),A,082038,RESPOP_AV,M,Y_GE15,TOTAL,ALL,12,ALL,ALL,2021,64.9791131092585,,,,,,,,ALL_N1,,,,,,,
IT1:DF_DCSS_ISTR_LAV_PEN_2_TV_3(1.0),A,082038,RESPOP_AV,M,Y_GE15,TOTAL,ALL,12,ALL,ALL,2022,57.7661845488196,,,,,,,,ALL_N1,,,,,,,
IT1:DF_DCSS_ISTR_LAV_PEN_2_TV_3(1.0),A,082038,RESPOP_AV,M,Y_GE15,TOTAL,ALL,12,ALL,ALL,2023,54.472514722108045,,,,,,,,ALL_N1,,,,,,,
IT1:DF_DCSS_ISTR_LAV_PEN_2_TV_3(1.0),A,082038,RESPOP_AV,M,Y_GE15,TOTAL,ALL,12,ALL,ALL,2024,51.51683381325901,,,,,,,,ALL_N1,,,,,,,
IT1:DF_DCSS_ISTR_LAV_PEN_2_TV_3(1.0),A,082038,RESPOP_AV,M,Y_GE15,TOTAL,ALL,22,ALL,ALL,2018,497,,,,,,,,ALL_N1,,,,,,,
IT1:DF_DCSS_ISTR_LAV_PEN_2_TV_3(1.0),A,082038,RESPOP_AV,M,Y_GE15,TOTAL,ALL,22,ALL,ALL,2019,522,,,,,,,,ALL_N1,,,,,,,
IT1:DF_DCSS_ISTR_LAV_PEN_2_TV_3(1.0),A,082038,RESPOP_AV,M,Y_GE15,TOTAL,ALL,22,ALL,ALL,2021,493.979113109258,,,,,,,,ALL_N1,,,,,,,
IT1:DF_DCSS_ISTR_LAV_PEN_2_TV_3(1.0),A,082038,RESPOP_AV,M,Y_GE15,TOTAL,ALL,22,ALL,ALL,2022,515.76618454882,,,,,,,,ALL_N1,,,,,,,
IT1:DF_DCSS_ISTR_LAV_PEN_2_TV_3(1.0),A,082038,RESPOP_AV,M,Y_GE15,TOTAL,ALL,22,ALL,ALL,2023,524.472514722108,,,,,,,,ALL_N1,,,,,,,
IT1:DF_DCSS_ISTR_LAV_PEN_2_TV_3(1.0),A,082038,RESPOP_AV,M,Y_GE15,TOTAL,ALL,22,ALL,ALL,2024,543.516833813259,,,,,,,,ALL_N1,,,,,,,
IT1:DF_DCSS_ISTR_LAV_PEN_2_TV_3(1.0),A,082038,RESPOP_AV,M,Y_GE15,TOTAL,ALL,23,ALL,ALL,2018,421,,,,,,,,ALL_N1,,,,,,,
IT1:DF_DCSS_ISTR_LAV_PEN_2_TV_3(1.0),A,082038,RESPOP_AV,M,Y_GE15,TOTAL,ALL,23,ALL,ALL,2019,410,,,,,,,,ALL_N1,,,,,,,
IT1:DF_DCSS_ISTR_LAV_PEN_2_TV_3(1.0),A,082038,RESPOP_AV,M,Y_GE15,TOTAL,ALL,23,ALL,ALL,2021,464.020886890742,,,,,,,,ALL_N1,,,,,,,
IT1:DF_DCSS_ISTR_LAV_PEN_2_TV_3(1.0),A,082038,RESPOP_AV,M,Y_GE15,TOTAL,ALL,23,ALL,ALL,2022,449.23381545118,,,,,,,,ALL_N1,,,,,,,
IT1:DF_DCSS_ISTR_LAV_PEN_2_TV_3(1.0),A,082038,RESPOP_AV,M,Y_GE15,TOTAL,ALL,23,ALL,ALL,2023,441.5274852778919,,,,,,,,ALL_N1,,,,,,,
IT1:DF_DCSS_ISTR_LAV_PEN_2_TV_3(1.0),A,082038,RESPOP_AV,M,Y_GE15,TOTAL,ALL,23,ALL,ALL,2024,427.483166186741,,,,,,,,ALL_N1,,,,,,,
IT1:DF_DCSS_ISTR_LAV_PEN_2_TV_3(1.0),A,082038,RESPOP_AV,M,Y_GE15,TOTAL,ALL,24,ALL,ALL,2018,185,,,,,,,,ALL_N1,,,,,,,
IT1:DF_DCSS_ISTR_LAV_PEN_2_TV_3(1.0),A,082038,RESPOP_AV,M,Y_GE15,TOTAL,ALL,24,ALL,ALL,2019,184,,,,,,,,ALL_N1,,,,,,,
IT1:DF_DCSS_ISTR_LAV_PEN_2_TV_3(1.0),A,082038,RESPOP_AV,M,Y_GE15,TOTAL,ALL,24,ALL,ALL,2021,199.331285525976,,,,,,,,ALL_N1,,,,,,,
IT1:DF_DCSS_ISTR_LAV_PEN_2_TV_3(1.0),A,082038,RESPOP_AV,M,Y_GE15,TOTAL,ALL,24,ALL,ALL,2022,201.713819775797,,,,,,,,ALL_N1,,,,,,,
IT1:DF_DCSS_ISTR_LAV_PEN_2_TV_3(1.0),A,082038,RESPOP_AV,M,Y_GE15,TOTAL,ALL,24,ALL,ALL,2023,199.10960934415564,,,,,,,,ALL_N1,,,,,,,
IT1:DF_DCSS_ISTR_LAV_PEN_2_TV_3(1.0),A,082038,RESPOP_AV,M,Y_GE15,TOTAL,ALL,24,ALL,ALL,2024,206.53737556772285,,,,,,,,ALL_N1,,,,,,,
IT1:DF_DCSS_ISTR_LAV_PEN_2_TV_3(1.0),A,082038,RESPOP_AV,M,Y_GE15,TOTAL,ALL,4,ALL,ALL,2018,16,,,,,,,,ALL_N1,,,,,,,
IT1:DF_DCSS_ISTR_LAV_PEN_2_TV_3(1.0),A,082038,RESPOP_AV,M,Y_GE15,TOTAL,ALL,4,ALL,ALL,2019,16,,,,,,,,ALL_N1,,,,,,,
IT1:DF_DCSS_ISTR_LAV_PEN_2_TV_3(1.0),A,082038,RESPOP_AV,M,Y_GE15,TOTAL,ALL,4,ALL,ALL,2021,27.7908793373643,,,,,,,,ALL_N1,,,,,,,
IT1:DF_DCSS_ISTR_LAV_PEN_2_TV_3(1.0),A,082038,RESPOP_AV,M,Y_GE15,TOTAL,ALL,4,ALL,ALL,2022,27.0786309502764,,,,,,,,ALL_N1,,,,,,,
IT1:DF_DCSS_ISTR_LAV_PEN_2_TV_3(1.0),A,082038,RESPOP_AV,M,Y_GE15,TOTAL,ALL,4,ALL,ALL,2023,27.77297252177122,,,,,,,,ALL_N1,,,,,,,
IT1:DF_DCSS_ISTR_LAV_PEN_2_TV_3(1.0),A,082038,RESPOP_AV,M,Y_GE15,TOTAL,ALL,4,ALL,ALL,2024,21.680807588016165,,,,,,,,ALL_N1,,,,,,,
IT1:DF_DCSS_ISTR_LAV_PEN_2_TV_3(1.0),A,082038,RESPOP_AV,M,Y_GE15,TOTAL,ALL,5,ALL,ALL,2018,94,,,,,,,,ALL_N1,,,,,,,
IT1:DF_DCSS_ISTR_LAV_PEN_2_TV_3(1.0),A,082038,RESPOP_AV,M,Y_GE15,TOTAL,ALL,5,ALL,ALL,2019,93,,,,,,,,ALL_N1,,,,,,,
IT1:DF_DCSS_ISTR_LAV_PEN_2_TV_3(1.0),A,082038,RESPOP_AV,M,Y_GE15,TOTAL,ALL,5,ALL,ALL,2021,108.075827439101,,,,,,,,ALL_N1,,,,,,,
IT1:DF_DCSS_ISTR_LAV_PEN_2_TV_3(1.0),A,082038,RESPOP_AV,M,Y_GE15,TOTAL,ALL,5,ALL,ALL,2022,115.360260208183,,,,,,,,ALL_N1,,,,,,,
IT1:DF_DCSS_ISTR_LAV_PEN_2_TV_3(1.0),A,082038,RESPOP_AV,M,Y_GE15,TOTAL,ALL,5,ALL,ALL,2023,117.19244988905862,,,,,,,,ALL_N1,,,,,,,
IT1:DF_DCSS_ISTR_LAV_PEN_2_TV_3(1.0),A,082038,RESPOP_AV,M,Y_GE15,TOTAL,ALL,5,ALL,ALL,2024,113.09973664934839,,,,,,,,ALL_N1,,,,,,,
IT1:DF_DCSS_ISTR_LAV_PEN_2_TV_3(1.0),A,082038,RESPOP_AV,M,Y_GE15,TOTAL,ALL,7,ALL,ALL,2018,126,,,,,,,,ALL_N1,,,,,,,
IT1:DF_DCSS_ISTR_LAV_PEN_2_TV_3(1.0),A,082038,RESPOP_AV,M,Y_GE15,TOTAL,ALL,7,ALL,ALL,2019,117,,,,,,,,ALL_N1,,,,,,,
IT1:DF_DCSS_ISTR_LAV_PEN_2_TV_3(1.0),A,082038,RESPOP_AV,M,Y_GE15,TOTAL,ALL,7,ALL,ALL,2021,128.8228945883,,,,,,,,ALL_N1,,,,,,,
IT1:DF_DCSS_ISTR_LAV_PEN_2_TV_3(1.0),A,082038,RESPOP_AV,M,Y_GE15,TOTAL,ALL,7,ALL,ALL,2022,105.081104516924,,,,,,,,ALL_N1,,,,,,,
IT1:DF_DCSS_ISTR_LAV_PEN_2_TV_3(1.0),A,082038,RESPOP_AV,M,Y_GE15,TOTAL,ALL,7,ALL,ALL,2023,97.45245352290647,,,,,,,,ALL_N1,,,,,,,
IT1:DF_DCSS_ISTR_LAV_PEN_2_TV_3(1.0),A,082038,RESPOP_AV,M,Y_GE15,TOTAL,ALL,7,ALL,ALL,2024,86.16524638165359,,,,,,,,ALL_N1,,,,,,,
IT1:DF_DCSS_ISTR_LAV_PEN_2_TV_3(1.0),A,082038,RESPOP_AV,M,Y_GE15,TOTAL,ALL,99,ALL,ALL,2018,917,,,,,,,,ALL_N1,99_N1,,,,,,
IT1:DF_DCSS_ISTR_LAV_PEN_2_TV_3(1.0),A,082038,RESPOP_AV,M,Y_GE15,TOTAL,ALL,99,ALL,ALL,2019,932,,,,,,,,ALL_N1,99_N1,,,,,,
IT1:DF_DCSS_ISTR_LAV_PEN_2_TV_3(1.0),A,082038,RESPOP_AV,M,Y_GE15,TOTAL,ALL,99,ALL,ALL,2021,958,,,,,,,,ALL_N1,99_N1,,,,,,
IT1:DF_DCSS_ISTR_LAV_PEN_2_TV_3(1.0),A,082038,RESPOP_AV,M,Y_GE15,TOTAL,ALL,99,ALL,ALL,2022,965,,,,,,,,ALL_N1,99_N1,,,,,,
IT1:DF_DCSS_ISTR_LAV_PEN_2_TV_3(1.0),A,082038,RESPOP_AV,M,Y_GE15,TOTAL,ALL,99,ALL,ALL,2023,966,,,,,,,,ALL_N1,99_N1,,,,,,
IT1:DF_DCSS_ISTR_LAV_PEN_2_TV_3(1.0),A,082038,RESPOP_AV,M,Y_GE15,TOTAL,ALL,99,ALL,ALL,2024,971,,,,,,,,ALL_N1,99_N1,,,,,,
IT1:DF_DCSS_ISTR_LAV_PEN_2_TV_3(1.0),A,082038,RESPOP_AV,T,Y_GE15,TOTAL,ALL,1,ALL,ALL,2018,585,,,,,,,,ALL_N1,,,,,,,
IT1:DF_DCSS_ISTR_LAV_PEN_2_TV_3(1.0),A,082038,RESPOP_AV,T,Y_GE15,TOTAL,ALL,1,ALL,ALL,2019,626,,,,,,,,ALL_N1,,,,,,,
IT1:DF_DCSS_ISTR_LAV_PEN_2_TV_3(1.0),A,082038,RESPOP_AV,T,Y_GE15,TOTAL,ALL,1,ALL,ALL,2021,637,,,,,,,,ALL_N1,,,,,,,
IT1:DF_DCSS_ISTR_LAV_PEN_2_TV_3(1.0),A,082038,RESPOP_AV,T,Y_GE15,TOTAL,ALL,1,ALL,ALL,2022,667,,,,,,,,ALL_N1,,,,,,,
IT1:DF_DCSS_ISTR_LAV_PEN_2_TV_3(1.0),A,082038,RESPOP_AV,T,Y_GE15,TOTAL,ALL,1,ALL,ALL,2023,697,,,,,,,,ALL_N1,,,,,,,
IT1:DF_DCSS_ISTR_LAV_PEN_2_TV_3(1.0),A,082038,RESPOP_AV,T,Y_GE15,TOTAL,ALL,1,ALL,ALL,2024,739,,,,,,,,ALL_N1,,,,,,,
IT1:DF_DCSS_ISTR_LAV_PEN_2_TV_3(1.0),A,082038,RESPOP_AV,T,Y_GE15,TOTAL,ALL,12,ALL,ALL,2018,187,,,,,,,,ALL_N1,,,,,,,
IT1:DF_DCSS_ISTR_LAV_PEN_2_TV_3(1.0),A,082038,RESPOP_AV,T,Y_GE15,TOTAL,ALL,12,ALL,ALL,2019,175,,,,,,,,ALL_N1,,,,,,,
IT1:DF_DCSS_ISTR_LAV_PEN_2_TV_3(1.0),A,082038,RESPOP_AV,T,Y_GE15,TOTAL,ALL,12,ALL,ALL,2021,116.999505672519,,,,,,,,ALL_N1,,,,,,,
IT1:DF_DCSS_ISTR_LAV_PEN_2_TV_3(1.0),A,082038,RESPOP_AV,T,Y_GE15,TOTAL,ALL,12,ALL,ALL,2022,107.988538943198,,,,,,,,ALL_N1,,,,,,,
IT1:DF_DCSS_ISTR_LAV_PEN_2_TV_3(1.0),A,082038,RESPOP_AV,T,Y_GE15,TOTAL,ALL,12,ALL,ALL,2023,102.35336553069622,,,,,,,,ALL_N1,,,,,,,
IT1:DF_DCSS_ISTR_LAV_PEN_2_TV_3(1.0),A,082038,RESPOP_AV,T,Y_GE15,TOTAL,ALL,12,ALL,ALL,2024,98.1590477760878,,,,,,,,ALL_N1,,,,,,,
IT1:DF_DCSS_ISTR_LAV_PEN_2_TV_3(1.0),A,082038,RESPOP_AV,T,Y_GE15,TOTAL,ALL,22,ALL,ALL,2018,772,,,,,,,,ALL_N1,,,,,,,
IT1:DF_DCSS_ISTR_LAV_PEN_2_TV_3(1.0),A,082038,RESPOP_AV,T,Y_GE15,TOTAL,ALL,22,ALL,ALL,2019,800,,,,,,,,ALL_N1,,,,,,,
IT1:DF_DCSS_ISTR_LAV_PEN_2_TV_3(1.0),A,082038,RESPOP_AV,T,Y_GE15,TOTAL,ALL,22,ALL,ALL,2021,753.999505672519,,,,,,,,ALL_N1,,,,,,,
IT1:DF_DCSS_ISTR_LAV_PEN_2_TV_3(1.0),A,082038,RESPOP_AV,T,Y_GE15,TOTAL,ALL,22,ALL,ALL,2022,774.988538943198,,,,,,,,ALL_N1,,,,,,,
IT1:DF_DCSS_ISTR_LAV_PEN_2_TV_3(1.0),A,082038,RESPOP_AV,T,Y_GE15,TOTAL,ALL,22,ALL,ALL,2023,799.3533655306962,,,,,,,,ALL_N1,,,,,,,
IT1:DF_DCSS_ISTR_LAV_PEN_2_TV_3(1.0),A,082038,RESPOP_AV,T,Y_GE15,TOTAL,ALL,22,ALL,ALL,2024,837.1590477760878,,,,,,,,ALL_N1,,,,,,,
IT1:DF_DCSS_ISTR_LAV_PEN_2_TV_3(1.0),A,082038,RESPOP_AV,T,Y_GE15,TOTAL,ALL,23,ALL,ALL,2018,1118,,,,,,,,ALL_N1,,,,,,,
IT1:DF_DCSS_ISTR_LAV_PEN_2_TV_3(1.0),A,082038,RESPOP_AV,T,Y_GE15,TOTAL,ALL,23,ALL,ALL,2019,1106,,,,,,,,ALL_N1,,,,,,,
IT1:DF_DCSS_ISTR_LAV_PEN_2_TV_3(1.0),A,082038,RESPOP_AV,T,Y_GE15,TOTAL,ALL,23,ALL,ALL,2021,1171.00049432748,,,,,,,,ALL_N1,,,,,,,
IT1:DF_DCSS_ISTR_LAV_PEN_2_TV_3(1.0),A,082038,RESPOP_AV,T,Y_GE15,TOTAL,ALL,23,ALL,ALL,2022,1143.0114610568,,,,,,,,ALL_N1,,,,,,,
IT1:DF_DCSS_ISTR_LAV_PEN_2_TV_3(1.0),A,082038,RESPOP_AV,T,Y_GE15,TOTAL,ALL,23,ALL,ALL,2023,1117.6466344693038,,,,,,,,ALL_N1,,,,,,,
IT1:DF_DCSS_ISTR_LAV_PEN_2_TV_3(1.0),A,082038,RESPOP_AV,T,Y_GE15,TOTAL,ALL,23,ALL,ALL,2024,1084.8409522239122,,,,,,,,ALL_N1,,,,,,,
IT1:DF_DCSS_ISTR_LAV_PEN_2_TV_3(1.0),A,082038,RESPOP_AV,T,Y_GE15,TOTAL,ALL,24,ALL,ALL,2018,330,,,,,,,,ALL_N1,,,,,,,
IT1:DF_DCSS_ISTR_LAV_PEN_2_TV_3(1.0),A,082038,RESPOP_AV,T,Y_GE15,TOTAL,ALL,24,ALL,ALL,2019,322,,,,,,,,ALL_N1,,,,,,,
IT1:DF_DCSS_ISTR_LAV_PEN_2_TV_3(1.0),A,082038,RESPOP_AV,T,Y_GE15,TOTAL,ALL,24,ALL,ALL,2021,343.147072197257,,,,,,,,ALL_N1,,,,,,,
IT1:DF_DCSS_ISTR_LAV_PEN_2_TV_3(1.0),A,082038,RESPOP_AV,T,Y_GE15,TOTAL,ALL,24,ALL,ALL,2022,342.84054932451,,,,,,,,ALL_N1,,,,,,,
IT1:DF_DCSS_ISTR_LAV_PEN_2_TV_3(1.0),A,082038,RESPOP_AV,T,Y_GE15,TOTAL,ALL,24,ALL,ALL,2023,337.9192499117416,,,,,,,,ALL_N1,,,,,,,
IT1:DF_DCSS_ISTR_LAV_PEN_2_TV_3(1.0),A,082038,RESPOP_AV,T,Y_GE15,TOTAL,ALL,24,ALL,ALL,2024,355.3334129382544,,,,,,,,ALL_N1,,,,,,,
IT1:DF_DCSS_ISTR_LAV_PEN_2_TV_3(1.0),A,082038,RESPOP_AV,T,Y_GE15,TOTAL,ALL,4,ALL,ALL,2018,380,,,,,,,,ALL_N1,,,,,,,
IT1:DF_DCSS_ISTR_LAV_PEN_2_TV_3(1.0),A,082038,RESPOP_AV,T,Y_GE15,TOTAL,ALL,4,ALL,ALL,2019,385,,,,,,,,ALL_N1,,,,,,,
IT1:DF_DCSS_ISTR_LAV_PEN_2_TV_3(1.0),A,082038,RESPOP_AV,T,Y_GE15,TOTAL,ALL,4,ALL,ALL,2021,403.980591967326,,,,,,,,ALL_N1,,,,,,,
IT1:DF_DCSS_ISTR_LAV_PEN_2_TV_3(1.0),A,082038,RESPOP_AV,T,Y_GE15,TOTAL,ALL,4,ALL,ALL,2022,394.308352963466,,,,,,,,ALL_N1,,,,,,,
IT1:DF_DCSS_ISTR_LAV_PEN_2_TV_3(1.0),A,082038,RESPOP_AV,T,Y_GE15,TOTAL,ALL,4,ALL,ALL,2023,376.10559213815475,,,,,,,,ALL_N1,,,,,,,
IT1:DF_DCSS_ISTR_LAV_PEN_2_TV_3(1.0),A,082038,RESPOP_AV,T,Y_GE15,TOTAL,ALL,4,ALL,ALL,2024,354.4833110583772,,,,,,,,ALL_N1,,,,,,,
IT1:DF_DCSS_ISTR_LAV_PEN_2_TV_3(1.0),A,082038,RESPOP_AV,T,Y_GE15,TOTAL,ALL,5,ALL,ALL,2018,198,,,,,,,,ALL_N1,,,,,,,
IT1:DF_DCSS_ISTR_LAV_PEN_2_TV_3(1.0),A,082038,RESPOP_AV,T,Y_GE15,TOTAL,ALL,5,ALL,ALL,2019,199,,,,,,,,ALL_N1,,,,,,,
IT1:DF_DCSS_ISTR_LAV_PEN_2_TV_3(1.0),A,082038,RESPOP_AV,T,Y_GE15,TOTAL,ALL,5,ALL,ALL,2021,214.473779544366,,,,,,,,ALL_N1,,,,,,,
IT1:DF_DCSS_ISTR_LAV_PEN_2_TV_3(1.0),A,082038,RESPOP_AV,T,Y_GE15,TOTAL,ALL,5,ALL,ALL,2022,226.376306767511,,,,,,,,ALL_N1,,,,,,,
IT1:DF_DCSS_ISTR_LAV_PEN_2_TV_3(1.0),A,082038,RESPOP_AV,T,Y_GE15,TOTAL,ALL,5,ALL,ALL,2023,233.25553176338482,,,,,,,,ALL_N1,,,,,,,
IT1:DF_DCSS_ISTR_LAV_PEN_2_TV_3(1.0),A,082038,RESPOP_AV,T,Y_GE15,TOTAL,ALL,5,ALL,ALL,2024,223.8635416184855,,,,,,,,ALL_N1,,,,,,,
IT1:DF_DCSS_ISTR_LAV_PEN_2_TV_3(1.0),A,082038,RESPOP_AV,T,Y_GE15,TOTAL,ALL,7,ALL,ALL,2018,210,,,,,,,,ALL_N1,,,,,,,
IT1:DF_DCSS_ISTR_LAV_PEN_2_TV_3(1.0),A,082038,RESPOP_AV,T,Y_GE15,TOTAL,ALL,7,ALL,ALL,2019,200,,,,,,,,ALL_N1,,,,,,,
IT1:DF_DCSS_ISTR_LAV_PEN_2_TV_3(1.0),A,082038,RESPOP_AV,T,Y_GE15,TOTAL,ALL,7,ALL,ALL,2021,209.399050618532,,,,,,,,ALL_N1,,,,,,,
IT1:DF_DCSS_ISTR_LAV_PEN_2_TV_3(1.0),A,082038,RESPOP_AV,T,Y_GE15,TOTAL,ALL,7,ALL,ALL,2022,179.486252001315,,,,,,,,ALL_N1,,,,,,,
IT1:DF_DCSS_ISTR_LAV_PEN_2_TV_3(1.0),A,082038,RESPOP_AV,T,Y_GE15,TOTAL,ALL,7,ALL,ALL,2023,170.36626065602258,,,,,,,,ALL_N1,,,,,,,
IT1:DF_DCSS_ISTR_LAV_PEN_2_TV_3(1.0),A,082038,RESPOP_AV,T,Y_GE15,TOTAL,ALL,7,ALL,ALL,2024,151.16068660879512,,,,,,,,ALL_N1,,,,,,,
IT1:DF_DCSS_ISTR_LAV_PEN_2_TV_3(1.0),A,082038,RESPOP_AV,T,Y_GE15,TOTAL,ALL,99,ALL,ALL,2018,1890,,,,,,,,ALL_N1,99_N1,,,,,,
IT1:DF_DCSS_ISTR_LAV_PEN_2_TV_3(1.0),A,082038,RESPOP_AV,T,Y_GE15,TOTAL,ALL,99,ALL,ALL,2019,1906,,,,,,,,ALL_N1,99_N1,,,,,,
IT1:DF_DCSS_ISTR_LAV_PEN_2_TV_3(1.0),A,082038,RESPOP_AV,T,Y_GE15,TOTAL,ALL,99,ALL,ALL,2021,1925,,,,,,,,ALL_N1,99_N1,,,,,,
IT1:DF_DCSS_ISTR_LAV_PEN_2_TV_3(1.0),A,082038,RESPOP_AV,T,Y_GE15,TOTAL,ALL,99,ALL,ALL,2022,1918,,,,,,,,ALL_N1,99_N1,,,,,,
IT1:DF_DCSS_ISTR_LAV_PEN_2_TV_3(1.0),A,082038,RESPOP_AV,T,Y_GE15,TOTAL,ALL,99,ALL,ALL,2023,1917,,,,,,,,ALL_N1,99_N1,,,,,,
IT1:DF_DCSS_ISTR_LAV_PEN_2_TV_3(1.0),A,082038,RESPOP_AV,T,Y_GE15,TOTAL,ALL,99,ALL,ALL,2024,1922,,,,,,,,ALL_N1,99_N1,,,,,,
IT1:DF_DCSS_ISTR_LAV_PEN_2_TV_3(1.0),A,082039,RESPOP_AV,F,Y_GE15,TOTAL,ALL,1,ALL,ALL,2018,194,,,,,,,,ALL_N1,,,,,,,
IT1:DF_DCSS_ISTR_LAV_PEN_2_TV_3(1.0),A,082039,RESPOP_AV,F,Y_GE15,TOTAL,ALL,1,ALL,ALL,2019,229,,,,,,,,ALL_N1,,,,,,,
IT1:DF_DCSS_ISTR_LAV_PEN_2_TV_3(1.0),A,082039,RESPOP_AV,F,Y_GE15,TOTAL,ALL,1,ALL,ALL,2021,219,,,,,,,,ALL_N1,,,,,,,
IT1:DF_DCSS_ISTR_LAV_PEN_2_TV_3(1.0),A,082039,RESPOP_AV,F,Y_GE15,TOTAL,ALL,1,ALL,ALL,2022,217,,,,,,,,ALL_N1,,,,,,,
IT1:DF_DCSS_ISTR_LAV_PEN_2_TV_3(1.0),A,082039,RESPOP_AV,F,Y_GE15,TOTAL,ALL,1,ALL,ALL,2023,226,,,,,,,,ALL_N1,,,,,,,
IT1:DF_DCSS_ISTR_LAV_PEN_2_TV_3(1.0),A,082039,RESPOP_AV,F,Y_GE15,TOTAL,ALL,1,ALL,ALL,2024,228,,,,,,,,ALL_N1,,,,,,,
IT1:DF_DCSS_ISTR_LAV_PEN_2_TV_3(1.0),A,082039,RESPOP_AV,F,Y_GE15,TOTAL,ALL,12,ALL,ALL,2018,119,,,,,,,,ALL_N1,,,,,,,
IT1:DF_DCSS_ISTR_LAV_PEN_2_TV_3(1.0),A,082039,RESPOP_AV,F,Y_GE15,TOTAL,ALL,12,ALL,ALL,2019,105,,,,,,,,ALL_N1,,,,,,,
IT1:DF_DCSS_ISTR_LAV_PEN_2_TV_3(1.0),A,082039,RESPOP_AV,F,Y_GE15,TOTAL,ALL,12,ALL,ALL,2021,45.3741032468636,,,,,,,,ALL_N1,,,,,,,
IT1:DF_DCSS_ISTR_LAV_PEN_2_TV_3(1.0),A,082039,RESPOP_AV,F,Y_GE15,TOTAL,ALL,12,ALL,ALL,2022,49.6653113801382,,,,,,,,ALL_N1,,,,,,,
IT1:DF_DCSS_ISTR_LAV_PEN_2_TV_3(1.0),A,082039,RESPOP_AV,F,Y_GE15,TOTAL,ALL,12,ALL,ALL,2023,53.87774931708398,,,,,,,,ALL_N1,,,,,,,
IT1:DF_DCSS_ISTR_LAV_PEN_2_TV_3(1.0),A,082039,RESPOP_AV,F,Y_GE15,TOTAL,ALL,12,ALL,ALL,2024,36.15775983509643,,,,,,,,ALL_N1,,,,,,,
IT1:DF_DCSS_ISTR_LAV_PEN_2_TV_3(1.0),A,082039,RESPOP_AV,F,Y_GE15,TOTAL,ALL,22,ALL,ALL,2018,313,,,,,,,,ALL_N1,,,,,,,
IT1:DF_DCSS_ISTR_LAV_PEN_2_TV_3(1.0),A,082039,RESPOP_AV,F,Y_GE15,TOTAL,ALL,22,ALL,ALL,2019,333,,,,,,,,ALL_N1,,,,,,,
IT1:DF_DCSS_ISTR_LAV_PEN_2_TV_3(1.0),A,082039,RESPOP_AV,F,Y_GE15,TOTAL,ALL,22,ALL,ALL,2021,264.374103246864,,,,,,,,ALL_N1,,,,,,,
IT1:DF_DCSS_ISTR_LAV_PEN_2_TV_3(1.0),A,082039,RESPOP_AV,F,Y_GE15,TOTAL,ALL,22,ALL,ALL,2022,266.665311380138,,,,,,,,ALL_N1,,,,,,,
IT1:DF_DCSS_ISTR_LAV_PEN_2_TV_3(1.0),A,082039,RESPOP_AV,F,Y_GE15,TOTAL,ALL,22,ALL,ALL,2023,279.877749317084,,,,,,,,ALL_N1,,,,,,,
IT1:DF_DCSS_ISTR_LAV_PEN_2_TV_3(1.0),A,082039,RESPOP_AV,F,Y_GE15,TOTAL,ALL,22,ALL,ALL,2024,264.15775983509644,,,,,,,,ALL_N1,,,,,,,
IT1:DF_DCSS_ISTR_LAV_PEN_2_TV_3(1.0),A,082039,RESPOP_AV,F,Y_GE15,TOTAL,ALL,23,ALL,ALL,2018,522,,,,,,,,ALL_N1,,,,,,,
IT1:DF_DCSS_ISTR_LAV_PEN_2_TV_3(1.0),A,082039,RESPOP_AV,F,Y_GE15,TOTAL,ALL,23,ALL,ALL,2019,493,,,,,,,,ALL_N1,,,,,,,
IT1:DF_DCSS_ISTR_LAV_PEN_2_TV_3(1.0),A,082039,RESPOP_AV,F,Y_GE15,TOTAL,ALL,23,ALL,ALL,2021,531.625896753136,,,,,,,,ALL_N1,,,,,,,
IT1:DF_DCSS_ISTR_LAV_PEN_2_TV_3(1.0),A,082039,RESPOP_AV,F,Y_GE15,TOTAL,ALL,23,ALL,ALL,2022,513.334688619862,,,,,,,,ALL_N1,,,,,,,
IT1:DF_DCSS_ISTR_LAV_PEN_2_TV_3(1.0),A,082039,RESPOP_AV,F,Y_GE15,TOTAL,ALL,23,ALL,ALL,2023,487.122250682916,,,,,,,,ALL_N1,,,,,,,
IT1:DF_DCSS_ISTR_LAV_PEN_2_TV_3(1.0),A,082039,RESPOP_AV,F,Y_GE15,TOTAL,ALL,23,ALL,ALL,2024,492.8422401649035,,,,,,,,ALL_N1,,,,,,,
IT1:DF_DCSS_ISTR_LAV_PEN_2_TV_3(1.0),A,082039,RESPOP_AV,F,Y_GE15,TOTAL,ALL,24,ALL,ALL,2018,230,,,,,,,,ALL_N1,,,,,,,
IT1:DF_DCSS_ISTR_LAV_PEN_2_TV_3(1.0),A,082039,RESPOP_AV,F,Y_GE15,TOTAL,ALL,24,ALL,ALL,2019,249,,,,,,,,ALL_N1,,,,,,,
IT1:DF_DCSS_ISTR_LAV_PEN_2_TV_3(1.0),A,082039,RESPOP_AV,F,Y_GE15,TOTAL,ALL,24,ALL,ALL,2021,247.972012329888,,,,,,,,ALL_N1,,,,,,,
IT1:DF_DCSS_ISTR_LAV_PEN_2_TV_3(1.0),A,082039,RESPOP_AV,F,Y_GE15,TOTAL,ALL,24,ALL,ALL,2022,235.193516330624,,,,,,,,ALL_N1,,,,,,,
IT1:DF_DCSS_ISTR_LAV_PEN_2_TV_3(1.0),A,082039,RESPOP_AV,F,Y_GE15,TOTAL,ALL,24,ALL,ALL,2023,242.19544639452815,,,,,,,,ALL_N1,,,,,,,
IT1:DF_DCSS_ISTR_LAV_PEN_2_TV_3(1.0),A,082039,RESPOP_AV,F,Y_GE15,TOTAL,ALL,24,ALL,ALL,2024,226.66632895589882,,,,,,,,ALL_N1,,,,,,,
IT1:DF_DCSS_ISTR_LAV_PEN_2_TV_3(1.0),A,082039,RESPOP_AV,F,Y_GE15,TOTAL,ALL,4,ALL,ALL,2018,135,,,,,,,,ALL_N1,,,,,,,
IT1:DF_DCSS_ISTR_LAV_PEN_2_TV_3(1.0),A,082039,RESPOP_AV,F,Y_GE15,TOTAL,ALL,4,ALL,ALL,2019,121,,,,,,,,ALL_N1,,,,,,,
IT1:DF_DCSS_ISTR_LAV_PEN_2_TV_3(1.0),A,082039,RESPOP_AV,F,Y_GE15,TOTAL,ALL,4,ALL,ALL,2021,154.097687241737,,,,,,,,ALL_N1,,,,,,,
IT1:DF_DCSS_ISTR_LAV_PEN_2_TV_3(1.0),A,082039,RESPOP_AV,F,Y_GE15,TOTAL,ALL,4,ALL,ALL,2022,151.195986777929,,,,,,,,ALL_N1,,,,,,,
IT1:DF_DCSS_ISTR_LAV_PEN_2_TV_3(1.0),A,082039,RESPOP_AV,F,Y_GE15,TOTAL,ALL,4,ALL,ALL,2023,131.35141539222872,,,,,,,,ALL_N1,,,,,,,
IT1:DF_DCSS_ISTR_LAV_PEN_2_TV_3(1.0),A,082039,RESPOP_AV,F,Y_GE15,TOTAL,ALL,4,ALL,ALL,2024,143.05067279311027,,,,,,,,ALL_N1,,,,,,,
IT1:DF_DCSS_ISTR_LAV_PEN_2_TV_3(1.0),A,082039,RESPOP_AV,F,Y_GE15,TOTAL,ALL,5,ALL,ALL,2018,62,,,,,,,,ALL_N1,,,,,,,
IT1:DF_DCSS_ISTR_LAV_PEN_2_TV_3(1.0),A,082039,RESPOP_AV,F,Y_GE15,TOTAL,ALL,5,ALL,ALL,2019,64,,,,,,,,ALL_N1,,,,,,,
IT1:DF_DCSS_ISTR_LAV_PEN_2_TV_3(1.0),A,082039,RESPOP_AV,F,Y_GE15,TOTAL,ALL,5,ALL,ALL,2021,62.8682268419326,,,,,,,,ALL_N1,,,,,,,
IT1:DF_DCSS_ISTR_LAV_PEN_2_TV_3(1.0),A,082039,RESPOP_AV,F,Y_GE15,TOTAL,ALL,5,ALL,ALL,2022,60.7669134423833,,,,,,,,ALL_N1,,,,,,,
IT1:DF_DCSS_ISTR_LAV_PEN_2_TV_3(1.0),A,082039,RESPOP_AV,F,Y_GE15,TOTAL,ALL,5,ALL,ALL,2023,56.494207211770316,,,,,,,,ALL_N1,,,,,,,
IT1:DF_DCSS_ISTR_LAV_PEN_2_TV_3(1.0),A,082039,RESPOP_AV,F,Y_GE15,TOTAL,ALL,5,ALL,ALL,2024,58.7095270092989,,,,,,,,ALL_N1,,,,,,,
IT1:DF_DCSS_ISTR_LAV_PEN_2_TV_3(1.0),A,082039,RESPOP_AV,F,Y_GE15,TOTAL,ALL,7,ALL,ALL,2018,95,,,,,,,,ALL_N1,,,,,,,
IT1:DF_DCSS_ISTR_LAV_PEN_2_TV_3(1.0),A,082039,RESPOP_AV,F,Y_GE15,TOTAL,ALL,7,ALL,ALL,2019,60,,,,,,,,ALL_N1,,,,,,,
IT1:DF_DCSS_ISTR_LAV_PEN_2_TV_3(1.0),A,082039,RESPOP_AV,F,Y_GE15,TOTAL,ALL,7,ALL,ALL,2021,66.6879703395789,,,,,,,,ALL_N1,,,,,,,
IT1:DF_DCSS_ISTR_LAV_PEN_2_TV_3(1.0),A,082039,RESPOP_AV,F,Y_GE15,TOTAL,ALL,7,ALL,ALL,2022,66.1782720689256,,,,,,,,ALL_N1,,,,,,,
IT1:DF_DCSS_ISTR_LAV_PEN_2_TV_3(1.0),A,082039,RESPOP_AV,F,Y_GE15,TOTAL,ALL,7,ALL,ALL,2023,57.081181684388845,,,,,,,,ALL_N1,,,,,,,
IT1:DF_DCSS_ISTR_LAV_PEN_2_TV_3(1.0),A,082039,RESPOP_AV,F,Y_GE15,TOTAL,ALL,7,ALL,ALL,2024,64.41571140659556,,,,,,,,ALL_N1,,,,,,,
IT1:DF_DCSS_ISTR_LAV_PEN_2_TV_3(1.0),A,082039,RESPOP_AV,F,Y_GE15,TOTAL,ALL,99,ALL,ALL,2018,834,,,,,,,,ALL_N1,99_N1,,,,,,
IT1:DF_DCSS_ISTR_LAV_PEN_2_TV_3(1.0),A,082039,RESPOP_AV,F,Y_GE15,TOTAL,ALL,99,ALL,ALL,2019,826,,,,,,,,ALL_N1,99_N1,,,,,,
IT1:DF_DCSS_ISTR_LAV_PEN_2_TV_3(1.0),A,082039,RESPOP_AV,F,Y_GE15,TOTAL,ALL,99,ALL,ALL,2021,796,,,,,,,,ALL_N1,99_N1,,,,,,
IT1:DF_DCSS_ISTR_LAV_PEN_2_TV_3(1.0),A,082039,RESPOP_AV,F,Y_GE15,TOTAL,ALL,99,ALL,ALL,2022,780,,,,,,,,ALL_N1,99_N1,,,,,,
IT1:DF_DCSS_ISTR_LAV_PEN_2_TV_3(1.0),A,082039,RESPOP_AV,F,Y_GE15,TOTAL,ALL,99,ALL,ALL,2023,767,,,,,,,,ALL_N1,99_N1,,,,,,
IT1:DF_DCSS_ISTR_LAV_PEN_2_TV_3(1.0),A,082039,RESPOP_AV,F,Y_GE15,TOTAL,ALL,99,ALL,ALL,2024,757,,,,,,,,ALL_N1,99_N1,,,,,,
IT1:DF_DCSS_ISTR_LAV_PEN_2_TV_3(1.0),A,082039,RESPOP_AV,M,Y_GE15,TOTAL,ALL,1,ALL,ALL,2018,333,,,,,,,,ALL_N1,,,,,,,
IT1:DF_DCSS_ISTR_LAV_PEN_2_TV_3(1.0),A,082039,RESPOP_AV,M,Y_GE15,TOTAL,ALL,1,ALL,ALL,2019,353,,,,,,,,ALL_N1,,,,,,,
IT1:DF_DCSS_ISTR_LAV_PEN_2_TV_3(1.0),A,082039,RESPOP_AV,M,Y_GE15,TOTAL,ALL,1,ALL,ALL,2021,354,,,,,,,,ALL_N1,,,,,,,
IT1:DF_DCSS_ISTR_LAV_PEN_2_TV_3(1.0),A,082039,RESPOP_AV,M,Y_GE15,TOTAL,ALL,1,ALL,ALL,2022,325,,,,,,,,ALL_N1,,,,,,,
IT1:DF_DCSS_ISTR_LAV_PEN_2_TV_3(1.0),A,082039,RESPOP_AV,M,Y_GE15,TOTAL,ALL,1,ALL,ALL,2023,337,,,,,,,,ALL_N1,,,,,,,
IT1:DF_DCSS_ISTR_LAV_PEN_2_TV_3(1.0),A,082039,RESPOP_AV,M,Y_GE15,TOTAL,ALL,1,ALL,ALL,2024,346,,,,,,,,ALL_N1,,,,,,,
IT1:DF_DCSS_ISTR_LAV_PEN_2_TV_3(1.0),A,082039,RESPOP_AV,M,Y_GE15,TOTAL,ALL,12,ALL,ALL,2018,117,,,,,,,,ALL_N1,,,,,,,
IT1:DF_DCSS_ISTR_LAV_PEN_2_TV_3(1.0),A,082039,RESPOP_AV,M,Y_GE15,TOTAL,ALL,12,ALL,ALL,2019,104,,,,,,,,ALL_N1,,,,,,,
IT1:DF_DCSS_ISTR_LAV_PEN_2_TV_3(1.0),A,082039,RESPOP_AV,M,Y_GE15,TOTAL,ALL,12,ALL,ALL,2021,51.5197454526589,,,,,,,,ALL_N1,,,,,,,
IT1:DF_DCSS_ISTR_LAV_PEN_2_TV_3(1.0),A,082039,RESPOP_AV,M,Y_GE15,TOTAL,ALL,12,ALL,ALL,2022,61.0834777759513,,,,,,,,ALL_N1,,,,,,,
IT1:DF_DCSS_ISTR_LAV_PEN_2_TV_3(1.0),A,082039,RESPOP_AV,M,Y_GE15,TOTAL,ALL,12,ALL,ALL,2023,61.15366008305252,,,,,,,,ALL_N1,,,,,,,
IT1:DF_DCSS_ISTR_LAV_PEN_2_TV_3(1.0),A,082039,RESPOP_AV,M,Y_GE15,TOTAL,ALL,12,ALL,ALL,2024,42.474066834192776,,,,,,,,ALL_N1,,,,,,,
IT1:DF_DCSS_ISTR_LAV_PEN_2_TV_3(1.0),A,082039,RESPOP_AV,M,Y_GE15,TOTAL,ALL,22,ALL,ALL,2018,450,,,,,,,,ALL_N1,,,,,,,
IT1:DF_DCSS_ISTR_LAV_PEN_2_TV_3(1.0),A,082039,RESPOP_AV,M,Y_GE15,TOTAL,ALL,22,ALL,ALL,2019,457,,,,,,,,ALL_N1,,,,,,,
IT1:DF_DCSS_ISTR_LAV_PEN_2_TV_3(1.0),A,082039,RESPOP_AV,M,Y_GE15,TOTAL,ALL,22,ALL,ALL,2021,405.519745452659,,,,,,,,ALL_N1,,,,,,,
IT1:DF_DCSS_ISTR_LAV_PEN_2_TV_3(1.0),A,082039,RESPOP_AV,M,Y_GE15,TOTAL,ALL,22,ALL,ALL,2022,386.083477775951,,,,,,,,ALL_N1,,,,,,,
IT1:DF_DCSS_ISTR_LAV_PEN_2_TV_3(1.0),A,082039,RESPOP_AV,M,Y_GE15,TOTAL,ALL,22,ALL,ALL,2023,398.1536600830525,,,,,,,,ALL_N1,,,,,,,
IT1:DF_DCSS_ISTR_LAV_PEN_2_TV_3(1.0),A,082039,RESPOP_AV,M,Y_GE15,TOTAL,ALL,22,ALL,ALL,2024,388.4740668341928,,,,,,,,ALL_N1,,,,,,,
IT1:DF_DCSS_ISTR_LAV_PEN_2_TV_3(1.0),A,082039,RESPOP_AV,M,Y_GE15,TOTAL,ALL,23,ALL,ALL,2018,380,,,,,,,,ALL_N1,,,,,,,
IT1:DF_DCSS_ISTR_LAV_PEN_2_TV_3(1.0),A,082039,RESPOP_AV,M,Y_GE15,TOTAL,ALL,23,ALL,ALL,2019,352,,,,,,,,ALL_N1,,,,,,,
IT1:DF_DCSS_ISTR_LAV_PEN_2_TV_3(1.0),A,082039,RESPOP_AV,M,Y_GE15,TOTAL,ALL,23,ALL,ALL,2021,377.480254547341,,,,,,,,ALL_N1,,,,,,,
IT1:DF_DCSS_ISTR_LAV_PEN_2_TV_3(1.0),A,082039,RESPOP_AV,M,Y_GE15,TOTAL,ALL,23,ALL,ALL,2022,378.916522224049,,,,,,,,ALL_N1,,,,,,,
IT1:DF_DCSS_ISTR_LAV_PEN_2_TV_3(1.0),A,082039,RESPOP_AV,M,Y_GE15,TOTAL,ALL,23,ALL,ALL,2023,356.8463399169475,,,,,,,,ALL_N1,,,,,,,
IT1:DF_DCSS_ISTR_LAV_PEN_2_TV_3(1.0),A,082039,RESPOP_AV,M,Y_GE15,TOTAL,ALL,23,ALL,ALL,2024,355.5259331658072,,,,,,,,ALL_N1,,,,,,,
IT1:DF_DCSS_ISTR_LAV_PEN_2_TV_3(1.0),A,082039,RESPOP_AV,M,Y_GE15,TOTAL,ALL,24,ALL,ALL,2018,222,,,,,,,,ALL_N1,,,,,,,
IT1:DF_DCSS_ISTR_LAV_PEN_2_TV_3(1.0),A,082039,RESPOP_AV,M,Y_GE15,TOTAL,ALL,24,ALL,ALL,2019,233,,,,,,,,ALL_N1,,,,,,,
IT1:DF_DCSS_ISTR_LAV_PEN_2_TV_3(1.0),A,082039,RESPOP_AV,M,Y_GE15,TOTAL,ALL,24,ALL,ALL,2021,237.129812946579,,,,,,,,ALL_N1,,,,,,,
IT1:DF_DCSS_ISTR_LAV_PEN_2_TV_3(1.0),A,082039,RESPOP_AV,M,Y_GE15,TOTAL,ALL,24,ALL,ALL,2022,232.690339398212,,,,,,,,ALL_N1,,,,,,,
IT1:DF_DCSS_ISTR_LAV_PEN_2_TV_3(1.0),A,082039,RESPOP_AV,M,Y_GE15,TOTAL,ALL,24,ALL,ALL,2023,232.10105731908993,,,,,,,,ALL_N1,,,,,,,
IT1:DF_DCSS_ISTR_LAV_PEN_2_TV_3(1.0),A,082039,RESPOP_AV,M,Y_GE15,TOTAL,ALL,24,ALL,ALL,2024,224.02373934485473,,,,,,,,ALL_N1,,,,,,,
IT1:DF_DCSS_ISTR_LAV_PEN_2_TV_3(1.0),A,082039,RESPOP_AV,M,Y_GE15,TOTAL,ALL,4,ALL,ALL,2018,4,,,,,,,,ALL_N1,,,,,,,
IT1:DF_DCSS_ISTR_LAV_PEN_2_TV_3(1.0),A,082039,RESPOP_AV,M,Y_GE15,TOTAL,ALL,4,ALL,ALL,2019,4,,,,,,,,ALL_N1,,,,,,,
IT1:DF_DCSS_ISTR_LAV_PEN_2_TV_3(1.0),A,082039,RESPOP_AV,M,Y_GE15,TOTAL,ALL,4,ALL,ALL,2021,9.77100994971786,,,,,,,,ALL_N1,,,,,,,
IT1:DF_DCSS_ISTR_LAV_PEN_2_TV_3(1.0),A,082039,RESPOP_AV,M,Y_GE15,TOTAL,ALL,4,ALL,ALL,2022,10.1364406527264,,,,,,,,ALL_N1,,,,,,,
IT1:DF_DCSS_ISTR_LAV_PEN_2_TV_3(1.0),A,082039,RESPOP_AV,M,Y_GE15,TOTAL,ALL,4,ALL,ALL,2023,9.327621300726399,,,,,,,,ALL_N1,,,,,,,
IT1:DF_DCSS_ISTR_LAV_PEN_2_TV_3(1.0),A,082039,RESPOP_AV,M,Y_GE15,TOTAL,ALL,4,ALL,ALL,2024,9.539099491497662,,,,,,,,ALL_N1,,,,,,,
IT1:DF_DCSS_ISTR_LAV_PEN_2_TV_3(1.0),A,082039,RESPOP_AV,M,Y_GE15,TOTAL,ALL,5,ALL,ALL,2018,47,,,,,,,,ALL_N1,,,,,,,
IT1:DF_DCSS_ISTR_LAV_PEN_2_TV_3(1.0),A,082039,RESPOP_AV,M,Y_GE15,TOTAL,ALL,5,ALL,ALL,2019,48,,,,,,,,ALL_N1,,,,,,,
IT1:DF_DCSS_ISTR_LAV_PEN_2_TV_3(1.0),A,082039,RESPOP_AV,M,Y_GE15,TOTAL,ALL,5,ALL,ALL,2021,47.989810556559,,,,,,,,ALL_N1,,,,,,,
IT1:DF_DCSS_ISTR_LAV_PEN_2_TV_3(1.0),A,082039,RESPOP_AV,M,Y_GE15,TOTAL,ALL,5,ALL,ALL,2022,51.979634777084,,,,,,,,ALL_N1,,,,,,,
IT1:DF_DCSS_ISTR_LAV_PEN_2_TV_3(1.0),A,082039,RESPOP_AV,M,Y_GE15,TOTAL,ALL,5,ALL,ALL,2023,49.71125860462744,,,,,,,,ALL_N1,,,,,,,
IT1:DF_DCSS_ISTR_LAV_PEN_2_TV_3(1.0),A,082039,RESPOP_AV,M,Y_GE15,TOTAL,ALL,5,ALL,ALL,2024,47.836658015157184,,,,,,,,ALL_N1,,,,,,,
IT1:DF_DCSS_ISTR_LAV_PEN_2_TV_3(1.0),A,082039,RESPOP_AV,M,Y_GE15,TOTAL,ALL,7,ALL,ALL,2018,107,,,,,,,,ALL_N1,,,,,,,
IT1:DF_DCSS_ISTR_LAV_PEN_2_TV_3(1.0),A,082039,RESPOP_AV,M,Y_GE15,TOTAL,ALL,7,ALL,ALL,2019,67,,,,,,,,ALL_N1,,,,,,,
IT1:DF_DCSS_ISTR_LAV_PEN_2_TV_3(1.0),A,082039,RESPOP_AV,M,Y_GE15,TOTAL,ALL,7,ALL,ALL,2021,82.5896210944857,,,,,,,,ALL_N1,,,,,,,
IT1:DF_DCSS_ISTR_LAV_PEN_2_TV_3(1.0),A,082039,RESPOP_AV,M,Y_GE15,TOTAL,ALL,7,ALL,ALL,2022,84.1101073960267,,,,,,,,ALL_N1,,,,,,,
IT1:DF_DCSS_ISTR_LAV_PEN_2_TV_3(1.0),A,082039,RESPOP_AV,M,Y_GE15,TOTAL,ALL,7,ALL,ALL,2023,65.70640269250372,,,,,,,,ALL_N1,,,,,,,
IT1:DF_DCSS_ISTR_LAV_PEN_2_TV_3(1.0),A,082039,RESPOP_AV,M,Y_GE15,TOTAL,ALL,7,ALL,ALL,2024,74.12643631429759,,,,,,,,ALL_N1,,,,,,,
IT1:DF_DCSS_ISTR_LAV_PEN_2_TV_3(1.0),A,082039,RESPOP_AV,M,Y_GE15,TOTAL,ALL,99,ALL,ALL,2018,829,,,,,,,,ALL_N1,99_N1,,,,,,
IT1:DF_DCSS_ISTR_LAV_PEN_2_TV_3(1.0),A,082039,RESPOP_AV,M,Y_GE15,TOTAL,ALL,99,ALL,ALL,2019,809,,,,,,,,ALL_N1,99_N1,,,,,,
IT1:DF_DCSS_ISTR_LAV_PEN_2_TV_3(1.0),A,082039,RESPOP_AV,M,Y_GE15,TOTAL,ALL,99,ALL,ALL,2021,783,,,,,,,,ALL_N1,99_N1,,,,,,
IT1:DF_DCSS_ISTR_LAV_PEN_2_TV_3(1.0),A,082039,RESPOP_AV,M,Y_GE15,TOTAL,ALL,99,ALL,ALL,2022,765,,,,,,,,ALL_N1,99_N1,,,,,,
IT1:DF_DCSS_ISTR_LAV_PEN_2_TV_3(1.0),A,082039,RESPOP_AV,M,Y_GE15,TOTAL,ALL,99,ALL,ALL,2023,755,,,,,,,,ALL_N1,99_N1,,,,,,
IT1:DF_DCSS_ISTR_LAV_PEN_2_TV_3(1.0),A,082039,RESPOP_AV,M,Y_GE15,TOTAL,ALL,99,ALL,ALL,2024,744,,,,,,,,ALL_N1,99_N1,,,,,,
IT1:DF_DCSS_ISTR_LAV_PEN_2_TV_3(1.0),A,082039,RESPOP_AV,T,Y_GE15,TOTAL,ALL,1,ALL,ALL,2018,526,,,,,,,,ALL_N1,,,,,,,
IT1:DF_DCSS_ISTR_LAV_PEN_2_TV_3(1.0),A,082039,RESPOP_AV,T,Y_GE15,TOTAL,ALL,1,ALL,ALL,2019,582,,,,,,,,ALL_N1,,,,,,,
IT1:DF_DCSS_ISTR_LAV_PEN_2_TV_3(1.0),A,082039,RESPOP_AV,T,Y_GE15,TOTAL,ALL,1,ALL,ALL,2021,573,,,,,,,,ALL_N1,,,,,,,
IT1:DF_DCSS_ISTR_LAV_PEN_2_TV_3(1.0),A,082039,RESPOP_AV,T,Y_GE15,TOTAL,ALL,1,ALL,ALL,2022,542,,,,,,,,ALL_N1,,,,,,,
IT1:DF_DCSS_ISTR_LAV_PEN_2_TV_3(1.0),A,082039,RESPOP_AV,T,Y_GE15,TOTAL,ALL,1,ALL,ALL,2023,563,,,,,,,,ALL_N1,,,,,,,
IT1:DF_DCSS_ISTR_LAV_PEN_2_TV_3(1.0),A,082039,RESPOP_AV,T,Y_GE15,TOTAL,ALL,1,ALL,ALL,2024,574,,,,,,,,ALL_N1,,,,,,,
IT1:DF_DCSS_ISTR_LAV_PEN_2_TV_3(1.0),A,082039,RESPOP_AV,T,Y_GE15,TOTAL,ALL,12,ALL,ALL,2018,236,,,,,,,,ALL_N1,,,,,,,
IT1:DF_DCSS_ISTR_LAV_PEN_2_TV_3(1.0),A,082039,RESPOP_AV,T,Y_GE15,TOTAL,ALL,12,ALL,ALL,2019,209,,,,,,,,ALL_N1,,,,,,,
IT1:DF_DCSS_ISTR_LAV_PEN_2_TV_3(1.0),A,082039,RESPOP_AV,T,Y_GE15,TOTAL,ALL,12,ALL,ALL,2021,96.8938486995225,,,,,,,,ALL_N1,,,,,,,
IT1:DF_DCSS_ISTR_LAV_PEN_2_TV_3(1.0),A,082039,RESPOP_AV,T,Y_GE15,TOTAL,ALL,12,ALL,ALL,2022,110.74878915609,,,,,,,,ALL_N1,,,,,,,
IT1:DF_DCSS_ISTR_LAV_PEN_2_TV_3(1.0),A,082039,RESPOP_AV,T,Y_GE15,TOTAL,ALL,12,ALL,ALL,2023,115.03140940013651,,,,,,,,ALL_N1,,,,,,,
IT1:DF_DCSS_ISTR_LAV_PEN_2_TV_3(1.0),A,082039,RESPOP_AV,T,Y_GE15,TOTAL,ALL,12,ALL,ALL,2024,78.6318266692892,,,,,,,,ALL_N1,,,,,,,
IT1:DF_DCSS_ISTR_LAV_PEN_2_TV_3(1.0),A,082039,RESPOP_AV,T,Y_GE15,TOTAL,ALL,22,ALL,ALL,2018,762,,,,,,,,ALL_N1,,,,,,,
IT1:DF_DCSS_ISTR_LAV_PEN_2_TV_3(1.0),A,082039,RESPOP_AV,T,Y_GE15,TOTAL,ALL,22,ALL,ALL,2019,790,,,,,,,,ALL_N1,,,,,,,
IT1:DF_DCSS_ISTR_LAV_PEN_2_TV_3(1.0),A,082039,RESPOP_AV,T,Y_GE15,TOTAL,ALL,22,ALL,ALL,2021,669.893848699523,,,,,,,,ALL_N1,,,,,,,
IT1:DF_DCSS_ISTR_LAV_PEN_2_TV_3(1.0),A,082039,RESPOP_AV,T,Y_GE15,TOTAL,ALL,22,ALL,ALL,2022,652.74878915609,,,,,,,,ALL_N1,,,,,,,
IT1:DF_DCSS_ISTR_LAV_PEN_2_TV_3(1.0),A,082039,RESPOP_AV,T,Y_GE15,TOTAL,ALL,22,ALL,ALL,2023,678.0314094001365,,,,,,,,ALL_N1,,,,,,,
IT1:DF_DCSS_ISTR_LAV_PEN_2_TV_3(1.0),A,082039,RESPOP_AV,T,Y_GE15,TOTAL,ALL,22,ALL,ALL,2024,652.6318266692892,,,,,,,,ALL_N1,,,,,,,
IT1:DF_DCSS_ISTR_LAV_PEN_2_TV_3(1.0),A,082039,RESPOP_AV,T,Y_GE15,TOTAL,ALL,23,ALL,ALL,2018,901,,,,,,,,ALL_N1,,,,,,,
IT1:DF_DCSS_ISTR_LAV_PEN_2_TV_3(1.0),A,082039,RESPOP_AV,T,Y_GE15,TOTAL,ALL,23,ALL,ALL,2019,845,,,,,,,,ALL_N1,,,,,,,
IT1:DF_DCSS_ISTR_LAV_PEN_2_TV_3(1.0),A,082039,RESPOP_AV,T,Y_GE15,TOTAL,ALL,23,ALL,ALL,2021,909.106151300477,,,,,,,,ALL_N1,,,,,,,
IT1:DF_DCSS_ISTR_LAV_PEN_2_TV_3(1.0),A,082039,RESPOP_AV,T,Y_GE15,TOTAL,ALL,23,ALL,ALL,2022,892.25121084391,,,,,,,,ALL_N1,,,,,,,
IT1:DF_DCSS_ISTR_LAV_PEN_2_TV_3(1.0),A,082039,RESPOP_AV,T,Y_GE15,TOTAL,ALL,23,ALL,ALL,2023,843.9685905998634,,,,,,,,ALL_N1,,,,,,,
IT1:DF_DCSS_ISTR_LAV_PEN_2_TV_3(1.0),A,082039,RESPOP_AV,T,Y_GE15,TOTAL,ALL,23,ALL,ALL,2024,848.3681733307108,,,,,,,,ALL_N1,,,,,,,
IT1:DF_DCSS_ISTR_LAV_PEN_2_TV_3(1.0),A,082039,RESPOP_AV,T,Y_GE15,TOTAL,ALL,24,ALL,ALL,2018,451,,,,,,,,ALL_N1,,,,,,,
IT1:DF_DCSS_ISTR_LAV_PEN_2_TV_3(1.0),A,082039,RESPOP_AV,T,Y_GE15,TOTAL,ALL,24,ALL,ALL,2019,482,,,,,,,,ALL_N1,,,,,,,
IT1:DF_DCSS_ISTR_LAV_PEN_2_TV_3(1.0),A,082039,RESPOP_AV,T,Y_GE15,TOTAL,ALL,24,ALL,ALL,2021,485.101825276466,,,,,,,,ALL_N1,,,,,,,
IT1:DF_DCSS_ISTR_LAV_PEN_2_TV_3(1.0),A,082039,RESPOP_AV,T,Y_GE15,TOTAL,ALL,24,ALL,ALL,2022,467.883855728835,,,,,,,,ALL_N1,,,,,,,
IT1:DF_DCSS_ISTR_LAV_PEN_2_TV_3(1.0),A,082039,RESPOP_AV,T,Y_GE15,TOTAL,ALL,24,ALL,ALL,2023,474.29650371361805,,,,,,,,ALL_N1,,,,,,,
IT1:DF_DCSS_ISTR_LAV_PEN_2_TV_3(1.0),A,082039,RESPOP_AV,T,Y_GE15,TOTAL,ALL,24,ALL,ALL,2024,450.6900683007535,,,,,,,,ALL_N1,,,,,,,
IT1:DF_DCSS_ISTR_LAV_PEN_2_TV_3(1.0),A,082039,RESPOP_AV,T,Y_GE15,TOTAL,ALL,4,ALL,ALL,2018,139,,,,,,,,ALL_N1,,,,,,,
IT1:DF_DCSS_ISTR_LAV_PEN_2_TV_3(1.0),A,082039,RESPOP_AV,T,Y_GE15,TOTAL,ALL,4,ALL,ALL,2019,125,,,,,,,,ALL_N1,,,,,,,
IT1:DF_DCSS_ISTR_LAV_PEN_2_TV_3(1.0),A,082039,RESPOP_AV,T,Y_GE15,TOTAL,ALL,4,ALL,ALL,2021,163.868697191455,,,,,,,,ALL_N1,,,,,,,
IT1:DF_DCSS_ISTR_LAV_PEN_2_TV_3(1.0),A,082039,RESPOP_AV,T,Y_GE15,TOTAL,ALL,4,ALL,ALL,2022,161.332427430655,,,,,,,,ALL_N1,,,,,,,
IT1:DF_DCSS_ISTR_LAV_PEN_2_TV_3(1.0),A,082039,RESPOP_AV,T,Y_GE15,TOTAL,ALL,4,ALL,ALL,2023,140.6790366929551,,,,,,,,ALL_N1,,,,,,,
IT1:DF_DCSS_ISTR_LAV_PEN_2_TV_3(1.0),A,082039,RESPOP_AV,T,Y_GE15,TOTAL,ALL,4,ALL,ALL,2024,152.5897722846079,,,,,,,,ALL_N1,,,,,,,
IT1:DF_DCSS_ISTR_LAV_PEN_2_TV_3(1.0),A,082039,RESPOP_AV,T,Y_GE15,TOTAL,ALL,5,ALL,ALL,2018,109,,,,,,,,ALL_N1,,,,,,,
IT1:DF_DCSS_ISTR_LAV_PEN_2_TV_3(1.0),A,082039,RESPOP_AV,T,Y_GE15,TOTAL,ALL,5,ALL,ALL,2019,112,,,,,,,,ALL_N1,,,,,,,
IT1:DF_DCSS_ISTR_LAV_PEN_2_TV_3(1.0),A,082039,RESPOP_AV,T,Y_GE15,TOTAL,ALL,5,ALL,ALL,2021,110.858037398492,,,,,,,,ALL_N1,,,,,,,
IT1:DF_DCSS_ISTR_LAV_PEN_2_TV_3(1.0),A,082039,RESPOP_AV,T,Y_GE15,TOTAL,ALL,5,ALL,ALL,2022,112.746548219467,,,,,,,,ALL_N1,,,,,,,
IT1:DF_DCSS_ISTR_LAV_PEN_2_TV_3(1.0),A,082039,RESPOP_AV,T,Y_GE15,TOTAL,ALL,5,ALL,ALL,2023,106.20546581639776,,,,,,,,ALL_N1,,,,,,,
IT1:DF_DCSS_ISTR_LAV_PEN_2_TV_3(1.0),A,082039,RESPOP_AV,T,Y_GE15,TOTAL,ALL,5,ALL,ALL,2024,106.5461850244561,,,,,,,,ALL_N1,,,,,,,
IT1:DF_DCSS_ISTR_LAV_PEN_2_TV_3(1.0),A,082039,RESPOP_AV,T,Y_GE15,TOTAL,ALL,7,ALL,ALL,2018,202,,,,,,,,ALL_N1,,,,,,,
IT1:DF_DCSS_ISTR_LAV_PEN_2_TV_3(1.0),A,082039,RESPOP_AV,T,Y_GE15,TOTAL,ALL,7,ALL,ALL,2019,127,,,,,,,,ALL_N1,,,,,,,
IT1:DF_DCSS_ISTR_LAV_PEN_2_TV_3(1.0),A,082039,RESPOP_AV,T,Y_GE15,TOTAL,ALL,7,ALL,ALL,2021,149.277591434065,,,,,,,,ALL_N1,,,,,,,
IT1:DF_DCSS_ISTR_LAV_PEN_2_TV_3(1.0),A,082039,RESPOP_AV,T,Y_GE15,TOTAL,ALL,7,ALL,ALL,2022,150.288379464952,,,,,,,,ALL_N1,,,,,,,
IT1:DF_DCSS_ISTR_LAV_PEN_2_TV_3(1.0),A,082039,RESPOP_AV,T,Y_GE15,TOTAL,ALL,7,ALL,ALL,2023,122.78758437689257,,,,,,,,ALL_N1,,,,,,,
IT1:DF_DCSS_ISTR_LAV_PEN_2_TV_3(1.0),A,082039,RESPOP_AV,T,Y_GE15,TOTAL,ALL,7,ALL,ALL,2024,138.54214772089315,,,,,,,,ALL_N1,,,,,,,
IT1:DF_DCSS_ISTR_LAV_PEN_2_TV_3(1.0),A,082039,RESPOP_AV,T,Y_GE15,TOTAL,ALL,99,ALL,ALL,2018,1663,,,,,,,,ALL_N1,99_N1,,,,,,
IT1:DF_DCSS_ISTR_LAV_PEN_2_TV_3(1.0),A,082039,RESPOP_AV,T,Y_GE15,TOTAL,ALL,99,ALL,ALL,2019,1635,,,,,,,,ALL_N1,99_N1,,,,,,
IT1:DF_DCSS_ISTR_LAV_PEN_2_TV_3(1.0),A,082039,RESPOP_AV,T,Y_GE15,TOTAL,ALL,99,ALL,ALL,2021,1579,,,,,,,,ALL_N1,99_N1,,,,,,
IT1:DF_DCSS_ISTR_LAV_PEN_2_TV_3(1.0),A,082039,RESPOP_AV,T,Y_GE15,TOTAL,ALL,99,ALL,ALL,2022,1545,,,,,,,,ALL_N1,99_N1,,,,,,
IT1:DF_DCSS_ISTR_LAV_PEN_2_TV_3(1.0),A,082039,RESPOP_AV,T,Y_GE15,TOTAL,ALL,99,ALL,ALL,2023,1522,,,,,,,,ALL_N1,99_N1,,,,,,
IT1:DF_DCSS_ISTR_LAV_PEN_2_TV_3(1.0),A,082039,RESPOP_AV,T,Y_GE15,TOTAL,ALL,99,ALL,ALL,2024,1501,,,,,,,,ALL_N1,99_N1,,,,,,
IT1:DF_DCSS_ISTR_LAV_PEN_2_TV_3(1.0),A,082040,RESPOP_AV,F,Y_GE15,TOTAL,ALL,1,ALL,ALL,2018,105,,,,,,,,ALL_N1,,,,,,,
IT1:DF_DCSS_ISTR_LAV_PEN_2_TV_3(1.0),A,082040,RESPOP_AV,F,Y_GE15,TOTAL,ALL,1,ALL,ALL,2019,109,,,,,,,,ALL_N1,,,,,,,
IT1:DF_DCSS_ISTR_LAV_PEN_2_TV_3(1.0),A,082040,RESPOP_AV,F,Y_GE15,TOTAL,ALL,1,ALL,ALL,2021,119,,,,,,,,ALL_N1,,,,,,,
IT1:DF_DCSS_ISTR_LAV_PEN_2_TV_3(1.0),A,082040,RESPOP_AV,F,Y_GE15,TOTAL,ALL,1,ALL,ALL,2022,113,,,,,,,,ALL_N1,,,,,,,
IT1:DF_DCSS_ISTR_LAV_PEN_2_TV_3(1.0),A,082040,RESPOP_AV,F,Y_GE15,TOTAL,ALL,1,ALL,ALL,2023,128,,,,,,,,ALL_N1,,,,,,,
IT1:DF_DCSS_ISTR_LAV_PEN_2_TV_3(1.0),A,082040,RESPOP_AV,F,Y_GE15,TOTAL,ALL,1,ALL,ALL,2024,122,,,,,,,,ALL_N1,,,,,,,
IT1:DF_DCSS_ISTR_LAV_PEN_2_TV_3(1.0),A,082040,RESPOP_AV,F,Y_GE15,TOTAL,ALL,12,ALL,ALL,2018,61,,,,,,,,ALL_N1,,,,,,,
IT1:DF_DCSS_ISTR_LAV_PEN_2_TV_3(1.0),A,082040,RESPOP_AV,F,Y_GE15,TOTAL,ALL,12,ALL,ALL,2019,68,,,,,,,,ALL_N1,,,,,,,
IT1:DF_DCSS_ISTR_LAV_PEN_2_TV_3(1.0),A,082040,RESPOP_AV,F,Y_GE15,TOTAL,ALL,12,ALL,ALL,2021,34.9291454578371,,,,,,,,ALL_N1,,,,,,,
IT1:DF_DCSS_ISTR_LAV_PEN_2_TV_3(1.0),A,082040,RESPOP_AV,F,Y_GE15,TOTAL,ALL,12,ALL,ALL,2022,40.7560658037116,,,,,,,,ALL_N1,,,,,,,
IT1:DF_DCSS_ISTR_LAV_PEN_2_TV_3(1.0),A,082040,RESPOP_AV,F,Y_GE15,TOTAL,ALL,12,ALL,ALL,2023,40.47029065837181,,,,,,,,ALL_N1,,,,,,,
IT1:DF_DCSS_ISTR_LAV_PEN_2_TV_3(1.0),A,082040,RESPOP_AV,F,Y_GE15,TOTAL,ALL,12,ALL,ALL,2024,34.64616052531254,,,,,,,,ALL_N1,,,,,,,
IT1:DF_DCSS_ISTR_LAV_PEN_2_TV_3(1.0),A,082040,RESPOP_AV,F,Y_GE15,TOTAL,ALL,22,ALL,ALL,2018,166,,,,,,,,ALL_N1,,,,,,,
IT1:DF_DCSS_ISTR_LAV_PEN_2_TV_3(1.0),A,082040,RESPOP_AV,F,Y_GE15,TOTAL,ALL,22,ALL,ALL,2019,176,,,,,,,,ALL_N1,,,,,,,
IT1:DF_DCSS_ISTR_LAV_PEN_2_TV_3(1.0),A,082040,RESPOP_AV,F,Y_GE15,TOTAL,ALL,22,ALL,ALL,2021,153.929145457837,,,,,,,,ALL_N1,,,,,,,
IT1:DF_DCSS_ISTR_LAV_PEN_2_TV_3(1.0),A,082040,RESPOP_AV,F,Y_GE15,TOTAL,ALL,22,ALL,ALL,2022,153.756065803712,,,,,,,,ALL_N1,,,,,,,
IT1:DF_DCSS_ISTR_LAV_PEN_2_TV_3(1.0),A,082040,RESPOP_AV,F,Y_GE15,TOTAL,ALL,22,ALL,ALL,2023,168.4702906583718,,,,,,,,ALL_N1,,,,,,,
IT1:DF_DCSS_ISTR_LAV_PEN_2_TV_3(1.0),A,082040,RESPOP_AV,F,Y_GE15,TOTAL,ALL,22,ALL,ALL,2024,156.64616052531252,,,,,,,,ALL_N1,,,,,,,
IT1:DF_DCSS_ISTR_LAV_PEN_2_TV_3(1.0),A,082040,RESPOP_AV,F,Y_GE15,TOTAL,ALL,23,ALL,ALL,2018,329,,,,,,,,ALL_N1,,,,,,,
IT1:DF_DCSS_ISTR_LAV_PEN_2_TV_3(1.0),A,082040,RESPOP_AV,F,Y_GE15,TOTAL,ALL,23,ALL,ALL,2019,312,,,,,,,,ALL_N1,,,,,,,
IT1:DF_DCSS_ISTR_LAV_PEN_2_TV_3(1.0),A,082040,RESPOP_AV,F,Y_GE15,TOTAL,ALL,23,ALL,ALL,2021,311.070854542163,,,,,,,,ALL_N1,,,,,,,
IT1:DF_DCSS_ISTR_LAV_PEN_2_TV_3(1.0),A,082040,RESPOP_AV,F,Y_GE15,TOTAL,ALL,23,ALL,ALL,2022,302.243934196288,,,,,,,,ALL_N1,,,,,,,
IT1:DF_DCSS_ISTR_LAV_PEN_2_TV_3(1.0),A,082040,RESPOP_AV,F,Y_GE15,TOTAL,ALL,23,ALL,ALL,2023,286.5297093416282,,,,,,,,ALL_N1,,,,,,,
IT1:DF_DCSS_ISTR_LAV_PEN_2_TV_3(1.0),A,082040,RESPOP_AV,F,Y_GE15,TOTAL,ALL,23,ALL,ALL,2024,291.35383947468745,,,,,,,,ALL_N1,,,,,,,
IT1:DF_DCSS_ISTR_LAV_PEN_2_TV_3(1.0),A,082040,RESPOP_AV,F,Y_GE15,TOTAL,ALL,24,ALL,ALL,2018,106,,,,,,,,ALL_N1,,,,,,,
IT1:DF_DCSS_ISTR_LAV_PEN_2_TV_3(1.0),A,082040,RESPOP_AV,F,Y_GE15,TOTAL,ALL,24,ALL,ALL,2019,110,,,,,,,,ALL_N1,,,,,,,
IT1:DF_DCSS_ISTR_LAV_PEN_2_TV_3(1.0),A,082040,RESPOP_AV,F,Y_GE15,TOTAL,ALL,24,ALL,ALL,2021,102.838418565509,,,,,,,,ALL_N1,,,,,,,
IT1:DF_DCSS_ISTR_LAV_PEN_2_TV_3(1.0),A,082040,RESPOP_AV,F,Y_GE15,TOTAL,ALL,24,ALL,ALL,2022,95.8004592695466,,,,,,,,ALL_N1,,,,,,,
IT1:DF_DCSS_ISTR_LAV_PEN_2_TV_3(1.0),A,082040,RESPOP_AV,F,Y_GE15,TOTAL,ALL,24,ALL,ALL,2023,98.94196728857574,,,,,,,,ALL_N1,,,,,,,
IT1:DF_DCSS_ISTR_LAV_PEN_2_TV_3(1.0),A,082040,RESPOP_AV,F,Y_GE15,TOTAL,ALL,24,ALL,ALL,2024,93.39027954444627,,,,,,,,ALL_N1,,,,,,,
IT1:DF_DCSS_ISTR_LAV_PEN_2_TV_3(1.0),A,082040,RESPOP_AV,F,Y_GE15,TOTAL,ALL,4,ALL,ALL,2018,126,,,,,,,,ALL_N1,,,,,,,
IT1:DF_DCSS_ISTR_LAV_PEN_2_TV_3(1.0),A,082040,RESPOP_AV,F,Y_GE15,TOTAL,ALL,4,ALL,ALL,2019,114,,,,,,,,ALL_N1,,,,,,,
IT1:DF_DCSS_ISTR_LAV_PEN_2_TV_3(1.0),A,082040,RESPOP_AV,F,Y_GE15,TOTAL,ALL,4,ALL,ALL,2021,117.651293879187,,,,,,,,ALL_N1,,,,,,,
IT1:DF_DCSS_ISTR_LAV_PEN_2_TV_3(1.0),A,082040,RESPOP_AV,F,Y_GE15,TOTAL,ALL,4,ALL,ALL,2022,121.123105219946,,,,,,,,ALL_N1,,,,,,,
IT1:DF_DCSS_ISTR_LAV_PEN_2_TV_3(1.0),A,082040,RESPOP_AV,F,Y_GE15,TOTAL,ALL,4,ALL,ALL,2023,110.99456297980349,,,,,,,,ALL_N1,,,,,,,
IT1:DF_DCSS_ISTR_LAV_PEN_2_TV_3(1.0),A,082040,RESPOP_AV,F,Y_GE15,TOTAL,ALL,4,ALL,ALL,2024,115.1416880605275,,,,,,,,ALL_N1,,,,,,,
IT1:DF_DCSS_ISTR_LAV_PEN_2_TV_3(1.0),A,082040,RESPOP_AV,F,Y_GE15,TOTAL,ALL,5,ALL,ALL,2018,57,,,,,,,,ALL_N1,,,,,,,
IT1:DF_DCSS_ISTR_LAV_PEN_2_TV_3(1.0),A,082040,RESPOP_AV,F,Y_GE15,TOTAL,ALL,5,ALL,ALL,2019,60,,,,,,,,ALL_N1,,,,,,,
IT1:DF_DCSS_ISTR_LAV_PEN_2_TV_3(1.0),A,082040,RESPOP_AV,F,Y_GE15,TOTAL,ALL,5,ALL,ALL,2021,52.7219114467086,,,,,,,,ALL_N1,,,,,,,
IT1:DF_DCSS_ISTR_LAV_PEN_2_TV_3(1.0),A,082040,RESPOP_AV,F,Y_GE15,TOTAL,ALL,5,ALL,ALL,2022,47.7877203991288,,,,,,,,ALL_N1,,,,,,,
IT1:DF_DCSS_ISTR_LAV_PEN_2_TV_3(1.0),A,082040,RESPOP_AV,F,Y_GE15,TOTAL,ALL,5,ALL,ALL,2023,42.653972484326246,,,,,,,,ALL_N1,,,,,,,
IT1:DF_DCSS_ISTR_LAV_PEN_2_TV_3(1.0),A,082040,RESPOP_AV,F,Y_GE15,TOTAL,ALL,5,ALL,ALL,2024,46.071231201368896,,,,,,,,ALL_N1,,,,,,,
IT1:DF_DCSS_ISTR_LAV_PEN_2_TV_3(1.0),A,082040,RESPOP_AV,F,Y_GE15,TOTAL,ALL,7,ALL,ALL,2018,40,,,,,,,,ALL_N1,,,,,,,
IT1:DF_DCSS_ISTR_LAV_PEN_2_TV_3(1.0),A,082040,RESPOP_AV,F,Y_GE15,TOTAL,ALL,7,ALL,ALL,2019,28,,,,,,,,ALL_N1,,,,,,,
IT1:DF_DCSS_ISTR_LAV_PEN_2_TV_3(1.0),A,082040,RESPOP_AV,F,Y_GE15,TOTAL,ALL,7,ALL,ALL,2021,37.8592306507582,,,,,,,,ALL_N1,,,,,,,
IT1:DF_DCSS_ISTR_LAV_PEN_2_TV_3(1.0),A,082040,RESPOP_AV,F,Y_GE15,TOTAL,ALL,7,ALL,ALL,2022,37.5326493076673,,,,,,,,ALL_N1,,,,,,,
IT1:DF_DCSS_ISTR_LAV_PEN_2_TV_3(1.0),A,082040,RESPOP_AV,F,Y_GE15,TOTAL,ALL,7,ALL,ALL,2023,33.939206588922715,,,,,,,,ALL_N1,,,,,,,
IT1:DF_DCSS_ISTR_LAV_PEN_2_TV_3(1.0),A,082040,RESPOP_AV,F,Y_GE15,TOTAL,ALL,7,ALL,ALL,2024,36.7506406683448,,,,,,,,ALL_N1,,,,,,,
IT1:DF_DCSS_ISTR_LAV_PEN_2_TV_3(1.0),A,082040,RESPOP_AV,F,Y_GE15,TOTAL,ALL,99,ALL,ALL,2018,495,,,,,,,,ALL_N1,99_N1,,,,,,
IT1:DF_DCSS_ISTR_LAV_PEN_2_TV_3(1.0),A,082040,RESPOP_AV,F,Y_GE15,TOTAL,ALL,99,ALL,ALL,2019,488,,,,,,,,ALL_N1,99_N1,,,,,,
IT1:DF_DCSS_ISTR_LAV_PEN_2_TV_3(1.0),A,082040,RESPOP_AV,F,Y_GE15,TOTAL,ALL,99,ALL,ALL,2021,465,,,,,,,,ALL_N1,99_N1,,,,,,
IT1:DF_DCSS_ISTR_LAV_PEN_2_TV_3(1.0),A,082040,RESPOP_AV,F,Y_GE15,TOTAL,ALL,99,ALL,ALL,2022,456,,,,,,,,ALL_N1,99_N1,,,,,,
IT1:DF_DCSS_ISTR_LAV_PEN_2_TV_3(1.0),A,082040,RESPOP_AV,F,Y_GE15,TOTAL,ALL,99,ALL,ALL,2023,455,,,,,,,,ALL_N1,99_N1,,,,,,
IT1:DF_DCSS_ISTR_LAV_PEN_2_TV_3(1.0),A,082040,RESPOP_AV,F,Y_GE15,TOTAL,ALL,99,ALL,ALL,2024,448,,,,,,,,ALL_N1,99_N1,,,,,,
IT1:DF_DCSS_ISTR_LAV_PEN_2_TV_3(1.0),A,082040,RESPOP_AV,M,Y_GE15,TOTAL,ALL,1,ALL,ALL,2018,219,,,,,,,,ALL_N1,,,,,,,
IT1:DF_DCSS_ISTR_LAV_PEN_2_TV_3(1.0),A,082040,RESPOP_AV,M,Y_GE15,TOTAL,ALL,1,ALL,ALL,2019,229,,,,,,,,ALL_N1,,,,,,,
IT1:DF_DCSS_ISTR_LAV_PEN_2_TV_3(1.0),A,082040,RESPOP_AV,M,Y_GE15,TOTAL,ALL,1,ALL,ALL,2021,206,,,,,,,,ALL_N1,,,,,,,
IT1:DF_DCSS_ISTR_LAV_PEN_2_TV_3(1.0),A,082040,RESPOP_AV,M,Y_GE15,TOTAL,ALL,1,ALL,ALL,2022,204,,,,,,,,ALL_N1,,,,,,,
IT1:DF_DCSS_ISTR_LAV_PEN_2_TV_3(1.0),A,082040,RESPOP_AV,M,Y_GE15,TOTAL,ALL,1,ALL,ALL,2023,228,,,,,,,,ALL_N1,,,,,,,
IT1:DF_DCSS_ISTR_LAV_PEN_2_TV_3(1.0),A,082040,RESPOP_AV,M,Y_GE15,TOTAL,ALL,1,ALL,ALL,2024,230,,,,,,,,ALL_N1,,,,,,,
IT1:DF_DCSS_ISTR_LAV_PEN_2_TV_3(1.0),A,082040,RESPOP_AV,M,Y_GE15,TOTAL,ALL,12,ALL,ALL,2018,76,,,,,,,,ALL_N1,,,,,,,
IT1:DF_DCSS_ISTR_LAV_PEN_2_TV_3(1.0),A,082040,RESPOP_AV,M,Y_GE15,TOTAL,ALL,12,ALL,ALL,2019,51,,,,,,,,ALL_N1,,,,,,,
IT1:DF_DCSS_ISTR_LAV_PEN_2_TV_3(1.0),A,082040,RESPOP_AV,M,Y_GE15,TOTAL,ALL,12,ALL,ALL,2021,38.3704221050288,,,,,,,,ALL_N1,,,,,,,
IT1:DF_DCSS_ISTR_LAV_PEN_2_TV_3(1.0),A,082040,RESPOP_AV,M,Y_GE15,TOTAL,ALL,12,ALL,ALL,2022,39.6457194797947,,,,,,,,ALL_N1,,,,,,,
IT1:DF_DCSS_ISTR_LAV_PEN_2_TV_3(1.0),A,082040,RESPOP_AV,M,Y_GE15,TOTAL,ALL,12,ALL,ALL,2023,35.35973949601803,,,,,,,,ALL_N1,,,,,,,
IT1:DF_DCSS_ISTR_LAV_PEN_2_TV_3(1.0),A,082040,RESPOP_AV,M,Y_GE15,TOTAL,ALL,12,ALL,ALL,2024,31.466779288760325,,,,,,,,ALL_N1,,,,,,,
IT1:DF_DCSS_ISTR_LAV_PEN_2_TV_3(1.0),A,082040,RESPOP_AV,M,Y_GE15,TOTAL,ALL,22,ALL,ALL,2018,295,,,,,,,,ALL_N1,,,,,,,
IT1:DF_DCSS_ISTR_LAV_PEN_2_TV_3(1.0),A,082040,RESPOP_AV,M,Y_GE15,TOTAL,ALL,22,ALL,ALL,2019,280,,,,,,,,ALL_N1,,,,,,,
IT1:DF_DCSS_ISTR_LAV_PEN_2_TV_3(1.0),A,082040,RESPOP_AV,M,Y_GE15,TOTAL,ALL,22,ALL,ALL,2021,244.370422105029,,,,,,,,ALL_N1,,,,,,,
IT1:DF_DCSS_ISTR_LAV_PEN_2_TV_3(1.0),A,082040,RESPOP_AV,M,Y_GE15,TOTAL,ALL,22,ALL,ALL,2022,243.645719479795,,,,,,,,ALL_N1,,,,,,,
IT1:DF_DCSS_ISTR_LAV_PEN_2_TV_3(1.0),A,082040,RESPOP_AV,M,Y_GE15,TOTAL,ALL,22,ALL,ALL,2023,263.35973949601805,,,,,,,,ALL_N1,,,,,,,
IT1:DF_DCSS_ISTR_LAV_PEN_2_TV_3(1.0),A,082040,RESPOP_AV,M,Y_GE15,TOTAL,ALL,22,ALL,ALL,2024,261.46677928876034,,,,,,,,ALL_N1,,,,,,,
IT1:DF_DCSS_ISTR_LAV_PEN_2_TV_3(1.0),A,082040,RESPOP_AV,M,Y_GE15,TOTAL,ALL,23,ALL,ALL,2018,236,,,,,,,,ALL_N1,,,,,,,
IT1:DF_DCSS_ISTR_LAV_PEN_2_TV_3(1.0),A,082040,RESPOP_AV,M,Y_GE15,TOTAL,ALL,23,ALL,ALL,2019,210,,,,,,,,ALL_N1,,,,,,,
IT1:DF_DCSS_ISTR_LAV_PEN_2_TV_3(1.0),A,082040,RESPOP_AV,M,Y_GE15,TOTAL,ALL,23,ALL,ALL,2021,220.629577894971,,,,,,,,ALL_N1,,,,,,,
IT1:DF_DCSS_ISTR_LAV_PEN_2_TV_3(1.0),A,082040,RESPOP_AV,M,Y_GE15,TOTAL,ALL,23,ALL,ALL,2022,215.354280520205,,,,,,,,ALL_N1,,,,,,,
IT1:DF_DCSS_ISTR_LAV_PEN_2_TV_3(1.0),A,082040,RESPOP_AV,M,Y_GE15,TOTAL,ALL,23,ALL,ALL,2023,195.64026050398195,,,,,,,,ALL_N1,,,,,,,
IT1:DF_DCSS_ISTR_LAV_PEN_2_TV_3(1.0),A,082040,RESPOP_AV,M,Y_GE15,TOTAL,ALL,23,ALL,ALL,2024,184.53322071123966,,,,,,,,ALL_N1,,,,,,,
IT1:DF_DCSS_ISTR_LAV_PEN_2_TV_3(1.0),A,082040,RESPOP_AV,M,Y_GE15,TOTAL,ALL,24,ALL,ALL,2018,111,,,,,,,,ALL_N1,,,,,,,
IT1:DF_DCSS_ISTR_LAV_PEN_2_TV_3(1.0),A,082040,RESPOP_AV,M,Y_GE15,TOTAL,ALL,24,ALL,ALL,2019,125,,,,,,,,ALL_N1,,,,,,,
IT1:DF_DCSS_ISTR_LAV_PEN_2_TV_3(1.0),A,082040,RESPOP_AV,M,Y_GE15,TOTAL,ALL,24,ALL,ALL,2021,122.291507063447,,,,,,,,ALL_N1,,,,,,,
IT1:DF_DCSS_ISTR_LAV_PEN_2_TV_3(1.0),A,082040,RESPOP_AV,M,Y_GE15,TOTAL,ALL,24,ALL,ALL,2022,124.430730807702,,,,,,,,ALL_N1,,,,,,,
IT1:DF_DCSS_ISTR_LAV_PEN_2_TV_3(1.0),A,082040,RESPOP_AV,M,Y_GE15,TOTAL,ALL,24,ALL,ALL,2023,118.11160194021413,,,,,,,,ALL_N1,,,,,,,
IT1:DF_DCSS_ISTR_LAV_PEN_2_TV_3(1.0),A,082040,RESPOP_AV,M,Y_GE15,TOTAL,ALL,24,ALL,ALL,2024,108.61061276868094,,,,,,,,ALL_N1,,,,,,,
IT1:DF_DCSS_ISTR_LAV_PEN_2_TV_3(1.0),A,082040,RESPOP_AV,M,Y_GE15,TOTAL,ALL,4,ALL,ALL,2018,5,,,,,,,,ALL_N1,,,,,,,
IT1:DF_DCSS_ISTR_LAV_PEN_2_TV_3(1.0),A,082040,RESPOP_AV,M,Y_GE15,TOTAL,ALL,4,ALL,ALL,2019,3,,,,,,,,ALL_N1,,,,,,,
IT1:DF_DCSS_ISTR_LAV_PEN_2_TV_3(1.0),A,082040,RESPOP_AV,M,Y_GE15,TOTAL,ALL,4,ALL,ALL,2021,5.25419827723819,,,,,,,,ALL_N1,,,,,,,
IT1:DF_DCSS_ISTR_LAV_PEN_2_TV_3(1.0),A,082040,RESPOP_AV,M,Y_GE15,TOTAL,ALL,4,ALL,ALL,2022,5.8152847660394,,,,,,,,ALL_N1,,,,,,,
IT1:DF_DCSS_ISTR_LAV_PEN_2_TV_3(1.0),A,082040,RESPOP_AV,M,Y_GE15,TOTAL,ALL,4,ALL,ALL,2023,5.624407669915,,,,,,,,ALL_N1,,,,,,,
IT1:DF_DCSS_ISTR_LAV_PEN_2_TV_3(1.0),A,082040,RESPOP_AV,M,Y_GE15,TOTAL,ALL,4,ALL,ALL,2024,4.761413497790037,,,,,,,,ALL_N1,,,,,,,
IT1:DF_DCSS_ISTR_LAV_PEN_2_TV_3(1.0),A,082040,RESPOP_AV,M,Y_GE15,TOTAL,ALL,5,ALL,ALL,2018,57,,,,,,,,ALL_N1,,,,,,,
IT1:DF_DCSS_ISTR_LAV_PEN_2_TV_3(1.0),A,082040,RESPOP_AV,M,Y_GE15,TOTAL,ALL,5,ALL,ALL,2019,51,,,,,,,,ALL_N1,,,,,,,
IT1:DF_DCSS_ISTR_LAV_PEN_2_TV_3(1.0),A,082040,RESPOP_AV,M,Y_GE15,TOTAL,ALL,5,ALL,ALL,2021,41.6298855056416,,,,,,,,ALL_N1,,,,,,,
IT1:DF_DCSS_ISTR_LAV_PEN_2_TV_3(1.0),A,082040,RESPOP_AV,M,Y_GE15,TOTAL,ALL,5,ALL,ALL,2022,39.5085496171585,,,,,,,,ALL_N1,,,,,,,
IT1:DF_DCSS_ISTR_LAV_PEN_2_TV_3(1.0),A,082040,RESPOP_AV,M,Y_GE15,TOTAL,ALL,5,ALL,ALL,2023,35.48228064796687,,,,,,,,ALL_N1,,,,,,,
IT1:DF_DCSS_ISTR_LAV_PEN_2_TV_3(1.0),A,082040,RESPOP_AV,M,Y_GE15,TOTAL,ALL,5,ALL,ALL,2024,29.95011932945361,,,,,,,,ALL_N1,,,,,,,
IT1:DF_DCSS_ISTR_LAV_PEN_2_TV_3(1.0),A,082040,RESPOP_AV,M,Y_GE15,TOTAL,ALL,7,ALL,ALL,2018,63,,,,,,,,ALL_N1,,,,,,,
IT1:DF_DCSS_ISTR_LAV_PEN_2_TV_3(1.0),A,082040,RESPOP_AV,M,Y_GE15,TOTAL,ALL,7,ALL,ALL,2019,33,,,,,,,,ALL_N1,,,,,,,
IT1:DF_DCSS_ISTR_LAV_PEN_2_TV_3(1.0),A,082040,RESPOP_AV,M,Y_GE15,TOTAL,ALL,7,ALL,ALL,2021,51.4539870486447,,,,,,,,ALL_N1,,,,,,,
IT1:DF_DCSS_ISTR_LAV_PEN_2_TV_3(1.0),A,082040,RESPOP_AV,M,Y_GE15,TOTAL,ALL,7,ALL,ALL,2022,45.5997153293055,,,,,,,,ALL_N1,,,,,,,
IT1:DF_DCSS_ISTR_LAV_PEN_2_TV_3(1.0),A,082040,RESPOP_AV,M,Y_GE15,TOTAL,ALL,7,ALL,ALL,2023,36.421970245885944,,,,,,,,ALL_N1,,,,,,,
IT1:DF_DCSS_ISTR_LAV_PEN_2_TV_3(1.0),A,082040,RESPOP_AV,M,Y_GE15,TOTAL,ALL,7,ALL,ALL,2024,41.21107511531509,,,,,,,,ALL_N1,,,,,,,
IT1:DF_DCSS_ISTR_LAV_PEN_2_TV_3(1.0),A,082040,RESPOP_AV,M,Y_GE15,TOTAL,ALL,99,ALL,ALL,2018,531,,,,,,,,ALL_N1,99_N1,,,,,,
IT1:DF_DCSS_ISTR_LAV_PEN_2_TV_3(1.0),A,082040,RESPOP_AV,M,Y_GE15,TOTAL,ALL,99,ALL,ALL,2019,490,,,,,,,,ALL_N1,99_N1,,,,,,
IT1:DF_DCSS_ISTR_LAV_PEN_2_TV_3(1.0),A,082040,RESPOP_AV,M,Y_GE15,TOTAL,ALL,99,ALL,ALL,2021,465,,,,,,,,ALL_N1,99_N1,,,,,,
IT1:DF_DCSS_ISTR_LAV_PEN_2_TV_3(1.0),A,082040,RESPOP_AV,M,Y_GE15,TOTAL,ALL,99,ALL,ALL,2022,459,,,,,,,,ALL_N1,99_N1,,,,,,
IT1:DF_DCSS_ISTR_LAV_PEN_2_TV_3(1.0),A,082040,RESPOP_AV,M,Y_GE15,TOTAL,ALL,99,ALL,ALL,2023,458.99999999999994,,,,,,,,ALL_N1,99_N1,,,,,,
IT1:DF_DCSS_ISTR_LAV_PEN_2_TV_3(1.0),A,082040,RESPOP_AV,M,Y_GE15,TOTAL,ALL,99,ALL,ALL,2024,446,,,,,,,,ALL_N1,99_N1,,,,,,
IT1:DF_DCSS_ISTR_LAV_PEN_2_TV_3(1.0),A,082040,RESPOP_AV,T,Y_GE15,TOTAL,ALL,1,ALL,ALL,2018,324,,,,,,,,ALL_N1,,,,,,,
IT1:DF_DCSS_ISTR_LAV_PEN_2_TV_3(1.0),A,082040,RESPOP_AV,T,Y_GE15,TOTAL,ALL,1,ALL,ALL,2019,338,,,,,,,,ALL_N1,,,,,,,
IT1:DF_DCSS_ISTR_LAV_PEN_2_TV_3(1.0),A,082040,RESPOP_AV,T,Y_GE15,TOTAL,ALL,1,ALL,ALL,2021,325,,,,,,,,ALL_N1,,,,,,,
IT1:DF_DCSS_ISTR_LAV_PEN_2_TV_3(1.0),A,082040,RESPOP_AV,T,Y_GE15,TOTAL,ALL,1,ALL,ALL,2022,317,,,,,,,,ALL_N1,,,,,,,
IT1:DF_DCSS_ISTR_LAV_PEN_2_TV_3(1.0),A,082040,RESPOP_AV,T,Y_GE15,TOTAL,ALL,1,ALL,ALL,2023,356,,,,,,,,ALL_N1,,,,,,,
IT1:DF_DCSS_ISTR_LAV_PEN_2_TV_3(1.0),A,082040,RESPOP_AV,T,Y_GE15,TOTAL,ALL,1,ALL,ALL,2024,352,,,,,,,,ALL_N1,,,,,,,
IT1:DF_DCSS_ISTR_LAV_PEN_2_TV_3(1.0),A,082040,RESPOP_AV,T,Y_GE15,TOTAL,ALL,12,ALL,ALL,2018,137,,,,,,,,ALL_N1,,,,,,,
IT1:DF_DCSS_ISTR_LAV_PEN_2_TV_3(1.0),A,082040,RESPOP_AV,T,Y_GE15,TOTAL,ALL,12,ALL,ALL,2019,119,,,,,,,,ALL_N1,,,,,,,
IT1:DF_DCSS_ISTR_LAV_PEN_2_TV_3(1.0),A,082040,RESPOP_AV,T,Y_GE15,TOTAL,ALL,12,ALL,ALL,2021,73.2995675628659,,,,,,,,ALL_N1,,,,,,,
IT1:DF_DCSS_ISTR_LAV_PEN_2_TV_3(1.0),A,082040,RESPOP_AV,T,Y_GE15,TOTAL,ALL,12,ALL,ALL,2022,80.4017852835062,,,,,,,,ALL_N1,,,,,,,
IT1:DF_DCSS_ISTR_LAV_PEN_2_TV_3(1.0),A,082040,RESPOP_AV,T,Y_GE15,TOTAL,ALL,12,ALL,ALL,2023,75.83003015438983,,,,,,,,ALL_N1,,,,,,,
IT1:DF_DCSS_ISTR_LAV_PEN_2_TV_3(1.0),A,082040,RESPOP_AV,T,Y_GE15,TOTAL,ALL,12,ALL,ALL,2024,66.11293981407286,,,,,,,,ALL_N1,,,,,,,
IT1:DF_DCSS_ISTR_LAV_PEN_2_TV_3(1.0),A,082040,RESPOP_AV,T,Y_GE15,TOTAL,ALL,22,ALL,ALL,2018,461,,,,,,,,ALL_N1,,,,,,,
IT1:DF_DCSS_ISTR_LAV_PEN_2_TV_3(1.0),A,082040,RESPOP_AV,T,Y_GE15,TOTAL,ALL,22,ALL,ALL,2019,456,,,,,,,,ALL_N1,,,,,,,
IT1:DF_DCSS_ISTR_LAV_PEN_2_TV_3(1.0),A,082040,RESPOP_AV,T,Y_GE15,TOTAL,ALL,22,ALL,ALL,2021,398.299567562866,,,,,,,,ALL_N1,,,,,,,
IT1:DF_DCSS_ISTR_LAV_PEN_2_TV_3(1.0),A,082040,RESPOP_AV,T,Y_GE15,TOTAL,ALL,22,ALL,ALL,2022,397.401785283506,,,,,,,,ALL_N1,,,,,,,
IT1:DF_DCSS_ISTR_LAV_PEN_2_TV_3(1.0),A,082040,RESPOP_AV,T,Y_GE15,TOTAL,ALL,22,ALL,ALL,2023,431.8300301543898,,,,,,,,ALL_N1,,,,,,,
IT1:DF_DCSS_ISTR_LAV_PEN_2_TV_3(1.0),A,082040,RESPOP_AV,T,Y_GE15,TOTAL,ALL,22,ALL,ALL,2024,418.1129398140729,,,,,,,,ALL_N1,,,,,,,
IT1:DF_DCSS_ISTR_LAV_PEN_2_TV_3(1.0),A,082040,RESPOP_AV,T,Y_GE15,TOTAL,ALL,23,ALL,ALL,2018,565,,,,,,,,ALL_N1,,,,,,,
IT1:DF_DCSS_ISTR_LAV_PEN_2_TV_3(1.0),A,082040,RESPOP_AV,T,Y_GE15,TOTAL,ALL,23,ALL,ALL,2019,522,,,,,,,,ALL_N1,,,,,,,
IT1:DF_DCSS_ISTR_LAV_PEN_2_TV_3(1.0),A,082040,RESPOP_AV,T,Y_GE15,TOTAL,ALL,23,ALL,ALL,2021,531.700432437134,,,,,,,,ALL_N1,,,,,,,
IT1:DF_DCSS_ISTR_LAV_PEN_2_TV_3(1.0),A,082040,RESPOP_AV,T,Y_GE15,TOTAL,ALL,23,ALL,ALL,2022,517.598214716494,,,,,,,,ALL_N1,,,,,,,
IT1:DF_DCSS_ISTR_LAV_PEN_2_TV_3(1.0),A,082040,RESPOP_AV,T,Y_GE15,TOTAL,ALL,23,ALL,ALL,2023,482.1699698456101,,,,,,,,ALL_N1,,,,,,,
IT1:DF_DCSS_ISTR_LAV_PEN_2_TV_3(1.0),A,082040,RESPOP_AV,T,Y_GE15,TOTAL,ALL,23,ALL,ALL,2024,475.8870601859271,,,,,,,,ALL_N1,,,,,,,
IT1:DF_DCSS_ISTR_LAV_PEN_2_TV_3(1.0),A,082040,RESPOP_AV,T,Y_GE15,TOTAL,ALL,24,ALL,ALL,2018,217,,,,,,,,ALL_N1,,,,,,,
IT1:DF_DCSS_ISTR_LAV_PEN_2_TV_3(1.0),A,082040,RESPOP_AV,T,Y_GE15,TOTAL,ALL,24,ALL,ALL,2019,235,,,,,,,,ALL_N1,,,,,,,
IT1:DF_DCSS_ISTR_LAV_PEN_2_TV_3(1.0),A,082040,RESPOP_AV,T,Y_GE15,TOTAL,ALL,24,ALL,ALL,2021,225.129925628956,,,,,,,,ALL_N1,,,,,,,
IT1:DF_DCSS_ISTR_LAV_PEN_2_TV_3(1.0),A,082040,RESPOP_AV,T,Y_GE15,TOTAL,ALL,24,ALL,ALL,2022,220.231190077249,,,,,,,,ALL_N1,,,,,,,
IT1:DF_DCSS_ISTR_LAV_PEN_2_TV_3(1.0),A,082040,RESPOP_AV,T,Y_GE15,TOTAL,ALL,24,ALL,ALL,2023,217.05356922878985,,,,,,,,ALL_N1,,,,,,,
IT1:DF_DCSS_ISTR_LAV_PEN_2_TV_3(1.0),A,082040,RESPOP_AV,T,Y_GE15,TOTAL,ALL,24,ALL,ALL,2024,202.0008923131272,,,,,,,,ALL_N1,,,,,,,
IT1:DF_DCSS_ISTR_LAV_PEN_2_TV_3(1.0),A,082040,RESPOP_AV,T,Y_GE15,TOTAL,ALL,4,ALL,ALL,2018,131,,,,,,,,ALL_N1,,,,,,,
IT1:DF_DCSS_ISTR_LAV_PEN_2_TV_3(1.0),A,082040,RESPOP_AV,T,Y_GE15,TOTAL,ALL,4,ALL,ALL,2019,117,,,,,,,,ALL_N1,,,,,,,
IT1:DF_DCSS_ISTR_LAV_PEN_2_TV_3(1.0),A,082040,RESPOP_AV,T,Y_GE15,TOTAL,ALL,4,ALL,ALL,2021,122.905492156425,,,,,,,,ALL_N1,,,,,,,
IT1:DF_DCSS_ISTR_LAV_PEN_2_TV_3(1.0),A,082040,RESPOP_AV,T,Y_GE15,TOTAL,ALL,4,ALL,ALL,2022,126.938389985985,,,,,,,,ALL_N1,,,,,,,
IT1:DF_DCSS_ISTR_LAV_PEN_2_TV_3(1.0),A,082040,RESPOP_AV,T,Y_GE15,TOTAL,ALL,4,ALL,ALL,2023,116.61897064971849,,,,,,,,ALL_N1,,,,,,,
IT1:DF_DCSS_ISTR_LAV_PEN_2_TV_3(1.0),A,082040,RESPOP_AV,T,Y_GE15,TOTAL,ALL,4,ALL,ALL,2024,119.90310155831753,,,,,,,,ALL_N1,,,,,,,
IT1:DF_DCSS_ISTR_LAV_PEN_2_TV_3(1.0),A,082040,RESPOP_AV,T,Y_GE15,TOTAL,ALL,5,ALL,ALL,2018,114,,,,,,,,ALL_N1,,,,,,,
IT1:DF_DCSS_ISTR_LAV_PEN_2_TV_3(1.0),A,082040,RESPOP_AV,T,Y_GE15,TOTAL,ALL,5,ALL,ALL,2019,111,,,,,,,,ALL_N1,,,,,,,
IT1:DF_DCSS_ISTR_LAV_PEN_2_TV_3(1.0),A,082040,RESPOP_AV,T,Y_GE15,TOTAL,ALL,5,ALL,ALL,2021,94.3517969523502,,,,,,,,ALL_N1,,,,,,,
IT1:DF_DCSS_ISTR_LAV_PEN_2_TV_3(1.0),A,082040,RESPOP_AV,T,Y_GE15,TOTAL,ALL,5,ALL,ALL,2022,87.2962700162873,,,,,,,,ALL_N1,,,,,,,
IT1:DF_DCSS_ISTR_LAV_PEN_2_TV_3(1.0),A,082040,RESPOP_AV,T,Y_GE15,TOTAL,ALL,5,ALL,ALL,2023,78.13625313229312,,,,,,,,ALL_N1,,,,,,,
IT1:DF_DCSS_ISTR_LAV_PEN_2_TV_3(1.0),A,082040,RESPOP_AV,T,Y_GE15,TOTAL,ALL,5,ALL,ALL,2024,76.0213505308225,,,,,,,,ALL_N1,,,,,,,
IT1:DF_DCSS_ISTR_LAV_PEN_2_TV_3(1.0),A,082040,RESPOP_AV,T,Y_GE15,TOTAL,ALL,7,ALL,ALL,2018,103,,,,,,,,ALL_N1,,,,,,,
IT1:DF_DCSS_ISTR_LAV_PEN_2_TV_3(1.0),A,082040,RESPOP_AV,T,Y_GE15,TOTAL,ALL,7,ALL,ALL,2019,61,,,,,,,,ALL_N1,,,,,,,
IT1:DF_DCSS_ISTR_LAV_PEN_2_TV_3(1.0),A,082040,RESPOP_AV,T,Y_GE15,TOTAL,ALL,7,ALL,ALL,2021,89.3132176994029,,,,,,,,ALL_N1,,,,,,,
IT1:DF_DCSS_ISTR_LAV_PEN_2_TV_3(1.0),A,082040,RESPOP_AV,T,Y_GE15,TOTAL,ALL,7,ALL,ALL,2022,83.1323646369729,,,,,,,,ALL_N1,,,,,,,
IT1:DF_DCSS_ISTR_LAV_PEN_2_TV_3(1.0),A,082040,RESPOP_AV,T,Y_GE15,TOTAL,ALL,7,ALL,ALL,2023,70.36117683480866,,,,,,,,ALL_N1,,,,,,,
IT1:DF_DCSS_ISTR_LAV_PEN_2_TV_3(1.0),A,082040,RESPOP_AV,T,Y_GE15,TOTAL,ALL,7,ALL,ALL,2024,77.9617157836599,,,,,,,,ALL_N1,,,,,,,
IT1:DF_DCSS_ISTR_LAV_PEN_2_TV_3(1.0),A,082040,RESPOP_AV,T,Y_GE15,TOTAL,ALL,99,ALL,ALL,2018,1026,,,,,,,,ALL_N1,99_N1,,,,,,
IT1:DF_DCSS_ISTR_LAV_PEN_2_TV_3(1.0),A,082040,RESPOP_AV,T,Y_GE15,TOTAL,ALL,99,ALL,ALL,2019,978,,,,,,,,ALL_N1,99_N1,,,,,,
IT1:DF_DCSS_ISTR_LAV_PEN_2_TV_3(1.0),A,082040,RESPOP_AV,T,Y_GE15,TOTAL,ALL,99,ALL,ALL,2021,930,,,,,,,,ALL_N1,99_N1,,,,,,
IT1:DF_DCSS_ISTR_LAV_PEN_2_TV_3(1.0),A,082040,RESPOP_AV,T,Y_GE15,TOTAL,ALL,99,ALL,ALL,2022,915,,,,,,,,ALL_N1,99_N1,,,,,,
IT1:DF_DCSS_ISTR_LAV_PEN_2_TV_3(1.0),A,082040,RESPOP_AV,T,Y_GE15,TOTAL,ALL,99,ALL,ALL,2023,914,,,,,,,,ALL_N1,99_N1,,,,,,
IT1:DF_DCSS_ISTR_LAV_PEN_2_TV_3(1.0),A,082040,RESPOP_AV,T,Y_GE15,TOTAL,ALL,99,ALL,ALL,2024,894,,,,,,,,ALL_N1,99_N1,,,,,,
IT1:DF_DCSS_ISTR_LAV_PEN_2_TV_3(1.0),A,082041,RESPOP_AV,F,Y_GE15,TOTAL,ALL,1,ALL,ALL,2018,72,,,,,,,,ALL_N1,,,,,,,
IT1:DF_DCSS_ISTR_LAV_PEN_2_TV_3(1.0),A,082041,RESPOP_AV,F,Y_GE15,TOTAL,ALL,1,ALL,ALL,2019,65,,,,,,,,ALL_N1,,,,,,,
IT1:DF_DCSS_ISTR_LAV_PEN_2_TV_3(1.0),A,082041,RESPOP_AV,F,Y_GE15,TOTAL,ALL,1,ALL,ALL,2021,79,,,,,,,,ALL_N1,,,,,,,
IT1:DF_DCSS_ISTR_LAV_PEN_2_TV_3(1.0),A,082041,RESPOP_AV,F,Y_GE15,TOTAL,ALL,1,ALL,ALL,2022,77,,,,,,,,ALL_N1,,,,,,,
IT1:DF_DCSS_ISTR_LAV_PEN_2_TV_3(1.0),A,082041,RESPOP_AV,F,Y_GE15,TOTAL,ALL,1,ALL,ALL,2023,75,,,,,,,,ALL_N1,,,,,,,
IT1:DF_DCSS_ISTR_LAV_PEN_2_TV_3(1.0),A,082041,RESPOP_AV,F,Y_GE15,TOTAL,ALL,1,ALL,ALL,2024,75,,,,,,,,ALL_N1,,,,,,,
IT1:DF_DCSS_ISTR_LAV_PEN_2_TV_3(1.0),A,082041,RESPOP_AV,F,Y_GE15,TOTAL,ALL,12,ALL,ALL,2018,39,,,,,,,,ALL_N1,,,,,,,
IT1:DF_DCSS_ISTR_LAV_PEN_2_TV_3(1.0),A,082041,RESPOP_AV,F,Y_GE15,TOTAL,ALL,12,ALL,ALL,2019,45,,,,,,,,ALL_N1,,,,,,,
IT1:DF_DCSS_ISTR_LAV_PEN_2_TV_3(1.0),A,082041,RESPOP_AV,F,Y_GE15,TOTAL,ALL,12,ALL,ALL,2021,21.9557325193844,,,,,,,,ALL_N1,,,,,,,
IT1:DF_DCSS_ISTR_LAV_PEN_2_TV_3(1.0),A,082041,RESPOP_AV,F,Y_GE15,TOTAL,ALL,12,ALL,ALL,2022,24.03277331901,,,,,,,,ALL_N1,,,,,,,
IT1:DF_DCSS_ISTR_LAV_PEN_2_TV_3(1.0),A,082041,RESPOP_AV,F,Y_GE15,TOTAL,ALL,12,ALL,ALL,2023,34.9411767781397,,,,,,,,ALL_N1,,,,,,,
IT1:DF_DCSS_ISTR_LAV_PEN_2_TV_3(1.0),A,082041,RESPOP_AV,F,Y_GE15,TOTAL,ALL,12,ALL,ALL,2024,19.827061919677654,,,,,,,,ALL_N1,,,,,,,
IT1:DF_DCSS_ISTR_LAV_PEN_2_TV_3(1.0),A,082041,RESPOP_AV,F,Y_GE15,TOTAL,ALL,22,ALL,ALL,2018,111,,,,,,,,ALL_N1,,,,,,,
IT1:DF_DCSS_ISTR_LAV_PEN_2_TV_3(1.0),A,082041,RESPOP_AV,F,Y_GE15,TOTAL,ALL,22,ALL,ALL,2019,110,,,,,,,,ALL_N1,,,,,,,
IT1:DF_DCSS_ISTR_LAV_PEN_2_TV_3(1.0),A,082041,RESPOP_AV,F,Y_GE15,TOTAL,ALL,22,ALL,ALL,2021,100.955732519384,,,,,,,,ALL_N1,,,,,,,
IT1:DF_DCSS_ISTR_LAV_PEN_2_TV_3(1.0),A,082041,RESPOP_AV,F,Y_GE15,TOTAL,ALL,22,ALL,ALL,2022,101.03277331901,,,,,,,,ALL_N1,,,,,,,
IT1:DF_DCSS_ISTR_LAV_PEN_2_TV_3(1.0),A,082041,RESPOP_AV,F,Y_GE15,TOTAL,ALL,22,ALL,ALL,2023,109.94117677813969,,,,,,,,ALL_N1,,,,,,,
IT1:DF_DCSS_ISTR_LAV_PEN_2_TV_3(1.0),A,082041,RESPOP_AV,F,Y_GE15,TOTAL,ALL,22,ALL,ALL,2024,94.82706191967765,,,,,,,,ALL_N1,,,,,,,
IT1:DF_DCSS_ISTR_LAV_PEN_2_TV_3(1.0),A,082041,RESPOP_AV,F,Y_GE15,TOTAL,ALL,23,ALL,ALL,2018,313,,,,,,,,ALL_N1,,,,,,,
IT1:DF_DCSS_ISTR_LAV_PEN_2_TV_3(1.0),A,082041,RESPOP_AV,F,Y_GE15,TOTAL,ALL,23,ALL,ALL,2019,315,,,,,,,,ALL_N1,,,,,,,
IT1:DF_DCSS_ISTR_LAV_PEN_2_TV_3(1.0),A,082041,RESPOP_AV,F,Y_GE15,TOTAL,ALL,23,ALL,ALL,2021,294.044267480616,,,,,,,,ALL_N1,,,,,,,
IT1:DF_DCSS_ISTR_LAV_PEN_2_TV_3(1.0),A,082041,RESPOP_AV,F,Y_GE15,TOTAL,ALL,23,ALL,ALL,2022,291.96722668099,,,,,,,,ALL_N1,,,,,,,
IT1:DF_DCSS_ISTR_LAV_PEN_2_TV_3(1.0),A,082041,RESPOP_AV,F,Y_GE15,TOTAL,ALL,23,ALL,ALL,2023,278.05882322186034,,,,,,,,ALL_N1,,,,,,,
IT1:DF_DCSS_ISTR_LAV_PEN_2_TV_3(1.0),A,082041,RESPOP_AV,F,Y_GE15,TOTAL,ALL,23,ALL,ALL,2024,284.17293808032235,,,,,,,,ALL_N1,,,,,,,
IT1:DF_DCSS_ISTR_LAV_PEN_2_TV_3(1.0),A,082041,RESPOP_AV,F,Y_GE15,TOTAL,ALL,24,ALL,ALL,2018,137,,,,,,,,ALL_N1,,,,,,,
IT1:DF_DCSS_ISTR_LAV_PEN_2_TV_3(1.0),A,082041,RESPOP_AV,F,Y_GE15,TOTAL,ALL,24,ALL,ALL,2019,141,,,,,,,,ALL_N1,,,,,,,
IT1:DF_DCSS_ISTR_LAV_PEN_2_TV_3(1.0),A,082041,RESPOP_AV,F,Y_GE15,TOTAL,ALL,24,ALL,ALL,2021,115.574305158931,,,,,,,,ALL_N1,,,,,,,
IT1:DF_DCSS_ISTR_LAV_PEN_2_TV_3(1.0),A,082041,RESPOP_AV,F,Y_GE15,TOTAL,ALL,24,ALL,ALL,2022,111.976261029339,,,,,,,,ALL_N1,,,,,,,
IT1:DF_DCSS_ISTR_LAV_PEN_2_TV_3(1.0),A,082041,RESPOP_AV,F,Y_GE15,TOTAL,ALL,24,ALL,ALL,2023,127.50821589657203,,,,,,,,ALL_N1,,,,,,,
IT1:DF_DCSS_ISTR_LAV_PEN_2_TV_3(1.0),A,082041,RESPOP_AV,F,Y_GE15,TOTAL,ALL,24,ALL,ALL,2024,123.62513833393024,,,,,,,,ALL_N1,,,,,,,
IT1:DF_DCSS_ISTR_LAV_PEN_2_TV_3(1.0),A,082041,RESPOP_AV,F,Y_GE15,TOTAL,ALL,4,ALL,ALL,2018,117,,,,,,,,ALL_N1,,,,,,,
IT1:DF_DCSS_ISTR_LAV_PEN_2_TV_3(1.0),A,082041,RESPOP_AV,F,Y_GE15,TOTAL,ALL,4,ALL,ALL,2019,113,,,,,,,,ALL_N1,,,,,,,
IT1:DF_DCSS_ISTR_LAV_PEN_2_TV_3(1.0),A,082041,RESPOP_AV,F,Y_GE15,TOTAL,ALL,4,ALL,ALL,2021,123.08098084892,,,,,,,,ALL_N1,,,,,,,
IT1:DF_DCSS_ISTR_LAV_PEN_2_TV_3(1.0),A,082041,RESPOP_AV,F,Y_GE15,TOTAL,ALL,4,ALL,ALL,2022,120.476842086498,,,,,,,,ALL_N1,,,,,,,
IT1:DF_DCSS_ISTR_LAV_PEN_2_TV_3(1.0),A,082041,RESPOP_AV,F,Y_GE15,TOTAL,ALL,4,ALL,ALL,2023,94.54655503783589,,,,,,,,ALL_N1,,,,,,,
IT1:DF_DCSS_ISTR_LAV_PEN_2_TV_3(1.0),A,082041,RESPOP_AV,F,Y_GE15,TOTAL,ALL,4,ALL,ALL,2024,105.80851343438148,,,,,,,,ALL_N1,,,,,,,
IT1:DF_DCSS_ISTR_LAV_PEN_2_TV_3(1.0),A,082041,RESPOP_AV,F,Y_GE15,TOTAL,ALL,5,ALL,ALL,2018,17,,,,,,,,ALL_N1,,,,,,,
IT1:DF_DCSS_ISTR_LAV_PEN_2_TV_3(1.0),A,082041,RESPOP_AV,F,Y_GE15,TOTAL,ALL,5,ALL,ALL,2019,24,,,,,,,,ALL_N1,,,,,,,
IT1:DF_DCSS_ISTR_LAV_PEN_2_TV_3(1.0),A,082041,RESPOP_AV,F,Y_GE15,TOTAL,ALL,5,ALL,ALL,2021,21.6942648557101,,,,,,,,ALL_N1,,,,,,,
IT1:DF_DCSS_ISTR_LAV_PEN_2_TV_3(1.0),A,082041,RESPOP_AV,F,Y_GE15,TOTAL,ALL,5,ALL,ALL,2022,23.8181436080406,,,,,,,,ALL_N1,,,,,,,
IT1:DF_DCSS_ISTR_LAV_PEN_2_TV_3(1.0),A,082041,RESPOP_AV,F,Y_GE15,TOTAL,ALL,5,ALL,ALL,2023,25.717062753617572,,,,,,,,ALL_N1,,,,,,,
IT1:DF_DCSS_ISTR_LAV_PEN_2_TV_3(1.0),A,082041,RESPOP_AV,F,Y_GE15,TOTAL,ALL,5,ALL,ALL,2024,24.32179912673927,,,,,,,,ALL_N1,,,,,,,
IT1:DF_DCSS_ISTR_LAV_PEN_2_TV_3(1.0),A,082041,RESPOP_AV,F,Y_GE15,TOTAL,ALL,7,ALL,ALL,2018,42,,,,,,,,ALL_N1,,,,,,,
IT1:DF_DCSS_ISTR_LAV_PEN_2_TV_3(1.0),A,082041,RESPOP_AV,F,Y_GE15,TOTAL,ALL,7,ALL,ALL,2019,37,,,,,,,,ALL_N1,,,,,,,
IT1:DF_DCSS_ISTR_LAV_PEN_2_TV_3(1.0),A,082041,RESPOP_AV,F,Y_GE15,TOTAL,ALL,7,ALL,ALL,2021,33.6947166170545,,,,,,,,ALL_N1,,,,,,,
IT1:DF_DCSS_ISTR_LAV_PEN_2_TV_3(1.0),A,082041,RESPOP_AV,F,Y_GE15,TOTAL,ALL,7,ALL,ALL,2022,35.6959799571126,,,,,,,,ALL_N1,,,,,,,
IT1:DF_DCSS_ISTR_LAV_PEN_2_TV_3(1.0),A,082041,RESPOP_AV,F,Y_GE15,TOTAL,ALL,7,ALL,ALL,2023,30.286989533834856,,,,,,,,ALL_N1,,,,,,,
IT1:DF_DCSS_ISTR_LAV_PEN_2_TV_3(1.0),A,082041,RESPOP_AV,F,Y_GE15,TOTAL,ALL,7,ALL,ALL,2024,30.417487185271344,,,,,,,,ALL_N1,,,,,,,
IT1:DF_DCSS_ISTR_LAV_PEN_2_TV_3(1.0),A,082041,RESPOP_AV,F,Y_GE15,TOTAL,ALL,99,ALL,ALL,2018,424,,,,,,,,ALL_N1,99_N1,,,,,,
IT1:DF_DCSS_ISTR_LAV_PEN_2_TV_3(1.0),A,082041,RESPOP_AV,F,Y_GE15,TOTAL,ALL,99,ALL,ALL,2019,425,,,,,,,,ALL_N1,99_N1,,,,,,
IT1:DF_DCSS_ISTR_LAV_PEN_2_TV_3(1.0),A,082041,RESPOP_AV,F,Y_GE15,TOTAL,ALL,99,ALL,ALL,2021,395,,,,,,,,ALL_N1,99_N1,,,,,,
IT1:DF_DCSS_ISTR_LAV_PEN_2_TV_3(1.0),A,082041,RESPOP_AV,F,Y_GE15,TOTAL,ALL,99,ALL,ALL,2022,393,,,,,,,,ALL_N1,99_N1,,,,,,
IT1:DF_DCSS_ISTR_LAV_PEN_2_TV_3(1.0),A,082041,RESPOP_AV,F,Y_GE15,TOTAL,ALL,99,ALL,ALL,2023,388.00000000000006,,,,,,,,ALL_N1,99_N1,,,,,,
IT1:DF_DCSS_ISTR_LAV_PEN_2_TV_3(1.0),A,082041,RESPOP_AV,F,Y_GE15,TOTAL,ALL,99,ALL,ALL,2024,379,,,,,,,,ALL_N1,99_N1,,,,,,
IT1:DF_DCSS_ISTR_LAV_PEN_2_TV_3(1.0),A,082041,RESPOP_AV,M,Y_GE15,TOTAL,ALL,1,ALL,ALL,2018,158,,,,,,,,ALL_N1,,,,,,,
IT1:DF_DCSS_ISTR_LAV_PEN_2_TV_3(1.0),A,082041,RESPOP_AV,M,Y_GE15,TOTAL,ALL,1,ALL,ALL,2019,154,,,,,,,,ALL_N1,,,,,,,
IT1:DF_DCSS_ISTR_LAV_PEN_2_TV_3(1.0),A,082041,RESPOP_AV,M,Y_GE15,TOTAL,ALL,1,ALL,ALL,2021,157,,,,,,,,ALL_N1,,,,,,,
IT1:DF_DCSS_ISTR_LAV_PEN_2_TV_3(1.0),A,082041,RESPOP_AV,M,Y_GE15,TOTAL,ALL,1,ALL,ALL,2022,151,,,,,,,,ALL_N1,,,,,,,
IT1:DF_DCSS_ISTR_LAV_PEN_2_TV_3(1.0),A,082041,RESPOP_AV,M,Y_GE15,TOTAL,ALL,1,ALL,ALL,2023,162,,,,,,,,ALL_N1,,,,,,,
IT1:DF_DCSS_ISTR_LAV_PEN_2_TV_3(1.0),A,082041,RESPOP_AV,M,Y_GE15,TOTAL,ALL,1,ALL,ALL,2024,175,,,,,,,,ALL_N1,,,,,,,
IT1:DF_DCSS_ISTR_LAV_PEN_2_TV_3(1.0),A,082041,RESPOP_AV,M,Y_GE15,TOTAL,ALL,12,ALL,ALL,2018,42,,,,,,,,ALL_N1,,,,,,,
IT1:DF_DCSS_ISTR_LAV_PEN_2_TV_3(1.0),A,082041,RESPOP_AV,M,Y_GE15,TOTAL,ALL,12,ALL,ALL,2019,45,,,,,,,,ALL_N1,,,,,,,
IT1:DF_DCSS_ISTR_LAV_PEN_2_TV_3(1.0),A,082041,RESPOP_AV,M,Y_GE15,TOTAL,ALL,12,ALL,ALL,2021,31.7522757654292,,,,,,,,ALL_N1,,,,,,,
IT1:DF_DCSS_ISTR_LAV_PEN_2_TV_3(1.0),A,082041,RESPOP_AV,M,Y_GE15,TOTAL,ALL,12,ALL,ALL,2022,35.360291002457,,,,,,,,ALL_N1,,,,,,,
IT1:DF_DCSS_ISTR_LAV_PEN_2_TV_3(1.0),A,082041,RESPOP_AV,M,Y_GE15,TOTAL,ALL,12,ALL,ALL,2023,37.524541568941,,,,,,,,ALL_N1,,,,,,,
IT1:DF_DCSS_ISTR_LAV_PEN_2_TV_3(1.0),A,082041,RESPOP_AV,M,Y_GE15,TOTAL,ALL,12,ALL,ALL,2024,21.875066726737796,,,,,,,,ALL_N1,,,,,,,
IT1:DF_DCSS_ISTR_LAV_PEN_2_TV_3(1.0),A,082041,RESPOP_AV,M,Y_GE15,TOTAL,ALL,22,ALL,ALL,2018,200,,,,,,,,ALL_N1,,,,,,,
IT1:DF_DCSS_ISTR_LAV_PEN_2_TV_3(1.0),A,082041,RESPOP_AV,M,Y_GE15,TOTAL,ALL,22,ALL,ALL,2019,199,,,,,,,,ALL_N1,,,,,,,
IT1:DF_DCSS_ISTR_LAV_PEN_2_TV_3(1.0),A,082041,RESPOP_AV,M,Y_GE15,TOTAL,ALL,22,ALL,ALL,2021,188.752275765429,,,,,,,,ALL_N1,,,,,,,
IT1:DF_DCSS_ISTR_LAV_PEN_2_TV_3(1.0),A,082041,RESPOP_AV,M,Y_GE15,TOTAL,ALL,22,ALL,ALL,2022,186.360291002457,,,,,,,,ALL_N1,,,,,,,
IT1:DF_DCSS_ISTR_LAV_PEN_2_TV_3(1.0),A,082041,RESPOP_AV,M,Y_GE15,TOTAL,ALL,22,ALL,ALL,2023,199.524541568941,,,,,,,,ALL_N1,,,,,,,
IT1:DF_DCSS_ISTR_LAV_PEN_2_TV_3(1.0),A,082041,RESPOP_AV,M,Y_GE15,TOTAL,ALL,22,ALL,ALL,2024,196.8750667267378,,,,,,,,ALL_N1,,,,,,,
IT1:DF_DCSS_ISTR_LAV_PEN_2_TV_3(1.0),A,082041,RESPOP_AV,M,Y_GE15,TOTAL,ALL,23,ALL,ALL,2018,190,,,,,,,,ALL_N1,,,,,,,
IT1:DF_DCSS_ISTR_LAV_PEN_2_TV_3(1.0),A,082041,RESPOP_AV,M,Y_GE15,TOTAL,ALL,23,ALL,ALL,2019,186,,,,,,,,ALL_N1,,,,,,,
IT1:DF_DCSS_ISTR_LAV_PEN_2_TV_3(1.0),A,082041,RESPOP_AV,M,Y_GE15,TOTAL,ALL,23,ALL,ALL,2021,203.247724234571,,,,,,,,ALL_N1,,,,,,,
IT1:DF_DCSS_ISTR_LAV_PEN_2_TV_3(1.0),A,082041,RESPOP_AV,M,Y_GE15,TOTAL,ALL,23,ALL,ALL,2022,197.639708997543,,,,,,,,ALL_N1,,,,,,,
IT1:DF_DCSS_ISTR_LAV_PEN_2_TV_3(1.0),A,082041,RESPOP_AV,M,Y_GE15,TOTAL,ALL,23,ALL,ALL,2023,183.475458431059,,,,,,,,ALL_N1,,,,,,,
IT1:DF_DCSS_ISTR_LAV_PEN_2_TV_3(1.0),A,082041,RESPOP_AV,M,Y_GE15,TOTAL,ALL,23,ALL,ALL,2024,188.12493327326223,,,,,,,,ALL_N1,,,,,,,
IT1:DF_DCSS_ISTR_LAV_PEN_2_TV_3(1.0),A,082041,RESPOP_AV,M,Y_GE15,TOTAL,ALL,24,ALL,ALL,2018,126,,,,,,,,ALL_N1,,,,,,,
IT1:DF_DCSS_ISTR_LAV_PEN_2_TV_3(1.0),A,082041,RESPOP_AV,M,Y_GE15,TOTAL,ALL,24,ALL,ALL,2019,125,,,,,,,,ALL_N1,,,,,,,
IT1:DF_DCSS_ISTR_LAV_PEN_2_TV_3(1.0),A,082041,RESPOP_AV,M,Y_GE15,TOTAL,ALL,24,ALL,ALL,2021,127.59410798102,,,,,,,,ALL_N1,,,,,,,
IT1:DF_DCSS_ISTR_LAV_PEN_2_TV_3(1.0),A,082041,RESPOP_AV,M,Y_GE15,TOTAL,ALL,24,ALL,ALL,2022,120.142848232314,,,,,,,,ALL_N1,,,,,,,
IT1:DF_DCSS_ISTR_LAV_PEN_2_TV_3(1.0),A,082041,RESPOP_AV,M,Y_GE15,TOTAL,ALL,24,ALL,ALL,2023,119.85981947681611,,,,,,,,ALL_N1,,,,,,,
IT1:DF_DCSS_ISTR_LAV_PEN_2_TV_3(1.0),A,082041,RESPOP_AV,M,Y_GE15,TOTAL,ALL,24,ALL,ALL,2024,122.69839144435497,,,,,,,,ALL_N1,,,,,,,
IT1:DF_DCSS_ISTR_LAV_PEN_2_TV_3(1.0),A,082041,RESPOP_AV,M,Y_GE15,TOTAL,ALL,4,ALL,ALL,2018,3,,,,,,,,ALL_N1,,,,,,,
IT1:DF_DCSS_ISTR_LAV_PEN_2_TV_3(1.0),A,082041,RESPOP_AV,M,Y_GE15,TOTAL,ALL,4,ALL,ALL,2019,3,,,,,,,,ALL_N1,,,,,,,
IT1:DF_DCSS_ISTR_LAV_PEN_2_TV_3(1.0),A,082041,RESPOP_AV,M,Y_GE15,TOTAL,ALL,4,ALL,ALL,2021,7.36805686760324,,,,,,,,ALL_N1,,,,,,,
IT1:DF_DCSS_ISTR_LAV_PEN_2_TV_3(1.0),A,082041,RESPOP_AV,M,Y_GE15,TOTAL,ALL,4,ALL,ALL,2022,7.19382155421189,,,,,,,,ALL_N1,,,,,,,
IT1:DF_DCSS_ISTR_LAV_PEN_2_TV_3(1.0),A,082041,RESPOP_AV,M,Y_GE15,TOTAL,ALL,4,ALL,ALL,2023,5.588051845843655,,,,,,,,ALL_N1,,,,,,,
IT1:DF_DCSS_ISTR_LAV_PEN_2_TV_3(1.0),A,082041,RESPOP_AV,M,Y_GE15,TOTAL,ALL,4,ALL,ALL,2024,6.234392870132411,,,,,,,,ALL_N1,,,,,,,
IT1:DF_DCSS_ISTR_LAV_PEN_2_TV_3(1.0),A,082041,RESPOP_AV,M,Y_GE15,TOTAL,ALL,5,ALL,ALL,2018,16,,,,,,,,ALL_N1,,,,,,,
IT1:DF_DCSS_ISTR_LAV_PEN_2_TV_3(1.0),A,082041,RESPOP_AV,M,Y_GE15,TOTAL,ALL,5,ALL,ALL,2019,19,,,,,,,,ALL_N1,,,,,,,
IT1:DF_DCSS_ISTR_LAV_PEN_2_TV_3(1.0),A,082041,RESPOP_AV,M,Y_GE15,TOTAL,ALL,5,ALL,ALL,2021,23.9428682017294,,,,,,,,ALL_N1,,,,,,,
IT1:DF_DCSS_ISTR_LAV_PEN_2_TV_3(1.0),A,082041,RESPOP_AV,M,Y_GE15,TOTAL,ALL,5,ALL,ALL,2022,24.9714631662467,,,,,,,,ALL_N1,,,,,,,
IT1:DF_DCSS_ISTR_LAV_PEN_2_TV_3(1.0),A,082041,RESPOP_AV,M,Y_GE15,TOTAL,ALL,5,ALL,ALL,2023,26.378424201650297,,,,,,,,ALL_N1,,,,,,,
IT1:DF_DCSS_ISTR_LAV_PEN_2_TV_3(1.0),A,082041,RESPOP_AV,M,Y_GE15,TOTAL,ALL,5,ALL,ALL,2024,25.62300196638143,,,,,,,,ALL_N1,,,,,,,
IT1:DF_DCSS_ISTR_LAV_PEN_2_TV_3(1.0),A,082041,RESPOP_AV,M,Y_GE15,TOTAL,ALL,7,ALL,ALL,2018,45,,,,,,,,ALL_N1,,,,,,,
IT1:DF_DCSS_ISTR_LAV_PEN_2_TV_3(1.0),A,082041,RESPOP_AV,M,Y_GE15,TOTAL,ALL,7,ALL,ALL,2019,39,,,,,,,,ALL_N1,,,,,,,
IT1:DF_DCSS_ISTR_LAV_PEN_2_TV_3(1.0),A,082041,RESPOP_AV,M,Y_GE15,TOTAL,ALL,7,ALL,ALL,2021,44.3426911842186,,,,,,,,ALL_N1,,,,,,,
IT1:DF_DCSS_ISTR_LAV_PEN_2_TV_3(1.0),A,082041,RESPOP_AV,M,Y_GE15,TOTAL,ALL,7,ALL,ALL,2022,45.3315760447703,,,,,,,,ALL_N1,,,,,,,
IT1:DF_DCSS_ISTR_LAV_PEN_2_TV_3(1.0),A,082041,RESPOP_AV,M,Y_GE15,TOTAL,ALL,7,ALL,ALL,2023,31.649162906748945,,,,,,,,ALL_N1,,,,,,,
IT1:DF_DCSS_ISTR_LAV_PEN_2_TV_3(1.0),A,082041,RESPOP_AV,M,Y_GE15,TOTAL,ALL,7,ALL,ALL,2024,33.56914699239341,,,,,,,,ALL_N1,,,,,,,
IT1:DF_DCSS_ISTR_LAV_PEN_2_TV_3(1.0),A,082041,RESPOP_AV,M,Y_GE15,TOTAL,ALL,99,ALL,ALL,2018,389,,,,,,,,ALL_N1,99_N1,,,,,,
IT1:DF_DCSS_ISTR_LAV_PEN_2_TV_3(1.0),A,082041,RESPOP_AV,M,Y_GE15,TOTAL,ALL,99,ALL,ALL,2019,385,,,,,,,,ALL_N1,99_N1,,,,,,
IT1:DF_DCSS_ISTR_LAV_PEN_2_TV_3(1.0),A,082041,RESPOP_AV,M,Y_GE15,TOTAL,ALL,99,ALL,ALL,2021,392,,,,,,,,ALL_N1,99_N1,,,,,,
IT1:DF_DCSS_ISTR_LAV_PEN_2_TV_3(1.0),A,082041,RESPOP_AV,M,Y_GE15,TOTAL,ALL,99,ALL,ALL,2022,384,,,,,,,,ALL_N1,99_N1,,,,,,
IT1:DF_DCSS_ISTR_LAV_PEN_2_TV_3(1.0),A,082041,RESPOP_AV,M,Y_GE15,TOTAL,ALL,99,ALL,ALL,2023,383,,,,,,,,ALL_N1,99_N1,,,,,,
IT1:DF_DCSS_ISTR_LAV_PEN_2_TV_3(1.0),A,082041,RESPOP_AV,M,Y_GE15,TOTAL,ALL,99,ALL,ALL,2024,385,,,,,,,,ALL_N1,99_N1,,,,,,
IT1:DF_DCSS_ISTR_LAV_PEN_2_TV_3(1.0),A,082041,RESPOP_AV,T,Y_GE15,TOTAL,ALL,1,ALL,ALL,2018,230,,,,,,,,ALL_N1,,,,,,,
IT1:DF_DCSS_ISTR_LAV_PEN_2_TV_3(1.0),A,082041,RESPOP_AV,T,Y_GE15,TOTAL,ALL,1,ALL,ALL,2019,219,,,,,,,,ALL_N1,,,,,,,
IT1:DF_DCSS_ISTR_LAV_PEN_2_TV_3(1.0),A,082041,RESPOP_AV,T,Y_GE15,TOTAL,ALL,1,ALL,ALL,2021,236,,,,,,,,ALL_N1,,,,,,,
IT1:DF_DCSS_ISTR_LAV_PEN_2_TV_3(1.0),A,082041,RESPOP_AV,T,Y_GE15,TOTAL,ALL,1,ALL,ALL,2022,228,,,,,,,,ALL_N1,,,,,,,
IT1:DF_DCSS_ISTR_LAV_PEN_2_TV_3(1.0),A,082041,RESPOP_AV,T,Y_GE15,TOTAL,ALL,1,ALL,ALL,2023,237,,,,,,,,ALL_N1,,,,,,,
IT1:DF_DCSS_ISTR_LAV_PEN_2_TV_3(1.0),A,082041,RESPOP_AV,T,Y_GE15,TOTAL,ALL,1,ALL,ALL,2024,250,,,,,,,,ALL_N1,,,,,,,
IT1:DF_DCSS_ISTR_LAV_PEN_2_TV_3(1.0),A,082041,RESPOP_AV,T,Y_GE15,TOTAL,ALL,12,ALL,ALL,2018,81,,,,,,,,ALL_N1,,,,,,,
IT1:DF_DCSS_ISTR_LAV_PEN_2_TV_3(1.0),A,082041,RESPOP_AV,T,Y_GE15,TOTAL,ALL,12,ALL,ALL,2019,90,,,,,,,,ALL_N1,,,,,,,
IT1:DF_DCSS_ISTR_LAV_PEN_2_TV_3(1.0),A,082041,RESPOP_AV,T,Y_GE15,TOTAL,ALL,12,ALL,ALL,2021,53.7080082848136,,,,,,,,ALL_N1,,,,,,,
IT1:DF_DCSS_ISTR_LAV_PEN_2_TV_3(1.0),A,082041,RESPOP_AV,T,Y_GE15,TOTAL,ALL,12,ALL,ALL,2022,59.393064321467,,,,,,,,ALL_N1,,,,,,,
IT1:DF_DCSS_ISTR_LAV_PEN_2_TV_3(1.0),A,082041,RESPOP_AV,T,Y_GE15,TOTAL,ALL,12,ALL,ALL,2023,72.4657183470807,,,,,,,,ALL_N1,,,,,,,
IT1:DF_DCSS_ISTR_LAV_PEN_2_TV_3(1.0),A,082041,RESPOP_AV,T,Y_GE15,TOTAL,ALL,12,ALL,ALL,2024,41.702128646415446,,,,,,,,ALL_N1,,,,,,,
IT1:DF_DCSS_ISTR_LAV_PEN_2_TV_3(1.0),A,082041,RESPOP_AV,T,Y_GE15,TOTAL,ALL,22,ALL,ALL,2018,311,,,,,,,,ALL_N1,,,,,,,
IT1:DF_DCSS_ISTR_LAV_PEN_2_TV_3(1.0),A,082041,RESPOP_AV,T,Y_GE15,TOTAL,ALL,22,ALL,ALL,2019,309,,,,,,,,ALL_N1,,,,,,,
IT1:DF_DCSS_ISTR_LAV_PEN_2_TV_3(1.0),A,082041,RESPOP_AV,T,Y_GE15,TOTAL,ALL,22,ALL,ALL,2021,289.708008284814,,,,,,,,ALL_N1,,,,,,,
IT1:DF_DCSS_ISTR_LAV_PEN_2_TV_3(1.0),A,082041,RESPOP_AV,T,Y_GE15,TOTAL,ALL,22,ALL,ALL,2022,287.393064321467,,,,,,,,ALL_N1,,,,,,,
IT1:DF_DCSS_ISTR_LAV_PEN_2_TV_3(1.0),A,082041,RESPOP_AV,T,Y_GE15,TOTAL,ALL,22,ALL,ALL,2023,309.46571834708067,,,,,,,,ALL_N1,,,,,,,
IT1:DF_DCSS_ISTR_LAV_PEN_2_TV_3(1.0),A,082041,RESPOP_AV,T,Y_GE15,TOTAL,ALL,22,ALL,ALL,2024,291.7021286464155,,,,,,,,ALL_N1,,,,,,,
IT1:DF_DCSS_ISTR_LAV_PEN_2_TV_3(1.0),A,082041,RESPOP_AV,T,Y_GE15,TOTAL,ALL,23,ALL,ALL,2018,503,,,,,,,,ALL_N1,,,,,,,
IT1:DF_DCSS_ISTR_LAV_PEN_2_TV_3(1.0),A,082041,RESPOP_AV,T,Y_GE15,TOTAL,ALL,23,ALL,ALL,2019,501,,,,,,,,ALL_N1,,,,,,,
IT1:DF_DCSS_ISTR_LAV_PEN_2_TV_3(1.0),A,082041,RESPOP_AV,T,Y_GE15,TOTAL,ALL,23,ALL,ALL,2021,497.291991715186,,,,,,,,ALL_N1,,,,,,,
IT1:DF_DCSS_ISTR_LAV_PEN_2_TV_3(1.0),A,082041,RESPOP_AV,T,Y_GE15,TOTAL,ALL,23,ALL,ALL,2022,489.606935678533,,,,,,,,ALL_N1,,,,,,,
IT1:DF_DCSS_ISTR_LAV_PEN_2_TV_3(1.0),A,082041,RESPOP_AV,T,Y_GE15,TOTAL,ALL,23,ALL,ALL,2023,461.53428165291933,,,,,,,,ALL_N1,,,,,,,
IT1:DF_DCSS_ISTR_LAV_PEN_2_TV_3(1.0),A,082041,RESPOP_AV,T,Y_GE15,TOTAL,ALL,23,ALL,ALL,2024,472.2978713535846,,,,,,,,ALL_N1,,,,,,,
IT1:DF_DCSS_ISTR_LAV_PEN_2_TV_3(1.0),A,082041,RESPOP_AV,T,Y_GE15,TOTAL,ALL,24,ALL,ALL,2018,263,,,,,,,,ALL_N1,,,,,,,
IT1:DF_DCSS_ISTR_LAV_PEN_2_TV_3(1.0),A,082041,RESPOP_AV,T,Y_GE15,TOTAL,ALL,24,ALL,ALL,2019,266,,,,,,,,ALL_N1,,,,,,,
IT1:DF_DCSS_ISTR_LAV_PEN_2_TV_3(1.0),A,082041,RESPOP_AV,T,Y_GE15,TOTAL,ALL,24,ALL,ALL,2021,243.168413139951,,,,,,,,ALL_N1,,,,,,,
IT1:DF_DCSS_ISTR_LAV_PEN_2_TV_3(1.0),A,082041,RESPOP_AV,T,Y_GE15,TOTAL,ALL,24,ALL,ALL,2022,232.119109261653,,,,,,,,ALL_N1,,,,,,,
IT1:DF_DCSS_ISTR_LAV_PEN_2_TV_3(1.0),A,082041,RESPOP_AV,T,Y_GE15,TOTAL,ALL,24,ALL,ALL,2023,247.36803537338812,,,,,,,,ALL_N1,,,,,,,
IT1:DF_DCSS_ISTR_LAV_PEN_2_TV_3(1.0),A,082041,RESPOP_AV,T,Y_GE15,TOTAL,ALL,24,ALL,ALL,2024,246.3235297782852,,,,,,,,ALL_N1,,,,,,,
IT1:DF_DCSS_ISTR_LAV_PEN_2_TV_3(1.0),A,082041,RESPOP_AV,T,Y_GE15,TOTAL,ALL,4,ALL,ALL,2018,120,,,,,,,,ALL_N1,,,,,,,
IT1:DF_DCSS_ISTR_LAV_PEN_2_TV_3(1.0),A,082041,RESPOP_AV,T,Y_GE15,TOTAL,ALL,4,ALL,ALL,2019,116,,,,,,,,ALL_N1,,,,,,,
IT1:DF_DCSS_ISTR_LAV_PEN_2_TV_3(1.0),A,082041,RESPOP_AV,T,Y_GE15,TOTAL,ALL,4,ALL,ALL,2021,130.449037716523,,,,,,,,ALL_N1,,,,,,,
IT1:DF_DCSS_ISTR_LAV_PEN_2_TV_3(1.0),A,082041,RESPOP_AV,T,Y_GE15,TOTAL,ALL,4,ALL,ALL,2022,127.67066364071,,,,,,,,ALL_N1,,,,,,,
IT1:DF_DCSS_ISTR_LAV_PEN_2_TV_3(1.0),A,082041,RESPOP_AV,T,Y_GE15,TOTAL,ALL,4,ALL,ALL,2023,100.13460688367955,,,,,,,,ALL_N1,,,,,,,
IT1:DF_DCSS_ISTR_LAV_PEN_2_TV_3(1.0),A,082041,RESPOP_AV,T,Y_GE15,TOTAL,ALL,4,ALL,ALL,2024,112.04290630451389,,,,,,,,ALL_N1,,,,,,,
IT1:DF_DCSS_ISTR_LAV_PEN_2_TV_3(1.0),A,082041,RESPOP_AV,T,Y_GE15,TOTAL,ALL,5,ALL,ALL,2018,33,,,,,,,,ALL_N1,,,,,,,
IT1:DF_DCSS_ISTR_LAV_PEN_2_TV_3(1.0),A,082041,RESPOP_AV,T,Y_GE15,TOTAL,ALL,5,ALL,ALL,2019,43,,,,,,,,ALL_N1,,,,,,,
IT1:DF_DCSS_ISTR_LAV_PEN_2_TV_3(1.0),A,082041,RESPOP_AV,T,Y_GE15,TOTAL,ALL,5,ALL,ALL,2021,45.6371330574395,,,,,,,,ALL_N1,,,,,,,
IT1:DF_DCSS_ISTR_LAV_PEN_2_TV_3(1.0),A,082041,RESPOP_AV,T,Y_GE15,TOTAL,ALL,5,ALL,ALL,2022,48.7896067742873,,,,,,,,ALL_N1,,,,,,,
IT1:DF_DCSS_ISTR_LAV_PEN_2_TV_3(1.0),A,082041,RESPOP_AV,T,Y_GE15,TOTAL,ALL,5,ALL,ALL,2023,52.095486955267866,,,,,,,,ALL_N1,,,,,,,
IT1:DF_DCSS_ISTR_LAV_PEN_2_TV_3(1.0),A,082041,RESPOP_AV,T,Y_GE15,TOTAL,ALL,5,ALL,ALL,2024,49.944801093120695,,,,,,,,ALL_N1,,,,,,,
IT1:DF_DCSS_ISTR_LAV_PEN_2_TV_3(1.0),A,082041,RESPOP_AV,T,Y_GE15,TOTAL,ALL,7,ALL,ALL,2018,87,,,,,,,,ALL_N1,,,,,,,
IT1:DF_DCSS_ISTR_LAV_PEN_2_TV_3(1.0),A,082041,RESPOP_AV,T,Y_GE15,TOTAL,ALL,7,ALL,ALL,2019,76,,,,,,,,ALL_N1,,,,,,,
IT1:DF_DCSS_ISTR_LAV_PEN_2_TV_3(1.0),A,082041,RESPOP_AV,T,Y_GE15,TOTAL,ALL,7,ALL,ALL,2021,78.0374078012731,,,,,,,,ALL_N1,,,,,,,
IT1:DF_DCSS_ISTR_LAV_PEN_2_TV_3(1.0),A,082041,RESPOP_AV,T,Y_GE15,TOTAL,ALL,7,ALL,ALL,2022,81.0275560018829,,,,,,,,ALL_N1,,,,,,,
IT1:DF_DCSS_ISTR_LAV_PEN_2_TV_3(1.0),A,082041,RESPOP_AV,T,Y_GE15,TOTAL,ALL,7,ALL,ALL,2023,61.9361524405838,,,,,,,,ALL_N1,,,,,,,
IT1:DF_DCSS_ISTR_LAV_PEN_2_TV_3(1.0),A,082041,RESPOP_AV,T,Y_GE15,TOTAL,ALL,7,ALL,ALL,2024,63.986634177664754,,,,,,,,ALL_N1,,,,,,,
IT1:DF_DCSS_ISTR_LAV_PEN_2_TV_3(1.0),A,082041,RESPOP_AV,T,Y_GE15,TOTAL,ALL,99,ALL,ALL,2018,813,,,,,,,,ALL_N1,99_N1,,,,,,
IT1:DF_DCSS_ISTR_LAV_PEN_2_TV_3(1.0),A,082041,RESPOP_AV,T,Y_GE15,TOTAL,ALL,99,ALL,ALL,2019,810,,,,,,,,ALL_N1,99_N1,,,,,,
IT1:DF_DCSS_ISTR_LAV_PEN_2_TV_3(1.0),A,082041,RESPOP_AV,T,Y_GE15,TOTAL,ALL,99,ALL,ALL,2021,787,,,,,,,,ALL_N1,99_N1,,,,,,
IT1:DF_DCSS_ISTR_LAV_PEN_2_TV_3(1.0),A,082041,RESPOP_AV,T,Y_GE15,TOTAL,ALL,99,ALL,ALL,2022,777,,,,,,,,ALL_N1,99_N1,,,,,,
IT1:DF_DCSS_ISTR_LAV_PEN_2_TV_3(1.0),A,082041,RESPOP_AV,T,Y_GE15,TOTAL,ALL,99,ALL,ALL,2023,771,,,,,,,,ALL_N1,99_N1,,,,,,
IT1:DF_DCSS_ISTR_LAV_PEN_2_TV_3(1.0),A,082041,RESPOP_AV,T,Y_GE15,TOTAL,ALL,99,ALL,ALL,2024,764,,,,,,,,ALL_N1,99_N1,,,,,,
IT1:DF_DCSS_ISTR_LAV_PEN_2_TV_3(1.0),A,082042,RESPOP_AV,F,Y_GE15,TOTAL,ALL,1,ALL,ALL,2018,172,,,,,,,,ALL_N1,,,,,,,
IT1:DF_DCSS_ISTR_LAV_PEN_2_TV_3(1.0),A,082042,RESPOP_AV,F,Y_GE15,TOTAL,ALL,1,ALL,ALL,2019,171,,,,,,,,ALL_N1,,,,,,,
IT1:DF_DCSS_ISTR_LAV_PEN_2_TV_3(1.0),A,082042,RESPOP_AV,F,Y_GE15,TOTAL,ALL,1,ALL,ALL,2021,162,,,,,,,,ALL_N1,,,,,,,
IT1:DF_DCSS_ISTR_LAV_PEN_2_TV_3(1.0),A,082042,RESPOP_AV,F,Y_GE15,TOTAL,ALL,1,ALL,ALL,2022,151,,,,,,,,ALL_N1,,,,,,,
IT1:DF_DCSS_ISTR_LAV_PEN_2_TV_3(1.0),A,082042,RESPOP_AV,F,Y_GE15,TOTAL,ALL,1,ALL,ALL,2023,160,,,,,,,,ALL_N1,,,,,,,
IT1:DF_DCSS_ISTR_LAV_PEN_2_TV_3(1.0),A,082042,RESPOP_AV,F,Y_GE15,TOTAL,ALL,1,ALL,ALL,2024,150,,,,,,,,ALL_N1,,,,,,,
IT1:DF_DCSS_ISTR_LAV_PEN_2_TV_3(1.0),A,082042,RESPOP_AV,F,Y_GE15,TOTAL,ALL,12,ALL,ALL,2018,47,,,,,,,,ALL_N1,,,,,,,
IT1:DF_DCSS_ISTR_LAV_PEN_2_TV_3(1.0),A,082042,RESPOP_AV,F,Y_GE15,TOTAL,ALL,12,ALL,ALL,2019,50,,,,,,,,ALL_N1,,,,,,,
IT1:DF_DCSS_ISTR_LAV_PEN_2_TV_3(1.0),A,082042,RESPOP_AV,F,Y_GE15,TOTAL,ALL,12,ALL,ALL,2021,35.0129718216104,,,,,,,,ALL_N1,,,,,,,
IT1:DF_DCSS_ISTR_LAV_PEN_2_TV_3(1.0),A,082042,RESPOP_AV,F,Y_GE15,TOTAL,ALL,12,ALL,ALL,2022,38.1528888778867,,,,,,,,ALL_N1,,,,,,,
IT1:DF_DCSS_ISTR_LAV_PEN_2_TV_3(1.0),A,082042,RESPOP_AV,F,Y_GE15,TOTAL,ALL,12,ALL,ALL,2023,46.56145397473952,,,,,,,,ALL_N1,,,,,,,
IT1:DF_DCSS_ISTR_LAV_PEN_2_TV_3(1.0),A,082042,RESPOP_AV,F,Y_GE15,TOTAL,ALL,12,ALL,ALL,2024,35.13595037433377,,,,,,,,ALL_N1,,,,,,,
IT1:DF_DCSS_ISTR_LAV_PEN_2_TV_3(1.0),A,082042,RESPOP_AV,F,Y_GE15,TOTAL,ALL,22,ALL,ALL,2018,219,,,,,,,,ALL_N1,,,,,,,
IT1:DF_DCSS_ISTR_LAV_PEN_2_TV_3(1.0),A,082042,RESPOP_AV,F,Y_GE15,TOTAL,ALL,22,ALL,ALL,2019,220,,,,,,,,ALL_N1,,,,,,,
IT1:DF_DCSS_ISTR_LAV_PEN_2_TV_3(1.0),A,082042,RESPOP_AV,F,Y_GE15,TOTAL,ALL,22,ALL,ALL,2021,197.01297182161,,,,,,,,ALL_N1,,,,,,,
IT1:DF_DCSS_ISTR_LAV_PEN_2_TV_3(1.0),A,082042,RESPOP_AV,F,Y_GE15,TOTAL,ALL,22,ALL,ALL,2022,189.152888877887,,,,,,,,ALL_N1,,,,,,,
IT1:DF_DCSS_ISTR_LAV_PEN_2_TV_3(1.0),A,082042,RESPOP_AV,F,Y_GE15,TOTAL,ALL,22,ALL,ALL,2023,206.56145397473952,,,,,,,,ALL_N1,,,,,,,
IT1:DF_DCSS_ISTR_LAV_PEN_2_TV_3(1.0),A,082042,RESPOP_AV,F,Y_GE15,TOTAL,ALL,22,ALL,ALL,2024,185.13595037433376,,,,,,,,ALL_N1,,,,,,,
IT1:DF_DCSS_ISTR_LAV_PEN_2_TV_3(1.0),A,082042,RESPOP_AV,F,Y_GE15,TOTAL,ALL,23,ALL,ALL,2018,480,,,,,,,,ALL_N1,,,,,,,
IT1:DF_DCSS_ISTR_LAV_PEN_2_TV_3(1.0),A,082042,RESPOP_AV,F,Y_GE15,TOTAL,ALL,23,ALL,ALL,2019,470,,,,,,,,ALL_N1,,,,,,,
IT1:DF_DCSS_ISTR_LAV_PEN_2_TV_3(1.0),A,082042,RESPOP_AV,F,Y_GE15,TOTAL,ALL,23,ALL,ALL,2021,455.98702817839,,,,,,,,ALL_N1,,,,,,,
IT1:DF_DCSS_ISTR_LAV_PEN_2_TV_3(1.0),A,082042,RESPOP_AV,F,Y_GE15,TOTAL,ALL,23,ALL,ALL,2022,452.847111122113,,,,,,,,ALL_N1,,,,,,,
IT1:DF_DCSS_ISTR_LAV_PEN_2_TV_3(1.0),A,082042,RESPOP_AV,F,Y_GE15,TOTAL,ALL,23,ALL,ALL,2023,419.4385460252605,,,,,,,,ALL_N1,,,,,,,
IT1:DF_DCSS_ISTR_LAV_PEN_2_TV_3(1.0),A,082042,RESPOP_AV,F,Y_GE15,TOTAL,ALL,23,ALL,ALL,2024,429.86404962566627,,,,,,,,ALL_N1,,,,,,,
IT1:DF_DCSS_ISTR_LAV_PEN_2_TV_3(1.0),A,082042,RESPOP_AV,F,Y_GE15,TOTAL,ALL,24,ALL,ALL,2018,207,,,,,,,,ALL_N1,,,,,,,
IT1:DF_DCSS_ISTR_LAV_PEN_2_TV_3(1.0),A,082042,RESPOP_AV,F,Y_GE15,TOTAL,ALL,24,ALL,ALL,2019,219,,,,,,,,ALL_N1,,,,,,,
IT1:DF_DCSS_ISTR_LAV_PEN_2_TV_3(1.0),A,082042,RESPOP_AV,F,Y_GE15,TOTAL,ALL,24,ALL,ALL,2021,212.159519923489,,,,,,,,ALL_N1,,,,,,,
IT1:DF_DCSS_ISTR_LAV_PEN_2_TV_3(1.0),A,082042,RESPOP_AV,F,Y_GE15,TOTAL,ALL,24,ALL,ALL,2022,191.924409369622,,,,,,,,ALL_N1,,,,,,,
IT1:DF_DCSS_ISTR_LAV_PEN_2_TV_3(1.0),A,082042,RESPOP_AV,F,Y_GE15,TOTAL,ALL,24,ALL,ALL,2023,198.630952531923,,,,,,,,ALL_N1,,,,,,,
IT1:DF_DCSS_ISTR_LAV_PEN_2_TV_3(1.0),A,082042,RESPOP_AV,F,Y_GE15,TOTAL,ALL,24,ALL,ALL,2024,178.86888989713796,,,,,,,,ALL_N1,,,,,,,
IT1:DF_DCSS_ISTR_LAV_PEN_2_TV_3(1.0),A,082042,RESPOP_AV,F,Y_GE15,TOTAL,ALL,4,ALL,ALL,2018,165,,,,,,,,ALL_N1,,,,,,,
IT1:DF_DCSS_ISTR_LAV_PEN_2_TV_3(1.0),A,082042,RESPOP_AV,F,Y_GE15,TOTAL,ALL,4,ALL,ALL,2019,155,,,,,,,,ALL_N1,,,,,,,
IT1:DF_DCSS_ISTR_LAV_PEN_2_TV_3(1.0),A,082042,RESPOP_AV,F,Y_GE15,TOTAL,ALL,4,ALL,ALL,2021,155.811563921995,,,,,,,,ALL_N1,,,,,,,
IT1:DF_DCSS_ISTR_LAV_PEN_2_TV_3(1.0),A,082042,RESPOP_AV,F,Y_GE15,TOTAL,ALL,4,ALL,ALL,2022,156.362006561291,,,,,,,,ALL_N1,,,,,,,
IT1:DF_DCSS_ISTR_LAV_PEN_2_TV_3(1.0),A,082042,RESPOP_AV,F,Y_GE15,TOTAL,ALL,4,ALL,ALL,2023,131.85406339246617,,,,,,,,ALL_N1,,,,,,,
IT1:DF_DCSS_ISTR_LAV_PEN_2_TV_3(1.0),A,082042,RESPOP_AV,F,Y_GE15,TOTAL,ALL,4,ALL,ALL,2024,153.27769329675803,,,,,,,,ALL_N1,,,,,,,
IT1:DF_DCSS_ISTR_LAV_PEN_2_TV_3(1.0),A,082042,RESPOP_AV,F,Y_GE15,TOTAL,ALL,5,ALL,ALL,2018,44,,,,,,,,ALL_N1,,,,,,,
IT1:DF_DCSS_ISTR_LAV_PEN_2_TV_3(1.0),A,082042,RESPOP_AV,F,Y_GE15,TOTAL,ALL,5,ALL,ALL,2019,47,,,,,,,,ALL_N1,,,,,,,
IT1:DF_DCSS_ISTR_LAV_PEN_2_TV_3(1.0),A,082042,RESPOP_AV,F,Y_GE15,TOTAL,ALL,5,ALL,ALL,2021,47.4321117435182,,,,,,,,ALL_N1,,,,,,,
IT1:DF_DCSS_ISTR_LAV_PEN_2_TV_3(1.0),A,082042,RESPOP_AV,F,Y_GE15,TOTAL,ALL,5,ALL,ALL,2022,47.7805905112286,,,,,,,,ALL_N1,,,,,,,
IT1:DF_DCSS_ISTR_LAV_PEN_2_TV_3(1.0),A,082042,RESPOP_AV,F,Y_GE15,TOTAL,ALL,5,ALL,ALL,2023,41.117931839658965,,,,,,,,ALL_N1,,,,,,,
IT1:DF_DCSS_ISTR_LAV_PEN_2_TV_3(1.0),A,082042,RESPOP_AV,F,Y_GE15,TOTAL,ALL,5,ALL,ALL,2024,38.22427722814683,,,,,,,,ALL_N1,,,,,,,
IT1:DF_DCSS_ISTR_LAV_PEN_2_TV_3(1.0),A,082042,RESPOP_AV,F,Y_GE15,TOTAL,ALL,7,ALL,ALL,2018,65,,,,,,,,ALL_N1,,,,,,,
IT1:DF_DCSS_ISTR_LAV_PEN_2_TV_3(1.0),A,082042,RESPOP_AV,F,Y_GE15,TOTAL,ALL,7,ALL,ALL,2019,49,,,,,,,,ALL_N1,,,,,,,
IT1:DF_DCSS_ISTR_LAV_PEN_2_TV_3(1.0),A,082042,RESPOP_AV,F,Y_GE15,TOTAL,ALL,7,ALL,ALL,2021,40.5838325893873,,,,,,,,ALL_N1,,,,,,,
IT1:DF_DCSS_ISTR_LAV_PEN_2_TV_3(1.0),A,082042,RESPOP_AV,F,Y_GE15,TOTAL,ALL,7,ALL,ALL,2022,56.7801046799716,,,,,,,,ALL_N1,,,,,,,
IT1:DF_DCSS_ISTR_LAV_PEN_2_TV_3(1.0),A,082042,RESPOP_AV,F,Y_GE15,TOTAL,ALL,7,ALL,ALL,2023,47.835598261212404,,,,,,,,ALL_N1,,,,,,,
IT1:DF_DCSS_ISTR_LAV_PEN_2_TV_3(1.0),A,082042,RESPOP_AV,F,Y_GE15,TOTAL,ALL,7,ALL,ALL,2024,59.493189203623444,,,,,,,,ALL_N1,,,,,,,
IT1:DF_DCSS_ISTR_LAV_PEN_2_TV_3(1.0),A,082042,RESPOP_AV,F,Y_GE15,TOTAL,ALL,99,ALL,ALL,2018,699,,,,,,,,ALL_N1,99_N1,,,,,,
IT1:DF_DCSS_ISTR_LAV_PEN_2_TV_3(1.0),A,082042,RESPOP_AV,F,Y_GE15,TOTAL,ALL,99,ALL,ALL,2019,690,,,,,,,,ALL_N1,99_N1,,,,,,
IT1:DF_DCSS_ISTR_LAV_PEN_2_TV_3(1.0),A,082042,RESPOP_AV,F,Y_GE15,TOTAL,ALL,99,ALL,ALL,2021,653,,,,,,,,ALL_N1,99_N1,,,,,,
IT1:DF_DCSS_ISTR_LAV_PEN_2_TV_3(1.0),A,082042,RESPOP_AV,F,Y_GE15,TOTAL,ALL,99,ALL,ALL,2022,642,,,,,,,,ALL_N1,99_N1,,,,,,
IT1:DF_DCSS_ISTR_LAV_PEN_2_TV_3(1.0),A,082042,RESPOP_AV,F,Y_GE15,TOTAL,ALL,99,ALL,ALL,2023,626,,,,,,,,ALL_N1,99_N1,,,,,,
IT1:DF_DCSS_ISTR_LAV_PEN_2_TV_3(1.0),A,082042,RESPOP_AV,F,Y_GE15,TOTAL,ALL,99,ALL,ALL,2024,615,,,,,,,,ALL_N1,99_N1,,,,,,
IT1:DF_DCSS_ISTR_LAV_PEN_2_TV_3(1.0),A,082042,RESPOP_AV,M,Y_GE15,TOTAL,ALL,1,ALL,ALL,2018,277,,,,,,,,ALL_N1,,,,,,,
IT1:DF_DCSS_ISTR_LAV_PEN_2_TV_3(1.0),A,082042,RESPOP_AV,M,Y_GE15,TOTAL,ALL,1,ALL,ALL,2019,269,,,,,,,,ALL_N1,,,,,,,
IT1:DF_DCSS_ISTR_LAV_PEN_2_TV_3(1.0),A,082042,RESPOP_AV,M,Y_GE15,TOTAL,ALL,1,ALL,ALL,2021,255,,,,,,,,ALL_N1,,,,,,,
IT1:DF_DCSS_ISTR_LAV_PEN_2_TV_3(1.0),A,082042,RESPOP_AV,M,Y_GE15,TOTAL,ALL,1,ALL,ALL,2022,228,,,,,,,,ALL_N1,,,,,,,
IT1:DF_DCSS_ISTR_LAV_PEN_2_TV_3(1.0),A,082042,RESPOP_AV,M,Y_GE15,TOTAL,ALL,1,ALL,ALL,2023,245,,,,,,,,ALL_N1,,,,,,,
IT1:DF_DCSS_ISTR_LAV_PEN_2_TV_3(1.0),A,082042,RESPOP_AV,M,Y_GE15,TOTAL,ALL,1,ALL,ALL,2024,266,,,,,,,,ALL_N1,,,,,,,
IT1:DF_DCSS_ISTR_LAV_PEN_2_TV_3(1.0),A,082042,RESPOP_AV,M,Y_GE15,TOTAL,ALL,12,ALL,ALL,2018,53,,,,,,,,ALL_N1,,,,,,,
IT1:DF_DCSS_ISTR_LAV_PEN_2_TV_3(1.0),A,082042,RESPOP_AV,M,Y_GE15,TOTAL,ALL,12,ALL,ALL,2019,52,,,,,,,,ALL_N1,,,,,,,
IT1:DF_DCSS_ISTR_LAV_PEN_2_TV_3(1.0),A,082042,RESPOP_AV,M,Y_GE15,TOTAL,ALL,12,ALL,ALL,2021,32.9824682570954,,,,,,,,ALL_N1,,,,,,,
IT1:DF_DCSS_ISTR_LAV_PEN_2_TV_3(1.0),A,082042,RESPOP_AV,M,Y_GE15,TOTAL,ALL,12,ALL,ALL,2022,41.7145398870597,,,,,,,,ALL_N1,,,,,,,
IT1:DF_DCSS_ISTR_LAV_PEN_2_TV_3(1.0),A,082042,RESPOP_AV,M,Y_GE15,TOTAL,ALL,12,ALL,ALL,2023,40.63829848964377,,,,,,,,ALL_N1,,,,,,,
IT1:DF_DCSS_ISTR_LAV_PEN_2_TV_3(1.0),A,082042,RESPOP_AV,M,Y_GE15,TOTAL,ALL,12,ALL,ALL,2024,40.46073122911105,,,,,,,,ALL_N1,,,,,,,
IT1:DF_DCSS_ISTR_LAV_PEN_2_TV_3(1.0),A,082042,RESPOP_AV,M,Y_GE15,TOTAL,ALL,22,ALL,ALL,2018,329,,,,,,,,ALL_N1,,,,,,,
IT1:DF_DCSS_ISTR_LAV_PEN_2_TV_3(1.0),A,082042,RESPOP_AV,M,Y_GE15,TOTAL,ALL,22,ALL,ALL,2019,320,,,,,,,,ALL_N1,,,,,,,
IT1:DF_DCSS_ISTR_LAV_PEN_2_TV_3(1.0),A,082042,RESPOP_AV,M,Y_GE15,TOTAL,ALL,22,ALL,ALL,2021,287.982468257095,,,,,,,,ALL_N1,,,,,,,
IT1:DF_DCSS_ISTR_LAV_PEN_2_TV_3(1.0),A,082042,RESPOP_AV,M,Y_GE15,TOTAL,ALL,22,ALL,ALL,2022,269.71453988706,,,,,,,,ALL_N1,,,,,,,
IT1:DF_DCSS_ISTR_LAV_PEN_2_TV_3(1.0),A,082042,RESPOP_AV,M,Y_GE15,TOTAL,ALL,22,ALL,ALL,2023,285.6382984896438,,,,,,,,ALL_N1,,,,,,,
IT1:DF_DCSS_ISTR_LAV_PEN_2_TV_3(1.0),A,082042,RESPOP_AV,M,Y_GE15,TOTAL,ALL,22,ALL,ALL,2024,306.46073122911105,,,,,,,,ALL_N1,,,,,,,
IT1:DF_DCSS_ISTR_LAV_PEN_2_TV_3(1.0),A,082042,RESPOP_AV,M,Y_GE15,TOTAL,ALL,23,ALL,ALL,2018,287,,,,,,,,ALL_N1,,,,,,,
IT1:DF_DCSS_ISTR_LAV_PEN_2_TV_3(1.0),A,082042,RESPOP_AV,M,Y_GE15,TOTAL,ALL,23,ALL,ALL,2019,288,,,,,,,,ALL_N1,,,,,,,
IT1:DF_DCSS_ISTR_LAV_PEN_2_TV_3(1.0),A,082042,RESPOP_AV,M,Y_GE15,TOTAL,ALL,23,ALL,ALL,2021,289.017531742905,,,,,,,,ALL_N1,,,,,,,
IT1:DF_DCSS_ISTR_LAV_PEN_2_TV_3(1.0),A,082042,RESPOP_AV,M,Y_GE15,TOTAL,ALL,23,ALL,ALL,2022,304.28546011294,,,,,,,,ALL_N1,,,,,,,
IT1:DF_DCSS_ISTR_LAV_PEN_2_TV_3(1.0),A,082042,RESPOP_AV,M,Y_GE15,TOTAL,ALL,23,ALL,ALL,2023,284.3617015103562,,,,,,,,ALL_N1,,,,,,,
IT1:DF_DCSS_ISTR_LAV_PEN_2_TV_3(1.0),A,082042,RESPOP_AV,M,Y_GE15,TOTAL,ALL,23,ALL,ALL,2024,342.53926877088895,,,,,,,,ALL_N1,,,,,,,
IT1:DF_DCSS_ISTR_LAV_PEN_2_TV_3(1.0),A,082042,RESPOP_AV,M,Y_GE15,TOTAL,ALL,24,ALL,ALL,2018,176,,,,,,,,ALL_N1,,,,,,,
IT1:DF_DCSS_ISTR_LAV_PEN_2_TV_3(1.0),A,082042,RESPOP_AV,M,Y_GE15,TOTAL,ALL,24,ALL,ALL,2019,186,,,,,,,,ALL_N1,,,,,,,
IT1:DF_DCSS_ISTR_LAV_PEN_2_TV_3(1.0),A,082042,RESPOP_AV,M,Y_GE15,TOTAL,ALL,24,ALL,ALL,2021,178.433477518204,,,,,,,,ALL_N1,,,,,,,
IT1:DF_DCSS_ISTR_LAV_PEN_2_TV_3(1.0),A,082042,RESPOP_AV,M,Y_GE15,TOTAL,ALL,24,ALL,ALL,2022,183.737711393032,,,,,,,,ALL_N1,,,,,,,
IT1:DF_DCSS_ISTR_LAV_PEN_2_TV_3(1.0),A,082042,RESPOP_AV,M,Y_GE15,TOTAL,ALL,24,ALL,ALL,2023,185.90930424192086,,,,,,,,ALL_N1,,,,,,,
IT1:DF_DCSS_ISTR_LAV_PEN_2_TV_3(1.0),A,082042,RESPOP_AV,M,Y_GE15,TOTAL,ALL,24,ALL,ALL,2024,186.74113178528611,,,,,,,,ALL_N1,,,,,,,
IT1:DF_DCSS_ISTR_LAV_PEN_2_TV_3(1.0),A,082042,RESPOP_AV,M,Y_GE15,TOTAL,ALL,4,ALL,ALL,2018,5,,,,,,,,ALL_N1,,,,,,,
IT1:DF_DCSS_ISTR_LAV_PEN_2_TV_3(1.0),A,082042,RESPOP_AV,M,Y_GE15,TOTAL,ALL,4,ALL,ALL,2019,4,,,,,,,,ALL_N1,,,,,,,
IT1:DF_DCSS_ISTR_LAV_PEN_2_TV_3(1.0),A,082042,RESPOP_AV,M,Y_GE15,TOTAL,ALL,4,ALL,ALL,2021,6.09686814356523,,,,,,,,ALL_N1,,,,,,,
IT1:DF_DCSS_ISTR_LAV_PEN_2_TV_3(1.0),A,082042,RESPOP_AV,M,Y_GE15,TOTAL,ALL,4,ALL,ALL,2022,8.70338036108435,,,,,,,,ALL_N1,,,,,,,
IT1:DF_DCSS_ISTR_LAV_PEN_2_TV_3(1.0),A,082042,RESPOP_AV,M,Y_GE15,TOTAL,ALL,4,ALL,ALL,2023,5.93976489886034,,,,,,,,ALL_N1,,,,,,,
IT1:DF_DCSS_ISTR_LAV_PEN_2_TV_3(1.0),A,082042,RESPOP_AV,M,Y_GE15,TOTAL,ALL,4,ALL,ALL,2024,10.452589544170456,,,,,,,,ALL_N1,,,,,,,
IT1:DF_DCSS_ISTR_LAV_PEN_2_TV_3(1.0),A,082042,RESPOP_AV,M,Y_GE15,TOTAL,ALL,5,ALL,ALL,2018,37,,,,,,,,ALL_N1,,,,,,,
IT1:DF_DCSS_ISTR_LAV_PEN_2_TV_3(1.0),A,082042,RESPOP_AV,M,Y_GE15,TOTAL,ALL,5,ALL,ALL,2019,41,,,,,,,,ALL_N1,,,,,,,
IT1:DF_DCSS_ISTR_LAV_PEN_2_TV_3(1.0),A,082042,RESPOP_AV,M,Y_GE15,TOTAL,ALL,5,ALL,ALL,2021,46.0511313392795,,,,,,,,ALL_N1,,,,,,,
IT1:DF_DCSS_ISTR_LAV_PEN_2_TV_3(1.0),A,082042,RESPOP_AV,M,Y_GE15,TOTAL,ALL,5,ALL,ALL,2022,46.3228962711967,,,,,,,,ALL_N1,,,,,,,
IT1:DF_DCSS_ISTR_LAV_PEN_2_TV_3(1.0),A,082042,RESPOP_AV,M,Y_GE15,TOTAL,ALL,5,ALL,ALL,2023,45.5788052489511,,,,,,,,ALL_N1,,,,,,,
IT1:DF_DCSS_ISTR_LAV_PEN_2_TV_3(1.0),A,082042,RESPOP_AV,M,Y_GE15,TOTAL,ALL,5,ALL,ALL,2024,56.76713413216557,,,,,,,,ALL_N1,,,,,,,
IT1:DF_DCSS_ISTR_LAV_PEN_2_TV_3(1.0),A,082042,RESPOP_AV,M,Y_GE15,TOTAL,ALL,7,ALL,ALL,2018,70,,,,,,,,ALL_N1,,,,,,,
IT1:DF_DCSS_ISTR_LAV_PEN_2_TV_3(1.0),A,082042,RESPOP_AV,M,Y_GE15,TOTAL,ALL,7,ALL,ALL,2019,58,,,,,,,,ALL_N1,,,,,,,
IT1:DF_DCSS_ISTR_LAV_PEN_2_TV_3(1.0),A,082042,RESPOP_AV,M,Y_GE15,TOTAL,ALL,7,ALL,ALL,2021,58.436054741856,,,,,,,,ALL_N1,,,,,,,
IT1:DF_DCSS_ISTR_LAV_PEN_2_TV_3(1.0),A,082042,RESPOP_AV,M,Y_GE15,TOTAL,ALL,7,ALL,ALL,2022,65.5214720876273,,,,,,,,ALL_N1,,,,,,,
IT1:DF_DCSS_ISTR_LAV_PEN_2_TV_3(1.0),A,082042,RESPOP_AV,M,Y_GE15,TOTAL,ALL,7,ALL,ALL,2023,46.93382712062395,,,,,,,,ALL_N1,,,,,,,
IT1:DF_DCSS_ISTR_LAV_PEN_2_TV_3(1.0),A,082042,RESPOP_AV,M,Y_GE15,TOTAL,ALL,7,ALL,ALL,2024,88.57841330926678,,,,,,,,ALL_N1,,,,,,,
IT1:DF_DCSS_ISTR_LAV_PEN_2_TV_3(1.0),A,082042,RESPOP_AV,M,Y_GE15,TOTAL,ALL,99,ALL,ALL,2018,616,,,,,,,,ALL_N1,99_N1,,,,,,
IT1:DF_DCSS_ISTR_LAV_PEN_2_TV_3(1.0),A,082042,RESPOP_AV,M,Y_GE15,TOTAL,ALL,99,ALL,ALL,2019,608,,,,,,,,ALL_N1,99_N1,,,,,,
IT1:DF_DCSS_ISTR_LAV_PEN_2_TV_3(1.0),A,082042,RESPOP_AV,M,Y_GE15,TOTAL,ALL,99,ALL,ALL,2021,577,,,,,,,,ALL_N1,99_N1,,,,,,
IT1:DF_DCSS_ISTR_LAV_PEN_2_TV_3(1.0),A,082042,RESPOP_AV,M,Y_GE15,TOTAL,ALL,99,ALL,ALL,2022,574,,,,,,,,ALL_N1,99_N1,,,,,,
IT1:DF_DCSS_ISTR_LAV_PEN_2_TV_3(1.0),A,082042,RESPOP_AV,M,Y_GE15,TOTAL,ALL,99,ALL,ALL,2023,570,,,,,,,,ALL_N1,99_N1,,,,,,
IT1:DF_DCSS_ISTR_LAV_PEN_2_TV_3(1.0),A,082042,RESPOP_AV,M,Y_GE15,TOTAL,ALL,99,ALL,ALL,2024,649,,,,,,,,ALL_N1,99_N1,,,,,,
IT1:DF_DCSS_ISTR_LAV_PEN_2_TV_3(1.0),A,082042,RESPOP_AV,T,Y_GE15,TOTAL,ALL,1,ALL,ALL,2018,449,,,,,,,,ALL_N1,,,,,,,
IT1:DF_DCSS_ISTR_LAV_PEN_2_TV_3(1.0),A,082042,RESPOP_AV,T,Y_GE15,TOTAL,ALL,1,ALL,ALL,2019,439,,,,,,,,ALL_N1,,,,,,,
IT1:DF_DCSS_ISTR_LAV_PEN_2_TV_3(1.0),A,082042,RESPOP_AV,T,Y_GE15,TOTAL,ALL,1,ALL,ALL,2021,417,,,,,,,,ALL_N1,,,,,,,
IT1:DF_DCSS_ISTR_LAV_PEN_2_TV_3(1.0),A,082042,RESPOP_AV,T,Y_GE15,TOTAL,ALL,1,ALL,ALL,2022,379,,,,,,,,ALL_N1,,,,,,,
IT1:DF_DCSS_ISTR_LAV_PEN_2_TV_3(1.0),A,082042,RESPOP_AV,T,Y_GE15,TOTAL,ALL,1,ALL,ALL,2023,405,,,,,,,,ALL_N1,,,,,,,
IT1:DF_DCSS_ISTR_LAV_PEN_2_TV_3(1.0),A,082042,RESPOP_AV,T,Y_GE15,TOTAL,ALL,1,ALL,ALL,2024,416,,,,,,,,ALL_N1,,,,,,,
IT1:DF_DCSS_ISTR_LAV_PEN_2_TV_3(1.0),A,082042,RESPOP_AV,T,Y_GE15,TOTAL,ALL,12,ALL,ALL,2018,100,,,,,,,,ALL_N1,,,,,,,
IT1:DF_DCSS_ISTR_LAV_PEN_2_TV_3(1.0),A,082042,RESPOP_AV,T,Y_GE15,TOTAL,ALL,12,ALL,ALL,2019,101,,,,,,,,ALL_N1,,,,,,,
IT1:DF_DCSS_ISTR_LAV_PEN_2_TV_3(1.0),A,082042,RESPOP_AV,T,Y_GE15,TOTAL,ALL,12,ALL,ALL,2021,67.9954400787058,,,,,,,,ALL_N1,,,,,,,
IT1:DF_DCSS_ISTR_LAV_PEN_2_TV_3(1.0),A,082042,RESPOP_AV,T,Y_GE15,TOTAL,ALL,12,ALL,ALL,2022,79.8674287649464,,,,,,,,ALL_N1,,,,,,,
IT1:DF_DCSS_ISTR_LAV_PEN_2_TV_3(1.0),A,082042,RESPOP_AV,T,Y_GE15,TOTAL,ALL,12,ALL,ALL,2023,87.1997524643833,,,,,,,,ALL_N1,,,,,,,
IT1:DF_DCSS_ISTR_LAV_PEN_2_TV_3(1.0),A,082042,RESPOP_AV,T,Y_GE15,TOTAL,ALL,12,ALL,ALL,2024,75.59668160344482,,,,,,,,ALL_N1,,,,,,,
IT1:DF_DCSS_ISTR_LAV_PEN_2_TV_3(1.0),A,082042,RESPOP_AV,T,Y_GE15,TOTAL,ALL,22,ALL,ALL,2018,548,,,,,,,,ALL_N1,,,,,,,
IT1:DF_DCSS_ISTR_LAV_PEN_2_TV_3(1.0),A,082042,RESPOP_AV,T,Y_GE15,TOTAL,ALL,22,ALL,ALL,2019,540,,,,,,,,ALL_N1,,,,,,,
IT1:DF_DCSS_ISTR_LAV_PEN_2_TV_3(1.0),A,082042,RESPOP_AV,T,Y_GE15,TOTAL,ALL,22,ALL,ALL,2021,484.995440078706,,,,,,,,ALL_N1,,,,,,,
IT1:DF_DCSS_ISTR_LAV_PEN_2_TV_3(1.0),A,082042,RESPOP_AV,T,Y_GE15,TOTAL,ALL,22,ALL,ALL,2022,458.867428764946,,,,,,,,ALL_N1,,,,,,,
IT1:DF_DCSS_ISTR_LAV_PEN_2_TV_3(1.0),A,082042,RESPOP_AV,T,Y_GE15,TOTAL,ALL,22,ALL,ALL,2023,492.19975246438327,,,,,,,,ALL_N1,,,,,,,
IT1:DF_DCSS_ISTR_LAV_PEN_2_TV_3(1.0),A,082042,RESPOP_AV,T,Y_GE15,TOTAL,ALL,22,ALL,ALL,2024,491.59668160344484,,,,,,,,ALL_N1,,,,,,,
IT1:DF_DCSS_ISTR_LAV_PEN_2_TV_3(1.0),A,082042,RESPOP_AV,T,Y_GE15,TOTAL,ALL,23,ALL,ALL,2018,767,,,,,,,,ALL_N1,,,,,,,
IT1:DF_DCSS_ISTR_LAV_PEN_2_TV_3(1.0),A,082042,RESPOP_AV,T,Y_GE15,TOTAL,ALL,23,ALL,ALL,2019,758,,,,,,,,ALL_N1,,,,,,,
IT1:DF_DCSS_ISTR_LAV_PEN_2_TV_3(1.0),A,082042,RESPOP_AV,T,Y_GE15,TOTAL,ALL,23,ALL,ALL,2021,745.004559921294,,,,,,,,ALL_N1,,,,,,,
IT1:DF_DCSS_ISTR_LAV_PEN_2_TV_3(1.0),A,082042,RESPOP_AV,T,Y_GE15,TOTAL,ALL,23,ALL,ALL,2022,757.132571235054,,,,,,,,ALL_N1,,,,,,,
IT1:DF_DCSS_ISTR_LAV_PEN_2_TV_3(1.0),A,082042,RESPOP_AV,T,Y_GE15,TOTAL,ALL,23,ALL,ALL,2023,703.8002475356168,,,,,,,,ALL_N1,,,,,,,
IT1:DF_DCSS_ISTR_LAV_PEN_2_TV_3(1.0),A,082042,RESPOP_AV,T,Y_GE15,TOTAL,ALL,23,ALL,ALL,2024,772.4033183965552,,,,,,,,ALL_N1,,,,,,,
IT1:DF_DCSS_ISTR_LAV_PEN_2_TV_3(1.0),A,082042,RESPOP_AV,T,Y_GE15,TOTAL,ALL,24,ALL,ALL,2018,383,,,,,,,,ALL_N1,,,,,,,
IT1:DF_DCSS_ISTR_LAV_PEN_2_TV_3(1.0),A,082042,RESPOP_AV,T,Y_GE15,TOTAL,ALL,24,ALL,ALL,2019,405,,,,,,,,ALL_N1,,,,,,,
IT1:DF_DCSS_ISTR_LAV_PEN_2_TV_3(1.0),A,082042,RESPOP_AV,T,Y_GE15,TOTAL,ALL,24,ALL,ALL,2021,390.592997441693,,,,,,,,ALL_N1,,,,,,,
IT1:DF_DCSS_ISTR_LAV_PEN_2_TV_3(1.0),A,082042,RESPOP_AV,T,Y_GE15,TOTAL,ALL,24,ALL,ALL,2022,375.662120762654,,,,,,,,ALL_N1,,,,,,,
IT1:DF_DCSS_ISTR_LAV_PEN_2_TV_3(1.0),A,082042,RESPOP_AV,T,Y_GE15,TOTAL,ALL,24,ALL,ALL,2023,384.54025677384385,,,,,,,,ALL_N1,,,,,,,
IT1:DF_DCSS_ISTR_LAV_PEN_2_TV_3(1.0),A,082042,RESPOP_AV,T,Y_GE15,TOTAL,ALL,24,ALL,ALL,2024,365.6100216824241,,,,,,,,ALL_N1,,,,,,,
IT1:DF_DCSS_ISTR_LAV_PEN_2_TV_3(1.0),A,082042,RESPOP_AV,T,Y_GE15,TOTAL,ALL,4,ALL,ALL,2018,169,,,,,,,,ALL_N1,,,,,,,
IT1:DF_DCSS_ISTR_LAV_PEN_2_TV_3(1.0),A,082042,RESPOP_AV,T,Y_GE15,TOTAL,ALL,4,ALL,ALL,2019,159,,,,,,,,ALL_N1,,,,,,,
IT1:DF_DCSS_ISTR_LAV_PEN_2_TV_3(1.0),A,082042,RESPOP_AV,T,Y_GE15,TOTAL,ALL,4,ALL,ALL,2021,161.90843206556,,,,,,,,ALL_N1,,,,,,,
IT1:DF_DCSS_ISTR_LAV_PEN_2_TV_3(1.0),A,082042,RESPOP_AV,T,Y_GE15,TOTAL,ALL,4,ALL,ALL,2022,165.065386922375,,,,,,,,ALL_N1,,,,,,,
IT1:DF_DCSS_ISTR_LAV_PEN_2_TV_3(1.0),A,082042,RESPOP_AV,T,Y_GE15,TOTAL,ALL,4,ALL,ALL,2023,137.79382829132652,,,,,,,,ALL_N1,,,,,,,
IT1:DF_DCSS_ISTR_LAV_PEN_2_TV_3(1.0),A,082042,RESPOP_AV,T,Y_GE15,TOTAL,ALL,4,ALL,ALL,2024,163.7302828409285,,,,,,,,ALL_N1,,,,,,,
IT1:DF_DCSS_ISTR_LAV_PEN_2_TV_3(1.0),A,082042,RESPOP_AV,T,Y_GE15,TOTAL,ALL,5,ALL,ALL,2018,80,,,,,,,,ALL_N1,,,,,,,
IT1:DF_DCSS_ISTR_LAV_PEN_2_TV_3(1.0),A,082042,RESPOP_AV,T,Y_GE15,TOTAL,ALL,5,ALL,ALL,2019,88,,,,,,,,ALL_N1,,,,,,,
IT1:DF_DCSS_ISTR_LAV_PEN_2_TV_3(1.0),A,082042,RESPOP_AV,T,Y_GE15,TOTAL,ALL,5,ALL,ALL,2021,93.4832430827977,,,,,,,,ALL_N1,,,,,,,
IT1:DF_DCSS_ISTR_LAV_PEN_2_TV_3(1.0),A,082042,RESPOP_AV,T,Y_GE15,TOTAL,ALL,5,ALL,ALL,2022,94.1034867824254,,,,,,,,ALL_N1,,,,,,,
IT1:DF_DCSS_ISTR_LAV_PEN_2_TV_3(1.0),A,082042,RESPOP_AV,T,Y_GE15,TOTAL,ALL,5,ALL,ALL,2023,86.69673708861006,,,,,,,,ALL_N1,,,,,,,
IT1:DF_DCSS_ISTR_LAV_PEN_2_TV_3(1.0),A,082042,RESPOP_AV,T,Y_GE15,TOTAL,ALL,5,ALL,ALL,2024,94.9914113603124,,,,,,,,ALL_N1,,,,,,,
IT1:DF_DCSS_ISTR_LAV_PEN_2_TV_3(1.0),A,082042,RESPOP_AV,T,Y_GE15,TOTAL,ALL,7,ALL,ALL,2018,135,,,,,,,,ALL_N1,,,,,,,
IT1:DF_DCSS_ISTR_LAV_PEN_2_TV_3(1.0),A,082042,RESPOP_AV,T,Y_GE15,TOTAL,ALL,7,ALL,ALL,2019,107,,,,,,,,ALL_N1,,,,,,,
IT1:DF_DCSS_ISTR_LAV_PEN_2_TV_3(1.0),A,082042,RESPOP_AV,T,Y_GE15,TOTAL,ALL,7,ALL,ALL,2021,99.0198873312433,,,,,,,,ALL_N1,,,,,,,
IT1:DF_DCSS_ISTR_LAV_PEN_2_TV_3(1.0),A,082042,RESPOP_AV,T,Y_GE15,TOTAL,ALL,7,ALL,ALL,2022,122.301576767599,,,,,,,,ALL_N1,,,,,,,
IT1:DF_DCSS_ISTR_LAV_PEN_2_TV_3(1.0),A,082042,RESPOP_AV,T,Y_GE15,TOTAL,ALL,7,ALL,ALL,2023,94.76942538183636,,,,,,,,ALL_N1,,,,,,,
IT1:DF_DCSS_ISTR_LAV_PEN_2_TV_3(1.0),A,082042,RESPOP_AV,T,Y_GE15,TOTAL,ALL,7,ALL,ALL,2024,148.07160251289022,,,,,,,,ALL_N1,,,,,,,
IT1:DF_DCSS_ISTR_LAV_PEN_2_TV_3(1.0),A,082042,RESPOP_AV,T,Y_GE15,TOTAL,ALL,99,ALL,ALL,2018,1315,,,,,,,,ALL_N1,99_N1,,,,,,
IT1:DF_DCSS_ISTR_LAV_PEN_2_TV_3(1.0),A,082042,RESPOP_AV,T,Y_GE15,TOTAL,ALL,99,ALL,ALL,2019,1298,,,,,,,,ALL_N1,99_N1,,,,,,
IT1:DF_DCSS_ISTR_LAV_PEN_2_TV_3(1.0),A,082042,RESPOP_AV,T,Y_GE15,TOTAL,ALL,99,ALL,ALL,2021,1230,,,,,,,,ALL_N1,99_N1,,,,,,
IT1:DF_DCSS_ISTR_LAV_PEN_2_TV_3(1.0),A,082042,RESPOP_AV,T,Y_GE15,TOTAL,ALL,99,ALL,ALL,2022,1216,,,,,,,,ALL_N1,99_N1,,,,,,
IT1:DF_DCSS_ISTR_LAV_PEN_2_TV_3(1.0),A,082042,RESPOP_AV,T,Y_GE15,TOTAL,ALL,99,ALL,ALL,2023,1196,,,,,,,,ALL_N1,99_N1,,,,,,
IT1:DF_DCSS_ISTR_LAV_PEN_2_TV_3(1.0),A,082042,RESPOP_AV,T,Y_GE15,TOTAL,ALL,99,ALL,ALL,2024,1264,,,,,,,,ALL_N1,99_N1,,,,,,
