DATAFLOW,FREQ,REF_AREA,INDICATOR,GENDER,AGE_NOCLASS,CITIZENSHIP,EDU_ATTAIN,CUR_ACT_STAT,LOC_DEST,REAS_COMMUTING,TIME_PERIOD,OBS_VALUE,OBS_STATUS,NOTE_DS,NOTE_REF_AREA,NOTE_INDICATOR,NOTE_GENDER,NOTE_AGE_NOCLASS,NOTE_CITIZENSHIP,NOTE_EDU_ATTAIN,NOTE_CUR_ACT_STAT,NOTE_LOC_DEST,NOTE_REAS_COMMUTING,NOTE_TIME_PERIOD,BASE_PER,UNIT_MEAS,UNIT_MULT
IT1:DF_DCSS_ISTR_LAV_PEN_2_TV_3(1.0),A,082023,RESPOP_AV,F,Y_GE15,TOTAL,ALL,1,ALL,ALL,2018,1019,,,,,,,,ALL_N1,,,,,,,
IT1:DF_DCSS_ISTR_LAV_PEN_2_TV_3(1.0),A,082023,RESPOP_AV,F,Y_GE15,TOTAL,ALL,1,ALL,ALL,2019,1008,,,,,,,,ALL_N1,,,,,,,
IT1:DF_DCSS_ISTR_LAV_PEN_2_TV_3(1.0),A,082023,RESPOP_AV,F,Y_GE15,TOTAL,ALL,1,ALL,ALL,2021,1152,,,,,,,,ALL_N1,,,,,,,
IT1:DF_DCSS_ISTR_LAV_PEN_2_TV_3(1.0),A,082023,RESPOP_AV,F,Y_GE15,TOTAL,ALL,1,ALL,ALL,2022,1212,,,,,,,,ALL_N1,,,,,,,
IT1:DF_DCSS_ISTR_LAV_PEN_2_TV_3(1.0),A,082023,RESPOP_AV,F,Y_GE15,TOTAL,ALL,1,ALL,ALL,2023,1247,,,,,,,,ALL_N1,,,,,,,
IT1:DF_DCSS_ISTR_LAV_PEN_2_TV_3(1.0),A,082023,RESPOP_AV,F,Y_GE15,TOTAL,ALL,1,ALL,ALL,2024,1353,,,,,,,,ALL_N1,,,,,,,
IT1:DF_DCSS_ISTR_LAV_PEN_2_TV_3(1.0),A,082023,RESPOP_AV,F,Y_GE15,TOTAL,ALL,12,ALL,ALL,2018,521,,,,,,,,ALL_N1,,,,,,,
IT1:DF_DCSS_ISTR_LAV_PEN_2_TV_3(1.0),A,082023,RESPOP_AV,F,Y_GE15,TOTAL,ALL,12,ALL,ALL,2019,512,,,,,,,,ALL_N1,,,,,,,
IT1:DF_DCSS_ISTR_LAV_PEN_2_TV_3(1.0),A,082023,RESPOP_AV,F,Y_GE15,TOTAL,ALL,12,ALL,ALL,2021,269.535561619956,,,,,,,,ALL_N1,,,,,,,
IT1:DF_DCSS_ISTR_LAV_PEN_2_TV_3(1.0),A,082023,RESPOP_AV,F,Y_GE15,TOTAL,ALL,12,ALL,ALL,2022,261.774389212545,,,,,,,,ALL_N1,,,,,,,
IT1:DF_DCSS_ISTR_LAV_PEN_2_TV_3(1.0),A,082023,RESPOP_AV,F,Y_GE15,TOTAL,ALL,12,ALL,ALL,2023,292.8841622076508,,,,,,,,ALL_N1,,,,,,,
IT1:DF_DCSS_ISTR_LAV_PEN_2_TV_3(1.0),A,082023,RESPOP_AV,F,Y_GE15,TOTAL,ALL,12,ALL,ALL,2024,233.4328919980834,,,,,,,,ALL_N1,,,,,,,
IT1:DF_DCSS_ISTR_LAV_PEN_2_TV_3(1.0),A,082023,RESPOP_AV,F,Y_GE15,TOTAL,ALL,22,ALL,ALL,2018,1540,,,,,,,,ALL_N1,,,,,,,
IT1:DF_DCSS_ISTR_LAV_PEN_2_TV_3(1.0),A,082023,RESPOP_AV,F,Y_GE15,TOTAL,ALL,22,ALL,ALL,2019,1520,,,,,,,,ALL_N1,,,,,,,
IT1:DF_DCSS_ISTR_LAV_PEN_2_TV_3(1.0),A,082023,RESPOP_AV,F,Y_GE15,TOTAL,ALL,22,ALL,ALL,2021,1421.53556161996,,,,,,,,ALL_N1,,,,,,,
IT1:DF_DCSS_ISTR_LAV_PEN_2_TV_3(1.0),A,082023,RESPOP_AV,F,Y_GE15,TOTAL,ALL,22,ALL,ALL,2022,1473.77438921255,,,,,,,,ALL_N1,,,,,,,
IT1:DF_DCSS_ISTR_LAV_PEN_2_TV_3(1.0),A,082023,RESPOP_AV,F,Y_GE15,TOTAL,ALL,22,ALL,ALL,2023,1539.884162207651,,,,,,,,ALL_N1,,,,,,,
IT1:DF_DCSS_ISTR_LAV_PEN_2_TV_3(1.0),A,082023,RESPOP_AV,F,Y_GE15,TOTAL,ALL,22,ALL,ALL,2024,1586.4328919980835,,,,,,,,ALL_N1,,,,,,,
IT1:DF_DCSS_ISTR_LAV_PEN_2_TV_3(1.0),A,082023,RESPOP_AV,F,Y_GE15,TOTAL,ALL,23,ALL,ALL,2018,3349,,,,,,,,ALL_N1,,,,,,,
IT1:DF_DCSS_ISTR_LAV_PEN_2_TV_3(1.0),A,082023,RESPOP_AV,F,Y_GE15,TOTAL,ALL,23,ALL,ALL,2019,3400,,,,,,,,ALL_N1,,,,,,,
IT1:DF_DCSS_ISTR_LAV_PEN_2_TV_3(1.0),A,082023,RESPOP_AV,F,Y_GE15,TOTAL,ALL,23,ALL,ALL,2021,3558.46443838004,,,,,,,,ALL_N1,,,,,,,
IT1:DF_DCSS_ISTR_LAV_PEN_2_TV_3(1.0),A,082023,RESPOP_AV,F,Y_GE15,TOTAL,ALL,23,ALL,ALL,2022,3559.22561078745,,,,,,,,ALL_N1,,,,,,,
IT1:DF_DCSS_ISTR_LAV_PEN_2_TV_3(1.0),A,082023,RESPOP_AV,F,Y_GE15,TOTAL,ALL,23,ALL,ALL,2023,3510.1158377923493,,,,,,,,ALL_N1,,,,,,,
IT1:DF_DCSS_ISTR_LAV_PEN_2_TV_3(1.0),A,082023,RESPOP_AV,F,Y_GE15,TOTAL,ALL,23,ALL,ALL,2024,3519.5671080019165,,,,,,,,ALL_N1,,,,,,,
IT1:DF_DCSS_ISTR_LAV_PEN_2_TV_3(1.0),A,082023,RESPOP_AV,F,Y_GE15,TOTAL,ALL,24,ALL,ALL,2018,614,,,,,,,,ALL_N1,,,,,,,
IT1:DF_DCSS_ISTR_LAV_PEN_2_TV_3(1.0),A,082023,RESPOP_AV,F,Y_GE15,TOTAL,ALL,24,ALL,ALL,2019,621,,,,,,,,ALL_N1,,,,,,,
IT1:DF_DCSS_ISTR_LAV_PEN_2_TV_3(1.0),A,082023,RESPOP_AV,F,Y_GE15,TOTAL,ALL,24,ALL,ALL,2021,671.519962070809,,,,,,,,ALL_N1,,,,,,,
IT1:DF_DCSS_ISTR_LAV_PEN_2_TV_3(1.0),A,082023,RESPOP_AV,F,Y_GE15,TOTAL,ALL,24,ALL,ALL,2022,619.977849168164,,,,,,,,ALL_N1,,,,,,,
IT1:DF_DCSS_ISTR_LAV_PEN_2_TV_3(1.0),A,082023,RESPOP_AV,F,Y_GE15,TOTAL,ALL,24,ALL,ALL,2023,572.9734256342799,,,,,,,,ALL_N1,,,,,,,
IT1:DF_DCSS_ISTR_LAV_PEN_2_TV_3(1.0),A,082023,RESPOP_AV,F,Y_GE15,TOTAL,ALL,24,ALL,ALL,2024,637.4243275154745,,,,,,,,ALL_N1,,,,,,,
IT1:DF_DCSS_ISTR_LAV_PEN_2_TV_3(1.0),A,082023,RESPOP_AV,F,Y_GE15,TOTAL,ALL,4,ALL,ALL,2018,1897,,,,,,,,ALL_N1,,,,,,,
IT1:DF_DCSS_ISTR_LAV_PEN_2_TV_3(1.0),A,082023,RESPOP_AV,F,Y_GE15,TOTAL,ALL,4,ALL,ALL,2019,1964,,,,,,,,ALL_N1,,,,,,,
IT1:DF_DCSS_ISTR_LAV_PEN_2_TV_3(1.0),A,082023,RESPOP_AV,F,Y_GE15,TOTAL,ALL,4,ALL,ALL,2021,2068.12076752763,,,,,,,,ALL_N1,,,,,,,
IT1:DF_DCSS_ISTR_LAV_PEN_2_TV_3(1.0),A,082023,RESPOP_AV,F,Y_GE15,TOTAL,ALL,4,ALL,ALL,2022,2032.86065483425,,,,,,,,ALL_N1,,,,,,,
IT1:DF_DCSS_ISTR_LAV_PEN_2_TV_3(1.0),A,082023,RESPOP_AV,F,Y_GE15,TOTAL,ALL,4,ALL,ALL,2023,1970.8084548418678,,,,,,,,ALL_N1,,,,,,,
IT1:DF_DCSS_ISTR_LAV_PEN_2_TV_3(1.0),A,082023,RESPOP_AV,F,Y_GE15,TOTAL,ALL,4,ALL,ALL,2024,1955.2029322054805,,,,,,,,ALL_N1,,,,,,,
IT1:DF_DCSS_ISTR_LAV_PEN_2_TV_3(1.0),A,082023,RESPOP_AV,F,Y_GE15,TOTAL,ALL,5,ALL,ALL,2018,404,,,,,,,,ALL_N1,,,,,,,
IT1:DF_DCSS_ISTR_LAV_PEN_2_TV_3(1.0),A,082023,RESPOP_AV,F,Y_GE15,TOTAL,ALL,5,ALL,ALL,2019,428,,,,,,,,ALL_N1,,,,,,,
IT1:DF_DCSS_ISTR_LAV_PEN_2_TV_3(1.0),A,082023,RESPOP_AV,F,Y_GE15,TOTAL,ALL,5,ALL,ALL,2021,441.574384347332,,,,,,,,ALL_N1,,,,,,,
IT1:DF_DCSS_ISTR_LAV_PEN_2_TV_3(1.0),A,082023,RESPOP_AV,F,Y_GE15,TOTAL,ALL,5,ALL,ALL,2022,494.623164919699,,,,,,,,ALL_N1,,,,,,,
IT1:DF_DCSS_ISTR_LAV_PEN_2_TV_3(1.0),A,082023,RESPOP_AV,F,Y_GE15,TOTAL,ALL,5,ALL,ALL,2023,486.0243197605998,,,,,,,,ALL_N1,,,,,,,
IT1:DF_DCSS_ISTR_LAV_PEN_2_TV_3(1.0),A,082023,RESPOP_AV,F,Y_GE15,TOTAL,ALL,5,ALL,ALL,2024,503.20399103097685,,,,,,,,ALL_N1,,,,,,,
IT1:DF_DCSS_ISTR_LAV_PEN_2_TV_3(1.0),A,082023,RESPOP_AV,F,Y_GE15,TOTAL,ALL,7,ALL,ALL,2018,434,,,,,,,,ALL_N1,,,,,,,
IT1:DF_DCSS_ISTR_LAV_PEN_2_TV_3(1.0),A,082023,RESPOP_AV,F,Y_GE15,TOTAL,ALL,7,ALL,ALL,2019,388,,,,,,,,ALL_N1,,,,,,,
IT1:DF_DCSS_ISTR_LAV_PEN_2_TV_3(1.0),A,082023,RESPOP_AV,F,Y_GE15,TOTAL,ALL,7,ALL,ALL,2021,377.249324434276,,,,,,,,ALL_N1,,,,,,,
IT1:DF_DCSS_ISTR_LAV_PEN_2_TV_3(1.0),A,082023,RESPOP_AV,F,Y_GE15,TOTAL,ALL,7,ALL,ALL,2022,411.763941865338,,,,,,,,ALL_N1,,,,,,,
IT1:DF_DCSS_ISTR_LAV_PEN_2_TV_3(1.0),A,082023,RESPOP_AV,F,Y_GE15,TOTAL,ALL,7,ALL,ALL,2023,480.30963755560157,,,,,,,,ALL_N1,,,,,,,
IT1:DF_DCSS_ISTR_LAV_PEN_2_TV_3(1.0),A,082023,RESPOP_AV,F,Y_GE15,TOTAL,ALL,7,ALL,ALL,2024,423.73585724998486,,,,,,,,ALL_N1,,,,,,,
IT1:DF_DCSS_ISTR_LAV_PEN_2_TV_3(1.0),A,082023,RESPOP_AV,F,Y_GE15,TOTAL,ALL,99,ALL,ALL,2018,4889,,,,,,,,ALL_N1,99_N1,,,,,,
IT1:DF_DCSS_ISTR_LAV_PEN_2_TV_3(1.0),A,082023,RESPOP_AV,F,Y_GE15,TOTAL,ALL,99,ALL,ALL,2019,4920,,,,,,,,ALL_N1,99_N1,,,,,,
IT1:DF_DCSS_ISTR_LAV_PEN_2_TV_3(1.0),A,082023,RESPOP_AV,F,Y_GE15,TOTAL,ALL,99,ALL,ALL,2021,4980,,,,,,,,ALL_N1,99_N1,,,,,,
IT1:DF_DCSS_ISTR_LAV_PEN_2_TV_3(1.0),A,082023,RESPOP_AV,F,Y_GE15,TOTAL,ALL,99,ALL,ALL,2022,5033,,,,,,,,ALL_N1,99_N1,,,,,,
IT1:DF_DCSS_ISTR_LAV_PEN_2_TV_3(1.0),A,082023,RESPOP_AV,F,Y_GE15,TOTAL,ALL,99,ALL,ALL,2023,5050,,,,,,,,ALL_N1,99_N1,,,,,,
IT1:DF_DCSS_ISTR_LAV_PEN_2_TV_3(1.0),A,082023,RESPOP_AV,F,Y_GE15,TOTAL,ALL,99,ALL,ALL,2024,5106,,,,,,,,ALL_N1,99_N1,,,,,,
IT1:DF_DCSS_ISTR_LAV_PEN_2_TV_3(1.0),A,082023,RESPOP_AV,F,Y_GE65,TOTAL,ALL,1,ALL,ALL,2018,31,,,,,,,,ALL_N1,,,,,,,
IT1:DF_DCSS_ISTR_LAV_PEN_2_TV_3(1.0),A,082023,RESPOP_AV,F,Y_GE65,TOTAL,ALL,1,ALL,ALL,2019,33,,,,,,,,ALL_N1,,,,,,,
IT1:DF_DCSS_ISTR_LAV_PEN_2_TV_3(1.0),A,082023,RESPOP_AV,F,Y_GE65,TOTAL,ALL,1,ALL,ALL,2021,35,,,,,,,,ALL_N1,,,,,,,
IT1:DF_DCSS_ISTR_LAV_PEN_2_TV_3(1.0),A,082023,RESPOP_AV,F,Y_GE65,TOTAL,ALL,1,ALL,ALL,2022,36,,,,,,,,ALL_N1,,,,,,,
IT1:DF_DCSS_ISTR_LAV_PEN_2_TV_3(1.0),A,082023,RESPOP_AV,F,Y_GE65,TOTAL,ALL,1,ALL,ALL,2023,35,,,,,,,,ALL_N1,,,,,,,
IT1:DF_DCSS_ISTR_LAV_PEN_2_TV_3(1.0),A,082023,RESPOP_AV,F,Y_GE65,TOTAL,ALL,1,ALL,ALL,2024,38,,,,,,,,ALL_N1,,,,,,,
IT1:DF_DCSS_ISTR_LAV_PEN_2_TV_3(1.0),A,082023,RESPOP_AV,F,Y_GE65,TOTAL,ALL,12,ALL,ALL,2018,6,,,,,,,,ALL_N1,,,,,,,
IT1:DF_DCSS_ISTR_LAV_PEN_2_TV_3(1.0),A,082023,RESPOP_AV,F,Y_GE65,TOTAL,ALL,12,ALL,ALL,2019,6,,,,,,,,ALL_N1,,,,,,,
IT1:DF_DCSS_ISTR_LAV_PEN_2_TV_3(1.0),A,082023,RESPOP_AV,F,Y_GE65,TOTAL,ALL,12,ALL,ALL,2021,3.90113857093569,,,,,,,,ALL_N1,,,,,,,
IT1:DF_DCSS_ISTR_LAV_PEN_2_TV_3(1.0),A,082023,RESPOP_AV,F,Y_GE65,TOTAL,ALL,12,ALL,ALL,2022,2.21470126901076,,,,,,,,ALL_N1,,,,,,,
IT1:DF_DCSS_ISTR_LAV_PEN_2_TV_3(1.0),A,082023,RESPOP_AV,F,Y_GE65,TOTAL,ALL,12,ALL,ALL,2023,3.4863928225274354,,,,,,,,ALL_N1,,,,,,,
IT1:DF_DCSS_ISTR_LAV_PEN_2_TV_3(1.0),A,082023,RESPOP_AV,F,Y_GE65,TOTAL,ALL,12,ALL,ALL,2024,2.8484658336344024,,,,,,,,ALL_N1,,,,,,,
IT1:DF_DCSS_ISTR_LAV_PEN_2_TV_3(1.0),A,082023,RESPOP_AV,F,Y_GE65,TOTAL,ALL,22,ALL,ALL,2018,37,,,,,,,,ALL_N1,,,,,,,
IT1:DF_DCSS_ISTR_LAV_PEN_2_TV_3(1.0),A,082023,RESPOP_AV,F,Y_GE65,TOTAL,ALL,22,ALL,ALL,2019,39,,,,,,,,ALL_N1,,,,,,,
IT1:DF_DCSS_ISTR_LAV_PEN_2_TV_3(1.0),A,082023,RESPOP_AV,F,Y_GE65,TOTAL,ALL,22,ALL,ALL,2021,38.9011385709357,,,,,,,,ALL_N1,,,,,,,
IT1:DF_DCSS_ISTR_LAV_PEN_2_TV_3(1.0),A,082023,RESPOP_AV,F,Y_GE65,TOTAL,ALL,22,ALL,ALL,2022,38.2147012690108,,,,,,,,ALL_N1,,,,,,,
IT1:DF_DCSS_ISTR_LAV_PEN_2_TV_3(1.0),A,082023,RESPOP_AV,F,Y_GE65,TOTAL,ALL,22,ALL,ALL,2023,38.486392822527435,,,,,,,,ALL_N1,,,,,,,
IT1:DF_DCSS_ISTR_LAV_PEN_2_TV_3(1.0),A,082023,RESPOP_AV,F,Y_GE65,TOTAL,ALL,22,ALL,ALL,2024,40.8484658336344,,,,,,,,ALL_N1,,,,,,,
IT1:DF_DCSS_ISTR_LAV_PEN_2_TV_3(1.0),A,082023,RESPOP_AV,F,Y_GE65,TOTAL,ALL,23,ALL,ALL,2018,1146,,,,,,,,ALL_N1,,,,,,,
IT1:DF_DCSS_ISTR_LAV_PEN_2_TV_3(1.0),A,082023,RESPOP_AV,F,Y_GE65,TOTAL,ALL,23,ALL,ALL,2019,1166,,,,,,,,ALL_N1,,,,,,,
IT1:DF_DCSS_ISTR_LAV_PEN_2_TV_3(1.0),A,082023,RESPOP_AV,F,Y_GE65,TOTAL,ALL,23,ALL,ALL,2021,1223.09886142906,,,,,,,,ALL_N1,,,,,,,
IT1:DF_DCSS_ISTR_LAV_PEN_2_TV_3(1.0),A,082023,RESPOP_AV,F,Y_GE65,TOTAL,ALL,23,ALL,ALL,2022,1244.78529873099,,,,,,,,ALL_N1,,,,,,,
IT1:DF_DCSS_ISTR_LAV_PEN_2_TV_3(1.0),A,082023,RESPOP_AV,F,Y_GE65,TOTAL,ALL,23,ALL,ALL,2023,1257.5136071774725,,,,,,,,ALL_N1,,,,,,,
IT1:DF_DCSS_ISTR_LAV_PEN_2_TV_3(1.0),A,082023,RESPOP_AV,F,Y_GE65,TOTAL,ALL,23,ALL,ALL,2024,1275.1515341663655,,,,,,,,ALL_N1,,,,,,,
IT1:DF_DCSS_ISTR_LAV_PEN_2_TV_3(1.0),A,082023,RESPOP_AV,F,Y_GE65,TOTAL,ALL,24,ALL,ALL,2018,567,,,,,,,,ALL_N1,,,,,,,
IT1:DF_DCSS_ISTR_LAV_PEN_2_TV_3(1.0),A,082023,RESPOP_AV,F,Y_GE65,TOTAL,ALL,24,ALL,ALL,2019,572,,,,,,,,ALL_N1,,,,,,,
IT1:DF_DCSS_ISTR_LAV_PEN_2_TV_3(1.0),A,082023,RESPOP_AV,F,Y_GE65,TOTAL,ALL,24,ALL,ALL,2021,627.534584461641,,,,,,,,ALL_N1,,,,,,,
IT1:DF_DCSS_ISTR_LAV_PEN_2_TV_3(1.0),A,082023,RESPOP_AV,F,Y_GE65,TOTAL,ALL,24,ALL,ALL,2022,582.345249442414,,,,,,,,ALL_N1,,,,,,,
IT1:DF_DCSS_ISTR_LAV_PEN_2_TV_3(1.0),A,082023,RESPOP_AV,F,Y_GE65,TOTAL,ALL,24,ALL,ALL,2023,540.3763068425391,,,,,,,,ALL_N1,,,,,,,
IT1:DF_DCSS_ISTR_LAV_PEN_2_TV_3(1.0),A,082023,RESPOP_AV,F,Y_GE65,TOTAL,ALL,24,ALL,ALL,2024,601.0534485542585,,,,,,,,ALL_N1,,,,,,,
IT1:DF_DCSS_ISTR_LAV_PEN_2_TV_3(1.0),A,082023,RESPOP_AV,F,Y_GE65,TOTAL,ALL,4,ALL,ALL,2018,397,,,,,,,,ALL_N1,,,,,,,
IT1:DF_DCSS_ISTR_LAV_PEN_2_TV_3(1.0),A,082023,RESPOP_AV,F,Y_GE65,TOTAL,ALL,4,ALL,ALL,2019,421,,,,,,,,ALL_N1,,,,,,,
IT1:DF_DCSS_ISTR_LAV_PEN_2_TV_3(1.0),A,082023,RESPOP_AV,F,Y_GE65,TOTAL,ALL,4,ALL,ALL,2021,441.631050175285,,,,,,,,ALL_N1,,,,,,,
IT1:DF_DCSS_ISTR_LAV_PEN_2_TV_3(1.0),A,082023,RESPOP_AV,F,Y_GE65,TOTAL,ALL,4,ALL,ALL,2022,479.072223522447,,,,,,,,ALL_N1,,,,,,,
IT1:DF_DCSS_ISTR_LAV_PEN_2_TV_3(1.0),A,082023,RESPOP_AV,F,Y_GE65,TOTAL,ALL,4,ALL,ALL,2023,486.9735168548544,,,,,,,,ALL_N1,,,,,,,
IT1:DF_DCSS_ISTR_LAV_PEN_2_TV_3(1.0),A,082023,RESPOP_AV,F,Y_GE65,TOTAL,ALL,4,ALL,ALL,2024,482.1491382466963,,,,,,,,ALL_N1,,,,,,,
IT1:DF_DCSS_ISTR_LAV_PEN_2_TV_3(1.0),A,082023,RESPOP_AV,F,Y_GE65,TOTAL,ALL,5,ALL,ALL,2018,0,JTEST,,,,,,,ALL_N1,,,,,,,
IT1:DF_DCSS_ISTR_LAV_PEN_2_TV_3(1.0),A,082023,RESPOP_AV,F,Y_GE65,TOTAL,ALL,5,ALL,ALL,2019,0,JTEST,,,,,,,ALL_N1,,,,,,,
IT1:DF_DCSS_ISTR_LAV_PEN_2_TV_3(1.0),A,082023,RESPOP_AV,F,Y_GE65,TOTAL,ALL,5,ALL,ALL,2021,1.06337451644034E-05,,,,,,,,ALL_N1,,,,,,,
IT1:DF_DCSS_ISTR_LAV_PEN_2_TV_3(1.0),A,082023,RESPOP_AV,F,Y_GE65,TOTAL,ALL,5,ALL,ALL,2022,0.243175796529831,,,,,,,,ALL_N1,,,,,,,
IT1:DF_DCSS_ISTR_LAV_PEN_2_TV_3(1.0),A,082023,RESPOP_AV,F,Y_GE65,TOTAL,ALL,5,ALL,ALL,2023,0.4692656878807719,,,,,,,,ALL_N1,,,,,,,
IT1:DF_DCSS_ISTR_LAV_PEN_2_TV_3(1.0),A,082023,RESPOP_AV,F,Y_GE65,TOTAL,ALL,5,ALL,ALL,2024,0.19655573734865547,,,,,,,,ALL_N1,,,,,,,
IT1:DF_DCSS_ISTR_LAV_PEN_2_TV_3(1.0),A,082023,RESPOP_AV,F,Y_GE65,TOTAL,ALL,7,ALL,ALL,2018,182,,,,,,,,ALL_N1,,,,,,,
IT1:DF_DCSS_ISTR_LAV_PEN_2_TV_3(1.0),A,082023,RESPOP_AV,F,Y_GE65,TOTAL,ALL,7,ALL,ALL,2019,173,,,,,,,,ALL_N1,,,,,,,
IT1:DF_DCSS_ISTR_LAV_PEN_2_TV_3(1.0),A,082023,RESPOP_AV,F,Y_GE65,TOTAL,ALL,7,ALL,ALL,2021,153.933216158393,,,,,,,,ALL_N1,,,,,,,
IT1:DF_DCSS_ISTR_LAV_PEN_2_TV_3(1.0),A,082023,RESPOP_AV,F,Y_GE65,TOTAL,ALL,7,ALL,ALL,2022,183.124649969598,,,,,,,,ALL_N1,,,,,,,
IT1:DF_DCSS_ISTR_LAV_PEN_2_TV_3(1.0),A,082023,RESPOP_AV,F,Y_GE65,TOTAL,ALL,7,ALL,ALL,2023,229.69451779219827,,,,,,,,ALL_N1,,,,,,,
IT1:DF_DCSS_ISTR_LAV_PEN_2_TV_3(1.0),A,082023,RESPOP_AV,F,Y_GE65,TOTAL,ALL,7,ALL,ALL,2024,191.75239162806213,,,,,,,,ALL_N1,,,,,,,
IT1:DF_DCSS_ISTR_LAV_PEN_2_TV_3(1.0),A,082023,RESPOP_AV,F,Y_GE65,TOTAL,ALL,99,ALL,ALL,2018,1183,,,,,,,,ALL_N1,99_N1,,,,,,
IT1:DF_DCSS_ISTR_LAV_PEN_2_TV_3(1.0),A,082023,RESPOP_AV,F,Y_GE65,TOTAL,ALL,99,ALL,ALL,2019,1205,,,,,,,,ALL_N1,99_N1,,,,,,
IT1:DF_DCSS_ISTR_LAV_PEN_2_TV_3(1.0),A,082023,RESPOP_AV,F,Y_GE65,TOTAL,ALL,99,ALL,ALL,2020,1234,,,,,,,,ALL_N1,99_N1,,,,,,
IT1:DF_DCSS_ISTR_LAV_PEN_2_TV_3(1.0),A,082023,RESPOP_AV,F,Y_GE65,TOTAL,ALL,99,ALL,ALL,2021,1262,,,,,,,,ALL_N1,99_N1,,,,,,
IT1:DF_DCSS_ISTR_LAV_PEN_2_TV_3(1.0),A,082023,RESPOP_AV,F,Y_GE65,TOTAL,ALL,99,ALL,ALL,2022,1283,,,,,,,,ALL_N1,99_N1,,,,,,
IT1:DF_DCSS_ISTR_LAV_PEN_2_TV_3(1.0),A,082023,RESPOP_AV,F,Y_GE65,TOTAL,ALL,99,ALL,ALL,2023,1296,,,,,,,,ALL_N1,99_N1,,,,,,
IT1:DF_DCSS_ISTR_LAV_PEN_2_TV_3(1.0),A,082023,RESPOP_AV,F,Y_GE65,TOTAL,ALL,99,ALL,ALL,2024,1316,,,,,,,,ALL_N1,99_N1,,,,,,
IT1:DF_DCSS_ISTR_LAV_PEN_2_TV_3(1.0),A,082023,RESPOP_AV,F,Y15-24,TOTAL,ALL,1,ALL,ALL,2018,32,,,,,,,,ALL_N1,,,,,,,
IT1:DF_DCSS_ISTR_LAV_PEN_2_TV_3(1.0),A,082023,RESPOP_AV,F,Y15-24,TOTAL,ALL,1,ALL,ALL,2019,30,,,,,,,,ALL_N1,,,,,,,
IT1:DF_DCSS_ISTR_LAV_PEN_2_TV_3(1.0),A,082023,RESPOP_AV,F,Y15-24,TOTAL,ALL,1,ALL,ALL,2021,32,,,,,,,,ALL_N1,,,,,,,
IT1:DF_DCSS_ISTR_LAV_PEN_2_TV_3(1.0),A,082023,RESPOP_AV,F,Y15-24,TOTAL,ALL,1,ALL,ALL,2022,39,,,,,,,,ALL_N1,,,,,,,
IT1:DF_DCSS_ISTR_LAV_PEN_2_TV_3(1.0),A,082023,RESPOP_AV,F,Y15-24,TOTAL,ALL,1,ALL,ALL,2023,41,,,,,,,,ALL_N1,,,,,,,
IT1:DF_DCSS_ISTR_LAV_PEN_2_TV_3(1.0),A,082023,RESPOP_AV,F,Y15-24,TOTAL,ALL,1,ALL,ALL,2024,52,,,,,,,,ALL_N1,,,,,,,
IT1:DF_DCSS_ISTR_LAV_PEN_2_TV_3(1.0),A,082023,RESPOP_AV,F,Y15-24,TOTAL,ALL,12,ALL,ALL,2018,97,,,,,,,,ALL_N1,,,,,,,
IT1:DF_DCSS_ISTR_LAV_PEN_2_TV_3(1.0),A,082023,RESPOP_AV,F,Y15-24,TOTAL,ALL,12,ALL,ALL,2019,84,,,,,,,,ALL_N1,,,,,,,
IT1:DF_DCSS_ISTR_LAV_PEN_2_TV_3(1.0),A,082023,RESPOP_AV,F,Y15-24,TOTAL,ALL,12,ALL,ALL,2021,46.9458942799954,,,,,,,,ALL_N1,,,,,,,
IT1:DF_DCSS_ISTR_LAV_PEN_2_TV_3(1.0),A,082023,RESPOP_AV,F,Y15-24,TOTAL,ALL,12,ALL,ALL,2022,42.8124723056208,,,,,,,,ALL_N1,,,,,,,
IT1:DF_DCSS_ISTR_LAV_PEN_2_TV_3(1.0),A,082023,RESPOP_AV,F,Y15-24,TOTAL,ALL,12,ALL,ALL,2023,49.803442401059904,,,,,,,,ALL_N1,,,,,,,
IT1:DF_DCSS_ISTR_LAV_PEN_2_TV_3(1.0),A,082023,RESPOP_AV,F,Y15-24,TOTAL,ALL,12,ALL,ALL,2024,38.02019906191706,,,,,,,,ALL_N1,,,,,,,
IT1:DF_DCSS_ISTR_LAV_PEN_2_TV_3(1.0),A,082023,RESPOP_AV,F,Y15-24,TOTAL,ALL,22,ALL,ALL,2018,129,,,,,,,,ALL_N1,,,,,,,
IT1:DF_DCSS_ISTR_LAV_PEN_2_TV_3(1.0),A,082023,RESPOP_AV,F,Y15-24,TOTAL,ALL,22,ALL,ALL,2019,114,,,,,,,,ALL_N1,,,,,,,
IT1:DF_DCSS_ISTR_LAV_PEN_2_TV_3(1.0),A,082023,RESPOP_AV,F,Y15-24,TOTAL,ALL,22,ALL,ALL,2021,78.9458942799954,,,,,,,,ALL_N1,,,,,,,
IT1:DF_DCSS_ISTR_LAV_PEN_2_TV_3(1.0),A,082023,RESPOP_AV,F,Y15-24,TOTAL,ALL,22,ALL,ALL,2022,81.8124723056208,,,,,,,,ALL_N1,,,,,,,
IT1:DF_DCSS_ISTR_LAV_PEN_2_TV_3(1.0),A,082023,RESPOP_AV,F,Y15-24,TOTAL,ALL,22,ALL,ALL,2023,90.80344240105991,,,,,,,,ALL_N1,,,,,,,
IT1:DF_DCSS_ISTR_LAV_PEN_2_TV_3(1.0),A,082023,RESPOP_AV,F,Y15-24,TOTAL,ALL,22,ALL,ALL,2024,90.02019906191705,,,,,,,,ALL_N1,,,,,,,
IT1:DF_DCSS_ISTR_LAV_PEN_2_TV_3(1.0),A,082023,RESPOP_AV,F,Y15-24,TOTAL,ALL,23,ALL,ALL,2018,470,,,,,,,,ALL_N1,,,,,,,
IT1:DF_DCSS_ISTR_LAV_PEN_2_TV_3(1.0),A,082023,RESPOP_AV,F,Y15-24,TOTAL,ALL,23,ALL,ALL,2019,465,,,,,,,,ALL_N1,,,,,,,
IT1:DF_DCSS_ISTR_LAV_PEN_2_TV_3(1.0),A,082023,RESPOP_AV,F,Y15-24,TOTAL,ALL,23,ALL,ALL,2021,500.054105720005,,,,,,,,ALL_N1,,,,,,,
IT1:DF_DCSS_ISTR_LAV_PEN_2_TV_3(1.0),A,082023,RESPOP_AV,F,Y15-24,TOTAL,ALL,23,ALL,ALL,2022,512.187527694379,,,,,,,,ALL_N1,,,,,,,
IT1:DF_DCSS_ISTR_LAV_PEN_2_TV_3(1.0),A,082023,RESPOP_AV,F,Y15-24,TOTAL,ALL,23,ALL,ALL,2023,525.1965575989402,,,,,,,,ALL_N1,,,,,,,
IT1:DF_DCSS_ISTR_LAV_PEN_2_TV_3(1.0),A,082023,RESPOP_AV,F,Y15-24,TOTAL,ALL,23,ALL,ALL,2024,533.979800938083,,,,,,,,ALL_N1,,,,,,,
IT1:DF_DCSS_ISTR_LAV_PEN_2_TV_3(1.0),A,082023,RESPOP_AV,F,Y15-24,TOTAL,ALL,24,ALL,ALL,2018,1,,,,,,,,ALL_N1,,,,,,,
IT1:DF_DCSS_ISTR_LAV_PEN_2_TV_3(1.0),A,082023,RESPOP_AV,F,Y15-24,TOTAL,ALL,24,ALL,ALL,2019,1,,,,,,,,ALL_N1,,,,,,,
IT1:DF_DCSS_ISTR_LAV_PEN_2_TV_3(1.0),A,082023,RESPOP_AV,F,Y15-24,TOTAL,ALL,24,ALL,ALL,2021,0.346026561996336,,,,,,,,ALL_N1,,,,,,,
IT1:DF_DCSS_ISTR_LAV_PEN_2_TV_3(1.0),A,082023,RESPOP_AV,F,Y15-24,TOTAL,ALL,24,ALL,ALL,2022,0.327123095555821,,,,,,,,ALL_N1,,,,,,,
IT1:DF_DCSS_ISTR_LAV_PEN_2_TV_3(1.0),A,082023,RESPOP_AV,F,Y15-24,TOTAL,ALL,24,ALL,ALL,2023,0.2578668609011266,,,,,,,,ALL_N1,,,,,,,
IT1:DF_DCSS_ISTR_LAV_PEN_2_TV_3(1.0),A,082023,RESPOP_AV,F,Y15-24,TOTAL,ALL,24,ALL,ALL,2024,0.4587086024815478,,,,,,,,ALL_N1,,,,,,,
IT1:DF_DCSS_ISTR_LAV_PEN_2_TV_3(1.0),A,082023,RESPOP_AV,F,Y15-24,TOTAL,ALL,4,ALL,ALL,2018,76,,,,,,,,ALL_N1,,,,,,,
IT1:DF_DCSS_ISTR_LAV_PEN_2_TV_3(1.0),A,082023,RESPOP_AV,F,Y15-24,TOTAL,ALL,4,ALL,ALL,2019,67,,,,,,,,ALL_N1,,,,,,,
IT1:DF_DCSS_ISTR_LAV_PEN_2_TV_3(1.0),A,082023,RESPOP_AV,F,Y15-24,TOTAL,ALL,4,ALL,ALL,2021,93.9035623984499,,,,,,,,ALL_N1,,,,,,,
IT1:DF_DCSS_ISTR_LAV_PEN_2_TV_3(1.0),A,082023,RESPOP_AV,F,Y15-24,TOTAL,ALL,4,ALL,ALL,2022,69.738747272781,,,,,,,,ALL_N1,,,,,,,
IT1:DF_DCSS_ISTR_LAV_PEN_2_TV_3(1.0),A,082023,RESPOP_AV,F,Y15-24,TOTAL,ALL,4,ALL,ALL,2023,72.5003630033879,,,,,,,,ALL_N1,,,,,,,
IT1:DF_DCSS_ISTR_LAV_PEN_2_TV_3(1.0),A,082023,RESPOP_AV,F,Y15-24,TOTAL,ALL,4,ALL,ALL,2024,71.30964870603093,,,,,,,,ALL_N1,,,,,,,
IT1:DF_DCSS_ISTR_LAV_PEN_2_TV_3(1.0),A,082023,RESPOP_AV,F,Y15-24,TOTAL,ALL,5,ALL,ALL,2018,344,,,,,,,,ALL_N1,,,,,,,
IT1:DF_DCSS_ISTR_LAV_PEN_2_TV_3(1.0),A,082023,RESPOP_AV,F,Y15-24,TOTAL,ALL,5,ALL,ALL,2019,363,,,,,,,,ALL_N1,,,,,,,
IT1:DF_DCSS_ISTR_LAV_PEN_2_TV_3(1.0),A,082023,RESPOP_AV,F,Y15-24,TOTAL,ALL,5,ALL,ALL,2021,373.497981878973,,,,,,,,ALL_N1,,,,,,,
IT1:DF_DCSS_ISTR_LAV_PEN_2_TV_3(1.0),A,082023,RESPOP_AV,F,Y15-24,TOTAL,ALL,5,ALL,ALL,2022,414.476343599433,,,,,,,,ALL_N1,,,,,,,
IT1:DF_DCSS_ISTR_LAV_PEN_2_TV_3(1.0),A,082023,RESPOP_AV,F,Y15-24,TOTAL,ALL,5,ALL,ALL,2023,422.2857061136218,,,,,,,,ALL_N1,,,,,,,
IT1:DF_DCSS_ISTR_LAV_PEN_2_TV_3(1.0),A,082023,RESPOP_AV,F,Y15-24,TOTAL,ALL,5,ALL,ALL,2024,433.62213780706804,,,,,,,,ALL_N1,,,,,,,
IT1:DF_DCSS_ISTR_LAV_PEN_2_TV_3(1.0),A,082023,RESPOP_AV,F,Y15-24,TOTAL,ALL,7,ALL,ALL,2018,49,,,,,,,,ALL_N1,,,,,,,
IT1:DF_DCSS_ISTR_LAV_PEN_2_TV_3(1.0),A,082023,RESPOP_AV,F,Y15-24,TOTAL,ALL,7,ALL,ALL,2019,34,,,,,,,,ALL_N1,,,,,,,
IT1:DF_DCSS_ISTR_LAV_PEN_2_TV_3(1.0),A,082023,RESPOP_AV,F,Y15-24,TOTAL,ALL,7,ALL,ALL,2021,32.3065348805854,,,,,,,,ALL_N1,,,,,,,
IT1:DF_DCSS_ISTR_LAV_PEN_2_TV_3(1.0),A,082023,RESPOP_AV,F,Y15-24,TOTAL,ALL,7,ALL,ALL,2022,27.6453137266099,,,,,,,,ALL_N1,,,,,,,
IT1:DF_DCSS_ISTR_LAV_PEN_2_TV_3(1.0),A,082023,RESPOP_AV,F,Y15-24,TOTAL,ALL,7,ALL,ALL,2023,30.152621621029365,,,,,,,,ALL_N1,,,,,,,
IT1:DF_DCSS_ISTR_LAV_PEN_2_TV_3(1.0),A,082023,RESPOP_AV,F,Y15-24,TOTAL,ALL,7,ALL,ALL,2024,28.58930582250248,,,,,,,,ALL_N1,,,,,,,
IT1:DF_DCSS_ISTR_LAV_PEN_2_TV_3(1.0),A,082023,RESPOP_AV,F,Y15-24,TOTAL,ALL,99,ALL,ALL,2018,599,,,,,,,,ALL_N1,99_N1,,,,,,
IT1:DF_DCSS_ISTR_LAV_PEN_2_TV_3(1.0),A,082023,RESPOP_AV,F,Y15-24,TOTAL,ALL,99,ALL,ALL,2019,579,,,,,,,,ALL_N1,99_N1,,,,,,
IT1:DF_DCSS_ISTR_LAV_PEN_2_TV_3(1.0),A,082023,RESPOP_AV,F,Y15-24,TOTAL,ALL,99,ALL,ALL,2021,579,,,,,,,,ALL_N1,99_N1,,,,,,
IT1:DF_DCSS_ISTR_LAV_PEN_2_TV_3(1.0),A,082023,RESPOP_AV,F,Y15-24,TOTAL,ALL,99,ALL,ALL,2022,594,,,,,,,,ALL_N1,99_N1,,,,,,
IT1:DF_DCSS_ISTR_LAV_PEN_2_TV_3(1.0),A,082023,RESPOP_AV,F,Y15-24,TOTAL,ALL,99,ALL,ALL,2023,616.0000000000001,,,,,,,,ALL_N1,99_N1,,,,,,
IT1:DF_DCSS_ISTR_LAV_PEN_2_TV_3(1.0),A,082023,RESPOP_AV,F,Y15-24,TOTAL,ALL,99,ALL,ALL,2024,624,,,,,,,,ALL_N1,99_N1,,,,,,
IT1:DF_DCSS_ISTR_LAV_PEN_2_TV_3(1.0),A,082023,RESPOP_AV,F,Y25-49,TOTAL,ALL,1,ALL,ALL,2018,667,,,,,,,,ALL_N1,,,,,,,
IT1:DF_DCSS_ISTR_LAV_PEN_2_TV_3(1.0),A,082023,RESPOP_AV,F,Y25-49,TOTAL,ALL,1,ALL,ALL,2019,641,,,,,,,,ALL_N1,,,,,,,
IT1:DF_DCSS_ISTR_LAV_PEN_2_TV_3(1.0),A,082023,RESPOP_AV,F,Y25-49,TOTAL,ALL,1,ALL,ALL,2021,735,,,,,,,,ALL_N1,,,,,,,
IT1:DF_DCSS_ISTR_LAV_PEN_2_TV_3(1.0),A,082023,RESPOP_AV,F,Y25-49,TOTAL,ALL,1,ALL,ALL,2022,745,,,,,,,,ALL_N1,,,,,,,
IT1:DF_DCSS_ISTR_LAV_PEN_2_TV_3(1.0),A,082023,RESPOP_AV,F,Y25-49,TOTAL,ALL,1,ALL,ALL,2023,746,,,,,,,,ALL_N1,,,,,,,
IT1:DF_DCSS_ISTR_LAV_PEN_2_TV_3(1.0),A,082023,RESPOP_AV,F,Y25-49,TOTAL,ALL,1,ALL,ALL,2024,810,,,,,,,,ALL_N1,,,,,,,
IT1:DF_DCSS_ISTR_LAV_PEN_2_TV_3(1.0),A,082023,RESPOP_AV,F,Y25-49,TOTAL,ALL,12,ALL,ALL,2018,333,,,,,,,,ALL_N1,,,,,,,
IT1:DF_DCSS_ISTR_LAV_PEN_2_TV_3(1.0),A,082023,RESPOP_AV,F,Y25-49,TOTAL,ALL,12,ALL,ALL,2019,335,,,,,,,,ALL_N1,,,,,,,
IT1:DF_DCSS_ISTR_LAV_PEN_2_TV_3(1.0),A,082023,RESPOP_AV,F,Y25-49,TOTAL,ALL,12,ALL,ALL,2021,167.257155680191,,,,,,,,ALL_N1,,,,,,,
IT1:DF_DCSS_ISTR_LAV_PEN_2_TV_3(1.0),A,082023,RESPOP_AV,F,Y25-49,TOTAL,ALL,12,ALL,ALL,2022,165.490422935187,,,,,,,,ALL_N1,,,,,,,
IT1:DF_DCSS_ISTR_LAV_PEN_2_TV_3(1.0),A,082023,RESPOP_AV,F,Y25-49,TOTAL,ALL,12,ALL,ALL,2023,176.26680373708984,,,,,,,,ALL_N1,,,,,,,
IT1:DF_DCSS_ISTR_LAV_PEN_2_TV_3(1.0),A,082023,RESPOP_AV,F,Y25-49,TOTAL,ALL,12,ALL,ALL,2024,139.31740462066958,,,,,,,,ALL_N1,,,,,,,
IT1:DF_DCSS_ISTR_LAV_PEN_2_TV_3(1.0),A,082023,RESPOP_AV,F,Y25-49,TOTAL,ALL,22,ALL,ALL,2018,1000,,,,,,,,ALL_N1,,,,,,,
IT1:DF_DCSS_ISTR_LAV_PEN_2_TV_3(1.0),A,082023,RESPOP_AV,F,Y25-49,TOTAL,ALL,22,ALL,ALL,2019,976,,,,,,,,ALL_N1,,,,,,,
IT1:DF_DCSS_ISTR_LAV_PEN_2_TV_3(1.0),A,082023,RESPOP_AV,F,Y25-49,TOTAL,ALL,22,ALL,ALL,2021,902.257155680191,,,,,,,,ALL_N1,,,,,,,
IT1:DF_DCSS_ISTR_LAV_PEN_2_TV_3(1.0),A,082023,RESPOP_AV,F,Y25-49,TOTAL,ALL,22,ALL,ALL,2022,910.490422935187,,,,,,,,ALL_N1,,,,,,,
IT1:DF_DCSS_ISTR_LAV_PEN_2_TV_3(1.0),A,082023,RESPOP_AV,F,Y25-49,TOTAL,ALL,22,ALL,ALL,2023,922.2668037370898,,,,,,,,ALL_N1,,,,,,,
IT1:DF_DCSS_ISTR_LAV_PEN_2_TV_3(1.0),A,082023,RESPOP_AV,F,Y25-49,TOTAL,ALL,22,ALL,ALL,2024,949.3174046206695,,,,,,,,ALL_N1,,,,,,,
IT1:DF_DCSS_ISTR_LAV_PEN_2_TV_3(1.0),A,082023,RESPOP_AV,F,Y25-49,TOTAL,ALL,23,ALL,ALL,2018,1026,,,,,,,,ALL_N1,,,,,,,
IT1:DF_DCSS_ISTR_LAV_PEN_2_TV_3(1.0),A,082023,RESPOP_AV,F,Y25-49,TOTAL,ALL,23,ALL,ALL,2019,1039,,,,,,,,ALL_N1,,,,,,,
IT1:DF_DCSS_ISTR_LAV_PEN_2_TV_3(1.0),A,082023,RESPOP_AV,F,Y25-49,TOTAL,ALL,23,ALL,ALL,2021,1054.74284431981,,,,,,,,ALL_N1,,,,,,,
IT1:DF_DCSS_ISTR_LAV_PEN_2_TV_3(1.0),A,082023,RESPOP_AV,F,Y25-49,TOTAL,ALL,23,ALL,ALL,2022,1005.50957706481,,,,,,,,ALL_N1,,,,,,,
IT1:DF_DCSS_ISTR_LAV_PEN_2_TV_3(1.0),A,082023,RESPOP_AV,F,Y25-49,TOTAL,ALL,23,ALL,ALL,2023,958.7331962629102,,,,,,,,ALL_N1,,,,,,,
IT1:DF_DCSS_ISTR_LAV_PEN_2_TV_3(1.0),A,082023,RESPOP_AV,F,Y25-49,TOTAL,ALL,23,ALL,ALL,2024,918.6825953793305,,,,,,,,ALL_N1,,,,,,,
IT1:DF_DCSS_ISTR_LAV_PEN_2_TV_3(1.0),A,082023,RESPOP_AV,F,Y25-49,TOTAL,ALL,24,ALL,ALL,2018,11,,,,,,,,ALL_N1,,,,,,,
IT1:DF_DCSS_ISTR_LAV_PEN_2_TV_3(1.0),A,082023,RESPOP_AV,F,Y25-49,TOTAL,ALL,24,ALL,ALL,2019,11,,,,,,,,ALL_N1,,,,,,,
IT1:DF_DCSS_ISTR_LAV_PEN_2_TV_3(1.0),A,082023,RESPOP_AV,F,Y25-49,TOTAL,ALL,24,ALL,ALL,2021,9.80376159123083,,,,,,,,ALL_N1,,,,,,,
IT1:DF_DCSS_ISTR_LAV_PEN_2_TV_3(1.0),A,082023,RESPOP_AV,F,Y25-49,TOTAL,ALL,24,ALL,ALL,2022,8.09329195347723,,,,,,,,ALL_N1,,,,,,,
IT1:DF_DCSS_ISTR_LAV_PEN_2_TV_3(1.0),A,082023,RESPOP_AV,F,Y25-49,TOTAL,ALL,24,ALL,ALL,2023,7.351369798976595,,,,,,,,ALL_N1,,,,,,,
IT1:DF_DCSS_ISTR_LAV_PEN_2_TV_3(1.0),A,082023,RESPOP_AV,F,Y25-49,TOTAL,ALL,24,ALL,ALL,2024,8.404139671071988,,,,,,,,ALL_N1,,,,,,,
IT1:DF_DCSS_ISTR_LAV_PEN_2_TV_3(1.0),A,082023,RESPOP_AV,F,Y25-49,TOTAL,ALL,4,ALL,ALL,2018,822,,,,,,,,ALL_N1,,,,,,,
IT1:DF_DCSS_ISTR_LAV_PEN_2_TV_3(1.0),A,082023,RESPOP_AV,F,Y25-49,TOTAL,ALL,4,ALL,ALL,2019,849,,,,,,,,ALL_N1,,,,,,,
IT1:DF_DCSS_ISTR_LAV_PEN_2_TV_3(1.0),A,082023,RESPOP_AV,F,Y25-49,TOTAL,ALL,4,ALL,ALL,2021,861.087560517321,,,,,,,,ALL_N1,,,,,,,
IT1:DF_DCSS_ISTR_LAV_PEN_2_TV_3(1.0),A,082023,RESPOP_AV,F,Y25-49,TOTAL,ALL,4,ALL,ALL,2022,804.407921857422,,,,,,,,ALL_N1,,,,,,,
IT1:DF_DCSS_ISTR_LAV_PEN_2_TV_3(1.0),A,082023,RESPOP_AV,F,Y25-49,TOTAL,ALL,4,ALL,ALL,2023,764.3884119630371,,,,,,,,ALL_N1,,,,,,,
IT1:DF_DCSS_ISTR_LAV_PEN_2_TV_3(1.0),A,082023,RESPOP_AV,F,Y25-49,TOTAL,ALL,4,ALL,ALL,2024,729.5784768548897,,,,,,,,ALL_N1,,,,,,,
IT1:DF_DCSS_ISTR_LAV_PEN_2_TV_3(1.0),A,082023,RESPOP_AV,F,Y25-49,TOTAL,ALL,5,ALL,ALL,2018,59,,,,,,,,ALL_N1,,,,,,,
IT1:DF_DCSS_ISTR_LAV_PEN_2_TV_3(1.0),A,082023,RESPOP_AV,F,Y25-49,TOTAL,ALL,5,ALL,ALL,2019,64,,,,,,,,ALL_N1,,,,,,,
IT1:DF_DCSS_ISTR_LAV_PEN_2_TV_3(1.0),A,082023,RESPOP_AV,F,Y25-49,TOTAL,ALL,5,ALL,ALL,2021,66.7296866863124,,,,,,,,ALL_N1,,,,,,,
IT1:DF_DCSS_ISTR_LAV_PEN_2_TV_3(1.0),A,082023,RESPOP_AV,F,Y25-49,TOTAL,ALL,5,ALL,ALL,2022,77.7710500569085,,,,,,,,ALL_N1,,,,,,,
IT1:DF_DCSS_ISTR_LAV_PEN_2_TV_3(1.0),A,082023,RESPOP_AV,F,Y25-49,TOTAL,ALL,5,ALL,ALL,2023,61.25342554290655,,,,,,,,ALL_N1,,,,,,,
IT1:DF_DCSS_ISTR_LAV_PEN_2_TV_3(1.0),A,082023,RESPOP_AV,F,Y25-49,TOTAL,ALL,5,ALL,ALL,2024,66.55604991846496,,,,,,,,ALL_N1,,,,,,,
IT1:DF_DCSS_ISTR_LAV_PEN_2_TV_3(1.0),A,082023,RESPOP_AV,F,Y25-49,TOTAL,ALL,7,ALL,ALL,2018,134,,,,,,,,ALL_N1,,,,,,,
IT1:DF_DCSS_ISTR_LAV_PEN_2_TV_3(1.0),A,082023,RESPOP_AV,F,Y25-49,TOTAL,ALL,7,ALL,ALL,2019,115,,,,,,,,ALL_N1,,,,,,,
IT1:DF_DCSS_ISTR_LAV_PEN_2_TV_3(1.0),A,082023,RESPOP_AV,F,Y25-49,TOTAL,ALL,7,ALL,ALL,2021,117.121835524945,,,,,,,,ALL_N1,,,,,,,
IT1:DF_DCSS_ISTR_LAV_PEN_2_TV_3(1.0),A,082023,RESPOP_AV,F,Y25-49,TOTAL,ALL,7,ALL,ALL,2022,115.237313197006,,,,,,,,ALL_N1,,,,,,,
IT1:DF_DCSS_ISTR_LAV_PEN_2_TV_3(1.0),A,082023,RESPOP_AV,F,Y25-49,TOTAL,ALL,7,ALL,ALL,2023,125.73998895798992,,,,,,,,ALL_N1,,,,,,,
IT1:DF_DCSS_ISTR_LAV_PEN_2_TV_3(1.0),A,082023,RESPOP_AV,F,Y25-49,TOTAL,ALL,7,ALL,ALL,2024,114.14392893490378,,,,,,,,ALL_N1,,,,,,,
IT1:DF_DCSS_ISTR_LAV_PEN_2_TV_3(1.0),A,082023,RESPOP_AV,F,Y25-49,TOTAL,ALL,99,ALL,ALL,2018,2026,,,,,,,,ALL_N1,99_N1,,,,,,
IT1:DF_DCSS_ISTR_LAV_PEN_2_TV_3(1.0),A,082023,RESPOP_AV,F,Y25-49,TOTAL,ALL,99,ALL,ALL,2019,2015,,,,,,,,ALL_N1,99_N1,,,,,,
IT1:DF_DCSS_ISTR_LAV_PEN_2_TV_3(1.0),A,082023,RESPOP_AV,F,Y25-49,TOTAL,ALL,99,ALL,ALL,2020,1980,,,,,,,,ALL_N1,99_N1,,,,,,
IT1:DF_DCSS_ISTR_LAV_PEN_2_TV_3(1.0),A,082023,RESPOP_AV,F,Y25-49,TOTAL,ALL,99,ALL,ALL,2021,1957,,,,,,,,ALL_N1,99_N1,,,,,,
IT1:DF_DCSS_ISTR_LAV_PEN_2_TV_3(1.0),A,082023,RESPOP_AV,F,Y25-49,TOTAL,ALL,99,ALL,ALL,2022,1916,,,,,,,,ALL_N1,99_N1,,,,,,
IT1:DF_DCSS_ISTR_LAV_PEN_2_TV_3(1.0),A,082023,RESPOP_AV,F,Y25-49,TOTAL,ALL,99,ALL,ALL,2023,1881,,,,,,,,ALL_N1,99_N1,,,,,,
IT1:DF_DCSS_ISTR_LAV_PEN_2_TV_3(1.0),A,082023,RESPOP_AV,F,Y25-49,TOTAL,ALL,99,ALL,ALL,2024,1868,,,,,,,,ALL_N1,99_N1,,,,,,
IT1:DF_DCSS_ISTR_LAV_PEN_2_TV_3(1.0),A,082023,RESPOP_AV,F,Y50-64,TOTAL,ALL,1,ALL,ALL,2018,289,,,,,,,,ALL_N1,,,,,,,
IT1:DF_DCSS_ISTR_LAV_PEN_2_TV_3(1.0),A,082023,RESPOP_AV,F,Y50-64,TOTAL,ALL,1,ALL,ALL,2019,304,,,,,,,,ALL_N1,,,,,,,
IT1:DF_DCSS_ISTR_LAV_PEN_2_TV_3(1.0),A,082023,RESPOP_AV,F,Y50-64,TOTAL,ALL,1,ALL,ALL,2021,350,,,,,,,,ALL_N1,,,,,,,
IT1:DF_DCSS_ISTR_LAV_PEN_2_TV_3(1.0),A,082023,RESPOP_AV,F,Y50-64,TOTAL,ALL,1,ALL,ALL,2022,392,,,,,,,,ALL_N1,,,,,,,
IT1:DF_DCSS_ISTR_LAV_PEN_2_TV_3(1.0),A,082023,RESPOP_AV,F,Y50-64,TOTAL,ALL,1,ALL,ALL,2023,425,,,,,,,,ALL_N1,,,,,,,
IT1:DF_DCSS_ISTR_LAV_PEN_2_TV_3(1.0),A,082023,RESPOP_AV,F,Y50-64,TOTAL,ALL,1,ALL,ALL,2024,453,,,,,,,,ALL_N1,,,,,,,
IT1:DF_DCSS_ISTR_LAV_PEN_2_TV_3(1.0),A,082023,RESPOP_AV,F,Y50-64,TOTAL,ALL,12,ALL,ALL,2018,85,,,,,,,,ALL_N1,,,,,,,
IT1:DF_DCSS_ISTR_LAV_PEN_2_TV_3(1.0),A,082023,RESPOP_AV,F,Y50-64,TOTAL,ALL,12,ALL,ALL,2019,87,,,,,,,,ALL_N1,,,,,,,
IT1:DF_DCSS_ISTR_LAV_PEN_2_TV_3(1.0),A,082023,RESPOP_AV,F,Y50-64,TOTAL,ALL,12,ALL,ALL,2021,51.4313730888335,,,,,,,,ALL_N1,,,,,,,
IT1:DF_DCSS_ISTR_LAV_PEN_2_TV_3(1.0),A,082023,RESPOP_AV,F,Y50-64,TOTAL,ALL,12,ALL,ALL,2022,51.2567927027273,,,,,,,,ALL_N1,,,,,,,
IT1:DF_DCSS_ISTR_LAV_PEN_2_TV_3(1.0),A,082023,RESPOP_AV,F,Y50-64,TOTAL,ALL,12,ALL,ALL,2023,63.32752324697361,,,,,,,,ALL_N1,,,,,,,
IT1:DF_DCSS_ISTR_LAV_PEN_2_TV_3(1.0),A,082023,RESPOP_AV,F,Y50-64,TOTAL,ALL,12,ALL,ALL,2024,53.24682248186235,,,,,,,,ALL_N1,,,,,,,
IT1:DF_DCSS_ISTR_LAV_PEN_2_TV_3(1.0),A,082023,RESPOP_AV,F,Y50-64,TOTAL,ALL,22,ALL,ALL,2018,374,,,,,,,,ALL_N1,,,,,,,
IT1:DF_DCSS_ISTR_LAV_PEN_2_TV_3(1.0),A,082023,RESPOP_AV,F,Y50-64,TOTAL,ALL,22,ALL,ALL,2019,391,,,,,,,,ALL_N1,,,,,,,
IT1:DF_DCSS_ISTR_LAV_PEN_2_TV_3(1.0),A,082023,RESPOP_AV,F,Y50-64,TOTAL,ALL,22,ALL,ALL,2021,401.431373088834,,,,,,,,ALL_N1,,,,,,,
IT1:DF_DCSS_ISTR_LAV_PEN_2_TV_3(1.0),A,082023,RESPOP_AV,F,Y50-64,TOTAL,ALL,22,ALL,ALL,2022,443.256792702727,,,,,,,,ALL_N1,,,,,,,
IT1:DF_DCSS_ISTR_LAV_PEN_2_TV_3(1.0),A,082023,RESPOP_AV,F,Y50-64,TOTAL,ALL,22,ALL,ALL,2023,488.3275232469736,,,,,,,,ALL_N1,,,,,,,
IT1:DF_DCSS_ISTR_LAV_PEN_2_TV_3(1.0),A,082023,RESPOP_AV,F,Y50-64,TOTAL,ALL,22,ALL,ALL,2024,506.24682248186235,,,,,,,,ALL_N1,,,,,,,
IT1:DF_DCSS_ISTR_LAV_PEN_2_TV_3(1.0),A,082023,RESPOP_AV,F,Y50-64,TOTAL,ALL,23,ALL,ALL,2018,707,,,,,,,,ALL_N1,,,,,,,
IT1:DF_DCSS_ISTR_LAV_PEN_2_TV_3(1.0),A,082023,RESPOP_AV,F,Y50-64,TOTAL,ALL,23,ALL,ALL,2019,730,,,,,,,,ALL_N1,,,,,,,
IT1:DF_DCSS_ISTR_LAV_PEN_2_TV_3(1.0),A,082023,RESPOP_AV,F,Y50-64,TOTAL,ALL,23,ALL,ALL,2021,780.568626911167,,,,,,,,ALL_N1,,,,,,,
IT1:DF_DCSS_ISTR_LAV_PEN_2_TV_3(1.0),A,082023,RESPOP_AV,F,Y50-64,TOTAL,ALL,23,ALL,ALL,2022,796.743207297273,,,,,,,,ALL_N1,,,,,,,
IT1:DF_DCSS_ISTR_LAV_PEN_2_TV_3(1.0),A,082023,RESPOP_AV,F,Y50-64,TOTAL,ALL,23,ALL,ALL,2023,768.6724767530263,,,,,,,,ALL_N1,,,,,,,
IT1:DF_DCSS_ISTR_LAV_PEN_2_TV_3(1.0),A,082023,RESPOP_AV,F,Y50-64,TOTAL,ALL,23,ALL,ALL,2024,791.7531775181376,,,,,,,,ALL_N1,,,,,,,
IT1:DF_DCSS_ISTR_LAV_PEN_2_TV_3(1.0),A,082023,RESPOP_AV,F,Y50-64,TOTAL,ALL,24,ALL,ALL,2018,35,,,,,,,,ALL_N1,,,,,,,
IT1:DF_DCSS_ISTR_LAV_PEN_2_TV_3(1.0),A,082023,RESPOP_AV,F,Y50-64,TOTAL,ALL,24,ALL,ALL,2019,37,,,,,,,,ALL_N1,,,,,,,
IT1:DF_DCSS_ISTR_LAV_PEN_2_TV_3(1.0),A,082023,RESPOP_AV,F,Y50-64,TOTAL,ALL,24,ALL,ALL,2021,33.8355894559408,,,,,,,,ALL_N1,,,,,,,
IT1:DF_DCSS_ISTR_LAV_PEN_2_TV_3(1.0),A,082023,RESPOP_AV,F,Y50-64,TOTAL,ALL,24,ALL,ALL,2022,29.2121846767163,,,,,,,,ALL_N1,,,,,,,
IT1:DF_DCSS_ISTR_LAV_PEN_2_TV_3(1.0),A,082023,RESPOP_AV,F,Y50-64,TOTAL,ALL,24,ALL,ALL,2023,24.987882131863138,,,,,,,,ALL_N1,,,,,,,
IT1:DF_DCSS_ISTR_LAV_PEN_2_TV_3(1.0),A,082023,RESPOP_AV,F,Y50-64,TOTAL,ALL,24,ALL,ALL,2024,27.508030687662426,,,,,,,,ALL_N1,,,,,,,
IT1:DF_DCSS_ISTR_LAV_PEN_2_TV_3(1.0),A,082023,RESPOP_AV,F,Y50-64,TOTAL,ALL,4,ALL,ALL,2018,602,,,,,,,,ALL_N1,,,,,,,
IT1:DF_DCSS_ISTR_LAV_PEN_2_TV_3(1.0),A,082023,RESPOP_AV,F,Y50-64,TOTAL,ALL,4,ALL,ALL,2019,626,,,,,,,,ALL_N1,,,,,,,
IT1:DF_DCSS_ISTR_LAV_PEN_2_TV_3(1.0),A,082023,RESPOP_AV,F,Y50-64,TOTAL,ALL,4,ALL,ALL,2021,671.498594436572,,,,,,,,ALL_N1,,,,,,,
IT1:DF_DCSS_ISTR_LAV_PEN_2_TV_3(1.0),A,082023,RESPOP_AV,F,Y50-64,TOTAL,ALL,4,ALL,ALL,2022,679.641762181604,,,,,,,,ALL_N1,,,,,,,
IT1:DF_DCSS_ISTR_LAV_PEN_2_TV_3(1.0),A,082023,RESPOP_AV,F,Y50-64,TOTAL,ALL,4,ALL,ALL,2023,646.9461630205885,,,,,,,,ALL_N1,,,,,,,
IT1:DF_DCSS_ISTR_LAV_PEN_2_TV_3(1.0),A,082023,RESPOP_AV,F,Y50-64,TOTAL,ALL,4,ALL,ALL,2024,672.1656683978636,,,,,,,,ALL_N1,,,,,,,
IT1:DF_DCSS_ISTR_LAV_PEN_2_TV_3(1.0),A,082023,RESPOP_AV,F,Y50-64,TOTAL,ALL,5,ALL,ALL,2018,1,,,,,,,,ALL_N1,,,,,,,
IT1:DF_DCSS_ISTR_LAV_PEN_2_TV_3(1.0),A,082023,RESPOP_AV,F,Y50-64,TOTAL,ALL,5,ALL,ALL,2019,1,,,,,,,,ALL_N1,,,,,,,
IT1:DF_DCSS_ISTR_LAV_PEN_2_TV_3(1.0),A,082023,RESPOP_AV,F,Y50-64,TOTAL,ALL,5,ALL,ALL,2021,1.34670514830184,,,,,,,,ALL_N1,,,,,,,
IT1:DF_DCSS_ISTR_LAV_PEN_2_TV_3(1.0),A,082023,RESPOP_AV,F,Y50-64,TOTAL,ALL,5,ALL,ALL,2022,2.13259546682853,,,,,,,,ALL_N1,,,,,,,
IT1:DF_DCSS_ISTR_LAV_PEN_2_TV_3(1.0),A,082023,RESPOP_AV,F,Y50-64,TOTAL,ALL,5,ALL,ALL,2023,2.015922416190664,,,,,,,,ALL_N1,,,,,,,
IT1:DF_DCSS_ISTR_LAV_PEN_2_TV_3(1.0),A,082023,RESPOP_AV,F,Y50-64,TOTAL,ALL,5,ALL,ALL,2024,2.829247568095165,,,,,,,,ALL_N1,,,,,,,
IT1:DF_DCSS_ISTR_LAV_PEN_2_TV_3(1.0),A,082023,RESPOP_AV,F,Y50-64,TOTAL,ALL,7,ALL,ALL,2018,69,,,,,,,,ALL_N1,,,,,,,
IT1:DF_DCSS_ISTR_LAV_PEN_2_TV_3(1.0),A,082023,RESPOP_AV,F,Y50-64,TOTAL,ALL,7,ALL,ALL,2019,66,,,,,,,,ALL_N1,,,,,,,
IT1:DF_DCSS_ISTR_LAV_PEN_2_TV_3(1.0),A,082023,RESPOP_AV,F,Y50-64,TOTAL,ALL,7,ALL,ALL,2021,73.887737870352,,,,,,,,ALL_N1,,,,,,,
IT1:DF_DCSS_ISTR_LAV_PEN_2_TV_3(1.0),A,082023,RESPOP_AV,F,Y50-64,TOTAL,ALL,7,ALL,ALL,2022,85.7566649721244,,,,,,,,ALL_N1,,,,,,,
IT1:DF_DCSS_ISTR_LAV_PEN_2_TV_3(1.0),A,082023,RESPOP_AV,F,Y50-64,TOTAL,ALL,7,ALL,ALL,2023,94.722509184384,,,,,,,,ALL_N1,,,,,,,
IT1:DF_DCSS_ISTR_LAV_PEN_2_TV_3(1.0),A,082023,RESPOP_AV,F,Y50-64,TOTAL,ALL,7,ALL,ALL,2024,89.25023086451647,,,,,,,,ALL_N1,,,,,,,
IT1:DF_DCSS_ISTR_LAV_PEN_2_TV_3(1.0),A,082023,RESPOP_AV,F,Y50-64,TOTAL,ALL,99,ALL,ALL,2018,1081,,,,,,,,ALL_N1,99_N1,,,,,,
IT1:DF_DCSS_ISTR_LAV_PEN_2_TV_3(1.0),A,082023,RESPOP_AV,F,Y50-64,TOTAL,ALL,99,ALL,ALL,2019,1121,,,,,,,,ALL_N1,99_N1,,,,,,
IT1:DF_DCSS_ISTR_LAV_PEN_2_TV_3(1.0),A,082023,RESPOP_AV,F,Y50-64,TOTAL,ALL,99,ALL,ALL,2020,1167,,,,,,,,ALL_N1,99_N1,,,,,,
IT1:DF_DCSS_ISTR_LAV_PEN_2_TV_3(1.0),A,082023,RESPOP_AV,F,Y50-64,TOTAL,ALL,99,ALL,ALL,2021,1182,,,,,,,,ALL_N1,99_N1,,,,,,
IT1:DF_DCSS_ISTR_LAV_PEN_2_TV_3(1.0),A,082023,RESPOP_AV,F,Y50-64,TOTAL,ALL,99,ALL,ALL,2022,1240,,,,,,,,ALL_N1,99_N1,,,,,,
IT1:DF_DCSS_ISTR_LAV_PEN_2_TV_3(1.0),A,082023,RESPOP_AV,F,Y50-64,TOTAL,ALL,99,ALL,ALL,2023,1257,,,,,,,,ALL_N1,99_N1,,,,,,
IT1:DF_DCSS_ISTR_LAV_PEN_2_TV_3(1.0),A,082023,RESPOP_AV,F,Y50-64,TOTAL,ALL,99,ALL,ALL,2024,1298,,,,,,,,ALL_N1,99_N1,,,,,,
IT1:DF_DCSS_ISTR_LAV_PEN_2_TV_3(1.0),A,082023,RESPOP_AV,M,Y_GE15,TOTAL,ALL,1,ALL,ALL,2018,2046,,,,,,,,ALL_N1,,,,,,,
IT1:DF_DCSS_ISTR_LAV_PEN_2_TV_3(1.0),A,082023,RESPOP_AV,M,Y_GE15,TOTAL,ALL,1,ALL,ALL,2019,2066,,,,,,,,ALL_N1,,,,,,,
IT1:DF_DCSS_ISTR_LAV_PEN_2_TV_3(1.0),A,082023,RESPOP_AV,M,Y_GE15,TOTAL,ALL,1,ALL,ALL,2021,2216,,,,,,,,ALL_N1,,,,,,,
IT1:DF_DCSS_ISTR_LAV_PEN_2_TV_3(1.0),A,082023,RESPOP_AV,M,Y_GE15,TOTAL,ALL,1,ALL,ALL,2022,2267,,,,,,,,ALL_N1,,,,,,,
IT1:DF_DCSS_ISTR_LAV_PEN_2_TV_3(1.0),A,082023,RESPOP_AV,M,Y_GE15,TOTAL,ALL,1,ALL,ALL,2023,2361,,,,,,,,ALL_N1,,,,,,,
IT1:DF_DCSS_ISTR_LAV_PEN_2_TV_3(1.0),A,082023,RESPOP_AV,M,Y_GE15,TOTAL,ALL,1,ALL,ALL,2024,2466,,,,,,,,ALL_N1,,,,,,,
IT1:DF_DCSS_ISTR_LAV_PEN_2_TV_3(1.0),A,082023,RESPOP_AV,M,Y_GE15,TOTAL,ALL,12,ALL,ALL,2018,638,,,,,,,,ALL_N1,,,,,,,
IT1:DF_DCSS_ISTR_LAV_PEN_2_TV_3(1.0),A,082023,RESPOP_AV,M,Y_GE15,TOTAL,ALL,12,ALL,ALL,2019,635,,,,,,,,ALL_N1,,,,,,,
IT1:DF_DCSS_ISTR_LAV_PEN_2_TV_3(1.0),A,082023,RESPOP_AV,M,Y_GE15,TOTAL,ALL,12,ALL,ALL,2021,372.895504230455,,,,,,,,ALL_N1,,,,,,,
IT1:DF_DCSS_ISTR_LAV_PEN_2_TV_3(1.0),A,082023,RESPOP_AV,M,Y_GE15,TOTAL,ALL,12,ALL,ALL,2022,342.28336783437,,,,,,,,ALL_N1,,,,,,,
IT1:DF_DCSS_ISTR_LAV_PEN_2_TV_3(1.0),A,082023,RESPOP_AV,M,Y_GE15,TOTAL,ALL,12,ALL,ALL,2023,333.6074287723182,,,,,,,,ALL_N1,,,,,,,
IT1:DF_DCSS_ISTR_LAV_PEN_2_TV_3(1.0),A,082023,RESPOP_AV,M,Y_GE15,TOTAL,ALL,12,ALL,ALL,2024,286.4834320133107,,,,,,,,ALL_N1,,,,,,,
IT1:DF_DCSS_ISTR_LAV_PEN_2_TV_3(1.0),A,082023,RESPOP_AV,M,Y_GE15,TOTAL,ALL,22,ALL,ALL,2018,2684,,,,,,,,ALL_N1,,,,,,,
IT1:DF_DCSS_ISTR_LAV_PEN_2_TV_3(1.0),A,082023,RESPOP_AV,M,Y_GE15,TOTAL,ALL,22,ALL,ALL,2019,2701,,,,,,,,ALL_N1,,,,,,,
IT1:DF_DCSS_ISTR_LAV_PEN_2_TV_3(1.0),A,082023,RESPOP_AV,M,Y_GE15,TOTAL,ALL,22,ALL,ALL,2021,2588.89550423045,,,,,,,,ALL_N1,,,,,,,
IT1:DF_DCSS_ISTR_LAV_PEN_2_TV_3(1.0),A,082023,RESPOP_AV,M,Y_GE15,TOTAL,ALL,22,ALL,ALL,2022,2609.28336783437,,,,,,,,ALL_N1,,,,,,,
IT1:DF_DCSS_ISTR_LAV_PEN_2_TV_3(1.0),A,082023,RESPOP_AV,M,Y_GE15,TOTAL,ALL,22,ALL,ALL,2023,2694.607428772318,,,,,,,,ALL_N1,,,,,,,
IT1:DF_DCSS_ISTR_LAV_PEN_2_TV_3(1.0),A,082023,RESPOP_AV,M,Y_GE15,TOTAL,ALL,22,ALL,ALL,2024,2752.483432013311,,,,,,,,ALL_N1,,,,,,,
IT1:DF_DCSS_ISTR_LAV_PEN_2_TV_3(1.0),A,082023,RESPOP_AV,M,Y_GE15,TOTAL,ALL,23,ALL,ALL,2018,1979,,,,,,,,ALL_N1,,,,,,,
IT1:DF_DCSS_ISTR_LAV_PEN_2_TV_3(1.0),A,082023,RESPOP_AV,M,Y_GE15,TOTAL,ALL,23,ALL,ALL,2019,1998,,,,,,,,ALL_N1,,,,,,,
IT1:DF_DCSS_ISTR_LAV_PEN_2_TV_3(1.0),A,082023,RESPOP_AV,M,Y_GE15,TOTAL,ALL,23,ALL,ALL,2021,2214.10449576955,,,,,,,,ALL_N1,,,,,,,
IT1:DF_DCSS_ISTR_LAV_PEN_2_TV_3(1.0),A,082023,RESPOP_AV,M,Y_GE15,TOTAL,ALL,23,ALL,ALL,2022,2184.71663216563,,,,,,,,ALL_N1,,,,,,,
IT1:DF_DCSS_ISTR_LAV_PEN_2_TV_3(1.0),A,082023,RESPOP_AV,M,Y_GE15,TOTAL,ALL,23,ALL,ALL,2023,2136.392571227682,,,,,,,,ALL_N1,,,,,,,
IT1:DF_DCSS_ISTR_LAV_PEN_2_TV_3(1.0),A,082023,RESPOP_AV,M,Y_GE15,TOTAL,ALL,23,ALL,ALL,2024,2150.5165679866896,,,,,,,,ALL_N1,,,,,,,
IT1:DF_DCSS_ISTR_LAV_PEN_2_TV_3(1.0),A,082023,RESPOP_AV,M,Y_GE15,TOTAL,ALL,24,ALL,ALL,2018,906,,,,,,,,ALL_N1,,,,,,,
IT1:DF_DCSS_ISTR_LAV_PEN_2_TV_3(1.0),A,082023,RESPOP_AV,M,Y_GE15,TOTAL,ALL,24,ALL,ALL,2019,950,,,,,,,,ALL_N1,,,,,,,
IT1:DF_DCSS_ISTR_LAV_PEN_2_TV_3(1.0),A,082023,RESPOP_AV,M,Y_GE15,TOTAL,ALL,24,ALL,ALL,2021,995.314214174763,,,,,,,,ALL_N1,,,,,,,
IT1:DF_DCSS_ISTR_LAV_PEN_2_TV_3(1.0),A,082023,RESPOP_AV,M,Y_GE15,TOTAL,ALL,24,ALL,ALL,2022,971.587316037021,,,,,,,,ALL_N1,,,,,,,
IT1:DF_DCSS_ISTR_LAV_PEN_2_TV_3(1.0),A,082023,RESPOP_AV,M,Y_GE15,TOTAL,ALL,24,ALL,ALL,2023,909.2678442020562,,,,,,,,ALL_N1,,,,,,,
IT1:DF_DCSS_ISTR_LAV_PEN_2_TV_3(1.0),A,082023,RESPOP_AV,M,Y_GE15,TOTAL,ALL,24,ALL,ALL,2024,965.907501924388,,,,,,,,ALL_N1,,,,,,,
IT1:DF_DCSS_ISTR_LAV_PEN_2_TV_3(1.0),A,082023,RESPOP_AV,M,Y_GE15,TOTAL,ALL,4,ALL,ALL,2018,82,,,,,,,,ALL_N1,,,,,,,
IT1:DF_DCSS_ISTR_LAV_PEN_2_TV_3(1.0),A,082023,RESPOP_AV,M,Y_GE15,TOTAL,ALL,4,ALL,ALL,2019,87,,,,,,,,ALL_N1,,,,,,,
IT1:DF_DCSS_ISTR_LAV_PEN_2_TV_3(1.0),A,082023,RESPOP_AV,M,Y_GE15,TOTAL,ALL,4,ALL,ALL,2021,160.922064313166,,,,,,,,ALL_N1,,,,,,,
IT1:DF_DCSS_ISTR_LAV_PEN_2_TV_3(1.0),A,082023,RESPOP_AV,M,Y_GE15,TOTAL,ALL,4,ALL,ALL,2022,156.414911378693,,,,,,,,ALL_N1,,,,,,,
IT1:DF_DCSS_ISTR_LAV_PEN_2_TV_3(1.0),A,082023,RESPOP_AV,M,Y_GE15,TOTAL,ALL,4,ALL,ALL,2023,155.7800734500413,,,,,,,,ALL_N1,,,,,,,
IT1:DF_DCSS_ISTR_LAV_PEN_2_TV_3(1.0),A,082023,RESPOP_AV,M,Y_GE15,TOTAL,ALL,4,ALL,ALL,2024,143.87444334717247,,,,,,,,ALL_N1,,,,,,,
IT1:DF_DCSS_ISTR_LAV_PEN_2_TV_3(1.0),A,082023,RESPOP_AV,M,Y_GE15,TOTAL,ALL,5,ALL,ALL,2018,366,,,,,,,,ALL_N1,,,,,,,
IT1:DF_DCSS_ISTR_LAV_PEN_2_TV_3(1.0),A,082023,RESPOP_AV,M,Y_GE15,TOTAL,ALL,5,ALL,ALL,2019,392,,,,,,,,ALL_N1,,,,,,,
IT1:DF_DCSS_ISTR_LAV_PEN_2_TV_3(1.0),A,082023,RESPOP_AV,M,Y_GE15,TOTAL,ALL,5,ALL,ALL,2021,436.117930972757,,,,,,,,ALL_N1,,,,,,,
IT1:DF_DCSS_ISTR_LAV_PEN_2_TV_3(1.0),A,082023,RESPOP_AV,M,Y_GE15,TOTAL,ALL,5,ALL,ALL,2022,450.213062360437,,,,,,,,ALL_N1,,,,,,,
IT1:DF_DCSS_ISTR_LAV_PEN_2_TV_3(1.0),A,082023,RESPOP_AV,M,Y_GE15,TOTAL,ALL,5,ALL,ALL,2023,424.33552116313564,,,,,,,,ALL_N1,,,,,,,
IT1:DF_DCSS_ISTR_LAV_PEN_2_TV_3(1.0),A,082023,RESPOP_AV,M,Y_GE15,TOTAL,ALL,5,ALL,ALL,2024,442.27688374537837,,,,,,,,ALL_N1,,,,,,,
IT1:DF_DCSS_ISTR_LAV_PEN_2_TV_3(1.0),A,082023,RESPOP_AV,M,Y_GE15,TOTAL,ALL,7,ALL,ALL,2018,625,,,,,,,,ALL_N1,,,,,,,
IT1:DF_DCSS_ISTR_LAV_PEN_2_TV_3(1.0),A,082023,RESPOP_AV,M,Y_GE15,TOTAL,ALL,7,ALL,ALL,2019,570,,,,,,,,ALL_N1,,,,,,,
IT1:DF_DCSS_ISTR_LAV_PEN_2_TV_3(1.0),A,082023,RESPOP_AV,M,Y_GE15,TOTAL,ALL,7,ALL,ALL,2021,621.75028630886,,,,,,,,ALL_N1,,,,,,,
IT1:DF_DCSS_ISTR_LAV_PEN_2_TV_3(1.0),A,082023,RESPOP_AV,M,Y_GE15,TOTAL,ALL,7,ALL,ALL,2022,606.501342389479,,,,,,,,ALL_N1,,,,,,,
IT1:DF_DCSS_ISTR_LAV_PEN_2_TV_3(1.0),A,082023,RESPOP_AV,M,Y_GE15,TOTAL,ALL,7,ALL,ALL,2023,647.0091324124488,,,,,,,,ALL_N1,,,,,,,
IT1:DF_DCSS_ISTR_LAV_PEN_2_TV_3(1.0),A,082023,RESPOP_AV,M,Y_GE15,TOTAL,ALL,7,ALL,ALL,2024,598.4577389697507,,,,,,,,ALL_N1,,,,,,,
IT1:DF_DCSS_ISTR_LAV_PEN_2_TV_3(1.0),A,082023,RESPOP_AV,M,Y_GE15,TOTAL,ALL,99,ALL,ALL,2018,4663,,,,,,,,ALL_N1,99_N1,,,,,,
IT1:DF_DCSS_ISTR_LAV_PEN_2_TV_3(1.0),A,082023,RESPOP_AV,M,Y_GE15,TOTAL,ALL,99,ALL,ALL,2019,4699,,,,,,,,ALL_N1,99_N1,,,,,,
IT1:DF_DCSS_ISTR_LAV_PEN_2_TV_3(1.0),A,082023,RESPOP_AV,M,Y_GE15,TOTAL,ALL,99,ALL,ALL,2021,4803,,,,,,,,ALL_N1,99_N1,,,,,,
IT1:DF_DCSS_ISTR_LAV_PEN_2_TV_3(1.0),A,082023,RESPOP_AV,M,Y_GE15,TOTAL,ALL,99,ALL,ALL,2022,4794,,,,,,,,ALL_N1,99_N1,,,,,,
IT1:DF_DCSS_ISTR_LAV_PEN_2_TV_3(1.0),A,082023,RESPOP_AV,M,Y_GE15,TOTAL,ALL,99,ALL,ALL,2023,4831,,,,,,,,ALL_N1,99_N1,,,,,,
IT1:DF_DCSS_ISTR_LAV_PEN_2_TV_3(1.0),A,082023,RESPOP_AV,M,Y_GE15,TOTAL,ALL,99,ALL,ALL,2024,4903,,,,,,,,ALL_N1,99_N1,,,,,,
IT1:DF_DCSS_ISTR_LAV_PEN_2_TV_3(1.0),A,082023,RESPOP_AV,M,Y_GE65,TOTAL,ALL,1,ALL,ALL,2018,78,,,,,,,,ALL_N1,,,,,,,
IT1:DF_DCSS_ISTR_LAV_PEN_2_TV_3(1.0),A,082023,RESPOP_AV,M,Y_GE65,TOTAL,ALL,1,ALL,ALL,2019,76,,,,,,,,ALL_N1,,,,,,,
IT1:DF_DCSS_ISTR_LAV_PEN_2_TV_3(1.0),A,082023,RESPOP_AV,M,Y_GE65,TOTAL,ALL,1,ALL,ALL,2021,69,,,,,,,,ALL_N1,,,,,,,
IT1:DF_DCSS_ISTR_LAV_PEN_2_TV_3(1.0),A,082023,RESPOP_AV,M,Y_GE65,TOTAL,ALL,1,ALL,ALL,2022,76,,,,,,,,ALL_N1,,,,,,,
IT1:DF_DCSS_ISTR_LAV_PEN_2_TV_3(1.0),A,082023,RESPOP_AV,M,Y_GE65,TOTAL,ALL,1,ALL,ALL,2023,79,,,,,,,,ALL_N1,,,,,,,
IT1:DF_DCSS_ISTR_LAV_PEN_2_TV_3(1.0),A,082023,RESPOP_AV,M,Y_GE65,TOTAL,ALL,1,ALL,ALL,2024,80,,,,,,,,ALL_N1,,,,,,,
IT1:DF_DCSS_ISTR_LAV_PEN_2_TV_3(1.0),A,082023,RESPOP_AV,M,Y_GE65,TOTAL,ALL,12,ALL,ALL,2018,3,,,,,,,,ALL_N1,,,,,,,
IT1:DF_DCSS_ISTR_LAV_PEN_2_TV_3(1.0),A,082023,RESPOP_AV,M,Y_GE65,TOTAL,ALL,12,ALL,ALL,2019,4,,,,,,,,ALL_N1,,,,,,,
IT1:DF_DCSS_ISTR_LAV_PEN_2_TV_3(1.0),A,082023,RESPOP_AV,M,Y_GE65,TOTAL,ALL,12,ALL,ALL,2021,2.59474057957098,,,,,,,,ALL_N1,,,,,,,
IT1:DF_DCSS_ISTR_LAV_PEN_2_TV_3(1.0),A,082023,RESPOP_AV,M,Y_GE65,TOTAL,ALL,12,ALL,ALL,2022,1.48780342311516,,,,,,,,ALL_N1,,,,,,,
IT1:DF_DCSS_ISTR_LAV_PEN_2_TV_3(1.0),A,082023,RESPOP_AV,M,Y_GE65,TOTAL,ALL,12,ALL,ALL,2023,1.6190366685378936,,,,,,,,ALL_N1,,,,,,,
IT1:DF_DCSS_ISTR_LAV_PEN_2_TV_3(1.0),A,082023,RESPOP_AV,M,Y_GE65,TOTAL,ALL,12,ALL,ALL,2024,1.8096862338362794,,,,,,,,ALL_N1,,,,,,,
IT1:DF_DCSS_ISTR_LAV_PEN_2_TV_3(1.0),A,082023,RESPOP_AV,M,Y_GE65,TOTAL,ALL,22,ALL,ALL,2018,81,,,,,,,,ALL_N1,,,,,,,
IT1:DF_DCSS_ISTR_LAV_PEN_2_TV_3(1.0),A,082023,RESPOP_AV,M,Y_GE65,TOTAL,ALL,22,ALL,ALL,2019,80,,,,,,,,ALL_N1,,,,,,,
IT1:DF_DCSS_ISTR_LAV_PEN_2_TV_3(1.0),A,082023,RESPOP_AV,M,Y_GE65,TOTAL,ALL,22,ALL,ALL,2021,71.594740579571,,,,,,,,ALL_N1,,,,,,,
IT1:DF_DCSS_ISTR_LAV_PEN_2_TV_3(1.0),A,082023,RESPOP_AV,M,Y_GE65,TOTAL,ALL,22,ALL,ALL,2022,77.4878034231152,,,,,,,,ALL_N1,,,,,,,
IT1:DF_DCSS_ISTR_LAV_PEN_2_TV_3(1.0),A,082023,RESPOP_AV,M,Y_GE65,TOTAL,ALL,22,ALL,ALL,2023,80.61903666853789,,,,,,,,ALL_N1,,,,,,,
IT1:DF_DCSS_ISTR_LAV_PEN_2_TV_3(1.0),A,082023,RESPOP_AV,M,Y_GE65,TOTAL,ALL,22,ALL,ALL,2024,81.80968623383627,,,,,,,,ALL_N1,,,,,,,
IT1:DF_DCSS_ISTR_LAV_PEN_2_TV_3(1.0),A,082023,RESPOP_AV,M,Y_GE65,TOTAL,ALL,23,ALL,ALL,2018,916,,,,,,,,ALL_N1,,,,,,,
IT1:DF_DCSS_ISTR_LAV_PEN_2_TV_3(1.0),A,082023,RESPOP_AV,M,Y_GE65,TOTAL,ALL,23,ALL,ALL,2019,933,,,,,,,,ALL_N1,,,,,,,
IT1:DF_DCSS_ISTR_LAV_PEN_2_TV_3(1.0),A,082023,RESPOP_AV,M,Y_GE65,TOTAL,ALL,23,ALL,ALL,2021,990.405259420429,,,,,,,,ALL_N1,,,,,,,
IT1:DF_DCSS_ISTR_LAV_PEN_2_TV_3(1.0),A,082023,RESPOP_AV,M,Y_GE65,TOTAL,ALL,23,ALL,ALL,2022,997.512196576885,,,,,,,,ALL_N1,,,,,,,
IT1:DF_DCSS_ISTR_LAV_PEN_2_TV_3(1.0),A,082023,RESPOP_AV,M,Y_GE65,TOTAL,ALL,23,ALL,ALL,2023,999.3809633314621,,,,,,,,ALL_N1,,,,,,,
IT1:DF_DCSS_ISTR_LAV_PEN_2_TV_3(1.0),A,082023,RESPOP_AV,M,Y_GE65,TOTAL,ALL,23,ALL,ALL,2024,1016.190313766164,,,,,,,,ALL_N1,,,,,,,
IT1:DF_DCSS_ISTR_LAV_PEN_2_TV_3(1.0),A,082023,RESPOP_AV,M,Y_GE65,TOTAL,ALL,24,ALL,ALL,2018,785,,,,,,,,ALL_N1,,,,,,,
IT1:DF_DCSS_ISTR_LAV_PEN_2_TV_3(1.0),A,082023,RESPOP_AV,M,Y_GE65,TOTAL,ALL,24,ALL,ALL,2019,807,,,,,,,,ALL_N1,,,,,,,
IT1:DF_DCSS_ISTR_LAV_PEN_2_TV_3(1.0),A,082023,RESPOP_AV,M,Y_GE65,TOTAL,ALL,24,ALL,ALL,2021,858.976751352582,,,,,,,,ALL_N1,,,,,,,
IT1:DF_DCSS_ISTR_LAV_PEN_2_TV_3(1.0),A,082023,RESPOP_AV,M,Y_GE65,TOTAL,ALL,24,ALL,ALL,2022,851.063722665599,,,,,,,,ALL_N1,,,,,,,
IT1:DF_DCSS_ISTR_LAV_PEN_2_TV_3(1.0),A,082023,RESPOP_AV,M,Y_GE65,TOTAL,ALL,24,ALL,ALL,2023,812.0648032809628,,,,,,,,ALL_N1,,,,,,,
IT1:DF_DCSS_ISTR_LAV_PEN_2_TV_3(1.0),A,082023,RESPOP_AV,M,Y_GE65,TOTAL,ALL,24,ALL,ALL,2024,857.9724310720266,,,,,,,,ALL_N1,,,,,,,
IT1:DF_DCSS_ISTR_LAV_PEN_2_TV_3(1.0),A,082023,RESPOP_AV,M,Y_GE65,TOTAL,ALL,4,ALL,ALL,2018,8,,,,,,,,ALL_N1,,,,,,,
IT1:DF_DCSS_ISTR_LAV_PEN_2_TV_3(1.0),A,082023,RESPOP_AV,M,Y_GE65,TOTAL,ALL,4,ALL,ALL,2019,9,,,,,,,,ALL_N1,,,,,,,
IT1:DF_DCSS_ISTR_LAV_PEN_2_TV_3(1.0),A,082023,RESPOP_AV,M,Y_GE65,TOTAL,ALL,4,ALL,ALL,2021,13.0894267478088,,,,,,,,ALL_N1,,,,,,,
IT1:DF_DCSS_ISTR_LAV_PEN_2_TV_3(1.0),A,082023,RESPOP_AV,M,Y_GE65,TOTAL,ALL,4,ALL,ALL,2022,16.0417217491174,,,,,,,,ALL_N1,,,,,,,
IT1:DF_DCSS_ISTR_LAV_PEN_2_TV_3(1.0),A,082023,RESPOP_AV,M,Y_GE65,TOTAL,ALL,4,ALL,ALL,2023,18.227813067907057,,,,,,,,ALL_N1,,,,,,,
IT1:DF_DCSS_ISTR_LAV_PEN_2_TV_3(1.0),A,082023,RESPOP_AV,M,Y_GE65,TOTAL,ALL,4,ALL,ALL,2024,18.227121097303748,,,,,,,,ALL_N1,,,,,,,
IT1:DF_DCSS_ISTR_LAV_PEN_2_TV_3(1.0),A,082023,RESPOP_AV,M,Y_GE65,TOTAL,ALL,5,ALL,ALL,2018,0,JTEST,,,,,,,ALL_N1,,,,,,,
IT1:DF_DCSS_ISTR_LAV_PEN_2_TV_3(1.0),A,082023,RESPOP_AV,M,Y_GE65,TOTAL,ALL,5,ALL,ALL,2019,0,JTEST,,,,,,,ALL_N1,,,,,,,
IT1:DF_DCSS_ISTR_LAV_PEN_2_TV_3(1.0),A,082023,RESPOP_AV,M,Y_GE65,TOTAL,ALL,5,ALL,ALL,2021,3.26195060123296E-06,,,,,,,,ALL_N1,,,,,,,
IT1:DF_DCSS_ISTR_LAV_PEN_2_TV_3(1.0),A,082023,RESPOP_AV,M,Y_GE65,TOTAL,ALL,5,ALL,ALL,2022,0.0872285829286624,,,,,,,,ALL_N1,,,,,,,
IT1:DF_DCSS_ISTR_LAV_PEN_2_TV_3(1.0),A,082023,RESPOP_AV,M,Y_GE65,TOTAL,ALL,5,ALL,ALL,2023,0.10937002882696656,,,,,,,,ALL_N1,,,,,,,
IT1:DF_DCSS_ISTR_LAV_PEN_2_TV_3(1.0),A,082023,RESPOP_AV,M,Y_GE65,TOTAL,ALL,5,ALL,ALL,2024,0.04946012018442728,,,,,,,,ALL_N1,,,,,,,
IT1:DF_DCSS_ISTR_LAV_PEN_2_TV_3(1.0),A,082023,RESPOP_AV,M,Y_GE65,TOTAL,ALL,7,ALL,ALL,2018,123,,,,,,,,ALL_N1,,,,,,,
IT1:DF_DCSS_ISTR_LAV_PEN_2_TV_3(1.0),A,082023,RESPOP_AV,M,Y_GE65,TOTAL,ALL,7,ALL,ALL,2019,117,,,,,,,,ALL_N1,,,,,,,
IT1:DF_DCSS_ISTR_LAV_PEN_2_TV_3(1.0),A,082023,RESPOP_AV,M,Y_GE65,TOTAL,ALL,7,ALL,ALL,2021,118.339078058088,,,,,,,,ALL_N1,,,,,,,
IT1:DF_DCSS_ISTR_LAV_PEN_2_TV_3(1.0),A,082023,RESPOP_AV,M,Y_GE65,TOTAL,ALL,7,ALL,ALL,2022,130.31952357924,,,,,,,,ALL_N1,,,,,,,
IT1:DF_DCSS_ISTR_LAV_PEN_2_TV_3(1.0),A,082023,RESPOP_AV,M,Y_GE65,TOTAL,ALL,7,ALL,ALL,2023,168.97897695376537,,,,,,,,ALL_N1,,,,,,,
IT1:DF_DCSS_ISTR_LAV_PEN_2_TV_3(1.0),A,082023,RESPOP_AV,M,Y_GE65,TOTAL,ALL,7,ALL,ALL,2024,139.94130147664927,,,,,,,,ALL_N1,,,,,,,
IT1:DF_DCSS_ISTR_LAV_PEN_2_TV_3(1.0),A,082023,RESPOP_AV,M,Y_GE65,TOTAL,ALL,99,ALL,ALL,2018,997,,,,,,,,ALL_N1,99_N1,,,,,,
IT1:DF_DCSS_ISTR_LAV_PEN_2_TV_3(1.0),A,082023,RESPOP_AV,M,Y_GE65,TOTAL,ALL,99,ALL,ALL,2019,1013,,,,,,,,ALL_N1,99_N1,,,,,,
IT1:DF_DCSS_ISTR_LAV_PEN_2_TV_3(1.0),A,082023,RESPOP_AV,M,Y_GE65,TOTAL,ALL,99,ALL,ALL,2020,1053,,,,,,,,ALL_N1,99_N1,,,,,,
IT1:DF_DCSS_ISTR_LAV_PEN_2_TV_3(1.0),A,082023,RESPOP_AV,M,Y_GE65,TOTAL,ALL,99,ALL,ALL,2021,1062,,,,,,,,ALL_N1,99_N1,,,,,,
IT1:DF_DCSS_ISTR_LAV_PEN_2_TV_3(1.0),A,082023,RESPOP_AV,M,Y_GE65,TOTAL,ALL,99,ALL,ALL,2022,1075,,,,,,,,ALL_N1,99_N1,,,,,,
IT1:DF_DCSS_ISTR_LAV_PEN_2_TV_3(1.0),A,082023,RESPOP_AV,M,Y_GE65,TOTAL,ALL,99,ALL,ALL,2023,1080,,,,,,,,ALL_N1,99_N1,,,,,,
IT1:DF_DCSS_ISTR_LAV_PEN_2_TV_3(1.0),A,082023,RESPOP_AV,M,Y_GE65,TOTAL,ALL,99,ALL,ALL,2024,1098.0000000000002,,,,,,,,ALL_N1,99_N1,,,,,,
IT1:DF_DCSS_ISTR_LAV_PEN_2_TV_3(1.0),A,082023,RESPOP_AV,M,Y15-24,TOTAL,ALL,1,ALL,ALL,2018,88,,,,,,,,ALL_N1,,,,,,,
IT1:DF_DCSS_ISTR_LAV_PEN_2_TV_3(1.0),A,082023,RESPOP_AV,M,Y15-24,TOTAL,ALL,1,ALL,ALL,2019,91,,,,,,,,ALL_N1,,,,,,,
IT1:DF_DCSS_ISTR_LAV_PEN_2_TV_3(1.0),A,082023,RESPOP_AV,M,Y15-24,TOTAL,ALL,1,ALL,ALL,2021,105,,,,,,,,ALL_N1,,,,,,,
IT1:DF_DCSS_ISTR_LAV_PEN_2_TV_3(1.0),A,082023,RESPOP_AV,M,Y15-24,TOTAL,ALL,1,ALL,ALL,2022,108,,,,,,,,ALL_N1,,,,,,,
IT1:DF_DCSS_ISTR_LAV_PEN_2_TV_3(1.0),A,082023,RESPOP_AV,M,Y15-24,TOTAL,ALL,1,ALL,ALL,2023,126,,,,,,,,ALL_N1,,,,,,,
IT1:DF_DCSS_ISTR_LAV_PEN_2_TV_3(1.0),A,082023,RESPOP_AV,M,Y15-24,TOTAL,ALL,1,ALL,ALL,2024,126,,,,,,,,ALL_N1,,,,,,,
IT1:DF_DCSS_ISTR_LAV_PEN_2_TV_3(1.0),A,082023,RESPOP_AV,M,Y15-24,TOTAL,ALL,12,ALL,ALL,2018,98,,,,,,,,ALL_N1,,,,,,,
IT1:DF_DCSS_ISTR_LAV_PEN_2_TV_3(1.0),A,082023,RESPOP_AV,M,Y15-24,TOTAL,ALL,12,ALL,ALL,2019,101,,,,,,,,ALL_N1,,,,,,,
IT1:DF_DCSS_ISTR_LAV_PEN_2_TV_3(1.0),A,082023,RESPOP_AV,M,Y15-24,TOTAL,ALL,12,ALL,ALL,2021,69.2613708195433,,,,,,,,ALL_N1,,,,,,,
IT1:DF_DCSS_ISTR_LAV_PEN_2_TV_3(1.0),A,082023,RESPOP_AV,M,Y15-24,TOTAL,ALL,12,ALL,ALL,2022,58.185562393133,,,,,,,,ALL_N1,,,,,,,
IT1:DF_DCSS_ISTR_LAV_PEN_2_TV_3(1.0),A,082023,RESPOP_AV,M,Y15-24,TOTAL,ALL,12,ALL,ALL,2023,65.45160853548803,,,,,,,,ALL_N1,,,,,,,
IT1:DF_DCSS_ISTR_LAV_PEN_2_TV_3(1.0),A,082023,RESPOP_AV,M,Y15-24,TOTAL,ALL,12,ALL,ALL,2024,59.02905891813795,,,,,,,,ALL_N1,,,,,,,
IT1:DF_DCSS_ISTR_LAV_PEN_2_TV_3(1.0),A,082023,RESPOP_AV,M,Y15-24,TOTAL,ALL,22,ALL,ALL,2018,186,,,,,,,,ALL_N1,,,,,,,
IT1:DF_DCSS_ISTR_LAV_PEN_2_TV_3(1.0),A,082023,RESPOP_AV,M,Y15-24,TOTAL,ALL,22,ALL,ALL,2019,192,,,,,,,,ALL_N1,,,,,,,
IT1:DF_DCSS_ISTR_LAV_PEN_2_TV_3(1.0),A,082023,RESPOP_AV,M,Y15-24,TOTAL,ALL,22,ALL,ALL,2021,174.261370819543,,,,,,,,ALL_N1,,,,,,,
IT1:DF_DCSS_ISTR_LAV_PEN_2_TV_3(1.0),A,082023,RESPOP_AV,M,Y15-24,TOTAL,ALL,22,ALL,ALL,2022,166.185562393133,,,,,,,,ALL_N1,,,,,,,
IT1:DF_DCSS_ISTR_LAV_PEN_2_TV_3(1.0),A,082023,RESPOP_AV,M,Y15-24,TOTAL,ALL,22,ALL,ALL,2023,191.45160853548805,,,,,,,,ALL_N1,,,,,,,
IT1:DF_DCSS_ISTR_LAV_PEN_2_TV_3(1.0),A,082023,RESPOP_AV,M,Y15-24,TOTAL,ALL,22,ALL,ALL,2024,185.02905891813793,,,,,,,,ALL_N1,,,,,,,
IT1:DF_DCSS_ISTR_LAV_PEN_2_TV_3(1.0),A,082023,RESPOP_AV,M,Y15-24,TOTAL,ALL,23,ALL,ALL,2018,449,,,,,,,,ALL_N1,,,,,,,
IT1:DF_DCSS_ISTR_LAV_PEN_2_TV_3(1.0),A,082023,RESPOP_AV,M,Y15-24,TOTAL,ALL,23,ALL,ALL,2019,443,,,,,,,,ALL_N1,,,,,,,
IT1:DF_DCSS_ISTR_LAV_PEN_2_TV_3(1.0),A,082023,RESPOP_AV,M,Y15-24,TOTAL,ALL,23,ALL,ALL,2021,507.738629180457,,,,,,,,ALL_N1,,,,,,,
IT1:DF_DCSS_ISTR_LAV_PEN_2_TV_3(1.0),A,082023,RESPOP_AV,M,Y15-24,TOTAL,ALL,23,ALL,ALL,2022,490.814437606867,,,,,,,,ALL_N1,,,,,,,
IT1:DF_DCSS_ISTR_LAV_PEN_2_TV_3(1.0),A,082023,RESPOP_AV,M,Y15-24,TOTAL,ALL,23,ALL,ALL,2023,484.54839146451184,,,,,,,,ALL_N1,,,,,,,
IT1:DF_DCSS_ISTR_LAV_PEN_2_TV_3(1.0),A,082023,RESPOP_AV,M,Y15-24,TOTAL,ALL,23,ALL,ALL,2024,506.97094108186207,,,,,,,,ALL_N1,,,,,,,
IT1:DF_DCSS_ISTR_LAV_PEN_2_TV_3(1.0),A,082023,RESPOP_AV,M,Y15-24,TOTAL,ALL,24,ALL,ALL,2018,1,,,,,,,,ALL_N1,,,,,,,
IT1:DF_DCSS_ISTR_LAV_PEN_2_TV_3(1.0),A,082023,RESPOP_AV,M,Y15-24,TOTAL,ALL,24,ALL,ALL,2019,2,,,,,,,,ALL_N1,,,,,,,
IT1:DF_DCSS_ISTR_LAV_PEN_2_TV_3(1.0),A,082023,RESPOP_AV,M,Y15-24,TOTAL,ALL,24,ALL,ALL,2021,1.59433814090262,,,,,,,,ALL_N1,,,,,,,
IT1:DF_DCSS_ISTR_LAV_PEN_2_TV_3(1.0),A,082023,RESPOP_AV,M,Y15-24,TOTAL,ALL,24,ALL,ALL,2022,1.89447801515376,,,,,,,,ALL_N1,,,,,,,
IT1:DF_DCSS_ISTR_LAV_PEN_2_TV_3(1.0),A,082023,RESPOP_AV,M,Y15-24,TOTAL,ALL,24,ALL,ALL,2023,1.1625556397733858,,,,,,,,ALL_N1,,,,,,,
IT1:DF_DCSS_ISTR_LAV_PEN_2_TV_3(1.0),A,082023,RESPOP_AV,M,Y15-24,TOTAL,ALL,24,ALL,ALL,2024,2.595382878097341,,,,,,,,ALL_N1,,,,,,,
IT1:DF_DCSS_ISTR_LAV_PEN_2_TV_3(1.0),A,082023,RESPOP_AV,M,Y15-24,TOTAL,ALL,4,ALL,ALL,2018,5,,,,,,,,ALL_N1,,,,,,,
IT1:DF_DCSS_ISTR_LAV_PEN_2_TV_3(1.0),A,082023,RESPOP_AV,M,Y15-24,TOTAL,ALL,4,ALL,ALL,2019,6,,,,,,,,ALL_N1,,,,,,,
IT1:DF_DCSS_ISTR_LAV_PEN_2_TV_3(1.0),A,082023,RESPOP_AV,M,Y15-24,TOTAL,ALL,4,ALL,ALL,2021,10.5836229583642,,,,,,,,ALL_N1,,,,,,,
IT1:DF_DCSS_ISTR_LAV_PEN_2_TV_3(1.0),A,082023,RESPOP_AV,M,Y15-24,TOTAL,ALL,4,ALL,ALL,2022,7.7341168503462,,,,,,,,ALL_N1,,,,,,,
IT1:DF_DCSS_ISTR_LAV_PEN_2_TV_3(1.0),A,082023,RESPOP_AV,M,Y15-24,TOTAL,ALL,4,ALL,ALL,2023,9.689019282191971,,,,,,,,ALL_N1,,,,,,,
IT1:DF_DCSS_ISTR_LAV_PEN_2_TV_3(1.0),A,082023,RESPOP_AV,M,Y15-24,TOTAL,ALL,4,ALL,ALL,2024,10.027498518775628,,,,,,,,ALL_N1,,,,,,,
IT1:DF_DCSS_ISTR_LAV_PEN_2_TV_3(1.0),A,082023,RESPOP_AV,M,Y15-24,TOTAL,ALL,5,ALL,ALL,2018,336,,,,,,,,ALL_N1,,,,,,,
IT1:DF_DCSS_ISTR_LAV_PEN_2_TV_3(1.0),A,082023,RESPOP_AV,M,Y15-24,TOTAL,ALL,5,ALL,ALL,2019,357,,,,,,,,ALL_N1,,,,,,,
IT1:DF_DCSS_ISTR_LAV_PEN_2_TV_3(1.0),A,082023,RESPOP_AV,M,Y15-24,TOTAL,ALL,5,ALL,ALL,2021,402.765824247198,,,,,,,,ALL_N1,,,,,,,
IT1:DF_DCSS_ISTR_LAV_PEN_2_TV_3(1.0),A,082023,RESPOP_AV,M,Y15-24,TOTAL,ALL,5,ALL,ALL,2022,406.878011407633,,,,,,,,ALL_N1,,,,,,,
IT1:DF_DCSS_ISTR_LAV_PEN_2_TV_3(1.0),A,082023,RESPOP_AV,M,Y15-24,TOTAL,ALL,5,ALL,ALL,2023,393.61388982027233,,,,,,,,ALL_N1,,,,,,,
IT1:DF_DCSS_ISTR_LAV_PEN_2_TV_3(1.0),A,082023,RESPOP_AV,M,Y15-24,TOTAL,ALL,5,ALL,ALL,2024,406.18486132390296,,,,,,,,ALL_N1,,,,,,,
IT1:DF_DCSS_ISTR_LAV_PEN_2_TV_3(1.0),A,082023,RESPOP_AV,M,Y15-24,TOTAL,ALL,7,ALL,ALL,2018,107,,,,,,,,ALL_N1,,,,,,,
IT1:DF_DCSS_ISTR_LAV_PEN_2_TV_3(1.0),A,082023,RESPOP_AV,M,Y15-24,TOTAL,ALL,7,ALL,ALL,2019,78,,,,,,,,ALL_N1,,,,,,,
IT1:DF_DCSS_ISTR_LAV_PEN_2_TV_3(1.0),A,082023,RESPOP_AV,M,Y15-24,TOTAL,ALL,7,ALL,ALL,2021,92.7948438339918,,,,,,,,ALL_N1,,,,,,,
IT1:DF_DCSS_ISTR_LAV_PEN_2_TV_3(1.0),A,082023,RESPOP_AV,M,Y15-24,TOTAL,ALL,7,ALL,ALL,2022,74.3078313337335,,,,,,,,ALL_N1,,,,,,,
IT1:DF_DCSS_ISTR_LAV_PEN_2_TV_3(1.0),A,082023,RESPOP_AV,M,Y15-24,TOTAL,ALL,7,ALL,ALL,2023,80.08292672227415,,,,,,,,ALL_N1,,,,,,,
IT1:DF_DCSS_ISTR_LAV_PEN_2_TV_3(1.0),A,082023,RESPOP_AV,M,Y15-24,TOTAL,ALL,7,ALL,ALL,2024,88.16319836108612,,,,,,,,ALL_N1,,,,,,,
IT1:DF_DCSS_ISTR_LAV_PEN_2_TV_3(1.0),A,082023,RESPOP_AV,M,Y15-24,TOTAL,ALL,99,ALL,ALL,2018,635,,,,,,,,ALL_N1,99_N1,,,,,,
IT1:DF_DCSS_ISTR_LAV_PEN_2_TV_3(1.0),A,082023,RESPOP_AV,M,Y15-24,TOTAL,ALL,99,ALL,ALL,2019,635,,,,,,,,ALL_N1,99_N1,,,,,,
IT1:DF_DCSS_ISTR_LAV_PEN_2_TV_3(1.0),A,082023,RESPOP_AV,M,Y15-24,TOTAL,ALL,99,ALL,ALL,2021,682,,,,,,,,ALL_N1,99_N1,,,,,,
IT1:DF_DCSS_ISTR_LAV_PEN_2_TV_3(1.0),A,082023,RESPOP_AV,M,Y15-24,TOTAL,ALL,99,ALL,ALL,2022,657,,,,,,,,ALL_N1,99_N1,,,,,,
IT1:DF_DCSS_ISTR_LAV_PEN_2_TV_3(1.0),A,082023,RESPOP_AV,M,Y15-24,TOTAL,ALL,99,ALL,ALL,2023,675.9999999999999,,,,,,,,ALL_N1,99_N1,,,,,,
IT1:DF_DCSS_ISTR_LAV_PEN_2_TV_3(1.0),A,082023,RESPOP_AV,M,Y15-24,TOTAL,ALL,99,ALL,ALL,2024,692,,,,,,,,ALL_N1,99_N1,,,,,,
IT1:DF_DCSS_ISTR_LAV_PEN_2_TV_3(1.0),A,082023,RESPOP_AV,M,Y25-49,TOTAL,ALL,1,ALL,ALL,2018,1250,,,,,,,,ALL_N1,,,,,,,
IT1:DF_DCSS_ISTR_LAV_PEN_2_TV_3(1.0),A,082023,RESPOP_AV,M,Y25-49,TOTAL,ALL,1,ALL,ALL,2019,1209,,,,,,,,ALL_N1,,,,,,,
IT1:DF_DCSS_ISTR_LAV_PEN_2_TV_3(1.0),A,082023,RESPOP_AV,M,Y25-49,TOTAL,ALL,1,ALL,ALL,2021,1263,,,,,,,,ALL_N1,,,,,,,
IT1:DF_DCSS_ISTR_LAV_PEN_2_TV_3(1.0),A,082023,RESPOP_AV,M,Y25-49,TOTAL,ALL,1,ALL,ALL,2022,1294,,,,,,,,ALL_N1,,,,,,,
IT1:DF_DCSS_ISTR_LAV_PEN_2_TV_3(1.0),A,082023,RESPOP_AV,M,Y25-49,TOTAL,ALL,1,ALL,ALL,2023,1303,,,,,,,,ALL_N1,,,,,,,
IT1:DF_DCSS_ISTR_LAV_PEN_2_TV_3(1.0),A,082023,RESPOP_AV,M,Y25-49,TOTAL,ALL,1,ALL,ALL,2024,1351,,,,,,,,ALL_N1,,,,,,,
IT1:DF_DCSS_ISTR_LAV_PEN_2_TV_3(1.0),A,082023,RESPOP_AV,M,Y25-49,TOTAL,ALL,12,ALL,ALL,2018,382,,,,,,,,ALL_N1,,,,,,,
IT1:DF_DCSS_ISTR_LAV_PEN_2_TV_3(1.0),A,082023,RESPOP_AV,M,Y25-49,TOTAL,ALL,12,ALL,ALL,2019,378,,,,,,,,ALL_N1,,,,,,,
IT1:DF_DCSS_ISTR_LAV_PEN_2_TV_3(1.0),A,082023,RESPOP_AV,M,Y25-49,TOTAL,ALL,12,ALL,ALL,2021,207.129956805981,,,,,,,,ALL_N1,,,,,,,
IT1:DF_DCSS_ISTR_LAV_PEN_2_TV_3(1.0),A,082023,RESPOP_AV,M,Y25-49,TOTAL,ALL,12,ALL,ALL,2022,186.099518122717,,,,,,,,ALL_N1,,,,,,,
IT1:DF_DCSS_ISTR_LAV_PEN_2_TV_3(1.0),A,082023,RESPOP_AV,M,Y25-49,TOTAL,ALL,12,ALL,ALL,2023,176.9082130547035,,,,,,,,ALL_N1,,,,,,,
IT1:DF_DCSS_ISTR_LAV_PEN_2_TV_3(1.0),A,082023,RESPOP_AV,M,Y25-49,TOTAL,ALL,12,ALL,ALL,2024,144.68593309897219,,,,,,,,ALL_N1,,,,,,,
IT1:DF_DCSS_ISTR_LAV_PEN_2_TV_3(1.0),A,082023,RESPOP_AV,M,Y25-49,TOTAL,ALL,22,ALL,ALL,2018,1632,,,,,,,,ALL_N1,,,,,,,
IT1:DF_DCSS_ISTR_LAV_PEN_2_TV_3(1.0),A,082023,RESPOP_AV,M,Y25-49,TOTAL,ALL,22,ALL,ALL,2019,1587,,,,,,,,ALL_N1,,,,,,,
IT1:DF_DCSS_ISTR_LAV_PEN_2_TV_3(1.0),A,082023,RESPOP_AV,M,Y25-49,TOTAL,ALL,22,ALL,ALL,2021,1470.12995680598,,,,,,,,ALL_N1,,,,,,,
IT1:DF_DCSS_ISTR_LAV_PEN_2_TV_3(1.0),A,082023,RESPOP_AV,M,Y25-49,TOTAL,ALL,22,ALL,ALL,2022,1480.09951812272,,,,,,,,ALL_N1,,,,,,,
IT1:DF_DCSS_ISTR_LAV_PEN_2_TV_3(1.0),A,082023,RESPOP_AV,M,Y25-49,TOTAL,ALL,22,ALL,ALL,2023,1479.9082130547035,,,,,,,,ALL_N1,,,,,,,
IT1:DF_DCSS_ISTR_LAV_PEN_2_TV_3(1.0),A,082023,RESPOP_AV,M,Y25-49,TOTAL,ALL,22,ALL,ALL,2024,1495.685933098972,,,,,,,,ALL_N1,,,,,,,
IT1:DF_DCSS_ISTR_LAV_PEN_2_TV_3(1.0),A,082023,RESPOP_AV,M,Y25-49,TOTAL,ALL,23,ALL,ALL,2018,339,,,,,,,,ALL_N1,,,,,,,
IT1:DF_DCSS_ISTR_LAV_PEN_2_TV_3(1.0),A,082023,RESPOP_AV,M,Y25-49,TOTAL,ALL,23,ALL,ALL,2019,343,,,,,,,,ALL_N1,,,,,,,
IT1:DF_DCSS_ISTR_LAV_PEN_2_TV_3(1.0),A,082023,RESPOP_AV,M,Y25-49,TOTAL,ALL,23,ALL,ALL,2021,382.870043194019,,,,,,,,ALL_N1,,,,,,,
IT1:DF_DCSS_ISTR_LAV_PEN_2_TV_3(1.0),A,082023,RESPOP_AV,M,Y25-49,TOTAL,ALL,23,ALL,ALL,2022,354.900481877283,,,,,,,,ALL_N1,,,,,,,
IT1:DF_DCSS_ISTR_LAV_PEN_2_TV_3(1.0),A,082023,RESPOP_AV,M,Y25-49,TOTAL,ALL,23,ALL,ALL,2023,339.0917869452965,,,,,,,,ALL_N1,,,,,,,
IT1:DF_DCSS_ISTR_LAV_PEN_2_TV_3(1.0),A,082023,RESPOP_AV,M,Y25-49,TOTAL,ALL,23,ALL,ALL,2024,316.3140669010279,,,,,,,,ALL_N1,,,,,,,
IT1:DF_DCSS_ISTR_LAV_PEN_2_TV_3(1.0),A,082023,RESPOP_AV,M,Y25-49,TOTAL,ALL,24,ALL,ALL,2018,24,,,,,,,,ALL_N1,,,,,,,
IT1:DF_DCSS_ISTR_LAV_PEN_2_TV_3(1.0),A,082023,RESPOP_AV,M,Y25-49,TOTAL,ALL,24,ALL,ALL,2019,33,,,,,,,,ALL_N1,,,,,,,
IT1:DF_DCSS_ISTR_LAV_PEN_2_TV_3(1.0),A,082023,RESPOP_AV,M,Y25-49,TOTAL,ALL,24,ALL,ALL,2021,30.7661522789149,,,,,,,,ALL_N1,,,,,,,
IT1:DF_DCSS_ISTR_LAV_PEN_2_TV_3(1.0),A,082023,RESPOP_AV,M,Y25-49,TOTAL,ALL,24,ALL,ALL,2022,28.7134879166986,,,,,,,,ALL_N1,,,,,,,
IT1:DF_DCSS_ISTR_LAV_PEN_2_TV_3(1.0),A,082023,RESPOP_AV,M,Y25-49,TOTAL,ALL,24,ALL,ALL,2023,23.402705428754913,,,,,,,,ALL_N1,,,,,,,
IT1:DF_DCSS_ISTR_LAV_PEN_2_TV_3(1.0),A,082023,RESPOP_AV,M,Y25-49,TOTAL,ALL,24,ALL,ALL,2024,27.528304042023933,,,,,,,,ALL_N1,,,,,,,
IT1:DF_DCSS_ISTR_LAV_PEN_2_TV_3(1.0),A,082023,RESPOP_AV,M,Y25-49,TOTAL,ALL,4,ALL,ALL,2018,38,,,,,,,,ALL_N1,,,,,,,
IT1:DF_DCSS_ISTR_LAV_PEN_2_TV_3(1.0),A,082023,RESPOP_AV,M,Y25-49,TOTAL,ALL,4,ALL,ALL,2019,39,,,,,,,,ALL_N1,,,,,,,
IT1:DF_DCSS_ISTR_LAV_PEN_2_TV_3(1.0),A,082023,RESPOP_AV,M,Y25-49,TOTAL,ALL,4,ALL,ALL,2021,72.5531030833857,,,,,,,,ALL_N1,,,,,,,
IT1:DF_DCSS_ISTR_LAV_PEN_2_TV_3(1.0),A,082023,RESPOP_AV,M,Y25-49,TOTAL,ALL,4,ALL,ALL,2022,63.0003611450421,,,,,,,,ALL_N1,,,,,,,
IT1:DF_DCSS_ISTR_LAV_PEN_2_TV_3(1.0),A,082023,RESPOP_AV,M,Y25-49,TOTAL,ALL,4,ALL,ALL,2023,64.04672110927555,,,,,,,,ALL_N1,,,,,,,
IT1:DF_DCSS_ISTR_LAV_PEN_2_TV_3(1.0),A,082023,RESPOP_AV,M,Y25-49,TOTAL,ALL,4,ALL,ALL,2024,53.37697527087658,,,,,,,,ALL_N1,,,,,,,
IT1:DF_DCSS_ISTR_LAV_PEN_2_TV_3(1.0),A,082023,RESPOP_AV,M,Y25-49,TOTAL,ALL,5,ALL,ALL,2018,30,,,,,,,,ALL_N1,,,,,,,
IT1:DF_DCSS_ISTR_LAV_PEN_2_TV_3(1.0),A,082023,RESPOP_AV,M,Y25-49,TOTAL,ALL,5,ALL,ALL,2019,35,,,,,,,,ALL_N1,,,,,,,
IT1:DF_DCSS_ISTR_LAV_PEN_2_TV_3(1.0),A,082023,RESPOP_AV,M,Y25-49,TOTAL,ALL,5,ALL,ALL,2021,32.7225387602623,,,,,,,,ALL_N1,,,,,,,
IT1:DF_DCSS_ISTR_LAV_PEN_2_TV_3(1.0),A,082023,RESPOP_AV,M,Y25-49,TOTAL,ALL,5,ALL,ALL,2022,42.1063423480815,,,,,,,,ALL_N1,,,,,,,
IT1:DF_DCSS_ISTR_LAV_PEN_2_TV_3(1.0),A,082023,RESPOP_AV,M,Y25-49,TOTAL,ALL,5,ALL,ALL,2023,29.682229471563087,,,,,,,,ALL_N1,,,,,,,
IT1:DF_DCSS_ISTR_LAV_PEN_2_TV_3(1.0),A,082023,RESPOP_AV,M,Y25-49,TOTAL,ALL,5,ALL,ALL,2024,34.584728049019,,,,,,,,ALL_N1,,,,,,,
IT1:DF_DCSS_ISTR_LAV_PEN_2_TV_3(1.0),A,082023,RESPOP_AV,M,Y25-49,TOTAL,ALL,7,ALL,ALL,2018,247,,,,,,,,ALL_N1,,,,,,,
IT1:DF_DCSS_ISTR_LAV_PEN_2_TV_3(1.0),A,082023,RESPOP_AV,M,Y25-49,TOTAL,ALL,7,ALL,ALL,2019,236,,,,,,,,ALL_N1,,,,,,,
IT1:DF_DCSS_ISTR_LAV_PEN_2_TV_3(1.0),A,082023,RESPOP_AV,M,Y25-49,TOTAL,ALL,7,ALL,ALL,2021,246.828249071456,,,,,,,,ALL_N1,,,,,,,
IT1:DF_DCSS_ISTR_LAV_PEN_2_TV_3(1.0),A,082023,RESPOP_AV,M,Y25-49,TOTAL,ALL,7,ALL,ALL,2022,221.080290467461,,,,,,,,ALL_N1,,,,,,,
IT1:DF_DCSS_ISTR_LAV_PEN_2_TV_3(1.0),A,082023,RESPOP_AV,M,Y25-49,TOTAL,ALL,7,ALL,ALL,2023,221.96013093570298,,,,,,,,ALL_N1,,,,,,,
IT1:DF_DCSS_ISTR_LAV_PEN_2_TV_3(1.0),A,082023,RESPOP_AV,M,Y25-49,TOTAL,ALL,7,ALL,ALL,2024,200.8240595391084,,,,,,,,ALL_N1,,,,,,,
IT1:DF_DCSS_ISTR_LAV_PEN_2_TV_3(1.0),A,082023,RESPOP_AV,M,Y25-49,TOTAL,ALL,99,ALL,ALL,2018,1971,,,,,,,,ALL_N1,99_N1,,,,,,
IT1:DF_DCSS_ISTR_LAV_PEN_2_TV_3(1.0),A,082023,RESPOP_AV,M,Y25-49,TOTAL,ALL,99,ALL,ALL,2019,1930,,,,,,,,ALL_N1,99_N1,,,,,,
IT1:DF_DCSS_ISTR_LAV_PEN_2_TV_3(1.0),A,082023,RESPOP_AV,M,Y25-49,TOTAL,ALL,99,ALL,ALL,2020,1877,,,,,,,,ALL_N1,99_N1,,,,,,
IT1:DF_DCSS_ISTR_LAV_PEN_2_TV_3(1.0),A,082023,RESPOP_AV,M,Y25-49,TOTAL,ALL,99,ALL,ALL,2021,1853,,,,,,,,ALL_N1,99_N1,,,,,,
IT1:DF_DCSS_ISTR_LAV_PEN_2_TV_3(1.0),A,082023,RESPOP_AV,M,Y25-49,TOTAL,ALL,99,ALL,ALL,2022,1835,,,,,,,,ALL_N1,99_N1,,,,,,
IT1:DF_DCSS_ISTR_LAV_PEN_2_TV_3(1.0),A,082023,RESPOP_AV,M,Y25-49,TOTAL,ALL,99,ALL,ALL,2023,1819,,,,,,,,ALL_N1,99_N1,,,,,,
IT1:DF_DCSS_ISTR_LAV_PEN_2_TV_3(1.0),A,082023,RESPOP_AV,M,Y25-49,TOTAL,ALL,99,ALL,ALL,2024,1812,,,,,,,,ALL_N1,99_N1,,,,,,
IT1:DF_DCSS_ISTR_LAV_PEN_2_TV_3(1.0),A,082023,RESPOP_AV,M,Y50-64,TOTAL,ALL,1,ALL,ALL,2018,630,,,,,,,,ALL_N1,,,,,,,
IT1:DF_DCSS_ISTR_LAV_PEN_2_TV_3(1.0),A,082023,RESPOP_AV,M,Y50-64,TOTAL,ALL,1,ALL,ALL,2019,690,,,,,,,,ALL_N1,,,,,,,
IT1:DF_DCSS_ISTR_LAV_PEN_2_TV_3(1.0),A,082023,RESPOP_AV,M,Y50-64,TOTAL,ALL,1,ALL,ALL,2021,779,,,,,,,,ALL_N1,,,,,,,
IT1:DF_DCSS_ISTR_LAV_PEN_2_TV_3(1.0),A,082023,RESPOP_AV,M,Y50-64,TOTAL,ALL,1,ALL,ALL,2022,789,,,,,,,,ALL_N1,,,,,,,
IT1:DF_DCSS_ISTR_LAV_PEN_2_TV_3(1.0),A,082023,RESPOP_AV,M,Y50-64,TOTAL,ALL,1,ALL,ALL,2023,853,,,,,,,,ALL_N1,,,,,,,
IT1:DF_DCSS_ISTR_LAV_PEN_2_TV_3(1.0),A,082023,RESPOP_AV,M,Y50-64,TOTAL,ALL,1,ALL,ALL,2024,909,,,,,,,,ALL_N1,,,,,,,
IT1:DF_DCSS_ISTR_LAV_PEN_2_TV_3(1.0),A,082023,RESPOP_AV,M,Y50-64,TOTAL,ALL,12,ALL,ALL,2018,155,,,,,,,,ALL_N1,,,,,,,
IT1:DF_DCSS_ISTR_LAV_PEN_2_TV_3(1.0),A,082023,RESPOP_AV,M,Y50-64,TOTAL,ALL,12,ALL,ALL,2019,152,,,,,,,,ALL_N1,,,,,,,
IT1:DF_DCSS_ISTR_LAV_PEN_2_TV_3(1.0),A,082023,RESPOP_AV,M,Y50-64,TOTAL,ALL,12,ALL,ALL,2021,93.9094360253596,,,,,,,,ALL_N1,,,,,,,
IT1:DF_DCSS_ISTR_LAV_PEN_2_TV_3(1.0),A,082023,RESPOP_AV,M,Y50-64,TOTAL,ALL,12,ALL,ALL,2022,96.5104838954053,,,,,,,,ALL_N1,,,,,,,
IT1:DF_DCSS_ISTR_LAV_PEN_2_TV_3(1.0),A,082023,RESPOP_AV,M,Y50-64,TOTAL,ALL,12,ALL,ALL,2023,89.62857051358876,,,,,,,,ALL_N1,,,,,,,
IT1:DF_DCSS_ISTR_LAV_PEN_2_TV_3(1.0),A,082023,RESPOP_AV,M,Y50-64,TOTAL,ALL,12,ALL,ALL,2024,80.9587537623643,,,,,,,,ALL_N1,,,,,,,
IT1:DF_DCSS_ISTR_LAV_PEN_2_TV_3(1.0),A,082023,RESPOP_AV,M,Y50-64,TOTAL,ALL,22,ALL,ALL,2018,785,,,,,,,,ALL_N1,,,,,,,
IT1:DF_DCSS_ISTR_LAV_PEN_2_TV_3(1.0),A,082023,RESPOP_AV,M,Y50-64,TOTAL,ALL,22,ALL,ALL,2019,842,,,,,,,,ALL_N1,,,,,,,
IT1:DF_DCSS_ISTR_LAV_PEN_2_TV_3(1.0),A,082023,RESPOP_AV,M,Y50-64,TOTAL,ALL,22,ALL,ALL,2021,872.90943602536,,,,,,,,ALL_N1,,,,,,,
IT1:DF_DCSS_ISTR_LAV_PEN_2_TV_3(1.0),A,082023,RESPOP_AV,M,Y50-64,TOTAL,ALL,22,ALL,ALL,2022,885.510483895405,,,,,,,,ALL_N1,,,,,,,
IT1:DF_DCSS_ISTR_LAV_PEN_2_TV_3(1.0),A,082023,RESPOP_AV,M,Y50-64,TOTAL,ALL,22,ALL,ALL,2023,942.6285705135888,,,,,,,,ALL_N1,,,,,,,
IT1:DF_DCSS_ISTR_LAV_PEN_2_TV_3(1.0),A,082023,RESPOP_AV,M,Y50-64,TOTAL,ALL,22,ALL,ALL,2024,989.9587537623643,,,,,,,,ALL_N1,,,,,,,
IT1:DF_DCSS_ISTR_LAV_PEN_2_TV_3(1.0),A,082023,RESPOP_AV,M,Y50-64,TOTAL,ALL,23,ALL,ALL,2018,275,,,,,,,,ALL_N1,,,,,,,
IT1:DF_DCSS_ISTR_LAV_PEN_2_TV_3(1.0),A,082023,RESPOP_AV,M,Y50-64,TOTAL,ALL,23,ALL,ALL,2019,279,,,,,,,,ALL_N1,,,,,,,
IT1:DF_DCSS_ISTR_LAV_PEN_2_TV_3(1.0),A,082023,RESPOP_AV,M,Y50-64,TOTAL,ALL,23,ALL,ALL,2021,333.09056397464,,,,,,,,ALL_N1,,,,,,,
IT1:DF_DCSS_ISTR_LAV_PEN_2_TV_3(1.0),A,082023,RESPOP_AV,M,Y50-64,TOTAL,ALL,23,ALL,ALL,2022,341.489516104595,,,,,,,,ALL_N1,,,,,,,
IT1:DF_DCSS_ISTR_LAV_PEN_2_TV_3(1.0),A,082023,RESPOP_AV,M,Y50-64,TOTAL,ALL,23,ALL,ALL,2023,313.37142948641133,,,,,,,,ALL_N1,,,,,,,
IT1:DF_DCSS_ISTR_LAV_PEN_2_TV_3(1.0),A,082023,RESPOP_AV,M,Y50-64,TOTAL,ALL,23,ALL,ALL,2024,311.04124623763573,,,,,,,,ALL_N1,,,,,,,
IT1:DF_DCSS_ISTR_LAV_PEN_2_TV_3(1.0),A,082023,RESPOP_AV,M,Y50-64,TOTAL,ALL,24,ALL,ALL,2018,96,,,,,,,,ALL_N1,,,,,,,
IT1:DF_DCSS_ISTR_LAV_PEN_2_TV_3(1.0),A,082023,RESPOP_AV,M,Y50-64,TOTAL,ALL,24,ALL,ALL,2019,107,,,,,,,,ALL_N1,,,,,,,
IT1:DF_DCSS_ISTR_LAV_PEN_2_TV_3(1.0),A,082023,RESPOP_AV,M,Y50-64,TOTAL,ALL,24,ALL,ALL,2021,103.976972402364,,,,,,,,ALL_N1,,,,,,,
IT1:DF_DCSS_ISTR_LAV_PEN_2_TV_3(1.0),A,082023,RESPOP_AV,M,Y50-64,TOTAL,ALL,24,ALL,ALL,2022,89.91562743957,,,,,,,,ALL_N1,,,,,,,
IT1:DF_DCSS_ISTR_LAV_PEN_2_TV_3(1.0),A,082023,RESPOP_AV,M,Y50-64,TOTAL,ALL,24,ALL,ALL,2023,72.63777985256505,,,,,,,,ALL_N1,,,,,,,
IT1:DF_DCSS_ISTR_LAV_PEN_2_TV_3(1.0),A,082023,RESPOP_AV,M,Y50-64,TOTAL,ALL,24,ALL,ALL,2024,77.8113839322403,,,,,,,,ALL_N1,,,,,,,
IT1:DF_DCSS_ISTR_LAV_PEN_2_TV_3(1.0),A,082023,RESPOP_AV,M,Y50-64,TOTAL,ALL,4,ALL,ALL,2018,31,,,,,,,,ALL_N1,,,,,,,
IT1:DF_DCSS_ISTR_LAV_PEN_2_TV_3(1.0),A,082023,RESPOP_AV,M,Y50-64,TOTAL,ALL,4,ALL,ALL,2019,33,,,,,,,,ALL_N1,,,,,,,
IT1:DF_DCSS_ISTR_LAV_PEN_2_TV_3(1.0),A,082023,RESPOP_AV,M,Y50-64,TOTAL,ALL,4,ALL,ALL,2021,64.6959115236073,,,,,,,,ALL_N1,,,,,,,
IT1:DF_DCSS_ISTR_LAV_PEN_2_TV_3(1.0),A,082023,RESPOP_AV,M,Y50-64,TOTAL,ALL,4,ALL,ALL,2022,69.6387116341873,,,,,,,,ALL_N1,,,,,,,
IT1:DF_DCSS_ISTR_LAV_PEN_2_TV_3(1.0),A,082023,RESPOP_AV,M,Y50-64,TOTAL,ALL,4,ALL,ALL,2023,63.81651999066671,,,,,,,,ALL_N1,,,,,,,
IT1:DF_DCSS_ISTR_LAV_PEN_2_TV_3(1.0),A,082023,RESPOP_AV,M,Y50-64,TOTAL,ALL,4,ALL,ALL,2024,62.24284846021652,,,,,,,,ALL_N1,,,,,,,
IT1:DF_DCSS_ISTR_LAV_PEN_2_TV_3(1.0),A,082023,RESPOP_AV,M,Y50-64,TOTAL,ALL,5,ALL,ALL,2018,0,JTEST,,,,,,,ALL_N1,,,,,,,
IT1:DF_DCSS_ISTR_LAV_PEN_2_TV_3(1.0),A,082023,RESPOP_AV,M,Y50-64,TOTAL,ALL,5,ALL,ALL,2019,0,JTEST,,,,,,,ALL_N1,,,,,,,
IT1:DF_DCSS_ISTR_LAV_PEN_2_TV_3(1.0),A,082023,RESPOP_AV,M,Y50-64,TOTAL,ALL,5,ALL,ALL,2021,0.629564703345504,,,,,,,,ALL_N1,,,,,,,
IT1:DF_DCSS_ISTR_LAV_PEN_2_TV_3(1.0),A,082023,RESPOP_AV,M,Y50-64,TOTAL,ALL,5,ALL,ALL,2022,1.14148002179303,,,,,,,,ALL_N1,,,,,,,
IT1:DF_DCSS_ISTR_LAV_PEN_2_TV_3(1.0),A,082023,RESPOP_AV,M,Y50-64,TOTAL,ALL,5,ALL,ALL,2023,0.930031842473249,,,,,,,,ALL_N1,,,,,,,
IT1:DF_DCSS_ISTR_LAV_PEN_2_TV_3(1.0),A,082023,RESPOP_AV,M,Y50-64,TOTAL,ALL,5,ALL,ALL,2024,1.45783425227195,,,,,,,,ALL_N1,,,,,,,
IT1:DF_DCSS_ISTR_LAV_PEN_2_TV_3(1.0),A,082023,RESPOP_AV,M,Y50-64,TOTAL,ALL,7,ALL,ALL,2018,148,,,,,,,,ALL_N1,,,,,,,
IT1:DF_DCSS_ISTR_LAV_PEN_2_TV_3(1.0),A,082023,RESPOP_AV,M,Y50-64,TOTAL,ALL,7,ALL,ALL,2019,139,,,,,,,,ALL_N1,,,,,,,
IT1:DF_DCSS_ISTR_LAV_PEN_2_TV_3(1.0),A,082023,RESPOP_AV,M,Y50-64,TOTAL,ALL,7,ALL,ALL,2021,163.788115345324,,,,,,,,ALL_N1,,,,,,,
IT1:DF_DCSS_ISTR_LAV_PEN_2_TV_3(1.0),A,082023,RESPOP_AV,M,Y50-64,TOTAL,ALL,7,ALL,ALL,2022,180.793697009044,,,,,,,,ALL_N1,,,,,,,
IT1:DF_DCSS_ISTR_LAV_PEN_2_TV_3(1.0),A,082023,RESPOP_AV,M,Y50-64,TOTAL,ALL,7,ALL,ALL,2023,175.9870978007063,,,,,,,,ALL_N1,,,,,,,
IT1:DF_DCSS_ISTR_LAV_PEN_2_TV_3(1.0),A,082023,RESPOP_AV,M,Y50-64,TOTAL,ALL,7,ALL,ALL,2024,169.52917959290696,,,,,,,,ALL_N1,,,,,,,
IT1:DF_DCSS_ISTR_LAV_PEN_2_TV_3(1.0),A,082023,RESPOP_AV,M,Y50-64,TOTAL,ALL,99,ALL,ALL,2018,1060,,,,,,,,ALL_N1,99_N1,,,,,,
IT1:DF_DCSS_ISTR_LAV_PEN_2_TV_3(1.0),A,082023,RESPOP_AV,M,Y50-64,TOTAL,ALL,99,ALL,ALL,2019,1121,,,,,,,,ALL_N1,99_N1,,,,,,
IT1:DF_DCSS_ISTR_LAV_PEN_2_TV_3(1.0),A,082023,RESPOP_AV,M,Y50-64,TOTAL,ALL,99,ALL,ALL,2020,1154,,,,,,,,ALL_N1,99_N1,,,,,,
IT1:DF_DCSS_ISTR_LAV_PEN_2_TV_3(1.0),A,082023,RESPOP_AV,M,Y50-64,TOTAL,ALL,99,ALL,ALL,2021,1206,,,,,,,,ALL_N1,99_N1,,,,,,
IT1:DF_DCSS_ISTR_LAV_PEN_2_TV_3(1.0),A,082023,RESPOP_AV,M,Y50-64,TOTAL,ALL,99,ALL,ALL,2022,1227,,,,,,,,ALL_N1,99_N1,,,,,,
IT1:DF_DCSS_ISTR_LAV_PEN_2_TV_3(1.0),A,082023,RESPOP_AV,M,Y50-64,TOTAL,ALL,99,ALL,ALL,2023,1256,,,,,,,,ALL_N1,99_N1,,,,,,
IT1:DF_DCSS_ISTR_LAV_PEN_2_TV_3(1.0),A,082023,RESPOP_AV,M,Y50-64,TOTAL,ALL,99,ALL,ALL,2024,1301,,,,,,,,ALL_N1,99_N1,,,,,,
IT1:DF_DCSS_ISTR_LAV_PEN_2_TV_3(1.0),A,082023,RESPOP_AV,T,Y_GE15,TOTAL,ALL,1,ALL,ALL,2018,3065,,,,,,,,ALL_N1,,,,,,,
IT1:DF_DCSS_ISTR_LAV_PEN_2_TV_3(1.0),A,082023,RESPOP_AV,T,Y_GE15,TOTAL,ALL,1,ALL,ALL,2019,3074,,,,,,,,ALL_N1,,,,,,,
IT1:DF_DCSS_ISTR_LAV_PEN_2_TV_3(1.0),A,082023,RESPOP_AV,T,Y_GE15,TOTAL,ALL,1,ALL,ALL,2021,3368,,,,,,,,ALL_N1,,,,,,,
IT1:DF_DCSS_ISTR_LAV_PEN_2_TV_3(1.0),A,082023,RESPOP_AV,T,Y_GE15,TOTAL,ALL,1,ALL,ALL,2022,3479,,,,,,,,ALL_N1,,,,,,,
IT1:DF_DCSS_ISTR_LAV_PEN_2_TV_3(1.0),A,082023,RESPOP_AV,T,Y_GE15,TOTAL,ALL,1,ALL,ALL,2023,3608,,,,,,,,ALL_N1,,,,,,,
IT1:DF_DCSS_ISTR_LAV_PEN_2_TV_3(1.0),A,082023,RESPOP_AV,T,Y_GE15,TOTAL,ALL,1,ALL,ALL,2024,3819,,,,,,,,ALL_N1,,,,,,,
IT1:DF_DCSS_ISTR_LAV_PEN_2_TV_3(1.0),A,082023,RESPOP_AV,T,Y_GE15,TOTAL,ALL,12,ALL,ALL,2018,1159,,,,,,,,ALL_N1,,,,,,,
IT1:DF_DCSS_ISTR_LAV_PEN_2_TV_3(1.0),A,082023,RESPOP_AV,T,Y_GE15,TOTAL,ALL,12,ALL,ALL,2019,1147,,,,,,,,ALL_N1,,,,,,,
IT1:DF_DCSS_ISTR_LAV_PEN_2_TV_3(1.0),A,082023,RESPOP_AV,T,Y_GE15,TOTAL,ALL,12,ALL,ALL,2021,642.43106585041,,,,,,,,ALL_N1,,,,,,,
IT1:DF_DCSS_ISTR_LAV_PEN_2_TV_3(1.0),A,082023,RESPOP_AV,T,Y_GE15,TOTAL,ALL,12,ALL,ALL,2022,604.057757046916,,,,,,,,ALL_N1,,,,,,,
IT1:DF_DCSS_ISTR_LAV_PEN_2_TV_3(1.0),A,082023,RESPOP_AV,T,Y_GE15,TOTAL,ALL,12,ALL,ALL,2023,626.491590979969,,,,,,,,ALL_N1,,,,,,,
IT1:DF_DCSS_ISTR_LAV_PEN_2_TV_3(1.0),A,082023,RESPOP_AV,T,Y_GE15,TOTAL,ALL,12,ALL,ALL,2024,519.9163240113941,,,,,,,,ALL_N1,,,,,,,
IT1:DF_DCSS_ISTR_LAV_PEN_2_TV_3(1.0),A,082023,RESPOP_AV,T,Y_GE15,TOTAL,ALL,22,ALL,ALL,2018,4224,,,,,,,,ALL_N1,,,,,,,
IT1:DF_DCSS_ISTR_LAV_PEN_2_TV_3(1.0),A,082023,RESPOP_AV,T,Y_GE15,TOTAL,ALL,22,ALL,ALL,2019,4221,,,,,,,,ALL_N1,,,,,,,
IT1:DF_DCSS_ISTR_LAV_PEN_2_TV_3(1.0),A,082023,RESPOP_AV,T,Y_GE15,TOTAL,ALL,22,ALL,ALL,2021,4010.43106585041,,,,,,,,ALL_N1,,,,,,,
IT1:DF_DCSS_ISTR_LAV_PEN_2_TV_3(1.0),A,082023,RESPOP_AV,T,Y_GE15,TOTAL,ALL,22,ALL,ALL,2022,4083.05775704692,,,,,,,,ALL_N1,,,,,,,
IT1:DF_DCSS_ISTR_LAV_PEN_2_TV_3(1.0),A,082023,RESPOP_AV,T,Y_GE15,TOTAL,ALL,22,ALL,ALL,2023,4234.491590979969,,,,,,,,ALL_N1,,,,,,,
IT1:DF_DCSS_ISTR_LAV_PEN_2_TV_3(1.0),A,082023,RESPOP_AV,T,Y_GE15,TOTAL,ALL,22,ALL,ALL,2024,4338.916324011394,,,,,,,,ALL_N1,,,,,,,
IT1:DF_DCSS_ISTR_LAV_PEN_2_TV_3(1.0),A,082023,RESPOP_AV,T,Y_GE15,TOTAL,ALL,23,ALL,ALL,2018,5328,,,,,,,,ALL_N1,,,,,,,
IT1:DF_DCSS_ISTR_LAV_PEN_2_TV_3(1.0),A,082023,RESPOP_AV,T,Y_GE15,TOTAL,ALL,23,ALL,ALL,2019,5398,,,,,,,,ALL_N1,,,,,,,
IT1:DF_DCSS_ISTR_LAV_PEN_2_TV_3(1.0),A,082023,RESPOP_AV,T,Y_GE15,TOTAL,ALL,23,ALL,ALL,2021,5772.56893414959,,,,,,,,ALL_N1,,,,,,,
IT1:DF_DCSS_ISTR_LAV_PEN_2_TV_3(1.0),A,082023,RESPOP_AV,T,Y_GE15,TOTAL,ALL,23,ALL,ALL,2022,5743.94224295308,,,,,,,,ALL_N1,,,,,,,
IT1:DF_DCSS_ISTR_LAV_PEN_2_TV_3(1.0),A,082023,RESPOP_AV,T,Y_GE15,TOTAL,ALL,23,ALL,ALL,2023,5646.508409020031,,,,,,,,ALL_N1,,,,,,,
IT1:DF_DCSS_ISTR_LAV_PEN_2_TV_3(1.0),A,082023,RESPOP_AV,T,Y_GE15,TOTAL,ALL,23,ALL,ALL,2024,5670.083675988606,,,,,,,,ALL_N1,,,,,,,
IT1:DF_DCSS_ISTR_LAV_PEN_2_TV_3(1.0),A,082023,RESPOP_AV,T,Y_GE15,TOTAL,ALL,24,ALL,ALL,2018,1520,,,,,,,,ALL_N1,,,,,,,
IT1:DF_DCSS_ISTR_LAV_PEN_2_TV_3(1.0),A,082023,RESPOP_AV,T,Y_GE15,TOTAL,ALL,24,ALL,ALL,2019,1571,,,,,,,,ALL_N1,,,,,,,
IT1:DF_DCSS_ISTR_LAV_PEN_2_TV_3(1.0),A,082023,RESPOP_AV,T,Y_GE15,TOTAL,ALL,24,ALL,ALL,2021,1666.83417624557,,,,,,,,ALL_N1,,,,,,,
IT1:DF_DCSS_ISTR_LAV_PEN_2_TV_3(1.0),A,082023,RESPOP_AV,T,Y_GE15,TOTAL,ALL,24,ALL,ALL,2022,1591.56516520518,,,,,,,,ALL_N1,,,,,,,
IT1:DF_DCSS_ISTR_LAV_PEN_2_TV_3(1.0),A,082023,RESPOP_AV,T,Y_GE15,TOTAL,ALL,24,ALL,ALL,2023,1482.241269836336,,,,,,,,ALL_N1,,,,,,,
IT1:DF_DCSS_ISTR_LAV_PEN_2_TV_3(1.0),A,082023,RESPOP_AV,T,Y_GE15,TOTAL,ALL,24,ALL,ALL,2024,1603.3318294398625,,,,,,,,ALL_N1,,,,,,,
IT1:DF_DCSS_ISTR_LAV_PEN_2_TV_3(1.0),A,082023,RESPOP_AV,T,Y_GE15,TOTAL,ALL,4,ALL,ALL,2018,1979,,,,,,,,ALL_N1,,,,,,,
IT1:DF_DCSS_ISTR_LAV_PEN_2_TV_3(1.0),A,082023,RESPOP_AV,T,Y_GE15,TOTAL,ALL,4,ALL,ALL,2019,2050,,,,,,,,ALL_N1,,,,,,,
IT1:DF_DCSS_ISTR_LAV_PEN_2_TV_3(1.0),A,082023,RESPOP_AV,T,Y_GE15,TOTAL,ALL,4,ALL,ALL,2021,2229.04283184079,,,,,,,,ALL_N1,,,,,,,
IT1:DF_DCSS_ISTR_LAV_PEN_2_TV_3(1.0),A,082023,RESPOP_AV,T,Y_GE15,TOTAL,ALL,4,ALL,ALL,2022,2189.27556621295,,,,,,,,ALL_N1,,,,,,,
IT1:DF_DCSS_ISTR_LAV_PEN_2_TV_3(1.0),A,082023,RESPOP_AV,T,Y_GE15,TOTAL,ALL,4,ALL,ALL,2023,2126.5885282919094,,,,,,,,ALL_N1,,,,,,,
IT1:DF_DCSS_ISTR_LAV_PEN_2_TV_3(1.0),A,082023,RESPOP_AV,T,Y_GE15,TOTAL,ALL,4,ALL,ALL,2024,2099.077375552653,,,,,,,,ALL_N1,,,,,,,
IT1:DF_DCSS_ISTR_LAV_PEN_2_TV_3(1.0),A,082023,RESPOP_AV,T,Y_GE15,TOTAL,ALL,5,ALL,ALL,2018,770,,,,,,,,ALL_N1,,,,,,,
IT1:DF_DCSS_ISTR_LAV_PEN_2_TV_3(1.0),A,082023,RESPOP_AV,T,Y_GE15,TOTAL,ALL,5,ALL,ALL,2019,820,,,,,,,,ALL_N1,,,,,,,
IT1:DF_DCSS_ISTR_LAV_PEN_2_TV_3(1.0),A,082023,RESPOP_AV,T,Y_GE15,TOTAL,ALL,5,ALL,ALL,2021,877.692315320089,,,,,,,,ALL_N1,,,,,,,
IT1:DF_DCSS_ISTR_LAV_PEN_2_TV_3(1.0),A,082023,RESPOP_AV,T,Y_GE15,TOTAL,ALL,5,ALL,ALL,2022,944.836227280136,,,,,,,,ALL_N1,,,,,,,
IT1:DF_DCSS_ISTR_LAV_PEN_2_TV_3(1.0),A,082023,RESPOP_AV,T,Y_GE15,TOTAL,ALL,5,ALL,ALL,2023,910.3598409237354,,,,,,,,ALL_N1,,,,,,,
IT1:DF_DCSS_ISTR_LAV_PEN_2_TV_3(1.0),A,082023,RESPOP_AV,T,Y_GE15,TOTAL,ALL,5,ALL,ALL,2024,945.4808747763552,,,,,,,,ALL_N1,,,,,,,
IT1:DF_DCSS_ISTR_LAV_PEN_2_TV_3(1.0),A,082023,RESPOP_AV,T,Y_GE15,TOTAL,ALL,7,ALL,ALL,2018,1059,,,,,,,,ALL_N1,,,,,,,
IT1:DF_DCSS_ISTR_LAV_PEN_2_TV_3(1.0),A,082023,RESPOP_AV,T,Y_GE15,TOTAL,ALL,7,ALL,ALL,2019,958,,,,,,,,ALL_N1,,,,,,,
IT1:DF_DCSS_ISTR_LAV_PEN_2_TV_3(1.0),A,082023,RESPOP_AV,T,Y_GE15,TOTAL,ALL,7,ALL,ALL,2021,998.999610743135,,,,,,,,ALL_N1,,,,,,,
IT1:DF_DCSS_ISTR_LAV_PEN_2_TV_3(1.0),A,082023,RESPOP_AV,T,Y_GE15,TOTAL,ALL,7,ALL,ALL,2022,1018.26528425482,,,,,,,,ALL_N1,,,,,,,
IT1:DF_DCSS_ISTR_LAV_PEN_2_TV_3(1.0),A,082023,RESPOP_AV,T,Y_GE15,TOTAL,ALL,7,ALL,ALL,2023,1127.3187699680502,,,,,,,,ALL_N1,,,,,,,
IT1:DF_DCSS_ISTR_LAV_PEN_2_TV_3(1.0),A,082023,RESPOP_AV,T,Y_GE15,TOTAL,ALL,7,ALL,ALL,2024,1022.1935962197356,,,,,,,,ALL_N1,,,,,,,
IT1:DF_DCSS_ISTR_LAV_PEN_2_TV_3(1.0),A,082023,RESPOP_AV,T,Y_GE15,TOTAL,ALL,99,ALL,ALL,2018,9552,,,,,,,,ALL_N1,99_N1,,,,,,
IT1:DF_DCSS_ISTR_LAV_PEN_2_TV_3(1.0),A,082023,RESPOP_AV,T,Y_GE15,TOTAL,ALL,99,ALL,ALL,2019,9619,,,,,,,,ALL_N1,99_N1,,,,,,
IT1:DF_DCSS_ISTR_LAV_PEN_2_TV_3(1.0),A,082023,RESPOP_AV,T,Y_GE15,TOTAL,ALL,99,ALL,ALL,2021,9783,,,,,,,,ALL_N1,99_N1,,,,,,
IT1:DF_DCSS_ISTR_LAV_PEN_2_TV_3(1.0),A,082023,RESPOP_AV,T,Y_GE15,TOTAL,ALL,99,ALL,ALL,2022,9827,,,,,,,,ALL_N1,99_N1,,,,,,
IT1:DF_DCSS_ISTR_LAV_PEN_2_TV_3(1.0),A,082023,RESPOP_AV,T,Y_GE15,TOTAL,ALL,99,ALL,ALL,2023,9881,,,,,,,,ALL_N1,99_N1,,,,,,
IT1:DF_DCSS_ISTR_LAV_PEN_2_TV_3(1.0),A,082023,RESPOP_AV,T,Y_GE15,TOTAL,ALL,99,ALL,ALL,2024,10009,,,,,,,,ALL_N1,99_N1,,,,,,
IT1:DF_DCSS_ISTR_LAV_PEN_2_TV_3(1.0),A,082023,RESPOP_AV,T,Y_GE65,TOTAL,ALL,1,ALL,ALL,2018,109,,,,,,,,ALL_N1,,,,,,,
IT1:DF_DCSS_ISTR_LAV_PEN_2_TV_3(1.0),A,082023,RESPOP_AV,T,Y_GE65,TOTAL,ALL,1,ALL,ALL,2019,109,,,,,,,,ALL_N1,,,,,,,
IT1:DF_DCSS_ISTR_LAV_PEN_2_TV_3(1.0),A,082023,RESPOP_AV,T,Y_GE65,TOTAL,ALL,1,ALL,ALL,2021,104,,,,,,,,ALL_N1,,,,,,,
IT1:DF_DCSS_ISTR_LAV_PEN_2_TV_3(1.0),A,082023,RESPOP_AV,T,Y_GE65,TOTAL,ALL,1,ALL,ALL,2022,112,,,,,,,,ALL_N1,,,,,,,
IT1:DF_DCSS_ISTR_LAV_PEN_2_TV_3(1.0),A,082023,RESPOP_AV,T,Y_GE65,TOTAL,ALL,1,ALL,ALL,2023,114,,,,,,,,ALL_N1,,,,,,,
IT1:DF_DCSS_ISTR_LAV_PEN_2_TV_3(1.0),A,082023,RESPOP_AV,T,Y_GE65,TOTAL,ALL,1,ALL,ALL,2024,118,,,,,,,,ALL_N1,,,,,,,
IT1:DF_DCSS_ISTR_LAV_PEN_2_TV_3(1.0),A,082023,RESPOP_AV,T,Y_GE65,TOTAL,ALL,12,ALL,ALL,2018,9,,,,,,,,ALL_N1,,,,,,,
IT1:DF_DCSS_ISTR_LAV_PEN_2_TV_3(1.0),A,082023,RESPOP_AV,T,Y_GE65,TOTAL,ALL,12,ALL,ALL,2019,10,,,,,,,,ALL_N1,,,,,,,
IT1:DF_DCSS_ISTR_LAV_PEN_2_TV_3(1.0),A,082023,RESPOP_AV,T,Y_GE65,TOTAL,ALL,12,ALL,ALL,2021,6.49587915050667,,,,,,,,ALL_N1,,,,,,,
IT1:DF_DCSS_ISTR_LAV_PEN_2_TV_3(1.0),A,082023,RESPOP_AV,T,Y_GE65,TOTAL,ALL,12,ALL,ALL,2022,3.70250469212591,,,,,,,,ALL_N1,,,,,,,
IT1:DF_DCSS_ISTR_LAV_PEN_2_TV_3(1.0),A,082023,RESPOP_AV,T,Y_GE65,TOTAL,ALL,12,ALL,ALL,2023,5.105429491065329,,,,,,,,ALL_N1,,,,,,,
IT1:DF_DCSS_ISTR_LAV_PEN_2_TV_3(1.0),A,082023,RESPOP_AV,T,Y_GE65,TOTAL,ALL,12,ALL,ALL,2024,4.658152067470682,,,,,,,,ALL_N1,,,,,,,
IT1:DF_DCSS_ISTR_LAV_PEN_2_TV_3(1.0),A,082023,RESPOP_AV,T,Y_GE65,TOTAL,ALL,22,ALL,ALL,2018,118,,,,,,,,ALL_N1,,,,,,,
IT1:DF_DCSS_ISTR_LAV_PEN_2_TV_3(1.0),A,082023,RESPOP_AV,T,Y_GE65,TOTAL,ALL,22,ALL,ALL,2019,119,,,,,,,,ALL_N1,,,,,,,
IT1:DF_DCSS_ISTR_LAV_PEN_2_TV_3(1.0),A,082023,RESPOP_AV,T,Y_GE65,TOTAL,ALL,22,ALL,ALL,2021,110.495879150507,,,,,,,,ALL_N1,,,,,,,
IT1:DF_DCSS_ISTR_LAV_PEN_2_TV_3(1.0),A,082023,RESPOP_AV,T,Y_GE65,TOTAL,ALL,22,ALL,ALL,2022,115.702504692126,,,,,,,,ALL_N1,,,,,,,
IT1:DF_DCSS_ISTR_LAV_PEN_2_TV_3(1.0),A,082023,RESPOP_AV,T,Y_GE65,TOTAL,ALL,22,ALL,ALL,2023,119.10542949106532,,,,,,,,ALL_N1,,,,,,,
IT1:DF_DCSS_ISTR_LAV_PEN_2_TV_3(1.0),A,082023,RESPOP_AV,T,Y_GE65,TOTAL,ALL,22,ALL,ALL,2024,122.65815206747068,,,,,,,,ALL_N1,,,,,,,
IT1:DF_DCSS_ISTR_LAV_PEN_2_TV_3(1.0),A,082023,RESPOP_AV,T,Y_GE65,TOTAL,ALL,23,ALL,ALL,2018,2062,,,,,,,,ALL_N1,,,,,,,
IT1:DF_DCSS_ISTR_LAV_PEN_2_TV_3(1.0),A,082023,RESPOP_AV,T,Y_GE65,TOTAL,ALL,23,ALL,ALL,2019,2099,,,,,,,,ALL_N1,,,,,,,
IT1:DF_DCSS_ISTR_LAV_PEN_2_TV_3(1.0),A,082023,RESPOP_AV,T,Y_GE65,TOTAL,ALL,23,ALL,ALL,2021,2213.50412084949,,,,,,,,ALL_N1,,,,,,,
IT1:DF_DCSS_ISTR_LAV_PEN_2_TV_3(1.0),A,082023,RESPOP_AV,T,Y_GE65,TOTAL,ALL,23,ALL,ALL,2022,2242.29749530787,,,,,,,,ALL_N1,,,,,,,
IT1:DF_DCSS_ISTR_LAV_PEN_2_TV_3(1.0),A,082023,RESPOP_AV,T,Y_GE65,TOTAL,ALL,23,ALL,ALL,2023,2256.8945705089345,,,,,,,,ALL_N1,,,,,,,
IT1:DF_DCSS_ISTR_LAV_PEN_2_TV_3(1.0),A,082023,RESPOP_AV,T,Y_GE65,TOTAL,ALL,23,ALL,ALL,2024,2291.3418479325296,,,,,,,,ALL_N1,,,,,,,
IT1:DF_DCSS_ISTR_LAV_PEN_2_TV_3(1.0),A,082023,RESPOP_AV,T,Y_GE65,TOTAL,ALL,24,ALL,ALL,2018,1352,,,,,,,,ALL_N1,,,,,,,
IT1:DF_DCSS_ISTR_LAV_PEN_2_TV_3(1.0),A,082023,RESPOP_AV,T,Y_GE65,TOTAL,ALL,24,ALL,ALL,2019,1379,,,,,,,,ALL_N1,,,,,,,
IT1:DF_DCSS_ISTR_LAV_PEN_2_TV_3(1.0),A,082023,RESPOP_AV,T,Y_GE65,TOTAL,ALL,24,ALL,ALL,2021,1486.51133581422,,,,,,,,ALL_N1,,,,,,,
IT1:DF_DCSS_ISTR_LAV_PEN_2_TV_3(1.0),A,082023,RESPOP_AV,T,Y_GE65,TOTAL,ALL,24,ALL,ALL,2022,1433.40897210801,,,,,,,,ALL_N1,,,,,,,
IT1:DF_DCSS_ISTR_LAV_PEN_2_TV_3(1.0),A,082023,RESPOP_AV,T,Y_GE65,TOTAL,ALL,24,ALL,ALL,2023,1352.4411101235019,,,,,,,,ALL_N1,,,,,,,
IT1:DF_DCSS_ISTR_LAV_PEN_2_TV_3(1.0),A,082023,RESPOP_AV,T,Y_GE65,TOTAL,ALL,24,ALL,ALL,2024,1459.0258796262851,,,,,,,,ALL_N1,,,,,,,
IT1:DF_DCSS_ISTR_LAV_PEN_2_TV_3(1.0),A,082023,RESPOP_AV,T,Y_GE65,TOTAL,ALL,4,ALL,ALL,2018,405,,,,,,,,ALL_N1,,,,,,,
IT1:DF_DCSS_ISTR_LAV_PEN_2_TV_3(1.0),A,082023,RESPOP_AV,T,Y_GE65,TOTAL,ALL,4,ALL,ALL,2019,430,,,,,,,,ALL_N1,,,,,,,
IT1:DF_DCSS_ISTR_LAV_PEN_2_TV_3(1.0),A,082023,RESPOP_AV,T,Y_GE65,TOTAL,ALL,4,ALL,ALL,2021,454.720476923094,,,,,,,,ALL_N1,,,,,,,
IT1:DF_DCSS_ISTR_LAV_PEN_2_TV_3(1.0),A,082023,RESPOP_AV,T,Y_GE65,TOTAL,ALL,4,ALL,ALL,2022,495.113945271565,,,,,,,,ALL_N1,,,,,,,
IT1:DF_DCSS_ISTR_LAV_PEN_2_TV_3(1.0),A,082023,RESPOP_AV,T,Y_GE65,TOTAL,ALL,4,ALL,ALL,2023,505.20132992276143,,,,,,,,ALL_N1,,,,,,,
IT1:DF_DCSS_ISTR_LAV_PEN_2_TV_3(1.0),A,082023,RESPOP_AV,T,Y_GE65,TOTAL,ALL,4,ALL,ALL,2024,500.37625934400006,,,,,,,,ALL_N1,,,,,,,
IT1:DF_DCSS_ISTR_LAV_PEN_2_TV_3(1.0),A,082023,RESPOP_AV,T,Y_GE65,TOTAL,ALL,5,ALL,ALL,2018,0,JTEST,,,,,,,ALL_N1,,,,,,,
IT1:DF_DCSS_ISTR_LAV_PEN_2_TV_3(1.0),A,082023,RESPOP_AV,T,Y_GE65,TOTAL,ALL,5,ALL,ALL,2019,0,JTEST,,,,,,,ALL_N1,,,,,,,
IT1:DF_DCSS_ISTR_LAV_PEN_2_TV_3(1.0),A,082023,RESPOP_AV,T,Y_GE65,TOTAL,ALL,5,ALL,ALL,2021,1.38956957656364E-05,,,,,,,,ALL_N1,,,,,,,
IT1:DF_DCSS_ISTR_LAV_PEN_2_TV_3(1.0),A,082023,RESPOP_AV,T,Y_GE65,TOTAL,ALL,5,ALL,ALL,2022,0.330404379458493,,,,,,,,ALL_N1,,,,,,,
IT1:DF_DCSS_ISTR_LAV_PEN_2_TV_3(1.0),A,082023,RESPOP_AV,T,Y_GE65,TOTAL,ALL,5,ALL,ALL,2023,0.5786357167077384,,,,,,,,ALL_N1,,,,,,,
IT1:DF_DCSS_ISTR_LAV_PEN_2_TV_3(1.0),A,082023,RESPOP_AV,T,Y_GE65,TOTAL,ALL,5,ALL,ALL,2024,0.24601585753308278,,,,,,,,ALL_N1,,,,,,,
IT1:DF_DCSS_ISTR_LAV_PEN_2_TV_3(1.0),A,082023,RESPOP_AV,T,Y_GE65,TOTAL,ALL,7,ALL,ALL,2018,305,,,,,,,,ALL_N1,,,,,,,
IT1:DF_DCSS_ISTR_LAV_PEN_2_TV_3(1.0),A,082023,RESPOP_AV,T,Y_GE65,TOTAL,ALL,7,ALL,ALL,2019,290,,,,,,,,ALL_N1,,,,,,,
IT1:DF_DCSS_ISTR_LAV_PEN_2_TV_3(1.0),A,082023,RESPOP_AV,T,Y_GE65,TOTAL,ALL,7,ALL,ALL,2021,272.272294216481,,,,,,,,ALL_N1,,,,,,,
IT1:DF_DCSS_ISTR_LAV_PEN_2_TV_3(1.0),A,082023,RESPOP_AV,T,Y_GE65,TOTAL,ALL,7,ALL,ALL,2022,313.444173548838,,,,,,,,ALL_N1,,,,,,,
IT1:DF_DCSS_ISTR_LAV_PEN_2_TV_3(1.0),A,082023,RESPOP_AV,T,Y_GE65,TOTAL,ALL,7,ALL,ALL,2023,398.67349474596364,,,,,,,,ALL_N1,,,,,,,
IT1:DF_DCSS_ISTR_LAV_PEN_2_TV_3(1.0),A,082023,RESPOP_AV,T,Y_GE65,TOTAL,ALL,7,ALL,ALL,2024,331.6936931047114,,,,,,,,ALL_N1,,,,,,,
IT1:DF_DCSS_ISTR_LAV_PEN_2_TV_3(1.0),A,082023,RESPOP_AV,T,Y_GE65,TOTAL,ALL,99,ALL,ALL,2018,2180,,,,,,,,ALL_N1,99_N1,,,,,,
IT1:DF_DCSS_ISTR_LAV_PEN_2_TV_3(1.0),A,082023,RESPOP_AV,T,Y_GE65,TOTAL,ALL,99,ALL,ALL,2019,2218,,,,,,,,ALL_N1,99_N1,,,,,,
IT1:DF_DCSS_ISTR_LAV_PEN_2_TV_3(1.0),A,082023,RESPOP_AV,T,Y_GE65,TOTAL,ALL,99,ALL,ALL,2020,2287,,,,,,,,ALL_N1,99_N1,,,,,,
IT1:DF_DCSS_ISTR_LAV_PEN_2_TV_3(1.0),A,082023,RESPOP_AV,T,Y_GE65,TOTAL,ALL,99,ALL,ALL,2021,2324,,,,,,,,ALL_N1,99_N1,,,,,,
IT1:DF_DCSS_ISTR_LAV_PEN_2_TV_3(1.0),A,082023,RESPOP_AV,T,Y_GE65,TOTAL,ALL,99,ALL,ALL,2022,2358,,,,,,,,ALL_N1,99_N1,,,,,,
IT1:DF_DCSS_ISTR_LAV_PEN_2_TV_3(1.0),A,082023,RESPOP_AV,T,Y_GE65,TOTAL,ALL,99,ALL,ALL,2023,2376,,,,,,,,ALL_N1,99_N1,,,,,,
IT1:DF_DCSS_ISTR_LAV_PEN_2_TV_3(1.0),A,082023,RESPOP_AV,T,Y_GE65,TOTAL,ALL,99,ALL,ALL,2024,2414,,,,,,,,ALL_N1,99_N1,,,,,,
IT1:DF_DCSS_ISTR_LAV_PEN_2_TV_3(1.0),A,082023,RESPOP_AV,T,Y15-24,TOTAL,ALL,1,ALL,ALL,2018,120,,,,,,,,ALL_N1,,,,,,,
IT1:DF_DCSS_ISTR_LAV_PEN_2_TV_3(1.0),A,082023,RESPOP_AV,T,Y15-24,TOTAL,ALL,1,ALL,ALL,2019,121,,,,,,,,ALL_N1,,,,,,,
IT1:DF_DCSS_ISTR_LAV_PEN_2_TV_3(1.0),A,082023,RESPOP_AV,T,Y15-24,TOTAL,ALL,1,ALL,ALL,2021,137,,,,,,,,ALL_N1,,,,,,,
IT1:DF_DCSS_ISTR_LAV_PEN_2_TV_3(1.0),A,082023,RESPOP_AV,T,Y15-24,TOTAL,ALL,1,ALL,ALL,2022,147,,,,,,,,ALL_N1,,,,,,,
IT1:DF_DCSS_ISTR_LAV_PEN_2_TV_3(1.0),A,082023,RESPOP_AV,T,Y15-24,TOTAL,ALL,1,ALL,ALL,2023,167,,,,,,,,ALL_N1,,,,,,,
IT1:DF_DCSS_ISTR_LAV_PEN_2_TV_3(1.0),A,082023,RESPOP_AV,T,Y15-24,TOTAL,ALL,1,ALL,ALL,2024,178,,,,,,,,ALL_N1,,,,,,,
IT1:DF_DCSS_ISTR_LAV_PEN_2_TV_3(1.0),A,082023,RESPOP_AV,T,Y15-24,TOTAL,ALL,12,ALL,ALL,2018,195,,,,,,,,ALL_N1,,,,,,,
IT1:DF_DCSS_ISTR_LAV_PEN_2_TV_3(1.0),A,082023,RESPOP_AV,T,Y15-24,TOTAL,ALL,12,ALL,ALL,2019,185,,,,,,,,ALL_N1,,,,,,,
IT1:DF_DCSS_ISTR_LAV_PEN_2_TV_3(1.0),A,082023,RESPOP_AV,T,Y15-24,TOTAL,ALL,12,ALL,ALL,2021,116.207265099539,,,,,,,,ALL_N1,,,,,,,
IT1:DF_DCSS_ISTR_LAV_PEN_2_TV_3(1.0),A,082023,RESPOP_AV,T,Y15-24,TOTAL,ALL,12,ALL,ALL,2022,100.998034698754,,,,,,,,ALL_N1,,,,,,,
IT1:DF_DCSS_ISTR_LAV_PEN_2_TV_3(1.0),A,082023,RESPOP_AV,T,Y15-24,TOTAL,ALL,12,ALL,ALL,2023,115.25505093654795,,,,,,,,ALL_N1,,,,,,,
IT1:DF_DCSS_ISTR_LAV_PEN_2_TV_3(1.0),A,082023,RESPOP_AV,T,Y15-24,TOTAL,ALL,12,ALL,ALL,2024,97.049257980055,,,,,,,,ALL_N1,,,,,,,
IT1:DF_DCSS_ISTR_LAV_PEN_2_TV_3(1.0),A,082023,RESPOP_AV,T,Y15-24,TOTAL,ALL,22,ALL,ALL,2018,315,,,,,,,,ALL_N1,,,,,,,
IT1:DF_DCSS_ISTR_LAV_PEN_2_TV_3(1.0),A,082023,RESPOP_AV,T,Y15-24,TOTAL,ALL,22,ALL,ALL,2019,306,,,,,,,,ALL_N1,,,,,,,
IT1:DF_DCSS_ISTR_LAV_PEN_2_TV_3(1.0),A,082023,RESPOP_AV,T,Y15-24,TOTAL,ALL,22,ALL,ALL,2021,253.207265099539,,,,,,,,ALL_N1,,,,,,,
IT1:DF_DCSS_ISTR_LAV_PEN_2_TV_3(1.0),A,082023,RESPOP_AV,T,Y15-24,TOTAL,ALL,22,ALL,ALL,2022,247.998034698754,,,,,,,,ALL_N1,,,,,,,
IT1:DF_DCSS_ISTR_LAV_PEN_2_TV_3(1.0),A,082023,RESPOP_AV,T,Y15-24,TOTAL,ALL,22,ALL,ALL,2023,282.25505093654795,,,,,,,,ALL_N1,,,,,,,
IT1:DF_DCSS_ISTR_LAV_PEN_2_TV_3(1.0),A,082023,RESPOP_AV,T,Y15-24,TOTAL,ALL,22,ALL,ALL,2024,275.049257980055,,,,,,,,ALL_N1,,,,,,,
IT1:DF_DCSS_ISTR_LAV_PEN_2_TV_3(1.0),A,082023,RESPOP_AV,T,Y15-24,TOTAL,ALL,23,ALL,ALL,2018,919,,,,,,,,ALL_N1,,,,,,,
IT1:DF_DCSS_ISTR_LAV_PEN_2_TV_3(1.0),A,082023,RESPOP_AV,T,Y15-24,TOTAL,ALL,23,ALL,ALL,2019,908,,,,,,,,ALL_N1,,,,,,,
IT1:DF_DCSS_ISTR_LAV_PEN_2_TV_3(1.0),A,082023,RESPOP_AV,T,Y15-24,TOTAL,ALL,23,ALL,ALL,2021,1007.79273490046,,,,,,,,ALL_N1,,,,,,,
IT1:DF_DCSS_ISTR_LAV_PEN_2_TV_3(1.0),A,082023,RESPOP_AV,T,Y15-24,TOTAL,ALL,23,ALL,ALL,2022,1003.00196530125,,,,,,,,ALL_N1,,,,,,,
IT1:DF_DCSS_ISTR_LAV_PEN_2_TV_3(1.0),A,082023,RESPOP_AV,T,Y15-24,TOTAL,ALL,23,ALL,ALL,2023,1009.744949063452,,,,,,,,ALL_N1,,,,,,,
IT1:DF_DCSS_ISTR_LAV_PEN_2_TV_3(1.0),A,082023,RESPOP_AV,T,Y15-24,TOTAL,ALL,23,ALL,ALL,2024,1040.950742019945,,,,,,,,ALL_N1,,,,,,,
IT1:DF_DCSS_ISTR_LAV_PEN_2_TV_3(1.0),A,082023,RESPOP_AV,T,Y15-24,TOTAL,ALL,24,ALL,ALL,2018,2,,,,,,,,ALL_N1,,,,,,,
IT1:DF_DCSS_ISTR_LAV_PEN_2_TV_3(1.0),A,082023,RESPOP_AV,T,Y15-24,TOTAL,ALL,24,ALL,ALL,2019,3,,,,,,,,ALL_N1,,,,,,,
IT1:DF_DCSS_ISTR_LAV_PEN_2_TV_3(1.0),A,082023,RESPOP_AV,T,Y15-24,TOTAL,ALL,24,ALL,ALL,2021,1.94036470289895,,,,,,,,ALL_N1,,,,,,,
IT1:DF_DCSS_ISTR_LAV_PEN_2_TV_3(1.0),A,082023,RESPOP_AV,T,Y15-24,TOTAL,ALL,24,ALL,ALL,2022,2.22160111070958,,,,,,,,ALL_N1,,,,,,,
IT1:DF_DCSS_ISTR_LAV_PEN_2_TV_3(1.0),A,082023,RESPOP_AV,T,Y15-24,TOTAL,ALL,24,ALL,ALL,2023,1.4204225006745124,,,,,,,,ALL_N1,,,,,,,
IT1:DF_DCSS_ISTR_LAV_PEN_2_TV_3(1.0),A,082023,RESPOP_AV,T,Y15-24,TOTAL,ALL,24,ALL,ALL,2024,3.054091480578889,,,,,,,,ALL_N1,,,,,,,
IT1:DF_DCSS_ISTR_LAV_PEN_2_TV_3(1.0),A,082023,RESPOP_AV,T,Y15-24,TOTAL,ALL,4,ALL,ALL,2018,81,,,,,,,,ALL_N1,,,,,,,
IT1:DF_DCSS_ISTR_LAV_PEN_2_TV_3(1.0),A,082023,RESPOP_AV,T,Y15-24,TOTAL,ALL,4,ALL,ALL,2019,73,,,,,,,,ALL_N1,,,,,,,
IT1:DF_DCSS_ISTR_LAV_PEN_2_TV_3(1.0),A,082023,RESPOP_AV,T,Y15-24,TOTAL,ALL,4,ALL,ALL,2021,104.487185356814,,,,,,,,ALL_N1,,,,,,,
IT1:DF_DCSS_ISTR_LAV_PEN_2_TV_3(1.0),A,082023,RESPOP_AV,T,Y15-24,TOTAL,ALL,4,ALL,ALL,2022,77.4728641231272,,,,,,,,ALL_N1,,,,,,,
IT1:DF_DCSS_ISTR_LAV_PEN_2_TV_3(1.0),A,082023,RESPOP_AV,T,Y15-24,TOTAL,ALL,4,ALL,ALL,2023,82.18938228557987,,,,,,,,ALL_N1,,,,,,,
IT1:DF_DCSS_ISTR_LAV_PEN_2_TV_3(1.0),A,082023,RESPOP_AV,T,Y15-24,TOTAL,ALL,4,ALL,ALL,2024,81.33714722480656,,,,,,,,ALL_N1,,,,,,,
IT1:DF_DCSS_ISTR_LAV_PEN_2_TV_3(1.0),A,082023,RESPOP_AV,T,Y15-24,TOTAL,ALL,5,ALL,ALL,2018,680,,,,,,,,ALL_N1,,,,,,,
IT1:DF_DCSS_ISTR_LAV_PEN_2_TV_3(1.0),A,082023,RESPOP_AV,T,Y15-24,TOTAL,ALL,5,ALL,ALL,2019,720,,,,,,,,ALL_N1,,,,,,,
IT1:DF_DCSS_ISTR_LAV_PEN_2_TV_3(1.0),A,082023,RESPOP_AV,T,Y15-24,TOTAL,ALL,5,ALL,ALL,2021,776.263806126171,,,,,,,,ALL_N1,,,,,,,
IT1:DF_DCSS_ISTR_LAV_PEN_2_TV_3(1.0),A,082023,RESPOP_AV,T,Y15-24,TOTAL,ALL,5,ALL,ALL,2022,821.354355007066,,,,,,,,ALL_N1,,,,,,,
IT1:DF_DCSS_ISTR_LAV_PEN_2_TV_3(1.0),A,082023,RESPOP_AV,T,Y15-24,TOTAL,ALL,5,ALL,ALL,2023,815.8995959338941,,,,,,,,ALL_N1,,,,,,,
IT1:DF_DCSS_ISTR_LAV_PEN_2_TV_3(1.0),A,082023,RESPOP_AV,T,Y15-24,TOTAL,ALL,5,ALL,ALL,2024,839.806999130971,,,,,,,,ALL_N1,,,,,,,
IT1:DF_DCSS_ISTR_LAV_PEN_2_TV_3(1.0),A,082023,RESPOP_AV,T,Y15-24,TOTAL,ALL,7,ALL,ALL,2018,156,,,,,,,,ALL_N1,,,,,,,
IT1:DF_DCSS_ISTR_LAV_PEN_2_TV_3(1.0),A,082023,RESPOP_AV,T,Y15-24,TOTAL,ALL,7,ALL,ALL,2019,112,,,,,,,,ALL_N1,,,,,,,
IT1:DF_DCSS_ISTR_LAV_PEN_2_TV_3(1.0),A,082023,RESPOP_AV,T,Y15-24,TOTAL,ALL,7,ALL,ALL,2021,125.101378714577,,,,,,,,ALL_N1,,,,,,,
IT1:DF_DCSS_ISTR_LAV_PEN_2_TV_3(1.0),A,082023,RESPOP_AV,T,Y15-24,TOTAL,ALL,7,ALL,ALL,2022,101.953145060343,,,,,,,,ALL_N1,,,,,,,
IT1:DF_DCSS_ISTR_LAV_PEN_2_TV_3(1.0),A,082023,RESPOP_AV,T,Y15-24,TOTAL,ALL,7,ALL,ALL,2023,110.23554834330352,,,,,,,,ALL_N1,,,,,,,
IT1:DF_DCSS_ISTR_LAV_PEN_2_TV_3(1.0),A,082023,RESPOP_AV,T,Y15-24,TOTAL,ALL,7,ALL,ALL,2024,116.7525041835886,,,,,,,,ALL_N1,,,,,,,
IT1:DF_DCSS_ISTR_LAV_PEN_2_TV_3(1.0),A,082023,RESPOP_AV,T,Y15-24,TOTAL,ALL,99,ALL,ALL,2018,1234,,,,,,,,ALL_N1,99_N1,,,,,,
IT1:DF_DCSS_ISTR_LAV_PEN_2_TV_3(1.0),A,082023,RESPOP_AV,T,Y15-24,TOTAL,ALL,99,ALL,ALL,2019,1214,,,,,,,,ALL_N1,99_N1,,,,,,
IT1:DF_DCSS_ISTR_LAV_PEN_2_TV_3(1.0),A,082023,RESPOP_AV,T,Y15-24,TOTAL,ALL,99,ALL,ALL,2021,1261,,,,,,,,ALL_N1,99_N1,,,,,,
IT1:DF_DCSS_ISTR_LAV_PEN_2_TV_3(1.0),A,082023,RESPOP_AV,T,Y15-24,TOTAL,ALL,99,ALL,ALL,2022,1251,,,,,,,,ALL_N1,99_N1,,,,,,
IT1:DF_DCSS_ISTR_LAV_PEN_2_TV_3(1.0),A,082023,RESPOP_AV,T,Y15-24,TOTAL,ALL,99,ALL,ALL,2023,1292,,,,,,,,ALL_N1,99_N1,,,,,,
IT1:DF_DCSS_ISTR_LAV_PEN_2_TV_3(1.0),A,082023,RESPOP_AV,T,Y15-24,TOTAL,ALL,99,ALL,ALL,2024,1316,,,,,,,,ALL_N1,99_N1,,,,,,
IT1:DF_DCSS_ISTR_LAV_PEN_2_TV_3(1.0),A,082023,RESPOP_AV,T,Y25-49,TOTAL,ALL,1,ALL,ALL,2018,1917,,,,,,,,ALL_N1,,,,,,,
IT1:DF_DCSS_ISTR_LAV_PEN_2_TV_3(1.0),A,082023,RESPOP_AV,T,Y25-49,TOTAL,ALL,1,ALL,ALL,2019,1850,,,,,,,,ALL_N1,,,,,,,
IT1:DF_DCSS_ISTR_LAV_PEN_2_TV_3(1.0),A,082023,RESPOP_AV,T,Y25-49,TOTAL,ALL,1,ALL,ALL,2021,1998,,,,,,,,ALL_N1,,,,,,,
IT1:DF_DCSS_ISTR_LAV_PEN_2_TV_3(1.0),A,082023,RESPOP_AV,T,Y25-49,TOTAL,ALL,1,ALL,ALL,2022,2039,,,,,,,,ALL_N1,,,,,,,
IT1:DF_DCSS_ISTR_LAV_PEN_2_TV_3(1.0),A,082023,RESPOP_AV,T,Y25-49,TOTAL,ALL,1,ALL,ALL,2023,2049,,,,,,,,ALL_N1,,,,,,,
IT1:DF_DCSS_ISTR_LAV_PEN_2_TV_3(1.0),A,082023,RESPOP_AV,T,Y25-49,TOTAL,ALL,1,ALL,ALL,2024,2161,,,,,,,,ALL_N1,,,,,,,
IT1:DF_DCSS_ISTR_LAV_PEN_2_TV_3(1.0),A,082023,RESPOP_AV,T,Y25-49,TOTAL,ALL,12,ALL,ALL,2018,715,,,,,,,,ALL_N1,,,,,,,
IT1:DF_DCSS_ISTR_LAV_PEN_2_TV_3(1.0),A,082023,RESPOP_AV,T,Y25-49,TOTAL,ALL,12,ALL,ALL,2019,713,,,,,,,,ALL_N1,,,,,,,
IT1:DF_DCSS_ISTR_LAV_PEN_2_TV_3(1.0),A,082023,RESPOP_AV,T,Y25-49,TOTAL,ALL,12,ALL,ALL,2021,374.387112486172,,,,,,,,ALL_N1,,,,,,,
IT1:DF_DCSS_ISTR_LAV_PEN_2_TV_3(1.0),A,082023,RESPOP_AV,T,Y25-49,TOTAL,ALL,12,ALL,ALL,2022,351.589941057903,,,,,,,,ALL_N1,,,,,,,
IT1:DF_DCSS_ISTR_LAV_PEN_2_TV_3(1.0),A,082023,RESPOP_AV,T,Y25-49,TOTAL,ALL,12,ALL,ALL,2023,353.1750167917934,,,,,,,,ALL_N1,,,,,,,
IT1:DF_DCSS_ISTR_LAV_PEN_2_TV_3(1.0),A,082023,RESPOP_AV,T,Y25-49,TOTAL,ALL,12,ALL,ALL,2024,284.00333771964176,,,,,,,,ALL_N1,,,,,,,
IT1:DF_DCSS_ISTR_LAV_PEN_2_TV_3(1.0),A,082023,RESPOP_AV,T,Y25-49,TOTAL,ALL,22,ALL,ALL,2018,2632,,,,,,,,ALL_N1,,,,,,,
IT1:DF_DCSS_ISTR_LAV_PEN_2_TV_3(1.0),A,082023,RESPOP_AV,T,Y25-49,TOTAL,ALL,22,ALL,ALL,2019,2563,,,,,,,,ALL_N1,,,,,,,
IT1:DF_DCSS_ISTR_LAV_PEN_2_TV_3(1.0),A,082023,RESPOP_AV,T,Y25-49,TOTAL,ALL,22,ALL,ALL,2021,2372.38711248617,,,,,,,,ALL_N1,,,,,,,
IT1:DF_DCSS_ISTR_LAV_PEN_2_TV_3(1.0),A,082023,RESPOP_AV,T,Y25-49,TOTAL,ALL,22,ALL,ALL,2022,2390.5899410579,,,,,,,,ALL_N1,,,,,,,
IT1:DF_DCSS_ISTR_LAV_PEN_2_TV_3(1.0),A,082023,RESPOP_AV,T,Y25-49,TOTAL,ALL,22,ALL,ALL,2023,2402.1750167917935,,,,,,,,ALL_N1,,,,,,,
IT1:DF_DCSS_ISTR_LAV_PEN_2_TV_3(1.0),A,082023,RESPOP_AV,T,Y25-49,TOTAL,ALL,22,ALL,ALL,2024,2445.003337719642,,,,,,,,ALL_N1,,,,,,,
IT1:DF_DCSS_ISTR_LAV_PEN_2_TV_3(1.0),A,082023,RESPOP_AV,T,Y25-49,TOTAL,ALL,23,ALL,ALL,2018,1365,,,,,,,,ALL_N1,,,,,,,
IT1:DF_DCSS_ISTR_LAV_PEN_2_TV_3(1.0),A,082023,RESPOP_AV,T,Y25-49,TOTAL,ALL,23,ALL,ALL,2019,1382,,,,,,,,ALL_N1,,,,,,,
IT1:DF_DCSS_ISTR_LAV_PEN_2_TV_3(1.0),A,082023,RESPOP_AV,T,Y25-49,TOTAL,ALL,23,ALL,ALL,2021,1437.61288751383,,,,,,,,ALL_N1,,,,,,,
IT1:DF_DCSS_ISTR_LAV_PEN_2_TV_3(1.0),A,082023,RESPOP_AV,T,Y25-49,TOTAL,ALL,23,ALL,ALL,2022,1360.4100589421,,,,,,,,ALL_N1,,,,,,,
IT1:DF_DCSS_ISTR_LAV_PEN_2_TV_3(1.0),A,082023,RESPOP_AV,T,Y25-49,TOTAL,ALL,23,ALL,ALL,2023,1297.8249832082067,,,,,,,,ALL_N1,,,,,,,
IT1:DF_DCSS_ISTR_LAV_PEN_2_TV_3(1.0),A,082023,RESPOP_AV,T,Y25-49,TOTAL,ALL,23,ALL,ALL,2024,1234.9966622803584,,,,,,,,ALL_N1,,,,,,,
IT1:DF_DCSS_ISTR_LAV_PEN_2_TV_3(1.0),A,082023,RESPOP_AV,T,Y25-49,TOTAL,ALL,24,ALL,ALL,2018,35,,,,,,,,ALL_N1,,,,,,,
IT1:DF_DCSS_ISTR_LAV_PEN_2_TV_3(1.0),A,082023,RESPOP_AV,T,Y25-49,TOTAL,ALL,24,ALL,ALL,2019,44,,,,,,,,ALL_N1,,,,,,,
IT1:DF_DCSS_ISTR_LAV_PEN_2_TV_3(1.0),A,082023,RESPOP_AV,T,Y25-49,TOTAL,ALL,24,ALL,ALL,2021,40.5699138701457,,,,,,,,ALL_N1,,,,,,,
IT1:DF_DCSS_ISTR_LAV_PEN_2_TV_3(1.0),A,082023,RESPOP_AV,T,Y25-49,TOTAL,ALL,24,ALL,ALL,2022,36.8067798701758,,,,,,,,ALL_N1,,,,,,,
IT1:DF_DCSS_ISTR_LAV_PEN_2_TV_3(1.0),A,082023,RESPOP_AV,T,Y25-49,TOTAL,ALL,24,ALL,ALL,2023,30.75407522773151,,,,,,,,ALL_N1,,,,,,,
IT1:DF_DCSS_ISTR_LAV_PEN_2_TV_3(1.0),A,082023,RESPOP_AV,T,Y25-49,TOTAL,ALL,24,ALL,ALL,2024,35.93244371309592,,,,,,,,ALL_N1,,,,,,,
IT1:DF_DCSS_ISTR_LAV_PEN_2_TV_3(1.0),A,082023,RESPOP_AV,T,Y25-49,TOTAL,ALL,4,ALL,ALL,2018,860,,,,,,,,ALL_N1,,,,,,,
IT1:DF_DCSS_ISTR_LAV_PEN_2_TV_3(1.0),A,082023,RESPOP_AV,T,Y25-49,TOTAL,ALL,4,ALL,ALL,2019,888,,,,,,,,ALL_N1,,,,,,,
IT1:DF_DCSS_ISTR_LAV_PEN_2_TV_3(1.0),A,082023,RESPOP_AV,T,Y25-49,TOTAL,ALL,4,ALL,ALL,2021,933.640663600706,,,,,,,,ALL_N1,,,,,,,
IT1:DF_DCSS_ISTR_LAV_PEN_2_TV_3(1.0),A,082023,RESPOP_AV,T,Y25-49,TOTAL,ALL,4,ALL,ALL,2022,867.408283002464,,,,,,,,ALL_N1,,,,,,,
IT1:DF_DCSS_ISTR_LAV_PEN_2_TV_3(1.0),A,082023,RESPOP_AV,T,Y25-49,TOTAL,ALL,4,ALL,ALL,2023,828.4351330723127,,,,,,,,ALL_N1,,,,,,,
IT1:DF_DCSS_ISTR_LAV_PEN_2_TV_3(1.0),A,082023,RESPOP_AV,T,Y25-49,TOTAL,ALL,4,ALL,ALL,2024,782.9554521257663,,,,,,,,ALL_N1,,,,,,,
IT1:DF_DCSS_ISTR_LAV_PEN_2_TV_3(1.0),A,082023,RESPOP_AV,T,Y25-49,TOTAL,ALL,5,ALL,ALL,2018,89,,,,,,,,ALL_N1,,,,,,,
IT1:DF_DCSS_ISTR_LAV_PEN_2_TV_3(1.0),A,082023,RESPOP_AV,T,Y25-49,TOTAL,ALL,5,ALL,ALL,2019,99,,,,,,,,ALL_N1,,,,,,,
IT1:DF_DCSS_ISTR_LAV_PEN_2_TV_3(1.0),A,082023,RESPOP_AV,T,Y25-49,TOTAL,ALL,5,ALL,ALL,2021,99.4522254465747,,,,,,,,ALL_N1,,,,,,,
IT1:DF_DCSS_ISTR_LAV_PEN_2_TV_3(1.0),A,082023,RESPOP_AV,T,Y25-49,TOTAL,ALL,5,ALL,ALL,2022,119.87739240499,,,,,,,,ALL_N1,,,,,,,
IT1:DF_DCSS_ISTR_LAV_PEN_2_TV_3(1.0),A,082023,RESPOP_AV,T,Y25-49,TOTAL,ALL,5,ALL,ALL,2023,90.93565501446963,,,,,,,,ALL_N1,,,,,,,
IT1:DF_DCSS_ISTR_LAV_PEN_2_TV_3(1.0),A,082023,RESPOP_AV,T,Y25-49,TOTAL,ALL,5,ALL,ALL,2024,101.14077796748396,,,,,,,,ALL_N1,,,,,,,
IT1:DF_DCSS_ISTR_LAV_PEN_2_TV_3(1.0),A,082023,RESPOP_AV,T,Y25-49,TOTAL,ALL,7,ALL,ALL,2018,381,,,,,,,,ALL_N1,,,,,,,
IT1:DF_DCSS_ISTR_LAV_PEN_2_TV_3(1.0),A,082023,RESPOP_AV,T,Y25-49,TOTAL,ALL,7,ALL,ALL,2019,351,,,,,,,,ALL_N1,,,,,,,
IT1:DF_DCSS_ISTR_LAV_PEN_2_TV_3(1.0),A,082023,RESPOP_AV,T,Y25-49,TOTAL,ALL,7,ALL,ALL,2021,363.950084596401,,,,,,,,ALL_N1,,,,,,,
IT1:DF_DCSS_ISTR_LAV_PEN_2_TV_3(1.0),A,082023,RESPOP_AV,T,Y25-49,TOTAL,ALL,7,ALL,ALL,2022,336.317603664467,,,,,,,,ALL_N1,,,,,,,
IT1:DF_DCSS_ISTR_LAV_PEN_2_TV_3(1.0),A,082023,RESPOP_AV,T,Y25-49,TOTAL,ALL,7,ALL,ALL,2023,347.7001198936929,,,,,,,,ALL_N1,,,,,,,
IT1:DF_DCSS_ISTR_LAV_PEN_2_TV_3(1.0),A,082023,RESPOP_AV,T,Y25-49,TOTAL,ALL,7,ALL,ALL,2024,314.9679884740122,,,,,,,,ALL_N1,,,,,,,
IT1:DF_DCSS_ISTR_LAV_PEN_2_TV_3(1.0),A,082023,RESPOP_AV,T,Y25-49,TOTAL,ALL,99,ALL,ALL,2018,3997,,,,,,,,ALL_N1,99_N1,,,,,,
IT1:DF_DCSS_ISTR_LAV_PEN_2_TV_3(1.0),A,082023,RESPOP_AV,T,Y25-49,TOTAL,ALL,99,ALL,ALL,2019,3945,,,,,,,,ALL_N1,99_N1,,,,,,
IT1:DF_DCSS_ISTR_LAV_PEN_2_TV_3(1.0),A,082023,RESPOP_AV,T,Y25-49,TOTAL,ALL,99,ALL,ALL,2020,3857,,,,,,,,ALL_N1,99_N1,,,,,,
IT1:DF_DCSS_ISTR_LAV_PEN_2_TV_3(1.0),A,082023,RESPOP_AV,T,Y25-49,TOTAL,ALL,99,ALL,ALL,2021,3810,,,,,,,,ALL_N1,99_N1,,,,,,
IT1:DF_DCSS_ISTR_LAV_PEN_2_TV_3(1.0),A,082023,RESPOP_AV,T,Y25-49,TOTAL,ALL,99,ALL,ALL,2022,3751,,,,,,,,ALL_N1,99_N1,,,,,,
IT1:DF_DCSS_ISTR_LAV_PEN_2_TV_3(1.0),A,082023,RESPOP_AV,T,Y25-49,TOTAL,ALL,99,ALL,ALL,2023,3700,,,,,,,,ALL_N1,99_N1,,,,,,
IT1:DF_DCSS_ISTR_LAV_PEN_2_TV_3(1.0),A,082023,RESPOP_AV,T,Y25-49,TOTAL,ALL,99,ALL,ALL,2024,3680,,,,,,,,ALL_N1,99_N1,,,,,,
IT1:DF_DCSS_ISTR_LAV_PEN_2_TV_3(1.0),A,082023,RESPOP_AV,T,Y50-64,TOTAL,ALL,1,ALL,ALL,2018,919,,,,,,,,ALL_N1,,,,,,,
IT1:DF_DCSS_ISTR_LAV_PEN_2_TV_3(1.0),A,082023,RESPOP_AV,T,Y50-64,TOTAL,ALL,1,ALL,ALL,2019,994,,,,,,,,ALL_N1,,,,,,,
IT1:DF_DCSS_ISTR_LAV_PEN_2_TV_3(1.0),A,082023,RESPOP_AV,T,Y50-64,TOTAL,ALL,1,ALL,ALL,2021,1129,,,,,,,,ALL_N1,,,,,,,
IT1:DF_DCSS_ISTR_LAV_PEN_2_TV_3(1.0),A,082023,RESPOP_AV,T,Y50-64,TOTAL,ALL,1,ALL,ALL,2022,1181,,,,,,,,ALL_N1,,,,,,,
IT1:DF_DCSS_ISTR_LAV_PEN_2_TV_3(1.0),A,082023,RESPOP_AV,T,Y50-64,TOTAL,ALL,1,ALL,ALL,2023,1278,,,,,,,,ALL_N1,,,,,,,
IT1:DF_DCSS_ISTR_LAV_PEN_2_TV_3(1.0),A,082023,RESPOP_AV,T,Y50-64,TOTAL,ALL,1,ALL,ALL,2024,1362,,,,,,,,ALL_N1,,,,,,,
IT1:DF_DCSS_ISTR_LAV_PEN_2_TV_3(1.0),A,082023,RESPOP_AV,T,Y50-64,TOTAL,ALL,12,ALL,ALL,2018,240,,,,,,,,ALL_N1,,,,,,,
IT1:DF_DCSS_ISTR_LAV_PEN_2_TV_3(1.0),A,082023,RESPOP_AV,T,Y50-64,TOTAL,ALL,12,ALL,ALL,2019,239,,,,,,,,ALL_N1,,,,,,,
IT1:DF_DCSS_ISTR_LAV_PEN_2_TV_3(1.0),A,082023,RESPOP_AV,T,Y50-64,TOTAL,ALL,12,ALL,ALL,2021,145.340809114193,,,,,,,,ALL_N1,,,,,,,
IT1:DF_DCSS_ISTR_LAV_PEN_2_TV_3(1.0),A,082023,RESPOP_AV,T,Y50-64,TOTAL,ALL,12,ALL,ALL,2022,147.767276598133,,,,,,,,ALL_N1,,,,,,,
IT1:DF_DCSS_ISTR_LAV_PEN_2_TV_3(1.0),A,082023,RESPOP_AV,T,Y50-64,TOTAL,ALL,12,ALL,ALL,2023,152.95609376056237,,,,,,,,ALL_N1,,,,,,,
IT1:DF_DCSS_ISTR_LAV_PEN_2_TV_3(1.0),A,082023,RESPOP_AV,T,Y50-64,TOTAL,ALL,12,ALL,ALL,2024,134.20557624422665,,,,,,,,ALL_N1,,,,,,,
IT1:DF_DCSS_ISTR_LAV_PEN_2_TV_3(1.0),A,082023,RESPOP_AV,T,Y50-64,TOTAL,ALL,22,ALL,ALL,2018,1159,,,,,,,,ALL_N1,,,,,,,
IT1:DF_DCSS_ISTR_LAV_PEN_2_TV_3(1.0),A,082023,RESPOP_AV,T,Y50-64,TOTAL,ALL,22,ALL,ALL,2019,1233,,,,,,,,ALL_N1,,,,,,,
IT1:DF_DCSS_ISTR_LAV_PEN_2_TV_3(1.0),A,082023,RESPOP_AV,T,Y50-64,TOTAL,ALL,22,ALL,ALL,2021,1274.34080911419,,,,,,,,ALL_N1,,,,,,,
IT1:DF_DCSS_ISTR_LAV_PEN_2_TV_3(1.0),A,082023,RESPOP_AV,T,Y50-64,TOTAL,ALL,22,ALL,ALL,2022,1328.76727659813,,,,,,,,ALL_N1,,,,,,,
IT1:DF_DCSS_ISTR_LAV_PEN_2_TV_3(1.0),A,082023,RESPOP_AV,T,Y50-64,TOTAL,ALL,22,ALL,ALL,2023,1430.9560937605625,,,,,,,,ALL_N1,,,,,,,
IT1:DF_DCSS_ISTR_LAV_PEN_2_TV_3(1.0),A,082023,RESPOP_AV,T,Y50-64,TOTAL,ALL,22,ALL,ALL,2024,1496.2055762442267,,,,,,,,ALL_N1,,,,,,,
IT1:DF_DCSS_ISTR_LAV_PEN_2_TV_3(1.0),A,082023,RESPOP_AV,T,Y50-64,TOTAL,ALL,23,ALL,ALL,2018,982,,,,,,,,ALL_N1,,,,,,,
IT1:DF_DCSS_ISTR_LAV_PEN_2_TV_3(1.0),A,082023,RESPOP_AV,T,Y50-64,TOTAL,ALL,23,ALL,ALL,2019,1009,,,,,,,,ALL_N1,,,,,,,
IT1:DF_DCSS_ISTR_LAV_PEN_2_TV_3(1.0),A,082023,RESPOP_AV,T,Y50-64,TOTAL,ALL,23,ALL,ALL,2021,1113.65919088581,,,,,,,,ALL_N1,,,,,,,
IT1:DF_DCSS_ISTR_LAV_PEN_2_TV_3(1.0),A,082023,RESPOP_AV,T,Y50-64,TOTAL,ALL,23,ALL,ALL,2022,1138.23272340187,,,,,,,,ALL_N1,,,,,,,
IT1:DF_DCSS_ISTR_LAV_PEN_2_TV_3(1.0),A,082023,RESPOP_AV,T,Y50-64,TOTAL,ALL,23,ALL,ALL,2023,1082.0439062394375,,,,,,,,ALL_N1,,,,,,,
IT1:DF_DCSS_ISTR_LAV_PEN_2_TV_3(1.0),A,082023,RESPOP_AV,T,Y50-64,TOTAL,ALL,23,ALL,ALL,2024,1102.7944237557733,,,,,,,,ALL_N1,,,,,,,
IT1:DF_DCSS_ISTR_LAV_PEN_2_TV_3(1.0),A,082023,RESPOP_AV,T,Y50-64,TOTAL,ALL,24,ALL,ALL,2018,131,,,,,,,,ALL_N1,,,,,,,
IT1:DF_DCSS_ISTR_LAV_PEN_2_TV_3(1.0),A,082023,RESPOP_AV,T,Y50-64,TOTAL,ALL,24,ALL,ALL,2019,144,,,,,,,,ALL_N1,,,,,,,
IT1:DF_DCSS_ISTR_LAV_PEN_2_TV_3(1.0),A,082023,RESPOP_AV,T,Y50-64,TOTAL,ALL,24,ALL,ALL,2021,137.812561858304,,,,,,,,ALL_N1,,,,,,,
IT1:DF_DCSS_ISTR_LAV_PEN_2_TV_3(1.0),A,082023,RESPOP_AV,T,Y50-64,TOTAL,ALL,24,ALL,ALL,2022,119.127812116286,,,,,,,,ALL_N1,,,,,,,
IT1:DF_DCSS_ISTR_LAV_PEN_2_TV_3(1.0),A,082023,RESPOP_AV,T,Y50-64,TOTAL,ALL,24,ALL,ALL,2023,97.62566198442818,,,,,,,,ALL_N1,,,,,,,
IT1:DF_DCSS_ISTR_LAV_PEN_2_TV_3(1.0),A,082023,RESPOP_AV,T,Y50-64,TOTAL,ALL,24,ALL,ALL,2024,105.31941461990273,,,,,,,,ALL_N1,,,,,,,
IT1:DF_DCSS_ISTR_LAV_PEN_2_TV_3(1.0),A,082023,RESPOP_AV,T,Y50-64,TOTAL,ALL,4,ALL,ALL,2018,633,,,,,,,,ALL_N1,,,,,,,
IT1:DF_DCSS_ISTR_LAV_PEN_2_TV_3(1.0),A,082023,RESPOP_AV,T,Y50-64,TOTAL,ALL,4,ALL,ALL,2019,659,,,,,,,,ALL_N1,,,,,,,
IT1:DF_DCSS_ISTR_LAV_PEN_2_TV_3(1.0),A,082023,RESPOP_AV,T,Y50-64,TOTAL,ALL,4,ALL,ALL,2021,736.194505960179,,,,,,,,ALL_N1,,,,,,,
IT1:DF_DCSS_ISTR_LAV_PEN_2_TV_3(1.0),A,082023,RESPOP_AV,T,Y50-64,TOTAL,ALL,4,ALL,ALL,2022,749.280473815791,,,,,,,,ALL_N1,,,,,,,
IT1:DF_DCSS_ISTR_LAV_PEN_2_TV_3(1.0),A,082023,RESPOP_AV,T,Y50-64,TOTAL,ALL,4,ALL,ALL,2023,710.7626830112553,,,,,,,,ALL_N1,,,,,,,
IT1:DF_DCSS_ISTR_LAV_PEN_2_TV_3(1.0),A,082023,RESPOP_AV,T,Y50-64,TOTAL,ALL,4,ALL,ALL,2024,734.40851685808,,,,,,,,ALL_N1,,,,,,,
IT1:DF_DCSS_ISTR_LAV_PEN_2_TV_3(1.0),A,082023,RESPOP_AV,T,Y50-64,TOTAL,ALL,5,ALL,ALL,2018,1,,,,,,,,ALL_N1,,,,,,,
IT1:DF_DCSS_ISTR_LAV_PEN_2_TV_3(1.0),A,082023,RESPOP_AV,T,Y50-64,TOTAL,ALL,5,ALL,ALL,2019,1,,,,,,,,ALL_N1,,,,,,,
IT1:DF_DCSS_ISTR_LAV_PEN_2_TV_3(1.0),A,082023,RESPOP_AV,T,Y50-64,TOTAL,ALL,5,ALL,ALL,2021,1.97626985164735,,,,,,,,ALL_N1,,,,,,,
IT1:DF_DCSS_ISTR_LAV_PEN_2_TV_3(1.0),A,082023,RESPOP_AV,T,Y50-64,TOTAL,ALL,5,ALL,ALL,2022,3.27407548862157,,,,,,,,ALL_N1,,,,,,,
IT1:DF_DCSS_ISTR_LAV_PEN_2_TV_3(1.0),A,082023,RESPOP_AV,T,Y50-64,TOTAL,ALL,5,ALL,ALL,2023,2.9459542586639125,,,,,,,,ALL_N1,,,,,,,
IT1:DF_DCSS_ISTR_LAV_PEN_2_TV_3(1.0),A,082023,RESPOP_AV,T,Y50-64,TOTAL,ALL,5,ALL,ALL,2024,4.287081820367115,,,,,,,,ALL_N1,,,,,,,
IT1:DF_DCSS_ISTR_LAV_PEN_2_TV_3(1.0),A,082023,RESPOP_AV,T,Y50-64,TOTAL,ALL,7,ALL,ALL,2018,217,,,,,,,,ALL_N1,,,,,,,
IT1:DF_DCSS_ISTR_LAV_PEN_2_TV_3(1.0),A,082023,RESPOP_AV,T,Y50-64,TOTAL,ALL,7,ALL,ALL,2019,205,,,,,,,,ALL_N1,,,,,,,
IT1:DF_DCSS_ISTR_LAV_PEN_2_TV_3(1.0),A,082023,RESPOP_AV,T,Y50-64,TOTAL,ALL,7,ALL,ALL,2021,237.675853215676,,,,,,,,ALL_N1,,,,,,,
IT1:DF_DCSS_ISTR_LAV_PEN_2_TV_3(1.0),A,082023,RESPOP_AV,T,Y50-64,TOTAL,ALL,7,ALL,ALL,2022,266.550361981169,,,,,,,,ALL_N1,,,,,,,
IT1:DF_DCSS_ISTR_LAV_PEN_2_TV_3(1.0),A,082023,RESPOP_AV,T,Y50-64,TOTAL,ALL,7,ALL,ALL,2023,270.7096069850903,,,,,,,,ALL_N1,,,,,,,
IT1:DF_DCSS_ISTR_LAV_PEN_2_TV_3(1.0),A,082023,RESPOP_AV,T,Y50-64,TOTAL,ALL,7,ALL,ALL,2024,258.7794104574234,,,,,,,,ALL_N1,,,,,,,
IT1:DF_DCSS_ISTR_LAV_PEN_2_TV_3(1.0),A,082023,RESPOP_AV,T,Y50-64,TOTAL,ALL,99,ALL,ALL,2018,2141,,,,,,,,ALL_N1,99_N1,,,,,,
IT1:DF_DCSS_ISTR_LAV_PEN_2_TV_3(1.0),A,082023,RESPOP_AV,T,Y50-64,TOTAL,ALL,99,ALL,ALL,2019,2242,,,,,,,,ALL_N1,99_N1,,,,,,
IT1:DF_DCSS_ISTR_LAV_PEN_2_TV_3(1.0),A,082023,RESPOP_AV,T,Y50-64,TOTAL,ALL,99,ALL,ALL,2020,2321,,,,,,,,ALL_N1,99_N1,,,,,,
IT1:DF_DCSS_ISTR_LAV_PEN_2_TV_3(1.0),A,082023,RESPOP_AV,T,Y50-64,TOTAL,ALL,99,ALL,ALL,2021,2388,,,,,,,,ALL_N1,99_N1,,,,,,
IT1:DF_DCSS_ISTR_LAV_PEN_2_TV_3(1.0),A,082023,RESPOP_AV,T,Y50-64,TOTAL,ALL,99,ALL,ALL,2022,2467,,,,,,,,ALL_N1,99_N1,,,,,,
IT1:DF_DCSS_ISTR_LAV_PEN_2_TV_3(1.0),A,082023,RESPOP_AV,T,Y50-64,TOTAL,ALL,99,ALL,ALL,2023,2513,,,,,,,,ALL_N1,99_N1,,,,,,
IT1:DF_DCSS_ISTR_LAV_PEN_2_TV_3(1.0),A,082023,RESPOP_AV,T,Y50-64,TOTAL,ALL,99,ALL,ALL,2024,2599,,,,,,,,ALL_N1,99_N1,,,,,,
IT1:DF_DCSS_ISTR_LAV_PEN_2_TV_3(1.0),A,082035,RESPOP_AV,F,Y_GE15,TOTAL,ALL,1,ALL,ALL,2018,1090,,,,,,,,ALL_N1,,,,,,,
IT1:DF_DCSS_ISTR_LAV_PEN_2_TV_3(1.0),A,082035,RESPOP_AV,F,Y_GE15,TOTAL,ALL,1,ALL,ALL,2019,1137,,,,,,,,ALL_N1,,,,,,,
IT1:DF_DCSS_ISTR_LAV_PEN_2_TV_3(1.0),A,082035,RESPOP_AV,F,Y_GE15,TOTAL,ALL,1,ALL,ALL,2021,1254,,,,,,,,ALL_N1,,,,,,,
IT1:DF_DCSS_ISTR_LAV_PEN_2_TV_3(1.0),A,082035,RESPOP_AV,F,Y_GE15,TOTAL,ALL,1,ALL,ALL,2022,1253,,,,,,,,ALL_N1,,,,,,,
IT1:DF_DCSS_ISTR_LAV_PEN_2_TV_3(1.0),A,082035,RESPOP_AV,F,Y_GE15,TOTAL,ALL,1,ALL,ALL,2023,1306,,,,,,,,ALL_N1,,,,,,,
IT1:DF_DCSS_ISTR_LAV_PEN_2_TV_3(1.0),A,082035,RESPOP_AV,F,Y_GE15,TOTAL,ALL,1,ALL,ALL,2024,1401,,,,,,,,ALL_N1,,,,,,,
IT1:DF_DCSS_ISTR_LAV_PEN_2_TV_3(1.0),A,082035,RESPOP_AV,F,Y_GE15,TOTAL,ALL,12,ALL,ALL,2018,692,,,,,,,,ALL_N1,,,,,,,
IT1:DF_DCSS_ISTR_LAV_PEN_2_TV_3(1.0),A,082035,RESPOP_AV,F,Y_GE15,TOTAL,ALL,12,ALL,ALL,2019,694,,,,,,,,ALL_N1,,,,,,,
IT1:DF_DCSS_ISTR_LAV_PEN_2_TV_3(1.0),A,082035,RESPOP_AV,F,Y_GE15,TOTAL,ALL,12,ALL,ALL,2021,422.213002554497,,,,,,,,ALL_N1,,,,,,,
IT1:DF_DCSS_ISTR_LAV_PEN_2_TV_3(1.0),A,082035,RESPOP_AV,F,Y_GE15,TOTAL,ALL,12,ALL,ALL,2022,500.88394433304,,,,,,,,ALL_N1,,,,,,,
IT1:DF_DCSS_ISTR_LAV_PEN_2_TV_3(1.0),A,082035,RESPOP_AV,F,Y_GE15,TOTAL,ALL,12,ALL,ALL,2023,439.1316628529044,,,,,,,,ALL_N1,,,,,,,
IT1:DF_DCSS_ISTR_LAV_PEN_2_TV_3(1.0),A,082035,RESPOP_AV,F,Y_GE15,TOTAL,ALL,12,ALL,ALL,2024,413.0968085792971,,,,,,,,ALL_N1,,,,,,,
IT1:DF_DCSS_ISTR_LAV_PEN_2_TV_3(1.0),A,082035,RESPOP_AV,F,Y_GE15,TOTAL,ALL,22,ALL,ALL,2018,1782,,,,,,,,ALL_N1,,,,,,,
IT1:DF_DCSS_ISTR_LAV_PEN_2_TV_3(1.0),A,082035,RESPOP_AV,F,Y_GE15,TOTAL,ALL,22,ALL,ALL,2019,1831,,,,,,,,ALL_N1,,,,,,,
IT1:DF_DCSS_ISTR_LAV_PEN_2_TV_3(1.0),A,082035,RESPOP_AV,F,Y_GE15,TOTAL,ALL,22,ALL,ALL,2021,1676.2130025545,,,,,,,,ALL_N1,,,,,,,
IT1:DF_DCSS_ISTR_LAV_PEN_2_TV_3(1.0),A,082035,RESPOP_AV,F,Y_GE15,TOTAL,ALL,22,ALL,ALL,2022,1753.88394433304,,,,,,,,ALL_N1,,,,,,,
IT1:DF_DCSS_ISTR_LAV_PEN_2_TV_3(1.0),A,082035,RESPOP_AV,F,Y_GE15,TOTAL,ALL,22,ALL,ALL,2023,1745.1316628529044,,,,,,,,ALL_N1,,,,,,,
IT1:DF_DCSS_ISTR_LAV_PEN_2_TV_3(1.0),A,082035,RESPOP_AV,F,Y_GE15,TOTAL,ALL,22,ALL,ALL,2024,1814.096808579297,,,,,,,,ALL_N1,,,,,,,
IT1:DF_DCSS_ISTR_LAV_PEN_2_TV_3(1.0),A,082035,RESPOP_AV,F,Y_GE15,TOTAL,ALL,23,ALL,ALL,2018,3470,,,,,,,,ALL_N1,,,,,,,
IT1:DF_DCSS_ISTR_LAV_PEN_2_TV_3(1.0),A,082035,RESPOP_AV,F,Y_GE15,TOTAL,ALL,23,ALL,ALL,2019,3507,,,,,,,,ALL_N1,,,,,,,
IT1:DF_DCSS_ISTR_LAV_PEN_2_TV_3(1.0),A,082035,RESPOP_AV,F,Y_GE15,TOTAL,ALL,23,ALL,ALL,2021,3737.7869974455,,,,,,,,ALL_N1,,,,,,,
IT1:DF_DCSS_ISTR_LAV_PEN_2_TV_3(1.0),A,082035,RESPOP_AV,F,Y_GE15,TOTAL,ALL,23,ALL,ALL,2022,3703.11605566696,,,,,,,,ALL_N1,,,,,,,
IT1:DF_DCSS_ISTR_LAV_PEN_2_TV_3(1.0),A,082035,RESPOP_AV,F,Y_GE15,TOTAL,ALL,23,ALL,ALL,2023,3674.8683371470956,,,,,,,,ALL_N1,,,,,,,
IT1:DF_DCSS_ISTR_LAV_PEN_2_TV_3(1.0),A,082035,RESPOP_AV,F,Y_GE15,TOTAL,ALL,23,ALL,ALL,2024,3672.9031914207035,,,,,,,,ALL_N1,,,,,,,
IT1:DF_DCSS_ISTR_LAV_PEN_2_TV_3(1.0),A,082035,RESPOP_AV,F,Y_GE15,TOTAL,ALL,24,ALL,ALL,2018,514,,,,,,,,ALL_N1,,,,,,,
IT1:DF_DCSS_ISTR_LAV_PEN_2_TV_3(1.0),A,082035,RESPOP_AV,F,Y_GE15,TOTAL,ALL,24,ALL,ALL,2019,543,,,,,,,,ALL_N1,,,,,,,
IT1:DF_DCSS_ISTR_LAV_PEN_2_TV_3(1.0),A,082035,RESPOP_AV,F,Y_GE15,TOTAL,ALL,24,ALL,ALL,2021,623.716750442955,,,,,,,,ALL_N1,,,,,,,
IT1:DF_DCSS_ISTR_LAV_PEN_2_TV_3(1.0),A,082035,RESPOP_AV,F,Y_GE15,TOTAL,ALL,24,ALL,ALL,2022,498.944144358841,,,,,,,,ALL_N1,,,,,,,
IT1:DF_DCSS_ISTR_LAV_PEN_2_TV_3(1.0),A,082035,RESPOP_AV,F,Y_GE15,TOTAL,ALL,24,ALL,ALL,2023,472.97049432533095,,,,,,,,ALL_N1,,,,,,,
IT1:DF_DCSS_ISTR_LAV_PEN_2_TV_3(1.0),A,082035,RESPOP_AV,F,Y_GE15,TOTAL,ALL,24,ALL,ALL,2024,532.164038029997,,,,,,,,ALL_N1,,,,,,,
IT1:DF_DCSS_ISTR_LAV_PEN_2_TV_3(1.0),A,082035,RESPOP_AV,F,Y_GE15,TOTAL,ALL,4,ALL,ALL,2018,2084,,,,,,,,ALL_N1,,,,,,,
IT1:DF_DCSS_ISTR_LAV_PEN_2_TV_3(1.0),A,082035,RESPOP_AV,F,Y_GE15,TOTAL,ALL,4,ALL,ALL,2019,2131,,,,,,,,ALL_N1,,,,,,,
IT1:DF_DCSS_ISTR_LAV_PEN_2_TV_3(1.0),A,082035,RESPOP_AV,F,Y_GE15,TOTAL,ALL,4,ALL,ALL,2021,2188.35328838473,,,,,,,,ALL_N1,,,,,,,
IT1:DF_DCSS_ISTR_LAV_PEN_2_TV_3(1.0),A,082035,RESPOP_AV,F,Y_GE15,TOTAL,ALL,4,ALL,ALL,2022,2196.64583992046,,,,,,,,ALL_N1,,,,,,,
IT1:DF_DCSS_ISTR_LAV_PEN_2_TV_3(1.0),A,082035,RESPOP_AV,F,Y_GE15,TOTAL,ALL,4,ALL,ALL,2023,2223.438847803056,,,,,,,,ALL_N1,,,,,,,
IT1:DF_DCSS_ISTR_LAV_PEN_2_TV_3(1.0),A,082035,RESPOP_AV,F,Y_GE15,TOTAL,ALL,4,ALL,ALL,2024,2129.955841713439,,,,,,,,ALL_N1,,,,,,,
IT1:DF_DCSS_ISTR_LAV_PEN_2_TV_3(1.0),A,082035,RESPOP_AV,F,Y_GE15,TOTAL,ALL,5,ALL,ALL,2018,470,,,,,,,,ALL_N1,,,,,,,
IT1:DF_DCSS_ISTR_LAV_PEN_2_TV_3(1.0),A,082035,RESPOP_AV,F,Y_GE15,TOTAL,ALL,5,ALL,ALL,2019,511,,,,,,,,ALL_N1,,,,,,,
IT1:DF_DCSS_ISTR_LAV_PEN_2_TV_3(1.0),A,082035,RESPOP_AV,F,Y_GE15,TOTAL,ALL,5,ALL,ALL,2021,530.982110062783,,,,,,,,ALL_N1,,,,,,,
IT1:DF_DCSS_ISTR_LAV_PEN_2_TV_3(1.0),A,082035,RESPOP_AV,F,Y_GE15,TOTAL,ALL,5,ALL,ALL,2022,537.968843067318,,,,,,,,ALL_N1,,,,,,,
IT1:DF_DCSS_ISTR_LAV_PEN_2_TV_3(1.0),A,082035,RESPOP_AV,F,Y_GE15,TOTAL,ALL,5,ALL,ALL,2023,503.9996899930834,,,,,,,,ALL_N1,,,,,,,
IT1:DF_DCSS_ISTR_LAV_PEN_2_TV_3(1.0),A,082035,RESPOP_AV,F,Y_GE15,TOTAL,ALL,5,ALL,ALL,2024,548.8638492237495,,,,,,,,ALL_N1,,,,,,,
IT1:DF_DCSS_ISTR_LAV_PEN_2_TV_3(1.0),A,082035,RESPOP_AV,F,Y_GE15,TOTAL,ALL,7,ALL,ALL,2018,402,,,,,,,,ALL_N1,,,,,,,
IT1:DF_DCSS_ISTR_LAV_PEN_2_TV_3(1.0),A,082035,RESPOP_AV,F,Y_GE15,TOTAL,ALL,7,ALL,ALL,2019,322,,,,,,,,ALL_N1,,,,,,,
IT1:DF_DCSS_ISTR_LAV_PEN_2_TV_3(1.0),A,082035,RESPOP_AV,F,Y_GE15,TOTAL,ALL,7,ALL,ALL,2021,394.734848555031,,,,,,,,ALL_N1,,,,,,,
IT1:DF_DCSS_ISTR_LAV_PEN_2_TV_3(1.0),A,082035,RESPOP_AV,F,Y_GE15,TOTAL,ALL,7,ALL,ALL,2022,469.557228320339,,,,,,,,ALL_N1,,,,,,,
IT1:DF_DCSS_ISTR_LAV_PEN_2_TV_3(1.0),A,082035,RESPOP_AV,F,Y_GE15,TOTAL,ALL,7,ALL,ALL,2023,474.45930502562544,,,,,,,,ALL_N1,,,,,,,
IT1:DF_DCSS_ISTR_LAV_PEN_2_TV_3(1.0),A,082035,RESPOP_AV,F,Y_GE15,TOTAL,ALL,7,ALL,ALL,2024,461.91946245351784,,,,,,,,ALL_N1,,,,,,,
IT1:DF_DCSS_ISTR_LAV_PEN_2_TV_3(1.0),A,082035,RESPOP_AV,F,Y_GE15,TOTAL,ALL,99,ALL,ALL,2018,5252,,,,,,,,ALL_N1,99_N1,,,,,,
IT1:DF_DCSS_ISTR_LAV_PEN_2_TV_3(1.0),A,082035,RESPOP_AV,F,Y_GE15,TOTAL,ALL,99,ALL,ALL,2019,5338,,,,,,,,ALL_N1,99_N1,,,,,,
IT1:DF_DCSS_ISTR_LAV_PEN_2_TV_3(1.0),A,082035,RESPOP_AV,F,Y_GE15,TOTAL,ALL,99,ALL,ALL,2021,5414,,,,,,,,ALL_N1,99_N1,,,,,,
IT1:DF_DCSS_ISTR_LAV_PEN_2_TV_3(1.0),A,082035,RESPOP_AV,F,Y_GE15,TOTAL,ALL,99,ALL,ALL,2022,5457,,,,,,,,ALL_N1,99_N1,,,,,,
IT1:DF_DCSS_ISTR_LAV_PEN_2_TV_3(1.0),A,082035,RESPOP_AV,F,Y_GE15,TOTAL,ALL,99,ALL,ALL,2023,5420,,,,,,,,ALL_N1,99_N1,,,,,,
IT1:DF_DCSS_ISTR_LAV_PEN_2_TV_3(1.0),A,082035,RESPOP_AV,F,Y_GE15,TOTAL,ALL,99,ALL,ALL,2024,5487.000000000001,,,,,,,,ALL_N1,99_N1,,,,,,
IT1:DF_DCSS_ISTR_LAV_PEN_2_TV_3(1.0),A,082035,RESPOP_AV,F,Y_GE65,TOTAL,ALL,1,ALL,ALL,2018,22,,,,,,,,ALL_N1,,,,,,,
IT1:DF_DCSS_ISTR_LAV_PEN_2_TV_3(1.0),A,082035,RESPOP_AV,F,Y_GE65,TOTAL,ALL,1,ALL,ALL,2019,21,,,,,,,,ALL_N1,,,,,,,
IT1:DF_DCSS_ISTR_LAV_PEN_2_TV_3(1.0),A,082035,RESPOP_AV,F,Y_GE65,TOTAL,ALL,1,ALL,ALL,2021,21,,,,,,,,ALL_N1,,,,,,,
IT1:DF_DCSS_ISTR_LAV_PEN_2_TV_3(1.0),A,082035,RESPOP_AV,F,Y_GE65,TOTAL,ALL,1,ALL,ALL,2022,22,,,,,,,,ALL_N1,,,,,,,
IT1:DF_DCSS_ISTR_LAV_PEN_2_TV_3(1.0),A,082035,RESPOP_AV,F,Y_GE65,TOTAL,ALL,1,ALL,ALL,2023,26,,,,,,,,ALL_N1,,,,,,,
IT1:DF_DCSS_ISTR_LAV_PEN_2_TV_3(1.0),A,082035,RESPOP_AV,F,Y_GE65,TOTAL,ALL,1,ALL,ALL,2024,34,,,,,,,,ALL_N1,,,,,,,
IT1:DF_DCSS_ISTR_LAV_PEN_2_TV_3(1.0),A,082035,RESPOP_AV,F,Y_GE65,TOTAL,ALL,12,ALL,ALL,2018,5,,,,,,,,ALL_N1,,,,,,,
IT1:DF_DCSS_ISTR_LAV_PEN_2_TV_3(1.0),A,082035,RESPOP_AV,F,Y_GE65,TOTAL,ALL,12,ALL,ALL,2019,5,,,,,,,,ALL_N1,,,,,,,
IT1:DF_DCSS_ISTR_LAV_PEN_2_TV_3(1.0),A,082035,RESPOP_AV,F,Y_GE65,TOTAL,ALL,12,ALL,ALL,2021,3.41678143838871,,,,,,,,ALL_N1,,,,,,,
IT1:DF_DCSS_ISTR_LAV_PEN_2_TV_3(1.0),A,082035,RESPOP_AV,F,Y_GE65,TOTAL,ALL,12,ALL,ALL,2022,3.22153218836435,,,,,,,,ALL_N1,,,,,,,
IT1:DF_DCSS_ISTR_LAV_PEN_2_TV_3(1.0),A,082035,RESPOP_AV,F,Y_GE65,TOTAL,ALL,12,ALL,ALL,2023,3.582032517740555,,,,,,,,ALL_N1,,,,,,,
IT1:DF_DCSS_ISTR_LAV_PEN_2_TV_3(1.0),A,082035,RESPOP_AV,F,Y_GE65,TOTAL,ALL,12,ALL,ALL,2024,3.6425279264834747,,,,,,,,ALL_N1,,,,,,,
IT1:DF_DCSS_ISTR_LAV_PEN_2_TV_3(1.0),A,082035,RESPOP_AV,F,Y_GE65,TOTAL,ALL,22,ALL,ALL,2018,27,,,,,,,,ALL_N1,,,,,,,
IT1:DF_DCSS_ISTR_LAV_PEN_2_TV_3(1.0),A,082035,RESPOP_AV,F,Y_GE65,TOTAL,ALL,22,ALL,ALL,2019,26,,,,,,,,ALL_N1,,,,,,,
IT1:DF_DCSS_ISTR_LAV_PEN_2_TV_3(1.0),A,082035,RESPOP_AV,F,Y_GE65,TOTAL,ALL,22,ALL,ALL,2021,24.4167814383887,,,,,,,,ALL_N1,,,,,,,
IT1:DF_DCSS_ISTR_LAV_PEN_2_TV_3(1.0),A,082035,RESPOP_AV,F,Y_GE65,TOTAL,ALL,22,ALL,ALL,2022,25.2215321883644,,,,,,,,ALL_N1,,,,,,,
IT1:DF_DCSS_ISTR_LAV_PEN_2_TV_3(1.0),A,082035,RESPOP_AV,F,Y_GE65,TOTAL,ALL,22,ALL,ALL,2023,29.582032517740554,,,,,,,,ALL_N1,,,,,,,
IT1:DF_DCSS_ISTR_LAV_PEN_2_TV_3(1.0),A,082035,RESPOP_AV,F,Y_GE65,TOTAL,ALL,22,ALL,ALL,2024,37.642527926483474,,,,,,,,ALL_N1,,,,,,,
IT1:DF_DCSS_ISTR_LAV_PEN_2_TV_3(1.0),A,082035,RESPOP_AV,F,Y_GE65,TOTAL,ALL,23,ALL,ALL,2018,936,,,,,,,,ALL_N1,,,,,,,
IT1:DF_DCSS_ISTR_LAV_PEN_2_TV_3(1.0),A,082035,RESPOP_AV,F,Y_GE65,TOTAL,ALL,23,ALL,ALL,2019,972,,,,,,,,ALL_N1,,,,,,,
IT1:DF_DCSS_ISTR_LAV_PEN_2_TV_3(1.0),A,082035,RESPOP_AV,F,Y_GE65,TOTAL,ALL,23,ALL,ALL,2021,1045.58321856161,,,,,,,,ALL_N1,,,,,,,
IT1:DF_DCSS_ISTR_LAV_PEN_2_TV_3(1.0),A,082035,RESPOP_AV,F,Y_GE65,TOTAL,ALL,23,ALL,ALL,2022,1074.77846781164,,,,,,,,ALL_N1,,,,,,,
IT1:DF_DCSS_ISTR_LAV_PEN_2_TV_3(1.0),A,082035,RESPOP_AV,F,Y_GE65,TOTAL,ALL,23,ALL,ALL,2023,1061.4179674822599,,,,,,,,ALL_N1,,,,,,,
IT1:DF_DCSS_ISTR_LAV_PEN_2_TV_3(1.0),A,082035,RESPOP_AV,F,Y_GE65,TOTAL,ALL,23,ALL,ALL,2024,1068.3574720735166,,,,,,,,ALL_N1,,,,,,,
IT1:DF_DCSS_ISTR_LAV_PEN_2_TV_3(1.0),A,082035,RESPOP_AV,F,Y_GE65,TOTAL,ALL,24,ALL,ALL,2018,471,,,,,,,,ALL_N1,,,,,,,
IT1:DF_DCSS_ISTR_LAV_PEN_2_TV_3(1.0),A,082035,RESPOP_AV,F,Y_GE65,TOTAL,ALL,24,ALL,ALL,2019,494,,,,,,,,ALL_N1,,,,,,,
IT1:DF_DCSS_ISTR_LAV_PEN_2_TV_3(1.0),A,082035,RESPOP_AV,F,Y_GE65,TOTAL,ALL,24,ALL,ALL,2021,566.839642372056,,,,,,,,ALL_N1,,,,,,,
IT1:DF_DCSS_ISTR_LAV_PEN_2_TV_3(1.0),A,082035,RESPOP_AV,F,Y_GE65,TOTAL,ALL,24,ALL,ALL,2022,466.619594476845,,,,,,,,ALL_N1,,,,,,,
IT1:DF_DCSS_ISTR_LAV_PEN_2_TV_3(1.0),A,082035,RESPOP_AV,F,Y_GE65,TOTAL,ALL,24,ALL,ALL,2023,441.4586323907654,,,,,,,,ALL_N1,,,,,,,
IT1:DF_DCSS_ISTR_LAV_PEN_2_TV_3(1.0),A,082035,RESPOP_AV,F,Y_GE65,TOTAL,ALL,24,ALL,ALL,2024,494.25847796997175,,,,,,,,ALL_N1,,,,,,,
IT1:DF_DCSS_ISTR_LAV_PEN_2_TV_3(1.0),A,082035,RESPOP_AV,F,Y_GE65,TOTAL,ALL,4,ALL,ALL,2018,319,,,,,,,,ALL_N1,,,,,,,
IT1:DF_DCSS_ISTR_LAV_PEN_2_TV_3(1.0),A,082035,RESPOP_AV,F,Y_GE65,TOTAL,ALL,4,ALL,ALL,2019,356,,,,,,,,ALL_N1,,,,,,,
IT1:DF_DCSS_ISTR_LAV_PEN_2_TV_3(1.0),A,082035,RESPOP_AV,F,Y_GE65,TOTAL,ALL,4,ALL,ALL,2021,350.817101029996,,,,,,,,ALL_N1,,,,,,,
IT1:DF_DCSS_ISTR_LAV_PEN_2_TV_3(1.0),A,082035,RESPOP_AV,F,Y_GE65,TOTAL,ALL,4,ALL,ALL,2022,421.379373421369,,,,,,,,ALL_N1,,,,,,,
IT1:DF_DCSS_ISTR_LAV_PEN_2_TV_3(1.0),A,082035,RESPOP_AV,F,Y_GE65,TOTAL,ALL,4,ALL,ALL,2023,430.39529384689126,,,,,,,,ALL_N1,,,,,,,
IT1:DF_DCSS_ISTR_LAV_PEN_2_TV_3(1.0),A,082035,RESPOP_AV,F,Y_GE65,TOTAL,ALL,4,ALL,ALL,2024,407.200056875299,,,,,,,,ALL_N1,,,,,,,
IT1:DF_DCSS_ISTR_LAV_PEN_2_TV_3(1.0),A,082035,RESPOP_AV,F,Y_GE65,TOTAL,ALL,5,ALL,ALL,2018,0,JTEST,,,,,,,ALL_N1,,,,,,,
IT1:DF_DCSS_ISTR_LAV_PEN_2_TV_3(1.0),A,082035,RESPOP_AV,F,Y_GE65,TOTAL,ALL,5,ALL,ALL,2019,0,JTEST,,,,,,,ALL_N1,,,,,,,
IT1:DF_DCSS_ISTR_LAV_PEN_2_TV_3(1.0),A,082035,RESPOP_AV,F,Y_GE65,TOTAL,ALL,5,ALL,ALL,2021,9.34161328444493E-06,,,,,,,,ALL_N1,,,,,,,
IT1:DF_DCSS_ISTR_LAV_PEN_2_TV_3(1.0),A,082035,RESPOP_AV,F,Y_GE65,TOTAL,ALL,5,ALL,ALL,2022,0.21978030811481,,,,,,,,ALL_N1,,,,,,,
IT1:DF_DCSS_ISTR_LAV_PEN_2_TV_3(1.0),A,082035,RESPOP_AV,F,Y_GE65,TOTAL,ALL,5,ALL,ALL,2023,0.31873898730589906,,,,,,,,ALL_N1,,,,,,,
IT1:DF_DCSS_ISTR_LAV_PEN_2_TV_3(1.0),A,082035,RESPOP_AV,F,Y_GE65,TOTAL,ALL,5,ALL,ALL,2024,0.1892317530355758,,,,,,,,ALL_N1,,,,,,,
IT1:DF_DCSS_ISTR_LAV_PEN_2_TV_3(1.0),A,082035,RESPOP_AV,F,Y_GE65,TOTAL,ALL,7,ALL,ALL,2018,146,,,,,,,,ALL_N1,,,,,,,
IT1:DF_DCSS_ISTR_LAV_PEN_2_TV_3(1.0),A,082035,RESPOP_AV,F,Y_GE65,TOTAL,ALL,7,ALL,ALL,2019,122,,,,,,,,ALL_N1,,,,,,,
IT1:DF_DCSS_ISTR_LAV_PEN_2_TV_3(1.0),A,082035,RESPOP_AV,F,Y_GE65,TOTAL,ALL,7,ALL,ALL,2021,127.926465817945,,,,,,,,ALL_N1,,,,,,,
IT1:DF_DCSS_ISTR_LAV_PEN_2_TV_3(1.0),A,082035,RESPOP_AV,F,Y_GE65,TOTAL,ALL,7,ALL,ALL,2022,186.559719605307,,,,,,,,ALL_N1,,,,,,,
IT1:DF_DCSS_ISTR_LAV_PEN_2_TV_3(1.0),A,082035,RESPOP_AV,F,Y_GE65,TOTAL,ALL,7,ALL,ALL,2023,189.24530225729728,,,,,,,,ALL_N1,,,,,,,
IT1:DF_DCSS_ISTR_LAV_PEN_2_TV_3(1.0),A,082035,RESPOP_AV,F,Y_GE65,TOTAL,ALL,7,ALL,ALL,2024,166.70970547521028,,,,,,,,ALL_N1,,,,,,,
IT1:DF_DCSS_ISTR_LAV_PEN_2_TV_3(1.0),A,082035,RESPOP_AV,F,Y_GE65,TOTAL,ALL,99,ALL,ALL,2018,963,,,,,,,,ALL_N1,99_N1,,,,,,
IT1:DF_DCSS_ISTR_LAV_PEN_2_TV_3(1.0),A,082035,RESPOP_AV,F,Y_GE65,TOTAL,ALL,99,ALL,ALL,2019,998,,,,,,,,ALL_N1,99_N1,,,,,,
IT1:DF_DCSS_ISTR_LAV_PEN_2_TV_3(1.0),A,082035,RESPOP_AV,F,Y_GE65,TOTAL,ALL,99,ALL,ALL,2020,1061,,,,,,,,ALL_N1,99_N1,,,,,,
IT1:DF_DCSS_ISTR_LAV_PEN_2_TV_3(1.0),A,082035,RESPOP_AV,F,Y_GE65,TOTAL,ALL,99,ALL,ALL,2021,1070,,,,,,,,ALL_N1,99_N1,,,,,,
IT1:DF_DCSS_ISTR_LAV_PEN_2_TV_3(1.0),A,082035,RESPOP_AV,F,Y_GE65,TOTAL,ALL,99,ALL,ALL,2022,1100,,,,,,,,ALL_N1,99_N1,,,,,,
IT1:DF_DCSS_ISTR_LAV_PEN_2_TV_3(1.0),A,082035,RESPOP_AV,F,Y_GE65,TOTAL,ALL,99,ALL,ALL,2023,1091,,,,,,,,ALL_N1,99_N1,,,,,,
IT1:DF_DCSS_ISTR_LAV_PEN_2_TV_3(1.0),A,082035,RESPOP_AV,F,Y_GE65,TOTAL,ALL,99,ALL,ALL,2024,1106.0000000000002,,,,,,,,ALL_N1,99_N1,,,,,,
IT1:DF_DCSS_ISTR_LAV_PEN_2_TV_3(1.0),A,082035,RESPOP_AV,F,Y15-24,TOTAL,ALL,1,ALL,ALL,2018,47,,,,,,,,ALL_N1,,,,,,,
IT1:DF_DCSS_ISTR_LAV_PEN_2_TV_3(1.0),A,082035,RESPOP_AV,F,Y15-24,TOTAL,ALL,1,ALL,ALL,2019,64,,,,,,,,ALL_N1,,,,,,,
IT1:DF_DCSS_ISTR_LAV_PEN_2_TV_3(1.0),A,082035,RESPOP_AV,F,Y15-24,TOTAL,ALL,1,ALL,ALL,2021,71,,,,,,,,ALL_N1,,,,,,,
IT1:DF_DCSS_ISTR_LAV_PEN_2_TV_3(1.0),A,082035,RESPOP_AV,F,Y15-24,TOTAL,ALL,1,ALL,ALL,2022,64,,,,,,,,ALL_N1,,,,,,,
IT1:DF_DCSS_ISTR_LAV_PEN_2_TV_3(1.0),A,082035,RESPOP_AV,F,Y15-24,TOTAL,ALL,1,ALL,ALL,2023,65,,,,,,,,ALL_N1,,,,,,,
IT1:DF_DCSS_ISTR_LAV_PEN_2_TV_3(1.0),A,082035,RESPOP_AV,F,Y15-24,TOTAL,ALL,1,ALL,ALL,2024,68,,,,,,,,ALL_N1,,,,,,,
IT1:DF_DCSS_ISTR_LAV_PEN_2_TV_3(1.0),A,082035,RESPOP_AV,F,Y15-24,TOTAL,ALL,12,ALL,ALL,2018,140,,,,,,,,ALL_N1,,,,,,,
IT1:DF_DCSS_ISTR_LAV_PEN_2_TV_3(1.0),A,082035,RESPOP_AV,F,Y15-24,TOTAL,ALL,12,ALL,ALL,2019,132,,,,,,,,ALL_N1,,,,,,,
IT1:DF_DCSS_ISTR_LAV_PEN_2_TV_3(1.0),A,082035,RESPOP_AV,F,Y15-24,TOTAL,ALL,12,ALL,ALL,2021,73.5979291183368,,,,,,,,ALL_N1,,,,,,,
IT1:DF_DCSS_ISTR_LAV_PEN_2_TV_3(1.0),A,082035,RESPOP_AV,F,Y15-24,TOTAL,ALL,12,ALL,ALL,2022,88.5587406260451,,,,,,,,ALL_N1,,,,,,,
IT1:DF_DCSS_ISTR_LAV_PEN_2_TV_3(1.0),A,082035,RESPOP_AV,F,Y15-24,TOTAL,ALL,12,ALL,ALL,2023,88.4320136535386,,,,,,,,ALL_N1,,,,,,,
IT1:DF_DCSS_ISTR_LAV_PEN_2_TV_3(1.0),A,082035,RESPOP_AV,F,Y15-24,TOTAL,ALL,12,ALL,ALL,2024,72.81188779712382,,,,,,,,ALL_N1,,,,,,,
IT1:DF_DCSS_ISTR_LAV_PEN_2_TV_3(1.0),A,082035,RESPOP_AV,F,Y15-24,TOTAL,ALL,22,ALL,ALL,2018,187,,,,,,,,ALL_N1,,,,,,,
IT1:DF_DCSS_ISTR_LAV_PEN_2_TV_3(1.0),A,082035,RESPOP_AV,F,Y15-24,TOTAL,ALL,22,ALL,ALL,2019,196,,,,,,,,ALL_N1,,,,,,,
IT1:DF_DCSS_ISTR_LAV_PEN_2_TV_3(1.0),A,082035,RESPOP_AV,F,Y15-24,TOTAL,ALL,22,ALL,ALL,2021,144.597929118337,,,,,,,,ALL_N1,,,,,,,
IT1:DF_DCSS_ISTR_LAV_PEN_2_TV_3(1.0),A,082035,RESPOP_AV,F,Y15-24,TOTAL,ALL,22,ALL,ALL,2022,152.558740626045,,,,,,,,ALL_N1,,,,,,,
IT1:DF_DCSS_ISTR_LAV_PEN_2_TV_3(1.0),A,082035,RESPOP_AV,F,Y15-24,TOTAL,ALL,22,ALL,ALL,2023,153.4320136535386,,,,,,,,ALL_N1,,,,,,,
IT1:DF_DCSS_ISTR_LAV_PEN_2_TV_3(1.0),A,082035,RESPOP_AV,F,Y15-24,TOTAL,ALL,22,ALL,ALL,2024,140.8118877971238,,,,,,,,ALL_N1,,,,,,,
IT1:DF_DCSS_ISTR_LAV_PEN_2_TV_3(1.0),A,082035,RESPOP_AV,F,Y15-24,TOTAL,ALL,23,ALL,ALL,2018,548,,,,,,,,ALL_N1,,,,,,,
IT1:DF_DCSS_ISTR_LAV_PEN_2_TV_3(1.0),A,082035,RESPOP_AV,F,Y15-24,TOTAL,ALL,23,ALL,ALL,2019,558,,,,,,,,ALL_N1,,,,,,,
IT1:DF_DCSS_ISTR_LAV_PEN_2_TV_3(1.0),A,082035,RESPOP_AV,F,Y15-24,TOTAL,ALL,23,ALL,ALL,2021,581.402070881663,,,,,,,,ALL_N1,,,,,,,
IT1:DF_DCSS_ISTR_LAV_PEN_2_TV_3(1.0),A,082035,RESPOP_AV,F,Y15-24,TOTAL,ALL,23,ALL,ALL,2022,571.441259373955,,,,,,,,ALL_N1,,,,,,,
IT1:DF_DCSS_ISTR_LAV_PEN_2_TV_3(1.0),A,082035,RESPOP_AV,F,Y15-24,TOTAL,ALL,23,ALL,ALL,2023,578.5679863464612,,,,,,,,ALL_N1,,,,,,,
IT1:DF_DCSS_ISTR_LAV_PEN_2_TV_3(1.0),A,082035,RESPOP_AV,F,Y15-24,TOTAL,ALL,23,ALL,ALL,2024,610.1881122028764,,,,,,,,ALL_N1,,,,,,,
IT1:DF_DCSS_ISTR_LAV_PEN_2_TV_3(1.0),A,082035,RESPOP_AV,F,Y15-24,TOTAL,ALL,24,ALL,ALL,2018,1,,,,,,,,ALL_N1,,,,,,,
IT1:DF_DCSS_ISTR_LAV_PEN_2_TV_3(1.0),A,082035,RESPOP_AV,F,Y15-24,TOTAL,ALL,24,ALL,ALL,2019,1,,,,,,,,ALL_N1,,,,,,,
IT1:DF_DCSS_ISTR_LAV_PEN_2_TV_3(1.0),A,082035,RESPOP_AV,F,Y15-24,TOTAL,ALL,24,ALL,ALL,2021,2.37398353407015,,,,,,,,ALL_N1,,,,,,,
IT1:DF_DCSS_ISTR_LAV_PEN_2_TV_3(1.0),A,082035,RESPOP_AV,F,Y15-24,TOTAL,ALL,24,ALL,ALL,2022,0.374162738110587,,,,,,,,ALL_N1,,,,,,,
IT1:DF_DCSS_ISTR_LAV_PEN_2_TV_3(1.0),A,082035,RESPOP_AV,F,Y15-24,TOTAL,ALL,24,ALL,ALL,2023,0.37577660534969026,,,,,,,,ALL_N1,,,,,,,
IT1:DF_DCSS_ISTR_LAV_PEN_2_TV_3(1.0),A,082035,RESPOP_AV,F,Y15-24,TOTAL,ALL,24,ALL,ALL,2024,0.8097820244213051,,,,,,,,ALL_N1,,,,,,,
IT1:DF_DCSS_ISTR_LAV_PEN_2_TV_3(1.0),A,082035,RESPOP_AV,F,Y15-24,TOTAL,ALL,4,ALL,ALL,2018,95,,,,,,,,ALL_N1,,,,,,,
IT1:DF_DCSS_ISTR_LAV_PEN_2_TV_3(1.0),A,082035,RESPOP_AV,F,Y15-24,TOTAL,ALL,4,ALL,ALL,2019,92,,,,,,,,ALL_N1,,,,,,,
IT1:DF_DCSS_ISTR_LAV_PEN_2_TV_3(1.0),A,082035,RESPOP_AV,F,Y15-24,TOTAL,ALL,4,ALL,ALL,2021,93.2340027942868,,,,,,,,ALL_N1,,,,,,,
IT1:DF_DCSS_ISTR_LAV_PEN_2_TV_3(1.0),A,082035,RESPOP_AV,F,Y15-24,TOTAL,ALL,4,ALL,ALL,2022,77.3347296160095,,,,,,,,ALL_N1,,,,,,,
IT1:DF_DCSS_ISTR_LAV_PEN_2_TV_3(1.0),A,082035,RESPOP_AV,F,Y15-24,TOTAL,ALL,4,ALL,ALL,2023,97.41820696679112,,,,,,,,ALL_N1,,,,,,,
IT1:DF_DCSS_ISTR_LAV_PEN_2_TV_3(1.0),A,082035,RESPOP_AV,F,Y15-24,TOTAL,ALL,4,ALL,ALL,2024,87.8306014454065,,,,,,,,ALL_N1,,,,,,,
IT1:DF_DCSS_ISTR_LAV_PEN_2_TV_3(1.0),A,082035,RESPOP_AV,F,Y15-24,TOTAL,ALL,5,ALL,ALL,2018,403,,,,,,,,ALL_N1,,,,,,,
IT1:DF_DCSS_ISTR_LAV_PEN_2_TV_3(1.0),A,082035,RESPOP_AV,F,Y15-24,TOTAL,ALL,5,ALL,ALL,2019,436,,,,,,,,ALL_N1,,,,,,,
IT1:DF_DCSS_ISTR_LAV_PEN_2_TV_3(1.0),A,082035,RESPOP_AV,F,Y15-24,TOTAL,ALL,5,ALL,ALL,2021,450.71049218553,,,,,,,,ALL_N1,,,,,,,
IT1:DF_DCSS_ISTR_LAV_PEN_2_TV_3(1.0),A,082035,RESPOP_AV,F,Y15-24,TOTAL,ALL,5,ALL,ALL,2022,457.994080357593,,,,,,,,ALL_N1,,,,,,,
IT1:DF_DCSS_ISTR_LAV_PEN_2_TV_3(1.0),A,082035,RESPOP_AV,F,Y15-24,TOTAL,ALL,5,ALL,ALL,2023,440.64255946507825,,,,,,,,ALL_N1,,,,,,,
IT1:DF_DCSS_ISTR_LAV_PEN_2_TV_3(1.0),A,082035,RESPOP_AV,F,Y15-24,TOTAL,ALL,5,ALL,ALL,2024,478.7044677578692,,,,,,,,ALL_N1,,,,,,,
IT1:DF_DCSS_ISTR_LAV_PEN_2_TV_3(1.0),A,082035,RESPOP_AV,F,Y15-24,TOTAL,ALL,7,ALL,ALL,2018,49,,,,,,,,ALL_N1,,,,,,,
IT1:DF_DCSS_ISTR_LAV_PEN_2_TV_3(1.0),A,082035,RESPOP_AV,F,Y15-24,TOTAL,ALL,7,ALL,ALL,2019,29,,,,,,,,ALL_N1,,,,,,,
IT1:DF_DCSS_ISTR_LAV_PEN_2_TV_3(1.0),A,082035,RESPOP_AV,F,Y15-24,TOTAL,ALL,7,ALL,ALL,2021,35.0835923677762,,,,,,,,ALL_N1,,,,,,,
IT1:DF_DCSS_ISTR_LAV_PEN_2_TV_3(1.0),A,082035,RESPOP_AV,F,Y15-24,TOTAL,ALL,7,ALL,ALL,2022,35.738286662242,,,,,,,,ALL_N1,,,,,,,
IT1:DF_DCSS_ISTR_LAV_PEN_2_TV_3(1.0),A,082035,RESPOP_AV,F,Y15-24,TOTAL,ALL,7,ALL,ALL,2023,40.13144330924221,,,,,,,,ALL_N1,,,,,,,
IT1:DF_DCSS_ISTR_LAV_PEN_2_TV_3(1.0),A,082035,RESPOP_AV,F,Y15-24,TOTAL,ALL,7,ALL,ALL,2024,42.84326097517938,,,,,,,,ALL_N1,,,,,,,
IT1:DF_DCSS_ISTR_LAV_PEN_2_TV_3(1.0),A,082035,RESPOP_AV,F,Y15-24,TOTAL,ALL,99,ALL,ALL,2018,735,,,,,,,,ALL_N1,99_N1,,,,,,
IT1:DF_DCSS_ISTR_LAV_PEN_2_TV_3(1.0),A,082035,RESPOP_AV,F,Y15-24,TOTAL,ALL,99,ALL,ALL,2019,754,,,,,,,,ALL_N1,99_N1,,,,,,
IT1:DF_DCSS_ISTR_LAV_PEN_2_TV_3(1.0),A,082035,RESPOP_AV,F,Y15-24,TOTAL,ALL,99,ALL,ALL,2021,726,,,,,,,,ALL_N1,99_N1,,,,,,
IT1:DF_DCSS_ISTR_LAV_PEN_2_TV_3(1.0),A,082035,RESPOP_AV,F,Y15-24,TOTAL,ALL,99,ALL,ALL,2022,724,,,,,,,,ALL_N1,99_N1,,,,,,
IT1:DF_DCSS_ISTR_LAV_PEN_2_TV_3(1.0),A,082035,RESPOP_AV,F,Y15-24,TOTAL,ALL,99,ALL,ALL,2023,731.9999999999999,,,,,,,,ALL_N1,99_N1,,,,,,
IT1:DF_DCSS_ISTR_LAV_PEN_2_TV_3(1.0),A,082035,RESPOP_AV,F,Y15-24,TOTAL,ALL,99,ALL,ALL,2024,751.0000000000002,,,,,,,,ALL_N1,99_N1,,,,,,
IT1:DF_DCSS_ISTR_LAV_PEN_2_TV_3(1.0),A,082035,RESPOP_AV,F,Y25-49,TOTAL,ALL,1,ALL,ALL,2018,705,,,,,,,,ALL_N1,,,,,,,
IT1:DF_DCSS_ISTR_LAV_PEN_2_TV_3(1.0),A,082035,RESPOP_AV,F,Y25-49,TOTAL,ALL,1,ALL,ALL,2019,721,,,,,,,,ALL_N1,,,,,,,
IT1:DF_DCSS_ISTR_LAV_PEN_2_TV_3(1.0),A,082035,RESPOP_AV,F,Y25-49,TOTAL,ALL,1,ALL,ALL,2021,787,,,,,,,,ALL_N1,,,,,,,
IT1:DF_DCSS_ISTR_LAV_PEN_2_TV_3(1.0),A,082035,RESPOP_AV,F,Y25-49,TOTAL,ALL,1,ALL,ALL,2022,791,,,,,,,,ALL_N1,,,,,,,
IT1:DF_DCSS_ISTR_LAV_PEN_2_TV_3(1.0),A,082035,RESPOP_AV,F,Y25-49,TOTAL,ALL,1,ALL,ALL,2023,820,,,,,,,,ALL_N1,,,,,,,
IT1:DF_DCSS_ISTR_LAV_PEN_2_TV_3(1.0),A,082035,RESPOP_AV,F,Y25-49,TOTAL,ALL,1,ALL,ALL,2024,864,,,,,,,,ALL_N1,,,,,,,
IT1:DF_DCSS_ISTR_LAV_PEN_2_TV_3(1.0),A,082035,RESPOP_AV,F,Y25-49,TOTAL,ALL,12,ALL,ALL,2018,444,,,,,,,,ALL_N1,,,,,,,
IT1:DF_DCSS_ISTR_LAV_PEN_2_TV_3(1.0),A,082035,RESPOP_AV,F,Y25-49,TOTAL,ALL,12,ALL,ALL,2019,446,,,,,,,,ALL_N1,,,,,,,
IT1:DF_DCSS_ISTR_LAV_PEN_2_TV_3(1.0),A,082035,RESPOP_AV,F,Y25-49,TOTAL,ALL,12,ALL,ALL,2021,277.022504246928,,,,,,,,ALL_N1,,,,,,,
IT1:DF_DCSS_ISTR_LAV_PEN_2_TV_3(1.0),A,082035,RESPOP_AV,F,Y25-49,TOTAL,ALL,12,ALL,ALL,2022,323.407290659298,,,,,,,,ALL_N1,,,,,,,
IT1:DF_DCSS_ISTR_LAV_PEN_2_TV_3(1.0),A,082035,RESPOP_AV,F,Y25-49,TOTAL,ALL,12,ALL,ALL,2023,259.1023443214765,,,,,,,,ALL_N1,,,,,,,
IT1:DF_DCSS_ISTR_LAV_PEN_2_TV_3(1.0),A,082035,RESPOP_AV,F,Y25-49,TOTAL,ALL,12,ALL,ALL,2024,247.90761397829726,,,,,,,,ALL_N1,,,,,,,
IT1:DF_DCSS_ISTR_LAV_PEN_2_TV_3(1.0),A,082035,RESPOP_AV,F,Y25-49,TOTAL,ALL,22,ALL,ALL,2018,1149,,,,,,,,ALL_N1,,,,,,,
IT1:DF_DCSS_ISTR_LAV_PEN_2_TV_3(1.0),A,082035,RESPOP_AV,F,Y25-49,TOTAL,ALL,22,ALL,ALL,2019,1167,,,,,,,,ALL_N1,,,,,,,
IT1:DF_DCSS_ISTR_LAV_PEN_2_TV_3(1.0),A,082035,RESPOP_AV,F,Y25-49,TOTAL,ALL,22,ALL,ALL,2021,1064.02250424693,,,,,,,,ALL_N1,,,,,,,
IT1:DF_DCSS_ISTR_LAV_PEN_2_TV_3(1.0),A,082035,RESPOP_AV,F,Y25-49,TOTAL,ALL,22,ALL,ALL,2022,1114.4072906593,,,,,,,,ALL_N1,,,,,,,
IT1:DF_DCSS_ISTR_LAV_PEN_2_TV_3(1.0),A,082035,RESPOP_AV,F,Y25-49,TOTAL,ALL,22,ALL,ALL,2023,1079.1023443214765,,,,,,,,ALL_N1,,,,,,,
IT1:DF_DCSS_ISTR_LAV_PEN_2_TV_3(1.0),A,082035,RESPOP_AV,F,Y25-49,TOTAL,ALL,22,ALL,ALL,2024,1111.9076139782974,,,,,,,,ALL_N1,,,,,,,
IT1:DF_DCSS_ISTR_LAV_PEN_2_TV_3(1.0),A,082035,RESPOP_AV,F,Y25-49,TOTAL,ALL,23,ALL,ALL,2018,1224,,,,,,,,ALL_N1,,,,,,,
IT1:DF_DCSS_ISTR_LAV_PEN_2_TV_3(1.0),A,082035,RESPOP_AV,F,Y25-49,TOTAL,ALL,23,ALL,ALL,2019,1195,,,,,,,,ALL_N1,,,,,,,
IT1:DF_DCSS_ISTR_LAV_PEN_2_TV_3(1.0),A,082035,RESPOP_AV,F,Y25-49,TOTAL,ALL,23,ALL,ALL,2021,1243.97749575307,,,,,,,,ALL_N1,,,,,,,
IT1:DF_DCSS_ISTR_LAV_PEN_2_TV_3(1.0),A,082035,RESPOP_AV,F,Y25-49,TOTAL,ALL,23,ALL,ALL,2022,1194.5927093407,,,,,,,,ALL_N1,,,,,,,
IT1:DF_DCSS_ISTR_LAV_PEN_2_TV_3(1.0),A,082035,RESPOP_AV,F,Y25-49,TOTAL,ALL,23,ALL,ALL,2023,1157.8976556785235,,,,,,,,ALL_N1,,,,,,,
IT1:DF_DCSS_ISTR_LAV_PEN_2_TV_3(1.0),A,082035,RESPOP_AV,F,Y25-49,TOTAL,ALL,23,ALL,ALL,2024,1100.092386021703,,,,,,,,ALL_N1,,,,,,,
IT1:DF_DCSS_ISTR_LAV_PEN_2_TV_3(1.0),A,082035,RESPOP_AV,F,Y25-49,TOTAL,ALL,24,ALL,ALL,2018,10,,,,,,,,ALL_N1,,,,,,,
IT1:DF_DCSS_ISTR_LAV_PEN_2_TV_3(1.0),A,082035,RESPOP_AV,F,Y25-49,TOTAL,ALL,24,ALL,ALL,2019,11,,,,,,,,ALL_N1,,,,,,,
IT1:DF_DCSS_ISTR_LAV_PEN_2_TV_3(1.0),A,082035,RESPOP_AV,F,Y25-49,TOTAL,ALL,24,ALL,ALL,2021,11.4635249451786,,,,,,,,ALL_N1,,,,,,,
IT1:DF_DCSS_ISTR_LAV_PEN_2_TV_3(1.0),A,082035,RESPOP_AV,F,Y25-49,TOTAL,ALL,24,ALL,ALL,2022,5.67785930290197,,,,,,,,ALL_N1,,,,,,,
IT1:DF_DCSS_ISTR_LAV_PEN_2_TV_3(1.0),A,082035,RESPOP_AV,F,Y25-49,TOTAL,ALL,24,ALL,ALL,2023,6.308101229844406,,,,,,,,ALL_N1,,,,,,,
IT1:DF_DCSS_ISTR_LAV_PEN_2_TV_3(1.0),A,082035,RESPOP_AV,F,Y25-49,TOTAL,ALL,24,ALL,ALL,2024,8.541949663808502,,,,,,,,ALL_N1,,,,,,,
IT1:DF_DCSS_ISTR_LAV_PEN_2_TV_3(1.0),A,082035,RESPOP_AV,F,Y25-49,TOTAL,ALL,4,ALL,ALL,2018,1009,,,,,,,,ALL_N1,,,,,,,
IT1:DF_DCSS_ISTR_LAV_PEN_2_TV_3(1.0),A,082035,RESPOP_AV,F,Y25-49,TOTAL,ALL,4,ALL,ALL,2019,998,,,,,,,,ALL_N1,,,,,,,
IT1:DF_DCSS_ISTR_LAV_PEN_2_TV_3(1.0),A,082035,RESPOP_AV,F,Y25-49,TOTAL,ALL,4,ALL,ALL,2021,1002.68884921797,,,,,,,,ALL_N1,,,,,,,
IT1:DF_DCSS_ISTR_LAV_PEN_2_TV_3(1.0),A,082035,RESPOP_AV,F,Y25-49,TOTAL,ALL,4,ALL,ALL,2022,965.764461467352,,,,,,,,ALL_N1,,,,,,,
IT1:DF_DCSS_ISTR_LAV_PEN_2_TV_3(1.0),A,082035,RESPOP_AV,F,Y25-49,TOTAL,ALL,4,ALL,ALL,2023,948.4551903332358,,,,,,,,ALL_N1,,,,,,,
IT1:DF_DCSS_ISTR_LAV_PEN_2_TV_3(1.0),A,082035,RESPOP_AV,F,Y25-49,TOTAL,ALL,4,ALL,ALL,2024,880.8156610235122,,,,,,,,ALL_N1,,,,,,,
IT1:DF_DCSS_ISTR_LAV_PEN_2_TV_3(1.0),A,082035,RESPOP_AV,F,Y25-49,TOTAL,ALL,5,ALL,ALL,2018,67,,,,,,,,ALL_N1,,,,,,,
IT1:DF_DCSS_ISTR_LAV_PEN_2_TV_3(1.0),A,082035,RESPOP_AV,F,Y25-49,TOTAL,ALL,5,ALL,ALL,2019,75,,,,,,,,ALL_N1,,,,,,,
IT1:DF_DCSS_ISTR_LAV_PEN_2_TV_3(1.0),A,082035,RESPOP_AV,F,Y25-49,TOTAL,ALL,5,ALL,ALL,2021,77.9910667924111,,,,,,,,ALL_N1,,,,,,,
IT1:DF_DCSS_ISTR_LAV_PEN_2_TV_3(1.0),A,082035,RESPOP_AV,F,Y25-49,TOTAL,ALL,5,ALL,ALL,2022,77.6864593259338,,,,,,,,ALL_N1,,,,,,,
IT1:DF_DCSS_ISTR_LAV_PEN_2_TV_3(1.0),A,082035,RESPOP_AV,F,Y25-49,TOTAL,ALL,5,ALL,ALL,2023,61.35158103833837,,,,,,,,ALL_N1,,,,,,,
IT1:DF_DCSS_ISTR_LAV_PEN_2_TV_3(1.0),A,082035,RESPOP_AV,F,Y25-49,TOTAL,ALL,5,ALL,ALL,2024,66.41271856011505,,,,,,,,ALL_N1,,,,,,,
IT1:DF_DCSS_ISTR_LAV_PEN_2_TV_3(1.0),A,082035,RESPOP_AV,F,Y25-49,TOTAL,ALL,7,ALL,ALL,2018,138,,,,,,,,ALL_N1,,,,,,,
IT1:DF_DCSS_ISTR_LAV_PEN_2_TV_3(1.0),A,082035,RESPOP_AV,F,Y25-49,TOTAL,ALL,7,ALL,ALL,2019,111,,,,,,,,ALL_N1,,,,,,,
IT1:DF_DCSS_ISTR_LAV_PEN_2_TV_3(1.0),A,082035,RESPOP_AV,F,Y25-49,TOTAL,ALL,7,ALL,ALL,2021,151.834054797509,,,,,,,,ALL_N1,,,,,,,
IT1:DF_DCSS_ISTR_LAV_PEN_2_TV_3(1.0),A,082035,RESPOP_AV,F,Y25-49,TOTAL,ALL,7,ALL,ALL,2022,145.463929244514,,,,,,,,ALL_N1,,,,,,,
IT1:DF_DCSS_ISTR_LAV_PEN_2_TV_3(1.0),A,082035,RESPOP_AV,F,Y25-49,TOTAL,ALL,7,ALL,ALL,2023,141.782783077105,,,,,,,,ALL_N1,,,,,,,
IT1:DF_DCSS_ISTR_LAV_PEN_2_TV_3(1.0),A,082035,RESPOP_AV,F,Y25-49,TOTAL,ALL,7,ALL,ALL,2024,144.32205677426717,,,,,,,,ALL_N1,,,,,,,
IT1:DF_DCSS_ISTR_LAV_PEN_2_TV_3(1.0),A,082035,RESPOP_AV,F,Y25-49,TOTAL,ALL,99,ALL,ALL,2018,2373,,,,,,,,ALL_N1,99_N1,,,,,,
IT1:DF_DCSS_ISTR_LAV_PEN_2_TV_3(1.0),A,082035,RESPOP_AV,F,Y25-49,TOTAL,ALL,99,ALL,ALL,2019,2362,,,,,,,,ALL_N1,99_N1,,,,,,
IT1:DF_DCSS_ISTR_LAV_PEN_2_TV_3(1.0),A,082035,RESPOP_AV,F,Y25-49,TOTAL,ALL,99,ALL,ALL,2020,2312,,,,,,,,ALL_N1,99_N1,,,,,,
IT1:DF_DCSS_ISTR_LAV_PEN_2_TV_3(1.0),A,082035,RESPOP_AV,F,Y25-49,TOTAL,ALL,99,ALL,ALL,2021,2308,,,,,,,,ALL_N1,99_N1,,,,,,
IT1:DF_DCSS_ISTR_LAV_PEN_2_TV_3(1.0),A,082035,RESPOP_AV,F,Y25-49,TOTAL,ALL,99,ALL,ALL,2022,2309,,,,,,,,ALL_N1,99_N1,,,,,,
IT1:DF_DCSS_ISTR_LAV_PEN_2_TV_3(1.0),A,082035,RESPOP_AV,F,Y25-49,TOTAL,ALL,99,ALL,ALL,2023,2237,,,,,,,,ALL_N1,99_N1,,,,,,
IT1:DF_DCSS_ISTR_LAV_PEN_2_TV_3(1.0),A,082035,RESPOP_AV,F,Y25-49,TOTAL,ALL,99,ALL,ALL,2024,2212.0000000000005,,,,,,,,ALL_N1,99_N1,,,,,,
IT1:DF_DCSS_ISTR_LAV_PEN_2_TV_3(1.0),A,082035,RESPOP_AV,F,Y50-64,TOTAL,ALL,1,ALL,ALL,2018,316,,,,,,,,ALL_N1,,,,,,,
IT1:DF_DCSS_ISTR_LAV_PEN_2_TV_3(1.0),A,082035,RESPOP_AV,F,Y50-64,TOTAL,ALL,1,ALL,ALL,2019,331,,,,,,,,ALL_N1,,,,,,,
IT1:DF_DCSS_ISTR_LAV_PEN_2_TV_3(1.0),A,082035,RESPOP_AV,F,Y50-64,TOTAL,ALL,1,ALL,ALL,2021,375,,,,,,,,ALL_N1,,,,,,,
IT1:DF_DCSS_ISTR_LAV_PEN_2_TV_3(1.0),A,082035,RESPOP_AV,F,Y50-64,TOTAL,ALL,1,ALL,ALL,2022,376,,,,,,,,ALL_N1,,,,,,,
IT1:DF_DCSS_ISTR_LAV_PEN_2_TV_3(1.0),A,082035,RESPOP_AV,F,Y50-64,TOTAL,ALL,1,ALL,ALL,2023,395,,,,,,,,ALL_N1,,,,,,,
IT1:DF_DCSS_ISTR_LAV_PEN_2_TV_3(1.0),A,082035,RESPOP_AV,F,Y50-64,TOTAL,ALL,1,ALL,ALL,2024,435,,,,,,,,ALL_N1,,,,,,,
IT1:DF_DCSS_ISTR_LAV_PEN_2_TV_3(1.0),A,082035,RESPOP_AV,F,Y50-64,TOTAL,ALL,12,ALL,ALL,2018,103,,,,,,,,ALL_N1,,,,,,,
IT1:DF_DCSS_ISTR_LAV_PEN_2_TV_3(1.0),A,082035,RESPOP_AV,F,Y50-64,TOTAL,ALL,12,ALL,ALL,2019,111,,,,,,,,ALL_N1,,,,,,,
IT1:DF_DCSS_ISTR_LAV_PEN_2_TV_3(1.0),A,082035,RESPOP_AV,F,Y50-64,TOTAL,ALL,12,ALL,ALL,2021,68.1757877508437,,,,,,,,ALL_N1,,,,,,,
IT1:DF_DCSS_ISTR_LAV_PEN_2_TV_3(1.0),A,082035,RESPOP_AV,F,Y50-64,TOTAL,ALL,12,ALL,ALL,2022,85.6963808593328,,,,,,,,ALL_N1,,,,,,,
IT1:DF_DCSS_ISTR_LAV_PEN_2_TV_3(1.0),A,082035,RESPOP_AV,F,Y50-64,TOTAL,ALL,12,ALL,ALL,2023,88.01527236014877,,,,,,,,ALL_N1,,,,,,,
IT1:DF_DCSS_ISTR_LAV_PEN_2_TV_3(1.0),A,082035,RESPOP_AV,F,Y50-64,TOTAL,ALL,12,ALL,ALL,2024,88.73477887739253,,,,,,,,ALL_N1,,,,,,,
IT1:DF_DCSS_ISTR_LAV_PEN_2_TV_3(1.0),A,082035,RESPOP_AV,F,Y50-64,TOTAL,ALL,22,ALL,ALL,2018,419,,,,,,,,ALL_N1,,,,,,,
IT1:DF_DCSS_ISTR_LAV_PEN_2_TV_3(1.0),A,082035,RESPOP_AV,F,Y50-64,TOTAL,ALL,22,ALL,ALL,2019,442,,,,,,,,ALL_N1,,,,,,,
IT1:DF_DCSS_ISTR_LAV_PEN_2_TV_3(1.0),A,082035,RESPOP_AV,F,Y50-64,TOTAL,ALL,22,ALL,ALL,2021,443.175787750844,,,,,,,,ALL_N1,,,,,,,
IT1:DF_DCSS_ISTR_LAV_PEN_2_TV_3(1.0),A,082035,RESPOP_AV,F,Y50-64,TOTAL,ALL,22,ALL,ALL,2022,461.696380859333,,,,,,,,ALL_N1,,,,,,,
IT1:DF_DCSS_ISTR_LAV_PEN_2_TV_3(1.0),A,082035,RESPOP_AV,F,Y50-64,TOTAL,ALL,22,ALL,ALL,2023,483.01527236014874,,,,,,,,ALL_N1,,,,,,,
IT1:DF_DCSS_ISTR_LAV_PEN_2_TV_3(1.0),A,082035,RESPOP_AV,F,Y50-64,TOTAL,ALL,22,ALL,ALL,2024,523.7347788773925,,,,,,,,ALL_N1,,,,,,,
IT1:DF_DCSS_ISTR_LAV_PEN_2_TV_3(1.0),A,082035,RESPOP_AV,F,Y50-64,TOTAL,ALL,23,ALL,ALL,2018,762,,,,,,,,ALL_N1,,,,,,,
IT1:DF_DCSS_ISTR_LAV_PEN_2_TV_3(1.0),A,082035,RESPOP_AV,F,Y50-64,TOTAL,ALL,23,ALL,ALL,2019,782,,,,,,,,ALL_N1,,,,,,,
IT1:DF_DCSS_ISTR_LAV_PEN_2_TV_3(1.0),A,082035,RESPOP_AV,F,Y50-64,TOTAL,ALL,23,ALL,ALL,2021,866.824212249156,,,,,,,,ALL_N1,,,,,,,
IT1:DF_DCSS_ISTR_LAV_PEN_2_TV_3(1.0),A,082035,RESPOP_AV,F,Y50-64,TOTAL,ALL,23,ALL,ALL,2022,862.303619140667,,,,,,,,ALL_N1,,,,,,,
IT1:DF_DCSS_ISTR_LAV_PEN_2_TV_3(1.0),A,082035,RESPOP_AV,F,Y50-64,TOTAL,ALL,23,ALL,ALL,2023,876.9847276398511,,,,,,,,ALL_N1,,,,,,,
IT1:DF_DCSS_ISTR_LAV_PEN_2_TV_3(1.0),A,082035,RESPOP_AV,F,Y50-64,TOTAL,ALL,23,ALL,ALL,2024,894.2652211226074,,,,,,,,ALL_N1,,,,,,,
IT1:DF_DCSS_ISTR_LAV_PEN_2_TV_3(1.0),A,082035,RESPOP_AV,F,Y50-64,TOTAL,ALL,24,ALL,ALL,2018,32,,,,,,,,ALL_N1,,,,,,,
IT1:DF_DCSS_ISTR_LAV_PEN_2_TV_3(1.0),A,082035,RESPOP_AV,F,Y50-64,TOTAL,ALL,24,ALL,ALL,2019,37,,,,,,,,ALL_N1,,,,,,,
IT1:DF_DCSS_ISTR_LAV_PEN_2_TV_3(1.0),A,082035,RESPOP_AV,F,Y50-64,TOTAL,ALL,24,ALL,ALL,2021,43.0395995916498,,,,,,,,ALL_N1,,,,,,,
IT1:DF_DCSS_ISTR_LAV_PEN_2_TV_3(1.0),A,082035,RESPOP_AV,F,Y50-64,TOTAL,ALL,24,ALL,ALL,2022,26.272527840984,,,,,,,,ALL_N1,,,,,,,
IT1:DF_DCSS_ISTR_LAV_PEN_2_TV_3(1.0),A,082035,RESPOP_AV,F,Y50-64,TOTAL,ALL,24,ALL,ALL,2023,24.82798409937146,,,,,,,,ALL_N1,,,,,,,
IT1:DF_DCSS_ISTR_LAV_PEN_2_TV_3(1.0),A,082035,RESPOP_AV,F,Y50-64,TOTAL,ALL,24,ALL,ALL,2024,28.55382837179542,,,,,,,,ALL_N1,,,,,,,
IT1:DF_DCSS_ISTR_LAV_PEN_2_TV_3(1.0),A,082035,RESPOP_AV,F,Y50-64,TOTAL,ALL,4,ALL,ALL,2018,661,,,,,,,,ALL_N1,,,,,,,
IT1:DF_DCSS_ISTR_LAV_PEN_2_TV_3(1.0),A,082035,RESPOP_AV,F,Y50-64,TOTAL,ALL,4,ALL,ALL,2019,685,,,,,,,,ALL_N1,,,,,,,
IT1:DF_DCSS_ISTR_LAV_PEN_2_TV_3(1.0),A,082035,RESPOP_AV,F,Y50-64,TOTAL,ALL,4,ALL,ALL,2021,741.613335342478,,,,,,,,ALL_N1,,,,,,,
IT1:DF_DCSS_ISTR_LAV_PEN_2_TV_3(1.0),A,082035,RESPOP_AV,F,Y50-64,TOTAL,ALL,4,ALL,ALL,2022,732.16727541573,,,,,,,,ALL_N1,,,,,,,
IT1:DF_DCSS_ISTR_LAV_PEN_2_TV_3(1.0),A,082035,RESPOP_AV,F,Y50-64,TOTAL,ALL,4,ALL,ALL,2023,747.1701566561378,,,,,,,,ALL_N1,,,,,,,
IT1:DF_DCSS_ISTR_LAV_PEN_2_TV_3(1.0),A,082035,RESPOP_AV,F,Y50-64,TOTAL,ALL,4,ALL,ALL,2024,754.1095223692213,,,,,,,,ALL_N1,,,,,,,
IT1:DF_DCSS_ISTR_LAV_PEN_2_TV_3(1.0),A,082035,RESPOP_AV,F,Y50-64,TOTAL,ALL,5,ALL,ALL,2018,0,JTEST,,,,,,,ALL_N1,,,,,,,
IT1:DF_DCSS_ISTR_LAV_PEN_2_TV_3(1.0),A,082035,RESPOP_AV,F,Y50-64,TOTAL,ALL,5,ALL,ALL,2019,0,JTEST,,,,,,,ALL_N1,,,,,,,
IT1:DF_DCSS_ISTR_LAV_PEN_2_TV_3(1.0),A,082035,RESPOP_AV,F,Y50-64,TOTAL,ALL,5,ALL,ALL,2021,2.2805417432282,,,,,,,,ALL_N1,,,,,,,
IT1:DF_DCSS_ISTR_LAV_PEN_2_TV_3(1.0),A,082035,RESPOP_AV,F,Y50-64,TOTAL,ALL,5,ALL,ALL,2022,2.0685230756771,,,,,,,,ALL_N1,,,,,,,
IT1:DF_DCSS_ISTR_LAV_PEN_2_TV_3(1.0),A,082035,RESPOP_AV,F,Y50-64,TOTAL,ALL,5,ALL,ALL,2023,1.6868105023608924,,,,,,,,ALL_N1,,,,,,,
IT1:DF_DCSS_ISTR_LAV_PEN_2_TV_3(1.0),A,082035,RESPOP_AV,F,Y50-64,TOTAL,ALL,5,ALL,ALL,2024,3.557431152729665,,,,,,,,ALL_N1,,,,,,,
IT1:DF_DCSS_ISTR_LAV_PEN_2_TV_3(1.0),A,082035,RESPOP_AV,F,Y50-64,TOTAL,ALL,7,ALL,ALL,2018,69,,,,,,,,ALL_N1,,,,,,,
IT1:DF_DCSS_ISTR_LAV_PEN_2_TV_3(1.0),A,082035,RESPOP_AV,F,Y50-64,TOTAL,ALL,7,ALL,ALL,2019,60,,,,,,,,ALL_N1,,,,,,,
IT1:DF_DCSS_ISTR_LAV_PEN_2_TV_3(1.0),A,082035,RESPOP_AV,F,Y50-64,TOTAL,ALL,7,ALL,ALL,2021,79.8907355718004,,,,,,,,ALL_N1,,,,,,,
IT1:DF_DCSS_ISTR_LAV_PEN_2_TV_3(1.0),A,082035,RESPOP_AV,F,Y50-64,TOTAL,ALL,7,ALL,ALL,2022,101.795292808276,,,,,,,,ALL_N1,,,,,,,
IT1:DF_DCSS_ISTR_LAV_PEN_2_TV_3(1.0),A,082035,RESPOP_AV,F,Y50-64,TOTAL,ALL,7,ALL,ALL,2023,103.29977638198096,,,,,,,,ALL_N1,,,,,,,
IT1:DF_DCSS_ISTR_LAV_PEN_2_TV_3(1.0),A,082035,RESPOP_AV,F,Y50-64,TOTAL,ALL,7,ALL,ALL,2024,108.04443922886101,,,,,,,,ALL_N1,,,,,,,
IT1:DF_DCSS_ISTR_LAV_PEN_2_TV_3(1.0),A,082035,RESPOP_AV,F,Y50-64,TOTAL,ALL,99,ALL,ALL,2018,1181,,,,,,,,ALL_N1,99_N1,,,,,,
IT1:DF_DCSS_ISTR_LAV_PEN_2_TV_3(1.0),A,082035,RESPOP_AV,F,Y50-64,TOTAL,ALL,99,ALL,ALL,2019,1224,,,,,,,,ALL_N1,99_N1,,,,,,
IT1:DF_DCSS_ISTR_LAV_PEN_2_TV_3(1.0),A,082035,RESPOP_AV,F,Y50-64,TOTAL,ALL,99,ALL,ALL,2020,1254,,,,,,,,ALL_N1,99_N1,,,,,,
IT1:DF_DCSS_ISTR_LAV_PEN_2_TV_3(1.0),A,082035,RESPOP_AV,F,Y50-64,TOTAL,ALL,99,ALL,ALL,2021,1310,,,,,,,,ALL_N1,99_N1,,,,,,
IT1:DF_DCSS_ISTR_LAV_PEN_2_TV_3(1.0),A,082035,RESPOP_AV,F,Y50-64,TOTAL,ALL,99,ALL,ALL,2022,1324,,,,,,,,ALL_N1,99_N1,,,,,,
IT1:DF_DCSS_ISTR_LAV_PEN_2_TV_3(1.0),A,082035,RESPOP_AV,F,Y50-64,TOTAL,ALL,99,ALL,ALL,2023,1360,,,,,,,,ALL_N1,99_N1,,,,,,
IT1:DF_DCSS_ISTR_LAV_PEN_2_TV_3(1.0),A,082035,RESPOP_AV,F,Y50-64,TOTAL,ALL,99,ALL,ALL,2024,1418,,,,,,,,ALL_N1,99_N1,,,,,,
IT1:DF_DCSS_ISTR_LAV_PEN_2_TV_3(1.0),A,082035,RESPOP_AV,M,Y_GE15,TOTAL,ALL,1,ALL,ALL,2018,2256,,,,,,,,ALL_N1,,,,,,,
IT1:DF_DCSS_ISTR_LAV_PEN_2_TV_3(1.0),A,082035,RESPOP_AV,M,Y_GE15,TOTAL,ALL,1,ALL,ALL,2019,2330,,,,,,,,ALL_N1,,,,,,,
IT1:DF_DCSS_ISTR_LAV_PEN_2_TV_3(1.0),A,082035,RESPOP_AV,M,Y_GE15,TOTAL,ALL,1,ALL,ALL,2021,2465,,,,,,,,ALL_N1,,,,,,,
IT1:DF_DCSS_ISTR_LAV_PEN_2_TV_3(1.0),A,082035,RESPOP_AV,M,Y_GE15,TOTAL,ALL,1,ALL,ALL,2022,2483,,,,,,,,ALL_N1,,,,,,,
IT1:DF_DCSS_ISTR_LAV_PEN_2_TV_3(1.0),A,082035,RESPOP_AV,M,Y_GE15,TOTAL,ALL,1,ALL,ALL,2023,2518,,,,,,,,ALL_N1,,,,,,,
IT1:DF_DCSS_ISTR_LAV_PEN_2_TV_3(1.0),A,082035,RESPOP_AV,M,Y_GE15,TOTAL,ALL,1,ALL,ALL,2024,2557,,,,,,,,ALL_N1,,,,,,,
IT1:DF_DCSS_ISTR_LAV_PEN_2_TV_3(1.0),A,082035,RESPOP_AV,M,Y_GE15,TOTAL,ALL,12,ALL,ALL,2018,831,,,,,,,,ALL_N1,,,,,,,
IT1:DF_DCSS_ISTR_LAV_PEN_2_TV_3(1.0),A,082035,RESPOP_AV,M,Y_GE15,TOTAL,ALL,12,ALL,ALL,2019,837,,,,,,,,ALL_N1,,,,,,,
IT1:DF_DCSS_ISTR_LAV_PEN_2_TV_3(1.0),A,082035,RESPOP_AV,M,Y_GE15,TOTAL,ALL,12,ALL,ALL,2021,513.561140214074,,,,,,,,ALL_N1,,,,,,,
IT1:DF_DCSS_ISTR_LAV_PEN_2_TV_3(1.0),A,082035,RESPOP_AV,M,Y_GE15,TOTAL,ALL,12,ALL,ALL,2022,567.903842769889,,,,,,,,ALL_N1,,,,,,,
IT1:DF_DCSS_ISTR_LAV_PEN_2_TV_3(1.0),A,082035,RESPOP_AV,M,Y_GE15,TOTAL,ALL,12,ALL,ALL,2023,479.20371567813635,,,,,,,,ALL_N1,,,,,,,
IT1:DF_DCSS_ISTR_LAV_PEN_2_TV_3(1.0),A,082035,RESPOP_AV,M,Y_GE15,TOTAL,ALL,12,ALL,ALL,2024,453.25751962020166,,,,,,,,ALL_N1,,,,,,,
IT1:DF_DCSS_ISTR_LAV_PEN_2_TV_3(1.0),A,082035,RESPOP_AV,M,Y_GE15,TOTAL,ALL,22,ALL,ALL,2018,3087,,,,,,,,ALL_N1,,,,,,,
IT1:DF_DCSS_ISTR_LAV_PEN_2_TV_3(1.0),A,082035,RESPOP_AV,M,Y_GE15,TOTAL,ALL,22,ALL,ALL,2019,3167,,,,,,,,ALL_N1,,,,,,,
IT1:DF_DCSS_ISTR_LAV_PEN_2_TV_3(1.0),A,082035,RESPOP_AV,M,Y_GE15,TOTAL,ALL,22,ALL,ALL,2021,2978.56114021407,,,,,,,,ALL_N1,,,,,,,
IT1:DF_DCSS_ISTR_LAV_PEN_2_TV_3(1.0),A,082035,RESPOP_AV,M,Y_GE15,TOTAL,ALL,22,ALL,ALL,2022,3050.90384276989,,,,,,,,ALL_N1,,,,,,,
IT1:DF_DCSS_ISTR_LAV_PEN_2_TV_3(1.0),A,082035,RESPOP_AV,M,Y_GE15,TOTAL,ALL,22,ALL,ALL,2023,2997.203715678136,,,,,,,,ALL_N1,,,,,,,
IT1:DF_DCSS_ISTR_LAV_PEN_2_TV_3(1.0),A,082035,RESPOP_AV,M,Y_GE15,TOTAL,ALL,22,ALL,ALL,2024,3010.2575196202015,,,,,,,,ALL_N1,,,,,,,
IT1:DF_DCSS_ISTR_LAV_PEN_2_TV_3(1.0),A,082035,RESPOP_AV,M,Y_GE15,TOTAL,ALL,23,ALL,ALL,2018,1926,,,,,,,,ALL_N1,,,,,,,
IT1:DF_DCSS_ISTR_LAV_PEN_2_TV_3(1.0),A,082035,RESPOP_AV,M,Y_GE15,TOTAL,ALL,23,ALL,ALL,2019,1917,,,,,,,,ALL_N1,,,,,,,
IT1:DF_DCSS_ISTR_LAV_PEN_2_TV_3(1.0),A,082035,RESPOP_AV,M,Y_GE15,TOTAL,ALL,23,ALL,ALL,2021,2189.43885978593,,,,,,,,ALL_N1,,,,,,,
IT1:DF_DCSS_ISTR_LAV_PEN_2_TV_3(1.0),A,082035,RESPOP_AV,M,Y_GE15,TOTAL,ALL,23,ALL,ALL,2022,2154.09615723011,,,,,,,,ALL_N1,,,,,,,
IT1:DF_DCSS_ISTR_LAV_PEN_2_TV_3(1.0),A,082035,RESPOP_AV,M,Y_GE15,TOTAL,ALL,23,ALL,ALL,2023,2148.7962843218634,,,,,,,,ALL_N1,,,,,,,
IT1:DF_DCSS_ISTR_LAV_PEN_2_TV_3(1.0),A,082035,RESPOP_AV,M,Y_GE15,TOTAL,ALL,23,ALL,ALL,2024,2186.742480379798,,,,,,,,ALL_N1,,,,,,,
IT1:DF_DCSS_ISTR_LAV_PEN_2_TV_3(1.0),A,082035,RESPOP_AV,M,Y_GE15,TOTAL,ALL,24,ALL,ALL,2018,724,,,,,,,,ALL_N1,,,,,,,
IT1:DF_DCSS_ISTR_LAV_PEN_2_TV_3(1.0),A,082035,RESPOP_AV,M,Y_GE15,TOTAL,ALL,24,ALL,ALL,2019,786,,,,,,,,ALL_N1,,,,,,,
IT1:DF_DCSS_ISTR_LAV_PEN_2_TV_3(1.0),A,082035,RESPOP_AV,M,Y_GE15,TOTAL,ALL,24,ALL,ALL,2021,837.381927917904,,,,,,,,ALL_N1,,,,,,,
IT1:DF_DCSS_ISTR_LAV_PEN_2_TV_3(1.0),A,082035,RESPOP_AV,M,Y_GE15,TOTAL,ALL,24,ALL,ALL,2022,794.59689993126,,,,,,,,ALL_N1,,,,,,,
IT1:DF_DCSS_ISTR_LAV_PEN_2_TV_3(1.0),A,082035,RESPOP_AV,M,Y_GE15,TOTAL,ALL,24,ALL,ALL,2023,787.0976549126764,,,,,,,,ALL_N1,,,,,,,
IT1:DF_DCSS_ISTR_LAV_PEN_2_TV_3(1.0),A,082035,RESPOP_AV,M,Y_GE15,TOTAL,ALL,24,ALL,ALL,2024,849.3425320086995,,,,,,,,ALL_N1,,,,,,,
IT1:DF_DCSS_ISTR_LAV_PEN_2_TV_3(1.0),A,082035,RESPOP_AV,M,Y_GE15,TOTAL,ALL,4,ALL,ALL,2018,103,,,,,,,,ALL_N1,,,,,,,
IT1:DF_DCSS_ISTR_LAV_PEN_2_TV_3(1.0),A,082035,RESPOP_AV,M,Y_GE15,TOTAL,ALL,4,ALL,ALL,2019,115,,,,,,,,ALL_N1,,,,,,,
IT1:DF_DCSS_ISTR_LAV_PEN_2_TV_3(1.0),A,082035,RESPOP_AV,M,Y_GE15,TOTAL,ALL,4,ALL,ALL,2021,169.204584449975,,,,,,,,ALL_N1,,,,,,,
IT1:DF_DCSS_ISTR_LAV_PEN_2_TV_3(1.0),A,082035,RESPOP_AV,M,Y_GE15,TOTAL,ALL,4,ALL,ALL,2022,166.425653850857,,,,,,,,ALL_N1,,,,,,,
IT1:DF_DCSS_ISTR_LAV_PEN_2_TV_3(1.0),A,082035,RESPOP_AV,M,Y_GE15,TOTAL,ALL,4,ALL,ALL,2023,189.11351475925701,,,,,,,,ALL_N1,,,,,,,
IT1:DF_DCSS_ISTR_LAV_PEN_2_TV_3(1.0),A,082035,RESPOP_AV,M,Y_GE15,TOTAL,ALL,4,ALL,ALL,2024,155.50579887851006,,,,,,,,ALL_N1,,,,,,,
IT1:DF_DCSS_ISTR_LAV_PEN_2_TV_3(1.0),A,082035,RESPOP_AV,M,Y_GE15,TOTAL,ALL,5,ALL,ALL,2018,458,,,,,,,,ALL_N1,,,,,,,
IT1:DF_DCSS_ISTR_LAV_PEN_2_TV_3(1.0),A,082035,RESPOP_AV,M,Y_GE15,TOTAL,ALL,5,ALL,ALL,2019,489,,,,,,,,ALL_N1,,,,,,,
IT1:DF_DCSS_ISTR_LAV_PEN_2_TV_3(1.0),A,082035,RESPOP_AV,M,Y_GE15,TOTAL,ALL,5,ALL,ALL,2021,481.559303749675,,,,,,,,ALL_N1,,,,,,,
IT1:DF_DCSS_ISTR_LAV_PEN_2_TV_3(1.0),A,082035,RESPOP_AV,M,Y_GE15,TOTAL,ALL,5,ALL,ALL,2022,489.987525521768,,,,,,,,ALL_N1,,,,,,,
IT1:DF_DCSS_ISTR_LAV_PEN_2_TV_3(1.0),A,082035,RESPOP_AV,M,Y_GE15,TOTAL,ALL,5,ALL,ALL,2023,461.61626003028493,,,,,,,,ALL_N1,,,,,,,
IT1:DF_DCSS_ISTR_LAV_PEN_2_TV_3(1.0),A,082035,RESPOP_AV,M,Y_GE15,TOTAL,ALL,5,ALL,ALL,2024,499.33384987265106,,,,,,,,ALL_N1,,,,,,,
IT1:DF_DCSS_ISTR_LAV_PEN_2_TV_3(1.0),A,082035,RESPOP_AV,M,Y_GE15,TOTAL,ALL,7,ALL,ALL,2018,642,,,,,,,,ALL_N1,,,,,,,
IT1:DF_DCSS_ISTR_LAV_PEN_2_TV_3(1.0),A,082035,RESPOP_AV,M,Y_GE15,TOTAL,ALL,7,ALL,ALL,2019,527,,,,,,,,ALL_N1,,,,,,,
IT1:DF_DCSS_ISTR_LAV_PEN_2_TV_3(1.0),A,082035,RESPOP_AV,M,Y_GE15,TOTAL,ALL,7,ALL,ALL,2021,701.293043668371,,,,,,,,ALL_N1,,,,,,,
IT1:DF_DCSS_ISTR_LAV_PEN_2_TV_3(1.0),A,082035,RESPOP_AV,M,Y_GE15,TOTAL,ALL,7,ALL,ALL,2022,703.086077926225,,,,,,,,ALL_N1,,,,,,,
IT1:DF_DCSS_ISTR_LAV_PEN_2_TV_3(1.0),A,082035,RESPOP_AV,M,Y_GE15,TOTAL,ALL,7,ALL,ALL,2023,710.9688546196452,,,,,,,,ALL_N1,,,,,,,
IT1:DF_DCSS_ISTR_LAV_PEN_2_TV_3(1.0),A,082035,RESPOP_AV,M,Y_GE15,TOTAL,ALL,7,ALL,ALL,2024,682.5602996199374,,,,,,,,ALL_N1,,,,,,,
IT1:DF_DCSS_ISTR_LAV_PEN_2_TV_3(1.0),A,082035,RESPOP_AV,M,Y_GE15,TOTAL,ALL,99,ALL,ALL,2018,5013,,,,,,,,ALL_N1,99_N1,,,,,,
IT1:DF_DCSS_ISTR_LAV_PEN_2_TV_3(1.0),A,082035,RESPOP_AV,M,Y_GE15,TOTAL,ALL,99,ALL,ALL,2019,5084,,,,,,,,ALL_N1,99_N1,,,,,,
IT1:DF_DCSS_ISTR_LAV_PEN_2_TV_3(1.0),A,082035,RESPOP_AV,M,Y_GE15,TOTAL,ALL,99,ALL,ALL,2021,5168,,,,,,,,ALL_N1,99_N1,,,,,,
IT1:DF_DCSS_ISTR_LAV_PEN_2_TV_3(1.0),A,082035,RESPOP_AV,M,Y_GE15,TOTAL,ALL,99,ALL,ALL,2022,5205,,,,,,,,ALL_N1,99_N1,,,,,,
IT1:DF_DCSS_ISTR_LAV_PEN_2_TV_3(1.0),A,082035,RESPOP_AV,M,Y_GE15,TOTAL,ALL,99,ALL,ALL,2023,5146,,,,,,,,ALL_N1,99_N1,,,,,,
IT1:DF_DCSS_ISTR_LAV_PEN_2_TV_3(1.0),A,082035,RESPOP_AV,M,Y_GE15,TOTAL,ALL,99,ALL,ALL,2024,5197,,,,,,,,ALL_N1,99_N1,,,,,,
IT1:DF_DCSS_ISTR_LAV_PEN_2_TV_3(1.0),A,082035,RESPOP_AV,M,Y_GE65,TOTAL,ALL,1,ALL,ALL,2018,56,,,,,,,,ALL_N1,,,,,,,
IT1:DF_DCSS_ISTR_LAV_PEN_2_TV_3(1.0),A,082035,RESPOP_AV,M,Y_GE65,TOTAL,ALL,1,ALL,ALL,2019,65,,,,,,,,ALL_N1,,,,,,,
IT1:DF_DCSS_ISTR_LAV_PEN_2_TV_3(1.0),A,082035,RESPOP_AV,M,Y_GE65,TOTAL,ALL,1,ALL,ALL,2021,62,,,,,,,,ALL_N1,,,,,,,
IT1:DF_DCSS_ISTR_LAV_PEN_2_TV_3(1.0),A,082035,RESPOP_AV,M,Y_GE65,TOTAL,ALL,1,ALL,ALL,2022,62,,,,,,,,ALL_N1,,,,,,,
IT1:DF_DCSS_ISTR_LAV_PEN_2_TV_3(1.0),A,082035,RESPOP_AV,M,Y_GE65,TOTAL,ALL,1,ALL,ALL,2023,60,,,,,,,,ALL_N1,,,,,,,
IT1:DF_DCSS_ISTR_LAV_PEN_2_TV_3(1.0),A,082035,RESPOP_AV,M,Y_GE65,TOTAL,ALL,1,ALL,ALL,2024,67,,,,,,,,ALL_N1,,,,,,,
IT1:DF_DCSS_ISTR_LAV_PEN_2_TV_3(1.0),A,082035,RESPOP_AV,M,Y_GE65,TOTAL,ALL,12,ALL,ALL,2018,4,,,,,,,,ALL_N1,,,,,,,
IT1:DF_DCSS_ISTR_LAV_PEN_2_TV_3(1.0),A,082035,RESPOP_AV,M,Y_GE65,TOTAL,ALL,12,ALL,ALL,2019,5,,,,,,,,ALL_N1,,,,,,,
IT1:DF_DCSS_ISTR_LAV_PEN_2_TV_3(1.0),A,082035,RESPOP_AV,M,Y_GE65,TOTAL,ALL,12,ALL,ALL,2021,2.75056986450673,,,,,,,,ALL_N1,,,,,,,
IT1:DF_DCSS_ISTR_LAV_PEN_2_TV_3(1.0),A,082035,RESPOP_AV,M,Y_GE65,TOTAL,ALL,12,ALL,ALL,2022,2.49922400996508,,,,,,,,ALL_N1,,,,,,,
IT1:DF_DCSS_ISTR_LAV_PEN_2_TV_3(1.0),A,082035,RESPOP_AV,M,Y_GE65,TOTAL,ALL,12,ALL,ALL,2023,1.7542588185413075,,,,,,,,ALL_N1,,,,,,,
IT1:DF_DCSS_ISTR_LAV_PEN_2_TV_3(1.0),A,082035,RESPOP_AV,M,Y_GE65,TOTAL,ALL,12,ALL,ALL,2024,1.7938142550347769,,,,,,,,ALL_N1,,,,,,,
IT1:DF_DCSS_ISTR_LAV_PEN_2_TV_3(1.0),A,082035,RESPOP_AV,M,Y_GE65,TOTAL,ALL,22,ALL,ALL,2018,60,,,,,,,,ALL_N1,,,,,,,
IT1:DF_DCSS_ISTR_LAV_PEN_2_TV_3(1.0),A,082035,RESPOP_AV,M,Y_GE65,TOTAL,ALL,22,ALL,ALL,2019,70,,,,,,,,ALL_N1,,,,,,,
IT1:DF_DCSS_ISTR_LAV_PEN_2_TV_3(1.0),A,082035,RESPOP_AV,M,Y_GE65,TOTAL,ALL,22,ALL,ALL,2021,64.7505698645067,,,,,,,,ALL_N1,,,,,,,
IT1:DF_DCSS_ISTR_LAV_PEN_2_TV_3(1.0),A,082035,RESPOP_AV,M,Y_GE65,TOTAL,ALL,22,ALL,ALL,2022,64.4992240099651,,,,,,,,ALL_N1,,,,,,,
IT1:DF_DCSS_ISTR_LAV_PEN_2_TV_3(1.0),A,082035,RESPOP_AV,M,Y_GE65,TOTAL,ALL,22,ALL,ALL,2023,61.75425881854131,,,,,,,,ALL_N1,,,,,,,
IT1:DF_DCSS_ISTR_LAV_PEN_2_TV_3(1.0),A,082035,RESPOP_AV,M,Y_GE65,TOTAL,ALL,22,ALL,ALL,2024,68.79381425503477,,,,,,,,ALL_N1,,,,,,,
IT1:DF_DCSS_ISTR_LAV_PEN_2_TV_3(1.0),A,082035,RESPOP_AV,M,Y_GE65,TOTAL,ALL,23,ALL,ALL,2018,727,,,,,,,,ALL_N1,,,,,,,
IT1:DF_DCSS_ISTR_LAV_PEN_2_TV_3(1.0),A,082035,RESPOP_AV,M,Y_GE65,TOTAL,ALL,23,ALL,ALL,2019,744,,,,,,,,ALL_N1,,,,,,,
IT1:DF_DCSS_ISTR_LAV_PEN_2_TV_3(1.0),A,082035,RESPOP_AV,M,Y_GE65,TOTAL,ALL,23,ALL,ALL,2021,838.249430135493,,,,,,,,ALL_N1,,,,,,,
IT1:DF_DCSS_ISTR_LAV_PEN_2_TV_3(1.0),A,082035,RESPOP_AV,M,Y_GE65,TOTAL,ALL,23,ALL,ALL,2022,863.500775990035,,,,,,,,ALL_N1,,,,,,,
IT1:DF_DCSS_ISTR_LAV_PEN_2_TV_3(1.0),A,082035,RESPOP_AV,M,Y_GE65,TOTAL,ALL,23,ALL,ALL,2023,872.2457411814586,,,,,,,,ALL_N1,,,,,,,
IT1:DF_DCSS_ISTR_LAV_PEN_2_TV_3(1.0),A,082035,RESPOP_AV,M,Y_GE65,TOTAL,ALL,23,ALL,ALL,2024,885.2061857449651,,,,,,,,ALL_N1,,,,,,,
IT1:DF_DCSS_ISTR_LAV_PEN_2_TV_3(1.0),A,082035,RESPOP_AV,M,Y_GE65,TOTAL,ALL,24,ALL,ALL,2018,603,,,,,,,,ALL_N1,,,,,,,
IT1:DF_DCSS_ISTR_LAV_PEN_2_TV_3(1.0),A,082035,RESPOP_AV,M,Y_GE65,TOTAL,ALL,24,ALL,ALL,2019,641,,,,,,,,ALL_N1,,,,,,,
IT1:DF_DCSS_ISTR_LAV_PEN_2_TV_3(1.0),A,082035,RESPOP_AV,M,Y_GE65,TOTAL,ALL,24,ALL,ALL,2021,710.75413834563,,,,,,,,ALL_N1,,,,,,,
IT1:DF_DCSS_ISTR_LAV_PEN_2_TV_3(1.0),A,082035,RESPOP_AV,M,Y_GE65,TOTAL,ALL,24,ALL,ALL,2022,693.646682104169,,,,,,,,ALL_N1,,,,,,,
IT1:DF_DCSS_ISTR_LAV_PEN_2_TV_3(1.0),A,082035,RESPOP_AV,M,Y_GE65,TOTAL,ALL,24,ALL,ALL,2023,692.5594644362662,,,,,,,,ALL_N1,,,,,,,
IT1:DF_DCSS_ISTR_LAV_PEN_2_TV_3(1.0),A,082035,RESPOP_AV,M,Y_GE65,TOTAL,ALL,24,ALL,ALL,2024,738.6207895440639,,,,,,,,ALL_N1,,,,,,,
IT1:DF_DCSS_ISTR_LAV_PEN_2_TV_3(1.0),A,082035,RESPOP_AV,M,Y_GE65,TOTAL,ALL,4,ALL,ALL,2018,7,,,,,,,,ALL_N1,,,,,,,
IT1:DF_DCSS_ISTR_LAV_PEN_2_TV_3(1.0),A,082035,RESPOP_AV,M,Y_GE65,TOTAL,ALL,4,ALL,ALL,2019,10,,,,,,,,ALL_N1,,,,,,,
IT1:DF_DCSS_ISTR_LAV_PEN_2_TV_3(1.0),A,082035,RESPOP_AV,M,Y_GE65,TOTAL,ALL,4,ALL,ALL,2021,12.5152088540833,,,,,,,,ALL_N1,,,,,,,
IT1:DF_DCSS_ISTR_LAV_PEN_2_TV_3(1.0),A,082035,RESPOP_AV,M,Y_GE65,TOTAL,ALL,4,ALL,ALL,2022,16.3490215543825,,,,,,,,ALL_N1,,,,,,,
IT1:DF_DCSS_ISTR_LAV_PEN_2_TV_3(1.0),A,082035,RESPOP_AV,M,Y_GE65,TOTAL,ALL,4,ALL,ALL,2023,17.15739920936928,,,,,,,,ALL_N1,,,,,,,
IT1:DF_DCSS_ISTR_LAV_PEN_2_TV_3(1.0),A,082035,RESPOP_AV,M,Y_GE65,TOTAL,ALL,4,ALL,ALL,2024,13.743214695792545,,,,,,,,ALL_N1,,,,,,,
IT1:DF_DCSS_ISTR_LAV_PEN_2_TV_3(1.0),A,082035,RESPOP_AV,M,Y_GE65,TOTAL,ALL,5,ALL,ALL,2018,1,,,,,,,,ALL_N1,,,,,,,
IT1:DF_DCSS_ISTR_LAV_PEN_2_TV_3(1.0),A,082035,RESPOP_AV,M,Y_GE65,TOTAL,ALL,5,ALL,ALL,2019,0,JTEST,,,,,,,ALL_N1,,,,,,,
IT1:DF_DCSS_ISTR_LAV_PEN_2_TV_3(1.0),A,082035,RESPOP_AV,M,Y_GE65,TOTAL,ALL,5,ALL,ALL,2021,2.85686180259071E-06,,,,,,,,ALL_N1,,,,,,,
IT1:DF_DCSS_ISTR_LAV_PEN_2_TV_3(1.0),A,082035,RESPOP_AV,M,Y_GE65,TOTAL,ALL,5,ALL,ALL,2022,0.0702108083660914,,,,,,,,ALL_N1,,,,,,,
IT1:DF_DCSS_ISTR_LAV_PEN_2_TV_3(1.0),A,082035,RESPOP_AV,M,Y_GE65,TOTAL,ALL,5,ALL,ALL,2023,0.07281670198108033,,,,,,,,ALL_N1,,,,,,,
IT1:DF_DCSS_ISTR_LAV_PEN_2_TV_3(1.0),A,082035,RESPOP_AV,M,Y_GE65,TOTAL,ALL,5,ALL,ALL,2024,0.044263957568029574,,,,,,,,ALL_N1,,,,,,,
IT1:DF_DCSS_ISTR_LAV_PEN_2_TV_3(1.0),A,082035,RESPOP_AV,M,Y_GE65,TOTAL,ALL,7,ALL,ALL,2018,116,,,,,,,,ALL_N1,,,,,,,
IT1:DF_DCSS_ISTR_LAV_PEN_2_TV_3(1.0),A,082035,RESPOP_AV,M,Y_GE65,TOTAL,ALL,7,ALL,ALL,2019,93,,,,,,,,ALL_N1,,,,,,,
IT1:DF_DCSS_ISTR_LAV_PEN_2_TV_3(1.0),A,082035,RESPOP_AV,M,Y_GE65,TOTAL,ALL,7,ALL,ALL,2021,114.980080078918,,,,,,,,ALL_N1,,,,,,,
IT1:DF_DCSS_ISTR_LAV_PEN_2_TV_3(1.0),A,082035,RESPOP_AV,M,Y_GE65,TOTAL,ALL,7,ALL,ALL,2022,153.434861523118,,,,,,,,ALL_N1,,,,,,,
IT1:DF_DCSS_ISTR_LAV_PEN_2_TV_3(1.0),A,082035,RESPOP_AV,M,Y_GE65,TOTAL,ALL,7,ALL,ALL,2023,162.456060833842,,,,,,,,ALL_N1,,,,,,,
IT1:DF_DCSS_ISTR_LAV_PEN_2_TV_3(1.0),A,082035,RESPOP_AV,M,Y_GE65,TOTAL,ALL,7,ALL,ALL,2024,132.79791754754064,,,,,,,,ALL_N1,,,,,,,
IT1:DF_DCSS_ISTR_LAV_PEN_2_TV_3(1.0),A,082035,RESPOP_AV,M,Y_GE65,TOTAL,ALL,99,ALL,ALL,2018,787,,,,,,,,ALL_N1,99_N1,,,,,,
IT1:DF_DCSS_ISTR_LAV_PEN_2_TV_3(1.0),A,082035,RESPOP_AV,M,Y_GE65,TOTAL,ALL,99,ALL,ALL,2019,814,,,,,,,,ALL_N1,99_N1,,,,,,
IT1:DF_DCSS_ISTR_LAV_PEN_2_TV_3(1.0),A,082035,RESPOP_AV,M,Y_GE65,TOTAL,ALL,99,ALL,ALL,2020,868,,,,,,,,ALL_N1,99_N1,,,,,,
IT1:DF_DCSS_ISTR_LAV_PEN_2_TV_3(1.0),A,082035,RESPOP_AV,M,Y_GE65,TOTAL,ALL,99,ALL,ALL,2021,903,,,,,,,,ALL_N1,99_N1,,,,,,
IT1:DF_DCSS_ISTR_LAV_PEN_2_TV_3(1.0),A,082035,RESPOP_AV,M,Y_GE65,TOTAL,ALL,99,ALL,ALL,2022,928,,,,,,,,ALL_N1,99_N1,,,,,,
IT1:DF_DCSS_ISTR_LAV_PEN_2_TV_3(1.0),A,082035,RESPOP_AV,M,Y_GE65,TOTAL,ALL,99,ALL,ALL,2023,934,,,,,,,,ALL_N1,99_N1,,,,,,
IT1:DF_DCSS_ISTR_LAV_PEN_2_TV_3(1.0),A,082035,RESPOP_AV,M,Y_GE65,TOTAL,ALL,99,ALL,ALL,2024,953.9999999999999,,,,,,,,ALL_N1,99_N1,,,,,,
IT1:DF_DCSS_ISTR_LAV_PEN_2_TV_3(1.0),A,082035,RESPOP_AV,M,Y15-24,TOTAL,ALL,1,ALL,ALL,2018,101,,,,,,,,ALL_N1,,,,,,,
IT1:DF_DCSS_ISTR_LAV_PEN_2_TV_3(1.0),A,082035,RESPOP_AV,M,Y15-24,TOTAL,ALL,1,ALL,ALL,2019,108,,,,,,,,ALL_N1,,,,,,,
IT1:DF_DCSS_ISTR_LAV_PEN_2_TV_3(1.0),A,082035,RESPOP_AV,M,Y15-24,TOTAL,ALL,1,ALL,ALL,2021,113,,,,,,,,ALL_N1,,,,,,,
IT1:DF_DCSS_ISTR_LAV_PEN_2_TV_3(1.0),A,082035,RESPOP_AV,M,Y15-24,TOTAL,ALL,1,ALL,ALL,2022,128,,,,,,,,ALL_N1,,,,,,,
IT1:DF_DCSS_ISTR_LAV_PEN_2_TV_3(1.0),A,082035,RESPOP_AV,M,Y15-24,TOTAL,ALL,1,ALL,ALL,2023,118,,,,,,,,ALL_N1,,,,,,,
IT1:DF_DCSS_ISTR_LAV_PEN_2_TV_3(1.0),A,082035,RESPOP_AV,M,Y15-24,TOTAL,ALL,1,ALL,ALL,2024,114,,,,,,,,ALL_N1,,,,,,,
IT1:DF_DCSS_ISTR_LAV_PEN_2_TV_3(1.0),A,082035,RESPOP_AV,M,Y15-24,TOTAL,ALL,12,ALL,ALL,2018,158,,,,,,,,ALL_N1,,,,,,,
IT1:DF_DCSS_ISTR_LAV_PEN_2_TV_3(1.0),A,082035,RESPOP_AV,M,Y15-24,TOTAL,ALL,12,ALL,ALL,2019,162,,,,,,,,ALL_N1,,,,,,,
IT1:DF_DCSS_ISTR_LAV_PEN_2_TV_3(1.0),A,082035,RESPOP_AV,M,Y15-24,TOTAL,ALL,12,ALL,ALL,2021,111.826312366149,,,,,,,,ALL_N1,,,,,,,
IT1:DF_DCSS_ISTR_LAV_PEN_2_TV_3(1.0),A,082035,RESPOP_AV,M,Y15-24,TOTAL,ALL,12,ALL,ALL,2022,115.404557569135,,,,,,,,ALL_N1,,,,,,,
IT1:DF_DCSS_ISTR_LAV_PEN_2_TV_3(1.0),A,082035,RESPOP_AV,M,Y15-24,TOTAL,ALL,12,ALL,ALL,2023,114.52331984806828,,,,,,,,ALL_N1,,,,,,,
IT1:DF_DCSS_ISTR_LAV_PEN_2_TV_3(1.0),A,082035,RESPOP_AV,M,Y15-24,TOTAL,ALL,12,ALL,ALL,2024,94.4029471816659,,,,,,,,ALL_N1,,,,,,,
IT1:DF_DCSS_ISTR_LAV_PEN_2_TV_3(1.0),A,082035,RESPOP_AV,M,Y15-24,TOTAL,ALL,22,ALL,ALL,2018,259,,,,,,,,ALL_N1,,,,,,,
IT1:DF_DCSS_ISTR_LAV_PEN_2_TV_3(1.0),A,082035,RESPOP_AV,M,Y15-24,TOTAL,ALL,22,ALL,ALL,2019,270,,,,,,,,ALL_N1,,,,,,,
IT1:DF_DCSS_ISTR_LAV_PEN_2_TV_3(1.0),A,082035,RESPOP_AV,M,Y15-24,TOTAL,ALL,22,ALL,ALL,2021,224.826312366149,,,,,,,,ALL_N1,,,,,,,
IT1:DF_DCSS_ISTR_LAV_PEN_2_TV_3(1.0),A,082035,RESPOP_AV,M,Y15-24,TOTAL,ALL,22,ALL,ALL,2022,243.404557569135,,,,,,,,ALL_N1,,,,,,,
IT1:DF_DCSS_ISTR_LAV_PEN_2_TV_3(1.0),A,082035,RESPOP_AV,M,Y15-24,TOTAL,ALL,22,ALL,ALL,2023,232.52331984806827,,,,,,,,ALL_N1,,,,,,,
IT1:DF_DCSS_ISTR_LAV_PEN_2_TV_3(1.0),A,082035,RESPOP_AV,M,Y15-24,TOTAL,ALL,22,ALL,ALL,2024,208.4029471816659,,,,,,,,ALL_N1,,,,,,,
IT1:DF_DCSS_ISTR_LAV_PEN_2_TV_3(1.0),A,082035,RESPOP_AV,M,Y15-24,TOTAL,ALL,23,ALL,ALL,2018,543,,,,,,,,ALL_N1,,,,,,,
IT1:DF_DCSS_ISTR_LAV_PEN_2_TV_3(1.0),A,082035,RESPOP_AV,M,Y15-24,TOTAL,ALL,23,ALL,ALL,2019,540,,,,,,,,ALL_N1,,,,,,,
IT1:DF_DCSS_ISTR_LAV_PEN_2_TV_3(1.0),A,082035,RESPOP_AV,M,Y15-24,TOTAL,ALL,23,ALL,ALL,2021,560.173687633851,,,,,,,,ALL_N1,,,,,,,
IT1:DF_DCSS_ISTR_LAV_PEN_2_TV_3(1.0),A,082035,RESPOP_AV,M,Y15-24,TOTAL,ALL,23,ALL,ALL,2022,536.595442430865,,,,,,,,ALL_N1,,,,,,,
IT1:DF_DCSS_ISTR_LAV_PEN_2_TV_3(1.0),A,082035,RESPOP_AV,M,Y15-24,TOTAL,ALL,23,ALL,ALL,2023,547.4766801519319,,,,,,,,ALL_N1,,,,,,,
IT1:DF_DCSS_ISTR_LAV_PEN_2_TV_3(1.0),A,082035,RESPOP_AV,M,Y15-24,TOTAL,ALL,23,ALL,ALL,2024,568.5970528183342,,,,,,,,ALL_N1,,,,,,,
IT1:DF_DCSS_ISTR_LAV_PEN_2_TV_3(1.0),A,082035,RESPOP_AV,M,Y15-24,TOTAL,ALL,24,ALL,ALL,2018,1,,,,,,,,ALL_N1,,,,,,,
IT1:DF_DCSS_ISTR_LAV_PEN_2_TV_3(1.0),A,082035,RESPOP_AV,M,Y15-24,TOTAL,ALL,24,ALL,ALL,2019,2,,,,,,,,ALL_N1,,,,,,,
IT1:DF_DCSS_ISTR_LAV_PEN_2_TV_3(1.0),A,082035,RESPOP_AV,M,Y15-24,TOTAL,ALL,24,ALL,ALL,2021,1.20945340168637,,,,,,,,ALL_N1,,,,,,,
IT1:DF_DCSS_ISTR_LAV_PEN_2_TV_3(1.0),A,082035,RESPOP_AV,M,Y15-24,TOTAL,ALL,24,ALL,ALL,2022,1.40236515828869,,,,,,,,ALL_N1,,,,,,,
IT1:DF_DCSS_ISTR_LAV_PEN_2_TV_3(1.0),A,082035,RESPOP_AV,M,Y15-24,TOTAL,ALL,24,ALL,ALL,2023,1.6343415612944983,,,,,,,,ALL_N1,,,,,,,
IT1:DF_DCSS_ISTR_LAV_PEN_2_TV_3(1.0),A,082035,RESPOP_AV,M,Y15-24,TOTAL,ALL,24,ALL,ALL,2024,2.6124999962252025,,,,,,,,ALL_N1,,,,,,,
IT1:DF_DCSS_ISTR_LAV_PEN_2_TV_3(1.0),A,082035,RESPOP_AV,M,Y15-24,TOTAL,ALL,4,ALL,ALL,2018,7,,,,,,,,ALL_N1,,,,,,,
IT1:DF_DCSS_ISTR_LAV_PEN_2_TV_3(1.0),A,082035,RESPOP_AV,M,Y15-24,TOTAL,ALL,4,ALL,ALL,2019,8,,,,,,,,ALL_N1,,,,,,,
IT1:DF_DCSS_ISTR_LAV_PEN_2_TV_3(1.0),A,082035,RESPOP_AV,M,Y15-24,TOTAL,ALL,4,ALL,ALL,2021,15.5274720599836,,,,,,,,ALL_N1,,,,,,,
IT1:DF_DCSS_ISTR_LAV_PEN_2_TV_3(1.0),A,082035,RESPOP_AV,M,Y15-24,TOTAL,ALL,4,ALL,ALL,2022,8.2896327887703,,,,,,,,ALL_N1,,,,,,,
IT1:DF_DCSS_ISTR_LAV_PEN_2_TV_3(1.0),A,082035,RESPOP_AV,M,Y15-24,TOTAL,ALL,4,ALL,ALL,2023,13.461102060875085,,,,,,,,ALL_N1,,,,,,,
IT1:DF_DCSS_ISTR_LAV_PEN_2_TV_3(1.0),A,082035,RESPOP_AV,M,Y15-24,TOTAL,ALL,4,ALL,ALL,2024,10.558678810878124,,,,,,,,ALL_N1,,,,,,,
IT1:DF_DCSS_ISTR_LAV_PEN_2_TV_3(1.0),A,082035,RESPOP_AV,M,Y15-24,TOTAL,ALL,5,ALL,ALL,2018,413,,,,,,,,ALL_N1,,,,,,,
IT1:DF_DCSS_ISTR_LAV_PEN_2_TV_3(1.0),A,082035,RESPOP_AV,M,Y15-24,TOTAL,ALL,5,ALL,ALL,2019,444,,,,,,,,ALL_N1,,,,,,,
IT1:DF_DCSS_ISTR_LAV_PEN_2_TV_3(1.0),A,082035,RESPOP_AV,M,Y15-24,TOTAL,ALL,5,ALL,ALL,2021,439.88332998856,,,,,,,,ALL_N1,,,,,,,
IT1:DF_DCSS_ISTR_LAV_PEN_2_TV_3(1.0),A,082035,RESPOP_AV,M,Y15-24,TOTAL,ALL,5,ALL,ALL,2022,441.497233411744,,,,,,,,ALL_N1,,,,,,,
IT1:DF_DCSS_ISTR_LAV_PEN_2_TV_3(1.0),A,082035,RESPOP_AV,M,Y15-24,TOTAL,ALL,5,ALL,ALL,2023,429.76633165679567,,,,,,,,ALL_N1,,,,,,,
IT1:DF_DCSS_ISTR_LAV_PEN_2_TV_3(1.0),A,082035,RESPOP_AV,M,Y15-24,TOTAL,ALL,5,ALL,ALL,2024,453.3489019736442,,,,,,,,ALL_N1,,,,,,,
IT1:DF_DCSS_ISTR_LAV_PEN_2_TV_3(1.0),A,082035,RESPOP_AV,M,Y15-24,TOTAL,ALL,7,ALL,ALL,2018,122,,,,,,,,ALL_N1,,,,,,,
IT1:DF_DCSS_ISTR_LAV_PEN_2_TV_3(1.0),A,082035,RESPOP_AV,M,Y15-24,TOTAL,ALL,7,ALL,ALL,2019,86,,,,,,,,ALL_N1,,,,,,,
IT1:DF_DCSS_ISTR_LAV_PEN_2_TV_3(1.0),A,082035,RESPOP_AV,M,Y15-24,TOTAL,ALL,7,ALL,ALL,2021,103.553432183621,,,,,,,,ALL_N1,,,,,,,
IT1:DF_DCSS_ISTR_LAV_PEN_2_TV_3(1.0),A,082035,RESPOP_AV,M,Y15-24,TOTAL,ALL,7,ALL,ALL,2022,85.4062110720621,,,,,,,,ALL_N1,,,,,,,
IT1:DF_DCSS_ISTR_LAV_PEN_2_TV_3(1.0),A,082035,RESPOP_AV,M,Y15-24,TOTAL,ALL,7,ALL,ALL,2023,102.61490487296659,,,,,,,,ALL_N1,,,,,,,
IT1:DF_DCSS_ISTR_LAV_PEN_2_TV_3(1.0),A,082035,RESPOP_AV,M,Y15-24,TOTAL,ALL,7,ALL,ALL,2024,102.07697203758666,,,,,,,,ALL_N1,,,,,,,
IT1:DF_DCSS_ISTR_LAV_PEN_2_TV_3(1.0),A,082035,RESPOP_AV,M,Y15-24,TOTAL,ALL,99,ALL,ALL,2018,802,,,,,,,,ALL_N1,99_N1,,,,,,
IT1:DF_DCSS_ISTR_LAV_PEN_2_TV_3(1.0),A,082035,RESPOP_AV,M,Y15-24,TOTAL,ALL,99,ALL,ALL,2019,810,,,,,,,,ALL_N1,99_N1,,,,,,
IT1:DF_DCSS_ISTR_LAV_PEN_2_TV_3(1.0),A,082035,RESPOP_AV,M,Y15-24,TOTAL,ALL,99,ALL,ALL,2021,785,,,,,,,,ALL_N1,99_N1,,,,,,
IT1:DF_DCSS_ISTR_LAV_PEN_2_TV_3(1.0),A,082035,RESPOP_AV,M,Y15-24,TOTAL,ALL,99,ALL,ALL,2022,780,,,,,,,,ALL_N1,99_N1,,,,,,
IT1:DF_DCSS_ISTR_LAV_PEN_2_TV_3(1.0),A,082035,RESPOP_AV,M,Y15-24,TOTAL,ALL,99,ALL,ALL,2023,780.0000000000001,,,,,,,,ALL_N1,99_N1,,,,,,
IT1:DF_DCSS_ISTR_LAV_PEN_2_TV_3(1.0),A,082035,RESPOP_AV,M,Y15-24,TOTAL,ALL,99,ALL,ALL,2024,777.0000000000001,,,,,,,,ALL_N1,99_N1,,,,,,
IT1:DF_DCSS_ISTR_LAV_PEN_2_TV_3(1.0),A,082035,RESPOP_AV,M,Y25-49,TOTAL,ALL,1,ALL,ALL,2018,1433,,,,,,,,ALL_N1,,,,,,,
IT1:DF_DCSS_ISTR_LAV_PEN_2_TV_3(1.0),A,082035,RESPOP_AV,M,Y25-49,TOTAL,ALL,1,ALL,ALL,2019,1447,,,,,,,,ALL_N1,,,,,,,
IT1:DF_DCSS_ISTR_LAV_PEN_2_TV_3(1.0),A,082035,RESPOP_AV,M,Y25-49,TOTAL,ALL,1,ALL,ALL,2021,1501,,,,,,,,ALL_N1,,,,,,,
IT1:DF_DCSS_ISTR_LAV_PEN_2_TV_3(1.0),A,082035,RESPOP_AV,M,Y25-49,TOTAL,ALL,1,ALL,ALL,2022,1478,,,,,,,,ALL_N1,,,,,,,
IT1:DF_DCSS_ISTR_LAV_PEN_2_TV_3(1.0),A,082035,RESPOP_AV,M,Y25-49,TOTAL,ALL,1,ALL,ALL,2023,1470,,,,,,,,ALL_N1,,,,,,,
IT1:DF_DCSS_ISTR_LAV_PEN_2_TV_3(1.0),A,082035,RESPOP_AV,M,Y25-49,TOTAL,ALL,1,ALL,ALL,2024,1476,,,,,,,,ALL_N1,,,,,,,
IT1:DF_DCSS_ISTR_LAV_PEN_2_TV_3(1.0),A,082035,RESPOP_AV,M,Y25-49,TOTAL,ALL,12,ALL,ALL,2018,485,,,,,,,,ALL_N1,,,,,,,
IT1:DF_DCSS_ISTR_LAV_PEN_2_TV_3(1.0),A,082035,RESPOP_AV,M,Y25-49,TOTAL,ALL,12,ALL,ALL,2019,486,,,,,,,,ALL_N1,,,,,,,
IT1:DF_DCSS_ISTR_LAV_PEN_2_TV_3(1.0),A,082035,RESPOP_AV,M,Y25-49,TOTAL,ALL,12,ALL,ALL,2021,279.578981954988,,,,,,,,ALL_N1,,,,,,,
IT1:DF_DCSS_ISTR_LAV_PEN_2_TV_3(1.0),A,082035,RESPOP_AV,M,Y25-49,TOTAL,ALL,12,ALL,ALL,2022,312.888273293764,,,,,,,,ALL_N1,,,,,,,
IT1:DF_DCSS_ISTR_LAV_PEN_2_TV_3(1.0),A,082035,RESPOP_AV,M,Y25-49,TOTAL,ALL,12,ALL,ALL,2023,247.75061122421394,,,,,,,,ALL_N1,,,,,,,
IT1:DF_DCSS_ISTR_LAV_PEN_2_TV_3(1.0),A,082035,RESPOP_AV,M,Y25-49,TOTAL,ALL,12,ALL,ALL,2024,233.91067457281557,,,,,,,,ALL_N1,,,,,,,
IT1:DF_DCSS_ISTR_LAV_PEN_2_TV_3(1.0),A,082035,RESPOP_AV,M,Y25-49,TOTAL,ALL,22,ALL,ALL,2018,1918,,,,,,,,ALL_N1,,,,,,,
IT1:DF_DCSS_ISTR_LAV_PEN_2_TV_3(1.0),A,082035,RESPOP_AV,M,Y25-49,TOTAL,ALL,22,ALL,ALL,2019,1933,,,,,,,,ALL_N1,,,,,,,
IT1:DF_DCSS_ISTR_LAV_PEN_2_TV_3(1.0),A,082035,RESPOP_AV,M,Y25-49,TOTAL,ALL,22,ALL,ALL,2021,1780.57898195499,,,,,,,,ALL_N1,,,,,,,
IT1:DF_DCSS_ISTR_LAV_PEN_2_TV_3(1.0),A,082035,RESPOP_AV,M,Y25-49,TOTAL,ALL,22,ALL,ALL,2022,1790.88827329376,,,,,,,,ALL_N1,,,,,,,
IT1:DF_DCSS_ISTR_LAV_PEN_2_TV_3(1.0),A,082035,RESPOP_AV,M,Y25-49,TOTAL,ALL,22,ALL,ALL,2023,1717.750611224214,,,,,,,,ALL_N1,,,,,,,
IT1:DF_DCSS_ISTR_LAV_PEN_2_TV_3(1.0),A,082035,RESPOP_AV,M,Y25-49,TOTAL,ALL,22,ALL,ALL,2024,1709.9106745728157,,,,,,,,ALL_N1,,,,,,,
IT1:DF_DCSS_ISTR_LAV_PEN_2_TV_3(1.0),A,082035,RESPOP_AV,M,Y25-49,TOTAL,ALL,23,ALL,ALL,2018,361,,,,,,,,ALL_N1,,,,,,,
IT1:DF_DCSS_ISTR_LAV_PEN_2_TV_3(1.0),A,082035,RESPOP_AV,M,Y25-49,TOTAL,ALL,23,ALL,ALL,2019,343,,,,,,,,ALL_N1,,,,,,,
IT1:DF_DCSS_ISTR_LAV_PEN_2_TV_3(1.0),A,082035,RESPOP_AV,M,Y25-49,TOTAL,ALL,23,ALL,ALL,2021,423.421018045012,,,,,,,,ALL_N1,,,,,,,
IT1:DF_DCSS_ISTR_LAV_PEN_2_TV_3(1.0),A,082035,RESPOP_AV,M,Y25-49,TOTAL,ALL,23,ALL,ALL,2022,393.111726706236,,,,,,,,ALL_N1,,,,,,,
IT1:DF_DCSS_ISTR_LAV_PEN_2_TV_3(1.0),A,082035,RESPOP_AV,M,Y25-49,TOTAL,ALL,23,ALL,ALL,2023,379.2493887757861,,,,,,,,ALL_N1,,,,,,,
IT1:DF_DCSS_ISTR_LAV_PEN_2_TV_3(1.0),A,082035,RESPOP_AV,M,Y25-49,TOTAL,ALL,23,ALL,ALL,2024,376.08932542718446,,,,,,,,ALL_N1,,,,,,,
IT1:DF_DCSS_ISTR_LAV_PEN_2_TV_3(1.0),A,082035,RESPOP_AV,M,Y25-49,TOTAL,ALL,24,ALL,ALL,2018,22,,,,,,,,ALL_N1,,,,,,,
IT1:DF_DCSS_ISTR_LAV_PEN_2_TV_3(1.0),A,082035,RESPOP_AV,M,Y25-49,TOTAL,ALL,24,ALL,ALL,2019,31,,,,,,,,ALL_N1,,,,,,,
IT1:DF_DCSS_ISTR_LAV_PEN_2_TV_3(1.0),A,082035,RESPOP_AV,M,Y25-49,TOTAL,ALL,24,ALL,ALL,2021,23.5296856628916,,,,,,,,ALL_N1,,,,,,,
IT1:DF_DCSS_ISTR_LAV_PEN_2_TV_3(1.0),A,082035,RESPOP_AV,M,Y25-49,TOTAL,ALL,24,ALL,ALL,2022,18.4769480458317,,,,,,,,ALL_N1,,,,,,,
IT1:DF_DCSS_ISTR_LAV_PEN_2_TV_3(1.0),A,082035,RESPOP_AV,M,Y25-49,TOTAL,ALL,24,ALL,ALL,2023,18.814037120344498,,,,,,,,ALL_N1,,,,,,,
IT1:DF_DCSS_ISTR_LAV_PEN_2_TV_3(1.0),A,082035,RESPOP_AV,M,Y25-49,TOTAL,ALL,24,ALL,ALL,2024,26.57814427725063,,,,,,,,ALL_N1,,,,,,,
IT1:DF_DCSS_ISTR_LAV_PEN_2_TV_3(1.0),A,082035,RESPOP_AV,M,Y25-49,TOTAL,ALL,4,ALL,ALL,2018,49,,,,,,,,ALL_N1,,,,,,,
IT1:DF_DCSS_ISTR_LAV_PEN_2_TV_3(1.0),A,082035,RESPOP_AV,M,Y25-49,TOTAL,ALL,4,ALL,ALL,2019,54,,,,,,,,ALL_N1,,,,,,,
IT1:DF_DCSS_ISTR_LAV_PEN_2_TV_3(1.0),A,082035,RESPOP_AV,M,Y25-49,TOTAL,ALL,4,ALL,ALL,2021,77.2264246810736,,,,,,,,ALL_N1,,,,,,,
IT1:DF_DCSS_ISTR_LAV_PEN_2_TV_3(1.0),A,082035,RESPOP_AV,M,Y25-49,TOTAL,ALL,4,ALL,ALL,2022,72.5027302994171,,,,,,,,ALL_N1,,,,,,,
IT1:DF_DCSS_ISTR_LAV_PEN_2_TV_3(1.0),A,082035,RESPOP_AV,M,Y25-49,TOTAL,ALL,4,ALL,ALL,2023,82.2568361747746,,,,,,,,ALL_N1,,,,,,,
IT1:DF_DCSS_ISTR_LAV_PEN_2_TV_3(1.0),A,082035,RESPOP_AV,M,Y25-49,TOTAL,ALL,4,ALL,ALL,2024,62.84288748904395,,,,,,,,ALL_N1,,,,,,,
IT1:DF_DCSS_ISTR_LAV_PEN_2_TV_3(1.0),A,082035,RESPOP_AV,M,Y25-49,TOTAL,ALL,5,ALL,ALL,2018,43,,,,,,,,ALL_N1,,,,,,,
IT1:DF_DCSS_ISTR_LAV_PEN_2_TV_3(1.0),A,082035,RESPOP_AV,M,Y25-49,TOTAL,ALL,5,ALL,ALL,2019,44,,,,,,,,ALL_N1,,,,,,,
IT1:DF_DCSS_ISTR_LAV_PEN_2_TV_3(1.0),A,082035,RESPOP_AV,M,Y25-49,TOTAL,ALL,5,ALL,ALL,2021,41.0190015160063,,,,,,,,ALL_N1,,,,,,,
IT1:DF_DCSS_ISTR_LAV_PEN_2_TV_3(1.0),A,082035,RESPOP_AV,M,Y25-49,TOTAL,ALL,5,ALL,ALL,2022,47.2783438939288,,,,,,,,ALL_N1,,,,,,,
IT1:DF_DCSS_ISTR_LAV_PEN_2_TV_3(1.0),A,082035,RESPOP_AV,M,Y25-49,TOTAL,ALL,5,ALL,ALL,2023,31.023216230008575,,,,,,,,ALL_N1,,,,,,,
IT1:DF_DCSS_ISTR_LAV_PEN_2_TV_3(1.0),A,082035,RESPOP_AV,M,Y25-49,TOTAL,ALL,5,ALL,ALL,2024,44.25678551950007,,,,,,,,ALL_N1,,,,,,,
IT1:DF_DCSS_ISTR_LAV_PEN_2_TV_3(1.0),A,082035,RESPOP_AV,M,Y25-49,TOTAL,ALL,7,ALL,ALL,2018,247,,,,,,,,ALL_N1,,,,,,,
IT1:DF_DCSS_ISTR_LAV_PEN_2_TV_3(1.0),A,082035,RESPOP_AV,M,Y25-49,TOTAL,ALL,7,ALL,ALL,2019,214,,,,,,,,ALL_N1,,,,,,,
IT1:DF_DCSS_ISTR_LAV_PEN_2_TV_3(1.0),A,082035,RESPOP_AV,M,Y25-49,TOTAL,ALL,7,ALL,ALL,2021,281.645906185041,,,,,,,,ALL_N1,,,,,,,
IT1:DF_DCSS_ISTR_LAV_PEN_2_TV_3(1.0),A,082035,RESPOP_AV,M,Y25-49,TOTAL,ALL,7,ALL,ALL,2022,254.853704467058,,,,,,,,ALL_N1,,,,,,,
IT1:DF_DCSS_ISTR_LAV_PEN_2_TV_3(1.0),A,082035,RESPOP_AV,M,Y25-49,TOTAL,ALL,7,ALL,ALL,2023,247.15529925065843,,,,,,,,ALL_N1,,,,,,,
IT1:DF_DCSS_ISTR_LAV_PEN_2_TV_3(1.0),A,082035,RESPOP_AV,M,Y25-49,TOTAL,ALL,7,ALL,ALL,2024,242.41150814138982,,,,,,,,ALL_N1,,,,,,,
IT1:DF_DCSS_ISTR_LAV_PEN_2_TV_3(1.0),A,082035,RESPOP_AV,M,Y25-49,TOTAL,ALL,99,ALL,ALL,2018,2279,,,,,,,,ALL_N1,99_N1,,,,,,
IT1:DF_DCSS_ISTR_LAV_PEN_2_TV_3(1.0),A,082035,RESPOP_AV,M,Y25-49,TOTAL,ALL,99,ALL,ALL,2019,2276,,,,,,,,ALL_N1,99_N1,,,,,,
IT1:DF_DCSS_ISTR_LAV_PEN_2_TV_3(1.0),A,082035,RESPOP_AV,M,Y25-49,TOTAL,ALL,99,ALL,ALL,2020,2206,,,,,,,,ALL_N1,99_N1,,,,,,
IT1:DF_DCSS_ISTR_LAV_PEN_2_TV_3(1.0),A,082035,RESPOP_AV,M,Y25-49,TOTAL,ALL,99,ALL,ALL,2021,2204,,,,,,,,ALL_N1,99_N1,,,,,,
IT1:DF_DCSS_ISTR_LAV_PEN_2_TV_3(1.0),A,082035,RESPOP_AV,M,Y25-49,TOTAL,ALL,99,ALL,ALL,2022,2184,,,,,,,,ALL_N1,99_N1,,,,,,
IT1:DF_DCSS_ISTR_LAV_PEN_2_TV_3(1.0),A,082035,RESPOP_AV,M,Y25-49,TOTAL,ALL,99,ALL,ALL,2023,2097,,,,,,,,ALL_N1,99_N1,,,,,,
IT1:DF_DCSS_ISTR_LAV_PEN_2_TV_3(1.0),A,082035,RESPOP_AV,M,Y25-49,TOTAL,ALL,99,ALL,ALL,2024,2086,,,,,,,,ALL_N1,99_N1,,,,,,
IT1:DF_DCSS_ISTR_LAV_PEN_2_TV_3(1.0),A,082035,RESPOP_AV,M,Y50-64,TOTAL,ALL,1,ALL,ALL,2018,666,,,,,,,,ALL_N1,,,,,,,
IT1:DF_DCSS_ISTR_LAV_PEN_2_TV_3(1.0),A,082035,RESPOP_AV,M,Y50-64,TOTAL,ALL,1,ALL,ALL,2019,710,,,,,,,,ALL_N1,,,,,,,
IT1:DF_DCSS_ISTR_LAV_PEN_2_TV_3(1.0),A,082035,RESPOP_AV,M,Y50-64,TOTAL,ALL,1,ALL,ALL,2021,789,,,,,,,,ALL_N1,,,,,,,
IT1:DF_DCSS_ISTR_LAV_PEN_2_TV_3(1.0),A,082035,RESPOP_AV,M,Y50-64,TOTAL,ALL,1,ALL,ALL,2022,815,,,,,,,,ALL_N1,,,,,,,
IT1:DF_DCSS_ISTR_LAV_PEN_2_TV_3(1.0),A,082035,RESPOP_AV,M,Y50-64,TOTAL,ALL,1,ALL,ALL,2023,870,,,,,,,,ALL_N1,,,,,,,
IT1:DF_DCSS_ISTR_LAV_PEN_2_TV_3(1.0),A,082035,RESPOP_AV,M,Y50-64,TOTAL,ALL,1,ALL,ALL,2024,900,,,,,,,,ALL_N1,,,,,,,
IT1:DF_DCSS_ISTR_LAV_PEN_2_TV_3(1.0),A,082035,RESPOP_AV,M,Y50-64,TOTAL,ALL,12,ALL,ALL,2018,184,,,,,,,,ALL_N1,,,,,,,
IT1:DF_DCSS_ISTR_LAV_PEN_2_TV_3(1.0),A,082035,RESPOP_AV,M,Y50-64,TOTAL,ALL,12,ALL,ALL,2019,184,,,,,,,,ALL_N1,,,,,,,
IT1:DF_DCSS_ISTR_LAV_PEN_2_TV_3(1.0),A,082035,RESPOP_AV,M,Y50-64,TOTAL,ALL,12,ALL,ALL,2021,119.40527602843,,,,,,,,ALL_N1,,,,,,,
IT1:DF_DCSS_ISTR_LAV_PEN_2_TV_3(1.0),A,082035,RESPOP_AV,M,Y50-64,TOTAL,ALL,12,ALL,ALL,2022,137.111787897025,,,,,,,,ALL_N1,,,,,,,
IT1:DF_DCSS_ISTR_LAV_PEN_2_TV_3(1.0),A,082035,RESPOP_AV,M,Y50-64,TOTAL,ALL,12,ALL,ALL,2023,115.17552578731284,,,,,,,,ALL_N1,,,,,,,
IT1:DF_DCSS_ISTR_LAV_PEN_2_TV_3(1.0),A,082035,RESPOP_AV,M,Y50-64,TOTAL,ALL,12,ALL,ALL,2024,123.15008361068543,,,,,,,,ALL_N1,,,,,,,
IT1:DF_DCSS_ISTR_LAV_PEN_2_TV_3(1.0),A,082035,RESPOP_AV,M,Y50-64,TOTAL,ALL,22,ALL,ALL,2018,850,,,,,,,,ALL_N1,,,,,,,
IT1:DF_DCSS_ISTR_LAV_PEN_2_TV_3(1.0),A,082035,RESPOP_AV,M,Y50-64,TOTAL,ALL,22,ALL,ALL,2019,894,,,,,,,,ALL_N1,,,,,,,
IT1:DF_DCSS_ISTR_LAV_PEN_2_TV_3(1.0),A,082035,RESPOP_AV,M,Y50-64,TOTAL,ALL,22,ALL,ALL,2021,908.40527602843,,,,,,,,ALL_N1,,,,,,,
IT1:DF_DCSS_ISTR_LAV_PEN_2_TV_3(1.0),A,082035,RESPOP_AV,M,Y50-64,TOTAL,ALL,22,ALL,ALL,2022,952.111787897025,,,,,,,,ALL_N1,,,,,,,
IT1:DF_DCSS_ISTR_LAV_PEN_2_TV_3(1.0),A,082035,RESPOP_AV,M,Y50-64,TOTAL,ALL,22,ALL,ALL,2023,985.1755257873128,,,,,,,,ALL_N1,,,,,,,
IT1:DF_DCSS_ISTR_LAV_PEN_2_TV_3(1.0),A,082035,RESPOP_AV,M,Y50-64,TOTAL,ALL,22,ALL,ALL,2024,1023.1500836106854,,,,,,,,ALL_N1,,,,,,,
IT1:DF_DCSS_ISTR_LAV_PEN_2_TV_3(1.0),A,082035,RESPOP_AV,M,Y50-64,TOTAL,ALL,23,ALL,ALL,2018,295,,,,,,,,ALL_N1,,,,,,,
IT1:DF_DCSS_ISTR_LAV_PEN_2_TV_3(1.0),A,082035,RESPOP_AV,M,Y50-64,TOTAL,ALL,23,ALL,ALL,2019,290,,,,,,,,ALL_N1,,,,,,,
IT1:DF_DCSS_ISTR_LAV_PEN_2_TV_3(1.0),A,082035,RESPOP_AV,M,Y50-64,TOTAL,ALL,23,ALL,ALL,2021,367.59472397157,,,,,,,,ALL_N1,,,,,,,
IT1:DF_DCSS_ISTR_LAV_PEN_2_TV_3(1.0),A,082035,RESPOP_AV,M,Y50-64,TOTAL,ALL,23,ALL,ALL,2022,360.888212102975,,,,,,,,ALL_N1,,,,,,,
IT1:DF_DCSS_ISTR_LAV_PEN_2_TV_3(1.0),A,082035,RESPOP_AV,M,Y50-64,TOTAL,ALL,23,ALL,ALL,2023,349.82447421268705,,,,,,,,ALL_N1,,,,,,,
IT1:DF_DCSS_ISTR_LAV_PEN_2_TV_3(1.0),A,082035,RESPOP_AV,M,Y50-64,TOTAL,ALL,23,ALL,ALL,2024,356.84991638931444,,,,,,,,ALL_N1,,,,,,,
IT1:DF_DCSS_ISTR_LAV_PEN_2_TV_3(1.0),A,082035,RESPOP_AV,M,Y50-64,TOTAL,ALL,24,ALL,ALL,2018,97,,,,,,,,ALL_N1,,,,,,,
IT1:DF_DCSS_ISTR_LAV_PEN_2_TV_3(1.0),A,082035,RESPOP_AV,M,Y50-64,TOTAL,ALL,24,ALL,ALL,2019,112,,,,,,,,ALL_N1,,,,,,,
IT1:DF_DCSS_ISTR_LAV_PEN_2_TV_3(1.0),A,082035,RESPOP_AV,M,Y50-64,TOTAL,ALL,24,ALL,ALL,2021,101.888650507696,,,,,,,,ALL_N1,,,,,,,
IT1:DF_DCSS_ISTR_LAV_PEN_2_TV_3(1.0),A,082035,RESPOP_AV,M,Y50-64,TOTAL,ALL,24,ALL,ALL,2022,81.0709046229709,,,,,,,,ALL_N1,,,,,,,
IT1:DF_DCSS_ISTR_LAV_PEN_2_TV_3(1.0),A,082035,RESPOP_AV,M,Y50-64,TOTAL,ALL,24,ALL,ALL,2023,74.08981179477121,,,,,,,,ALL_N1,,,,,,,
IT1:DF_DCSS_ISTR_LAV_PEN_2_TV_3(1.0),A,082035,RESPOP_AV,M,Y50-64,TOTAL,ALL,24,ALL,ALL,2024,81.5310981911599,,,,,,,,ALL_N1,,,,,,,
IT1:DF_DCSS_ISTR_LAV_PEN_2_TV_3(1.0),A,082035,RESPOP_AV,M,Y50-64,TOTAL,ALL,4,ALL,ALL,2018,40,,,,,,,,ALL_N1,,,,,,,
IT1:DF_DCSS_ISTR_LAV_PEN_2_TV_3(1.0),A,082035,RESPOP_AV,M,Y50-64,TOTAL,ALL,4,ALL,ALL,2019,43,,,,,,,,ALL_N1,,,,,,,
IT1:DF_DCSS_ISTR_LAV_PEN_2_TV_3(1.0),A,082035,RESPOP_AV,M,Y50-64,TOTAL,ALL,4,ALL,ALL,2021,63.9354788548349,,,,,,,,ALL_N1,,,,,,,
IT1:DF_DCSS_ISTR_LAV_PEN_2_TV_3(1.0),A,082035,RESPOP_AV,M,Y50-64,TOTAL,ALL,4,ALL,ALL,2022,69.2842692082873,,,,,,,,ALL_N1,,,,,,,
IT1:DF_DCSS_ISTR_LAV_PEN_2_TV_3(1.0),A,082035,RESPOP_AV,M,Y50-64,TOTAL,ALL,4,ALL,ALL,2023,76.23817731423804,,,,,,,,ALL_N1,,,,,,,
IT1:DF_DCSS_ISTR_LAV_PEN_2_TV_3(1.0),A,082035,RESPOP_AV,M,Y50-64,TOTAL,ALL,4,ALL,ALL,2024,68.36101788279545,,,,,,,,ALL_N1,,,,,,,
IT1:DF_DCSS_ISTR_LAV_PEN_2_TV_3(1.0),A,082035,RESPOP_AV,M,Y50-64,TOTAL,ALL,5,ALL,ALL,2018,1,,,,,,,,ALL_N1,,,,,,,
IT1:DF_DCSS_ISTR_LAV_PEN_2_TV_3(1.0),A,082035,RESPOP_AV,M,Y50-64,TOTAL,ALL,5,ALL,ALL,2019,1,,,,,,,,ALL_N1,,,,,,,
IT1:DF_DCSS_ISTR_LAV_PEN_2_TV_3(1.0),A,082035,RESPOP_AV,M,Y50-64,TOTAL,ALL,5,ALL,ALL,2021,0.656969388247322,,,,,,,,ALL_N1,,,,,,,
IT1:DF_DCSS_ISTR_LAV_PEN_2_TV_3(1.0),A,082035,RESPOP_AV,M,Y50-64,TOTAL,ALL,5,ALL,ALL,2022,1.14173740772964,,,,,,,,ALL_N1,,,,,,,
IT1:DF_DCSS_ISTR_LAV_PEN_2_TV_3(1.0),A,082035,RESPOP_AV,M,Y50-64,TOTAL,ALL,5,ALL,ALL,2023,0.7538954414995771,,,,,,,,ALL_N1,,,,,,,
IT1:DF_DCSS_ISTR_LAV_PEN_2_TV_3(1.0),A,082035,RESPOP_AV,M,Y50-64,TOTAL,ALL,5,ALL,ALL,2024,1.6838984219387825,,,,,,,,ALL_N1,,,,,,,
IT1:DF_DCSS_ISTR_LAV_PEN_2_TV_3(1.0),A,082035,RESPOP_AV,M,Y50-64,TOTAL,ALL,7,ALL,ALL,2018,157,,,,,,,,ALL_N1,,,,,,,
IT1:DF_DCSS_ISTR_LAV_PEN_2_TV_3(1.0),A,082035,RESPOP_AV,M,Y50-64,TOTAL,ALL,7,ALL,ALL,2019,134,,,,,,,,ALL_N1,,,,,,,
IT1:DF_DCSS_ISTR_LAV_PEN_2_TV_3(1.0),A,082035,RESPOP_AV,M,Y50-64,TOTAL,ALL,7,ALL,ALL,2021,201.113625220792,,,,,,,,ALL_N1,,,,,,,
IT1:DF_DCSS_ISTR_LAV_PEN_2_TV_3(1.0),A,082035,RESPOP_AV,M,Y50-64,TOTAL,ALL,7,ALL,ALL,2022,209.391300863987,,,,,,,,ALL_N1,,,,,,,
IT1:DF_DCSS_ISTR_LAV_PEN_2_TV_3(1.0),A,082035,RESPOP_AV,M,Y50-64,TOTAL,ALL,7,ALL,ALL,2023,198.74258966217823,,,,,,,,ALL_N1,,,,,,,
IT1:DF_DCSS_ISTR_LAV_PEN_2_TV_3(1.0),A,082035,RESPOP_AV,M,Y50-64,TOTAL,ALL,7,ALL,ALL,2024,205.27390189342032,,,,,,,,ALL_N1,,,,,,,
IT1:DF_DCSS_ISTR_LAV_PEN_2_TV_3(1.0),A,082035,RESPOP_AV,M,Y50-64,TOTAL,ALL,99,ALL,ALL,2018,1145,,,,,,,,ALL_N1,99_N1,,,,,,
IT1:DF_DCSS_ISTR_LAV_PEN_2_TV_3(1.0),A,082035,RESPOP_AV,M,Y50-64,TOTAL,ALL,99,ALL,ALL,2019,1184,,,,,,,,ALL_N1,99_N1,,,,,,
IT1:DF_DCSS_ISTR_LAV_PEN_2_TV_3(1.0),A,082035,RESPOP_AV,M,Y50-64,TOTAL,ALL,99,ALL,ALL,2020,1214,,,,,,,,ALL_N1,99_N1,,,,,,
IT1:DF_DCSS_ISTR_LAV_PEN_2_TV_3(1.0),A,082035,RESPOP_AV,M,Y50-64,TOTAL,ALL,99,ALL,ALL,2021,1276,,,,,,,,ALL_N1,99_N1,,,,,,
IT1:DF_DCSS_ISTR_LAV_PEN_2_TV_3(1.0),A,082035,RESPOP_AV,M,Y50-64,TOTAL,ALL,99,ALL,ALL,2022,1313,,,,,,,,ALL_N1,99_N1,,,,,,
IT1:DF_DCSS_ISTR_LAV_PEN_2_TV_3(1.0),A,082035,RESPOP_AV,M,Y50-64,TOTAL,ALL,99,ALL,ALL,2023,1335,,,,,,,,ALL_N1,99_N1,,,,,,
IT1:DF_DCSS_ISTR_LAV_PEN_2_TV_3(1.0),A,082035,RESPOP_AV,M,Y50-64,TOTAL,ALL,99,ALL,ALL,2024,1379.9999999999998,,,,,,,,ALL_N1,99_N1,,,,,,
IT1:DF_DCSS_ISTR_LAV_PEN_2_TV_3(1.0),A,082035,RESPOP_AV,T,Y_GE15,TOTAL,ALL,1,ALL,ALL,2018,3346,,,,,,,,ALL_N1,,,,,,,
IT1:DF_DCSS_ISTR_LAV_PEN_2_TV_3(1.0),A,082035,RESPOP_AV,T,Y_GE15,TOTAL,ALL,1,ALL,ALL,2019,3467,,,,,,,,ALL_N1,,,,,,,
IT1:DF_DCSS_ISTR_LAV_PEN_2_TV_3(1.0),A,082035,RESPOP_AV,T,Y_GE15,TOTAL,ALL,1,ALL,ALL,2021,3719,,,,,,,,ALL_N1,,,,,,,
IT1:DF_DCSS_ISTR_LAV_PEN_2_TV_3(1.0),A,082035,RESPOP_AV,T,Y_GE15,TOTAL,ALL,1,ALL,ALL,2022,3736,,,,,,,,ALL_N1,,,,,,,
IT1:DF_DCSS_ISTR_LAV_PEN_2_TV_3(1.0),A,082035,RESPOP_AV,T,Y_GE15,TOTAL,ALL,1,ALL,ALL,2023,3824,,,,,,,,ALL_N1,,,,,,,
IT1:DF_DCSS_ISTR_LAV_PEN_2_TV_3(1.0),A,082035,RESPOP_AV,T,Y_GE15,TOTAL,ALL,1,ALL,ALL,2024,3958,,,,,,,,ALL_N1,,,,,,,
IT1:DF_DCSS_ISTR_LAV_PEN_2_TV_3(1.0),A,082035,RESPOP_AV,T,Y_GE15,TOTAL,ALL,12,ALL,ALL,2018,1523,,,,,,,,ALL_N1,,,,,,,
IT1:DF_DCSS_ISTR_LAV_PEN_2_TV_3(1.0),A,082035,RESPOP_AV,T,Y_GE15,TOTAL,ALL,12,ALL,ALL,2019,1531,,,,,,,,ALL_N1,,,,,,,
IT1:DF_DCSS_ISTR_LAV_PEN_2_TV_3(1.0),A,082035,RESPOP_AV,T,Y_GE15,TOTAL,ALL,12,ALL,ALL,2021,935.774142768571,,,,,,,,ALL_N1,,,,,,,
IT1:DF_DCSS_ISTR_LAV_PEN_2_TV_3(1.0),A,082035,RESPOP_AV,T,Y_GE15,TOTAL,ALL,12,ALL,ALL,2022,1068.78778710293,,,,,,,,ALL_N1,,,,,,,
IT1:DF_DCSS_ISTR_LAV_PEN_2_TV_3(1.0),A,082035,RESPOP_AV,T,Y_GE15,TOTAL,ALL,12,ALL,ALL,2023,918.3353785310408,,,,,,,,ALL_N1,,,,,,,
IT1:DF_DCSS_ISTR_LAV_PEN_2_TV_3(1.0),A,082035,RESPOP_AV,T,Y_GE15,TOTAL,ALL,12,ALL,ALL,2024,866.3543281994987,,,,,,,,ALL_N1,,,,,,,
IT1:DF_DCSS_ISTR_LAV_PEN_2_TV_3(1.0),A,082035,RESPOP_AV,T,Y_GE15,TOTAL,ALL,22,ALL,ALL,2018,4869,,,,,,,,ALL_N1,,,,,,,
IT1:DF_DCSS_ISTR_LAV_PEN_2_TV_3(1.0),A,082035,RESPOP_AV,T,Y_GE15,TOTAL,ALL,22,ALL,ALL,2019,4998,,,,,,,,ALL_N1,,,,,,,
IT1:DF_DCSS_ISTR_LAV_PEN_2_TV_3(1.0),A,082035,RESPOP_AV,T,Y_GE15,TOTAL,ALL,22,ALL,ALL,2021,4654.77414276857,,,,,,,,ALL_N1,,,,,,,
IT1:DF_DCSS_ISTR_LAV_PEN_2_TV_3(1.0),A,082035,RESPOP_AV,T,Y_GE15,TOTAL,ALL,22,ALL,ALL,2022,4804.78778710293,,,,,,,,ALL_N1,,,,,,,
IT1:DF_DCSS_ISTR_LAV_PEN_2_TV_3(1.0),A,082035,RESPOP_AV,T,Y_GE15,TOTAL,ALL,22,ALL,ALL,2023,4742.335378531041,,,,,,,,ALL_N1,,,,,,,
IT1:DF_DCSS_ISTR_LAV_PEN_2_TV_3(1.0),A,082035,RESPOP_AV,T,Y_GE15,TOTAL,ALL,22,ALL,ALL,2024,4824.354328199499,,,,,,,,ALL_N1,,,,,,,
IT1:DF_DCSS_ISTR_LAV_PEN_2_TV_3(1.0),A,082035,RESPOP_AV,T,Y_GE15,TOTAL,ALL,23,ALL,ALL,2018,5396,,,,,,,,ALL_N1,,,,,,,
IT1:DF_DCSS_ISTR_LAV_PEN_2_TV_3(1.0),A,082035,RESPOP_AV,T,Y_GE15,TOTAL,ALL,23,ALL,ALL,2019,5424,,,,,,,,ALL_N1,,,,,,,
IT1:DF_DCSS_ISTR_LAV_PEN_2_TV_3(1.0),A,082035,RESPOP_AV,T,Y_GE15,TOTAL,ALL,23,ALL,ALL,2021,5927.22585723143,,,,,,,,ALL_N1,,,,,,,
IT1:DF_DCSS_ISTR_LAV_PEN_2_TV_3(1.0),A,082035,RESPOP_AV,T,Y_GE15,TOTAL,ALL,23,ALL,ALL,2022,5857.21221289707,,,,,,,,ALL_N1,,,,,,,
IT1:DF_DCSS_ISTR_LAV_PEN_2_TV_3(1.0),A,082035,RESPOP_AV,T,Y_GE15,TOTAL,ALL,23,ALL,ALL,2023,5823.664621468959,,,,,,,,ALL_N1,,,,,,,
IT1:DF_DCSS_ISTR_LAV_PEN_2_TV_3(1.0),A,082035,RESPOP_AV,T,Y_GE15,TOTAL,ALL,23,ALL,ALL,2024,5859.645671800502,,,,,,,,ALL_N1,,,,,,,
IT1:DF_DCSS_ISTR_LAV_PEN_2_TV_3(1.0),A,082035,RESPOP_AV,T,Y_GE15,TOTAL,ALL,24,ALL,ALL,2018,1238,,,,,,,,ALL_N1,,,,,,,
IT1:DF_DCSS_ISTR_LAV_PEN_2_TV_3(1.0),A,082035,RESPOP_AV,T,Y_GE15,TOTAL,ALL,24,ALL,ALL,2019,1329,,,,,,,,ALL_N1,,,,,,,
IT1:DF_DCSS_ISTR_LAV_PEN_2_TV_3(1.0),A,082035,RESPOP_AV,T,Y_GE15,TOTAL,ALL,24,ALL,ALL,2021,1461.09867836086,,,,,,,,ALL_N1,,,,,,,
IT1:DF_DCSS_ISTR_LAV_PEN_2_TV_3(1.0),A,082035,RESPOP_AV,T,Y_GE15,TOTAL,ALL,24,ALL,ALL,2022,1293.5410442901,,,,,,,,ALL_N1,,,,,,,
IT1:DF_DCSS_ISTR_LAV_PEN_2_TV_3(1.0),A,082035,RESPOP_AV,T,Y_GE15,TOTAL,ALL,24,ALL,ALL,2023,1260.0681492380072,,,,,,,,ALL_N1,,,,,,,
IT1:DF_DCSS_ISTR_LAV_PEN_2_TV_3(1.0),A,082035,RESPOP_AV,T,Y_GE15,TOTAL,ALL,24,ALL,ALL,2024,1381.5065700386965,,,,,,,,ALL_N1,,,,,,,
IT1:DF_DCSS_ISTR_LAV_PEN_2_TV_3(1.0),A,082035,RESPOP_AV,T,Y_GE15,TOTAL,ALL,4,ALL,ALL,2018,2187,,,,,,,,ALL_N1,,,,,,,
IT1:DF_DCSS_ISTR_LAV_PEN_2_TV_3(1.0),A,082035,RESPOP_AV,T,Y_GE15,TOTAL,ALL,4,ALL,ALL,2019,2246,,,,,,,,ALL_N1,,,,,,,
IT1:DF_DCSS_ISTR_LAV_PEN_2_TV_3(1.0),A,082035,RESPOP_AV,T,Y_GE15,TOTAL,ALL,4,ALL,ALL,2021,2357.55787283471,,,,,,,,ALL_N1,,,,,,,
IT1:DF_DCSS_ISTR_LAV_PEN_2_TV_3(1.0),A,082035,RESPOP_AV,T,Y_GE15,TOTAL,ALL,4,ALL,ALL,2022,2363.07149377132,,,,,,,,ALL_N1,,,,,,,
IT1:DF_DCSS_ISTR_LAV_PEN_2_TV_3(1.0),A,082035,RESPOP_AV,T,Y_GE15,TOTAL,ALL,4,ALL,ALL,2023,2412.552362562313,,,,,,,,ALL_N1,,,,,,,
IT1:DF_DCSS_ISTR_LAV_PEN_2_TV_3(1.0),A,082035,RESPOP_AV,T,Y_GE15,TOTAL,ALL,4,ALL,ALL,2024,2285.461640591949,,,,,,,,ALL_N1,,,,,,,
IT1:DF_DCSS_ISTR_LAV_PEN_2_TV_3(1.0),A,082035,RESPOP_AV,T,Y_GE15,TOTAL,ALL,5,ALL,ALL,2018,928,,,,,,,,ALL_N1,,,,,,,
IT1:DF_DCSS_ISTR_LAV_PEN_2_TV_3(1.0),A,082035,RESPOP_AV,T,Y_GE15,TOTAL,ALL,5,ALL,ALL,2019,1000,,,,,,,,ALL_N1,,,,,,,
IT1:DF_DCSS_ISTR_LAV_PEN_2_TV_3(1.0),A,082035,RESPOP_AV,T,Y_GE15,TOTAL,ALL,5,ALL,ALL,2021,1012.54141381246,,,,,,,,ALL_N1,,,,,,,
IT1:DF_DCSS_ISTR_LAV_PEN_2_TV_3(1.0),A,082035,RESPOP_AV,T,Y_GE15,TOTAL,ALL,5,ALL,ALL,2022,1027.95636858909,,,,,,,,ALL_N1,,,,,,,
IT1:DF_DCSS_ISTR_LAV_PEN_2_TV_3(1.0),A,082035,RESPOP_AV,T,Y_GE15,TOTAL,ALL,5,ALL,ALL,2023,965.6159500233683,,,,,,,,ALL_N1,,,,,,,
IT1:DF_DCSS_ISTR_LAV_PEN_2_TV_3(1.0),A,082035,RESPOP_AV,T,Y_GE15,TOTAL,ALL,5,ALL,ALL,2024,1048.1976990964006,,,,,,,,ALL_N1,,,,,,,
IT1:DF_DCSS_ISTR_LAV_PEN_2_TV_3(1.0),A,082035,RESPOP_AV,T,Y_GE15,TOTAL,ALL,7,ALL,ALL,2018,1044,,,,,,,,ALL_N1,,,,,,,
IT1:DF_DCSS_ISTR_LAV_PEN_2_TV_3(1.0),A,082035,RESPOP_AV,T,Y_GE15,TOTAL,ALL,7,ALL,ALL,2019,849,,,,,,,,ALL_N1,,,,,,,
IT1:DF_DCSS_ISTR_LAV_PEN_2_TV_3(1.0),A,082035,RESPOP_AV,T,Y_GE15,TOTAL,ALL,7,ALL,ALL,2021,1096.0278922234,,,,,,,,ALL_N1,,,,,,,
IT1:DF_DCSS_ISTR_LAV_PEN_2_TV_3(1.0),A,082035,RESPOP_AV,T,Y_GE15,TOTAL,ALL,7,ALL,ALL,2022,1172.64330624656,,,,,,,,ALL_N1,,,,,,,
IT1:DF_DCSS_ISTR_LAV_PEN_2_TV_3(1.0),A,082035,RESPOP_AV,T,Y_GE15,TOTAL,ALL,7,ALL,ALL,2023,1185.4281596452706,,,,,,,,ALL_N1,,,,,,,
IT1:DF_DCSS_ISTR_LAV_PEN_2_TV_3(1.0),A,082035,RESPOP_AV,T,Y_GE15,TOTAL,ALL,7,ALL,ALL,2024,1144.4797620734553,,,,,,,,ALL_N1,,,,,,,
IT1:DF_DCSS_ISTR_LAV_PEN_2_TV_3(1.0),A,082035,RESPOP_AV,T,Y_GE15,TOTAL,ALL,99,ALL,ALL,2018,10265,,,,,,,,ALL_N1,99_N1,,,,,,
IT1:DF_DCSS_ISTR_LAV_PEN_2_TV_3(1.0),A,082035,RESPOP_AV,T,Y_GE15,TOTAL,ALL,99,ALL,ALL,2019,10422,,,,,,,,ALL_N1,99_N1,,,,,,
IT1:DF_DCSS_ISTR_LAV_PEN_2_TV_3(1.0),A,082035,RESPOP_AV,T,Y_GE15,TOTAL,ALL,99,ALL,ALL,2021,10582,,,,,,,,ALL_N1,99_N1,,,,,,
IT1:DF_DCSS_ISTR_LAV_PEN_2_TV_3(1.0),A,082035,RESPOP_AV,T,Y_GE15,TOTAL,ALL,99,ALL,ALL,2022,10662,,,,,,,,ALL_N1,99_N1,,,,,,
IT1:DF_DCSS_ISTR_LAV_PEN_2_TV_3(1.0),A,082035,RESPOP_AV,T,Y_GE15,TOTAL,ALL,99,ALL,ALL,2023,10566,,,,,,,,ALL_N1,99_N1,,,,,,
IT1:DF_DCSS_ISTR_LAV_PEN_2_TV_3(1.0),A,082035,RESPOP_AV,T,Y_GE15,TOTAL,ALL,99,ALL,ALL,2024,10684,,,,,,,,ALL_N1,99_N1,,,,,,
IT1:DF_DCSS_ISTR_LAV_PEN_2_TV_3(1.0),A,082035,RESPOP_AV,T,Y_GE65,TOTAL,ALL,1,ALL,ALL,2018,78,,,,,,,,ALL_N1,,,,,,,
IT1:DF_DCSS_ISTR_LAV_PEN_2_TV_3(1.0),A,082035,RESPOP_AV,T,Y_GE65,TOTAL,ALL,1,ALL,ALL,2019,86,,,,,,,,ALL_N1,,,,,,,
IT1:DF_DCSS_ISTR_LAV_PEN_2_TV_3(1.0),A,082035,RESPOP_AV,T,Y_GE65,TOTAL,ALL,1,ALL,ALL,2021,83,,,,,,,,ALL_N1,,,,,,,
IT1:DF_DCSS_ISTR_LAV_PEN_2_TV_3(1.0),A,082035,RESPOP_AV,T,Y_GE65,TOTAL,ALL,1,ALL,ALL,2022,84,,,,,,,,ALL_N1,,,,,,,
IT1:DF_DCSS_ISTR_LAV_PEN_2_TV_3(1.0),A,082035,RESPOP_AV,T,Y_GE65,TOTAL,ALL,1,ALL,ALL,2023,86,,,,,,,,ALL_N1,,,,,,,
IT1:DF_DCSS_ISTR_LAV_PEN_2_TV_3(1.0),A,082035,RESPOP_AV,T,Y_GE65,TOTAL,ALL,1,ALL,ALL,2024,101,,,,,,,,ALL_N1,,,,,,,
IT1:DF_DCSS_ISTR_LAV_PEN_2_TV_3(1.0),A,082035,RESPOP_AV,T,Y_GE65,TOTAL,ALL,12,ALL,ALL,2018,9,,,,,,,,ALL_N1,,,,,,,
IT1:DF_DCSS_ISTR_LAV_PEN_2_TV_3(1.0),A,082035,RESPOP_AV,T,Y_GE65,TOTAL,ALL,12,ALL,ALL,2019,10,,,,,,,,ALL_N1,,,,,,,
IT1:DF_DCSS_ISTR_LAV_PEN_2_TV_3(1.0),A,082035,RESPOP_AV,T,Y_GE65,TOTAL,ALL,12,ALL,ALL,2021,6.16735130289544,,,,,,,,ALL_N1,,,,,,,
IT1:DF_DCSS_ISTR_LAV_PEN_2_TV_3(1.0),A,082035,RESPOP_AV,T,Y_GE65,TOTAL,ALL,12,ALL,ALL,2022,5.72075619832943,,,,,,,,ALL_N1,,,,,,,
IT1:DF_DCSS_ISTR_LAV_PEN_2_TV_3(1.0),A,082035,RESPOP_AV,T,Y_GE65,TOTAL,ALL,12,ALL,ALL,2023,5.336291336281863,,,,,,,,ALL_N1,,,,,,,
IT1:DF_DCSS_ISTR_LAV_PEN_2_TV_3(1.0),A,082035,RESPOP_AV,T,Y_GE65,TOTAL,ALL,12,ALL,ALL,2024,5.436342181518252,,,,,,,,ALL_N1,,,,,,,
IT1:DF_DCSS_ISTR_LAV_PEN_2_TV_3(1.0),A,082035,RESPOP_AV,T,Y_GE65,TOTAL,ALL,22,ALL,ALL,2018,87,,,,,,,,ALL_N1,,,,,,,
IT1:DF_DCSS_ISTR_LAV_PEN_2_TV_3(1.0),A,082035,RESPOP_AV,T,Y_GE65,TOTAL,ALL,22,ALL,ALL,2019,96,,,,,,,,ALL_N1,,,,,,,
IT1:DF_DCSS_ISTR_LAV_PEN_2_TV_3(1.0),A,082035,RESPOP_AV,T,Y_GE65,TOTAL,ALL,22,ALL,ALL,2021,89.1673513028954,,,,,,,,ALL_N1,,,,,,,
IT1:DF_DCSS_ISTR_LAV_PEN_2_TV_3(1.0),A,082035,RESPOP_AV,T,Y_GE65,TOTAL,ALL,22,ALL,ALL,2022,89.7207561983294,,,,,,,,ALL_N1,,,,,,,
IT1:DF_DCSS_ISTR_LAV_PEN_2_TV_3(1.0),A,082035,RESPOP_AV,T,Y_GE65,TOTAL,ALL,22,ALL,ALL,2023,91.33629133628186,,,,,,,,ALL_N1,,,,,,,
IT1:DF_DCSS_ISTR_LAV_PEN_2_TV_3(1.0),A,082035,RESPOP_AV,T,Y_GE65,TOTAL,ALL,22,ALL,ALL,2024,106.43634218151826,,,,,,,,ALL_N1,,,,,,,
IT1:DF_DCSS_ISTR_LAV_PEN_2_TV_3(1.0),A,082035,RESPOP_AV,T,Y_GE65,TOTAL,ALL,23,ALL,ALL,2018,1663,,,,,,,,ALL_N1,,,,,,,
IT1:DF_DCSS_ISTR_LAV_PEN_2_TV_3(1.0),A,082035,RESPOP_AV,T,Y_GE65,TOTAL,ALL,23,ALL,ALL,2019,1716,,,,,,,,ALL_N1,,,,,,,
IT1:DF_DCSS_ISTR_LAV_PEN_2_TV_3(1.0),A,082035,RESPOP_AV,T,Y_GE65,TOTAL,ALL,23,ALL,ALL,2021,1883.8326486971,,,,,,,,ALL_N1,,,,,,,
IT1:DF_DCSS_ISTR_LAV_PEN_2_TV_3(1.0),A,082035,RESPOP_AV,T,Y_GE65,TOTAL,ALL,23,ALL,ALL,2022,1938.27924380167,,,,,,,,ALL_N1,,,,,,,
IT1:DF_DCSS_ISTR_LAV_PEN_2_TV_3(1.0),A,082035,RESPOP_AV,T,Y_GE65,TOTAL,ALL,23,ALL,ALL,2023,1933.6637086637184,,,,,,,,ALL_N1,,,,,,,
IT1:DF_DCSS_ISTR_LAV_PEN_2_TV_3(1.0),A,082035,RESPOP_AV,T,Y_GE65,TOTAL,ALL,23,ALL,ALL,2024,1953.5636578184817,,,,,,,,ALL_N1,,,,,,,
IT1:DF_DCSS_ISTR_LAV_PEN_2_TV_3(1.0),A,082035,RESPOP_AV,T,Y_GE65,TOTAL,ALL,24,ALL,ALL,2018,1074,,,,,,,,ALL_N1,,,,,,,
IT1:DF_DCSS_ISTR_LAV_PEN_2_TV_3(1.0),A,082035,RESPOP_AV,T,Y_GE65,TOTAL,ALL,24,ALL,ALL,2019,1135,,,,,,,,ALL_N1,,,,,,,
IT1:DF_DCSS_ISTR_LAV_PEN_2_TV_3(1.0),A,082035,RESPOP_AV,T,Y_GE65,TOTAL,ALL,24,ALL,ALL,2021,1277.59378071769,,,,,,,,ALL_N1,,,,,,,
IT1:DF_DCSS_ISTR_LAV_PEN_2_TV_3(1.0),A,082035,RESPOP_AV,T,Y_GE65,TOTAL,ALL,24,ALL,ALL,2022,1160.26627658101,,,,,,,,ALL_N1,,,,,,,
IT1:DF_DCSS_ISTR_LAV_PEN_2_TV_3(1.0),A,082035,RESPOP_AV,T,Y_GE65,TOTAL,ALL,24,ALL,ALL,2023,1134.0180968270315,,,,,,,,ALL_N1,,,,,,,
IT1:DF_DCSS_ISTR_LAV_PEN_2_TV_3(1.0),A,082035,RESPOP_AV,T,Y_GE65,TOTAL,ALL,24,ALL,ALL,2024,1232.8792675140355,,,,,,,,ALL_N1,,,,,,,
IT1:DF_DCSS_ISTR_LAV_PEN_2_TV_3(1.0),A,082035,RESPOP_AV,T,Y_GE65,TOTAL,ALL,4,ALL,ALL,2018,326,,,,,,,,ALL_N1,,,,,,,
IT1:DF_DCSS_ISTR_LAV_PEN_2_TV_3(1.0),A,082035,RESPOP_AV,T,Y_GE65,TOTAL,ALL,4,ALL,ALL,2019,366,,,,,,,,ALL_N1,,,,,,,
IT1:DF_DCSS_ISTR_LAV_PEN_2_TV_3(1.0),A,082035,RESPOP_AV,T,Y_GE65,TOTAL,ALL,4,ALL,ALL,2021,363.33230988408,,,,,,,,ALL_N1,,,,,,,
IT1:DF_DCSS_ISTR_LAV_PEN_2_TV_3(1.0),A,082035,RESPOP_AV,T,Y_GE65,TOTAL,ALL,4,ALL,ALL,2022,437.728394975751,,,,,,,,ALL_N1,,,,,,,
IT1:DF_DCSS_ISTR_LAV_PEN_2_TV_3(1.0),A,082035,RESPOP_AV,T,Y_GE65,TOTAL,ALL,4,ALL,ALL,2023,447.5526930562605,,,,,,,,ALL_N1,,,,,,,
IT1:DF_DCSS_ISTR_LAV_PEN_2_TV_3(1.0),A,082035,RESPOP_AV,T,Y_GE65,TOTAL,ALL,4,ALL,ALL,2024,420.9432715710916,,,,,,,,ALL_N1,,,,,,,
IT1:DF_DCSS_ISTR_LAV_PEN_2_TV_3(1.0),A,082035,RESPOP_AV,T,Y_GE65,TOTAL,ALL,5,ALL,ALL,2018,1,,,,,,,,ALL_N1,,,,,,,
IT1:DF_DCSS_ISTR_LAV_PEN_2_TV_3(1.0),A,082035,RESPOP_AV,T,Y_GE65,TOTAL,ALL,5,ALL,ALL,2019,0,JTEST,,,,,,,ALL_N1,,,,,,,
IT1:DF_DCSS_ISTR_LAV_PEN_2_TV_3(1.0),A,082035,RESPOP_AV,T,Y_GE65,TOTAL,ALL,5,ALL,ALL,2021,1.21984750870356E-05,,,,,,,,ALL_N1,,,,,,,
IT1:DF_DCSS_ISTR_LAV_PEN_2_TV_3(1.0),A,082035,RESPOP_AV,T,Y_GE65,TOTAL,ALL,5,ALL,ALL,2022,0.289991116480902,,,,,,,,ALL_N1,,,,,,,
IT1:DF_DCSS_ISTR_LAV_PEN_2_TV_3(1.0),A,082035,RESPOP_AV,T,Y_GE65,TOTAL,ALL,5,ALL,ALL,2023,0.39155568928697937,,,,,,,,ALL_N1,,,,,,,
IT1:DF_DCSS_ISTR_LAV_PEN_2_TV_3(1.0),A,082035,RESPOP_AV,T,Y_GE65,TOTAL,ALL,5,ALL,ALL,2024,0.23349571060360536,,,,,,,,ALL_N1,,,,,,,
IT1:DF_DCSS_ISTR_LAV_PEN_2_TV_3(1.0),A,082035,RESPOP_AV,T,Y_GE65,TOTAL,ALL,7,ALL,ALL,2018,262,,,,,,,,ALL_N1,,,,,,,
IT1:DF_DCSS_ISTR_LAV_PEN_2_TV_3(1.0),A,082035,RESPOP_AV,T,Y_GE65,TOTAL,ALL,7,ALL,ALL,2019,215,,,,,,,,ALL_N1,,,,,,,
IT1:DF_DCSS_ISTR_LAV_PEN_2_TV_3(1.0),A,082035,RESPOP_AV,T,Y_GE65,TOTAL,ALL,7,ALL,ALL,2021,242.906545896863,,,,,,,,ALL_N1,,,,,,,
IT1:DF_DCSS_ISTR_LAV_PEN_2_TV_3(1.0),A,082035,RESPOP_AV,T,Y_GE65,TOTAL,ALL,7,ALL,ALL,2022,339.994581128425,,,,,,,,ALL_N1,,,,,,,
IT1:DF_DCSS_ISTR_LAV_PEN_2_TV_3(1.0),A,082035,RESPOP_AV,T,Y_GE65,TOTAL,ALL,7,ALL,ALL,2023,351.7013630911393,,,,,,,,ALL_N1,,,,,,,
IT1:DF_DCSS_ISTR_LAV_PEN_2_TV_3(1.0),A,082035,RESPOP_AV,T,Y_GE65,TOTAL,ALL,7,ALL,ALL,2024,299.5076230227509,,,,,,,,ALL_N1,,,,,,,
IT1:DF_DCSS_ISTR_LAV_PEN_2_TV_3(1.0),A,082035,RESPOP_AV,T,Y_GE65,TOTAL,ALL,99,ALL,ALL,2018,1750,,,,,,,,ALL_N1,99_N1,,,,,,
IT1:DF_DCSS_ISTR_LAV_PEN_2_TV_3(1.0),A,082035,RESPOP_AV,T,Y_GE65,TOTAL,ALL,99,ALL,ALL,2019,1812,,,,,,,,ALL_N1,99_N1,,,,,,
IT1:DF_DCSS_ISTR_LAV_PEN_2_TV_3(1.0),A,082035,RESPOP_AV,T,Y_GE65,TOTAL,ALL,99,ALL,ALL,2020,1929,,,,,,,,ALL_N1,99_N1,,,,,,
IT1:DF_DCSS_ISTR_LAV_PEN_2_TV_3(1.0),A,082035,RESPOP_AV,T,Y_GE65,TOTAL,ALL,99,ALL,ALL,2021,1973,,,,,,,,ALL_N1,99_N1,,,,,,
IT1:DF_DCSS_ISTR_LAV_PEN_2_TV_3(1.0),A,082035,RESPOP_AV,T,Y_GE65,TOTAL,ALL,99,ALL,ALL,2022,2028,,,,,,,,ALL_N1,99_N1,,,,,,
IT1:DF_DCSS_ISTR_LAV_PEN_2_TV_3(1.0),A,082035,RESPOP_AV,T,Y_GE65,TOTAL,ALL,99,ALL,ALL,2023,2025,,,,,,,,ALL_N1,99_N1,,,,,,
IT1:DF_DCSS_ISTR_LAV_PEN_2_TV_3(1.0),A,082035,RESPOP_AV,T,Y_GE65,TOTAL,ALL,99,ALL,ALL,2024,2060,,,,,,,,ALL_N1,99_N1,,,,,,
IT1:DF_DCSS_ISTR_LAV_PEN_2_TV_3(1.0),A,082035,RESPOP_AV,T,Y15-24,TOTAL,ALL,1,ALL,ALL,2018,148,,,,,,,,ALL_N1,,,,,,,
IT1:DF_DCSS_ISTR_LAV_PEN_2_TV_3(1.0),A,082035,RESPOP_AV,T,Y15-24,TOTAL,ALL,1,ALL,ALL,2019,172,,,,,,,,ALL_N1,,,,,,,
IT1:DF_DCSS_ISTR_LAV_PEN_2_TV_3(1.0),A,082035,RESPOP_AV,T,Y15-24,TOTAL,ALL,1,ALL,ALL,2021,184,,,,,,,,ALL_N1,,,,,,,
IT1:DF_DCSS_ISTR_LAV_PEN_2_TV_3(1.0),A,082035,RESPOP_AV,T,Y15-24,TOTAL,ALL,1,ALL,ALL,2022,192,,,,,,,,ALL_N1,,,,,,,
IT1:DF_DCSS_ISTR_LAV_PEN_2_TV_3(1.0),A,082035,RESPOP_AV,T,Y15-24,TOTAL,ALL,1,ALL,ALL,2023,183,,,,,,,,ALL_N1,,,,,,,
IT1:DF_DCSS_ISTR_LAV_PEN_2_TV_3(1.0),A,082035,RESPOP_AV,T,Y15-24,TOTAL,ALL,1,ALL,ALL,2024,182,,,,,,,,ALL_N1,,,,,,,
IT1:DF_DCSS_ISTR_LAV_PEN_2_TV_3(1.0),A,082035,RESPOP_AV,T,Y15-24,TOTAL,ALL,12,ALL,ALL,2018,298,,,,,,,,ALL_N1,,,,,,,
IT1:DF_DCSS_ISTR_LAV_PEN_2_TV_3(1.0),A,082035,RESPOP_AV,T,Y15-24,TOTAL,ALL,12,ALL,ALL,2019,294,,,,,,,,ALL_N1,,,,,,,
IT1:DF_DCSS_ISTR_LAV_PEN_2_TV_3(1.0),A,082035,RESPOP_AV,T,Y15-24,TOTAL,ALL,12,ALL,ALL,2021,185.424241484486,,,,,,,,ALL_N1,,,,,,,
IT1:DF_DCSS_ISTR_LAV_PEN_2_TV_3(1.0),A,082035,RESPOP_AV,T,Y15-24,TOTAL,ALL,12,ALL,ALL,2022,203.96329819518,,,,,,,,ALL_N1,,,,,,,
IT1:DF_DCSS_ISTR_LAV_PEN_2_TV_3(1.0),A,082035,RESPOP_AV,T,Y15-24,TOTAL,ALL,12,ALL,ALL,2023,202.95533350160687,,,,,,,,ALL_N1,,,,,,,
IT1:DF_DCSS_ISTR_LAV_PEN_2_TV_3(1.0),A,082035,RESPOP_AV,T,Y15-24,TOTAL,ALL,12,ALL,ALL,2024,167.2148349787897,,,,,,,,ALL_N1,,,,,,,
IT1:DF_DCSS_ISTR_LAV_PEN_2_TV_3(1.0),A,082035,RESPOP_AV,T,Y15-24,TOTAL,ALL,22,ALL,ALL,2018,446,,,,,,,,ALL_N1,,,,,,,
IT1:DF_DCSS_ISTR_LAV_PEN_2_TV_3(1.0),A,082035,RESPOP_AV,T,Y15-24,TOTAL,ALL,22,ALL,ALL,2019,466,,,,,,,,ALL_N1,,,,,,,
IT1:DF_DCSS_ISTR_LAV_PEN_2_TV_3(1.0),A,082035,RESPOP_AV,T,Y15-24,TOTAL,ALL,22,ALL,ALL,2021,369.424241484486,,,,,,,,ALL_N1,,,,,,,
IT1:DF_DCSS_ISTR_LAV_PEN_2_TV_3(1.0),A,082035,RESPOP_AV,T,Y15-24,TOTAL,ALL,22,ALL,ALL,2022,395.96329819518,,,,,,,,ALL_N1,,,,,,,
IT1:DF_DCSS_ISTR_LAV_PEN_2_TV_3(1.0),A,082035,RESPOP_AV,T,Y15-24,TOTAL,ALL,22,ALL,ALL,2023,385.9553335016069,,,,,,,,ALL_N1,,,,,,,
IT1:DF_DCSS_ISTR_LAV_PEN_2_TV_3(1.0),A,082035,RESPOP_AV,T,Y15-24,TOTAL,ALL,22,ALL,ALL,2024,349.2148349787897,,,,,,,,ALL_N1,,,,,,,
IT1:DF_DCSS_ISTR_LAV_PEN_2_TV_3(1.0),A,082035,RESPOP_AV,T,Y15-24,TOTAL,ALL,23,ALL,ALL,2018,1091,,,,,,,,ALL_N1,,,,,,,
IT1:DF_DCSS_ISTR_LAV_PEN_2_TV_3(1.0),A,082035,RESPOP_AV,T,Y15-24,TOTAL,ALL,23,ALL,ALL,2019,1098,,,,,,,,ALL_N1,,,,,,,
IT1:DF_DCSS_ISTR_LAV_PEN_2_TV_3(1.0),A,082035,RESPOP_AV,T,Y15-24,TOTAL,ALL,23,ALL,ALL,2021,1141.57575851551,,,,,,,,ALL_N1,,,,,,,
IT1:DF_DCSS_ISTR_LAV_PEN_2_TV_3(1.0),A,082035,RESPOP_AV,T,Y15-24,TOTAL,ALL,23,ALL,ALL,2022,1108.03670180482,,,,,,,,ALL_N1,,,,,,,
IT1:DF_DCSS_ISTR_LAV_PEN_2_TV_3(1.0),A,082035,RESPOP_AV,T,Y15-24,TOTAL,ALL,23,ALL,ALL,2023,1126.044666498393,,,,,,,,ALL_N1,,,,,,,
IT1:DF_DCSS_ISTR_LAV_PEN_2_TV_3(1.0),A,082035,RESPOP_AV,T,Y15-24,TOTAL,ALL,23,ALL,ALL,2024,1178.7851650212106,,,,,,,,ALL_N1,,,,,,,
IT1:DF_DCSS_ISTR_LAV_PEN_2_TV_3(1.0),A,082035,RESPOP_AV,T,Y15-24,TOTAL,ALL,24,ALL,ALL,2018,2,,,,,,,,ALL_N1,,,,,,,
IT1:DF_DCSS_ISTR_LAV_PEN_2_TV_3(1.0),A,082035,RESPOP_AV,T,Y15-24,TOTAL,ALL,24,ALL,ALL,2019,3,,,,,,,,ALL_N1,,,,,,,
IT1:DF_DCSS_ISTR_LAV_PEN_2_TV_3(1.0),A,082035,RESPOP_AV,T,Y15-24,TOTAL,ALL,24,ALL,ALL,2021,3.58343693575652,,,,,,,,ALL_N1,,,,,,,
IT1:DF_DCSS_ISTR_LAV_PEN_2_TV_3(1.0),A,082035,RESPOP_AV,T,Y15-24,TOTAL,ALL,24,ALL,ALL,2022,1.77652789639928,,,,,,,,ALL_N1,,,,,,,
IT1:DF_DCSS_ISTR_LAV_PEN_2_TV_3(1.0),A,082035,RESPOP_AV,T,Y15-24,TOTAL,ALL,24,ALL,ALL,2023,2.0101181666441885,,,,,,,,ALL_N1,,,,,,,
IT1:DF_DCSS_ISTR_LAV_PEN_2_TV_3(1.0),A,082035,RESPOP_AV,T,Y15-24,TOTAL,ALL,24,ALL,ALL,2024,3.4222820206465077,,,,,,,,ALL_N1,,,,,,,
IT1:DF_DCSS_ISTR_LAV_PEN_2_TV_3(1.0),A,082035,RESPOP_AV,T,Y15-24,TOTAL,ALL,4,ALL,ALL,2018,102,,,,,,,,ALL_N1,,,,,,,
IT1:DF_DCSS_ISTR_LAV_PEN_2_TV_3(1.0),A,082035,RESPOP_AV,T,Y15-24,TOTAL,ALL,4,ALL,ALL,2019,100,,,,,,,,ALL_N1,,,,,,,
IT1:DF_DCSS_ISTR_LAV_PEN_2_TV_3(1.0),A,082035,RESPOP_AV,T,Y15-24,TOTAL,ALL,4,ALL,ALL,2021,108.76147485427,,,,,,,,ALL_N1,,,,,,,
IT1:DF_DCSS_ISTR_LAV_PEN_2_TV_3(1.0),A,082035,RESPOP_AV,T,Y15-24,TOTAL,ALL,4,ALL,ALL,2022,85.6243624047798,,,,,,,,ALL_N1,,,,,,,
IT1:DF_DCSS_ISTR_LAV_PEN_2_TV_3(1.0),A,082035,RESPOP_AV,T,Y15-24,TOTAL,ALL,4,ALL,ALL,2023,110.8793090276662,,,,,,,,ALL_N1,,,,,,,
IT1:DF_DCSS_ISTR_LAV_PEN_2_TV_3(1.0),A,082035,RESPOP_AV,T,Y15-24,TOTAL,ALL,4,ALL,ALL,2024,98.38928025628462,,,,,,,,ALL_N1,,,,,,,
IT1:DF_DCSS_ISTR_LAV_PEN_2_TV_3(1.0),A,082035,RESPOP_AV,T,Y15-24,TOTAL,ALL,5,ALL,ALL,2018,816,,,,,,,,ALL_N1,,,,,,,
IT1:DF_DCSS_ISTR_LAV_PEN_2_TV_3(1.0),A,082035,RESPOP_AV,T,Y15-24,TOTAL,ALL,5,ALL,ALL,2019,880,,,,,,,,ALL_N1,,,,,,,
IT1:DF_DCSS_ISTR_LAV_PEN_2_TV_3(1.0),A,082035,RESPOP_AV,T,Y15-24,TOTAL,ALL,5,ALL,ALL,2021,890.59382217409,,,,,,,,ALL_N1,,,,,,,
IT1:DF_DCSS_ISTR_LAV_PEN_2_TV_3(1.0),A,082035,RESPOP_AV,T,Y15-24,TOTAL,ALL,5,ALL,ALL,2022,899.491313769337,,,,,,,,ALL_N1,,,,,,,
IT1:DF_DCSS_ISTR_LAV_PEN_2_TV_3(1.0),A,082035,RESPOP_AV,T,Y15-24,TOTAL,ALL,5,ALL,ALL,2023,870.4088911218739,,,,,,,,ALL_N1,,,,,,,
IT1:DF_DCSS_ISTR_LAV_PEN_2_TV_3(1.0),A,082035,RESPOP_AV,T,Y15-24,TOTAL,ALL,5,ALL,ALL,2024,932.0533697315134,,,,,,,,ALL_N1,,,,,,,
IT1:DF_DCSS_ISTR_LAV_PEN_2_TV_3(1.0),A,082035,RESPOP_AV,T,Y15-24,TOTAL,ALL,7,ALL,ALL,2018,171,,,,,,,,ALL_N1,,,,,,,
IT1:DF_DCSS_ISTR_LAV_PEN_2_TV_3(1.0),A,082035,RESPOP_AV,T,Y15-24,TOTAL,ALL,7,ALL,ALL,2019,115,,,,,,,,ALL_N1,,,,,,,
IT1:DF_DCSS_ISTR_LAV_PEN_2_TV_3(1.0),A,082035,RESPOP_AV,T,Y15-24,TOTAL,ALL,7,ALL,ALL,2021,138.637024551397,,,,,,,,ALL_N1,,,,,,,
IT1:DF_DCSS_ISTR_LAV_PEN_2_TV_3(1.0),A,082035,RESPOP_AV,T,Y15-24,TOTAL,ALL,7,ALL,ALL,2022,121.144497734304,,,,,,,,ALL_N1,,,,,,,
IT1:DF_DCSS_ISTR_LAV_PEN_2_TV_3(1.0),A,082035,RESPOP_AV,T,Y15-24,TOTAL,ALL,7,ALL,ALL,2023,142.7463481822088,,,,,,,,ALL_N1,,,,,,,
IT1:DF_DCSS_ISTR_LAV_PEN_2_TV_3(1.0),A,082035,RESPOP_AV,T,Y15-24,TOTAL,ALL,7,ALL,ALL,2024,144.92023301276603,,,,,,,,ALL_N1,,,,,,,
IT1:DF_DCSS_ISTR_LAV_PEN_2_TV_3(1.0),A,082035,RESPOP_AV,T,Y15-24,TOTAL,ALL,99,ALL,ALL,2018,1537,,,,,,,,ALL_N1,99_N1,,,,,,
IT1:DF_DCSS_ISTR_LAV_PEN_2_TV_3(1.0),A,082035,RESPOP_AV,T,Y15-24,TOTAL,ALL,99,ALL,ALL,2019,1564,,,,,,,,ALL_N1,99_N1,,,,,,
IT1:DF_DCSS_ISTR_LAV_PEN_2_TV_3(1.0),A,082035,RESPOP_AV,T,Y15-24,TOTAL,ALL,99,ALL,ALL,2021,1511,,,,,,,,ALL_N1,99_N1,,,,,,
IT1:DF_DCSS_ISTR_LAV_PEN_2_TV_3(1.0),A,082035,RESPOP_AV,T,Y15-24,TOTAL,ALL,99,ALL,ALL,2022,1504,,,,,,,,ALL_N1,99_N1,,,,,,
IT1:DF_DCSS_ISTR_LAV_PEN_2_TV_3(1.0),A,082035,RESPOP_AV,T,Y15-24,TOTAL,ALL,99,ALL,ALL,2023,1512,,,,,,,,ALL_N1,99_N1,,,,,,
IT1:DF_DCSS_ISTR_LAV_PEN_2_TV_3(1.0),A,082035,RESPOP_AV,T,Y15-24,TOTAL,ALL,99,ALL,ALL,2024,1528.0000000000002,,,,,,,,ALL_N1,99_N1,,,,,,
IT1:DF_DCSS_ISTR_LAV_PEN_2_TV_3(1.0),A,082035,RESPOP_AV,T,Y25-49,TOTAL,ALL,1,ALL,ALL,2018,2138,,,,,,,,ALL_N1,,,,,,,
IT1:DF_DCSS_ISTR_LAV_PEN_2_TV_3(1.0),A,082035,RESPOP_AV,T,Y25-49,TOTAL,ALL,1,ALL,ALL,2019,2168,,,,,,,,ALL_N1,,,,,,,
IT1:DF_DCSS_ISTR_LAV_PEN_2_TV_3(1.0),A,082035,RESPOP_AV,T,Y25-49,TOTAL,ALL,1,ALL,ALL,2021,2288,,,,,,,,ALL_N1,,,,,,,
IT1:DF_DCSS_ISTR_LAV_PEN_2_TV_3(1.0),A,082035,RESPOP_AV,T,Y25-49,TOTAL,ALL,1,ALL,ALL,2022,2269,,,,,,,,ALL_N1,,,,,,,
IT1:DF_DCSS_ISTR_LAV_PEN_2_TV_3(1.0),A,082035,RESPOP_AV,T,Y25-49,TOTAL,ALL,1,ALL,ALL,2023,2290,,,,,,,,ALL_N1,,,,,,,
IT1:DF_DCSS_ISTR_LAV_PEN_2_TV_3(1.0),A,082035,RESPOP_AV,T,Y25-49,TOTAL,ALL,1,ALL,ALL,2024,2340,,,,,,,,ALL_N1,,,,,,,
IT1:DF_DCSS_ISTR_LAV_PEN_2_TV_3(1.0),A,082035,RESPOP_AV,T,Y25-49,TOTAL,ALL,12,ALL,ALL,2018,929,,,,,,,,ALL_N1,,,,,,,
IT1:DF_DCSS_ISTR_LAV_PEN_2_TV_3(1.0),A,082035,RESPOP_AV,T,Y25-49,TOTAL,ALL,12,ALL,ALL,2019,932,,,,,,,,ALL_N1,,,,,,,
IT1:DF_DCSS_ISTR_LAV_PEN_2_TV_3(1.0),A,082035,RESPOP_AV,T,Y25-49,TOTAL,ALL,12,ALL,ALL,2021,556.601486201915,,,,,,,,ALL_N1,,,,,,,
IT1:DF_DCSS_ISTR_LAV_PEN_2_TV_3(1.0),A,082035,RESPOP_AV,T,Y25-49,TOTAL,ALL,12,ALL,ALL,2022,636.295563953062,,,,,,,,ALL_N1,,,,,,,
IT1:DF_DCSS_ISTR_LAV_PEN_2_TV_3(1.0),A,082035,RESPOP_AV,T,Y25-49,TOTAL,ALL,12,ALL,ALL,2023,506.8529555456904,,,,,,,,ALL_N1,,,,,,,
IT1:DF_DCSS_ISTR_LAV_PEN_2_TV_3(1.0),A,082035,RESPOP_AV,T,Y25-49,TOTAL,ALL,12,ALL,ALL,2024,481.81828855111286,,,,,,,,ALL_N1,,,,,,,
IT1:DF_DCSS_ISTR_LAV_PEN_2_TV_3(1.0),A,082035,RESPOP_AV,T,Y25-49,TOTAL,ALL,22,ALL,ALL,2018,3067,,,,,,,,ALL_N1,,,,,,,
IT1:DF_DCSS_ISTR_LAV_PEN_2_TV_3(1.0),A,082035,RESPOP_AV,T,Y25-49,TOTAL,ALL,22,ALL,ALL,2019,3100,,,,,,,,ALL_N1,,,,,,,
IT1:DF_DCSS_ISTR_LAV_PEN_2_TV_3(1.0),A,082035,RESPOP_AV,T,Y25-49,TOTAL,ALL,22,ALL,ALL,2021,2844.60148620192,,,,,,,,ALL_N1,,,,,,,
IT1:DF_DCSS_ISTR_LAV_PEN_2_TV_3(1.0),A,082035,RESPOP_AV,T,Y25-49,TOTAL,ALL,22,ALL,ALL,2022,2905.29556395306,,,,,,,,ALL_N1,,,,,,,
IT1:DF_DCSS_ISTR_LAV_PEN_2_TV_3(1.0),A,082035,RESPOP_AV,T,Y25-49,TOTAL,ALL,22,ALL,ALL,2023,2796.8529555456903,,,,,,,,ALL_N1,,,,,,,
IT1:DF_DCSS_ISTR_LAV_PEN_2_TV_3(1.0),A,082035,RESPOP_AV,T,Y25-49,TOTAL,ALL,22,ALL,ALL,2024,2821.818288551113,,,,,,,,ALL_N1,,,,,,,
IT1:DF_DCSS_ISTR_LAV_PEN_2_TV_3(1.0),A,082035,RESPOP_AV,T,Y25-49,TOTAL,ALL,23,ALL,ALL,2018,1585,,,,,,,,ALL_N1,,,,,,,
IT1:DF_DCSS_ISTR_LAV_PEN_2_TV_3(1.0),A,082035,RESPOP_AV,T,Y25-49,TOTAL,ALL,23,ALL,ALL,2019,1538,,,,,,,,ALL_N1,,,,,,,
IT1:DF_DCSS_ISTR_LAV_PEN_2_TV_3(1.0),A,082035,RESPOP_AV,T,Y25-49,TOTAL,ALL,23,ALL,ALL,2021,1667.39851379808,,,,,,,,ALL_N1,,,,,,,
IT1:DF_DCSS_ISTR_LAV_PEN_2_TV_3(1.0),A,082035,RESPOP_AV,T,Y25-49,TOTAL,ALL,23,ALL,ALL,2022,1587.70443604694,,,,,,,,ALL_N1,,,,,,,
IT1:DF_DCSS_ISTR_LAV_PEN_2_TV_3(1.0),A,082035,RESPOP_AV,T,Y25-49,TOTAL,ALL,23,ALL,ALL,2023,1537.1470444543097,,,,,,,,ALL_N1,,,,,,,
IT1:DF_DCSS_ISTR_LAV_PEN_2_TV_3(1.0),A,082035,RESPOP_AV,T,Y25-49,TOTAL,ALL,23,ALL,ALL,2024,1476.1817114488874,,,,,,,,ALL_N1,,,,,,,
IT1:DF_DCSS_ISTR_LAV_PEN_2_TV_3(1.0),A,082035,RESPOP_AV,T,Y25-49,TOTAL,ALL,24,ALL,ALL,2018,32,,,,,,,,ALL_N1,,,,,,,
IT1:DF_DCSS_ISTR_LAV_PEN_2_TV_3(1.0),A,082035,RESPOP_AV,T,Y25-49,TOTAL,ALL,24,ALL,ALL,2019,42,,,,,,,,ALL_N1,,,,,,,
IT1:DF_DCSS_ISTR_LAV_PEN_2_TV_3(1.0),A,082035,RESPOP_AV,T,Y25-49,TOTAL,ALL,24,ALL,ALL,2021,34.9932106080702,,,,,,,,ALL_N1,,,,,,,
IT1:DF_DCSS_ISTR_LAV_PEN_2_TV_3(1.0),A,082035,RESPOP_AV,T,Y25-49,TOTAL,ALL,24,ALL,ALL,2022,24.1548073487337,,,,,,,,ALL_N1,,,,,,,
IT1:DF_DCSS_ISTR_LAV_PEN_2_TV_3(1.0),A,082035,RESPOP_AV,T,Y25-49,TOTAL,ALL,24,ALL,ALL,2023,25.1221383501889,,,,,,,,ALL_N1,,,,,,,
IT1:DF_DCSS_ISTR_LAV_PEN_2_TV_3(1.0),A,082035,RESPOP_AV,T,Y25-49,TOTAL,ALL,24,ALL,ALL,2024,35.12009394105913,,,,,,,,ALL_N1,,,,,,,
IT1:DF_DCSS_ISTR_LAV_PEN_2_TV_3(1.0),A,082035,RESPOP_AV,T,Y25-49,TOTAL,ALL,4,ALL,ALL,2018,1058,,,,,,,,ALL_N1,,,,,,,
IT1:DF_DCSS_ISTR_LAV_PEN_2_TV_3(1.0),A,082035,RESPOP_AV,T,Y25-49,TOTAL,ALL,4,ALL,ALL,2019,1052,,,,,,,,ALL_N1,,,,,,,
IT1:DF_DCSS_ISTR_LAV_PEN_2_TV_3(1.0),A,082035,RESPOP_AV,T,Y25-49,TOTAL,ALL,4,ALL,ALL,2021,1079.91527389905,,,,,,,,ALL_N1,,,,,,,
IT1:DF_DCSS_ISTR_LAV_PEN_2_TV_3(1.0),A,082035,RESPOP_AV,T,Y25-49,TOTAL,ALL,4,ALL,ALL,2022,1038.26719176677,,,,,,,,ALL_N1,,,,,,,
IT1:DF_DCSS_ISTR_LAV_PEN_2_TV_3(1.0),A,082035,RESPOP_AV,T,Y25-49,TOTAL,ALL,4,ALL,ALL,2023,1030.7120265080105,,,,,,,,ALL_N1,,,,,,,
IT1:DF_DCSS_ISTR_LAV_PEN_2_TV_3(1.0),A,082035,RESPOP_AV,T,Y25-49,TOTAL,ALL,4,ALL,ALL,2024,943.6585485125562,,,,,,,,ALL_N1,,,,,,,
IT1:DF_DCSS_ISTR_LAV_PEN_2_TV_3(1.0),A,082035,RESPOP_AV,T,Y25-49,TOTAL,ALL,5,ALL,ALL,2018,110,,,,,,,,ALL_N1,,,,,,,
IT1:DF_DCSS_ISTR_LAV_PEN_2_TV_3(1.0),A,082035,RESPOP_AV,T,Y25-49,TOTAL,ALL,5,ALL,ALL,2019,119,,,,,,,,ALL_N1,,,,,,,
IT1:DF_DCSS_ISTR_LAV_PEN_2_TV_3(1.0),A,082035,RESPOP_AV,T,Y25-49,TOTAL,ALL,5,ALL,ALL,2021,119.010068308417,,,,,,,,ALL_N1,,,,,,,
IT1:DF_DCSS_ISTR_LAV_PEN_2_TV_3(1.0),A,082035,RESPOP_AV,T,Y25-49,TOTAL,ALL,5,ALL,ALL,2022,124.964803219863,,,,,,,,ALL_N1,,,,,,,
IT1:DF_DCSS_ISTR_LAV_PEN_2_TV_3(1.0),A,082035,RESPOP_AV,T,Y25-49,TOTAL,ALL,5,ALL,ALL,2023,92.37479726834694,,,,,,,,ALL_N1,,,,,,,
IT1:DF_DCSS_ISTR_LAV_PEN_2_TV_3(1.0),A,082035,RESPOP_AV,T,Y25-49,TOTAL,ALL,5,ALL,ALL,2024,110.66950407961512,,,,,,,,ALL_N1,,,,,,,
IT1:DF_DCSS_ISTR_LAV_PEN_2_TV_3(1.0),A,082035,RESPOP_AV,T,Y25-49,TOTAL,ALL,7,ALL,ALL,2018,385,,,,,,,,ALL_N1,,,,,,,
IT1:DF_DCSS_ISTR_LAV_PEN_2_TV_3(1.0),A,082035,RESPOP_AV,T,Y25-49,TOTAL,ALL,7,ALL,ALL,2019,325,,,,,,,,ALL_N1,,,,,,,
IT1:DF_DCSS_ISTR_LAV_PEN_2_TV_3(1.0),A,082035,RESPOP_AV,T,Y25-49,TOTAL,ALL,7,ALL,ALL,2021,433.47996098255,,,,,,,,ALL_N1,,,,,,,
IT1:DF_DCSS_ISTR_LAV_PEN_2_TV_3(1.0),A,082035,RESPOP_AV,T,Y25-49,TOTAL,ALL,7,ALL,ALL,2022,400.317633711572,,,,,,,,ALL_N1,,,,,,,
IT1:DF_DCSS_ISTR_LAV_PEN_2_TV_3(1.0),A,082035,RESPOP_AV,T,Y25-49,TOTAL,ALL,7,ALL,ALL,2023,388.9380823277634,,,,,,,,ALL_N1,,,,,,,
IT1:DF_DCSS_ISTR_LAV_PEN_2_TV_3(1.0),A,082035,RESPOP_AV,T,Y25-49,TOTAL,ALL,7,ALL,ALL,2024,386.733564915657,,,,,,,,ALL_N1,,,,,,,
IT1:DF_DCSS_ISTR_LAV_PEN_2_TV_3(1.0),A,082035,RESPOP_AV,T,Y25-49,TOTAL,ALL,99,ALL,ALL,2018,4652,,,,,,,,ALL_N1,99_N1,,,,,,
IT1:DF_DCSS_ISTR_LAV_PEN_2_TV_3(1.0),A,082035,RESPOP_AV,T,Y25-49,TOTAL,ALL,99,ALL,ALL,2019,4638,,,,,,,,ALL_N1,99_N1,,,,,,
IT1:DF_DCSS_ISTR_LAV_PEN_2_TV_3(1.0),A,082035,RESPOP_AV,T,Y25-49,TOTAL,ALL,99,ALL,ALL,2020,4518,,,,,,,,ALL_N1,99_N1,,,,,,
IT1:DF_DCSS_ISTR_LAV_PEN_2_TV_3(1.0),A,082035,RESPOP_AV,T,Y25-49,TOTAL,ALL,99,ALL,ALL,2021,4512,,,,,,,,ALL_N1,99_N1,,,,,,
IT1:DF_DCSS_ISTR_LAV_PEN_2_TV_3(1.0),A,082035,RESPOP_AV,T,Y25-49,TOTAL,ALL,99,ALL,ALL,2022,4493,,,,,,,,ALL_N1,99_N1,,,,,,
IT1:DF_DCSS_ISTR_LAV_PEN_2_TV_3(1.0),A,082035,RESPOP_AV,T,Y25-49,TOTAL,ALL,99,ALL,ALL,2023,4334,,,,,,,,ALL_N1,99_N1,,,,,,
IT1:DF_DCSS_ISTR_LAV_PEN_2_TV_3(1.0),A,082035,RESPOP_AV,T,Y25-49,TOTAL,ALL,99,ALL,ALL,2024,4298,,,,,,,,ALL_N1,99_N1,,,,,,
IT1:DF_DCSS_ISTR_LAV_PEN_2_TV_3(1.0),A,082035,RESPOP_AV,T,Y50-64,TOTAL,ALL,1,ALL,ALL,2018,982,,,,,,,,ALL_N1,,,,,,,
IT1:DF_DCSS_ISTR_LAV_PEN_2_TV_3(1.0),A,082035,RESPOP_AV,T,Y50-64,TOTAL,ALL,1,ALL,ALL,2019,1041,,,,,,,,ALL_N1,,,,,,,
IT1:DF_DCSS_ISTR_LAV_PEN_2_TV_3(1.0),A,082035,RESPOP_AV,T,Y50-64,TOTAL,ALL,1,ALL,ALL,2021,1164,,,,,,,,ALL_N1,,,,,,,
IT1:DF_DCSS_ISTR_LAV_PEN_2_TV_3(1.0),A,082035,RESPOP_AV,T,Y50-64,TOTAL,ALL,1,ALL,ALL,2022,1191,,,,,,,,ALL_N1,,,,,,,
IT1:DF_DCSS_ISTR_LAV_PEN_2_TV_3(1.0),A,082035,RESPOP_AV,T,Y50-64,TOTAL,ALL,1,ALL,ALL,2023,1265,,,,,,,,ALL_N1,,,,,,,
IT1:DF_DCSS_ISTR_LAV_PEN_2_TV_3(1.0),A,082035,RESPOP_AV,T,Y50-64,TOTAL,ALL,1,ALL,ALL,2024,1335,,,,,,,,ALL_N1,,,,,,,
IT1:DF_DCSS_ISTR_LAV_PEN_2_TV_3(1.0),A,082035,RESPOP_AV,T,Y50-64,TOTAL,ALL,12,ALL,ALL,2018,287,,,,,,,,ALL_N1,,,,,,,
IT1:DF_DCSS_ISTR_LAV_PEN_2_TV_3(1.0),A,082035,RESPOP_AV,T,Y50-64,TOTAL,ALL,12,ALL,ALL,2019,295,,,,,,,,ALL_N1,,,,,,,
IT1:DF_DCSS_ISTR_LAV_PEN_2_TV_3(1.0),A,082035,RESPOP_AV,T,Y50-64,TOTAL,ALL,12,ALL,ALL,2021,187.581063779274,,,,,,,,ALL_N1,,,,,,,
IT1:DF_DCSS_ISTR_LAV_PEN_2_TV_3(1.0),A,082035,RESPOP_AV,T,Y50-64,TOTAL,ALL,12,ALL,ALL,2022,222.808168756358,,,,,,,,ALL_N1,,,,,,,
IT1:DF_DCSS_ISTR_LAV_PEN_2_TV_3(1.0),A,082035,RESPOP_AV,T,Y50-64,TOTAL,ALL,12,ALL,ALL,2023,203.1907981474616,,,,,,,,ALL_N1,,,,,,,
IT1:DF_DCSS_ISTR_LAV_PEN_2_TV_3(1.0),A,082035,RESPOP_AV,T,Y50-64,TOTAL,ALL,12,ALL,ALL,2024,211.88486248807794,,,,,,,,ALL_N1,,,,,,,
IT1:DF_DCSS_ISTR_LAV_PEN_2_TV_3(1.0),A,082035,RESPOP_AV,T,Y50-64,TOTAL,ALL,22,ALL,ALL,2018,1269,,,,,,,,ALL_N1,,,,,,,
IT1:DF_DCSS_ISTR_LAV_PEN_2_TV_3(1.0),A,082035,RESPOP_AV,T,Y50-64,TOTAL,ALL,22,ALL,ALL,2019,1336,,,,,,,,ALL_N1,,,,,,,
IT1:DF_DCSS_ISTR_LAV_PEN_2_TV_3(1.0),A,082035,RESPOP_AV,T,Y50-64,TOTAL,ALL,22,ALL,ALL,2021,1351.58106377927,,,,,,,,ALL_N1,,,,,,,
IT1:DF_DCSS_ISTR_LAV_PEN_2_TV_3(1.0),A,082035,RESPOP_AV,T,Y50-64,TOTAL,ALL,22,ALL,ALL,2022,1413.80816875636,,,,,,,,ALL_N1,,,,,,,
IT1:DF_DCSS_ISTR_LAV_PEN_2_TV_3(1.0),A,082035,RESPOP_AV,T,Y50-64,TOTAL,ALL,22,ALL,ALL,2023,1468.1907981474617,,,,,,,,ALL_N1,,,,,,,
IT1:DF_DCSS_ISTR_LAV_PEN_2_TV_3(1.0),A,082035,RESPOP_AV,T,Y50-64,TOTAL,ALL,22,ALL,ALL,2024,1546.884862488078,,,,,,,,ALL_N1,,,,,,,
IT1:DF_DCSS_ISTR_LAV_PEN_2_TV_3(1.0),A,082035,RESPOP_AV,T,Y50-64,TOTAL,ALL,23,ALL,ALL,2018,1057,,,,,,,,ALL_N1,,,,,,,
IT1:DF_DCSS_ISTR_LAV_PEN_2_TV_3(1.0),A,082035,RESPOP_AV,T,Y50-64,TOTAL,ALL,23,ALL,ALL,2019,1072,,,,,,,,ALL_N1,,,,,,,
IT1:DF_DCSS_ISTR_LAV_PEN_2_TV_3(1.0),A,082035,RESPOP_AV,T,Y50-64,TOTAL,ALL,23,ALL,ALL,2021,1234.41893622073,,,,,,,,ALL_N1,,,,,,,
IT1:DF_DCSS_ISTR_LAV_PEN_2_TV_3(1.0),A,082035,RESPOP_AV,T,Y50-64,TOTAL,ALL,23,ALL,ALL,2022,1223.19183124364,,,,,,,,ALL_N1,,,,,,,
IT1:DF_DCSS_ISTR_LAV_PEN_2_TV_3(1.0),A,082035,RESPOP_AV,T,Y50-64,TOTAL,ALL,23,ALL,ALL,2023,1226.8092018525383,,,,,,,,ALL_N1,,,,,,,
IT1:DF_DCSS_ISTR_LAV_PEN_2_TV_3(1.0),A,082035,RESPOP_AV,T,Y50-64,TOTAL,ALL,23,ALL,ALL,2024,1251.1151375119218,,,,,,,,ALL_N1,,,,,,,
IT1:DF_DCSS_ISTR_LAV_PEN_2_TV_3(1.0),A,082035,RESPOP_AV,T,Y50-64,TOTAL,ALL,24,ALL,ALL,2018,129,,,,,,,,ALL_N1,,,,,,,
IT1:DF_DCSS_ISTR_LAV_PEN_2_TV_3(1.0),A,082035,RESPOP_AV,T,Y50-64,TOTAL,ALL,24,ALL,ALL,2019,149,,,,,,,,ALL_N1,,,,,,,
IT1:DF_DCSS_ISTR_LAV_PEN_2_TV_3(1.0),A,082035,RESPOP_AV,T,Y50-64,TOTAL,ALL,24,ALL,ALL,2021,144.928250099346,,,,,,,,ALL_N1,,,,,,,
IT1:DF_DCSS_ISTR_LAV_PEN_2_TV_3(1.0),A,082035,RESPOP_AV,T,Y50-64,TOTAL,ALL,24,ALL,ALL,2022,107.343432463955,,,,,,,,ALL_N1,,,,,,,
IT1:DF_DCSS_ISTR_LAV_PEN_2_TV_3(1.0),A,082035,RESPOP_AV,T,Y50-64,TOTAL,ALL,24,ALL,ALL,2023,98.91779589414267,,,,,,,,ALL_N1,,,,,,,
IT1:DF_DCSS_ISTR_LAV_PEN_2_TV_3(1.0),A,082035,RESPOP_AV,T,Y50-64,TOTAL,ALL,24,ALL,ALL,2024,110.08492656295532,,,,,,,,ALL_N1,,,,,,,
IT1:DF_DCSS_ISTR_LAV_PEN_2_TV_3(1.0),A,082035,RESPOP_AV,T,Y50-64,TOTAL,ALL,4,ALL,ALL,2018,701,,,,,,,,ALL_N1,,,,,,,
IT1:DF_DCSS_ISTR_LAV_PEN_2_TV_3(1.0),A,082035,RESPOP_AV,T,Y50-64,TOTAL,ALL,4,ALL,ALL,2019,728,,,,,,,,ALL_N1,,,,,,,
IT1:DF_DCSS_ISTR_LAV_PEN_2_TV_3(1.0),A,082035,RESPOP_AV,T,Y50-64,TOTAL,ALL,4,ALL,ALL,2021,805.548814197313,,,,,,,,ALL_N1,,,,,,,
IT1:DF_DCSS_ISTR_LAV_PEN_2_TV_3(1.0),A,082035,RESPOP_AV,T,Y50-64,TOTAL,ALL,4,ALL,ALL,2022,801.451544624018,,,,,,,,ALL_N1,,,,,,,
IT1:DF_DCSS_ISTR_LAV_PEN_2_TV_3(1.0),A,082035,RESPOP_AV,T,Y50-64,TOTAL,ALL,4,ALL,ALL,2023,823.4083339703759,,,,,,,,ALL_N1,,,,,,,
IT1:DF_DCSS_ISTR_LAV_PEN_2_TV_3(1.0),A,082035,RESPOP_AV,T,Y50-64,TOTAL,ALL,4,ALL,ALL,2024,822.4705402520167,,,,,,,,ALL_N1,,,,,,,
IT1:DF_DCSS_ISTR_LAV_PEN_2_TV_3(1.0),A,082035,RESPOP_AV,T,Y50-64,TOTAL,ALL,5,ALL,ALL,2018,1,,,,,,,,ALL_N1,,,,,,,
IT1:DF_DCSS_ISTR_LAV_PEN_2_TV_3(1.0),A,082035,RESPOP_AV,T,Y50-64,TOTAL,ALL,5,ALL,ALL,2019,1,,,,,,,,ALL_N1,,,,,,,
IT1:DF_DCSS_ISTR_LAV_PEN_2_TV_3(1.0),A,082035,RESPOP_AV,T,Y50-64,TOTAL,ALL,5,ALL,ALL,2021,2.93751113147553,,,,,,,,ALL_N1,,,,,,,
IT1:DF_DCSS_ISTR_LAV_PEN_2_TV_3(1.0),A,082035,RESPOP_AV,T,Y50-64,TOTAL,ALL,5,ALL,ALL,2022,3.21026048340674,,,,,,,,ALL_N1,,,,,,,
IT1:DF_DCSS_ISTR_LAV_PEN_2_TV_3(1.0),A,082035,RESPOP_AV,T,Y50-64,TOTAL,ALL,5,ALL,ALL,2023,2.4407059438604697,,,,,,,,ALL_N1,,,,,,,
IT1:DF_DCSS_ISTR_LAV_PEN_2_TV_3(1.0),A,082035,RESPOP_AV,T,Y50-64,TOTAL,ALL,5,ALL,ALL,2024,5.241329574668447,,,,,,,,ALL_N1,,,,,,,
IT1:DF_DCSS_ISTR_LAV_PEN_2_TV_3(1.0),A,082035,RESPOP_AV,T,Y50-64,TOTAL,ALL,7,ALL,ALL,2018,226,,,,,,,,ALL_N1,,,,,,,
IT1:DF_DCSS_ISTR_LAV_PEN_2_TV_3(1.0),A,082035,RESPOP_AV,T,Y50-64,TOTAL,ALL,7,ALL,ALL,2019,194,,,,,,,,ALL_N1,,,,,,,
IT1:DF_DCSS_ISTR_LAV_PEN_2_TV_3(1.0),A,082035,RESPOP_AV,T,Y50-64,TOTAL,ALL,7,ALL,ALL,2021,281.004360792592,,,,,,,,ALL_N1,,,,,,,
IT1:DF_DCSS_ISTR_LAV_PEN_2_TV_3(1.0),A,082035,RESPOP_AV,T,Y50-64,TOTAL,ALL,7,ALL,ALL,2022,311.186593672263,,,,,,,,ALL_N1,,,,,,,
IT1:DF_DCSS_ISTR_LAV_PEN_2_TV_3(1.0),A,082035,RESPOP_AV,T,Y50-64,TOTAL,ALL,7,ALL,ALL,2023,302.04236604415917,,,,,,,,ALL_N1,,,,,,,
IT1:DF_DCSS_ISTR_LAV_PEN_2_TV_3(1.0),A,082035,RESPOP_AV,T,Y50-64,TOTAL,ALL,7,ALL,ALL,2024,313.3183411222813,,,,,,,,ALL_N1,,,,,,,
IT1:DF_DCSS_ISTR_LAV_PEN_2_TV_3(1.0),A,082035,RESPOP_AV,T,Y50-64,TOTAL,ALL,99,ALL,ALL,2018,2326,,,,,,,,ALL_N1,99_N1,,,,,,
IT1:DF_DCSS_ISTR_LAV_PEN_2_TV_3(1.0),A,082035,RESPOP_AV,T,Y50-64,TOTAL,ALL,99,ALL,ALL,2019,2408,,,,,,,,ALL_N1,99_N1,,,,,,
IT1:DF_DCSS_ISTR_LAV_PEN_2_TV_3(1.0),A,082035,RESPOP_AV,T,Y50-64,TOTAL,ALL,99,ALL,ALL,2020,2468,,,,,,,,ALL_N1,99_N1,,,,,,
IT1:DF_DCSS_ISTR_LAV_PEN_2_TV_3(1.0),A,082035,RESPOP_AV,T,Y50-64,TOTAL,ALL,99,ALL,ALL,2021,2586,,,,,,,,ALL_N1,99_N1,,,,,,
IT1:DF_DCSS_ISTR_LAV_PEN_2_TV_3(1.0),A,082035,RESPOP_AV,T,Y50-64,TOTAL,ALL,99,ALL,ALL,2022,2637,,,,,,,,ALL_N1,99_N1,,,,,,
IT1:DF_DCSS_ISTR_LAV_PEN_2_TV_3(1.0),A,082035,RESPOP_AV,T,Y50-64,TOTAL,ALL,99,ALL,ALL,2023,2695,,,,,,,,ALL_N1,99_N1,,,,,,
IT1:DF_DCSS_ISTR_LAV_PEN_2_TV_3(1.0),A,082035,RESPOP_AV,T,Y50-64,TOTAL,ALL,99,ALL,ALL,2024,2798,,,,,,,,ALL_N1,99_N1,,,,,,
IT1:DF_DCSS_ISTR_LAV_PEN_2_TV_3(1.0),A,082048,RESPOP_AV,F,Y_GE15,TOTAL,ALL,1,ALL,ALL,2018,2204,,,,,,,,ALL_N1,,,,,,,
IT1:DF_DCSS_ISTR_LAV_PEN_2_TV_3(1.0),A,082048,RESPOP_AV,F,Y_GE15,TOTAL,ALL,1,ALL,ALL,2019,2220,,,,,,,,ALL_N1,,,,,,,
IT1:DF_DCSS_ISTR_LAV_PEN_2_TV_3(1.0),A,082048,RESPOP_AV,F,Y_GE15,TOTAL,ALL,1,ALL,ALL,2021,2449,,,,,,,,ALL_N1,,,,,,,
IT1:DF_DCSS_ISTR_LAV_PEN_2_TV_3(1.0),A,082048,RESPOP_AV,F,Y_GE15,TOTAL,ALL,1,ALL,ALL,2022,2485,,,,,,,,ALL_N1,,,,,,,
IT1:DF_DCSS_ISTR_LAV_PEN_2_TV_3(1.0),A,082048,RESPOP_AV,F,Y_GE15,TOTAL,ALL,1,ALL,ALL,2023,2610,,,,,,,,ALL_N1,,,,,,,
IT1:DF_DCSS_ISTR_LAV_PEN_2_TV_3(1.0),A,082048,RESPOP_AV,F,Y_GE15,TOTAL,ALL,1,ALL,ALL,2024,2839,,,,,,,,ALL_N1,,,,,,,
IT1:DF_DCSS_ISTR_LAV_PEN_2_TV_3(1.0),A,082048,RESPOP_AV,F,Y_GE15,TOTAL,ALL,12,ALL,ALL,2018,1447,,,,,,,,ALL_N1,,,,,,,
IT1:DF_DCSS_ISTR_LAV_PEN_2_TV_3(1.0),A,082048,RESPOP_AV,F,Y_GE15,TOTAL,ALL,12,ALL,ALL,2019,1533,,,,,,,,ALL_N1,,,,,,,
IT1:DF_DCSS_ISTR_LAV_PEN_2_TV_3(1.0),A,082048,RESPOP_AV,F,Y_GE15,TOTAL,ALL,12,ALL,ALL,2021,818.088850083169,,,,,,,,ALL_N1,,,,,,,
IT1:DF_DCSS_ISTR_LAV_PEN_2_TV_3(1.0),A,082048,RESPOP_AV,F,Y_GE15,TOTAL,ALL,12,ALL,ALL,2022,853.383449781576,,,,,,,,ALL_N1,,,,,,,
IT1:DF_DCSS_ISTR_LAV_PEN_2_TV_3(1.0),A,082048,RESPOP_AV,F,Y_GE15,TOTAL,ALL,12,ALL,ALL,2023,843.3913871520933,,,,,,,,ALL_N1,,,,,,,
IT1:DF_DCSS_ISTR_LAV_PEN_2_TV_3(1.0),A,082048,RESPOP_AV,F,Y_GE15,TOTAL,ALL,12,ALL,ALL,2024,678.4397199091119,,,,,,,,ALL_N1,,,,,,,
IT1:DF_DCSS_ISTR_LAV_PEN_2_TV_3(1.0),A,082048,RESPOP_AV,F,Y_GE15,TOTAL,ALL,22,ALL,ALL,2018,3651,,,,,,,,ALL_N1,,,,,,,
IT1:DF_DCSS_ISTR_LAV_PEN_2_TV_3(1.0),A,082048,RESPOP_AV,F,Y_GE15,TOTAL,ALL,22,ALL,ALL,2019,3753,,,,,,,,ALL_N1,,,,,,,
IT1:DF_DCSS_ISTR_LAV_PEN_2_TV_3(1.0),A,082048,RESPOP_AV,F,Y_GE15,TOTAL,ALL,22,ALL,ALL,2021,3267.08885008317,,,,,,,,ALL_N1,,,,,,,
IT1:DF_DCSS_ISTR_LAV_PEN_2_TV_3(1.0),A,082048,RESPOP_AV,F,Y_GE15,TOTAL,ALL,22,ALL,ALL,2022,3338.38344978158,,,,,,,,ALL_N1,,,,,,,
IT1:DF_DCSS_ISTR_LAV_PEN_2_TV_3(1.0),A,082048,RESPOP_AV,F,Y_GE15,TOTAL,ALL,22,ALL,ALL,2023,3453.3913871520936,,,,,,,,ALL_N1,,,,,,,
IT1:DF_DCSS_ISTR_LAV_PEN_2_TV_3(1.0),A,082048,RESPOP_AV,F,Y_GE15,TOTAL,ALL,22,ALL,ALL,2024,3517.439719909112,,,,,,,,ALL_N1,,,,,,,
IT1:DF_DCSS_ISTR_LAV_PEN_2_TV_3(1.0),A,082048,RESPOP_AV,F,Y_GE15,TOTAL,ALL,23,ALL,ALL,2018,8511,,,,,,,,ALL_N1,,,,,,,
IT1:DF_DCSS_ISTR_LAV_PEN_2_TV_3(1.0),A,082048,RESPOP_AV,F,Y_GE15,TOTAL,ALL,23,ALL,ALL,2019,8477,,,,,,,,ALL_N1,,,,,,,
IT1:DF_DCSS_ISTR_LAV_PEN_2_TV_3(1.0),A,082048,RESPOP_AV,F,Y_GE15,TOTAL,ALL,23,ALL,ALL,2021,9034.91114991683,,,,,,,,ALL_N1,,,,,,,
IT1:DF_DCSS_ISTR_LAV_PEN_2_TV_3(1.0),A,082048,RESPOP_AV,F,Y_GE15,TOTAL,ALL,23,ALL,ALL,2022,8934.61655021842,,,,,,,,ALL_N1,,,,,,,
IT1:DF_DCSS_ISTR_LAV_PEN_2_TV_3(1.0),A,082048,RESPOP_AV,F,Y_GE15,TOTAL,ALL,23,ALL,ALL,2023,8875.608612847906,,,,,,,,ALL_N1,,,,,,,
IT1:DF_DCSS_ISTR_LAV_PEN_2_TV_3(1.0),A,082048,RESPOP_AV,F,Y_GE15,TOTAL,ALL,23,ALL,ALL,2024,8950.56028009089,,,,,,,,ALL_N1,,,,,,,
IT1:DF_DCSS_ISTR_LAV_PEN_2_TV_3(1.0),A,082048,RESPOP_AV,F,Y_GE15,TOTAL,ALL,24,ALL,ALL,2018,1301,,,,,,,,ALL_N1,,,,,,,
IT1:DF_DCSS_ISTR_LAV_PEN_2_TV_3(1.0),A,082048,RESPOP_AV,F,Y_GE15,TOTAL,ALL,24,ALL,ALL,2019,1387,,,,,,,,ALL_N1,,,,,,,
IT1:DF_DCSS_ISTR_LAV_PEN_2_TV_3(1.0),A,082048,RESPOP_AV,F,Y_GE15,TOTAL,ALL,24,ALL,ALL,2021,1504.45056481871,,,,,,,,ALL_N1,,,,,,,
IT1:DF_DCSS_ISTR_LAV_PEN_2_TV_3(1.0),A,082048,RESPOP_AV,F,Y_GE15,TOTAL,ALL,24,ALL,ALL,2022,1266.77215231821,,,,,,,,ALL_N1,,,,,,,
IT1:DF_DCSS_ISTR_LAV_PEN_2_TV_3(1.0),A,082048,RESPOP_AV,F,Y_GE15,TOTAL,ALL,24,ALL,ALL,2023,1165.707624392497,,,,,,,,ALL_N1,,,,,,,
IT1:DF_DCSS_ISTR_LAV_PEN_2_TV_3(1.0),A,082048,RESPOP_AV,F,Y_GE15,TOTAL,ALL,24,ALL,ALL,2024,1372.0366811197978,,,,,,,,ALL_N1,,,,,,,
IT1:DF_DCSS_ISTR_LAV_PEN_2_TV_3(1.0),A,082048,RESPOP_AV,F,Y_GE15,TOTAL,ALL,4,ALL,ALL,2018,5120,,,,,,,,ALL_N1,,,,,,,
IT1:DF_DCSS_ISTR_LAV_PEN_2_TV_3(1.0),A,082048,RESPOP_AV,F,Y_GE15,TOTAL,ALL,4,ALL,ALL,2019,5146,,,,,,,,ALL_N1,,,,,,,
IT1:DF_DCSS_ISTR_LAV_PEN_2_TV_3(1.0),A,082048,RESPOP_AV,F,Y_GE15,TOTAL,ALL,4,ALL,ALL,2021,5428.93426050544,,,,,,,,ALL_N1,,,,,,,
IT1:DF_DCSS_ISTR_LAV_PEN_2_TV_3(1.0),A,082048,RESPOP_AV,F,Y_GE15,TOTAL,ALL,4,ALL,ALL,2022,5378.17135797824,,,,,,,,ALL_N1,,,,,,,
IT1:DF_DCSS_ISTR_LAV_PEN_2_TV_3(1.0),A,082048,RESPOP_AV,F,Y_GE15,TOTAL,ALL,4,ALL,ALL,2023,5460.1685035946875,,,,,,,,ALL_N1,,,,,,,
IT1:DF_DCSS_ISTR_LAV_PEN_2_TV_3(1.0),A,082048,RESPOP_AV,F,Y_GE15,TOTAL,ALL,4,ALL,ALL,2024,5270.956184583263,,,,,,,,ALL_N1,,,,,,,
IT1:DF_DCSS_ISTR_LAV_PEN_2_TV_3(1.0),A,082048,RESPOP_AV,F,Y_GE15,TOTAL,ALL,5,ALL,ALL,2018,976,,,,,,,,ALL_N1,,,,,,,
IT1:DF_DCSS_ISTR_LAV_PEN_2_TV_3(1.0),A,082048,RESPOP_AV,F,Y_GE15,TOTAL,ALL,5,ALL,ALL,2019,1044,,,,,,,,ALL_N1,,,,,,,
IT1:DF_DCSS_ISTR_LAV_PEN_2_TV_3(1.0),A,082048,RESPOP_AV,F,Y_GE15,TOTAL,ALL,5,ALL,ALL,2021,1079.6131600993,,,,,,,,ALL_N1,,,,,,,
IT1:DF_DCSS_ISTR_LAV_PEN_2_TV_3(1.0),A,082048,RESPOP_AV,F,Y_GE15,TOTAL,ALL,5,ALL,ALL,2022,1115.13736091498,,,,,,,,ALL_N1,,,,,,,
IT1:DF_DCSS_ISTR_LAV_PEN_2_TV_3(1.0),A,082048,RESPOP_AV,F,Y_GE15,TOTAL,ALL,5,ALL,ALL,2023,1005.8532092954014,,,,,,,,ALL_N1,,,,,,,
IT1:DF_DCSS_ISTR_LAV_PEN_2_TV_3(1.0),A,082048,RESPOP_AV,F,Y_GE15,TOTAL,ALL,5,ALL,ALL,2024,1093.147614189934,,,,,,,,ALL_N1,,,,,,,
IT1:DF_DCSS_ISTR_LAV_PEN_2_TV_3(1.0),A,082048,RESPOP_AV,F,Y_GE15,TOTAL,ALL,7,ALL,ALL,2018,1114,,,,,,,,ALL_N1,,,,,,,
IT1:DF_DCSS_ISTR_LAV_PEN_2_TV_3(1.0),A,082048,RESPOP_AV,F,Y_GE15,TOTAL,ALL,7,ALL,ALL,2019,901,,,,,,,,ALL_N1,,,,,,,
IT1:DF_DCSS_ISTR_LAV_PEN_2_TV_3(1.0),A,082048,RESPOP_AV,F,Y_GE15,TOTAL,ALL,7,ALL,ALL,2021,1021.91316449338,,,,,,,,ALL_N1,,,,,,,
IT1:DF_DCSS_ISTR_LAV_PEN_2_TV_3(1.0),A,082048,RESPOP_AV,F,Y_GE15,TOTAL,ALL,7,ALL,ALL,2022,1174.53567900699,,,,,,,,ALL_N1,,,,,,,
IT1:DF_DCSS_ISTR_LAV_PEN_2_TV_3(1.0),A,082048,RESPOP_AV,F,Y_GE15,TOTAL,ALL,7,ALL,ALL,2023,1243.879275565319,,,,,,,,ALL_N1,,,,,,,
IT1:DF_DCSS_ISTR_LAV_PEN_2_TV_3(1.0),A,082048,RESPOP_AV,F,Y_GE15,TOTAL,ALL,7,ALL,ALL,2024,1214.4198001978934,,,,,,,,ALL_N1,,,,,,,
IT1:DF_DCSS_ISTR_LAV_PEN_2_TV_3(1.0),A,082048,RESPOP_AV,F,Y_GE15,TOTAL,ALL,99,ALL,ALL,2018,12162,,,,,,,,ALL_N1,99_N1,,,,,,
IT1:DF_DCSS_ISTR_LAV_PEN_2_TV_3(1.0),A,082048,RESPOP_AV,F,Y_GE15,TOTAL,ALL,99,ALL,ALL,2019,12230,,,,,,,,ALL_N1,99_N1,,,,,,
IT1:DF_DCSS_ISTR_LAV_PEN_2_TV_3(1.0),A,082048,RESPOP_AV,F,Y_GE15,TOTAL,ALL,99,ALL,ALL,2021,12302,,,,,,,,ALL_N1,99_N1,,,,,,
IT1:DF_DCSS_ISTR_LAV_PEN_2_TV_3(1.0),A,082048,RESPOP_AV,F,Y_GE15,TOTAL,ALL,99,ALL,ALL,2022,12273,,,,,,,,ALL_N1,99_N1,,,,,,
IT1:DF_DCSS_ISTR_LAV_PEN_2_TV_3(1.0),A,082048,RESPOP_AV,F,Y_GE15,TOTAL,ALL,99,ALL,ALL,2023,12328.999999999998,,,,,,,,ALL_N1,99_N1,,,,,,
IT1:DF_DCSS_ISTR_LAV_PEN_2_TV_3(1.0),A,082048,RESPOP_AV,F,Y_GE15,TOTAL,ALL,99,ALL,ALL,2024,12468,,,,,,,,ALL_N1,99_N1,,,,,,
IT1:DF_DCSS_ISTR_LAV_PEN_2_TV_3(1.0),A,082048,RESPOP_AV,F,Y_GE65,TOTAL,ALL,1,ALL,ALL,2018,60,,,,,,,,ALL_N1,,,,,,,
IT1:DF_DCSS_ISTR_LAV_PEN_2_TV_3(1.0),A,082048,RESPOP_AV,F,Y_GE65,TOTAL,ALL,1,ALL,ALL,2019,65,,,,,,,,ALL_N1,,,,,,,
IT1:DF_DCSS_ISTR_LAV_PEN_2_TV_3(1.0),A,082048,RESPOP_AV,F,Y_GE65,TOTAL,ALL,1,ALL,ALL,2021,49,,,,,,,,ALL_N1,,,,,,,
IT1:DF_DCSS_ISTR_LAV_PEN_2_TV_3(1.0),A,082048,RESPOP_AV,F,Y_GE65,TOTAL,ALL,1,ALL,ALL,2022,59,,,,,,,,ALL_N1,,,,,,,
IT1:DF_DCSS_ISTR_LAV_PEN_2_TV_3(1.0),A,082048,RESPOP_AV,F,Y_GE65,TOTAL,ALL,1,ALL,ALL,2023,70,,,,,,,,ALL_N1,,,,,,,
IT1:DF_DCSS_ISTR_LAV_PEN_2_TV_3(1.0),A,082048,RESPOP_AV,F,Y_GE65,TOTAL,ALL,1,ALL,ALL,2024,69,,,,,,,,ALL_N1,,,,,,,
IT1:DF_DCSS_ISTR_LAV_PEN_2_TV_3(1.0),A,082048,RESPOP_AV,F,Y_GE65,TOTAL,ALL,12,ALL,ALL,2018,13,,,,,,,,ALL_N1,,,,,,,
IT1:DF_DCSS_ISTR_LAV_PEN_2_TV_3(1.0),A,082048,RESPOP_AV,F,Y_GE65,TOTAL,ALL,12,ALL,ALL,2019,15,,,,,,,,ALL_N1,,,,,,,
IT1:DF_DCSS_ISTR_LAV_PEN_2_TV_3(1.0),A,082048,RESPOP_AV,F,Y_GE65,TOTAL,ALL,12,ALL,ALL,2021,9.00727515154258,,,,,,,,ALL_N1,,,,,,,
IT1:DF_DCSS_ISTR_LAV_PEN_2_TV_3(1.0),A,082048,RESPOP_AV,F,Y_GE65,TOTAL,ALL,12,ALL,ALL,2022,5.71179397148708,,,,,,,,ALL_N1,,,,,,,
IT1:DF_DCSS_ISTR_LAV_PEN_2_TV_3(1.0),A,082048,RESPOP_AV,F,Y_GE65,TOTAL,ALL,12,ALL,ALL,2023,8.328559701934639,,,,,,,,ALL_N1,,,,,,,
IT1:DF_DCSS_ISTR_LAV_PEN_2_TV_3(1.0),A,082048,RESPOP_AV,F,Y_GE65,TOTAL,ALL,12,ALL,ALL,2024,7.011744034928519,,,,,,,,ALL_N1,,,,,,,
IT1:DF_DCSS_ISTR_LAV_PEN_2_TV_3(1.0),A,082048,RESPOP_AV,F,Y_GE65,TOTAL,ALL,22,ALL,ALL,2018,73,,,,,,,,ALL_N1,,,,,,,
IT1:DF_DCSS_ISTR_LAV_PEN_2_TV_3(1.0),A,082048,RESPOP_AV,F,Y_GE65,TOTAL,ALL,22,ALL,ALL,2019,80,,,,,,,,ALL_N1,,,,,,,
IT1:DF_DCSS_ISTR_LAV_PEN_2_TV_3(1.0),A,082048,RESPOP_AV,F,Y_GE65,TOTAL,ALL,22,ALL,ALL,2021,58.0072751515426,,,,,,,,ALL_N1,,,,,,,
IT1:DF_DCSS_ISTR_LAV_PEN_2_TV_3(1.0),A,082048,RESPOP_AV,F,Y_GE65,TOTAL,ALL,22,ALL,ALL,2022,64.7117939714871,,,,,,,,ALL_N1,,,,,,,
IT1:DF_DCSS_ISTR_LAV_PEN_2_TV_3(1.0),A,082048,RESPOP_AV,F,Y_GE65,TOTAL,ALL,22,ALL,ALL,2023,78.32855970193464,,,,,,,,ALL_N1,,,,,,,
IT1:DF_DCSS_ISTR_LAV_PEN_2_TV_3(1.0),A,082048,RESPOP_AV,F,Y_GE65,TOTAL,ALL,22,ALL,ALL,2024,76.01174403492851,,,,,,,,ALL_N1,,,,,,,
IT1:DF_DCSS_ISTR_LAV_PEN_2_TV_3(1.0),A,082048,RESPOP_AV,F,Y_GE65,TOTAL,ALL,23,ALL,ALL,2018,2563,,,,,,,,ALL_N1,,,,,,,
IT1:DF_DCSS_ISTR_LAV_PEN_2_TV_3(1.0),A,082048,RESPOP_AV,F,Y_GE65,TOTAL,ALL,23,ALL,ALL,2019,2615,,,,,,,,ALL_N1,,,,,,,
IT1:DF_DCSS_ISTR_LAV_PEN_2_TV_3(1.0),A,082048,RESPOP_AV,F,Y_GE65,TOTAL,ALL,23,ALL,ALL,2021,2765.99272484846,,,,,,,,ALL_N1,,,,,,,
IT1:DF_DCSS_ISTR_LAV_PEN_2_TV_3(1.0),A,082048,RESPOP_AV,F,Y_GE65,TOTAL,ALL,23,ALL,ALL,2022,2797.28820602851,,,,,,,,ALL_N1,,,,,,,
IT1:DF_DCSS_ISTR_LAV_PEN_2_TV_3(1.0),A,082048,RESPOP_AV,F,Y_GE65,TOTAL,ALL,23,ALL,ALL,2023,2832.671440298065,,,,,,,,ALL_N1,,,,,,,
IT1:DF_DCSS_ISTR_LAV_PEN_2_TV_3(1.0),A,082048,RESPOP_AV,F,Y_GE65,TOTAL,ALL,23,ALL,ALL,2024,2923.9882559650714,,,,,,,,ALL_N1,,,,,,,
IT1:DF_DCSS_ISTR_LAV_PEN_2_TV_3(1.0),A,082048,RESPOP_AV,F,Y_GE65,TOTAL,ALL,24,ALL,ALL,2018,1188,,,,,,,,ALL_N1,,,,,,,
IT1:DF_DCSS_ISTR_LAV_PEN_2_TV_3(1.0),A,082048,RESPOP_AV,F,Y_GE65,TOTAL,ALL,24,ALL,ALL,2019,1259,,,,,,,,ALL_N1,,,,,,,
IT1:DF_DCSS_ISTR_LAV_PEN_2_TV_3(1.0),A,082048,RESPOP_AV,F,Y_GE65,TOTAL,ALL,24,ALL,ALL,2021,1371.41179356116,,,,,,,,ALL_N1,,,,,,,
IT1:DF_DCSS_ISTR_LAV_PEN_2_TV_3(1.0),A,082048,RESPOP_AV,F,Y_GE65,TOTAL,ALL,24,ALL,ALL,2022,1171.95074022914,,,,,,,,ALL_N1,,,,,,,
IT1:DF_DCSS_ISTR_LAV_PEN_2_TV_3(1.0),A,082048,RESPOP_AV,F,Y_GE65,TOTAL,ALL,24,ALL,ALL,2023,1081.3282441886379,,,,,,,,ALL_N1,,,,,,,
IT1:DF_DCSS_ISTR_LAV_PEN_2_TV_3(1.0),A,082048,RESPOP_AV,F,Y_GE65,TOTAL,ALL,24,ALL,ALL,2024,1273.3068590689559,,,,,,,,ALL_N1,,,,,,,
IT1:DF_DCSS_ISTR_LAV_PEN_2_TV_3(1.0),A,082048,RESPOP_AV,F,Y_GE65,TOTAL,ALL,4,ALL,ALL,2018,938,,,,,,,,ALL_N1,,,,,,,
IT1:DF_DCSS_ISTR_LAV_PEN_2_TV_3(1.0),A,082048,RESPOP_AV,F,Y_GE65,TOTAL,ALL,4,ALL,ALL,2019,984,,,,,,,,ALL_N1,,,,,,,
IT1:DF_DCSS_ISTR_LAV_PEN_2_TV_3(1.0),A,082048,RESPOP_AV,F,Y_GE65,TOTAL,ALL,4,ALL,ALL,2021,1018.5423269238,,,,,,,,ALL_N1,,,,,,,
IT1:DF_DCSS_ISTR_LAV_PEN_2_TV_3(1.0),A,082048,RESPOP_AV,F,Y_GE65,TOTAL,ALL,4,ALL,ALL,2022,1146.74816286517,,,,,,,,ALL_N1,,,,,,,
IT1:DF_DCSS_ISTR_LAV_PEN_2_TV_3(1.0),A,082048,RESPOP_AV,F,Y_GE65,TOTAL,ALL,4,ALL,ALL,2023,1212.4668725665827,,,,,,,,ALL_N1,,,,,,,
IT1:DF_DCSS_ISTR_LAV_PEN_2_TV_3(1.0),A,082048,RESPOP_AV,F,Y_GE65,TOTAL,ALL,4,ALL,ALL,2024,1163.2504109797283,,,,,,,,ALL_N1,,,,,,,
IT1:DF_DCSS_ISTR_LAV_PEN_2_TV_3(1.0),A,082048,RESPOP_AV,F,Y_GE65,TOTAL,ALL,5,ALL,ALL,2018,0,JTEST,,,,,,,ALL_N1,,,,,,,
IT1:DF_DCSS_ISTR_LAV_PEN_2_TV_3(1.0),A,082048,RESPOP_AV,F,Y_GE65,TOTAL,ALL,5,ALL,ALL,2019,0,JTEST,,,,,,,ALL_N1,,,,,,,
IT1:DF_DCSS_ISTR_LAV_PEN_2_TV_3(1.0),A,082048,RESPOP_AV,F,Y_GE65,TOTAL,ALL,5,ALL,ALL,2021,1.78060619737845E-05,,,,,,,,ALL_N1,,,,,,,
IT1:DF_DCSS_ISTR_LAV_PEN_2_TV_3(1.0),A,082048,RESPOP_AV,F,Y_GE65,TOTAL,ALL,5,ALL,ALL,2022,0.421565374678726,,,,,,,,ALL_N1,,,,,,,
IT1:DF_DCSS_ISTR_LAV_PEN_2_TV_3(1.0),A,082048,RESPOP_AV,F,Y_GE65,TOTAL,ALL,5,ALL,ALL,2023,0.7599605654160438,,,,,,,,ALL_N1,,,,,,,
IT1:DF_DCSS_ISTR_LAV_PEN_2_TV_3(1.0),A,082048,RESPOP_AV,F,Y_GE65,TOTAL,ALL,5,ALL,ALL,2024,0.4439115301995611,,,,,,,,ALL_N1,,,,,,,
IT1:DF_DCSS_ISTR_LAV_PEN_2_TV_3(1.0),A,082048,RESPOP_AV,F,Y_GE65,TOTAL,ALL,7,ALL,ALL,2018,437,,,,,,,,ALL_N1,,,,,,,
IT1:DF_DCSS_ISTR_LAV_PEN_2_TV_3(1.0),A,082048,RESPOP_AV,F,Y_GE65,TOTAL,ALL,7,ALL,ALL,2019,372,,,,,,,,ALL_N1,,,,,,,
IT1:DF_DCSS_ISTR_LAV_PEN_2_TV_3(1.0),A,082048,RESPOP_AV,F,Y_GE65,TOTAL,ALL,7,ALL,ALL,2021,376.038586557439,,,,,,,,ALL_N1,,,,,,,
IT1:DF_DCSS_ISTR_LAV_PEN_2_TV_3(1.0),A,082048,RESPOP_AV,F,Y_GE65,TOTAL,ALL,7,ALL,ALL,2022,478.167737559525,,,,,,,,ALL_N1,,,,,,,
IT1:DF_DCSS_ISTR_LAV_PEN_2_TV_3(1.0),A,082048,RESPOP_AV,F,Y_GE65,TOTAL,ALL,7,ALL,ALL,2023,538.1163629774286,,,,,,,,ALL_N1,,,,,,,
IT1:DF_DCSS_ISTR_LAV_PEN_2_TV_3(1.0),A,082048,RESPOP_AV,F,Y_GE65,TOTAL,ALL,7,ALL,ALL,2024,486.9870743861878,,,,,,,,ALL_N1,,,,,,,
IT1:DF_DCSS_ISTR_LAV_PEN_2_TV_3(1.0),A,082048,RESPOP_AV,F,Y_GE65,TOTAL,ALL,99,ALL,ALL,2018,2636,,,,,,,,ALL_N1,99_N1,,,,,,
IT1:DF_DCSS_ISTR_LAV_PEN_2_TV_3(1.0),A,082048,RESPOP_AV,F,Y_GE65,TOTAL,ALL,99,ALL,ALL,2019,2695,,,,,,,,ALL_N1,99_N1,,,,,,
IT1:DF_DCSS_ISTR_LAV_PEN_2_TV_3(1.0),A,082048,RESPOP_AV,F,Y_GE65,TOTAL,ALL,99,ALL,ALL,2020,2756,,,,,,,,ALL_N1,99_N1,,,,,,
IT1:DF_DCSS_ISTR_LAV_PEN_2_TV_3(1.0),A,082048,RESPOP_AV,F,Y_GE65,TOTAL,ALL,99,ALL,ALL,2021,2824,,,,,,,,ALL_N1,99_N1,,,,,,
IT1:DF_DCSS_ISTR_LAV_PEN_2_TV_3(1.0),A,082048,RESPOP_AV,F,Y_GE65,TOTAL,ALL,99,ALL,ALL,2022,2862,,,,,,,,ALL_N1,99_N1,,,,,,
IT1:DF_DCSS_ISTR_LAV_PEN_2_TV_3(1.0),A,082048,RESPOP_AV,F,Y_GE65,TOTAL,ALL,99,ALL,ALL,2023,2911,,,,,,,,ALL_N1,99_N1,,,,,,
IT1:DF_DCSS_ISTR_LAV_PEN_2_TV_3(1.0),A,082048,RESPOP_AV,F,Y_GE65,TOTAL,ALL,99,ALL,ALL,2024,3000,,,,,,,,ALL_N1,99_N1,,,,,,
IT1:DF_DCSS_ISTR_LAV_PEN_2_TV_3(1.0),A,082048,RESPOP_AV,F,Y15-24,TOTAL,ALL,1,ALL,ALL,2018,108,,,,,,,,ALL_N1,,,,,,,
IT1:DF_DCSS_ISTR_LAV_PEN_2_TV_3(1.0),A,082048,RESPOP_AV,F,Y15-24,TOTAL,ALL,1,ALL,ALL,2019,98,,,,,,,,ALL_N1,,,,,,,
IT1:DF_DCSS_ISTR_LAV_PEN_2_TV_3(1.0),A,082048,RESPOP_AV,F,Y15-24,TOTAL,ALL,1,ALL,ALL,2021,124,,,,,,,,ALL_N1,,,,,,,
IT1:DF_DCSS_ISTR_LAV_PEN_2_TV_3(1.0),A,082048,RESPOP_AV,F,Y15-24,TOTAL,ALL,1,ALL,ALL,2022,114,,,,,,,,ALL_N1,,,,,,,
IT1:DF_DCSS_ISTR_LAV_PEN_2_TV_3(1.0),A,082048,RESPOP_AV,F,Y15-24,TOTAL,ALL,1,ALL,ALL,2023,102,,,,,,,,ALL_N1,,,,,,,
IT1:DF_DCSS_ISTR_LAV_PEN_2_TV_3(1.0),A,082048,RESPOP_AV,F,Y15-24,TOTAL,ALL,1,ALL,ALL,2024,139,,,,,,,,ALL_N1,,,,,,,
IT1:DF_DCSS_ISTR_LAV_PEN_2_TV_3(1.0),A,082048,RESPOP_AV,F,Y15-24,TOTAL,ALL,12,ALL,ALL,2018,322,,,,,,,,ALL_N1,,,,,,,
IT1:DF_DCSS_ISTR_LAV_PEN_2_TV_3(1.0),A,082048,RESPOP_AV,F,Y15-24,TOTAL,ALL,12,ALL,ALL,2019,308,,,,,,,,ALL_N1,,,,,,,
IT1:DF_DCSS_ISTR_LAV_PEN_2_TV_3(1.0),A,082048,RESPOP_AV,F,Y15-24,TOTAL,ALL,12,ALL,ALL,2021,153.828373651226,,,,,,,,ALL_N1,,,,,,,
IT1:DF_DCSS_ISTR_LAV_PEN_2_TV_3(1.0),A,082048,RESPOP_AV,F,Y15-24,TOTAL,ALL,12,ALL,ALL,2022,169.240369148605,,,,,,,,ALL_N1,,,,,,,
IT1:DF_DCSS_ISTR_LAV_PEN_2_TV_3(1.0),A,082048,RESPOP_AV,F,Y15-24,TOTAL,ALL,12,ALL,ALL,2023,184.07966910164956,,,,,,,,ALL_N1,,,,,,,
IT1:DF_DCSS_ISTR_LAV_PEN_2_TV_3(1.0),A,082048,RESPOP_AV,F,Y15-24,TOTAL,ALL,12,ALL,ALL,2024,125.85443788309104,,,,,,,,ALL_N1,,,,,,,
IT1:DF_DCSS_ISTR_LAV_PEN_2_TV_3(1.0),A,082048,RESPOP_AV,F,Y15-24,TOTAL,ALL,22,ALL,ALL,2018,430,,,,,,,,ALL_N1,,,,,,,
IT1:DF_DCSS_ISTR_LAV_PEN_2_TV_3(1.0),A,082048,RESPOP_AV,F,Y15-24,TOTAL,ALL,22,ALL,ALL,2019,406,,,,,,,,ALL_N1,,,,,,,
IT1:DF_DCSS_ISTR_LAV_PEN_2_TV_3(1.0),A,082048,RESPOP_AV,F,Y15-24,TOTAL,ALL,22,ALL,ALL,2021,277.828373651226,,,,,,,,ALL_N1,,,,,,,
IT1:DF_DCSS_ISTR_LAV_PEN_2_TV_3(1.0),A,082048,RESPOP_AV,F,Y15-24,TOTAL,ALL,22,ALL,ALL,2022,283.240369148605,,,,,,,,ALL_N1,,,,,,,
IT1:DF_DCSS_ISTR_LAV_PEN_2_TV_3(1.0),A,082048,RESPOP_AV,F,Y15-24,TOTAL,ALL,22,ALL,ALL,2023,286.0796691016496,,,,,,,,ALL_N1,,,,,,,
IT1:DF_DCSS_ISTR_LAV_PEN_2_TV_3(1.0),A,082048,RESPOP_AV,F,Y15-24,TOTAL,ALL,22,ALL,ALL,2024,264.85443788309107,,,,,,,,ALL_N1,,,,,,,
IT1:DF_DCSS_ISTR_LAV_PEN_2_TV_3(1.0),A,082048,RESPOP_AV,F,Y15-24,TOTAL,ALL,23,ALL,ALL,2018,1214,,,,,,,,ALL_N1,,,,,,,
IT1:DF_DCSS_ISTR_LAV_PEN_2_TV_3(1.0),A,082048,RESPOP_AV,F,Y15-24,TOTAL,ALL,23,ALL,ALL,2019,1184,,,,,,,,ALL_N1,,,,,,,
IT1:DF_DCSS_ISTR_LAV_PEN_2_TV_3(1.0),A,082048,RESPOP_AV,F,Y15-24,TOTAL,ALL,23,ALL,ALL,2021,1265.17162634877,,,,,,,,ALL_N1,,,,,,,
IT1:DF_DCSS_ISTR_LAV_PEN_2_TV_3(1.0),A,082048,RESPOP_AV,F,Y15-24,TOTAL,ALL,23,ALL,ALL,2022,1236.75963085139,,,,,,,,ALL_N1,,,,,,,
IT1:DF_DCSS_ISTR_LAV_PEN_2_TV_3(1.0),A,082048,RESPOP_AV,F,Y15-24,TOTAL,ALL,23,ALL,ALL,2023,1232.9203308983501,,,,,,,,ALL_N1,,,,,,,
IT1:DF_DCSS_ISTR_LAV_PEN_2_TV_3(1.0),A,082048,RESPOP_AV,F,Y15-24,TOTAL,ALL,23,ALL,ALL,2024,1270.1455621169089,,,,,,,,ALL_N1,,,,,,,
IT1:DF_DCSS_ISTR_LAV_PEN_2_TV_3(1.0),A,082048,RESPOP_AV,F,Y15-24,TOTAL,ALL,24,ALL,ALL,2018,1,,,,,,,,ALL_N1,,,,,,,
IT1:DF_DCSS_ISTR_LAV_PEN_2_TV_3(1.0),A,082048,RESPOP_AV,F,Y15-24,TOTAL,ALL,24,ALL,ALL,2019,2,,,,,,,,ALL_N1,,,,,,,
IT1:DF_DCSS_ISTR_LAV_PEN_2_TV_3(1.0),A,082048,RESPOP_AV,F,Y15-24,TOTAL,ALL,24,ALL,ALL,2021,0.962705870527452,,,,,,,,ALL_N1,,,,,,,
IT1:DF_DCSS_ISTR_LAV_PEN_2_TV_3(1.0),A,082048,RESPOP_AV,F,Y15-24,TOTAL,ALL,24,ALL,ALL,2022,0.923568053236634,,,,,,,,ALL_N1,,,,,,,
IT1:DF_DCSS_ISTR_LAV_PEN_2_TV_3(1.0),A,082048,RESPOP_AV,F,Y15-24,TOTAL,ALL,24,ALL,ALL,2023,0.7746570716786428,,,,,,,,ALL_N1,,,,,,,
IT1:DF_DCSS_ISTR_LAV_PEN_2_TV_3(1.0),A,082048,RESPOP_AV,F,Y15-24,TOTAL,ALL,24,ALL,ALL,2024,1.2890570977018188,,,,,,,,ALL_N1,,,,,,,
IT1:DF_DCSS_ISTR_LAV_PEN_2_TV_3(1.0),A,082048,RESPOP_AV,F,Y15-24,TOTAL,ALL,4,ALL,ALL,2018,238,,,,,,,,ALL_N1,,,,,,,
IT1:DF_DCSS_ISTR_LAV_PEN_2_TV_3(1.0),A,082048,RESPOP_AV,F,Y15-24,TOTAL,ALL,4,ALL,ALL,2019,211,,,,,,,,ALL_N1,,,,,,,
IT1:DF_DCSS_ISTR_LAV_PEN_2_TV_3(1.0),A,082048,RESPOP_AV,F,Y15-24,TOTAL,ALL,4,ALL,ALL,2021,250.317559429619,,,,,,,,ALL_N1,,,,,,,
IT1:DF_DCSS_ISTR_LAV_PEN_2_TV_3(1.0),A,082048,RESPOP_AV,F,Y15-24,TOTAL,ALL,4,ALL,ALL,2022,199.709692749296,,,,,,,,ALL_N1,,,,,,,
IT1:DF_DCSS_ISTR_LAV_PEN_2_TV_3(1.0),A,082048,RESPOP_AV,F,Y15-24,TOTAL,ALL,4,ALL,ALL,2023,251.1740753299151,,,,,,,,ALL_N1,,,,,,,
IT1:DF_DCSS_ISTR_LAV_PEN_2_TV_3(1.0),A,082048,RESPOP_AV,F,Y15-24,TOTAL,ALL,4,ALL,ALL,2024,221.25835051888427,,,,,,,,ALL_N1,,,,,,,
IT1:DF_DCSS_ISTR_LAV_PEN_2_TV_3(1.0),A,082048,RESPOP_AV,F,Y15-24,TOTAL,ALL,5,ALL,ALL,2018,840,,,,,,,,ALL_N1,,,,,,,
IT1:DF_DCSS_ISTR_LAV_PEN_2_TV_3(1.0),A,082048,RESPOP_AV,F,Y15-24,TOTAL,ALL,5,ALL,ALL,2019,890,,,,,,,,ALL_N1,,,,,,,
IT1:DF_DCSS_ISTR_LAV_PEN_2_TV_3(1.0),A,082048,RESPOP_AV,F,Y15-24,TOTAL,ALL,5,ALL,ALL,2021,923.861682395693,,,,,,,,ALL_N1,,,,,,,
IT1:DF_DCSS_ISTR_LAV_PEN_2_TV_3(1.0),A,082048,RESPOP_AV,F,Y15-24,TOTAL,ALL,5,ALL,ALL,2022,947.250569970115,,,,,,,,ALL_N1,,,,,,,
IT1:DF_DCSS_ISTR_LAV_PEN_2_TV_3(1.0),A,082048,RESPOP_AV,F,Y15-24,TOTAL,ALL,5,ALL,ALL,2023,883.4290392848139,,,,,,,,ALL_N1,,,,,,,
IT1:DF_DCSS_ISTR_LAV_PEN_2_TV_3(1.0),A,082048,RESPOP_AV,F,Y15-24,TOTAL,ALL,5,ALL,ALL,2024,947.1280671294452,,,,,,,,ALL_N1,,,,,,,
IT1:DF_DCSS_ISTR_LAV_PEN_2_TV_3(1.0),A,082048,RESPOP_AV,F,Y15-24,TOTAL,ALL,7,ALL,ALL,2018,135,,,,,,,,ALL_N1,,,,,,,
IT1:DF_DCSS_ISTR_LAV_PEN_2_TV_3(1.0),A,082048,RESPOP_AV,F,Y15-24,TOTAL,ALL,7,ALL,ALL,2019,81,,,,,,,,ALL_N1,,,,,,,
IT1:DF_DCSS_ISTR_LAV_PEN_2_TV_3(1.0),A,082048,RESPOP_AV,F,Y15-24,TOTAL,ALL,7,ALL,ALL,2021,90.0296786529345,,,,,,,,ALL_N1,,,,,,,
IT1:DF_DCSS_ISTR_LAV_PEN_2_TV_3(1.0),A,082048,RESPOP_AV,F,Y15-24,TOTAL,ALL,7,ALL,ALL,2022,88.8758000787471,,,,,,,,ALL_N1,,,,,,,
IT1:DF_DCSS_ISTR_LAV_PEN_2_TV_3(1.0),A,082048,RESPOP_AV,F,Y15-24,TOTAL,ALL,7,ALL,ALL,2023,97.54255921194257,,,,,,,,ALL_N1,,,,,,,
IT1:DF_DCSS_ISTR_LAV_PEN_2_TV_3(1.0),A,082048,RESPOP_AV,F,Y15-24,TOTAL,ALL,7,ALL,ALL,2024,100.47008737087766,,,,,,,,ALL_N1,,,,,,,
IT1:DF_DCSS_ISTR_LAV_PEN_2_TV_3(1.0),A,082048,RESPOP_AV,F,Y15-24,TOTAL,ALL,99,ALL,ALL,2018,1644,,,,,,,,ALL_N1,99_N1,,,,,,
IT1:DF_DCSS_ISTR_LAV_PEN_2_TV_3(1.0),A,082048,RESPOP_AV,F,Y15-24,TOTAL,ALL,99,ALL,ALL,2019,1590,,,,,,,,ALL_N1,99_N1,,,,,,
IT1:DF_DCSS_ISTR_LAV_PEN_2_TV_3(1.0),A,082048,RESPOP_AV,F,Y15-24,TOTAL,ALL,99,ALL,ALL,2021,1543,,,,,,,,ALL_N1,99_N1,,,,,,
IT1:DF_DCSS_ISTR_LAV_PEN_2_TV_3(1.0),A,082048,RESPOP_AV,F,Y15-24,TOTAL,ALL,99,ALL,ALL,2022,1520,,,,,,,,ALL_N1,99_N1,,,,,,
IT1:DF_DCSS_ISTR_LAV_PEN_2_TV_3(1.0),A,082048,RESPOP_AV,F,Y15-24,TOTAL,ALL,99,ALL,ALL,2023,1518.9999999999998,,,,,,,,ALL_N1,99_N1,,,,,,
IT1:DF_DCSS_ISTR_LAV_PEN_2_TV_3(1.0),A,082048,RESPOP_AV,F,Y15-24,TOTAL,ALL,99,ALL,ALL,2024,1535,,,,,,,,ALL_N1,99_N1,,,,,,
IT1:DF_DCSS_ISTR_LAV_PEN_2_TV_3(1.0),A,082048,RESPOP_AV,F,Y25-49,TOTAL,ALL,1,ALL,ALL,2018,1386,,,,,,,,ALL_N1,,,,,,,
IT1:DF_DCSS_ISTR_LAV_PEN_2_TV_3(1.0),A,082048,RESPOP_AV,F,Y25-49,TOTAL,ALL,1,ALL,ALL,2019,1399,,,,,,,,ALL_N1,,,,,,,
IT1:DF_DCSS_ISTR_LAV_PEN_2_TV_3(1.0),A,082048,RESPOP_AV,F,Y25-49,TOTAL,ALL,1,ALL,ALL,2021,1557,,,,,,,,ALL_N1,,,,,,,
IT1:DF_DCSS_ISTR_LAV_PEN_2_TV_3(1.0),A,082048,RESPOP_AV,F,Y25-49,TOTAL,ALL,1,ALL,ALL,2022,1591,,,,,,,,ALL_N1,,,,,,,
IT1:DF_DCSS_ISTR_LAV_PEN_2_TV_3(1.0),A,082048,RESPOP_AV,F,Y25-49,TOTAL,ALL,1,ALL,ALL,2023,1674,,,,,,,,ALL_N1,,,,,,,
IT1:DF_DCSS_ISTR_LAV_PEN_2_TV_3(1.0),A,082048,RESPOP_AV,F,Y25-49,TOTAL,ALL,1,ALL,ALL,2024,1802,,,,,,,,ALL_N1,,,,,,,
IT1:DF_DCSS_ISTR_LAV_PEN_2_TV_3(1.0),A,082048,RESPOP_AV,F,Y25-49,TOTAL,ALL,12,ALL,ALL,2018,893,,,,,,,,ALL_N1,,,,,,,
IT1:DF_DCSS_ISTR_LAV_PEN_2_TV_3(1.0),A,082048,RESPOP_AV,F,Y25-49,TOTAL,ALL,12,ALL,ALL,2019,943,,,,,,,,ALL_N1,,,,,,,
IT1:DF_DCSS_ISTR_LAV_PEN_2_TV_3(1.0),A,082048,RESPOP_AV,F,Y25-49,TOTAL,ALL,12,ALL,ALL,2021,509.000151894011,,,,,,,,ALL_N1,,,,,,,
IT1:DF_DCSS_ISTR_LAV_PEN_2_TV_3(1.0),A,082048,RESPOP_AV,F,Y25-49,TOTAL,ALL,12,ALL,ALL,2022,525.106161532351,,,,,,,,ALL_N1,,,,,,,
IT1:DF_DCSS_ISTR_LAV_PEN_2_TV_3(1.0),A,082048,RESPOP_AV,F,Y25-49,TOTAL,ALL,12,ALL,ALL,2023,475.82157399851025,,,,,,,,ALL_N1,,,,,,,
IT1:DF_DCSS_ISTR_LAV_PEN_2_TV_3(1.0),A,082048,RESPOP_AV,F,Y25-49,TOTAL,ALL,12,ALL,ALL,2024,396.28967512122955,,,,,,,,ALL_N1,,,,,,,
IT1:DF_DCSS_ISTR_LAV_PEN_2_TV_3(1.0),A,082048,RESPOP_AV,F,Y25-49,TOTAL,ALL,22,ALL,ALL,2018,2279,,,,,,,,ALL_N1,,,,,,,
IT1:DF_DCSS_ISTR_LAV_PEN_2_TV_3(1.0),A,082048,RESPOP_AV,F,Y25-49,TOTAL,ALL,22,ALL,ALL,2019,2342,,,,,,,,ALL_N1,,,,,,,
IT1:DF_DCSS_ISTR_LAV_PEN_2_TV_3(1.0),A,082048,RESPOP_AV,F,Y25-49,TOTAL,ALL,22,ALL,ALL,2021,2066.00015189401,,,,,,,,ALL_N1,,,,,,,
IT1:DF_DCSS_ISTR_LAV_PEN_2_TV_3(1.0),A,082048,RESPOP_AV,F,Y25-49,TOTAL,ALL,22,ALL,ALL,2022,2116.10616153235,,,,,,,,ALL_N1,,,,,,,
IT1:DF_DCSS_ISTR_LAV_PEN_2_TV_3(1.0),A,082048,RESPOP_AV,F,Y25-49,TOTAL,ALL,22,ALL,ALL,2023,2149.8215739985103,,,,,,,,ALL_N1,,,,,,,
IT1:DF_DCSS_ISTR_LAV_PEN_2_TV_3(1.0),A,082048,RESPOP_AV,F,Y25-49,TOTAL,ALL,22,ALL,ALL,2024,2198.2896751212297,,,,,,,,ALL_N1,,,,,,,
IT1:DF_DCSS_ISTR_LAV_PEN_2_TV_3(1.0),A,082048,RESPOP_AV,F,Y25-49,TOTAL,ALL,23,ALL,ALL,2018,2766,,,,,,,,ALL_N1,,,,,,,
IT1:DF_DCSS_ISTR_LAV_PEN_2_TV_3(1.0),A,082048,RESPOP_AV,F,Y25-49,TOTAL,ALL,23,ALL,ALL,2019,2652,,,,,,,,ALL_N1,,,,,,,
IT1:DF_DCSS_ISTR_LAV_PEN_2_TV_3(1.0),A,082048,RESPOP_AV,F,Y25-49,TOTAL,ALL,23,ALL,ALL,2021,2778.99984810599,,,,,,,,ALL_N1,,,,,,,
IT1:DF_DCSS_ISTR_LAV_PEN_2_TV_3(1.0),A,082048,RESPOP_AV,F,Y25-49,TOTAL,ALL,23,ALL,ALL,2022,2631.89383846765,,,,,,,,ALL_N1,,,,,,,
IT1:DF_DCSS_ISTR_LAV_PEN_2_TV_3(1.0),A,082048,RESPOP_AV,F,Y25-49,TOTAL,ALL,23,ALL,ALL,2023,2562.178426001489,,,,,,,,ALL_N1,,,,,,,
IT1:DF_DCSS_ISTR_LAV_PEN_2_TV_3(1.0),A,082048,RESPOP_AV,F,Y25-49,TOTAL,ALL,23,ALL,ALL,2024,2485.7103248787703,,,,,,,,ALL_N1,,,,,,,
IT1:DF_DCSS_ISTR_LAV_PEN_2_TV_3(1.0),A,082048,RESPOP_AV,F,Y25-49,TOTAL,ALL,24,ALL,ALL,2018,25,,,,,,,,ALL_N1,,,,,,,
IT1:DF_DCSS_ISTR_LAV_PEN_2_TV_3(1.0),A,082048,RESPOP_AV,F,Y25-49,TOTAL,ALL,24,ALL,ALL,2019,28,,,,,,,,ALL_N1,,,,,,,
IT1:DF_DCSS_ISTR_LAV_PEN_2_TV_3(1.0),A,082048,RESPOP_AV,F,Y25-49,TOTAL,ALL,24,ALL,ALL,2021,23.7045906095343,,,,,,,,ALL_N1,,,,,,,
IT1:DF_DCSS_ISTR_LAV_PEN_2_TV_3(1.0),A,082048,RESPOP_AV,F,Y25-49,TOTAL,ALL,24,ALL,ALL,2022,17.8711123577705,,,,,,,,ALL_N1,,,,,,,
IT1:DF_DCSS_ISTR_LAV_PEN_2_TV_3(1.0),A,082048,RESPOP_AV,F,Y25-49,TOTAL,ALL,24,ALL,ALL,2023,15.630588084981126,,,,,,,,ALL_N1,,,,,,,
IT1:DF_DCSS_ISTR_LAV_PEN_2_TV_3(1.0),A,082048,RESPOP_AV,F,Y25-49,TOTAL,ALL,24,ALL,ALL,2024,20.626957866367007,,,,,,,,ALL_N1,,,,,,,
IT1:DF_DCSS_ISTR_LAV_PEN_2_TV_3(1.0),A,082048,RESPOP_AV,F,Y25-49,TOTAL,ALL,4,ALL,ALL,2018,2262,,,,,,,,ALL_N1,,,,,,,
IT1:DF_DCSS_ISTR_LAV_PEN_2_TV_3(1.0),A,082048,RESPOP_AV,F,Y25-49,TOTAL,ALL,4,ALL,ALL,2019,2198,,,,,,,,ALL_N1,,,,,,,
IT1:DF_DCSS_ISTR_LAV_PEN_2_TV_3(1.0),A,082048,RESPOP_AV,F,Y25-49,TOTAL,ALL,4,ALL,ALL,2021,2275.78763514648,,,,,,,,ALL_N1,,,,,,,
IT1:DF_DCSS_ISTR_LAV_PEN_2_TV_3(1.0),A,082048,RESPOP_AV,F,Y25-49,TOTAL,ALL,4,ALL,ALL,2022,2120.68989443824,,,,,,,,ALL_N1,,,,,,,
IT1:DF_DCSS_ISTR_LAV_PEN_2_TV_3(1.0),A,082048,RESPOP_AV,F,Y25-49,TOTAL,ALL,4,ALL,ALL,2023,2102.6196427127556,,,,,,,,ALL_N1,,,,,,,
IT1:DF_DCSS_ISTR_LAV_PEN_2_TV_3(1.0),A,082048,RESPOP_AV,F,Y25-49,TOTAL,ALL,4,ALL,ALL,2024,1985.3649112167636,,,,,,,,ALL_N1,,,,,,,
IT1:DF_DCSS_ISTR_LAV_PEN_2_TV_3(1.0),A,082048,RESPOP_AV,F,Y25-49,TOTAL,ALL,5,ALL,ALL,2018,135,,,,,,,,ALL_N1,,,,,,,
IT1:DF_DCSS_ISTR_LAV_PEN_2_TV_3(1.0),A,082048,RESPOP_AV,F,Y25-49,TOTAL,ALL,5,ALL,ALL,2019,153,,,,,,,,ALL_N1,,,,,,,
IT1:DF_DCSS_ISTR_LAV_PEN_2_TV_3(1.0),A,082048,RESPOP_AV,F,Y25-49,TOTAL,ALL,5,ALL,ALL,2021,152.782639633641,,,,,,,,ALL_N1,,,,,,,
IT1:DF_DCSS_ISTR_LAV_PEN_2_TV_3(1.0),A,082048,RESPOP_AV,F,Y25-49,TOTAL,ALL,5,ALL,ALL,2022,162.913726536638,,,,,,,,ALL_N1,,,,,,,
IT1:DF_DCSS_ISTR_LAV_PEN_2_TV_3(1.0),A,082048,RESPOP_AV,F,Y25-49,TOTAL,ALL,5,ALL,ALL,2023,117.81367455253171,,,,,,,,ALL_N1,,,,,,,
IT1:DF_DCSS_ISTR_LAV_PEN_2_TV_3(1.0),A,082048,RESPOP_AV,F,Y25-49,TOTAL,ALL,5,ALL,ALL,2024,138.71197264731165,,,,,,,,ALL_N1,,,,,,,
IT1:DF_DCSS_ISTR_LAV_PEN_2_TV_3(1.0),A,082048,RESPOP_AV,F,Y25-49,TOTAL,ALL,7,ALL,ALL,2018,344,,,,,,,,ALL_N1,,,,,,,
IT1:DF_DCSS_ISTR_LAV_PEN_2_TV_3(1.0),A,082048,RESPOP_AV,F,Y25-49,TOTAL,ALL,7,ALL,ALL,2019,273,,,,,,,,ALL_N1,,,,,,,
IT1:DF_DCSS_ISTR_LAV_PEN_2_TV_3(1.0),A,082048,RESPOP_AV,F,Y25-49,TOTAL,ALL,7,ALL,ALL,2021,326.724982716332,,,,,,,,ALL_N1,,,,,,,
IT1:DF_DCSS_ISTR_LAV_PEN_2_TV_3(1.0),A,082048,RESPOP_AV,F,Y25-49,TOTAL,ALL,7,ALL,ALL,2022,330.419105134998,,,,,,,,ALL_N1,,,,,,,
IT1:DF_DCSS_ISTR_LAV_PEN_2_TV_3(1.0),A,082048,RESPOP_AV,F,Y25-49,TOTAL,ALL,7,ALL,ALL,2023,326.11452065122046,,,,,,,,ALL_N1,,,,,,,
IT1:DF_DCSS_ISTR_LAV_PEN_2_TV_3(1.0),A,082048,RESPOP_AV,F,Y25-49,TOTAL,ALL,7,ALL,ALL,2024,341.00648314832813,,,,,,,,ALL_N1,,,,,,,
IT1:DF_DCSS_ISTR_LAV_PEN_2_TV_3(1.0),A,082048,RESPOP_AV,F,Y25-49,TOTAL,ALL,99,ALL,ALL,2018,5045,,,,,,,,ALL_N1,99_N1,,,,,,
IT1:DF_DCSS_ISTR_LAV_PEN_2_TV_3(1.0),A,082048,RESPOP_AV,F,Y25-49,TOTAL,ALL,99,ALL,ALL,2019,4994,,,,,,,,ALL_N1,99_N1,,,,,,
IT1:DF_DCSS_ISTR_LAV_PEN_2_TV_3(1.0),A,082048,RESPOP_AV,F,Y25-49,TOTAL,ALL,99,ALL,ALL,2020,4907,,,,,,,,ALL_N1,99_N1,,,,,,
IT1:DF_DCSS_ISTR_LAV_PEN_2_TV_3(1.0),A,082048,RESPOP_AV,F,Y25-49,TOTAL,ALL,99,ALL,ALL,2021,4845,,,,,,,,ALL_N1,99_N1,,,,,,
IT1:DF_DCSS_ISTR_LAV_PEN_2_TV_3(1.0),A,082048,RESPOP_AV,F,Y25-49,TOTAL,ALL,99,ALL,ALL,2022,4748,,,,,,,,ALL_N1,99_N1,,,,,,
IT1:DF_DCSS_ISTR_LAV_PEN_2_TV_3(1.0),A,082048,RESPOP_AV,F,Y25-49,TOTAL,ALL,99,ALL,ALL,2023,4712,,,,,,,,ALL_N1,99_N1,,,,,,
IT1:DF_DCSS_ISTR_LAV_PEN_2_TV_3(1.0),A,082048,RESPOP_AV,F,Y25-49,TOTAL,ALL,99,ALL,ALL,2024,4684,,,,,,,,ALL_N1,99_N1,,,,,,
IT1:DF_DCSS_ISTR_LAV_PEN_2_TV_3(1.0),A,082048,RESPOP_AV,F,Y50-64,TOTAL,ALL,1,ALL,ALL,2018,650,,,,,,,,ALL_N1,,,,,,,
IT1:DF_DCSS_ISTR_LAV_PEN_2_TV_3(1.0),A,082048,RESPOP_AV,F,Y50-64,TOTAL,ALL,1,ALL,ALL,2019,658,,,,,,,,ALL_N1,,,,,,,
IT1:DF_DCSS_ISTR_LAV_PEN_2_TV_3(1.0),A,082048,RESPOP_AV,F,Y50-64,TOTAL,ALL,1,ALL,ALL,2021,719,,,,,,,,ALL_N1,,,,,,,
IT1:DF_DCSS_ISTR_LAV_PEN_2_TV_3(1.0),A,082048,RESPOP_AV,F,Y50-64,TOTAL,ALL,1,ALL,ALL,2022,721,,,,,,,,ALL_N1,,,,,,,
IT1:DF_DCSS_ISTR_LAV_PEN_2_TV_3(1.0),A,082048,RESPOP_AV,F,Y50-64,TOTAL,ALL,1,ALL,ALL,2023,764,,,,,,,,ALL_N1,,,,,,,
IT1:DF_DCSS_ISTR_LAV_PEN_2_TV_3(1.0),A,082048,RESPOP_AV,F,Y50-64,TOTAL,ALL,1,ALL,ALL,2024,829,,,,,,,,ALL_N1,,,,,,,
IT1:DF_DCSS_ISTR_LAV_PEN_2_TV_3(1.0),A,082048,RESPOP_AV,F,Y50-64,TOTAL,ALL,12,ALL,ALL,2018,219,,,,,,,,ALL_N1,,,,,,,
IT1:DF_DCSS_ISTR_LAV_PEN_2_TV_3(1.0),A,082048,RESPOP_AV,F,Y50-64,TOTAL,ALL,12,ALL,ALL,2019,267,,,,,,,,ALL_N1,,,,,,,
IT1:DF_DCSS_ISTR_LAV_PEN_2_TV_3(1.0),A,082048,RESPOP_AV,F,Y50-64,TOTAL,ALL,12,ALL,ALL,2021,146.25304938639,,,,,,,,ALL_N1,,,,,,,
IT1:DF_DCSS_ISTR_LAV_PEN_2_TV_3(1.0),A,082048,RESPOP_AV,F,Y50-64,TOTAL,ALL,12,ALL,ALL,2022,153.325125129133,,,,,,,,ALL_N1,,,,,,,
IT1:DF_DCSS_ISTR_LAV_PEN_2_TV_3(1.0),A,082048,RESPOP_AV,F,Y50-64,TOTAL,ALL,12,ALL,ALL,2023,175.16158434999892,,,,,,,,ALL_N1,,,,,,,
IT1:DF_DCSS_ISTR_LAV_PEN_2_TV_3(1.0),A,082048,RESPOP_AV,F,Y50-64,TOTAL,ALL,12,ALL,ALL,2024,149.28386286986284,,,,,,,,ALL_N1,,,,,,,
IT1:DF_DCSS_ISTR_LAV_PEN_2_TV_3(1.0),A,082048,RESPOP_AV,F,Y50-64,TOTAL,ALL,22,ALL,ALL,2018,869,,,,,,,,ALL_N1,,,,,,,
IT1:DF_DCSS_ISTR_LAV_PEN_2_TV_3(1.0),A,082048,RESPOP_AV,F,Y50-64,TOTAL,ALL,22,ALL,ALL,2019,925,,,,,,,,ALL_N1,,,,,,,
IT1:DF_DCSS_ISTR_LAV_PEN_2_TV_3(1.0),A,082048,RESPOP_AV,F,Y50-64,TOTAL,ALL,22,ALL,ALL,2021,865.25304938639,,,,,,,,ALL_N1,,,,,,,
IT1:DF_DCSS_ISTR_LAV_PEN_2_TV_3(1.0),A,082048,RESPOP_AV,F,Y50-64,TOTAL,ALL,22,ALL,ALL,2022,874.325125129133,,,,,,,,ALL_N1,,,,,,,
IT1:DF_DCSS_ISTR_LAV_PEN_2_TV_3(1.0),A,082048,RESPOP_AV,F,Y50-64,TOTAL,ALL,22,ALL,ALL,2023,939.161584349999,,,,,,,,ALL_N1,,,,,,,
IT1:DF_DCSS_ISTR_LAV_PEN_2_TV_3(1.0),A,082048,RESPOP_AV,F,Y50-64,TOTAL,ALL,22,ALL,ALL,2024,978.2838628698628,,,,,,,,ALL_N1,,,,,,,
IT1:DF_DCSS_ISTR_LAV_PEN_2_TV_3(1.0),A,082048,RESPOP_AV,F,Y50-64,TOTAL,ALL,23,ALL,ALL,2018,1968,,,,,,,,ALL_N1,,,,,,,
IT1:DF_DCSS_ISTR_LAV_PEN_2_TV_3(1.0),A,082048,RESPOP_AV,F,Y50-64,TOTAL,ALL,23,ALL,ALL,2019,2026,,,,,,,,ALL_N1,,,,,,,
IT1:DF_DCSS_ISTR_LAV_PEN_2_TV_3(1.0),A,082048,RESPOP_AV,F,Y50-64,TOTAL,ALL,23,ALL,ALL,2021,2224.74695061361,,,,,,,,ALL_N1,,,,,,,
IT1:DF_DCSS_ISTR_LAV_PEN_2_TV_3(1.0),A,082048,RESPOP_AV,F,Y50-64,TOTAL,ALL,23,ALL,ALL,2022,2268.67487487087,,,,,,,,ALL_N1,,,,,,,
IT1:DF_DCSS_ISTR_LAV_PEN_2_TV_3(1.0),A,082048,RESPOP_AV,F,Y50-64,TOTAL,ALL,23,ALL,ALL,2023,2247.838415650001,,,,,,,,ALL_N1,,,,,,,
IT1:DF_DCSS_ISTR_LAV_PEN_2_TV_3(1.0),A,082048,RESPOP_AV,F,Y50-64,TOTAL,ALL,23,ALL,ALL,2024,2270.716137130137,,,,,,,,ALL_N1,,,,,,,
IT1:DF_DCSS_ISTR_LAV_PEN_2_TV_3(1.0),A,082048,RESPOP_AV,F,Y50-64,TOTAL,ALL,24,ALL,ALL,2018,87,,,,,,,,ALL_N1,,,,,,,
IT1:DF_DCSS_ISTR_LAV_PEN_2_TV_3(1.0),A,082048,RESPOP_AV,F,Y50-64,TOTAL,ALL,24,ALL,ALL,2019,97,,,,,,,,ALL_N1,,,,,,,
IT1:DF_DCSS_ISTR_LAV_PEN_2_TV_3(1.0),A,082048,RESPOP_AV,F,Y50-64,TOTAL,ALL,24,ALL,ALL,2021,108.371474777492,,,,,,,,ALL_N1,,,,,,,
IT1:DF_DCSS_ISTR_LAV_PEN_2_TV_3(1.0),A,082048,RESPOP_AV,F,Y50-64,TOTAL,ALL,24,ALL,ALL,2022,76.0267316780682,,,,,,,,ALL_N1,,,,,,,
IT1:DF_DCSS_ISTR_LAV_PEN_2_TV_3(1.0),A,082048,RESPOP_AV,F,Y50-64,TOTAL,ALL,24,ALL,ALL,2023,67.97413504719952,,,,,,,,ALL_N1,,,,,,,
IT1:DF_DCSS_ISTR_LAV_PEN_2_TV_3(1.0),A,082048,RESPOP_AV,F,Y50-64,TOTAL,ALL,24,ALL,ALL,2024,76.81380708677312,,,,,,,,ALL_N1,,,,,,,
IT1:DF_DCSS_ISTR_LAV_PEN_2_TV_3(1.0),A,082048,RESPOP_AV,F,Y50-64,TOTAL,ALL,4,ALL,ALL,2018,1682,,,,,,,,ALL_N1,,,,,,,
IT1:DF_DCSS_ISTR_LAV_PEN_2_TV_3(1.0),A,082048,RESPOP_AV,F,Y50-64,TOTAL,ALL,4,ALL,ALL,2019,1753,,,,,,,,ALL_N1,,,,,,,
IT1:DF_DCSS_ISTR_LAV_PEN_2_TV_3(1.0),A,082048,RESPOP_AV,F,Y50-64,TOTAL,ALL,4,ALL,ALL,2021,1884.28673900554,,,,,,,,ALL_N1,,,,,,,
IT1:DF_DCSS_ISTR_LAV_PEN_2_TV_3(1.0),A,082048,RESPOP_AV,F,Y50-64,TOTAL,ALL,4,ALL,ALL,2022,1911.02360792554,,,,,,,,ALL_N1,,,,,,,
IT1:DF_DCSS_ISTR_LAV_PEN_2_TV_3(1.0),A,082048,RESPOP_AV,F,Y50-64,TOTAL,ALL,4,ALL,ALL,2023,1893.9079129854345,,,,,,,,ALL_N1,,,,,,,
IT1:DF_DCSS_ISTR_LAV_PEN_2_TV_3(1.0),A,082048,RESPOP_AV,F,Y50-64,TOTAL,ALL,4,ALL,ALL,2024,1901.082511867887,,,,,,,,ALL_N1,,,,,,,
IT1:DF_DCSS_ISTR_LAV_PEN_2_TV_3(1.0),A,082048,RESPOP_AV,F,Y50-64,TOTAL,ALL,5,ALL,ALL,2018,1,,,,,,,,ALL_N1,,,,,,,
IT1:DF_DCSS_ISTR_LAV_PEN_2_TV_3(1.0),A,082048,RESPOP_AV,F,Y50-64,TOTAL,ALL,5,ALL,ALL,2019,1,,,,,,,,ALL_N1,,,,,,,
IT1:DF_DCSS_ISTR_LAV_PEN_2_TV_3(1.0),A,082048,RESPOP_AV,F,Y50-64,TOTAL,ALL,5,ALL,ALL,2021,2.96882026390315,,,,,,,,ALL_N1,,,,,,,
IT1:DF_DCSS_ISTR_LAV_PEN_2_TV_3(1.0),A,082048,RESPOP_AV,F,Y50-64,TOTAL,ALL,5,ALL,ALL,2022,4.55149903354766,,,,,,,,ALL_N1,,,,,,,
IT1:DF_DCSS_ISTR_LAV_PEN_2_TV_3(1.0),A,082048,RESPOP_AV,F,Y50-64,TOTAL,ALL,5,ALL,ALL,2023,3.850534892639703,,,,,,,,ALL_N1,,,,,,,
IT1:DF_DCSS_ISTR_LAV_PEN_2_TV_3(1.0),A,082048,RESPOP_AV,F,Y50-64,TOTAL,ALL,5,ALL,ALL,2024,6.863662882977735,,,,,,,,ALL_N1,,,,,,,
IT1:DF_DCSS_ISTR_LAV_PEN_2_TV_3(1.0),A,082048,RESPOP_AV,F,Y50-64,TOTAL,ALL,7,ALL,ALL,2018,198,,,,,,,,ALL_N1,,,,,,,
IT1:DF_DCSS_ISTR_LAV_PEN_2_TV_3(1.0),A,082048,RESPOP_AV,F,Y50-64,TOTAL,ALL,7,ALL,ALL,2019,175,,,,,,,,ALL_N1,,,,,,,
IT1:DF_DCSS_ISTR_LAV_PEN_2_TV_3(1.0),A,082048,RESPOP_AV,F,Y50-64,TOTAL,ALL,7,ALL,ALL,2021,229.119916566678,,,,,,,,ALL_N1,,,,,,,
IT1:DF_DCSS_ISTR_LAV_PEN_2_TV_3(1.0),A,082048,RESPOP_AV,F,Y50-64,TOTAL,ALL,7,ALL,ALL,2022,277.073036233716,,,,,,,,ALL_N1,,,,,,,
IT1:DF_DCSS_ISTR_LAV_PEN_2_TV_3(1.0),A,082048,RESPOP_AV,F,Y50-64,TOTAL,ALL,7,ALL,ALL,2023,282.1058327247272,,,,,,,,ALL_N1,,,,,,,
IT1:DF_DCSS_ISTR_LAV_PEN_2_TV_3(1.0),A,082048,RESPOP_AV,F,Y50-64,TOTAL,ALL,7,ALL,ALL,2024,285.9561552924997,,,,,,,,ALL_N1,,,,,,,
IT1:DF_DCSS_ISTR_LAV_PEN_2_TV_3(1.0),A,082048,RESPOP_AV,F,Y50-64,TOTAL,ALL,99,ALL,ALL,2018,2837,,,,,,,,ALL_N1,99_N1,,,,,,
IT1:DF_DCSS_ISTR_LAV_PEN_2_TV_3(1.0),A,082048,RESPOP_AV,F,Y50-64,TOTAL,ALL,99,ALL,ALL,2019,2951,,,,,,,,ALL_N1,99_N1,,,,,,
IT1:DF_DCSS_ISTR_LAV_PEN_2_TV_3(1.0),A,082048,RESPOP_AV,F,Y50-64,TOTAL,ALL,99,ALL,ALL,2020,2986,,,,,,,,ALL_N1,99_N1,,,,,,
IT1:DF_DCSS_ISTR_LAV_PEN_2_TV_3(1.0),A,082048,RESPOP_AV,F,Y50-64,TOTAL,ALL,99,ALL,ALL,2021,3090,,,,,,,,ALL_N1,99_N1,,,,,,
IT1:DF_DCSS_ISTR_LAV_PEN_2_TV_3(1.0),A,082048,RESPOP_AV,F,Y50-64,TOTAL,ALL,99,ALL,ALL,2022,3143,,,,,,,,ALL_N1,99_N1,,,,,,
IT1:DF_DCSS_ISTR_LAV_PEN_2_TV_3(1.0),A,082048,RESPOP_AV,F,Y50-64,TOTAL,ALL,99,ALL,ALL,2023,3187,,,,,,,,ALL_N1,99_N1,,,,,,
IT1:DF_DCSS_ISTR_LAV_PEN_2_TV_3(1.0),A,082048,RESPOP_AV,F,Y50-64,TOTAL,ALL,99,ALL,ALL,2024,3249.0000000000005,,,,,,,,ALL_N1,99_N1,,,,,,
IT1:DF_DCSS_ISTR_LAV_PEN_2_TV_3(1.0),A,082048,RESPOP_AV,M,Y_GE15,TOTAL,ALL,1,ALL,ALL,2018,5058,,,,,,,,ALL_N1,,,,,,,
IT1:DF_DCSS_ISTR_LAV_PEN_2_TV_3(1.0),A,082048,RESPOP_AV,M,Y_GE15,TOTAL,ALL,1,ALL,ALL,2019,5104,,,,,,,,ALL_N1,,,,,,,
IT1:DF_DCSS_ISTR_LAV_PEN_2_TV_3(1.0),A,082048,RESPOP_AV,M,Y_GE15,TOTAL,ALL,1,ALL,ALL,2021,5402,,,,,,,,ALL_N1,,,,,,,
IT1:DF_DCSS_ISTR_LAV_PEN_2_TV_3(1.0),A,082048,RESPOP_AV,M,Y_GE15,TOTAL,ALL,1,ALL,ALL,2022,5508,,,,,,,,ALL_N1,,,,,,,
IT1:DF_DCSS_ISTR_LAV_PEN_2_TV_3(1.0),A,082048,RESPOP_AV,M,Y_GE15,TOTAL,ALL,1,ALL,ALL,2023,5648,,,,,,,,ALL_N1,,,,,,,
IT1:DF_DCSS_ISTR_LAV_PEN_2_TV_3(1.0),A,082048,RESPOP_AV,M,Y_GE15,TOTAL,ALL,1,ALL,ALL,2024,5814,,,,,,,,ALL_N1,,,,,,,
IT1:DF_DCSS_ISTR_LAV_PEN_2_TV_3(1.0),A,082048,RESPOP_AV,M,Y_GE15,TOTAL,ALL,12,ALL,ALL,2018,1775,,,,,,,,ALL_N1,,,,,,,
IT1:DF_DCSS_ISTR_LAV_PEN_2_TV_3(1.0),A,082048,RESPOP_AV,M,Y_GE15,TOTAL,ALL,12,ALL,ALL,2019,1860,,,,,,,,ALL_N1,,,,,,,
IT1:DF_DCSS_ISTR_LAV_PEN_2_TV_3(1.0),A,082048,RESPOP_AV,M,Y_GE15,TOTAL,ALL,12,ALL,ALL,2021,1097.05082508926,,,,,,,,ALL_N1,,,,,,,
IT1:DF_DCSS_ISTR_LAV_PEN_2_TV_3(1.0),A,082048,RESPOP_AV,M,Y_GE15,TOTAL,ALL,12,ALL,ALL,2022,1036.65409032936,,,,,,,,ALL_N1,,,,,,,
IT1:DF_DCSS_ISTR_LAV_PEN_2_TV_3(1.0),A,082048,RESPOP_AV,M,Y_GE15,TOTAL,ALL,12,ALL,ALL,2023,973.3661711243171,,,,,,,,ALL_N1,,,,,,,
IT1:DF_DCSS_ISTR_LAV_PEN_2_TV_3(1.0),A,082048,RESPOP_AV,M,Y_GE15,TOTAL,ALL,12,ALL,ALL,2024,794.1559897986672,,,,,,,,ALL_N1,,,,,,,
IT1:DF_DCSS_ISTR_LAV_PEN_2_TV_3(1.0),A,082048,RESPOP_AV,M,Y_GE15,TOTAL,ALL,22,ALL,ALL,2018,6833,,,,,,,,ALL_N1,,,,,,,
IT1:DF_DCSS_ISTR_LAV_PEN_2_TV_3(1.0),A,082048,RESPOP_AV,M,Y_GE15,TOTAL,ALL,22,ALL,ALL,2019,6964,,,,,,,,ALL_N1,,,,,,,
IT1:DF_DCSS_ISTR_LAV_PEN_2_TV_3(1.0),A,082048,RESPOP_AV,M,Y_GE15,TOTAL,ALL,22,ALL,ALL,2021,6499.05082508926,,,,,,,,ALL_N1,,,,,,,
IT1:DF_DCSS_ISTR_LAV_PEN_2_TV_3(1.0),A,082048,RESPOP_AV,M,Y_GE15,TOTAL,ALL,22,ALL,ALL,2022,6544.65409032936,,,,,,,,ALL_N1,,,,,,,
IT1:DF_DCSS_ISTR_LAV_PEN_2_TV_3(1.0),A,082048,RESPOP_AV,M,Y_GE15,TOTAL,ALL,22,ALL,ALL,2023,6621.366171124317,,,,,,,,ALL_N1,,,,,,,
IT1:DF_DCSS_ISTR_LAV_PEN_2_TV_3(1.0),A,082048,RESPOP_AV,M,Y_GE15,TOTAL,ALL,22,ALL,ALL,2024,6608.155989798667,,,,,,,,ALL_N1,,,,,,,
IT1:DF_DCSS_ISTR_LAV_PEN_2_TV_3(1.0),A,082048,RESPOP_AV,M,Y_GE15,TOTAL,ALL,23,ALL,ALL,2018,4854,,,,,,,,ALL_N1,,,,,,,
IT1:DF_DCSS_ISTR_LAV_PEN_2_TV_3(1.0),A,082048,RESPOP_AV,M,Y_GE15,TOTAL,ALL,23,ALL,ALL,2019,4794,,,,,,,,ALL_N1,,,,,,,
IT1:DF_DCSS_ISTR_LAV_PEN_2_TV_3(1.0),A,082048,RESPOP_AV,M,Y_GE15,TOTAL,ALL,23,ALL,ALL,2021,5443.94917491074,,,,,,,,ALL_N1,,,,,,,
IT1:DF_DCSS_ISTR_LAV_PEN_2_TV_3(1.0),A,082048,RESPOP_AV,M,Y_GE15,TOTAL,ALL,23,ALL,ALL,2022,5368.34590967064,,,,,,,,ALL_N1,,,,,,,
IT1:DF_DCSS_ISTR_LAV_PEN_2_TV_3(1.0),A,082048,RESPOP_AV,M,Y_GE15,TOTAL,ALL,23,ALL,ALL,2023,5352.633828875683,,,,,,,,ALL_N1,,,,,,,
IT1:DF_DCSS_ISTR_LAV_PEN_2_TV_3(1.0),A,082048,RESPOP_AV,M,Y_GE15,TOTAL,ALL,23,ALL,ALL,2024,5410.844010201333,,,,,,,,ALL_N1,,,,,,,
IT1:DF_DCSS_ISTR_LAV_PEN_2_TV_3(1.0),A,082048,RESPOP_AV,M,Y_GE15,TOTAL,ALL,24,ALL,ALL,2018,2058,,,,,,,,ALL_N1,,,,,,,
IT1:DF_DCSS_ISTR_LAV_PEN_2_TV_3(1.0),A,082048,RESPOP_AV,M,Y_GE15,TOTAL,ALL,24,ALL,ALL,2019,2227,,,,,,,,ALL_N1,,,,,,,
IT1:DF_DCSS_ISTR_LAV_PEN_2_TV_3(1.0),A,082048,RESPOP_AV,M,Y_GE15,TOTAL,ALL,24,ALL,ALL,2021,2330.61714657906,,,,,,,,ALL_N1,,,,,,,
IT1:DF_DCSS_ISTR_LAV_PEN_2_TV_3(1.0),A,082048,RESPOP_AV,M,Y_GE15,TOTAL,ALL,24,ALL,ALL,2022,2180.02262641124,,,,,,,,ALL_N1,,,,,,,
IT1:DF_DCSS_ISTR_LAV_PEN_2_TV_3(1.0),A,082048,RESPOP_AV,M,Y_GE15,TOTAL,ALL,24,ALL,ALL,2023,2118.386368800748,,,,,,,,ALL_N1,,,,,,,
IT1:DF_DCSS_ISTR_LAV_PEN_2_TV_3(1.0),A,082048,RESPOP_AV,M,Y_GE15,TOTAL,ALL,24,ALL,ALL,2024,2279.2838498609626,,,,,,,,ALL_N1,,,,,,,
IT1:DF_DCSS_ISTR_LAV_PEN_2_TV_3(1.0),A,082048,RESPOP_AV,M,Y_GE15,TOTAL,ALL,4,ALL,ALL,2018,237,,,,,,,,ALL_N1,,,,,,,
IT1:DF_DCSS_ISTR_LAV_PEN_2_TV_3(1.0),A,082048,RESPOP_AV,M,Y_GE15,TOTAL,ALL,4,ALL,ALL,2019,249,,,,,,,,ALL_N1,,,,,,,
IT1:DF_DCSS_ISTR_LAV_PEN_2_TV_3(1.0),A,082048,RESPOP_AV,M,Y_GE15,TOTAL,ALL,4,ALL,ALL,2021,413.468840459532,,,,,,,,ALL_N1,,,,,,,
IT1:DF_DCSS_ISTR_LAV_PEN_2_TV_3(1.0),A,082048,RESPOP_AV,M,Y_GE15,TOTAL,ALL,4,ALL,ALL,2022,411.37566893445,,,,,,,,ALL_N1,,,,,,,
IT1:DF_DCSS_ISTR_LAV_PEN_2_TV_3(1.0),A,082048,RESPOP_AV,M,Y_GE15,TOTAL,ALL,4,ALL,ALL,2023,450.7203589916516,,,,,,,,ALL_N1,,,,,,,
IT1:DF_DCSS_ISTR_LAV_PEN_2_TV_3(1.0),A,082048,RESPOP_AV,M,Y_GE15,TOTAL,ALL,4,ALL,ALL,2024,376.34892146854327,,,,,,,,ALL_N1,,,,,,,
IT1:DF_DCSS_ISTR_LAV_PEN_2_TV_3(1.0),A,082048,RESPOP_AV,M,Y_GE15,TOTAL,ALL,5,ALL,ALL,2018,887,,,,,,,,ALL_N1,,,,,,,
IT1:DF_DCSS_ISTR_LAV_PEN_2_TV_3(1.0),A,082048,RESPOP_AV,M,Y_GE15,TOTAL,ALL,5,ALL,ALL,2019,975,,,,,,,,ALL_N1,,,,,,,
IT1:DF_DCSS_ISTR_LAV_PEN_2_TV_3(1.0),A,082048,RESPOP_AV,M,Y_GE15,TOTAL,ALL,5,ALL,ALL,2021,1018.49427220089,,,,,,,,ALL_N1,,,,,,,
IT1:DF_DCSS_ISTR_LAV_PEN_2_TV_3(1.0),A,082048,RESPOP_AV,M,Y_GE15,TOTAL,ALL,5,ALL,ALL,2022,1012.55938292762,,,,,,,,ALL_N1,,,,,,,
IT1:DF_DCSS_ISTR_LAV_PEN_2_TV_3(1.0),A,082048,RESPOP_AV,M,Y_GE15,TOTAL,ALL,5,ALL,ALL,2023,930.3301083851945,,,,,,,,ALL_N1,,,,,,,
IT1:DF_DCSS_ISTR_LAV_PEN_2_TV_3(1.0),A,082048,RESPOP_AV,M,Y_GE15,TOTAL,ALL,5,ALL,ALL,2024,971.4544857100926,,,,,,,,ALL_N1,,,,,,,
IT1:DF_DCSS_ISTR_LAV_PEN_2_TV_3(1.0),A,082048,RESPOP_AV,M,Y_GE15,TOTAL,ALL,7,ALL,ALL,2018,1672,,,,,,,,ALL_N1,,,,,,,
IT1:DF_DCSS_ISTR_LAV_PEN_2_TV_3(1.0),A,082048,RESPOP_AV,M,Y_GE15,TOTAL,ALL,7,ALL,ALL,2019,1344,,,,,,,,ALL_N1,,,,,,,
IT1:DF_DCSS_ISTR_LAV_PEN_2_TV_3(1.0),A,082048,RESPOP_AV,M,Y_GE15,TOTAL,ALL,7,ALL,ALL,2021,1681.36891567126,,,,,,,,ALL_N1,,,,,,,
IT1:DF_DCSS_ISTR_LAV_PEN_2_TV_3(1.0),A,082048,RESPOP_AV,M,Y_GE15,TOTAL,ALL,7,ALL,ALL,2022,1764.38823139732,,,,,,,,ALL_N1,,,,,,,
IT1:DF_DCSS_ISTR_LAV_PEN_2_TV_3(1.0),A,082048,RESPOP_AV,M,Y_GE15,TOTAL,ALL,7,ALL,ALL,2023,1853.1969926980894,,,,,,,,ALL_N1,,,,,,,
IT1:DF_DCSS_ISTR_LAV_PEN_2_TV_3(1.0),A,082048,RESPOP_AV,M,Y_GE15,TOTAL,ALL,7,ALL,ALL,2024,1783.756753161734,,,,,,,,ALL_N1,,,,,,,
IT1:DF_DCSS_ISTR_LAV_PEN_2_TV_3(1.0),A,082048,RESPOP_AV,M,Y_GE15,TOTAL,ALL,99,ALL,ALL,2018,11686,,,,,,,,ALL_N1,99_N1,,,,,,
IT1:DF_DCSS_ISTR_LAV_PEN_2_TV_3(1.0),A,082048,RESPOP_AV,M,Y_GE15,TOTAL,ALL,99,ALL,ALL,2019,11758,,,,,,,,ALL_N1,99_N1,,,,,,
IT1:DF_DCSS_ISTR_LAV_PEN_2_TV_3(1.0),A,082048,RESPOP_AV,M,Y_GE15,TOTAL,ALL,99,ALL,ALL,2021,11943,,,,,,,,ALL_N1,99_N1,,,,,,
IT1:DF_DCSS_ISTR_LAV_PEN_2_TV_3(1.0),A,082048,RESPOP_AV,M,Y_GE15,TOTAL,ALL,99,ALL,ALL,2022,11913,,,,,,,,ALL_N1,99_N1,,,,,,
IT1:DF_DCSS_ISTR_LAV_PEN_2_TV_3(1.0),A,082048,RESPOP_AV,M,Y_GE15,TOTAL,ALL,99,ALL,ALL,2023,11974,,,,,,,,ALL_N1,99_N1,,,,,,
IT1:DF_DCSS_ISTR_LAV_PEN_2_TV_3(1.0),A,082048,RESPOP_AV,M,Y_GE15,TOTAL,ALL,99,ALL,ALL,2024,12019,,,,,,,,ALL_N1,99_N1,,,,,,
IT1:DF_DCSS_ISTR_LAV_PEN_2_TV_3(1.0),A,082048,RESPOP_AV,M,Y_GE65,TOTAL,ALL,1,ALL,ALL,2018,146,,,,,,,,ALL_N1,,,,,,,
IT1:DF_DCSS_ISTR_LAV_PEN_2_TV_3(1.0),A,082048,RESPOP_AV,M,Y_GE65,TOTAL,ALL,1,ALL,ALL,2019,156,,,,,,,,ALL_N1,,,,,,,
IT1:DF_DCSS_ISTR_LAV_PEN_2_TV_3(1.0),A,082048,RESPOP_AV,M,Y_GE65,TOTAL,ALL,1,ALL,ALL,2021,146,,,,,,,,ALL_N1,,,,,,,
IT1:DF_DCSS_ISTR_LAV_PEN_2_TV_3(1.0),A,082048,RESPOP_AV,M,Y_GE65,TOTAL,ALL,1,ALL,ALL,2022,182,,,,,,,,ALL_N1,,,,,,,
IT1:DF_DCSS_ISTR_LAV_PEN_2_TV_3(1.0),A,082048,RESPOP_AV,M,Y_GE65,TOTAL,ALL,1,ALL,ALL,2023,176,,,,,,,,ALL_N1,,,,,,,
IT1:DF_DCSS_ISTR_LAV_PEN_2_TV_3(1.0),A,082048,RESPOP_AV,M,Y_GE65,TOTAL,ALL,1,ALL,ALL,2024,215,,,,,,,,ALL_N1,,,,,,,
IT1:DF_DCSS_ISTR_LAV_PEN_2_TV_3(1.0),A,082048,RESPOP_AV,M,Y_GE65,TOTAL,ALL,12,ALL,ALL,2018,7,,,,,,,,ALL_N1,,,,,,,
IT1:DF_DCSS_ISTR_LAV_PEN_2_TV_3(1.0),A,082048,RESPOP_AV,M,Y_GE65,TOTAL,ALL,12,ALL,ALL,2019,9,,,,,,,,ALL_N1,,,,,,,
IT1:DF_DCSS_ISTR_LAV_PEN_2_TV_3(1.0),A,082048,RESPOP_AV,M,Y_GE65,TOTAL,ALL,12,ALL,ALL,2021,7.89880847993015,,,,,,,,ALL_N1,,,,,,,
IT1:DF_DCSS_ISTR_LAV_PEN_2_TV_3(1.0),A,082048,RESPOP_AV,M,Y_GE65,TOTAL,ALL,12,ALL,ALL,2022,4.17316224603627,,,,,,,,ALL_N1,,,,,,,
IT1:DF_DCSS_ISTR_LAV_PEN_2_TV_3(1.0),A,082048,RESPOP_AV,M,Y_GE65,TOTAL,ALL,12,ALL,ALL,2023,3.8712606633002586,,,,,,,,ALL_N1,,,,,,,
IT1:DF_DCSS_ISTR_LAV_PEN_2_TV_3(1.0),A,082048,RESPOP_AV,M,Y_GE65,TOTAL,ALL,12,ALL,ALL,2024,3.969245979729248,,,,,,,,ALL_N1,,,,,,,
IT1:DF_DCSS_ISTR_LAV_PEN_2_TV_3(1.0),A,082048,RESPOP_AV,M,Y_GE65,TOTAL,ALL,22,ALL,ALL,2018,153,,,,,,,,ALL_N1,,,,,,,
IT1:DF_DCSS_ISTR_LAV_PEN_2_TV_3(1.0),A,082048,RESPOP_AV,M,Y_GE65,TOTAL,ALL,22,ALL,ALL,2019,165,,,,,,,,ALL_N1,,,,,,,
IT1:DF_DCSS_ISTR_LAV_PEN_2_TV_3(1.0),A,082048,RESPOP_AV,M,Y_GE65,TOTAL,ALL,22,ALL,ALL,2021,153.89880847993,,,,,,,,ALL_N1,,,,,,,
IT1:DF_DCSS_ISTR_LAV_PEN_2_TV_3(1.0),A,082048,RESPOP_AV,M,Y_GE65,TOTAL,ALL,22,ALL,ALL,2022,186.173162246036,,,,,,,,ALL_N1,,,,,,,
IT1:DF_DCSS_ISTR_LAV_PEN_2_TV_3(1.0),A,082048,RESPOP_AV,M,Y_GE65,TOTAL,ALL,22,ALL,ALL,2023,179.87126066330026,,,,,,,,ALL_N1,,,,,,,
IT1:DF_DCSS_ISTR_LAV_PEN_2_TV_3(1.0),A,082048,RESPOP_AV,M,Y_GE65,TOTAL,ALL,22,ALL,ALL,2024,218.96924597972924,,,,,,,,ALL_N1,,,,,,,
IT1:DF_DCSS_ISTR_LAV_PEN_2_TV_3(1.0),A,082048,RESPOP_AV,M,Y_GE65,TOTAL,ALL,23,ALL,ALL,2018,2134,,,,,,,,ALL_N1,,,,,,,
IT1:DF_DCSS_ISTR_LAV_PEN_2_TV_3(1.0),A,082048,RESPOP_AV,M,Y_GE65,TOTAL,ALL,23,ALL,ALL,2019,2174,,,,,,,,ALL_N1,,,,,,,
IT1:DF_DCSS_ISTR_LAV_PEN_2_TV_3(1.0),A,082048,RESPOP_AV,M,Y_GE65,TOTAL,ALL,23,ALL,ALL,2021,2342.10119152007,,,,,,,,ALL_N1,,,,,,,
IT1:DF_DCSS_ISTR_LAV_PEN_2_TV_3(1.0),A,082048,RESPOP_AV,M,Y_GE65,TOTAL,ALL,23,ALL,ALL,2022,2331.82683775396,,,,,,,,ALL_N1,,,,,,,
IT1:DF_DCSS_ISTR_LAV_PEN_2_TV_3(1.0),A,082048,RESPOP_AV,M,Y_GE65,TOTAL,ALL,23,ALL,ALL,2023,2406.1287393366997,,,,,,,,ALL_N1,,,,,,,
IT1:DF_DCSS_ISTR_LAV_PEN_2_TV_3(1.0),A,082048,RESPOP_AV,M,Y_GE65,TOTAL,ALL,23,ALL,ALL,2024,2449.030754020271,,,,,,,,ALL_N1,,,,,,,
IT1:DF_DCSS_ISTR_LAV_PEN_2_TV_3(1.0),A,082048,RESPOP_AV,M,Y_GE65,TOTAL,ALL,24,ALL,ALL,2018,1782,,,,,,,,ALL_N1,,,,,,,
IT1:DF_DCSS_ISTR_LAV_PEN_2_TV_3(1.0),A,082048,RESPOP_AV,M,Y_GE65,TOTAL,ALL,24,ALL,ALL,2019,1893,,,,,,,,ALL_N1,,,,,,,
IT1:DF_DCSS_ISTR_LAV_PEN_2_TV_3(1.0),A,082048,RESPOP_AV,M,Y_GE65,TOTAL,ALL,24,ALL,ALL,2021,2024.8467108513,,,,,,,,ALL_N1,,,,,,,
IT1:DF_DCSS_ISTR_LAV_PEN_2_TV_3(1.0),A,082048,RESPOP_AV,M,Y_GE65,TOTAL,ALL,24,ALL,ALL,2022,1920.28126817204,,,,,,,,ALL_N1,,,,,,,
IT1:DF_DCSS_ISTR_LAV_PEN_2_TV_3(1.0),A,082048,RESPOP_AV,M,Y_GE65,TOTAL,ALL,24,ALL,ALL,2023,1896.7080110090617,,,,,,,,ALL_N1,,,,,,,
IT1:DF_DCSS_ISTR_LAV_PEN_2_TV_3(1.0),A,082048,RESPOP_AV,M,Y_GE65,TOTAL,ALL,24,ALL,ALL,2024,2023.6358272091784,,,,,,,,ALL_N1,,,,,,,
IT1:DF_DCSS_ISTR_LAV_PEN_2_TV_3(1.0),A,082048,RESPOP_AV,M,Y_GE65,TOTAL,ALL,4,ALL,ALL,2018,16,,,,,,,,ALL_N1,,,,,,,
IT1:DF_DCSS_ISTR_LAV_PEN_2_TV_3(1.0),A,082048,RESPOP_AV,M,Y_GE65,TOTAL,ALL,4,ALL,ALL,2019,20,,,,,,,,ALL_N1,,,,,,,
IT1:DF_DCSS_ISTR_LAV_PEN_2_TV_3(1.0),A,082048,RESPOP_AV,M,Y_GE65,TOTAL,ALL,4,ALL,ALL,2021,28.2319006221463,,,,,,,,ALL_N1,,,,,,,
IT1:DF_DCSS_ISTR_LAV_PEN_2_TV_3(1.0),A,082048,RESPOP_AV,M,Y_GE65,TOTAL,ALL,4,ALL,ALL,2022,37.7347715520422,,,,,,,,ALL_N1,,,,,,,
IT1:DF_DCSS_ISTR_LAV_PEN_2_TV_3(1.0),A,082048,RESPOP_AV,M,Y_GE65,TOTAL,ALL,4,ALL,ALL,2023,47.202822349153706,,,,,,,,ALL_N1,,,,,,,
IT1:DF_DCSS_ISTR_LAV_PEN_2_TV_3(1.0),A,082048,RESPOP_AV,M,Y_GE65,TOTAL,ALL,4,ALL,ALL,2024,39.26808283513411,,,,,,,,ALL_N1,,,,,,,
IT1:DF_DCSS_ISTR_LAV_PEN_2_TV_3(1.0),A,082048,RESPOP_AV,M,Y_GE65,TOTAL,ALL,5,ALL,ALL,2018,0,JTEST,,,,,,,ALL_N1,,,,,,,
IT1:DF_DCSS_ISTR_LAV_PEN_2_TV_3(1.0),A,082048,RESPOP_AV,M,Y_GE65,TOTAL,ALL,5,ALL,ALL,2019,0,JTEST,,,,,,,ALL_N1,,,,,,,
IT1:DF_DCSS_ISTR_LAV_PEN_2_TV_3(1.0),A,082048,RESPOP_AV,M,Y_GE65,TOTAL,ALL,5,ALL,ALL,2021,6.1925657457401E-06,,,,,,,,ALL_N1,,,,,,,
IT1:DF_DCSS_ISTR_LAV_PEN_2_TV_3(1.0),A,082048,RESPOP_AV,M,Y_GE65,TOTAL,ALL,5,ALL,ALL,2022,0.148156262882133,,,,,,,,ALL_N1,,,,,,,
IT1:DF_DCSS_ISTR_LAV_PEN_2_TV_3(1.0),A,082048,RESPOP_AV,M,Y_GE65,TOTAL,ALL,5,ALL,ALL,2023,0.18011473401224834,,,,,,,,ALL_N1,,,,,,,
IT1:DF_DCSS_ISTR_LAV_PEN_2_TV_3(1.0),A,082048,RESPOP_AV,M,Y_GE65,TOTAL,ALL,5,ALL,ALL,2024,0.10460375124271343,,,,,,,,ALL_N1,,,,,,,
IT1:DF_DCSS_ISTR_LAV_PEN_2_TV_3(1.0),A,082048,RESPOP_AV,M,Y_GE65,TOTAL,ALL,7,ALL,ALL,2018,336,,,,,,,,ALL_N1,,,,,,,
IT1:DF_DCSS_ISTR_LAV_PEN_2_TV_3(1.0),A,082048,RESPOP_AV,M,Y_GE65,TOTAL,ALL,7,ALL,ALL,2019,261,,,,,,,,ALL_N1,,,,,,,
IT1:DF_DCSS_ISTR_LAV_PEN_2_TV_3(1.0),A,082048,RESPOP_AV,M,Y_GE65,TOTAL,ALL,7,ALL,ALL,2021,289.022573854059,,,,,,,,ALL_N1,,,,,,,
IT1:DF_DCSS_ISTR_LAV_PEN_2_TV_3(1.0),A,082048,RESPOP_AV,M,Y_GE65,TOTAL,ALL,7,ALL,ALL,2022,373.662641766998,,,,,,,,ALL_N1,,,,,,,
IT1:DF_DCSS_ISTR_LAV_PEN_2_TV_3(1.0),A,082048,RESPOP_AV,M,Y_GE65,TOTAL,ALL,7,ALL,ALL,2023,462.03779124447203,,,,,,,,ALL_N1,,,,,,,
IT1:DF_DCSS_ISTR_LAV_PEN_2_TV_3(1.0),A,082048,RESPOP_AV,M,Y_GE65,TOTAL,ALL,7,ALL,ALL,2024,386.022240224716,,,,,,,,ALL_N1,,,,,,,
IT1:DF_DCSS_ISTR_LAV_PEN_2_TV_3(1.0),A,082048,RESPOP_AV,M,Y_GE65,TOTAL,ALL,99,ALL,ALL,2018,2287,,,,,,,,ALL_N1,99_N1,,,,,,
IT1:DF_DCSS_ISTR_LAV_PEN_2_TV_3(1.0),A,082048,RESPOP_AV,M,Y_GE65,TOTAL,ALL,99,ALL,ALL,2019,2339,,,,,,,,ALL_N1,99_N1,,,,,,
IT1:DF_DCSS_ISTR_LAV_PEN_2_TV_3(1.0),A,082048,RESPOP_AV,M,Y_GE65,TOTAL,ALL,99,ALL,ALL,2020,2424,,,,,,,,ALL_N1,99_N1,,,,,,
IT1:DF_DCSS_ISTR_LAV_PEN_2_TV_3(1.0),A,082048,RESPOP_AV,M,Y_GE65,TOTAL,ALL,99,ALL,ALL,2021,2496,,,,,,,,ALL_N1,99_N1,,,,,,
IT1:DF_DCSS_ISTR_LAV_PEN_2_TV_3(1.0),A,082048,RESPOP_AV,M,Y_GE65,TOTAL,ALL,99,ALL,ALL,2022,2518,,,,,,,,ALL_N1,99_N1,,,,,,
IT1:DF_DCSS_ISTR_LAV_PEN_2_TV_3(1.0),A,082048,RESPOP_AV,M,Y_GE65,TOTAL,ALL,99,ALL,ALL,2023,2586,,,,,,,,ALL_N1,99_N1,,,,,,
IT1:DF_DCSS_ISTR_LAV_PEN_2_TV_3(1.0),A,082048,RESPOP_AV,M,Y_GE65,TOTAL,ALL,99,ALL,ALL,2024,2668.0000000000005,,,,,,,,ALL_N1,99_N1,,,,,,
IT1:DF_DCSS_ISTR_LAV_PEN_2_TV_3(1.0),A,082048,RESPOP_AV,M,Y15-24,TOTAL,ALL,1,ALL,ALL,2018,236,,,,,,,,ALL_N1,,,,,,,
IT1:DF_DCSS_ISTR_LAV_PEN_2_TV_3(1.0),A,082048,RESPOP_AV,M,Y15-24,TOTAL,ALL,1,ALL,ALL,2019,219,,,,,,,,ALL_N1,,,,,,,
IT1:DF_DCSS_ISTR_LAV_PEN_2_TV_3(1.0),A,082048,RESPOP_AV,M,Y15-24,TOTAL,ALL,1,ALL,ALL,2021,273,,,,,,,,ALL_N1,,,,,,,
IT1:DF_DCSS_ISTR_LAV_PEN_2_TV_3(1.0),A,082048,RESPOP_AV,M,Y15-24,TOTAL,ALL,1,ALL,ALL,2022,276,,,,,,,,ALL_N1,,,,,,,
IT1:DF_DCSS_ISTR_LAV_PEN_2_TV_3(1.0),A,082048,RESPOP_AV,M,Y15-24,TOTAL,ALL,1,ALL,ALL,2023,257,,,,,,,,ALL_N1,,,,,,,
IT1:DF_DCSS_ISTR_LAV_PEN_2_TV_3(1.0),A,082048,RESPOP_AV,M,Y15-24,TOTAL,ALL,1,ALL,ALL,2024,304,,,,,,,,ALL_N1,,,,,,,
IT1:DF_DCSS_ISTR_LAV_PEN_2_TV_3(1.0),A,082048,RESPOP_AV,M,Y15-24,TOTAL,ALL,12,ALL,ALL,2018,346,,,,,,,,ALL_N1,,,,,,,
IT1:DF_DCSS_ISTR_LAV_PEN_2_TV_3(1.0),A,082048,RESPOP_AV,M,Y15-24,TOTAL,ALL,12,ALL,ALL,2019,377,,,,,,,,ALL_N1,,,,,,,
IT1:DF_DCSS_ISTR_LAV_PEN_2_TV_3(1.0),A,082048,RESPOP_AV,M,Y15-24,TOTAL,ALL,12,ALL,ALL,2021,208.104669605182,,,,,,,,ALL_N1,,,,,,,
IT1:DF_DCSS_ISTR_LAV_PEN_2_TV_3(1.0),A,082048,RESPOP_AV,M,Y15-24,TOTAL,ALL,12,ALL,ALL,2022,214.977425501648,,,,,,,,ALL_N1,,,,,,,
IT1:DF_DCSS_ISTR_LAV_PEN_2_TV_3(1.0),A,082048,RESPOP_AV,M,Y15-24,TOTAL,ALL,12,ALL,ALL,2023,233.7130705113366,,,,,,,,ALL_N1,,,,,,,
IT1:DF_DCSS_ISTR_LAV_PEN_2_TV_3(1.0),A,082048,RESPOP_AV,M,Y15-24,TOTAL,ALL,12,ALL,ALL,2024,175.37816604144206,,,,,,,,ALL_N1,,,,,,,
IT1:DF_DCSS_ISTR_LAV_PEN_2_TV_3(1.0),A,082048,RESPOP_AV,M,Y15-24,TOTAL,ALL,22,ALL,ALL,2018,582,,,,,,,,ALL_N1,,,,,,,
IT1:DF_DCSS_ISTR_LAV_PEN_2_TV_3(1.0),A,082048,RESPOP_AV,M,Y15-24,TOTAL,ALL,22,ALL,ALL,2019,596,,,,,,,,ALL_N1,,,,,,,
IT1:DF_DCSS_ISTR_LAV_PEN_2_TV_3(1.0),A,082048,RESPOP_AV,M,Y15-24,TOTAL,ALL,22,ALL,ALL,2021,481.104669605182,,,,,,,,ALL_N1,,,,,,,
IT1:DF_DCSS_ISTR_LAV_PEN_2_TV_3(1.0),A,082048,RESPOP_AV,M,Y15-24,TOTAL,ALL,22,ALL,ALL,2022,490.977425501648,,,,,,,,ALL_N1,,,,,,,
IT1:DF_DCSS_ISTR_LAV_PEN_2_TV_3(1.0),A,082048,RESPOP_AV,M,Y15-24,TOTAL,ALL,22,ALL,ALL,2023,490.7130705113366,,,,,,,,ALL_N1,,,,,,,
IT1:DF_DCSS_ISTR_LAV_PEN_2_TV_3(1.0),A,082048,RESPOP_AV,M,Y15-24,TOTAL,ALL,22,ALL,ALL,2024,479.37816604144206,,,,,,,,ALL_N1,,,,,,,
IT1:DF_DCSS_ISTR_LAV_PEN_2_TV_3(1.0),A,082048,RESPOP_AV,M,Y15-24,TOTAL,ALL,23,ALL,ALL,2018,1142,,,,,,,,ALL_N1,,,,,,,
IT1:DF_DCSS_ISTR_LAV_PEN_2_TV_3(1.0),A,082048,RESPOP_AV,M,Y15-24,TOTAL,ALL,23,ALL,ALL,2019,1148,,,,,,,,ALL_N1,,,,,,,
IT1:DF_DCSS_ISTR_LAV_PEN_2_TV_3(1.0),A,082048,RESPOP_AV,M,Y15-24,TOTAL,ALL,23,ALL,ALL,2021,1201.89533039482,,,,,,,,ALL_N1,,,,,,,
IT1:DF_DCSS_ISTR_LAV_PEN_2_TV_3(1.0),A,082048,RESPOP_AV,M,Y15-24,TOTAL,ALL,23,ALL,ALL,2022,1155.02257449835,,,,,,,,ALL_N1,,,,,,,
IT1:DF_DCSS_ISTR_LAV_PEN_2_TV_3(1.0),A,082048,RESPOP_AV,M,Y15-24,TOTAL,ALL,23,ALL,ALL,2023,1160.2869294886636,,,,,,,,ALL_N1,,,,,,,
IT1:DF_DCSS_ISTR_LAV_PEN_2_TV_3(1.0),A,082048,RESPOP_AV,M,Y15-24,TOTAL,ALL,23,ALL,ALL,2024,1199.6218339585575,,,,,,,,ALL_N1,,,,,,,
IT1:DF_DCSS_ISTR_LAV_PEN_2_TV_3(1.0),A,082048,RESPOP_AV,M,Y15-24,TOTAL,ALL,24,ALL,ALL,2018,3,,,,,,,,ALL_N1,,,,,,,
IT1:DF_DCSS_ISTR_LAV_PEN_2_TV_3(1.0),A,082048,RESPOP_AV,M,Y15-24,TOTAL,ALL,24,ALL,ALL,2019,6,,,,,,,,ALL_N1,,,,,,,
IT1:DF_DCSS_ISTR_LAV_PEN_2_TV_3(1.0),A,082048,RESPOP_AV,M,Y15-24,TOTAL,ALL,24,ALL,ALL,2021,3.86336031975524,,,,,,,,ALL_N1,,,,,,,
IT1:DF_DCSS_ISTR_LAV_PEN_2_TV_3(1.0),A,082048,RESPOP_AV,M,Y15-24,TOTAL,ALL,24,ALL,ALL,2022,3.81739511943703,,,,,,,,ALL_N1,,,,,,,
IT1:DF_DCSS_ISTR_LAV_PEN_2_TV_3(1.0),A,082048,RESPOP_AV,M,Y15-24,TOTAL,ALL,24,ALL,ALL,2023,3.9439428543187174,,,,,,,,ALL_N1,,,,,,,
IT1:DF_DCSS_ISTR_LAV_PEN_2_TV_3(1.0),A,082048,RESPOP_AV,M,Y15-24,TOTAL,ALL,24,ALL,ALL,2024,6.355148591460579,,,,,,,,ALL_N1,,,,,,,
IT1:DF_DCSS_ISTR_LAV_PEN_2_TV_3(1.0),A,082048,RESPOP_AV,M,Y15-24,TOTAL,ALL,4,ALL,ALL,2018,16,,,,,,,,ALL_N1,,,,,,,
IT1:DF_DCSS_ISTR_LAV_PEN_2_TV_3(1.0),A,082048,RESPOP_AV,M,Y15-24,TOTAL,ALL,4,ALL,ALL,2019,19,,,,,,,,ALL_N1,,,,,,,
IT1:DF_DCSS_ISTR_LAV_PEN_2_TV_3(1.0),A,082048,RESPOP_AV,M,Y15-24,TOTAL,ALL,4,ALL,ALL,2021,29.6264156086298,,,,,,,,ALL_N1,,,,,,,
IT1:DF_DCSS_ISTR_LAV_PEN_2_TV_3(1.0),A,082048,RESPOP_AV,M,Y15-24,TOTAL,ALL,4,ALL,ALL,2022,22.4411254225712,,,,,,,,ALL_N1,,,,,,,
IT1:DF_DCSS_ISTR_LAV_PEN_2_TV_3(1.0),A,082048,RESPOP_AV,M,Y15-24,TOTAL,ALL,4,ALL,ALL,2023,33.698451056395385,,,,,,,,ALL_N1,,,,,,,
IT1:DF_DCSS_ISTR_LAV_PEN_2_TV_3(1.0),A,082048,RESPOP_AV,M,Y15-24,TOTAL,ALL,4,ALL,ALL,2024,29.61125101323113,,,,,,,,ALL_N1,,,,,,,
IT1:DF_DCSS_ISTR_LAV_PEN_2_TV_3(1.0),A,082048,RESPOP_AV,M,Y15-24,TOTAL,ALL,5,ALL,ALL,2018,808,,,,,,,,ALL_N1,,,,,,,
IT1:DF_DCSS_ISTR_LAV_PEN_2_TV_3(1.0),A,082048,RESPOP_AV,M,Y15-24,TOTAL,ALL,5,ALL,ALL,2019,895,,,,,,,,ALL_N1,,,,,,,
IT1:DF_DCSS_ISTR_LAV_PEN_2_TV_3(1.0),A,082048,RESPOP_AV,M,Y15-24,TOTAL,ALL,5,ALL,ALL,2021,921.718178546453,,,,,,,,ALL_N1,,,,,,,
IT1:DF_DCSS_ISTR_LAV_PEN_2_TV_3(1.0),A,082048,RESPOP_AV,M,Y15-24,TOTAL,ALL,5,ALL,ALL,2022,906.551811566873,,,,,,,,ALL_N1,,,,,,,
IT1:DF_DCSS_ISTR_LAV_PEN_2_TV_3(1.0),A,082048,RESPOP_AV,M,Y15-24,TOTAL,ALL,5,ALL,ALL,2023,855.8852981317132,,,,,,,,ALL_N1,,,,,,,
IT1:DF_DCSS_ISTR_LAV_PEN_2_TV_3(1.0),A,082048,RESPOP_AV,M,Y15-24,TOTAL,ALL,5,ALL,ALL,2024,884.5717610130075,,,,,,,,ALL_N1,,,,,,,
IT1:DF_DCSS_ISTR_LAV_PEN_2_TV_3(1.0),A,082048,RESPOP_AV,M,Y15-24,TOTAL,ALL,7,ALL,ALL,2018,315,,,,,,,,ALL_N1,,,,,,,
IT1:DF_DCSS_ISTR_LAV_PEN_2_TV_3(1.0),A,082048,RESPOP_AV,M,Y15-24,TOTAL,ALL,7,ALL,ALL,2019,228,,,,,,,,ALL_N1,,,,,,,
IT1:DF_DCSS_ISTR_LAV_PEN_2_TV_3(1.0),A,082048,RESPOP_AV,M,Y15-24,TOTAL,ALL,7,ALL,ALL,2021,246.68737591998,,,,,,,,ALL_N1,,,,,,,
IT1:DF_DCSS_ISTR_LAV_PEN_2_TV_3(1.0),A,082048,RESPOP_AV,M,Y15-24,TOTAL,ALL,7,ALL,ALL,2022,222.212242389471,,,,,,,,ALL_N1,,,,,,,
IT1:DF_DCSS_ISTR_LAV_PEN_2_TV_3(1.0),A,082048,RESPOP_AV,M,Y15-24,TOTAL,ALL,7,ALL,ALL,2023,266.75923744623634,,,,,,,,ALL_N1,,,,,,,
IT1:DF_DCSS_ISTR_LAV_PEN_2_TV_3(1.0),A,082048,RESPOP_AV,M,Y15-24,TOTAL,ALL,7,ALL,ALL,2024,279.0836733408583,,,,,,,,ALL_N1,,,,,,,
IT1:DF_DCSS_ISTR_LAV_PEN_2_TV_3(1.0),A,082048,RESPOP_AV,M,Y15-24,TOTAL,ALL,99,ALL,ALL,2018,1724,,,,,,,,ALL_N1,99_N1,,,,,,
IT1:DF_DCSS_ISTR_LAV_PEN_2_TV_3(1.0),A,082048,RESPOP_AV,M,Y15-24,TOTAL,ALL,99,ALL,ALL,2019,1744,,,,,,,,ALL_N1,99_N1,,,,,,
IT1:DF_DCSS_ISTR_LAV_PEN_2_TV_3(1.0),A,082048,RESPOP_AV,M,Y15-24,TOTAL,ALL,99,ALL,ALL,2021,1683,,,,,,,,ALL_N1,99_N1,,,,,,
IT1:DF_DCSS_ISTR_LAV_PEN_2_TV_3(1.0),A,082048,RESPOP_AV,M,Y15-24,TOTAL,ALL,99,ALL,ALL,2022,1646,,,,,,,,ALL_N1,99_N1,,,,,,
IT1:DF_DCSS_ISTR_LAV_PEN_2_TV_3(1.0),A,082048,RESPOP_AV,M,Y15-24,TOTAL,ALL,99,ALL,ALL,2023,1651.0000000000002,,,,,,,,ALL_N1,99_N1,,,,,,
IT1:DF_DCSS_ISTR_LAV_PEN_2_TV_3(1.0),A,082048,RESPOP_AV,M,Y15-24,TOTAL,ALL,99,ALL,ALL,2024,1678.9999999999995,,,,,,,,ALL_N1,99_N1,,,,,,
IT1:DF_DCSS_ISTR_LAV_PEN_2_TV_3(1.0),A,082048,RESPOP_AV,M,Y25-49,TOTAL,ALL,1,ALL,ALL,2018,2998,,,,,,,,ALL_N1,,,,,,,
IT1:DF_DCSS_ISTR_LAV_PEN_2_TV_3(1.0),A,082048,RESPOP_AV,M,Y25-49,TOTAL,ALL,1,ALL,ALL,2019,2990,,,,,,,,ALL_N1,,,,,,,
IT1:DF_DCSS_ISTR_LAV_PEN_2_TV_3(1.0),A,082048,RESPOP_AV,M,Y25-49,TOTAL,ALL,1,ALL,ALL,2021,3097,,,,,,,,ALL_N1,,,,,,,
IT1:DF_DCSS_ISTR_LAV_PEN_2_TV_3(1.0),A,082048,RESPOP_AV,M,Y25-49,TOTAL,ALL,1,ALL,ALL,2022,3149,,,,,,,,ALL_N1,,,,,,,
IT1:DF_DCSS_ISTR_LAV_PEN_2_TV_3(1.0),A,082048,RESPOP_AV,M,Y25-49,TOTAL,ALL,1,ALL,ALL,2023,3218,,,,,,,,ALL_N1,,,,,,,
IT1:DF_DCSS_ISTR_LAV_PEN_2_TV_3(1.0),A,082048,RESPOP_AV,M,Y25-49,TOTAL,ALL,1,ALL,ALL,2024,3232,,,,,,,,ALL_N1,,,,,,,
IT1:DF_DCSS_ISTR_LAV_PEN_2_TV_3(1.0),A,082048,RESPOP_AV,M,Y25-49,TOTAL,ALL,12,ALL,ALL,2018,1037,,,,,,,,ALL_N1,,,,,,,
IT1:DF_DCSS_ISTR_LAV_PEN_2_TV_3(1.0),A,082048,RESPOP_AV,M,Y25-49,TOTAL,ALL,12,ALL,ALL,2019,1056,,,,,,,,ALL_N1,,,,,,,
IT1:DF_DCSS_ISTR_LAV_PEN_2_TV_3(1.0),A,082048,RESPOP_AV,M,Y25-49,TOTAL,ALL,12,ALL,ALL,2021,631.896604028498,,,,,,,,ALL_N1,,,,,,,
IT1:DF_DCSS_ISTR_LAV_PEN_2_TV_3(1.0),A,082048,RESPOP_AV,M,Y25-49,TOTAL,ALL,12,ALL,ALL,2022,576.002722008532,,,,,,,,ALL_N1,,,,,,,
IT1:DF_DCSS_ISTR_LAV_PEN_2_TV_3(1.0),A,082048,RESPOP_AV,M,Y25-49,TOTAL,ALL,12,ALL,ALL,2023,501.48602530529695,,,,,,,,ALL_N1,,,,,,,
IT1:DF_DCSS_ISTR_LAV_PEN_2_TV_3(1.0),A,082048,RESPOP_AV,M,Y25-49,TOTAL,ALL,12,ALL,ALL,2024,409.18074354020604,,,,,,,,ALL_N1,,,,,,,
IT1:DF_DCSS_ISTR_LAV_PEN_2_TV_3(1.0),A,082048,RESPOP_AV,M,Y25-49,TOTAL,ALL,22,ALL,ALL,2018,4035,,,,,,,,ALL_N1,,,,,,,
IT1:DF_DCSS_ISTR_LAV_PEN_2_TV_3(1.0),A,082048,RESPOP_AV,M,Y25-49,TOTAL,ALL,22,ALL,ALL,2019,4046,,,,,,,,ALL_N1,,,,,,,
IT1:DF_DCSS_ISTR_LAV_PEN_2_TV_3(1.0),A,082048,RESPOP_AV,M,Y25-49,TOTAL,ALL,22,ALL,ALL,2021,3728.8966040285,,,,,,,,ALL_N1,,,,,,,
IT1:DF_DCSS_ISTR_LAV_PEN_2_TV_3(1.0),A,082048,RESPOP_AV,M,Y25-49,TOTAL,ALL,22,ALL,ALL,2022,3725.00272200853,,,,,,,,ALL_N1,,,,,,,
IT1:DF_DCSS_ISTR_LAV_PEN_2_TV_3(1.0),A,082048,RESPOP_AV,M,Y25-49,TOTAL,ALL,22,ALL,ALL,2023,3719.486025305297,,,,,,,,ALL_N1,,,,,,,
IT1:DF_DCSS_ISTR_LAV_PEN_2_TV_3(1.0),A,082048,RESPOP_AV,M,Y25-49,TOTAL,ALL,22,ALL,ALL,2024,3641.180743540206,,,,,,,,ALL_N1,,,,,,,
IT1:DF_DCSS_ISTR_LAV_PEN_2_TV_3(1.0),A,082048,RESPOP_AV,M,Y25-49,TOTAL,ALL,23,ALL,ALL,2018,866,,,,,,,,ALL_N1,,,,,,,
IT1:DF_DCSS_ISTR_LAV_PEN_2_TV_3(1.0),A,082048,RESPOP_AV,M,Y25-49,TOTAL,ALL,23,ALL,ALL,2019,786,,,,,,,,ALL_N1,,,,,,,
IT1:DF_DCSS_ISTR_LAV_PEN_2_TV_3(1.0),A,082048,RESPOP_AV,M,Y25-49,TOTAL,ALL,23,ALL,ALL,2021,1031.1033959715,,,,,,,,ALL_N1,,,,,,,
IT1:DF_DCSS_ISTR_LAV_PEN_2_TV_3(1.0),A,082048,RESPOP_AV,M,Y25-49,TOTAL,ALL,23,ALL,ALL,2022,970.997277991468,,,,,,,,ALL_N1,,,,,,,
IT1:DF_DCSS_ISTR_LAV_PEN_2_TV_3(1.0),A,082048,RESPOP_AV,M,Y25-49,TOTAL,ALL,23,ALL,ALL,2023,911.5139746947032,,,,,,,,ALL_N1,,,,,,,
IT1:DF_DCSS_ISTR_LAV_PEN_2_TV_3(1.0),A,082048,RESPOP_AV,M,Y25-49,TOTAL,ALL,23,ALL,ALL,2024,910.8192564597937,,,,,,,,ALL_N1,,,,,,,
IT1:DF_DCSS_ISTR_LAV_PEN_2_TV_3(1.0),A,082048,RESPOP_AV,M,Y25-49,TOTAL,ALL,24,ALL,ALL,2018,48,,,,,,,,ALL_N1,,,,,,,
IT1:DF_DCSS_ISTR_LAV_PEN_2_TV_3(1.0),A,082048,RESPOP_AV,M,Y25-49,TOTAL,ALL,24,ALL,ALL,2019,66,,,,,,,,ALL_N1,,,,,,,
IT1:DF_DCSS_ISTR_LAV_PEN_2_TV_3(1.0),A,082048,RESPOP_AV,M,Y25-49,TOTAL,ALL,24,ALL,ALL,2021,58.511003312472,,,,,,,,ALL_N1,,,,,,,
IT1:DF_DCSS_ISTR_LAV_PEN_2_TV_3(1.0),A,082048,RESPOP_AV,M,Y25-49,TOTAL,ALL,24,ALL,ALL,2022,47.3404367503714,,,,,,,,ALL_N1,,,,,,,
IT1:DF_DCSS_ISTR_LAV_PEN_2_TV_3(1.0),A,082048,RESPOP_AV,M,Y25-49,TOTAL,ALL,24,ALL,ALL,2023,41.198113848650664,,,,,,,,ALL_N1,,,,,,,
IT1:DF_DCSS_ISTR_LAV_PEN_2_TV_3(1.0),A,082048,RESPOP_AV,M,Y25-49,TOTAL,ALL,24,ALL,ALL,2024,58.62825125689241,,,,,,,,ALL_N1,,,,,,,
IT1:DF_DCSS_ISTR_LAV_PEN_2_TV_3(1.0),A,082048,RESPOP_AV,M,Y25-49,TOTAL,ALL,4,ALL,ALL,2018,115,,,,,,,,ALL_N1,,,,,,,
IT1:DF_DCSS_ISTR_LAV_PEN_2_TV_3(1.0),A,082048,RESPOP_AV,M,Y25-49,TOTAL,ALL,4,ALL,ALL,2019,118,,,,,,,,ALL_N1,,,,,,,
IT1:DF_DCSS_ISTR_LAV_PEN_2_TV_3(1.0),A,082048,RESPOP_AV,M,Y25-49,TOTAL,ALL,4,ALL,ALL,2021,196.56476322571,,,,,,,,ALL_N1,,,,,,,
IT1:DF_DCSS_ISTR_LAV_PEN_2_TV_3(1.0),A,082048,RESPOP_AV,M,Y25-49,TOTAL,ALL,4,ALL,ALL,2022,180.903501920023,,,,,,,,ALL_N1,,,,,,,
IT1:DF_DCSS_ISTR_LAV_PEN_2_TV_3(1.0),A,082048,RESPOP_AV,M,Y25-49,TOTAL,ALL,4,ALL,ALL,2023,188.99824741952392,,,,,,,,ALL_N1,,,,,,,
IT1:DF_DCSS_ISTR_LAV_PEN_2_TV_3(1.0),A,082048,RESPOP_AV,M,Y25-49,TOTAL,ALL,4,ALL,ALL,2024,156.9545737771887,,,,,,,,ALL_N1,,,,,,,
IT1:DF_DCSS_ISTR_LAV_PEN_2_TV_3(1.0),A,082048,RESPOP_AV,M,Y25-49,TOTAL,ALL,5,ALL,ALL,2018,77,,,,,,,,ALL_N1,,,,,,,
IT1:DF_DCSS_ISTR_LAV_PEN_2_TV_3(1.0),A,082048,RESPOP_AV,M,Y25-49,TOTAL,ALL,5,ALL,ALL,2019,79,,,,,,,,ALL_N1,,,,,,,
IT1:DF_DCSS_ISTR_LAV_PEN_2_TV_3(1.0),A,082048,RESPOP_AV,M,Y25-49,TOTAL,ALL,5,ALL,ALL,2021,95.3218020848789,,,,,,,,ALL_N1,,,,,,,
IT1:DF_DCSS_ISTR_LAV_PEN_2_TV_3(1.0),A,082048,RESPOP_AV,M,Y25-49,TOTAL,ALL,5,ALL,ALL,2022,103.404545287694,,,,,,,,ALL_N1,,,,,,,
IT1:DF_DCSS_ISTR_LAV_PEN_2_TV_3(1.0),A,082048,RESPOP_AV,M,Y25-49,TOTAL,ALL,5,ALL,ALL,2023,72.6575034907721,,,,,,,,ALL_N1,,,,,,,
IT1:DF_DCSS_ISTR_LAV_PEN_2_TV_3(1.0),A,082048,RESPOP_AV,M,Y25-49,TOTAL,ALL,5,ALL,ALL,2024,83.37522461556736,,,,,,,,ALL_N1,,,,,,,
IT1:DF_DCSS_ISTR_LAV_PEN_2_TV_3(1.0),A,082048,RESPOP_AV,M,Y25-49,TOTAL,ALL,7,ALL,ALL,2018,626,,,,,,,,ALL_N1,,,,,,,
IT1:DF_DCSS_ISTR_LAV_PEN_2_TV_3(1.0),A,082048,RESPOP_AV,M,Y25-49,TOTAL,ALL,7,ALL,ALL,2019,523,,,,,,,,ALL_N1,,,,,,,
IT1:DF_DCSS_ISTR_LAV_PEN_2_TV_3(1.0),A,082048,RESPOP_AV,M,Y25-49,TOTAL,ALL,7,ALL,ALL,2021,680.705827348441,,,,,,,,ALL_N1,,,,,,,
IT1:DF_DCSS_ISTR_LAV_PEN_2_TV_3(1.0),A,082048,RESPOP_AV,M,Y25-49,TOTAL,ALL,7,ALL,ALL,2022,639.34879403338,,,,,,,,ALL_N1,,,,,,,
IT1:DF_DCSS_ISTR_LAV_PEN_2_TV_3(1.0),A,082048,RESPOP_AV,M,Y25-49,TOTAL,ALL,7,ALL,ALL,2023,608.6601099357565,,,,,,,,ALL_N1,,,,,,,
IT1:DF_DCSS_ISTR_LAV_PEN_2_TV_3(1.0),A,082048,RESPOP_AV,M,Y25-49,TOTAL,ALL,7,ALL,ALL,2024,611.8612068101453,,,,,,,,ALL_N1,,,,,,,
IT1:DF_DCSS_ISTR_LAV_PEN_2_TV_3(1.0),A,082048,RESPOP_AV,M,Y25-49,TOTAL,ALL,99,ALL,ALL,2018,4901,,,,,,,,ALL_N1,99_N1,,,,,,
IT1:DF_DCSS_ISTR_LAV_PEN_2_TV_3(1.0),A,082048,RESPOP_AV,M,Y25-49,TOTAL,ALL,99,ALL,ALL,2019,4832,,,,,,,,ALL_N1,99_N1,,,,,,
IT1:DF_DCSS_ISTR_LAV_PEN_2_TV_3(1.0),A,082048,RESPOP_AV,M,Y25-49,TOTAL,ALL,99,ALL,ALL,2020,4709,,,,,,,,ALL_N1,99_N1,,,,,,
IT1:DF_DCSS_ISTR_LAV_PEN_2_TV_3(1.0),A,082048,RESPOP_AV,M,Y25-49,TOTAL,ALL,99,ALL,ALL,2021,4760,,,,,,,,ALL_N1,99_N1,,,,,,
IT1:DF_DCSS_ISTR_LAV_PEN_2_TV_3(1.0),A,082048,RESPOP_AV,M,Y25-49,TOTAL,ALL,99,ALL,ALL,2022,4696,,,,,,,,ALL_N1,99_N1,,,,,,
IT1:DF_DCSS_ISTR_LAV_PEN_2_TV_3(1.0),A,082048,RESPOP_AV,M,Y25-49,TOTAL,ALL,99,ALL,ALL,2023,4631,,,,,,,,ALL_N1,99_N1,,,,,,
IT1:DF_DCSS_ISTR_LAV_PEN_2_TV_3(1.0),A,082048,RESPOP_AV,M,Y25-49,TOTAL,ALL,99,ALL,ALL,2024,4552,,,,,,,,ALL_N1,99_N1,,,,,,
IT1:DF_DCSS_ISTR_LAV_PEN_2_TV_3(1.0),A,082048,RESPOP_AV,M,Y50-64,TOTAL,ALL,1,ALL,ALL,2018,1678,,,,,,,,ALL_N1,,,,,,,
IT1:DF_DCSS_ISTR_LAV_PEN_2_TV_3(1.0),A,082048,RESPOP_AV,M,Y50-64,TOTAL,ALL,1,ALL,ALL,2019,1739,,,,,,,,ALL_N1,,,,,,,
IT1:DF_DCSS_ISTR_LAV_PEN_2_TV_3(1.0),A,082048,RESPOP_AV,M,Y50-64,TOTAL,ALL,1,ALL,ALL,2021,1886,,,,,,,,ALL_N1,,,,,,,
IT1:DF_DCSS_ISTR_LAV_PEN_2_TV_3(1.0),A,082048,RESPOP_AV,M,Y50-64,TOTAL,ALL,1,ALL,ALL,2022,1901,,,,,,,,ALL_N1,,,,,,,
IT1:DF_DCSS_ISTR_LAV_PEN_2_TV_3(1.0),A,082048,RESPOP_AV,M,Y50-64,TOTAL,ALL,1,ALL,ALL,2023,1997,,,,,,,,ALL_N1,,,,,,,
IT1:DF_DCSS_ISTR_LAV_PEN_2_TV_3(1.0),A,082048,RESPOP_AV,M,Y50-64,TOTAL,ALL,1,ALL,ALL,2024,2063,,,,,,,,ALL_N1,,,,,,,
IT1:DF_DCSS_ISTR_LAV_PEN_2_TV_3(1.0),A,082048,RESPOP_AV,M,Y50-64,TOTAL,ALL,12,ALL,ALL,2018,385,,,,,,,,ALL_N1,,,,,,,
IT1:DF_DCSS_ISTR_LAV_PEN_2_TV_3(1.0),A,082048,RESPOP_AV,M,Y50-64,TOTAL,ALL,12,ALL,ALL,2019,418,,,,,,,,ALL_N1,,,,,,,
IT1:DF_DCSS_ISTR_LAV_PEN_2_TV_3(1.0),A,082048,RESPOP_AV,M,Y50-64,TOTAL,ALL,12,ALL,ALL,2021,249.150742975649,,,,,,,,ALL_N1,,,,,,,
IT1:DF_DCSS_ISTR_LAV_PEN_2_TV_3(1.0),A,082048,RESPOP_AV,M,Y50-64,TOTAL,ALL,12,ALL,ALL,2022,241.500780573146,,,,,,,,ALL_N1,,,,,,,
IT1:DF_DCSS_ISTR_LAV_PEN_2_TV_3(1.0),A,082048,RESPOP_AV,M,Y50-64,TOTAL,ALL,12,ALL,ALL,2023,234.29581464438328,,,,,,,,ALL_N1,,,,,,,
IT1:DF_DCSS_ISTR_LAV_PEN_2_TV_3(1.0),A,082048,RESPOP_AV,M,Y50-64,TOTAL,ALL,12,ALL,ALL,2024,205.62783423728985,,,,,,,,ALL_N1,,,,,,,
IT1:DF_DCSS_ISTR_LAV_PEN_2_TV_3(1.0),A,082048,RESPOP_AV,M,Y50-64,TOTAL,ALL,22,ALL,ALL,2018,2063,,,,,,,,ALL_N1,,,,,,,
IT1:DF_DCSS_ISTR_LAV_PEN_2_TV_3(1.0),A,082048,RESPOP_AV,M,Y50-64,TOTAL,ALL,22,ALL,ALL,2019,2157,,,,,,,,ALL_N1,,,,,,,
IT1:DF_DCSS_ISTR_LAV_PEN_2_TV_3(1.0),A,082048,RESPOP_AV,M,Y50-64,TOTAL,ALL,22,ALL,ALL,2021,2135.15074297565,,,,,,,,ALL_N1,,,,,,,
IT1:DF_DCSS_ISTR_LAV_PEN_2_TV_3(1.0),A,082048,RESPOP_AV,M,Y50-64,TOTAL,ALL,22,ALL,ALL,2022,2142.50078057315,,,,,,,,ALL_N1,,,,,,,
IT1:DF_DCSS_ISTR_LAV_PEN_2_TV_3(1.0),A,082048,RESPOP_AV,M,Y50-64,TOTAL,ALL,22,ALL,ALL,2023,2231.2958146443834,,,,,,,,ALL_N1,,,,,,,
IT1:DF_DCSS_ISTR_LAV_PEN_2_TV_3(1.0),A,082048,RESPOP_AV,M,Y50-64,TOTAL,ALL,22,ALL,ALL,2024,2268.62783423729,,,,,,,,ALL_N1,,,,,,,
IT1:DF_DCSS_ISTR_LAV_PEN_2_TV_3(1.0),A,082048,RESPOP_AV,M,Y50-64,TOTAL,ALL,23,ALL,ALL,2018,711,,,,,,,,ALL_N1,,,,,,,
IT1:DF_DCSS_ISTR_LAV_PEN_2_TV_3(1.0),A,082048,RESPOP_AV,M,Y50-64,TOTAL,ALL,23,ALL,ALL,2019,686,,,,,,,,ALL_N1,,,,,,,
IT1:DF_DCSS_ISTR_LAV_PEN_2_TV_3(1.0),A,082048,RESPOP_AV,M,Y50-64,TOTAL,ALL,23,ALL,ALL,2021,868.849257024351,,,,,,,,ALL_N1,,,,,,,
IT1:DF_DCSS_ISTR_LAV_PEN_2_TV_3(1.0),A,082048,RESPOP_AV,M,Y50-64,TOTAL,ALL,23,ALL,ALL,2022,910.499219426855,,,,,,,,ALL_N1,,,,,,,
IT1:DF_DCSS_ISTR_LAV_PEN_2_TV_3(1.0),A,082048,RESPOP_AV,M,Y50-64,TOTAL,ALL,23,ALL,ALL,2023,874.7041853556173,,,,,,,,ALL_N1,,,,,,,
IT1:DF_DCSS_ISTR_LAV_PEN_2_TV_3(1.0),A,082048,RESPOP_AV,M,Y50-64,TOTAL,ALL,23,ALL,ALL,2024,851.3721657627101,,,,,,,,ALL_N1,,,,,,,
IT1:DF_DCSS_ISTR_LAV_PEN_2_TV_3(1.0),A,082048,RESPOP_AV,M,Y50-64,TOTAL,ALL,24,ALL,ALL,2018,225,,,,,,,,ALL_N1,,,,,,,
IT1:DF_DCSS_ISTR_LAV_PEN_2_TV_3(1.0),A,082048,RESPOP_AV,M,Y50-64,TOTAL,ALL,24,ALL,ALL,2019,262,,,,,,,,ALL_N1,,,,,,,
IT1:DF_DCSS_ISTR_LAV_PEN_2_TV_3(1.0),A,082048,RESPOP_AV,M,Y50-64,TOTAL,ALL,24,ALL,ALL,2021,243.396072095533,,,,,,,,ALL_N1,,,,,,,
IT1:DF_DCSS_ISTR_LAV_PEN_2_TV_3(1.0),A,082048,RESPOP_AV,M,Y50-64,TOTAL,ALL,24,ALL,ALL,2022,208.583526369392,,,,,,,,ALL_N1,,,,,,,
IT1:DF_DCSS_ISTR_LAV_PEN_2_TV_3(1.0),A,082048,RESPOP_AV,M,Y50-64,TOTAL,ALL,24,ALL,ALL,2023,176.53630108871695,,,,,,,,ALL_N1,,,,,,,
IT1:DF_DCSS_ISTR_LAV_PEN_2_TV_3(1.0),A,082048,RESPOP_AV,M,Y50-64,TOTAL,ALL,24,ALL,ALL,2024,190.66462280343117,,,,,,,,ALL_N1,,,,,,,
IT1:DF_DCSS_ISTR_LAV_PEN_2_TV_3(1.0),A,082048,RESPOP_AV,M,Y50-64,TOTAL,ALL,4,ALL,ALL,2018,90,,,,,,,,ALL_N1,,,,,,,
IT1:DF_DCSS_ISTR_LAV_PEN_2_TV_3(1.0),A,082048,RESPOP_AV,M,Y50-64,TOTAL,ALL,4,ALL,ALL,2019,92,,,,,,,,ALL_N1,,,,,,,
IT1:DF_DCSS_ISTR_LAV_PEN_2_TV_3(1.0),A,082048,RESPOP_AV,M,Y50-64,TOTAL,ALL,4,ALL,ALL,2021,159.045761003046,,,,,,,,ALL_N1,,,,,,,
IT1:DF_DCSS_ISTR_LAV_PEN_2_TV_3(1.0),A,082048,RESPOP_AV,M,Y50-64,TOTAL,ALL,4,ALL,ALL,2022,170.296270039814,,,,,,,,ALL_N1,,,,,,,
IT1:DF_DCSS_ISTR_LAV_PEN_2_TV_3(1.0),A,082048,RESPOP_AV,M,Y50-64,TOTAL,ALL,4,ALL,ALL,2023,180.8208381665786,,,,,,,,ALL_N1,,,,,,,
IT1:DF_DCSS_ISTR_LAV_PEN_2_TV_3(1.0),A,082048,RESPOP_AV,M,Y50-64,TOTAL,ALL,4,ALL,ALL,2024,150.5150138429893,,,,,,,,ALL_N1,,,,,,,
IT1:DF_DCSS_ISTR_LAV_PEN_2_TV_3(1.0),A,082048,RESPOP_AV,M,Y50-64,TOTAL,ALL,5,ALL,ALL,2018,1,,,,,,,,ALL_N1,,,,,,,
IT1:DF_DCSS_ISTR_LAV_PEN_2_TV_3(1.0),A,082048,RESPOP_AV,M,Y50-64,TOTAL,ALL,5,ALL,ALL,2019,1,,,,,,,,ALL_N1,,,,,,,
IT1:DF_DCSS_ISTR_LAV_PEN_2_TV_3(1.0),A,082048,RESPOP_AV,M,Y50-64,TOTAL,ALL,5,ALL,ALL,2021,1.45428537699373,,,,,,,,ALL_N1,,,,,,,
IT1:DF_DCSS_ISTR_LAV_PEN_2_TV_3(1.0),A,082048,RESPOP_AV,M,Y50-64,TOTAL,ALL,5,ALL,ALL,2022,2.45486981017437,,,,,,,,ALL_N1,,,,,,,
IT1:DF_DCSS_ISTR_LAV_PEN_2_TV_3(1.0),A,082048,RESPOP_AV,M,Y50-64,TOTAL,ALL,5,ALL,ALL,2023,1.6071920286970947,,,,,,,,ALL_N1,,,,,,,
IT1:DF_DCSS_ISTR_LAV_PEN_2_TV_3(1.0),A,082048,RESPOP_AV,M,Y50-64,TOTAL,ALL,5,ALL,ALL,2024,3.402896330275044,,,,,,,,ALL_N1,,,,,,,
IT1:DF_DCSS_ISTR_LAV_PEN_2_TV_3(1.0),A,082048,RESPOP_AV,M,Y50-64,TOTAL,ALL,7,ALL,ALL,2018,395,,,,,,,,ALL_N1,,,,,,,
IT1:DF_DCSS_ISTR_LAV_PEN_2_TV_3(1.0),A,082048,RESPOP_AV,M,Y50-64,TOTAL,ALL,7,ALL,ALL,2019,331,,,,,,,,ALL_N1,,,,,,,
IT1:DF_DCSS_ISTR_LAV_PEN_2_TV_3(1.0),A,082048,RESPOP_AV,M,Y50-64,TOTAL,ALL,7,ALL,ALL,2021,464.953138548779,,,,,,,,ALL_N1,,,,,,,
IT1:DF_DCSS_ISTR_LAV_PEN_2_TV_3(1.0),A,082048,RESPOP_AV,M,Y50-64,TOTAL,ALL,7,ALL,ALL,2022,529.164553207474,,,,,,,,ALL_N1,,,,,,,
IT1:DF_DCSS_ISTR_LAV_PEN_2_TV_3(1.0),A,082048,RESPOP_AV,M,Y50-64,TOTAL,ALL,7,ALL,ALL,2023,515.7398540716246,,,,,,,,ALL_N1,,,,,,,
IT1:DF_DCSS_ISTR_LAV_PEN_2_TV_3(1.0),A,082048,RESPOP_AV,M,Y50-64,TOTAL,ALL,7,ALL,ALL,2024,506.7896327860145,,,,,,,,ALL_N1,,,,,,,
IT1:DF_DCSS_ISTR_LAV_PEN_2_TV_3(1.0),A,082048,RESPOP_AV,M,Y50-64,TOTAL,ALL,99,ALL,ALL,2018,2774,,,,,,,,ALL_N1,99_N1,,,,,,
IT1:DF_DCSS_ISTR_LAV_PEN_2_TV_3(1.0),A,082048,RESPOP_AV,M,Y50-64,TOTAL,ALL,99,ALL,ALL,2019,2843,,,,,,,,ALL_N1,99_N1,,,,,,
IT1:DF_DCSS_ISTR_LAV_PEN_2_TV_3(1.0),A,082048,RESPOP_AV,M,Y50-64,TOTAL,ALL,99,ALL,ALL,2020,2911,,,,,,,,ALL_N1,99_N1,,,,,,
IT1:DF_DCSS_ISTR_LAV_PEN_2_TV_3(1.0),A,082048,RESPOP_AV,M,Y50-64,TOTAL,ALL,99,ALL,ALL,2021,3004,,,,,,,,ALL_N1,99_N1,,,,,,
IT1:DF_DCSS_ISTR_LAV_PEN_2_TV_3(1.0),A,082048,RESPOP_AV,M,Y50-64,TOTAL,ALL,99,ALL,ALL,2022,3053,,,,,,,,ALL_N1,99_N1,,,,,,
IT1:DF_DCSS_ISTR_LAV_PEN_2_TV_3(1.0),A,082048,RESPOP_AV,M,Y50-64,TOTAL,ALL,99,ALL,ALL,2023,3106,,,,,,,,ALL_N1,99_N1,,,,,,
IT1:DF_DCSS_ISTR_LAV_PEN_2_TV_3(1.0),A,082048,RESPOP_AV,M,Y50-64,TOTAL,ALL,99,ALL,ALL,2024,3120,,,,,,,,ALL_N1,99_N1,,,,,,
IT1:DF_DCSS_ISTR_LAV_PEN_2_TV_3(1.0),A,082048,RESPOP_AV,T,Y_GE15,TOTAL,ALL,1,ALL,ALL,2018,7262,,,,,,,,ALL_N1,,,,,,,
IT1:DF_DCSS_ISTR_LAV_PEN_2_TV_3(1.0),A,082048,RESPOP_AV,T,Y_GE15,TOTAL,ALL,1,ALL,ALL,2019,7324,,,,,,,,ALL_N1,,,,,,,
IT1:DF_DCSS_ISTR_LAV_PEN_2_TV_3(1.0),A,082048,RESPOP_AV,T,Y_GE15,TOTAL,ALL,1,ALL,ALL,2021,7851,,,,,,,,ALL_N1,,,,,,,
IT1:DF_DCSS_ISTR_LAV_PEN_2_TV_3(1.0),A,082048,RESPOP_AV,T,Y_GE15,TOTAL,ALL,1,ALL,ALL,2022,7993,,,,,,,,ALL_N1,,,,,,,
IT1:DF_DCSS_ISTR_LAV_PEN_2_TV_3(1.0),A,082048,RESPOP_AV,T,Y_GE15,TOTAL,ALL,1,ALL,ALL,2023,8258,,,,,,,,ALL_N1,,,,,,,
IT1:DF_DCSS_ISTR_LAV_PEN_2_TV_3(1.0),A,082048,RESPOP_AV,T,Y_GE15,TOTAL,ALL,1,ALL,ALL,2024,8653,,,,,,,,ALL_N1,,,,,,,
IT1:DF_DCSS_ISTR_LAV_PEN_2_TV_3(1.0),A,082048,RESPOP_AV,T,Y_GE15,TOTAL,ALL,12,ALL,ALL,2018,3222,,,,,,,,ALL_N1,,,,,,,
IT1:DF_DCSS_ISTR_LAV_PEN_2_TV_3(1.0),A,082048,RESPOP_AV,T,Y_GE15,TOTAL,ALL,12,ALL,ALL,2019,3393,,,,,,,,ALL_N1,,,,,,,
IT1:DF_DCSS_ISTR_LAV_PEN_2_TV_3(1.0),A,082048,RESPOP_AV,T,Y_GE15,TOTAL,ALL,12,ALL,ALL,2021,1915.13967517243,,,,,,,,ALL_N1,,,,,,,
IT1:DF_DCSS_ISTR_LAV_PEN_2_TV_3(1.0),A,082048,RESPOP_AV,T,Y_GE15,TOTAL,ALL,12,ALL,ALL,2022,1890.03754011094,,,,,,,,ALL_N1,,,,,,,
IT1:DF_DCSS_ISTR_LAV_PEN_2_TV_3(1.0),A,082048,RESPOP_AV,T,Y_GE15,TOTAL,ALL,12,ALL,ALL,2023,1816.7575582764105,,,,,,,,ALL_N1,,,,,,,
IT1:DF_DCSS_ISTR_LAV_PEN_2_TV_3(1.0),A,082048,RESPOP_AV,T,Y_GE15,TOTAL,ALL,12,ALL,ALL,2024,1472.5957097077792,,,,,,,,ALL_N1,,,,,,,
IT1:DF_DCSS_ISTR_LAV_PEN_2_TV_3(1.0),A,082048,RESPOP_AV,T,Y_GE15,TOTAL,ALL,22,ALL,ALL,2018,10484,,,,,,,,ALL_N1,,,,,,,
IT1:DF_DCSS_ISTR_LAV_PEN_2_TV_3(1.0),A,082048,RESPOP_AV,T,Y_GE15,TOTAL,ALL,22,ALL,ALL,2019,10717,,,,,,,,ALL_N1,,,,,,,
IT1:DF_DCSS_ISTR_LAV_PEN_2_TV_3(1.0),A,082048,RESPOP_AV,T,Y_GE15,TOTAL,ALL,22,ALL,ALL,2021,9766.13967517243,,,,,,,,ALL_N1,,,,,,,
IT1:DF_DCSS_ISTR_LAV_PEN_2_TV_3(1.0),A,082048,RESPOP_AV,T,Y_GE15,TOTAL,ALL,22,ALL,ALL,2022,9883.03754011094,,,,,,,,ALL_N1,,,,,,,
IT1:DF_DCSS_ISTR_LAV_PEN_2_TV_3(1.0),A,082048,RESPOP_AV,T,Y_GE15,TOTAL,ALL,22,ALL,ALL,2023,10074.757558276411,,,,,,,,ALL_N1,,,,,,,
IT1:DF_DCSS_ISTR_LAV_PEN_2_TV_3(1.0),A,082048,RESPOP_AV,T,Y_GE15,TOTAL,ALL,22,ALL,ALL,2024,10125.595709707779,,,,,,,,ALL_N1,,,,,,,
IT1:DF_DCSS_ISTR_LAV_PEN_2_TV_3(1.0),A,082048,RESPOP_AV,T,Y_GE15,TOTAL,ALL,23,ALL,ALL,2018,13365,,,,,,,,ALL_N1,,,,,,,
IT1:DF_DCSS_ISTR_LAV_PEN_2_TV_3(1.0),A,082048,RESPOP_AV,T,Y_GE15,TOTAL,ALL,23,ALL,ALL,2019,13271,,,,,,,,ALL_N1,,,,,,,
IT1:DF_DCSS_ISTR_LAV_PEN_2_TV_3(1.0),A,082048,RESPOP_AV,T,Y_GE15,TOTAL,ALL,23,ALL,ALL,2021,14478.8603248276,,,,,,,,ALL_N1,,,,,,,
IT1:DF_DCSS_ISTR_LAV_PEN_2_TV_3(1.0),A,082048,RESPOP_AV,T,Y_GE15,TOTAL,ALL,23,ALL,ALL,2022,14302.9624598891,,,,,,,,ALL_N1,,,,,,,
IT1:DF_DCSS_ISTR_LAV_PEN_2_TV_3(1.0),A,082048,RESPOP_AV,T,Y_GE15,TOTAL,ALL,23,ALL,ALL,2023,14228.242441723589,,,,,,,,ALL_N1,,,,,,,
IT1:DF_DCSS_ISTR_LAV_PEN_2_TV_3(1.0),A,082048,RESPOP_AV,T,Y_GE15,TOTAL,ALL,23,ALL,ALL,2024,14361.404290292221,,,,,,,,ALL_N1,,,,,,,
IT1:DF_DCSS_ISTR_LAV_PEN_2_TV_3(1.0),A,082048,RESPOP_AV,T,Y_GE15,TOTAL,ALL,24,ALL,ALL,2018,3359,,,,,,,,ALL_N1,,,,,,,
IT1:DF_DCSS_ISTR_LAV_PEN_2_TV_3(1.0),A,082048,RESPOP_AV,T,Y_GE15,TOTAL,ALL,24,ALL,ALL,2019,3613,,,,,,,,ALL_N1,,,,,,,
IT1:DF_DCSS_ISTR_LAV_PEN_2_TV_3(1.0),A,082048,RESPOP_AV,T,Y_GE15,TOTAL,ALL,24,ALL,ALL,2021,3835.06771139777,,,,,,,,ALL_N1,,,,,,,
IT1:DF_DCSS_ISTR_LAV_PEN_2_TV_3(1.0),A,082048,RESPOP_AV,T,Y_GE15,TOTAL,ALL,24,ALL,ALL,2022,3446.79477872946,,,,,,,,ALL_N1,,,,,,,
IT1:DF_DCSS_ISTR_LAV_PEN_2_TV_3(1.0),A,082048,RESPOP_AV,T,Y_GE15,TOTAL,ALL,24,ALL,ALL,2023,3284.093993193245,,,,,,,,ALL_N1,,,,,,,
IT1:DF_DCSS_ISTR_LAV_PEN_2_TV_3(1.0),A,082048,RESPOP_AV,T,Y_GE15,TOTAL,ALL,24,ALL,ALL,2024,3651.3205309807604,,,,,,,,ALL_N1,,,,,,,
IT1:DF_DCSS_ISTR_LAV_PEN_2_TV_3(1.0),A,082048,RESPOP_AV,T,Y_GE15,TOTAL,ALL,4,ALL,ALL,2018,5357,,,,,,,,ALL_N1,,,,,,,
IT1:DF_DCSS_ISTR_LAV_PEN_2_TV_3(1.0),A,082048,RESPOP_AV,T,Y_GE15,TOTAL,ALL,4,ALL,ALL,2019,5395,,,,,,,,ALL_N1,,,,,,,
IT1:DF_DCSS_ISTR_LAV_PEN_2_TV_3(1.0),A,082048,RESPOP_AV,T,Y_GE15,TOTAL,ALL,4,ALL,ALL,2021,5842.40310096497,,,,,,,,ALL_N1,,,,,,,
IT1:DF_DCSS_ISTR_LAV_PEN_2_TV_3(1.0),A,082048,RESPOP_AV,T,Y_GE15,TOTAL,ALL,4,ALL,ALL,2022,5789.54702691269,,,,,,,,ALL_N1,,,,,,,
IT1:DF_DCSS_ISTR_LAV_PEN_2_TV_3(1.0),A,082048,RESPOP_AV,T,Y_GE15,TOTAL,ALL,4,ALL,ALL,2023,5910.888862586339,,,,,,,,ALL_N1,,,,,,,
IT1:DF_DCSS_ISTR_LAV_PEN_2_TV_3(1.0),A,082048,RESPOP_AV,T,Y_GE15,TOTAL,ALL,4,ALL,ALL,2024,5647.305106051806,,,,,,,,ALL_N1,,,,,,,
IT1:DF_DCSS_ISTR_LAV_PEN_2_TV_3(1.0),A,082048,RESPOP_AV,T,Y_GE15,TOTAL,ALL,5,ALL,ALL,2018,1863,,,,,,,,ALL_N1,,,,,,,
IT1:DF_DCSS_ISTR_LAV_PEN_2_TV_3(1.0),A,082048,RESPOP_AV,T,Y_GE15,TOTAL,ALL,5,ALL,ALL,2019,2019,,,,,,,,ALL_N1,,,,,,,
IT1:DF_DCSS_ISTR_LAV_PEN_2_TV_3(1.0),A,082048,RESPOP_AV,T,Y_GE15,TOTAL,ALL,5,ALL,ALL,2021,2098.10743230019,,,,,,,,ALL_N1,,,,,,,
IT1:DF_DCSS_ISTR_LAV_PEN_2_TV_3(1.0),A,082048,RESPOP_AV,T,Y_GE15,TOTAL,ALL,5,ALL,ALL,2022,2127.6967438426,,,,,,,,ALL_N1,,,,,,,
IT1:DF_DCSS_ISTR_LAV_PEN_2_TV_3(1.0),A,082048,RESPOP_AV,T,Y_GE15,TOTAL,ALL,5,ALL,ALL,2023,1936.183317680596,,,,,,,,ALL_N1,,,,,,,
IT1:DF_DCSS_ISTR_LAV_PEN_2_TV_3(1.0),A,082048,RESPOP_AV,T,Y_GE15,TOTAL,ALL,5,ALL,ALL,2024,2064.6020999000266,,,,,,,,ALL_N1,,,,,,,
IT1:DF_DCSS_ISTR_LAV_PEN_2_TV_3(1.0),A,082048,RESPOP_AV,T,Y_GE15,TOTAL,ALL,7,ALL,ALL,2018,2786,,,,,,,,ALL_N1,,,,,,,
IT1:DF_DCSS_ISTR_LAV_PEN_2_TV_3(1.0),A,082048,RESPOP_AV,T,Y_GE15,TOTAL,ALL,7,ALL,ALL,2019,2244,,,,,,,,ALL_N1,,,,,,,
IT1:DF_DCSS_ISTR_LAV_PEN_2_TV_3(1.0),A,082048,RESPOP_AV,T,Y_GE15,TOTAL,ALL,7,ALL,ALL,2021,2703.28208016464,,,,,,,,ALL_N1,,,,,,,
IT1:DF_DCSS_ISTR_LAV_PEN_2_TV_3(1.0),A,082048,RESPOP_AV,T,Y_GE15,TOTAL,ALL,7,ALL,ALL,2022,2938.92391040431,,,,,,,,ALL_N1,,,,,,,
IT1:DF_DCSS_ISTR_LAV_PEN_2_TV_3(1.0),A,082048,RESPOP_AV,T,Y_GE15,TOTAL,ALL,7,ALL,ALL,2023,3097.0762682634086,,,,,,,,ALL_N1,,,,,,,
IT1:DF_DCSS_ISTR_LAV_PEN_2_TV_3(1.0),A,082048,RESPOP_AV,T,Y_GE15,TOTAL,ALL,7,ALL,ALL,2024,2998.1765533596276,,,,,,,,ALL_N1,,,,,,,
IT1:DF_DCSS_ISTR_LAV_PEN_2_TV_3(1.0),A,082048,RESPOP_AV,T,Y_GE15,TOTAL,ALL,99,ALL,ALL,2018,23848,,,,,,,,ALL_N1,99_N1,,,,,,
IT1:DF_DCSS_ISTR_LAV_PEN_2_TV_3(1.0),A,082048,RESPOP_AV,T,Y_GE15,TOTAL,ALL,99,ALL,ALL,2019,23988,,,,,,,,ALL_N1,99_N1,,,,,,
IT1:DF_DCSS_ISTR_LAV_PEN_2_TV_3(1.0),A,082048,RESPOP_AV,T,Y_GE15,TOTAL,ALL,99,ALL,ALL,2021,24245,,,,,,,,ALL_N1,99_N1,,,,,,
IT1:DF_DCSS_ISTR_LAV_PEN_2_TV_3(1.0),A,082048,RESPOP_AV,T,Y_GE15,TOTAL,ALL,99,ALL,ALL,2022,24186,,,,,,,,ALL_N1,99_N1,,,,,,
IT1:DF_DCSS_ISTR_LAV_PEN_2_TV_3(1.0),A,082048,RESPOP_AV,T,Y_GE15,TOTAL,ALL,99,ALL,ALL,2023,24303,,,,,,,,ALL_N1,99_N1,,,,,,
IT1:DF_DCSS_ISTR_LAV_PEN_2_TV_3(1.0),A,082048,RESPOP_AV,T,Y_GE15,TOTAL,ALL,99,ALL,ALL,2024,24487,,,,,,,,ALL_N1,99_N1,,,,,,
IT1:DF_DCSS_ISTR_LAV_PEN_2_TV_3(1.0),A,082048,RESPOP_AV,T,Y_GE65,TOTAL,ALL,1,ALL,ALL,2018,206,,,,,,,,ALL_N1,,,,,,,
IT1:DF_DCSS_ISTR_LAV_PEN_2_TV_3(1.0),A,082048,RESPOP_AV,T,Y_GE65,TOTAL,ALL,1,ALL,ALL,2019,221,,,,,,,,ALL_N1,,,,,,,
IT1:DF_DCSS_ISTR_LAV_PEN_2_TV_3(1.0),A,082048,RESPOP_AV,T,Y_GE65,TOTAL,ALL,1,ALL,ALL,2021,195,,,,,,,,ALL_N1,,,,,,,
IT1:DF_DCSS_ISTR_LAV_PEN_2_TV_3(1.0),A,082048,RESPOP_AV,T,Y_GE65,TOTAL,ALL,1,ALL,ALL,2022,241,,,,,,,,ALL_N1,,,,,,,
IT1:DF_DCSS_ISTR_LAV_PEN_2_TV_3(1.0),A,082048,RESPOP_AV,T,Y_GE65,TOTAL,ALL,1,ALL,ALL,2023,246,,,,,,,,ALL_N1,,,,,,,
IT1:DF_DCSS_ISTR_LAV_PEN_2_TV_3(1.0),A,082048,RESPOP_AV,T,Y_GE65,TOTAL,ALL,1,ALL,ALL,2024,284,,,,,,,,ALL_N1,,,,,,,
IT1:DF_DCSS_ISTR_LAV_PEN_2_TV_3(1.0),A,082048,RESPOP_AV,T,Y_GE65,TOTAL,ALL,12,ALL,ALL,2018,20,,,,,,,,ALL_N1,,,,,,,
IT1:DF_DCSS_ISTR_LAV_PEN_2_TV_3(1.0),A,082048,RESPOP_AV,T,Y_GE65,TOTAL,ALL,12,ALL,ALL,2019,24,,,,,,,,ALL_N1,,,,,,,
IT1:DF_DCSS_ISTR_LAV_PEN_2_TV_3(1.0),A,082048,RESPOP_AV,T,Y_GE65,TOTAL,ALL,12,ALL,ALL,2021,16.9060836314727,,,,,,,,ALL_N1,,,,,,,
IT1:DF_DCSS_ISTR_LAV_PEN_2_TV_3(1.0),A,082048,RESPOP_AV,T,Y_GE65,TOTAL,ALL,12,ALL,ALL,2022,9.88495621752334,,,,,,,,ALL_N1,,,,,,,
IT1:DF_DCSS_ISTR_LAV_PEN_2_TV_3(1.0),A,082048,RESPOP_AV,T,Y_GE65,TOTAL,ALL,12,ALL,ALL,2023,12.199820365234899,,,,,,,,ALL_N1,,,,,,,
IT1:DF_DCSS_ISTR_LAV_PEN_2_TV_3(1.0),A,082048,RESPOP_AV,T,Y_GE65,TOTAL,ALL,12,ALL,ALL,2024,10.980990014657767,,,,,,,,ALL_N1,,,,,,,
IT1:DF_DCSS_ISTR_LAV_PEN_2_TV_3(1.0),A,082048,RESPOP_AV,T,Y_GE65,TOTAL,ALL,22,ALL,ALL,2018,226,,,,,,,,ALL_N1,,,,,,,
IT1:DF_DCSS_ISTR_LAV_PEN_2_TV_3(1.0),A,082048,RESPOP_AV,T,Y_GE65,TOTAL,ALL,22,ALL,ALL,2019,245,,,,,,,,ALL_N1,,,,,,,
IT1:DF_DCSS_ISTR_LAV_PEN_2_TV_3(1.0),A,082048,RESPOP_AV,T,Y_GE65,TOTAL,ALL,22,ALL,ALL,2021,211.906083631473,,,,,,,,ALL_N1,,,,,,,
IT1:DF_DCSS_ISTR_LAV_PEN_2_TV_3(1.0),A,082048,RESPOP_AV,T,Y_GE65,TOTAL,ALL,22,ALL,ALL,2022,250.884956217523,,,,,,,,ALL_N1,,,,,,,
IT1:DF_DCSS_ISTR_LAV_PEN_2_TV_3(1.0),A,082048,RESPOP_AV,T,Y_GE65,TOTAL,ALL,22,ALL,ALL,2023,258.19982036523487,,,,,,,,ALL_N1,,,,,,,
IT1:DF_DCSS_ISTR_LAV_PEN_2_TV_3(1.0),A,082048,RESPOP_AV,T,Y_GE65,TOTAL,ALL,22,ALL,ALL,2024,294.9809900146578,,,,,,,,ALL_N1,,,,,,,
IT1:DF_DCSS_ISTR_LAV_PEN_2_TV_3(1.0),A,082048,RESPOP_AV,T,Y_GE65,TOTAL,ALL,23,ALL,ALL,2018,4697,,,,,,,,ALL_N1,,,,,,,
IT1:DF_DCSS_ISTR_LAV_PEN_2_TV_3(1.0),A,082048,RESPOP_AV,T,Y_GE65,TOTAL,ALL,23,ALL,ALL,2019,4789,,,,,,,,ALL_N1,,,,,,,
IT1:DF_DCSS_ISTR_LAV_PEN_2_TV_3(1.0),A,082048,RESPOP_AV,T,Y_GE65,TOTAL,ALL,23,ALL,ALL,2021,5108.09391636853,,,,,,,,ALL_N1,,,,,,,
IT1:DF_DCSS_ISTR_LAV_PEN_2_TV_3(1.0),A,082048,RESPOP_AV,T,Y_GE65,TOTAL,ALL,23,ALL,ALL,2022,5129.11504378248,,,,,,,,ALL_N1,,,,,,,
IT1:DF_DCSS_ISTR_LAV_PEN_2_TV_3(1.0),A,082048,RESPOP_AV,T,Y_GE65,TOTAL,ALL,23,ALL,ALL,2023,5238.800179634764,,,,,,,,ALL_N1,,,,,,,
IT1:DF_DCSS_ISTR_LAV_PEN_2_TV_3(1.0),A,082048,RESPOP_AV,T,Y_GE65,TOTAL,ALL,23,ALL,ALL,2024,5373.019009985343,,,,,,,,ALL_N1,,,,,,,
IT1:DF_DCSS_ISTR_LAV_PEN_2_TV_3(1.0),A,082048,RESPOP_AV,T,Y_GE65,TOTAL,ALL,24,ALL,ALL,2018,2970,,,,,,,,ALL_N1,,,,,,,
IT1:DF_DCSS_ISTR_LAV_PEN_2_TV_3(1.0),A,082048,RESPOP_AV,T,Y_GE65,TOTAL,ALL,24,ALL,ALL,2019,3152,,,,,,,,ALL_N1,,,,,,,
IT1:DF_DCSS_ISTR_LAV_PEN_2_TV_3(1.0),A,082048,RESPOP_AV,T,Y_GE65,TOTAL,ALL,24,ALL,ALL,2021,3396.25850441245,,,,,,,,ALL_N1,,,,,,,
IT1:DF_DCSS_ISTR_LAV_PEN_2_TV_3(1.0),A,082048,RESPOP_AV,T,Y_GE65,TOTAL,ALL,24,ALL,ALL,2022,3092.23200840118,,,,,,,,ALL_N1,,,,,,,
IT1:DF_DCSS_ISTR_LAV_PEN_2_TV_3(1.0),A,082048,RESPOP_AV,T,Y_GE65,TOTAL,ALL,24,ALL,ALL,2023,2978.0362551976996,,,,,,,,ALL_N1,,,,,,,
IT1:DF_DCSS_ISTR_LAV_PEN_2_TV_3(1.0),A,082048,RESPOP_AV,T,Y_GE65,TOTAL,ALL,24,ALL,ALL,2024,3296.9426862781343,,,,,,,,ALL_N1,,,,,,,
IT1:DF_DCSS_ISTR_LAV_PEN_2_TV_3(1.0),A,082048,RESPOP_AV,T,Y_GE65,TOTAL,ALL,4,ALL,ALL,2018,954,,,,,,,,ALL_N1,,,,,,,
IT1:DF_DCSS_ISTR_LAV_PEN_2_TV_3(1.0),A,082048,RESPOP_AV,T,Y_GE65,TOTAL,ALL,4,ALL,ALL,2019,1004,,,,,,,,ALL_N1,,,,,,,
IT1:DF_DCSS_ISTR_LAV_PEN_2_TV_3(1.0),A,082048,RESPOP_AV,T,Y_GE65,TOTAL,ALL,4,ALL,ALL,2021,1046.77422754595,,,,,,,,ALL_N1,,,,,,,
IT1:DF_DCSS_ISTR_LAV_PEN_2_TV_3(1.0),A,082048,RESPOP_AV,T,Y_GE65,TOTAL,ALL,4,ALL,ALL,2022,1184.48293441721,,,,,,,,ALL_N1,,,,,,,
IT1:DF_DCSS_ISTR_LAV_PEN_2_TV_3(1.0),A,082048,RESPOP_AV,T,Y_GE65,TOTAL,ALL,4,ALL,ALL,2023,1259.6696949157363,,,,,,,,ALL_N1,,,,,,,
IT1:DF_DCSS_ISTR_LAV_PEN_2_TV_3(1.0),A,082048,RESPOP_AV,T,Y_GE65,TOTAL,ALL,4,ALL,ALL,2024,1202.5184938148625,,,,,,,,ALL_N1,,,,,,,
IT1:DF_DCSS_ISTR_LAV_PEN_2_TV_3(1.0),A,082048,RESPOP_AV,T,Y_GE65,TOTAL,ALL,5,ALL,ALL,2018,0,JTEST,,,,,,,ALL_N1,,,,,,,
IT1:DF_DCSS_ISTR_LAV_PEN_2_TV_3(1.0),A,082048,RESPOP_AV,T,Y_GE65,TOTAL,ALL,5,ALL,ALL,2019,0,JTEST,,,,,,,ALL_N1,,,,,,,
IT1:DF_DCSS_ISTR_LAV_PEN_2_TV_3(1.0),A,082048,RESPOP_AV,T,Y_GE65,TOTAL,ALL,5,ALL,ALL,2021,2.39986277195246E-05,,,,,,,,ALL_N1,,,,,,,
IT1:DF_DCSS_ISTR_LAV_PEN_2_TV_3(1.0),A,082048,RESPOP_AV,T,Y_GE65,TOTAL,ALL,5,ALL,ALL,2022,0.569721637560859,,,,,,,,ALL_N1,,,,,,,
IT1:DF_DCSS_ISTR_LAV_PEN_2_TV_3(1.0),A,082048,RESPOP_AV,T,Y_GE65,TOTAL,ALL,5,ALL,ALL,2023,0.9400752994282922,,,,,,,,ALL_N1,,,,,,,
IT1:DF_DCSS_ISTR_LAV_PEN_2_TV_3(1.0),A,082048,RESPOP_AV,T,Y_GE65,TOTAL,ALL,5,ALL,ALL,2024,0.5485152814422746,,,,,,,,ALL_N1,,,,,,,
IT1:DF_DCSS_ISTR_LAV_PEN_2_TV_3(1.0),A,082048,RESPOP_AV,T,Y_GE65,TOTAL,ALL,7,ALL,ALL,2018,773,,,,,,,,ALL_N1,,,,,,,
IT1:DF_DCSS_ISTR_LAV_PEN_2_TV_3(1.0),A,082048,RESPOP_AV,T,Y_GE65,TOTAL,ALL,7,ALL,ALL,2019,633,,,,,,,,ALL_N1,,,,,,,
IT1:DF_DCSS_ISTR_LAV_PEN_2_TV_3(1.0),A,082048,RESPOP_AV,T,Y_GE65,TOTAL,ALL,7,ALL,ALL,2021,665.061160411498,,,,,,,,ALL_N1,,,,,,,
IT1:DF_DCSS_ISTR_LAV_PEN_2_TV_3(1.0),A,082048,RESPOP_AV,T,Y_GE65,TOTAL,ALL,7,ALL,ALL,2022,851.830379326523,,,,,,,,ALL_N1,,,,,,,
IT1:DF_DCSS_ISTR_LAV_PEN_2_TV_3(1.0),A,082048,RESPOP_AV,T,Y_GE65,TOTAL,ALL,7,ALL,ALL,2023,1000.1541542219007,,,,,,,,ALL_N1,,,,,,,
IT1:DF_DCSS_ISTR_LAV_PEN_2_TV_3(1.0),A,082048,RESPOP_AV,T,Y_GE65,TOTAL,ALL,7,ALL,ALL,2024,873.0093146109039,,,,,,,,ALL_N1,,,,,,,
IT1:DF_DCSS_ISTR_LAV_PEN_2_TV_3(1.0),A,082048,RESPOP_AV,T,Y_GE65,TOTAL,ALL,99,ALL,ALL,2018,4923,,,,,,,,ALL_N1,99_N1,,,,,,
IT1:DF_DCSS_ISTR_LAV_PEN_2_TV_3(1.0),A,082048,RESPOP_AV,T,Y_GE65,TOTAL,ALL,99,ALL,ALL,2019,5034,,,,,,,,ALL_N1,99_N1,,,,,,
IT1:DF_DCSS_ISTR_LAV_PEN_2_TV_3(1.0),A,082048,RESPOP_AV,T,Y_GE65,TOTAL,ALL,99,ALL,ALL,2020,5180,,,,,,,,ALL_N1,99_N1,,,,,,
IT1:DF_DCSS_ISTR_LAV_PEN_2_TV_3(1.0),A,082048,RESPOP_AV,T,Y_GE65,TOTAL,ALL,99,ALL,ALL,2021,5320,,,,,,,,ALL_N1,99_N1,,,,,,
IT1:DF_DCSS_ISTR_LAV_PEN_2_TV_3(1.0),A,082048,RESPOP_AV,T,Y_GE65,TOTAL,ALL,99,ALL,ALL,2022,5380,,,,,,,,ALL_N1,99_N1,,,,,,
IT1:DF_DCSS_ISTR_LAV_PEN_2_TV_3(1.0),A,082048,RESPOP_AV,T,Y_GE65,TOTAL,ALL,99,ALL,ALL,2023,5497,,,,,,,,ALL_N1,99_N1,,,,,,
IT1:DF_DCSS_ISTR_LAV_PEN_2_TV_3(1.0),A,082048,RESPOP_AV,T,Y_GE65,TOTAL,ALL,99,ALL,ALL,2024,5668,,,,,,,,ALL_N1,99_N1,,,,,,
IT1:DF_DCSS_ISTR_LAV_PEN_2_TV_3(1.0),A,082048,RESPOP_AV,T,Y15-24,TOTAL,ALL,1,ALL,ALL,2018,344,,,,,,,,ALL_N1,,,,,,,
IT1:DF_DCSS_ISTR_LAV_PEN_2_TV_3(1.0),A,082048,RESPOP_AV,T,Y15-24,TOTAL,ALL,1,ALL,ALL,2019,317,,,,,,,,ALL_N1,,,,,,,
IT1:DF_DCSS_ISTR_LAV_PEN_2_TV_3(1.0),A,082048,RESPOP_AV,T,Y15-24,TOTAL,ALL,1,ALL,ALL,2021,397,,,,,,,,ALL_N1,,,,,,,
IT1:DF_DCSS_ISTR_LAV_PEN_2_TV_3(1.0),A,082048,RESPOP_AV,T,Y15-24,TOTAL,ALL,1,ALL,ALL,2022,390,,,,,,,,ALL_N1,,,,,,,
IT1:DF_DCSS_ISTR_LAV_PEN_2_TV_3(1.0),A,082048,RESPOP_AV,T,Y15-24,TOTAL,ALL,1,ALL,ALL,2023,359,,,,,,,,ALL_N1,,,,,,,
IT1:DF_DCSS_ISTR_LAV_PEN_2_TV_3(1.0),A,082048,RESPOP_AV,T,Y15-24,TOTAL,ALL,1,ALL,ALL,2024,443,,,,,,,,ALL_N1,,,,,,,
IT1:DF_DCSS_ISTR_LAV_PEN_2_TV_3(1.0),A,082048,RESPOP_AV,T,Y15-24,TOTAL,ALL,12,ALL,ALL,2018,668,,,,,,,,ALL_N1,,,,,,,
IT1:DF_DCSS_ISTR_LAV_PEN_2_TV_3(1.0),A,082048,RESPOP_AV,T,Y15-24,TOTAL,ALL,12,ALL,ALL,2019,685,,,,,,,,ALL_N1,,,,,,,
IT1:DF_DCSS_ISTR_LAV_PEN_2_TV_3(1.0),A,082048,RESPOP_AV,T,Y15-24,TOTAL,ALL,12,ALL,ALL,2021,361.933043256408,,,,,,,,ALL_N1,,,,,,,
IT1:DF_DCSS_ISTR_LAV_PEN_2_TV_3(1.0),A,082048,RESPOP_AV,T,Y15-24,TOTAL,ALL,12,ALL,ALL,2022,384.217794650253,,,,,,,,ALL_N1,,,,,,,
IT1:DF_DCSS_ISTR_LAV_PEN_2_TV_3(1.0),A,082048,RESPOP_AV,T,Y15-24,TOTAL,ALL,12,ALL,ALL,2023,417.79273961298617,,,,,,,,ALL_N1,,,,,,,
IT1:DF_DCSS_ISTR_LAV_PEN_2_TV_3(1.0),A,082048,RESPOP_AV,T,Y15-24,TOTAL,ALL,12,ALL,ALL,2024,301.23260392453307,,,,,,,,ALL_N1,,,,,,,
IT1:DF_DCSS_ISTR_LAV_PEN_2_TV_3(1.0),A,082048,RESPOP_AV,T,Y15-24,TOTAL,ALL,22,ALL,ALL,2018,1012,,,,,,,,ALL_N1,,,,,,,
IT1:DF_DCSS_ISTR_LAV_PEN_2_TV_3(1.0),A,082048,RESPOP_AV,T,Y15-24,TOTAL,ALL,22,ALL,ALL,2019,1002,,,,,,,,ALL_N1,,,,,,,
IT1:DF_DCSS_ISTR_LAV_PEN_2_TV_3(1.0),A,082048,RESPOP_AV,T,Y15-24,TOTAL,ALL,22,ALL,ALL,2021,758.933043256408,,,,,,,,ALL_N1,,,,,,,
IT1:DF_DCSS_ISTR_LAV_PEN_2_TV_3(1.0),A,082048,RESPOP_AV,T,Y15-24,TOTAL,ALL,22,ALL,ALL,2022,774.217794650253,,,,,,,,ALL_N1,,,,,,,
IT1:DF_DCSS_ISTR_LAV_PEN_2_TV_3(1.0),A,082048,RESPOP_AV,T,Y15-24,TOTAL,ALL,22,ALL,ALL,2023,776.7927396129862,,,,,,,,ALL_N1,,,,,,,
IT1:DF_DCSS_ISTR_LAV_PEN_2_TV_3(1.0),A,082048,RESPOP_AV,T,Y15-24,TOTAL,ALL,22,ALL,ALL,2024,744.2326039245331,,,,,,,,ALL_N1,,,,,,,
IT1:DF_DCSS_ISTR_LAV_PEN_2_TV_3(1.0),A,082048,RESPOP_AV,T,Y15-24,TOTAL,ALL,23,ALL,ALL,2018,2356,,,,,,,,ALL_N1,,,,,,,
IT1:DF_DCSS_ISTR_LAV_PEN_2_TV_3(1.0),A,082048,RESPOP_AV,T,Y15-24,TOTAL,ALL,23,ALL,ALL,2019,2332,,,,,,,,ALL_N1,,,,,,,
IT1:DF_DCSS_ISTR_LAV_PEN_2_TV_3(1.0),A,082048,RESPOP_AV,T,Y15-24,TOTAL,ALL,23,ALL,ALL,2021,2467.06695674359,,,,,,,,ALL_N1,,,,,,,
IT1:DF_DCSS_ISTR_LAV_PEN_2_TV_3(1.0),A,082048,RESPOP_AV,T,Y15-24,TOTAL,ALL,23,ALL,ALL,2022,2391.78220534975,,,,,,,,ALL_N1,,,,,,,
IT1:DF_DCSS_ISTR_LAV_PEN_2_TV_3(1.0),A,082048,RESPOP_AV,T,Y15-24,TOTAL,ALL,23,ALL,ALL,2023,2393.207260387014,,,,,,,,ALL_N1,,,,,,,
IT1:DF_DCSS_ISTR_LAV_PEN_2_TV_3(1.0),A,082048,RESPOP_AV,T,Y15-24,TOTAL,ALL,23,ALL,ALL,2024,2469.7673960754664,,,,,,,,ALL_N1,,,,,,,
IT1:DF_DCSS_ISTR_LAV_PEN_2_TV_3(1.0),A,082048,RESPOP_AV,T,Y15-24,TOTAL,ALL,24,ALL,ALL,2018,4,,,,,,,,ALL_N1,,,,,,,
IT1:DF_DCSS_ISTR_LAV_PEN_2_TV_3(1.0),A,082048,RESPOP_AV,T,Y15-24,TOTAL,ALL,24,ALL,ALL,2019,8,,,,,,,,ALL_N1,,,,,,,
IT1:DF_DCSS_ISTR_LAV_PEN_2_TV_3(1.0),A,082048,RESPOP_AV,T,Y15-24,TOTAL,ALL,24,ALL,ALL,2021,4.82606619028269,,,,,,,,ALL_N1,,,,,,,
IT1:DF_DCSS_ISTR_LAV_PEN_2_TV_3(1.0),A,082048,RESPOP_AV,T,Y15-24,TOTAL,ALL,24,ALL,ALL,2022,4.74096317267367,,,,,,,,ALL_N1,,,,,,,
IT1:DF_DCSS_ISTR_LAV_PEN_2_TV_3(1.0),A,082048,RESPOP_AV,T,Y15-24,TOTAL,ALL,24,ALL,ALL,2023,4.71859992599736,,,,,,,,ALL_N1,,,,,,,
IT1:DF_DCSS_ISTR_LAV_PEN_2_TV_3(1.0),A,082048,RESPOP_AV,T,Y15-24,TOTAL,ALL,24,ALL,ALL,2024,7.644205689162398,,,,,,,,ALL_N1,,,,,,,
IT1:DF_DCSS_ISTR_LAV_PEN_2_TV_3(1.0),A,082048,RESPOP_AV,T,Y15-24,TOTAL,ALL,4,ALL,ALL,2018,254,,,,,,,,ALL_N1,,,,,,,
IT1:DF_DCSS_ISTR_LAV_PEN_2_TV_3(1.0),A,082048,RESPOP_AV,T,Y15-24,TOTAL,ALL,4,ALL,ALL,2019,230,,,,,,,,ALL_N1,,,,,,,
IT1:DF_DCSS_ISTR_LAV_PEN_2_TV_3(1.0),A,082048,RESPOP_AV,T,Y15-24,TOTAL,ALL,4,ALL,ALL,2021,279.943975038248,,,,,,,,ALL_N1,,,,,,,
IT1:DF_DCSS_ISTR_LAV_PEN_2_TV_3(1.0),A,082048,RESPOP_AV,T,Y15-24,TOTAL,ALL,4,ALL,ALL,2022,222.150818171868,,,,,,,,ALL_N1,,,,,,,
IT1:DF_DCSS_ISTR_LAV_PEN_2_TV_3(1.0),A,082048,RESPOP_AV,T,Y15-24,TOTAL,ALL,4,ALL,ALL,2023,284.8725263863105,,,,,,,,ALL_N1,,,,,,,
IT1:DF_DCSS_ISTR_LAV_PEN_2_TV_3(1.0),A,082048,RESPOP_AV,T,Y15-24,TOTAL,ALL,4,ALL,ALL,2024,250.86960153211538,,,,,,,,ALL_N1,,,,,,,
IT1:DF_DCSS_ISTR_LAV_PEN_2_TV_3(1.0),A,082048,RESPOP_AV,T,Y15-24,TOTAL,ALL,5,ALL,ALL,2018,1648,,,,,,,,ALL_N1,,,,,,,
IT1:DF_DCSS_ISTR_LAV_PEN_2_TV_3(1.0),A,082048,RESPOP_AV,T,Y15-24,TOTAL,ALL,5,ALL,ALL,2019,1785,,,,,,,,ALL_N1,,,,,,,
IT1:DF_DCSS_ISTR_LAV_PEN_2_TV_3(1.0),A,082048,RESPOP_AV,T,Y15-24,TOTAL,ALL,5,ALL,ALL,2021,1845.57986094215,,,,,,,,ALL_N1,,,,,,,
IT1:DF_DCSS_ISTR_LAV_PEN_2_TV_3(1.0),A,082048,RESPOP_AV,T,Y15-24,TOTAL,ALL,5,ALL,ALL,2022,1853.80238153699,,,,,,,,ALL_N1,,,,,,,
IT1:DF_DCSS_ISTR_LAV_PEN_2_TV_3(1.0),A,082048,RESPOP_AV,T,Y15-24,TOTAL,ALL,5,ALL,ALL,2023,1739.314337416527,,,,,,,,ALL_N1,,,,,,,
IT1:DF_DCSS_ISTR_LAV_PEN_2_TV_3(1.0),A,082048,RESPOP_AV,T,Y15-24,TOTAL,ALL,5,ALL,ALL,2024,1831.6998281424528,,,,,,,,ALL_N1,,,,,,,
IT1:DF_DCSS_ISTR_LAV_PEN_2_TV_3(1.0),A,082048,RESPOP_AV,T,Y15-24,TOTAL,ALL,7,ALL,ALL,2018,450,,,,,,,,ALL_N1,,,,,,,
IT1:DF_DCSS_ISTR_LAV_PEN_2_TV_3(1.0),A,082048,RESPOP_AV,T,Y15-24,TOTAL,ALL,7,ALL,ALL,2019,309,,,,,,,,ALL_N1,,,,,,,
IT1:DF_DCSS_ISTR_LAV_PEN_2_TV_3(1.0),A,082048,RESPOP_AV,T,Y15-24,TOTAL,ALL,7,ALL,ALL,2021,336.717054572915,,,,,,,,ALL_N1,,,,,,,
IT1:DF_DCSS_ISTR_LAV_PEN_2_TV_3(1.0),A,082048,RESPOP_AV,T,Y15-24,TOTAL,ALL,7,ALL,ALL,2022,311.088042468218,,,,,,,,ALL_N1,,,,,,,
IT1:DF_DCSS_ISTR_LAV_PEN_2_TV_3(1.0),A,082048,RESPOP_AV,T,Y15-24,TOTAL,ALL,7,ALL,ALL,2023,364.3017966581789,,,,,,,,ALL_N1,,,,,,,
IT1:DF_DCSS_ISTR_LAV_PEN_2_TV_3(1.0),A,082048,RESPOP_AV,T,Y15-24,TOTAL,ALL,7,ALL,ALL,2024,379.553760711736,,,,,,,,ALL_N1,,,,,,,
IT1:DF_DCSS_ISTR_LAV_PEN_2_TV_3(1.0),A,082048,RESPOP_AV,T,Y15-24,TOTAL,ALL,99,ALL,ALL,2018,3368,,,,,,,,ALL_N1,99_N1,,,,,,
IT1:DF_DCSS_ISTR_LAV_PEN_2_TV_3(1.0),A,082048,RESPOP_AV,T,Y15-24,TOTAL,ALL,99,ALL,ALL,2019,3334,,,,,,,,ALL_N1,99_N1,,,,,,
IT1:DF_DCSS_ISTR_LAV_PEN_2_TV_3(1.0),A,082048,RESPOP_AV,T,Y15-24,TOTAL,ALL,99,ALL,ALL,2021,3226,,,,,,,,ALL_N1,99_N1,,,,,,
IT1:DF_DCSS_ISTR_LAV_PEN_2_TV_3(1.0),A,082048,RESPOP_AV,T,Y15-24,TOTAL,ALL,99,ALL,ALL,2022,3166,,,,,,,,ALL_N1,99_N1,,,,,,
IT1:DF_DCSS_ISTR_LAV_PEN_2_TV_3(1.0),A,082048,RESPOP_AV,T,Y15-24,TOTAL,ALL,99,ALL,ALL,2023,3170,,,,,,,,ALL_N1,99_N1,,,,,,
IT1:DF_DCSS_ISTR_LAV_PEN_2_TV_3(1.0),A,082048,RESPOP_AV,T,Y15-24,TOTAL,ALL,99,ALL,ALL,2024,3213.9999999999995,,,,,,,,ALL_N1,99_N1,,,,,,
IT1:DF_DCSS_ISTR_LAV_PEN_2_TV_3(1.0),A,082048,RESPOP_AV,T,Y25-49,TOTAL,ALL,1,ALL,ALL,2018,4384,,,,,,,,ALL_N1,,,,,,,
IT1:DF_DCSS_ISTR_LAV_PEN_2_TV_3(1.0),A,082048,RESPOP_AV,T,Y25-49,TOTAL,ALL,1,ALL,ALL,2019,4389,,,,,,,,ALL_N1,,,,,,,
IT1:DF_DCSS_ISTR_LAV_PEN_2_TV_3(1.0),A,082048,RESPOP_AV,T,Y25-49,TOTAL,ALL,1,ALL,ALL,2021,4654,,,,,,,,ALL_N1,,,,,,,
IT1:DF_DCSS_ISTR_LAV_PEN_2_TV_3(1.0),A,082048,RESPOP_AV,T,Y25-49,TOTAL,ALL,1,ALL,ALL,2022,4740,,,,,,,,ALL_N1,,,,,,,
IT1:DF_DCSS_ISTR_LAV_PEN_2_TV_3(1.0),A,082048,RESPOP_AV,T,Y25-49,TOTAL,ALL,1,ALL,ALL,2023,4892,,,,,,,,ALL_N1,,,,,,,
IT1:DF_DCSS_ISTR_LAV_PEN_2_TV_3(1.0),A,082048,RESPOP_AV,T,Y25-49,TOTAL,ALL,1,ALL,ALL,2024,5034,,,,,,,,ALL_N1,,,,,,,
IT1:DF_DCSS_ISTR_LAV_PEN_2_TV_3(1.0),A,082048,RESPOP_AV,T,Y25-49,TOTAL,ALL,12,ALL,ALL,2018,1930,,,,,,,,ALL_N1,,,,,,,
IT1:DF_DCSS_ISTR_LAV_PEN_2_TV_3(1.0),A,082048,RESPOP_AV,T,Y25-49,TOTAL,ALL,12,ALL,ALL,2019,1999,,,,,,,,ALL_N1,,,,,,,
IT1:DF_DCSS_ISTR_LAV_PEN_2_TV_3(1.0),A,082048,RESPOP_AV,T,Y25-49,TOTAL,ALL,12,ALL,ALL,2021,1140.89675592251,,,,,,,,ALL_N1,,,,,,,
IT1:DF_DCSS_ISTR_LAV_PEN_2_TV_3(1.0),A,082048,RESPOP_AV,T,Y25-49,TOTAL,ALL,12,ALL,ALL,2022,1101.10888354088,,,,,,,,ALL_N1,,,,,,,
IT1:DF_DCSS_ISTR_LAV_PEN_2_TV_3(1.0),A,082048,RESPOP_AV,T,Y25-49,TOTAL,ALL,12,ALL,ALL,2023,977.3075993038071,,,,,,,,ALL_N1,,,,,,,
IT1:DF_DCSS_ISTR_LAV_PEN_2_TV_3(1.0),A,082048,RESPOP_AV,T,Y25-49,TOTAL,ALL,12,ALL,ALL,2024,805.4704186614356,,,,,,,,ALL_N1,,,,,,,
IT1:DF_DCSS_ISTR_LAV_PEN_2_TV_3(1.0),A,082048,RESPOP_AV,T,Y25-49,TOTAL,ALL,22,ALL,ALL,2018,6314,,,,,,,,ALL_N1,,,,,,,
IT1:DF_DCSS_ISTR_LAV_PEN_2_TV_3(1.0),A,082048,RESPOP_AV,T,Y25-49,TOTAL,ALL,22,ALL,ALL,2019,6388,,,,,,,,ALL_N1,,,,,,,
IT1:DF_DCSS_ISTR_LAV_PEN_2_TV_3(1.0),A,082048,RESPOP_AV,T,Y25-49,TOTAL,ALL,22,ALL,ALL,2021,5794.89675592251,,,,,,,,ALL_N1,,,,,,,
IT1:DF_DCSS_ISTR_LAV_PEN_2_TV_3(1.0),A,082048,RESPOP_AV,T,Y25-49,TOTAL,ALL,22,ALL,ALL,2022,5841.10888354088,,,,,,,,ALL_N1,,,,,,,
IT1:DF_DCSS_ISTR_LAV_PEN_2_TV_3(1.0),A,082048,RESPOP_AV,T,Y25-49,TOTAL,ALL,22,ALL,ALL,2023,5869.307599303807,,,,,,,,ALL_N1,,,,,,,
IT1:DF_DCSS_ISTR_LAV_PEN_2_TV_3(1.0),A,082048,RESPOP_AV,T,Y25-49,TOTAL,ALL,22,ALL,ALL,2024,5839.470418661435,,,,,,,,ALL_N1,,,,,,,
IT1:DF_DCSS_ISTR_LAV_PEN_2_TV_3(1.0),A,082048,RESPOP_AV,T,Y25-49,TOTAL,ALL,23,ALL,ALL,2018,3632,,,,,,,,ALL_N1,,,,,,,
IT1:DF_DCSS_ISTR_LAV_PEN_2_TV_3(1.0),A,082048,RESPOP_AV,T,Y25-49,TOTAL,ALL,23,ALL,ALL,2019,3438,,,,,,,,ALL_N1,,,,,,,
IT1:DF_DCSS_ISTR_LAV_PEN_2_TV_3(1.0),A,082048,RESPOP_AV,T,Y25-49,TOTAL,ALL,23,ALL,ALL,2021,3810.10324407749,,,,,,,,ALL_N1,,,,,,,
IT1:DF_DCSS_ISTR_LAV_PEN_2_TV_3(1.0),A,082048,RESPOP_AV,T,Y25-49,TOTAL,ALL,23,ALL,ALL,2022,3602.89111645912,,,,,,,,ALL_N1,,,,,,,
IT1:DF_DCSS_ISTR_LAV_PEN_2_TV_3(1.0),A,082048,RESPOP_AV,T,Y25-49,TOTAL,ALL,23,ALL,ALL,2023,3473.692400696192,,,,,,,,ALL_N1,,,,,,,
IT1:DF_DCSS_ISTR_LAV_PEN_2_TV_3(1.0),A,082048,RESPOP_AV,T,Y25-49,TOTAL,ALL,23,ALL,ALL,2024,3396.529581338564,,,,,,,,ALL_N1,,,,,,,
IT1:DF_DCSS_ISTR_LAV_PEN_2_TV_3(1.0),A,082048,RESPOP_AV,T,Y25-49,TOTAL,ALL,24,ALL,ALL,2018,73,,,,,,,,ALL_N1,,,,,,,
IT1:DF_DCSS_ISTR_LAV_PEN_2_TV_3(1.0),A,082048,RESPOP_AV,T,Y25-49,TOTAL,ALL,24,ALL,ALL,2019,94,,,,,,,,ALL_N1,,,,,,,
IT1:DF_DCSS_ISTR_LAV_PEN_2_TV_3(1.0),A,082048,RESPOP_AV,T,Y25-49,TOTAL,ALL,24,ALL,ALL,2021,82.2155939220063,,,,,,,,ALL_N1,,,,,,,
IT1:DF_DCSS_ISTR_LAV_PEN_2_TV_3(1.0),A,082048,RESPOP_AV,T,Y25-49,TOTAL,ALL,24,ALL,ALL,2022,65.2115491081419,,,,,,,,ALL_N1,,,,,,,
IT1:DF_DCSS_ISTR_LAV_PEN_2_TV_3(1.0),A,082048,RESPOP_AV,T,Y25-49,TOTAL,ALL,24,ALL,ALL,2023,56.82870193363179,,,,,,,,ALL_N1,,,,,,,
IT1:DF_DCSS_ISTR_LAV_PEN_2_TV_3(1.0),A,082048,RESPOP_AV,T,Y25-49,TOTAL,ALL,24,ALL,ALL,2024,79.25520912325942,,,,,,,,ALL_N1,,,,,,,
IT1:DF_DCSS_ISTR_LAV_PEN_2_TV_3(1.0),A,082048,RESPOP_AV,T,Y25-49,TOTAL,ALL,4,ALL,ALL,2018,2377,,,,,,,,ALL_N1,,,,,,,
IT1:DF_DCSS_ISTR_LAV_PEN_2_TV_3(1.0),A,082048,RESPOP_AV,T,Y25-49,TOTAL,ALL,4,ALL,ALL,2019,2316,,,,,,,,ALL_N1,,,,,,,
IT1:DF_DCSS_ISTR_LAV_PEN_2_TV_3(1.0),A,082048,RESPOP_AV,T,Y25-49,TOTAL,ALL,4,ALL,ALL,2021,2472.35239837219,,,,,,,,ALL_N1,,,,,,,
IT1:DF_DCSS_ISTR_LAV_PEN_2_TV_3(1.0),A,082048,RESPOP_AV,T,Y25-49,TOTAL,ALL,4,ALL,ALL,2022,2301.59339635827,,,,,,,,ALL_N1,,,,,,,
IT1:DF_DCSS_ISTR_LAV_PEN_2_TV_3(1.0),A,082048,RESPOP_AV,T,Y25-49,TOTAL,ALL,4,ALL,ALL,2023,2291.617890132279,,,,,,,,ALL_N1,,,,,,,
IT1:DF_DCSS_ISTR_LAV_PEN_2_TV_3(1.0),A,082048,RESPOP_AV,T,Y25-49,TOTAL,ALL,4,ALL,ALL,2024,2142.3194849939523,,,,,,,,ALL_N1,,,,,,,
IT1:DF_DCSS_ISTR_LAV_PEN_2_TV_3(1.0),A,082048,RESPOP_AV,T,Y25-49,TOTAL,ALL,5,ALL,ALL,2018,212,,,,,,,,ALL_N1,,,,,,,
IT1:DF_DCSS_ISTR_LAV_PEN_2_TV_3(1.0),A,082048,RESPOP_AV,T,Y25-49,TOTAL,ALL,5,ALL,ALL,2019,232,,,,,,,,ALL_N1,,,,,,,
IT1:DF_DCSS_ISTR_LAV_PEN_2_TV_3(1.0),A,082048,RESPOP_AV,T,Y25-49,TOTAL,ALL,5,ALL,ALL,2021,248.10444171852,,,,,,,,ALL_N1,,,,,,,
IT1:DF_DCSS_ISTR_LAV_PEN_2_TV_3(1.0),A,082048,RESPOP_AV,T,Y25-49,TOTAL,ALL,5,ALL,ALL,2022,266.318271824333,,,,,,,,ALL_N1,,,,,,,
IT1:DF_DCSS_ISTR_LAV_PEN_2_TV_3(1.0),A,082048,RESPOP_AV,T,Y25-49,TOTAL,ALL,5,ALL,ALL,2023,190.4711780433038,,,,,,,,ALL_N1,,,,,,,
IT1:DF_DCSS_ISTR_LAV_PEN_2_TV_3(1.0),A,082048,RESPOP_AV,T,Y25-49,TOTAL,ALL,5,ALL,ALL,2024,222.08719726287902,,,,,,,,ALL_N1,,,,,,,
IT1:DF_DCSS_ISTR_LAV_PEN_2_TV_3(1.0),A,082048,RESPOP_AV,T,Y25-49,TOTAL,ALL,7,ALL,ALL,2018,970,,,,,,,,ALL_N1,,,,,,,
IT1:DF_DCSS_ISTR_LAV_PEN_2_TV_3(1.0),A,082048,RESPOP_AV,T,Y25-49,TOTAL,ALL,7,ALL,ALL,2019,796,,,,,,,,ALL_N1,,,,,,,
IT1:DF_DCSS_ISTR_LAV_PEN_2_TV_3(1.0),A,082048,RESPOP_AV,T,Y25-49,TOTAL,ALL,7,ALL,ALL,2021,1007.43081006477,,,,,,,,ALL_N1,,,,,,,
IT1:DF_DCSS_ISTR_LAV_PEN_2_TV_3(1.0),A,082048,RESPOP_AV,T,Y25-49,TOTAL,ALL,7,ALL,ALL,2022,969.767899168377,,,,,,,,ALL_N1,,,,,,,
IT1:DF_DCSS_ISTR_LAV_PEN_2_TV_3(1.0),A,082048,RESPOP_AV,T,Y25-49,TOTAL,ALL,7,ALL,ALL,2023,934.774630586977,,,,,,,,ALL_N1,,,,,,,
IT1:DF_DCSS_ISTR_LAV_PEN_2_TV_3(1.0),A,082048,RESPOP_AV,T,Y25-49,TOTAL,ALL,7,ALL,ALL,2024,952.8676899584733,,,,,,,,ALL_N1,,,,,,,
IT1:DF_DCSS_ISTR_LAV_PEN_2_TV_3(1.0),A,082048,RESPOP_AV,T,Y25-49,TOTAL,ALL,99,ALL,ALL,2018,9946,,,,,,,,ALL_N1,99_N1,,,,,,
IT1:DF_DCSS_ISTR_LAV_PEN_2_TV_3(1.0),A,082048,RESPOP_AV,T,Y25-49,TOTAL,ALL,99,ALL,ALL,2019,9826,,,,,,,,ALL_N1,99_N1,,,,,,
IT1:DF_DCSS_ISTR_LAV_PEN_2_TV_3(1.0),A,082048,RESPOP_AV,T,Y25-49,TOTAL,ALL,99,ALL,ALL,2020,9616,,,,,,,,ALL_N1,99_N1,,,,,,
IT1:DF_DCSS_ISTR_LAV_PEN_2_TV_3(1.0),A,082048,RESPOP_AV,T,Y25-49,TOTAL,ALL,99,ALL,ALL,2021,9605,,,,,,,,ALL_N1,99_N1,,,,,,
IT1:DF_DCSS_ISTR_LAV_PEN_2_TV_3(1.0),A,082048,RESPOP_AV,T,Y25-49,TOTAL,ALL,99,ALL,ALL,2022,9444,,,,,,,,ALL_N1,99_N1,,,,,,
IT1:DF_DCSS_ISTR_LAV_PEN_2_TV_3(1.0),A,082048,RESPOP_AV,T,Y25-49,TOTAL,ALL,99,ALL,ALL,2023,9343,,,,,,,,ALL_N1,99_N1,,,,,,
IT1:DF_DCSS_ISTR_LAV_PEN_2_TV_3(1.0),A,082048,RESPOP_AV,T,Y25-49,TOTAL,ALL,99,ALL,ALL,2024,9236,,,,,,,,ALL_N1,99_N1,,,,,,
IT1:DF_DCSS_ISTR_LAV_PEN_2_TV_3(1.0),A,082048,RESPOP_AV,T,Y50-64,TOTAL,ALL,1,ALL,ALL,2018,2328,,,,,,,,ALL_N1,,,,,,,
IT1:DF_DCSS_ISTR_LAV_PEN_2_TV_3(1.0),A,082048,RESPOP_AV,T,Y50-64,TOTAL,ALL,1,ALL,ALL,2019,2397,,,,,,,,ALL_N1,,,,,,,
IT1:DF_DCSS_ISTR_LAV_PEN_2_TV_3(1.0),A,082048,RESPOP_AV,T,Y50-64,TOTAL,ALL,1,ALL,ALL,2021,2605,,,,,,,,ALL_N1,,,,,,,
IT1:DF_DCSS_ISTR_LAV_PEN_2_TV_3(1.0),A,082048,RESPOP_AV,T,Y50-64,TOTAL,ALL,1,ALL,ALL,2022,2622,,,,,,,,ALL_N1,,,,,,,
IT1:DF_DCSS_ISTR_LAV_PEN_2_TV_3(1.0),A,082048,RESPOP_AV,T,Y50-64,TOTAL,ALL,1,ALL,ALL,2023,2761,,,,,,,,ALL_N1,,,,,,,
IT1:DF_DCSS_ISTR_LAV_PEN_2_TV_3(1.0),A,082048,RESPOP_AV,T,Y50-64,TOTAL,ALL,1,ALL,ALL,2024,2892,,,,,,,,ALL_N1,,,,,,,
IT1:DF_DCSS_ISTR_LAV_PEN_2_TV_3(1.0),A,082048,RESPOP_AV,T,Y50-64,TOTAL,ALL,12,ALL,ALL,2018,604,,,,,,,,ALL_N1,,,,,,,
IT1:DF_DCSS_ISTR_LAV_PEN_2_TV_3(1.0),A,082048,RESPOP_AV,T,Y50-64,TOTAL,ALL,12,ALL,ALL,2019,685,,,,,,,,ALL_N1,,,,,,,
IT1:DF_DCSS_ISTR_LAV_PEN_2_TV_3(1.0),A,082048,RESPOP_AV,T,Y50-64,TOTAL,ALL,12,ALL,ALL,2021,395.403792362039,,,,,,,,ALL_N1,,,,,,,
IT1:DF_DCSS_ISTR_LAV_PEN_2_TV_3(1.0),A,082048,RESPOP_AV,T,Y50-64,TOTAL,ALL,12,ALL,ALL,2022,394.825905702278,,,,,,,,ALL_N1,,,,,,,
IT1:DF_DCSS_ISTR_LAV_PEN_2_TV_3(1.0),A,082048,RESPOP_AV,T,Y50-64,TOTAL,ALL,12,ALL,ALL,2023,409.45739899438223,,,,,,,,ALL_N1,,,,,,,
IT1:DF_DCSS_ISTR_LAV_PEN_2_TV_3(1.0),A,082048,RESPOP_AV,T,Y50-64,TOTAL,ALL,12,ALL,ALL,2024,354.9116971071527,,,,,,,,ALL_N1,,,,,,,
IT1:DF_DCSS_ISTR_LAV_PEN_2_TV_3(1.0),A,082048,RESPOP_AV,T,Y50-64,TOTAL,ALL,22,ALL,ALL,2018,2932,,,,,,,,ALL_N1,,,,,,,
IT1:DF_DCSS_ISTR_LAV_PEN_2_TV_3(1.0),A,082048,RESPOP_AV,T,Y50-64,TOTAL,ALL,22,ALL,ALL,2019,3082,,,,,,,,ALL_N1,,,,,,,
IT1:DF_DCSS_ISTR_LAV_PEN_2_TV_3(1.0),A,082048,RESPOP_AV,T,Y50-64,TOTAL,ALL,22,ALL,ALL,2021,3000.40379236204,,,,,,,,ALL_N1,,,,,,,
IT1:DF_DCSS_ISTR_LAV_PEN_2_TV_3(1.0),A,082048,RESPOP_AV,T,Y50-64,TOTAL,ALL,22,ALL,ALL,2022,3016.82590570228,,,,,,,,ALL_N1,,,,,,,
IT1:DF_DCSS_ISTR_LAV_PEN_2_TV_3(1.0),A,082048,RESPOP_AV,T,Y50-64,TOTAL,ALL,22,ALL,ALL,2023,3170.4573989943824,,,,,,,,ALL_N1,,,,,,,
IT1:DF_DCSS_ISTR_LAV_PEN_2_TV_3(1.0),A,082048,RESPOP_AV,T,Y50-64,TOTAL,ALL,22,ALL,ALL,2024,3246.9116971071526,,,,,,,,ALL_N1,,,,,,,
IT1:DF_DCSS_ISTR_LAV_PEN_2_TV_3(1.0),A,082048,RESPOP_AV,T,Y50-64,TOTAL,ALL,23,ALL,ALL,2018,2679,,,,,,,,ALL_N1,,,,,,,
IT1:DF_DCSS_ISTR_LAV_PEN_2_TV_3(1.0),A,082048,RESPOP_AV,T,Y50-64,TOTAL,ALL,23,ALL,ALL,2019,2712,,,,,,,,ALL_N1,,,,,,,
IT1:DF_DCSS_ISTR_LAV_PEN_2_TV_3(1.0),A,082048,RESPOP_AV,T,Y50-64,TOTAL,ALL,23,ALL,ALL,2021,3093.59620763796,,,,,,,,ALL_N1,,,,,,,
IT1:DF_DCSS_ISTR_LAV_PEN_2_TV_3(1.0),A,082048,RESPOP_AV,T,Y50-64,TOTAL,ALL,23,ALL,ALL,2022,3179.17409429772,,,,,,,,ALL_N1,,,,,,,
IT1:DF_DCSS_ISTR_LAV_PEN_2_TV_3(1.0),A,082048,RESPOP_AV,T,Y50-64,TOTAL,ALL,23,ALL,ALL,2023,3122.542601005618,,,,,,,,ALL_N1,,,,,,,
IT1:DF_DCSS_ISTR_LAV_PEN_2_TV_3(1.0),A,082048,RESPOP_AV,T,Y50-64,TOTAL,ALL,23,ALL,ALL,2024,3122.0883028928474,,,,,,,,ALL_N1,,,,,,,
IT1:DF_DCSS_ISTR_LAV_PEN_2_TV_3(1.0),A,082048,RESPOP_AV,T,Y50-64,TOTAL,ALL,24,ALL,ALL,2018,312,,,,,,,,ALL_N1,,,,,,,
IT1:DF_DCSS_ISTR_LAV_PEN_2_TV_3(1.0),A,082048,RESPOP_AV,T,Y50-64,TOTAL,ALL,24,ALL,ALL,2019,359,,,,,,,,ALL_N1,,,,,,,
IT1:DF_DCSS_ISTR_LAV_PEN_2_TV_3(1.0),A,082048,RESPOP_AV,T,Y50-64,TOTAL,ALL,24,ALL,ALL,2021,351.767546873025,,,,,,,,ALL_N1,,,,,,,
IT1:DF_DCSS_ISTR_LAV_PEN_2_TV_3(1.0),A,082048,RESPOP_AV,T,Y50-64,TOTAL,ALL,24,ALL,ALL,2022,284.61025804746,,,,,,,,ALL_N1,,,,,,,
IT1:DF_DCSS_ISTR_LAV_PEN_2_TV_3(1.0),A,082048,RESPOP_AV,T,Y50-64,TOTAL,ALL,24,ALL,ALL,2023,244.51043613591648,,,,,,,,ALL_N1,,,,,,,
IT1:DF_DCSS_ISTR_LAV_PEN_2_TV_3(1.0),A,082048,RESPOP_AV,T,Y50-64,TOTAL,ALL,24,ALL,ALL,2024,267.47842989020427,,,,,,,,ALL_N1,,,,,,,
IT1:DF_DCSS_ISTR_LAV_PEN_2_TV_3(1.0),A,082048,RESPOP_AV,T,Y50-64,TOTAL,ALL,4,ALL,ALL,2018,1772,,,,,,,,ALL_N1,,,,,,,
IT1:DF_DCSS_ISTR_LAV_PEN_2_TV_3(1.0),A,082048,RESPOP_AV,T,Y50-64,TOTAL,ALL,4,ALL,ALL,2019,1845,,,,,,,,ALL_N1,,,,,,,
IT1:DF_DCSS_ISTR_LAV_PEN_2_TV_3(1.0),A,082048,RESPOP_AV,T,Y50-64,TOTAL,ALL,4,ALL,ALL,2021,2043.33250000858,,,,,,,,ALL_N1,,,,,,,
IT1:DF_DCSS_ISTR_LAV_PEN_2_TV_3(1.0),A,082048,RESPOP_AV,T,Y50-64,TOTAL,ALL,4,ALL,ALL,2022,2081.31987796535,,,,,,,,ALL_N1,,,,,,,
IT1:DF_DCSS_ISTR_LAV_PEN_2_TV_3(1.0),A,082048,RESPOP_AV,T,Y50-64,TOTAL,ALL,4,ALL,ALL,2023,2074.728751152013,,,,,,,,ALL_N1,,,,,,,
IT1:DF_DCSS_ISTR_LAV_PEN_2_TV_3(1.0),A,082048,RESPOP_AV,T,Y50-64,TOTAL,ALL,4,ALL,ALL,2024,2051.597525710876,,,,,,,,ALL_N1,,,,,,,
IT1:DF_DCSS_ISTR_LAV_PEN_2_TV_3(1.0),A,082048,RESPOP_AV,T,Y50-64,TOTAL,ALL,5,ALL,ALL,2018,2,,,,,,,,ALL_N1,,,,,,,
IT1:DF_DCSS_ISTR_LAV_PEN_2_TV_3(1.0),A,082048,RESPOP_AV,T,Y50-64,TOTAL,ALL,5,ALL,ALL,2019,2,,,,,,,,ALL_N1,,,,,,,
IT1:DF_DCSS_ISTR_LAV_PEN_2_TV_3(1.0),A,082048,RESPOP_AV,T,Y50-64,TOTAL,ALL,5,ALL,ALL,2021,4.42310564089688,,,,,,,,ALL_N1,,,,,,,
IT1:DF_DCSS_ISTR_LAV_PEN_2_TV_3(1.0),A,082048,RESPOP_AV,T,Y50-64,TOTAL,ALL,5,ALL,ALL,2022,7.00636884372203,,,,,,,,ALL_N1,,,,,,,
IT1:DF_DCSS_ISTR_LAV_PEN_2_TV_3(1.0),A,082048,RESPOP_AV,T,Y50-64,TOTAL,ALL,5,ALL,ALL,2023,5.457726921336798,,,,,,,,ALL_N1,,,,,,,
IT1:DF_DCSS_ISTR_LAV_PEN_2_TV_3(1.0),A,082048,RESPOP_AV,T,Y50-64,TOTAL,ALL,5,ALL,ALL,2024,10.26655921325278,,,,,,,,ALL_N1,,,,,,,
IT1:DF_DCSS_ISTR_LAV_PEN_2_TV_3(1.0),A,082048,RESPOP_AV,T,Y50-64,TOTAL,ALL,7,ALL,ALL,2018,593,,,,,,,,ALL_N1,,,,,,,
IT1:DF_DCSS_ISTR_LAV_PEN_2_TV_3(1.0),A,082048,RESPOP_AV,T,Y50-64,TOTAL,ALL,7,ALL,ALL,2019,506,,,,,,,,ALL_N1,,,,,,,
IT1:DF_DCSS_ISTR_LAV_PEN_2_TV_3(1.0),A,082048,RESPOP_AV,T,Y50-64,TOTAL,ALL,7,ALL,ALL,2021,694.073055115456,,,,,,,,ALL_N1,,,,,,,
IT1:DF_DCSS_ISTR_LAV_PEN_2_TV_3(1.0),A,082048,RESPOP_AV,T,Y50-64,TOTAL,ALL,7,ALL,ALL,2022,806.23758944119,,,,,,,,ALL_N1,,,,,,,
IT1:DF_DCSS_ISTR_LAV_PEN_2_TV_3(1.0),A,082048,RESPOP_AV,T,Y50-64,TOTAL,ALL,7,ALL,ALL,2023,797.8456867963517,,,,,,,,ALL_N1,,,,,,,
IT1:DF_DCSS_ISTR_LAV_PEN_2_TV_3(1.0),A,082048,RESPOP_AV,T,Y50-64,TOTAL,ALL,7,ALL,ALL,2024,792.7457880785142,,,,,,,,ALL_N1,,,,,,,
IT1:DF_DCSS_ISTR_LAV_PEN_2_TV_3(1.0),A,082048,RESPOP_AV,T,Y50-64,TOTAL,ALL,99,ALL,ALL,2018,5611,,,,,,,,ALL_N1,99_N1,,,,,,
IT1:DF_DCSS_ISTR_LAV_PEN_2_TV_3(1.0),A,082048,RESPOP_AV,T,Y50-64,TOTAL,ALL,99,ALL,ALL,2019,5794,,,,,,,,ALL_N1,99_N1,,,,,,
IT1:DF_DCSS_ISTR_LAV_PEN_2_TV_3(1.0),A,082048,RESPOP_AV,T,Y50-64,TOTAL,ALL,99,ALL,ALL,2020,5897,,,,,,,,ALL_N1,99_N1,,,,,,
IT1:DF_DCSS_ISTR_LAV_PEN_2_TV_3(1.0),A,082048,RESPOP_AV,T,Y50-64,TOTAL,ALL,99,ALL,ALL,2021,6094,,,,,,,,ALL_N1,99_N1,,,,,,
IT1:DF_DCSS_ISTR_LAV_PEN_2_TV_3(1.0),A,082048,RESPOP_AV,T,Y50-64,TOTAL,ALL,99,ALL,ALL,2022,6196,,,,,,,,ALL_N1,99_N1,,,,,,
IT1:DF_DCSS_ISTR_LAV_PEN_2_TV_3(1.0),A,082048,RESPOP_AV,T,Y50-64,TOTAL,ALL,99,ALL,ALL,2023,6293,,,,,,,,ALL_N1,99_N1,,,,,,
IT1:DF_DCSS_ISTR_LAV_PEN_2_TV_3(1.0),A,082048,RESPOP_AV,T,Y50-64,TOTAL,ALL,99,ALL,ALL,2024,6369,,,,,,,,ALL_N1,99_N1,,,,,,
IT1:DF_DCSS_ISTR_LAV_PEN_2_TV_3(1.0),A,082067,RESPOP_AV,F,Y_GE15,TOTAL,ALL,1,ALL,ALL,2018,969,,,,,,,,ALL_N1,,,,,,,
IT1:DF_DCSS_ISTR_LAV_PEN_2_TV_3(1.0),A,082067,RESPOP_AV,F,Y_GE15,TOTAL,ALL,1,ALL,ALL,2019,991,,,,,,,,ALL_N1,,,,,,,
IT1:DF_DCSS_ISTR_LAV_PEN_2_TV_3(1.0),A,082067,RESPOP_AV,F,Y_GE15,TOTAL,ALL,1,ALL,ALL,2021,1078,,,,,,,,ALL_N1,,,,,,,
IT1:DF_DCSS_ISTR_LAV_PEN_2_TV_3(1.0),A,082067,RESPOP_AV,F,Y_GE15,TOTAL,ALL,1,ALL,ALL,2022,1104,,,,,,,,ALL_N1,,,,,,,
IT1:DF_DCSS_ISTR_LAV_PEN_2_TV_3(1.0),A,082067,RESPOP_AV,F,Y_GE15,TOTAL,ALL,1,ALL,ALL,2023,1176,,,,,,,,ALL_N1,,,,,,,
IT1:DF_DCSS_ISTR_LAV_PEN_2_TV_3(1.0),A,082067,RESPOP_AV,F,Y_GE15,TOTAL,ALL,1,ALL,ALL,2024,1264,,,,,,,,ALL_N1,,,,,,,
IT1:DF_DCSS_ISTR_LAV_PEN_2_TV_3(1.0),A,082067,RESPOP_AV,F,Y_GE15,TOTAL,ALL,12,ALL,ALL,2018,479,,,,,,,,ALL_N1,,,,,,,
IT1:DF_DCSS_ISTR_LAV_PEN_2_TV_3(1.0),A,082067,RESPOP_AV,F,Y_GE15,TOTAL,ALL,12,ALL,ALL,2019,501,,,,,,,,ALL_N1,,,,,,,
IT1:DF_DCSS_ISTR_LAV_PEN_2_TV_3(1.0),A,082067,RESPOP_AV,F,Y_GE15,TOTAL,ALL,12,ALL,ALL,2021,267.982915282987,,,,,,,,ALL_N1,,,,,,,
IT1:DF_DCSS_ISTR_LAV_PEN_2_TV_3(1.0),A,082067,RESPOP_AV,F,Y_GE15,TOTAL,ALL,12,ALL,ALL,2022,255.752293282532,,,,,,,,ALL_N1,,,,,,,
IT1:DF_DCSS_ISTR_LAV_PEN_2_TV_3(1.0),A,082067,RESPOP_AV,F,Y_GE15,TOTAL,ALL,12,ALL,ALL,2023,267.34906057336525,,,,,,,,ALL_N1,,,,,,,
IT1:DF_DCSS_ISTR_LAV_PEN_2_TV_3(1.0),A,082067,RESPOP_AV,F,Y_GE15,TOTAL,ALL,12,ALL,ALL,2024,189.20473109918345,,,,,,,,ALL_N1,,,,,,,
IT1:DF_DCSS_ISTR_LAV_PEN_2_TV_3(1.0),A,082067,RESPOP_AV,F,Y_GE15,TOTAL,ALL,22,ALL,ALL,2018,1448,,,,,,,,ALL_N1,,,,,,,
IT1:DF_DCSS_ISTR_LAV_PEN_2_TV_3(1.0),A,082067,RESPOP_AV,F,Y_GE15,TOTAL,ALL,22,ALL,ALL,2019,1492,,,,,,,,ALL_N1,,,,,,,
IT1:DF_DCSS_ISTR_LAV_PEN_2_TV_3(1.0),A,082067,RESPOP_AV,F,Y_GE15,TOTAL,ALL,22,ALL,ALL,2021,1345.98291528299,,,,,,,,ALL_N1,,,,,,,
IT1:DF_DCSS_ISTR_LAV_PEN_2_TV_3(1.0),A,082067,RESPOP_AV,F,Y_GE15,TOTAL,ALL,22,ALL,ALL,2022,1359.75229328253,,,,,,,,ALL_N1,,,,,,,
IT1:DF_DCSS_ISTR_LAV_PEN_2_TV_3(1.0),A,082067,RESPOP_AV,F,Y_GE15,TOTAL,ALL,22,ALL,ALL,2023,1443.3490605733653,,,,,,,,ALL_N1,,,,,,,
IT1:DF_DCSS_ISTR_LAV_PEN_2_TV_3(1.0),A,082067,RESPOP_AV,F,Y_GE15,TOTAL,ALL,22,ALL,ALL,2024,1453.2047310991834,,,,,,,,ALL_N1,,,,,,,
IT1:DF_DCSS_ISTR_LAV_PEN_2_TV_3(1.0),A,082067,RESPOP_AV,F,Y_GE15,TOTAL,ALL,23,ALL,ALL,2018,3384,,,,,,,,ALL_N1,,,,,,,
IT1:DF_DCSS_ISTR_LAV_PEN_2_TV_3(1.0),A,082067,RESPOP_AV,F,Y_GE15,TOTAL,ALL,23,ALL,ALL,2019,3359,,,,,,,,ALL_N1,,,,,,,
IT1:DF_DCSS_ISTR_LAV_PEN_2_TV_3(1.0),A,082067,RESPOP_AV,F,Y_GE15,TOTAL,ALL,23,ALL,ALL,2021,3524.01708471701,,,,,,,,ALL_N1,,,,,,,
IT1:DF_DCSS_ISTR_LAV_PEN_2_TV_3(1.0),A,082067,RESPOP_AV,F,Y_GE15,TOTAL,ALL,23,ALL,ALL,2022,3535.24770671747,,,,,,,,ALL_N1,,,,,,,
IT1:DF_DCSS_ISTR_LAV_PEN_2_TV_3(1.0),A,082067,RESPOP_AV,F,Y_GE15,TOTAL,ALL,23,ALL,ALL,2023,3470.6509394266354,,,,,,,,ALL_N1,,,,,,,
IT1:DF_DCSS_ISTR_LAV_PEN_2_TV_3(1.0),A,082067,RESPOP_AV,F,Y_GE15,TOTAL,ALL,23,ALL,ALL,2024,3477.7952689008166,,,,,,,,ALL_N1,,,,,,,
IT1:DF_DCSS_ISTR_LAV_PEN_2_TV_3(1.0),A,082067,RESPOP_AV,F,Y_GE15,TOTAL,ALL,24,ALL,ALL,2018,614,,,,,,,,ALL_N1,,,,,,,
IT1:DF_DCSS_ISTR_LAV_PEN_2_TV_3(1.0),A,082067,RESPOP_AV,F,Y_GE15,TOTAL,ALL,24,ALL,ALL,2019,651,,,,,,,,ALL_N1,,,,,,,
IT1:DF_DCSS_ISTR_LAV_PEN_2_TV_3(1.0),A,082067,RESPOP_AV,F,Y_GE15,TOTAL,ALL,24,ALL,ALL,2021,668.358280131977,,,,,,,,ALL_N1,,,,,,,
IT1:DF_DCSS_ISTR_LAV_PEN_2_TV_3(1.0),A,082067,RESPOP_AV,F,Y_GE15,TOTAL,ALL,24,ALL,ALL,2022,623.007843686054,,,,,,,,ALL_N1,,,,,,,
IT1:DF_DCSS_ISTR_LAV_PEN_2_TV_3(1.0),A,082067,RESPOP_AV,F,Y_GE15,TOTAL,ALL,24,ALL,ALL,2023,570.0962063768504,,,,,,,,ALL_N1,,,,,,,
IT1:DF_DCSS_ISTR_LAV_PEN_2_TV_3(1.0),A,082067,RESPOP_AV,F,Y_GE15,TOTAL,ALL,24,ALL,ALL,2024,629.5924358918443,,,,,,,,ALL_N1,,,,,,,
IT1:DF_DCSS_ISTR_LAV_PEN_2_TV_3(1.0),A,082067,RESPOP_AV,F,Y_GE15,TOTAL,ALL,4,ALL,ALL,2018,1959,,,,,,,,ALL_N1,,,,,,,
IT1:DF_DCSS_ISTR_LAV_PEN_2_TV_3(1.0),A,082067,RESPOP_AV,F,Y_GE15,TOTAL,ALL,4,ALL,ALL,2019,1936,,,,,,,,ALL_N1,,,,,,,
IT1:DF_DCSS_ISTR_LAV_PEN_2_TV_3(1.0),A,082067,RESPOP_AV,F,Y_GE15,TOTAL,ALL,4,ALL,ALL,2021,2015.34891186592,,,,,,,,ALL_N1,,,,,,,
IT1:DF_DCSS_ISTR_LAV_PEN_2_TV_3(1.0),A,082067,RESPOP_AV,F,Y_GE15,TOTAL,ALL,4,ALL,ALL,2022,2001.41718707806,,,,,,,,ALL_N1,,,,,,,
IT1:DF_DCSS_ISTR_LAV_PEN_2_TV_3(1.0),A,082067,RESPOP_AV,F,Y_GE15,TOTAL,ALL,4,ALL,ALL,2023,1966.97598923333,,,,,,,,ALL_N1,,,,,,,
IT1:DF_DCSS_ISTR_LAV_PEN_2_TV_3(1.0),A,082067,RESPOP_AV,F,Y_GE15,TOTAL,ALL,4,ALL,ALL,2024,1924.873331134952,,,,,,,,ALL_N1,,,,,,,
IT1:DF_DCSS_ISTR_LAV_PEN_2_TV_3(1.0),A,082067,RESPOP_AV,F,Y_GE15,TOTAL,ALL,5,ALL,ALL,2018,383,,,,,,,,ALL_N1,,,,,,,
IT1:DF_DCSS_ISTR_LAV_PEN_2_TV_3(1.0),A,082067,RESPOP_AV,F,Y_GE15,TOTAL,ALL,5,ALL,ALL,2019,425,,,,,,,,ALL_N1,,,,,,,
IT1:DF_DCSS_ISTR_LAV_PEN_2_TV_3(1.0),A,082067,RESPOP_AV,F,Y_GE15,TOTAL,ALL,5,ALL,ALL,2021,448.608183436518,,,,,,,,ALL_N1,,,,,,,
IT1:DF_DCSS_ISTR_LAV_PEN_2_TV_3(1.0),A,082067,RESPOP_AV,F,Y_GE15,TOTAL,ALL,5,ALL,ALL,2022,459.653471347017,,,,,,,,ALL_N1,,,,,,,
IT1:DF_DCSS_ISTR_LAV_PEN_2_TV_3(1.0),A,082067,RESPOP_AV,F,Y_GE15,TOTAL,ALL,5,ALL,ALL,2023,434.83315257291554,,,,,,,,ALL_N1,,,,,,,
IT1:DF_DCSS_ISTR_LAV_PEN_2_TV_3(1.0),A,082067,RESPOP_AV,F,Y_GE15,TOTAL,ALL,5,ALL,ALL,2024,471.85804251436036,,,,,,,,ALL_N1,,,,,,,
IT1:DF_DCSS_ISTR_LAV_PEN_2_TV_3(1.0),A,082067,RESPOP_AV,F,Y_GE15,TOTAL,ALL,7,ALL,ALL,2018,428,,,,,,,,ALL_N1,,,,,,,
IT1:DF_DCSS_ISTR_LAV_PEN_2_TV_3(1.0),A,082067,RESPOP_AV,F,Y_GE15,TOTAL,ALL,7,ALL,ALL,2019,347,,,,,,,,ALL_N1,,,,,,,
IT1:DF_DCSS_ISTR_LAV_PEN_2_TV_3(1.0),A,082067,RESPOP_AV,F,Y_GE15,TOTAL,ALL,7,ALL,ALL,2021,391.701709282597,,,,,,,,ALL_N1,,,,,,,
IT1:DF_DCSS_ISTR_LAV_PEN_2_TV_3(1.0),A,082067,RESPOP_AV,F,Y_GE15,TOTAL,ALL,7,ALL,ALL,2022,451.16920460634,,,,,,,,ALL_N1,,,,,,,
IT1:DF_DCSS_ISTR_LAV_PEN_2_TV_3(1.0),A,082067,RESPOP_AV,F,Y_GE15,TOTAL,ALL,7,ALL,ALL,2023,498.7455912435393,,,,,,,,ALL_N1,,,,,,,
IT1:DF_DCSS_ISTR_LAV_PEN_2_TV_3(1.0),A,082067,RESPOP_AV,F,Y_GE15,TOTAL,ALL,7,ALL,ALL,2024,451.4714593596599,,,,,,,,ALL_N1,,,,,,,
IT1:DF_DCSS_ISTR_LAV_PEN_2_TV_3(1.0),A,082067,RESPOP_AV,F,Y_GE15,TOTAL,ALL,99,ALL,ALL,2018,4831,,,,,,,,ALL_N1,99_N1,,,,,,
IT1:DF_DCSS_ISTR_LAV_PEN_2_TV_3(1.0),A,082067,RESPOP_AV,F,Y_GE15,TOTAL,ALL,99,ALL,ALL,2019,4851,,,,,,,,ALL_N1,99_N1,,,,,,
IT1:DF_DCSS_ISTR_LAV_PEN_2_TV_3(1.0),A,082067,RESPOP_AV,F,Y_GE15,TOTAL,ALL,99,ALL,ALL,2021,4870,,,,,,,,ALL_N1,99_N1,,,,,,
IT1:DF_DCSS_ISTR_LAV_PEN_2_TV_3(1.0),A,082067,RESPOP_AV,F,Y_GE15,TOTAL,ALL,99,ALL,ALL,2022,4895,,,,,,,,ALL_N1,99_N1,,,,,,
IT1:DF_DCSS_ISTR_LAV_PEN_2_TV_3(1.0),A,082067,RESPOP_AV,F,Y_GE15,TOTAL,ALL,99,ALL,ALL,2023,4914.000000000001,,,,,,,,ALL_N1,99_N1,,,,,,
IT1:DF_DCSS_ISTR_LAV_PEN_2_TV_3(1.0),A,082067,RESPOP_AV,F,Y_GE15,TOTAL,ALL,99,ALL,ALL,2024,4931,,,,,,,,ALL_N1,99_N1,,,,,,
IT1:DF_DCSS_ISTR_LAV_PEN_2_TV_3(1.0),A,082067,RESPOP_AV,F,Y_GE65,TOTAL,ALL,1,ALL,ALL,2018,37,,,,,,,,ALL_N1,,,,,,,
IT1:DF_DCSS_ISTR_LAV_PEN_2_TV_3(1.0),A,082067,RESPOP_AV,F,Y_GE65,TOTAL,ALL,1,ALL,ALL,2019,46,,,,,,,,ALL_N1,,,,,,,
IT1:DF_DCSS_ISTR_LAV_PEN_2_TV_3(1.0),A,082067,RESPOP_AV,F,Y_GE65,TOTAL,ALL,1,ALL,ALL,2021,31,,,,,,,,ALL_N1,,,,,,,
IT1:DF_DCSS_ISTR_LAV_PEN_2_TV_3(1.0),A,082067,RESPOP_AV,F,Y_GE65,TOTAL,ALL,1,ALL,ALL,2022,35,,,,,,,,ALL_N1,,,,,,,
IT1:DF_DCSS_ISTR_LAV_PEN_2_TV_3(1.0),A,082067,RESPOP_AV,F,Y_GE65,TOTAL,ALL,1,ALL,ALL,2023,40,,,,,,,,ALL_N1,,,,,,,
IT1:DF_DCSS_ISTR_LAV_PEN_2_TV_3(1.0),A,082067,RESPOP_AV,F,Y_GE65,TOTAL,ALL,1,ALL,ALL,2024,39,,,,,,,,ALL_N1,,,,,,,
IT1:DF_DCSS_ISTR_LAV_PEN_2_TV_3(1.0),A,082067,RESPOP_AV,F,Y_GE65,TOTAL,ALL,12,ALL,ALL,2018,5,,,,,,,,ALL_N1,,,,,,,
IT1:DF_DCSS_ISTR_LAV_PEN_2_TV_3(1.0),A,082067,RESPOP_AV,F,Y_GE65,TOTAL,ALL,12,ALL,ALL,2019,6,,,,,,,,ALL_N1,,,,,,,
IT1:DF_DCSS_ISTR_LAV_PEN_2_TV_3(1.0),A,082067,RESPOP_AV,F,Y_GE65,TOTAL,ALL,12,ALL,ALL,2021,3.83121683047419,,,,,,,,ALL_N1,,,,,,,
IT1:DF_DCSS_ISTR_LAV_PEN_2_TV_3(1.0),A,082067,RESPOP_AV,F,Y_GE65,TOTAL,ALL,12,ALL,ALL,2022,2.221115221924,,,,,,,,ALL_N1,,,,,,,
IT1:DF_DCSS_ISTR_LAV_PEN_2_TV_3(1.0),A,082067,RESPOP_AV,F,Y_GE65,TOTAL,ALL,12,ALL,ALL,2023,3.4824124438606447,,,,,,,,ALL_N1,,,,,,,
IT1:DF_DCSS_ISTR_LAV_PEN_2_TV_3(1.0),A,082067,RESPOP_AV,F,Y_GE65,TOTAL,ALL,12,ALL,ALL,2024,2.534396284559662,,,,,,,,ALL_N1,,,,,,,
IT1:DF_DCSS_ISTR_LAV_PEN_2_TV_3(1.0),A,082067,RESPOP_AV,F,Y_GE65,TOTAL,ALL,22,ALL,ALL,2018,42,,,,,,,,ALL_N1,,,,,,,
IT1:DF_DCSS_ISTR_LAV_PEN_2_TV_3(1.0),A,082067,RESPOP_AV,F,Y_GE65,TOTAL,ALL,22,ALL,ALL,2019,52,,,,,,,,ALL_N1,,,,,,,
IT1:DF_DCSS_ISTR_LAV_PEN_2_TV_3(1.0),A,082067,RESPOP_AV,F,Y_GE65,TOTAL,ALL,22,ALL,ALL,2021,34.8312168304742,,,,,,,,ALL_N1,,,,,,,
IT1:DF_DCSS_ISTR_LAV_PEN_2_TV_3(1.0),A,082067,RESPOP_AV,F,Y_GE65,TOTAL,ALL,22,ALL,ALL,2022,37.221115221924,,,,,,,,ALL_N1,,,,,,,
IT1:DF_DCSS_ISTR_LAV_PEN_2_TV_3(1.0),A,082067,RESPOP_AV,F,Y_GE65,TOTAL,ALL,22,ALL,ALL,2023,43.482412443860646,,,,,,,,ALL_N1,,,,,,,
IT1:DF_DCSS_ISTR_LAV_PEN_2_TV_3(1.0),A,082067,RESPOP_AV,F,Y_GE65,TOTAL,ALL,22,ALL,ALL,2024,41.53439628455966,,,,,,,,ALL_N1,,,,,,,
IT1:DF_DCSS_ISTR_LAV_PEN_2_TV_3(1.0),A,082067,RESPOP_AV,F,Y_GE65,TOTAL,ALL,23,ALL,ALL,2018,1184,,,,,,,,ALL_N1,,,,,,,
IT1:DF_DCSS_ISTR_LAV_PEN_2_TV_3(1.0),A,082067,RESPOP_AV,F,Y_GE65,TOTAL,ALL,23,ALL,ALL,2019,1196,,,,,,,,ALL_N1,,,,,,,
IT1:DF_DCSS_ISTR_LAV_PEN_2_TV_3(1.0),A,082067,RESPOP_AV,F,Y_GE65,TOTAL,ALL,23,ALL,ALL,2021,1242.16878316953,,,,,,,,ALL_N1,,,,,,,
IT1:DF_DCSS_ISTR_LAV_PEN_2_TV_3(1.0),A,082067,RESPOP_AV,F,Y_GE65,TOTAL,ALL,23,ALL,ALL,2022,1268.77888477808,,,,,,,,ALL_N1,,,,,,,
IT1:DF_DCSS_ISTR_LAV_PEN_2_TV_3(1.0),A,082067,RESPOP_AV,F,Y_GE65,TOTAL,ALL,23,ALL,ALL,2023,1296.5175875561395,,,,,,,,ALL_N1,,,,,,,
IT1:DF_DCSS_ISTR_LAV_PEN_2_TV_3(1.0),A,082067,RESPOP_AV,F,Y_GE65,TOTAL,ALL,23,ALL,ALL,2024,1326.4656037154405,,,,,,,,ALL_N1,,,,,,,
IT1:DF_DCSS_ISTR_LAV_PEN_2_TV_3(1.0),A,082067,RESPOP_AV,F,Y_GE65,TOTAL,ALL,24,ALL,ALL,2018,567,,,,,,,,ALL_N1,,,,,,,
IT1:DF_DCSS_ISTR_LAV_PEN_2_TV_3(1.0),A,082067,RESPOP_AV,F,Y_GE65,TOTAL,ALL,24,ALL,ALL,2019,598,,,,,,,,ALL_N1,,,,,,,
IT1:DF_DCSS_ISTR_LAV_PEN_2_TV_3(1.0),A,082067,RESPOP_AV,F,Y_GE65,TOTAL,ALL,24,ALL,ALL,2021,613.078190679981,,,,,,,,ALL_N1,,,,,,,
IT1:DF_DCSS_ISTR_LAV_PEN_2_TV_3(1.0),A,082067,RESPOP_AV,F,Y_GE65,TOTAL,ALL,24,ALL,ALL,2022,583.074988730865,,,,,,,,ALL_N1,,,,,,,
IT1:DF_DCSS_ISTR_LAV_PEN_2_TV_3(1.0),A,082067,RESPOP_AV,F,Y_GE65,TOTAL,ALL,24,ALL,ALL,2023,536.500254109305,,,,,,,,ALL_N1,,,,,,,
IT1:DF_DCSS_ISTR_LAV_PEN_2_TV_3(1.0),A,082067,RESPOP_AV,F,Y_GE65,TOTAL,ALL,24,ALL,ALL,2024,594.7480718417778,,,,,,,,ALL_N1,,,,,,,
IT1:DF_DCSS_ISTR_LAV_PEN_2_TV_3(1.0),A,082067,RESPOP_AV,F,Y_GE65,TOTAL,ALL,4,ALL,ALL,2018,429,,,,,,,,ALL_N1,,,,,,,
IT1:DF_DCSS_ISTR_LAV_PEN_2_TV_3(1.0),A,082067,RESPOP_AV,F,Y_GE65,TOTAL,ALL,4,ALL,ALL,2019,440,,,,,,,,ALL_N1,,,,,,,
IT1:DF_DCSS_ISTR_LAV_PEN_2_TV_3(1.0),A,082067,RESPOP_AV,F,Y_GE65,TOTAL,ALL,4,ALL,ALL,2021,460.396138081263,,,,,,,,ALL_N1,,,,,,,
IT1:DF_DCSS_ISTR_LAV_PEN_2_TV_3(1.0),A,082067,RESPOP_AV,F,Y_GE65,TOTAL,ALL,4,ALL,ALL,2022,489.394752941232,,,,,,,,ALL_N1,,,,,,,
IT1:DF_DCSS_ISTR_LAV_PEN_2_TV_3(1.0),A,082067,RESPOP_AV,F,Y_GE65,TOTAL,ALL,4,ALL,ALL,2023,522.9501736330817,,,,,,,,ALL_N1,,,,,,,
IT1:DF_DCSS_ISTR_LAV_PEN_2_TV_3(1.0),A,082067,RESPOP_AV,F,Y_GE65,TOTAL,ALL,4,ALL,ALL,2024,523.9158633829251,,,,,,,,ALL_N1,,,,,,,
IT1:DF_DCSS_ISTR_LAV_PEN_2_TV_3(1.0),A,082067,RESPOP_AV,F,Y_GE65,TOTAL,ALL,5,ALL,ALL,2018,0,JTEST,,,,,,,ALL_N1,,,,,,,
IT1:DF_DCSS_ISTR_LAV_PEN_2_TV_3(1.0),A,082067,RESPOP_AV,F,Y_GE65,TOTAL,ALL,5,ALL,ALL,2019,0,JTEST,,,,,,,ALL_N1,,,,,,,
IT1:DF_DCSS_ISTR_LAV_PEN_2_TV_3(1.0),A,082067,RESPOP_AV,F,Y_GE65,TOTAL,ALL,5,ALL,ALL,2021,1.17449650365099E-05,,,,,,,,ALL_N1,,,,,,,
IT1:DF_DCSS_ISTR_LAV_PEN_2_TV_3(1.0),A,082067,RESPOP_AV,F,Y_GE65,TOTAL,ALL,5,ALL,ALL,2022,0.262446801116553,,,,,,,,ALL_N1,,,,,,,
IT1:DF_DCSS_ISTR_LAV_PEN_2_TV_3(1.0),A,082067,RESPOP_AV,F,Y_GE65,TOTAL,ALL,5,ALL,ALL,2023,0.42828543317329787,,,,,,,,ALL_N1,,,,,,,
IT1:DF_DCSS_ISTR_LAV_PEN_2_TV_3(1.0),A,082067,RESPOP_AV,F,Y_GE65,TOTAL,ALL,5,ALL,ALL,2024,0.19792329658433855,,,,,,,,ALL_N1,,,,,,,
IT1:DF_DCSS_ISTR_LAV_PEN_2_TV_3(1.0),A,082067,RESPOP_AV,F,Y_GE65,TOTAL,ALL,7,ALL,ALL,2018,188,,,,,,,,ALL_N1,,,,,,,
IT1:DF_DCSS_ISTR_LAV_PEN_2_TV_3(1.0),A,082067,RESPOP_AV,F,Y_GE65,TOTAL,ALL,7,ALL,ALL,2019,158,,,,,,,,ALL_N1,,,,,,,
IT1:DF_DCSS_ISTR_LAV_PEN_2_TV_3(1.0),A,082067,RESPOP_AV,F,Y_GE65,TOTAL,ALL,7,ALL,ALL,2021,168.694442663317,,,,,,,,ALL_N1,,,,,,,
IT1:DF_DCSS_ISTR_LAV_PEN_2_TV_3(1.0),A,082067,RESPOP_AV,F,Y_GE65,TOTAL,ALL,7,ALL,ALL,2022,196.046696304862,,,,,,,,ALL_N1,,,,,,,
IT1:DF_DCSS_ISTR_LAV_PEN_2_TV_3(1.0),A,082067,RESPOP_AV,F,Y_GE65,TOTAL,ALL,7,ALL,ALL,2023,236.63887438057935,,,,,,,,ALL_N1,,,,,,,
IT1:DF_DCSS_ISTR_LAV_PEN_2_TV_3(1.0),A,082067,RESPOP_AV,F,Y_GE65,TOTAL,ALL,7,ALL,ALL,2024,207.6037451941531,,,,,,,,ALL_N1,,,,,,,
IT1:DF_DCSS_ISTR_LAV_PEN_2_TV_3(1.0),A,082067,RESPOP_AV,F,Y_GE65,TOTAL,ALL,99,ALL,ALL,2018,1226,,,,,,,,ALL_N1,99_N1,,,,,,
IT1:DF_DCSS_ISTR_LAV_PEN_2_TV_3(1.0),A,082067,RESPOP_AV,F,Y_GE65,TOTAL,ALL,99,ALL,ALL,2019,1248,,,,,,,,ALL_N1,99_N1,,,,,,
IT1:DF_DCSS_ISTR_LAV_PEN_2_TV_3(1.0),A,082067,RESPOP_AV,F,Y_GE65,TOTAL,ALL,99,ALL,ALL,2020,1257,,,,,,,,ALL_N1,99_N1,,,,,,
IT1:DF_DCSS_ISTR_LAV_PEN_2_TV_3(1.0),A,082067,RESPOP_AV,F,Y_GE65,TOTAL,ALL,99,ALL,ALL,2021,1277,,,,,,,,ALL_N1,99_N1,,,,,,
IT1:DF_DCSS_ISTR_LAV_PEN_2_TV_3(1.0),A,082067,RESPOP_AV,F,Y_GE65,TOTAL,ALL,99,ALL,ALL,2022,1306,,,,,,,,ALL_N1,99_N1,,,,,,
IT1:DF_DCSS_ISTR_LAV_PEN_2_TV_3(1.0),A,082067,RESPOP_AV,F,Y_GE65,TOTAL,ALL,99,ALL,ALL,2023,1340,,,,,,,,ALL_N1,99_N1,,,,,,
IT1:DF_DCSS_ISTR_LAV_PEN_2_TV_3(1.0),A,082067,RESPOP_AV,F,Y_GE65,TOTAL,ALL,99,ALL,ALL,2024,1368,,,,,,,,ALL_N1,99_N1,,,,,,
IT1:DF_DCSS_ISTR_LAV_PEN_2_TV_3(1.0),A,082067,RESPOP_AV,F,Y15-24,TOTAL,ALL,1,ALL,ALL,2018,32,,,,,,,,ALL_N1,,,,,,,
IT1:DF_DCSS_ISTR_LAV_PEN_2_TV_3(1.0),A,082067,RESPOP_AV,F,Y15-24,TOTAL,ALL,1,ALL,ALL,2019,38,,,,,,,,ALL_N1,,,,,,,
IT1:DF_DCSS_ISTR_LAV_PEN_2_TV_3(1.0),A,082067,RESPOP_AV,F,Y15-24,TOTAL,ALL,1,ALL,ALL,2021,45,,,,,,,,ALL_N1,,,,,,,
IT1:DF_DCSS_ISTR_LAV_PEN_2_TV_3(1.0),A,082067,RESPOP_AV,F,Y15-24,TOTAL,ALL,1,ALL,ALL,2022,42,,,,,,,,ALL_N1,,,,,,,
IT1:DF_DCSS_ISTR_LAV_PEN_2_TV_3(1.0),A,082067,RESPOP_AV,F,Y15-24,TOTAL,ALL,1,ALL,ALL,2023,50,,,,,,,,ALL_N1,,,,,,,
IT1:DF_DCSS_ISTR_LAV_PEN_2_TV_3(1.0),A,082067,RESPOP_AV,F,Y15-24,TOTAL,ALL,1,ALL,ALL,2024,45,,,,,,,,ALL_N1,,,,,,,
IT1:DF_DCSS_ISTR_LAV_PEN_2_TV_3(1.0),A,082067,RESPOP_AV,F,Y15-24,TOTAL,ALL,12,ALL,ALL,2018,100,,,,,,,,ALL_N1,,,,,,,
IT1:DF_DCSS_ISTR_LAV_PEN_2_TV_3(1.0),A,082067,RESPOP_AV,F,Y15-24,TOTAL,ALL,12,ALL,ALL,2019,97,,,,,,,,ALL_N1,,,,,,,
IT1:DF_DCSS_ISTR_LAV_PEN_2_TV_3(1.0),A,082067,RESPOP_AV,F,Y15-24,TOTAL,ALL,12,ALL,ALL,2021,48.9137300345942,,,,,,,,ALL_N1,,,,,,,
IT1:DF_DCSS_ISTR_LAV_PEN_2_TV_3(1.0),A,082067,RESPOP_AV,F,Y15-24,TOTAL,ALL,12,ALL,ALL,2022,48.6884045815493,,,,,,,,ALL_N1,,,,,,,
IT1:DF_DCSS_ISTR_LAV_PEN_2_TV_3(1.0),A,082067,RESPOP_AV,F,Y15-24,TOTAL,ALL,12,ALL,ALL,2023,52.23547438200778,,,,,,,,ALL_N1,,,,,,,
IT1:DF_DCSS_ISTR_LAV_PEN_2_TV_3(1.0),A,082067,RESPOP_AV,F,Y15-24,TOTAL,ALL,12,ALL,ALL,2024,33.348630179485,,,,,,,,ALL_N1,,,,,,,
IT1:DF_DCSS_ISTR_LAV_PEN_2_TV_3(1.0),A,082067,RESPOP_AV,F,Y15-24,TOTAL,ALL,22,ALL,ALL,2018,132,,,,,,,,ALL_N1,,,,,,,
IT1:DF_DCSS_ISTR_LAV_PEN_2_TV_3(1.0),A,082067,RESPOP_AV,F,Y15-24,TOTAL,ALL,22,ALL,ALL,2019,135,,,,,,,,ALL_N1,,,,,,,
IT1:DF_DCSS_ISTR_LAV_PEN_2_TV_3(1.0),A,082067,RESPOP_AV,F,Y15-24,TOTAL,ALL,22,ALL,ALL,2021,93.9137300345942,,,,,,,,ALL_N1,,,,,,,
IT1:DF_DCSS_ISTR_LAV_PEN_2_TV_3(1.0),A,082067,RESPOP_AV,F,Y15-24,TOTAL,ALL,22,ALL,ALL,2022,90.6884045815493,,,,,,,,ALL_N1,,,,,,,
IT1:DF_DCSS_ISTR_LAV_PEN_2_TV_3(1.0),A,082067,RESPOP_AV,F,Y15-24,TOTAL,ALL,22,ALL,ALL,2023,102.23547438200778,,,,,,,,ALL_N1,,,,,,,
IT1:DF_DCSS_ISTR_LAV_PEN_2_TV_3(1.0),A,082067,RESPOP_AV,F,Y15-24,TOTAL,ALL,22,ALL,ALL,2024,78.348630179485,,,,,,,,ALL_N1,,,,,,,
IT1:DF_DCSS_ISTR_LAV_PEN_2_TV_3(1.0),A,082067,RESPOP_AV,F,Y15-24,TOTAL,ALL,23,ALL,ALL,2018,450,,,,,,,,ALL_N1,,,,,,,
IT1:DF_DCSS_ISTR_LAV_PEN_2_TV_3(1.0),A,082067,RESPOP_AV,F,Y15-24,TOTAL,ALL,23,ALL,ALL,2019,455,,,,,,,,ALL_N1,,,,,,,
IT1:DF_DCSS_ISTR_LAV_PEN_2_TV_3(1.0),A,082067,RESPOP_AV,F,Y15-24,TOTAL,ALL,23,ALL,ALL,2021,496.086269965406,,,,,,,,ALL_N1,,,,,,,
IT1:DF_DCSS_ISTR_LAV_PEN_2_TV_3(1.0),A,082067,RESPOP_AV,F,Y15-24,TOTAL,ALL,23,ALL,ALL,2022,495.311595418451,,,,,,,,ALL_N1,,,,,,,
IT1:DF_DCSS_ISTR_LAV_PEN_2_TV_3(1.0),A,082067,RESPOP_AV,F,Y15-24,TOTAL,ALL,23,ALL,ALL,2023,488.76452561799215,,,,,,,,ALL_N1,,,,,,,
IT1:DF_DCSS_ISTR_LAV_PEN_2_TV_3(1.0),A,082067,RESPOP_AV,F,Y15-24,TOTAL,ALL,23,ALL,ALL,2024,499.651369820515,,,,,,,,ALL_N1,,,,,,,
IT1:DF_DCSS_ISTR_LAV_PEN_2_TV_3(1.0),A,082067,RESPOP_AV,F,Y15-24,TOTAL,ALL,24,ALL,ALL,2018,1,,,,,,,,ALL_N1,,,,,,,
IT1:DF_DCSS_ISTR_LAV_PEN_2_TV_3(1.0),A,082067,RESPOP_AV,F,Y15-24,TOTAL,ALL,24,ALL,ALL,2019,1,,,,,,,,ALL_N1,,,,,,,
IT1:DF_DCSS_ISTR_LAV_PEN_2_TV_3(1.0),A,082067,RESPOP_AV,F,Y15-24,TOTAL,ALL,24,ALL,ALL,2021,1.31184105710631,,,,,,,,ALL_N1,,,,,,,
IT1:DF_DCSS_ISTR_LAV_PEN_2_TV_3(1.0),A,082067,RESPOP_AV,F,Y15-24,TOTAL,ALL,24,ALL,ALL,2022,0.45215840369527,,,,,,,,ALL_N1,,,,,,,
IT1:DF_DCSS_ISTR_LAV_PEN_2_TV_3(1.0),A,082067,RESPOP_AV,F,Y15-24,TOTAL,ALL,24,ALL,ALL,2023,0.3158764748015998,,,,,,,,ALL_N1,,,,,,,
IT1:DF_DCSS_ISTR_LAV_PEN_2_TV_3(1.0),A,082067,RESPOP_AV,F,Y15-24,TOTAL,ALL,24,ALL,ALL,2024,0.4607854953639657,,,,,,,,ALL_N1,,,,,,,
IT1:DF_DCSS_ISTR_LAV_PEN_2_TV_3(1.0),A,082067,RESPOP_AV,F,Y15-24,TOTAL,ALL,4,ALL,ALL,2018,79,,,,,,,,ALL_N1,,,,,,,
IT1:DF_DCSS_ISTR_LAV_PEN_2_TV_3(1.0),A,082067,RESPOP_AV,F,Y15-24,TOTAL,ALL,4,ALL,ALL,2019,71,,,,,,,,ALL_N1,,,,,,,
IT1:DF_DCSS_ISTR_LAV_PEN_2_TV_3(1.0),A,082067,RESPOP_AV,F,Y15-24,TOTAL,ALL,4,ALL,ALL,2021,82.2079135917062,,,,,,,,ALL_N1,,,,,,,
IT1:DF_DCSS_ISTR_LAV_PEN_2_TV_3(1.0),A,082067,RESPOP_AV,F,Y15-24,TOTAL,ALL,4,ALL,ALL,2022,69.3716292898118,,,,,,,,ALL_N1,,,,,,,
IT1:DF_DCSS_ISTR_LAV_PEN_2_TV_3(1.0),A,082067,RESPOP_AV,F,Y15-24,TOTAL,ALL,4,ALL,ALL,2023,74.51706804506406,,,,,,,,ALL_N1,,,,,,,
IT1:DF_DCSS_ISTR_LAV_PEN_2_TV_3(1.0),A,082067,RESPOP_AV,F,Y15-24,TOTAL,ALL,4,ALL,ALL,2024,63.62454324843746,,,,,,,,ALL_N1,,,,,,,
IT1:DF_DCSS_ISTR_LAV_PEN_2_TV_3(1.0),A,082067,RESPOP_AV,F,Y15-24,TOTAL,ALL,5,ALL,ALL,2018,325,,,,,,,,ALL_N1,,,,,,,
IT1:DF_DCSS_ISTR_LAV_PEN_2_TV_3(1.0),A,082067,RESPOP_AV,F,Y15-24,TOTAL,ALL,5,ALL,ALL,2019,358,,,,,,,,ALL_N1,,,,,,,
IT1:DF_DCSS_ISTR_LAV_PEN_2_TV_3(1.0),A,082067,RESPOP_AV,F,Y15-24,TOTAL,ALL,5,ALL,ALL,2021,375.852712413794,,,,,,,,ALL_N1,,,,,,,
IT1:DF_DCSS_ISTR_LAV_PEN_2_TV_3(1.0),A,082067,RESPOP_AV,F,Y15-24,TOTAL,ALL,5,ALL,ALL,2022,391.798475425932,,,,,,,,ALL_N1,,,,,,,
IT1:DF_DCSS_ISTR_LAV_PEN_2_TV_3(1.0),A,082067,RESPOP_AV,F,Y15-24,TOTAL,ALL,5,ALL,ALL,2023,379.57234167846406,,,,,,,,ALL_N1,,,,,,,
IT1:DF_DCSS_ISTR_LAV_PEN_2_TV_3(1.0),A,082067,RESPOP_AV,F,Y15-24,TOTAL,ALL,5,ALL,ALL,2024,404.35710914875443,,,,,,,,ALL_N1,,,,,,,
IT1:DF_DCSS_ISTR_LAV_PEN_2_TV_3(1.0),A,082067,RESPOP_AV,F,Y15-24,TOTAL,ALL,7,ALL,ALL,2018,45,,,,,,,,ALL_N1,,,,,,,
IT1:DF_DCSS_ISTR_LAV_PEN_2_TV_3(1.0),A,082067,RESPOP_AV,F,Y15-24,TOTAL,ALL,7,ALL,ALL,2019,25,,,,,,,,ALL_N1,,,,,,,
IT1:DF_DCSS_ISTR_LAV_PEN_2_TV_3(1.0),A,082067,RESPOP_AV,F,Y15-24,TOTAL,ALL,7,ALL,ALL,2021,36.7138029027993,,,,,,,,ALL_N1,,,,,,,
IT1:DF_DCSS_ISTR_LAV_PEN_2_TV_3(1.0),A,082067,RESPOP_AV,F,Y15-24,TOTAL,ALL,7,ALL,ALL,2022,33.6893322990111,,,,,,,,ALL_N1,,,,,,,
IT1:DF_DCSS_ISTR_LAV_PEN_2_TV_3(1.0),A,082067,RESPOP_AV,F,Y15-24,TOTAL,ALL,7,ALL,ALL,2023,34.359239419662416,,,,,,,,ALL_N1,,,,,,,
IT1:DF_DCSS_ISTR_LAV_PEN_2_TV_3(1.0),A,082067,RESPOP_AV,F,Y15-24,TOTAL,ALL,7,ALL,ALL,2024,31.208931927959135,,,,,,,,ALL_N1,,,,,,,
IT1:DF_DCSS_ISTR_LAV_PEN_2_TV_3(1.0),A,082067,RESPOP_AV,F,Y15-24,TOTAL,ALL,99,ALL,ALL,2018,582,,,,,,,,ALL_N1,99_N1,,,,,,
IT1:DF_DCSS_ISTR_LAV_PEN_2_TV_3(1.0),A,082067,RESPOP_AV,F,Y15-24,TOTAL,ALL,99,ALL,ALL,2019,590,,,,,,,,ALL_N1,99_N1,,,,,,
IT1:DF_DCSS_ISTR_LAV_PEN_2_TV_3(1.0),A,082067,RESPOP_AV,F,Y15-24,TOTAL,ALL,99,ALL,ALL,2021,590,,,,,,,,ALL_N1,99_N1,,,,,,
IT1:DF_DCSS_ISTR_LAV_PEN_2_TV_3(1.0),A,082067,RESPOP_AV,F,Y15-24,TOTAL,ALL,99,ALL,ALL,2022,586,,,,,,,,ALL_N1,99_N1,,,,,,
IT1:DF_DCSS_ISTR_LAV_PEN_2_TV_3(1.0),A,082067,RESPOP_AV,F,Y15-24,TOTAL,ALL,99,ALL,ALL,2023,590.9999999999999,,,,,,,,ALL_N1,99_N1,,,,,,
IT1:DF_DCSS_ISTR_LAV_PEN_2_TV_3(1.0),A,082067,RESPOP_AV,F,Y15-24,TOTAL,ALL,99,ALL,ALL,2024,578,,,,,,,,ALL_N1,99_N1,,,,,,
IT1:DF_DCSS_ISTR_LAV_PEN_2_TV_3(1.0),A,082067,RESPOP_AV,F,Y25-49,TOTAL,ALL,1,ALL,ALL,2018,565,,,,,,,,ALL_N1,,,,,,,
IT1:DF_DCSS_ISTR_LAV_PEN_2_TV_3(1.0),A,082067,RESPOP_AV,F,Y25-49,TOTAL,ALL,1,ALL,ALL,2019,564,,,,,,,,ALL_N1,,,,,,,
IT1:DF_DCSS_ISTR_LAV_PEN_2_TV_3(1.0),A,082067,RESPOP_AV,F,Y25-49,TOTAL,ALL,1,ALL,ALL,2021,634,,,,,,,,ALL_N1,,,,,,,
IT1:DF_DCSS_ISTR_LAV_PEN_2_TV_3(1.0),A,082067,RESPOP_AV,F,Y25-49,TOTAL,ALL,1,ALL,ALL,2022,655,,,,,,,,ALL_N1,,,,,,,
IT1:DF_DCSS_ISTR_LAV_PEN_2_TV_3(1.0),A,082067,RESPOP_AV,F,Y25-49,TOTAL,ALL,1,ALL,ALL,2023,692,,,,,,,,ALL_N1,,,,,,,
IT1:DF_DCSS_ISTR_LAV_PEN_2_TV_3(1.0),A,082067,RESPOP_AV,F,Y25-49,TOTAL,ALL,1,ALL,ALL,2024,744,,,,,,,,ALL_N1,,,,,,,
IT1:DF_DCSS_ISTR_LAV_PEN_2_TV_3(1.0),A,082067,RESPOP_AV,F,Y25-49,TOTAL,ALL,12,ALL,ALL,2018,290,,,,,,,,ALL_N1,,,,,,,
IT1:DF_DCSS_ISTR_LAV_PEN_2_TV_3(1.0),A,082067,RESPOP_AV,F,Y25-49,TOTAL,ALL,12,ALL,ALL,2019,305,,,,,,,,ALL_N1,,,,,,,
IT1:DF_DCSS_ISTR_LAV_PEN_2_TV_3(1.0),A,082067,RESPOP_AV,F,Y25-49,TOTAL,ALL,12,ALL,ALL,2021,163.130028339264,,,,,,,,ALL_N1,,,,,,,
IT1:DF_DCSS_ISTR_LAV_PEN_2_TV_3(1.0),A,082067,RESPOP_AV,F,Y25-49,TOTAL,ALL,12,ALL,ALL,2022,157.477134310193,,,,,,,,ALL_N1,,,,,,,
IT1:DF_DCSS_ISTR_LAV_PEN_2_TV_3(1.0),A,082067,RESPOP_AV,F,Y25-49,TOTAL,ALL,12,ALL,ALL,2023,153.3190695572363,,,,,,,,ALL_N1,,,,,,,
IT1:DF_DCSS_ISTR_LAV_PEN_2_TV_3(1.0),A,082067,RESPOP_AV,F,Y25-49,TOTAL,ALL,12,ALL,ALL,2024,112.96526132964745,,,,,,,,ALL_N1,,,,,,,
IT1:DF_DCSS_ISTR_LAV_PEN_2_TV_3(1.0),A,082067,RESPOP_AV,F,Y25-49,TOTAL,ALL,22,ALL,ALL,2018,855,,,,,,,,ALL_N1,,,,,,,
IT1:DF_DCSS_ISTR_LAV_PEN_2_TV_3(1.0),A,082067,RESPOP_AV,F,Y25-49,TOTAL,ALL,22,ALL,ALL,2019,869,,,,,,,,ALL_N1,,,,,,,
IT1:DF_DCSS_ISTR_LAV_PEN_2_TV_3(1.0),A,082067,RESPOP_AV,F,Y25-49,TOTAL,ALL,22,ALL,ALL,2021,797.130028339264,,,,,,,,ALL_N1,,,,,,,
IT1:DF_DCSS_ISTR_LAV_PEN_2_TV_3(1.0),A,082067,RESPOP_AV,F,Y25-49,TOTAL,ALL,22,ALL,ALL,2022,812.477134310193,,,,,,,,ALL_N1,,,,,,,
IT1:DF_DCSS_ISTR_LAV_PEN_2_TV_3(1.0),A,082067,RESPOP_AV,F,Y25-49,TOTAL,ALL,22,ALL,ALL,2023,845.3190695572363,,,,,,,,ALL_N1,,,,,,,
IT1:DF_DCSS_ISTR_LAV_PEN_2_TV_3(1.0),A,082067,RESPOP_AV,F,Y25-49,TOTAL,ALL,22,ALL,ALL,2024,856.9652613296474,,,,,,,,ALL_N1,,,,,,,
IT1:DF_DCSS_ISTR_LAV_PEN_2_TV_3(1.0),A,082067,RESPOP_AV,F,Y25-49,TOTAL,ALL,23,ALL,ALL,2018,978,,,,,,,,ALL_N1,,,,,,,
IT1:DF_DCSS_ISTR_LAV_PEN_2_TV_3(1.0),A,082067,RESPOP_AV,F,Y25-49,TOTAL,ALL,23,ALL,ALL,2019,934,,,,,,,,ALL_N1,,,,,,,
IT1:DF_DCSS_ISTR_LAV_PEN_2_TV_3(1.0),A,082067,RESPOP_AV,F,Y25-49,TOTAL,ALL,23,ALL,ALL,2021,956.869971660736,,,,,,,,ALL_N1,,,,,,,
IT1:DF_DCSS_ISTR_LAV_PEN_2_TV_3(1.0),A,082067,RESPOP_AV,F,Y25-49,TOTAL,ALL,23,ALL,ALL,2022,951.522865689807,,,,,,,,ALL_N1,,,,,,,
IT1:DF_DCSS_ISTR_LAV_PEN_2_TV_3(1.0),A,082067,RESPOP_AV,F,Y25-49,TOTAL,ALL,23,ALL,ALL,2023,895.680930442764,,,,,,,,ALL_N1,,,,,,,
IT1:DF_DCSS_ISTR_LAV_PEN_2_TV_3(1.0),A,082067,RESPOP_AV,F,Y25-49,TOTAL,ALL,23,ALL,ALL,2024,881.0347386703525,,,,,,,,ALL_N1,,,,,,,
IT1:DF_DCSS_ISTR_LAV_PEN_2_TV_3(1.0),A,082067,RESPOP_AV,F,Y25-49,TOTAL,ALL,24,ALL,ALL,2018,9,,,,,,,,ALL_N1,,,,,,,
IT1:DF_DCSS_ISTR_LAV_PEN_2_TV_3(1.0),A,082067,RESPOP_AV,F,Y25-49,TOTAL,ALL,24,ALL,ALL,2019,10,,,,,,,,ALL_N1,,,,,,,
IT1:DF_DCSS_ISTR_LAV_PEN_2_TV_3(1.0),A,082067,RESPOP_AV,F,Y25-49,TOTAL,ALL,24,ALL,ALL,2021,8.90502729823647,,,,,,,,ALL_N1,,,,,,,
IT1:DF_DCSS_ISTR_LAV_PEN_2_TV_3(1.0),A,082067,RESPOP_AV,F,Y25-49,TOTAL,ALL,24,ALL,ALL,2022,6.85984816728762,,,,,,,,ALL_N1,,,,,,,
IT1:DF_DCSS_ISTR_LAV_PEN_2_TV_3(1.0),A,082067,RESPOP_AV,F,Y25-49,TOTAL,ALL,24,ALL,ALL,2023,5.910855379448859,,,,,,,,ALL_N1,,,,,,,
IT1:DF_DCSS_ISTR_LAV_PEN_2_TV_3(1.0),A,082067,RESPOP_AV,F,Y25-49,TOTAL,ALL,24,ALL,ALL,2024,7.700360803250133,,,,,,,,ALL_N1,,,,,,,
IT1:DF_DCSS_ISTR_LAV_PEN_2_TV_3(1.0),A,082067,RESPOP_AV,F,Y25-49,TOTAL,ALL,4,ALL,ALL,2018,794,,,,,,,,ALL_N1,,,,,,,
IT1:DF_DCSS_ISTR_LAV_PEN_2_TV_3(1.0),A,082067,RESPOP_AV,F,Y25-49,TOTAL,ALL,4,ALL,ALL,2019,762,,,,,,,,ALL_N1,,,,,,,
IT1:DF_DCSS_ISTR_LAV_PEN_2_TV_3(1.0),A,082067,RESPOP_AV,F,Y25-49,TOTAL,ALL,4,ALL,ALL,2021,773.691023013983,,,,,,,,ALL_N1,,,,,,,
IT1:DF_DCSS_ISTR_LAV_PEN_2_TV_3(1.0),A,082067,RESPOP_AV,F,Y25-49,TOTAL,ALL,4,ALL,ALL,2022,756.753851564648,,,,,,,,ALL_N1,,,,,,,
IT1:DF_DCSS_ISTR_LAV_PEN_2_TV_3(1.0),A,082067,RESPOP_AV,F,Y25-49,TOTAL,ALL,4,ALL,ALL,2023,715.2842869139587,,,,,,,,ALL_N1,,,,,,,
IT1:DF_DCSS_ISTR_LAV_PEN_2_TV_3(1.0),A,082067,RESPOP_AV,F,Y25-49,TOTAL,ALL,4,ALL,ALL,2024,692.928926327945,,,,,,,,ALL_N1,,,,,,,
IT1:DF_DCSS_ISTR_LAV_PEN_2_TV_3(1.0),A,082067,RESPOP_AV,F,Y25-49,TOTAL,ALL,5,ALL,ALL,2018,57,,,,,,,,ALL_N1,,,,,,,
IT1:DF_DCSS_ISTR_LAV_PEN_2_TV_3(1.0),A,082067,RESPOP_AV,F,Y25-49,TOTAL,ALL,5,ALL,ALL,2019,66,,,,,,,,ALL_N1,,,,,,,
IT1:DF_DCSS_ISTR_LAV_PEN_2_TV_3(1.0),A,082067,RESPOP_AV,F,Y25-49,TOTAL,ALL,5,ALL,ALL,2021,71.7309488465603,,,,,,,,ALL_N1,,,,,,,
IT1:DF_DCSS_ISTR_LAV_PEN_2_TV_3(1.0),A,082067,RESPOP_AV,F,Y25-49,TOTAL,ALL,5,ALL,ALL,2022,65.8048752445986,,,,,,,,ALL_N1,,,,,,,
IT1:DF_DCSS_ISTR_LAV_PEN_2_TV_3(1.0),A,082067,RESPOP_AV,F,Y25-49,TOTAL,ALL,5,ALL,ALL,2023,53.15976854050585,,,,,,,,ALL_N1,,,,,,,
IT1:DF_DCSS_ISTR_LAV_PEN_2_TV_3(1.0),A,082067,RESPOP_AV,F,Y25-49,TOTAL,ALL,5,ALL,ALL,2024,64.80539169626203,,,,,,,,ALL_N1,,,,,,,
IT1:DF_DCSS_ISTR_LAV_PEN_2_TV_3(1.0),A,082067,RESPOP_AV,F,Y25-49,TOTAL,ALL,7,ALL,ALL,2018,118,,,,,,,,ALL_N1,,,,,,,
IT1:DF_DCSS_ISTR_LAV_PEN_2_TV_3(1.0),A,082067,RESPOP_AV,F,Y25-49,TOTAL,ALL,7,ALL,ALL,2019,96,,,,,,,,ALL_N1,,,,,,,
IT1:DF_DCSS_ISTR_LAV_PEN_2_TV_3(1.0),A,082067,RESPOP_AV,F,Y25-49,TOTAL,ALL,7,ALL,ALL,2021,102.542972501956,,,,,,,,ALL_N1,,,,,,,
IT1:DF_DCSS_ISTR_LAV_PEN_2_TV_3(1.0),A,082067,RESPOP_AV,F,Y25-49,TOTAL,ALL,7,ALL,ALL,2022,122.104290713272,,,,,,,,ALL_N1,,,,,,,
IT1:DF_DCSS_ISTR_LAV_PEN_2_TV_3(1.0),A,082067,RESPOP_AV,F,Y25-49,TOTAL,ALL,7,ALL,ALL,2023,121.32601960885053,,,,,,,,ALL_N1,,,,,,,
IT1:DF_DCSS_ISTR_LAV_PEN_2_TV_3(1.0),A,082067,RESPOP_AV,F,Y25-49,TOTAL,ALL,7,ALL,ALL,2024,115.60005984289532,,,,,,,,ALL_N1,,,,,,,
IT1:DF_DCSS_ISTR_LAV_PEN_2_TV_3(1.0),A,082067,RESPOP_AV,F,Y25-49,TOTAL,ALL,99,ALL,ALL,2018,1833,,,,,,,,ALL_N1,99_N1,,,,,,
IT1:DF_DCSS_ISTR_LAV_PEN_2_TV_3(1.0),A,082067,RESPOP_AV,F,Y25-49,TOTAL,ALL,99,ALL,ALL,2019,1803,,,,,,,,ALL_N1,99_N1,,,,,,
IT1:DF_DCSS_ISTR_LAV_PEN_2_TV_3(1.0),A,082067,RESPOP_AV,F,Y25-49,TOTAL,ALL,99,ALL,ALL,2020,1748,,,,,,,,ALL_N1,99_N1,,,,,,
IT1:DF_DCSS_ISTR_LAV_PEN_2_TV_3(1.0),A,082067,RESPOP_AV,F,Y25-49,TOTAL,ALL,99,ALL,ALL,2021,1754,,,,,,,,ALL_N1,99_N1,,,,,,
IT1:DF_DCSS_ISTR_LAV_PEN_2_TV_3(1.0),A,082067,RESPOP_AV,F,Y25-49,TOTAL,ALL,99,ALL,ALL,2022,1764,,,,,,,,ALL_N1,99_N1,,,,,,
IT1:DF_DCSS_ISTR_LAV_PEN_2_TV_3(1.0),A,082067,RESPOP_AV,F,Y25-49,TOTAL,ALL,99,ALL,ALL,2023,1741,,,,,,,,ALL_N1,99_N1,,,,,,
IT1:DF_DCSS_ISTR_LAV_PEN_2_TV_3(1.0),A,082067,RESPOP_AV,F,Y25-49,TOTAL,ALL,99,ALL,ALL,2024,1737.9999999999998,,,,,,,,ALL_N1,99_N1,,,,,,
IT1:DF_DCSS_ISTR_LAV_PEN_2_TV_3(1.0),A,082067,RESPOP_AV,F,Y50-64,TOTAL,ALL,1,ALL,ALL,2018,334,,,,,,,,ALL_N1,,,,,,,
IT1:DF_DCSS_ISTR_LAV_PEN_2_TV_3(1.0),A,082067,RESPOP_AV,F,Y50-64,TOTAL,ALL,1,ALL,ALL,2019,343,,,,,,,,ALL_N1,,,,,,,
IT1:DF_DCSS_ISTR_LAV_PEN_2_TV_3(1.0),A,082067,RESPOP_AV,F,Y50-64,TOTAL,ALL,1,ALL,ALL,2021,368,,,,,,,,ALL_N1,,,,,,,
IT1:DF_DCSS_ISTR_LAV_PEN_2_TV_3(1.0),A,082067,RESPOP_AV,F,Y50-64,TOTAL,ALL,1,ALL,ALL,2022,372,,,,,,,,ALL_N1,,,,,,,
IT1:DF_DCSS_ISTR_LAV_PEN_2_TV_3(1.0),A,082067,RESPOP_AV,F,Y50-64,TOTAL,ALL,1,ALL,ALL,2023,394,,,,,,,,ALL_N1,,,,,,,
IT1:DF_DCSS_ISTR_LAV_PEN_2_TV_3(1.0),A,082067,RESPOP_AV,F,Y50-64,TOTAL,ALL,1,ALL,ALL,2024,436,,,,,,,,ALL_N1,,,,,,,
IT1:DF_DCSS_ISTR_LAV_PEN_2_TV_3(1.0),A,082067,RESPOP_AV,F,Y50-64,TOTAL,ALL,12,ALL,ALL,2018,84,,,,,,,,ALL_N1,,,,,,,
IT1:DF_DCSS_ISTR_LAV_PEN_2_TV_3(1.0),A,082067,RESPOP_AV,F,Y50-64,TOTAL,ALL,12,ALL,ALL,2019,93,,,,,,,,ALL_N1,,,,,,,
IT1:DF_DCSS_ISTR_LAV_PEN_2_TV_3(1.0),A,082067,RESPOP_AV,F,Y50-64,TOTAL,ALL,12,ALL,ALL,2021,52.1079400786542,,,,,,,,ALL_N1,,,,,,,
IT1:DF_DCSS_ISTR_LAV_PEN_2_TV_3(1.0),A,082067,RESPOP_AV,F,Y50-64,TOTAL,ALL,12,ALL,ALL,2022,47.3656391688659,,,,,,,,ALL_N1,,,,,,,
IT1:DF_DCSS_ISTR_LAV_PEN_2_TV_3(1.0),A,082067,RESPOP_AV,F,Y50-64,TOTAL,ALL,12,ALL,ALL,2023,58.312104190260534,,,,,,,,ALL_N1,,,,,,,
IT1:DF_DCSS_ISTR_LAV_PEN_2_TV_3(1.0),A,082067,RESPOP_AV,F,Y50-64,TOTAL,ALL,12,ALL,ALL,2024,40.356443305491325,,,,,,,,ALL_N1,,,,,,,
IT1:DF_DCSS_ISTR_LAV_PEN_2_TV_3(1.0),A,082067,RESPOP_AV,F,Y50-64,TOTAL,ALL,22,ALL,ALL,2018,418,,,,,,,,ALL_N1,,,,,,,
IT1:DF_DCSS_ISTR_LAV_PEN_2_TV_3(1.0),A,082067,RESPOP_AV,F,Y50-64,TOTAL,ALL,22,ALL,ALL,2019,436,,,,,,,,ALL_N1,,,,,,,
IT1:DF_DCSS_ISTR_LAV_PEN_2_TV_3(1.0),A,082067,RESPOP_AV,F,Y50-64,TOTAL,ALL,22,ALL,ALL,2021,420.107940078654,,,,,,,,ALL_N1,,,,,,,
IT1:DF_DCSS_ISTR_LAV_PEN_2_TV_3(1.0),A,082067,RESPOP_AV,F,Y50-64,TOTAL,ALL,22,ALL,ALL,2022,419.365639168866,,,,,,,,ALL_N1,,,,,,,
IT1:DF_DCSS_ISTR_LAV_PEN_2_TV_3(1.0),A,082067,RESPOP_AV,F,Y50-64,TOTAL,ALL,22,ALL,ALL,2023,452.3121041902605,,,,,,,,ALL_N1,,,,,,,
IT1:DF_DCSS_ISTR_LAV_PEN_2_TV_3(1.0),A,082067,RESPOP_AV,F,Y50-64,TOTAL,ALL,22,ALL,ALL,2024,476.3564433054913,,,,,,,,ALL_N1,,,,,,,
IT1:DF_DCSS_ISTR_LAV_PEN_2_TV_3(1.0),A,082067,RESPOP_AV,F,Y50-64,TOTAL,ALL,23,ALL,ALL,2018,772,,,,,,,,ALL_N1,,,,,,,
IT1:DF_DCSS_ISTR_LAV_PEN_2_TV_3(1.0),A,082067,RESPOP_AV,F,Y50-64,TOTAL,ALL,23,ALL,ALL,2019,774,,,,,,,,ALL_N1,,,,,,,
IT1:DF_DCSS_ISTR_LAV_PEN_2_TV_3(1.0),A,082067,RESPOP_AV,F,Y50-64,TOTAL,ALL,23,ALL,ALL,2021,828.892059921346,,,,,,,,ALL_N1,,,,,,,
IT1:DF_DCSS_ISTR_LAV_PEN_2_TV_3(1.0),A,082067,RESPOP_AV,F,Y50-64,TOTAL,ALL,23,ALL,ALL,2022,819.634360831134,,,,,,,,ALL_N1,,,,,,,
IT1:DF_DCSS_ISTR_LAV_PEN_2_TV_3(1.0),A,082067,RESPOP_AV,F,Y50-64,TOTAL,ALL,23,ALL,ALL,2023,789.6878958097398,,,,,,,,ALL_N1,,,,,,,
IT1:DF_DCSS_ISTR_LAV_PEN_2_TV_3(1.0),A,082067,RESPOP_AV,F,Y50-64,TOTAL,ALL,23,ALL,ALL,2024,770.6435566945088,,,,,,,,ALL_N1,,,,,,,
IT1:DF_DCSS_ISTR_LAV_PEN_2_TV_3(1.0),A,082067,RESPOP_AV,F,Y50-64,TOTAL,ALL,24,ALL,ALL,2018,37,,,,,,,,ALL_N1,,,,,,,
IT1:DF_DCSS_ISTR_LAV_PEN_2_TV_3(1.0),A,082067,RESPOP_AV,F,Y50-64,TOTAL,ALL,24,ALL,ALL,2019,42,,,,,,,,ALL_N1,,,,,,,
IT1:DF_DCSS_ISTR_LAV_PEN_2_TV_3(1.0),A,082067,RESPOP_AV,F,Y50-64,TOTAL,ALL,24,ALL,ALL,2021,45.0632210966534,,,,,,,,ALL_N1,,,,,,,
IT1:DF_DCSS_ISTR_LAV_PEN_2_TV_3(1.0),A,082067,RESPOP_AV,F,Y50-64,TOTAL,ALL,24,ALL,ALL,2022,32.6208483842057,,,,,,,,ALL_N1,,,,,,,
IT1:DF_DCSS_ISTR_LAV_PEN_2_TV_3(1.0),A,082067,RESPOP_AV,F,Y50-64,TOTAL,ALL,24,ALL,ALL,2023,27.36922041329486,,,,,,,,ALL_N1,,,,,,,
IT1:DF_DCSS_ISTR_LAV_PEN_2_TV_3(1.0),A,082067,RESPOP_AV,F,Y50-64,TOTAL,ALL,24,ALL,ALL,2024,26.68321775145238,,,,,,,,ALL_N1,,,,,,,
IT1:DF_DCSS_ISTR_LAV_PEN_2_TV_3(1.0),A,082067,RESPOP_AV,F,Y50-64,TOTAL,ALL,4,ALL,ALL,2018,657,,,,,,,,ALL_N1,,,,,,,
IT1:DF_DCSS_ISTR_LAV_PEN_2_TV_3(1.0),A,082067,RESPOP_AV,F,Y50-64,TOTAL,ALL,4,ALL,ALL,2019,663,,,,,,,,ALL_N1,,,,,,,
IT1:DF_DCSS_ISTR_LAV_PEN_2_TV_3(1.0),A,082067,RESPOP_AV,F,Y50-64,TOTAL,ALL,4,ALL,ALL,2021,699.053837178969,,,,,,,,ALL_N1,,,,,,,
IT1:DF_DCSS_ISTR_LAV_PEN_2_TV_3(1.0),A,082067,RESPOP_AV,F,Y50-64,TOTAL,ALL,4,ALL,ALL,2022,685.896953282365,,,,,,,,ALL_N1,,,,,,,
IT1:DF_DCSS_ISTR_LAV_PEN_2_TV_3(1.0),A,082067,RESPOP_AV,F,Y50-64,TOTAL,ALL,4,ALL,ALL,2023,654.2244606412255,,,,,,,,ALL_N1,,,,,,,
IT1:DF_DCSS_ISTR_LAV_PEN_2_TV_3(1.0),A,082067,RESPOP_AV,F,Y50-64,TOTAL,ALL,4,ALL,ALL,2024,644.4039981756445,,,,,,,,ALL_N1,,,,,,,
IT1:DF_DCSS_ISTR_LAV_PEN_2_TV_3(1.0),A,082067,RESPOP_AV,F,Y50-64,TOTAL,ALL,5,ALL,ALL,2018,1,,,,,,,,ALL_N1,,,,,,,
IT1:DF_DCSS_ISTR_LAV_PEN_2_TV_3(1.0),A,082067,RESPOP_AV,F,Y50-64,TOTAL,ALL,5,ALL,ALL,2019,1,,,,,,,,ALL_N1,,,,,,,
IT1:DF_DCSS_ISTR_LAV_PEN_2_TV_3(1.0),A,082067,RESPOP_AV,F,Y50-64,TOTAL,ALL,5,ALL,ALL,2021,1.02451043119874,,,,,,,,ALL_N1,,,,,,,
IT1:DF_DCSS_ISTR_LAV_PEN_2_TV_3(1.0),A,082067,RESPOP_AV,F,Y50-64,TOTAL,ALL,5,ALL,ALL,2022,1.78767387536916,,,,,,,,ALL_N1,,,,,,,
IT1:DF_DCSS_ISTR_LAV_PEN_2_TV_3(1.0),A,082067,RESPOP_AV,F,Y50-64,TOTAL,ALL,5,ALL,ALL,2023,1.6727569207723108,,,,,,,,ALL_N1,,,,,,,
IT1:DF_DCSS_ISTR_LAV_PEN_2_TV_3(1.0),A,082067,RESPOP_AV,F,Y50-64,TOTAL,ALL,5,ALL,ALL,2024,2.497618372759538,,,,,,,,ALL_N1,,,,,,,
IT1:DF_DCSS_ISTR_LAV_PEN_2_TV_3(1.0),A,082067,RESPOP_AV,F,Y50-64,TOTAL,ALL,7,ALL,ALL,2018,77,,,,,,,,ALL_N1,,,,,,,
IT1:DF_DCSS_ISTR_LAV_PEN_2_TV_3(1.0),A,082067,RESPOP_AV,F,Y50-64,TOTAL,ALL,7,ALL,ALL,2019,68,,,,,,,,ALL_N1,,,,,,,
IT1:DF_DCSS_ISTR_LAV_PEN_2_TV_3(1.0),A,082067,RESPOP_AV,F,Y50-64,TOTAL,ALL,7,ALL,ALL,2021,83.7504912145246,,,,,,,,ALL_N1,,,,,,,
IT1:DF_DCSS_ISTR_LAV_PEN_2_TV_3(1.0),A,082067,RESPOP_AV,F,Y50-64,TOTAL,ALL,7,ALL,ALL,2022,99.3288852891944,,,,,,,,ALL_N1,,,,,,,
IT1:DF_DCSS_ISTR_LAV_PEN_2_TV_3(1.0),A,082067,RESPOP_AV,F,Y50-64,TOTAL,ALL,7,ALL,ALL,2023,106.42145783444704,,,,,,,,ALL_N1,,,,,,,
IT1:DF_DCSS_ISTR_LAV_PEN_2_TV_3(1.0),A,082067,RESPOP_AV,F,Y50-64,TOTAL,ALL,7,ALL,ALL,2024,97.0587223946523,,,,,,,,ALL_N1,,,,,,,
IT1:DF_DCSS_ISTR_LAV_PEN_2_TV_3(1.0),A,082067,RESPOP_AV,F,Y50-64,TOTAL,ALL,99,ALL,ALL,2018,1190,,,,,,,,ALL_N1,99_N1,,,,,,
IT1:DF_DCSS_ISTR_LAV_PEN_2_TV_3(1.0),A,082067,RESPOP_AV,F,Y50-64,TOTAL,ALL,99,ALL,ALL,2019,1210,,,,,,,,ALL_N1,99_N1,,,,,,
IT1:DF_DCSS_ISTR_LAV_PEN_2_TV_3(1.0),A,082067,RESPOP_AV,F,Y50-64,TOTAL,ALL,99,ALL,ALL,2020,1207,,,,,,,,ALL_N1,99_N1,,,,,,
IT1:DF_DCSS_ISTR_LAV_PEN_2_TV_3(1.0),A,082067,RESPOP_AV,F,Y50-64,TOTAL,ALL,99,ALL,ALL,2021,1249,,,,,,,,ALL_N1,99_N1,,,,,,
IT1:DF_DCSS_ISTR_LAV_PEN_2_TV_3(1.0),A,082067,RESPOP_AV,F,Y50-64,TOTAL,ALL,99,ALL,ALL,2022,1239,,,,,,,,ALL_N1,99_N1,,,,,,
IT1:DF_DCSS_ISTR_LAV_PEN_2_TV_3(1.0),A,082067,RESPOP_AV,F,Y50-64,TOTAL,ALL,99,ALL,ALL,2023,1242,,,,,,,,ALL_N1,99_N1,,,,,,
IT1:DF_DCSS_ISTR_LAV_PEN_2_TV_3(1.0),A,082067,RESPOP_AV,F,Y50-64,TOTAL,ALL,99,ALL,ALL,2024,1247,,,,,,,,ALL_N1,99_N1,,,,,,
IT1:DF_DCSS_ISTR_LAV_PEN_2_TV_3(1.0),A,082067,RESPOP_AV,M,Y_GE15,TOTAL,ALL,1,ALL,ALL,2018,1962,,,,,,,,ALL_N1,,,,,,,
IT1:DF_DCSS_ISTR_LAV_PEN_2_TV_3(1.0),A,082067,RESPOP_AV,M,Y_GE15,TOTAL,ALL,1,ALL,ALL,2019,1958,,,,,,,,ALL_N1,,,,,,,
IT1:DF_DCSS_ISTR_LAV_PEN_2_TV_3(1.0),A,082067,RESPOP_AV,M,Y_GE15,TOTAL,ALL,1,ALL,ALL,2021,2076,,,,,,,,ALL_N1,,,,,,,
IT1:DF_DCSS_ISTR_LAV_PEN_2_TV_3(1.0),A,082067,RESPOP_AV,M,Y_GE15,TOTAL,ALL,1,ALL,ALL,2022,2129,,,,,,,,ALL_N1,,,,,,,
IT1:DF_DCSS_ISTR_LAV_PEN_2_TV_3(1.0),A,082067,RESPOP_AV,M,Y_GE15,TOTAL,ALL,1,ALL,ALL,2023,2211,,,,,,,,ALL_N1,,,,,,,
IT1:DF_DCSS_ISTR_LAV_PEN_2_TV_3(1.0),A,082067,RESPOP_AV,M,Y_GE15,TOTAL,ALL,1,ALL,ALL,2024,2200,,,,,,,,ALL_N1,,,,,,,
IT1:DF_DCSS_ISTR_LAV_PEN_2_TV_3(1.0),A,082067,RESPOP_AV,M,Y_GE15,TOTAL,ALL,12,ALL,ALL,2018,640,,,,,,,,ALL_N1,,,,,,,
IT1:DF_DCSS_ISTR_LAV_PEN_2_TV_3(1.0),A,082067,RESPOP_AV,M,Y_GE15,TOTAL,ALL,12,ALL,ALL,2019,670,,,,,,,,ALL_N1,,,,,,,
IT1:DF_DCSS_ISTR_LAV_PEN_2_TV_3(1.0),A,082067,RESPOP_AV,M,Y_GE15,TOTAL,ALL,12,ALL,ALL,2021,371.201433881451,,,,,,,,ALL_N1,,,,,,,
IT1:DF_DCSS_ISTR_LAV_PEN_2_TV_3(1.0),A,082067,RESPOP_AV,M,Y_GE15,TOTAL,ALL,12,ALL,ALL,2022,324.13854916636,,,,,,,,ALL_N1,,,,,,,
IT1:DF_DCSS_ISTR_LAV_PEN_2_TV_3(1.0),A,082067,RESPOP_AV,M,Y_GE15,TOTAL,ALL,12,ALL,ALL,2023,308.3461244909414,,,,,,,,ALL_N1,,,,,,,
IT1:DF_DCSS_ISTR_LAV_PEN_2_TV_3(1.0),A,082067,RESPOP_AV,M,Y_GE15,TOTAL,ALL,12,ALL,ALL,2024,257.19984028658683,,,,,,,,ALL_N1,,,,,,,
IT1:DF_DCSS_ISTR_LAV_PEN_2_TV_3(1.0),A,082067,RESPOP_AV,M,Y_GE15,TOTAL,ALL,22,ALL,ALL,2018,2602,,,,,,,,ALL_N1,,,,,,,
IT1:DF_DCSS_ISTR_LAV_PEN_2_TV_3(1.0),A,082067,RESPOP_AV,M,Y_GE15,TOTAL,ALL,22,ALL,ALL,2019,2628,,,,,,,,ALL_N1,,,,,,,
IT1:DF_DCSS_ISTR_LAV_PEN_2_TV_3(1.0),A,082067,RESPOP_AV,M,Y_GE15,TOTAL,ALL,22,ALL,ALL,2021,2447.20143388145,,,,,,,,ALL_N1,,,,,,,
IT1:DF_DCSS_ISTR_LAV_PEN_2_TV_3(1.0),A,082067,RESPOP_AV,M,Y_GE15,TOTAL,ALL,22,ALL,ALL,2022,2453.13854916636,,,,,,,,ALL_N1,,,,,,,
IT1:DF_DCSS_ISTR_LAV_PEN_2_TV_3(1.0),A,082067,RESPOP_AV,M,Y_GE15,TOTAL,ALL,22,ALL,ALL,2023,2519.3461244909413,,,,,,,,ALL_N1,,,,,,,
IT1:DF_DCSS_ISTR_LAV_PEN_2_TV_3(1.0),A,082067,RESPOP_AV,M,Y_GE15,TOTAL,ALL,22,ALL,ALL,2024,2457.199840286587,,,,,,,,ALL_N1,,,,,,,
IT1:DF_DCSS_ISTR_LAV_PEN_2_TV_3(1.0),A,082067,RESPOP_AV,M,Y_GE15,TOTAL,ALL,23,ALL,ALL,2018,1956,,,,,,,,ALL_N1,,,,,,,
IT1:DF_DCSS_ISTR_LAV_PEN_2_TV_3(1.0),A,082067,RESPOP_AV,M,Y_GE15,TOTAL,ALL,23,ALL,ALL,2019,1918,,,,,,,,ALL_N1,,,,,,,
IT1:DF_DCSS_ISTR_LAV_PEN_2_TV_3(1.0),A,082067,RESPOP_AV,M,Y_GE15,TOTAL,ALL,23,ALL,ALL,2021,2112.79856611855,,,,,,,,ALL_N1,,,,,,,
IT1:DF_DCSS_ISTR_LAV_PEN_2_TV_3(1.0),A,082067,RESPOP_AV,M,Y_GE15,TOTAL,ALL,23,ALL,ALL,2022,2130.86145083364,,,,,,,,ALL_N1,,,,,,,
IT1:DF_DCSS_ISTR_LAV_PEN_2_TV_3(1.0),A,082067,RESPOP_AV,M,Y_GE15,TOTAL,ALL,23,ALL,ALL,2023,2105.6538755090587,,,,,,,,ALL_N1,,,,,,,
IT1:DF_DCSS_ISTR_LAV_PEN_2_TV_3(1.0),A,082067,RESPOP_AV,M,Y_GE15,TOTAL,ALL,23,ALL,ALL,2024,2205.800159713413,,,,,,,,ALL_N1,,,,,,,
IT1:DF_DCSS_ISTR_LAV_PEN_2_TV_3(1.0),A,082067,RESPOP_AV,M,Y_GE15,TOTAL,ALL,24,ALL,ALL,2018,850,,,,,,,,ALL_N1,,,,,,,
IT1:DF_DCSS_ISTR_LAV_PEN_2_TV_3(1.0),A,082067,RESPOP_AV,M,Y_GE15,TOTAL,ALL,24,ALL,ALL,2019,907,,,,,,,,ALL_N1,,,,,,,
IT1:DF_DCSS_ISTR_LAV_PEN_2_TV_3(1.0),A,082067,RESPOP_AV,M,Y_GE15,TOTAL,ALL,24,ALL,ALL,2021,948.866275721543,,,,,,,,ALL_N1,,,,,,,
IT1:DF_DCSS_ISTR_LAV_PEN_2_TV_3(1.0),A,082067,RESPOP_AV,M,Y_GE15,TOTAL,ALL,24,ALL,ALL,2022,926.75576960994,,,,,,,,ALL_N1,,,,,,,
IT1:DF_DCSS_ISTR_LAV_PEN_2_TV_3(1.0),A,082067,RESPOP_AV,M,Y_GE15,TOTAL,ALL,24,ALL,ALL,2023,894.1752837167705,,,,,,,,ALL_N1,,,,,,,
IT1:DF_DCSS_ISTR_LAV_PEN_2_TV_3(1.0),A,082067,RESPOP_AV,M,Y_GE15,TOTAL,ALL,24,ALL,ALL,2024,971.4952948705333,,,,,,,,ALL_N1,,,,,,,
IT1:DF_DCSS_ISTR_LAV_PEN_2_TV_3(1.0),A,082067,RESPOP_AV,M,Y_GE15,TOTAL,ALL,4,ALL,ALL,2018,102,,,,,,,,ALL_N1,,,,,,,
IT1:DF_DCSS_ISTR_LAV_PEN_2_TV_3(1.0),A,082067,RESPOP_AV,M,Y_GE15,TOTAL,ALL,4,ALL,ALL,2019,105,,,,,,,,ALL_N1,,,,,,,
IT1:DF_DCSS_ISTR_LAV_PEN_2_TV_3(1.0),A,082067,RESPOP_AV,M,Y_GE15,TOTAL,ALL,4,ALL,ALL,2021,144.750260576999,,,,,,,,ALL_N1,,,,,,,
IT1:DF_DCSS_ISTR_LAV_PEN_2_TV_3(1.0),A,082067,RESPOP_AV,M,Y_GE15,TOTAL,ALL,4,ALL,ALL,2022,159.172104151607,,,,,,,,ALL_N1,,,,,,,
IT1:DF_DCSS_ISTR_LAV_PEN_2_TV_3(1.0),A,082067,RESPOP_AV,M,Y_GE15,TOTAL,ALL,4,ALL,ALL,2023,159.5427835932215,,,,,,,,ALL_N1,,,,,,,
IT1:DF_DCSS_ISTR_LAV_PEN_2_TV_3(1.0),A,082067,RESPOP_AV,M,Y_GE15,TOTAL,ALL,4,ALL,ALL,2024,158.93907387371337,,,,,,,,ALL_N1,,,,,,,
IT1:DF_DCSS_ISTR_LAV_PEN_2_TV_3(1.0),A,082067,RESPOP_AV,M,Y_GE15,TOTAL,ALL,5,ALL,ALL,2018,334,,,,,,,,ALL_N1,,,,,,,
IT1:DF_DCSS_ISTR_LAV_PEN_2_TV_3(1.0),A,082067,RESPOP_AV,M,Y_GE15,TOTAL,ALL,5,ALL,ALL,2019,355,,,,,,,,ALL_N1,,,,,,,
IT1:DF_DCSS_ISTR_LAV_PEN_2_TV_3(1.0),A,082067,RESPOP_AV,M,Y_GE15,TOTAL,ALL,5,ALL,ALL,2021,356.488340649295,,,,,,,,ALL_N1,,,,,,,
IT1:DF_DCSS_ISTR_LAV_PEN_2_TV_3(1.0),A,082067,RESPOP_AV,M,Y_GE15,TOTAL,ALL,5,ALL,ALL,2022,383.985013979643,,,,,,,,ALL_N1,,,,,,,
IT1:DF_DCSS_ISTR_LAV_PEN_2_TV_3(1.0),A,082067,RESPOP_AV,M,Y_GE15,TOTAL,ALL,5,ALL,ALL,2023,366.3511071321677,,,,,,,,ALL_N1,,,,,,,
IT1:DF_DCSS_ISTR_LAV_PEN_2_TV_3(1.0),A,082067,RESPOP_AV,M,Y_GE15,TOTAL,ALL,5,ALL,ALL,2024,396.2769021170155,,,,,,,,ALL_N1,,,,,,,
IT1:DF_DCSS_ISTR_LAV_PEN_2_TV_3(1.0),A,082067,RESPOP_AV,M,Y_GE15,TOTAL,ALL,7,ALL,ALL,2018,670,,,,,,,,ALL_N1,,,,,,,
IT1:DF_DCSS_ISTR_LAV_PEN_2_TV_3(1.0),A,082067,RESPOP_AV,M,Y_GE15,TOTAL,ALL,7,ALL,ALL,2019,552,,,,,,,,ALL_N1,,,,,,,
IT1:DF_DCSS_ISTR_LAV_PEN_2_TV_3(1.0),A,082067,RESPOP_AV,M,Y_GE15,TOTAL,ALL,7,ALL,ALL,2021,662.693689170712,,,,,,,,ALL_N1,,,,,,,
IT1:DF_DCSS_ISTR_LAV_PEN_2_TV_3(1.0),A,082067,RESPOP_AV,M,Y_GE15,TOTAL,ALL,7,ALL,ALL,2022,660.94856309245,,,,,,,,ALL_N1,,,,,,,
IT1:DF_DCSS_ISTR_LAV_PEN_2_TV_3(1.0),A,082067,RESPOP_AV,M,Y_GE15,TOTAL,ALL,7,ALL,ALL,2023,685.5847010668991,,,,,,,,ALL_N1,,,,,,,
IT1:DF_DCSS_ISTR_LAV_PEN_2_TV_3(1.0),A,082067,RESPOP_AV,M,Y_GE15,TOTAL,ALL,7,ALL,ALL,2024,679.0888888521511,,,,,,,,ALL_N1,,,,,,,
IT1:DF_DCSS_ISTR_LAV_PEN_2_TV_3(1.0),A,082067,RESPOP_AV,M,Y_GE15,TOTAL,ALL,99,ALL,ALL,2018,4557,,,,,,,,ALL_N1,99_N1,,,,,,
IT1:DF_DCSS_ISTR_LAV_PEN_2_TV_3(1.0),A,082067,RESPOP_AV,M,Y_GE15,TOTAL,ALL,99,ALL,ALL,2019,4546,,,,,,,,ALL_N1,99_N1,,,,,,
IT1:DF_DCSS_ISTR_LAV_PEN_2_TV_3(1.0),A,082067,RESPOP_AV,M,Y_GE15,TOTAL,ALL,99,ALL,ALL,2021,4560,,,,,,,,ALL_N1,99_N1,,,,,,
IT1:DF_DCSS_ISTR_LAV_PEN_2_TV_3(1.0),A,082067,RESPOP_AV,M,Y_GE15,TOTAL,ALL,99,ALL,ALL,2022,4584,,,,,,,,ALL_N1,99_N1,,,,,,
IT1:DF_DCSS_ISTR_LAV_PEN_2_TV_3(1.0),A,082067,RESPOP_AV,M,Y_GE15,TOTAL,ALL,99,ALL,ALL,2023,4625,,,,,,,,ALL_N1,99_N1,,,,,,
IT1:DF_DCSS_ISTR_LAV_PEN_2_TV_3(1.0),A,082067,RESPOP_AV,M,Y_GE15,TOTAL,ALL,99,ALL,ALL,2024,4663,,,,,,,,ALL_N1,99_N1,,,,,,
IT1:DF_DCSS_ISTR_LAV_PEN_2_TV_3(1.0),A,082067,RESPOP_AV,M,Y_GE65,TOTAL,ALL,1,ALL,ALL,2018,106,,,,,,,,ALL_N1,,,,,,,
IT1:DF_DCSS_ISTR_LAV_PEN_2_TV_3(1.0),A,082067,RESPOP_AV,M,Y_GE65,TOTAL,ALL,1,ALL,ALL,2019,106,,,,,,,,ALL_N1,,,,,,,
IT1:DF_DCSS_ISTR_LAV_PEN_2_TV_3(1.0),A,082067,RESPOP_AV,M,Y_GE65,TOTAL,ALL,1,ALL,ALL,2021,97,,,,,,,,ALL_N1,,,,,,,
IT1:DF_DCSS_ISTR_LAV_PEN_2_TV_3(1.0),A,082067,RESPOP_AV,M,Y_GE65,TOTAL,ALL,1,ALL,ALL,2022,116,,,,,,,,ALL_N1,,,,,,,
IT1:DF_DCSS_ISTR_LAV_PEN_2_TV_3(1.0),A,082067,RESPOP_AV,M,Y_GE65,TOTAL,ALL,1,ALL,ALL,2023,101,,,,,,,,ALL_N1,,,,,,,
IT1:DF_DCSS_ISTR_LAV_PEN_2_TV_3(1.0),A,082067,RESPOP_AV,M,Y_GE65,TOTAL,ALL,1,ALL,ALL,2024,105,,,,,,,,ALL_N1,,,,,,,
IT1:DF_DCSS_ISTR_LAV_PEN_2_TV_3(1.0),A,082067,RESPOP_AV,M,Y_GE65,TOTAL,ALL,12,ALL,ALL,2018,4,,,,,,,,ALL_N1,,,,,,,
IT1:DF_DCSS_ISTR_LAV_PEN_2_TV_3(1.0),A,082067,RESPOP_AV,M,Y_GE65,TOTAL,ALL,12,ALL,ALL,2019,7,,,,,,,,ALL_N1,,,,,,,
IT1:DF_DCSS_ISTR_LAV_PEN_2_TV_3(1.0),A,082067,RESPOP_AV,M,Y_GE65,TOTAL,ALL,12,ALL,ALL,2021,2.46277423630766,,,,,,,,ALL_N1,,,,,,,
IT1:DF_DCSS_ISTR_LAV_PEN_2_TV_3(1.0),A,082067,RESPOP_AV,M,Y_GE65,TOTAL,ALL,12,ALL,ALL,2022,1.48902838920993,,,,,,,,ALL_N1,,,,,,,
IT1:DF_DCSS_ISTR_LAV_PEN_2_TV_3(1.0),A,082067,RESPOP_AV,M,Y_GE65,TOTAL,ALL,12,ALL,ALL,2023,1.8075210626533575,,,,,,,,ALL_N1,,,,,,,
IT1:DF_DCSS_ISTR_LAV_PEN_2_TV_3(1.0),A,082067,RESPOP_AV,M,Y_GE65,TOTAL,ALL,12,ALL,ALL,2024,1.3150577743144114,,,,,,,,ALL_N1,,,,,,,
IT1:DF_DCSS_ISTR_LAV_PEN_2_TV_3(1.0),A,082067,RESPOP_AV,M,Y_GE65,TOTAL,ALL,22,ALL,ALL,2018,110,,,,,,,,ALL_N1,,,,,,,
IT1:DF_DCSS_ISTR_LAV_PEN_2_TV_3(1.0),A,082067,RESPOP_AV,M,Y_GE65,TOTAL,ALL,22,ALL,ALL,2019,113,,,,,,,,ALL_N1,,,,,,,
IT1:DF_DCSS_ISTR_LAV_PEN_2_TV_3(1.0),A,082067,RESPOP_AV,M,Y_GE65,TOTAL,ALL,22,ALL,ALL,2021,99.4627742363077,,,,,,,,ALL_N1,,,,,,,
IT1:DF_DCSS_ISTR_LAV_PEN_2_TV_3(1.0),A,082067,RESPOP_AV,M,Y_GE65,TOTAL,ALL,22,ALL,ALL,2022,117.48902838921,,,,,,,,ALL_N1,,,,,,,
IT1:DF_DCSS_ISTR_LAV_PEN_2_TV_3(1.0),A,082067,RESPOP_AV,M,Y_GE65,TOTAL,ALL,22,ALL,ALL,2023,102.80752106265335,,,,,,,,ALL_N1,,,,,,,
IT1:DF_DCSS_ISTR_LAV_PEN_2_TV_3(1.0),A,082067,RESPOP_AV,M,Y_GE65,TOTAL,ALL,22,ALL,ALL,2024,106.31505777431441,,,,,,,,ALL_N1,,,,,,,
IT1:DF_DCSS_ISTR_LAV_PEN_2_TV_3(1.0),A,082067,RESPOP_AV,M,Y_GE65,TOTAL,ALL,23,ALL,ALL,2018,896,,,,,,,,ALL_N1,,,,,,,
IT1:DF_DCSS_ISTR_LAV_PEN_2_TV_3(1.0),A,082067,RESPOP_AV,M,Y_GE65,TOTAL,ALL,23,ALL,ALL,2019,904,,,,,,,,ALL_N1,,,,,,,
IT1:DF_DCSS_ISTR_LAV_PEN_2_TV_3(1.0),A,082067,RESPOP_AV,M,Y_GE65,TOTAL,ALL,23,ALL,ALL,2021,968.537225763693,,,,,,,,ALL_N1,,,,,,,
IT1:DF_DCSS_ISTR_LAV_PEN_2_TV_3(1.0),A,082067,RESPOP_AV,M,Y_GE65,TOTAL,ALL,23,ALL,ALL,2022,982.51097161079,,,,,,,,ALL_N1,,,,,,,
IT1:DF_DCSS_ISTR_LAV_PEN_2_TV_3(1.0),A,082067,RESPOP_AV,M,Y_GE65,TOTAL,ALL,23,ALL,ALL,2023,1007.1924789373469,,,,,,,,ALL_N1,,,,,,,
IT1:DF_DCSS_ISTR_LAV_PEN_2_TV_3(1.0),A,082067,RESPOP_AV,M,Y_GE65,TOTAL,ALL,23,ALL,ALL,2024,1041.6849422256855,,,,,,,,ALL_N1,,,,,,,
IT1:DF_DCSS_ISTR_LAV_PEN_2_TV_3(1.0),A,082067,RESPOP_AV,M,Y_GE65,TOTAL,ALL,24,ALL,ALL,2018,739,,,,,,,,ALL_N1,,,,,,,
IT1:DF_DCSS_ISTR_LAV_PEN_2_TV_3(1.0),A,082067,RESPOP_AV,M,Y_GE65,TOTAL,ALL,24,ALL,ALL,2019,769,,,,,,,,ALL_N1,,,,,,,
IT1:DF_DCSS_ISTR_LAV_PEN_2_TV_3(1.0),A,082067,RESPOP_AV,M,Y_GE65,TOTAL,ALL,24,ALL,ALL,2021,821.838080381955,,,,,,,,ALL_N1,,,,,,,
IT1:DF_DCSS_ISTR_LAV_PEN_2_TV_3(1.0),A,082067,RESPOP_AV,M,Y_GE65,TOTAL,ALL,24,ALL,ALL,2022,820.91529602011,,,,,,,,ALL_N1,,,,,,,
IT1:DF_DCSS_ISTR_LAV_PEN_2_TV_3(1.0),A,082067,RESPOP_AV,M,Y_GE65,TOTAL,ALL,24,ALL,ALL,2023,799.9576205255927,,,,,,,,ALL_N1,,,,,,,
IT1:DF_DCSS_ISTR_LAV_PEN_2_TV_3(1.0),A,082067,RESPOP_AV,M,Y_GE65,TOTAL,ALL,24,ALL,ALL,2024,863.1717782562034,,,,,,,,ALL_N1,,,,,,,
IT1:DF_DCSS_ISTR_LAV_PEN_2_TV_3(1.0),A,082067,RESPOP_AV,M,Y_GE65,TOTAL,ALL,4,ALL,ALL,2018,11,,,,,,,,ALL_N1,,,,,,,
IT1:DF_DCSS_ISTR_LAV_PEN_2_TV_3(1.0),A,082067,RESPOP_AV,M,Y_GE65,TOTAL,ALL,4,ALL,ALL,2019,13,,,,,,,,ALL_N1,,,,,,,
IT1:DF_DCSS_ISTR_LAV_PEN_2_TV_3(1.0),A,082067,RESPOP_AV,M,Y_GE65,TOTAL,ALL,4,ALL,ALL,2021,13.4566048921775,,,,,,,,ALL_N1,,,,,,,
IT1:DF_DCSS_ISTR_LAV_PEN_2_TV_3(1.0),A,082067,RESPOP_AV,M,Y_GE65,TOTAL,ALL,4,ALL,ALL,2022,17.9384398085235,,,,,,,,ALL_N1,,,,,,,
IT1:DF_DCSS_ISTR_LAV_PEN_2_TV_3(1.0),A,082067,RESPOP_AV,M,Y_GE65,TOTAL,ALL,4,ALL,ALL,2023,20.75341325632448,,,,,,,,ALL_N1,,,,,,,
IT1:DF_DCSS_ISTR_LAV_PEN_2_TV_3(1.0),A,082067,RESPOP_AV,M,Y_GE65,TOTAL,ALL,4,ALL,ALL,2024,18.778154957538923,,,,,,,,ALL_N1,,,,,,,
IT1:DF_DCSS_ISTR_LAV_PEN_2_TV_3(1.0),A,082067,RESPOP_AV,M,Y_GE65,TOTAL,ALL,5,ALL,ALL,2018,0,JTEST,,,,,,,ALL_N1,,,,,,,
IT1:DF_DCSS_ISTR_LAV_PEN_2_TV_3(1.0),A,082067,RESPOP_AV,M,Y_GE65,TOTAL,ALL,5,ALL,ALL,2019,0,JTEST,,,,,,,ALL_N1,,,,,,,
IT1:DF_DCSS_ISTR_LAV_PEN_2_TV_3(1.0),A,082067,RESPOP_AV,M,Y_GE65,TOTAL,ALL,5,ALL,ALL,2021,2.63009883789404E-06,,,,,,,,ALL_N1,,,,,,,
IT1:DF_DCSS_ISTR_LAV_PEN_2_TV_3(1.0),A,082067,RESPOP_AV,M,Y_GE65,TOTAL,ALL,5,ALL,ALL,2022,0.0763961670087637,,,,,,,,ALL_N1,,,,,,,
IT1:DF_DCSS_ISTR_LAV_PEN_2_TV_3(1.0),A,082067,RESPOP_AV,M,Y_GE65,TOTAL,ALL,5,ALL,ALL,2023,0.09444650848412499,,,,,,,,ALL_N1,,,,,,,
IT1:DF_DCSS_ISTR_LAV_PEN_2_TV_3(1.0),A,082067,RESPOP_AV,M,Y_GE65,TOTAL,ALL,5,ALL,ALL,2024,0.04703590062405272,,,,,,,,ALL_N1,,,,,,,
IT1:DF_DCSS_ISTR_LAV_PEN_2_TV_3(1.0),A,082067,RESPOP_AV,M,Y_GE65,TOTAL,ALL,7,ALL,ALL,2018,146,,,,,,,,ALL_N1,,,,,,,
IT1:DF_DCSS_ISTR_LAV_PEN_2_TV_3(1.0),A,082067,RESPOP_AV,M,Y_GE65,TOTAL,ALL,7,ALL,ALL,2019,122,,,,,,,,ALL_N1,,,,,,,
IT1:DF_DCSS_ISTR_LAV_PEN_2_TV_3(1.0),A,082067,RESPOP_AV,M,Y_GE65,TOTAL,ALL,7,ALL,ALL,2021,133.242537859461,,,,,,,,ALL_N1,,,,,,,
IT1:DF_DCSS_ISTR_LAV_PEN_2_TV_3(1.0),A,082067,RESPOP_AV,M,Y_GE65,TOTAL,ALL,7,ALL,ALL,2022,143.580839615148,,,,,,,,ALL_N1,,,,,,,
IT1:DF_DCSS_ISTR_LAV_PEN_2_TV_3(1.0),A,082067,RESPOP_AV,M,Y_GE65,TOTAL,ALL,7,ALL,ALL,2023,186.3869986469456,,,,,,,,ALL_N1,,,,,,,
IT1:DF_DCSS_ISTR_LAV_PEN_2_TV_3(1.0),A,082067,RESPOP_AV,M,Y_GE65,TOTAL,ALL,7,ALL,ALL,2024,159.68797311131925,,,,,,,,ALL_N1,,,,,,,
IT1:DF_DCSS_ISTR_LAV_PEN_2_TV_3(1.0),A,082067,RESPOP_AV,M,Y_GE65,TOTAL,ALL,99,ALL,ALL,2018,1006,,,,,,,,ALL_N1,99_N1,,,,,,
IT1:DF_DCSS_ISTR_LAV_PEN_2_TV_3(1.0),A,082067,RESPOP_AV,M,Y_GE65,TOTAL,ALL,99,ALL,ALL,2019,1017,,,,,,,,ALL_N1,99_N1,,,,,,
IT1:DF_DCSS_ISTR_LAV_PEN_2_TV_3(1.0),A,082067,RESPOP_AV,M,Y_GE65,TOTAL,ALL,99,ALL,ALL,2020,1049,,,,,,,,ALL_N1,99_N1,,,,,,
IT1:DF_DCSS_ISTR_LAV_PEN_2_TV_3(1.0),A,082067,RESPOP_AV,M,Y_GE65,TOTAL,ALL,99,ALL,ALL,2021,1068,,,,,,,,ALL_N1,99_N1,,,,,,
IT1:DF_DCSS_ISTR_LAV_PEN_2_TV_3(1.0),A,082067,RESPOP_AV,M,Y_GE65,TOTAL,ALL,99,ALL,ALL,2022,1100,,,,,,,,ALL_N1,99_N1,,,,,,
IT1:DF_DCSS_ISTR_LAV_PEN_2_TV_3(1.0),A,082067,RESPOP_AV,M,Y_GE65,TOTAL,ALL,99,ALL,ALL,2023,1110,,,,,,,,ALL_N1,99_N1,,,,,,
IT1:DF_DCSS_ISTR_LAV_PEN_2_TV_3(1.0),A,082067,RESPOP_AV,M,Y_GE65,TOTAL,ALL,99,ALL,ALL,2024,1148,,,,,,,,ALL_N1,99_N1,,,,,,
IT1:DF_DCSS_ISTR_LAV_PEN_2_TV_3(1.0),A,082067,RESPOP_AV,M,Y15-24,TOTAL,ALL,1,ALL,ALL,2018,90,,,,,,,,ALL_N1,,,,,,,
IT1:DF_DCSS_ISTR_LAV_PEN_2_TV_3(1.0),A,082067,RESPOP_AV,M,Y15-24,TOTAL,ALL,1,ALL,ALL,2019,79,,,,,,,,ALL_N1,,,,,,,
IT1:DF_DCSS_ISTR_LAV_PEN_2_TV_3(1.0),A,082067,RESPOP_AV,M,Y15-24,TOTAL,ALL,1,ALL,ALL,2021,93,,,,,,,,ALL_N1,,,,,,,
IT1:DF_DCSS_ISTR_LAV_PEN_2_TV_3(1.0),A,082067,RESPOP_AV,M,Y15-24,TOTAL,ALL,1,ALL,ALL,2022,98,,,,,,,,ALL_N1,,,,,,,
IT1:DF_DCSS_ISTR_LAV_PEN_2_TV_3(1.0),A,082067,RESPOP_AV,M,Y15-24,TOTAL,ALL,1,ALL,ALL,2023,111,,,,,,,,ALL_N1,,,,,,,
IT1:DF_DCSS_ISTR_LAV_PEN_2_TV_3(1.0),A,082067,RESPOP_AV,M,Y15-24,TOTAL,ALL,1,ALL,ALL,2024,107,,,,,,,,ALL_N1,,,,,,,
IT1:DF_DCSS_ISTR_LAV_PEN_2_TV_3(1.0),A,082067,RESPOP_AV,M,Y15-24,TOTAL,ALL,12,ALL,ALL,2018,108,,,,,,,,ALL_N1,,,,,,,
IT1:DF_DCSS_ISTR_LAV_PEN_2_TV_3(1.0),A,082067,RESPOP_AV,M,Y15-24,TOTAL,ALL,12,ALL,ALL,2019,108,,,,,,,,ALL_N1,,,,,,,
IT1:DF_DCSS_ISTR_LAV_PEN_2_TV_3(1.0),A,082067,RESPOP_AV,M,Y15-24,TOTAL,ALL,12,ALL,ALL,2021,66.4649487884148,,,,,,,,ALL_N1,,,,,,,
IT1:DF_DCSS_ISTR_LAV_PEN_2_TV_3(1.0),A,082067,RESPOP_AV,M,Y15-24,TOTAL,ALL,12,ALL,ALL,2022,58.6599248999231,,,,,,,,ALL_N1,,,,,,,
IT1:DF_DCSS_ISTR_LAV_PEN_2_TV_3(1.0),A,082067,RESPOP_AV,M,Y15-24,TOTAL,ALL,12,ALL,ALL,2023,62.77590453078085,,,,,,,,ALL_N1,,,,,,,
IT1:DF_DCSS_ISTR_LAV_PEN_2_TV_3(1.0),A,082067,RESPOP_AV,M,Y15-24,TOTAL,ALL,12,ALL,ALL,2024,42.29006793044472,,,,,,,,ALL_N1,,,,,,,
IT1:DF_DCSS_ISTR_LAV_PEN_2_TV_3(1.0),A,082067,RESPOP_AV,M,Y15-24,TOTAL,ALL,22,ALL,ALL,2018,198,,,,,,,,ALL_N1,,,,,,,
IT1:DF_DCSS_ISTR_LAV_PEN_2_TV_3(1.0),A,082067,RESPOP_AV,M,Y15-24,TOTAL,ALL,22,ALL,ALL,2019,187,,,,,,,,ALL_N1,,,,,,,
IT1:DF_DCSS_ISTR_LAV_PEN_2_TV_3(1.0),A,082067,RESPOP_AV,M,Y15-24,TOTAL,ALL,22,ALL,ALL,2021,159.464948788415,,,,,,,,ALL_N1,,,,,,,
IT1:DF_DCSS_ISTR_LAV_PEN_2_TV_3(1.0),A,082067,RESPOP_AV,M,Y15-24,TOTAL,ALL,22,ALL,ALL,2022,156.659924899923,,,,,,,,ALL_N1,,,,,,,
IT1:DF_DCSS_ISTR_LAV_PEN_2_TV_3(1.0),A,082067,RESPOP_AV,M,Y15-24,TOTAL,ALL,22,ALL,ALL,2023,173.77590453078085,,,,,,,,ALL_N1,,,,,,,
IT1:DF_DCSS_ISTR_LAV_PEN_2_TV_3(1.0),A,082067,RESPOP_AV,M,Y15-24,TOTAL,ALL,22,ALL,ALL,2024,149.29006793044474,,,,,,,,ALL_N1,,,,,,,
IT1:DF_DCSS_ISTR_LAV_PEN_2_TV_3(1.0),A,082067,RESPOP_AV,M,Y15-24,TOTAL,ALL,23,ALL,ALL,2018,408,,,,,,,,ALL_N1,,,,,,,
IT1:DF_DCSS_ISTR_LAV_PEN_2_TV_3(1.0),A,082067,RESPOP_AV,M,Y15-24,TOTAL,ALL,23,ALL,ALL,2019,394,,,,,,,,ALL_N1,,,,,,,
IT1:DF_DCSS_ISTR_LAV_PEN_2_TV_3(1.0),A,082067,RESPOP_AV,M,Y15-24,TOTAL,ALL,23,ALL,ALL,2021,421.535051211585,,,,,,,,ALL_N1,,,,,,,
IT1:DF_DCSS_ISTR_LAV_PEN_2_TV_3(1.0),A,082067,RESPOP_AV,M,Y15-24,TOTAL,ALL,23,ALL,ALL,2022,431.340075100077,,,,,,,,ALL_N1,,,,,,,
IT1:DF_DCSS_ISTR_LAV_PEN_2_TV_3(1.0),A,082067,RESPOP_AV,M,Y15-24,TOTAL,ALL,23,ALL,ALL,2023,430.2240954692191,,,,,,,,ALL_N1,,,,,,,
IT1:DF_DCSS_ISTR_LAV_PEN_2_TV_3(1.0),A,082067,RESPOP_AV,M,Y15-24,TOTAL,ALL,23,ALL,ALL,2024,449.7099320695553,,,,,,,,ALL_N1,,,,,,,
IT1:DF_DCSS_ISTR_LAV_PEN_2_TV_3(1.0),A,082067,RESPOP_AV,M,Y15-24,TOTAL,ALL,24,ALL,ALL,2018,1,,,,,,,,ALL_N1,,,,,,,
IT1:DF_DCSS_ISTR_LAV_PEN_2_TV_3(1.0),A,082067,RESPOP_AV,M,Y15-24,TOTAL,ALL,24,ALL,ALL,2019,2,,,,,,,,ALL_N1,,,,,,,
IT1:DF_DCSS_ISTR_LAV_PEN_2_TV_3(1.0),A,082067,RESPOP_AV,M,Y15-24,TOTAL,ALL,24,ALL,ALL,2021,2.18584125169178,,,,,,,,ALL_N1,,,,,,,
IT1:DF_DCSS_ISTR_LAV_PEN_2_TV_3(1.0),A,082067,RESPOP_AV,M,Y15-24,TOTAL,ALL,24,ALL,ALL,2022,1.75559050803818,,,,,,,,ALL_N1,,,,,,,
IT1:DF_DCSS_ISTR_LAV_PEN_2_TV_3(1.0),A,082067,RESPOP_AV,M,Y15-24,TOTAL,ALL,24,ALL,ALL,2023,1.209120606083676,,,,,,,,ALL_N1,,,,,,,
IT1:DF_DCSS_ISTR_LAV_PEN_2_TV_3(1.0),A,082067,RESPOP_AV,M,Y15-24,TOTAL,ALL,24,ALL,ALL,2024,2.086467281249788,,,,,,,,ALL_N1,,,,,,,
IT1:DF_DCSS_ISTR_LAV_PEN_2_TV_3(1.0),A,082067,RESPOP_AV,M,Y15-24,TOTAL,ALL,4,ALL,ALL,2018,5,,,,,,,,ALL_N1,,,,,,,
IT1:DF_DCSS_ISTR_LAV_PEN_2_TV_3(1.0),A,082067,RESPOP_AV,M,Y15-24,TOTAL,ALL,4,ALL,ALL,2019,5,,,,,,,,ALL_N1,,,,,,,
IT1:DF_DCSS_ISTR_LAV_PEN_2_TV_3(1.0),A,082067,RESPOP_AV,M,Y15-24,TOTAL,ALL,4,ALL,ALL,2021,7.93930393314312,,,,,,,,ALL_N1,,,,,,,
IT1:DF_DCSS_ISTR_LAV_PEN_2_TV_3(1.0),A,082067,RESPOP_AV,M,Y15-24,TOTAL,ALL,4,ALL,ALL,2022,7.02659891315639,,,,,,,,ALL_N1,,,,,,,
IT1:DF_DCSS_ISTR_LAV_PEN_2_TV_3(1.0),A,082067,RESPOP_AV,M,Y15-24,TOTAL,ALL,4,ALL,ALL,2023,9.080141380062276,,,,,,,,ALL_N1,,,,,,,
IT1:DF_DCSS_ISTR_LAV_PEN_2_TV_3(1.0),A,082067,RESPOP_AV,M,Y15-24,TOTAL,ALL,4,ALL,ALL,2024,7.5939293748836105,,,,,,,,ALL_N1,,,,,,,
IT1:DF_DCSS_ISTR_LAV_PEN_2_TV_3(1.0),A,082067,RESPOP_AV,M,Y15-24,TOTAL,ALL,5,ALL,ALL,2018,293,,,,,,,,ALL_N1,,,,,,,
IT1:DF_DCSS_ISTR_LAV_PEN_2_TV_3(1.0),A,082067,RESPOP_AV,M,Y15-24,TOTAL,ALL,5,ALL,ALL,2019,312,,,,,,,,ALL_N1,,,,,,,
IT1:DF_DCSS_ISTR_LAV_PEN_2_TV_3(1.0),A,082067,RESPOP_AV,M,Y15-24,TOTAL,ALL,5,ALL,ALL,2021,321.222942530964,,,,,,,,ALL_N1,,,,,,,
IT1:DF_DCSS_ISTR_LAV_PEN_2_TV_3(1.0),A,082067,RESPOP_AV,M,Y15-24,TOTAL,ALL,5,ALL,ALL,2022,344.785243906639,,,,,,,,ALL_N1,,,,,,,
IT1:DF_DCSS_ISTR_LAV_PEN_2_TV_3(1.0),A,082067,RESPOP_AV,M,Y15-24,TOTAL,ALL,5,ALL,ALL,2023,337.981994418855,,,,,,,,ALL_N1,,,,,,,
IT1:DF_DCSS_ISTR_LAV_PEN_2_TV_3(1.0),A,082067,RESPOP_AV,M,Y15-24,TOTAL,ALL,5,ALL,ALL,2024,364.54888239625063,,,,,,,,ALL_N1,,,,,,,
IT1:DF_DCSS_ISTR_LAV_PEN_2_TV_3(1.0),A,082067,RESPOP_AV,M,Y15-24,TOTAL,ALL,7,ALL,ALL,2018,109,,,,,,,,ALL_N1,,,,,,,
IT1:DF_DCSS_ISTR_LAV_PEN_2_TV_3(1.0),A,082067,RESPOP_AV,M,Y15-24,TOTAL,ALL,7,ALL,ALL,2019,75,,,,,,,,ALL_N1,,,,,,,
IT1:DF_DCSS_ISTR_LAV_PEN_2_TV_3(1.0),A,082067,RESPOP_AV,M,Y15-24,TOTAL,ALL,7,ALL,ALL,2021,90.1869634957864,,,,,,,,ALL_N1,,,,,,,
IT1:DF_DCSS_ISTR_LAV_PEN_2_TV_3(1.0),A,082067,RESPOP_AV,M,Y15-24,TOTAL,ALL,7,ALL,ALL,2022,77.7726417722434,,,,,,,,ALL_N1,,,,,,,
IT1:DF_DCSS_ISTR_LAV_PEN_2_TV_3(1.0),A,082067,RESPOP_AV,M,Y15-24,TOTAL,ALL,7,ALL,ALL,2023,81.95283906421815,,,,,,,,ALL_N1,,,,,,,
IT1:DF_DCSS_ISTR_LAV_PEN_2_TV_3(1.0),A,082067,RESPOP_AV,M,Y15-24,TOTAL,ALL,7,ALL,ALL,2024,75.48065301717129,,,,,,,,ALL_N1,,,,,,,
IT1:DF_DCSS_ISTR_LAV_PEN_2_TV_3(1.0),A,082067,RESPOP_AV,M,Y15-24,TOTAL,ALL,99,ALL,ALL,2018,606,,,,,,,,ALL_N1,99_N1,,,,,,
IT1:DF_DCSS_ISTR_LAV_PEN_2_TV_3(1.0),A,082067,RESPOP_AV,M,Y15-24,TOTAL,ALL,99,ALL,ALL,2019,581,,,,,,,,ALL_N1,99_N1,,,,,,
IT1:DF_DCSS_ISTR_LAV_PEN_2_TV_3(1.0),A,082067,RESPOP_AV,M,Y15-24,TOTAL,ALL,99,ALL,ALL,2021,581,,,,,,,,ALL_N1,99_N1,,,,,,
IT1:DF_DCSS_ISTR_LAV_PEN_2_TV_3(1.0),A,082067,RESPOP_AV,M,Y15-24,TOTAL,ALL,99,ALL,ALL,2022,588,,,,,,,,ALL_N1,99_N1,,,,,,
IT1:DF_DCSS_ISTR_LAV_PEN_2_TV_3(1.0),A,082067,RESPOP_AV,M,Y15-24,TOTAL,ALL,99,ALL,ALL,2023,604,,,,,,,,ALL_N1,99_N1,,,,,,
IT1:DF_DCSS_ISTR_LAV_PEN_2_TV_3(1.0),A,082067,RESPOP_AV,M,Y15-24,TOTAL,ALL,99,ALL,ALL,2024,599,,,,,,,,ALL_N1,99_N1,,,,,,
IT1:DF_DCSS_ISTR_LAV_PEN_2_TV_3(1.0),A,082067,RESPOP_AV,M,Y25-49,TOTAL,ALL,1,ALL,ALL,2018,1092,,,,,,,,ALL_N1,,,,,,,
IT1:DF_DCSS_ISTR_LAV_PEN_2_TV_3(1.0),A,082067,RESPOP_AV,M,Y25-49,TOTAL,ALL,1,ALL,ALL,2019,1129,,,,,,,,ALL_N1,,,,,,,
IT1:DF_DCSS_ISTR_LAV_PEN_2_TV_3(1.0),A,082067,RESPOP_AV,M,Y25-49,TOTAL,ALL,1,ALL,ALL,2021,1166,,,,,,,,ALL_N1,,,,,,,
IT1:DF_DCSS_ISTR_LAV_PEN_2_TV_3(1.0),A,082067,RESPOP_AV,M,Y25-49,TOTAL,ALL,1,ALL,ALL,2022,1186,,,,,,,,ALL_N1,,,,,,,
IT1:DF_DCSS_ISTR_LAV_PEN_2_TV_3(1.0),A,082067,RESPOP_AV,M,Y25-49,TOTAL,ALL,1,ALL,ALL,2023,1183,,,,,,,,ALL_N1,,,,,,,
IT1:DF_DCSS_ISTR_LAV_PEN_2_TV_3(1.0),A,082067,RESPOP_AV,M,Y25-49,TOTAL,ALL,1,ALL,ALL,2024,1165,,,,,,,,ALL_N1,,,,,,,
IT1:DF_DCSS_ISTR_LAV_PEN_2_TV_3(1.0),A,082067,RESPOP_AV,M,Y25-49,TOTAL,ALL,12,ALL,ALL,2018,375,,,,,,,,ALL_N1,,,,,,,
IT1:DF_DCSS_ISTR_LAV_PEN_2_TV_3(1.0),A,082067,RESPOP_AV,M,Y25-49,TOTAL,ALL,12,ALL,ALL,2019,371,,,,,,,,ALL_N1,,,,,,,
IT1:DF_DCSS_ISTR_LAV_PEN_2_TV_3(1.0),A,082067,RESPOP_AV,M,Y25-49,TOTAL,ALL,12,ALL,ALL,2021,207.371724106223,,,,,,,,ALL_N1,,,,,,,
IT1:DF_DCSS_ISTR_LAV_PEN_2_TV_3(1.0),A,082067,RESPOP_AV,M,Y25-49,TOTAL,ALL,12,ALL,ALL,2022,179.463655820005,,,,,,,,ALL_N1,,,,,,,
IT1:DF_DCSS_ISTR_LAV_PEN_2_TV_3(1.0),A,082067,RESPOP_AV,M,Y25-49,TOTAL,ALL,12,ALL,ALL,2023,164.04299782941493,,,,,,,,ALL_N1,,,,,,,
IT1:DF_DCSS_ISTR_LAV_PEN_2_TV_3(1.0),A,082067,RESPOP_AV,M,Y25-49,TOTAL,ALL,12,ALL,ALL,2024,140.7742195804909,,,,,,,,ALL_N1,,,,,,,
IT1:DF_DCSS_ISTR_LAV_PEN_2_TV_3(1.0),A,082067,RESPOP_AV,M,Y25-49,TOTAL,ALL,22,ALL,ALL,2018,1467,,,,,,,,ALL_N1,,,,,,,
IT1:DF_DCSS_ISTR_LAV_PEN_2_TV_3(1.0),A,082067,RESPOP_AV,M,Y25-49,TOTAL,ALL,22,ALL,ALL,2019,1500,,,,,,,,ALL_N1,,,,,,,
IT1:DF_DCSS_ISTR_LAV_PEN_2_TV_3(1.0),A,082067,RESPOP_AV,M,Y25-49,TOTAL,ALL,22,ALL,ALL,2021,1373.37172410622,,,,,,,,ALL_N1,,,,,,,
IT1:DF_DCSS_ISTR_LAV_PEN_2_TV_3(1.0),A,082067,RESPOP_AV,M,Y25-49,TOTAL,ALL,22,ALL,ALL,2022,1365.46365582001,,,,,,,,ALL_N1,,,,,,,
IT1:DF_DCSS_ISTR_LAV_PEN_2_TV_3(1.0),A,082067,RESPOP_AV,M,Y25-49,TOTAL,ALL,22,ALL,ALL,2023,1347.0429978294148,,,,,,,,ALL_N1,,,,,,,
IT1:DF_DCSS_ISTR_LAV_PEN_2_TV_3(1.0),A,082067,RESPOP_AV,M,Y25-49,TOTAL,ALL,22,ALL,ALL,2024,1305.7742195804908,,,,,,,,ALL_N1,,,,,,,
IT1:DF_DCSS_ISTR_LAV_PEN_2_TV_3(1.0),A,082067,RESPOP_AV,M,Y25-49,TOTAL,ALL,23,ALL,ALL,2018,360,,,,,,,,ALL_N1,,,,,,,
IT1:DF_DCSS_ISTR_LAV_PEN_2_TV_3(1.0),A,082067,RESPOP_AV,M,Y25-49,TOTAL,ALL,23,ALL,ALL,2019,317,,,,,,,,ALL_N1,,,,,,,
IT1:DF_DCSS_ISTR_LAV_PEN_2_TV_3(1.0),A,082067,RESPOP_AV,M,Y25-49,TOTAL,ALL,23,ALL,ALL,2021,374.628275893778,,,,,,,,ALL_N1,,,,,,,
IT1:DF_DCSS_ISTR_LAV_PEN_2_TV_3(1.0),A,082067,RESPOP_AV,M,Y25-49,TOTAL,ALL,23,ALL,ALL,2022,369.536344179995,,,,,,,,ALL_N1,,,,,,,
IT1:DF_DCSS_ISTR_LAV_PEN_2_TV_3(1.0),A,082067,RESPOP_AV,M,Y25-49,TOTAL,ALL,23,ALL,ALL,2023,341.95700217058516,,,,,,,,ALL_N1,,,,,,,
IT1:DF_DCSS_ISTR_LAV_PEN_2_TV_3(1.0),A,082067,RESPOP_AV,M,Y25-49,TOTAL,ALL,23,ALL,ALL,2024,372.22578041950914,,,,,,,,ALL_N1,,,,,,,
IT1:DF_DCSS_ISTR_LAV_PEN_2_TV_3(1.0),A,082067,RESPOP_AV,M,Y25-49,TOTAL,ALL,24,ALL,ALL,2018,24,,,,,,,,ALL_N1,,,,,,,
IT1:DF_DCSS_ISTR_LAV_PEN_2_TV_3(1.0),A,082067,RESPOP_AV,M,Y25-49,TOTAL,ALL,24,ALL,ALL,2019,28,,,,,,,,ALL_N1,,,,,,,
IT1:DF_DCSS_ISTR_LAV_PEN_2_TV_3(1.0),A,082067,RESPOP_AV,M,Y25-49,TOTAL,ALL,24,ALL,ALL,2021,22.9077267092565,,,,,,,,ALL_N1,,,,,,,
IT1:DF_DCSS_ISTR_LAV_PEN_2_TV_3(1.0),A,082067,RESPOP_AV,M,Y25-49,TOTAL,ALL,24,ALL,ALL,2022,22.1471740490008,,,,,,,,ALL_N1,,,,,,,
IT1:DF_DCSS_ISTR_LAV_PEN_2_TV_3(1.0),A,082067,RESPOP_AV,M,Y25-49,TOTAL,ALL,24,ALL,ALL,2023,19.874814003104692,,,,,,,,ALL_N1,,,,,,,
IT1:DF_DCSS_ISTR_LAV_PEN_2_TV_3(1.0),A,082067,RESPOP_AV,M,Y25-49,TOTAL,ALL,24,ALL,ALL,2024,30.706748138292554,,,,,,,,ALL_N1,,,,,,,
IT1:DF_DCSS_ISTR_LAV_PEN_2_TV_3(1.0),A,082067,RESPOP_AV,M,Y25-49,TOTAL,ALL,4,ALL,ALL,2018,43,,,,,,,,ALL_N1,,,,,,,
IT1:DF_DCSS_ISTR_LAV_PEN_2_TV_3(1.0),A,082067,RESPOP_AV,M,Y25-49,TOTAL,ALL,4,ALL,ALL,2019,40,,,,,,,,ALL_N1,,,,,,,
IT1:DF_DCSS_ISTR_LAV_PEN_2_TV_3(1.0),A,082067,RESPOP_AV,M,Y25-49,TOTAL,ALL,4,ALL,ALL,2021,64.0123475279484,,,,,,,,ALL_N1,,,,,,,
IT1:DF_DCSS_ISTR_LAV_PEN_2_TV_3(1.0),A,082067,RESPOP_AV,M,Y25-49,TOTAL,ALL,4,ALL,ALL,2022,63.8511447989238,,,,,,,,ALL_N1,,,,,,,
IT1:DF_DCSS_ISTR_LAV_PEN_2_TV_3(1.0),A,082067,RESPOP_AV,M,Y25-49,TOTAL,ALL,4,ALL,ALL,2023,62.50148059715406,,,,,,,,ALL_N1,,,,,,,
IT1:DF_DCSS_ISTR_LAV_PEN_2_TV_3(1.0),A,082067,RESPOP_AV,M,Y25-49,TOTAL,ALL,4,ALL,ALL,2024,62.59705374437067,,,,,,,,ALL_N1,,,,,,,
IT1:DF_DCSS_ISTR_LAV_PEN_2_TV_3(1.0),A,082067,RESPOP_AV,M,Y25-49,TOTAL,ALL,5,ALL,ALL,2018,41,,,,,,,,ALL_N1,,,,,,,
IT1:DF_DCSS_ISTR_LAV_PEN_2_TV_3(1.0),A,082067,RESPOP_AV,M,Y25-49,TOTAL,ALL,5,ALL,ALL,2019,42,,,,,,,,ALL_N1,,,,,,,
IT1:DF_DCSS_ISTR_LAV_PEN_2_TV_3(1.0),A,082067,RESPOP_AV,M,Y25-49,TOTAL,ALL,5,ALL,ALL,2021,33.5739116727446,,,,,,,,ALL_N1,,,,,,,
IT1:DF_DCSS_ISTR_LAV_PEN_2_TV_3(1.0),A,082067,RESPOP_AV,M,Y25-49,TOTAL,ALL,5,ALL,ALL,2022,37.9022447197295,,,,,,,,ALL_N1,,,,,,,
IT1:DF_DCSS_ISTR_LAV_PEN_2_TV_3(1.0),A,082067,RESPOP_AV,M,Y25-49,TOTAL,ALL,5,ALL,ALL,2023,27.408891664427017,,,,,,,,ALL_N1,,,,,,,
IT1:DF_DCSS_ISTR_LAV_PEN_2_TV_3(1.0),A,082067,RESPOP_AV,M,Y25-49,TOTAL,ALL,5,ALL,ALL,2024,30.209185934824287,,,,,,,,ALL_N1,,,,,,,
IT1:DF_DCSS_ISTR_LAV_PEN_2_TV_3(1.0),A,082067,RESPOP_AV,M,Y25-49,TOTAL,ALL,7,ALL,ALL,2018,252,,,,,,,,ALL_N1,,,,,,,
IT1:DF_DCSS_ISTR_LAV_PEN_2_TV_3(1.0),A,082067,RESPOP_AV,M,Y25-49,TOTAL,ALL,7,ALL,ALL,2019,207,,,,,,,,ALL_N1,,,,,,,
IT1:DF_DCSS_ISTR_LAV_PEN_2_TV_3(1.0),A,082067,RESPOP_AV,M,Y25-49,TOTAL,ALL,7,ALL,ALL,2021,254.134289983828,,,,,,,,ALL_N1,,,,,,,
IT1:DF_DCSS_ISTR_LAV_PEN_2_TV_3(1.0),A,082067,RESPOP_AV,M,Y25-49,TOTAL,ALL,7,ALL,ALL,2022,245.635780612341,,,,,,,,ALL_N1,,,,,,,
IT1:DF_DCSS_ISTR_LAV_PEN_2_TV_3(1.0),A,082067,RESPOP_AV,M,Y25-49,TOTAL,ALL,7,ALL,ALL,2023,232.1718159058994,,,,,,,,ALL_N1,,,,,,,
IT1:DF_DCSS_ISTR_LAV_PEN_2_TV_3(1.0),A,082067,RESPOP_AV,M,Y25-49,TOTAL,ALL,7,ALL,ALL,2024,248.71279260202164,,,,,,,,ALL_N1,,,,,,,
IT1:DF_DCSS_ISTR_LAV_PEN_2_TV_3(1.0),A,082067,RESPOP_AV,M,Y25-49,TOTAL,ALL,99,ALL,ALL,2018,1827,,,,,,,,ALL_N1,99_N1,,,,,,
IT1:DF_DCSS_ISTR_LAV_PEN_2_TV_3(1.0),A,082067,RESPOP_AV,M,Y25-49,TOTAL,ALL,99,ALL,ALL,2019,1817,,,,,,,,ALL_N1,99_N1,,,,,,
IT1:DF_DCSS_ISTR_LAV_PEN_2_TV_3(1.0),A,082067,RESPOP_AV,M,Y25-49,TOTAL,ALL,99,ALL,ALL,2020,1751,,,,,,,,ALL_N1,99_N1,,,,,,
IT1:DF_DCSS_ISTR_LAV_PEN_2_TV_3(1.0),A,082067,RESPOP_AV,M,Y25-49,TOTAL,ALL,99,ALL,ALL,2021,1748,,,,,,,,ALL_N1,99_N1,,,,,,
IT1:DF_DCSS_ISTR_LAV_PEN_2_TV_3(1.0),A,082067,RESPOP_AV,M,Y25-49,TOTAL,ALL,99,ALL,ALL,2022,1735,,,,,,,,ALL_N1,99_N1,,,,,,
IT1:DF_DCSS_ISTR_LAV_PEN_2_TV_3(1.0),A,082067,RESPOP_AV,M,Y25-49,TOTAL,ALL,99,ALL,ALL,2023,1689,,,,,,,,ALL_N1,99_N1,,,,,,
IT1:DF_DCSS_ISTR_LAV_PEN_2_TV_3(1.0),A,082067,RESPOP_AV,M,Y25-49,TOTAL,ALL,99,ALL,ALL,2024,1678,,,,,,,,ALL_N1,99_N1,,,,,,
IT1:DF_DCSS_ISTR_LAV_PEN_2_TV_3(1.0),A,082067,RESPOP_AV,M,Y50-64,TOTAL,ALL,1,ALL,ALL,2018,674,,,,,,,,ALL_N1,,,,,,,
IT1:DF_DCSS_ISTR_LAV_PEN_2_TV_3(1.0),A,082067,RESPOP_AV,M,Y50-64,TOTAL,ALL,1,ALL,ALL,2019,644,,,,,,,,ALL_N1,,,,,,,
IT1:DF_DCSS_ISTR_LAV_PEN_2_TV_3(1.0),A,082067,RESPOP_AV,M,Y50-64,TOTAL,ALL,1,ALL,ALL,2021,720,,,,,,,,ALL_N1,,,,,,,
IT1:DF_DCSS_ISTR_LAV_PEN_2_TV_3(1.0),A,082067,RESPOP_AV,M,Y50-64,TOTAL,ALL,1,ALL,ALL,2022,729,,,,,,,,ALL_N1,,,,,,,
IT1:DF_DCSS_ISTR_LAV_PEN_2_TV_3(1.0),A,082067,RESPOP_AV,M,Y50-64,TOTAL,ALL,1,ALL,ALL,2023,816,,,,,,,,ALL_N1,,,,,,,
IT1:DF_DCSS_ISTR_LAV_PEN_2_TV_3(1.0),A,082067,RESPOP_AV,M,Y50-64,TOTAL,ALL,1,ALL,ALL,2024,823,,,,,,,,ALL_N1,,,,,,,
IT1:DF_DCSS_ISTR_LAV_PEN_2_TV_3(1.0),A,082067,RESPOP_AV,M,Y50-64,TOTAL,ALL,12,ALL,ALL,2018,153,,,,,,,,ALL_N1,,,,,,,
IT1:DF_DCSS_ISTR_LAV_PEN_2_TV_3(1.0),A,082067,RESPOP_AV,M,Y50-64,TOTAL,ALL,12,ALL,ALL,2019,184,,,,,,,,ALL_N1,,,,,,,
IT1:DF_DCSS_ISTR_LAV_PEN_2_TV_3(1.0),A,082067,RESPOP_AV,M,Y50-64,TOTAL,ALL,12,ALL,ALL,2021,94.9019867505064,,,,,,,,ALL_N1,,,,,,,
IT1:DF_DCSS_ISTR_LAV_PEN_2_TV_3(1.0),A,082067,RESPOP_AV,M,Y50-64,TOTAL,ALL,12,ALL,ALL,2022,84.5259400572219,,,,,,,,ALL_N1,,,,,,,
IT1:DF_DCSS_ISTR_LAV_PEN_2_TV_3(1.0),A,082067,RESPOP_AV,M,Y50-64,TOTAL,ALL,12,ALL,ALL,2023,79.71970106809226,,,,,,,,ALL_N1,,,,,,,
IT1:DF_DCSS_ISTR_LAV_PEN_2_TV_3(1.0),A,082067,RESPOP_AV,M,Y50-64,TOTAL,ALL,12,ALL,ALL,2024,72.82049500133681,,,,,,,,ALL_N1,,,,,,,
IT1:DF_DCSS_ISTR_LAV_PEN_2_TV_3(1.0),A,082067,RESPOP_AV,M,Y50-64,TOTAL,ALL,22,ALL,ALL,2018,827,,,,,,,,ALL_N1,,,,,,,
IT1:DF_DCSS_ISTR_LAV_PEN_2_TV_3(1.0),A,082067,RESPOP_AV,M,Y50-64,TOTAL,ALL,22,ALL,ALL,2019,828,,,,,,,,ALL_N1,,,,,,,
IT1:DF_DCSS_ISTR_LAV_PEN_2_TV_3(1.0),A,082067,RESPOP_AV,M,Y50-64,TOTAL,ALL,22,ALL,ALL,2021,814.901986750506,,,,,,,,ALL_N1,,,,,,,
IT1:DF_DCSS_ISTR_LAV_PEN_2_TV_3(1.0),A,082067,RESPOP_AV,M,Y50-64,TOTAL,ALL,22,ALL,ALL,2022,813.525940057222,,,,,,,,ALL_N1,,,,,,,
IT1:DF_DCSS_ISTR_LAV_PEN_2_TV_3(1.0),A,082067,RESPOP_AV,M,Y50-64,TOTAL,ALL,22,ALL,ALL,2023,895.7197010680923,,,,,,,,ALL_N1,,,,,,,
IT1:DF_DCSS_ISTR_LAV_PEN_2_TV_3(1.0),A,082067,RESPOP_AV,M,Y50-64,TOTAL,ALL,22,ALL,ALL,2024,895.8204950013368,,,,,,,,ALL_N1,,,,,,,
IT1:DF_DCSS_ISTR_LAV_PEN_2_TV_3(1.0),A,082067,RESPOP_AV,M,Y50-64,TOTAL,ALL,23,ALL,ALL,2018,291,,,,,,,,ALL_N1,,,,,,,
IT1:DF_DCSS_ISTR_LAV_PEN_2_TV_3(1.0),A,082067,RESPOP_AV,M,Y50-64,TOTAL,ALL,23,ALL,ALL,2019,303,,,,,,,,ALL_N1,,,,,,,
IT1:DF_DCSS_ISTR_LAV_PEN_2_TV_3(1.0),A,082067,RESPOP_AV,M,Y50-64,TOTAL,ALL,23,ALL,ALL,2021,348.098013249494,,,,,,,,ALL_N1,,,,,,,
IT1:DF_DCSS_ISTR_LAV_PEN_2_TV_3(1.0),A,082067,RESPOP_AV,M,Y50-64,TOTAL,ALL,23,ALL,ALL,2022,347.474059942778,,,,,,,,ALL_N1,,,,,,,
IT1:DF_DCSS_ISTR_LAV_PEN_2_TV_3(1.0),A,082067,RESPOP_AV,M,Y50-64,TOTAL,ALL,23,ALL,ALL,2023,326.28029893190774,,,,,,,,ALL_N1,,,,,,,
IT1:DF_DCSS_ISTR_LAV_PEN_2_TV_3(1.0),A,082067,RESPOP_AV,M,Y50-64,TOTAL,ALL,23,ALL,ALL,2024,342.1795049986631,,,,,,,,ALL_N1,,,,,,,
IT1:DF_DCSS_ISTR_LAV_PEN_2_TV_3(1.0),A,082067,RESPOP_AV,M,Y50-64,TOTAL,ALL,24,ALL,ALL,2018,86,,,,,,,,ALL_N1,,,,,,,
IT1:DF_DCSS_ISTR_LAV_PEN_2_TV_3(1.0),A,082067,RESPOP_AV,M,Y50-64,TOTAL,ALL,24,ALL,ALL,2019,108,,,,,,,,ALL_N1,,,,,,,
IT1:DF_DCSS_ISTR_LAV_PEN_2_TV_3(1.0),A,082067,RESPOP_AV,M,Y50-64,TOTAL,ALL,24,ALL,ALL,2021,101.934627378639,,,,,,,,ALL_N1,,,,,,,
IT1:DF_DCSS_ISTR_LAV_PEN_2_TV_3(1.0),A,082067,RESPOP_AV,M,Y50-64,TOTAL,ALL,24,ALL,ALL,2022,81.9377090327909,,,,,,,,ALL_N1,,,,,,,
IT1:DF_DCSS_ISTR_LAV_PEN_2_TV_3(1.0),A,082067,RESPOP_AV,M,Y50-64,TOTAL,ALL,24,ALL,ALL,2023,73.13372858198949,,,,,,,,ALL_N1,,,,,,,
IT1:DF_DCSS_ISTR_LAV_PEN_2_TV_3(1.0),A,082067,RESPOP_AV,M,Y50-64,TOTAL,ALL,24,ALL,ALL,2024,75.5303011947875,,,,,,,,ALL_N1,,,,,,,
IT1:DF_DCSS_ISTR_LAV_PEN_2_TV_3(1.0),A,082067,RESPOP_AV,M,Y50-64,TOTAL,ALL,4,ALL,ALL,2018,43,,,,,,,,ALL_N1,,,,,,,
IT1:DF_DCSS_ISTR_LAV_PEN_2_TV_3(1.0),A,082067,RESPOP_AV,M,Y50-64,TOTAL,ALL,4,ALL,ALL,2019,47,,,,,,,,ALL_N1,,,,,,,
IT1:DF_DCSS_ISTR_LAV_PEN_2_TV_3(1.0),A,082067,RESPOP_AV,M,Y50-64,TOTAL,ALL,4,ALL,ALL,2021,59.3420042237298,,,,,,,,ALL_N1,,,,,,,
IT1:DF_DCSS_ISTR_LAV_PEN_2_TV_3(1.0),A,082067,RESPOP_AV,M,Y50-64,TOTAL,ALL,4,ALL,ALL,2022,70.3559206310036,,,,,,,,ALL_N1,,,,,,,
IT1:DF_DCSS_ISTR_LAV_PEN_2_TV_3(1.0),A,082067,RESPOP_AV,M,Y50-64,TOTAL,ALL,4,ALL,ALL,2023,67.20774835968066,,,,,,,,ALL_N1,,,,,,,
IT1:DF_DCSS_ISTR_LAV_PEN_2_TV_3(1.0),A,082067,RESPOP_AV,M,Y50-64,TOTAL,ALL,4,ALL,ALL,2024,69.96993579692017,,,,,,,,ALL_N1,,,,,,,
IT1:DF_DCSS_ISTR_LAV_PEN_2_TV_3(1.0),A,082067,RESPOP_AV,M,Y50-64,TOTAL,ALL,5,ALL,ALL,2018,0,JTEST,,,,,,,ALL_N1,,,,,,,
IT1:DF_DCSS_ISTR_LAV_PEN_2_TV_3(1.0),A,082067,RESPOP_AV,M,Y50-64,TOTAL,ALL,5,ALL,ALL,2019,0,JTEST,,,,,,,ALL_N1,,,,,,,
IT1:DF_DCSS_ISTR_LAV_PEN_2_TV_3(1.0),A,082067,RESPOP_AV,M,Y50-64,TOTAL,ALL,5,ALL,ALL,2021,1.69148381548781,,,,,,,,ALL_N1,,,,,,,
IT1:DF_DCSS_ISTR_LAV_PEN_2_TV_3(1.0),A,082067,RESPOP_AV,M,Y50-64,TOTAL,ALL,5,ALL,ALL,2022,1.2211291862658,,,,,,,,ALL_N1,,,,,,,
IT1:DF_DCSS_ISTR_LAV_PEN_2_TV_3(1.0),A,082067,RESPOP_AV,M,Y50-64,TOTAL,ALL,5,ALL,ALL,2023,0.8657745404016165,,,,,,,,ALL_N1,,,,,,,
IT1:DF_DCSS_ISTR_LAV_PEN_2_TV_3(1.0),A,082067,RESPOP_AV,M,Y50-64,TOTAL,ALL,5,ALL,ALL,2024,1.4717978853165186,,,,,,,,ALL_N1,,,,,,,
IT1:DF_DCSS_ISTR_LAV_PEN_2_TV_3(1.0),A,082067,RESPOP_AV,M,Y50-64,TOTAL,ALL,7,ALL,ALL,2018,162,,,,,,,,ALL_N1,,,,,,,
IT1:DF_DCSS_ISTR_LAV_PEN_2_TV_3(1.0),A,082067,RESPOP_AV,M,Y50-64,TOTAL,ALL,7,ALL,ALL,2019,148,,,,,,,,ALL_N1,,,,,,,
IT1:DF_DCSS_ISTR_LAV_PEN_2_TV_3(1.0),A,082067,RESPOP_AV,M,Y50-64,TOTAL,ALL,7,ALL,ALL,2021,185.129897831637,,,,,,,,ALL_N1,,,,,,,
IT1:DF_DCSS_ISTR_LAV_PEN_2_TV_3(1.0),A,082067,RESPOP_AV,M,Y50-64,TOTAL,ALL,7,ALL,ALL,2022,193.959301092718,,,,,,,,ALL_N1,,,,,,,
IT1:DF_DCSS_ISTR_LAV_PEN_2_TV_3(1.0),A,082067,RESPOP_AV,M,Y50-64,TOTAL,ALL,7,ALL,ALL,2023,185.07304744983597,,,,,,,,ALL_N1,,,,,,,
IT1:DF_DCSS_ISTR_LAV_PEN_2_TV_3(1.0),A,082067,RESPOP_AV,M,Y50-64,TOTAL,ALL,7,ALL,ALL,2024,195.20747012163892,,,,,,,,ALL_N1,,,,,,,
IT1:DF_DCSS_ISTR_LAV_PEN_2_TV_3(1.0),A,082067,RESPOP_AV,M,Y50-64,TOTAL,ALL,99,ALL,ALL,2018,1118,,,,,,,,ALL_N1,99_N1,,,,,,
IT1:DF_DCSS_ISTR_LAV_PEN_2_TV_3(1.0),A,082067,RESPOP_AV,M,Y50-64,TOTAL,ALL,99,ALL,ALL,2019,1131,,,,,,,,ALL_N1,99_N1,,,,,,
IT1:DF_DCSS_ISTR_LAV_PEN_2_TV_3(1.0),A,082067,RESPOP_AV,M,Y50-64,TOTAL,ALL,99,ALL,ALL,2020,1118,,,,,,,,ALL_N1,99_N1,,,,,,
IT1:DF_DCSS_ISTR_LAV_PEN_2_TV_3(1.0),A,082067,RESPOP_AV,M,Y50-64,TOTAL,ALL,99,ALL,ALL,2021,1163,,,,,,,,ALL_N1,99_N1,,,,,,
IT1:DF_DCSS_ISTR_LAV_PEN_2_TV_3(1.0),A,082067,RESPOP_AV,M,Y50-64,TOTAL,ALL,99,ALL,ALL,2022,1161,,,,,,,,ALL_N1,99_N1,,,,,,
IT1:DF_DCSS_ISTR_LAV_PEN_2_TV_3(1.0),A,082067,RESPOP_AV,M,Y50-64,TOTAL,ALL,99,ALL,ALL,2023,1222,,,,,,,,ALL_N1,99_N1,,,,,,
IT1:DF_DCSS_ISTR_LAV_PEN_2_TV_3(1.0),A,082067,RESPOP_AV,M,Y50-64,TOTAL,ALL,99,ALL,ALL,2024,1238,,,,,,,,ALL_N1,99_N1,,,,,,
IT1:DF_DCSS_ISTR_LAV_PEN_2_TV_3(1.0),A,082067,RESPOP_AV,T,Y_GE15,TOTAL,ALL,1,ALL,ALL,2018,2930,,,,,,,,ALL_N1,,,,,,,
IT1:DF_DCSS_ISTR_LAV_PEN_2_TV_3(1.0),A,082067,RESPOP_AV,T,Y_GE15,TOTAL,ALL,1,ALL,ALL,2019,2949,,,,,,,,ALL_N1,,,,,,,
IT1:DF_DCSS_ISTR_LAV_PEN_2_TV_3(1.0),A,082067,RESPOP_AV,T,Y_GE15,TOTAL,ALL,1,ALL,ALL,2021,3154,,,,,,,,ALL_N1,,,,,,,
IT1:DF_DCSS_ISTR_LAV_PEN_2_TV_3(1.0),A,082067,RESPOP_AV,T,Y_GE15,TOTAL,ALL,1,ALL,ALL,2022,3233,,,,,,,,ALL_N1,,,,,,,
IT1:DF_DCSS_ISTR_LAV_PEN_2_TV_3(1.0),A,082067,RESPOP_AV,T,Y_GE15,TOTAL,ALL,1,ALL,ALL,2023,3387,,,,,,,,ALL_N1,,,,,,,
IT1:DF_DCSS_ISTR_LAV_PEN_2_TV_3(1.0),A,082067,RESPOP_AV,T,Y_GE15,TOTAL,ALL,1,ALL,ALL,2024,3464,,,,,,,,ALL_N1,,,,,,,
IT1:DF_DCSS_ISTR_LAV_PEN_2_TV_3(1.0),A,082067,RESPOP_AV,T,Y_GE15,TOTAL,ALL,12,ALL,ALL,2018,1119,,,,,,,,ALL_N1,,,,,,,
IT1:DF_DCSS_ISTR_LAV_PEN_2_TV_3(1.0),A,082067,RESPOP_AV,T,Y_GE15,TOTAL,ALL,12,ALL,ALL,2019,1171,,,,,,,,ALL_N1,,,,,,,
IT1:DF_DCSS_ISTR_LAV_PEN_2_TV_3(1.0),A,082067,RESPOP_AV,T,Y_GE15,TOTAL,ALL,12,ALL,ALL,2021,639.184349164438,,,,,,,,ALL_N1,,,,,,,
IT1:DF_DCSS_ISTR_LAV_PEN_2_TV_3(1.0),A,082067,RESPOP_AV,T,Y_GE15,TOTAL,ALL,12,ALL,ALL,2022,579.890842448892,,,,,,,,ALL_N1,,,,,,,
IT1:DF_DCSS_ISTR_LAV_PEN_2_TV_3(1.0),A,082067,RESPOP_AV,T,Y_GE15,TOTAL,ALL,12,ALL,ALL,2023,575.6951850643067,,,,,,,,ALL_N1,,,,,,,
IT1:DF_DCSS_ISTR_LAV_PEN_2_TV_3(1.0),A,082067,RESPOP_AV,T,Y_GE15,TOTAL,ALL,12,ALL,ALL,2024,446.4045713857703,,,,,,,,ALL_N1,,,,,,,
IT1:DF_DCSS_ISTR_LAV_PEN_2_TV_3(1.0),A,082067,RESPOP_AV,T,Y_GE15,TOTAL,ALL,22,ALL,ALL,2018,4049,,,,,,,,ALL_N1,,,,,,,
IT1:DF_DCSS_ISTR_LAV_PEN_2_TV_3(1.0),A,082067,RESPOP_AV,T,Y_GE15,TOTAL,ALL,22,ALL,ALL,2019,4120,,,,,,,,ALL_N1,,,,,,,
IT1:DF_DCSS_ISTR_LAV_PEN_2_TV_3(1.0),A,082067,RESPOP_AV,T,Y_GE15,TOTAL,ALL,22,ALL,ALL,2021,3793.18434916444,,,,,,,,ALL_N1,,,,,,,
IT1:DF_DCSS_ISTR_LAV_PEN_2_TV_3(1.0),A,082067,RESPOP_AV,T,Y_GE15,TOTAL,ALL,22,ALL,ALL,2022,3812.89084244889,,,,,,,,ALL_N1,,,,,,,
IT1:DF_DCSS_ISTR_LAV_PEN_2_TV_3(1.0),A,082067,RESPOP_AV,T,Y_GE15,TOTAL,ALL,22,ALL,ALL,2023,3962.6951850643068,,,,,,,,ALL_N1,,,,,,,
IT1:DF_DCSS_ISTR_LAV_PEN_2_TV_3(1.0),A,082067,RESPOP_AV,T,Y_GE15,TOTAL,ALL,22,ALL,ALL,2024,3910.4045713857704,,,,,,,,ALL_N1,,,,,,,
IT1:DF_DCSS_ISTR_LAV_PEN_2_TV_3(1.0),A,082067,RESPOP_AV,T,Y_GE15,TOTAL,ALL,23,ALL,ALL,2018,5339,,,,,,,,ALL_N1,,,,,,,
IT1:DF_DCSS_ISTR_LAV_PEN_2_TV_3(1.0),A,082067,RESPOP_AV,T,Y_GE15,TOTAL,ALL,23,ALL,ALL,2019,5277,,,,,,,,ALL_N1,,,,,,,
IT1:DF_DCSS_ISTR_LAV_PEN_2_TV_3(1.0),A,082067,RESPOP_AV,T,Y_GE15,TOTAL,ALL,23,ALL,ALL,2021,5636.81565083556,,,,,,,,ALL_N1,,,,,,,
IT1:DF_DCSS_ISTR_LAV_PEN_2_TV_3(1.0),A,082067,RESPOP_AV,T,Y_GE15,TOTAL,ALL,23,ALL,ALL,2022,5666.10915755111,,,,,,,,ALL_N1,,,,,,,
IT1:DF_DCSS_ISTR_LAV_PEN_2_TV_3(1.0),A,082067,RESPOP_AV,T,Y_GE15,TOTAL,ALL,23,ALL,ALL,2023,5576.304814935694,,,,,,,,ALL_N1,,,,,,,
IT1:DF_DCSS_ISTR_LAV_PEN_2_TV_3(1.0),A,082067,RESPOP_AV,T,Y_GE15,TOTAL,ALL,23,ALL,ALL,2024,5683.59542861423,,,,,,,,ALL_N1,,,,,,,
IT1:DF_DCSS_ISTR_LAV_PEN_2_TV_3(1.0),A,082067,RESPOP_AV,T,Y_GE15,TOTAL,ALL,24,ALL,ALL,2018,1464,,,,,,,,ALL_N1,,,,,,,
IT1:DF_DCSS_ISTR_LAV_PEN_2_TV_3(1.0),A,082067,RESPOP_AV,T,Y_GE15,TOTAL,ALL,24,ALL,ALL,2019,1558,,,,,,,,ALL_N1,,,,,,,
IT1:DF_DCSS_ISTR_LAV_PEN_2_TV_3(1.0),A,082067,RESPOP_AV,T,Y_GE15,TOTAL,ALL,24,ALL,ALL,2021,1617.22455585352,,,,,,,,ALL_N1,,,,,,,
IT1:DF_DCSS_ISTR_LAV_PEN_2_TV_3(1.0),A,082067,RESPOP_AV,T,Y_GE15,TOTAL,ALL,24,ALL,ALL,2022,1549.76361329599,,,,,,,,ALL_N1,,,,,,,
IT1:DF_DCSS_ISTR_LAV_PEN_2_TV_3(1.0),A,082067,RESPOP_AV,T,Y_GE15,TOTAL,ALL,24,ALL,ALL,2023,1464.271490093621,,,,,,,,ALL_N1,,,,,,,
IT1:DF_DCSS_ISTR_LAV_PEN_2_TV_3(1.0),A,082067,RESPOP_AV,T,Y_GE15,TOTAL,ALL,24,ALL,ALL,2024,1601.0877307623775,,,,,,,,ALL_N1,,,,,,,
IT1:DF_DCSS_ISTR_LAV_PEN_2_TV_3(1.0),A,082067,RESPOP_AV,T,Y_GE15,TOTAL,ALL,4,ALL,ALL,2018,2061,,,,,,,,ALL_N1,,,,,,,
IT1:DF_DCSS_ISTR_LAV_PEN_2_TV_3(1.0),A,082067,RESPOP_AV,T,Y_GE15,TOTAL,ALL,4,ALL,ALL,2019,2041,,,,,,,,ALL_N1,,,,,,,
IT1:DF_DCSS_ISTR_LAV_PEN_2_TV_3(1.0),A,082067,RESPOP_AV,T,Y_GE15,TOTAL,ALL,4,ALL,ALL,2021,2160.09917244292,,,,,,,,ALL_N1,,,,,,,
IT1:DF_DCSS_ISTR_LAV_PEN_2_TV_3(1.0),A,082067,RESPOP_AV,T,Y_GE15,TOTAL,ALL,4,ALL,ALL,2022,2160.58929122966,,,,,,,,ALL_N1,,,,,,,
IT1:DF_DCSS_ISTR_LAV_PEN_2_TV_3(1.0),A,082067,RESPOP_AV,T,Y_GE15,TOTAL,ALL,4,ALL,ALL,2023,2126.5187728265514,,,,,,,,ALL_N1,,,,,,,
IT1:DF_DCSS_ISTR_LAV_PEN_2_TV_3(1.0),A,082067,RESPOP_AV,T,Y_GE15,TOTAL,ALL,4,ALL,ALL,2024,2083.8124050086653,,,,,,,,ALL_N1,,,,,,,
IT1:DF_DCSS_ISTR_LAV_PEN_2_TV_3(1.0),A,082067,RESPOP_AV,T,Y_GE15,TOTAL,ALL,5,ALL,ALL,2018,717,,,,,,,,ALL_N1,,,,,,,
IT1:DF_DCSS_ISTR_LAV_PEN_2_TV_3(1.0),A,082067,RESPOP_AV,T,Y_GE15,TOTAL,ALL,5,ALL,ALL,2019,780,,,,,,,,ALL_N1,,,,,,,
IT1:DF_DCSS_ISTR_LAV_PEN_2_TV_3(1.0),A,082067,RESPOP_AV,T,Y_GE15,TOTAL,ALL,5,ALL,ALL,2021,805.096524085813,,,,,,,,ALL_N1,,,,,,,
IT1:DF_DCSS_ISTR_LAV_PEN_2_TV_3(1.0),A,082067,RESPOP_AV,T,Y_GE15,TOTAL,ALL,5,ALL,ALL,2022,843.63848532666,,,,,,,,ALL_N1,,,,,,,
IT1:DF_DCSS_ISTR_LAV_PEN_2_TV_3(1.0),A,082067,RESPOP_AV,T,Y_GE15,TOTAL,ALL,5,ALL,ALL,2023,801.1842597050833,,,,,,,,ALL_N1,,,,,,,
IT1:DF_DCSS_ISTR_LAV_PEN_2_TV_3(1.0),A,082067,RESPOP_AV,T,Y_GE15,TOTAL,ALL,5,ALL,ALL,2024,868.1349446313758,,,,,,,,ALL_N1,,,,,,,
IT1:DF_DCSS_ISTR_LAV_PEN_2_TV_3(1.0),A,082067,RESPOP_AV,T,Y_GE15,TOTAL,ALL,7,ALL,ALL,2018,1097,,,,,,,,ALL_N1,,,,,,,
IT1:DF_DCSS_ISTR_LAV_PEN_2_TV_3(1.0),A,082067,RESPOP_AV,T,Y_GE15,TOTAL,ALL,7,ALL,ALL,2019,899,,,,,,,,ALL_N1,,,,,,,
IT1:DF_DCSS_ISTR_LAV_PEN_2_TV_3(1.0),A,082067,RESPOP_AV,T,Y_GE15,TOTAL,ALL,7,ALL,ALL,2021,1054.39539845331,,,,,,,,ALL_N1,,,,,,,
IT1:DF_DCSS_ISTR_LAV_PEN_2_TV_3(1.0),A,082067,RESPOP_AV,T,Y_GE15,TOTAL,ALL,7,ALL,ALL,2022,1112.11776769879,,,,,,,,ALL_N1,,,,,,,
IT1:DF_DCSS_ISTR_LAV_PEN_2_TV_3(1.0),A,082067,RESPOP_AV,T,Y_GE15,TOTAL,ALL,7,ALL,ALL,2023,1184.3302923104384,,,,,,,,ALL_N1,,,,,,,
IT1:DF_DCSS_ISTR_LAV_PEN_2_TV_3(1.0),A,082067,RESPOP_AV,T,Y_GE15,TOTAL,ALL,7,ALL,ALL,2024,1130.5603482118108,,,,,,,,ALL_N1,,,,,,,
IT1:DF_DCSS_ISTR_LAV_PEN_2_TV_3(1.0),A,082067,RESPOP_AV,T,Y_GE15,TOTAL,ALL,99,ALL,ALL,2018,9388,,,,,,,,ALL_N1,99_N1,,,,,,
IT1:DF_DCSS_ISTR_LAV_PEN_2_TV_3(1.0),A,082067,RESPOP_AV,T,Y_GE15,TOTAL,ALL,99,ALL,ALL,2019,9397,,,,,,,,ALL_N1,99_N1,,,,,,
IT1:DF_DCSS_ISTR_LAV_PEN_2_TV_3(1.0),A,082067,RESPOP_AV,T,Y_GE15,TOTAL,ALL,99,ALL,ALL,2021,9430,,,,,,,,ALL_N1,99_N1,,,,,,
IT1:DF_DCSS_ISTR_LAV_PEN_2_TV_3(1.0),A,082067,RESPOP_AV,T,Y_GE15,TOTAL,ALL,99,ALL,ALL,2022,9479,,,,,,,,ALL_N1,99_N1,,,,,,
IT1:DF_DCSS_ISTR_LAV_PEN_2_TV_3(1.0),A,082067,RESPOP_AV,T,Y_GE15,TOTAL,ALL,99,ALL,ALL,2023,9539,,,,,,,,ALL_N1,99_N1,,,,,,
IT1:DF_DCSS_ISTR_LAV_PEN_2_TV_3(1.0),A,082067,RESPOP_AV,T,Y_GE15,TOTAL,ALL,99,ALL,ALL,2024,9594,,,,,,,,ALL_N1,99_N1,,,,,,
IT1:DF_DCSS_ISTR_LAV_PEN_2_TV_3(1.0),A,082067,RESPOP_AV,T,Y_GE65,TOTAL,ALL,1,ALL,ALL,2018,143,,,,,,,,ALL_N1,,,,,,,
IT1:DF_DCSS_ISTR_LAV_PEN_2_TV_3(1.0),A,082067,RESPOP_AV,T,Y_GE65,TOTAL,ALL,1,ALL,ALL,2019,152,,,,,,,,ALL_N1,,,,,,,
IT1:DF_DCSS_ISTR_LAV_PEN_2_TV_3(1.0),A,082067,RESPOP_AV,T,Y_GE65,TOTAL,ALL,1,ALL,ALL,2021,128,,,,,,,,ALL_N1,,,,,,,
IT1:DF_DCSS_ISTR_LAV_PEN_2_TV_3(1.0),A,082067,RESPOP_AV,T,Y_GE65,TOTAL,ALL,1,ALL,ALL,2022,151,,,,,,,,ALL_N1,,,,,,,
IT1:DF_DCSS_ISTR_LAV_PEN_2_TV_3(1.0),A,082067,RESPOP_AV,T,Y_GE65,TOTAL,ALL,1,ALL,ALL,2023,141,,,,,,,,ALL_N1,,,,,,,
IT1:DF_DCSS_ISTR_LAV_PEN_2_TV_3(1.0),A,082067,RESPOP_AV,T,Y_GE65,TOTAL,ALL,1,ALL,ALL,2024,144,,,,,,,,ALL_N1,,,,,,,
IT1:DF_DCSS_ISTR_LAV_PEN_2_TV_3(1.0),A,082067,RESPOP_AV,T,Y_GE65,TOTAL,ALL,12,ALL,ALL,2018,9,,,,,,,,ALL_N1,,,,,,,
IT1:DF_DCSS_ISTR_LAV_PEN_2_TV_3(1.0),A,082067,RESPOP_AV,T,Y_GE65,TOTAL,ALL,12,ALL,ALL,2019,13,,,,,,,,ALL_N1,,,,,,,
IT1:DF_DCSS_ISTR_LAV_PEN_2_TV_3(1.0),A,082067,RESPOP_AV,T,Y_GE65,TOTAL,ALL,12,ALL,ALL,2021,6.29399106678185,,,,,,,,ALL_N1,,,,,,,
IT1:DF_DCSS_ISTR_LAV_PEN_2_TV_3(1.0),A,082067,RESPOP_AV,T,Y_GE65,TOTAL,ALL,12,ALL,ALL,2022,3.71014361113393,,,,,,,,ALL_N1,,,,,,,
IT1:DF_DCSS_ISTR_LAV_PEN_2_TV_3(1.0),A,082067,RESPOP_AV,T,Y_GE65,TOTAL,ALL,12,ALL,ALL,2023,5.289933506514003,,,,,,,,ALL_N1,,,,,,,
IT1:DF_DCSS_ISTR_LAV_PEN_2_TV_3(1.0),A,082067,RESPOP_AV,T,Y_GE65,TOTAL,ALL,12,ALL,ALL,2024,3.8494540588740733,,,,,,,,ALL_N1,,,,,,,
IT1:DF_DCSS_ISTR_LAV_PEN_2_TV_3(1.0),A,082067,RESPOP_AV,T,Y_GE65,TOTAL,ALL,22,ALL,ALL,2018,152,,,,,,,,ALL_N1,,,,,,,
IT1:DF_DCSS_ISTR_LAV_PEN_2_TV_3(1.0),A,082067,RESPOP_AV,T,Y_GE65,TOTAL,ALL,22,ALL,ALL,2019,165,,,,,,,,ALL_N1,,,,,,,
IT1:DF_DCSS_ISTR_LAV_PEN_2_TV_3(1.0),A,082067,RESPOP_AV,T,Y_GE65,TOTAL,ALL,22,ALL,ALL,2021,134.293991066782,,,,,,,,ALL_N1,,,,,,,
IT1:DF_DCSS_ISTR_LAV_PEN_2_TV_3(1.0),A,082067,RESPOP_AV,T,Y_GE65,TOTAL,ALL,22,ALL,ALL,2022,154.710143611134,,,,,,,,ALL_N1,,,,,,,
IT1:DF_DCSS_ISTR_LAV_PEN_2_TV_3(1.0),A,082067,RESPOP_AV,T,Y_GE65,TOTAL,ALL,22,ALL,ALL,2023,146.289933506514,,,,,,,,ALL_N1,,,,,,,
IT1:DF_DCSS_ISTR_LAV_PEN_2_TV_3(1.0),A,082067,RESPOP_AV,T,Y_GE65,TOTAL,ALL,22,ALL,ALL,2024,147.84945405887407,,,,,,,,ALL_N1,,,,,,,
IT1:DF_DCSS_ISTR_LAV_PEN_2_TV_3(1.0),A,082067,RESPOP_AV,T,Y_GE65,TOTAL,ALL,23,ALL,ALL,2018,2080,,,,,,,,ALL_N1,,,,,,,
IT1:DF_DCSS_ISTR_LAV_PEN_2_TV_3(1.0),A,082067,RESPOP_AV,T,Y_GE65,TOTAL,ALL,23,ALL,ALL,2019,2100,,,,,,,,ALL_N1,,,,,,,
IT1:DF_DCSS_ISTR_LAV_PEN_2_TV_3(1.0),A,082067,RESPOP_AV,T,Y_GE65,TOTAL,ALL,23,ALL,ALL,2021,2210.70600893322,,,,,,,,ALL_N1,,,,,,,
IT1:DF_DCSS_ISTR_LAV_PEN_2_TV_3(1.0),A,082067,RESPOP_AV,T,Y_GE65,TOTAL,ALL,23,ALL,ALL,2022,2251.28985638887,,,,,,,,ALL_N1,,,,,,,
IT1:DF_DCSS_ISTR_LAV_PEN_2_TV_3(1.0),A,082067,RESPOP_AV,T,Y_GE65,TOTAL,ALL,23,ALL,ALL,2023,2303.7100664934865,,,,,,,,ALL_N1,,,,,,,
IT1:DF_DCSS_ISTR_LAV_PEN_2_TV_3(1.0),A,082067,RESPOP_AV,T,Y_GE65,TOTAL,ALL,23,ALL,ALL,2024,2368.150545941126,,,,,,,,ALL_N1,,,,,,,
IT1:DF_DCSS_ISTR_LAV_PEN_2_TV_3(1.0),A,082067,RESPOP_AV,T,Y_GE65,TOTAL,ALL,24,ALL,ALL,2018,1306,,,,,,,,ALL_N1,,,,,,,
IT1:DF_DCSS_ISTR_LAV_PEN_2_TV_3(1.0),A,082067,RESPOP_AV,T,Y_GE65,TOTAL,ALL,24,ALL,ALL,2019,1367,,,,,,,,ALL_N1,,,,,,,
IT1:DF_DCSS_ISTR_LAV_PEN_2_TV_3(1.0),A,082067,RESPOP_AV,T,Y_GE65,TOTAL,ALL,24,ALL,ALL,2021,1434.91627106194,,,,,,,,ALL_N1,,,,,,,
IT1:DF_DCSS_ISTR_LAV_PEN_2_TV_3(1.0),A,082067,RESPOP_AV,T,Y_GE65,TOTAL,ALL,24,ALL,ALL,2022,1403.99028475098,,,,,,,,ALL_N1,,,,,,,
IT1:DF_DCSS_ISTR_LAV_PEN_2_TV_3(1.0),A,082067,RESPOP_AV,T,Y_GE65,TOTAL,ALL,24,ALL,ALL,2023,1336.4578746348977,,,,,,,,ALL_N1,,,,,,,
IT1:DF_DCSS_ISTR_LAV_PEN_2_TV_3(1.0),A,082067,RESPOP_AV,T,Y_GE65,TOTAL,ALL,24,ALL,ALL,2024,1457.9198500979812,,,,,,,,ALL_N1,,,,,,,
IT1:DF_DCSS_ISTR_LAV_PEN_2_TV_3(1.0),A,082067,RESPOP_AV,T,Y_GE65,TOTAL,ALL,4,ALL,ALL,2018,440,,,,,,,,ALL_N1,,,,,,,
IT1:DF_DCSS_ISTR_LAV_PEN_2_TV_3(1.0),A,082067,RESPOP_AV,T,Y_GE65,TOTAL,ALL,4,ALL,ALL,2019,453,,,,,,,,ALL_N1,,,,,,,
IT1:DF_DCSS_ISTR_LAV_PEN_2_TV_3(1.0),A,082067,RESPOP_AV,T,Y_GE65,TOTAL,ALL,4,ALL,ALL,2021,473.85274297344,,,,,,,,ALL_N1,,,,,,,
IT1:DF_DCSS_ISTR_LAV_PEN_2_TV_3(1.0),A,082067,RESPOP_AV,T,Y_GE65,TOTAL,ALL,4,ALL,ALL,2022,507.333192749755,,,,,,,,ALL_N1,,,,,,,
IT1:DF_DCSS_ISTR_LAV_PEN_2_TV_3(1.0),A,082067,RESPOP_AV,T,Y_GE65,TOTAL,ALL,4,ALL,ALL,2023,543.7035868894061,,,,,,,,ALL_N1,,,,,,,
IT1:DF_DCSS_ISTR_LAV_PEN_2_TV_3(1.0),A,082067,RESPOP_AV,T,Y_GE65,TOTAL,ALL,4,ALL,ALL,2024,542.694018340464,,,,,,,,ALL_N1,,,,,,,
IT1:DF_DCSS_ISTR_LAV_PEN_2_TV_3(1.0),A,082067,RESPOP_AV,T,Y_GE65,TOTAL,ALL,5,ALL,ALL,2018,0,JTEST,,,,,,,ALL_N1,,,,,,,
IT1:DF_DCSS_ISTR_LAV_PEN_2_TV_3(1.0),A,082067,RESPOP_AV,T,Y_GE65,TOTAL,ALL,5,ALL,ALL,2019,0,JTEST,,,,,,,ALL_N1,,,,,,,
IT1:DF_DCSS_ISTR_LAV_PEN_2_TV_3(1.0),A,082067,RESPOP_AV,T,Y_GE65,TOTAL,ALL,5,ALL,ALL,2021,1.4375063874404E-05,,,,,,,,ALL_N1,,,,,,,
IT1:DF_DCSS_ISTR_LAV_PEN_2_TV_3(1.0),A,082067,RESPOP_AV,T,Y_GE65,TOTAL,ALL,5,ALL,ALL,2022,0.338842968125317,,,,,,,,ALL_N1,,,,,,,
IT1:DF_DCSS_ISTR_LAV_PEN_2_TV_3(1.0),A,082067,RESPOP_AV,T,Y_GE65,TOTAL,ALL,5,ALL,ALL,2023,0.5227319416574229,,,,,,,,ALL_N1,,,,,,,
IT1:DF_DCSS_ISTR_LAV_PEN_2_TV_3(1.0),A,082067,RESPOP_AV,T,Y_GE65,TOTAL,ALL,5,ALL,ALL,2024,0.24495919720839127,,,,,,,,ALL_N1,,,,,,,
IT1:DF_DCSS_ISTR_LAV_PEN_2_TV_3(1.0),A,082067,RESPOP_AV,T,Y_GE65,TOTAL,ALL,7,ALL,ALL,2018,334,,,,,,,,ALL_N1,,,,,,,
IT1:DF_DCSS_ISTR_LAV_PEN_2_TV_3(1.0),A,082067,RESPOP_AV,T,Y_GE65,TOTAL,ALL,7,ALL,ALL,2019,280,,,,,,,,ALL_N1,,,,,,,
IT1:DF_DCSS_ISTR_LAV_PEN_2_TV_3(1.0),A,082067,RESPOP_AV,T,Y_GE65,TOTAL,ALL,7,ALL,ALL,2021,301.936980522778,,,,,,,,ALL_N1,,,,,,,
IT1:DF_DCSS_ISTR_LAV_PEN_2_TV_3(1.0),A,082067,RESPOP_AV,T,Y_GE65,TOTAL,ALL,7,ALL,ALL,2022,339.62753592001,,,,,,,,ALL_N1,,,,,,,
IT1:DF_DCSS_ISTR_LAV_PEN_2_TV_3(1.0),A,082067,RESPOP_AV,T,Y_GE65,TOTAL,ALL,7,ALL,ALL,2023,423.02587302752494,,,,,,,,ALL_N1,,,,,,,
IT1:DF_DCSS_ISTR_LAV_PEN_2_TV_3(1.0),A,082067,RESPOP_AV,T,Y_GE65,TOTAL,ALL,7,ALL,ALL,2024,367.29171830547233,,,,,,,,ALL_N1,,,,,,,
IT1:DF_DCSS_ISTR_LAV_PEN_2_TV_3(1.0),A,082067,RESPOP_AV,T,Y_GE65,TOTAL,ALL,99,ALL,ALL,2018,2232,,,,,,,,ALL_N1,99_N1,,,,,,
IT1:DF_DCSS_ISTR_LAV_PEN_2_TV_3(1.0),A,082067,RESPOP_AV,T,Y_GE65,TOTAL,ALL,99,ALL,ALL,2019,2265,,,,,,,,ALL_N1,99_N1,,,,,,
IT1:DF_DCSS_ISTR_LAV_PEN_2_TV_3(1.0),A,082067,RESPOP_AV,T,Y_GE65,TOTAL,ALL,99,ALL,ALL,2020,2306,,,,,,,,ALL_N1,99_N1,,,,,,
IT1:DF_DCSS_ISTR_LAV_PEN_2_TV_3(1.0),A,082067,RESPOP_AV,T,Y_GE65,TOTAL,ALL,99,ALL,ALL,2021,2345,,,,,,,,ALL_N1,99_N1,,,,,,
IT1:DF_DCSS_ISTR_LAV_PEN_2_TV_3(1.0),A,082067,RESPOP_AV,T,Y_GE65,TOTAL,ALL,99,ALL,ALL,2022,2406,,,,,,,,ALL_N1,99_N1,,,,,,
IT1:DF_DCSS_ISTR_LAV_PEN_2_TV_3(1.0),A,082067,RESPOP_AV,T,Y_GE65,TOTAL,ALL,99,ALL,ALL,2023,2450,,,,,,,,ALL_N1,99_N1,,,,,,
IT1:DF_DCSS_ISTR_LAV_PEN_2_TV_3(1.0),A,082067,RESPOP_AV,T,Y_GE65,TOTAL,ALL,99,ALL,ALL,2024,2516,,,,,,,,ALL_N1,99_N1,,,,,,
IT1:DF_DCSS_ISTR_LAV_PEN_2_TV_3(1.0),A,082067,RESPOP_AV,T,Y15-24,TOTAL,ALL,1,ALL,ALL,2018,122,,,,,,,,ALL_N1,,,,,,,
IT1:DF_DCSS_ISTR_LAV_PEN_2_TV_3(1.0),A,082067,RESPOP_AV,T,Y15-24,TOTAL,ALL,1,ALL,ALL,2019,117,,,,,,,,ALL_N1,,,,,,,
IT1:DF_DCSS_ISTR_LAV_PEN_2_TV_3(1.0),A,082067,RESPOP_AV,T,Y15-24,TOTAL,ALL,1,ALL,ALL,2021,138,,,,,,,,ALL_N1,,,,,,,
IT1:DF_DCSS_ISTR_LAV_PEN_2_TV_3(1.0),A,082067,RESPOP_AV,T,Y15-24,TOTAL,ALL,1,ALL,ALL,2022,140,,,,,,,,ALL_N1,,,,,,,
IT1:DF_DCSS_ISTR_LAV_PEN_2_TV_3(1.0),A,082067,RESPOP_AV,T,Y15-24,TOTAL,ALL,1,ALL,ALL,2023,161,,,,,,,,ALL_N1,,,,,,,
IT1:DF_DCSS_ISTR_LAV_PEN_2_TV_3(1.0),A,082067,RESPOP_AV,T,Y15-24,TOTAL,ALL,1,ALL,ALL,2024,152,,,,,,,,ALL_N1,,,,,,,
IT1:DF_DCSS_ISTR_LAV_PEN_2_TV_3(1.0),A,082067,RESPOP_AV,T,Y15-24,TOTAL,ALL,12,ALL,ALL,2018,208,,,,,,,,ALL_N1,,,,,,,
IT1:DF_DCSS_ISTR_LAV_PEN_2_TV_3(1.0),A,082067,RESPOP_AV,T,Y15-24,TOTAL,ALL,12,ALL,ALL,2019,205,,,,,,,,ALL_N1,,,,,,,
IT1:DF_DCSS_ISTR_LAV_PEN_2_TV_3(1.0),A,082067,RESPOP_AV,T,Y15-24,TOTAL,ALL,12,ALL,ALL,2021,115.378678823009,,,,,,,,ALL_N1,,,,,,,
IT1:DF_DCSS_ISTR_LAV_PEN_2_TV_3(1.0),A,082067,RESPOP_AV,T,Y15-24,TOTAL,ALL,12,ALL,ALL,2022,107.348329481472,,,,,,,,ALL_N1,,,,,,,
IT1:DF_DCSS_ISTR_LAV_PEN_2_TV_3(1.0),A,082067,RESPOP_AV,T,Y15-24,TOTAL,ALL,12,ALL,ALL,2023,115.01137891278863,,,,,,,,ALL_N1,,,,,,,
IT1:DF_DCSS_ISTR_LAV_PEN_2_TV_3(1.0),A,082067,RESPOP_AV,T,Y15-24,TOTAL,ALL,12,ALL,ALL,2024,75.63869810992972,,,,,,,,ALL_N1,,,,,,,
IT1:DF_DCSS_ISTR_LAV_PEN_2_TV_3(1.0),A,082067,RESPOP_AV,T,Y15-24,TOTAL,ALL,22,ALL,ALL,2018,330,,,,,,,,ALL_N1,,,,,,,
IT1:DF_DCSS_ISTR_LAV_PEN_2_TV_3(1.0),A,082067,RESPOP_AV,T,Y15-24,TOTAL,ALL,22,ALL,ALL,2019,322,,,,,,,,ALL_N1,,,,,,,
IT1:DF_DCSS_ISTR_LAV_PEN_2_TV_3(1.0),A,082067,RESPOP_AV,T,Y15-24,TOTAL,ALL,22,ALL,ALL,2021,253.378678823009,,,,,,,,ALL_N1,,,,,,,
IT1:DF_DCSS_ISTR_LAV_PEN_2_TV_3(1.0),A,082067,RESPOP_AV,T,Y15-24,TOTAL,ALL,22,ALL,ALL,2022,247.348329481472,,,,,,,,ALL_N1,,,,,,,
IT1:DF_DCSS_ISTR_LAV_PEN_2_TV_3(1.0),A,082067,RESPOP_AV,T,Y15-24,TOTAL,ALL,22,ALL,ALL,2023,276.01137891278864,,,,,,,,ALL_N1,,,,,,,
IT1:DF_DCSS_ISTR_LAV_PEN_2_TV_3(1.0),A,082067,RESPOP_AV,T,Y15-24,TOTAL,ALL,22,ALL,ALL,2024,227.63869810992972,,,,,,,,ALL_N1,,,,,,,
IT1:DF_DCSS_ISTR_LAV_PEN_2_TV_3(1.0),A,082067,RESPOP_AV,T,Y15-24,TOTAL,ALL,23,ALL,ALL,2018,858,,,,,,,,ALL_N1,,,,,,,
IT1:DF_DCSS_ISTR_LAV_PEN_2_TV_3(1.0),A,082067,RESPOP_AV,T,Y15-24,TOTAL,ALL,23,ALL,ALL,2019,849,,,,,,,,ALL_N1,,,,,,,
IT1:DF_DCSS_ISTR_LAV_PEN_2_TV_3(1.0),A,082067,RESPOP_AV,T,Y15-24,TOTAL,ALL,23,ALL,ALL,2021,917.621321176991,,,,,,,,ALL_N1,,,,,,,
IT1:DF_DCSS_ISTR_LAV_PEN_2_TV_3(1.0),A,082067,RESPOP_AV,T,Y15-24,TOTAL,ALL,23,ALL,ALL,2022,926.651670518528,,,,,,,,ALL_N1,,,,,,,
IT1:DF_DCSS_ISTR_LAV_PEN_2_TV_3(1.0),A,082067,RESPOP_AV,T,Y15-24,TOTAL,ALL,23,ALL,ALL,2023,918.9886210872113,,,,,,,,ALL_N1,,,,,,,
IT1:DF_DCSS_ISTR_LAV_PEN_2_TV_3(1.0),A,082067,RESPOP_AV,T,Y15-24,TOTAL,ALL,23,ALL,ALL,2024,949.3613018900703,,,,,,,,ALL_N1,,,,,,,
IT1:DF_DCSS_ISTR_LAV_PEN_2_TV_3(1.0),A,082067,RESPOP_AV,T,Y15-24,TOTAL,ALL,24,ALL,ALL,2018,2,,,,,,,,ALL_N1,,,,,,,
IT1:DF_DCSS_ISTR_LAV_PEN_2_TV_3(1.0),A,082067,RESPOP_AV,T,Y15-24,TOTAL,ALL,24,ALL,ALL,2019,3,,,,,,,,ALL_N1,,,,,,,
IT1:DF_DCSS_ISTR_LAV_PEN_2_TV_3(1.0),A,082067,RESPOP_AV,T,Y15-24,TOTAL,ALL,24,ALL,ALL,2021,3.49768230879809,,,,,,,,ALL_N1,,,,,,,
IT1:DF_DCSS_ISTR_LAV_PEN_2_TV_3(1.0),A,082067,RESPOP_AV,T,Y15-24,TOTAL,ALL,24,ALL,ALL,2022,2.20774891173345,,,,,,,,ALL_N1,,,,,,,
IT1:DF_DCSS_ISTR_LAV_PEN_2_TV_3(1.0),A,082067,RESPOP_AV,T,Y15-24,TOTAL,ALL,24,ALL,ALL,2023,1.524997080885276,,,,,,,,ALL_N1,,,,,,,
IT1:DF_DCSS_ISTR_LAV_PEN_2_TV_3(1.0),A,082067,RESPOP_AV,T,Y15-24,TOTAL,ALL,24,ALL,ALL,2024,2.547252776613754,,,,,,,,ALL_N1,,,,,,,
IT1:DF_DCSS_ISTR_LAV_PEN_2_TV_3(1.0),A,082067,RESPOP_AV,T,Y15-24,TOTAL,ALL,4,ALL,ALL,2018,84,,,,,,,,ALL_N1,,,,,,,
IT1:DF_DCSS_ISTR_LAV_PEN_2_TV_3(1.0),A,082067,RESPOP_AV,T,Y15-24,TOTAL,ALL,4,ALL,ALL,2019,76,,,,,,,,ALL_N1,,,,,,,
IT1:DF_DCSS_ISTR_LAV_PEN_2_TV_3(1.0),A,082067,RESPOP_AV,T,Y15-24,TOTAL,ALL,4,ALL,ALL,2021,90.1472175248494,,,,,,,,ALL_N1,,,,,,,
IT1:DF_DCSS_ISTR_LAV_PEN_2_TV_3(1.0),A,082067,RESPOP_AV,T,Y15-24,TOTAL,ALL,4,ALL,ALL,2022,76.3982282029682,,,,,,,,ALL_N1,,,,,,,
IT1:DF_DCSS_ISTR_LAV_PEN_2_TV_3(1.0),A,082067,RESPOP_AV,T,Y15-24,TOTAL,ALL,4,ALL,ALL,2023,83.59720942512635,,,,,,,,ALL_N1,,,,,,,
IT1:DF_DCSS_ISTR_LAV_PEN_2_TV_3(1.0),A,082067,RESPOP_AV,T,Y15-24,TOTAL,ALL,4,ALL,ALL,2024,71.21847262332108,,,,,,,,ALL_N1,,,,,,,
IT1:DF_DCSS_ISTR_LAV_PEN_2_TV_3(1.0),A,082067,RESPOP_AV,T,Y15-24,TOTAL,ALL,5,ALL,ALL,2018,618,,,,,,,,ALL_N1,,,,,,,
IT1:DF_DCSS_ISTR_LAV_PEN_2_TV_3(1.0),A,082067,RESPOP_AV,T,Y15-24,TOTAL,ALL,5,ALL,ALL,2019,670,,,,,,,,ALL_N1,,,,,,,
IT1:DF_DCSS_ISTR_LAV_PEN_2_TV_3(1.0),A,082067,RESPOP_AV,T,Y15-24,TOTAL,ALL,5,ALL,ALL,2021,697.075654944758,,,,,,,,ALL_N1,,,,,,,
IT1:DF_DCSS_ISTR_LAV_PEN_2_TV_3(1.0),A,082067,RESPOP_AV,T,Y15-24,TOTAL,ALL,5,ALL,ALL,2022,736.583719332571,,,,,,,,ALL_N1,,,,,,,
IT1:DF_DCSS_ISTR_LAV_PEN_2_TV_3(1.0),A,082067,RESPOP_AV,T,Y15-24,TOTAL,ALL,5,ALL,ALL,2023,717.554336097319,,,,,,,,ALL_N1,,,,,,,
IT1:DF_DCSS_ISTR_LAV_PEN_2_TV_3(1.0),A,082067,RESPOP_AV,T,Y15-24,TOTAL,ALL,5,ALL,ALL,2024,768.905991545005,,,,,,,,ALL_N1,,,,,,,
IT1:DF_DCSS_ISTR_LAV_PEN_2_TV_3(1.0),A,082067,RESPOP_AV,T,Y15-24,TOTAL,ALL,7,ALL,ALL,2018,154,,,,,,,,ALL_N1,,,,,,,
IT1:DF_DCSS_ISTR_LAV_PEN_2_TV_3(1.0),A,082067,RESPOP_AV,T,Y15-24,TOTAL,ALL,7,ALL,ALL,2019,100,,,,,,,,ALL_N1,,,,,,,
IT1:DF_DCSS_ISTR_LAV_PEN_2_TV_3(1.0),A,082067,RESPOP_AV,T,Y15-24,TOTAL,ALL,7,ALL,ALL,2021,126.900766398586,,,,,,,,ALL_N1,,,,,,,
IT1:DF_DCSS_ISTR_LAV_PEN_2_TV_3(1.0),A,082067,RESPOP_AV,T,Y15-24,TOTAL,ALL,7,ALL,ALL,2022,111.461974071255,,,,,,,,ALL_N1,,,,,,,
IT1:DF_DCSS_ISTR_LAV_PEN_2_TV_3(1.0),A,082067,RESPOP_AV,T,Y15-24,TOTAL,ALL,7,ALL,ALL,2023,116.31207848388057,,,,,,,,ALL_N1,,,,,,,
IT1:DF_DCSS_ISTR_LAV_PEN_2_TV_3(1.0),A,082067,RESPOP_AV,T,Y15-24,TOTAL,ALL,7,ALL,ALL,2024,106.68958494513042,,,,,,,,ALL_N1,,,,,,,
IT1:DF_DCSS_ISTR_LAV_PEN_2_TV_3(1.0),A,082067,RESPOP_AV,T,Y15-24,TOTAL,ALL,99,ALL,ALL,2018,1188,,,,,,,,ALL_N1,99_N1,,,,,,
IT1:DF_DCSS_ISTR_LAV_PEN_2_TV_3(1.0),A,082067,RESPOP_AV,T,Y15-24,TOTAL,ALL,99,ALL,ALL,2019,1171,,,,,,,,ALL_N1,99_N1,,,,,,
IT1:DF_DCSS_ISTR_LAV_PEN_2_TV_3(1.0),A,082067,RESPOP_AV,T,Y15-24,TOTAL,ALL,99,ALL,ALL,2021,1171,,,,,,,,ALL_N1,99_N1,,,,,,
IT1:DF_DCSS_ISTR_LAV_PEN_2_TV_3(1.0),A,082067,RESPOP_AV,T,Y15-24,TOTAL,ALL,99,ALL,ALL,2022,1174,,,,,,,,ALL_N1,99_N1,,,,,,
IT1:DF_DCSS_ISTR_LAV_PEN_2_TV_3(1.0),A,082067,RESPOP_AV,T,Y15-24,TOTAL,ALL,99,ALL,ALL,2023,1194.9999999999998,,,,,,,,ALL_N1,99_N1,,,,,,
IT1:DF_DCSS_ISTR_LAV_PEN_2_TV_3(1.0),A,082067,RESPOP_AV,T,Y15-24,TOTAL,ALL,99,ALL,ALL,2024,1177,,,,,,,,ALL_N1,99_N1,,,,,,
IT1:DF_DCSS_ISTR_LAV_PEN_2_TV_3(1.0),A,082067,RESPOP_AV,T,Y25-49,TOTAL,ALL,1,ALL,ALL,2018,1657,,,,,,,,ALL_N1,,,,,,,
IT1:DF_DCSS_ISTR_LAV_PEN_2_TV_3(1.0),A,082067,RESPOP_AV,T,Y25-49,TOTAL,ALL,1,ALL,ALL,2019,1693,,,,,,,,ALL_N1,,,,,,,
IT1:DF_DCSS_ISTR_LAV_PEN_2_TV_3(1.0),A,082067,RESPOP_AV,T,Y25-49,TOTAL,ALL,1,ALL,ALL,2021,1800,,,,,,,,ALL_N1,,,,,,,
IT1:DF_DCSS_ISTR_LAV_PEN_2_TV_3(1.0),A,082067,RESPOP_AV,T,Y25-49,TOTAL,ALL,1,ALL,ALL,2022,1841,,,,,,,,ALL_N1,,,,,,,
IT1:DF_DCSS_ISTR_LAV_PEN_2_TV_3(1.0),A,082067,RESPOP_AV,T,Y25-49,TOTAL,ALL,1,ALL,ALL,2023,1875,,,,,,,,ALL_N1,,,,,,,
IT1:DF_DCSS_ISTR_LAV_PEN_2_TV_3(1.0),A,082067,RESPOP_AV,T,Y25-49,TOTAL,ALL,1,ALL,ALL,2024,1909,,,,,,,,ALL_N1,,,,,,,
IT1:DF_DCSS_ISTR_LAV_PEN_2_TV_3(1.0),A,082067,RESPOP_AV,T,Y25-49,TOTAL,ALL,12,ALL,ALL,2018,665,,,,,,,,ALL_N1,,,,,,,
IT1:DF_DCSS_ISTR_LAV_PEN_2_TV_3(1.0),A,082067,RESPOP_AV,T,Y25-49,TOTAL,ALL,12,ALL,ALL,2019,676,,,,,,,,ALL_N1,,,,,,,
IT1:DF_DCSS_ISTR_LAV_PEN_2_TV_3(1.0),A,082067,RESPOP_AV,T,Y25-49,TOTAL,ALL,12,ALL,ALL,2021,370.501752445487,,,,,,,,ALL_N1,,,,,,,
IT1:DF_DCSS_ISTR_LAV_PEN_2_TV_3(1.0),A,082067,RESPOP_AV,T,Y25-49,TOTAL,ALL,12,ALL,ALL,2022,336.940790130198,,,,,,,,ALL_N1,,,,,,,
IT1:DF_DCSS_ISTR_LAV_PEN_2_TV_3(1.0),A,082067,RESPOP_AV,T,Y25-49,TOTAL,ALL,12,ALL,ALL,2023,317.36206738665123,,,,,,,,ALL_N1,,,,,,,
IT1:DF_DCSS_ISTR_LAV_PEN_2_TV_3(1.0),A,082067,RESPOP_AV,T,Y25-49,TOTAL,ALL,12,ALL,ALL,2024,253.73948091013835,,,,,,,,ALL_N1,,,,,,,
IT1:DF_DCSS_ISTR_LAV_PEN_2_TV_3(1.0),A,082067,RESPOP_AV,T,Y25-49,TOTAL,ALL,22,ALL,ALL,2018,2322,,,,,,,,ALL_N1,,,,,,,
IT1:DF_DCSS_ISTR_LAV_PEN_2_TV_3(1.0),A,082067,RESPOP_AV,T,Y25-49,TOTAL,ALL,22,ALL,ALL,2019,2369,,,,,,,,ALL_N1,,,,,,,
IT1:DF_DCSS_ISTR_LAV_PEN_2_TV_3(1.0),A,082067,RESPOP_AV,T,Y25-49,TOTAL,ALL,22,ALL,ALL,2021,2170.50175244549,,,,,,,,ALL_N1,,,,,,,
IT1:DF_DCSS_ISTR_LAV_PEN_2_TV_3(1.0),A,082067,RESPOP_AV,T,Y25-49,TOTAL,ALL,22,ALL,ALL,2022,2177.9407901302,,,,,,,,ALL_N1,,,,,,,
IT1:DF_DCSS_ISTR_LAV_PEN_2_TV_3(1.0),A,082067,RESPOP_AV,T,Y25-49,TOTAL,ALL,22,ALL,ALL,2023,2192.3620673866512,,,,,,,,ALL_N1,,,,,,,
IT1:DF_DCSS_ISTR_LAV_PEN_2_TV_3(1.0),A,082067,RESPOP_AV,T,Y25-49,TOTAL,ALL,22,ALL,ALL,2024,2162.7394809101384,,,,,,,,ALL_N1,,,,,,,
IT1:DF_DCSS_ISTR_LAV_PEN_2_TV_3(1.0),A,082067,RESPOP_AV,T,Y25-49,TOTAL,ALL,23,ALL,ALL,2018,1338,,,,,,,,ALL_N1,,,,,,,
IT1:DF_DCSS_ISTR_LAV_PEN_2_TV_3(1.0),A,082067,RESPOP_AV,T,Y25-49,TOTAL,ALL,23,ALL,ALL,2019,1251,,,,,,,,ALL_N1,,,,,,,
IT1:DF_DCSS_ISTR_LAV_PEN_2_TV_3(1.0),A,082067,RESPOP_AV,T,Y25-49,TOTAL,ALL,23,ALL,ALL,2021,1331.49824755451,,,,,,,,ALL_N1,,,,,,,
IT1:DF_DCSS_ISTR_LAV_PEN_2_TV_3(1.0),A,082067,RESPOP_AV,T,Y25-49,TOTAL,ALL,23,ALL,ALL,2022,1321.0592098698,,,,,,,,ALL_N1,,,,,,,
IT1:DF_DCSS_ISTR_LAV_PEN_2_TV_3(1.0),A,082067,RESPOP_AV,T,Y25-49,TOTAL,ALL,23,ALL,ALL,2023,1237.6379326133492,,,,,,,,ALL_N1,,,,,,,
IT1:DF_DCSS_ISTR_LAV_PEN_2_TV_3(1.0),A,082067,RESPOP_AV,T,Y25-49,TOTAL,ALL,23,ALL,ALL,2024,1253.2605190898616,,,,,,,,ALL_N1,,,,,,,
IT1:DF_DCSS_ISTR_LAV_PEN_2_TV_3(1.0),A,082067,RESPOP_AV,T,Y25-49,TOTAL,ALL,24,ALL,ALL,2018,33,,,,,,,,ALL_N1,,,,,,,
IT1:DF_DCSS_ISTR_LAV_PEN_2_TV_3(1.0),A,082067,RESPOP_AV,T,Y25-49,TOTAL,ALL,24,ALL,ALL,2019,38,,,,,,,,ALL_N1,,,,,,,
IT1:DF_DCSS_ISTR_LAV_PEN_2_TV_3(1.0),A,082067,RESPOP_AV,T,Y25-49,TOTAL,ALL,24,ALL,ALL,2021,31.8127540074929,,,,,,,,ALL_N1,,,,,,,
IT1:DF_DCSS_ISTR_LAV_PEN_2_TV_3(1.0),A,082067,RESPOP_AV,T,Y25-49,TOTAL,ALL,24,ALL,ALL,2022,29.0070222162885,,,,,,,,ALL_N1,,,,,,,
IT1:DF_DCSS_ISTR_LAV_PEN_2_TV_3(1.0),A,082067,RESPOP_AV,T,Y25-49,TOTAL,ALL,24,ALL,ALL,2023,25.78566938255355,,,,,,,,ALL_N1,,,,,,,
IT1:DF_DCSS_ISTR_LAV_PEN_2_TV_3(1.0),A,082067,RESPOP_AV,T,Y25-49,TOTAL,ALL,24,ALL,ALL,2024,38.40710894154269,,,,,,,,ALL_N1,,,,,,,
IT1:DF_DCSS_ISTR_LAV_PEN_2_TV_3(1.0),A,082067,RESPOP_AV,T,Y25-49,TOTAL,ALL,4,ALL,ALL,2018,837,,,,,,,,ALL_N1,,,,,,,
IT1:DF_DCSS_ISTR_LAV_PEN_2_TV_3(1.0),A,082067,RESPOP_AV,T,Y25-49,TOTAL,ALL,4,ALL,ALL,2019,802,,,,,,,,ALL_N1,,,,,,,
IT1:DF_DCSS_ISTR_LAV_PEN_2_TV_3(1.0),A,082067,RESPOP_AV,T,Y25-49,TOTAL,ALL,4,ALL,ALL,2021,837.703370541931,,,,,,,,ALL_N1,,,,,,,
IT1:DF_DCSS_ISTR_LAV_PEN_2_TV_3(1.0),A,082067,RESPOP_AV,T,Y25-49,TOTAL,ALL,4,ALL,ALL,2022,820.604996363572,,,,,,,,ALL_N1,,,,,,,
IT1:DF_DCSS_ISTR_LAV_PEN_2_TV_3(1.0),A,082067,RESPOP_AV,T,Y25-49,TOTAL,ALL,4,ALL,ALL,2023,777.7857675111128,,,,,,,,ALL_N1,,,,,,,
IT1:DF_DCSS_ISTR_LAV_PEN_2_TV_3(1.0),A,082067,RESPOP_AV,T,Y25-49,TOTAL,ALL,4,ALL,ALL,2024,755.5259800723156,,,,,,,,ALL_N1,,,,,,,
IT1:DF_DCSS_ISTR_LAV_PEN_2_TV_3(1.0),A,082067,RESPOP_AV,T,Y25-49,TOTAL,ALL,5,ALL,ALL,2018,98,,,,,,,,ALL_N1,,,,,,,
IT1:DF_DCSS_ISTR_LAV_PEN_2_TV_3(1.0),A,082067,RESPOP_AV,T,Y25-49,TOTAL,ALL,5,ALL,ALL,2019,108,,,,,,,,ALL_N1,,,,,,,
IT1:DF_DCSS_ISTR_LAV_PEN_2_TV_3(1.0),A,082067,RESPOP_AV,T,Y25-49,TOTAL,ALL,5,ALL,ALL,2021,105.304860519305,,,,,,,,ALL_N1,,,,,,,
IT1:DF_DCSS_ISTR_LAV_PEN_2_TV_3(1.0),A,082067,RESPOP_AV,T,Y25-49,TOTAL,ALL,5,ALL,ALL,2022,103.707119964328,,,,,,,,ALL_N1,,,,,,,
IT1:DF_DCSS_ISTR_LAV_PEN_2_TV_3(1.0),A,082067,RESPOP_AV,T,Y25-49,TOTAL,ALL,5,ALL,ALL,2023,80.56866020493287,,,,,,,,ALL_N1,,,,,,,
IT1:DF_DCSS_ISTR_LAV_PEN_2_TV_3(1.0),A,082067,RESPOP_AV,T,Y25-49,TOTAL,ALL,5,ALL,ALL,2024,95.01457763108633,,,,,,,,ALL_N1,,,,,,,
IT1:DF_DCSS_ISTR_LAV_PEN_2_TV_3(1.0),A,082067,RESPOP_AV,T,Y25-49,TOTAL,ALL,7,ALL,ALL,2018,370,,,,,,,,ALL_N1,,,,,,,
IT1:DF_DCSS_ISTR_LAV_PEN_2_TV_3(1.0),A,082067,RESPOP_AV,T,Y25-49,TOTAL,ALL,7,ALL,ALL,2019,303,,,,,,,,ALL_N1,,,,,,,
IT1:DF_DCSS_ISTR_LAV_PEN_2_TV_3(1.0),A,082067,RESPOP_AV,T,Y25-49,TOTAL,ALL,7,ALL,ALL,2021,356.677262485784,,,,,,,,ALL_N1,,,,,,,
IT1:DF_DCSS_ISTR_LAV_PEN_2_TV_3(1.0),A,082067,RESPOP_AV,T,Y25-49,TOTAL,ALL,7,ALL,ALL,2022,367.740071325613,,,,,,,,ALL_N1,,,,,,,
IT1:DF_DCSS_ISTR_LAV_PEN_2_TV_3(1.0),A,082067,RESPOP_AV,T,Y25-49,TOTAL,ALL,7,ALL,ALL,2023,353.4978355147499,,,,,,,,ALL_N1,,,,,,,
IT1:DF_DCSS_ISTR_LAV_PEN_2_TV_3(1.0),A,082067,RESPOP_AV,T,Y25-49,TOTAL,ALL,7,ALL,ALL,2024,364.3128524449169,,,,,,,,ALL_N1,,,,,,,
IT1:DF_DCSS_ISTR_LAV_PEN_2_TV_3(1.0),A,082067,RESPOP_AV,T,Y25-49,TOTAL,ALL,99,ALL,ALL,2018,3660,,,,,,,,ALL_N1,99_N1,,,,,,
IT1:DF_DCSS_ISTR_LAV_PEN_2_TV_3(1.0),A,082067,RESPOP_AV,T,Y25-49,TOTAL,ALL,99,ALL,ALL,2019,3620,,,,,,,,ALL_N1,99_N1,,,,,,
IT1:DF_DCSS_ISTR_LAV_PEN_2_TV_3(1.0),A,082067,RESPOP_AV,T,Y25-49,TOTAL,ALL,99,ALL,ALL,2020,3499,,,,,,,,ALL_N1,99_N1,,,,,,
IT1:DF_DCSS_ISTR_LAV_PEN_2_TV_3(1.0),A,082067,RESPOP_AV,T,Y25-49,TOTAL,ALL,99,ALL,ALL,2021,3502,,,,,,,,ALL_N1,99_N1,,,,,,
IT1:DF_DCSS_ISTR_LAV_PEN_2_TV_3(1.0),A,082067,RESPOP_AV,T,Y25-49,TOTAL,ALL,99,ALL,ALL,2022,3499,,,,,,,,ALL_N1,99_N1,,,,,,
IT1:DF_DCSS_ISTR_LAV_PEN_2_TV_3(1.0),A,082067,RESPOP_AV,T,Y25-49,TOTAL,ALL,99,ALL,ALL,2023,3430,,,,,,,,ALL_N1,99_N1,,,,,,
IT1:DF_DCSS_ISTR_LAV_PEN_2_TV_3(1.0),A,082067,RESPOP_AV,T,Y25-49,TOTAL,ALL,99,ALL,ALL,2024,3416,,,,,,,,ALL_N1,99_N1,,,,,,
IT1:DF_DCSS_ISTR_LAV_PEN_2_TV_3(1.0),A,082067,RESPOP_AV,T,Y50-64,TOTAL,ALL,1,ALL,ALL,2018,1008,,,,,,,,ALL_N1,,,,,,,
IT1:DF_DCSS_ISTR_LAV_PEN_2_TV_3(1.0),A,082067,RESPOP_AV,T,Y50-64,TOTAL,ALL,1,ALL,ALL,2019,987,,,,,,,,ALL_N1,,,,,,,
IT1:DF_DCSS_ISTR_LAV_PEN_2_TV_3(1.0),A,082067,RESPOP_AV,T,Y50-64,TOTAL,ALL,1,ALL,ALL,2021,1088,,,,,,,,ALL_N1,,,,,,,
IT1:DF_DCSS_ISTR_LAV_PEN_2_TV_3(1.0),A,082067,RESPOP_AV,T,Y50-64,TOTAL,ALL,1,ALL,ALL,2022,1101,,,,,,,,ALL_N1,,,,,,,
IT1:DF_DCSS_ISTR_LAV_PEN_2_TV_3(1.0),A,082067,RESPOP_AV,T,Y50-64,TOTAL,ALL,1,ALL,ALL,2023,1210,,,,,,,,ALL_N1,,,,,,,
IT1:DF_DCSS_ISTR_LAV_PEN_2_TV_3(1.0),A,082067,RESPOP_AV,T,Y50-64,TOTAL,ALL,1,ALL,ALL,2024,1259,,,,,,,,ALL_N1,,,,,,,
IT1:DF_DCSS_ISTR_LAV_PEN_2_TV_3(1.0),A,082067,RESPOP_AV,T,Y50-64,TOTAL,ALL,12,ALL,ALL,2018,237,,,,,,,,ALL_N1,,,,,,,
IT1:DF_DCSS_ISTR_LAV_PEN_2_TV_3(1.0),A,082067,RESPOP_AV,T,Y50-64,TOTAL,ALL,12,ALL,ALL,2019,277,,,,,,,,ALL_N1,,,,,,,
IT1:DF_DCSS_ISTR_LAV_PEN_2_TV_3(1.0),A,082067,RESPOP_AV,T,Y50-64,TOTAL,ALL,12,ALL,ALL,2021,147.009926829161,,,,,,,,ALL_N1,,,,,,,
IT1:DF_DCSS_ISTR_LAV_PEN_2_TV_3(1.0),A,082067,RESPOP_AV,T,Y50-64,TOTAL,ALL,12,ALL,ALL,2022,131.891579226088,,,,,,,,ALL_N1,,,,,,,
IT1:DF_DCSS_ISTR_LAV_PEN_2_TV_3(1.0),A,082067,RESPOP_AV,T,Y50-64,TOTAL,ALL,12,ALL,ALL,2023,138.03180525835282,,,,,,,,ALL_N1,,,,,,,
IT1:DF_DCSS_ISTR_LAV_PEN_2_TV_3(1.0),A,082067,RESPOP_AV,T,Y50-64,TOTAL,ALL,12,ALL,ALL,2024,113.17693830682813,,,,,,,,ALL_N1,,,,,,,
IT1:DF_DCSS_ISTR_LAV_PEN_2_TV_3(1.0),A,082067,RESPOP_AV,T,Y50-64,TOTAL,ALL,22,ALL,ALL,2018,1245,,,,,,,,ALL_N1,,,,,,,
IT1:DF_DCSS_ISTR_LAV_PEN_2_TV_3(1.0),A,082067,RESPOP_AV,T,Y50-64,TOTAL,ALL,22,ALL,ALL,2019,1264,,,,,,,,ALL_N1,,,,,,,
IT1:DF_DCSS_ISTR_LAV_PEN_2_TV_3(1.0),A,082067,RESPOP_AV,T,Y50-64,TOTAL,ALL,22,ALL,ALL,2021,1235.00992682916,,,,,,,,ALL_N1,,,,,,,
IT1:DF_DCSS_ISTR_LAV_PEN_2_TV_3(1.0),A,082067,RESPOP_AV,T,Y50-64,TOTAL,ALL,22,ALL,ALL,2022,1232.89157922609,,,,,,,,ALL_N1,,,,,,,
IT1:DF_DCSS_ISTR_LAV_PEN_2_TV_3(1.0),A,082067,RESPOP_AV,T,Y50-64,TOTAL,ALL,22,ALL,ALL,2023,1348.0318052583527,,,,,,,,ALL_N1,,,,,,,
IT1:DF_DCSS_ISTR_LAV_PEN_2_TV_3(1.0),A,082067,RESPOP_AV,T,Y50-64,TOTAL,ALL,22,ALL,ALL,2024,1372.176938306828,,,,,,,,ALL_N1,,,,,,,
IT1:DF_DCSS_ISTR_LAV_PEN_2_TV_3(1.0),A,082067,RESPOP_AV,T,Y50-64,TOTAL,ALL,23,ALL,ALL,2018,1063,,,,,,,,ALL_N1,,,,,,,
IT1:DF_DCSS_ISTR_LAV_PEN_2_TV_3(1.0),A,082067,RESPOP_AV,T,Y50-64,TOTAL,ALL,23,ALL,ALL,2019,1077,,,,,,,,ALL_N1,,,,,,,
IT1:DF_DCSS_ISTR_LAV_PEN_2_TV_3(1.0),A,082067,RESPOP_AV,T,Y50-64,TOTAL,ALL,23,ALL,ALL,2021,1176.99007317084,,,,,,,,ALL_N1,,,,,,,
IT1:DF_DCSS_ISTR_LAV_PEN_2_TV_3(1.0),A,082067,RESPOP_AV,T,Y50-64,TOTAL,ALL,23,ALL,ALL,2022,1167.10842077391,,,,,,,,ALL_N1,,,,,,,
IT1:DF_DCSS_ISTR_LAV_PEN_2_TV_3(1.0),A,082067,RESPOP_AV,T,Y50-64,TOTAL,ALL,23,ALL,ALL,2023,1115.9681947416475,,,,,,,,ALL_N1,,,,,,,
IT1:DF_DCSS_ISTR_LAV_PEN_2_TV_3(1.0),A,082067,RESPOP_AV,T,Y50-64,TOTAL,ALL,23,ALL,ALL,2024,1112.823061693172,,,,,,,,ALL_N1,,,,,,,
IT1:DF_DCSS_ISTR_LAV_PEN_2_TV_3(1.0),A,082067,RESPOP_AV,T,Y50-64,TOTAL,ALL,24,ALL,ALL,2018,123,,,,,,,,ALL_N1,,,,,,,
IT1:DF_DCSS_ISTR_LAV_PEN_2_TV_3(1.0),A,082067,RESPOP_AV,T,Y50-64,TOTAL,ALL,24,ALL,ALL,2019,150,,,,,,,,ALL_N1,,,,,,,
IT1:DF_DCSS_ISTR_LAV_PEN_2_TV_3(1.0),A,082067,RESPOP_AV,T,Y50-64,TOTAL,ALL,24,ALL,ALL,2021,146.997848475293,,,,,,,,ALL_N1,,,,,,,
IT1:DF_DCSS_ISTR_LAV_PEN_2_TV_3(1.0),A,082067,RESPOP_AV,T,Y50-64,TOTAL,ALL,24,ALL,ALL,2022,114.558557416997,,,,,,,,ALL_N1,,,,,,,
IT1:DF_DCSS_ISTR_LAV_PEN_2_TV_3(1.0),A,082067,RESPOP_AV,T,Y50-64,TOTAL,ALL,24,ALL,ALL,2023,100.50294899528434,,,,,,,,ALL_N1,,,,,,,
IT1:DF_DCSS_ISTR_LAV_PEN_2_TV_3(1.0),A,082067,RESPOP_AV,T,Y50-64,TOTAL,ALL,24,ALL,ALL,2024,102.21351894623987,,,,,,,,ALL_N1,,,,,,,
IT1:DF_DCSS_ISTR_LAV_PEN_2_TV_3(1.0),A,082067,RESPOP_AV,T,Y50-64,TOTAL,ALL,4,ALL,ALL,2018,700,,,,,,,,ALL_N1,,,,,,,
IT1:DF_DCSS_ISTR_LAV_PEN_2_TV_3(1.0),A,082067,RESPOP_AV,T,Y50-64,TOTAL,ALL,4,ALL,ALL,2019,710,,,,,,,,ALL_N1,,,,,,,
IT1:DF_DCSS_ISTR_LAV_PEN_2_TV_3(1.0),A,082067,RESPOP_AV,T,Y50-64,TOTAL,ALL,4,ALL,ALL,2021,758.395841402699,,,,,,,,ALL_N1,,,,,,,
IT1:DF_DCSS_ISTR_LAV_PEN_2_TV_3(1.0),A,082067,RESPOP_AV,T,Y50-64,TOTAL,ALL,4,ALL,ALL,2022,756.252873913368,,,,,,,,ALL_N1,,,,,,,
IT1:DF_DCSS_ISTR_LAV_PEN_2_TV_3(1.0),A,082067,RESPOP_AV,T,Y50-64,TOTAL,ALL,4,ALL,ALL,2023,721.4322090009063,,,,,,,,ALL_N1,,,,,,,
IT1:DF_DCSS_ISTR_LAV_PEN_2_TV_3(1.0),A,082067,RESPOP_AV,T,Y50-64,TOTAL,ALL,4,ALL,ALL,2024,714.3739339725647,,,,,,,,ALL_N1,,,,,,,
IT1:DF_DCSS_ISTR_LAV_PEN_2_TV_3(1.0),A,082067,RESPOP_AV,T,Y50-64,TOTAL,ALL,5,ALL,ALL,2018,1,,,,,,,,ALL_N1,,,,,,,
IT1:DF_DCSS_ISTR_LAV_PEN_2_TV_3(1.0),A,082067,RESPOP_AV,T,Y50-64,TOTAL,ALL,5,ALL,ALL,2019,1,,,,,,,,ALL_N1,,,,,,,
IT1:DF_DCSS_ISTR_LAV_PEN_2_TV_3(1.0),A,082067,RESPOP_AV,T,Y50-64,TOTAL,ALL,5,ALL,ALL,2021,2.71599424668655,,,,,,,,ALL_N1,,,,,,,
IT1:DF_DCSS_ISTR_LAV_PEN_2_TV_3(1.0),A,082067,RESPOP_AV,T,Y50-64,TOTAL,ALL,5,ALL,ALL,2022,3.00880306163496,,,,,,,,ALL_N1,,,,,,,
IT1:DF_DCSS_ISTR_LAV_PEN_2_TV_3(1.0),A,082067,RESPOP_AV,T,Y50-64,TOTAL,ALL,5,ALL,ALL,2023,2.5385314611739274,,,,,,,,ALL_N1,,,,,,,
IT1:DF_DCSS_ISTR_LAV_PEN_2_TV_3(1.0),A,082067,RESPOP_AV,T,Y50-64,TOTAL,ALL,5,ALL,ALL,2024,3.9694162580760564,,,,,,,,ALL_N1,,,,,,,
IT1:DF_DCSS_ISTR_LAV_PEN_2_TV_3(1.0),A,082067,RESPOP_AV,T,Y50-64,TOTAL,ALL,7,ALL,ALL,2018,239,,,,,,,,ALL_N1,,,,,,,
IT1:DF_DCSS_ISTR_LAV_PEN_2_TV_3(1.0),A,082067,RESPOP_AV,T,Y50-64,TOTAL,ALL,7,ALL,ALL,2019,216,,,,,,,,ALL_N1,,,,,,,
IT1:DF_DCSS_ISTR_LAV_PEN_2_TV_3(1.0),A,082067,RESPOP_AV,T,Y50-64,TOTAL,ALL,7,ALL,ALL,2021,268.880389046161,,,,,,,,ALL_N1,,,,,,,
IT1:DF_DCSS_ISTR_LAV_PEN_2_TV_3(1.0),A,082067,RESPOP_AV,T,Y50-64,TOTAL,ALL,7,ALL,ALL,2022,293.288186381912,,,,,,,,ALL_N1,,,,,,,
IT1:DF_DCSS_ISTR_LAV_PEN_2_TV_3(1.0),A,082067,RESPOP_AV,T,Y50-64,TOTAL,ALL,7,ALL,ALL,2023,291.49450528428304,,,,,,,,ALL_N1,,,,,,,
IT1:DF_DCSS_ISTR_LAV_PEN_2_TV_3(1.0),A,082067,RESPOP_AV,T,Y50-64,TOTAL,ALL,7,ALL,ALL,2024,292.2661925162912,,,,,,,,ALL_N1,,,,,,,
IT1:DF_DCSS_ISTR_LAV_PEN_2_TV_3(1.0),A,082067,RESPOP_AV,T,Y50-64,TOTAL,ALL,99,ALL,ALL,2018,2308,,,,,,,,ALL_N1,99_N1,,,,,,
IT1:DF_DCSS_ISTR_LAV_PEN_2_TV_3(1.0),A,082067,RESPOP_AV,T,Y50-64,TOTAL,ALL,99,ALL,ALL,2019,2341,,,,,,,,ALL_N1,99_N1,,,,,,
IT1:DF_DCSS_ISTR_LAV_PEN_2_TV_3(1.0),A,082067,RESPOP_AV,T,Y50-64,TOTAL,ALL,99,ALL,ALL,2020,2325,,,,,,,,ALL_N1,99_N1,,,,,,
IT1:DF_DCSS_ISTR_LAV_PEN_2_TV_3(1.0),A,082067,RESPOP_AV,T,Y50-64,TOTAL,ALL,99,ALL,ALL,2021,2412,,,,,,,,ALL_N1,99_N1,,,,,,
IT1:DF_DCSS_ISTR_LAV_PEN_2_TV_3(1.0),A,082067,RESPOP_AV,T,Y50-64,TOTAL,ALL,99,ALL,ALL,2022,2400,,,,,,,,ALL_N1,99_N1,,,,,,
IT1:DF_DCSS_ISTR_LAV_PEN_2_TV_3(1.0),A,082067,RESPOP_AV,T,Y50-64,TOTAL,ALL,99,ALL,ALL,2023,2464,,,,,,,,ALL_N1,99_N1,,,,,,
IT1:DF_DCSS_ISTR_LAV_PEN_2_TV_3(1.0),A,082067,RESPOP_AV,T,Y50-64,TOTAL,ALL,99,ALL,ALL,2024,2485,,,,,,,,ALL_N1,99_N1,,,,,,
IT1:DF_DCSS_ISTR_LAV_PEN_2_TV_3(1.0),A,082079,RESPOP_AV,F,Y_GE15,TOTAL,ALL,1,ALL,ALL,2018,1438,,,,,,,,ALL_N1,,,,,,,
IT1:DF_DCSS_ISTR_LAV_PEN_2_TV_3(1.0),A,082079,RESPOP_AV,F,Y_GE15,TOTAL,ALL,1,ALL,ALL,2019,1516,,,,,,,,ALL_N1,,,,,,,
IT1:DF_DCSS_ISTR_LAV_PEN_2_TV_3(1.0),A,082079,RESPOP_AV,F,Y_GE15,TOTAL,ALL,1,ALL,ALL,2021,1639,,,,,,,,ALL_N1,,,,,,,
IT1:DF_DCSS_ISTR_LAV_PEN_2_TV_3(1.0),A,082079,RESPOP_AV,F,Y_GE15,TOTAL,ALL,1,ALL,ALL,2022,1659,,,,,,,,ALL_N1,,,,,,,
IT1:DF_DCSS_ISTR_LAV_PEN_2_TV_3(1.0),A,082079,RESPOP_AV,F,Y_GE15,TOTAL,ALL,1,ALL,ALL,2023,1703,,,,,,,,ALL_N1,,,,,,,
IT1:DF_DCSS_ISTR_LAV_PEN_2_TV_3(1.0),A,082079,RESPOP_AV,F,Y_GE15,TOTAL,ALL,1,ALL,ALL,2024,1825,,,,,,,,ALL_N1,,,,,,,
IT1:DF_DCSS_ISTR_LAV_PEN_2_TV_3(1.0),A,082079,RESPOP_AV,F,Y_GE15,TOTAL,ALL,12,ALL,ALL,2018,993,,,,,,,,ALL_N1,,,,,,,
IT1:DF_DCSS_ISTR_LAV_PEN_2_TV_3(1.0),A,082079,RESPOP_AV,F,Y_GE15,TOTAL,ALL,12,ALL,ALL,2019,1005,,,,,,,,ALL_N1,,,,,,,
IT1:DF_DCSS_ISTR_LAV_PEN_2_TV_3(1.0),A,082079,RESPOP_AV,F,Y_GE15,TOTAL,ALL,12,ALL,ALL,2021,537.361869931535,,,,,,,,ALL_N1,,,,,,,
IT1:DF_DCSS_ISTR_LAV_PEN_2_TV_3(1.0),A,082079,RESPOP_AV,F,Y_GE15,TOTAL,ALL,12,ALL,ALL,2022,605.435222410825,,,,,,,,ALL_N1,,,,,,,
IT1:DF_DCSS_ISTR_LAV_PEN_2_TV_3(1.0),A,082079,RESPOP_AV,F,Y_GE15,TOTAL,ALL,12,ALL,ALL,2023,583.3746823404233,,,,,,,,ALL_N1,,,,,,,
IT1:DF_DCSS_ISTR_LAV_PEN_2_TV_3(1.0),A,082079,RESPOP_AV,F,Y_GE15,TOTAL,ALL,12,ALL,ALL,2024,487.3702175386639,,,,,,,,ALL_N1,,,,,,,
IT1:DF_DCSS_ISTR_LAV_PEN_2_TV_3(1.0),A,082079,RESPOP_AV,F,Y_GE15,TOTAL,ALL,22,ALL,ALL,2018,2431,,,,,,,,ALL_N1,,,,,,,
IT1:DF_DCSS_ISTR_LAV_PEN_2_TV_3(1.0),A,082079,RESPOP_AV,F,Y_GE15,TOTAL,ALL,22,ALL,ALL,2019,2521,,,,,,,,ALL_N1,,,,,,,
IT1:DF_DCSS_ISTR_LAV_PEN_2_TV_3(1.0),A,082079,RESPOP_AV,F,Y_GE15,TOTAL,ALL,22,ALL,ALL,2021,2176.36186993153,,,,,,,,ALL_N1,,,,,,,
IT1:DF_DCSS_ISTR_LAV_PEN_2_TV_3(1.0),A,082079,RESPOP_AV,F,Y_GE15,TOTAL,ALL,22,ALL,ALL,2022,2264.43522241083,,,,,,,,ALL_N1,,,,,,,
IT1:DF_DCSS_ISTR_LAV_PEN_2_TV_3(1.0),A,082079,RESPOP_AV,F,Y_GE15,TOTAL,ALL,22,ALL,ALL,2023,2286.3746823404235,,,,,,,,ALL_N1,,,,,,,
IT1:DF_DCSS_ISTR_LAV_PEN_2_TV_3(1.0),A,082079,RESPOP_AV,F,Y_GE15,TOTAL,ALL,22,ALL,ALL,2024,2312.370217538664,,,,,,,,ALL_N1,,,,,,,
IT1:DF_DCSS_ISTR_LAV_PEN_2_TV_3(1.0),A,082079,RESPOP_AV,F,Y_GE15,TOTAL,ALL,23,ALL,ALL,2018,5868,,,,,,,,ALL_N1,,,,,,,
IT1:DF_DCSS_ISTR_LAV_PEN_2_TV_3(1.0),A,082079,RESPOP_AV,F,Y_GE15,TOTAL,ALL,23,ALL,ALL,2019,5777,,,,,,,,ALL_N1,,,,,,,
IT1:DF_DCSS_ISTR_LAV_PEN_2_TV_3(1.0),A,082079,RESPOP_AV,F,Y_GE15,TOTAL,ALL,23,ALL,ALL,2021,6137.63813006847,,,,,,,,ALL_N1,,,,,,,
IT1:DF_DCSS_ISTR_LAV_PEN_2_TV_3(1.0),A,082079,RESPOP_AV,F,Y_GE15,TOTAL,ALL,23,ALL,ALL,2022,6067.56477758918,,,,,,,,ALL_N1,,,,,,,
IT1:DF_DCSS_ISTR_LAV_PEN_2_TV_3(1.0),A,082079,RESPOP_AV,F,Y_GE15,TOTAL,ALL,23,ALL,ALL,2023,6043.6253176595765,,,,,,,,ALL_N1,,,,,,,
IT1:DF_DCSS_ISTR_LAV_PEN_2_TV_3(1.0),A,082079,RESPOP_AV,F,Y_GE15,TOTAL,ALL,23,ALL,ALL,2024,6079.629782461337,,,,,,,,ALL_N1,,,,,,,
IT1:DF_DCSS_ISTR_LAV_PEN_2_TV_3(1.0),A,082079,RESPOP_AV,F,Y_GE15,TOTAL,ALL,24,ALL,ALL,2018,753,,,,,,,,ALL_N1,,,,,,,
IT1:DF_DCSS_ISTR_LAV_PEN_2_TV_3(1.0),A,082079,RESPOP_AV,F,Y_GE15,TOTAL,ALL,24,ALL,ALL,2019,745,,,,,,,,ALL_N1,,,,,,,
IT1:DF_DCSS_ISTR_LAV_PEN_2_TV_3(1.0),A,082079,RESPOP_AV,F,Y_GE15,TOTAL,ALL,24,ALL,ALL,2021,840.936208090521,,,,,,,,ALL_N1,,,,,,,
IT1:DF_DCSS_ISTR_LAV_PEN_2_TV_3(1.0),A,082079,RESPOP_AV,F,Y_GE15,TOTAL,ALL,24,ALL,ALL,2022,683.114540020851,,,,,,,,ALL_N1,,,,,,,
IT1:DF_DCSS_ISTR_LAV_PEN_2_TV_3(1.0),A,082079,RESPOP_AV,F,Y_GE15,TOTAL,ALL,24,ALL,ALL,2023,654.1821251454688,,,,,,,,ALL_N1,,,,,,,
IT1:DF_DCSS_ISTR_LAV_PEN_2_TV_3(1.0),A,082079,RESPOP_AV,F,Y_GE15,TOTAL,ALL,24,ALL,ALL,2024,823.1677617032087,,,,,,,,ALL_N1,,,,,,,
IT1:DF_DCSS_ISTR_LAV_PEN_2_TV_3(1.0),A,082079,RESPOP_AV,F,Y_GE15,TOTAL,ALL,4,ALL,ALL,2018,3769,,,,,,,,ALL_N1,,,,,,,
IT1:DF_DCSS_ISTR_LAV_PEN_2_TV_3(1.0),A,082079,RESPOP_AV,F,Y_GE15,TOTAL,ALL,4,ALL,ALL,2019,3803,,,,,,,,ALL_N1,,,,,,,
IT1:DF_DCSS_ISTR_LAV_PEN_2_TV_3(1.0),A,082079,RESPOP_AV,F,Y_GE15,TOTAL,ALL,4,ALL,ALL,2021,3964.6214588802,,,,,,,,ALL_N1,,,,,,,
IT1:DF_DCSS_ISTR_LAV_PEN_2_TV_3(1.0),A,082079,RESPOP_AV,F,Y_GE15,TOTAL,ALL,4,ALL,ALL,2022,3864.48509112289,,,,,,,,ALL_N1,,,,,,,
IT1:DF_DCSS_ISTR_LAV_PEN_2_TV_3(1.0),A,082079,RESPOP_AV,F,Y_GE15,TOTAL,ALL,4,ALL,ALL,2023,3904.5501639027875,,,,,,,,ALL_N1,,,,,,,
IT1:DF_DCSS_ISTR_LAV_PEN_2_TV_3(1.0),A,082079,RESPOP_AV,F,Y_GE15,TOTAL,ALL,4,ALL,ALL,2024,3731.362490954904,,,,,,,,ALL_N1,,,,,,,
IT1:DF_DCSS_ISTR_LAV_PEN_2_TV_3(1.0),A,082079,RESPOP_AV,F,Y_GE15,TOTAL,ALL,5,ALL,ALL,2018,709,,,,,,,,ALL_N1,,,,,,,
IT1:DF_DCSS_ISTR_LAV_PEN_2_TV_3(1.0),A,082079,RESPOP_AV,F,Y_GE15,TOTAL,ALL,5,ALL,ALL,2019,708,,,,,,,,ALL_N1,,,,,,,
IT1:DF_DCSS_ISTR_LAV_PEN_2_TV_3(1.0),A,082079,RESPOP_AV,F,Y_GE15,TOTAL,ALL,5,ALL,ALL,2021,737.877824654852,,,,,,,,ALL_N1,,,,,,,
IT1:DF_DCSS_ISTR_LAV_PEN_2_TV_3(1.0),A,082079,RESPOP_AV,F,Y_GE15,TOTAL,ALL,5,ALL,ALL,2022,771.438575126982,,,,,,,,ALL_N1,,,,,,,
IT1:DF_DCSS_ISTR_LAV_PEN_2_TV_3(1.0),A,082079,RESPOP_AV,F,Y_GE15,TOTAL,ALL,5,ALL,ALL,2023,692.9964416922329,,,,,,,,ALL_N1,,,,,,,
IT1:DF_DCSS_ISTR_LAV_PEN_2_TV_3(1.0),A,082079,RESPOP_AV,F,Y_GE15,TOTAL,ALL,5,ALL,ALL,2024,769.8531054776375,,,,,,,,ALL_N1,,,,,,,
IT1:DF_DCSS_ISTR_LAV_PEN_2_TV_3(1.0),A,082079,RESPOP_AV,F,Y_GE15,TOTAL,ALL,7,ALL,ALL,2018,637,,,,,,,,ALL_N1,,,,,,,
IT1:DF_DCSS_ISTR_LAV_PEN_2_TV_3(1.0),A,082079,RESPOP_AV,F,Y_GE15,TOTAL,ALL,7,ALL,ALL,2019,522,,,,,,,,ALL_N1,,,,,,,
IT1:DF_DCSS_ISTR_LAV_PEN_2_TV_3(1.0),A,082079,RESPOP_AV,F,Y_GE15,TOTAL,ALL,7,ALL,ALL,2021,594.202638442891,,,,,,,,ALL_N1,,,,,,,
IT1:DF_DCSS_ISTR_LAV_PEN_2_TV_3(1.0),A,082079,RESPOP_AV,F,Y_GE15,TOTAL,ALL,7,ALL,ALL,2022,748.52657131845,,,,,,,,ALL_N1,,,,,,,
IT1:DF_DCSS_ISTR_LAV_PEN_2_TV_3(1.0),A,082079,RESPOP_AV,F,Y_GE15,TOTAL,ALL,7,ALL,ALL,2023,791.8965869190872,,,,,,,,ALL_N1,,,,,,,
IT1:DF_DCSS_ISTR_LAV_PEN_2_TV_3(1.0),A,082079,RESPOP_AV,F,Y_GE15,TOTAL,ALL,7,ALL,ALL,2024,755.2464243255863,,,,,,,,ALL_N1,,,,,,,
IT1:DF_DCSS_ISTR_LAV_PEN_2_TV_3(1.0),A,082079,RESPOP_AV,F,Y_GE15,TOTAL,ALL,99,ALL,ALL,2018,8298,,,,,,,,ALL_N1,99_N1,,,,,,
IT1:DF_DCSS_ISTR_LAV_PEN_2_TV_3(1.0),A,082079,RESPOP_AV,F,Y_GE15,TOTAL,ALL,99,ALL,ALL,2019,8297,,,,,,,,ALL_N1,99_N1,,,,,,
IT1:DF_DCSS_ISTR_LAV_PEN_2_TV_3(1.0),A,082079,RESPOP_AV,F,Y_GE15,TOTAL,ALL,99,ALL,ALL,2021,8314,,,,,,,,ALL_N1,99_N1,,,,,,
IT1:DF_DCSS_ISTR_LAV_PEN_2_TV_3(1.0),A,082079,RESPOP_AV,F,Y_GE15,TOTAL,ALL,99,ALL,ALL,2022,8332,,,,,,,,ALL_N1,99_N1,,,,,,
IT1:DF_DCSS_ISTR_LAV_PEN_2_TV_3(1.0),A,082079,RESPOP_AV,F,Y_GE15,TOTAL,ALL,99,ALL,ALL,2023,8330,,,,,,,,ALL_N1,99_N1,,,,,,
IT1:DF_DCSS_ISTR_LAV_PEN_2_TV_3(1.0),A,082079,RESPOP_AV,F,Y_GE15,TOTAL,ALL,99,ALL,ALL,2024,8392,,,,,,,,ALL_N1,99_N1,,,,,,
IT1:DF_DCSS_ISTR_LAV_PEN_2_TV_3(1.0),A,082079,RESPOP_AV,F,Y_GE65,TOTAL,ALL,1,ALL,ALL,2018,38,,,,,,,,ALL_N1,,,,,,,
IT1:DF_DCSS_ISTR_LAV_PEN_2_TV_3(1.0),A,082079,RESPOP_AV,F,Y_GE65,TOTAL,ALL,1,ALL,ALL,2019,40,,,,,,,,ALL_N1,,,,,,,
IT1:DF_DCSS_ISTR_LAV_PEN_2_TV_3(1.0),A,082079,RESPOP_AV,F,Y_GE65,TOTAL,ALL,1,ALL,ALL,2021,35,,,,,,,,ALL_N1,,,,,,,
IT1:DF_DCSS_ISTR_LAV_PEN_2_TV_3(1.0),A,082079,RESPOP_AV,F,Y_GE65,TOTAL,ALL,1,ALL,ALL,2022,38,,,,,,,,ALL_N1,,,,,,,
IT1:DF_DCSS_ISTR_LAV_PEN_2_TV_3(1.0),A,082079,RESPOP_AV,F,Y_GE65,TOTAL,ALL,1,ALL,ALL,2023,43,,,,,,,,ALL_N1,,,,,,,
IT1:DF_DCSS_ISTR_LAV_PEN_2_TV_3(1.0),A,082079,RESPOP_AV,F,Y_GE65,TOTAL,ALL,1,ALL,ALL,2024,47,,,,,,,,ALL_N1,,,,,,,
IT1:DF_DCSS_ISTR_LAV_PEN_2_TV_3(1.0),A,082079,RESPOP_AV,F,Y_GE65,TOTAL,ALL,12,ALL,ALL,2018,8,,,,,,,,ALL_N1,,,,,,,
IT1:DF_DCSS_ISTR_LAV_PEN_2_TV_3(1.0),A,082079,RESPOP_AV,F,Y_GE65,TOTAL,ALL,12,ALL,ALL,2019,9,,,,,,,,ALL_N1,,,,,,,
IT1:DF_DCSS_ISTR_LAV_PEN_2_TV_3(1.0),A,082079,RESPOP_AV,F,Y_GE65,TOTAL,ALL,12,ALL,ALL,2021,5.43348501077738,,,,,,,,ALL_N1,,,,,,,
IT1:DF_DCSS_ISTR_LAV_PEN_2_TV_3(1.0),A,082079,RESPOP_AV,F,Y_GE65,TOTAL,ALL,12,ALL,ALL,2022,3.9812642033966,,,,,,,,ALL_N1,,,,,,,
IT1:DF_DCSS_ISTR_LAV_PEN_2_TV_3(1.0),A,082079,RESPOP_AV,F,Y_GE65,TOTAL,ALL,12,ALL,ALL,2023,4.881178325287715,,,,,,,,ALL_N1,,,,,,,
IT1:DF_DCSS_ISTR_LAV_PEN_2_TV_3(1.0),A,082079,RESPOP_AV,F,Y_GE65,TOTAL,ALL,12,ALL,ALL,2024,4.385414203975471,,,,,,,,ALL_N1,,,,,,,
IT1:DF_DCSS_ISTR_LAV_PEN_2_TV_3(1.0),A,082079,RESPOP_AV,F,Y_GE65,TOTAL,ALL,22,ALL,ALL,2018,46,,,,,,,,ALL_N1,,,,,,,
IT1:DF_DCSS_ISTR_LAV_PEN_2_TV_3(1.0),A,082079,RESPOP_AV,F,Y_GE65,TOTAL,ALL,22,ALL,ALL,2019,49,,,,,,,,ALL_N1,,,,,,,
IT1:DF_DCSS_ISTR_LAV_PEN_2_TV_3(1.0),A,082079,RESPOP_AV,F,Y_GE65,TOTAL,ALL,22,ALL,ALL,2021,40.4334850107774,,,,,,,,ALL_N1,,,,,,,
IT1:DF_DCSS_ISTR_LAV_PEN_2_TV_3(1.0),A,082079,RESPOP_AV,F,Y_GE65,TOTAL,ALL,22,ALL,ALL,2022,41.9812642033966,,,,,,,,ALL_N1,,,,,,,
IT1:DF_DCSS_ISTR_LAV_PEN_2_TV_3(1.0),A,082079,RESPOP_AV,F,Y_GE65,TOTAL,ALL,22,ALL,ALL,2023,47.88117832528771,,,,,,,,ALL_N1,,,,,,,
IT1:DF_DCSS_ISTR_LAV_PEN_2_TV_3(1.0),A,082079,RESPOP_AV,F,Y_GE65,TOTAL,ALL,22,ALL,ALL,2024,51.38541420397547,,,,,,,,ALL_N1,,,,,,,
IT1:DF_DCSS_ISTR_LAV_PEN_2_TV_3(1.0),A,082079,RESPOP_AV,F,Y_GE65,TOTAL,ALL,23,ALL,ALL,2018,1539,,,,,,,,ALL_N1,,,,,,,
IT1:DF_DCSS_ISTR_LAV_PEN_2_TV_3(1.0),A,082079,RESPOP_AV,F,Y_GE65,TOTAL,ALL,23,ALL,ALL,2019,1603,,,,,,,,ALL_N1,,,,,,,
IT1:DF_DCSS_ISTR_LAV_PEN_2_TV_3(1.0),A,082079,RESPOP_AV,F,Y_GE65,TOTAL,ALL,23,ALL,ALL,2021,1681.56651498922,,,,,,,,ALL_N1,,,,,,,
IT1:DF_DCSS_ISTR_LAV_PEN_2_TV_3(1.0),A,082079,RESPOP_AV,F,Y_GE65,TOTAL,ALL,23,ALL,ALL,2022,1715.0187357966,,,,,,,,ALL_N1,,,,,,,
IT1:DF_DCSS_ISTR_LAV_PEN_2_TV_3(1.0),A,082079,RESPOP_AV,F,Y_GE65,TOTAL,ALL,23,ALL,ALL,2023,1749.118821674712,,,,,,,,ALL_N1,,,,,,,
IT1:DF_DCSS_ISTR_LAV_PEN_2_TV_3(1.0),A,082079,RESPOP_AV,F,Y_GE65,TOTAL,ALL,23,ALL,ALL,2024,1826.6145857960246,,,,,,,,ALL_N1,,,,,,,
IT1:DF_DCSS_ISTR_LAV_PEN_2_TV_3(1.0),A,082079,RESPOP_AV,F,Y_GE65,TOTAL,ALL,24,ALL,ALL,2018,686,,,,,,,,ALL_N1,,,,,,,
IT1:DF_DCSS_ISTR_LAV_PEN_2_TV_3(1.0),A,082079,RESPOP_AV,F,Y_GE65,TOTAL,ALL,24,ALL,ALL,2019,684,,,,,,,,ALL_N1,,,,,,,
IT1:DF_DCSS_ISTR_LAV_PEN_2_TV_3(1.0),A,082079,RESPOP_AV,F,Y_GE65,TOTAL,ALL,24,ALL,ALL,2021,767.442472988626,,,,,,,,ALL_N1,,,,,,,
IT1:DF_DCSS_ISTR_LAV_PEN_2_TV_3(1.0),A,082079,RESPOP_AV,F,Y_GE65,TOTAL,ALL,24,ALL,ALL,2022,637.725893953565,,,,,,,,ALL_N1,,,,,,,
IT1:DF_DCSS_ISTR_LAV_PEN_2_TV_3(1.0),A,082079,RESPOP_AV,F,Y_GE65,TOTAL,ALL,24,ALL,ALL,2023,609.152785223987,,,,,,,,ALL_N1,,,,,,,
IT1:DF_DCSS_ISTR_LAV_PEN_2_TV_3(1.0),A,082079,RESPOP_AV,F,Y_GE65,TOTAL,ALL,24,ALL,ALL,2024,765.8560103478686,,,,,,,,ALL_N1,,,,,,,
IT1:DF_DCSS_ISTR_LAV_PEN_2_TV_3(1.0),A,082079,RESPOP_AV,F,Y_GE65,TOTAL,ALL,4,ALL,ALL,2018,610,,,,,,,,ALL_N1,,,,,,,
IT1:DF_DCSS_ISTR_LAV_PEN_2_TV_3(1.0),A,082079,RESPOP_AV,F,Y_GE65,TOTAL,ALL,4,ALL,ALL,2019,696,,,,,,,,ALL_N1,,,,,,,
IT1:DF_DCSS_ISTR_LAV_PEN_2_TV_3(1.0),A,082079,RESPOP_AV,F,Y_GE65,TOTAL,ALL,4,ALL,ALL,2021,694.616174601994,,,,,,,,ALL_N1,,,,,,,
IT1:DF_DCSS_ISTR_LAV_PEN_2_TV_3(1.0),A,082079,RESPOP_AV,F,Y_GE65,TOTAL,ALL,4,ALL,ALL,2022,766.151818954501,,,,,,,,ALL_N1,,,,,,,
IT1:DF_DCSS_ISTR_LAV_PEN_2_TV_3(1.0),A,082079,RESPOP_AV,F,Y_GE65,TOTAL,ALL,4,ALL,ALL,2023,799.9343658293928,,,,,,,,ALL_N1,,,,,,,
IT1:DF_DCSS_ISTR_LAV_PEN_2_TV_3(1.0),A,082079,RESPOP_AV,F,Y_GE65,TOTAL,ALL,4,ALL,ALL,2024,762.133462294197,,,,,,,,ALL_N1,,,,,,,
IT1:DF_DCSS_ISTR_LAV_PEN_2_TV_3(1.0),A,082079,RESPOP_AV,F,Y_GE65,TOTAL,ALL,5,ALL,ALL,2018,0,JTEST,,,,,,,ALL_N1,,,,,,,
IT1:DF_DCSS_ISTR_LAV_PEN_2_TV_3(1.0),A,082079,RESPOP_AV,F,Y_GE65,TOTAL,ALL,5,ALL,ALL,2019,0,JTEST,,,,,,,ALL_N1,,,,,,,
IT1:DF_DCSS_ISTR_LAV_PEN_2_TV_3(1.0),A,082079,RESPOP_AV,F,Y_GE65,TOTAL,ALL,5,ALL,ALL,2021,1.20223013113761E-05,,,,,,,,ALL_N1,,,,,,,
IT1:DF_DCSS_ISTR_LAV_PEN_2_TV_3(1.0),A,082079,RESPOP_AV,F,Y_GE65,TOTAL,ALL,5,ALL,ALL,2022,0.304296888502517,,,,,,,,ALL_N1,,,,,,,
IT1:DF_DCSS_ISTR_LAV_PEN_2_TV_3(1.0),A,082079,RESPOP_AV,F,Y_GE65,TOTAL,ALL,5,ALL,ALL,2023,0.463325921615467,,,,,,,,ALL_N1,,,,,,,
IT1:DF_DCSS_ISTR_LAV_PEN_2_TV_3(1.0),A,082079,RESPOP_AV,F,Y_GE65,TOTAL,ALL,5,ALL,ALL,2024,0.272327649979489,,,,,,,,ALL_N1,,,,,,,
IT1:DF_DCSS_ISTR_LAV_PEN_2_TV_3(1.0),A,082079,RESPOP_AV,F,Y_GE65,TOTAL,ALL,7,ALL,ALL,2018,243,,,,,,,,ALL_N1,,,,,,,
IT1:DF_DCSS_ISTR_LAV_PEN_2_TV_3(1.0),A,082079,RESPOP_AV,F,Y_GE65,TOTAL,ALL,7,ALL,ALL,2019,223,,,,,,,,ALL_N1,,,,,,,
IT1:DF_DCSS_ISTR_LAV_PEN_2_TV_3(1.0),A,082079,RESPOP_AV,F,Y_GE65,TOTAL,ALL,7,ALL,ALL,2021,219.507855376302,,,,,,,,ALL_N1,,,,,,,
IT1:DF_DCSS_ISTR_LAV_PEN_2_TV_3(1.0),A,082079,RESPOP_AV,F,Y_GE65,TOTAL,ALL,7,ALL,ALL,2022,310.836726000035,,,,,,,,ALL_N1,,,,,,,
IT1:DF_DCSS_ISTR_LAV_PEN_2_TV_3(1.0),A,082079,RESPOP_AV,F,Y_GE65,TOTAL,ALL,7,ALL,ALL,2023,339.56834469971665,,,,,,,,ALL_N1,,,,,,,
IT1:DF_DCSS_ISTR_LAV_PEN_2_TV_3(1.0),A,082079,RESPOP_AV,F,Y_GE65,TOTAL,ALL,7,ALL,ALL,2024,298.3527855039795,,,,,,,,ALL_N1,,,,,,,
IT1:DF_DCSS_ISTR_LAV_PEN_2_TV_3(1.0),A,082079,RESPOP_AV,F,Y_GE65,TOTAL,ALL,99,ALL,ALL,2018,1585,,,,,,,,ALL_N1,99_N1,,,,,,
IT1:DF_DCSS_ISTR_LAV_PEN_2_TV_3(1.0),A,082079,RESPOP_AV,F,Y_GE65,TOTAL,ALL,99,ALL,ALL,2019,1652,,,,,,,,ALL_N1,99_N1,,,,,,
IT1:DF_DCSS_ISTR_LAV_PEN_2_TV_3(1.0),A,082079,RESPOP_AV,F,Y_GE65,TOTAL,ALL,99,ALL,ALL,2020,1721,,,,,,,,ALL_N1,99_N1,,,,,,
IT1:DF_DCSS_ISTR_LAV_PEN_2_TV_3(1.0),A,082079,RESPOP_AV,F,Y_GE65,TOTAL,ALL,99,ALL,ALL,2021,1722,,,,,,,,ALL_N1,99_N1,,,,,,
IT1:DF_DCSS_ISTR_LAV_PEN_2_TV_3(1.0),A,082079,RESPOP_AV,F,Y_GE65,TOTAL,ALL,99,ALL,ALL,2022,1757,,,,,,,,ALL_N1,99_N1,,,,,,
IT1:DF_DCSS_ISTR_LAV_PEN_2_TV_3(1.0),A,082079,RESPOP_AV,F,Y_GE65,TOTAL,ALL,99,ALL,ALL,2023,1797,,,,,,,,ALL_N1,99_N1,,,,,,
IT1:DF_DCSS_ISTR_LAV_PEN_2_TV_3(1.0),A,082079,RESPOP_AV,F,Y_GE65,TOTAL,ALL,99,ALL,ALL,2024,1878,,,,,,,,ALL_N1,99_N1,,,,,,
IT1:DF_DCSS_ISTR_LAV_PEN_2_TV_3(1.0),A,082079,RESPOP_AV,F,Y15-24,TOTAL,ALL,1,ALL,ALL,2018,64,,,,,,,,ALL_N1,,,,,,,
IT1:DF_DCSS_ISTR_LAV_PEN_2_TV_3(1.0),A,082079,RESPOP_AV,F,Y15-24,TOTAL,ALL,1,ALL,ALL,2019,76,,,,,,,,ALL_N1,,,,,,,
IT1:DF_DCSS_ISTR_LAV_PEN_2_TV_3(1.0),A,082079,RESPOP_AV,F,Y15-24,TOTAL,ALL,1,ALL,ALL,2021,68,,,,,,,,ALL_N1,,,,,,,
IT1:DF_DCSS_ISTR_LAV_PEN_2_TV_3(1.0),A,082079,RESPOP_AV,F,Y15-24,TOTAL,ALL,1,ALL,ALL,2022,98,,,,,,,,ALL_N1,,,,,,,
IT1:DF_DCSS_ISTR_LAV_PEN_2_TV_3(1.0),A,082079,RESPOP_AV,F,Y15-24,TOTAL,ALL,1,ALL,ALL,2023,112,,,,,,,,ALL_N1,,,,,,,
IT1:DF_DCSS_ISTR_LAV_PEN_2_TV_3(1.0),A,082079,RESPOP_AV,F,Y15-24,TOTAL,ALL,1,ALL,ALL,2024,107,,,,,,,,ALL_N1,,,,,,,
IT1:DF_DCSS_ISTR_LAV_PEN_2_TV_3(1.0),A,082079,RESPOP_AV,F,Y15-24,TOTAL,ALL,12,ALL,ALL,2018,235,,,,,,,,ALL_N1,,,,,,,
IT1:DF_DCSS_ISTR_LAV_PEN_2_TV_3(1.0),A,082079,RESPOP_AV,F,Y15-24,TOTAL,ALL,12,ALL,ALL,2019,226,,,,,,,,ALL_N1,,,,,,,
IT1:DF_DCSS_ISTR_LAV_PEN_2_TV_3(1.0),A,082079,RESPOP_AV,F,Y15-24,TOTAL,ALL,12,ALL,ALL,2021,118.810950374343,,,,,,,,ALL_N1,,,,,,,
IT1:DF_DCSS_ISTR_LAV_PEN_2_TV_3(1.0),A,082079,RESPOP_AV,F,Y15-24,TOTAL,ALL,12,ALL,ALL,2022,127.421136262997,,,,,,,,ALL_N1,,,,,,,
IT1:DF_DCSS_ISTR_LAV_PEN_2_TV_3(1.0),A,082079,RESPOP_AV,F,Y15-24,TOTAL,ALL,12,ALL,ALL,2023,131.44722189421333,,,,,,,,ALL_N1,,,,,,,
IT1:DF_DCSS_ISTR_LAV_PEN_2_TV_3(1.0),A,082079,RESPOP_AV,F,Y15-24,TOTAL,ALL,12,ALL,ALL,2024,99.0312309107885,,,,,,,,ALL_N1,,,,,,,
IT1:DF_DCSS_ISTR_LAV_PEN_2_TV_3(1.0),A,082079,RESPOP_AV,F,Y15-24,TOTAL,ALL,22,ALL,ALL,2018,299,,,,,,,,ALL_N1,,,,,,,
IT1:DF_DCSS_ISTR_LAV_PEN_2_TV_3(1.0),A,082079,RESPOP_AV,F,Y15-24,TOTAL,ALL,22,ALL,ALL,2019,302,,,,,,,,ALL_N1,,,,,,,
IT1:DF_DCSS_ISTR_LAV_PEN_2_TV_3(1.0),A,082079,RESPOP_AV,F,Y15-24,TOTAL,ALL,22,ALL,ALL,2021,186.810950374343,,,,,,,,ALL_N1,,,,,,,
IT1:DF_DCSS_ISTR_LAV_PEN_2_TV_3(1.0),A,082079,RESPOP_AV,F,Y15-24,TOTAL,ALL,22,ALL,ALL,2022,225.421136262997,,,,,,,,ALL_N1,,,,,,,
IT1:DF_DCSS_ISTR_LAV_PEN_2_TV_3(1.0),A,082079,RESPOP_AV,F,Y15-24,TOTAL,ALL,22,ALL,ALL,2023,243.44722189421333,,,,,,,,ALL_N1,,,,,,,
IT1:DF_DCSS_ISTR_LAV_PEN_2_TV_3(1.0),A,082079,RESPOP_AV,F,Y15-24,TOTAL,ALL,22,ALL,ALL,2024,206.03123091078848,,,,,,,,ALL_N1,,,,,,,
IT1:DF_DCSS_ISTR_LAV_PEN_2_TV_3(1.0),A,082079,RESPOP_AV,F,Y15-24,TOTAL,ALL,23,ALL,ALL,2018,908,,,,,,,,ALL_N1,,,,,,,
IT1:DF_DCSS_ISTR_LAV_PEN_2_TV_3(1.0),A,082079,RESPOP_AV,F,Y15-24,TOTAL,ALL,23,ALL,ALL,2019,862,,,,,,,,ALL_N1,,,,,,,
IT1:DF_DCSS_ISTR_LAV_PEN_2_TV_3(1.0),A,082079,RESPOP_AV,F,Y15-24,TOTAL,ALL,23,ALL,ALL,2021,935.189049625657,,,,,,,,ALL_N1,,,,,,,
IT1:DF_DCSS_ISTR_LAV_PEN_2_TV_3(1.0),A,082079,RESPOP_AV,F,Y15-24,TOTAL,ALL,23,ALL,ALL,2022,885.578863737002,,,,,,,,ALL_N1,,,,,,,
IT1:DF_DCSS_ISTR_LAV_PEN_2_TV_3(1.0),A,082079,RESPOP_AV,F,Y15-24,TOTAL,ALL,23,ALL,ALL,2023,870.5527781057868,,,,,,,,ALL_N1,,,,,,,
IT1:DF_DCSS_ISTR_LAV_PEN_2_TV_3(1.0),A,082079,RESPOP_AV,F,Y15-24,TOTAL,ALL,23,ALL,ALL,2024,923.9687690892116,,,,,,,,ALL_N1,,,,,,,
IT1:DF_DCSS_ISTR_LAV_PEN_2_TV_3(1.0),A,082079,RESPOP_AV,F,Y15-24,TOTAL,ALL,24,ALL,ALL,2018,1,,,,,,,,ALL_N1,,,,,,,
IT1:DF_DCSS_ISTR_LAV_PEN_2_TV_3(1.0),A,082079,RESPOP_AV,F,Y15-24,TOTAL,ALL,24,ALL,ALL,2019,1,,,,,,,,ALL_N1,,,,,,,
IT1:DF_DCSS_ISTR_LAV_PEN_2_TV_3(1.0),A,082079,RESPOP_AV,F,Y15-24,TOTAL,ALL,24,ALL,ALL,2021,0.751234929113171,,,,,,,,ALL_N1,,,,,,,
IT1:DF_DCSS_ISTR_LAV_PEN_2_TV_3(1.0),A,082079,RESPOP_AV,F,Y15-24,TOTAL,ALL,24,ALL,ALL,2022,0.60138375417209,,,,,,,,ALL_N1,,,,,,,
IT1:DF_DCSS_ISTR_LAV_PEN_2_TV_3(1.0),A,082079,RESPOP_AV,F,Y15-24,TOTAL,ALL,24,ALL,ALL,2023,0.5056697820514623,,,,,,,,ALL_N1,,,,,,,
IT1:DF_DCSS_ISTR_LAV_PEN_2_TV_3(1.0),A,082079,RESPOP_AV,F,Y15-24,TOTAL,ALL,24,ALL,ALL,2024,0.9096720419391614,,,,,,,,ALL_N1,,,,,,,
IT1:DF_DCSS_ISTR_LAV_PEN_2_TV_3(1.0),A,082079,RESPOP_AV,F,Y15-24,TOTAL,ALL,4,ALL,ALL,2018,204,,,,,,,,ALL_N1,,,,,,,
IT1:DF_DCSS_ISTR_LAV_PEN_2_TV_3(1.0),A,082079,RESPOP_AV,F,Y15-24,TOTAL,ALL,4,ALL,ALL,2019,193,,,,,,,,ALL_N1,,,,,,,
IT1:DF_DCSS_ISTR_LAV_PEN_2_TV_3(1.0),A,082079,RESPOP_AV,F,Y15-24,TOTAL,ALL,4,ALL,ALL,2021,232.002285583344,,,,,,,,ALL_N1,,,,,,,
IT1:DF_DCSS_ISTR_LAV_PEN_2_TV_3(1.0),A,082079,RESPOP_AV,F,Y15-24,TOTAL,ALL,4,ALL,ALL,2022,168.491247210738,,,,,,,,ALL_N1,,,,,,,
IT1:DF_DCSS_ISTR_LAV_PEN_2_TV_3(1.0),A,082079,RESPOP_AV,F,Y15-24,TOTAL,ALL,4,ALL,ALL,2023,193.7290930708799,,,,,,,,ALL_N1,,,,,,,
IT1:DF_DCSS_ISTR_LAV_PEN_2_TV_3(1.0),A,082079,RESPOP_AV,F,Y15-24,TOTAL,ALL,4,ALL,ALL,2024,182.06772267874442,,,,,,,,ALL_N1,,,,,,,
IT1:DF_DCSS_ISTR_LAV_PEN_2_TV_3(1.0),A,082079,RESPOP_AV,F,Y15-24,TOTAL,ALL,5,ALL,ALL,2018,616,,,,,,,,ALL_N1,,,,,,,
IT1:DF_DCSS_ISTR_LAV_PEN_2_TV_3(1.0),A,082079,RESPOP_AV,F,Y15-24,TOTAL,ALL,5,ALL,ALL,2019,616,,,,,,,,ALL_N1,,,,,,,
IT1:DF_DCSS_ISTR_LAV_PEN_2_TV_3(1.0),A,082079,RESPOP_AV,F,Y15-24,TOTAL,ALL,5,ALL,ALL,2021,638.016700247631,,,,,,,,ALL_N1,,,,,,,
IT1:DF_DCSS_ISTR_LAV_PEN_2_TV_3(1.0),A,082079,RESPOP_AV,F,Y15-24,TOTAL,ALL,5,ALL,ALL,2022,651.015271987669,,,,,,,,ALL_N1,,,,,,,
IT1:DF_DCSS_ISTR_LAV_PEN_2_TV_3(1.0),A,082079,RESPOP_AV,F,Y15-24,TOTAL,ALL,5,ALL,ALL,2023,608.1827605781002,,,,,,,,ALL_N1,,,,,,,
IT1:DF_DCSS_ISTR_LAV_PEN_2_TV_3(1.0),A,082079,RESPOP_AV,F,Y15-24,TOTAL,ALL,5,ALL,ALL,2024,668.6398690918382,,,,,,,,ALL_N1,,,,,,,
IT1:DF_DCSS_ISTR_LAV_PEN_2_TV_3(1.0),A,082079,RESPOP_AV,F,Y15-24,TOTAL,ALL,7,ALL,ALL,2018,87,,,,,,,,ALL_N1,,,,,,,
IT1:DF_DCSS_ISTR_LAV_PEN_2_TV_3(1.0),A,082079,RESPOP_AV,F,Y15-24,TOTAL,ALL,7,ALL,ALL,2019,52,,,,,,,,ALL_N1,,,,,,,
IT1:DF_DCSS_ISTR_LAV_PEN_2_TV_3(1.0),A,082079,RESPOP_AV,F,Y15-24,TOTAL,ALL,7,ALL,ALL,2021,64.4188288655693,,,,,,,,ALL_N1,,,,,,,
IT1:DF_DCSS_ISTR_LAV_PEN_2_TV_3(1.0),A,082079,RESPOP_AV,F,Y15-24,TOTAL,ALL,7,ALL,ALL,2022,65.4709607844237,,,,,,,,ALL_N1,,,,,,,
IT1:DF_DCSS_ISTR_LAV_PEN_2_TV_3(1.0),A,082079,RESPOP_AV,F,Y15-24,TOTAL,ALL,7,ALL,ALL,2023,68.13525467475517,,,,,,,,ALL_N1,,,,,,,
IT1:DF_DCSS_ISTR_LAV_PEN_2_TV_3(1.0),A,082079,RESPOP_AV,F,Y15-24,TOTAL,ALL,7,ALL,ALL,2024,72.35150527668979,,,,,,,,ALL_N1,,,,,,,
IT1:DF_DCSS_ISTR_LAV_PEN_2_TV_3(1.0),A,082079,RESPOP_AV,F,Y15-24,TOTAL,ALL,99,ALL,ALL,2018,1207,,,,,,,,ALL_N1,99_N1,,,,,,
IT1:DF_DCSS_ISTR_LAV_PEN_2_TV_3(1.0),A,082079,RESPOP_AV,F,Y15-24,TOTAL,ALL,99,ALL,ALL,2019,1164,,,,,,,,ALL_N1,99_N1,,,,,,
IT1:DF_DCSS_ISTR_LAV_PEN_2_TV_3(1.0),A,082079,RESPOP_AV,F,Y15-24,TOTAL,ALL,99,ALL,ALL,2021,1122,,,,,,,,ALL_N1,99_N1,,,,,,
IT1:DF_DCSS_ISTR_LAV_PEN_2_TV_3(1.0),A,082079,RESPOP_AV,F,Y15-24,TOTAL,ALL,99,ALL,ALL,2022,1111,,,,,,,,ALL_N1,99_N1,,,,,,
IT1:DF_DCSS_ISTR_LAV_PEN_2_TV_3(1.0),A,082079,RESPOP_AV,F,Y15-24,TOTAL,ALL,99,ALL,ALL,2023,1114.0000000000002,,,,,,,,ALL_N1,99_N1,,,,,,
IT1:DF_DCSS_ISTR_LAV_PEN_2_TV_3(1.0),A,082079,RESPOP_AV,F,Y15-24,TOTAL,ALL,99,ALL,ALL,2024,1130,,,,,,,,ALL_N1,99_N1,,,,,,
IT1:DF_DCSS_ISTR_LAV_PEN_2_TV_3(1.0),A,082079,RESPOP_AV,F,Y25-49,TOTAL,ALL,1,ALL,ALL,2018,946,,,,,,,,ALL_N1,,,,,,,
IT1:DF_DCSS_ISTR_LAV_PEN_2_TV_3(1.0),A,082079,RESPOP_AV,F,Y25-49,TOTAL,ALL,1,ALL,ALL,2019,972,,,,,,,,ALL_N1,,,,,,,
IT1:DF_DCSS_ISTR_LAV_PEN_2_TV_3(1.0),A,082079,RESPOP_AV,F,Y25-49,TOTAL,ALL,1,ALL,ALL,2021,1095,,,,,,,,ALL_N1,,,,,,,
IT1:DF_DCSS_ISTR_LAV_PEN_2_TV_3(1.0),A,082079,RESPOP_AV,F,Y25-49,TOTAL,ALL,1,ALL,ALL,2022,1079,,,,,,,,ALL_N1,,,,,,,
IT1:DF_DCSS_ISTR_LAV_PEN_2_TV_3(1.0),A,082079,RESPOP_AV,F,Y25-49,TOTAL,ALL,1,ALL,ALL,2023,1075,,,,,,,,ALL_N1,,,,,,,
IT1:DF_DCSS_ISTR_LAV_PEN_2_TV_3(1.0),A,082079,RESPOP_AV,F,Y25-49,TOTAL,ALL,1,ALL,ALL,2024,1136,,,,,,,,ALL_N1,,,,,,,
IT1:DF_DCSS_ISTR_LAV_PEN_2_TV_3(1.0),A,082079,RESPOP_AV,F,Y25-49,TOTAL,ALL,12,ALL,ALL,2018,606,,,,,,,,ALL_N1,,,,,,,
IT1:DF_DCSS_ISTR_LAV_PEN_2_TV_3(1.0),A,082079,RESPOP_AV,F,Y25-49,TOTAL,ALL,12,ALL,ALL,2019,610,,,,,,,,ALL_N1,,,,,,,
IT1:DF_DCSS_ISTR_LAV_PEN_2_TV_3(1.0),A,082079,RESPOP_AV,F,Y25-49,TOTAL,ALL,12,ALL,ALL,2021,326.981302010596,,,,,,,,ALL_N1,,,,,,,
IT1:DF_DCSS_ISTR_LAV_PEN_2_TV_3(1.0),A,082079,RESPOP_AV,F,Y25-49,TOTAL,ALL,12,ALL,ALL,2022,371.421267936197,,,,,,,,ALL_N1,,,,,,,
IT1:DF_DCSS_ISTR_LAV_PEN_2_TV_3(1.0),A,082079,RESPOP_AV,F,Y25-49,TOTAL,ALL,12,ALL,ALL,2023,334.3160332324001,,,,,,,,ALL_N1,,,,,,,
IT1:DF_DCSS_ISTR_LAV_PEN_2_TV_3(1.0),A,082079,RESPOP_AV,F,Y25-49,TOTAL,ALL,12,ALL,ALL,2024,284.00555522495824,,,,,,,,ALL_N1,,,,,,,
IT1:DF_DCSS_ISTR_LAV_PEN_2_TV_3(1.0),A,082079,RESPOP_AV,F,Y25-49,TOTAL,ALL,22,ALL,ALL,2018,1552,,,,,,,,ALL_N1,,,,,,,
IT1:DF_DCSS_ISTR_LAV_PEN_2_TV_3(1.0),A,082079,RESPOP_AV,F,Y25-49,TOTAL,ALL,22,ALL,ALL,2019,1582,,,,,,,,ALL_N1,,,,,,,
IT1:DF_DCSS_ISTR_LAV_PEN_2_TV_3(1.0),A,082079,RESPOP_AV,F,Y25-49,TOTAL,ALL,22,ALL,ALL,2021,1421.9813020106,,,,,,,,ALL_N1,,,,,,,
IT1:DF_DCSS_ISTR_LAV_PEN_2_TV_3(1.0),A,082079,RESPOP_AV,F,Y25-49,TOTAL,ALL,22,ALL,ALL,2022,1450.4212679362,,,,,,,,ALL_N1,,,,,,,
IT1:DF_DCSS_ISTR_LAV_PEN_2_TV_3(1.0),A,082079,RESPOP_AV,F,Y25-49,TOTAL,ALL,22,ALL,ALL,2023,1409.3160332324,,,,,,,,ALL_N1,,,,,,,
IT1:DF_DCSS_ISTR_LAV_PEN_2_TV_3(1.0),A,082079,RESPOP_AV,F,Y25-49,TOTAL,ALL,22,ALL,ALL,2024,1420.0055552249582,,,,,,,,ALL_N1,,,,,,,
IT1:DF_DCSS_ISTR_LAV_PEN_2_TV_3(1.0),A,082079,RESPOP_AV,F,Y25-49,TOTAL,ALL,23,ALL,ALL,2018,2032,,,,,,,,ALL_N1,,,,,,,
IT1:DF_DCSS_ISTR_LAV_PEN_2_TV_3(1.0),A,082079,RESPOP_AV,F,Y25-49,TOTAL,ALL,23,ALL,ALL,2019,1944,,,,,,,,ALL_N1,,,,,,,
IT1:DF_DCSS_ISTR_LAV_PEN_2_TV_3(1.0),A,082079,RESPOP_AV,F,Y25-49,TOTAL,ALL,23,ALL,ALL,2021,2054.0186979894,,,,,,,,ALL_N1,,,,,,,
IT1:DF_DCSS_ISTR_LAV_PEN_2_TV_3(1.0),A,082079,RESPOP_AV,F,Y25-49,TOTAL,ALL,23,ALL,ALL,2022,1944.5787320638,,,,,,,,ALL_N1,,,,,,,
IT1:DF_DCSS_ISTR_LAV_PEN_2_TV_3(1.0),A,082079,RESPOP_AV,F,Y25-49,TOTAL,ALL,23,ALL,ALL,2023,1892.6839667675995,,,,,,,,ALL_N1,,,,,,,
IT1:DF_DCSS_ISTR_LAV_PEN_2_TV_3(1.0),A,082079,RESPOP_AV,F,Y25-49,TOTAL,ALL,23,ALL,ALL,2024,1800.994444775042,,,,,,,,ALL_N1,,,,,,,
IT1:DF_DCSS_ISTR_LAV_PEN_2_TV_3(1.0),A,082079,RESPOP_AV,F,Y25-49,TOTAL,ALL,24,ALL,ALL,2018,15,,,,,,,,ALL_N1,,,,,,,
IT1:DF_DCSS_ISTR_LAV_PEN_2_TV_3(1.0),A,082079,RESPOP_AV,F,Y25-49,TOTAL,ALL,24,ALL,ALL,2019,14,,,,,,,,ALL_N1,,,,,,,
IT1:DF_DCSS_ISTR_LAV_PEN_2_TV_3(1.0),A,082079,RESPOP_AV,F,Y25-49,TOTAL,ALL,24,ALL,ALL,2021,15.0410440156461,,,,,,,,ALL_N1,,,,,,,
IT1:DF_DCSS_ISTR_LAV_PEN_2_TV_3(1.0),A,082079,RESPOP_AV,F,Y25-49,TOTAL,ALL,24,ALL,ALL,2022,9.89850553872956,,,,,,,,ALL_N1,,,,,,,
IT1:DF_DCSS_ISTR_LAV_PEN_2_TV_3(1.0),A,082079,RESPOP_AV,F,Y25-49,TOTAL,ALL,24,ALL,ALL,2023,9.250291854029285,,,,,,,,ALL_N1,,,,,,,
IT1:DF_DCSS_ISTR_LAV_PEN_2_TV_3(1.0),A,082079,RESPOP_AV,F,Y25-49,TOTAL,ALL,24,ALL,ALL,2024,13.6932321836123,,,,,,,,ALL_N1,,,,,,,
IT1:DF_DCSS_ISTR_LAV_PEN_2_TV_3(1.0),A,082079,RESPOP_AV,F,Y25-49,TOTAL,ALL,4,ALL,ALL,2018,1727,,,,,,,,ALL_N1,,,,,,,
IT1:DF_DCSS_ISTR_LAV_PEN_2_TV_3(1.0),A,082079,RESPOP_AV,F,Y25-49,TOTAL,ALL,4,ALL,ALL,2019,1685,,,,,,,,ALL_N1,,,,,,,
IT1:DF_DCSS_ISTR_LAV_PEN_2_TV_3(1.0),A,082079,RESPOP_AV,F,Y25-49,TOTAL,ALL,4,ALL,ALL,2021,1747.17816673406,,,,,,,,ALL_N1,,,,,,,
IT1:DF_DCSS_ISTR_LAV_PEN_2_TV_3(1.0),A,082079,RESPOP_AV,F,Y25-49,TOTAL,ALL,4,ALL,ALL,2022,1601.60857083074,,,,,,,,ALL_N1,,,,,,,
IT1:DF_DCSS_ISTR_LAV_PEN_2_TV_3(1.0),A,082079,RESPOP_AV,F,Y25-49,TOTAL,ALL,4,ALL,ALL,2023,1584.7132581899423,,,,,,,,ALL_N1,,,,,,,
IT1:DF_DCSS_ISTR_LAV_PEN_2_TV_3(1.0),A,082079,RESPOP_AV,F,Y25-49,TOTAL,ALL,4,ALL,ALL,2024,1472.8702364237424,,,,,,,,ALL_N1,,,,,,,
IT1:DF_DCSS_ISTR_LAV_PEN_2_TV_3(1.0),A,082079,RESPOP_AV,F,Y25-49,TOTAL,ALL,5,ALL,ALL,2018,92,,,,,,,,ALL_N1,,,,,,,
IT1:DF_DCSS_ISTR_LAV_PEN_2_TV_3(1.0),A,082079,RESPOP_AV,F,Y25-49,TOTAL,ALL,5,ALL,ALL,2019,91,,,,,,,,ALL_N1,,,,,,,
IT1:DF_DCSS_ISTR_LAV_PEN_2_TV_3(1.0),A,082079,RESPOP_AV,F,Y25-49,TOTAL,ALL,5,ALL,ALL,2021,98.248542431558,,,,,,,,ALL_N1,,,,,,,
IT1:DF_DCSS_ISTR_LAV_PEN_2_TV_3(1.0),A,082079,RESPOP_AV,F,Y25-49,TOTAL,ALL,5,ALL,ALL,2022,117.327778993348,,,,,,,,ALL_N1,,,,,,,
IT1:DF_DCSS_ISTR_LAV_PEN_2_TV_3(1.0),A,082079,RESPOP_AV,F,Y25-49,TOTAL,ALL,5,ALL,ALL,2023,82.03844120989841,,,,,,,,ALL_N1,,,,,,,
IT1:DF_DCSS_ISTR_LAV_PEN_2_TV_3(1.0),A,082079,RESPOP_AV,F,Y25-49,TOTAL,ALL,5,ALL,ALL,2024,96.75577588492338,,,,,,,,ALL_N1,,,,,,,
IT1:DF_DCSS_ISTR_LAV_PEN_2_TV_3(1.0),A,082079,RESPOP_AV,F,Y25-49,TOTAL,ALL,7,ALL,ALL,2018,198,,,,,,,,ALL_N1,,,,,,,
IT1:DF_DCSS_ISTR_LAV_PEN_2_TV_3(1.0),A,082079,RESPOP_AV,F,Y25-49,TOTAL,ALL,7,ALL,ALL,2019,154,,,,,,,,ALL_N1,,,,,,,
IT1:DF_DCSS_ISTR_LAV_PEN_2_TV_3(1.0),A,082079,RESPOP_AV,F,Y25-49,TOTAL,ALL,7,ALL,ALL,2021,193.550944808137,,,,,,,,ALL_N1,,,,,,,
IT1:DF_DCSS_ISTR_LAV_PEN_2_TV_3(1.0),A,082079,RESPOP_AV,F,Y25-49,TOTAL,ALL,7,ALL,ALL,2022,215.743876700982,,,,,,,,ALL_N1,,,,,,,
IT1:DF_DCSS_ISTR_LAV_PEN_2_TV_3(1.0),A,082079,RESPOP_AV,F,Y25-49,TOTAL,ALL,7,ALL,ALL,2023,216.68197551372953,,,,,,,,ALL_N1,,,,,,,
IT1:DF_DCSS_ISTR_LAV_PEN_2_TV_3(1.0),A,082079,RESPOP_AV,F,Y25-49,TOTAL,ALL,7,ALL,ALL,2024,217.6752002827638,,,,,,,,ALL_N1,,,,,,,
IT1:DF_DCSS_ISTR_LAV_PEN_2_TV_3(1.0),A,082079,RESPOP_AV,F,Y25-49,TOTAL,ALL,99,ALL,ALL,2018,3584,,,,,,,,ALL_N1,99_N1,,,,,,
IT1:DF_DCSS_ISTR_LAV_PEN_2_TV_3(1.0),A,082079,RESPOP_AV,F,Y25-49,TOTAL,ALL,99,ALL,ALL,2019,3526,,,,,,,,ALL_N1,99_N1,,,,,,
IT1:DF_DCSS_ISTR_LAV_PEN_2_TV_3(1.0),A,082079,RESPOP_AV,F,Y25-49,TOTAL,ALL,99,ALL,ALL,2020,3490,,,,,,,,ALL_N1,99_N1,,,,,,
IT1:DF_DCSS_ISTR_LAV_PEN_2_TV_3(1.0),A,082079,RESPOP_AV,F,Y25-49,TOTAL,ALL,99,ALL,ALL,2021,3476,,,,,,,,ALL_N1,99_N1,,,,,,
IT1:DF_DCSS_ISTR_LAV_PEN_2_TV_3(1.0),A,082079,RESPOP_AV,F,Y25-49,TOTAL,ALL,99,ALL,ALL,2022,3395,,,,,,,,ALL_N1,99_N1,,,,,,
IT1:DF_DCSS_ISTR_LAV_PEN_2_TV_3(1.0),A,082079,RESPOP_AV,F,Y25-49,TOTAL,ALL,99,ALL,ALL,2023,3302,,,,,,,,ALL_N1,99_N1,,,,,,
IT1:DF_DCSS_ISTR_LAV_PEN_2_TV_3(1.0),A,082079,RESPOP_AV,F,Y25-49,TOTAL,ALL,99,ALL,ALL,2024,3221,,,,,,,,ALL_N1,99_N1,,,,,,
IT1:DF_DCSS_ISTR_LAV_PEN_2_TV_3(1.0),A,082079,RESPOP_AV,F,Y50-64,TOTAL,ALL,1,ALL,ALL,2018,389,,,,,,,,ALL_N1,,,,,,,
IT1:DF_DCSS_ISTR_LAV_PEN_2_TV_3(1.0),A,082079,RESPOP_AV,F,Y50-64,TOTAL,ALL,1,ALL,ALL,2019,428,,,,,,,,ALL_N1,,,,,,,
IT1:DF_DCSS_ISTR_LAV_PEN_2_TV_3(1.0),A,082079,RESPOP_AV,F,Y50-64,TOTAL,ALL,1,ALL,ALL,2021,441,,,,,,,,ALL_N1,,,,,,,
IT1:DF_DCSS_ISTR_LAV_PEN_2_TV_3(1.0),A,082079,RESPOP_AV,F,Y50-64,TOTAL,ALL,1,ALL,ALL,2022,444,,,,,,,,ALL_N1,,,,,,,
IT1:DF_DCSS_ISTR_LAV_PEN_2_TV_3(1.0),A,082079,RESPOP_AV,F,Y50-64,TOTAL,ALL,1,ALL,ALL,2023,473,,,,,,,,ALL_N1,,,,,,,
IT1:DF_DCSS_ISTR_LAV_PEN_2_TV_3(1.0),A,082079,RESPOP_AV,F,Y50-64,TOTAL,ALL,1,ALL,ALL,2024,535,,,,,,,,ALL_N1,,,,,,,
IT1:DF_DCSS_ISTR_LAV_PEN_2_TV_3(1.0),A,082079,RESPOP_AV,F,Y50-64,TOTAL,ALL,12,ALL,ALL,2018,144,,,,,,,,ALL_N1,,,,,,,
IT1:DF_DCSS_ISTR_LAV_PEN_2_TV_3(1.0),A,082079,RESPOP_AV,F,Y50-64,TOTAL,ALL,12,ALL,ALL,2019,159,,,,,,,,ALL_N1,,,,,,,
IT1:DF_DCSS_ISTR_LAV_PEN_2_TV_3(1.0),A,082079,RESPOP_AV,F,Y50-64,TOTAL,ALL,12,ALL,ALL,2021,86.1361325358183,,,,,,,,ALL_N1,,,,,,,
IT1:DF_DCSS_ISTR_LAV_PEN_2_TV_3(1.0),A,082079,RESPOP_AV,F,Y50-64,TOTAL,ALL,12,ALL,ALL,2022,102.611554008234,,,,,,,,ALL_N1,,,,,,,
IT1:DF_DCSS_ISTR_LAV_PEN_2_TV_3(1.0),A,082079,RESPOP_AV,F,Y50-64,TOTAL,ALL,12,ALL,ALL,2023,112.73024888852217,,,,,,,,ALL_N1,,,,,,,
IT1:DF_DCSS_ISTR_LAV_PEN_2_TV_3(1.0),A,082079,RESPOP_AV,F,Y50-64,TOTAL,ALL,12,ALL,ALL,2024,99.94801719894171,,,,,,,,ALL_N1,,,,,,,
IT1:DF_DCSS_ISTR_LAV_PEN_2_TV_3(1.0),A,082079,RESPOP_AV,F,Y50-64,TOTAL,ALL,22,ALL,ALL,2018,533,,,,,,,,ALL_N1,,,,,,,
IT1:DF_DCSS_ISTR_LAV_PEN_2_TV_3(1.0),A,082079,RESPOP_AV,F,Y50-64,TOTAL,ALL,22,ALL,ALL,2019,587,,,,,,,,ALL_N1,,,,,,,
IT1:DF_DCSS_ISTR_LAV_PEN_2_TV_3(1.0),A,082079,RESPOP_AV,F,Y50-64,TOTAL,ALL,22,ALL,ALL,2021,527.136132535818,,,,,,,,ALL_N1,,,,,,,
IT1:DF_DCSS_ISTR_LAV_PEN_2_TV_3(1.0),A,082079,RESPOP_AV,F,Y50-64,TOTAL,ALL,22,ALL,ALL,2022,546.611554008234,,,,,,,,ALL_N1,,,,,,,
IT1:DF_DCSS_ISTR_LAV_PEN_2_TV_3(1.0),A,082079,RESPOP_AV,F,Y50-64,TOTAL,ALL,22,ALL,ALL,2023,585.7302488885222,,,,,,,,ALL_N1,,,,,,,
IT1:DF_DCSS_ISTR_LAV_PEN_2_TV_3(1.0),A,082079,RESPOP_AV,F,Y50-64,TOTAL,ALL,22,ALL,ALL,2024,634.9480171989417,,,,,,,,ALL_N1,,,,,,,
IT1:DF_DCSS_ISTR_LAV_PEN_2_TV_3(1.0),A,082079,RESPOP_AV,F,Y50-64,TOTAL,ALL,23,ALL,ALL,2018,1389,,,,,,,,ALL_N1,,,,,,,
IT1:DF_DCSS_ISTR_LAV_PEN_2_TV_3(1.0),A,082079,RESPOP_AV,F,Y50-64,TOTAL,ALL,23,ALL,ALL,2019,1368,,,,,,,,ALL_N1,,,,,,,
IT1:DF_DCSS_ISTR_LAV_PEN_2_TV_3(1.0),A,082079,RESPOP_AV,F,Y50-64,TOTAL,ALL,23,ALL,ALL,2021,1466.86386746418,,,,,,,,ALL_N1,,,,,,,
IT1:DF_DCSS_ISTR_LAV_PEN_2_TV_3(1.0),A,082079,RESPOP_AV,F,Y50-64,TOTAL,ALL,23,ALL,ALL,2022,1522.38844599177,,,,,,,,ALL_N1,,,,,,,
IT1:DF_DCSS_ISTR_LAV_PEN_2_TV_3(1.0),A,082079,RESPOP_AV,F,Y50-64,TOTAL,ALL,23,ALL,ALL,2023,1531.269751111478,,,,,,,,ALL_N1,,,,,,,
IT1:DF_DCSS_ISTR_LAV_PEN_2_TV_3(1.0),A,082079,RESPOP_AV,F,Y50-64,TOTAL,ALL,23,ALL,ALL,2024,1528.051982801058,,,,,,,,ALL_N1,,,,,,,
IT1:DF_DCSS_ISTR_LAV_PEN_2_TV_3(1.0),A,082079,RESPOP_AV,F,Y50-64,TOTAL,ALL,24,ALL,ALL,2018,51,,,,,,,,ALL_N1,,,,,,,
IT1:DF_DCSS_ISTR_LAV_PEN_2_TV_3(1.0),A,082079,RESPOP_AV,F,Y50-64,TOTAL,ALL,24,ALL,ALL,2019,45,,,,,,,,ALL_N1,,,,,,,
IT1:DF_DCSS_ISTR_LAV_PEN_2_TV_3(1.0),A,082079,RESPOP_AV,F,Y50-64,TOTAL,ALL,24,ALL,ALL,2021,57.7014561571363,,,,,,,,ALL_N1,,,,,,,
IT1:DF_DCSS_ISTR_LAV_PEN_2_TV_3(1.0),A,082079,RESPOP_AV,F,Y50-64,TOTAL,ALL,24,ALL,ALL,2022,34.8887567743838,,,,,,,,ALL_N1,,,,,,,
IT1:DF_DCSS_ISTR_LAV_PEN_2_TV_3(1.0),A,082079,RESPOP_AV,F,Y50-64,TOTAL,ALL,24,ALL,ALL,2023,35.27337828540102,,,,,,,,ALL_N1,,,,,,,
IT1:DF_DCSS_ISTR_LAV_PEN_2_TV_3(1.0),A,082079,RESPOP_AV,F,Y50-64,TOTAL,ALL,24,ALL,ALL,2024,42.70884712978867,,,,,,,,ALL_N1,,,,,,,
IT1:DF_DCSS_ISTR_LAV_PEN_2_TV_3(1.0),A,082079,RESPOP_AV,F,Y50-64,TOTAL,ALL,4,ALL,ALL,2018,1228,,,,,,,,ALL_N1,,,,,,,
IT1:DF_DCSS_ISTR_LAV_PEN_2_TV_3(1.0),A,082079,RESPOP_AV,F,Y50-64,TOTAL,ALL,4,ALL,ALL,2019,1229,,,,,,,,ALL_N1,,,,,,,
IT1:DF_DCSS_ISTR_LAV_PEN_2_TV_3(1.0),A,082079,RESPOP_AV,F,Y50-64,TOTAL,ALL,4,ALL,ALL,2021,1290.8248319608,,,,,,,,ALL_N1,,,,,,,
IT1:DF_DCSS_ISTR_LAV_PEN_2_TV_3(1.0),A,082079,RESPOP_AV,F,Y50-64,TOTAL,ALL,4,ALL,ALL,2022,1328.23345412691,,,,,,,,ALL_N1,,,,,,,
IT1:DF_DCSS_ISTR_LAV_PEN_2_TV_3(1.0),A,082079,RESPOP_AV,F,Y50-64,TOTAL,ALL,4,ALL,ALL,2023,1326.1734468125724,,,,,,,,ALL_N1,,,,,,,
IT1:DF_DCSS_ISTR_LAV_PEN_2_TV_3(1.0),A,082079,RESPOP_AV,F,Y50-64,TOTAL,ALL,4,ALL,ALL,2024,1314.2910695582198,,,,,,,,ALL_N1,,,,,,,
IT1:DF_DCSS_ISTR_LAV_PEN_2_TV_3(1.0),A,082079,RESPOP_AV,F,Y50-64,TOTAL,ALL,5,ALL,ALL,2018,1,,,,,,,,ALL_N1,,,,,,,
IT1:DF_DCSS_ISTR_LAV_PEN_2_TV_3(1.0),A,082079,RESPOP_AV,F,Y50-64,TOTAL,ALL,5,ALL,ALL,2019,1,,,,,,,,ALL_N1,,,,,,,
IT1:DF_DCSS_ISTR_LAV_PEN_2_TV_3(1.0),A,082079,RESPOP_AV,F,Y50-64,TOTAL,ALL,5,ALL,ALL,2021,1.61256995336165,,,,,,,,ALL_N1,,,,,,,
IT1:DF_DCSS_ISTR_LAV_PEN_2_TV_3(1.0),A,082079,RESPOP_AV,F,Y50-64,TOTAL,ALL,5,ALL,ALL,2022,2.79122725746229,,,,,,,,ALL_N1,,,,,,,
IT1:DF_DCSS_ISTR_LAV_PEN_2_TV_3(1.0),A,082079,RESPOP_AV,F,Y50-64,TOTAL,ALL,5,ALL,ALL,2023,2.31191398261872,,,,,,,,ALL_N1,,,,,,,
IT1:DF_DCSS_ISTR_LAV_PEN_2_TV_3(1.0),A,082079,RESPOP_AV,F,Y50-64,TOTAL,ALL,5,ALL,ALL,2024,4.185132850896417,,,,,,,,ALL_N1,,,,,,,
IT1:DF_DCSS_ISTR_LAV_PEN_2_TV_3(1.0),A,082079,RESPOP_AV,F,Y50-64,TOTAL,ALL,7,ALL,ALL,2018,109,,,,,,,,ALL_N1,,,,,,,
IT1:DF_DCSS_ISTR_LAV_PEN_2_TV_3(1.0),A,082079,RESPOP_AV,F,Y50-64,TOTAL,ALL,7,ALL,ALL,2019,93,,,,,,,,ALL_N1,,,,,,,
IT1:DF_DCSS_ISTR_LAV_PEN_2_TV_3(1.0),A,082079,RESPOP_AV,F,Y50-64,TOTAL,ALL,7,ALL,ALL,2021,116.725009392883,,,,,,,,ALL_N1,,,,,,,
IT1:DF_DCSS_ISTR_LAV_PEN_2_TV_3(1.0),A,082079,RESPOP_AV,F,Y50-64,TOTAL,ALL,7,ALL,ALL,2022,156.475007833009,,,,,,,,ALL_N1,,,,,,,
IT1:DF_DCSS_ISTR_LAV_PEN_2_TV_3(1.0),A,082079,RESPOP_AV,F,Y50-64,TOTAL,ALL,7,ALL,ALL,2023,167.5110120308858,,,,,,,,ALL_N1,,,,,,,
IT1:DF_DCSS_ISTR_LAV_PEN_2_TV_3(1.0),A,082079,RESPOP_AV,F,Y50-64,TOTAL,ALL,7,ALL,ALL,2024,166.8669332621532,,,,,,,,ALL_N1,,,,,,,
IT1:DF_DCSS_ISTR_LAV_PEN_2_TV_3(1.0),A,082079,RESPOP_AV,F,Y50-64,TOTAL,ALL,99,ALL,ALL,2018,1922,,,,,,,,ALL_N1,99_N1,,,,,,
IT1:DF_DCSS_ISTR_LAV_PEN_2_TV_3(1.0),A,082079,RESPOP_AV,F,Y50-64,TOTAL,ALL,99,ALL,ALL,2019,1955,,,,,,,,ALL_N1,99_N1,,,,,,
IT1:DF_DCSS_ISTR_LAV_PEN_2_TV_3(1.0),A,082079,RESPOP_AV,F,Y50-64,TOTAL,ALL,99,ALL,ALL,2020,1937,,,,,,,,ALL_N1,99_N1,,,,,,
IT1:DF_DCSS_ISTR_LAV_PEN_2_TV_3(1.0),A,082079,RESPOP_AV,F,Y50-64,TOTAL,ALL,99,ALL,ALL,2021,1994,,,,,,,,ALL_N1,99_N1,,,,,,
IT1:DF_DCSS_ISTR_LAV_PEN_2_TV_3(1.0),A,082079,RESPOP_AV,F,Y50-64,TOTAL,ALL,99,ALL,ALL,2022,2069,,,,,,,,ALL_N1,99_N1,,,,,,
IT1:DF_DCSS_ISTR_LAV_PEN_2_TV_3(1.0),A,082079,RESPOP_AV,F,Y50-64,TOTAL,ALL,99,ALL,ALL,2023,2117,,,,,,,,ALL_N1,99_N1,,,,,,
IT1:DF_DCSS_ISTR_LAV_PEN_2_TV_3(1.0),A,082079,RESPOP_AV,F,Y50-64,TOTAL,ALL,99,ALL,ALL,2024,2163,,,,,,,,ALL_N1,99_N1,,,,,,
IT1:DF_DCSS_ISTR_LAV_PEN_2_TV_3(1.0),A,082079,RESPOP_AV,M,Y_GE15,TOTAL,ALL,1,ALL,ALL,2018,3386,,,,,,,,ALL_N1,,,,,,,
IT1:DF_DCSS_ISTR_LAV_PEN_2_TV_3(1.0),A,082079,RESPOP_AV,M,Y_GE15,TOTAL,ALL,1,ALL,ALL,2019,3460,,,,,,,,ALL_N1,,,,,,,
IT1:DF_DCSS_ISTR_LAV_PEN_2_TV_3(1.0),A,082079,RESPOP_AV,M,Y_GE15,TOTAL,ALL,1,ALL,ALL,2021,3682,,,,,,,,ALL_N1,,,,,,,
IT1:DF_DCSS_ISTR_LAV_PEN_2_TV_3(1.0),A,082079,RESPOP_AV,M,Y_GE15,TOTAL,ALL,1,ALL,ALL,2022,3635,,,,,,,,ALL_N1,,,,,,,
IT1:DF_DCSS_ISTR_LAV_PEN_2_TV_3(1.0),A,082079,RESPOP_AV,M,Y_GE15,TOTAL,ALL,1,ALL,ALL,2023,3642,,,,,,,,ALL_N1,,,,,,,
IT1:DF_DCSS_ISTR_LAV_PEN_2_TV_3(1.0),A,082079,RESPOP_AV,M,Y_GE15,TOTAL,ALL,1,ALL,ALL,2024,3752,,,,,,,,ALL_N1,,,,,,,
IT1:DF_DCSS_ISTR_LAV_PEN_2_TV_3(1.0),A,082079,RESPOP_AV,M,Y_GE15,TOTAL,ALL,12,ALL,ALL,2018,1312,,,,,,,,ALL_N1,,,,,,,
IT1:DF_DCSS_ISTR_LAV_PEN_2_TV_3(1.0),A,082079,RESPOP_AV,M,Y_GE15,TOTAL,ALL,12,ALL,ALL,2019,1338,,,,,,,,ALL_N1,,,,,,,
IT1:DF_DCSS_ISTR_LAV_PEN_2_TV_3(1.0),A,082079,RESPOP_AV,M,Y_GE15,TOTAL,ALL,12,ALL,ALL,2021,759.468529486996,,,,,,,,ALL_N1,,,,,,,
IT1:DF_DCSS_ISTR_LAV_PEN_2_TV_3(1.0),A,082079,RESPOP_AV,M,Y_GE15,TOTAL,ALL,12,ALL,ALL,2022,770.486160533833,,,,,,,,ALL_N1,,,,,,,
IT1:DF_DCSS_ISTR_LAV_PEN_2_TV_3(1.0),A,082079,RESPOP_AV,M,Y_GE15,TOTAL,ALL,12,ALL,ALL,2023,712.7979699535599,,,,,,,,ALL_N1,,,,,,,
IT1:DF_DCSS_ISTR_LAV_PEN_2_TV_3(1.0),A,082079,RESPOP_AV,M,Y_GE15,TOTAL,ALL,12,ALL,ALL,2024,585.1040724962115,,,,,,,,ALL_N1,,,,,,,
IT1:DF_DCSS_ISTR_LAV_PEN_2_TV_3(1.0),A,082079,RESPOP_AV,M,Y_GE15,TOTAL,ALL,22,ALL,ALL,2018,4698,,,,,,,,ALL_N1,,,,,,,
IT1:DF_DCSS_ISTR_LAV_PEN_2_TV_3(1.0),A,082079,RESPOP_AV,M,Y_GE15,TOTAL,ALL,22,ALL,ALL,2019,4798,,,,,,,,ALL_N1,,,,,,,
IT1:DF_DCSS_ISTR_LAV_PEN_2_TV_3(1.0),A,082079,RESPOP_AV,M,Y_GE15,TOTAL,ALL,22,ALL,ALL,2021,4441.468529487,,,,,,,,ALL_N1,,,,,,,
IT1:DF_DCSS_ISTR_LAV_PEN_2_TV_3(1.0),A,082079,RESPOP_AV,M,Y_GE15,TOTAL,ALL,22,ALL,ALL,2022,4405.48616053383,,,,,,,,ALL_N1,,,,,,,
IT1:DF_DCSS_ISTR_LAV_PEN_2_TV_3(1.0),A,082079,RESPOP_AV,M,Y_GE15,TOTAL,ALL,22,ALL,ALL,2023,4354.79796995356,,,,,,,,ALL_N1,,,,,,,
IT1:DF_DCSS_ISTR_LAV_PEN_2_TV_3(1.0),A,082079,RESPOP_AV,M,Y_GE15,TOTAL,ALL,22,ALL,ALL,2024,4337.104072496211,,,,,,,,ALL_N1,,,,,,,
IT1:DF_DCSS_ISTR_LAV_PEN_2_TV_3(1.0),A,082079,RESPOP_AV,M,Y_GE15,TOTAL,ALL,23,ALL,ALL,2018,3034,,,,,,,,ALL_N1,,,,,,,
IT1:DF_DCSS_ISTR_LAV_PEN_2_TV_3(1.0),A,082079,RESPOP_AV,M,Y_GE15,TOTAL,ALL,23,ALL,ALL,2019,2986,,,,,,,,ALL_N1,,,,,,,
IT1:DF_DCSS_ISTR_LAV_PEN_2_TV_3(1.0),A,082079,RESPOP_AV,M,Y_GE15,TOTAL,ALL,23,ALL,ALL,2021,3404.531470513,,,,,,,,ALL_N1,,,,,,,
IT1:DF_DCSS_ISTR_LAV_PEN_2_TV_3(1.0),A,082079,RESPOP_AV,M,Y_GE15,TOTAL,ALL,23,ALL,ALL,2022,3403.51383946617,,,,,,,,ALL_N1,,,,,,,
IT1:DF_DCSS_ISTR_LAV_PEN_2_TV_3(1.0),A,082079,RESPOP_AV,M,Y_GE15,TOTAL,ALL,23,ALL,ALL,2023,3412.20203004644,,,,,,,,ALL_N1,,,,,,,
IT1:DF_DCSS_ISTR_LAV_PEN_2_TV_3(1.0),A,082079,RESPOP_AV,M,Y_GE15,TOTAL,ALL,23,ALL,ALL,2024,3445.8959275037882,,,,,,,,ALL_N1,,,,,,,
IT1:DF_DCSS_ISTR_LAV_PEN_2_TV_3(1.0),A,082079,RESPOP_AV,M,Y_GE15,TOTAL,ALL,24,ALL,ALL,2018,1155,,,,,,,,ALL_N1,,,,,,,
IT1:DF_DCSS_ISTR_LAV_PEN_2_TV_3(1.0),A,082079,RESPOP_AV,M,Y_GE15,TOTAL,ALL,24,ALL,ALL,2019,1210,,,,,,,,ALL_N1,,,,,,,
IT1:DF_DCSS_ISTR_LAV_PEN_2_TV_3(1.0),A,082079,RESPOP_AV,M,Y_GE15,TOTAL,ALL,24,ALL,ALL,2021,1294.1566710916,,,,,,,,ALL_N1,,,,,,,
IT1:DF_DCSS_ISTR_LAV_PEN_2_TV_3(1.0),A,082079,RESPOP_AV,M,Y_GE15,TOTAL,ALL,24,ALL,ALL,2022,1192.59183388296,,,,,,,,ALL_N1,,,,,,,
IT1:DF_DCSS_ISTR_LAV_PEN_2_TV_3(1.0),A,082079,RESPOP_AV,M,Y_GE15,TOTAL,ALL,24,ALL,ALL,2023,1147.499728978185,,,,,,,,ALL_N1,,,,,,,
IT1:DF_DCSS_ISTR_LAV_PEN_2_TV_3(1.0),A,082079,RESPOP_AV,M,Y_GE15,TOTAL,ALL,24,ALL,ALL,2024,1310.8926831896895,,,,,,,,ALL_N1,,,,,,,
IT1:DF_DCSS_ISTR_LAV_PEN_2_TV_3(1.0),A,082079,RESPOP_AV,M,Y_GE15,TOTAL,ALL,4,ALL,ALL,2018,208,,,,,,,,ALL_N1,,,,,,,
IT1:DF_DCSS_ISTR_LAV_PEN_2_TV_3(1.0),A,082079,RESPOP_AV,M,Y_GE15,TOTAL,ALL,4,ALL,ALL,2019,225,,,,,,,,ALL_N1,,,,,,,
IT1:DF_DCSS_ISTR_LAV_PEN_2_TV_3(1.0),A,082079,RESPOP_AV,M,Y_GE15,TOTAL,ALL,4,ALL,ALL,2021,362.959933585203,,,,,,,,ALL_N1,,,,,,,
IT1:DF_DCSS_ISTR_LAV_PEN_2_TV_3(1.0),A,082079,RESPOP_AV,M,Y_GE15,TOTAL,ALL,4,ALL,ALL,2022,329.602935229764,,,,,,,,ALL_N1,,,,,,,
IT1:DF_DCSS_ISTR_LAV_PEN_2_TV_3(1.0),A,082079,RESPOP_AV,M,Y_GE15,TOTAL,ALL,4,ALL,ALL,2023,376.87315227265657,,,,,,,,ALL_N1,,,,,,,
IT1:DF_DCSS_ISTR_LAV_PEN_2_TV_3(1.0),A,082079,RESPOP_AV,M,Y_GE15,TOTAL,ALL,4,ALL,ALL,2024,301.23433711085465,,,,,,,,ALL_N1,,,,,,,
IT1:DF_DCSS_ISTR_LAV_PEN_2_TV_3(1.0),A,082079,RESPOP_AV,M,Y_GE15,TOTAL,ALL,5,ALL,ALL,2018,620,,,,,,,,ALL_N1,,,,,,,
IT1:DF_DCSS_ISTR_LAV_PEN_2_TV_3(1.0),A,082079,RESPOP_AV,M,Y_GE15,TOTAL,ALL,5,ALL,ALL,2019,660,,,,,,,,ALL_N1,,,,,,,
IT1:DF_DCSS_ISTR_LAV_PEN_2_TV_3(1.0),A,082079,RESPOP_AV,M,Y_GE15,TOTAL,ALL,5,ALL,ALL,2021,680.509827813391,,,,,,,,ALL_N1,,,,,,,
IT1:DF_DCSS_ISTR_LAV_PEN_2_TV_3(1.0),A,082079,RESPOP_AV,M,Y_GE15,TOTAL,ALL,5,ALL,ALL,2022,703.782291699899,,,,,,,,ALL_N1,,,,,,,
IT1:DF_DCSS_ISTR_LAV_PEN_2_TV_3(1.0),A,082079,RESPOP_AV,M,Y_GE15,TOTAL,ALL,5,ALL,ALL,2023,649.2400223651484,,,,,,,,ALL_N1,,,,,,,
IT1:DF_DCSS_ISTR_LAV_PEN_2_TV_3(1.0),A,082079,RESPOP_AV,M,Y_GE15,TOTAL,ALL,5,ALL,ALL,2024,668.995574269451,,,,,,,,ALL_N1,,,,,,,
IT1:DF_DCSS_ISTR_LAV_PEN_2_TV_3(1.0),A,082079,RESPOP_AV,M,Y_GE15,TOTAL,ALL,7,ALL,ALL,2018,1051,,,,,,,,ALL_N1,,,,,,,
IT1:DF_DCSS_ISTR_LAV_PEN_2_TV_3(1.0),A,082079,RESPOP_AV,M,Y_GE15,TOTAL,ALL,7,ALL,ALL,2019,892,,,,,,,,ALL_N1,,,,,,,
IT1:DF_DCSS_ISTR_LAV_PEN_2_TV_3(1.0),A,082079,RESPOP_AV,M,Y_GE15,TOTAL,ALL,7,ALL,ALL,2021,1066.90503802281,,,,,,,,ALL_N1,,,,,,,
IT1:DF_DCSS_ISTR_LAV_PEN_2_TV_3(1.0),A,082079,RESPOP_AV,M,Y_GE15,TOTAL,ALL,7,ALL,ALL,2022,1177.53677865355,,,,,,,,ALL_N1,,,,,,,
IT1:DF_DCSS_ISTR_LAV_PEN_2_TV_3(1.0),A,082079,RESPOP_AV,M,Y_GE15,TOTAL,ALL,7,ALL,ALL,2023,1238.58912643045,,,,,,,,ALL_N1,,,,,,,
IT1:DF_DCSS_ISTR_LAV_PEN_2_TV_3(1.0),A,082079,RESPOP_AV,M,Y_GE15,TOTAL,ALL,7,ALL,ALL,2024,1164.7733329337932,,,,,,,,ALL_N1,,,,,,,
IT1:DF_DCSS_ISTR_LAV_PEN_2_TV_3(1.0),A,082079,RESPOP_AV,M,Y_GE15,TOTAL,ALL,99,ALL,ALL,2018,7731,,,,,,,,ALL_N1,99_N1,,,,,,
IT1:DF_DCSS_ISTR_LAV_PEN_2_TV_3(1.0),A,082079,RESPOP_AV,M,Y_GE15,TOTAL,ALL,99,ALL,ALL,2019,7783,,,,,,,,ALL_N1,99_N1,,,,,,
IT1:DF_DCSS_ISTR_LAV_PEN_2_TV_3(1.0),A,082079,RESPOP_AV,M,Y_GE15,TOTAL,ALL,99,ALL,ALL,2021,7846,,,,,,,,ALL_N1,99_N1,,,,,,
IT1:DF_DCSS_ISTR_LAV_PEN_2_TV_3(1.0),A,082079,RESPOP_AV,M,Y_GE15,TOTAL,ALL,99,ALL,ALL,2022,7809,,,,,,,,ALL_N1,99_N1,,,,,,
IT1:DF_DCSS_ISTR_LAV_PEN_2_TV_3(1.0),A,082079,RESPOP_AV,M,Y_GE15,TOTAL,ALL,99,ALL,ALL,2023,7767,,,,,,,,ALL_N1,99_N1,,,,,,
IT1:DF_DCSS_ISTR_LAV_PEN_2_TV_3(1.0),A,082079,RESPOP_AV,M,Y_GE15,TOTAL,ALL,99,ALL,ALL,2024,7783,,,,,,,,ALL_N1,99_N1,,,,,,
IT1:DF_DCSS_ISTR_LAV_PEN_2_TV_3(1.0),A,082079,RESPOP_AV,M,Y_GE65,TOTAL,ALL,1,ALL,ALL,2018,98,,,,,,,,ALL_N1,,,,,,,
IT1:DF_DCSS_ISTR_LAV_PEN_2_TV_3(1.0),A,082079,RESPOP_AV,M,Y_GE65,TOTAL,ALL,1,ALL,ALL,2019,115,,,,,,,,ALL_N1,,,,,,,
IT1:DF_DCSS_ISTR_LAV_PEN_2_TV_3(1.0),A,082079,RESPOP_AV,M,Y_GE65,TOTAL,ALL,1,ALL,ALL,2021,105,,,,,,,,ALL_N1,,,,,,,
IT1:DF_DCSS_ISTR_LAV_PEN_2_TV_3(1.0),A,082079,RESPOP_AV,M,Y_GE65,TOTAL,ALL,1,ALL,ALL,2022,121,,,,,,,,ALL_N1,,,,,,,
IT1:DF_DCSS_ISTR_LAV_PEN_2_TV_3(1.0),A,082079,RESPOP_AV,M,Y_GE65,TOTAL,ALL,1,ALL,ALL,2023,141,,,,,,,,ALL_N1,,,,,,,
IT1:DF_DCSS_ISTR_LAV_PEN_2_TV_3(1.0),A,082079,RESPOP_AV,M,Y_GE65,TOTAL,ALL,1,ALL,ALL,2024,141,,,,,,,,ALL_N1,,,,,,,
IT1:DF_DCSS_ISTR_LAV_PEN_2_TV_3(1.0),A,082079,RESPOP_AV,M,Y_GE65,TOTAL,ALL,12,ALL,ALL,2018,6,,,,,,,,ALL_N1,,,,,,,
IT1:DF_DCSS_ISTR_LAV_PEN_2_TV_3(1.0),A,082079,RESPOP_AV,M,Y_GE65,TOTAL,ALL,12,ALL,ALL,2019,9,,,,,,,,ALL_N1,,,,,,,
IT1:DF_DCSS_ISTR_LAV_PEN_2_TV_3(1.0),A,082079,RESPOP_AV,M,Y_GE65,TOTAL,ALL,12,ALL,ALL,2021,4.30496833579736,,,,,,,,ALL_N1,,,,,,,
IT1:DF_DCSS_ISTR_LAV_PEN_2_TV_3(1.0),A,082079,RESPOP_AV,M,Y_GE65,TOTAL,ALL,12,ALL,ALL,2022,2.92414992400122,,,,,,,,ALL_N1,,,,,,,
IT1:DF_DCSS_ISTR_LAV_PEN_2_TV_3(1.0),A,082079,RESPOP_AV,M,Y_GE65,TOTAL,ALL,12,ALL,ALL,2023,2.8122474605763874,,,,,,,,ALL_N1,,,,,,,
IT1:DF_DCSS_ISTR_LAV_PEN_2_TV_3(1.0),A,082079,RESPOP_AV,M,Y_GE65,TOTAL,ALL,12,ALL,ALL,2024,3.2169032970545075,,,,,,,,ALL_N1,,,,,,,
IT1:DF_DCSS_ISTR_LAV_PEN_2_TV_3(1.0),A,082079,RESPOP_AV,M,Y_GE65,TOTAL,ALL,22,ALL,ALL,2018,104,,,,,,,,ALL_N1,,,,,,,
IT1:DF_DCSS_ISTR_LAV_PEN_2_TV_3(1.0),A,082079,RESPOP_AV,M,Y_GE65,TOTAL,ALL,22,ALL,ALL,2019,124,,,,,,,,ALL_N1,,,,,,,
IT1:DF_DCSS_ISTR_LAV_PEN_2_TV_3(1.0),A,082079,RESPOP_AV,M,Y_GE65,TOTAL,ALL,22,ALL,ALL,2021,109.304968335797,,,,,,,,ALL_N1,,,,,,,
IT1:DF_DCSS_ISTR_LAV_PEN_2_TV_3(1.0),A,082079,RESPOP_AV,M,Y_GE65,TOTAL,ALL,22,ALL,ALL,2022,123.924149924001,,,,,,,,ALL_N1,,,,,,,
IT1:DF_DCSS_ISTR_LAV_PEN_2_TV_3(1.0),A,082079,RESPOP_AV,M,Y_GE65,TOTAL,ALL,22,ALL,ALL,2023,143.8122474605764,,,,,,,,ALL_N1,,,,,,,
IT1:DF_DCSS_ISTR_LAV_PEN_2_TV_3(1.0),A,082079,RESPOP_AV,M,Y_GE65,TOTAL,ALL,22,ALL,ALL,2024,144.2169032970545,,,,,,,,ALL_N1,,,,,,,
IT1:DF_DCSS_ISTR_LAV_PEN_2_TV_3(1.0),A,082079,RESPOP_AV,M,Y_GE65,TOTAL,ALL,23,ALL,ALL,2018,1189,,,,,,,,ALL_N1,,,,,,,
IT1:DF_DCSS_ISTR_LAV_PEN_2_TV_3(1.0),A,082079,RESPOP_AV,M,Y_GE65,TOTAL,ALL,23,ALL,ALL,2019,1209,,,,,,,,ALL_N1,,,,,,,
IT1:DF_DCSS_ISTR_LAV_PEN_2_TV_3(1.0),A,082079,RESPOP_AV,M,Y_GE65,TOTAL,ALL,23,ALL,ALL,2021,1284.6950316642,,,,,,,,ALL_N1,,,,,,,
IT1:DF_DCSS_ISTR_LAV_PEN_2_TV_3(1.0),A,082079,RESPOP_AV,M,Y_GE65,TOTAL,ALL,23,ALL,ALL,2022,1327.075850076,,,,,,,,ALL_N1,,,,,,,
IT1:DF_DCSS_ISTR_LAV_PEN_2_TV_3(1.0),A,082079,RESPOP_AV,M,Y_GE65,TOTAL,ALL,23,ALL,ALL,2023,1341.1877525394239,,,,,,,,ALL_N1,,,,,,,
IT1:DF_DCSS_ISTR_LAV_PEN_2_TV_3(1.0),A,082079,RESPOP_AV,M,Y_GE65,TOTAL,ALL,23,ALL,ALL,2024,1420.7830967029456,,,,,,,,ALL_N1,,,,,,,
IT1:DF_DCSS_ISTR_LAV_PEN_2_TV_3(1.0),A,082079,RESPOP_AV,M,Y_GE65,TOTAL,ALL,24,ALL,ALL,2018,981,,,,,,,,ALL_N1,,,,,,,
IT1:DF_DCSS_ISTR_LAV_PEN_2_TV_3(1.0),A,082079,RESPOP_AV,M,Y_GE65,TOTAL,ALL,24,ALL,ALL,2019,1016,,,,,,,,ALL_N1,,,,,,,
IT1:DF_DCSS_ISTR_LAV_PEN_2_TV_3(1.0),A,082079,RESPOP_AV,M,Y_GE65,TOTAL,ALL,24,ALL,ALL,2021,1087.75874100366,,,,,,,,ALL_N1,,,,,,,
IT1:DF_DCSS_ISTR_LAV_PEN_2_TV_3(1.0),A,082079,RESPOP_AV,M,Y_GE65,TOTAL,ALL,24,ALL,ALL,2022,1045.30015532681,,,,,,,,ALL_N1,,,,,,,
IT1:DF_DCSS_ISTR_LAV_PEN_2_TV_3(1.0),A,082079,RESPOP_AV,M,Y_GE65,TOTAL,ALL,24,ALL,ALL,2023,1013.3000871626743,,,,,,,,ALL_N1,,,,,,,
IT1:DF_DCSS_ISTR_LAV_PEN_2_TV_3(1.0),A,082079,RESPOP_AV,M,Y_GE65,TOTAL,ALL,24,ALL,ALL,2024,1142.826982604354,,,,,,,,ALL_N1,,,,,,,
IT1:DF_DCSS_ISTR_LAV_PEN_2_TV_3(1.0),A,082079,RESPOP_AV,M,Y_GE65,TOTAL,ALL,4,ALL,ALL,2018,13,,,,,,,,ALL_N1,,,,,,,
IT1:DF_DCSS_ISTR_LAV_PEN_2_TV_3(1.0),A,082079,RESPOP_AV,M,Y_GE65,TOTAL,ALL,4,ALL,ALL,2019,18,,,,,,,,ALL_N1,,,,,,,
IT1:DF_DCSS_ISTR_LAV_PEN_2_TV_3(1.0),A,082079,RESPOP_AV,M,Y_GE65,TOTAL,ALL,4,ALL,ALL,2021,22.8278302647072,,,,,,,,ALL_N1,,,,,,,
IT1:DF_DCSS_ISTR_LAV_PEN_2_TV_3(1.0),A,082079,RESPOP_AV,M,Y_GE65,TOTAL,ALL,4,ALL,ALL,2022,30.3159808307751,,,,,,,,ALL_N1,,,,,,,
IT1:DF_DCSS_ISTR_LAV_PEN_2_TV_3(1.0),A,082079,RESPOP_AV,M,Y_GE65,TOTAL,ALL,4,ALL,ALL,2023,38.40495935593226,,,,,,,,ALL_N1,,,,,,,
IT1:DF_DCSS_ISTR_LAV_PEN_2_TV_3(1.0),A,082079,RESPOP_AV,M,Y_GE65,TOTAL,ALL,4,ALL,ALL,2024,35.410717616595456,,,,,,,,ALL_N1,,,,,,,
IT1:DF_DCSS_ISTR_LAV_PEN_2_TV_3(1.0),A,082079,RESPOP_AV,M,Y_GE65,TOTAL,ALL,5,ALL,ALL,2018,0,JTEST,,,,,,,ALL_N1,,,,,,,
IT1:DF_DCSS_ISTR_LAV_PEN_2_TV_3(1.0),A,082079,RESPOP_AV,M,Y_GE65,TOTAL,ALL,5,ALL,ALL,2019,0,JTEST,,,,,,,ALL_N1,,,,,,,
IT1:DF_DCSS_ISTR_LAV_PEN_2_TV_3(1.0),A,082079,RESPOP_AV,M,Y_GE65,TOTAL,ALL,5,ALL,ALL,2021,4.13010774339164E-06,,,,,,,,ALL_N1,,,,,,,
IT1:DF_DCSS_ISTR_LAV_PEN_2_TV_3(1.0),A,082079,RESPOP_AV,M,Y_GE65,TOTAL,ALL,5,ALL,ALL,2022,0.105301226595293,,,,,,,,ALL_N1,,,,,,,
IT1:DF_DCSS_ISTR_LAV_PEN_2_TV_3(1.0),A,082079,RESPOP_AV,M,Y_GE65,TOTAL,ALL,5,ALL,ALL,2023,0.12874166692444639,,,,,,,,ALL_N1,,,,,,,
IT1:DF_DCSS_ISTR_LAV_PEN_2_TV_3(1.0),A,082079,RESPOP_AV,M,Y_GE65,TOTAL,ALL,5,ALL,ALL,2024,0.08048356654641502,,,,,,,,ALL_N1,,,,,,,
IT1:DF_DCSS_ISTR_LAV_PEN_2_TV_3(1.0),A,082079,RESPOP_AV,M,Y_GE65,TOTAL,ALL,7,ALL,ALL,2018,195,,,,,,,,ALL_N1,,,,,,,
IT1:DF_DCSS_ISTR_LAV_PEN_2_TV_3(1.0),A,082079,RESPOP_AV,M,Y_GE65,TOTAL,ALL,7,ALL,ALL,2019,175,,,,,,,,ALL_N1,,,,,,,
IT1:DF_DCSS_ISTR_LAV_PEN_2_TV_3(1.0),A,082079,RESPOP_AV,M,Y_GE65,TOTAL,ALL,7,ALL,ALL,2021,174.108456265731,,,,,,,,ALL_N1,,,,,,,
IT1:DF_DCSS_ISTR_LAV_PEN_2_TV_3(1.0),A,082079,RESPOP_AV,M,Y_GE65,TOTAL,ALL,7,ALL,ALL,2022,251.354412691814,,,,,,,,ALL_N1,,,,,,,
IT1:DF_DCSS_ISTR_LAV_PEN_2_TV_3(1.0),A,082079,RESPOP_AV,M,Y_GE65,TOTAL,ALL,7,ALL,ALL,2023,289.3539643538927,,,,,,,,ALL_N1,,,,,,,
IT1:DF_DCSS_ISTR_LAV_PEN_2_TV_3(1.0),A,082079,RESPOP_AV,M,Y_GE65,TOTAL,ALL,7,ALL,ALL,2024,242.46491291544967,,,,,,,,ALL_N1,,,,,,,
IT1:DF_DCSS_ISTR_LAV_PEN_2_TV_3(1.0),A,082079,RESPOP_AV,M,Y_GE65,TOTAL,ALL,99,ALL,ALL,2018,1293,,,,,,,,ALL_N1,99_N1,,,,,,
IT1:DF_DCSS_ISTR_LAV_PEN_2_TV_3(1.0),A,082079,RESPOP_AV,M,Y_GE65,TOTAL,ALL,99,ALL,ALL,2019,1333,,,,,,,,ALL_N1,99_N1,,,,,,
IT1:DF_DCSS_ISTR_LAV_PEN_2_TV_3(1.0),A,082079,RESPOP_AV,M,Y_GE65,TOTAL,ALL,99,ALL,ALL,2020,1381,,,,,,,,ALL_N1,99_N1,,,,,,
IT1:DF_DCSS_ISTR_LAV_PEN_2_TV_3(1.0),A,082079,RESPOP_AV,M,Y_GE65,TOTAL,ALL,99,ALL,ALL,2021,1394,,,,,,,,ALL_N1,99_N1,,,,,,
IT1:DF_DCSS_ISTR_LAV_PEN_2_TV_3(1.0),A,082079,RESPOP_AV,M,Y_GE65,TOTAL,ALL,99,ALL,ALL,2022,1451,,,,,,,,ALL_N1,99_N1,,,,,,
IT1:DF_DCSS_ISTR_LAV_PEN_2_TV_3(1.0),A,082079,RESPOP_AV,M,Y_GE65,TOTAL,ALL,99,ALL,ALL,2023,1485,,,,,,,,ALL_N1,99_N1,,,,,,
IT1:DF_DCSS_ISTR_LAV_PEN_2_TV_3(1.0),A,082079,RESPOP_AV,M,Y_GE65,TOTAL,ALL,99,ALL,ALL,2024,1565.0000000000002,,,,,,,,ALL_N1,99_N1,,,,,,
IT1:DF_DCSS_ISTR_LAV_PEN_2_TV_3(1.0),A,082079,RESPOP_AV,M,Y15-24,TOTAL,ALL,1,ALL,ALL,2018,149,,,,,,,,ALL_N1,,,,,,,
IT1:DF_DCSS_ISTR_LAV_PEN_2_TV_3(1.0),A,082079,RESPOP_AV,M,Y15-24,TOTAL,ALL,1,ALL,ALL,2019,153,,,,,,,,ALL_N1,,,,,,,
IT1:DF_DCSS_ISTR_LAV_PEN_2_TV_3(1.0),A,082079,RESPOP_AV,M,Y15-24,TOTAL,ALL,1,ALL,ALL,2021,180,,,,,,,,ALL_N1,,,,,,,
IT1:DF_DCSS_ISTR_LAV_PEN_2_TV_3(1.0),A,082079,RESPOP_AV,M,Y15-24,TOTAL,ALL,1,ALL,ALL,2022,185,,,,,,,,ALL_N1,,,,,,,
IT1:DF_DCSS_ISTR_LAV_PEN_2_TV_3(1.0),A,082079,RESPOP_AV,M,Y15-24,TOTAL,ALL,1,ALL,ALL,2023,207,,,,,,,,ALL_N1,,,,,,,
IT1:DF_DCSS_ISTR_LAV_PEN_2_TV_3(1.0),A,082079,RESPOP_AV,M,Y15-24,TOTAL,ALL,1,ALL,ALL,2024,222,,,,,,,,ALL_N1,,,,,,,
IT1:DF_DCSS_ISTR_LAV_PEN_2_TV_3(1.0),A,082079,RESPOP_AV,M,Y15-24,TOTAL,ALL,12,ALL,ALL,2018,249,,,,,,,,ALL_N1,,,,,,,
IT1:DF_DCSS_ISTR_LAV_PEN_2_TV_3(1.0),A,082079,RESPOP_AV,M,Y15-24,TOTAL,ALL,12,ALL,ALL,2019,272,,,,,,,,ALL_N1,,,,,,,
IT1:DF_DCSS_ISTR_LAV_PEN_2_TV_3(1.0),A,082079,RESPOP_AV,M,Y15-24,TOTAL,ALL,12,ALL,ALL,2021,152.657383424646,,,,,,,,ALL_N1,,,,,,,
IT1:DF_DCSS_ISTR_LAV_PEN_2_TV_3(1.0),A,082079,RESPOP_AV,M,Y15-24,TOTAL,ALL,12,ALL,ALL,2022,164.872824379747,,,,,,,,ALL_N1,,,,,,,
IT1:DF_DCSS_ISTR_LAV_PEN_2_TV_3(1.0),A,082079,RESPOP_AV,M,Y15-24,TOTAL,ALL,12,ALL,ALL,2023,175.00177388462563,,,,,,,,ALL_N1,,,,,,,
IT1:DF_DCSS_ISTR_LAV_PEN_2_TV_3(1.0),A,082079,RESPOP_AV,M,Y15-24,TOTAL,ALL,12,ALL,ALL,2024,133.83387473001295,,,,,,,,ALL_N1,,,,,,,
IT1:DF_DCSS_ISTR_LAV_PEN_2_TV_3(1.0),A,082079,RESPOP_AV,M,Y15-24,TOTAL,ALL,22,ALL,ALL,2018,398,,,,,,,,ALL_N1,,,,,,,
IT1:DF_DCSS_ISTR_LAV_PEN_2_TV_3(1.0),A,082079,RESPOP_AV,M,Y15-24,TOTAL,ALL,22,ALL,ALL,2019,425,,,,,,,,ALL_N1,,,,,,,
IT1:DF_DCSS_ISTR_LAV_PEN_2_TV_3(1.0),A,082079,RESPOP_AV,M,Y15-24,TOTAL,ALL,22,ALL,ALL,2021,332.657383424646,,,,,,,,ALL_N1,,,,,,,
IT1:DF_DCSS_ISTR_LAV_PEN_2_TV_3(1.0),A,082079,RESPOP_AV,M,Y15-24,TOTAL,ALL,22,ALL,ALL,2022,349.872824379747,,,,,,,,ALL_N1,,,,,,,
IT1:DF_DCSS_ISTR_LAV_PEN_2_TV_3(1.0),A,082079,RESPOP_AV,M,Y15-24,TOTAL,ALL,22,ALL,ALL,2023,382.00177388462566,,,,,,,,ALL_N1,,,,,,,
IT1:DF_DCSS_ISTR_LAV_PEN_2_TV_3(1.0),A,082079,RESPOP_AV,M,Y15-24,TOTAL,ALL,22,ALL,ALL,2024,355.83387473001295,,,,,,,,ALL_N1,,,,,,,
IT1:DF_DCSS_ISTR_LAV_PEN_2_TV_3(1.0),A,082079,RESPOP_AV,M,Y15-24,TOTAL,ALL,23,ALL,ALL,2018,783,,,,,,,,ALL_N1,,,,,,,
IT1:DF_DCSS_ISTR_LAV_PEN_2_TV_3(1.0),A,082079,RESPOP_AV,M,Y15-24,TOTAL,ALL,23,ALL,ALL,2019,776,,,,,,,,ALL_N1,,,,,,,
IT1:DF_DCSS_ISTR_LAV_PEN_2_TV_3(1.0),A,082079,RESPOP_AV,M,Y15-24,TOTAL,ALL,23,ALL,ALL,2021,820.342616575354,,,,,,,,ALL_N1,,,,,,,
IT1:DF_DCSS_ISTR_LAV_PEN_2_TV_3(1.0),A,082079,RESPOP_AV,M,Y15-24,TOTAL,ALL,23,ALL,ALL,2022,814.127175620253,,,,,,,,ALL_N1,,,,,,,
IT1:DF_DCSS_ISTR_LAV_PEN_2_TV_3(1.0),A,082079,RESPOP_AV,M,Y15-24,TOTAL,ALL,23,ALL,ALL,2023,816.9982261153743,,,,,,,,ALL_N1,,,,,,,
IT1:DF_DCSS_ISTR_LAV_PEN_2_TV_3(1.0),A,082079,RESPOP_AV,M,Y15-24,TOTAL,ALL,23,ALL,ALL,2024,840.166125269987,,,,,,,,ALL_N1,,,,,,,
IT1:DF_DCSS_ISTR_LAV_PEN_2_TV_3(1.0),A,082079,RESPOP_AV,M,Y15-24,TOTAL,ALL,24,ALL,ALL,2018,2,,,,,,,,ALL_N1,,,,,,,
IT1:DF_DCSS_ISTR_LAV_PEN_2_TV_3(1.0),A,082079,RESPOP_AV,M,Y15-24,TOTAL,ALL,24,ALL,ALL,2019,3,,,,,,,,ALL_N1,,,,,,,
IT1:DF_DCSS_ISTR_LAV_PEN_2_TV_3(1.0),A,082079,RESPOP_AV,M,Y15-24,TOTAL,ALL,24,ALL,ALL,2021,2.59562351895871,,,,,,,,ALL_N1,,,,,,,
IT1:DF_DCSS_ISTR_LAV_PEN_2_TV_3(1.0),A,082079,RESPOP_AV,M,Y15-24,TOTAL,ALL,24,ALL,ALL,2022,2.45467631389316,,,,,,,,ALL_N1,,,,,,,
IT1:DF_DCSS_ISTR_LAV_PEN_2_TV_3(1.0),A,082079,RESPOP_AV,M,Y15-24,TOTAL,ALL,24,ALL,ALL,2023,2.6170575734437316,,,,,,,,ALL_N1,,,,,,,
IT1:DF_DCSS_ISTR_LAV_PEN_2_TV_3(1.0),A,082079,RESPOP_AV,M,Y15-24,TOTAL,ALL,24,ALL,ALL,2024,5.36062002272096,,,,,,,,ALL_N1,,,,,,,
IT1:DF_DCSS_ISTR_LAV_PEN_2_TV_3(1.0),A,082079,RESPOP_AV,M,Y15-24,TOTAL,ALL,4,ALL,ALL,2018,13,,,,,,,,ALL_N1,,,,,,,
IT1:DF_DCSS_ISTR_LAV_PEN_2_TV_3(1.0),A,082079,RESPOP_AV,M,Y15-24,TOTAL,ALL,4,ALL,ALL,2019,20,,,,,,,,ALL_N1,,,,,,,
IT1:DF_DCSS_ISTR_LAV_PEN_2_TV_3(1.0),A,082079,RESPOP_AV,M,Y15-24,TOTAL,ALL,4,ALL,ALL,2021,32.461092732367,,,,,,,,ALL_N1,,,,,,,
IT1:DF_DCSS_ISTR_LAV_PEN_2_TV_3(1.0),A,082079,RESPOP_AV,M,Y15-24,TOTAL,ALL,4,ALL,ALL,2022,18.7750138172474,,,,,,,,ALL_N1,,,,,,,
IT1:DF_DCSS_ISTR_LAV_PEN_2_TV_3(1.0),A,082079,RESPOP_AV,M,Y15-24,TOTAL,ALL,4,ALL,ALL,2023,27.100850576062438,,,,,,,,ALL_N1,,,,,,,
IT1:DF_DCSS_ISTR_LAV_PEN_2_TV_3(1.0),A,082079,RESPOP_AV,M,Y15-24,TOTAL,ALL,4,ALL,ALL,2024,23.222599067076413,,,,,,,,ALL_N1,,,,,,,
IT1:DF_DCSS_ISTR_LAV_PEN_2_TV_3(1.0),A,082079,RESPOP_AV,M,Y15-24,TOTAL,ALL,5,ALL,ALL,2018,567,,,,,,,,ALL_N1,,,,,,,
IT1:DF_DCSS_ISTR_LAV_PEN_2_TV_3(1.0),A,082079,RESPOP_AV,M,Y15-24,TOTAL,ALL,5,ALL,ALL,2019,607,,,,,,,,ALL_N1,,,,,,,
IT1:DF_DCSS_ISTR_LAV_PEN_2_TV_3(1.0),A,082079,RESPOP_AV,M,Y15-24,TOTAL,ALL,5,ALL,ALL,2021,623.063324731507,,,,,,,,ALL_N1,,,,,,,
IT1:DF_DCSS_ISTR_LAV_PEN_2_TV_3(1.0),A,082079,RESPOP_AV,M,Y15-24,TOTAL,ALL,5,ALL,ALL,2022,632.689184190605,,,,,,,,ALL_N1,,,,,,,
IT1:DF_DCSS_ISTR_LAV_PEN_2_TV_3(1.0),A,082079,RESPOP_AV,M,Y15-24,TOTAL,ALL,5,ALL,ALL,2023,600.1961340528363,,,,,,,,ALL_N1,,,,,,,
IT1:DF_DCSS_ISTR_LAV_PEN_2_TV_3(1.0),A,082079,RESPOP_AV,M,Y15-24,TOTAL,ALL,5,ALL,ALL,2024,616.2639618205419,,,,,,,,ALL_N1,,,,,,,
IT1:DF_DCSS_ISTR_LAV_PEN_2_TV_3(1.0),A,082079,RESPOP_AV,M,Y15-24,TOTAL,ALL,7,ALL,ALL,2018,201,,,,,,,,ALL_N1,,,,,,,
IT1:DF_DCSS_ISTR_LAV_PEN_2_TV_3(1.0),A,082079,RESPOP_AV,M,Y15-24,TOTAL,ALL,7,ALL,ALL,2019,146,,,,,,,,ALL_N1,,,,,,,
IT1:DF_DCSS_ISTR_LAV_PEN_2_TV_3(1.0),A,082079,RESPOP_AV,M,Y15-24,TOTAL,ALL,7,ALL,ALL,2021,162.222575592521,,,,,,,,ALL_N1,,,,,,,
IT1:DF_DCSS_ISTR_LAV_PEN_2_TV_3(1.0),A,082079,RESPOP_AV,M,Y15-24,TOTAL,ALL,7,ALL,ALL,2022,160.208301298508,,,,,,,,ALL_N1,,,,,,,
IT1:DF_DCSS_ISTR_LAV_PEN_2_TV_3(1.0),A,082079,RESPOP_AV,M,Y15-24,TOTAL,ALL,7,ALL,ALL,2023,187.08418391303186,,,,,,,,ALL_N1,,,,,,,
IT1:DF_DCSS_ISTR_LAV_PEN_2_TV_3(1.0),A,082079,RESPOP_AV,M,Y15-24,TOTAL,ALL,7,ALL,ALL,2024,195.31894435964773,,,,,,,,ALL_N1,,,,,,,
IT1:DF_DCSS_ISTR_LAV_PEN_2_TV_3(1.0),A,082079,RESPOP_AV,M,Y15-24,TOTAL,ALL,99,ALL,ALL,2018,1181,,,,,,,,ALL_N1,99_N1,,,,,,
IT1:DF_DCSS_ISTR_LAV_PEN_2_TV_3(1.0),A,082079,RESPOP_AV,M,Y15-24,TOTAL,ALL,99,ALL,ALL,2019,1201,,,,,,,,ALL_N1,99_N1,,,,,,
IT1:DF_DCSS_ISTR_LAV_PEN_2_TV_3(1.0),A,082079,RESPOP_AV,M,Y15-24,TOTAL,ALL,99,ALL,ALL,2021,1153,,,,,,,,ALL_N1,99_N1,,,,,,
IT1:DF_DCSS_ISTR_LAV_PEN_2_TV_3(1.0),A,082079,RESPOP_AV,M,Y15-24,TOTAL,ALL,99,ALL,ALL,2022,1164,,,,,,,,ALL_N1,99_N1,,,,,,
IT1:DF_DCSS_ISTR_LAV_PEN_2_TV_3(1.0),A,082079,RESPOP_AV,M,Y15-24,TOTAL,ALL,99,ALL,ALL,2023,1199,,,,,,,,ALL_N1,99_N1,,,,,,
IT1:DF_DCSS_ISTR_LAV_PEN_2_TV_3(1.0),A,082079,RESPOP_AV,M,Y15-24,TOTAL,ALL,99,ALL,ALL,2024,1196,,,,,,,,ALL_N1,99_N1,,,,,,
IT1:DF_DCSS_ISTR_LAV_PEN_2_TV_3(1.0),A,082079,RESPOP_AV,M,Y25-49,TOTAL,ALL,1,ALL,ALL,2018,2052,,,,,,,,ALL_N1,,,,,,,
IT1:DF_DCSS_ISTR_LAV_PEN_2_TV_3(1.0),A,082079,RESPOP_AV,M,Y25-49,TOTAL,ALL,1,ALL,ALL,2019,2045,,,,,,,,ALL_N1,,,,,,,
IT1:DF_DCSS_ISTR_LAV_PEN_2_TV_3(1.0),A,082079,RESPOP_AV,M,Y25-49,TOTAL,ALL,1,ALL,ALL,2021,2162,,,,,,,,ALL_N1,,,,,,,
IT1:DF_DCSS_ISTR_LAV_PEN_2_TV_3(1.0),A,082079,RESPOP_AV,M,Y25-49,TOTAL,ALL,1,ALL,ALL,2022,2070,,,,,,,,ALL_N1,,,,,,,
IT1:DF_DCSS_ISTR_LAV_PEN_2_TV_3(1.0),A,082079,RESPOP_AV,M,Y25-49,TOTAL,ALL,1,ALL,ALL,2023,2032,,,,,,,,ALL_N1,,,,,,,
IT1:DF_DCSS_ISTR_LAV_PEN_2_TV_3(1.0),A,082079,RESPOP_AV,M,Y25-49,TOTAL,ALL,1,ALL,ALL,2024,2062,,,,,,,,ALL_N1,,,,,,,
IT1:DF_DCSS_ISTR_LAV_PEN_2_TV_3(1.0),A,082079,RESPOP_AV,M,Y25-49,TOTAL,ALL,12,ALL,ALL,2018,757,,,,,,,,ALL_N1,,,,,,,
IT1:DF_DCSS_ISTR_LAV_PEN_2_TV_3(1.0),A,082079,RESPOP_AV,M,Y25-49,TOTAL,ALL,12,ALL,ALL,2019,759,,,,,,,,ALL_N1,,,,,,,
IT1:DF_DCSS_ISTR_LAV_PEN_2_TV_3(1.0),A,082079,RESPOP_AV,M,Y25-49,TOTAL,ALL,12,ALL,ALL,2021,420.116858972093,,,,,,,,ALL_N1,,,,,,,
IT1:DF_DCSS_ISTR_LAV_PEN_2_TV_3(1.0),A,082079,RESPOP_AV,M,Y25-49,TOTAL,ALL,12,ALL,ALL,2022,426.665964411058,,,,,,,,ALL_N1,,,,,,,
IT1:DF_DCSS_ISTR_LAV_PEN_2_TV_3(1.0),A,082079,RESPOP_AV,M,Y25-49,TOTAL,ALL,12,ALL,ALL,2023,372.5601334678205,,,,,,,,ALL_N1,,,,,,,
IT1:DF_DCSS_ISTR_LAV_PEN_2_TV_3(1.0),A,082079,RESPOP_AV,M,Y25-49,TOTAL,ALL,12,ALL,ALL,2024,308.6316770917093,,,,,,,,ALL_N1,,,,,,,
IT1:DF_DCSS_ISTR_LAV_PEN_2_TV_3(1.0),A,082079,RESPOP_AV,M,Y25-49,TOTAL,ALL,22,ALL,ALL,2018,2809,,,,,,,,ALL_N1,,,,,,,
IT1:DF_DCSS_ISTR_LAV_PEN_2_TV_3(1.0),A,082079,RESPOP_AV,M,Y25-49,TOTAL,ALL,22,ALL,ALL,2019,2804,,,,,,,,ALL_N1,,,,,,,
IT1:DF_DCSS_ISTR_LAV_PEN_2_TV_3(1.0),A,082079,RESPOP_AV,M,Y25-49,TOTAL,ALL,22,ALL,ALL,2021,2582.11685897209,,,,,,,,ALL_N1,,,,,,,
IT1:DF_DCSS_ISTR_LAV_PEN_2_TV_3(1.0),A,082079,RESPOP_AV,M,Y25-49,TOTAL,ALL,22,ALL,ALL,2022,2496.66596441106,,,,,,,,ALL_N1,,,,,,,
IT1:DF_DCSS_ISTR_LAV_PEN_2_TV_3(1.0),A,082079,RESPOP_AV,M,Y25-49,TOTAL,ALL,22,ALL,ALL,2023,2404.5601334678204,,,,,,,,ALL_N1,,,,,,,
IT1:DF_DCSS_ISTR_LAV_PEN_2_TV_3(1.0),A,082079,RESPOP_AV,M,Y25-49,TOTAL,ALL,22,ALL,ALL,2024,2370.631677091709,,,,,,,,ALL_N1,,,,,,,
IT1:DF_DCSS_ISTR_LAV_PEN_2_TV_3(1.0),A,082079,RESPOP_AV,M,Y25-49,TOTAL,ALL,23,ALL,ALL,2018,588,,,,,,,,ALL_N1,,,,,,,
IT1:DF_DCSS_ISTR_LAV_PEN_2_TV_3(1.0),A,082079,RESPOP_AV,M,Y25-49,TOTAL,ALL,23,ALL,ALL,2019,537,,,,,,,,ALL_N1,,,,,,,
IT1:DF_DCSS_ISTR_LAV_PEN_2_TV_3(1.0),A,082079,RESPOP_AV,M,Y25-49,TOTAL,ALL,23,ALL,ALL,2021,681.883141027907,,,,,,,,ALL_N1,,,,,,,
IT1:DF_DCSS_ISTR_LAV_PEN_2_TV_3(1.0),A,082079,RESPOP_AV,M,Y25-49,TOTAL,ALL,23,ALL,ALL,2022,663.334035588942,,,,,,,,ALL_N1,,,,,,,
IT1:DF_DCSS_ISTR_LAV_PEN_2_TV_3(1.0),A,082079,RESPOP_AV,M,Y25-49,TOTAL,ALL,23,ALL,ALL,2023,647.4398665321794,,,,,,,,ALL_N1,,,,,,,
IT1:DF_DCSS_ISTR_LAV_PEN_2_TV_3(1.0),A,082079,RESPOP_AV,M,Y25-49,TOTAL,ALL,23,ALL,ALL,2024,619.3683229082907,,,,,,,,ALL_N1,,,,,,,
IT1:DF_DCSS_ISTR_LAV_PEN_2_TV_3(1.0),A,082079,RESPOP_AV,M,Y25-49,TOTAL,ALL,24,ALL,ALL,2018,34,,,,,,,,ALL_N1,,,,,,,
IT1:DF_DCSS_ISTR_LAV_PEN_2_TV_3(1.0),A,082079,RESPOP_AV,M,Y25-49,TOTAL,ALL,24,ALL,ALL,2019,39,,,,,,,,ALL_N1,,,,,,,
IT1:DF_DCSS_ISTR_LAV_PEN_2_TV_3(1.0),A,082079,RESPOP_AV,M,Y25-49,TOTAL,ALL,24,ALL,ALL,2021,41.7873776370423,,,,,,,,ALL_N1,,,,,,,
IT1:DF_DCSS_ISTR_LAV_PEN_2_TV_3(1.0),A,082079,RESPOP_AV,M,Y25-49,TOTAL,ALL,24,ALL,ALL,2022,27.3381267831167,,,,,,,,ALL_N1,,,,,,,
IT1:DF_DCSS_ISTR_LAV_PEN_2_TV_3(1.0),A,082079,RESPOP_AV,M,Y25-49,TOTAL,ALL,24,ALL,ALL,2023,25.59431445118738,,,,,,,,ALL_N1,,,,,,,
IT1:DF_DCSS_ISTR_LAV_PEN_2_TV_3(1.0),A,082079,RESPOP_AV,M,Y25-49,TOTAL,ALL,24,ALL,ALL,2024,42.01339485784578,,,,,,,,ALL_N1,,,,,,,
IT1:DF_DCSS_ISTR_LAV_PEN_2_TV_3(1.0),A,082079,RESPOP_AV,M,Y25-49,TOTAL,ALL,4,ALL,ALL,2018,100,,,,,,,,ALL_N1,,,,,,,
IT1:DF_DCSS_ISTR_LAV_PEN_2_TV_3(1.0),A,082079,RESPOP_AV,M,Y25-49,TOTAL,ALL,4,ALL,ALL,2019,103,,,,,,,,ALL_N1,,,,,,,
IT1:DF_DCSS_ISTR_LAV_PEN_2_TV_3(1.0),A,082079,RESPOP_AV,M,Y25-49,TOTAL,ALL,4,ALL,ALL,2021,162.118982632014,,,,,,,,ALL_N1,,,,,,,
IT1:DF_DCSS_ISTR_LAV_PEN_2_TV_3(1.0),A,082079,RESPOP_AV,M,Y25-49,TOTAL,ALL,4,ALL,ALL,2022,142.189815137048,,,,,,,,ALL_N1,,,,,,,
IT1:DF_DCSS_ISTR_LAV_PEN_2_TV_3(1.0),A,082079,RESPOP_AV,M,Y25-49,TOTAL,ALL,4,ALL,ALL,2023,155.8052622692695,,,,,,,,ALL_N1,,,,,,,
IT1:DF_DCSS_ISTR_LAV_PEN_2_TV_3(1.0),A,082079,RESPOP_AV,M,Y25-49,TOTAL,ALL,4,ALL,ALL,2024,122.63549507696574,,,,,,,,ALL_N1,,,,,,,
IT1:DF_DCSS_ISTR_LAV_PEN_2_TV_3(1.0),A,082079,RESPOP_AV,M,Y25-49,TOTAL,ALL,5,ALL,ALL,2018,52,,,,,,,,ALL_N1,,,,,,,
IT1:DF_DCSS_ISTR_LAV_PEN_2_TV_3(1.0),A,082079,RESPOP_AV,M,Y25-49,TOTAL,ALL,5,ALL,ALL,2019,52,,,,,,,,ALL_N1,,,,,,,
IT1:DF_DCSS_ISTR_LAV_PEN_2_TV_3(1.0),A,082079,RESPOP_AV,M,Y25-49,TOTAL,ALL,5,ALL,ALL,2021,56.4010209275667,,,,,,,,ALL_N1,,,,,,,
IT1:DF_DCSS_ISTR_LAV_PEN_2_TV_3(1.0),A,082079,RESPOP_AV,M,Y25-49,TOTAL,ALL,5,ALL,ALL,2022,69.3034797803208,,,,,,,,ALL_N1,,,,,,,
IT1:DF_DCSS_ISTR_LAV_PEN_2_TV_3(1.0),A,082079,RESPOP_AV,M,Y25-49,TOTAL,ALL,5,ALL,ALL,2023,47.73405123821346,,,,,,,,ALL_N1,,,,,,,
IT1:DF_DCSS_ISTR_LAV_PEN_2_TV_3(1.0),A,082079,RESPOP_AV,M,Y25-49,TOTAL,ALL,5,ALL,ALL,2024,50.39235522871568,,,,,,,,ALL_N1,,,,,,,
IT1:DF_DCSS_ISTR_LAV_PEN_2_TV_3(1.0),A,082079,RESPOP_AV,M,Y25-49,TOTAL,ALL,7,ALL,ALL,2018,402,,,,,,,,ALL_N1,,,,,,,
IT1:DF_DCSS_ISTR_LAV_PEN_2_TV_3(1.0),A,082079,RESPOP_AV,M,Y25-49,TOTAL,ALL,7,ALL,ALL,2019,343,,,,,,,,ALL_N1,,,,,,,
IT1:DF_DCSS_ISTR_LAV_PEN_2_TV_3(1.0),A,082079,RESPOP_AV,M,Y25-49,TOTAL,ALL,7,ALL,ALL,2021,421.575759831284,,,,,,,,ALL_N1,,,,,,,
IT1:DF_DCSS_ISTR_LAV_PEN_2_TV_3(1.0),A,082079,RESPOP_AV,M,Y25-49,TOTAL,ALL,7,ALL,ALL,2022,424.502613888456,,,,,,,,ALL_N1,,,,,,,
IT1:DF_DCSS_ISTR_LAV_PEN_2_TV_3(1.0),A,082079,RESPOP_AV,M,Y25-49,TOTAL,ALL,7,ALL,ALL,2023,418.30623857350906,,,,,,,,ALL_N1,,,,,,,
IT1:DF_DCSS_ISTR_LAV_PEN_2_TV_3(1.0),A,082079,RESPOP_AV,M,Y25-49,TOTAL,ALL,7,ALL,ALL,2024,404.3270777447634,,,,,,,,ALL_N1,,,,,,,
IT1:DF_DCSS_ISTR_LAV_PEN_2_TV_3(1.0),A,082079,RESPOP_AV,M,Y25-49,TOTAL,ALL,99,ALL,ALL,2018,3397,,,,,,,,ALL_N1,99_N1,,,,,,
IT1:DF_DCSS_ISTR_LAV_PEN_2_TV_3(1.0),A,082079,RESPOP_AV,M,Y25-49,TOTAL,ALL,99,ALL,ALL,2019,3341,,,,,,,,ALL_N1,99_N1,,,,,,
IT1:DF_DCSS_ISTR_LAV_PEN_2_TV_3(1.0),A,082079,RESPOP_AV,M,Y25-49,TOTAL,ALL,99,ALL,ALL,2020,3259,,,,,,,,ALL_N1,99_N1,,,,,,
IT1:DF_DCSS_ISTR_LAV_PEN_2_TV_3(1.0),A,082079,RESPOP_AV,M,Y25-49,TOTAL,ALL,99,ALL,ALL,2021,3264,,,,,,,,ALL_N1,99_N1,,,,,,
IT1:DF_DCSS_ISTR_LAV_PEN_2_TV_3(1.0),A,082079,RESPOP_AV,M,Y25-49,TOTAL,ALL,99,ALL,ALL,2022,3160,,,,,,,,ALL_N1,99_N1,,,,,,
IT1:DF_DCSS_ISTR_LAV_PEN_2_TV_3(1.0),A,082079,RESPOP_AV,M,Y25-49,TOTAL,ALL,99,ALL,ALL,2023,3052,,,,,,,,ALL_N1,99_N1,,,,,,
IT1:DF_DCSS_ISTR_LAV_PEN_2_TV_3(1.0),A,082079,RESPOP_AV,M,Y25-49,TOTAL,ALL,99,ALL,ALL,2024,2990,,,,,,,,ALL_N1,99_N1,,,,,,
IT1:DF_DCSS_ISTR_LAV_PEN_2_TV_3(1.0),A,082079,RESPOP_AV,M,Y50-64,TOTAL,ALL,1,ALL,ALL,2018,1087,,,,,,,,ALL_N1,,,,,,,
IT1:DF_DCSS_ISTR_LAV_PEN_2_TV_3(1.0),A,082079,RESPOP_AV,M,Y50-64,TOTAL,ALL,1,ALL,ALL,2019,1147,,,,,,,,ALL_N1,,,,,,,
IT1:DF_DCSS_ISTR_LAV_PEN_2_TV_3(1.0),A,082079,RESPOP_AV,M,Y50-64,TOTAL,ALL,1,ALL,ALL,2021,1235,,,,,,,,ALL_N1,,,,,,,
IT1:DF_DCSS_ISTR_LAV_PEN_2_TV_3(1.0),A,082079,RESPOP_AV,M,Y50-64,TOTAL,ALL,1,ALL,ALL,2022,1259,,,,,,,,ALL_N1,,,,,,,
IT1:DF_DCSS_ISTR_LAV_PEN_2_TV_3(1.0),A,082079,RESPOP_AV,M,Y50-64,TOTAL,ALL,1,ALL,ALL,2023,1262,,,,,,,,ALL_N1,,,,,,,
IT1:DF_DCSS_ISTR_LAV_PEN_2_TV_3(1.0),A,082079,RESPOP_AV,M,Y50-64,TOTAL,ALL,1,ALL,ALL,2024,1327,,,,,,,,ALL_N1,,,,,,,
IT1:DF_DCSS_ISTR_LAV_PEN_2_TV_3(1.0),A,082079,RESPOP_AV,M,Y50-64,TOTAL,ALL,12,ALL,ALL,2018,300,,,,,,,,ALL_N1,,,,,,,
IT1:DF_DCSS_ISTR_LAV_PEN_2_TV_3(1.0),A,082079,RESPOP_AV,M,Y50-64,TOTAL,ALL,12,ALL,ALL,2019,298,,,,,,,,ALL_N1,,,,,,,
IT1:DF_DCSS_ISTR_LAV_PEN_2_TV_3(1.0),A,082079,RESPOP_AV,M,Y50-64,TOTAL,ALL,12,ALL,ALL,2021,182.38931875446,,,,,,,,ALL_N1,,,,,,,
IT1:DF_DCSS_ISTR_LAV_PEN_2_TV_3(1.0),A,082079,RESPOP_AV,M,Y50-64,TOTAL,ALL,12,ALL,ALL,2022,176.023221819026,,,,,,,,ALL_N1,,,,,,,
IT1:DF_DCSS_ISTR_LAV_PEN_2_TV_3(1.0),A,082079,RESPOP_AV,M,Y50-64,TOTAL,ALL,12,ALL,ALL,2023,162.42381514053739,,,,,,,,ALL_N1,,,,,,,
IT1:DF_DCSS_ISTR_LAV_PEN_2_TV_3(1.0),A,082079,RESPOP_AV,M,Y50-64,TOTAL,ALL,12,ALL,ALL,2024,139.42161737743476,,,,,,,,ALL_N1,,,,,,,
IT1:DF_DCSS_ISTR_LAV_PEN_2_TV_3(1.0),A,082079,RESPOP_AV,M,Y50-64,TOTAL,ALL,22,ALL,ALL,2018,1387,,,,,,,,ALL_N1,,,,,,,
IT1:DF_DCSS_ISTR_LAV_PEN_2_TV_3(1.0),A,082079,RESPOP_AV,M,Y50-64,TOTAL,ALL,22,ALL,ALL,2019,1445,,,,,,,,ALL_N1,,,,,,,
IT1:DF_DCSS_ISTR_LAV_PEN_2_TV_3(1.0),A,082079,RESPOP_AV,M,Y50-64,TOTAL,ALL,22,ALL,ALL,2021,1417.38931875446,,,,,,,,ALL_N1,,,,,,,
IT1:DF_DCSS_ISTR_LAV_PEN_2_TV_3(1.0),A,082079,RESPOP_AV,M,Y50-64,TOTAL,ALL,22,ALL,ALL,2022,1435.02322181903,,,,,,,,ALL_N1,,,,,,,
IT1:DF_DCSS_ISTR_LAV_PEN_2_TV_3(1.0),A,082079,RESPOP_AV,M,Y50-64,TOTAL,ALL,22,ALL,ALL,2023,1424.4238151405375,,,,,,,,ALL_N1,,,,,,,
IT1:DF_DCSS_ISTR_LAV_PEN_2_TV_3(1.0),A,082079,RESPOP_AV,M,Y50-64,TOTAL,ALL,22,ALL,ALL,2024,1466.4216173774348,,,,,,,,ALL_N1,,,,,,,
IT1:DF_DCSS_ISTR_LAV_PEN_2_TV_3(1.0),A,082079,RESPOP_AV,M,Y50-64,TOTAL,ALL,23,ALL,ALL,2018,473,,,,,,,,ALL_N1,,,,,,,
IT1:DF_DCSS_ISTR_LAV_PEN_2_TV_3(1.0),A,082079,RESPOP_AV,M,Y50-64,TOTAL,ALL,23,ALL,ALL,2019,463,,,,,,,,ALL_N1,,,,,,,
IT1:DF_DCSS_ISTR_LAV_PEN_2_TV_3(1.0),A,082079,RESPOP_AV,M,Y50-64,TOTAL,ALL,23,ALL,ALL,2021,617.61068124554,,,,,,,,ALL_N1,,,,,,,
IT1:DF_DCSS_ISTR_LAV_PEN_2_TV_3(1.0),A,082079,RESPOP_AV,M,Y50-64,TOTAL,ALL,23,ALL,ALL,2022,598.976778180973,,,,,,,,ALL_N1,,,,,,,
IT1:DF_DCSS_ISTR_LAV_PEN_2_TV_3(1.0),A,082079,RESPOP_AV,M,Y50-64,TOTAL,ALL,23,ALL,ALL,2023,606.5761848594624,,,,,,,,ALL_N1,,,,,,,
IT1:DF_DCSS_ISTR_LAV_PEN_2_TV_3(1.0),A,082079,RESPOP_AV,M,Y50-64,TOTAL,ALL,23,ALL,ALL,2024,565.5783826225651,,,,,,,,ALL_N1,,,,,,,
IT1:DF_DCSS_ISTR_LAV_PEN_2_TV_3(1.0),A,082079,RESPOP_AV,M,Y50-64,TOTAL,ALL,24,ALL,ALL,2018,138,,,,,,,,ALL_N1,,,,,,,
IT1:DF_DCSS_ISTR_LAV_PEN_2_TV_3(1.0),A,082079,RESPOP_AV,M,Y50-64,TOTAL,ALL,24,ALL,ALL,2019,152,,,,,,,,ALL_N1,,,,,,,
IT1:DF_DCSS_ISTR_LAV_PEN_2_TV_3(1.0),A,082079,RESPOP_AV,M,Y50-64,TOTAL,ALL,24,ALL,ALL,2021,162.014928931942,,,,,,,,ALL_N1,,,,,,,
IT1:DF_DCSS_ISTR_LAV_PEN_2_TV_3(1.0),A,082079,RESPOP_AV,M,Y50-64,TOTAL,ALL,24,ALL,ALL,2022,117.498875459132,,,,,,,,ALL_N1,,,,,,,
IT1:DF_DCSS_ISTR_LAV_PEN_2_TV_3(1.0),A,082079,RESPOP_AV,M,Y50-64,TOTAL,ALL,24,ALL,ALL,2023,105.9882697908794,,,,,,,,ALL_N1,,,,,,,
IT1:DF_DCSS_ISTR_LAV_PEN_2_TV_3(1.0),A,082079,RESPOP_AV,M,Y50-64,TOTAL,ALL,24,ALL,ALL,2024,120.69168570476862,,,,,,,,ALL_N1,,,,,,,
IT1:DF_DCSS_ISTR_LAV_PEN_2_TV_3(1.0),A,082079,RESPOP_AV,M,Y50-64,TOTAL,ALL,4,ALL,ALL,2018,82,,,,,,,,ALL_N1,,,,,,,
IT1:DF_DCSS_ISTR_LAV_PEN_2_TV_3(1.0),A,082079,RESPOP_AV,M,Y50-64,TOTAL,ALL,4,ALL,ALL,2019,83,,,,,,,,ALL_N1,,,,,,,
IT1:DF_DCSS_ISTR_LAV_PEN_2_TV_3(1.0),A,082079,RESPOP_AV,M,Y50-64,TOTAL,ALL,4,ALL,ALL,2021,145.552027956115,,,,,,,,ALL_N1,,,,,,,
IT1:DF_DCSS_ISTR_LAV_PEN_2_TV_3(1.0),A,082079,RESPOP_AV,M,Y50-64,TOTAL,ALL,4,ALL,ALL,2022,138.322125444693,,,,,,,,ALL_N1,,,,,,,
IT1:DF_DCSS_ISTR_LAV_PEN_2_TV_3(1.0),A,082079,RESPOP_AV,M,Y50-64,TOTAL,ALL,4,ALL,ALL,2023,155.56208007139236,,,,,,,,ALL_N1,,,,,,,
IT1:DF_DCSS_ISTR_LAV_PEN_2_TV_3(1.0),A,082079,RESPOP_AV,M,Y50-64,TOTAL,ALL,4,ALL,ALL,2024,119.96552535021702,,,,,,,,ALL_N1,,,,,,,
IT1:DF_DCSS_ISTR_LAV_PEN_2_TV_3(1.0),A,082079,RESPOP_AV,M,Y50-64,TOTAL,ALL,5,ALL,ALL,2018,0,JTEST,,,,,,,ALL_N1,,,,,,,
IT1:DF_DCSS_ISTR_LAV_PEN_2_TV_3(1.0),A,082079,RESPOP_AV,M,Y50-64,TOTAL,ALL,5,ALL,ALL,2019,0,JTEST,,,,,,,ALL_N1,,,,,,,
IT1:DF_DCSS_ISTR_LAV_PEN_2_TV_3(1.0),A,082079,RESPOP_AV,M,Y50-64,TOTAL,ALL,5,ALL,ALL,2021,1.04547802420948,,,,,,,,ALL_N1,,,,,,,
IT1:DF_DCSS_ISTR_LAV_PEN_2_TV_3(1.0),A,082079,RESPOP_AV,M,Y50-64,TOTAL,ALL,5,ALL,ALL,2022,1.68432650237829,,,,,,,,ALL_N1,,,,,,,
IT1:DF_DCSS_ISTR_LAV_PEN_2_TV_3(1.0),A,082079,RESPOP_AV,M,Y50-64,TOTAL,ALL,5,ALL,ALL,2023,1.1810954071741342,,,,,,,,ALL_N1,,,,,,,
IT1:DF_DCSS_ISTR_LAV_PEN_2_TV_3(1.0),A,082079,RESPOP_AV,M,Y50-64,TOTAL,ALL,5,ALL,ALL,2024,2.2587736536470615,,,,,,,,ALL_N1,,,,,,,
IT1:DF_DCSS_ISTR_LAV_PEN_2_TV_3(1.0),A,082079,RESPOP_AV,M,Y50-64,TOTAL,ALL,7,ALL,ALL,2018,253,,,,,,,,ALL_N1,,,,,,,
IT1:DF_DCSS_ISTR_LAV_PEN_2_TV_3(1.0),A,082079,RESPOP_AV,M,Y50-64,TOTAL,ALL,7,ALL,ALL,2019,228,,,,,,,,ALL_N1,,,,,,,
IT1:DF_DCSS_ISTR_LAV_PEN_2_TV_3(1.0),A,082079,RESPOP_AV,M,Y50-64,TOTAL,ALL,7,ALL,ALL,2021,308.998246333274,,,,,,,,ALL_N1,,,,,,,
IT1:DF_DCSS_ISTR_LAV_PEN_2_TV_3(1.0),A,082079,RESPOP_AV,M,Y50-64,TOTAL,ALL,7,ALL,ALL,2022,341.47145077477,,,,,,,,ALL_N1,,,,,,,
IT1:DF_DCSS_ISTR_LAV_PEN_2_TV_3(1.0),A,082079,RESPOP_AV,M,Y50-64,TOTAL,ALL,7,ALL,ALL,2023,343.8447395900165,,,,,,,,ALL_N1,,,,,,,
IT1:DF_DCSS_ISTR_LAV_PEN_2_TV_3(1.0),A,082079,RESPOP_AV,M,Y50-64,TOTAL,ALL,7,ALL,ALL,2024,322.6623979139324,,,,,,,,ALL_N1,,,,,,,
IT1:DF_DCSS_ISTR_LAV_PEN_2_TV_3(1.0),A,082079,RESPOP_AV,M,Y50-64,TOTAL,ALL,99,ALL,ALL,2018,1860,,,,,,,,ALL_N1,99_N1,,,,,,
IT1:DF_DCSS_ISTR_LAV_PEN_2_TV_3(1.0),A,082079,RESPOP_AV,M,Y50-64,TOTAL,ALL,99,ALL,ALL,2019,1908,,,,,,,,ALL_N1,99_N1,,,,,,
IT1:DF_DCSS_ISTR_LAV_PEN_2_TV_3(1.0),A,082079,RESPOP_AV,M,Y50-64,TOTAL,ALL,99,ALL,ALL,2020,1960,,,,,,,,ALL_N1,99_N1,,,,,,
IT1:DF_DCSS_ISTR_LAV_PEN_2_TV_3(1.0),A,082079,RESPOP_AV,M,Y50-64,TOTAL,ALL,99,ALL,ALL,2021,2035,,,,,,,,ALL_N1,99_N1,,,,,,
IT1:DF_DCSS_ISTR_LAV_PEN_2_TV_3(1.0),A,082079,RESPOP_AV,M,Y50-64,TOTAL,ALL,99,ALL,ALL,2022,2034,,,,,,,,ALL_N1,99_N1,,,,,,
IT1:DF_DCSS_ISTR_LAV_PEN_2_TV_3(1.0),A,082079,RESPOP_AV,M,Y50-64,TOTAL,ALL,99,ALL,ALL,2023,2031,,,,,,,,ALL_N1,99_N1,,,,,,
IT1:DF_DCSS_ISTR_LAV_PEN_2_TV_3(1.0),A,082079,RESPOP_AV,M,Y50-64,TOTAL,ALL,99,ALL,ALL,2024,2031.9999999999998,,,,,,,,ALL_N1,99_N1,,,,,,
IT1:DF_DCSS_ISTR_LAV_PEN_2_TV_3(1.0),A,082079,RESPOP_AV,T,Y_GE15,TOTAL,ALL,1,ALL,ALL,2018,4823,,,,,,,,ALL_N1,,,,,,,
IT1:DF_DCSS_ISTR_LAV_PEN_2_TV_3(1.0),A,082079,RESPOP_AV,T,Y_GE15,TOTAL,ALL,1,ALL,ALL,2019,4976,,,,,,,,ALL_N1,,,,,,,
IT1:DF_DCSS_ISTR_LAV_PEN_2_TV_3(1.0),A,082079,RESPOP_AV,T,Y_GE15,TOTAL,ALL,1,ALL,ALL,2021,5321,,,,,,,,ALL_N1,,,,,,,
IT1:DF_DCSS_ISTR_LAV_PEN_2_TV_3(1.0),A,082079,RESPOP_AV,T,Y_GE15,TOTAL,ALL,1,ALL,ALL,2022,5294,,,,,,,,ALL_N1,,,,,,,
IT1:DF_DCSS_ISTR_LAV_PEN_2_TV_3(1.0),A,082079,RESPOP_AV,T,Y_GE15,TOTAL,ALL,1,ALL,ALL,2023,5345,,,,,,,,ALL_N1,,,,,,,
IT1:DF_DCSS_ISTR_LAV_PEN_2_TV_3(1.0),A,082079,RESPOP_AV,T,Y_GE15,TOTAL,ALL,1,ALL,ALL,2024,5577,,,,,,,,ALL_N1,,,,,,,
IT1:DF_DCSS_ISTR_LAV_PEN_2_TV_3(1.0),A,082079,RESPOP_AV,T,Y_GE15,TOTAL,ALL,12,ALL,ALL,2018,2305,,,,,,,,ALL_N1,,,,,,,
IT1:DF_DCSS_ISTR_LAV_PEN_2_TV_3(1.0),A,082079,RESPOP_AV,T,Y_GE15,TOTAL,ALL,12,ALL,ALL,2019,2342,,,,,,,,ALL_N1,,,,,,,
IT1:DF_DCSS_ISTR_LAV_PEN_2_TV_3(1.0),A,082079,RESPOP_AV,T,Y_GE15,TOTAL,ALL,12,ALL,ALL,2021,1296.83039941853,,,,,,,,ALL_N1,,,,,,,
IT1:DF_DCSS_ISTR_LAV_PEN_2_TV_3(1.0),A,082079,RESPOP_AV,T,Y_GE15,TOTAL,ALL,12,ALL,ALL,2022,1375.92138294466,,,,,,,,ALL_N1,,,,,,,
IT1:DF_DCSS_ISTR_LAV_PEN_2_TV_3(1.0),A,082079,RESPOP_AV,T,Y_GE15,TOTAL,ALL,12,ALL,ALL,2023,1296.1726522939832,,,,,,,,ALL_N1,,,,,,,
IT1:DF_DCSS_ISTR_LAV_PEN_2_TV_3(1.0),A,082079,RESPOP_AV,T,Y_GE15,TOTAL,ALL,12,ALL,ALL,2024,1072.4742900348754,,,,,,,,ALL_N1,,,,,,,
IT1:DF_DCSS_ISTR_LAV_PEN_2_TV_3(1.0),A,082079,RESPOP_AV,T,Y_GE15,TOTAL,ALL,22,ALL,ALL,2018,7128,,,,,,,,ALL_N1,,,,,,,
IT1:DF_DCSS_ISTR_LAV_PEN_2_TV_3(1.0),A,082079,RESPOP_AV,T,Y_GE15,TOTAL,ALL,22,ALL,ALL,2019,7318,,,,,,,,ALL_N1,,,,,,,
IT1:DF_DCSS_ISTR_LAV_PEN_2_TV_3(1.0),A,082079,RESPOP_AV,T,Y_GE15,TOTAL,ALL,22,ALL,ALL,2021,6617.83039941853,,,,,,,,ALL_N1,,,,,,,
IT1:DF_DCSS_ISTR_LAV_PEN_2_TV_3(1.0),A,082079,RESPOP_AV,T,Y_GE15,TOTAL,ALL,22,ALL,ALL,2022,6669.92138294466,,,,,,,,ALL_N1,,,,,,,
IT1:DF_DCSS_ISTR_LAV_PEN_2_TV_3(1.0),A,082079,RESPOP_AV,T,Y_GE15,TOTAL,ALL,22,ALL,ALL,2023,6641.172652293983,,,,,,,,ALL_N1,,,,,,,
IT1:DF_DCSS_ISTR_LAV_PEN_2_TV_3(1.0),A,082079,RESPOP_AV,T,Y_GE15,TOTAL,ALL,22,ALL,ALL,2024,6649.474290034876,,,,,,,,ALL_N1,,,,,,,
IT1:DF_DCSS_ISTR_LAV_PEN_2_TV_3(1.0),A,082079,RESPOP_AV,T,Y_GE15,TOTAL,ALL,23,ALL,ALL,2018,8901,,,,,,,,ALL_N1,,,,,,,
IT1:DF_DCSS_ISTR_LAV_PEN_2_TV_3(1.0),A,082079,RESPOP_AV,T,Y_GE15,TOTAL,ALL,23,ALL,ALL,2019,8762,,,,,,,,ALL_N1,,,,,,,
IT1:DF_DCSS_ISTR_LAV_PEN_2_TV_3(1.0),A,082079,RESPOP_AV,T,Y_GE15,TOTAL,ALL,23,ALL,ALL,2021,9542.16960058147,,,,,,,,ALL_N1,,,,,,,
IT1:DF_DCSS_ISTR_LAV_PEN_2_TV_3(1.0),A,082079,RESPOP_AV,T,Y_GE15,TOTAL,ALL,23,ALL,ALL,2022,9471.07861705534,,,,,,,,ALL_N1,,,,,,,
IT1:DF_DCSS_ISTR_LAV_PEN_2_TV_3(1.0),A,082079,RESPOP_AV,T,Y_GE15,TOTAL,ALL,23,ALL,ALL,2023,9455.827347706016,,,,,,,,ALL_N1,,,,,,,
IT1:DF_DCSS_ISTR_LAV_PEN_2_TV_3(1.0),A,082079,RESPOP_AV,T,Y_GE15,TOTAL,ALL,23,ALL,ALL,2024,9525.525709965124,,,,,,,,ALL_N1,,,,,,,
IT1:DF_DCSS_ISTR_LAV_PEN_2_TV_3(1.0),A,082079,RESPOP_AV,T,Y_GE15,TOTAL,ALL,24,ALL,ALL,2018,1908,,,,,,,,ALL_N1,,,,,,,
IT1:DF_DCSS_ISTR_LAV_PEN_2_TV_3(1.0),A,082079,RESPOP_AV,T,Y_GE15,TOTAL,ALL,24,ALL,ALL,2019,1954,,,,,,,,ALL_N1,,,,,,,
IT1:DF_DCSS_ISTR_LAV_PEN_2_TV_3(1.0),A,082079,RESPOP_AV,T,Y_GE15,TOTAL,ALL,24,ALL,ALL,2021,2135.09287918212,,,,,,,,ALL_N1,,,,,,,
IT1:DF_DCSS_ISTR_LAV_PEN_2_TV_3(1.0),A,082079,RESPOP_AV,T,Y_GE15,TOTAL,ALL,24,ALL,ALL,2022,1875.70637390381,,,,,,,,ALL_N1,,,,,,,
IT1:DF_DCSS_ISTR_LAV_PEN_2_TV_3(1.0),A,082079,RESPOP_AV,T,Y_GE15,TOTAL,ALL,24,ALL,ALL,2023,1801.6818541236537,,,,,,,,ALL_N1,,,,,,,
IT1:DF_DCSS_ISTR_LAV_PEN_2_TV_3(1.0),A,082079,RESPOP_AV,T,Y_GE15,TOTAL,ALL,24,ALL,ALL,2024,2134.060444892898,,,,,,,,ALL_N1,,,,,,,
IT1:DF_DCSS_ISTR_LAV_PEN_2_TV_3(1.0),A,082079,RESPOP_AV,T,Y_GE15,TOTAL,ALL,4,ALL,ALL,2018,3977,,,,,,,,ALL_N1,,,,,,,
IT1:DF_DCSS_ISTR_LAV_PEN_2_TV_3(1.0),A,082079,RESPOP_AV,T,Y_GE15,TOTAL,ALL,4,ALL,ALL,2019,4027,,,,,,,,ALL_N1,,,,,,,
IT1:DF_DCSS_ISTR_LAV_PEN_2_TV_3(1.0),A,082079,RESPOP_AV,T,Y_GE15,TOTAL,ALL,4,ALL,ALL,2021,4327.5813924654,,,,,,,,ALL_N1,,,,,,,
IT1:DF_DCSS_ISTR_LAV_PEN_2_TV_3(1.0),A,082079,RESPOP_AV,T,Y_GE15,TOTAL,ALL,4,ALL,ALL,2022,4194.08802635266,,,,,,,,ALL_N1,,,,,,,
IT1:DF_DCSS_ISTR_LAV_PEN_2_TV_3(1.0),A,082079,RESPOP_AV,T,Y_GE15,TOTAL,ALL,4,ALL,ALL,2023,4281.423316175444,,,,,,,,ALL_N1,,,,,,,
IT1:DF_DCSS_ISTR_LAV_PEN_2_TV_3(1.0),A,082079,RESPOP_AV,T,Y_GE15,TOTAL,ALL,4,ALL,ALL,2024,4032.5968280657585,,,,,,,,ALL_N1,,,,,,,
IT1:DF_DCSS_ISTR_LAV_PEN_2_TV_3(1.0),A,082079,RESPOP_AV,T,Y_GE15,TOTAL,ALL,5,ALL,ALL,2018,1328,,,,,,,,ALL_N1,,,,,,,
IT1:DF_DCSS_ISTR_LAV_PEN_2_TV_3(1.0),A,082079,RESPOP_AV,T,Y_GE15,TOTAL,ALL,5,ALL,ALL,2019,1367,,,,,,,,ALL_N1,,,,,,,
IT1:DF_DCSS_ISTR_LAV_PEN_2_TV_3(1.0),A,082079,RESPOP_AV,T,Y_GE15,TOTAL,ALL,5,ALL,ALL,2021,1418.38765246824,,,,,,,,ALL_N1,,,,,,,
IT1:DF_DCSS_ISTR_LAV_PEN_2_TV_3(1.0),A,082079,RESPOP_AV,T,Y_GE15,TOTAL,ALL,5,ALL,ALL,2022,1475.22086682688,,,,,,,,ALL_N1,,,,,,,
IT1:DF_DCSS_ISTR_LAV_PEN_2_TV_3(1.0),A,082079,RESPOP_AV,T,Y_GE15,TOTAL,ALL,5,ALL,ALL,2023,1342.2364640573812,,,,,,,,ALL_N1,,,,,,,
IT1:DF_DCSS_ISTR_LAV_PEN_2_TV_3(1.0),A,082079,RESPOP_AV,T,Y_GE15,TOTAL,ALL,5,ALL,ALL,2024,1438.8486797470885,,,,,,,,ALL_N1,,,,,,,
IT1:DF_DCSS_ISTR_LAV_PEN_2_TV_3(1.0),A,082079,RESPOP_AV,T,Y_GE15,TOTAL,ALL,7,ALL,ALL,2018,1688,,,,,,,,ALL_N1,,,,,,,
IT1:DF_DCSS_ISTR_LAV_PEN_2_TV_3(1.0),A,082079,RESPOP_AV,T,Y_GE15,TOTAL,ALL,7,ALL,ALL,2019,1414,,,,,,,,ALL_N1,,,,,,,
IT1:DF_DCSS_ISTR_LAV_PEN_2_TV_3(1.0),A,082079,RESPOP_AV,T,Y_GE15,TOTAL,ALL,7,ALL,ALL,2021,1661.1076764657,,,,,,,,ALL_N1,,,,,,,
IT1:DF_DCSS_ISTR_LAV_PEN_2_TV_3(1.0),A,082079,RESPOP_AV,T,Y_GE15,TOTAL,ALL,7,ALL,ALL,2022,1926.063349972,,,,,,,,ALL_N1,,,,,,,
IT1:DF_DCSS_ISTR_LAV_PEN_2_TV_3(1.0),A,082079,RESPOP_AV,T,Y_GE15,TOTAL,ALL,7,ALL,ALL,2023,2030.4857133495373,,,,,,,,ALL_N1,,,,,,,
IT1:DF_DCSS_ISTR_LAV_PEN_2_TV_3(1.0),A,082079,RESPOP_AV,T,Y_GE15,TOTAL,ALL,7,ALL,ALL,2024,1920.0197572593795,,,,,,,,ALL_N1,,,,,,,
IT1:DF_DCSS_ISTR_LAV_PEN_2_TV_3(1.0),A,082079,RESPOP_AV,T,Y_GE15,TOTAL,ALL,99,ALL,ALL,2018,16029,,,,,,,,ALL_N1,99_N1,,,,,,
IT1:DF_DCSS_ISTR_LAV_PEN_2_TV_3(1.0),A,082079,RESPOP_AV,T,Y_GE15,TOTAL,ALL,99,ALL,ALL,2019,16080,,,,,,,,ALL_N1,99_N1,,,,,,
IT1:DF_DCSS_ISTR_LAV_PEN_2_TV_3(1.0),A,082079,RESPOP_AV,T,Y_GE15,TOTAL,ALL,99,ALL,ALL,2021,16160,,,,,,,,ALL_N1,99_N1,,,,,,
IT1:DF_DCSS_ISTR_LAV_PEN_2_TV_3(1.0),A,082079,RESPOP_AV,T,Y_GE15,TOTAL,ALL,99,ALL,ALL,2022,16141,,,,,,,,ALL_N1,99_N1,,,,,,
IT1:DF_DCSS_ISTR_LAV_PEN_2_TV_3(1.0),A,082079,RESPOP_AV,T,Y_GE15,TOTAL,ALL,99,ALL,ALL,2023,16097,,,,,,,,ALL_N1,99_N1,,,,,,
IT1:DF_DCSS_ISTR_LAV_PEN_2_TV_3(1.0),A,082079,RESPOP_AV,T,Y_GE15,TOTAL,ALL,99,ALL,ALL,2024,16175,,,,,,,,ALL_N1,99_N1,,,,,,
IT1:DF_DCSS_ISTR_LAV_PEN_2_TV_3(1.0),A,082079,RESPOP_AV,T,Y_GE65,TOTAL,ALL,1,ALL,ALL,2018,136,,,,,,,,ALL_N1,,,,,,,
IT1:DF_DCSS_ISTR_LAV_PEN_2_TV_3(1.0),A,082079,RESPOP_AV,T,Y_GE65,TOTAL,ALL,1,ALL,ALL,2019,155,,,,,,,,ALL_N1,,,,,,,
IT1:DF_DCSS_ISTR_LAV_PEN_2_TV_3(1.0),A,082079,RESPOP_AV,T,Y_GE65,TOTAL,ALL,1,ALL,ALL,2021,140,,,,,,,,ALL_N1,,,,,,,
IT1:DF_DCSS_ISTR_LAV_PEN_2_TV_3(1.0),A,082079,RESPOP_AV,T,Y_GE65,TOTAL,ALL,1,ALL,ALL,2022,159,,,,,,,,ALL_N1,,,,,,,
IT1:DF_DCSS_ISTR_LAV_PEN_2_TV_3(1.0),A,082079,RESPOP_AV,T,Y_GE65,TOTAL,ALL,1,ALL,ALL,2023,184,,,,,,,,ALL_N1,,,,,,,
IT1:DF_DCSS_ISTR_LAV_PEN_2_TV_3(1.0),A,082079,RESPOP_AV,T,Y_GE65,TOTAL,ALL,1,ALL,ALL,2024,188,,,,,,,,ALL_N1,,,,,,,
IT1:DF_DCSS_ISTR_LAV_PEN_2_TV_3(1.0),A,082079,RESPOP_AV,T,Y_GE65,TOTAL,ALL,12,ALL,ALL,2018,14,,,,,,,,ALL_N1,,,,,,,
IT1:DF_DCSS_ISTR_LAV_PEN_2_TV_3(1.0),A,082079,RESPOP_AV,T,Y_GE65,TOTAL,ALL,12,ALL,ALL,2019,18,,,,,,,,ALL_N1,,,,,,,
IT1:DF_DCSS_ISTR_LAV_PEN_2_TV_3(1.0),A,082079,RESPOP_AV,T,Y_GE65,TOTAL,ALL,12,ALL,ALL,2021,9.73845334657474,,,,,,,,ALL_N1,,,,,,,
IT1:DF_DCSS_ISTR_LAV_PEN_2_TV_3(1.0),A,082079,RESPOP_AV,T,Y_GE65,TOTAL,ALL,12,ALL,ALL,2022,6.90541412739782,,,,,,,,ALL_N1,,,,,,,
IT1:DF_DCSS_ISTR_LAV_PEN_2_TV_3(1.0),A,082079,RESPOP_AV,T,Y_GE65,TOTAL,ALL,12,ALL,ALL,2023,7.693425785864103,,,,,,,,ALL_N1,,,,,,,
IT1:DF_DCSS_ISTR_LAV_PEN_2_TV_3(1.0),A,082079,RESPOP_AV,T,Y_GE65,TOTAL,ALL,12,ALL,ALL,2024,7.602317501029979,,,,,,,,ALL_N1,,,,,,,
IT1:DF_DCSS_ISTR_LAV_PEN_2_TV_3(1.0),A,082079,RESPOP_AV,T,Y_GE65,TOTAL,ALL,22,ALL,ALL,2018,150,,,,,,,,ALL_N1,,,,,,,
IT1:DF_DCSS_ISTR_LAV_PEN_2_TV_3(1.0),A,082079,RESPOP_AV,T,Y_GE65,TOTAL,ALL,22,ALL,ALL,2019,173,,,,,,,,ALL_N1,,,,,,,
IT1:DF_DCSS_ISTR_LAV_PEN_2_TV_3(1.0),A,082079,RESPOP_AV,T,Y_GE65,TOTAL,ALL,22,ALL,ALL,2021,149.738453346575,,,,,,,,ALL_N1,,,,,,,
IT1:DF_DCSS_ISTR_LAV_PEN_2_TV_3(1.0),A,082079,RESPOP_AV,T,Y_GE65,TOTAL,ALL,22,ALL,ALL,2022,165.905414127398,,,,,,,,ALL_N1,,,,,,,
IT1:DF_DCSS_ISTR_LAV_PEN_2_TV_3(1.0),A,082079,RESPOP_AV,T,Y_GE65,TOTAL,ALL,22,ALL,ALL,2023,191.6934257858641,,,,,,,,ALL_N1,,,,,,,
IT1:DF_DCSS_ISTR_LAV_PEN_2_TV_3(1.0),A,082079,RESPOP_AV,T,Y_GE65,TOTAL,ALL,22,ALL,ALL,2024,195.60231750102997,,,,,,,,ALL_N1,,,,,,,
IT1:DF_DCSS_ISTR_LAV_PEN_2_TV_3(1.0),A,082079,RESPOP_AV,T,Y_GE65,TOTAL,ALL,23,ALL,ALL,2018,2728,,,,,,,,ALL_N1,,,,,,,
IT1:DF_DCSS_ISTR_LAV_PEN_2_TV_3(1.0),A,082079,RESPOP_AV,T,Y_GE65,TOTAL,ALL,23,ALL,ALL,2019,2812,,,,,,,,ALL_N1,,,,,,,
IT1:DF_DCSS_ISTR_LAV_PEN_2_TV_3(1.0),A,082079,RESPOP_AV,T,Y_GE65,TOTAL,ALL,23,ALL,ALL,2021,2966.26154665342,,,,,,,,ALL_N1,,,,,,,
IT1:DF_DCSS_ISTR_LAV_PEN_2_TV_3(1.0),A,082079,RESPOP_AV,T,Y_GE65,TOTAL,ALL,23,ALL,ALL,2022,3042.0945858726,,,,,,,,ALL_N1,,,,,,,
IT1:DF_DCSS_ISTR_LAV_PEN_2_TV_3(1.0),A,082079,RESPOP_AV,T,Y_GE65,TOTAL,ALL,23,ALL,ALL,2023,3090.3065742141357,,,,,,,,ALL_N1,,,,,,,
IT1:DF_DCSS_ISTR_LAV_PEN_2_TV_3(1.0),A,082079,RESPOP_AV,T,Y_GE65,TOTAL,ALL,23,ALL,ALL,2024,3247.3976824989704,,,,,,,,ALL_N1,,,,,,,
IT1:DF_DCSS_ISTR_LAV_PEN_2_TV_3(1.0),A,082079,RESPOP_AV,T,Y_GE65,TOTAL,ALL,24,ALL,ALL,2018,1667,,,,,,,,ALL_N1,,,,,,,
IT1:DF_DCSS_ISTR_LAV_PEN_2_TV_3(1.0),A,082079,RESPOP_AV,T,Y_GE65,TOTAL,ALL,24,ALL,ALL,2019,1700,,,,,,,,ALL_N1,,,,,,,
IT1:DF_DCSS_ISTR_LAV_PEN_2_TV_3(1.0),A,082079,RESPOP_AV,T,Y_GE65,TOTAL,ALL,24,ALL,ALL,2021,1855.20121399228,,,,,,,,ALL_N1,,,,,,,
IT1:DF_DCSS_ISTR_LAV_PEN_2_TV_3(1.0),A,082079,RESPOP_AV,T,Y_GE65,TOTAL,ALL,24,ALL,ALL,2022,1683.02604928038,,,,,,,,ALL_N1,,,,,,,
IT1:DF_DCSS_ISTR_LAV_PEN_2_TV_3(1.0),A,082079,RESPOP_AV,T,Y_GE65,TOTAL,ALL,24,ALL,ALL,2023,1622.4528723866615,,,,,,,,ALL_N1,,,,,,,
IT1:DF_DCSS_ISTR_LAV_PEN_2_TV_3(1.0),A,082079,RESPOP_AV,T,Y_GE65,TOTAL,ALL,24,ALL,ALL,2024,1908.6829929522228,,,,,,,,ALL_N1,,,,,,,
IT1:DF_DCSS_ISTR_LAV_PEN_2_TV_3(1.0),A,082079,RESPOP_AV,T,Y_GE65,TOTAL,ALL,4,ALL,ALL,2018,623,,,,,,,,ALL_N1,,,,,,,
IT1:DF_DCSS_ISTR_LAV_PEN_2_TV_3(1.0),A,082079,RESPOP_AV,T,Y_GE65,TOTAL,ALL,4,ALL,ALL,2019,714,,,,,,,,ALL_N1,,,,,,,
IT1:DF_DCSS_ISTR_LAV_PEN_2_TV_3(1.0),A,082079,RESPOP_AV,T,Y_GE65,TOTAL,ALL,4,ALL,ALL,2021,717.444004866701,,,,,,,,ALL_N1,,,,,,,
IT1:DF_DCSS_ISTR_LAV_PEN_2_TV_3(1.0),A,082079,RESPOP_AV,T,Y_GE65,TOTAL,ALL,4,ALL,ALL,2022,796.467799785276,,,,,,,,ALL_N1,,,,,,,
IT1:DF_DCSS_ISTR_LAV_PEN_2_TV_3(1.0),A,082079,RESPOP_AV,T,Y_GE65,TOTAL,ALL,4,ALL,ALL,2023,838.3393251853252,,,,,,,,ALL_N1,,,,,,,
IT1:DF_DCSS_ISTR_LAV_PEN_2_TV_3(1.0),A,082079,RESPOP_AV,T,Y_GE65,TOTAL,ALL,4,ALL,ALL,2024,797.5441799107925,,,,,,,,ALL_N1,,,,,,,
IT1:DF_DCSS_ISTR_LAV_PEN_2_TV_3(1.0),A,082079,RESPOP_AV,T,Y_GE65,TOTAL,ALL,5,ALL,ALL,2018,0,JTEST,,,,,,,ALL_N1,,,,,,,
IT1:DF_DCSS_ISTR_LAV_PEN_2_TV_3(1.0),A,082079,RESPOP_AV,T,Y_GE65,TOTAL,ALL,5,ALL,ALL,2019,0,JTEST,,,,,,,ALL_N1,,,,,,,
IT1:DF_DCSS_ISTR_LAV_PEN_2_TV_3(1.0),A,082079,RESPOP_AV,T,Y_GE65,TOTAL,ALL,5,ALL,ALL,2021,1.61524090547677E-05,,,,,,,,ALL_N1,,,,,,,
IT1:DF_DCSS_ISTR_LAV_PEN_2_TV_3(1.0),A,082079,RESPOP_AV,T,Y_GE65,TOTAL,ALL,5,ALL,ALL,2022,0.409598115097811,,,,,,,,ALL_N1,,,,,,,
IT1:DF_DCSS_ISTR_LAV_PEN_2_TV_3(1.0),A,082079,RESPOP_AV,T,Y_GE65,TOTAL,ALL,5,ALL,ALL,2023,0.5920675885399134,,,,,,,,ALL_N1,,,,,,,
IT1:DF_DCSS_ISTR_LAV_PEN_2_TV_3(1.0),A,082079,RESPOP_AV,T,Y_GE65,TOTAL,ALL,5,ALL,ALL,2024,0.35281121652590397,,,,,,,,ALL_N1,,,,,,,
IT1:DF_DCSS_ISTR_LAV_PEN_2_TV_3(1.0),A,082079,RESPOP_AV,T,Y_GE65,TOTAL,ALL,7,ALL,ALL,2018,438,,,,,,,,ALL_N1,,,,,,,
IT1:DF_DCSS_ISTR_LAV_PEN_2_TV_3(1.0),A,082079,RESPOP_AV,T,Y_GE65,TOTAL,ALL,7,ALL,ALL,2019,398,,,,,,,,ALL_N1,,,,,,,
IT1:DF_DCSS_ISTR_LAV_PEN_2_TV_3(1.0),A,082079,RESPOP_AV,T,Y_GE65,TOTAL,ALL,7,ALL,ALL,2021,393.616311642033,,,,,,,,ALL_N1,,,,,,,
IT1:DF_DCSS_ISTR_LAV_PEN_2_TV_3(1.0),A,082079,RESPOP_AV,T,Y_GE65,TOTAL,ALL,7,ALL,ALL,2022,562.191138691849,,,,,,,,ALL_N1,,,,,,,
IT1:DF_DCSS_ISTR_LAV_PEN_2_TV_3(1.0),A,082079,RESPOP_AV,T,Y_GE65,TOTAL,ALL,7,ALL,ALL,2023,628.9223090536093,,,,,,,,ALL_N1,,,,,,,
IT1:DF_DCSS_ISTR_LAV_PEN_2_TV_3(1.0),A,082079,RESPOP_AV,T,Y_GE65,TOTAL,ALL,7,ALL,ALL,2024,540.8176984194291,,,,,,,,ALL_N1,,,,,,,
IT1:DF_DCSS_ISTR_LAV_PEN_2_TV_3(1.0),A,082079,RESPOP_AV,T,Y_GE65,TOTAL,ALL,99,ALL,ALL,2018,2878,,,,,,,,ALL_N1,99_N1,,,,,,
IT1:DF_DCSS_ISTR_LAV_PEN_2_TV_3(1.0),A,082079,RESPOP_AV,T,Y_GE65,TOTAL,ALL,99,ALL,ALL,2019,2985,,,,,,,,ALL_N1,99_N1,,,,,,
IT1:DF_DCSS_ISTR_LAV_PEN_2_TV_3(1.0),A,082079,RESPOP_AV,T,Y_GE65,TOTAL,ALL,99,ALL,ALL,2020,3102,,,,,,,,ALL_N1,99_N1,,,,,,
IT1:DF_DCSS_ISTR_LAV_PEN_2_TV_3(1.0),A,082079,RESPOP_AV,T,Y_GE65,TOTAL,ALL,99,ALL,ALL,2021,3116,,,,,,,,ALL_N1,99_N1,,,,,,
IT1:DF_DCSS_ISTR_LAV_PEN_2_TV_3(1.0),A,082079,RESPOP_AV,T,Y_GE65,TOTAL,ALL,99,ALL,ALL,2022,3208,,,,,,,,ALL_N1,99_N1,,,,,,
IT1:DF_DCSS_ISTR_LAV_PEN_2_TV_3(1.0),A,082079,RESPOP_AV,T,Y_GE65,TOTAL,ALL,99,ALL,ALL,2023,3282,,,,,,,,ALL_N1,99_N1,,,,,,
IT1:DF_DCSS_ISTR_LAV_PEN_2_TV_3(1.0),A,082079,RESPOP_AV,T,Y_GE65,TOTAL,ALL,99,ALL,ALL,2024,3443,,,,,,,,ALL_N1,99_N1,,,,,,
IT1:DF_DCSS_ISTR_LAV_PEN_2_TV_3(1.0),A,082079,RESPOP_AV,T,Y15-24,TOTAL,ALL,1,ALL,ALL,2018,213,,,,,,,,ALL_N1,,,,,,,
IT1:DF_DCSS_ISTR_LAV_PEN_2_TV_3(1.0),A,082079,RESPOP_AV,T,Y15-24,TOTAL,ALL,1,ALL,ALL,2019,229,,,,,,,,ALL_N1,,,,,,,
IT1:DF_DCSS_ISTR_LAV_PEN_2_TV_3(1.0),A,082079,RESPOP_AV,T,Y15-24,TOTAL,ALL,1,ALL,ALL,2021,248,,,,,,,,ALL_N1,,,,,,,
IT1:DF_DCSS_ISTR_LAV_PEN_2_TV_3(1.0),A,082079,RESPOP_AV,T,Y15-24,TOTAL,ALL,1,ALL,ALL,2022,283,,,,,,,,ALL_N1,,,,,,,
IT1:DF_DCSS_ISTR_LAV_PEN_2_TV_3(1.0),A,082079,RESPOP_AV,T,Y15-24,TOTAL,ALL,1,ALL,ALL,2023,319,,,,,,,,ALL_N1,,,,,,,
IT1:DF_DCSS_ISTR_LAV_PEN_2_TV_3(1.0),A,082079,RESPOP_AV,T,Y15-24,TOTAL,ALL,1,ALL,ALL,2024,329,,,,,,,,ALL_N1,,,,,,,
IT1:DF_DCSS_ISTR_LAV_PEN_2_TV_3(1.0),A,082079,RESPOP_AV,T,Y15-24,TOTAL,ALL,12,ALL,ALL,2018,484,,,,,,,,ALL_N1,,,,,,,
IT1:DF_DCSS_ISTR_LAV_PEN_2_TV_3(1.0),A,082079,RESPOP_AV,T,Y15-24,TOTAL,ALL,12,ALL,ALL,2019,498,,,,,,,,ALL_N1,,,,,,,
IT1:DF_DCSS_ISTR_LAV_PEN_2_TV_3(1.0),A,082079,RESPOP_AV,T,Y15-24,TOTAL,ALL,12,ALL,ALL,2021,271.468333798989,,,,,,,,ALL_N1,,,,,,,
IT1:DF_DCSS_ISTR_LAV_PEN_2_TV_3(1.0),A,082079,RESPOP_AV,T,Y15-24,TOTAL,ALL,12,ALL,ALL,2022,292.293960642745,,,,,,,,ALL_N1,,,,,,,
IT1:DF_DCSS_ISTR_LAV_PEN_2_TV_3(1.0),A,082079,RESPOP_AV,T,Y15-24,TOTAL,ALL,12,ALL,ALL,2023,306.448995778839,,,,,,,,ALL_N1,,,,,,,
IT1:DF_DCSS_ISTR_LAV_PEN_2_TV_3(1.0),A,082079,RESPOP_AV,T,Y15-24,TOTAL,ALL,12,ALL,ALL,2024,232.86510564080143,,,,,,,,ALL_N1,,,,,,,
IT1:DF_DCSS_ISTR_LAV_PEN_2_TV_3(1.0),A,082079,RESPOP_AV,T,Y15-24,TOTAL,ALL,22,ALL,ALL,2018,697,,,,,,,,ALL_N1,,,,,,,
IT1:DF_DCSS_ISTR_LAV_PEN_2_TV_3(1.0),A,082079,RESPOP_AV,T,Y15-24,TOTAL,ALL,22,ALL,ALL,2019,727,,,,,,,,ALL_N1,,,,,,,
IT1:DF_DCSS_ISTR_LAV_PEN_2_TV_3(1.0),A,082079,RESPOP_AV,T,Y15-24,TOTAL,ALL,22,ALL,ALL,2021,519.468333798989,,,,,,,,ALL_N1,,,,,,,
IT1:DF_DCSS_ISTR_LAV_PEN_2_TV_3(1.0),A,082079,RESPOP_AV,T,Y15-24,TOTAL,ALL,22,ALL,ALL,2022,575.293960642745,,,,,,,,ALL_N1,,,,,,,
IT1:DF_DCSS_ISTR_LAV_PEN_2_TV_3(1.0),A,082079,RESPOP_AV,T,Y15-24,TOTAL,ALL,22,ALL,ALL,2023,625.4489957788389,,,,,,,,ALL_N1,,,,,,,
IT1:DF_DCSS_ISTR_LAV_PEN_2_TV_3(1.0),A,082079,RESPOP_AV,T,Y15-24,TOTAL,ALL,22,ALL,ALL,2024,561.8651056408014,,,,,,,,ALL_N1,,,,,,,
IT1:DF_DCSS_ISTR_LAV_PEN_2_TV_3(1.0),A,082079,RESPOP_AV,T,Y15-24,TOTAL,ALL,23,ALL,ALL,2018,1691,,,,,,,,ALL_N1,,,,,,,
IT1:DF_DCSS_ISTR_LAV_PEN_2_TV_3(1.0),A,082079,RESPOP_AV,T,Y15-24,TOTAL,ALL,23,ALL,ALL,2019,1638,,,,,,,,ALL_N1,,,,,,,
IT1:DF_DCSS_ISTR_LAV_PEN_2_TV_3(1.0),A,082079,RESPOP_AV,T,Y15-24,TOTAL,ALL,23,ALL,ALL,2021,1755.53166620101,,,,,,,,ALL_N1,,,,,,,
IT1:DF_DCSS_ISTR_LAV_PEN_2_TV_3(1.0),A,082079,RESPOP_AV,T,Y15-24,TOTAL,ALL,23,ALL,ALL,2022,1699.70603935726,,,,,,,,ALL_N1,,,,,,,
IT1:DF_DCSS_ISTR_LAV_PEN_2_TV_3(1.0),A,082079,RESPOP_AV,T,Y15-24,TOTAL,ALL,23,ALL,ALL,2023,1687.5510042211613,,,,,,,,ALL_N1,,,,,,,
IT1:DF_DCSS_ISTR_LAV_PEN_2_TV_3(1.0),A,082079,RESPOP_AV,T,Y15-24,TOTAL,ALL,23,ALL,ALL,2024,1764.1348943591986,,,,,,,,ALL_N1,,,,,,,
IT1:DF_DCSS_ISTR_LAV_PEN_2_TV_3(1.0),A,082079,RESPOP_AV,T,Y15-24,TOTAL,ALL,24,ALL,ALL,2018,3,,,,,,,,ALL_N1,,,,,,,
IT1:DF_DCSS_ISTR_LAV_PEN_2_TV_3(1.0),A,082079,RESPOP_AV,T,Y15-24,TOTAL,ALL,24,ALL,ALL,2019,4,,,,,,,,ALL_N1,,,,,,,
IT1:DF_DCSS_ISTR_LAV_PEN_2_TV_3(1.0),A,082079,RESPOP_AV,T,Y15-24,TOTAL,ALL,24,ALL,ALL,2021,3.34685844807188,,,,,,,,ALL_N1,,,,,,,
IT1:DF_DCSS_ISTR_LAV_PEN_2_TV_3(1.0),A,082079,RESPOP_AV,T,Y15-24,TOTAL,ALL,24,ALL,ALL,2022,3.05606006806525,,,,,,,,ALL_N1,,,,,,,
IT1:DF_DCSS_ISTR_LAV_PEN_2_TV_3(1.0),A,082079,RESPOP_AV,T,Y15-24,TOTAL,ALL,24,ALL,ALL,2023,3.122727355495194,,,,,,,,ALL_N1,,,,,,,
IT1:DF_DCSS_ISTR_LAV_PEN_2_TV_3(1.0),A,082079,RESPOP_AV,T,Y15-24,TOTAL,ALL,24,ALL,ALL,2024,6.270292064660122,,,,,,,,ALL_N1,,,,,,,
IT1:DF_DCSS_ISTR_LAV_PEN_2_TV_3(1.0),A,082079,RESPOP_AV,T,Y15-24,TOTAL,ALL,4,ALL,ALL,2018,217,,,,,,,,ALL_N1,,,,,,,
IT1:DF_DCSS_ISTR_LAV_PEN_2_TV_3(1.0),A,082079,RESPOP_AV,T,Y15-24,TOTAL,ALL,4,ALL,ALL,2019,213,,,,,,,,ALL_N1,,,,,,,
IT1:DF_DCSS_ISTR_LAV_PEN_2_TV_3(1.0),A,082079,RESPOP_AV,T,Y15-24,TOTAL,ALL,4,ALL,ALL,2021,264.463378315711,,,,,,,,ALL_N1,,,,,,,
IT1:DF_DCSS_ISTR_LAV_PEN_2_TV_3(1.0),A,082079,RESPOP_AV,T,Y15-24,TOTAL,ALL,4,ALL,ALL,2022,187.266261027985,,,,,,,,ALL_N1,,,,,,,
IT1:DF_DCSS_ISTR_LAV_PEN_2_TV_3(1.0),A,082079,RESPOP_AV,T,Y15-24,TOTAL,ALL,4,ALL,ALL,2023,220.82994364694235,,,,,,,,ALL_N1,,,,,,,
IT1:DF_DCSS_ISTR_LAV_PEN_2_TV_3(1.0),A,082079,RESPOP_AV,T,Y15-24,TOTAL,ALL,4,ALL,ALL,2024,205.29032174582082,,,,,,,,ALL_N1,,,,,,,
IT1:DF_DCSS_ISTR_LAV_PEN_2_TV_3(1.0),A,082079,RESPOP_AV,T,Y15-24,TOTAL,ALL,5,ALL,ALL,2018,1183,,,,,,,,ALL_N1,,,,,,,
IT1:DF_DCSS_ISTR_LAV_PEN_2_TV_3(1.0),A,082079,RESPOP_AV,T,Y15-24,TOTAL,ALL,5,ALL,ALL,2019,1223,,,,,,,,ALL_N1,,,,,,,
IT1:DF_DCSS_ISTR_LAV_PEN_2_TV_3(1.0),A,082079,RESPOP_AV,T,Y15-24,TOTAL,ALL,5,ALL,ALL,2021,1261.08002497914,,,,,,,,ALL_N1,,,,,,,
IT1:DF_DCSS_ISTR_LAV_PEN_2_TV_3(1.0),A,082079,RESPOP_AV,T,Y15-24,TOTAL,ALL,5,ALL,ALL,2022,1283.70445617827,,,,,,,,ALL_N1,,,,,,,
IT1:DF_DCSS_ISTR_LAV_PEN_2_TV_3(1.0),A,082079,RESPOP_AV,T,Y15-24,TOTAL,ALL,5,ALL,ALL,2023,1208.3788946309367,,,,,,,,ALL_N1,,,,,,,
IT1:DF_DCSS_ISTR_LAV_PEN_2_TV_3(1.0),A,082079,RESPOP_AV,T,Y15-24,TOTAL,ALL,5,ALL,ALL,2024,1284.90383091238,,,,,,,,ALL_N1,,,,,,,
IT1:DF_DCSS_ISTR_LAV_PEN_2_TV_3(1.0),A,082079,RESPOP_AV,T,Y15-24,TOTAL,ALL,7,ALL,ALL,2018,288,,,,,,,,ALL_N1,,,,,,,
IT1:DF_DCSS_ISTR_LAV_PEN_2_TV_3(1.0),A,082079,RESPOP_AV,T,Y15-24,TOTAL,ALL,7,ALL,ALL,2019,198,,,,,,,,ALL_N1,,,,,,,
IT1:DF_DCSS_ISTR_LAV_PEN_2_TV_3(1.0),A,082079,RESPOP_AV,T,Y15-24,TOTAL,ALL,7,ALL,ALL,2021,226.641404458091,,,,,,,,ALL_N1,,,,,,,
IT1:DF_DCSS_ISTR_LAV_PEN_2_TV_3(1.0),A,082079,RESPOP_AV,T,Y15-24,TOTAL,ALL,7,ALL,ALL,2022,225.679262082931,,,,,,,,ALL_N1,,,,,,,
IT1:DF_DCSS_ISTR_LAV_PEN_2_TV_3(1.0),A,082079,RESPOP_AV,T,Y15-24,TOTAL,ALL,7,ALL,ALL,2023,255.21943858778704,,,,,,,,ALL_N1,,,,,,,
IT1:DF_DCSS_ISTR_LAV_PEN_2_TV_3(1.0),A,082079,RESPOP_AV,T,Y15-24,TOTAL,ALL,7,ALL,ALL,2024,267.67044963633754,,,,,,,,ALL_N1,,,,,,,
IT1:DF_DCSS_ISTR_LAV_PEN_2_TV_3(1.0),A,082079,RESPOP_AV,T,Y15-24,TOTAL,ALL,99,ALL,ALL,2018,2388,,,,,,,,ALL_N1,99_N1,,,,,,
IT1:DF_DCSS_ISTR_LAV_PEN_2_TV_3(1.0),A,082079,RESPOP_AV,T,Y15-24,TOTAL,ALL,99,ALL,ALL,2019,2365,,,,,,,,ALL_N1,99_N1,,,,,,
IT1:DF_DCSS_ISTR_LAV_PEN_2_TV_3(1.0),A,082079,RESPOP_AV,T,Y15-24,TOTAL,ALL,99,ALL,ALL,2021,2275,,,,,,,,ALL_N1,99_N1,,,,,,
IT1:DF_DCSS_ISTR_LAV_PEN_2_TV_3(1.0),A,082079,RESPOP_AV,T,Y15-24,TOTAL,ALL,99,ALL,ALL,2022,2275,,,,,,,,ALL_N1,99_N1,,,,,,
IT1:DF_DCSS_ISTR_LAV_PEN_2_TV_3(1.0),A,082079,RESPOP_AV,T,Y15-24,TOTAL,ALL,99,ALL,ALL,2023,2313,,,,,,,,ALL_N1,99_N1,,,,,,
IT1:DF_DCSS_ISTR_LAV_PEN_2_TV_3(1.0),A,082079,RESPOP_AV,T,Y15-24,TOTAL,ALL,99,ALL,ALL,2024,2326,,,,,,,,ALL_N1,99_N1,,,,,,
IT1:DF_DCSS_ISTR_LAV_PEN_2_TV_3(1.0),A,082079,RESPOP_AV,T,Y25-49,TOTAL,ALL,1,ALL,ALL,2018,2998,,,,,,,,ALL_N1,,,,,,,
IT1:DF_DCSS_ISTR_LAV_PEN_2_TV_3(1.0),A,082079,RESPOP_AV,T,Y25-49,TOTAL,ALL,1,ALL,ALL,2019,3017,,,,,,,,ALL_N1,,,,,,,
IT1:DF_DCSS_ISTR_LAV_PEN_2_TV_3(1.0),A,082079,RESPOP_AV,T,Y25-49,TOTAL,ALL,1,ALL,ALL,2021,3257,,,,,,,,ALL_N1,,,,,,,
IT1:DF_DCSS_ISTR_LAV_PEN_2_TV_3(1.0),A,082079,RESPOP_AV,T,Y25-49,TOTAL,ALL,1,ALL,ALL,2022,3149,,,,,,,,ALL_N1,,,,,,,
IT1:DF_DCSS_ISTR_LAV_PEN_2_TV_3(1.0),A,082079,RESPOP_AV,T,Y25-49,TOTAL,ALL,1,ALL,ALL,2023,3107,,,,,,,,ALL_N1,,,,,,,
IT1:DF_DCSS_ISTR_LAV_PEN_2_TV_3(1.0),A,082079,RESPOP_AV,T,Y25-49,TOTAL,ALL,1,ALL,ALL,2024,3198,,,,,,,,ALL_N1,,,,,,,
IT1:DF_DCSS_ISTR_LAV_PEN_2_TV_3(1.0),A,082079,RESPOP_AV,T,Y25-49,TOTAL,ALL,12,ALL,ALL,2018,1363,,,,,,,,ALL_N1,,,,,,,
IT1:DF_DCSS_ISTR_LAV_PEN_2_TV_3(1.0),A,082079,RESPOP_AV,T,Y25-49,TOTAL,ALL,12,ALL,ALL,2019,1369,,,,,,,,ALL_N1,,,,,,,
IT1:DF_DCSS_ISTR_LAV_PEN_2_TV_3(1.0),A,082079,RESPOP_AV,T,Y25-49,TOTAL,ALL,12,ALL,ALL,2021,747.098160982689,,,,,,,,ALL_N1,,,,,,,
IT1:DF_DCSS_ISTR_LAV_PEN_2_TV_3(1.0),A,082079,RESPOP_AV,T,Y25-49,TOTAL,ALL,12,ALL,ALL,2022,798.087232347255,,,,,,,,ALL_N1,,,,,,,
IT1:DF_DCSS_ISTR_LAV_PEN_2_TV_3(1.0),A,082079,RESPOP_AV,T,Y25-49,TOTAL,ALL,12,ALL,ALL,2023,706.8761667002206,,,,,,,,ALL_N1,,,,,,,
IT1:DF_DCSS_ISTR_LAV_PEN_2_TV_3(1.0),A,082079,RESPOP_AV,T,Y25-49,TOTAL,ALL,12,ALL,ALL,2024,592.6372323166676,,,,,,,,ALL_N1,,,,,,,
IT1:DF_DCSS_ISTR_LAV_PEN_2_TV_3(1.0),A,082079,RESPOP_AV,T,Y25-49,TOTAL,ALL,22,ALL,ALL,2018,4361,,,,,,,,ALL_N1,,,,,,,
IT1:DF_DCSS_ISTR_LAV_PEN_2_TV_3(1.0),A,082079,RESPOP_AV,T,Y25-49,TOTAL,ALL,22,ALL,ALL,2019,4386,,,,,,,,ALL_N1,,,,,,,
IT1:DF_DCSS_ISTR_LAV_PEN_2_TV_3(1.0),A,082079,RESPOP_AV,T,Y25-49,TOTAL,ALL,22,ALL,ALL,2021,4004.09816098269,,,,,,,,ALL_N1,,,,,,,
IT1:DF_DCSS_ISTR_LAV_PEN_2_TV_3(1.0),A,082079,RESPOP_AV,T,Y25-49,TOTAL,ALL,22,ALL,ALL,2022,3947.08723234725,,,,,,,,ALL_N1,,,,,,,
IT1:DF_DCSS_ISTR_LAV_PEN_2_TV_3(1.0),A,082079,RESPOP_AV,T,Y25-49,TOTAL,ALL,22,ALL,ALL,2023,3813.8761667002204,,,,,,,,ALL_N1,,,,,,,
IT1:DF_DCSS_ISTR_LAV_PEN_2_TV_3(1.0),A,082079,RESPOP_AV,T,Y25-49,TOTAL,ALL,22,ALL,ALL,2024,3790.6372323166675,,,,,,,,ALL_N1,,,,,,,
IT1:DF_DCSS_ISTR_LAV_PEN_2_TV_3(1.0),A,082079,RESPOP_AV,T,Y25-49,TOTAL,ALL,23,ALL,ALL,2018,2620,,,,,,,,ALL_N1,,,,,,,
IT1:DF_DCSS_ISTR_LAV_PEN_2_TV_3(1.0),A,082079,RESPOP_AV,T,Y25-49,TOTAL,ALL,23,ALL,ALL,2019,2481,,,,,,,,ALL_N1,,,,,,,
IT1:DF_DCSS_ISTR_LAV_PEN_2_TV_3(1.0),A,082079,RESPOP_AV,T,Y25-49,TOTAL,ALL,23,ALL,ALL,2021,2735.90183901731,,,,,,,,ALL_N1,,,,,,,
IT1:DF_DCSS_ISTR_LAV_PEN_2_TV_3(1.0),A,082079,RESPOP_AV,T,Y25-49,TOTAL,ALL,23,ALL,ALL,2022,2607.91276765275,,,,,,,,ALL_N1,,,,,,,
IT1:DF_DCSS_ISTR_LAV_PEN_2_TV_3(1.0),A,082079,RESPOP_AV,T,Y25-49,TOTAL,ALL,23,ALL,ALL,2023,2540.123833299779,,,,,,,,ALL_N1,,,,,,,
IT1:DF_DCSS_ISTR_LAV_PEN_2_TV_3(1.0),A,082079,RESPOP_AV,T,Y25-49,TOTAL,ALL,23,ALL,ALL,2024,2420.3627676833325,,,,,,,,ALL_N1,,,,,,,
IT1:DF_DCSS_ISTR_LAV_PEN_2_TV_3(1.0),A,082079,RESPOP_AV,T,Y25-49,TOTAL,ALL,24,ALL,ALL,2018,49,,,,,,,,ALL_N1,,,,,,,
IT1:DF_DCSS_ISTR_LAV_PEN_2_TV_3(1.0),A,082079,RESPOP_AV,T,Y25-49,TOTAL,ALL,24,ALL,ALL,2019,53,,,,,,,,ALL_N1,,,,,,,
IT1:DF_DCSS_ISTR_LAV_PEN_2_TV_3(1.0),A,082079,RESPOP_AV,T,Y25-49,TOTAL,ALL,24,ALL,ALL,2021,56.8284216526884,,,,,,,,ALL_N1,,,,,,,
IT1:DF_DCSS_ISTR_LAV_PEN_2_TV_3(1.0),A,082079,RESPOP_AV,T,Y25-49,TOTAL,ALL,24,ALL,ALL,2022,37.2366323218463,,,,,,,,ALL_N1,,,,,,,
IT1:DF_DCSS_ISTR_LAV_PEN_2_TV_3(1.0),A,082079,RESPOP_AV,T,Y25-49,TOTAL,ALL,24,ALL,ALL,2023,34.844606305216665,,,,,,,,ALL_N1,,,,,,,
IT1:DF_DCSS_ISTR_LAV_PEN_2_TV_3(1.0),A,082079,RESPOP_AV,T,Y25-49,TOTAL,ALL,24,ALL,ALL,2024,55.706627041458084,,,,,,,,ALL_N1,,,,,,,
IT1:DF_DCSS_ISTR_LAV_PEN_2_TV_3(1.0),A,082079,RESPOP_AV,T,Y25-49,TOTAL,ALL,4,ALL,ALL,2018,1827,,,,,,,,ALL_N1,,,,,,,
IT1:DF_DCSS_ISTR_LAV_PEN_2_TV_3(1.0),A,082079,RESPOP_AV,T,Y25-49,TOTAL,ALL,4,ALL,ALL,2019,1788,,,,,,,,ALL_N1,,,,,,,
IT1:DF_DCSS_ISTR_LAV_PEN_2_TV_3(1.0),A,082079,RESPOP_AV,T,Y25-49,TOTAL,ALL,4,ALL,ALL,2021,1909.29714936608,,,,,,,,ALL_N1,,,,,,,
IT1:DF_DCSS_ISTR_LAV_PEN_2_TV_3(1.0),A,082079,RESPOP_AV,T,Y25-49,TOTAL,ALL,4,ALL,ALL,2022,1743.79838596779,,,,,,,,ALL_N1,,,,,,,
IT1:DF_DCSS_ISTR_LAV_PEN_2_TV_3(1.0),A,082079,RESPOP_AV,T,Y25-49,TOTAL,ALL,4,ALL,ALL,2023,1740.518520459212,,,,,,,,ALL_N1,,,,,,,
IT1:DF_DCSS_ISTR_LAV_PEN_2_TV_3(1.0),A,082079,RESPOP_AV,T,Y25-49,TOTAL,ALL,4,ALL,ALL,2024,1595.5057315007082,,,,,,,,ALL_N1,,,,,,,
IT1:DF_DCSS_ISTR_LAV_PEN_2_TV_3(1.0),A,082079,RESPOP_AV,T,Y25-49,TOTAL,ALL,5,ALL,ALL,2018,144,,,,,,,,ALL_N1,,,,,,,
IT1:DF_DCSS_ISTR_LAV_PEN_2_TV_3(1.0),A,082079,RESPOP_AV,T,Y25-49,TOTAL,ALL,5,ALL,ALL,2019,143,,,,,,,,ALL_N1,,,,,,,
IT1:DF_DCSS_ISTR_LAV_PEN_2_TV_3(1.0),A,082079,RESPOP_AV,T,Y25-49,TOTAL,ALL,5,ALL,ALL,2021,154.649563359125,,,,,,,,ALL_N1,,,,,,,
IT1:DF_DCSS_ISTR_LAV_PEN_2_TV_3(1.0),A,082079,RESPOP_AV,T,Y25-49,TOTAL,ALL,5,ALL,ALL,2022,186.631258773669,,,,,,,,ALL_N1,,,,,,,
IT1:DF_DCSS_ISTR_LAV_PEN_2_TV_3(1.0),A,082079,RESPOP_AV,T,Y25-49,TOTAL,ALL,5,ALL,ALL,2023,129.77249244811188,,,,,,,,ALL_N1,,,,,,,
IT1:DF_DCSS_ISTR_LAV_PEN_2_TV_3(1.0),A,082079,RESPOP_AV,T,Y25-49,TOTAL,ALL,5,ALL,ALL,2024,147.14813111363907,,,,,,,,ALL_N1,,,,,,,
IT1:DF_DCSS_ISTR_LAV_PEN_2_TV_3(1.0),A,082079,RESPOP_AV,T,Y25-49,TOTAL,ALL,7,ALL,ALL,2018,600,,,,,,,,ALL_N1,,,,,,,
IT1:DF_DCSS_ISTR_LAV_PEN_2_TV_3(1.0),A,082079,RESPOP_AV,T,Y25-49,TOTAL,ALL,7,ALL,ALL,2019,497,,,,,,,,ALL_N1,,,,,,,
IT1:DF_DCSS_ISTR_LAV_PEN_2_TV_3(1.0),A,082079,RESPOP_AV,T,Y25-49,TOTAL,ALL,7,ALL,ALL,2021,615.126704639421,,,,,,,,ALL_N1,,,,,,,
IT1:DF_DCSS_ISTR_LAV_PEN_2_TV_3(1.0),A,082079,RESPOP_AV,T,Y25-49,TOTAL,ALL,7,ALL,ALL,2022,640.246490589439,,,,,,,,ALL_N1,,,,,,,
IT1:DF_DCSS_ISTR_LAV_PEN_2_TV_3(1.0),A,082079,RESPOP_AV,T,Y25-49,TOTAL,ALL,7,ALL,ALL,2023,634.9882140872386,,,,,,,,ALL_N1,,,,,,,
IT1:DF_DCSS_ISTR_LAV_PEN_2_TV_3(1.0),A,082079,RESPOP_AV,T,Y25-49,TOTAL,ALL,7,ALL,ALL,2024,622.0022780275272,,,,,,,,ALL_N1,,,,,,,
IT1:DF_DCSS_ISTR_LAV_PEN_2_TV_3(1.0),A,082079,RESPOP_AV,T,Y25-49,TOTAL,ALL,99,ALL,ALL,2018,6981,,,,,,,,ALL_N1,99_N1,,,,,,
IT1:DF_DCSS_ISTR_LAV_PEN_2_TV_3(1.0),A,082079,RESPOP_AV,T,Y25-49,TOTAL,ALL,99,ALL,ALL,2019,6867,,,,,,,,ALL_N1,99_N1,,,,,,
IT1:DF_DCSS_ISTR_LAV_PEN_2_TV_3(1.0),A,082079,RESPOP_AV,T,Y25-49,TOTAL,ALL,99,ALL,ALL,2020,6749,,,,,,,,ALL_N1,99_N1,,,,,,
IT1:DF_DCSS_ISTR_LAV_PEN_2_TV_3(1.0),A,082079,RESPOP_AV,T,Y25-49,TOTAL,ALL,99,ALL,ALL,2021,6740,,,,,,,,ALL_N1,99_N1,,,,,,
IT1:DF_DCSS_ISTR_LAV_PEN_2_TV_3(1.0),A,082079,RESPOP_AV,T,Y25-49,TOTAL,ALL,99,ALL,ALL,2022,6555,,,,,,,,ALL_N1,99_N1,,,,,,
IT1:DF_DCSS_ISTR_LAV_PEN_2_TV_3(1.0),A,082079,RESPOP_AV,T,Y25-49,TOTAL,ALL,99,ALL,ALL,2023,6354,,,,,,,,ALL_N1,99_N1,,,,,,
IT1:DF_DCSS_ISTR_LAV_PEN_2_TV_3(1.0),A,082079,RESPOP_AV,T,Y25-49,TOTAL,ALL,99,ALL,ALL,2024,6211,,,,,,,,ALL_N1,99_N1,,,,,,
IT1:DF_DCSS_ISTR_LAV_PEN_2_TV_3(1.0),A,082079,RESPOP_AV,T,Y50-64,TOTAL,ALL,1,ALL,ALL,2018,1476,,,,,,,,ALL_N1,,,,,,,
IT1:DF_DCSS_ISTR_LAV_PEN_2_TV_3(1.0),A,082079,RESPOP_AV,T,Y50-64,TOTAL,ALL,1,ALL,ALL,2019,1575,,,,,,,,ALL_N1,,,,,,,
IT1:DF_DCSS_ISTR_LAV_PEN_2_TV_3(1.0),A,082079,RESPOP_AV,T,Y50-64,TOTAL,ALL,1,ALL,ALL,2021,1676,,,,,,,,ALL_N1,,,,,,,
IT1:DF_DCSS_ISTR_LAV_PEN_2_TV_3(1.0),A,082079,RESPOP_AV,T,Y50-64,TOTAL,ALL,1,ALL,ALL,2022,1703,,,,,,,,ALL_N1,,,,,,,
IT1:DF_DCSS_ISTR_LAV_PEN_2_TV_3(1.0),A,082079,RESPOP_AV,T,Y50-64,TOTAL,ALL,1,ALL,ALL,2023,1735,,,,,,,,ALL_N1,,,,,,,
IT1:DF_DCSS_ISTR_LAV_PEN_2_TV_3(1.0),A,082079,RESPOP_AV,T,Y50-64,TOTAL,ALL,1,ALL,ALL,2024,1862,,,,,,,,ALL_N1,,,,,,,
IT1:DF_DCSS_ISTR_LAV_PEN_2_TV_3(1.0),A,082079,RESPOP_AV,T,Y50-64,TOTAL,ALL,12,ALL,ALL,2018,444,,,,,,,,ALL_N1,,,,,,,
IT1:DF_DCSS_ISTR_LAV_PEN_2_TV_3(1.0),A,082079,RESPOP_AV,T,Y50-64,TOTAL,ALL,12,ALL,ALL,2019,457,,,,,,,,ALL_N1,,,,,,,
IT1:DF_DCSS_ISTR_LAV_PEN_2_TV_3(1.0),A,082079,RESPOP_AV,T,Y50-64,TOTAL,ALL,12,ALL,ALL,2021,268.525451290279,,,,,,,,ALL_N1,,,,,,,
IT1:DF_DCSS_ISTR_LAV_PEN_2_TV_3(1.0),A,082079,RESPOP_AV,T,Y50-64,TOTAL,ALL,12,ALL,ALL,2022,278.63477582726,,,,,,,,ALL_N1,,,,,,,
IT1:DF_DCSS_ISTR_LAV_PEN_2_TV_3(1.0),A,082079,RESPOP_AV,T,Y50-64,TOTAL,ALL,12,ALL,ALL,2023,275.15406402905955,,,,,,,,ALL_N1,,,,,,,
IT1:DF_DCSS_ISTR_LAV_PEN_2_TV_3(1.0),A,082079,RESPOP_AV,T,Y50-64,TOTAL,ALL,12,ALL,ALL,2024,239.36963457637648,,,,,,,,ALL_N1,,,,,,,
IT1:DF_DCSS_ISTR_LAV_PEN_2_TV_3(1.0),A,082079,RESPOP_AV,T,Y50-64,TOTAL,ALL,22,ALL,ALL,2018,1920,,,,,,,,ALL_N1,,,,,,,
IT1:DF_DCSS_ISTR_LAV_PEN_2_TV_3(1.0),A,082079,RESPOP_AV,T,Y50-64,TOTAL,ALL,22,ALL,ALL,2019,2032,,,,,,,,ALL_N1,,,,,,,
IT1:DF_DCSS_ISTR_LAV_PEN_2_TV_3(1.0),A,082079,RESPOP_AV,T,Y50-64,TOTAL,ALL,22,ALL,ALL,2021,1944.52545129028,,,,,,,,ALL_N1,,,,,,,
IT1:DF_DCSS_ISTR_LAV_PEN_2_TV_3(1.0),A,082079,RESPOP_AV,T,Y50-64,TOTAL,ALL,22,ALL,ALL,2022,1981.63477582726,,,,,,,,ALL_N1,,,,,,,
IT1:DF_DCSS_ISTR_LAV_PEN_2_TV_3(1.0),A,082079,RESPOP_AV,T,Y50-64,TOTAL,ALL,22,ALL,ALL,2023,2010.1540640290596,,,,,,,,ALL_N1,,,,,,,
IT1:DF_DCSS_ISTR_LAV_PEN_2_TV_3(1.0),A,082079,RESPOP_AV,T,Y50-64,TOTAL,ALL,22,ALL,ALL,2024,2101.3696345763765,,,,,,,,ALL_N1,,,,,,,
IT1:DF_DCSS_ISTR_LAV_PEN_2_TV_3(1.0),A,082079,RESPOP_AV,T,Y50-64,TOTAL,ALL,23,ALL,ALL,2018,1862,,,,,,,,ALL_N1,,,,,,,
IT1:DF_DCSS_ISTR_LAV_PEN_2_TV_3(1.0),A,082079,RESPOP_AV,T,Y50-64,TOTAL,ALL,23,ALL,ALL,2019,1831,,,,,,,,ALL_N1,,,,,,,
IT1:DF_DCSS_ISTR_LAV_PEN_2_TV_3(1.0),A,082079,RESPOP_AV,T,Y50-64,TOTAL,ALL,23,ALL,ALL,2021,2084.47454870972,,,,,,,,ALL_N1,,,,,,,
IT1:DF_DCSS_ISTR_LAV_PEN_2_TV_3(1.0),A,082079,RESPOP_AV,T,Y50-64,TOTAL,ALL,23,ALL,ALL,2022,2121.36522417274,,,,,,,,ALL_N1,,,,,,,
IT1:DF_DCSS_ISTR_LAV_PEN_2_TV_3(1.0),A,082079,RESPOP_AV,T,Y50-64,TOTAL,ALL,23,ALL,ALL,2023,2137.8459359709404,,,,,,,,ALL_N1,,,,,,,
IT1:DF_DCSS_ISTR_LAV_PEN_2_TV_3(1.0),A,082079,RESPOP_AV,T,Y50-64,TOTAL,ALL,23,ALL,ALL,2024,2093.630365423623,,,,,,,,ALL_N1,,,,,,,
IT1:DF_DCSS_ISTR_LAV_PEN_2_TV_3(1.0),A,082079,RESPOP_AV,T,Y50-64,TOTAL,ALL,24,ALL,ALL,2018,189,,,,,,,,ALL_N1,,,,,,,
IT1:DF_DCSS_ISTR_LAV_PEN_2_TV_3(1.0),A,082079,RESPOP_AV,T,Y50-64,TOTAL,ALL,24,ALL,ALL,2019,197,,,,,,,,ALL_N1,,,,,,,
IT1:DF_DCSS_ISTR_LAV_PEN_2_TV_3(1.0),A,082079,RESPOP_AV,T,Y50-64,TOTAL,ALL,24,ALL,ALL,2021,219.716385089078,,,,,,,,ALL_N1,,,,,,,
IT1:DF_DCSS_ISTR_LAV_PEN_2_TV_3(1.0),A,082079,RESPOP_AV,T,Y50-64,TOTAL,ALL,24,ALL,ALL,2022,152.387632233516,,,,,,,,ALL_N1,,,,,,,
IT1:DF_DCSS_ISTR_LAV_PEN_2_TV_3(1.0),A,082079,RESPOP_AV,T,Y50-64,TOTAL,ALL,24,ALL,ALL,2023,141.2616480762804,,,,,,,,ALL_N1,,,,,,,
IT1:DF_DCSS_ISTR_LAV_PEN_2_TV_3(1.0),A,082079,RESPOP_AV,T,Y50-64,TOTAL,ALL,24,ALL,ALL,2024,163.40053283455728,,,,,,,,ALL_N1,,,,,,,
IT1:DF_DCSS_ISTR_LAV_PEN_2_TV_3(1.0),A,082079,RESPOP_AV,T,Y50-64,TOTAL,ALL,4,ALL,ALL,2018,1310,,,,,,,,ALL_N1,,,,,,,
IT1:DF_DCSS_ISTR_LAV_PEN_2_TV_3(1.0),A,082079,RESPOP_AV,T,Y50-64,TOTAL,ALL,4,ALL,ALL,2019,1312,,,,,,,,ALL_N1,,,,,,,
IT1:DF_DCSS_ISTR_LAV_PEN_2_TV_3(1.0),A,082079,RESPOP_AV,T,Y50-64,TOTAL,ALL,4,ALL,ALL,2021,1436.37685991692,,,,,,,,ALL_N1,,,,,,,
IT1:DF_DCSS_ISTR_LAV_PEN_2_TV_3(1.0),A,082079,RESPOP_AV,T,Y50-64,TOTAL,ALL,4,ALL,ALL,2022,1466.5555795716,,,,,,,,ALL_N1,,,,,,,
IT1:DF_DCSS_ISTR_LAV_PEN_2_TV_3(1.0),A,082079,RESPOP_AV,T,Y50-64,TOTAL,ALL,4,ALL,ALL,2023,1481.7355268839647,,,,,,,,ALL_N1,,,,,,,
IT1:DF_DCSS_ISTR_LAV_PEN_2_TV_3(1.0),A,082079,RESPOP_AV,T,Y50-64,TOTAL,ALL,4,ALL,ALL,2024,1434.256594908437,,,,,,,,ALL_N1,,,,,,,
IT1:DF_DCSS_ISTR_LAV_PEN_2_TV_3(1.0),A,082079,RESPOP_AV,T,Y50-64,TOTAL,ALL,5,ALL,ALL,2018,1,,,,,,,,ALL_N1,,,,,,,
IT1:DF_DCSS_ISTR_LAV_PEN_2_TV_3(1.0),A,082079,RESPOP_AV,T,Y50-64,TOTAL,ALL,5,ALL,ALL,2019,1,,,,,,,,ALL_N1,,,,,,,
IT1:DF_DCSS_ISTR_LAV_PEN_2_TV_3(1.0),A,082079,RESPOP_AV,T,Y50-64,TOTAL,ALL,5,ALL,ALL,2021,2.65804797757113,,,,,,,,ALL_N1,,,,,,,
IT1:DF_DCSS_ISTR_LAV_PEN_2_TV_3(1.0),A,082079,RESPOP_AV,T,Y50-64,TOTAL,ALL,5,ALL,ALL,2022,4.47555375984058,,,,,,,,ALL_N1,,,,,,,
IT1:DF_DCSS_ISTR_LAV_PEN_2_TV_3(1.0),A,082079,RESPOP_AV,T,Y50-64,TOTAL,ALL,5,ALL,ALL,2023,3.4930093897928542,,,,,,,,ALL_N1,,,,,,,
IT1:DF_DCSS_ISTR_LAV_PEN_2_TV_3(1.0),A,082079,RESPOP_AV,T,Y50-64,TOTAL,ALL,5,ALL,ALL,2024,6.443906504543478,,,,,,,,ALL_N1,,,,,,,
IT1:DF_DCSS_ISTR_LAV_PEN_2_TV_3(1.0),A,082079,RESPOP_AV,T,Y50-64,TOTAL,ALL,7,ALL,ALL,2018,362,,,,,,,,ALL_N1,,,,,,,
IT1:DF_DCSS_ISTR_LAV_PEN_2_TV_3(1.0),A,082079,RESPOP_AV,T,Y50-64,TOTAL,ALL,7,ALL,ALL,2019,321,,,,,,,,ALL_N1,,,,,,,
IT1:DF_DCSS_ISTR_LAV_PEN_2_TV_3(1.0),A,082079,RESPOP_AV,T,Y50-64,TOTAL,ALL,7,ALL,ALL,2021,425.723255726157,,,,,,,,ALL_N1,,,,,,,
IT1:DF_DCSS_ISTR_LAV_PEN_2_TV_3(1.0),A,082079,RESPOP_AV,T,Y50-64,TOTAL,ALL,7,ALL,ALL,2022,497.946458607779,,,,,,,,ALL_N1,,,,,,,
IT1:DF_DCSS_ISTR_LAV_PEN_2_TV_3(1.0),A,082079,RESPOP_AV,T,Y50-64,TOTAL,ALL,7,ALL,ALL,2023,511.3557516209023,,,,,,,,ALL_N1,,,,,,,
IT1:DF_DCSS_ISTR_LAV_PEN_2_TV_3(1.0),A,082079,RESPOP_AV,T,Y50-64,TOTAL,ALL,7,ALL,ALL,2024,489.5293311760856,,,,,,,,ALL_N1,,,,,,,
IT1:DF_DCSS_ISTR_LAV_PEN_2_TV_3(1.0),A,082079,RESPOP_AV,T,Y50-64,TOTAL,ALL,99,ALL,ALL,2018,3782,,,,,,,,ALL_N1,99_N1,,,,,,
IT1:DF_DCSS_ISTR_LAV_PEN_2_TV_3(1.0),A,082079,RESPOP_AV,T,Y50-64,TOTAL,ALL,99,ALL,ALL,2019,3863,,,,,,,,ALL_N1,99_N1,,,,,,
IT1:DF_DCSS_ISTR_LAV_PEN_2_TV_3(1.0),A,082079,RESPOP_AV,T,Y50-64,TOTAL,ALL,99,ALL,ALL,2020,3897,,,,,,,,ALL_N1,99_N1,,,,,,
IT1:DF_DCSS_ISTR_LAV_PEN_2_TV_3(1.0),A,082079,RESPOP_AV,T,Y50-64,TOTAL,ALL,99,ALL,ALL,2021,4029,,,,,,,,ALL_N1,99_N1,,,,,,
IT1:DF_DCSS_ISTR_LAV_PEN_2_TV_3(1.0),A,082079,RESPOP_AV,T,Y50-64,TOTAL,ALL,99,ALL,ALL,2022,4103,,,,,,,,ALL_N1,99_N1,,,,,,
IT1:DF_DCSS_ISTR_LAV_PEN_2_TV_3(1.0),A,082079,RESPOP_AV,T,Y50-64,TOTAL,ALL,99,ALL,ALL,2023,4148,,,,,,,,ALL_N1,99_N1,,,,,,
IT1:DF_DCSS_ISTR_LAV_PEN_2_TV_3(1.0),A,082079,RESPOP_AV,T,Y50-64,TOTAL,ALL,99,ALL,ALL,2024,4195,,,,,,,,ALL_N1,99_N1,,,,,,
